query,title,url,source,published_date,collected_at,search_intent,is_state_and_cities,is_noise,row_type,real_url
cyber fraud Tripura,Tripura Sees Surge in Cyber Crime Cases Over Three Years - The News Mill,https://news.google.com/rss/articles/CBMimgFBVV95cUxPa2YtNEdJdk1uSEtpZDVDZWo2c0Z4VE9FdFhpZ0tNbHk5elFRVzNLMFFybGxsaHpkYVZLejVjU3hZd2s4dUpTYWV5QkF6Z2p2SG1wdmEtV3c0a08zdUthdHh0Z0xhOTZVNVk3anFiZUFubUNwR29ZSGtrYnA4d0haa284cTJFb2t4NnhnU2Rfd2ZDV2RiZ0tJaXp3?oc=5,The News Mill,"Sun, 14 Jun 2026 00:42:13 GMT",2026-06-14T20:33:54.515373,cyber_fraud,True,False,candidate,https://thenewsmill.com/2026/03/cyber-crime-cases-and-losses-rise-over-three-years-in-tripura/
cyber fraud Tripura,4 held from Tripura for cloning WhatsApp a/cs on 2 devices for global cyber scams - The Times of India,https://news.google.com/rss/articles/CBMi6wFBVV95cUxQRGVDSVpFbGxMajRHNWUtZFJFbWpyajY4RUxvalc5N2ZjOVhxeDl5aXpJYmI4UFNtQWRiTWtVYkM2eGhMNXh4SlkzYjRNc2s5WUc2LURDSG5wemJMY0t2c3BCR2dIZzM4QzhFM2U0YnBUOC1rYkd1eTZBYkdWaDE4ZjEyX0EwY05GUms5RVVrNXVsYzlVUU90b2FXTG9nZlZVaVlPMXJxY1FXVHBYUUlPa2ZfZVV1NEYwVjd4bkpsWHBPdm05bHBSZjVxcXg3SE1qTzZDNVI3WlVmYWdqVDVOTWNiTm9lYWhZQ3Vn0gHwAUFVX3lxTE0tRkFUMHpycVBWaGFicE1vZTY0aXlIRy1OYmRaQzdHdWp6SG9QVWtZcGNIUWhZQ0wya0ZZakt0dUVoZm9rcENRSkY5TVJ6R290QmkzYnJMUzFVbC0wcmJtZTB6dnY2STJaSVNwLXhJeVdIMWN4WHFaWmdNaFhqczk1bFNfTXdUS2FQYnI2N2tUaDE1R1VZTWZJQWJPMUV2c0RIUGs4TnphTXl2LTE1WXB1TlBrVzd6OVFtaWV0dE9ob2hIU3lNeVZQTEx2d2pYVnVETGlRT040QlhadGN3X3NlNnhic3FhZEZ6N01DNmZ1aA?oc=5,The Times of India,"Fri, 08 May 2026 07:00:00 GMT",2026-06-14T20:33:54.515431,cyber_fraud,True,False,candidate,https://timesofindia.indiatimes.com/city/mumbai/4-held-from-tripura-for-cloning-whatsapp-a/cs-on-2-devices-for-global-cyber-scams/articleshow/130865003.cms
cyber fraud Tripura,CBI nabs key accused in SIM-based cyber fraud case - Tripuratimes,https://news.google.com/rss/articles/CBMimgFBVV95cUxNcENGNFJFNkoyWFgtcThEZUxEWS1nZkhIVzgyeUkwV3R2NTJXMlhwNTZmTnJIV1IyTVcxZDdPb3NuWFNCSjkzNnpvNHhReld2Z3AtZkhCUWpXUTVVbnhuTlE4UmNmaFlzd0J3NktEMkxxTXhLRDZBUm5wQXgxbTlhX29WLTRPX3Jna3JDYVBJVWs4UGdEcHFHemZn?oc=5,Tripuratimes,"Mon, 20 Apr 2026 07:00:00 GMT",2026-06-14T20:33:54.515449,cyber_fraud,True,False,candidate,https://tripuratimes.com/ttimes/cbi-nabs-key-accused-in-sim-based-cyber-fraud-case-36602.html/
cyber fraud Tripura,"Teachers, students roped in as Tripura police roll out ‘Cyber Yodha’ campaign | India News - Hindustan Times",https://news.google.com/rss/articles/CBMi0wFBVV95cUxQZjV3WW5BRFRBUHdvNmtCc01xX1VRZVY0VkNCXzN4bEVlbjhEeVJlZ01vNG9Jbkk2S3JydTBpdGg0MWFRaWtxdXA2bTlGbkRmTHlfOU90SXJqc2tnMTdoUzE3Y1h4TFBPVDhHSHNJbDNmWGRHZTBvTmtSc1Y5d2cxRzZkYmRNWjJIVk1vOExuTGpOLWppR0owa0Z6MUdFTV9iR2VxSV9nckRfOTBsSlVUMmJfQ0x1cUlrWnZDYkUtdVZRa3FUWUFnbGhON2lQQmVzX0w40gHYAUFVX3lxTE16RlJHS09FRC1EY05ndVROZEhKWnUzNFBFQ3RNaWV2OGtxYk84WTBnbndJZS1iT2RrVHBxQk5wR3B1X1ZWV3haN2l0Y05QOVloYVU0NFVZUVA3UXA3MXVZREZBWjU4WS0yUFNXTGx5UU5WSnFmeG0tZzJDMGZURG4yendPMW1KampjYmZuMFFVUE9DQnRNbWNvamIwS0dOS1FQOGRLcnJqblkxTFd2REhNRXNsdVJDaFlfSnp1WGU1bzR5c25aM19oTmdLcGhBVDI1anpDRTJ0Zw?oc=5,Hindustan Times,"Thu, 05 Feb 2026 08:00:00 GMT",2026-06-14T20:33:54.515463,cyber_fraud,True,False,candidate,https://www.hindustantimes.com/india-news/teachers-students-roped-in-as-tripura-police-roll-out-cyber-yodha-campaign-101770289655026.html
cyber fraud Tripura,Cyber fraud in Tripura crosses 51 crore; DGP urges public vigilance amid rising national threat - Tripura Chronicle,https://news.google.com/rss/articles/CBMizwFBVV95cUxPazNQRTNmR2N2WUhKMlVNQldadUtxaWNkV0xWZ3g2QjNSaUdZZzFXS1U2UHg4QzJBcE1DMlVabE8xNlNkOWFDNDJRVnRnVDNMblcwcUxyRjVfcmtuZmg0aFpyVWlfWm5iUGUwSnNFODgzNlVWYUE5WTNZR0tfd3J4VFB5eXFiMmZYd3pCaGdiMzhFN2ZIaDFCc01YcDJ5M1M1ZVBVR3RRaVVqMVVZclN3elhKY1ptSFdOZkdTY0lRLWNqQjJNQVJhazR0X2ZqczQ?oc=5,Tripura Chronicle,"Sat, 30 Aug 2025 07:00:00 GMT",2026-06-14T20:33:54.515490,cyber_fraud,True,False,candidate,https://tripurachronicle.in/local-news/cyber-fraud-in-tripura-crosses-51-crore-dgp-urges-public-vigilance-amid-rising-national-threat/
cyber fraud Tripura,"""Fake Traffic-Challan Through WhatsApp: Cyber Fraud Cases Surge Across Tripura, India"" - TRIPURAINFO",https://news.google.com/rss/articles/CBMiqwFBVV95cUxQV19CYldOQW5oNWlZczZ2Z1BfZWRSQmNvcU1tUTFXOEpDRVRTZVlGLWYzQmQ3cHI3aGs3NDhOdXZkRkwxM1VqSm1qb201N200aElFYzNjUmtiZHJKWFpsQVhDU2ZkdV9nVlhRaktNbFRKOUw2UVh1bUJVNmRPbDRzckIyemhRMnNvRHhicmtoQUZ6dVJ5Y0tleGdvQm5YTnJCckNlNWI2YlV4RHc?oc=5,TRIPURAINFO,"Wed, 26 Nov 2025 08:00:00 GMT",2026-06-14T20:33:54.515503,cyber_fraud,True,False,candidate,https://tripurainfo.com/TripuraArticle/TRIPURAINFO-English-Article-By-Santosh-Kumar-162-26-11-2025-162.html
cyber fraud Tripura,Tripura Police recover ₹7 crore in bank fraud case; cashier arrested - The Hindu,https://news.google.com/rss/articles/CBMizgFBVV95cUxQZzdlQXRNZlMzR2xiNHNmWlhuUkFITlpBMjUxUTJWRzlRanZpLXVsSEJDSERBdlBVUzdHaGsxNFU4cXVtMWlyTzFZaVNUQTB3Z0R2TUZ2NzkzVzR4R0MtZkNlaXFDZ2FwakNYUzRoOUZmSEkydEZCaDBINDFuaEhrYk5pRm0wVktuVjBrRlBwTTdnanZzVkQtbEtEZVRJanNDWFBrQURwY3RldzlPejdDMzIwYnc2U3g2bGhTVW8zR2NBRU5LdXQ0b3hUeEdvd9IB1AFBVV95cUxOazZDeVlEVGdlbmZjNDJBTFRqcE5zcjNsc015WEU0X1pzSWZCVTZMdWxmZjZiMVB4Sl90bTJsckFETW53YUJNemZUUU1qT1pNRDJHSVhXekNWZlBLckMyMXRBeU1QXzVQNm5QVTNDOXFGYW5VNm9MTkRxUkx4YWg3SEdmWGxUaWVFdUJOUVZJVVRHSk51a1JFdV9ZM3VfM1pLNGtBa0QwNFh2R3drQ1VsSXJmYTYyZ3VjSXpVWlhzMWV5U1l3cjdGcjBOb0pIckxGMmpXVA?oc=5,The Hindu,"Sun, 14 Sep 2025 07:00:00 GMT",2026-06-14T20:33:54.515515,cyber_fraud,True,False,candidate,https://www.thehindu.com/news/national/tripura/tripura-police-recover-7-crore-in-bank-fraud-case-cashier-arrested/article70047017.ece
cyber fraud Tripura,"Tripura DGP Anurag Dhyankar warns people about cyberattacks, urges them not to fall for ‘unbelievably lucrative offers of financial gain’ - The Indian Express",https://news.google.com/rss/articles/CBMikgJBVV95cUxQZ3JoZU1TanBmdlo2cVJ5ZG15VXJSLVg1RUp3OUJTdGpDaEVTTjg4dXFqbjUxU3FucFFaLXZkZkVERWpvU3I5UzctRmlWVlVoVkJQNWc1V1E5RGlqN1lBZ2J0Q3YzY193NFZ6bkZlQVdjUE8ySDhZUTJpdndqODV0WXIwNXJUdmdfUldlV0N1czVRVzQ0NE9NQmI4dnpYdl9xRk43bzhqXzZKb1huQkJRdHhtVzdzVFpadldUUkV6U1k5RkhNcjhQd1lvM1QtRlVBaUswcUNrTzJkMVdWMmNOM0lCeEY4cEE3SUNKRVZ0RjZ1cDRxZ2w4akNxZVVrWk5zLUVlVU9SN1U0dTV5cU5ob3dn0gGYAkFVX3lxTE5rVkN2TE5vcHBjUzZzandQd1F4Z3pkeU1BVlBDbmdHRXZpc2tVbkpJcWJUTlB2cUNLMVpvcUJFV2U5NWhReGphYkZvSTVJTVgyMGx1R1E3ZndFZWlLSmpZMGRUNklPby1lZ1pjOVFhR0xlSVQwVGJsLW9UY0k3M2NFaWsxa3VFbW94M0NVdTdfc2VQTS0zaEJCZmNreGE2RklkeWdWTXhtXzY5bDRGRGhlbkpLZFFmbUphMlRZZXotUFkxZUdxOHFxUWZ3MXFPcG8zLVl6X0dSQk50NGZzZ25YeThjeUJFd1hQdW1JNEJWVl9KQzM4cW5WaEhCT0hfWmE2ZVZpSWVuUjlZeFVwR293eWJqdGdyRlk?oc=5,The Indian Express,"Sat, 30 Aug 2025 07:00:00 GMT",2026-06-14T20:33:54.515528,cyber_fraud,True,False,candidate,https://news.google.com/rss/articles/CBMikgJBVV95cUxQZ3JoZU1TanBmdlo2cVJ5ZG15VXJSLVg1RUp3OUJTdGpDaEVTTjg4dXFqbjUxU3FucFFaLXZkZkVERWpvU3I5UzctRmlWVlVoVkJQNWc1V1E5RGlqN1lBZ2J0Q3YzY193NFZ6bkZlQVdjUE8ySDhZUTJpdndqODV0WXIwNXJUdmdfUldlV0N1czVRVzQ0NE9NQmI4dnpYdl9xRk43bzhqXzZKb1huQkJRdHhtVzdzVFpadldUUkV6U1k5RkhNcjhQd1lvM1QtRlVBaUswcUNrTzJkMVdWMmNOM0lCeEY4cEE3SUNKRVZ0RjZ1cDRxZ2w4akNxZVVrWk5zLUVlVU9SN1U0dTV5cU5ob3dn0gGYAkFVX3lxTE5rVkN2TE5vcHBjUzZzandQd1F4Z3pkeU1BVlBDbmdHRXZpc2tVbkpJcWJUTlB2cUNLMVpvcUJFV2U5NWhReGphYkZvSTVJTVgyMGx1R1E3ZndFZWlLSmpZMGRUNklPby1lZ1pjOVFhR0xlSVQwVGJsLW9UY0k3M2NFaWsxa3VFbW94M0NVdTdfc2VQTS0zaEJCZmNreGE2RklkeWdWTXhtXzY5bDRGRGhlbkpLZFFmbUphMlRZZXotUFkxZUdxOHFxUWZ3MXFPcG8zLVl6X0dSQk50NGZzZ25YeThjeUJFd1hQdW1JNEJWVl9KQzM4cW5WaEhCT0hfWmE2ZVZpSWVuUjlZeFVwR293eWJqdGdyRlk?oc=5&hl=en-IN&gl=IN&ceid=IN:en
cyber fraud Tripura,"Tripura's Latest News, Views & IT Portal - TRIPURAINFOWAY",https://news.google.com/rss/articles/CBMivwFBVV95cUxNeWVDR1Y2VS05N25RTTRyLVJua011RERkSmlxcThUUDJLQkVQVlZBZEtoY2xlZ0VFNGM4dm9lRDBxYzFpYlVPOGJyN0ZheUdGU0RESEZWWExJblI2NlhxLUpLc2s4TDRXdzB0NmxIQ3lYa1Y0V09LUmtBU2ZQUGNHNzZMaUdibTUyQTg3eWphU1JRalY0dVhVRmMwMU5IU2VqMDJVX2ZfUzlCSlpqM3FJY1VvaWhGQ1Jzai1oUVMyTQ?oc=5,TRIPURAINFOWAY,"Sat, 28 Jun 2025 07:00:00 GMT",2026-06-14T20:33:54.515560,cyber_fraud,True,False,candidate,https://www.tripurainfoway.com/news-details/TN/192725/cm-inaugurated-first-ever-cyber-crime-police-station-in-tripura.html
cyber fraud Tripura,"Rs 51 cr scammed in cyber fraud, Rs 33 lac retrieved: Tripura DGP - Tripuratimes",https://news.google.com/rss/articles/CBMiqwFBVV95cUxQSktzc1J2MldHR19fczNGYU56SHF3ZDZiMFgxMGRRSzdOSnhFNDEtOVJkWmlpMTFjbUg0cG9pcEFIWEUyZ1lPNWpIcXB2WjQ1ZjltWDhSd1gyVndYVkVXQ2JJdlNNREh5dkVDbzZLeldia0sxVXhlZG5SNkdoUUZxQ2FJdzJjblhuU1ZyOHBjYlk3MWdkc09hZWg2cWF2UjdoOVNSVmFpN1RMdjg?oc=5,Tripuratimes,"Sat, 30 Aug 2025 07:00:00 GMT",2026-06-14T20:33:54.515576,cyber_fraud,True,False,candidate,https://tripuratimes.com/ttimes/rs-51-cr-scammed-in-cyber-fraud-rs-33-lac-retrieved-tripura-dgp-31017.html/
cyber fraud Tripura,Tripura Police uncover ₹47 crore digital fraud since 2021; ₹34 lakh returned: DGP | India News - Hindustan Times,https://news.google.com/rss/articles/CBMi0wFBVV95cUxNeEpoSnNGX1RiNXZxVnl0T0N4VGRiWmh6bzZ6cmQ3VmlwellnOVpZS1hPaVM3ZXhQaXpIcE5yZG5GZ2RDc3pDeUNMaHpFQkxiUl9BN3ZxLWo1LW04aDdjM2t3NTlFUmE3bE9uM1M2cnQxc0VIcDhsb2d4bzN4N3hhb0dCZnFWYjluRzhZeXNKWC02R1Rqcmt2ei13UkZsQzQ5MGpRWlJ0ZXFzWmhSV3pRZllBQ3FORU54SERPSFNWTzZyUmFnUkVyeEJjQUhyemJKalJF0gHYAUFVX3lxTE5XQ050TV9aOXNWWlNrRk00UmxsQkdpWTVnZ1gwMC02MUZTbVJZYWktZE52dlM4UUh3aFVjcE9scUJnV1pLVnhsUERMVFNTRXhmSW1GZEJKSmNFclZFbi1rZWhnVnNNcVhmVGI4Mkc3c2xTbTJUWHBPWnE0XzZkZTAxOFVhbEZkbW9JaEJVSnU3QUpiNWR5ZGxfUmZ0c2ZmYkd0ZzZLMlhNemRkV1F6d1RTQ0s1VTRkU004TFlrZFNMa01YSzRkRmc3elF2clNrWld1Q3hBZFhXaQ?oc=5,Hindustan Times,"Sun, 31 Aug 2025 07:00:00 GMT",2026-06-14T20:33:54.515589,cyber_fraud,True,False,candidate,https://www.hindustantimes.com/india-news/tripura-police-uncover-47-cr-digital-fraud-since-2021-34-lakh-returned-dgp-101756617445767.html
cyber fraud Tripura,NFSU Agartala Campus holds cyber crime workshop in collaboration with Vidya Bharati Shiksha Samity Tripura - Tripura Chronicle,https://news.google.com/rss/articles/CBMi3wFBVV95cUxOSTdiZlNDVkdNU3duNi1tWTlYblRLSFlLYTFxdUVITzNfaVJfMmJDT3hvVWVLekhyR3RUZEhvTldhRVNRTUU2TkhldkgtM2RTNXZJU3VpRVBvQWtON0d4c2oyV0c3MDBzbDU1MTlwdThad1Nsd1YyYzlfa3BIYzdpX3FheDZtdkFtYkJ6UmozbDBRMllES3JkNUgyTEhRRjZoYmpaY2JURno4QXEzUjcxUjBCck5fMlBSRW5yalUweG5zV0xWRFdIdDhEMzZFbTZDd3hmaTZIa01URGNYZHBz?oc=5,Tripura Chronicle,"Fri, 28 Nov 2025 14:27:16 GMT",2026-06-14T20:33:54.515602,cyber_fraud,True,False,candidate,https://tripurachronicle.in/local-news/nfsu-agartala-campus-holds-cyber-crime-workshop-in-collaboration-with-vidya-bharati-shiksha-samity-tripura/
cyber fraud Tripura,"Over Rs 16 crore withdrawn from Agartala Municipal Corporation’s bank account using ‘cloned cheques’, Tripura Police begin probe - The Indian Express",https://news.google.com/rss/articles/CBMi5AFBVV95cUxPeDVWbmR3RDVWd19HeG94UV82ZXB0SzRySXM1ZWlRUkNQbnVkcWYtdjItR05POEM3UVNFTUpjeDVlQnhfbzV5bUFORU5qNHFoaEJMT21CN0d0TXZyQzBfdHQzb3VLeUs4U1RjYXpMUDZJZUpWRVQ5bGlRUHNrVTg3RE5nS0w0R1VPRy1WblMzVXVxQVFPVkNkdHhWOVB4TVlXOVRzZm9hODNOWWIwRV9oUmU1cm0tYThuUGV0YjVFOGdFWFpoQ29SQW5YcTlpYWNGQjQxa0NuY21vT2pxcTFYTDJIeHTSAesBQVVfeXFMTUptNjE3MlFsNkhFbmFQTFROTFRxX2VHVndTSjU0SHRvWVg5d1Q5MXI1YXVWd21vUnlSdklURGxINnFUdUtnTEZYemY1bGFPdi0xSWRtTUJpYXJQSkhCWDR5cFR0SDVFeVVGSUxmX3AzRDkxejZKbWtzeHllUVZSdXNQX3FvRERXNFBkSUVQcEtSd2RkUXdjU3NTV3pOZ1NJWmRaV1Z3a0NSZ2M5UWlVS3ROVHN5RllqdE45MGRIREJvYjRRVF82bHJhaE45b2R0WmFVc3FGcUs2cGpLU0V5R0hObGhyaUc5MG5KMA?oc=5,The Indian Express,"Fri, 05 Sep 2025 07:00:00 GMT",2026-06-14T20:33:54.515615,cyber_fraud,True,False,candidate,https://indianexpress.com/article/india/over-rs-16-cr-withdrawn-from-agartala-municipal-corporations-bank-account-tripura-police-begin-probe-10232719/
cyber fraud Tripura,"Tripura cops freeze 16,486 bank accounts linked to online scams - The Times of India",https://news.google.com/rss/articles/CBMi1AFBVV95cUxOQmRGS0FGS01meXNlYXl1Y1o3UGp6VjlDZmN6cnp2aHVmVWE3cEVJbTdJNFc3aV9BOTRmdW9hSDd1d0hhWXdBT2NCZ0JyeGVhaXVlYkhySUYzSlgyZkdJVHROeEliVHZsRWIwSVdDb1c5VWV3U1ctYTkyLUlHbS1Ra3kza2xUdHJNVWlnRE1aMzA2aG5DN1YwN3JENVEwYkNEYlBCc1RwRktkUlBCT2lPbWx0b2FhcHJUQmU3S3NqT05nc2V6bUNkZDVfaHhRaGFJd0tKatIB2gFBVV95cUxPbEFBaHViOFhQZDNnQjYxeUN2STdLZ195bVAxODVTU1BIS000cTFBWXd6TVF1ZzlSa3J1XzJiWkFhUVZoQ2dhVWQtWkxMdlIzWWQ2aUVYbWtESG9hdS1xWVdPd1V4QVRwaXEwR2U0V0ZuUVFfa1k0eXh5VlBUREQzNDdkM0R6aDNZNXVqdHc0ZUVLYlhGa0VTSVd2aUNkejlHck1tODZRUzZ6bXZhQm9FRkxUei1pc1VQenZtaGdmVnBfZnladWpVbTNmV3ZyTmVHMzZXcjd1X2h3UQ?oc=5,The Times of India,"Sun, 04 May 2025 07:00:00 GMT",2026-06-14T20:33:54.515628,cyber_fraud,True,False,candidate,https://timesofindia.indiatimes.com/city/guwahati/tripura-cops-freeze-16486-bank-accounts-linked-to-online-scams/articleshow/120878561.cms
cyber fraud Tripura,"123 Cybercrime Cases Registered, 74 Arrests Made in Tripura Over Three Years - Northeast Today",https://news.google.com/rss/articles/CBMisgFBVV95cUxQUllVSFBPdXdPUGNYNXcxQjROTmtRaGthZXhLZFkwM1NmYk9aMHhZdlhzNnQ5alZMd2EwYkRmemRCYk9xb2JlUTBOR1BjUkw4QjZUeG9hd2wtNVRsNEpNbHB4ak1VUGZvdlNETjZVaEJTcXY2UjhIWWktSDVUOE44aXFPbVBaT1NLVnlMLUZiMGp3TTJ0akNfOE5INTBBdVdtQ1hBQmlJZXgyNV9hSFE0VGZ3?oc=5,Northeast Today,"Tue, 25 Mar 2025 07:00:00 GMT",2026-06-14T20:33:54.515641,cyber_fraud,True,False,candidate,https://northeasttoday.in/northeast/123-cybercrime-cases-registered-74-arrests-made-in-tripura-over-three-years/
cyber fraud Tripura,CBI Dismantles Major Transnational Cyber Crime Network At Noida - Tripura Chronicle,https://news.google.com/rss/articles/CBMiqgFBVV95cUxQTU9VRmxJTFU2OUxxUDR2MTB4Y01QNWtkWW5GdENVTGxJUU5RWV8wNnZ2VXF6dEtPeklxTjZQTGxjb2NfQkF0aG9ndDEtaExkeXVCYmVNSk16ODRUcGRNczA2WTk3TFc2Y1UwRzdJMUp3WWlTeVZGdHQ5UzNsTTlMYTRfc3dpT3RzaXpBVi0xQU1QcHA1UFIyWTFidklDM0ZMR1BpUVpZSl9BZw?oc=5,Tripura Chronicle,"Fri, 12 Dec 2025 12:39:39 GMT",2026-06-14T20:33:54.515653,cyber_fraud,True,False,candidate,https://tripurachronicle.in/national-news/cbi-dismantles-major-transnational-cyber-crime-network-at-noida/
cyber fraud Tripura,Tripura CM opens state's First Cyber Crime Police Station - Tripuratimes,https://news.google.com/rss/articles/CBMiogFBVV95cUxQbFFYQ00zV2dSWUJyUTFHSGtraUxldk1NaXlTY1JLT05VTF9kWlp5MVB2SnJEREEtU0tTNElhZVh6T1ZoY09ISDUzMUp5YmF4OHVhZmw3N1ZmNFA2TENfZGdQVEoyZ3ZZLVkxaFYwSmI2akhNVmwzYWptNm1oS2xVTGlFemxUS0JrbS1TaFZTTTBqY2Q0LU81T2IxNWhTVWZaRGc?oc=5,Tripuratimes,"Sat, 28 Jun 2025 07:00:00 GMT",2026-06-14T20:33:54.515666,cyber_fraud,True,False,candidate,https://tripuratimes.com/ttimes/tripura-cm-opens-states-first-cyber-crime-police-station-29089.html/
cyber fraud Tripura,Tripura Police Investigate Rs 16 Crore Fraud at Agartala Municipal Corporation - The Times of India,https://news.google.com/rss/articles/CBMi6gFBVV95cUxNWnRiTmxFWkFvTTRzV3NiSGoyZjk4RW5SNjJpVEFSTmwtR2hheTVGMjd3S0lDRjAwTzF2eDVmSmlSeTFfbUZ0ZVFVSWo3RzBhbVVGWkxLME5xdkdlTVdIM2FSQmNmWHp2bkVqTjNuZmVPQ3BodUcxVTl0eHFBX080TmdNNHByMklBU2hJbXBiYXdpaXREczlScEFnM0RoREdCRDhIV0NqZ2V3Q3BSQ1pzeDJTMjd1X2ZnZ25yVGZtOE45c3VMbXFSMEI1Nnd4VEEzOHJBWXFwLUVPdUZBN0RkMVdJN1B3dzFoMmfSAe8BQVVfeXFMUGtpcW5KdjZVMVAyaElpQjJ0eE0tRHlhaWV6NkE1dGtLWGN0ZDgtT2dYZE5GcklLMldIeUFTRDNHYVA0N01UUkpHWVlhTXBHdzNYU0hvWHAzbE9JZmg3WmVnNjNEcllFT0hWUFI0SENmRmFHLWRiMVBRQTh0elVWR2JLdXhHUk9TTGtHU2dYcHAtUUdyN0ozT0tlcFdYOVJHalZYOVY2TFpaR19QaExEellhWmVQTFNKSS0tck5GMWJMbVhfNFBoME5Hcm1tY1A3RFp5eWRTQVpnemVHc2xWZl9BNVNKbU1sLVZHb05DbjQ?oc=5,The Times of India,"Fri, 05 Sep 2025 07:00:00 GMT",2026-06-14T20:33:54.515695,cyber_fraud,True,False,candidate,https://timesofindia.indiatimes.com/city/guwahati/tripura-police-investigate-rs-16-crore-fraud-at-agartala-municipal-corporation/articleshow/123719326.cms
cyber fraud Tripura,14 Tripura Police Officers to be awarded with CM’s medal for exemplary service - Tripura Chronicle,https://news.google.com/rss/articles/CBMiuAFBVV95cUxNaktPd3QxczFBM0dEcHJVZ2tJMXN4YjN5S2xUajRyRktXXzJXYlhSYU5tbndzLVVQTGZyYXljU3NxcWZ3TXRiaWs5RDg1bHpnSDhjczJuX3pfelp0aVd3UnBBRUNoY1l4cjdfa1k3OC1OLXFkNER1YnpRMHpoc2sxalM5TzdPQ0FmUV9UYVRPYmdaNmZFMlhxdHdmR3c2LURSYlBLSUt1cWhtY2lCR0JjYW1mVkF0X2xR?oc=5,Tripura Chronicle,"Mon, 11 Aug 2025 15:03:58 GMT",2026-06-14T20:33:54.515722,cyber_fraud,True,False,candidate,https://tripurachronicle.in/local-news/14-tripura-police-officers-to-be-awarded-with-cms-medal-for-exemplary-service/
cyber fraud Tripura,"74 people arrested in 123 cybercrime cases in Tripura in 3 years, Assembly told - The Indian Express",https://news.google.com/rss/articles/CBMixgFBVV95cUxQMEhDMVVKZS1wMVc1OUNZbG10dDZ0ZG1OOW1qU3BjQnJ4TGR4andEUHhpZDFjbHk0TVVCMVMwRzRGQ3Z1ckEyTXRPN1pqX1JMeTljY01hbzlvQXZzMXota1BvaVhnYXVCLXVBWlFSbGZwZXRINGlhSDhyS0RNV2tENEFuUV9fVUdJU281ZE42OTFWdm14bmpFbkp1bEpFX1gwNnBDYUN5Rm1zVUR2ZG00T2hFRFNFLXhLZnlELXU4TGl3UHYxRFHSAcwBQVVfeXFMTlRZT0NtS2tpS01HVFE3U1hzeGhXbGpzQTA1bUZPTzBwdUJfdGxBaFhjRWRzZjJMV2Q5WmJWcms4dUxVbnNNUWFreVNkS3diQWFpZXNCMm1uTzA4UDFXWEtHS0N2WGZ2djVneE9LcFF0emVKOGpPT3NqeXRMVlR0V2VMaWZvOUh2Z3VLUDdUM2U3SmRtRjlsTTFvNGNPRVdjaW9SS0pIZERsWS1jSlZNRWZoV3ZmeGt0OUN6NTFxdTAzYk9PWjdRVHhmV3Rp?oc=5,The Indian Express,"Tue, 25 Mar 2025 07:00:00 GMT",2026-06-14T20:33:54.515735,cyber_fraud,True,False,candidate,https://indianexpress.com/article/india/74-people-arrested-in-123-cybercrime-cases-in-tripura-in-3-years-assembly-told-9904027/
cyber fraud Tripura,"Tripura gets first cybercrime station, CM calls cellphones bigger threat than guns - The Assam Tribune",https://news.google.com/rss/articles/CBMi1wFBVV95cUxQWmpQTkJGRFI1M3pTbjU5ZEthY3g0SndzZTV6dC1vS21WM1VXVUpjRFlxRFBOYVgxNTcyTUE4eVpKdG1fTTlUcUc5TG40ZHVoeVR5YjFiU2NVN3JwamQzSUhRX3JlMG9wRFZTU1N1ZEZwSE5SMDg3aGdJMzBNZmxzNkY2cEw0WktsS2VuS2pkd2w4WDRXQjJoU2ZwVDNoTGszVmREQTVWMkN4VjNJamZyM2ppODZlSENnVHcxcGJmZGtQbjdpV1FCTHBrbVhBMHNzU09STFlGONIB3AFBVV95cUxPbUgxMi1FOTRUaE5KQm5yOFBIelNkVTJlZzVDMXhCRVFldGtiTWUza2h1cF9VTWlyQ3JReklCbU4ySjZkdGxSWnpLNGVYN1VWVGxuaVBESHl0OUlEMzNBRjNYbmFELWxUTHV2Mk95SGdMV0Y5aWR3Y3hnOVFQVEFGSDY4bjF2bXZSN0pCM1dSSlBRZFBKX3M0bmlUeDV6czlnaWZTUzJMZ3VkVjduMVNzVDNHR3J6T09QbVlWN0FTX3QzeVYwTHpLekhXY2pRMGZMeW45c0RITkUtMHJ4?oc=5,The Assam Tribune,"Sat, 28 Jun 2025 07:00:00 GMT",2026-06-14T20:33:54.515747,cyber_fraud,True,False,candidate,https://assamtribune.com/north-east/tripura-opens-first-cybercrime-police-station-cm-says-smartphones-pose-deadlier-threat-than-guns-1582783
cyber fraud Tripura,"Trader digi arrest: Police unearth Bangladesh, Malaysia, Tripura links - The Times of India",https://news.google.com/rss/articles/CBMi2gFBVV95cUxPeW1FbjNfVE9qRHFUVkhaX3JNaVNPNng1N0liR3ZVY0dtdU1SdmloY29LNGFyX0ZoUHV3ZWxkMlFxbEtrbk1tMEhKOXY5MXNBM0YtYTItSy1oWXhUcEpLNjRBUzRMTGRVM2hPTW5Hc1JOdnRLN3l1OXpzb1RSRXJob3dUYnRGWTRINlRIOVRrZWY5RFc2cl9nMHhFV2RPRmJqMTBTczNTaW5WOXR5cU56MTltMzZ4aUVNZEgtbkM3bGR1R2NhS3VJREFleFFXVFJPMjFBT1NFLXl6d9IB3wFBVV95cUxPTkltWENWQk01NGpjNG1CZVo1R0paZGZNc0VwQ2w5MzZXdjNsYk5rY3JUa2dUUU1BR0Q4T2RwYWtJb2xDdF9acExPM3Z4R1NlejJvem5wSkxsZUs1bUFBaVlnZ3ZqWkhfcmk1ZEp4THBYcTRzREdnQmN4bFJqNGtqRnc2MXphaFJxckpPMHp4b2EydTUwV3pFNjVTT2xNNndMT0R6eHNJSjBDQ093aEREYWpiZGFRaFhmQ3FvbExmM182Smc3Q2FZdXNoejk2RXZ0dGlydmc4Y3RubTN6R3pn?oc=5,The Times of India,"Wed, 18 Feb 2026 08:00:00 GMT",2026-06-14T20:33:54.515760,cyber_fraud,True,False,candidate,https://timesofindia.indiatimes.com/city/kolkata/trader-digi-arrest-police-unearth-bangladesh-malaysia-tripura-links/articleshow/128475888.cms
cyber fraud Tripura,Man held in Tripura for posting communal content on Facebook using fake female account - Nagaland Tribune,https://news.google.com/rss/articles/CBMitAFBVV95cUxNSWdjcXVxY29nM0xHa3FfaXo5d0JvOGZyOEl0dUM3VDl5UUJUSDZOVkY2NHBlamtyT2tldnlKdTJlbUF5VGE2b3BldjZXNEtNVThCb2ZhcFZFcDJqb3pnNTNtTEI3eTMzUVItMUxSZERBZGlzZzhXZkp2X0t0UzJtUkhURUMyakpxbzZRaTRqS0N0ZDBQanowNHUwZVhsVUEyU0NKM3dfam41OHZYOW9MVVhpWmw?oc=5,Nagaland Tribune,"Wed, 05 Nov 2025 08:00:00 GMT",2026-06-14T20:33:54.515775,cyber_fraud,True,False,candidate,https://nagalandtribune.in/man-held-in-tripura-for-posting-communal-content-on-facebook-using-fake-female-account/
cyber fraud Tripura,Tripura needs stronger security due to current situation in Bangladesh: CM - Business Standard,https://news.google.com/rss/articles/CBMi1AFBVV95cUxPcmliX3Zpa0FBdFZDc3lqc0pTZHJwazcxaHdiQkNZYlJMc2liQzZWdzBCTXVWRXZ2WU5xaWJxSGJmMllRMXJPUlZrS0w5NlFFdlVtZk9oWkdjUjAxVWlUZWExbXBRMkVBbkM2eExodmhMQjJmTmRFZk53WTViYmI2M1NPUGJxSzZfa0lXRU1IRFlBRHViTGx0YjA2MFUwQXdCdnhFZkNRYm5kRjAzeHJpTHpjN0ZlWXpWZ19ObkFWUmoxUkJQV1BXRXRnbTZ4alprZ0o0btIB2gFBVV95cUxQVGpaNThadG03b2dGTDV5dV9RZDVfQkhpWl9oQlZjNGhSeGs1cHFYajcwSFdJZlBPZ25UNFhMd0VrcnFaQ1NIcmpaTXh3MndYT1lhakZFNVozTGY3dDlvX0czVVV3a2NyOWhtcUJnUjl1XzZjcHAxdUMtbWV4ajJIc09ocjFCeUxZTE5yb0pCUm9DU2czYTVoMzlFZnQtZVQ0aS1sUW5BeE8zVFV1YXlDSW41ZlI4TGJ5a2R2SHJUTVlNbVh2aTZpM3BQTDFDcmFERTZJMkNuVmtvUQ?oc=5,Business Standard,"Sat, 28 Jun 2025 07:00:00 GMT",2026-06-14T20:33:54.515790,cyber_fraud,True,False,candidate,https://www.business-standard.com/india-news/tripura-needs-stronger-security-due-to-current-situation-in-bangladesh-cm-125062800675_1.html
cyber fraud Tripura,Tripura to soon get cyber crime police station: DGP - India Today NE,https://news.google.com/rss/articles/CBMisAFBVV95cUxNR2h3OGs3b1NLaUFWVWp0YmQtdmNFc1lBam41QW5VMUtBaHY2RUVXaGxOak1NUnR5QlczNURkY2ZUTUZmdmVIS3pqTlZPa2xvcUNTY21MWFR1dFhDNXdzb2QydjN4VlFjMU9Udk85czdfSUV3bkJVUWhBSjJhbmRsNXM4dklUaUVaVmpSaWlfLVRUUFNMeksyRy0zT3h5VXdKbFZHcTdwMmlEdUM0Wm9XSNIBtgFBVV95cUxNNjBKZnZnZWJGTGdFdUc2LXdWODJRdkZERnhqSlBPNm1JZmMxX1B2Qk9OTkdtcUJIR1doRWRtU1oyaVNhQURuTzRaSlAxT2EzcnB4NHR0cXRIUEtTSGl4M0lzQXRCSy1lcDBUYklKRlNSdDh3UFRtVk1XZzNuNFpOTjBwQl82TUlkWGd0UFVBbldkX0ROM202VzRFVVlWemo2QUczVmZLb1g3XzdpMHJSclpYSElGdw?oc=5,India Today NE,"Thu, 31 Oct 2024 07:00:00 GMT",2026-06-14T20:33:54.515805,cyber_fraud,True,False,candidate,https://news.google.com/rss/articles/CBMisAFBVV95cUxNR2h3OGs3b1NLaUFWVWp0YmQtdmNFc1lBam41QW5VMUtBaHY2RUVXaGxOak1NUnR5QlczNURkY2ZUTUZmdmVIS3pqTlZPa2xvcUNTY21MWFR1dFhDNXdzb2QydjN4VlFjMU9Udk85czdfSUV3bkJVUWhBSjJhbmRsNXM4dklUaUVaVmpSaWlfLVRUUFNMeksyRy0zT3h5VXdKbFZHcTdwMmlEdUM0Wm9XSNIBtgFBVV95cUxNNjBKZnZnZWJGTGdFdUc2LXdWODJRdkZERnhqSlBPNm1JZmMxX1B2Qk9OTkdtcUJIR1doRWRtU1oyaVNhQURuTzRaSlAxT2EzcnB4NHR0cXRIUEtTSGl4M0lzQXRCSy1lcDBUYklKRlNSdDh3UFRtVk1XZzNuNFpOTjBwQl82TUlkWGd0UFVBbldkX0ROM202VzRFVVlWemo2QUczVmZLb1g3XzdpMHJSclpYSElGdw?oc=5&hl=en-IN&gl=IN&ceid=IN:en
cyber fraud Tripura,Technology-driven policing crucial for speedy justice: Tripura CM - The Assam Tribune,https://news.google.com/rss/articles/CBMirAFBVV95cUxNT04tZ0tfcjdrdVp3RGxVTGJhb3JreERJX09xTkU2S2VwSXlrU1ZjTGM2R0NPRGdCR0pkQ25CT09XMUpJN3RmNE5WQ2k4Q2E3cmgtSmRZTEZvVWhlMjdGbjY3VEhHZzRGTHRXYkxON041cnBhb2U2b0NDa1JuM2c0TFVMME52bTJnazZfMFBWX2k5UjdqRUpwNWFzRjJaQzA2N1pyZHdUUWNSVVVZ0gGyAUFVX3lxTE1BdmdyQ3lrcldxM3FOUld5dThuMF9CcHlveExYQVBIMXdabG1QQ1AtaFFhMGpQVnZsYUdUM3ZmdmUwMDRNOUlXZTkzM1dLcXlBY0RyNjExNmhWVmZFSDBST3gtVHlJSHRhRTRtR0ZTN2l2S3pmOEk0SFd4Mm5ZWWV2dW9paWRzVElXY0o2Rzk3LXlkLUVIVGpiaEZSMTZmR19UbUxGTHh0UEZFSXVENERQdGc?oc=5,The Assam Tribune,"Thu, 21 May 2026 07:00:00 GMT",2026-06-14T20:33:54.515817,cyber_fraud,True,False,candidate,https://assamtribune.com/north-east/technology-driven-policing-crucial-for-speedy-justice-tripura-cm-1611888
cyber fraud Tripura,74 persons arrested in cybercrime cases in 3 years in Tripura: Govt in Assembly | Hindustan Times - Hindustan Times,https://news.google.com/rss/articles/CBMi3AFBVV95cUxONHdDZ205bS1qcjZ0d2d1UGlIdTlzeHh4MUZKN2lSZnBieHp5dGdhTmpHMDVQX2NLaVdYYldzSjQtdF9TM00zTnlwZ3h6d0ZYN3JrR2R0M2J3dld2b0FqcXNPeUx3U1Q3WmgyeHdZQWpPdUlrTFdxSlNGdkFzTjhjekVkUUpUM2IxNDBudWYwOWl0aHJXNzJZcjgzQU1lSHFkN1JxbXBmdDBnMmN0M0tBVnNMcnhXX1RwcXV3T1JiV1lrSDZycVQtdmUwbVBiaVZwZ2FxNENwcUtSam430gHiAUFVX3lxTE5JbkpteXJVZFRuMVlYVENfZ1h6cUFkVVI5TkNjVDg0VWZrWkdCdmZzV3lOTG1WenROQ2hxeC10MjVDc0ZXRzBVdWZ3WERTRVNRTG5SNENUcm1pLVo5aGIxeWtpOV9EVVNKcEl0Y0hMT0RQeHBTZnh0eGhWSVJPclM0NWd0U01RUE9reU11dEU5RlU1UHlBTnB0Z1o4NXpkS1hJb1VaR2VncF82UmZCSGNYdjFST2lCbkhWV2puTmNFbkx4RzJMMk9Yd3hxbXgybXF3QVVSaFpQamVVaS1MYXpSb0E?oc=5,Hindustan Times,"Mon, 24 Mar 2025 07:00:00 GMT",2026-06-14T20:33:54.515870,cyber_fraud,True,False,candidate,https://www.hindustantimes.com/cities/others/74-persons-arrested-in-cybercrime-cases-in-3-years-in-tripura-govt-in-assembly-101742833449505.html
cyber fraud Tripura,Tripura to open PS to deal with cybercrime - The Times of India,https://news.google.com/rss/articles/CBMi6wFBVV95cUxQMEJmWTJIX21fSUR1RHdQUXlqQ2RzMV8waGxvSUJOeDNELVFZdkRRS1pHTENWSk9RNnBYQzBwMXJIaWVmS3JraHdMMTVMZVA1cHdjSHpNT3MyeGtSc2dBN3lRcE9BekVsVGtqS2NnN04tbFdicElyTnhxajNFX0lrR1lJUUVEanhDUm9tdHF4NmZQTFFnVDNjaE9kQUZIOVctNFIyUGFsakhpXy1DdTZOTnNkdzYzRVR6SE13aFFhazdmM2JDSVlMMXdxWWZiRk00VVlTUTIxbjNtOXZfRkRldHBSZkwxOUJSWENJ0gHwAUFVX3lxTE5TSjlqaXh6MzQ2Zmh4N2xTWjRiTXRCeFZySEdnZUNXSTdkRUdGMjVsZWw0dmk3WGRESklFRkxneGMtVlVRZHYxdFJ3N3lRNHpGdTZHRDh1UE43Qmk0dHNQbVliUV9iZXFTUG1WdEdHZW1IdmdIRUU1OEV2WENHZEdzaTVHX2ttekxoNE9xLUN0aHhGY1lwOGNVYzZROHlLX292TGI2QmNvWnRTSUZMZFRyTFd1bG1ucnNjbjcxVHlnZThDYV9raHBxSDVtcXZibFJobGpqcVJlZ0Jsa0xIWlI2U2NXRE5kMFRScjY0a1NZLQ?oc=5,The Times of India,"Fri, 01 Nov 2024 07:00:00 GMT",2026-06-14T20:33:54.515885,cyber_fraud,True,False,candidate,https://timesofindia.indiatimes.com/city/agartala/tripura-launches-dedicated-cybercrime-police-station-amid-rising-digital-crimes/articleshow/114828806.cms
cyber fraud Tripura,"Tripura: Bank Manager and Police Constable Accused in ₹82 Lakh Fraud at HDFC Bank, Udaipur - Northeast Today",https://news.google.com/rss/articles/CBMizgFBVV95cUxOTkR5T2duVDJFaTFRVG1lMjI2clFHUzRucHVEYVRiMFZjSkhhZmNqVGZSNnhDNG1yaHBHcFpOTHYzd01wbVZ1aVRUV2lTaFlZaVBZY3U5Y0VEdk5menZfbE1rUlpzMWNiRUdpSDVaV1V0WkVnQlhaVmhNS1ZHbkoxcHNZUm9VTWMwZTR6RGowWVplTWZXc01RYU5EVUJEdmRheFFfWk1qVm5DV1BiVFlZbDNraFkwdHZvdXNlZnhabFhjd1FIWGlNdkNYU29fUQ?oc=5,Northeast Today,"Thu, 20 Feb 2025 08:00:00 GMT",2026-06-14T20:33:54.515900,cyber_fraud,True,False,candidate,https://northeasttoday.in/northeast/tripura-bank-manager-and-police-constable-accused-in-%E2%82%B982-lakh-fraud-at-hdfc-bank-udaipur/
cyber fraud Tripura,West Bengal Police warn women of cyber fraud on matrimony sites - Tripuratimes,https://news.google.com/rss/articles/CBMiqwFBVV95cUxQWU5mREZQRHNuY1FzRlpHbjg1UjFkVHY3MGo5c1RkMUJWRG5DOXJQUDRkT0VBeE5hM2NndEx4ZjNjRVdJRjRkV25Na3ZoaXRJekJ4QWVtNVZsSUFhNFp6c0RZSTctZnpVUGdkX0VsSExBRHJrQnZqZGU5TjF2XzE2S3RuTmIxQlBEUDdBT3Y5ODZKR0hXUFo4YnJSVTNyZlVRemFtN1VCQlZocWc?oc=5,Tripuratimes,"Tue, 04 Nov 2025 08:00:00 GMT",2026-06-14T20:33:54.515928,cyber_fraud,True,False,candidate,https://tripuratimes.com/ttimes/west-bengal-police-warn-women-of-cyber-fraud-on-matrimony-sites-32699.html/
cyber fraud Tripura,"‘Prayaas’ Meeting At Dharmanagar Police Station: Focus On Crime, Drugs And Cyber Risks Awareness. - TRIPURA STAR NEWS",https://news.google.com/rss/articles/CBMiwwFBVV95cUxPS05aVENfcXpFcEhoTHIyMXV3dWtVUG9QVzU4bW14QU1XR2pEUk5YZ1VuNDY4cExFT0RVSkY2Q3d4YzdIbVE0UXlkdURsQUUtOWxwMENJNFFPR3dNazd5Q21YNU9IZEtoR3hNREdmZm5pVmliSktwMXZfSm9RVElQNWNfSVlWTDhZR2ZUTnlvWkF6NVd6T0hUQ3E4N1Nib0FVUVp3eG44V3VBOUoxenl0TVNYMzYybzN4dWRoRUpBektkb1U?oc=5,TRIPURA STAR NEWS,"Tue, 03 Mar 2026 08:00:00 GMT",2026-06-14T20:33:54.515942,cyber_fraud,True,False,candidate,https://www.tripurastarnews.com/prayaas-meeting-at-dharmanagar-police-station-focus-on-crime-drugs-and-cyber-risks-awareness/
cyber fraud Tripura,Job scam alert issued in Tripura; iLogitron warns against fake recruitment rackets - Tripura Chronicle,https://news.google.com/rss/articles/CBMivgFBVV95cUxPVHJQQUg1QnBGeXBsQUtidlhIYkFQeXdqUGttS0tmeVRHYWROWXNiZWllNHBZY1BQajZyaktRd0NlNjNWMVdsNG84bm9JMXpianc4UFRlZ1Zqdjh4WUJsTTgwLVdtTFQ0Q3BkRThIY3doM0xld0tRSDJDUzNVZ29sNDA1SWlZS1VtYVgxTUpzUGVJTlZxRGlqSXhnall4M3NTNUR0OGZUTzFhYmd6aG9FUkZmWGtBbUxHSHlOd2lB?oc=5,Tripura Chronicle,"Wed, 10 Jun 2026 13:55:30 GMT",2026-06-14T20:33:54.515957,cyber_fraud,True,False,candidate,https://tripurachronicle.in/local-news/job-scam-alert-issued-in-tripura-ilogitron-warns-against-fake-recruitment-rackets/
cyber fraud Tripura,"Violent clash erupts in Tripura: Shops torched, 5 injured after alleged attempt to extort money from truc - The Times of India",https://news.google.com/rss/articles/CBMiywFBVV95cUxNdGtWMklDTG1zbnlBQngyYzFQMndoRkNTUEwzRktMZG1mVm1DZmlPNFpkVTgwR092d3ltb0FPYlpJOW12SFpQQ2VUM3QyMTVWYTdBc3k5MDJtMmI0eE1HNFJkWjZraFRFcTgzNThEVGw2b1p4VmdvTml0emRBdVcwaGtkYW9KTXZlOWw2UHNmNGZLMlZ6WEN4WmZibXJsQmpQZHhxQ2djS0pnQjUxMk43VWJWQVBhbGdqOWMtemNqczdMUVI0azZyVklfQdIB0AFBVV95cUxOWE5QZi1PSHBtWDZtaVFUS24zOHV3aFdEVlNudWhSLWlzMGpkTkktTEpQeG1FSGp0M1pYX2tZdGJ4UnBWWW42dGlsR1doMXpyVGJQOTQ2QkJQbjFDaHVCVWtUTUpseTZ5R202Y0o5eWZ1eDBCU0lpWFI4Vk5NanJFeEE1ZW9qa2xGeFhqX1F0RkNPYmNzM2pDMEdUaHRqUUNTWkpRMUtab05UQ0xXVkprSGNvQXo4aElscE40TXBnZ3Z0d0NpbzJFbUNsbzZkdDdI?oc=5,The Times of India,"Sun, 11 Jan 2026 08:00:00 GMT",2026-06-14T20:33:54.516011,cyber_fraud,True,False,candidate,https://timesofindia.indiatimes.com/city/guwahati/unakoti-clash-over-extortion-injures-five-net-suspended/articleshow/126455616.cms
cyber fraud Tripura,Tripura Police arrests notorious cyber criminal Saikat Talapatra - Tripuratimes,https://news.google.com/rss/articles/CBMirAFBVV95cUxQdWJxeUt0MGs4bV9rSFBFZHpPWkVOd0J1Sk41TllZMjg0cVpRV3BFd0pudXQ5cVBUMTdoLU9yd2dNUXdudVVtN1VrWEZNM0pQa2ZzRXJ5aF9feHhzR1cxa3FSa3ZEMTRoclZyV1c4bUppR0hHZjRNckFWQU9iRVk5VmxkRE1neFhCS2FXa2MtWV9BNUZtWF9CY19DbFBSN0pQcm00enBNT2U3Ymdz?oc=5,Tripuratimes,"Fri, 06 Oct 2023 07:00:00 GMT",2026-06-14T20:33:54.516025,cyber_fraud,True,False,candidate,https://tripuratimes.com/ttimes/tripura-police-arrests-notorious-cyber-criminal-saikat-talapatra-11229.html/
cyber fraud Tripura,Agartala city police handed over 35 stolen mobiles to its owners - Northeast Herald,https://news.google.com/rss/articles/CBMimAFBVV95cUxQRE5CTjBwTnU4RFFlTkFjOV9MdnBXM0x0UGNLelVLcGFtNDQtMnhIc1lfdVJVcGZLNW9CZUs0dlR2SWNzZEFicld4OGxRSnBTNVpLWjJDdGlXc3hhM2JFQWFiSU0tVHB0SC1xb0VZVkJ2ZTg0ZlMtVHZjYVEyd2pGeWVpWHloRXNONGRWa1lrVTNKX0VEdDFGSg?oc=5,Northeast Herald,"Sun, 10 May 2026 13:01:38 GMT",2026-06-14T20:33:54.516053,cyber_fraud,True,False,candidate,https://news.google.com/rss/articles/CBMimAFBVV95cUxQRE5CTjBwTnU4RFFlTkFjOV9MdnBXM0x0UGNLelVLcGFtNDQtMnhIc1lfdVJVcGZLNW9CZUs0dlR2SWNzZEFicld4OGxRSnBTNVpLWjJDdGlXc3hhM2JFQWFiSU0tVHB0SC1xb0VZVkJ2ZTg0ZlMtVHZjYVEyd2pGeWVpWHloRXNONGRWa1lrVTNKX0VEdDFGSg?oc=5&hl=en-IN&gl=IN&ceid=IN:en
cyber fraud Tripura,"Tripura DIGP, 13 other police officers recommend for CM's medals - Tripuratimes",https://news.google.com/rss/articles/CBMiqgFBVV95cUxNdWphMHA5UXNiMXYtWUVINXpscDlBU18weXBDMVRRMHJxdGdRWEtnNS12d3V3dXhYMlh1cFBjWkZSYV9GUl9MbVVkQTBXZ3FsbE8ya1FWNkctc09kUEcyNS03SUJVOGhrMHc3dU04d19EZGpXRkRmWnl5cXI2TlBTd0c1ZEc0UWk4VGFaMDFKblJ3SktnWEszekNpcHBCc1dzU014dE5QeU1hdw?oc=5,Tripuratimes,"Mon, 11 Aug 2025 07:00:00 GMT",2026-06-14T20:33:54.516101,cyber_fraud,True,False,candidate,https://tripuratimes.com/ttimes/tripura-digp-13-other-police-officers-recommend-for-cms-medals-30442.html/
cyber fraud Tripura,"Cyber-crime surges in Mizoram, over Rs 8 crore duped in 2024 - Tripuratimes",https://news.google.com/rss/articles/CBMipgFBVV95cUxOekI2RmdoQXNQdlZweWJuNzZzNGZBVElqRTBvcjIxamRvMXJlcUNod05jazN5eTJPbkdaWHBXeU5VYmlJWlUwQTJiVVRnYm1tVVVLcG9RNEVNWVlqY295eXNQX3A2NVVkSE01c2o2bHNhaUpWV2ZWOTZ5Zzh1ZW9wMlA2UTZSazhKVTlJVEg5ZTZQdWtQVDc0OEhweUJjNVItRmVsQ2R3?oc=5,Tripuratimes,"Tue, 05 Nov 2024 08:00:00 GMT",2026-06-14T20:33:54.516115,cyber_fraud,True,False,candidate,https://tripuratimes.com/ttimes/cyber-crime-surges-in-mizoram-over-rs-8-crore-duped-in-2024-20937.html/
cyber fraud Tripura,Tripura Government Approves CM’s Medal for 14 Police Personnel on Independence Day - Northeast Today,https://news.google.com/rss/articles/CBMiugFBVV95cUxQbVlBcHp2RXFQQjA3UGRkQlJpZ0owa2xQTFpFNkhiM1dXUlJiazF5VVI3b2VuSENTWkJHQ3h0eXg4YjNETy12M2NDaXFZZEFVUmFtT3J6Z0RQZXZ2NjV3NDh3Rkg5RTJKRHAtZFJuZlp1Xy1Eb19hNjcwaTFfRjM5dmhhVnVjRnhCSEwtbDZXRER3SDJsdnFyejlHaV9zREIwQl9yNlUxcFZpcm5rdjUxeFpteWpncGluN2c?oc=5,Northeast Today,"Mon, 11 Aug 2025 07:00:00 GMT",2026-06-14T20:33:54.516149,cyber_fraud,True,False,candidate,https://northeasttoday.in/northeast/tripura-government-approves-cms-medal-for-14-police-personnel-on-independence-day/
cyber fraud Tripura,Public outcry in Tripura town over over courier boy’s death - The Times of India,https://news.google.com/rss/articles/CBMizwFBVV95cUxNS1JvUlU3dzJrUnlQM0VGdFdyYUp2Zl9LU3hPckZyYUFPVVVrai0temY0ZUlaa2JybU0tT2ozLXRtOF8yRFhjU3Nzb2FyOTJTdEo2RmJkRG1LYUVkRDByMnBDTkVzMlJZZ1AtOTN6YTBXS0poeVhxbE5jRk0wbHRqa1JHWFFkamc3dXQxZ3FJNzNzWlN6TlhZdkQ1TDlTYWo1SUh0eGRGZUZFV1dIN0tiOGxTdFAtN1JuUW85NDNGYjBWY0ZINUE5Sl9fcC00N0HSAdQBQVVfeXFMTUYxNVVrRzdRMmhqVnhzT1RCa2NxSWRhc004OFdYaXZ4NnFIOGdla1YwZlVGRmlsUUYwSWRhbS1vVkVxTENFMlJWSlFkQlVPamRzMlNoa1I2SEFRaXJqRm1ZSHR2bkR3dVVNYk82LVQ1dTVZN1pGY1lpTzYyTHIyaGZrTktVZDE2c29yNFdlUG9VdzFZbF80WXM4SjBaTHlkOGZ2ektaU3M1TndSZERabEJTX25fMGZjd3BoM2dPOUJTOTZiYWdCMVdrVU05ZG1PT0tpLUI?oc=5,The Times of India,"Thu, 18 Dec 2025 08:00:00 GMT",2026-06-14T20:33:54.516164,cyber_fraud,True,False,candidate,https://timesofindia.indiatimes.com/city/guwahati/public-outcry-in-tripura-town-over-over-courier-boys-death/articleshow/126044463.cms
cyber fraud Tripura,"Tripura's Latest News, Views & IT Portal - TRIPURAINFOWAY",https://news.google.com/rss/articles/CBMi8gFBVV95cUxOSFh5YUZBZkdfZ1FLVG1Ibmo0cnVWNDBZOHJXTEZrQ0Z2R1JEZEJqM1R0SlplcUE0UHBCbWN2cFhRZmRSSEJoVE12T0lXakF4Q1h6dXNTWm9YUTNhMlJOckFfQ0VjTTVTR2loS1BqRWxrN2JpNXZ4S2piWm9SZ3VZNmsxd3BaY3hockJ2SlZqMUxNY1ZfVW9ETDFKVEZnUFJyZTl4NTQxLUdWTVdDY3dNRkNHWFlfaXJvMm1uaTNNazRIMHV3U0taOUhwbDdJWnNNOF9FZ2o5ejNHSnd0TDhHQ3huamR5Y1dkNmNPMVMwTkt5QQ?oc=5,TRIPURAINFOWAY,"Mon, 03 Apr 2023 07:00:00 GMT",2026-06-14T20:33:54.516177,cyber_fraud,True,False,candidate,https://tripurainfoway.com/news-details/TN/181289/7-days-of-bjp-mla-jadab-lal-rsquo-s-porn-clip-watching-video-tripura-bjp-govt-still-muted-over-the-scandal.html
cyber fraud Tripura,"Tripura CM Manik Saha Inaugurates Cyber Crime Police Station, Urges Public Vigilance And Training - Free Press Journal",https://news.google.com/rss/articles/CBMizwFBVV95cUxOUW1qZjNLRGVMdkR6Q2VTd3BaZENoVlIzS3dLNUtIOVNkVm84VkFYNU1KNHQ3Z2lqaFZWWndMT1BNc3Bla0pUczZ5RDZjaTlyV3o0b1BMREhrTUhwOUstUDNpZGJGUE9aRDJMWUZ6X0JWNF9DSlg4Q3M4cDVOWkhMdllha3FrTlBqOG9SOFl2RDBIV1IydWEwcnZmYU5VYldDMDlHTEljRDBoWmlKQnJmU3Fob01wb1BPbTFlNVdnemNxYVpNaTNSWlZNZl8ydzA?oc=5,Free Press Journal,"Sun, 29 Jun 2025 07:00:00 GMT",2026-06-14T20:33:54.516233,cyber_fraud,True,False,candidate,https://www.freepressjournal.in/india/tripura-cm-manik-saha-inaugurates-cyber-crime-police-station-urges-public-vigilance-and-training
cyber fraud Tripura,Tripura: Police grill 3 arms smugglers accused after weapon seizure - thehawk.in,https://news.google.com/rss/articles/CBMiogFBVV95cUxOenV5RWVvcEwtazFQMXV0dnVOTjJZMmJlTEFUaHlOMVBlN0NiUm54WndKc190d245ZFdoWUViZTZyTG5GUWV2NEN6aWZiYWNDYkM4M0RzRWRhLUQtVmVaSG0wZGNraFF5ZWRWdFM5bnJZU2VWUDNuTElUS2NWZkg3NEliQ1JTNE11SUxWVnRHeFh1ZlBUbU1EQldlVmZBczhORGc?oc=5,thehawk.in,"Tue, 25 Nov 2025 08:00:00 GMT",2026-06-14T20:33:54.516247,cyber_fraud,True,False,candidate,https://www.thehawk.in/news/india/tripura-police-grill-3-arms-smugglers-accused-after-weapon-seizure
cyber fraud Tripura,Tripura CM Advocates for Technology-Driven Policing - Dailyhunt,https://news.google.com/rss/articles/CBMi3gFBVV95cUxQN0dkUDR2WENkUGlTLVA4QzlJQTdrVkhWYi1Ec1pJSUg1N0lyMnVYNFJ0aktwNmEwYjJVeHFZbERrSnR4dXc4WGdUUHFRdXRFMHQ4VlZjWGpkZjlUN1RCWm4wQklsTmQ1UmtVSnFPSEttVTZGcklYSU12OHhUUlQyT2lVSGROdG1nRURILVdnQmVGV2xaSjgwbkNFcmhyY290dGVVUkVsQXZOdW1LRzhLYUoyZWIySExRY091NWpxZG1GQ1BCTFIwZmNrTlVEcXBPT21VSDNaNHZQUmpuamc?oc=5,Dailyhunt,"Thu, 21 May 2026 07:00:00 GMT",2026-06-14T20:33:54.516262,cyber_fraud,True,False,candidate,https://m.dailyhunt.in/news/india/english/gyan+hi+gyan+english-epaper-ghigen/tripura+cm+advocates+for+technologydriven+policing-newsid-n713114639
cyber fraud Tripura,Technology-driven policing crucial for speedy justice: Tripura CM - Dailyhunt,https://news.google.com/rss/articles/CBMi7gFBVV95cUxPRHY2NUZySWh6QnJuaFdDTm5HVWJ0Wnc5Zy0wSzVCUVdKR2kyV1Y5WnNfN3FIWG8xUTc1NTNoOHNweHBQbmYydFF1Z2FaQmdhWnQxb3dWSkVnZHlrOU1hUHBWb1NVTzVTVGNNY2VfV0Eya0lLYTdOOG9MTWg0TXVabzYwdElyWEt5U0VYZFZ2VFN2RFdEbGM4Tm01dDBHTDEzV05yUklEY0wxWUVKVnlRRUUxRWFuWXhHdlB4SW9JTDdNUzVyNmIwVnFEY19PUFlWRTVBZkdNbFFLa0Jidkd5QzJpd1BZSDBWd3M0Uzln?oc=5,Dailyhunt,"Thu, 21 May 2026 07:00:00 GMT",2026-06-14T20:33:54.516276,cyber_fraud,True,False,candidate,https://m.dailyhunt.in/news/india/english/the+assam+tribune-epaper-assamtri/technologydriven+policing+crucial+for+speedy+justice+tripura+cm-newsid-n713118774
cyber fraud Tripura,"Tripura TBSE Madhyamik, HS 2026 Results Today At 12 PM On tbresults.tripura.gov.in; Check Details Here - Free Press Journal",https://news.google.com/rss/articles/CBMi1gFBVV95cUxPckRGVE1uSHJOdWdJbE5qRS1Tb2tKM0tjb1hmT2sxbEhGWGU2NFlPR2NVSXhicGJIU003VV8wcmJ5MnEwbkhITk9sak5EU3FYVUlHZERFSnRRRUJuYnlhVVpnY3NWWHBhUHRvMllnbTVtQ0ZBTmltamNVckk1RUU0bkxPVTZqb25tUG5kYlRCbHhqcUpDNjNXbnJPdFdueDFXZFFjbTdJVFhJeVRoZTAxUEtOZGRJcDA5eGl2dGlGQTNlWGQ1dXEwNS02ejFlQjN3THZ5MzZ30gHbAUFVX3lxTE1CQ1FUdXZNbGs4aVRsNWdOSzJVS0E1eDFVV1NZb29hNEFUXzU1cGdEQ1JGZzlKQWlZa1FrbTgwZi1YdVdESU5kQVRFc2VsbTBqaFdPWVpCbnNQRDhqR1o5YlNjWEg2Z0RmMDBQNUM0YmNYUmV4R0UtV2I1ellJYkh4NWlrYy1tN0E0SXZ2ZWtBOFpCZEVyR2h0OVVHQktnVUZfLTFSQlZLSE5CNE1SS3VRTk1DbzNqQ2hiOUQ0X3VSOUpIdzVoR0ZoUGtnWFh0Y0QxX1EwQ2o4R2pMQQ?oc=5,Free Press Journal,"Fri, 08 May 2026 07:00:00 GMT",2026-06-14T20:33:54.516318,cyber_fraud,True,False,candidate,https://www.freepressjournal.in/education/tripura-tbse-madhyamik-hs-2026-results-today-at-12-pm-on-tbresultstripuragovin-check-details-here
cyber fraud Tripura,"ATM Hackers Quizzed in Tripura, Agartala - The Sentinel - of this Land, for its People",https://news.google.com/rss/articles/CBMipwFBVV95cUxQT1RmR0JPWkxScmJzZzBhelFkLVZvWjZJSy1hOWtPQzBEUHo4cE9oMjlpS1Ryci1UOHZpNmdpNUhPNnFfOHFVWktsYm1waktEVUpsckY3RTFxUUpEdGV0cDRxVGl0VTNkaVZJTGpWVXhzamdRWGliUWdlNFVGOG5fQm5MUlhUSEZKSXlGYzdEQkd3SEFHWV9LZktXQUpMWUYweDRnZ3F1TdIBtAFBVV95cUxQRlVwMURtVF92Y3c4NWZ2c0NLX3BmTVhYNEJMaFlmdXBaVVRoQzNjeVp6NEpPbEo3bVRESWdRMzhVbTVwNkdfMTJTSl9SQjhIeW9aTXBjUU9TS1d6cVprUzR5VDRwVEIxMGI3WWVUSU9yUTBJR1JmOGE1cXZ0ZnE4WGhycVV3R0pTLUo5clZxOEhmYmZjLXRSSG02bnNyZWRxQmxpY2laODI4Q19uWkM0ZHEyV1k?oc=5,"The Sentinel - of this Land, for its People","Fri, 03 Jan 2020 08:00:00 GMT",2026-06-14T20:33:54.516330,cyber_fraud,True,False,candidate,https://www.sentinelassam.com/north-east-india-news/tripura-news/atm-hackers-quizzed-in-tripura-agartala
cyber fraud Tripura,TBJEE Counselling Registration 2025 Process Starts At jeeonline.tripura.gov.in; Check Details Here - Free Press Journal,https://news.google.com/rss/articles/CBMi0gFBVV95cUxNd2tQQlgweEJ6NkhERzRZdzBsdjdJaXk2NDZCSk9TWmdubDF6TXhHWTBnb0JndXBJZGltYzRrMmp2Yl9lcVhTSi1aYzF3U2NLWnE5VWZDWHBhTmxKcGZnU0lHMUx0aElyZWhhcVFkR3BvYkxWN0liMGQxNzhNZWVBc1NzRTNQMFlKZjhJcHpIclpQazFocGFWMXhOdUxOd1VIQUxmZkx3bVpYQTUwSlI1TnppS1pPam42TFlTSnprSGJOWTJjV2Z3eUpHYmNSMndWTWfSAdcBQVVfeXFMUHZKVndjRlFieTBjckdfSXoyb003NFVkbHJLV21qNkxROHBfMWd5Qkt1M2wzWVBVVWxQYlFKNXUwajVRV2dXZWpiUE1kN0k3Y2xWRjNYRzVHZHlHX3lyZEJwTlBmTWtSbXJBT0d3STNIUXcydUlEdGVIWHVPT3F1ME5JTEs4OEN1NUtmVmplcVJka3h4THVzaXdyYjV4Y1FSZW9BVW13NDVtN0VESURwcnkwbkdJUzBnRHdZSVpMZXpJbzlXazB3WU84YXo3Vk9XeDc3NzF1c28?oc=5,Free Press Journal,"Wed, 04 Jun 2025 07:00:00 GMT",2026-06-14T20:33:54.516342,cyber_fraud,True,False,candidate,https://www.freepressjournal.in/education/tbjee-counselling-registration-2025-process-starts-at-jeeonlinetripuragovin-check-details-here
cyber fraud Tripura,Tripura JEE 2025 Registration Window Opens Today; Apply At tbjee.nic.in - Free Press Journal,https://news.google.com/rss/articles/CBMirwFBVV95cUxQTTZwbURBMDRuTjNjRGcycGdlRlRRTkhCclF3Mk5UaVRzWVpITE5FNmJDelJxQWlKdEVfbk9CR3hLMnpVMUU1NnVLZmNJVHZXRF9yaWVqbGVjZ2lsalNrdkdGYW9keFFIakI2aVY3TElLWnZDUUVheG14QldjQmFBOURENWJJcERKZ3pGY0dWVHhXWlVIM3RQYU5Obk1MN0ZvcEVCeGc3TGRKTVVrUEY40gG0AUFVX3lxTE5NcVltbHBsVS1fNW9ETk4yeHdmRWRRMUFLNjRPTFl6UF8tUkJLRUdLY2FxdURsY2I2Y3N4enZNbDJFYU5aUWlNa3ZCMUs4ZG9ib3FfYWdnUlNzdkwya0prTWZSbXJhYWpYUHdKT0VENUI1V3NKWG03WFFyajJ6R25va1ZiM3FLQ1JiTG9laklXa2t6RnFtVjcwQzJGZ016azNxSnJTRHpnV2ttSFM5bkRUUmE1dw?oc=5,Free Press Journal,"Tue, 11 Feb 2025 08:00:00 GMT",2026-06-14T20:33:54.516355,cyber_fraud,True,False,candidate,https://www.freepressjournal.in/education/tripura-jee-2025-registration-window-opens-today-apply-at-tbjeenicin
online fraud Tripura,Online fraud ring targets microfinance borrowers in Khowai - Tripura Chronicle,https://news.google.com/rss/articles/CBMinwFBVV95cUxOc21JdGRQbjRNdmM2RlFjOVhPYnZ3WkpNTWpncDljQkFFbUJ3NkxZRnNDR2R6M01pRE9hQTVEX2NZczV1Yk1VWlZBd1JrcDROdld5RU5Ub2F3VEVWMkRzQmlnM0pxX0hWWVBlWVlRbVFaZXRqeUlvOXktNElMZG1BYmxCSnlreXU5OHRVUFk2bm9RQTdpZkJkYWthUUwzNWM?oc=5,Tripura Chronicle,"Fri, 29 May 2026 10:04:14 GMT",2026-06-14T20:33:56.329084,cyber_fraud,True,False,candidate,https://tripurachronicle.in/local-news/online-fraud-ring-targets-microfinance-borrowers-in-khowai/
online fraud Tripura,Fraudsters extract Rs 16.38 crore from Agartala civic body’s bank account; probe on - The Assam Tribune,https://news.google.com/rss/articles/CBMivwFBVV95cUxPZXFiSUIxMzRQZEhMTjdLelB0QzN0OVF3RVo3YmM2ZXFfNjUxNUYzRmZETDBsQTRHRmdmci0zWnBQLUVTRmxEb2hyTG91cXN0bDRnRVRtY0NqRmIxZGJQcVNhRTAyOFNrWGxiblFSRm5uR0J5cEotbzViWFdjV3ItOUZweDZ1Uzk1S1FldG5sc0JDR3dpOUh5T3NiRmJtNWhObzJ3RmNLWVUwNVduczhQUGhzdWpWUHEyaTFiMkQtQdIBxAFBVV95cUxQR3NtT3N2c2g1VFdtN2ZkcXdJWTYtdk9ZeVh3aUcwS1dGcUJBOEQ1UlFYTi1DM0Vsd1NCQmhENVNhR0ZzdlMtaFR3dHVwVy1ldjBWVFhwUzFleXF3Zkd6X1J1MDZTdG1aYm5NS09GOHl1WVBFYzJlTE8tTm00ZUxGLWs2OFJ0MFNCRWZPbXVaczc3dnNTUzJMdEI4cGdUUkRXY3F4eWRBSG44a2lYQUVoMVJienF4TUlKTnNWS1dWS3hRcGk3?oc=5,The Assam Tribune,"Fri, 05 Sep 2025 07:00:00 GMT",2026-06-14T20:33:56.329352,cyber_fraud,True,False,candidate,https://assamtribune.com/national/fraudsters-extract-rs-1638-crore-from-agartala-civic-bodys-bank-account-probe-on-1590349
online fraud Tripura,Cashier from Assam held for Rs 16 crore fraud in Tripura Civic Body account - India Today NE,https://news.google.com/rss/articles/CBMi0gFBVV95cUxQeHIwUnhPTHJrcllieDVoOTZHbVFsamwzUklidklzX0RKR1JnQnB6YzRVbEVUeEdGOWVicXdNVkRGR2JyczFvWU0yM0xFLUtCRWNHdkphTGdsUW01WmF3RTlhMTEtSldNclFreDJtZXV1VWU1VjNKSGxmekQySExOS0x4ckc2eEdPLUJNZFdpWDJ6V2RCSlZIekk1WDRjZExGS2R6UWlkN0hjUUU0cnlwMFJZT18tZjFfMkx6ZEdlQU9kbmRIek5NMVRfX1R2bDRrd1HSAdcBQVVfeXFMTlcyNWpZcW9nRTZKanhrdzhuLTBELWVMcmFZOEttakNvZ0tWajNZenBCVXJVSTZtTEJzZEtKXzZ5bGs5Vi1qRjFmenhNMm5nQU1BdHlNRDVPZVB0M0hMN1JZLTktZWd3OGM5ZWlVY3hoMUFWNm5PcU1YMmhydXpXZE1hZmpab0NTdmF2SjVWbE9wZ3ZsbFpXZlItWTYzMDltTXh0NjFKNnlOc3RuLUlZZFR4SlpyQUhIUXJLc2oxeTFXYzNScVdha2pPRXFSa2xhNWdhQ1gzek0?oc=5,India Today NE,"Sat, 13 Sep 2025 07:00:00 GMT",2026-06-14T20:33:56.329396,cyber_fraud,True,False,candidate,https://www.indiatodayne.in/tripura/story/cashier-from-assam-held-for-rs-16-crore-fraud-in-tripura-civic-body-account-1277125-2025-09-13
online fraud Tripura,"Cyber fraud: Man poses as Tripura minister, seeks money - The Indian Express",https://news.google.com/rss/articles/CBMivgFBVV95cUxOVHZsd3l6d01RaEo1SWpSWjhsWTd0RDdjaFFlenU0bEI3eGkzTC1LUXd0ZUlnQWg2QV9jV202N3BwNWI1bnlqRXRpSTFzNFlkNTBqdmhfM1hRSXBmU05LN3duM25NbmZ6UENiZ0VLYVJsSDZPVEpFYTRwclBUZmg5cGRNM2F4RHB3S3hCcW9oeGl6RHBuOFNVOVVZVlNlV1R0RktMQkllbWpZYXUzeTAyeTF4bl9pRHVRSWJrdU5n0gHEAUFVX3lxTE9HVmh0YUFQYk9Ub0laQXFXTlpjSTN0S2NRZy1ZUGxDQVN4LVlwZXA2bnphLTZFV0FsN1dzdmxqNlBwR2lTay1tcjFXRDBraVdYVEZ0YmdGcmdHVGlzS1NzbnowSXRKQXZERGlfSldBQVE3Tks4WHA2cmwyZ3F0by1pMm1ZZFRSdlVpZWFPemZvTUZXX3p0RjdTWDk1MzNPZ3d1UlBnRkFGRFBhRzgxdDE4VkNaal9tekh4aHVyYldpMlVrYk0?oc=5,The Indian Express,"Thu, 21 Apr 2022 07:00:00 GMT",2026-06-14T20:33:56.329417,cyber_fraud,True,False,candidate,https://indianexpress.com/article/north-east-india/tripura/cyber-fraud-man-poses-as-tripura-minister-seeks-money-7879712/
online fraud Tripura,Assam: Another key accused in online trading scam arrested in Tripura - India Today NE,https://news.google.com/rss/articles/CBMixgFBVV95cUxQOTZYQ3BsMmRobmZLdXNiZmRmZ3drM1JwZ2Z5V21BMFJIX3pQdk03cUJNZ0JSWDdxV1FwSGxTdzNHVmhVaHNkeGdmS2VMdHVpOXJtR25NR2lkR0lhZmRud184ZXJkWkRWMnR6MTUtb2xzREpuV0lna1pwb25UNFZHMmZwQThBLUF3R0lXcTE3SXFFVW9qcGNiUEp0QUs1bmVReVM3amVkcjR1QW40THlsbFVNWmM1TExEWkl2RE5DbUd0Ulltb2fSAcsBQVVfeXFMUEhfRDA4djRiaGNDUFFUZHN4UDRENEhRY2ljazZ6UWxybTdSaG9mOFZiX3VlSDRoY2tqaUllSUJUMmxsZGZub09BV1UwTDFkRUtpbmEwUWJzajNWNFVLYmVxaUUyZmhjR21RNGtRY0doWmFpOXZwczU0OVQ3MEhnRldPOF84QV95OEpTSHkwbTBkY0dkTlJ1eGZfYm5ybUVuWDY1RVowQXhKd1d0a2ZxdTVUTGtkMHVRTndpcTlvcHMwNnB1b2F5RmFiZWs?oc=5,India Today NE,"Thu, 03 Apr 2025 07:00:00 GMT",2026-06-14T20:33:56.329454,cyber_fraud,True,False,candidate,https://www.indiatodayne.in/assam/video/assam-another-key-accused-in-online-trading-scam-arrested-in-tripura-1193197-2025-04-03
online fraud Tripura,CPI-ML places deputation demanding rollback of Smart Meter - Tripuratimes,https://news.google.com/rss/articles/CBMipAFBVV95cUxOVEE3U1hlbnpyMDJDaVVHTVI5cjVma3dBb2hRLWFmSVV2TjA4Qmx4S0FmRGN4c1FMbXpLbXlESTRuWUMwOFRBY2tIVEZXSy15MXZTdHI2cjV5VW05V2tuMGlRMDBPRnFJNS1lV2NobXh4SmtxZWR5eEppdFdzckVoem0xdUg1OGVZTFFWa0luSEZVLU14RUlMZkdkZWNodDhmSm9TSQ?oc=5,Tripuratimes,"Wed, 16 Jul 2025 07:00:00 GMT",2026-06-14T20:33:56.329466,cyber_fraud,True,False,candidate,https://tripuratimes.com/ttimes/cpi-ml-places-deputation-demanding-rollback-of-smart-meter-29619.html/
online fraud Tripura,5.5 Crore PIPSL Scam Verdict : Three Senior Functionaries Convicted By CBI Court In Tripura. - TRIPURA STAR NEWS,https://news.google.com/rss/articles/CBMiywFBVV95cUxPSUtaMkE2VkUza3c2RzhZUm5FN2tZTWF2UHBkeEVkRGNURDNDUl84T2xNWHloaWpUaUdzNXQ5X24ybXNpLWR3eU9hVXhRSTZZb3JBNS1fdGZBZTAtcWl2ejFFRURiaDNzX2JWWWdybmZFZ1lsVm8yYU1GSzZRMWl5V0RuV3dCVzQ2bXQtNEdCRmdtTW9CZXpKQzlHMnFXdy13Ukd2UGpjWkZLTWtWcXRoa3VKbl9SQVZZZXRTVE9ZUWh4X3N4ejZlM3FLaw?oc=5,TRIPURA STAR NEWS,"Sun, 31 May 2026 01:16:47 GMT",2026-06-14T20:33:56.329472,cyber_fraud,True,False,candidate,https://www.tripurastarnews.com/%E2%82%B95-5-crore-pipsl-scam-verdict-three-senior-functionaries-convicted-by-cbi-court-in-tripura/
online fraud Tripura,"Destitute Family Claims Fraud By Village Microfinance Company, Raising Concerns Over Student’s Education In Sabroom, South Tripura. - TRIPURA STAR NEWS",https://news.google.com/rss/articles/CBMi8gFBVV95cUxPNnM2dmpqNHFHSmY1N1RQdkJpUEprcU9uang2TDJSNVh2RVhaSkFDenFkMjZheTRIbGpZQVNPdW5SbF9aV1k4R3p2dnVCclFBTXh4cWxZdnZkUm0yWFNLSXAzZU4tbDlDWmVWX2Z5X3NtQ3BSYW14eFY4Q1JYX3AzbU5XZEt1aVZmWnJmcUhrTXY4YnBLY3dOR1NPbXh4TEhnVlI2LVpSbWxhZklXejVVWWQyMk0yOWdmdTY1c2dNcVJXMy1CN1AtdnZPSE1QZWlxbS1fdFhqOFZHc242N091dVdkVDlkSUUwdjNjQnlzSnM4UQ?oc=5,TRIPURA STAR NEWS,"Sat, 13 Jun 2026 08:12:56 GMT",2026-06-14T20:33:56.329478,cyber_fraud,True,False,candidate,https://www.tripurastarnews.com/destitute-family-claims-fraud-by-village-microfinance-company-raising-concerns-over-students-education-in-sabroom-south-tripura/
online fraud Tripura,Fake Job Racket Exposed: Tsecl Warns Aspirants Against Fraudulent Appointment Letters. - TRIPURA STAR NEWS,https://news.google.com/rss/articles/CBMiuAFBVV95cUxOaS03SE9fbWdiSlJVaEZHUHBLZFZaMWJ5TzlHUlh4azV6MC0zVmpJTC1oZUF3bEZoS3ZEaExua0dQRlBTVE1Gc1hpYjVuVkFVYjZsdVd1U3ZHRnF0Z0RfUno2Ympha0lUWjhWVGg2NG94Y0Vobi1qbjZwaGRpWWMxcGZyb3dYVTJxQVg3MGpsRG5xN3FRdm1MUXdLTmx5NmpYdl90SjZjR0hENHlBSWJxYk5zV29ZZTZE?oc=5,TRIPURA STAR NEWS,"Wed, 17 Dec 2025 08:00:00 GMT",2026-06-14T20:33:56.329485,cyber_fraud,True,False,candidate,https://www.tripurastarnews.com/fake-job-racket-exposed-tsecl-warns-aspirants-against-fraudulent-appointment-letters/
online fraud Tripura,CBI arrests director of Kolkata-based chit fund firm in Tripura scam - The Economic Times,https://news.google.com/rss/articles/CBMizgFBVV95cUxPNW9hMkZ2cEg4OEdrR2t6UkpfUUtTd0RWVU82OWVDbS1EVUpiZk1JMjVSZ0JrRkFDVmZYaS1qMkFyTmpqSS1ibGhUZnRkR0tyd0Zud1RFZWR5dzNxMHRiajZFLVYtUzg0cW5rWWJrSjUySTZTaXdhd01tR01UWnBFMjhyQXhCS2ZRb29MZTlQbE95UU1LcUtsR3pILS0ySGVBVFB0ZEFZQVpBak9MeE1BcU52TE5pelByUjBEblh6aktzelZtZnZkSEJhM3FzUdIB0wFBVV95cUxQTkVJWi1RbWNoRmNUUWRTYnpObXVNcWxVWUVSSHFUZkphbjNLSzRZdEZVSkhJRm1rRm1tbU1uYTNFV2tyYVJrYXUydV9FRVNJOWt0UWhNWV9uUy1aWTMyRzZHOHptMG94TUYxMFhXTFZGeC1hTHlfVGJiaThWRUJvVDByZzM1YmxrMm9fRVpNZ2F6YzBnbUc0S0F5RHotZUF3SVV2NG5vRDYwT1JhUHROYzAwVk0tdlhMcEszdlpDZFNleFIwZ3ZERG1PTXNpQ3lLWFlJ?oc=5,The Economic Times,"Tue, 12 Aug 2025 07:00:00 GMT",2026-06-14T20:33:56.329491,cyber_fraud,True,False,candidate,https://economictimes.indiatimes.com/news/india/cbi-arrests-director-of-kolkata-based-chit-fund-firm-in-tripura-scam/articleshow/123261976.cms?from=mdr
online fraud Tripura,Fake saints scam exposed in city - Tripura Chronicle,https://news.google.com/rss/articles/CBMifEFVX3lxTFA5dUw2LXdaV1UtLTZIZ21VajJ5ZGt6aUVIWHlRNWNCNDNRR3o3NHVxajZTNndRTkVQVUZpNkdQQWJFSVc2RVM0a3ZUMmtjeVhuNEJtcms3VlZLaFhPa2QycktnNkREOXI3UDhrVXRyVzUxNmpDX1dyLThzeUY?oc=5,Tripura Chronicle,"Sat, 13 Jun 2026 13:49:40 GMT",2026-06-14T20:33:56.329503,cyber_fraud,True,False,candidate,https://tripurachronicle.in/local-news/fake-saints-scam-exposed-in-city/
online fraud Tripura,SC seeks response from Tripura govt over pleas against termination of teachers' jobs - The New Indian Express,https://news.google.com/rss/articles/CBMizwFBVV95cUxPdV9uOEJvTy1Fak51X1hsbUl1MFpUVWlxRE41SmY2VlhaZnpPbnQzSnRwbkh3ZklQQWx2eGVIbmF2dFA3X2RJY2xUSzR0UmtGbXFHR1c4SHJvWUNQZWYtdjJWLUpEQ3h0aGlreGVhZ1hBSFVwdTNEVnFBRzNVYVRfNWVCczFTWjlfZXVnM0ljN08waF9HTmVKNlc1OEZPdkdiaWFJZF82dVAxX3RlTmJfaHpCVXVPX1dadzI1UjFPVjhUZGZqakRobzNhMEhHRDjSAdwBQVVfeXFMTTNiRndzam9iNE4wOW1YUXRSdTh2TlBYLTJEQlhpVnpyVHh6WW5aTkdOWmItWmF4b1laVV9KSTRMX2dZeWRuamNiQ0pycExHNHNyVjdFaVRjUl9Zbkg3aTZWN25OMTVNanZWbUszblVXMUJvSnpfVWVvdU5iNFVyNWpPaVFQLUJvUXVvNlYtMXZrTFh1TzRPQzZSZEZHc3BRRDZYMW5Gd0VoYnJoVHVnVTFoYlZJZlYzWGZZV2RKc1ZIanJRUDc0RmhObG5OWHRyT0dhX0dxVlJfTUhJNA?oc=5,The New Indian Express,"Sat, 20 Apr 2024 07:00:00 GMT",2026-06-14T20:33:56.329509,cyber_fraud,True,False,candidate,https://www.newindianexpress.com/india/2024/Apr/20/sc-seeks-response-from-tripura-govt-over-pleas-against-termination-of-teachers-jobs
online fraud Tripura,4 workers die in Tripura brick kiln chimney collapse - The Times of India,https://news.google.com/rss/articles/CBMixwFBVV95cUxNN3FDWXFmMy1Na25lMDFtMkdFYTl1NHZsbEtUelk2Q0hrLUU5VDBaWVYtZV83WkJfUXZERUNwQ21CX29XOWhtSFc1VEpaUmdwWnZiVjRHcVRJSlRJT1VIZmZwUGNHaDNVR1ZnbnpiN2ZDMTBJX3E2U2hqekJ1cGV5U2xaU1hjQTRORFhkbF90OENULXRZWXpub1NabjlleUhwa2xmV0xXUDZjWTJzZXZJb0FTekNURWFyMkNNRk1PLURSY19teHQw0gHMAUFVX3lxTE9kWXZaR0lJZG80TTlJUFNfaVRfQU9nMWtHNUc1bFlwdm1aaGRjc25nYWJQbXZVWHhPaWxSS3JaTlNiZVNLeFR3T3lEVE5pNkQ0bmxJUmlrR3hXUEUwS20xcW5KTnFBWkIyWkM2anN2Vlk3cUNFbE13Q0Z5N0FwV01oWldGQ3FOUTZFZzZLZEw4UktPYURpSFVVTXU3Ymw1RUNoX0p3bFQ3dXFXNnY5NXV5eE1oQV9TWno1bjNOeUZVRUZiU2VBT1ZsNkdtbw?oc=5,The Times of India,"Thu, 18 Dec 2025 08:00:00 GMT",2026-06-14T20:33:56.329521,cyber_fraud,True,False,candidate,https://timesofindia.indiatimes.com/city/guwahati/4-workers-die-in-tripura-brick-kiln-chimney-collapse/articleshow/126044511.cms
online fraud Tripura,Zupee Joins Forces With Gurugram Cyber Police To Promote Cyber Security Awareness. - TRIPURA STAR NEWS,https://news.google.com/rss/articles/CBMitAFBVV95cUxPbjhmdmZlc0pxa3REY1g0UVFoczBfdWs2TmdvWWVabExLSGh0bUhyODZfdVN0SWU4SnMwZDg3bWl4Q3ROU3BzUkUwTWhMRG93THdnLWFpVjFrT2QzZnA5aDBXcEdGc0JvWnMya1N0Y0pHV2psQXROZXhDSE5MdkVmRlpBSlZsVXUtdjlQVmtZcmYwYWN5amhsVFBYT3I2LTRKRlVLS3FkLXpWRkJNQlpubDJsak8?oc=5,TRIPURA STAR NEWS,"Mon, 03 Jun 2024 07:00:00 GMT",2026-06-14T20:33:56.329528,cyber_fraud,True,False,candidate,https://www.tripurastarnews.com/zupee-joins-forces-with-gurugram-cyber-police-to-promote-cyber-security-awareness/
online fraud Tripura,e-challan in Tripura: How to Check and Pay Online - ACKO Drive,https://news.google.com/rss/articles/CBMiaEFVX3lxTFBKQXNoY3lFYkQyZHA2dTExTXdvSTNCdC1QcnlFYnd1MnFHMXNFS21SUTduQ0d4QTNPRUxJQnF5T2FnMTdtRldtZ3M5bmNYeERBV1VCTUtFS0ZGNk96NHdCX2Mtdmd1YWFI?oc=5,ACKO Drive,"Wed, 30 Apr 2025 07:00:00 GMT",2026-06-14T20:33:56.329554,cyber_fraud,True,False,candidate,https://ackodrive.com/traffic-rules/e-challan-in-tripura/
online fraud Tripura,'Used to burn private parts 3 times a day': Tripura student’s secret call in Bengali exposes 3-day tortur - The Times of India,https://news.google.com/rss/articles/CBMimwJBVV95cUxOQW81VE5MVHFFeGRqMk5hUW1jM1dTUm1XaEx3LWdIZlZnTWR2eWwyWGc5Z1J0a3VxVl9TNUE4aUVvdC1tWmlRNmtWcFhfczV3dDk3Y0dvVkZnVHZxWHNaOEhUZWxqVEZBcmM4MDBJSDZEOXV2djhUMmEyeUlMR0pDWG5SNWJMQkNseFJlY0FzRUE0aWlkV2Q1TVc1SWdocGlQc3pBZGlJdnRQaHJ3S09oTG1iZ25MUDFBNjdzUVJPR2ZkX04yVng3MEh2SjVodGVvUTdpOVZEU1Y1RlBDTTU0WHdDSWVPdWZmaGdtdHlXV1hTSUJCRUdreUp1cURjNDBMU1Q4UG9Vc09LNU5naXhvVWs1Y2RnczFmTlpF0gGgAkFVX3lxTE1zeUR0bk05d0VydmZJWXl0bDRXMXRBdXBubjhwRnRnb2k0S0hrdlZVMTRHZUs5T0FEMzUwY01ORnA5SXlMN0lteFEyeEx4YTlyTTdBSDV5X3pjRzh5N1lqUjkxWUxJTndGcUxHemVjQXdERlU3bnd0dzVlQThWSXhIQXlBanpJSjRTTzZpTUxleEJ3Q2NjaE4wd2FLNnEwbXQ4Sm85aHBzNFpWaERCMEIyUVJhTTVneHNZT3VXWUJBYWJId3dsU3RaUXAxTDRvenVXMFZNbXJpSWJnRHVUUHVtMkZTSE5YN1NqbDdmd2h5TzkzcXdXbWhWNmJVTDBxQm53eXptY084M2drcHppdUJJWmVLSE16ZU03QTlnQ0tsWA?oc=5,The Times of India,"Mon, 23 Feb 2026 08:00:00 GMT",2026-06-14T20:33:56.329560,cyber_fraud,True,False,candidate,https://timesofindia.indiatimes.com/city/gurgaon/smashed-earthen-pot-on-head-tripura-woman-held-captive-for-3-days-in-gurgaon-og-how-her-live-in-partner-tortured-her/articleshow/128695197.cms
online fraud Tripura,Tripura: CM Manik Saha attends inaugural program of National Conference cum Buyer-Seller Meet in Agartala - The Times of India,https://news.google.com/rss/articles/CBMihwJBVV95cUxPN1ZFTUMzRjZkd09EemxKa0Qwdm51a0MtaVFSZFdHbHE2LWRIN0hFTE5hWmVZMFFNTDlVUDhfTjV4MVlfcjBfbERwOHlJc1V2d1V2d1RsdzZvVzlYZzBLNVd0Tml3aUlzVHFhZzRpUHNGeVlqejNFVTJfVzhvOHh2Vm9hd1diZl9xOGhLLXExQ001U1JPdHZnQ2Z6YUZuX3EtTG1pWnlkZ0g1RjlYRWo0MGdlN3czMDFtT1F3dUo0OEJKaFFFWlNTd01DTUFjUzRNU0xBbzBTc2k2cm1CSDF4Yi1yNThVUUF4NlBKZnBoeU13WVZUV2NNRVRtbWlJX2xZdENYOHMwRdIBjAJBVV95cUxQdndwRldEYzVtNVJUS2N5dWNfVFlFSHdqaWFoR1hlS1hXSWtuX2pvaHBUNWNlZS1yazBUVlFKVFJkZUt5TGRBVnZkQmZKZnpfbjZPNzVhcnZZd2dodzRqWFQwR0plMHl0elZRcERXb1lpeEVPb1VHczY3VnFvazdZR1VmQ0FlVHR2NDFWUUNFa21iV0M3RDJWZGUtNmJvUVBUUDhEZS1iTmZ5RURBS3dGN2VYaFhvbHlfTVdkc1hDelFLT0JoY0R4UVRySFVVRXpURmxsbTc3WlZRTXVxanY5ZmRtTG5rX2hlRXRWMUxtWHczT1VuRkVOMGs0WnRkNzFHOFliaV9mdGJ6V3g2?oc=5,The Times of India,"Tue, 04 Jul 2023 07:00:00 GMT",2026-06-14T20:33:56.329573,cyber_fraud,True,False,candidate,https://timesofindia.indiatimes.com/videos/news/tripura-cm-manik-saha-attends-inaugural-program-of-national-conference-cum-buyer-seller-meet-in-agartala/videoshow/101467093.cms
online fraud Tripura,"Arjun Kapoor falls victim to online scam, warns fans - Tripuratimes",https://news.google.com/rss/articles/CBMimwFBVV95cUxNcGVDTkdEbVVUZWtmSXB1OGtmaHBXZTdxeDVPcVJpUjljMUZ0Nk53b05HeFdTWHFXa3N6V3JOVmNnTk81SnNkbDZ6cmhqYUQ3XzhOMlBJandkNi1rbHMtWjRiTnJHcHA0RHI1alB2SjdRQ09JTkZuM2ZtclBEX2ZaSU42WG9FRHM1NWUxdVdPdUNGSDhzZEJ6aGRhSQ?oc=5,Tripuratimes,"Thu, 26 Dec 2024 08:00:00 GMT",2026-06-14T20:33:56.329579,cyber_fraud,True,False,candidate,https://tripuratimes.com/ttimes/arjun-kapoor-falls-victim-to-online-scam-warns-fans-23096.html/
online fraud Tripura,"U-16 cricket tourney: UP enforce follow-on, tighten grip over Tripura - The Times of India",https://news.google.com/rss/articles/CBMi2AFBVV95cUxNNjJkLUJvUlEwSHlqU05RTXVIM29rQVJyUzNyR2NCMDNQYndRbVI5SHZPOW5TNFBqR0FSWjh6dkx4bnRnam42ZkxvRXlhTTdKbEdva24xbDFIamp3c1VneEFfZzlYZEpQWm9qMVFRUVg1dVpneS1rWFVDTmFUcjhFd3h2RGhldHdPeGtHZmRmTmZEWXNWSGFKc3phUkpjR29zejhjTkpYdnlIMXlaeHpEeVlzR1Y3bVJfWkRBMmMyQlVlSTh1ZVNhWW51cFN0RUZ5OG9fdTZlenDSAd4BQVVfeXFMT2txZlFLcUc0X1kzYlNBODdSMWJld1Noc1otNXdib25ENjVFVDRIR0t4NDdQTnZEdVhZbHlzZjNaMTZiQlpfaXFDYjZPcTJuX1pfOTdJaVlJdndjcmZLamFQcnBWWk9QZEdJZE05NTdJOURwb3doUm43Mk9TY2lib2Q4T1JFT1A1dVh0dGsxX3UwbHgtakJRMmdEaDdKS3NBUUpCMjFhSkh3SzBMMUJ5cWdhOTBrYVlTUkZNQXN0cEFubTNUZkwtWTliMTRvM0NrMXVZbnMwdXRGdE14SDRB?oc=5,The Times of India,"Wed, 10 Dec 2025 08:00:00 GMT",2026-06-14T20:33:56.329585,cyber_fraud,True,False,candidate,https://timesofindia.indiatimes.com/city/kanpur/u-16-cricket-tourney-up-enforce-follow-on-tighten-grip-over-tripura/articleshow/125876919.cms
online fraud Tripura,"SC grants reprieve to 700 Tripura teachers, directs HC review of termination orders - The New Indian Express",https://news.google.com/rss/articles/CBMizgFBVV95cUxNNHhhVmVMLU1HdGxmam1fbXBqWGMxRkN2d29pUklBZ1pWS05LSHFDTU15aTBuc1NDMEM4NTVvRHdnUDJ5Tl81eHNoakptN0RnRWVHSlVFOW9QdGFpMTQ1VGhZYU5wWkNRQzlycWpRMzNNYkFPVmM2VFZkbnZBMzVQbGVDOUpWTk94WFdUckpuLTA4ajVyY2xvZDdKSjZ0MmNObkVTc2g0UVh1ZDhrdWZoSllnUUhOZkpJcjFtdElHZ1JJRTVQZm9UVEdPdlpyZ9IB2wFBVV95cUxNVTREX3NLalBRR05QTzVmNHgwcGZua2huaFhXSkNneGRPZTcyQkVkOU9PbGR2V3V4OFRjSmJVNm5XcExCaGpEWHdDWmV4Zlg2ejZNSWw2SHdJd2s4dVp6QzBLTFhXZ2l5ZEt1QUFhV25aQUhKMm9qb3pFXzMxZGVXRGRDZ2FDYzg0V1c4TWFGZHQ5Y21fSUJrR1ZoS3h2TmNhb1JjdmJzcWVOeWYydjlpR2JJNFlTbGd1RG1fWGJadlBUZ3prS0RzTDU5VnB5WFlPTE9kYS1aSnhVUHM?oc=5,The New Indian Express,"Tue, 06 Aug 2024 07:00:00 GMT",2026-06-14T20:33:56.329591,cyber_fraud,True,False,candidate,https://www.newindianexpress.com/india/2024/Aug/06/sc-grants-reprieve-to-700-tripura-teachers-directs-hc-review-of-termination-orders
online fraud Tripura,"Tripura floods- Crops, electrical assets worth over Rs 707 crore damaged - The Economic Times",https://news.google.com/rss/articles/CBMi0AFBVV95cUxNcnFZV0xFbGIxTGVzUEl2SlVSREhsNnFDZHdZV2lUUkp1R2ROTmluU09aaldGWGpxYkJrMTdETnU5MlJaN2IxSnBaT0UzeTRkZndkZDAwMU9pcUQxYjFCaHp3TDdFZWNIMEZBLXBrZTVpX1ZjN2JyNThqRlFVdzdyNmVJd1ktOG5fRzhENTRzVWZwczRUcmJHUTd2WVJFOF80aF9qVmF2b2d0aHRObDVFZlBBWnlCWGFsdzdlTGItbEIydmdYWmtGTVlYNUdDLUJ10gHWAUFVX3lxTE9iRFhETnYtcXd5MkhIX2wwanZycFhiaXFkMEJJb0lITHAycWRreUdfQVphNHF2cGVPa3JObzQtOHFUYjcyWUZpZ2d4X0E2bUI4aHVvejZwR0NQdk5hcU1hcmhBUTFyMi10dUpqbzhyZE5GQ2ZUanJFd3RIWkpjZWhnV2lwNC1kMnFhd0JzUG1BSXkxLThQUDVnMl95cHhoYlhXaUJmZENtSHJnTzJDNENzbkRBWGZVbVZ0b094UlUwNXBhT2M3YmF3MFdnRUtka3V0UGlmOXc?oc=5,The Economic Times,"Sat, 24 Aug 2024 07:00:00 GMT",2026-06-14T20:33:56.329622,cyber_fraud,True,False,candidate,https://economictimes.indiatimes.com/news/india/tripura-floods-crops-electrical-assets-worth-over-rs-707-crore-damaged/articleshow/112768119.cms?from=mdr
online fraud Tripura,"NDRF teams arrive in Tripura with relief materials, disaster management equipment: CM - The Economic Times",https://news.google.com/rss/articles/CBMi4gFBVV95cUxObmI0OXZSREhES0RMYnlyendEVU90MDVxZ1dzbDJ3VjRyU21DVWZXeU9uclgwbTlTT3R2Mmw4S1YtR0JQNDdpSEhDekZjTDJnX0dRcVBybWlnZDQwN2dVblIzLVJoNWttWWRyVE84TVZPaUMzSFRhenFUdnNCOXhCR1hpeHlZZGVZYXJVSXIySmVSVHQ4aC1OWUxSMll2N3Nma01FMHNIOHg2MlFkaHRseHNfd1RKQ2RTTl9Na2V4b1UySEVBamdBTk5UQU5rd1JOSHh0dFFLVk9ZQkhXZ1NjQlR30gHnAUFVX3lxTFB6NlZPcnREWnRtTThBTmVob2FGSGJQSkRuYjlzWWtTV3c3UjNJeWNCN2JOdkpUX2pEbk5HUnZyLWxVVHRkUlAwTVRXU2RQN3M1TU9KMm81b3RHN3k0aEpwVzdLVFQyTE1GOHFxVUJ6aGtialBFZnlYTDJOUGhlcVFsOGpjbldTSEp4YWxTbFNud1BfRVB2bm1UMEVfbDY5a0xIakVkcmowamhjeU1JQjIxeFlEY1kyQk4zc2I2end5OUk0aGpsNWM0MDM2el9zWHQtWFdlWmZIZ2tENVgtNXEzUzYtMFp6NA?oc=5,The Economic Times,"Thu, 22 Aug 2024 07:00:00 GMT",2026-06-14T20:33:56.329635,cyber_fraud,True,False,candidate,https://economictimes.indiatimes.com/news/india/ndrf-teams-arrive-in-tripura-with-relief-materials-disaster-management-equipment-cm/articleshow/112706597.cms?from=mdr
online fraud Tripura,Four fishermen feared dead in Tripura's Dumboor Lake - The Economic Times,https://news.google.com/rss/articles/CBMitwFBVV95cUxNbTNRaUtia05WZXBQMFR2RUJQcVlub2lkZlZLN1BjbnhST04ySjZlS3ItVHBFQlp1WFRYNjI2MmVWODZ3SkNYUzFJNEtBaDZYVklUOVdEbjVnUUthU2ZPdUNmdFo2X1NEOWk4aGFfTHhIMDZ3dV9NZ3VENG9LZlJLcnRuZXNBaGo2WS1QNlkxTlRMWWZMRC1SZHdZNGYyM1hJNl9yQjM4YlpEcWRkTHpvcU5YQmh6a0HSAbwBQVVfeXFMTzI3bmVpSGNaNlR1QVNHajd6RjR6SXBfMnFGR0p0NXVQUTd0aktXYjMyM3psMzBtQjdHWWJIZmRHaGJweF96OE9yTzlfQXd6UUdIWW14N3dmNGxkdGh0NGpLMHd5WXBPSS1JTmQwUXFRa3ZuZTUxVWhnWjVOT2N3cV9WdUtKdzI0Y1BfQTVrbU1zUFJZWHJhN3JMc3NGT3lyWkhhT2d0THZIRnR3S0x5RlRUbUFuSVdfay1LM3U?oc=5,The Economic Times,"Sun, 24 Mar 2024 07:00:00 GMT",2026-06-14T20:33:56.329641,cyber_fraud,True,False,candidate,https://economictimes.indiatimes.com/news/india/four-fishermen-feared-dead-in-tripuras-dumboor-lake/articleshow/108751972.cms?from=mdr
online fraud Tripura,Tripura CM Manik Saha honors B.R. Ambedkar's 135th birth anniversary - The News Mill,https://news.google.com/rss/articles/CBMipAFBVV95cUxONElfamhQdERSZXlnb19TTmZfUktVNjV5Sl80LVRvbkV6Q2p6Q2dCdENUc3k5MDRmbUEzMGExTVZXUHA4bjJ1WXFRNVBtNUZSVGlPc0NINFpYbTk0VGJyRjd4SnAxbTJlc003bS1UWkJNR25YcE15RVN5NkdBZ0JtNFU1UU9qbmdJQm1zSm55a3NTMmpyVklHeWdxNkp5ZzJhRXlqUA?oc=5,The News Mill,"Tue, 14 Apr 2026 07:00:00 GMT",2026-06-14T20:33:56.329646,cyber_fraud,True,False,candidate,https://thenewsmill.com/2026/04/tripura-cm-manik-saha-honours-b-r-ambedkar-on-135th-birth-anniversary/
online fraud Tripura,Animal sacrifice: Another ‘inauspicious’ incident happens in Tripura Sundari Temple - Country and Politics,https://news.google.com/rss/articles/CBMixAFBVV95cUxPNG95d20zcldFbkowTEZua0Zzdl9USndFN1NkX3RIWi1NR1RQUk90SV9Eakx6SEhpYk9jRm93dU9xTGY1NVctVGhIVlhtZEJva0RaaGxQTDZmOVVwTHltblZYYVFjeG9MZUxXWUs0MWx4NC1ZeWNwRjExUDNPV08tVk1jOHh6SXJ0VFlWelRuVTBJRmdVLUMwdVZaRXJWY3EteHoxS0hDV01GZGZkcG0yV05mTTBFNHFyREcyX3dKcjlYSkpm?oc=5,Country and Politics,"Wed, 22 Mar 2023 07:00:00 GMT",2026-06-14T20:33:56.329675,cyber_fraud,True,False,candidate,https://www.countryandpolitics.in/2023/03/22/animal-sacrifice-another-inauspicious-incident-happens-in-tripura-sundari-temple/
online fraud Tripura,ED finds 25 surveillance cameras during Tripura crackdown on drug trafficking network - MSN,https://news.google.com/rss/articles/CBMi5gJBVV95cUxNcXYtaVhxMUhLY3BpWWE3YUItNDdsVXI4RDRVOFpSeHN1VzdvdFNneXFLQUxBYk5PRFgxRHNheTZpc3hTeVpwRURDT05jWHA3cUFKZC1BSkhlUi0xQmt2WlVuOHVQQWJZRmR6YTJQMjhueS1ldl90S1lBMlZWRk9OR1kyMjMtYmh1N3V5RExRVGtiTk5pRHIxa25sV0dvM3lkWGpDRUV3STgyOFhMalotcjktWWxTMEhvZVViaVA3LUIxUDNiZGhGeTRYNnRUMjdDVWgwdXY5TDVUc1VaQWFFZjN1Q0JNOElOX1VFdU91MGZHZzVsYllKaVB4RW9PYjA0ejl2cVhaZXpodGRLTWZHMU5DaEUtY1VZb0JDRm5KWk1nekVhVEN1T1cwTkd6azZQLWJHS1ExdDhDbmhCSGFpTFhSQ1lmUmtSU3NrMmtuNW5tQmhVSTFSUUdhNFpwQWhpLUNUaENn?oc=5,MSN,"Thu, 11 Jun 2026 06:45:54 GMT",2026-06-14T20:33:56.329682,cyber_fraud,True,False,candidate,https://news.google.com/rss/articles/CBMi5gJBVV95cUxNcXYtaVhxMUhLY3BpWWE3YUItNDdsVXI4RDRVOFpSeHN1VzdvdFNneXFLQUxBYk5PRFgxRHNheTZpc3hTeVpwRURDT05jWHA3cUFKZC1BSkhlUi0xQmt2WlVuOHVQQWJZRmR6YTJQMjhueS1ldl90S1lBMlZWRk9OR1kyMjMtYmh1N3V5RExRVGtiTk5pRHIxa25sV0dvM3lkWGpDRUV3STgyOFhMalotcjktWWxTMEhvZVViaVA3LUIxUDNiZGhGeTRYNnRUMjdDVWgwdXY5TDVUc1VaQWFFZjN1Q0JNOElOX1VFdU91MGZHZzVsYllKaVB4RW9PYjA0ejl2cVhaZXpodGRLTWZHMU5DaEUtY1VZb0JDRm5KWk1nekVhVEN1T1cwTkd6azZQLWJHS1ExdDhDbmhCSGFpTFhSQ1lmUmtSU3NrMmtuNW5tQmhVSTFSUUdhNFpwQWhpLUNUaENn?oc=5&hl=en-IN&gl=IN&ceid=IN:en
online fraud Tripura,Rose Valley scam: CBI to grill Tripura minister Bijita Nath - The New Indian Express,https://news.google.com/rss/articles/CBMivwFBVV95cUxOTGRvYno0c2xWSWhMV3A2RU5tWWlaVnhpRmdVTC01VGhXU0F6UFhtQllLR2M2UDBndVZodWhLRGE1YXJmc3VwQnZUUXNXZ3hsakhJOHhNMkg1SXBua3EyNTBXYUc5SDMtTE53cl85WmVta0dqU09GTEc5My1ZLWNLWDN3N3hSUUFJNUkzZFdEMW1wb1FMWXNORXFfV1E2NEZqLWdYZmJvMlBmNXBrSlljU1c2YWhXeUp1R0ltQngyUdIBzAFBVV95cUxPYVVjdHF3cTM5MjZkZGdsVGg5cURpYllWczVxMWZ4dG5TX2RzQ1Rvdk9XOEdLSzlUck9vZWp1Rkk3dGplSURPeTdsb20zNzhzX2VMT3dnNUw0aUU2NHNJLXg4c1lYUjBrcGpHUXBETUREWTRtTjRIMEVMSnpzVXVEMExYNVNhZVYzelM1X1ZZZHhES1hqUVJXSmtyRWs5NnN3cUhEWFgtNWNWWkJUMlZqblVqamVMcERfY1pRb1cyaGZmODhMcHRWZTI4SEg?oc=5,The New Indian Express,"Sat, 24 Jun 2017 07:00:00 GMT",2026-06-14T20:33:56.329688,cyber_fraud,True,False,candidate,https://news.google.com/rss/articles/CBMivwFBVV95cUxOTGRvYno0c2xWSWhMV3A2RU5tWWlaVnhpRmdVTC01VGhXU0F6UFhtQllLR2M2UDBndVZodWhLRGE1YXJmc3VwQnZUUXNXZ3hsakhJOHhNMkg1SXBua3EyNTBXYUc5SDMtTE53cl85WmVta0dqU09GTEc5My1ZLWNLWDN3N3hSUUFJNUkzZFdEMW1wb1FMWXNORXFfV1E2NEZqLWdYZmJvMlBmNXBrSlljU1c2YWhXeUp1R0ltQngyUdIBzAFBVV95cUxPYVVjdHF3cTM5MjZkZGdsVGg5cURpYllWczVxMWZ4dG5TX2RzQ1Rvdk9XOEdLSzlUck9vZWp1Rkk3dGplSURPeTdsb20zNzhzX2VMT3dnNUw0aUU2NHNJLXg4c1lYUjBrcGpHUXBETUREWTRtTjRIMEVMSnpzVXVEMExYNVNhZVYzelM1X1ZZZHhES1hqUVJXSmtyRWs5NnN3cUhEWFgtNWNWWkJUMlZqblVqamVMcERfY1pRb1cyaGZmODhMcHRWZTI4SEg?oc=5&hl=en-IN&gl=IN&ceid=IN:en
online fraud Tripura,CBI arrests proclaimed offender in over Rs. 7.75 crore Tripura chit fund scam - Big News Network.com,https://news.google.com/rss/articles/CBMivgFBVV95cUxQc1RabHdwRV9xUVlFQ1Y5TUtjeENHRUpubmo1ZUgwVTJJT3JNMlJUS09iWGN3RnBNQ25FdFBKRkxlUlNHajg4cmhnejQzdF9QRTBGSkROdXB5R1FWNms3ZHNzNHBXQ1JvU1l6YnZlYWVTR0JYaTN1Umk0X2xpbk5LVWhMOEVLYjhpcTMxbG9kSTRqcko4NXBRc3pReGRaUU1JcklNQVFHRmZyVWUtX2RENGJRNzdnMFpKODRlWlN3?oc=5,Big News Network.com,"Thu, 14 May 2026 07:00:00 GMT",2026-06-14T20:33:56.329712,cyber_fraud,True,False,candidate,https://www.bignewsnetwork.com/news/279048203/cbi-arrests-proclaimed-offender-in-over-rs-775-crore-tripura-chit-fund-scam
online fraud Tripura,NSUI Tripura Unit Threatens To Launch Agitation Against Standardised Uniform For Govt School Students - Free Press Journal,https://news.google.com/rss/articles/CBMi2wFBVV95cUxQMVZ2QUJ2ZTlVR0tXeU9vRmxqMjVYMzR1aWV6MmVaYkxoc3c0T1IyS01RVmNRa1EyeFlHanl0bktEbm5lM05FbjBtcjNuM3BGZVg3RHhlRjhWcTNKY1I4LVRnYmxwSVJHeTVOOFMzNWRwcDRsYTJybzlYZjNVZGJPOXQyMG5DUTNkQzJwMHB5cEowUHhwMkVpZ2U4SkZnbFpYT3ZmT0pNX3ZsV0RNOVVMblRyYUJuaGstQXlGZFp2Z0NvcVNCWjVhRDdzNjEzUUp6UjI4WHJGT2pXOVnSAeABQVVfeXFMTnc4MWE3clVkS0F5U3Z5cG80QTZndkpTeVJRYTYya3laUmVSN09uUFQtaFp4RUFuNFZRVEtfdDVKRmU4SGFUM0FjbUpfYkVsMEhTdHphZzNqWDFfQXpxbk1Hai1yS2lFOXZTVXNKQnZzeUlLU3Z4a0FFZkxmYTdnaV82TEVQRWNfN2dIVHhWd3FvalRKOWcxc3B0cGxfak9wM3QwVXgxQXoyXzZDU09iS0RoQkNyQjZZSl9ORGVXb2RZMkh3anA3bnB2UE9SeFVHaFhyM1hlOWU1OWc4ZHUwUTA?oc=5,Free Press Journal,"Sun, 14 Sep 2025 07:00:00 GMT",2026-06-14T20:33:56.329723,cyber_fraud,True,False,candidate,https://news.google.com/rss/articles/CBMi2wFBVV95cUxQMVZ2QUJ2ZTlVR0tXeU9vRmxqMjVYMzR1aWV6MmVaYkxoc3c0T1IyS01RVmNRa1EyeFlHanl0bktEbm5lM05FbjBtcjNuM3BGZVg3RHhlRjhWcTNKY1I4LVRnYmxwSVJHeTVOOFMzNWRwcDRsYTJybzlYZjNVZGJPOXQyMG5DUTNkQzJwMHB5cEowUHhwMkVpZ2U4SkZnbFpYT3ZmT0pNX3ZsV0RNOVVMblRyYUJuaGstQXlGZFp2Z0NvcVNCWjVhRDdzNjEzUUp6UjI4WHJGT2pXOVnSAeABQVVfeXFMTnc4MWE3clVkS0F5U3Z5cG80QTZndkpTeVJRYTYya3laUmVSN09uUFQtaFp4RUFuNFZRVEtfdDVKRmU4SGFUM0FjbUpfYkVsMEhTdHphZzNqWDFfQXpxbk1Hai1yS2lFOXZTVXNKQnZzeUlLU3Z4a0FFZkxmYTdnaV82TEVQRWNfN2dIVHhWd3FvalRKOWcxc3B0cGxfak9wM3QwVXgxQXoyXzZDU09iS0RoQkNyQjZZSl9ORGVXb2RZMkh3anA3bnB2UE9SeFVHaFhyM1hlOWU1OWc4ZHUwUTA?oc=5&hl=en-IN&gl=IN&ceid=IN:en
online fraud Tripura,TBSE Class 12 Results 2025 Out Today At 12PM On tbse.tripura.gov.in - Free Press Journal,https://news.google.com/rss/articles/CBMiqgFBVV95cUxPcHdFQVBOY2ZpcWZ3eVVrb0p0MGo0OUM5SDFQR1dncmNlQ1VjVm9nUTJUNmE5T041ekEwNWtuT1ZlN2RPZkZsS2VNd2ZYa1NrNWJVLXJ4YzNuUzRlN1pCOFFSSnFEUHVTbUMxTEo2UXBYbnV2WEVIZDMtdmJYMUR5RkpnWVRHSGFVVE5HNjNoU1Vwb0ZRa2NLTVVrZFBDeElKOFlsOERlUjZjQdIBrwFBVV95cUxNcThQQlB0eEQ1X05fOWZ4Wkh3Uk55Z1hpVEVPRmZEekFLbm9FZTF6d3V1eUo2dEowajh3cHNMdW1CMWpzUC1zbjYtdVJUd1ZIdE5vVVlzWU1iNXI3Zng2TE16S00yelZjcjZJTVprUWFEdXJGZ2dlUVpncEU3ZnhCaG5POWVmdmJQVWN1M3NXVTBtR1dFNVRkaU04X3B0djdQbUdqdkQ0WS10emg2Y1Nr?oc=5,Free Press Journal,"Wed, 30 Apr 2025 07:00:00 GMT",2026-06-14T20:33:56.329729,cyber_fraud,True,False,candidate,https://www.freepressjournal.in/education/tbse-class-12-results-2025-out-today-at-12pm-on-tbsetripuragovin
online fraud Tripura,"Video: Muslim Man Stripped, Brutally Beaten After Minor Girl Records Him Making Lewd Gesture On Tripura - Free Press Journal",https://news.google.com/rss/articles/CBMi6wFBVV95cUxPWWlYZ3hfYXJwdEhMSEdMOV9FSXR4aEl2LXJhX1ZXb013RGx4MV9QVXNGU3psTjBGSHZfalQzT05FYVRrTFczQVhKeHZtVEZkXzdxQWY0aWo0QlZWcXRfUm5xdWhNQ3JjOTR5UHdlOUV6cGxqVk9hTm92c2tub3p4M2lqVHZaVWhwZEx1MkZNVFdEUHpjV0lfSTZGOTZ6ZU5EZVZuZTFWMXd4YlVJVVN2OW9FVTd0U0hyQzV5VXY1c3ZhSDJ0TnhyUEhSZkJpVEkzellmM3dHSS1pVTM4ZnBNV3hHZjFZWTFQM3RR0gHwAUFVX3lxTE1mQlc3ZllPR1J2eGhpRlpWaEZ4bVYwQWk0alZZbWo5bS1xdm4yYUdPU1BTZ05CNG9Fd1ZDYWxVZ0hiRGNJVnJOdDVidUhQSlVETThScmNRUXliazBrTnhVUXJjcFBpbklONkZUdmZXcXE4cFJ0VjNWSGMzbTRvcVZYc2h6cWNKbXFiVU9qdlB6NF93YjVIQU5mRGJZZi0tTDE3RXkwQVBFZkotUVNxdHRUTi1NaVFXN3pOZ2dsNFJjV0dIYTFYWjFOSjFVQmZCMWtITTg1ME9UcTBRZ0F2NlhjMU9JMlZ4XzQ3Tk5lb25yTQ?oc=5,Free Press Journal,"Fri, 13 Jun 2025 07:00:00 GMT",2026-06-14T20:33:56.329741,cyber_fraud,True,False,candidate,https://www.freepressjournal.in/india/video-muslim-man-stripped-brutally-beaten-after-minor-girl-records-him-making-lewd-gesture-on-tripura-sundari-express
digital fraud Tripura,ICAI Inaugurates Second Edition Of Digital Transformation Finance Summit 2026. - TRIPURA STAR NEWS,https://news.google.com/rss/articles/CBMirwFBVV95cUxQTXB3dVotak5GR0NpVGZzNVdSb1lObmxXa1hxSVJMZ190RFFueW9EbGg2cDEzUXVmVDdVYU9YemNranZKZnZXTDR0Uk9MckM4aTVUd0ZlTG5rVjNLTGxXRnFGSDJkcEREeDBkUmVFWW1wSUxtc1J5T0VhRk5HVDZQekFhdy1FTjlibnlLcXI1dHdjZjR1UDBmTnJxWU5DRXEyYm9xZmZrLUt0VUJQQ3Bj?oc=5,TRIPURA STAR NEWS,"Fri, 22 May 2026 07:00:00 GMT",2026-06-14T20:33:58.407242,cyber_fraud,True,False,candidate,https://www.tripurastarnews.com/icai-inaugurates-second-edition-of-digital-transformation-finance-summit-2026/
digital fraud Tripura,IDFC First Bank Scam: CBI Raids 7 Locations - Tripuratimes,https://news.google.com/rss/articles/CBMijwFBVV95cUxPVW5WV3FESkFWcDFybnlZb3lvSmVSN0REUzZhNDljWUxEUjlVcVFKMm15TUdqQXVweGZJcDNXWHFINkFOWTJ6R3hubFRzcEtWSEF0TS1STXM5cEZBWFVXZW9JVDByelBhM1RlTzZwS1FnV3FYZGJ3Y1NTYUFFWFd4S0MtSmxESndYMVV2Tkoydw?oc=5,Tripuratimes,"Fri, 15 May 2026 07:00:00 GMT",2026-06-14T20:33:58.407333,cyber_fraud,True,False,candidate,https://tripuratimes.com/ttimes/idfc-first-bank-scam-cbi-raids-7-locations-37201.html/
digital fraud Tripura,"Flipkart, Axis Bank And Payu Introduce Biometric Authentication For Card Payments. - TRIPURA STAR NEWS",https://news.google.com/rss/articles/CBMiswFBVV95cUxONzFCSlBGOFdXcHRJRkFkS25XQ1hoXzR3V0NWYjZuOEZTWW9ZZ3ZTdF8xdXFUQ3RyakJqdlJWbVFiaHBDWlVpMWwtNUljeXFwT1FwckNySV9WUzNXc2psWFRzbkJTRTV2dkhPSUpGTGVSYUpXMXdkdFZpTVBJR3RQM1NyXzUzX2dRYld2UEhnRUpyc2x5OWZkQXIzZjBaeTNSaGVPQjhxU1YydmNOVy1icXNNOA?oc=5,TRIPURA STAR NEWS,"Fri, 01 May 2026 07:00:00 GMT",2026-06-14T20:33:58.407397,cyber_fraud,True,False,candidate,https://www.tripurastarnews.com/flipkart-axis-bank-and-payu-introduce-biometric-authentication-for-card-payments/
digital fraud Tripura,Cyber Security Club launched at PM Shri Sabroom Girls HS School - Tripuratimes,https://news.google.com/rss/articles/CBMiqwFBVV95cUxQZUxpV2FuS3c1Q3VPWHY3UW9QX3k2ZkIyVXAyZ1psLVhiam5LTE9PN1Y5ek0tZ2s5M1RrQndzaVVYQndHeEk4dmF5RnAxZ0s4Mm1RcXB2MWZBT05nRkZzMkpKSFFQVXp6NWwxODVpWE1Ma19vRXNLNmR4TnhveHpFOTFtNDZNa1hUNzVJSXZNWHo1S3FUbUhBTzlZdm1ycDVfN01UTzhFMXdfaUE?oc=5,Tripuratimes,"Fri, 28 Nov 2025 08:00:00 GMT",2026-06-14T20:33:58.407477,cyber_fraud,True,False,candidate,https://tripuratimes.com/ttimes/cyber-security-club-launched-at-pm-shri-sabroom-girls-hs-school-33305.html/
digital fraud Tripura,Tripura secures two national healthcare awards at Chintan Shivir in Pune - Medical Dialogues,https://news.google.com/rss/articles/CBMixAFBVV95cUxQODVBeU84YW9NUkVqQThHZE1RcGVCcUE1UXNQNWpwM0VHY0pNYXU5N3Y0WHBLTnp2UjIwS2xpcFVkNE5WNUtJc0JPc0VOc20tWnFHbXotOGVScHJUNnB1bnVzbkZkbmpzVzVxUEg0YVh6bzVFbUJSaWdsbzZMU3VOWDlFLVFzcGJ3ZnY3YS14elk2QlN1aHNKNXlFd2dFUUdlY1dPR2w5LTJkZ3UxamQwZlZLb3k3c1JDMi0wQzZxRHNkYzlw0gHKAUFVX3lxTFBNNGYwN3pPaGQtU0hFZ1l0TlhMaXZKYy1yRElIZnZ0SkYxcENsRjZqelJ1cU5iYm9taFZIN3hHanhKM25ZNnJvSUk5MU9RZlA5Uk1teGs1RmRsOVlNZmpoTGt0NFZVSGdMU3N0amNTNWNsaWNjOWxrZmVRNGtQTUNZS0p2a2s4eXI4aTBMQW1ucmRFM2s2M2QyaFlPazhsVGlwdUMwTXRhc3BpaWlaeWZNSWs5T01LeW9pd20xQnIxMm80LUJqdDBPX0E?oc=5,Medical Dialogues,"Tue, 21 Apr 2026 07:00:00 GMT",2026-06-14T20:33:58.407567,cyber_fraud,True,False,candidate,https://medicaldialogues.in/state-news/tripura/tripura-secures-two-national-healthcare-awards-at-chintan-shivir-in-pune-169047
digital fraud Tripura,CBI arrests three in 10-year-old Tripura chit fund scam case - The Hindu,https://news.google.com/rss/articles/CBMixgFBVV95cUxOM2cwLWVaQVBpWWRwWUtIREE0U3ZfVEtCOU80dnFLUWxNVXVjNVZVdnFtaG51TnZBckFITEtZWnRzVU92ZUdkdkNHZjQwOTN4NWVUSl9TeVJEOFpWamszaFE3Unk1LTdSR3ZNX1JtRlMtU0RhTkRtMTZBVTJKdHctWW1BdlJfVUdZcmcxdkVfUzBpMFVCbUd3VlVJNWMxaUc5VktiX0VTTDY3YzNndW51MjdwNUJLbkkzMF9iTUcxcmc1REJickHSAcwBQVVfeXFMUHFTcmEtWjgyX01CNmJBZ2xOb3FGa3Byd2JqV1htWDlEMU45UUwydWlnQjJtanVGZVpLNGFaeWpNZG9NNHVRQmJQcVFydEdYaEdMUFFfYUJOZmcyWWg5STFxcVZVWWFzT1ZIVGFGdmo4ZFRIeXcwdWhGNTROYWhyVXE1R201N19EY2dNVl96TVBZV0lTM3hQWEJqcElQM3NUZl84bllGNHBBSVROWkRxR3ZCRFVKbjBac2hBdUtDQzZHOVZkX0hpX29XblBq?oc=5,The Hindu,"Fri, 07 Feb 2025 08:00:00 GMT",2026-06-14T20:33:58.407582,cyber_fraud,True,False,candidate,https://news.google.com/rss/articles/CBMixgFBVV95cUxOM2cwLWVaQVBpWWRwWUtIREE0U3ZfVEtCOU80dnFLUWxNVXVjNVZVdnFtaG51TnZBckFITEtZWnRzVU92ZUdkdkNHZjQwOTN4NWVUSl9TeVJEOFpWamszaFE3Unk1LTdSR3ZNX1JtRlMtU0RhTkRtMTZBVTJKdHctWW1BdlJfVUdZcmcxdkVfUzBpMFVCbUd3VlVJNWMxaUc5VktiX0VTTDY3YzNndW51MjdwNUJLbkkzMF9iTUcxcmc1REJickHSAcwBQVVfeXFMUHFTcmEtWjgyX01CNmJBZ2xOb3FGa3Byd2JqV1htWDlEMU45UUwydWlnQjJtanVGZVpLNGFaeWpNZG9NNHVRQmJQcVFydEdYaEdMUFFfYUJOZmcyWWg5STFxcVZVWWFzT1ZIVGFGdmo4ZFRIeXcwdWhGNTROYWhyVXE1R201N19EY2dNVl96TVBZV0lTM3hQWEJqcElQM3NUZl84bllGNHBBSVROWkRxR3ZCRFVKbjBac2hBdUtDQzZHOVZkX0hpX29XblBq?oc=5&hl=en-IN&gl=IN&ceid=IN:en
digital fraud Tripura,Tripura chit fund scam: Three company executives sentenced to six years in jail - India Today NE,https://news.google.com/rss/articles/CBMi1gFBVV95cUxPRlZXb2JITzUtdktIeHIxV0w0ZzhKa2F5U0FNRTd2bGtidy1vZ01HMS1RbmZmWmZGOGdkZkxrZXEyUmN3cVBrVVE1dTZiNnljRXRuMkpKMFloZVQ2Y2pYR1NKcC13dkh2cW1qSkNQWUVQaFVoWVNobGdWa1BhaTIzZmw5RXg5NzRHZFhwVnJLY3JFZUFxc09jZzY2eXNHSlFGSDZiLXVIOER2amM4dHpZN1Y2Z1FJd19rVGxwSTZMZzU5eU5EeWNJMEltX1VmZ3BIcVVCdk1n0gHbAUFVX3lxTE10YlBhZnIyWUFFZy1ES0NXdWVkdF9QcDBweUxSV1JoMndWOTJGRzVwcFprZVBld0t4d2VSVnpxYVFmRnBTdEpTcVhrbkNtSlllT2hSdFFvZTJBUkRqNFF2N2VPS3Y5aE5lV0RnS0ZWVnBRbFJOd2lTTjA5Vi1tSU1ITk8yTmFGbkVaTExiZ2RiVVV4ak5pNUdveWdERURQaEZXQzBPbGlYdy03ZFFpSmNXQ1VRaWdlM1QxNmNUR2hoeU95N3NqSWRQYlJkQkcwcmFjd2NpWl91NVY3NA?oc=5,India Today NE,"Sat, 30 May 2026 07:00:00 GMT",2026-06-14T20:33:58.407624,cyber_fraud,True,False,candidate,https://www.indiatodayne.in/tripura/story/tripura-chit-fund-scam-three-company-executives-sentenced-to-six-years-in-jail-1400159-2026-05-30
digital fraud Tripura,Tripura government to develop data centers for AI-5G synergy - The Times of India,https://news.google.com/rss/articles/CBMi3wFBVV95cUxOUDdnX1EyNE5sMnZSblRCSTJ2ZzdZTkdlX1BjUzZZMUpzalVHMDU2OHZyU2hEaTNGenM3Z21UODBTTHhBN3RkOTN6dXhHVlBWdkczbHFGejVncWRlR1FubnpTaEU0WjhwVV9OM2cwX1E1cFR0YkVYZmhNYkl4dzJCT1JCNTA0WE11ejRnamU1aldRZnc4T2U1bmZRLW1SR0ZUOWUza2Q3UFdRdlVGUFZRSkY5TG1tdVNGVkpsYTlZblFfLXQ5V3VFdHE0S19sMDdUQnRPd0g4cUpHMFVaYmlF0gHkAUFVX3lxTFBiOXBkanZqZURxYURUUlpCaXFGTjlEQ0lEOWdGbklDcVZLcC1RTzhoWTI5NHdLVE43U2g4bDIxb2pmLVFucjgyZUxYQ1Q3aUEtSFBjcC11LUNTaURhVFg1WkpWYnBGSF9EajdzalpkbThDLUZ4dzZXSmhlVFJ6V1JFOE1PcFpnZzUtdDJwcGlUUVJ6YVllWTlKdi1lVUZEdGlYcEx1eDZBc0lqNzBleVFobktSRWU0c21Wa0VsT0tWVGp3NXg4dGVtM3l6ZTBXd3NoLWt4NEZFUEFpZWdpREZnV0thaA?oc=5,The Times of India,"Sun, 25 May 2025 07:00:00 GMT",2026-06-14T20:33:58.407653,cyber_fraud,True,False,candidate,https://timesofindia.indiatimes.com/business/india-business/tripura-government-to-develop-data-centers-for-ai-5g-synergy/articleshow/121389028.cms
digital fraud Tripura,CBI arrests proclaimed offender in Tripura chit fund scam exceeding Rs 7.75 crore - The News Mill,https://news.google.com/rss/articles/CBMitAFBVV95cUxQd0JDOU1hZ0xVd1BSeG92cjVhZDg4dHQ1MDJNc1hLRUZFWVRpcVpLcU1qb2EteHJ3MjExQ3RmTkU1RDVHRU5xSmJza25JbkJFTjVmSGpadk5HWWRwUlBhbmlGNHNaSFd6aUd0RExBU0FKZFF3TXVRQXh2WEhzM3lfbFpBdUxWRW02Q1NHQkoydHJrS0RHM251R041RTJwU3RwTEd2REhYd3hDRy1LeF9ncjB3M0w?oc=5,The News Mill,"Wed, 13 May 2026 07:00:00 GMT",2026-06-14T20:33:58.407664,cyber_fraud,True,False,candidate,https://thenewsmill.com/2026/05/cbi-arrests-proclaimed-offender-in-tripura-chit-fund-scam-exceeding-rs-7-75-crore/
digital fraud Tripura,Tripura govt initiates enquiry into ‘Rs 27 crore bus scam’ under JNNURM - The News Mill,https://news.google.com/rss/articles/CBMipAFBVV95cUxPc3AxNldrMFRpMl9ONkE0ZDY4OVBWU2o2cHlrbkVGRnctWFdxaWVfdUcyYjB3ZWpGenRFdWprS0hQaWpyT2hpN2VRSXBNb2hTS04wTVFNYWdlMi1NS2tEZ0lPQ3hHSnY5R0RzRzkzdnlPVU83WXFDZXdIUXRQYjZKUUtuaGVXbjI3VGpoLUU1UlFzcnBqbE1wc2dzWk43MXllZkMwNA?oc=5,The News Mill,"Sat, 13 Jun 2026 20:07:10 GMT",2026-06-14T20:33:58.407679,cyber_fraud,True,False,candidate,https://thenewsmill.com/2019/11/tripura-govt-initiates-enquiry-into-rs-27-crore-bus-scam-under-jnnurm/
digital fraud Tripura,CBI Arrests Fugitive in Tripura Chit Fund Scam - Devdiscourse,https://news.google.com/rss/articles/CBMiowFBVV95cUxPSU14ck0wR292bUNuT1pQaGFGUFRtSVpYOUd5akhSMEY5NlFaNXFOVUNsX1RyRlZYM2lfZ3J2VUtwUWs4TGw4LS1zdnhMbDBLR2wzU2tsQWVnSVAzUzdiZnZSaXowdTQ0OXJHQzNObE5nV3RPY0RSSS0zeVJ1MWxxS1ZjZWVFa3N3YmU2MlFwUENDTlJpQ1REZU1TQ2RDR3NZSFRr0gGoAUFVX3lxTE5QVWFaWVQ0ZFBqNkdCaXVfNzl1UGw2and3SzBoOGRrWnpGLVNybWF6eG9TZ1k2dlRZUHRTYlZiZzYtWTJnZVBOYVkyNWV2WExrNDBYcGJXeEtwLTBoTVB2ZDN6cFdHN3Q5LU8tZF9sZkdEYVJxZF8wRnNOd3pFUm5rUXUtVS1kOF8xVmkyTHR2LTk2aUpPazBoeTd4dmoySXRLTDlCeUFwWA?oc=5,Devdiscourse,"Wed, 13 May 2026 07:00:00 GMT",2026-06-14T20:33:58.407694,cyber_fraud,True,False,candidate,https://www.devdiscourse.com/article/law-order/3906857-cbi-arrests-fugitive-in-tripura-chit-fund-scam
digital fraud Tripura,"ED seizes Rs 7 lakh cash, freezes bank accounts in Rs 200 cr money laundering case linked to Tripura man - India Today NE",https://news.google.com/rss/articles/CBMizAFBVV95cUxOTWtnZzVNbF9IVmlvWXQ3VUs0RlBvM05fclNYMllvVlNsUVc4aHlGWDA5VmFWbXNJYTBBbkdRXzczVjllMkdDcVpOcXBVeDlmZWhrMDlHTm9sU0wzLVN1aTYzSVR4d3VUdThES1BCVVJmeFZwQ2xPM01nSy1nMy13QkZONGc4OHNrbkdqenJYendOYjM2OFdOaXctcUhpamY5X1FNeGRMU19aRnNTeFlpSGgyV3NlTlpjNlJ2OW9tWDVGMzFDYmhGV0xDWlfSAdIBQVVfeXFMTTNsbHdDU1NfRkxodmttLXRoTDdLWFBnMGZNdFBLdzgzVXJyWk1RVGNlLW5TdXdDaVNMcmN6dXl4M3F2ZmpIQXhwVEdXNG1IaHA1SHBtTGYwUHJwcE9HOVZzMnBhalFQdXF4eGlwVUtkM2hUUXZwOWN5cVVmbW1aZzZKaGJhUmVrTlVSRnc0dVlQLWxET2pmOEN6WHdQZVIzaGtBSTktRnNRT0VRM1o0OUctakNvYVZlMERaako1dUxzWE5wMnpFUW8yLWZQSkJraE9n?oc=5,India Today NE,"Wed, 27 Aug 2025 07:00:00 GMT",2026-06-14T20:33:58.407709,cyber_fraud,True,False,candidate,https://www.indiatodayne.in/tripura/story/ed-seizes-cash-freezes-accounts-tripura-200-crore-money-laundering-case-1268209-2025-08-27
digital fraud Tripura,Ex-Tripura Minister Badal Choudhury gets bail in PWD scam case - The Hindu,https://news.google.com/rss/articles/CBMivgFBVV95cUxNUFkyX2s2T0tncFp1N0c3a2FFN0pYUE5pdjlTQjBuOWxqM3hhTnNxMXJuM3g0NFZ5b292bE43UGVaVmQ0ZWF5Y3NEWUV4NHpQZ25RUkF3Q1NrbXc5ZTNraVFMXzZ2eDRSaTJNOXltUkZ5UHFSbE40NUJVbklnMFBvSEd6WHN2M2pheWV4OHNGM2VwLVN5N244bWtCeU5BSDBVYUh1ZVEyODlrZkNFejV5SFZXVFlBdVZPd3VrWEdB0gHEAUFVX3lxTFB5QVloUGVlTUp1QzMxOFFJTVdGQVNOS0xyR3Bqa0xzWHk0VkVoQWNVeHc2Zk8xc3BwVmtLZVlOTHdiS0NVcEpsMVBFMFBjb21yc3g2VE5FMWlpTXJIYTZNVzhDSzgycGpkd3FnN2M0WmZrNDJMME9UNlVkT3pERG1hOW5xYm1oSE5SdVk5MTlxeXVmY1VNUmxtaUxNMm9vbTdQSlNaUHZyT01tYlF5VEhINEh0MlcxalppRVZhT3dXQXFIcDM?oc=5,The Hindu,"Sun, 02 Feb 2020 08:00:00 GMT",2026-06-14T20:33:58.407724,cyber_fraud,True,False,candidate,https://www.thehindu.com/news/national/ex-tripura-minister-badal-choudhury-gets-bail-in-pwd-scam-case/article30716982.ece
digital fraud Tripura,CEIR Portal Helps Recover 518 Lost or Stolen Mobile Phones in Tripura - Borok Times,https://news.google.com/rss/articles/CBMimAFBVV95cUxOZEF0MFlHMjdNekJob3NISlViU05UV0xnX0ZXSUxGam40emNSWTU4VEVRbDN4ZngyZm9Vb1ZuYUZ6LVRvSWpmM0RhUWtzNU5xcnVOR1hEZHVuWThBYjROTGdPcTRncmF3eGNxNnU3S3AyYng4akEtNC1QVjA0QzVWVmFDNzJkdC1rbGJ1bmVUQ3VwRFhHY0did9IBoAFBVV95cUxNc0dlRHNkZElPNDFkbjJRMFJ2blk3OXJaeHRXRjVKNC0zeTREcTYycUVwV0haQlY2TnVzc04xM2ZOc24wMElQSUxDSWgtUTJmeXo1SzRoSmlSRVhLU2lWUXdGSFZoZjZqMERZdUZqYkl1OV9WTGk0eHdHLXdjanpIT0xrdjVISjJ5elNxMmx1SjJySXBSODlPc2ZEMExPRG4x?oc=5,Borok Times,"Thu, 19 Feb 2026 08:00:00 GMT",2026-06-14T20:33:58.407739,cyber_fraud,True,False,candidate,https://boroktimes.com/ceir-portal-helps-recover-518-lost-or-stolen-mobile-phones-in-tripura/
digital fraud Tripura,Tripura to Replace Paper Ration Cards with PVC Ones for Better Security and Convenience - Borok Times,https://news.google.com/rss/articles/CBMisAFBVV95cUxQby1zeGZwUEdiWHBfTm9XeU9RazM1N1RIZ3JLMUVxSWNxbDlhc0tzWmVSTGd5akpBZEhQUEI1LUtoX1lJam9iWTRzTUVZdFByVjN5TExlVXMwWEdScEtlQ013bVN0dzBzOVJTS2ZjczZxYm13R19PdGVnemVUX0lxMVRZcGoyM1BXcVB1ZGJ5OTgyRFNnLVUtdjZPWUFxOXJ4bkN1b2dGQUdaamZBTENWQdIBuAFBVV95cUxQQWppV2pZajh5Y1lkM1N5bm5VWVlPbW42ZnU2M2hHckMySUJfcE5zU1M5bEh6VnlUVFBma29CaFFnbjhGUnVraXFLbGtMQWlNNkVNU2dIREhCWWRrNXUzclhBdDRQbkpWaDZKVXVRd2RvUVRlem5rMUl4ZUV6REhtMFBvWnlMVFh4eUNRVXNJVXh2bzhkMmFHeXF6WGNRY2o1RXUwS0ljenBsVm12TU55UmRDNkg0NzFP?oc=5,Borok Times,"Fri, 11 Apr 2025 07:00:00 GMT",2026-06-14T20:33:58.407754,cyber_fraud,True,False,candidate,https://boroktimes.com/tripura-to-replace-paper-ration-cards-with-pvc-ones-for-better-security-and-convenience/
digital fraud Tripura,Ex-Tripura minister booked for corruption in ₹600-crore PWD scam; 1 detained | India News - Hindustan Times,https://news.google.com/rss/articles/CBMi6AFBVV95cUxNdlRUeFV0T1dlYzlZWnVKUW9FdGJ1SS0xa3RYYWRfekszY01wV2IwV1dsMGhoaEFud2NPY2NaY3A2TFFPTEI1cUhGa2t5Rl84d0FVRWxiQlVId2FoRVB0UVR1X0o4OUVFT0JFQ29SbjZBcVVNTWZvQXU0NUtyQXllWTEwV2xlM0tjc1hTV1p6V3BzOVplNVBBaTNVOGVPbTZxUVd1WmdCczgwOG4wUGVtRmhnRDFiN3hlOG5LVnRvaTA4dnd3MFFjaTUwQzdlUElCZWV6akdVME5ybnVpWDU0WGl5bEpKQ2Mz0gHuAUFVX3lxTE5mX2k0SVBtY0d1U05ENVktTXBadUstMWFJeVZDMnJBSVpwU2V6VDNUUVFaN3dvLWlENU9UU25SRGFoS0dGRE1WVkxndndHVjNSR1MwQzJrREFkMUNEM1NfdUo0UXZoNUxxT1B3QjRETDF5T1pZSkdycXd5RjRxdVY2bkhtM1kxWEV5aEUxV3o5MGdmVHl4WjZQN2dyYVJlbV9wMERJNWxqUWFrcG84YmxtY01yRmgyenhDYllsQS1pbWdwTmFLZkMxbjJFNzQ2REtzT0tEcE1OMnNhRWx6VmtQQ0tpamo5RXFpTGFGbVE?oc=5,Hindustan Times,"Mon, 14 Oct 2019 07:00:00 GMT",2026-06-14T20:33:58.407769,cyber_fraud,True,False,candidate,https://www.hindustantimes.com/india-news/ex-tripura-minister-booked-for-corruption-in-rs-600-crore-pwd-scam-1-detained/story-NdoG61ugqZagrjoyMfR8EP.html
digital fraud Tripura,Tripura Governor launches northeast's first Digital Forest Rights Act (FRA) atlas at tribal festival - MSN,https://news.google.com/rss/articles/CBMi4AFBVV95cUxPSF9fR2J5bWs1b0lIcjBkTUZwNVhnT2hjMXRSVU8wdzZmY0JqNkZiYXg0dHprTUtWV0ZZVUZYbUNrSFgwYWphcUJ4TEdSVFJLUjE2MUdtdXJTZVVGTlgtT3I0WTlRS2paVngyaFJ2NjdOY2d2MnhodEhfQlFIcHdNODVHTzBPLW9uU2paR2Q2M1NBcjhtUTVnUDg0RnJvSlZTbXA5N2xaZ21KaEpvR2hLV3FDMjVpS1B2Y0UxOHRMeU4yZTkxSzE2MFcxNU1mU2Z6WmZ3N0k5UW5qRmw4SkpSTQ?oc=5,MSN,"Fri, 29 May 2026 11:03:24 GMT",2026-06-14T20:33:58.407801,cyber_fraud,True,False,candidate,https://www.msn.com/en-in/news/india/tripura-governor-launches-northeast-s-first-digital-forest-rights-act-fra-atlas-at-tribal-festival/ar-AA24jxX0
digital fraud Tripura,'Committed to Tribal dignity': Tripura Governor launches Northeast's first digital FRA atlas - India's News.Net,https://news.google.com/rss/articles/CBMiyAFBVV95cUxQb29leEVPSHNadFZUTWw0ampzTzVUQzB4MFpWZFdqNEFSVWk1M0p2RTFfblV3R0tWSEpCbWVYSEFzeUlXUUEwbHJjQUEyUDdQcC1LRUtENjV1RlZqQmdzaHYwY3haVHBlWExmNHB4dWFQTXRORDZNbjdiYVcwZTFwMVQ1cGhUTEh1eGwtZHpVM3hQU2pycF9HUFREVEk0c0pKNmZ1aDg2Qm1nZHV6VGoxcFlpbndEMHJsSnZHdG9kdm5mT1BZTjg5eA?oc=5,India's News.Net,"Fri, 29 May 2026 06:27:00 GMT",2026-06-14T20:33:58.407854,cyber_fraud,True,False,candidate,https://www.indiasnews.net/news/279088598/committed-to-tribal-dignity-tripura-governor-launches-northeast-first-digital-fra-atlas
digital fraud Tripura,"Cash For Marks Scam Hits Tripura Medical College, CM Orders Probe - Northeast Live",https://news.google.com/rss/articles/CBMipgFBVV95cUxPUjZKYlBNdG5GbkpGSVpzdVgxZ2F6em56M1I0bHZ2cE1Yc2lCSHowOXRyeFJla1hUcU9iMUNPcDNtZDhmN0JWeVJEY2dRQmNjeFlMRDRIY3RNRDlERHJ1NzB4YzJVcEk3NE9PMFQteXRvRVVmRW84S25teHdUR0gteVJfYVpPYmQ1dnotRjladnlfUHE1UENyelNJVEdETEIwWkd1S2ln?oc=5,Northeast Live,"Tue, 04 Mar 2025 08:00:00 GMT",2026-06-14T20:33:58.407934,cyber_fraud,True,False,candidate,https://northeastlivetv.com/topnews/cash-for-marks-scam-hits-tripura-medical-college-cm-orders-probe-2/
upi fraud Tripura,"Financial Literacy in Tripura: Progress on Paper, Challenges in Practice - Tripuratimes",https://news.google.com/rss/articles/CBMiswFBVV95cUxNSTIxR295NG5FZkI3QWJDWDZsUUFZNEVRbWhuNXVyMmdLN0VQaElMeEhtbUl4QXN4RTY2Qkg3Vk9wVUxjLWdNTUk0aExJUEJSQV95VjZFeUdwaFNQUk9vSTR0UjJRc1pwVjRvNmVWTjRPR2pVNjZLcWxBWTR4aEE1WnRhYklvWS01QmlKWFVERzV0akIxcU0wUXluWGJMTFVxbWhBa3ZVb21VSElZRmQ0emRETQ?oc=5,Tripuratimes,"Tue, 09 Jun 2026 18:27:50 GMT",2026-06-14T20:33:59.934976,upi_fraud,True,False,candidate,https://tripuratimes.com/ttimes/financial-literacy-in-tripura-progress-on-paper-challenges-in-practice-37843.html
upi fraud Tripura,Special Pocso court in Tripura sentences man to 20 years’ RI for raping minor - The Times of India,https://news.google.com/rss/articles/CBMi5wFBVV95cUxPTGtvbGtKcEgwMWJSV0xDbUJPTDM2MzhZV2hWdkdMN1A2aG5WZFhBSjY0RVJldzBGSGhja3V4ZFdqdjFFeUs3V2htSU1tRG5aalhfTXVGNTdNdFpiV2RKZ3Q1LVpHN3dFc0E4bEM1QkV0ZjU1SVNRSjUtSjlyTEo2NzRhdWUwUUtraF9uMmM3OWZ4THlQM25VX3VjRldIQldZMFJVY2syWjdoYXVMeWtybWdzOFZPYXVsZGlRXzlGRjdhbGpneW41NXpybmJ1b3Q4cU9EZHlKZ3dmQVJVN3NDSkhKZUN0VEXSAewBQVVfeXFMTUFWR1U2WlU1eUhBNWExR2d3YnhKUTFWbnM0eVZJSGZLQThhbXNKaWs3RVlQblFmVkVQbC1TRXd5amdZTmNNaTQ3MjBWdmU2a3Y2YjlMSUpUeDhsRDQ5SjAzWm1KZjM2cmZLNG90Mmp3TjdwTHN6X0tRMFRoSkR6ZVc5NlFWcjlSTTBPZFlCQXdLRnRGekdycW53MmMwMTZtYllVamJXRzduT2lsZkRUd0VtRkxpWUtHRDFCaFFuLVdqazNNM3U2WWdEOENjVmsxendLZXpDOHFndzk5RjNrWjVPNjhveU5qY3NnVWk?oc=5,The Times of India,"Mon, 16 Mar 2026 07:00:00 GMT",2026-06-14T20:33:59.935037,upi_fraud,True,False,candidate,https://timesofindia.indiatimes.com/city/guwahati/special-pocso-court-in-tripura-sentences-man-to-20-years-ri-for-raping-minor/articleshow/129594728.cms
upi fraud Tripura,Tripura power corp to go ahead with smart meter installation - The Times of India,https://news.google.com/rss/articles/CBMi0gFBVV95cUxQS3RYMWxvWHlpV1VGS3lsa2dwRzBLVm1neUs1SlNVNXp0R0VDUHNRTFVkS0tvbkROaG04VkZpVURTeWRObVBnZkt0ZHhmVFlsZ2pjTzMySnF4SkJPMV9NdExnamg5Sk11WDlSdnBPWHVUVF9KQ2lGU1R6TkdWQW8ycG1jLWtZWlhLNlRUZFIybEloUENCTnJ0WmZaeUVRajhPV19Renh6Vkw5bnFfdDhqTGIxLUxkMDlrSEczYnFJZGM1MExmYWFKQmpxaGE5MEIyMGfSAdcBQVVfeXFMTnE2Ulk0NkJtR1g2N3JBYVhPaGdoaVVVQ0ZHWXk3NkVuWktIakJQWWx1dXpmM01OZ0hMT0NZb2Fvbm9CcUpnNUdlc2dPbE9JVHllS2ZLTEpOdENwby1EaGs0bHMzcTRJNU95SEpfa01WMXRnekhhMTlnejF0SE1nYloyQndXUkxkeEZ5WkRPRjdGLVBYUm44MVRJbkdySElya2xPSFJCczU0ZWVlNHJQRWxHY3hmYWlnN1RfUlNvRG53akVQNDNZQWlBeXMtU0hwWVgwY2VkWTQ?oc=5,The Times of India,"Wed, 16 Jul 2025 07:00:00 GMT",2026-06-14T20:33:59.935117,upi_fraud,True,False,candidate,https://timesofindia.indiatimes.com/city/guwahati/tripura-power-corp-to-go-ahead-with-smart-meter-installation/articleshow/122588758.cms
upi fraud Tripura,"Tripura: Tea seller duped of Rs 3 lakh in UPI scam, accused arrested - NENow.in",https://news.google.com/rss/articles/CBMisgFBVV95cUxQTmdVbk1BVFY3YnZTT1RCcmlUQjlVMzdLekc0by1qeWFFRlBsakRMZFVFOUVVVnk4TFlvN3Q5OVZEYVRzZHhSdnNCQkZBZmpId1RxaVVNLXZocGpZS01SdV9vdk1JVmhOZTlCY2lyRDJWLVMwV2pOY0tqb1lPOU92RDhZNHphazU5TGpDaTg1eVFsOHRSNVFsbUxEbFN2aVFGTDNWNnFCQkJmWUtpajVUcXhR0gGyAUFVX3lxTE9FNDFzclFBbG5vSlU0ZTRrZmFfQkM1VlZlLXRQeVAtV0l0VUMtZnJQTXotdDJvWVoyVFJwdER2Mi1JTkxvSEZvMFlzcFk1Y2JENXFndDFEMXNxTFByOWUzUHpBT08wQktScXJmVmJIeHRiWjBMYkpLeGc3ZDlHQ3lpNTQ0dmhaazNIUzNwakpyRzlMRFJnZFBwSjQ4eDlCN0p1UzRwSTA1Q0tLbFBVUllCc1E?oc=5,NENow.in,"Sat, 22 Mar 2025 07:00:00 GMT",2026-06-14T20:33:59.935141,upi_fraud,True,False,candidate,https://nenow.in/north-east-news/tripura/tripura-tea-seller-duped-of-rs-3-lakh-in-upi-ccam-accused-arrested.html
upi scam Tripura,"SC Blocks Sengar Release, Tripura Student Killing Protests, Silver Fall And More - The Times of India",https://news.google.com/rss/articles/CBMi6wFBVV95cUxPeWM3Zjg1VFZDM0xCVURJZFhvZEVoMEY2VHpCMGdkcTdIeUpuVHRSYl91THI0WUF1VlVCb2x6SklYbmQ1ZWVaYm9VcVoxRnRWWXVhWUNGOUJSU1k5NU1pM0NIMFVXdnJPcVJrX2NiODZQYzl0WmJ6N2NEMlNtX01ScmZHYXNzTkk0QktOY09GSDU4blJrdHhjSnJkUGxMVGU2V1MzSHVRQ2FPU3RHX0hkSlJXX1FERFBBM1RpejJxek9PamZsVUpmbm56WDF2TDdUR3JqdXlaUUMtZENyYllBYnFZTjNlWjZyTVJ30gHwAUFVX3lxTE5XWFNxRGs0VWxYOXQ0VjlhenlXZDhVcnVrbF9TQ3c3dVlWRlUwVGVqSjBhQkN1cXVfaHlBZ0x3YlRhZGtFdGVwQVoyZGdNVXJTaGY5bUdSNlJmejZpX0Q3QlVqcV84MVVUSDVlbWJpSkV3Zl9hWkhEOWRiNFVYazJ0Y1ZjR1FrZUJ0QlRDcHd1S0I0ME92MW9OQWdVclM2RHYzdE05eXpXZUU2SDFNRndSM09HX3VzZzR3M1VDeXp2elRrTFVFaUJIRXAtaG1JdzVaczFPNzNNRUVrV1d2d2d3VHc3ODdsdC0tQVFMMkowcQ?oc=5,The Times of India,"Mon, 29 Dec 2025 08:00:00 GMT",2026-06-14T20:34:01.969362,upi_fraud,True,False,candidate,https://timesofindia.indiatimes.com/videos/spotlight/sc-blocks-sengar-release-tripura-student-killing-protests-silver-fall-and-more/videoshow/126231746.cms
upi scam Tripura,From Agartala to Global Innovation: How Tripura's First Neurotech Startup is Bridging Brain Science with Grassroots Impact - Editorji,https://news.google.com/rss/articles/CBMioAFBVV95cUxNWnU0WmN6dVQwWnpEWmlEMHNqOVZlRDlESlJtWDktZnRXLUMtUFYyNkU5OXVaMnJOZXhiT1B1ZnVzSDZuUGNHc3Jja1ppcUN4b1dGTFlXTnFxNW5VUC14UzhqTDhQUmZTSS1KRWZ6M2xJRHpRRnNkZ0lxWXFWcnk3N2hvNF9ZSlJza3hqUThlbHczbTFja2FqX0ZqSHJUQXpa0gGmAUFVX3lxTE5OcmtGaEY5V3BrZHVsV2V0T0JjLWxpLTEwU3pzbDZBWVhDZzQ5WTFRYU1RVU9QN1piMm5mTXJMTWFndEtNSWVoR0QxMzNscEVJYWs0aGlwREtiRUFCcnhvZmo3OFFOM0w3cjh5SnBwOWh4RFVwb05sZVl1bFBsNWpCd3RQRGJRV3A4X0FOZGlCUTQ2QkdqT0k5NEhOQ0NmcEsyVlRZTWc?oc=5,Editorji,"Tue, 04 Nov 2025 08:00:00 GMT",2026-06-14T20:34:01.969432,upi_fraud,True,False,candidate,https://www.editorji.com/business-news/agartalas-neurotech-revolution-codonmind-nexus-1762257007616
upi scam Tripura,"11 arrested in Assam, Tripura for links with Bangladesh radical group - The Hindu",https://news.google.com/rss/articles/CBMizgFBVV95cUxNaEpKVDYwZUVDU1JnSDVJelNXN3JfUE5Nck1ra0ZmQUY5QzhhS1M3QmxubmlKb1lqNGZ4Ymdac3I1ZWpxS1plWWdwZFF0enlycWlXeDVyN0F1TWNhU2tMN0tNMTN1TXdFZFZ6MkM0QUpONWtBcHZ4NHVILTVqc1FhS3oydHI2bEo0Wjk1algyOEdwNlFlb0VxekNHbjhnVElia3V0QV9IVnBsVnB0bmtLckxIUmx6dWVSVk5YblJUek9rUHBYYWFIam13bFFZd9IB1AFBVV95cUxPcFlFdnNIVlM5a3FVSVVDMnpxNktrRmtBWS1RTVBiZUdtc1h0ZG1kZGoyWGdVeFJCV1FUNkRkZERIMWFVdGxfdWtCa3B6QWU3NmNuSTdBMzExWVBINmhkUWVJMDNram5CcUlzOWlHRjVSb09xSEdZX25ENmFGRDU3MWVid2xUVVdCazRzTjAyZ2p5WG1UT3dOSk5oWklFWU1QTnRLOU5LLUpVay1JU3RIQ25oZm5xZ1ZiUEVEdGdpanoySTAtdXU3dWhuR0ZFbXRxQTNtQQ?oc=5,The Hindu,"Tue, 30 Dec 2025 08:00:00 GMT",2026-06-14T20:34:01.969449,upi_fraud,True,False,candidate,https://www.thehindu.com/news/national/assam/11-arrested-in-assam-tripura-for-links-with-bangladesh-radical-group/article70452824.ece
upi scam Tripura,B’desh high commissioner in Tripura to review bilateral issues - The Times of India,https://news.google.com/rss/articles/CBMi0wFBVV95cUxORjlKZmhfTGpFSHFzSldoQjE2d09aUTdwMnp4WmQ5Y2VfcThoYkZMcm96Y0dIZ2xwTDFCV3N3SDVhT2lJeVRTNXNYVllrWHB3Qlhjd2lzR3VlS0dKcWxWa0tKdGdnSmNQS2Vuamt2TzBHaDV0Rk9vbHZ5Z1N5VjZXd0NseHhkSW4yUTZ3dHRRdkpIcEdrbnVDY2MyWnpGSm5QYTBNNFFKWEdoZ1VtODBQdEZqNmFwUk5jdy0tekxsWUlFRjVBZ1Z4OGtSeEd3a1VOYmg00gHYAUFVX3lxTE5RQ1hpUWF2VHlQM0RweUFDdVcwU2txOXpVXzk0ZDFOY25YWXdiLWlpdVRzY3Y5eVNZcGZSbGlvdllfcDBtbUFCYk54dHlocVJqSUNlalBqV1RpZmtmdU9lWDJOd19ISG9Ia1c5Wk1uRlN4R09JaG5KN3NreEdnLWNWMi1Cc0FwSnIyYWtHSFRFcnlCM2NXMm5WNmQxUGZ4YmxacGVwNWRhMkpWWFRVT0V6dERYVmVWbDRVUWJGSWVpUzVFNEtLYTg1U0JzdGUwdmJvTGFVa0NyOQ?oc=5,The Times of India,"Fri, 01 Aug 2025 07:00:00 GMT",2026-06-14T20:34:01.969484,upi_fraud,True,False,candidate,https://timesofindia.indiatimes.com/city/guwahati/bdesh-high-commissioner-in-tripura-to-review-bilateral-issues/articleshow/123049349.cms
upi scam Tripura,Tripura pineapples on sale in Dilli Haat - The Times of India,https://news.google.com/rss/articles/CBMitwFBVV95cUxOWWtTWXFHbUNFczl1VHF4b1RYOW9GN0JMMldGTV9HamdmaVc1MXMzcFpZeVhzR3NoNXhYX0twNUpfMW5ycWE2YmhHR1F3MlhGMnlhZ0tHcXpPLWJsQ05WTDdoRWF2bWM1ZEZWelN2UXI3SllGeVl4WHF2NTZQMnBva2w0T2Q5NFVNREVpLWlnRXFTdzUwWUJFR2NwV1ZtVGxubDcwM2k5OHhpSXFfMGhlTDZQcUo1SUXSAbwBQVVfeXFMUG5iN2xjeUpGREFrWUhPOGhfb3F0Z0k1TXFoWG5NZFItWXg0WHNaZm96UjY4NE85WTlvOVh6M1QzbkU0SW8xSmtCd1NzQnB2T3FzSW9CWm4zYUI2OHl2SzJVQk5lY2lPX1ZLSnBOSkVxLXNXM1FzX0RfQnoya3huOUxOdlByMXl6WHlQUVlEb2dudjctNXNOU1RTYThMQ0xPS0tKZEtDcGdVOEdCYURUMXB5UDQ2MVdGbGZyWW8?oc=5,The Times of India,"Thu, 18 May 2023 07:00:00 GMT",2026-06-14T20:34:01.969533,upi_fraud,True,False,candidate,https://timesofindia.indiatimes.com/city/agartala/tripura-pineapples-on-sale-in-dilli-haat/articleshow/100317981.cms
upi scam Tripura,Tripura to generate 500 MW power from renewable sources by 2030: CM Manik Saha - The Times of India,https://news.google.com/rss/articles/CBMi6AFBVV95cUxNTjFSNEV4ZkJqaTZCbnRfWVFhNjEzQnBMOEVQUS1NNTF2X0U5ZFAxSGU5OXY0RXQ5UktXbGhpdk5BWlBBdFFRTVVyZXBobEJPMUt2VHJickVGYVpNcTdtbHUzUHlzRkhUZHE1OWJtbjI4LS0tV3diS2Z4RnVGblpDNlVmRDVCWDNRZHRfblBQZHZWVFM4dFY1azNJNXkzV0ViNUUyam9oM3ZhazVRbHd6b2hFSkd4czlxQjlFWHp0M0w4Nm9ZVmtDeHlFQThPanVNRnFRc0c3dE1BRzhxSnVZNWwzYnV4QV9m0gHuAUFVX3lxTE1RQXBGTjBJOS1zNHRMbVFGbUpLUlR4TmpWV1JodmlZaG1yeXJIWUxsQV82OXJ6MXp2XzlZSG8taTh4UVNUNnNsUUdoTHdwOGhXcjJsM3dsNS1vdmVkeVhhZDdmRmhyeW5vTC1TY01LcllKVU12SlViX3h4cURwLV9iZUNIcG1tZGFpM0tlU1U5UmxMZDJNZ3ViVDl1S1h2NEJ6VUJMUTNlNjh3U2NkQ3RhdVBiTS13QVFoVDZYaFdKSEpPWFYzRzllRWJMUnB0OTRITFBFRjh6ckp0Tjk5d3JUQzA1Um5UdWRFQ3ZmVVE?oc=5,The Times of India,"Thu, 05 Oct 2023 07:00:00 GMT",2026-06-14T20:34:01.969550,upi_fraud,True,False,candidate,https://timesofindia.indiatimes.com/city/agartala/tripura-to-generate-500-mw-power-from-renewable-sources-by-2030-cm-manik-saha/articleshow/104184556.cms
upi scam Tripura,Tata Steel ships 960 tonne TMT bars to Tripura via Bangladesh - The Times of India,https://news.google.com/rss/articles/CBMi0AFBVV95cUxQby1IcGdEY3RYSXRqNGtlRjNYTnlOdi1HOHcwQ2Yzbm45VEFhNGdsWHU4ZzMxWE5GTEYtRDlvbWdqT0RKX05tUFlGYkZmRXlab1ZhdVZkZ1dJS2NCOU9TYVdJY0RtNDhlb1NYVVZKQjg3YTMtMFlidXNrcXpUSFZ0aFlycG53UmFGQ0dQSnZHbmhTT1NHT09raTZUaHJZQnZUMWtqSTk2RG5XZ3h6eGxLSDBvZHlBOXhUd2Q1VUhwcEFzRUI0bUs1MzUzeHhoX1ct0gHWAUFVX3lxTE1EUkotenNFYlV5VlBGeDNzLVJXS2xnNjhJWmFYczlyNEtRY3JOS2NYYkRhZG1uMjlNMWRJNS1wVE1yMFVBZ2pPYjVBQ0MwRmRwRzlKSVRKS0xNVUdqRHJDQV9YNUh0bVhqdHFOTUR0WWgtMW9QcnU1Rld6eFNvS2kwN1ZVTkVKemlfclBDWm1MSlVKVkpXV1lLRW5zRE5RRHlpcUp4NEJLb2J1WEw0Wjh6b21zWHNjSjF3TUFEU3lBbmNsZjktV05OUmRfNmlKLTdYUURuT3c?oc=5,The Times of India,"Fri, 17 Feb 2023 08:00:00 GMT",2026-06-14T20:34:01.969601,upi_fraud,True,False,candidate,https://timesofindia.indiatimes.com/city/kolkata/tata-steel-ships-960-tonne-tmt-bars-to-tripura-via-bangladesh/articleshow/97997439.cms
upi scam Tripura,Tripura govt provides land rights to 4.5k tea workers’ families: Minister - The Times of India,https://news.google.com/rss/articles/CBMi4AFBVV95cUxQN2xYTEcybHlYdklNRDFORTZiLWdyMlVzXzU4a0EyQXB2bGRUVE1uNmhPZlduWV9OVnNWdkxsSmNSUWxKbFc0SWhOYnBlYkZYaUFCeWMtU3NFUnBtYl9RZkZ1X3h4UFZpR1RZSTJPSlFLSTE4MFRoME1EZGlQYUNVVDJTWHlzVmhwdUtVek1QV0lRbDFfT1Z6TnZKdVltUjJoaXlpRGVqaW1NSEtsSzVYeHlzWnlQZFFCaDB3THp3Rk5lRmc4eXRCV3VXWG5YeWd6aURDVVZFV0xKVy1FRWFIeNIB5gFBVV95cUxQV1Z0dHBWVVJ4dTF5ZEZDTDQwcHhTQnRWMjdnQUZPQVBQNlVIX0E3V19RWXd1SzFyeERjYkE4dzYtcEtqYTczTnVDUk1Hb1ZjaWh3dkhsZ0JHakNWM1ZlTXRQbkhjc09fRzRfYWFzYm0zbXZBTkdQU2RHVWhnWVNoWnIxTW9lU0RqSGFGS1FiNHFSdVBXcnoxNTdGdnV2b3U5QXhIVEc1ZE01VzBvamJHcEFGcnZWUndCUlJGQ2IzelhBNVdLZVVjWVZGNzh6RUp3cldoU21reVhWdGZZbFJxVzNBemJRZw?oc=5,The Times of India,"Thu, 18 Sep 2025 07:00:00 GMT",2026-06-14T20:34:01.969618,upi_fraud,True,False,candidate,https://timesofindia.indiatimes.com/city/guwahati/tripura-govt-provides-land-rights-to-4-5k-tea-workers-families-minister/articleshow/123982760.cms
upi scam Tripura,Traffic rule violators’ licences to be seized: Tripura Police - The Times of India,https://news.google.com/rss/articles/CBMi0AFBVV95cUxNR25JNVRQeVhoVXN5S25yM19pVkFNVkxXdWtrd1E0MUtaNkE3SkdXbEMzTFpMN3hsSXlySnZGQXFLejNFU2RLVnJWTUl2N3NrbnBabTVXQUF5d1paNTQyU0sxU09IQ0tpVlJwRkxLZ0E2ZHdiSTZ6emRnYjQxR1VPY3dTSVVrV3IzWG5fbFJSYUlsYkpyYTI1bUhIT1BzemlibVJzT3hCSnFkWWUzUThoTWNRQlZfMjNpaU9FSGVEZVNTTHZySUM0bEM1cWY0cVNG0gHWAUFVX3lxTE0wdWEyZEpaQzlSVVpnVXlXNFVDbWRrY1RVZU5pMmlPZk9KbXV1VE52eWtTNXhDc0ktYlBqTGpVVDdJN2V1c3VlakQ4azVsdWFrSHFJanAxYWhGVFZkUjNGTXVack1jNFkxYzUxem9CWHN3aVlYdEtEemloemdxZEI0Rkl3RXYzWHJURDhOOS1HWGV1ZVlxZU1lclpUQ09YYzhicXlzYVVuX18yZkU0eXFjcTNiMUR1aURYZVJHVXNGWUMxRmY1WWxlamt3TC1hRnp1cU9lQ2c?oc=5,The Times of India,"Wed, 17 Jan 2024 08:00:00 GMT",2026-06-14T20:34:01.969652,upi_fraud,True,False,candidate,https://timesofindia.indiatimes.com/city/agartala/traffic-rule-violators-licences-to-be-seized-tripura-police/articleshow/106913570.cms
upi scam Tripura,Tripura police register case against a person for slandering Manik Sarkar - The Times of India,https://news.google.com/rss/articles/CBMi1wFBVV95cUxNY20xUG1WdW8ybk9yVzl2QUhvSlhIR0JKT3ZEWHNkX2R2U2hMcEJwVXpGYlRrRVR4aE04SjdoMEFXR0lkamRDT2JXMGhiMFJTNlpVTDNzcncwdi1PT2l4UEJoRDRyQWpMVy1Gc2pFWWJ5amRxQTdXSTdmSGpOczVycjAzU3c4REFYLWxpMFY5V3BkaUh3X2kwVENQUzRwS0xUSnAxRHQ2VnhZRDMyZ3dhNFFIZUJmd2lwc1IwTmU5cUtGV1Yxd2E0T3Y2WFR1a1hxaF9lQmc3QdIB3AFBVV95cUxNcmZiRUxSUFIyOEM1XzY4eDk1SkI1QkhRTVhTSVZ3U0xGOWdwM0FvTVdzeWUxU0JoUDFZbVR2a0ZmbVZFYzlocG4zeGFtblo0UVF0ZjhUWVZtV0NlZDVZYW04U19nb1ZMX1FwV1dZV2lReDg0V0RBLVhHd1JsTUY0R05fZVFjdmREd0YtcTgtWFVGeUZlUU5Xb2ZEUzdVQW5WVlRXQjg5RktkYUZhd1hTcm11bEJqSGFCdGFJMUtBMVFJMG9YNGxRak5zMVZSQmZPbEQwLVB1elhsV2Vw?oc=5,The Times of India,"Mon, 27 Aug 2018 07:00:00 GMT",2026-06-14T20:34:01.969668,upi_fraud,True,False,candidate,https://timesofindia.indiatimes.com/india/tripura-police-register-case-against-a-person-for-slandering-manik-sarkar/articleshow/65568296.cms
upi scam Tripura,Tripura CM orders probe against DM for ‘misconduct’ - The Times of India,https://news.google.com/rss/articles/CBMiwwFBVV95cUxQYTV3QTdqR0FoYjEwV3pDWFFYMG9zYk9RbVNiX0gyNHRzMHhOWHJUWkZsWWJjczR2dkUyaktEdS1zTWFqOXl3cXpGUVZCdl9iS2NlTmNqeDFuLVlGSEtZRko3OGxwSnlxZExaUXpUMmR0RVo4Q2h6TklqN2JPQlVUMzVXQXdOZUhZYkpKTU9pTlFzMVdkRnlIMmhESWtkZThnU2ZrUDg0OHhXSjJLVVlBbU9Qa1FHZmxINTBIN2FsbGRsUjTSAcgBQVVfeXFMUFY2cmhaUmRtdzgwSnZjVjJBdC1aZTFwR1B2bTd1Z0toakZFbFAtYzQ4NDNxcHZabkNpVEliN1MxeHRZa3FjUGk0LXdvUG9hdm8tYmxUVGJXcEVKRE9WRWlaaENtS0NQWXdJNWFwQTl3NHlfbU9LYWVDcVF5ZU05d1BZYnRrQktLSnN2ZUxYOTRzX2lQaFB6U2Q1V01iWEQ3NmRZQVdoak1LdGtfd1U2dmVfempaNkZNN0VEOWNpaGpFdnBQbUVjOE0?oc=5,The Times of India,"Tue, 27 May 2025 07:00:00 GMT",2026-06-14T20:34:01.969684,upi_fraud,True,False,candidate,https://timesofindia.indiatimes.com/city/guwahati/tripura-cm-orders-probe-against-dm-for-misconduct/articleshow/121446465.cms
upi scam Tripura,Former Tripura PWD Minister Badal Chowdhury Arrested - TheWire.in,https://news.google.com/rss/articles/CBMinAFBVV95cUxQU3FwbXY5M2tqdUVmS0lIbVViMFpmOE9fT1luOWxkMXpVSGtLcjJjY3FDUTh3RlhJRnhpaThGNEhqTWx0ZUQwV3N5c1F2Rkp5dTllb1MxNjlmVmdVMXlnSjBNTWk4SGlqUVpFS0QtYTZvOUlkUDFJcEwyRnQtLXRyaUozbmRmeXc5b2VvcU0wZnJ3WWI0WTJ4WHN4OF_SAZwBQVVfeXFMUFNxcG12OTNranVFZktJSG1VYjBaZjhPX09ZbjlsZDF6VUhrS3IyY2NxQ1E4d0ZYSUZ4aWk4RjRIak1sdGVEMFdzeXNRdkZKeXU5ZW9TMTY5ZlZnVTF5Z0owTU1pOEhpalFaRUtELWE2bzlJZFAxSXBMMkZ0LS10cmlKM25kZnl3OW9lb3FNMGZyd1liNFkyeFhzeDhf?oc=5,TheWire.in,"Tue, 22 Oct 2019 07:00:00 GMT",2026-06-14T20:34:01.969732,upi_fraud,True,False,candidate,https://m.thewire.in/article/government/former-tripura-pwd-minister-badal-chowdhury-arrested/amp
upi scam Tripura,modi interacts with sundar pichai discusses googles plan to expand manufacturing base in india - Tripuratimes,https://news.google.com/rss/articles/CBMi1AFBVV95cUxOT2ZhaE5XcFNoRFlYUUJaRGo0RW1Ya0I4QmxlbnREVVQyZFBpWGItR09mSTZwSUNXRmhKODBOUUtqdTgxX0pFMlIzdjVfaUhxOXY2RjFpS3RKU29qSjZhMDVBSHVzZ2owM1VjamVVUmNnLWs4ZEdpX2kyVGI1ZEJpdDRCOFJnTXBSS3hRWlJLNTRwUXAxWTVVTWlCRWVIbWdiQ3RZOE94ZC00NFp2aVVCalJmZldNeUN0bUNMYm9qbDF1VVY3UW9MTG9pZE1yQnFuMVdQSw?oc=5,Tripuratimes,"Sat, 11 May 2024 00:42:22 GMT",2026-06-14T20:34:01.969756,upi_fraud,True,False,candidate,https://tripuratimes.com/ttimes/modi-interacts-with-sundar-pichai-discusses-googles-plan-to-expand-manufacturing-base-in-india-12369.html/
upi scam Tripura,"Agartala-Chittagong flight service soon, fare capped at 4,500 - The Times of India",https://news.google.com/rss/articles/CBMizwFBVV95cUxNU0t6OExwX2J6ZV9rcVp1SnlSZUt5TFRRblJLZUdoZWxHelJYNmJBRldhTlczLUQ2UEtPTm8wZTlpTlFZcTZJZ28zNHNPMTR2MjEtdjdUVkJvT0VBelpRNG9ZSV94Z2Y5YVpIcW9FZlBXVVJPUEFJRDBDWkI2OFc5NnBVTVhzOXFJcDFzMnE1U25UaDVoMHlHNnRMZzBGN1d6bjJXWGdMWGhXM080SEJaVDlfNVhKVFhza0oyaWNFcGQ5NWNQUlRKN2VnUTdoTDDSAdQBQVVfeXFMUGZUY19rWEFScnJyMkJodzQ3eGJUOVBYMEVvODZybFV1OExuY0VqM0N0djBoalUybTBVMEdnaktNOXZINzRDWTVaZ3duY3lHTHFRelgxNWdWN2VkZ0RBZHVZMm1raVhHdEZKbHNfUjU2UWx6MUh2OHhjLVdJY1dWZGw0STdRSTd0eWRRX2VpQ0xlX1RYeGdvUlM0QXBaODVwQjdnQVdDd2VYWi1JQnJLQXE5R0lKeFlLREM2TjJMbE92aVIzYWk1VU5ZeWUwdnhSUlYxQy0?oc=5,The Times of India,"Wed, 24 Aug 2022 07:00:00 GMT",2026-06-14T20:34:01.969774,upi_fraud,True,False,candidate,https://timesofindia.indiatimes.com/city/agartala/agartala-chittagong-flight-service-soon-fare-capped-at-4500/articleshow/93742698.cms
upi scam Tripura,BSF seizes six cobras in Tripura forest - The Times of India,https://news.google.com/rss/articles/CBMitAFBVV95cUxOVTVXaVl3NGs1Sm1aTXBPTnhXeUR4aDNyZ0pkLUEzeVdkcC1pZkhqcGtKTkFFYnhZYnRfTjAyMFVSR1dmRFVabm53SGxfVlhmZW5VZmpBZ3dBQ1k4TFZuNU1LS0xTMmpQRzZ6MGc5cFNhWWl6UVprZWZoYXZPRUNJYmNsM2NfU1JOM1hUWTZEYUxYNnU5djZ5X1hYVlJZaDhvRGR3bjRZUVFTSzBIcjZDZ21zMmPSAboBQVVfeXFMTUR6YVFPMG5Kck9TUC1LeWZGRmQyT2M3aTU2ZFJoR1dYVTJ1NVVlbGItTDh0RDJuQkFvTG5QRTBxZ1VkQS1hSEpmcDRFXzVtQU1OakNfSG9DUGpYOVpUSG13QW5oVjNQMVl3NVprMDRFZklOZElXeVNOUTNvOGFjeWROc1huZ0tHWjJpdHBnOHg5SGd2OFp4VWoyTXF0Y2RpdUcyNHZfY3U3TVJ2NlhVZGdndnphUnR2ME5n?oc=5,The Times of India,"Fri, 11 Mar 2016 08:00:00 GMT",2026-06-14T20:34:01.969808,upi_fraud,True,False,candidate,https://timesofindia.indiatimes.com/city/agartala/bsf-seizes-six-cobras-in-tripura-forest/articleshow/51354754.cms
upi scam Tripura,Made in Tripura: Bamboo-made water bottles - The Times of India,https://news.google.com/rss/articles/CBMiywFBVV95cUxOOWpIb2lma1QtYTE5Ry1QT2xGUjVSOWJHd1FKdW1hZUlZNHVZZ0ZGMXhRYVQ0M1VXS0k3RXNmcDJyRlEza3dUSTdBWmhDY2VYVDBuTU81Z2s1eFdyVjN3VFFmYU1YMkVCX2dQelpRQVM3VHp4ZGI1N0JDUzVGa2lveG5BZExUSWxuVFlUeENxQ3BybUczWml4VXVXNGhGNVdvR0ctanVfZlluR2ZaTkp4X2JhZWY3V3BCRWJlRHk2RG5QbktZR0hkN0lFMNIB0AFBVV95cUxQMVhCYUhneHBGcm5heHJ1NDI2ODE0X0RrRnN3cWVxMVBxVGtubnJFVlI1b3dqMmFmUUVEbVpzcGxXNjRYTGxVOEFYWDhVSnZPUzZmOXR1OVU4R1pDZGh0RkV0azNWc3VvTUlEbThKbHhjd2tuV0FxN1QwTHhERnpTZGRaTXZOc0pJM0hEZmVvN1pFd25qczRIZUFvSElBa3QzUlVEMW5kQWNES2x4M0V5b005YXNpME4wUHNpUjRub0hPeHFhaXFRWlFvbGItWEZ3?oc=5,The Times of India,"Mon, 29 Jun 2020 07:00:00 GMT",2026-06-14T20:34:01.969825,upi_fraud,True,False,candidate,https://timesofindia.indiatimes.com/city/agartala/tripuras-bamboo-made-water-bottles-stir-up-twitter-storm/articleshow/76681981.cms
upi scam Tripura,Assam temples undeterred by Tripura animal sacrifice ban - The Times of India,https://news.google.com/rss/articles/CBMiywFBVV95cUxOZC1mUWlSYlJTZ29DTEZsUEdBcl91MWg5bHQtc3pocU5SOTZfV3ZteDhYTDVrXzdsbncwMWZQZDFYOGxmcG5FbVYxblJlME43dmNRSmxaa29LYWNIX3V2M1c2bmlSYnR1VndXcVRxaWltSFJQT0RZY2dBMEY5MzE2Rzg5dHBkb0xzNzZmYmI1NmVycVVoWFpZX1N2T3RJNzkwdjdQb2U4SG9kdnpyVmFQRFAycTZUdVNtdENDcmpSckh6UXFkWHdDZDNOWdIB0AFBVV95cUxORkxWOEQyNTExU0ZSUnU0ODAxeTl2bmo1X3ZQcDByU1NkanJybEpIUzYyZ3huZUR0c25lUGFFR0JHYUVQdllvUy1mRG45dU1hNElndHAwWkQxZ3lQdkNHLV9JdlMzUGdjWDF1UzhYdDJRNG9TS09CbHFObjI2SXpfMWM0enlQVXFxd0VoMjFTWGluMVhUbmhDSlRBZ1hFTzl1dEhtSFFyekJtVkFHVVdJdmFpcDEtNlNBU1FWc05pZVY4eUYxZmktX1hka3BFend5?oc=5,The Times of India,"Sun, 29 Sep 2019 07:00:00 GMT",2026-06-14T20:34:01.969841,upi_fraud,True,False,candidate,https://timesofindia.indiatimes.com/city/guwahati/assam-temples-undeterred-by-tripura-animal-sacrifice-ban/articleshow/71356708.cms
fraudulent upi transaction Tripura,From Queues To QR Codes: India’s Payment Revolution. - TRIPURA STAR NEWS,https://news.google.com/rss/articles/CBMiigFBVV95cUxOejA2aFdZZmlBcVhFbTVmM2ZkLWYxM1lXclBXQ1FORjRYamhRZjhLUXZyWWpnMVFnSEhsZ3FuVjZudndBMmcxdkpiajVoWFNxRU0teWVlSFpObVpFZngzVjRSTmZOZlpxMUJQanZONFgxYS03cU5zNENacC1aRUJMSFZCWkN5dndLTFE?oc=5,TRIPURA STAR NEWS,"Sat, 11 Apr 2026 07:00:00 GMT",2026-06-14T20:34:03.494946,upi_fraud,True,False,candidate,https://www.tripurastarnews.com/from-queues-to-qr-codes-indias-payment-revolution/
payment app scam Tripura,Tripura 1st state to add ‘Track Me’ feature in 112 India app - The Times of India,https://news.google.com/rss/articles/CBMizwFBVV95cUxNanVWRWYtWm00M091dWtGRzlBWUlYaGdkTi1ucDVYZkFZZGJpNUVhUFR3LTVzUHZ1TVRJbUsyTVJmdmQ0T20zTkpFNkpfdkw2YUFqUkhFTlhxbW9PeGdWSmU2ckFoTW5ESmVCb2Q3ZndsWjB0Z2tZbmxIVGQ5ZWR4aWNqX0hFWkdkOTdkd1hET01xVjFDRTBrV2tqbFEzS09lR1Z2YmdJdUQ5dUF3RnEyRVdNUU1OdTNtb3hseVZkYXpYNUVFNV90ejJPWjMyTG_SAdQBQVVfeXFMTThWLWFVT3JLeDBDWjViZlVMbi1KVkJSY0paYmNLSVBsV2FISmdnOVJfNEVRR2RXQjE0Z3NndFgxOXNVWmF1Vm5ycUNGNDhRc3ZHSGE0MjhPT2tfOTlQWktKVThMalFHT1FUUnFONlFQM201dm4tZGxkejN5N2lMRkpvOWg5ZEJBWDdYdUgtbU5WeWxBR3I1SHNsanBqSnNZbGZGT2MxODFZSldPZUFNY2xlby11c0ZSVUo0MnpXM20xMmloWW5lYzQzRGtDbEt0eVhueF8?oc=5,The Times of India,"Fri, 22 May 2026 07:00:00 GMT",2026-06-14T20:34:05.528192,upi_fraud,True,False,candidate,https://timesofindia.indiatimes.com/city/guwahati/tripura-1st-state-to-add-track-me-feature-in-112-india-app/articleshow/131266862.cms
payment app scam Tripura,Tripura: CBI chargesheets five accused in Rose Valley scam in Agartala - India Today,https://news.google.com/rss/articles/CBMipAFBVV95cUxOZEFoSm9kMFFSSmtSMXFkN3p1Zklza0YtcWgxY1FHdmFFNUhNVGJqT184VS1Gb0l0ay1RTG5aa2VUOEVWTFZmLUVYUURiWnJVbno1cEd2UFJmN1ZHVVBEMTZrUlA5UFdnS0Q0OTVUQVUtYVhCSEdzbGhwVXJhOFR1U1F1bi0wTFM0QXgxZEtHdmNLcm95Smc1bDB4SDZEeDJCRXZtbNIBqgFBVV95cUxPb1l3N1A3VWZEREwzbm9uSmYyZkdsTUFuLUNUTWlFTk01NzdMWUJxYTBhTmpwbGdxZWxDTktTb0lqWjFkb1YxbkFyMHlBdkQyS0tIdWVUUGQ0c2QzMXpGd1NCSGZiSUNTTGkxZDNvR2dBQ2ZRU3pzTFRTU0hWaEptWl82MmZpbTJPWWRtaHMxWUI4WTBFWjdoN0FPS29oaDlGQ1k4T3ZMOUcxUQ?oc=5,India Today,"Mon, 01 Nov 2021 07:00:00 GMT",2026-06-14T20:34:05.528262,upi_fraud,True,False,candidate,https://www.indiatoday.in/india/story/tripura-cbi-chargesheet-rose-valley-chit-fund-1872085-2021-11-01
payment app scam Tripura,Former Tripura Chief Engineer Arrested Over Rs 600 Crore PWD Scam - NDTV,https://news.google.com/rss/articles/CBMiqAFBVV95cUxPOWRTYW1VN09JRUowM3cyRnc0MlBSdTVGbFd4c3ZSOE0wZmRjNGR6U1ppREhYZGUtTnRWOEw4Q0trZHIxbHdBV1gzQWQ3bmt1cEV3Y2t1VjIzM0p1MVZWckIzS2Zuc0lsQVZrTHFod1M1bDZlNzhTX0VPN096SXBPZllheHZpNHY1SnBsbHBOODJQT0dHeUZTUGZBVVZ4NUVhODVodGFEdGU?oc=5,NDTV,"Tue, 15 Oct 2019 07:00:00 GMT",2026-06-14T20:34:05.528270,upi_fraud,True,False,candidate,https://www.ndtv.com/india-news/former-tripura-chief-engineer-arrested-over-rs-600-crore-pwd-scam-2116818
payment app scam Tripura,Tripura JEE 2024 Registration Process to Commence Today at tbjee.nic.in - NorthEast India24,https://news.google.com/rss/articles/CBMiowFBVV95cUxPWXNtMHJTQWlpc2lLZ0duMVp6a09GVkJUazdQcUN6cGxxNVN6MEVqdGEyQVBKNDJaN3dKOVUycWNjSjN0NW9WSzgySnBzdEdOaDNhdE81U3BxN2IwaU5iSE5tbHZNUmw4UlFON05EMVRiZUc2RjdtOGFkWThoMF9odnZzdTVSNFg5VUlQRDA4MlI0WWZmOTI5VUVSRzdESWhsck80?oc=5,NorthEast India24,"Wed, 07 Feb 2024 08:00:00 GMT",2026-06-14T20:34:05.528293,upi_fraud,True,False,candidate,https://northeastindia24.com/tripura-jee-2024-registration-process-to-commence-today-at-tbjee-nic-in/
payment app scam Tripura,FIR against ex-Tripura minister Badal Choudhury in Rs 600-crore PWD scam - The Indian Express,https://news.google.com/rss/articles/CBMi1wFBVV95cUxPVXluR20xQkpzM3lvUGlUQ1U3WFhucDYyM2ZnbU5rUHdyMmVyZWVaakVBVnhKd0RfRGtoVkJ3QzlBTUtpUkNVazlWZXlkVWdLa0RraXBmV25MV28zNmFyWXRmV3RVZEc1dUVJVktYbzUxNjNrQmEzLXM5R0dTMnRHYkktZDVZbkFMX0JwR2NnbXVTNXBicTlCOGpwQXprZVljbWN3ZlI1QnhOeXhXVnZ6SEhTZ2hyVlpMeFZ5bFFJSTJKU0tfVEEwazNKMGJyLXk4V2dKcklDWdIB3gFBVV95cUxNUno4Qko1ZloxT0VwMzFfTWw1a1p4b01YOWdPUHpCUEpvUDd2dkRLeWxfRmM0MlFCak1KNWNkNHl2bWxKajNsck1JbzA2TU5tXzMxdWlaR3U1NUF0czVMZEZwUDF6MTRlQTQ3QUtjclV0bGF1LWk3RkVOajJRVE9mWk1iOHVpRWZBVFM5cV9LMmlOMnd3aEpiajdPRHk2dUFuckZiT1FxYlhKeWFPalJCdk4zOUVUdWtYUm90ZjNpMHZfbndvRDhCNDVVblZQa2ljbGxVZjFweFBwVWJZZ0E?oc=5,The Indian Express,"Mon, 14 Oct 2019 07:00:00 GMT",2026-06-14T20:34:05.528301,upi_fraud,True,False,candidate,https://indianexpress.com/article/north-east-india/tripura/fir-against-ex-tripura-minister-badal-choudhury-in-rs-600-crore-pwd-scam-6068059/
payment app scam Tripura,"Ahead of polls, Tripura’s Left Front government clarifies 10 graft charges | India News - Hindustan Times",https://news.google.com/rss/articles/CBMi4wFBVV95cUxPbEFZUEM3cFRydFJ5ZkR3cDQ5NVVpeEhVODdES2VkTF9PNUlxbG5sNGtoSDkzT2RCX21ZRmR0VDY5bDlDTDY4VDJGT3NYWjhYSnQ4RzhNUWZFQm1QMU0tbzlUN2FoWEN5SWlhSmZ0VmVhaGZYbC1EaG5UcHZTYkZ2NEpESTVsaWxkTTljWGlsUGEwSXBmUV96SEx3QUtSUlExY0hFNXl4SlBZNUZyNC02UGZLemNncGVfa01BRC0xTGwzTU9vckpiOXp5cmdpeFk3eHBoMC1HbGRlUk9FajVfY3puNNIB6AFBVV95cUxNdXJFWDRvX0VjOUY3dXBwUS16TnhNT1NlbVN6NmxPclZLVzZlbkJ0NXBTenMxLUpwOWp4UFdtQjY2azlKaW91ZGk4V0ZuUWhkazZhOGNxaWE5WEJTMS1rNGZVUndMWlNLRklWVldVN2kzLWhDMjdpeUdNWGdQcHFfQVFZOFZKNUJjTnFWb1k1SEhHUDhlUHpoY0lXNFp3M25OT3pKZ2ZhVU42ZzJPLUxjWXZOVmJPY01WWmFJcmJ5Qk1jQU0zUWstVHVfX1BmOUVxY1JkN1llUVR5TEVQMzEtTzMtUHNoSlBm?oc=5,Hindustan Times,"Thu, 02 Nov 2017 07:00:00 GMT",2026-06-14T20:34:05.528309,upi_fraud,True,False,candidate,https://www.hindustantimes.com/india-news/ahead-of-polls-tripura-s-left-front-government-clarifies-10-graft-charges/story-nBgr3hxjn3eTTviaL3JLSL.html
payment app scam Tripura,Tripura chit fund scam case: CBI arrests key absconding accused from Kolkata - thehawk.in,https://news.google.com/rss/articles/CBMirgFBVV95cUxOT3JnQnVYVzdRV2FiZDdLdmFaRWhkYW5RdUpxdTJjeF9GdHpjMDVSWTV2TW9EbWktakhHSVdKS2wtaXAtSFgxSXdHZUVXTWR3SmNydlRoZ3NKMlZobWdnRzhhM045aUNsQlpYWFF5WFJ4V0h4ZHVkV2FHdG1nM19PRlZGMXRlMGh6WlR4VHgxRk93VTlWQW1vX2sxRHV6TzAtZTlveDQzbjV6TGRyV2c?oc=5,thehawk.in,"Tue, 12 May 2026 07:00:00 GMT",2026-06-14T20:34:05.528341,upi_fraud,True,False,candidate,https://www.thehawk.in/news/india/tripura-chit-fund-scam-case-cbi-arrests-key-absconding-accused-from-kolkata
payment app scam Tripura,Tripura: CBI Arrests Absconding Accused Bikash Das from Assam in Tripura Chit Fund Scam - Dailyhunt,https://news.google.com/rss/articles/CBMihAJBVV95cUxNRk01ZUI3Uk50ZXdON0lSLXZSWDZ3V2VuMlFMVktnZjlid0U0bmZzRWh6bUpEeDFzM2MyRFZVdE1kS0xOd3BpMTh1Y1pmWmNCdmQwQ3ZJRHIwdzB3WUNCM0J0d2FmeDIweFYzLUxzcWxlMldNakxGb2tFMVdNbUN4eXpzelhOU2FSa1ktS1owTTEtOVZicHUySlZMR0NKZ21jcHFRTXNzN195V3RFZkpmYXdBc244TVdzV0owUmlqZERhSG1JcnBvT19Yamk3Nm5yaWxmWHdUU2c1a1lzczZnRW0wUjloQ3pWdDAwNTl3bTRHLUpOS2dDMlNTMmhwNlF6VHdzVA?oc=5,Dailyhunt,"Mon, 03 Feb 2025 08:00:00 GMT",2026-06-14T20:34:05.528349,upi_fraud,True,False,candidate,https://m.dailyhunt.in/news/india/english/the+sentinel-epaper-senteng/tripura+cbi+arrests+absconding+accused+bikash+das+from+assam+in+tripura+chit+fund+scam-newsid-n650631752
collect request scam Tripura,"Tripura's Latest News, Views & IT Portal - TRIPURAINFOWAY",https://news.google.com/rss/articles/CBMi3wJBVV95cUxPSlN4NzFQMlg1Z1BBU0lKR1poYUhVZ1lvNjhFa3VldHBOeXBfRHdEd0h1T3JJZl90S2UyUkZ2dHBFQWhSem9fT0JBbHg4WWs2ZzBNS1BmUHp2NnVPQWR1eWt0MnlJMWRvVGQxSW81NnRjN3lMMDlQZ0tXSGlwUmxWTGRXdGFxa01XS1YxVFRrZ0pvSGZDbG1JQ19LamVNNjd3R1hacE1PQzF1QnVvT0JpTEY4MmNNS0ZtUnpaUkthTGswTy0yWTRhVlhkblNKSkdHWVNCcHJxNmx3VWxoamRRcHlMRzZsbk1OMnRhNkp0d1BwU1kzckVIaEVUX0hGZlVoVXNDMEJPSUVzYmZaR3k0anQ1SndhY2x6OGVRdXlfOU5qN2ZTZjVNMm5ZeHhTQ0NCRXQxbnBFb25FMklOTkRRRXkxYXI3QUk0YVowWFRUMUhKc1d4Y1ViRXdwYnJYczA?oc=5,TRIPURAINFOWAY,"Wed, 27 Jul 2022 07:00:00 GMT",2026-06-14T20:34:08.893197,upi_fraud,True,False,candidate,https://www.tripurainfoway.com/news-details/TN/173763/bjp-mla-arun-bhowmik-rsquo-s-cbi-inquiry-demand-into-property-rises-haunts-tripura-minister-ratan-lal-nath-ratan-lal-met-mla-arun-bhowmik-stopped-him-from-filing-case-against-ratan-lal.html
collect request scam Tripura,Rose Valley scam: CBI files supplementary chargesheet against company chairman in Tripura - India Today NE,https://news.google.com/rss/articles/CBMi4wFBVV95cUxNSmdZNzhfM2FhUUN0bEFJUEJ1LXFneEJnTG9mUW1wbG1xc0pIR3BXY2ZiNmhOS3NZZnRSNS1lUEk3LUxQNFFjWXpkeFJPVlFobTMza0RkZFNiZUc2d3JfQ2xaMGtyc0NEcEhOeWIxeXd4STRweVpHUlUtN2hia1dWN2VfMTlMRWs1TW05Ump6UXh6ak51UnJIeTZZY21HM3ZDbjI1d3dEQlFxX01HT0E0emc2eVpyOWJlVHBsV0JobWRBWEJ0VUwyUy1rQm5KU3REckdfRHRqbzk2MUU3Y2FVY1pEY9IB6AFBVV95cUxQb1ZCMUpJTzJsblZ3TlJ6N1IxUzY4RE5wVFozTkhuR042QjF0aDBWN3hWeE5GWmRsdGxRVVZDaDZxMUoyZXRvbG1yOUItT2M5NW9LbFNzTS1MNzhqOHU2SlpsMERvcU1xVEZXTzJjb3k1a04xUmV5YnpZaUI5MjBwREpKQS0xQ2ExVEdPdGVBZnY4c3NtV09DZVNVRlFISnFwbnpWZE1Oa19XMUpaMnZQSGhPVFJtWERzQlVaU3h2cVQtZVNEOHZTbUhMRFBtbDU0YjJoYTRRLVp3a2hpbXVhY2JJOXFHOVhJ?oc=5,India Today NE,"Sat, 03 Jul 2021 07:00:00 GMT",2026-06-14T20:34:08.893205,upi_fraud,True,False,candidate,https://www.indiatodayne.in/top-stories/story/rose-valley-scam-cbi-files-supplementary-chargesheet-against-company-chairman-tripura-414056-2021-07-03
collect request scam Tripura,"Tripura: Agartala Municipal Corporation defrauded of Rs 16.38 crore in scam - The Sentinel - of this Land, for its People",https://news.google.com/rss/articles/CBMi1AFBVV95cUxQYW53WDJvSDNEelp1RXpodXE2ckN5SEdFdXdWdjBlTDNHWXZzNHJNbHZwME1tM0pJQmxpcnRxZ3FrYWxPN2RMcVlOVk5DNzROUFhNaW5YYWtRbGwtTmxvUDhsbDZxam5XM3IweEdkOU9OLUpQX3ZKTUlycUhqaVMyc2U2X3FNRTZBMHpGV1o1X1pVdTBaRHVua25BdWY3TXl5enRhTlp5d1BiNmdCNEI1a0dmVHFRQkZTdm9uS1JrYjBKLWtZYUlSeEtpMG9FX3lsSGhPadIB4gFBVV95cUxNU0pYc0F4Ukl5UDRHeHNBYlU2Z0pvRnRkUHdwRk9vdm5tbUJTOFlPc2l2RVQ2Vkt4bTh1VlpEM2lQRnBSdmx0THZrY3ZiUmt3Q1pjaGRPVTY0U29qaU1sVWZpdDNicTFvOUxxdVNiS0dZc3A3NUQ3VGZIRkFXSTgxTkhKWWRCZHllRUYweENrckpOcXBFcHlXRTZ6UGJiZXRSc0xRMXhXYkdjLUl2M1VpUW8tVXBOLWREY0tYeklzRTQxQ3ZhVmFUMnVFRjhmSVhGVjBmQVNZS0RuNmhyTV9ER0ZB?oc=5,"The Sentinel - of this Land, for its People","Sat, 06 Sep 2025 07:00:00 GMT",2026-06-14T20:34:08.893243,upi_fraud,True,False,candidate,https://www.sentinelassam.com/north-east-india-news/tripura-news/tripura-agartala-municipal-corporation-defrauded-of-rs-1638-crore-in-scam
digital payment fraud Tripura,I4C And RBIH Sign Mou To Strengthen AI-Driven Detection Of Mule Accounts And Cyber Financial Frauds. - TRIPURA STAR NEWS,https://news.google.com/rss/articles/CBMizAFBVV95cUxPZmpYeHNVMHJtZVFkYU84a3ZvaDBlczJGbUd1TjNEOEhzT081Wi1oT1RNOVR2Q19jZG85MGZ4aFozdHFDX2xtUVlGWGxkeUZBWnhjdktTTFZTZ2pmOFhuUjNla3hmU3FnREo5MGw2eXIzeS1lVUVrM0FWd29YLVdaZTBzX2V4X3ctbnVDSVUyT1VkOWVZRlJUbGM0enpnMW40aEJ1a3hoa25QUjVpVm0zaHg2dGl5bEFSTzNPd2EyMG1Sam4wa0RCdE8yLS0?oc=5,TRIPURA STAR NEWS,"Wed, 13 May 2026 02:09:36 GMT",2026-06-14T20:34:10.455769,upi_fraud,True,False,candidate,https://www.tripurastarnews.com/i4c-and-rbih-sign-mou-to-strengthen-ai-driven-detection-of-mule-accounts-and-cyber-financial-frauds/
digital payment fraud Tripura,TIPRA Motha rift deepens ahead of Tripura ADC polls - The Times of India,https://news.google.com/rss/articles/CBMixgFBVV95cUxOTlB2VW9ob1RDRDU0azZTTFJKWko0MjRwSlpTbVlyTFFZUGdQNGZFaDFSUDQ0and5Y0h4UlVta2JNQmRMY1ZVdEs4d2toeWQzNVVqLTNhV3d6WC1ycU1xMmgwaFNJdlJVWlhHRHpfSmJOY0k0MzVvS0QzLXQ1NXc1WkhYRE5qVnRkNGNnVGVhaXJjUXJCZnk0eFY5YmtfT0QwSmN3eUFmd2g3dlB3OHU4VS1CYWxJOEIxTENNZllMQ2phMllmOGfSAcsBQVVfeXFMTmE0R2gycjVSYVJURGxoVlFsTGhYTElBNEgxY0FZSGlOam5pcjREbUNMQ0VmUHNsNWNwT2tzdkQxWWJ5RjBGZy1SUFN3bEVMYjFSSEtIOEVFZDRCTHc3MzYzajdJUGhDb0w3WkM0OG1Ydk1yZVNlTkVSR19NNndmdGNEUllnenVrWmpsd1MzdGdieUVod2tlbmVqOFJzZWstXzVYcmxaNFZ2OEFPZWFxdmRKMHU4eTRDd2M4Nmg3ZDhqOFpWUDMxaVdFSEE?oc=5,The Times of India,"Sun, 29 Mar 2026 07:00:00 GMT",2026-06-14T20:34:10.455789,upi_fraud,True,False,candidate,https://timesofindia.indiatimes.com/city/guwahati/tipra-motha-rift-deepens-ahead-of-tripura-adc-polls/articleshow/129885869.cms
bhim fraud Tripura,Ambedkar Jayanti 2025 : Celebrated 135th Birth Anniversary Of Bharat Ratna Dr. Bhim Rao Ambedkar. - TRIPURA STAR NEWS,https://news.google.com/rss/articles/CBMixAFBVV95cUxPSUpEeUZtbElWVWZuQzJ3RU5fTlBvS2YwSjRSVVVTdC04X2E3VDNxRXh2NFcwdWVJQmZOdWVYcjl0cUtfaVc1UnFqQTRMZWUzZE55N0xBejZkSmdINzRxWjJ3bmQzMDJ4NmFEOEZjOUZXSVdWajYzNFV6ZTdXbFQzRUJkZDl5NmFkUjJMaGVvZ2dvUmNSd09EVy04Tk1BR0FRc2tSZ3Y0bm1lSjNKV0VodlN1YnBVVy01ZDhpTFAzQmtob2FD?oc=5,TRIPURA STAR NEWS,"Tue, 15 Apr 2025 07:00:00 GMT",2026-06-14T20:34:28.095350,upi_fraud,True,False,candidate,https://www.tripurastarnews.com/ambedkar-jayanti-2025-celebrated-135th-birth-anniversary-of-bharat-ratna-dr-bhim-rao-ambedkar/
amazon pay fraud Tripura,39 govt employees in Tripura get show-cause notice for late arrival - The Times of India,https://news.google.com/rss/articles/CBMi6AFBVV95cUxPcWxIM0FhQ0Z3a1o3MDlsZVAyYkR4NDAyLTBMVjRaNFc0eDBXdlZSeGVXaVdCWEJZeFliRVRhS181b3NNeHBLRF8wM2w2X3ctaFNuUWRxb3hYN0dIZHNPQlBybDY1Yk12MVRva19qNTNXOG9nNmxwX0tkY2I5M25oVXoyTTRZXzNEQ1M1OUNmbmNaV3ZXZGI1bnBObTAzUkwxc1NjZ1o2SWdrcEJTbG1tVkZvM2RvYUp6NjR0bV96RjJ0ODdXQ3Q0OFE1d2FQbFI5eV9kcEl2UDF4b2JjTjNISFE4LUJmalBi0gHuAUFVX3lxTE4tcDFYd0h6SmpoUlp1T1dVbDBybnZYUzFtVzlsajNiaDF3QlgzUUxDZmc3bFhBTkVsX1pzOExvbDBhakw2T1Q5alVZaC1sQnRZLVZCUHJaOGR2S290X3d6WnpKd3UxdXdzYThMRXZSNjlGOEtyYzJzaTJvRktNOU9kdkNmTWNaTWJ5Z09hdVdMeHZMT3VpaEJWOEttdEpSckl3a3psMUI3YUhXU0hKSVZsNHQzeEg0VzdnckZ2U2h6LVd2REpFd2x5Vkpkc2J4UVFDaE5BMTB6WEVTMXhxUGJ1dE9FZVczZGM4ckgzOGc?oc=5,The Times of India,"Tue, 23 Jul 2024 07:00:00 GMT",2026-06-14T20:34:35.257493,upi_fraud,True,False,candidate,https://timesofindia.indiatimes.com/city/agartala/39-government-employees-in-tripura-receive-show-cause-notice-for-late-arrival/articleshow/111941468.cms
bharatpe fraud Tripura,ONGC drills three gas wells using new MPD technology in Tripura - Business Standard,https://news.google.com/rss/articles/CBMi0AFBVV95cUxOa2YxaXJHTFZadGs5SUpYSE9ENzV5SkV3OXFBVHNiVmlmYURfN0pPUlg2a0NkSlZIRVJXTVpZWXJMN01NOEoxSEp2ZEFMVjM2XzFEU3pBNi1IMmt2WEVRQmxFOG5mMy1IYWJOb0RLQnZmN3h5WFpRXzVHano2MHZ0UFFmNnFoSGpPZEQ3RVpjTGo0UmJGT2tPNW5yZVoyNFRaMXlSb0QxN19WZ2s3Z0pMOV9aS2FOcWZ2NllUOUpsVmZYV2gxT2RKalZaRXJzcXRx0gHWAUFVX3lxTE5pVlZ6TWJzaDN5b01lSWRJeXpBQkI1WjVtREZDcWRsazY4WU9NMnBvUjg3QWJuT0I4STZVc3JnXzZJb0tqbWxJM0xHSWVVRHVTRGF0WlRHRDZVQ1RJRUI3NENQbmcwaU5lX2h5LWgzdjNGY3ZqOXdtVTFMTG5yd0p4eEdzNkRjTzFra2tWNUxFUUp2UmxMQTQzd0F1MUFTWEg2d1BoRFl6Rzl3OUhZNmpnMW9PTC1OU2puYV9UZnpUYllSOEJpZWtXb3hhWmdIeF9JTk9RWlE?oc=5,Business Standard,"Sun, 17 Apr 2022 07:00:00 GMT",2026-06-14T20:34:38.238373,upi_fraud,True,False,candidate,https://www.business-standard.com/article/companies/ongc-drills-three-gas-wells-using-new-mpd-technology-in-tripura-122041700456_1.html
qr code scam Tripura,"Khattar flags power sector losses in Tripura, orders crackdown on illegal connections - The Times of India",https://news.google.com/rss/articles/CBMi8gFBVV95cUxNMXl6R3Rhb1ZtVVdUQzctUV84N2tPX3NpcWJhZnhzNDhOcnItbkNxTUVVeVNwRkVNekIxZEh6UHlZMWdUOEFLRlIyU1hvN0d6bWM5QlJ6eENNMWtMRHBaV2V3MmRCR1dQNnpjUFRFaHRpb2NfUlJ0YWFxSDJWMEJ1ZVpaQ2I5TFplbU9wTlhZZE1FYXNtcG5jVU9halpRODR1bFoyOEgxdnJ1bG0tV1pFc29XQzlEdzJvb0FEeUw1SjR6YklrUFBtaU1nMWdEeGRmRjN0b29QVnNSNTEtMUlZQ1AzSnZSU2dRdTd2cnA0YUN6d9IB9wFBVV95cUxPS0tXV2ZVZVduSzVuNUkyWmlNOVp5QnZMQmRVWWZhTGF3NnlrcHp4SXgzRVhrVFpfaC1FMERLSEZYWk8yMUE3VkNRYTRuc2tKTWplbGE0eWMtTGlwWVQ4LThjRG1WU3VLc2RaQXRMNW9zRTBTVHk4VU10ZFZISHZuMFJmZnJvQXVKTGhSNFU3dW16amh2aHlGajlCenphMlZXZnBfVjdVSnQzbGRMaXNIVTdZVlRKZk10b19McHdHSUxnTzg1WnpwcEpTSTQ2SUhwOFdVbzB2LW9UUVFqU1h0S1hMbEd4b2NRN0tkVFhwU3g1WnBvMU5V?oc=5,The Times of India,"Mon, 01 Jun 2026 07:00:00 GMT",2026-06-14T20:34:40.119265,qr_code_scam,True,False,candidate,https://timesofindia.indiatimes.com/city/guwahati/khattar-flags-power-sector-losses-in-tripura-orders-crackdown-on-illegal-connections/articleshow/131441832.cms
qr code scam Tripura,"Tamil Nadu: 18,000 cops deployed at counting centres - Tripuratimes",https://news.google.com/rss/articles/CBMimgFBVV95cUxOcmJUb0E4QTU2TjBnQlpwYjhjcUo3dUx5OGhWcUJMaHV5ZVNKZG4tNTljZ0tPMTF0bXRnQ1AtN20tbGlnUHVhUUVodHBpQXVaemtJV1BZZWphS0ZGdlVveTNrQmJ4aHU1UWZsVHFUYlZhV3drQ2RMREZkUW5Ed0Z1U21vTzVPTzFGM0tNVGV5WG8yZ0VkU2ZaYUhR?oc=5,Tripuratimes,"Sun, 03 May 2026 07:00:00 GMT",2026-06-14T20:34:40.119333,qr_code_scam,True,False,candidate,https://tripuratimes.com/ttimes/tamil-nadu-18000-cops-deployed-at-counting-centres-36876.html/
qr code scam Tripura,Tripura Cong panel outlines steps to rejuvenate party in northeast - The Times of India,https://news.google.com/rss/articles/CBMi2gFBVV95cUxNZGY2bnUxOC1hNDZUeFh6anU0NmJtRzNWd1dCSWV3UkJocEFTSklObzU2NUkzVl9xV2x5aU9HN2dNMTdXNmJ1Q1RFZjFlcWZuNEUwakxGcG54TDBUZ21vcXdHOEpYTXpTOTVaV2ZsLXVSTG5WSUx4YWlaUXJieUVmVUxzNmFwNWc2VHVsOS1IRWZkOUZtX3Z5SE5YcjdNamdiMW5KdGhtZkNvaVFtYllhV20tMnpTZllKYWVPVjVYVGZfS3RpcDI4a2p6NmxsUTB3QVM0b2VXM3lrd9IB3wFBVV95cUxQbmlPRVJhazNFS2Jnb1NHMkVvNnhPZWdUZ3VjMmxlZkExUHBMaWphb1pHOFhzWkJBbGp0Z3k0LU0xekJYU09PSzhnbEwtVGpZb1A5aEluLS1tbTJaOUozYzN4YXBLa0VhNndaUUkzR1dVWVU1WmdYWC1KSXZzMzBaT3JFNXNRY1BGd2JPWk9qUGpjeEdSVEpPQzlScTZwbWpBVTlXQ2I2Z0dxNW12WmNvUGJiQ0Yzd0RJTjM4TGZyeWNhbnZBOFBvWWFQS2ZXd2V2bkNOSldTYnd5T09DWnc0?oc=5,The Times of India,"Mon, 18 May 2026 07:00:00 GMT",2026-06-14T20:34:40.119345,qr_code_scam,True,False,candidate,https://timesofindia.indiatimes.com/city/guwahati/tripura-cong-panel-outlines-steps-to-rejuvenate-party-in-northeast/articleshow/131183830.cms
qr code scam Tripura,5-yr-old boy dies in Tripura wall cave-in - The Times of India,https://news.google.com/rss/articles/CBMiuAFBVV95cUxPbEJnZHU5LUlhd2RzMjgzb1haQ1ZvQUd2bHpJSTF5TzBqNlp1eGRHTzA3bjNmVWRTemVBbUtwSGM0Wjl1R2ZSdmZyczNCd2I1Z2FZSlJtSWZWYWdqRzFudkZfY2dKRXlWV2VPTlI5eVZuOTc0NDJOZWVqMG5FQ0V4ODhDei1iYy1QYVNyQkZEYkx5RVh5TVlIaWg3eHZCWnJ2Ry1hTjVRd2NCc2thMklGZEwzNHVVN1Ju0gG-AUFVX3lxTE43dXRmY09QNGpESXNOU1RQOXByZ0w4c1ZJQnlmS2c4cnE4d2V2ZDZHcnBOT29mbURKR1dOT0h2OVdwVkEyUkpucEhIMmlxbThsakF6c3dIR2xYLXBXMHJNOVlGMVJTbzV1T29LZ1QweHpJbGVIT0tDVlVBLU0wR3hVaHppWnZpa05iOG94aGtQTjNtRGhoTUdGU0lDX1FMQkpfd1hwSnhnVTgzME5QV3FXR2swcV9TUFBGdU5ycHc?oc=5,The Times of India,"Thu, 30 Apr 2026 07:00:00 GMT",2026-06-14T20:34:40.119358,qr_code_scam,True,False,candidate,https://timesofindia.indiatimes.com/city/guwahati/5-yr-old-boy-dies-in-tripura-wall-cave-in/articleshow/130648180.cms
qr code scam Tripura,Tripura’s Sagar Datta Majumdar cracks UPSC 2024 with AIR 317 - India Today NE,https://news.google.com/rss/articles/CBMivAFBVV95cUxNVTFmTG1VNUtDNWM3QkhWcXh3U0ZpUl9yR2ZyRkdwVHpFbmM2clh0aHkxTjNiaF9xbnhPbUFDSnFJNHNLOUxzeEo1d3FGSkNQd1F2bFFlZGJOakN0YVdrVnhzUmlGbk8zN0dnY2oyS3Z3bHVIOXFwRVhCMkdCbXV1ZFllVlg1Y0FIYVJpR2luVXJfMlhPUlNGX2FISnNEbFJ1bTVGSjZIaktKVjQ3Vl93eFhDQTVLV3ZxaHZxWtIBwgFBVV95cUxQZTR0REI4VGFVOGFjS2dWRWVJYXpYVHNKaDl4X3JjOUJXU29LbXJlcklBS2dhUEUxakdZTEdkZl9PUFVHbk42RjhPS2NWR0V6T2pGQ3JycmVVd3lQVS1KMVRaTG45WDB6d3RFUnRKdjBNQk9HQUFQWVdtYko1YlR2Yldrb2tHLUlOclUtVG1jR0hOcmdRUk5BX3VNOVBaZW9QNTJ3ckdDSmE4WEZZOUhickszMHBOcDFTUU9TTExxdGFCQQ?oc=5,India Today NE,"Tue, 22 Apr 2025 07:00:00 GMT",2026-06-14T20:34:40.119381,qr_code_scam,True,False,candidate,https://www.indiatodayne.in/tripura/story/tripuras-sagar-datta-majumdar-cracks-upsc-2024-with-air-317-1202992-2025-04-22
upi scanner Tripura,Jio Payments Bank Introduces UPI-Based Cash Withdrawal Services. - TRIPURA STAR NEWS,https://news.google.com/rss/articles/CBMinAFBVV95cUxObkdaMmw0d2NGaVlvdmhXRUItRGFjVkdaX29rZmhKejRubm5OT0xMTWFBU3BMSEJWNm1BSm5mam05d2RTdVVSaE9VV2c3b2VEaTZEVDFWSnlRNFYwRFhyS2doS1dCcnJCQ09TeldDR1U2czd6VDdjaV9KSlduY0Z4Ml9qVEMySlhQcy1qQkR3SE9NVks4bkctVXlfZ04?oc=5,TRIPURA STAR NEWS,"Tue, 17 Mar 2026 07:00:00 GMT",2026-06-14T20:34:41.928500,qr_code_scam,True,False,candidate,https://www.tripurastarnews.com/jio-payments-bank-introduces-upi-based-cash-withdrawal-services/
upi scanner Tripura,How to Get a Duplicate RC in Tripura: A Complete Guide - ACKO Drive,https://news.google.com/rss/articles/CBMiX0FVX3lxTE1xX0szd29OblNVQktNVHZkb2lsQVR2SlNTRzVEME9remhCTThXcDNwLTZZYkp0aXNxRHo3TnNGVkRNV29peERkWnJqakhfXzhqSDA1Y3B1RnY2VVo1cWhR?oc=5,ACKO Drive,"Tue, 08 Jul 2025 07:00:00 GMT",2026-06-14T20:34:41.928546,qr_code_scam,True,False,candidate,https://ackodrive.com/rto/duplicate-rc-in-tripura/
upi scanner Tripura,How to Renew Driving Licence in Tripura: Step-by-Step Guide - ACKO Drive,https://news.google.com/rss/articles/CBMie0FVX3lxTE1vUkQtODU1clVscFRyNUN4THFHX0xGTkJQT2p3MTdBaGR2N0E5aVJKYm40d2s1eTFCYjc0X0pPU1RIU0hLRTZhel80cm4tbUU3SVNXbE1KcjdqeHZsRTBTYl9RQmpNRlJ5cGRvd0hMU21YMWJ5MmFZUUNINA?oc=5,ACKO Drive,"Tue, 27 May 2025 07:00:00 GMT",2026-06-14T20:34:41.928563,qr_code_scam,True,False,candidate,https://ackodrive.com/driving-license/renew-driving-licence-in-tripura/
upi scanner Tripura,Tripura becomes first Indian state to have 100% digital payment system in PRIs - Northeast Live,https://news.google.com/rss/articles/CBMiekFVX3lxTE1EQWNrcHU0dDI0eXVYcF9CZjZyZTF4ZzVIQUQ0azdCZFo3Q3g4NUdmWFQ4UTJ3X1Bhb0s1U0NuZUxNNGVPQW5PU2tuazZ1SXE4ZGJzRkhBeG4zaVBibWhTWnpRNW1ldXFFOFdJT2luZTJ1SEprU2RQZ2RR?oc=5,Northeast Live,"Tue, 03 Oct 2023 07:00:00 GMT",2026-06-14T20:34:41.928576,qr_code_scam,True,False,candidate,https://northeastlivetv.com/topnews/digital-payment-system-in-tripura/
fake payment scanner Tripura,"Tripura's Latest News, Views & IT Portal - TRIPURAINFOWAY",https://news.google.com/rss/articles/CBMigAJBVV95cUxQT0NNYWpibDQyd29EcEpJbDRuQkpfN1NxVkx1ZFFWSUhnaDJhUWdsY08xeHpRLWRFMkc5OTFhcEQyNXJ2MHdJZVVIalJsTWFLSEdXNjAzOWdQMnpqeU1kYTBkTm5FcGFzVHNkNUZYSnlNU3V6eWp6dVk3eTBlbUdFek45T0NHcmtJLXlhckFWSTU3cWdON3pSMDExQkstWWxMV2lWc0VRNF93Vi1Tam8yZGw0dVRtb2EtcnZZbEtKeVdrdXNsX1FkQVVUVlY4anVzSGpkSW81Z1ZJa3JMRXdVN2Y3SVRnZlBLb2pXUmNjZ0ZudlB4SEZ2RWhXNGdxdHJi?oc=5,TRIPURAINFOWAY,"Tue, 10 Jan 2023 08:00:00 GMT",2026-06-14T20:34:45.483267,qr_code_scam,True,False,candidate,https://www.tripurainfoway.com/news-details/TN/178852/from-himanta-to-suvendu-tripura-bjp-rsquo-s-all-star-campaigners-are-former-congress-trinamool-chit-fund-scammers.html
qr code arrest Tripura,No peace in sight: Why Tripura always witnesses violence during and after polls - EastMojo,https://news.google.com/rss/articles/CBMiuwFBVV95cUxOTmw5Xzd0UU5QZGZwYUh5NW9hSjB2WGdRYkdfcElFZTRNOFo1el9jaEpLQkF5YlppSzhOS1FGQmtnelRMX2FpRmFoYXRHWVV2WWZvNHJRNGJIb255Q1lBaVR6VFFXcVBWR1o0YnVUWUVjSVNDY285VjNWUGhxMnIxTTE5NGliNXc2cnRzdmN3b0xuVmRMc1dUcUJ4VHJaTGphaE56UEN4aG9ENUZXOTg1TGNKTjZVUDhRaFNr?oc=5,EastMojo,"Thu, 30 Apr 2026 07:00:00 GMT",2026-06-14T20:34:48.909278,qr_code_scam,True,False,candidate,https://eastmojo.com/premium/2026/04/30/no-peace-in-sight-why-tripura-always-witnesses-violence-during-and-after-polls/
qr code arrest Tripura,Empowerment story of Tripura woman wins praise at UN session - The Times of India,https://news.google.com/rss/articles/CBMi0gFBVV95cUxPTmMwdHlLTUMxd2xINnJiNFdsMEpkakxEY19vSWs1RS1KTjRPSVBwTE44dTY0cnFvWnR3NmpNQnYzaGxFS0lYeVZWZWlleUR4YThVN08xcGowblZBRXdnMnFhaWhaMi02VDNqbjZkajEwb3pOVm0zX2pWQ2RaajMxalMxVnpORGsxa2ltakZyOFdHUHc4MmRiQVpVQ2NJcjRKaFNhNE9JRUpveVc4S1FIb1d4RDJwVnAxV1RnTFZGaDgyeG42TWtrSkpZNWZ2TDdWeHfSAdcBQVVfeXFMTlA5VFNnU1pNVFNWSllYZU5vSFpsNGxnYjIzc3NheTFKZjEyOE5BSGFjMS1HSGEwazlpN1hWdTllaFNrSHA0WkdjQmI1eEpnQ2xWRVZJQk44YVRmNnpfTXdBNWRNZXpLNDI3RjU0YmJZOHFTRmd5dXliYmdnUkpWMFJLYzVGQ1BjVFlORld2OHNybVZJbUFJbVhnQkdqSnVXNEw1bnpncEtIYVJBX3lsRldpOVBsRDQwaGdJRjFESkdtLTJlRENpcnBBRTRlN2lreXA1S3dyOVk?oc=5,The Times of India,"Mon, 06 May 2024 07:00:00 GMT",2026-06-14T20:34:48.909302,qr_code_scam,True,False,candidate,https://timesofindia.indiatimes.com/city/agartala/empowerment-story-of-tripura-woman-wins-praise-at-un-session/articleshow/109867702.cms
qr code arrest Tripura,Infiltration – a major concern for internal security in Tripura | Hindustan Times - Hindustan Times,https://news.google.com/rss/articles/CBMivwFBVV95cUxOVndYd2FvSWpBMWtGM0dmck1iOFdHVVhSbmZxTXdVZkpfMkd6RFVCakZKOFNGR2tZS2pydTZKX1FEZ2NGcTNXLTRFcEJzcU5fY0hvU1lzRTNvNFIxMDZacm5RS1ZkNHRNcDZncVZfUTZpMnRPdnZDSzFmUW9EWjJ4Tm1Oa3ZHTE93d0Z1b3hVQ3lZbVZ1el9zOU5JZDMtRVVVa0Z5a3lLeXN6cHdLQVBKd2ZRY3Bkd3lYWk1ib2Rwa9IBxAFBVV95cUxNMlpUMlV1aU9BVGlIdTFhN2ZnV3pVRnluLUs1VmxhcTN6SFFVTy1RM3dQTWJNX1NvQ3hRMXJxLWNOS1lDOGtXNVczazBsdV8wUk91ZFJJbjZWVWtzVnc4UmxXLVVtMDdhN2FESmRtTmVVeWFOZ1c1WnluODhoZkI0VDVEV01jZzBLc2g5NGVtUGFNejYxcTk1Q3Bnalh2OHM0bzRISUY2NW1rbmVYNlhjcG1IMWwyNi1xLVNTUkk5M3RRMnNr?oc=5,Hindustan Times,"Sat, 13 Jul 2024 07:00:00 GMT",2026-06-14T20:34:48.909314,qr_code_scam,True,False,candidate,https://www.hindustantimes.com/analysis/infiltration-a-major-concern-for-internal-security-in-tripura-101720805290842.html
qr code arrest Tripura,"7 arrested, 4 cops suspended in attack of Agartala Bangladesh assistant high commission - The Times of India",https://news.google.com/rss/articles/CBMi9AFBVV95cUxQd3lCY29XX3VoUDZYY0RYVk5RMWZ4cnVIWjd1THJXa3JVZVZrbGlidWJaR1pSVG95RWZWVlY2cTQ1cXBRRXQ0SGlCS3AtRzFfLXEteUE5Y3V0a0JlbEVLR1l1SXRGYjhRWkFGS1hHcmRWZWN0eWw5SGlqb3RnYi1pNUZHOEowa1hJdW01ZWE4dThqWkRwUWhvclU4TkM1TzZfTXdtcTNVY0R4N1NRRVJpa0NUT21NeWZ0OU42Ym5nSno3SVN3QkRSRW4xMmVfbWxtVnBrQTlaYkJPcDU0Ny0zVlZEcU00MjA0VjJMUUE4eTNDWE9s0gH6AUFVX3lxTE8zR3gxTWFlT2M4MEhraWZMWWlzcHVOXzRwLU9VUzhPSHp6RkhoOFEyOWp0NzlMZkc1ZU1KNWlrZFp5b25rQ1N6ejZhWXNMQktJYjluMFlaeURrM3V2MG5IWU83VnBZR1QzbmllNUNsVGU0M1pZX2Zqc2lIOFBtLThTZDduVDdpNFFLemp3aHRZSzNLS0gyVk53Rkt6RGp6Z2NqWk5MekI2WHpUVng1QmNLRGhRSWxnUHdIUWsta1J6akVja25MTTVORk1XV2g2QmVmODRzWG9jWVBxLUlLU1ppaEZLUmZJeE9fbGxnblVzU1licFVFakhCS3c?oc=5,The Times of India,"Tue, 03 Dec 2024 08:00:00 GMT",2026-06-14T20:34:48.909326,qr_code_scam,True,False,candidate,https://timesofindia.indiatimes.com/city/agartala/7-arrested-4-cops-suspended-in-attack-of-agartala-bangladesh-assistant-high-commission/articleshow/115940526.cms
investment fraud Tripura,CBI arrests kingpin of Tripura chit fund case from West Bengal’s Nadia district - Nagaland Tribune,https://news.google.com/rss/articles/CBMiqgFBVV95cUxPSmFSUnNzUlhMWVViU1lGUmk5TDF3YU5BV0ZKWDlqOFQ1eVhzcWw1ZGJlRmx0bUM4NzU4UlNYQUZNZk8xRGZPby1TdEY2aERvYW9HVXVtdkNQa2JmR3RZNktIeDZYV1RXVFVYejhnTlpJR3puMVFkR0lLeVFjd0NoelBuc0g0VnlZaWZvTEhJS3pTVFpJQXlYWXRfMWx2RUZjODhMdl9nQXFzUQ?oc=5,Nagaland Tribune,"Sun, 18 Jan 2026 08:00:00 GMT",2026-06-14T20:34:52.858676,investment_fraud,True,False,candidate,https://nagalandtribune.in/cbi-arrests-kingpin-of-tripura-chit-fund-case-from-west-bengals-nadia-district/
investment fraud Tripura,"Tripura Chit Fund Scam: After 14 Years on the Run, Tapan Pramanik Arrested by CBI - Moneylife",https://news.google.com/rss/articles/CBMiwAFBVV95cUxOT19wNXZPWEh4dm1uNkZrbHBnRlYzNUE2ZGdtVjktWDJnYUpvdHFuZnJuM2dQeHB1ZVVEa3dkQUM1aVlRUFJ4VTlRZjhFa2hWU1Y1NzZhaWloUERxaHoyNFRJaVpTZXRwdlo1cF9Wa2hxYkxVbXVvX3JQdExKcU52cUJBa2s1VjRaV0tPVVhPcnlTeng4OEFHS3VqOEdiVHZtYjU2a1Vuc1FuM2ZkRHNmaVhjZzhVMUlUcWdIRHlvQ0Y?oc=5,Moneylife,"Mon, 19 Jan 2026 08:00:00 GMT",2026-06-14T20:34:52.858703,investment_fraud,True,False,candidate,https://www.moneylife.in/article/tripura-chit-fund-scam-after-14-years-on-the-run-tapan-pramanik-arrested-by-cbi/79417.html
investment fraud Tripura,"Tripura begins asset auctions in Rs 14,000-Cr chit fund scam, eyes investor relief - The Assam Tribune",https://news.google.com/rss/articles/CBMiwgFBVV95cUxPNlhwVmQ3S2JYSzVyMlpDZ0VYWmcwdXBjcnp5c2REcjZ0dEg0eTFEcDVPcmVuNEc5UWp2SkVvN1d5Q2pTX05qQ1lPN2lmMW0wT1hPeE45QXBGblNZbmtkT28tLVFCa1RhbzEycjhyTmVNM295YzB3Y1ZEMVQxV3BMU2FOcTZ1bERtWm9xTU42LVk1Wm85NDZaaXliWXJmMG96M0d5eklXeTJER3d6WlpYSGp3bE9zRkotc3pKMk5HbnpHUdIBxwFBVV95cUxQd0JWSkNTZjVjLWp5RHl1QTduRDJuMnk3S1YyMXYySTZLbFZvM0Fnd0Fmb3c3RW1xcUgzX05DVFlKdVlkNl9mOGVrM3VOR3FRWVdfVVhiaDRFaklPLXMxN1NQRjlzY2pfXy1ZS3VmVUJlaWZFcW03ZlduMVdrbEtCV1FIWTJEdnlkRDBfVW1wVjdETXktc2ZBNU1GU3hGeVRKTHU5b0MtUHZFQXdRUjNhRG9Oa0RlRjJoWEtxT185TXppZ25vbEhZ?oc=5,The Assam Tribune,"Tue, 22 Apr 2025 07:00:00 GMT",2026-06-14T20:34:52.858841,investment_fraud,True,False,candidate,https://assamtribune.com/north-east/tripura-begins-asset-auctions-in-rs-14000-cr-chit-fund-scam-eyes-investor-relief-1574922
investment fraud Tripura,Tripura: CBI Court Convicts Three in ₹5.5 Crore PIPSL Chit Fund Scam - Northeast Today,https://news.google.com/rss/articles/CBMisgFBVV95cUxNdVFVemFsZ0N3S2g5OEFCRnkyUER0YWFFek9uajFxVy0zQlIyb3NjZzNmTk1Oc3NaaGt4RkZFQ2RNRjZRN2cxS3pseG1XWnZaVU5wSmRXbE5OQjJwZ2RZTHB4LUw5TFBCTk1mQldWak9sNFVVbFJBN0Y4aUtVdnBEVkVqNmM3Q3p2WncyOWtXYW1kT291MWpsZW8xY0xJZk80TW9tMnBVSFBud2dQLXdLWDhn?oc=5,Northeast Today,"Sat, 30 May 2026 07:00:00 GMT",2026-06-14T20:34:52.858867,investment_fraud,True,False,candidate,https://northeasttoday.in/northeast/tripura-cbi-court-convicts-three-in-%E2%82%B95-5-crore-pipsl-chit-fund-scam/
investment fraud Tripura,ED's primary investigation reveals laundering of over Rs 200 cr linked to Tripura - Tripuratimes,https://news.google.com/rss/articles/CBMiwgFBVV95cUxQRWVtN1dUZWJaaEpVQ2FNWXZPRE1HU0tyRFRyR2RCWS13ZzNqbU9yZ016MWtDVVN5a3BBcDdld0RCam9kTnBNcXBTb1ZtUFhTR3lONHg3ZGFrRXpvbGE0T1Z3WWhBaGtfeS0wMDRpTUE5eElldjU4ZG8tbGo5UkVhZU9uNG9wZFN2eVd3Y3J3QVdtNFFzOFdKNFcxc3ZheVpfS2lxUWdlUHZ5TkNlSHk5aWU4SjUzTUJqUVFtdzUyYk9qZw?oc=5,Tripuratimes,"Wed, 27 Aug 2025 07:00:00 GMT",2026-06-14T20:34:52.858880,investment_fraud,True,False,candidate,https://news.google.com/rss/articles/CBMiwgFBVV95cUxQRWVtN1dUZWJaaEpVQ2FNWXZPRE1HU0tyRFRyR2RCWS13ZzNqbU9yZ016MWtDVVN5a3BBcDdld0RCam9kTnBNcXBTb1ZtUFhTR3lONHg3ZGFrRXpvbGE0T1Z3WWhBaGtfeS0wMDRpTUE5eElldjU4ZG8tbGo5UkVhZU9uNG9wZFN2eVd3Y3J3QVdtNFFzOFdKNFcxc3ZheVpfS2lxUWdlUHZ5TkNlSHk5aWU4SjUzTUJqUVFtdzUyYk9qZw?oc=5&hl=en-IN&gl=IN&ceid=IN:en
investment fraud Tripura,ED arrests Delhi forex dealer in Rs 903 Cr Chinese app fraud case - Tripuratimes,https://news.google.com/rss/articles/CBMirAFBVV95cUxNYzR3dFNia3ZVNnJxRWZsTWFKU1Q2RHgxQVR1MXlFcEd1MDRuRXp1akJlLS1Sd1N0UHgtNE5ZQ1RESWFhblVjZy1zX3VuMW5qS1g5UEx4YUhxOEIwYXZFUFpkZWRKNEZSbDJsWUJDdHJnNHJTU2FWN0g5c1BaLXFKZUFIcTQzMy1JVkZJTzVwTUp2YU5vYW1WeTNFT2JVeF9jS1RhUTJwMmpfM2dF?oc=5,Tripuratimes,"Fri, 04 Jul 2025 07:00:00 GMT",2026-06-14T20:34:52.858893,investment_fraud,True,False,candidate,https://tripuratimes.com/ttimes/ed-arrests-delhi-forex-dealer-in-rs-903-cr-chinese-app-fraud-case-29252.html
investment fraud Tripura,Tripura initiates investigation into big investments in state after Shah’s advice - The Times of India,https://news.google.com/rss/articles/CBMi7AFBVV95cUxOSkhFTkVfYUk5WGZJUThERVBQUlkxeHhTT0YtQjk1OUNSR2IyOTlMa0tBMXAtX05QLVRRay04UHRDVWtkWnhxMW1BUjAzVGhQbktWazZ1T0RXekt6ZlFOMVhhSkY3MnJldzBZOFRHM3h5aTJZWFE0MmRHQU9nRnlDdDIxaFhISmdmZDdaN2ZWQ0QtbHg5VG1aVEJIWWNyQm8wSnZkaTdDWGdvZzU2R0dERjhwZTdoUjlPUTBzc2E0a2VxM3VRRzYzamZlcmZ2VG0wZVRmNUM0R3VmWlBNa3B1ZFlFTUgtWGFnX0Q4OdIB8gFBVV95cUxPTk54LTFsa2pUR24xd2h3NWV2MFNLUjRLRnlNMHZIYmdtU202Z0V2b1BhUnVtbTgyRk9QZUVkVzQ1ZC1vdGF6aEx3ZUpjTU5rS3VYYy1iNENra2dSNjhwV0hpRXlFSWNmQUIwQ0VNTVZTWXVDU1pRNVRmQllud19OR3dqU3FMemZZd2l0R0txb3VDQzhCcTN6azg3M1VoZTRFbWw5YVhFUWVkWkVhck5HTXg3bGtKc1pKU05uN3hNQzlzU19MYU5NUVhwLVhEZ1pnRXRGS0lBMk5ucm96MEVfV0pUWHg1Q0k2NVAyX0g2VHBIZw?oc=5,The Times of India,"Sun, 07 Jun 2026 18:26:00 GMT",2026-06-14T20:34:52.858906,investment_fraud,True,False,candidate,https://timesofindia.indiatimes.com/city/guwahati/tripura-initiates-investigation-into-big-investments-in-state-after-shahs-advice/articleshow/131572603.cms
investment fraud Tripura,"CHIT FUND SCAM: Auction of properties owned by ponzi firms begins, says Tripura minister - Tripuratimes",https://news.google.com/rss/articles/CBMiygFBVV95cUxNMS13bVFSal9mYS1pS1JvSHp2aDc5bjBIUXJRcGRVT2kxOTl5Y211Q0FDbzIzS0tSQTUyY1VQTGx3bFFheXRkRExYNktkcUxkMXZ2dmlvbnBpMWd1X1k2MlJtbzZLUjBROWp3bkh0MS1ZTHh0TWxqNFdtQ1ZLUmNLYXJYdVhSX0ZPazJQY3lKck5TbGQ0US1QcFlkRHFUbno3MDdtWC1VTHFKNkNvMmlUZzZUODlYX2J4R2xzR0lGZnNET3oyR1RCNm9B?oc=5,Tripuratimes,"Mon, 21 Apr 2025 07:00:00 GMT",2026-06-14T20:34:52.858918,investment_fraud,True,False,candidate,https://tripuratimes.com/ttimes/chit-fund-scam-auction-of-properties-owned-by-ponzi-firms-begins-says-tripura-minister-26715.html/
investment fraud Tripura,Rare plant discovered in Tripura - The Times of India,https://news.google.com/rss/articles/CBMirAFBVV95cUxOU1d6SEFuVVgtYnBWZHpFU1hhY0FBOTVIS0VsNl9PN2Q1eWpvZ1FnR0R1QkhwM0ZWa1VnTHBUV0ZsR1JlTmY5Yk5JT1JjN2U1QW1CcVN2NU9pcUNTUGhVR3BURlcxcEJabEJuUW02Mm13TXktcF9RVmJDalhGUXhDcGFtSHozaVV4bGFPX2pPa3Y5dDVCclNtVkg3N3R4SjJsREEwczNDVnhvN0420gGyAUFVX3lxTE1KNFpiUVNybDdIaDM2QmtkY1ZYQ25xX3dmQ2tfZkowSFRsd2o2ZFNsWkZKZVJNS0FUenNCS0NERXhHY2FBM3RDLUtpMUtPOUxiNEdPaWlzWUxhdWpsSGR6b3dNcGJmOHVyS2h4UnRMd192bWlUOUxlT3d0ZGVMOXZPeUtsMzNfUENkUDE3SzR6X1ZYUlNmdG1vUTFEb2VMTWNTbWFKVmp4dFR6Nl9qa3Jvenc?oc=5,The Times of India,"Fri, 15 Aug 2025 07:00:00 GMT",2026-06-14T20:34:52.858943,investment_fraud,True,False,candidate,https://timesofindia.indiatimes.com/city/guwahati/rare-plant-discovered-in-tripura/articleshow/123311742.cms
investment fraud Tripura,"ED arrests 'Tripura government officer'; seizes fake official stamps, seals, IDs - India Today",https://news.google.com/rss/articles/CBMi4wFBVV95cUxQcDFzTHJCMVRWdHNqdUJjUEF5dGVRYTZwOHJaRGNXdEpHcV9hRE9URGxucDRseFc5SHJoX1FjcW5VWkpSdDJmQnhzTjZ6SE9VSGtUNnJQdU9pODhPSTEwY0piYTZMdVh0NGxYMWd5YnR5WW95NzVQZWFXZXlQYkFfMWhfcWVtcHAteE1ndjJoTkhmZzcxQ1I1ck5VUThxMllNTjBQZnFRQXVqMnFiaXVpREcxT1gxbm9JZ3JYdXlRMUlnS19ieWczRkhLRmUxdmZXV0ktWkZJMzkzTTByN2hDYlhRSdIB6AFBVV95cUxNWWRHTjVGb2pnMmxsUXNLTmZKZDBsSU9RZmJUWlI5bG40R0lqTmVibUd2NTQwaV9Tems1WkhaUFY3V0JaaWVacFhPMlZOUEVObFB2bnpMMFYzTDNxdGxBUU9vT0hkclJfRy1fQkR3TXRTYjFBNG9aVnR0VWdsbk5rYUNuQTJwNGVrTGlNSjA4N1pHN1UyMGJiOW9sY3J2NVEySXVIbG80YkNvTlBDc01MZjQ5NUF3RGplMVBVTjVnMzB4b05qNEh4RWVKZGN1QTZCd1F0LXBxUElTbWVNZ2w4T08zUnVNN09V?oc=5,India Today,"Sat, 30 Aug 2025 07:00:00 GMT",2026-06-14T20:34:52.858957,investment_fraud,True,False,candidate,https://www.indiatoday.in/india/story/enforcement-directorate-tripura-ngo-money-laundering-crores-rupees-delhi-haryana-west-bengal-2777711-2025-08-30
investment fraud Tripura,How to claim refund from chit fund scam scheme in Tripura - India Today NE,https://news.google.com/rss/articles/CBMiugFBVV95cUxPVVI1Y3REbmpIRDRuYjdacTFnOWxfbmpzUzNUeHlMYjBoRHRIR2R0X0VPT29IWUItQjdrM2ZLTnZkQWJ6WGVEWGkwRlBTa19zNHNQR1ZzRC10dkNGWWlfWkI0ejlLMEVqSDJrcDh4VjQwY0hpczZCUjYzeEpqMG9lV2E0bWpaWnc5M2ZhWUZVdlVwWmdFRU5vOXFwTFdYMGJzVmpubUpmNlctZUFBcE9SWmhBMVJMUHJFbGfSAb8BQVVfeXFMTXBpRDRYVmUxQ0h6MTN5OXJNZ1ZuOFZhSklyZUpHV0ZtVzYtMWJud2w4Yjlpdl9fRWZoUi1raGFabkxPU28tcDNlcmdwQzYzRXZSRjdWcXVYc1dhWWk3X2d1TXNXMlh0RGRnQ1VZNWU4Mk9WNmIwdldzM1BqLVY4ZWo4NTZEYkVsQnVPTXNkdkR0QWp1d29PNEhkYzI4UkdvTUtsR3VFb0ZUUEpYOXBhSUJlU3IwQVdaYmlxaUE0Nm8?oc=5,India Today NE,"Wed, 23 Jul 2025 07:00:00 GMT",2026-06-14T20:34:52.858986,investment_fraud,True,False,candidate,https://www.indiatodayne.in/tripura/story/how-to-claim-refund-from-chit-fund-scam-scheme-in-tripura-1249494-2025-07-23
investment fraud Tripura,Union minister Chouhan launches 179 rural projects in Tripura - The Times of India,https://news.google.com/rss/articles/CBMi0wFBVV95cUxOc0ZtOWlHbEZfeTIzbW81ZkxLYlFYcUQ0WE1aUVUyVTFvd19GbDFhSl9XeTc0NjZtLWNDRHZzajJXZjVKM2ZMNlRiT1Z2UUpUSTlBcTc5SWpUNGpiU1NvMnJ3TVN5cDRadGFGMmdLZGtzX2NweW1UMVVndklOeWtJa3djLVN5U3JPWWdRNU1KYXFqaGlmckdoNEFka0RXdDYwWmlKbW9pWTdKRU12TF9CUnVERllkSGM1TWUyWHA2NG50V0pRQUNfcDFndTBOam1scURv0gHYAUFVX3lxTFBENDhoTTZWYVJmRlluZkNrTTVfLUlFNmh0ZkV5d0lCSGNGMm9rcFotZmpvWEZ2NE9vTG1wSFZoeUx1NmpvVjgtamR3UVRYQlV5ZkIwTzFmcW1EWEJHa0Y2M3pfVFIwamg3Z0tIektaQXlGWl9PczdpeDIwZ3lvUzFFTXh1YWJhVXdsSlFpTXNUaTIySXJ2aExSaHhoUWQ5ME9xQXhCLTBjcWVDWEwySEhfV2t0UUUwR3lTdERHRmt6bTRmbEZiSlIzVGlxMXBDdHpVV3ZEek04aw?oc=5,The Times of India,"Wed, 11 Feb 2026 08:00:00 GMT",2026-06-14T20:34:52.859000,investment_fraud,True,False,candidate,https://timesofindia.indiatimes.com/city/guwahati/union-minister-chouhan-launches-179-rural-projects-in-tripura/articleshow/128218184.cms
investment fraud Tripura,CBI Court Convicts Three in Tripura Chit Fund Scam Case - TRIPURAINFO,https://news.google.com/rss/articles/CBMitAFBVV95cUxQZ2drM19UMTMzZkZySlpHS2RtU1ZZVUUwUjRzanVBU1J5cVlhc1JvUTlJcWhDUk9TQXlhQ0kzcjBtZHMxZkJ2UElvRVNfZzJSZDY4MnpiQW9TbVpIUjRod3FtTHZTaWFSVlRjWXhrUDJJWDBaWHdLTTh0M09lZ2xpUm1pYU9uOWJ2XzlSU0NQTy1INnN6bUIwOUVlbnZ0emlwd0I1bXhmRUlEMHVpWjhYVzc3Vk4?oc=5,TRIPURAINFO,"Sun, 31 May 2026 03:36:12 GMT",2026-06-14T20:34:52.859041,investment_fraud,True,False,candidate,https://tripurainfo.com/EnglishNews.aspx?intnid=6699&title=CBI-Court-Convicts-Three-in-Tripura-Chit-Fund-Scam-Case
investment fraud Tripura,HDFC scam: Constable’s wife detained - Tripuratimes,https://news.google.com/rss/articles/CBMikAFBVV95cUxOeDlDcjVvdlhPcWlBams5Z0pmZmlETWVnYnU2TXptUEREeGtiWkttdk1ZcXJ1SXIxcGZFdmJLS0ZmV1dCS1RTTjhLSVp1ekFCNXQ4eHFPZ2xhcm83ZzAzNzFULTRabW0wbkF5bS1tb0h2WlNpcFlXb212RHloS25sTm9fS0VIMFFwSmlLUWtVNkY?oc=5,Tripuratimes,"Mon, 21 Apr 2025 07:00:00 GMT",2026-06-14T20:34:52.859055,investment_fraud,True,False,candidate,https://tripuratimes.com/ttimes/hdfc-scam-constable%E2%80%99s-wife-detained-26722.html/
investment fraud Tripura,Tripura CM Manik Saha announces INR 1000 crore investment in rural education infrastructure - The Times of India,https://news.google.com/rss/articles/CBMi-wFBVV95cUxPT3NWdU5tOEdCNFM5MUl4ckdBOFp3X2N5MlRrYkhyNmMzZ1JRT3lJM2N0R18xUXNVRUNmMDk2V1VKUHNhdUNHV3RzaGtnY1pRbGVQckpZeG05b3VHNXdIM0tJV2VoMW05dzEtejBES1AwcGpuakVnU1JUb2NzQTVLWXIyNlRYTmlkQU11dWcxR1dBOEszMEo3c0wyTEJqcXBRTnNKOU9ZM2NjUEk2U3c5OHg0TE1ZSUVXMFlmcTlTRm94SFJvdE1aMjkzY2YteklSVWxFbmRqNUpmeU1vNXBOUzNKMlFHclVhMUVSMm9oNzdMc3FMalFmMGJwd9IBgAJBVV95cUxOVHJKeGZjRC02NVJxcy0zRzJOWk5XYXhqd3RZcUJvZ0NEV3YybDYyTGF6VEdpdTBDZVFZbU9vUlc4MlZzeXFDdnhPTm01NHpKVzFZVHZjWWhreE9MUlZ2SnkwMG9QRW5XWFQxeEtmcGVGQW1yVHZmWDE0YU9NYjdJZkdPdmtISktFNXI3UWR1S1pxbHMzbXVLTktKbWplMlRSU1VDVm05QTlEUm5UNnRJMk5WdldFVTUwLVdTcHVXZFg1TWZUdk5KeFQ3dElLR1N6Unc3ODJRRUc0VG54WHI1SktaM3BGbS03SVhMTHhCRDRxbzVRVmhsaDgwUlRMMVBo?oc=5,The Times of India,"Wed, 02 Apr 2025 07:00:00 GMT",2026-06-14T20:34:52.859085,investment_fraud,True,False,candidate,https://timesofindia.indiatimes.com/education/news/tripura-cm-manik-saha-announces-rs-1000-crore-investment-in-rural-education-infrastructure/articleshow/119892511.cms
investment fraud Tripura,"ED seizes Rs 67 lakh, uncovers Rs 200-Cr fake rubber trade in Tripura - The Assam Tribune",https://news.google.com/rss/articles/CBMisgFBVV95cUxPU0M5VEJ0cENJSHkzOWtsWV9BbjBnVEs0c3U3ZU5KTFRHLW4taDVwQ1VSNGhHRWdmX2tpNmNaVFlka25tMXZvUkZoRGo0WEtZNHBSNHhzcnN6bXNJVFd5ejRpSTJkVkZhM1JhMkhidWszRzJDUGtNVTJaVTRveU8wS055SG9NcGM4cUdWVHNEWDRwX1ZVV0gtNUZPUmkzZ0VoSE9TdjV3T0RzWm9BaVpIdllR0gG3AUFVX3lxTE82bDdtYWtLamVnLXZNLUhOTVhKQ2NHT3dISmJtbUktenhTbGlGUVdGWnctbmpRTTRPUlhjS1ZCWTNFNWFmU3BvU016RVJwTWJsTjdLQ3duUmNYSnRfZFkzcVNOM0RRZ1c2SjFDM3JEeE1JMlBpbFM5ZUJvd1piTFhIODNPcHd4ck5XVFZLV1BLU2dzUFpMaG1QRloxVHdXOGZRZjBxYmhBbVBuZkdoWGVNbTFiTGRkRQ?oc=5,The Assam Tribune,"Wed, 27 Aug 2025 07:00:00 GMT",2026-06-14T20:34:52.859103,investment_fraud,True,False,candidate,https://assamtribune.com/north-east/ed-seizes-rs-67-lakh-uncovers-rs-200-cr-fake-rubber-trade-in-tripura-1589489
investment fraud Tripura,"Tripura: At least 12 killed after heavy rain causes floods; over 65,000 displaced | India News - Hindustan Times",https://news.google.com/rss/articles/CBMi2gFBVV95cUxOaXdlSkRvclZUTncxN0N5RERTeHU4WVU3czNEQkNHc1VKa011LTRfYm52X3R2d2pFUEpRSzN5S3R6NnVvb0RVZWJ2Z3J3eWU5c1BIS3hnNHhFMmEzcmdJZFFfSkNORmVyV0lRcTZaWGcyeWNBdmVmT25RMkZTd0daV3BrNUdyNC1hOGVPeWZvelNCMy1kVWdSUkxaZ3AyS3ZZY3NZc1FQam9oRE01TEh0UWdQUl9pbHhGSklpTGxlVFVfUGNtaW9tQzFlOU5aZ0s5NTNURC1OZHp0QdIB3wFBVV95cUxOMThoLWlyMVYyVHBFbE5RZ2hVLW9tRzZwQ0E3QlVJd0VXSmlxUnM0MlBWSGpFc1F2c3pTdEVmbmNRV2JnaHFWcDNfUGgxZFVjNlE3T0JCMXpvdUYxOFNreWZtTUkyY2F2OFhYdC1SSFVjcXZlajhxdm94ZGF1WE5GSGE2MGpVVTZqQ0tvcXhuNjVIZzcwTDlKRWpaSlRvRzdKemRnRmFZaUtueXljZmZRTTBTaGZZNVRkX0Z2YzVoUlFzRTRWSzRjTWJjdk9fYTRaSFh1Vm9CYjZBOW1FTDlV?oc=5,Hindustan Times,"Thu, 22 Aug 2024 07:00:00 GMT",2026-06-14T20:34:52.859148,investment_fraud,True,False,candidate,https://www.hindustantimes.com/india-news/tripura-at-least-10-killed-after-heavy-rain-causes-floods-over-34-000-displaced-101724300546938.html
investment fraud Tripura,Tripura to invest ₹500cr in tourism sector - The Times of India,https://news.google.com/rss/articles/CBMi_gFBVV95cUxPMmRnaUtiQmsyS3pmeUl4MkplejBtcDhmcnlEajI2MlRrakRneVNIWEN5c0xoYnhjUS1yblZZTVVFNDhQd2FVS3JoU2w2Z1pHeVNFSFp1ZE9GYmlaZWFQb3k4RzhEbS1vWENBRWx2WUsxNDFUbnlnODhjQTRaRF9hb3dFT1JNdzBUbk5UWGZHS0paUXRiWHdVQUIxeDJuQnlHNGg5Zm9YVV9nYUhWSUFrczZXbWFuQkY4UUZMYzBGTnJTMUZVc09fSzZLbTFYbTJCbzBzaV9YQ0RKMU5hc3BYMWx4UjdmTEdzTFlVaDNDQ3pGLWtaeThBNC13N3NXZ9IBgwJBVV95cUxQV2RCeUhmYVdtQzhZSE1zSGM0RmlUd0dGWWQ0V19mOU9YX0xUemRVdV9JSlA1Z1FORkFqRHYzNDhlTkNZTmpiMmJpUUNhSUg0ZzJUaUQ3dEFlcExDS3JLbVFRMWVZQ2lnVEFYcEJzZDdPM0EtQjRKeGUxT0dhZi0ySy1SM0plOGFOWko0THVOQW1hTVZEU2F0cE16QmZ3ZGF5TmpXOXhuc2tDQjRtWDRkaG1kVHNmOTFUVXA5R0xHNnlja1FPZTBZWTJ0R0dqWDNaT09uQTdPOHhxR1NOSVZIX2dRQnM0VWZuLV9QbklSOGxHNnd2eGZoZzdMZXc0WFNSVzc4?oc=5,The Times of India,"Mon, 07 Oct 2024 07:00:00 GMT",2026-06-14T20:34:52.859164,investment_fraud,True,False,candidate,https://timesofindia.indiatimes.com/city/agartala/tripuras-500-crore-investment-to-transform-tourism-with-modern-attractions-and-infrastructure/articleshow/113996034.cms
investment fraud Tripura,"'Vulgar' Saraswati idol at Tripura government college sparks row, ABVP stages protest - The Times of India",https://news.google.com/rss/articles/CBMi1AFBVV95cUxNWEM3YWgxbHNtOEpLUEZtY3ZZYzVTWUpKb1RTNHRUZEJpbDNRNGtRTGhLWHE3dE5mOU45elFSU1F5QmJxUnpEYVp1eU1ubU04Yms4XzZlU3R5YWE2dVFNSm9RQVlyaEVCNjh0cE5NNHRqRWJkelE4c0xSQ2p4M3AxUWJwbnVTRzZ1blRuRzJPbnlSWW1WRTNHd1JxaFBVZnJWSHd6cmNEVWxkcXFjSjJXTUo0NzdCNnN2d1U2Qm1OTXBuaXM3VnJCSW5tTnVCRGY2cmhLUtIB2gFBVV95cUxOWTB1NXVHa3hFS2dwZTFvbGUweVZKeWNac2UweXdFWmxocWp4dHQwNThzQVNXMFFLNU40b01vSi1Ib0RkalJ4bWlpOTNqb0tKUThOajRpWlVCdXVpWkplRkdzeDE3X2hMaThWM1RGYXZMOVFxTndyQ04wWTFpQjUxUDh6MnpTenVMMGx3ZDlpdmVjVjY5Y3pEQzF3bDB4RGg3dGZHZ1AxaVA1WlVJZF9fRkZ5SGY3MHlNakdMdmQzd3U4OUhXYnJHUG9KNVFLbXVXenpfb2ExOE03QQ?oc=5,The Times of India,"Thu, 15 Feb 2024 08:00:00 GMT",2026-06-14T20:34:52.859182,investment_fraud,True,False,candidate,https://timesofindia.indiatimes.com/city/agartala/vulgar-saraswati-idol-at-tripura-government-college-sparks-row/articleshow/107711929.cms
investment fraud Tripura,Rose Valley chit fund scam: Tripura minister to be questioned by CBI - Scroll.in,https://news.google.com/rss/articles/CBMiogFBVV95cUxNMGhlN0NFSlNoUU85QTJWLURmZExySXdxRG1yRnZpTXBvZWJDWlVjZzRZY1hYbnZEZTNGWHJaQTQ0X0FYS0phcVMtQ2ZKRk9tMmNSejNPU2l0a3ZxeElHczVjQ2JwQlJ4UkE2OG1Nbl9IS05lS2F3Y2oxRGJsNEk1VXV1NDZQaTZjOHBwOEFsSVFGU2txbmRKdVJPZTZ5aW9GVXfSAacBQVVfeXFMTjc2ZEhwTjdyV19wNl9sNkhWT2tBN2lRMlo0dWZIa1NRVmFxQkd6cWNCamd5NURKZjZweTVwVHdOX3ExQlZ0TlZ1VDJyOHZYYUstU1NjOHFlX2s2WFRodWNFWFpJUjZHdnhPMWpyd004LUJNa3JHaXlNcldFQlhsTUxlMmVDZ2YtQkVtRGtKNHpGVXRVV3NsekRpa3NtNXE5Z3E1WHpLNjQ?oc=5,Scroll.in,"Thu, 29 Jun 2017 07:00:00 GMT",2026-06-14T20:34:52.859196,investment_fraud,True,False,candidate,https://scroll.in/article/842051/rose-valley-chit-fund-scam-tripura-minister-to-be-questioned-by-cbi
investment fraud Tripura,"Animals at Tripura Zoo provided air coolers, ice cubes, glucose to beat heatwave | India News - Hindustan Times",https://news.google.com/rss/articles/CBMi2AFBVV95cUxOZEZtNkJzSFBSMG5BQ210TjR6aEtQRDNUeGd2WlhYUlBmWlpTUGx1UHliYkV5U1QzZng1aVpQRFh6T2NrMUVyS3huc055STJYQ3VocFFvNG9RODdBU243dUpVcU1QMTJlY3ZXcndXZjRSOUR0NEhwWWxMY2hBbWpad1pyakNjR2M1Snd5N1VvWjM4QTFkMzBOQlRLSi1HYjUyandCNjFjbjZyMHZtU2E4MWJLVHNvUndyVHZSbks5Z3d6U3Yxdmx2ai0waHEybGM4alR4YmpIcmPSAd4BQVVfeXFMTV83ZmRyMU9VcmZoMWpMc1VPX19KUnZRcnBuc0NQb3cySXp6ZnFaNC1ZUkJFc1ZORE9TOUNaWmMtV0s0ekVLU0V0NHZHY2p0d2NjTmpqZ2lrcjFCN2lYTEVSZVdsYndvalpfa0Y4cjVEb1JJM1pSZ0N4LWlKbVQwV2RQaFE0T00zS21SQ3dRcTJITUM1Z0RVZ3dEc3NHMFdaNG1wTTd4R0g5MnpoSldfNW05b2lzSTF0ZEQxTlpob29rTnJ1cUU5ZDdmM3VXUUIwRkhYd3NHZklNWlEtLXlB?oc=5,Hindustan Times,"Sat, 04 May 2024 07:00:00 GMT",2026-06-14T20:34:52.859208,investment_fraud,True,False,candidate,https://www.hindustantimes.com/india-news/animals-at-tripura-zoo-provided-air-coolers-ice-cubes-glucose-to-beat-heatwave-101714818107671.html
investment fraud Tripura,Tripura government starts confiscating properties of Rose Valley - The New Indian Express,https://news.google.com/rss/articles/CBMixwFBVV95cUxQV0tKMlFhazAxVFhVSmlDWU5XTlNNa0FoNFhjZjBSR3dtelAzWHBEa0kxRW1nTk4wY002NVQ1Q0xUOGIyVW1JYlk0dDluVUIweExXRHJQUlY0SnFmcUxrVDFsRkEwNWNoRWcwdjRvaFNKRkJXeDIwc1hoVWZLa0VjRk5ST0l5SVBSbjZyX1JKWWxDNkpITmlSbTlQUmR1LXRGaTd5ZTQ1OXJQSXFZM29YQWxneGZVcFFoTnBfSFBERXhVVXAyRWFj0gHUAUFVX3lxTE9yNV83SWVGVnFYNFMxVzNubHU2ejNYOTg5Q1JFNks3eFpVZVRtVWtoeDNmbXZtVkIxTlNYSnpLTGRPV0dxU2RYQVJ6a0c1VHh5cWduZ2Z0QjdkR3NpaDRrNDg0azJqN0VJbW14a09Od0FVRjZrTUx5Y3hzczB4LVJITmNFOGlHUnVvTk5GY0x6ZUttSVFXQlVkOXZTdmxMTVhyZTJiaTJidDdYMUMyRldsSkgxZFRocDFsck1kZ2l1b25MYkcxS01uakthcVNqc0JSejdB?oc=5,The New Indian Express,"Sun, 22 Jan 2017 08:00:00 GMT",2026-06-14T20:34:52.859234,investment_fraud,True,False,candidate,https://www.newindianexpress.com/india/2017/Jan/22/tripura-government-starts-confiscating-properties-of-rose-valley-1562375.html
investment fraud Tripura,Tripura assembly faces pandemonium over Shantiniketan Medical College - The Times of India,https://news.google.com/rss/articles/CBMi3gFBVV95cUxQZ2M4eXB3eHd0TExUaUVIMUpPWnBwOXNJYjVQdDJQTW1lNi12elV2M2VVdkwxRmNCeHNxaTRzTl95LU1lNzFOUFpjcGppVzFXN3RGajFKQmprTkhmR1BuQ3ctVXYybEZWN3ktUlg0SHI5NzAxM0JocFFDRnFiNEw0RTB3OTlmdEtzWTBOM2J0ejhPZlZHVHhiR0lxczhhQ3RJQW5OUktwRnpnVEpJd00xOHVPVERLcWt3V3JNNjBHWUpkZHlXQ1NST3JaSkNvVENJalhIYTJfQmN6N281blHSAeMBQVVfeXFMT0dZN194YWwtOTRuaTZFODNHX3hBc1BnZEk2Um10ZG8yMDdiUS1NZW5wUkhuclc2Z3RvNnBCQUtua1Nmc3RuMTUtWE1scjFpZnFmUWwxUEJ3VHM0YmVKeS1iU0VmWm11ZjEya3dxdTlBRGIzUDVaaGdibFA4Vk4zVEtzVTQ4c21zZm1RNFUzXzJkenBWLUNFOGZJZk12MThXVkpNTk11SHB4MDJLQjdrb2FNODJvelpoY2hpblJlSVlCTXFtOXg1ZUpDdGtZZG9rQklOQmVfS25DQWV1QUJacmU0NkE?oc=5,The Times of India,"Fri, 06 Sep 2024 07:00:00 GMT",2026-06-14T20:34:52.859260,investment_fraud,True,False,candidate,https://timesofindia.indiatimes.com/city/agartala/tripura-assembly-faces-pandemonium-over-shantiniketan-medical-college/articleshow/113134501.cms
investment fraud Tripura,"Tripura: Sepahijala Zoo welcomes three tiger cubs, first birth in 53 years - Mid-day",https://news.google.com/rss/articles/CBMiyAFBVV95cUxNalEteUNRV1NGVWg1QlM0eV9ZcmNpa0Jsc0RUZFEzcDRwWHlkN0syMk50WXBjQWFPSTlLLW8yWjJlQlVUYWhqeFlsZ0dwMGs0MHNTU3czbVNzNVhVbG5PUW5wRUVRX01mU3hZeFRpTkVQSFNuaWpXaGFLelM0OVJnOG9pZW5nZ1E1bGg4SjhoTUozMHEzSGxCbTlITmVrRzNBbUZUZWxzTlQ1UHY4QmVIazFkYWsxU0YzLXZNOU1BOXowcVc0Ujkwb9IBzgFBVV95cUxNRy0zSHd4UnhIeExpRmpCRHJJQ21ya0h2TTRhRWNhby1WWklSUHR0S21oT1lJamNJNGp6VFMxSzFCQmo1MVd4WGRaSjV0YnNsMGNWeGJWZklITTU2dTRTSlF4LU4taXRyekx1M0wwbW5JZHY0eGxEM01RYi1qUVVybFpYTHFUNDRNeENyVjNCeTlQWmZLN2RnNml3bktLZVFseGNmZnF4NHgxQ21TM1paT0NkOGVtWldwSncyNnhqNEpWaC10bGowOFllUEdqUQ?oc=5,Mid-day,"Sun, 25 May 2025 07:00:00 GMT",2026-06-14T20:34:52.859287,investment_fraud,True,False,candidate,https://www.mid-day.com/news/india-news/article/tripura-sepahijala-zoo-welcomes-three-tiger-cubs-first-birth-in-53-years-23551357
investment fraud Tripura,Tripura polls: TMC promises 'Bengal model of development' in manifesto - Mid-day,https://news.google.com/rss/articles/CBMixwFBVV95cUxNcHlabjhzZm9iSlQxakgyR2NYbmhRYkhCZ1dPNmdDYXN1azhHMXpuVjh4NVBpQkg2RmNNSkY4d2lwdGhtbGk2Z1VsR0tva0pSdjFGMVE2M3JDUWJ0NWRlQ1FmRjEtb3dSTkZqeVJjeHZWVFdtelZyUlFXQXpXTGFDZHNDMVZQdWpveDVBeU1LV3Rib0pqTzBfcjYtbURlYjhNVjd2cFpMblc1R3FibWRqTTQ0N2FXS0ktdm45Zy1HSEJ0ekRyNVFB0gHMAUFVX3lxTFBSZUZkOGN5eG5QSlJGcEt4a1RZbnhvSERWcVJEeUdHOHhuemVfRng4NDJWQ0JuUWFVSXdudEprVEtLMnhiZkMtQVNCcUtxUTVSRXkxU25BVEUwOUktLTh5bFpZNnNqbmRDRGdNTmV5UVBoeTY4X21KNjhrNHA5RDNiOGJzRU8wckxBS0phODBtZGlINFRGWnBNMHhJSmFGLWxMRk9BZnJJb1lUejMxOUhvR2pVWHR5Tmt2LWNJT0dmSHZTcEtRdkdvY2R1Ng?oc=5,Mid-day,"Sun, 05 Feb 2023 08:00:00 GMT",2026-06-14T20:34:52.859313,investment_fraud,True,False,candidate,https://www.mid-day.com/news/india-news/article/tmc-promises-bengal-model-of-development-in-manifesto-for-tripura-polls-23269010
investment fraud Tripura,"Tripura's Latest News, Views & IT Portal - TRIPURAINFOWAY",https://news.google.com/rss/articles/CBMi_AJBVV95cUxPSl9fVHZsU2Y2T1o0WWtRQkdNRWJ1YUpsQWVkQ0pXNy0ydFNpNGhGeDM4ZmFMZ2R1bEhJQzVwZldoRFBMcWhEUmF5YW96YjJiaGNBY2xyNWx1aUFBdHBEbG81cHlCNHhIU1RsNWtzQlBSUW12MjhFUnhhNUhra1U4V3lRWUpCYWFQUnBINEUycXA2bG1WUW9BUy1nZ3h5dzZSMExrcVFVZ3R1aHg5LW1WdmtsWXBJMUtyOHoyeVdac1VqLUlHMW1mdVFQYWNGMDdlM2huMmVTZGFqMjZ2aVBkdmNOMVR6LXlSTzJmSTlXNm9vX0RITFY2SEhwZ1c4MWFlZHZkRjhyYXVJbUxaSjJ4ZWZrUTBTa2JNU0RheHRBVjFnVWw0N084MzIweXRwZVhFc1pjR0ctZ25OMDRQTEJITVNTTWdzU1ZFRElKZnF1bHk5N1JjTlJZQjlKdm9HS1Y4MmlKbXhxeUVFRlVmQlljaEVVWVVhSUljdnVqbA?oc=5,TRIPURAINFOWAY,"Mon, 14 Jan 2019 08:00:00 GMT",2026-06-14T20:34:52.859339,investment_fraud,True,False,candidate,https://www.tripurainfoway.com/news-details/TN/121747/bjp-mla-krishnadhan-das-rsquo-s-two-hs-2-degree-claims-from-tripura-amp-gwalior-turned-fake-fraud-affidavit-submitted-to-ec-before-assembly-election-tiwn-to-file-writ-petition-to-cancel-mla-rsquo-s-election.html
investment fraud Tripura,Youth arrested in Tripura for posting ex-girlfriend's nude pictures - Mid-day,https://news.google.com/rss/articles/CBMizgFBVV95cUxQTFpGb09qSV80LVhjaXRhVHB5QzZ5Z3A1VkU0WGtsMG9fS3U0Y0FZbnNpU3dMdmE2NnlWbjJPRWV4XzNQSWo3RzI4cDFFN3FnY09rSzZZTUt1SDJQM2pDX0JuSHoxbmhOYXppci10LXFzUEhYNlllLUxSYTdSVC1venhJbE16TEFCc2RwbTdwbXkteHhwRkpJa1AtVFdNMy03VThOZGRlN0tyNjV2WVhLUGx2eVRqS3hJZENEdHBDOEM5bW5FTnJSdVY1RzBEQdIB0wFBVV95cUxObWFBZEx3S2ZSenJyYlFNTDFZS0c3MlZMemJaaDg0eV9NTUNUTnNpWmUwMWxLSnRpaGNYbnd0UjNyUEdwaU1QUXNRTkhlR0RwRkpWb3dGZnZOMGlsbmUzQ3NFc2V1MFFPZUdYa29fUDVnNGhXTlpJR3pHY2l4NWdsMVUtVWQtODdrZGJHdEdGbThOWFQteG5OZ0NETkNMZlo0OG92ZkZsR0pEbGd6S3d0cjRTMFAwczM4d2NCTkpaY0ZJNFpBMzFQeWpWSmQ3d0dIbFJV?oc=5,Mid-day,"Mon, 29 Jun 2015 07:00:00 GMT",2026-06-14T20:34:52.859352,investment_fraud,True,False,candidate,https://www.mid-day.com/mumbai/mumbai-crime-news/article/Youth-arrested-in-Tripura-for-posting-ex-girlfriend-s-nude-pictures-16328178
investment fraud Tripura,"Tripura showcases investment, startup growth at NITI Aayog meeting - MSN",https://news.google.com/rss/articles/CBMiygJBVV95cUxNV2lSdU94ME1CdTdBVkhDam80S0prZmM3eEVmZzYzdjROX3RVTlIwSlI2ajR2dms2NjZIZTdHeDltNW4wV2oxVkdpZ2VoWVNXZk1IWm0tQXdVbXRsN2toR2lVZFNpMjVhUFlfU1RqczhaYTliME9kNi1Kb25NZThzQjM2MmFHNWYtZGdBcE1OWTJHQnVQdHpGZV81Nmh2eTJ0dkxDbHFxTFdLRGZFTHhGQVVxZUpVZ0hTbkwzbEV3NW92R0MxT3ItaWkxa1plQTVvd1JocWtKMi1oYUt2eEI5RFJlaWFPRXpyeVAtTU40TkNmZnFEMUVrUlUyTWhjYnM5UnN2Rm91V1pBMU54aW41SmtEcWVEZjFER1dBTnc0N0J0aHlkRGZ5ZUx0ai05aHpWMmQ4Tjd5UHdSYy1zWEdSR2ZsNnZpMFJNcEE?oc=5,MSN,"Thu, 11 Jun 2026 17:17:48 GMT",2026-06-14T20:34:52.859365,investment_fraud,True,False,candidate,https://www.msn.com/en-in/news/India/tripura-showcases-investment-startup-growth-at-niti-aayog-meeting/ar-AA25oI8Y?apiversion=v2&domshim=1&noservercache=1&noservertelemetry=1&batchservertelemetry=1&renderwebcomponents=1&wcseo=1
investment fraud Tripura,Kingpin of Tripura chit fund case arrested in West Bengal - Dailyhunt,https://news.google.com/rss/articles/CBMi3gFBVV95cUxQQ0dvM2dhcW1PTG9Zb2oyOUF2Tmh3OTBsUUJQUkQzRmhkR3lUWVpzVk5vSHpWNG1zdE53T1pPMXV1TjBOYmNoSjRMWWl2R1B2UDlUSmdjaWtUekRZaUc1UVRzWjkyNS1pSDBLcVE2Z0dqNU1xZkVJM3IyaEFVQk9ueTBvak1ZLVg5cGVPQ2REemZGX0xXU1hwckh6SFBlYjd4RFhnU1h3SUdLMEhnek52RDZ1eUtTYW84V1dfYTdXSVZlRFNJdnB0bEpuakcwUngzVlNIN3JPS0pHQlRWbUE?oc=5,Dailyhunt,"Mon, 01 Jun 2026 10:55:33 GMT",2026-06-14T20:34:52.859377,investment_fraud,True,False,candidate,https://m.dailyhunt.in/news/india/english/the+sentinel-epaper-senteng/kingpin+of+tripura+chit+fund+case+arrested+in+west+bengal-newsid-n697567356
investment scam Tripura,End of a decade-long hide and seek: CBI arrests Triputra’s Sanjit Chakraborty Rs.7 crore chit fund scam - TRIPURAINFO,https://news.google.com/rss/articles/CBMi_AFBVV95cUxQcXVrZnFSb1I0TlJ4eE9mcjVHM2wycmpKMFNDdERMY09oc2tqMkkwM2REeG93dC1JUlFZSjVyYVZOdXdUdVVUMVJPandkeV8zUDdJYl9WeHRSWE5IT3pCWVpDT1NPanA4THdfRFYxdjcyQkk5OHBTVzJOYTdabTd0T2dxcEtldmFJZWwzeU9pQjFPWjBqMF9WZklfak03LVpJdHN4T3hZRTFodE9PZVRjTHZDWHFQZ3ROdGxHQ2tOc1Q0ZkxHZGdqY3FpRWotVnhvQndEVW9nV29Wekl5Z0hkTEttNkxPLTlOQlhHM0JaTW5YQnIxYXo2MnZrRmk?oc=5,TRIPURAINFO,"Thu, 14 May 2026 07:00:00 GMT",2026-06-14T20:34:54.882988,investment_fraud,True,False,candidate,https://tripurainfo.com/EnglishNews.aspx?intnid=6406&title=End-of-a-decade-long-hide-and-seek-CBI-arrests-Triputra%E2%80%99s-Sanjit-Chakraborty-Rs7-crore-chit-fund-scam
investment scam Tripura,CBI arrests wanted accused in Tripura chit fund scam - BW Police World,https://news.google.com/rss/articles/CBMingFBVV95cUxQeVhhakJQNnZmd1FfeDcwR01VOXdoT2RSVVJSVkpDajJUU015U2E3V1FJcnRLcW1uekNzREZIS25ER1puamtFWkdEdXVLZVhZNC1fbjdkdEQ3TVNrWnAzcXE4dUV0Z3praTVMRjlHV0FnXzZoYlNfSXYyRjlpUHpVZE9Vc0VDXy0wTVlTclVSd1pLVWNYbUthV1JWNmh2QQ?oc=5,BW Police World,"Mon, 19 Jan 2026 08:00:00 GMT",2026-06-14T20:34:54.883034,investment_fraud,True,False,candidate,https://www.bwpoliceworld.com/article/cbi-arrests-wanted-accused-in-tripura-chit-fund-scam-589761
investment scam Tripura,Tripura CM bats for industrial investment in bamboo & rubber - The Times of India,https://news.google.com/rss/articles/CBMizwFBVV95cUxQendZaWhXaGd4aEs2blNncHRBTmJGNHZjTFRxRnowWHVsb0dQQURNN3lWcmNoZzBOdEVKOXJiRXN0dzlyMW9mOUpjbWk3bER5V1U4V1BjSlBMWG1JUkE4UHp0MGJBbUFNeU1jUmFiM3pOUlJtVnNRMnFCZjlDcW9vbE9MNWNPWkhvNGVVM01tdjZPd2pUTFRuZS1nSkNweEdnSUQ3VWlMT3dhanhLTzBpMzRPeHBIQVpabXFCNG93dXJabGVldEZubkZuX3BucHfSAdQBQVVfeXFMTTVlcTIzak1EVXdRaGtHYlRJX2drYzJHQ3BsaFd3S0xNS1BwTkhvMk54bnpNeWZqX1oybTBnZEVpTjlGYk1yNEtEN1ZIR3hUeG5xX2paWUtOWTltUTl3eUs0akRmbU5Nai1va18wbS00RU1EUzdObjdpbXNKUVpaRXVOQjdvT3BOcm1ZMGljS2J3LTdKaDM0WllIbTFQU3FHdHB5d2lVYzhHV2pYaWVWbkY5a0RqUVhKY3VQYzA1bTU3bV90dDJKWkJYZHdLUl9DZ1VGYUI?oc=5,The Times of India,"Sun, 10 May 2026 07:00:00 GMT",2026-06-14T20:34:54.883050,investment_fraud,True,False,candidate,https://timesofindia.indiatimes.com/city/guwahati/tripura-cm-bats-for-industrial-investment-in-bamboo-rubber/articleshow/130997923.cms
investment scam Tripura,"Tripura chit fund scam: CBI arrests three absconding accused from Hyderabad, Vellore and Assam - The New Indian Express",https://news.google.com/rss/articles/CBMi2wFBVV95cUxOWDgxZ2wzZm02emlkbFZJMzZxcG5WUTg0Y1J5T2t1dy1FWWhOM2xGb1E0Ny1qTWJScDk5OG5Tc2RtWlJnMURhWU1MT3NKeVM3VHdkYjFROW16em9iWUloZDR0QXBtZ05VM1lmbmJEQ2JpU3d1djJCalMwUmdIYUIzRUpaRW9wT1paR0pEN0RTSGVmUnlyV2FWQl9ud3NkTWhKOE1LXzM0TkZKVW5HSm5qX0RJZG9BejB3TmlTVnk2MnJRUnZqaWtVQVJkdGsxLVhhYnM0R1U2SjQ2S0HSAegBQVVfeXFMTzR5QjI0Q1pjREIxQlo0Y1ZpU0thMzFSN2E2TW5mTkZpeDRaZGs1TkxMQmEzS2EwbGtWWDlRWW1DUjZmNXR3QXN0Qk1tQU02X3NMRFc4NUQzZVBGR0ZSaXFBTjUtSjAweDVhQXRMSUNhTUVSQlBWRnVDNUdwYXVpOGRkZ2tBMkNnWnljMjFGNGwyd3IzNWhzSWc2NVhyOHBtN3JWTlo4dDFwRmxxV1BIM2RraG5mRVVEbGFVUkhpQThQbm4xUUdhSjFuTkJ1SVk5RDZUZ0pvdjVkQUhGOWRaenFjaXktazJjaw?oc=5,The New Indian Express,"Fri, 07 Feb 2025 08:00:00 GMT",2026-06-14T20:34:54.883191,investment_fraud,True,False,candidate,https://www.newindianexpress.com/india/2025/Feb/07/tripura-chit-fund-scam-cbi-arrests-three-absconding-accused-from-hyderabad-vellore-and-assam
investment scam Tripura,Tripura offers enormous investment opportunities: CM at Mumbai roadshow - The Times of India,https://news.google.com/rss/articles/CBMi3wFBVV95cUxOY08zOEFOWGg5SHNrQW5VbkpFRXpwb2lfNWZlOFhSa0RpSlJaeVJNR3NwU2JkUHVxVXNWcmNPa1h3bnd4U0tXSU0xS05fNHlSTkVta01paThvem96VEJ6REdaV0w1VEYtazl4Zk1CRlJqU1dJbWdnN0FRNU9ueU9QWTdyZEtseU11T1ZxM0RrdHBqTUR5cC1oOHRPRW5kWFZWMVFuYjZ6aGNvOVRJdDM2MkFnMnd6OXBQS09PcDlFdUZpeGwzUk9pRmYwamo5SnpDS3R5ZnpmbkRHSHp6UVBj0gHkAUFVX3lxTFBIaU1aajlvRmJmNF9lM2t1bkRrMWNKdUIwOEt4Nm1vcHlsQWpZeHZOb2xKeFlGWGdUcDdjeUFlZkZHUElnNENUVHc0VmNWbWExenVTXzFOMWpHUGNhWC1jTld0LU5sVkx1Y2xYaThnQ3FCQ3EzWTZ1MVdvYjhpRHEtMXl3YXZGMm9xUENLaWdJb1VxWE5nbHpRbERKcnV1NDROSWlKcElCVklGem1iOElVaFdnREhURjZPSURrWVQzWkoyaVllVUdVYkJ3MVZEUGNsV3VhMzN4SUpwOFRDenItVXhWZg?oc=5,The Times of India,"Tue, 17 Dec 2024 08:00:00 GMT",2026-06-14T20:34:54.883291,investment_fraud,True,False,candidate,https://timesofindia.indiatimes.com/city/guwahati/tripura-offers-enormous-investment-opportunities-cm-at-mumbai-roadshow/articleshow/116401278.cms
investment scam Tripura,Case booked against Tripura Constructions for Rs 5 crore fraud - The New Indian Express,https://news.google.com/rss/articles/CBMiwgFBVV95cUxQdmdBbFIzWjJkOU4tMG1DcWVwTFpwOE1SLS1SRG9GMnNhbFlqekdiRmpydFVWNWxxWEtKbDk4b1lBQ0pBcEFpU3A2Vml5WlphOU54anZfN01pOWJ1TWV4OFpKQWNqcUNOOUJtQWFwX0otZVE2TFdwclhZUS1KNmhKXy1fMXNjaUpvNXgzSXQ5eWhCRVdaOEFRaEdqbUlLZ2hmUEotNmxYU1V6YTRzMHJSSGJzSVpUOEVnbkMzVTY3VjJwUdIBzwFBVV95cUxObnB2SGR0LThQZkdOazRWNXlSZUhvTkY4TDFuZWRob0JBNjhtWDJmU2hDZXByUXJSVTBNR3EzMXNVRGY5cnhaaGlUUDM4b0RmU1ZVOG1LMVdIcGVOUTFQUVNkOGp5cTl2NDBiWHBGTFZiVTNCN0NLYmNzTFFySzIzUVRnQklVLW0wN0tNTHczVkFiTzhEbzNxUDJIOEhUV3htel9MZzlOcG5rejZlR0ZxUFpsMFl2MEZOWUJ4dk1GUXNaNUQwaTZlYVJKRlVyZWs?oc=5,The New Indian Express,"Wed, 04 Mar 2026 08:00:00 GMT",2026-06-14T20:34:54.883366,investment_fraud,True,False,candidate,https://www.newindianexpress.com/cities/hyderabad/2026/Mar/04/case-booked-against-tripura-constructions-for-rs-5-crore-fraud
investment scam Tripura,Centre to invest over Rs 427 crore in Tripura's urban development; state to generate 300 MW power by next year: Union Minister - India Today NE,https://news.google.com/rss/articles/CBMikgJBVV95cUxNaGZreDFMQ1JsVjVUQ3BHUVBwMnVGaWd2bVlXc2hYZVl1VExEWWNqU2hYaUY1YzFRb2Ywc3JtTUhrRDNIdGxZQ01Sd3o0ckFqZjFnN3lnMTVhenBTWFdIRm4zYUIxOVFlLWVjbjRydng3SGRGa3ZYZDFqcHNVbDd0M25idTQwVnV0YXU0djZtTTRpckU5S1RhZ0NuY3FtdEhXeXQ5RTRfUndBQTV5dlEzckJPWjZmcGpyY1JyemlsWnVwbGtrTDd1MWpwWkZIVFFESF9NTVF5MjRxd0RJd1FMc3N3RGdPVTBCNmEwcUpHYnprRzNUdDBEYzBBNlQ1RV9hYlZuYkNKNUdSQjh6Q091MW9R0gGXAkFVX3lxTE1VQTNjYVlxdFhwdFppQ3FPcTl1UVA5V3YyRWJxV0lVMXU2VHB3Y0tDdVdRSHhEckdUNjU3b3JEcGtMTWJNZTJqelRVVGoxdWFxdzVDWFBrMlVGcWZLSHBlTHI0Yk5ieVhUN1JPdU83X1dQd01ZbU9YeHVnNWxZblRZZG9rRkVSbkE0SFZiZGdTYzFQU0RmaDZnYXZtOHNPc0xjTl9TZ2RmN0JwS3dFMmJZUTV4a0R1WUQ0TWNrR2NMSmpIX05vNzhkSThDZXBXX0ZQaTJkeDAyNlhjUXVuQmJSVEljT0RLdHk0VkVXaXgxYXFqSUNxdjZSdkY2b2QxRjdIXzFaaWduR2FFMVFOZXJjY0RmUElDRQ?oc=5,India Today NE,"Sun, 31 May 2026 07:00:00 GMT",2026-06-14T20:34:54.883400,investment_fraud,True,False,candidate,https://www.indiatodayne.in/tripura/story/centre-to-invest-over-rs-427-crore-in-tripuras-urban-development-state-to-generate-300-mw-power-by-next-year-union-minister-1400473-2026-05-31
investment scam Tripura,"Tripura eyes $23,000 per capita income by 2047: CM Saha at Niti Aayog - India Today NE",https://news.google.com/rss/articles/CBMixgFBVV95cUxOazR0UXpWaTVKNWpubXRaOFRpa0RSd1FaNFpNVmMwWUJVNzc2RXJTWUZveU4yNkFrUzVLZVhFWmJJejhvSWo2VXFvc01Dc3gteGljUzJKcFRSWE9zcDlKaFhucVNJcDM0ekhwQmk5WjFpSkFwbVVfaTJQZU51cnFoTTUxSl9kVWRQRUstSU00Ymd2MmZhY1ZWY2ZvVDlVYzdBdmsxZ3gtdVhkeF9XMTlOZ2lMUjN4UVhMcjVvRk5ORFJLOEs2NGfSAcsBQVVfeXFMTmI4NEdpdVFib0lra3RUSXA1RHRpYjNjUUFLMU1HNVZ5d3Q1ZFFycFNXLUlYcGEwUThFRF8wZ0JPZzdnYlgzVHlxOGxwbjNHWGJ0bDlPdktmdzN5eXZSd0VpaFNlVXBIUHV3U1VmSzBVODlfN3d4NEEteW45eGdXRm9uQVJrQVdWeFBkeFF5X3ZxUjlVeUpkQUpiTDRjREcwQjIxVUhxSWJueDZzaVN0d2hWV2l0TDA1XzRVRG5XX2ZkRmlZTEpEcDBuSW8?oc=5,India Today NE,"Sat, 24 May 2025 07:00:00 GMT",2026-06-14T20:34:54.883492,investment_fraud,True,False,candidate,https://www.indiatodayne.in/tripura/story/tripura-eyes-23000-per-capita-income-by-2047-cm-saha-at-niti-aayog-1218700-2025-05-24
investment scam Tripura,Hindustan Zinc signs MoU with Tripura Group to operationalize manufacturing unit in Rajasthan - The Economic Times,https://news.google.com/rss/articles/CBMikwJBVV95cUxNM1JIWjVKSnJZNTNkVFVVX3hmZ0NtSklNMUVyMHlxX0lkUFhVOEZadlgwdUpSbllpM0JlQ0dHS0pHZ19uMU9FSHB1X3dIUjBqNmR2Q2hDV3JZNmdnblRMd1YyeHBWZnBPTGpNbUx2UVNOOFFWQmJXb0J5cHpxQXIyclhzSllvSHJfSEw0SVk2U1hrRV9TdndsVWd5aDl3eDNtdVIxejgxaTJUVkJZVGtHY0NuaDhLNl9wTVZ6MUFPUGhmUnRIR2l5aE9zQTB0Z2JtbEZCblRkdHM2eFlxNm9GY1VXZWE1SV95UmhaeUtldGxfQUNISmFXOWVhaVFmUmZoT2dxVWc3QXRMR25FaVdCM2lKY9IBmAJBVV95cUxNMC0xODREYnZLNHU0NWQ1S0Z1WUNTQVJYMEJxckZEWE9VWkVpM3F6bU5xbGNhNjBKUTNQeVlfVkQ1Q0gyLUNVYnV0R1h0cGRlWjE1d3R3TlQ1MnV6allQaXh1cFlmSmhCYXFDX0pHUDhGREp4WWViUy1iZHBucl85ZWlmTlc1cGM1VVpENDlaVzBWOVBZMVhiaEZBY2dPa0VkR3ozUEJ1b3dCY3ZKZ1ZkNnFYckRWSE9YVWFXTzQtR1hsb0NMcHlmX3k5ajl1YUJTSzF6UUxXT1FhVWdBU0FiVmhPSzVZcGVpazRkekVqc0hZZnNPVW4xMm41cUhqQVlGMnVGVTVFVG5aMHRFNlhWMGNLMmFxbHda?oc=5,The Economic Times,"Mon, 23 Feb 2026 08:00:00 GMT",2026-06-14T20:34:54.883563,investment_fraud,True,False,candidate,https://economictimes.indiatimes.com/industry/indl-goods/svs/metals-mining/hindustan-zinc-signs-mou-with-tripura-group-to-operationalize-manufacturing-unit-in-rajasthan/articleshow/128713910.cms?from=mdr
investment scam Tripura,"Tripura's Latest News, Views & IT Portal - TRIPURAINFOWAY",https://news.google.com/rss/articles/CBMi-wJBVV95cUxOaDdpNUVteG1nQjRyWFBla3A0TUdwcmRlQ3hubEVUYXZTWnd5NEh2V2IwVlV1bU13NW1lR3RlQk9maHRkdGJhdTg5REhPejREM3NkOTFOeDB3YWxxdUlPVm0tTjhUQlcyLVFVVHV1aEhUWU1rYnIzQVV3NUFGSEp0LWRYbnFnNVJKaVRZNDI4SklGN2tHRHBtVG8wUXZsMzhGY1JsLUJiODNYVS05dkp4UjRyOXktcE04cUR3UzRmLVhfMFdEUTZYQ0dCcWhrZmpqVGNoR041VU1SMlpnVGRTamZVR3VLeUpxQnN3Tm9tV1ZOdlFvVnYtRmNzanRETHpGaS1RbmxwbkUwcEZWcTU0d3h5Rmx0M251enUzVDFBb3hkZ0twc1l4RjluV2hyUUlHa3RseHk4QzhKaXQ0X3RSNEVMNUFDdkZicDhGWXBuVHFNc0V1WGhLOVljR2JoQ29ERXFqNUw2T29wN2w1QTlOcnppeG9mTzNTMnBZ?oc=5,TRIPURAINFOWAY,"Sat, 24 Jun 2017 07:00:00 GMT",2026-06-14T20:34:54.883643,investment_fraud,True,False,candidate,https://www.tripurainfoway.com/news-details/TN/86381/cbi-to-interrogate-minister-bijita-nath-on-june-29th-10am-manik-sarkara-euro-trade-s-corruption-empire-cracks-rose-valley-queen-bijita-nath-in-cbi-s-net-tiwn-talks-to-tensed-bijita-nath-scared-of-cbi-arrest.html
investment scam Tripura,CBI court sentences three individuals to six years of RI in Tripura chit fund scam case - Dynamite News,https://news.google.com/rss/articles/CBMivwFBVV95cUxNX3Jid2tkSzNVeHlBbFNMbGZxcld5VXJtVThQRVBzVGdjalplVWFhRG5ra1dCMFE4RjVmbVBfNVZweUF2SXBHZjY2bmQ1TzNnZXRXYk12Wlh1QlE2clFjUmNHcEZHSDZEOWVjNTNzcXRMbVdVU2RGeS1jZEI2M2lfRXd4MDg4dGlKMUJhV1Q2aEIwUW1YR1VPVFVzNHFQLVhjZVVQaEFUZDdMalo4RjV1dkE0ZDZRZGhMeGVCS0w1Z9IBxAFBVV95cUxOYzBnT2p6MEVBSFF6ekFWcUtkMWdTZUw1eE1PbFRScG1oM1h2dDNETGlGcGExSU1NanQxb1hmMnYtekJMMFlVUF83amVUU1RmRVlKM2VlQmFDVEpYbnIyU2xIWUNBdU1zRHExWWVMWWFHRW5ILXNIZVB0NFRITU5DOG5QdW1ESFBpUlVCZmwxZEdLVWJ4Nkd0MmZzY1hScjh5dmgxQnFodGhpV0l5c1I1X2p6S2dIdVZYVmNXclFqYkR1MTl5?oc=5,Dynamite News,"Sun, 31 May 2026 07:00:00 GMT",2026-06-14T20:34:54.883686,investment_fraud,True,False,candidate,https://www.dynamitenews.com/crime/cbi-court-sentences-three-individuals-to-six-years-of-ri-in-tripura-chit-fund-scam-case
investment scam Tripura,CBI court sentences three individuals to six years of RI in Tripura chit fund scam case - Dailyhunt,https://news.google.com/rss/articles/CBMikgJBVV95cUxQZnltSjFEeVJWcnNlZkNMM2E0SFgzMU44VVo1bDVHWlEyeWRlN0k0c0ZBYzFvdlVGQkJGblRBYlBjdldGTTZudGMxeG4yaFM2bUlldGZGaF83UC1wc0RlUlBMa2U1RmVmYTlBQnZIQUx2UjNpMDFHS3dwUmdLY2ptNjlubXN2ZHRWM1hvTC1yX1F1QUVwS0locTRxeXFYeGF5ZDVxbDhuYzJRMVlRVVlELTVrM1VFU0J3TUMzeDlTTEFzQWtyLVo5b0FSTkNSZE9BVWZ1dHZlMTRoekRLZ2lkX2Q0b3paTnROeURxOTB1anVUNktWdzRRa3V3Q1pjQy01YXZremY1OEtPT2E4Q2tDeEV3?oc=5,Dailyhunt,"Sun, 31 May 2026 15:56:59 GMT",2026-06-14T20:34:54.883702,investment_fraud,True,False,candidate,https://m.dailyhunt.in/news/india/english/dynamite+news+english-epaper-dynwsen/cbi+court+sentences+three+individuals+to+six+years+of+ri+in+tripura+chit+fund+scam+case-newsid-n714304312
investment scam Tripura,"Tripura attracted Rs 30,000 crore investment proposals last year with Rs 8,000 crore projects grounded: CM - MSN",https://news.google.com/rss/articles/CBMihwNBVV95cUxORzIzOV82dTZSUkwwaVFUR1BjY2kwZ01TNzE3MU9PVlFNOV8ydmMyTFhTRmdNQ1AwYlF4cWluRnNFNkZJZlo1V2NyQjJwS0VKTGVTSnFNdlBDMU15UHhpTEtNQ2Z6dGRWTTFybWhlMEV6R3NaT1duQVFyMjB3S1dZa1ZYVjNBdlR1MHlHdHRuc1FRbEdiVHFUUE5FQlNFdXRPS1Znc2NiWHQ1Unp6ZzR3THZScnVmd2VucUFBWTQwb2JSWDlfSnJFdDZZZXNpbW5vYlE3emN5cHRVa2ZfX21VYzZBTXlpN194STA2YlQyMTlSZVdVTnU1N1BqeWxxckQ4TnA5MUNrekx0UzM3ZkJxa2d5TzhCcE5JNWJ4N3NVVW56UE1KV1ZHVVFuSy01dXFqR2tvY2gyRnV1TzZqQ0pPSnotQzZ6RFhTYTdjc3VRUkZ1X3JVTGYtZDItM1RmUGc1dURiNVA4OUVZN05iMk9WRmRRUjAyYzBpTTBTdDFDa1dfdE56Q3FB?oc=5,MSN,"Sat, 13 Jun 2026 02:32:07 GMT",2026-06-14T20:34:54.883732,investment_fraud,True,False,candidate,https://www.msn.com/en-in/money/topstories/tripura-attracted-rs-30-000-crore-investment-proposals-last-year-with-rs-8-000-crore-projects-grounded-cm/ar-AA25skNN?apiversion=v2&domshim=1&noservercache=1&noservertelemetry=1&batchservertelemetry=1&renderwebcomponents=1&wcseo=1
investment scam Tripura,Tripura chit fund case: CBI court sends 3 officials of firm to 6-year imprisonment - The Hans India,https://news.google.com/rss/articles/CBMizAFBVV95cUxNcHA1RDk0NkNKUEE2QVZRaDhJRXZxaEliaUtUNk9RemQ3WkZmdkVFakR4bkowaXJIblpuN0ZTNFdRd1lDbzk0SHRSZkVHdk1rYlNIQllSU2Z4UHRMbjV5c0ZvRGFxTUJMclFEeUhzQ1ZfSXdxVmVsb2FtWENac19qQklJMG1WUHIyMEptbVFyTTFISWhjZkR5ODJfQXZnT2ZyYTNqZV91M3lGbTZRU0h4bXA5QVpuY08yWDZLQXVSeHUtZld2dDFCOFlKbjLSAdIBQVVfeXFMTXg4Z2N3eDY5aTh2TTQ1MFQySER1TkpXOXNNQUFmRHVqT1FCQUZVR0F6emtaZERhV25zUGtQTE9jSUxFczN5eHlIWkFleWl6NHQ0TVFzekh1RnZMcDlhRFRNa3BpbHVFWE9FR2FrZERZUGplZXB3ZGRBUkNjdkRNZlBzd3hRbjRLbnh1WFhRTDFDZmdvWEdxRHY3aWdQNEdKZ1FKVjRiMjRvV05JR0xTQXkzNnpJWWJZSmdINVJOd3RETFlONktQLVBLWFd0RHF0ZWJn?oc=5,The Hans India,"Sun, 31 May 2026 07:00:00 GMT",2026-06-14T20:34:54.883746,investment_fraud,True,False,candidate,https://www.thehansindia.com/news/national/tripura-chit-fund-case-cbi-court-sends-3-officials-of-firm-to-6-year-imprisonment-1081436
investment scam Tripura,"Tripura CM unveils ‘Vision 2047 Roadmap’, seeks connectivity at NITI Aayog meet - lokmattimes.com",https://news.google.com/rss/articles/CBMiugFBVV95cUxQUkRWQ0xadGJ0YzZsZWtrU1lJOHhGcWZXRXRHakFvRVVvUGdQRzM3X2dkNmZ3MHhoUHhtQ2NydU14UHFIWkZRWGF5REF6OEJsU3dWX3p5Um1KaGNQVGU0MTVmYWVLbHFSbGpZcjFaaGd0dzFFZk9xZWN4XzlKSkRpb3FZSTg0SmxPMXAwMDdRLUFyUVdyRE9PSUprVWNtcFhKanRydFd0dk9FazJNM05Bak91elRkcnJnMUHSAboBQVVfeXFMUFJEVkNMWnRidGM2bGVra1NZSTh4RnFmV0V0R2pBb0VVb1BnUEczN19nZDZmdzB4aFB4bUNjcnVNeFBxSFpGUVhheURBejhCbFN3Vl96eVJtSmhjUFRlNDE1ZmFlS2xxUmxqWXIxWmhndHcxRWZPcWVjeF85SkpEaW9xWUk4NEpsTzFwMDA3US1BclFXckRPT0lKa1VjbXBYSmp0cnRXdHZPRWsyTTNOQWpPdXpUZHJyZzFB?oc=5,lokmattimes.com,"Fri, 12 Jun 2026 17:28:12 GMT",2026-06-14T20:34:54.883762,investment_fraud,True,False,candidate,https://www.lokmattimes.com/national/tripura-cm-unveils-vision-2047-roadmap-seeks-connectivity-at-niti-aayog-meet/amp/
share market scam Tripura,Tripura chit fund scam: Three company executives sentenced to six years in jail - MSN,https://news.google.com/rss/articles/CBMiygFBVV95cUxNbWFFeEd1NmNKdUlJaWpPRDN1aVR5eHZBMWpGNE43cndoYkh5Y09nZGFZY2hhSjk4WUJJVVJWZnpwZ01tdnFtdXBXV19nNTZxQzVIUzNyTjNvQmdha3NabFV6dmY2eHBjOXk4NkVyN0Q3RnRCdW55ZlRnWGgzZFloNDZVWW0wZlk5YUJYZVBRTVpybkcxLWgyRUVqRWstMWlOQ214VDFleHBOZk1KNUN1MjkzRkRHdTdZR2EyMXBldFpTRlpIaDhOUWRB?oc=5,MSN,"Sat, 30 May 2026 07:00:00 GMT",2026-06-14T20:34:56.734491,investment_fraud,True,False,candidate,https://www.msn.com/en-in/money/markets/tripura-chit-fund-scam-three-company-executives-sentenced-to-six-years-in-jail/ar-AA24qZzS
share market scam Tripura,"Ace broker, Akasa Air founder Rakesh Jhunjhunwala passes away, funeral today (3rd LEAD) - Tripuratimes",https://news.google.com/rss/articles/CBMixAFBVV95cUxQb2dXdUk3OXluaHdlS3hrVTcxbDE3NjBKWHhiVzlvRGY1Qi1VZGQzNzhjR3hYczdBRC03by1hOWliRlBXdGd2NmkweERzczJIMmFHcEJITVZTTno4NGJ5MjIxemlrTUMybUJnMGJqMlJ3a1psaldqek13ODRGMlhsRncwa3JKWUNqaWkxXzhBU0JNNy1OUEs4b2c1Sng3OW9FYlR2UHBmdl95N2RNRUh4SnFMcHZTLVRYb0o3U015OFBPMW13?oc=5,Tripuratimes,"Sun, 14 Aug 2022 07:00:00 GMT",2026-06-14T20:34:56.734523,investment_fraud,True,False,candidate,https://tripuratimes.com/ttimes/ace-broker-akasa-air-founder-rakesh-jhunjhunwala-passes-away-funeral-today-3rd-lead-1942.html/
stock market scam Tripura,Tripura man held with Rs 85 lakh gold bars at Badarpur railway station - The Times of India,https://news.google.com/rss/articles/CBMi3wFBVV95cUxPTXhNYzBxbGhYRXM5a0tKbExiLXdybWlFX0lZVzdGZTAzN1NVTUJEdjJsUDVlTUE2Tm04M0J4dUdmTEd5WUFXM1pBSGxYVXZha2R1VGhFcUt3cklCS2U0eFhRSmMxNXMxM1c1OWlQSEdybDhlRDA5cDdOcU02RDNxT0w2SGxrS08xdkdRTk1OWDBBRWdiNEZoWktPMVNEU3ktel9xdUxyUnB0T1FTVDQ5MEJGWjNFUTVfOExTbTlwMXhNSHdobjlJRVJjMGYzdlNXdzczNFFSNllYSXRBSXNV0gHkAUFVX3lxTFAyWjlLeEplZzhLOEFnVWR4eUxXLTV3QnJTV09USjJWbE5DeVdTc3JvUzdzTFdfTHY5bWQ2RlYzOWV3NzJkV2RUUTR6YVExT3NwVlprSFpLT0lSZ3hFb21NaTQ3X1hjV2FINWNpQ3REbjNlcEx5Z0hDVGVxTFFZZzFPU19nWmpkR3pJdWJ4T1lUczczQndSSWhLU3NnQ0V4bkp4bVpDUUtmcXhwUTVjbVIzUnM0cFAyYTZyWll3d3g3TEdpMVNUcm1rNlotTi1NZXFyYjJfdjNGbGFpNGlrSTVqR2xzLQ?oc=5,The Times of India,"Sun, 22 Feb 2026 08:00:00 GMT",2026-06-14T20:34:58.688232,investment_fraud,True,False,candidate,https://timesofindia.indiatimes.com/city/guwahati/tripura-man-held-with-rs-85-lakh-gold-bars-at-badarpur-railway-station/articleshow/128685097.cms
stock market scam Tripura,UP post 288 for 9 against Tripura on day one of Vijay Merchant trophy - The Times of India,https://news.google.com/rss/articles/CBMi2wFBVV95cUxPNThmWXBoYmhxS1N1ZVY0QzlXQ3I3R0ZDLWw4TUJ5MlRKYldXcXp3eFNDMjFQeTlIYmNxaW52MmFPdkdPSXM4ekxUVS1oeU5yTUF2bndSSzFXbklTamNyS0FqdVhJNnJ2RGwyS1pPam8wR042T1MwVExnN0RhbEJjWDFPQm5pNzQ0M2trcGt0Y19qOFBwVnF6ZGh4NldSdkNWQzRsRndRQUFIdWY5VFZFVUJ1TWYyZ1JDS0FYMUFpdW9pYTFqa3F3ZHpqRHVtX19vMGpOTW1QT3JHbUXSAeABQVVfeXFMT3otUE1hWkVydU5HZE9Ibk1OcDdUZ0dfb0pyMlgwZWVRZ3hhMUt2UHZ3MjZ1VmJITUJWQjRwRkhOcGJuRUJUZ1hvOVlQSklGRkZmSkt1eElRYWJ3bE5fQUlLdFNNaFU2Y0JWQjFZNmw0aTNlY2NGSndCY3NOdjY5RUFKNFBXNHFTOTFDODRMS3NYbGtCSFI1UTlrSUo2S1FxTWxSeERMVl9VQ0ZkOVUtX1p6d25jbVl2d0hZYy1GNTcxc2ljUWgtOFB1TGFJMFQwYzJYQ0lKTk9PTzlxRE13bVg?oc=5,The Times of India,"Tue, 09 Dec 2025 08:00:00 GMT",2026-06-14T20:34:58.688295,investment_fraud,True,False,candidate,https://timesofindia.indiatimes.com/city/kanpur/up-post-288-for-9-against-tripura-on-day-one-of-vijay-merchant-trophy/articleshow/125845295.cms
stock market scam Tripura,Tripura floods: Over 53K people still taking shelter in relief camps - Business Standard,https://news.google.com/rss/articles/CBMizAFBVV95cUxPZEdwazNGLXNjZzltXzM3SjBPN0dueHlHZm9ZdXN4allRSENIZVB3d1ZEcERUZzByMHBNRlpYaHVDNkphZEx4blFvMW1wbzM1ZU85WG9CVFFWbGVySHgxWDl4Q0hoOFhJSWUyU0NQZ0tWMHJGNG03czdRU25halFHbHhxUllSSDNqNnppT1l4d2VmcDNPdXlvUW94bnlESG1lTGhvS0FXVVpMUk9jWERlaUV2OEFVRzZscktjdHYzcXJtUGQ2VnBLZ2ZnVmXSAdIBQVVfeXFMUGdaZWxqUmZsUThkbXpRZEN3MzRlUWphVjNOTkNEdThGMVhKbG5CdXhNZm4xSTQwaTBMS1YzZ3E1dE5EVmYyYmZHOEpvWkhkUmZMNEVrU0FYMGF3blFZR0ZUd1BoTThEbThITjgzSzIwYm5IM2JlMGNJZEZOcTU3VkZmWi12RzRjMFZQVmt0VTRmVEdpWE1CVHZjcXRxMEU5LS0yQXhJdjFuRU1lYVdZUEhycUxycElqdGRuLVAyR2FUNHVpYVNRUTFHdlF3QXMwLWJB?oc=5,Business Standard,"Thu, 29 Aug 2024 07:00:00 GMT",2026-06-14T20:34:58.688316,investment_fraud,True,False,candidate,https://www.business-standard.com/india-news/tripura-floods-over-53k-people-still-taking-shelter-in-relief-camps-124082801504_1.html
stock market scam Tripura,Tripura min seeks 90:10 PMMSY funding split for NE - The Times of India,https://news.google.com/rss/articles/CBMiwwFBVV95cUxNMDFSTmwxek55d256Q0pYcW9KYXloenZRWWhvTHFmZVExUFQwMEpYVlJ3UFpvTjEwUUV4ZkhpS3N3d3NjYzJaOVdQSmFSRWhNLU8xNlRvUUpQNi0xWnRhQTBsM3kwb0ZwMlBOV0gtZ19rU3llQTdGRmZIbWU0QTltU3dsaFRMYS1KdzVLaDE0YXZQQ1J1Y29JWlZITlRBUHZraF9nbEhvMzVjSzRoSjNNZkxWVW5MRlhBWno0a2NQb1NEMnfSAcgBQVVfeXFMUHB0WDdoWjZsUmZmYUxiNjVydDV5X29hMUlfcHh3MkJ3UEJtdGdOejBaR01KeHRfM01NcDlJanVFNXA5LThIckExYkxkYWVleTIwcXNMd3U1VjdFQWl4azlRNVdXbm5BSW9mVzZHZnA2aktpNnc4ZGl5N1doanNkRUs0SHZ4N0pIYjBUMGxWNlZrMGhOUGdZWTN4aEd0eWt6YkVXMTdBb0paS1g3WjB3eGMzMzRDR1JIbHM3cE5vZlVYeWN1cWZzQTY?oc=5,The Times of India,"Tue, 26 May 2026 07:00:00 GMT",2026-06-14T20:34:58.688349,investment_fraud,True,False,candidate,https://timesofindia.indiatimes.com/city/guwahati/tripura-min-seeks-9010-pmmsy-funding-split-for-ne/articleshow/131335518.cms
stock market scam Tripura,Tripura Flood: Govt declares entire state a natural calamity-affected area - The Times of India,https://news.google.com/rss/articles/CBMi2AFBVV95cUxOVzJ3Yy1ROG5oREp3S0tUOVA0NHlHUVdIT3NhX0pqOEFXb3pUekJ5bGtiTWkzZndFMkJFaWJEeVV1MW1OMjZPSWtLdmRQaEFFWWg4cTkteHBmX0FjSTdYNXItRzd6UVR1RElQQjdmRk8wSUpfRE9iRFYtWTBBdWxibkl3VzR6YXBXTWNKaDBZbmQ1eVdHTktyb29KUThvcVA1Ynl4QlhzTVVRZ3FSOUVRMHBXcUFIaUFnMXRxUElIZi1mQkdsUHZiOWJMOS1lYk9QQTRhc2xpQnnSAd4BQVVfeXFMUFNoZGhiSTdDVWNkTGMwRW9jVVlGdmxxTDBleUdQamw0eTFQX1UwZFFPM0w0dEpjVng2S2Q4VF94VjBDS3NVSnpOUTlZYzNiRU1WdDN5Smx4cjF2VVlFRm5RSjcyMC11THREcG1fNTZPWDZEV2gwLTBxY3puME5wdGh1LVdoLTFNZmE5b0o3a3dTbkZfdGFFT196T1VUMGRmWjRFZ0FTVDdzemR4dU9oSEUyMWxNRjV0Zzl1RVQtV2V2dkFZTi1CVkRoWVB0Vk11eThlWGhoRVZGejhxX2RB?oc=5,The Times of India,"Thu, 29 Aug 2024 07:00:00 GMT",2026-06-14T20:34:58.688365,investment_fraud,True,False,candidate,https://timesofindia.indiatimes.com/india/tripura-flood-govt-declares-entire-state-a-natural-calamity-affected-area/articleshow/112890265.cms
stock market scam Tripura,Tripura unemployment rate down to 1.7%: CM - The Times of India,https://news.google.com/rss/articles/CBMitwFBVV95cUxQN05hVW1mRjFLek9CaWhHenc0VTdBdVBXc3BDQ0Y2azlrQWlFMFZuM2t6UE9uQmRXSEhjSUxZcDM1M3h1bWZqM2ZqSnU0V1lzT29ScEsxTEtTYjMtR2dFTzBHbWdKVDZGeEZvcHJwbDVsRWJsc0NEdWxTajhYN1ZLbHBDLTNpRlo5Tm1jOGRUbTlLWnhJbHJydnctMS1vS3lwT1JjV2kxdlE3dVdOWWU1dzdoWk1tLWPSAbwBQVVfeXFMTktlb3h3eW5HbUd1eDNTOUN5VHpYdnFWbENqZ1BQd0tqb1U4cVhpU052ei0td2t4RWUyX1NuLUJQQjlKWW5IVHFDT1Y1RDBzWDZxS0g3RV9hMnhrUHJiV2F2dHZSUFc4OGVtVE15SnFsaG0yVHhlVm1xa215Nk5EWFBBaDhkd1RNdW5EaldUMk5IdmVLNUJkRThLNnZFNUlkYTRCWDV2YThiQ2hqSHBwMTEyS3dTeUh2aW9sNU4?oc=5,The Times of India,"Thu, 06 Feb 2025 08:00:00 GMT",2026-06-14T20:34:58.688373,investment_fraud,True,False,candidate,https://timesofindia.indiatimes.com/city/guwahati/tripura-unemployment-rate-down-to-1-7-cm/articleshow/117985188.cms
stock market scam Tripura,Gomati river bed dredging begins for Tripura-Bengal waterway project - The Times of India,https://news.google.com/rss/articles/CBMi3AFBVV95cUxPNEtKSXVGTzJYVlVIN2EzOTVrNUlCTGxWbzNKeG5uRExqYjYyU2ZjMFNZakVOM2pzbkhIX0NYMTJIcjZ4VTk2bFVZVUVrVG9saHpEWVFjcGFfN2d1MDlPUlFKNzc2XzB4dGR6cWQwdnVpRXk2UURZSnQ2TTZPd3JfTmU3NHkzallqTWdtSnJOX0pqQ3dCT2NySjY1QkJkRXF1d2tYVmhDd05PSnlqYmFxSTlzVkRJVWVOSlJ4UXZLeGpPdkd3RDVsUGE5SnNTc01nSlM2NjZmVTFBb04x0gHiAUFVX3lxTFBNNkU3aS1LQXNhS0VZc1I1TzhHcGM0ai1iUXBMTDhfUF9FRmpNWXpLTE0wU0ZFeDVOd0NEb1hqencyMjFEbTZaTWZiX0FJVWFhTm1lZDhCTHNFaVdfcDNMOGVrZWtkT2VCSW1OMGhhTS04d0F3T0c4RG5Db1A4SXNjb3Nzd3BUNU5HVUtIYnBBYkExNmEwa3ZWN21uY0x5a01ISFBEVGtNUlJlXzNMX19GVFF5UERWTjA1LUoxbFlkLUtWeVN5X1lFM0pLZFl5Ny02eElPOGZ1WWhPd1MxTmN2cFE?oc=5,The Times of India,"Tue, 17 Dec 2024 08:00:00 GMT",2026-06-14T20:34:58.688382,investment_fraud,True,False,candidate,https://timesofindia.indiatimes.com/city/guwahati/gomati-river-bed-dredging-begins-for-tripura-bengal-waterway-project/articleshow/116401274.cms
stock market scam Tripura,"Tripura teacher attempts suicide after killing wife, son - The Times of India",https://news.google.com/rss/articles/CBMiywFBVV95cUxQRUtiWFc3cWdvc0xaelpXU005LTl3NTJ1bE16WWJPb09ZaW9fXzhsdHZwX3Y1NFE5THpmaE5ZWmZOMWxKeGVfRnN2RHp3T1ZtZmNEN0ZNT20wSGs1a0Z0czExWlRxaHNJaWxrRkRhaGNzOGE3UldUZHhUOUlicGw4V1JIME95a1ZMMS0xcHROd1pEWktIUFk3VWt0Ujh3Y2pYUmJFN3MzMDJnRmlvS3VDaE5JVUYxMUJWQXc2aEU0SkdQZjV3bkVQaVc0WdIB0AFBVV95cUxOdWpUdXdVbGtjaWhBM0hqWUZBb1lYdElCVVVxTFFaVllWVzRQMU15U0hhRXF6UVJaeGdBRW9HcHpTVHpYeE1KSjc0UEwwMmFLV2Y0YWJpc05mM3BjSGFheUplNVNienJZSUluOXpZSnllREthbFJ4bUxLRFJJV1Y3eVNmaXh4TmIxR3hpbDEzZWFrUGdGQ3k3bUU3NVNwSURtSWRYR2pKamhpa1U2N05HNUlhempZRWhiM25BUFdrTUkzeHAydzQ1aU91TnZ5QWVG?oc=5,The Times of India,"Mon, 13 Apr 2026 07:00:00 GMT",2026-06-14T20:34:58.688390,investment_fraud,True,False,candidate,https://timesofindia.indiatimes.com/city/guwahati/tripura-teacher-attempts-suicide-after-killing-wife-son/articleshow/130236877.cms
stock market scam Tripura,Tripura families spend nights in forest to draw attention on being landless - Business Standard,https://news.google.com/rss/articles/CBMi1wFBVV95cUxOWXQ0c3VoRjExWEoyNEJBMjMzcFFpRWtqQy10RGQ1bS1xQTVudW1PaDRqeDdYQlNENmR4bi0yTlpMVi1BUjJOT09DbFhZcmlyM3pyN2kzQ1Ria3E0cEQ5UzQ3MUhhUTlTVVM3RzFrb0FrNnFSU2RkTEJpVy1lVDljaldwM09HcTN2WG85Zi1HbGlnMW5lR05iMEU1Zi1Vakt6MXd2aFBGclNDWFRTMWJJWDVKMDV3OVppM1VaSnlEN2FWQ1NIQ2lwc19fbFVES3ZKUlAyTzd5Z9IB3AFBVV95cUxOdFlDYzFnb1VwTnMxcVRlYWJQTXNSRHBFaEpqbDVHekljSDB5aF95VTdsVmpOblpZRlhsOGlmLVJEdHkzbk1QYVJzQWZPNngwbkxkUUlLZW4yX1NHTlFaM3lBQ2ZqanA0QXA5YWVueVdjLUl1d185T2JPMDdhaXNrcUFXZVBod2lYLUozWnZsTWgzTHZCekpDZm9hOFhaZnlpSHNCN0xBMFJMT0VGa2RldkxQdVN0UmJYcVY3bWlLSDRPZ3hNNnE5SjBDa3BLS1dtV3puZGtYNnBOUFhw?oc=5,Business Standard,"Sat, 18 May 2024 07:00:00 GMT",2026-06-14T20:34:58.688421,investment_fraud,True,False,candidate,https://www.business-standard.com/india-news/tripura-families-spend-nights-in-forest-to-draw-attention-on-being-landless-124051800635_1.html
stock market scam Tripura,Tripura planning 3 satellite towns: CM - The Times of India,https://news.google.com/rss/articles/CBMiswFBVV95cUxOT3dqV3g3Y05zY3Q5UE1xc3Uzb3RVbVo2dm9HQXQtaFhIcHRibzFoZUdUYU9ScWY0dC02MVFoYUdra3VYRmpCQW5XOTB3alpXX2tLNzNfYk9ZSV80NHplTVZMblBkSElRV2FCRTVNRkRFMUxvM0pKV0VsUFJBRlBoRU13RTRyZWplNldlc3FPWlRaVVJ1ZW15T2ZQZ01FaXBhUVpIWHd5SnRCYzBoOGFINWlEd9IBuAFBVV95cUxQdjQyNDgzWDZtZHNxM0xQTFdDR0R1VmpoMXlha1dFT2poYW1qYzdydjF1TWx6Y0hIMDdxaU9tNXllb2sxYlF1TG15emZKenFoRXhFNkhXMEZJWXZVcnplNng3azNDQ2Nwa3U2aTBtb0JUYVZoeVZHRVpQNmdmNk52VFh2b0xHcm96Sm9lUzgzWlVaLWhSc1pCX2N3MzZtRVpWYkpCUkFMWEhyOUg0SEFYTFJ1d2RlWnVv?oc=5,The Times of India,"Mon, 16 Dec 2024 08:00:00 GMT",2026-06-14T20:34:58.688429,investment_fraud,True,False,candidate,https://timesofindia.indiatimes.com/city/guwahati/tripura-planning-3-satellite-towns-cm/articleshow/116370136.cms
stock market scam Tripura,5 officials chargesheeted in Tripura PWD corruption case - The Times of India,https://news.google.com/rss/articles/CBMiywFBVV95cUxQb0VCcExreGQwMU9XcXR6Ql9WbGJHNUEwV01zMi1nU3pUaEEteFl1bXZTNW9HVGNUbDhpdmtjWjR0Z2J0dVFaWk5VZG5YSFF6UDNnVkM1M1hxdGJKVnp1cjJ1NlVrRm5GQ2RIVl9SRF9NRGZyN0FRdk5DZTJKY1RPem81ZzRlRmsxc1pOLTFSMFVjb01XRUpZeGo5enZCajhLdG95TTd1UE01eFl0dkJYZU11WFBrVWtBSUxjLVRVVnI5ODNFd19VVWZ4ONIB0AFBVV95cUxQeUIwcVFxSmNSYUZ6X0RxVmN4TFhrSG85UzFaZW5zQVAyZ29HTndLWDNHNUZubnBJNzRkUmJFU2YxeExJVlZ5Ry1INFNTRnBMcks4Z2o1cjlhdmxjeW1JVmtCVFViV21lUGlfTlcxZ2pFYkNoMjY3UTkwdEpadTl4RnZtWW5FY1BJQUxkVzZVRXVuS0FJMEM1a3NBZGd2MG1yNnFCZnRqYW9JRVpCUGpsbGlacTdMUTNGWVJFRzc2VFNMVHlVN1NiWTh1ZVhVcFkt?oc=5,The Times of India,"Wed, 02 Oct 2019 07:00:00 GMT",2026-06-14T20:34:58.688437,investment_fraud,True,False,candidate,https://timesofindia.indiatimes.com/city/agartala/5-officials-chargesheeted-in-tripura-pwd-corruption-case/articleshow/71405740.cms
stock market scam Tripura,SC order cancelling jobs of 10k Tripura teachers 'inhuman': CPI (M) - Business Standard,https://news.google.com/rss/articles/CBMizgFBVV95cUxNR3VIdGE2LUNTb0JXNTBLaXJHeEVfaUctN3o5c2FxNkRQN1BaNko0NWNJenNtblduNEZtX2s1YXJmTjFQMWhaRmkxQkRqYUlLcXVVcUROWHVnb0NDUG9WbjYtWmM1MkwxV2J6WFhCRDNtQ2VTM0lHSVFPdXR3c2IyZE1zcEpYeEl1QWpuUzRZeUxFZGNSTGJFUENhTlNqUUdkeGhBXy01aHlMOGptdHBreERyeUVORkg1SmJjd2xVWktRNzloN1JqeF9ISVNGQdIB0wFBVV95cUxQV1dNYVRZVnhMeXdaSGM4LU1oS2czYmE0UFZyZ2F5bnBHY0JxNUhXZTJhanQ1VW1Ea1diczI3Zkk2MWthZ29SZ0pTbXBwaVdZRzNNMm1IM0d5SWhWeUdjWFVYS1ByTzZMOFRUelRaVWVDVnByTmtlbndzcHZmclduaWRDUWNGa1RLTjhrZVlwSHFkTzRRMWgtZUVwVGFuVnZEWWRVamlzMTNOZDVYb01ZaHh4d2lkcks3OU9yS2JtWUgyQ1o2WkRJb2FXUVNSeHZFRGpJ?oc=5,Business Standard,"Fri, 31 Mar 2017 07:00:00 GMT",2026-06-14T20:34:58.688454,investment_fraud,True,False,candidate,https://www.business-standard.com/article/news-ani/sc-order-cancelling-jobs-of-10k-tripura-teachers-inhuman-cpi-m-117033101284_1.html
stock market scam Tripura,Tripura 2023 Election: Tripura constituency details along with electoral map - The Times of India,https://news.google.com/rss/articles/CBMikwFBVV95cUxNaldFa1JuMjI4ODNDOGE2T3Fyb0d3UXBTZTBYU3BmZjZTVVFvYjRmOHY2eC10UlhnbnZEOTRCLU9HUERDZURJb2hXWnMxYnVZZkhFaXRDd3BpRThoNjBLVHRrWFdObXU5b1hrMWh4V3p3N2s4ZUxYcXpIb0d2X1p3ZndkcEdybDZXbENyR1BSWFRzWWM?oc=5,The Times of India,"Thu, 01 Mar 2018 16:12:31 GMT",2026-06-14T20:34:58.688481,investment_fraud,True,False,candidate,https://timesofindia.indiatimes.com/elections/assembly-elections/tripura/constituency-map
stock market scam Tripura,"Tripura assembly elections 2023 schedule: Important dates, polling, result - The Times of India",https://news.google.com/rss/articles/CBMiiAFBVV95cUxNSFUzOTZYWWtzX3VOR3A2dzRBcjY2bTlMR2dBREFZYldhNVMtbVUtWWRWZ1N5enJiMFJSSkFnZnhaaHFhMWNTM012ZzIySlNNQk4tUmlkUWEydFdOb3hvWVB6MVoyZ3lhMHkwY2p1NFJzQU5JOTZCUTRSWUNZMWM2bmxfTEhpSFBY?oc=5,The Times of India,"Wed, 15 Feb 2023 08:00:00 GMT",2026-06-14T20:34:58.688497,investment_fraud,True,False,candidate,https://timesofindia.indiatimes.com/elections/assembly-elections/tripura/schedule
stock market scam Tripura,"Prime accused Sunil Mohan, 9 others arrested in Tripura lynching case - Business Standard",https://news.google.com/rss/articles/CBMi3wFBVV95cUxQQTFHNjhPRXNTc1MzUXJHME94UXdTcF95NGNpQjhqWmtUcU91bGdhMWpnbVFvdGgtak5WSmlDbk9rYXFaWHpEaHh2bGt5R3pzbXRUNkltdmpuLXUwcDRTR3doWndYRTlhbGNtMWtyQlZDMU1mNEQxNlJsa1ZNX3EzQkdXaVFhcE40RjNmcEZyOXhaeC1tUEU2UnNROXE0MUVvdXZ5X0paaC1WQ0xQXzVnRkVHd3NzMjlTNlByMk8yUnBQRHJCczlHM245dFRscWRfSS01TFloMjR6d2xZcWJF0gHkAUFVX3lxTE9vQ3FXeVdibnJRaEprcUMyeHc5elJKa08wazNobVZScFp4aWdtUHZFQ2VsRTV5TE9hSllBTWFUa3VSdUoxSER2bGRSMnZwRVp0aXZ2N0tteGg3eUxwOG5oWlhmdGlUY2hnZ0dIbFA4QzdEclU2eUs5d2tvTlp1RERIb3pIZEtHZmdCTGVPU2dBMWNUQVlNRWhnMldvd3RWTEx6TkpUUGtvUjYxVHQ1cENUa25zVklBMUhrRWdQSERmZV9VY1V6OF95ZE00UXFFV1VfaGlfYWVzaDhKSUhyNGxjSmNEbQ?oc=5,Business Standard,"Fri, 06 Jul 2018 07:00:00 GMT",2026-06-14T20:34:58.688505,investment_fraud,True,False,candidate,https://www.business-standard.com/article/current-affairs/prime-accused-sunil-mohan-9-others-arrested-in-tripura-lynching-case-118070600326_1.html
stock market scam Tripura,CBI arrests proclaimed offender in over Rs. 7.75 crore Tripura chit fund scam - India's News.Net,https://news.google.com/rss/articles/CBMiuAFBVV95cUxPek5Ub2o0MTRTYnFSV2lxbjFZczdJZFdBNE00U1BrQ1VwaGp1ZlEyM244ZklKdGNUR21BN0VfLVFaSVAyLWRidnYxSkFwMTEyVWRfZ0ZQRDNCTTFjbS1NOFh2cVhuQmEzQnRHMUszZWFJbGVFY1NiQmRzWC1zRjZNT1A3d1VlVXVub2YwbDBMamJrcWFXNnEwckJlWkpjVEs2ZmVhOGdlMmlwT2dGQUVQcmVUdmo4T2NO?oc=5,India's News.Net,"Wed, 13 May 2026 19:32:00 GMT",2026-06-14T20:34:58.688513,investment_fraud,True,False,candidate,https://www.indiasnews.net/news/279048203/cbi-arrests-proclaimed-offender-in-over-rs-775-crore-tripura-chit-fund-scam
stock market fraud Tripura,South Korea to enforce 'One-Strike-Out' rule for stock fraud - Tripuratimes,https://news.google.com/rss/articles/CBMipAFBVV95cUxPN0R2TDljbnJFT0VBR0tuSTEzb2k2eGhjU1hkOU4xMzRrVGFSM29VbTBEbXNOOTRhOUZJVmxfR2ZINWR5bHBXZnFrc3JHdjBfRE13NWI1LVNvVklrTUszczJoSWlKSzBoMGUyekRjVjhwYWl1eWVhRGhHbWlHTmp6RkNNOWpPZ0Q4YU1NVUdjdTYyaC11M1JjcVBMc21HdFBBN0FXUQ?oc=5,Tripuratimes,"Wed, 09 Jul 2025 07:00:00 GMT",2026-06-14T20:35:00.617506,investment_fraud,True,False,candidate,https://tripuratimes.com/ttimes/south-korea-to-enforce-one-strike-out-rule-for-stock-fraud-29387.html/
stock market fraud Tripura,"Asian Development Bank okays USD 100-million loan to improve Tripura's tourism, urban infra - The Times of India",https://news.google.com/rss/articles/CBMihgJBVV95cUxNd0FXakZadTBPQV9KUDh1dXp2ZlF1Qm9zVzZXRGE3eEIzRXpfTm56N3RaTzhCeGpqV0EzQm5NNGpBOXJFSEZleTl4engxek5BTmxfT3BEY3dtNEFxMVFUZklHQUpnYlZsazc2R05RdFAtRDlBX290dV92ZVNYNHlwaF9lQS1SeXc0MVJPRTcyVXc4QzVObm9KSkFGU21aazNzcjFBWi1HVXR3TXZoUXpLTkZBM3VWdlpTeldEaDdBMjRvNl9UT19NdVFHX1BteFNRekk5WkRaTTRvWWREck9NZHlPNllkdUdob3pLejdEemh5RDZvbVZiVWJ0alFadEVQZThGOEFn0gGLAkFVX3lxTE1YV3dWYnBNY0RGeFZ4SktxRmlrR3RqbXhzM1dGUVJtUXdXTnp5NHZON2FVbkp1amhGTE84emF1ekZ1NVFjai1BaDZHUWRKM0QyQXc2UVdnODlHcWdRRnJVUG5oNDBkbkoxOVVmOUVYbktZS2RqakdtTFduYlB2bk1tRTkySTJSZnhuLXRpMW1lMjdsXy02Sk1tNU91WHZ2Y1JrVjhkb3pycWdKRWFxWmVUeU54RnhFZXlhbldaM1dYekNIUUNvWVRCUXY3LUZRRVpvdC1tak1WTUR4eGUyaVgzc2g4WVVzT3gtcGZGcmdKa3JIRVJHWm1NNl9CVl9FUm1IZndsQWFiRmxOcw?oc=5,The Times of India,"Wed, 15 Nov 2023 08:00:00 GMT",2026-06-14T20:35:00.617675,investment_fraud,True,False,candidate,https://timesofindia.indiatimes.com/business/india-business/asian-development-bank-okays-usd-100-million-loan-to-improve-tripuras-tourism-urban-infra/articleshow/105223617.cms
stock market fraud Tripura,"Tripura SP suspended, DIG removed over failure to arrest scam-accused former min - The Times of India",https://news.google.com/rss/articles/CBMi6gFBVV95cUxNN3VPVlVPRDBFMkNyb1piR1pxY1lhZnF5MHZXQV9YMVVyeVU4UDFINl9OWWgxUGp3RWpobVhaNjhWZ1NhQkpXdVdwNDBmbFdsTnFmMlZ1NDVDRzkzdFVOWm0xLWhmTTA4UFhiRFJoQ1JMbGxyWUFpZnp4Vzc2N3dLdFdJbFdUYkFjWXNrWDJNSUV5SkVZWk9UYU02MEtjRmplLXFGelpXX0dOSUFrR0NmUDRPQVRLY3lWdmZyRGptY0x0V3pqZlNoVEZDZi1Rb2xySGtLem5TSXdYbWw2ODV6d3pYLUU5V01vbnfSAe8BQVVfeXFMT0dVNXRqR0tqSU80dUZEaTJteXNoUFVpZGZXNm1fWkVGamRCMU95N1VQZ29QMktlNWpGYlNjcnhRMjl2RHVFME5fX1NfRDFqcVA3RHN4ZUF6djR5ZzQyd0ZFakxYWGZaYWUwU1p2NTZBdTVQclUtQy1vdE1CLVFFNU9laTVFTmlRdGZud0FzZTdUT1RjNG9DMEpxWnpzS0lScGQwd3dlMEZMYWJDdzhhdGpwTVJoamJjSTRzMDhXOE5fdDlzN3ZJS2RwRDJLb2xTZ2NnclQ5RkpXQjBFSXFVdmVieHVpLTVtc3NFci1PX0E?oc=5,The Times of India,"Fri, 18 Oct 2019 07:00:00 GMT",2026-06-14T20:35:00.617814,investment_fraud,True,False,candidate,https://timesofindia.indiatimes.com/city/agartala/tripura-sp-suspended-dig-removed-over-failure-to-arrest-scam-accused-former-min/articleshow/71646289.cms
stock market fraud Tripura,Ganja worth Rs 1.61 cr seized in Tripura - Business Standard,https://news.google.com/rss/articles/CBMisgFBVV95cUxOQnlsNFFwNnpqdDhGRk5IUWFYeVVoRW9kTFFqaXlLbkF3Q1Vyc093M0hiOW8tcEdxaFRRdk5RN3pNb2JVNXB0ZjFnRElGbW5PMVhqSjdjNEZmSEFJVlZpU19CR2FXN29FMERMMndIZEFNTDY1T0lPaEZxSzdKTGZDem0wQVRFdmVJWURzYkRwbDJ2eDlRMmNsR0lvSXphRmhXVFY5RUFQQlBQSy1odjk3WjZn0gG3AUFVX3lxTE5GNmxRM0dSeUpyTXhtTC1ZbjkzRXFWOHNlWHU5YjZxUGN0dXdwdEFaLU4wNk0xbmVRTncxRkZsVURXdEpla2g0SVRLbU1QVG4yNVp2N2xTcUg0SlNZb1BTaXdjdDJRV1otbFo2TFh0VU84aDFXcDlHU29GSVVaXzNLVmZYdngzX2ctek1fUHZYbGJhRUdkUGh2WmFFUTBxa1lSS2VHMDkyRmVaNFNIb1ZESEU1ejFscw?oc=5,Business Standard,"Fri, 18 Jan 2019 08:00:00 GMT",2026-06-14T20:35:00.617864,investment_fraud,True,False,candidate,https://www.business-standard.com/article/news-ians/ganja-worth-rs-1-61-cr-seized-in-tripura-119011800854_1.html
stock market fraud Tripura,"After Agartala, 19 Tripura towns to get LED street lights - The Times of India",https://news.google.com/rss/articles/CBMiywFBVV95cUxOdnlNY3RITG5qQmZUQTgzRFNVMS1qenBxYjFnbndXRllfOUtDdTJnZWNzOFZ4ZXc1YnNHbGtCdVd1OWpOcVRrbHE0U3BhZXdad2ZiOWtpTXY2cXl6TUFsdEY4YmNhRmo3enlxbDV2Q0VhTnQxU2FVZ3pnUjh2QnhzSGVvMHhCdy1yeWxWVUR2TnpfWXcxVnF2Y2lqR1M2LUpwcXNseWprcHZFTW83SzZtUXBsb3NrT0g5cWtBWEtKZ19YV194a05VSUFrONIB0AFBVV95cUxPUHpMVjhpTmpjTENOZk9uZElSTlk3Unhzb3NWWjI2NXpJNXJneERtS1RfMTc0MDZXLTRrR1FmV3pDbnVFSkZCWjVSQlV3c2ZuWFdhWGFEUUcxZXNDZWN6VGNqVzIwanRscUlMbVJfN3ROSXBNWHR3SXE0UkVSR3Z4MHdBRElSaXpnWHptQmpOZUY3UVlOcEhSV2E2Tm5yS1ZQYnJ0bUZ2QkFHcklJY3F2WVJjREgyUXdSVEU4M1pjcjF6OWJnc0w5Ny1PNi1vT21f?oc=5,The Times of India,"Wed, 07 Dec 2016 08:00:00 GMT",2026-06-14T20:35:00.617876,investment_fraud,True,False,candidate,https://timesofindia.indiatimes.com/city/agartala/after-agartala-19-tripura-towns-to-get-led-street-lights/articleshow/55848679.cms
share market fraud Tripura,"Tripura to set up EV charging stations in Agartala, says power minister - Business Standard",https://news.google.com/rss/articles/CBMi0AFBVV95cUxPMmxvR2diNnFvZlR5UDJLN0hsRW93eGc5UGpZbWlhVWR1ZDNIOWNkamc3R0RmN1FHV1BRUHVINzhOa3QzUmN2cVNzMTlYVFlobDdoMTFoUGJ4TGxFamRIb1lVVk9FU0VnWFV4eTVYY1NFZWpGRVNmTDVmbi1ucHkwNFgwTGR0clkyVWhPQnNadHhYcDBwY0JhcFhYTFljd3V0S3ExVXExVG9lSFRKNG94S0h1TEt6UkdQVUZZYXNnb01UaDQ5NXlLZHVIUjExbUdC0gHWAUFVX3lxTE13b1kwRHdoMDN6dmNRb0NVZDl3TnZrMS03NXM2WmZjdVA5cEJQcjNoSmZZTVhnRlhtSE41ZFhWWjZCZEJjcjRLY0UzVmxrUC13OHZodVo1Z3BkUnRFeXR6U01GRmNpNTRRRmVDRE9MNVBadHIwemhiOHdhMXU4NnFQYjJxd3JfcWNYUnJoT0VjaFZYY3BUTTFOQ1dmb0QtMGNHeS1HQVBBLVl5YV8tLTdnVkFkaE1CZkVzLTQ4S05XbmpkV21TWU1aX3dVY1c1TEkxV2pvVGc?oc=5,Business Standard,"Fri, 07 Jun 2024 07:00:00 GMT",2026-06-14T20:35:02.286796,investment_fraud,True,False,candidate,https://www.business-standard.com/india-news/tripura-to-set-up-ev-charging-stations-in-agartala-says-power-minister-124060601257_1.html
share market fraud Tripura,"Maitri Setu, Agartala-Akhaura rail link to be operational soon: Tripura CM - Business Standard",https://news.google.com/rss/articles/CBMi0AFBVV95cUxQZi1WeFFMVDJkSXMxdkxuSFhpOHdGQXRuM0dNYk50Yy13Znh1bzlRSEpHYXVOMzI4LVlpY0ttZmZrY3ZmS1RxTjdVSEJ3Mkl2cXExWENhdzlkTkxhNExiZ09KSGtpWUI0YWNubk1XaFUtYmdjRzVhdWk0akwtdFBFV0dHYzU5d2hiWFpnTmFPajBsTGF3WER5dWEwV0hmMlpReGFFMWpwSFdBcmRZZ0FZZlVmY3FVZm1RRkxTN2xJdlNyY0tnelJndUwzc0QwcjEx0gHWAUFVX3lxTFBEOU5BQzF5WVo5TWhmU1JXNUM4bTYtTXNnRHN1S0ZPMnpLRnd0bE1fWGlKaEplbFJWcXQxZHgxNDBKZG8wdXM0TnplODd2YjdXQmRTRlhCTXlXZlNWc3Y5bERSUWlHcl80ekJaZ3VDcEJRbWxiQkpqcWFDTnFHQzQwX09vV253cVFnWk42VTFnS2lLQUlrWWxWZEMzTVJRVXVIYVozWFhMZGhKSmYyQk9HS1NRMW9lMG5WTEJacGZ0aUJfNENaRDNudVhSSTYxWHZmUjg3a1E?oc=5,Business Standard,"Sat, 18 May 2024 07:00:00 GMT",2026-06-14T20:35:02.286888,investment_fraud,True,False,candidate,https://www.business-standard.com/politics/maitri-setu-agartala-akhaura-rail-link-to-be-operational-soon-tripura-cm-124051800391_1.html
share market fraud Tripura,"PM announces Rs 2L for kin of deceased, Rs 50K for injured in Tripura flood - Business Standard",https://news.google.com/rss/articles/CBMi1gFBVV95cUxQMjlxMzBITFU5aGRMdklZRWp6d3I3d0k2Y3J3NG9GWDhMYUZNd0RidnFZUTYtam1vWjJHdmRjY3hJSzF6emwyVV9rbm9lLW16aTJBeTJQTC1lT3k4T3pFZ2Z5TWZYcUd2Y1VSTE01bU5TMVYteGJIZmhrdVJLbUNyR2tGbXV3XzhudENEcnQ5VG9CSHlReUNpamlGMU11SVNrMFQwaFViaFVzQlZsNEdKdDA2YVZPeW0xNTZaZEh1eTVKRld1R2tORFdRRV9IeS1NTVV5RzNB0gHbAUFVX3lxTE4wNGg4ZjdQUmJWNllUX3hDQzlwSGtDNjdqRXpvM1hOUU1RS0lPTGNxS3RaUVBJMnduRDExZ2FEbDJvYV8zVXFoMXlldlRTSzl6ZDVLRUd2VXl3d0ZMU3M5WHVucG9Seko1X3dUY2U0ZllwRVV5VmJmUkI5NmdxRmI5M1pjbHcyM2tJeG52R1czXzEzUmE1QlMwT19vZ0xCSXY1WE9rTDhraENTMDh5Z2dZRkFKWjBkMEktVGVvbFd1M3F3N0tmXzhQbTIweXZvY0lfcHN2U1hCYUpEbw?oc=5,Business Standard,"Sat, 31 Aug 2024 07:00:00 GMT",2026-06-14T20:35:02.286928,investment_fraud,True,False,candidate,https://www.business-standard.com/india-news/pm-announces-rs-2l-for-kin-of-deceased-rs-50k-for-injured-in-tripura-flood-124083100039_1.html
trading scam Tripura,Gold Flake fraud scare hits Tripura Retailers - Tripuratimes,https://news.google.com/rss/articles/CBMikwFBVV95cUxOSHR0UG1xOE5sZlNaTjQ2SHR1bDZvZWtQSDh0X1JGUFk3Snd1UTZmdU9BS3RieE5keThGWkI0T0dpb3BKcWN3MjJjdjQtYzNETkJlOVFGZkN4dWlxQnNTTG1VWGp6T0tvTnktSTJXeTJNUktKcTZsQTY0N1RVY0dHNW5UeXE5c1JZVkU0bzZtOC1aUE0?oc=5,Tripuratimes,"Mon, 18 May 2026 07:00:00 GMT",2026-06-14T20:35:04.050536,investment_fraud,True,False,candidate,https://tripuratimes.com/ttimes/gold-flake-fraud-scare-hits-tripura-retailers-37284.html/
trading scam Tripura,Gold Flake Cigarette Scam Alleged in Tripura: Retailers Receive Newspaper Papers Instead of Cigarettes - TRIPURAINFO,https://news.google.com/rss/articles/CBMi8gFBVV95cUxPaFo5MHlTTUd5ZXdsS0ZwSG9wNEpUQ1FndVI0WWUtV0NjWEIxNDdScWllclcwQnFscDJBc3B5eE9mVzFNVXN3Q2J0aGNEN1FuRXMzTlotejNXa09HalczSlgtVnNJc0pIM05rN0tRQmZTUld1bGFDUjJqS2ZNOHJTVjNhNDU3dDRVN3l4MTdOSm5TQVNxX3o5MzhsVFdrVVpPNU5WanR1WEI0X2hXNGVsdFVmX0gzTjRpdWNGY2MwbGpGeVJfX3E3djVVWlhlNm1VUUpSZ1g4U3FfMlJ4Zi1JVUk4VndPSFl4V2VtbFYwZ0JXZw?oc=5,TRIPURAINFO,"Mon, 18 May 2026 07:00:00 GMT",2026-06-14T20:35:04.050589,investment_fraud,True,False,candidate,https://tripurainfo.com/EnglishNews.aspx?intnid=6471&title=Gold-Flake-Cigarette-Scam-Alleged-in-Tripura-Retailers-Receive-Newspaper-Papers-Instead-of-Cigarettes
trading scam Tripura,"2 men abducted in Tripura, rescued within hours - The Times of India",https://news.google.com/rss/articles/CBMivwFBVV95cUxPU0ZUd014TnpxcE15WWZmMDViQTdtbFFTY05DMzVFRkIwU0JCcFdZUHZ5RDlCcmNqRXQ0bkhrU1hUWm1xbEhPaHFSYUhoRHBMYkJubzRsekZDZVVDVlFGUUcweUVESXJfV2RUU3RteGZudkR1M0d0SGtJLWJaSTZrNEpsNG02ZzhoUE9YTDR3Wk9lN1RFcFdzVmhBVjNnSFphTFJDQTdpNW5wTlNZMnZYVzBkRkRfZjRJTFJZMzYwVdIBxAFBVV95cUxQYkdSVl81b3E4d0k2bGdRZFJKa05NWlk1emNuQnVKRW1OcXFHMEZsYklLdjZWRm5VM1VTdE92MHRxOEtxVTFvVjNES3J0WmR1bF9TNC1VNno4N1BDMWF3ODR4dFByQ0pKemFRRElGY0o1amVYbS1jeTVlN01fY0dwTzF1UDJ0akxhYkFxbU1PUlM3b2FGNVYwcGF2bWNOSHh6aWRYVlJ3cGtPWERqZ2E0UWFWT1p0NDN1OXhkSGpoQXlRc3NV?oc=5,The Times of India,"Sun, 22 Feb 2026 08:00:00 GMT",2026-06-14T20:35:04.050605,investment_fraud,True,False,candidate,https://timesofindia.indiatimes.com/city/guwahati/2-men-abducted-in-tripura-rescued-within-hours/articleshow/128684397.cms
trading scam Tripura,"Tripura's Latest News, Views & IT Portal - TRIPURAINFOWAY",https://news.google.com/rss/articles/CBMitgFBVV95cUxNRXQ5NWtoTlNqUkdEdDgwOXphc3k3T0NqQUQ0WWRwRjFObURHVmZMOF9yMVllQXhlSTdRZVRaNUdkS0NxcS00cHpqSVo5TThxUFVPYUg0N3JWMHF4UGVvZFZoanh0U0YtYXktUXlKNW92QzFMZHA4RGZrRnpkWVIwNUM1UjcwZXJwWndSaWtoMHZlRVlaUmZUSW1VYklQOHFodEw4d05abUhicGRjZlRTRm9uMUNFZw?oc=5,TRIPURAINFOWAY,"Tue, 03 Feb 2026 08:00:00 GMT",2026-06-14T20:35:04.050620,investment_fraud,True,False,candidate,https://www.tripurainfoway.com/news-details/IN/194304/india-us-trade-to-resume-as-tariffs-downed-from-50-to-18.html
trading scam Tripura,"New road brings relief to farmers, small traders in Tripura village - Tripuratimes",https://news.google.com/rss/articles/CBMirwFBVV95cUxOVmFyWDFlbTdOYklHQ3VaRW9FTjFiMDNOU2YySG1iSVZmbzd3d2oxaUQwbDBYUGNkMmF4d0lncUkydlJ4ajlDVkZaV05fWEpjUG9OUm1MaktDV21Kd054ZkpYY09oY0F6TjE3aW1fLWM3VmZYWnRreks1clhBZlFQcERNajZnSkI5WUtKRVhpSHVTX2dqb2YzQTJzeTFKRFB0MFpWd2c3M1dyVEVKT0h3?oc=5,Tripuratimes,"Sun, 08 Mar 2026 08:00:00 GMT",2026-06-14T20:35:04.050681,investment_fraud,True,False,candidate,https://tripuratimes.com/ttimes/new-road-brings-relief-to-farmers-small-traders-in-tripura-village-35610.html/
trading scam Tripura,Tripura to build integrated agarwood cluster under PM DevINE: Saha - The Times of India,https://news.google.com/rss/articles/CBMi2AFBVV95cUxPa3Y4Um1qNm5uTnJUUk4wZFJmWGFkVzBCQmQwd2tMZ0JUcG9vMlV3NG9Ja0tHaUxFUFNUeTg1dFlXd01ZY3AyREhpRlMzczlIN3BJd2RRbnJyaXBTelJIbThCWkpiZGF3OFo3cFRINmN2Q1RTOC03R3VjMDB1N0FYemx6bkx6MTVseC12c1J2VWloT3A4Zk5SUUhMZEt1NUNKYkVwQkRyczRSNTV6TmRDUWE4T2NZM3c5NGpucmRGQ2oteTAzSmlfQW9pVS1UT1hMNWpIQms2NFbSAd4BQVVfeXFMT1J6SFZUM0xIRW5jVERMN3dmeEo1Yno4MEF6c0lFekR6SDRYakJvb2ZQU1paTEFCVVNQUXVtVE0wYmUzS201djV5NlJ1S045aEhxZnRWRWxnajR3eGtnckVETy03U282b3NNQ3NnNnRMTXQta1UyX0hXeWp0cE80WmdSUjY0WldFaWhlYXJKMVV2cnMwbWhNQVYyZUxjMTF0Q19xRkFhQm91UGF4YUJ6SnM4QUFUYy16OG5RMUo4aVJCcUMwUGgxS19mYmpyNTFwV2phQWxfT0RtUk11WmZR?oc=5,The Times of India,"Fri, 09 Jan 2026 08:00:00 GMT",2026-06-14T20:35:04.050696,investment_fraud,True,False,candidate,https://timesofindia.indiatimes.com/city/guwahati/tripura-to-build-integrated-agarwood-cluster-under-pm-devine-saha/articleshow/126441638.cms
trading scam Tripura,"Tripura's Latest News, Views & IT Portal - TRIPURAINFOWAY",https://news.google.com/rss/articles/CBMi2wFBVV95cUxQdXRwUkplWk9tU3d0T0ZmQXBrbWdSOVVCRTFraEhweFkxa0wyUTNtbzFVdzVSWXNUMEc4UjlzemtMSVdjbG1MR3Vyd0hfbm1iZi1rbnY5S0UzQzM2RmhfcWNsc2VaSzNsdS1FY28yc2Z4QTg4MnNhWGNXcTRHQTBwLUJKcGNqNGNIQ0c0TnJvdi1iajJrbVNiZTdrM0dZZjlWeFp3NU55QXFScWQybktmblludmI3cXY3TGdYMzl6TVVuSTA0aC0tcUdXUTFndmhBbEZqNkczdWF1Y0U?oc=5,TRIPURAINFOWAY,"Fri, 29 Nov 2024 20:10:56 GMT",2026-06-14T20:35:04.050816,investment_fraud,True,False,candidate,https://www.tripurainfoway.com/news-details/TN/18601/bishalgarh-multi-crore-scam-high-court-to-hear-bimala-euro-trade-s-bail-plea-tommorow.html
trading scam Tripura,'Beating Delhi 1983 WC-winning moment for us': Tripura captain Manisankar Murasingh - The Times of India,https://news.google.com/rss/articles/CBMi9AFBVV95cUxQOUZPcGtuMHU0OHAyWnBHMXFMTUlyUC16bEhkNDJvMVJtUkhGT0draTBYeEVVako0VVhoWE5IZzRHbE9ENktkeF9abDl1S05LUEFMUm5oWm4wNDVXbHp0YlVSUG9tUGp0bjZvT2l2ZXoxemtES3FyczRUYmp0cDRWa0dGRmw0QkQ5NVdiR2FodGs0ckQtMnpVSzRaSWE5dk1ENU83NzRhd3NFcFdlSHJmYWN1a0hYZ29DcWhqUzVNakVMNWQ1RDROcm1ZMmF2VkZ5NVNReTREN0JlZjRiRXkySTk1WVBmZzB0MmFrUldCSmRwcHF50gH6AUFVX3lxTE5ydFA3TnBQZldwb0h1ZzJGXzBReWJXekpoX3Z0NTlxM0I4ZHBXSVpKWFRLUTZZY1FLX3dZcVE1clNGbklZVnJma3BLV2RPSkxWLVdKWmJMLUFzLVFiYlpLU1gwb1VFT1ZUWHJWMkpNQVh4N0I2Z2h4WHdxMEV6RXFlY3hpZVNnSEpYUE1ULTlzRm5iVWlHc2p2LXNRSnBEVTRwX2FZeFhRSXY2SUxQN0twVkxhTkFVUnhvNGpvZUdralNydml0V2hqRHNYSkpCQ2R0V0Q0WDZ3eXJzaDhPU3J2cjY5ZWVWME5Oa0hPa1JKY0ZxMk9yZDVXWWc?oc=5,The Times of India,"Wed, 03 Dec 2025 08:00:00 GMT",2026-06-14T20:35:04.050981,investment_fraud,True,False,candidate,https://timesofindia.indiatimes.com/sports/cricket/news/beating-delhi-1983-wc-winning-moment-for-us-tripura-captain-manisankar-murasingh/articleshow/125736828.cms
trading scam Tripura,Tripura Sundari Temple set to reopen in Feb - The Times of India,https://news.google.com/rss/articles/CBMi4AFBVV95cUxOcWg2dXRvNVlEb2hqRTllVFBOUi14cHc5WDlka2lMUGVpUjVmRU1ZUk05OGZGRVpDOTU3STBVaWlaYS1iUE9CWVNOSGM3SFpRMFRJeHh6aVBzN1c4ZmhOeXMtdDZaN3ZsRC1TaTdraEMzdG5ybkJ0WkpFbXdxb2h2NHJmelhyaWJjUzlwVmVyUV9heVd0S2FLVm53eE9fX1c1RVAzUmMwSXhyZWZHRDRNWXNtOVduaUxsckxXTl9PMHVoMGZfQllIUkd0akhiUC1XX3dUaDhmTExjQnk1YmFWY9IB5gFBVV95cUxPUmcweHNucFRIU2pzdkU0OVpqVWtYZ0tUbkJsOGNMQmhwM0d6YVZiN3F6bk95WjhoR0pRRHVVVEYydkYtU3dNcVAtSmxKVmZPNmRvb2plVmp4UjBQR0pBMkthdzM1d19ydzExekwxaEdaNThFSFk1YV81MXdmZUtyOHNwR0lKWnc0SmRqSTJycUJmbk5MbkJ3dVZYRlNKMjRtdHo4aTRNcDNJbVpleE51UmZhUGY0cXU4MDFMWi1mbGR3MnIydXFhSkV6NXp1Z3N4V3otT0FmMzJraUFNUkVnYW1VUlJlZw?oc=5,The Times of India,"Tue, 05 Nov 2024 08:00:00 GMT",2026-06-14T20:35:04.050995,investment_fraud,True,False,candidate,https://timesofindia.indiatimes.com/city/agartala/renovated-tripura-sundari-temple-to-reopen-in-february-boosting-tourism/articleshow/114959552.cms
trading scam Tripura,Chakma leaders push for 2-lane NH linking Tripura with Mizoram - The Times of India,https://news.google.com/rss/articles/CBMi1AFBVV95cUxQWG9vQjNTdGQ2QTdjdk45Qy1fSVZiMVNURlJndjFKTVZTNHdsSzlZWjRkVU1kZ2FHVk1QeXpWX3dpelRzczVRZ1RrSWFpSkxfRF9KNUhmXzU1YjNiZUVmS013LXpYQW4xV05HbUxla0V6bURCSE1BdVk5MjN5OEs4eUN2X1g0YlJ5N25PN2xPakV4U0RNQ0hnRHZZRkJZLTRyb183V3FZZ0x6RFZqMkdGR0dHQl9iYkp2M29NZFdsN3JzZFFMdWRjMmRJbC1SQ1llRldocdIB2gFBVV95cUxPeWt2RFBQUG14R1hSU0lVQmZRNUpMMndia0pCRzNLOGJsV1NiUDFuamtQRDFWdmlJTXVPZzVrZ3k2Nmo0bWRXb1hZM2dkV0dFVERjNG1oYjZwQWVYcVlzdG02ZUtVTmMwc3RJM3pLNDVfSUVNN2ZhcHZ3VnRFcEpmdVZHMHRVT2VQZTBTT0hidmZUdTQ1SWVXX0tBTkFPWElkNThmWnlfRnFLanNFcUdtRWM1dkFwUjd6MUpOZTloUGhqcmxZVkd2QXppbU1nVjdBUXY4bEd4M3dfQQ?oc=5,The Times of India,"Mon, 03 Nov 2025 08:00:00 GMT",2026-06-14T20:35:04.051039,investment_fraud,True,False,candidate,https://timesofindia.indiatimes.com/city/guwahati/chakma-leaders-push-for-2-lane-nh-linking-tripura-with-mizoram/articleshow/124965071.cms
trading scam Tripura,"‘Mom, he will kill me today. I don’t have time’: Mother recalls chilling last call in Tripura teen assaul - The Times of India",https://news.google.com/rss/articles/CBMijAJBVV95cUxPT1F2X3o5ZTE4NS1qc2pqeW5KZUpSSkJBSXR3aXEwazIxTkd5NEtYQjZua1A5V0pRZEZLT053dWNpY052R3Y4VHNoMmNiTzZ4dnFFM0tTVm1QSzdQbExKQXRwNS1Zd1Z5akxxc1UtdXJGeTZBWWFjbEUwZ1lkQjdwdGlSX05HdExMY0t4dDEwbVY4V2tMVlZTc0owSVA1WXZsR0J5OHdUWWR4cmVaS0pVamFmd2FCT2sxcmxyN3phVEstYmhxQlh5NDZtdHFyV29Meko4cG8weUlDVkRfZXN5bVNXR09vajhwVmVJbDhHSU9BNU1ROGYtU1FUWGlZbWdMdl9HUmtmLXk2eHRR0gGSAkFVX3lxTE4xVk9tMjl4ME9TQUhUZjc0U2VaLUQ0akZkOWJDTGJScm9BdFJtdTFvSEI3LVdnNnVwVlVjRGxyRkRZM1B5RU5WZ3ZCaVpod0FlUjlGUzhRR3h3SHQ2TXBlM0wwTjVmaFEwb0lKNHFMNV9laVphMkhjU3JfMFVEekYyOXh6czNHT2JYOUY5eG9IckVtMmxCUGwwcVlRYkJjRHU5NzBPSUVrLVlhOTFsSE5abElyQzFrdGYyZndZSXdjVF81WGFVZXBKU0ZvZGtxNXVxamhuLUlyUFRnYk5VcEhNd3RoQ21mSmNwXzdyNlp0YWJqblRpTjdrakY0dEJoR1FaTkRZd05wOXVNVFVqYmhlVnc?oc=5,The Times of India,"Sun, 22 Feb 2026 08:00:00 GMT",2026-06-14T20:35:04.051053,investment_fraud,True,False,candidate,https://timesofindia.indiatimes.com/city/gurgaon/mom-he-will-kill-me-today-i-dont-have-time-mother-recalls-chilling-last-call-in-tripura-teen-assault-case/articleshow/128667648.cms
trading scam Tripura,Tripura: OTPC handovers two Advance Life Support Ambulance to govt in Gomati - The Times of India,https://news.google.com/rss/articles/CBMi4AFBVV95cUxOaUhRQUZqRURRbk84cXlseXljRGZKU29uajlvUk13YWZhdW0waEhBdGJ4RzNjWXkzMUYweUNZYlJsV0s2QzVrSGNVal9uM1I4R3F5U2FGa0k1bEJDSU54UlNMSWlTYTF1X0NURFVKZGU5eW16cldWcnN2bGVvQk9GbGF1MHRRTldScWVlM0hwcXFySVVrQ0trRHV2X01KQnh6OFZiYnVQNm1BYlk1TmwzRTRoN0ZwQWFRNENlR2Z3UExtakQ1NDFUZlNsLS1UNFRhM25XYTZFN0JJWEdiOUw0M9IB5gFBVV95cUxQYzgtdDRiYktXVUdQMWtBX0lBSnV5Z004ZEpsWkE1N1VET3hCVUZnb1lad28tRHpseDdnSVVETU1FbkpGTmhEblllRFNhcmt2Qll5TlhjZWRwbVF0QmJkYTNkeTh6T1BMNFlwRUtWUy1YZ2RCZFlzMnQzLTBuc1pzS0Jjb2NIemcyRVpBRzdNR01lS2h6Q3VFTENaVlQ4NjZhTWdic3pKWWJMeE9YWFE2NnpXUjk4RmEzWF82MGN0V2F1S2k1aGNheTBaRTU2RTN1dV81UVNBNS1ZWjdTR19qMi1SNjBrUQ?oc=5,The Times of India,"Thu, 11 May 2023 07:00:00 GMT",2026-06-14T20:35:04.051080,investment_fraud,True,False,candidate,https://timesofindia.indiatimes.com/videos/news/tripura-otpc-handovers-two-advance-life-support-ambulance-to-govt-in-gomati/videoshow/100142939.cms
trading scam Tripura,Customer alleges gold loan fraud at Axis Bank Branch in Agartala - Tripura Chronicle,https://news.google.com/rss/articles/CBMipwFBVV95cUxPUUZETDJpYXJaNHFlY3liWFBFM0RPLVZGZTU1MWdvU0p3czZxVXM2dnRVVHBsVklPNUtjSXVmMXZlNnhMSlRqeFVMTzc0QVBqSHZWSmcyMlM5a3hlajdiQnY0ZllEWTBrQ0lUYTFvbEFDRlRDMWlncEY1bEtidWRaWWNxSUFzV2Y0MzhsaDNHOWhTQTJtNHhkazVPLS13dzBWUmw2WDdUYw?oc=5,Tripura Chronicle,"Wed, 23 Jul 2025 07:00:00 GMT",2026-06-14T20:35:04.051095,investment_fraud,True,False,candidate,https://tripurachronicle.in/local-news/customer-alleges-gold-loan-fraud-at-axis-bank-branch-in-agartala/
trading scam Tripura,Tripura CM Manik Shah visits Mata Tripureshwari Temple to offer prayers on Bengali New Year - The Times of India,https://news.google.com/rss/articles/CBMi9AFBVV95cUxOTGFjZnlBQWV0bXB1NmRsRnh5MlMwVzJxR3hFNVktWFA5bGJ2RFdJOWNKdVhkSWszYzMySk41cUhmTVZCcEFCXzYxdERqVnlqQWtuYnNXa21DNkR5RHlfRVNrV09UajhuMzlDNkJ0clRmVkViNkkya2Y0enJ3Mm1tOGs2Z29qQUNyVUwyNUdWUUJfeWxmUmlzR2VnZmw3YldyZFhxQU5sS1MzYkxuTnNlbmtYa0swemNyOXJoUUFvekdDNWNCdS1kbThHSWlCSG5KOUYtRmpLRk1sQl81MUh6VFlHVUJveHpVOFA4S21hV2ZHZ0Fs0gH6AUFVX3lxTE5hR3YxamdONkxFVXVJLVdBdG4yakRBX2RHeG1ESjROQ0RqLUN0ZzB5SzFiYUtxZmdjdWdNMTU2NkZzaUpES1U4di1qUnYwUk5xSDJseWVtZnVMQTIycVotV2k3RjYtSHYydnhKS2h1eUtoUjhYRnZXa2RwNUV4WXlGVmV6TG53MERyZEFUMmRGY0ZHYWxQUXg4NGdLODlaTG9BTTkxVUc2SE5jZHZrbXMtVUZ5cEpydTdtcktwVnFQcUliMURVZkt1d1RCV3FyQzZyR0hJNlVaV19KY3JLTzlxU0M4UF9UaHNiX2ozMzBIX0hSR1JaTUdvOGc?oc=5,The Times of India,"Sat, 15 Apr 2023 07:00:00 GMT",2026-06-14T20:35:04.051135,investment_fraud,True,False,candidate,https://timesofindia.indiatimes.com/videos/news/tripura-cm-manik-shah-visits-mata-tripureshwari-temple-to-offer-prayers-on-bengali-new-year/videoshow/99509311.cms
trading scam Tripura,"Tripura's Latest News, Views & IT Portal - TRIPURAINFOWAY",https://news.google.com/rss/articles/CBMiggNBVV95cUxPX1VqQXZicEozMTZsbFFFX1FOS3VMQmpzRDFXenhoWmpGU2hER3JLMEExWFZKTGNMamFLZElYQTlpUHNlN3RLQVRyYVJYTHBqQUlfenpsY0lHaXNJcm9QWW1za2d0aWoxbW5EY19jdm0tUkozZFZUaG1hUEpfZVpybUlJRVlmNUNkOV9TLUJsbUZRaS1QSkhkdTZ6TU1UMWdVUmdWdmsyUWM3RWJHaUVwZGtQOXZWRDEwemdndHVNcWRSTkd4NTV0dC1Rd2RNblhxTEJneGxpcjVYUVliLXZEMVR2VHpjdVVncmpNMUtVdG1ScmZxWERCdF9KdnNOQi1MY3ZGdTdwVjFLMmVCLTZyZGJkZnFjTUxtSXlBalE5YVVvVno5TlY3anJKOWhlbHFqTjVlWElEZm8zY0R2TzYwLWUweGJmeEV6T05HaHptTVVWNjhpc2ZRRW05UUxPX01Ea0tzbmRNa0hrVWJaWEd4Um9VSFNtaEhwRnQwcmhEQnhqdw?oc=5,TRIPURAINFOWAY,"Tue, 27 Jun 2017 07:00:00 GMT",2026-06-14T20:35:04.051241,investment_fraud,True,False,candidate,https://www.tripurainfoway.com/news-details/TN/86541/rose-valley-basil-i-core-chit-funds-financed-cpi-ma-euro-trade-s-wealthy-office-buildings-across-tripura-cbia-euro-trade-s-interrogation-of-minister-bijita-nath-to-expose-cpi-ma-euro-trade-s-secret-cash-reserve.html
trading scam Tripura,Floriculture flourishes in Tripura - The Asian Age,https://news.google.com/rss/articles/CBMilAFBVV95cUxONEk4OWhrUUJOeW5kdG5DYkhGQmtqNVVZZ1JCcEk3aDRyZWdYVWw5NEN1QzBXTEtvaWFPV29qUkZBSmk0anhUM0NDSFloMUF5WGo0LUN1R0R2d3NUNFphY3Bzc29yNHJfalVhVmdsXzY1MUtCTzBGOWljOTkxU1pycVJVdXlsaUI1N0ZSc3d2S011QkZj0gGaAUFVX3lxTE9FWDJzUGVNUW5keGhndWE5bVphLXhUWW10ZTlheTRweEkxM0dkc0JYY2N2cTNWaFNHWHl5QzVxU3RJQk1TdUhMX29hTW5HM1k1VUxOajBsQWp3bGluYk9ZcjhtaUZoejhSd1RvU3BsMzB2ZDNqd2ltVmN2TWJYam1fNmc2TURfNHdSeUpHR1I3eFZWdWdlSGc1cWc?oc=5,The Asian Age,"Fri, 01 Feb 2019 08:00:00 GMT",2026-06-14T20:35:04.051256,investment_fraud,True,False,candidate,https://www.asianage.com/life/more-features/010219/floriculture-flourishes-in-tripura.html
trading scam Tripura,Trial passenger train from Silchar reaches Tripura - The Times of India,https://news.google.com/rss/articles/CBMivgFBVV95cUxNLXpmMDZiNFc2enRESmtfQk9NZGlESVFoeEJMb0wzdkdYaU9EUElaXzJra2tqdUxaMHcyMjlxYkpFZS1IMUZGQ0NQVWUyaFVob3hZMWU3ZHJfTFNMOWtxNERzOXVzY3dNdGFFakxNV0dtalJMWDhzX3pJUHYzcWFTYWwwLXZwX1prZXB2dTNPWWNOV3ZqQ0lmYnJwWnJDVXhtc25qWmU1Q2tOek40aFVkUEozQXlzc3ZaakxCVEJR0gHDAUFVX3lxTE03X2NNR3BCQUx1aVZmRTdWQXIwZkktZ1RtVzlIa0NJWFFmRm1fV09teE9TeFdUb05TY0FuXzJuejVoYS12WktMaGJOdzdWWlNwc1lNcnVBdm5tT2Vmcm1hak9hT1FJQjkxSHF4X0NFRmFTZ2tNZXB3VlpSR1E0cWRRMXRQMTMxWmxxWEJRa3NFOFE3dGY0cE9jS1pXUVpLLTlKNGtjYlFhQjV4c0VBNjFxempCeGRBTnJQbkVOYjllTktjUQ?oc=5,The Times of India,"Wed, 04 May 2016 07:00:00 GMT",2026-06-14T20:35:04.051270,investment_fraud,True,False,candidate,https://timesofindia.indiatimes.com/videos/news/trial-passenger-train-from-silchar-reaches-tripura/videoshow/52108564.cms
trading scam Tripura,"Tripura's Latest News, Views & IT Portal - TRIPURAINFOWAY",https://news.google.com/rss/articles/CBMiggNBVV95cUxNMUJEakVaUEZMY2RnU1FubFRBSG5WTWZDNFBpb1dkVFBTLUpBN0xlS1dtYmNudzIzSXFDdUd1Nk11ckVMSWk0MFhXaVo4OUlkUG95Y3Vaa3dsM2h5UmlENkVldGZ2dDV0Q2RVN1BMQ1ZjbFd5cV9iWnY0ZUJ5OEV5amRPSmdELUh6SGZDMUJXZndseDV1QXJETndpTzkyejRDdmVXaFY0WVdQazVuMXNiVF9PZF81TzdrWFRFWkNTdTVVSV9SRElPOGxYRDVEeTJONGdoTUh3dnZLRUV3cUs0dUdQZkE2ODYySWFHMnV3NnlBMGdUS2tsLUpqVWVQOHYtekQybHJFUXFreXFTQV95MFE2b1NFd3RmSGExb0VzYW9QZjlVY1FHRmJWdXpnMDhEWm1zemlwb2I0THpiSzlNWFFRcGxoaDFTeFhOc3h4QVFvOHF4VG9QODJiS2dVRmNyLWlNeG5aUFV5UnRrU20xRm51RjhUbFV6cThRVGFVUnJmQQ?oc=5,TRIPURAINFOWAY,"Mon, 25 May 2015 07:00:00 GMT",2026-06-14T20:35:04.051285,investment_fraud,True,False,candidate,https://www.tripurainfoway.com/news-details/TN/28057/medical-entrance-exam-a-euro-tilde-fakea-euro-trade-candidate-from-bihar-arrested-police-presents-cheat-in-court-on-monday-jail-custody-till-29th-may-massive-cheating-in-tripura-medical-exams-authorities-silent.html
crypto scam Tripura,UCO Bank official arrested in Rs 16.48 crore fraud case in Tripura - Moneycontrol.com,https://news.google.com/rss/articles/CBMiwAFBVV95cUxPNFVvQzh4bExfQmhEY2l3NXdvSU9lY21odlRoU2lUUHhual9lZjVyMUlhVzI0Z1lEaXFRUFpONFJBa21ibEdmRjh3Z3NzVnRySFpaWS1KbXQ2UmJmaGViRzlBUzgtWXJNb3hRYXpuUndQZ0VUNUpma19IWDYtY3lDYTR0dE1ublVVRC1NTDJDdnR6LUlpZEVMcVRLbnZ5WWV1NFEtRVJqOEp4YnNQaDZIZ2RMZXZrLUhwekdCbFBVekjSAcYBQVVfeXFMUFdZRmEtLTFZblJudm5rOXkzMElFd0RBdVNyc09RQTgteEp4bndrdU1GUFpoUmVpNHY2T2I2ZWQyMEdjWmtVS21OZkVFd2RYdHNiYmpPeV9TXzhCcGFVWFdlQ1dXWlJCVE5WTE5VdW9vanNaRE9rQlhKMHdXbkltbEx5SHhFcmY1aUtiUDhwTklfaXMzd3Z4WUIyMW40eXZ3MUoxRlUtY19Rdkx0dVlTOXBkZnRBRkNMODUxbVFlUGszZXV5NERB?oc=5,Moneycontrol.com,"Sun, 14 Sep 2025 07:00:00 GMT",2026-06-14T20:35:05.551883,investment_fraud,True,False,candidate,https://news.google.com/rss/articles/CBMiwAFBVV95cUxPNFVvQzh4bExfQmhEY2l3NXdvSU9lY21odlRoU2lUUHhual9lZjVyMUlhVzI0Z1lEaXFRUFpONFJBa21ibEdmRjh3Z3NzVnRySFpaWS1KbXQ2UmJmaGViRzlBUzgtWXJNb3hRYXpuUndQZ0VUNUpma19IWDYtY3lDYTR0dE1ublVVRC1NTDJDdnR6LUlpZEVMcVRLbnZ5WWV1NFEtRVJqOEp4YnNQaDZIZ2RMZXZrLUhwekdCbFBVekjSAcYBQVVfeXFMUFdZRmEtLTFZblJudm5rOXkzMElFd0RBdVNyc09RQTgteEp4bndrdU1GUFpoUmVpNHY2T2I2ZWQyMEdjWmtVS21OZkVFd2RYdHNiYmpPeV9TXzhCcGFVWFdlQ1dXWlJCVE5WTE5VdW9vanNaRE9rQlhKMHdXbkltbEx5SHhFcmY1aUtiUDhwTklfaXMzd3Z4WUIyMW40eXZ3MUoxRlUtY19Rdkx0dVlTOXBkZnRBRkNMODUxbVFlUGszZXV5NERB?oc=5&hl=en-IN&gl=IN&ceid=IN:en
crypto scam Tripura,Tipra Motha | Tripura Elections News - The Times of India,https://news.google.com/rss/articles/CBMilwFBVV95cUxNZmZFa2JmMDhHcENOSWhRZURZU0NCbFZTLUo0Zm9CcjV2YkRVZ3E2NVpPdWs3QXhOcXRuTXpHQ2dPTWNTaXY3dUo0ZFZEMTNGR3hvckw3dHN3Q2JVTV90UG5NUE9ld19keWJyZ19TTk9zUlloeTNOaGRuXzk2SVVubkJ3WkVINVNJRXBYZDF1dWZDUG5mNHp3?oc=5,The Times of India,"Sun, 12 Feb 2023 08:00:00 GMT",2026-06-14T20:35:05.551964,investment_fraud,True,False,candidate,https://timesofindia.indiatimes.com/elections/assembly-elections/tripura/parties/tipra-motha
crypto scam Tripura,India News | CBI Arrests Proclaimed Offender in over Rs. 7.75 Crore Tripura Chit Fund Scam - LatestLY,https://news.google.com/rss/articles/CBMi0wFBVV95cUxPZkdIYlp4YzUyN1MtdS1zVUFkSy0zYzJydXdsS1BQRzAwTjAwbEJHeEdpNFJWN2NlWmlDVTVnTFlGRkVHeFRSLVJXeHo5YUNZcFdha2NtZ2NlQ3Q1MEhTeVZIS2M4QmpKdm5uTHk1cUswcjhCa0E5TEJhSlhScDk1MTJBSTBOb2lOMVpsa3JvN1N5MkY2TDNDcVkyU1FLUmhxc1ZjN3g4enJLSWpBRVUteVdSeEptQ2xwcTd2U29mb1JkUDU0VkFsajE3QjFxX1JSLWgw0gHYAUFVX3lxTE9QOG5JSmFPcE53dE9JUGtpc3hxZERkdWlzX2hVSXF0VklKS2xKV2Q0RzI2aDg1YnVPY0Y0OUVUTUhORWQ3Q3BWbGdnbDVGb3ZETlREU1k3M1FMZXhBaXAtZmR5WTRNT3RsSTlCV3ZRYU9CMUpqc09JeEduakk5NWdpdm83YTJTTUhDeU5hd1kyZWVEamZrQUlOVzdnSVhQc1R4ZUlTRVpNQU1NTTRValFSbk9xeTNJRXVUT01MX1dVQktxTlQ3djdvcmJVMDZfbXNDUTFyM3NDeA?oc=5,LatestLY,"Wed, 13 May 2026 07:00:00 GMT",2026-06-14T20:35:05.552017,investment_fraud,True,False,candidate,https://www.latestly.com/agency-news/india-news-cbi-arrests-proclaimed-offender-in-over-rs-7-75-crore-tripura-chit-fund-scam-7428400.html
trading fraud Tripura,"Tripura announces Tax Intelligence Unit, AI-powered analytics to curb tax fraud - The Assam Tribune",https://news.google.com/rss/articles/CBMisAFBVV95cUxPWjdsUE96WjZWZGYyZmFFU0dZbGkzMmdvMmNCTGR2TEt2dVZFLWdLY2RraFNfSnhISTZrQzFJaEVIVUdMZVhadDdWSG9UbGFTZjNYOV8xMmtkTmp0QXhEZ2FYOXVXWVFzLUNZbzZFdWJUdjJWWi0tZHpURG1vR1RUZ2d0WTV3RGlQZFJmQV94VDRocW52Nm1NaWdiQTRfVE9yYWJvMEptMzdKd1J1WWstadIBtgFBVV95cUxOMW1mVTRUSEltTmhJaFVrVTBrOW44ZFBfejdhd2UxR3RQelVEQ3F1amhYekpYdlIydlRmTkszdDJxbElrWnBCS3RvRVJCTlV6YllVMGxfdFBGWjVveTBJTmhLWHpBLS1aaWZWNWV5al9CZWNLUzNvZFFnMjhsenNtQVVQMmZEVGRabHRrakJWR0hVQkt2NG44cTJ3QlN2cktHYXcyd1FKa3drUUR4WkxqT01MUW9zUQ?oc=5,The Assam Tribune,"Sat, 22 Feb 2025 08:00:00 GMT",2026-06-14T20:35:09.364311,investment_fraud,True,False,candidate,https://assamtribune.com/north-east/tripura-cm-vows-to-curb-tax-evasion-incorporates-ai-based-analytics-1569000
trading fraud Tripura,"Tripura's Latest News, Views & IT Portal - TRIPURAINFOWAY",https://news.google.com/rss/articles/CBMigwRBVV95cUxOV1NacnExWE9KZHllUTgzLWwtV1BqMFhrdGctSXl4QURGZ3VScDRocjRGaFR4NE5NcU12a1NTcnd3eVRBdjNheGcyU3NKTFdMSjk5RTJhR0F3X2lfUTZneERsbk8wdnhFQXZ1ZVJPQTAzTTQxMDlYaHVnQmF0Sk9xU05feUdxZ1JicG1Yd3FIWVFJUDhrM1MwTGlQQ2RqR1V3c0RDWW05Y05BWi1panNJa0RvMV90XzFlUF9kSGJVZUpRLXRzQzVCNE14MFVYd21BOFhjcDJYamMtRWZVVWpLd2NuY2ppUUpJZG5IbmRJQ3g1YTFVeUFxd0hwM3lpazhSVThFeVRnVlY5cExuQnZUU0R2T2tMUkc4WE5wVWdWMmVPRHd0SVVvMFRjb09ld19QNFVCZVNvX0RNTDViVzltTUpSTlRNdmF3dzFkVWl5QkY4UGUyZFh6MW14S19oSE85VkJnSFBwelgwZ1dkejhWVzc5UzJjNVk3WjZtWFEyWFh0TVh0djQtbzBhdGFGcDRrSnIxN1JFdk1nclN1TE9tc1NlYmNoV0FmVmZWTUNnTWZtMmpiR0V1LTZvNkZOTUh4OHNZa01ONHU3Y2ZyeFVuX0VBT185bnppUXpQZVlQeWVrRllBcHhLZmtVNlNRVjZHTnhOSUgzQlNoVEFuWE5zdEoyVQ?oc=5,TRIPURAINFOWAY,"Sun, 25 Nov 2018 08:00:00 GMT",2026-06-14T20:35:09.364560,investment_fraud,True,False,candidate,https://www.tripurainfoway.com/news-details/TN/119264/ips-rajiv-singha-euro-trade-s-criminal-brother-sanjiv-singha-euro-trade-s-rs-6-crores-theft-from-allahabad-bank-misuse-of-cbi-joint-directora-euro-trade-s-post-most-corrupt-police-officera-euro-trade-s-son-pratyosha-euro-trade-s-illegal-entry-into-tca-tiwn-coverage-on-rajiv-singha-euro-trade-s-crime-family.html
telegram scam Tripura,CBI arrests proclaimed offender in Rs 7.75 crore Tripura chit fund scam - ThePrint,https://news.google.com/rss/articles/CBMiqgFBVV95cUxNWWVuajFVX1lOUFNxS1oyd3ZrZHY3cnVRTlpCTHRJMXJhYUJqU3BKdzE1T0owajdlVWZ6VDRSS0hZYVFpSXNIOV9yNENScTZZdnRrRHpXaUtNb0dMVUdDbTFCMVZfYnRNUVVVY0o0RE9tR0N2cXUxNHlUVWxnZ1ZwTWZvSUNIc2F3dTlzSTRuYUxuTDc5RlVrZkV2ZFZCR1V5NjY5eGNYeVJnQdIBrwFBVV95cUxOd3lrVks1TzJEQVF1T25WRjJwYmNDQU1Ka1hBdDVQV3NxZWVhZ0prSmVzT1ZBTHZHQmRSZlZzOS1NcE5wV3R2WWlxLWZkbWE5LWFmV01SV1RrWkpnUU8yMF91cmRvMFBHY25qWTRDTkNIeXZZa2NqSnE4dUlzOVVjVmwyb1VWMlVUZ1FVV05EVG5DamVBMFZyOTVNVHR0NDNsZVU4a1B0amtMMTU4TXFz?oc=5,ThePrint,"Wed, 13 May 2026 07:00:00 GMT",2026-06-14T20:35:14.248979,investment_fraud,True,False,candidate,https://theprint.in/india/cbi-arrests-proclaimed-offender-in-rs-7-75-crore-tripura-chit-fund-scam/2930311/
telegram scam Tripura,"0 in Tripura, 5 in Meghalaya — TMC tally brings reality check for Mamata’s ‘Mission Delhi’ - ThePrint",https://news.google.com/rss/articles/CBMivwFBVV95cUxQR1FwSGNJTjJJaTJUaHNrQm1FWEpPLXZNQWptempxeHc3eXVHM1BQREU4UjR3UUZFblBNZEt6YWU3a1lydGFnUDFvUVBjSTlWZ3FRUHhvZXpnS0s3RzljTDVCNDVWRHpKcGZLMHhQZDZ4bTVYSnh2RENHbkxwU2ExcTJHTXFZSl9jcmlYaGdWakkxaWd2R2hVWHBGMHdGZW0wdDZyamdCM0diaVRZWmNWY2FkSjIyUXFGNzluYmVKc9IBxAFBVV95cUxQeWhLcXM4TkdTbF9ZbkdWSFJ3U1VHRzRqTmxfZlV1ajNvQVBIck1FRE4tWkdTeU1kRW93ZUpjajBlSDRhVml5Si14Q2FwVjRsRVBrdnA2eDJoMGkxYnpEcWE3dnFIYkRSWGFCMTBIa3NsNHhhUHRiVmxxSWFuVlRuSjlBUnh4dGcwb3RpMXNkbUdXRlpXckNFLWtBZG9rVEh6VmxPX3NJMk94VEJKT1d1Nk82anlFbG9PY1d1T0w4WkQwNTJL?oc=5,ThePrint,"Fri, 03 Mar 2023 08:00:00 GMT",2026-06-14T20:35:14.249053,investment_fraud,True,False,candidate,https://theprint.in/politics/0-in-tripura-5-in-meghalaya-tmc-tally-brings-reality-check-for-mamatas-mission-delhi/1409716/
telegram scam Tripura,"Sangma’s NPP eyeing seats in Tripura & Karnataka, but can it shake off ‘party from Meghalaya’ tag? - ThePrint",https://news.google.com/rss/articles/CBMiyAFBVV95cUxNbk5wVFJxUzRJek5PTmVkSTVIUWVsT2JXeGJhWFhEUVVUZElWQXd3S21sSERVdDRUb3Q3Z1pXT2RSS19RdkFGN0luczRNUmZ2R2pEZXJTcGhzTGRDMXpJMWpWd2w5YjRJdWV3Zy0zMGRhSm5zS0FRYXdJR3NwU3BNc3NhWGFCb0VJcFQtMEl5SjFka2JnUGFDNjVFWDRLN2RjTHRPa1A2bV9Mc3c4ZFRuMGR6ZGRQY0NBSEF0eHpzRnlXODdlaXhESNIBzgFBVV95cUxNVFdGNEFjbWZqTWQycHcxeF9tUmlsQS0zQzRNa2pINTNycHpzbXJ2ckNIcnJrd19VaG82em9wZUZFZnZnZnZXR0pLa0x0bFZ1T00zY1MwVGpQNGtXZU5PdzgxcGVmWlFjYjdkRml3MkRhSURqYTVUZENEYXNYUERWcWY3THhXbGtubWRRZVNfcElIMnQ4M2NHcnhwWS1hY1ZjQVJyejFvbm5qQndVUXVJUk5OcEIzT08xZlNYMldENGpvWVhtV1ZkdEQ1UktUZw?oc=5,ThePrint,"Tue, 20 Sep 2022 07:00:00 GMT",2026-06-14T20:35:14.249143,investment_fraud,True,False,candidate,https://theprint.in/politics/sangmas-npp-eyeing-seats-in-tripura-karnataka-but-can-it-shake-off-party-from-meghalaya-tag/1133578/
telegram scam Tripura,Sunil Deodhar: The Mumbaikar who conjured up a saffron wave in Tripura - ThePrint,https://news.google.com/rss/articles/CBMikwFBVV95cUxOYy1nN1J0WEZ1T3VuQllhdDJrZ1lFdmh0XzktNDkyUTlyRmc1Q2N6Y0FlS1lIaVFDMkpJTFBzNVNNSDlTcXhvRk1fYl9XMERmLVFLWF9wMC1YSERvZk5vbkxKMnVURmZkRWpXaGE0aUhJVGRFZ0otc29nb0pfLV9VSnhQeU5LMHE2WG1RUS15NkZnRGPSAZgBQVVfeXFMUG5TN3B2UWx4TUlyN1pRZms0T2NtSXhRb0FNWjdUd3loYWlYRHgwUmt2Vm11SDFBQk9HanVYenlPVGxzenpMUFZrdDZ4eXlLRkpEWXFZSkIwR3QwUE9sTVNlQlZsdzZMWTFrWmNURGU5S2p4V2kzWndrWmpWZFNzTktOS21VQjhFdkNBN3lFeDZfd3VEZ0tYX0s?oc=5,ThePrint,"Sat, 03 Mar 2018 08:00:00 GMT",2026-06-14T20:35:14.249163,investment_fraud,True,False,candidate,https://theprint.in/politics/sunil-deodhar-mumbaikar-conjured-saffron-wave-tripura/39062/
telegram trading scam Tripura,"As cricketer Hanuma Vihari walks off Andhra pitch again to pad up for Tripura, YSRCP & TDP trade blame - ThePrint",https://news.google.com/rss/articles/CBMi0wFBVV95cUxQdUVILUJscU9MRm9yNzBmRUJ1SERiS3ZVOGVlMk0zYl95WWNHT0xDMVhiWjZnU1p4TlVmR084VWlkWTY3TkNmWUhldjFEVGhTZHMtdFp2M3UzNm1rbDJ6Qm9Wbzc4OWR6bVZjMGw0ZjRvWXl2dmZGQXBJb2ZFaHJLTTZXaFF5TmFZcTdsVk90ZXRFRm9LcXFvVUVIeXdPWDJLUlFvV0ZxTWRERnRFU0tUUGFQcXFaYzVWdTFUWGJ5Ul96dEJTMGFQODd3VEEwekI3QnBF0gHYAUFVX3lxTE14YXgxdWJtN3V6cGtWTmpkeENsTmNBWW43UkFXVnFjUkZTX0NfTXJtc2E1WU1ERURoQnV6ZmFJR1d1MnpCbkFxbmhjTGZZeWlIa3dTbTBlOVBrX21JUXo0WjhrZnVsUkQ5b3BnY05tU2R2UTdibTdwRGlBa2VfUVFvc3BSTXdOSzh0cElLOW1CYXktWllFc3JPblRFTXVBV1NERlliRWRFN3J4R0ltZmxYMXpBUEhNZGppTDd0eTdNMUxMUlR1Zk90SUVRZGZrSDJybHBhYy1BMQ?oc=5,ThePrint,"Fri, 29 Aug 2025 07:00:00 GMT",2026-06-14T20:35:15.741208,investment_fraud,True,False,candidate,https://theprint.in/politics/as-cricketer-hanuma-vihari-walks-off-andhra-pitch-again-to-pad-up-for-tripura-ysrcp-tdp-trade-blame/2731412/
whatsapp scam Tripura,"Biju Festival 2024: Tripura New Year Wishes, Quotes, and WhatsApp Status to Share - News18",https://news.google.com/rss/articles/CBMiywFBVV95cUxOc3htSm1rWDB2Ni12SUd0aVVlUms5SE85R1BIMFBHYUhWeE5jbkJTTTRPamVSeHM2SzNxQ2ptSmJDenpSZUdHZmZuSGNob2NwelZjUFlDX19XTHB0MHpBS1QycTgtVGZ5d2JCbnRYdUVuMHlJNFRXT2tJNkhKSFgwUy1tdjl1UThZR2QtSUJhZnI5Q1cta3NNZDdrNHNVQmdFZk5pU2FBWXFfTUoybzRTenJjR1JTTDExOXA0VENGbF9KTmxCUE1HNU5tTdIB0AFBVV95cUxQS0hLWVJwMy1GQmEtRnRWY3FueDdnOWNWd3pydG15UEpjQWtlMEJCeUhOeUVaY25ySmhMMTlpbkx6aVBSN1hoVDN2bW5MTlpqSFpMZG02WVlOZGtDcl8zRUZfeTFwUDNuTVh3aDQ2YlNxTVRNN2RQMXJEUFlSQmhiRmc3cTh6Y3VxRlAxaUk2SWlranpRVlBVMTNQSDJzUUxtOXFYTlNJVkRlNk92cjJMNVR3bWtkQUlZUXlwU1VIZ09oVUREekkyRk5pTHpqeDRU?oc=5,News18,"Mon, 13 Apr 2026 07:00:00 GMT",2026-06-14T20:35:17.672536,investment_fraud,True,False,candidate,https://www.news18.com/lifestyle/biju-festival-2024-tripura-new-year-wishes-quotes-images-and-whatsapp-status-to-share-8845889.html
whatsapp scam Tripura,"Tripura cricket officials deny hand in ‘16 crore scam’, apply for bail - The Hindu",https://news.google.com/rss/articles/CBMi1gFBVV95cUxQeHNTRm5Ua1BreDRXN3ZObzRWWnlzOGR1RDlrY1RyQ2lRMjlSaGNYcXdzd0kxc3dvN0xkYXRqcV8zZVB4c1lBdDRzVnZLdE8wUGZGSUwxa0FzRnFxRU0xV2ZoYzlwU3pwM1dONzFkSjlTUk5LMElubVh1dFdwVVhaYngzaTFxNlhOcUpYVGdwWUlZYjRmZDB2N2dod1FlTWNuVEw3REQ3eGVPZDc1UWtrNlFFVUgxaHh5YjRKZ0FaYzdaR0lTWGJUUm1DQkVFN1BjZmU2QUlR0gHcAUFVX3lxTE9QU0NMNEJoaFBiSi1FZE1GdFg2dk0yMjdBaDY4bmtORWR2YVl3X2lhbFotaklmaWxnNWVGTUpkQVFNdmluNjBVV0ozQkRBRlBocHo0bGpnLTg4WVNHTGxBNGR1V1ZLV2lmUm5mSnozUjQ2Z2hrQmFBWEZhZmRvWHM4T2NYc0lIeXBmeERsZklZcGFQN0FVaVMyYVdQaGVnQmVmcFlsdW1QVHRQRjZjNHhTa1k0bUlfM0tyUGxrRV9NdDlROG14Zi03Z0gxM0VFWVJxb0g4NEJhaGZGbi0?oc=5,The Hindu,"Tue, 01 Aug 2023 07:00:00 GMT",2026-06-14T20:35:17.672585,investment_fraud,True,False,candidate,https://www.thehindu.com/news/national/other-states/tripura-cricket-officials-deny-hand-in-16-crore-scam-apply-for-bail/article67142715.ece
whatsapp scam Tripura,Whatsapp Launches ‘Not Even Whatsapp’ Global Privacy Campaign. - TRIPURA STAR NEWS,https://news.google.com/rss/articles/CBMilwFBVV95cUxPNHZsYTUzZkVaaHU2bVRMQ3F4MzBnUU1iZjVTTmg0ZzUzaVk0Y1QxM3MzYXpxSUJCR3hja3ZmZ3dPd1ZVTkpaeFd3SHZrMU5kd3VOdmtveVJVNnd5YmUyTHVkbC1zS1A4b3NiTVhyZzhWLVgzOW1Vdzg2S0hIb2JsRkE0SmxmNWlNVzA4SFBCc2p2Ti1mWWsw?oc=5,TRIPURA STAR NEWS,"Tue, 20 May 2025 07:00:00 GMT",2026-06-14T20:35:17.672602,investment_fraud,True,False,candidate,https://www.tripurastarnews.com/whatsapp-launches-not-even-whatsapp-global-privacy-campaign/
whatsapp scam Tripura,Tripura: Ex-PWD minister Badal Choudhury quizzed over flyover scam - EastMojo,https://news.google.com/rss/articles/CBMipgFBVV95cUxNd0FORDVOMmdDVC1zUHNXZEN4bmJTUEdSRDFxMENVR0NpQjdacXIwaEQ0bzkwTUFnNWlnclEwYlZnUjZfOFU0VkYtRjhmWmNIaGtQMk05N2xRcXA3S01xT0VjeGJWSjl1blJzQm1lQVg2WF80QU4xbzJKeUREdktQd3hzUkNoMWlMUUhWNS1WcWRnWVEtUVFudkNpWEtBZzE0eXFFNktn?oc=5,EastMojo,"Tue, 06 Aug 2019 07:00:00 GMT",2026-06-14T20:35:17.672691,investment_fraud,True,False,candidate,https://eastmojo.com/news/2019/08/06/tripura-ex-pwd-minister-badal-choudhury-quizzed-over-flyover-scam/
whatsapp scam Tripura,CBI arrests kingpin of Tripura chit fund case from West Bengal’s Nadia district - The Hans India,https://news.google.com/rss/articles/CBMiyAFBVV95cUxQcnZiRG1hTS1TZDdfcHBwcFllSmllX2JTSkhPNnRtamFaWVlfX2Yxb3RIaWdrck1YbHd0YThKNmV4aUp2cXM1WXFHaXZIYndTU1MzNy0ya0pMM3pjZUFicExTNFc2ZUk5NHlhX2x4ajhHYl9UOVF1MkkzZi0zWWdlMFByTlhvVFp4cGVObUZMd2tzMHBUbnB5Q2FMTnlEbWUwN2N2MTFpUXRWQ0xFcDhsWlFsYkJNdjlfNzFaT0RheUFnVy1QWllTN9IBzgFBVV95cUxNRWRRLXBOelhXOTMwaERmdHlseW1KMGVKRGxuV3VwTGdHUjcxMHltbFc4OUYxdVdrdHRYWENKRTN6UHR4YTNHNm1qZzU2VklEajctT1R2ZUhtZmEyb0ZzTC1fbDgtZjNWMXRSRlYtYWRJNWUxeDZXWVBsaHhlQ1gyNTcwc2ZTc2xPWW0xU1d1TnlpaUdkYWEwWEtuS183VEIxQzJ1XzgtTVBsS0JkUDdWZUlkNDBYZnlKRG9Ld0J3am1HR21LSFREQVllYVdPQQ?oc=5,The Hans India,"Sun, 18 Jan 2026 08:00:00 GMT",2026-06-14T20:35:17.672714,investment_fraud,True,False,candidate,https://www.thehansindia.com/news/national/cbi-arrests-kingpin-of-tripura-chit-fund-case-from-west-bengals-nadia-district-1040293
fake trading group Tripura,Nationwide pharmacy strike on May 20; 3500 medicine traders in Tripura to participate - Northeast Herald,https://news.google.com/rss/articles/CBMiswFBVV95cUxQZGVodWI2bmJPMk1EcFFLN3RuVzJfWUFBMlNqeVNDazVwb0NjZElxY0pCQkxyUnl4M1FnZi10SkJhWTNNclJBTzg4YWx1MGFFWTFNa0gzZ0hTMVBLaTFETEZ5LUVuOEhqSWhxYVhaZVZuZENJQ3lheWtzRjlkeTFTVkJKOElkVllOVUJLQmEtd1M1RWVhckFydXByNHBXQWVxekpUeDBkWE41RmlBZ0Q3SkluVQ?oc=5,Northeast Herald,"Sun, 10 May 2026 07:00:00 GMT",2026-06-14T20:35:22.959838,investment_fraud,True,False,candidate,https://neherald.com/tripura/nationwide-pharmacy-strike-on-may-20-3500-medicine-traders-in-tripura-to-participate
job scam Tripura,iLogitron Technologies Warns Public Against Fake Job Recruitment Scams - TRIPURAINFO,https://news.google.com/rss/articles/CBMiyAFBVV95cUxOVWdaNU5HaDV2OTNQSGp2eEdiVnUxZzdTbklxODA4RkduZlc0MmhXYnQ2ZGlwRWM4ZFdQWkpmRkJBTjFvc2w0Ym84ZUk5NUZ1bmxySTVIUlZDWmdhNHJnb2lXYzdYdkpES2FZMDVGa0FuUUJsQmxPa09pVmIxMG1wbDdaRmI4LUtuTGhzWl8tZkVoUm1Ta2pLMGVlYzY1b3pha0JwMWdOOG9fdE1NdHItUE5jQlNkZGxfcFFGdGw1MXhMNmwtdEp6Ug?oc=5,TRIPURAINFO,"Wed, 10 Jun 2026 12:46:03 GMT",2026-06-14T20:35:24.743899,job_scam,True,False,candidate,https://tripurainfo.com/EnglishNews.aspx?intnid=6867&title=iLogitron-Technologies-Warns-Public-Against-Fake-Job-Recruitment-Scams
job scam Tripura,Musical extravaganza at Rabindra Bhawan on June 19 - Tripura Chronicle,https://news.google.com/rss/articles/CBMilAFBVV95cUxPSXNIQ3RIcTQ1VjVMa0ZTcElqMkN1cENxSGlUTmk5ekxhc05kT3NaLU1jY29UVjJtZTA2NmgwR1VtV0J1aGVWcEdfcjZSM1N0TzRJaHVOeFZhR0RoVDZaOVRwczJpejhlT3VGUG9sYmRqaXVDR0gtZlhYUl9lMUs1aGNTVkdybGxxSHZaVTVwQXYzSmJR?oc=5,Tripura Chronicle,"Wed, 10 Jun 2026 13:54:31 GMT",2026-06-14T20:35:24.743912,job_scam,True,False,candidate,https://tripurachronicle.in/local-news/musical-extravaganza-at-rabindra-bhawan-on-june-19/
job scam Tripura,Tripura man who lost job over education clears Class 12 exam with daughter - The Times of India,https://news.google.com/rss/articles/CBMi3gFBVV95cUxNMnhDcUtIRk0yc3dza2YwVFZtMi1xV3pvRkI3MkpSYVkxMnZDSTlWQnlLaVZ1SFZwWlh6VEJSSDE0UGNQb0U5YTJxT0NLR0JCbHhGUFc1OWMyVzRBVndBVVRyR2xJT1FSV0RpcXdIVFdMUmhoS0JkZklCeV9id1FNVlNMVXVnUHF6eHJxMzRxTnM2UUFoSTFSRU45elhMMVVzUVFYVlhDejFuam5JbXFrSkZRekN4ZTh3RUdJZk1QbWFQM0F1ZExpclB0eE5CZFZzY1hQYWpodGhxdzFxM1HSAeMBQVVfeXFMT2J6ME00NWt1WjFHc2lLSnFkQ04tVGFGLWZwNXd3NFM5azBjRVpuME1LdENZbFJ5V0Q2NHp2Y1ItdnlPYW5hNUJGUkF2eGw1Z1RVMzhSMGFHeTIzWDRnV3VLTHJ2QTNfR05KSlNjbk5aZ0FhYWtDUUkwcXFULUpmNHZ2VmRYcWkzMWhpUC1MMlNCc25odjQ3MWgwN29LM0lSNWtlMW54ci1YN3d0djh2SVdHS1hhbkJ3LWoxTEJSV1MyV0hQdkFoeEU3SkhWZlY0V1pNUkJIYzJENnJ3WEVDX3FfUW8?oc=5,The Times of India,"Tue, 12 May 2026 07:00:00 GMT",2026-06-14T20:35:24.743926,job_scam,True,False,candidate,https://timesofindia.indiatimes.com/city/guwahati/father-who-lost-job-over-education-clears-class-12-exam-with-daughter/articleshow/131022030.cms
job scam Tripura,"No Action Despite Demand for Governor’s Intervention in ADC Job Scam, Silence Deepens Amid Rising Corruption Allegations - TRIPURAINFO",https://news.google.com/rss/articles/CBMilAJBVV95cUxPNDc1Y244TXAtYXNGSTRqTjNXV0hZa0xranhUaVZMYkIzeVRod3IzTl9sbmpWaE9YWFFfVXdJSG1ScTk2d1JZS0xweTI2VnlaNGJjQWpNY1FaS3VFNS1qVzNBR2R2WmJVMkU5aGg0R3JFZEhQVmVQZkdqYi12M2V3QVNuaGZYOWs3cTJ2Vm1jZElBVmdOUHV3LVdfSFIxbnBCMU01MnBMbTBtSldFYlFucDNuZTlDMnhKVmNhLTlQcmxBZ1pGRVg1OF90MG1JRGxKUGhjQm5uMDcwSEQ3NFc4dl9OQ3lnMGQyT0E3cmVhejRjTnRGSDdteF9lY3E1THl0ZlVjUUlEOUNFcVJ1NGJ1ZS1ocjE?oc=5,TRIPURAINFO,"Mon, 27 Apr 2026 07:00:00 GMT",2026-06-14T20:35:24.743939,job_scam,True,False,candidate,https://tripurainfo.com/EnglishNews.aspx?intnid=6181&title=No-Action-Despite-Demand-for-Governor%E2%80%99s-Intervention-in-ADC-Job-Scam-Silence-Deepens-Amid-Rising-Corruption-Allegations
job scam Tripura,"Man held in Agartala for job scam, duped aspirants with fake appointment letters - TRIPURAINFO",https://news.google.com/rss/articles/CBMi1AFBVV95cUxOWE1JUkZfYkptUnVFcFdkc3B2bTZPSFp1WFAzZ1RXVmhaa1RGcWtxQU5iRXMtbkxsTjVjSEd3dFo0N2QyWnhFbi02UnlvZXVRRjRwc0pILWJLS3dZLS1zb3JPdlM0MGd0NERPMmw5YjIxTTFXNERPYjBMSDJuNWxnSUhtVlFNblN1cnNjaS1WeU02YTg2M0JFTF9HYVdURDBSN2lXTzg0SzBTcjk3RE1GOGMyUUIyTDRwMmZHVkptRFg0MVJ2LWxoZkNpY1dWQ2JWNnBHRQ?oc=5,TRIPURAINFO,"Sun, 29 Mar 2026 02:18:56 GMT",2026-06-14T20:35:24.743953,job_scam,True,False,candidate,https://tripurainfo.com/EnglishNews.aspx?intnid=5768&title=Man-held-in-Agartala-for-job-scam-duped-aspirants-with-fake-appointment-letters
job scam Tripura,"Tripura teachers struggle to survive a year after over 8,880 jobs were terminated - The Caravan",https://news.google.com/rss/articles/CBMitwFBVV95cUxPWXRoRHM5dzdiM0gyZHItUXNKYUV3YWJleFh0c01iaWl5SnZKOXBFVmdDREQ4SzRWOG5pSlE3VGJCdHBKVk5CZ2FvVkhURlNEbjEySmVIcFRIOGk2eTRCRmY2cmpEYWdULWdUck9nM2lhTlZlWkRPNl8zMm4wV2U4aUtsT3Q2cFlMTU5TTnJsYVVOVkFtZVdFci1DTU94M0tWUE93V1FXaVZlYlNCVzFJalk3WlhNZmc?oc=5,The Caravan,"Tue, 20 Apr 2021 07:00:00 GMT",2026-06-14T20:35:24.743981,job_scam,True,False,candidate,https://caravanmagazine.in/education/tripura-teachers-struggle-to-survive-a-year-after-over-eight-thousand-lost-jobs
job scam Tripura,"Tripura's Latest News, Views & IT Portal - TRIPURAINFOWAY",https://news.google.com/rss/articles/CBMi-AFBVV95cUxNU2ZNTzNibWtuS09GUTVEcGF1X0Y4dUI0MV9UWmRrQUx1QmlmRUhqTkxoZ2Qzb2R4WTRhLW5lVGJiTk1Nc1ZoaEJJLXRyd1I3Q0x3SllyU2VHOGh0a3h5LVF2cXZzLWJzeXBmbmdESnlsZGlPbl9MTnVuMURxVlJfZHJfWWVaNVFudmI2WTlQNVJpSnRfMGZmemFKSDVMRkZKMno5Y1JmOVVfaG1IZlFvQ2Q4OXl4ZmhQR2JKU1EwTjB4YjNXRzJRZ1NMMm9qNFpHMGxXU1ZVaWV6NHUwMEdpX0N2REdJejRrYllUTWNVWVduMklRUjUzOQ?oc=5,TRIPURAINFOWAY,"Fri, 25 Apr 2025 07:00:00 GMT",2026-06-14T20:35:24.743994,job_scam,True,False,candidate,https://www.tripurainfoway.com/news-details/TN/192087/10323-teachers-alleged-over-rs-1-000-crore-scam-with-their-outstanding-salaries-demanded-cbi-investigation.html
job scam Tripura,WBSSC job scam: Protesting teachers give deadline to Education Minister - Tripuratimes,https://news.google.com/rss/articles/CBMiswFBVV95cUxQOVJTS3hVMGVVVy1NUmhTZDlvaU1EZzBCUUVmaWl5TjRNZmRkZlVCVWVEcllONzFNZlRlNzdKVzZhd002aFRzcWFCNTdYajZrTF9GX1FRUHFvb3BscW1uOEkzbTBKT2JPYUlkRWpXdDQwdGlZZG5ZNEh5WkZCbWtqTXh1dk1KOGhkckQxaUpoRW96ckg3S2J1cXgwOEwtUFdoaHN2dWM2U2JkTEhsN1NIdE1RRQ?oc=5,Tripuratimes,"Sat, 24 May 2025 07:00:00 GMT",2026-06-14T20:35:24.744052,job_scam,True,False,candidate,https://tripuratimes.com/ttimes/wbssc-job-scam-protesting-teachers-give-deadline-to-education-minister-27818.html
job scam Tripura,Job Scam Alert Issued by Tripura State Electricity Corporation Limited - Tripura Chronicle,https://news.google.com/rss/articles/CBMirwFBVV95cUxNR3E4d2p0RFpXSFZDRjRfekR1MHFtNnkyNDNLQmRCX211MVpycHpqVnhMdkZMSG92ZTRncDItNmwwMDQxa2NzTjZmbzEwd1VJS2NBRDczODlEbU9oNHVlWnh4Uy0yY3RTUmRoQjRlOVJ0X0dSNGp5QUdjV2FhNmNqbFZNekxNbVB0dS15bzRfbnlDNmhUalRmcV9NcmVTZ1Q1czk5U09iN2xpOGQ4ZDlN?oc=5,Tripura Chronicle,"Mon, 15 Dec 2025 08:00:00 GMT",2026-06-14T20:35:24.744100,job_scam,True,False,candidate,https://tripurachronicle.in/local-news/job-scam-alert-issued-by-tripura-state-electricity-corporation-limited/
job scam Tripura,"Tripura's Latest News, Views & IT Portal - TRIPURAINFOWAY",https://news.google.com/rss/articles/CBMitANBVV95cUxQR0RqNnkxdUNYRi1FV0VlU2xGejYwVlFRbXVhVzgyTmFKOFNxdXlGakxKUk9odERCVS1EUXRLcTZBVmJtT0VxQTBnQ3FabUNXcU9RM3gxQWl0MWdGT2RrWEZ4T1J0U1V1dzZxeG1nZnBGbV96dDhLUW9BQXBaNW43X0hiSVBKMTZoT2t5WEswQl8zM1QtM2ZHUGdudUtfWGtwS2xGMVdUN3RvNDhVWEJOQzl5VEZmRUU4UEdfX0NYTDJYdTRVMjU5OUJCc2I1dENySlVXNDNQcXlZV0VzOU5sOWlfRDB3MURERzhsQnJOV1NQTExCaXg1bEgtZGxUQk1Yd0duMWEtNlN6QS1tblJybHZvRFFWZExtWVZjaERjMjAwRHQ5OHAtN3lVV204Z0tYeDVFZ0h6MlFLNHI2NlZYbkpaaERZRE5QYkJvQlpxcGxBTXFBeXlSeHRlemZJQ3dGY2RGVFR6aWdaYWlsWFlqU2xIRm9GSTRrbGtuOF8weDRVd2ROdVd0czFsQXV1bnB1eTlpYTV0THl2Y1lZektodElBX3Fob3B5aGU0V1dNTU9Ca2c2?oc=5,TRIPURAINFOWAY,"Wed, 21 Mar 2018 07:00:00 GMT",2026-06-14T20:35:24.744146,job_scam,True,False,candidate,https://www.tripurainfoway.com/news-details/TN/103528/tpsc-recruitment-scam-bjp-govt-rsquo-s-failure-to-remove-cpi-m-cadre-officials-from-tpsc-plague-state-recruitment-cpi-m-remote-controlled-tpsc-published-multiple-advertisements-during-election-time-to-benefit-jobs-to-cpi-m-families-coaching-centers.html
job scam Tripura,Fake Job Racket Exposed: TSECL Warns Aspirants Against Fraudulent Appointment Letters - Tripura Chronicle,https://news.google.com/rss/articles/CBMiwgFBVV95cUxPNGN3eGFaZjM3aTZVcVpaOEtrMldyMlZTZ1h2ejFaWTdiQlZEdEFrZzhYbE9PUGRuTEJkY3huSTlWc0xvdWYybEh5Tk1iR0VVN2V1eG9pUHFvOUcwRFRfZUFBQWstTmtCd2FtUnJPaTRPcENsR241SEN0anlNei1GZFlKT2RtWW5TdWptRmxDSURDa0ZNWXYzZm4wcXUtQjlRS3JNeVRTS0hTVUZpOTVRTlVrd2VBanhvT19HMGlUVUNZQQ?oc=5,Tripura Chronicle,"Tue, 16 Dec 2025 08:00:00 GMT",2026-06-14T20:35:24.744161,job_scam,True,False,candidate,https://tripurachronicle.in/local-news/fake-job-racket-exposed-tsecl-warns-aspirants-against-fraudulent-appointment-letters/
job scam Tripura,Job scam: One nabbed - Tripuratimes,https://news.google.com/rss/articles/CBMib0FVX3lxTE53Ukk0dzh1ZWtDdGNWYkJJNGZxNWxLaE1ubVJxcUVLRi0ydTMyc2wxWlN4MnpDdEhUUENKNFRUTC1iT1RWaVRmLXVUY0tZOW9XbkJHN255LUZOa2lSdFQya3FobnZ2Q05LTmtObjgtZw?oc=5,Tripuratimes,"Mon, 25 Jul 2022 07:00:00 GMT",2026-06-14T20:35:24.744212,job_scam,True,False,candidate,https://tripuratimes.com/ttimes/job-scam-one-nabbed-1087.html/
job scam Tripura,"Tripura announces phased recruitment of 10,323 terminated school teachers - The Hindu",https://news.google.com/rss/articles/CBMi3AFBVV95cUxON0s3VUI1VmM3ODVTcTIxdHo3VzA5bldKandsNUljTEthcUhURUVKaGk3NnBZSHhmOGdFTVNBNVk5b2paLTlKUHgtRG5PMktUNlZoR2VwTWhIRDdQYjNKQ3JVbEFNQTRoX2dGRGhGZzhDbGtjVlRtM3dFRlVUNXFNNnRJRW5GOHFISTRGNlYzQTVvNE9wNmtZRDREWFlIWDhrbHd3NlphTHBDem96cHV0TEZSNDBPOXVua0FmbG5ieTA0ZXpLbk8xNEhJSGhOb1VuRTZKZjJXOVMxdXdP0gHjAUFVX3lxTE1NX0wxX3JXSWZST29zODhxREZMcXRvaUNFUlRRMXV1MGpfZVlTX093Z253UmFrMjVYZm55M3BROTF2SmllTkJnZlQ2eDVpbEZFNVJ2c1JEZ2p1SkM2OWNQQWItd2dtMEZjZU9NLXNTb2gyVFM1cFAxYlJEOUo2T05EM3J2TUlnSHdTSFNvc0o5akc0cW5nVlM3Y244aGg1V2FMcjFiZDlSN3ppeTZoY2pqTEhIU0lNRWpCQ1o3TjFWZFpyOFZVd0U1TWZaLXQ2S3VTczl2RE5yMG9fSmIwbmJNT00w?oc=5,The Hindu,"Wed, 23 Sep 2020 07:00:00 GMT",2026-06-14T20:35:24.744264,job_scam,True,False,candidate,https://www.thehindu.com/news/national/other-states/tripura-announces-phased-recruitment-of-10323-terminated-school-teachers/article32672722.ece
job scam Tripura,Airport Job Scam: Woman beaten up by locals - Tripuratimes,https://news.google.com/rss/articles/CBMijgFBVV95cUxPNHF1SmZrdkFjRXd5Mkp1ZnR5d2FOLV9xOHJuTUpmS2d2elBqWlhMOTd6NWxrYzdSbm5zRGhLMlhCUXRfWDhBRkJzYXBscjVVUHZtRzRlOG56Q3hBMFZOWlozUHJ0OTFRcXlvdmNnbEhFNkpsV3BsWm5xaS1zRmlrUG90VjdEV08wRzUtWFpB?oc=5,Tripuratimes,"Sat, 29 Jul 2023 07:00:00 GMT",2026-06-14T20:35:24.744276,job_scam,True,False,candidate,https://tripuratimes.com/ttimes/airport-job-scam-woman-beaten-up-by-locals-9019.html/
job scam Tripura,"‘You’ve done so much for us’: After 1st job, Tripura's Anjel Chakma urged father to take VRS from BSF, sa - The Times of India",https://news.google.com/rss/articles/CBMiqwJBVV95cUxQZlF4SVZSeWozOFdPN2hvY1FUQ1AxTzByRkxTYzU0aHZEQ2RTaDBfWDJQeDZQVG15SGZqZVd3S3Rza0JLc0haVzc4NmRrMm1OVnlTWllXcVUteGQtalFxUEJvU1p5eWU3SlVhSzRkbmkzaFNDLTdYcjdveklEQ3U4NVA2ekhYTEJQM3FhWF9tY21zZHlOYlBaV0ZQNlo5TEkwU2hxMjNXN2JmSnZQblF5dWFPNXBaYTRET1VfcnlZbzBibEFJOFZxd2I1TmpOODRJNGFXWlhWTzFJTEhOZWxoWllwOERSWF8wOUg4Wmplc0tFVjNNNDlJZGd3Wm9wYXhQejVWb2REZi16OXdEWFJyMmxzaUg1RzRiVjV3YndKRE1iTzF4OW5sM2czZ9IBsAJBVV95cUxPNmpwSm02VjFrTzRUeG9wUWFUVHBjQWswVXU1LXVKUGZ3RHJwNFl6Vm9wTkNUVloweFlVbXN6eFJ0d3EwTWZnYU53N1dQa3Q3RE5wc2F6VWlxYmhyZTA0X000WW1wemxBcmxHa3B2U1RTTklTaW1jR0NET3RwdHRsMk5WTV9wSmJjX25HMjBQOHlWQTFiWC1IMHZmczZXa1Y4NmlSUmV6NzVRNjJIV0hrZkhKd01uS1dsVUpqeG5iNnlBZzFVTzNVa21JVHpVNk0wZnhtT3NNNE9xaFdhQnYyVktyOGVuRldETVcwdzlHUTdIeUl2bEFoSGtmQUNhSTVMZjVORkVYbmFBa3FkOFJ0OUZHRGNBU3NyT1RQTzJFb240UWhpYWRmWEhaRFRIZUNu?oc=5,The Times of India,"Mon, 29 Dec 2025 08:00:00 GMT",2026-06-14T20:35:24.744293,job_scam,True,False,candidate,https://timesofindia.indiatimes.com/city/dehradun/youve-done-so-much-for-us-after-1st-job-tripuras-anjel-chakma-urged-bsf-father-to-take-retirement-kin-recall-last-conversations/articleshow/126227515.cms
job scam Tripura,Tripura shifts to 5-day work week; weekends declared holidays - The Times of India,https://news.google.com/rss/articles/CBMi0gFBVV95cUxOTmN5aVdoNU9mYVVWYXZBVThtN19pWWdtSklyOXN2RjZZbFo5dGdFRjY3SGo5Q1ZKb04waHJSa1dfNm9MRDdUTXlWZ2txM1BzQmo4Z1ZYalNjWG5pczMzX1pOZ29vQTRhX1JvdVAtS0ZBb0MtX1FkNk9kMlhhbWVFcGE4OGJIRzRKMy1nWFRxQ2pXRkwwMkN2Wk1Rc00tdlRTaVM3YnFXYkFtVHljRnlMOGlGX29ZWVJ5bXZDeVlWWWV5bDEtaEVQOHhSYVB4cnpPcXfSAdcBQVVfeXFMTTA3c2hvbHN2cWtIZjZoUVhJaUdzTjdVSTZUV21EODlBQk9UZVpQVERnSURlUjZ4c05VSHFBTXJrb0UwU1NFZjRsT25LOHB0ZFUzQUVpbVMxblljelZsNXMwd1lPU3hBRDA0SDhVS1BKR3Z6VEp3R0xibnU2YWlKcjJmdlpmNDd5NzNpWUhVVjNuTGdaYXJWc0J4ekpmTzNSMEo1a2FQX05vZllhRjZYYzgtVmJTekY2Y3FsQkNjNGRRWExXdjd4Z0ZNOWJQRDVESkQzZ1VCQWc?oc=5,The Times of India,"Mon, 25 May 2026 07:00:00 GMT",2026-06-14T20:35:24.744324,job_scam,True,False,candidate,https://timesofindia.indiatimes.com/city/guwahati/tripura-shifts-to-5-day-work-week-weekends-declared-holidays/articleshow/131315819.cms
job scam Tripura,Two Assam Police officers arrested in cash-for-job scam case - Tripuratimes,https://news.google.com/rss/articles/CBMipwFBVV95cUxOeE5YVU8yUVFCdXVEUmVvZVM0aEU0YnhtU2RZVzF2UktlSHZFbTgxeWF6X2FjZlY3LV9pcVVBcVowdnM5Z0QzSG9BRUl1RzNoVkJJc0FrV2NnZnZyX2NoVlFHNFUzZU1hb0JuX1Fqb0pOYXpzS2NMOW5aQ1VYQUR6eFFyU0hjVTI2Q3JSN1FxSERnbU9jWGJkYWoxZHBDS2NpNmVqY3JiUQ?oc=5,Tripuratimes,"Thu, 23 Nov 2023 08:00:00 GMT",2026-06-14T20:35:24.744339,job_scam,True,False,candidate,https://tripuratimes.com/ttimes/two-assam-police-officers-arrested-in-cash-for-job-scam-case-12846.html/
job scam Tripura,"Work from home returns in Tripura: 50% of Group C, D staff to stay off office - The Times of India",https://news.google.com/rss/articles/CBMi5AFBVV95cUxQdlVwUS1zZ282d2V0THFWYmdRWE1MaWRLanBNcndnT1pHYWpLb1E5MTJhb19ka2ZGVVJWdGpVaW1hQ0xHTDJCaHlueE9EVFVrSUx2ZHhRX2N3YXZwWERzaVI5SllvTjB1RFUwN2hfOVV5bklWT1d3d283eHd5Z0tMVS1Ed2FtbWhBR09SMzZtci1VUkxQZ1F3ZVZTVXZ4ZXRlTXJEeWx6SGxNMG00NFp0MDVxQmFVZ2prTXJsQ09hZnV1ajhkd3VFMkprd2FkYXVGTG11UmNKa0hyMGNuQmhYNWJHOEHSAeoBQVVfeXFMTTJNekt5cTZtYTIzb2dkbzFnU1lMbVhLZFFLN2ZhNkprN0EyTTdKSU50ZHNsRDVwOXJEYTVGYWZYOHJvUUx4ZFlzQ1V3Qmg1YnF3QnVaOVFTRWxyQW1zMUFkbTNhZVc4V3hxS25xektWYzU3b01vRnZoTms3eHZud0VKN2VVV2ZaTjlzYWYyMjU1eVJLMHRxR3hjTEk3enNaVC14Rlh1VDdqQWdoSHRkNGNhWDFrckd5M21vdzk3ZGdRY1BOVUhRM3ZFS3hUaWhHQkd6VFB5aXNGSzFXQ09oWEI4eW44UUxubDhB?oc=5,The Times of India,"Thu, 14 May 2026 07:00:00 GMT",2026-06-14T20:35:24.744357,job_scam,True,False,candidate,https://timesofindia.indiatimes.com/city/agartala/work-from-home-returns-in-tripura-50-of-group-c-d-staff-to-stay-off-office/articleshow/131090132.cms
job scam Tripura,Complete recruitment of over 500 posts: SC to Tripura - The Times of India,https://news.google.com/rss/articles/CBMixwFBVV95cUxQbFdrdC1YQmhhLU52aUFXbERIZnhqQ1MtNG5kaHRxc09wb00tWE8zWVZUaFRqcUZYMlZ6dVRTT3ZhOE00TlUzVHBRZFRiWHhibXFCb2FDd0hEZV9iT0dNcUh2Z01QZWFfNEN3YXJrQTFPTWhpQkhEMXZSSExCUW4wSXlrRW9fNW8tWlFTQ2xtNGRjYzNNemdBb1ZTYUVfU2JoZzVDNmNkbXp4RzBOcjJHTVNqRmljSzFpdzlHTGx6V0JTZUM0T1BF0gHMAUFVX3lxTE1xRDBLcU5vZ0k4SG15dGNnM29rVm9yOW9FdXFtSk0wazJRWExZaWg0YTFhLW5GT2J1YTFLVTRhRk1qTG8tRFJDMl92T21yUzV0NnFXczJjVXhZS3hQTEU2YkZoLWowSkIySERQU0EzRGhLOExEbGJDeXVRMEVqdUtaRGRTc1JLeXJGQUVfblBtT0NySm0yMGQ1d0VRRy13MmFvT0FIWC0tdDhsUFBjZUx1QUtvRGI0SzBBME9zemp3OGtRS1Rzd2xERnY1SA?oc=5,The Times of India,"Sat, 30 Aug 2025 07:00:00 GMT",2026-06-14T20:35:24.744372,job_scam,True,False,candidate,https://timesofindia.indiatimes.com/city/guwahati/complete-recruitment-of-over-500-posts-sc-to-tripura/articleshow/123606446.cms
job scam Tripura,"Tripura: Ceiling Collapses Just 13 Days After Repair at Anganwadi Centre, Children Escape by a Whisker - Ukhrul Times",https://news.google.com/rss/articles/CBMie0FVX3lxTE1TZVBlT3RNYkJfd21sQjY3OHhheGl5Z3NQM2RQRFFYanpINDZVempmcUtHWHlmanRlbDRJWnpWWnN4VnRvTUF3cHE5RUlkMjg5WTV6b0dLNjN0N3U5SXFyX3Y4eDdvOEtvTFBSTGZCcW5uTTRLVmYyUkl1NA?oc=5,Ukhrul Times,"Fri, 24 Apr 2026 07:00:00 GMT",2026-06-14T20:35:24.744442,job_scam,True,False,candidate,https://ukhrultimes.com/anganwadi-centres-ceiling-collapses-in-tripura/
job scam Tripura,"Tripura's Latest News, Views & IT Portal - TRIPURAINFOWAY",https://news.google.com/rss/articles/CBMilwJBVV95cUxPYlpZSF9hc3JVMExOaXFhTW0zd3VTU3M5ZkJLVk5lRExGWVJwM0RpTUYyT2JMblg5Zy1OS0UzNHMyeEdXbEFEYUFDSXhJNEFoNmF1WVgwZkliZnZmNm5pVTJIUjVGb0UxSnlnNV9RZVNqWmFWc2N5a3lGQ09DcFRNenlrVkdzNFFneDE5amkwUVVTeFh5MzNoWF9MNHl6N1hwSlJMaHhDdmJuRHBldGVhNU01ZVQ4LXUwUVpWTzRvRmpYUE9IaW02d1VYakh2RUY2UjF2WmNldktia1NOd0RUMlRDRlJqSE1QdnJNUUhkbkVJWTAzUGRiekNsVXlMUjlVWUZqV2FxOEdyVV9ZU3lpOWJwWmpHSFE?oc=5,TRIPURAINFOWAY,"Sat, 05 Sep 2020 07:00:00 GMT",2026-06-14T20:35:24.744467,job_scam,True,False,candidate,https://tripurainfoway.com/news-details/TN/149549/tripura-govt-s-outsourced-recruitment-agency-sofed-becomes-centre-of-corruption-osd-a-euro-tilde-bihari-babua-euro-trade-under-scanner.html
job scam Tripura,"Tripura's Latest News, Views & IT Portal - TRIPURAINFOWAY",https://news.google.com/rss/articles/CBMirAJBVV95cUxNd1NmVjVITER2X2F1X2tRV0dwRkJINnFUNExxZ1RsMV9KRmFQMm1TMVZxVnFhb0FocW5iNGZONkFpR1JnOWlvemVGOVZnS0JBVThnazFTUHlSRWIwS0RaV0N4R0p4Vnd2MU9vVEN0SEVoN2RTWkdvZjNHdGhpOGJteHV2Zm1tSXJzU2NSVzBQM2dCTGJCR1pqZlBNOHBwSFF4XzBrdF9pcGVOdGZzWXdmQXYwemJUSzliNHdtcjY4b1dhVWV6ckNlS1hLYjJ0NDdFVG5ETlhoMHZhM0kwZTFEdGdrVzBxWFVMaTBNRlFiZEphWXU4R0s2VGlEc2lqLTU2YnhEZnluVExoMjFiSkNVWFR4QmRNWU1YdDI0VWhna1NZLXpqdi1aUHcxSFM?oc=5,TRIPURAINFOWAY,"Sat, 29 Jul 2023 07:00:00 GMT",2026-06-14T20:35:24.744493,job_scam,True,False,candidate,https://www.tripurainfoway.com/news-details/TN/183739/fake-prtc-row-netizens-support-ncc-ps-police-official-for-lsquo-slapping-rsquo-youth-inside-police-station-say-lsquo-good-job-tripura-police-rsquo.html
job scam Tripura,"Tripura: TSF flags alleged recruitment irregularities in TTAADC, warns of action if proven - India Today NE",https://news.google.com/rss/articles/CBMi4wFBVV95cUxQYmRzUm9UempaZzBhUkhLRE5GT0J0eWpTcWhaZDlTZHlMdU9VZEpYVHJGS3lSSzBVZ0IzUXExUG1Zck1ZNDQxYzc1c2tLMFZJbFgtb1FWVHRrTXN2QUU2eGtsNlM1aXY1VENWdnFNcXp0VEhiZ1ZQM3F1ZGlvTGxzTmJDTkxTbU5TbzM0bVpXdjBjNzBvbEJacDFOd1FGN0pXRGFmSjJIMWhhc0RmTFRCZ0JNV2lfNXdyZ0Zsakx2Q2EzNV9XS1RLU1dWYTZNQ0hTNjR3a0RXQ29qR045Mnd1dGZ5Y9IB6AFBVV95cUxQdjFRQ1g4NzVNZ1M3bzRTMjgxUlVlMEdhbnJUTWdaTVZIcHBDVU1MY3BvQjBfN3Ruc2FhUVhyVEpZX1FfSGN1WEU2Um5kU1ZaZ0ZTSlp5OEhnQU41ME5TRlg0Q1o2NWdhR0hXNWxINENfOVpZN0ZaYUs5NkJyUlJTN2pNVFdBeFhMczdDRVlReDhRQ1BncFpEZUF2SkoyWTU0NGhpR0dxV0trOExNdUp1ekU4SGU1YUZDQTdPOFdIUmkyVjFnU21ERDcyU25BLXNOMFRKUWYtcTVxNFBlWmtOMkRCQ3hlMXE4?oc=5,India Today NE,"Sat, 25 Apr 2026 07:00:00 GMT",2026-06-14T20:35:24.744551,job_scam,True,False,candidate,https://www.indiatodayne.in/tripura/story/tripura-tsf-flags-alleged-recruitment-irregularities-in-ttaadc-warns-of-action-if-proven-1381244-2026-04-25
job scam Tripura,Municipality recruitment scam: ED summons former Bengal Minister Rathin Ghosh again for questioning - Tripura Chronicle,https://news.google.com/rss/articles/CBMi2AFBVV95cUxPaHpqSlF0SHFPSFJPZXFGMnJ5ZGY2R3VlZmU1Ykhvb3dKenpXeU9FamRsNllUdWEwZjJnbm9BMUpTLXc1ajNjUVRrZ0xDZTZOcjJPNE5aU1JWeXl1WHNOMzVWbVM3SUczQ0lwUU1IcWJXbk1VanZtRmtUSVMtZFc1NVJVVk1vaDFMWUNqczJ0WXc4R2xvcWNXaDJzLWNIZVB4NHprVW1vcFRQbVhvOVh6RGl4QjdLaWQzX3V3dUU3RWk3WE5FOHRCRjJMbHFGbHN5LTJiT1oxOTg?oc=5,Tripura Chronicle,"Wed, 20 May 2026 07:00:00 GMT",2026-06-14T20:35:24.744566,job_scam,True,False,candidate,https://tripurachronicle.in/national-news/municipality-recruitment-scam-ed-summons-former-bengal-minister-rathin-ghosh-again-for-questioning/
job scam Tripura,"Tripura govt ensures merit-based, transparent recruitment: CM Manik Saha - ANI News",https://news.google.com/rss/articles/CBMizwFBVV95cUxQNHUwM09jLVFtTndlbEFoYmt4TFpydDRQb0pfM1Y2NUJUZ2h4Rm54UldUbEJlNTh0UFJVSnN6RzhkV0w3bjdRMmpzaDd6TG9fWnlfUVRvODNhSUhLaU5QcGFMZTh5b3kxcmxJUmVkSktzVDFYVHlheW1OZXNNQlhIcDdhVXZxMURIbzFXQ0xwRE5qcmY4RnFGclgwSXBuWDlBZWZQMVdLR3hFS2NaazJMdWg2Nk9vVnBLUmFhYWlfQi02aG1GbTV5X3AyX0FEUnM?oc=5,ANI News,"Tue, 25 Nov 2025 08:00:00 GMT",2026-06-14T20:35:24.744580,job_scam,True,False,candidate,https://www.aninews.in/news/national/general-news/tripura-govt-ensures-merit-based-transparent-recruitment-cm-manik-saha20251125043359/
job scam Tripura,"Tripura's Latest News, Views & IT Portal - TRIPURAINFOWAY",https://news.google.com/rss/articles/CBMi4gJBVV95cUxPZGlKaU01bWxuNE0tZUhoZXNkaTQ2a1ZDaGlWVXFBRVd5OXlDLTQwSUxKSzBUb2xkdGFuMmc5NjJEU21hZ2xSUUJDY3I4RTRUNXBQTDA0MmptajczdEFOZ202bktfZldaSzU2cVZXRWJPblFXUzdZZ0FERVRuRVp4WmN1TnllbGV5U2dXLTZfZ010VTFFVnNucmFZMDZCUW0yREtMcjJDS1pBRzJkS0wwZHY1WnBHODItSmwyZ3ZJWWZ5bzgzZTltbFRibVFGUDJlczN5c2pUQXFvbnpPWXJCRTB6WVh6QzVyTEptY0VZTGE4aFlBbjJDRUNyckJIakVWRmNESzlHTnBGdzcwcDhZZW9mRVFhN3Y1X283SU1ybHpfeGdtTlYtRlIzLTRQbWtTV3hZTWZSZXQxMjJzdXlQcTlLdE82Zk02X0ZaNG0wWlVEZFZjemRDZnp1dDRJa3B0R0E?oc=5,TRIPURAINFOWAY,"Sun, 02 Apr 2017 07:00:00 GMT",2026-06-14T20:35:24.744594,job_scam,True,False,candidate,https://www.tripurainfoway.com/news-details/TN/80829/CPI-M%E2%80%99s+%E2%80%98Walk+In+Interview%E2%80%99+scam+led+Manik+Dey+to+be+beaten+by+an+unemployed+youth+in+2016+at+Melarmath+Party+Office+%3A+yet+no+modification+in+Recruitment+Policy+.html
job scam Tripura,"Delhi Court Indicts Lalu Prasad, Kin in IRCTC Hotel Scam - Tripuratimes",https://news.google.com/rss/articles/CBMinwFBVV95cUxQaG1pZnVuc2pja203Q0V1WU5VMl9mYmtEalZ3S1ZBVzJFQk04Y0dfcF9COUx0bUdEN2tfOTM3YmpyXzgzLURqQ3pCQms5N2FMUGc5WDJxNHRmVUh6aFpnaXRoaXRYeXJUYkJZY0tPV2JtVjcxTHZVeGF5NGZGeFZ1R1BnQjFFMFhyUE8wYzZWczNUd3ZLV3QyZnQyb3ZoVDg?oc=5,Tripuratimes,"Mon, 13 Oct 2025 07:00:00 GMT",2026-06-14T20:35:24.744607,job_scam,True,False,candidate,https://tripuratimes.com/ttimes/delhi-court-indicts-lalu-prasad-kin-in-irctc-hotel-scam-32141.html
job scam Tripura,Bengal teachers recruitment scam: CBI makes two more arrests - Tripuratimes,https://news.google.com/rss/articles/CBMipAFBVV95cUxNX2MyeDFDOC1NdGNtaENiNktLaXh1eTJHX2pZU3NxZHI4WUlVaXozeF9kQ1lWcVJMV1VpRWYtLUFBVUZsLTBHVVc2WC1CUXREUzVDRHpBUVFPM0otQmpwMnI4T2xidXJtNkpTaFROTVdoQUlQTzNyWDNCazhOOS12Z3g5eVNOUXRvVElXYk9JanJzS25MbnZOaTFRRWU2Nm4tZnBHaw?oc=5,Tripuratimes,"Sun, 19 Feb 2023 08:00:00 GMT",2026-06-14T20:35:24.744634,job_scam,True,False,candidate,https://tripuratimes.com/ttimes/bengal-teachers-recruitment-scam-cbi-makes-two-more-arrests-6374.html/
job scam Tripura,"Tripura Rajya Upajati Ganamukti Parishad to Protest at Raj Bhavan on Jan 11, Demanding Tribal Rights - Ukhrul Times",https://news.google.com/rss/articles/CBMif0FVX3lxTE1OY2Z1NjJpcUNjNWVkRmlnTGE5UF9RVlpKQ2hKdlViaGhqdzFHSEY3NmRIMVVpSHNuTlNhZTd6LTV2OUZHaDNrZ0J4QzEyaUFReEJfR1NLM1hBaEtfT2p1a0NFdUkwLU9LWUdTeFBQcS1aRmg4eS1ZNXJvZmlxSmc?oc=5,Ukhrul Times,"Mon, 06 Jan 2025 08:00:00 GMT",2026-06-14T20:35:24.744648,job_scam,True,False,candidate,https://ukhrultimes.com/ganamukti-parishad-demands-tribal-rights-and-jobs/
job scam Tripura,Tripura Health Workers Protest Over Mass Terminations - NorthEast India24,https://news.google.com/rss/articles/CBMiiwFBVV95cUxOTl9pYk54NTdSQWJXcTNKRTdLU1lxRWxaQkxFS3hkbU1uc05MYms5MWpXeWpHU0Rya1R3alo4YW1EempHTHNCRWltY2pUYWh4N0ZBTGg4dTkzaWh0VER1aGY5LVJ2N1Q4N3hSUkJPNXJDVjVxb2Fld2RIZjNOUXJ0dGRUbEFNd0ZFTXBR?oc=5,NorthEast India24,"Mon, 23 Feb 2026 08:00:00 GMT",2026-06-14T20:35:24.744664,job_scam,True,False,candidate,https://northeastindia24.com/tripura-health-workers-protest-over-mass-terminations/
job scam Tripura,Meghalaya’s Atlanta D Shira Wins Two Gold Medals at NPC Tripura Championship 2025 - Ukhrul Times,https://news.google.com/rss/articles/CBMicEFVX3lxTFAySzNwWmE2ZldVYW9JQjRqUFZnLUc3Xy1qamFWZUFWc1RSb09NTFljWVpGbEpVQnd1WFBxWWFOQXhVNGg1WmdJSE1HQm80MW0wUWtWRF9XdTU1MHp1X01pWktpYlYzSGktREJ3LTZycXM?oc=5,Ukhrul Times,"Tue, 15 Apr 2025 07:00:00 GMT",2026-06-14T20:35:24.744678,job_scam,True,False,candidate,https://ukhrultimes.com/atlanta-shira-wins-gold-at-npc-tripura/
job scam Tripura,"MGNREGA Job Card Holders in Tripura Cross 6.91 Lakh, CM Dr Manik Saha Addresses Tripura Assembly - Northeast Today",https://news.google.com/rss/articles/CBMizAFBVV95cUxNaC1DT2MwZEctbjRaME92dUxnMHdhakp1OWhpeXdLZzNnMlJWMkdMWTJOSTU0OXpGbG1HWGxTMFF6cFFmcXBVWlNFamthdmpUQmxlcjRiNm1kSWhvRFN1ZzdfQ1B4dFZJOWg3S1Z3TllqQXJ6V2hORi1BenhCNG4yZVBmdklqeU9admszbzRabnBHbHE0b2Zac2pQVXdCcWx2Q2lhWktKdG1CS0ZTRW1vYUkzTlBUMjVIVkRkS1hUQ0o3SlFDSFJjQXVOd3U?oc=5,Northeast Today,"Tue, 25 Mar 2025 07:00:00 GMT",2026-06-14T20:35:24.744695,job_scam,True,False,candidate,https://northeasttoday.in/northeast/mgnrega-job-card-holders-in-tripura-cross-6-91-lakh-cm-dr-manik-saha-addresses-tripura-assembly/
job scam Tripura,"Tripura's Latest News, Views & IT Portal - TRIPURAINFOWAY",https://news.google.com/rss/articles/CBMi9gJBVV95cUxOd3htSGY5Y1NXR2hLbEprWm1vVkx0SDFDUllCOGFVTDB0UmdLTEVlSXlFSExFdm5HMnFQaW9LaGU0ODVzZVNVNVNSZ0RiQmtwNTk5RUt2VVhlaEhFVHZCUmtZVE4wRThzdjBmNWtzNVViNVJJVzRtMDFpeTdaMFQ1WW01VlpEeEUxUEs0ZWVhZEJ5c09NNDlSNGl0a1kyN05lUGJ5djVGLWpHN1dKUGp3ak1oOTR3UVEwa0J3Zi1UQWdROXdKY0ZlZjNKX3ZTOFpuNUtvc09rSUFVS28tek5xZHBFaVd5LVBFeFF0aXFUYjdGNVdBci0zT0NTanpaTnp1NmNqWGxUcTFrazlaa3R2MUlPSWRyOEs2dDBQc2p2Vjh1V05QNWhXYk1RMWdZSFRya01TeFd5UWRqalhva0pFU1J2am1qZU41MENianZDNF83YUtUeHJaZHo4Ul9pbWpGTnE0Um1KUU41bmRXd2tSQWcwLTJTZw?oc=5,TRIPURAINFOWAY,"Mon, 20 Aug 2018 07:00:00 GMT",2026-06-14T20:35:24.744716,job_scam,True,False,candidate,https://www.tripurainfoway.com/news-details/TN/113187/tripura-civil-service-job-aspirants-undergoing-tough-times-due-to-mad-decision-of-bjp-ipft-govt-in-job-recruitment-govta-euro-trade-s-order-of-cancelling-ongoing-recruitment-is-going-against-hc-verdict.html
job scam Tripura,"Tripura: JRBT candidates protest against delay in recruitment, demand jobs within July - The Indian Express",https://news.google.com/rss/articles/CBMixAFBVV95cUxNUmZ1UWhZcG92RlZkUGJRM0p0amZUZThLY1NRMkhPbzU1b1hUcExzeW8wOWNkNUFhb3FIY1lUalo5dGttZkpWaGZsd1p4S3dWcThua0R6Zk4xc2UzZEpjZ0JLTmU0WUpXYTVKblFhZ3Q1SDRObktwTHRCeURxamVSVUhQRnlqVGJCSXVKRlgzRGRObWs4VHNJY0l5T1ZLREhQNk5RTUl4bTlyRnFsY09vVXNPLUpYTDAxcFlNTGE2ajRvQmZx0gHLAUFVX3lxTE4yb0t2SWtrRVZhLV8wY2p6TnhqdWRHd2l6TXBja0VlMXowQ1VZV3VKLVdYekdWYTZ5SlJyV2RPNjl5d2lVeEJIV1B2TzUwNmw3R255eHFTQUlNaHVubm5tbnFfam5FSHVrZUNWQ3lVMXN5UzEyMVo1NTFmUFZtWDVCUWhXV3ZqOVRGbGNtdnlDeHB5TGtxaFp6N1JHX1RnTEprTnlrNmdRNDNLdVlJTmhvRVZGdEd2UmhBVjV3Rkk5YWhuWnFqNWQwck9B?oc=5,The Indian Express,"Sun, 16 Apr 2023 07:00:00 GMT",2026-06-14T20:35:24.744728,job_scam,True,False,candidate,https://indianexpress.com/article/north-east-india/tripura-jrbt-candidates-protest-delay-recruitment-demand-jobs-july-8559822/
job scam Tripura,"Tripura's Latest News, Views & IT Portal - TRIPURAINFOWAY",https://news.google.com/rss/articles/CBMiswNBVV95cUxOWUw0cVc2Zmlhd0NVd0JtN2RHaXVlNFJzcHFKMk5zSXJLYXJCUDZ3T08zdzJXeHZWbEdVLVZBTm1VZU9VOGZRN0xmQzdlRVF4Zll5TC01X3BQS2xBc1prSkRkMTVJZzhsLVJQdlRQSW02WGVmYW9JQTNMTUJ6UlNXc3ZxVHVJSTlJNUNRVklEZWtTekgydXUtTGUwMERnbUJ2SUdlQXVLNlVIWGRKM1hrc1lPaWZFRWlNTHE0dUs0blJsQi1qcno5WFFoaEQtb3VtMzZ0OG1IWFNmaUpQV1ZBbmg2NEowWmhYRnRlVjROdExoano0RGVHZTV3Z29qM3p2dkV0LVd6X3h1SEE1eVFRcjNPaWx2VEtYblJDcU1venREQXFab2djZl9ZNmxXZlpUMzNrbDU0VS1aY2x1YUhCN1NrWU9zSkc3XzBjMnpSYUFvUHNpTEpUc2NTdHJkSUNQVFJvNjVzZVpYNThUdlNXZk1EVEZrSzlFMl85bnozOWVQdFVHT0ZGSVo4M182bnd0MjlqQ2RYTmlNSXNlSGszSUwzd3o4b0ZkRHV1eTNJZ19LdUE?oc=5,TRIPURAINFOWAY,"Fri, 20 Apr 2018 07:00:00 GMT",2026-06-14T20:35:24.744744,job_scam,True,False,candidate,https://www.tripurainfoway.com/news-details/TN/105359/lsquo-pakoda-rsquo-jobs-fake-promises-biplab-deb-govt-sacks-all-contractual-staff-from-jica-project-rather-than-one-job-for-each-family-regularization-bjp-s-vision-document-proved-a-pre-election-bribery-to-attract-state-s-hapless-unemployed-youths.html
job scam Tripura,"Tripura's Latest News, Views & IT Portal - TRIPURAINFOWAY",https://news.google.com/rss/articles/CBMi5gJBVV95cUxNWG9iNklYWVEtOV9NeXREUFNhUXU5dzlSbTZxQ0FHLTl6R0hLMjFjSHdxVFhXV2pTaG5NdjZFWHd5clhIN2xzb3IzaTF6Rk40bzdSQnVhOElOLUFnUG1WdmlLeXhzREpSUmlPM0M5Wkh2QjhvWlN4bk9uOVMxUFR0QUVpQ2FiMDRRNHBBOV9qZjVlU2VRYkRFSEk5YURPcUNlX3VGbXJQalktbHBHWnlIMlo4aWwwcW9hZkhMcGhFaEV4WlFrYU9YcGZLNFQtaTFVOW1sNnRpZ2llaUlXcWg2Vm1NMmVBSm9kMG90cTlUckdpMUtZNzNMXzVyY3ZiYWx6a3NTM0xVZlRhbVYteVcyUkJpSW9nT0ljT2g3SFhMQXJ6bW1MNEpTVDUwVkNaTnY3YUUweG1GSkFHcEpkZTlOMEhwbWZ2YUxGWWw5M09EdG5SZFlWZGxqR2xSb1V4QnViSVFUdUlR?oc=5,TRIPURAINFOWAY,"Thu, 25 Jan 2018 08:00:00 GMT",2026-06-14T20:35:24.744756,job_scam,True,False,candidate,https://www.tripurainfoway.com/news-details/TN/100247/mgnrega-scamster-bdo-bimal-rsquo-s-brother-amal-chakraborty-begins-door-to-door-campaigning-at-banamalipur-who-said-lsquo-if-10323-was-a-mistake-we-will-repeat-such-mistakes-again-and-again.html
job scam Tripura,Tripura generates 31 mandays per job card holder under MGNREGA till Sept 29 - India Today NE,https://news.google.com/rss/articles/CBMi0gFBVV95cUxONFROOERDLTJjZzFpdUFhcmNyS2ZMQk5KUTN6T0ZBc3VnNjN3bmowWXZPQXZqNkcwdXliSWZfUUVnc25yOGJNbnRWVlYtZ2hlNEpQSVRvUElWdEVxNGFhakJoN2daQWIzeksxOFpzQ2FyUUNzVmozWUJvb1M1bE9RSV84QnRXalpLM2otS0NYVzdNOUxsV1ZscWNqWGJFc1llcElYT1FuMUg5YXhzQV9JamctRFBIVlVhUTE0YU5VYTJpT0tPRnNLUXlrdV9QemNOWUHSAdcBQVVfeXFMTmNFZldhOU9zRFRRNUFxaERySGFZV3VlNnZyZUJublEwSVEwSV9aTm1rNkl0MG9VOEw5LWZMeHdSaW9rSXk2MTdBUjZqUmpPTDlFNXVxQzBtZHRibkZscllsYTBVLXVtTVNxSFRqNnFqbFVfbFRmVGhxeXZBay1tQVlqZndhT084Y01LZHhjdTFNZFJjbkxrTHBJX0g5dUVDQ08xdGdmYThRMFJ0bXBWREdFdnR6bTVxZG11V280SG9CVVFYOVB5aW5aM2tWTll4eVB3UHR0QU0?oc=5,India Today NE,"Tue, 30 Sep 2025 07:00:00 GMT",2026-06-14T20:35:24.744769,job_scam,True,False,candidate,https://www.indiatodayne.in/tripura/story/tripura-generates-31-mandays-per-job-card-holder-under-mgnrega-till-sept-29-1284676-2025-09-30
job scam Tripura,"Tripura: BSF foils 1,018 illegal border crossings, 503 surveillance cameras installed along border, says IG BSF - India Today NE",https://news.google.com/rss/articles/CBMilwJBVV95cUxQRUFPR0RoWFIwS2tTZ19HRjByWTRtX25QUzIxeDdYdEZKdUN1UzY3OTU1dG5RM0F0SVRkcEtMSFdUOHBYX1podHZ6NWVGOFVpWHk1cHlzYVIyOTFmUzlwemJHUVNEeUpJYUw4NV81MjdBamFTMFN3ZGZjZzcxVHlrODFXS3lkZk53M3F0TVlHNlFvRThqY3VpdXYyOUZFbU5hdHRfLUJrRDlSMUtmamh0UElNb2YtR0lmMDRZMVNEa2hLLThtVGtZM1NZcG43bENiYW9fUU43bFJNMnAxN25GY3p2UjBpSFlQNGFIYzc1cDRDWW13Xy13cGliNFo0M2xscDQwSFpLU25NcXc3bzUzTTZyNkR1Sk3SAZwCQVVfeXFMTzJwRDNGV2E4VTVRb3l6TTdneW1QNllHTlhLazJVRnNFTG41V0JUclp4QjE3VkJCZEZrNDBURXhEN2l6eU5uaEJqOTJKbzUxZGNiRE5aSDJfMzA4Ny1BQzhBOWVjRDhQaDFtUTVOMjZZaFRBMmJiVTZaX18xQWZPdUNrY2hWb2FUMVZaMWxvYlQxczd6bjE1ejFocW1ha3A4aVdUd3FIYzNEVlcyeEZYaDFGcVFaMFFkRmEtbks1bmMxVDVUOVZQZGw0Qmw3V2NfYXpzb2d4WlZGOERSQ2E3cjlfQWpKUjd5cDN6VG8zN2JpZ1dmSUU0bUNpTzJQMWpiZGsyRzVfWi1qX0duUGNwVkxFR0pqWHJWNFd4V2Y?oc=5,India Today NE,"Mon, 22 Apr 2024 07:00:00 GMT",2026-06-14T20:35:24.744795,job_scam,True,False,candidate,https://www.indiatodayne.in/elections/lok-sabha-election/story/tripura-bsf-foils-1018-illegal-border-crossings-503-surveillance-cameras-installed-along-border-says-ig-bsf-986370-2024-04-22
job scam Tripura,Calcutta HC seeks property details of CBI officers probing teacher recruitment scam - Tripuratimes,https://news.google.com/rss/articles/CBMiwwFBVV95cUxPZFZJd2VfcU11dUNzY08wd3ZUSG1YdEdDQTFFc0l4Q3lqeWNVWC1ITl9uTXVhWkdCYWdKeTBsc3dZblFzbG52U0p2ZTdjczk5OGw1Z01aVnRrYW9vTFJDSjRVbFVCVnJfZjV0LTRHa2I4T1VCVXVDS043eEwyaDc2ZTdvMmZxRHUxby1pUEdrSmtnTFFPbHhKdC1aVlR0MDlWSzJzckVjNm5fakMzdGNjRW5wYWFFVDM4YnNReVduWVZkTkU?oc=5,Tripuratimes,"Thu, 02 Feb 2023 08:00:00 GMT",2026-06-14T20:35:24.744813,job_scam,True,False,candidate,https://tripuratimes.com/ttimes/calcutta-hc-seeks-property-details-of-cbi-officers-probing-teacher-recruitment-scam-6099.html
job scam Tripura,Tripura aims top spot in fish production; recruits 52 new Fishery Officers in Agartala - ANI News,https://news.google.com/rss/articles/CBMi4wFBVV95cUxPNG1TM3ZvSVhaTV91WjRfWTRCeTN1SnBrTS1iUWhnMkVZdEtHOTJpSnJLT0NiR0hqeEFTWGN4WDJFaFhieERQSmhhSHBFUGRCclRWak5uQ2lzazBTc3MwQ2hERTE4SG1LVV9MYUN3WW5JaXA3b2Z4TnRUVk1PNUlZOG5ZeHE2NDYzU3FkNUtUUE9fdmFYSnhLVHR6aXpEaHFMN1ltSzFKZ2Mwcmg3azd5RE9MVHlRUFpfSm9BR2hNSXpCR2cxNkxTUHFwWmtZTjBCUUJib3lKR2hIUmlHeFlnR2t1bw?oc=5,ANI News,"Tue, 24 Feb 2026 08:00:00 GMT",2026-06-14T20:35:24.744826,job_scam,True,False,candidate,https://www.aninews.in/news/national/general-news/tripura-aims-top-spot-in-fish-production-recruits-52-new-fishery-officers-in-agartala20260224233832/
job scam Tripura,"Tripura: Hollywood Chakma from 59-Pecharthal (ST) Assembly constituency: Early life, controversy & political career - India Today NE",https://news.google.com/rss/articles/CBMiqgJBVV95cUxOLUtaUnphaWZQYjd6YUZDRnhPTFE0LTZNaTFuenJKMGhDTDhJbkh2QXg0N2ptRDF1TTVjT2pEUnJXbGhWYlNEZE10OF9QQ3NlZjFoMmxMdW9zRkFicVhaaFpxZVJTOVRmUEVTc0ZyLWlOSFoxQXY5T0wyVm15MGcxSVdZQXZyaUZFdmExQ2tlT3JiZDhILXU2UG1xOE9CWEM2WkxxQno5YVpkSXNrTFJ6aXJuZlFOVm43aW9pNmdsaEktM2dlX2E0Z3BrOTZ4WTR2QXNmTGs1cmVZRHlVcW1RTXNjU3dDWWpWcEJmUjZpazF5RUY4azFZNW1hSmNrRDV5M0N0YjcyQzFUUy1IYV92T092VXVSamxDbWtRcm90akVxN0pjcGFsWWNR0gGvAkFVX3lxTE5pUmd4MHR0YXVZdExhN2gyUjF1TGg3aFNzMkwzT2hOSHB0WjBMUUxka2dOdlEtWVloSFFYLUVaR0pjbm94X0lRN1U3ekJENjVnWW1OY19qZ0dFOUhuTTQ1U2lEcmdBTkFDMEtjN1RJRDFqNDlBRlJ6ZDlzR2c4MzEzaVNQYTgyRmhhNUloX0dSWmhfeFh1a3hucndQOXNIOVlHZUh5QUhKWmhzc25NRWxmdjJQS3BJM3hZOWdQcGNQRzZRUzBxVTlFd05sSElFRVFTUGd6MWZnQ1oySmxaV19zTGFEeGhhcTNIMFZtcDJsRDBmQl9nWUZMRWl0Q0RjVm0yYVJ1aUliN3V4TTRxSHI3UmlpcjB1NEtoS1duQTBXbzFKM3dwZ2dDaWJZRTh6UQ?oc=5,India Today NE,"Sat, 04 Feb 2023 08:00:00 GMT",2026-06-14T20:35:24.744865,job_scam,True,False,candidate,https://www.indiatodayne.in/elections/tripura-assembly-elections-2023/story/tripura-hollywood-chakma-from-59-pecharthal-st-assembly-constituency-early-life-controversy-political-career-507577-2023-02-04
job scam Tripura,"Tripura's Latest News, Views & IT Portal - TRIPURAINFOWAY",https://news.google.com/rss/articles/CBMi7wFBVV95cUxNVWIwSjhpeUJ4TjU1OXBudGRra056dVBoQnB1Nm9pNHAyV29la1BmN01Kd1dYX1JqbnNONkVuVWFKR3drcEVHbjJ5QlBtVGl5di1JQjVhVW5uVXRrNWZid250RG9hZFFHZEhDR3hMbHU1OUFtNTNCekZJWDBDV2JicEpfZ1V6THBEZDBPU3RuMC1BdC1CekFHZ3dFN1d4VzY5T19mY0R5bm82ZXlDeEJtQWJsb1FTbG9wbTRTTXdKN1J6SGFQRV9KZHotcEM0dm8xWGNMbm1EY0w5RWFuTXdKQlVNTFhqVnhadnFvdHlFdw?oc=5,TRIPURAINFOWAY,"Sun, 07 Dec 2014 08:00:00 GMT",2026-06-14T20:35:24.744879,job_scam,True,False,candidate,https://www.tripurainfoway.com/news-details/TN/15474/agmc-multi-crore-research-project-scam-internal-audit-ordered-to-look-into-the-alleged-irregularities.html
job scam Tripura,14 marks to become a Doctor? Tripura recruitment sparks outrage - EastMojo,https://news.google.com/rss/articles/CBMipgFBVV95cUxQX2Z1eHBqSTJsTWtGVFFZR21aLW5KRmRaVGhpYmZOZGJvdUNaeF8tdHRQZGpBbnBOcUx3eTlLRS1aXzJ2SnZtcUFWLWs2a3RKVkh0M0lFMzBYdHZfX0U3SUUxZ25HS2g0TURFV083bFlrVXlXUmdUTEFQZ1lnRGFJaXBoSkhXdnVTdlhaLVY4UHZKaDZQYWcxOXlOc2t0X1FmMTNmSWRR?oc=5,EastMojo,"Thu, 14 Aug 2025 07:00:00 GMT",2026-06-14T20:35:24.744892,job_scam,True,False,candidate,https://eastmojo.com/tripura/2025/08/14/14-marks-to-become-a-doctor-tripura-recruitment-sparks-outrage/
job scam Tripura,Tripura CM distributes appointment letters to new food inspectors - India Today NE,https://news.google.com/rss/articles/CBMixAFBVV95cUxNNHI4RFRyZ2ExRzZkQVdwMU1JakV3bDlxc1VBcEN4NXc3MGdiN2RkMnIwd3hvcFVpU084VmxTNC00SEU2MTNoZ3RJMlBTS28wdnFQNkdjUkxfVVh6cUZYUTlWcnNaQ3pIRXY1cG95eGVXTEt0TUZKZnVUQ2g3em5wb3BpM0V0aGNrWkxxU25kRUQydnRhTVZ5Q0ZiRUtEam8wS0lyUktoUkdlR2U1M0hXdWRXdXNHQkNQQXZzdW1CUGowVWow0gHKAUFVX3lxTE9sbkVDQU52ZHpuQ3c4VUlmUXpEdjJKdlY5UV9RUERxdnJTYnN2TjFQMlVFellKSTJyeFM2X2xmdXpKLU9qT0kyRG52QW51MVVINzI0Ui01OUFrODN2SUxzNXNZbGtvTVZsV0Nyd1VKY2lWU2hMdDh1TGlEZDl1dE9pSFAwc3ZfMHNZV0R1T3RSTzVMOVZWQTYzOXpyQmdyQWc2UElKVVVJWEZENkxPT1JkSFRvRzNReGhMb1JjWnBpNUJLeTNWMlpwa2c?oc=5,India Today NE,"Wed, 21 May 2025 07:00:00 GMT",2026-06-14T20:35:24.744903,job_scam,True,False,candidate,https://www.indiatodayne.in/tripura/story/tripura-cm-distributes-appointment-letters-to-new-food-inspectors-1216948-2025-05-21
job scam Tripura,"Tripura's Latest News, Views & IT Portal - TRIPURAINFOWAY",https://news.google.com/rss/articles/CBMirwJBVV95cUxNSDU3S0FVb1ZNQ3lwc1N3aTZ4WElIZUlMNGRuQkFtdlMxd1pqX0Q5MzZocnlQejRnVDBnWEVyMC1UR1NJdHQ4WmJkcE9VcnAzV19Sb2dZdW0tcC1PTHo1TkNJNGp1R19naE5jdW9Ea2dwNTdab25LaWZmZThHSVZBYXZYZFRuMHFHMVF4bmRucFQxT0NNWGxSelpNMmNqb3dORkFjUzFSVWM5YnpiNEJfSHNBNFQxVnMzdE1sa29vOWQ2QzJpTHV6ZnpETGxCMmZadGJraElwYTVZR1pVNUVLMjhMVmJZdFJkYjZXaW9Tc0d2bHRzUTJGU2o1R0p0eF8xeE5EN3dCQlhpWXJuWjBjbXNoTURrYU9CSlhhNUxGQ0hRREtrTjFaeUNJWUVYeWc?oc=5,TRIPURAINFOWAY,"Sun, 07 Dec 2014 08:00:00 GMT",2026-06-14T20:35:24.744916,job_scam,True,False,candidate,https://www.tripurainfoway.com/news-details/TN/15877/tripura-infoway-news-on-mgnrega-employees-held-up-now-officially-proved-with-bdo-mentioning-rd-minister-s-telephonic-instruction-in-his-official-memo.html
job scam Tripura,"Tripura's '10,323' teachers: Clouded by uncertainty - EastMojo",https://news.google.com/rss/articles/CBMijAFBVV95cUxNbDBMWFVoVU1hMVRLUXVzMXJxU1UyTjEwVTA1RmpXY3ZQMTRDTFA5emdScVFKRmhic2tEMnNXT3UxdG9UalJIZzRhejVOUFp1aUNQYjRRN3RIVERKcUpBV2JtQ28xenhvNjY5LWIxd3ZZVE1kY1c1RVFXUlc1NExtSjhMZGhKS2dwY2Zveg?oc=5,EastMojo,"Sat, 26 Sep 2020 07:00:00 GMT",2026-06-14T20:35:24.744929,job_scam,True,False,candidate,https://eastmojo.com/news/2020/09/26/tripuras-10323-teachers-clouded-by-uncertainty/
job scam Tripura,"Directorate of Higher Education Tripura Recruitment 2021 - 40 Assistant Professor Vacancy, Job Openings - The Sentinel - of this Land, for its People",https://news.google.com/rss/articles/CBMi_AFBVV95cUxPUXdHMVQ2RHgyOVBYcHZ6MFhKOU5XUUZ3TVdQaVp6M2F6V0Q0dWtfQUV1Tmg0bnNmaFpfUWJwZzJsN0FzS2FRbEVwNEp5clg0M0gwXzNuam1VaDMxdGRWdk8tUGtTczF2RHVlb0VRQ3ZYOWxJLTlLYkJ2Y1QwdENQRTBlX2Z1SnJVa3FhZWNMVG1DVGNTMlVuc09FRlZ2NTNrZUpVSnQxTzN3OVU0cWRZREtKcXNlR3FpckhFSjNWMmk5ZmdFZ1VsRHpCUWJ4VVBpWVlReFlnWHdDMy1RdGMzME4zVTJfM0NKaS14cGNHa3BvSGZrV2xSYnBvVUo?oc=5,"The Sentinel - of this Land, for its People","Wed, 10 Feb 2021 08:00:00 GMT",2026-06-14T20:35:24.744940,job_scam,True,False,candidate,https://www.sentinelassam.com/jobs/jobs-in-rest-of-ne/directorate-of-higher-education-tripura-recruiting-40-assistant-professor-vacancy-job-opening-notifications-524201
fake job offer Tripura,Tripura native held with 17 counterfeit Rs 500 notes in Vijayawada - The Times of India,https://news.google.com/rss/articles/CBMi3AFBVV95cUxNeUtMLWVlNFljdnFuZWlFRVFvVml6UzdkaG12NnJFb2ZNSkUxRkdmTkRqWHFLN014R3RBSzI5LVlaSjlqdFByV0U4MDVBLXRZT1pEaE43RzE1Z185U3VDWkRDYlhJNXV2Rkh3MzVhNVJxbDF6SGNfS2lISXFUUXdJdnBJNHlOazBMYnZTNHRfMEpFTk1ud2c4R3dybU9sSnZIQkxiZnZNTE42WGdBVkc2LXVsQzFWNzVmUW1qdHFFUl9ZQlRpNFBvN0lNSWd0T1BkU2dDaHg2ZERqMXlw0gHiAUFVX3lxTE9HN0RfOTJEZE8yaDlQanZSM2daamtxMVlPNnE2Mm91ZXB0UG5lWnF1cmJJcXdrM2ZINzJoVV9QcHZKeFYyVXhyNDUzVllYdGpNTmFINGVYZFV0a2pwSWdJeVVqNmI0XzFheXoxdS1ROG1vUUl6TlNvOUhCclpKdHdkUDdYZWNlR2R3emU0OXpybXQ3QzJ6d0h2S0tYTXVxc2djTGl0VlFzUGVUWlM1b0JfTG1tMk5HbkRnRjF2aVZoYzdlM01wUVJVY1NIcnZ2ZkpXdmJTWUdENnJEM1loWVZIZXc?oc=5,The Times of India,"Wed, 10 Jun 2026 18:30:00 GMT",2026-06-14T20:35:26.759905,job_scam,True,False,candidate,https://timesofindia.indiatimes.com/city/vijayawada/tripura-native-held-with-17-counterfeit-rs-500-notes-in-vijayawada/articleshow/131640776.cms
fake job offer Tripura,"Cops uncover fake currency racket in Tripura, 1 held - The Times of India",https://news.google.com/rss/articles/CBMixgFBVV95cUxOM3hIcktvZ1hfZG1QOEpyREY5RTlheGZ5V1pzZm9wRG5JZzljOHI0MVdXNGthbFhKVUU1SE5Ib0VGOW0ybG5YSTBxcHRaQ2NIT2VCLWNhUHQya1NkWXZhajdrZ0NJQlV5bThsVEsxU1gzRkJ5VmFTay1xbGpfM2p0Qm90MWFZeWx1QTNMd2p4bmdHOHN3MDhLWEhIandfcFBwN3lZX3RiMFc2cFN3Uy16SHVkM0M3d1NPWUFQYVFwRExieVBmd0HSAcsBQVVfeXFMUDBiYmZYZGUwRW9XV3ZiT1hYX2xvelR3Y1ZlNVM0MWtNQWVuMHdaN1llUEduMW1FNTVCYmtIeE80cThPcFhJU1NsQVRRT1lQM1k1bmRYdWxTSThDR05oRXljUm9vMTlUU1hFYWFzU0hpWmc3VzBLTFNFaHUyNExKdVQ1T29icDY0LTZQQkxTTTZEdmUtdUtaRTVKQUh2alRpSFEydDJ4Q2xBS1ZycFNPaWtnaEs0T3FsTzc0UHVOV0RfN0d2Tm1CSDFyN2c?oc=5,The Times of India,"Wed, 27 May 2026 07:00:00 GMT",2026-06-14T20:35:26.759929,job_scam,True,False,candidate,https://timesofindia.indiatimes.com/city/guwahati/cops-uncover-fake-currency-racket-in-tripura-1-held/articleshow/131357558.cms
fake job offer Tripura,"Fake currency notes worth Rs 21,000 seized in Tripura, one arrested - India Today NE",https://news.google.com/rss/articles/CBMixAFBVV95cUxNZElTbHdyeXBVRS01bzhpMjRLNGRuRGxkUUJSbHUtY245VVE4Z2dQbGpvOTJWZkpFbWdDN0I0VlhUNFpyNnYwYTdicHdpQVRRYXZsYmNiR043QjAtb290MFlXRHFzZ1FXVEp2aUhDV0VFcDdiNW41cWN4QUgzRlNWX3B2V2dLNlFWNk1CUTlpUktEdjNSUU9XUm1DbXU0UmtYeWNjSk1pbDZYdlgtOGd0eXZJY29pbklCTjE1Nko3ejNrdUlo0gHKAUFVX3lxTFB5Q1JYcVhiSHAxNV9WMUlYQzFxektwQ1ljQzFmdVBLQ2IyTlVWSzJGT2tHTElxQVRYb2tXanVhcU9BYWRBT0E4RGg2X2ZsU1ZPWnpfVTE0Y01hU0dEZlFLMmQ3QzNRcVo4WkN1Z1dkdGF5UldfS3FYZzJYR25wRlhMRXhEUWMySHZkM3lDU3JPTFIzUU5YcDM2TkhSemt1ZUtWemVQNzJDdWwzOEpCM05EQjBhTEYxU0c2Xy1uWlFacm1hZ2xyaHZEQ1E?oc=5,India Today NE,"Wed, 27 May 2026 07:00:00 GMT",2026-06-14T20:35:26.759962,job_scam,True,False,candidate,https://www.indiatodayne.in/tripura/story/fake-currency-notes-worth-rs-21000-seized-in-tripura-one-arrested-1398483-2026-05-27
fake job offer Tripura,TSECL warns against 'Fake Job Offers' circulating on social media - Tripuratimes,https://news.google.com/rss/articles/CBMiqwFBVV95cUxNUE5iSVlIVTRHanNwckV2WjlpaHR6S1Z0V296T09lWmxmVHpaNXNVUFJWaWRscVd4aFJpcG4zVVN5RGZJbGFEZElJdXNjTXRMMDFrbTN6VWJEMTNaSlhuaUVJMXlqUG1YSVczUDJfSWEzQm1iYUhPSmRYREEtcjR4WllyWE5iT3dsWi02UWN5WDdxYVJ0UzR1WERkUHJkSWlHeVF2eVl1RzhPSzQ?oc=5,Tripuratimes,"Mon, 24 Nov 2025 08:00:00 GMT",2026-06-14T20:35:26.759986,job_scam,True,False,candidate,https://tripuratimes.com/ttimes/tsecl-warns-against-fake-job-offers-circulating-on-social-media-33209.html/
fake job offer Tripura,The VB-G RAM G Act 2025 Fixes Structural Gaps : Union Minister for Agriculture and Farmers’ Welfare & Rural Development Shivraj Singh Chouhan. - TRIPURA STAR NEWS,https://news.google.com/rss/articles/CBMi_gFBVV95cUxQVkE3Wm9RVUxaYUZ5cG1iemxmcDZSVkExVm1QNHF1ekRVN2dHRl8tM3paMHNmaE8xRk9ZNjdfVEhtVjJaR3NJWWVnNGItVlZuaFFTQUZhX0dmdkNfR0NGdWtQa0ZOanh6cTFUcnFvNUZPYm5LWHU4QWV1ajhob3pkYUZsVGp1RnNJYTZQSmFDNXVqako2RDRadURYNGZnUGRnOEYwM2dDNEJFOFdOdU40VWtqWERiRlMtT1FZZjhsdjhNQ3RzdE1fUWFsaVBDTndyQ2VnV1dEMVdpM1RBb3RUMG9idDJQaGJoTENscVh3TzR0Y1VFX1pQNDBqaVJ5UQ?oc=5,TRIPURA STAR NEWS,"Thu, 25 Dec 2025 08:00:00 GMT",2026-06-14T20:35:26.759998,job_scam,True,False,candidate,https://www.tripurastarnews.com/the-vb-g-ram-g-act-2025-fixes-structural-gaps-union-minister-for-agriculture-and-farmers-welfare-rural-development-shivraj-singh-chouhan/
fake job offer Tripura,"Tripura nears 100 per cent Aadhaar e-KYC for ration cards, 62,000 fake cards cancelled - India Today NE",https://news.google.com/rss/articles/CBMi3gFBVV95cUxNOWQ1QUtDUURSVG16RWZEQjlvRWhLZHhMTUg1SXI5cjl3SFJVbE53czJZOFhjaXYzQjNRM1V3Y1BSNV94Xy1ES1Q3NUJQSWtBU1Zia2F2SE9IZGRMU19fb2RyRmpBWmZWYnNOUk40YWJEWEdjSUFmUV9JbE1FTjMwWEpsa0o1Zl9WUnp6cy03MGhiWm9KblprbDhFYVlqXzFCRXJiMlRTRVRnaHZacVV6UWpkMkZMUWpOVTI2end3UGgxV1NWbVRYRXlSZVNhOTBZSDZ5WWpMSU54QVB3VlHSAeMBQVVfeXFMUDJsT2w2OE40My1QT3RYVjJpdzF2ZkhwT0xzdXpuWjFQdWJobVQxV0dLdVlhbnRHMDdMR3N5RTc2SFlCSGlOM1BmZmlwQlNFelN6VXlCdTU4aml2T0xCM1g0ZFh4LXpGY1NwOXEwU3QxUUxmbVl3NzRLekJ0UWk5VzBoNmM0MFBWby1vb2FmVGlBMy0wWWN6N1Q0MUZMQmtTZEwzU1NwSjEyeTNFcG5lMHVsMmZOdHdvaGJ0TERyc3pZV1JIaVIxWE5RZzFFc3lILWU1MHlwZVlnVlJkd1dsUG1yUVE?oc=5,India Today NE,"Wed, 18 Mar 2026 07:00:00 GMT",2026-06-14T20:35:26.760031,job_scam,True,False,candidate,https://www.indiatodayne.in/tripura/story/tripura-nears-100-per-cent-aadhaar-e-kyc-for-ration-cards-62000-fake-cards-cancelled-1361790-2026-03-18
fake job offer Tripura,"Fake IRS officer, who tried meeting Tripura CM, faked heart attack during arrest: Police | Hindustan Times - Hindustan Times",https://news.google.com/rss/articles/CBMi5AFBVV95cUxPa1NOUEFOZENvRkxuQ0h5NGpsVjB0c0RlQUlNd0VsX0NtU1JsTV9YZ2p1aWI5amRsUlVORDZHMnUzY1JIWkxLbjZwdGZzUDVWWmpEMVJiNDN3OU1lNjRLRTFBQ2NGVFBwQWVzRHdjbjdCZ1pOTzB1SEswdkNZY2dVWGpaTHBUQ1MtNEhYdWdFNmo5V0oyUHo1dks2YUNzMjJrVEJsYW5RcS1PVmJXOVNYYzM1Zm4xQm1Qb0dQM1pxX2RCc3FZYWJLeHBySTl0eGFJd1FNQTZua3VSSktnRGFNNlhmS1jSAeoBQVVfeXFMT05JbmEySXpCekVWckJDVkNQbjN0bTRmV0JzeE02WGw4TlFiT0U3bk5xc3Q2QmF4Y19KV19zSkFDWTRtb1ZrVVUxR3lpaEtSN3VjT2J2YlBlbFBxaHpjYWd4THlYbzNwQmt4aEJZZVBwNHpTcnI2ODJ0Nzlfem5MRHNGc3RCT0R5MzJhdXQ1VmhSMjZYWnR5bm9fdjVENFVUZzNaTTdGVG53U3NnODdNc0lJY1plSzlxSFctMWt0QkZpaTBReWlpYUxjVzZUTGFwM21Fb3VFdXdHQm1vWFd0OWVFcHhqS0Q5VkZB?oc=5,Hindustan Times,"Mon, 03 Nov 2025 08:00:00 GMT",2026-06-14T20:35:26.760041,job_scam,True,False,candidate,https://www.hindustantimes.com/cities/lucknow-news/fake-irs-officer-who-tried-meeting-tripura-cm-faked-heart-attack-during-arrest-101762186093263.html
fake job offer Tripura,“outsiders are taking our jobs by making fake prtc” job aspirants stage protest demanding cms intervention - Tripuratimes,https://news.google.com/rss/articles/CBMi-gFBVV95cUxOOGR2U1ZsdEJ1Sm5PY0pwa0dvdWN5T1dkb3JLT0lNS1d4VmJBM0dVTGNXcjk3cS1ONkhRSi1rb1ZHT1doQWZ4alBFdThUWU5NY2V4cFNwM2VTTzZzcGYzSE1YNHpfZDk0RG1leF9VaVRWdXg5M1Y5ZWNfOWhkcG5NM2s0bWJhZk5PSERzUUlQX2JGZ2ZsbGNUR2xMcjdwWi1ZWFZNUHlNdE5teVhqMzlpMkp0eG9kYkFjdmw5RDB1NnpRdmZ5UXh3d1lXbE5yU1ZuMjZHYkN2QnFqUTBSbVFCM0Q2UlFZM1BzSVQwUUlvYXN0STR2S3JsTTRn?oc=5,Tripuratimes,"Fri, 02 Aug 2024 07:00:00 GMT",2026-06-14T20:35:26.760100,job_scam,True,False,candidate,https://tripuratimes.com/ttimes/%E2%80%9Coutsiders-are-taking-our-jobs-by-making-fake-prtc%E2%80%9D-job-aspirants-stage-protest-demanding-cms-intervention-17725.html/
fake job offer Tripura,Fake transformers used for ganja trafficking not linked to TSECL - Tripuratimes,https://news.google.com/rss/articles/CBMiqwFBVV95cUxPX0g5NEZXWThZNExQVDJDT3JYWUlKdkszVnY3cG5fOENFdGZnbVZhdTRTSFRwbjRKRExUYi1LX0dXT1RRNDRMZ2UwcWw3TzliQkFIcFZNR3p5V3g4bnFQcEE5TklDSWQtUG16dXJyM1E0MlA5anhmZXlFbUl2OXRMOTEtUzRYXzNzZzFTb1NyV284a0RaZkJOMmNnSjFFeU40UXZoUDhEaTc2blE?oc=5,Tripuratimes,"Fri, 16 May 2025 07:00:00 GMT",2026-06-14T20:35:26.760165,job_scam,True,False,candidate,https://tripuratimes.com/ttimes/fake-transformers-used-for-ganja-trafficking-not-linked-to-tsecl-27485.html
fake job offer Tripura,Tripura minister accused of giving false info in affidavit - The Times of India,https://news.google.com/rss/articles/CBMizwFBVV95cUxQNkRJRGc4SGlOR2hsV3M5VUFWWlNkOW55Q2NLRXFobS1fcUEwUEt6MTBuQVh5N251N0tyYzhiQUw5VE9FazNTVEhkckZjc3BOLXpJYTQ0cUlwY3l0OXI1SmRRY0h4bmNxU0hsSkRsMGVhcHpTTlpJek1JcHpwUXY5NGFBbTFEaG5xaWJhZUQtN1NCNEo0cGFKVkpZaThqX1JPTmJZcmUyVEdhQ3RkSlViM2hjelBFaTdHdk1KSDhidkpYQnljUHkyY19sRVZoVWvSAdQBQVVfeXFMTUppbXZfam9mYnRhNlNYT3BfREM5SmZlU3RVYVNzVU44ajFYWDZNSHZvS0ZxOUJTelBMNnY3WUhoRTFqWVQ5X3FxNWFxUFZCaGpULV9YcHg0QXFQWnNqVFQ0X1FsMVZ1QUFxUGhIdTNmRjA0NnBhZGVCWmwzQjZOVkhyNDk0c2N1dU1Cb09OTHY0YllWTzh5cldDZThOTlMwY1RCclk4RDJqUHRmQWhmYU5aOWh4NGtHakZiM3RkZ012UlAzMlB3YWxleDNFM3ZOVzZWTGM?oc=5,The Times of India,"Sat, 27 May 2023 07:00:00 GMT",2026-06-14T20:35:26.760176,job_scam,True,False,candidate,https://timesofindia.indiatimes.com/city/agartala/tripura-minister-accused-of-giving-false-info-in-affidavit/articleshow/100541820.cms
fake job offer Tripura,"Tripura's Latest News, Views & IT Portal - TRIPURAINFOWAY",https://news.google.com/rss/articles/CBMiuAJBVV95cUxObVNzc2VJb2tTYnphT2hjbkRyWEVKZFlGQ3A2ckZ6cHhiTG85WEdnWVBOVTJHSUR0NTZqamdPWDlBVFRES21aX05PTGQ2eGQzaWRwT3BMeWxCLWlvdUNZdGFCWTRpLUlncUJLMm9OR3k3WVVvTmN3RDFQMFVCMHo3czBhN01QdlNyN3FaMFdmRjd5aGFqektDd2tELWk5Yl8xRFlEV2JrLU51dFNVbURCM3FaN0diWUJ0TFpkMzZ0aU1TUms1Z0ZWdGo3VFRhdWhCSEhVX0pfc0tMeGJDRGZQc0hjLUVLR0pkWWlyRHFNbmlIdElZajl2RlUzSG1iTGhXRFc5bHdUWDVjRUNreDEyaFhhS1NEYWFvQ0F3VThmaFg4WTRMWFhYWk41Sk53XzJFMXk5YmdadFk?oc=5,TRIPURAINFOWAY,"Thu, 25 Jun 2015 09:11:07 GMT",2026-06-14T20:35:26.760226,job_scam,True,False,candidate,https://www.tripurainfoway.com/news-details/TN/30632/nrhm-multi-crore-scam-at-unakoti-accused-cmo-dr-alok-dewan-and-mo-transferred-an-eyewash-to-the-scam-birajit-sinha-seeks-immediate-arrest-of-17-cmos-and-mos.html
fake job offer Tripura,"Tripura's Latest News, Views & IT Portal - TRIPURAINFOWAY",https://news.google.com/rss/articles/CBMi4gJBVV95cUxOaW13QnVDeFdWRWZOMFkzbUxtcFFFd1BZeGsxdF9jd0RlLTJVdzNGSWN3WExmaDNCbFphb2JQdnVtczIxZ2FFY2kzU05WS1piSUdXVDM1Q043a0sybVBGQzdmUFpCcHpOd1IwZVJzRFJqZ1AtUWlObkxvTThyVGYtUUhQUGkzYnZXN3RMc0FURV80MjZYZ0g4WVpFZk5aOVpiXzhmUS02MC1rY04xY3czbEVlb0pPOV9QZ1N3ak5iYUtCVUNJUlBlMlRkZXdma3NMWFJGWVpldEdSZ1JLcDBqVE5VaGMxMlVvRVhYc2NvTEZIOHk5WWFvVTJ1SU0tV0lVWFlEekplRkV2aFZqVXVxNGVqRmxTdV9qYS16T2N3aW9oTS1TVlprNWZEenpCNk4zdW9CcUowcFpteFJtYVZOY2JSUktfbWJKbDdyd1dHajNHUGZMaF9MRGVlaS1UNGNvWGc?oc=5,TRIPURAINFOWAY,"Tue, 15 Sep 2015 07:00:00 GMT",2026-06-14T20:35:26.760236,job_scam,True,False,candidate,https://www.tripurainfoway.com/news-details/TN/37321/fake-passport-circulation-spreads-across-tripura-forgery-rampant-in-bishalgarh-lsquo-investigation-in-progress-no-solid-proof-against-accused-yet-rsquo-says-sp-bishalgarh-dm-talks-to-tiwn.html
fake job offer Tripura,LJP’s Tripura unit chief arrested for forgery - EastMojo,https://news.google.com/rss/articles/CBMiigFBVV95cUxPRzZTbEMyLXl1OFBwZDl6anZLNmFTenVCQkxFM2xJbHRzeEhwVjVrS3lEd2xETVpHRkRoaDZ3UmhUODBFNHBRRlZxTDJBRHgza01UUmg0VFhUUHV0c1ZrQXVnSVBrSDBvRDJhRVpSdTA2OWZVdGRpRFNjSnkyUERVN3E0WEVmWVM2R2c?oc=5,EastMojo,"Thu, 04 Mar 2021 08:00:00 GMT",2026-06-14T20:35:26.760246,job_scam,True,False,candidate,https://eastmojo.com/news/2021/03/04/ljps-tripura-unit-chief-arrested-for-forgery/
fake job offer Tripura,"Case against 16 teachers for submitting fake certificates in Tripura - The Sentinel - of this Land, for its People",https://news.google.com/rss/articles/CBMizgFBVV95cUxNMGE1MkE5ZVpXVTZXckYtc0M3Yjd2UFhXRGpVdmMyOC1IVWdJZTFzRDdwTmotNVRYQjFackQzUTFIQmNHNUNqS3dmYnBONzlDSU1EWG14cnhFbWhhUEdxbFg5TGtBNUdlaUEyS21ORXdYbkRLTkdxSlJrelZFcEhacC1BMlNyN0hpQVhjc1h0dG82WXJKeEpSdWxYbUhudUNieU96Z1VLbllKRlFqWjh5WHcyeVJwRE5MZEJFdThNR3JLcS1yZGNHRUhTZlNjUdIB2wFBVV95cUxPS3ZidU5LM1ZmYzQwUUM0eDhvQTVlQWV1U3hfYWJHUFQ3SEQ2dFpYLWRaQlVSQmZ4MGdmX0lKdm5JeWxMNVd4NVF5U1NyNDlTOUhjODF4c0JWNkhGRVBZLTdIdUc3SGNRYXVDcjRuNlUyOGRfRzNoV1REemRVQmFJUEY5NUQ5THNXN2tiSE9aU09JZThYRHV5VTdzMHZQbC1EMXZMQmMzdXdKNlRKN2VKRmRJOHlqbWYtYldGejdZOHl3V2NfOHVQRlVDM1cxWkVKUWJvS01rQWJZb1k?oc=5,"The Sentinel - of this Land, for its People","Mon, 12 Nov 2018 08:00:00 GMT",2026-06-14T20:35:26.760267,job_scam,True,False,candidate,https://www.sentinelassam.com/north-east-india-news/tripura-news/case-against-16-teachers-for-submitting-fake-certificates-in-tripura
fake job offer Tripura,"Tripura CPI-M Leader Jitendra Chaudhury Slams Manik Saha Govt for Keeping 50,000 Government Posts Vacant - Northeast Live",https://news.google.com/rss/articles/CBMi1wFBVV95cUxQYjJTRlkxQTAyZy1rUXJfWHozU3pCdW1ZWV9Ib3M5bGVWUkpJUU1VdmF1b1I1WGs0VUlrYzVwLUlfVHBtYzZlNVFDeXZ0NmowWkNINlZlTXFDVHVZamFfcVh2alQ3UHhKTk1mNXZHUGdJblRiOUdUM291bVFSU0l5TlZJelZ4Szk5d0FiU0FHei1EekpzNkZydTB5TGE1b3NwYjJJdEVDWEY3Skh5TVNoa0g0U1hPTmZQbm1oaGRLVGRpbFdlQ3I1WkFLbUpQUG1oWkNIT3ZNQQ?oc=5,Northeast Live,"Thu, 01 May 2025 07:00:00 GMT",2026-06-14T20:35:26.760277,job_scam,True,False,candidate,https://northeastlivetv.com/topnews/tripura-cpi-m-leader-jitendra-chaudhury-slams-manik-saha-govt-for-keeping-50000-government-posts-vacant/
recruitment fraud Tripura,CBI arrests alleged kingpin in Tripura chit fund fraud from West Bengal - National Herald,https://news.google.com/rss/articles/CBMiswFBVV95cUxOVnRLMV9xNXpMUGZVeVdjb29yZjBJNTEzWFk0cjJzMXlnbGFkSVVfa01BWGpYYTNpSHNUN2QtbkxTVDlxYnVSUl9kZWpqUXYzMnFoQ2dMa0ZldUpNajhCLWJEdkYwQ3hOLTRfY0xSVDRPcGF0X3VqRGNpdEdnR0w3Rm0wd1BYSENXUnh3Q1VtLXFHcVBfN1l5dzNJYWNsTV9ETFBLRkxHMXgwdUlNeFhENHQyY9IBwAFBVV95cUxOa3JpQ0I5bWllQkdRQXVHd2pyamV3eDFZQjVMT2I3YzBOTTdYUHVOWnNtU2dodEdyMGJpSXBpR0l1T3U2VGlHUF8ybkx1WDJTc1lQdWtRMlFHQ203QXowOXlXZHh1SC1OeGJRR1dZRjAyRnkwQldBNlFxaWZsclFRX1QxdDVWWjZPS0J4WjFCQ1Fpb3UzWkFNeC1FVFl3THRNR0FOSW45cFFzRHBUdElNNURiQ0hIUG9VNlpwY1BvaXU?oc=5,National Herald,"Sun, 18 Jan 2026 12:25:58 GMT",2026-06-14T20:35:28.441790,job_scam,True,False,candidate,https://www.nationalheraldindia.com/crime/cbi-arrests-alleged-kingpin-in-tripura-chit-fund-fraud-from-west-bengal
recruitment fraud Tripura,700 teachers from Tripura approach SC against their termination orders - ETLegalWorld.com,https://news.google.com/rss/articles/CBMi1gFBVV95cUxOSTI3ZXg1NW94MlpBRVBId3F3NHVFSXVfdE1JOG15QzdMZXhuRzdvbVphNS02UnBvemFhVnhtMGFpVEN2aEZUZFNQTnJpbnhacHFISkprNjZDY1lfYVpYUGtiTGFwQnd0Z1ZUdjF3QkQ3dmNZZEdWaF9OcW04ZVJXRk1vT1p4N0p3bkU3bEFUa1Y0WXMzaWd1alZ6bHRXZ2xVUWpzVi14RVZBMGEtWmtCbjQwb25SaXdmN3BqRzVtZEdLbU05aGttXzl1X3JtY1k0S2luR2NR0gHbAUFVX3lxTE91cjZERElqcXZkWDYyT0t5S3d1LTNJRjJvajFBMmlUVFdyZDBTRnFlR09pMXUyQVdhT0h3YU9QQ2dsZGp4WG9CU0lDSVBjcm5KSTR3TVdKb2djN0tINjFhVWhPV2RVXy1rWE9BT1R5MUMxcHNhU2diU180bFo2aktWRnZ3dmptY0IyZmdIZklvQnpjMWM3OWpsWHBId1ZyMmk1eXN0emdqU2prNnRrOWlsN01MZklDb09YUjUyUEpSM3JZUkNxcTZnQ2NRYkhZRFZLYUZYLUgxQllUYw?oc=5,ETLegalWorld.com,"Thu, 11 Apr 2024 07:00:00 GMT",2026-06-14T20:35:28.441855,job_scam,True,False,candidate,https://legal.economictimes.indiatimes.com/news/litigation/700-teachers-from-tripura-approach-sc-against-their-termination-orders/109222984
recruitment fraud Tripura,"Tripura govt ensures merit-based, transparent recruitment: CM Manik Saha - The Times of India",https://news.google.com/rss/articles/CBMi4AFBVV95cUxOclhvZTE1MWs5MzktZ3ZiNEtCRnJ3akI5STlvRGZmYnI0c1Y1ZFFQRW42ZEpFQzVETFhuR1lLNzhQaUloTUZkMktuUFk0eGYzbzM2TEt1OENpVGNLSGk3cWk3MTg1OFp6d3BJNDZyQTY1NXpQZ09HNXVQM1BPX09PaV9lRFk1RS11d3Q2RFRLS3JCcHU0RFM3R1cxX281SUNSTF9rc0s2SGdPNGlieXhwbDd4dE92c1plc1ZqcGVaMGFFekN5R19Zamk0ZVllaVNoRWFOX21IbnZYTENUb1VMVtIB5gFBVV95cUxPZDVlOFVfV01WZm1vZ3NQRF80ZDZGTFpEYXRCcFQxRWJNRjRyQkEyMWZVeEs0RHlxOEhSNi1VT0tQRV95SHZIN1BwNDRycXJZYkJCWktIN1BMNkplVE5GcmJidXJkM1pnajhXSkthcE1acE9yVnRNd2dxLUVKSFFmdVlwM0NpWmlQakxjUTZDUGlhMGktck82N0ZBU1lQTDQxTEZCR0drUkM0a1lnWjFfanMtZnppSGZHcW5BOFFkNHA5M0lyOUVIX3RvUkxqYXIxbzVlWjJ4S05EeklNVVBqZnRqcG8xZw?oc=5,The Times of India,"Tue, 25 Nov 2025 08:00:00 GMT",2026-06-14T20:35:28.441879,job_scam,True,False,candidate,https://timesofindia.indiatimes.com/education/news/tripura-govt-ensures-merit-based-transparent-recruitment-cm-manik-saha/articleshow/125555857.cms
recruitment fraud Tripura,"Video | More Trouble For Abhishek Banerjee, Tripura Court Summons Him In 2021 Case - NDTV",https://news.google.com/rss/articles/CBMirAFBVV95cUxPLUxwYlYzTXh3NE45VzFRMFZTMkdHM1NwSTBCdUdMLV9JNEJWcy1hUF9TUE1qZ1ZINHllY25MbFNSQzdhQzlkWDRuZW1UZi1pRGZqaXJuYld6bVlWWnpiSFYxVjlpc2VUZ1NuT0lBR3hJOFNkamY1YnMwaHlVN2liY2lmQUxqaVhNODJreGlNMW9admlRTVZmclRkVDJWSUg4QnJKS3V5TnI0R0pn?oc=5,NDTV,"Thu, 11 Jun 2026 11:07:08 GMT",2026-06-14T20:35:28.441922,job_scam,True,False,candidate,https://www.ndtv.com/video/more-trouble-for-abhishek-banerjee-tripura-court-summons-him-in-2021-case-1111703
recruitment fraud Tripura,Third arrested linkman in teachers' scam had direct connection with Partha Chatterjee: CBI - Tripuratimes,https://news.google.com/rss/articles/CBMiywFBVV95cUxQclFIZFdMWGFNVERQSjQ3WVNJUDROYmdINWtSOXh6bWFVYWpaaldCVm9NNkFPQzQ2NzZrS05yRjlpVExfWHVEWHpxVFQ1M2YzYUZFdjk4cHgwUDBuQTdWVVNZbkM1SmlWU0Y3VTBqVWJuamRYdEp5NUhzUGtYSEdKbXVhb19wdFN0bWVUVGpfbW1LeXdmbHNNT1BWejRZQmQzUUdjTng5Y3BRUTltYk1lTEF0YzlEWU1ySWh2LWdNRjhNNDRnbE9EamQ5dw?oc=5,Tripuratimes,"Sat, 18 Feb 2023 08:00:00 GMT",2026-06-14T20:35:28.441954,job_scam,True,False,candidate,https://tripuratimes.com/ttimes/third-arrested-linkman-in-teachers-scam-had-direct-connection-with-partha-chatterjee-cbi-6357.html/
recruitment fraud Tripura,Tripura ADC recruitment tests delayed after leak of answer key on social media - ANI News,https://news.google.com/rss/articles/CBMi2gFBVV95cUxQU2hmV2RYZi1qR3ptb0pWb2Q4X05QWjlyN0NlSUdaMWVPQ042bXE3OEhZdW1kQ1gyX3M0aDhBbVdmWkZITXFuMG5SaWs5LW4yNTRnZkg3UWRjQVF6ZlFDdURPbm4ybVlFWGlTUlpuZFVZUlpBaWszSEpyNXhZV002YkZjUjJoVFZPZ2NKWXV5OWNSMm4wZTFEc3VQaUFNM1RDRWpCOFpTdHl3SkNFbHp5cmRFdDhOZk5PQWNhcXpoYVhDb1FjZEgtbmE0RkExSG03eVZfQmt1U0pydw?oc=5,ANI News,"Sat, 08 Jun 2024 07:00:00 GMT",2026-06-14T20:35:28.442005,job_scam,True,False,candidate,https://www.aninews.in/news/national/general-news/tripura-adc-recruitment-tests-delayed-after-leak-of-answer-key-on-social-media20240608214707/
recruitment fraud Tripura,TSECL : TSECL Conducted Mega Health Camp At Agartala. - TRIPURA STAR NEWS,https://news.google.com/rss/articles/CBMiiwFBVV95cUxPb1pGUEZsSWlKMWVMcHF1bFdDZmtXSHJ0TVl3VHlxOC1EQzNvY0RqVUNpbDZZZW1mQ1AzZno5TUx3UXktYTJ6ZGhoeVhZOGM4dlFKY1BBWW91SjZWRzRLc1Nnd1BEQ1JfTnpWSlRKZDJxRkJXbG1xdFJyWHQzdzNvQWp6bHFRODZZSUJZ?oc=5,TRIPURA STAR NEWS,"Mon, 01 Jan 2024 19:04:36 GMT",2026-06-14T20:35:28.442022,job_scam,True,False,candidate,https://www.tripurastarnews.com/tsecl-tsecl-conducted-mega-health-camp-at-agartala/
recruitment fraud Tripura,"Seven caught using phones, fake IDs in Tripura University hiring exams - EdexLive",https://news.google.com/rss/articles/CBMioAFBVV95cUxQdFdVcFhQWjFLYWk4MnQwRWZaVE03XzdoR01sZnZTanJrSlZKamd6YnVhM2FXbmxkZlZnTFVMWEFqMFFUajlmRVpCeWtXc2dSWGNmNGhTYlgwcUlqUkZRVWs2VEQ5eG0ydjN0WS01SHA1M1FNejBjeEt1b3BBRXZqcHdNSDU2Z3hkUUxuXzh1NjF1NmlSTVhWOHRoUmpSSVht0gGuAUFVX3lxTE5tZUxHeHhtTzBEX3N5eHMwU3lSZ1R6VmFHSDAwNE1aMXBsa3lxanBqMDBXcGN0NWxHaGwwUnc0cW13LVF4UjZPQkhYemlYMlF4T0FSbi1hWjBtQ20waWdVbFBvYmhCQXh6QUdzNGxVSnhuTm1oSlFtQTdDcm9RTTBwZXJrYUtRNkhfSGdiNzBnOWNydkJJOVBsclNacnhmdmVrRmphMXFhTlcxcEwzUQ?oc=5,EdexLive,"Fri, 21 Feb 2025 08:00:00 GMT",2026-06-14T20:35:28.442031,job_scam,True,False,candidate,https://www.edexlive.com/news/seven-caught-using-phones-fake-ids-in-tripura-university-hiring-exams
recruitment fraud Tripura,"TRB Tripura School Librarian Recruitment 2024 Out, Last Date to Apply Extended - Adda247",https://news.google.com/rss/articles/CBMikwFBVV95cUxPVzgyTlZ3clRNUnF2TWNlSXdSbzdwUmlaZDhQdGlJNDk5VEUxb0xrdXpNS3BrOElIc1BQT3p2RWh4TGcwcGhGanN3SW5fc2x3NWI4aV93eUhXT2s4cHFUcktQX1B6TVoyMHV6TDQwMnZzYUlBOTgzSExvQnhfRFF2ZlRRbWlEbU1FZzVLdzA2em02TlU?oc=5,Adda247,"Wed, 11 Dec 2024 08:00:00 GMT",2026-06-14T20:35:28.442038,job_scam,True,False,candidate,https://www.adda247.com/teaching-jobs-exam/trb-tripura-school-librarian-recruitment-2024/
recruitment fraud Tripura,"Mamata accusing me of scams to save her skin from Saradha, Narada, Rose Valley: Tripura CM Manik Sarkar | India News - Hindustan Times",https://news.google.com/rss/articles/CBMihwJBVV95cUxQdzV0cDg1YnR3em0yanhEZGlPYW9ESkFUQm9Xd2tmTEN3RnUzVnZ3U05obFIxV3FnbnBreDdzVGNEQmFiOURRZFAzTmcxTDByT1BhbzdrRTQ2NzBWZDVGSWprT1p0LXlqc0pDaWlVTWJrVUl4b1NDWmtTdVJhRHlrNGJKT2J5bjQzNmh6bXF4elBfMVl1UGZUNzY1VVBzSzdnLW5oN0JZWEdCYmd4WnZ3UHcyNjhldGd3ZWlPZ1hjY295d2EyVXlqaFMzZ1NyRFNrU3hCdUt2cXh1VGVabVJaZlplYm5yOTFXLWt0Smw0UEYyY0dGQ1RoaUFuZDRfWW5sa3QxeGxMMNIBjAJBVV95cUxON3NQS2UyOGItVnpDangxb0hNRm8yTFZVbEV2UWFMSUM0UzVvT0FSRFkzWkRDSHZTbWJGZml2WlRJb1ZGdlJUTW51SFg2TV91aWFSeTlDU3FKMHVydjNwdExGeU9zZU1HTTVBS29nVDdJRmpOTFdMbmdES1FhLWFXQVIxcFFWZFJkN3pHTTRLOE9VUVliNW5aS0tHenowcHNHUUx5eEpESjRfclZuUExURnp0V2JmMUJmYmtyM2pRaUNIWlpxQVphdDZjUzIwTjEwOVVONzd2WnNFTDEyZlVLSUp3ZzM1V2tuVlBheG40VWY3YzRnYmlWQlEwMGVhb1pVQzExbm1sREtaR0F6?oc=5,Hindustan Times,"Tue, 17 Jan 2017 08:00:00 GMT",2026-06-14T20:35:28.442097,job_scam,True,False,candidate,https://www.hindustantimes.com/india-news/mamata-accusing-me-of-scams-to-save-her-skin-from-saradha-narada-rose-valley-tripura-cm-manik-sarkar/story-1LNDqYs3GjRrRH5dgT4eBM.html
job scam victim Tripura,"Tripura's Latest News, Views & IT Portal - TRIPURAINFOWAY",https://news.google.com/rss/articles/CBMivgJBVV95cUxQN0JqTEhsNG05VE8zYkdEWXlObGRzTEhBZXF2UWVJS2pOcnJHcEJwSGRHQThoWUxrQUstaUVMcko2di1QWGRvYzFWZmtaRFZiVFFQSWNOdkFkdUo1c0RaZTlQZzk3MC1ISlRRZnlnMVRWS2lPbjIyajU4SEdsY0k4UDJCeU5uN29aMEFub2ZyMlp1dURTVm9LQmRFNGZXMjZya1RTODJ0UGxMR1l5a0F3ZUxkZ0FCbU5KOFJRUmtLckhEdG5UXzluYXBGZVUxdk5ZUHRqV0xfdGpWQjhBTmZxV1JxYnF3eDRUaUpURlZ4TWp4UzJaZmZ0YTJWS1BXQWZ6cFRzZzhqTF9CYXpMYmxtaWx6QWw0V0tuRnJsQXRGdlVCWHh6VlYzT21vTklxTlJoY1ZNVHI5alRSMm1pTHc?oc=5,TRIPURAINFOWAY,"Tue, 26 Jul 2016 07:00:00 GMT",2026-06-14T20:35:30.321281,job_scam,True,False,candidate,https://www.tripurainfoway.com/news-details/TN/60344/massive-corruption-mgnrega-projects-at-gomati-dist-can-new-dm-shake-up-corrupt-district-administration-from-slumber-dm-gomati-raval-hemendra-kumar-talks-to-tiwn.html
fake recruitment Tripura,Tripura Pradesh NSUI Placed Deputation To The SDM Demanding Cancellation Of Fake PRTC. - TRIPURA STAR NEWS,https://news.google.com/rss/articles/CBMiugFBVV95cUxQY3M4VDUxVjhTVjN5eDdkTnQ2ZGhaRTBGbUYzWENQRWtLc3JtZURuS1d3TW0xVHdQcTJWRXlJUHVHNmhUS1M2UkhtT3g2bGtLSjRaU0hpY2NMajFYSWlEVWlXZjFzN2FITjIydmhYUzVMb1FpdXBCVl9Mdjc1SGllb1ZTSy1kT0hSUU45dTRLQXVrdWVtLW1udFlocjNHdUFLZzhvYVg5QTQxbXEyMzkwS2M2LWVhZmpvSHc?oc=5,TRIPURA STAR NEWS,"Thu, 13 Jul 2023 07:00:00 GMT",2026-06-14T20:35:32.204864,job_scam,True,False,candidate,https://www.tripurastarnews.com/tripura-pradesh-nsui-placed-deputation-to-the-sdm-demanding-cancellation-of-fake-prtc/
fake recruitment Tripura,Man posing as IRS officer held for bidto meet Tripura CM in Lucknow hotel - The Times of India,https://news.google.com/rss/articles/CBMi4gFBVV95cUxPb0MyOGtYSDlfeVFEWXdnQkFEM3lyYWFJVFMyVG5xVkhNQ0dpUGZyRkJ0MU84LUlJa1Q1YkhscVNybnBTc1ZJZ3BaSVBzbi1JZktTVDRnZU1YZUh4V1l1bFRXeXpxejBUemlYZlZJa00wWnBTekJrOU54RXUwWktNaW1OVjgxR3VVbTFTakN6LW9OaEpac2RGemVteGxYN3l4VklMRDExdEYzcXN3eXhlZDVGbWg3a3d4ajdaTXZrVTc3QjBSNE15dUtWY09teGJtMHFGbzFQS3pFWXI0THE0dWdB0gHnAUFVX3lxTFBZNF93THNOMkNveTRtX0dxWlVFRkloeGZLZ3k0dl9CbWFWOVJkYWEwZnRyUG5OeWVSeUliY1NlRWp2dEpXd2VDSGJYczZvMDhuaFZJalpOSEdiVWR5cWdMMUtRMjliVlhxX3pIbnduN21hM1ZScHhoN293NjFoVG1WaldVUVBLdzlKY1BCaFlCQWRrQVg0dlVOQTVwb2tJellTZEhTRlFtWnM5WFl0ZnpKdnRIbkJqZUxVYXlzVEtRd0thdmdrQkZZY1E1Z3ZKUHExWklXWGNrNHV0dnN1elJvc1BiWTFMNA?oc=5,The Times of India,"Tue, 04 Nov 2025 08:00:00 GMT",2026-06-14T20:35:32.204901,job_scam,True,False,candidate,https://timesofindia.indiatimes.com/city/lucknow/man-posing-as-irs-officer-held-for-bidto-meet-tripura-cm-in-lucknow-hotel/articleshow/125068676.cms
fake recruitment Tripura,Fake PRTC: NSUI approaches West Agartala PS - Tripuratimes,https://news.google.com/rss/articles/CBMijgFBVV95cUxOSVdTMWR1WW1YMUFYdHducTk3UFdBa2l6QXh6Y3hSTFRHLTdmOWlXM2tmVWRhS0dCOU5ENld3MUJmU3E2Z1RXb280bzVmXzFGaWYybWt5Qm5fLXAxQVYyQUhBSVFnQ0ZRdlNncU9CV1RITkNPMzUzLW5VSUxXVzJlSFZnMGp3ZVNyQTZyRWNR?oc=5,Tripuratimes,"Sun, 30 Jul 2023 07:00:00 GMT",2026-06-14T20:35:32.204926,job_scam,True,False,candidate,https://tripuratimes.com/ttimes/fake-prtc-nsui-approaches-west-agartala-ps-9045.html/
fake recruitment Tripura,Tripura Pradesh NSUI Placed Deputation To Officer-In-Charge At West Police Station Demanding Legal Action Against Illegal PRTCs. - TRIPURA STAR NEWS,https://news.google.com/rss/articles/CBMi8gFBVV95cUxPdFdCU0gtWUdLbW5lUjk5OHRtd1pRaXMxUzluVFJjNWVzTEViS2NzSC1rSlRJYjF4aE9Sa043U3pUQVVkZTAyOGpxSTNTM0xVYm1kemgwUXc2RFlQZXFNMkJ3cUU3V0VoWG1ZUnRPQ1JlaXczcHI2RHROTlhyU0xCVzUwdERZbHhobkYzdDdLZDNDU2RJX2J5bFhldlMwM3BpQ2Nma1VvLWZPRVNZQzVGb2VpYmRONW54Mm5jc1ZGSVczU1hvT2JtZXRJclVsb3c4elZ1SE9rQVN6MDkyQXBsNjRGZkdwamxLTDhMUEc4emd5UQ?oc=5,TRIPURA STAR NEWS,"Sat, 22 Jul 2023 07:00:00 GMT",2026-06-14T20:35:32.204939,job_scam,True,False,candidate,https://www.tripurastarnews.com/tripura-pradesh-nsui-placed-deputation-to-officer-in-charge-at-west-police-station-demanding-legal-action-against-illegal-prtcs/
fake recruitment Tripura,Seven detained for cheating in Tripura University recruitment exam - ET Education,https://news.google.com/rss/articles/CBMi3gFBVV95cUxNZHJWbmxta3dFQS1NaWlHa25ydEVEUl93N2N2WGFzS2Vzc0NScXAxS2xqM2JUbURvblR5RFkwQW0zNUFHamtxV19NRXV5NTk0b2FaTGpBS2p3cG9oejNpelVaREpfbmFLSFBGUkI1ZDMyWC1TbUFxY1Exa2N5OTlObk9FVU5DLVR0NWswNDg0TG15X3Y3Q2xtdDdIRUNSWV96aHQ5NEw0dElaNTBkU0FtaU90d3psd2JBRjZrd2NhODZuU0JsNlN1UFJUWHZJbDVJMlVVaThpR1VrT3NDZGfSAeMBQVVfeXFMTTByby1HM3ZJN3JfRVZrQXBkc2lTcDFZcW5yaURXTmExdnR5MTNUNVI2cU9Bc1gwM0pXcmZib3FWUE9FVWFHOVl1TjlqbkNoTThXNWFCdUdoNm9TNnBBY2xwRkF1S2twU0phR2lyV2Z3LUFHT1NSbllvbDJBN25JN1dYUUZJamw3dloxWUhQSlV3cDl1TDd4SjVfVWhGUkZLNWg2Mm1YaTdJa2E3c2Zkc0RZVGlsUUI3SVc1U3dUS2c4UjFybjJJdk9PVnlVOXUyQ2RqOHc5a19EOEFjcHhqd1VLbVU?oc=5,ET Education,"Thu, 20 Feb 2025 08:00:00 GMT",2026-06-14T20:35:32.204951,job_scam,True,False,candidate,https://education.economictimes.indiatimes.com/news/higher-education/seven-detained-for-cheating-in-tripura-university-recruitment-exam/118418554
fake recruitment Tripura,DYFI slams Edu Minister over publication of govt recruitment rate in Tripura - Tripuratimes,https://news.google.com/rss/articles/CBMiugFBVV95cUxPVTI5UzY1VEZkb3EwMTdFTXhvbGRrQWxVZ0psbV9JWHVJLXVKNGwxNC1kcXIyWW5Hbjlub21ZUmNhdnpLV0trOWdveWpYX1pGU3p1UWJHU0ZCU0VIcHlJNmdWQ0p4TXNfS212R0ZVaW9BcVhHM3FkSnRCM3lZaXp6V1FUNUU5RHFsTVVCTWxkSnF0TDVJQVU2Z081WHJPR3gxMVQxM1NCR2pST0hRTkNXRC12c3BVaVE1NEE?oc=5,Tripuratimes,"Fri, 15 Jul 2022 07:00:00 GMT",2026-06-14T20:35:32.204963,job_scam,True,False,candidate,https://tripuratimes.com/ttimes/dyfi-slams-edu-minister-over-publication-of-govt-recruitment-rate-in-tripura-737.html/
fake recruitment Tripura,Demand for cancellation of Fake PRTC; NSUI places deputation to SDM Sadar - Tripuratimes,https://news.google.com/rss/articles/CBMitgFBVV95cUxOWDhUUVl4dVZvNU5tWk9xMTVpZmZOSHB6ampnblVzUzZCUDZZZ0FoaUpRWFU1am1GX2t1WFU4VEYyQjdiLWYxdkc5ZVJIR0VweFEyNEp2WEZ4aVRQVmNpN3pwS09TWUtJdEdNcGE1T0FYX1ZmX0M5UmN4Tl9GbE1Ba3huNE50LVQ2VFpwdGJ4TnktaUptd1o3VXh2TkRnSlVSblhad2t5Y1pJQU1acGFsS0JYc3g0UQ?oc=5,Tripuratimes,"Thu, 13 Jul 2023 07:00:00 GMT",2026-06-14T20:35:32.204989,job_scam,True,False,candidate,https://tripuratimes.com/ttimes/demand-for-cancellation-of-fake-prtc-nsui-places-deputation-to-sdm-sadar-8694.html/
fake recruitment Tripura,Three appearing in CRPF recruitment exam in Assam with fake documents held - Tripuratimes,https://news.google.com/rss/articles/CBMiuAFBVV95cUxPRm9yc0lvMlJJUWpVU1FVVHNzaXpQYW02N3VPSlk2dERpcUdqdi03Y3ZnUTNJT3d6bXotQnZMb2JQN1FlM3doVkd5a3RkV2NodU95VmtVMWtudEZsaFZ4Nko3VDIyeWtGSERQUFdvWjNnUXFEc1N2V25NTE1XOW5oOGdlYV9VNjU0dGdfenRMbllEY3FxWEZOSWVDUWJsclpxVjFRdVpjYnZfTVFzWkx5SVNFSEs5M29a?oc=5,Tripuratimes,"Thu, 22 Sep 2022 07:00:00 GMT",2026-06-14T20:35:32.205003,job_scam,True,False,candidate,https://tripuratimes.com/ttimes/three-appearing-in-crpf-recruitment-exam-in-assam-with-fake-documents-held-2915.html/
fake recruitment Tripura,SSC GD Recruitment: Demand for proper document verification - Tripuratimes,https://news.google.com/rss/articles/CBMiowFBVV95cUxPU1Y1Z1VuQjNlN0dHWE9fdmtJaTJINjVmQTJXVXFfRVgtRGJwc2ZLbWRFTk9TTWhtQ0lyRXNCYTh3LTV3a1AtVzdMdmktdGFfckhncFZVNjBQWlNGdEY1N21OS1BSd2xDbmR4LTVRUkFwMmxvaVdObmpTaXhDajNmNVY1TDIzMmFmajl2MkRHOHVLVm1xQlFZVXl5TDduSU5LWTFr?oc=5,Tripuratimes,"Mon, 03 Jul 2023 07:00:00 GMT",2026-06-14T20:35:32.205016,job_scam,True,False,candidate,https://tripuratimes.com/ttimes/ssc-gd-recruitment-demand-for-proper-document-verification-8490.html/
fake recruitment Tripura,"Tripura Government identifies 62,173 fake ration cards - National Herald",https://news.google.com/rss/articles/CBMinwFBVV95cUxPOXZEZlN6dld1WjhRRWdEc0tWVjliSEgzRGJWYUtKY2lkN3EydVhjdlVWejctQXRLTEpscC1uWXd2dm8weHJNT0V1UmF3UVc1cTN2blllX2NKRGxoOUgyZXNfT0R0VW5DWUdvOWFOZFB2d2h2NVdWODFXcVhXUjZFSzhZdkZncVVUMzI0a3Fka2ZEdFBiVnZpWXYteC0tYVXSAawBQVVfeXFMTmI0Nk8xamdDWUNwU3YzSVJ1NU42ZXhvV01FUHNPSFEzOFM4Ny1JN2xpbjBCaG94SXpTOGxzbVJlOThTLUZZRWJZa0dUbmd1TURfcmZJY0tYNXhpMlhCd19sWmtDS1NEaG5oZTRkX2VuMU1meHBlOVd2cVpSZ0xJbWN2enU0VXpKMjJud3NhX3RWam5CNTJqcDdhWDhLUlVVbGVXWEVZM25JOTc3Xw?oc=5,National Herald,"Wed, 06 Feb 2019 15:30:17 GMT",2026-06-14T20:35:32.205053,job_scam,True,False,candidate,https://www.nationalheraldindia.com/national/tripura-government-identifies-62173-fake-ration-cards
fake recruitment Tripura,Agartala: NCERT and Police Seize Fake Textbooks in Bookshop Raids - Borok Times,https://news.google.com/rss/articles/CBMikgFBVV95cUxNZWN3SlcxVTJpQngxNzFBVkVmNzEzd3JtOVpWcUF6VUNwVzhZa0ZZTHk2Ym11ZlV5cl9Xa21PT3BBNVRmRHY4cTBwUjdVNTVmb3ozZXV6SS1YRWNQZFVLUUtVV3liaUd5RFJEeW84ZW9lY1RFdEI1aElCOWxmQVFSTmxyOHlwS2JHVkRZV1c0cFZfZ9IBmgFBVV95cUxOVG9xSG1xem1WMndzdktSbnAweXh3bHBOdUVjSWp5TmVld2pwNFFOOG01ZDh3elhlSjMwa2lhRHFWdXo3YjhvcjlrSk01ZHRVb3ZvSjh3bzNFTzRuNkdoSXI0NWZTdXRpOHZTR2VFMjkyM00tdjdXT2JLWHU1T1NUWDF0RFFZVlYtcDRWTUZCckltM2gxQ0hycjF3?oc=5,Borok Times,"Sun, 02 Feb 2025 08:00:00 GMT",2026-06-14T20:35:32.205094,job_scam,True,False,candidate,https://boroktimes.com/agartala-ncert-and-police-seize-fake-textbooks-in-bookshop-raids/
job fraud Tripura,"Tripura's Latest News, Views & IT Portal - TRIPURAINFOWAY",https://news.google.com/rss/articles/CBMi5AJBVV95cUxNQlVZWW1uTTBhNmpST3NnbGpBRFVSRnRoOGlNVlQ3SWY2NDFMX1pDNkwtaU1aWmc2aFpMLUItQnlBam5MWFFLRXMxMktUTHl3em5JYTBDTEowaVo1TFpDZTZMeU9STDFjRjZRWElOVkFFYVhQalhvY2lrZ0t6RXJjdFhVUGNoZ1ZIaFI0ZVJxTzhuZmxaSERBd3VBVVRqOWxXSFRlLVMtMnMtT3p5X3d4Mm5yaVBKdGQtZl8yTDcwRXBuRHI4cVdlbTktaWd3cTVnVmM4MHdTRm10ZzZtc3A4M0pTZTVfTDJoVDNRcW1xRV9Xa3F1cUxDM0t4MGZFNlFoRHF3RE9ZQ3NHN0xydUdOQUhYZC1DX1dCSDFRMkNJbDA3emhUYlEtRWhhLTN5b0NwNUJ6T3FSMW5CZk5STDlXNWpDZnpJQV9QREM1T1RxRFdkUkE3eThoWVR5cGwyMXJwaEJQTA?oc=5,TRIPURAINFOWAY,"Tue, 05 May 2026 07:00:00 GMT",2026-06-14T20:35:36.254808,job_scam,True,False,candidate,https://www.tripurainfoway.com/news-details/TN/56813/mizoram-hands-over-gold-robbery-case-to-cbi-from-state-run-sit-tripura-rsquo-s-multi-crore-chit-fund-scams-remained-under-state-sit-even-after-hc-ordered-to-place-fresh-affidavit-by-june-30.html
job fraud Tripura,CBI arrests proclaimed offender in over Rs 7.75 cr Tripura chit fund scam - Tripuratimes,https://news.google.com/rss/articles/CBMiuAFBVV95cUxQLXptbzZhc2RtT0xvZlN2YmtjMjlSOTVDSFNqMHVIQVRXV1g5YmdGd0h2NTFaS0RwU2tGZndfYlJUUDFoQVBCYnVHMjFUX0J6YVJRaFNacUp0V1JBbXg1Q2Z2amxGMkszaDdLb3VqNXR0UkFKMWVBOE1FbHBmWTM1cmtEU0RuR1lKU0trQ2xGR1FUeXJkNE9RazVfSUlETllReFQ3bVVtNDNKNnk0OGd0MXRaN0M5R2U2?oc=5,Tripuratimes,"Wed, 13 May 2026 07:00:00 GMT",2026-06-14T20:35:36.255181,job_scam,True,False,candidate,https://tripuratimes.com/ttimes/cbi-arrests-proclaimed-offender-in-over-rs-7-75-cr-tripura-chit-fund-scam-37159.html/
job fraud Tripura,Tripura: YouTube Channel owner arrested for forgery in Agartala - ANI News,https://news.google.com/rss/articles/CBMixAFBVV95cUxOeG1mRG0tY2NydWZzLXFpX2M3RFZZUXRBQzN6c2hmZXJ6eFZHRkIzZk9sa2VaOHY2OVNNWmYzczlSTVRYc1owYTZ3bHRTYWZKMlNmVExjbHVFeTdMOVV1RG5LNzBvUDFpc0haNHI4ZW0zM0ZFY1NjZnNqcHhQQXd5YXg2ajZ1VUlPYjRXYzFvTEhFVm45NTlvOWZ1LWdHS3ZLVVU1eVROb2RXaWxQbFg5UGlYb2N6S0RxZDh2OGZMcVE5TWVK?oc=5,ANI News,"Sun, 20 Oct 2024 07:00:00 GMT",2026-06-14T20:35:36.255303,job_scam,True,False,candidate,https://www.aninews.in/news/national/general-news/tripura-youtube-channel-owner-arrested-for-forgery-in-agartala20241020225204/
job fraud Tripura,Tripura chit fund scam case: CBI arrests key absconding accused from Kolkata - Northeast Herald,https://news.google.com/rss/articles/CBMipwFBVV95cUxOdmFDVjlvbVViM1J5OTFWNVJmMng1UkRmd0ZOZjFndk1WbFlVQk4wbE45V1QyVzBtbW1zZUNycFVGWjRjTlJtWjlBMjE4b0xSbkI0ZWowN2lSYnJMSTNjVnpaSGt4N3Q1NHdnaU5wS1E3ZUxUWXduSGlRVFYwTXgxcUZFREZ2Q05xUjB6cFowb0t4OE9mX0g0czVQSDY3aHhwRGNNS0pudw?oc=5,Northeast Herald,"Wed, 13 May 2026 07:00:00 GMT",2026-06-14T20:35:36.255365,job_scam,True,False,candidate,https://neherald.com/tripura/tripura-chit-fund-scam-case-cbi-arrests-key-absconding-accused-from-kolkata
job fraud Tripura,"‘I am biggest Hindu in Tripura, namaz happens at palace’: Debbarma pitches Muslim-tribal unity - ThePrint",https://news.google.com/rss/articles/CBMixwFBVV95cUxPWkVieVRqc0hHRGxZcU0zMUx0MFlDWWVJVWpJVVcwbDhscFY2djdJTlZxdlhoRUJNLXJzYnN6QmpsSW9TRlRrZ0FTMmJsS1J3MGtvQk96U01sRWR4QmFfYXlXdHNBeFRBZ01SNGN1YnAtYmxnZWZtZmN0cWtNLXNyalp1VG13NjdiVkp5ZGNMMWNvd09DdFRGdndpUkZqQW4tdWZZaUhhMUUtYmx5Nkt6aUVGdUQyb2xFcl8zY3lFbTg2T1RVMi1N0gHMAUFVX3lxTE5QWTJldWROVXRzeTNhTzd4VEpDUXEwQnl1amRtREV5dUw1OW5ENl9lNmp2Y0E4ejAwOEtrY28welBKT1dSMUNFaVFEa19GTTl4WFlNTTRFQ1FRSkRPUTJwemN5SHNTYjVsdWF1aklZbUVzd0hSSktJdl9uWGpUc1Q5SEQ5MnRWeER3dVNxLUFvSE1BWDhwRVlaaHFEeW1DNW5OSjB5cnVHU3NheTlHZVF5MUloV2lUOTNaUXpGbmdoM250eGVmM2lmOVo3OA?oc=5,ThePrint,"Sat, 11 Feb 2023 08:00:00 GMT",2026-06-14T20:35:36.255412,job_scam,True,False,candidate,https://theprint.in/politics/i-am-biggest-hindu-in-tripura-namaz-happens-at-palace-debbarma-pitches-muslim-tribal-unity/1366587/
job fraud Tripura,"Inflation Falls in Northeast, Tripura Still Most Expensive State - Ukhrul Times",https://news.google.com/rss/articles/CBMiZ0FVX3lxTE9rX0ZoSW1lc3QtZnBqbFBmLU9CeEl4SnVOU0ZPT2JNbXZtaWt1cENEY3NLOGt4WGQ0XzlVWGoyc0dyRXUtSU8wSEFDWktFNHdCRl95cmdWc3Zmb1VIVTg0azdkM0lVU2c?oc=5,Ukhrul Times,"Sat, 08 Mar 2025 08:00:00 GMT",2026-06-14T20:35:36.255434,job_scam,True,False,candidate,https://ukhrultimes.com/northeast-india-inflation-falls/
job fraud Tripura,"‘We gave them enough chances’: Tripura’s angry, unemployed youth test the Left’s 25-year rule - Scroll.in",https://news.google.com/rss/articles/CBMivAFBVV95cUxNbE4xVjFvajJpT3NubTVUUjF1eVd1LWdLVVltN2U3aWRKRThpa2xPNW1zWjZwalFCU25wREl1RlFSUkRoMFRZVVBjM1FobXE3VGtyYVIyRmtVMF9abG1UV3hmWGR6dWJkcGFfa2gzd2pRT2NYR3lrXzNxamIwMnFvbWwzSWVaX1YtbE84R242akNDNXlXWHhUQ2k0b0hTV0E3ZktMSlozV2R2TTBEZ0RFOVNDdnJKQWxjbHNfNdIBwgFBVV95cUxQRktCQlZ3bHRnVUIwZDM2bmNveEpGVGRwMDNlbkhfRlM5WWRuZUI4VVFLUDNmWExaSkQ1UnBpUzc0TkV4WF9PaE1HZVFWWjVoNmhSek84Vm9IV19VRHlPY1YzdEc2VlJYa2F2bHM0cFlzZXJmN0JBYmdGb0ZjejMzQU01WHNGVDEyYVRMcUxCeWZic242RHJTdmdheVBEX3JyMkJrNVpsUmFYTTBIRkRMaDJ3MmdtcFRud0lYQkNtZXpqUQ?oc=5,Scroll.in,"Sun, 18 Feb 2018 08:00:00 GMT",2026-06-14T20:35:36.255524,job_scam,True,False,candidate,https://scroll.in/article/868978/we-gave-them-enough-chances-tripuras-angry-unemployed-youth-test-the-lefts-25-year-rule
job fraud Tripura,Bank Scam: Constable arrested - Tripuratimes,https://news.google.com/rss/articles/CBMifEFVX3lxTE04RVRwWnhuQnZMVThGd2JjaWFRbjhRVEtvOEFEQkw2RUduUEpRM2Rqa1VXbWUtdXVkd2hjbGstNENrMHZpNmFuY0pCQmpOMkxsSy1fUldhaHJfcVg0aHdidHp0TGJRVlNHdXlPM0pEWmJwM2xIUFJuVGRWUDQ?oc=5,Tripuratimes,"Wed, 26 Feb 2025 08:00:00 GMT",2026-06-14T20:35:36.255536,job_scam,True,False,candidate,https://tripuratimes.com/ttimes/bank-scam-constable-arrested-25545.html/
job fraud Tripura,Tripura shares knowledge with Bihar on deregulation & business reforms - The Times of India,https://news.google.com/rss/articles/CBMi3AFBVV95cUxNUGV5LXUyYXNuZThtSncxZFdSV3RlXzlvQi15NXdyd3dOV0ZsNVowd2NCOVZiWUlXaGZScnZWZDJkMGxMTDdYejV0RXRydWFJekdabk1BbmtEM0l4b05mWE5MWm44LWtZWF93Mi1neTlOejNaSmI5SHExbUZRd3RMNkRxUjNEZU5keXJna3JiR1NtQzdjaFBjcDFVQXQ4QTUzb1lJcllGWUtKTG1qb0FIUTZoUVMyeWlCdlV2bl9Fb3EwN3hldkpIRGU2WFZJMnN3WVlzYlhfT0pPcGtj0gHiAUFVX3lxTE1mN3BxZDY4ZkZPSkQ2QVRpcU9yV0hjU0Z1eGtsdHZDTk1xZnRseGI0aldQWWlXajBjNllpT1dxRnhSUjVWR29yUTFsTmVRYm5GRWJyTm4tQ2xVZDVLS1lOZk11Q0RJZzNoUVRlbXJCekNFelNhUDJCTVVjU2E3TXlzeTVacWN5R0xqbFNFeEtEeGhxS3BsLTNzdGpLUE9EOGszT0pLZFVrQXE1SjUxdm5Rano5cEpobjYzRFpqSjd4ZWl1blJGdWdBM2E4UEdiX0RuOFdBZmZoVktCS1lkTFBsTXc?oc=5,The Times of India,"Fri, 09 Jan 2026 08:00:00 GMT",2026-06-14T20:35:36.255547,job_scam,True,False,candidate,https://timesofindia.indiatimes.com/city/guwahati/tripura-shares-knowledge-with-bihar-on-deregulation-business-reforms/articleshow/126441670.cms
job fraud Tripura,Tripura government announces women reservation in government jobs - The New Indian Express,https://news.google.com/rss/articles/CBMiyAFBVV95cUxQV0tRUXhaalAybmdERDZoWU1ZYXV6SnhjV3lKSUg5YjdSa1VQcnNQYWtjV1dXdjVoRTZzQmY5YVlhZERTay1wU1pfeHNGOEtKSjQ2MmVkaElhV3lEWFlzRF9iTW0tZDRhSHJPaXAtNWFGZDdhRXFrQjJWNFA4MENGSTZncHA1Z0VveWNKelVNT1AxOHdkT1pCNTlxU3NDQ3dGcXdpNDRCV1Z1Y1RRYUhvc3lNaXRrQ2lPN0pjR2JNV0ZxMDh5dFRWZNIB1gFBVV95cUxQVlpmdTh3VEdOQzNEbmhlZlJXUE1zUndabjlLWTlaTTh4Vmw4cUMyVVZaQ3BPYUhFU1RaZlRUMWtFdDRoZEJIbGZPc2k2UV9qQ25ZckFiQmZ6clB6RlVCLUhzR2daekJpVjV6bXNEZU56V205MHNCT2t6YmlETlIxOU4xcTJfSjJFWU9ZZl9WckpqTGxaQzFXVFoxTVgtTjRNX0FVOG9DVUg5T0ktTzZ1YW5zWTJzUms5QUJXRE45c0xFck1OckltNG0zTmJ6M1BNWlJleEVn?oc=5,The New Indian Express,"Sun, 20 May 2018 07:00:00 GMT",2026-06-14T20:35:36.255608,job_scam,True,False,candidate,https://www.newindianexpress.com/india/2018/May/20/tripura-government-announces-women-reservation-in-government-jobs-1817093.html
job fraud Tripura,"Tripura's Latest News, Views & IT Portal - TRIPURAINFOWAY",https://news.google.com/rss/articles/CBMisAJBVV95cUxNVnhJNXItUFhyd0RmM1FzRXlwVU9GYTR1Q0dYTWhsM2xucGlfVVlrUTl0d0lVU1Y3Wkx6TFdzWkVWTFNDYWJzc0VXOUl5a1ZLMW82Wl9lQ0E0V1M1Z3cxSDNnem1HNHNadFhSb0phNXB4eVVHWlFDQURsaV9HaDBXZkJKZmlKSE1VODJvaEd5U1BCbTJjVWdWUkl6c3YyUW9pblE3R1phbTJmOXg1U0lmTDRGWW9uVmFoNmpXeFBTWDdIVllMQ1Y1d2pHUDV6NC1STFBHdlV4ZHlnX3BXZUhWcXBsQmg5cjJoM1lva0JpbmI5MkNSb1VfazB5Vlp6U0prd3p4VmJEeE00bjdGelhYUm5VVjZwdG03V0d0QVdmQno0ZGtLakRPTk9BS0Y3SFpu?oc=5,TRIPURAINFOWAY,"Fri, 15 May 2015 01:23:44 GMT",2026-06-14T20:35:36.255726,job_scam,True,False,candidate,https://www.tripurainfoway.com/news-details/TN/27130/timer-scandal-tainted-ias-official-gsg-ayyangar-joins-on-friday-as-principal-secretary-cm-rests-hope-on-corrupt-officials-to-safeguard-statewide-scams.html
job fraud Tripura,"Tripura Power Minister Orders Probe into Smart Meter Fraud, Warns of Strict Action Against Meter Readers Showing Inflated Readings - Northeast Live",https://news.google.com/rss/articles/CBMi-gFBVV95cUxNWUVTTVZ6TjA2SHhaMldnZGwxN3JnRFU3VjliYUJTZEpSa3Nkbk5HMnpYYzlmRzZNR2kzeHBDblpDWEpBZm85RU1MVDZCVHIxX1QyMDU2dVlfSWxWbml0RGlEVWZIVFM5cnpFOW80Z3dkdGtWNFZZSzJudTRVTy15MG9KbjFKN3BURzY3dHAyWlU2VTBQMjhaU1hJQTJUUk5KVDZMSXRWMWJ5WkgxbVlhYk9OQm5GV2h5b1VFeWVwYm4xSjFfY2lDMTFhVTNaMDhteUQxVHYyeGlwYlR3SS0weGZkM001M2tZV3NSeTJaYlN4Z0VOUUFoWU5B?oc=5,Northeast Live,"Thu, 17 Jul 2025 07:00:00 GMT",2026-06-14T20:35:36.255761,job_scam,True,False,candidate,https://northeastlivetv.com/topnews/tripura-power-minister-orders-probe-into-smart-meter-fraud-warns-of-strict-action-against-meter-readers-showing-inflated-readings/
work from home scam Tripura,"Tripura issues austerity order, mandates 50 per cent staff work from home - India Today NE",https://news.google.com/rss/articles/CBMizgFBVV95cUxOOUIzUEhMaUhFYnNTckl6VDdnVHU4bm5vaFV1eUhQeHp1N3JOYjhjUko3Y05qT0pTemlsanVQM2F1NGNSS280VHE0d3BQd0E0UWtqZGl2QkpOcm1PMFM1Q0V1QkFoZWtmT2FteWpmNnJRU1F5a1QxV1N4U1JqS0o1SXMxZjFJamlvWHZMTzhlQnRGUmh0XzRZSkVtc3FXdmNKeG81U0Z4ckdFNGFLYzRoZ0V3eDdFaGFCWm5IZDYxYk9wUllOQWJGUHRyNmhOQdIB0wFBVV95cUxOd0p2UGRGNWw5Z19UMThvZkdoRDJTckRSay1fcS14N3I1UXNMaG4zM0ZkMFVOdzBCMlhBRF96VEo3Ml9YOWZVZ2JERGpKZFpmVTk0U29yOGZVVFJQeld1V1R5VHJiTHpzM1RCb0xiYXQyUjlEWEJEYnlLUzJQWDc2MUdTUXE2S2tuczFMUXZKZGRPUGxlQ1ltRTh2RlNvdlMzeFMzdGE3Z0U1bXQtQWZtd0U3T29JakJjVmxoaUhIaEZWZ3pSU01FVnk5Zk9JVWNRdnUw?oc=5,India Today NE,"Wed, 13 May 2026 07:00:00 GMT",2026-06-14T20:35:38.246046,job_scam,True,False,candidate,https://www.indiatodayne.in/tripura/story/tripura-issues-austerity-order-mandates-50-per-cent-staff-work-from-home-1391445-2026-05-13
work from home scam Tripura,NCB celebrates 41st Raising Day with anti-drug awareness programme in Agartala - Northeast Herald,https://news.google.com/rss/articles/CBMiqwFBVV95cUxPQnJPN2JSSnRmWHZ0YzFySG5WTmVWcHNEYUdkakVsZ3l3Q3o4WnlsdXF3WnkzSHZHVFpWZFBsZU9XOU5mNXZaWFlVTDlVWGEtX2pSbXlkNmNabmV6MFl2N2FILWVpQ1l3cnpsSmVPVE14dzFrVEtUMnlqancwdzhQUjE2dU54OWt6NVpJR182ajFVcnhNanRsZzRkVDRJcDdQRDMxbGRMMGNUMzg?oc=5,Northeast Herald,"Tue, 17 Mar 2026 07:00:00 GMT",2026-06-14T20:35:38.246117,job_scam,True,False,candidate,https://neherald.com/tripura/ncb-celebrates-41st-raising-day-with-anti-drug-awareness-programme-in-agartala
work from home scam Tripura,Tripura targets sustainable infra in tribal blocks with WB funding: CM - The Times of India,https://news.google.com/rss/articles/CBMi3gFBVV95cUxQS3o3emlZSEtjTHV3blZsOG1ZT2ZiR3Z6LVFSbFd1aUgzRXZoWG5ULVllMjBFTGxVMVg0SzlHZm1RTkRldDRPZy1rTWF5bmlVSUowWWp1WU1DdmloMXJRci1TejByNnBoTkhpY3o0WFFYc0F1bER5aGRIYlZrN0pfcHlnRWNuRTZJdEsyZkh2UmsyVkNZN3VXRHZrdERJQXVoOTRMTHdDcDZyZHNZZnR6QS1IWURBYWR3eVZNdk16OTRIRWhabGF4VVQ0cU9pVFdTaTRhM2RQVndLSEQ2V3fSAeMBQVVfeXFMT215Y1JpZFVRaFNEckJIOUdqSmRYbzRQcHFWVjdQMnNkbDRLUkgzTy0wMW9Rb1FEUkFjTEdpcEZJOXEwTnNZNXM5dU5RdWFudldiWHZUVzVMQ0xSeXJ0ZllBSjRpNnZaNEs1bVR4Mjc1WEQzZDZtREVadFNNN0FicWp4Tkl3RnVBTTdPT0trX2FFOWZWUWZLSzB2WklpY2YyUzFydjJMTDRNUUpOLUZnWU90WG82RFpabTlVdXp0WXFfUFAxMlBPcF9DWndPX0pPQ2xGdE5lNmRRUGp1eXU4aGI2UnM?oc=5,The Times of India,"Wed, 20 May 2026 07:00:00 GMT",2026-06-14T20:35:38.246132,job_scam,True,False,candidate,https://timesofindia.indiatimes.com/city/guwahati/tripura-targets-sustainable-infra-in-tribal-blocks-with-wb-funding-cm/articleshow/131226880.cms
work from home scam Tripura,Bipasha Tripura’s Journey as a Storyteller - UNESCO,https://news.google.com/rss/articles/CBMie0FVX3lxTE4zLWFGemZobWVpblRtcUEwVXZfS2haRmgyYVJrWDVjYk84b1lVZlB0U1RpbFExTnREalBmU19NMU9fWko3aWZGdFMwUU41UU1hdFp2d0doWDlqRXl1d2FDSDBjdlRyNHVoRGFFOEZZbjZxV19CdjNPeFlhbw?oc=5,UNESCO,"Tue, 02 Apr 2024 07:00:00 GMT",2026-06-14T20:35:38.246158,job_scam,True,False,candidate,https://www.unesco.org/en/articles/bipasha-tripuras-journey-storyteller
work from home scam Tripura,"Tripura CM cuts convoy size, ministers forgo escorts - The Times of India",https://news.google.com/rss/articles/CBMixgFBVV95cUxQZjlFZVV5RUVrNVNHVVVscEd5WXljYmQ1S3BWUkpvcjc5STBsN0NzUmVDZ0c4ZVoyVEFkcmJpdElRUmgxdDJIbWcwRWQxczRDMXhtZC1EYzlYMVJsS2liZDAyRVV4Nkw5U3kyOVU3czAxNnpXYVlGQlE4QWdUVjJaeWk0TFdYT0FoX0N4Z0RkMmY3emtqVk9MaWUtMS01SkxoUFdlYzg3bmRtSm9Xejk2NDAzbVpieFZHV2dxT2RicmJ6M19rdVHSAcsBQVVfeXFMTUltTW51ZUVUTmR3TkRhWk9pYTdNajVsQWpNSEJiOF9VQ0ZBR0xhUUd2RGZpQXd3OGtkVGRaS0ZqdFU4dXI5R3FTeTJBUzNxanlGeFNsQ3BPN1Y3MGFWVmJvS1RzblhoaG43bEh4MDJVSXl5aWRpdWRRTHVFeUZIdmVjaHU0SmVTakdEenFnOHBJVGx1bldkYnVFMzUxLWlaWWNtV2dpdExibjAyUkt2bjVtRHFLSTZUVnBCMlVIbU5CWWRHa1J4bnRsZ1k?oc=5,The Times of India,"Thu, 14 May 2026 07:00:00 GMT",2026-06-14T20:35:38.246171,job_scam,True,False,candidate,https://timesofindia.indiatimes.com/city/guwahati/tripura-cm-cuts-convoy-size-ministers-forgo-escorts/articleshow/131100144.cms
work from home scam Tripura,Victims of Rose Valley Chit Fund Scam Disrupts District CPI(M) Conference in Tripura - Ukhrul Times,https://news.google.com/rss/articles/CBMidkFVX3lxTE5zWnVpaWZqUE1Ldjg5YXpBZy10cWZFOVlYV09MVzVSV2RYcUM0dnY5em11ZWIwdlRXT2hiX3gwaXZQUlA0OVYtSncwOVp3YThQQjd3YVhBTzBOQ19XSlc5ZVBpRnQxUFBMS1BmekJ0WW5WZm83Mnc?oc=5,Ukhrul Times,"Wed, 01 Jan 2025 08:00:00 GMT",2026-06-14T20:35:38.246210,job_scam,True,False,candidate,https://ukhrultimes.com/rose-valley-chit-fund-scam-victims-protest/
work from home scam Tripura,MHA exonerates ex-Tripura DGP in assets case - The Times of India,https://news.google.com/rss/articles/CBMivAFBVV95cUxNYUlaQkQzQ1NzejdqakZUXzJ3RG9pVW8tb1BqblA1b1ZXc2VnTzdKT1UzTHVnQ280QlVJeTNVbjRJbVVCWHhCZDRLa3BLX0wzWVVBZnljU2s5bkRDUWxkX0pzUjJIX3AwM2dCNU5rN1Y3em1qajM1a3FIVXNkeFRCLW92N0JBTGJOYUVBU3E2VkxkYW1weU9rNUlLMVZteEhUZzNKQTJ3OTc1S0lUak05Y05ZaG45bUpSVzlrT9IBwgFBVV95cUxNbElScFhxQ0cwWm1DelBvTFNxelNfLVZHQkVvb3NRUzEwNkJVbWRpTF9ZM044ek5tbERTb1p1cmpuNDNfNURHVUl4b19RWXc4M3dnRU9ZdzhIblN1eVptZXNoQnhwT1JwbGNsNE9EU1JKckF0TUVtZkZoaDlnV2JqdDRDcGpJQk9DZGQ2VnJUNlhQeDZJQ3I1NzNFVWI0V1Q1aF9TWFNvcHJsVkJaelRyQlFyUXNkOVRpSEJUYjk4ZVRMZw?oc=5,The Times of India,"Sun, 23 Jul 2023 07:00:00 GMT",2026-06-14T20:35:38.246263,job_scam,True,False,candidate,https://timesofindia.indiatimes.com/city/agartala/mha-exonerates-ex-tripura-dgp-in-assets-case/articleshow/102049361.cms
work from home scam Tripura,"Tripura's Latest News, Views & IT Portal - TRIPURAINFOWAY",https://news.google.com/rss/articles/CBMixgFBVV95cUxPZERZNlNVVDNsYjBtWTN6WlhUekFNc3pHdWVFVW5FMmM1WkJHM1FHZ1cxWUNyWTdCay1RVnlGV2I5RUhiSTdSS3NIT0JtcGtxaFpDc3hHT1lMZGszNlRiOXhSR21aZ19fM1k5S3Y1YWt2Njl3enlNR0lZUWh6NXpOVlVlcnlKeE1yTlcwOWswa052dUFwbllKZmlFOHRQRmpJNkh5Y0VsZkpwNW84UXNOdHNXSDJOalJENllrazlYN1E0c0JCZFE?oc=5,TRIPURAINFOWAY,"Wed, 10 Sep 2014 07:00:00 GMT",2026-06-14T20:35:38.246287,job_scam,True,False,candidate,https://www.tripurainfoway.com/news-details/TN/10948/organized-scam-of-mgnrega-funds-centre-must-send-independent-observers.html
work from home scam Tripura,Centre and Tripura sign pact with 2 insurgent outfits; over 328 rebels to shun guns - The Indian Express,https://news.google.com/rss/articles/CBMipgFBVV95cUxOWW9qQ3liN0VwZElfYV9MTDRLbG5sNXlaSlV5ZHVUbC02cmUycFUyMGxCLUdIZ2FvODE1VEM2ZC1FWUs0S3JiM1FxUTI3ZjdEbHVoQi1Sc21QeDBLTWxEU2MzQnFwTXpybnVkQ2ZjQWdmMldiR3d4X2dvMTNyUTBkZzNmb2hqQUNDQ1pNNC1vaWk5dkIwaE9hTWxldERlZXVVQU4tUUNR0gGsAUFVX3lxTE8zZ3J4M1lPWnlLcVByMTRHeVgxTU9pMG5IMTNRUFJRSXNCcGJBVU5sNm5lQTJySTFCUVBpM3pIQjJPUVZQbFZLVnJ1T1ZPYTIxUDFDWWNxSWJpMmMzckVIYnJjRjRZSktXdXRPOUExU1RGLVg4MnEzYjhRWDUya0U2c2ZNUk5FOU04VEhHbkJiUHdtYm5uaVNUWnl6a1lMQ1l1Rm1RQjJZT1E0b3Q?oc=5,The Indian Express,"Wed, 04 Sep 2024 07:00:00 GMT",2026-06-14T20:35:38.246325,job_scam,True,False,candidate,https://indianexpress.com/article/india/centre-signs-peace-pact-with-tripura-govt-rebel-groups-9549846/
work from home scam Tripura,"Meet Bipasha, Tripura’s first woman air traffic controller - EastMojo",https://news.google.com/rss/articles/CBMimgFBVV95cUxPaE03R1JjNGdhVmt4TVhHaXdkOGRVbGZVWFBIN2c0V2RGRDk5dUlEU3dybFdiWm9KdkRPbVlrcWJueUR1YWU5NTE0S3ZUUXRHanVaX3VQbXdOX2M0YzFJN3UxS25rYWZNMHRnTDJzNWNUajZMX3kzZVBLWTBqSS1ZaWRaTmJmajlXZ2VUcERRVUJNV1FiejR4X2FB?oc=5,EastMojo,"Wed, 07 Aug 2019 07:00:00 GMT",2026-06-14T20:35:38.246385,job_scam,True,False,candidate,https://eastmojo.com/news/2019/08/07/meet-bipasha-tripuras-first-woman-air-traffic-controller/
employment scam Tripura,"Tripura to regularise pensions of 13k employees who received ad hoc promotion in 2021, subject to outcome of plea before SC - The Indian Express",https://news.google.com/rss/articles/CBMingFBVV95cUxONFdiamUyc011N25uMW40eHBIYjl5Slc1QVlZQXRlcm9ibjcwWnZKS1BRVEpETXhVUkd0QllPYlRFZUVNcFJpVXR6QXA0ZzA5b3AwZWNVdXlSSFZTdVVUWm5aRUdwM0hoaFB0cGZzb0pyd2FRbWsyZnVmQ2xMbDdTSkpTbDVOWUhVMDRCWlBTLU9jaGRQakF3VVRiV2JhZ9IBpAFBVV95cUxPVkQzTmF0cVB4T3RhZXlzeWVDbG1GSDQ0c3BvNl9oWWl0anZrXzF1STBxN2VZc2J5R24zLUNqWXBPc2hYd1FUQmhoaWJzdV9SRnBQTkVXOGc0eUpYRGc0LUVVUTRIZnFCZldJbnQzcXhiUkl0VTI0cVg4MTQwdXlrbDF2M0tIUVV5Yk5xNjk1cHY0MUhsaHRteWdQdWxUSjdRY2t2aQ?oc=5,The Indian Express,"Tue, 25 Nov 2025 08:00:00 GMT",2026-06-14T20:35:40.265237,job_scam,True,False,candidate,https://indianexpress.com/article/india/tripura-to-regularise-pensions-of-13k-employees-10384778/
employment scam Tripura,CAG uncovers massive irregularities in PM-Kisan disbursals in Tripura - The Assam Tribune,https://news.google.com/rss/articles/CBMiswFBVV95cUxNbG9telBBLXY0TUk0ZFItbFJHRnl1U1VBVmJCREQ1N3hiS2JpcnV5aGVENGdNY2piOWxObEh3Y0tpcXg0bjNCOUhfc0xOTV9sYjhRblFyWnVCa3FrVkgwUjhMVUR4ME9QZ0tJSjVQVm84eFJldlZFQTZZeUZBRnU5bFZIWmh3QWhFRFpTLWlmeW83aTh6WkQ2UFRvMXZkMUFBWFl5cFE3YzFjTzBIWDBLeUhTTdIBuAFBVV95cUxQb19oX2lnbkpJZ2V1M3c2eEhFekNXcGprQUlhVERucEFzXzVVRElFekVwUmJTc3lKTU5sb21SWGxSVWJzSk9NTkJXSS12SkNld2RMVGVnaWlUcmJwZTh6emlWd29va1haQUZNUU5CNlBqUkgzdDlnYlN6VU96MzExVDBYSVlWakxubHJYeHQxNmZFM1hjX2JvWjlUUjIyUkI0UUtvaHk3c25tN3ZxN05WS0ctREE5X2pR?oc=5,The Assam Tribune,"Wed, 23 Apr 2025 07:00:00 GMT",2026-06-14T20:35:40.265296,job_scam,True,False,candidate,https://assamtribune.com/north-east/cag-uncovers-massive-irregularities-in-pm-kisan-disbursals-in-tripura-1575060
employment scam Tripura,"Tripura approves 5% DA hike; 200k employees, pensioners to benefit - Business Standard",https://news.google.com/rss/articles/CBMi2gFBVV95cUxPTU5RNWxaSEZ1WXFGRXNFcHA0RkVnczhiX1VIRUQxZkJORzR5SnVmY0dLMUhNQ0liVXFRZGJnTEd4SHhCdjFDZEpYTWRJLUx6c3NSakRLWmJ4eW5jaHRnZ0RILUVyRjZORGJuYkRZTHFRSnd5VXYzZWljTEtoV0NGQ29iWW10bnJBN0F4ZmpWX05BejJ1MkFtaXN6Yms5WnNmLVJqdVpFcHpLZXJJOFNRMjZGWEswRHFJNHl6MHdMcmhscWprMkk0YkV0OXJtMVQtRllDQ0tGb3pYUdIB3wFBVV95cUxPSjVwUkZ6YU1xVHFsaUhkMmJFblJsTGRJYlEzSW1wamhBZ0dwc2VMRHlCRXp5MkN1YUV5U3dOR1REWEVadGhWSGlTcGFsSHZ2am5RbXhJX1JodGZHX1hVa2xHRUI3dS04b1VxNnhLemZEN252bFBfS0FlYjJoSUY4UXNQOEpQQW9DMU1TSDdNYTNxVDFwZExIQlFrRml6N1RKRE9YQXJJT3ZaTG05UFRjTmhJWWk5WmpWUGxfX1RMYVZBYWQ1VDJfalV0RjdyQ2VrbnpmXzZSTmNRQW9TbWNV?oc=5,Business Standard,"Wed, 30 Oct 2024 07:00:00 GMT",2026-06-14T20:35:40.265334,job_scam,True,False,candidate,https://www.business-standard.com/finance/personal-finance/tripura-approves-5-da-hike-200k-employees-pensioners-to-benefit-124103001341_1.html
employment scam Tripura,Tripura mulls to narrow DA gap between central and state employees: CM Manik Saha - India Today NE,https://news.google.com/rss/articles/CBMi2AFBVV95cUxOVkVxc2kwYVpPQUFIWHBWeHpsRWdON2Z5UGFOczRSRFltYUJFMnVsYVRWd0JoaG0wVmE1MXE0RmVTZ0RJaDJZN2hHSEFxWUx5dVI0bkNIVkxUUUZ5TXVpZ2NYS0duRWlHX2JEUFc3dUx1eWxUSHB5ZC13aUJjWVhObVB4ejJsaU1xWS1jLU5sT2JCY0gtNVJyUG54cGJib0d4cXJ5cHFZN1NIUHNfSEhDRGt5LTRLUVdCeWVhWFJJVy1yckUwaWdCZGxQS3VHNWxRUkNJcy1OTEfSAd4BQVVfeXFMTzZsamRlZTMwMUtFWUNtMFBENFRjd3owVnhXSkdVLWs0MlNucXRTMzlkN1lPd19KMlRHMlQ0M2NyckxBUnFJVGNiMmpPdXFERnBSRVZpTWtUXzBRRWdlcnR2WnFiZTk2MUdSSmRZc2YtM2N1YzFzLVcxbDliOFNfZUFxbERHQmlnLTUwWHVkTmZPdHJjSmtVTURwLUNGaEZSWFlCcE5HTGNLTTVESjg0a2NYM2dyTUd3bDlneW9Wd05OWktYZ0hPNEh6dU0yRkdSMUlFUUNncUpvTXd2MnN3?oc=5,India Today NE,"Thu, 31 Jul 2025 07:00:00 GMT",2026-06-14T20:35:40.265358,job_scam,True,False,candidate,https://www.indiatodayne.in/tripura/story/tripura-mulls-to-narrow-da-gap-between-central-and-state-employees-cm-manik-saha-1253804-2025-07-31
employment scam Tripura,"Tripura's Latest News, Views & IT Portal - TRIPURAINFOWAY",https://news.google.com/rss/articles/CBMitwJBVV95cUxOX0pOZktkblQtakd6Q3hhbnZkOG9wZHV6aE9DdGt3MUJNVW4tR1ZlS0ZEY2d6bEpZVmpDT0doUjIzRVNFajZKb0NYNjhJSFNMTGp2U3lLUjc3azZ6dUNaVWFUT0VFOE5vc25oWkdBbXJndHFxRHBKZWppUS1vaTlzX0pxcExzalFtZ1lEOXRMdGhpZDBySWdYS2RJOEtCc0tpWHZWdFg4TXZqcmN4YUNCYU9QZTRWQnU3aHR1VUxscVFkclRTR09sTDNDY0ZENVFtYU13NmgybHBEdWRnYmpYWWNsc05YRlA0T3FySHV0M0M4Z3hveWI5dmFZbm1hMEpNeEdoSGJRb2dlWWtJT19rdzk0QVhqa3I4VTJLMFNCQmRDcFBkWHhOb3dfX2Z3VVhCSnJMelRiMA?oc=5,TRIPURAINFOWAY,"Wed, 05 Apr 2017 07:00:00 GMT",2026-06-14T20:35:40.265371,job_scam,True,False,candidate,https://www.tripurainfoway.com/news-details/TN/81107/no-pay-commission-for-employees-under-manik-s-era-govt-constitutes-pay-revision-committee-clear-hints-to-deprive-the-employees-of-7th-commission-s-benefits.html
employment scam Tripura,"Tripura's Latest News, Views & IT Portal - TRIPURAINFOWAY",https://news.google.com/rss/articles/CBMi-AJBVV95cUxNQWtNYU5Ebi1ORExvUjRaTWdnUjdlcmdyVGp4bDlvSUtzX3htaWVEaVRlTF9CMlNFSVZ0SllZV2s0WWdyVGtrNlMtb1VXQlhSZFYzNkh5cWhLTm05SFFVbl9OY1lraDBjWEVsSWJ0bmlPWGpNNEtKTEhjM3N4N1R1Z2hVMVZrN3ZVRnl3SlE5LTU5NmtCU19UMmVYd0wyWDBEMkItbG05VFVwSTZfYUo3V0hpNGx1NnBVRndnajB0ZXZNWTZjQlZvTFlvdGVIdk1fZEYyODBnTzk2eVNnTUFrSmxjQXRGR1lFb2hpbnF5NFZNWWVjT2ZkNEdNQy1Gb1BVdjcybUhJSFU4MWtwTE11S2xhVWIyd0VpU1F1NWp1N2ZqNVlzX1hmTmhjSnRJby1lRVM5QnB5bU1XQms4TXFqbUdfZFNhNWhRTlo3c2hOLUxxMksyeXdFRS1uNTlQZmxWeVlMOGlnYWl4bDlLMG80YjZUdFV2aVFx?oc=5,TRIPURAINFOWAY,"Tue, 22 Dec 2015 14:09:49 GMT",2026-06-14T20:35:40.265425,job_scam,True,False,candidate,https://www.tripurainfoway.com/news-details/TN/44091/tripura-rsquo-s-mgnrega-massive-corruptions-scam-tainted-ias-official-gsg-ayyangar-successful-in-hiding-facts-fools-central-delegation-cm-manik-claims-lsquo-tripura-is-a-rare-example-for-development-rsquo.html
online job fraud Tripura,"TBSE Results 2025 Declared: Tripura Board Class 10th, 12th Result Link Out On tbse.tripura.gov.in - News18",https://news.google.com/rss/articles/CBMiqgJBVV95cUxPTHYyYnBwRUF4ZVJsMjZ0Q0dpRUlZYmhrdG5ZOGQ1WWVLdlVRLWZiTUlzVHlvb2oxN2xsTWFKY0oybGNJQ3FuMTZ3TnNPUWRLMWlNbjdUM0l5QTAyWnpiTzlBOWhZWGU3Y3B4enN4eHc2bWp6dmJTMEpNV3lEdUZ4X2hiSEhjRHdhRlFOV1h6eW4yWVFxelMtNzhsXy1LSXZ4VkRMbWNabkZFWFNaYTVRU1pZOThFSV9RdE9ral9zZmZLaG9TOU5EQ0JEWVl0R2UwTXdhY1VqNHQyQlFFZlNXRjhBSnRjQm5YSlJ3cnRaLVhtbTdKT2VQVThJTXJIVk8yVXhISVRGdzlpT3pNRXpHVlZNQzNYaVVhNHFERTJia3F1bm5NejFPQUdR0gGvAkFVX3lxTE44R1RrcHRDWkpkdW1kZXd4UlJRVHh6eFQ3eUEteFpCNXMyYjc1WFVwQlpPOUpWemg5bUdnUTNld21JOUt1Q21yamktbnpUcVJTODV5NGlNaWZ6OTEzQmNsYlF5QTloX0NSREVYeG5Mb21scXhaVDIweUd5MjMyVk9NdFpkTjR2SW9HUWtfZ0g1b3NlVjlMY3hncnRQdGdpSVFFanEwOF95eFhNR1BTMTNuOXI4eXJ2bF8yb2VKS2d2UXp0ZXJRT2x1bDc2dlVrTnk5LUpKbTRNMnBkWUJ5VTNaSzVHbmFwVm1VZDE0djM2OUVmWWJ3Q0xNZG1vZGxrUXl1V0xmZVdhSFpFeUdYTkJ5eDFjcTN2U082WWtQNnRaTTg0dXhBNDVFbmpRamxmcw?oc=5,News18,"Wed, 30 Apr 2025 07:00:00 GMT",2026-06-14T20:35:43.778975,job_scam,True,False,candidate,https://www.news18.com/education-career/tbse-results-2025-declared-tripura-board-class-10th-12th-result-link-on-tbse-tripura-gov-in-tbresults-tripura-gov-in-check-how-to-download-scorecards-9318356.html
online job fraud Tripura,"Tripura Violence: Police Say No Mosque Burnt, Pictures Fake. Ask People To Stop Spreading Rumours - ABP News",https://news.google.com/rss/articles/CBMi1AFBVV95cUxObGJEQ0N4WlNKNE5CWnpaaVpiSnM3SDE1STJUbXRlaDdMN204eEFQaThPNWtZbFZlRU4tSlFRa1d2ckluSFdZZmV6WUNuMndmelQwYktRd3ZIYWxqZmJWZV9jV3NDLUkzTVJWaDBwQUpNOUlFOGI4TXVMZEQ3cHI3R2h0VlNZQUFEa2xiM0tsRUlYWDFiMzYwVE9pZ213aVk3eWhZRzhLNXFISVhZTF9EWGJrSnJNdmtXVHpndTlzYW94OUVJV20yV19xNnVRdDJqb1o4edIB2gFBVV95cUxNMGlWanVfU0tnX3FvdEx5bTg3TTcwZUVDWjktNkg5X1FvdmdEZHlnOWdRNW93UWNBbEVYRnB6emlzZklYLXZ5R2FKV3pUdHRhejJfQWt0V1lLTlFVWkhmRG5paUxvS0dHX1hQVFF0WjlPUS04R25LeGdOUFZkM1NlZVFCeUpENTVuUGQ1N3FaZGVNNW12UnVTeUN3Y3N4TkVKLWlmSjN4aDBtMkdTcXVuVFp3cllhOVRRMjhXa2YtRWpONXJjQkZxcmhRLW9VOTdfczhTSGNKRnNoQQ?oc=5,ABP News,"Thu, 28 Oct 2021 07:00:00 GMT",2026-06-14T20:35:43.779042,job_scam,True,False,candidate,https://news.abplive.com/news/india/tripura-violence-police-say-no-mosque-burnt-pictures-fake-ask-people-to-stop-spreading-rumours-1490273
part time job scam Tripura,"Tripura's Latest News, Views & IT Portal - TRIPURAINFOWAY",https://news.google.com/rss/articles/CBMirgJBVV95cUxPT1hlb0ZaUDhXdVJMeGlqMERjRC1CZWo2YXZMbkZSUDU0akZpV2IyTXlFZ3ljY2liQ3pmSUZYYmdNRE5qWGsxUU5reEFJZWlta3NuWEpmYk5LUmV0ZGluTHl4Z0MyT2VPR0ZJVkFtbzZEeHVHcVA4ZWc0TzFHWnhwMXk0V2djbjhvWlFpbWFYdlRRdzlJeWlUR2tPblhiMWtOeS1jMWZlZEpnOU9jeHI3TEI4dHJWS2NGMGlNV1k5SWxVVUczVThSNFFpTUNreWFvZUFzNUUzak1qT0lyNnh0Q0FVRzFNVmg4UG1McU53MFQtQ1Jwd0tDVEs5dmtpMF9jbTRheG9VVlJJVEIwWkNwNzIyMXVsNG9nX080d2NVTlV2T0dkU21PZE5VdmhOQQ?oc=5,TRIPURAINFOWAY,"Tue, 24 Apr 2018 07:00:00 GMT",2026-06-14T20:35:45.614007,job_scam,True,False,candidate,https://www.tripurainfoway.com/news-details/TN/105596/lsquo-yes-i-received-letter-from-cbi-on-yesterday-rsquo-cbi-to-grill-tripura-ex-cpi-m-minister-bijita-nath-once-again-in-rose-valley-chit-fund-scam.html
loan scam Tripura,ED Attaches Rs 6.56 Cr Assets in Assam Fraud Case - Tripuratimes,https://news.google.com/rss/articles/CBMimAFBVV95cUxNQlNwNlcxZjhsQ1NnREdDREtDVkQtSEtnS2FzRGF4b0xETDE5NG1FVHlXdTdYLW81Z1lBUktuZU54QUVMd3dqYUs4OGNOVjBqeXMtakRmR2hldEo3VGY1RkZNc1R0eGZNZ3BnZmwzQy1JQktQTHJzS0pxeGFSWHBGbFFpRm03emZUeFhPZnZOWWVEeE95N0VlQQ?oc=5,Tripuratimes,"Sat, 09 May 2026 07:00:00 GMT",2026-06-14T20:35:55.034842,cyber_loan_fraud,True,False,candidate,https://tripuratimes.com/ttimes/ed-attaches-rs-6-56-cr-assets-in-assam-fraud-case-37062.html/
loan scam Tripura,2 bridges boost Mizoram’s inter-dist links & connectivity with Tripura - The Times of India,https://news.google.com/rss/articles/CBMi2wFBVV95cUxPNXpoVllaSXNpMnVZazU1bDZvYkx3Y3RSLXlPMWRMOW5nM21oaUFiOFpUU05SSFNBQ2JnWFNqYUJFV3Y3bzVGcThwUGFjMHZKM2RJb0VmbVctQlV6LVFEdm1LaWZBNnpxcUpiN0lsQ0hZbHBmdU8zWFRfNmN1QktRTEF0SWtXMDVhUTNUcGRfYTE4YTFRejRzQ1l2SFdsZ3NwVjBRZkxEdXROaEFuc3ZndzVmLUdWbVNXa1FCTWNVZkVlN1FPeC1FRVhqSF9rQWtNSndkZy1yNzhfTnfSAeABQVVfeXFMUDZhLTF6Nlhwd0haQk9NQVJTVWlhUk9CcEVMU2syNzZHU0hDVm1IYTBjMncwUzlUZGNLSFpIU2ZoSjNkdHQ2WXB2T2pvT21UMjZSM2l1WkdCNW41SlRvbnBwNEFXaVdKUG8tV0w5bXpueVVLeS11TWhBS3paMm1ERWFjUU54RDBoYzdwak9URVVIZjg1RzlaOVhiQVNneUxXTzRsT3F4TjhPM3lyX0c4N19Uc1VxS2FIT19sd3NVNF84empKQlQ4eXl6ZEtvZUdfWEZ2Y3NXaW4wdVZRaUtrU04?oc=5,The Times of India,"Sat, 23 May 2026 07:00:00 GMT",2026-06-14T20:35:55.034856,cyber_loan_fraud,True,False,candidate,https://timesofindia.indiatimes.com/city/guwahati/2-bridges-boost-mizorams-inter-dist-links-connectivity-with-tripura/articleshow/131284309.cms
loan scam Tripura,ADB Approves $85.4 Million Loan to Boost Industrial Growth in Tripura - adb.org,https://news.google.com/rss/articles/CBMikAFBVV95cUxOMTlHRVh6anBydk1ZMGpmVWhFMHFaZGRqWGJMeW5uN1ZudE5UNlp2WTE5T1BSalNNZF8wVlJKM2pVeHg4U01la0hLT3MtbjZwcU9sMjJpdE5qYm40bEpvd2F6U1A0dHdNSmZZWUc0RE01bTRDMG13NEQzVDh0X0dLUmhCRGxXXzZpRllpUDQ0b2o?oc=5,adb.org,"Tue, 08 Apr 2025 07:00:00 GMT",2026-06-14T20:35:55.034881,cyber_loan_fraud,True,False,candidate,https://www.adb.org/news/adb-approves-85-4-million-loan-boost-industrial-growth-tripura
loan scam Tripura,Finance ministry official highlights banking growth during Tripura visit - MSN,https://news.google.com/rss/articles/CBMi1AJBVV95cUxNaUtfNU9sVGwwdUpYM0lKam9KM1JsbTY0WTBxbW1zeUFRbG50OUZIaVV0ZVpBb3JHWEs2bEVPUG12ZXFQWlJ2UTR1WnRJYlIyNWJjLUc0MzliMy0zNXl3VnVReUt1MnhRbjRVSVNPbzhsNHM0TVJRWWZNQjM1MzN0dVczU0o4enhhZDdlck10UEZKelg2ZFhST3NoUlJwVkk5QW9kbXlES2VnV1lTMERiYnBJOHd4Qkg4OUFjNDRKamJFbG9kajU4dTF6RWlwQWJMa0I1THpFal9kNm9ZNUlPTVBtS1dEck51bVljVmo1WGJVbkF2WnJKMktiWWZfTVlIWVBDY0RqYzZYMlhqRkNGT1hGMlJHVlRQTjd3dEVvTHdzc0FxVXc2bHZGNkhvV2RRNnJSZjFsNUYxSUJ6bTVEYS1qZnlMM0hyOFAtcFRXUXVBVllS?oc=5,MSN,"Wed, 27 May 2026 08:01:53 GMT",2026-06-14T20:35:55.034893,cyber_loan_fraud,True,False,candidate,https://www.msn.com/en-in/money/news/finance-ministry-official-highlights-banking-growth-during-tripura-visit/ar-AA246t7X?apiversion=v2&domshim=1&noservercache=1&noservertelemetry=1&batchservertelemetry=1&renderwebcomponents=1&wcseo=1
loan scam Tripura,"31,000 plus cases to be heard in Tripura’s National Lok Adalat on September 13 - India Today NE",https://news.google.com/rss/articles/CBMi0wFBVV95cUxNbHZULTE0WjEzLWRad2s1Qk9KVk9vZFJxXzdQR05zVnAwcXFkLTZUUHNXZkdET0FVNEhsMkRLcUV6VTAtcFgtenJ5Q2FBQ0VfNUpCVW1NMWhlbFJ1LWdTZXY3cUNSMVJmZVZSUXNEcVphTDFHTlNheGNINFdCRXVkQ1p0RFVBYllrRTd2ZzNXcEFscTJyVllwSEU2b253ODJDbUx6RkRTS09GVGlySkxmR19pa3RqZG50bkZjSk5Cd2R3U3plWHExRXlQZ0FycUlJOEhn0gHYAUFVX3lxTE85dnRBOWY3M0drTHgtTTBkZDk4VG9iTGhBczIyVHdJUHR5cjgyOWd2emc2TGpONmRZOWNLd2ZCazJZVWQya1dBMlFyLTkzMFFEN01iQ0FLRjhlaE5GMnBHWkl4TDhSc1FTcXpXLXdUeDVTQmE1ZGZMTERwcElGcm5ybk9nSXFpQ2xRQVJZZkY3Ql9hS3hDZlhZdUI3eGF1ZmJ4UXdJMklEdGFGWHVxV2lZUFFjNVpNNU9KdXJvME1uWi1BX3hKNkFwNXJ1YXVzc3YyUTBCRDN5cw?oc=5,India Today NE,"Wed, 10 Sep 2025 07:00:00 GMT",2026-06-14T20:35:55.034978,cyber_loan_fraud,True,False,candidate,https://www.indiatodayne.in/tripura/story/31000-plus-cases-to-be-heard-in-tripuras-national-lok-adalat-on-september-13-1275626-2025-09-10
loan scam Tripura,"ED Summons Anil Ambani in Rs17,000 Cr Loan Fraud Investigation - Tripuratimes",https://news.google.com/rss/articles/CBMiqAFBVV95cUxNRzFSVmVadjJ0bDdDZnFfMml1TmNxRFc5Vmk0Qy00UWhOcXdPeWpYVHJPaUVFVHUyNms5V1kzeTBPdTNJbnF4Rk1FeUY3bGxwYk9jSzZJbzJzeXk5MHRIcWxpYUQ5YlhlcE9SbndQdzViTEJYa080UjRybGVUenpGTmIwZFBLaFVNazJzSDdBQkpmVFEwRVY5bGlvWWNROUZrWDBJUFB5cjU?oc=5,Tripuratimes,"Fri, 01 Aug 2025 07:00:00 GMT",2026-06-14T20:35:55.035014,cyber_loan_fraud,True,False,candidate,https://tripuratimes.com/ttimes/ed-summons-anil-ambani-in-rs17000-cr-loan-fraud-investigation-30103.html/
loan scam Tripura,"National Lok Adalat to be held across Tripura on March 14, over 26,000 cases to be taken up - India Today NE",https://news.google.com/rss/articles/CBMi5AFBVV95cUxQYlFEZGg3cERkN0UyUDFMelk1eW5lQ1VxdEhUU05vUXVUaDhxZzIwWWwtRXJzdnJHeVBXVDVHWWx5NHFudVpmZFU3S0pYV28yOG52U1k2T2o3dEJMUTRBUmE0dVA1QTJDRnFHR3dhRVpOMUNudkFaZzNxS2tPRlVjbTI5dnVja1VydS1MOS1IV1htdi1oUldJaDBXcGEzZ0hzRkhwcEo3LVdFanV2Y2pKZzYtQ0hyODI2cDZOYmRHLVIzNGtnbFZTVFpUYnUzeUgtbmY5elVBdnFuNG5lSnVpX2dyVzLSAeoBQVVfeXFMTnhIdDUxOVhqbkJEN2FZRl8zSl9XYUJuYk1SdUxUUWNrZjVLOFBlTV85elhia0xMeUxpM3FhQ3RLUEJhWmphMUEwNTJTNm0xeG5RNk82bW1GaU8yY25tRFM0WGxOZW9uQTAyNFluRDgyUEpMbG03QWlSWG9pMHlUelViZTl3RmE2WEFSdmFJelVVeV9jRC1LeFpqUm5qQmZlSm1BUTF5YUdLc0lkLTd6RzY5bXRxSUZVbTZnSnlIUWpZd2VrSjhJU3YxbF9YdS02Q2Z5MEN4Qk9FZEoxUGFlRUdaMGNMMjgxN0tR?oc=5,India Today NE,"Tue, 10 Mar 2026 07:00:00 GMT",2026-06-14T20:35:55.035025,cyber_loan_fraud,True,False,candidate,https://www.indiatodayne.in/tripura/story/national-lok-adalat-to-be-held-across-tripura-on-march-14-over-26000-cases-to-be-taken-up-1357720-2026-03-10
loan scam Tripura,Flat fraud case: Nusrat Jahan directed to be physically present in court - Tripuratimes,https://news.google.com/rss/articles/CBMitgFBVV95cUxQRnhkM1pVck1scFZrY3VTV0RUT1A0QVpFTXFNRHdIeXc5NmNiT3hHYUNFUTVLN0tmd05KdGZGbmJhczJRcmFzb1NXVTZLUFlQZENJbkFaSXphdklwS09weXB3YjdqcjFETFpWRUxfc1FaUDFnN2tYQUdDVDNQWkdtM3lBWFowX0hIUEVsSEd0Wm1wUEYwMDVvbk84bnZzMTd0TTd0RVo2MkFPNHFpTlNuODZwcWUyUQ?oc=5,Tripuratimes,"Tue, 16 Jan 2024 08:00:00 GMT",2026-06-14T20:35:55.035061,cyber_loan_fraud,True,False,candidate,https://tripuratimes.com/ttimes/flat-fraud-case-nusrat-jahan-directed-to-be-physically-present-in-court-13639.html/
loan scam Tripura,"Tripura's Latest News, Views & IT Portal - TRIPURAINFOWAY",https://news.google.com/rss/articles/CBMirAJBVV95cUxQQnVrV0JPWnlpcmJwcVJFMVdjc0xvb2xfRWZQdXVveWJYLTJSX3RrRmJEZDY2cG11ZUZ0aUUwSlU0aFgtSU9lM3hoaHZ3NUJEd3lnV2pHMjdCeFl4bWRFd2tDTlBrNzBtbVJWNjhTYTFKSDd5STQtLUg4b3hKLWV5NjV5cXRfMVh0VVpucEVCUS14bFo3QjJ5ck1nWFFtQ3A1X21CV1VSWDRvRWdnWC1QaWs0M0ZXbUhUTHIxYnVydzhlYTM3UGxQM3ZvZDdnWS1SalFWdWlXZGJFaUVmeGVBX2tVcHgxM3ZrNzdoVFVzYlFkVDQ4b1B1bUJEY2ZzQ09wOU8xTm4tQXNjRWxfOXpwTEswdEdNZ2s3UHVFWE5ZSjhhVExVT290OFV5R0s?oc=5,TRIPURAINFOWAY,"Fri, 10 Feb 2017 08:00:00 GMT",2026-06-14T20:35:55.035129,cyber_loan_fraud,True,False,candidate,http://tripurainfoway.com/news-details/TN/77112/bogus-beneficiary-list-under-pmay-scheme-pwd-irregular-fund-expense-panchayat-corruption-halting-pm-modi-rsquo-s-nrega-welfares-across-northern-tripura.html
loan scam Tripura,Uttar Pradesh: Mother Watches Son’s Funeral On Video Call As Poverty Prevents Travel From Tripura - Free Press Journal,https://news.google.com/rss/articles/CBMi2AFBVV95cUxNRkhsWllGYUF6eEpialRUUXB6N3lINUI4czlfUlNQZThRZ0JFWjk2M0pqaF9qRnNNeUlZNUtrd091aE5ENnk3bVRjdmtUUzdKQ19CR3JsUXZJODVxSXpKQ0gySm5KMndFdFJXaXdiaEtoY0t4UTdDWFE5VW81QTVyWTQzWHR5Q3lfU2Y3cG5pUG5OV004TUp3NDc2aVdoWFZMaUxJQ2dudllOR0NQN0Q3Vkg0VWNDeXgtbkxNUUFJcTd5YjV2cnMzVmtoWG92NGo4LTRmTFlSanfSAd4BQVVfeXFMT2o3aFY3Y3hHUk15YU90TTZWY2tkWDM1b1QzaWFUVkZRM2QteWJpM3FaZzJGU2ZnYkFQelMtWGdoeFNtTC1STmRaR0pOenFWdXNWWXRrNHpMR2xwcElvUmlmeHVrdExOaUY1Y0ZadkpzaVZtbDJJYnlBeURFUkVlLWZScXNQUVZ0eVRXSllIOUtmcFJqWk9iLTR1NU4zN01TemdiQnRxRDdYZkkzaHRvd2tUNlVCZk93dFhOdEpEWGhBTlF0UVlJS09YUGk4TUhYQ2FvUWl6eWxkRXpZaXFn?oc=5,Free Press Journal,"Wed, 22 Apr 2026 07:00:00 GMT",2026-06-14T20:35:55.035152,cyber_loan_fraud,True,False,candidate,https://www.freepressjournal.in/uttar-pradesh/uttar-pradesh-mother-watches-sons-funeral-on-video-call-as-poverty-prevents-travel-from-tripura
loan scam Tripura,Tripura Gramin Bank: Rs 2.53 crore siphoned off through loan fraud - NENow.in,https://news.google.com/rss/articles/CBMisAFBVV95cUxOT19XdlJQU3Q5WjE3aFRnSUZVLTRaWS1iamdOT3JMaHhqaGVaUHVQRU01TWgxaHZPckkySnRING5kYUhGbVZWNHlwZ3JOeGdiNFhVU0luSWh5SUpWelpETWNPNl9Rb24wQ1JaNGZ1LTBiQ2dyVVVjeDMzT1AySjlzSVJ5enNiWm5IMFlSLVF3ZkRrcF9PZUlpZ3hiMVVXMDRVY2R6MXBSZUstaTZ2MnF0NNIBsAFBVV95cUxPVXhnTkhhUUNDczZSUXUtbDI4Mm9lVGEyUkh1RFBsc1pkRS1JOXkwWUN1SkFaUlg4aTdjTHFRb21nLUdOV0ljSDJtcDhXMmF6dnk2b3Ayb3d1Z3VJcjk4aUdtdFpZRWhGaFBhT3BRNWwyVUtMN3FRYm9CVG5SUHFBUEx3SHY0QUVoZXdsVERfdDljQUtRWWFDVFYwS1QyVU9BNXA4SUhCT2JJRWFPdkdqSw?oc=5,NENow.in,"Mon, 17 Nov 2025 08:00:00 GMT",2026-06-14T20:35:55.035188,cyber_loan_fraud,True,False,candidate,https://nenow.in/north-east-news/tripura/tripura-gramin-bank-rs-2-53-crore-siphoned-off-through-loan-fraud.html
digital lending fraud Tripura,"Massive Cash Recovery Scandal Rocks Tripura Police: Constable Suspended, Two Women Detained as DGP Orders High-Level Probe - TRIPURAINFO",https://news.google.com/rss/articles/CBMiiwJBVV95cUxOOFJ3cnBIcHgwc2N3R3Y2M3pjb1lhenZ4a3JJZkpnWE1wZTRCSVJpMXV2Z21JOFNYcW1VSXR2Zm1xcEVuRTF1OVdKcW1NdzFRQ2drYVZpenZHZDJVazh6SENfaF9Qa3dlRjJxc2llaVhuUFhiUUpfbnl0ZnBtRFVVaHlVWDQ5ODFUc0d5WHVnMjZfSzRVTlFuVi1kMUpKczJYSUZpbENTRE42UGZMWTh2WjhpVHpZZF9nY3MtSDlMRnBlOE1CV3cwMzlQRWZ1cWItc3FaS0xOUllURHZsOVRqQ2xVYkJaY3drTUN3cFVudkQ1cllzMWlhTGVNUXJSUzBpNmRVeE9TSHcwQWs?oc=5,TRIPURAINFO,"Sun, 17 May 2026 07:00:00 GMT",2026-06-14T20:35:56.890389,cyber_loan_fraud,True,False,candidate,https://tripurainfo.com/EnglishNews.aspx?intnid=6463&title=Massive-Cash-Recovery-Scandal-Rocks-Tripura-Police-Constable-Suspended-Two-Women-Detained-as-DGP-Orders-High-Level-Probe
digital lending fraud Tripura,"Cash Hoard Row Rocks Tripura Police: Five Detained Including TSR Jawan, Police Constables and Health Worker - TRIPURAINFO",https://news.google.com/rss/articles/CBMi9wFBVV95cUxPS25CcG5iR3ZZdm44c00wdkowYzE4ZTVJUEN5V2duWTd6LWtFQnlQanRJcmhTRGM2Sy1jV2YwX05CbHdOOEpXT0FXcUoxaEJIdFVUV1NVSjViRWM3SnByYzBSSUhlZmtsTy1ZM21ZRFI2bld3TG1RUEpQX1AxZ19YelF2bV9uUkVYcFpCVGRHYVhONG1TWUc0bmJrX2g4OXZJbGkwMTdTbUVMMTg3cjJpeURRaWwyajZEbzV0Zl9GaG5kNHVkYkNxalV1RWotbl9DRTZCNWFJX3hIYVdjRUYzVHZaN1l6ZDNraHFsWjdUSUxuYXc1VVVJ?oc=5,TRIPURAINFO,"Sun, 17 May 2026 07:00:00 GMT",2026-06-14T20:35:56.890445,cyber_loan_fraud,True,False,candidate,https://tripurainfo.com/EnglishNews.aspx?intnid=6461&title=Cash-Hoard-Row-Rocks-Tripura-Police-Five-Detained-Including-TSR-Jawan-Police-Constables-and-Health-Worker
otp fraud Tripura,Tripura consumer court pulls up SBI for delay in responding to OTP fraud complaint - Bar and Bench,https://news.google.com/rss/articles/CBMiqwFBVV95cUxOQ0R2cjU2UHhrbndqWVVVY3RDb1kxZkJEU0dyTXRldm85VEV1RnRwUk8yRGJ0SXVUSE8za2lSWFFuZ0YtMjVVLUdzcGhVUmR0ZG9ib0VFRG5BVXZsdXk1MFlPc0EycGhYeFVqMUM4cWVUTDRiOVkwb1FzN1ZGanBBa202M190cXg0eHJfUFBET2gwVVk1eWlCQ0Nwck9TMEpBS3pVQS1qa1NpNUk?oc=5,Bar and Bench,"Sat, 13 Jul 2024 07:00:00 GMT",2026-06-14T20:36:20.318871,otp_fraud,True,False,candidate,https://www.barandbench.com/news/tripura-consumer-court-pulls-up-sbi-for-delay-response-otp-fraud-complaint
otp fraud Tripura,Eager candidates lined up: 181 candidates validated for Tripura ADC elections; major parties contesting a - The Times of India,https://news.google.com/rss/articles/CBMiuAJBVV95cUxNamRuZHN0VHdTbVdZZ1QzTlNWQ01CN2k0MkdCN1NmVlhpVEw3Z3N4OHYyQ0wzYzdaT3I3aU1Ga2F2MUVLM3h3amtZX3ZELWZDVm5TZUtNTTZPY2Z3Y0VZbE5JUUIwTG9KQS1DUXNXUmNzbDd5Mm15b1ExQzZPbFY3a251bWlCcE1UV3BTMEZrZDRKV2dCTWlfSm0xY21MZW1mX1dkd1NxUmhwbEZ6aHFKLU93blhSUU5xQ3dHV1FJckhiS1NMUjBsQnNoeDZCZm1FZW9lMkxaT3k4SnJqNlNIdVBBZmJkRUNJVlptbWEtMHpsdmFHNkI2dV9qcDIySWhFdGFVM2pJR3Ntelh0QjNEOG9qdmFGN0pmQTB3Yjk3bnBfOVBBbVB4UEFKcTNKQWVWVlFNYzZFdGLSAb4CQVVfeXFMT3VPRFpWbzN6OGhBclJqRm00Y21CN1o2NGRCR1FwUXVtam1HR2ZUN3lKSTg1TFlicDJobWVQVGt3WEpRNlhXUkVxczlxMG9pcEE2SkNoN1JteHFLMFJhX2ZXUmxrc3Z2S1Bzc0JXd1NmZGRNalRNbjZLLTJncmlYMjdkUl9kNUpLc1VweDZoNHU2VG8ycUphdVlTVWgwQ0p2bG5Oc21TYnVOYW1MY0ozal9YWkY3c1hIaFdXeEd0MXFVMXpaOFNLNzZTdFpLbFo4ck1qOXplNGVuSzhIVk9sSGlIZWtWOWZxWjJLbkFmWU1lYVBOb04tYW83dFY3SjdyLU5FQ0R3X3hTNWJrSHY2aXdOQW01Ry1rWXJUZFpnUmtaYTBCeVNzOUpUSUxmUTNLWGxaeWwtT1M0QTk4bzdn?oc=5,The Times of India,"Sun, 29 Mar 2026 07:00:00 GMT",2026-06-14T20:36:20.318883,otp_fraud,True,False,candidate,https://timesofindia.indiatimes.com/city/guwahati/eager-candidates-lined-up-181-candidates-validated-for-tripura-adc-elections-major-parties-contesting-all-28-seats-ahead-of-april-12-vote/articleshow/129871036.cms
otp fraud Tripura,Tripura consumer court pulls up SBI for delay in responding to OTP fraud complaint - Tripuratimes,https://news.google.com/rss/articles/CBMixAFBVV95cUxNaUJlUzVleE13M1BjZzdYRW9lZDh3eFdSTGpqc3RvbUc2Mzh6RTBPTTg0NzVscUdpNktVSTYzdmdQY3lLbkRxZGNMcUNITGU4UmtNY0I4czRoOUwzWENFZlpJWWZuNDhiam14UEkwQk9hSHZON0kyUEFDY1pqTkQxYksySU5RV1FlYVptVlhzOUowM1RCMll2bnJIdlJhVmdDUkVDOHFObWlGcm9rZ0IzY3IzWTJReUxwM25fSGk1TDF5dmpL?oc=5,Tripuratimes,"Sat, 13 Jul 2024 07:00:00 GMT",2026-06-14T20:36:20.318895,otp_fraud,True,False,candidate,https://tripuratimes.com/ttimes/tripura-consumer-court-pulls-up-sbi-for-delay-in-responding-to-otp-fraud-complaint-17203.html/
otp fraud Tripura,Check Vehicle Owner Details in Tripura: Step-by-Step Procedure - ACKO Drive,https://news.google.com/rss/articles/CBMilwFBVV95cUxORF84anhSX25zaG1pM2lQSnUtVkVNYktFVFg4alpEdzVJUW9STTFYckdxUkoxVFotbVBDVFQ2SDRZcXBuemI1eVVGUURhUDcyQzlsNkIxc2dsaVhnSzd5UFFDaWNocERsTWxVR0huZWVTa0JPN0tyeVlKNXI2Z1h0b1pTbEVWV1dqYlRoWVpYZlBEcXA1eVR3?oc=5,ACKO Drive,"Mon, 16 Sep 2024 07:00:00 GMT",2026-06-14T20:36:20.318909,otp_fraud,True,False,candidate,https://ackodrive.com/rto/how-to-check-vehicle-owner-details-by-registration-number/tripura/
insurance fraud Tripura,Tripura student Angel Chakma's death reminds us of rampant racism: Why is demand for anti-racism laws risin... - Bhaskar English,https://news.google.com/rss/articles/CBMiwgFBVV95cUxQNnBjNkRDVlJPRDVsbnRKam9wc2pLOVhmV2UycjJQVTVhTi12WXViZlJ5Z3Z3VVZRVzdrakxxX2cyb0tNeDJPejlkMzQ5b2habWFVWmJGd3V1cXA0cE9VaWtpQ3NGb0JJRUZ1bFFYOWlHNVhPN0poVUpyT0ZRQXRMVDVaSTlxOXltY2RRQkZKUTl5cXM1U1ZLQlJiMDVCV1FOb2gyU2Ywa0hBSE9uQ2Q0TFMwLXQ5a0h1bjNaSHJFZWlLZ9IBxwFBVV95cUxOTnpxMk02Sm5yU3RSQnVTc3VGQmtraTlfdEV1WnpFMDF0Y3Y0X3I1MmdZYWx1YWVPTTFTRXRKWkhaM0VzdXhFb1FWUlMtQ0RoSVJZd21famhCaDZRTE5SUTZxY2Z0YkZmcVpIbjlSQ2FzM3pNc2hCSldLSk1FNmVtMEhMRi04YW4xNzhtOUh3VUVCaVlFZGxCRzY1dTVFN3BRZ3d1NXJtUHRtX3JjcHFzc2docmZRRFFMM21KUUp3NVo0UVl5Tmdr?oc=5,Bhaskar English,"Mon, 29 Dec 2025 08:00:00 GMT",2026-06-14T20:36:24.014128,insurance_fraud,True,False,candidate,https://www.bhaskarenglish.in/originals/news/tripura-student-angel-chakmas-death-reminds-us-of-rampant-racism-136804963.html
insurance fraud Tripura,Niva Bupa calls viral post on cashless claim denial 'baseless' - Tripuratimes,https://news.google.com/rss/articles/CBMipwFBVV95cUxOaWo0TU5XY2x6LS0yMUM0c19mV2gzbGZfa2VZdFRsS0ZUeTNNVmtIRmRUS0RKa2hZMHhPUVB5UDBjck1zanYtR2dKdDNIX2d1eHRDYVZPTWt4alh1ZkVLWTdBQ0pEVmgyeF8ybEpyV3Izd0NSa2lpbWcwSXEzREd4Z25OV25tWXBTaFFlUm40LWRyZHZuVGl4bHBsbWRGRDdob2ozN1Ixaw?oc=5,Tripuratimes,"Tue, 02 Sep 2025 07:00:00 GMT",2026-06-14T20:36:24.014174,insurance_fraud,True,False,candidate,https://tripuratimes.com/ttimes/niva-bupa-calls-viral-post-on-cashless-claim-denial-baseless-31080.html/
insurance scam Tripura,Fraud Allegations Against Asirvad Micro Finance Limited For Not Paying Customers. - TRIPURA STAR NEWS,https://news.google.com/rss/articles/CBMiswFBVV95cUxPUlRjV05vbkNkQU91YS1pNEdILUg0T0pYbC1HYXhRbzZFSEV6VUZpclBLQ3Q1dTJYdXJYOWY1MFItckE4MGRURW9DMkh4cENvUkxfWHJieFhLdmpPQmVsMXBSSGJqZ3ZCaFhiQzJnWDJuZXBkY0lwbVRaU2djaV9GMmViZ3NuOTZua0lRTlRmYUhBc1lQN2VkN1JWR0drRE9JcVVicDBNWVo1cGxhejAtYzI3NA?oc=5,TRIPURA STAR NEWS,"Fri, 22 Aug 2025 07:00:00 GMT",2026-06-14T20:36:26.319812,insurance_fraud,True,False,candidate,https://www.tripurastarnews.com/fraud-allegations-against-asirvad-micro-finance-limited-for-not-paying-customers/
insurance scam Tripura,PM likely to visit Tripura in March to launch Vande Bharat service - The Times of India,https://news.google.com/rss/articles/CBMi2gFBVV95cUxPSkdEVnVqamt3M0dFaVNzcFV2Wlg2RG1ieVo3MDZ2SER4dXF0UXA2QXBGVEVpU1ZDb3lOS0RRQnJ3Tk0yRHdjTWJNeFZNRDMyZjQ0NFFtRXFBemtSbjlGV1JxeUJlcHhBMXFqMjNOSzRic0JGUG9nc0RudFg0OFJDWEtHZXh5dmtSNEVSQjNTbm5oNFlib010VW9QWW5Yb1RsZ0hlaXUwQmNTQ1dxeXhTTThPZmgyREpTcFc0cVdYZzBpWHdZRktPVU9ibnp2UVprMzJSV3hFUnpFQdIB3wFBVV95cUxPSkR3WGNUREtHTk1QajU2aV9ROEdKWWdTTi10a0lhWFRHLXJGazFSV3Q3VnBKem4zMFV1R2o3d1NUcnZSdVpRUUNmbjZyQnotZS1NdmFaNEctLWpEXzd6OXJ3N0ozcnJjNEpuWTlvbnhQNnJab2NXNWRKWGtaWHphaERhdjVBbEFRbWJpZ0FzSlVuUTJGN3hqV01oSlpBLUlMSDBZOWl4M3o1YVM0ZmlGLU10QlBCRmlXLXlaMWNkcGVqSTczcTZuZncyN3F0QXdUQ0F6OVZwR1VQUFhud0s0?oc=5,The Times of India,"Fri, 14 Feb 2025 08:00:00 GMT",2026-06-14T20:36:26.319832,insurance_fraud,True,False,candidate,https://timesofindia.indiatimes.com/city/guwahati/pm-likely-to-visit-tripura-in-march-to-launch-vande-bharat-service/articleshow/118224363.cms
insurance scam Tripura,"Tripura launches Aadhaar enrolment drive for 0-5 year-olds, 34% coverage so far - India Today NE",https://news.google.com/rss/articles/CBMi1AFBVV95cUxPc1pXUFJ3aHU4aVlpSjQ2LUZ1dE5MWXpTdzByaXkyd1FzSmFBOXZIazctcGN1WURMSDd0aEtlTVJkVXc3VUNqMUVENWhDNnN2eElYY2hjRE45bUdJQmFXR1Q2MEZVbXNPaWMtMVBFVTk3S1lCUjVaX1BUQVV4N2JucXdIellWT05GZUFPN3BwYVBVQmN0d2lESzFFcWltQnkyMUJnZ0c5MjZvb3luR1J5SnRQd3U2M0xTUEs0dnpUYW1ReVFHT1NDMkp2OUd4Nk9xc0NhbdIB2gFBVV95cUxPLTdJSnBxWTlZdENlMDhYOGthS0l1R3R4U241LVY2UzRsS1RnRzZWamFTb1dINzE4TkM1YUV6cmhOMjRDcGZ2SmtwLUw5aUtmWEk5T0ZHUHRFenc0bFAyQVdHdGc2c1pJTVdoclBUZERDZU1NMHE1OFpuRUJzaS00blJ3SVM3NDZpa1RoZEhtTExkLWIxb2lwOTFKVUs2Z3VWbDRkbUFKeDhfbjkzU1VxQlUtN2JFQjFNc1hwSl83ZTdnOUh4Y3hRTkVhSGRhYzZRdU9CM1VNSzVSQQ?oc=5,India Today NE,"Thu, 24 Apr 2025 07:00:00 GMT",2026-06-14T20:36:26.319845,insurance_fraud,True,False,candidate,https://www.indiatodayne.in/tripura/story/tripura-launches-aadhaar-enrolment-drive-for-0-5-year-olds-34-coverage-so-far-1204065-2025-04-24
insurance scam Tripura,"Tripura's Latest News, Views & IT Portal - TRIPURAINFOWAY",https://news.google.com/rss/articles/CBMixAJBVV95cUxQeXh6NWt1b2h2WGNLY3RSVEVIdnVwVHpRbkFoOHR6eEFsZnNkQ2Vvb0lvWmxXdDEycTNkQVNCTUthS3NQc21saHJYSU1CSjEyeDdkZGx2aVpQTThGN2VmRGphbDUxWUVqZ19oT04tSDZlVDB2amFOZWphTFhoNVBubmZzMW5MWVFROU8xY2FrTUZMdGI3dVlkOVJSS01kYmh6SnVIOG9DN0lpc05ucEhJSEk5eWhJbGRkQXBDU3NXN1RGOXJBdDY2OGdiOTlvY0dxVkc3eDREX2JmRllXUjAtWktRSnJtQXhXUVJ5QkFHOG8tZmFPVTkwbzAtcy1sS0MzWXNVb05uaTVvVlpNUGNoX2cxUmpvbDhvSmcyT3ExeHE5enVFSzJ4MWFlaWhpbkVyQ3I2SERrNWVubEhpRnphU2RfZmM?oc=5,TRIPURAINFOWAY,"Mon, 30 Dec 2019 08:00:00 GMT",2026-06-14T20:36:26.319852,insurance_fraud,True,False,candidate,https://www.tripurainfoway.com/news-details/TN/138195/tripura-bjp-rsquo-s-voters-luring-vision-document-cited-mass-fooling-technique-to-woo-voters-98-promises-of-vision-document-remain-untouched-after-21-months-of-govt.html
insurance scam Tripura,Rajasthan govt cracks down on RGHS fraud; 7 docs suspended - Tripuratimes,https://news.google.com/rss/articles/CBMiowFBVV95cUxNV1BPN3JxRm1zeTZZWUJ0dmNXZGNHMTRHcFhOeXZOODBzN2hxeWczZTVwdEN3WWxFX0ZkbnRfaWxqcU9xQmxSX3EwQTl5ck1qOGJPVXNyRHJDYTdIbkc5NXY3Z1lBNzhmOF9nMl9uNVIyUGpMMDVmYzU1VHFIdzhaM01aX1JiYkg4ank3bUNSdThKQTlCaEtsZFl6SExmZzQ4b1g0?oc=5,Tripuratimes,"Sat, 14 Feb 2026 08:00:00 GMT",2026-06-14T20:36:26.319893,insurance_fraud,True,False,candidate,https://news.google.com/rss/articles/CBMiowFBVV95cUxNV1BPN3JxRm1zeTZZWUJ0dmNXZGNHMTRHcFhOeXZOODBzN2hxeWczZTVwdEN3WWxFX0ZkbnRfaWxqcU9xQmxSX3EwQTl5ck1qOGJPVXNyRHJDYTdIbkc5NXY3Z1lBNzhmOF9nMl9uNVIyUGpMMDVmYzU1VHFIdzhaM01aX1JiYkg4ank3bUNSdThKQTlCaEtsZFl6SExmZzQ4b1g0?oc=5&hl=en-IN&gl=IN&ceid=IN:en
insurance scam Tripura,"Tripura's Latest News, Views & IT Portal - TRIPURAINFOWAY",https://news.google.com/rss/articles/CBMi1wJBVV95cUxNT00tTGRWQ2ZodTVBWHdIdm81VmdwU2Mtc0NkSjU0U2FSSkpuNTlvTncwZXJweWxFb1JHTTBDR2d0QmQzWTctV3NVVjFndU5kUnN2TmhkTmRJRDFfT2w1emZKQzJWVU1HeENGQ3ZrdzNRekpnRFhDd2hxSzExb1U3NDUyWmNjUEk4TFhqUGhwR3NURmhwUXMtNktFeGdBWWdPYXA2R0ZJTjhYU280X3RGYWxJbDZRUHU2VUFTRU16eWE5UmhSTXlBTTBRMVBNLTVUVTZTLUZDY2tlM3cwMENtM0g1QnhkdGJCZEJVWFNva2xLWkVab3E5ZTNRYkNXZkJvVW12SXhIMmFZTFFEUWdNNzg2VVA1SkhLQndTLXByTVlTRHhxSUVwV1hEZm1ZalB2aS01Mlc3QmYwQnFKR1V6Q2F3QWt6NjZwOTdzLVptNndkTGxnd200?oc=5,TRIPURAINFOWAY,"Thu, 13 Nov 2014 08:00:00 GMT",2026-06-14T20:36:26.319905,insurance_fraud,True,False,candidate,https://www.tripurainfoway.com/news-details/TN/14264/otpc-palatana-unit-ii-hasty-inauguration-of-commercial-generation-of-unit-ii-may-lead-to-2013-like-loss-is-too-much-secrecy-and-alert-notices-to-employees-indicate-something-wrong.html
fake insurance policy Tripura,Tripura min seeks more central aid for farmers - The Times of India,https://news.google.com/rss/articles/CBMivwFBVV95cUxPNlhyM19JdmU4d2JrQmxmZ3hsU0FPemJlNndoTWRONXBIRFlqVk9Ycml2ckY0RzM2WVBxWnFYZHNTRl8xUEJlVW50UWZsb1pMZzdMLWhyc2ZXWUNHMnhZZU1OU1h3Qk1GODJDYWNEdzRsVVQ1b25zWU5qUnFzQnBZX1IzOGVLaWNtZk9yTlR2eEpKa284LWNzZkcyaEQ5NE5FOVl0UWFqNWIydjAyeG9odEhDZ0VrOVh6bDdUX3BVUdIBxAFBVV95cUxQWjBIX3pJbzFnb21hN24xVkx6UzVwUUJHR08wTlJsekxSMXVBdVJHVjZnWFNQeTZIeVlES2x3eGhHTUF5cmtlbk1wNkNEcjVJTm1kT2x2djBYUWJ4X0FtNUs3TlkxTjFGa01kNmFERHo2MTZGUnR3bnRKUi1NNl9qOVRKaDlfVVl0cXAyZjU1akdBODdYQlBFUGJOMnVlNEZwZndXOE5jMGNzZklNR05jRDRRUTBQcnhZZXdveTdUOGJrbmcy?oc=5,The Times of India,"Mon, 01 Jun 2026 07:00:00 GMT",2026-06-14T20:36:28.474287,insurance_fraud,True,False,candidate,https://timesofindia.indiatimes.com/city/guwahati/tripura-min-seeks-more-central-aid-for-farmers/articleshow/131428591.cms
fake insurance policy Tripura,"GBP hospital now a haunted bleak house , Medical Super unaware of murky happenings in backyard - TRIPURAINFO",https://news.google.com/rss/articles/CBMi5wFBVV95cUxNYm9tODlKVDZLazRsLVlPcDFrNFlGM3pTVDlfbHdWM2VST3Z1VEFQSXRlZ3E1bVBuQnZkSEhkbWladEc2Rll4YWVfTlhISHZCWlJRVlhpbmVLcjQzZzdfQk04UFFUVmNPOXBybmdtRmpYRnc5bnB6SFFOMXhuV3JmMjdaZWV5VzNkVmNRWjFDSnBDb0ZXT0t6TnZ6T2drSzlCOEZBUDNlQlc5M1JlSHVHNWJRVFo3dFpJbERpeWxhSWdvQ0cxdmwxVHNUX0wxVHlrVGZybHpuaFJjVlVfZXRVZTlKU29Idm8?oc=5,TRIPURAINFO,"Mon, 06 Apr 2026 13:31:04 GMT",2026-06-14T20:36:28.474294,insurance_fraud,True,False,candidate,https://tripurainfo.com/EnglishNews.aspx?intnid=5881&title=GBP-hospital-now-a-haunted-bleak-house--Medical-Super-unaware-of-murky-happenings-in-backyard
fake insurance policy Tripura,Tripura govt launches universal health insurance scheme - The Assam Tribune,https://news.google.com/rss/articles/CBMiqwFBVV95cUxPalNzMjFfeHZCcXhGeVZQbUF4ekRxRFJJclVUWWNWaDVXZkQ5QTBmRDJhOVJzaXZQYldhTGhmQS1JOVBlYy1vRWcyY00xbFFsUFlwN3cxMFhVUUtsT0pXeWN4elhDbm5GU2x5LUl6STFicGMwMDJ1THJiSU9vTThEOUZwZzByOGthS1dmVFFVTjRKSFAxZUk3ek1HZGxqR3RaZUJHVjVJdzcxSW_SAbABQVVfeXFMTXNVcXF5eHhkcjVpMFVydHNrMWZlZEZRaVhWVDNmMDIybWs2V0JEZ0pDYmFXSTFTRnJIa0FvZnBNQUlaYzNRVnoxYVhtNklPX0FZOG5aaVF1RDNpWkpQSjZUeDBBRHgxVVM0Ym8xN1lxUUc4Tk1jYkhUX2Y0eWktZWphRHVfdGU2bFVaY0s2bTQ5Y2Nqc2pBaXZoOVlsUklwZmFmek9PaWRhTXpSbEFrQUo?oc=5,The Assam Tribune,"Thu, 15 Feb 2024 08:00:00 GMT",2026-06-14T20:36:28.474301,insurance_fraud,True,False,candidate,https://assamtribune.com/health-and-fitness/tripura-govt-launches-universal-health-insurance-scheme-1520891
fake insurance policy Tripura,Tripura to replace ration books with smart cards - The Times of India,https://news.google.com/rss/articles/CBMiwAFBVV95cUxPb3RGTnJxT1Fhd1ZTZmtRaUZ5NHc2cVRuZC1ON0k5WTctNFg3MHdET1Q5WF9pdk5aQ0lzM3l3bzVLNmlCc3pySlBtMHZGRnl5dmUxeGhmV1dYYkphTGUzb1RDOGhENnk4a2xXWHFRX2tMUnVIWlhyQkNEOE1vN004cW5kM3BONTBaaXAxZks3d3RBVkJUOWZVdkpwbjg5d29wWGNZM2FlQ3dqLVlOVEF6czNwaVBiYU9jaENFVVRNZU7SAcYBQVVfeXFMUGI2elpGRzJZX2VhUkRqcTYwS3luQ1J3OUNCVnJhaGVWR0FCakVFQzZaWG9XaDhibUdjaVFpTFNzZ3FIMU12NU9aOXlSdHk2RFM3RkhoXzVLUWJ6YmI1NU0xdzRJb2pTSVl2NUlGZkI2OVhZLXZuMDhjVS03djBNckJPMU1FVGVzZ3F1Q0VwVnlrZ1lfVXp1RThIY3V3RHZqM1lWMzRLVGZBaHFlOFR0TzFTenJjM2xZWFl2LVFrTTd1d3Zfd253?oc=5,The Times of India,"Fri, 31 Mar 2023 07:00:00 GMT",2026-06-14T20:36:28.474364,insurance_fraud,True,False,candidate,https://timesofindia.indiatimes.com/city/agartala/tripura-to-replace-ration-books-with-smart-cards/articleshow/99131208.cms
digital arrest scam Tripura,Tripura man gets life term for raping minor stepdaughter - The Times of India,https://news.google.com/rss/articles/CBMizAFBVV95cUxOaW1GMWRQTnN5aE5zR2lNcldySWdOcmNCTTZvUk0tYnFjZC1mNC1vTEZ1TFhKdFphSUk4ZFZ6ajE2N0gxMjY1RS1leWlOUzdCYmQtQXZEX0s2WG9wNmZfSU50ZGIxYXBiSjJ3ZDcyNGdZTXh3NmNELWZySjlrUktpZEZtZFBPZGoweTNOaUwwb1cwUThBcjktV0VNWGo0SVBaek9ZQ08ycEFWclZxak94ajRiWWRSSVJuUkVDd0FFM0NwYlM4WnFGNndPX1XSAdIBQVVfeXFMTmMtTm5zN1ZMUzU2b3dBVkJ3YlpJQlZsc2Rta2lCWld2SFdac0xoSmJqVXg1MmppdDZ0b1FfZlV6c2t0SnctUkhmLV9FNzRMTmZhMmxQSTZpM1ZZd3R5Q1ZCZmRDZDBPZXJRSE41LVBNQ04xRlROY2FBZlBySTBZM3FMd2t3ZHVXa3FnQ2RQaUloVkZYVHJuNHhnMGNqaGNUbjVZOWJTenl1R3R4NlUtNk1vUm1rUUtfYUJyZkFFYmI1ZXF4VUFVNUZJcG5ZSXBPa0Vn?oc=5,The Times of India,"Sat, 14 Feb 2026 08:00:00 GMT",2026-06-14T20:36:32.139670,digital_arrest_scam,True,False,candidate,https://timesofindia.indiatimes.com/city/guwahati/tripura-man-gets-life-term-for-raping-minor-stepdaughter/articleshow/128357855.cms
digital arrest scam Tripura,"Tripura crosses 6 MW solar power milestone, aims to exceed 10 MW by March next year: Minister Ratan Lal N - The Times of India",https://news.google.com/rss/articles/CBMijwJBVV95cUxOc3R3bDBmNG9jRG9LSXJfRWFVdmt4N3MzQjlJYlJ3TUt2LXpWMXBNUm5ORlY3TzJqRWVjVTVaa2ZoMzFuTThnRzZlOXpCUUlvSjZpSWU4YTlRQzVoRUg0bWoyd3hfLTBuZ1drS3l0M2dhVndRU1p3amVCaDVaUHJ1YkVjX0dwbmVrQ3JHNjhXcnpaTExUbHNoWUJVaEdkVkhqd2VmQ3RyRFNSNlNydUE4M21Cak9UZ2N2b0JIXzU4MlFBNnNKU0dZWG9CODlkbkhkX1FwQk1RVXZ1T0FjQm5hMjZzem4zQU1Pa2JEaWFITC14SXNwZ2pXTmVpTzJFcDQwTWR1SVVIelplc0FpaFdV0gGUAkFVX3lxTE9LeFlwaXJtUEFkcWIyNy1yXzBGWXI0MDN1eWNqQ3pBeTlabmNXS2xreDNObzItT2dVNVZDT0tkaUxnSUNESjFWUXFpZ2g3N09MQ1pxN1JpWGZDSHY3V2xwY2xzYml5TzhybC1xSFJDYk9wd0o1TjEtZy0zSmhOSnNFNW9wb1lZdTdYQUhwdEhZQTVKVUo5S3dOelppbDZnRnlLMGpHbThZOGZzSk1SaGlkTnNZWThtVWptaDFVdENkejAtcXRrQUNSc05LUFpoeFFfNVFaZ3VabmZ3X0RFN0E3QWxXdTVRalRtcGhReWx0Tk1fdWFFcW5sUDFmU2RRblVEYTJLaUNJZElsWnV2ZWxVOUFuRw?oc=5,The Times of India,"Sun, 28 Dec 2025 08:00:00 GMT",2026-06-14T20:36:32.139684,digital_arrest_scam,True,False,candidate,https://timesofindia.indiatimes.com/city/guwahati/tripura-crosses-6-mw-solar-power-milestone-aims-to-exceed-10-mw-by-march-next-year-minister-ratan-lal-nath/articleshow/126208306.cms
sms scam Tripura,"Tripura Class 10, 12 result 2026 declared: Direct link to check TBSE Madhyamik, HS scores - India Today",https://news.google.com/rss/articles/CBMi9AFBVV95cUxOb0JLZ2ZOZUNweUZ6R0xLZ3c3WEFiaFExSXBnUDBQTGVPNGg0cnhNTWNJbW9MNzVjWXFucVVjbkZsLXhRTTlfenRWdFBSTnFVeDQ3eWVsUlExTm1KRnpXZUgyS09EaG9zTFFjak92Ym9zRFRuSGNYcHBsd0lUbV9ZbVBzaUVrdUdWaVpjbG9aalRBVlFiblVGVEFEdV81d25pUWk3eTNXMS1hWXkzVmtuaC1YRHBRZVpiNDVwWW1MODJ0dks1Sml1dndvM1pIQ01LSXlHNHF4djBFaktlbGJrZXZOSXdYcGxRVV9JczVjSFVZLTdi0gH6AUFVX3lxTE8wSWk1aWJoeXh5QndRVnhDV0lZOV9wTFJweTFkcUVXS1laMmNldWNJTTVPYW9JMnRleFhwVXpxMkgzS1dfYWpuM2FGVDZPYjFSSWVMZVZWMWVUNEVwcnB5ajJkamNJZGdtTlE1ZXpDZ3oybGdWZXBBbjQtcTZGR19xUllKYXh4WElVTFdKU1BjWGJiRnVjbDZwem1ZUWZxcEtPUmhOOUJ2TEVhVzNiNVgzQUFOQk5pYVNDQ3BSY3JReDFYR2JQZGRuYXJrTGxUc00wUWtKZ2tLZmI1a3c4LTNiT0R0N3BuSkgtX0Qzcm5CeTZzcHBULUJqcXc?oc=5,India Today,"Fri, 08 May 2026 07:00:00 GMT",2026-06-14T20:36:35.391959,smishing,True,False,candidate,https://www.indiatoday.in/education-today/news/story/tbse-madhyamik-hs-result-2026-declared-direct-link-to-check-tripura-class-10-12-marksheets-2908584-2026-05-08
sms scam Tripura,TBSE result 2026 today: What to do if Tripura Board's official website crashes? Alternative ways to check - The Times of India,https://news.google.com/rss/articles/CBMirAJBVV95cUxNUVU0T2dUeEx0TUM0QzcyZllrU0t3UU5zeWhOZUVISi1qWWlxanU1bEQzajcyQmcyVnNwamlZODd4bFpLZDdjS2ExYk9SRWdKYkRsMlYwOWdZdE9KNW1yMmpRakY3dW1SRFUwV2F4OWhfY3k2cTQ4YzZaN2NzcDdicW9qSnhyaF9TenVRdnZxYXV2NGgtbEZNREFwTndsU1RyQmpfdDZWRTZ3UnBKWlpWVURjd1VsNzNZRjI5MHBWZmlmZ3h5bXZiZG5Xa2s0OU9KZmNYaWxDQ3A5UGFERHlreURuckF1TkpBdGRLeG1LbmszcW1PS0FtX0NBeXpnNXVJT1EwN3RIbHo3QXZYVFVKSGZnY01DY3U5LVlCeEQ5M1l3LUpQaVRnX3dodGXSAbICQVVfeXFMTmVmZkM3Z3UwUHhZVWNoYlZYVy1CeFhoZVRabFhpLWswbi1wYk03TGJsVE1KcFl3UENkeFNsTWhsTzZBdUMtLTNJcHd4QTUzX01NOXkzU0txZXVJRjdINXdtRUZ2RzlKSWc2djF1RjhLR1ZjOFNld0ZjWkxRLW9aYzBHcWV5azZveVZ3MTFFZG5KNmtEbm1INTUySWlzN1B4UHhUNnAwU3E4a0ZnOGNVaWdqSi1lOU94Z29Ibk9nT3RqbWdTMVNCMFNtUTh4Q3VmOGlPQ3ZTaHZzSXlxeDUwTEFTVE0xMDN6TjF3cTBwMEE5ZjBEQ1VFYTl0YXJSSUthT2NoVTNodkhwWjFJWTF0ZjBWR0VKWWRlWUxUeVhwNGhkLTNqSFM2cE9kSlN0c0pRcXN3?oc=5,The Times of India,"Fri, 08 May 2026 07:00:00 GMT",2026-06-14T20:36:35.391971,smishing,True,False,candidate,https://timesofindia.indiatimes.com/education/news/tbse-result-2026-today-what-to-do-if-tripura-boards-official-website-crashes-alternative-ways-to-check-class-10-class-12-result/articleshow/130951385.cms
sms scam Tripura,STF: 11 arrested men confessed to plotting unrest in Assam & Tripura - The Times of India,https://news.google.com/rss/articles/CBMi2AFBVV95cUxPMzY1TFVXby11WVdnYXlHRjhlUzEtZVJVd3JPeGROR3FjTUZ5ZWRnTlIySXo5enZvdTY4OWZ5RGFhOFdoMC04SWVSZXhqX3FCQjNxNThWQzRxOXhXd1FkOVNqU0NJcVliTnE3Z242SEhVWTJMWlpTZjV1N0ZJSkhseTdnWnJDNTYzUjlqQjV0NEhrd21fMnVJY0FiYkVUd3FBS3lSakVGQVRsNXJEVC1ycHF3OUpVSHVBQUc3OEFrc3ZOUUhMM0NETzU1cWtRRE1qeFNYUGZTSmPSAd4BQVVfeXFMTlBjZ1hqUTNQN01wS3U0bzMxQl9BekdoNHk3eFdUc3J3cFU3QTNQRFREZGFKWGE4ZFV6QnJyeHUycEJHbnJEOG5JYko2WXU4VElMTlhQT29jTV9GTFlPektRd19VRlhzSU5ycTN0VzlKUG5sQjZzRWFxaFRLLXlCUGVrT3ZDTjVvOENPZXA0Z1ZIS3p0U1JIU0l2V2dZLV94YWI5X1A4Tm5weDBPbGxKZkFEcWFnSE1zX1NZVUFHOEp4VXU4VTJkOHgxb0pqUTVZbEdSWl84ejd6M0ZpMDJR?oc=5,The Times of India,"Sat, 03 Jan 2026 08:00:00 GMT",2026-06-14T20:36:35.391997,smishing,True,False,candidate,https://timesofindia.indiatimes.com/city/guwahati/stf-11-arrested-men-confessed-to-plotting-unrest-in-assam-tripura/articleshow/126326305.cms
sms scam Tripura,Beware! “Unpaid electricity Bill” fake message can lead you to trouble - Tripuratimes,https://news.google.com/rss/articles/CBMixwFBVV95cUxOQlhiQldSeFhjWEdoeDBHOHpkZTg3WUFuN0pHRVF5UDZyM2ZxZkpIVHE0YWEtTnB5WlNBTWxNR3pKdVgzNlYwMDE4RVpxb2ZseEpEeFhZNU1hQjhXbGlHdTBDbldBeGd0RnhTTHNubW45SXVfNWVLTkVRdHhoR2lqMGtUM0Fsem53Ry1odUZ3Z2k3MzVNY2pHQnZxNlh0bFFIRnBFSzJLQUdnYW1haUN2ZkhjMjY0MjZTNWtQRi1RY3plM3Z3TkY4?oc=5,Tripuratimes,"Thu, 18 Apr 2024 09:39:04 GMT",2026-06-14T20:36:35.392021,smishing,True,False,candidate,https://tripuratimes.com/ttimes/beware-%E2%80%9Cunpaid-electricity-bill%E2%80%9D-fake-message-can-lead-you-to-trouble-2284.html/
sms scam Tripura,Alumnus Ranjit Badesh appointed Assistant Professor in Tripura University | - UoH Herald,https://news.google.com/rss/articles/CBMiowFBVV95cUxQWHFvLWdDV1lvTnlIZXV2aFdxeFFWODAyMUdoQTlIR0l3VU1JRHg1V2R6cE03SEE2dmwyMFhhYnZKMlFLNEJTcC0tdVplNkhIaXlMVXl6LVg2cWtCdlpuRm10cmlMVXNkZk9KTXpBSDAxZEM1bWZpZ2p2NWNuM2pmbGtSVlEwTnFMVUVpWWIwVWlZdnJDMERRMGR2XzVnajVub3Nr?oc=5,UoH Herald,"Fri, 28 Jun 2024 07:00:00 GMT",2026-06-14T20:36:35.392032,smishing,True,False,candidate,https://herald.uohyd.ac.in/alumnus-ranjit-badesh-appointed-assistant-professor-in-tripura-university/
fake sms Tripura,Internet services suspended for 48 hours in Tripura over anti-Citizenship (Amendment) Bill protests - The Times of India,https://news.google.com/rss/articles/CBMi9wFBVV95cUxNemx2ZTlkYmg3dkdFSENXT2lNNWw5aUtFMjVFZElIYmlISEpOTFlJLUdqTWtDVko5ajRrRFBWSGNYOExYbkNjR0NlLUNQcE43Qi1vMUozbDlvTkdoT3B2YWtvNkl1OW5leHNsZC13M2U2YTVsTC1iSkNCTlNPWXNWWXAwVGxWT01oQTRlLWdhMGRnQ19RYWJsT2U2U3hxRllTT0NxczRLWnc5T0piNmtraWxQbWl4ZUNCZDZEREtRNWI3R1h3WGNXZjQwYUhCQi1VVTZTYXNFa0ZncGFIam5NdjBUQmY4NTNWam9FZ0VOYktpZWpYTVZr0gH8AUFVX3lxTE1mS2k0NVRsQUFJV0c4UHV1NENRY2YwSk1PV2xQY2EyQmxRc3VpZnpFczltWkwtUDdSbUEyQW5BRmt3MkNpR2U2d09MSEpoN2dSVTMyTTluczZIRldzc0JhcVFnUHhGTnR4YlJ2djhfSVhMb0FkLTJuNzRJcTVBLVpVbHZ6SWlhbzFqcTF2WjlaUnRhTjFyMHpzMWltWVdPY0dOMVFHUHdMRVBVOXpDWTJQbzZ1SThqZldrcjdyTVk2aHBXT29tal9pbU5zZjBfOGNQTUZ2SnpPQ1llWDh1QzFlQVBNdGRZYnh0cERwWnItdjFNLVl5cWtTS0tOeA?oc=5,The Times of India,"Tue, 10 Dec 2019 08:00:00 GMT",2026-06-14T20:36:37.229607,smishing,True,False,candidate,https://timesofindia.indiatimes.com/india/internet-services-suspended-for-48-hours-in-tripura-over-anti-citizenship-amendment-bill-protests/articleshow/72461079.cms
text message scam Tripura,Tripura probe into bus purchase scam - The Times of India,https://news.google.com/rss/articles/CBMisAFBVV95cUxQUVEyVzU1OFI3dzRNVVJab2pnUHRVTHNyZnNXWGxkRUV6UWJYVkdnX0lHanB2Nm8tSGsxV010bUxsc3JKYnQ4amNpVVc4OVJVY3hUTVJ1eHluVlRYR0h4OFZDSkdHRHk3bmNFaW9hVHFnbWtaeVRwQXVLc2pVc01MMWJnY3QycS1LVmNjNnFqV09zV1BkT3pwRHNFak1vUjFPdEI5V2N5MG9aUmlYR3BXQtIBtgFBVV95cUxNd2tRX2dKYTlib0RMVmxwaTdYYVFnWFU3Um9hTnBQWDF5M3phTERpTmV6LUlnVDBfaTZfWS1MUHBiRl9RMjd4Vm5RSnl1NHh6amk3ZnloNjI3R0J4c0R4aHRnVGJ6X1k0ak9kTDhkY01TUEpFLWNmX1hjSzJieWNlYVJGY0g2U0FlaUx2U0R4bnhjWDhBTjVrNmtiTXZ5RHZtTHR4QVhBSVR6ZjFSSXhiOHBwSENTQQ?oc=5,The Times of India,"Sat, 16 Nov 2019 08:00:00 GMT",2026-06-14T20:36:43.297088,smishing,True,False,candidate,https://timesofindia.indiatimes.com/city/agartala/tripura-probe-into-bus-purchase-scam/articleshow/72083704.cms
sms fraud Tripura,TBSE Results 2018: Tripura Class 12 Result Science Result available @ tripuraresults.nic.in - The Times of India,https://news.google.com/rss/articles/CBMi9wFBVV95cUxPMWRTRk9mQ25MTGt2Qk84ZjVmaDF2X1VSQ3RXZkhoeENzWVcyb0tNdTRkUU1WRkxwRTJ3emFHOU02REl1WTZBaUZwdTlJdzF6RFMyVWxEQ3N3eWFPOUE5UkdhV0lPM3lFaGhPUEhhVHI2cWZTVUhDeGl0akd6QkowbWFNeFAyUDgyR1JKRWJ5VEpNQmVnTnV2bklOcDNTQTBHUklmYzJvU0RRNHZUaDZRWnhQeUlpQU9vVTduMXU4Mk8yQkdGRzM4YURwNGdiYmI0MjlTX2ZVN1JfUkRhY3d6T1JUS0VGdWhqRklKWjlsRXc5aXRycWI00gH8AUFVX3lxTFBsZHJVWFhvbFNVa25GTVVHS084dEdXSTd5dm12dHZGUmkwaU93S1c0VFN0Z2tPSG1QejgxbWNwZmJGWmJVWGdzUnQ4YzEyQlk1bW5XQmpZUkVDY2NfekFXaTNQdTVfTEJGWjRGRTF5b011ZnJ1MmlrR0dCOTFNcVRGSk1HWFl6WERfLVJPcDktMW1rejhEV1VRX3dFS2hRS0szN3hfQVdRaWt3RXFuZ0w0cTE4N29IZDk3N0hDb0ZaNFJWNGIyN2Z6b0E0VFROQTRGLXdST09QeDgyOGxJXzVVWTRlLTJjMVpLRHp1ZFBkV3h0bVJDY3dDdFZGeA?oc=5,The Times of India,"Tue, 22 May 2018 07:00:00 GMT",2026-06-14T20:36:46.292276,smishing,True,False,candidate,https://timesofindia.indiatimes.com/education/news/tbse-results-2018-tripura-class-12-result-science-result-available-tripuraresults-nic-in/articleshow/64267521.cms
sms fraud Tripura,"Mobile internet, SMS services restored in Tripura - The Hans India",https://news.google.com/rss/articles/CBMitwFBVV95cUxONldWaHZRZVZ2Uko0ak9OWWRIaGwyZTd1blNibkNyblRTeUFGRjZyVVNMOEtlVHR4ZGxtNmVwXzNSM1BPZERJX2JPT3BtTnRpTzJLdlo4YkVmWGNxYnV2aDlXZ2hoTFJHaXlybEQ2U0NuX0pxV2JHelNhVG1NUFVuZmozVUl1dDVkTkN5dVAxUlVNcVVMdkRvcW9XY25TMDB0cjFOYkJMaklpUm5vVEhhTHRTRWVkVzDSAbwBQVVfeXFMTjF3US1LWU9USndXdEhydW1zR0lyN1BLOU5oQ003NFpkVHhsQ0hESnlSdjVBcnJsOGowbzhyMEVjLXJlc0FUM3ZRa0ZzTUoxVE01Z0dOV1ZnakNDaE5YOXlXQWpCR1JIUGctMGJScVFHTERNUml4VEZwMlk0aFVVVzlBek42Q3lyeEFvM1JSZ0c1Z2FDcjFxQmRlLWUzT1RXWExCemFtUnVTMjlzREFOODZEVHNUWW80SDVLS3A?oc=5,The Hans India,"Mon, 02 Jul 2018 07:00:00 GMT",2026-06-14T20:36:46.292322,smishing,True,False,candidate,https://www.thehansindia.com/posts/index/national/2018-07-02/mobile-internet-sms-services-restored-in-tripura/394431
fake text message Tripura,Over 30 Youths and Minors Trafficked from Tripura Tea Gardens to Arunachal Pradesh under False Promises of Employment - Northeast Today,https://news.google.com/rss/articles/CBMiggJBVV95cUxPWVpmNG4tSDJCQm5abVQ0Y1ZtbDBab0FmdHZwdl9RWENDWlJSbFM0RVRvSnpfSTIwOVl3c2d2TTZmR25DS0RpQmV1UGh4TlI2d1dzRE80dldCTFpyTEs5M3A5bVlta2V3WDZiamZVOHRsdjkyYVJzNVFIR0pzSG8xNTVVN2J5WDVpYUJMX0VOeUJ0anRvRUVsT2NWQTRiREFxVElQdHFJODJOU0Z1SjViQzh2b1poYV8xNk1IeVhKZEc5Q3hqeXM0OVVDdTBJb29SRUZ3aHRvMXp3djdzeTNRS0otdWJUZDdWZ21uTWVNVlRtV3hadVVYM0FUUGVOSGJCLUE?oc=5,Northeast Today,"Tue, 23 Dec 2025 08:00:00 GMT",2026-06-14T20:36:48.167508,smishing,True,False,candidate,https://northeasttoday.in/northeast/arunachal-pradesh/over-30-youths-and-minors-trafficked-from-tripura-tea-gardens-to-arunachal-pradesh-under-false-promises-of-employment/
fake text message Tripura,Video From Tripura Peddled As Attack On Migrants In Tamil Nadu | BOOM - BOOM Fact Check,https://news.google.com/rss/articles/CBMipgFBVV95cUxNMFJ6OGpudG54aE1BUDR6RkNpZTlvUEp2NVpETWNBVEhWajF4TnMxa3hkc1BIc1RCNHFteUY4a2lKNlVhbjBYSU45OWtJYmhvWTlMVmhkZDdSVXJSc0RybE8zNXFibksxaV93V25XdGZNbERXQlNfQjZfUmMyNnBzWXo3UDBwWElXbUJGY01BNzRUYWRMUHc0Q1pJb0o5Z0xRSEV4RGFR0gGrAUFVX3lxTE5vRmZVcXZMUEJNNTNRNzd1RlJ2WmZBN0NUeDRoc1VoMWtONVlEZ0NKeHhjakNhSVpmM2lNOTJGVE9wREMxN05RRUw3aEpKd2hVUVJJM3FGN2dDOVhvZU5Iemh6UFlmcm9OU2xGMy1mQkdhN0RpYTVWMk5KalBialdoanQ2MjYzT3FfN2FINldIejJCTXhSRDR6S0RCMVcyRDBCTjQxd3VwQkNWSQ?oc=5,BOOM Fact Check,"Thu, 16 Mar 2023 07:00:00 GMT",2026-06-14T20:36:48.167565,smishing,True,False,candidate,https://www.boomlive.in/fact-check/viral-video-attack-on-migrants-tamil-nadu-tripura-social-media-21350
fake text message Tripura,"West Bengal: TMC Leader Arguing With On-Duty Cop? No, Video From Tripura Shared With False Claim - Newschecker",https://news.google.com/rss/articles/CBMixgFBVV95cUxOR1ZENWp0UUhfbHlPLUlzV2JNYmVaeGowN3ZjQ05JTXhDRmxqYTZRdFJpRHUtMUhkMVhnejVUTndocnZfTUhuSVZvOHR4a0l1eEJvZGlVemtmN3dobHduX2hUa1N3QWVRbUdjSE5VXzNuLUdNX1VyMGtSQUxrMl90elhyV2Fiek81NWVzRXJvYTlxQXRja0ZIVzI3cUVqQkVXOThzbkdzaWFOTGJZVGdzb3FNQ1BMQUU1NnAzdC1nWnA1dmxLT1E?oc=5,Newschecker,"Mon, 21 Apr 2025 09:47:13 GMT",2026-06-14T20:36:48.167576,smishing,True,False,candidate,https://newschecker.in/fact-check/west-bengal-tmc-leader-arguing-with-on-duty-cop-no-video-from-tripura-shared-with-false-claim
fake text message Tripura,Agartala Tripura Police booked a lawyer under the UAPA for allegedly sharing fake information - LawStreet Journal,https://news.google.com/rss/articles/CBMipwFBVV95cUxQemxZM3pXeDJHa084d3ZJcndZVTRuWVE4NkJ0MHlwM0k0YUpXN0t3VS1BLWJfM1ZmVUZkVnhORFZCOF9hUkExZHgtdm9fWTQ0Y3R5blZJRjJ2TGE5Rlc0Q2wxRWEwSXN3S1pYcURrRVk5NjRDMjdzRUlJUElibE9PaDVnOVVNeDBRVm5HVGZNUTUyS3ZJSU5oS1JiT0dJWWtpRkQxeVlpQQ?oc=5,LawStreet Journal,"Fri, 05 Nov 2021 07:00:00 GMT",2026-06-14T20:36:48.167586,smishing,True,False,candidate,https://lawstreet.co/crime-police-and-law/agartala-tripura-police-uapa-act-fake-information-social-media
fake text message Tripura,"Tripura violence: With no Hindu-Muslim riots in decades, what led to the recent attacks in the state? - Newslaundry",https://news.google.com/rss/articles/CBMi1gFBVV95cUxNdUUtaVprMGl5R1BjOUx6c2hRTldJNTJTalpFR1prcmRvakZDTl9sSGtWNXdrdHF6T1RxNUNlemplZXB4YXpqMUpMR21ONUNibGtwbEwyVjVKSjEyRDFRSFUxN05wTEptN0NFdlJKbjJKNTBOc0xkQjV3U1NTa1VscXFSdFE0UXJQblRrdjJUSVdRUUpnTlpETkt0eFVvcFY1Si16blFTYkRhLUJiazBLeDJxQnB0NWFPZW9zWGhYZ201YTNmUV9BNnltMnpPbW12ajRVejR30gHrAUFVX3lxTE8yMWZxcnprLWNWdEVlekZkUWpfOWs1ejlfMjVVeTI4d21BOXg4U2ZvUDFQRVVWNkdOampTS25VdUdRV18zTmY2cXVxaWJqYjdGVi0taS0wUjdOVS1WeHlTbklRVUdWTU1lTzZtS1RXRkZueWxGS3l0Wm5tRnNyUXJrWm9tcTBjS29DTHhWM180Ynl5elBzWms2Ql8yUmpQTEVwckpIdFg3SS02NnVVa2U4elpkYWpfUnZjMFlIcDMxclNLX05jR2o4RUJiUFBaZnhxaFh4TURwRkQxQTh1UnBtLWRmQUVlV2xHWkE?oc=5,Newslaundry,"Thu, 28 Oct 2021 07:00:00 GMT",2026-06-14T20:36:48.167606,smishing,True,False,candidate,https://www.newslaundry.com/2021/10/28/tripura-violence-with-no-hindu-muslim-riots-in-decades-what-led-to-the-recent-brutality-in-the-state
phishing Tripura,Tripura hotelier Gour Saha linked to Rs 83 crore GST fraud remains absconding; Business partner arrested at Guwahati - Tripura Chronicle,https://news.google.com/rss/articles/CBMi6wFBVV95cUxPamRJeTJQaklibWhQUUs5UFFxZXV6c2RsSjVHR1V0VVlkY3d1cUpqanhDMEJjNWt2NkNiR3huR0lFdnpwc1RqUjMwd2Y5dUNjSlRpOUMydXBLcVFUd3RWQkp0ZVRmekxHb0E4TWx6emtIejlDSzltUE5aSVpaanNIUzNxeU5KR2Qwb3ZNZ0kyWFhZVC1mWnpYSlpzcG81bk5vN0txakt3UnRTSU9IcmpIR2tyTzF0eG5kMC1RZU5oR1ZPYl94azRBQnd0ejhhc3pzUnBGU3drd19fYWEzc2FoeWNnak1mdmRlY184?oc=5,Tripura Chronicle,"Fri, 31 Oct 2025 07:00:00 GMT",2026-06-14T20:36:50.480043,phishing,True,False,candidate,https://tripurachronicle.in/local-news/tripura-hotelier-gour-saha-linked-to-rs-83-crore-gst-fraud-remains-absconding-business-partner-arrested-at-guwahati/
phishing Tripura,Tripura: UCO Bank Staff Arrested in ₹16 Crore AMC Cheque Fraud Case - Borok Times,https://news.google.com/rss/articles/CBMinwFBVV95cUxQbVdIemR1QXBOOGVSOFZIRWFFTlJ5Nms5enREMnNzVzA0ZlZ5aDBHZTdGNVpuTHVLa0VjZ2JZQmJZSGJhYy1welljMXlocGh3LWtMcmd0U3hOM1dOSlhjRTR0NlpyTWVUUmhveENoLXNSYV90M3NpMGFETEo4YkNpOUZ6ODdvVjk1dFpHbE5HbmJPNzRmdmhPdEM3Nzl4ZGPSAacBQVVfeXFMTm10OEVSaHhmNEUtd0ExT243NTJGVFVsbDEwajdOajBCa0FTM296a3Zpc2Y0OGc0N0ttQWlhMDl3QmVNWlJfbWQ1clhBdUlQU0VWQUpKQldEOUhlZ0ZzMzBXN0xBS2ZQRmlrTFFmUTJtclRLbm5ZRGNiLVdsY1VCRzBNbjE1SUVKZFgwLTIzY2ZNRUExeGRMSUFlQ3cwbUFTSEtqZHdLNzQ?oc=5,Borok Times,"Sat, 13 Sep 2025 07:00:00 GMT",2026-06-14T20:36:50.480091,phishing,True,False,candidate,https://boroktimes.com/tripura-uco-bank-staff-arrested-in-%E2%82%B916-crore-amc-cheque-fraud-case/
phishing Tripura,Tripura issues show cause notices to 34 students for alleged scholarship fraud - India Today NE,https://news.google.com/rss/articles/CBMi1gFBVV95cUxQeUpGVTlDemRPYmU1cDNyYWF0UEwyTnZkNUJlaEVQNHJGQWJVaFVWR2FxVHBma0trX3ZyYmZ5bWZHdjJWSHdSNGpuZmlfRFF0TEI1bUdSUXJ6ZUxKdGk0WkI1WnZMNkVSTFYwUUVtSWdrV3JnWG9fZkppalUxOERqTDg0VzV0cHRrb0dqdUktWGhTTHJ3UVlUOGgwQmtJNWVwd0U4SnV5c3ZyUjBGMnJLTUFFTG9KSFZSLXRXVHprc1NVbFR5TDRsdFFjSnVNNkZFOV9vVDlR0gHbAUFVX3lxTE9vaWx5OWlicmNKcnBEcmgwQUd2VnItUjZueld1UE5VdkZBY0VGSlY4cjZhQ3VjeW9HOVAyTjNpRW4zZUR1ajhEbFhtekhaVU1KWUJoeDBoeHk5akZ1S2U1Vl8wd2ZpMExmLVN1eVV2SnRVc05sOXU1NWcyd1JkRGw4RmI5NUVDbWtrdXZHOVp2d1ZBaGlLNllWTlFqNmcwOFdEcjhhdGQxQXBaM2FlUWNkdDUyY1JJUTlaLW9zRTViSmJiR29tOE5oSFd4emRiY1BlX0NyamxkaXhWdw?oc=5,India Today NE,"Wed, 02 Apr 2025 07:00:00 GMT",2026-06-14T20:36:50.480099,phishing,True,False,candidate,https://news.google.com/rss/articles/CBMi1gFBVV95cUxQeUpGVTlDemRPYmU1cDNyYWF0UEwyTnZkNUJlaEVQNHJGQWJVaFVWR2FxVHBma0trX3ZyYmZ5bWZHdjJWSHdSNGpuZmlfRFF0TEI1bUdSUXJ6ZUxKdGk0WkI1WnZMNkVSTFYwUUVtSWdrV3JnWG9fZkppalUxOERqTDg0VzV0cHRrb0dqdUktWGhTTHJ3UVlUOGgwQmtJNWVwd0U4SnV5c3ZyUjBGMnJLTUFFTG9KSFZSLXRXVHprc1NVbFR5TDRsdFFjSnVNNkZFOV9vVDlR0gHbAUFVX3lxTE9vaWx5OWlicmNKcnBEcmgwQUd2VnItUjZueld1UE5VdkZBY0VGSlY4cjZhQ3VjeW9HOVAyTjNpRW4zZUR1ajhEbFhtekhaVU1KWUJoeDBoeHk5akZ1S2U1Vl8wd2ZpMExmLVN1eVV2SnRVc05sOXU1NWcyd1JkRGw4RmI5NUVDbWtrdXZHOVp2d1ZBaGlLNllWTlFqNmcwOFdEcjhhdGQxQXBaM2FlUWNkdDUyY1JJUTlaLW9zRTViSmJiR29tOE5oSFd4emRiY1BlX0NyamxkaXhWdw?oc=5&hl=en-IN&gl=IN&ceid=IN:en
phishing Tripura,No arrests yet in ‘cash-for-marks’ scam at Tripura Medical College - The Hindu,https://news.google.com/rss/articles/CBMiywFBVV95cUxOVzlJZ2hVMmpsN2EtVFVDTVFVN1BidHhSaktZdXRJMmJxbVNkWllhYnl2MndEWjdyVS1ZR1JmYW1USWxHY1lQazVBOXdKazZzOWZVdnNSNEthcVZ4TF9kc1VaQUl5SUtXNEV0Rm8wcUdPUVBVVDZBU0hRWXZ6MHUtUG9zc3g5Q0g4alZObFVEbFhfdFc1NnRqdGxxRkQ3U0plZWY0bzRxT29tN3Rqc0FiWWNKdk9pbkFMaXBlbUp1M1RrRjd6QVkwU0hjUdIB0gFBVV95cUxNTjVULXhQMG04MlE1QmxGVHBrdHlqYVBPXzNLdWZvbmM5aDZ6dGZkdWExcktlS3VQaDBjNDd3ZUJJdm9WTEZ1R0IwR3JEYWd1cXphdjdmd0dBWjhIbFBWZHFXUV9fTmpSbzB5Y1pRRjZXenljNVBHckxEdUxadU5pcmtzYy1kdE50WEhZSmZMOEF3S1Z4azlnb09KN1NxQjA1aTVBM3NrTUEyd082NGVUdEJ6Q0FqcVNHR1RsTmdmd294M0JCYlhVMUJfbnpYTkhSUUE?oc=5,The Hindu,"Mon, 03 Mar 2025 08:00:00 GMT",2026-06-14T20:36:50.480147,phishing,True,False,candidate,https://www.thehindu.com/news/national/tripura/no-arrests-yet-in-cash-for-marks-scam-at-tripura-medical-college/article69282685.ece
phishing Tripura,CBI arrests proclaimed offender in over Rs. 7.75 Crore Tripura chit fund scam - Tripura Chronicle,https://news.google.com/rss/articles/CBMitwFBVV95cUxQbmxvNXBva05tTGx3ck9FVEZkNnNVN1NOYTBUUS1QaVVkYzR4c0IxLU9kallTc2Z5V3ZlcElsOHJKX0h1S0V4TXhxLXVJdklka2YwVmhzOXNqN09zMS0wWk9xdW52TEJBWFNncnE2cndFb0R3Uk9RM1BCMW5qcUc4SEVTekF4X2VKek53S2Y3MkdWb0JjeHB2T3hVNVhOTy1WSFNJZnUyeWN6YjBQX1JHbFdGRG5RTGs?oc=5,Tripura Chronicle,"Wed, 13 May 2026 13:24:01 GMT",2026-06-14T20:36:50.480154,phishing,True,False,candidate,https://tripurachronicle.in/local-news/cbi-arrests-proclaimed-offender-in-over-rs-7-75-crore-tripura-chit-fund-scam/
phishing Tripura,Chit fund scam: Tripura re-appoints KV Sreejesh as SIT chief - The Statesman,https://news.google.com/rss/articles/CBMisAFBVV95cUxPQXF4S1J3MU5BbW52dDM5aWNEWXI0c2k0ckU5RzdZRWJUOGxBaTZGNXpfNkdTbWJIX3FjQ0lLQkZkWlNwcDh1V1cwMXlaUzNHQ0dCVGxmTHk4eldTVTVlMTUzQi1rMENrZ0phNE92RVdXci1vS3B3c3U1cjREWWhxdWlWZUhHN0RnU2NpSy1od1NnUHp6TEtrbGwyLThBZ0lETWZUNGZQTmNMd01uSGdoddIBtgFBVV95cUxPVVBCWnU2YlNpdk9ta2VIOHNTNDBxSi1RSE5kVC1aeW03MDBNUDJhcF9jcHJ5cXhnQVl4SWZaRzFGRV9QY3dfUFRVRVhsanpDRTNGQVB1c3h2RTRDTldUdEpVQ0otV2duV2Q2aWhGRFc3RjJwcmdJV3ZITzNUVFNuVGFXSFFtME1abkFvNGFMQjN5UVZUY0lzMEZ5V3pOTXRyMUMzcExSd2xNZlhKdnZNQUJOSzVVUQ?oc=5,The Statesman,"Sat, 01 Jul 2017 07:00:00 GMT",2026-06-14T20:36:50.480215,phishing,True,False,candidate,https://www.thestatesman.com/cities/chit-fund-scam-tripura-re-appoints-kv-sreejesh-as-sit-chief-1498897241.html
phishing Tripura,"Mamata Banerjee's allegation smacks of `political narrowness', says Tripura CM Manik Sarkar - The Times of India",https://news.google.com/rss/articles/CBMi9gFBVV95cUxOUnVpSDBCVVlDTWEtX3d2aHNzMFlYbDJMMVpkcm5LYk1MMG1Ldm9Mb3hMdU9lZnBodkptb1BXUUZ2YWs3U2JSZ3NjalZaUVFuem5CNXFPMFlmMUg0RjRwZkd2Nm1yemNzQktmZEQwQk5kc0NlT1BBZmVVNW1Jb1N4YmRvTlFVY04tZEI0WVR2X2RwakpLMUxEZUFLaWdQcnFBWmZOa294SU94QkFWRndfQkxoLW5aZ2hDcGFHQ29PNl9KSk1rekRCaU5SZnZ1ckllWFdNWDZScklKTG1TQmNaZ1kzRnhGOWMxdnJHNHUtbDRhVVhkSWfSAfsBQVVfeXFMTnVkZXF3dTM0ZExGaHoyNTVpS0VuZnFCQkJpbmdmMS1rMW5abVhCUTJTOXY3czJtTlVIeW9oSklfZjc0bFkydG5nUFVaLUk0TjJ6cDlQR053MjlCRVRrRC1fRGxicWRUTlk4NzdZY2tmcHJMLWItZUh3Y2prMHJqbUVQZHpOeHhtbVdVNm10WjFoZEJPZEFONnFiRllYRllxLUcxRlJlUTY2bVptSGp6cmRFNW9hR2NTQjBzclBCLWNLNEJMOVZLakk2ZGtLWnZpR0t5TWJhNE14cnRNVW81ZHA3a3BRejdUTldkWl9fR2h5Z2oxbTRYVFdVcHM?oc=5,The Times of India,"Tue, 17 Jan 2017 08:00:00 GMT",2026-06-14T20:36:50.480224,phishing,True,False,candidate,https://timesofindia.indiatimes.com/city/bengaluru/mamata-banerjees-allegation-smacks-of-political-narrowness-says-tripura-cm-manik-sarkar/articleshow/56622501.cms
phishing Tripura,Tripura PWD scam: Former chief secretary Yash Pal Singh produced in an Agartala court - NENow.in,https://news.google.com/rss/articles/CBMiygFBVV95cUxNdTJQdTRyM2t1alRhaFBtX2hES0YySERBWFFVUHBGNmlvWlhDbnZSTTN6U3ZrRFRDUURXYUJfbmNRbV9XSFZacWlQMDY3RmxOeXRnMU9IMGlITXN0d3N0QTBmRDBPa0hHekozMml3QnZ0Z2M4a1NtdG5BSzhDMkFNNWxOT0g1NnFxTlZvZUpfZWVxck83RG50RktfSGRBX0dlU1ptVDlaeGxjRmFRd3d4MnlaOHNJbnJ1c3NIdFdfZVJhT2t4TmZfeHF3?oc=5,NENow.in,"Wed, 19 Feb 2020 08:00:00 GMT",2026-06-14T20:36:50.480254,phishing,True,False,candidate,https://nenow.in/north-east-news/tripura/tripura-pwd-scam-former-chief-secretary-yash-pal-singh-produced-in-an-agartala-court.html
phishing attack Tripura,IIT Bombay’s Trust Lab Concludes National-Level Cybersecurity Competition. - TRIPURA STAR NEWS,https://news.google.com/rss/articles/CBMiqAFBVV95cUxOUVV1VGFjSDRLeVFtYzNuSVoyaW5vaTZ1ZjAtSWhzZXNzRHkxWWxjRWFJNFdYRlBCWjh5VzNzMW5BREpGejNoRjhFR2VxUlhRQ3g1R0VZbVI0X1pWYnRlSUlMR3I4UHpoT3RxOVpoU3Q4ZVM5SmRxcG5UTmFIUTc0NnJZdW5IY1VXZ0VFQ1JLdy11UjhPOU9jQ3ZqU05nb3R6cGI1RF85MFo?oc=5,TRIPURA STAR NEWS,"Tue, 16 Dec 2025 08:00:00 GMT",2026-06-14T20:36:52.214253,phishing,True,False,candidate,https://www.tripurastarnews.com/iit-bombays-trust-lab-concludes-national-level-cybersecurity-competition/
phishing attack Tripura,Video From Tripura Going Viral As TMC Leader Threatening A Police Officer In West Bengal. - english.factcrescendo.com,https://news.google.com/rss/articles/CBMijwFBVV95cUxQZHdSZWZ2b1I4SGctYU1GSkFXVVVZdXMwWHp3QzFDeTRJR3p5Q250cG1MS0w5UUdyUmFYYi1rZXJyMUFTcUZVSGl1aEYzVTdMWUxTS3YtY3JVTVdONkRWRjdLdmN1dVoyeWlpSzZ5YzlHNC1Wcmw2WFlIYi0xUXJqMWUxZWNTRjB2bjR5MUk1Yw?oc=5,english.factcrescendo.com,"Sat, 19 Apr 2025 07:00:00 GMT",2026-06-14T20:36:52.214283,phishing,True,False,candidate,https://english.factcrescendo.com/2025/04/19/video-from-tripura-shared-as-west-bengal/
phishing email Tripura,Opposition Raises Fake Tripura University Concerns - Borok Times,https://news.google.com/rss/articles/CBMif0FVX3lxTFByc2ZLTzFvNnd1ekhVaHlxX2NPSGxweWhOaGF2ZDVKbExiWXlzMm0yc0M0UmgweUlBQTVSTzFlT0hfZXFMVHl4dUY2MXJWWkRhbzdlNURiczZfVE1uamwwSW10QmVmT291eDBjakRVbFhMR0hUdlBCa1RSV1UzaEHSAYcBQVVfeXFMUDdJRjhlZXhBVXBNQU1YSngyTm9GMHFBLUUyV3VsZkQ3bnpiQ3RSYm1JSkhqNUZyZGFSRWNXUER4NWpYWDlNTWNtd0h5TWFSTnpSRmNtX3E1eFNUWmZTdFc5aGZRNE8teVExRkJab2tSZl82c2FXdHk5dWhaZ2Vsc0pId0YyTjlv?oc=5,Borok Times,"Thu, 04 Jun 2026 09:18:54 GMT",2026-06-14T20:36:55.995214,phishing,True,False,candidate,https://boroktimes.com/opposition-raises-fake-tripura-university-concerns/
phishing email Tripura,"Tripura's Latest News, Views & IT Portal - TRIPURAINFOWAY",https://news.google.com/rss/articles/CBMiqwNBVV95cUxNWElweUxKa2VwQUF2V2FaWFhsNTJqdFE2YW9EbDFvLWpyZzdHLUVibmEtVXFVQXlYTFZ3S3poUDN3YlZDTGNtZEtNcEZhaUNtc3FiSUVKWmxHUkVVSVprQld4UmtvR195ZEMzRS1fQk12TGRmOFVHZkVyTFBudnZJRXl0T1ZzbUpGdnYySEgweGRZQTZ3LUI3c2lySF84cDBYUDlnZm9ZeV9ENjdta1lrRkN5dDhoSk51M1lmclVsbDh0M2RrczFyMG41U09GaWFpV1NZbExiYnVCTzZKWlF3ZGpvRUlHQnJEclNlakdjbGRVVVhhNXRxeUVzZWJWQjM3WHNJYnF0dmhfSDdmd0pBLUFObG9nbUxRZURGeVRaakJoZnpXVGZqMTluc3VYWEZsVDR0Z1BBX1NpMjlveEpLV0M0YzdLNFREaWVWemtYLWM5OFAteGF4eEQwNjBsRU1Ob1pIUm1DQ3YzeS1kZm9ZbERXTWZKWVhLVjI4UzNOYkJmelJWNlFqYUR1anE2b0lsUGRfWU1WWlQycTRfSlplTGxaNUkwX2h6NUtB?oc=5,TRIPURAINFOWAY,"Thu, 29 Nov 2018 08:00:00 GMT",2026-06-14T20:36:55.995395,phishing,True,False,candidate,https://www.tripurainfoway.com/news-details/TN/119417/biplab-s-masterplan-to-destroy-tiwn-via-mafia-style-tiwn-editor-files-fir-against-sp-west-dy-sp-for-criminal-misconduct-illegal-activities-committing-offence-under-u-s-500-501-191-amp-200-ipc-tiwn-all-set-to-defeat-mafia-gang-in-court-of-law.html
fake website Tripura,Youth impersonates IRS officer to meet Tripura CM: Fakes heart attack to escape after being caught at Luckn... - Bhaskar English,https://news.google.com/rss/articles/CBMijAJBVV95cUxQS3lBRkxRVERqWU00b3Rfc01DS3RKdUtxR0N5S3ZRRnVLdk5lUUhyY0l1ZnZmNDAyVDctTkFQVm1Fa2QzNXNEbmNXRTZvS0pXNWdqMll5RUIxeW5TVVRKRWFLb012SnBhejVkZ0NDUGNsMjBDU2RLc0poZ3gybmNpQ19nc3lvazNyQzhjMU5TcUZYTEdWVHBESG9aM19LTU5iY0hzemNaSWlPLVkwbUFpQUxrdGxhX3p4dUxDTjdXS0J0X0RFX0ZVTEFrVVJURy1hX2F3LWFXWDRvV2xCVTh4d3J0aktlUG5qWU9wLWcyaDFSZlk0ZzlYS2xLMG9vYUkxRnMwZk1XWEQ0MUR60gGSAkFVX3lxTFBwck1SMmdXSXN4RUxpT1dWOUlGYnJfa1BBYjc4emtYOGpZY3ZCYldfZzJzRTFrYTh1WDhCS0RsZkVRSkotZVctTnRaeklLUnFuR1EwX1pZVzM0NXdhQi1jQUhZeTM4cmd2NDdienJaSEo4LTNMajBRdFMwT3Z0bVozQ3A5SHZGN25BbllHV1VlWTkzYTFvRHM4cExpQUxabGdrVDdiNjc0OEc0bzZXUHlwQlVlbDVubUJpMkF0ODVZVDl5NlRQandmQnBCamNQZmw4NjYydHBVVG9xQUczX3pkRE9uaS1Sal9CaWFNODVPeFU4LXFCN3lGdDM5c01VRGZyWExFa2xoa2xfdTJSLW91b3c?oc=5,Bhaskar English,"Mon, 03 Nov 2025 08:00:00 GMT",2026-06-14T20:36:58.221000,phishing,True,False,candidate,https://www.bhaskarenglish.in/local/uttar-pradesh/lucknow/news/youth-impersonates-irs-officer-to-meet-tripura-cm-fakes-heart-attack-to-escape-caught-at-lucknow-hotel-136324177.html
fake website Tripura,24 Bangladeshi Nationals With Fake Aadhaar Cards Arrested In Tripura - NDTV,https://news.google.com/rss/articles/CBMirAFBVV95cUxORDJ3cmxrdVZTdlhFS2xtRW9YQXQ2R2tpWTZlS21FejF4MlBhUW1aLWxtN3pfOXZtc2JTZndFbURJNWxjVjhKbWdoUXRFdWNEUF9jYThoeWRCcWo5MzdScUNJTWQ2dXYta2ZFN1BaQjh1RGJwSnRoUUpybHdYWEZmMTlBNG5LeTBKVkpVZXhPbE92MkFNLXlMZXJydldSQmlPdUZQZzVkZnpvMi1Z?oc=5,NDTV,"Thu, 10 May 2018 07:00:00 GMT",2026-06-14T20:36:58.221025,phishing,True,False,candidate,https://www.ndtv.com/india-news/24-bangladeshi-nationals-with-fake-aadhaar-cards-arrested-in-tripura-1850470
fake website Tripura,RPA National Journalism Award 2018: Tripura's First FAKE National Award Ceremony by Press Club Fraudsters - TRIPURAINFOWAY,https://news.google.com/rss/articles/CBMi8AFBVV95cUxOMC1fcXVGcEpINF9GWU51eDdhcnFnUTc0eGtYT3N6UmdyRkVFTUhXa0ZXd0dTOVp5cE5zaDdla0tBNFJSR2NyZzZ0M1h2TTZiM2xwd2EwR3FpR29ha2pZc19QZGpZTlA3QVBtU0g2X0tDMFVYNEc0cldmaEd1UDVGN0VZQ1N4c0Z6M0hmcFFSaHl6NkloWTNUUHF3R1pRWVJyX2lxeGQycWhIWG9scU9XZGJpQVhQbHo5RnNodWJXNGY2TWt2U3FGcUZuQ1dENWpyQUpEYlREWEp3M1E5dHJleEE1SVprRHhPLTBhaGhhSlI?oc=5,TRIPURAINFOWAY,"Thu, 11 Oct 2018 07:00:00 GMT",2026-06-14T20:36:58.221050,phishing,True,False,candidate,https://www.tripurainfoway.com/column-details/433/rpa-national-journalism-award-2018-tripura-s-first-fake-national-award-ceremony-by-press-club-fraudsters.html
fake website Tripura,"No mosque burnt, pictures fake: Tripura Police on alleged Panisagar incident - India Today",https://news.google.com/rss/articles/CBMi6wFBVV95cUxOYmhZMF9kQ0VXdzRzUEVXOC1zblowa2N0TnZURk8wMERWVXhuQlhFT2R0blZEVFdBYWJNZXozM3piUENWVlhfUkVnb1hxc1BmUGJVdTVnU2c1eVhGY0dGaXB4WVRETjdYM1AteGpGVm9ycVdObWE5SWM0MmJHMjlTalluNTFrOVFyMU5jWkMtcG51RnlEZXpkWGlXZnVrOGJwemZpSDBFNGhEQ0c5eHpYWHpBbDJpUllrUVJNSGlNR0pZN203c01jTE5NenVQX3pLY29NUEY3M0I3VjVRUk12eHNVUTRqZF82bnJN0gHwAUFVX3lxTE94dFhIejRnNWh3NFh3UlBma0drcDJhM3ZNempkVmFOMS1yUG1pVDhtc2lDTlZQTjVhTW9TbklkRkMyTU1QTEJFdHR1bzJPLUFaYXRWMTE2VEYtUnZQMEJUSEQ5ZndnNHNGUVgwMGhfY2QzZDVJbFM4aU5ubWdYVThMRW9tYVNRdjJlNnB0LWRSZl9sRUZjQTBFdlZmb0hUTHN1RE5pSk5uUm9kaWFrNjIxeldDdExGXzNmR2RSS2FaX2kzelFHYy1qbkMwaDVtakpIR1RLWTNFSGZ2TmJxSXQwUEtSMmRpYlBDMnpqUERIYQ?oc=5,India Today,"Thu, 28 Oct 2021 07:00:00 GMT",2026-06-14T20:36:58.221091,phishing,True,False,candidate,https://www.indiatoday.in/india/story/no-mosque-burnt-pictures-fake-tripura-police-panisagar-incident-vhp-rally-bangladesh-hindu-attacks-1870646-2021-10-28
fake website Tripura,Video from Tripura falsely linked to Bangladesh violence against Hindus minorities by @UnityCouncilBD - Alt News,https://news.google.com/rss/articles/CBMiqgFBVV95cUxNdDJHSnVpaFJUdC1ZdkxtRHg3bi1pUzNTUFdMbXVIRHp0UzNoNXkxV2JHLWJzZVE0bzRHQnVZUW5vNTVXd1M3ZDZJMlB5MFN5Wk1nd3NBVlh2N0gzUTV5Z2pUMnU3TXRrSDVmVkpDdjNLUUpUTzRTaXdycDI2aTZ0elB4dnQ2Wm91QWVGZlo3NmhYbDFKNFFPbzl2MkI0eExkQ3pnSk5TNTRCZw?oc=5,Alt News,"Mon, 18 Oct 2021 07:00:00 GMT",2026-06-14T20:36:58.221104,phishing,True,False,candidate,https://www.altnews.in/video-from-tripura-falsely-linked-to-bangladesh-violence-against-hindus-minorities/
fake website Tripura,"Ex-Tripura Minister Badal Chowdhury Arrested On ""False Charges"": CPI(M) - NDTV",https://news.google.com/rss/articles/CBMiqgFBVV95cUxNVnB2Qy1vSFZKY2VIOWl6WmJ3V3VTV1NmNzE2alFnbHJhSkJZQzRucU5CNDJrQ1ZYaGRfdmpEY1pDLUJOLTJ4Z2J3dHZ4QXlYYk9tU2dNblFtVng5T1ZUd1J2TnZDZk03bGFFSndPOUwwYjBZWVZ5WVhTQllrWWtQbGxtV1YyaThmZ2J0Q1hvZTNJUjBTa3NtTFNQV2ZHUGxHNzhYZTJnNXg3dw?oc=5,NDTV,"Wed, 23 Oct 2019 07:00:00 GMT",2026-06-14T20:36:58.221153,phishing,True,False,candidate,https://www.ndtv.com/india-news/ex-tripura-minister-badal-chowdhury-arrested-on-false-charges-cpim-2121656
fake website Tripura,"Tripura's Latest News, Views & IT Portal - TRIPURAINFOWAY",https://news.google.com/rss/articles/CBMi-wJBVV95cUxQbS14WGxEZ29tRUttLTdNLUIzTm8xeHhZUHUyblYyUzBMeVRyTDNvc2pyY3lla2xmOFlUZUxQRnpYdFdhbnJOekFyVnZVTzJTdnRBb1hkUl9hd04ybk96MmJSYnNPUHIwTzR0anNFc09IVnNXc0JIMDVvdXl6R0Nub25GR0d2cjV0X1J0QVNicERsdmotdWFfMzZBbmNNbURScmZ1S1RJSXVpSk11VXhIZGJZcjh1cWcwSVcxV2ljdDRJcWhPUHl6RWQ3TXo1Q0tFdEswSmctNTRxeUZsUGRKeFh2eFdLM1BreFJEVjktWGhBekFKR2NzMHRqWUxydUo2N0k1S0ZaU3A4ZlBsYS1CdkZlTGZBR2ZzOGg5Y015WmJ5aV9mMXlRLUh2TEt0UF84SV93eXNCVGdqNjdfd3JmblI3VXYtSTVqQkl4VUpMbDVKajVUSk9USWZMUWdRY2dRMkRxVHk0bWo5eE5DZ2tGZW5LUEF1SmIzQTAw?oc=5,TRIPURAINFOWAY,"Sun, 01 Jul 2018 07:00:00 GMT",2026-06-14T20:36:58.221201,phishing,True,False,candidate,http://tripurainfoway.com/news-details/TN/109934/18-tripura-cadre-ips-officers-named-amp-shamed-on-mha-website-tripura-ips-officers-failed-to-file-mandatory-ipr-since-2012-top-defaulter-ips-officials-aig-r-saraswati-dig-arindam-nath-sp-krishnendu-chakraborty.html
fake website Tripura,Tripura school serving fake eggs to children in midday meals; gets pulled up by FSSAI - InUth,https://news.google.com/rss/articles/CBMizAFBVV95cUxQeTcwWUVDSVJTQ1dKcGhMSzRoSzRuZGNsNzlWaWRPMmktWEdPaUxhQVNVWmtYb0M5Z3lQSE95dUlNcEY1S3I5LVVzWUFqeXl2YVk1MC1fUVViREIxSW45ay1HQ0Nta0hNWmFEelhlM0lBV08wbTNERnJnMUdVVjNUVm54Q2QzemQ1b2dEZ1YwSHJ0a0Q0WnVNV01kTXFmYS1zQWxvaVc4VWZTX2pkU0U3ekRYbHU0eFpBa195V3E1ZEZKc1VGTWMxNFFEQVHSAcwBQVVfeXFMUHk3MFlFQ0lSU0NXSnBoTEs0aEs0bmRjbDc5VmlkTzJpLVhHT2lMYUFTVVprWG9DOWd5UEhPeXVJTXBGNUtyOS1Vc1lBanl5dmFZNTAtX1FVYkRCMUluOWstR0NDbWtITVphRHpYZTNJQVdPMG0zREZyZzFHVVYzVFZueENkM3pkNW9nRGdWMEhydGtENFp1TVdNZE1xZmEtc0Fsb2lXOFVmU19qZFNFN3pEWGx1NHhaQWtfeVdxNWRGSnNVRk1jMTRRREFR?oc=5,InUth,"Mon, 06 Feb 2017 08:00:00 GMT",2026-06-14T20:36:58.221250,phishing,True,False,candidate,https://www.inuth.com/india/north-east-india/tripura-school-serving-fake-eggs-to-children-in-midday-meals-gets-pulled-by-fssai/lite/
fake website Tripura,"Tripura's Latest News, Views & IT Portal - TRIPURAINFOWAY",https://news.google.com/rss/articles/CBMi6AFBVV95cUxNcXoyVVJQTXQxZlpNMWliSi01UnhwLU10ZWpueHkxaHRYaFdLM0c1MkptNm5HdmFyaDJyZ0ZfaUUzd0FUZGJTQUxJUUQyeWxWMWdkWTBKVXpDdVZuSTNyRjE0RDdWT1dzaURTMmJYUVRyeDk1OFBtSi1VckNyQ051TUhPTFc3X2hiRFlQX0pKcWlDWFVqcTBEQVVLZTJPYTMydXNfOWFCcDNnQmxad0R0bklId0VyMmwtOFp0ZDNabFdiQ21zZml2ZkQzQWdCaVpwS202ODc0eG80RUluS1RhUGluV0JlVk9l?oc=5,TRIPURAINFOWAY,"Thu, 11 Aug 2016 07:00:00 GMT",2026-06-14T20:36:58.221353,phishing,True,False,candidate,https://www.tripurainfoway.com/news-details/TN/62117/mop-amp-ng-ensures-dispatch-of-loaded-pol-trucks-on-open-wagons-to-tripura-mitigates-fuel-crisis.html
fake website Tripura,"Tripura: 18,719 voters’ names deleted from electoral rolls after special summary revision - The Indian Express",https://news.google.com/rss/articles/CBMi3wFBVV95cUxNZC1vdElQWHNCWDV4TVJuOWNYM1k4eXdIUkkxcDF3QWtKSzRvc3ZJOXM2TGZQTVl0bVdnOE83YmUtaU1uWFRJS2h6VnM0RTNPZDJwby1jRHRtbGtXZ2lOV0pQTk45SHhuTmpOMm15MDVZR0tPaV8wVGZ4SmhyZ1BqekxvMzFaSFl1d1dZX2RXNGltSG1iNHZtem42dXpUdHotSlZTSERFenhXNnFVSElvTnVMcjRMeVI0S1VKMmpIV1MyZlRsREU1VGxxZGVOQjMtR25XNUNxUG5kVWIyd0w00gHmAUFVX3lxTE5zSk9ialdhVUdfZy1RdUVpUVRrTVBpcjFHNFVQV1c4aS1hNTEybGFTQ1Q3V3lpcXdiU2ZMWmhwWDZ5dDJ2STZxT2FtYjQwcFAyNjFLSzhzODlmZGM4aWxxTGdCanQ5c25xcFY1TEtEOXRRb0N3VS00OTBsYlk1SjFYX3hPRUFKc2N1T2xka05HZl9lWERMWTFqdFNmTGpwLW9yTGphZjl2NERiQ0YtdnZTbGdEQTAtclpJa0ktMGV0Uk9GTGNQUmRILVdncmVIdFpObTdkSFhjQ0ZkVi1TYzlORU14MWtB?oc=5,The Indian Express,"Wed, 16 Jan 2019 08:00:00 GMT",2026-06-14T20:36:58.221411,phishing,True,False,candidate,https://indianexpress.com/article/north-east-india/tripura-18719-voters-names-deleted-from-electoral-rolls-after-special-summary-revision-5541788/
fake website Tripura,Tripura Police Books 71 People for ‘Provocative Social Media Posts' - The Quint,https://news.google.com/rss/articles/CBMiowFBVV95cUxNcGtRbHAwVG55eHNLVGRJUEdvb3pzS3ZCZ3JpNEdfN1BKdkFoSUZvX09kUGtKcDlSekpITk56aU5hS1E3QVI1RVV6aC12bmVERjd2WVp4Mlc0SW42c3hKMWVqNjFjM0tRYU0yelFTSWMxUV9Hc09TY25jdnBRRmV0YnFSOTQwNjJLVHRtMXZrQWF2cjhXOTJuXzdVNEEtTGg5S1Rn0gGwAUFVX3lxTE1rSW9YcF83M1RCVEw4aHBaQXdmNlZYVGhYblJiRTBlekR4cENzdm1CdTRQQk16bmNieG5DVWsyN0JWQzByZXVXV213UFlFYjVibXRFYnVQWlNiTmJwaDFXR1NDS2FCTFJqZDVZNGN2Q1BVTnBkbXM5UHY2QnFzWUEyYkg3RE9iXzhkcW52eXdlNDlwV2lGRkFnN2t0Q19aajlpUE51ZGdvX2VDSHB3cW54?oc=5,The Quint,"Wed, 03 Nov 2021 07:00:00 GMT",2026-06-14T20:36:58.221459,phishing,True,False,candidate,https://www.thequint.com/news/india/tripura-police-books-71-people-for-provocative-social-media-posts
fake website Tripura,"Tripura's Latest News, Views & IT Portal - TRIPURAINFOWAY",https://news.google.com/rss/articles/CBMiswJBVV95cUxNdlBlS080TmlrQVdGVnBxZkIxaVRtYTd0aHY5TUQ2ZVhLZnNGMlRiX2FNNkp4WmhyTC1zd01senJIU21fT1gzdlV2YUtOdFppTVg1NGs3bXlKdWtGQ080UTRDRkFxMmdTcmg3dEVPVXZwc2s0bE42Wnh2QjNrY3dqbjdSQkctbG1Sa0VUbWhsYUFlMWE2RnFYeWxqSDRoMERCVkk2TDVUaGdocGN6bF84UzR6Mjl0Sk1xN3NkdExZZXZzQ1ZZTWFURzJvdjlfcmozUGVIVmFKTUVlV0lWRklENHNqRFo1all1OFhheE92QVc3eTVESEVsWXpZWWFsUW5LcG5qMF9rV29VOFM4LWRLN3dSSVJucEFWT3A2MkZ3NGpxb3U0eGMtclhDWk1XU0tJTkE0?oc=5,TRIPURAINFOWAY,"Fri, 04 Mar 2016 11:58:52 GMT",2026-06-14T20:36:58.221470,phishing,True,False,candidate,https://www.tripurainfoway.com/news-details/TN/49210/north-tripura-ragna-border-unfenced-500-meter-indo-bangla-border-turns-smugglers-paradise-organized-gangs-run-drugs-arms-smuggling-fake-currency-rackets.html
fake website Tripura,"Tripura's Latest News, Views & IT Portal - TRIPURAINFOWAY",https://news.google.com/rss/articles/CBMihwNBVV95cUxPVENZTjJUQ2pVV1dkTWhtby1DOHFpbkEtWVIyYlhCVF9aZzduNEhYT0VEQjI4S3NCQ2lmeHJZWlVZQzBFWFdNMnM4ZzhhZHFhV3U4VkxibVhfQjlIYTczS3FfNi1TNlhZMl9ldVRGUUZSVS0wWEt2M2dHRXptakV3U3NQRnk3a3BxUVUxSW9xQ3pXdFB3WkdjSENJTDAyMDhwSTEydnYwdmRmSFQxSVlFRGZGMklQMWt6MHoxSmNUXzB6cnMwNDZ3RUU1Nlh4VFBZQnAxR2h2MkhpN3FOVUI1VHdiWDFqYnctVTBMZGpURm5IYzN4RWtYM1VYLTA5V2Rjc2pqS3FOWmlSRkhReGNGejRNS1dMVlRMUjVRUjVhdFZ3b3hpT1hkZ2tXSUlvWTBnRnQyVENWU2lRb3ZmRHdCMzZ1TWRkZld5RjB1UmxaWVY0QVJaa05NbGlndEtmV2RNQlVkNElfMUtMMzZLcE90OG9DLS1Td1FkY25GWDM1RXhQYjQyX2Jz?oc=5,TRIPURAINFOWAY,"Thu, 29 Jan 2015 08:00:00 GMT",2026-06-14T20:36:58.221482,phishing,True,False,candidate,https://www.tripurainfoway.com/news-details/TN/18581/arrogant-dm-gomati-sonal-goel-threatens-tiwn-udaipur-correspondent-over-phone-for-publishing-news-item-on-forged-international-passport-brokers-however-remains-silent-on-the-actions-taken-by-her-to-identify-the-gang.html
fake website Tripura,"Tripura's Latest News, Views & IT Portal - TRIPURAINFOWAY",https://news.google.com/rss/articles/CBMi3wFBVV95cUxNRHp6Um1NYWxCWjI2dDVmd2wzZmxVQlp5QnNOdVoxM2pxbUlWckx6b0gzMWstQ1BPbWg3WWhXSTBlOG55SEtVSkMtVTRIcjZZQV9TcDFkSWFYdzZRNFZtNjA0QnJQdVJsZGlPZllHbXFuTmtsXzRWRnNYM3pxOTM2T1piOUVyVjNCR3pCS0RDYzlzTEFrM0lBMGVjUGJxZ2EzeDhHR3pWOTc5aURXMGUzQW9VcUlvSFNOUEp1VFd3dnhmd1ZFeHk3aWRuNzhrNzY5Ry0xako2ZUhPdHlFT3Vz?oc=5,TRIPURAINFOWAY,"Wed, 24 Jun 2015 02:15:47 GMT",2026-06-14T20:36:58.221506,phishing,True,False,candidate,https://www.tripurainfoway.com/news-details/TN/30508/recovery-agents-with-fake-identity-fooling-around-the-innocent-farmers-at-khowai-district.html
fake website Tripura,"Tripura's Latest News, Views & IT Portal - TRIPURAINFOWAY",https://news.google.com/rss/articles/CBMiyAJBVV95cUxQbFFhR0Z1eXBSczZaVkM2ekpHdUt2Y1lRUEZsRG5KeEZkRWxodFpzYmVIWXhCeF9WaGh5Yld3d3daUkl3UlNJWEJCMThnU3VoUDdmTHRza3AwcmdpOEMwb2VzX1NkQ0g4V3JTMnNzWXktdnBGakU0MV80Z3BNdVJmVkxxTVhZOTBRZjVncDVDN3R5YVBDUzlBUHZxT2dQYXIwYl9SUDZSQ0N1dWVhMkJvUlZPSzM2djJGdTd2WFMwMXRFeWk0NE52Nzk3b0Z6emxZTGdIbzBNV2ttdWk3Ujd0UU1TclAzanFXMG5saGJ5Yi1kaXNKYlF1VllSMEdrWnNJaEt6N2VWSlQyeVk2V0drUnYtVnNrTUVRWmpmbG5iNEc2Tlo5YTVtcmJMMDhTVEpoOVRENjRZd0k4a0JEV2t2MDdnc2FFQURK?oc=5,TRIPURAINFOWAY,"Thu, 04 Aug 2016 07:00:00 GMT",2026-06-14T20:36:58.221534,phishing,True,False,candidate,https://www.tripurainfoway.com/news-details/TN/61319/mizoram-tripura-border-longai-river-bridge-functions-as-drug-corridor-drugs-fake-currency-business-phensedyl-smuggling-rampant-at-damchara-market-sp-north-talks-to-tiwn.html
fake website Tripura,"Tripura's Latest News, Views & IT Portal - TRIPURAINFOWAY",https://news.google.com/rss/articles/CBMixgJBVV95cUxQNEdubU42MzRmWjBhY3hRcWc5SUY1czY4S3ZQdzIwSnJmd1Z0TjZUU0YteVVxQkh4aVF6T08xUXlQY3laeFBTc0lMSWhqellOd3MzUnU5bGNzSkp0bGVjZS1PbDQ3QjBrTXB5Z2xjVUpFRjlBUVNvX1JBUjQ3a3FydEh4d1pqdWFWX0tDUmU0NnU1NS1MNWVxaG4xeGpORGNHaUhNU2FDYUpDSnN0dkRISUdLVVRkRW5jdnM0MktCOHZUdkJaRm5mMXdpeFJQME4tZ19Pbno1SWQwNUMzVW5KSElCbUkzbERyYVpaOHRhU2Y4N1N3UkRXRTdpMDMtUjE3Q1NSRl9iVV8zT0JMUXJON3UwTjJwa3Q2d1ZpNHlUbnVISFB4d2lfYlBWMnFDbURaWjhfOHJRQkZWSnh0ZVhhYVFaZHNBZw?oc=5,TRIPURAINFOWAY,"Fri, 17 Oct 2014 07:00:00 GMT",2026-06-14T20:36:58.221570,phishing,True,False,candidate,http://www.tripurainfoway.com/news-details/TN/12860/trinamool-congress-gheraoes-bishalgarh-ps-pil-on-october-27-demands-for-immediate-arrest-of-all-accused-demands-cbi-investigation-into-the-scam-in-bishalgarh-rd-block.html
fake website Tripura,Tripura Minister “Endorses” Deadly Fake News - Fact Crescendo,https://news.google.com/rss/articles/CBMieEFVX3lxTE5ENVRneHhMemRFeFNyNEFZXzBaaTFqQXkyeGJ4OXJndTN2ZlgxQWZXYmdlQXZ0Z1Zlak5IMERkZzVKOS1ZRHJBeXJXT1JhbWY3V0daR3JpNEZPY0c1b1VESDVDTF9qN3NmNmpDOVp6dGNERW9tSnBDNw?oc=5,Fact Crescendo,"Tue, 10 Jul 2018 07:00:00 GMT",2026-06-14T20:36:58.221724,phishing,True,False,candidate,https://factcrescendo.com/tripura-minister-endorses-deadly-fake-news/
fake website Tripura,Blackmail Behind the Camera: Fake Journalists and Social Media Influencers Accused of Defaming Innocents in Tripura - TRIPURAINFO,https://news.google.com/rss/articles/CBMiY0FVX3lxTE1OY2ItZWdiTW9VSnFnV09zWEtGSnZOS2VhYVBGcEZVUmFLYnIyWldtTjZ3RDF0bTRWZ1hUeW5hV1R6ZW0xUlEwM2ZKa0g4TE5hNTd5QTd0NDBNUUdwSnFPaXA0VQ?oc=5,TRIPURAINFO,"Thu, 19 Jun 2025 07:00:00 GMT",2026-06-14T20:36:58.221737,phishing,True,False,candidate,https://tripurainfo.com/BanglaArticle.aspx?intBAID=44
fake website Tripura,"Tripura: Tipra Motha Leader Ranjit Debbarma in Bangladeshi Identity Storm, Photos of Birth Certificate Goes Viral - Northeast Live",https://news.google.com/rss/articles/CBMi4gFBVV95cUxPTkxwWENzM2JaVmpXTUt1a0dtR2ZHZkJfRDJVcHBxclZPZEtnM3NuLWg3clNyczA1XzBnTExHYjJjVS1Yby1RTDE2Y0pYdUp4UEZzMU1tNkV6b1pUSUozQmliTFNMekJTN2V3dXpxQ29jcHJ6MzNfSUVKOWZEMTNqbEJUWUh2eENaQnIzX3BFQ2ZkeUgxa3ZibmNCTE9vRGxROUxiQ0FoenZyRFdDU3o0dmNXazBPMm10b0lqbllaTVozbmx4cVlGOUtBMjhRWWIxYnFqTmdZZ2FDODhJQnFUQ2l3?oc=5,Northeast Live,"Sat, 25 Oct 2025 07:00:00 GMT",2026-06-14T20:36:58.221753,phishing,True,False,candidate,https://northeastlivetv.com/topnews/tripura-tipra-motha-leader-ranjit-debbarma-in-bangladeshi-identity-storm-photos-of-birth-certificate-goes-viral/
fake website Tripura,"Tripura Police seizes fake ambulance, intercepts 53 Ganja packets valued at Rs 20 lakh. - Republic World",https://news.google.com/rss/articles/CBMixAFBVV95cUxNNmtjMlo0R0tMbWJBMGRYRGR5N3dWckhoc2FuQVhGMG9lWlpHTUpVMm5Rd0Y1OVpfRjNmaHdjZTZhdThBa0pfOEJPSi1RdGxyT2VoQm03ZlI3bGE2M2NNbmxwWDVnN1FWUHRUSUI1dlhQeHkybGlLRTltTWhSWmVveEZCNktqVThGV1NJSVJOWmVRZkZySmxpTzV1NXlEMmh1WW5UNTUtcVc1Y2h2WkpFeURiS042OWxZcHAxc3lzWV9kOVVU0gHKAUFVX3lxTE1LZ0d1YWhrZDRqenByTGNaSHZ2cktqN0VLYmJwdzh6azZ2VFE0YmU4R2lPSDIzT1dmdFN3XzNOandvM0dhUERPXzQ0TzQ2YWRORWNTcmU0OFlsTzA4Q3N3YmZvSzRQYzRZbmJXMkNBeU0yWWxCZzBtNUM0R2dxeWZoZGR4M1pmdVJDdWFvTlN4R3BsY1ozSFJhcEM1eUUzbTlsbVhWNnM2OU9IUkw2akJseWNxb1BxcWJ1WGp6OVcxTFdyaWdWT28zR0E?oc=5,Republic World,"Tue, 02 Jan 2024 08:00:00 GMT",2026-06-14T20:36:58.221778,phishing,True,False,candidate,https://www.republicworld.com/india/fake-ambulance-seized-with-53-ganja-packets-worth-rs-20-lakh-intercepted-by-tripura-police
fake website Tripura,"Union Minister reviews power sector, urban growth schemes in Tripura - lokmattimes.com",https://news.google.com/rss/articles/CBMiqgFBVV95cUxNVkJwUHkxSGJWd3FJNWhMY1M5QzRFS19GMGVRRWNBa1M2M2NaTGgxYTlwMk5VSmxRU0JVd3NqU0NyWlFUOTRGa1h4TEE1N1BSejVvbjY4NmhnYW9UQUJxVEdEOS1ZR2lhdFVLa05zbVMxZXVlSkstT083eTBNRl9YdV9PdmRTeDF2V2tEQzJIUElVN180SUxwQjZRYjktdVo3M1lkNVFNR3dQd9IBsAFBVV95cUxNV3dDMEZyZkZIa2JfZDR0X0t0V2JZSGU3eG9tOU92VEdtS2RHSzJ0SVRMcnc4UlRRbmpjY2YxcmlqX0R5WE5iUG1JcEt2SUtTZ1VtOE56RGdhNXBKVngxXzlURnNvYzJkU3hlTmJTeTQ0Z21JZGFOMXI3RUhlcFdsdlNrdlltaHNicTlSS01rUEFHdGNScURqWl96WkkyLW1HbGhNTHFOdjZxOWJzd0x6bQ?oc=5,lokmattimes.com,"Sun, 31 May 2026 15:45:37 GMT",2026-06-14T20:36:58.221800,phishing,True,False,candidate,https://www.lokmattimes.com/business/union-minister-reviews-power-sector-urban-growth-schemes-in-tripura-1
phone call scam Tripura,Tripura Hit by 24-Hour Statewide Bandh Over ILP Demands - NorthEast India24,https://news.google.com/rss/articles/CBMijgFBVV95cUxNRVQ3Y2JiNjFLTlpUUVRvVkJtaW5SeWMxbFhab0VMdHlIMTY3R0stQVYtSXhyVjZmM3ItSmQ1NHEtOTM2NzNtQnZiNE5qM0FXdnFfbVlvUDFTNEF4RWczTlB5azY5clZwRXVqMjlqejhVT1Fuc3FrRnktTEpqbzB5ZnN5R2Nma3FjcXEycUNn?oc=5,NorthEast India24,"Thu, 23 Oct 2025 07:00:00 GMT",2026-06-14T20:37:12.701847,vishing,True,False,candidate,https://northeastindia24.com/tripura-hit-by-24-hour-statewide-bandh-over-ilp-demands/
phone call scam Tripura,Tripura minister threatens legal action over alleged defamatory remarks by LoP - India Today NE,https://news.google.com/rss/articles/CBMi1gFBVV95cUxNUGYtMllGQmRwQzFzUWxpendiT3RXMXgxb3pMS3QwcmRfVXluMHh1VENVbDlGb0JOOExuUmJ5T210OVdzTUVHdW9sd0pIZUQ2NGo5R1FLLU01NTFYLU05SjJJY0dQZnBGenlvbEZXWUpCZEJ3ejZtV1FGWlI5SmlVNDRWWUFhZEJZX0o0TnFsTG9mTFFpSjgxUmFjZV8wUF9wblhMNnhZT1h1Vy1BM3Z3REVjeWN5a0J6ZFNmRW5ybzM2cmRzbXNoRkl4Yk1URVVpeEV3RURB0gHbAUFVX3lxTFBCYVFaYzdtdG1fYkxfLUFDaHU3Q0hQMTFPWWFqZWx6Z0FZVXYwSnBHRm1Ha01KaUEwTDdpand6cGJJQlc0ZUVIdlFHR0t4cWgzczdMTUdUaG05bzkzSWRiQ3ZDTDRxZkpoXzdmYjlyQWJYcGVVa25xZnI5ek5BRUtBZGhkekU2ZmJYOUl5LXJlSWQwaUcyTWJ0ZUo3dFZ4WFI3UU12NWgzMGM0Y24yMV9SMnFfYTUzQ1dOdDZUVmJHOGd3RW0xUUV2d2NxbEZsbnk3ZnlHWmtZOXlJVQ?oc=5,India Today NE,"Thu, 16 Oct 2025 07:00:00 GMT",2026-06-14T20:37:12.701855,vishing,True,False,candidate,https://www.indiatodayne.in/tripura/story/tripura-minister-threatens-legal-action-over-alleged-defamatory-remarks-by-lop-1291594-2025-10-16
phone call scam Tripura,"Tripura's Latest News, Views & IT Portal - TRIPURAINFOWAY",https://news.google.com/rss/articles/CBMitgJBVV95cUxQNmV5bHVmNkVfRDF5U3RPbEpMd1p4THk0OUZ5RGxSQUozNGZ1ajRwMUVDVm1CaW14Tm5vMTQ2NUNNamo5azJSdGJaQkhYQU53OXA0UE1vMjdySGVMdWtlRzZPRlFOY2lvR0ViNmctTkdRVVRuLTF0S0JQZG8tN256ZnVHWWJPOWI1dU0teDNvSGF6WW81X2ZGb2p0NXlaY1VhMFlKOWNLWWhPY2M4OG5vVHhfdWt6WUQzdUlQS3FyYW9aUjU4WFVhMVd2d1lKWHRZTzdnRV8zckVRWmpWUWtsX0pHanN2ODg0YTdGSUVqVFFzNDFoM1pGVnBSQzEzX09HUnpFQ0J3V21hZ2RtYm9keDJja1RKVkZidXJwaS1NRF9SQzM2Ny1iYzlJZXJjd3FXMUoyQ2pB?oc=5,TRIPURAINFOWAY,"Fri, 29 Nov 2024 23:23:49 GMT",2026-06-14T20:37:12.701878,vishing,True,False,candidate,https://www.tripurainfoway.com/news-details/TN/18113/cbi-north-east-chief-under-manik-s-control-why-can-t-bjp-go-all-out-against-tripura-corruption-is-centre-has-double-standards-for-west-bengal-and-tripura.html
phone call scam Tripura,'I'm Indian': Tripura student's last words before he was killed in a racial attack; protests erupt seekin - The Times of India,https://news.google.com/rss/articles/CBMihwJBVV95cUxPT0RBOS1WcjdLSFozZE92Yk05SUNtY210alIzeFYxb2I3SGJSWktUWVcwVUVTaUE3b1FRNWh6MzJwZ3ZrODdlb3I0c2RxeDVaeHktSWlwZ2xVVFQ1NG13RWJUSFJudTFyQU4wTU9BZGo2MjNUT21UZkRFQ1hxMWgyV1JBbHBIS3gtaWVweTZoekx1NWNmc3lzSkFyYWtoVU1teWdCRDFVSHhhUTloRDQ5R19TSXZHSHQ2WFYyN3pEM3F3amRTVHVBRHlldHZkOGJKZFA5b2xiSFZQc1h6QUduYUFpaGEwMzdIMUphQXpaZldnSHRfeGF1c094aGJJLUo0eGdINjlBNNIBjAJBVV95cUxQTTFfUDBkQnl2c0phRS1VYU5McjVZV0RmdXlNcjJZZl8xUC1CR1Rwa1JTV0hPT2ZtMUk3UzBmdWhlaE5PanAzb1N1TXd0andETUFrSGdxQi05SVdnZ08yeUVnV2FhMWV0TlFCSUhqNnlrVlFpM1Q4enllTW9HS2JBOFltYzV1dXczNy1ZS0hmeU5BOEtTejV0dWd6ZmxFVjFqN3g1emFRZzFuTEw5NjM3SUlQXzI5TFhKcGlGYVFmS1pOTDg1dGxIcnhoVmI2U252dHR0RXRUaFlpcFo3SE40aDdJSml1Vlp6dzYwUTZCTmxXbG5BWGtrT1hUYmV2amFxNEtJN1BiQmc2aUV2?oc=5,The Times of India,"Mon, 29 Dec 2025 08:00:00 GMT",2026-06-14T20:37:12.701893,vishing,True,False,candidate,https://timesofindia.indiatimes.com/india/im-indian-tripura-students-last-words-before-he-was-killed-in-a-racial-attack-protests-erupt-seeking-justice/articleshow/126209417.cms
phone call scam Tripura,Vanished after one last call: What happened to Sneha Debnath? 19-year-old Tripura girl goes missing in De - The Times of India,https://news.google.com/rss/articles/CBMirwJBVV95cUxQSTJoUFJ5NHQ1WEpXUXpRdTRRTG1jYTdSUVBpdURweFMwd0RHaGZNSDdfdzk3dElab05GNDBiWUhoWVlWTGRWc1ZydG1pTHlOREp6OGNBMTR6dWJfNFhaeGlZZmlxaTdubnBOXzNhR0wzMHdHNEFxRzNwZFJxXzVic0tVZ1dUUnIxY2ctRjdqWWlTdnUyNlZXS0MwSUtyUDB3UUtWa24zZjh1UUUyQlJZTnNYbkNUWG8wYW1kWWxXdzdZOGhUa3VjemFXNVBaNnExQUZvam5zakZ1RjRQdHBjMElWU3JmZEFrRWJteE1GYW5qVmRTZDhCM2RvaUZKWUZ1Uk5KbE1wVlNQd1R2LUZEWmxCSXVhQUNkaVUyTkxkdEJmS1c5V1BldTVHSGhrV3PSAbQCQVVfeXFMTVp2OVdFNXVfODZ4Y1I4bnN0MVRZeE5Lc0pyNzZSNDY2NXN0UGlqeFdabUVWUHowdzVtb3VleFc5QV9WSC1Sb1NCaUpON0tmWG9WSnpCNVhlWWxYZHozd2dhZm1ZcGVuZy1JWXBIMXExUkFlOGJ6aThBcjhXYUYzbG1rSExWV3UwUkFZYTJFMENlU2RJbGtVOHRkMFFHV0ZmZzBCOUJybnc5NnIzcE1tX0ktWENTa1lZUU9PNzltNktqWXQ0NXRsWk5LVy1GaEdKdnEwTW5hUW9vZ2hObXZDSUhhckFrVzNxLUZJRl9NOEVzYnExYlZFcC1DV2tqazBvbGJhX1pxODVPZkhaYnRpbDhsdENkdlhKbjl3MWNXUTV3SERfclMxWjU2WEFZT1lpVDU3LWk?oc=5,The Times of India,"Sun, 13 Jul 2025 07:00:00 GMT",2026-06-14T20:37:12.701908,vishing,True,False,candidate,https://timesofindia.indiatimes.com/india/vanished-after-one-last-call-what-happened-to-sneha-debnath-19-year-old-tripura-girl-goes-missing-in-delhi-last-seen-near-signature-bridge/articleshow/122418913.cms
phone call scam Tripura,"Tripura: Facebook user calls Manik Sarkar ‘thief’, police registers complaint - The Indian Express",https://news.google.com/rss/articles/CBMi4AFBVV95cUxPT0ZrMnJJQWZidzN3VDZNNzlSSjFFd2pWY3FpRXA4RmtNdlZQQkFwYkpQek9NSVdyMVMyVmxiV011YVFpS2JwSzZqc3NpLVBLQk5yMmtpdW9UZ3dneFRFS09ISmNONm1SNUNLR2JNdTItakZlSlI5V040eHpBNEY5cnhXN2gxQkRKLW9BcGxHS2Z5RnIwbkNKWEdDbGoxWXd3bldrUVA1S1d6d2J5SGN5aXBZemQxVV9IaW9LOG5jSDFZNEFqcnRJM21xd2tNOGZPSlRHTTVvOWtGcjBHVGVhONIB5wFBVV95cUxOcUExVy03WHpGUkk1c0NPNDFUamZvanJXZ3gxWjdLQkd5TE1nbHV4MW5kc1dtY3dudXFnSER6MlNNWFdsYnVYSlhlTVJrWEE5VjZJY19ETXFoVVVPcXBWdUkySThLNTBGVzFBVjh2S29uVWpqeDlwUVNHTk9qbXFHd2IzNWN0RnZMbm1yUVg4S2FTb2ZCZ2FuemxIbFdUa0Z5dUNjVkwwNmxPdEwtdzV3d05RTUI0R29IdUdpN0JKakNpY0xrOHFBMFd6T1lxXzI2U3BMXzkwWVdWQ2o1cVdIWmlsSEVfbHM?oc=5,The Indian Express,"Mon, 27 Aug 2018 07:00:00 GMT",2026-06-14T20:37:12.701946,vishing,True,False,candidate,https://indianexpress.com/article/north-east-india/tripura/tripura-former-chief-minister-manik-sarkar-thief-facebook-user-police-complaint-5327734/
phone call scam Tripura,Rose Valley chit fund scam: CBI to question Tripura minister Bijita Nath on 29 June - Firstpost,https://news.google.com/rss/articles/CBMixgFBVV95cUxPRWNBVmVYUW05VGxpeW5ZSUVHQnpMZDlITUxhRDhLRDQzcXp5cjZ2QkJqcVUzNHZZZzJkSF9VMW5PVElhUGwyUDl0ZHJsUzNYVjg1RmpiLUJTTjdSQjZ3eUZ0X1pZT1NVOWVITWlzS2tsNFRsbTJ5Z1BVd0cySEs5X25wTlE2a3d5cm5xbjFHd3FWdmw0cnNjbUdMUHFzcmRhTmNzbkVTNGRianpGSW9UdnRIUXc1bjBFcW9US2MtRmZuTXVzUnfSAcsBQVVfeXFMUG03SkdmeUxxdnhDak1BUW1MTXBqVTAtdllpb2VQWlJYQ2RHRkN5TFBJdzJrLW0wNDVMSlZPODhnYUx3YXNRbnoyRnRGRGRfeTBMUW5rMk1kMnpQV3EzRGVULXpTVzJENUhhZzRybGo3Z2dCQ2YyeGk2SGU0clJHNnBwOU9JOWxrdzBUcWxrNXZPZ1RmeWxpMVcyS05XamlPWTZENFJOU244a0R6c2g3OVN0RWc4SWtYUEhKaHlaNy1Uak9OWmIyU2ZOcjg?oc=5,Firstpost,"Sun, 25 Jun 2017 07:00:00 GMT",2026-06-14T20:37:12.702021,vishing,True,False,candidate,https://www.firstpost.com/india/rose-valley-chit-fund-scam-cbi-to-question-tripura-minister-bijita-nath-on-29-june-3743947.html
phone call scam Tripura,"Tripura's Latest News, Views & IT Portal - TRIPURAINFOWAY",https://news.google.com/rss/articles/CBMi_gFBVV95cUxOYnZ6S0ZkR2JIQW1QZlZyNDg0U29xTjJwN2s3c0Y5ZG4yWXlYNkRNMTV4M2NTMXJyYnFSeTRPa21GZl9GN2xWUUQ2X25MckhLRDVZMmRoV01ScUg0WVFMN1pQMTRoY1JvRkRFOHdjaGkwek9kQ29TOEUxRlRSRkk5d0hqMExtWlY5XzUwbGN3NjBrY1VrWmxyWHRHRExaanVlV1RzZC1pZkV5b0lrd3dLaDVYM2prR2N5ek5jazRHS0s0YnM0VXRmUC0wV3hBRHlhVUtMWm1qUnpmcDUzMmFGbG9tUlRwY2tOSXBUcTVUdHZrU19jN2t1RWZoOGVhdw?oc=5,TRIPURAINFOWAY,"Sat, 09 May 2015 23:21:30 GMT",2026-06-14T20:37:12.702028,vishing,True,False,candidate,https://www.tripurainfoway.com/news-details/TN/26725/nrhm-multi-crore-scam-brings-embarrassment-to-tripura-police-addl-sp-unakoti-jamatia-gives-clarification-to-tiwn.html
phone call scam Tripura,"Tripura's Latest News, Views & IT Portal - TRIPURAINFOWAY",https://news.google.com/rss/articles/CBMi6wFBVV95cUxQdl9oYkNYTTgwTVhuN1ZXRFBHS0dfWktQanlabHJ0MzlXdmRjZGEwelhqbmpxYUVrd2lwMVRZV2M4Szd5N1J5Ym9GRDVrM3FITWEzNXFyOE5lbWNVcTVKekNfWEJZOGE5bjVPY2dDcFpOa3laTWFpMllBTTUzbC1NMEdwZ0tkTzd5M3lFVFRKS244ZDd1WHF6cjhyR0lDeFNpVDVUc2h5Unl1ajRPQVJEbTU0VlZfRDB6cnplVnZ3YmVqb2diM2RJT0RGTGV6Y25tVUtjOFo5RFB4M0RuQVJ0VHo1NDFaeFlfWGVj?oc=5,TRIPURAINFOWAY,"Sat, 22 Aug 2015 07:00:00 GMT",2026-06-14T20:37:12.702043,vishing,True,False,candidate,http://tripurainfoway.com/news-details/TN/35210/digitized-ration-card-to-be-provided-soon-in-tripura-ldquo-work-already-proceeding-rdquo-said-official.html
phone call scam Tripura,"Tripura's Latest News, Views & IT Portal - TRIPURAINFOWAY",https://news.google.com/rss/articles/CBMi9gFBVV95cUxOTjNoSUpWRUN4QW1CQU1hV0Z5OGRoMndjQjhzZ0FPQkpHdGo5UFJVcm1HeFpSSnM4cXMxU2lyX2E5aVdIeGlyamV1cV9tb2NOeWhYaVV1VENIdXh5Tkg5cC16OVU0c2Zvb0ZnZUpGOXZUekVFYTk0QzJWYkRMSFVGcTNvUUtFZzdGd0FIRkdwcU9OMC13N2I1dVR4TFVjZjB4TndGTUdJbFpmTk1JY05uakhBUTRCeUdFUld5d0ZqUGZjMHdyMnFWWXItWEYzYnJ3NmpCeDFxTldWVEFZZWVIVmlfSVFOY2MxUC1aY1lQaFZER3NNWFE?oc=5,TRIPURAINFOWAY,"Wed, 18 Mar 2015 02:26:36 GMT",2026-06-14T20:37:12.702096,vishing,True,False,candidate,https://www.tripurainfoway.com/news-details/TN/22171/condition-of-the-central-jail-in-tripura-faces-deplorable-condition-state-government-busy-in-scam-politics.html
phone call scam Tripura,Tripura blockade called off after talks; surrendered militants press for execution of accord - The Hans India,https://news.google.com/rss/articles/CBMi2gFBVV95cUxONDVnNW9wR2hWdWVYV09RbXlCakhmQmZxbExUZUh6SlcyQ2xYcjA3cjdYR1pMOE8zV19mdXA5RnpBRDlpU2xJN0lTZGhUb1NRd091RElpVjE5VjBjakF4bXRNNGFvRnZYOXpOVDFWdzJWNUY4cnc0UzdQdEE0MHBfSVgzSXRTT0xaT3hsY0tCME5YMWVtSWNvbUVXUWdfaDlXNmxHN2RIMmhzbFRreUNWWmpudG5uS0ZRUDNPYXZUUUV3Z1lCVTR2a0pBdFFMNWI3VW1JcHNjdWx5d9IB3wFBVV95cUxOakozWGZ0SEU2TE5DMFM4VWIyb2E0WWhKT2tTQmw4UVQ4bGVmTkhEOG5lblNrVTVFYUJnanFlNzJMQnE4YlpDMGlmbUU4WWtFWkM2R1lJcHlwb21WcDVxNmkyN1lpUkdkZUtTSU42cXdSYmJqRUtGVy0xUnpva3FYM0YxejcycXFpS2gwZUJ4TmtBQ2JQZnhUOXliUFpnZFcwUW85Ty1kdEdjNDdJZFRDdi1Gd3pnMzdFZEwzQkJIbHJBQ3FOMG5FYmtCZTdXOWVhOFlJcEtUNlVtQ09qVENV?oc=5,The Hans India,"Fri, 12 Jun 2026 14:43:27 GMT",2026-06-14T20:37:12.702144,vishing,True,False,candidate,https://www.thehansindia.com/news/national/tripura-blockade-called-off-after-talks-surrendered-militants-press-for-execution-of-accord-1085532
phone call scam Tripura,CBI grills former Tripura minister on chit fund scam - NENow.in,https://news.google.com/rss/articles/CBMifEFVX3lxTE5QZWtqZXhNT0xGTXJCSnlTM0k4ZFFnVDJ6S0tXa1BNeS1mellxeXJCRHFSTmFMOFE0ZFhyRk13QkxrVTRUN3RWZ2tZVm55THZaOTJMelpyc0hPcjRVRndEUkgxbkhUdm1ZWkItQzNsX2U3WU1DSXVhSVZoUzg?oc=5,NENow.in,"Wed, 25 Apr 2018 07:00:00 GMT",2026-06-14T20:37:12.702195,vishing,True,False,candidate,https://nenow.in/north-east-news/cbi-grills-former-tripura-minister.html
phone call scam Tripura,Protests Against Citizenship Amendment Bill: Agitators Set Market on Fire in Tripura During Bandh Called by - LatestLY,https://news.google.com/rss/articles/CBMi8gFBVV95cUxPOExVaVRyZEFYVEpSODNNVzRENmdUTmZVbzI2aWh0OTZDdU5tNVltRlppQkprRzUtZG9BTGFnZnBLRjBCWUJoX0VIN2NOZXhwRjRyVG8tSGZqR3ZwVWswa0U1djYtcy1ZOHE1R0hscnotTS1pN1pzVEUtcU5CS2Y0dnd0NUJqSEdQS3VWMkJVWlluRF9xQTRsUC1KNzZWSmM1MVVWN2tRMXN6MW9yZFgxdG1aenY4MmFZTUlYVEM0WV9kRTRxbmotdlhUX1NRNXNBbTZVVWdGTjZiNnBzcnNVRm92WjgzcUFid3hRN2ItTzd1d9IB9wFBVV95cUxPWUlkMXBBOW9tV2U4bGxCSXpNWVNYbXo3S2FrQmlodEhFajFjTjFIRWt0ZThTQktiQ3BKdGdfWW91THA0TVRvMElwVVp4NWNod25weDdpMEcwNWVPMWFWLVdwZkkwRlhNLUhwVlIyNkVpdXZURFpQdEY1UFFhZ2Jrb0I2Y01jV0lIQVg1WjRzLXJwZjNMTUgtNmg1TVBMYVl6bTcyVTVpQm1QZy1xLXRoSEVYTngtNkxqak1KNFBHS3RiSG1QWUtiWUQybHphQXBuNTlKN1A4Mzdyb1BzOEVoSzZsWElWa21FV1ZxQzNqNEJtQnBFR0NR?oc=5,LatestLY,"Tue, 10 Dec 2019 08:00:00 GMT",2026-06-14T20:37:12.702202,vishing,True,False,candidate,https://www.latestly.com/india/news/protests-against-citizenship-amendment-bill-agitators-set-market-on-fire-in-tripura-during-bandh-called-by-neso-1393491.html
fake call fraud Tripura,"Tripura's Latest News, Views & IT Portal - TRIPURAINFOWAY",https://news.google.com/rss/articles/CBMi_AFBVV95cUxQNWxjZHVEaDU2eGUzVHJwWGxyWl9MSzh4cFZpOTlDMEpQRVM3NkdvX0ZSbXowcG1CZXFuX3FIZjVMZ19LSUE5OENhejQwNExqSWJPb3VSZHgyWFpPak9OQUtkbTlIbzlBb2hRdmFveHE0UVozLUZRdjFwSEpsbEhMdk5EOXh0aVl5dnFicTJyX1V0RHF3SERoazllM0Z4ODNGajFwcHd3dmVIX0x5R2RvQ3IySnJiOEdWZGpoSzZYSGh1OWpVNTdJWnhHMDdCbjIxaFJ1N2VhZFpZRkF3U1I3N190bXRxaE5GREQ1aDY0eG4xb042NmtWR2JXSFo?oc=5,TRIPURAINFOWAY,"Sun, 19 Oct 2014 07:00:00 GMT",2026-06-14T20:37:14.688813,vishing,True,False,candidate,https://www.tripurainfoway.com/news-details/TN/12951/nrhm-cmo-rs-24-crore-scam-who-is-gobbling-scam-money-cbi-investigation-is-must-only-high-court-can-save-tripura.html
fraud phone call Tripura,Tripura: Excise Department seizes 898 kg cannabis worth Rs 4.49 crore on Mohanpur-Khowai highway - News On AIR,https://news.google.com/rss/articles/CBMivgFBVV95cUxQd2VBSzVSRUIyUGxCb0twWXVrNWgwNlBzbTIzak5MeEgxMXJKNWRSU1gyUU1OUlNQWFRsTUlkVDVtRkUtWkp3NlhyUkdxSWpsQmlMRXVMQm93Q2k3NWxpb003cTl0UC1CQjRSejNmSm9HZjRycVU0QWxZYkdiMWp6V1MzUTF1eXUxLVMtSnk0d1l0OXYtWS0xOWdBOXItX0FnSWJhWnRkN0FJVGYwbElsLUhON2pqdGZqaXpiamF3?oc=5,News On AIR,"Mon, 08 Jun 2026 13:14:00 GMT",2026-06-14T20:37:17.069552,vishing,True,False,candidate,https://newsonair.gov.in/tripura-excise-department-seizes-898-kg-cannabis-worth-rs-4-49-crore-on-mohanpur-khowai-highway/
fraud phone call Tripura,Tripura: ED conducts raids at three houses in Sepahijala district over alleged financial crimes - News On AIR,https://news.google.com/rss/articles/CBMivAFBVV95cUxNR0pWbUNHOWtKak03MXc1Z3dKd3ZEN3FMcXBhTUoyVThkNHRUSHh0a2M4RmQySW5jQmZTbEtjT3pBcTEwVlBkNE84cGNzLV9LcUhVZTBPUWpiWDhhekhhQ1c3UXU3NlZLUEVWcVdxYVIwTTFvQnVRZTZBZVNJSW8tRnR6Q192SWw1RWFHLVBTbGthc2hUS3NjOS1GWEU1N3VERmhKMnpmWW5uNjJlTkJMV0dQREZBTmRndkxGTQ?oc=5,News On AIR,"Fri, 12 Jun 2026 07:45:00 GMT",2026-06-14T20:37:17.069598,vishing,True,False,candidate,https://newsonair.gov.in/tripura-ed-conducts-raids-at-three-houses-in-sepahijala-district-over-alleged-financial-crimes/
fraud phone call Tripura,Haryana and Tripura Sign MoU to utilise Auto Appeal System | Akashvani News - News On AIR,https://news.google.com/rss/articles/CBMijAFBVV95cUxPR0hFdFNtQlJJZ2JkbWdrQ3ZZUTdubVNwUE5UdFhXMzNtSmFvR2pKdExoQnZvMmpJeDdyWlR6YW1aZ1NLVTFUSUxWMUFrdnJKMEJqTDBVdUdRdi1SaEg4eHV6djJQdHVBdjJ6bmxWQ1V5eGVfNnZPaWllQ2RoeTlERVlxS3ZxM29sSEtvRw?oc=5,News On AIR,"Wed, 27 May 2026 16:28:31 GMT",2026-06-14T20:37:17.069648,vishing,True,False,candidate,https://newsonair.gov.in/haryana-and-tripura-sign-mou-to-utilise-auto-appeal-system/
fraud phone call Tripura,Forgery scandal rocks Tripura Biodiversity Office: Staffer held for embezzlement - Tripuratimes,https://news.google.com/rss/articles/CBMiwAFBVV95cUxNWnFUUGJGdW04c1FMLVE4c2ZjajVHdUk4REg5TGMyWFRTb2lwZ3l3bDJBVXFfeDNqaFdWU2FtTzZLd1RFOE5yOVIteU1KWVlvUS1VLW9tZWxhMkxJTUd2LUdBckZQRm95WWZkWndLWlpMckJ1RUszTUtORjN1NVdfRzB6VnlkNnI0ZVVETEJWYTBUWXBaVVdrTW1CTm1wd0dQN0VDSzZCTEdYamtTcEs0bkZWUGxGVVNqelNTOWJJd2Y?oc=5,Tripuratimes,"Sun, 03 May 2026 07:00:00 GMT",2026-06-14T20:37:17.069740,vishing,True,False,candidate,https://tripuratimes.com/ttimes/forgery-scandal-rocks-tripura-biodiversity-office-staffer-held-for-embezzlement-36884.html/
fraud phone call Tripura,"Khudiram Basu English Medium School: Allegations of fraud, attack on media personnel spark tension - Tripura Chronicle",https://news.google.com/rss/articles/CBMi0gFBVV95cUxPei1sV0lOS0J0ZF9hYlh6QWRuaTI0NW9BVW9qamprbWhRWVBlZHRfOVliQnVENnA1cV9CTWtqeC1SbmN3dFMwNUdTU1RvRDZORlJWaU9LOTUtVnY4a19TMEg2aW9mMDZ1Z3Z2S0JFYnRlc29NOTVyQlExa1k5bk5sVjduSEg4N09oV3FyMHV2OFQxOFd5bTJIcHM3T1ZSQXZvdldEOWEtTC1KS1FfZEFYOWJSb2JiSUxYbzFtVkRkVXc0LXpENnQtY2s0VXpGVkVncXc?oc=5,Tripura Chronicle,"Tue, 27 May 2025 07:00:00 GMT",2026-06-14T20:37:17.069810,vishing,True,False,candidate,https://tripurachronicle.in/local-news/khudiram-basu-english-medium-school-allegations-of-fraud-attack-on-media-personnel-spark-tension/
fraud phone call Tripura,"Tripura's Latest News, Views & IT Portal - TRIPURAINFOWAY",https://news.google.com/rss/articles/CBMiwwJBVV95cUxOSy1TSENrSzkzNE9RTkk2bE9NTEVBeE5jTkF5N0VaMUN6TmN6MXRLTk1rbmFpSFEzdWRjRVVIblpOU0RZbExYUEpyMjEwaHIxeW9tLXBhU2x1YjRzZ25wVkRNMWVqYVRhZm1xMHlVZ1Z1OVFWczR3elNDMXp0YlRsQmhYNXJWRE5sZ1RJWDdSczJ2S0Y5UmJoLWFDQjVhSUF4N0ZWQVRlQzI3MDFEVHdCWHdDb3RaS0g1UGtGQ201c3hycDVQMFVvRXRPeWNET0NaUFM5QTVSeXhkTlJ5TlZCVGkzRmFXaVhTMTVGMDFqSmJLOHV4eUUxd3ROcmpuakxQRWVfdXpaQ3BtOUJrWXV2dGM5U3Z3cTQtdG1DTWZDUlpscmgtbk15b1JFb25YZFplazFqNXhQT3haS05pRV8zZlUtNA?oc=5,TRIPURAINFOWAY,"Wed, 27 Nov 2019 08:00:00 GMT",2026-06-14T20:37:17.069877,vishing,True,False,candidate,https://www.tripurainfoway.com/news-details/TN/136655/fraud-exposed-ramesh-h-s-school-bjp-leaders-forced-victim-s-mother-to-sign-on-no-objection-letter-did-blunder-by-fabricating-story-inside-school-on-sunday-holiday.html
fraud phone call Tripura,"Don't commit CSR fraud, DK Shivakumar warns Karnataka corporates - Tripuratimes",https://news.google.com/rss/articles/CBMiqgFBVV95cUxPZnA0VHhQRjhzX3VBUHdHaDV1WEdkdHRJeW9lVFE4blFUdUMtUDlsNWtubDdjN09BdEdhX24wQkJMUlR1M25oSFBYakdrZGM5VHNndW1UM20tUWVzT0l2YkcwSVptXzdlY0hySWJzMjhwQzd1WVNacFNpSU9BcDIwNWw5eHo3SGt1MzJpY1RSOGpBa083czRvcTNHM2hLLXA2WC1uMXRmSzk0Zw?oc=5,Tripuratimes,"Sat, 31 May 2025 07:00:00 GMT",2026-06-14T20:37:17.069911,vishing,True,False,candidate,https://tripuratimes.com/ttimes/dont-commit-csr-fraud-dk-shivakumar-warns-karnataka-corporates-28081.html/
fraud phone call Tripura,"Tripura's Latest News, Views & IT Portal - TRIPURAINFOWAY",https://news.google.com/rss/articles/CBMitANBVV95cUxQOXBtUGlLY0dnWW5XeU1IeDg1RGQ3ekxTN1pXdjAxV016ck9mdWZkcWtvUEtFUkZlWXg4VFhfVUMtemVPUFJ0RzBuSGVMWTVEZmhBZnJVZld3LVF2MGt6aEo3T20xbGV1OXBvRkpzQVJ5cklCV0xrVWw2dDNJMmpuMEVIZFMybWFYYjFIVUx6YlU3UkctSkdHekZrRk0wTE9pN2p5QmVqbVV4UHhJYjJrTUpnSHo0XzR2bW80NnlHSWM1Mi1oMGR3UndYdzNneGQ2Qk42MC1GZERrWjlXVjVaTEpkb3NwTWgxMTlVdmRxbmhvdzdGOEgzY1NOZ1gzVV9FbDlzbkVjX3FydDF5N0xtOFFyRzBNaFdrblhpSFlDaklBVU5PQXlJS0JTb2ZPN0dDRlRUUFVVV29KSGJmOVF3RExEWDlOSU5kRjkwQzZQR2dTVXYycmEyRGk2N3NxY2xSUUY4ZC05NzFpZk53UFI2aDc2QmdlU1pJTlFVbjJ4cmpsQ2Z5S2VMend6MlNlaHl6U291RU5wdWx3bUJqR2gtMVh1RlJ3bjYyaV9iSW9tdS1YOFRo?oc=5,TRIPURAINFOWAY,"Fri, 12 Oct 2018 07:00:00 GMT",2026-06-14T20:37:17.070023,vishing,True,False,candidate,https://www.tripurainfoway.com/news-details/TN/116611/court-terminates-agartala-press-club-s-illegal-occupiers-pranab-sarkar-gang-rsquo-s-biplab-rsquo-s-media-mafia-illegal-lsquo-no-contest-rsquo-election-dismissed-banned-from-operating-press-club-funds-old-elected-committee-to-take-charge-from-friday.html
fraud phone call Tripura,Foundation stone laid for India’s first-ever International Buddhist University in Tripura - Free Press Journal,https://news.google.com/rss/articles/CBMiygFBVV95cUxQSy1ya0FhZ3ZlclhJSmFwbmJLTlo0cDdBZ0FqUEF5Z0gyQk9kaV9SS2VsSjZRaDZLeXd5UTZCWHNMbVF0VW1RdV80MHlOZGdxc1JiU3hZSC1YbWJnT3E4Q2kydTVNNjg4WURSbXFzOXAtaXhCbl85TWc1aTZ4eFZwa1R2bFZoV2o5SVAwbFNoTGVqRnp6Wm1oRnlWaWsycmJnQnIyWlNKWHpwSTFzYnJuYzJ0RWZPT3hjamVKQ1Z6ZzVqbElZcUE1VmlB0gHPAUFVX3lxTE9qYnFNT3lfUWVFVW82VG03ZVdzZ3hSZnFmaElTTEcyUTM1ZERra2t5bDh2TG9GVEx3am9BWWZsbXBoVEg2NjMtSjg4MWlTelA1MmZDMEJkQ2tMUjBkNUY0bDZ4Vkgxd0I2czJzQkV6MkNuUXk5WXZZbEZCNkdPa3hacUpwcTN3bFJVQ01mSllURFM3QVZYSFB0Rm9HQ0wxN1R1d0ZZM0JQU0RHRVBlaTdJVGcybFFmODktSnBTVTJxaHBqLWVLdVh6c3lIQk9Odw?oc=5,Free Press Journal,"Wed, 30 Nov 2022 08:00:00 GMT",2026-06-14T20:37:17.070262,vishing,True,False,candidate,https://www.freepressjournal.in/education/foundation-stone-laid-for-indias-first-ever-international-buddhist-university-in-tripura
fake police call Tripura,Man Posing As IPS & IRS Officer Enters Tripura CM Manik Saha's Hotel Room In Lucknow; Arrested - ETV Bharat,https://news.google.com/rss/articles/CBMi1wFBVV95cUxNZTNuS2d4STFWYnh2M25SRzE5b2gtQ2czSGU4djNHRnNFd053QURZVzdSR29FUHJSb1g0Q3hhV0hiSE96UlBlWlJiRE1FcXIzMUhsV09sOXNWRGc1STJ4dkZwX2I0UzlXUjk0WXo3eXhOUFZlaWdfNGV3b210elROdjJNdkVYb0J6aHVadDItVFRqNEFtb3ZZVHpsWVFiT21rUlBTQV9DbXU5S29wWUxaTUJOdUpoNzJON2hfaU01WFVVT0ZMdnVZUlFjbHQ5eGlGeHBoWWFoY9IB3AFBVV95cUxQUXFhM0VXZUs0c2FLVEtneDZsX1Z3X0tiOHpNci1ieW1qaDBOaWtKdWdVd2dBNTRlUTNyNFRjRjdhNnJpYk5KVkpUeExVUkhoSi1iZFlfTkJPRDFZdnV1WGx5UFBFYWlzOFJfS3Jxc1JsUGNvTjJpYUZEODY4ZHFtWmdhVkRxaE5MdWVlSzhYQThqWUFRRXctb28zT3lDTG9LXzg4UU9VZVBIY1RZR1EydmJyN0NJamNzUXNtZmU2R0F6bl83enVUbWJkUG9rc25jRjY3VndIV3ctaWxy?oc=5,ETV Bharat,"Mon, 03 Nov 2025 08:00:00 GMT",2026-06-14T20:37:23.209806,vishing,True,False,candidate,https://www.etvbharat.com/en/bharat/man-posing-as-ips-irs-officer-enters-tripura-cm-manik-saha-hotel-room-in-lucknow-arrested-enn25110301357
fake police call Tripura,"After Tripura Muslims Faced Mob Attacks, Muslim Twitter Handles Nationwide Face Police Action - article-14.com",https://news.google.com/rss/articles/CBMi0AFBVV95cUxQOGRZbVc0QVZSVHY4aVNpUW5xck1xRWVIRFl5UDIwSlE0RHY5MmVraG1iaU50Vk5PTVRQNEtmbWVMYTNEdy1HTnpTYVBtb3BmSTlZNlhldlRUUXRIYjNZN283RlFvWjNwYXJIVU9ob0M0NTJvWXg5RWc3LWxNa2FTZ3hkYU5TSXB4MVNaOHFBaE94SzFaNG1Oc09VbDBBMU1Ld1c2TWEwZHZoUWR2eEpHZUdqVVJacjRRa2pyTngzZnMyNXp6RVNhMW5jVGVjSVIw?oc=5,article-14.com,"Tue, 09 Nov 2021 08:00:00 GMT",2026-06-14T20:37:23.209814,vishing,True,False,candidate,https://article-14.com/post/after-tripura-muslims-faced-mob-attacks-muslim-twitter-handles-nationwide-face-police-action--6189c525d0111
fake police call Tripura,Tripura police claims no mosque was torched in Panisagar but ground reality differs - Alt News,https://news.google.com/rss/articles/CBMiqwFBVV95cUxObHRLcTU1cHFTaXVXRkdXN21iNzcxY1V5YTlTM19EcjRROGExZDZwZTRfckRDTkpFNUFTMXBFX3RuZ0ljanBjc2llMV95ZTE5R1Z6eWxGUWxoZzZHNjN1RGZCOU5qSjBXVUFWSEFHLU5vbTM5eHpNZm45SkFEc0Vad09PaGtvaEVzV2htQmxKcEtrVFBKSi1JeWhoU29hOFFlX0pVUGlJX0pFeFk?oc=5,Alt News,"Sat, 13 Nov 2021 08:00:00 GMT",2026-06-14T20:37:23.209863,vishing,True,False,candidate,https://www.altnews.in/tripura-police-claims-no-mosque-was-torched-in-panisagar-but-ground-reality-differs/
fake police call Tripura,"Tripura: Viral cash videos trigger probe, police couple among arrested - EastMojo",https://news.google.com/rss/articles/CBMirgFBVV95cUxPeFNZekhlbTI5TGZZQ0tZNWZkVFFVazcxQkhtREZITFM0aE1jc2hlR1RCckhrdThlWnR6MURFQjFBZTdPMkF2NzhRYjU4TjJiWS1VejFMNDRtZk0xSjZrZHg0el9OYWZhcjcwRXhUTHVoRFZGelUyYk8xRVMwcHlXLWc4aEhkRlhmVnh2SDAzOTh1ODQwNEpTRGRabnB0TndEWlVmNURHSFVyM2dhSmc?oc=5,EastMojo,"Wed, 20 May 2026 07:00:00 GMT",2026-06-14T20:37:23.209871,vishing,True,False,candidate,https://eastmojo.com/tripura/2026/05/20/tripura-viral-cash-videos-trigger-probe-police-couple-among-arrested/
fake police call Tripura,"Tripura woman burned alive, cop suspended - The Times of India",https://news.google.com/rss/articles/CBMitwFBVV95cUxQTnc5aTJUSzY1QzhzWE91d1VFbmxYbUMxelNKeGVtamxfU29FZ1FQalB0VDhFV3hYOGdTdDNuQnF1Z2VaM3VkeWZIeUdteVhRbzBKUklHNTdscnBTVmhpaGRpbl8xUVhjSmkxOEVnNFhmVkt1QVVidlYxTUhQQVdlR3hIY1h1UENxSC0tRVRKRkx5VkN4bWJJVXZOdjNuSGxqTVF0Y1ZJaHpuNVplNDVtSldrUzY0Y1XSAbwBQVVfeXFMT1JhaWlOTHVla2ZUQXhZMUNhZEx0enpmTk9tbFVwQXFmUy1hS2E3Yl9JLWlfV3dsVDlDdDd1UUdyREFLWmpqUG5ZakdqcUlsM01fRkk1VlFaQnoyZEZoT1RnT3ZkX2dJR0pOSDlUc2pwN0lHZ1ZrMVo2WWNmQjZLWkViVDBHY1NoWmtOTFUxaXNlcERBdEpxZjZESl94dng4TldQaW90OEpaQzdtRUlMVFpKMUQwMFlXS29pSTQ?oc=5,The Times of India,"Sat, 20 Sep 2025 07:00:00 GMT",2026-06-14T20:37:23.209911,vishing,True,False,candidate,https://timesofindia.indiatimes.com/city/guwahati/tripura-woman-burned-alive-cop-suspended/articleshow/124018629.cms
fake police call Tripura,'Premature': Family of Tripura youth killed in Uttarakhand questions police version; dismisses 'no racism - The Times of India,https://news.google.com/rss/articles/CBMiiwJBVV95cUxPOE5vZjRNQXd4WW5PeDNtOV9KU1JLOE83d0k2dUItVktfNG5ERXFRSGowMm9FRkN3am53VWJsd2lLSXpfTXpiNHpkbHJ4S1gxand3enRMUnNhNEZSWDJNQ3cyMkZoOV84ZDFkZG04TC1aWkJzb2hSRF85d2E2cXBHdlliUVBDWkxOY3pJVEVYSUtpY2tRcWtDZlVJVE5tUFczTjBmbnV6bVg2UjdmUHowZ3RGRFo2RjZmd3NicU9OZHFpcE9tSmRQTUFqelplcGpZWWJwSVRvNHExS2hqU1ZJaVRwSk1NRjhOc1NTNTA5QmJrcTg2VS1IdG1Ddm9sdktLWS1UeVpjSnFYODDSAZACQVVfeXFMTjB0MGh5TEo1c1RtNGVOdHdueWdYMEkyX0hyT0tDSGc5SXR0ei1neU9kU2Y5Mlp2NHoycXNYdDEzR2U4UnM2dXQ5QlF1Y0VHaVBDMTV3YUdyU05mM2JlaFVkVlFnN3JIY05sOHdaWWFDT1Nub3NrWmg0RGt5amhOQWJxWDR1MDZqZDNielJ6UmpDbFh6YTBMX0R0R3oxQ2huSDlJR25rWGVKZ2xKUWYtRFJLSXBfVktYcHhmcnNPVjRwcjVxR3dtOWozUUVjS1QxejRJY0YyS0l4eXNaZGU4WjdiVVVlRk91N25MZkhXMkg2ZUJ5ZjU3S09KSGVXTzRfQkFkT1o1akNuQ1dGcUo4ajg?oc=5,The Times of India,"Wed, 31 Dec 2025 08:00:00 GMT",2026-06-14T20:37:23.209938,vishing,True,False,candidate,https://timesofindia.indiatimes.com/india/premature-family-of-tripura-youth-killed-in-uttarakhand-questions-police-version-dismiss-no-racial-remark-claim/articleshow/126261694.cms
fake police call Tripura,318 women among 476 constables inducted into Tripura Police force - The Times of India,https://news.google.com/rss/articles/CBMi2AFBVV95cUxPbk13QTk1dFNnTWFTNF8tS1ByVlBpdi1CdlFaRV9pQmRMZ3JFaWJVTnRDdEwtVXRBRE5DLUtndGdkYkJhQ2ZXZ3hDUzd0WmVUWF9McmxaLUJ6Uy1QUW9mSTNyNG9vek9NZm5hUk90bzlWNU5LVUJfZWxzRTB1M1BVdUZualc0WFpwUUlMaG9LZVY4N0RFY21sWkFnZUtNQzJpVERIRXVpakR1ZnFKdTBsQ2NpVkx4QVlTQVBNaGZDUFJ2MVVRZG44a0ZHeW9hTHBJVUVHYnJVZjfSAd4BQVVfeXFMUHl6Q1M5OTBMUUx2UTBxb3djN2RLVmpHejdVdkhCYjNXSmszR1preldHUm1PaWs2YnJYSnY4dzdyWWZXN0NSSWtvLUNxdjlVZF9yQklJYVh6VFZNZkhOMzZLM2UzcDBZT3d0aGQzZjhIak43VGVKNnJpbFBHMHFlZGZLOFR1RG1IcVB1ejdqbGpOek8tQ3ZCZ21PV2JHQjBHSjJsb1BMSXY3YmpEeDIxWGQ0QVhERjR4UVk1dmE5cjhLZkxFa3Y1SHp0bGJqN2NUSHp4ZDdkdkg2UWxjSnh3?oc=5,The Times of India,"Fri, 22 May 2026 07:00:00 GMT",2026-06-14T20:37:23.209964,vishing,True,False,candidate,https://timesofindia.indiatimes.com/city/guwahati/318-women-among-476-constables-inducted-into-tripura-police-force/articleshow/131251060.cms
fake police call Tripura,"A mosque was torched in Tripura, but cops say just a ‘prayer hall’ - Newslaundry",https://news.google.com/rss/articles/CBMipAFBVV95cUxQcDZERlpfZWNZYU9FUUlxSmZYWWpBaS1aWVEySWZaOU1CaVBGQVJONHY4UE5XUmxPeDhCclRsNzhWVEJNdldwNEJ6R2ZadmhDYjViY1NKM3RtaGRuRW9ReHNZM3lNLXAydzg3dnlPU3VVaE9DSmpjOHhnVzRhYXltZms5Nm9pM3RFOFp3NDFjdHh3ZkJiV1AtOHQ2dHRzR2o4NVJsQtIBugFBVV95cUxOcnVHNkg0RGtVM1NGMTBaNnpYNW1VV2hhYkJXdk9UcEMtTGRaMG1RUVltcWJOd0FUaWpHZ1A1T3kzSGVTb1VaOWRJNjBKNFM1clZKS0ZTMXVKXzBmdzNNam1VSkk5UUxnb1U4dE5DNDdMdlU5T2NHODJpX2JZeHl5Nm8taGp5NHF4RVQ4OF9reUNkQXoxQk01QkJvZ21aalBGTjdTLUpBdmJQY19rQ1dwMWZYdXM5b1FRMFE?oc=5,Newslaundry,"Thu, 18 Nov 2021 08:00:00 GMT",2026-06-14T20:37:23.210078,vishing,True,False,candidate,https://www.newslaundry.com/2021/11/18/a-mosque-was-torched-in-tripura-but-cops-say-just-a-prayer-hall
fake police call Tripura,Aim to meet Tripura’s gas requirements by year-end: ONGC - The Times of India,https://news.google.com/rss/articles/CBMiywFBVV95cUxNVm55QW05N2NLUFVDWWJTcGZENVFuV3dUSUFmTnQtVUtHTnZyajZuUmUxekY1eVZ2Z05JcUNRSkJoNzFUbndjdmxnTXMtTy1tTHpSdS1URXBEZjRQTHpRQUZxU1V2N1Eyc1NRWTI3SDJUcUtCUDAza0d5d2UwUTE4NEx0QlpJbkxqYm1mVkh6T3NJd0ptTXhGYW1TcGY2ZzJLTEV0U1Q0SFA1T0hxY2c4Z2Z0QWhOdEcwc0VtVFVWeExYV0VlR2E2TXhyd9IB0AFBVV95cUxPVzc2QlZzUU1neWtTdkhDQ0JsQjM4a1hoV2cwNEVTV0tRZXBERlZOR3RIMlhPSlRITnZJbG5MWnpPeGNpYnRCSWJaWDE4MjdQQ2dtVWNDdTg1N2ktTTF2Wk16SW9PYl9DWm9oeHk1QTZXd2VyYWpfS0pkNU40djF6RFBra1p6ZXJUaFQ5WjViMjRWZF9GakZLaTNMZnVJejBQY3NWTmFXbU8xbl9wdTZ4STRTOXhYQmhJQzBoV01sT0NqN3FKWkRjYUlxd2x6VmRT?oc=5,The Times of India,"Fri, 26 Jul 2024 07:00:00 GMT",2026-06-14T20:37:23.210093,vishing,True,False,candidate,https://timesofindia.indiatimes.com/city/agartala/ongc-aims-to-meet-tripuras-gas-requirements-by-year-end/articleshow/112027556.cms
fake police call Tripura,Fake videos of Panisagar violence being circulated by anti-national elements: Tripura IG Saurabh Tripathi - ANI News,https://news.google.com/rss/articles/CBMi_AFBVV95cUxQSERibXV0aWswejJ2N280V1ZSLWtMVnZzMG9OaFp4OHc0S1MtUU94VURZTEVHZ3ZxYTUwaVl4YjdtNkRCVC1QQmVjT3dveXFKaTVZdllOLW8tajVpaFRHQ1RYNk96Q1RNUWVwcnl6MFZqS2JsbDZnTWQyS0d0YnRESmFCUktFcjhMUlJWenNMMkdNbUp6a2Rqa1puYXFWU3VORXhBVTdCbHM2MXU2Zk5yUDJKbnlPTE9mN19hNFh0eEQ3a1pqa0VMQlExNGZXT0QzeENEQ1FVQktzSGdmRFBCVk9tejdCdFhCeHpOVmFPZTUtbi1CekZWS0pQdjA?oc=5,ANI News,"Thu, 28 Oct 2021 07:00:00 GMT",2026-06-14T20:37:23.210106,vishing,True,False,candidate,https://www.aninews.in/news/national/general-news/fake-videos-of-panisagar-violence-being-circulated-by-anti-national-elements-tripura-ig-saurabh-tripathi20211028062401/
fake police call Tripura,"IGCL’s Tripura–Mizoram gas pipeline nears halfway mark, 45% work done - The Assam Tribune",https://news.google.com/rss/articles/CBMirgFBVV95cUxQZk8xbWQzODQ0M0szeTFldHZjQm9nTEVQaTNCSEZzMnliNmRvVkwzdXA2NlBnZnl4VV9MUlU4UEhpWTFIWHZkTmJ3czRMMW5Idk1CMWo3ekJEUW0ta1V5UVVyN1pPSXBXOHE2NUloajk0bEZSbFVOZ0xiOGZWWEFzd1ZHeE1JRkQyVF90SjNRR0EtUUNEWGY3V0tKWWhIbnU3akQtV2V4NFZub0lrU1HSAbMBQVVfeXFMTi1MTFJvQUJBaXdLYUxxcXVsZldVYVVnUXYxdzBwTElMc1F0QTBmNllNQzVscV9JZ1pCcUdFbEpBWjJ2VXp1OWM4TUduY2Vra2l4UHNCM1l3TWxGaWoydlRaakFVZ0ZfbVZEQnBycHd3dXZTYXhyejZJblNmbklmbWpRdk5lYWFhSmtEOVpKTEpqSVJWcnQ5WXBTVnpzNlBiS2pFMjRNcDd3dUprNDZhZnI0TGM?oc=5,The Assam Tribune,"Thu, 15 Jan 2026 08:00:00 GMT",2026-06-14T20:37:23.210130,vishing,True,False,candidate,https://assamtribune.com/north-east/igcls-tripuramizoram-gas-pipeline-nears-halfway-mark-45-work-done-1604558
fake police call Tripura,"Tripura: IAS officer accused of torturing wife over dowry, denies claims saying, ""attempt to malign my name"" - India Today NE",https://news.google.com/rss/articles/CBMi9wFBVV95cUxQMUR4NUt2b21HTmxpYlB4eFZlWTRTYWhNWEQyZ25mRzNFSmtseFRWcDVrSEtMNVVnX2R0d3FiTmhsek96OHlxak9COXhuWGFTNGJfVERTTWxlb3E4QUZLd0Qzb2pOMkJ1Q3dnWnBiQmJ0VmlEOGdHV1dKcUxYSWZ2ajh2RThrVUxEM282LUVZVUdpMzVCY0lTOGxCbGtZUzRteTZvMEQ5bUR5dkRwN3V0R2NJcUhXbXRKU2lYYUdQcTRmZ1V4c3hjMFlZVm9tWjI1NlZMWXJsdU1hdUdBMmVnU2R6eWoxdDJoNmdWbU44SEhrN3FnTW530gH8AUFVX3lxTFBvbmhfTGF1WU5mcEcyaldRNTBkeTd1a0puend2alRaQlBwUzZ0NnhFM3dJUVZlemJ1a0c0ZUo5Smc3bS1laUh3czNKUTZfQnJXNXVaZTF6c2ZKRUVKVlU5RlJGU3RKUU0zc0FwR0M1RGNpTXc2WDFXa3V6RExrMFdpMFRRUWR4NDNwSlZJZWFHYWl5RDJVb29tWTIxWkJ5eFlvNXltaWh4V3prNjlEVUNOM1RSRy1iMjJ2Z0UySHN0T2hpZC1YNzgyMUR1NFV6Qnh1Ynk1VjBsVHdkb2NoeWJkTHlTcVhZUkp5bTNnSi1zUl9LRnlzYkhtNnpTRg?oc=5,India Today NE,"Sun, 12 Jan 2025 08:00:00 GMT",2026-06-14T20:37:23.210314,vishing,True,False,candidate,https://www.indiatodayne.in/tripura/story/tripura-ias-officer-accused-of-torturing-wife-over-dowry-denies-claims-saying-attempt-to-malign-my-name-1153637-2025-01-12
fake police call Tripura,"Tripura's Latest News, Views & IT Portal - TRIPURAINFOWAY",https://news.google.com/rss/articles/CBMiswJBVV95cUxQaHZYUUpUSG4zaW8wcU5Mb1QxOU54ZWhnSUZrYW9qY21XODRFNWVBYmUwYVNmSVA3VDBuV3p3b3VNM2xBX1EyRTR1eENhNk1PUEsxbFl2MlJHZ2RmdmdaWm96aHNYWk9HUlV4dEFfcjg3TXFMMXVETFBSQ09tSnB0YkdaSXIzdnl0cVhzQW9wR3lXSEpIRDRzVlBqdjF3Z1JDanp4dEIxOVQ0QW5GZGFLNURtVE1RSXYwRjdPNUNTbzdXV3g4SlVTbFBnMWhGbjJhZExFRDQ2a1h2RVo5N1h0LTItUU9Zd3RISzZZS2o5QzhoSjk2TW9FaXpZNTUyNGVNODhhZXhJY1FBb2NXVnlPU3ZSM0QyRkFBSmNZcl90cERobjc3X01sMk42azZ5RnVISG5Z?oc=5,TRIPURAINFOWAY,"Wed, 28 Jan 2015 08:00:00 GMT",2026-06-14T20:37:23.210346,vishing,True,False,candidate,https://www.tripurainfoway.com/news-details/TN/18663/international-passport-forgery-ring-in-dm-gomati-office-exposed-accused-persons-mention-three-more-names-first-arrest-likely-to-be-on-saturday-afternoon.html
fake police call Tripura,"Tripura: Shah calls for vigil on financial transactions, constructions, property sale along borders - MSN",https://news.google.com/rss/articles/CBMi3gFBVV95cUxOWjh0Y1FqMXkzY2FLUGNtNzVVbUdSMU1Xdy1odTRZTVdFTXMxUHhKRlRUbmRNMUc4NmtZS0pHbUlweWZrc3p0LXVuT2ltdUJEaThtNXNJVjdnbGxuNXZ5blZWSjl3Z0IwenZoWFItNEJLMzNNcE01OUF2VnpSNW02MU9pQ1RKRm9rVGxiLXZxYlJBY0lhN0NsQjlPTl9aT0d2OTRlcDRYaDJvaDhEUF9uNUhham5iSVl4eUNfSUpmY25NQVlvY25FdXBFVTEtZVJueDVJRWg4VzVaWXBTeFE?oc=5,MSN,"Sat, 06 Jun 2026 20:04:55 GMT",2026-06-14T20:37:23.210354,vishing,True,False,candidate,https://www.msn.com/en-in/news/India/tripura-shah-calls-for-vigil-on-financial-transactions-constructions-property-sale-along-borders/ar-AA2509aR
fake police call Tripura,"Tripura: Shah calls for vigil on financial transactions, constructions, property sale along borders - newsdrum.in",https://news.google.com/rss/articles/CBMi1AFBVV95cUxNQ2M2WElGSXZHWmNDUVdJY3ZnNzBqdU9hQXB6MkY2LTRkd0RVbnUySm9GSl9UdUxSVHJodnpfRGdWemtpdTdsQTJhZzZFY1JLX1RBSEZCd0NvYzZmLUhRUXN4MExOV1RVT1VDSW9OdTNkYTYtaWYtV0RybFNneEJDZElnYXNDbHdEQWxUQ056dUZkSTFqUmlqTlRQcnkyb2lZTExGM2N4VlE0R0FsbFZDQnp5M3FQUTlCcTY3alFWVTJaQ0x0TlRZZUF6WWFkMWFkYmxIc9IB1AFBVV95cUxNQ2M2WElGSXZHWmNDUVdJY3ZnNzBqdU9hQXB6MkY2LTRkd0RVbnUySm9GSl9UdUxSVHJodnpfRGdWemtpdTdsQTJhZzZFY1JLX1RBSEZCd0NvYzZmLUhRUXN4MExOV1RVT1VDSW9OdTNkYTYtaWYtV0RybFNneEJDZElnYXNDbHdEQWxUQ056dUZkSTFqUmlqTlRQcnkyb2lZTExGM2N4VlE0R0FsbFZDQnp5M3FQUTlCcTY3alFWVTJaQ0x0TlRZZUF6WWFkMWFkYmxIcw?oc=5,newsdrum.in,"Sat, 06 Jun 2026 17:35:35 GMT",2026-06-14T20:37:23.210371,vishing,True,False,candidate,https://www.newsdrum.in/national/tripura-shah-calls-for-vigil-on-financial-transactions-constructions-property-sale-along-borders-12009520
fake cbi call Tripura,Tripura's BTVM Principal Swapna Shome attends interaction prog in Delhi - Tripuratimes,https://news.google.com/rss/articles/CBMitAFBVV95cUxNLUk3ekFMUExJbFhDM3NqbndEM0dQcElTLVkzYW5EMzJtdm51TzdNZGN2d2x1ak5tZXhyUS1XcEw5b1o2RUhNdldSeHRueDM2SGNId3Y4cnBCb3hHTmh2UDdjU2RMeXgzYjNKZ0hVWXJzSDZ0aXJCSzkycTRpTm1iRUktTlZNSUNYdW8wZG84Q3FMZDk3TVJieXNkbUhERzlURF9NWDlSa2ZqbVVGbDhEcDVvR0E?oc=5,Tripuratimes,"Wed, 26 Jun 2024 07:00:00 GMT",2026-06-14T20:37:24.984970,vishing,True,False,candidate,https://tripuratimes.com/ttimes/tripuras-btvm-principal-swapna-shome-attends-interaction-prog-in-delhi-16838.html/
impersonation Tripura,Youth Detained For Allegedly Impersonating A BSF Jawan And Cheating Local Traders. - TRIPURA STAR NEWS,https://news.google.com/rss/articles/CBMitAFBVV95cUxQTEJWUTRWMlFaRHBXRjFLOWdqbDVHSTZuTmduQWU5YWdxU3FXS0dhemdYWUttQjVPRkxESi1pMUtObkl3ek41YXNoZzBkZGd1eXZ1VThGWHNvc2IyQmhLaTZKQVZuOTdxeUFqeWJfLUxVX1NUQktqTk51M2RhQUliakhqeWNqTVVoWnYxNTlSWlFMalBoZHJLejVHcGlBdEs0RWdvRFdRRmZrTmFzc1VKSENEaDM?oc=5,TRIPURA STAR NEWS,"Mon, 01 Jun 2026 21:56:45 GMT",2026-06-14T20:37:28.494008,impersonation_identity_theft,True,False,candidate,https://www.tripurastarnews.com/youth-detained-for-allegedly-impersonating-a-bsf-jawan-and-cheating-local-traders/
impersonation Tripura,"Tripura: 38 IFS & TFS Officers in Major Forest Dept Reshuffle, Chaitanya Murti Made Chief Wildlife Warden & CEO, CAMPA - https://indianmasterminds.com - Indianmasterminds",https://news.google.com/rss/articles/CBMi6gFBVV95cUxPWmRlWk00UE8tTVM5N3cySXN4U3VlUlFuVldKYkMtZmJjQVBab3g0RHF1d3ZoTXJvVEQtbWY4dnl5Z2xvcUlFYWdWTUpPZjNTeHFWdlVuWll4Ri1xQTY3R3Vydm1oU3lpZzBNM2tXVXM0MER4enRVOURSR0RJLVFnN3JXUk9oeHFsOXRIb0JtQWFTV2xjRTBDbXdmaHVVWWJsRUVUNzhkN3UtWHRaUmdNSzg4MGJXWk1DcEkxTVZnbEtqTmswTTJVUGtkS2p5cW51Y3RRaGF3clJySkdhcEY1NlpZY29UTkpROHc?oc=5,Indianmasterminds,"Fri, 11 Jul 2025 07:00:00 GMT",2026-06-14T20:37:28.494149,impersonation_identity_theft,True,False,candidate,https://indianmasterminds.com/news/tripura-38-ifs-tfs-officers-in-major-forest-dept-reshuffle-chaitanya-murti-made-chief-wildlife-warden-ceo-campa-128874/
identity theft Tripura,"Agartala city police handed over stolen gold jewellery worth Rs 35 Lakh, 25 stolen mobiles to its owners - Northeast Herald",https://news.google.com/rss/articles/CBMi0gFBVV95cUxNd01aZjZha3hROENmaUp0dTR6OEhZTndGVmZBUm9MalNSSjlkTHdBS20xMkdPOW9ybUtBWS02RldWLWNmZHVmTWNONDlLYUtVektyd0JSZHZETEFIa3dyLUU5Yk1ESzNuMWNkZGJkc2luczhRbTV3MlF2Z2ZMOVEwVWJoRG1MLW9QNzJVV1lQUk9pWlBrX2czajdQZFI4MDJyUy1iOGt5b2xhNnJwYWJ6Ym5pZF81a29seWJycEZrMGxOLTA2TUtyTGszRnJGVjYyVVE?oc=5,Northeast Herald,"Sun, 07 Jun 2026 20:19:24 GMT",2026-06-14T20:37:30.040496,impersonation_identity_theft,True,False,candidate,https://www.neherald.com/tripura/agartala-city-police-handed-over-stolen-gold-jewellery-worth-rs-35-lakh-25-stolen-mobiles-to-its-owners
identity theft Tripura,"Kaspersky And Kidzania Bring Cybersecurity To Life For Indian Kids, Launch Cyber Investigation Centre In Mumbai. - TRIPURA STAR NEWS",https://news.google.com/rss/articles/CBMi2wFBVV95cUxQLWFTU1E5M2xRcTU2VmY2YkpNZ0RoYmJnYUJsM0lMLXFQQTFTYlg0dmFZVTY2MzM4Ri0xRFd1MWVQd1k0aWtjelgxdGdYZnhRZUJXUlFuVF9aNnJ6MEtkLUJIYVhiM3hwQjdJd0FQNHdkVUJFSVdtZTZPZUdFOVhRbUJQUU5wbnJMaEl4N1V5Z0hNNkh5Umh1OFdSWV9EY294eklac1V4ZEZEQVBNYzRlQjgtYWpuLTI4bTJ5NWp3aEwwc0JIOWphTzFOVG5KSlJUM3FFandkLU1xUlU?oc=5,TRIPURA STAR NEWS,"Sat, 11 Apr 2026 07:00:00 GMT",2026-06-14T20:37:30.040522,impersonation_identity_theft,True,False,candidate,https://www.tripurastarnews.com/kaspersky-and-kidzania-bring-cybersecurity-to-life-for-indian-kids-launch-cyber-investigation-centre-in-mumbai/
identity theft Tripura,West Agartala Police recovers and returns 27 stolen mobile phones - ANI News,https://news.google.com/rss/articles/CBMiyAFBVV95cUxPYzBkWnBlMUNERFFfY1VSTGVTLUhXNXcwQkdTQW1PZmFZWXdZbkxkbThXTzB4NXd4eEY2VUJud1EzLTBlVklwZW1HUUFaVmdOcjNCQUQ4R09iX1BWUmRDa0xNTzM0cHpxNmpIMVJHRGV2ZUJ2VkluWWdXeEt2N3h1bW5qZllORlpPSUJpNHowQUZTOGdfVnVPWTFFZWdPR2pzTTJGVHRKTkJJeXd3RkM4QVptQ04xdUtDR3RJRGNVcVZvQ2tZSUVpWg?oc=5,ANI News,"Sun, 07 Dec 2025 08:00:00 GMT",2026-06-14T20:37:30.040574,impersonation_identity_theft,True,False,candidate,https://www.aninews.in/news/national/general-news/west-agartala-police-recovers-and-returns-27-stolen-mobile-phones20251207163415/
identity theft Tripura,Man lynched by mob in Tripura after hitting tea garden worker - Maktoob,https://news.google.com/rss/articles/CBMiswFBVV95cUxPYUpwclpiYk5LR2c5QzZwU0F1b0xiRU9hOC1vUmdZVEh3dHZkazk4bWFpdGd6RmRlZXV4dS1wd2NEMXJGc1R6NWZoOW1MNDhSNmZqdm1nYi1ZdFVGd3hPb1lVZUZCcVVwTGpGZWNiMnlKR1VCZGsxQ1RmcS1HZmo1bWdqai1xTDJkOXQ4X0VMQm83TWNNbi1SVnFKWURwNmVCSWVWZVVRZUhvR21HRHJFOXp6MA?oc=5,Maktoob,"Thu, 05 Jun 2025 07:00:00 GMT",2026-06-14T20:37:30.040590,impersonation_identity_theft,True,False,candidate,https://maktoobmedia.com/public/post?id=103319&slug=man-lynched-by-mob-in-tripura-after-hitting-tea-garden-worker
identity theft Tripura,"Agar growers, traders in Tripura get ID cards - Tripuratimes",https://news.google.com/rss/articles/CBMikAFBVV95cUxQVFRZVkwyQTlUZkVPRmJLVWZrQUNrMkt4bThMZGJsMUhUQVMwMjR6TkpscndhNXpIRDZlOTVDMERrRENKSDFrVmlHX0xwWWoxMFpVOXdoYmFIUlVELXNmNTlXdkF2VFNJVm1CY09Uc1k2Ry1SaURkc1d5bzd3S3dVZXVyRTdTZjZFeVpCS1VxZDU?oc=5,Tripuratimes,"Wed, 02 Nov 2022 07:00:00 GMT",2026-06-14T20:37:30.040613,impersonation_identity_theft,True,False,candidate,https://tripuratimes.com/ttimes/agar-growers-traders-in-tripura-get-id-cards-3843.html/
identity theft Tripura,"Tripura's Latest News, Views & IT Portal - TRIPURAINFOWAY",https://news.google.com/rss/articles/CBMirwFBVV95cUxQdHFTZFFnYS1GZE9fQi1HUTdfMFAxMmQ0NDF4VG1ZTEtDZnRFb2xEbjNHX1FHakNJREEyOEVuLVcyWm83WkVwVjZnSWl6Vjk3OVlWTjBxdDBIak1GcjNUT1lPal9BbkxrNlVJQV81Mm9pTWQ4Q3kxTzEzQlRQSmtKbGMwMjAycWxieVpDMkJoM2pBajZKd2hnZnNVMFVnMGZXZFRuazFlSE1xa3lRMG1F?oc=5,TRIPURAINFOWAY,"Fri, 05 Jun 2015 14:53:06 GMT",2026-06-14T20:37:30.040628,impersonation_identity_theft,True,False,candidate,https://www.tripurainfoway.com/news-details/TN/28931/complaint-filed-against-khowai-electricity-department.html
identity theft Tripura,BBM College students stage protest; locks Principal - Tripuratimes,https://news.google.com/rss/articles/CBMimAFBVV95cUxQYUdDaENXdm5Ud2hQYUVTV1BIWWE1SjFlYmdSazNhSjF6ZEk4R09ySlZoWS11TVpqMkRCZDQzTDBxeW1vSHNDb3JFaU01WlpmSDlscDh2ZU5hZk9fMWRxa3ZZaVd3TjEzQjgwX2tzV1VTbi1HZnk5T1AwOThsR1ZHSFZFYUVOV1pGZ2dRODYzTVpVRUY4b1lfSQ?oc=5,Tripuratimes,"Mon, 22 May 2023 07:00:00 GMT",2026-06-14T20:37:30.040635,impersonation_identity_theft,True,False,candidate,https://tripuratimes.com/ttimes/bbm-college-students-stage-protest-locks-principal-7652.html/
identity theft Tripura,"Tripura Police recover stolen jewellery worth Rs 40 lakh, 10 arrested - Asianet Newsable",https://news.google.com/rss/articles/CBMixgFBVV95cUxOOTZ3WkRDejBWNEhUSXdTTVR6QjNxV3JOZ2FXNExBV2pHaDhEcFVwUVRZNjVhbVJGOUpmLWJTRDlSQUl2ZGk0aTJKY2FOaXQwc28ybFBQZDdVR0dKYzk3MnEwZTA2YWJlbWU1Nk1kMXRmaVVRUTJXckNKWURKSHFONWp3OUVGRGFaamdSeHpfNmhwWHlmd24wUWpkcmRwU2RITklzdmRFNWd2S0tJOFdsajV4aFRzbk9SbFZ2NFJmVnVmOXJScGfSAcsBQVVfeXFMT01ybGlabXlZYmRPT1Utd0YwSm5vb0k2T0RTOG5nUFh4am1zbWRVRkNrSTdzNGd3Q1g3TWNycVBJZWwtSU8wbUItdnlLbVRwV1lDa0dIakc0V2RyNHNVWTRDVzhENFJlTlQ2MktxTXVFTTNYdGM3UUZRdFREM2wwUnpjZGE4SEFDRHpyZFRXTVdmRGtySTgtNm1TZURNUk9ReEZZajlhRzVTRkJUTzJ3S0NlSDFHWDY5bE5YczNnMENEdjE3YXE3ck14Rzg?oc=5,Asianet Newsable,"Sun, 07 Jun 2026 16:00:41 GMT",2026-06-14T20:37:30.040643,impersonation_identity_theft,True,False,candidate,https://newsable.asianetnews.com/india/tripura-police-recover-stolen-jewellery-worth-rs-40-lakh-10-arrested-articleshow-35knckp
fake identity Tripura,Uproar in Tripura Assembly over private university bills - EastMojo,https://news.google.com/rss/articles/CBMingFBVV95cUxQSzJqZ2R4OEFpQTdKX1BfaDk0aWc4cGtldzVPbm9hVjl6bXRHN3N1Wkp2UGtfdFFkSms3ZWNrTHpmVEVpWlBReHZ0ZzNQYV9sSkhPaEY4SlFwUFp3R1BHZ3l2WTZralRLek10c2toZnZwdmVPNElNeU4zN21MNUZ5NjJNVzVnbU9ieE9TSTlGdDBLMHRRSGdHOG1rNUNDZw?oc=5,EastMojo,"Sat, 21 Mar 2026 07:00:00 GMT",2026-06-14T20:37:32.260649,impersonation_identity_theft,True,False,candidate,https://eastmojo.com/tripura/2026/03/21/uproar-in-tripura-assembly-over-private-university-bills/
fake identity Tripura,Tripura: BSF detains 5 Bangladeshi nationals attempting illegal entry into Indian territory - India Today NE,https://news.google.com/rss/articles/CBMi5gFBVV95cUxNa1VHWHM0YzV1WWNBeGJ3TU1EdTFZd0QxeXJfLUotX3p4LTd2NHUwSElBRnVKbHhadC1RNEQwa0wtUkFDNWpNZ29ubVRORTAwNjRHWG5aX21POEJRYkFLVk5GZlIwaHVlaVBBMHBDZFE4WmtHM25GbEZUUTV1cHIzQjZYRVhwTnNZVzRnb1RFWDRvME5uX3pYbHNJalQxU0JwcWVVaVdRUTJzdGRIWHZmNnNwdF9Fb3Q4N3FaZm9va3hBbkY3UkllUTQ5X2JodzRtMjlPNl9EemJNRzF1S2JhX0E5eVZuZ9IB6wFBVV95cUxPVjFMOHBpZk5SSmR3bDBIdllhTmE1THYzRGFfbzAyWUNNMG9XaTk1NHktY2RsMk9hUG9lZXVLY1RnSEEwV3l0N3JVRUVTNjVHUEFsVDlyRnpZS2V3T2xEeWVZem82amxuMWdPWXQ4cTBtWWZoa3lYTzNVVi1iRUpxRU4zRXctb3dNYjI3U2tuZTFQTldnMjBIelp3VWlTSlBFRXN6X1ZwNjJMTGwtSEcxRkpWcjdNRnhLVjB2dXNKZzAzNkNYOUxKczFleG16UDdXNUNxY1FRV1lqVlZhTHh5MG1CVnFkNnpjQUhZ?oc=5,India Today NE,"Fri, 19 Jul 2024 07:00:00 GMT",2026-06-14T20:37:32.260749,impersonation_identity_theft,True,False,candidate,https://www.indiatodayne.in/tripura/story/tripura-bsf-detains-5-bangladeshi-nationals-attempting-illegal-entry-into-indian-territory-1052876-2024-07-19
fake identity Tripura,"Fake Aadhaar cards, domicile certificates facilitate illegal entry into Tripura from Bangladesh - India Today NE",https://news.google.com/rss/articles/CBMi6gFBVV95cUxPdU1mVzQ2cHZwamZJU2NtRUMtUTZPWlhPYk9BSC0xSjl6VkxxTXp6c2pNN1ROZGZJZER3MERzNTV6S05uZkJQV1doaEwtWjdHN1ByTnhiMS15bHZ1Vk41OU1SRW9xOVlzeUVNX2dib0ZNVjJhQkVBcW5MLVBjdjdwWjRXZkl1N0lIYjNwUzFrLXEtNTFhd3Z5R04wYnF2ZkJfcFFWZFM2eGZtTGo3cWg1Vk1qZnhmZkplMEkxT1ppSS1oQXJxbG9RVHY1NlQ4akd1Nm5YVmNTWUFmNnA4c0VpbndFV2s3cnNuSVHSAe8BQVVfeXFMUDFqdnFOeUQ4WGNZcEktVFJxN1NOM1o5NjlmSjNTeDV5clZvNkRtRzRMa29Yc1BTV0lsVjdHYXhJQjdZeTBpMU45MzUzT0E4QU5ZdlpmVXZlOXhSX1BTSzlld0ozb0o3SWJtamxuTkJiNDVQeDZSSVB4NkhQd21OM2owSkF4UVNsNzI4QlZhREdlUXl2V090QTdCMkdaQ1hGcC1ueWpzS1BYNTJBVUlObFVjVGRnYWFEM0xnejltRkVQdTRzS0pNLVZob2FuVHlwY0xfeGgwR1VJemZhblhoNTF5YWVzZG5oOEl5ZmJTb00?oc=5,India Today NE,"Thu, 23 Nov 2023 08:00:00 GMT",2026-06-14T20:37:32.260765,impersonation_identity_theft,True,False,candidate,https://www.indiatodayne.in/tripura/story/fake-aadhaar-cards-domicile-certificates-facilitate-illegal-entry-into-tripura-from-bangladesh-715416-2023-11-23
fake identity Tripura,Dreaded Gangster Anmol Bishnoi Used Fake Passport To Enter US Under 'Bhanu Pratap' Name - Tripura Chronicle,https://news.google.com/rss/articles/CBMixwFBVV95cUxPdk5BbWc4YnA1QTBwa05kLTBKQ3dXYzBXaE5YM0lBblBRbEV3TVlSaENXLUotRjN6SGQ0T19IWXVDc0lDYzMzZWxjUzF6ZmtwZnRhY29JMDZpdEdqVFJqblZtaGRxeWRfZ1NTYXU4R2kxY0w0Zm8ydUpVZHBrdFRNcTV5ZmViYjhiUExNVU5MMjRiMUd3NWxfdnJ4ZTZybEczNDg2U1RLWjNMUGZ4cER1Zm5fVTJ3dU0zbnpfVXpmMi1qMExkNVFF?oc=5,Tripura Chronicle,"Wed, 19 Nov 2025 08:00:00 GMT",2026-06-14T20:37:32.260782,impersonation_identity_theft,True,False,candidate,https://tripurachronicle.in/national-news/dreaded-gangster-anmol-bishnoi-used-fake-passport-to-enter-us-under-bhanu-pratap-name/
fake identity Tripura,"Tripura's Latest News, Views & IT Portal - TRIPURAINFOWAY",https://news.google.com/rss/articles/CBMiugFBVV95cUxQQ0hIWUpmREFuTUlPUnkzSi1TX2hjbmhWSWxTRC1GOU80VTZxTFd2X0JPMlVmaS1HcjZoYWNibmlXUEF6ejQtY2dfWmRkemlfWWNkM0g0RWpqRVp1MTEtMHlPcDZiSzg0V0ZlQ2pISlZhb0NnNEg0OWY2ZTIwSDdTQ1F0SUlxbFpSNWpXbXhrVGhZRmlGbkVUZ1N3elRGeS1iUXh3bXVNbENlMU5YOXFidUdxSzlQLVdRT0E?oc=5,TRIPURAINFOWAY,"Sun, 01 Oct 2023 07:00:00 GMT",2026-06-14T20:37:32.260815,impersonation_identity_theft,True,False,candidate,https://www.tripurainfoway.com/news-details/TN/184403/bangladeshi-arrested-in-tripura-with-fake-indian-adhaar-card.html
fake identity Tripura,Bengal SIR: Post-July 2025 Domicile Certificates Under ECI Lens - Tripuratimes,https://news.google.com/rss/articles/CBMiqgFBVV95cUxPVlB0dS0yTXVZX2c0SmUxSXJqdGZfZ0tBaTFic05uOGs2a244NjBscXJUVmVnaGVkTy1mei02TE43RXh2VElWTm5XZG9odU9wQWZ2ZkxMTEJKaDFGcVpYN0lRSGlXc3gzbmY3ZWdwbzgzenExX0FfUk5WNlpVN3k2RER2UnNQQjBFdmtjNWJZdUR1eF9BeVJ5SHhCTHZBQ24wV05FRV9KV2ZxQQ?oc=5,Tripuratimes,"Fri, 26 Dec 2025 08:00:00 GMT",2026-06-14T20:37:32.260840,impersonation_identity_theft,True,False,candidate,https://tripuratimes.com/ttimes/bengal-sir-post-july-2025-domicile-certificates-under-eci-lens-33933.html/
fake identity Tripura,Bangla woman survives trafficking bid after illegally entering Tripura - The Times of India,https://news.google.com/rss/articles/CBMi3wFBVV95cUxPTXBRV3RHTUlFX05JNEpCYVM4N25tUXo4XzdnbGZDZ1JuY3ZndEZoeWZNYW5MdGMzeml4d1BtZ1VBc0d2bkkwSVAzYS1lbGNBa3VoQzZlOUczSVh2TUFSSldRdER0T0hsQUpJYl9DYXNlVGlfaW5VNkNycnJPbDVja0ZfU1Zubk1iVTF0SmY1MExGUHg5VjBmcVE4ZnhkZFVtRDhUTGdzbWJScmZZN2Q3UnhXWWItSjR3TklJVjlCV3hQaUV3UUwxLTl5QmNNb1dldDQ3UzlpVjlkQVBQbkRN0gHkAUFVX3lxTE02TzV2UTlScGV3T01kRlFhV1hQY0xuVDRSdVQ1LTVUV2hjVFFlRV9ocDhfSGtnQXFqUGttWXZ1Tl9qa1J5UV9SQ0d1YzhHeS1ndnA1Z1dwenRfU3ZGOWRBV2Vpcmwydi1mNTIzS05tbzEybHA4RnFlaXpJSk96b2pTblpfcTFpWm8xZm95ME1tSldlNlM1V3UwcW1kVFJ1SWJrWEtYUzQ3MEJlSUprNDdTZS1BQlZmUkZIdmpJcW4yd2w4aUpXWTA5WUFrcVNVRU1uQTdWdVJYNnU2SlpybGtHcUs3OQ?oc=5,The Times of India,"Mon, 23 Jun 2025 07:00:00 GMT",2026-06-14T20:37:32.260898,impersonation_identity_theft,True,False,candidate,https://timesofindia.indiatimes.com/city/guwahati/bangla-woman-survives-trafficking-bid-after-illegally-entering-tripura/articleshow/122031468.cms
fake identity Tripura,"Tripura's Latest News, Views & IT Portal - TRIPURAINFOWAY",https://news.google.com/rss/articles/CBMi0wFBVV95cUxOXzdYaE9WQUVlaUU3cXB1c1g1c25FUENEZjY3M21oRTVKWUdvYUhSSDdrSEVTTGpDaXVJWWJ0c2RWRjRlMFpZZDJIMGF2OEZnVW5qQlp3Y3BIOUxsMjFCS2kzNlR5U2hJY2VxNmVrWWNpMzNXMk9HYXhSNi1uVlk1ZzNHZmhVdnA0OEMzLWlhVmMtazRZeElIS1hxOGZmcWVySFNqMEdiamJUVlRQU2hNeXg4b25zTWxjaDVnZUstVjR5dHVRWEUtX2E4ZDBtQTBlNE5V?oc=5,TRIPURAINFOWAY,"Fri, 14 Jun 2019 07:00:00 GMT",2026-06-14T20:37:32.260963,impersonation_identity_theft,True,False,candidate,http://tripurainfoway.com/news-details/TN/129472/headlines-tripura-rsquo-s-former-journalist-anupam-paul-arrested-by-police-in-delhi.html
fake identity Tripura,NIA Cracks Down on Cross-Border Human Trafficking Network in Tripura - Northeast Live,https://news.google.com/rss/articles/CBMiqAFBVV95cUxQTXRSV2FwbzVYWnZvcUxmNER0UkdiQ1JtMmlQdDh1ZnZfM3V1NU5wenBDQV9YLUozZGozMTM0dVZoTFE3LU1ySk5wbUNTNzNKZXNDSUpKTC1zdjVPWnQwTklRU19kRC1GUndlSWh3MUlJY25rWmk5ZEVWcVNkVmZxcnM1WVVhMjhzY0dMZmRiTUdZUURpU2NuX3Y3ajZvR012QlQtT1hLdmc?oc=5,Northeast Live,"Wed, 12 Nov 2025 08:00:00 GMT",2026-06-14T20:37:32.261084,impersonation_identity_theft,True,False,candidate,https://northeastlivetv.com/topnews/nia-cracks-down-on-cross-border-human-trafficking-network-in-tripura/
fake identity Tripura,NIA arrests four more in Tripura in India-Bangladesh human trafficking case - Daijiworld,https://news.google.com/rss/articles/CBMiakFVX3lxTE9CT2c4dVprcUJvMDhHdFdkWmpDX1dMNEZIZVZTQ1pUOFZDMkdwd2I2NnVjRWl0cDMwS1NzOXJ4SkdybFM4VUlnTDhWTWRXam8wMzB1dE95dmJEbnU4c29TU2ZVdUY1Q3dkQVE?oc=5,Daijiworld,"Sat, 30 Dec 2023 08:00:00 GMT",2026-06-14T20:37:32.261092,impersonation_identity_theft,True,False,candidate,https://www.daijiworld.com/news/newsDisplay?newsID=1153795
identity fraud Tripura,2 Tripura cops remanded in 7-day police custody over Rs 50cr scam - The Times of India,https://news.google.com/rss/articles/CBMi2AFBVV95cUxPLVhVbUJZdUZwRjZCcUNteFdacFdnMU8zV2o2SHN6b3ZMZmhkeFdhb2RaRkxvV0loaU13OUV5cWtDQkoxOEJlV1ZLYUlJWHRPZWdSa2pqZWJkd05NNkVxdWlUNXpEcUF4UXhtVUJCT3ZVSm8tdWlCZkg2X01ST25JR3NJR2YwNTE3SEVqV2VhRVBRRlFuaktPWkt6YVBLaXFadGRYbDcweFFLRU9QR0UwYWFMZFpFWXQ0WUpoUjQwek1Cem51UXRvZkl2WXZ5VmtoTHpOcW9BcVjSAd4BQVVfeXFMTnQyYVgzZTNfWDhvVkRYdmNiMTg5XzlhWk40SFRfM3NLaERBNm4yV2l6VmtSQVNOMGs3LUs1WVJpdDRUSnFySHMxV2JfQS1NaTRINkNrMk1YTXpmdzFiamZ6YTJUZTNKZlNOMFh0bElya0lJdTV2VUlLTzlfN1p6b2ZwaUlrNkEyaWdyNTlNMUc3aG9IQTQtdVFZUEY2aEc4SDhwQy1aNWNpTGdIdkxSbV96ZmJqS0xLQWJBVk9BeWFRbGhDTWlhcU15aklaZFJDWHFqWWlHZmJPOWt1Rm93?oc=5,The Times of India,"Wed, 20 May 2026 07:00:00 GMT",2026-06-14T20:37:34.157549,impersonation_identity_theft,True,False,candidate,https://timesofindia.indiatimes.com/city/guwahati/2-tripura-cops-remanded-in-7-day-police-custody-over-rs-50cr-scam/articleshow/131210859.cms
identity fraud Tripura,"Guwahati: Tripura’s Solar & AI Push, Mizoram Budget Focus, and Nagaland on Rice Identity & More - The Times of India",https://news.google.com/rss/articles/CBMi-gFBVV95cUxQSjl1RHVKczlGSGxkajA0b2Z0dVFoWm1fMkhyN2lvLXplRWgxb2NiUEJ6dmpLSkJjeThMZVo4V2piV3FqLUU4V1BqSFBZMEY2cXlWOEJRVVktZ1lBS3k5Rk8tOGxxSWF4c3JUaDhxaVZWNHh5OTF6WTZTcFE4b2o3WllaTm8zX3BpUGR0RDF1Y1NGeDFiM1JMSkNHOU05NUhRazVBVE41eDJrQnk1S0tReGcwSjEyQlg3ZzJlRnNZMEotMXhZdjFOcHJFWUJET0RXRnYyZmxtRS1GQnNiTld3a0VsSjZSSUJKMVpRMF95Y1RiMUkxd2p1THZR0gH_AUFVX3lxTE1BLUgwMktSZ3ZKSkJaQW0zeTFlcWJCNlZhcDQwMVBsVExIcWFkd3VGYUF1SmxYeTI0Q0dNRF82TGpIT3J0NVZ1aUJIdDc0c3B3aVpVX1ZRUjNvd3NzUTlGN052eDF5cHBMMkdHTmlMUlVqTHJNWUVnaWdEVnR1cEtXbEdTekhWSDdBblRzLVdBNndQdTRRVEVwVlZaQlhrVFEtMU16eXJiLVNYWEJYX2FqekltWDBQZFNqOUdyb2xOMkZISWpnZi13ZmIyVjljWl9MRzZaMUgtcjdPUGRNY2c1QkZERlAyUW5mdEM3X3h6OHN4enVubHo5S3FCQ3dlRQ?oc=5,The Times of India,"Fri, 27 Feb 2026 08:00:00 GMT",2026-06-14T20:37:34.157662,impersonation_identity_theft,True,False,candidate,https://timesofindia.indiatimes.com/videos/ai-top-news/guwahati-tripuras-solar-ai-push-mizoram-budget-focus-and-nagaland-on-rice-identity-more/videoshow/128860280.cms
identity fraud Tripura,"Tripura Queer Pride Walk: A March for equality, identity & inclusion - Tripuratimes",https://news.google.com/rss/articles/CBMirAFBVV95cUxQWmtsMHVtM01qSXFTWjhBS202eG84SjZtU3Y4UXh5aWhPcnJsVUFpMlBlZ1VoMzc5MXViQ0d1Nm1PZUJ3QmNmMk9YYU5ZdzBqLTEyWG50R056dkdjLUF4eXJPZ2x4bFhKRHBIbFpCZWd5RnpxeExGdTJyMDJ3aEgtenp1b2RqaExTZW1YT0JoNWx6QjRaWHNJQTNMTFp0MHpoZ1pqU0kxN25YRHF3?oc=5,Tripuratimes,"Sat, 09 Aug 2025 07:00:00 GMT",2026-06-14T20:37:34.157810,impersonation_identity_theft,True,False,candidate,https://tripuratimes.com/ttimes/tripura-queer-pride-walk-a-march-for-equality-identity-inclusion-30370.html/
fake profile Tripura,"Fact Check: These viral photos are of Rohingya, not the aftermath of Tripura clashes - India Today",https://news.google.com/rss/articles/CBMi3AFBVV95cUxOZFlqNEV5SWZtODdKeE1xSWltYXN2dWxGRURQYld6ZC0tRXZ5dzdCTG9jSEYyMVJZbXRGYUZLaG00ZVo2VnlTSlo0N2FiVGNleHF0aUdBZExJemt3LS1XVnFKRzhzZ1JBYmlyWjIzUl9hTUs2WEZxTzBOaXhDbk1vRzBoZzZ0OGxvU3dOeDZMUkVneGJRU2xobWRJcjRSdUhyWlFCUURfa0QxMG9uRFJfMV9yaE1aVkQ2Tzd0MWxaai0wa3RSZldHeW9KOWJoQmlmU25ONHZpWHgyLTd40gHiAUFVX3lxTE41cEtSQkxZSVdhQUZnajN4cGRIeU94N29TTmJDank3cFJMbEFtbEZLTVNVdVRHZHlMOG5iNlpuT3pXbGJfZ3R5RjQwNVk5MG9rbThGRl9WLVp5WlpwNlpsLWxaUGd6NG9ETHZqeHFiR3U2dzh6Zmlzb3JudFJtSWplNUhlaHlURG5KX2h3QTRWNjdydnZ6MmhOZF9iSHVjY19kaW9fMGFXTm1YeDljTC10Vkw2d2dNOVdhbkJnTHNvSTM3V0wwM2hFZkhkWl9XYzdROWl1UnhWTzg3M05lUVRCS1E?oc=5,India Today,"Fri, 29 Oct 2021 07:00:00 GMT",2026-06-14T20:37:37.909332,impersonation_identity_theft,True,False,candidate,https://www.indiatoday.in/fact-check/story/fact-check-these-viral-photos-are-of-rohingya-not-the-aftermath-of-tripura-clashes-1871180-2021-10-29
fake account Tripura,"Over 62,000 fake ration cards identified in Tripura - The News Mill",https://news.google.com/rss/articles/CBMiiwFBVV95cUxPZFQtb0FkOWs2R3B3RGtfZXU2MDNwMDNlVDFESWJMejFxdU5YMzF4R0g4ejlEU2VJM0FTQjhndFJUN2VmUDVibDJtVDFxRlJodUNxOWpaWm8zZHJQYzA3cmJocWhheW9LdzgybXc2ckE1ZUduUTd3QWJGd2poNnM1Q0dDRlNGSXZLWFdZ?oc=5,The News Mill,"Sun, 14 Jun 2026 05:42:10 GMT",2026-06-14T20:37:40.315819,impersonation_identity_theft,True,False,candidate,https://thenewsmill.com/2019/02/over-62000-fake-ration-cards-identified-in-tripura/
fake account Tripura,"Tripura Government accommodating fake private universities, Opposition alleges - The Hindu",https://news.google.com/rss/articles/CBMi3AFBVV95cUxNVXVKMFBZMzZmdXg1VDJuM2d5ZGRUcXd5SDctc0hlM256YUpkVXZ6a0tiRFozVUVScVRJXzg4VkVncV8xRmtja2pyejl0cU5qMWh4dE1ZT2J2cGg0SS1uTnhFbC1KcU0yTFd4clpEbGVjdkl2dm42QTd1TVFrc1dYZF93LWJCQ1hYUGU4SXJVZXJsV2JPS1BwWkNNNUFYMmt6eVRlSEFpQWxuUG9waDJ3UzJZWUtqZG5yTmpkSVJrRnh2eS1QQmExdVBtSlVpSVhFV2dFZWR3RHk5M0hJ0gHjAUFVX3lxTFB6WmNMWVVwNHVvOGx6N2QyWUFNZGRGVFFUNFVwamY4azFtNmZMNUVwb2dEXy1uQVhYbTVVR1hxMjNnRzlNUDlnUXNkRkhOUEhvMEtRaFVmVDRhN2pvd3BBMTJ4Szc5YUtOYW52aUpJME94OUxIMDVsWEdzRl9LcVpwRXdDM0NTWVBYenhZMWRaSGs5d3BZVWRxTE03ZkpfMkVmX0l5a2V5cDlqalFiMlYtaUQxM1dSOFowemltSlU4akttZTh5OUJSakMwM1VXVXhoWjNHTmtQNFJTcXlIVHNOaDM0?oc=5,The Hindu,"Sat, 21 Mar 2026 07:00:00 GMT",2026-06-14T20:37:40.315889,impersonation_identity_theft,True,False,candidate,https://www.thehindu.com/news/national/tripura/tripura-government-accommodating-fake-private-universities-opposition-alleges/article70768294.ece
fake account Tripura,Tripura Police Warned Strict Action Against Fake News After Fatikroy Violence - TRIPURAINFOWAY,https://news.google.com/rss/articles/CBMi0gFBVV95cUxQWkM2TVQ4SlhqR1I4N0tWSTJoSWMxSDJLcHJrOGJtcmYyWXpfa19ESVlranMzaEk3YU9TR2tYTmVTYXJqRXFzOVk4a2FvSHUtZWY0akxfQ0N3Z1ZRaHdValhSN1RCa1VOTHVlMDg2UHhvVFR5ajhEQjd1eHlxem5PQXVuelV3UmpYeDBzNlp3N0dScmdKdDl4UDIzbGtscVJOdC1OT2RVNll1cHplb01VeDAxOGxYaERFZU9RX2NOb0JNSnVpeHlNT3hRWnk2THNzckE?oc=5,TRIPURAINFOWAY,"Sun, 11 Jan 2026 08:00:00 GMT",2026-06-14T20:37:40.315897,impersonation_identity_theft,True,False,candidate,https://www.tripurainfoway.com/news-details/TN/194239/tripura-police-warned-strict-action-against-fake-news-after-fatikroy-violence.html
fake account Tripura,Tripura clinic raided after doctor accused of using fake MD degree - Medical Dialogues,https://news.google.com/rss/articles/CBMivgFBVV95cUxNbURWbVBGOFk2WmMzNVZRTTZWMXlKVmpXWnBwUS04aU40QUdhUFZFOEU5bV9xdjFzNGxhYnpnWGJnVXctLWdmd1RGUE5aWE54amhlZGhzUjh2SFJKVnlCWHFhandBYnJ2S292WXZ5ODFtSUIxSFVyR0xWN2RuaUU1aWVZdnB5UW8zNVRCQk1vNXJzQ0thTWtHNDdSRFVFZ1dDVjZjbmlITmxUYkhBeHc3UkFBUEJrNkxBaEt1Q1dn0gHDAUFVX3lxTFBfeTNzU1NhdkdLRjlGRV81TExWLV9uTzdlcWVpMUpVdXlqX2JPY2U3UjZ4ME4yMFNXQmVuOXdxUjhzWDhteGRseFo5NFlLeGtlTGRZTHlxazhNc2tROElhckNKWGYyNHl0UVkwaVBJbE93SkJYTHVaQmsyQUNRaUdCWDY0aHBwUW5sbkMybFFMTXhMOVhibkVwMTdBVnFEVEdMLW84d2JZNzFIdWREUldNNnY0STNYZTI2SEhiaWE0SHNiaw?oc=5,Medical Dialogues,"Fri, 26 Dec 2025 08:00:00 GMT",2026-06-14T20:37:40.315914,impersonation_identity_theft,True,False,candidate,https://medicaldialogues.in/news/health/doctors/tripura-clinic-raided-after-doctor-accused-of-using-fake-md-degree-161407
fake account Tripura,"Fake Currency Seized at Churaibari, Police Launch Probe. - TRIPURA STAR NEWS",https://news.google.com/rss/articles/CBMikAFBVV95cUxQTW9vRXROZ005OFQ4eTBsQjF0OGtBQTBRVHFRcGY4eTFOSEpCRm9iZS1HRnJKdHJoMGc3SUZlamc2MFZSOGxwX3BHUWcyQ3NwUmNkTG9LMDVZVkZIdTJOTE0zZHJlbGlyeUJscHNrb3NfRlBkMVpuMXlROXI0YmE0QWFaaGZvQXdRcTJUeFMzMFA?oc=5,TRIPURA STAR NEWS,"Thu, 29 Jan 2026 08:00:00 GMT",2026-06-14T20:37:40.315922,impersonation_identity_theft,True,False,candidate,https://www.tripurastarnews.com/fake-currency-seized-at-churaibari-police-launch-probe/
fake account Tripura,India: Terror cases over social media posts on Tripura violence - Al Jazeera,https://news.google.com/rss/articles/CBMijgFBVV95cUxQOTlvaGZuQ1gxNlJQNVdURU5PeFE4cUY4NFktblVPZFp2ZnVjem9oQk9VSURIM1ZEbE5PNTdzWThnc05SaHZjUXlFdnlaRUdRcE5OME1ZUjZTS1BkeksxTzg4MUhMVjRDdEMzMldYV2xGWTlrc0w3SWRPcGZnXzlOZkZLeThtekxWQnJwUVNB0gGTAUFVX3lxTE1aUkVBNVppdmdzRVNDT3Yxb2ozU3VmRHdjY3doU3FreDI0VUd2TTZXZzB1Sm9zZ0hlZUcySDVNcTZuX2NETXZxbWtWM1pYUWhOYVJlXzdfeFAzejQtbGVSQVprTUltZjFaQWcxd3NSUFBlTUpjLVFQc0FKcElVd09tRXZDS0VZcFNHNnYyemZwYmM3OA?oc=5,Al Jazeera,"Mon, 08 Nov 2021 08:00:00 GMT",2026-06-14T20:37:40.315964,impersonation_identity_theft,True,False,candidate,https://www.aljazeera.com/news/2021/11/8/india-tripura-102-social-media-accounts-uapa
fake account Tripura,Tripura Bar Council to launch drive to identify fake lawyers - The Hindu,https://news.google.com/rss/articles/CBMixgFBVV95cUxOUlNYWk1ISl9oOUtQZzRpN095N2JxdnVoeEY1Q0NaWndHZl9VdWtWbnJUN2FDRUViemc3N054aVRiMHZUZW8zUHJEc2wwdXlzTVJlbnQ4bTRvVVNEMWM5Q21ETnViT25FU2FucHJ6UGlRZGtmeGc3dm9EbUFCRUNWcVdmVEsxRTBneHExZmhSM2hqMnI1eGVxN2ZQZlB4M1hFVE5UaC02QzN0ODd0RzVGcVlPdjdHaFNlRGJpcUxjNTFVVGxCWnfSAcwBQVVfeXFMT2ZSc2xVbXRTMm5uQzhOalp0WWpWZlQ2ZDhKSW9sbk5pdVptRFpmekxBWF8wQ1NYQXJuWVJtNEtIcmZvejZVcWttU2Y4VFFZYm5NWDFNRGc0RVFPOFFFTnpaOEhmRVhIc0tFUFBsTExSYmhVaW85WEtpSTlaME5Mc3dENnJNazZrQXlXX2twUlN1LXRmMFI3cDQ5VU81UHRjVnM4S2tZOG82c0pfalBxdnBYNXp0MXRvUVAyMENQSjhQOHlGcWRaUEdHdDct?oc=5,The Hindu,"Sat, 30 Mar 2024 07:00:00 GMT",2026-06-14T20:37:40.315998,impersonation_identity_theft,True,False,candidate,https://www.thehindu.com/news/national/tripura/tripura-bar-council-to-launch-drive-to-identify-fake-lawyers/article68006516.ece
fake account Tripura,Tripura govt may file FIR against 34 students for submitting fake certificates to get scholarship - Nagaland Tribune,https://news.google.com/rss/articles/CBMiwwFBVV95cUxOVThFVGpjMThhcXdsdVBFWlpnb0ctOU42YlVVNUdqN21Nc2k4NHNDc2o0N0VXT0pWVkNWaHJEaFhla3ZMeTZyclFTc3R6S3F4bHVNd0Y4VnBBaU9Hb3MzQkF1RkVJbFU3bG8zZ0R2VW43bEJ1azFEdUE3QUdpaFc0V3hIY2lmZmZacGxTZkdMWXBmdHNCYkxIT1JZWVFYYk5IUEVhZEJWQWUzOFBycHZBUkRqaGVKUkR6NTFtVzJZeXFUbDQ?oc=5,Nagaland Tribune,"Fri, 04 Apr 2025 07:00:00 GMT",2026-06-14T20:37:40.316015,impersonation_identity_theft,True,False,candidate,https://nagalandtribune.in/tripura-govt-may-file-fir-against-34-students-for-submitting-fake-certificates-to-get-scholarship/
fake account Tripura,"In Tripura, BSF apprehends 10 Bangladesh nationals using fake Aadhaar cards - The Hindu",https://news.google.com/rss/articles/CBMizgFBVV95cUxPVkRXTkVfTWFpdUZGMkwxeFBQeWF1MnBTNzJqYTh2Z2VXVElUQm9YR0dHSEhYeF82RDBzTzFpdXc1M1V0aDVGTVRKZDdNUWk5UDV0QVp2eTRnY2dpOXlMai1PNW9maFNFc1VGTWJobGFidGhUeElOVFN5TzR5MDhJOWdSeVpwSkx4S0Q1aVVJSFkydjdBUWlOQUgwakxlVWRjYWZuTkl2N3ZSNk1aOGxNV1lwd3RfMVpmYUJITjRDVnRhNEtkdU5ySVNTMEwwQdIB1AFBVV95cUxNN0xHM21JS0w0OGdNS25jUEE1LU9XbExiQmswbXYzclYxNm1qU1hBbmVHUlhZSXpZX3dhekhJdkxRTll0bzJZZHlKbjZQSXRmLUhQOVgyV0I4cFZ4MmRsZy1hYV81NklvWEZMRnVhbTQ1Ylk2c0ZPME5DNGxUWlF1WFJFdzdqWG5DUzZxYlZnNjZtdTV2Wm9uTDBVV3FRT0lzYnBRX3gyWW1udVV5Y3hkbWxiR0hSSTY2M0tTVGs0WkFXUUxjX29RSWdRQ001Yk1taTlWZQ?oc=5,The Hindu,"Wed, 14 Aug 2024 07:00:00 GMT",2026-06-14T20:37:40.316031,impersonation_identity_theft,True,False,candidate,https://www.thehindu.com/news/national/in-tripura-bsf-apprehends-10-bangladesh-nationals-using-fake-aadhaar-cards/article68523411.ece
fake account Tripura,"Complaint filed against Tripura minister over 'fake' education certificates, 'concealing' of criminal case - Deccan Herald",https://news.google.com/rss/articles/CBMi5wFBVV95cUxNTnE4UFBwVWpDQS1WeXJHOXpoNGVicTZhbXRGUG84Ry1fcVQ2SDVrT2ZjaUktal9GSVhrZ0hRNWVfYXhJRndkNEswMzJBdmJiMUZfdm5LQUlQR29wUy1TMHI0cmstTVgyNk9Nd01PNVg3NTZaSHpQeWJER2lfUklFT2hwQmplSUE2elRhNFI4OHF2YXBpcHlaeE1kNklDQVg2c3NGNVVSallGSmF6ckFpSFltNy16YXU3WmtFWXhfQmZmNGlkcVNybkYxY25FUjNERFgtSUgtY3N2RXpuZmtMaTRENmdPcDg?oc=5,Deccan Herald,"Wed, 10 Dec 2025 08:00:00 GMT",2026-06-14T20:37:40.316039,impersonation_identity_theft,True,False,candidate,https://www.deccanherald.com/india/tripura/complaint-filed-against-tripura-minister-over-fake-education-certificates-concealing-of-criminal-case-3826366
fake account Tripura,"Student detained for creating fake Twitter handle of Tripura CM, spreading rumour - The Times of India",https://news.google.com/rss/articles/CBMi6wFBVV95cUxQTC0tREl4aUVvbmV2cVd1TUtMa1M0NmlKak9JbnlmNXdPSVUzNHBEWGVtUUpsT3dmdmxlSjFadlFkdy0wd3F4MzE5ZWZuZllnQVUxd1Fxa1RCSTZMaUNjdC1xUW1DajZhejBNTTk0WWZLUFBWdHFRczNXMUpTVzJrWkJkN1pKUlZUZEdTM1dNMzNqQl9nMm93allvb3U2SGNiUjNac0NHZzhnSFJlTEZLNlMxNGFsUHBJM0ZLdENsNmlzcTR2eTNJVDRONi05R0x5VTVNQ0M2dnJ2Ymg2Q1Qzb05IX3hxcWF6SGdZ0gHwAUFVX3lxTE85Sk9LQ3RxVXdIS0VOcHFhWXgyaGo4eWJjN2pTN3doWkFNd0tfM0x4QTI4Rm95NmM2OEtYVDhzVFQ0el9RZDAySGlUa0NrejBlN0dTOHNoTVVzU2ZqdVR3N3pOeFRGT3RwTVdKd0Nzb1czVXRwWkVCbVIxNGFqNjBXNlRIRUlIS3I5LWNnZGNHM204MEZkMWZHSF9vNmd4VU5FQ2FfY04yeExTeUtzLW9rSWQxMk10YjAwU1lSa0ZaTTZRLWxhTjRKNGx3dFVGb3Q1VGp1N3VxRml1T3hvekl4alVtUnlpaHpTTzhLWnlDSg?oc=5,The Times of India,"Thu, 23 Jul 2020 07:00:00 GMT",2026-06-14T20:37:40.316116,impersonation_identity_theft,True,False,candidate,https://timesofindia.indiatimes.com/city/agartala/student-detained-for-creating-fake-twitter-handle-of-tripura-cm-spreading-rumour/articleshow/77120686.cms
fake account Tripura,"Mass surrender of NLFT and ATTF terms ‘fake’, evokes adverse reaction in Tripura - The Times of India",https://news.google.com/rss/articles/CBMi6AFBVV95cUxQZ096RzQ0eDYzSUdpUndoV3VxaUlnS1kyWEk1clFwNDl1Q3Z0TWVlTlI2aDl2SFN1SjRxVVFaS2pnU1prOFdIOVFwUDVvUXJBYXFrY2RMQUItR0ZMbGhUbmE0cUw1YzBiNTc1cElvNnVLS3lIbThqOTlsMWRiWkl1YlE2bF9LZkROS3ZBdFA4Wk1qWmFEVVRQRTZHN0loMWZaaVh1Wk5TUUFvQ3JIX3RIU19HbnZzdjUzM3QzWEY4cTdxTHF5dE5jd1A5N0pJWktPaGJieGN3cGJRNlk3NTFWMFZ1YzVfdkJa0gHuAUFVX3lxTE1NbnBZQmNReDN5dUJacVI3UllvOTFxUmVOZjIyV1FOaXlDVkZzNm4tbk85NTVsX2pWRnBMZFZGUUdvYS03b09RY0RKem9scHlMWVNrNUJ5TUZQMnpyc2NaOGVHRlU0LU5ISkpwZG5YSU1pb1RxZGFOQnBmWDZaUTBlbC13ZHcwMGpqTjFJN2ZZaWk4N2FJSWFiQjFFRll1TzQ3YWRNdDlBM0FCdHgzblBuR3E2bEpkTVUtTUgzekZoeUtIek9PdlFpU2huczNIY1FyZ0p6MW05TzlGS21pdXBlRnFhWC03VTExNXd3RkE?oc=5,The Times of India,"Wed, 25 Sep 2024 07:00:00 GMT",2026-06-14T20:37:40.316157,impersonation_identity_theft,True,False,candidate,https://timesofindia.indiatimes.com/city/agartala/mass-surrender-of-nlft-and-attf-terms-fake-evokes-adverse-reaction-in-tripura/articleshow/113674815.cms
fake account Tripura,"Tripura: Fake Indian currency worth Rs 75,000 seized, three held - India Today NE",https://news.google.com/rss/articles/CBMivgFBVV95cUxNTnJOM1BmZEVwcF9tMTM5Sm4xR1IxSW8wQmtwVmxCaUpabUJmLWpXN3dKNzExdlh4dm1jbUV5R25LR3VfZWlRTGZNNTZOOElDYU5zcVdKOUc1dUV5Z3B5UGpFLVdCMEdIOG9XaHlWZTkxaHJ1MlVRaTkyZjNBb2xCcWFJb1pzbWw4MHZodk5vSks4cmZNU1d4WmhtT2FTT1pTWnBNSEo2bHVLWDNET2xOWHJrZ3FfdV9xNlJDakpn0gHDAUFVX3lxTE1GYzdtcE5naS1oU25IelpvWlpwZkxYLW9vT0NsQWhEX013NFByWFNGZWFrREdkdVhGU1VENEVMNDJJYUd0UVBpZXJrNVU4Mk5GRTMxX1hLTDlOVWZoRE1PRzhCMG85dUJwYkkwTWIxRWhSeTdfc05jQjR2RnhGTEZCWjQ3NjBrOVF2cnY1bEJJcUU4NHZDcnFqeXNHazIwc2FnZ2ROT0NIcDZmSWZtZFFSWk5TSUNXYW8xTmVaYWJsREtnQQ?oc=5,India Today NE,"Mon, 25 Sep 2023 07:00:00 GMT",2026-06-14T20:37:40.316197,impersonation_identity_theft,True,False,candidate,https://www.indiatodayne.in/tripura/story/tripura-fake-indian-currency-worth-rs-75000-seized-three-held-683925-2023-09-25
fake account Tripura,Right-wing circulates fake news about ‘commies’ demolishing Rajiv Gandhi’s statue in Tripura - Alt News,https://news.google.com/rss/articles/CBMirwFBVV95cUxNSEJUSU43ckluaC1IRkZSWnFjLURfV3RBVW1rN21rcjJfQ25DLTcwRDFFMHAtdDE3OE9CZnR5N0lSdmg3MDFha0haNFhVSnFuMU90N3VtbC1LZmoxNG44UUM5NHlmcFhxNGFZSUM1QWU2QU9jY2ZTOWQtN1hNM1drcGU5M1pYUVJSNG5VbXdpd3JuVENpYTAwbW1raXRPQnJ0ZTJpUGVOSTRodXhfZmVR?oc=5,Alt News,"Wed, 07 Mar 2018 08:00:00 GMT",2026-06-14T20:37:40.316217,impersonation_identity_theft,True,False,candidate,https://www.altnews.in/right-wing-circulates-fake-news-about-cpim-demolishing-rajiv-gandhis-statue-in-tripura/
fake account Tripura,Panisagar mosque safe and secure: Tripura Police - SabrangIndia,https://news.google.com/rss/articles/CBMihwFBVV95cUxQeGpxb1lqMEI5QW9SRTQ4OEtlSXNpUTQ0d2s4UmlsUllLLWdFcDdYM19teHF5SzVpZXNqVlRGbm04QzFrLXN6eXBMamVIdzRpRXU1LXA3UHdXYi1qQWpQZm93TEN4Y3pnU29FUjR1Q1hZcWIwMFZ5Y2hmOW5wWXV6WmRuRG1VVjg?oc=5,SabrangIndia,"Thu, 28 Oct 2021 07:00:00 GMT",2026-06-14T20:37:40.316318,impersonation_identity_theft,True,False,candidate,https://sabrangindia.in/panisagar-mosque-safe-and-secure-tripura-police/
fake account Tripura,Tripura: Bar council begins process to identify fake lawyers - EastMojo,https://news.google.com/rss/articles/CBMiogFBVV95cUxNdC1kZEN3THZBZmNRTEh4TjFTR2U3X2h6ZUFJanp6em10V1A5VXh4WlBGN01VV2lCeXBSWDNZak9TbS1zQ0JmUWxiOTJfSWIwRzduODRwdUwyLWNHUFJ0djBRdGdsWkNkRFFiSzIwRUxfRjJtdHlMSEFVMWgxWlRXVkJVMlFFVDIxTlVIMldPcnFPT1BscUZsbGFIOTA5c2VVYWc?oc=5,EastMojo,"Sat, 30 Mar 2024 07:00:00 GMT",2026-06-14T20:37:40.316325,impersonation_identity_theft,True,False,candidate,https://eastmojo.com/tripura/2024/03/30/tripura-bar-council-begins-process-to-identify-fake-lawyers/
fake account Tripura,Imposter Twitter handle created in Tripura DM Shailesh Yadav’s name by @shailashyadaias - Alt News,https://news.google.com/rss/articles/CBMipAFBVV95cUxPYTRvcFFwc1pHblNEd2UzTXFxeEFWX1JocHNjZDhWRGlIRm1FRWFDT242c0FmY1czRXNTTWZkb3prM2ZwTlE0d1VoWkk3cGlHdUkwUXRJcUpXdGNpWTJkWVdZY3hNOVp3VWNtWVJaekhYWmE4YmphcFpncExFX1EtNC1qSGZDaW5jNHR3OE5QV1NDa1ZXT0tlaXVMSUVLYUNSdkpCMw?oc=5,Alt News,"Sat, 15 May 2021 07:00:00 GMT",2026-06-14T20:37:40.316349,impersonation_identity_theft,True,False,candidate,https://www.altnews.in/triura-dm-shailesh-kumar-yadav-viral-video-marriage-curfew-fake-twitter-handle/
fake account Tripura,"Tripura's Latest News, Views & IT Portal - TRIPURAINFOWAY",https://news.google.com/rss/articles/CBMi2AJBVV95cUxONzBZZnN1cUNmc204SXloOHVUYUltWWNCN19JUExFcmp5ZjktRXljR18yWVN5TVFfQXJXWlMyMGJycFlSNTdrUUsyZnhueW51QVFCc2h4MDRhOVY2UFMtTnY4S19hOUZQRnRDSzVuY004eDNyb2wxemZvc1ZpSGF3YmFOMlJFQ2NITHBZend4UnBVMkxGT1Vnb3BzVi1vTnpmdTE2MXVYaXZWZFR5akY3U1QzMHV4Q210N3FFSHo2eDlQVXhKc0llT1puNEJhRW9rNWk2WGZrNWVmVXktY0UyN0kxd09mWjVmT1FYR202Q1FEZnlkT2hwcGpHYWRZWk5JVEhvMFBnbHFkOFpOVTd2dkNlWEdqTGhkRWRTY3dpMFJOWFBUMlJLX3h6RDZOdFFHdzB3YldoOE9XbkN5c3lMcHoyODJ6a18xckFNa3JVTDRmQUtGVWVVVA?oc=5,TRIPURAINFOWAY,"Thu, 20 Aug 2020 07:00:00 GMT",2026-06-14T20:37:40.316400,impersonation_identity_theft,True,False,candidate,https://www.tripurainfoway.com/news-details/TN/148864/tiwn-investigation-finds-dharmanagar-boy-rsquo-s-ficticious-nasa-competition-certificate-award-lsquo-fake-rsquo-fake-award-propaganda-as-no-such-examination-conducted-by-nasa-isro.html
fake account Tripura,"Tripura govt identifies 60,000 fake ration card holders, detects ‘ineligible’ pension beneficiaries - The Indian Express",https://news.google.com/rss/articles/CBMihAJBVV95cUxOaFRnUW5jYlIxcWtPMjA3aktta3IyZ2ZNaHNBVGl4ckhMTlQwS01Lbm5oRTRGWjdONVluUXFCNHl3Vmh2SkJSeW0tSEdRclF0ZVhxaF9rZDJoWGxhSzltbWQ0Qm5OSTBHVS1qc0RTRjVfQ0NKWGt3SEt3Ny03YnktanNPT3Y1d0tJclF0ZjNWMjZoUEpmcW5rdmZpOGs1NjlPZHJDaWlaNUM5X1VkNE53RUxUWlFCR2puamZZSjV3RFlDZUdGUjZISXdJOHBKME16dTFsRVdnX3JnNjhVX08tMTBCS3RVSjFJSERQQ2RvbFlKQjFGclA1OWdhRG5jVnlDczYyddIBiwJBVV95cUxOVHVLb3A4amVocGlmbkVzSkpzTExUVXlnLTZSRDF1TVRMNHNLWWNqemQ1MkwzUFpPN1VfSUV4TzVCY2daSFRpWm1MTmZORFNBc2xaN1owTmJoMUx0bEJZR3JEZi1DUnA2TUFsRWl3VXRjZTB2SjVTQmJWSm9mQkwzY3VSS19OVENLUlhlcjVVVElhNUZSU2pITGZRVTVvLW9uandYRm80akNIdENBMTdmMHZxY0NHckFTZ1dRT1pSQVFYNXNwSkRhU2tJNGxXTDVTcHVncVFzclpZTWFFdEdIelU3NmpuMDMtTkVaYlBLbWotNFJjTUpYRHUydnRuOW01aTZEWVhkWDBra0k?oc=5,The Indian Express,"Thu, 13 Sep 2018 07:00:00 GMT",2026-06-14T20:37:40.316408,impersonation_identity_theft,True,False,candidate,https://indianexpress.com/article/north-east-india/tripura/tripura-identifies-60000-fake-ration-card-holders-detects-ineligible-social-security-pension-beneficiaries-5355053/
fake account Tripura,"Government School Teacher Arrested With Narcotics, Fake Currency in Tripura’s Khowai - Northeast Live",https://news.google.com/rss/articles/CBMiyAFBVV95cUxNQXBvUXVQektyenpNX3FiZ1dhYlRzcW1UVS01RE1KNXlQY0FEX3NKVGVNU0o0aVVpdXF0dEE4ME1fcWlXM3NSWjM4ekVmeWY2YnJ1MXprT1ZIeFd5TFdwaEFPaXpodFBhNlotVU9BQkpBXzl5bFAyTE02b3F2c2l4SndYQkg5U2NhS05GMnYxSlNhSXh1cEhRREg2RkJxeWhib0U2Z3Z5Q1ctQU4xY1lQS2RkMnN3dGRGV3ZoNXUzanBaZlloU2NYVQ?oc=5,Northeast Live,"Wed, 27 May 2026 12:31:42 GMT",2026-06-14T20:37:40.316500,impersonation_identity_theft,True,False,candidate,https://northeastlivetv.com/around-ne/tripura/government-school-teacher-arrested-with-narcotics-fake-currency-in-tripuras-khowai/
fake account Tripura,"Tripura: Probe into issuance of fake Aadhaar Card, PRTC initiated - NENow.in",https://news.google.com/rss/articles/CBMiswFBVV95cUxQTW5OSWt4dmE1RXRHLUljbXBqMFR0NDlXNzBjWDNaS3BzV0JKZmZFX3dJQTRXS0NfMHZBX29Ub1dqTU1MUkhEWnBWdzFuTnh0aGktVjQ0ZTdOTGNOMVBPUkpOUFJCOV81aDNxRGhoUUN4aC1Lc1NpSnZjUGFvd2R1cXIyVkNLalhqUkh3V3ZvVXJxUUt2TUg4aFZDcGZCeHZ3dVVXSHJiaXM1TlpYVTgzYWZZSQ?oc=5,NENow.in,"Tue, 14 Nov 2023 08:00:00 GMT",2026-06-14T20:37:40.316508,impersonation_identity_theft,True,False,candidate,https://www.nenow.in/north-east-news/tripura/tripura-probe-into-issuance-of-fake-aadhaar-card-prtc-initiated.html
fake account Tripura,"Tripura cancels 62K fake ration cards after computerisation of the PDS system - The Sentinel - of this Land, for its People",https://news.google.com/rss/articles/CBMi4wFBVV95cUxPUUZMWEZCY1dNaERwSGx6a1ZWcG5kTnU5alMxMGJCanhRbHBGYjgwTUZ2eEN4d2RvcXhpSGFiMkNPNnNjN3hCalhRUzQyWTltRTVOc01xY0doSUIwQmpQOHVKZVFuNWJWY1BNd1Z4NEwyUXIyT29HWkhISnlDdUlOZ1E5cDZMcHdOOUZ3RXNaWmxDSUFqMlRFOFA3Sm4wTDA4XzB1NmswRnctQ1J3LUsxZndGUjFNX3pjZ0prWG11VFRPSzBCbzRhSzhOeVdZeXBVWlRIa1RUSk5LNVZHT2toWWVaQdIB8AFBVV95cUxQdDJEM0F5c0pnYkRTSzA3YUJ3NWJhNDE2SHZVRTBIWjFsMDYydktFZU5MNWlUNjl4VnFoU20xSG5idVZHY2xaQUUyQkZUVm9DY1Rac0VoMkQ0UU1aMDBaT2NESHY1YmpmMXhTZlNab3BIZ2tjb2ZoX29IUU94ZnZLdFQxZWpxYko3aWtSbElMNjdXMEExenlTcmdYWE10U0xaNjR4c25sLWkwRlFQeHE4QWFVQmJNOFFCM19NNE5GUVV4bC1aRzM1SzNKQmNRZktTMWpTLUZWWjZoajhfTW0zaGFXTHFhNF81dkZ1d2JOczY?oc=5,"The Sentinel - of this Land, for its People","Tue, 07 Jul 2020 07:00:00 GMT",2026-06-14T20:37:40.316523,impersonation_identity_theft,True,False,candidate,https://www.sentinelassam.com/north-east-india-news/tripura-news/tripura-cancels-62k-fake-ration-cards-after-computerisation-of-the-pds-system-487354
fake account Tripura,"62,173 fake ration cards identified by Tripura Government - The Sentinel - of this Land, for its People",https://news.google.com/rss/articles/CBMivgFBVV95cUxOSEFOTDZRZmFkOGRDSDloa3JxSTBvT255cXktRHBNOXpnQ29uQ3RtbEpRVHhLd2RFYnhaMEJwYW9rZUFQVTZ5aFY0bk4xdGFkOWQtVXZKdmlweGVzTmdtdnJYd2RaSHVpbko0X3JrcndFMWZuVE93cU1KMWF6RHR2QlpkUDlNR3ZDTE10cEpPVW5kR05RekRoYWktVjNaSG5aRzdJSEhpUS1QOTB2ZWROaGR6dWxqbWt6WXJ4MUtR0gHLAUFVX3lxTE1NRmdNUmY0Z19qZGdaUEFtRENnOFhscy1veXRjcUVPeF9FN2lxRS1NbmdPdHgwNFQ4MW91ZWV1Y1hRRDRPN1FKZUI5bzJCTXVBSlhsZDFYbnVNTjNYRlNjOFplY2JsMTZ2Qmc1eWFlZW41OXpiUUpwNEhyQWxtYWMtLUd5V1hsUzFCX05VS3N4cGNwc1luZm53LTF2bkxiSHV3MmpUNUc4WjU2Z1FfTjVncXNXZlkwOWNfX1V4b2dUOFZnbnlBdEhsQTlF?oc=5,"The Sentinel - of this Land, for its People","Fri, 08 Feb 2019 08:00:00 GMT",2026-06-14T20:37:40.316541,impersonation_identity_theft,True,False,candidate,https://www.sentinelassam.com/north-east-india-news/tripura-news/62173-fake-ration-cards-identified-by-tripura-government
impersonating officer Tripura,Voice Of Media Submits Deputation To Dharmanagar Police Station Protesting Attack On Journalists. - TRIPURA STAR NEWS,https://news.google.com/rss/articles/CBMiyAFBVV95cUxOaVhpMDBCalpYcmZCVHB3SWNGdTdYR2F0NU5lNFpvMXExaUdWbElHMHVPNTBtMkpXd0JrUHV6X1FCWXdqUnJia3FSWS1BZk9yQUQtR0xhMUxBR3B3MmNtN3lBbnhzV3B5dU9EZHpxbGpTQ2xfNm1kVzZ5WHVicW9QRVQ5OHR1MWdoSERldVdLUm9tV3h2Mk01SnZ5dXctU0dvRUNodFg5cEV2ejZhUWVxUHNpeTZhaXQxUVgtZDJlMjdpeVVCWlI3Ng?oc=5,TRIPURA STAR NEWS,"Mon, 01 Jun 2026 22:06:46 GMT",2026-06-14T20:37:45.874098,impersonation_identity_theft,True,False,candidate,https://www.tripurastarnews.com/voice-of-media-submits-deputation-to-dharmanagar-police-station-protesting-attack-on-journalists/
impersonating officer Tripura,South Tripura District Hospital progresses towards national recognition amid controversy - Tripura Chronicle,https://news.google.com/rss/articles/CBMixwFBVV95cUxNVlZPcHFPdVdlbVBnYWRNMVpXTGl2dGF0SGdlMnR3MlV4MklEUnd5ZTZaMU54aEtIX0xFU1hwSGdYaDc0OEZNeDU0RHlLTnJOOHBHZFJ5X2kxcTU3NUhFWm5YUFktOGUtQWczdlNPb3lNNDJUeHFxMDdBZWRaZE0zd3o0bGxBSklQdUg0UGVKcjBNZUZ1b2Y2ZGM0SHUtNmVCb1JXSVFsYS1KaVVMRWowVURGYlh2RUpSY2NFOU5qaHEyNW93TEow?oc=5,Tripura Chronicle,"Mon, 01 Jun 2026 15:16:16 GMT",2026-06-14T20:37:45.874112,impersonation_identity_theft,True,False,candidate,https://tripurachronicle.in/local-news/south-tripura-district-hospital-progresses-towards-national-recognition-amid-controversy/
impersonating officer Tripura,"Father of Tripura student killed in Dehradun alleges police inaction, connivance with main accused - English Varthabharati",https://news.google.com/rss/articles/CBMi0gFBVV95cUxNYll3bUR1SjFIVjhEVWRPNTYxbVJrWHZ6eXhWZHdMbUNtVnZjdl9hZEp6UWRVZkFycmF0MFdIRThCNjRjRmFTaFRnZ1ljZXVTam91bnptYWlfcmp2N1l6aldyUnZUUE5jOF8wek0xcDRPWWRMWlFRR1pWUU15QkdCbW5WYTlIaVdWQVRYRFpYYkJGdUZRdHVZdmZEQVJsU1VNQVhmdGhKUlV3anV1QTNTa2NoS1lZZ2xJS0Rud1htUkoxLTlDV0NCelc4UFgwS2MzclE?oc=5,English Varthabharati,"Wed, 22 Apr 2026 07:00:00 GMT",2026-06-14T20:37:45.874125,impersonation_identity_theft,True,False,candidate,https://english.varthabharati.in/india/father-of-tripura-student-killed-in-dehradun-alleges-police-inaction-connivance-with-main-accused
impersonating officer Tripura,Uttar Pradesh: Fake IRS officer caught trying to meet Tripura CM in Lucknow hotel - The New Indian Express,https://news.google.com/rss/articles/CBMiywFBVV95cUxObFdmTlhBdGFRd1owa05xS00wLTRpREc5Ymh0dEJESzJMd1FsTXE4QVhhZHRPTWowYzNRTTRFVGdhNFhQQWUyMkNseFd3MENjS3BzVV9WQ1lPSk9EcXlycmFDdThjNmJsWHMtcmFrcmVZSzZNbUVOSzEycUVNWHJOTGZQaGFqejNGZUNNSmdBMFFwZXhjRGRCbGlkTGNYZ0Q5SEhIakM3ZTZkeU5WeHp2X1B2eHpkR1hadEk1eC1Wd01nMzNyTzdkMFVlY9IB2AFBVV95cUxQeU11bEdiUmdEb0pULVh5UmJqNmFlN0EtMFVRUWdUOUxFVkpZVHM5UURFLXRHdE5VWjBRSjBOWmdLbFN6N180MHVVdnVERjA3dmhJd3VsM21QZUJCQ18yQ3FvVVlTdGxIc1c3OTJ0ZldMTVVXWFdjTTh2MDBObVI0NUNBSWNIN2VRTklwNDVpbDBiR1JQTzdBcHdKVzNPNHV3clMydFJFazB6WTNJcWc2SmV6Z1MzNXpHSTlNU0FYSzNUWjdsVnJCcW9WRmpMekkyeU41djd2Tjk?oc=5,The New Indian Express,"Mon, 03 Nov 2025 08:00:00 GMT",2026-06-14T20:37:45.874162,impersonation_identity_theft,True,False,candidate,https://www.newindianexpress.com/india/2025/Nov/03/uttar-pradesh-fake-irs-officer-caught-trying-to-meet-tripura-cm-in-lucknow-hotel
impersonating officer Tripura,Kokborok course for Tripura staff - The Times of India,https://news.google.com/rss/articles/CBMirAFBVV95cUxOQnFxUGZQYVRpNXRFQU1Qb2E0bFRsckhMSDV2NmpnRExsVS1OUXpCM0hQaGJaODJJb19xSW5tTjBvTTF0RjdKSC1wLVdOVHR3MVEtN2ZaS00yRzhhbFZqTHFZWUt1Z0lCNWgzcFlybHJ6RmVLMlBhdEJXYmJjNE5CaE45dlh5TGlJM0dsbDRIRkU0dkpZZU9oa1hvamp4QXdOZE9pYU9uaHJZWUU20gGyAUFVX3lxTFB0TUtYMFp5VlhqcVFieDFuUDJwVFBiQk4tMTgyU09SUjBENmdPTkpVVGk0U2dsZEJQbWxBR0VKeXg5UlFqX0txZjAyWUprMnFNbXItU1pOcjN6LW0yaTR1dURURGZEaE44cHoxa2tEYXJJZGxlRGZwbmJuRzVReHRIbUVZWFVJWmdxeUhpUGJ6cWdOVTdwX2FxcE5uckQ1dndoRUlQcVFhRVkwX0U0SUhkYXc?oc=5,The Times of India,"Tue, 01 Feb 2022 08:00:00 GMT",2026-06-14T20:37:45.874266,impersonation_identity_theft,True,False,candidate,https://timesofindia.indiatimes.com/city/agartala/kokborok-course-for-tripura-staff/articleshow/89258841.cms
impersonating officer Tripura,Tripura records 89.8% voter turnout: EC - The Times of India,https://news.google.com/rss/articles/CBMipwFBVV95cUxQYkNrRkhaUEE0bS1MWFR3YVJnOUhHMHdYUTFKX1YzSlV1VGxkLWM0c3lTVkZneXRETEtNbXNBMGFDRjJmVXJEdzdRVV9BMWxuczRHZktKWnZfX2NFcWNVVTJNM2pESE5YRG1pRk1GbDAtV2llM28xLUtCTkxadkp1SDkwMjBLOEU0V3JSdGNWalNmcDZLdDhBQTFaSmJ2NWRya25ocno3Z9IBrAFBVV95cUxPekdoYlh0UWFtLUZGS0pQNERjNXpZVGc1VU9DWmhSazl4MUxka2EzRUZuWjJQU3VTaFBDY21PbUIwTjZDUzE2UzNZU1dwWEZCOHYtTTh1ZWtVd0JsMkdWMHBRVTZzSFY1QXdkRWtOeXN4cnVXMkw1QzQzeVJRYkRSSTdwdzJXRk9VLW1mX3V4R2MwMlJuMFlxTjJlc3piWGoyZmVmMnlNNzNuOFFV?oc=5,The Times of India,"Mon, 19 Feb 2018 08:00:00 GMT",2026-06-14T20:37:45.874300,impersonation_identity_theft,True,False,candidate,https://timesofindia.indiatimes.com/india/tripura-records-89-8-voter-turnout-ec/articleshow/62985192.cms
fake cop Tripura,"Not Racism, But Will Probe That Too: Dehradun Cop On Tripura Student's Death - NDTV",https://news.google.com/rss/articles/CBMixgFBVV95cUxPVVRwX2I5dW9aTk4teGI4VzE0TDZhbUpvd3ZVbG1icE40ZTZHRUxhaFExT2tEMXM2cDVDd19BM0VqbXNqdXptVlNKWm9DbENOMVlfdnFsLWt2SXVYamgtX3U1S2ROU256LVBsZEtMSFVSVHc3Y3QzRFdxZENoRlptci1HWGhObGNQYjRQd2wwTlIzVWdjVXVobkU5T3F2SXoxc3o4ekREZFp0S3FDRWVZSERUMHZGemQxdUFoSG9qYTRjZUpiWUHSAc4BQVVfeXFMT2NNV1VzWjBoU2N1UWNEcFBrdmFsUXl0NlVHU0JVSkV5Z1JMamMxbFRUNkowUlZ4bzdaUUM2THlYUzVzRktqWWlBQjMzQW80bi1kc0pRX1pXb1VneXIzTHJfSGFyZHc0MkZKSzRpMzhpY2xHVW9mVldQNVltdV93a0VwZnRua3lsN082aHZWaWtkRVItLXM1ckFSQVdBNTcwLW1yRXgxbWN4V0Q3aU1MbkxEOG1qckEtWEhWNFo5MmR2djM1UEs0bGZGZVFIVlE?oc=5,NDTV,"Wed, 31 Dec 2025 08:00:00 GMT",2026-06-14T20:37:48.119923,impersonation_identity_theft,True,False,candidate,https://www.ndtv.com/india-news/not-racism-but-will-probe-that-too-dehradun-cop-on-tripura-student-anjel-chakmas-death-10110920
fake cop Tripura,4 Tripura cops held for ‘diversion’ of seized cough syrup - The Times of India,https://news.google.com/rss/articles/CBMiywFBVV95cUxPOFNUcUc2bF9DNGpzWnRLY0J1aUZxR1ZweGs1OF9CU3h0VWxnQnhqYzc1VGtJZDhYRG0tamJfNWxuUFhVQ0RZR3N6dWF1V0EtSXcwME96QTY2S1g0UHJNa1daOHlaZGNReWFpM3RROVpDNDRyRGthZjlfMnJDTi0zd1BfZzZPSl9ENnNSOGcwWkRRTUxjRi1pd2ZudzlhM1g0V1JyRnVERzlLaGlILVlUX3FVZU9DOWhKY2RjQm1QLW1ZTnJIY0NOYmFYONIB0AFBVV95cUxORWNtellab2xtRzQyNlhSOElZckhkdFRHZWpISGdVYS1SOWJycGpEb1J0dF80QWltT3JpMGpFOEM0UjRkbFJFYzVMN1dYdUZQR3FTeHhBZDRtYVVwTWctdmtVVkhPaUc1LWZlcUhWUmFNMm92OTlDX3BDY0RPWFFjank3aENPOUFJWEt6bXpwUG15ajNnNUhFV3pqblZfLUJGMGtYal9WeGlwU0NzWEN4ZGRheGhGTGxPbkthZk5Icnh6a0d3aWg2NzNJWmdVaW05?oc=5,The Times of India,"Mon, 25 May 2026 07:00:00 GMT",2026-06-14T20:37:48.119946,impersonation_identity_theft,True,False,candidate,https://timesofindia.indiatimes.com/city/guwahati/4-tripura-cops-held-for-diversion-of-seized-cough-syrup/articleshow/131315780.cms
fake cop Tripura,Tripura HC orders SIT investigation in cop abuse case - The Times of India,https://news.google.com/rss/articles/CBMiyAFBVV95cUxOZlhqSW9qczlObnhra3hQNHRtUUxUV1BNZTgtVEdUaUlmTVdnd25sOVpDV19OWnVzMnM0RTVpaDF1enptNzV5OWRaclI0ODI3alVfZWJDeDh5a0pLYTdRTjJVZ2NvWUNBbHcxLVBfdkZiMEZGb19qYWRGZUtXSWlMSFJ3SGVudXZWYmxaOHhzWDJUYkloX1AwbnZYYXo4cWxKQmJ6T2l0cFdnZmVoZGRCdGZvdjRxOVhrN1hCRjdWb1BPem5HU3R4TdIBzgFBVV95cUxOUEVtNzJvOWEyU0NOaTNOcUhtZk9SVTJjb3VFUHNKUVR6SkRpTWw3SzZ1MnpONk0tUGlyeEhDT0YzOHBYbVJaVmhENDl3dGpZd0ktUkczenJDdm90MjhfOXJGOFVVU0VtZU9pLUdxM0h5WDVZdDhpV3loa2ZocTVCdzVOdUJWYkxLU2tQMkdCTGlVdlVmRDJYZ3doTUdiTFdTZ3VYcnpIVk54ZE1JVXhSeHdqTVBYMy1VUkV5TF96cU1obzNoc2I0OWctRkNNZw?oc=5,The Times of India,"Fri, 15 May 2026 07:00:00 GMT",2026-06-14T20:37:48.120004,impersonation_identity_theft,True,False,candidate,https://timesofindia.indiatimes.com/city/guwahati/tripura-hc-orders-sit-investigation-in-cop-abuse-case/articleshow/131125223.cms
fake cop Tripura,Tripura CM Saha pulls up DGP over IFS officer’s escape - The Times of India,https://news.google.com/rss/articles/CBMiyAFBVV95cUxQOGN4WWtHRG9KYVhIR2gwM1NWWldFYnFBbmRiRHRxcFpkT3cxY0E2YVBwUFVqTlMwVlBPUTBSczE0aUVPQjBsU1Z5eFVhOHctLTZndmlqYmF6TU8tbmxrN1Rmem91Y2lmUGVRazJFNW5UQTcwMGV6NEJ4b1R0bVphTzJLN2RDekppam1FQWhzOFhqS0dQOXo0RWZRdDVPTlNfQUVwNi1WUk5xcGVpNlQ1X0pSUzlMZWxMRW9RVjJFeGJRdmswelZ0VNIBzgFBVV95cUxNako3TlZRMzhtMl9wMHJrLXA5cVNvR3V5NVF3LWE1RTZ0bm4xOE5XS1Bxc0hEejMyNXF6azMwQnFRZ1dtRDgyZS1leWxyNkc2bUoyYnJXcHhxX2tGVjZwbnpuMmZwNzN3MHBpVWZyUXdpUUhNQzZPQWw3T3NnMUU0NnI3a2tHRWxiNnZ4d1g0U1NvNnM3NTZQb19sVnhpTFJoeUROam1sQTFmbmZEd0EzQ2ZFSUdVZFM2aWRfNEdDRXp5QWktVGdBWHZ2NkRwdw?oc=5,The Times of India,"Mon, 04 May 2026 07:00:00 GMT",2026-06-14T20:37:48.120015,impersonation_identity_theft,True,False,candidate,https://timesofindia.indiatimes.com/city/guwahati/tripura-cm-saha-pulls-up-dgp-over-ifs-officers-escape/articleshow/130739212.cms
fake cop Tripura,7 More Cops Suspended In Tripura After They Couldn't Trace Ex-Minister - NDTV,https://news.google.com/rss/articles/CBMi1wFBVV95cUxPdkJSWGkyTDBoV2lMUmJLR0FIZEdUTWNVYkRKdjN5LTFVZjhJWkhIVEVJXzVnVUdZUDRZYjVNTFJwaUZBdklBOGVwQmpnUXJJUnFQWXEyN0pZblZERk1vSlNCXzVuZWNnb3g2T2l0aHZLRWJFa3NpdzJQR1czZmNyWFI0bWFjejZTUnAyRkNVTXV6SkxuX2NOSjFzT3NQanRJeHNYWmxJeGVOOFBEZ1NnQ3dBMVNHQkxnX2F0R05iSGphSW9qbkxQTXFySmpBanRPdlVzeVJrYw?oc=5,NDTV,"Sat, 19 Oct 2019 07:00:00 GMT",2026-06-14T20:37:48.120060,impersonation_identity_theft,True,False,candidate,https://www.ndtv.com/india-news/7-more-cops-suspended-in-tripura-after-they-couldnt-trace-former-state-finance-minister-badal-chowdh-2119579
fake cop Tripura,"Tripura cops file FIR against TMC MP Abhishek Banerjee, 5 senior TMC leaders - The Times of India",https://news.google.com/rss/articles/CBMiyAFBVV95cUxNU1dzMGx6dEs4OFY4ODg1a0ZXMzdfYXdwOWN4emlOa1gtOF9wTUc3SEdXVkZKb0w5S1ZpMDJVd183Sko5VHZaa0FNOHJvMkM1UnA4a3JXb051azRLQUVFVDdwa3RZZUw1dVd3eEM4VnBGR3lUWVJ1TVBtRUYtOUc5NjZDY2tPNzFjdFA2REx0VXJ4dGtHeWJXbk4yeDN0bW9MdHV4SDdQN3NTblNnVHJIdFZBQkYxMk10OXRpT0VkbXhEclpuN20xUNIBzgFBVV95cUxQY01OUDVaY0EwTmtIU1h5dVZneFB1VW9CejlCdFBteUE5VWQ0dDFUbXdmOV9sV25GQ3lNOWwwY0tkc0pONmhQbGsxSjhnRXM4QW9QUVhpdzZCdFZnQlRnZ2w4NHJGSFhaYUZBd0FUUW9UY0FnLWtNZC0tczJkM1ZUZVBVdVc2dkNaU1dId3lnZTFnRFltdE1UNzVxZTdkY1ZUNGtKNzQ2ZWRYdDdkZWhaMFJSZmJOaXVRZVNMdDF4M2trNmpCVjBDNlNrWlV1dw?oc=5,The Times of India,"Thu, 12 Aug 2021 07:00:00 GMT",2026-06-14T20:37:48.120139,impersonation_identity_theft,True,False,candidate,https://timesofindia.indiatimes.com/city/kolkata/tripura-cops-file-fir-against-abhishek-5-sr-tmc-leaders/articleshow/85256296.cms
fake cop Tripura,Boy kills sister due to family neglect in Tripura: Cops - The Times of India,https://news.google.com/rss/articles/CBMiygFBVV95cUxQa1pKTDR6TlRhYm5TM2didlA3UmhLeDV3UlZSRWVSUDNxQ1EtOTg3UUhzcmJjVXVSVFFPUndoWmZ0clU3c0QxSlhjZkRyR2NsTGhsdHFvWWVEXzkyV2s1TzkxRk1OakRSdVdQdzVYUHNxSXktQ1l5TmZqSzl6Y0Q0OXRBU01ISG9XSF9kTXgzZzZBUk1mRWVFb2RiaHBGSTJQeU5GdFVDVWV6eDJlMVZ1UGJjUGp2b0JfVVFqTG9zYzA2WWlhTXo5RGFn0gHPAUFVX3lxTE8tTnpKZ1A5aVlQUTJBZmJyVmZqbUlrQXBlTnZremxkUFIwSVV6ejFCTTdLTkM2OGo4N3hDSnotbm5zczdDNHdGMEhXaE1vWEtUZTVmQkJvNmhYTXNkQllCSkV4TlRrT2xPeldMa0pmLVNQLWJmZFpTZG56RTAtOGUtblpPczFWRlFrcEs3OE0xd2VPdWlzbjBSbzhmdnJwNExNcEJrZXZONjJOY0VRSEJveGt2MXJmM1FTdDhpdHF1QXp3WWdfM1V1ZWtSclhKaw?oc=5,The Times of India,"Sun, 25 May 2025 07:00:00 GMT",2026-06-14T20:37:48.120151,impersonation_identity_theft,True,False,candidate,https://timesofindia.indiatimes.com/city/guwahati/boy-kills-sister-due-to-family-neglect-in-tripura-cops/articleshow/121397648.cms
fake cop Tripura,"Tripura's Latest News, Views & IT Portal - TRIPURAINFOWAY",https://news.google.com/rss/articles/CBMixwJBVV95cUxPTkJkclpLOVFLbk5Pdkwyd21SeWhvYWdNVl9VTFpiRDlIdEpfRllCaFdqRmhQN3ZyMGZfX3pFUmd4cHJvS2lOVVhNanI5Z2UxUlhpVE9rR1ZDMU9XN2dXaXFJcUZyWDlza2I5bXhKVUNObTBBSmZTUWkxM21yVXFIdVo3cjJKbHd4MXUxMEltc19hUzVlMFFhQVcyZTNPR1l6dzA0eWZyM0JSVnNLSjhlVjVfMzY3dGRUMWVCUmpoTDR2MTFXelV5ZjFpQXF3cVdldmp1cG1sTWFsY0txU2RXdEVSSGd3d2w5YjlBZ0NVbVpzbEFjcmVwUGdpMmg2LTZrRHJDa05hUUhqOU9uZHhQbnI3QVFja2wyVDB4em9zYlpGUG9pT3FLZ2JieE9YUktGVXdQTl9FR1Q5T0pvODh0dmwyTzJTMDg?oc=5,TRIPURAINFOWAY,"Mon, 17 Feb 2020 08:00:00 GMT",2026-06-14T20:37:48.120195,impersonation_identity_theft,True,False,candidate,https://www.tripurainfoway.com/news-details/TN/140523/under-bjp-govt-honest-ias-ips-officers-on-target-tripura-witnessing-worst-attacks-on-bureaucrats-ex-bureaucrats-honest-ex-cs-y-p-singh-is-next-victim-under-biplab-deb.html
fake cop Tripura,"Tripura's Latest News, Views & IT Portal - TRIPURAINFOWAY",https://news.google.com/rss/articles/CBMiyAJBVV95cUxOUWRfRk5GSDlzM2VyaldUZEFIZWtrbVViOS1aUDN4aDNJVGxXSjRDZnJrbnVGQXFjVGVPVmNUbW5PSHFORjZGdEZ1b2U0a3dNQkJRYWV4Snptc09ORVZRSGxvX2lrLVZrTkd2ODM0cWZhNEFHT2wxeHJZQWw4S1ZGZnFBUTYwQVNwVDBsb1Y2aXBQQ2N5eW1YdUFRLS1HeUhKMXBkMXVMb1pqVDg5c2JUQVdyU3hna1RyLVJOZjU4Tk5GUmZKUDJjNTB6WHh1SkNfWWIwV09lQnVPNjE5TVhCZkc3dXBZQk1XcVNURW1GSGdkQl9lTkpiTGwzZmRmWWVXbHpTVExFYW9hRkgtUjd6S2NiT05QMXQzdTJpQWFoX1h4cElHanNPX3dFbDIyNnBrbDdqVHEzTnppUmItUmFXNTU0cE50SUtk?oc=5,TRIPURAINFOWAY,"Tue, 12 Sep 2017 07:00:00 GMT",2026-06-14T20:37:48.120206,impersonation_identity_theft,True,False,candidate,https://www.tripurainfoway.com/news-details/TN/91382/cpi-m-govt-rattles-under-sexual-harassment-charges-lady-dcm-raises-molestation-charges-against-sdm-kailashahar-state-turns-unsafe-in-manik-sarkar-rsquo-s-24-yrs-misrule.html
fake cop Tripura,Tripura opposition condemns police action against SC lawyers - The Siasat Daily,https://news.google.com/rss/articles/CBMiowFBVV95cUxOcHBMQUl2Xzh2V0hEdl93c0drRndZUjE1YWZOYWVfcVZhSWxmMjdKN20wRzU0XzBZa0F4al9jNkNXVjZqZk82U3diV1RsNy13UHYyZUlaZWREb1paV2ZFQ0p4emdFenBqb3h5Rm1ialhDdVU5MFNob2JFSi1WTkU5OVRQTnI4bFMtN3JjUjh3QnI3dUNFZFc3TF91SG5hOU53aUNz?oc=5,The Siasat Daily,"Sun, 07 Nov 2021 07:00:00 GMT",2026-06-14T20:37:48.120262,impersonation_identity_theft,True,False,candidate,https://archive.siasat.com/news/tripura-opposition-condemns-police-action-against-sc-lawyers-2221536/
fake cop Tripura,Centre asks Tripura to reverse top cop’s rank - The Indian Express,https://news.google.com/rss/articles/CBMimAFBVV95cUxQMlZrcmRUSXVFUHA1N1FFTUJkQXM0alVURkVMWUZNRTVPTzhrNU5NcnZHOWxPams0SklHN1RNNmtKSmdyRVlCdXgwTVNkWnpwSzl4cGFUd3ZwbWEtUnhxOUg3a21pNU8yblR5b3ZoSzB2ZkltWmtoeHZGdmxSUV9JNm53eWEwMnJXUE9ESEFBc2pvWXNVRDJSRdIBnwFBVV95cUxNSkVxaE1NTHl1VS1jM01uZHZ4bFhsdkhPRkZNeFM1dUw4NDdIT1VwZzdCSGd0bEEyMTh6RkxrSEpIcEtlZDJSSnE5OHpxSy1LbC1felFPYzhJY1pLaHI5azhtVjRPWGw1U2pnNTg3YU8zMXY0QnZpZVo1eEFHNFVzRGZpM0d5TFhxeXRtWGtYYVRQeDc0bWJvRUhxeHV1Y1U?oc=5,The Indian Express,"Fri, 30 Jun 2017 07:00:00 GMT",2026-06-14T20:37:48.120273,impersonation_identity_theft,True,False,candidate,https://indianexpress.com/article/india/centre-asks-tripura-to-reverse-k-nagraj-rank-4728510/
fake cop Tripura,"UAPA charges by Tripura police ‘highly reprehensible’, says SIO - The Siasat Daily",https://news.google.com/rss/articles/CBMiowFBVV95cUxPVFltVkgzVWpma1hDdnB2TXZfYkRSRWw4Q2c3QkowQktrRG51THdOZWc0bWM3b3ZXOGpDcDIwWjVwTW52QTVFOU1aaV9iZ1hRU0lFbGM3QmFvY3dmelJuTHpaUnhXUTRHN0g3MkZUVmhQR00wY0g5cUw4ZDNPV2x6dWFKNnhhenFhZUZZTDVwOTNueVdvWXBjT1Q4amVUTkVxYnVr?oc=5,The Siasat Daily,"Sat, 06 Nov 2021 07:00:00 GMT",2026-06-14T20:37:48.120285,impersonation_identity_theft,True,False,candidate,https://archive.siasat.com/news/uapa-charges-by-tripura-police-highly-reprehensible-says-sio-2221196/
fake cop Tripura,Tripura opens crime branch police station for effective crime management - The Indian Express,https://news.google.com/rss/articles/CBMivAFBVV95cUxPN2o1N0dpcjYzWURTUk52QnV5a0Z4ektEajN5WDBPd285N1h3ZFVyOTlYTnQwUkd4V2NKY21EU3ZGQVlXYUVZWFZPdGVxX0YtWkhpUm8xZlNaVFdtX2loODM3X3RQX2ZFdzZ1OVEtbGp5SmVJSTZlTjFGd1NhMk1KV0N2UVpmUFQ0ZkxzWHQ2aEo1elZMdzlFRUVJdW4xZHFJU3MwVGo4VHE3bDZheFhvYVRBekVCOXNBa2ZFbNIBwwFBVV95cUxPTjQxVzNzd1dpREJNQ01MT0xpM0VhWXNCY2ZsakxFYWNseE5zWTNFeUpIRFIwU0h4OHNlTnlvT0ItM3RnUV9lNUdLY2RqXzlqSk8zQThrWFJleUx2Y3BFZTFZc0N5UEs4MUVHZmxSZlJpdGtTNFd3djd5a0xWOEJQX21TUEdVclVSanFaV1ppTjJtTTJQcmZPNlZUdGdhajBYZVBhczlyQl94cE1iTlNJX3ZsVUliZkNBWDI4Mkx1Z3M0Sjg?oc=5,The Indian Express,"Mon, 24 Apr 2023 07:00:00 GMT",2026-06-14T20:37:48.120297,impersonation_identity_theft,True,False,candidate,https://indianexpress.com/article/north-east-india/tripura/tripura-crime-branch-police-station-crime-management-8573832/
fake cop Tripura,"Tripura's Latest News, Views & IT Portal - TRIPURAINFOWAY",https://news.google.com/rss/articles/CBMiowNBVV95cUxPc3VtUGpMc0ptMGwwVUJfdnNhYmpfV1A0SEU1dmVubjRqclBJS2xTNnJuUS1NUS1QTDZBcEFGbTRYdWJWdHd1RUl4M0l4d05VZTg3N1AxV2h5YWlkX05Ud243QkZMWE5MbGszODBUM2xYSHc5VkxxTFE4STlLYTQtRnNIelJWbGRkOWhWTTA2SWhnRnR6eEdrUzQxWWtPZG9UNXFBN0xUNExvLWtka29yLTZGcmV5cDRTNXBaOF9rd2xrN2MxMDJIZ1BKTE9FdGx3RnVnMkE1T1UxQjNGaVZWeUItdmVQRUxYWlR5cnV1bjVTRldVSGlhQVEtNzhLRmhrU21aQzhsMFVUSUhRNm1aaEtfdmlYNm04SUEyOVNyY1RXZXgzckY3OVlOT2FiWEVFQ1JhRGJuSEFFaTg4UVJfSWxZbTlHM2JjeEFXbER0X2ZSMlJnanBqbkVUSHVTeEFXOGRzY3VKQkVRenVlRWJUMGNkdEVmTmt2d0tnUFlyTEtyY3ZucDZsVElRQ2lqSkZ6YVYxLWRpSC1IR0Z4a2dBUzlwZw?oc=5,TRIPURAINFOWAY,"Sun, 21 Oct 2018 07:00:00 GMT",2026-06-14T20:37:48.120308,impersonation_identity_theft,True,False,candidate,https://www.tripurainfoway.com/news-details/TN/117181/viral-rs-88-lakhs-fund-theft-arrested-jail-returned-ips-joydeep-nayak-now-cm-rsquo-s-right-hand-man-after-tainted-tps-officer-dilip-roy-turned-osd-biplab-rsquo-s-corrupt-police-officials-turn-corruption-free-tripura-rsquo-slogan-a-joke.html
fake cop Tripura,Tripura chit fund case: CBI court sentences three to six years rigorous imprisonment - lokmattimes.com,https://news.google.com/rss/articles/CBMivgFBVV95cUxQX0tFWDJfbVVURGVUQmF2Zmo3M1I4U0t1SU1WUGhPcjJFSVVTQS02eWs3Q2g3d2RJLTMyUS1pdmllM3BtLXhlM0tiMkhwU1dRMlExUXlxYlV6aUpSX2RNbWhSSXhyUS14NS1LTnBNc2ItY1B6WW5LdmppTkJiXzlUMFRpUVBBRnBwamJ1SWlzV1g3dy1iQXVGeEJvVXROQzFjV0tlRmh4ZTlNamJRQjlxSVMyLWUxd2Mza0JMM2FB?oc=5,lokmattimes.com,"Sun, 31 May 2026 07:00:00 GMT",2026-06-14T20:37:48.120428,impersonation_identity_theft,True,False,candidate,https://www.lokmattimes.com/national/tripura-chit-fund-case-cbi-court-sentences-three-to-six-years-rigorous-imprisonment/
fake cop Tripura,"Assam Rifles, DRI seize methamphetamine tablets valued at Rs 8 crore in Tripura; one held - lokmattimes.com",https://news.google.com/rss/articles/CBMiwwFBVV95cUxNSURsaXVVdFViS1JPazR5NHgyeWNqRnpFNlNPMC1nQmk3MmNYcWttRW1US2xFaUl4bzJNRVdtS0ZzV05OZnMxa2VMZ1JpM3ZVa1g3cjFwdGdDY0o4UklkZlZfTGRDbXFTeUpkdTNvSnlPM2ZKN0RKY2g4ek5oRU95WnVZQk9WaHNja0RmOEY5VEtsTFAwNElWa2ZWYnBDeW1nM0txNkNJOHV2bGctRGhlVDRHUlRKLU9hbmI0U0VnWFBtT0nSAcgBQVVfeXFMTW5QODN2UnFkNDlGRGItbU04TDhIeU04RjN6Slg1c002S3dob3hpWDJieGtWcDJjRHRVWUZnQVV0RXYtcjc5NE80RzcwSFNLckppeFROdG1LMjgxdFY2OEpfWjhLVWxyR1N4aWNPdGx6djNuN0dqeDdnWW9nQkw4NW9lZFNkOG5Xcm83OGg1NTl5SWo4QXZMUXhhcGFHS0pIektnX1FRdEppTkkxcGpuQXRGMzVCTHFwVlRHdGVnMnhCMjJXMHJuRHE?oc=5,lokmattimes.com,"Sat, 16 May 2026 07:00:00 GMT",2026-06-14T20:37:48.120450,impersonation_identity_theft,True,False,candidate,https://www.lokmattimes.com/national/assam-rifles-dri-seize-methamphetamine-tablets-valued-at-rs-8-crore-in-tripura-one-held/
fake government official Tripura,"Four plots of land sold to as many persons with forged documents, complainant meets DM (west) - TRIPURAINFO",https://news.google.com/rss/articles/CBMi4wFBVV95cUxPWGVubV81MEtXVmJpZ0hqaUhhTXdvVmJOejBNd3NGZU9JaGNlbzB5Yk9XN0RvUTdUY1loSjZtQmx1Z3VVN1FfTHNLSmZKY2RNVlBMbzV4dlVNTlU3NFdXOFQ0dk05Q2Rjb2ZHSFJCa0hGcmpOX3hfci1fLXdoSmxfck9sRXA5UXhCQlM3dkxKWXZ5UkxaUHJ5VTl5VTN5NlRaZ2xxZWJNc3UtcmhGSmdRU2FDbU9nYnJaMk1sZEctajBLWkNUNzd5bUJEckpqSFgwVTBLVXk5MjFsXzhmNUZuMmFtWQ?oc=5,TRIPURAINFO,"Mon, 20 Apr 2026 13:35:27 GMT",2026-06-14T20:37:50.792590,impersonation_identity_theft,True,False,candidate,https://tripurainfo.com/EnglishNews.aspx?intnid=6093&title=Four-plots-of-land-sold-to-as-many-persons-with-forged-documents-complainant-meets-DM-west
fake government official Tripura,‘A drop of water in desert’: Oppn slams Tripura govt as CM Saha distributes 288 appointment letters - The Indian Express,https://news.google.com/rss/articles/CBMi3gFBVV95cUxNeHg5UW9sWDVSQjBkcXFqUmlNb25iMlM3aG1jeE1yTy1wdTMzbG11a1U1RGtDZDYtLWY4eFAxb0hnMTVqdlF4Nm5ZNE1QWTFGaHZVNkNwLUZOM0hfWHNaczJRMERqMTNuRDNycXZHdmgxMUZISU95YjNFY2JnSzNQcGdSSlY2TnpWaDVQbzAyMERNWHdVd1dPOHM0cXphMEVMaHFJTi0yaUExTVN0Tk5IUFlOaC1UMDRwc2lvSDZXMzk1dU9RTVFQV2tudm05bUxkam9DNlVPLUZRanVCeGfSAeQBQVVfeXFMTVdLcFdDcFpYa0lHVGxiU3daZk9rMXdmTU5CYXF6UFg2R2RmN1lobHp4TXV2Qm9rbHRlWS1LWl9oeFVRalRGYXp5dVp2V3JYZHd1Z0JjMlZxVWFyZXpWZU5RNS1fU3kwcjJhNDRCS0tUQURpRDB3TkFqelN6RExBOXByTmV3TUtFaHMwcFdaLXB4WjljOEZGV3Q1TWNRUjJDUFFhamNIWDBTNjRmdWFZcHR2bDNfUlllNE5Ra3BkVUU1elNWTG9vQXkxbHVEM0REX09UbFp6Y0xYM1loeWZ2M1M2ZUVP?oc=5,The Indian Express,"Sun, 04 May 2025 07:00:00 GMT",2026-06-14T20:37:50.792644,impersonation_identity_theft,True,False,candidate,https://indianexpress.com/article/india/a-drop-of-water-in-desert-oppn-slams-tripura-govt-as-cm-saha-distributes-288-appointment-letters-9982571/
fake government official Tripura,"Tripura violence: False case against Saayoni Ghosh, says Sushmita Dev - ANI News",https://news.google.com/rss/articles/CBMiywFBVV95cUxNa1M0RDdZR1phZjh5QXQ1c2s0cUdvYnRCMWtoSEtvOFQ3b2NpaDBlcTVranA4UTBENy1yTW5BS2pPMWJVd1RKNWtqRUVzeXJqWTZkd2pFS1ZSbmpJWmpNbl9aclNZdzM0NzBjTjhBS083QnAyaVE1eW1lQnUtMEg2ZVZkbUhsLXdGdjQ2X2hUeWJLYlkzNTRGYXZFZTQwN1Z6Z3VlZFMxMW9jWDN0UmlyWnYzaHhyRkhmd0pjbHhCWl9TTXRCZmRVaDM0TQ?oc=5,ANI News,"Mon, 22 Nov 2021 08:00:00 GMT",2026-06-14T20:37:50.792829,impersonation_identity_theft,True,False,candidate,https://www.aninews.in/news/national/general-news/tripura-violence-false-case-against-saayoni-ghosh-says-sushmita-dev20211122131848/
fake government official Tripura,vehicle with fake number plates of govt officials used for drug peddling police nabs two with drugs - Tripuratimes,https://news.google.com/rss/articles/CBMi2gFBVV95cUxPVG8yemoxRGVYTzg0TXdyZ3Fxd2VjeTQ0b3J0NGdSQW5LUldVNjdGVVZzTHdPNEZKTjZKYmhnNVZzOTFLTmJ2RTgzYUs1Z0tVZmh1NlVxbWJWRDh3Zk5oQldvVzZiWlRKUW90UU5XSVBJaXYtTVhwckhyd3Bna0phSFVCNWJWeDlZZmFpdHFUV2xOcDJ5TDJSend1aTRZZExkMGw2UjNLMnhQSGFvVHFIV2g0S0pCN1pSRVJkWHVKUUtSeDBlbGZybVVvR3FydUxtUmJFZ2xLQllvdw?oc=5,Tripuratimes,"Sun, 30 Jul 2023 07:00:00 GMT",2026-06-14T20:37:50.792845,impersonation_identity_theft,True,False,candidate,https://tripuratimes.com/ttimes/vehicle-with-fake-number-plates-of-govt-officials-used-for-drug-peddling-police-nabs-two-with-drugs-9046.html/
fake government official Tripura,Disaster Management mock drill at UK ground in Agartala on June 1 - Northeast Herald,https://news.google.com/rss/articles/CBMimgFBVV95cUxORTdxOVc3cnhRaTNHamVueDN5TnR5RlEzQU5PNEZpNmw2ZU1tYzdKdnA1c1hZdjhySkpIa21kWVpkZEtiSGtkNUNaUmdpUktKWXd3OWtGQ0ZROHZua3pfOHF3cVlMclVIUk92YkRBNUhiVThYTXI5N2pSSTR4czhGU2h2NkxuYm1ibHR0aUlFa2gyNlpwVS1TVHZ3?oc=5,Northeast Herald,"Sun, 31 May 2026 19:36:34 GMT",2026-06-14T20:37:50.792940,impersonation_identity_theft,True,False,candidate,https://neherald.com/tripura/disaster-management-mock-drill-at-uk-ground-in-agartala-on-june-1
fake government official Tripura,"Tripura Eyes Solar Micro-Grids In 274 Villages By 2030 - The Sentinel - of this Land, for its People",https://news.google.com/rss/articles/CBMiuwFBVV95cUxON0VsTkJEdFg3WmMwNlVUYTBlSzFkRGNGMTlfdklyczc2MGJ6RG8yRXhnNW5iOGF6TWV1RGxySkYwM0w2MXFDa3lWaUpTNTY3aVI0RkZsOGZSb1lzYU95VjFpR2xVZTQxYmxyaW5iOVhqWWt0LUd5SjBEcnUwMnVfZ005TVV5S1Qzel9teWhtUW45eGNFejFwTjVGTVRyOUc5dXNlTzBfWnRtNTFsc2dpZkVSWmRSdkxFQmhz0gHIAUFVX3lxTE5LNUk1SGNtaEljcjM5di1IQ1AtZVRNNG05UmJNOVR2d2NyVlMzX1ZBR01oRDFwUHNSaTA5LVN3ZzZOeFJZMjJablVUMHkwNGc1eUVINklSMU5FVWtPN1NydFowSFdhV1JGSGxHb24wVFVHWi1YNm9qbkE3cG1RMnpyVElxN1lwdDNLV0FXTTNXRHotWVYzQmUwcnN3YUdxR21HTndVVExvUlpvN0MzRGZxdzBhZzZZZEVWMWRiNFNVMG56bjg4XzlL?oc=5,"The Sentinel - of this Land, for its People","Fri, 06 Dec 2024 08:00:00 GMT",2026-06-14T20:37:50.792948,impersonation_identity_theft,True,False,candidate,https://www.sentinelassam.com/north-east-india-news/tripura-news/tripura-eyes-solar-micro-grids-in-274-villages-by-2030
fake government official Tripura,"Tripura shines bright at Udyog Samagam 2025, bags top achiever title in business reforms - India Today NE",https://news.google.com/rss/articles/CBMi4gFBVV95cUxOZkM5NjNJWV84M0ROYnR5aXM3eGljM2VCa2JOa1hWYmM1RGV2NmNXMHVkZkdSdjBRN3owSTJPMFg1RTE5aGpEc2ppb0lCZXhFbk56QnNkLS02MGlBdDFCTkwtRFQ4V2hldmV6dXRYRV9YNXh6dFY2WUN4U2xiSnA2bC1mMGtFUXdIOE1vWGZZSWFMU2tVUUJhX3VWT3BfemE0bWNKQmZ1Z3dvMkw5RnU4QVI3N1B1dERIOWlEbTFDMXpUeldDcmwxLWN1SXc0Z1pzYVFxNmloUjBHbTF5aGxURnJn0gHnAUFVX3lxTE51bTBWanlETnRSMEdaVG0yZENRRjM2SDNYYmh4RGFrSjdKd1NnVjd3TzlnU1JBX2tzakhCOVhNbUF2TlhucUpldDZ5a1hjUW1zLTNrak91dGlMUzkxX1VKTFNtenc3ZkEybXlGekFQUXAxLXVFNDgwa1V3MUlsRDEwZkxad0pNMDhldVpKbGRNLWZUYlUyT24ybHBfcm5HZEljcmJ5N0VLV1pvdVhJQVpJd0hWX2YtR01RSmZORkVVZkVBcEhUemtvU2p4dXNCLWh0U3VHNEZrY2VUbmZqV2VRWVZrNm5Naw?oc=5,India Today NE,"Wed, 12 Nov 2025 08:00:00 GMT",2026-06-14T20:37:50.792955,impersonation_identity_theft,True,False,candidate,https://www.indiatodayne.in/tripura/story/tripura-shines-bright-at-udyog-samagam-2025-bags-top-achiever-title-in-business-reforms-1302717-2025-11-12
fake government official Tripura,ED conducts multi-state raids against Tripura man in money laundering case - Hub News,https://news.google.com/rss/articles/CBMingFBVV95cUxNV1Z5UHE4QmNjY2lfeFc4UmhGQnkzYVVKQ3JydEVDZ3V3YVdBQkJKV0xkbk0tTzZuY181bW91YUs1bXZjbHE2R3RBTlpBUWpJRE5nLXpCd0VXaE1lakQ0TUVocmhmQzM1SzVBaS1HVGJkQzZyczB3MWNSNEhwUGhCX0pjS0ZnTVRkaDd1SmNOTklmcjRIbmx0cTZaWHpoZw?oc=5,Hub News,"Wed, 27 Aug 2025 07:00:00 GMT",2026-06-14T20:37:50.792990,impersonation_identity_theft,True,False,candidate,https://hubnetwork.in/ed-conducts-multi-state-raids-against-tripura-man-in-money-laundering-case/
fake government official Tripura,"Tripura Civil Society launches 24-hour bandh over demands on ILP, Tiprasa Accord, and illegal migration - India Today NE",https://news.google.com/rss/articles/CBMi9AFBVV95cUxOVDh3c3Z6RXhiNWpkYjljODNqWG5obUhUZlY0TkhvVlBGLXpMWXlvekNBdlNaWW54ZzNQbmk4c19Md2g0Q2hremM5UERseEc3U0lJTThqc3lPU1lRSW9Nb2haVmNIRGJHR1JWRjNDTHlkMmtldjRySkYxT3M2Y3ljV1V3VzZxYXhkUjV5YkV4ME8zdWpqYlRsSTViQWU5SEJiRElVSkhIb2NuU2Z4aURfRVBvaEVJVTlQbmxOVTA2SkJ2bnVjOXBGQVozVFk5SHpMNWNSVUtJRVFpbWFualZsTXJ1V1J5MlpDbGF1cFhfc2pJdDdL0gH6AUFVX3lxTE5SUzVudG1fRnF0RmVpTktwZ3dwNG1PZ09tNG0yZVNKMVVyUUdxdFhpWml2WGZxeEJpRTl1T25fNUZlaHlsN096SnU2UkN6QzJtbDRaeng5cFJXWkVPeFpycnlYSmR2V1NhRnZUVHhDVGIxM0Y2RXNIS01ZU21ub3Z0ZkhJYTd3RFJTMzBMMlRvcXU4QWdpbk4tOHgtQUVIQWZsLUJSTDdqeXBoVkxzQXRrMldyUDk5UWd4OWRzbjBMNU5aMFctOEFFY3A0d1ZzOXlOeWtnNVpjUmJJYTdFSGF3N2pvT1JPajVFZzBodHlMaWhQRWJVN1B4WEE?oc=5,India Today NE,"Thu, 23 Oct 2025 07:00:00 GMT",2026-06-14T20:37:50.793020,impersonation_identity_theft,True,False,candidate,https://www.indiatodayne.in/tripura/video/tripura-civil-society-launches-24-hour-bandh-over-demands-on-ilp-tiprasa-accord-and-illegal-migration-1294020-2025-10-23
fake government official Tripura,Tripura CM Manik Saha Slams Opposition for Spreading False Info on No Recruitment in State - Northeast Live,https://news.google.com/rss/articles/CBMixAFBVV95cUxOVGVydms2T3NMUnFpdklpRUF4RURRckk3Zm1CNEtHdEtmSE10UDJoa05jNG1yYWcySlJZYXFZeDhXb2J1ZUZ4UEMxal9NSnFJZEpUUWpVMnd5UzJWbHU1T0RjTHg0YUNIcWVSd0V3bE1zcFpoNnN4bFFpWndjdmkzRGUweFBJajJLRmVCSGpnWjNkcVpwV2dTNVo5bktTY00zcERmM1ZKZGVJQVE0T29jS2NVcXFWVjJZcmZVYjVabUw1aW0y?oc=5,Northeast Live,"Mon, 24 Nov 2025 08:00:00 GMT",2026-06-14T20:37:50.793138,impersonation_identity_theft,True,False,candidate,https://northeastlivetv.com/around-ne/tripura/tripura-cm-slams-opposition-for-spreading-false-info-on-no-recruitment-in-state/
fake government official Tripura,"Tripura cracks down on illegal infiltration; over 3,700 foreign nationals arrested since 2022 - thecolumns.in",https://news.google.com/rss/articles/CBMivAFBVV95cUxQMWRxSWxuZ0xIU0R0UXM0QzRSelA4R05WR2xROHZVR1ZTRG9iUVNMTlNIYzlfcnl4VEtHbGR4WWVPQkQ0RXFvVHFZSWcxMXF1R3pndk9vdmV3dE9JeFZidFR1cGl6My03N3AyaW9PZmlfVHFGaU5oMDdYbkRJZ3g5c2JIOHNiNzRHLVJCVG12eXdqZDl1al9lWkNXdXVsVEVhRWFDcGlKeU5TYk9BN21RbV9RZ01FYUdmcmpYWA?oc=5,thecolumns.in,"Sun, 31 May 2026 08:02:32 GMT",2026-06-14T20:37:50.793153,impersonation_identity_theft,True,False,candidate,https://www.thecolumns.in/featured/tripura-cracks-down-on-illegal-infiltration-over-3700-foreign-nationals/article-19862
fake government official Tripura,Tripura CM Manik Saha’s Transparent Hiring Wins Hearts Of Families Statewide - Ommcom News,https://news.google.com/rss/articles/CBMirwFBVV95cUxPa3hLWFB4WTVTdEoxQ0pVbXVSa1BvT002QXNOVkZ5Uy16UXlZekhJWDJMNzNESXBjWkpBQ0FVdmJoYTdkLWM0RzU3OWItZjRQYzB0eU90Qk5lZWtTQlkzcWZlWHJMRnc1a1plYWFhTHlhVTRaVk81WU8ySW91STEyVVlvZ2dMTTdNQlVlaGg1cGpjejVuQnZGcEZwTThHVU1aNzhqU3VZbTFVNmFZT21R?oc=5,Ommcom News,"Tue, 13 May 2025 07:00:00 GMT",2026-06-14T20:37:50.793196,impersonation_identity_theft,True,False,candidate,https://ommcomnews.com/india-news/tripura-cm-manik-sahas-transparent-hiring-wins-hearts-of-families-statewide/
fake government official Tripura,"Tripura cracks down on illegal infiltration; over 3,700 foreign nationals arrested since 2022 - Social News XYZ",https://news.google.com/rss/articles/CBMiygFBVV95cUxPanFfOW9pTHMzNjhNR2tqWnFqZE5qY01ISXJ6NTJ1ckRDWGpDSUNRUThfMF9NdlhJR2lUWVVFYjdBS1k3MjBPZkNIc2N0SzhpS29wOU9vd2JZcmViejVtUzBVX0NnY1BkWktKRVlmYWg3eFQzS3ZROHNGb2dPQ3QzUER1VEI5cE5yQ1I1UDFXX004U1YwQy1Mc01VTVh4NzM0Tnk3UW9MS3ZCVHlWc1FSTlJrU3NTc19pSkphSjVkbnF2eFRfQW1ZdUxn0gHKAUFVX3lxTE9qcV85b2lMczM2OE1Ha2pacWpkTmpjTUhJcno1MnVyRENYakNJQ1FROF8wX012WElHaVRZVUViN0FLWTcyME9mQ0hzY3RLOGlLb3A5T293YllyZWJ6NW1TMFVfQ2djUGRaS0pFWWZhaDd4VDNLdlE4c0ZvZ09DdDNQRHVUQjlwTnJDUjVQMVdfTThTVjBDLUxzTVVNWHg3MzROeTdRb0xLdkJUeVZzUVJOUmtTc1NzX2lKSmFKNWRucXZ4VF9BbVl1TGc?oc=5,Social News XYZ,"Sun, 31 May 2026 13:04:34 GMT",2026-06-14T20:37:50.793203,impersonation_identity_theft,True,False,candidate,https://www.socialnews.xyz/2026/05/31/tripura-cracks-down-on-illegal-infiltration-over-3700-foreign-nationals-arrested-since-2022/
fake government official Tripura,Tripura blockade called off after talks; surrendered militants press for execution of accord - The Hans India,https://news.google.com/rss/articles/CBMi3wFBVV95cUxOakozWGZ0SEU2TE5DMFM4VWIyb2E0WWhKT2tTQmw4UVQ4bGVmTkhEOG5lblNrVTVFYUJnanFlNzJMQnE4YlpDMGlmbUU4WWtFWkM2R1lJcHlwb21WcDVxNmkyN1lpUkdkZUtTSU42cXdSYmJqRUtGVy0xUnpva3FYM0YxejcycXFpS2gwZUJ4TmtBQ2JQZnhUOXliUFpnZFcwUW85Ty1kdEdjNDdJZFRDdi1Gd3pnMzdFZEwzQkJIbHJBQ3FOMG5FYmtCZTdXOWVhOFlJcEtUNlVtQ09qVENV0gHfAUFVX3lxTE5qSjNYZnRIRTZMTkMwUzhVYjJvYTRZaEpPa1NCbDhRVDhsZWZOSEQ4bmVuU2tVNUVhQmdqcWU3MkxCcThiWkMwaWZtRThZa0VaQzZHWUlweXBvbVZwNXE2aTI3WWlSR2RlS1NJTjZxd1JiYmpFS0ZXLTFSem9rcVgzRjF6NzJxcWlLaDBlQnhOa0FDYlBmeFQ5eWJQWmdkVzBRbzlPLWR0R2M0N0lkVEN2LUZ3emczN0VkTDNCQkhsckFDcU4wbkVia0JlN1c5ZWE4WUlwS1Q2VW1DT2pUQ1U?oc=5,The Hans India,"Fri, 12 Jun 2026 14:43:27 GMT",2026-06-14T20:37:50.793217,impersonation_identity_theft,True,False,candidate,https://www.thehansindia.com/amp/news/national/tripura-blockade-called-off-after-talks-surrendered-militants-press-for-execution-of-accord-1085532
spamming Tripura,Alia Bhatt spams Shaheen Bhatt with 'love' as her sister gets engaged - Tripuratimes,https://news.google.com/rss/articles/CBMisAFBVV95cUxNRkdTcEpNbjVIUUlWZEp1ME8yR0J6Q3pzbkwtdzRkLVlRek04NnJaYWprZld5WHJpQURoRXE2by1sbDhlTFpGRkRoYWZkR2ZnMWxTS2RQcm1UU2Vpbzl4Z0I2QkgzOVAyVUFEUzR0ZzVWLVNJaXdiOUk2ZU50MThzU3NmanVHNUlhSmwxRnBSX1RuSzN4SjZHQmpYcU1kOTY5ZWRpWlRiUDM1eUI4QTdIRw?oc=5,Tripuratimes,"Fri, 17 Apr 2026 07:00:00 GMT",2026-06-14T20:37:52.538056,spamming,True,False,candidate,https://tripuratimes.com/ttimes/alia-bhatt-spams-shaheen-bhatt-with-love-as-her-sister-gets-engaged-36540.html/
spam call Tripura,"THCL Invites tender for Tourism and Cultural Promotion hub at Gandhighat Agartala West Tripura - 2024_THCB_51509_1 - The Sentinel - of this Land, for its People",https://news.google.com/rss/articles/CBMi4wFBVV95cUxOOUF0Qjh5T1J0NXBWMEZHZmh6OHpkdmV0NFQ4azVFdUJRUGpScU15S2gyZlBvb1BJX2h4QTNJLTctNEx4UVk2d1ZzQzZOLVFBSUNuMmEtRnllX0xiR2lDQUNzSlpNVU5LMGtUQ2tEWENsTUZuZ21CR0Zza2lndFc2SVlyV2JzY1V3TE1JS3duU0xQNlBGdkFSNlFPZDBlUjJPWXVaVl9KbWFUUjhjRHdoYTVhNWhOR2UwRVN2dFJsMW1rYnlZRHBTVXJ2bnlkYzZpMGNVbTRoNC1zQVM3OFZwYncxRdIB8AFBVV95cUxQLW53OHVXbTM1cWZwZEYzOUw4Q2lyVWFhMl9ZakxNeWhYM21qazBoX292djJSazh6dXZlWVFyek50V0R2dy1vQnpYY3E2QnZOX1Z3OXRvUjNlc21TN3BtTkh3RE1xM2RBbmxkWDRHN3RPLTRfd01KdmpJUXdwM0ttbXZDMUtzcFEwWV9qTjcxWF82MV82YW10QmluN0xVQWk2QmtfT2xNN1lCN3RPd3J4M1FfVkNyRGJyX2tiNVBucE03bC12MFkwWmNUTWwtN3NBRUdlTjF5bVd5blBISXZQcldSY2ZPalgyU19SYld1T2I?oc=5,"The Sentinel - of this Land, for its People","Tue, 20 Aug 2024 07:00:00 GMT",2026-06-14T20:37:54.086411,spamming,True,False,candidate,https://www.sentinelassam.com/tender/thcl-invites-tender-for-tourism-and-cultural-promotion-hub-at-gandhighat-agartala-west-tripura-2024_thcb_51509_1
spam email Tripura,"Tripura's Latest News, Views & IT Portal - TRIPURAINFOWAY",https://news.google.com/rss/articles/CBMi6wFBVV95cUxPazhXaTJUelFnWndyNGJ3ODZ4cnpMbGhRWGtnMVlTU1ZOcDM3TnYyVHdlbnJhNkk4QnNiQ2o4Y3FZVGp2eFJXcFlMbVBMMGE1MjlvMGo0UUhWc3Y5cG9YOENGYTFBeHlLcEpkWHVuTFhtRG5mVHh6NHpmM0pXVnJQVzNyeUF5MmFuNF83SGZHdHptcHdhcTFtc2VBcGt2Q01vOUxodEJMRjc2TXBJa0RhaEtwN1BWeXVPTWRkZl93Z3FkdVh3MzFTU29aSDFWemFVUzVHczVfakxHOTRia1lScXdydWJOUVZqMHJJ?oc=5,TRIPURAINFOWAY,"Mon, 20 Apr 2015 07:00:00 GMT",2026-06-14T20:37:55.820973,spamming,True,False,candidate,http://www.tripurainfoway.com/news-details/TN/25007/ils-hospital-a-patient-s-diary-a-part-of-tripura-rsquo-s-health-service-rsquo-s-terrible-condition.html
email spam Tripura,No Nipah virus case in Tripura: Official - The Hindu,https://news.google.com/rss/articles/CBMiqgFBVV95cUxQVWp0aXJCdklzSjczYUo4SnZzclQyamxqNmJtLUtIc2NuUVVyMURremZSdjZ0NVA1LWI2Ti1EVUZQLWRXUkVEd3VjQXhja0ludW4xbzdFMkIwRnI5blpqNmsyZHVfSnZNZE9WcjVoRWtjTEJXZGFzd0hxSWdCYVMtOFB0OVhQRjdGLVdZZHdzdUNHYzRTWkRNekFMRzlMamZidldHWW5XbURtUdIBsAFBVV95cUxOM1EtNTZsbWxqanFWbTdic01WM2tLOXlpRFNtZG5sQ0w0cVp4Q0NTWlhyVHpmbFdRTWtuWEJyZUxsbnE0VkNiNzlGN3BTN3ZCaXZqczBYZV80M0JzMlhvbEl0VHlkb2ZPZjJpcjJmc2NmVFBkOHNTWU92TUw0akw3NFh0U25UendNbVhUbWU3c3JzRnl3STBaRFp0ZnAyTXRXeldBdm9sMXpxakdvSXhlNw?oc=5,The Hindu,"Fri, 16 Jan 2026 08:00:00 GMT",2026-06-14T20:38:02.441995,spamming,True,False,candidate,https://www.thehindu.com/news/national/tripura/no-nipah-virus-case-in-tripura-official/article70514682.ece
email spam Tripura,Tripura CM Dr Manik Saha Urges Vigilance amid Nipah Virus Concerns in West Bengal - Northeast Today,https://news.google.com/rss/articles/CBMiugFBVV95cUxNSkhwTGhTeGM5MFFIdlFBTmQ1RXEzVTlwZVdPWEw0SGI1cTFzbHhLaUhuWHM2WDlBQVE0Y2k5ZkxpR3Y1UWZja3VmdTJ6SHpJdnFMVHNWeUduV0pVZEZsV2Y0YUVNY3NQRF9HX1V0U2RQbl9FMUtqTVBKeGtBUmVhVjhCU2dxOGoyM1Yydmk0UTlfdWp2cTRQRXV3b05Tck1FUWdQYVc4S3dhaHhfLWw1a0NTRk1SRGhiWEE?oc=5,Northeast Today,"Fri, 16 Jan 2026 08:00:00 GMT",2026-06-14T20:38:02.442040,spamming,True,False,candidate,https://northeasttoday.in/northeast/tripura-cm-dr-manik-saha-urges-vigilance-amid-nipah-virus-concerns-in-west-bengal/
email spam Tripura,"No Nipah outbreak in Tripura, Health Dept fully prepared: NHM & Health Officials - Northeast Today",https://news.google.com/rss/articles/CBMiswFBVV95cUxPcjlEbmQwbXRfMVFYMWRIY0twNTQyQkNPWEtzNVU4RGw3N3ctcHRPaUwxM0gxUGZnTC1mXzRidzFTNmx6NXNaMlAwSk5RSFZzc0lEUFVDMFhuRU91cWtCdW5IOHViU0FxVk9oUkJwVzNGa0Zsa3dhUjNBNFE0R29SUUNPRWxnY280OG1ZRFpIdVVKU0pIZWR2QTNHQ05fWTJJS2tWb1JfdDE5YjlmN1lPQ2Jndw?oc=5,Northeast Today,"Thu, 15 Jan 2026 08:00:00 GMT",2026-06-14T20:38:02.442127,spamming,True,False,candidate,https://northeasttoday.in/northeast/no-nipah-outbreak-in-tripura-health-dept-fully-prepared-nhm-health-officials/
ransomware Tripura,Government cautions Internet users against ransomware 'Akira' - Tripuratimes,https://news.google.com/rss/articles/CBMipAFBVV95cUxNZDlLR0h4MTBpYndDWGJSeTBLdEZVWEkwNWhXeW1aWU53Z09kNG1Ma1ZtdHJaZnpoM0QtM2tkRGJua0FGSlNqbGhLcks1TkdjZ20zbHh4X21JRFRKdGpsUWJuWUhkS3NJLTk5X29TUmUzb1RTRmo1NXlwaEZyYklHSDlZMWZ5ZmVTa2FROEF5Q0t5Y3J5OWtJMGNtNTNoRXhwWXVMZA?oc=5,Tripuratimes,"Sun, 23 Jul 2023 07:00:00 GMT",2026-06-14T20:38:08.937199,ransomware,True,False,candidate,https://tripuratimes.com/ttimes/government-cautions-internet-users-against-ransomware-akira-8902.html/
ransomware attack Tripura,Tech Mahindra And Rubrik Announce Partnership To Deliver Advanced Cyber Recovery And Resilience Solutions For Global Enterprises. - TRIPURA STAR NEWS,https://news.google.com/rss/articles/CBMi8wFBVV95cUxONlVGMkdWTHVzSHhfOEdUVEw0b2RxbHU2WEw3aGpBamM4VjR3UXItRmMxY29icV9STDBDMW1TRmR2MXpDdHZCaXZkcE1aV0NSeG91Xzdmd2xZcElKcVRoNU5ST3BBa2NzVEcwMDlwWmtfZ1BMbFViR0VRYmRLR0tKbzdYdzFaYXpYWlNHUXlLbTE3dnJOdTctQzluR2w0WFNBTGlLRm1ueTlQc1F0OG1YNU8zeVgwTEN1cWFLTU1xTUxSVHRGTWd4Vi13eXNKS09kcEU3OXRiQXhzVFptS1piRy0zRjFoZnZORzMxRTJjR01LaTQ?oc=5,TRIPURA STAR NEWS,"Wed, 11 Mar 2026 07:00:00 GMT",2026-06-14T20:38:10.734343,ransomware,True,False,candidate,https://www.tripurastarnews.com/tech-mahindra-and-rubrik-announce-partnership-to-deliver-advanced-cyber-recovery-and-resilience-solutions-for-global-enterprises/
ransomware threat Tripura,Kobian continues the Mercury road show series in Gujarat and Tripura - IT Voice Media Pvt. Ltd.,https://news.google.com/rss/articles/CBMilgFBVV95cUxPdElBaXlnU2RQalg5OWpGQkVGcWRaTFJ4V1FlV0RmY1N1OWJYQXhlWUc3UDEtLXVMVWhzbWdFZWVMWmFzc194NlpZS0pmbC0tWU1FMHRyMWxzQ1JDeUJqSG95ZmExX0NOalpudnVHMVBjZzBucmNkNklKU0ZJZWlBdG5fNTlLUVp4RXF6M2JuMndsalJXVmc?oc=5,IT Voice Media Pvt. Ltd.,"Tue, 05 Feb 2013 08:00:00 GMT",2026-06-14T20:38:12.495732,ransomware,True,False,candidate,https://www.itvoice.in/kobian-continues-the-mercury-road-show-series-in-gujarat-and-tripura
ransom demand Tripura,Railway link to Tripura border towns soon - The Times of India,https://news.google.com/rss/articles/CBMitwFBVV95cUxQZFdEbzgyTVJnUmk3M05UUG5lTkNQOGhIeE9FZF9iQi1uNVA4Yk9QRWFnajZoNzZUN1NqVERRejFraTE0ZWxBTEpVRTZKaGF6TWtMWEhuY3dqQy02Q2NQUHctcTBXRTYzMlNvbXVqMmp2bkxqTlRDRWp4cHlDRHFiZ1JUejYxNHF0a2hGZW1FeE01d0pseWVRMFJxMUdfeUFhbThjZUcybkU5WldHQ25lTVhhQWRxSHfSAbwBQVVfeXFMTlJWSTVpV2c2al9nUlU0MUVZc09YZzFoR09waHNRSHVGMVFuZElLTndocEFKYTNPMjVWRmdJNVdBSzhMekVBTGxBdnZ4SjZqWTgyRWpKZGJtZE4zOG12TlNBU3FUb3pkZEw3Rm5VaFFRM2U4RWF1WDJ2NUJnWVNxWms0SFZKUGFPZ0hQWWRiT0I1Zmtud1VXWG03eXhxQUJIdnZQMHlpNDBXM0hiQUhPRWlpYkY3akNOTGpyZ24?oc=5,The Times of India,"Mon, 30 Oct 2017 07:00:00 GMT",2026-06-14T20:38:15.727740,ransomware,True,False,candidate,https://timesofindia.indiatimes.com/city/agartala/railway-link-to-tripura-border-towns-soon/articleshow/61332155.cms
ransom demand Tripura,A Minister killed in Tripura - Frontline Magazine,https://news.google.com/rss/articles/CBMiZ0FVX3lxTE9DTmVPMG5oS1o1Q3MtYjRFV3UyM0VyVFhCS083Y3ItMGpLQ2ZyYjRRRTVoMGplbldEZjVzZmZCWEZOcEgtYXRxUEhxbU1DblFqS3NIR1hOR25HREpvSlJkNHJNcjNWbknSAW5BVV95cUxPc2h6TXNPRm9vNzlXOHZ6dXJNZ1E0SXlqOVAxSmpkd0JCSnZaNGM3d0R6YlU3eDZCVURiWUk0QUpjV3NHMkR2VEt0ZjFSSWN1cEd4LW9YSjZDUTR0NFpLVC1TbElMa3dKcXNNT2FQUQ?oc=5,Frontline Magazine,"Sat, 11 Apr 1998 07:00:00 GMT",2026-06-14T20:38:15.727754,ransomware,True,False,candidate,https://frontline.thehindu.com/other/article30161226.ece
ransom demand Tripura,Final electoral rolls published in Tripura ahead of assembly election | India News - Hindustan Times,https://news.google.com/rss/articles/CBMi3gFBVV95cUxPQnJpUERSa0VQTWRsUDlMOVRtekhDWVV3MVhUNHdmTnFkU09faDYyN2pXZTQ2bmM4UHJWdUZjUkNmMkdUeEYwZWZCek9sTmZnbmZBRDNEOG9IUlBRUHhnaEVsR0ZWUGhRRDNxQlJhNjlTTEM2cGc4UThYVHpiMEdVQkUtS01ydEZKVjZtZ1FmeWJNZUdGUm1EQXZIUFAzQWNuUlI1WUQxUVNqdVNqSEI2VXZzRk1WR2x6YzFUWDNBbFhBNUJoMGlvOUdxSjFHa2pZMXpyVE9oWlI1czBodUHSAeMBQVVfeXFMTWp6cUl6NlVRUlVmWXNLMmVrZjNxcElnT2tQOXJlVXl3S2pWM1RkYTl4SHREMWc5WDNQbVBTZkFmX2xHTGxlajJSaHJHUG5KUTlxbVBYZURmZlRDWnkyX1NHeUNzUnEweEM0b3A5aUg2QjFjbDBHVEotOXRPYWpnT1FQLS03ajZud2haMmxfN2VacF9TVFZyM0dRaTcyNmhHVGxKbEEyX2dkbGo2RG8tZjUwc0RVSkktWDRJVVFzVjYtdzUzVWR2TVFYUlU4YkJsRVVaNGRob1RYQl83Nm9SeVVoMkk?oc=5,Hindustan Times,"Sat, 06 Jan 2018 08:00:00 GMT",2026-06-14T20:38:15.727766,ransomware,True,False,candidate,https://www.hindustantimes.com/india-news/final-electoral-rolls-published-in-tripura-ahead-of-assembly-election/story-pu0IFcezKLN3QdEGX6tgHP.html
virus attack Tripura,Cambodia hits 2025 HIV targets: health minister - Tripuratimes,https://news.google.com/rss/articles/CBMikwFBVV95cUxQWFV2UGNWS1hkSzJwME80NTVuS1l5ZkhoNXFRMXJZY0piOXdfLXlyUWlYLUg5UlV6d0t2ZTg1OW1FUnJSQTh5ek1ZNlRkSC1wSlZtal9xa2dLYjRfeHpkSTN5NUFkTDFVU0N4RkxoTVlsUy1nN0stUmRBdXprOEhJSXBuWTQzY0pfNmVuN1NHSzNqdU0?oc=5,Tripuratimes,"Sat, 30 May 2026 08:36:31 GMT",2026-06-14T20:38:23.200478,malware,True,False,candidate,https://tripuratimes.com/ttimes/cambodia-hits-2025-hiv-targets-health-minister-37593.html
virus attack Tripura,S. Korea expands Congo travel ban over Ebola outbreak - Tripuratimes,https://news.google.com/rss/articles/CBMimwFBVV95cUxOV1p1UFEzTTd5SWZyMjlpeG9Hc09iVTJvekZUV3UxaXNQNllqU0U5Nk9OckRSSWVocHJ0cmo3YXpTWk9BbTFyS0l2NG9hSktRdkR0cG5QeElha0w2VGo5RGlwaHcyejR6WURUbG1Ed0R2Z0lYYlJuRDNjd0tGTHVwak92bmc5Q0VzbklnRmRTNEk0cGpXRExzVEhqVQ?oc=5,Tripuratimes,"Fri, 22 May 2026 07:00:00 GMT",2026-06-14T20:38:23.200573,malware,True,False,candidate,https://tripuratimes.com/ttimes/s-korea-expands-congo-travel-ban-over-ebola-outbreak-37391.html
virus attack Tripura,"Tripura can emerge as IT and data hub in Northeast, says MeitY Secretary S Krishnan - The Indian Express",https://news.google.com/rss/articles/CBMiqgFBVV95cUxPa2FsMEhMaWVRbXZQMFphNE1EbnJSZWFIdXgtRWY5UF80U2lZd2M4S09LWVlvQ1lPRHRScXFudGY2VVVjdmF1YTUxRlQzcjVoTmlUZ1p5YldlejRJZHpjM0NxYV8yNUJHTzA5WmJUVmtHalYxc2U5bVRVMXFITzlpWlNhaG9JX0RTamtrUFpNV25kdEJiLV9YRGJRY1d1b2VsV3ZFXzlIdWVYZ9IBsAFBVV95cUxPRUdGVXF4WE9hOGY3WU1FN0l2Qlg0d2pGdURCcjVwTmtfQXVYMlVlbU1WUmRMNmVWWWJ0MnJlellia0lTdmdteHBWbWZKX1ZOdk1jVm1sU1l6cXVqYlNYZnF5SVFxakg4VXdXckJ5Q3dkaG12VFV3Uy1oSjRpOEUydzEyU0RKS2Q0TUJrQ0otcUdoSE1HRVNKQWIwY2I4dzR3US1jNVRQQUI4bU5KdnNaeA?oc=5,The Indian Express,"Tue, 11 Nov 2025 08:00:00 GMT",2026-06-14T20:38:23.200598,malware,True,False,candidate,https://indianexpress.com/article/india/tripura-it-data-hub-northeast-meity-secretary-s-krishnan-10359872/
virus attack Tripura,Tripura centre becomes first in NE to get ISO certification - The Times of India,https://news.google.com/rss/articles/CBMi0AFBVV95cUxNS1h3dXJRSlNvRF9pUW5CX0hacEtYWHN5dG84RG5UNHNWNEdhWTU5azFvZUVZR3ZodWZSTG9zN0tGcGFqMnFXSlk4WmFTV0phUnViZFFrRGJmODdNNlE5TEFLMGpxZHBXeTA4NzlIU2swS2JKc2dQVHJ4WVpMb2tDNmNLV1JPelNyY0J5SDI3Z21tZG85WXNud3poaXJ3bXljU2JWcEFlVGlpc0FWaGJNd1Y1YUg3RWNMaFljTXFVSEpEWXByVFRvTXNzZGdIMm810gHWAUFVX3lxTE1ma2p4QlpNSVJjNDdJTzVnUUhDejBNakZhX0RidlkwdTJ3NGhyeV9rR1p1Njg5VHcwN3o2eXFsVTk5UTlKYl8wbnhUc1hlSUpGUURXZU9CdXQ3NkV1WlhCU2Vlcjd1cFU3eTlzTm9yeVFXWk56RU5tRGNKTkt6VG5zVjczazJGTnJaY0FMQVRkeVFrNGUxOG03WUx6eWZFdjNfUm1XX3M5VTk2M3VXVlplcU9CLXBqS1lsYnZGMHhfcFhPRU1QUWhoZzRlX2UwdmEyVVFhTlE?oc=5,The Times of India,"Fri, 02 Jan 2026 08:00:00 GMT",2026-06-14T20:38:23.200647,malware,True,False,candidate,https://timesofindia.indiatimes.com/city/guwahati/tripura-centre-becomes-first-in-ne-to-get-iso-certification/articleshow/126293489.cms
virus attack Tripura,Pahalgam: Tripura Police Face Allegations of Bias Amid Arrests for Social Media Posts - newsclick.in,https://news.google.com/rss/articles/CBMipwFBVV95cUxPNFJNMUJpaVNpcFdXTm8weVZGMzFTR050YkZjQnFTNzRPY2laanAzbmtMVVBaaGNHNlJmc3ZldUQ4NFYxSy00Y0xTRXo5cmRNOHhyQmNEbFlYU2x2MS1RYV9qQ2xLNU03Y0oxZXR5SFBfYVFTTnZERjROVDBWVHd3UHZlNzUwT25qb1JFbTgxWVMzZTJLaGJHQkVhUEVTTVN1MDR6QWhtb9IBrAFBVV95cUxNVzhoTno4dDE0QXhDVW1RbjBXOHhLVWdWazhMNmRCdFdBU1p4VW5zWGJhSDZ5WjJVTEpsbkdCeTRHaVlMRGVMRnFRYVg2Wm5nMzgtVnhzNkpISWZFaFRBNno1bm1pdDJaODNXWGZ3dng3YWw3bk1HNU5idFNMZUNvQ1I2d3Jwb3YxamVNMVVGcGdqT1hLQnRPV2lEUmlZeFpvWlZmekhtZzJtblB6?oc=5,newsclick.in,"Tue, 29 Apr 2025 07:00:00 GMT",2026-06-14T20:38:23.200659,malware,True,False,candidate,https://www.newsclick.in/pahalgam-tripura-police-face-allegations-bias-amid-arrests-social-media-posts-0
virus attack Tripura,Villagers erupt in protest after elephant kills elderly woman in Tripura - The Hindu,https://news.google.com/rss/articles/CBMi1gFBVV95cUxQT1hWNnNtODJ6eFYxZGRpZmNCakNLZHppQ1QwR213dGZZMm1JMkV0WW4zUlpNUk4wZmhiR3NwdlE0YmtCYVRBaEhjZlRCSGZ5b29oM000QmNvMDlVd3JSR05FYk8xTzMtSmpoWU5PR1RpRXdzaE1oQlRqNlhCSzc5T0pfSkNHcDZvVTgxWGtuRVNMZVJYaTF2MUpLamxIUGhGWW40RkxYLXNyR1l1WmRRWnI1Y3JXV0ktR3JtLVpESkVvQTVkMW5wWmhybnpZb1R5M2F3NmhR0gHcAUFVX3lxTE5VV2J6NTlzcVFOR21yZ3Y3RlBxcDhVM3lkVzJkdUcxaXNPSlFIUWUxTFZORndCOFdsQWQtZE9vam5HZ0EwQWJrYjF5OGdEcm10TmRqWHgyRFZnQkdMZlZaTENHbDg0Y2JLeE53eTJvaUI1ZEpiQW9PeXdGZEJDTURKbXBucHVxRmNoNkVob05STjNQZFdHeUpUTUJSemdEeng0TnJzdTJCOV9ZOFVTcjF6c3NpbUtUaTBraFRZbTZKRFFBd21PdWQtbE45VzFUT3lIeE9kN3dzRU92dnA?oc=5,The Hindu,"Sat, 04 Apr 2026 07:00:00 GMT",2026-06-14T20:38:23.200707,malware,True,False,candidate,https://www.thehindu.com/news/national/tripura/villagers-erupt-in-protest-after-elephant-kills-elderly-woman-in-tripura/article70823526.ece
virus attack Tripura,National Consultative Workshop On “Strengthening Cyber Security Frameworks For State Data”. - TRIPURA STAR NEWS,https://news.google.com/rss/articles/CBMivgFBVV95cUxNSDFxbEowVDRxQXRzS3RnNU14dnRIZFlnZExrT1haaUhfN3NDbHVTajFSeFBnWU44QjFseG9ZcUpQdmdsRTNOY3BPN3lIMUstWmprdW51eDVnY1k2bWlYVUYxa2tDT0lQbi1aYmVoOGgyNHZwWFpGMEl2S1ZDdmFuYjZ0SzIxeV9jS2xWTmMwWi0xX3lMOGxzb0h2NjZGNDVBVWxEMnh5LU90NDhON1UzaFpUWGhRVXI3bWc0MTBn?oc=5,TRIPURA STAR NEWS,"Sat, 16 May 2026 07:00:00 GMT",2026-06-14T20:38:23.200731,malware,True,False,candidate,https://www.tripurastarnews.com/national-consultative-workshop-on-strengthening-cyber-security-frameworks-for-state-data/
virus attack Tripura,Muslims in India’s Tripura remain in fear after mosques targeted - Al Jazeera,https://news.google.com/rss/articles/CBMikAFBVV95cUxPZjlyQU1PQmJ6bC0zYVlTWUl3YnpYY1FfbjZfVG9RSmxsbFQyY0NDOEhranh1cjhXSFpoVG5fcVlQVG9EZHRIZGdMTDhhZU40TXhLU2kzMnBQS015UE1aRWF6YnBFeWpNckEyZm1HbjBXOTNJRW9Mai1MVENnZE15UDdVQWpDMmQxRlNOdkcwSjPSAZYBQVVfeXFMUEFkRUhkTGMwWE1lMEJ1aUx0R0VIemp6QnZxaGJtMTNSSXhZYS1SU1dnREU2dTJOQTFLZE9fMGlkaTBnZEZrVTYyTFdPSUtaRjhrWjNjYU1iMXA1RGhhdDZIUHkxd3JVQmtKY1RXbFhUQlB4YkJHSzNqUkc3aVJad3pfTFppMGhGRENYNFFHMXRyclhSVXp3?oc=5,Al Jazeera,"Fri, 05 Nov 2021 07:00:00 GMT",2026-06-14T20:38:23.200768,malware,True,False,candidate,https://www.aljazeera.com/news/2021/11/5/india-tripura-muslims-mosques-violence-bjp-vhp
virus attack Tripura,Six dead as Rwanda battles Marburg virus outbreak - Tripuratimes,https://news.google.com/rss/articles/CBMimAFBVV95cUxQY3JCU2MwTlZwa2xkWEpod1VwY0M3YmZ0Z0VJam9OOGxYR1ZWUE5weVZQaF8yZ1owWDE2bUlVQWZvbEhjNDFIWVBuQ0ZTMWoxU3FRaXJ5dUY1a3lwN2stMzYySFp2T1oyb2pkMWlVUXhCQTdRcEdMbXpXSGNaTWNHbFFFc1lpOXVFWEFIWGNkaHo1UVFWdTlNUg?oc=5,Tripuratimes,"Sun, 29 Sep 2024 07:00:00 GMT",2026-06-14T20:38:23.200793,malware,True,False,candidate,https://tripuratimes.com/ttimes/six-dead-as-rwanda-battles-marburg-virus-outbreak-20169.html/
virus attack Tripura,Tripura student death: SIT takes over probe; Dehradun police say no evidence so far of racial abuse - The Hindu,https://news.google.com/rss/articles/CBMi7AFBVV95cUxQckRGazZseW9xdnZuczk5dDBoQmJhVTE5Zk00Qk5MQ1lYcmtQUGNiREkyaDJFRWtnOVFGLXA2U191S0xWRGVaY1cxTUtNLUJHMzJVek03RDBNbUR2MEtDVUowejRZU0JoYnpMZHUtTnpxWTFjaE5QRWpBM1gyaHRVY2xsQnpFdG1JRXRfLTVrOF9XcFF3SE95RHB4RUJkMEdnWFc3QmYtLUtYNEdVUml2d3h3ZFNFUUpLejg4NGZ2U3ZNSUtlZEVOZEVzN2E1bTN1NmdQR3NITGJlbHZWTDlWZUl5YnJJczJHVU9tbdIB8wFBVV95cUxPYTd6bG5uWXducXBKQzZHa3gzNzhRajNoQXNQY0lCUzltd2M0M2diMklPamo5dHVkNXVJLVVhMHlreVVwWGVGaXFXa180U0Q3THdTVFNhVlpuREV2X3E5MzJ2Y28xY0xZeDk3ek1KUW9qUTkya2puODZVTTJyWEpXX3BJbWJ2bnlEUnVwOHBVNGxFemJySHljRlNUN3ZOX0RXNlRrZDdOaktfcUxMT2VyRXNOSzZCQkJFU1BCcmkzbXNSZFRSdFNYbDAwOHdZZWF5eTFjcW5RbXNjSXJXQjdHOE5yVF82YkFwLXRoT0RFa1JRZms?oc=5,The Hindu,"Wed, 31 Dec 2025 08:00:00 GMT",2026-06-14T20:38:23.200806,malware,True,False,candidate,https://www.thehindu.com/news/national/tripura-student-death-sit-takes-over-probe-dehradun-police-say-no-evidence-so-far-of-racial-abuse/article70455996.ece
virus attack Tripura,Tripura SLDC Becomes First in Northeast to Earn ISO/IEC Cybersecurity Certification: Minister Ratan Lal Nath - Northeast Today,https://news.google.com/rss/articles/CBMi3AFBVV95cUxQMUh1NnNacHJlVHI3bDNYUzJiOWFJLXU5LVlEd3FEZl94QlNtMjJRSnBuZUQtcEg0VG1sZk5kN3ZLbGFpdkUwV3JpeV9pekktTlc3LURMQmxFVTV4UVZDVjZPYXJCM1B5WTdlZm41LWNzS19YSlVtTHBWa0tGelZrMXhrYnJFR0gwVFVGa2t5NGxNR1JzSXl2bnBmOHpMRTN2blZfZ0ZQUXFwdmU5STRGTEtOOEsyN29nNEU2SV9CeDVNX05Xb2F6eVlvTVRpLUtwVmhIUFVmNy1qbG45?oc=5,Northeast Today,"Thu, 01 Jan 2026 08:00:00 GMT",2026-06-14T20:38:23.200830,malware,True,False,candidate,https://northeasttoday.in/northeast/tripura-sldc-becomes-first-in-northeast-to-earn-iso-iec-cybersecurity-certification-minister-ratan-lal-nath/
virus attack Tripura,BSF thwarts smuggler attack near India-Bangladesh border in Tripura - Telangana Today,https://news.google.com/rss/articles/CBMimgFBVV95cUxNci1DbTFZNFQ0bERYVExrODR3blhOd2NlSGJ1Uy1rX3NENFJIN21XdU1qZEdpWlIxY29PMHJIMVdHaHFDZW1CU3U1U1d4eXl4TDZKQUNZSGl1eHF5aENhMlo3bTNmZVZXZmRJQ1hBN0hyWUMzS2c0TWVqYjY5UnF5OTN3RjlGb2FGdUYybkJYNDY3dlBySG5LMTdB?oc=5,Telangana Today,"Tue, 07 Jan 2025 08:00:00 GMT",2026-06-14T20:38:23.200864,malware,True,False,candidate,https://telanganatoday.com/bsf-thwarts-smuggler-attack-near-india-bangladesh-border-in-tripura
virus attack Tripura,"Cases of Nipah, Shigella in Kerala; health machinery on high alert - Tripuratimes",https://news.google.com/rss/articles/CBMiqwFBVV95cUxPcVRWenlhV1VfbXB4S0hlS3lUSWltRHZkaE9RbnlWNFZ1UzR2X2l2S2N0YWFjU3ZpQm85WE5oSUxnRmo2MDVYc2U3UHhPTVYtVXJtTVdaMnNuME55cjB0ZUl6ZWlhVlBaaFR4R05vX2FuT3N0MVBRQjBSei10WVd6b3llanhZRWQtaHpWVUgzeHVtMF9aMzhmYUVWdnhGal9UZVNxMS1CSWstejA?oc=5,Tripuratimes,"Fri, 12 Jun 2026 08:29:40 GMT",2026-06-14T20:38:23.200920,malware,True,False,candidate,https://tripuratimes.com/ttimes/cases-of-nipah-shigella-in-kerala-health-machinery-on-high-alert-37902.html
virus attack Tripura,Kerala on alert after Nipah case detected in Kozhikode - Tripuratimes,https://news.google.com/rss/articles/CBMingFBVV95cUxQMUpEVVdCN1p5ckNSelg4STFpbFVzNERnZm1WMzdwbVl3RFNzZVdEekwxQXhmTXJyUmRHVWVwTlYxYmo3SFZJaDJGeDBicEdVWmRzcnFtMGFsUG1kdXJaWUlZdmU3RktkR3ZMSFM2VkNMOHI4N3VIVTRBaEdRTEVIWVd2eHprZTljaFA5VXBHc21pWTdlc2RQbVlObzhJdw?oc=5,Tripuratimes,"Thu, 11 Jun 2026 08:48:01 GMT",2026-06-14T20:38:23.200931,malware,True,False,candidate,https://tripuratimes.com/ttimes/kerala-on-alert-after-nipah-case-detected-in-kozhikode-37874.html
virus attack Tripura,"African swine fever detected in Tripura, culling of pigs begins around epicentre | India News - Hindustan Times",https://news.google.com/rss/articles/CBMi2AFBVV95cUxOLU83bEhmdGc0V1pWRG9WTHpRMlhTUzVyN04tVWhmODlSS2VwWW16SmpidTJsVkRJNHcxNnVFSEg4NWZPZDhiZDhvbW8zR2FpNHItNnRIQlZfelk4eENYc1NmNkZyc01WdmxwcDRLWGFKR0hQZzVobU5nNi1KbkN4RzQyRUowekhQR3YzVTRidDlEWm51YUlCU2lRLXNzeDVYZzZXbjVnNl9nd1RyTGlSclk0YTNfR3RmSGJIanlvQjlCNDU4Q2sxZ2huc0dhUEJnTmJGR2FzcmfSAd4BQVVfeXFMTndmaFprbjZFbDlIaW9ObC1PV0NsQnJPQ0hzYTMzMUtraWNwMzJpUDFOVGNyY1c0UGtGOHJFeE5TUXdWaEREZmJ0cC1aZFRUUXBDRlo1SWNSMEQ4cE5DUHh0N3FXNjRKZ0ZmR05VQlpac2swNW9Za1B2Q0VhX0YtNGFTUEpJTm1EM29TaHBLckNsVFpSb2o2MWpBUXhkMmVObVdzaldXMUxiazFLbGhrUDltNlFBU3padGhHNk5OMVhvUXpKeWRTQmU3MTIyaXRITnBhaU1sNGd1VXJ4d2pB?oc=5,Hindustan Times,"Wed, 22 Sep 2021 07:00:00 GMT",2026-06-14T20:38:23.200944,malware,True,False,candidate,https://www.hindustantimes.com/india-news/african-swine-fever-detected-in-tripura-culling-of-pigs-begin-around-epicentre-101632280141841.html
virus attack Tripura,ICAR-NIHSAD Bhopal named containment facility for rinderpest virus - Tripuratimes,https://news.google.com/rss/articles/CBMirgFBVV95cUxQbkVLMDJrM3dQY3U4RURJd3hady15Nm9uTmRDTzRiNWVOWTVkSFRaRlpUVHpVanNpYUVrU1R1V2Q3cUs4VkpPeEtOb3BOR1FpYncyUUY0RkJJR2VqWUl1X3VVZHoyRm1lSWh5N0d5NEJPZ3FFQUFiRElVMkdiS2xvcGIzc0lReXg5SlFmQkE5UzVNRTZBM3dwS2tyOGNHRFJhd0pPYXdEMlYwS1h4ZEE?oc=5,Tripuratimes,"Mon, 16 Jun 2025 07:00:00 GMT",2026-06-14T20:38:23.200956,malware,True,False,candidate,https://tripuratimes.com/ttimes/icar-nihsad-bhopal-named-containment-facility-for-rinderpest-virus-28665.html
virus attack Tripura,"Tripura's Latest News, Views & IT Portal - TRIPURAINFOWAY",https://news.google.com/rss/articles/CBMisANBVV95cUxNTmx1RmUzVUJuaUJuSFg2c1MzNzBNMFVUZEd6UDBTSVNFUTAyV1daZUZNMFgyVlMtQnE5TmowSmVRUERPZGtZT3RNelRoT0ZOclIyWGJkQ2FKbi1HZTAwdVFZdmwxYU5iVl9UcEtaMWNHMzdJS1NSS0pvdkt4YVRBazlzMm9XV05heVFyXzdhYXp4VnVCRlZuYW5BZFh5cnhYUUV2MVJzemNwVG8yWUhyb2FlbXQxR0pCZ1VTM3BUUTlfR3Z5VWx0cEtBWUp4cDlFUDZQMXZyZGdVTk1faFRjV1pmSGNEVFEwLVZzUi1HY2lnQkl3LXZvaHQ2NXpQdmFkbzV4aWo0MEVvdE5CTFRoaExpT1VTc1hLVEtsbmhVaEFoeE9DMXNRVWZ2dkc2Skh2UXBjUUhkekk5TW5ya3FQejVZRUN0STRwM0xqQzVvVVYzdEtCUExqQThKYU1ndWtQSmY0TU5JS042alNNMG5mdC04VUdLbzNsc3JjNzFDSURqVVN6MDhpTnBrLXBIdnB3bXZvTU9semxYWU05X042WjhSa2hnVmk1eDc3U3NpZGQ?oc=5,TRIPURAINFOWAY,"Thu, 15 Sep 2016 07:00:00 GMT",2026-06-14T20:38:23.200967,malware,True,False,candidate,http://www.tripurainfoway.com/news-details/TN/64865/modi-rsquo-s-lsquo-act-east-rsquo-policy-to-secure-tripura-ne-region-rsquo-s-defence-preparedness-sukhoi-30-aircraft-lands-in-agartala-airport-as-part-of-defense-drills-to-counter-attacks-from-china-agartala-likely-to-be-made-a-new-air-force-base.html
virus attack Tripura,First human trial for deadly Nipah virus vaccine begins in UK - Tripuratimes,https://news.google.com/rss/articles/CBMiqAFBVV95cUxOaTlxU0Q3NDZzUVNOQTR3Y3dHTVZpaXVjb3VZcnZhcnZXbFVEazUyUGp6MFI2RVU5ZzBhRXpsSjl5c0FrS2pUUmZIbHJzeUZFQ2wwNnNVSXBpQ0V1OGIyQjBvUUU4azNJVDVCSjdpdDdhZzFmeWNaOHpTalVoODNkalJCaUFvOGhadnkyN0loRjFxYVlxd3RFV0c1XzRKYVJfOFVic3BYQ04?oc=5,Tripuratimes,"Tue, 16 Jan 2024 08:00:00 GMT",2026-06-14T20:38:23.200979,malware,True,False,candidate,https://tripuratimes.com/ttimes/first-human-trial-for-deadly-nipah-virus-vaccine-begins-in-uk-13643.html/
virus attack Tripura,Abhishek Banerjee prescribes Tripura dose - Telegraph India,https://news.google.com/rss/articles/CBMimwFBVV95cUxOUzRtVDZLaGJUQ2tmUzg1cXhfTXl0UGxtMUFDYThfa0FBMGhYZTFlTGlGeVN4dDlFMjBjZmZVTTVhcVJ6b3djT09YSnMyZ0Fka05lR1NPaEExRF9iMkpXalc0YkdMdjVMcWctT1V5WDlnV3phbkxTdTZvTUpmaDVUdXlhZ1BKRlZFYnAxQ2ZsMkF4dTlQTS1xdVJuSdIBoAFBVV95cUxPWjlqOVpYU2FBaWFJMExYYVZfenRjWTNzYUU3N2IyWkg5aWhKRFVmcDVPbFZkN19fUXI5TEx0Z2JFOG5FTFRpUnhWRFFkV00xaG5vblg0ZFduWm5NZTZCcThtTWpBYTM5ZGpUeUV6UWpmSy1Rb2wySVBEQ0twTTd3SmVnQ1FKczBQY1kxSWlGbXdaT21nMGdneV9MMW5YZndK?oc=5,Telegraph India,"Mon, 01 Nov 2021 07:00:00 GMT",2026-06-14T20:38:23.201044,malware,True,False,candidate,https://www.telegraphindia.com/north-east/abhishek-banerjee-prescribes-tripura-dose/cid/1836788
virus attack Tripura,"Bird flu confirmed in Bihar's Jehanabad after crow deaths, authorities on high alert - Tripuratimes",https://news.google.com/rss/articles/CBMixAFBVV95cUxQNk9TU3lPSzVhU0hFTnU0eWVHVHBtaHc4SHFPT0lPN0JlRHhQaTRpZXdudmNRREc4eXp0U3hwRmtmbDZpakhvNkV2VnhPSE1BYk9CaHZWUDN5ZjQ5YUJsd010TG4tbGpOMldMb2RmTWFwNDQtSm53SzQxU21XOUhIdGdHMzN6MUZ5MHhhek9GdUdLc0VXU0x2akVjRDB4R1FxdVh4RFRxYjYyOHd6UFZ3SG1qeXFYaWRWXzI2X3RzUS1SV2Ja?oc=5,Tripuratimes,"Sat, 01 Mar 2025 08:00:00 GMT",2026-06-14T20:38:23.201056,malware,True,False,candidate,https://tripuratimes.com/ttimes/bird-flu-confirmed-in-bihars-jehanabad-after-crow-deaths-authorities-on-high-alert-25605.html/
virus attack Tripura,Tripura all set for low-key Durga Puja celebrations this time - EastMojo,https://news.google.com/rss/articles/CBMioAFBVV95cUxNZE92UnJja0dvSjdJR2tyMWV5eXF4eTAtMU0xLV9VSVVUUGdieW9paEFsa0Qzd0Q3ZWdLczhKSVFDSnJfdWxGaWxrN09ybzQ1VlM5NU9qT2s4TzBKTFUwSG5IRHBGdjZZdGZpVk1FcmdOdjRfR3JNTzVVTHdxT294c2lyLWtWdFRVd21RSmh0VmhxOEJXeTNOd0dVYk1RTE90?oc=5,EastMojo,"Wed, 21 Oct 2020 07:00:00 GMT",2026-06-14T20:38:23.201099,malware,True,False,candidate,https://eastmojo.com/news/2020/10/21/tripura-all-set-for-low-key-durga-puja-celebrations-this-time/
virus attack Tripura,"HM Shah to review India-Bangladesh border security in Tripura, assess BSF preparedness - lokmattimes.com",https://news.google.com/rss/articles/CBMiwAFBVV95cUxNb0hzRjh1LVVIeFBiUG5sRHotMmpZLWdYUERrcG96Q0RmaFV2VEVoZ0VFYzZrVnhoSjAxNWJ5MWJPSWNPZ195TjR3Y19vcnRZTG9IMFZyMFp4SHV0S1BMTHVGLWEtZG5Pd0FBVHNWTy1UY0hLZlNyU3kyNUpBQVdxM0RXTWNvSzRnQmlsQ2UyTTRHc1pDSGFCYmZLcThkdTRkOFRrRmJIcEFYaWJnT3Z2Y081aERIdjlMMk5BNmxVSzU?oc=5,lokmattimes.com,"Thu, 04 Jun 2026 10:55:49 GMT",2026-06-14T20:38:23.201135,malware,True,False,candidate,https://www.lokmattimes.com/national/hm-shah-to-review-india-bangladesh-border-security-in-tripura-assess-bsf-preparedness/
virus attack Tripura,"Pinarayi Vijayan, KC Venugopal, among others condemn attack on INC-Left front delegation in Tripura - Mathrubhumi English",https://news.google.com/rss/articles/CBMi5AFBVV95cUxQdi16ZWpDdHdIVTVzcl9KeDNVaHZjSWh6SFV3ektaWmFMc082c0lpWWhjVS1HWTZ6VXJXb1UyR04wZG1PVFJuVEdBemdZeW9xWF9JZmQydEtsdWxtZXZrZ1FzR19MM0oxMDQ4bEZpdVRQMGNLWkpPNmk5NnVYR3dJbS0xQmdmZXVnVmNRMkh3aVZMdmpmbFlLcGpxZFhmWWhNbHdwY3F5VkswLWxJWVFfeTVjYVk4NExyMndKdno4TTBkdjBKX09VYS1nWUNVdTVpUTlWQjdLWkU2V05LNTlPc2UwZXPSAeoBQVVfeXFMUHM0UkloNGZOb3ZCNDFBUEFFSG5HNEpnSVRwTDFQNFhYOTlwT3N6NzUyRTJuNWVEZ3F4ejVGWHdmZ0RjdFNkZzllVS1McndST2J5Q2QxZ2ZlNFIxSmJHRmFUVkUySy1KQU1WUHhISHBaZ3lpN0M3OWVLZkV3cU9LX3dYMk1GRXlTOXZpMmZYQ1RodmtGZVdVUXdlSDVkVmJxeUl3V1hLTmRwaEMxd05TSVgxdHNFS1B5UFVCMWd3dkhNeS1oZTRXYi1Xa1U2MUJqSVktY2VhbGdnVVFEUFR0OGNIcEdMUGpKaExn?oc=5,Mathrubhumi English,"Sat, 11 Mar 2023 08:00:00 GMT",2026-06-14T20:38:23.201157,malware,True,False,candidate,https://english.mathrubhumi.com/news/kerala/pinarayi-vijayan-kc-venugopal-among-others-condemn-attack-on-inc-left-front-delegation-in-tripura-d6add720
malware Tripura,"AI is making cyberattacks more autonomous, harder to assess - Tripuratimes",https://news.google.com/rss/articles/CBMipAFBVV95cUxORFg5QmFHNENCVDBlX2l3dmVmXzJ0SW1NM1FfbjF6R2xCUG96SzNtdkJoR2tVdUFfOVF3LTBKNTRwd2JoNW9zbWF5ZUUzXzQ1VFlXdW5DUXE1VmcwQkR4ODd0YVhmZFR4SzVUV1NqTDF3a2F2SXpodFdNTlFhbVpKQ09aSU5IcElLS1pETWZfdzJ0dThYSHFzVlJGSW8xNVNnUGNFWA?oc=5,Tripuratimes,"Sun, 07 Jun 2026 03:48:40 GMT",2026-06-14T20:38:26.591619,malware,True,False,candidate,https://tripuratimes.com/ttimes/ai-is-making-cyberattacks-more-autonomous-harder-to-assess-37758.html/
malware Tripura,TBJEE Has Been Held Today. - TRIPURA STAR NEWS,https://news.google.com/rss/articles/CBMiakFVX3lxTFB5eUhwdFJLTHdHOHMwem9EM29wb0xYU1RQU1c1aGFiTERFcElUcy0tZ3N1SE8zTTZiTnl4SzNQczRSNEVHekkzTjNNdzhNMHhrMmdFeEpjRW9ZRThndHBoY1J2b24xbDBNa0E?oc=5,TRIPURA STAR NEWS,"Tue, 24 Aug 2021 07:00:00 GMT",2026-06-14T20:38:26.591782,malware,True,False,candidate,https://www.tripurastarnews.com/tbjee-has-been-held-today/
malware Tripura,"Tripura polls 2023: TIPRA Motha candidate faces ""Go Back"" slogan at Mandai, poll fever grips - India Today NE",https://news.google.com/rss/articles/CBMijwJBVV95cUxNNFhpc0t1SFJBbEhsWU9hSHY5ellCTFlaYnFUNFhYVkpiMTBOZ0VHWk5hMFpVb3pmek1fNFgyZVpSdW5LTUU5ckh2TmtjOXZnRWR5dXZqTDB5cG8xenFvTWYweTUtdDAtbE5wei00RlBjVV9qZmUyMmhZTVV2aVJQanZUTnRXWGZtMXhaMU5OX1l0OFNPRFE4TzJBT0ZaSXZNVGlTNXhFYXhiNkpQa3poQ3UxaGZKNXdwSVAxdEl2eGNZRzQ2dlp1Z1hBLUlYenZtNlhqRGNBUVdzc3lwbGtFc2FaUlEzd3NjMUpuOG5ncUxpb2FuWTREU0xrTXMtTkFIZlZ2cUt0TGdwYTBJeElJ0gGUAkFVX3lxTE44WVF5UXNXSllhdnNXVGd4RVptem5iY20wRUtqS1JnQXk2SXlpc3ViQktfNTdEak42bWdWVU11TE5NOWx2TFoxVTgtUEcxTmlxRTYxbHI3dFVMbFd2WkEySDZTVWE2RnNXLU91aktiUlJWdTZQc0Q1RExVU3VaQ2pqYmlZeHhsWUQ4YmdTNGpPbllzbUZPRlV1S3c0M1M1cVVvMjd1c2hwQVN0UVZPb1hJSkphaTZIYlU0VS1Nalh6SkZhdE1GT2FFWG5idzBMS1BPMDlqYlRoY0t1MHZ4WjBXcWJld1VZUEtNdlRzdllWWll6ODVvY1BPV1dDaVpUVk5GMXhYVEc1c2Q2dGQ1em0wbzBKRw?oc=5,India Today NE,"Mon, 30 Jan 2023 08:00:00 GMT",2026-06-14T20:38:26.591812,malware,True,False,candidate,https://www.indiatodayne.in/elections/tripura-assembly-elections-2023/story/tripura-polls-2023-tipra-motha-candidate-faces-go-back-slogan-at-mandai-poll-fever-grips-504877-2023-01-30
malware attack Tripura,Renewed attacks in West Asia matter of utmost concern: India - Tripura Chronicle,https://news.google.com/rss/articles/CBMipAFBVV95cUxPSzhjVkZCR2FUdFU4XzY5dmZGRENfT3VmOV85M1J5N1YxN0d1cndlcVZhZTF4UDc4UmtwampuRjFfaDIzZmpfZ1oxVkhVZDJ2WlctYWFySmNXRXZMZU81OU9UTGNiOHhETFhDbUJzSzdZa0NVQmJJQzNJbzgwM0Q2UmoxVm5NYW9hNElfWldEbjhvOGNOa29RN2Q2N1NCSVNyMGdfVA?oc=5,Tripura Chronicle,"Mon, 08 Jun 2026 10:05:10 GMT",2026-06-14T20:38:34.097243,malware,True,False,candidate,https://tripurachronicle.in/national-news/renewed-attacks-in-west-asia-matter-of-utmost-concern-india/
malware attack Tripura,"Manipal Institute Of Technology, Manipal Concludes NCIIPC–AICTE Pentathon 2026 Advanced Cybersecurity Bootcamp. - TRIPURA STAR NEWS",https://news.google.com/rss/articles/CBMi2gFBVV95cUxPWTdhS05OS0hQbGxBeEJsd3RUSHdBSms2M2hzMEFsV3dWV0lQYmc3MFFHVmpYMTNHVFF0cEs1UDJUUkw5djhBcVYzakZWVFVOLXZ0SUF6VndtTm9raXZPUFd5VDJGWUxlMW1ndW1lNGVWT3FnZ3V2WEFibEh1b3hkMkJtTU1Na29kSmx5MjREelhnMTViNG9UaEJRRzdsLWZHNVhHTkhja0FLNDduTHplMFM2MGlBMW1RcU9rdlQ5aFl4dEV5Qm9FaFF5Y1R0aWE3LWZTTzFfUFk0QQ?oc=5,TRIPURA STAR NEWS,"Wed, 18 Mar 2026 06:23:42 GMT",2026-06-14T20:38:34.097327,malware,True,False,candidate,https://www.tripurastarnews.com/manipal-institute-of-technology-manipal-concludes-nciipc-aicte-pentathon-2026-advanced-cybersecurity-bootcamp/
worm virus Tripura,"Tripura Woman Finds Dead Cockroach in Her Ramen Bowl Ordered from Zomato, Company Responds - News18",https://news.google.com/rss/articles/CBMiywFBVV95cUxPZGp6UEE1UGQxUkdEM0szXy0yZ0dnZTNLR29Xc25ac2djMmdSQjBCSDgyclp6cE1vOE9wM3ZqeEFJcnR4eHlHWWh2ajY0Z3Vkc3Q3ZExQdWc1ZkVQaXlYZENZQnhIVFhYeFB1SFNsQVgzZWF0TWJRNER3NVMtWWtyZUVpWlU2NzkyQ3l4MGN0S2tCZkhValJPT0ZsWk9Hc00ySERiZF9wbE5WTHJ5andxSFIxbXhMUk11aDhTTTg4MGtyZDNpa25MQ1lsMNIB0AFBVV95cUxNZUJOR1pPZDhUVUJnbUE3WkYxOVo1SUhxeEVOcTU1cVBSNUtSV2x1Wk9uRVA4MnlqSFF5VzBOLWZfX2VQcWI5eUxwY1A3MTJiZ1kyRTRlN3lDSlRQZTg2TGxjeU02UUg5NU81Rnd2UjJRZUJkbXU5aVZuSkxIMVhDeEkxUkE3SURHNmlKR01YNURhLWE0b1VvUDdRQ0IxV0Z5cjhTRFhmV0FpWHkxTnlkSEZIWmlZT192bXA2ZDVCdHdVVkctVEZISk0yaFNRWnE1?oc=5,News18,"Thu, 15 Feb 2024 08:00:00 GMT",2026-06-14T20:38:35.591833,malware,True,False,candidate,https://www.news18.com/viral/tripura-woman-finds-dead-cockroach-in-her-ramen-bowl-ordered-from-zomato-company-responds-8779820.html
spyware Tripura,"I-PAC team on TMC assignment under 'house arrest' in Tripura, says Abhishek Banerjee - India Today",https://news.google.com/rss/articles/CBMi2wFBVV95cUxQU1B4QWt5NHRLQzl5a25ZSnk4WmZQV0t1YmNzMkxWWVJpOG41QVBPLTFKYmlVNWZMYmE5TkVfWHhBajRfSk5YTC1iTEZjbDJVdDcyVExJVXMzaC1pM3ZYVlVVSm5rNFhFTlhDNFMyTWZnV2xRdUtwRDhMSkpXV3pmRkVEYjFPTHJ3TmN0aWh3VFhkQkh2ZE5RRFBfd0JjamlyUnVjSlF6WllTcUkyeFhmU0wyWkVrcWNOMUZjOGR0U2ZaZHFxYUx6XzdXeTV1X3RNX2dOV1NNNVQ2VlnSAeABQVVfeXFMTmJ4SHlGSUJOaTAtZjdqWE5jN0NaN05obWZuMDBMWU1ibVpRenNFOFA4Ni1OSnpMQU55djd4ZjVuSmw4Vm5PeGV2NHhoa1NIUVd3QzZVV0ZNN3RXWW1LSWppTlVxY1pMQm5NS1pGZjNDNHRTWXZsekV2WVRDV3NLVTJHSzFjTFRoVXJxdDZYOXNJUklEcEFBSWhlY3NYTVEyNXVZazdLd1JOLUhzZjdQX21vbHNuZ2dKYzRaVm1jODlYaGRBeG1zU3ctU2Z2NjRDS2lvb1R6UGhrTE8yMWN6ZUk?oc=5,India Today,"Mon, 26 Jul 2021 07:00:00 GMT",2026-06-14T20:38:40.876896,malware,True,False,candidate,https://www.indiatoday.in/india/story/prashant-kishor-ipac-team-assignment-tripura-house-arrest-tmc-mamata-abhishek-banerjee-1832900-2021-07-26
worm attack Tripura,Two New Earthworm Species Discovered in Tripura; Genus Count Reaches 10 - ETV Bharat,https://news.google.com/rss/articles/CBMinwFBVV95cUxNNnRTaTlJMDMyMEd4U1UyaHd3VVpmdzhPTURrWVUxZ3NDbjQ2VjNlems4ZkZCT3BlR3l5ZzFtT2hJMXdvSDlPNDRtR09aTDRLR3NLSVhWQlVSRXVQNlJxeENhcjNueGxJOFV3Q0hsN0xpOEtsMnNCZ0NDbHVjVUN2UTZmYW93REVsZnFsbE11bzBiTkpfLWxfYWdFVGQ1NmPSAaQBQVVfeXFMTlZxX3lEQ01YNkZNUktCTjhBTWdYUzZpaUFGaVlHMms4Z2MxSndKSE5SLWItUmlsdnE2YzhZcVFsd0h0Rmp6SG5uUEpveVlDM0JUeHlmX3lKVFF6Q2huVW42ejF6LThOTi1pdzg2a3p4dkktN2FXSEdGZnRyOEV4eXJKaE0tbE1jLTFJTUxWWTFMMFhWQTUxRWJieFlhMHRwbTlhOTI?oc=5,ETV Bharat,"Sun, 15 Jun 2025 07:00:00 GMT",2026-06-14T20:38:47.181351,malware,True,False,candidate,https://www.etvbharat.com/en/!state/two-new-earthworm-species-discovered-in-tripura-enn25061502513
worm attack Tripura,Two New Earthworm Species Discovered in Tripura - Ukhrul Times,https://news.google.com/rss/articles/CBMidkFVX3lxTE5YQjdoM3h0RFB1Q2UwcTZPV09oVm5UT3J6TjdTMkJDTTdkS0RteWttTlJ0X3AtV3dyYkIzYVVpUHFMVnBlWTR5ckhsNFpUNExaX0FWeGdGYkpjdFZqbmJJN2hvTlJhYXFKVy1BWG5PaXN5V05pU3c?oc=5,Ukhrul Times,"Fri, 13 Jun 2025 07:00:00 GMT",2026-06-14T20:38:47.181387,malware,True,False,candidate,https://ukhrultimes.com/two-new-earthworm-species-found-in-tripura/
worm attack Tripura,"Tripura Farmers Worried Over Pest Attacks - The Sentinel - of this Land, for its People",https://news.google.com/rss/articles/CBMiqgFBVV95cUxPd1haMWpaVHI3enUwX1lrT3R0dmNWTGxnVGlUYTRnbXBlUkV2Y21DNUhRUnBlYWo3R3ZwY09ITlU3UEpmcFVYNmthQ1pucTJKZFdoWGxUS3MxSGxmYWRldnRXV0V5bmdzWm44SnZseFNVamtuUGJOemtjaGo5b2prRDNfTFRKeFh3bk90dWF3eWQ2cERYVWFMSTR2RTM0R1UzaEZMTjBxZkZ1UdIBtwFBVV95cUxNQU9wc2dIZnZWTWc5RDNjMTlOMGVFOE5VdWMyZ1JNOC1EVWJmYVZ5dUR1Z2xYUDJMU2tVVGtEREwzVGhUZi1qZUJONzhlOVBvV1ZtZFlJRVlnSFZhN1JRUkRXcUgyX0FkOVJHWHF0LVlWdi1PU0NNN2RnWWFvR2tqUzNrdWV4Q1lfbHVQekY2TndtWmpoLUxVb2NKbWNOUUNYX01mMGFEdDdfeEhXRXpBYzkyZWt5b3c?oc=5,"The Sentinel - of this Land, for its People","Sun, 22 Sep 2019 07:00:00 GMT",2026-06-14T20:38:47.181396,malware,True,False,candidate,https://www.sentinelassam.com/north-east-india-news/tripura-news/tripura-farmers-worried-over-pest-attacks
data breach Tripura,Security heightened along Bangladesh border in Tripura - The Hindu,https://news.google.com/rss/articles/CBMivgFBVV95cUxOamhXMXVqM29ERDNSYmpvLVEtcVV3VmtkWFRGbDM3VUk0Q2wxV2p5OFdpR3V3UDZXcWU4UndlNE5fM3hoSElYQnpWZXlzU0dyaHp2YkhtWm83UDNvMGs0OU5ZMDZxd2VKSkUzdzREZjBDNFBCN3prWU01RDA1WkdUT2ZfejBVYzc5X05ZNHdwZE1Cd0wwdkdyWkFCcmNaTTNVRUs0YlpqSnpVMXVWZWRTNjdNRVVTai14c1Z1ekNn0gHEAUFVX3lxTE1KNlh0T3VfbWYzb0NkSEJwSXNUbGFsQmNhMzdjTnhKQWR4enBoYVZBdnZzVmVIa1R4b3JPX3pOZXg5dHVxRnVNRGVxZTVhb244SkZxa3RGNFpHMnVGdVlRT3JOSGN3WWZTWURaVVJ0UFFFMHRNRnExTTRtdjR4NFQ2c3liUWhpVUplcDhtSlJhaXNMWjhZX0djd0wtbGpEZ2h0SGxhN0NFZmtQazBfTTc2Q0VSQ2w3ZWZSejlUOVh2MlNyUm8?oc=5,The Hindu,"Sat, 03 Jan 2026 08:00:00 GMT",2026-06-14T20:38:48.994165,data_breach,True,False,candidate,https://www.thehindu.com/news/national/tripura/security-heightened-along-bangladesh-border-in-tripura/article70468248.ece
data breach Tripura,Tripura Load Dispatch Centre Gets ISO Certification for Cyber Security - GK Today,https://news.google.com/rss/articles/CBMimgFBVV95cUxOeHY2MTlqazV1T2djR1RISXd2Rl9WdUJDVUh5Y1F5eDhaOHBXMmZia3R4N1pHMENJNHF3NkFMYW9neHRJbDRPS3dHQ2xJd1RYZkNiRzZudHFoV0d1MTdnRVF4T193REJZQW0zeTl0cmg1LWxYek9ZSGtta0szQmM2MTFEVUUyVFN0SnQteS01a3BEQ210WEtMd0lB?oc=5,GK Today,"Fri, 02 Jan 2026 08:00:00 GMT",2026-06-14T20:38:48.994182,data_breach,True,False,candidate,https://www.gktoday.in/tripura-load-dispatch-centre-gets-iso-certification-for-cyber-security/
data breach Tripura,Tipra Motha youth wing stages protest near Bangladesh Assistant High Commission in Tripura - Deccan Herald,https://news.google.com/rss/articles/CBMi2AFBVV95cUxNMXY0b2o3OFp0anFuZ0dWb0hueGM4Z2R4LUM3dmk1MEFfRExlUzRSM2IzWlFKQW1aZGVsOGxoNzJweUlsOHdoT0JETW5LaV85OEpLM3c2YXlTXzZhZ3NRTGFmMjB3al9JSGtiaF9NbzhyRW9xVF8tMGkzZGIzc0NIZTBKV3JpaHdJRHJYTVRtTFZVWEU2VnVZOXVKWERwRmJiTks2Mk53eGZKVUR3X0VhamZYamRadVdsQXRXc05oZ0x2UGFoZkx2SzB4ZlJMQ1pvRHphRUVEcnc?oc=5,Deccan Herald,"Fri, 19 Dec 2025 08:00:00 GMT",2026-06-14T20:38:48.994197,data_breach,True,False,candidate,https://www.deccanherald.com/india/tripura/tipra-motha-youth-wing-stages-protest-near-bangladesh-assistant-high-commission-in-tripura-3836546
data breach Tripura,Tripura minister accuses Tipra Motha cadres of attacking him - The Times of India,https://news.google.com/rss/articles/CBMi0gFBVV95cUxNdlMtV2c1MTdGbk81X1VSZXhiUzEzTmpKd1hxeHNUbnUyZ3NQckc5RDZRaDVURmNhSGNTR3EzbWJ3NXdWaVgyOEhYVUIzRElKblg1X3pyTEVnZUR2YXhzZ2R3ejNBbmVvLU1RNEYwUk1kQmotWFEzN3JqaHd0SWtIWWdyUDNkNFhqNUtqWmdvOS1Ua01IZkJYTWtwSUNEbENjcUdSUkJxMDdKTi1vQS1OUkt6ajY5MDM2R0YtOTNLR3FmV1Y4TjdsMEt5ZS1tQ1hPdGfSAdcBQVVfeXFMUGEtcE04c0RFOVZGaVAwdFRWYUdQeVFuT29RY0M5dUxxOWR2T3dab0NVa3Zrd0xuQWlaZFRoWDBJOW91dGxUb190cDdHSGVfalh5bXBGVGJFWkxvTnRGdTlvVDNIQlZNSk5zMDBoZTRZbTJzQ1FjcUJ3bVNxVzZQSk83aEJ6bWtaRU80LUxWWVdUNjZodVI0dnRrcE5BTWw5MnM4bTRwbEkwY3FOT2FmekMyYWxpaUQ2M3doTW0tUnlXZ3RlZGxvOWNteURxUkhGdHNXQUNoZDA?oc=5,The Times of India,"Tue, 07 Apr 2026 07:00:00 GMT",2026-06-14T20:38:48.994211,data_breach,True,False,candidate,https://timesofindia.indiatimes.com/city/guwahati/tripura-minister-accuses-tipra-motha-cadres-of-attacking-him/articleshow/130069662.cms
data breach Tripura,Probe into PM security breach during Tripura temple visit - The Times of India,https://news.google.com/rss/articles/CBMizgFBVV95cUxQNDV2a2piMDZCekJPdmhuWnl5RnEybXRWcTRUajdIN0RTWUdDaTkycURtbngwQU1renNUcWFDd003NE5yR1kzeVhfdnBqQTdpcjhNdE5IakJfYm5TeTRfU2xXQkF1VXRHTVNJS1hrd3hNQU5WcHdUNUQ1bERsdmNzOEFvWENxRzB4ZENSV0xjVmJkbUhRYXVCQnJQSk5xTXBZMVQ1enZWUldDYzBydl90STlLMlMzcHNNeVNsU0RyRE1aQm9PZWlzOTktSndfd9IB0wFBVV95cUxOMWtSZUNMSzQzNlZpam5zUHR0YTA1SnBjeGNZaXFLY2VsZC1wNWxkbGpmZkJoYzY2N0NUUFptc2Z1VGVZdkkyT1N0Zzl6MmozUjlkNnBCUURrNk9sWG1TaTY0ZTFKdnBTelhFLVJZM2Z5UTQ2ZkM0d2lGY1BqWGRDZDRJZEsxYW1nNnYzaXhjWjZlbUY4RFZLcUZfLW5fZFpqc0FWNG5WaDhZWkhPX2o0b3dZZXhCVVl5VW90LWpBMlFiZHNfRmtJUklmUXVscW1ZX1NV?oc=5,The Times of India,"Tue, 23 Sep 2025 07:00:00 GMT",2026-06-14T20:38:48.994304,data_breach,True,False,candidate,https://timesofindia.indiatimes.com/city/guwahati/probe-into-pm-security-breach-during-tripura-temple-visit/articleshow/124075452.cms
data breach Tripura,'Dhaka-Agartala long march' sparks heightened security in Tripura - The Assam Tribune,https://news.google.com/rss/articles/CBMiqwFBVV95cUxPUDJGZlhVMlFma1dEVmZhaGxXWFNmV0JWSHR4aG81NUJiRlBGQUFCZm82WjRhdHN4c0hadHB0aS1QTXZacWlTcExhSVdYRE93MlBrYmVnVGNPWjByUWRvSGhtV0Zxb0Fud3hXZjc0WUlUTHgwcVRJd2hxelh5allHVEppRWV6ckpQekdnY0lyWi02YUFLVWQyQnZuWVkxU0g5bXdGNUFxU2N6cDTSAbABQVVfeXFMTzBDVFppZ1MzbEs5a2pvWTJ3aDFOSjZHTFhadlVUWWtEdU84VkJWYzhERlVkS3FOeDllOWNiR0RwZjUyMi1sOE0wLTVpYnp4T0xxdm42SWhzY3hGM3hicnZTcmZEUEpjb09RUVlOZzQ0cGNVZDBlaDkwck0xR21PM0xyR3dlZk4xRC1qT3dCd2h4aEN0RVBNQWMxOHJNQkRCaW1OdXpDaDlqQnh1Y2NlcUM?oc=5,The Assam Tribune,"Wed, 11 Dec 2024 08:00:00 GMT",2026-06-14T20:38:48.994331,data_breach,True,False,candidate,https://assamtribune.com/north-east/dhaka-agartala-long-march-sparks-heightened-security-in-tripura-1560853
data breach Tripura,BSF says troops shortage impacting ability to guard the border in Tripura - The Hindu,https://news.google.com/rss/articles/CBMizAFBVV95cUxQdEZuTUJnSmZWaHRhT2ZGVWJaRllXS0g3NDVBVDhjX09sdDJYdXNHZEwtWmxDOXpXbklqam9YaElvSkw2X21nOVE4LTFOajFSZ3lpU0FxWHd2dV90UG11ZEEwMGxpTTd0NVZyM1B5WDhCeTVYc0EzbWdTb29qNDlHenVsSnJvdkplYVRzRndLS1lVT05rc3NIUjdJY1YzelBKcWVNc0t4Q05LWnpLOUlPbE5rMEhSUU1tZVF2UUtPZ1gzbm5ZNWwyUlF6SlDSAdMBQVVfeXFMUGNyVEN0WXRHV0pzLThhZ19YdDFpN2RwdUpXWW5wbktSWXh1VEdHbTRPa0dRQkVsTk53M256LUZDdVp5MlNnelRpbVItZUJ4cHdIOHRrWWhUcDFqM3V6U1RiSVlpZ2dvNzlNcm5GemJQRm1jMmFVbjJjejN6TjY0NXU0NENyZ1pPeHJ2aERROEZrNzk1RVU1ODZIZHZOYUlNOTF6ckpDY01JZVFPdVVvSm8zT1Y1UnVtVlBoemNQdURVMC1TU095TTh1bGpDQ2RQaER1dw?oc=5,The Hindu,"Fri, 05 Jul 2024 07:00:00 GMT",2026-06-14T20:38:48.994345,data_breach,True,False,candidate,https://www.thehindu.com/news/national/bsf-says-troops-shortage-impacting-ability-to-guard-the-border-in-tripura/article68371453.ece
data breach Tripura,Tripura: Six Undertrial Prisoners Escape from Dharmanagar Sub-Jail; One Re-Arrested & Two Policemen Suspended - Northeast Today,https://news.google.com/rss/articles/CBMi2gFBVV95cUxPMmZMZlJMY0ZXNG9xNEhJcHQ1bUJTbDBET1FqbHFHeEFZNGtVemYyVHc2U25OYmpvMDc3OHVzT3hWQ3F0bVR5Mk9FaEprQzB3dlJfbUxzZGdhSENMQUFaWnFVSnRpemlwOUxEeE44SWE4clFxN0RrY0hiTVBha0d5RGdfNlp6b0ZLQ1BLUmhJV0JlNHhhYnFEcmJkYUJBVW83VUd3RmpWMWlTQzI1bGxBTTJxUnYxeTZseFlNTnZJdC0tUmUtaU9DQ3plSmN4dUxhMDd2d2c2UG1Pdw?oc=5,Northeast Today,"Thu, 02 Oct 2025 07:00:00 GMT",2026-06-14T20:38:48.994386,data_breach,True,False,candidate,https://northeasttoday.in/northeast/tripura-six-undertrial-prisoners-escape-from-dharmanagar-sub-jail-one-re-arrested-two-policemen-suspended/
data breach Tripura,"Hindu outfit behind attack on Bangladesh mission in Tripura is just over a week old, similar ones spring up - The Indian Express",https://news.google.com/rss/articles/CBMi-AFBVV95cUxNZFJaZ0xyWHFQazZQUUIzN0tpTkk2eHVsejBCTldmdFZCWHdJZXBGZ29jZ2F4VkxSeW1pNDZQY0R2T0RlWWtSX0lYSTcyQWlDcjBvbmx3VWgtVVBIQTRHeTM1QzI4SWU2Y1VGOEc2U2t0aFpDdS1pRFQzQWtxVTQ2MWJKenRMNklYR3luejNEc0tyWUd1d0VTUGZHZFgtTWdqNzZ5SkxvS1VPeFBvUUtQNFN5bXVWN01US2RNd3BxdVI5WUJHR1BERC1OT1VXSDR0YVlabWctQ1k3VXFSTWpWWFFiY0pldDJfQjhVc21iQXFYdWhfQXAtcdIB_wFBVV95cUxPbHFncmRxNElCZk41d2hqRUxIZFQ1dGl6VUlidTUwME8tLUtlVXJubHBWT0h1U0ltc1lSdkRRclk2enFNNTRiZkpLQXc1VHNpandqcGlFUnpjYXlmbW9peTgzZGptc21fV2NOV0EzTEFENkZBQ2pDdldQMElpXzRLZWx2ckl5MTM4TDNMT2RsRkdYZTVYdFMxSkplNVNVbzlhMks1MG1aMGhQNnJkUFZqOHl5Y0ZQbE00MWVVYUZjRXhlMTB3bUlpX1l2Y2d5ZmFIdGNtVkNXWi1hWE5sTjU5ZEVSd1Z0YnE1YzExMXdHbkFzS25fS0Q2Ym8zS296bFU?oc=5,The Indian Express,"Thu, 05 Dec 2024 08:00:00 GMT",2026-06-14T20:38:48.994412,data_breach,True,False,candidate,https://indianexpress.com/article/political-pulse/hindu-outfit-behind-attack-on-bangladesh-mission-in-tripura-is-just-over-a-week-old-similar-ones-spring-up-9707627/
data breach Tripura,‘Security breach’ at Bangladesh Assistant High Commission in Agartala ‘deeply regrettable’: India - The Kathmandu Post,https://news.google.com/rss/articles/CBMi0AFBVV95cUxPZzAzdFY3ZzF4ZUFtUjluaEdqMHMtYnlpektxMDFMZktfdXlUTXJQQzllX2Q1LWhiY0N5SnNTdmFhTW9NdC0tRnN3NkhwVkktQVo4VkZGZjJCYkZCUi1McEpaYjlHd19MYVFrS1R6d2NFalJPMHB3aVZrNkQzcmlRUXJIZWw5NjdpZS1DSmZLcU5pR0dQWkRvOV90eXh6bkFrUS1OQTZUbWJ6N2I3T0RrTU9Hc3hxd3BtMndBY3k3eU52Z3VVeFdFRW5wYTJsMFJz?oc=5,The Kathmandu Post,"Tue, 03 Dec 2024 08:00:00 GMT",2026-06-14T20:38:48.994426,data_breach,True,False,candidate,https://kathmandupost.com/world/2024/12/03/security-breach-at-bangladesh-assistant-high-commission-in-agartala-deeply-regrettable-india
data breach Tripura,BSF foils smuggling attempt along Indo-Bangladesh border in Tripura; one injured in firing incident - ANI News,https://news.google.com/rss/articles/CBMi9AFBVV95cUxQRGUxZHkyR09ZdkVobXJmT2YtRWQ4UDZrcjRYQzdoLW5uYnBfZTFEc2dhTkxzQmNZUG5tZFloUU85Z3JGbFNOTDlRcEFvUW0xTXotN3hsWUo3UG1BamQ0eXB4MllrVFpVZTNqdGdfTHROdjhZQTJsMGRPVjdkbXVSZzBHd0NGQWZlWFRhRTdoZWx1M0lkYUppbXZMdEEzUkE2UmpXMjFlR2dZLWY1NURKQVBmZkxjRWtiNjRRTWN0Q0puOEo3SEp6NWVkNEk0RmtKenRtcGx1R0pmZFJLN1VZbHEyS0o3STN2U1FObHpmeVVHUDN5?oc=5,ANI News,"Sat, 11 Oct 2025 07:00:00 GMT",2026-06-14T20:38:48.994452,data_breach,True,False,candidate,https://www.aninews.in/news/national/general-news/bsf-foils-smuggling-attempt-along-indo-bangladesh-border-in-tripura-one-injured-in-firing-incident20251011013507/
data breach Tripura,"2 Bangladesh Border Guards Illegally Enter Tripura, 1 Detained - NDTV",https://news.google.com/rss/articles/CBMiowFBVV95cUxNRmZLREtrLUFqZ1puSTdrbU45SzROVWpmeXZXcDZsdHpOWVZ2Qm94ZVVtQXJhbXlUWWVVTmljNjlLTjNLeGVUdkkwZlBPLXFWejRGTFowZnZrY0p2UEFHZU1BSTdfRFJYd2hBQWd4aEpIb1RRSWhOWXhDak94U0s0bVBzMGNHUU5TcGJDeVpWRUtSVTlXTU1rZVpjdXZGUTZqRE1n0gGrAUFVX3lxTFBTb3dPZWpGWG5pcmhhR19vRjkzUG42bnFwWGxrTFdpMkJkQWxNMkZRTXh6bHhQYmJQMHhXM1Mxd2dweDY2LS12ekkyOFllOXQxeDR1Z1RzZERhbGF2SDdKX0szdExGWC1DUmhudUxndHFoNnVUa1l0Und6ZS1WQmxvSXlOa1FXaGxsUEZQdGJzY0M3b2RmemxiZkI1b0c5bnNFYUx5OU5DVmlMRQ?oc=5,NDTV,"Thu, 21 Aug 2025 07:00:00 GMT",2026-06-14T20:38:48.994465,data_breach,True,False,candidate,https://www.ndtv.com/india-news/2-bangladesh-border-guards-illegally-enter-tripura-1-detained-9134173
data breach Tripura,MHA approves addl IR battalion for Tripura - The Times of India,https://news.google.com/rss/articles/CBMiugFBVV95cUxNZFNGb05fbEF1MTNBc1JBcG1fTFl0c2xwemlkUlF2ZE43Q1BTckEwcmEySVptLUxFSWIwTFE0SEJySFhGcnVJQXh4bms1V05MSG1lcnRPS09seVVPYUlBa0VQX1ZRUFFlOG1LalJnZ0Z4ZGUtb01ZcHQtWTVIOGdOYkl1OHNmbWRFX2U0RlFjbVNzazNzNW9yV1o3Qm9QZVlzVDA3a2p2TG9JZmxXc1FHNmZfZXo1QWh3WkHSAb8BQVVfeXFMTkl6cWJMSFI4bWNsbWhucldBSzRtWHZmTFNUaVQyYk4wVXF5NFpHTldjZzUySDYtU3FXQ0pqS1pGU0tmM1ZLamxXTG9CNFMxUmthTVFMNTR1MlpfbzFYekQ4cUdjaFVsRDFqaEtodS1YcGtURV9xeGVzRnd4QV90U2JYbEFhQTNvRy1YUndpWF81NUE4NjVNQ0FpUGVDMWk3YUtJck55MTdQdy1qbWlhWmRMVGVXSlpuSmVSaS03TjQ?oc=5,The Times of India,"Sun, 17 May 2026 07:00:00 GMT",2026-06-14T20:38:48.994507,data_breach,True,False,candidate,https://timesofindia.indiatimes.com/city/guwahati/mha-approves-addl-ir-battalion-for-tripura/articleshow/131144322.cms
data breach Tripura,Tripura urges Centre to establish regional office of Bureau of Civil Aviation - The Times of India,https://news.google.com/rss/articles/CBMi6AFBVV95cUxNSVpvRFB5TTV3TnFnbHhVUXFVWm1tSGZhYThNb1MzaXdEUlFGUlMxU3Rtd1RlTUltUHZEQndxLUc0ZkpCdUlYeXpsRFh6TmNrdWp1NXhhRG5hbl9EdHJPdEMwQWl1WWMyUmlqcEhXc3lpNVlWb2M2S3VYaWpLQzFpeUdoZVFjNkFPQmtYMjVNa1REU0FBcHJtb2M5RFBHZnF2REZ2aG9HU0FVX0I1TjA0U0wtYjFBRGJEYk5ad05ibmhvakRGSTA0eEtPcEF1WEhRZTVWZFp1MDZ1akhMUFhCOHpyR05zWm5o0gHuAUFVX3lxTE94SWJ5aVF1UTRUMldnS3FzYU9ET0VHcW16S1hndnFyRE42c1FPeFpTNkctUWJ4RlpGZ3QtWHVyQjJUR3FKLWhPSVVHS1VGUjhtMlJ5MFdfeFhDdTB4YlZfVlpKcUxMaHJPY3hjWi1WTHM0eFU1UTRrTS1JamV2eUV5bC1XZ2l4UzhRNC0zT2U1RGxVNDdkSFFZR1R6RkdwQ1lGS2FTWEw3MDQ1ZjNmQmUtYUtVVkFaLU52Mlp0UFpSaHd5T1JlR0U3TnB1cEpHOGJjcmNZY0hPV28wcEcyajZyQTQwSWVVeF83Tlc1TkE?oc=5,The Times of India,"Sun, 07 Jul 2024 07:00:00 GMT",2026-06-14T20:38:48.994520,data_breach,True,False,candidate,https://timesofindia.indiatimes.com/city/agartala/tripura-urges-centre-to-establish-regional-office-of-bureau-of-civil-aviation/articleshow/111552960.cms
data breach Tripura,"Tripura CM applauds Centre for devpt, demands Agartala-Chittagong flight - The Times of India",https://news.google.com/rss/articles/CBMi4AFBVV95cUxQZmNuaERRbnp0WXNURmFGdHFNM1N1aVltNE1hcU5KbTkteDFka21NSU5EVDhYWnF4eFp4V1BRUk51MGhXSnoxZmNnSUo2ODhjQjIwaEJUZWlta01xMnhrRlhlZVhqbUdCQUozdzRFc29tbS1SbVhmSVRmTnN3d0Ywb1VKMTVUaVpOUnV1MHRRMmFtdXlqYjkyUVl0YUpUc3ZpYzFIdUZIcGpSLWQwMm1neU81RHk4ZUhNcU9XVUlvNHZHS29Qbjd5WGM2dWlIS1J3ZVhHTTBtb3o0dTgtajFSatIB5gFBVV95cUxPcl9UTmk3dUwzdzFKamdEOHVYOUJTckpOUEJYd3R1TTFtb2ktSVJHZEk0ZEMzZ05IUXpGYVZIMUxXWktuZk9mSzRXNW8yVFJMLWxCWW9aVU9Pd1NQTkRHSmpsdHN1QkpPdWVrMU9LQ1MzOHZBSi1HcXR5VHZQczdlXzBmQ3JTUEltaXEwXy1MUlUzVzBLSmFsSWFuZmxGOHUzemRVamR3Zi12U0Q3eFh0LWdEVE9kT3ZHMzJVN3lWcW1XbU5UdC11WmljLUxvb1NZOUhjT1QyN1gtOUJwSEZiLW1yMy1JZw?oc=5,The Times of India,"Fri, 05 Jun 2026 18:10:00 GMT",2026-06-14T20:38:48.994533,data_breach,True,False,candidate,https://timesofindia.indiatimes.com/city/guwahati/tripura-cm-applauds-centre-for-devpt-demands-agartala-chittagong-flight/articleshow/131538871.cms
data breach Tripura,Tripura district council reconstitutes recruitment board after answer key leak - India Today NE,https://news.google.com/rss/articles/CBMi1gFBVV95cUxOcy1TTzJHcDhjMUlhcE1WWVlCYXF3dFAtQ19Ibm1mdkN6NVotTWZKRnVBMDlvaHozX1lGbHJZY2VNZWdwSVQ0eEUtc1VNT05HMWw3NlFGWTgxbzR6N2NmZjRGNUtHSWotZkxvdnBlRkhvUUV3UEZFc3JteVF1enhfXzc5ZnBaV0hFSE14T3hPU1FCT1d2MXNSSUxlWW1KWTVIQlVVc0k1Y2lYVE9FTUZkQkZkT1pXUU1TSUZxV2Vwdkkxdkw0Y2tSQkVqd1Y2dllHM29TYVB30gHbAUFVX3lxTE1YMHJ1WktWWTN1VV9ucFpGNl9zamk0UVJGYkxickJPVTBkajI2TXhXUzhrdDFDd01xSGtrQ1lQdk5ac0dnR3VVSHdVSnhWQmdkVlcwMm83cEI3LXZaUFh2OEdXOVVTSGo0QjBaVk9IY3NhWVp1UFIxRC16TGN2TlRVX1hJSUIwYldpUnVEZ2tyN2lOQWJsTVlPeUZmb2NLTGkzaFJtZVB5Mnk2MzNJVTNfVm0ycElpSE9sVmdHMGE5aW5BUDhQX1hvbXQyVlozMVNGamkyekJoLVl1TQ?oc=5,India Today NE,"Fri, 14 Jun 2024 07:00:00 GMT",2026-06-14T20:38:48.994546,data_breach,True,False,candidate,https://www.indiatodayne.in/tripura/story/tripura-district-council-reconstitutes-recruitment-board-after-answer-key-leak-1028595-2024-06-14
data breach Tripura,"Bangladesh Owes Rs 200 Crore in Electricity Dues To Tripura: CM Saha; After Adani Power, State Can Review Supply - Swarajyamag",https://news.google.com/rss/articles/CBMi3AFBVV95cUxNXy1lU3hwSUFxNlhwbWEwR3VJRVp3R2M1Y2E2MVB2QzNIbzNpdzFHeWVGc0lxWGk3bDNPcGV4UkVNaXVKQWpYV0dQWVFQZ24xZVRKMFlOTUYwX0dtR011dFBJU0Y2VWJzVENpVUFJVXQ5MDlYRDB2TEs1a1FNR0dTLTBUbDc5RkNZb0tLSXFNbXBRRUdxa0ctdlRmbUhiVnJkRWZGcGlGZEcyUjFxTlBfV3JIMmFkZHRXSFJtdVBZbk9BMDczbmtrdjBrbkRLNEpHNGlXUnc3RWlsVGJF0gHsAUFVX3lxTE05d25ZZjlVQUNEZzJSRE5KRzJCWnhkM0FRMTN6WTB1VWdVVVFpWE1PSUlxdXJPYktQRjM0MEtrZWNyZzJKWThDX28tV2JvYk5Daks1ZEZNcFE3UDl4NXpYRTNZVGR1amNLa3ZUZHNtal8wdHBpM0dIUWR1YzZjcVdtUU1qb1hkdnlGaGFrSE5lYjdHT3ZFYmJjV3NNQmIzSkltX3RHY3dTQjZxVGpuTVhZa0gwWExZR29oOTRjYUk4UXFHOGN4WHF2S3VGTHo0aVBlbVo4Q21MV1hfSURvV1hpQUkxRndPRDhqNTVf?oc=5,Swarajyamag,"Mon, 23 Dec 2024 08:00:00 GMT",2026-06-14T20:38:48.994559,data_breach,True,False,candidate,https://swarajyamag.com/news-brief/bangladesh-owes-rs-200-crore-in-electricity-dues-to-tripura-cm-saha-after-adani-power-state-can-review-supply
data breach Tripura,Years of Injustice: Tripura~`s Reservation in Promotion Matter Still Languishes Despite 20 Years of Litigation - TRIPURAINFO,https://news.google.com/rss/articles/CBMiY0FVX3lxTE9mWVJLS0pkR192VzR5ZW1CLVBuR1dNMUJZVG1EREZoRUhqS2ltbHVUSFdaWVprczg5Ym9NTWZ4cGFLTmZDSzdGR0MzSXpRak05Umx6aF9BMngyRUNKVUxmOU5RVQ?oc=5,TRIPURAINFO,"Tue, 24 Jun 2025 07:00:00 GMT",2026-06-14T20:38:48.994572,data_breach,True,False,candidate,https://tripurainfo.com/BanglaArticle.aspx?intBAID=49
data breach Tripura,10 Bangladeshi nationals missing from Tripura detention camp - The Times of India,https://news.google.com/rss/articles/CBMi0gFBVV95cUxNbER1dFd5ZjNLbjBnZWs2SmpwTlgyZlBXbHAzTWd5aVd5OE1MWThIa3l3TVk4emdzYVd6N0pQQWhfLWlORjhkVlZEaHg1R1I0eGhlNTdOXzJFX0g0Slh0TElaY0NfTEFaNkpwSTd3NEphWHRwalBEcnRJNEdfZWNGOVpJd05KQnZEeGRTdkxBMXU1Nm0taHh2QWFhQ2lnc3UtZHkyNUFCY0UtMVpaelNYenhBVkkxQU9EZklIaVJlalVnbTAyZ0dmUS1oYkptd2FoYUHSAdcBQVVfeXFMT2JxY2ExdmFETEtkNW52a0tEQlZMWEZMejMtTVBwNkRBQ1BPckFjQ1ZoN2oxdTRyRVdXOWlVa1c3OGxYWUpveFhPNlVQa2hoQ1RQazVjXzRDYW05OGotMFFWcWtlaEd4VkdMT2JldU44cTlHZU05UWVLeWF0UVJrdGw4Vkd2d1hiV3RraFRoeXRodkN3Y2JkcnVsMEt3ejR1eTFrSEhYSlVnNkU4LWxUNEY2NWdaNE5yNlVLZzVZQ0RJOV9WdFB1blY4X181TUt0el9wbkw0SWM?oc=5,The Times of India,"Sat, 04 Oct 2025 07:00:00 GMT",2026-06-14T20:38:48.994585,data_breach,True,False,candidate,https://timesofindia.indiatimes.com/city/guwahati/10-bangladeshi-nationals-missing-from-tripura-detention-camp/articleshow/124310862.cms
data breach Tripura,"Tripura ADC polls record 83% turnout, re-poll ordered in one station - The Times of India",https://news.google.com/rss/articles/CBMi2gFBVV95cUxQSWQ0a1hCbTFYNFkxRFVUaEdvNE41V1ZVZFhiYWpvYkVCX3VYbEh0bjY2VkVFMnRsd1laTjRtX3p2VDNLNENVTVZtV2psdEtGenpsaEdpemUza3FfalNId0FXTXBxVlk0QXdDdHpKcVlLRVQyS3RiOGRiN2dsWTJRcUhCM1liWENCT0R2T3RnWXh4eVRFTVJESk5WUl9oS1F1Z2MwMDJKUDRtVmlQa0tiVVFrczlRWnkxN1RsVkp5aGJPX2NTTmgzQVVKU0xFVDNTN0pWLWsxX1l3d9IB3wFBVV95cUxNUzVNYmYxYjlyZWhFMlkxRGtteWVsRlBwSldEUFFranBNZllVemx2MUx1NVlHWlVDclg2bS1tRjUxazFqYXRIeUZWMHRiZUMxSG5XRWY1SlhBQkJFRXQ2VjVySE9EYnR5OUVrVTBhQzBZNy1tQi1xbW9IakpmRURrU1FSaklPQ1J5ZVlwdW5vRFlZc1pGN1gzXzY3WVZBUm0xZjNYaE9DcGR0UXRqVWlVVEo0N2UtcXUtLWR6M1B0Y1Uxb0pjTzFybEd5RkFIZU90RGMycWZXaERXaG12UVJR?oc=5,The Times of India,"Sun, 12 Apr 2026 07:00:00 GMT",2026-06-14T20:38:48.994598,data_breach,True,False,candidate,https://timesofindia.indiatimes.com/city/guwahati/tripura-adc-polls-record-83-turnout-re-poll-ordered-in-one-station/articleshow/130215910.cms
data breach Tripura,Tripura: Left Fortress Unlikely To Be Breached - newsclick.in,https://news.google.com/rss/articles/CBMidkFVX3lxTE85bmZ6Z3VrUTVncF8xa3plSjJfYzZDbkFKbjJNMUJQa0FVMEt6NXpxUklwdGdvc2oxU3ROWGM2dl9HRnpaOEdkZ3pfa2JJZzRTZlBJY0J1X3AzTFJWMng4YW5FWURYSGo3UG10Q3BpN2xXMW8zdkHSAXtBVV95cUxQXzB0NUw1ZVpIX0hubU4xa2tjUW10ZmllSGFCVWVFTGpOdDc5cjdvcThBUjNJN0k3eEo3d2djMTZBeXNsSEctYkMzRU5LMUluXzlLYmJBbEhkbmNFZlNMN3diY0JRSmFXcmJxZVFOU2NHd2dHQ0tzcV9rS2M?oc=5,newsclick.in,"Thu, 15 Feb 2018 08:00:00 GMT",2026-06-14T20:38:48.994637,data_breach,True,False,candidate,https://www.newsclick.in/tripura-left-fortress-unlikely-be-breached
data breach Tripura,Voice of Democracy has been silenced by suspension of MPs: Tripura Cong holds protest rally - Tripuratimes,https://news.google.com/rss/articles/CBMizwFBVV95cUxOSFhfQnRoMHlmZ0FfS29IN200clh5aXFvSHV5cTdxMFpKU3dtd3VJRmt5M2dzWmFDU3Q1SmIybXpRZGVRUkl2REVpSm5zcmNmNVBHNHVQUjYzSEQ0VUpid2xFa0p1TVVuMi1oTjd2alVJcUVwNUk2dC1fSlFuOFRvZ2pickd2bm5RYmlad05IZHpfazZrYUlNWW5lMzZIQ2N1MDdkLWtkLURydjVKR1U4U21Ha1M1Q3pjUjFzYnAyTEhfMTVxQy00RmMtajhVMkk?oc=5,Tripuratimes,"Fri, 22 Dec 2023 08:00:00 GMT",2026-06-14T20:38:48.994650,data_breach,True,False,candidate,https://tripuratimes.com/ttimes/voice-of-democracy-has-been-silenced-by-suspension-of-mps-tripura-cong-holds-protest-rally-13312.html/
data breach Tripura,"Bangladesh Suspends Visa Services In New Delhi, Tripura Amid Tense Ties - News18",https://news.google.com/rss/articles/CBMi1AFBVV95cUxPeGpzWGwxMExiTmVwVkg3VTB3MmR4NDMzQlRXeFBUWjlrbVJMaTlsSnBFa1hEMXJuRjg2V1hOYTNuNmIyek53dkR6dTJlaGFLek4xV003bFh4MGNGbGdwU3JpaHkwbFg5bG5Vb1duZzRJbW11Vmt5V0N6OXlWdExOVkpSV3RlZEhuWElNR0FReURKMnMxbXJLVzN3a3Fpemg2M1U1dmVtb2gtUEsyekw3WjduU2U4WVQ1VC1qSm96cC15N09DMUFLdUhCSzBVbjdiQVFUcNIB2gFBVV95cUxOc3pXeHg2QUF0eVR0Rk8wU1lmcHJlbFBFYXJaZk5FYUM1UE9kMy1aeDNWdFJoVWdwZVJXUEowaDFuWHI2MVZIazZ1eF9BR2xUVXM0VE1iQnFvS1BncnJUUG14R0lmRXZ0NmFqZWpXTFl2eld4eHdJWVNGeVVoMHk0RFAzbmJCWW5qT19PcVZqWXdoTUhlbWdRZlp1NWl5MkFnTU5tei15WWFCdE5qUmpkeEVUdG55OG1MYjZraVF4ZjJES3NuMDZia0pPNXM0dFVoNElsc3Bqa1I4UQ?oc=5,News18,"Mon, 22 Dec 2025 08:00:00 GMT",2026-06-14T20:38:48.994663,data_breach,True,False,candidate,https://www.news18.com/world/bangladesh-high-commission-in-delhi-temporarily-suspends-visa-services-amid-tense-bilateral-ties-9786318.html
data breach Tripura,OIL starts hydrocarbon exploration in Tripura - The Times of India,https://news.google.com/rss/articles/CBMivgFBVV95cUxOWnVpd05La3k1aEJLTS03M215cVlmTDJDMWE3N3JRSUgzc0E5emFFMFk2MnZGNm9CR3VrQzJXU05YRndrYUJmVGdSM0lFQmdkb1pNelpNbmtHMHd3MjB3X3RXMDN2YXRIMWw5ellMTENkcGNXZHp1Wkt1eWh2WUxOY2UycjVzVzVjT3dmQm5NYmFaeG1DNVJUSjI0eWJHUllhbmtCQUFITGVhcXpTX0liWmM3VHMwbjNiNklBdmh30gHDAUFVX3lxTFA4N002NXpMVWFMRlRKMXY5cFRSY3Z4a09SNHJkb21YYW9ORmlERVpia3cxT01ZaHlIYzlGX0pucHg4MVRRZjBUU1dVZzBIZlpkdVRXWmRzN1MybVhPRlgzT1BRYXFQS1RFQXA0V1JPbWVpbU9nZmdsWEpVa2h0bXpPTGFRMVNCbFJkY0xuM2ZhZ254UVhsX0lDekt0WUwtWTBJcjZmLVdXYW1xLTFjVGlEVTRzaWtkcUt4TmpORGVLMzZCZw?oc=5,The Times of India,"Thu, 15 May 2025 07:00:00 GMT",2026-06-14T20:38:48.994676,data_breach,True,False,candidate,https://timesofindia.indiatimes.com/city/guwahati/oil-starts-hydrocarbon-exploration-in-tripura/articleshow/121195188.cms
data breach Tripura,View From The Right: Change in Tripura - The Indian Express,https://news.google.com/rss/articles/CBMinAFBVV95cUxQU293dzB0cF9ScXgyNnR5dkR4SDBPYl9WdEtMc1dNT1pCUDd4ZlRDOGVBbTlheXpFNzB5LUc1NzNIWGlUWjBCNDM0dXpYZjJSVlpJZkRqZ0NHbmJ2eHhtX0JvekZnUjFRT2ppMUk2WU5KRE4tTklzX1dTXzQwdkdGejJ6TktZZm44M3h3MXZEUFZBZ21PdjlYS2YyRXHSAaMBQVVfeXFMT0xuRnA3T240V3lZajd5OGNVZVNlMl9QdHJOWDhYeDFmei10YXdPMUlVeTNzYTJIUUZUMFFyNmp5cXVOVUc4OGN4R2JFNElfZ1NMZEZ2Vk5TUlBSSWw1SVljUDVWWHpERUFqRDVqZGVXc2x2WHZsRHlMSEZLdVRzQnlVdHRNOFJ1S01OeWJVNFRIZEVuaDI3TXdseUR6dVZGZ3JKdw?oc=5,The Indian Express,"Wed, 17 Jan 2018 08:00:00 GMT",2026-06-14T20:38:48.994701,data_breach,True,False,candidate,https://indianexpress.com/article/opinion/columns/view-from-the-right-change-in-tripura-5027561/
data breach Tripura,"Tripura to issue Aadhaar cards to over 32,000 Mizoram tribals - The Statesman",https://news.google.com/rss/articles/CBMiswFBVV95cUxQOG5xNkl6R2NSQV9Fd3dmcFNqX1ltRnU1MlVneUdnbFhfdzRfTkR0RDBRLUpuU3B0dS1jT2JjdXhldHk0d2F0aG9VSlZVUFFZdmNyUy1BZ0VsU245Skpobmd4d1VualhCa1BYYVRLWlBUVTZoNlYydWNrTEpyUWhJWmtPbWhrdlM0Y0k3TUJLUUxKbGp4R3JoWWxIaEhiUnpEUWpaWXB5R2dzWEJDTHNIMDByUdIBuAFBVV95cUxNLWtvWEd6REctLTR2ajBqVXNHWld5dVZXRVBtLVhnVEI4TU9ITkl4N1NYN0I5R0dXTWpmOXpFS1hCYlY4TjBGZlNrWS1UVkRGUFpHRmJnanJneXJzQTV4QndSYl94SWllckVzS0VNR2pHaFVCWnJpbndjR2g5LWNIV3BpS1FnWlJuWmp6c0llRnU0dXl4czVvYUNxSGNSVEdWVVZpcGlOLThvWFBqc3I5dlYtYWVkY3VG?oc=5,The Statesman,"Sat, 13 May 2017 07:00:00 GMT",2026-06-14T20:38:48.994761,data_breach,True,False,candidate,https://www.thestatesman.com/cities/tripura-to-issue-aadhaar-cards-to-over-32-000-mizoram-tribals-1494667352.html
data breach Tripura,Tripura: Seven jailed for publicly torturing a woman - The Times of India,https://news.google.com/rss/articles/CBMivwFBVV95cUxOeHB5LXJzU1FiWmxxMzZlYWZiWllBMU9aNzllZnc4cjdKY29HYzhRVGJXT2dNb0d2WVNVbTB1QmY0VVpVT0dFdVdINnBRSl9uSnpiTm9kT2VPbW43TTNKcnlhS2xTbUFvOEw0LTFDZzBPVmlmX3dJVlRId2ZlekdDUW1xTy03LTVuc3F5S2VoVDVkSm5wN3BfbWFoNFhRMGNILUNpdm0tdjZWWFdZbENTeWtBN3VvN0t2WU9JV1hYQdIBxAFBVV95cUxPU09rZXVSVDNXampJOVhiS2JmeW00aVQzbjgzeFc5SHJSVmxDUnpKVUhDRFpVWFZ4WmZwYndQQUFGZGlvUTBTMW51V1Z3SXEza3YtWWFJNlJrZS14R3QxZUZEaEZ6ZVM1c3V2cmRMcW5aRG92a1RqWG8ya3VueVp2WXZtRWZmMW11Q05aanp6Wjg1c1N6cUV2SExQNTV5bktkWDlwUWlVVE9zbnlLMTJaYWZpalFPUlVMeUhhNzhWMDc5X2FZ?oc=5,The Times of India,"Wed, 18 May 2016 07:00:00 GMT",2026-06-14T20:38:48.994773,data_breach,True,False,candidate,https://timesofindia.indiatimes.com/videos/news/tripura-seven-jailed-for-publicly-torturing-a-woman/videoshow/52326105.cms
data breach Tripura,25 injured in clash in Tripura - The Economic Times,https://news.google.com/rss/articles/CBMirAFBVV95cUxQbkVfVUhPcE5QdGFmVjBLWlZQNEJyMkpSRVJHZjVGZ1N1a2tfOFV1ZWl2Y0lPQzBfVmRFZ05INnB6VlVfRFM3NHVTS3NvMldJcTBFRXNJRlcxT3FETUF4RUQwbFlqWnpOTmgzVXhkLUxoQnhjN1EwSHlkSVUzQ1dEUnd2UFRhNVh2cThFX202eDNaMkhPbkZ5UmFmc3FKdmhaN1FYcE91RjlnOVYx0gGyAUFVX3lxTFA1WW55S3pqdjEyalJvZ3lKbjBhMFhQakVzMGNDZWFSR0ZYZ1Y1QzVhZzFSdW91RWJSd0pVWDFQYnFEWExDSWdCM0RycmRWUGNqbjR4LVloMFJRamdvYTB0dkJtblFzOW1hSF9YemU5VGdZSng2LUtkdjBaNHNyLTJUc2UzNTJnSUFJSUVCai1SamFaeC11ZG5EZGp4bUhoUGt0SjAyWmxSNG9RbEZsWlNGYkE?oc=5,The Economic Times,"Wed, 24 Aug 2016 07:00:00 GMT",2026-06-14T20:38:48.994798,data_breach,True,False,candidate,https://economictimes.indiatimes.com/news/politics-and-nation/25-injured-in-clash-in-tripura/articleshow/53834540.cms?from=mdr
data breach Tripura,HM Shah reviews Indo-Bangladesh border in Tripura - mahamedianews,https://news.google.com/rss/articles/CBMilgFBVV95cUxQaVBqUkt5Z1Jrdk9TY0VMdWZfY2E5Y2tLaTFaU0NoT0t5Y0tiNFAydS0yZjhRekdid1FmT1pDTmJzTnhuRDhId0ZmaW85M1VKNDltMUxLZDdtQWFkbDQtSU1UYW1RUm5zQklBOGdWRFVYeTdVVTc2dFBNbUJSVzRTX3Z0bVB2WFlnQWpfQm1sNENDRmlYRGc?oc=5,mahamedianews,"Fri, 05 Jun 2026 12:44:34 GMT",2026-06-14T20:38:48.994822,data_breach,True,False,candidate,https://mahamedianews.com/en/india-news/news/shah-reviews-indo-bangladesh-border-in-tripura
data breach Tripura,"Tripura: Angry Locals Block VIP Road Demanding Piped Water Supply, Office Goers Hit In Agartala - Northeast Live",https://news.google.com/rss/articles/CBMi1wFBVV95cUxPYnE3LUpSTWwtNXFrUHpqWGdpQkRUR0h6ZjJ4eTV4VTNyalNJMGF1MGJudTNSaUtic3lOYkQtWDVDZ3R6cHhGc1lybm1famNrOTF5OWpTcUM5UlpQa2FCY0FnMzVNNzdFY1BMZS14ZzFrMUdMOVJrUUhXVkhXNVF6aGppdk52UmlENW5fVXFLN2ROLU1XYjlaQTExNHR5WDgtd29VTlpFNUFEeF91NkpZbkhid0xHbWRMSVQzaFAycG9DcmhxUXNsdGRhNVNaR0FwZ0QzSHNEMA?oc=5,Northeast Live,"Mon, 09 Sep 2024 07:00:00 GMT",2026-06-14T20:38:48.994848,data_breach,True,False,candidate,https://northeastlivetv.com/around-ne/tripura/tripura-angry-locals-block-vip-road-demanding-piped-water-supply-office-goers-hit-in-agartala/
data leak Tripura,"Tripura Madhyamik result 2026 likely by May 10, check how to download TBSE Class 10 scores - The Times of India",https://news.google.com/rss/articles/CBMi8gFBVV95cUxNdU1SOTM0WDRqdDFCOGo0c1hvRWVHLVMzRk1fTjZqYmpRWXNNazJvRWQ5WDlIUzJkdGp4RzZILW1XVWFYMzdHN3I1WVJTdmVxZ0VNenVCVzhPZEpldEVYREs5RVk4b2FHc3dTbGNKaFdTMU5ZTUxNaVZtemZQUUxhYlpMLUlZcnZkckVXZ2dLZWtjaTItb1ZaZ1B5N3ZvMGxfNVNJMVJqSFlyTmY5bXlqXzZuc2V1Mmt5TzFPMGg3Z1lFRjdWSldyY1hlUjdDM0lHMl93aHdOMUtPcFlfZE9ZVXNSa3dJbXBXNkVQcU5RT3dyQdIB9wFBVV95cUxNa0RkSEc5YlZDTmVrMEZIdlV5YUFfOXVwWGhxOUkzUzBUSzZEQmVLNzFSbUpDQjZ0bkpQOUhyajQ3cHhpTHZwMFoxUWZhQWlUQW9MV19CcVplTzVPMy1mb1NiWS1lQ1pxVlFaRnFvOUtNYjA2NFlfbk0wNEJ2RG5md2RLVUNLenBMalhEQlZuWFVvXzZKdEllNDNad01xU2ZDX2NyTDE1QVpMYzdtbDZoV2Z4dVpVaUd6MDcxV3Rqc0VEMTJDak1EZkh0LURIclpRNklGNGF0OFdCNVFDd3lzMUpjb2hKbXZBZlJlckp2djBHcmx0Qk5n?oc=5,The Times of India,"Thu, 30 Apr 2026 07:00:00 GMT",2026-06-14T20:38:50.913667,data_breach,True,False,candidate,https://timesofindia.indiatimes.com/education/news/tripura-madhyamik-result-2026-expected-soon-check-tbse-class-10-result-date-updates/articleshow/130626867.cms
data leak Tripura,42-year-old accused held in Tripura AADC exam paper leak case - ANI News,https://news.google.com/rss/articles/CBMiwwFBVV95cUxPeHZxX1RocXNhWlFDNTF6VXhSOEpYRnN6VXpsWkpoSk1Hdlk0Q0dkR050WjZxMklwN2NjSWFwZ0FoR1d1NFdkWHNRT25WbHJFeGhOblUxbVk3bVpnRUtEWmllRFdGeTFFLUVGNXdJQzlSYkNaWm1qdmVVRTFMRkNfRXhTYWhDMTByX0VXY1Q2QlNHUjZBUU42WFJzTkdRT3hpZEVoRHNFN215T3NsQ09qZ0NhWXE0QlF6azZxMFhSWlRDaDA?oc=5,ANI News,"Sun, 09 Jun 2024 07:00:00 GMT",2026-06-14T20:38:50.913702,data_breach,True,False,candidate,https://www.aninews.in/news/national/general-news/42-year-old-accused-held-in-tripura-aadc-exam-paper-leak-case20240609203947/
data leak Tripura,"15-Member Task Force Formed in West Tripura to Identify, Deport Illegal Immigrants - Tripura Chronicle",https://news.google.com/rss/articles/CBMivgFBVV95cUxPbThKaUhvTWNIaUU1Z0xWNVR0T0ttUkdVeXlydlp6OWFzd0dBeGVvSUI3S3VSMFlaVDR1Nk9RUXR1QWoyV1BZa2NtLW5ibnlicTBJZjRhUFFoSDJTSmZSX2NWVk50RmdjbmsxQjYwQUJMQURaakpYR0ZWNE9yb2RFSFJBbjhQVW9IUTBsYnk3R2laeDFuTEZDS0o1MTgtU183YnphODhrVUY3NWUwS0t2NzJ2ZkstSmt3d2cyNC1R?oc=5,Tripura Chronicle,"Fri, 18 Jul 2025 07:00:00 GMT",2026-06-14T20:38:50.913711,data_breach,True,False,candidate,https://tripurachronicle.in/local-news/15-member-task-force-formed-in-west-tripura-to-identify-deport-illegal-immigrants/
data leak Tripura,One arrested in TTAADC exam paper leak case in West Tripura - ANI News,https://news.google.com/rss/articles/CBMiwAFBVV95cUxOY2FGN0IwUzJRVTBaTElXS3c0NFZZNmlkUTB5ekYyOHM0dm1tZGdpcWZCbE5wRFVrd0hUWWt3T3FoQUdkNkV2cFhtNi1ydVZCZ3pFM2oyS09Pb3oxMnY2Rk16VFowc1MzalBtOVZDU3dOREtILWVrdmZhUUhNeVVNLTVQZm95VXhqY19wa2FNSlAtUThCQkJxcWNZaVNpbkw1SDMxbkNHWXRCTU91UVUzeE1DSVhHdUtFMm9fbHpZNTI?oc=5,ANI News,"Sun, 09 Jun 2024 07:00:00 GMT",2026-06-14T20:38:50.913736,data_breach,True,False,candidate,https://www.aninews.in/news/national/general-news/one-arrested-in-ttaadc-exam-paper-leak-case-in-west-tripura20240609222206/
data leak Tripura,"HIV crisis in Tripura: 47 students dead, 828 positive; alarming rise linked to intravenous drug use - organiser.org",https://news.google.com/rss/articles/CBMi3AFBVV95cUxPQnF3YVU4QkxXb0R1RC1heDB0cExoTmhJdkFZOUcweXkxRzJHQ2FWT0t2b1BpUG9XQ0FBcERacEhneHl4T09GYmFfa0RIcjVFUjV0OE8wZkpDeGpjazNDdjZvRnFzVTZyb2VvYW5YNWY2Q2RTaU1xQkRwX2JBcW1vT2RUT1ltR2ZGNzhWQ2NPcnVXSkotUXN2SWxTbDJXb0ZrYnFmWjFxWWw3Y3B6VWFMRkJoZlZxTnJicFdOU1F2M2t6TXdBdC1qWkt4cFpPbjI0eEppbmxmdE9Qa1U00gHiAUFVX3lxTE1TcXdjdWU0TUFMLXVTS0Jhc0d6S2ZIZzdoNHpsMmRaNFdORGVkYjJUSkJVd05zUGg2bVdJSjVzNXhDeWF5UURIUjltN3VGQ1I3QldjX2UzRGFnWG1PT1djYWxkcEMzVVFGdGgtc2hsUmJPWExMalNnNWZzLXNVQnZVb2o5VWZWVXEzUV80YUlnYkVnTFMyS0pVeGJJUW5HbmY1SzZxNi1nSTExSjVpQmJqNTFraUZnMC1IVG5vYXVhTlZ5VGlXYVE0dy1EWmgtN0pueERGaDZiTkpKWTI5TWVBM0E?oc=5,organiser.org,"Mon, 08 Jul 2024 07:00:00 GMT",2026-06-14T20:38:50.913745,data_breach,True,False,candidate,https://organiser.org/2024/07/08/246262/bharat/hiv-crisis-in-tripura-47-students-dead-828-positive-alarming-rise-linked-to-intravenous-drug-use/
data leak Tripura,"Rohingyas use Assam, Tripura as transit routes to enter India illegally: Himanta Sarma - India Today",https://news.google.com/rss/articles/CBMimgJBVV95cUxOS1JLTFN1UmJjeHJMZnE1ZlJkVkRRSmNrd1c5a1dDTzdVdHdfOWxFc1hoRkR3UEJIdXYyRE5SR3RtT0ZtdjlkQzFUQTRDbV8wZDN0UTU2ZG9kdktLeWhLSXlkbW1OQ3dZcGVkZ0RSNkhwUHRKV3FHVExjaUd1cUNJQm9nSTNEVTNsUTV0cjA1c0R4ZTNnc0pxcVNpR3JZbWFXMGRrWGM5aloyazBYSTlKWkE3NTI2bFJLbnVDejZXeUxmR3I4bVFwbEE3b0VCMzA5UEtsOEJmWmpxUk5jeDRSWFNFWUE5eU04Nzc4d1VVVHVPcjV4bGR6MlBkeU9pNmZkN1lqSDdEMEVWNi0wQ212RDJmcHBtX25mU1HSAZ8CQVVfeXFMTmZkcmszZ2tjdVlPVU1sUHU2cWlGdm9KMTlRTXo1cnhTN2J5X1RyZldVSXlEQUdKdHR0eEpva2Nkb0twY1Rwb25SVFBYdlZiVWdIcnZ5UEUzMFlYMXppS2lmMXU4MVJibGY0dUJEZ2VzelVYUTNqUjNybTVmdkNLeTVzRVlOeWEtdFFZWU82S0thQk56SzZuMVVOT3lzVUdSTmpVd1gxSGd5QVc5REF2bVZxS3dDVHJJeGJ6VWRNWjdpTEF0Wm43TUJuc2tPd18xZkZ0M0pRdXdBM2xGdmNhei1NakI1TnhkcTdCeHFMSHRvNlhCcFQ1bWFsQ3NNblN0YmF3TktYMWlHaTI1eUJERnpkbWpKVjhpTnpoWHVudkk?oc=5,India Today,"Thu, 07 Dec 2023 08:00:00 GMT",2026-06-14T20:38:50.913761,data_breach,True,False,candidate,https://www.indiatoday.in/india/story/rohingyas-use-assam-tripura-transit-routes-enter-india-illegally-says-chief-minister-himanta-biswa-sarma-crimes-ncrb-data-latest-news-2472957-2023-12-07
data leak Tripura,"Tripura power minister defends smart meters, rules out apprehension of discrepancies in billing - The Times of India",https://news.google.com/rss/articles/CBMi_wFBVV95cUxQN0FoVmJ3SENUNWxqMTdGU05iZmNQRnY1UWQ5b2NOQTdoWEd0UjltdFVubVhwWTEyR2hXTVhrSW9GUEVRWG1vTXd2dV92MG1EendvcFRWMnliZUw2cWx4SDBvTHNsQjlVUHBrcEdGNlNwdkFadmQxcVdyOEIyd1FBZmtKM0dqdUd1aTROWnlRazBPcG1JNTllVU5jajdfRUw0dnRibzlHTFZKY01LS05MQTR0Y3dUSnAybUlmUy1kOEhKNHhaZW4zTmJ2VnJPRE92aWVIZEJvWlp0Y1RjYlN1MGlrQTlYN05JdlhDLWtCc2RPdC0yclBpdTQ5Q2wzaVXSAYQCQVVfeXFMUFBwNUsyaEIyWllKLXJ6bkxBM2N0MUxrci1GNWZETzJFVkJGV1N0bERTYXdnUFZPMHNWR3ZGaVZNSm1mbm9lRGV3RDFZQ3l1SUNCWmRwVUFlUUpBZEI3NzBIaVBVZWFYeUZtRkV2c3NpdFprRTQ0QTNvdDhoRGt0QndUbF9uM2E5RGJTUk1jY3ZtSExUaF81V3VTY2JnLThsMW9lQ1NIUDgyV3RzbWYweHRlSXFPcDhudzdveDhIbVhUblpCYU1NaWxjdVZlNGJLQUg2anhZYVN4LUQ5T0NTLW01SG0wZnJHNjFfbDlUa2FqM2hkNHNmLWkwUGg0UjhkYmRxXzM?oc=5,The Times of India,"Thu, 25 Sep 2025 07:00:00 GMT",2026-06-14T20:38:50.913769,data_breach,True,False,candidate,https://timesofindia.indiatimes.com/city/guwahati/tripura-power-minister-defends-smart-meters-rules-out-apprehension-of-discrepancies-in-billing/articleshow/124098140.cms
data leak Tripura,Tripura govt join hands with IIT Kanpur to build data bank of schools - India Today,https://news.google.com/rss/articles/CBMivgFBVV95cUxPcnBTckVMRmltbkU3VGtkVW50cDM0MjBUWEFQMmg3NE52VXViWlowSGtJa1RGbENWRDZQaU5Wd2VXSzBqT3VHdmxOMkFRQWowbVdRdmlTNlA4Sm81blR2MGpJTDNLYzFXNHpROXJpUE80c3pScGFjXzlmVEF2ZTBBOTdXanVseXI5NFFwbE9scDhNVGlFcFoyZE9GcmJnRlZLc0Z0cENXVDNSTHlEQ3BDbVFTdUhjSzFURnFzVHR30gHDAUFVX3lxTE03UjFON3hiTm5VTFE1N0Uyci15cEZ0OW9xODc2UUJSdE9ZTUFFeUhja1FDcXZrSHhYR3RYWTVWNU1pX2l2S0EzY1Z6M0VjU3dPSVFMRURBVTZ3OEFiQzkzeEhVaVpuY2tUMmFVb2Y1a01teDhGV2ZCRHc4d05LeFhtMUc0Rm8xR2V3VGFxSTBzSzM5eUVyclFqLWpCYzNBczl4Q0VBYjRPUnI3VWNlalducU8tTWJsZUthYVVWWklHNU04WQ?oc=5,India Today,"Thu, 13 Jun 2019 07:00:00 GMT",2026-06-14T20:38:50.913785,data_breach,True,False,candidate,https://www.indiatoday.in/education-today/news/story/tripura-govt-iit-kanpur-data-bank-of-schools-divd-1548018-2019-06-13
data leak Tripura,"Reverse water pressure caused flood severity in Tripura, MEA denies Bangladesh allegation - The Times of India",https://news.google.com/rss/articles/CBMi9wFBVV95cUxQcFN6a2dtRVFYeUFMamF5Zl9HMk5pM3RSdTJmOUNnQVBQOE0yUlVzQ2p6bVRrUklTR0FFR0dMNGNvTVVNZDFBQzBQTUhZdTExUmtuYjJsMFJJU1pjQ2ZLYjZnWUl5UVFoWTVNU3ZBdUdZUGREajJSR29Od3lsdmY4WF9aajZDS0lZWm9WNGpFcUI5UjFLNzdmOWJ2VWVFOFZJM1ZzNENIZThEdDlCZzQ3ZFRnM0gzSng3cU0tQjhYTVNZTEZCQmgtRXZLeGIzRjB6LUg5OUhkSGY0Zlg2V1Q3TkNKemlhNFBLckhwTzY1clE5NW5pU0Iw0gH8AUFVX3lxTE13SERwSzFXOXV5eUw0MzRQc2xCVGZONkZHU1VvVHo3R0h6Q1BqTXhnRER4RzZrQXVrZWdmRmJsRkpiQ3N6QTJWby1UTUMxZkxZTGc0bEl1bFJpZWRCVkJ6LXdfdU45UUpPQXhRV3lLRjhwbjhtZjJ5YkhZYWI3Z1FSRnJYS25GM2V4TW1yMFd5VW4xSEhmZmNKOU9kbVFEck9kZFBRVm9KQk1KbW56X1pDVWt1eFBXdzBpZ2QxODdIOEZtbk9XVUJXQjR0Uy04R2JwSkRnVjdDZkZlZUVObWZWajZxalZtSDViOUY3ZFZ2VmVDMWdGdzFXVmN2RQ?oc=5,The Times of India,"Thu, 22 Aug 2024 07:00:00 GMT",2026-06-14T20:38:50.913810,data_breach,True,False,candidate,https://timesofindia.indiatimes.com/city/agartala/reverse-water-pressure-caused-flood-severity-in-tripura-mea-denies-bangladesh-allegation/articleshow/112708389.cms
data leak Tripura,Tripura government schools to get e-attendance system for teachers - Careers360,https://news.google.com/rss/articles/CBMikgFBVV95cUxQUzRwS0w3WFE0ZERnMlFZVEhCRGpoODl0UFFuZmRaQ1RPdlFCRUJXS2ZwZ2J1WUJxUWEzM0tnRXVIVDVnck9uekNNUDBwX3hDdHAwMHVCM1g4TVpYeWlGTEJfUVhyZkVGQThsbUpIR2JITVF0dXdlVFJIQXFCZFZXRDg5YlhhZUUtdkVGMUp6RGFoQdIBlwFBVV95cUxPT24yaHJiWmpKdzJBNGphUHplcVJSMDRGUllKbVkwdEU5TFNoT0t6MGhqMmFoRzJXSGQySVFKTjZNNkpVSmxKXzY4akVnWnA4RHFkTlFMcTQxWTVCUEJ5OGF3b3pjVGlmbVNsSUlpMzZqYVg1MkpObHdERGEzbTY3NFI5Vll2SWNsal81MmF5Z0JIa2Jra2Vr?oc=5,Careers360,"Thu, 09 May 2024 07:00:00 GMT",2026-06-14T20:38:50.913818,data_breach,True,False,candidate,https://news.careers360.com/govt-schools-in-tripura-get-e-attendance-system-for-teachers
data leak Tripura,"ONGC waits 12 years for Tripura gas exploration nod, causes revenue loss - Business Standard",https://news.google.com/rss/articles/CBMi4gFBVV95cUxONmstX0tMSHpBZkg2bVFBNkJ1aXFzcUQ5TERXb1NrNThScGNYeFpKbFBVbVFXaVJOMnlUekt6T0VJZVZUcWZnNjU2bjYtSHM2Q2d3cWNGMkNtU1Iya090bjB6X0JMMi1uTDF1dGNZWUhuTlYtMVR4bG9qSVJfTnQ0ck5ZdVVLT2s0c3FRTmpDaEQwUTBOMTBOVHRJcEttVWlsQmM0cTZIN3I1V2dqcjZ5b1FqblBXUHh1b01LMVRZZVhTb3p3LXBHWWZIYkIwLXBlNDhVWGozU0tYUHpMSURleHd30gHnAUFVX3lxTE9ER2RiSTl6eFdGZzh5MUpycTdQOHE3TW9na1lEclVnNFZUZXFXTGQwMF94SkVhMW1JUEQwWkJ5b0VCTzFIRmNFVzhwOHpJcEtlb1luZUVTR19iNXJ0ZVFlRm1ac1M3dVctUUZRbWNac2ZlUjAxMXF6X21hMEVYSXZZSVNMSFRKN3RaOTA5S3RRMVFCd0dkdlpXb0VRM1M2bmp1NUpmbTNYWTREdHFCUWhYMm9KQWpXcVgtdjVPWl9KNGZST05RTFdLLWtvZXZQZTlWT0ZRbTFuWlloZ29FTngxQVFlZ0JTRQ?oc=5,Business Standard,"Tue, 01 Aug 2017 07:00:00 GMT",2026-06-14T20:38:50.913826,data_breach,True,False,candidate,https://www.business-standard.com/article/economy-policy/ongc-waits-12-years-for-tripura-gas-exploration-nod-causes-revenue-loss-117080100477_1.html
data leak Tripura,193 new flood control projects planned to combat river erosion: Tripura CM - India's News.Net,https://news.google.com/rss/articles/CBMitgFBVV95cUxNUkJYOXlwNGFVbmh5ejljeDFOVEw4ZFdURE1DNTdnd2p6UGFFSkF6bXk3TXR4Y2xLZWRXWmlJUkpHMThCU2kzY01HWHhkTFBWd3B2NWQ1cnB1djRuZVdEWFQ1M0E5ekxBVmZaYUtVTWJYVWZkRTB3RXVYbXdWUEg1NWVMSWdIVC0wOWxYbVJ5S19GN2hOU1hjVkdXcTRuV1I3YW1RcnZlb0EtSklRdFptWVJuRkwxUQ?oc=5,India's News.Net,"Sun, 17 May 2026 01:31:00 GMT",2026-06-14T20:38:50.913855,data_breach,True,False,candidate,https://www.indiasnews.net/news/279055529/193-new-flood-control-projects-planned-to-combat-river-erosion-tripura-cm
data leak Tripura,Tripura: Shopkeeper detained in district council exam answer key leak case - NENow.in,https://news.google.com/rss/articles/CBMiuwFBVV95cUxONTNUTllOckJYMlF0WmF1WURVMmlsU1hMWG4zNWFMTUJobUUtNnZ3a0o1cm9kWnV3SkFzeXNRb09sdEJrM2lkWU9QMHZlcEFmak56b2ZMUUhqR1hHNkZXUldqNk1udi1WMm5TcURzVlpGTFpJSVltQ2hVbkNQWWxvTU5RcGoySFM3VlFSMUJxTE5wYXRUNGtFUWozaTk4dExtVEVyY2l2ZmdYYzJEWUpvREEwdnUzOWNFRm5n0gG7AUFVX3lxTE5XM3JaclNyNUQyRUtNS2l1SlNnbHFiSnJ0bTJBSVA4X3Awem9fNmFZOGp6RmdQakxvZG1vMmtnaTktaVBWNm5oTld0RG94ODFBUnVxTHpObWJyZ1ZtdllZcHQ2dFB5THc2SmphVkxVTnpsRjR1ZFVPUXJ2YWUzSGVnOV9Cd1prcF9xWnAzbU5MSGctTGpvdm5DaFVTcVBRcXlXcTU3blNlZmQ3TC1vR01PTU1DX0prS1RYVjQ?oc=5,NENow.in,"Mon, 10 Jun 2024 07:00:00 GMT",2026-06-14T20:38:50.913863,data_breach,True,False,candidate,https://nenow.in/north-east-news/tripura/tripura-shopkeeper-detained-in-district-council-exam-answer-key-leak-case.html
data theft Tripura,"72,432 Power Connections Disconnected in Two Years; No Leniency for Defaulters, Says Tripura Minister Ratan Lal Nath - Northeast Today",https://news.google.com/rss/articles/CBMi5AFBVV95cUxPTHFKVENNNFdESlJJbUFpMnYwUEo3S0VCMzJRcU1ucDhwY2ZjNXlSMGM1MTE3TnRXSTE4YjNNeGRVRlFqcGQwdzF4b1h2eXlNUUh6Q0VRNmg3QmYyMWN1TXJtUlliUlFHOS1oWTM5U29EM19jLXpKZUllUDFjd01QRTREZHY0OUd5VGZVRllMb1RlZkFYUkdvNWQ0YmdEbDNOUFBhVUtvQTE1YXdCRm53RWJZeC1VS3hwWklKSHZzcjRRTU03dGdBcmlpZlo5elhRR3hGUVJnNXMzQkI2eVNvd1UxbHM?oc=5,Northeast Today,"Wed, 10 Jun 2026 06:59:18 GMT",2026-06-14T20:38:52.935280,data_breach,True,False,candidate,https://northeasttoday.in/northeast/72432-power-connections-disconnected-in-two-years-no-leniency-for-defaulters-says-tripura-minister-ratan-lal-nath/
data theft Tripura,Tripura recorded dip in overall crime rate in 2024: NCRB data - The Times of India,https://news.google.com/rss/articles/CBMi0gFBVV95cUxQMGtGUl9UaEsyaENlb3ZGUnpwc2l0bkVDS1JVb19fbUtUQVBYUHpYZzNKMEJBYnA1S25lRW0tOTBxcThnUTlMSkY2bEMySE56N0VkT1hqQUJmQkh2VFpEZjMwUU5teW43UTJhQ2FxdHhKSzFSRjdISEtzVTBSN3BzS2F6aEhYVkFmNjhwdmFGTlhaX0hyYkxOMGZMNVRLblFVekNBYUJmejRhYXhMcHFmbjZXYmZ4cmFMcDhVWVg3c2pQNkFMeUxCRkZXVFhfNkxzNXfSAdcBQVVfeXFMT3lnN0JEMXBIR2lUMkxYQ0JCRzNEQVN4Q3JwVWNOQnRWdHZuZGhacGxxQ3AyODVRRjVOdk1HazQzd1RRdko5d29rUjZmSDNVZDBOU3NZMThpNkxMMHFnaEZaazl0SXI4ME1MX3o5TWlyMkd3aXBUYU1YWnlBMDd0NWhhT0NqV19CdE9YbkRoODlkc1JJSnVWZmNHUHBXdE9vTHRtNHRreXJhT1Fsbmo1b0Y4VUZ6VGtNQ29QeDNaOXdvclBIV1VpTHdCTnBEZ1pxNjVac2IyVDA?oc=5,The Times of India,"Fri, 22 May 2026 07:00:00 GMT",2026-06-14T20:38:52.935327,data_breach,True,False,candidate,https://timesofindia.indiatimes.com/city/guwahati/tripura-recorded-dip-in-overall-crime-rate-in-2024-ncrb-data/articleshow/131251071.cms
data theft Tripura,"India rebuts Dhaka’s mob lynching claim in Tripura, MEA says 3 Bangladeshi smugglers died after crossing border - Mint",https://news.google.com/rss/articles/CBMi-gFBVV95cUxPdDlVRXZwTXZpY3ZOVFAwb1ctbjExSE92T0FpOHVFSWpFbWJQV2k5ZFFvWllfZG5aV2M0cFB3T2dyM0pSX3pyOHFqV3R5MGlyeVdaRTY5cnBrVlN3MnFNTUVoeU52OGNtSmp0YUFJaVVQQ1JIWmZrTVg4V29kUmVhYzRnbHFfX2g3WUZaYU5TQ1UwS1M0NmZOamtkcjRaMGtsT2RoM0lPMHRJY2FkZnhkazZIR0FadXRFTmZxV0RGSzNlU0hFX3dlVl9YV1Rnd1Y0U3pRbTVROEtqN1hwN1FhUWk1V1hla3hMR0Y3OWU5Y0k3QU15b3E1NTdR0gH_AUFVX3lxTFBVa1A0RzNWaU95Z2pJLXhFcHd3LThFVEM3aFdtZ0daQ1lja2xSZWN5SmZNRHlfTjUyRzBRdzJ1bVhkd1BDWlhmM2JmX2V3dkVlclVHRWhrM3cyM05RcDRrTXNEejFvREUzRFhqMkdaenhIUHR0bGJIbG1BczNJenl6TlRmeXhSWk53Q2FGVmRJOFE3NkNIaDZSVjN4ZUp6SUFIZVFmRjBmY2tWQXhmeXRMV3R2V1F4dG5YVU5zanRUVm0xRy1COG01eVlEUzdJWnRMVldGamJabTZpaXdYN1otWUpURG5vcWRPNVpyZzlQWW0xSy16NTRWM1FHWkJYRQ?oc=5,Mint,"Fri, 17 Oct 2025 07:00:00 GMT",2026-06-14T20:38:52.935410,data_breach,True,False,candidate,https://www.livemint.com/news/india/india-rebuts-dhaka-s-mob-lynching-claim-in-tripura-mea-says-3-bangladeshi-smugglers-died-after-crossing-border-11760700161996.html
data theft Tripura,Tripura aims to install 6 lakh smart meters by 2027 to modernise power sector - India Today NE,https://news.google.com/rss/articles/CBMi1AFBVV95cUxOcGZRYkFHZjRNdnItRzFpN3BPMXE1Ty1iVU9JeEdqVU5jbmtTQU04aDBLdG95a0hPellPYnNUWTd2OG12ckdBNFVjUGFnOUhRYjdlS0ZiSzk5ZUtHenZVbjdKOTNmaGhmaVE3R1NaVmdFWllTOGJfVXlGWFE5V3lNeHgxNUlZaE94OFM2QmluTGV1MTlXVDVyQmtiQl9RREtrbURuTlY3UFJHVmVBWWFLS1M1UXY3TXF0SXdURFRQZFZfZXZ3dElzV1ltc1FQaWlSbTFsQtIB2gFBVV95cUxQcGROMk9RMnlmWHpFeEplV0VjUU0tYmY4LTdmdVM2Y2NCYnZ4WUlPcGQtajFUN3lsUEdIRjBwcjl3eWJiMHdMYXh2RWVmQnVwQktVU3lPcjFPbUVhOGJXdHlxcXVRZmxPdG5MWlpmODdDQVVwMklFUUlvSUV3ckgtTnZDbW1IaHhEWEItVG1tX1BXbGVJNDB3eFpQbXlCR1lPZlFDZDZfWHhELW90cmtaQUJ5TFVMaldjQzhOR0RYd1BremRfZHJRRDRtc2IxRkNxWm5TMXZYQ2tWZw?oc=5,India Today NE,"Fri, 11 Jul 2025 07:00:00 GMT",2026-06-14T20:38:52.935449,data_breach,True,False,candidate,https://www.indiatodayne.in/tripura/story/tripura-aims-to-install-6-lakh-smart-meters-by-2027-to-modernise-power-sector-1243179-2025-07-11
data theft Tripura,"Turkish cybercriminals hack ATMs in Tripura, steal huge cash - The Hindu",https://news.google.com/rss/articles/CBMiywFBVV95cUxQQ0xpQ0M4Z19ZN1pPalVHOFRTUDJyR000ZGJIalVkTDBpNXo1bi1PV3FIRGVfbVR6cmJMRmU3S2VJWHFOVWh6OTVIZWk3cFRJdzNuVHM5cXNvd3F4aHJUUU9Za0YzZTEtb0x3NXRVT2RiM3FhWGx4TkdNM1J4ZnVnZjdkd3lGcV9KU3ltam1sWHZqQU1wNERrQmlzTE5RSlJWWk45b2QzcVoxd3pwbTFtMGR2elU1MTE0VTNBSnNsdU83UUtidXBwR2RqZ9IB0gFBVV95cUxOU3dBa2tzLUdFRy0tRTlaSlRQTFk0azZGRzdtZXZFdWFJUmktN1lKRXJwVzNFMWhiT19QZmcyV2dXVm5vc3ZmYzNqQTRIVHpXRHlsNm56N0xxZWFPUUo2RzZWZ3QzQ0FZQURGdDZESmVjLUY5YlRaNWV6VklRTE1GNm41QXZ6RVEwNkp5LUVmaGFCa21VeW5idWdQal9ENkVEaS14YmwxNGxzZlN5V18wZV9rNmE2ejZJblA2T255emxDQXo4bHpFNGhZaXZkdzNiMUE?oc=5,The Hindu,"Tue, 19 Nov 2019 08:00:00 GMT",2026-06-14T20:38:52.935509,data_breach,True,False,candidate,https://www.thehindu.com/news/national/other-states/turkish-cybercriminals-hack-atms-in-tripura-steal-huge-cash/article30010268.ece
data theft Tripura,"Tripura nears 24x7 power supply, climbs to India’s top 4 in electricity distribution - India Today NE",https://news.google.com/rss/articles/CBMi2wFBVV95cUxOU1VqeG5XQmt3UHN4aHZGRHVlYmtVajh3UXlnNk1UTEJrSmhBVEdnMjkyTFNCY3lTNHVFeU8yX2lWTllzVzBpdmlvUEw0QnhkNi1Ic2JKZWRMSTdBSkNXTGU4WGN0c3gyUjVxbGNwWS1nd0dKMmViblFselFvVzJEdWJvVEdNd3ZScHY1dE9nMEhtVVJyM3NTNFpxS25EdXh5cVRDaGtHNHREaXZPU09HdEQyTFlFcmpVa18yS2J3X1U3ckxQQWxKX045Si16bl9GQ0VSRzlxWXdZQVnSAeABQVVfeXFMTzlCZVg4OTEwVmpOT1ozajdOY3ZQdlZ4cldQM19WOTU1YXdEVHhzSXpmWm1sa0h5RF9kdEM3R05ZRFk0OXVpSlRXZURJUHlON0NOeEJnbUNWc04zUnd6dTY5UXlIQ3N2QmlYNWlENEZmWkFHZWRQZ1ZrRzJsU2J6MjlZODdEZTBnVzd5QmZwV0dFdXpCQzlyZFpLbUlEWGJYZFJoSUt4ZWg1bnQ0Vkhmb1VoQXF5dDMwdTBDdDBLaV9rc0pNYWxEMDl1dDVuUDlCQXFJYmFpei1OTm96RXlEeU4?oc=5,India Today NE,"Tue, 25 Nov 2025 08:00:00 GMT",2026-06-14T20:38:52.935588,data_breach,True,False,candidate,https://www.indiatodayne.in/tripura/story/tripura-nears-24x7-power-supply-climbs-to-indias-top-4-in-electricity-distribution-1308692-2025-11-25
data theft Tripura,10 Important Things to Know About Smart Electric Meters in Tripura by TSECL - Borok Times,https://news.google.com/rss/articles/CBMioAFBVV95cUxNdXlzMDBuSVdfWlRFWXc2TEp1MDlpNk9Ya3dHak04TzNSb251WWFRUEF4eVhMWkhrdXkyRzhXWkI0VkNfOFAwNkVQOHJNdW9IbWlIMmNEUVctNEVjeFR0Zl9DMTZYRjRobVAtT3BBR1RRdzVBQ19ydE9UeEUyeUsydGFXX3E3Zm5sekRqR1lIeURkNzNVRkdUS0oxUmtQWU9s0gGoAUFVX3lxTE1Pb0xkcnhxM0tEeDlHQThKQnVXMzVOT2p2Z0RCQldza2dtQ0JjNHVFcWpHbTlKaTYwSkxVcmZtNU9BdWkybUVtcE5RNFNxQTA1aUpCaFlDdUJVaGdLbmM2S2NvVmszd2Y3MG5lc2pXNE01dzVVQzNQNjB5VHNRTDJEc0lReG1MUk00eXB1WXhuSVVhWkdncnB1UjU4S2FXeEpTVFRsUU5rYw?oc=5,Borok Times,"Wed, 09 Jul 2025 07:00:00 GMT",2026-06-14T20:38:52.935613,data_breach,True,False,candidate,https://boroktimes.com/10-important-things-to-know-about-smart-electric-meters-in-tripura-by-tsecl/
data theft Tripura,Tripura’s first solar village coming up at Rangacherra covering 600 households - The Times of India,https://news.google.com/rss/articles/CBMi6AFBVV95cUxNaldJTGF1V0NoNG41UkZBdmtnVXZTYU1Ea1NKcnhzRlFGZFJaQTBmZFU2N3doRkZFeDU4WG1KTnVKNk01Y0tBMkwyNGUyYU94aFNJU0hTV09PSmdnVkZkLWYxOFZTcjNfZ0p5dEU3VWhocko4RGM2aTRISnE1N3BUSTFwSWY2ZUdGQjQ0enRNc0lGWVFaRVZyWHNvZjZWQUtzc0VRZXJvckM1UEhYbzZILUp4RnFoOGd6aTJZOTNuSlNndlFMbXV1RGoydnM1R0ZEU25RRW1lcjIwb2c4U0dQcC1VRzNEY1Ff0gHuAUFVX3lxTE5EbVgzcGpYcGN3VDBxSl9kc20wRDQ0SkQ0SzhmdkhCX2RiS1ZXUjMtVXF0dzQ0OE9SZWRZclU2aWZwS0dxQjQweE41U29ucERQek9NMS1ONGQxSTItb2d5UnBHd2JtRmg0NmIzck9mRW56aG0xRWZlWnJ5c2ZScTliUnlTZWdLV3JYN0R5QUg1c3RsT0g1QlZIRUppZnRZU1hLdWJaMUNuc3NCV25KckhYVUE1ZWluZi1wTGRIOFk1MVUtRWdRYkhRRnZ4bTVUZWtUa3JRNi1Jc0xmQmdXT3B1aWR5RHp5WlFnaDZoemc?oc=5,The Times of India,"Fri, 11 Apr 2025 07:00:00 GMT",2026-06-14T20:38:52.935625,data_breach,True,False,candidate,https://timesofindia.indiatimes.com/city/guwahati/tripuras-first-solar-village-coming-up-at-rangacherra-covering-600-households/articleshow/120214462.cms
data theft Tripura,"Tripura's Agartala Another NE City Hitting Dangerous Air Quality Levels, Follows Guwahati & Byrnihat - Guwahati Plus News",https://news.google.com/rss/articles/CBMiygFBVV95cUxQUUN6bFhpdTRjbW9CNzZjdzVjakNKX2dldDNSdnFuSnpRLVVOUmNrTUlNWjhzc1FuREhVLUFJMW1aUHdNdms1R2dFaFBNZWNRaVlXczFpLXBBR01yb2wxc09LMF9ycXJlekZkQy12b1dzWjlDSGQ5Um0yczVGTHRQUDl1NWZmMnpPVkM5M04xT19UVEJRTzY1U0lEbFoxUXdlX29JYVlsa2s1QlNxdllBQW1PZWpJU01WejEza0RQTTd4T2NLVkFIb2Rn?oc=5,Guwahati Plus News,"Tue, 29 Apr 2025 07:00:00 GMT",2026-06-14T20:38:52.935652,data_breach,True,False,candidate,https://guwahatiplus.com/guwahati/tripuras-agartala-another-ne-city-hitting-dangerous-air-quality-levels-follows-guwahati-byrnihat
data theft Tripura,"Tripura's Latest News, Views & IT Portal - TRIPURAINFOWAY",https://news.google.com/rss/articles/CBMi3AFBVV95cUxPaVZBNGdPaFRLbEpyWHdieTJobGxvWW5kazB4aWdGbGE3MFNic0Y4VmYxbzdJcjBmbHZpOUZWdC1Ba21oWHItVFJxdnNYbTlCV1BmeC00dm5mN21rQTZLYU9PVmhEeDNwRlhOVXhLeGVSNDFvNXppYWZHOHplaEFSc0VENEVQd0tpclBVSGhRSzZkMGR1a3dzVm5WUmQzWnhwQkEyajV0eHF3Sk9zZVBaYnRTRWpnSm5aZXdLcUhTaWFEYzJkRmxWY2tUQjE2UktGUmd2eHpRckljTnd5?oc=5,TRIPURAINFOWAY,"Tue, 14 Aug 2018 07:00:00 GMT",2026-06-14T20:38:52.935690,data_breach,True,False,candidate,https://www.tripurainfoway.com/news-details/TN/112787/a-euro-tilde-shukla-sreejesh-are-active-since-5-months-onlya-euro-trade-claims-biplab.html
data theft Tripura,29-year-old man lynched in Tripura on suspicion of cattle - Business Standard,https://news.google.com/rss/articles/CBMiywFBVV95cUxNcjRNZGJHT1lYYlctVnZPd3E4V1lOMC1RV1d4Q2ZLc3lacVdRcFZlTVhzRFF0RHBMTEpaaXNRaWpSUG04MHpZNjNSZS11elBrN04yOTIxMUxWUTJ1Y2tISldLbXhYd2M0WEtsbFZvSnN6Ukl2ZGg1Wlp3d0tBZTdGRkxVUGlndUtsQ2N4dzdJNmlVbnJpaHVTUnp3VEZCQXFtMnhDLTNsbVFENkJ6azJ3eWVfTHNIWHduOFREZm9tYW5IVEdMOWh6QWs5NNIB0AFBVV95cUxPU0FwYlZ1UFk0NDMxSThISk0yTWFkS3hGak9GY0VsZXBFQmpqY1BHeTkxRUpqT1B1blJHYnpvU21oUHpLYVRwRV9uXzVPX3ptUEU4YVRrS1d4ZmJWa0lnRjJWVTJ4ZTNKREM0a1kwV29PN0puRXlyNzJtaXBRWHBqQzhONm9rLVFTeTF4OUd0cEdUekhhU3JZUVdfTjBRaGx1bjEzZEo4ZzdDOWJfaEtzajhqS0RxRk5sUkVud2wzejhIMUE5RVV5V0tPV3NuRmpS?oc=5,Business Standard,"Mon, 23 Dec 2019 08:00:00 GMT",2026-06-14T20:38:52.935746,data_breach,True,False,candidate,https://www.business-standard.com/article/pti-stories/29-year-old-man-lynched-in-tripura-on-suspicion-of-cattle-119122301062_1.html
data stolen Tripura,"Tripura Minister slams former CPI(M) rule, claims “Blood was exploited, not donated during CPIM rule"" - India Today NE",https://news.google.com/rss/articles/CBMi7AFBVV95cUxNTmg5Vlc5UENpeGhkQ0Y4UWcwOWNSTHVHZkJVRkF5X2JzRDhZMHNCY05qOU5nMzZZWHRmcWhjVjJKdE52MVVmQXRINHUtdmtBZXBkWGstRk9OWElkRW4ybV9Hamw5Y21BTnVqaXV2bGowOEZrTnc0Z2JVOHRLTm9TT3lJT0FKSElXZDRmME1iNmVGTGphdGFTQzRQLUpXbUlwdVplZl95RkN4dzNKRjNrNkk0Y0swSWVMWE5vM3hQWWpoMm9pX0U2dldoQ0hzQW42WVBaeVZQR2x1eTlzOGFES3BvSmVhMEFVbmF4VdIB8gFBVV95cUxPcndZa01YLUtKLVJxYjhwZFNCV01hSHFJMU9wclBCdFdTYUZONHRIYlVwLUN5YUFqcGozbGdtZTNKbnp6djdpUWFCVUxseTUtUFR1TzhEajI1RUlrT05lZG5GOGdtSkxER2xTd1oxNXh3MWp1eVhULXpVUHE2MjNJWHcyaGc4UEE2SlBwYzJmVDUwd2dGQ2tieGFOdS11OC02MjdDdGxsbklOQTQ4cFZIeWxoQVZXWWxyNm8zcHE4cmRwSWotX2IxRmwwSHdMWUJYbURjS25Ja2tNVFJadWk1RU45RlkybmZSUVJEUGI4dXdQZw?oc=5,India Today NE,"Sun, 07 Jun 2026 14:14:05 GMT",2026-06-14T20:38:54.558830,data_breach,True,False,candidate,https://www.indiatodayne.in/tripura/story/tripura-minister-slams-former-cpim-rule-claims-blood-was-exploited-not-donated-during-cpim-rule-1404237-2026-06-07
data stolen Tripura,Tripura’s Economic Threads Strengthened by GST Cuts - PIB,https://news.google.com/rss/articles/CBMiZEFVX3lxTFAyaHIyazZ6U2hFRE9ZRms5TjgyWXNXMXFVaHE2M0gwcF9hTUpob1N4TkdWbDdPWGludDM1eGxpVV9BR2IzWXZ1N0NwV3VPQUExdEtUV0JtZFJTU3VRLTZnYUxZb0Y?oc=5,PIB,"Thu, 23 Oct 2025 07:00:00 GMT",2026-06-14T20:38:54.558872,data_breach,True,False,candidate,https://www.pib.gov.in/FactsheetDetails.aspx?Id=150411&reg=48&lang=2
data stolen Tripura,Tripura CM to seek expansion of Churaibari check post with Assam - The Times of India,https://news.google.com/rss/articles/CBMi1wFBVV95cUxQV3pTQW9xVGJUMzd0RGcyc1kxOVI5ZDhKby16VUNsRnVJWWNpSTFZdmJJSVpSS3pCNkxfRWNzUUpQT3hCN205NFA0ZUxrVUt3NUlGeG5ISHQ3bjJNckR4OHZCWkhBRUxNTkFzZ1R3NzQ4SzJ3eThVTUtqZDBCVTRWOWpzZVprbDB1MmRnQmk2dU5sXzNaUXhzZUNHWGl4dXU1UjRpdWVtNzdPUTZnaE9jWXNZSng2Y0w3VUdISllTcUtCN3FxSHBvR2NjVGdpbl94MXpycGtGONIB3AFBVV95cUxQV19kZkdES1RTTGZDMkpxWUNibjA2RUROVk9JUmp2VlRwS0JSU3dsMU1UQnA3YXY0dDBMM3BuUm9wWXlvTU05OHpQV3BJVnd1Q2M4RDBTUTZ2VE9ab1dISWZLYTczSnZaX3dXcjZXRjMxVDFVLWFRX0EwRmpJZUhHZ2FlQ2ZVaFQ1OEltSzBiLXBsLU5ITWYybFJPa2xfSS1HYkwyaWhKSEFWNUhQcU9fdEgtRjZMQW5NaWVWdjhvVE1XY0xNQnFwcXkyWFRRV3l0R0V2Y2hZZ09DRTN0?oc=5,The Times of India,"Tue, 13 Jan 2026 08:00:00 GMT",2026-06-14T20:38:54.558900,data_breach,True,False,candidate,https://timesofindia.indiatimes.com/city/guwahati/tripura-cm-to-seek-expansion-of-churaibari-check-post-with-assam/articleshow/126483470.cms
data stolen Tripura,"Tripura battles rising child marriages, Sepahijala district tops with 103 cases in 3 months - The Assam Tribune",https://news.google.com/rss/articles/CBMizwFBVV95cUxPUFowLTB5Tm15MElPdzR3azJhMC1YRGJCTDdWT0tPMjNSSkVUZmNpNFNNQUxPYzRva0ZnbElqS0pGUWREZHFrejhIcFJRa0dtVXZPT3RmN0JSQmp2LVJHQXJPN1NnVjNvM21vN202YWZGUFEyZHo1QkNlV0MxSVJtVDdiOWN0Y3dQS3BESkVUYWZkRm80SzRxWEZya2s1ekJwZUlLaW1vRGpIemF1Yk5xUUZZMDZ2T3ZqV09mQzhMd2puZ3owSnVWa3lRTGNRUU3SAdQBQVVfeXFMT1B2SXVMQW9JZHBKUnhIcVRfMmd5NU96Nm1sVTloazN3RUJiN005dnpZdnB3eTd6X3Y2aUp4T2NwdlJ6d2U1R0tvcW5kQzRHb2lmM0tjRDlDalU5MTBTcGVZM1hBZTJ5cHlBN0YxNDFBTDl6WlZUVHM1eXUxVEpUZGFwbjhSQ0hfTDdBT3Rpbloyai1JYUE2MDd5NXVhN1FRTkk2WjNzVUZBQTZBODZBZU1qQWpfb1FqR3FfQU9obmJIWDlkT1ZMaVJCd3YyLUtyM2tBZ24?oc=5,The Assam Tribune,"Tue, 05 Aug 2025 07:00:00 GMT",2026-06-14T20:38:54.558913,data_breach,True,False,candidate,https://assamtribune.com/north-east/tripura-battles-rising-child-marriages-sepahijala-district-tops-with-103-cases-in-3-months-1587355
data stolen Tripura,Tripura to implement 193 new flood control projects to curb river erosion: CM Manik Saha - India Today NE,https://news.google.com/rss/articles/CBMi4gFBVV95cUxNalh2akkwZ245aUhQZTBsMU1tMXVkUDIyS0xjU2p3NHR0aE1vT2J3YU9UNlY3MXpvd3huaDViUjFva2sxb2wyZmlYZmpiNjNGeFZOckprWXJMNkkyWmk2Q2dPYmNoMEk3Z01wSldBOG5teW1Jd3RuLUlwV19JRUpqM3ZwUmp2OFhoWmhnWU1EMzFDLWNiVlUwZEYxcXFwUHF4MWR2Vy14UkdhMVROVlVoQ0owVTJGWG9HSUF0NE82eGJ5bnYyTm40Q2dDNkI2Z2k0czd2MjdYcnYyNG9aVjlXeHZn0gHnAUFVX3lxTFBjQ2lvcmdBLUZGX3FjMWVhajRxVE5GTmdhWXhXYzlFWUpqdExVX1VINkk2eWRfOGlDNWJOeDdVOXhuRjEtSlpDR3VFUXBGYzVac2RQb2ExY3FPM3dxN2tOZ1JBXzl1YVNYWk1aSlk2b3VwSVJIcTRYd2ZyMklMSzZKeGVrbGl6aGlCb1ZoSm0xQno5ckJsQTFyLVdKR3BXS0ZzcDZqMXNGUmtiMnpYMTIyZXBvZlV6eDFtMDJvM3RkTnhfaDlVTnJCaHJZMFFQdk9HUnAya3FuSWlqd09SNF8yU3RxS2VpNA?oc=5,India Today NE,"Sat, 16 May 2026 07:00:00 GMT",2026-06-14T20:38:54.558926,data_breach,True,False,candidate,https://www.indiatodayne.in/tripura/story/tripura-to-implement-193-new-flood-control-projects-to-curb-river-erosion-cm-manik-saha-1392935-2026-05-16
data stolen Tripura,Peace accord with Tripura outfits evokes reactions among insurgency victims - The Times of India,https://news.google.com/rss/articles/CBMi5gFBVV95cUxPb29PX3NoamdGWDR0bFdCLW1FT0RfTFZvVktKSGJWMkRHVHBUa2dKQTUybmZTZ1ctVGpqQmFxOU9TTmFyYnVTd1pqLVBJZmNLamNWakdHVXZENHU5Zk9mNUstYk5ySWtuNGpfbmhHN0paWmZBQkJFRlc0MjJSbW9Mdzhpbno5c05rZUcwVkd5cXpsYkd0MUhxZkhxcDZXUHFMaWJhOXZFaXZhZWtQSE9mOVNJNHJtVFZTZGpGT1JYOWwyZkFTSF9CbjE2T3pGVXdWN2YxY0Y3S0szTFdFMGh0Q0FkU00yZ9IB6wFBVV95cUxON0p1aDRZbFBHa0xFMUFWbVROWXFJdFY5bGtyZGZFNG1HaTNtdW5GdGxUeThCblZZWkJvSGw2aFU5am9BcXdSUFA4Vmg2NktjT21ZU2JXZFFkRmY0MU1FT0poa0NVQUZmMjh2T1pIZ3pLbWhKTXI1UV9ZbEt6Y21UOEtoRHF6TFVvc3U4b3hLNnI4aU05ektIeXdZTnduc3U3QTR6eWhJcVpfb1lHWEZUNzZZSEdVOUF4MWV5UWwwVmlLT2NkZWVxS0VGdmZMc3oxS2tteTRpXzQ5YkVyczZZVE5FTmRTQzk2dG04?oc=5,The Times of India,"Mon, 09 Sep 2024 07:00:00 GMT",2026-06-14T20:38:54.559019,data_breach,True,False,candidate,https://timesofindia.indiatimes.com/city/agartala/peace-accord-with-tripura-outfits-evokes-reactions-among-insurgency-victims/articleshow/113190268.cms
data stolen Tripura,"Nagaland, Tripura top in reducing infant mortality among small states - The Indian Express",https://news.google.com/rss/articles/CBMi1gFBVV95cUxNaHJCTjNhdVRBYkZUcUR4XzkxM3NTZGtJbGtxQ3FvbmtLLXlETlRmSjdxdG1jRGdiZWhxbDBpMHZXUDhRbHRmQUhnbDZwTGRpX3loSF95ckxhVnZuYldjRjhBdlRvdUk3Z18xZU9QVGFLdHNyZ2RweWVRTGd5eUFXWmdteGdvbW02WUZXOGJuRENnTmhpRER1cEc5NmE4a0RGSVNaeTdDcWFzSndSY2ZkT3dWUExsdzV6ajdLRmZxMTRKLW1PTXo1LW1LQ2kwbjJyclNWaGt30gHWAUFVX3lxTE1ockJOM2F1VEFiRlRxRHhfOTEzc1Nka0lsa3FDcW9ua0steUROVGZKN3F0bWNEZ2JlaHFsMGkwdldQOFFsdGZBSGdsNnBMZGlfeWhIX3lyTGFWdm5iV2NGOEF2VG91STdnXzFlT1BUYUt0c3JnZHB5ZVFMZ3l5QVdaZ214Z29tbTZZRlc4Ym5EQ2dOaGlERHVwRzk2YThrREZJU1p5N0NxYXNKd1JjZmRPd1ZQTGx3NXpqN0tGZnExNEotbU9NejUtbUtDaTBuMnJyU1Zoa3c?oc=5,The Indian Express,"Thu, 08 Sep 2016 07:00:00 GMT",2026-06-14T20:38:54.559031,data_breach,True,False,candidate,https://indianexpress.com/article/india/india-news-india/nagaland-tripura-top-in-reducing-infant-mortality-among-small-states-3020286/lite/
data exposure Tripura,"Massive Vacancies in Key Departments Exposed in Assembly, Questions Raised Over Recruitment Delays in Tripura - TRIPURAINFO",https://news.google.com/rss/articles/CBMi-wFBVV95cUxPbkhrYkFqSUtfUnpOSWlucFUwd0FDUVJuZ1N6OEFVR2RKNzJrVF9JS3gtNHRXVTQ3VjFQSjIxeDBLbF9SYTFoS2laa0VfQTVQODVJejFWX2ZzMDZUWXhTdE5QWUZXN2JOWkpLMzQyNTZSMlJkdzVfaGhIS08zcWw4Q0dMdV9QZmx2VDQ1VjNBSTRmbmRQLVkxaTRnQnZmd01NRkdiNUE3SEdvT3A3N2Y1VmFOUEtPQ1dZS3NSNGRnVTljb19WM25YWTlLNFZUcThhS2NYOFpQSWVNME5uTTV0M3BNWmdScExoTWxKQ3o3QlhfblZCTFZ2YmY0SQ?oc=5,TRIPURAINFO,"Tue, 17 Mar 2026 04:54:09 GMT",2026-06-14T20:39:00.000971,data_breach,True,False,candidate,https://tripurainfo.com/EnglishNews.aspx?intnid=5580&title=Massive-Vacancies-in-Key-Departments-Exposed-in-Assembly-Questions-Raised-Over-Recruitment-Delays-in-Tripura
data exposure Tripura,Nagaland Civil Service probationers visit Tripura's DIT - Tripuratimes,https://news.google.com/rss/articles/CBMinwFBVV95cUxOYmhHLXhXbTlmZkd6TzNLM1ZTeTl3RkxiR2RwaU9FMW5mdF9Pa3o5X3NhVGc4c3gzSm9ONE5CN29aS3JEUkRyXzRjMnZzQjF3OGg2RUVrZlFNUHZ5c1ZqMlAyYWRvbVBHLUp4bUZoV194ZzBqc3FjZlRWX1c0M0hJbjVIbEhKamtHcVI2Q3JfNTh2ZEgydXpQQnF0RFE3c2s?oc=5,Tripuratimes,"Tue, 23 Sep 2025 07:00:00 GMT",2026-06-14T20:39:00.001018,data_breach,True,False,candidate,https://tripuratimes.com/ttimes/nagaland-civil-service-probationers-visit-tripuras-dit-31669.html/
data exposure Tripura,"Tripura Records 255 Dengue Cases, More Than 10 Times Last Year - NDTV",https://news.google.com/rss/articles/CBMiqgFBVV95cUxPVS05WDE5OVFmT3lOdUNueF9SQ25FMVVlNnhxLXpxTzJXN0RSVTE4VU94LTktcHVSQ08wdjVXckU5aWJUX212NzJfUkQzLTI2WW1PNmQ4X2t2TUx5OWFmUU5ud1cwRjlVZFlPd0FLbi1IeHdrSnktRndYMlBKN1NKZmN2RFU1Ty1oU2VIUlk5T0QtSTV2S3ZpS3l0OW52VHJxcXpqVG5DNkRHUQ?oc=5,NDTV,"Fri, 12 Nov 2021 08:00:00 GMT",2026-06-14T20:39:00.001045,data_breach,True,False,candidate,https://www.ndtv.com/india-news/tripura-records-255-dengue-cases-more-than-10-times-than-last-year-2608153
data exposure Tripura,"High-resolution lithostratigraphy and reconnaissance sedimentology of Changotaung structure, Chittagong Tripura fold belt, Bengal Basin, Bangladesh - Nature",https://news.google.com/rss/articles/CBMiX0FVX3lxTE1PRjZabF81UWtJakJJM2hqR2NoYmRNdFBnYTFEVUdIQVRiR0dqNm05bV9XaU1qaUJGTU4zcjdZRTBiN0psUV9VdnQ5NjluVHFmamVabUtxU0hTdFl2dTJV?oc=5,Nature,"Wed, 18 Oct 2023 07:00:00 GMT",2026-06-14T20:39:00.001060,data_breach,True,False,candidate,https://www.nature.com/articles/s41598-023-43810-7
data exposure Tripura,Agartala air quality map - IQAir,https://news.google.com/rss/articles/CBMibEFVX3lxTE1HMTN0RU1QdzVPelhDTTRlNmZoX0ltdTY5ZFI2Vmp3ZjllWXl1YmJHb1ZaM1A4bkk3R0FuZkdWZnBDRFU1M2F2cFlnZnhTOG84YmFUcUpzUmZuOWJWRDhtWU01V3ZwX3FEbE84OA?oc=5,IQAir,"Mon, 30 May 2022 13:59:25 GMT",2026-06-14T20:39:00.001115,data_breach,True,False,candidate,https://www.iqair.com/air-quality-map/india/tripura/agartala
data exposure Tripura,Tripura's many ASHA workers can't write own name - TRIPURAINFOWAY,https://news.google.com/rss/articles/CBMiqAFBVV95cUxOaUtOaUNjLTRLdmcyUXRqYnNxdGxSZ3JOMXlJNXg5YmliLU9LUzZROFdaT216QmViY00zSXVsbjBvWVYtUnI0WGxla0lRbmJKNEZlTVNYekNxNlJFMjMyeU9XaGI2SjZHVGJpYkliT2preVMzZnNSNGdXRUd2VlFpbEg3R0Q3dU9qV3JXbnM4aER1WFp4Mm5RSkFoZDFnazFJenlmV2VUVDU?oc=5,TRIPURAINFOWAY,"Wed, 15 Nov 2017 08:00:00 GMT",2026-06-14T20:39:00.001140,data_breach,True,False,candidate,https://www.tripurainfoway.com/news-details/TN/95625/tripura-s-many-asha-workers-can-t-write-own-name.html
data exposure Tripura,"The Institute of Chartered Financial Analysts of India University, Tripura Placement - Average Package & Highest Salary - Shiksha",https://news.google.com/rss/articles/CBMi0gFBVV95cUxPb3d2ZFB2bmcyaGJnOHlxcUlNeFo5a0N0bk5Vb3VaNzhpU01ZMUNpY3pmaG1zUEQ1elhUV1pJU2xMZlVYbnh4U19TV0tBV2lINDN2MlA2NHI1ZHFLQ19vbWtUQ2drMUFXWHhMY2MxXzRzUExVSVp6OFdNNGtyRHNBTTN0LUJIYmwxSDg0TkJEcC13Z2txWE5TZWlsM1JmQ1dndDZvN2ptUG5JUnJhYk1HeC1qOTl1aEcySHNiNXFFd2E0cmFYZWdfdjdwc2FUS2t1ckE?oc=5,Shiksha,"Thu, 16 Jan 2020 00:30:01 GMT",2026-06-14T20:39:00.001153,data_breach,True,False,candidate,https://www.shiksha.com/university/the-institute-of-chartered-financial-analysts-of-india-university-tripura-tripura-other-187/placement
data exposure Tripura,Tripura among top five heatwave hotspot states - Tripuratimes,https://news.google.com/rss/articles/CBMilAFBVV95cUxPRWVRZTFyQTBrRmNpV1RSSEwwLTV6SGZSbkJhbTh4ZEpYemxDaDhNQnFianV5b2h4a293NDVsajZkbHVNNXJXcWtSUzl1YmlUMERVQTZWbXppbGFiQnFFUXF5Z0E2VlZiZmdaOGc5RW43cUVOOGE0M1NzOGtaZEN0OVZTdFV2bWlhTF9LM1BUTDhKR3Ri?oc=5,Tripuratimes,"Tue, 06 Aug 2024 07:00:00 GMT",2026-06-14T20:39:00.001178,data_breach,True,False,candidate,https://tripuratimes.com/ttimes/tripura-among-top-five-heatwave-hotspot-states-17831.html/
data exposure Tripura,"Tripura's Latest News, Views & IT Portal - TRIPURAINFOWAY",https://news.google.com/rss/articles/CBMi5wJBVV95cUxPNWdIVnFYZjV2Y0JjYWg0MHg3eWg0MllLRF9nbUQxZ0lia3NSa0JybGdfT0VhcnFNZE9WQkIwX2kyc0I1VWxzUm5pTUFGUnJEUnA5UGVSX0Mzc19YMFlXeWJwLUJkMnhELWxNLTM4V2J4YW50UlNmc0VkU2M1T0ViU3lFRTd1N0QxeTBPRkRteUFCTEQxTHRfTmV4alhZbUpBVnpQQUxMcTJkdnlRNmVCSmVCQmhPQlJrRlJ1Szg2elNCUTZ3QS1BeDdTdkZzSUtHTU9RSG93OWE0YnFlWHRHUDE4SmV5SWRGQXBab2dZQ25uLVJfb3pQdGJCWF9YaUxkQ1hCb0otZVZKS1hKUG1oNzVaQTNTSXE4R1BpYTRlTS1MWE1LNWtGRmlUMTZhYlBnTjZzYnBmdElhc1J4cEszRXdxSE5kbVBQZTgtVUNTd2Z0enFGU1Q1NTZyd0FyTWU5NEJZMEZWOA?oc=5,TRIPURAINFOWAY,"Fri, 06 May 2016 07:00:00 GMT",2026-06-14T20:39:00.001214,data_breach,True,False,candidate,https://www.tripurainfoway.com/news-details/TN/53650/26-tripura-ips-officers-listed-as-defaulters-of-immovable-property-disclosure-ipr-as-per-latest-mha-report-tripura-list-topped-consecutively-4-yrs-since-2012-by-cbi-chargesheeted-dgp-k-nagraj.html
data exposure Tripura,"Tripura's Latest News, Views & IT Portal - TRIPURAINFOWAY",https://news.google.com/rss/articles/CBMirgJBVV95cUxPWU5qQ3pjLXp3V3MzOVI5cEZCYUdrMmtwczZFenYzQlRZRGF0amI2TjRzbWZvMHdWQzRleE15OTF4cjlqTnRNZTk5YUJ3NWk5M1VsV1ZlTnEzc09LRlVFbW9TTXZGVWt5VndSbURUOGxOckFaSWNRLUlKRTNtNHdqQ2RTR2xWNmdmSjh3WEdLTlk2NjNoeFlIZHFsVllnLWQwcmhfbzMyRnNhQjdiby1iQWxNTlNHTmdkbmc0Ui1NVlJxb2JEOWswa0kwWUFKYnY0YXN6WVlDQjUyRWZwbnRCUE92MXBFYWYyaGQxMDVLMW56VmcyZGpZbVJoMHBwblN1V2hYUEZ4UE5vd0k0WHZ6Z3BucVUtc2F3bTlrUnJ3V1UzYklteGM4ZXBiMHV0QQ?oc=5,TRIPURAINFOWAY,"Fri, 05 Jun 2015 15:47:45 GMT",2026-06-14T20:39:00.001227,data_breach,True,False,candidate,https://www.tripurainfoway.com/news-details/TN/28984/30-ips-officers-ignore-property-disclosure-as-per-govt-data-32-tripura-ips-officers-listed-as-defaulters-tripura-defaulter-list-topped-by-dgp-nagraj.html
data exposure Tripura,ICFAI Tripura launches 9 new programmes for 2026–27 session - Pratidin Time,https://news.google.com/rss/articles/CBMiqwFBVV95cUxOTVI5QXdId2dPdlNEYnlFX01tWnhYaXd4c3VmWVBjd2dFQld0WXJ6Ym5paXRldU1EQ0xid0xWd0hYaVdtWEV0bGYySTF2MWtIN3ZyWnJzZ1RBbmY3ejhKQzB3YmtkSE81VzNxSm9hZmQ2bEpORGtENE1mS3RNMnFhWnF0X3ZuelE5bXVKMDNPY013M2hCZGkya01ja1kyOGV6cDVRQVhJRWFvTknSAasBQVVfeXFMTk1SOUF3SHdnT3ZTRGJ5RV9NbVp4WGl3eHN1ZllQY3dnRUJXdFlyemJuaWl0ZXVNRENMYndMVndIWGlXbVhFdGxmMkkxdjFrSDd2clpyc2dUQW5mN3o4SkMwd2JrZEhPNVczcUpvYWZkNmxKTkRrRDRNZkt0TTJxYVpxdF92bnpROW11SjAzT2NNdzNoQmRpMmtNY2tZMjhlenA1UUFYSUVhb05J?oc=5,Pratidin Time,"Mon, 27 Apr 2026 07:00:00 GMT",2026-06-14T20:39:00.001261,data_breach,True,False,candidate,https://www.pratidintime.com/north-east/icfai-tripura-launches-9-new-programmes-for-202627-session-11769962
user data leaked Tripura,"Tripura's Latest News, Views & IT Portal - TRIPURAINFOWAY",https://news.google.com/rss/articles/CBMitwJBVV95cUxOWFdnSmY0Qmp2aTdTeFVCWUFWTU1lVjJTRGU0OGtFd3ppQUMydjdUZWJUVXZaQjZJSC1laEFfZ2dkVGdPVjB1T1JNTk40Y3huOTNJQ3hVbTFXTTI3MVJPZVhaZHJ0NHBtQzhrTmhYaFNkeGNNTkJwSE1yV3dJenhMRzBpU2hITUxVRTl2dVI1a20yNkJDT2dyWk9NOHdiMDJfeE5tblI5STBRVHJ4bHdTSk5ndDRpLTVpN1M2V1BGWTJjZllMUGw3cUFKamJPVVZCeWJxcnNtZ0s5a3FQWXJqVFBkdlAyalZhTTZMNVRqOWl5elNhUkJ2eHpUR2NBQ1phVFBJRlBaYlpLaUNscHlaOW9OV3V1RmdnTWpsUmlScWVPYm5yM1QtMHlNMEVCSkRsSWUtZEhiOA?oc=5,TRIPURAINFOWAY,"Wed, 06 May 2015 13:16:45 GMT",2026-06-14T20:39:01.502296,data_breach,True,False,candidate,https://www.tripurainfoway.com/news-details/TN/26433/criminal-content-proceeding-case-against-law-secretary-data-mohan-jamatia-next-hearing-on-may-23-instruction-imposed-upon-law-secretary-to-submit-documents.html
sensitive data breach Tripura,"Protesters barge into Bangladesh mission in Agartala, pull down flag - The Hindu",https://news.google.com/rss/articles/CBMi6AFBVV95cUxPNWd3WW55RFhkczd6dXE0MlVOakhWZGs2VWJaZkdZWTB6U3hWcmpTUE1hQXdUaG5KdmQzekhTVWhqMk9VOGpTR0U0SnF0QkJOTUVnSnM3MG44UGxzOTlZWkNPdEhSUGxMbUktU1h6ZTRTSXRLQ0lvekVUTEtjWGVlMkd0TzYxTlgybkNRMWFsa3ZCeU13bVcyQmpfbGxJbVNvbGFPSEY4aTRTY0R1MlBqWnJKWUNRYXhBRFJPa24tT3VqblZERVBXWE5wZVZ5TzZJTGJEXzJUVXRUMm5ReUI3dkV0eWVJNmo10gHvAUFVX3lxTE1XV0swWTVBRGQ3WUtpRmxObjRhMnRjc1JTWFJ5aU0xR2lTRFdNc0R6dnRCMzNabVI0dGJzZjJrRjNJUHA1YkhLMDFDUlloc2ZkQUNYeEpmbGVMT1YtQlBXeGhlZUhZMnRLQUZGSW1Pcm5vam5fN0Z5RDBNMHZSVjhicUx4LVRzX0toSXcxQmkyLWVQMmJCb0NNbXhSSkwzeHFMSklVUk9zcG5EcWNlUWJKdHF1RC01ZjJHQ19QQmI0Y2Q4dU9Uand0UDI4am5mRU9uNURyVkFmeFJCLS0tYlFET19mS1R4RmRLbVlPTDRv?oc=5,The Hindu,"Mon, 02 Dec 2024 08:00:00 GMT",2026-06-14T20:39:03.002264,data_breach,True,False,candidate,https://www.thehindu.com/news/national/ministry-of-external-affairs-statement-on-breach-of-premises-of-bangladesh-mission-in-agartala/article68938499.ece
denial of service Tripura,"Hindutva mob torches mosque, Muslim homes, shops in Tripura - Kashmir Media Service",https://news.google.com/rss/articles/CBMimwFBVV95cUxQX3U5RjE3TVp2dDRIbXpMREpMMjZ3WXd1dHYtRURJWkY2YlhQT01kN1VfNTFsSUJfaVE2OWduTEhiN0wwQlBENjJWOHlpTDBCTG82dW1KU0Zsb0RXcHo1MFhtcVNsaVdnVWxLN1pXN3NCeGZqSGZhRDFkclpVcnFNd0JoTmVpU0JKMk1BTHdtT3FickhlcnpOazhfdw?oc=5,Kashmir Media Service,"Mon, 12 Jan 2026 08:00:00 GMT",2026-06-14T20:39:04.888155,dos_ddos,True,False,candidate,https://kmsnews.org/kms/2026/01/12/hindutva-mob-torch-mosque-muslim-homes-shops-in-tripura.html
denial of service Tripura,South Tripura DM warns stern action against govt employees for discourteous conduct - The Times of India,https://news.google.com/rss/articles/CBMi8AFBVV95cUxQS1RERWZ4QzRZUHQzcU9FVW05YXg0MU9pTW9pRGotaWJtV0lGZWpzYnpUWkpZbWlCSEhJTnEyeGZVdVdxV1dBUHU5Qjc3eGltelpqdVZ6c0oyMktPVlZKX2VwNndwMS1OOVNxdnNyS2xkZjA0UWVpX1gyWHp6eUJvZGwza2N1cE4tcDZ3UTNpOExPaDVIMW4xNTFlM1A0RzRHcDU5MFNzTlRDb2dXODBIb2E3RWtRRjZESmduaWtGVTVEXzNDVzhRODVLT2RVQW16ZV9kbV9La2JaZk1mWW1lUWNGY1o5YWZiWnhjNVY4NUjSAfYBQVVfeXFMTXVUTUZIdURBQVNIcklyTFVSX2pUX2pwd290dmgxY3ZzU2NHQVoxd3J3WGE5MEF6M1BCLVhxQW05dmpmR1FndWRLb3VUZjI1RXhLRGJ6c0g5SHVNbDUwanpYUFVIdkJyazlOdTJGNXRXcTg0em5hR3lGMXU5eUN4Ry1wMU1UMGt3TFpTOERaNUREOVhtckEtVVBuZFlSaGtYblZWM1JLdHluV0NPcDVVVlZtMkJ0azhmY3d1X2JjU3FBcGFSU3FkRlpVVG0yaWFPWHIxeFFoVW9xakluUjNHMjhnOUhianZ2bGpDMXRON21MMmRNaTVR?oc=5,The Times of India,"Fri, 01 Aug 2025 07:00:00 GMT",2026-06-14T20:39:04.888163,dos_ddos,True,False,candidate,https://timesofindia.indiatimes.com/city/guwahati/south-tripura-dm-warns-stern-action-against-govt-employees-for-discourteous-conduct/articleshow/123027766.cms
denial of service Tripura,"Ahead of Christmas Day rally, Tripura minister opposes call to deny Christians ST status, hopes CM will act - The Indian Express",https://news.google.com/rss/articles/CBMiywFBVV95cUxOREc0ZEYtdk5BY2NmNlI1N2s0aHB6Y3VGeUVlT1dUOGdvbnh2ZmRSeGphSEVmbFEySE8xdmFjNDRCT2psY3lMcHA2bVl0YzJ2UlV6aXlxN2JvbHZIWG1jN2ptUHFEaWlLb3dxX0FtMTROVzAwMUd3WTlvbEEyNmxhWUF5dnR0X1lQSHZzMTlQZTJKVk0yMkZ4djNMWWRveS1BNGFINDRycWJweXN6TXhobElPWG1ha0g3RjJJVnJVR3dZNVpOemRiZTB3Y9IB0gFBVV95cUxOTzVBbks0Rk04LU02algza2JQVC1LeDJLZ1NLQnN0VGRYYnQxb09jcV9Cb3FVRVA0LXFKUGswbUVyT1dSUTNUVmJGUndWd1FiclEyMHYwbE5jZzNjUFoyMEF4VHhEWkljc1I4cGZoX0tjbXFHNmEtZjVvc2xyUkpiVTJMcHFmSVdxTl8wVmZ3LXlTVC1LSzJzX01lemNicGljejV1RGlwMVlBUE16LUctQ1lrYjlKSmt2UEhaZnFBYzNhVFk5ZjNqVXYxSGtNWmRMYWc?oc=5,The Indian Express,"Wed, 20 Dec 2023 08:00:00 GMT",2026-06-14T20:39:04.888176,dos_ddos,True,False,candidate,https://indianexpress.com/article/india/christmas-day-rally-tripura-minister-opposes-call-deny-christians-st-status-cm-act-9076550/
denial of service Tripura,"Tripura DM warns officials against misconduct, vows strict action on public complaints - India Today NE",https://news.google.com/rss/articles/CBMi3wFBVV95cUxQdzdwR0NCbk1QdS05SWdxZl9qVS1QY0hrZ20xQmlHT2NkbFhXM29aejhPazMxbjdTOHd6WkJkQlVNVEp4MTA5Mm9FUjFRdTZJNWNuOHF1WklfSTVwMk1maFhEdXl4b3VSa3VlVExxWnJkZEF5SUgyN0ltT3ZQcy15a0dfcWhib2hxcjFBQWF2TzlEdEVmc3loczNGZW02VEd5Z2NSTlpFTkk2VnlCYWRaU0ppdk5TY0lmRXNuOHBxcjltVVJnZE1BZlluSzJCZTMtYVBSTzVLTzVOa25LS3Jv0gHkAUFVX3lxTE5GY0JjX2phZTJSaEFGOVE4MEJabGhTZ1VvY2Y3MEg4SjV3bVZSWXB3N0s5Sl9ib3Zqa21qY2t2RS1iRjVEOWxuLTNBLXhSbzlUaW41YVE4NmxIWmYtR3lZYUYxV2NMaXNLY3l0c3VsYUN2bmliLXdNZW9XdmNpQ3pJZG13T2Fuekc3NzNvN2dseXFKOXo2cVZaa1VDOHFlWXIzc0NDOU43ako0YU83UUZHdDd0aHYybWNmWEV5eC1NcWpibUQ1Y0dDa0REWmpfcE15eFBVUGllQ2hYX2FLZGRLTnN1dQ?oc=5,India Today NE,"Wed, 30 Jul 2025 07:00:00 GMT",2026-06-14T20:39:04.888183,dos_ddos,True,False,candidate,https://www.indiatodayne.in/tripura/story/tripura-dm-warns-officials-against-misconduct-vows-strict-action-on-public-complaints-1253141-2025-07-30
denial of service Tripura,State cannot deny gratuity on grounds of separate rules from Centre: Tripura HC - HR Katha,https://news.google.com/rss/articles/CBMixwFBVV95cUxNd0xuZE9sUldNS2NwNk5KVmN4bnViYmJzY3VMckVmOGk0dUUyOHAtWEVqNHVaRk01MlZ4UV9tcGNWSWszbkpRUGlMX3A0bGdGNFd0VTlvamk3eXRIVncwQ0lSZ01SVW9jbXFVWmtCaDd1dVZEcWRDd0FwUjAtZVNsdDk2Xzkxc09rZHYyeEdCMHZPMHhnTE9TcllPS01obTBXbk1qRGtKNmNvYmpicm5seEtFWGZiSnlwMHdyVDl2SDIzS3MwSTZN?oc=5,HR Katha,"Tue, 09 Jul 2024 07:00:00 GMT",2026-06-14T20:39:04.888190,dos_ddos,True,False,candidate,https://www.hrkatha.com/news/ir-labour-laws-news/state-cannot-deny-gratuity-on-grounds-of-separate-rules-from-centre-tripura-hc/
denial of service Tripura,‘Such incidents should not happen’: Tripura CM Manik Saha on Pradyot Kishore being denied audience with Gomati DM - The Indian Express,https://news.google.com/rss/articles/CBMiswFBVV95cUxPSG9tN1VkaWlOOTBiOTJidUZ3Nmo3NVpSbUtvWmNyUy1yT3dpbnBVUzFPV1QtcTVyMVR4V0U4R1pyUDhzTUtqTXVXNk85dkVSTHJ5YXRFWnhXaEtTZVVGOGF2YVY2Q3l0QVJJb1YtRkw3czl1VGdJNDJZYWx4a0ZDTjRGUG5zZGRVRWduRmgxN0htSkhocXZHWXROcjJNUXlCdjl2MVVIZUdLdUxNMHoyZzZjNNIBugFBVV95cUxOQnBfQVFid1QxRGJrOXAtcERfSzdlMTN3QktzZllVZ0NHWHVWZTNBbkNGTzlOeHVJa1dtejQxVTNhODBxSVZWWTJPc2ZFU09OWThZaHVuTko0X0QwX1FsS1B1bDRVSE5xTXlhYVpzUnk0c3pLcVk0akRoOHdpbXFGRS1tZVlERkNhT3lIVXNtUVJTVUVZWFFFS3ZfT1ExU0JRbmlBYVNBdFZQRTBJNFg4eVl1R2d5cXByYlE?oc=5,The Indian Express,"Fri, 30 May 2025 07:00:00 GMT",2026-06-14T20:39:04.888222,dos_ddos,True,False,candidate,https://indianexpress.com/article/india/tripura-cm-manik-saha-pradyot-kishore-denied-audience-gomati-dm-10037959/
denial of service Tripura,"Swami Avimukteshwaranand visits Tripura after being denied entry in 3 North East states, demands ban on cow slaughter - The Indian Express",https://news.google.com/rss/articles/CBMirAFBVV95cUxPVzc5S0l0ODIwUFhkU292RDRVdHBVenppVkFpSzRna004ekFrN0ZkeHpRVVBqdTFVVEFqZTVhM2RBN2FpMG9uQ3ZFdkZmaVo1ZXkyZGpCR3pmRURHZEFjek9RNWd6VmRucUtHQ3hYVXkxcU9WOXJpMnpHXzdtMHprWmRZSTlxbXJVb2NjX19CSVVJbDVTbWdtWnU4RzFoWG1lRXdMVnNzd3M4QTQ00gGzAUFVX3lxTE1PRDJabXpDbWRHTHd0NFZXQ184VTZQWWY1Q1BuNW5vLWY3M0lYT2NtNzQwN2J1Z2N6bGJ4MVFCQ25BTG50WGxGTDJfb0o0NHpwY1pBRGVrMFp6R3B1Z1M3YW1lM3l5dkpzbDdCM1ktWWlWdXdXVGlvb0pSY3pUWHoweUFsUXBlQ2YxMVk1UDhGOFNaNmdmakZhMXctS1lGdTlreVVVeGFEZVJDSzVhOFdaUGxj?oc=5,The Indian Express,"Sat, 28 Sep 2024 07:00:00 GMT",2026-06-14T20:39:04.888228,dos_ddos,True,False,candidate,https://indianexpress.com/article/india/swami-avimukteshwaranand-visit-tripura-ban-on-cow-slaughter-9593308/
dos attack Tripura,Tripura: TPSC releases agriculture officer exam result; interview from Jan 31 | Competitive Exams - Hindustan Times,https://news.google.com/rss/articles/CBMi6wFBVV95cUxOUDlTQjZKWU9SVG9rYmV4WnFVUHFWSkxqUWtMcVpscmhXTi1IN0gyeTNDU2RPQ29xU0ZYdzBfM1Z2aG5TZGxMcUZ4dU1XLVg5dk85WGJYRDFtNm9kUFVEaWItWHVVbk5HdlkyMFdoajNoWk5hdkprWlJTUTgyQnN3TEZpRFluZE9ZaHhXOHBXY2s0XzdXd0Jud1dmUGt5U1Y4UzRKb0x4MzFUR3NDTTR6TzZuRWdpcmhBMENFYm5VbzVUWkx6RkdUcUF5ZWt1RmNGUmxBWHdnc3VkT2k0TUJnWHM5ZWNQLWZTenlB0gHwAUFVX3lxTE5QUi0ycm1BZUIyNzVFdmVpRnlsZ216d0cyVko2VjlGUERYSW4xTWMwaEVUZ1BIamlRdGxOUFVfX2V2cFdtajZsZVVsS1ZyYjdaM0l2MnNKLXNobW11MVBIZE94ZzBPaU0tbjJLTTEzSXkxVXlFV3FOMUJVZzZmbWVXM2l6Qnp5WmFSVkg0Y3ItUzA5OGlpYnhHQ0ZyT05FSlFyMnBKb3lTNTN6dnItZ3p4OWdWZl9QaTBKcW1ER0ViLVUyV05ZWkVxX3duR3VsaDZ0eXFXUzJ5MDNyREdpNU5UdXlLR1NGejgxUnIwS3YzOA?oc=5,Hindustan Times,"Tue, 21 Dec 2021 08:00:00 GMT",2026-06-14T20:39:06.954874,dos_ddos,True,False,candidate,https://www.hindustantimes.com/education/competitive-exams/tripura-tpsc-releases-agriculture-officer-exam-result-interview-from-jan-31-101640083076546.html
dos attack Tripura,"Tripura 12th Result 2019: TBSE Class 12 results declared, 80.51% pass, science toppers retain their positions | Hindustan Times - Hindustan Times",https://news.google.com/rss/articles/CBMijAJBVV95cUxPTTctLVJSZlJVYTE3QlFLSzMxQUJaeV81c0tJZlNTamJDR1RBTDRLeUhKUlpQV1B4UER2ZmxxZGlCWG5wY3h5bktwWjhUeDEtdDVjUm4welpRNGk1T3JsUjVpMHFEendCOVB3ekdNVEwxaUhkUERVTjVNWnY5bDZVcVJmdXNEbkI3YzhVTlB3dU5FY3lUU1BNaWRPUkNPbXAyYVlHak0xUUNNN011d3o2QUtwU3lHTzlUOV9kcFp5azEtYU42TGQza1o1WkZwbUl3SGJsNWZiTE94TWh2TXdsUHFhSWtnQ0ZBUnYxTENSdEpsVDVLZk01MjRoRy1JQXUwczNwNFNobnVHVUQt0gGSAkFVX3lxTE5CTDVpQ0p0aHZ2SFMzaU5SbTZianUtbFpZU3RPVjAzeWpxYXJlY3ZjSjM0OTYwZDRVYVVJblRoVktUQm1tenF5RHhValR1c0RSZVVHd2QtVmN4MDRaNTN5cVotaTFaQkhCT3ZLV0xiMmhKTWVDTjRoVFRLWkhxd2lDNWwxbWRwRXBENDZUaElBeXpnbldkdk5vR0ZaZXM2RzFGM2lCbW9nYVN6X2NBRzI4RTFCa2N1dnQ2RmhreXBwX2hCQXRqZVZfdXZFM19EbkJxTF9qSzZGNEpUMTZvU3Y4NzdKQkhZTEpSb3VUS2RrM3NFaVdYVTVjWDh4X0NUSGRXYXR1Y1B6SDB1Y216dW9RUGc?oc=5,Hindustan Times,"Thu, 06 Jun 2019 07:00:00 GMT",2026-06-14T20:39:06.954887,dos_ddos,True,False,candidate,https://www.hindustantimes.com/education/tripura-12th-result-2019-tbse-class-12-results-declared-80-51-pass-science-toppers-retain-their-positions/story-XWadtqi2YjavX70DBRuHhO.html
website down attack Tripura,‘I’m Indian’: How ‘racial’ attack that killed Tripura student unfolded - Firstpost,https://news.google.com/rss/articles/CBMitAFBVV95cUxQc05oVXBoU1dBOXZjTVhjazBLam1iajhDMWktLXVkTUpOakNSMVRKSnlVWldvUWtLWmZ5aF9vSXEwY1JmOGJEX0Z2QkM3aUZ1Sjc2dXFRd21mZzhiOHNnQ0EwQ2NiR0d4NXNEUHNqMEF2Rk0zY0M4Vlhwa3plQmZubGpzdm9xOGlzX2ZQYWY3NWFnSzBXUlFfVWIxMXd3Y0hOeTZPdkVkSU5Bcms1aVMtZDM1NljSAboBQVVfeXFMTTFyQ3lMc0E1WFltX210OWNETXRKc04zT2h2Q01xZTMzbk10c0hGLVRDZkxuQktjcW1mME85WWJUaUZJZ1gzSHpxd3QtTU5laVRvcWtDLVl4c0FHb05HUXNBOE5DQkFTX01WVVNzUm5FdnJXWlIyaXRTZFI1Tnh0ZGhOMl9jYlBfb095MkhvdXZXRDZEalpHaElBV1BsTUk5VFk4MEt0Q253bjhjcTVNUi1ldGhNNlBmVmZ3?oc=5,Firstpost,"Mon, 29 Dec 2025 08:00:00 GMT",2026-06-14T20:39:12.007809,dos_ddos,True,False,candidate,https://www.firstpost.com/explainers/anjel-chakma-racial-attack-that-killed-tripura-student-unfolded-13963673.html
website down attack Tripura,"‘They called him Chinese and momo, he said he’s from Tripura’: In Dehradun, racial attack snuffs out young life - The Indian Express",https://news.google.com/rss/articles/CBMi6wFBVV95cUxPX0ZSS0dkRXJiTkhSclRISnhDYnJjcEZpVGJlMU9YVmJkU1poaXQ1TWFWbDhKSFdhUW9WLXB6RDJHU3Jldl8xaDNocG04cERsU0d2YlZnZmNoZzE4M0w0NGxkaWpMWnphWHh2X0FPLVlzWnpFVzFHQWFmM3dLVEF0U1RabWRTeWtuTWJGaEEtTWFsQXc1S2RuN05IZXdJUXpQUnZNTGxkT2hFYmRPUHlfTTBlVVF3eGplNzNwTEtEd1FJTTZYWGRfb2lNczl5eXl5M29fVmxadVZKSW5ETzZFT3ZBbXdNOUhrTEQ40gHyAUFVX3lxTFBxVUR3RlFBSFFrdnJMR0N0Y0hCUUxGWTlPcmtHYk85TTZUQ2F5N0k5MHBZc1JZQnJ2akthbVpna2JTakNRcVQzaGhYc2lObVUzdEFfN3JQXzBmeUZKZTZkSVpYWEQzWXg3ZkFiUEp3dEhVc2wtSjF1aTd4ZzBfaGVJYWI0Q1lEUHp1RS0zOHhiTGJzTFR6Q09aS2FBejY2RFdqM2RWRGprMHZlUHFJc2VHdGlvb25xSnhfbkdiVEJFckFRWnZrNGZTRV9NcklBT2FsamVNNE54QUl1ZFBzQ29mM09XM1hRTEN6a0I2TG1HYmV3?oc=5,The Indian Express,"Mon, 29 Dec 2025 08:00:00 GMT",2026-06-14T20:39:12.007852,dos_ddos,True,False,candidate,https://indianexpress.com/article/india/they-called-him-chinese-and-momo-he-said-hes-from-tripura-in-dehradun-racial-attack-snuffs-out-young-life-10443877/
website down attack Tripura,"As police claims normalcy in Tripura, Muslim residents reel from attacks on homes, shops and mosques - The Caravan",https://news.google.com/rss/articles/CBMiswFBVV95cUxNN0RqN1BkMG56LVVZVk1YMEFmTW4taWRRU2JhUWlEQmRLVzdmcm1UdW5tVWdKX2puMmhkcmRrSE51bUgtRjFZd2ZQZ3R6RHk5dHRFb2JSY2t1YUFQTmt0WW00ZFJEN1dyVi1DSWk2X0xCV2hzRzBISkNnWnFpLXJUbElmdGNlU1d6WVRQbjJhcmlQTloxQ0ZNUk5fbzFqMTFwZmpScG5xbGpQdEdHZ3pjRjZDOA?oc=5,The Caravan,"Mon, 22 Nov 2021 08:00:00 GMT",2026-06-14T20:39:12.007881,dos_ddos,True,False,candidate,https://caravanmagazine.in/religion/tripura-violence-police-claim-normalcy-muslim-reel-attack-shops-homes-mosques
website down attack Tripura,"Section 144 in parts of Tripura after violence, demolition of Lenin statue - India Today",https://news.google.com/rss/articles/CBMioAFBVV95cUxNTXRMSG9KTXBLSnRuRExYXzVSYjNqa29PMGE2NkM2UzBUb21ZeG5VS1RfZUdRcHc5YkxFUVh4cWFSODM2RzJuVGJVbjhHMUdZSUJ3MzE2ekkteEFvdW1tLTJOdjBoWW02ODJoeFEzR00wVmZpY1JNWXBQa2RuUENqQkhiU2hXMHpxYVNLZHZ1RHRVVEEwTktCYUNOUGFmUGNw0gGmAUFVX3lxTFBPVVA3cHNGVV82NlhiWDFyVUJJU1FfdmUwMk5VREtPclhvbkx6dmJHNVpjTDlic0V2eWpucTlEUWxTc2oybTN3OUpxRFlXbE4zSl9QZUUwNHZENlJyR0ROaHNORHlMTUFCYUpTYTE3Z3VhbFJUSEo5NkR6cXIyS280dTd4eEpOZVR1QTYzX1YtRURXdnYtUUtWcnVUN19vR2EwMjVLRVE?oc=5,India Today,"Tue, 06 Mar 2018 08:00:00 GMT",2026-06-14T20:39:12.007894,dos_ddos,True,False,candidate,https://www.indiatoday.in/india/story/lenin-statute-tripura-violence-section-144-1182898-2018-03-06
website down attack Tripura,Tripura tea estate shuts down after workers 'attack' managers - The Times of India,https://news.google.com/rss/articles/CBMizwFBVV95cUxNUlVDTzJJNFl5ajFHMUZPUFFvWFF2clUzZW9vNzFuVWNxU2pnUEwxeVRZRnl0QkJmLU1rODNBTHNJeFhBVW8yUURuNzlLUVhhZEpPNDhXTTR6Sld0RWgxbzJReFhHQ3dXNXJQamxjOEdYWDlhR0JFNFF3S3FJRUY2RnZtQzU4XzdIVFZaWE5OU1lxSnV1b2JhaWVWRTc0R2Nwd0pvaHkzSTZ4V0dZTE9DT3pUakxSdlFIejZWMFcyQjJYSTBEdTREUDFvZ3ViSkXSAdQBQVVfeXFMUEtJeVJ6YmZWZUF1b3RlRVN2S2pMTVhRTzZoVjVaSl9IZDZ6T1dTTmY5ZHY3dENwMHl1MGJJVW1kMG82Y3htcDZ0Qjhsanc1clBRRFBjMmMwbjBoQ3VoS1NLVVBFRzBfQnM3dXNLOGh4QW5xeW5adG40YzRJMFhhVmRaM204YmdNcy1NMzN2c3JST2tKN203aFhRQnA1UzFCS045ak9oWUVmcEVHMi1PWG9wc2VlMTVacTRydXJuc1lnT18zb09ubVBvVE03WnZ6a3ZKdlg?oc=5,The Times of India,"Tue, 17 Jan 2023 08:00:00 GMT",2026-06-14T20:39:12.007907,dos_ddos,True,False,candidate,https://timesofindia.indiatimes.com/city/agartala/tripura-tea-estate-shuts-down-after-workers-attack-managers/articleshow/97043498.cms
website down attack Tripura,"Fact Check: Tripura tribes attacked Bangladeshi intruders with bows & arrows? No, this is NOT India - India Today",https://news.google.com/rss/articles/CBMiywFBVV95cUxNZk5oTzY5eTREVlE5VHJUNlM2RlprMjZCNXNvMzdpNHhxaDhXUWJvSHNNSWR4UTg3akFUUTVJdE1UZ1FwQXNsbERKWmFYRW02bnpNeXhfV1lmNjdtV0RkM1B1MXVLWEdaLUsxU0pRV3ZMV0kzdlkyQXNyWko3ZzRBNXhYVG9iTzN6QVNtMzh6ajlUaHRxYWNTWHNCT0xRUHgwd1NOaFZ1b0NKZHR2QVNBQXpwbHk2aTNtNlM5YjYxNGJpS19wOUh1SEtaVdIB0AFBVV95cUxOV0c3aE4tWnJ6RFRBLURPeVJTNkhidk9WbDdadFlwcU8zOGRncm9nb3Q0VEpwY25kMU9jalJhX1pTUnl6M0J0UjBCRFBxZ0JsYTFyRHJXSHkxaWthYV96Q1lfYUJCSVlQbEo2d0lRenNyTGVNblpva3RQQmtSZXhfNTlzdGVOdW1DWHpIQjI2cGxxWV9nMkhnXzdVaEMycVZIbldhVW5zdGNoVy1ib1pMT0k1LTNyZ3loLW44cGRyY29KMmRBRktMdFY2QjkyaWhs?oc=5,India Today,"Thu, 22 May 2025 07:00:00 GMT",2026-06-14T20:39:12.007921,dos_ddos,True,False,candidate,https://www.indiatoday.in/fact-check/story/fact-check-tripura-tribes-bangladeshi-intruders-bows-arrows-not-india-2728940-2025-05-22
server attack Tripura,Tripura student Angel Chakma’s death: Police team sent to trace main accused Yagya Awasthi in Nepal - The Times of India,https://news.google.com/rss/articles/CBMigwJBVV95cUxQNGxUNEdBMG9vT0Iyc09xdjJqbkNEUjlTcGRXWlhkWlNVbi1YZHZpdkdYTzFvTVRFMGdKdm16ZGVOWURsd2psVzE5V0paSl93MjlNUDFiaHJ4QXZWVEJtSEx0M195QTY0U19SM3hldm9HOWQ4MklzekRlOHhmYmdEVXctRi1lTE96WHpKLWtzR19jUU1oYWFtUWxKdmZfSFZGanVGU3psT3lFWEItdW03NFlOOHU0WTJqTV9PbFJ3VWd2dS05VHN0cFZHa3BwNkdRWkFXV1F1cXltNUY1UUQ1MGVodExtS2loSmNpeG5FLW1GNFdLa2c1YjlvUVRjcEVYT2FB0gGIAkFVX3lxTE51OThsYWFPQ0Y0SFRfVzZFaHdhUUNYTFMtYWoxWDRmdHpUV0hpTkNrQ2k3TEg3OWUwS0xUdnVwZ3N4dzA4VnVwMk1PRHdBQi1hRkU1dHFtaS1sQlRjbFVvLWFVNVFGMl84RWo0MFFaa1hhUjlVSkVJUHV1U24tbDdEWE1WVWhGQjlpZkZUVEFXUXMyWlZNNGwtaFR4My1OZUxDNmhjN1RoSHY3RzVTWTM5N2N3NW44TklQazQ5Nk56LWpWU3h0aFdTdmdCTEJId250Y2VJNXk4YUFxMFZrcjBTQWQxWDJZS3ZDVmNQMUJqZkRTNUVuZU9WMll1Z1BJalMwbVhTdDlhOA?oc=5,The Times of India,"Mon, 29 Dec 2025 08:00:00 GMT",2026-06-14T20:39:13.844849,dos_ddos,True,False,candidate,https://timesofindia.indiatimes.com/city/dehradun/tripura-student-angel-chakmas-death-police-team-sent-to-trace-main-accused-yagya-awasthi-in-nepal/articleshow/126222487.cms
network attack Tripura,"CBSE Gets 56,000+ Re-evaluation Requests, Foils Cyber Attack - Tripuratimes",https://news.google.com/rss/articles/CBMiowFBVV95cUxNOUQxTFNKRlR5QWNqQnJSd0MzQTBPMzhCSWg5bjJFLWJrdWJfWUpveE5KemhuTWVoX1BrR2hVbVd0YlBFV0RnSmZrelRNeklsMjhoS1NZdF9jZXZlNHJrWGZzRnlJRHhwLV9pcldubnQ4bnBvb0N0UVZOZzNreVJMbm5mc1FZVTNCeFMwNFd0Rzl4dmFIYlFXZk1wWS02N1dWV2Jj?oc=5,Tripuratimes,"Thu, 04 Jun 2026 06:48:01 GMT",2026-06-14T20:39:16.238022,dos_ddos,True,False,candidate,https://tripuratimes.com/ttimes/cbse-gets-56000-re-evaluation-requests-foils-cyber-attack-37713.html/
network attack Tripura,"Tripura-Mizoram-West Bengal: ED Uncovers ₹142 Crore Drug Money Laundering Network, Conducts Multi-State Raids - Borok Times",https://news.google.com/rss/articles/CBMi1gFBVV95cUxPMDUyX2tLZ2dqdUYwamxoVEJQRkNpY2ZQb0w2MEI5aHU2MTRyRmJRU2tYc3V3LWFtbF90Z1VuYkt4ZUdMbmMtYXdNU1ZpUlR4aDY3MnBUb1pYTFBlLS15REdvRHdhWHhHY0VKWTROaUVlRXFxbEJNd2ZTZ1BZTThHUDYzYk1OTXpjbVlEVGlRNi1RWU5GSFJQU2JSRW9wdFpBOERlNUZLMGJrUGZTRk51N2RrOXBWTTZLM0pSREYzcU10WENJSzlvWnQxWUxPOTY4bmdqTFZR0gHeAUFVX3lxTE90NWd2aEl5NU1mZUc5SzVkaFNqbWJiaFM4a3lJcU5iYjRlZmxPak4tQ2w1amRGMHRvemlTdERqVEZzczllQ1Yzd3NkOUlNRXhvcUVpa3hsRkFPSVMtMjM2NlRiOGRBSDc0NkNXcE1oZ3pHS0ZsRjNaY3J3SExQRk5zaDJBOHNWZHJlNkFCMnllLTJfSkkxS1lYdnlDS1JJZDBYTVRoallUUjE0WVB5T04wT2dXanBMbjNsTW1icmRldnBSVWsyR3Y5Y1ZvdmRSZC1hY2plZUJMVW15UjhOQQ?oc=5,Borok Times,"Mon, 08 Jun 2026 08:45:56 GMT",2026-06-14T20:39:16.238119,dos_ddos,True,False,candidate,https://boroktimes.com/tripura-mizoram-west-bengal-ed-uncovers-%E2%82%B9142-crore-drug-money-laundering-network-conducts-multi-state-raids/
network attack Tripura,"Tripura student dies after racial knife attack in Dehradun, outrage grows - The Assam Tribune",https://news.google.com/rss/articles/CBMitwFBVV95cUxQN1dRS3NrQnNrLWtybTU2VGRIZG1nbUE2cm9nd2gyLU9zaXRpVllERldWWUhsUnpja2JUUEt0Y1dGQkV2MS13NEZBWHFNSDBfa09qLWpmb2t4V3ZLYUtFcDZ1WXItejFqbVdudXlWQ3E0M3pVVzhNQk1iZDRCUDJlczFSdmdRUXJQd3ctb0ZuUmxWXzBoUjJrVnM0enpMd2JhTFU4ZWNiU1V3NzlRZVBCejNRTzRzZUXSAbwBQVVfeXFMUDRmY1lRczhtTDNPbWhCa3pwVldHOXNLa1JGNnVma1E2cDA5TXdBY1JSdGZuRFpjWTdiMVVXeHl4UUE4eGNEcWR0TXE4bEY2WWFfMHVCd00tMERuVWRmMld6S25CQ0xOMzdKcFpIYlQtVlpmVlVUVDVtMWVhN29wZDk5cHQ1UDZuLW43NUpRb1VzRy1BdUdDLXhzQzdud1oyOHRoZXhQbEhENHgwZTZrNUNYOVEwRTR2aFdrQ0Y?oc=5,The Assam Tribune,"Sat, 27 Dec 2025 08:00:00 GMT",2026-06-14T20:39:16.238172,dos_ddos,True,False,candidate,https://assamtribune.com/north-east/tripura-student-dies-after-racial-knife-attack-in-dehradun-outrage-grows-1602620
network attack Tripura,"Anjel Chakma Death: CCTV Shows Tripura Student, Brother Near Dehradun Shop Before Racial Attack - News18",https://news.google.com/rss/articles/CBMi1wFBVV95cUxPd2VNdWNQYWZKbGdOZ3ZIeWZqMFM2UDFFWVVtRVc0WGtTRVlfVmVsMDdBbTFtZEZsOFlMTHF4LTVGYnNfX09hYlBqZy1GT0x4dWdZOXBTcmIzU3NLMFNhM1M2NVp6eUg0d2sxV2s3M1psY0FfVHdOVzBmX1RDcUpic01qZk9Ocm1SZDctVlBLNjVYNzNjM0RycjNUZXZINk14TUV2Q01EWW5Gdk1wUU1VeTRGd2NfeGtkU3M3ZVlNbHA2b25xb2kwUUVRUGlQd09OLWxDeHVSUdIB3AFBVV95cUxQRlF1X2RnSHZqbnpJY2hQakkzdWZCYnhkdDFUMFlrNE84ZFRFcGFRUjF4SU9DNE9XOWJQUDE5TFluYlkzOElSZXVYQjFzTG90SnVBUmVnQV9LOHhQeEZQYVBKSDVSN0JzSjRyS3BvQkZjaE56aXp3NmpSVVlFX2tUX1c3dkhmeWY1WVZIY1IxTDRUMjBpNHVQbTdLREFjUzV4cVR3NVl1djQ2WGxhc2NrWWh3ck85dkI1UFVhVmhLaV9FWU9ya2JjdTJrTTV3MDJHTTYyVThVbGZTTkNR?oc=5,News18,"Mon, 29 Dec 2025 08:00:00 GMT",2026-06-14T20:39:16.238198,dos_ddos,True,False,candidate,https://www.news18.com/india/anjel-chakma-death-cctv-shows-tripura-student-brother-near-dehradun-shop-before-racial-attack-ws-l-9797379.html
network attack Tripura,"5 Arrested After Tripura Student Killed In Racial Attack, Uttarakhand CM Assures Strict Action - News18",https://news.google.com/rss/articles/CBMi6AFBVV95cUxPelFraEpPMzluel9yQmx5MWVENUhhR1BUdWtvM09LNW9nWjktYmhCcjBfaVFEcWFsMjJzNXVjcE1tdXBiVWFvdzlJVDNzUS1GczllcjBoWm5QVGF2UnJZbmJBVUdKX2lYWmpNWnpXeDlrRGw3V0U5UDRLT1JzenFzZ05rM2N4Q3Fwc0swN3h4SjY5VW1XYTFISXB6bHZHSXBjaVVNeTNnZjBXUlJpSU5ZelAyU3JqbHNIdWVBRnlUbktmOGpIdXQ0UWVDb2xROXJ5eUFuM3Ridkdzc19LVk9JcmVQRjh1bFgx0gHuAUFVX3lxTE94cUNlZ0JLQlVuS2NJdENHRjM2WVBjSlVLOUFKdVJvM0wtSVVmM01aWTVSQktGYVhmeEJoRTJNVWhQdlVzRmJpa211X203SUI1TS02WW11QTMwTE1KWFZRckp2ajlORGowM29PZ2VKOUFOWDlDSXNBbFdWcU5BbHQxa290ZVA0YmV1cXd2d1Q4NVB4UlJPWTBMM2E2Ti1nbDVWQU1qUGhBbEptY1FucDhZTXRlaHIwTGw0bHNDRWxNZFJaR3pJUUlIaWpPcEJGLW9QdXhCLWVQN2JHRndXYWZzYUg4bHJoTHBmNzJzWmc?oc=5,News18,"Sun, 28 Dec 2025 08:00:00 GMT",2026-06-14T20:39:16.238225,dos_ddos,True,False,candidate,https://www.news18.com/india/uttarakhand-cm-assures-strict-action-tripura-student-killed-in-racial-attack-suspects-arrested-absconding-ws-kl-9796579.html
network attack Tripura,Indian Army Tripura-o drone attack aro anti-drone system exercise-ko ong·ata - Hub News,https://news.google.com/rss/articles/CBMipwFBVV95cUxPTjRYd1VSWG1jLVMxMERMVDF0XzhKb3lfakM4a1h0RVVIczBHY0E2OUhTMXRYTmJNVTFWXzdleXRXSGkyRkJ2NV9Xb1k0RGRMRzVXQ1VOOVpoVjdSYVhIWF9RRjRNMWlQZTFWMHBSYmFpUmFiaGJjc256S3ZlTllVQkRLREc3ZnJDNm05SDZrbWp2TTB0bG5XM1hQQ0ptZXloeUVQcXB3NA?oc=5,Hub News,"Fri, 22 Aug 2025 07:00:00 GMT",2026-06-14T20:39:16.238286,dos_ddos,True,False,candidate,https://hubnetwork.in/indian-army-tripura-o-drone-attack-aro-anti-drone-system-exercise-ko-ong%C2%B7ata/
network attack Tripura,Tripura CM introduces WiFi facility in 11 government degree colleges - The Times of India,https://news.google.com/rss/articles/CBMi3gFBVV95cUxQemppdzJ2aFBUQWhJNV9EYnhYcHV4a3kyUDhESmV0YjRrc1gwTmVSa1A3YnI4Wlk2cXJteGdMNWJtUGlTLTgxdUt1ZWhBR3NlWHl4RFFZYXd2SVlJSkZnSkZIYUVzZ0FfWlZ4S1RCTm5LcEJsRUNMVk1SaUJWUk1pYlhQSW1Vb0tKdTc3Y2Y5dUc4MkxpbTJ5T0t6XzV0eFJadHVIM2FnOWY1RGEzM3FFTmd0eUlqTUJpTmpGSk9aTEFYaDZ3SUN5ZklWcngwMXpDRndMZFJCUy02TU1WRWfSAeMBQVVfeXFMT3lhZTBmSmNVMTFaRHJKdXlwM2MxdGotRlJENVExdHVqb3ZQRlBXRFR1Ymd0LWpvbU1EUDNIUHBNSml0UmNmazI1eHBCdk5wMzlUX1BLc2JvQUpVQlNHeHkzcFBhbXFOdUUxRDI2aGpiaV9lSjI0YzNtc1l4WTlmVVZjQjFzal9QZm5wY29kcVMwejVjczEzd3IzN241Vy1JTlpJVnZ6VW5ZbmRGakdpb0R2NENBUHRkR3dfYVZlWVY2NUdmM2JDdXcyRDhIWjFWQzNxZVZQT2ZldWpCTEZLUEczS0k?oc=5,The Times of India,"Wed, 29 Oct 2025 07:00:00 GMT",2026-06-14T20:39:16.238316,dos_ddos,True,False,candidate,https://timesofindia.indiatimes.com/education/news/tripura-cm-introduces-wifi-facility-in-11-government-degree-colleges/articleshow/124892236.cms
network attack Tripura,"Mob Attack Displaces Bengali Population in Tripura, Increases Tension with Migrant Brus - Land Conflict Watch",https://news.google.com/rss/articles/CBMiygFBVV95cUxPVURZd1ZYQkg4TlZodkM1NmRRbTN2X25kU0g3Sy13SG5Tb1B4TmhVN3dhMzhtbmRaTFcwQlA1bFl5T2xFNk56RlFBeHpfV0hLNnVBTV9Lek5mRGZUTmZkczd4clNxY2NQcE5TTWVzd09kcHF0RmFkV203NVdlX0hZRDV3a2dVLWNhS3Zvc25vRkxMZWIydlZwbTFmWFhhb1NvWHhyRF8waDVtY3ltczZUSjZSOG1DNGJyb190MWMwb1ZwWjdKdllIUzFn?oc=5,Land Conflict Watch,"Thu, 07 Jan 2021 15:38:35 GMT",2026-06-14T20:39:16.238380,dos_ddos,True,False,candidate,https://www.landconflictwatch.org/conflicts/mob-attack-displaces-bengali-population-in-tripura-increases-tension-with-migrant-brus#
network attack Tripura,"Tripura MBA student killed in racial attack in Dehradun was bright, football enthusiast, early job select - Moneycontrol.com",https://news.google.com/rss/articles/CBMi7gFBVV95cUxOd05aTWw3Rks1aHZIOXFJLW9yZTEwSkdDMGZFVUY1OF9ZbE55ZUxNNFBmM29pb2lUTHRhcnF1MXNNOXpEejJacTlOdlhSNF9nZkxwdDVEaWpkeTlxN252M2hocGhJNTNtMHlOZmdDWkFES3BwR1pOcVNpV2U2NzhmYVE5ekhfOC1VUThrSkU5LXh5cHpmcjZENzl0aU1ZcmpXYU84VF9TcTRQekV2Z0RkRjk1Z0dqelNXdm9SVDVSeUVwZ3pOU3EtYkxCeUFhVUxTRmVabHhDN2ZlMld2X1l1a1BObml3NEZYRjYwdGV30gHzAUFVX3lxTE5KUmFQT0pQN2NYUExRMmIyTkpGRXNHaVFvcGQybVFvLTdjZDFudDVfQlFKaVZCQVZXWkFNcTdqTHg0ZEZqaDZyLVpjMlJEeXRuQ1IxbkNGUFV6cXE2T0NrOVQ5REtNSEtER1RSaWlJT1Z4X0QtbmhybXFUTjBLNVB2NVdMa2RjdkViZVMzWjV5X19OY2V5ZFRKWlg3RFFCeXdhQzNHeEY1eGNrWnpDRzBQdERKaDNzb0Q1aDUzMFFtQmVTWWxJN0Jjc21Ec3Z0M0dXaEtZM1ZQSGNGcUE3TW8xVnhLS0dLb3BaMm1zZmtpa0d4RQ?oc=5,Moneycontrol.com,"Mon, 29 Dec 2025 08:00:00 GMT",2026-06-14T20:39:16.238394,dos_ddos,True,False,candidate,https://www.moneycontrol.com/news/india/tripura-mba-student-killed-in-racial-attack-in-dehradun-was-bright-football-enthusiast-early-job-select-13746235.html
network attack Tripura,"Morning news wrap: Tripura man's body found in ice cream freezer, Trump unveils US 'Gold Card' website; a - The Times of India",https://news.google.com/rss/articles/CBMihAJBVV95cUxOX3lhQTV5ODRLSHNUbXlfMzBEM3pMdURPWU9IVnFObm5wMm9CUi1QZGRfc01pMkFKb0ZJeEpQNlU0cFRLWUs4NjBrUDJnTzlPU1JrMWVaT2lpbXI4RUt2cWtUaWJvR1ZUS21SZ2FSNERwcjlCM21icFpwQTRBbEVTelZmYTA3dVVPM3AyMWRqTXpCUmNSV0E3ajhZMERjdFJBMUo0SThRT1lWMHl2X2JodV81ZV9BLXExbVVxYXZzekI3UmtOYi02bWNubWpOdGowSEUtNEU0cUh1NW0zbXpKdWFwbDdfZTZLbF9BM3FUWUREWnAxMzhjdTduVFVoVkg4VFZ3Q9IBigJBVV95cUxQZEVfelVwcXVzd0x1VVN4Um10R3IyWHROOWtrbGlrWTlkdkpUSTBwcE9aTmdpbmlnOTlIR0tSOUhiSlo2UUM0SVJHcXN5N1kxQi1jNXRPMkJkZkNQTTR4bW11V2pTZWlyZVlQTWFBZzZ2NlI4R2N5enM0Rk8xdUdpWElna2hoeTVHN2hfVVdhdzJQZHdCVk00SXpINFppbEJvdGJRNjZfNVVtQ2lGRHlkX2Y1d2xHNTd5WU9BOWFFUFNTWlB5WmxJQXFZV25VYVNLV0VJZVhwU1VQWFhuYUhCeS1ZSkZoaW90MV9pRHc1MG95Z2hYMFR6VVJPREZWd1c4VUpsZUVhU2lmUQ?oc=5,The Times of India,"Thu, 12 Jun 2025 07:00:00 GMT",2026-06-14T20:39:16.238433,dos_ddos,True,False,candidate,https://timesofindia.indiatimes.com/india/morning-news-wrap-tripura-mans-body-found-in-ice-cream-freezer-trump-unveils-us-gold-card-website-and-more/articleshow/121792809.cms
network attack Tripura,"Tripura Dy CM rubbishes claims of attacks on minority, 2 journalists booked - Hub News",https://news.google.com/rss/articles/CBMingFBVV95cUxQTXpUNlg4WWJNQTdKMGRzZ0ZKcnN4NURBTGZ1bXlIQ2JqbVhwZHpRTzIxaTRySnN3N1pCb3luMzctWUtlTG9IZDZCQ2pKVVlQamlsVnBwNVlmWXVTSEVYWEFaV1hRZF9ENjJKOE05TGhwcm56V0xEbjNUN0JGMDU0UXd1SXNpWF9xZE1CNFBYc0ttdmhvLWU3OUJXNnhrQQ?oc=5,Hub News,"Sun, 14 Nov 2021 08:00:00 GMT",2026-06-14T20:39:16.238471,dos_ddos,True,False,candidate,https://hubnetwork.in/tripura-dy-cm-rubbishes-claims-of-attacks-on-minority-2-journalists-booked/
network attack Tripura,"Tripura: Investigation into ₹40 Lakh Burmese Cigarette Loot Stalled, Panic Grips North District - Northeast Today",https://news.google.com/rss/articles/CBMi1AFBVV95cUxNd3FYM1UyZVVNeDJ5OGhnMjRxTGQ5WExLQVg2R3ZDczZyRV9kSWVHWDBoOXAyUWZtSWVsZ3k4UVJvNHY3NVRZVEF5YWt0UnlhVXplZ09xMTJKQW8zNFc0QjFra2hvQ1hnd3lpWDdMd1FmWUFiTUg1VDVLckNsck5GbjgzZVA4OVRhYTQ4ZGl6N3IxZ3E0U2pabDBUZ1RFaTFsSF91dU9yYnhZV0dmTWhsQ3ZUU2RtclpPbUZ3NkhwdUFieHlVLTJVZG5tTFpHWWpSZ3ZaUQ?oc=5,Northeast Today,"Tue, 04 Feb 2025 08:00:00 GMT",2026-06-14T20:39:16.238496,dos_ddos,True,False,candidate,https://northeasttoday.in/northeast/tripura-investigation-into-%E2%82%B940-lakh-burmese-cigarette-loot-stalled-panic-grips-north-district/
network attack Tripura,"Tripura secures Rs 1,000 crore investment - Hub News",https://news.google.com/rss/articles/CBMicEFVX3lxTE4yUmpYVmlHUXdYZUZLVDFKa1ZRVnhFXzh3OHJyZFd4M294NkxPd1BsYm5lWWo3R0xOWnJKbGlpZ3UtZGJZSEg0YXFhOU9TX2RIdXo2QlNTR2dwTF9Uelg3RWtZLWlSalZHTGNQUzYtekI?oc=5,Hub News,"Tue, 12 Nov 2024 08:00:00 GMT",2026-06-14T20:39:16.238521,dos_ddos,True,False,candidate,https://hubnetwork.in/tripura-secures-rs-1000-crore-investment/
network attack Tripura,‘I Am Indian’: Last Words Of Tripura Student Before He Was Killed In Dehradun Racist Attack - News18,https://news.google.com/rss/articles/CBMiygFBVV95cUxNSmMyWHlEcnZ2VjJsbG5nbzRYekJjM3Vta2hJRXVYbG5xT0I4dzlJSndlcXdIUjFWeENWZW53eTB5bTZEOWphQ3FyaFRDTy1KeFNLOXNtTEQ1aW1DVmR0VEhleXByME1tOXNta3Ywd3pxX1NRc1F0NXMwdjVIWDhkZHNpYVMyR2RGNjFhcjVveExOM1FKU1YzWjNoSnUwZ0VEd0hBVnFuOHBMaUJYM3pQNEFDajloaU11MFpsM1lZdEh4MEx5Sld6enJn0gHPAUFVX3lxTE80Zml1Q214elJmbEZmd1JvaUs2YnZROHhPbUFvOTlQMGI4NWVVUzVKRWFYaTdaVlhCLVNwbjY5OXFhRlgxTlc5S19RMUZMUTlTNExzQ1M1OTBpVWdjQmswNC1kOExkN3B4ODhiX19yeFJIMFZkUVFIZVpWNjZsSXRna1h3dzdiSHJ5a2lkS0ktelNRUVRNVU1GMi1OYW80MWhkRVN2RXZGUmltb0pHOW9GYzZsdndMQ0owbnk3eVZ0SVBWa3YzbmZDRjN5SmNJWQ?oc=5,News18,"Sun, 28 Dec 2025 08:00:00 GMT",2026-06-14T20:39:16.238534,dos_ddos,True,False,candidate,https://www.news18.com/india/i-am-indian-last-words-of-tripura-student-before-he-was-killed-in-dehradun-racist-attack-9796105.html
network attack Tripura,Five NLFT (BM) militants surrender in Tripura after decamping from Bangladesh - Hub News,https://news.google.com/rss/articles/CBMinwFBVV95cUxPcGdWZDZqM05CdUt5WlZKS01OM1czejRPTEx1Wk5SdFpJcFR5ZWNVdEExbW5uV1FaSzB5UkNMMThXU0VjcDI3LVhIS1F5VEV5WlY0U3NpOE0tUEV0ajVxV2xNZG1TNk51VXlZbk8yOVJWTGU2OEx4VjlEeXpzNWNfYzMwdlh4MHcxajRIZmp1ZldlSzdxTTVLV2VCOGM2SXc?oc=5,Hub News,"Sat, 19 Aug 2023 07:00:00 GMT",2026-06-14T20:39:16.238545,dos_ddos,True,False,candidate,https://hubnetwork.in/five-nlft-bm-militants-surrender-in-tripura-after-decamping-from-bangladesh/
network attack Tripura,"Tripura Student Killed In Dehradun Was Attacked With Knives, Kada; Remained In Hospital For 17 Days - News18",https://news.google.com/rss/articles/CBMi1wFBVV95cUxObDUyX3Vnalgya3VXbWtpcU5EVGs4ZGxpcXpwM2F5ZUVQcEQ0bFlKbGRoYWF3aU9PUE8tNU9pOGEteV9VVXFVS1BxdElEZXZHQ2ZLSHhNQXhpbk00N0lMd0dKMFRBdmtGTHhYV0ZTUlhLdk4wWlJ4TXJzSU1qLXpPVG9CSXhBdnB3RHU1YXBvWHFnaEFTWWZ3OERPd1FZNmxETHhwbHczcGhRZDZ0UngtM3g2WXY5ZF9JNGhOTHUya3pOblU0OWF5U0pKalBZVlNZSVhaeUVSa9IB3AFBVV95cUxNb3d4LXl1aW5URkU1WmNaT3JleG9fZGdzSVBmOTcyRzZyZHJMaGU5alhZRV9ndDlpckY4eFdkQXgxNDNENFBGQ0RJeld2aDAwaFY1RDlqZFlHNl81SVFhc1JqeEM1ZnlBWndLQ2FENklaWXA5bkJ6RHJoX1VrYXpnY2RUYnRrcGRfdlNMYWhCWmJXa0xQcE9nb3g0MUNwZ1l1OFB1cVFxck1rNGNjbkdiSEozVENNQTYyZGYwUVRwMlJBRFFadU5KanRiZFJYRWdENXFHQXlZU1hlSG1B?oc=5,News18,"Mon, 29 Dec 2025 08:00:00 GMT",2026-06-14T20:39:16.238570,dos_ddos,True,False,candidate,https://www.news18.com/india/tripura-student-anjel-chakma-was-attacked-with-kada-knives-racial-attack-dehradun-accused-arrested-9797309.html
network attack Tripura,"Tripura's Latest News, Views & IT Portal - TRIPURAINFOWAY",https://news.google.com/rss/articles/CBMi2gJBVV95cUxNdWV3dXBweE5xR2hCdWdZWndhZFBwLVBKQ1pabDlnd3hlbHc0VHhabWVzNG02cFo4b3lpdDFQV09JRXlpYk5aTkVzRjZudEd1ZFVzeXF5N1hXZmIwcEFVMGZUMDdJamJXbE9qQkFuczRKa3VNQ0U5RkEwdGFEYk10N01NQnpwVEM5djY2UTAxb0Y4VjRsbndYTGRvNUVYem5FQThnOG1MYWljc19qUmRrYWd0YUg4MThhRmw5eWRiX2h2bG9VYmlHUmd1ZUR3a05ERmxhbzVlUmdvcnZtNWlSR3FjZEtLUDBlWVgyNmN1c2x5NjNlQXgtUHVLaTlMbDlHTE9SWjhQclVSSk1EY0pfNmlFWE1XeFMzZUlHbURLYnhJTkdTTkZzbjYzZGpIWjlTU2Rxd0JuVjdUMGNKSUdPRnVLYW1tMUFyQzgyTUdud2EtbFc3NTlvYkxn?oc=5,TRIPURAINFOWAY,"Fri, 01 Jul 2016 07:00:00 GMT",2026-06-14T20:39:16.238582,dos_ddos,True,False,candidate,https://www.tripurainfoway.com/news-details/TN/58080/bru-terrorists-network-expands-along-tripura-mizoram-border-narcotics-smuggling-extortions-finance-terrorist-outfits-assam-rifles-30th-battalion-nabbed-3-terrorists-in-north-tripura.html
network attack Tripura,"8 CPI-M offices attacked, many vehicles burnt in series of political violence in Tripura - Hub News",https://news.google.com/rss/articles/CBMirwFBVV95cUxNN04yRndsTFB0bHRhTnZSNUJERWxwbHJTVEFFYTBPQUlZVG4tOEZwSUhNQ1JWX0g0cHdaUkRmZ1Jjb1MyWm9nUUFrdUJhY203bjh4T0NSMzdYT0JMd0huLUR0ZV9KMklKUzdSU2RrSXNaTHpldFBLSVhTSVIwR1VORjJNeWgtdXNzdW84bTR6TnZaamFDU2FvdU1lZ0dVZDM3cGJVVFdab2Y4WUxqbG1V?oc=5,Hub News,"Thu, 09 Sep 2021 07:00:00 GMT",2026-06-14T20:39:16.238673,dos_ddos,True,False,candidate,https://hubnetwork.in/8-cpi-m-offices-attacked-many-vehicles-burnt-in-series-of-political-violence-in-tripura/
network attack Tripura,Protests Erupt in Tripura Over ISKCON Leader’s Arrest and Attacks on Hindu Minorities in Bangladesh - Borok Times,https://news.google.com/rss/articles/CBMivwFBVV95cUxOUFYyb3d4RUpoTFpIcG50QUpiN0JkNU5ab3RwcWk0ZXAyaTg2THItb3RuWkFkenlMYTYwcmJVQ1Vsa0R1MDhVdUNoX0VDdFIydHhMVkEzYXJKRzVsSVV1dE4tWTdVWk1VNVpiZURQdXZvTzI4WEVVUEczUlFlcGNDOVhkT240VFBlN09ZNkRla1I2OEpQcGZKcjhZNlZKc2RUQ3RQeFJNcEZ0cTdEelRqc3hPa25LNFFoNjRMdGtLc9IBxwFBVV95cUxPZzRzWUllSXplX2lCU1N5Y21EdU9kNVhyaEdjMUFBU1dnLURJVy1pY1pWcHRBQ295OXA2eUtfZFJpdURiUFgwWEJtOHRDaExQQmo1RUItNmFvdmZLSXY0WG9KUnN4TVY0aEM0Zk1ZbGlZZGpGY0E0YmcwU0ljVk1qZVRqMk93cTlCNS1ITnFZcGxmVTJMV3R6NUF6WmFwX2tKY3pzbldndmRaWGlQQi1BcEQ3UTdwaFY2SVFCajYza3NZYjViMkJZ?oc=5,Borok Times,"Wed, 27 Nov 2024 08:00:00 GMT",2026-06-14T20:39:16.238721,dos_ddos,True,False,candidate,https://boroktimes.com/protests-erupt-in-tripura-over-iskcon-leaders-arrest-and-attacks-on-hindu-minorities-in-bangladesh/
network attack Tripura,Tripura Govt Proposes Recognition of Four New Roads as National Highways - Borok Times,https://news.google.com/rss/articles/CBMinAFBVV95cUxPSnpCQWVLUnYwSi1HN0tpNzJWdWZZV1VGVGl0akdwWXF2UlVTcWlaTWRlamRVTWRUc2NrVFZId04ybTI3OTZmMzJ5OTNuNDluVmtKTzNhTU9aVkVPUUxJSEItR1p2dFJtSHFVekdmeGZhaTlKZ1ZSaThOSWh4bDI2Qkc2UHlnU2YwTmY2ejNCNlplck40eW45dndZa0LSAaQBQVVfeXFMUEhuUnNYTlJoYWhNUUlZb1FMOHhITW5nSXdKNk1iTUN6cHYtc29Bd0xRaFM5b3NQRDhZN0hsbHE2OFllRHcyYmRTNW5zSWZxOVhHdkR0Nlp3RHdUS09TamZoYzdhRnlJWV9Xb2FLMGwzM0dxaFFQT0Q2eVV3WmdPZnhHNEw0OGx2RERhOEFMRG5wOUg4dzM0Z3liT25NbkFzV1QxWm4?oc=5,Borok Times,"Tue, 05 Mar 2024 08:00:00 GMT",2026-06-14T20:39:16.238734,dos_ddos,True,False,candidate,https://boroktimes.com/tripura-govt-proposes-recognition-of-four-new-roads-as-national-highways/
network attack Tripura,"Tripura CM Sounds Alarm Over Drug Trafficking Network Operating Through Northeast, Demands Sealing of Border - Northeast Live",https://news.google.com/rss/articles/CBMi6gFBVV95cUxPTkxIZ3FxcEs2X2dRelVyU1pMUHZLS3VkVnA3el84TXo5dGdpckRZWGpzUENzRDZNZFBKTjd2eVVxelVwcngtYkx2RlpyNWlsMGZjM3FZLUFKM3FsdmdYMnhZSlQzV3JDanppMnpiS2FFbGQzeW5qQ1U4bk5FZzJ5Q1N2cU02cFhXWTR1WDllYUY5aktNZkRjNEZkVFVGN3RoaXNMUzQwX1BEMzVJNEZrc2VQZi1sNkhGNWlIS3NxSlEyaUFtaF8xNi1fSlp2eXVQS05meWNPakExTDNoVWlOTU9QS09LZDdZRUE?oc=5,Northeast Live,"Thu, 21 May 2026 07:00:00 GMT",2026-06-14T20:39:16.238769,dos_ddos,True,False,candidate,https://northeastlivetv.com/around-ne/tripura/tripura-cm-sounds-alarm-over-drug-trafficking-network-operating-through-northeast-demands-sealing-of-border/
website defacement Tripura,16 Houses Set On Fire In Tripura After Idol Defaced At Temple - NDTV,https://news.google.com/rss/articles/CBMiugFBVV95cUxQckxzYWhxdjhHQ3BSTlM4RFAzdTgzYWhmOFRlZklBYjN3OENWdEJrYUY1bkdrNEVWdHJKSEUzS2c5cm9yNHdoVGgwMU5jdDRLTXFVd3diVVVhV1I5alVMOGlTeHdwZnhwRU8xZlBSM0pGRGNSalNuSWpHcU1jd09YNUVMek14WFZPbWtEZXhsMFVsVkpIOTk5UWZQWjNmUm5MdFFaVWVtT0ZVbVhrU3pTa1FEUFM5V3RQMEHSAcIBQVVfeXFMTVRUTy1ob3htUC0ydVJ2aURSdjRiM3dzT3ZqRkJIUWR4Mjk3dHAzLWNTbW44dVdWMWVqMTY0SHhrSU9RRVJkMlN3c3pEMHk3QnRKTU4walZnZE1LN0pjZGdjVHRlMjZwTEdmT2ZKRGJNMXk1cnJpZ09YNDU1RFZvSFpGQXd6YkxlMWRRSFFjMWNzWnk1dVdoMFBKZGRhVWdYMVdlZGxYd1dYYzN0em1vOUJvTGh3S3FEWjI1a2NRSnpTemc?oc=5,NDTV,"Mon, 26 Aug 2024 07:00:00 GMT",2026-06-14T20:39:18.098459,website_defacement,True,False,candidate,https://www.ndtv.com/india-news/tripura-violence-12-houses-set-on-fire-in-tripura-after-idol-defaced-at-temple-6421495
website defacement Tripura,"More statues defaced after Lenin’s in Tripura, Centre asks states to investigate attacks | India News - Hindustan Times",https://news.google.com/rss/articles/CBMi9gFBVV95cUxQd0RqV1hyRkJabm5pd0h4QTF5VEo2cC1TNnN2SlFaTkprT1c0YThJRk9uT2tqX3RuV2JXZWhDZU8tMWdsWERuU1lGZVB3SUMwVzJOamw1Y3lYYjI2ZEJERmJfcVBubWtoSHZrLXF4US04MmJtRHlxeXdHaHpsVjdGWnFIc3hkNUhqNVJxSTh3cnBtUU9TVG94aklLd3BpaFNwbkZna0tKLXBqWGczS3JNTDNVdGI5YkQwanVlcHo0T1c1ZW5Ud1hmaUxIamRVc1dYZ0FMMmM0d0pzdEUyWHl5UTNXQ3dnRVhibVRVcGlVMF84WkZ6U0HSAfsBQVVfeXFMTUxmaXRzOE1HbU41XzJ3SVY5R2twVWFkbUtQY3pWNGFZZ0lEZDRObWdONHpaY09yYXBWamE4ODAySkhsWU1wRjdTQ3k4ZWhmMEl5MW1TRlJVWFphQ3Vpc25Tb2ZURlVhQzZaSjZ5Z2psWUtkSWx0MkxlNEJSUkxGWm1BdHVnX1N3LUFwc1Q3QV9zRkROeWNsWF9DOXgtaEotNExVYjd2eVJYd2xnWUI1YXJFUEhtRk04TnhxLXp1RHpXS2FvOXBiWl9qQzlHTWw4MTRvVXlZeVVXYTZnZ1ZjVTdIeGpsREVhdHdnaXBCVEhnRjNRSUdMTVVDVHc?oc=5,Hindustan Times,"Wed, 07 Mar 2018 08:00:00 GMT",2026-06-14T20:39:18.098603,website_defacement,True,False,candidate,https://www.hindustantimes.com/india-news/more-statues-defaced-after-lenin-s-in-tripura-centre-asks-states-to-investigate-attacks/story-rvXnJ0OW9TIAjludEp2RwO.html
website defacement Tripura,Section 163 of BNSS imposed in Tripura’s Jirania following communal tension - The Times of India,https://news.google.com/rss/articles/CBMi5AFBVV95cUxPNlRLSk1CUG5rcFZLZ3FzTFluQXVsVU5SU0lldjNRVm5fYVJCNTZkXy1VZlFpa1FNenIzb2ZoR0xmTVdGUkVrd2lxSFE0d0h3aDg1Z21QU1RPQ2VkS21NN2drbVllUC1ZS2pRZUMtdUpmdmp3SW9seTNvbzNrSUI2Q0hZbW9hdkxTdk4tYU9CQVNLTmV5dHhVRDZicmZneHh0LWhTM2QxX1JrM3VJZUFScDBNX0R2Zm1XcTZHNTIyV2lkVGhDenNWSDh3d1c3V1RWNlRocHdkenhmWTBHT0NtanU3amjSAeoBQVVfeXFMUGN0dE1YLTlCSnZ5ZUF6ampUSUpxOGlmOUg3NnRzMEQ4elJfeDgtZUdhRjRvc24wZEZOMzdIOW45YmcxSm1HQ2hpdGdmMkZzTHRiS2ozRkU1eDBFMkFvRUtCN2M1ei1jWjRHc3l1MFB3eElmX2FBTzRsRDR3VUZsa2FFakNlVzR4TXpOX29tSXAxVDlpRDNsbDllbWhzcEoxTHNCVXBSd09pTWlrTEV6NjNLSjBBZEZIRzJtRFZNbjlNZUlfdkJSN2FXeHFSRWthWDctNUxrTlJCcDZ5bTl3ZlRYUzM2bEUycFRR?oc=5,The Times of India,"Mon, 26 Aug 2024 07:00:00 GMT",2026-06-14T20:39:18.098635,website_defacement,True,False,candidate,https://timesofindia.indiatimes.com/city/agartala/section-163-of-bnss-imposed-in-tripuras-jirania-following-communal-tension/articleshow/112815332.cms
website hacked Tripura,Video from Bangladesh shot in May shared as man hacked to death in Tripura by Social Media - Alt News,https://news.google.com/rss/articles/CBMinwFBVV95cUxPeFNvQV81a0x0cmtRQ2YzRC1Gc0ZMUXF3LTQ3bk05WVE4SC1JZmIzemdFaTJHNFZBNmYtMFByNVJxY2RXU0dzbGJ5OVZQYWtadHdnT2tKRjM4elQ1QndxWjQ4d291a2R4SVNHdF9JN00zRjlDRHRzNm16OWxiRUZOa2NTOVFGSE5mYXM4ck1hcjlENnA1RmsyWTMtQzBGb2M?oc=5,Alt News,"Wed, 27 Oct 2021 07:00:00 GMT",2026-06-14T20:39:19.892584,website_defacement,True,False,candidate,https://www.altnews.in/video-from-bangladesh-shot-in-may-shared-as-man-hacked-to-death-in-tripura/
website hacked Tripura,82-year-old man hacked to death in Tripura - Mid-day,https://news.google.com/rss/articles/CBMioAFBVV95cUxNbTB2TWJZcVZWaTJqaS14UmJIQm1vd1VINWdROFNPTWx2Z0Q4R1g5NXJ4ODRpT25BV1F5clk4YXZ1MVk2RFhSczdCeW5lSW51QXF5bGNDT3F1ME1uWlJCczJ5cXN5azBlNUtKVV96bDRacUNfMUVBMWl6V3p1RFIyV1d0Skl5UHZnUVR3QzItWXBMNFpYcm1xbTE2dTB3WnZi0gGmAUFVX3lxTE43MmRKWmJtSGUxNTRoMFZza0VwakM3V0M4UzNLVW1ZOHptY3lzdGJhb1ZNTE5jVzZHQ1d5YWRrS1ktZk1IRXhrUWlnUGlrTUc3eFVyd0xyQlluYThDQW4za01PTHdBZlI0VHlvWGJGX3pzMkVHTC1aTTF4RHBrZDdHUW5STkI1STg0cVVrekVueWdZdk01TkUwSjV0WVphYWtSb0NDbXc?oc=5,Mid-day,"Wed, 03 Jan 2018 08:00:00 GMT",2026-06-14T20:39:19.892618,website_defacement,True,False,candidate,https://www.mid-day.com/news/india-news/article/82-year-old-man-hacked-to-death-in-tripura-18889156
website hacked Tripura,"TBSE 10th Result: Tripura Board 10th Exam Results, Toppers, news and more - The Times of India",https://news.google.com/rss/articles/CBMifkFVX3lxTFBvSnlsRmg1aXVJMTFrM05qNUY4em1oM243NDFvRTNNZm9sYUdwY29abV80bGNqZGVXZ1kzOFZhV2U0YVc0c3Z4TkxJWkx2S0YyQ2ZJa2Zya1EyQ1hUa2NUMWhpSXNsLTB4eHF1RTBrSzBEa1hKT3g3NTJuWHdtUQ?oc=5,The Times of India,"Sat, 06 May 2023 00:03:12 GMT",2026-06-14T20:39:19.892627,website_defacement,True,False,candidate,https://timesofindia.indiatimes.com/education/tripura-board/tbse-class-10
government website hacked Tripura,"TBSE Tripura Board Madhyamik, HS result 2026 released: Direct link to download Class 10, 12 scorecards he - The Times of India",https://news.google.com/rss/articles/CBMijgJBVV95cUxNdXF5WHZIc3JscW5KZlc0SXlBbWhpWGI2R3VVSVZrckRrSnJ2TW1qNjJ4bmxidjFEcUVnTFNZclZ0d2s1NUEtYklPdElnclBYRjJZTGt3OHBNeEhJNDVrSTVEcGhNcm5VeUI1andzdlFVc2ZRMUtkcHY5MkpNYlljVTZkN1RLYUJ2eEkycVlhMXhGcHFKR0RreEtER3RFdFNIaHhYVGZyMWV4WHhjbkZGY0RjN3EtcnVqT3hzRmRmV0Qxc2ZkczRXV21icG9NdUk1bnNiVGE0NU5paW9ieU1nSDZxcDJ0aDVlbHVvbUdkbEk1TUNSUkFBSUlnODE2ZWprX3VMY1I5Y0ZpTWpRcVHSAZMCQVVfeXFMTUY4djVVdXZSNFQ0eGxEbnBTUmUxTC1UMFV3ZmNQOHhjMEhpZ1hqVFVsT25LVDVVYlBOU3NRZFZVaW1MUk9Ra3pRVk1yeTdqU2ZmUzlrYWtHT1dYMW5vamFKN0J2bTROZXladUxBbS1VOHYySVVmT3ZMb2QwY1lyZ0l0Ul9uTDJNUng1cnZoU0xJSVZuTGhfMFUxdEVyTDdDckhHNkhWVWNuUjhpTzVIUmF5QTY1X0V5OXhnV0RfVk10T1N6bExqNUtIX2FvekFqWDBjb3Z6RUd5UkY2QlJ0TXNycHpkbGJsQVdiRUlGSGZ5VGlMUGtnRjd2TGpGUkRPX1Babkdxd1VjQXlWc2VqSEc2amc?oc=5,The Times of India,"Fri, 08 May 2026 07:00:00 GMT",2026-06-14T20:39:25.101326,website_defacement,True,False,candidate,https://timesofindia.indiatimes.com/education/news/tbse-tripura-board-madhyamik-hs-result-2026-released-direct-link-to-download-class-10-12-scorecards-here/articleshow/130951519.cms
government website hacked Tripura,"Tripura Begins Census 2027 Preparations, Caste Enumeration to Return After Decades - Northeast Live",https://news.google.com/rss/articles/CBMiugFBVV95cUxPR1otTjAxRjFxRmFTal9fdXNaTGI4ck5jQWg1a056UkhYUXpsaVoyRGNNcVVvOW9TWlQ5eDlTMF82RWdrYUFNR0xNVEZhZ3lVVERIN3BWdUxaaDE1SDJIeE5kUGZjS2lzdGhfdlZRcllQNGIxR2o1cl90MF9jcml4Rk56TC1YaVktM0JsQUd2NnljbWJPemNjY29qR0lWSVdBUXo5UmU1WjhoaHM1NGYxY0pVNGpFenBWMEE?oc=5,Northeast Live,"Fri, 15 May 2026 07:00:00 GMT",2026-06-14T20:39:25.101413,website_defacement,True,False,candidate,https://northeastlivetv.com/topnews/tripura-begins-census-2027-preparations-caste-enumeration-to-return-after-decades/
illegal crypto mining Tripura,"Tripura arrests 3,705 illegal migrants since 2022; 3,463 are Bangladeshis - The Economic Times",https://news.google.com/rss/articles/CBMi0AFBVV95cUxOVHA4VGdVb1JIVzNZTlJDWVVmZkgtbE5GNGlleWRybG5qdFhSU0tyRVh5M2d5QUE1b3VxR3h3bkptczdGU25yUVJFdHVyaFNYN0ltSGNidHBUMUY2TFFIZVFEUW5tSDlDa3dXbkxhY1pYdFRRMVhuQzZpNFBoRC1ybnc5Y0dYMmlDY2JUSGwzZWVIMnV0QS0wRExVRmZ6Y3BfQy1oUXRjV3NHbjFhcDcyaW04VThOWjJKQ0JOcVFoaEtYS0gwbE5ka1oySS1Da1Nk0gHWAUFVX3lxTE9xb2s0LTdxMlpuZDl6emJYb2pUd0FZendsQ0NxSmkxODVodjJrX0VYT1JtbGNuek9ZVkFlZGptWUhYNEx5Sjk0dHdaYkhlZEN1cXZER1NtaWY5aVVoT21TT2IzdllpSU5fREV6NWYtQlZEcFRUU2NMN2lUVzFHRzJJRGFrWWxrajZnNVFnMjBIVUQ1a2RjVmZPTWpWU0dTNTdIdUZMTmZvaHgwMUFGY0pxTUhVdm5ab24zYk5reEJlWWVRUWczV3JtRlF0b09qcWNDc2NHV1E?oc=5,The Economic Times,"Sun, 31 May 2026 07:00:00 GMT",2026-06-14T20:39:48.966168,cryptojacking,True,False,candidate,https://economictimes.indiatimes.com/news/india/tripura-arrests-3705-illegal-migrants-since-2022-3463-are-bangladeshis/articleshow/131425769.cms?from=mdr
illegal crypto mining Tripura,Coal reserves found in Tripura - The Economic Times,https://news.google.com/rss/articles/CBMivAFBVV95cUxPTVY2b2NfbG5PblZ2cHJEeVVHX2t1eFUtMTlsRXUwUjdPd2hUZndPeGx6QVkwangtWUJVTU44LXNSU2g4VHhTUWtuVnVDV2tVZ2dmQXBCRFMzS0p4RWItSWJjWVNqR0Vua0FQWV9iUmJlQUlhbWx5Q1BGYmdlOVRGSklaMk5taG5SMHI2TUFJT2R5TXFRUHNPZUkwLUxlcm1DaHJMRzdJa0g5bjYzcmc4c1Vtd0F0ajFYRFMzTA?oc=5,The Economic Times,"Wed, 01 Dec 2010 08:00:00 GMT",2026-06-14T20:39:48.966203,cryptojacking,True,False,candidate,https://economictimes.indiatimes.com/industry/indl-goods/svs/metals-mining/coal-reserves-found-in-tripura/articleshow/7018762.cms?from=mdr
online drug trafficking Tripura,21.70 Kg DRY Cannabis Recovered And Seize By Sonamura Police. - TRIPURA STAR NEWS,https://news.google.com/rss/articles/CBMimAFBVV95cUxQVDJuUFZqSFZkN2pZLUFkUDdKMjk1SXRWYVBhNEJWRDJWRkdYWFdQVldvYlIzdnZHWG9mOFlVeXR1bjc1RDg2bXhaMTFDT0Q3emxOVDNJQm1QZ19md2dzNGVSajhJckpibnpzUkNrQkZQRGktbkF2bkJGRUQ1RTFaVEZ2QVYyLVoyU3hSajBlaC1FeUxZcGFHUg?oc=5,TRIPURA STAR NEWS,"Tue, 09 Jun 2026 08:32:50 GMT",2026-06-14T20:39:53.965204,online_drug_trafficking,True,False,candidate,https://www.tripurastarnews.com/21-70-kg-dry-cannabis-recovered-and-seize-by-sonamura-police/
online drug trafficking Tripura,Tripura Chemists join nationwide strike against online Pharmacies and deep discounts - Tripuratimes,https://news.google.com/rss/articles/CBMixwFBVV95cUxOdDZlMzVKQjhybVo0YkhmNklQMUxJWGNKTG5tRTRGczNMSzVFdVZDOHFTTWdqaVNOQ1BHMG9OdktrY3lSdWlnT0NRYTk1d0dmcjdXdHFaVHNlZGpDa05CRGJ6c1NwQ3ZEYnZBTDJ0VmFla2Z1NGpxR0ZHWTBVYmtiejdFODRSY2Zfc3Z5R2Jpa1AtclBCQlpxOEpHTDB4cW84V0lXOWxobHVMVi1ySVIycFlQdXJza2ZZVDk1TXNZS3hjWFhkZWVz?oc=5,Tripuratimes,"Wed, 20 May 2026 07:00:00 GMT",2026-06-14T20:39:53.965217,online_drug_trafficking,True,False,candidate,https://tripuratimes.com/ttimes/tripura-chemists-join-nationwide-strike-against-online-pharmacies-and-deep-discounts-37338.html/
online drug trafficking Tripura,"Tripura Police arrested two, seize Yaba of Rs 2.5 crore - Tripura Chronicle",https://news.google.com/rss/articles/CBMimgFBVV95cUxNSExDREVxcjV5STJfZzRKMkVYNlB4cldiWGpvcUtHVGN6Qmt5U2ZqQnF6N19wQ1lKZ0tEQk9MZHBpTF9mUU5NNFF3ek5fby1saWFIb2RLM2NtNVQ4dW1RaGNWWmNNUF9fOVhLQVJReFZEYkIzb0dZN1Q0QkM3LUpJV0N5bGQ1aVhrWUhlNzBGR010SzRKblhBNzZn?oc=5,Tripura Chronicle,"Mon, 18 May 2026 07:00:00 GMT",2026-06-14T20:39:53.965230,online_drug_trafficking,True,False,candidate,https://tripurachronicle.in/local-news/tripura-police-arrested-two-seize-yaba-of-rs-2-5-crore/
online drug trafficking Tripura,"Police Raid at Agartala Hotel Sparks Debate Over Privacy, Moral Policing, and Rights of Consenting Adults - TRIPURAINFO",https://news.google.com/rss/articles/CBMi9AFBVV95cUxNdXdsOTRtTzlNYWlQLWl3eDAyUzh4Q2pMNjhzTkZUT252NVp6TGxvZ3NVay04ZjZobVN2MXg4czBHNjRkV1M4ZWZwYWplN3lRMlJwVG1MRlRLQ2d2UmU1aXlqTjhma3U2V2M1OTJXRnAyNVN1Q1p0bHBiU3RkeVRRczRERGQ2R0RMT0JKb0UtdEZMSi0wRDQ3ZVdQTFlXeVo3ZDN4OWpaV0xpdmozUWI2ZmJoTlExR2hZS1duQkFFem0wVWZvcW51YjRtbUlsaDVjMzhKaEZqa3ZiazdJNkFtSTV1RTF6OThGRjFHdlhrSVJlSkVL?oc=5,TRIPURAINFO,"Sun, 24 May 2026 16:50:19 GMT",2026-06-14T20:39:53.965242,online_drug_trafficking,True,False,candidate,https://tripurainfo.com/EnglishNews.aspx?intnid=6583&title=Police-Raid-at-Agartala-Hotel-Sparks-Debate-Over-Privacy-Moral-Policing-and-Rights-of-Consenting-Adults
online drug trafficking Tripura,"9,000 Yaba Tablets Seized Along India–Bangladesh Border; Police And BSF Launch Investigation. - TRIPURA STAR NEWS",https://news.google.com/rss/articles/CBMiwAFBVV95cUxOSmFmanpVR3NJc0dQN1dSSXpSdUY2ejFsVmVXRW5hT1hPMGp0THI0R0RrTXN0bGp6VDgyRXhNUHVYbm9YSGpxWUNfR0p3SEg3UmtfV3p1S2diNUZuQWktdjVSNlQ5MkdlakkzY3V0S21hSEROZGZBQ0s5dDBMbUNxYjlycWFZUUVzZnlGcFpiMkE4anZfampDbHdQbi1KdFQtZjB3TjIyMGFDendUUUJCRHdXcU1VOHIycFJNM3VET08?oc=5,TRIPURA STAR NEWS,"Sun, 07 Jun 2026 04:18:45 GMT",2026-06-14T20:39:53.965267,online_drug_trafficking,True,False,candidate,https://www.tripurastarnews.com/9000-yaba-tablets-seized-along-india-bangladesh-border-police-and-bsf-launch-investigation/
online drug trafficking Tripura,"Assam Rifles, Tripura Police Seized Yaba Tablets Worth ₹30 Crore In Kheyerpur - Northeast Today",https://news.google.com/rss/articles/CBMivgFBVV95cUxQLVRRaXdLWVRjUXdmMUwweDJSUmZsMjdabFpVOXNRdlAzQk9WaTFuMjZJeURFY3l3UnVQek90enRzNDB5YkNFb0lncG1JYnJUd3VzZ0ZETWFGLXVDdFJaazBnbUhjamNyUEd5cVBKYjRVS0JjQzAtalh6eE5icTI4T19ydjZqN2g1VmtGUXlIVGxqNlZhRVJWUm53YzV1eEs3bFJYOXVfNTZCNGFjMjdCNkdwRDJISUh6REd5Z0d3?oc=5,Northeast Today,"Thu, 17 Jul 2025 07:00:00 GMT",2026-06-14T20:39:53.965296,online_drug_trafficking,True,False,candidate,https://northeasttoday.in/northeast/assam-rifles-tripura-police-seized-yaba-tablets-worth-%E2%82%B930-crore-in-kheyerpur/
online drug trafficking Tripura,Tout involved in human trafficking across Indo-Bangla border held in South Tripura: police - The Indian Express,https://news.google.com/rss/articles/CBMiqwFBVV95cUxQV0E3Y2lyTFRDR3BmNUpEdnR6RldlalFCVXQ0b056U2JWTzhiMG5KUmFjTGZqVEEyeTdGTXRlQ1ZTUDlPUFh2a2lLWXJVRjFKS1FybDFubkgtMXhJOS12YVRjV1Bac0N5TmNjYWJ5VVFPTU1aLTVkYUs3VFRrWXdjaHp4MUJOR0hxR0gySGFtakdKbHhnRnhmWFpFdzVscFBFSE8zc1J4V1VMMlHSAbIBQVVfeXFMTkNxSFJEellTWkZZZlJDN253QW45blg0ZEdmdkY0dnE3QXVMZ0tNaWlvQ0h5cVZhQy1Ra3VfcjNJSTJjdHE5YWEyY3RRYzc3c3dKSk9tdmo4NHdHOXkwbmdWMWlvUjNDclRkWFpFUG1ZM21MYnVsMlYxaDZrckNoV055OThTa0toSEQwNzdJSzZnb3hxY1V0OWJlcTRORTE5SEtVOGtIMEt4elpFRjg4RS0zUQ?oc=5,The Indian Express,"Sun, 16 Jun 2024 07:00:00 GMT",2026-06-14T20:39:53.965318,online_drug_trafficking,True,False,candidate,https://indianexpress.com/article/india/tripura-tout-arrested-human-trafficking-indo-bangla-border-9396151/
online drug trafficking Tripura,Trade between Tripura and Bangladesh hits Rs 716 crore - The Business Standard,https://news.google.com/rss/articles/CBMipAFBVV95cUxOZ0dOR0YtRGVEeHBJcFNYaHFOMGVmQWxfTkYyLTZDMV93MVJKdTdyZGFoVElzdWtnanlMNV9URlpPejE3QjdWdi1WazViRnRGbk1BVVlsclVZWmlGcmpZSldTcURxcmRCQXVydUFjbmdaa0FVa21XRjUtTGRjWEc5elhqSFJ1WTdYekRkZGpMamdTemNtbkFwWEoxb3A3eTVFdmZ1N9IBqgFBVV95cUxNRlNyd2prano4cUlZTDJDSWhUSUplbFhyTlBjal92UEtzeG9MMkduY192YTAzT0stZ21xWFQtajhNdWpxTFFWZDBEQzlqMy1GUnl2eVZOSkN3eTl6NXRKZ2FuekRpd20ybzRseUlpYm1laEZpaVJYcDdzSW5oZkhRR2RlWDUxLVQzQjNQZTVycXlNUU9rZXhDWjdEV3dmcXhCUS1TbXlfUGRpUQ?oc=5,The Business Standard,"Sat, 06 Jul 2024 07:00:00 GMT",2026-06-14T20:39:53.965354,online_drug_trafficking,True,False,candidate,https://www.tbsnews.net/world/south-asia/trade-between-tripura-and-bangladesh-hits-rs-716-crore-892806
online drug trafficking Tripura,16 Crores Worth Yaba Tablets Seized In Joint Operation By Bsf In Tripura. - TRIPURA STAR NEWS,https://news.google.com/rss/articles/CBMiqAFBVV95cUxPZy1KaE9hMUVYcHhQeElwY1BidVVyQXRnamJkZ3huU3B4N3NLd3JlMXd6RVRGbXZIRlhNcE9jT1dQUWRzWkpuMWNhZkJUTkZ5Q3FmenNFaTRmbjI4WWFvOHFVZXRPa0MyVnZxSnJCSUplVlpweXBoVFlhVHp3ZXRhNzVkM3lRSTlkTTQxTmZ6Z0JIcGdxY2Zmak1odnRjRTB3YjRDeVpuUW8?oc=5,TRIPURA STAR NEWS,"Mon, 13 Oct 2025 08:00:46 GMT",2026-06-14T20:39:53.965365,online_drug_trafficking,True,False,candidate,https://www.tripurastarnews.com/16-crores-worth-yaba-tablets-seized-in-joint-operation-by-bsf-in-tripura/
online drug trafficking Tripura,BSF And Tripura Police Seizes Yaba Tablets And Firearm In Joint Operation. - TRIPURA STAR NEWS,https://news.google.com/rss/articles/CBMiqgFBVV95cUxQVlFsbm5FVHdBRG9TMFZYcU92QjR2bGFDT3hPcG1RcmtvOVRLaTZKd0g4djZRV1VMNUFsbmVYUjBtc3VPbUlIbEV6c3BsdU1XTGJEYzA4U3RuU2xpbldnU2lOQndIV29oZlliZDVvWjJFQkZxMFV0ZnRXN3UwQUZ4QWVjQVhsbVN2WEhCeEdJYlRkZzlkc0dBQnNaQkxBdktZb2l1dmdBUGZLUQ?oc=5,TRIPURA STAR NEWS,"Fri, 07 Jun 2024 07:00:00 GMT",2026-06-14T20:39:53.965388,online_drug_trafficking,True,False,candidate,https://www.tripurastarnews.com/bsf-and-tripura-police-seizes-yaba-tablets-and-firearm-in-joint-operation/
online drug trafficking Tripura,BSF Seizes Yaba Tablets Worth ₹4.5 Crore Along Indo-Bangladesh Border In Tripura. - TRIPURA STAR NEWS,https://news.google.com/rss/articles/CBMivgFBVV95cUxOYjdxNUIzSHpldnZFNGY3VXVRVFdPbUZKSmdsYXZ1Xy15aElLNXVYMzFUYnlIbWJOQ2ptSUtHT3QxYmlkeHhMSFQ5SmxKNTIyOGNfSGhCU1BIYnc4WjBLOWZGOHVETnFjbHo5UEZ5ZW9YMk9aUjRGeUpiVVhOb09nSUpudGRSZDN5bG9sQVJHUXMyNjFnZ01TOHNuT1dHWXV2SmhMNjBiM2lOQkNMOWZHc3k3S1dUOWh5WWluMHFR?oc=5,TRIPURA STAR NEWS,"Wed, 16 Apr 2025 22:27:51 GMT",2026-06-14T20:39:53.965400,online_drug_trafficking,True,False,candidate,https://www.tripurastarnews.com/bsf-seizes-yaba-tablets-worth-%E2%82%B94-5-crore-along-indo-bangladesh-border-in-tripura/
online drug trafficking Tripura,"Tripura arrests over 3,700 foreign nationals for illegal entry since 2022 - Dailyhunt",https://news.google.com/rss/articles/CBMi9AFBVV95cUxQLXNHMTZPYnVrSWhCbnBCZXVQU2duV1FreVBkY1lUeG5uX2dUVjZOZHlXQm0wMXY3QlNjM3psdXFzTEdvQUkyaHpOMTUwOEpURURGQ0s1YWRaNjhPemFkX29IZ0MyUUFUd2I2ZDZOY3hQQTBOc2YxLU5xTVRGOHlCdG15S3dtYXF1UmtKem56SlpRNlZGWDlXYjU2M2h5MzZwQUsyeHc4MFdlR3M2TC1CRU5CTjBmYU90Z0taSHQtd1pYMzRNNFBxRkxITlA3T1ZDQXFkbjUxdC1BeWNhZUY2V0w3RzJJQTRGN2ZFTjhpZG4wUE1Y?oc=5,Dailyhunt,"Sun, 31 May 2026 12:20:03 GMT",2026-06-14T20:39:53.965480,online_drug_trafficking,True,False,candidate,https://m.dailyhunt.in/news/india/english/north+east+news-epaper-nenews/tripura+arrests+over+3700+foreign+nationals+for+illegal+entry+since+2022-newsid-n714336784
darknet drugs Tripura,rising tide of drug trafficking threatens indias security from borders to marine routes on ‘death crescent’ - Tripuratimes,https://news.google.com/rss/articles/CBMi-wFBVV95cUxONERvTUp1X0FIbjQyS0Y4NFlYN0pVcHplUGFwX3ZreFV6OWxvQU9WYkJjX2JZVE42cjBNYTQyNzdOLTFIUHRfZ0JMbV95WXh4cGZWVTNROUdNd2dlVGJNbndIejgzQ0FVT3VvX3dQU3pRd3BVdjdqM2RaaHY5R0k0WUE3aWtNRl9jZ2lSbWxRajhITHNqSzZBeWplemcwUUxsYkl2d1NYU3BmVG9hd2gzbHZPaVJJZndtX0lSWUxkWDh2cHFjVWtiMmFXaVo0d08xeDd6dUZOcnlLSGtDTnJJTFlKVl9HV0VlMjFVU2E0OURfVHBMRS1MZEE0WQ?oc=5,Tripuratimes,"Sun, 31 Dec 2023 08:00:00 GMT",2026-06-14T20:39:56.128570,online_drug_trafficking,True,False,candidate,https://tripuratimes.com/ttimes/rising-tide-of-drug-trafficking-threatens-indias-security-from-borders-to-marine-routes-on-%E2%80%98death-crescent%E2%80%99-13445.html/
drug delivery scam Tripura,Banned cough syrup worth Rs 2 crore recovered from goods train in Tripura - The Times of India,https://news.google.com/rss/articles/CBMi4wFBVV95cUxNemkwNlFCeFhlSnluVmx5Y3l5X3dsU2V5UUREZWprdFRlZk00OHdOZXdHTzB1R1Z5QW1SSkpxVjhfTlJoaDRpY05ENUx2MmhCemtFck1nRjA2cDY1SER0ZWszS2w5dzY3a2kxaXpMekVQdkdNcHoyeGZqLTQ5QmgtX3VmeDlpaE42NHlUcXlLNUxEbUNnV1BIU0NSaWtkdHFCQTB1UklhVDI0ZGU0ZjhSa2lBc08xVVFMUEdJRTRPZXZWYTMzaW53WWZ6aWdibVNwMWtRYmo2OXYzeUNpNlZBTkNZVdIB6AFBVV95cUxOc0ZKSHBaaGxYc3M0LTJFVFlHeW4xRm5qcDhMaVVXRkhHZ0h2X1YtZWRmVlBadWF2b3F2TVI4eTBNQkstSkxnX3dENmQ3cXAyYVc5Sk95a1A1Z3lRYUYwT0ZsWUtRQmJCeWR5RFVoTVZJR1FuUWo0UUVEdFIxY05XNVp1UF9TcU1kdHFZM3lpMk9Rb2s5X01pOExiWTRKMVRXVUFDRjZTRmpxWlFLdFd1bU5GUmg3YzF5LUZPLXdJWHZXblZoa05reGRjSUVWZmQzeDZUeHozWE9vVmU0a09RWjNXME5Ydzdh?oc=5,The Times of India,"Fri, 17 Oct 2025 07:00:00 GMT",2026-06-14T20:39:57.590978,online_drug_trafficking,True,False,candidate,https://timesofindia.indiatimes.com/city/guwahati/banned-cough-syrup-worth-rs-2-crore-recovered-from-goods-train-in-tripura/articleshow/124624589.cms
online drug sale Tripura,Tripura pharmacists to join strike on May 20 - The Hindu,https://news.google.com/rss/articles/CBMisAFBVV95cUxOMktPVndkeU9CSEVlay1XeHFpMFNWUlpwTHBTUkptTHM0UmhPdks1Z0Q5WDk4WDdNWTRZTW1peDZYanRUa0gtLWdEUU9DaW1wcERwTDUydUZDT1FyWklFVHBuZTExNDdtUm5XZzg0SUdteVFlLTRhVG1UU05SRk1sSmpnRkw4NF9kMG1HNEs4MDdSWHlzN2R6NHRjMkRmU2tRVWRlNk5NNE1WSTR0aUZNRtIBtwFBVV95cUxPLVl0MVZ6RXNpbFpaMFBmY0ZsZVdzSXJiS0FGbXhUS19renlhYzB6eXhPdklyNDlPNnJHbzFiaTlub3E3eVVTSXFDZFBqdThMNjBPTmhocUdhV2p2bnUzMXU0STI0bnZQZFFyS2VXUEpNRGN4SXpLNE9HcHZKQ082bWVoZXNZeWpFZDlmQVV1SWluaGJSRmd5cHRGVVg2bVg3Skx4N0Z4T0J3YlliVGFBcDRXZGlHeXM?oc=5,The Hindu,"Sun, 10 May 2026 07:00:00 GMT",2026-06-14T20:39:59.421843,online_drug_trafficking,True,False,candidate,https://www.thehindu.com/news/national/tripura/tripura-pharmacists-to-join-strike-on-may-20/article70962417.ece
online drug sale Tripura,Tripura Chemists to Join Nationwide May 20 Strike Against Online Medicine Sales - Medical Dialogues,https://news.google.com/rss/articles/CBMi0AFBVV95cUxNekVGb2lFUUhvXzFxczZTRk1qTVlfdC1nSGZ1OG4yZkptVFF3Um5hUXVGa3NLNDR3OXhkZXdMeU1SeWtOOW5QTjBNdW5WTzF4a0JlR3Zvek41Tlhad3NNVnBJcWFhVE4wNWVHVUV1ejRRSzRuVllYRlpRRmN0Y0ZVYzBiN05fY3RDWXJVLV9ab1U3NlNhN2FyX0JSRkR0WUJLNU1CU2xyY09KLWwzY1JkMktxdWtHeXdMbW1QMzhycW1JTnRSclVrcHplSFQ3clFa0gHWAUFVX3lxTFBoNTNXVkhfc2JOWjhsZTJVNVJFSnRmc2s2akktODJpWkhLdE8yc0lxc3NDR1d4eG1vWFQ0WFRlWFY2UDF5Sy1Kckt0X2t1blVfUGxNY1FVQnJOSHd6Mkw5bHRXcGQ5Mko3dGdmR1czMzJjUUVaN1h6LVBHT3F2dHJLcE1vaWJTaXZVVnh6TkM4N21IMGpuU2FHVGFzMHR2el9icHdCZFFPbVpiVURSc0NsNlgxOGduUFBnVFE3NF92dFBDMVM3UFZtVXNNTlVfOUl0SC1Ydmc?oc=5,Medical Dialogues,"Tue, 12 May 2026 07:00:00 GMT",2026-06-14T20:39:59.421857,online_drug_trafficking,True,False,candidate,https://medicaldialogues.in/news/industry/pharma/tripura-chemists-to-join-nationwide-may-20-strike-against-online-medicine-sales-170499
online drug sale Tripura,"US senators flag illegal pill sales online, India link - Tripuratimes",https://news.google.com/rss/articles/CBMingFBVV95cUxNTTJVOU4xaHpiZjVRczBMZ3NyME9IQXQ3YkRjdkVfNDZLbTlTSElFNWplZW9Cd2lldGt6OFA1WkNYMm85aDl0NExXbWp2WExhazlZT00wRXItRzZTb2tJdmlfT0dwWmVaRDl2b3pxXzNkUEhvX3NxNXliUTVyQWFfQ1FjT0Y0Zy1HTkx3eGpfN0FMNjhxR2VCdW56enh2UQ?oc=5,Tripuratimes,"Thu, 26 Mar 2026 07:00:00 GMT",2026-06-14T20:39:59.421882,online_drug_trafficking,True,False,candidate,https://tripuratimes.com/ttimes/us-senators-flag-illegal-pill-sales-online-india-link-36062.html/
online drug sale Tripura,Tribal woman in Tripura forced to sell newborn baby girl due to poverty - The New Indian Express,https://news.google.com/rss/articles/CBMi1gFBVV95cUxNM3B5cGhNVTBFb3ZQZDc0NjlEQm9Ib2V3V3JUeVIwSjRnTEQ3aVY1eWowdTQwNTJ2Y3F5UGZxNWtnVG1YOG15Q3lRb19RdWVfSnZDclBZZXJDejNuQmFfTXpueXlvcUN5blhTYWRXT0ZWZkE5VS1GcEYtNC1HRmpmWTBITmdXQW9WRlVIRFdkVUhBc0VJalQ4aTFMbGJNMUthTGRVTEtFbTZJckRCV2NmaUhRTmlDM0o2MUprZDYwVVRvd0Y4dEgxdXp4SFZ6U3kwcmN4eHpR0gHMAUFVX3lxTFBUckxWOEZjdmU5V2ZWOHROc19RUlY0Y1EyVkdfdW1SaGZEcmY5WGhYNnVDc2paUWtnOVM2MEd0SS01YUozRjJvZC15d3BSTjNLNnlka1lWWFdVd2dMTlVCOS12RFh6aHl6UFZXdVUzS0dOX1pESHZPMEFRSjlfU3hMNkhoQ0wyb19iWDVCc01rQmNvV29uMWY1QzhWdTlUSHhvWlM2aFFkZDVibTJTTGR3RmxrdlMwTlYwcFJnX2pNNVBLdklDaWZmWV9jRw?oc=5,The New Indian Express,"Sat, 25 May 2024 07:00:00 GMT",2026-06-14T20:39:59.421912,online_drug_trafficking,True,False,candidate,https://www.newindianexpress.com/nation/2024/may/25/tribal-woman-forced-to-sell-newborn-baby-girl-due-to-poverty-in-tripura?botrequest=true
narcotics online Tripura,"Tripura: Youth Detained During Anti-Narcotics Drive Led by DM, SP at Battala Market - Northeast Today",https://news.google.com/rss/articles/CBMiugFBVV95cUxQd1o2UkpGVThfcHRsLWVsT1dJdzlQNnB3dUtkRm5Fd3pCbE9BaDNUcjFCcTZCTWpzMmRRSGhObzFTN2k5X0c2RVNEbWJBSGZZQWJXZDV4UVpZUk5xc19XMHd6UEROS2J2UVFpQ0Z3SWlmVU1ZQk5ZTUptUVl2czV2QmlBb0tUd19TckYtYjZvTGE5ekE4a0F4TnZMb2tjRXBNblJJOC1VdWZWOHlLZlVNMVJ1R1NTbWhmOFE?oc=5,Northeast Today,"Tue, 09 Jun 2026 08:07:39 GMT",2026-06-14T20:40:02.931035,online_drug_trafficking,True,False,candidate,https://northeasttoday.in/northeast/tripura-youth-detained-during-anti-narcotics-drive-led-by-dm-sp-at-battala-market/
narcotics online Tripura,"Assam Rifles, DRI nab one in major anti-narcotics operation in Tripura, nets 16 crores worth of yaba tablets - ANI News",https://news.google.com/rss/articles/CBMi_wFBVV95cUxPamxYQ0FnWFFWWk53UTlCb0dGc2JlRl80eVpXYlk0R1hEWjVrSTFxbV9hSXJFUm9veUxmdjNRSDRfUGhXN1IzYkk2UlFUN19JQ01lXzVHWGpaamZKSEI4Z1hwT1BpanR1NTR1ZjUwR1dLS1FHM1lBQW1OZ21ZYlBid3pUblpPaFdkaVhWODFOUndEWXhGVW9YMlUwUzlQTl9ITjQtNzM0OWFEZFp5NngyYmxlVUYtaVowLUU2NUtMWkpDSlBPbmNITjBtTTIzWEhheDc4dTAwV3NDWnhSekZVa0FLamR6MzdnOUZWOHBvWkdFZVU0WDQ4dXRObERzRG8?oc=5,ANI News,"Sun, 12 Apr 2026 07:00:00 GMT",2026-06-14T20:40:02.931088,online_drug_trafficking,True,False,candidate,https://www.aninews.in/news/national/general-news/assam-rifles-dri-nab-one-in-major-anti-narcotics-operation-in-tripura-nets-16-crores-worth-of-yaba-tablets20260412190133/
narcotics online Tripura,Chennai: Minor duo from Tripura caught with 10 kg ganja - DT Next,https://news.google.com/rss/articles/CBMikwFBVV95cUxQZlpfcVR2OXlyamtUd3RJRXRJWlI5VzBraXkwb0R6dzN6UEowMnB5QjV6Z0pRMG9DclUwWmNBMGFnYUFNZF94Z2ozbUtqaGhEMWNONVNTTnNRc0w0WDRJWEktS2JVVnFRX2UxYlVEY1Npa2g5d09lV2p0XzZIQkZFLU1NY29zTHNhZTdqdUF6cGEzRWPSAaABQVVfeXFMTzItbDA5VkxSMjQxcWU5anpISm1qbUF6dlJKb0NtTFZ5TVREbzNBeFVRV3diVDJQbk5BdW9hZ1FGbTNnME1PYXlEM1E1VU9pSDJ3QzV6U013V3NWaFVocnNPeEVuQ2V2NEpzM3E1OXk2ZWtsM2JoMDZWQzVTYm1XazdjUUprTFY1QjBRdjRCbWxUVFViZ1FRRHZjQTZmWU1WeQ?oc=5,DT Next,"Wed, 04 Mar 2026 08:00:00 GMT",2026-06-14T20:40:02.931125,online_drug_trafficking,True,False,candidate,https://www.dtnext.in/news/chennai/chennai-minor-duo-from-tripura-caught-with-10-kg-ganja
narcotics online Tripura,Drug trafficker gets 20 years’ RI in Tripura - The Times of India,https://news.google.com/rss/articles/CBMiuwFBVV95cUxOUC1ZNGcycDhhSjBEdDlOOVhxczRhYkNUQlpnZEV0M19pUGNsdklybDN1T1d4emhFSlMzMHJIN2hZNFhYWHFNdUJtaTRybjhheVptaV9TbXpIZG9ncVZQNkhOTXJvb3dxVFo1VWNES0ozWkg2aFlWVy0tdUZqWC1xUk5UYXJ4bXRkQ1B1cTFDVGNvUjhQWDhXaFB4clpZRkEwYUFIT2hicWc5ZnNybF85cnZaUjk2VkF3aUtZ0gHAAUFVX3lxTE9taFdjeERuNlA2RUFNYWlfZGhuSk9oUmVoZGpaRExtNlhIWjFnYXI2dTQybWZqOUZiQzhvMjhwa2c5elB1M1RWenVxLWZOTlZrZkpFYUFYTkp6UU8tc3lCcl9YcDhEa3VwVFEzMzRYcmx0UkUyNllhU2FLOEEzVkRQQkloU3BDdEw5UndTay1hb2RoUFJVb01fMTFaSWxaSll1ZUZ1SGFvNE1hbVlZeUQyd1B6a0haZzltSEczNUlDaw?oc=5,The Times of India,"Wed, 13 May 2026 07:00:00 GMT",2026-06-14T20:40:02.931137,online_drug_trafficking,True,False,candidate,https://timesofindia.indiatimes.com/city/guwahati/drug-trafficker-gets-20-years-ri-in-tripura/articleshow/131064066.cms
narcotics online Tripura,Tripura: Over 5 lakh cannabis plants worth Rs 75 cr destroyed in massive Anti-Narcotics operation - ANI News,https://news.google.com/rss/articles/CBMi8gFBVV95cUxPYWllTlk2RWNFLUdiRVJlek1yS1htcGlfdS1VSVJIRHhfRU0ta2lSQi01R2RJZmJ0N0RlelpQWWxua1BIMUQxRkVpN211eEZaUDJLVDFSX3JrT09uV2pjQXBRNVRENTJ6RTNtLW44ajIxMnZtWWZiQXRTNjJIR3dwLVVJZEtPaVgxYlJ6OEFQV2MwbFFveURlUkJfMVpjamc1dEZpWFB2cFVJbFA3SEt5NXBEZ0doajBNNkdfTnNHRU52cWF6aEhlQUFGRTB1NVF2YjZfWHBKZENQYmR1N0NRRWt1OVVKSnlDWkFMNldGdUVuZw?oc=5,ANI News,"Mon, 02 Feb 2026 08:00:00 GMT",2026-06-14T20:40:02.931149,online_drug_trafficking,True,False,candidate,https://www.aninews.in/news/national/general-news/tripura-over-5-lakh-cannabis-plants-worth-rs-75-cr-destroyed-in-massive-anti-narcotics-operation20260202115951
narcotics online Tripura,Tripura: Assam Rifles destroy 1.75 lakh ganja saplings worth Rs 25.72 crore in an anti-narcotics operation - ANI News,https://news.google.com/rss/articles/CBMi-wFBVV95cUxOY0xJdFZmQTlGVUMtUWw3aHhmd3FrOTlOZTBDUHdGS3kyRDliTGF3NVdUM2laQzhkVFBHR3NYTzI2LXdTVGVmQ24ySDItZ1JmeE1zbllYZVU3aVRJaUhRd1hXZWxFaTUyYmhOVnFadVN1Rng3VjdEeFlRU3VadDV0THdIZHI3RnBkSy1HXzRZZk5pSmFkM1pZWDdxeVJzUXFsMFVHYS11OVZtRlFzOHhRX0J1ZWpUSmt4SDIzVlVFdGM2eVhVY2NZLTB1aHU4cjBXT3JDLTJ5eTI3MHNRd3FqVWhBVUtvR1NYRFVnZzZxS0N6NzdDLUI4NzE1NA?oc=5,ANI News,"Mon, 09 Feb 2026 08:00:00 GMT",2026-06-14T20:40:02.931160,online_drug_trafficking,True,False,candidate,https://www.aninews.in/news/national/general-news/tripura-assam-rifles-destroy-175-lakh-ganja-saplings-worth-rs-2572-crore-in-an-anti-narcotics-operation20260209201927
narcotics online Tripura,Tripura Government claims success in anti-drug campaign - The Hindu,https://news.google.com/rss/articles/CBMitAFBVV95cUxPRUZ3bDhTWmJINkdEZS1oZFVSa0w3Vk1zdUVxc01GT3VaUnBvcG96MWNYT3E0NFZEeVpIdnRmbDUyMVVwVjBrUktSQW15MG9qbk1mUks0cmd4c1dZeGdSWWR3WF9STnc2WThXLTE5VzRxbHFobkx0LVNtYURJcTdodWZuV3ZDYlg2aV9HTEM0RlVrOEFtam5GRG5FWjlvTEJQYWhsdWlHMWo4RmdMVlZ5ZXJrYWXSAbsBQVVfeXFMTzZPZUJrdjZhdERXM0lGZ1BUZUk1WXNXSE9wRWlLOHN0ZHg5TURSOXlsbGN4aWNJeDV2S0hZNExRVzhFSDBWSS1vTnVxcXN3c0N2Slh2SU8zcF9OVjgtMVZRSWxSbmRweDhoSGh6V2hSZ0hzQ0l6ejZxWFpZeWpNTTJic2pVRTAxWG9xSi1jeVMwOHJya2Z3ejhEckpRSExPcEtzdXhzcGZZM08zY1pxYTE2Z2F6YlZ4a3ZOMA?oc=5,The Hindu,"Tue, 27 Jun 2023 07:00:00 GMT",2026-06-14T20:40:02.931195,online_drug_trafficking,True,False,candidate,https://www.thehindu.com/news/national/tripura-government-claims-success-in-anti-drug-campaign/article67012281.ece
narcotics online Tripura,BSF Seizes Narcotics And Contraband Worth Rs 2.42 Lakh In Tripura - Northeast Today,https://news.google.com/rss/articles/CBMipAFBVV95cUxORkt0ajdJQVVrQVNPdWpLTGRTVkFXTE9mbzhKb0VaV3puQnhWTWt3ZDNyNHhaQmpNNGlHanV6NDQza0tHVmgxazZ2MmpkWlI2TFhRUW5CWUdEeDE2Vm5DSzAtNHYwQWktNjJkTXFsamZacTNKbUdlY0RRTkF2aG1fUllDWUtJajlacFlFRlNFNTBrZU9kVjBBUUwtU1RMRVRuZk80cQ?oc=5,Northeast Today,"Sat, 28 Dec 2024 08:00:00 GMT",2026-06-14T20:40:02.931206,online_drug_trafficking,True,False,candidate,https://northeasttoday.in/northeast/bsf-seizes-narcotics-and-contraband-worth-rs-2-42-lakh-in-tripura/
narcotics online Tripura,Tripura: Smuggler Arrested with Yaba Tablets Worth ₹1.35 Crore in West District - Northeast Today,https://news.google.com/rss/articles/CBMiwAFBVV95cUxOY0V2NzZ1UFFVT0E2V1hrLXY1Q1VZeWY0TmZJRmtmOHFEZWJtVURvSV8yY0hzQndJZ281VklQNm9HbFBEX2JqRXZiYjFQVnNGVHFIQTZ6NF9NdzRkaThLalEybVJhNWIwTzFUVF9TTXBfLVVsNDVWem1GOHJqX1IyRTVUOFNCeUktSmRMMTBDMDVTMndRMWM1Y05velAzdHhCRTdaZ09SNGZxYWw5UFIwbHJMdU4yVXdzT1d2OVE3QzE?oc=5,Northeast Today,"Fri, 08 Aug 2025 07:00:00 GMT",2026-06-14T20:40:02.931229,online_drug_trafficking,True,False,candidate,https://northeasttoday.in/northeast/tripura-smuggler-arrested-with-yaba-tablets-worth-%E2%82%B91-35-crore-in-west-district/
narcotics online Tripura,BSF seizes Yaba tablets and narcotic drugs worth Rs 9 crore in Tripura - ANI News,https://news.google.com/rss/articles/CBMizwFBVV95cUxQbmpfdVNFX3lWQU5Ub0VGVGFGbWF0QWwtZUh3RVhHaGZpeUdFVlAtdXlDS1lfUWZpRWJJc2NLQU9EaHc2OXQ3TnFnOE8wci02U210OExud3k2eEZRS0FyR0w0djdta1JDWVZvTXpqajF2NTNCQUdiWFNpb1BVQkVaVkNXMk9COWctOFJMTlVaUzhUYVRRazU3V1lmR3o4dVdRZVhvVW52b3VSNDhmYlA1ZkVPN2tzMUJKMGg2ZUxWbVlESV9jY095R3pFMGRTZWM?oc=5,ANI News,"Sat, 22 Nov 2025 08:00:00 GMT",2026-06-14T20:40:02.931241,online_drug_trafficking,True,False,candidate,https://www.aninews.in/news/national/general-news/bsf-seizes-yaba-tablets-and-narcotic-drugs-worth-rs-9-crore-in-tripura20251122043331/
narcotics online Tripura,"Tripura Police arrest four drug smugglers, recover items worth Rs 2 lakh - ANI News",https://news.google.com/rss/articles/CBMi0AFBVV95cUxQYkJRQjhTb3VpUkZIdVB4TkwxSEU1ODc2VG05dk56bEtJQVFxQXVPTmJoVEh6RFdDVVpRbS1GWmR3OW5KdG84cnA4dWpFeWpMRnVOS0pEZ0xndTFkNHZWaG1TQzFncFZoSlpBVkpBbW1Zc18tQkQ1Tk5OeThUTWZ5UVBsMVMzZmlkdUtMM1BwcHBnTWhWekJFTFZ6V3Q0Wkl0R0ROS1dMaWpWNkVyQmJOYXBtZTAxLUNwazd3dUhLdW5jbjktczZ1Qm1xYkJxampZ?oc=5,ANI News,"Mon, 30 Jun 2025 07:00:00 GMT",2026-06-14T20:40:02.931264,online_drug_trafficking,True,False,candidate,https://www.aninews.in/news/national/general-news/tripura-police-arrest-four-drug-smugglers-recover-items-worth-rs-2-lakh20250630222148
narcotics online Tripura,Tripura: Security forces destroy ganja plantation worth Rs 100 crore in Sepahijala - ANI News,https://news.google.com/rss/articles/CBMi3gFBVV95cUxPOGZXR2lHTTdGNFByUElqUGtZU0xiZVVhVXZjREY5M2x1RjhoMTk5ZHVjcVFrMk1UTVFEWi1CUGJpX3VxVGtCTmdoWGktcThsNVp2YjZLMzNfUVR0dGhWaXl0NFZmcTY0eUtxUW9idnZEU0FzclRvU0JmektZcjdXb0k3Mkw5WFRXbElBZFJLQ2FDT29XMC1yRUY1QV9RQkJsZzdkNzVsZk5zckdHQnJldGdrWFFubFQ4aU81YmZ5NXJZTFdqdmtWa2dMRTM1bXFSREw5ZUV5OC1TdXo1Nnc?oc=5,ANI News,"Sun, 04 Jan 2026 08:00:00 GMT",2026-06-14T20:40:02.931296,online_drug_trafficking,True,False,candidate,https://www.aninews.in/news/national/general-news/tripura-security-forces-destroy-ganja-plantation-worth-rs-100-crore-in-sepahijala20260104051504
narcotics online Tripura,"Tripura: Assam Rifles, DRI seize 60,000 Yaba tablets worth Rs 6 crore in Teliamura - ANI News",https://news.google.com/rss/articles/CBMi2wFBVV95cUxQdkVLUnJSZXF0YXIxX0RXNXlnYzFJczMtSGhRTDNDdzFnckdsZzJ2Z251b1lwX2taZEFZNk5WdURvM0puUFpjWlZNQUFnUHpSN2JTZ19zNkZJRXFhZ2ZleExsYU8wNHdGRDA2djFHbzhjZUxEank1V254WWNoU25NVE95Nnh1SmpEbnhsQUx2TzdHWUJlTnBFb21aT0dvUF81cnd6M2FGVEM2cnM3VjI5SkFJZUdtNnVLWEgycGo2ZVRnN19iaVY0UjM4UTNlcHVjczJzRjJEbGNicFk?oc=5,ANI News,"Sun, 13 Apr 2025 07:00:00 GMT",2026-06-14T20:40:02.931330,online_drug_trafficking,True,False,candidate,https://www.aninews.in/news/national/general-news/tripura-assam-rifles-dri-seize-60000-yaba-tablets-worth-rs-6-crore-in-teliamura20250413224420
narcotics online Tripura,Tripura Customs Seize Clothes and Narcotics Worth Rs 20 Lakh at Sabroom - Northeast Today,https://news.google.com/rss/articles/CBMirAFBVV95cUxNbmF5c292Q0tIakxhZHlxTDhUcXVVRzRwMlQ3czJXbXhLUUdURk5ENnkyZldVUks4VWNGSWRhUzRBc1RvdVphWkpTUy1BRFVSR09nMnRwUEZXWWpPclBWMUtDSEJzbzRmdG1iMV9Id1g0NXRBS3pta204WkxLNlExWm1ZVEN0Qk4zamdWSF9UME1XSU9rMkF3Z1JheWRhbE9HVXRMV0dwbmp1Z2tr?oc=5,Northeast Today,"Tue, 03 Dec 2024 08:00:00 GMT",2026-06-14T20:40:02.931344,online_drug_trafficking,True,False,candidate,https://northeasttoday.in/northeast/tripura-customs-seize-clothes-and-narcotics-worth-rs-20-lakh-at-sabroom/
narcotics online Tripura,Tripura CM reviews law and order situation at PHQ - The Times of India,https://news.google.com/rss/articles/CBMiuAFBVV95cUxNcm50dTJfMkg1N0kzdmdiRlJmS04xbFByRl9fMmp4emJveUN5Q0M2RzNtR25tTl83M0RhaUU1cGpyNGlycGc0M3pDcUxRT0RsUlJCb2lEcXJ6dmNkaDJkTXR1N1hydVJPb0U5RzVmYUtsamRxYVh6eWRlSGNKaGtxVE1TQkhjc3NnVlBkdmh0T1ZGc2Rkem9QNHVna1N2TEY5YXQtRjJxQXZGdVBSSTE2Z0N2ZTNjT3ZP0gG-AUFVX3lxTE9BM0NGMGJmSTNJRndYM283U0t4LVh1LVFEWmZWWkE1Q3VyTElIbXlrVEtkT1l3bmg4cGJaTncxZThjcGtzYWNHT0RuOXZEUF9hOFZHNEFpOTRlV0haU2ppczVSOUhhc25zVWdCMnFnRkdIVjhUVUpTNDA2a0xqZVZnc1dBTUNUdk1pYUhqSXp0RzY4eW0zNEpWX3JLNlprcFRTU0RBeDdPVjg2dEdmVkpVRnZ4cVpaVkI4NXk1V2c?oc=5,The Times of India,"Mon, 30 Sep 2024 07:00:00 GMT",2026-06-14T20:40:02.931367,online_drug_trafficking,True,False,candidate,https://timesofindia.indiatimes.com/india/tripura-cm-reviews-law-and-order-situation-at-phq/articleshow/113826303.cms
narcotics online Tripura,Tripura: Police seizes drugs worth Rs 2.52 lakh in Agartala railway station - ANI News,https://news.google.com/rss/articles/CBMi0wFBVV95cUxPeGVjTVZSdE41M29SM29wcVhaeVFrdTNQUjQwREpFenlqNUlrWmdmRE9Ba09IVElHWVQ4RFljUGZpRmxpYjRaOGJlRTNETm9YSXZJeUV6ZzdXdlc1ZWhEQUtEcHRYTkJfd201QlhSNTVMZkZXNk5tb1c1N05VTWQ5WlVVcHlKekZMVDJXRkVubXdaVjJ6MTZqbkg3OFNFM25RcDU0aVBWdDRkVWFxanF4djZyeDd1YjdIT3h2dXpGSGtJLVZXQUJNb2JTXy1jMjBsUWFj?oc=5,ANI News,"Wed, 18 Sep 2024 07:00:00 GMT",2026-06-14T20:40:02.931378,online_drug_trafficking,True,False,candidate,https://www.aninews.in/news/national/general-news/tripura-police-seizes-drugs-worth-rs-252-lakh-in-agartala-railway-station20240918045950/
narcotics online Tripura,Assam Police seize huge consignment of narcotic syrup at Churaibari checkpoint - Tripuratimes,https://news.google.com/rss/articles/CBMivwFBVV95cUxPVElUeU1TV01IcThUUGVJRlNnc3B6NnZpcGRkV2VOR0huM0pINmkzb2dTNlRxUm1kVU5OUDZBVXMxNWNJcnBNU1dNUHdFX0JCWjlIaHBXNmhTQzEyN1MzVVk0b0ZyWmtNaHAtaXpDUzlGRkFkdHYtcUp2cUhKUEtDZHFkd3czbEZFTGQ0dS1Dd19RTmlWRDNySlJXNWRQcldNd25QSXQ0eVoyZ2FrOHJKWEh4b2l3azB3bEFzTzN4aw?oc=5,Tripuratimes,"Sat, 18 Apr 2026 07:00:00 GMT",2026-06-14T20:40:02.931389,online_drug_trafficking,True,False,candidate,https://tripuratimes.com/ttimes/assam-police-seize-huge-consignment-of-narcotic-syrup-at-churaibari-checkpoint-36560.html/
narcotics online Tripura,"Assam Rifles, Customs seize ₹14 crore worth of Yaba tablets in Tripura's Khowai - ANI News",https://news.google.com/rss/articles/CBMi3AFBVV95cUxNRFhHcWcyM0I0S3dwTG96VlEzcGVjLUttX2RfcC1hNlRsVkV5a1ZObFpPYXJtREw5M2N5cjZNX3o3c1FvMWNCS2RzQkxWd1pxQ2FtVE5BZ0F6WTBNWDRULTR5enExWVZ2NE9wTEQzYmdkODVpdEhhU3lzR09WN1k4cTZVNkt2aWx0VGN4TXRQRnQ3SFpEb2hwamR2eWFPaU9Wc3dnNGhLbVpXQUJKbzJFQ3Y0UURta2dOSTMtc29LaDVGX2NnOW5FZnJOLThSb0FfQ3czdGc3X1E2WE9E?oc=5,ANI News,"Wed, 23 Jul 2025 07:00:00 GMT",2026-06-14T20:40:02.931410,online_drug_trafficking,True,False,candidate,https://www.aninews.in/news/national/general-news/assam-rifles-customs-seize-837714-crore-worth-of-yaba-tablets-in-tripuras-khowai20250723051722/
narcotics online Tripura,"Tripura: Rehabs, de-addiction centres to shape multi-layer drug treatment strategy in state - ANI News",https://news.google.com/rss/articles/CBMi6AFBVV95cUxOY3pQSGdMR0FjMUJ2UDJfX25VWUcySzhjTGVjOW9ZLXppdjF6c0hrUExhOTBDVzlzdzdMMHhKZk5YT19PSm1aVTZ2eS1sQTN4dlkySnpJNjRIUDdBOVROUkt4RnRNVDduVXRxV0xRa1NDTU5hQ2JjbHJSQWlaVlRVeGpkZGczMFVDZElEdU02TTg1YjU4U0QzZ2Z5UWxtQUdoTTdFQU10YXUwV3d3dndkUTUwVC0xVkx4Skl6XzVuQzI4dWpLTndLYTFVOGpVeXU0X0JZVGRQcUxlQ3dQb1dwNkJhaGhFaGlk?oc=5,ANI News,"Tue, 07 May 2024 07:00:00 GMT",2026-06-14T20:40:02.931421,online_drug_trafficking,True,False,candidate,https://www.aninews.in/news/national/general-news/tripura-rehabs-de-addiction-centres-to-shape-multi-layer-drug-treatment-strategy-in-state20240507000719/
narcotics online Tripura,Tripura police seize 355 kg ganja worth around Rs 70 lakh in Chandrapur area - ANI News,https://news.google.com/rss/articles/CBMi1wFBVV95cUxNQ3d4ZXlkdllTYkdDOHJ5YWxQUjRZWGdOYk1GWEdDV0RNcXF0eVRRZl9KcFlwMEZhUE5ScTU3M1J4LWlLTGFMRjBaYmc3ckZkWHRfM01RengyUEdGbXFwWXNsbUUzeUtWUjI5cUpiYk45N2l0Q2N1UmM0LUpsMF9CSmVxZEtRemh2Z3d0eTE4NC1lQVVrcW5xTGlWZ2I5WjRSZHU3bGhva2pYSjJiT1JSdGZ0SjdWZU8zM3JDT05SZGZrM25FQU5zNzZYOG9TV2tHOHRNX0xMOA?oc=5,ANI News,"Sat, 28 Sep 2024 07:00:00 GMT",2026-06-14T20:40:02.931443,online_drug_trafficking,True,False,candidate,https://www.aninews.in/news/national/general-news/tripura-police-seize-355-kg-ganja-worth-around-rs-70-lakh-in-chandrapur-area20240928213525
narcotics online Tripura,"Clash in Tripura over anti-cannabis drive, 4 injured - The Times of India",https://news.google.com/rss/articles/CBMixgFBVV95cUxObERVTF9kWFNkSnFBWHVCT0h6TlFoQ0lZSmIyUFFjWHlkWFNxdTFEemZZN0pBblNoMzdaSE9VQmc5TUYtbXc0aE5Ha0t1aGY3UVE2amFmMEpnMWZ3QThZdkZ6ZXNWWVcyS2dlYWhwOGlLLTJ0M0I5MHlaclN0Tnc2SEtFNlJYV0xULXJWaGVHc01lLVBaMy1QcndENkVKRmdxTjZTR3RwRERtb3hvNHlWRWxMT3B4d3U2NExxTDU4eGlhUTY4aXfSAcsBQVVfeXFMUHc4c0ZlUEk3MmttNFJWa1FkWnBkSVBSclUwZHhtd2QtUzFHZFdldWRrTzBZRDBvTE53RnNUZ3NQTTkyTHVVZ1JKNVVubjlaSHRDZ2ZFVWdHaE5IUDFLaEw1Nm85ZnJKTXgyOFhQZXd5clJJNHgzWnRyUHhfZHR4UkhLMGJaaDM0T0lMWHlMbWFobXlIdGdYUTdNZ2pEVHNPR3pDTTJ5VTZhOGJKYkFtcGlKdmRnQUR6cDV2Sjhucm1RTDAtTm1qLWEzRlk?oc=5,The Times of India,"Mon, 09 Feb 2026 08:00:00 GMT",2026-06-14T20:40:02.931454,online_drug_trafficking,True,False,candidate,https://timesofindia.indiatimes.com/city/guwahati/clash-in-tripura-over-anti-cannabis-drive-4-injured/articleshow/128126510.cms
narcotics online Tripura,"Seizure Of Arms, Ammunition And Narcotics By BSF. - TRIPURA STAR NEWS",https://news.google.com/rss/articles/CBMihwFBVV95cUxQWDVmc3JXVzlfRjM2ckR0QzY0MTVpMWtLMnlRczBQT0ttQkVYdWVteFhidGxSNWRvTGc1ODU0OHo3WHZtckphcWRJQXJMNEdSOFVoUEZQQnhNRkVCWjhadUVwbjQxNnJEZ1Jlb29FSGxsZGk2dXZMaDcwb2RkOWh6T29QSGlTNDQ?oc=5,TRIPURA STAR NEWS,"Thu, 23 May 2024 07:00:00 GMT",2026-06-14T20:40:02.931464,online_drug_trafficking,True,False,candidate,https://www.tripurastarnews.com/seizure-of-arms-ammunition-and-narcotics-by-bsf/
narcotics online Tripura,"North-East polls: EC makes record seizure in Tripura, Nagaland and Meghalaya - The New Indian Express",https://news.google.com/rss/articles/CBMi3gFBVV95cUxOX2dMdkNNa1hxWFM1Q21qc25GV1lPZHNwQTVxRFdmWmU5aE1ERnlsbzB6TDBEYko3T01iaHotaG42LTVIcmFfSWRNa1kxOHg2Y093dWNhRXhMRVlUTGtOY3pjUjVzZE84bEQ1NlZKRnF2anFydFpKWXBPQ0E1akwyQnc5MGdfRkg1bkJCTkgtTkN1STFLMGlsY3dqMHBweE5SN1Y5RldITk9ENTdwcHZySXQteEtqVDRHZ2xIa2JfVjl6NlFLSGVUSnBRX2xBYVRXdEM1cmR3VEVVRUFnSmfSAesBQVVfeXFMTW01QTJsVFNfYmxJZFItYzN3MU42WmQ3OS14WXVrT2UxRUxqMmNZdnM1VC1GaUJOT2sxeHluTXFhckMxejVWUFBuUUs0a2FLMk5Fb1dJcjVEQ21pQXd6Tmo2bkpjZm1VS2h0QjhCdWZPdDI1dXlyMFNkWmpOZEl1VkZyeElUUF9nTzBlY2JLWlQzbFNfUWVSaW1GUm1SYXhDWjBpTGNEQzVwNjQtZmY4aVhXaVZ2ejNGN2RlNUgtV3BFd01sTjllblQ3OEJHQ3Z1a3dhZHYtdlkwQl8xUFlPYUxDZTJNVTVQWjJ3aw?oc=5,The New Indian Express,"Thu, 16 Feb 2023 08:00:00 GMT",2026-06-14T20:40:02.931496,online_drug_trafficking,True,False,candidate,https://www.newindianexpress.com/india/northeast/2023/Feb/16/north-east-polls-ecmakes-recordseizure-intripura-nagaland-and-meghalaya-2548026.html
narcotics online Tripura,Security officials intercept 3.9 lakh Yaba tablets worth ₹78 crore in Tripura - The Hindu,https://news.google.com/rss/articles/CBMi2gFBVV95cUxPbnd0ODFZRUpTeG5kLXgxLVhTeVZtRlVrY1FHaU9vWko2SDdlX1lfRHpQSHdpY3NoR3VWZWNPMW4xZGxiaTVOdFk0cDdtS2xXbUw5YXdnTmxRN056eUx2bjZMeE9yMWJKZlpqbnZQemc3aHd5ZWFqTGVNcnNqLWVIdnBUdmNiQ0tOeDRDeGI0LVFVM2tnYWNUaXBqNEhyWEFxek12aHo5Yjdsd3g2QkhhUlVVdVgydEJYTVAzUldsSFptUExGWFlvX1hFRGVmMmlZS2V3RTRua0p5UdIB4AFBVV95cUxPN3o4MUJoUlNnSnB6Q1kzenVRd2JYaUhRNElHbUZVZ1FQNDdTX3VhVHdjdXdaVUhkUl9NQlFySlBvTFRhOVNXY080T0FNVjdGaDBiRzQwbC1QSkxnTW95NlY2Vk1FNXRwR05uN1pYRml6T0dDRmtWQWQxLWU0cDQtekNXcUhTZi1IckNJY2RPZ0U5M0pqWlhIYUhhVldwVzU2eGVKdjgyMzhUZnNMaDBjQ2Z3ZVp1endSZ1FROHNaSW56WkMtSDhOX1o5T001SjloZTc5Y3lNODNwNmJTLXJ3aQ?oc=5,The Hindu,"Sat, 21 Dec 2024 08:00:00 GMT",2026-06-14T20:40:02.931513,online_drug_trafficking,True,False,candidate,https://www.thehindu.com/news/national/tripura/security-officials-intercept-39-lakh-yaba-tablets-worth-78-crore-in-tripura/article69013604.ece
narcotics online Tripura,28 Assam Rifles Honoured with Unit Citation by Tripura Governor Indra Sena Reddy Nallu - Northeast Today,https://news.google.com/rss/articles/CBMiwAFBVV95cUxNZm1lelpTNlFEU0d2Zy1TNUVhSktSMjd0RWttSzZDRDU2czdOWGpSRmkwM2NJb3RDU2dzY2NJM3I4bHc4UEcwVVQ2clV6Nnc5Wlh1TlZnaXVGS2E4NDNnTVlfdnRIclp5QlNVZTl4VnJ5Y1BDRmxIZnQwUGp3c3JzUWdCRWJXRXlOSXBVQWg1NUtzajVnYzh3Nld6N05yMnN5cDZzMzVSc2xRaE5pdHBweEgwMU9LN3dUWjNRXzNJRU0?oc=5,Northeast Today,"Sat, 26 Apr 2025 07:00:00 GMT",2026-06-14T20:40:02.931524,online_drug_trafficking,True,False,candidate,https://northeasttoday.in/northeast/28-assam-rifles-honoured-with-unit-citation-by-tripura-governor-indra-sena-reddy-nallu/
narcotics online Tripura,BSF SEIZED NARCOTICS & BANGLADESH CURRENCY. - TRIPURA STAR NEWS,https://news.google.com/rss/articles/CBMifkFVX3lxTE1Hdnh5aHlSZ0tBSFMwbkEySVRUeWRDRkRiYmRxcHB5dWJHRHRMLVJ1MjAxWWY5T3pRdWExVzFSMUZTSXlvM0FzSm84Y2kycS1IaGhkTHh4NDE5Uk9XOXRibHcxS2NxN2RKazNqRG9xekVuTHpDQ2NCQWlwb3BVZw?oc=5,TRIPURA STAR NEWS,"Mon, 28 Jun 2021 07:00:00 GMT",2026-06-14T20:40:02.931546,online_drug_trafficking,True,False,candidate,https://www.tripurastarnews.com/bsf-seized-narcotics-bangladesh-currency/
narcotics online Tripura,"Tripura: Drugs worth Rs 10 lakh seized, one arrested - ANI News",https://news.google.com/rss/articles/CBMitAFBVV95cUxPVk5Pb0t5MjVxT3djT1dPRk85SmpVamV1S21mQUtKNVRUa3BZd1A3OFdYRVJsWkdxaEw2UHMzNGVzd1Y1YXF0RERsZVF5SkxlYzY3aHl1anE1OEJZUGoxVGVGWmhTZElTTkxiNGVYVC1qMnRnZnJDQnBsZThMbzc3S3l1WFhHZUp5STh6N3hHMzFOam5Gbk92VThES3N3MUJDaVRRd3Vlb3ctMHRTVFg5R3llOXY?oc=5,ANI News,"Mon, 29 Mar 2021 07:00:00 GMT",2026-06-14T20:40:02.931557,online_drug_trafficking,True,False,candidate,https://www.aninews.in/news/national/general-news/tripura-drugs-worth-rs-10-lakh-seized-one-arrested20210329051526
narcotics online Tripura,BSF Seized Narcotics & Contraband Worth 22.82 Lakhs. - TRIPURA STAR NEWS,https://news.google.com/rss/articles/CBMiigFBVV95cUxOSzR0NUdwaHVrSDEzNUFNVnFtNnM0akllRkstRHlTNUtkbHFTSzlwVHZNMUxFMmF2bzREei1kSU5yWjRMUm1kQThHUHZ5c0lLRmJMelB0dGg0clphRnZmaGNGNjdNQTMyUGM0LTdSRUEzaWlTZV9ab1VUcU4zMThTMktMZWhmQ24zQmc?oc=5,TRIPURA STAR NEWS,"Wed, 17 Nov 2021 08:00:00 GMT",2026-06-14T20:40:02.931568,online_drug_trafficking,True,False,candidate,https://www.tripurastarnews.com/bsf-seized-narcotics-contraband-worth-22-82-lakhs/
narcotics online Tripura,BSF CONFISCATED NARCOTICS / CONTRABAND WORTH Rs. 07. 79 LAKHS & DESTROYED GANJA SAPLINGS. - TRIPURA STAR NEWS,https://news.google.com/rss/articles/CBMitgFBVV95cUxQN01FblZlZGUxdG5hSjdCZzdzcGZCeW1aZmtJVllGRnhnb19PODZSOGZBS3dKb2Q3WEFTUEd0T05ma0xmV19BNGpBR2kzcDRtVHBkYjRRM0dXUmlydmNfaFZTb1V6ZnQwWXZPckdNTmphUHZZcWp6dVRNdlFwdGlVejRxaXB0ZHIybndVRkpkcDRtZzNQVzJER1puNVc3bXRDampGZzdSajhrMnBuakdhVU1VMUwwZw?oc=5,TRIPURA STAR NEWS,"Thu, 11 Nov 2021 08:00:00 GMT",2026-06-14T20:40:02.931589,online_drug_trafficking,True,False,candidate,https://www.tripurastarnews.com/bsf-confiscated-narcotics-contraband-worth-rs-07-79-lakhs-destroyed-ganja-saplings/
narcotics online Tripura,BSF SEIZES NARCOTICS & CONTRABANDS WORTH RS 19.68 LAKHS. - TRIPURA STAR NEWS,https://news.google.com/rss/articles/CBMijwFBVV95cUxPY3dSNzlaZ29Lc1FPVmRWNnpkSGozR0QwMnhYVVNncFVGeUV2ckRrX3ZYSXBPNDY4cTZoUXRKV2xVc09iTGNUOEtNdklFdFJKbmszaTA5eEZYRHhuV0YwVFMyX19KNjQ3czcwcUhBaG1GSDc1X2JwZ0N3eXJfZTJKeTgtejZ2eTJyWlFUYXpwbw?oc=5,TRIPURA STAR NEWS,"Fri, 25 Jun 2021 07:00:00 GMT",2026-06-14T20:40:02.931599,online_drug_trafficking,True,False,candidate,https://www.tripurastarnews.com/bsf-seizes-narcotics-contrabands-worth-rs-19-68-lakhs/
narcotics online Tripura,"40,000 bottles of Codeine Phosphate-based cough syrups seized from Assam-Tripura border - ANI News",https://news.google.com/rss/articles/CBMi5AFBVV95cUxNaUkxdUx6Y3VKNWJsR1FoYU5NLTBwS2tLVXJtb1hWbG9sQ2l6S3lhU0lOejJGWDFhMGtiNTZsNWpLUFl0Qm9DT1U1RGZzVWVyN1hIdUQ3NFRFcUpNclRyZU12eVB4R3J3TUEtQllIX3F6UGNCb1hOb3MwYnhDMHF1TG44SGhYdzMydTZaUHJfREJDYndVV2JBMFkwbkctSnZJTjJSVUZ4eFMwR2JPZDNsdVN5bHV6eERJcVM3R2k0bU5NeFl5X29rWTVPNlZSd05CejZuV3gtWVM4R0lLTEQ4QUJ3Z2U?oc=5,ANI News,"Sun, 22 Aug 2021 07:00:00 GMT",2026-06-14T20:40:02.931620,online_drug_trafficking,True,False,candidate,https://www.aninews.in/news/national/general-news/40000-bottles-of-codeine-phosphate-based-cough-syrups-seized-from-assam-tripura-border20210822183004
narcotics online Tripura,Over 1.8 Lakh More Marijuana Plants Valued At Rs 27 Crore Destroyed In Tripura - Ommcom News,https://news.google.com/rss/articles/CBMiswFBVV95cUxOUFN1Y1hFY3J0VmJkTFkxS3Eyc214TXpKb1p5ZmZibEZweDcyTHROcjZWdVRDcGpsNzA4WG1BVXc3T3FVSF9HWGxhZ2VLWDZ1TzFBelN6bW9uTkYxOC1WYWFjYVo1TDV6NXdiRU5TZjFxYjZLcDNlZ1JxRWxrWGtoeHZYRFFOTUZNRFR6cGJRVlc2SXJjMElpX0xVYkJ5eTRfckNBdTZOMG1ybGxKZ1UzU09hTQ?oc=5,Ommcom News,"Fri, 30 Jan 2026 08:00:00 GMT",2026-06-14T20:40:02.931652,online_drug_trafficking,True,False,candidate,https://ommcomnews.com/india-news/over-1-8-lakh-more-marijuana-plants-valued-at-rs-27-crore-destroyed-in-tripura/
credit card fraud Tripura,"Tripura: TIPRA Motha releases poll manifesto, launches ‘Mission 15 in 150 days’ - India Today NE",https://news.google.com/rss/articles/CBMi_gFBVV95cUxPeXQzQUZtVTNjek1HSlU1RWlaclZOZlRZVTlELTVkQmROM1RYYldqek4zQ2tEaG85RjlZOWdHNURiNjk2QnJCQWFOeHNXbmxfdnp4NjFIUjN3N1F2OXNRbHItdFFaSEZ5eVplYm56QXd4RGxTRGU1YUJKS3hFRkhkVEtuSUFOSmZ0SUpzN3VEb1NxNDloX1M2dTh2ZENJTkJ2RFVJTkVvejRoVUpzVVpwRHY2WUJoZ1JfazlPbnRTSXI3VVp6M3dIWlpXREExZ1RaZm52c1Iyc3VtUk9DX0hoTzFmeE5SdEVaTklkWGN6TzNlaVdMYms2ZFQ3VkU3Z9IBgwJBVV95cUxPaHpMd0U4em5tdWNOYlJ2YlBEdFVnV3Z5TnlWdEtSekZ6TEpPLWducWFHbEZFbGV2cGYwOTY1M2FkX1l6eHZ5R1h4dHRWSVdCTm1OcjB6MWhOc3BVMjhidHhTUUN3NlRKWnFQUnp5NFVwYjBpci1UX1VWWUJXX3J6UEpuekpEaHhISXBwemFIUkJmVHRKU2lWMmlZNDhVd0N1TjVzdTk2MjN3blc5OWNYRUkwNVI5bHhMYmRCQjVMZU9oQWdKc3pZaHZqb1RjV0luZEVOMkE0MWNSR19SdkhIaXBLUlpRSzRaSmVSc3RrQlRZY1BUbEw5Z282bW8wNlZhNWlN?oc=5,India Today NE,"Sat, 04 Feb 2023 08:00:00 GMT",2026-06-14T20:40:04.468926,debit_credit_card_fraud,True,False,candidate,https://www.indiatodayne.in/elections/tripura-assembly-elections-2023/story/tripura-tipra-motha-releases-poll-manifesto-launches-mission-15-in-150-days-507612-2023-02-04
credit card fraud Tripura,PM- JANMAN Scheme: West Tripura District Admin working to ensure welfare of PVTG families - Tripuratimes,https://news.google.com/rss/articles/CBMiywFBVV95cUxNUTBUZFBDd0RwTDFVSHJGODFyYmJ4TzdLbmMyMUhPbUI1SldNUjVMWHhUMXlsR1pzUDNxX0dfUmE5Q1Z0dm9OaHdEOVc1NURyRVJxVzlGRjZOWEw5T19jb3VKLUpZVlBpaGR2N3hrMld1X3ppdVZpWFZhYTJtRFUzUWJKQWVZamREellxdVEyMzh5aDBQMkF6Z2NKVk5oMVVhWDItcjhvUV9Obl9sZGhIS25BMEFvX1VZMDNpQndMbllzaG1LWFFNV2dCNA?oc=5,Tripuratimes,"Sat, 07 Sep 2024 07:00:00 GMT",2026-06-14T20:40:04.468932,debit_credit_card_fraud,True,False,candidate,https://tripuratimes.com/ttimes/pm-janman-scheme-west-tripura-district-admin-working-to-ensure-welfare-of-pvtg-families-18612.html/
credit card fraud Tripura,Aspirants Fame Naveen Kasturia Gets Married To Girlfriend Shubhanjali Sharma In Udaipur (PHOTOS) - Free Press Journal,https://news.google.com/rss/articles/CBMi1wFBVV95cUxPRk5wV2N0Wm81YnNTMDc5cmd2dnZrMFVtZFFoZFg5YXJNUkJibHcxb2JZV3ZVQzhWX282MEx5cnpzR3labkRmRWFIWkkzN2Q1ZWE2TDN3aHdoOXVydGkxemhmdEt1WkgxNlQ1QWU1R1NPTDV6cVFybFpxeS05ZGRaTWkxOXJqWW5mbDMweEFHSWlsaFFJTzFNNHRtSFROZGFpOEh2WG1hX1BjdHhCT0JFY2dBSVZQRjIxODBhMVFZandWWmZTTjJHZWxCcjdRalpzWTVwV2FQc9IB3AFBVV95cUxNSFRRVi1KVVg5QW5xMVZZWWVrZjkzcXpBS0pyeEgtZkkyY1RfOHYtTnc5ZDlTY3M5cGp2UDk1QUFMZFBMUlVsMllhZ1EzVXk0OHJOTHhfemY1WENMaFdnOFJPU0RfWENjdVBLelFWR2o3QXhwbUpjU1RjRXNKWkpjQXhTVW9WV0xXdE1RN2pNR3JnTmotRHRzRWJaNUtJVl9HQWkxS2RNeVR2Wi00WEJnTjBhTnFlNmQ1UEQ5Q0k4MXhqVFU2OWdNWmJDNmU2MzNHMm1ZS0tldUVMVkll?oc=5,Free Press Journal,"Tue, 03 Dec 2024 08:00:00 GMT",2026-06-14T20:40:04.469008,debit_credit_card_fraud,True,False,candidate,https://www.freepressjournal.in/entertainment/aspirants-fame-naveen-kasturia-gets-married-to-girlfriend-shubhanjali-sharma-in-udaipur-photos
debit card fraud Tripura,Tripura: Court remands Haryana youth to police custody in ATM fraud case - Indiablooms,https://news.google.com/rss/articles/CBMisgFBVV95cUxNUmFyNzIwSXpOcjJMekJ1LWNoMm41b0lxUm0taXM5VjlDUENXN2dzbEFTZVREUVdoV1RDREVWZEZxMlhwTjNHNEstdWl3c05mQWJ1V1F6UWgyVUhMQUxVN05rZkN2OERHaFAzZF96a3h4RTJvOXpEeDJLSkRrYUh5V2VaelFKdmE2RWtCc3I0b0NUTWFPbFdFRG5SYVJRcGJZSnBobklxYzd4TWZDSDZLZlBR?oc=5,Indiablooms,"Mon, 03 Feb 2020 08:00:00 GMT",2026-06-14T20:40:05.958799,debit_credit_card_fraud,True,False,candidate,https://www.indiablooms.com/news/tripura-court-remands-haryana-youth-to-police-custody-in-atm-fraud-case/details
debit card fraud Tripura,India’s First Gold Melting ATM Revolutionizes Gold Transactions. - TRIPURA STAR NEWS,https://news.google.com/rss/articles/CBMimwFBVV95cUxPUlJoNkQ5emJwWVNmV3E0enRLRDBoSDBISnVOdEhfSTh2MWIyOGFCNi1QVzAzMG55ejB1M05yOU1PRXF6ME9MOW1VbnZQUjA3aFd6OGpoTEdSdVVZbHhnbldGZGFSNy1kTnZ5RUlZU0VOaG5EcndrcExlMm9oWi1QLVJodjN4a0pPM0NzSEZUSWMzb3RGV0NQQ0JJTQ?oc=5,TRIPURA STAR NEWS,"Sat, 03 May 2025 07:00:00 GMT",2026-06-14T20:40:05.958811,debit_credit_card_fraud,True,False,candidate,https://www.tripurastarnews.com/indias-first-gold-melting-atm-revolutionizes-gold-transactions/
debit card fraud Tripura,Experience Hassle-Free Travel Abroad; Apply For A Forex Card On Bajaj Markets. - TRIPURA STAR NEWS,https://news.google.com/rss/articles/CBMirgFBVV95cUxNQmlubExiNUZ0N2NTVDk5THN3SkREVExGTGFpOUVxVmVTV1Q3WWhOUjBXWmd6OGZoQ0VKZG54Q1RPc0dyYVdjeUR3alg1UmNpY0tpd0JBTU5DbnVmM1YtQlpHT2JLZWUtYldlWW4tUVV2RzJ2OHRPZ3o5TDZ2NHRzMklXUl8xWGhNQURXWlNSNklRMmZzTUV2U2l0WUpYS2plTldsN1dsWWR5dDdzYVE?oc=5,TRIPURA STAR NEWS,"Thu, 23 May 2024 11:24:08 GMT",2026-06-14T20:40:05.958845,debit_credit_card_fraud,True,False,candidate,https://www.tripurastarnews.com/experience-hassle-free-travel-abroad-apply-for-a-forex-card-on-bajaj-markets/
atm fraud Tripura,Tripura Gramin Bank creates National milestone with India's First Solar-powered ATM van - ANI News,https://news.google.com/rss/articles/CBMi5AFBVV95cUxOMlpMcnYxNzd2dzhGRnB6OWJ2SV9aLWpwYWhGRzRDOG5UN0JkekdlTkx1QTFSWnAzSjNRYWg1S0E5WkxhOG81c1F2djVwYklMeUU1ZzNoVDZ5Qkl2aU81YUFnN2RGRFcwM1BzSzZFYjNVQ1NLN2p3ejRoaHNSYTF1NzdrRnhQS2V5Tm81TUpKc19iTVNwZmFDeS1KN01va1Y5ZmhETkZpZWxlLVI2SU80U3duSWZBUjc4Uzk4UXVISWVwbGZsR0kzbmppSVJReXZUV1ZSR2REQWt0UWxESFB3VGM5REY?oc=5,ANI News,"Tue, 13 Jan 2026 08:00:00 GMT",2026-06-14T20:40:08.933385,debit_credit_card_fraud,True,False,candidate,https://www.aninews.in/news/national/general-news/tripura-gramin-bank-creates-national-milestone-with-indias-first-solar-powered-atm-van20260113030118
atm fraud Tripura,"Tripura's Latest News, Views & IT Portal - TRIPURAINFOWAY",https://news.google.com/rss/articles/CBMizAJBVV95cUxPZ2hBUWhWWXpmc0pLOWpSdm1Qb1lpcFMxT2J0UlhwX2dLd2N4YjBSRmhBVnV3QjRGQVFaYi1HanF6NllCOWZHRm1nYm5kcHNNS3dqZmxzX0RhT2ZVNDNoN09jZXMyYmtpOWgza3B5Ymxhdl9KWlFLNU5TZnNPU25SenU1ZkJSREdXdTNwd1dUek9sMHhTX2l1UTB1WDhEbzB6dUJ0N2ZuMTFZckRXZmFhZkdfMFhfbGFad09mVmZxTFJYc2gzeDktZjh4RjliZ21aSVhhZm1VUnJSOWozanhyMlgzaXFEU3FjLWwteHZsdm8zUFAwV0FReXBGRUljYm1rMzB3WlY4YmR3UUpiWm03akRvMXhUV2xjdHVaa2VmbzdseVpJWXdvcVQxVVRCdlNiREFEaDFQaER0end6ZUh1RHJiZWxDcGVXcEtsXw?oc=5,TRIPURAINFOWAY,"Sun, 12 Jan 2020 08:00:00 GMT",2026-06-14T20:40:08.933431,debit_credit_card_fraud,True,False,candidate,https://www.tripurainfoway.com/news-details/TN/138880/after-udaipur-mangal-das-rsquo-s-custodial-murder-by-police-now-another-alleged-custodial-murder-in-west-ps-police-station-public-demand-oc-west-subrata-rsquo-s-dismissal.html
stolen card Tripura,West Agartala P.S Recovers 25 Lost Mobile Phones and Stolen Gold Jewellery. - TRIPURA STAR NEWS,https://news.google.com/rss/articles/CBMiqwFBVV95cUxOY011TDNINDNBRXJzMXI5NU5mNWlJU0R0VmdzWjQ4THNSV3ozYVBxSFl3ekVnT2NCX2Y5ZmZHalJlaW1ZWXNTaThfR2stUW44WVgzbDVjOXZvZFBUX0lPY2UtM1FzUUNNOTVwOXM1cGx5NlJsT3RZa1daV0V1SndldExKZGhIb2stYkRpYTM5d0lCM0c2VGtJSmlEMlYxOGc1ZllQVmJxZ3NwRE0?oc=5,TRIPURA STAR NEWS,"Mon, 08 Jun 2026 11:13:42 GMT",2026-06-14T20:40:15.140451,debit_credit_card_fraud,True,False,candidate,https://www.tripurastarnews.com/west-agartala-p-s-recovers-25-lost-mobile-phones-and-stolen-gold-jewellery/
stolen card Tripura,"Police recover seven stolen bikes, 22 mobile phones - Tripuratimes",https://news.google.com/rss/articles/CBMimgFBVV95cUxOTnoyUW81M25WQUQzX01oMVFGOWpGY1ZuM0RQNEp4SWhUQ3B3dm91LXBpOWlIM1pTeU5iazFTTm5ZeC1ZTldYckFOeEJSaEZwamJXNzV2MjBNMURGaXgxRHlzTF9nd1FadS1COFgwQURaZTJmYm5jZGtwc1VxWmxMVnBuLXZpNnhjTmRVampkdFM0VUlQMDgzQXhR?oc=5,Tripuratimes,"Mon, 08 Jun 2026 16:58:39 GMT",2026-06-14T20:40:15.140495,debit_credit_card_fraud,True,False,candidate,https://tripuratimes.com/ttimes/police-recover-seven-stolen-bikes-22-mobile-phones-37822.html/
stolen card Tripura,"Nine cops transferred, big reshuffle on the cards - Tripuratimes",https://news.google.com/rss/articles/CBMilwFBVV95cUxPRnBOSEd1aHdOcjY0TkRYV0l5cHNuSVpEMW5WX0RDa0lzczQwZlhOcUpVNnUxUzJmaXY5QURaZzhPSWx0eEdRekFraV92SGExRVc4NUxuWUFDTUtWeGR3bUFmNHlQNERVZGRoejAwQkZ3ZTUxS1ZLdFlTdjFHNzQ3MEdBMktKVlpoSkZOM0ZpU00tcm9BbGJn?oc=5,Tripuratimes,"Mon, 08 Jun 2026 16:58:39 GMT",2026-06-14T20:40:15.140510,debit_credit_card_fraud,True,False,candidate,https://tripuratimes.com/ttimes/nine-cops-transferred-big-reshuffle-on-the-cards-37821.html/
stolen card Tripura,Stolen KVK vehicle recovered through prompt police action - Tripuratimes,https://news.google.com/rss/articles/CBMiowFBVV95cUxPeTYzRzVELU9DaG9nTm51SE9ZVVlRSWZFdG4wSWFuc3JGMTIwdU5mREE0a2FiRFY2eHlta0FOampuV0Q4NG13REo3a2hRdUp5aVJvekVVcWc3UnV6Tm5USmlNUkxPYzkwVVozdGpieHJyQ2tXYXpYZU9LZjRlQ0g1Wng2VllaWXIyMUpCSXRWRVZ3MzZGV1h6VFdtVm1mYjN5RlU0?oc=5,Tripuratimes,"Sun, 17 May 2026 07:00:00 GMT",2026-06-14T20:40:15.140548,debit_credit_card_fraud,True,False,candidate,https://tripuratimes.com/ttimes/stolen-kvk-vehicle-recovered-through-prompt-police-action-37267.html/
stolen card Tripura,Independence Day’s end: The mystery of the files missing from Tripura Police headquarters - The Indian Express,https://news.google.com/rss/articles/CBMi3wFBVV95cUxNWExhWHBCVWlROExZOV9vSktUSHRoSGoxM3hQcGZ3cC1kOFIwck1FUE9hWU5WUjQtaXA5eG0zVzNhWDB2WnBFMGIwQzI2U0QxREJZRE9NLU1BOVpXV2szR3dKS2xGSU1zbkw0dGVjREZONTc0ZlZjam9QcnlNejYyRk1kWURmT2c1aHNvR0xCTlBzWVVBU2V5dGY1cnpjWGFMd2o2NEhySGE1SUtBOEgzZUFqeGVhWkZ4c2pMS3RsdnFjTkpWUS02OGo2azRUWk9fckZ4RFhHVmFObERwejA40gHmAUFVX3lxTFA5S0Z1UWd4YmYyazFKV2IzZ1N1dlJNMnNxYkxPbk12T2sxZUpZRjQ5Ui10WXdZYVZLZWxETHlZVTVoZHdwV3JYZDVuX1hsN2MwVW9meXZZZjlQQlVsRHdnZWM2bUtQLTh6Z0oyTXZnQU1mR2RyZ2tMM0EzdkNUVTk1WjNEY04xM1pLcDFmTkhGMU9sSUxZRVlsZnh5WVpXeU5vVzFWNmVuRmRqRVZJcGNsd3RqM0NmTF8tQ0g4M2FjejMyeHNlSVM0aVlsVmlVRGVPYThqemNMUDJvMnNXbzJEOFRLNTVR?oc=5,The Indian Express,"Sat, 20 Aug 2022 07:00:00 GMT",2026-06-14T20:40:15.140574,debit_credit_card_fraud,True,False,candidate,https://indianexpress.com/article/political-pulse/independence-days-end-the-mystery-of-the-files-missing-from-tripura-police-headquarters-8100584/
stolen card Tripura,72.2 per cent of Tripura residents complete e-KYC for PVC ration cards: Minister - India Today NE,https://news.google.com/rss/articles/CBMi1gFBVV95cUxPVG44VXBiVVVHSVMyTGN2elpEa2p6T3U2WUsyN2tzODhkRk9nSTcxdjhCb1VJMnAxQUl0czJqcS00SFo0Szhta19NY1QtXzRhRUpRb2diQUpVT28wd2tta0E1Q19uYldSYU9ScW5YNjJHNUFLblhRajJUb3c1YWowNERrYVJFMS0tRGRndjVfaU5IRUZsVy1UeGVrdk92VmxiMzI3c3ZOU0p4ZWJMR2Q1Qng4VUFHbUpGSXotc0g3M2FlZFJLMVNnckdJMkhrVFBUWC1rZHRB0gHbAUFVX3lxTFBFUkNQRFRmc3NuOHZKVmJ3enRuVVJoRGxLMk1yZjI0WHJLck9zQ0pzOGg0dVRpY0RuOHc3ZExIMmlmY2Rma1RoRXlJVXhxMTNLMGFjRWlFMjRvanNyUV9UeFphMHVjMHZZd1I2cFhhUER5M0hoY0VSNUNvQmZ3bEg4RUt4eUJUZDFqeUVRcy1mc2psZHNqTksydUQzc1RIQWF5X05DZThVNXNrbnRaYUlYRFBRWDI1NEZ6R0J1b0k1VFVrZ3lmMHBJV2FnWTdDS2RGYmNjZ2hKUnhldw?oc=5,India Today NE,"Wed, 26 Mar 2025 07:00:00 GMT",2026-06-14T20:40:15.140586,debit_credit_card_fraud,True,False,candidate,https://www.indiatodayne.in/tripura/story/722-per-cent-of-tripura-residents-complete-e-kyc-for-pvc-ration-cards-minister-1189657-2025-03-26
stolen card Tripura,Tripura: BSF Commandant Rakesh Sinha gets Director General's Commendation Card and Disc - India Today NE,https://news.google.com/rss/articles/CBMi3wFBVV95cUxOQnNtbDE0T196QmJib2hmMUNSMWkxOVBveVVLb1hnZ0IzdWxhbTRoaXpjajZFSHVHUjZId0diZ1pUMXFtVUsxbzlZOTlyRDVpLTBuWlM2ZThLR05GOGlxZC1mUnU2d0o2dXZzZU1LamRSVmxGRjBYZG01RDBxWE1XdW94OHVRbHoyODduZUJxQnJQY1hkQzR0aE1VNmNCanhUa1MwX2dBeFFhdjFGa3lWNFVKOGRoTlJxdWhGYjRqR0RxVnRsamJPemh1bmVoenF3U1BGSnF2NlM4M25xQ2FN0gHkAUFVX3lxTE5SWFhycUVtaWhLZUJad1ZTOThFTUk4dnBJaEhXUWlqTm93bkVHU01UemhZS1ItMi1JOTFiNlY5WHZINHhOVHQxX3FVbVE5R2d6WkhKTERJRXdBZTlJRS1STi1MRnk5ZDVKUHJvWWppLURSSVNsYllNQ2xNZlhnejNlRktRU1pqbDhqaHFIS3d2alRzUzlOa0Z4N25iNGRNSy1pcWU4VEpiMVZILXRPXzhHcmo2aHMtbXZJeXFIbnU0MGJNRWpVblNjQkNkbmxqaDNqTUtnaHljdFFNcmRUbWRtZ3NSRw?oc=5,India Today NE,"Fri, 17 Jan 2025 08:00:00 GMT",2026-06-14T20:40:15.140599,debit_credit_card_fraud,True,False,candidate,https://www.indiatodayne.in/tripura/story/tripura-bsf-commandant-rakesh-sinha-gets-director-generals-commendation-card-and-disc-1155949-2025-01-17
stolen card Tripura,Tripura police recovers 25 stolen mobile phones - Tripuratimes,https://news.google.com/rss/articles/CBMilAFBVV95cUxPVjZNVk8xbE9ZYlF1N3ZHalAtUHRoNWRxZ05OTlBIV0M5SEJtZEZLTlJpbkRnNFhMM3M1VUJYZzVYR2FjQ3YtbnBJbkNFTm1ELUg0b1YzOV8yUWEzd3BEWXhCSUFITGpWdld4Mm1iZkFVWklKcHpMUEREZllaNldQdmNiQWZxdGxOQWpZRFV1cHZFVGwt?oc=5,Tripuratimes,"Sun, 23 Jul 2023 07:00:00 GMT",2026-06-14T20:40:15.140610,debit_credit_card_fraud,True,False,candidate,https://tripuratimes.com/ttimes/tripura-police-recovers-25-stolen-mobile-phones-8897.html/
stolen card Tripura,"Puja: Free Sugar, Maida, Suji to be supplied to 9.83 lakh ration card holders - Tripuratimes",https://news.google.com/rss/articles/CBMiugFBVV95cUxPeFNWQmdPQmo1aFo5MURFcWFRV25uYzdMcEhGQ1hXMzB4Z3VHUmcxZ2FhSkhBOHk0UHR0NlFFdkYtV2pTQkNFNGx4WmlIUldSWFVTeTJRYm9URmJ5Zk0xOFlJVGhBLWFkb0ZlWFdicWpvaEU2YktVQnNXNW5RR0Znd09NSHBNY1JwMF9pZ19hbE9fWXJodEMyYzBoeDg2STBKN2FpT2VJVzQ1UWhITUpVZ0RoUzVqYWRUaWc?oc=5,Tripuratimes,"Fri, 27 Sep 2024 07:00:00 GMT",2026-06-14T20:40:15.140622,debit_credit_card_fraud,True,False,candidate,https://tripuratimes.com/ttimes/puja-free-sugar-maida-suji-to-be-supplied-to-9-83-lakh-ration-card-holders-19131.html/
atm card fraud Tripura,ICICI Bank Inaugurates A Branch In Mangaluru. - TRIPURA STAR NEWS,https://news.google.com/rss/articles/CBMigwFBVV95cUxNUDU3MnItWXFla3VJQ19VNUdkWDE0R3BWRlZxRzd3V3FIR0p6YXhXUnJBckZWV1JqYndXYkZBYXlwTm9VZElXaW5uTUNYQnREckFJako0N2d6R3RGVUtOcDVpTHhfUWtGckVGTWRPMVNWdS1mZWI1MlR0VGRDLTdnVHhkMA?oc=5,TRIPURA STAR NEWS,"Thu, 16 Oct 2025 00:25:38 GMT",2026-06-14T20:40:20.002780,debit_credit_card_fraud,True,False,candidate,https://www.tripurastarnews.com/icici-bank-inaugurates-a-branch-in-mangaluru/
fake survey Tripura,Ramprasad Paul counters ‘fake media propaganda' - Tripuratimes,https://news.google.com/rss/articles/CBMingFBVV95cUxNTXJpSWtGMGZJcnh5VTBxTU54Z3dkQ01FSnR3RlJ2d2pTUHZfSU9pakFXMWlmemJtTW80WnhNRmdENFhhcDlaUFdOZDFnWC1HQURZWGw5T0l3R2VacktNb21zZTBTMFdoek1XTEVHSm9FM25hb01jdGtsZFdqWUoxS2ZLN3VVSUxDcFN6clRZeXJOQkdtdkVFSVFhc1FwQQ?oc=5,Tripuratimes,"Thu, 16 Mar 2023 07:00:00 GMT",2026-06-14T20:40:23.250965,online_survey_fraud,True,False,candidate,https://tripuratimes.com/ttimes/ramprasad-paul-counters-%E2%80%98fake-media-propaganda-6717.html/
survey scam Tripura,"Target set to spend Rs. 1,200 cr urban challenge fund in Tripura in 2 years: Manohar Lal - Tripuratimes",https://news.google.com/rss/articles/CBMixwFBVV95cUxQZjJtWFNpMzZ1TFF4NTQwb1RJWklMWlYtTFZ2SXEtdmp4N183alZBUkl6NU5vam1rMWVjbk5ET3ZLc2VMVU5XYjJPZDNET3ZsY1k1RjByQ3JPVllId1dBVk5MN09kVjYwWW5SUmJsZzVaZFhmRnptLTIzWl9yMTUxVmtDY0lPVGZGY190VHpiN3pleTQ2ZHNmV3FMY2ZwS29XNTJGMS1Rb184Y1diNEFpcHpBNTNOUlpHeEpYTXJUMlpqUlF6aWww?oc=5,Tripuratimes,"Sun, 31 May 2026 16:57:36 GMT",2026-06-14T20:40:24.795039,online_survey_fraud,True,False,candidate,https://tripuratimes.com/ttimes/target-set-to-spend-rs-1200-cr-urban-challenge-fund-in-tripura-in-2-years-manohar-lal-37627.html
survey scam Tripura,"Tripura: ASI Selects 4 New Excavation Sites, Chabimura to be Included in ASI Protected Zones - India Today NE",https://news.google.com/rss/articles/CBMi5AFBVV95cUxOTHR5cWdRQVZ6aTVaWl91Wkl3c0tiaTVWZnJ1V25INXRwYlpDVV94NzZzdzlSRGc3Zl9JcTBTV2swZ3BLRy1OUk1WNnk5S1o0czBJV01UUDVSS3JBNHBNcV9EMUFubW55LXZVU0FtWFdpa0FaRk15RmNWLVU2Qmwyd0FEVl8zWmI4ZGc1ZllfZVJZNkkxOTRfeHR2SXJFcUUxWF9KVnYxMEQxZ2dramNLZW4xVldDVmcxcGNkcVVtcE91VGc5Xy1VTnhBV3hzenk2VlM2ay1IRUFNcVp5clFtWmR3NHTSAeoBQVVfeXFMTlgyWTNwemVxTi1xUFpJWkdCVUNrRjRsQVlXQ3Z0ZlNRS0F6Wm5IV2RxQjJzZUhNNWdGNzRXU1VocVZLSUJqZHQ2SFZMMERTeWY5T2hVOHVWb1FyN2ZvMXFKaGprRWtDNzMta25ReU9FazRuVWVReWJJeFl0TEtFdGRlVmg1M2JweC1zTzdJWEpmVVNYZmY0S0lYN05vdW1iY0JGYXBMT0ozZVVnZEZKUGFUU1dDNS1wdFcwWWZmV3lXeVdNZ3JibF8wbXBpUWdfR25qTDU1eFFETDFtUUw0V0JkdjAwXy1SdXdB?oc=5,India Today NE,"Fri, 13 Mar 2020 07:00:00 GMT",2026-06-14T20:40:24.795103,online_survey_fraud,True,False,candidate,https://www.indiatodayne.in/breaking-news/story/tripura-asi-selects-4-new-excavation-sites-chabimura-be-included-asi-protected-zones-406821-2020-03-13
survey scam Tripura,"MUDA scam: Panel clears K'taka CM Siddaramaiah, blames officials - Tripuratimes",https://news.google.com/rss/articles/CBMipwFBVV95cUxPNTlCc0h6U3RiUzFYYnlJdml5YlNtVHEtbnE1UkNlX1RxOWdZR2puQ0tRNmJ2aExhSllvMEN6TVBGdXBNNFRWbTk4by1MUnktSktjSnFMVmduSVZON3h6QjBJZnYtYmhFQ3M3eTVXNWFDVndfd2dkbjlCLXJ4UWIzNFZ3VHRjNWhqckJocHJuRUlteC1aU2g2WGZqc05NX1BhQmJpZzFBZw?oc=5,Tripuratimes,"Fri, 05 Sep 2025 07:00:00 GMT",2026-06-14T20:40:24.795111,online_survey_fraud,True,False,candidate,https://tripuratimes.com/ttimes/muda-scam-panel-clears-ktaka-cm-siddaramaiah-blames-officials-31153.html
survey scam Tripura,Former Rajasthan CM Vasundhara Raje visits Banswara's Tripura Sundari temple on Navaratri's onset - The Times of India,https://news.google.com/rss/articles/CBMiqAJBVV95cUxOT0RnTFBCQ2JvOFJNa3hCb2laWnVtYnBFVWF6TjJWZXBiLUUzZTRBM042S1JfN2dpTGdTWWZvemhzdzVZMDdfNFhkR0tjTDlCVVM3MzAyYS1kTVhidUdZWFN4aEhDSFBpN1JwbjJiRERwb1JIYXl1WG5RQ3NKbHJqWjhBVGdmNGhfZnh2SmZDc1ByMVpzWUVwdVpNMGJjQTlmYW50NjdmMEo0ZHFjUFZudmI1VTFoREFpcE8yTVRzc3owaW1VZF9ZcGY5cFhsZGUzODVYRTdpVTdCcVFhYWt2TEd4NDc0RWp5Y0d6cWprNFFxZlVsQUk0OTc4N2ZfaW1FQzlGM2xOM2JJT3JBM2d1QTJUU2lwWF9JaVEzVkxRdDZPRkdrR1B3ddIBrgJBVV95cUxQRGZIbFNFLUlVQnlJQTVpSXhFeUF0OXg0WUxuVWlEZ2R4SVVPWDVqRURXaTdZVFE3Tm0tclNYX21rdGZiSTRxN0ltekxpcDROMkVWR3JKM3lkS1c1TFpITGlaQ3Z2YlpOVGx6aTBMM2tWbjkzblNNbHBKV3NDQnhUc2NHWFpEdVNHN0VEWV9QbXg2YVF5VC1ZbDJmbjVJTkVORXVzSE5rY2IwNU5qT3hjQnBnSzBHMjJIRl83M3hOdFAydVE4a2drRFJVZlBTU3lZYzR1dGZ5V1ZJeHE1RUtRS2V2MlU0N1RHTmxnOHRSS0t6ZGNmMkt1YjJIY1lQR3VqOER5N2ZaLTBDWmdueWEzNXVxTGlqM2c4RE9iT0ZiSDNLeGNBMGMxTnN2WV9Rdw?oc=5,The Times of India,"Mon, 16 Oct 2023 07:00:00 GMT",2026-06-14T20:40:24.795147,online_survey_fraud,True,False,candidate,https://timesofindia.indiatimes.com/elections/assembly-elections/rajasthan/videos/former-rajasthan-cm-vasundhara-raje-visits-banswaras-tripura-sundari-temple-on-navaratris-onset/videoshow/104456045.cms
survey scam Tripura,Tripura initiates investigation into big investments in state after Shah’s advice - MSN,https://news.google.com/rss/articles/CBMi3wJBVV95cUxPc0RoUllZY0EzVlhBbTRJNFhQeDBwUkJEaWY0ZzJzVHUxOTdDQU12dkpSUm9obzFvOTRLbmZwTDI0akdYSmJmbzdHbl9RblZKNjB2RUNMX1JKLVEzZmhZLU4xUVFZYi1IZk1WcFN4Vm9MaEkyY2RGeFZOSEZBTjZLcnhQUmRRcU1UZFlCdHBqRnN6UnJ4enpvZGNPX09kVEZDMzNHdGdXMEd5anZibG9aeDV2ejN6YnoyZjVPdkY1WTZiVWFfQ2JHVjlpQ3l1Tlpqa21BcUxWUFduUGE0YjlyR0hSTzByRnVLS0ExSk16UFJIdjB1NFg1TGlkX0NzUmczb2JVczNtNVktakQxdGxjUFNTdU16Mk1jUFBHZjVSMUJoekN5TWZvM0VzbGN4NncwVnBpdS1pdmNUdGh0LVRPSUxJTDdNYWx4anQwblliUFRtTUNldGpMMktrSjVEQTA?oc=5,MSN,"Mon, 08 Jun 2026 08:41:33 GMT",2026-06-14T20:40:24.795154,online_survey_fraud,True,False,candidate,https://www.msn.com/en-in/news/India/tripura-initiates-investigation-into-big-investments-in-state-after-shah-s-advice/ar-AA2530nJ?apiversion=v2&domshim=1&noservercache=1&noservertelemetry=1&batchservertelemetry=1&renderwebcomponents=1&wcseo=1
duplicate website Tripura,"Maharashtra Local Body Elections 2025 To Be Held On December 2, Vote Counting On December 3; BMC Polls Dates Not Announced - Tripura Chronicle",https://news.google.com/rss/articles/CBMi9gFBVV95cUxNUTB6QzFIZFhSNno1XzZPQjZ4ZmNfY003TUdsTm5nNGtjWXpKRzUzNUQ3WXRKUWVLNlBNLV9ENVZaNFh0RFpyRlVqQUdNV044NlhWYjNNWFgyaElBQ2FMdVJNdHRYNHZhN2RyX1dXY29jUjdfWnFKc1Y1V2tiRmpsUzZEeURtcG5fbG8yb2tXdURMdGg3VzhQZGlmcmc4UG5UanZmTVlFSEdSLW1VYVIyZ2VxUXdZQ19uNGI3ZzQxV0tfZEJ1THp5WDlFbGRwWDBwdjhKUmRJRHZwOXNkMGcwWGw0WjV3VXNoQlpjR0kwaFVXcTBDVmc?oc=5,Tripura Chronicle,"Tue, 04 Nov 2025 13:57:08 GMT",2026-06-14T20:40:33.553603,cloned_websites,True,False,candidate,https://tripurachronicle.in/national-news/maharashtra-local-body-elections-2025-to-be-held-on-december-2-vote-counting-on-december-3-bmc-polls-dates-not-announced/
duplicate website Tripura,Tripura Board (TBSE) Madhyamik/Higher Secondary Result 2016 - Jagran Josh,https://news.google.com/rss/articles/CBMiaEFVX3lxTE5pQ2U5VEFEWG1nOE5IYmluT3FUMUlVWVNOS1RjQTVXMjZSc1JSTDZhRlFwRWNJYUhBXy02UTN2RTJxbm42TFFHMThUZHVKTDhBUjZzSXpSV3AwVUwwdzVwYUxCT2Rralh1?oc=5,Jagran Josh,"Fri, 10 Mar 2017 08:00:00 GMT",2026-06-14T20:40:33.553609,cloned_websites,True,False,candidate,https://www.jagranjosh.com/results/tbse-result-2015-98567
suspicious marketplace Tripura,Controversy erupts over demolition of Market Shed in North Tripura - Tripuratimes,https://news.google.com/rss/articles/CBMirgFBVV95cUxQTW5ITHV0SkN2eVJmWFMtSmtmWXFwNTRKazJ3ajgyY2p3ZnYzdTRRamo1S1c2TDJJQm54Y24ySV8zVW1jNTd5RlNpYW13V3YySTRhblY5UnhpcldUVnJUTG16dzRHLV9UbjFSMWNSdUxicTlCYmc2UVhWM2h6eGR0M2dORmRRSFdXZkV1dndHN2ppN0ViSkZzcDBFMUJxc25KS1RGcFljYzd0Y09FQ1E?oc=5,Tripuratimes,"Sun, 07 Jun 2026 08:31:17 GMT",2026-06-14T20:40:34.961668,cloned_websites,True,False,candidate,https://tripuratimes.com/ttimes/controversy-erupts-over-demolition-of-market-shed-in-north-tripura-37784.html
fake shopping site Tripura,"Police busted fake currency racket, four arrested in Sonamura - Northeast Herald",https://news.google.com/rss/articles/CBMikwFBVV95cUxNdUk5NUVHZS05Zmt3YXRNcEhUSUREZzBKN2ZSLW94b29Ka09GV2dFbktjaUdkMGJBc3hSUF9KYWdFR3cyOW5LS3JBSVhQamxySmdYaE1qcXdCbEFkNXpMOENvN0Q1VjBCUjRqd2lhcWhsUWtMUng2WnhNWGNrbjcwa21SQkpQRW5fUTZPMEJqTThIMzQ?oc=5,Northeast Herald,"Wed, 13 May 2026 07:00:00 GMT",2026-06-14T20:40:40.375276,cloned_websites,True,False,candidate,https://neherald.com/tripura/police-busted-fake-currency-racket-four-arrested-in-sonamura
fraudulent website Tripura,Tripura’s Economic Threads Strengthened by GST Cuts - PIB,https://news.google.com/rss/articles/CBMidkFVX3lxTE9ENXJiS0c4dW16YWNEb2EzN1NSVEk1SlRTZERMaTktVW1Ndi1BLWEtQlRMd1JFWWxyU0NfOVVEU1JxaTBBSy1XbmllelpjZ00zUXV5TklmQnBOWjZtVGpodzdZUWZPWGdEcjNpTnF3N3kzazdja0E?oc=5,PIB,"Thu, 23 Oct 2025 07:00:00 GMT",2026-06-14T20:40:42.325025,cloned_websites,True,False,candidate,https://www.pib.gov.in/FactsheetDetails.aspx?Id=150411&reg=3&lang=1
fraudulent website Tripura,"Tripura State Cooperative Bank Result 2024, Cut Off Marks - PW",https://news.google.com/rss/articles/CBMiggFBVV95cUxNZm55WXRPNk9jOWhBSFhOZ2JGanpuM1hrZDBLVjNrRlFkS1ZOVUkydmJzWWRVdWVEYmE2UUNYam4tSWhlekxNNjlMQ3B6UGJrUzlONEp0T1p4Y0paamctMktXWFBCX1RtbXBOQ0hHd0RjQ0pyeGs1ZF9WVmdyTmJLMU93?oc=5,PW,"Thu, 23 May 2024 07:00:00 GMT",2026-06-14T20:40:42.325178,cloned_websites,True,False,candidate,https://www.pw.live/banking/exams/tripura-state-cooperative-bank-result-2024
fraudulent website Tripura,"Tripura's Latest News, Views & IT Portal - TRIPURAINFOWAY",https://news.google.com/rss/articles/CBMikANBVV95cUxQcEZiQ2pGNHc2UmtxTGNjVXV0bjNySExwTVM4dFdrNklPTFhFbTlZRGVHcV9QeHNwSENtZnJSLVNCWVdUTkVzbGJyZExBZy1xVy05eGk3b0FrckthVi03dElNa2p6VVlNZ3RheUp0c0puRnZlaWgtNmlYWWQ3bWJscUc1UktRT01DX2NwckwxQi1tcUx3X2ZFTTFaaTFDTGoxVWF4d0V4d25hNUZtal82aElCSHlDUEdySTlodjdib2ZVMFBkOWl1ZTdoV3pkMEpmTy0xYU5ua2pPelFqUlB1V1ZlREZNVzFqT1lBYVNtWnBfY0czbEl1M2VnUTVSU3ZHS1pkbWhTdkd6bXgtRDFUY2xmNVVFakp0RXlnVG5wSnl6bnV6VnRQNEVPMXdvbzJnSEpoUVBQd0RjWjRIdUZkdEpKYkJvck5DaUJJQkxuSXFDYnhSLVluUy1DVXJITGtCTXVYZE5Zc2gxMzhQM1NuOFhxZnk5V1pjT3o1MjQ4djVrYTQtWEliQWtqVG50MHg2?oc=5,TRIPURAINFOWAY,"Wed, 28 Jan 2015 08:00:00 GMT",2026-06-14T20:40:42.325270,cloned_websites,True,False,candidate,https://www.tripurainfoway.com/news-details/TN/18783/deal-of-rs-70-000-to-90-000-behind-each-forged-international-passports-over-years-more-than-500-online-applications-were-submitted-by-the-passport-forgery-racket-based-in-udaipur-serious-breach-in-district-passport-section.html
unauthorized bank transfer Tripura,Centre Bans National Liberation Front Of Tripura And All Tripura Tiger Force As Unlawful Associations - Guwahati Plus News,https://news.google.com/rss/articles/CBMi0gFBVV95cUxNNUpMLWlocFM3Y19fLXhSOVlUUnY1S01XNDl1Qm16NEJwVVA0TFA2WFhjV05FbndZbVFtWmVaNjVRYzJCbWtEZGRxanV6VUVUNzMzNUxPLXNCS2llUEVOYklXV1pDMU9fR0p5YnR0Ulg0VXVKN25OZXN0eWxfOUNfREZ1STdvS2U1aloxNGRiWVQyWXVCaGNtd1Z3blE5S0NhMUdZNUdab0VzMkhCaGhYWGpZU3l6VlR5LUZTejJETVl6UklFMS1GOFI2dmJpV09rdVE?oc=5,Guwahati Plus News,"Wed, 04 Oct 2023 07:00:00 GMT",2026-06-14T20:40:48.887676,automatic_transfer_system,True,False,candidate,https://www.guwahatiplus.com/india/centre-bans-national-liberation-front-of-tripura-and-all-tripura-tiger-force-as-unlawful-associations
unauthorized bank transfer Tripura,"Tripura Gramin Bank Unions Protest ""Post Facto"" Leave Rejections - Thekanal",https://news.google.com/rss/articles/CBMipAFBVV95cUxOREV2R1d2bjd5VDhMWUZIOVl3aUZQYVRJZkwzRURPYjdEWmFDaUliS1U0VUVLMkl6bWFqWTdFY2gwSkplVmlqYWoyWE9QX2ZsSERyTHNRak9kWEowTTJ0YTNGb1RtNXhEck9SWllkUlZOdURONkQxOWY0RmczWWcyWnRieHRXZlVKaElmQ05qdTd3amdVQ1phQ3lzb251Ml9rMm8tXw?oc=5,Thekanal,"Tue, 03 Mar 2026 08:00:00 GMT",2026-06-14T20:40:48.887704,automatic_transfer_system,True,False,candidate,https://thekanal.in/en-IN/details/tripura-gramin-bank-unions-protest-post-facto-leave-rejections-93562
fake social media trading Tripura,Anti-rumour campaigner lynched in Tripura - The Hindu,https://news.google.com/rss/articles/CBMiuAFBVV95cUxOM0laUUhrX3FLN1FEbFV6U3Q3a0tuZVhTbmdfQm9aOEx3MlV5Q0xCemtxX19obE1MV3VRdmJQQ1JOaGJLaXQyd3UyTW43Y3IyYm9jdUJoaVpOa0RKdzNlb281V0o4a1QtSHpTaXFkRUt0dXU2S3pCNWVhTlZvdHNSOVFsM0RTaG1FVEFGSDdhVDNIZTJ5YTJXcnFwOEdBb29FY0k5VzFucllVcVdWbnpMazZfNnE1YXpR0gG_AUFVX3lxTE5FUGs2N0JfTXVlUGxsUUJ4cDJhdjFwc3ZHOXdDLVdPb0ZuVVNrVTU1Vi1nZVRlNHM2bERYemVOV0U4QXpJcTF3XzkyM2N4WV81VENFNEc4WW4xOFVqcFVRQXAySWY2NGZ1dEIxeG5KVGdzMGhDNFpobThnbWxLYTB2V1BJemVibzd4OHozUzVFNGpaNDlwSncyVjBaMFQ0RGdTQkVVdFppc05WVGV4MmpialJ1MWh5aWkycFNlaTUw?oc=5,The Hindu,"Fri, 29 Jun 2018 07:00:00 GMT",2026-06-14T20:40:54.079929,fake_social_media_trading,True,False,candidate,https://www.thehindu.com/news/national/other-states/campaigner-against-rumours-lynched-in-tripura/article61821007.ece
child pornography Tripura,India: How a tribal school in Tripura is opening new doors - DW.com,https://news.google.com/rss/articles/CBMilAFBVV95cUxQVXF2Qk5jczlJRkx2TEFkb3Rxamx2YW1NX0EzendBeWw2aGViNWxwemZCeEFGRkpMTUxtZVBpNUxPYWxkLTFmejc3MmEwM3lILVFYZDR1Z3hwdVZrQTA5ZC1CbWgxbk45S2Y1bkd2N2w4NlM5b0E5elE1dWstTHBBbDBZOF9FMzNzc2ZfR3IwVVVLREFW0gGUAUFVX3lxTFBLLUtBc3Z0QkQ5c3RyemVidGtjRkF1Sl9feWZPR0hBNXByNWNlVXRBSFFWLVFTb3I3TjlOVVREbTJFelZCTExQNExCMUNLaW1WaExZSFUxdkp4MGVUcTVjVWdfUEVpWlVqTThmVk1jVUpEMXROZmN5cEd3WHlHM0RCbjhFYkp6dUFXVUFhX1FXa3VhU0w?oc=5,DW.com,"Wed, 16 Aug 2023 07:00:00 GMT",2026-06-14T20:41:04.610643,child_exploitation,True,False,candidate,https://www.dw.com/en/india-how-a-tribal-school-in-tripura-is-opening-new-doors/a-66550475
child pornography Tripura,Tripura Police contact Delhi counterparts to trace missing 19-year-old college girl after CM Manik Saha’s nudge - The Indian Express,https://news.google.com/rss/articles/CBMitAFBVV95cUxOMmZ1U2FRaUJmdXNNYVR5bnJrZVdGMU9KcGZ4eFM2TEpfb3FSdmQ4aFljdE00NE1yTGJqbGlOeUVHdWd6cll3VFM5Ry01a0hJclh1VTZPLU5tY0ZhYS1jeXlSWUxpaWF0SmNDeUlic3EwNW1weXNyXzNjQ1MyY2ZvUmFMS3RDZW9kWnE0THMtWDVxeEFOUVZ3QXA4VkwzUjJjNlE0Y3NpNXFRNzd5NnJnNUg4cjTSAbsBQVVfeXFMTzR2WHUxbGItejJ1U3pQOHRkaGljRC1MbmkzYk9NbFdvT1BrbnZpRGFnQld2YlRSYTlaSjZ2WjNVaWw3Z2txanZEa3p6TmtzQWZYZ1JEdkZ3OTJuRkdsa3pSbTBTclZzMzdtR01NbUFCcmtDUG8yck9laVo3RklRZktVcWx1dVpROFhnemFKalczaURzTUFQRTVVa09rdkN5elhCT1pzazh6N2ZhUFF2M3dBVElUd20tVDExYw?oc=5,The Indian Express,"Sun, 13 Jul 2025 07:00:00 GMT",2026-06-14T20:41:04.610700,child_exploitation,True,False,candidate,https://indianexpress.com/article/india/tripura-police-delhi-missing-19-year-old-college-girl-manik-saha-10124340/
child pornography Tripura,"10 more killed in Tripura, rain-related toll hits 20; Centre ups rescue drive - The Times of India",https://news.google.com/rss/articles/CBMi2wFBVV95cUxOY3hCRkJhNXRScHY3WkplclRvUWlLMWNmTGRFQVg3OWQtNkhOTzJTSUJfenhpYXFITHI4OU52M2RtRXRMRXVOdV9ac1RlT3pfZkJXTzNUTEZLdXVNTllwdVE0bUw0Y1FpamU0akF1elFBaGk4bC1qS2xSVUItaGRNc21IejVHSktNT0NYYlRMNG03REtWTEZzdWp4VmdZdlZXSXRqdnhDTGpZYlc1bk5yOGNfbmw2TWM2WGg2LTVoR3lJLXlqN21QVnpIMzMwQnVKemM1UkQ0RUotT0XSAeABQVVfeXFMTVRxVTU4VGxEMV9oQnQyT2t0S3pVaUNJQ2swcG9YSktvbDMyWmtDMndfb0wzNWd5dVpDRFJDb2JDeUZNUHB1eGtJU0RFQ0gzcEtTWWxoV2FWXy1uaUJzbk9zanVHRXFORTQwX0dLcTJkWmZMRUV1d2dLZUpLc3d2UHlmdy1LV2U5ZnBncjNSclBGbi02QUxUUmIybi1TU1VadE4zRklQUjdmcVZuOGZ3UVRMV0JmdG9EUHZfNzVORHNvclYtUWFYZklLMkhhMjRmMlJvOE5GNGpZUEZHUmZqZU8?oc=5,The Times of India,"Fri, 23 Aug 2024 07:00:00 GMT",2026-06-14T20:41:04.610714,child_exploitation,True,False,candidate,https://timesofindia.indiatimes.com/india/10-more-killed-in-tripura-rain-related-toll-hits-20-centre-ups-rescue-drive/articleshow/112725765.cms
child pornography Tripura,"Flood situation improving in Tripura, over 1 lakh people remain in camps - The Indian Express",https://news.google.com/rss/articles/CBMimwFBVV95cUxPaWowREVNb2ZuMjRpakJXV0pvTDk2WmY3RFJWTHpvdndrSy03aTJTS1NweG1Db2Z6NVlCSFY0WVpaenUxTVdPRXBWRk85OGFOcU9NYjFYUjNyekFJRTY4b0N1WEs4bGRMd3BMNzJ0d1lHS0Q3Qy10R1NJZGpjenR0NjhNRmZXcENLdlhjWE5XSzQ3eTlldTJuQ0FxONIBogFBVV95cUxPUEZUNjFxaE5zVVlWZ1N4b0EtOHVab21MWjBiRjFHMFNGV3A0T0NKUEhsOUczQmJ6T0UyaTdJNVBkcVZfSlJ0NHdwazZ0alBQS24wT2dDeGcwZVFLZW9wRndVUVE3WDdjUDZ6WnpLZm9VSTJhemllNHAxTFBQVE5kMG92cUw0U2x3c2x2bndIZ2FRdFoxY29mQlJCOVlEcGlrMUE?oc=5,The Indian Express,"Sun, 25 Aug 2024 07:00:00 GMT",2026-06-14T20:41:04.610756,child_exploitation,True,False,candidate,https://indianexpress.com/article/india/flood-situation-improving-tripura-people-camps-9532931/
child pornography Tripura,4 Tripura railway stations to be upgraded - The Times of India,https://news.google.com/rss/articles/CBMiuAFBVV95cUxPeUZuV0ltTGY1SkR2TjcwSXcxRjFtMjZWZUtHdmlhOXhnNlc2Ni1QRktNR1piNEdUcy1Bb1ZyNnliREdmRUdWdzBZU0N0SWdGaWhEQkdUOTRQb1NvWEt1YzhaR19IVjRnUUNJTzFCbkZsaERVU0NGT0tzeWRLa1MzcGtxRnVLRGhSN0ZXNURnVTNJMXRIM3E5ZV9BZ1hfcHZ1bWVnclNMbEhPRTFWNGJXU1p2WWtqOW410gG-AUFVX3lxTE80T2hSeUVjckRWM0tuOV9oelNwNTNJMVVUaUR5OU05VmJGMnB4N1N6VTgxMUlmRXVVYlBXbHRfaC1sRFRyNC11Um1La1JzU25zSWtMVmpRRkhXMlJRNWxyandJcDhNOXRuS2VuN21DWVcxeDdfR1lIMy1sRWg1cHhwMDhpOTZFN3JHUHFDREJuWkdsQ3k0cHI0S0VkS0JMbWJqMHdvQmw5RzJQbDYyNVFzUWFTMURrMDk3QnJKckE?oc=5,The Times of India,"Mon, 10 Mar 2025 07:00:00 GMT",2026-06-14T20:41:04.610768,child_exploitation,True,False,candidate,https://timesofindia.indiatimes.com/city/guwahati/4-tripura-railway-stations-to-be-upgraded/articleshow/118856829.cms
child pornography Tripura,"‘Shun drugs, jealousy and ego’: TIPRA Motha chief Pradyot Manikya Debbarma sets 2024 targets for Tripura tribals - The Indian Express",https://news.google.com/rss/articles/CBMiywFBVV95cUxPUEozM3pFanVPWkcxb09XNHJNSUdzeFl4b3BVQUZmSFJnajRzOHVfeF9HblZWTGFXX2lRNmxJdnZub0NRTng2S25KSUYtZ2JmWTh4REFoWFBaU1VTY01WNWprTFhUdktpNDJJMTJmY091Yzl4MmJESTk0UzI5MXpIcUFsWHVUcUh6WVJSVGIwNkZ5ZTczQjRaVGxHUW9fVWlpanRNWXcySWpKRzNtLTdwc3gxQ0dZaWdNYk4wZTVkUnJBR1pHYUJOd0k3WQ?oc=5,The Indian Express,"Wed, 03 Jan 2024 08:00:00 GMT",2026-06-14T20:41:04.610805,child_exploitation,True,False,candidate,https://indianexpress.com/article/north-east-india/tripura/drugs-jealousy-ego-tipra-motha-pradyot-manikya-debbarma-tribals-9094074/
child pornography Tripura,"16 –years old Bangladeshi girl found dead at Indo-Bangladesh border, influx caused a concern for Tripura - The Times of India",https://news.google.com/rss/articles/CBMiigJBVV95cUxNVFFDZmh6LXFwX01qQVVQZUVQWFlDZkd1UDRLajA0TkEwb3ZCRWxtaHlNY0Y2OGRfT3VkNVZtWUhZbGc2MHlSU1FPSWkyRFhaWHpTdi0xYWc5TzFEVDUySWlfOHA4NXByendIUTVfVmhlZTl0aThrM2s3NldCcVJZc3k3VEVGMTlWc0VxZjd0VWJNakpQLWZxc3ZPbXhSYk1XRG41ckpyOFRiVzg0OV94TnZ1Q1RvUTduazQ1OXhFOUNvVERGamxqVVhSN2pLb1RZTkpUSmd1YVRUM3FiYzN0S1AybjhPejVJTllXZ084OFVadWc1WkhnY2htWi1zUVFfcjRlZXdadkRvd9IBjwJBVV95cUxOLXBaTTlVWHBJQkdpb0V3ZDBNX092TkE4eGhFZ2hIb000bWJtSktFQ21CT2Nvb0dZbnlENEsyVmhZcFVFN2QyVkdBOXZrX2dURDh0bDBDTG1aTURCN3dfcUhuZVFuZFJKa0RnaGstVXlOTDdlM0x2ZDAxbF9mY2ZJQ2N1LXBlbE9HUmtuRzlLcDNETWdjQ2VrRGJ3LUlnT0t5SVFENVVDdi1RQV9ZYXRTemRiblJad0FoUDQ2bG1YQVBmdkw4YWctZ0xxcEQta2s5VGdtVWxCTXhIVUJhTDZsZ0txVXNDVzUwVVFMV25YeWxiVklfVFFUbkNXVDNvSk00TVV6Vlg3LWlvRGhjQi1v?oc=5,The Times of India,"Tue, 03 Sep 2024 07:00:00 GMT",2026-06-14T20:41:04.610901,child_exploitation,True,False,candidate,https://timesofindia.indiatimes.com/city/agartala/16-years-old-bangladeshi-girl-found-dead-at-indo-bangladesh-border-influx-caused-a-concern-for-tripura/articleshow/113035926.cms
child pornography Tripura,"Tripura professor's intimate video with student goes viral, he says made a ‘mistake’ | India News - Hindustan Times",https://news.google.com/rss/articles/CBMi2wFBVV95cUxONTFVbGUybU9LVTJRX2p0blVHaUVLd1d0eEhfQjZXWnI4N3d4QVdRd2QzWkVzLU0tVnRoelM0VjhpUktqaE9wNUhsTlZtZVJBNEVaWl8yTkxiYTN0RDhGQU5FYUZkbzkyVmFvUzJHYzRoUHcxUXhVQm1pWkItQ1FMaDJiYm5pNGVjQk92ZUpRZHk1MWRrUjN4SUo1dHBtYXlRaHZ4dEpKeklXbXZnQThURVBhUlRqcGkwYlJIMEZRa1pHdmhXRmlpdXRJSUppMG9iRzZJRHVGRVhGcWfSAeABQVVfeXFMT19CZTVmZ3lPbGR6Q2F4VUt3UGtxOGpYak9qY3k5T25JSmN3MXlrUEMycGpiMzBsRjNON0tYNFdjMFFzcTVhMUM1UERZS3lBakJEWnl3MVVjUFRJVVZJNWFKRmFJemEySWkzLUdCYTFUeGpubU9CUXpaVlMtZ1F2d1VFR1N6UjdHTmVNdVlMSm5ub3IxVXMwa0VKd0Zsc3R0aFZ1T2hXLXpTVUpaaDZrYm1nNEtKU3ZNSlEzMXllMzl5cDFhT19pUE1feEZrQ3VuZHpKOXFzWVJ6N0FCS0NQS2c?oc=5,Hindustan Times,"Fri, 25 Jul 2025 07:00:00 GMT",2026-06-14T20:41:04.610913,child_exploitation,True,False,candidate,https://news.google.com/rss/articles/CBMi2wFBVV95cUxONTFVbGUybU9LVTJRX2p0blVHaUVLd1d0eEhfQjZXWnI4N3d4QVdRd2QzWkVzLU0tVnRoelM0VjhpUktqaE9wNUhsTlZtZVJBNEVaWl8yTkxiYTN0RDhGQU5FYUZkbzkyVmFvUzJHYzRoUHcxUXhVQm1pWkItQ1FMaDJiYm5pNGVjQk92ZUpRZHk1MWRrUjN4SUo1dHBtYXlRaHZ4dEpKeklXbXZnQThURVBhUlRqcGkwYlJIMEZRa1pHdmhXRmlpdXRJSUppMG9iRzZJRHVGRVhGcWfSAeABQVVfeXFMT19CZTVmZ3lPbGR6Q2F4VUt3UGtxOGpYak9qY3k5T25JSmN3MXlrUEMycGpiMzBsRjNON0tYNFdjMFFzcTVhMUM1UERZS3lBakJEWnl3MVVjUFRJVVZJNWFKRmFJemEySWkzLUdCYTFUeGpubU9CUXpaVlMtZ1F2d1VFR1N6UjdHTmVNdVlMSm5ub3IxVXMwa0VKd0Zsc3R0aFZ1T2hXLXpTVUpaaDZrYm1nNEtKU3ZNSlEzMXllMzl5cDFhT19pUE1feEZrQ3VuZHpKOXFzWVJ6N0FCS0NQS2c?oc=5&hl=en-IN&gl=IN&ceid=IN:en
child exploitation online Tripura,Tripura launches first-ever online school monitoring system to strengthen foundational education - DD India,https://news.google.com/rss/articles/CBMixgFBVV95cUxPUGZtdFFyS3g3M0F1ZFlSSkVkd1FoWXlyRXdBcmZhNjcxTlVYM2MxOTkzZ3dIdUZMLXFRZ1pnTC1VcHBQN29KT3BFdHdBcmkzQmp2UTQ3TzdRN1pfSS1PVWJONFUzZHhmNmRmUWhiZDQxb2NYZGdhNWJEX0ZUbDZfQloyclptM3lWZldjVWFIaERpbU5ZSmZXbmFCclFDQjZKNjBnTFQyZms0SVVXa0k1VzZMd0dxY2RaZ3RNUjdnVGg3dFpfYnc?oc=5,DD India,"Wed, 10 Jun 2026 11:29:33 GMT",2026-06-14T20:41:09.584723,child_exploitation,True,False,candidate,https://ddindia.co.in/2026/06/tripura-launches-first-ever-online-school-monitoring-system-to-strengthen-foundational-education/
child exploitation online Tripura,Tripura launches first-ever online school monitoring system to strengthen foundational education - MSN,https://news.google.com/rss/articles/CBMi9AJBVV95cUxNcVdJYlNUenJfNFR6N2ZEOUdrMzlzQURXOWxCdkdJUWVka09VcnhXTlhDNkk4WmdSUmthVmUyWmdCUkE0VkJKU2VaSXpxNjlkWll2QUdaZ2xhQ19Jb0FOUjQwQnd0eHZoTTh2ZThfejQ1bzQ2U2lLX2c4SGVXSHp4V0dyUlRVZEJoUEFyU2s3REZNRUV5VVFscmo3Nk1jNXNOc3dtaEhielQ3NkpSelZGVUJKejNsUXNTaW5WdGFhdHVtV2FaNW15cHZXWW9wMVRwb19wX2NuYlZ3QUt6dEg4UWlIWWFOU1dvd2FjNE45aGpnSml5ZDhGcjhtcU9mVEVGaFhfYzd5X0FJUDNRdC1EaEtEOEg3bjYzTVVjSWZ3OEI4U20wdDZrUlBVdXNrUFFZX1lVcDBQTVVUMXA2d2dSSC1WdGMxYjNsOXhUS3RSX2d6eDJlWk9DUFZFdE0yWkxWVkFBWFRPQk9iTW85N2JaWnhXdkE?oc=5,MSN,"Wed, 10 Jun 2026 17:03:09 GMT",2026-06-14T20:41:09.584763,child_exploitation,True,False,candidate,https://www.msn.com/en-in/news/India/tripura-launches-first-ever-online-school-monitoring-system-to-strengthen-foundational-education/ar-AA25hzeA?apiversion=v2&domshim=1&noservercache=1&noservertelemetry=1&batchservertelemetry=1&renderwebcomponents=1&wcseo=1
child abuse content Tripura,Tripura student Anjel Chakma’s death: What we know so far - The Hindu,https://news.google.com/rss/articles/CBMiwgFBVV95cUxNeXNELVk4TUlqbmRGR004ZG1ZTDN5RFVfeVlXa0g1MnB5RDdfWG1CMnFRRnUyT1VzSm5uZElHSklQcTQ0QmFkeXR5LWU4YXQ3U0xoQ091Ulp1NVlld3NaeEZIZUZFdVFaZ0xrNlJHaVVtdnEzdFZ0VTV5aFV4RXU0X2xWSnRlcFFxUWhjd1lSX04xMFpQMVZTVHcyRTU3OElDc0N3dTdLaWJ3VEYxdHNiMG4wZ1dHRFN1YklWSkoyV2ZlQdIByAFBVV95cUxOZXc4b1Z4NVA2UXJQeFV2RWNfeGZxX3ZZOUYtd0dmS0xZTmhhZkoxYmNVT0xJaFFZZm95ZEJuSUtHWGE4UnhRU0ZNWlBTTjV4a0ZEa3V0Wld2WjE1OUt0RGFYUnRwY0tqZDVpV3ZOX0tUQmdmcmlmLXdrRVRvZWJPOHMxckF1bmRFZ2VONUJlXzFYNEQ5SXRrRXN2TlU2YU1oX2RaeVJOaXZKMzZDczRTZElyek9DUWFQekJxZXVoSUQxQ2JrQ0V3Ug?oc=5,The Hindu,"Wed, 31 Dec 2025 08:00:00 GMT",2026-06-14T20:41:11.475593,child_exploitation,True,False,candidate,https://www.thehindu.com/news/national/tripura-student-angel-chakma-death-mob-attack-what-we-know-so-far/article70452233.ece
child abuse content Tripura,"Tripura: 47 students die from HIV, 828 test positive - DD News",https://news.google.com/rss/articles/CBMihAFBVV95cUxOZk9DZFJ6Rlo2azgzWVNaQUc5ai1xTHUweThROWxCb01qdmhXMEQxTDF2RUtiRERvdXV5eXE0NU5EVDRkRml6RzJKZW9LYmhLckZ1NFA5Skl0YWdJd0t1X2h0aTJkREZmRTlzS0t0cXZ2VUxWblhJNzAybVliVDF5UDhONTA?oc=5,DD News,"Sat, 06 Jul 2024 07:00:00 GMT",2026-06-14T20:41:11.475651,child_exploitation,True,False,candidate,https://ddnews.gov.in/en/tripura-47-students-die-from-hiv-828-test-positive-2/
child abuse content Tripura,"‘Udta Tripura’ — HIV cases are soaring in hill state, with youth under 30 worst hit - ThePrint",https://news.google.com/rss/articles/CBMitAFBVV95cUxQTjQyVTJRbWdOZW4yOWZfS1hZWW1YWDc2d1lPOGhGTElVWmtoalE4eExVaHNIS3pTRlNzMTlmWEduVHJlZktyV1RSeU9iZXdpVk5QNDlXcFpqY0NBeDZpSUJhdkFxdDF4em9sSzJWSmI4RllyUHFOMWgxajBGVjdwNHZScjNNcDVSRE9qandNOFdJZ08xWVN0dWF4UlBic0JtRFVJSi1jVmZZZGRpaTJCakVQcUrSAboBQVVfeXFMUGY1ZjFYWVd3bHBwRTZQUVZISmR1b1lHYjlJRjdHZkVjNUtQOE16eGJhUWJ3Vkd0ZlRqdkhrMmxWVy11UHQzSmNta2V4RlJFaU5OZklCYjRkUWVQVFZGNTRGSlloMHhzOU9mTmpoVXAxd1NXeXFvYzFvMXl6SFM0WXRlMVF5VW94ODRSdlNfRnVYOGV0S0VkcW9NWTJuSy1kMzFwSGZFMzdxcnMyNURBNDdhWnQ2NnViVWpB?oc=5,ThePrint,"Thu, 25 Jul 2024 07:00:00 GMT",2026-06-14T20:41:11.475659,child_exploitation,True,False,candidate,https://theprint.in/health/udta-tripura-hiv-cases-are-soaring-in-hill-state-with-youth-under-30-worst-hit/2189409/
child abuse content Tripura,Discussion on Model Guidelines of POSCO Act held at Pragya Bhavan Times News - Tripuratimes,https://news.google.com/rss/articles/CBMivAFBVV95cUxOY0xUcTh3bWRHd0JCYVllQjlvZ3J0bDBxWXVjcmpybFdFNDVkUDMyQjBqVS1qYWgtaDdJeVFOMnNkTW5wQ3BTdWpkVTEyRDU5ekZPcGs2dzFiNS1pUlVZZXpxUWZsNEJ5S292WklrUTNQZ3gxZWxCWXVVNlBBVHBNUkllQ01UbHBWOWZIc3RsdWwtX3NwM1c2bTJPdW1sRkh4TkJRLWtTbnpTazU4ZlhsRC1OWm1pUXlHLVhQdQ?oc=5,Tripuratimes,"Fri, 21 Jun 2024 07:00:00 GMT",2026-06-14T20:41:11.475667,child_exploitation,True,False,candidate,https://tripuratimes.com/ttimes/discussion-on-model-guidelines-of-posco-act-held-at-pragya-bhavan-times-news-16721.html/
child abuse content Tripura,"Student Killed For Objecting To Racial Slurs In Dehradun, Body Brought Back To Tripura - NDTV",https://news.google.com/rss/articles/CBMitAFBVV95cUxNQW5XbXNWdFVKY0EtdXZrYXNETk5KNVZBU1ppZ3hqUTBkbTc0QWUxRW9YQTUyOFFseGFUZHRVVm5kSUUwYV9TdVE4LVAwWXR4cnVjY2NwUXQ1ZHNYRmF1MFRVYTZDdzRXRlhRVnQ1UDExNkVIQUsxUWV3S3VyV3BKT1ZyU0x3em16bzF2WXhHeFprenRWakxBQWVTOUxNVmNGcTNrTURqMUF4RWktSjhSbi16YWnSAbwBQVVfeXFMTkcxeEZMUXA3RkRPSGZFc1l2WkVqVjRhRW9GRldWSmFlc3dzbUFqMFlQWW1KTkxhNVZfRy1xODJ2ZHAxNHp2NzhsemMzVnR6LU1pQW92dVpVOGdLdmFKUmN3THNPVFZ0OTBNU3FNSTY5eWVBeFdoMGlhUmhuZXVUNDlSb1ZUOHI3QXVtZDVOV09WdlBFSkRwNHVldDZTaVV5eE5pV2paN2xteUxZTDM5QWxWbVFGZDBjY3MzODQ?oc=5,NDTV,"Sun, 28 Dec 2025 08:00:00 GMT",2026-06-14T20:41:11.475675,child_exploitation,True,False,candidate,https://www.ndtv.com/india-news/student-killed-for-objecting-to-racial-slurs-body-brought-back-to-tripura-10039697
child abuse content Tripura,Tripura Youth Held With ₹5.5 Lakh Heroin Near Railway Station - Borok Times,https://news.google.com/rss/articles/CBMimAFBVV95cUxQZmJPS0ZvZUI0aHY4aDFJcHNuYkhyQktuUG9VQm1GakpTNHhMZnpPNk5QOTN5T0gwNGxTNnUwaF9QWW9CazMwS2hXZHZkOHN3cVJnR1JNVWk1LXhxU3R6XzhDd1kwVm5ZenBqTm5icjdDcGhIUkhZZnY0QVUwMi1EcFZXVG5NNHVlWUVtN3lpYXNNMEU0MEpHQ9IBoAFBVV95cUxNRnpkMXhpbFdpVHpTN2Fwc3ZhVGY3c20wSVBXMURlSEcyN19BMlgxMW5YTUt0U0NUWThxQ2hJR0J6a0NkdW15WUxTbnlVci1rMjQ2aF9vYndILXdTc0YwNkI1T3hnTXlYSllnSmNXSGZPZ1FjTUJIMW8tekhsM09CUnJFYmVIN3hTQW9zYU9lNXdxaGdqX2VjbXpYU21SWFJz?oc=5,Borok Times,"Sat, 21 Jun 2025 07:00:00 GMT",2026-06-14T20:41:11.475682,child_exploitation,True,False,candidate,https://boroktimes.com/tripura-youth-held-with-%E2%82%B95-5-lakh-heroin-near-railway-station/
child abuse content Tripura,Artists protest harassment of content creator at Tripura Sundari Temple - The Times of India,https://news.google.com/rss/articles/CBMi4AFBVV95cUxPX1hyMVBRSFBFU3VWeFp4TFA0VGRabWc2MzlLY3M2V3Nybi1xQWpyRVhMUG5rZWw3dFh6cS1YblBmUXRXSU5YcFpYYkUwRzh5NEdRc25tTl8zcFU0UFBiUjdHWmppbTFLa1Yxa1RwZ0ZfYXlKa2F4YWhvbzhGS0hBcms4ZjFKV3ZPUTFfaHI1OUZKNXFBb0ZSckRmU3JRVkVLcG43VDRHY1JZaTdPbmVXWUt5bHdKemhXYUxoYzhycURkZExsZGp5dGM3Ul9GNXRvcUhnLXZLVDlGd2VnR0gtbdIB5gFBVV95cUxNUnMtc0VLMUFPRzVZVHJfNzFJbnNTZkgwY2RuV2xBU0hldU1la1p6YTNreXJjSGxzemd0aG1aV054YUZoZjk5elRtdGN6QjdoMS0xeEtvaXhRaUI1b2xGWFQ2ME5YdUJHMjBCbVUtb09TUndUOVVLcTVTZGRLXzU3RjhSN1gxTWN4NXJSblBWYzA2SDhTbXNKX1hFTWxhRzk2bnpBWEROLUZROEg3SjBvQTRJTUliRmwxcWN5X1lQYVB0dXhsYVctYVBiNXF1U0xYUjFWRUYteXFDelBmZWpDZktzdFJ0UQ?oc=5,The Times of India,"Tue, 20 May 2025 07:00:00 GMT",2026-06-14T20:41:11.475689,child_exploitation,True,False,candidate,https://timesofindia.indiatimes.com/city/guwahati/artists-protest-harassment-of-content-creator-at-tripura-sundari-temple/articleshow/121298781.cms
child abuse content Tripura,‘Section of girls getting involved in drug abuse’: Tripura CM Manik Saha - The Indian Express,https://news.google.com/rss/articles/CBMiuwFBVV95cUxOUE1obVFlaHB0c0tCVm1UcWRxOWpGby1DSExta3JsN2lfbUJTV3FCcHdDYzJSYm9XZmExM2JVNHg2MVRLX01kYWlkVHpVSkFxMWZ5Y2l1TXlyc0hBNmN5NGw2SUJkY09ncVFkaDFaWi1kcXpCVDVNa2htdEtYVW1CcF9Ud1Z6enB2NVpidk5fSHZvOXJjczlPMVI2aTR2S0xsdVR1d1IwQjRQVmVybEZpM2tyQkFWUU5UeDFF0gHCAUFVX3lxTE8wMVQtYWptNmN0dF9XQUV0Vjl5cmhobXVkaDF5X295cUI4VzhaUk1wdEw4WkZCR0YteWZUTktocTZQQ3RWTmdmUUNQOW42V1JtbDNtWUh3QWRkaEgzbHpId0NuX2ZmUkRhaHVaazNPSHktNERVQXYtUkdUeDZ0d0pvNFhUSzdueFpwWnVHdFNOWk55NUVGSnQyUDlyc24xRDZaNHAtdXhxb0FXdEwxcnd3NFJJQXJwQXIxOEw0eE5TTUdn?oc=5,The Indian Express,"Mon, 30 Jun 2025 07:00:00 GMT",2026-06-14T20:41:11.475697,child_exploitation,True,False,candidate,https://indianexpress.com/article/india/section-of-girls-getting-involved-in-drug-abuse-tripura-cm-manik-saha-10096575/
child abuse content Tripura,Swift Justice: Tribal Student's Molestation Case; Accused arrested on CM’s intervention - Tripuratimes,https://news.google.com/rss/articles/CBMi0gFBVV95cUxPQloxSW5MSGdKV1hJQ0NFWjFDSVRnbjhhaHJWdVBjY0xHT1FvNW5PN052aEhIcDN6V0ZreWdDQm8wN2Q2cDdJUTV1MnBNYUFteGlpa28zN1FnWDJORDlIY1BJdFlVcFhraEQ2cVJtRXJXZjNJTXNfQlBGbWtxSU5HZHZ6TW81ZUt6T0lIRjU0NGR4cjlCRnRTVzg4Yk8zRF9RQmhKMnA1clZSOGpBejRRN1laUFFTakVDam80ZmRfZ1Zlb1RtSFd4MWNSVHAtMHFqNWc?oc=5,Tripuratimes,"Thu, 17 Apr 2025 07:00:00 GMT",2026-06-14T20:41:11.475704,child_exploitation,True,False,candidate,https://tripuratimes.com/ttimes/swift-justice-tribal-students-molestation-case-accused-arrested-on-cm%E2%80%99s-intervention-26588.html/
child abuse content Tripura,Tripura: Anti-Muslim violence flares up in Indian state - BBC,https://news.google.com/rss/articles/CBMiYkFVX3lxTE1OVE16Sy00bmhqY1VxVEhfeGdvV2NZdWJtOXhWcWNsdkw0QVpraWJZN1ZUZWZhOGUtWE1sQThFZWFXT0RhYnBmY0ZNRWZEOFN6V2tibEtBZ3ZvMjQwU3R4Tk93?oc=5,BBC,"Thu, 28 Oct 2021 07:00:00 GMT",2026-06-14T20:41:11.475712,child_exploitation,True,False,candidate,https://www.bbc.co.uk/news/world-asia-india-59047517
child abuse content Tripura,How drugs were used to spread HIV among 800+ students in Tripura - The Economic Times,https://news.google.com/rss/articles/CBMixwFBVV95cUxNVjJ6ajg1djZJVHR1MkNvdG0yeUZQV0xnTE1ySWZIRHJSLTdtVDhKQmVfRnBoYllHU3pSVlJ1VEpVWHY4VWtxd0I1OTZncm1XbU9wa1pLdGVVcDRsU0ZjaDBZUzE5VkhHczRtd2FzaURNVEREeUZQbXNQX3A5a3o1RUsxaXh2RGp4ZGk5cUd3eUw0NmtWX3VvNllmU3NSTW9aV2JwaUNSNU9jalNUV2FDUUlqYnlqcTUzcHgzdUhmT2JrSW5LVmZF0gHMAUFVX3lxTE8yMXZlU08zSWd2M1U2S2E5UDVSMlo2X3JUa3ZWSmNJcGwxVkZZWGdsdWVlVDFJWXpDMnQ4Rnl5ZzcwWmZZb3lTckVMeFJwd0Jsdmw5WjMtbFBURU9vbC1kVkI4SGIySW5sc0Y5WmhLLWt3YVlBRU5Va3N5ZGtCS0pqNXhteVcybGRtQXlSbFV0dzF6RUUzRWhCZm44NThMUXJnVUF1TUdkbEppaVJwVzVoTnlCYl9fN0I0NWJiOXRfa0ZpRlFrdVh6cG5CbQ?oc=5,The Economic Times,"Tue, 09 Jul 2024 07:00:00 GMT",2026-06-14T20:41:11.475719,child_exploitation,True,False,candidate,https://economictimes.indiatimes.com/news/india/how-drugs-were-used-to-spread-hiv-among-800-students-in-tripura/articleshow/111612129.cms?from=mdr
child abuse content Tripura,"Meet 26-Year-Old Bipasha, The First Woman ATC In Tripura Who Beat Many Odds To Reach For The Sky - ScoopWhoop",https://news.google.com/rss/articles/CBMihgFBVV95cUxOaGhfTmJMZV9fNzlXbkc1TzFuVVVMWlJNZWRVeTh2dXNTVDQ4MUdpRy1nQ2dTTjBSdzVEQ2RMVFpyOXYzYlhpc0ZLWC1HampjMHp6dXhWV0l6aXZlU0dwSUdvZlktaGY0UElMaHRpd0RPMDhZVGVXejhCSGJPTGIwNUZZaWpIdw?oc=5,ScoopWhoop,"Fri, 09 Aug 2019 07:00:00 GMT",2026-06-14T20:41:11.475734,child_exploitation,True,False,candidate,https://www.scoopwhoop.com/women/first-woman-atc-in-tripura-bipasha-hrangkhawl/
child abuse content Tripura,Tripura medical student killed in Dehradun after confronting racial abuse - Dynamite News,https://news.google.com/rss/articles/CBMiogFBVV95cUxPQm11M2xRNTZfT0NVTmNQcWRZNllFY3p0U1RqeVhhek5xTEVjTzBRVE1BTzZTbFBzWTBvY0lSWS1YTmw0ejdtYlR3bE1WZE5CdGlzU1B4WUNJY2VqdS1BejVtaWFkb0VmV08zYUNWYlVHNXVFN2xiM0Nqd0FHcjh4YnQ0R3dLVGs2Sjg5M251S1JMaWFQVHN1eEp5c3NGVS10T1HSAacBQVVfeXFMUG8yZXdEb1IzR3VsbG8zenRBM01hcDNYSl9WbGU5SHA4U0NIUXBUY0pIRWxoQVAxakdhMmk1S2xrSk1CTmF1YXBBZGtHdEYxVTdaMEE0Q0E3dERycEtQdlNOUGtQNFhHNDNfSzRyRllPTzRtbnViNll1cENWM09zQUZ5c1prdklULVkzaFg0b25keS1lOEYyY1E5X2FrbXN3eXhWRDFabHM?oc=5,Dynamite News,"Sun, 28 Dec 2025 08:00:00 GMT",2026-06-14T20:41:11.475749,child_exploitation,True,False,candidate,https://www.dynamitenews.com/crime/tripura-student-killed-in-dehradun-after-confronting-racial-abuse
intimate video scam Tripura,"Tripura's Latest News, Views & IT Portal - TRIPURAINFOWAY",https://news.google.com/rss/articles/CBMilgNBVV95cUxQeVhudVNmU0F3bVRLM0d0cDRYSGpGZHk0Qi1BeXVuOTd0dWlLT050LWZBU1VjSXV3V3FzQ2F0YU9XbDN2TzFnVDJLRFpsZkh1Zk9BQmhwZjlqc2VFQmVPdlNhLUhMYk9zYVZSLXQtUXpJMHpLZDU5VlN1SFY0TVNYNWtReF85LTJwZzhFX3hmNnJxYU52dHB6QnBOUHFSV2lYOTdYT1dMM3FDR01QQjRiZkZEU1VqZTZRcU5MQzZNMVYyYU5WSXRBb0pWZzlFTGhYZm54VmZIU0Z6UEo1OXF6c21MUnhsMmZ5ZjROT1NQNTQtcXpXVkFHMXJoX1dBdmR4V0pINzZWU3JHRG1SSnp4QmF5UjgyRVhNVEVIcDduX0hFS2ZHMnlhOFlQNmxVV1JOc0dmclZJNXZvSVB6ZnZBcUhjemp2aVpRYU91T0lPVmh4YTQtUW85cDJNcXlqVV90N2Fxd2ozdlNuWGo0Tk1qdmtmZnR0c0wtYWo2dzFWQ3FydVNKVVRWWS1CN0RDU0dVT2ZBR1RR?oc=5,TRIPURAINFOWAY,"Mon, 04 Jan 2016 08:00:00 GMT",2026-06-14T20:41:18.172833,sextortion,True,False,candidate,https://www.tripurainfoway.com/news-details/TN/74046/rose-valley-nightmare-haunting-manik-sarkar-again-trinamool-releases-shocking-data-about-sarkar-s-intimacy-with-rose-valley-company-reason-behind-manipulating-delaying-cbi-investigation-by-chief-ministers-close-ips-ias-lobbies.html
morphed image Tripura,Former CM Manik Sarkar Slams Royal Family For Doing Little For Tripura - Outlook India,https://news.google.com/rss/articles/CBMivAFBVV95cUxNUUFDR0pQaXdMdTZLRFJrWk5mcnZyenBUajBWNlhQV25TLW4wUG80U0ZaRTFXSnN0d2FNLThIOXhONWRMbnE2Zk5Rb0U5UGlEcnY5MEo0RUp2cmZYT1FoZE1EVk0wZlFJR2NwcjFNWEFNQ3lQMmRDVTNKblFSTzNrQlJmOEJjbHBSX1piT24zQjUzb2RxRUlMNGc0Yldvc004VlU5OXZhWTJvR2FpYXRMb3VRYmMtX2dLczhZVNIBygFBVV95cUxNM2VRMTVFdEZMNC1FV1JlTkpDT1VhbHRDTks2eFhtbGlwa3QyOV8xLWRhMFYtaWZlaGhYeXplTGxuRnpVZzJEUlhtblBabklkb2c5a1QxcVlkai1IX2NXekxCUG5fUE93cFpHMFZTQ21EMG5oVUpVY3NuaGxlQnJ6UlUyMEZJNEhRSW54dFNucmhfN0otU2FIemxQZV9JN0FWMlJ3RFllTzVMRVFDanZmUi1IbXc4bHBBM2dCMElPdGJLNHNqNkI3eTdR?oc=5,Outlook India,"Fri, 19 May 2023 07:00:00 GMT",2026-06-14T20:41:26.753510,sextortion,True,False,candidate,https://www.outlookindia.com/national/former-cm-manik-sarkar-slams-royal-family-for-doing-little-for-tripura-news-287568
cyber grooming Tripura,"Minister Rajeev Chandrasekhar inaugurates project ""Heartland Tripura”, aimed at boosting employment & employability in the state - PIB",https://news.google.com/rss/articles/CBMicEFVX3lxTFB6SG5yQjJ3Q1d5ZDlxN0hBQkdLZ0w4Vko3VFFEUEZyOUs3Nk54TDBESDdNT2xSSlliaE9WUGFfa1d2R1R6WEhEbmFQVVNPZzU1RVVLOG5zekFfRE15OThyNVQxcTA2Sk9URWdUZDB5ZkY?oc=5,PIB,"Thu, 19 Oct 2023 07:00:00 GMT",2026-06-14T20:41:29.980637,cyber_grooming,True,False,candidate,https://www.pib.gov.in/PressReleaseIframePage.aspx?PRID=1969156&reg=48&lang=2
online grooming Tripura,ASSAM RIFLES IN COLLABORATION WITH NIEDO AND AXIS BANK ORG ONLINE EXAM FOR SENTINEL CENTRE FOR YOUTH OF TRIPURA - ibgnews.com,https://news.google.com/rss/articles/CBMi2wFBVV95cUxPakRKMjdySmdfT0htSWxPVFQtaHByOElud2ZPSGVKamF4QU9Ub000STRITVlrdjQwblBKRDhicGdjZkpXNEV2NEtVTm9GNVQyRkFEQUpzbnh3RlF3SkN1LUpmUkdmYVJKcjNGX1AxNHlIS29LUHNBZHhSSUZoU0w5Z0tYMm0zOVZ0aUlrRnZHMFItRGdHUUg2LWRoMEhzU3ZZcFVkUm5jZ0lsTGUzdDlkdHA3TGk1cm9mYU92anBrVW1GWm1DNG1mQWJYeW81eEI0VjloNjcwQTVjbEE?oc=5,ibgnews.com,"Tue, 21 Nov 2023 08:00:00 GMT",2026-06-14T20:41:32.038189,cyber_grooming,True,False,candidate,https://ibgnews.com/2023/11/21/assam-rifles-in-collaboration-with-niedo-and-axis-bank-org-online-exam-for-sentinel-centre-for-youth-of-tripura/
online grooming Tripura,"TBSE Result 2026: Check Tripura Board Madhyamik, HS Result Online - Jagran Josh",https://news.google.com/rss/articles/CBMidkFVX3lxTE0tVi1GOEdCdUh1Mk56REI2cnFQX1g0WER0OEtKTzhyYUpWNENxSGZ6OUVMTm11dE9XWEdrSnpnMjE0NjJFcTJaN1kxVDFOSEw5MUdKelZEX0hKaC14NWs5ejJnNjJtNUZWR2JjVmhoLTVDNWFicEE?oc=5,Jagran Josh,"Fri, 08 May 2026 07:00:00 GMT",2026-06-14T20:41:32.038220,cyber_grooming,True,False,candidate,https://www.jagranjosh.com/results/tripura-board-tbse-result-145556
online grooming Tripura,"Tripura Board Result 2025 Class 10, 12: Check TBSE Result Online with Direct Link at tbse.tripura.gov.in, tripuraresults.nic.in - Jagran Josh",https://news.google.com/rss/articles/CBMi6wFBVV95cUxOdmpUNEZjVTZMLUxjb2JzMC01M0NCR0ExMkhVTFprR1FDTURtLWQzalk4SlhVUFNudWVGSThWYU9RWWRCNEN5UWliZllUZlZVeXI4cVhyY2ZMZWRxZG5HenJEVWloNVBKSm1TNTVEc0QxUnYwMXlYd3dEd3dSd0RlZXpkMmduNHJlQTJ5WlBkcTQ1V040VlRSb1NST0R4NnB4ZzhIcEZZVFR0c3QxeC1uWi1VUmstb3FSbEFfUzNscElmWVBIVFgxemE1bU54YUM5ak55WXlvQ1NjNjk5NzB5WTNhaHdQenlaNVlJ?oc=5,Jagran Josh,"Wed, 30 Apr 2025 07:00:00 GMT",2026-06-14T20:41:32.038229,cyber_grooming,True,False,candidate,https://www.jagranjosh.com/news/tbse-10th-12th-result-2025-date-and-time-released-check-tripura-board-result-at-official-website-tbse-tripura-gov-in-175731
blackmail Tripura,Four workers injured in Boxanagar amid alleged demands of extortion - Tripura Chronicle,https://news.google.com/rss/articles/CBMiqwFBVV95cUxQMDNTYkl1TlVzWXpiRUlMWGpNTE80cDlvMm5xOEVzRXh5d1hnLXhfNWpLVnpEeGxuTUFiLVVJZUYyaHNtXzQtSzZZd1dMYktjamxfbmQ4V1FwOTFPMC02WWxhUlhxU0xsM1RjUmZEZWZqcDVTejNBV0Z4NnN5TW5WYm11bl9XX1JFXzFjb0E4ekUxc0tnaDhpSmtPNDRvdEdoNEZCY0hCYWJHTVk?oc=5,Tripura Chronicle,"Wed, 03 Jun 2026 10:22:19 GMT",2026-06-14T20:41:37.050485,blackmail,True,False,candidate,https://tripurachronicle.in/local-news/four-workers-injured-in-boxanagar-amid-alleged-demands-of-extortion/
blackmail Tripura,Tripura invites Russia to be partner country in biz conclave - The Times of India,https://news.google.com/rss/articles/CBMi0gFBVV95cUxPVVpWQy1TN2NmVFpzdjVacjYxdEkwTlNoMDM1UGpHTHFrdFpwMG4zS294X3FHMW9fd05rT2dma2RITWR1SjlYbVc4NlJrcHJ3bGIxS2t4czVRZmdGeE5UZk16cW5fdWYyUjVmZV82UmtSdjFVN1BUaEtwdFplVmV4c2pkcWNlaURERHVVM1dsRjNuWm9ydnlJejBqdFMzN0UyUjFMYndMWHIwY3gweGRDWHJwYzNsNm1HSTdnY1ZBVS1YMEp4Y1lKNjZrcURZeGs5d0HSAdcBQVVfeXFMTmNSa3VyZG9zelVTTVBKdV9mdm55ZzhwMDgwSjZ5aTZwWU5jWG15aXpKSGQ0djlhcjN4WDVydjFhQ3l0c1hvZnd5aXR5NENYM25BYnUzUWhjcDQzdWlaZllyazdsNS1ac0x4U2wtZXVLa0xTRUVxMTdjQTdlTUt4bnRpc1pxaHdicGYzUEUxSjdBTktwRUVaRmpwWHptR3VkYTN3VDdITFBUNkdfZGt2NHhDQ2NDcUQ4bE5fdU5VQzM4dmp5REt6dWRSdFlaWGttUE9QQXl1Tjg?oc=5,The Times of India,"Mon, 18 May 2026 07:00:00 GMT",2026-06-14T20:41:37.050511,blackmail,True,False,candidate,https://timesofindia.indiatimes.com/city/guwahati/tripura-invites-russia-to-be-partner-country-in-biz-conclave/articleshow/131183847.cms
blackmail Tripura,"""Tipra Motha creating violence out of frustration"": Tripura CM Manik Saha - ANI News",https://news.google.com/rss/articles/CBMizwFBVV95cUxQdlJBTkdWN2hhMnprVW5NeXY0NXRXcW1WRGJnY0M0M0ozdUk4Q2VJQXh6NURNalBEZC0ySldDbWNJNVRnTWx3dlVDY1ZZLVhxUXpYa01RVWlGbjVDQkdtSTN3NW1xZHN5REhNX2h1ajFrQnpYZWFIaXdHdkJSeUpYV25QbmF3UDJ4Ni16Q2ctZ0RpZE1fanNVV196ZWstUHZHRDk0azBCYUg3ajBmeHcwd1NpU0dETllRWXA2LTN6Ulh2N09VSjdoZjltRElBU2M?oc=5,ANI News,"Thu, 02 Apr 2026 07:00:00 GMT",2026-06-14T20:41:37.050523,blackmail,True,False,candidate,https://www.aninews.in/news/national/general-news/tipra-motha-creating-violence-out-of-frustration-tripura-cm-manik-saha20260402044808/
blackmail Tripura,"'CM Go Back' Protest Raises Questions on Security and Democratic Norms, Tension in Bishramganj Ahead of TTAADC Polls - TRIPURAINFO",https://news.google.com/rss/articles/CBMiggJBVV95cUxNamh5RjdwREtkV1NIckoyZzZtSjhZLWEwR0tYLVdkbnRNMzVtdGZLMHk3VFJfR19ubVAxZm5Eb0dwV19OZXpaRXdqai1TRWVTcHZUMDl1YzJIRHhXNmF2M3pvWGhqTk5fY2RHSmRINnV6R3ZmbnhYSVlqZFNFOGVtQTcwTmk0bnZqdmt0bjBZVnpYVk8tOTRyNkxXcDc0bzVRLVFPQmhaekJSaGhRQUsxd0JWa2h1SjFCcVhOdGo4SHMteWNNd0pRQmstcVFHYWFKbG5MeTRSd1dpT0VyWndOTE1mRTF5bjYzUy1sa01fdkh6QjlfMU4tNjFTc0s0bU5FM0E?oc=5,TRIPURAINFO,"Thu, 09 Apr 2026 14:01:13 GMT",2026-06-14T20:41:37.050546,blackmail,True,False,candidate,https://tripurainfo.com/EnglishNews.aspx?intnid=5929&title=CM-Go-Back-Protest-Raises-Questions-on-Security-and-Democratic-Norms-Tension-in-Bishramganj-Ahead-of-TTAADC-Polls
blackmail Tripura,"Tripura's Latest News, Views & IT Portal - TRIPURAINFOWAY",https://news.google.com/rss/articles/CBMihAJBVV95cUxQWFVpeVJqOUxzMlczN2R1T21XVVJSaThLNlBPLVhJNUVmMUFUa0hrRTZvMjA4SlhfdG9YT2RUODN6RG1obWVRSFJyMFhJUnA3dVdyMWxQME12ekswdnUtenFxaVQwNkc0cTR1VGpHMmI0ZGszVW9HUHFSWjE0QWZ2dExBR2JLU0Y4SG90T25vQWhzejU1QmlQUzRrWnRmZGxNTndXRlNadVREdXBBcWFWWHRvcldKSFlpN05wWmRGOGRqcFhmMzItSjJ0VlMwcDlnZmRmVFltN3V3ZldXc1dneWtlUnVfQkNNUUhCWGhwR3VhcVhwUXd3UEk4eXJXVU5fTFphdQ?oc=5,TRIPURAINFOWAY,"Tue, 10 Oct 2023 07:00:00 GMT",2026-06-14T20:41:37.050580,blackmail,True,False,candidate,https://www.tripurainfoway.com/news-details/TN/184500/police-traced-money-transaction-evidence-between-controversial-blogger-saikat-talapatra-amp-and-a-blackmailed-victim.html
blackmail Tripura,Tripura: Strict BSF vigil along border with Bangladesh after scuffle on Sunday | India News - Hindustan Times,https://news.google.com/rss/articles/CBMi1wFBVV95cUxOczZMcDlId2ZDdWpsSkRTZ2hmV19wMDh2Wi1oWTJTenBfMDgwdnZPWUZDRE4yZmdpd2ZwVVZZbGt0U0JhTFgxdnkxT3lqZTA0MmtDWWJTMHhkY09UX2tUM3J5Mnc0WUdPSnlHNUxKYUJRYlNnaF9GQ3RDRGFkYXc0SGVGN1dNNkdfLUJjMmRLcjJWczlEMDMwR0pLTWpsYnlvZURvbUl3Z0NnNlo5dF9QOVB5cHA0TFhQTjJzOWx0NFBNcHEtU3l6MlFQS2RwUkxiLUdFbmxJWdIB3AFBVV95cUxQVC1zWWxhMi1fRjZWeFhKUmdFWS0xQ1NzMFJjbDcwZi0wQTR0RWwta3FJQUpFV2FuQmk3T3VGVzlUX3JLemdFTDlsb2lqTmVSZEJOc0VtdHdITUJYNklndzcyNEpqbzA4X2NHWlA3dmpVa01vT3h3Sm4wQUVvQkpYRmNBT0V4VHFiY3pJV3I4VzFqeXNPN2JjVHdodTMydWtYV05Jc1k4WVlTeEc5WDhUR25TcFRFYWJJc3hTZEFKc1J6bUV1azY3MXZuelREeWlsUXhodW9tZFFOQnRs?oc=5,Hindustan Times,"Tue, 28 Jan 2025 08:00:00 GMT",2026-06-14T20:41:37.050626,blackmail,True,False,candidate,https://www.hindustantimes.com/india-news/tripura-strict-bsf-vigil-along-border-with-bangladesh-after-scuffle-on-sunday-101738077713318.html
blackmail Tripura,Tripura: FIR filed against female police officer for allegedly driving man to suicide - India Today NE,https://news.google.com/rss/articles/CBMi3AFBVV95cUxNZFFEbDliQTdvNmg0VVMtR1IxZ3MzWklNclM2QUl6dGRWOERCeDJTajZGb1hOX2VhUklyMVVrYVJiYU1SVkV5R3hRaGY3ekh1aDdVYlF1R01QZ3NPN3ZLcFFxcW9ldFMyaUtMVjZRdkJPSEZidHcxNk1BX2RUNjFsSlRPVldXWFhXX3JSMkJfRzJnejl0eWlhOWNZQWgwa1V6VTZjMV8xS05fMmtDNXZaRFM4dWVuVkU5SEZDZG1ZWTgwRTVHWjZ1bldEWkwtUW1pcTdYX0lhLXZEOFhK0gHiAUFVX3lxTFA4N1FnUmxSRXBERlhYU3pSb0NxZ3ZLSFJETFlBRmljbzVYaHRSQURhWG1rYlFTNDQ0NUtsS2VJT3RzODQ1UDZ6Vk9qT3VIMDYyaVhXSjBPTjFmV21FeXlkSzFsUWlVSG1nVHM1Uzd6UzYtYnBuYXZKNE5hQ25SZjUzc1FUeHl2S1N0WFV4Q1AtS2dUREswUHJBb2Q0bHpxd01wakE4dmk4Si12RURFcGduSGhqRzdjbFVmTE9wclRzaUJGUFNHWHd0d2o5enJ6UVo2R0ZCUUlUYi1UZ3NhUGZBQWc?oc=5,India Today NE,"Sun, 16 Apr 2023 07:00:00 GMT",2026-06-14T20:41:37.050648,blackmail,True,False,candidate,https://www.indiatodayne.in/tripura/story/tripura-fir-filed-against-female-police-officer-for-allegedly-driving-man-to-suicide-543814-2023-04-16
blackmail Tripura,Illicit affair with elderly lady: youth ends life - Tripuratimes,https://news.google.com/rss/articles/CBMilgFBVV95cUxQdXh5RHg2MDBScmk1UzRLY1NtUGVmNGl0d3g4OGpuLVFNVFBtaW9DYjFnTkQ3RXlxUmRxTnEwWk9COWFscjIwUmZ2Y0N2MlJQb1pHcE9LSEpoX0cwT2xkMkw4TkotbXpjS1BXZUhIQU9fQlg0aFR3OENJMW1ndGpaMDNLOWpoeUZmcU1XVDhZMVl2V01ILUE?oc=5,Tripuratimes,"Sat, 19 Jul 2025 07:00:00 GMT",2026-06-14T20:41:37.050670,blackmail,True,False,candidate,https://tripuratimes.com/ttimes/illicit-affair-with-elderly-lady-youth-ends-life-29729.html
blackmail Tripura,Man arrested for blackmailing woman using vc screenshots - Tripuratimes,https://news.google.com/rss/articles/CBMioAFBVV95cUxPYVoyODZZX0duOVpBQUxtZjRueHByOEg5b1pRY3RQd0M2alZIREs5VkdDMWhfSEJfaHpvSDQ0YUx6OU91eE1mb1lXMkFjdDVkOWY2WmtOeVc4dlRtMnlzc3BBUko2WTdIMEY3S3FtRmZLY3NFSnowbkRYVGJoTUlyOHJNbDBHZlFQSUpYSWxwV3NNam1hazBTUWFPSXBYRTV5?oc=5,Tripuratimes,"Tue, 14 Jan 2025 08:00:00 GMT",2026-06-14T20:41:37.050682,blackmail,True,False,candidate,https://tripuratimes.com/ttimes/man-arrested-for-blackmailing-woman-using-vc-screenshots-23554.html
blackmail Tripura,Tripura's peace may shatter by new factions of terrorist groups - TRIPURAINFOWAY,https://news.google.com/rss/articles/CBMivAFBVV95cUxOdjBuYWFhTzVyZWt1aXEyRWZtTlBlOEwyWUphSGVRVXlRYWJLWUQxZi1VUExzV3d0cjlRamxfWmgwVjcxcWNXQWVmOUhmX2RKdGxIbTQ0ZUFfSENaRklzbDdLT1hQQS1Fa2l5Qzd5eEJmenFYUTdBdlU1Um5vZjZocnhLYjJwTVd5R1AyWmo0QUYyM1NaRVZWTjZqY05oWlVuWm9EeE5lU0tfWnIzT0Z3LVhuMkFzVmU0Q0otNg?oc=5,TRIPURAINFOWAY,"Tue, 24 May 2016 07:00:00 GMT",2026-06-14T20:41:37.050693,blackmail,True,False,candidate,https://www.tripurainfoway.com/news-details/TN/54949/tripura-s-peace-may-shatter-by-new-factions-of-terrorist-groups.html
extortion Tripura,Tripura: Local Businessman Brutally Attacked by Local Mafia for Refusing Extortion Payment at Kakraban - Northeast Today,https://news.google.com/rss/articles/CBMi1AFBVV95cUxPT21LT3Z5amk5ZGd0MllpMmFXSTRMS3NyQU8ySU9XVjNlTG5tR3Q0VFo5RHpxYzVOWHhRLTFtMTMtbzMyX3h2QVp0a3lyV2JHdVJTUXNudWJ5S1VITzZFcmtSMjYyOXc0SkhTeXRRUTB4Uml3dlZyOFFfN04yM1ZUajlZeTFQaVR1SjkxaFE3d0VvODhmdGlGSC1sMW1JR3lzVWJNQXM3cHlFcUxDR0VWMlZrZXAzR2NCOF9oWTc0a1RUNzhzbjU1UkdSS1dMQ0dld2NCXw?oc=5,Northeast Today,"Mon, 17 Nov 2025 08:00:00 GMT",2026-06-14T20:41:42.273198,blackmail,True,False,candidate,https://northeasttoday.in/northeast/tripura-local-businessman-brutally-attacked-by-local-mafia-for-refusing-extortion-payment-at-kakraban/
extortion Tripura,"Durga Puja 2025: 2,965 Pandals Across Tripura, Police Warn on Donation Extortion - Ukhrul Times",https://news.google.com/rss/articles/CBMiZ0FVX3lxTE16enhTaWtVc0dOWE1sUEhESnJvcU1keU5IMUVRN0dXYm5rYWRnbjltUnA4TmwxSzhYN3I3ZlpHdnlPcWtYUzZsVVgycHRZTHpyUEN6SkJuRW00cVV6eERKWlhPS01leUU?oc=5,Ukhrul Times,"Sat, 27 Sep 2025 07:00:00 GMT",2026-06-14T20:41:42.273204,blackmail,True,False,candidate,https://ukhrultimes.com/tripura-prepares-for-durga-puja/
extortion Tripura,"Brus resettled in Tripura demands probe into extortion, urges for action against two leaders for harassing families - India Today NE",https://news.google.com/rss/articles/CBMihAJBVV95cUxQTWt6MU10T241clRpVXZic0xueUpDMGJxMm9CU1hUTGI1UURmTU1xNUVsR29TWC1qTGIyeEZ2a0pTaHd5dGpuNGpLTGVSLVBWUXdGZTRveFd6bWlHLS12RXFmbGxha0tmZXZIY0hxcjhlRFE1Q3IyMWluOHRTUU1UaGFFNXdnbERWYzlsVFlKYlh3UjZOMDlPSUpjR09DYkhxRU96N3lnQkw2SzZZUDh5UVpEc01TS0pnWDJRXzFqM25pS0FRQTA0M3pFSjBiZ25hUm8wOWJIVVV6U2xyUEJXWGg1ZnhYVnhlak1TenFrV2tsaXNFUGNBQVlPTi1ZTkZVQzlzLdIBigJBVV95cUxNRVVhWXBjbklxY3pmQ2lfYXUzTEZtZktWN2dRcFJ0aFAyUnR4Uk94UmFsTGJzVjBoTmFXVjlWZk9iOVhGeGdJNWtGM0JmMFg5aHM5dVV1OE5JaFZaMWp5ZVJ3SnNBUkl5LUVhQzBBdVYzRXVJOWU3c1JRdkxPVEVtMEVyNHVULXZ6M1ZsdWlqdFJRUXYtUk9wSUNacFFWd2VNczdybVN0eGlGd2JkUGNnMW9lNk85d3RFTW5NWUU1MWJ0N24tMnlhSW9YVWxySHF2TXhWMkJTS1FLMWxKZ1hWTDhSZWRvbTFRazEyT3I0blkyNElrN241R3VaSUFIWDJRU2g1c0VzWG5lUQ?oc=5,India Today NE,"Sat, 23 Sep 2023 07:00:00 GMT",2026-06-14T20:41:42.273223,blackmail,True,False,candidate,https://www.indiatodayne.in/tripura/story/brus-resettled-in-tripura-demands-probe-into-extortion-urges-for-action-against-two-leaders-for-harassing-families-682956-2023-09-23
extortion Tripura,"Extortion notices demanding Rs 200/house reach Tripura-Mizoram border village, 18 yrs late - ThePrint",https://news.google.com/rss/articles/CBMivwFBVV95cUxPbGpCT3RsR3JXOVZiTjJSbHUxMldGa3ZPQmFfVWU3RkNFQVpsNUNuVzFtVTFKSV9ZNVBLa01QMzkwRHY4cnh3c3A1NWFwSHE2OVVvRVVZZWxzYzZiN2N6Mmk4NHZHcUtnVDRlTDJ0VFJzNzlwbS0wUHJleWkyN09xZ2FoOENsZ25MeDBYLUl4bXRLZW03VTRqMUdtNVRQcS1PQzBxTWdmejlRUXZGN3VOa1NnOEZQRHBDeUdjc1VVd9IBxAFBVV95cUxNdVlZanptTkhhMzRZMTVubXB0VzJiM0ZYd2dBRVZxU25QMDAxczlCWWtRaUZlS0l5dXo1Nm1YTzY5dVVRWi1GS0dDWmFpcUJCSFZTdzNVMElFV0c2RFhwX2FmYmVWM2xTcW5CbENxSEQtcENGak95b1FCTWJldk0zbmJxVUw5UFF0bDVBZzM4dmhIQVpxLXZjQTRLVWk1LUZCcTJud2FPUWNtdXdxaDU4dUFSRmhBV0x0TlFNVFhqTVh1ZUV4?oc=5,ThePrint,"Wed, 04 Nov 2020 08:00:00 GMT",2026-06-14T20:41:42.273243,blackmail,True,False,candidate,https://theprint.in/neye/extortion-notices-demanding-rs-200-house-reach-tripura-mizoram-border-village-18-yrs-late/536761/
extortion Tripura,Former Bangladeshi IGP linked to arson attack on 17 Tripura Christian houses - The New Indian Express,https://news.google.com/rss/articles/CBMixgFBVV95cUxQZXRPM3Bpc1NsbU9ib0RIS3BGRENIY2tPME8zN3J1MFBJV2JVY1BHanJnWmhhTmF3UF82XzNxOU9mR29Ld1RiWUJqRzRJdmY2dkxoQkw2S0tUVzhKQkNFZUV0cGppYWdMZ3VxNE1RLUFNTXZFckVhdGlCbUtwMmJMenBhckdpQjNvM0tBMDRpS2p0M1dKNldJLUxLUkU0cFNqYjB5YlRpaDZtWm5WNXk4T1VVWnhIZjcyMUR2T3J3VmVaUVlCb0HSAdMBQVVfeXFMT2ZOZEtZTXVBOW5PdDRucV9UcHNyQ01qeGljY2hyOHg5YXdseTVNY25WM3BDbmx2UktjX1hCZmVWYzBhdUR1VHhnallreXpfc0JjeEpsWjl5bzBKMU0yUHFwc1Z5ajZxVFcxalNHMVV1QTRRcVVZRnNldmxmdVJ0TTRSYkNYT193T2twU2VnSzVNZmp0QUpTeGdfYlJqQXRJb2hqVzgxMGRiTFdyNU42SkpYS2pWNUwzSEJId1pSNHNvSzRqMzZOMzUxODdHd0dtZ0NXaw?oc=5,The New Indian Express,"Sat, 28 Dec 2024 08:00:00 GMT",2026-06-14T20:41:42.273255,blackmail,True,False,candidate,https://www.newindianexpress.com/india/2024/Dec/28/former-bangladeshi-igp-linked-to-arson-attack-on-17-tripura-christian-houses
extortion Tripura,Senior advocate in Tripura charged with extortion in connection with case involving journalist Saikat Talapatra - The Indian Express,https://news.google.com/rss/articles/CBMi8wFBVV95cUxNV0xPQjJXclVKUnl0Q2JNMUJPRmRscGVJdjdIVjdLOElfaS04SUo1dzdwb2swUTdFR3lFcWNwV0xIQ3BQN0JRV1owUnpLM2k1UXFLZ3ZYZXdoZzdQNUMwWXpyN1hGSVJNYWI1eDUzRUJLX3RsN1NPV1ZZY1hkZGpmTHpUTnY3NHM0cHVlVE5QbXJhdlh2bEpuVHo1SkFRUjJsNE1udGQ1VXdyQnZYeURnMVhiaWRURW1PNEFLUFRtZ1VGYWJod3cwUlo2TGVGeldvdzNRbUxHb05sTmkzMWNudHNHRjVxT0gyT3RjVWFsSHRxdnfSAfoBQVVfeXFMTTZMbGxxWVpUOGR1R1dTY01aNVpLMkNIRUZLdXc5bGRRMHFpaFpPZkJmUi1Bb2c5MTAxYmpZc0ZxTUl5VWlaN1lGS3BJa3djeEt2LW40Yy1fbUZFek1sQUJBMEotQ1lYWGlDazltZ1lMMVAxZ2JfZDZLd2h4UkkxdUV2QlZhRFdBeHdPZXpNcXg0T184SU0zZkQwckhZQ0tJOEdqQzB4OS1JV3lWUTlzNWhhekJEekpBMHpVal9wQnN0XzNuWU1LMzhaZzhFaFcwV2xQcjVlN0hBdEt4bDh5dUtsdURGS2phaHFzQWVjeUc0LWdpM0UtSFpwZw?oc=5,The Indian Express,"Tue, 17 Oct 2023 07:00:00 GMT",2026-06-14T20:41:42.273262,blackmail,True,False,candidate,https://indianexpress.com/article/north-east-india/tripura-advocate-charged-with-extortion-in-connection-with-case-involving-journalist-saikat-talapatra-8987022/
extortion Tripura,"Tripura tops NE in PM-KUSUM scheme, CM Saha hails ‘sustainable progress’ - The Assam Tribune",https://news.google.com/rss/articles/CBMiswFBVV95cUxPOXVwREtXQjNRWUNXM3NkZDM1TmM3YU9qSnM3WTJiazk5T1JTQ29xT1hYdUl0QTk0MFAtX1hhc0J6MEhtbkxNRTY4WDJKY2I1bkZPb3NNbU80M3dRenZjTDJlaWJpWkNsZWo2SzIwdGxOdThwWW9FYXdvcE1QSzdOT1RiM1R4cmFZVGpoTGJnVkc1YVdrLVlYeVl3SWpFS1ZOaHlfNUl3SkFwUjNrcktqb1ctSdIBuAFBVV95cUxNSFhfTGxIQmYzVVVsekFjOEh0TTBFaGw4cWpueDNZaV9oM0NaZHJGYmhfQUVEaVdGdnZuQkZmcVZEdmpqRl9UZ0NIVllMNFBqellwOE1ESVVhRTFnalB2NDczTjVpVGlrMmlBREFpeEJ4M1JjRkp6YXZOR1J1a2VQZnZScmVJeER1QWlXMEpMSGtYdVNxdFdPRElDWXE1U0tqNEgweW52VHhmdWRaT1pEV2hpUUdsQWhE?oc=5,The Assam Tribune,"Fri, 31 Oct 2025 07:00:00 GMT",2026-06-14T20:41:42.273282,blackmail,True,False,candidate,https://assamtribune.com/north-east/tripura-tops-ne-in-pm-kusum-scheme-cm-saha-hails-sustainable-progress-1596410
extortion Tripura,police ramps up security measures for upcoming durga puja festival stern action against extortion - Tripuratimes,https://news.google.com/rss/articles/CBMi2AFBVV95cUxQYjF2NmdoSmZkdzUzeUR6dHBScUJjVnlKWVlDalRaQWdsWUtRTEt4NDhxSnhrX0JsQUdSbjBvV0Y3Y1N6M3JkLVhaZlJ4cUxKeG12aGxNVnlBVzNJQm5IX0NyS0RTa1MxY2ZDaWMtcW5GRUJYVnVHQkZrTkExZ1Z6V0xUa0s4Q2pGWFcxZ2s3X1poekV1UURvVXdCYVpsYW43UVB5Mld2TEhiUXpZNlB0ZU1ybVN5R25UTEFHcnREZkJzVy02WlloMzl6ckJHVXJNMl9HVV85VEY?oc=5,Tripuratimes,"Sun, 29 Sep 2024 07:00:00 GMT",2026-06-14T20:41:42.273302,blackmail,True,False,candidate,https://tripuratimes.com/ttimes/police-ramps-up-security-measures-for-upcoming-durga-puja-festival-stern-action-against-extortion-20184.html/
extortion Tripura,Tripura’s leading businessman Ratan Saha elected as EIMPA president - TRIPURAINFO,https://news.google.com/rss/articles/CBMizwFBVV95cUxNSFhERmNBd0tiTnFSaWw5R2ZfUWdJcjFUMzRfb3lmNjhScEZXd09Lbkt5QXFaeVZaNzJRcnM3cjFFMWpWMWxiWE0xRFp4QUZFVksxRWxwRExIclJFRGotUUxfOTdsMUN3ckdJUTVjbDUxYXREZUtyZDRaQTE0amNRaG5PYmlQekhQN1BUOU9zMjVFaGNibVMzd3NZX3M2VWR0QkNQSC05TENFV1ZuSDlvMjRPZTFRU3hJbm1sT1NIWXlVeDh0TWJNckdOb29ac1k?oc=5,TRIPURAINFO,"Sun, 24 May 2026 09:29:33 GMT",2026-06-14T20:41:42.273308,blackmail,True,False,candidate,https://tripurainfo.com/EnglishNews.aspx?intnid=6579&title=Tripura%E2%80%99s-leading-businessman-Ratan-Saha-elected-as-EIMPA-president
extortion Tripura,"Tripura's Latest News, Views & IT Portal - TRIPURAINFOWAY",https://news.google.com/rss/articles/CBMiywNBVV95cUxQTm9GTXhJdnFMZHg0WU1vcENRajRPOUY1aGs5MG92UFp0SjJTWXFIdnFtMDJYUWpwLUZyUmVTcFdFc1NKcGZnRS1Cd3I4SFMtOExPSVoyZWtpTDNyekVqcFVUZTYwNkNtemg0NG1uU28wNDRkMmpXYlZXUHNlTHNlTnlveGtiZktUajd5X19MdDF2bW85VER2a09QVjI5dWg0Z2dkVWdSczFlT0pzLU1Ick80S2NJMmNKQi1ocHhuWTF3RmtyM282MTZfdGw0TV93eklEdEJkd1pkX2huY1hYZnJCQW1nQjB2eHFrVFlJZjF5MUhsbUJlODlpOV9uaHJMTlg2UmRhVVh6SlVuQ0REWFNzbmFPM0hRT0djM2tVZzYwWHdVR05NSGVwSE1vYVFZbEZLbmk3ZDVDX045Y1dXWHlZanpzQzZ0Vkg1Tk5VMmV0QWJPRTZFalhoMXI2R29YR0tNZzVhZnpuNTJmWGJNSGpkOXdrWmhJYjBRX3V4LVQ5V2xiNHBJV242S1ozMkdwdEpScGgtRk9wZ25LR294R0xrQ2J5ZVAwVjhKbndTNEZSV25yTzJRMXl0empvZzY2VXBFMnJOYWg0V3M?oc=5,TRIPURAINFOWAY,"Sun, 11 Nov 2018 08:00:00 GMT",2026-06-14T20:41:42.273314,blackmail,True,False,candidate,https://www.tripurainfoway.com/news-details/TN/118409/ils-hospitala-euro-trade-s-criminal-style-extortion-from-patients-in-emergency-brain-stroke-patienta-euro-trade-s-bill-rs-1-1-lakh-within-24-hrs-in-the-name-of-specialist-treatment-but-no-night-specialist-tmc-bram-govt-doctors-saved-patient-within-10-days-treatment.html
extortion Tripura,"Tripura LoP seeks reconsideration of 10,323 teachers’ case after Bengal HC verdict - The Assam Tribune",https://news.google.com/rss/articles/CBMiwgFBVV95cUxQY3JFUXRGT2lNdnJHaVVJb1prdXBWRk9kR0JWYXdEN2ljOGxEeVpsUkZRNnFueTV2MnhBVnZBOW5wVmd6MFdzT2x1Y1IxWV9RY0JjVE9sT3ZHaTAtaDI3Qm9HX2EtUktBMmRKdTNGaF9sQXMyUUpxcE5vVEUyUzZFUFJ2VTU2T2JDRC16LUhIOHVnWXVXTWgwRzVwSUFfU1ZiUXJEVVJTQm45bTN2Q25lX1VuZHJoZUVkdkRmOTBTamJUQdIBxwFBVV95cUxPOTNsS2NfLTA0NE5JQ0ZzZmxrQ1QzOUxTRzI3dUctVndiQ0xmU3AxbDgyXzVfOGE3UVZPU0N5WFQ3UU9Dd1dpNng5SGVQX0NnWFFlNnhydGJnTlBPMUNudXhxZEpEb21IOWhGQlR2RXBJMHdFOTFMN1pJRGJCOEZReVZjeGtKTE1qMEFTakRPUGRDa3BPWUZrOVpNalAtR1duUnM2MzFMMzJzU3k4WnJKVnp0cjZlTFpKeUVXUV9ScFhjTUhUMWNJ?oc=5,The Assam Tribune,"Sat, 06 Dec 2025 08:00:00 GMT",2026-06-14T20:41:42.273321,blackmail,True,False,candidate,https://assamtribune.com/north-east/tripura-lop-seeks-reconsideration-of-10323-teachers-case-after-bengal-hc-verdict-1600386
extortion Tripura,"Stolen cars used for extortion, in crimes against women in Manipur, 15 vehicles recovered - Tripuratimes",https://news.google.com/rss/articles/CBMiywFBVV95cUxNUE15QW5xeFpYUjUwaWV4T1pMWVJrZDJ2Q2t1anUzOGhEM0ZKZ0htR3MxaWRVZ21taVFuQVd6VHM0cHdYbGQ5X2lCSHpSY2t3N0x6Q0k5cXFYYXBLT1R3dUJqSFV1ZGZqLTRVYUNFRGZSbXppa1NaVnZETlpkS3NBaEZhV0xPLVJzeXZqUEEyZWhPWk80bEhTZUFVcHh1T3ZIbGdvMTdsUTE4SzZBc1d5OHVWNmMybFk4S1VVVTM1VFRiQ1dnMUQtZ2wwUQ?oc=5,Tripuratimes,"Sun, 23 Feb 2025 08:00:00 GMT",2026-06-14T20:41:42.273335,blackmail,True,False,candidate,https://tripuratimes.com/ttimes/stolen-cars-used-for-extortion-in-crimes-against-women-in-manipur-15-vehicles-recovered-25472.html/
extortion Tripura,Tripura CM’s brother Ratan Saha elected EIMPA president - The Times of India,https://news.google.com/rss/articles/CBMiygFBVV95cUxOTWZPVTl6c0FRc3RoV0d2ZmpKdU1YYl91eUxWZ3p4U0d5OUlwWUo1ck0xU1BZSThBTjRGdjV5TUtKTk1OQ2FtdFJkZWE2TXM1YWVWbFlMemZLNWlRRVlXNmswTF9HblFScHUwSlBnQWxCMVhEeGZnYVozRkNOb2xxUGJFMWQydVRNWUQtTWVmRmowazg4Wnp1TE1KM0k4cHd5OFNsekN4UURxTmxtTHU0QjktRlBMNnhrZjNTRDN2Ri1VM0VteXlSazV30gHPAUFVX3lxTE5oUWVtRzJxcHR0LXk2cm5vLXBLSTVTSkM1UjhHdTlieWpaUDhFQWQ3WGxQUVo1YlBjbUQ4akdsQXdKRDhtY3ZzMWNLcmlwaVlHRnlwWklxaXFrdkktS0E2T3hfTjRXY0pNeWJON2NQcDBGSjZqYmZhVnVfMVNIMWZnUlZnVWpIMG10Q0lLRGcyYU1mZzd5ZTd0ZjRLZnBJVWtwTEx1WkFzenpFMlZHc2lDb2JrM3NWMkdtZzJTMGFJSWMzWkRsR18xSE92cjA1aw?oc=5,The Times of India,"Sun, 24 May 2026 07:00:00 GMT",2026-06-14T20:41:42.273354,blackmail,True,False,candidate,https://timesofindia.indiatimes.com/city/guwahati/tripura-cms-brother-ratan-saha-elected-eimpa-president/articleshow/131295869.cms
extortion Tripura,"Violence Erupts in Tripura’s Fatikroy: Homes and Vehicles Torched, Unakoti Turns Battlefield - Northeast Today",https://news.google.com/rss/articles/CBMixAFBVV95cUxPZnR1WUlTaVF2Wmh1YVpnX296d0RkWFdlS3hBcmxJNlNxTHpla3p5VzlCMFB6MG41V2JpclJjT2taTVhTbGRPOEU0YTdHNlRKNVhWQndMemF3bnZZWU9zOVgwZU5kNU94aG9vZFNXN3NDSGR0Ty1ZN2xScmxmTW9HSHQ2ZUNzcy1jdlpxVXpPbjdVVG9jNmV0YkV4QmNINXFHb2hKeEptQ1BjRG85V291aTFPV2RYSDdValZtQVpENjhfUF9K?oc=5,Northeast Today,"Sat, 10 Jan 2026 08:00:00 GMT",2026-06-14T20:41:42.273364,blackmail,True,False,candidate,https://northeasttoday.in/northeast/violence-erupts-in-tripuras-fatikroy-homes-and-vehicles-torched-unakoti-turns-battlefield/
extortion Tripura,"Tripura's Latest News, Views & IT Portal - TRIPURAINFOWAY",https://news.google.com/rss/articles/CBMivwNBVV95cUxONjVaS2U5RVZobm5YcF9IeTFCekVzNFJLT1Vsc1UxUTB4ajRGUVEzZFBiblpWYVZqSWhnV3NaX1pha3ZMNGRlOXU2M25MZ1RuUWtoWk5kdTlTWUczYjlnNmRGN2FjX0k2Wmc2Z2RmblBmaG4xZjJpQTE4T2ljX0VoQlozMmNJSUhfRnd5dUJaT3FLMHpRR0MzY0dsdDBVNjdNRkRBVjVOYnBfTHZjcHpFSHJqSTJUcms5QWszSjVFMkpBTEZLY295cGppcm1nZWk1V0dEY2xLLXZwWmx2RzJRWExxb1lXcHVVcURjUEJudThEaEZ0Q2w3QlRSTFZXbzNiMlpUOXZpR0JTdTFFWEFFLVNDM1lhemJnMVNmNTd1azFvY0x6RUZNUlNpLThBdllRenBuT0VhWC1JYWZFa3M4a05Dak5SOEFUUHZ1VTAwRkVBT3JlNGhNYlVsZ3YtS2lYOWpFbF9WcUFpUmZuR1NVS0ptQkRsbWlaZmp4THpVY3F4Y04wd1QxdFA1WndmSkptVmZJaDRheXY0VlFUc2JTY1o2Y0d6dVo2TGN0UE9JazJlM19GeEhSZTlRQ1RYWUU?oc=5,TRIPURAINFOWAY,"Fri, 15 Mar 2019 07:00:00 GMT",2026-06-14T20:41:42.273409,blackmail,True,False,candidate,https://www.tripurainfoway.com/news-details/TN/124784/sdm-breaks-crpc-court-process-sdm-sadar-ashim-saha-rsquo-s-spiral-rise-under-bjp-motor-vehicle-inspector-turned-lsquo-nominated-rsquo-tcs-officer-under-minister-manik-dey-now-under-pratima-rsquo-s-blessings-rs-70-lakhs-bamboo-scam-to-various-irregularities.html
extortion Tripura,"Tripura's Latest News, Views & IT Portal - TRIPURAINFOWAY",https://news.google.com/rss/articles/CBMikANBVV95cUxNQmgwOW9abk1zRTNpYjYxZjNoa1c2ZUw5NjBSbjhfVFZORUE0TEplaGNpX0JDLVdIdkNjX01TYU5MTXBhc1JheDBQelhUZ2ZxWG4wQVRLR1B0UTZUUm9wTE1YVVZGSWM4S19iQ2RGdXk5RllCbENjdmRYLWxEb3JzTXlmX3daRjFQNzlWdEtSR0RJRE8tbXpHN0k2RzFpVjNXRE5IYk0ycDlVSExic3RtVm1lQXhmWVh0U0tidUZtb3RNWDVicDR2Qk5ZWjFOOXR1T2Q0TGVreV9ERUtJWWdFWHdGWjRQeFduRmJjNkhtd1dQUkppV0t1eUJlVERQSzJhVUhQQ08tazlSZXBZdTR3Q285Wjc1MmlJOEdoSFpOcWFlV1FReGVIS3V4YmNKTnBjallGT2h1NWxZZDNPZVNQQ0l5NFFFaEJjWkpiMlNOeGlJWE9wc0dIUjRzV3V4bW1qYW5manYyQTJROEN4YlFmaXVnR3Q0MVJGdkxGd3BnTllOVmRReDFGV1Bhd0oxNVBT?oc=5,TRIPURAINFOWAY,"Sat, 18 Jun 2016 07:00:00 GMT",2026-06-14T20:41:42.273421,blackmail,True,False,candidate,https://www.tripurainfoway.com/news-details/TN/56942/cpi-m-s-systematic-destruction-of-tripura-s-education-sfi-creates-indiscipline-in-ramesh-school-by-extortion-of-money-from-students-regular-teachings-hampered-discontents-of-students-and-parents-unheard-teachers-are-scared.html
extortion Tripura,Tripura govt to sign MoU with AIIMS Delhi to upgrade GB Pant Hospital - The Assam Tribune,https://news.google.com/rss/articles/CBMiswFBVV95cUxNYXRYV1VmWjE1cFgwbVFZWm1NNU00Z1o3THZCLU8zdjJFZ3ZSclcwT29ITmU5SE1CTFRvV3VidHRXTnUydk9yaTQ3MEdON2tHbmN0MUJDWmZZWGxYRkNjdDcyZEVCWC1KTmdOTkRtMXoyWjVGSVZxTEhPdG8tejRFa0h2YmdiUXcySURLZzRNcWQwWE5OZng0X1lfbmNFLUFRMHRVV3lJX1hDWVBWcGdhUHNDTdIBuAFBVV95cUxNMzRHX0JQWlQ4Q2ZRY1BFV2laVXdZX29Jd190RlZYdEZCRFpRaUpEQnpsNU9QZW9UeWdMaHNzc2FFWTBRN1F5MzZfNG1uNTdYTkwxbkwwMy1LekRVSUVWOVhYWVhtU25mVzN5V3NHd082WnRLQmhrMGJhZWp3TU1XWGZMRU5hZFZ6YmpHYlBHUDFESHV3X2FreGxLeUJJck8wWWozal9JREI4c3l4cVBBcTdyV3FuN1pl?oc=5,The Assam Tribune,"Sun, 08 Jun 2025 07:00:00 GMT",2026-06-14T20:41:42.273432,blackmail,True,False,candidate,https://assamtribune.com/north-east/tripura-govt-to-sign-mou-with-aiims-delhi-to-upgrade-gb-pant-hospital-1580309
extortion Tripura,"Rs 200 cr extortion case: Jacqueline Fernandez, Pinky Irani likely to be grilled together - Tripuratimes",https://news.google.com/rss/articles/CBMiygFBVV95cUxPbFpQb081X2oyTWdmNFJPeDBiM0MxUjhLT2dtTDJYcDNNUWVmcTRqRV9lSkRPTUpFUXRCTXNHVXJ3UXVVVU5KQkkxcUhYV2xTUmJjWVlldXk0eFllUnMwMlJHTk9UY084end3ZHRIRDBTeUpxSmg5TUNqalQxWTRFYWI5d0FSNHJXeDRDT1FrTGd0MzRnaDlaWTlxdGtvLWZkbnZ1Tzd1Z0xTWk01UjNCb180cVVlYk9TTnQzMDFyU0NFaXNDWW16ZWtn?oc=5,Tripuratimes,"Wed, 14 Sep 2022 07:00:00 GMT",2026-06-14T20:41:42.273439,blackmail,True,False,candidate,https://tripuratimes.com/ttimes/rs-200-cr-extortion-case-jacqueline-fernandez-pinky-irani-likely-to-be-grilled-together-2760.html/
extortion Tripura,Tripura: 12 youth join outlawed insurgency group NLFT(BM) - India Today NE,https://news.google.com/rss/articles/CBMitAFBVV95cUxOaFF1eDdBalhJZERvSXBUczFpLVNaN3pMWnVBY1BHUDhxbUxSN2hqZjhfWHBuVUxSYVhqUTF2NXdydkxRYlpwbFlPMS1lTms0c2xFX1pXX0FfTlVLWEZpVFJwbHBSYTRZTlNNTkl1TGc3N2VQSlhiUTAwaVFIcWpVbV85SXJ4cnNJYkM0V0JpaVlhcU5TbG96N1hnakd4WGFiUnFsTi1faDAzdGRHZXFyYWlVaEnSAboBQVVfeXFMT2N3T1BTUnNmZE9PaUpXQlQ3V3A3TFpyWkdHMlVhbFdZVG9pT2dCbVFJbmVPcUhSdnBad1Rody16QVFJQkl3YnZQV05TS0k3VWRkN3pTTVkwVDJJVXpFMXRSWFdGSG5HX184dW5HR1RJenpVczFtaElNV0ZyZjEzOVhnb1VLT25Hb1p1UnBmTkE5RUhBeWlqTi1yZ1RxWkF2ampxSlNLd3REZnBRdnVhOXZwN3htY2d0NUVn?oc=5,India Today NE,"Mon, 24 Apr 2023 07:00:00 GMT",2026-06-14T20:41:42.273446,blackmail,True,False,candidate,https://www.indiatodayne.in/tripura/story/tripura-12-youth-join-outlawed-insurgency-group-nlftbm-547571-2023-04-24
extortion Tripura,Tripura fish supply hit hard as Bangladesh-imports stalled - The Times of India,https://news.google.com/rss/articles/CBMizgFBVV95cUxORU9VZHVfMnlzM3dlRm9uaFFnOVU4TFdzOEJHSXhJVHdFRjhYS0RCMFphLW1LWmpIUElacHhRRDRXdldqNFBjQTJ1Qk9QZEdycnVDc3daOENCUUxiWTE2NDd5d2pTRTJJS1JPMEtrUnJDSW9pckpLX1p5WFFFOF9La0xjZ2VlUS01UmtmeVBobzlzeUViUEExSndzTWU5aWFhWXlrZHBaejhZeTY0N3pZQWJZczBmNElqcUs1N3ZNaGt0NUNLc05VSVh6a0JQZ9IB0wFBVV95cUxQVmd3SDQwRVpaZXZERHF1RkpHcXVGZnY5VDN4QTlNNGVKQ1hyOVpmSHNadlhYcTJoc0JNUXNIdmJ4b0hZOFg5Q0tlT3Y2SDFrTER1X1F1U2dyMy1aRWh3ODBPYnRiS3A1ZUxMU21ReGJScEJ6VFMzd0lmWEE1Y2FVcXFycWxOZktWNDl3QldJUWgtNTg3ZS15N180TVJmZzd2c0NHbFcxX3J2RXVSM2hPZ1ZRc3RNN3FBMnR3UmIzSWpvamZaM3AzdmJ2eGIzbFRZMjRv?oc=5,The Times of India,"Thu, 27 Sep 2018 07:00:00 GMT",2026-06-14T20:41:42.273453,blackmail,True,False,candidate,https://timesofindia.indiatimes.com/city/agartala/tripura-fish-supply-hit-hard-as-bangladesh-imports-stalled/articleshow/65974885.cms
extortion Tripura,Agartala–Dhaka–Kolkata bus service resumption to benefit Bangladesh: Tripura CM - The Assam Tribune,https://news.google.com/rss/articles/CBMivAFBVV95cUxOU1FIWVItUXhkSEN6ZGltYl92X0lnaHkwVDB1aWhnbWxSeGdkcDRPbzlPaGdJcVQzeHNBZ0dmdkRqcno0SWJjc2w2YXZuS2o1Z2JYbHFfQ1RsUVFGVTVQV0plVmt0N0dRblpHeHBQZFhaSnpuVnpJeXhEYm9NeFN0UkI0UXVoM1dLLTJ6QTNsQmdlRnltRWhlbFB6V0lSNEQxZ05Sa0dEVGZJVlpTOWR2M0hEQXphUldJXzJZMNIBwgFBVV95cUxNdkdOWlJKdXp1UGtGMTdWZnhpT3VJMmlXaUtGc3czbUlId3YtLThLM0tmSzdReTl1b1hRSDdqRXBhU0J3UVlXbHZXZkYtdnNRX3g2WnNicWhPZHNzNktnUF9qdDlFN0c5aXpPblYweV96T3hnUzdmMk9nSDdhbXhBQTJYM3hJYW0yYXdLZmYzXzV3X1BUMFpEcUM5RUx1R3dRNUt2TWsxaU1ab0d5Smx2TC16dXBGWjNQbXpLQngxY2FOQQ?oc=5,The Assam Tribune,"Sat, 21 Feb 2026 08:00:00 GMT",2026-06-14T20:41:42.273465,blackmail,True,False,candidate,https://assamtribune.com/north-east/agartaladhakakolkata-bus-service-resumption-to-benefit-bangladesh-tripura-cm-1608282
extortion Tripura,Tripura’s Udaipur floods echo 1983 disaster; relief & recovery in full swing - The Assam Tribune,https://news.google.com/rss/articles/CBMitwFBVV95cUxONVJXTHpKMDlBX19vM09DTTFCeE1BNDhMRmJRbjJhWEQ0RndZcFJfcHFQRV9qSEVIam5iOGcxRktpTVBHNGRJMVBub3Jtc1JfUjB3cVZteDJUQVI2WnlLbnBNWHFpSDYzdkVZam9tT1B5c29Qc1JUM1BEczdLdjVhcHdJY1JkUHYwWG9Mc3hCVFNQNV9Fak0tVTJLdjFOM21xaHdDX3RzZDNEXzVtR2wxR3dkeVhNc2_SAbwBQVVfeXFMTzNNYUExbkVtVzJYelhlc3RXaEhMVTg1NkZqUWVsdEdRbDJfTXJqQXdHVEk3NDAxS1pjX2pWWDRnV0tYbFFxTVRTM1dqdVU3a3NjX25EVWhvb2RKQVdKVEJCRzl4dWVpcDhOWFAzREF0eWNKVTBfMjVueVVJcG9aWUhlYlpzeklMMmtWTEV5SFNtYnZiOW5FSU9mQm9FVFhwVWR1eFBuaXRXRll0eGNWMWtkaTdqaXBfU0EzbFA?oc=5,The Assam Tribune,"Mon, 26 Aug 2024 07:00:00 GMT",2026-06-14T20:41:42.273471,blackmail,True,False,candidate,https://assamtribune.com/north-east/tripuras-udaipur-floods-echo-1983-disaster-relief-recovery-in-full-swing-1549232
extortion Tripura,"Tripura's Latest News, Views & IT Portal - TRIPURAINFOWAY",https://news.google.com/rss/articles/CBMi8AFBVV95cUxQOUQxVGNEdmVRUFhBS1lIbVFEakVCNC1TOXBXaGtaQ01HeTFZQy1aS1VsNzVCaVY5dzRPWDBzUnBHZGdNSTJiR09ZenczbTFsamJfYzktcGMzOXViLTE2RERJMkFiM3ZZVExGTTFHbFYwOFhybno3RTVkNlJ0c3hta0JhQXZSUGNQVEZLYTZLMGFWNFktR1VMNVZMckpqM2lVRHIwWUlaM05fdUY5X1ZlbUtkQVZBc2pscC13V2ZmOW9SV0tQUVc5UEtWMjFOQU5KaFJVdkNzZUNWYXRUQjVRRzdRem5CMVlDYkRxc3VhekQ?oc=5,TRIPURAINFOWAY,"Sat, 24 Oct 2020 07:00:00 GMT",2026-06-14T20:41:42.273484,blackmail,True,False,candidate,https://www.tripurainfoway.com/news-details/TN/151336/children-made-durga-idol-with-tripuri-traditional-attire-arranged-durga-puja-with-budget-of-rs-15-000.html
extortion Tripura,Tripura: Centre declares NLFT and ATTF as unlawful associations - India Today NE,https://news.google.com/rss/articles/CBMivwFBVV95cUxPTDZQSXRBVk9oclJDZlV0Y0lNcW5nbnRRZC1ranUtSzJQZzZ4OEJDcWtuT1E4TnFUdXZYQzJvQko3aTNhbXdhYnh4LTVWNWM1d2g1SXdlNTNaV0lRQndmbG9CWEdGVjJBUjFacURPbjZpOHJMZ3JkUnF4d1dsSlp5Vk4taGVxYUZTdW9PeUlkOWxsenMwb2w3aEpYOW5Jdk9FVFJyZld0UFBKanR4MUhvQmN0Q0s5VC04MkJici1hNNIBxAFBVV95cUxPRi03U3NZclMyQjZzZzhRdW5fdUtINU9xckNULU9NV0c2UEZRWmwwTHV2SGVtSEppblhLaUd6RVJzMUVQTThmOW9oc25naHFmNm5ab3FaLV9ocFhVWGhoTHhQSGZDdjJ2dDZsb2JyYnVkLXlfUW9lRVVfY1cxS3Y4MzRTbWRnQm50eGhFbl8yR2RnWmFJZ05XU09iWm9iQ2dmeGpNQVlXQ2NfbmJMb0dXYjFJcjdlNU96MzlRUmxqWUxreV9z?oc=5,India Today NE,"Tue, 03 Oct 2023 07:00:00 GMT",2026-06-14T20:41:42.273505,blackmail,True,False,candidate,https://www.indiatodayne.in/tripura/story/tripura-centre-declares-nlft-and-attf-as-unlawful-associations-688573-2023-10-03
extortion Tripura,Four NLFT Surrender in Tripura After Fleeing From Bangladesh - The New Indian Express,https://news.google.com/rss/articles/CBMiwAFBVV95cUxNRGJraEM5enVqS0xaZVd1eVYyNWpVZmt3NlhVeDUwQ2h2NkZSMW1lcklnZE90bUM0Qzk5cjlMN04wSGd0VVJ5cGtkckM3Ym0zaFpIeHdCU2U4N2tnTUdGVjFodFVCdnA5OU5Nd0lkVTl2c2xqNXVoMlZZTGZhNUhOM1M4SFk4SG1FQm1SVFk1R2Z6akFMbjNValp4UVM0VlJNVTFUU011Nm1ZdUl2U2xybVhpdlJoREduTDNMaTdtYW_SAc4BQVVfeXFMUEFiVmpUTGVsRDNEWkxQVzd1WEtMTDZ1RnIybHA5ajU5d3JQTk1KY0pBYnZkaGRGM3owLTBaVVU5aHVWcTRXQ2dJc0dTczNoRXpCYm5ucjJRWEV3SmFpdG5vQURrSGpmWTV3NV9XdXkxNDFFeURQZUczaG1hMk5zUkVJQkR6RXZ5cjRRS3dseGhISDdrc1ljY1BhbnJtYXZzLTRnaGpyN0Y5eEhpamsxNUJlOWVSaEFleFJybkVmbDlsUng4ZFU3V1hfWU1QbWc?oc=5,The New Indian Express,"Fri, 30 May 2014 07:00:00 GMT",2026-06-14T20:41:42.273521,blackmail,True,False,candidate,https://www.newindianexpress.com/india/2014/May/30/four-nlft-surrender-in-tripura-after-fleeing-from-bangladesh-619227.html
extortion Tripura,3 Tripura forest officials suspended for illegal chopping of trees - EastMojo,https://news.google.com/rss/articles/CBMipwFBVV95cUxPQWtsdnRZcmtob090LTg5azFBc1B5MU9OZHpVaDl1XzlqR1lhZlZNRmczTno2aTVEdFE0ckluVnBlQ1lPcUU2Q1hOZngzR3RBU1JvNXRkNXN1NmxFb3lGMHNnOENjSkZDemJHZTVPT3k4cUFmRUNvZzdOS0VURXEyYncxVnZKWEpBb1phaUxpRjRHaGxsdEhfcmVmakx0cS1veC02T0hwOA?oc=5,EastMojo,"Wed, 05 Jun 2019 07:00:00 GMT",2026-06-14T20:41:42.273528,blackmail,True,False,candidate,https://eastmojo.com/news/2019/06/05/3-tripura-forest-officials-suspended-for-illegal-chopping-of-trees/
extortion Tripura,Tripura CM’s brother Ratan Saha elected EIMPA president - MSN,https://news.google.com/rss/articles/CBMitwFBVV95cUxQVzJiSmxOVG52al9pY1A5N3hSVXlrYzJQWFZqYUhCanRUNHBMZnJQYWY2RS1HVGZ2ZmtySkkzWF80YzN0WEh0UmRDMXRQX2pCcTIwMXR3cUg2M25PVDd0SnFHMHQ4SWo4S2s0bDRIQU1YMXpldi1qRE9pcjhYSXVfbjBMTWdNYURjeURfYmEwdldQSkhtd3lsQlVpR3hURzIyc0ZLTV9ZbnlDZmlzVlpvVXpNQ1JHR28?oc=5,MSN,"Mon, 25 May 2026 11:04:22 GMT",2026-06-14T20:41:42.273546,blackmail,True,False,candidate,https://www.msn.com/en-in/news/india/tripura-cm-s-brother-ratan-saha-elected-eimpa-president/ar-AA23Xd87?uxmode=ruby
extortion Tripura,"Villages Close to Indo-Bangla Border in Tripura issued extortion notice by Militant Outfit NLFT - The Sentinel - of this Land, for its People",https://news.google.com/rss/articles/CBMi1AFBVV95cUxPYTZpSUFTREpZNE5SNnNGM2UtcVJnaldQYWVyVXJJcGYySzJGYkhlY1FpdWcwbHBUcjZMOEplVE9jM00wRktldmJkdWFsb01ZYi14MENFdjRQTzBhTVY4bXdHdUxPRzBkWDU0Ry1UMkN3b0l0c21GMThLX19zYk1qMS1TNWFtUzZ6WFRKVUF2ZTk3a1RnRXRET0VLTmFPRXJhSjYzRXRCUldMT3hoUnJMNmc4aHpSWWpzblVVU1M2VHAxTEhrQTg5WlpQai16Z091WldQStIB4gFBVV95cUxNaldLQTU1MDd2OVl0VFFWWGRBcEY2dmFBc0h1SUVOWGUtUlQ3cE5lMFJNeGNZOVhWbXdybG9LYm5xcEU1VXVHWXJaLVoxUU5YTGpVYk1HUlAtbjBod3laMUNtN2pqWlU5c1l5bUNTSWNScDBnRm9HZ3E1b1dHam52b094bjhzeV94TFQ3YkU2VDlIYlhxckMzcWlwcWg0OHV5ZkFKazZuOVVjUmRZbVpzZVBVZERJdHRxY1o3RTVTd210ZFo4OWplc3h1RHZxODQ3SkJQX2tXVGU0WFU2Yy1ab3J3?oc=5,"The Sentinel - of this Land, for its People","Thu, 06 Sep 2018 07:00:00 GMT",2026-06-14T20:41:42.273553,blackmail,True,False,candidate,https://www.sentinelassam.com/breakingnews/villages-close-to-indo-bangla-border-in-tripura-issued-extortion-notice-by-militant-outfit-nlft
extortion Tripura,"Tripura's Agarwood Captivates Japanese Delegation, Opens Doors To Trade Collaboration - The Sentinel - of this Land, for its People",https://news.google.com/rss/articles/CBMi4gFBVV95cUxNSl93Yl9jc1o1eHp0ZkNEZ0x3TThLQ1VLLUN1OE1aYURQN0hNMU42VFRfNmh0V3hCWmowYWlUOWljQTdwWF9DQmM2RHVWTmx6Q2N6Ny1zb2lfQjlYYm1LU2tyUkRaNl9JV1YzMU1KcUhaUmNvT3EtdW5mVmJMenRteDdHcEw5QWR0TzduTDlxZkZRN1c2UGZ0QVNZbFZLalg0V0dYUF9iR3VnR0hTMGZYMFlmdVlXOXBMeC1XcDR3TmZSYnUwMnlwUF9GS2xaeFZURWtLQzhTT2JqbWVEZkxvZGhR0gHvAUFVX3lxTE16bnYzTVFzMzRZUVN2NW1CYmZxbVVHSl9KcUtHVHdVcF9ZWXVYeGRyWUZYM3FLb1lPWmF4bmtsZzlITV9QeDBscnJUZHBhc3g1Z3VSSVpBaW1Fbk9DOFFJdHBSQ0w0SDB6d3FXamtsUjdCWVg1cEVzY2ZVNUhJNmdDb2p2clJEYlpVSnhObVJSQkZXOXNQMVhUaDJiMVc4cVNKc0FOUEJZX1lOV0JaSTJtZkpIbnpMcURkQWpaRi0zR1JXV1Z6NXE0M1RmQjQxWEh0UWJsNUh0N0RvcWVBbVNuSHdfVjZCbER4Ylp1azFN?oc=5,"The Sentinel - of this Land, for its People","Thu, 24 Oct 2024 07:00:00 GMT",2026-06-14T20:41:42.273559,blackmail,True,False,candidate,https://www.sentinelassam.com/north-east-india-news/tripura-news/tripuras-agarwood-captivates-japanese-delegation-opens-doors-to-trade-collaboration
extortion Tripura,"Agartala Police Arrests Notorious Land Mafia For Extortion Threat - The Sentinel - of this Land, for its People",https://news.google.com/rss/articles/CBMiygFBVV95cUxObmF4VjJJcDRLLWMxOVhIUjlDbHVZVnQyQVUyZ1ZRSlR4LVRxSU53bmJ1Sm9pMjZTVVFmYml4amZIQWZWNUJSdWl5NWlRTWJVZXVnbXd5bEdiN2w5ZHRZeHZUM2RpbnBQcTRwbmt2TXhHbWkzc2hUV0V3Z0ZkeHZ0azY3TVNhSmVmaDJnNmpjZ1NlS2dHRmxqWUw3UE9OT01zSi10NTM2bEo3WGlpX256MDV2V1lBLWRuc1RVVHR2Y1p3ZkR3aEVJUDBn0gHXAUFVX3lxTE8yXzZqODNaaEcyVDlQZGpPRUszRmJSYVAtTk9ZYnVXd0tNWHV0OVdvaFcwUU9oa0F6Slp3TVVNUVhnV0tWUnNfZVRRWWw4cTlfVTlhMkhSUXhaUTFWZEVsQXJqTVBJRU14LUFXTGtUZ3UtSEtoQ2xtVERDTXFEcGtfYWtIdS1xZDllMk9od1BoZWppbmp0TVB4aFhVUWJjQ21XZEVBRzJkbTlxTGVYUlAwRV9SV202SVJqSEtSUFpJcGhtYVU1M2l1Z1ZWbXhUczdJWWQyOXM0?oc=5,"The Sentinel - of this Land, for its People","Thu, 24 Oct 2024 07:00:00 GMT",2026-06-14T20:41:42.273572,blackmail,True,False,candidate,https://www.sentinelassam.com/north-east-india-news/tripura-news/agartala-police-arrests-notorious-land-mafia-for-extortion-threat
extortion Tripura,"Tripura police constable suspended over bribery, misconduct charges - Northeast News - Northeast India news 24×7 -",https://news.google.com/rss/articles/CBMioAFBVV95cUxPMC1zOERGMUl2OVVXaFRTLWh4STFSV2s1UmVzbFZ5QlBueG9TZkNhWGJtZnRwSzdCVEdiV2hoZ05jZDV4RExkb2JUbDhMd1pVYThSd081THRmeHZmVTlnUUlQYzdGaVZSN0NoY1QxbDhWeTIwTnVjeEotejVKeVpiQjNYcEVXdm1DT3lqR1hrRjN3SmRPN2NXMFVZU0JIendm?oc=5,Northeast News - Northeast India news 24×7 -,"Mon, 27 Oct 2025 07:00:00 GMT",2026-06-14T20:41:42.273578,blackmail,True,False,candidate,https://nenews.in/tripura/tripura-police-constable-suspended-over-bribery-misconduct-charges/34901/
extortion Tripura,Tripura’s banned NLFT active again in state - NENow.in,https://news.google.com/rss/articles/CBMikgFBVV95cUxOVW5kVXp4aFpFZkNIeW5zdzM3c3BBOTQyVzdBTFZEWmg5QVotSEdfdjhQVVVEVWhQajQzcVd4WVpMUUFkLUtwaWp6ZUNqYkphSXgzajQ0SkRXclRfTUVvbHlVRUo2cXQtSl9lcFQ4Ym9jOGUwdkNFbGE4TE9ZVjVpT3ZKZXN6NGs1c1pSY2hzbUhPUQ?oc=5,NENow.in,"Sun, 01 Nov 2020 07:00:00 GMT",2026-06-14T20:41:42.273607,blackmail,True,False,candidate,https://nenow.in/north-east-news/tripura/tripuras-banned-nlft-again-active-in-state.html
threatening message Tripura,Tripura Returnees threaten indefinite blockade from June 5 over rehabilitation demands - Tripuratimes,https://news.google.com/rss/articles/CBMiygFBVV95cUxOWnlQbzJ1TUlNQXNQLXQwblY5dHV1LWljOVQyeUdqeWJHajVnUW83UV9QRnNhMHNMZGNCT1ozeGhpVUNHcHU4ODRCT2xrVHdmd1REbm9TUUtMQ01sLS1wUVI3dGVEeGg2Ql80QkFxYkgycDhWbWxVeXJxYlhiZ2czNXBQUUtFajFOaUNwUDI3SEw5dmo3ck5rTnFzMm9nX2E4anhlMV9aekgtOG5jenJhRTRIN0NkWU04cDQ0aERYSEhjcEdoVUZGSmNn?oc=5,Tripuratimes,"Sat, 30 May 2026 09:21:38 GMT",2026-06-14T20:41:45.960970,blackmail,True,False,candidate,https://tripuratimes.com/ttimes/tripura-returnees-threaten-indefinite-blockade-from-june-5-over-rehabilitation-demands-37595.html/
threatening message Tripura,Ranveer Singh Receives Threatening WhatsApp Voice Note Demanding Crores; Mumbai Police Probe On - Tripura Chronicle,https://news.google.com/rss/articles/CBMi2gFBVV95cUxOYXhkdzNCN0piQVZubEkzR2gzRlFfVm0tRnNaYzEweG5Mc2RyYndpWlRCSHMwdVV5UHRqUnhSUFdBYU5fNEt3WEpwcFlDMzVGS3Uza1ljYThJTGl2SmFsbkxrcUVVZUdDazNoanZYZzBSTU8xcnRTd2tpaVRPeWd1alpKNkRqalQ0Zy1nWWJOc3psemh3UzZ3WWFEVzlSbTFGS05pQ3dualVTUjVNV3Fma25xamZmeFhQWmFTQ3BVYzFnQVJubHFMdUUtd1M4NGI5My1fVTNKNE4wdw?oc=5,Tripura Chronicle,"Tue, 10 Feb 2026 13:44:18 GMT",2026-06-14T20:41:45.960994,blackmail,True,False,candidate,https://tripurachronicle.in/entertainment-news/ranveer-singh-receives-threatening-whatsapp-voice-note-demanding-crores-mumbai-police-probe-on/
threatening message Tripura,"Bajrang Dal desecrates, attempts to torch Jamia Masjid in Tripura - Kashmir Media Service",https://news.google.com/rss/articles/CBMipwFBVV95cUxQZ2tUcElwQVVMR1M3b19SczV6U3RpbDl5MkxwYlBYZXNxa0Yta1FyZmk0bkdjd242elZfRHh2ZjJXVWY1Y2JqaFNFX04yZGFuYTBiVDNPZk1QWWQ3aDc2RW5CQWxvWUllT2swTEpxTXpxSDJUNC1XRVZFTGFMclptemU4QXlXdjlLTndOUDF1LUNEemcxSC1CdkpaNnk4TDFxalkybFJ1OA?oc=5,Kashmir Media Service,"Mon, 29 Dec 2025 08:00:00 GMT",2026-06-14T20:41:45.961010,blackmail,True,False,candidate,https://kmsnews.org/kms/2025/12/29/bajrang-dal-desecrates-attempts-to-torch-jamia-masjid-in-tripura.html
threatening message Tripura,"Kokborok in Roman Script, Forging an Unbreakable Shield for Tripura's Indigenous Identity - India Today NE",https://news.google.com/rss/articles/CBMi4gFBVV95cUxOaW1BS3Z3M25ib2FBdFVTZ3NIaG5EUVAwTzR0QXhGZ1h6T1Bha3hwYWZBbG5xdDdlRDczeUFjTTYxdjR0MkI2bWJDWkNYdksxQXk4VlhQNWI2dE1yZ1ZLMEMtOEtRWG9QaHltcWZVMjRsUW4wS0dqallqTFBVN1c0TnpOQU1lcmhzblRVU181NTZleGQ4UXBMcFlueDNxbkZoVmxCSU9TNFZLVXIxQWpydWxZY1FpMXRvd1VaRkx4eUpnWThGYkJUZlFDTVVFRDdLbndlWV8xeGNDb21HUUw2SUFn?oc=5,India Today NE,"Fri, 19 Dec 2025 08:00:00 GMT",2026-06-14T20:41:45.961017,blackmail,True,False,candidate,https://kmsnews.org/kms/2025/12/29/bajrang-dal-desecrates-attempts-to-torch-jamia-masjid-in-tripura.html
threatening message Tripura,WPL 2026: Smriti Mandhana Wins Coin Toss And Chooses To Bowl First In RCB Vs MI Opening Match - Tripura Chronicle,https://news.google.com/rss/articles/CBMizgFBVV95cUxON0ZiMVR0cWNjdFdPY3JJelUwR2o4RnM0NkFUT1ZFUFdJWkRqZThLVnE0NkJNcy03WE1DU0RyQTJVM0M3NHBPUmZGX0tXaVZvNWQ3d2lWT2RZTFZyMkpPNUtOWldFOWRYaVlKMll6M21MazYxSldKOER5ZHppOUZSTXpYazZUMWpvQjZPbWR1NDFuQmc1YS1EYlVXdm5EWjdpNEwzQjRGV0RaNXNHbHU3dzZ2bkE1QUJXeEpfUFR5UW0tVlZQejBsbld0MW1Zdw?oc=5,Tripura Chronicle,"Fri, 09 Jan 2026 08:00:00 GMT",2026-06-14T20:41:45.961026,blackmail,True,False,candidate,https://tripurachronicle.in/sports-news/wpl-2026-smriti-mandhana-wins-coin-toss-and-chooses-to-bowl-first-in-rcb-vs-mi-opening-match/
threatening message Tripura,"""We condemn this"": Saayoni Ghosh over attack on TMC office in Tripura - ANI News",https://news.google.com/rss/articles/CBMixAFBVV95cUxQZGJTbEdUb0I0cm9iaGRiYWhBZFBZU0FFWUFiUVVfT1AyRUNmXzV2eDV6R0dvWm9qUEw3ODlpbjh2Rk1RNm5pN2ZjdEZtdFliV0Zla0lsWl9BeG9ubi1HZ2dLSThzSGNjLVV2OVVGanRacUstcENIWTJ0R0E2QU9JTjdxV1N0Rl92RnVjZVRRNlRFWGFrYmRKZmtBc1BqdmQ1TE1JMVBzWkZxQk1MS2NuWjIwVTFJS3liaTRYYldHa21tV3Ay?oc=5,ANI News,"Wed, 08 Oct 2025 07:00:00 GMT",2026-06-14T20:41:45.961041,blackmail,True,False,candidate,https://www.aninews.in/news/national/politics/we-condemn-this-saayoni-ghosh-over-attack-on-tmc-office-in-tripura20251008140928/
threatening message Tripura,Tripura cops register criminal cases against two for ‘hate speech’ - The Times of India,https://news.google.com/rss/articles/CBMi1wFBVV95cUxPdW5HTGZ6VnBTTkxUYzJCcEVpLU9rODRUdncwcDF0akwxODlocVc1bVJqS3hDV3RyZ3lEM3dJM1ZYbGV3d004aUo5VUlOUWoweUkxY0F4ck8yYzhUem9mTXB5RUVFMWFBOGpNcUx2Vk10cnBCek9tZWVqX1RzU2xIZ2xRdUFQT1ZldkxCSTNSa1lvRkh4SzZ4ektCdWxjU1NDMnVpS3R3dFhZOUpEVHFaSzBFMDdES1VDSVdaZzlGeXBDN1hiZXpMRVZOTXVZYmtxeF92bkxzNNIB3AFBVV95cUxNeWg3eDNsOEVMUVdOV05uUkVBRzFGNDUxY29SVEpIVFQzMUREbVdKUzNobmRkb0xmYW1ZbV91R3FhOFAxTFlnZy1WdjRzeDlDQWxLemZKd3JVS2FOb3JMcnB1WVVIRjBBLUVhNnltNFJReXRJZkRWSVJuM1BjTWEwQXFKOXRlbzlSalZjaV9LOG1CRjUyMkVzdHExM0dkZmtZaGZnTy1NUlBWMjVjVVpRdENzbDBwSnRjbXBPUk9YVTdndjVnMVFScjEyWHBSZ1JIbG1QbDlpeGVQYkdy?oc=5,The Times of India,"Mon, 15 Sep 2025 07:00:00 GMT",2026-06-14T20:41:45.961057,blackmail,True,False,candidate,https://timesofindia.indiatimes.com/city/guwahati/tripura-cops-register-criminal-cases-against-two-for-hate-speech/articleshow/123902166.cms
threatening message Tripura,Manipur police raid in case of threat messages by Meiteis - Tripuratimes,https://news.google.com/rss/articles/CBMiogFBVV95cUxOSi1HZk9BS3pQUVQ5Wjh3cno4alN2OG1BUi1HZ2EyVTZOczRGZURrMXJfdTNhZEZEM2tROFByUDY5YkZLOGJ0SHRDMHdFekVXZ0NndXNsaWFBZmh5QXIyc29BTnprM1VHYzFDRHdqYl9rTC0tZHJnLUZ3ejNtOFk3MjVUQndHWEZXaXB6cFJRTk5hblVaU0JwaEF2b05MR2RJUGc?oc=5,Tripuratimes,"Mon, 19 May 2025 07:00:00 GMT",2026-06-14T20:41:45.961089,blackmail,True,False,candidate,https://tripuratimes.com/ttimes/manipur-police-raid-in-case-of-threat-messages-by-meiteis-27587.html
threatening message Tripura,"Bomb scare at Bengaluru bus stand, gelatin sticks recovered - Tripuratimes",https://news.google.com/rss/articles/CBMiowFBVV95cUxNTFdPQjhMY3dUdW5FTG5GMk9CYlhrTlFUWGFja1o1TkV3UnRkempXNVlmakREVzlHVWxJbmsxYUc0dGtkLUJZWFN0QlBlcEFGYndDRlJWZHhpMXMtNTZYdWdrYXVldjhwd24wUVEtWVg0NE9BS2cwSEktaVpIa0NKLV9oQXlERkZjUno2dmlYQmlCaG5jaHBrbnc2dmFKeXhiY0RJ?oc=5,Tripuratimes,"Wed, 23 Jul 2025 07:00:00 GMT",2026-06-14T20:41:45.961097,blackmail,True,False,candidate,https://tripuratimes.com/ttimes/bomb-scare-at-bengaluru-bus-stand-gelatin-sticks-recovered-29849.html
threatening message Tripura,"AASU protests illegal infiltration, warns of demographic threat - Tripuratimes",https://news.google.com/rss/articles/CBMiqgFBVV95cUxOMVVfMVk3QnZNVlhtN09qUDY5VVpiUkc3MERRMDVCOEVpYlktUDVwekx0NThiMGszQTI3Qnp1djlSMEFEeVlzaktLYVUteGZSZTEwSFZ5bUVjc2dwSFVhNUt1amZCRUtaakM1RGl4cm5JbjRPU1BBV1pSTUZZcDM2NlRzRUFjTHNoVmVCMXAwR2ZYYndqeDVJNENWVkgwOVNxcW9mWHlTVU5jUQ?oc=5,Tripuratimes,"Thu, 04 Sep 2025 07:00:00 GMT",2026-06-14T20:41:45.961112,blackmail,True,False,candidate,https://tripuratimes.com/ttimes/aasu-protests-illegal-infiltration-warns-of-demographic-threat-31143.html/
threatening message Tripura,"Tripura: Ex-militants threaten 72-hour highway, rail blockade over rehabilitation package delay - thehawk.in",https://news.google.com/rss/articles/CBMixgFBVV95cUxNaU9zSnFydzBJdVMwbmk3RGZGaWhsUENtdGRrc3dMX0EtWjRWOGJpNVRUTFh4UWJENzAwWnh6MFJwRkQtWmw0Y3g1ZGp2dVd6dkdGU3hQVGZzMUVyT2NGZ1FoS21wYVd3MTNpMGVzYmRMNmd3R0YtZzg5WjUxdlRscmVmZXRsb1pTQi1pcXlmNmp6cHI5dHJGeXhXOWl2Yk4yYUltMElmNXp6SnViWHVjSTR4NFhqRTF5ejQyU1hpbDRWQXJhZnc?oc=5,thehawk.in,"Mon, 08 Jun 2026 00:44:00 GMT",2026-06-14T20:41:45.961141,blackmail,True,False,candidate,https://www.thehawk.in/news/india/tripura-ex-militants-threaten-72-hour-highway-rail-blockade-over-rehabilitation-package-delay
threatening message Tripura,Tripura royal scion and Tipra Motha founder Pradyut Deb Barma threatens to fast unto death - Northeast Live,https://news.google.com/rss/articles/CBMixgFBVV95cUxQS1c1R1locHdoWlVsV0hzWEdJeS1za3hYOWRlSGJyZnFBWGY2NWhsRWV3MFZPSnpvQ2Rmb29hTE9IdDI4aTM5ZzNyV3RnZWl4OVdDYlkxRDZzZ0Y3ekVXVjRFc0dNeE1wSUFWOHhPY01Ndm5TRmVoRmZXQkQ1d0JvcG4zV3hvRWhfRUlVM1JSR0FrcXljYlM1SzhFU2o0LUpqNWFrTVRfT0JpYmlsSFllY3ZtRHB1TXBZYURJMTNycjlJbEh5bEE?oc=5,Northeast Live,"Sat, 24 Feb 2024 08:00:00 GMT",2026-06-14T20:41:45.961169,blackmail,True,False,candidate,https://northeastlivetv.com/topnews/tripura-royal-scion-and-tipra-motha-founder-pradyut-deb-barma-threatens-to-fast-unto-death/
online stalking Tripura,Modi reaffirms Centre’s plan for growth in Tripura - The Times of India,https://news.google.com/rss/articles/CBMiwwFBVV95cUxNLU54YV8yN0s0Z183OG5aMUo1QURZWEdRV0tBMlQ5STRTSk1obk81X1Awd25ZNC00VWF2N2JMa2FXM0hOUkc4ODByV1N5OTdUa0VRU01UbC0tOC1HWEJadWp6b25OQ1hrUWgwaXlpZkdPRzdwTFEtdjZpc2kxYVNMaFUwMG1ZZ0xpb3M5Q3J0NlZCb3l2Mjc0LWtVWldrQ1BKZ0FmaWp5Rzk3eUhyajVsNVRDTlcxMGlDaHJHVERYSGNxQzTSAcgBQVVfeXFMTXFUc0FocWxZSmRRNXhtT2JVUnVlbnZKQWVtakNJdG1oUC1nMmJpbjlTNHBqWDRNSVR1MzRDamFPT21NMlNaMDlQTUtoQm9YVlFTN1JTUXJLTy11S2YtNWFHRlM4bnZMbmpjOWk4UUFZbElXS042VFp6amFzRzJ3a1J6bUt4dWtWWThiU3Y2b2ZBNkVvRzJMQTIwRVpxQmdNc3pwNk16YlRRVHYyVkJNMjJtVmcxSVVERW4wMTI4SFpKaS1HcWZXRnU?oc=5,The Times of India,"Thu, 22 Jan 2026 08:00:00 GMT",2026-06-14T20:41:50.995420,cyber_stalking_bullying,True,False,candidate,https://timesofindia.indiatimes.com/city/guwahati/modi-reaffirms-centres-plan-for-growth-in-tripura/articleshow/127031150.cms
online stalking Tripura,Tripura University announces 2nd Semester results for 2024 UG Programme: Direct link - The Times of India,https://news.google.com/rss/articles/CBMi8gFBVV95cUxNcjE1SWcxa0pQSUxFaFVUSjRGV1BPQ3NnaHNhblR3N19GMTVSR0lnZ1BURFB5VHk0cXhpMWJMdmMxVFV1SlhiOUxFTDdMWnhkbUxLZWJJeHJ5cUI1STRXWUZWSGhzS1JEOFRQOXU1NHFOZmZCVm9CVDJ5RXhsRFZPUTViVWhXYUQxaXM5QzhBTUlPY2RyWTdmNnlBbkxodkdIQlhwejBrOVFBYnN5dnNzZ1dLVkZYNVdySmRWRTRHMk5yd0RudGFuanRLVHFDOThiSHJQUUtVOUppNEFtTDZCc1ROb2FQVEF5VTFDUjQtc1lid9IB9wFBVV95cUxNamdtT184YzVaaV9raExZUnpHVUJCYWVQUGpiZUtaaUlNY3dEeVR6MU9fanhoUUQ3UnMyWnVtdDVpXzFMem1KVmY0WUhIZ2ZlVlRhRjlIVzM1UkFNV2wxX1NoQkFqUWFLYUNfbHZueEswMUtwMG5qS0EtSURCX1RpNUJqWjdtMi1FZ0xVZGxDcl9HVWk5QmgxZk1lUzcycVlyT09SdnBuUGl2T2NrbFVsaG5pWTlPMmM5SXdoNzl6ak9jM3pZOEVZSElSYlYwVTFJS2NCeEgzRmdFSjdhWC1IVGRkUUQwenRISkgzdUQ5a21saEJZLTEw?oc=5,The Times of India,"Sat, 22 Feb 2025 08:00:00 GMT",2026-06-14T20:41:50.995470,cyber_stalking_bullying,True,False,candidate,https://timesofindia.indiatimes.com/education/news/tripura-university-announces-2nd-semester-results-for-2024-ug-programme-direct-link/articleshow/118468739.cms
online stalking Tripura,"Tripura Shocker: Man Makes Lewd Gestures Towards Minor Girl on Tripura Sundari Express, Brutally Thrashed - LatestLY",https://news.google.com/rss/articles/CBMizAJBVV95cUxNR3h0dzRXOWhCYWhZQU1FbndNYWt3QlJIcnFoMmFjY2FaLXRSemxVNE9VVGxNZ3VEN2pOX1puT0tpYTRST1AwYlVQcm5PT08xQl9NdUhJTmNocGVmdWt6a0l5ZUFyY1dYcHN6VW95TjhGSDNZalIwRHZaakVVTWdxRm5pRG9lOFlnNUp1OTdsVGpObnhFUjI2Tk5BeFREakRhZTd6QVd1dDh0ZVQ2NHRYbXRoclY1N21sTmhFeFB4NW0wYmNHbTNPM1pDSGdSbGI3YmY5bmNJSUFOLVQ0bWlDamdzTEJYXzRsSUF4TlBZLWFyN01zaklZN3VjdkJvdWZXLW9pSlFfTFNXand2ZWloQlhZZlFUX0F5cEoxOFFGMzZFTDczZFVGTDBjbXlEa0pTN0hyZDVkSnI4X2hoLXVhR3FLZnFVM1NwSFZBZ9IB0gJBVV95cUxNNGJHNUY3RXBKdjNVVGhPWk9EdFVUTXRpYW5SekhWamQ5QTg2bEFjQWZzdzFTUG9odUdyamZLeHpXMHlJY1FmdHg2QVlZc0VnNVhIQ0NZSUNUY0JGN1I2SzFubVRDQ0dzZ0w4cVBaSnlQNjdXdlpxd2Y4U1BVYld1WDNudVNUZkoweXQyZm1lSVpzYUNOQnYxYWxtNm5aZEpfUU1xMUQ1RXJkZk9Od1ZIZ2lDd0RFNl9IRS1SX3ppZjlQdENhQkxGLVpWZEhWVTJnd1NRT05lRTBSOHVXbjF4SUpMSkpnQWYzNnJ5Qi1zV0ZmVzJrSVRLVVV1TG1rcXEySnFLMGt1UGNfZlV0UjlFYWRZamRqTF9EZVZKLWh1TkdJZ2sybjJoSWtVd0Rval9PemU3eE1BaDJuWUk2UGNYb2owNF9OaE1Yemg2bzJBUnBnUQ?oc=5,LatestLY,"Fri, 13 Jun 2025 07:00:00 GMT",2026-06-14T20:41:50.995479,cyber_stalking_bullying,True,False,candidate,https://www.latestly.com/socially/india/news/tripura-shocker-man-makes-lewd-gestures-towards-minor-girl-on-tripura-sundari-express-brutally-thrashed-by-other-passengers-arrested-after-video-of-obscene-act-goes-viral-6926297.html
online harassment Tripura,"Tripura Begins Phase II Compliance Drive, Unveils Digital Portals - Tripuratimes",https://news.google.com/rss/articles/CBMirAFBVV95cUxOWWhWMXdTTVc5R21LYWhIeG9QVldCUXZNaEZkRGg3NGVLcHZzcTh0elF3cWszaEFHcjljQ2tGbzhiTkZYTng3dzVSTFlaOVkzb1BSellnUXI0eUotS3dzS3pRZ1RKNWZzNXFXR3RrcGhXLWhQLUQ4QWNDYUNtUTZCMC1TRGV4M0VZUF9RVjhGNGFIUG5oZ005ZkRJbndqWlo3aExxdTQ5M1djY3V2?oc=5,Tripuratimes,"Wed, 01 Apr 2026 07:00:00 GMT",2026-06-14T20:41:56.822628,cyber_stalking_bullying,True,False,candidate,https://tripuratimes.com/ttimes/tripura-begins-phase-ii-compliance-drive-unveils-digital-portals-36242.html/
online harassment Tripura,"Tripura Olympic Association Condemns Campaign Against Adviser Chairman Ratan Saha, Warns of Legal Action - TRIPURAINFO",https://news.google.com/rss/articles/CBMi9AFBVV95cUxPbUxadG0yVEtLX01TaWVRZndhbDlQRkRqaG9SaVFmRnp6VXE2YW4xcnNRbGhJUlRQYklsQkJhMTYxM3JOaXFxNHBJMkpwamdRQ3RyMVVYdkJBeC00VF9LVjdiYTNva0tMR0pqNzJ1N25lTFVvenVqWXRPdHJMeHVvMVU4QXZSVElwNU5uZHE5a0dZN3ZRaVhCRXpSbTZzMGxGaWlUYVZRT1gxWjFxZzZhV0ZOM05xYU1YbXhvUXlPMzV1MzFYWDd4X3J1VERiMmVLblhXdWNLdERfNWNrZW9XLXJJTzVMaEI4TFhwRFo5cEpiOTQ1?oc=5,TRIPURAINFO,"Sun, 03 May 2026 07:00:00 GMT",2026-06-14T20:41:56.822636,cyber_stalking_bullying,True,False,candidate,https://tripurainfo.com/EnglishNews.aspx?intnid=6280&title=Tripura-Olympic-Association-Condemns-Campaign-Against-Adviser-Chairman-Ratan-Saha-Warns-of-Legal-Action
online harassment Tripura,From Corridor to Destination: Realising Tripura’s Medical Tourism Potential - orfonline.org,https://news.google.com/rss/articles/CBMiswFBVV95cUxPT0xBLVF3MDVsTmh5TW9iODltSTl6OG05UzVaR3lRNTRXOGpqbFJ1eWVJa3ZxSnA1LVFxOVBKbmdXSm1NR2JXbkNoQk9nWXRqR0o4alJZaFBfbURtN253c05ncmdUcVJMak55UlBjNHpyUUdrRjJaQ0FRZ3hQWFZSVmszLUJYRnVXRjJrWnBSbzhwMW1WTFYxMlRkRFdMejFEeVIzTkFmdFhmb1ZOczNkWmltZw?oc=5,orfonline.org,"Fri, 27 Mar 2026 07:00:00 GMT",2026-06-14T20:41:56.822686,cyber_stalking_bullying,True,False,candidate,https://www.orfonline.org/expert-speak/from-corridor-to-destination-realising-tripura-s-medical-tourism-potential
online harassment Tripura,Tripura: David Murasing Sparks Outrage over Communally Provocative Social Media Post; No Party Response after 24 hours - Northeast Today,https://news.google.com/rss/articles/CBMi6AFBVV95cUxPUGdyMkZZVDIzRHV2RHhSNVB1QjJ5TXR3N29yWC1mQUE2cldoVWJPVXBLVXRiMmNmM3QwZzBJcWlROS14RjFaZlFuUkpuR0NaMGJNZWZQazh2MkZGVkhWZERGOHJIWUVvVTctZTBQVkt0Y2wtbUoyLUlNZFo1MGpXbDZSRGVEajFzdDJKTDZ4VkhsQ2pTcnRYd1UxbEQwZ1VQa1lCNTBHWm1hc3c3UGlZWGhOV0VPVEo2LUNERzNqd0RMbTJJQ2U0dWNHc3VoSmF2M0Z6Tm9KWWpvQ0xtdzA4R2ZyY0hJdFlU?oc=5,Northeast Today,"Fri, 08 Aug 2025 07:00:00 GMT",2026-06-14T20:41:56.822693,cyber_stalking_bullying,True,False,candidate,https://northeasttoday.in/northeast/tripura-david-murasing-sparks-outrage-over-communally-provocative-social-media-post-no-party-response-after-24-hours/
online harassment Tripura,Tripura: Blue Dart Delivery Boy Dies After Viral Humiliation Video - Ukhrul Times,https://news.google.com/rss/articles/CBMifEFVX3lxTE1HQ2NVTV9qeTBaNjZJTU5uNWlYVng2ZDA4LXVwX1AyYURHclFRVmN0eVoxbC1qNklMbzMzNTlDeFdTamd3N0NudzhsZ25NekNVMU80c3dRRlNtMEtTNUcwY2xXR1FjQk5KRTlodzduRXNjU2VmN2ZJWnNJNU8?oc=5,Ukhrul Times,"Mon, 15 Dec 2025 08:00:00 GMT",2026-06-14T20:41:56.822713,cyber_stalking_bullying,True,False,candidate,https://ukhrultimes.com/delivery-boy-dies-after-viral-humiliation-video/
online harassment Tripura,Bangladesh India Connectivity Passage Tripura - Expert Speak | ORF - orfonline.org,https://news.google.com/rss/articles/CBMijAFBVV95cUxQMXdodWY5XzBETm82TEhuMUZaNGNSV3hWYzVwWkhONEE2Z25SZG43TkYtdnJjX0xrVnNUZVI1TnhCYzVfQUdRXzRkOC1hSFpHVnVJS1QyckVoRG9aeHZJUGRHYXFjeFZSUkEwNEp5VWFHU1R0MlZhdjd5dkxaVWM2UEc1LVlxQzVxZGFpbg?oc=5,orfonline.org,"Thu, 25 Mar 2021 07:00:00 GMT",2026-06-14T20:41:56.822733,cyber_stalking_bullying,True,False,candidate,https://www.orfonline.org/expert-speak/bangladesh-india-connectivity-passage-tripura
online harassment Tripura,Tripura: All Five Accused Get Bail in Delivery Boy Prasenjit Sarkar Death Case - Ukhrul Times,https://news.google.com/rss/articles/CBMifkFVX3lxTE1BTllaeVV6ZEtUNDVyWmtJYjloTVl0TDVnMmtBRllCU1BmT1d6VmhVcjZBdUpDVVNJUnF3cGJaVVZadEtNRkdsSFRVa1Y0Ykk3cEp1MXc5ZC1qMjBLaG1OODF2eTlGOUVod05QT1ZkRVZxMEp3cmZReFk2M29hQQ?oc=5,Ukhrul Times,"Sun, 03 May 2026 07:00:00 GMT",2026-06-14T20:41:56.822753,cyber_stalking_bullying,True,False,candidate,https://ukhrultimes.com/tripura-delivery-boy-death-case-accused-get-bail/
online harassment Tripura,"Tripura, Meghalaya, Mizoram to protect endangered Clouded Leopard - INDIA New England News",https://news.google.com/rss/articles/CBMilwFBVV95cUxOUzk0OEFQZVAzNmNfVWJmQ2RyWUE1YllOUXZJdU10Mm83RTh6eDdhTnNfb0szcHFwZXRJNThkOGJld0psNzk0emdpRGFvRXhpcnJjVFoxWmhUUFduZWdvaTI0UmNYdDgzaHFkNG4xaUFEdW5KUFMtbDlBQkl1V2xSQVFwQVRxeFMxZUE4bWVlUnpBbGJGSG9Z?oc=5,INDIA New England News,"Tue, 06 Oct 2020 07:00:00 GMT",2026-06-14T20:41:56.822760,cyber_stalking_bullying,True,False,candidate,https://indianewengland.com/tripura-meghalaya-mizoram-to-protect-endangered-clouded-leopard/
online harassment Tripura,Girl commits suicide after being harassed by shopping mall employees in Tripura - The New Indian Express,https://news.google.com/rss/articles/CBMi2wFBVV95cUxQTnZTamtHU01yM1BsYVhnOEQ3RGhMUHlraVFJbUZQc3lWRlZrM05ENkVhSy02X1lFdzRucmc4SW15bmZucUJKbVItRzZqb2ZSVjRBMU90X1dpYW5CRVZ0cnlPNks4aTdxNnVTV3ZGVV9rWWozY2lwX0NnOHhfX1N0TXZwRXlOVDRIMXFTeWNnT295dHBLX1NHNXg5RGdlMVdnMmJHdHBfODl3NUZ6c2RQQnR2dGdsYktTa05qTjhLamtfdTRuV3luRkJ1WURyRkdRSkpGYlNkWDZ5emPSAegBQVVfeXFMUGxKMEhxM1BNYmpfVFZLQXEwc0pWN3hLNUNiMWljdXYyUC1iMUdlQlp0eEl3aTFqaXpBOHRSbS1TdVdoakhOckphUGJhQ0VuV3RmQWpNVzVoOHk3b3ZYN0d2bXA1aFNzV1BDX0xZbVNXV3lKRFhCcXRRbmhZZVJYbFFLQ1ZvWFBkS1k5ZllhYjlMQW8yOHh4cndCXzBzZ0RtTnlMamNCLThpLTcyR0lvd0VkcHViTnBIa2NpU1I2cjlCclNYWEEtcnpvWlRXb0Q3V1UtMjc5WjM2cVZVaTRZLTN5MWRwSHcwaA?oc=5,The New Indian Express,"Tue, 29 May 2018 07:00:00 GMT",2026-06-14T20:41:56.822766,cyber_stalking_bullying,True,False,candidate,https://www.newindianexpress.com/india/2018/May/29/girl-commits-suicide-after-being-harassed-by-shopping-mall-employees-in-tripura-1820867.html
online harassment Tripura,North Tripura Police detains three in connection with Delivery Boy death case - Tripuratimes,https://news.google.com/rss/articles/CBMivgFBVV95cUxNZ21DbXJWOE9nVk9sWjFzT3RXcGlpNmR3Q1hTUUlZSjROeVBhTkRGc0NFaFVIaEVxVFBJVDZsQnFiQW1MR3NsalcxTnVfVFE0VWVvU3FGd0prQ3VfRnZOUC14LW1HUlV0bGg5TVdVQ3h1WXZ1YWVFUlFOQy03dEF5NlFMQzBocXhsSFFoU2ZyRDFWdHJMVXZKRDA4MEJYREFKUXotMURvZjVpS2ZiYVpoYzZFYW0zb2FrR2lVYkl3?oc=5,Tripuratimes,"Thu, 18 Dec 2025 08:00:00 GMT",2026-06-14T20:41:56.822780,cyber_stalking_bullying,True,False,candidate,https://tripuratimes.com/ttimes/north-tripura-police-detains-three-in-connection-with-delivery-boy-death-case-33763.html/
online harassment Tripura,"Tripura formulates new fire safety rules, now clearances even for buildings below 15 metre height - The Indian Express",https://news.google.com/rss/articles/CBMi9wFBVV95cUxOMklCOUhEcGE3blpaZzJwTklaMUdBd3hJdHM2M241QUVVQS1ZdnQ5YXQ3QUFaZEFnYXlkR0xCR0xxaE81dkg3aHdRRUJCU0M1Nk1RRlVHWG1YYlAwRF9ZNFc2LVgySTdBOHZCbFZzRGFHbUtkdFFEc3daMDhvRl8wcW5SdUpTZDJpeE1CS1RCTjlYenY5aWh1bTZrS0JoUVQ1TDFsZ1lPa3htV044SUlMNGlFbTFzOHVwZEdueUtPdHZNeE1vOUFRRlM0R1VhcHRWaXRqSGt3RjU3YTUtclhnQW50SHREUXBSZkY1UElDVmNQUV9ibUtZ0gH-AUFVX3lxTE45QWFiYVpleHcwVUpURV9rdWM2WlBQZjBaUm45UC1EeGg1VjFJR2x2VjVOWDRKVnpFdGY3Tk1IQklfdWhTWldFY3p2amgyd1lWZ0I1VFlEd19Yak50YUllX0MzaVVwZ2pyVHN6cjFPVlRzNlhCWFlLaGxjenZRcnowMEJLOXd3ZlBDRU5Nd3pyNjdHc1ROQ2JyY2dLdXFDdHVyNEN1RGl2MExiaTNiZFktLVlMYXdRaEtnejZsMHBmQmlTaGE2T3hOM3ZObUJ6elh6dkE1VU9CQXB3MzA1ck1ORldrZUxfbFNHVDhtaVhTR2tSY2tTWVZyeFdmZk1B?oc=5,The Indian Express,"Fri, 13 May 2022 07:00:00 GMT",2026-06-14T20:41:56.822786,cyber_stalking_bullying,True,False,candidate,https://indianexpress.com/article/north-east-india/tripura/tripura-formulates-new-fire-safety-rules-now-clearances-even-for-buildings-below-15-metre-height-7916285/
online harassment Tripura,FB User Arrested for Spreading Rumours of Tripura CM Deb’s Divorce - The Quint,https://news.google.com/rss/articles/CBMilwFBVV95cUxNZ0E1TUZ3T3FYUWJaZ2NodncwTWY3R0xsMjczTXQ1MmVDLUdrRjZ4Z2ZYdTAzVWh4aktqU2lFamdnUkkyWHBDZ016SmM3bW8wWVNMN2NfcGl5V1MxMG5fTTVsaUVVN3ZCY19kZVY2SmRzUkN0WVhqRkFvaGF0MjRaek1PV1NSY3A4Q2MyX2wtWmNzNTZreHF30gGkAUFVX3lxTE9yZ09vcXlXZ1JNYVNuN0J2Vmpock5XZjl4YjRGOTM5WC1TOVVFMi00MWI4TldaaU11R2FPNFJkTzgyOFdySDlmWVJ0MjdDNEFyeDZ2UkY2c25YTWdDMk5wVml4UkxJeE5ScWI1N0NYeXc3V1NBdlNvQ252NDJ5TV9xX2J0UTNYVWNEV2Fsc1FadVdocTVwRThLUDVVU25QRHFaMUly?oc=5,The Quint,"Fri, 26 Apr 2019 07:00:00 GMT",2026-06-14T20:41:56.822805,cyber_stalking_bullying,True,False,candidate,https://www.thequint.com/news/law/tripura-cm-biplab-deb-accused-of-domestic-violence-by-wife
online harassment Tripura,Tripura JEE 2019: Online application starts today @tbjee.nic.in - The Times of India,https://news.google.com/rss/articles/CBMi0wFBVV95cUxOc3pHT0dRanRXNlJ0TWZNVkM2MENjYllNd1psalBndUpNSldMV3FzWlVPLUFOZmtBZ3lXOTQxX1VQUDR5ZV9lU2JyVG5HSnhZcDVqdzd1MHdJN21LaUZnTU9sQUY2ZGt3STNGaEJrNzR5OG5RdURJTWJLN1hVM0IyelExQUE2OHZyVnJmZDhycXp4dG5TaC1ocUY3d0kxa3pGenAwSXNnT19PZkIyXzRENUtfM1YzYVoxMHRzOGJEb0VJTGZQQUw2OFJNaXUtME1DVUpJ0gHYAUFVX3lxTFBVR1cxRElHS2lzbFFmXzN3Qy1JSW1GRHY0T1p4N1UxRkE0UTV4cjYwb3g0REgtVUwxazBMZWtWTHQ0NlM5X2FjUU9RN3JyNXFNZzA2Ukt1MVJiczhxZllmV0piUFAzRkFjdHVBYWhQTkZLU0dIX3VMN0tVcDVDUHlDUlJ2bDlaekNiUWw5R0hoM212RTc3c1NaVm16b2VGWllqdVBFa1JCU1pndlVQNzd2bGg0T1hvSEpQbURabTlMSzNIN1oxeVRqZ2VTYlhVbDAtdlpFVWQ2Yg?oc=5,The Times of India,"Tue, 22 Jan 2019 08:00:00 GMT",2026-06-14T20:41:56.822812,cyber_stalking_bullying,True,False,candidate,https://timesofindia.indiatimes.com/education/news/tripura-jee-2019-online-application-starts-today-tbjee-nic-in/articleshow/67624395.cms
online harassment Tripura,"Kokborok Day: Tripura CM shares pic in traditional ‘risa’, starts online trend - The Indian Express",https://news.google.com/rss/articles/CBMi2gFBVV95cUxOT055ZjZ4NVg1MGxBQ0ZPQ3dQUnBPWnNxUHJ5TVZrdlhmdTA2cEJROUFUemFBNkNjWUlKa0I0UFYtQUo2YWY1dWt1OW5HZGJUOGtOei0wTnJUWjVJMjBBY0R6UFNkaEZJQ3pfXy02V0tETjdGczV0a29lS1o3VUhEclBrak9aS2JaQVgwZ2ItTDdhR3B0c0F3Z2d5RTFfRGZiVjl5d1B4dUdyWlR2TmxkVi1URlBLR3dSR1kzNFFQTGdodFhkVlNWaHVMUU05YTdraGdZelNFZ19EQdIB4AFBVV95cUxNODFmcHhlSFdqN0xiZkNHR1dQR3lGZUxod0xRZFdVS2JqRGFXRnR0MTJQMWZhbWFsanc3VFlEenl1OXh5SmJHSXQyVE5UekU2Q3dlbEpxRWFBV0kyNHJmMzVjZng0WDd6U1hCakc0SFF6VVg2UTFHV2FKVmRVcEhCdXUzTElkZi1tRWZvSmZteDRQbTA1WWUtSFpwWmdOMmlnYmNmcGQybGd6NGowMEZpYjNUUzk4OTRBX0luSHN4cEd6bGlZMkFkUzlpaDUxeHg1ODJnMDFnUGlQNVZXc211Nw?oc=5,The Indian Express,"Tue, 19 Jan 2021 08:00:00 GMT",2026-06-14T20:41:56.822837,cyber_stalking_bullying,True,False,candidate,https://indianexpress.com/article/north-east-india/tripura/kokborok-day-tripura-cm-shares-pic-in-traditional-risa-starts-online-trend-7153063/
trolling Tripura,Neena Gupta says 'buddhi ho toh kya' on vacation - Tripuratimes,https://news.google.com/rss/articles/CBMilAFBVV95cUxQUTdYWVNzNkxOVHFYLW0xdjEwS0VmUl9wbTBpVlBpM2NLVThKb2V6NDhfS0Y5YklmZEpMaDhyVUlBQXpsMGVvUWJYWnRxWWMyel9YNkNySGtQcVpGOHc4a05TbzJFNTFyOGU1c2lpcnZQOV9lWEZYM0R1R1BKUWhwTUJMdmduc1FKeDVoU3pBeTc4eTE5?oc=5,Tripuratimes,"Fri, 22 May 2026 03:42:35 GMT",2026-06-14T20:42:00.051901,cyber_stalking_bullying,True,False,candidate,https://tripuratimes.com/ttimes/neena-gupta-says-buddhi-ho-toh-kya-on-vacation-37386.html/
trolling Tripura,Sara Ali Khan reveals if social media trolls affect her mentally - Tripuratimes,https://news.google.com/rss/articles/CBMirAFBVV95cUxOb25McEtHVUhqSVRrVlMwc2hjUmhTZTlJem5ObzVRNUxOZXNxTVZUYWd1dU0tS01VN2RwNmljVWo1S1hNUl96dmYyNTlHX1RxenlrQzQ5SnhObnB0cUpMMzFIYUVWeWx1X1NoWUdCUV9BbnVEVWg3TWk4TzhickRXakVBVkVtNUgzREdvSnNnTTh0OFZBT2VzV2JoNGpWYXBXdnJoLVFlc2xWOFJm?oc=5,Tripuratimes,"Thu, 14 May 2026 07:00:00 GMT",2026-06-14T20:42:00.051930,cyber_stalking_bullying,True,False,candidate,https://news.google.com/rss/articles/CBMirAFBVV95cUxOb25McEtHVUhqSVRrVlMwc2hjUmhTZTlJem5ObzVRNUxOZXNxTVZUYWd1dU0tS01VN2RwNmljVWo1S1hNUl96dmYyNTlHX1RxenlrQzQ5SnhObnB0cUpMMzFIYUVWeWx1X1NoWUdCUV9BbnVEVWg3TWk4TzhickRXakVBVkVtNUgzREdvSnNnTTh0OFZBT2VzV2JoNGpWYXBXdnJoLVFlc2xWOFJm?oc=5&hl=en-IN&gl=IN&ceid=IN:en
trolling Tripura,CPM Gets Social Media Drubbing In Kerala After Tripura Loss - NDTV,https://news.google.com/rss/articles/CBMiogFBVV95cUxPRzE0c0hOazFiX1lDeEp0Nk5qaGtkcE5pZ215dWRtajJxM3FGU1dCeElNelRfU1NqdnF3Z2FveUtPeUpjaWM2Q0RTT0c1cFdENlZoTHZOZ2Fpa2pNTHJqSldaZ3NxUEJIT1NwMFA1RTJzUDJ3T2dzMXBzc2FiR0dtM2lEdzJpNFA1aUtETllFSi1LOTNkZklNZE5CODYwQl9ObXc?oc=5,NDTV,"Sat, 03 Mar 2018 08:00:00 GMT",2026-06-14T20:42:00.051954,cyber_stalking_bullying,True,False,candidate,https://news.google.com/rss/articles/CBMiogFBVV95cUxPRzE0c0hOazFiX1lDeEp0Nk5qaGtkcE5pZ215dWRtajJxM3FGU1dCeElNelRfU1NqdnF3Z2FveUtPeUpjaWM2Q0RTT0c1cFdENlZoTHZOZ2Fpa2pNTHJqSldaZ3NxUEJIT1NwMFA1RTJzUDJ3T2dzMXBzc2FiR0dtM2lEdzJpNFA1aUtETllFSi1LOTNkZklNZE5CODYwQl9ObXc?oc=5&hl=en-IN&gl=IN&ceid=IN:en
trolling Tripura,"Why Marxists didn't install Bhagat Singh's statue in Tripura? Lenin was a tyrant, a despot: Top historian Guha - Counterview",https://news.google.com/rss/articles/CBMif0FVX3lxTE1tTUZQTnpicFRRY3Nzdm1wY0ItM2FvNloxSmxDYVZBZVNLNUoxMGpqR1RhbzdGUW83a2ZPdVhjRHoyR2Utdk1yUkFLVnB6OVJHX3VfS1FpWnpadE9aVnJuY0J0cTc1SlVhZ3p2Mk5pRmtuem1Uc3FtLUUxYlNBNnc?oc=5,Counterview,"Tue, 20 Mar 2018 07:00:00 GMT",2026-06-14T20:42:00.052009,cyber_stalking_bullying,True,False,candidate,https://www.counterview.net/2018/03/why-marxists-didnt-install-bhagat.html
trolling Tripura,"Tripura's Latest News, Views & IT Portal - TRIPURAINFOWAY",https://news.google.com/rss/articles/CBMixAJBVV95cUxPWTcta0l6ZTRXd085am9MT1A0M0hrb25ydDM2ZUtpSUpVXzhiX1BmNzZuSEhwZ3BFb3VGWXBzUEw4eTVDMDBkMmlxWU9FV1pHamFhb0pzSjdFOS04TENpTWlwSDh4Q3l0TWdMT1dpSFhoeEVFNGliSmdqLUw3QjNpbGFnX09udloyYmIycUZlUjBMRHh4bGdyc0YxNkZkQ0U0MDVyN1JOTXppT055bXA1cEgtNURNWGZlcFdiN0c1ZXROR0kzYk5UemhKeTlvN0h2VWxlVVdPVEFHLWFvdUk0ZGFwRlB5V2FKczZwSmZTT05jeWhYaWlvRHF4UlFlU1ZvX1JfOTdoZ1VKU2pDM0tLYzNuYm1NOGFGcElSQ0s2SktmUXZtT0ZWVEYtRnM3bkR3QXNxMWlQM2tKSWtHTzBjSFQxZC0?oc=5,TRIPURAINFOWAY,"Sun, 19 May 2019 07:00:00 GMT",2026-06-14T20:42:00.052016,cyber_stalking_bullying,True,False,candidate,https://tripurainfoway.com/news-details/TN/128234/wah-modi-ji-wah-in-tripura-modi-broke-518-years-sacred-rituals-of-matabari-during-election-campaigning-now-at-kedarnath-jumla-guru-meditates-with-cameramen-pillows-beds.html
trolling Tripura,"Angelina Jolie meets fan with ALS at film festival, gets trolled - Tripuratimes",https://news.google.com/rss/articles/CBMiqwFBVV95cUxQVEo2c183Tjk1SnM3TWdZY0ZKb3ExYnZIZVJwOWhoUmVrQV9fcGZPQ0xpV1ZwX0E3RlpiRjF0T0ZuZHdxemcwQ0NJRk95c2hZdnZnQUh0T3pvMUdsYXdCbWhhU0s1RWxDTDBRZWIwbnRKVHdMVDBKOWg0VXhJY3d2THBEU0szU3pIakpDV2R5TGxYb1BUSXk1emhNQXFpUGdGUmhCZXNibTZncWc?oc=5,Tripuratimes,"Fri, 30 Aug 2024 07:00:00 GMT",2026-06-14T20:42:00.052023,cyber_stalking_bullying,True,False,candidate,https://tripuratimes.com/ttimes/angelina-jolie-meets-fan-with-als-at-film-festival-gets-trolled-18392.html/
trolling Tripura,"Tripura's Latest News, Views & IT Portal - TRIPURAINFOWAY",https://news.google.com/rss/articles/CBMilwFBVV95cUxPNkt4N3NHcWNkV1d3YzdPVHUzR1doeUdnUmdmWExOQk1Lc2hNeHBWSzVqa21XSXRONnVocGNaZWpYMk80UG9vYktTeTIxN1E1dm85WFpPS1NESjczeElQNXlSUXRZckZxOGFKdFBHRXhYMGFKVl82WUpRODg4MFlTNUJkUUREbmNRS1pxUFFNTEFqbVhTM3pj?oc=5,TRIPURAINFOWAY,"Tue, 12 Mar 2019 07:00:00 GMT",2026-06-14T20:42:00.052029,cyber_stalking_bullying,True,False,candidate,https://www.tripurainfoway.com/news-details/E/124651/sameera-reddy-condemns-body-shamers.html
trolling Tripura,Raveena Tandon responds to trolls who question her Padma Shri win - Tripuratimes,https://news.google.com/rss/articles/CBMirAFBVV95cUxNNlh4SkI4UFROYVQ3VllMTkhCckpQREN4ZHJibU9PbFEwU1RpRlhiLTRuR2NVSGx4QVF6emRVRVhJOU05dDBrR2NCU3lvMzctZXpYeGo0LU1wUmk5d0pVdldPTV9fZnl4dURTNnZuWmZMamF6a19faXUyYXJMTGdFQ2FxcWZMM3FCV01aandnUFl3MG0yQUoyQ1d2NTBKUUc0ZUpJSlZJb0d4UXVC?oc=5,Tripuratimes,"Sat, 08 Apr 2023 07:00:00 GMT",2026-06-14T20:42:00.052035,cyber_stalking_bullying,True,False,candidate,https://tripuratimes.com/ttimes/raveena-tandon-responds-to-trolls-who-question-her-padma-shri-win-7015.html/
trolling Tripura,Tripura court issues notice to Abhishek Banerjee - lokmattimes.com,https://news.google.com/rss/articles/CBMijwFBVV95cUxQUGItTTA0LVlVcnN2WkpVcEdRWDNBNTFlbktKeERzTFlLa1c1MHhVQW15MERrNHlSMXpSYjlfY3ZZT0F4SjN6enhwaWxoajJ0TXBYRFZKcHN0S2oyUmYxTkNLQmFWSW9HeWMtMnBXQUh6NVEzdHF4WEFBVFloSWg4c0VoVEprNEgzdFQwTlNTNNIBlAFBVV95cUxNOGJ1WF9zZXQzVnpZeFBxVzVCTlk5bElUS1FKdDQxcmQ5UUJMV19YNVFGNm1JV0w2a2c3ZlVjVkhGWHZ6TFBUT2NzUkRmWU5lMVlJWGRLWm1vLTBKUDlMTEZrQjRMYnVBRThicDlRNnh6QUxaR19FZmhXNVpPTkFxQXBKb2VEU0dfeGp1VFZfd1JMWWFR?oc=5,lokmattimes.com,"Wed, 10 Jun 2026 17:50:45 GMT",2026-06-14T20:42:00.052042,cyber_stalking_bullying,True,False,candidate,https://www.lokmattimes.com/national/tripura-court-issues-notice-to-abhishek-banerjee/
trolling Tripura,"Tripura Girl Makes Reel Showing 4 Burqa-Clad Bangladeshi Women At Border, Poses With Heart & Saranghae - Free Press Journal",https://news.google.com/rss/articles/CBMi7gFBVV95cUxOUmFUYkVEdHJxZl81VU1Sd1dzdHNkbDdwMU5yalAwcnR4UGFSYmpob205MlVxMW55VHFmdWFRWFFxLWEtNTlvQjRqdDJ3bHFwdE4xS0ZOQXNQb0JwR1ltR0VHLU85NFF1RVY2c0VMRFd0Z2ttOExUeTdSNU5oaVpyMV9IRmg1YkVKLWRBMEsydDdHUm1mR2t4cC12RnRTTTE1VU1yUFIzRWdkMW1GOWdVczEwQTNUTFRhSGJ4SnJDYkVReEhxYmpTMF9Hb1FhVFo2Q291ck9yV2xqbExLd1dub2Q3N2lZYmNwVmF1ZHZn0gHzAUFVX3lxTE1jUzljNk5JdXNoOVhNM0JIeFJ1QVN1WW9FbDM4aC12VkgwVXJBWVBuejF0ZzRuN05wOTlVWWtiVFlnQ1hSdXAyR1VDbXdEbjdZV043THMyQlFPMUR3OHJ1U1RMOWpTa2cwV1dVRWFfbk1iVmJjWkFNUzdhUzQtelhYTy1pdWZ4Z2hFZmM5VmM2R0s5b0t3QjRlLWpVNTJRM1lHMWNlTHRqMlA3TUR4Y1oyZFN1dGtONUtyeGVQQ3h2bFI3aHhiUXA2eWw4cHZRcTZvUWprb3VVa1gzMkhLNTVNVjFVWEFMdUVqd3NVOXhLT3prYw?oc=5,Free Press Journal,"Tue, 14 Jan 2025 08:00:00 GMT",2026-06-14T20:42:00.052123,cyber_stalking_bullying,True,False,candidate,https://www.freepressjournal.in/viral/tripura-girl-makes-reel-showing-4-burqa-clad-bangladeshi-women-at-border-poses-with-heart-saranghae-gesture-video-viral
trolling Tripura,Pictures of the Sealdah flyover: Tripura Trolls...!! - indiaherald.com,https://news.google.com/rss/articles/CBMimwFBVV95cUxPVWxrdlhnLXlnLTAzVXQ5T3dZb1h5LUV6dmtzSlVrcDZIbFlqcjBia0ExMUtwNXpGeTdianJxRUE4QXFFY0dUZVk5VERSSS1JODJUbk9ycDRKM0VWOXdQdmJGcFhPSmlUNklpa2lQQlhoRElMZ1FDSi1QVWpEWnRnV2FIN3JsekloYko5S0JXalNwaFlsRkFBb1hPWdIBmwFBVV95cUxPVWxrdlhnLXlnLTAzVXQ5T3dZb1h5LUV6dmtzSlVrcDZIbFlqcjBia0ExMUtwNXpGeTdianJxRUE4QXFFY0dUZVk5VERSSS1JODJUbk9ycDRKM0VWOXdQdmJGcFhPSmlUNklpa2lQQlhoRElMZ1FDSi1QVWpEWnRnV2FIN3JsekloYko5S0JXalNwaFlsRkFBb1hPWQ?oc=5,indiaherald.com,"Sat, 11 Dec 2021 08:00:00 GMT",2026-06-14T20:42:00.052142,cyber_stalking_bullying,True,False,candidate,https://www.indiaherald.com/Viral/Read/994452724/Pictures-of-the-Sealdah-flyover-Tripura-Trolls
hate message Tripura,Buddha Purnima celebrated with message of peace and inclusivity in Tripura - ANI News,https://news.google.com/rss/articles/CBMi1AFBVV95cUxOWFd2SnZDY0phWjIwdzU3VHBQOF90ZWl3WjRGdV9idWllVU1ITE1WbUJZMVJkRGNmYV9GUEkydWhhR3V2cGtlLW9sYlBETlJia3pFQ1ZsN1ByS21PbG53VlVFOGI3akpNVFZtSnQyNF9LVnY5a2dKamVHMlltRkFvSU94RkJQaUM2MGcya1ZIdTlUVzJNZTh1c2RCR3lxZVpKOFk4N0VERlhhX082UmhIdWR1TFNTYTJZNnVVcHkzUlhLREpPS084MUFxWXJDR093aFpPQQ?oc=5,ANI News,"Sat, 02 May 2026 07:00:00 GMT",2026-06-14T20:42:01.514983,cyber_stalking_bullying,True,False,candidate,https://www.aninews.in/news/national/general-news/buddha-purnima-celebrated-with-message-of-peace-and-inclusivity-in-tripura20260502134450/
online abuse Tripura,EPL reacts as Spurs condemn racial abuse of Danso - Tripuratimes,https://news.google.com/rss/articles/CBMimAFBVV95cUxOeUZWQWRqNDQ4WHBQaGNtM0FjZGdrMExvM3d1R28zaUJ6eXhlZXgtcXlxcUpSZmQ2Q1FsYjJvWjF1Q096UHZCQ0J3cU50cGNjYmk0ZWtkanQxX3B6TzVuQ2VZaTM0ZTZxVHFDYnBNU2VPcTFMLTlRbG9uWFdVaHJjRElYR04wc0lnSUJHMU1xS2FqRW13YWI3TQ?oc=5,Tripuratimes,"Sun, 19 Apr 2026 07:00:00 GMT",2026-06-14T20:42:03.121385,cyber_stalking_bullying,True,False,candidate,https://tripuratimes.com/ttimes/epl-reacts-as-spurs-condemn-racial-abuse-of-danso-36581.html/
online abuse Tripura,Tripura online activist held for “abusing” State govt. - The Hindu,https://news.google.com/rss/articles/CBMiugFBVV95cUxQbWNISUhPYnlxZTVMeXEyX25xS2x1R29UbHVUS0paSFhKMzNlLUduNW5MYThWNVBQVU1fdUttaU1QelhLS0hpSkwxYXZEdkdCMHNXM0VCb3BLenZ2MGxNVHF0UEZnVzVpQS13dUpnMy1ldHkzNzAxQWlrWFZWcUJBdjhHSTdhT0RDbHQ0TlZJX0dUNVRKdE9pREIwb1l1eXgxakI0QmVFZ2VkT2FKeElpRUxHSi0wZER4VXfSAcABQVVfeXFMT0I0WHd0R19sV1ZOek5HQUxQeFB5bzFLU1dDV0hJa1kxdmhOZzk0b1ZXSXlRbTZreFhYc3NGTDAzdFY3WEhLeWVPZVdyemRkNXg4eG5aTElpcWt2ek5zR3ctaUNUWU9HZlFUbjVCYVREbHhfUGoydXFkZHNJWUw1MTdSU0tZQXBIVjE2WmpJUVRLUHQ2MXBSX2s2Q0M0ZE1qZEI5WUFkWi1qZHZqTUNZenMwai1McVotOVVGenhUZzlz?oc=5,The Hindu,"Tue, 28 Oct 2025 07:00:00 GMT",2026-06-14T20:42:03.121412,cyber_stalking_bullying,True,False,candidate,https://www.thehindu.com/news/national/tripura/tripura-online-activist-held-for-abusing-state-govt/article70209670.ece
online abuse Tripura,Free ambulance service in Tripura Sundari - Nepalnews.com,https://news.google.com/rss/articles/CBMiiAFBVV95cUxOV1lteHBwcUxOcExocS10MTd3VE96LTdqcHFYT0VHTVp4QUROcktwNzJOeTFfSExzRS1sNldsYzQ5WmxGOHgzbEJSaWJ4VmFCUnZIWDI0T01LaERrejU3VHNIWjY0dVA4c1EtQUZZeGZnbjBEUWZzc0FjQWg3V1pPTENjNFNoU3FR?oc=5,Nepalnews.com,"Mon, 25 Aug 2025 08:44:24 GMT",2026-06-14T20:42:03.121513,cyber_stalking_bullying,True,False,candidate,https://english.nepalnews.com/s/nation/free-ambulance-service-in-tripura-sundari/
online abuse Tripura,"Tripura: Disturbing video of dog abuse goes viral, NGO files FIR - The Assam Tribune",https://news.google.com/rss/articles/CBMiqgFBVV95cUxPbzBjaUt1eG10WFZ2cjNkTWFZVFo4Rnc0d19BQ2xrall5NjhHUnlpMUtZRGJ4aEsxNkZPdm9temJ4WTVlMHhxczlta0tuNDRJclVndjJWSUtFMVUtcmo4TjJiMFRURTdReF9YYlEwTFNtbHR1VDFEMTI4cXk5QUFOUy04NXZ0SDlobU9RblRaR1hJVTZzbThGMjRBSXk2cU1kbll1T19teXRZZ9IBrwFBVV95cUxPa2lYT0RmSEE0TW5fdTlEeUY4X2lJRHhTV2VuUWNPeUhFaFNzbi1DamcxeG5ZV3dCRVJ0VmoxbFBGS0FnVnFJcmxBU3FQdVZVbXdjTlpjQ0pLcGk3SlFiaGhJbzN1ZlRwYzRWOFBmYVFVWjRtdlZOVHNoTlhnaGpqVEdrOTRZMVZNbkdocjRMY2FJOWppZXlzMkpxdlRlSVhsRlRSdXZ4QzloVzVDdVBB?oc=5,The Assam Tribune,"Sat, 21 May 2022 07:00:00 GMT",2026-06-14T20:42:03.121613,cyber_stalking_bullying,True,False,candidate,https://assamtribune.com/north-east/tripura-disturbing-video-of-dog-abuse-goes-viral-ngo-files-fir-1370595
online abuse Tripura,Tripura shocker: Woman paraded naked for alleged affair - EastMojo,https://news.google.com/rss/articles/CBMimwFBVV95cUxObGpyMXVkeWpqZzhVYWo5bG9wQ2w1Tm5ZNVVuQ0JZN1FXUk00c0FyQWhESWtRTkR2cy1fZFlfR0tOeFFwZjZoV0JGM1dMUDN1Rmd4RGMyQVB4MlU3WlZJTlRFdzVlcTNnUVJCcFl5bDd2RXBVb2pBWjQtMVNuSHcwTjNfcHI3eFE1RzFHOVY2a3I1aTVBRnR2aDRYYw?oc=5,EastMojo,"Mon, 28 Oct 2024 07:00:00 GMT",2026-06-14T20:42:03.121650,cyber_stalking_bullying,True,False,candidate,https://eastmojo.com/tripura/2024/10/28/tripura-shocker-woman-paraded-naked-for-alleged-affair/
online abuse Tripura,Four Bangladeshi nationals arrested for illegal entry in Tripura’s Khowai - Northeast News - Northeast India news 24×7 -,https://news.google.com/rss/articles/CBMiqAFBVV95cUxQdmZPTzhwUW9RT0lsWUozUkFIekRMbUNTSXNlVmJPTzEwcXJLajRtNnh0cHFKS2pjSWQxUWtJU1ozYmE0TXJjdlkxYVZmT3NYVm1qOUkxUUt0cjNWd05fNm4tRVYyYU9FQmxZMzJvaDA4b0tqd3d2bzhxN1FscU95SnJRdlVwNkl6TVBxeTcyZW1DcFh1S1ZLa2tKMWEzdkxUX0V0VGNyZ1Y?oc=5,Northeast News - Northeast India news 24×7 -,"Tue, 31 Mar 2026 07:00:00 GMT",2026-06-14T20:42:03.121687,cyber_stalking_bullying,True,False,candidate,https://nenews.in/tripura/four-bangladeshi-nationals-arrested-for-illegal-entry-in-tripuras-khowai/46504/
online threat Tripura,Tripura introduces online monitoring system for schools - The Times of India,https://news.google.com/rss/articles/CBMiywFBVV95cUxOX05sUFRWNWdKNjJ4YnFuVkVUOW9iOVp2dk9SNnJJckFnejZNeS1mcW5uUWQ2ZnlpSkMtei1KQ0JudWxLLUNoVjh1TUJ0RlhKMTRPZjB4OERkR04xQ1JObHZDYWZhZ05xdTJTSU5ZUWFrMnk0bHZId3AtMDZ6UHJubldBbEk4RV8xSV9JR2ZFSUFKcC1PdjR4RkFVdE5hd09zeGxHWFd2NVo4dURqMHdMUURNbmxTUUR4S1llZEtOU1pvWXI4ZmVjTWhzVdIB0AFBVV95cUxPZ2pjZGFqOHJvUWxHNHhYaHpPZy1uWlMtN0Uyc3htTV96YW1lVDNEVEItQmdRS05oS3ZHbmhMR1FtUlU5OUR4ZzJVUU02dnVIdzA4ZDV0TTJuc3RzUG5YTTBaV2gzRWs1cC1HTmxXWGJSdkZlSVBjSlVYbmw1NDExVWYtdDRjN0QtSHo0MjZITzNhelFubUQ2RVdBUlJ6Q2ZZaTNqNXMzcnFaeVNmTF9lQ1hBbkRKeXhUOEVPY3JjOXRlcGh2UGFSZjNtSWJjUFl3?oc=5,The Times of India,"Wed, 10 Jun 2026 11:44:00 GMT",2026-06-14T20:42:06.585447,cyber_stalking_bullying,True,False,candidate,https://timesofindia.indiatimes.com/city/guwahati/tripura-introduces-online-monitoring-system-for-schools/articleshow/131634303.cms
online threat Tripura,Tripura launches first-ever online school monitoring system to strengthen foundational education - Daily Pioneer,https://news.google.com/rss/articles/CBMixAFBVV95cUxObDJJVE9vaU1tV2VPWGh0QnhUWkszVXl6RjhfcWRQNzlrVjYxVUN1ZklIWXlsTE1QcVdsYks4OEozME9BZ3hhR2pDS2dwdTJ4SlcxcmhqbHFrTTNQWkV4cUtyRDE4UDktb2NxdnkyT3FSZ2s1RV9Ba1BPQVdJZE53bDlzLUJKYWJzRWY1VTI3QVg4cUYzWGZ0YXdMOGVyQ2Z6Q01Ic1NFWVE5OXZ0SS03TXozMUtiZGxjMVAtVG1QOEFwTE91?oc=5,Daily Pioneer,"Wed, 10 Jun 2026 09:32:11 GMT",2026-06-14T20:42:06.585481,cyber_stalking_bullying,True,False,candidate,https://dailypioneer.com/news/tripura-launches-first-ever-online-school-monitoring-system-to-strengthen-foundational-education
online threat Tripura,18 family members of political violence victims granted jobs in Tripura: Min Nath - The Times of India,https://news.google.com/rss/articles/CBMi8gFBVV95cUxQZVlVaDdza2N2UVNwcW40dy1WOGlQalRDR1oyTkxaOXVmMTFIMXhFeU1vbkpmbTZiek9OUXltczNpZUExbUZPcFdMUzBGT0dfbnN3R0tCWGhjaG1HSnJ3cWdtZHF3V25rRTFZUWRwRmM3MTFVeVhYNkdIZkhWQi1CZHZMWkxCcEJNYzRTUjJGMmNqYjNJWE1WUlIxVENGVEZSNGRyLV9jcG96RFFwQUVOdjdueFNkaWFDc1dwYnVUYW1JVmFjOFFEbWRLYmR1d0Yxa1JvbUVGVG8xSUUxNHQ3alp1eDU1MWlvSkZOM0ZPVkVEUdIB8gFBVV95cUxQZVlVaDdza2N2UVNwcW40dy1WOGlQalRDR1oyTkxaOXVmMTFIMXhFeU1vbkpmbTZiek9OUXltczNpZUExbUZPcFdMUzBGT0dfbnN3R0tCWGhjaG1HSnJ3cWdtZHF3V25rRTFZUWRwRmM3MTFVeVhYNkdIZkhWQi1CZHZMWkxCcEJNYzRTUjJGMmNqYjNJWE1WUlIxVENGVEZSNGRyLV9jcG96RFFwQUVOdjdueFNkaWFDc1dwYnVUYW1JVmFjOFFEbWRLYmR1d0Yxa1JvbUVGVG8xSUUxNHQ3alp1eDU1MWlvSkZOM0ZPVkVEUQ?oc=5,The Times of India,"Sat, 13 Jun 2026 18:39:00 GMT",2026-06-14T20:42:06.585490,cyber_stalking_bullying,True,False,candidate,https://timesofindia.indiatimes.com/city/guwahati/18-family-members-of-political-violence-victims-granted-jobs-in-tripura-min-nath/amp_articleshow/131711333.cms
online threat Tripura,Tripura’s farmer producer organisations can’t evolve in silos - India Development Review,https://news.google.com/rss/articles/CBMipAFBVV95cUxOOU1icjFZS2w1N3B2dEY3Y296OTc2a0xVZXhBWkE0VU9rcEN1UVNHRVJqdGlHZERuMkl4a1pBZFJ4NE1ZakMxdUE0X1VaLU9JUnVWWUlvVUlINHc3WWQ3NmFDNlFCX2F0ZEtYRVFtQTVXcWM2bGZNYUZlRUoyZHpsMWR3b1JKLU12SDJrSDZleTFIVmxGQ25aNGpHVHpSZ01rSDZoSg?oc=5,India Development Review,"Wed, 08 Apr 2026 07:00:00 GMT",2026-06-14T20:42:06.585515,cyber_stalking_bullying,True,False,candidate,https://idronline.org/article/agriculture/tripuras-farmer-producer-organisations-cant-evolve-in-silos/
online threat Tripura,"Attempt to torch mosque in Tripura; threat note, Bajrang Dal flag found - madhyamamonline.com",https://news.google.com/rss/articles/CBMisAFBVV95cUxOVU8yaTY1UWc3LWZwZW8wY2dlRXgtUmpMYkh0ZGpLdFVXQjV4dlZwMjdVMkFRREFENm5KQk5XTzQ0SS1HVUhUNU5hOVg4T3NsZGVuek9JeDc1QzBmdUVKMVprWW5fVEZtZUxGaEJqYzRMSzBDejRvUUpqNWN3ZFQ0MnFDa2hVVGJaRndHRnZtVzdKOTB6Z2IzeHZEQWMxQWJRa0J4emV1Rk53TThIc0lXQ9IBtgFBVV95cUxPYU11a1lTZTZzUTZuamFSQlpHQVlQQVFhcVR4YWxaTXcyWVJPN2hwNW1ETGlaWmNCeFl5SFlwSFNYcGVSdHlFZDF1dDc1SDVnTVE3UVN2dHkxWHZrM0Z6X3U2TVB2ZjhUSWRNMDhjMXZLZVVCTWVCWlpMTFRzM0V4WW5nT2Q1eWtVUmJpblNrbEE3RWdpZjNkSGlMekFMcFRXWE02UFFCaTRpX2tOQi1QdzAzdVVNZw?oc=5,madhyamamonline.com,"Sat, 27 Dec 2025 08:00:00 GMT",2026-06-14T20:42:06.585555,cyber_stalking_bullying,True,False,candidate,https://madhyamamonline.com/india/attempt-to-torch-mosque-in-tripura-threat-note-bajrang-dal-flag-found-1480909
online threat Tripura,"Bid to burn mosque in Tripura, threat note with Bajrang Dal flag found - The Siasat Daily",https://news.google.com/rss/articles/CBMiowFBVV95cUxOZC03Q3JJbmZVSmY4OHZpTjM1bHNrRjk5bHhFWi1JWXktTXpGQlI3UXd1SmphNUZIYkc2YlhxVjN0ejlyMHNnNjdJcHVvS0ZGQ0EwS0RFTVd1T1NGSTUtOUFCNkp0SDJaTy1RSEF1MXNNZ3B3VGt2VlVocEVwaGFLVkJCNzZCVVdDRkRyckdsVHU0MlVSRF9ybThvNWw2a0lPcktF0gGoAUFVX3lxTE5BM3A0ZVlDMko4WFphdGlOMEkwSWc0Y1FkSkIzQkFzRkxCdnRpdGUxVDExVm8yLU1jQ3pfNFVVWWg3V2FkREU1cHdtRDhsQWZiSk1ZWnd5VlRBeGxrSXlXSTRfVDh5Zzdvbi1PSXhObVVGcFRWQlp1azBON0hCY21UTEJia1ItQ0xGQm9TTjNwdHRlcUxIVjZfR1p1TllBc3U3Z3h3Q19ULQ?oc=5,The Siasat Daily,"Sat, 27 Dec 2025 08:00:00 GMT",2026-06-14T20:42:06.585563,cyber_stalking_bullying,True,False,candidate,https://www.siasat.com/bid-to-burn-mosque-in-tripura-threat-note-with-bajrang-dal-flag-found-3317202/
online threat Tripura,Tripura becomes Northeast’s first state to strengthen power grid cyber security - India Today NE,https://news.google.com/rss/articles/CBMi1gFBVV95cUxPZjd0TFlIelZBS1pReDVmYjNpdG9wSEd3NmpwMmRSSi05cDZhZEZwZlFFVHJKRXN2RWdDUFJORWxaNlAtTXRqdS1Jbzl5dDRnLWgwNXE0ZDNETU5qY1NRdTZaRGx1MElvcWhVX3MzdllfWnJ5R29mZk42UjJlaEhVNW9qVzhGS3RWUThRdnp2eGZ3a0pVbVlZOTdiUS1qY0lsR2ZIc3pfSHNveF82MzJnTEs4eXZWYW11VVFyRjFTd19fXzVaMkJPLXVRUXNMUWJrUzg4TDR30gHbAUFVX3lxTE5wNTFGMWhwdDNORXhhYk9FSmhPb0YyWTBLcUUyQVdoRUFiaEIxakpWYlpsaXVlRHNRQUFURnprZV9rZ19fM3NZWmVtZDNKNmpDQTFjV25Da29OOFRhN3Z4YVdQRFBFNS0yZ3Z3aGUzdkR1eXhFdGFTREtwVXJQYi04X3BGZHAxM3RKVlZVLVF1aTZ2YkY3WHRvY2ZoN3lfNkd1TVhqWVcxdE1ZTWFHcjJ0R3ZFeXdvaU5ZZ2hvbzROSlFCN3JhcGxmcmM0SnUwWUhpY3Vpak43REtaYw?oc=5,India Today NE,"Thu, 01 Jan 2026 08:00:00 GMT",2026-06-14T20:42:06.585570,cyber_stalking_bullying,True,False,candidate,https://www.indiatodayne.in/tripura/story/tripura-becomes-northeasts-first-state-to-strengthen-power-grid-cyber-security-1325247-2026-01-01
online threat Tripura,IFF questions the legality of Tripura Police’s direction to block accounts on Twitter - Internet Freedom Foundation (IFF),https://news.google.com/rss/articles/CBMisgFBVV95cUxOOG1ER2UzX3NXbnp1cWY2dmQyWUk5MHdvYTJpdE1XajIzYm9IZFRkcVozTlgwSlk2NVc4R0d1VFppQzcwUkxYSTdVZ3VsazFOZ3VXNUtpbWdjRUotcU9BWEhGc1IwVWVxZ2NRdHQwYms1ek9qRG01ODRuM0xNalhBbTlOcW5YUFNhbjV1cDQybjU4NERoajRuNllnTDEwVjJFZDcxQkd1OWU4Mk5NelpvTHFR?oc=5,Internet Freedom Foundation (IFF),"Tue, 09 Nov 2021 08:00:00 GMT",2026-06-14T20:42:06.585586,cyber_stalking_bullying,True,False,candidate,https://internetfreedom.in/iff-questions-the-legality-of-tripura-polices-direction-to-block-accounts-on-twitter/
online threat Tripura,Tripura set to emerge as Northeast’s next IT and data hub: MeitY Secretary - India Today NE,https://news.google.com/rss/articles/CBMizgFBVV95cUxNeDc2RjZUbDZJWFAyVmVOZTFJNXNpOG4zNXlKY19DQWVKTlhqcW1JY3hzdmd5QmxFejJwZ094bUhuV21kMG8zZGwtcnJVbjZxMTBoNUg3eW43eGRkY1VVcXdxcWF4WGhyamp3VFc5SmtlQmZoN1pNNEk4SU5oOHEzOUpXa0VwaHdyZ2RhVmNDNmlGNHlVdUthSlh4X09HWld0YXdiNDBUR1ZjXzhDa01FQlFSRXQ0elN3eFRpeVJIZ2F5enlyUnVWajRXSmVud9IB0wFBVV95cUxQQmFlVXZOLUJBMktJdENMaF9IbmZ3c0Y4RFVyN214dklYbWxCbjFSSEhybzc5VVF1YWQzSkxERUhTYzZld0s1SXM2Z2M5RDkwTldlYVRJdUNfaTNPbC1QMzk0WGh3Q2VtbUZwZWR2MTJSUkx2X2xFZlhUU3drRDJBQVdpZmNCd3ZIMGR1bjhNYng3V0ZkU3lMLVRGclJlY3FpOXZXQmtMcEgtRnlYaG1SbGljdFdaYkM1Q0VqSHFzWkNUY01IekgtLUljbzJkM2QwbEFj?oc=5,India Today NE,"Tue, 11 Nov 2025 08:00:00 GMT",2026-06-14T20:42:06.585609,cyber_stalking_bullying,True,False,candidate,https://www.indiatodayne.in/tripura/story/tripura-set-to-emerge-as-northeasts-next-it-and-data-hub-meity-secretary-1302547-2025-11-11
online threat Tripura,5th Day Of NCC Camp At Saheed Bhagat Singh Youth Hostel. - TRIPURA STAR NEWS,https://news.google.com/rss/articles/CBMikgFBVV95cUxQWGpwbGgyazk5dWNhbHJTMldVdy1yd1B6aWNSX0xoR2o2REg0X3FvZXRrVWdsZ2NvMVBmMlUtZ2tuM2YzZnZvdTdWeW9udENFSlBCcTNYT0Qwai1rODVXcHdLT015Q2lfaUZ3b2RTaE9UOFN3Tm1YcmFXbklRMFgyUEhTdFRJUUZ1OVgwc1JNZlRGdw?oc=5,TRIPURA STAR NEWS,"Sun, 01 Jun 2025 07:00:00 GMT",2026-06-14T20:42:06.585655,cyber_stalking_bullying,True,False,candidate,https://www.tripurastarnews.com/5th-day-of-ncc-camp-at-saheed-bhagat-singh-youth-hostel/
online threat Tripura,ABVP stages protest at Ramkrishna Mahavidyalaya - Tripuratimes,https://news.google.com/rss/articles/CBMilgFBVV95cUxOR1psUzZkaTh2YXlodWpGcWJoOTFjbVdCckxyREdOcVZGb0o3Y3d2NElVTkdYRHF0RFdWenlrU2p0a2I0WERodTBEa1kyb1VTa2hRandybmg1d283SXROOFhfR05WWlJKdlF1eEtnWFBMbjBpS2ZLSm4tLVpXamlSQ3E3ZU1WQ1Ztem1TYUlwRExhdGRzQVE?oc=5,Tripuratimes,"Mon, 23 Jun 2025 07:00:00 GMT",2026-06-14T20:42:06.585685,cyber_stalking_bullying,True,False,candidate,https://tripuratimes.com/ttimes/abvp-stages-protest-at-ramkrishna-mahavidyalaya-28897.html/
online threat Tripura,"Tripura: Ex-militants threaten to go for road blockade, demands withdrawal of pending court cases - India Today NE",https://news.google.com/rss/articles/CBMi3gFBVV95cUxQQlRISVR6S01ReEdaRGVqS1pDZE91SWVVbVh3Nm5vVUJxeFo0MWJHdk1rOE1fcl91bVo4SkpQN1k0cnV3Um9GVXNVNFZqX2ticzdRMnN3ZG8zdnNlYTBQWXpabUFLRjJKQXZHTlhRSl9UdFNOcEx4XzRZM3dSUzdobUtNNmRKVzh2dDRCRXRaREo3RmlkZ1dVeWVlQUlnc1V2SDBLUnk3YnlndWUtUjhSR093SGthSnJsaGVNM0dXQ0o1S2FPLW1tUzMtWk5HQS0zcmtwWHo5cTNRX2ZkMHfSAeMBQVVfeXFMT2JFdWFGVUlTczRvZ2tpaVZfTnFmR2VjT0dQbkNOMHhablVRSnpTSE51VU03aGJ0TEoyY0V5b2h4a2w5Q3k0SzZaaDJNbWlNTEhocFZjRW95bGVZZjZnSUN5Q2RGQWFreHNFRzAzQXV4Z0NiQWFkbXpiODRGTG1wX0x0b1cxdE92U2xZWjRobWc0NUR1MUlTSHNNaEZZS2R4YllYWlh5N2JlVy1keDdhbkdtYmdzRFBhOTZtcE9sTk5ERndKNnhSaHlfdXhTT2w0SjlVNkpKOFNCR1lWcVUwTHVKZjQ?oc=5,India Today NE,"Sat, 29 Oct 2022 07:00:00 GMT",2026-06-14T20:42:06.585701,cyber_stalking_bullying,True,False,candidate,https://www.indiatodayne.in/tripura/story/tripura-ex-militants-threaten-go-road-blockade-demands-withdrawal-pending-court-cases-464219-2022-10-29
online threat Tripura,"Online, SMS-based FIR launched in Tripura - The Times of India",https://news.google.com/rss/articles/CBMirgFBVV95cUxQcmdrUWdQZnprN3FQSTdSZlFUejlsb1JYN29PQzRVc0J5d1J6akZrUTFhbnV6WFcyRTZaY0VPNGp4VGduNkkwUzlPTHZmZkpZSlhXNnNkcEgycWNreDBjVmdOdjFfY0ZKMFdvVVNrLXh1NF9kblZ3bnZUbUNuMlBDamhpNTFXa1B5M0xnQmcwbUpMcXdjckVKWU9qb0JwMG1VemdSeW8ybjdRd3pLNXc?oc=5,The Times of India,"Mon, 19 Oct 2015 07:00:00 GMT",2026-06-14T20:42:06.585726,cyber_stalking_bullying,True,False,candidate,https://timesofindia.indiatimes.com/tripura/online-sms-based-fir-launched-in-tripura/articleshow/49449174.cms
online threat Tripura,Tripura CM’s claims about internet in Mahabharat era inspires hilarious memes on ancient Indian tech - Scroll.in,https://news.google.com/rss/articles/CBMizAFBVV95cUxNeW1vdjRCMzhWTS1QR1dyRXh4Y0J5NEJjTHp2ZW02aHFqLUNCRHN2RHY0SHptZGRTWEdYYnE2S2xYeVc0bUY5WWM0WV9KZXdQSHMxbXcxYU1jc0F0aXlGQWEzSm9UcUoxdTZzRmdOcm0tWWZ6Y2FtZEpIX1EzaTNrRTY0Nl9xbUtReWdmckQ1b0FQT2pJMU9NR3piNTFFOVA0YWZfMG4yM0dkR0J1azk1MVNIc1Z4Q21oSW1fVkpNTElVWGNZRS1HWi1oV1jSAdIBQVVfeXFMTkVOX1VIZTQtOHdrdmpNTUp5UXFSUXp6anAzaVcwd1R3RE4xTDUwVV9uVXBXWk9qVXR0VHJQamdUdUZVTXNZeGZrTG1EblpkM2lpQ1lKWFV3bkZ3dWVreG1pQnlpT2xyd0tUc2w4bU9tVkVncmxBeHpzbHBHM0xtOE41UmhCczVmbFhwX2ZGekRSOWh3ZUU1THU4UVlVRDZ6djIzWC04S01WQTJSM1l0b2Ffc2FuVThVTFhMRjdiQzROVDAtcE4yYlN5QWxWZ25QWVlB?oc=5,Scroll.in,"Fri, 20 Apr 2018 07:00:00 GMT",2026-06-14T20:42:06.585741,cyber_stalking_bullying,True,False,candidate,https://scroll.in/article/876293/tripura-cms-claims-about-internet-in-mahabharat-era-inspires-hilarious-memes-on-ancient-indian-tech
online threat Tripura,‘They fought over WiFi’: Twitter laughs about Tripura CM’s claims about internet in Mahabharata era - Scroll.in,https://news.google.com/rss/articles/CBMixwFBVV95cUxPVkpVOEgyd1FvUU9aM200Tm8zNHFWLTZ1SjE0T1FaSWRUcHdkRm1zNUdFb2hUUkFkREx5cmRVbW1kM2ZCbllUa0Z3MUNQOGFWajk5bmU0MWlzM2QtTVdUTHkxUDBXTy1ITDR5NUVGZ2xBajlYdE1VbzFXcVN3c0lQdndjQnIxaFNVRWFDbzZnQjUzSk9mR0VaZ0ZiUVBCb1RKa2lqTVdHTWJpckZoN1hqYTZxVVZiOHFmQjJmUEFqa0Qtd1FKQmE40gHMAUFVX3lxTE9MTURZSl94OTlkZXB2bHZlT2d1UlRSb3V1ZEpuVHgzTWdMQXBMNjQ2NzdYVkFJMXdFaXVPUUhqbEZTWk5lNFk4a0Nuc2EwcFltMHJJUWh0RlhyRVBKdGd2WndxcFpIVVNJWW9fZF9zS0JJOFNBY28xZ05peFA4a3RLTXFRVm1ZUmc3QzhnTnRUMWJoRkVJcXYtNk01Q2gyVFhScktIbW5CUjM0dWJ4cWhERExkaGJmM2JHcnB1UEZtdUNucktzckRYVG1LdQ?oc=5,Scroll.in,"Wed, 18 Apr 2018 07:00:00 GMT",2026-06-14T20:42:06.585764,cyber_stalking_bullying,True,False,candidate,https://scroll.in/article/876072/they-fought-over-wifi-twitter-laughs-about-tripura-cms-claims-about-internet-in-mahabharata-era
online threat Tripura,"TBSE Class 10, 12 Result 2026 @tbse.tripura.gov.in: {OUT SOON} – Check Time Where & How to Check Results Online, Download via DigiLocker, UMANG App, & SMS; Official Direct Link - The Sunday Guardian",https://news.google.com/rss/articles/CBMirwJBVV95cUxPVm1RM25PSVZKRWhUZWJua1BmbEVpeEFNR1BONzY1THU1UDJFdkIzUEJiQzVpR3NBSU0wQ1pGTXdjbHp2aFFuTWl1SFhvRHF6WmgyWkdUTUw4bjJkdmczNWRURVBSaWNLUW9wOHFuLTNxYWJmbjZfZjl6dGVZM3hQbjBRb2t2TUdYTHJWS083N3BGbEdTYWpZY2h2Vkw4Y2hhU1lJUWtoa3ZKTC0wOGZ5OHczcDFNSTg2NmVuOUdMVkJ2VVBrODF0YXpPZVNTTnFpQ0QtWmZ0SWdvcGEzX3FHMkdpeDRQQXRvYUhtenFzNXpqODlHeDJDRGJnbzZvRVBCNnpWQWFqc3Rkc3ZmN2JobHJSVGR0cDRVQXRwbUxMRnFia0lmUnR1Qk5ubThPTGfSAbQCQVVfeXFMT0ItMkdtekw4UDFDeHJCWnJfc2NocnBLSlVUUkhrbmV3Y2xjbUp2MDVwQUJwcEIweEdMOTFjWWR0UmJ1ZExwazNOS2tORHBhVVFkcTU1UGZBejZxLV9OSi16Mjc3clJSenI5dGQyWmExREp2eHJkd1ozWTd3RVVBS1FqWHlaaFEya3EzR1lDWlZYbVY4RURDc2dYSlZoX3VsWHVlSndYbWxBR29lOEstcEo4d05jOVVIZ3pxMGtwVnRWaklzbHB3QXQ2dDVGZHJocF8zdFpfSGo2SmotRGtEQzlEdHVLbC0wMC10VVkxRHoyM0RhZTdKeEM3d2dVaXlDMXpUZWJXS0UxakQtVENXZ3J6MU9SQ2YwSUJvY2JPVHdGNFBtenFwR3Fvd0pNb0pCRjlxdC0?oc=5,The Sunday Guardian,"Fri, 08 May 2026 07:00:00 GMT",2026-06-14T20:42:06.585801,cyber_stalking_bullying,True,False,candidate,https://sundayguardianlive.com/trending/tbse-class-10-12-result-2026-tbsetripuragovin-out-soon-check-time-where-how-to-check-results-online-download-via-digilocker-umang-app-sms-official-direct-link-189998/
online threat Tripura,"Tripura Board Class 10, 12 Results Declared At tbresults.tripura.gov.in; Direct Link Here - Free Press Journal",https://news.google.com/rss/articles/CBMixAFBVV95cUxOX3l2SWEtMmVUV0NTSElmeDFGcGd4UW9ZWlJhQkpFc1YyeTVOX2VaNmlXZFZYYlFIM3E4Q01uUzFxSUpqajZQbTZSeFpJcnJlYzdOVE0yUVloTW9rcW5wRmRoMUVobzBHZ29YeVktelFxUWJYc0VrWmllUThTa0dLa0ZqR01TcW1QQ1lETlhsS2dZOVFzR1k5MmlyQzRJWmstSm9PUWdSd2RqRjFsbWJTcHdvc3FwQ1NVNmNXakkwblVneWdz0gHKAUFVX3lxTE5WMzN2Tm1hZVNCemwtZmRJQVQ5ZGJSdXRxTkdtNjdpUDFSdDhqSjlmNnBBdzVMZV93NkdaZkN2bkZGVXVYSndfUDFSTC1XUGdJUVNCQnFkSDltdnExVTlnYXozLXVfOTJzWlpwVGlvWUh3dklVNXlYdFViX21nMWpaeG5SdE82Q3NvUkMxNnZJN2FjVWRCenBEYzR5TEM0dzFWU0ZWN3dsQmtWMVVBT2h5Qnl6MHJuUHFsLV9YTjd1dHdlWFRtOVRGZ1E?oc=5,Free Press Journal,"Wed, 30 Apr 2025 07:00:00 GMT",2026-06-14T20:42:06.585808,cyber_stalking_bullying,True,False,candidate,https://www.freepressjournal.in/education/tripura-board-class-10-12-results-declared-at-tbresultstripuragovin-direct-link-here
