query,title,url,source,published_date,collected_at,search_intent,is_state_and_cities,is_noise,row_type,real_url
cyber fraud Arunachal Pradesh,Arunachal: NABARD Holds Cyber Security Workshop in Naharlagun - Arunachal24,https://news.google.com/rss/articles/CBMijAFBVV95cUxPTFIzb044QTJDbGdRdUphLWZ1eXVLSC1fTlV6R0pJU2Vvb3pqREFQcE05R3NXcVFDcTNiNTlyUzQ1RXoySjdoc1o1QXR6R2dQYjg4VEJSU3k0ZjlXaHUtUDFUbGRidjZCeUxXd1NNT3NpU1oyUnFGczRBeUN0bG4zQ3d5TjBzZExfU25TMA?oc=5,Arunachal24,"Thu, 18 Dec 2025 08:00:00 GMT",2026-06-14T19:54:28.458449,cyber_fraud,True,False,candidate,https://news.google.com/rss/articles/CBMijAFBVV95cUxPTFIzb044QTJDbGdRdUphLWZ1eXVLSC1fTlV6R0pJU2Vvb3pqREFQcE05R3NXcVFDcTNiNTlyUzQ1RXoySjdoc1o1QXR6R2dQYjg4VEJSU3k0ZjlXaHUtUDFUbGRidjZCeUxXd1NNT3NpU1oyUnFGczRBeUN0bG4zQ3d5TjBzZExfU25TMA?oc=5&hl=en-IN&gl=IN&ceid=IN:en
cyber fraud Arunachal Pradesh,"Viral Video: Little Girl From Arunachal Pradesh Sings National Anthem, Wins Hearts Online - Free Press Journal",https://news.google.com/rss/articles/CBMiyAFBVV95cUxPMmtVSzVXM3ZMdE44UmRCWl9aTm1SVXR6NGM2djFiWk03X3JYTllmZFdzT0xyOHhqXzdjU2d5NTlJazNQT3hPREo3WUxEbmJWUUl2VDF4QjFHVDYzZGkweDRQVm01czNGMkNVb2dHN3UtUEljODhidkpWVGhoTks0aUtxZ2M5SVBlaUltejRJcUMwTFdJVWJfOXl5V0pUa2Z5QzE1X0RNTlpWMElUdkcwZHNTN2k4Y0R5YzViN0VvN1h4ZlJsM3FictIBzgFBVV95cUxNMnY4TmNfSy1JWjRnck1mMVBvU25KT0ZLWWZRSGdtNW5fcWk4MTBIZWpfeVJmSjhWVlN4NzNvd0M0UHlwNWFSSklGcktfV1JGZFRncndxRDJNMlBObWJCNHFjMWRseE1RVEwxRFQtZXJLMVpVTklHM3Nlby13ZVFZS2JQUklJMjladENra3J2eXg0YWdfdTZpeHlGWWpCUEZXQ1pWUEEwMmlwbU9SOV9Uc0M1aHAzdzA5RFNITGp6cDZCemJ2ZXFmMV9XUElTUQ?oc=5,Free Press Journal,"Fri, 08 Aug 2025 07:00:00 GMT",2026-06-14T19:54:28.458713,cyber_fraud,True,False,candidate,https://www.freepressjournal.in/education/viral-video-little-girl-from-arunachal-pradesh-sings-national-anthem-wins-hearts-online
online fraud Arunachal Pradesh,Arunachal: Naharlagun Police Nab Two Absconding Fraudsters from West Bengal and Assam - Arunachal24,https://news.google.com/rss/articles/CBMirAFBVV95cUxNT2ZtOVVzdllSc1MxSXdlU3NoSExKVUFPTEJUOWV3Z0FaNVRNV3g4WEZiQXVUUWlzYndNcUpIYmF4c1dnZWNzbTNKRU1yTWJCbGlVMkZWUVR3RnFnTlFJT08wUmV6SEpKaFdCM3ZjaXJzb3prQVg1a2pCTUJFYTlTT3FTaUhmQVdWYWgycEhiX3FtalJVbFY3SXpYSnFfSkpDMV9MZ3UxcHRGSVVI?oc=5,Arunachal24,"Sun, 13 Apr 2025 07:00:00 GMT",2026-06-14T19:54:30.229331,cyber_fraud,True,False,candidate,https://arunachal24.in/arunachal-naharlagun-police-nab-two-absconding-fraudsters-from-west-bengal-and-assam/
online fraud Arunachal Pradesh,"Arunachal Pradesh flood, landslide toll rises to 10 - The Economic Times",https://news.google.com/rss/articles/CBMitgFBVV95cUxPRS05czFLeXBZVzhFb0lnWDh4dVR6LUR0NlVybmtmelVtQ2ZHbUllc0FTcEtQRXlFczllOUlaOTlLcTZic3VSWVVQSnIyNjJ5QTNBT0JiNUQyNjF6dUJsdXZWbUIwLW91RXlvOG5IM2VNazhQV3NNUXp3TzF5V1JNZFRUWE5HeHlEOEdzQXJYb1lWOTF1TTlTRmVCMkFVaXJlZ3dMTEo4bzZJbk5BdDNGdE5WeEV6UdIBuwFBVV95cUxNZm5saDktbDRrRmVwZUVNUzRxU1k3NlNpOHgza2tSUXhEeFJlZ3UzeTNSSmVQOVZKSEY1Vlp6ZDQwaklFMjZ5Y2E3VnlhNzlITy13OXY0OEw4V05DaGZ5bW95WTgxTlBreFI4c3ZEQWhrMnNzUjhGUjhHM3dTYjVQSmZiY05EWXZrV2NnVnQ2LVkyTDZuZ1ZHX2tEVWJJWUFlVnQxeXpWd2xoWk05SXNwY3JqSUpIV0ZYT2dv?oc=5,The Economic Times,"Mon, 02 Jun 2025 07:00:00 GMT",2026-06-14T19:54:30.229372,cyber_fraud,True,False,candidate,https://economictimes.indiatimes.com/news/india/arunachal-pradesh-flood-landslide-toll-rises-to-10/articleshow/121568666.cms?from=mdr
online fraud Arunachal Pradesh,Five arrested in Arunachal Pradesh Public Service Commission exam scam - The Times of India,https://news.google.com/rss/articles/CBMi3gFBVV95cUxNYmtuS1EtdFg4ZVByT0wxOW5VaFpiR09WemJuLVNQTE5zWWpUSDB4ZnVCcnVKN1l2eUxZRnBhSzJ5QXFJSGlrNjg3dTdkMlU1c3Q4ZWY0czFYU0QxM2FIVm4yY210YlRBaTBnZjRMR0g2UXRmeFB0RTBtV3RHdzkyMTdkUldKc2U5N2VwcXdwQXZrUTVLVTRIRHdqb0dwd1pHZDhrMVZLazMzQXA3T1oxMjdRNkRGRjN4eEc5cWFIUnpLa0tOYUdpQXl6YVZKMTdZai1ua2RzcXk3UGV0SXfSAeMBQVVfeXFMTnZKZi0yQTFqSW9iWnJnNER5M0FFcmJZUWR0YVFJVktxeW9Gdkxfc0Q2cGI1ZjA3TnpXbjlGMXZUMEc1dmg2ZVZwUGFJbjlpSFFIcGdpUjY1enJ3WG9RX290R2lIZXhqNXZUVVJvOHIwMkY1TGtyV2pyamlUMGQyNmJ5SUtBQld4dzVnZ0t0X1Vvendub09qdW9iT1lETTNIQnFzYlZXQVhIR0JTZWJlTzE4MGlpTWo1TER4am9rV3hwSEh6aWctamNJX2JEdV9oc2NYenJQUHJmQXVkZlNsd09Yclk?oc=5,The Times of India,"Tue, 20 Sep 2022 07:00:00 GMT",2026-06-14T19:54:30.229378,cyber_fraud,True,False,candidate,https://timesofindia.indiatimes.com/city/guwahati/five-arrested-in-arunachal-pradesh-public-service-commission-exam-scam/articleshow/94320967.cms
online fraud Arunachal Pradesh,"Arunachal Pradesh Girl Leaves Home To Get Job Through Facebook Friend In Delhi, Goes Missing - Outlook India",https://news.google.com/rss/articles/CBMiygFBVV95cUxOOVFqTktLU3hGbC0zY3VHQkpzb043UkZUQ01fV3hjUzF0QmZoM1F5R2ZhT2Q2djhVb0gzc1FxdmRMMTFrLTdybmJHMUUtOTdxM1MxRTlXbkhkOTRFU2lHLUxWaEc5VnVLZFZWUHNsX1JoVU15TE5GYXlnN1VOOXNUVDd5RTE5U0FQbTZmZlhGdGh2d19ZVnBWbXBJQjVfX3ZBTTc4WXBPdzE4MEdpU3l4SmxSSmNJM3dlMkVtck5RaWNkaFY4WW1vNVJ30gHXAUFVX3lxTE9GVmpOQ3IyZF81bVVsbElkRFhaRUJ0dU90NkY4YUhRbGpvazdkNXFuM3ZQSFlXSkpEVUlOS2ZwTV9wMmhpZkVzd2pULVBocjRPYVVQZWo1cHFVQzR2WTV0TkRVbTktRnc1ZXVjdnhDN2ItX1lJZ2oyR1BZZFV0dDFwbEUxZjY0NUlHMDNoeWt5MlFXb3hBRnlvRExaanhDak5weG1HTW9LNUgzcVY1d1VJblZFSFVPdTdzV0RJbElpRUVxR2VvNEV0bVFDeU5CWWJNWGV6ZnEw?oc=5,Outlook India,"Wed, 07 Feb 2024 08:00:00 GMT",2026-06-14T19:54:30.229443,cyber_fraud,True,False,candidate,https://www.outlookindia.com/national/arunachal-pradesh-girl-leaves-home-to-get-job-through-facebook-friend-in-delhi-g-news-305044
online fraud Arunachal Pradesh,Tourism flourishes in Arunachal Pradesh as Tawang thrives as a tourist hub - The Times of India,https://news.google.com/rss/articles/CBMi3gFBVV95cUxOX1VfWGpCZWQ0SzhCQ3VwZjU2NkpGekpCaHRsM21EWXl3SG5HaEdobEJRZDVmZVFsWUY0RHg0ZGZEdnRWbktGeGczU1dXcUZmMHNPMHNaaGtjNFJIcW94RjdsVU1vWkxBTk4xZzFQOXo2X2VaM2w1SmhYcnJQNnJRdkVkUUY2blpiZ040LXp4enctcW5lRWMwQzI3cFJwbW5lYy0zczBEcVRPRlNQbkhUaDhMc2paUXh4WVNsVEVtVFRwdFZSMGg5QzFoV05URWZYTjdueDVKOGk1VHN0U3fSAeMBQVVfeXFMTlY5NXg3TlRDcnJZTEF6M2x5VmZnRE84b0h1bngtSU05bVl0SHhOdmFBM2dzRmgtc3FlSVpmMzdpNDJ2RW9kQ2VZR1cwLXpVNW5FaEl5Sk1NWC12SkdkVkxoYjZ1QmcyakJuM3NaZ053LTNJT2xULVY3a2dwWTM2cTRzVnV5aDRPU094WHZkdUlKVXRjR1VwcFdGQVVaVWxiRFFiVHU5bGVCbllfUXhKcmpVS2psNlFSclgxdnc0ZXhUSmhkcnFrcWpqLVl3NGQtTG1SVU1kSzBqWDU1bTBfWGhhQWc?oc=5,The Times of India,"Sat, 17 Dec 2022 08:00:00 GMT",2026-06-14T19:54:30.229475,cyber_fraud,True,False,candidate,https://timesofindia.indiatimes.com/videos/news/tourism-flourishes-in-arunachal-pradesh-as-tawang-thrives-as-a-tourist-hub/videoshow/96287493.cms
online fraud Arunachal Pradesh,Arunachal Pradesh Launches Digitised Teacher Transfer & Posting System Under Reach To Teach Initiative To - Free Press Journal,https://news.google.com/rss/articles/CBMikgJBVV95cUxPMjY1ZnVHUlNiUUMzZ05aV0J1VklEcUp0VUdkOFdvbnJzSXE3X1VJb2l0cE5Ia3hTdzdkcnNZV0tvT1hGLUM0S1d3RUZPN3BuMzlVYXJnUGJGYWdLQjB3WDh5N3FwNXd5TDhrRHlMTXljVXI5VUd1T2NEbWlOUEdJUTZJVXhHTDJUazBjTVkzY3ZEZzVhckdTZlpWS0ZneDBNckZqSWp3REJmLWxKb1VtLXBEa1VsTFlSTENnT2ptNFZSa2J5QWtoakJpTXRiVVo4MUlFT01PcTRBMTdjank5UEl2OHhqdGJHemZuYURCWndXM0lfM3VWUDJpTWs4bE01OEdvam1YN01EajkxM20xSEVn0gGXAkFVX3lxTE1Yc3lsdkJoWHo4N0FWWENWRlB5czc3S1RXaDQxY09LSVcwcUpVUHNseUFCR19RSV90Z0FQTjQ5VHhmZUQ4WjRyNmxLMFlZTEhXXy0td0NWTTZUOGFoRWZPQy1RR3FJYlhkYzZObU1aRjBQMkowcTFNZl92NjBjSmFDci1jZ2dzMGs3Uks2aFJEVWRmaXczUzBSRHVlcDgzMmZIZXZ2eEQxY1VzaDMteGg0OWlDR3FueEhLTkJUMVNWcHA4dEpUNnFoQVF3MktRZVRBS1lCTEJOaU5WWTlSNVNBZkhNcXZJajJJelg3eDNCbjZ0SjVkTjVmbXZ3LUphVThsTFhSTHZKUnV5cDVjeXBLV3BxWXktQQ?oc=5,Free Press Journal,"Thu, 28 May 2026 07:00:00 GMT",2026-06-14T19:54:30.229563,cyber_fraud,True,False,candidate,https://www.freepressjournal.in/education/arunachal-pradesh-launches-digitised-teacher-transfer-posting-system-under-reach-to-teach-initiative-to-boost-transparency-staffing-efficiency
digital fraud Arunachal Pradesh,"Rashtriya Raksha University Successfully Hosts 2nd Police Technology Summit 2025 in Pasighat, Arunachal Pradesh - PIB",https://news.google.com/rss/articles/CBMiaEFVX3lxTE9feHdBQzNaMnFESjlyamJCakdqYlh1bUV1ZmxYZFkwbXd0azI4VjFwdHlxNnZ2M1poVHFsaFE4VlQ4RDV3aFZKYm9maldZRlZUNXB4R3IyS3loa1F3TFJIanFsU3dEN2lh?oc=5,PIB,"Sat, 08 Nov 2025 08:00:00 GMT",2026-06-14T19:54:31.930540,cyber_fraud,True,False,candidate,https://www.pib.gov.in/PressReleasePage.aspx?PRID=2187898&reg=48&lang=2
digital fraud Arunachal Pradesh,"Arunachal: AI, Cyber Security Workshop Held at DNGC in Itanagar - Arunachal24",https://news.google.com/rss/articles/CBMijgFBVV95cUxOWkl3TDJON29fbFlUbDJlXzZfNmNqOVhYNEJRY25NNU5kdmVpWHNaMDBzWnprYVFmWmk4TU93dElONGIwTDV5Szc4czUydnRZQVc1UkRyNUNIYzFhTmpHd0pjZ2luYV80OG40MGpLZUhINzc4U0ozaG1FMVB6RWxmbnNMOXhIdzA2aFhNQTFR?oc=5,Arunachal24,"Mon, 27 Apr 2026 07:00:00 GMT",2026-06-14T19:54:31.930634,cyber_fraud,True,False,candidate,https://arunachal24.in/arunachal-ai-cyber-security-workshop-held-at-dngc-in-itanagar/
digital fraud Arunachal Pradesh,Arunachal: Pasighat CJM Court Convicts Two in Fake PhonePe Scam; East Siang Police Crack Digital Fraud Case - Arunachal24,https://news.google.com/rss/articles/CBMiyAFBVV95cUxNYWFycWtZN09DcGZhVHltV3VfUzZzT1VZODFac2hLZThONTVwVEdGeTZhdWV5TUhmR2o3RzRZYXk0eVJfeG5aN2FZejh5SUYxVENWOGROaE5tdVBaUENSTkNxb0xnbURjZ051U3ZuLU9fT3BHOHZNOWNQM29Ha2JXb0RJZGhiR0s3TDhyZVNWcTBrNTNLbkx5ZlhJRFNGaDktSlQ5VVFJenpZWjZndlU4Y2p1RFZ3Y0hIRlVvVmczNGh0YXFFNTkyRw?oc=5,Arunachal24,"Sat, 19 Jul 2025 07:00:00 GMT",2026-06-14T19:54:31.930746,cyber_fraud,True,False,candidate,https://arunachal24.in/arunachal-pasighat-cjm-court-convicts-two-in-fake-phonepe-scam-east-siang-police-crack-digital-fraud-case/
digital fraud Arunachal Pradesh,Arunachal: Secretary NEC Reviews NEC-Funded Projects in Ziro Valley - Arunachal24,https://news.google.com/rss/articles/CBMilAFBVV95cUxNbkRfUFV0azFmNHVINUdWNkRLQVNFWnVnZkNraW83MmNqdUxqMUVJekEzMUR0TnlBdS01QmhPN3Znd0d4T3VLczNVNmlwS1BUQ0otenpGVllZcUd4SlV6MVVGSm1kb3kzS1FqSXFjSV9jZENBSVR5b1BLWXRrMWs4dHgzaXRJVUtUcGZ0ZHpSaFB0R0FP?oc=5,Arunachal24,"Sat, 19 Jul 2025 07:00:00 GMT",2026-06-14T19:54:31.930807,cyber_fraud,True,False,candidate,https://arunachal24.in/arunachal-secretary-nec-reviews-nec-funded-projects-in-ziro-valley/
digital fraud Arunachal Pradesh,Arunachal Pradesh Cabinet Holds Fully Paperless ‘Cabinet Aapke Dwar’ Meeting at Ziro - News On AIR,https://news.google.com/rss/articles/CBMirAFBVV95cUxPaC1mWEI3TkdYOU5PQ2I0T3FZcnI2UkxzdVhERFFwUHVsSk9ZVkFqMElVN1BmdmVPUTFyYTktRmpNV3haRUNYVzFLRjM5dXFqdVFtRG9fMWhRS0pKdGluYTg5NHFHdW1ucnlKUl9EcjY4NTBzaUxlNDM1clFBXy13RFFBTkdXVjZfcklZTEJ2V2JqenNPWmlCc1dQQWVPY0ZGQUNFQnhkM0k3bnhi?oc=5,News On AIR,"Tue, 09 Sep 2025 07:00:00 GMT",2026-06-14T19:54:31.930835,cyber_fraud,True,False,candidate,https://newsonair.gov.in/arunachal-pradesh-cabinet-holds-fully-paperless-cabinet-aapke-dwar-meeting-at-ziro/
digital fraud Arunachal Pradesh,Arunachal: Security Forces Foil Potential Terror Plot with IED Recovery in Namsai - Arunachal24,https://news.google.com/rss/articles/CBMipwFBVV95cUxQQVNHeG00X1pwX0pVZ0FlZWg3aUlmNkkxS1ZidEprRlNKMzNEUjFXUDNzYWotN3c3UGRJVGFTQUYxSktfU3lkVzhNR2dfUVF4WnpHVngwZ0hvd2JQSUItbHZ0dGEyWHFULXVfSFJJU1FJVGNQRWhNSnpsbFVMRDZtWFZEamZJQTdCU3l3SVgwX3hEMENLRVVpSlItN3NsZjV0R3p3b21xVQ?oc=5,Arunachal24,"Sun, 20 Jul 2025 07:00:00 GMT",2026-06-14T19:54:31.930847,cyber_fraud,True,False,candidate,https://arunachal24.in/arunachal-security-forces-foil-potential-terror-plot-with-ied-recovery-in-namsai/
digital fraud Arunachal Pradesh,Arunachal: Itanagar Police Bust High-Tech Cheating Racket During NVS Exam; 53 Arrested - Arunachal24,https://news.google.com/rss/articles/CBMirgFBVV95cUxOQ1ZJYk5QcU5vaW9uQjhaM2FlbnJPWTNrR1ZmVVNRVG45WFBVWFhOT1JXaHI1cEZORnlSZHBUY1RlM0haS01heUVwckF2V1owM0ltY2lhaXNqWThiVndCNjYwdUdXdUhtZ3JPWUR1SWRzMkFReGR5cUZVdW9leFRfbE9sZGtaUjgtbnItcGdobFdtMFpaSWgxS09YcUhyV0sxYy0yRXNyb0szd1IyQ0E?oc=5,Arunachal24,"Tue, 20 May 2025 07:00:00 GMT",2026-06-14T19:54:31.931103,cyber_fraud,True,False,candidate,https://arunachal24.in/arunachal-itanagar-police-burst-high-tech-cheating-racket-during-nvs-exam-53-arrested/
digital fraud Arunachal Pradesh,The DTO has been identified as Rajib Chandra Bordoloi. He was suspended last year for approving fake licenses in Nagaland and Arunachal Pradesh. - Prag News,https://news.google.com/rss/articles/CBMinAFBVV95cUxNR1lwcVpqZHVRZENyZ2liNzNUTW1yaUczb2tEM25vWFBZRVQtRGFHYTNPVEFrenFkNWlTS1JYR0VNZmlaRFl0amxzdGoyandWbXdfMnVSTWFaQm9RekxhaGVDaGlIYTI5bVQtbUpDNmlwaWRiVERpaHM2VFU3akd5eUFZT2wzS3dQRHlRNDdXRFVRZ25WQThVcEo0azQ?oc=5,Prag News,"Thu, 26 Jun 2025 23:56:33 GMT",2026-06-14T19:54:31.931156,cyber_fraud,True,False,candidate,https://pragnews.com/en/assam-transport-official-arrested-for-fraud-sent-to-5-day-police-custody
fraudulent upi transaction Arunachal Pradesh,Grow pumpkins to end illegal poppy cultivation: Arunachal Pradesh farmers - The Times of India,https://news.google.com/rss/articles/CBMi4AFBVV95cUxPeWREOG1UaTJaV0c2WDVobzk1VDMxdS1ka0l1S0M2aXczdU1YTFpjeHNlUlZkZjE1RUwzbHFKV2g0eW5vakpUVWZwY2x4N3BaOFZBQ3ZUU3E0bm1GRUlscFJWdHVNWFVnUk8tUTdTd1kzM3l2V1c4YXlVNEtXcDVuYUlXQUFTd2NqbGdUWUtDbjNRZmFRSV82WFM3THloSGV3bVd2cDJTZTVPRU9YS3BvRWpZaFZ3WHdTVFVmRWpnMGJkanowSHZxcXQ4eHBhRFpkTk1KbnpBT0pJX0NXMUc4aNIB5gFBVV95cUxOcW5fUHZCdVRlMDlFNHZzbmxCRHlSUjdubDl3T2ctd1l1ekZONDB2NS1OSnBZRk41VFlFQldKaFVWZFczcUQ5cG5TRERrVlZuR1l4ZW1nZ2lwMl8tRjBmSkxYdU5EVFVIVkJmLXdPbzZUMEl1WnV1dVh2bnlKZWlJM1FkVG5XZnJrNEk4UXNwdGVJY3BhNU9hN25TOWUyaHR3bXNfbUJSYmZHZENIRmdmWTJlMXJGSjVSb1Q2enplc0pUQlAxMkhtNEhwX2JfbHV6OWFydGN5ZlZ2NUM2U19mMm82OXQ1Zw?oc=5,The Times of India,"Tue, 25 Oct 2022 07:00:00 GMT",2026-06-14T19:54:39.144292,upi_fraud,True,False,candidate,https://timesofindia.indiatimes.com/city/itanagar/grow-pumpkins-to-end-illegal-poppy-cultivation-arunachal-pradesh-farmers/articleshow/95071146.cms
fraudulent upi transaction Arunachal Pradesh,"Arunachal Pradesh: In Ziro Valley, a mission to turn discarded fruits into wine - The Times of India",https://news.google.com/rss/articles/CBMi5wFBVV95cUxPUlQwSHhQRFVhOHJBYmxIZTB0VXF1NTFZNU1ZbUZZOFQyUGZBSGRfZFIxRHNJRmFKSmlmRXNmcDROUzZPSHNfSmFPc3hZU0RCWW96anJrQnlwUDd6TWNnWXVraW1IeXdpRlJRWmN1SG9tQkxaaFZfcGFPX2otTmlCWGdrS3UzWDV2MERnSGd5c2ZfQWFEOTItaGFXRTRMYkhxSDVSekI5MmlXMk94dkt1ZkRCdlNqNWcxTWJiMDc5V3RUV3g0NlhFZWluSmZxY1J6RzVIcnVXRUcxNmZkUGtnNUhMR3ZoemPSAewBQVVfeXFMT0hsRk5XN2NLSERGZVRleVhTa1lNYzhDcXFQVzdtWDk1Qk5xMVBJWDYxdnZRSW95ck9NVEpXLThRY3VIbjJMaG9aVzNqaGJfaFlpOW5vUEJQckE0Z3RDSmNzVmxqd012OHd6bFVaOUV3MkkySXFibGE2ZE9YSmtPWGEtTGVjbUhTbnNZLTZIcThBVHJsSDEtSVozYTN0OHVIWjg1YlktRmtRWHFheFhUZ2NNaEtIWUxNMWkzMmZVbzBxYW1FZ29WTHNYeVBlc1NfMG1iUlZVdklwQ0E0WnlUV281Vmh1ejJ4T3NaU1I?oc=5,The Times of India,"Thu, 29 Oct 2020 07:00:00 GMT",2026-06-14T19:54:39.144329,upi_fraud,True,False,candidate,https://timesofindia.indiatimes.com/city/guwahati/arunachal-pradesh-in-ziro-valley-a-mission-to-turn-discarded-fruits-into-wine/articleshow/78938106.cms
fraudulent upi transaction Arunachal Pradesh,"Sex racket busted in Arunachal Pradesh, 8 government officials among 21 arrested - The Times of India",https://news.google.com/rss/articles/CBMi6wFBVV95cUxOajFVM3RzU3NudUdFSFdBcmZ4dkxPQU91WEJEeHU5bVowaDZpazRCOUlJelRBWUVlM0pZQThwSVlsWnp5QXdhV2J5UFFDVjZhUHVkU1hGM3VOaGZ4blJocnJnV3ExR2MtNW1tVDlTTVJOdTRqTUROd296MkRFVFY0UEgtYUw5dWxCQlNwOHYzclhob1VNYnM2RGFIRENsLU9ORDBtLTRUczZtZFJOMnA4SUNmaTdWbV8tS05fdVN6X0JoZWdqTlk3cGM4X0E4STQydDZfMFdTd0NqcnRuLTgxT05UWW43eFptMFJN0gHwAUFVX3lxTE1ONURaODBsTkVaa1h0a3ptb2J0YWV4aFBmNTA4ams3d21UT2RqZkdqWWgxdFU5am1oUy1EcGhoVEpFOXRONWpuTjdYS0pvVVRpWWd5NmRHZ3dUZmg0ZjBtWTBFS2h3OE9ZckM4ZGJ6emFxS1dHVW1ZQzhIVUo3ZVFRcjBJaWZPQlBMUHJzb2l4cUxZSW5FSG83c3p3ZVViS1BqcjhJVzFJdzRKRGpSd1dUTGVlaGhzWXJQajZxUktya3otc0hDRWlkdUg5S2M4WHE0N0VzSmlJWWtROHB2cW5tSU16cTlCMGFqMHNqNVNKTw?oc=5,The Times of India,"Thu, 16 May 2024 07:00:00 GMT",2026-06-14T19:54:39.144428,upi_fraud,True,False,candidate,https://timesofindia.indiatimes.com/city/guwahati/sex-racket-busted-in-arunachal-pradesh-8-government-officials-among-21-arrested/articleshow/110157116.cms
fraudulent upi transaction Arunachal Pradesh,Arunachal Pradesh Governor Highlights Geospatial Technology As Key To Smart Governance - Free Press Journal,https://news.google.com/rss/articles/CBMiwAFBVV95cUxQbXNJRk1zY3ZrSHJTem9ObXgyVHFWV0dQcXlMc1pWOEt6ZkNQVTdkUUZVYlF5UDFnVUZfM2NoT2lPZW10WlFKVzVKREdDWjhDWlhXQUl2UVNlSWFjbVktbnM4aEtLdjl4akxmODdIUFdBOHI4aGZYOWRHWnd1eWZSTk1OVFIzZ3U4UUNiWWswSzFUV0doaE1KOUtrU2ZaQkZ5MXdZUDhhckdvNTdxUER4V1Y1QlBUUVRaekFqS0l1ZmHSAcYBQVVfeXFMUEVfa3Q2cVh0REhKWmtFZ05rdXNtMmpFQ2RiWmNwc3hWVENOQWgxdXBsSXlVcWt5LU5PdlR1cm5ibERJZHhobDZEVVdzQXBpWGF0ZWpjS3FodnV6Ti1uRHlvUFFkbGdBbGxOYm5SV2Q0WFIwSVROZlZ5MXJXWnhIUXZQZDZwU3pwN29CQmhGbHdVTENURGJRSnZzWV9yUXd1d3VacEd5eGVTYzNkYkU4NnY0R1AzNWFJTUd2Yk40X3pGU0c5MEZ3?oc=5,Free Press Journal,"Wed, 03 Dec 2025 08:00:00 GMT",2026-06-14T19:54:39.144491,upi_fraud,True,False,candidate,https://www.freepressjournal.in/tech/arunachal-pradesh-governor-highlights-geospatial-technology-as-key-to-smart-governance
payment app scam Arunachal Pradesh,The Failed Land Compensation Scam in Arunachal Pradesh - newsclick.in,https://news.google.com/rss/articles/CBMifEFVX3lxTE9xYXEzU0FJMWdNXzQzb2ZXOG1QeDFwRHZIblZ2cnB1LXRmX1N5eXJzX1UwWlEtMnpFM2FsSnprS3gxMmJLNUxCTlZ6ek9aSnhyVzZQOFFoLW5nMTNNbUFfUlhsN01fUHVfSTVsWlpTdGhCVW9FNDctU2dPMGLSAYIBQVVfeXFMUHZERUpSb25kdlF2VDAzeVkxX3FzSk13ZjU1THZrYUI1ZXFUSlBxdjZfOHlRaS1QeWhMcDJURVFsRVpuc28zUzQwSEZTMlJCa0ttMTJjSVQzY0VqdkRvODl1SVRNMEJMNDIzalNmc2k2M3ItYnE3T0IwdGRxSENmSWdsUQ?oc=5,newsclick.in,"Fri, 06 Jul 2018 07:00:00 GMT",2026-06-14T19:54:41.188346,upi_fraud,True,False,candidate,https://www.newsclick.in/failed-land-compensation-scam-arunachal-pradesh
payment app scam Arunachal Pradesh,IPS officer awarded MHA's Medal for Excellence in Investigation for work in Arunachal Pradesh - India Today,https://news.google.com/rss/articles/CBMi5AFBVV95cUxNTVZLTGVqMFU2TXlwTWhKNzcwMUw1UWVqOFdudnZlMHlCb2FSUzhEOENVOHdHemNubXE3ZTNDR0pYWFAyS2s3bVc0MmY5Zml1c2ZWcWxUMWxaMDl5TzBDb0M2NVZXUjV3djEzcVJWV211UEg4dnVWcnc5TEJEd0xiWkhrMUpZQUcxeVhFSkNYV3BHVF9NaEpPR09JaGtibGZ4anl3QVlOQktFVl91ZUtwaXNMZE4wSlN6MXp3MS1mVHRvY3hkM3dfR3RPU1lORktzVnBtQUtyXzNXbjI5NVpBRkxkQzPSAeoBQVVfeXFMT0IxZkxrcFh4V2duMmlyT0tvTHFhaGFRTXdoRmdMUVJsQ1ZaSHFsWU1NcXVRdS1HSWhzUTlmZTNPX0hqQmFVdVdjYmo5YnV3OTVkdUdiMWhLc3p0OWRtaXpUalZ3VHJxTm5SVE1GcXcxVXBTZVpna29PaXRtMnRlV0lld1J2QXBHRTU1MmlQWjZIVlFfYWpGd3N6NTVFWGZvcE1xVTNkTGwxRG95cVp6UmJnaTFzUk41MzVMVVNXUTVuTUc3ZmN6RTFRMmhGU19PamI5WktsLVNkdFNyNTRKRHkzdkNjR3cyMEFR?oc=5,India Today,"Fri, 13 Aug 2021 07:00:00 GMT",2026-06-14T19:54:41.188488,upi_fraud,True,False,candidate,https://www.indiatoday.in/india/story/ips-officer-awarded-mha-s-medal-for-excellence-in-investigation-for-work-in-arunachal-pradesh-1840266-2021-08-13
online payment fraud Arunachal Pradesh,Arunachal Pradesh Police Arrest Two Fraud Accused From Bengal And Assam - Northeast Today,https://news.google.com/rss/articles/CBMixAFBVV95cUxPLWItWlpNTV94bTJHMHVrbmNmcEFZTVBsakQ5QThLN2F6eWRDU2w1RVhSMk81ZWJLZ19heGhubW0xLXRPVi03TnpaZ09vRElpZlFpQ1dfRU1iOWVQZEFEUmxYaUtfVGZZdWg5ZGRhbFVjUTg5MkxmR21LUnYtWTdhWmZoMXo1QlN0Vjh3TG50aFZaQmVYNVFnSGl5UnN1VjY0YkhGUk1ILUZxSDV6d3JqdDYtLVZhTjVqQ0JfdGE2T0N4ZVRD?oc=5,Northeast Today,"Mon, 14 Apr 2025 07:00:00 GMT",2026-06-14T19:54:43.342177,upi_fraud,True,False,candidate,https://northeasttoday.in/northeast/arunachal-pradesh/arunachal-pradesh-police-arrest-two-fraud-accused-from-bengal-and-assam/
online payment fraud Arunachal Pradesh,Arunachal Pradesh Government Jobs: APSSB CSL Recruitment 2023 Offers 1370 Vacancies - The Times of India,https://news.google.com/rss/articles/CBMi8AFBVV95cUxNN1BYZHdTU0tqS1ptTFp6TTBobmpvdzEwcXJLalVDcG9MZk1teDNHU2xVN040UEpoNzRqVm5TQllnN1NmT3NjVC0xa3gwUWVaMTA2LXVsemlTWW5hbnRHcnZudTJIQ0ZzcG8xcHJIaldSUkJKYnJnRm5odDRGczlQRzE5c0VyWTNJZ0xGajV4NzVVMEg2eWgxTVQwS1lNR3hScXpQOHJhM21JRVZjMTBUSTVvYmZfa19Pa2VlYnhVUk1nMHhmUWtDWHJROUJqRUMwZVVXM096SmE1LUUwTWFpbjg1WkI3M1FVNERuZWN1WnDSAfYBQVVfeXFMT0FHSE1TencxekhPOWtnNlY0cWlqRW9ZN2xLTWJseVFSNDhoVl8yTE5OelBSWkFzY2tXNFFLNzk2U2RhdGI1QkgtSnc3b19yMW5tMkg3bzFmeVpXRmNsX0dMQlR4Sktra2lPUUF6Zmx5Qm9Wb2txeFlTSVZ5OHlxWmU0WHJTbk1lWEJnWjNqSE5POVM4eU5PWW83dkludkpTaExrRHN5d3ZodDVVSTJLam8tQUFmT1puQWFDWXZqcVYzOFlndTN3dGNDQng4bHdNSmZjNGJITFlYR1pJZlV5SXB6MTFyTS1NWHQ0V0Z1LXBVWmozamdB?oc=5,The Times of India,"Thu, 08 Jun 2023 07:00:00 GMT",2026-06-14T19:54:43.342581,upi_fraud,True,False,candidate,https://timesofindia.indiatimes.com/education/news/arunachal-pradesh-government-jobs-apssb-csl-recruitment-2023-offers-1370-vacancies/articleshow/100839124.cms
digital payment fraud Arunachal Pradesh,"Arunachal Pradesh Cracks Down on Frontier Highway Scam: Four Officials Suspended, DC Faces Probe - NorthEast India24",https://news.google.com/rss/articles/CBMiwgFBVV95cUxQMThDZS1odmczSUdtQkFhcmh5SW9RSTdtY0NOa3ZyQjFuYTdlek80eThneHEwX1dxU3l0RFFGdmROcm9yLVRlMGxkeEQwck9rS1hJcnBnSlJ2NkV6R3RXZ1M5V2RRdmJUbFlSSVpmTjJHdXZ2VnUtQjU2WEhwakJ6SkxLSEZDc29FRFdIbldYNUZKTE9oMGdkcVUxYkcwdmRERWpOOFZESWdBNDg5U2RmSzR5VFo2aF9hWUN4SzRtc3lvdw?oc=5,NorthEast India24,"Tue, 04 Nov 2025 08:00:00 GMT",2026-06-14T19:54:50.033852,upi_fraud,True,False,candidate,https://northeastindia24.com/arunachal-pradesh-cracks-down-on-frontier-highway-scam-four-officials-suspended-dc-faces-probe/
digital payment fraud Arunachal Pradesh,Arunachal: Massive Rs 14 Crore Loan Scam Uncovered at Roing Apex Bank - Arunachal24,https://news.google.com/rss/articles/CBMilwFBVV95cUxOQy1DRDBsT3pmMUFUSHFzaGlTai1pR1FGMXE5Z2d0Y0oxczc1VWxvcGJSSURheE8tWHBxeFJ5amZfbndhd2JQY3JhM0ZReFVZU3ZiMldKOFhtUzRHVk9ZOUxOMk4wamRiQng3YmhqU2ZYX09wejlmQ0ZINUNGX1lKd0swTGZqeTFZZXZWZ2MzWEstcVJJbUcw?oc=5,Arunachal24,"Wed, 14 May 2025 07:00:00 GMT",2026-06-14T19:54:50.034017,upi_fraud,True,False,candidate,https://arunachal24.in/arunachal-massive-rs-14-crore-loan-scam-uncovered-at-roing-apex-bank/
google pay scam Arunachal Pradesh,Union MoS Babul Supriyo pays tribute to freedom fighter Matmur Jamoh in Arunachal Pradesh - The Indian Express,https://news.google.com/rss/articles/CBMi6wFBVV95cUxNRDZSRDlPZFlrNWFaTFNFMEpEOGtKRjEzRUdQVk53bHZ5Wk91WlhEWm9Ea2stdDhuaFRYUG85V2JsZEtqd01ZbWFUT0dSZ3h0TFRuNElrSi1IYkhGMkpKZXlNaTNJSUx5NGpwZkh6TlMyVkpGcUdOVTFveEl6RS1NS2xyamFMYnJlbHNVXzY0aVdRSWRLWG8wNkxMOWcwN0FXX1B1cWJEMjBseEx0OTMteUpaWnVDT3lXbXBHdzc2Y2gtbHFkcmwzQlNWLWNwZ2JreTJHTGVXNzc3bncwUkhibW5ELWRxSXBLalp30gHyAUFVX3lxTE51aWNnOVBBM1g5cGtLUFplY1ZRb3NKUmdMX0t6REtCLWloc3hxbC1fUE5FNFhMbVptbkhyN2dlbGtjQkpERW0xQmltNTN1Y3phWDU5MXE3WmptRHRSZlVGQ1NqcHlPUUdmM0dsek9ZRnl1Q2QxWDVERVdHZ0FHOGh4NThtLUtkbU1tNGV5ZS1GVGhMVUstWVRFSjluLXpScERFaDVkN3FEWkJBZWdLS2RMdUhMajBKaHRhNklpZXlQbnlrbHp6ZmdlV2NVTEVpTXRTY0NlSWh6dV9OTTVMeV9DSEdxb0NoNlJuQnBZMUNibERB?oc=5,The Indian Express,"Sat, 20 Aug 2016 07:00:00 GMT",2026-06-14T19:54:51.542623,upi_fraud,True,False,candidate,https://indianexpress.com/article/india/india-news-india/union-mos-babul-supriyo-pays-tribute-to-freedom-fighter-matmur-jamoh-in-arunachal-pradesh-2987345/
amazon pay fraud Arunachal Pradesh,Arunachal Pradesh witnessed accelerated growth since 2016: CM Khandu - Business Standard,https://news.google.com/rss/articles/CBMizAFBVV95cUxPeU0wMDdCRHJNMlc5RVlsQ1V3dnJObF94N281czcxUWJQRjJzWDdWcEg0YmUxeTk5TVlFZ0Y2aG55WHVXRmVrMVNkZ2taZmZoM0ZkT2E1MlM5SjRlQzd0V2Q2VjRYVll0S3VmOFpHak1kQXg2SFoyWEsxMEV1Wms5WEVtRV90TTY1cFRGdW1hRURKUUFLbElOYlplTllVeE9GXzByeDFRZDYwUEVkbGZTOGJyYl9iNnd3VWh3d01MN0tvLS1pdWJWSGYyZ2jSAdIBQVVfeXFMTTlJOF9WRG04alFjbXBnS0RiVzZKczBJNnR4R1R0MDhTelJzNWZEa1ZQRVczTmJxUV91WDVxQ2UtZVRFcWhXam9ZcTVOZ3BNQUZyT2FBOTFZYW54anNjQ0s1d3YteG1qODhaM0Z2WjVTWTh3THJCUDBpdFItRWJ1ZE1pMUZvUFJ5d1pfeVUxNEdwbk5VWnZwQVpnajlib2JfemVwT0lyY2lfcnJuaVBuS0NtMFRfT2xvSHFyQTU0dWI5emNDdnJUR0RjdDFjX1ZjQ2VR?oc=5,Business Standard,"Mon, 31 Mar 2025 07:00:00 GMT",2026-06-14T19:55:15.548378,upi_fraud,True,False,candidate,https://www.business-standard.com/india-news/arunachal-pradesh-witnessed-accelerated-growth-since-2016-cm-khandu-125033100185_1.html
fake payment qr Arunachal Pradesh,"Naharlagun police bust cybercrime, arrest two - The Arunachal Times",https://news.google.com/rss/articles/CBMilwFBVV95cUxQQWkxelBvdTB4T2lNSi1XV21qQ29nd3BNakdZLWFoNjJ1SVJOR096TFUxM282aDBYal9CcnlPa1l0UmxIZE9XLThNSTRnRDFUeHBNekY5ZVM5ZTRhV3hWaXNPNk02Mk9xajRhMTVWS2s3X1V4UjFiaWttb3FkWHZGTUhFbGdFS2xRMEdjajdnQnlVNm9tMGFn?oc=5,The Arunachal Times,"Mon, 14 Oct 2024 07:00:00 GMT",2026-06-14T19:55:32.548688,qr_code_scam,True,False,candidate,https://arunachaltimes.in/index.php/2024/10/14/naharlagun-police-bust-cybercrime-arrest-two/
fake payment qr Arunachal Pradesh,Arunachal Pradesh introduces digital e-ILP system with QR verification - Dailyhunt,https://news.google.com/rss/articles/CBMi8AFBVV95cUxNRVM3QWdXYVVIWHpiNlBpeC1EMVBFTkgyRDc2dFZvcGJJay0taHJqZng4djRFNXhlUUFFdGFFNmRWSXBTSUdTRXVWbG1CYVpJY0tKOVh4OXZHWHU3UVcyNHQ5bWZ1NUtnczBEUldRQ0J4QjdadnJaY01SZ0Y0Y3FJaTVRVFNXWlF2bEZ0SXpIcjhRQU8yMEhha3lBZFhXS0JJaDRhclpYUzloM21mVDVaZFBQTW1FeW5UaDJaaXBKdnBkbTJsSUpmWXpRUXl0S1lGMi1WM3FXTHZPN2xRM0kyQS1iUktRTE9fUFhpNFplOUs?oc=5,Dailyhunt,"Tue, 19 May 2026 14:55:31 GMT",2026-06-14T19:55:32.548739,qr_code_scam,True,False,candidate,https://m.dailyhunt.in/news/india/english/north+east+news-epaper-nenews/arunachal+pradesh+introduces+digital+eilp+system+with+qr+verification-newsid-n712703016
fake payment qr Arunachal Pradesh,"Arunachal: Naharlagun Police arrested two youths for creating fake porn video - The Sentinel - of this Land, for its People",https://news.google.com/rss/articles/CBMi2wFBVV95cUxNTzY3aG9GbV9WOXNWZ095ckZ5STB5RGhENnh6ZFVHSnhDcHpWemxGR0t4TUdtU0xOXzhia0tXSlFSa0lqbzhXNGpndmctSWVUZFVnX0s0R0d2cGlMN195R2ZNVTRCTjMzeXRPTmlNdUlsbnJyTGNEX2NTWkFucXV1QW95RHVTOVNFX1Y4S0VLNnh1QTBZSXhuRDVFTnVENXNqd2JMRnFld3lJcWVKVUZyX2JTaTVockJhWFdHaDB2d3EycVVLa2NNT1lqMUw4VUNtT2pNdExFTzBtSkXSAegBQVVfeXFMTmpqMzN5cjU5RzFqU2d1LXFfTzdyYkxUdGhkdDdBX0lhMTFsbUZrdHVWZF9uam9Id2RPVlJ6QXFmcVlCRWc4TmQ3a2JnTFc4OFpFOGZfYVliYm5OY0FNTUo1U212Y1VHcHRkTXd3TFNHWldhcjA5Rk91OXNieWQtRG5BemRxbTBkZnY1bTFDUjlhbklVYXVIZklxREZhVVRVaVU1MnpLd2J3NEtQN09BTUdOZ2VoOUNvVG9oMk1HNlVJRklNZVFhMno5Ty1EX3lFbVNfY0JGZVNpMnBXZ0R3cnRQN0RpWGxNeQ?oc=5,"The Sentinel - of this Land, for its People","Mon, 14 Oct 2024 07:00:00 GMT",2026-06-14T19:55:32.548751,qr_code_scam,True,False,candidate,https://www.sentinelassam.com/north-east-india-news/arunachal-news/arunachal-naharlagun-police-arrested-two-youths-for-creating-fake-porn-video
fake payment scanner Arunachal Pradesh,Arunachal: Naharlagun Police arrested two youths for creating fake porn video - Arunachal24,https://news.google.com/rss/articles/CBMitAFBVV95cUxOaGVEQVpkMlhvX0MxeGlXeHY1YVJLYXNiV3NhWlFXMTlzRGhfc1ViLVZjS0JNbmRrNEp4LTZSck9PMklNLTl1TEt5YU5BR0JNRkdxRXlUR0tfbW9Ucm5RWU1XeE1mSjFpUGVOS0EwVm4zXzUySnVrVEZQMTVTakNBYkJWY01SMTBrVkxJOHdIaUFKMWZHc1ZGWWk1M2hDZWRCU2R5T0lLcUI2c0tzeVVHTDRId3I?oc=5,Arunachal24,"Sat, 12 Oct 2024 07:00:00 GMT",2026-06-14T19:55:34.519521,qr_code_scam,True,False,candidate,https://arunachal24.in/arunachal-naharlagun-police-arrested-two-youths-for-creating-fake-porn-video-of-local-girl/
investment scam Arunachal Pradesh,"FXSTOCK Rs 46 Lakh Fraud, Naharlagun Police Arrest Absconding Accused in Delhi - Arunachal24",https://news.google.com/rss/articles/CBMiowFBVV95cUxNXzhabzJPdWo0TkxJMDF4akMwX0lTMW5FMXZUZmVsU2RKRUFUZXlaT0w3bURnYnBhZWJHNkVJVnBlbWxzYTR2TUZfejc1QUIwanFhaUZRNUZFWU9lQ1psdVNlNE9jRndfQ2FkUEF5MHl3dHdNeDBTLTNZR2ZYbGZna20zeDNzNkRtSkJTdXVaMkRJQ2FaQ3lOdDN1Zk9JdS1ZdmNB?oc=5,Arunachal24,"Thu, 16 Oct 2025 07:00:00 GMT",2026-06-14T19:55:50.077265,investment_fraud,True,False,candidate,https://arunachal24.in/fxstock-rs-46-lakh-fraud-naharlagun-police-arrest-absconding-accused-in-delhi/
investment scam Arunachal Pradesh,Public investment board approves Kamala hydroelectric project in Arunachal Pradesh - The Times of India,https://news.google.com/rss/articles/CBMi5AFBVV95cUxQSzdTSHozMGlDaXJudlk1NzN5emt3YVVfQmZpWVJJakhSNGNLV0xIZGUybndpMXJWX3hLekhsbXlzWTFfNjgyTjRQLWtNOExLS3ZzeEtwejFoWjBIck9aMDFWQjhNcVdUMjNTQ1RNeVZIYkxtQkx2blNGY3lzOEdWbGg3RWdWbm9rNXhTLUFzM3hoX0VqQzNtcC13czNfbDlXTlc1QlFVSjJBXzdodHBLQTJ6RHVoZUlqN2dueUlFSFhLNTNQY2RYc0wyWTNZUDBJalRYT0JGRnRmWmJVZzBiaEFma0nSAeoBQVVfeXFMUDg0clU2NVh6YjRDdDVWZjhxZi10TzNkbTVKZ0huNG15RkdFVDNzVnJjTHY4Q2dGMVVmeW9tNU5VdW5EaURhNXo3MFJyRG1aSS1Nb3NsZzNxRS1kLVBvS3p2SU5qV3hnUnU5aXg3TmhIYVlhdHlUTFgwZGhuVGxYb3l5WFMwbHJ3U3ZHV2hSUWhTYzJzY1B0OUZUblFjM2IwS0FEN2NLaG1jWWZuSmozenJmYXJPVG9PNzRSYTQtdGI1eXJ2NS1nY25GbjRJMl83UVZqR19sWUwxNDd1bU9hRU5GOWVYUlhPcVZn?oc=5,The Times of India,"Fri, 09 Jan 2026 08:00:00 GMT",2026-06-14T19:55:50.077526,investment_fraud,True,False,candidate,https://timesofindia.indiatimes.com/india/public-investment-board-approves-kamala-hydroelectric-project-in-arunachal-pradesh/articleshow/126421393.cms
investment scam Arunachal Pradesh,"AUS, IIA Hold Investors’ Summit in Namsai; 16 MoUs Signed - Arunachal Observer",https://news.google.com/rss/articles/CBMinAFBVV95cUxQcE9rTkF4bFlXYmJuM2JJQndMZDlUSGdRSXpXYzlsN1Z3SW4xWEl6aWwzaVQzQUs1eHBvN3hFOFNpT0pMYnNPRkxKTDM4eFYyM2c5NzNTWERDdkU5YUN1TkpPNnBpVzRGYzRHWFdRSUZMMWFuc2FJZTFFYWZkaGs1UklvcHdGdGpNVWVxVFJ3Zk04eDFzbkxDSHZqZGQ?oc=5,Arunachal Observer,"Sat, 04 Apr 2026 07:00:00 GMT",2026-06-14T19:55:50.077624,investment_fraud,True,False,candidate,https://arunachalobserver.org/2026/04/04/aus-iia-hold-investors-summit-in-namsai-16-mous-signed/
share market scam Arunachal Pradesh,The Meghalaya Public Service Commission is under the scanner after Assam and Arunachal Pradesh - The Hindu,https://news.google.com/rss/articles/CBMi-gFBVV95cUxPQ1RGUzdUY2p6emJnSi1VeDFud0kwWWxXVzdpSVFfbUsyU0laWkVCYUpGNTZoeDVVcEJTRG1aY1E3eER1cjNaTC0zRHNPMzRlYVJ3YjBkWHR1VWJ5ZU5fREpqWWtrNV9nSVJ1Y2M0LXNTTnBSbm0yaExUSTI4NlJ5WlNpcW15QXMzb1U1aGxpdjUyc0JuOWlZajk3T1ZuYXhqUVNZeDlMOU5mTDhUT1VDbTNOVEZkT21aYUZlMHIwTU92TWdsX24wYjZORFNpb0JZMjJSRHNITEZ3MDNlTHlLSzk5eDAyTFN0RU1lN2lOWkVHaFFqQTJONXV30gGAAkFVX3lxTE9pWXVHM1IyWTlILTNqWXUyWFJQRDRwaGIzODI4RWhOTi1NWURzb1l4RWV1Wkg0TnNvLTc1dm9jNnNSUXlDb0RDcllzU21kaldUeS1OSlBSQUd2cXhoNU1YTHExVWxIeHR0d3dSSHRQajJEekRFTlJ0cVYzVWpBaEVXNVc1WHhIRG1zR29PMUlfUXBYUWF2ZzVSWUEwellqMVA5WTZ6UUwydmVfRUV5UWV6dlVOSzRWMWRQaFBRSWZrVHFoVU9OVGJkN3JHa0doN2lXVXFJc0dCRHNwMGw4TkZjSzlJQUtIa3RNVkdHVTNGU09qUTVwcjcxVk5ZU2NWTU0?oc=5,The Hindu,"Thu, 01 Aug 2024 07:00:00 GMT",2026-06-14T19:55:52.237595,investment_fraud,True,False,candidate,https://www.thehindu.com/news/national/other-states/the-meghalaya-public-service-commission-is-under-the-scanner-after-assam-and-arunachal-pradesh/article68468678.ece
share market scam Arunachal Pradesh,Arunachal: Heavy Rainfall Disrupts Life in Itanagar - Arunachal24,https://news.google.com/rss/articles/CBMif0FVX3lxTE9NRDlhU1IzM2VtU1VMVkVaR2xXTXg3QjhubWJmOC1jLUhfN1RhbHJnb09nYUNpMi16UlJraVVrY3dnY0JuOU4tS1VmUWVKVEZKcjM4SkhkVzZZYXFQc212ZUJXWjRWY3F5VmY4NVBLTDRKVHZBU0cyMS1wRERIOVU?oc=5,Arunachal24,"Wed, 14 May 2025 07:00:00 GMT",2026-06-14T19:55:52.237800,investment_fraud,True,False,candidate,https://arunachal24.in/arunachal-heavy-rainfall-disrupts-life-in-itanagar/
share market scam Arunachal Pradesh,Centre releases over Rs 22 cr as grant under PMGSY to Arunachal Pradesh - Business Standard,https://news.google.com/rss/articles/CBMi0gFBVV95cUxOUWdvUGxwNzUzZUZVd1RVbWZoXzh5aFNTU3ZMMTdTY3VDQUcxSGMtX0dxWUIteGJIYWhoWnpWZ3lNVmJGTDl1WnpIZXRuZjQ1a1ZtUHpJOHBLcjFWUnVuRkdFRmlkR01fTGtpMFJTRFR3bFNWWHhodmV0ZjJZaXUwZWpZVHVZbU9IdEtJcUYtWk9DMGpPV1cwUnlWMEtxNjZndmxDYzd4MXUyNWFnR2hQNW5hcHJkVWFCaE54RkFxal9HbkNNbjVwRy10dkctZGZkZEHSAdcBQVVfeXFMTXNDdWU1UmEwUk9RV2dWVUFwbE40ZE43RmJOQjhHU2JmTUl4cGxUSU0zaGVXYW04UFAzT2RYdVpjYlVHaVN4ZkVxU0lYS1JkdF9ZV0VoSXJRRXZLQlFLNEx0V1VZX0NfQ3Y2NVh4QjFhdjZVQ0U2eG5nTW4tbUhURmZLVVhsbnV2dzBfQWNQdDRXNkxKV0hpbzZ3dE44SEZEVnFrNXRUODZKUU1nYUpoY1JadUVTZjBJdlFaZ21QVmZUdXJvTFNaemNBMzUwaGp1YXhZcUI5dWc?oc=5,Business Standard,"Tue, 04 Apr 2023 07:00:00 GMT",2026-06-14T19:55:52.237982,investment_fraud,True,False,candidate,https://www.business-standard.com/india-news/centre-releases-over-rs-22-cr-as-grant-under-pmgsy-to-arunachal-pradesh-123040401019_1.html
share market scam Arunachal Pradesh,Indian Army’s Cheetah helicopter crashes near Arunachal Pradesh’s Tawang - Business Today,https://news.google.com/rss/articles/CBMi1AFBVV95cUxOQVBaNXNtTkdYWDlaTkx3ME1oeHVGN2FuaXdETGJqZnJlZXhZOV9sYk1IUmQ5cmFjX3JoTklMc0JSeE1ocC1zQ0l3MTJia0g5Q2h0cnRFby1fWGFPalA0aXBTS0p2Mm9BS0NFYlppSnBDWG1NRTBYSmFvUEljbTJMN1cxdG1zdzMySlFXTEEtREswZHJ2Y2xWTHdtLVhISVhUdUVEWUoxYUVlMGhhcjlvRnItU19sNFF5dkRyUktoWWZVRUFaY0FCSTNlZ3VRelh6TzN6LdIB2gFBVV95cUxPcWpuckZUNmliSHhGSVNDYjlrYjhwVzFCamIybmRCV2l2VUtZU2VSbHhnVjRZbjBQWU51S3MxU2xNMVBGTVJvRW9TZEd5dktMdEtJUld4Q2ZnLVY2R1Z0RkFvZHRCYjhNZUktdHpSdU1uM01Obi1tbEdBWEh0bEY1SWZ1LVd4M3o2SWxzekRVbUtEM3hWT1o1M0dPd240YkRuUTBSRWdzckdub2stRTZJeDdfa1VIeWQ5QVFIbFY2YTU2dUtEU2pTbGNSMHNEREFQMF9MeWRvSDBMdw?oc=5,Business Today,"Wed, 05 Oct 2022 07:00:00 GMT",2026-06-14T19:55:52.238220,investment_fraud,True,False,candidate,https://www.businesstoday.in/latest/economy/story/indian-armys-cheetah-helicopter-crashes-near-arunachal-pradeshs-tawang-349059-2022-10-05
share market scam Arunachal Pradesh,"DA hike on Diwali: Uttar Pradesh, Arunachal Pradesh announce 3% DA hike for state govt employees - Business Today",https://news.google.com/rss/articles/CBMi_AFBVV95cUxPMkNnWU51cWw2MkljWUFROXBZOEpreTZoM2pZemx4TzNqaFA1S1ZrZjg5U01LUUZYT0NtVGcxQkJjQ01UbDg4b3g2VEdhSGtJbV92cHRoX2d4dzNla2dZdnViVGQwVk9ROHNSQllPRmV5YnRjUDVkcTEwc2VrVU5CYV9SMG50cFZBeWVPU1Zkb1JxalZ5Ni1OUktXeHd0NVlTRVhOdU9aZU1WY2ZlWjVEZ1FMRFRwenhId1otLTFleU5hT3NJUWtvTWk5ZDBwVGsteXVmQTdtNzdyQnREODBWMGVHT0hFYmJmRmVzLXNRQXJLT2lSWTg1bkppOXfSAYICQVVfeXFMUDhHazJpSnVzTG5FZmZpSE1vZjFoaXZaSVNUcS1XeUFyQndmNUswRFQ2Ynh2bjg5UEY5bWJNM0g4NmMxYVg1Y2tIcXVqMkVKaDlwajNRYWNocDdyallrd292Q2tHbmFoVWNJSVpXZ3VBVnMxZWRESTQ1eWhiTzU1Z3JJVGZpSzZBTnoyR0tCbXM3bGtud2Qyb0pDQUNURHNMODBXRjc0ekcwZWVtV2p0ZC0ydFlKN3JXajB3T1pJZG04Sm5jNEZsdzlOdEFuOXJ5OWJEcWZoQ3Rfdk1qQ0d2V3UxdGE1NXFxNDVyZ1VmZENjd2FWaXY5cko1TElMd2d4OTBB?oc=5,Business Today,"Thu, 24 Oct 2024 07:00:00 GMT",2026-06-14T19:55:52.238232,investment_fraud,True,False,candidate,https://www.businesstoday.in/personal-finance/news/story/da-hike-on-diwali-uttar-pradesh-arunachal-pradesh-announce-3-da-hike-for-state-govt-employees-451449-2024-10-24
stock market scam Arunachal Pradesh,Arunachal: EK-ANYA Foot March Against Frontier Highway Compensation Scam to Reach Itanagar Tomorrow - Arunachal24,https://news.google.com/rss/articles/CBMivwFBVV95cUxNLUtCODYwbkdKWTZfRHkxVmhSUExlaExiUVZWMXpoblBsMTNUM2JHYXdVMkdzYTlhWEVoN2MwaGhHTlctblNGSDRGd1N4aFlnZWhhaVVlbWV3UkNndl9OdzZ3bFdwQlZWT2w0dTJFeWFlZUZldzVhR0RoSlVPTGZOWWVtZ3U5TUxQSldQdmRSUFlhUFhOMDRCekpTZldqUS13ZkFFMDNMWFQ1aTlPMFdqTVlreVZGbTBxXzlkOW4waw?oc=5,Arunachal24,"Tue, 18 Nov 2025 08:00:00 GMT",2026-06-14T19:55:54.603847,investment_fraud,True,False,candidate,https://arunachal24.in/arunachal-ek-anya-foot-march-against-frontier-highway-compensation-scam-to-reach-itanagar-tomorrow/
stock market scam Arunachal Pradesh,"Arunachal Pradesh paper leak | Govt. agrees to demands of PAJSC, bandh called off - The Hindu",https://news.google.com/rss/articles/CBMi4wFBVV95cUxPVG16aG5oenBkMFFCVGZlaGRZY3hXQnRTODVtODcza0RtbWg3eVA4d0U3c0p4dF9mSF8tN3FqUjhaUjFWWVdGZ0hWbWZUYzQwUE5vMzNDWTNrR3dQcnJkR0JnUDZZUTNaU045RDRWSExhX1pzQnZqYWVqWUNDV0NxM2M0d2RFOF9uZ1JqZmU1N2VYaGlnaEYyRlBZZ3RYa2VGbVRGQlZsTHlBMDYtUjVQNTlMOG5fbWdLTGtRTDRhZnBYZ0xCVElLNGhGdDQ0ZmRXZW1FX1dXYWVoUXNTN00wQmlxY9IB6gFBVV95cUxQZTZ2cEkyeVBPT1hfYlBIWExCSjc5cHRCU3dVdUtXeUFmcFZRWXpFV3pTVzhIZDNEaGU3NEI2R1c2UHN1bk1ENm5UamdSbTNxdW5MTG8xYkRMNGh5OVFKVlFqd29kcE9rNldFakVCcmtRYmhMQjR4LWVnbzNQclU0bEQzV3BCWW1JUUg0bV9qV3NIUDRXRUFrdVhCU3c1ZjhvazYwVGFJNjZIWXhOS3Q5bU1rNVlIZGRkQmdTYzZUMUF4VGtOa1JjaXZDN1VKRDV1TGVDdUFVRnBiT0JqdUN0bXNZZXN0QVQ0clE?oc=5,The Hindu,"Sun, 19 Feb 2023 08:00:00 GMT",2026-06-14T19:55:54.604086,investment_fraud,True,False,candidate,https://www.thehindu.com/news/national/other-states/arunachal-pradesh-paper-leak-govt-agrees-to-demands-of-pajsc-bandh-called-off/article66528082.ece
stock market fraud Arunachal Pradesh,10 KW Solar-wind hybrid power plant installed in Arunachal Pradesh - Business Standard,https://news.google.com/rss/articles/CBMiywFBVV95cUxQM0RnSGRuQTUtNW0yZm9Fekg5ZklMOXhtYnJ0U0ZRTzU5RUI4WnNpWk5Bb0V5UW5CS1A1QkduMFNMa0Q1YTYxclQ1Yk5jU292M2tzNGNQYkE4VTl1OUlKNlNudXRFZnlPTmJjNTlGRkFMVVA3SGFoNGdZdF9IZjRuRHp0R0ZWT2ltd1YxNWJ0TXItTVpQN2xVbWRWdGlSbXp0UHQwR25tVzdwZVRaelE2Sl9EZ3lfdktNbUpQX1VlenVvRjVTTmhBRTJVY9IB0AFBVV95cUxNY0JjeGNvenRCdVZXZWhIQTZOQWozenVMckRfMkU3aU03QlJ0VkVmbUJOTzhTVnJ6YTBOU0h2QmE0OGdieTVsXzUycUlJd2hiS2NyNHNhSkpTNWotcVRxdW8telhvMlRQcmtSMXd1YW9jWDBOTnJEeUR4dTVXOWNaUG5xRUNPOVZWVFRiX2lFT0UwZm1BU1lXeWF3c05RNHVvU21IczQ5VTlfYWt2TVZibFRGY1NQOUQwbWxYbDJNS0FvZnhCQ0QxeWs2Nldqa3l2?oc=5,Business Standard,"Fri, 16 Jun 2023 07:00:00 GMT",2026-06-14T19:55:56.747996,investment_fraud,True,False,candidate,https://www.business-standard.com/india-news/10-kw-solar-wind-hybrid-power-plant-installed-in-arunachal-pradesh-123061600888_1.html
share market fraud Arunachal Pradesh,Arunachal Pradesh among top four states in substance abuse: Minister - Business Standard,https://news.google.com/rss/articles/CBMizAFBVV95cUxQT05lbVQxTkM1Y0xtZG1NTWsxSHhpM056elhxdUY4Y2h0VGhVY1ljLU96WjJaRUlybjd1dkxxQ19mUV9QNkdVUkQ0T0VUZFVTLUZVUTJKUXcyQXhIN1BfSnRVMld4R2xlQzRCMVliUm4zbjJ1bTRNTlM3TExQcXhzdzhMU1A3aTF5X1FSSExPMnVkeEIxRmU3U0RfUGtMZ3ktb3FLVnFZeVlXeHVHcW5sSzRfckU2NUFxWkxoMExEU0Z2cjhmTmIzSVUxc3DSAdIBQVVfeXFMT05yQ2VfT3lNRHJqZUYxZHpTMU05dlRPX19UejR3X01tNlBPc0FrbkZ6WEtOVDVLM3cxSjVfRkwzTEMxU2duUjFsU2I3TE41SWg0bE1TXzhxSktYY0FpcmdwNm5MZFdlVERuOGRYZlhIYXhtQXdiQlF2S09nVllIdnZUR2dISGZkTzI4ZnBLZ2hwSFFrVy1PSDB1TThrZEVZaGQ0MzRhVk5vTG9GN2dzYkNvQjRCSFFyNEdfYlZyVTE5T29Xa3Y0eHRGSTNJbl9EaS1n?oc=5,Business Standard,"Tue, 23 Jul 2024 07:00:00 GMT",2026-06-14T19:55:58.975359,investment_fraud,True,False,candidate,https://www.business-standard.com/india-news/arunachal-pradesh-among-top-four-states-in-substance-abuse-minister-124072301040_1.html
trading scam Arunachal Pradesh,Rs 100 Cr GST fraud: Arunachal Pradesh Police arrested two CA from Bihar - Arunachal24,https://news.google.com/rss/articles/CBMimwFBVV95cUxQSktQX0pobk0tQlg2bmdIQ1pGM1daWHMtOTlyeGVhb1BacEc3R1dJb3pwMFp4b2t2SVNPc0lWSnB6ZHB5R1pjSkJRRkxvSUFCcGpjMC0tZU5wZUNHQldDUHJfREhCMzk4aW1jTE9vR1N5Z1dzVl94Z2RTRXpiZmtRZ2xNOU9mdW9Vc1hYRWxJQUdMdnhEVEpnMVkyMA?oc=5,Arunachal24,"Sun, 29 Dec 2024 08:00:00 GMT",2026-06-14T19:56:00.909723,investment_fraud,True,False,candidate,https://arunachal24.in/rs-100-cr-gst-fraud-arunachal-pradesh-police-arrested-two-ca-from-bihar/
trading scam Arunachal Pradesh,Beads as ‘bribe’ in Arunachal Pradesh cash-for-job scam - The Hindu,https://news.google.com/rss/articles/CBMiwwFBVV95cUxPVDZyWkV5MHNyWkNRb05lTC1PYndhem1Gb2N3Z0FxSFEzN0c2MU55cGpwMm1NV1hySDdhdmtzRU1CR25iOHItNDBjUk9ONTBKUVp2WE9GMFlNZUI0U2tnLVRhZWhPcElzOVpCY0Z4WVRRNFdaUkE2QWpjTUVsTlExbkV6akZPN2lPYUVFcGNxcFQ5YTlwYkhtY2EyWlZmZTBjN2JPMVVvNDRGZ3AwUWVNWEtfRnBKaUMwSHRSODFRRUw1T2PSAcoBQVVfeXFMTmlEZWZsX2J0ZmZyM01iaWxzVWR4Mk95VGFNU3draWZCSGdCR3JVOUZuSi01WHU0c1ZnTXk4anF3dnpVejd6Q3h1bDRmSFFCZktZSzdlRFJuLXZtTlNUY2F1YThVSUVMR05zbkdJb1NQRTZXQmpCUkxMYmw0cWR1Z3RQb1VnZTFvWklwN0ttUEJ4NUhJTUdCdDhnMWFPbU15S2o1cHJ6VjFsLXJJXzFtRHVFUXUtSWduZW9fWG9jLXUyQ3g0TVd2Y3Q5Zw?oc=5,The Hindu,"Sat, 07 Jan 2023 08:00:00 GMT",2026-06-14T19:56:00.909737,investment_fraud,True,False,candidate,https://www.thehindu.com/news/national/other-states/beads-as-bribe-in-arunachal-pradesh-cash-for-job-scam/article66350212.ece
trading scam Arunachal Pradesh,"Bihar-origin man arrested for GST fraud in Assam and Arunachal Pradesh - The Sentinel - of this Land, for its People",https://news.google.com/rss/articles/CBMixwFBVV95cUxQLXJ6V24wTWE1dEstM3B0cTB2anlrajc3MEluNTBldjhwbEZfVC1XZHdmQ2VuakE2X3RMM2RWRlZwMTI4WlpxcDYzdTN6akIxbkhDTVc5OTNQZ05vaHI2clpZUktlVTlWLTljczdFSlVONVhGSmcxVURmNG9uaXJLSmZhMlotUThsSVlqbEQyd3VZaTFRWURPYk1NWWxQcEhkWGNWZGlUekwtbFNyNWV5c1kzYmM3SWpEUkRLYXJyTnE2dFBRM1NB0gHUAUFVX3lxTE9WNFAzU0NKN2czSVk4WEdGTDFyempWU01lZFoxWVM5THppOFc2SHAtSjU0NFpneGtnQm9hSjh3Q1U0Q0ViZEJiMjJfVmxLaVhPOEdVZmRpeUtqeDJEMUhmZERiZG1XNGw2ZjBUemRNU2pTc0hqVWljdGVRbmVmcU5nSU9heTFpZUNwMTFzWFVmTXBtd1R3aW52X3dQQXVQV3d5eTFnMWdULU52RG9DaHJ1YlRZWUNqQUhjQXhkNTBfb1kwd2NPV0dwdk9uTmpoNzVQTDRf?oc=5,"The Sentinel - of this Land, for its People","Wed, 05 Jul 2023 07:00:00 GMT",2026-06-14T19:56:00.909916,investment_fraud,True,False,candidate,https://www.sentinelassam.com/cities/guwahati-city/bihar-origin-man-arrested-for-gst-fraud-in-assam-and-arunachal-pradesh-656960
fake investment platform Arunachal Pradesh,Deepfake: Video Of Trump Accusing RSS Of Inciting Riots In Arunachal Pradesh | BOOM - BOOM Fact Check,https://news.google.com/rss/articles/CBMiygFBVV95cUxNZVUwaEhWZ01BUFhLb1ZmOXprSTNhcWJvWjg5cVVIaVRNY2RJbzhtRDBrYzRrR3BlVFdoMkNPSm1VQlNaVzRTck9PQ1ZWX3pmZ2xtckg2Q3djdUNsTHJzcjJyZGFDOURvVGdhZ2RDZGtRR3ljbG13Um95clZEMllleENvcmtCMlc1eWJDN2owcTVkNEZsVXRCNUtJT3BrZGtHWTVyN1JHaEw0UGwzTHJudUxOdGdsYUxEcXpucXFzdlN3VHlJbDhhSERn0gHPAUFVX3lxTFBFVngtWVpXODFkZHBxdU1KUUYtVGF5UlVBVUlrV2FvT29FZldrRjZDcmFFRHZueE8tUmhsVWpaX3o2T3JJcXVDX2ZFeXUyWXFUQ2I0d09HS0pOSXhYaVBwam0wbkRRR2VJX1JwMmhlLVplVE5DMmFrSzZMZWF6YXlMUkhLdUl4cFNWVUFsVmtGLUx5TllqSE92SXg2S24tVzhGRDhIcjVsWV9Oa1lZSXFqQXNvQ3dwOVZueVpuZ3oxazU5eGJ1d1pPV0lWblZRZw?oc=5,BOOM Fact Check,"Mon, 10 Mar 2025 07:00:00 GMT",2026-06-14T19:56:05.571302,investment_fraud,True,False,candidate,https://www.boomlive.in/fact-check/viral-video-us-president-donald-trump-speech-rss-arunachal-pradesh-riots-claim-fact-check-27982
whatsapp scam Arunachal Pradesh,"Arunachal: Rs 14 crore loan scam rocks Roing Apex Bank, manager suspended - India Today NE",https://news.google.com/rss/articles/CBMi2gFBVV95cUxPNVRQcHA3RXEyaEdRMnJGNUN5NUdRMzBDYTE3dlRqc3hCdkRJNWdmbWVJcF9HcG4wV3NMYjNqWXFHbkVSVTRiMVc5azNRdmNYSmdkeVVHekVvM3Z3UmNfRFFONnR2ZFJBUENRT2NHbDdWeWowV2lnTzV4djYwajdwUG82Z3FDOUg2UjkwX3ZXblNabVVtekFOemdZcTJJRDlaU1pnU0YtajFRT3pVQlBqZl9ZS3hMZ3JTYjZ2TW9acUNQaTltcEVFeTRKeWRUMHN0OHVqWGlGbEZSUdIB3wFBVV95cUxNTHNYVDVFdWt0Nk1xdmxJelM1TjFpV3FDemRNMXUtOFBOeDlwc1hlUGd6TnRZQnlnS054eUZDRHZzaW1adlRtYkZ2bFFBTlpzVFVWdlliUmE3NWJVUzNiYW1YNnhaYnJoWXZobFV2a2h1NkNzTHVlcjU2dFQzYUgwRU5MWHNvOFZ1dDJ3LUJSUno2X2lUVjUyUFNLMmNoV0FMT0VkYmdPRFJTdUktd1JVWDloOFBiTmpKWk9qQ2ZQUG1ZWm5jSzhlTmZjeFhhWkgwUlY0U1lKSEs3Y2JVS3RJ?oc=5,India Today NE,"Tue, 13 May 2025 07:00:00 GMT",2026-06-14T19:56:16.025626,investment_fraud,True,False,candidate,https://www.indiatodayne.in/arunachal-pradesh/video/arunachal-rs-14-crore-loan-scam-rocks-roing-apex-bank-manager-suspended-1213095-2025-05-13
job scam Arunachal Pradesh,Arunachal Pradesh: CBI files another FIR in APPSC cash-for-job scam - The New Indian Express,https://news.google.com/rss/articles/CBMi1wFBVV95cUxQQl96b3RUZGo5ekV4V2hoazVsTnZqcElLaDRieE4xaDVQZFZTREZMTXp3b3lRZi0tVE5GNnltNUpPdEZDaVZ0UVJsdUVkVUlETlhZZmI3ZGNISUZ6QUF4b0w0ZVBrRTRqQVVybnVrSUtublk1T3ViT3ZPN2I4amFqb09ab0txck1DbWV3TUJBWURPUXEwaXR0UkRJMUtUWHI0ZDhIWlNtcjlJenZPdkM4LTQ3Q1hXb3JzOGlERGxPV0N2eUJZTVFZdE9uYlFjSjBPclY1a0d1d9IB5AFBVV95cUxNRXpWeFNDWTk1NXdiekhfcG1XWmtoOFFIcFB1OGxiN3BIVXhJX0hUWlFibWJUY1BlelFOYWtreXgtcXZrcFNXTFEzUzY2YzBQaUlLZU05R2FOX1hUaHN4LXp0Vzl6MTVwQ2RwaW5xUDY0QnVHb0dTbHltZUVlYmh6eTdQVktkbF9meEkzcGZiQkpjZVZzMF9RRkh4WG1BWTJvSkZLamtxTWNHbG1Cd2RhTnhicEtnSmdHNS1kTGJpTG1lMDMyeGhJcTZYT2dSOExEcnJUSUw4azlaaXBIQkRNMF9YMVY?oc=5,The New Indian Express,"Sat, 07 Jan 2023 08:00:00 GMT",2026-06-14T19:56:23.935950,job_scam,True,False,candidate,https://www.newindianexpress.com/india/northeast/2023/Jan/07/arunachal-pradesh-cbi-files-another-fir-in-appsc-cash-for-job-scam-2535593.html
job scam Arunachal Pradesh,38 Arunachal Pradesh statehood Day celebrated across the state - Arunachal24,https://news.google.com/rss/articles/CBMijwFBVV95cUxPSVJBVmthRFJ2OHVncnNHSm84bjYyZUI5enhSdzUzVGp3aWo1NEFDY0ItZ200VG9udFZOWXByUkNXeXNBNFc2a3lKOVpMd0xKR1FNWk9kQWdydFlJLUV1VE1vZGdXbGF6MV95Qjd2d2NhS3poMl9DYms5MzNqU2otSzJsb1NKUmZUNFVWaWxtSQ?oc=5,Arunachal24,"Wed, 21 Feb 2024 08:00:00 GMT",2026-06-14T19:56:23.936202,job_scam,True,False,candidate,https://arunachal24.in/38-arunachal-pradesh-statehood-day-celebrated-across-the-state/
job scam Arunachal Pradesh,Arunachal Pradesh Staff Selection Board undersecretary Kapter Ringu dismissed - India Today NE,https://news.google.com/rss/articles/CBMi4AFBVV95cUxQWWV4M0NKckMyTEMybVJMVzF0NTBPSE9wQllMSC0yalJTdWJuZ3A1U2NDV21idXhNSllHN2xpWlBhdnR1SXVwTFgtemVQYXBqbkRuWWdtQmZNaXFieHJGdE42amZOWVpNakh6M2p6dGp0Q0k3VTZUYnF4a0FSZXRIZG5pV25kUEh4M3Jwc1dVUDd0TlZocmhyNDBPUXA4RTZOeVJKOEw4aEwxOExpcWcwTFdDbUNrMld1UlF3d2d2ZXBPR3M0eVZveGZwX3RXWW5YSEtfZk9vOGpuNmg4SUd6VNIB5gFBVV95cUxPVGZlMktDZDVNaXFDYXB3SmFVMWtkcHJVd3BQcUtLa0RHdWNocDhrUnBaNGZ4NFk4TUpwY1FwRnZ4RmpsTlQ2Ql9MUTUzV2pzQl94MFJYLVdnNTZUYktEc2o2VFd2UmRtSjBfaW1jZG5rX0VwdXVEdFJORDU1Z0lkTUZfck9Db2JsX2xkeE9tZ3hCTTk5RUloY1QtaHhRRGhDRFRqbTRkUW1MSTItYXVqcjVBWUZrVG14UmFlamdYcEhkM1NDeUJiRnJEYk1GYlVtWW16cHRuWElxWExxTmR2cDQ5MVZrdw?oc=5,India Today NE,"Tue, 01 Nov 2022 07:00:00 GMT",2026-06-14T19:56:23.936250,job_scam,True,False,candidate,https://www.indiatodayne.in/arunachal-pradesh/story/arunachal-pradesh-staff-selection-board-undersecretary-kapter-ringu-dismissed-465295-2022-11-01
job scam Arunachal Pradesh,Arunachal Pradesh Government To Strengthen APSSB For Efficient Recruitment Process - NDTV,https://news.google.com/rss/articles/CBMitwFBVV95cUxNVTNrMVZvTFVFb1NHekdDei1kaWUwbmlFVjkwZ2hvaXJyaDJQNmdZa0dOaGhTMjhmQ2dYcmlRTnloOUtHT19EcGZqbG82NjI5Uk1nVWkzU0xLWXlpLTdRb1VRZnIwZTdqOHFobXR5WVZIX3lkTmlWMGFfT1pwbHlGbzNIcHIyN2pHRlU0SVg1Y1ZJMzl5UUQtTTZaekdMWGJrb2JZZFpsejZYdGwxY3p3ZjZSSjJFQVk?oc=5,NDTV,"Fri, 19 Feb 2021 08:00:00 GMT",2026-06-14T19:56:23.936573,job_scam,True,False,candidate,https://www.ndtv.com/jobs/arunachal-pradesh-government-to-strengthen-apssb-for-efficient-recruitment-process-2373818
fake job offer Arunachal Pradesh,Over 30 Youths and Minors Trafficked from Tripura Tea Gardens to Arunachal Pradesh under False Promises of Employment - Northeast Today,https://news.google.com/rss/articles/CBMiggJBVV95cUxPWVpmNG4tSDJCQm5abVQ0Y1ZtbDBab0FmdHZwdl9RWENDWlJSbFM0RVRvSnpfSTIwOVl3c2d2TTZmR25DS0RpQmV1UGh4TlI2d1dzRE80dldCTFpyTEs5M3A5bVlta2V3WDZiamZVOHRsdjkyYVJzNVFIR0pzSG8xNTVVN2J5WDVpYUJMX0VOeUJ0anRvRUVsT2NWQTRiREFxVElQdHFJODJOU0Z1SjViQzh2b1poYV8xNk1IeVhKZEc5Q3hqeXM0OVVDdTBJb29SRUZ3aHRvMXp3djdzeTNRS0otdWJUZDdWZ21uTWVNVlRtV3hadVVYM0FUUGVOSGJCLUE?oc=5,Northeast Today,"Tue, 23 Dec 2025 08:00:00 GMT",2026-06-14T19:56:26.448314,job_scam,True,False,candidate,https://northeasttoday.in/northeast/arunachal-pradesh/over-30-youths-and-minors-trafficked-from-tripura-tea-gardens-to-arunachal-pradesh-under-false-promises-of-employment/
fake job offer Arunachal Pradesh,"India rejects China’s attempt to rename regions in Arunachal Pradesh; Says, false claims cannot alter reality - organiser.org",https://news.google.com/rss/articles/CBMi6wFBVV95cUxNYWxJVkpaMDRZOFQ5NHFEVHptUUp6NVlPMnpZc1czYk1sRDZ0UW54a3kySTBaZ3ozM1M4Sno5UEcwa3ZGSVRpNjM3MGstZmVpTlpRN2hTSFJsZVZ2VDIxaE5LbjJ3dHJEQ1h6anRuN1l6Y09acUh0enVoeFc3YWpSV2JpN3FoQ1AwTU10elVyNUlDSkxRVFRPMVdKVnpFX0k2bTVHRDdQUGpDemhTUkhKeGZEX012Z1JveU82emZSZGxFZW5xeGYwcm4zb1d2bFRTX0JvcHFLY09fbExWY1UyQ0lkc09PXzhDRGx30gHwAUFVX3lxTFB3Nlh6eGxodmNleGsxbFZDMUtWMG9ZU28yTjg0UU1yRE9DR2hxaXBHeER5UmJwUk5HcEVSU3doLWlMcGo0UlFwZmtFYmNhdWJhR1pzZEU4VEloSjdtQlpZVEFWNjF3b2tsNTFHYklISVdENVl3LXJGUVRHbXFpR05DZEozMjRvQzhnUlYzM21sNEdWeXA5NEpjbzBFallmczRJNVRncDhfUDBqLXQyOGtBaTdIUUswLVlERUdCQ0FobDRCX0ZtaEVTN3lKSjhDcUhub3kxNGc3amswa29GUTh1UXdWRFdnM09kci1sYUZpRw?oc=5,organiser.org,"Sun, 12 Apr 2026 07:00:00 GMT",2026-06-14T19:56:26.448931,job_scam,True,False,candidate,https://organiser.org/2026/04/12/348413/world/india-dismisses-chinas-attempt-to-rename-regions-in-arunachal-pradesh-says-false-claims-cannot-alter-reality/
fake job offer Arunachal Pradesh,Column: Why Army-police 'duel' in Arunachal Pradesh should worry us - theweek.in,https://news.google.com/rss/articles/CBMiogFBVV95cUxNQkg0SC0tRUJvbHEzQlFtUzJmSC1sVXA5SGtHSFZRanptMHV0cXM3eV9VZmJGbm9oT01PRnk2cTRqZVlKTC1ST3ZOblU1WmQyY00wTDVING12eTlhZzN3cG9LZVgzR0wyM3RJa2xKM2h0N0szZlFTTlZ6Mi1uei1IdXN1TTQxRUkxazdndm55VFVsalpIdXBhajhuLVBiTERzeVHSAacBQVVfeXFMTi1rZXFlajhzS3pLak5ScUNUTWcwb295cm5BSS1xaUNSMEhNVWk2cHVSZzVXOUhza3lZODdGd1duM2traEdOVUhNTVBkWm1nN0tsQnVfazRqVGVmZXlBcXc1NmFHWkxSTVc5OUFoMmt6V0kyRHdfUXhta3gzbmhBVFU2VWJzSUZTekVjWTg5dENFcWhFaUlBUFd4UzJTeXJfWUxBMW85Nkk?oc=5,theweek.in,"Thu, 15 Nov 2018 08:00:00 GMT",2026-06-14T19:56:26.449236,job_scam,True,False,candidate,https://www.theweek.in/news/india/2018/11/15/column-army-police-duel-arunachal-pradesh-worry-us.html
fake job offer Arunachal Pradesh,'False Claims Cannot Alter Reality': India Dismisses China's Attempt To Rename Places In Arunachal Pradesh - Republic World,https://news.google.com/rss/articles/CBMi3AFBVV95cUxPdlVYVUV6ZGhYMjFvRTJ5Q0VXajB4TThlWXMtdlZxaU53dFBJT2FSa3hld0VhLWY3UlhNVUZ0V0RTajkzYXZlSG5OU3dxTjUwcHRSUWZEV3A3TTZIT0ZvMGJ6TFVFTkdZcDNvUTB2LTNyaktrWnRhQ0hoa0RsVTBkUnBvS19GSWhXdk1vNnBOeUkwSkU1UzFrQWgxbUptWjdIQ2hpWm1PMXFVd1VPZjBraGVIbi1kV09rd050Wm1QeXoyZGRlOXc1RWEyemJQTG1YN25uTTlhUUJxMXhQ0gHiAUFVX3lxTE1zR3hOUjQzdmRCZ212bDNCRHhOcGFCbTNLbTItYXhmVzFtZ0RyVGY2NU4yMnYtamd4dGhZdklLdXhJUFplWWFscHJpMTlxVDlRNUdFRnlKSzBPWjNHbWR6VmVsbmhiTDZVRmw3MDlmSnJIcmFqYWI0eXdicnRLQkNRMTR0c09neU9NSC1EWjlZckVRRk5oajdkVXYyZVBHLXRKcVNvWU1PaVQ3cjFZMTF5amE3VlNBWDdGeWZYbFcyY2h3SnlpQktzZmNTU1FkMzRCMWVRd1FjWjZVZG1DVUY5bWc?oc=5,Republic World,"Sun, 12 Apr 2026 07:00:00 GMT",2026-06-14T19:56:26.449372,job_scam,True,False,candidate,https://www.republicworld.com/world-news/false-claims-cannot-alter-reality-india-dismisses-china-s-attempt-to-rename-places-in-arunachal-pradesh
recruitment fraud Arunachal Pradesh,53 from Haryana arrested in Arunachal Pradesh for cheating in recruitment exam - The Hindu,https://news.google.com/rss/articles/CBMi6wFBVV95cUxPZUJhWHo1S1VLQ1FwWVlWRlhHYXJQQVBZa1RicFp4aElnZnlhYXZQVmJxVUlEc1JSd0g5dnNlZ1FYZHRPZ1Z6Vjh5eUk3dHpxVGg2cDluRUtEaWlteG0xOTVSVmtlVFJNdWk5LUw0ZnpHeU5pS0lYaGZ0c3VNMTRYWTdSTlhOZzFteE5wMkZ4WXVfY25fNUY4ZEdub3NfXzVPQXFtV29ONzlJWnRlUENoZFdERjBRaXpQMDkycDhra2NWOV92ckZpeW5oREVnVlVBbVVrN2VqR21LS0liajBHdlZTODQyODI2enBR0gHyAUFVX3lxTFBlWWgxR2diZm9NWC14RFVONEUxd2kwTm92ZUZOc3N6MEhmMkM0LTdtc1FWQURqYTM3cGlTdDhpMHR0c3A0V3UwMk1ZdnVQUHV5QkZXNkVvLVpkdnllNVNLbW1EcFotdVVkM1F5SlZiWUFvOEl3ZmhNUnV5NGxXSUd0N1lxTmpTeHh1dlJjZU1kUVdFdlZLXzJvUmVxREtoeE1CZEFMYm1BcFVBTkZOM2xKMnpMSXJyTkdpLVlWS1lmd1hZcDBMYVI5LXdzcjNyNXBZcWhUeUxwM3djZm1OWEhIUXN3YkxQWlFwV01aMlhma053?oc=5,The Hindu,"Wed, 21 May 2025 07:00:00 GMT",2026-06-14T19:56:28.211051,job_scam,True,False,candidate,https://www.thehindu.com/news/national/arunachal-pradesh/53-from-haryana-arrested-in-arunachal-pradesh-for-cheating-in-recruitment-exam/article69600919.ece
job scam victim Arunachal Pradesh,Pahalgam terror attack: Indian Air Force corporal from Arunachal Pradesh among victims - The Times of India,https://news.google.com/rss/articles/CBMi7gFBVV95cUxQbmstRDl5cHhvQUxuMWVGcGdpQktfb1NmbkJub05EaUZxTk9IaFdTOVBOb2xqaDlFeUtTYWJlNFd2akJPSUsya25FMFR5Z1N0eTdjdlB4UzJQenYzOFdLWHFmSFAzM1JBM3kyLUVhclhfa0t2dC1nZHB6eWhiVWxrUFVvUF9GYkVqRW5FUFkxVXlCdWExUTlzNWNTaVlhM3EtQ04wMks2dGNlbjVBV0NhUTRySS1Qa3FVSk9kWmMwd0NPUFFsb0IyUjVRSHBoaTh5eGVUSnlvTERWdUJKSWVXWWRnYjMxNGpCNUpGaDNn0gHzAUFVX3lxTE94R0NCMGlBX1NXOXQ0QXh4Uk5ScEFDdmthLV9ucEhkN3B2VVpTVmd4YWRXU0NBQzRrZXd3VW5seXJwVHU2blBHR0duQzE2bDZTZU5uWVZBOU9KRkdoWjdhWEtoMkgtQm5saW0yanZzY0lJMzRTUV9DNU5YT1BwY3RuZi05c3BaRFBvbTBQN0VPNkRveXJaRWFLZ2xkMUVYNlZsSjQyNlMwdUYzQUJRemE3ekp4eWgxVWF0Y0xCVzV5bU9DLXhwcXJKTEZKR2dZZ1BLOWhkb0NFM2gwN0cxZk9JcHp6VEF2MVlkWFlYeTZrc2xXWQ?oc=5,The Times of India,"Wed, 23 Apr 2025 07:00:00 GMT",2026-06-14T19:56:29.777565,job_scam,True,False,candidate,https://timesofindia.indiatimes.com/city/itanagar/indian-air-force-corporal-from-arunachal-pradesh-killed-in-pahalgam-terror-attack/articleshow/120541273.cms
job fraud Arunachal Pradesh,"Arunachal Pradesh: Mega scam unearthed while construction of NIT in state, 200 acres of land missing - India Today NE",https://news.google.com/rss/articles/CBMi_AFBVV95cUxNdUZxdE5kOW1TVVRyNFJTYWhoejFEei1SWTAxQ3I5SnI0X1l5ekxVVlRQemhLTWlvSUxOZHNJMUdtN3lFeDNCU1EtTm9HVEFBZkVxV3NVQnM2Z216V0JpU09Wd0xQc3hvWVBQSVpIaHZqdUdRelJ3TXVFQml1dFlXU0pYVEZMNTZXWmJlREpub3JwNGQySHdycDVUM2R6d2JCdV80OHpuaXBpcDg5UlVfWEdiUmRRTzFQeGRyWjVaQ1hpdUhrZnlRWl9JRlBrQzBnekhVdTBWS1piZkszcC1jSjFwaEJhaWhidVp0ME9pWGtDQWJmcGpheDNVMUfSAYICQVVfeXFMTm54YlM4aDRlbFZVZkdoRXN0blNVV0t2U2h2M0w0bnBOQXBRZEFHbDltZFpUMnNXRGtmRUx5S3ZFdERIVWVMd055NmVUUXZCT01waFcyTGstWVR0WTBjY3cwRk9lNVlvRDQ0VlZDMTFlNWUyWU1lUnpDMHFEcDUtaWtrX1lYUFFaU0RHSzU0SV8tSGszX0o0NU16a0FidHduUU5vamxYT3VoNEx4b3VSZ0o4SnVCMVJDWmF0bmxNMHJUU2ltb290cXlZVTVLZVZtYUtEVk1PenJlV0xvTGFLZHp3Y20zTWVScG1qbFJVZmFHQ0RfRURHMDZJT2Znb0s3dXp3?oc=5,India Today NE,"Sat, 09 Sep 2023 07:00:00 GMT",2026-06-14T19:56:36.285797,job_scam,True,False,candidate,https://www.indiatodayne.in/arunachal-pradesh/story/arunachal-pradesh-mega-scam-unearthed-while-construction-of-nit-in-state-200-acres-of-land-missing-675242-2023-09-09
job fraud Arunachal Pradesh,Arunachal governor Parnaik unveils T-shirt for Ziro Honour Run - The Times of India,https://news.google.com/rss/articles/CBMi1AFBVV95cUxOMlZzY203YW5RQWwxeE80Ny01empWeFpJblJKNmZvcGUxQVhPanNHNWtYa01CNU9UN2ltcWw5cGR6YTlmNF9iTW9LemhzeWV3b0Q0S3dCQzJRN3FHZmNzQkxDMElQOUQxY3BuNmEtVEZnTUo1ckZQRlFPaFJjcTZmUHdmUnJCVl82aTg2ekR1T1lnN2VLNkdweHZxT2VVNjFtMzIyZFpGT3RUTnhQRzFUSDlOaXFpVDZrSkJrRXpCVmZTMGx0VFU5SDdKUUgtR2JQbVBMTdIB2gFBVV95cUxPRVhIRG9vSjUwVGpZVjFUYnNtUGpnUUxiVHYwc1VmNHNucXFDZU9HaHBvb0NMY1BlXzZHMWdVN2tzSWloc01xaFc4NVl0S2Q1QU1EWm1UaUtvRXQ0UnRSTEViczgwNFVLY0dPRDVmUWo1YURRR2lwcHE2SHhBRXloSWhPWWprZE5wZVdVMkVPQVcwc0hlU19YTW5JNWYtdlVrTHNPcEc5bjFSRjZZT2FpRHBQSXNIckhWRXJVU1NFODJJQmZENUVtZGZjd1FKMmk3LWpRamFrWEx2UQ?oc=5,The Times of India,"Thu, 16 Oct 2025 07:00:00 GMT",2026-06-14T19:56:36.285959,job_scam,True,False,candidate,https://timesofindia.indiatimes.com/city/guwahati/arunachal-governor-parnaik-unveils-t-shirt-for-ziro-honour-run/articleshow/124611167.cms
employment scam Arunachal Pradesh,Arunachal ILP racket exposed: Tezpur govt staff held for forging over 1300 permits - India Today NE,https://news.google.com/rss/articles/CBMi5wFBVV95cUxPZHlWUWpMRjlwQ0VaWnNNQnZUZlhDbVg5OEwtaUVvb0JWV3ZFZEFCSlg0cXhMbTdiUGNfM2VlVmJpY1FueFA2M1g0cXhPT3l2N2Vxb1Nld2I5eEk2OE1rUVFpNVlBNHJNY2duMi01aktlY2h2RzNydy1scld3MjF2RFVXNVdfTjFCeHlQaVZvaTZEMFVPU25NTnppZ0RJcjA5c0pid1hQOEh5WTNCby1kdFFOYWlHSXZmMkFPWVlabXNfN3p0ejFYZEFqQ0tvRFVrTENDWm9Tc0UzaXQtVHRaLVl4dlpTd03SAewBQVVfeXFMUDZBQmxVWHNQRWtjY1ExMGNHd1VOT3JIXzF0WlVWZ0QyVUxTNS1UX0VST3cwZktQZ25CdjdGOHNyQ1RVNFVGeFBBbThqX1NaZ2tGZU1Pb1ZnWWhCOHN5anRvOU44SU1QYU90ajhFNmhQbVZVV3FxNXFtcXU3MmpUYi1CTi0weW9jcDE3ODVKTVZFQWxKMGxTY2N2X1ExZ1ljY0cwN3RKUmZ2QVVNT2stemlKdmlfc1BOV0czanJDM3pxYk0wd1NtNHQwVVNQLXhPcHNfTGI3ZmdHNTJCSkNiblBFYkljSHJnUEtSQmI?oc=5,India Today NE,"Fri, 06 Jun 2025 07:00:00 GMT",2026-06-14T19:56:40.465275,job_scam,True,False,candidate,https://www.indiatodayne.in/arunachal-pradesh/story/arunachal-ilp-racket-exposed-tezpur-govt-staff-held-for-forging-over-1300-permits-1225265-2025-06-06
loan scam Arunachal Pradesh,Arunachal Hosts State-Level Homestay Owners Convention in Itanagar to Boost Sustainable Tourism - Arunachal24,https://news.google.com/rss/articles/CBMiuwFBVV95cUxPQnpmdE5xa25Eei15RDJjT1hkOEJJdnN1TlQwcXJxSTQ3bXpwY2FGYXNKNEdEcFpVLTlnM2lPMWZUZm9uWHVuQ2VPZmgtblFBdXpLYWdOeFNTOWxrVDVSUlA0UWo3TW55emJ2TzBYbUxrdHBwWVhWWHRFQnBLTWlpVzBjZTZpSVRBd1RSR2V6S0FaVzJ2RmRKVDBMc2JjM0lGcW1ZdklNWkxjdlpfNWJKMTh2OWRUMlpSZmx3?oc=5,Arunachal24,"Thu, 24 Jul 2025 07:00:00 GMT",2026-06-14T19:56:54.857479,cyber_loan_fraud,True,False,candidate,https://arunachal24.in/arunachal-hosts-state-level-homestay-owners-convention-in-itanagar-to-boost-sustainable-tourism/
loan scam Arunachal Pradesh,Arunachal: DC Vivek H.P Chairs DCC/DLRC Meeting in Ziro - Arunachal24,https://news.google.com/rss/articles/CBMihAFBVV95cUxNUmFBSVZMTWdHV2hFdW9QcDZGVWdjUVJqWU5tRFY1REphY0wtVlpiUi1zWWJfb1ljY1VyY3hsUmNUSVgyRWh2ak11SWRwaUFQQnQ3SkZkQ2pVQnBKalp0b3c1RUswS0E0SDJkbTU3ZDNfTUFuVFZVMlYyREFhd2twenFiMy0?oc=5,Arunachal24,"Thu, 15 May 2025 07:00:00 GMT",2026-06-14T19:56:54.857548,cyber_loan_fraud,True,False,candidate,https://arunachal24.in/arunachal-dc-vivek-h-p-chairs-dcc-dlrc-meeting-in-ziro/
loan scam Arunachal Pradesh,India Firmly Rejects China’s Latest Attempt to Rename Places in Arunachal Pradesh - Arunachal24,https://news.google.com/rss/articles/CBMipwFBVV95cUxQQ1JiX25pVTFkUXNEdkVCVlVkUDIxMlVjbkMyRlV0Umptc090R1R3ZkVRN3NRMXZRM2g5UnM3ckRPTWdMS2s1VWlhU0Z0bXd3ZVlJdHkyZVdRTHlaMDM0RzNTdFVqMVFJRmxEZ0VENk1Vb0NMRkoxMk1MdFEwbE1IZE90MzZBem5OVG1tcXh5bTBnX0hpZUdXWTV2Y1ZMb29WM2Y5aXJvUQ?oc=5,Arunachal24,"Wed, 14 May 2025 07:00:00 GMT",2026-06-14T19:56:54.857557,cyber_loan_fraud,True,False,candidate,https://arunachal24.in/india-firmly-rejects-chinas-latest-attempt-to-rename-places-in-arunachal-pradesh/
loan scam Arunachal Pradesh,Arunachal: Commissioner (Finance) Reviews Banking Progress in Changlang - Arunachal24,https://news.google.com/rss/articles/CBMilwFBVV95cUxQRWxFOGY4aFhZemJ2Y0hjOVlDTHMzYmlPeGpHbXk4aElPY1Njay1RQ2NnNXNsTTdoc2RsWHIyaHhfc29wSVZNNVhJcHFnSnRrcnEydEVIQjA1RmRIREs2VUx6M2FNYnlxS01KREpvQWJ0QVBLV3hVQ3pxSmYzcTd2bE5BNkdaUDNINHh5dUU5bXo3M0NrMXlV?oc=5,Arunachal24,"Wed, 12 Nov 2025 08:00:00 GMT",2026-06-14T19:56:54.857565,cyber_loan_fraud,True,False,candidate,https://arunachal24.in/arunachal-commissioner-finance-reviews-banking-progress-in-changlang/
loan scam Arunachal Pradesh,Arunachal: Young Woman Arrested for Heroin Peddling in Ziro - Arunachal24,https://news.google.com/rss/articles/CBMiigFBVV95cUxQbXd3VG5oc25ZWlVWU3dYZ0tVQVJqWFFJNEhvbDhfWHZnOVc1a0Iwc250ZExsSWNUM2h6bmotbHdqRFJvN0N0aGJNX1ljemZhZmktc3VpdEgwSy1oa0Q1V2tsNE1GOGtNc01waTdkZW9NNjlJRVRfXzRsalV3SHk3elRXYXdzZ1pibVE?oc=5,Arunachal24,"Wed, 14 May 2025 07:00:00 GMT",2026-06-14T19:56:54.857582,cyber_loan_fraud,True,False,candidate,https://arunachal24.in/arunachal-young-woman-arrested-for-heroin-peddling-in-ziro/
loan app harassment Arunachal Pradesh,Arunachal Pradesh CM Pema Khandu rebuffs Chinese claims over traveller row - Business Standard,https://news.google.com/rss/articles/CBMi0gFBVV95cUxQQzZNZFpQZmMyWnIyV2ZLS3JGcVduR1lRNkQ0SXNBb3c3STRORTFrcFphQzd2WFhxajhMblhBS1NDa09wbEloaG1MX1NWMTFyTHVyc3Q0Z05hRlF2aEFzem52amYxZ2dPblEzNmZJU3RIOUtXbXltZDRTazJrb3U4UDA2WklHdXR3dDRUOGVTZ21VeWk0Q01rc3NxWEUwVkh6dU1uYWdCY3UzZklHa2tSQzRaRTRJMW85X1gxLU5ESDd2SUF6Vm8xb0x3WmxjVEQzeXfSAdcBQVVfeXFMTmc1bE1PNXg2QkJTRkc2QkxLdnlzU1gtZU1jTXR6NDFXM05QOGhoUjVfc2lKWllrWG53UG5ZZ2xNSUc1Ny1oZ09TZkJ5dFJfNWpTNENCWlVKSFlYZ2h0cHo2MVRkOUNXUktyNDNDTzJQZk5Cc0dDVjlZVUpJcjhpRjFVVEpMdzVVN29IZWJkOU84Tk9JMjNqSXFrMGtPMEF4RFRzNmxrZXlFaEt3c3RsakNHRzhVbzJ6VEp3VVBvWjBCcnlVTlRvSWNEalFoY2c3b3pKMXM1Q28?oc=5,Business Standard,"Tue, 25 Nov 2025 08:00:00 GMT",2026-06-14T19:57:00.198400,cyber_loan_fraud,True,False,candidate,https://www.business-standard.com/external-affairs-defence-security/news/india-china-row-arunachal-passport-incident-125112500982_1.html
loan app harassment Arunachal Pradesh,‘Arunachal Pradesh is part of China’: Indian-origin woman alleges harassment by Chinese officials at Shanghai airport - Mathrubhumi English,https://news.google.com/rss/articles/CBMiuAFBVV95cUxPVkw1OEROZVB2bGxZM2xLZW1WOUZRQlgtRlhMRF9EeHJCU3V0SFo2UTI4RG80bFZub3N0aGhHc3ZjSDdkNFlBTTAza0J3bWlDVFIybEJjVVBVMkFMWlVTcUo4UG9ZRVp2bG9TRmdhOTZPcFVEZDIzWFNHeTZTTkFpMWlmcWdZSG5HbC1vUWdKLU5RNmJEY2RsTlR6RVZTWXduTTdkc0RWU2Z2d2pCRlJUdDByaFJ4NEd20gG-AUFVX3lxTE5OVnpXZnpIZ211ZERkb3kyRjlySWJ3Tnc5c29ub3VrRmFiUUhsLThQdmtjZWpLYmxkR3NFTE1TVDFwT3ZXdTlhcFpxRE9VVXliQUxMdjdZVElKallSZW10TFRndkFLeTQwU2tHTFVxUXNHcmRtVUhZbUVXNUNlcHM1ZFhGVF84UnVhY3h5ZlAtdUgtMENLRm1INVZSYTNZWnVuWDFSNUI0cHdhZGU0SHBuSWdtNzI0WXFQOTdzV0E?oc=5,Mathrubhumi English,"Mon, 24 Nov 2025 08:00:00 GMT",2026-06-14T19:57:00.198440,cyber_loan_fraud,True,False,candidate,https://english.mathrubhumi.com/news/india/indian-woman-harassed-shanghai-airport-arunachal-passport-dispute-h87rvw6n
fake insurance policy Arunachal Pradesh,First commercial coal mine in Arunachal Pradesh to be launched on Monday at Namchik-Namphuk coal block - opindia.com,https://news.google.com/rss/articles/CBMiygFBVV95cUxOTWQyWlc5Y3l6MWhfMHU2Q1NfWVRwSU8yYzYzYzRNLVgyQ252aDBzdjNVYVUtSXNKVUpCN2RpMFlZc0F0Wl8xNWFjVnM2blRhbG0yUVdKOG15UzBEd016bGpEQWM1a1RaQkxfWmVoX2pLNW8ycFhqOXFGQ1ZDenRaeDFIUFVlcmdIYVF5eXcwREQwbmdSQVF3TXV3OWlMUm9sMXlVeTA5NnoyQ2YyR2NhcVlRamZrWjBtaXdtZTRwNnNUVkpzRlp2c193?oc=5,opindia.com,"Sun, 05 Oct 2025 07:00:00 GMT",2026-06-14T19:57:23.212755,insurance_fraud,True,False,candidate,https://www.opindia.com/news-updates/first-commercial-coal-mine-in-arunachal-pradesh-to-be-launched-at-namchik-namphuk-coal-block/
text message scam Arunachal Pradesh,Arunachal: ZIRO Music Festival begins - NorthEast India24,https://news.google.com/rss/articles/CBMidEFVX3lxTE9TLTN1ZlRmQ0J4SmNQQ2dvMDdlbmlZRUM0Q3BSdm1ORTBJaVB1Y3BNSVd1NlE0R2E5UmZzQnQ1YjNtaFNsRjlFYnltYzVGUzVZZFVQeGxERngzSUVKNTZMaUVRaUZfSW9XMEgtNXc2aDUtb3BV?oc=5,NorthEast India24,"Thu, 27 Sep 2018 07:00:00 GMT",2026-06-14T19:57:35.499813,smishing,True,False,candidate,https://northeastindia24.com/arunachal-ziro-music-festival-begins/
fake text message Arunachal Pradesh,India rejects China’s ‘fictitious’ renaming of places in Arunachal Pradesh - India Today NE,https://news.google.com/rss/articles/CBMi2gFBVV95cUxNTnVJUUVuWmZ5eklubWxMdzlLUHo1WU5Yc3lwYk9kUDNRZURoVFRRdVduVWI3WHBCdFpwYlR4dHJyMnhKeGZMVVJZVHJKYkJFalZKQ1VLZkhlb3IxcUV4MGdpTUNzR2VnTkswQk96V2V0LVJGNmVNUThnZTY2TjJ1OUdnRTdzNVFsN2h2d2dZZXpkRmpoSUdLZmNXZzBzbjFsMFk1YmtFVGtzRGhsbEhXcmFTQlJiTkxqMERPa1ZMWE1KM1Z4WmVvZUNfTldIcFhNd3doWHFnSUstd9IB3wFBVV95cUxNMkFUNUIyQXVMaVFKVm5BQ01GLXRTUjdjcHVzMWFwNTBNYW9EUGplM0NjQ3p6c1FMZGQwYTl6dEdLeFQ4UlpVMGlvR3pBSHVCSlp3UHFkOVZLbnM0YUlMM3pqUnVnM21oTlpQSlF0dkZDVVhZa1hTa2lfT1hPLWp3Um9rVWJhVWNRakR4RlBDaVBDNnhScWlyOC1WWl9fZUxwUXlUTHJwb1VIaWtDd21nWEQyOTNXSGVmcG56MENzcHFBYkpma2NmMkQtTlpNNkFVTERfWmJZTTA1Mnh6elpn?oc=5,India Today NE,"Sun, 12 Apr 2026 07:00:00 GMT",2026-06-14T19:57:39.879860,smishing,True,False,candidate,https://www.indiatodayne.in/arunachal-pradesh/story/india-rejects-chinas-fictitious-renaming-of-places-in-arunachal-pradesh-1374511-2026-04-12
fake text message Arunachal Pradesh,‘Dhandhewali’ slur sparks outrage: 3 women from Arunachal Pradesh allege racial abuse by neighbours in so - The Times of India,https://news.google.com/rss/articles/CBMiugFBVV95cUxQRGp1S2lIQmZMYkpLamVGektXLVJPTW5xTVNtakFGOWFlRGhZbVdnUlVRUjNLRDhzbElOb0FReXQzeWphaERnZVlRT0lYNlVyckd4LWh2d0ZaTjUya1RIdVRYM04yWTV4OHEzN0puWlc2ZWhZclNWcDVzRnBBaVBoVW1hZXhwLURiLW1yUG1ERWdpanZlbGtwOElaTGU5U0ZrazdrVmtNbjR2RUNfZ19UNlBINHBzT3gxa2fSAb8BQVVfeXFMTWFBY3F1ZTRDTG4wbi14YVp2a2VheXY0d2hiSkVuUnRHaDJLQk9NRy1wdnZHUUhYYzJub3J2UTRoSjhBS0JUQTJmcVdEY0h3bTRzVzRQeVNxVVVuakdqc2pVZU4wTDUwbVczTUVrdWVrang2eUs4Nlp3Y3lRdi1aNldqalVTSy1heFB6UE9uQ2FPY2RFcUhfN0hobU1Wb0w2dzJ1bmo2ZkoxR1hTN3hvdWg3eWsyc3pieWIwYkw3YzA?oc=5,The Times of India,"Mon, 23 Feb 2026 08:00:00 GMT",2026-06-14T19:57:39.879875,smishing,True,False,candidate,https://timesofindia.indiatimes.com/city/delhi/ne-women-allege-racial-abuse-in-malviya-nagar/articleshow/128685667.cms
fake text message Arunachal Pradesh,Video From Arunachal Pradesh Viral As Crash That Killed CDS General Rawat | BOOM - BOOM Fact Check,https://news.google.com/rss/articles/CBMiswFBVV95cUxQamJ4dk5vTm92dTlUNWRLNEZTelVyQ2dpWF9qOFhQdi1xNmllRkVKZFBLMC1lLVZzWUh2NTd5SWhPcGNIMVVXY1lIcUJxTGd5V090YVJJbFpMcUlndGZhckg4NHRwdThzUDFoWGFCZ2N5R1FxMGdEX0F3UUNMQXlWVXQ1RkdRMGZINnBxQnRPUHNiV1BHb3pyVExxMVdrcnlHcXAzWGtIOUJEVmRlLVN3UC1ZWdIBuAFBVV95cUxORHRwbHBKempfeGwwZWdrRl84d0xnRlNncm9lMnU0WEItOHU3aDBHOEw1ZTJJQW9RRjN1alhHQkxpYlh3ZUhINzhfSFRGQTMzemtBMlhqNUdKcnN0LTVQeUtLblZSZ2w2S083anBqOE9OZHdtcTl3OWpTQUtmb2xFQUthbmh2ankzTlhnX28wcWJuTTI0VW9IaThqTGF3REpKbXVKbDgtOGlBekMtcHlEV1BTcDlCOFpG?oc=5,BOOM Fact Check,"Thu, 09 Dec 2021 08:00:00 GMT",2026-06-14T19:57:39.880088,smishing,True,False,candidate,https://www.boomlive.in/fact-check/bipin-rawat-army-helicopter-crash-video-iaf-tamil-nadu-cds-rajnath-singh-15938
fake text message Arunachal Pradesh,A video of people scaling steep cliffs is from China and not Arunachal Pradesh - english.factcrescendo.com,https://news.google.com/rss/articles/CBMilAFBVV95cUxPQUpqbVVfU0JDUTRhNXptOFc1eWdmeThlQjQyLWNQZmgwYnNmWDlKOGlGYkhrc3djakQwTlBjXzB2LWVDSUo2UmI2QWVfWHdUNzdqdkJWNk1mQnFySzFkRVJxd3JObE5abDduRWgxNjd2RGZJalFrMUI3X0JLQ2t3RHFOekdfS1FUcHdTbXM0SnZMNzND?oc=5,english.factcrescendo.com,"Tue, 13 Dec 2022 08:00:00 GMT",2026-06-14T19:57:39.880160,smishing,True,False,candidate,https://english.factcrescendo.com/2022/12/13/video-from-china-shared-as-arunachal-pradesh/
fake text message Arunachal Pradesh,Villages of Arunachal Pradesh along the McMahon line are not getting vacated! - english.factcrescendo.com,https://news.google.com/rss/articles/CBMipgFBVV95cUxPaVM4RFVYbWNpRFBncXdONGFMdFFtS0ZKb2dHWmJpQnh3UWtDZHhCMFlFMmd2NHpCRFptTFZ5RkpySllyMjRBalhVdW9tV1gySVB0WUx2SmdwUjdiWDJ0bGV4el96TldlTS1xX0xFMEJhdzhnNndqTG9TU3BaRjZmN0RtYzVRenRtdUJNR0V3NTY0QWFtSzMtWk1XWHFJTkNWV1NxZElB?oc=5,english.factcrescendo.com,"Fri, 11 Sep 2020 07:00:00 GMT",2026-06-14T19:57:39.880209,smishing,True,False,candidate,https://english.factcrescendo.com/2020/09/11/arunachal-pradesh-border-villages-are-not-getting-vacated/
phishing Arunachal Pradesh,Arunachal Pradesh: Doimukh Police Arrest Prime Accused in Multi Crore Fraud Case from Siliguri - Northeast Today,https://news.google.com/rss/articles/CBMi4gFBVV95cUxNcXFHNjU0V21LV0loMUJvSE5SUHVDZVZCVGxydTA2YmJDbTlCSkljOUNJVXA2RkFfeDMwM0RuTjF1WjBKN044cWdlc2V0SC1IZktWZUpIeWItbXM4M2JCWkFTQWVaR2NnblQ4dXEzYVhISU9YUTZqNU9SS3hId205WkZKU2tjQlhTbEYxQlRsMW1NdUxRVk5PZXRMZG1BTUF1allycDA0X0NLMWJyNDVUczcxTFlRdzhYaGVfYjVMYlFkd1Z0VnlnTDg5UEVUVDdXbm1GSU81c0FuVkJyZEpJT1R3?oc=5,Northeast Today,"Tue, 19 May 2026 07:00:00 GMT",2026-06-14T19:57:42.609080,phishing,True,False,candidate,https://northeasttoday.in/northeast/arunachal-pradesh/arunachal-pradesh-doimukh-police-arrest-prime-accused-in-multi-crore-fraud-case-from-siliguri/
phishing email Arunachal Pradesh,EK-ANYA foot march from Seppa reaches Itanagar - The Arunachal Times,https://news.google.com/rss/articles/CBMimgFBVV95cUxObm03NHVObkkyVng3ZDF6VUJTcUtIbnhuRHVJN18ybWxKaWpGbzNTcDU3aEYxamdicnNDZ3I2S19ETjRCRXZaR09zVzBDMkNLSEZfeUpXN2dIdG5mTnQ2azlqT0N1YS1xQ1F6LWlNYTdDeEE0NUVfWHFZWk9PcWtRNE1Eb3BJOXR4NWw2amFzRzEzV0tpYVVvcERB?oc=5,The Arunachal Times,"Thu, 20 Nov 2025 08:00:00 GMT",2026-06-14T19:57:48.045672,phishing,True,False,candidate,https://arunachaltimes.in/index.php/2025/11/20/ek-anya-foot-march-from-seppa-reaches-itanagar/
phishing email Arunachal Pradesh,Massive Land Acquisition Scam in Frontier Highway Project Explodes in Arunachal Pradesh - Northeast Live,https://news.google.com/rss/articles/CBMi2wFBVV95cUxPbjlGOXBSQUt2UWR4cTVsTUhDbDNmLWFkTjhyZ1pfcmFWZlJJdnRRb3FtcEQ0dEVURXp2azM5NGNod0FEd2VqajRRTGYtN0VUcHNvZVNOeGFvSzFad3VRb09KSGhuOG84TmNHMF9hOFpReUlnRUVLWTZVVmdodmlrSEg4eGl3VU5JNUVsVDdlVDZVUXFucVZWN3ZoWXo1NHFwTlJiNTA0RGN3ZUpzeWxuRUNULWZGclFTRXdlem1vaUpzM1NGMElqNEVOZmVRZmtId1JrbWpoU2dMUDQ?oc=5,Northeast Live,"Wed, 12 Nov 2025 08:00:00 GMT",2026-06-14T19:57:48.046033,phishing,True,False,candidate,https://northeastlivetv.com/around-ne/arunachalpradesh/massive-land-acquisition-scam-in-frontier-highway-project-explodes-in-arunachal-pradesh/
fake website Arunachal Pradesh,"This viral video of CDS Anil Chauhan allegedly stating that the Indian government surrendered Arunachal Pradesh, Ladakh to China is fake - FACTLY",https://news.google.com/rss/articles/CBMi6gFBVV95cUxPeWRXQUpNTjd5Y3pvczZzMDFmd0JNLTFKNkwtN0JYU0w1b2JnaGZxZHo5SExONW1lcVQyNUlQN3B4Z3V5elNPOWxRSlRTb1hqYTljdmlmaHpLMzFNNGxCNVJuSXgtTWdITkJLV2pieXp3MDdIV2VPM3lYWXYxaHMxb1M0bUtXY2R4Y0hyaVZPaVpfU1ZGdk9ZckM0VWhGMHhmclJQZ1Y2eGRBUjRlQmNfLVk0am11NnNhNGlEWmpmdm1aMG5MLVYxRmlScnA1MmpRVXZpNUtCalowMGU0dGNIbFdVOTNhMzczMUE?oc=5,FACTLY,"Tue, 02 Dec 2025 08:00:00 GMT",2026-06-14T19:57:50.159435,phishing,True,False,candidate,https://factly.in/this-viral-video-of-cds-anil-chauhan-allegedly-stating-that-the-indian-government-surrendered-arunachal-pradesh-ladakh-to-china-is-fake/
fake website Arunachal Pradesh,Fact Check: This claim being made about Pasighat in Arunachal Pradesh is false - Vishvas News,https://news.google.com/rss/articles/CBMivAFBVV95cUxPWE5jSEhxUFBGdGpXSUUxdEhLNkRuaEIyQWdDR0lqaFZCVkFHOHd3WmUtbF9rdTBGUjBYTGFSMk5jSTJjMHp3cUxJVldCbVVqRDBmc0lXa1lpVFBENnROb2pkcVlQaEQzMWFMWmZnZndOWjJYc0hpQXVpWkN5S0JPa1J4U0RScGdlM3RfX3dUWFpnT0VKZlhRbFNVaDd3OWw5eHo0b09qNWRXdHFlYXNCdzN6M24wQVhnZHl2ZQ?oc=5,Vishvas News,"Wed, 27 Jul 2022 07:00:00 GMT",2026-06-14T19:57:50.159872,phishing,True,False,candidate,https://www.vishvasnews.com/english/world/fact-check-this-claim-being-made-about-pasighat-in-arunachal-pradesh-is-false/
fake website Arunachal Pradesh,Kiren Rijiju named in Arunachal Pradesh Hydro Project Scam - Imphal Times,https://news.google.com/rss/articles/CBMilwFBVV95cUxQM1pXQ2lobmdDYVZjU1UtX0tqa0ZIVU5rMUNwWXl5MGVmSnh0Q2VnVkJmUDVKbjhrdzZYMDZtUjJ2eEhTcVk1UmViQ1hvVmM4TXhCQXF6amo5Rk1ENXMwN0NraW1yS2wzUWdtOG1KdHE0RUtUdVRYWldrUkdkYmVTaHJFY1BvdGU5a0NMLWNUQkJFRU5maS1n0gGcAUFVX3lxTE1BMXdUSmhUbnljYXVKQVdGVTBHWEU0RHpoQW5rMm5MSWswcEZYQ09ySDFCcmJQM0xJeUg2eEVyblNYM0dCS1VPMGRaWGNiY1RPYTZSR1BFZUhSS1NucEtyQVEtMHIyd1RKWEhmYlgxcnY5WjFDUnhNOVNSNU42WEhIaUpvVmt6cDRNSmRlN2ZWang0dnotdWlzREFwbg?oc=5,Imphal Times,"Tue, 13 Dec 2016 08:00:00 GMT",2026-06-14T19:57:50.159955,phishing,True,False,candidate,https://www.imphaltimes.com/news/kiren-rijiju-named-in-arunachal-pradesh-hydro-project-scam/
phone call scam Arunachal Pradesh,Arunachal: Tezu Youth Found Dead in Andhra Pradesh - Arunachal24,https://news.google.com/rss/articles/CBMifkFVX3lxTE40SUF2Ni1OMFhORnZZdGU3YWJTT1ZVTVZOZEVZRWdQQVZ1WGJYYXZFeERrYXRzX21WclZvX3VWQTJYX05RM0JrUUdlNGRkanRQSWtRakJqU29JQ250d0FZbzdUMFc0Nk5lR2d0ZVN4a3dvdGk4bU5yOWJldFZ6UQ?oc=5,Arunachal24,"Sun, 12 Apr 2026 07:00:00 GMT",2026-06-14T19:58:02.862440,vishing,True,False,candidate,https://arunachal24.in/arunachal-tezu-youth-found-dead-in-andhra-pradesh/
phone call scam Arunachal Pradesh,Tenzin Yangki Becomes First Female IPS Officer from Arunachal Pradesh - Guwahati Plus News,https://news.google.com/rss/articles/CBMipwFBVV95cUxOWWxFekZQaTdFVEpObjRmdkx3UnJMbUp6Y1JmaVJvTzZaY19XV2FKdnlGVTQtRDF2V3UwRUxyU2l3Nm03MGpzMmlqa200R1RhX05PMTkxLVI4dHh0dUZpNVY5amdROVJ4aG5JNll2cWFrbEFxNFpjcXZqaWhObXRKMDNScW96ZlZja1NydW95bzFWaE5Dam9KclZDNEZhRm1OR2FUZEt1QQ?oc=5,Guwahati Plus News,"Thu, 30 Oct 2025 07:00:00 GMT",2026-06-14T19:58:02.862950,vishing,True,False,candidate,https://guwahatiplus.com/northeast/tenzin-yangki-becomes-first-female-ips-officer-from-arunachal-pradesh
fake call fraud Arunachal Pradesh,Public declare 12-hour bandh in Arunachal’s Itanagar over insufficient probe into APPSC scam - India Today - India Today,https://news.google.com/rss/articles/CBMi4gFBVV95cUxOcDl1QnpCZTdyazVZVHIyenluSWVYTGhCOVJjRTV5Vjd6TElyZjItOS1KOGo0cXYtUUVoVk5adWpleTBVTjlmRzl3TWFJUWNaWWZSVXd0YVYwSVpsc2VtSGNYZ2VPaUtmRm5CRzZDYVpxbTQ3UGlmeUN0SG9Qcndfb3h2V2JrYVNHc3JrVEZ4ZDFzV2Vaa3RYSkpyV19IRVhSX3BjN1pENXQ3dTg3STF2VDVTbFB3YUZXZHJyMllfdTAzbkM4SWhtaHE1amFUQzUxMXpMeUhjWnYtT1dfRk1Zcm9n0gHnAUFVX3lxTFAzVHFOUnl1SHRUSERiWW5JN21yRmczczNQc1ZqMlR5cHRDSndWUURDSHQta3REeHQ5SFBDRHVzdmFPa201RXlITzhtcXdfS09VWjV4TDQ4YlBTY01WdXdaenM4dDVsdUJkUDhSZHBxaFBZV05WWE1CS2UwOXdEdDk1UXd0QmJueTdiMXJ6XzFHSzRtVnl1dHV5RHlaTzRaUFh5UGxKY1N1R25uek5XcWllcVUwLWQ1X2RLTnhNLVp0LTV3MlQ3N3QwRGpWOHBQZ2FhRUNucFhKRWxZb1lpUi02LU10SERhaw?oc=5,India Today,"Fri, 17 Feb 2023 08:00:00 GMT",2026-06-14T19:58:04.947528,vishing,True,False,candidate,https://www.indiatoday.in/india/video/public-declare-12-hour-bandh-in-arunachals-itanagar-over-insufficient-probe-into-appsc-scam-2336014-2023-02-17
fraud phone call Arunachal Pradesh,Arunachal: APCC President Bosiram Siram Launches ‘Vote Chori’ Signature Campaign in Pasighat - Arunachal24,https://news.google.com/rss/articles/CBMiswFBVV95cUxQandabUVxMXpZa0V1akFEMU5yb0RzeDQ1RDdzZTYyYV90VWZvWmUwR01DQ3kzZ0Q5NzNRLUdpU1RCcER0ODRLb2VKNXhCdWJ3U3UwclUwd1BHSXNsUFZPZERXb2pFd3dsZnZ1QWdfTjRldFlhd0ZwVWx6YnhBRmN1dFR4OUlFSjFnT2RWaDJEZ1VnNUVmRHlPelVmT25PTDBHbVRjWVF4LUluVlN5TE9mb3gzOA?oc=5,Arunachal24,"Mon, 15 Sep 2025 07:00:00 GMT",2026-06-14T19:58:07.120188,vishing,True,False,candidate,https://arunachal24.in/arunachal-apcc-president-bosiram-siram-launches-vote-chori-signature-campaign-in-pasighat/
fake bank call Arunachal Pradesh,China releases more names to assert its Tibet-claim on Arunachal Pradesh - Tibetan Review,https://news.google.com/rss/articles/CBMipgFBVV95cUxNTFFJTU5rSUtSRjZ4M2FiUGo2UG5BNVZGU1h4TE5GVVFGU3o4V3lCZWRZQy1oclk1eXhLeGpxU2FoTnZhaXdhR2JNVlVMN1JYZ1JpaFlvajQ2MkZTWFlhYy1vTnNHNUNuUDM2UWwzdUFiRFNVbFNvb0JweG01ZWllQXpRVlZqQzBObUwzX1NtdVFiUVN1Nm05SFQ5RkVhaFJaVmtjRlJ3?oc=5,Tibetan Review,"Mon, 13 Apr 2026 07:00:00 GMT",2026-06-14T19:58:10.304188,vishing,True,False,candidate,https://www.tibetanreview.net/china-releases-more-names-to-assert-its-tibet-claim-on-arunachal-pradesh/
fake police call Arunachal Pradesh,Video of People Protesting in Arunachal Pradesh Shared With False Claim - The Quint,https://news.google.com/rss/articles/CBMirAFBVV95cUxPeVdvNF9JNG9McV9zTmgtcEpyelAzV3pQRzNEd0QyLTZXUmJmNktaZ2NZZTV1VS1rbGxOTEROMEhMcTVwUEVQRFhpbjcyeWZrVzZ1NUVCVnpRUjYzRUZieEY1eUlJSFAzQUFFSlNtbWxZNVBIa1NkMzlDTDdmdkNHSU9VcngwRGVqaXhJbnJtSjBTQ1VXb0lhWkgzdGpEVmt3dDEweDREZTF5UEZD0gG6AUFVX3lxTE5VUFhXM2JTZHdXOGpIaWhwVzd2VHZ6U09YbHpmRjZvd1p3dElIdHZRem5BVjVNdk1DOXBtTTR1WHVtNHRsSjFtUnYzTjNaSEdBOHUzWXdtWTcxYm1TOE9FWmNDc3MtRFRnZUJxWEZPaUNMZEVLcnJnTlh1aXdTWXhHdDF3czUzUExQdkNpZXYzbUhDdXF1THZzWDBwc2hyRzdsQU5yYTNPLVBjYWkyZjhEWEV3cGRiMDdPZw?oc=5,The Quint,"Fri, 22 May 2026 09:07:39 GMT",2026-06-14T19:58:12.138587,vishing,True,False,candidate,https://www.thequint.com/news/webqoof/video-of-people-protesting-in-arunachal-pradesh-false-claim-fact-check
fake police call Arunachal Pradesh,"Arunachal: Naharlagun Police Bust Fake Cash Racket, Recover Laptops, Bike - Arunachal24",https://news.google.com/rss/articles/CBMimgFBVV95cUxNRjBNeFRVRlVJMHNnN0dmcjMxaGYtQlFaaUxjbWgtNlNPNnZXaUdUaDl4b1ZSdHVYc0tHb0RrelZDWXJHdkdDWnRTZzRrbUJnd1BObU9lOEJSaS1vOUwwajZwZ1I1Y2NhbzU5alJPcjRldGotZHNZQzJCTk93d3NENVowTTRkQzhkVm43RFBPazF4ejdlZ2N1NWx3?oc=5,Arunachal24,"Sat, 06 Dec 2025 08:00:00 GMT",2026-06-14T19:58:12.138825,vishing,True,False,candidate,https://arunachal24.in/arunachal-naharlagun-police-bust-fake-cash-racket-recover-laptops-bike/
fake police call Arunachal Pradesh,Arunachal police arrest suspect in fake ILP racket in Tezpur - NENow.in,https://news.google.com/rss/articles/CBMitwFBVV95cUxPZkdmTnl4YmZSaDJtSV9oMXIyeHI2dm5YU2JRbTh2NnNWVDJPdHhSdGxYUDY0UUhVa1NRZTNwS1RhSFZiWTFFWjFBUmpWdXJBaUxxUEZNZm9kcDNlcFFQSnVsZU5PYXBCYlU0MWdsZDZFTm1jQjVLRm8tSkR2QlYxZlJHSTlLenJyYVlpeW5RWTFLMEVWY1FjY2JZcUNGTndUWVNwZTVGV25kYU5fLUxrV2wyNUxaRTDSAbcBQVVfeXFMTjF6ODBTLUZHVzV5OUtiam9iMllYZWliUWVMRm96ZFNqRkVRV0RWRnpVNUNldnhvb1E5OFlneUxBN0ZmV3BSaEx0RjdHM1F0RUNIZEFGbXRERHVuVGFMeEhpS21adllSVUk2VHlkUGN4cjlXVWZRSTMtNjdIUzZxbTZ6OC1wRE5ZOHA2Tkwzb2lVeEZWNGI0bXJmY2dwTnJIOEJpWnM0RGp1cE9zbEFTOFBhQ2Zoak9F?oc=5,NENow.in,"Sun, 08 Jun 2025 07:00:00 GMT",2026-06-14T19:58:12.139325,vishing,True,False,candidate,https://nenow.in/north-east-news/arunachal-pradesh/arunachal-police-arrest-suspect-in-fake-ilp-racket-in-tezpur.html
impersonation Arunachal Pradesh,Arunachal Pradesh Man Defrauded Of Rs 92 Lakh By Guwahati Resident - Northeast Today,https://news.google.com/rss/articles/CBMivgFBVV95cUxPRUJKZ1ltQWRzZEFfdGFvUVpPWEdVaURQTmVLbTF5S0YwM2ZpRlIyZG9MdTJLaGdCeHBoMXVJS1FNN3lGcG55M1JjT3NCVklNSEhRSTNKajltNFpPcDJoQnl3aXpvSTNLQjVNd0VJTG1pUWxFeFNBdEZJYU84b3JtYUJmNGotOHBOQV91anBUNHFTZnVLWjF0UkRBSlFEY0xrZTUyTGdQNVRwRlZEZHVPcWdZSWVUcFBmbXo3MVd3?oc=5,Northeast Today,"Sat, 05 Oct 2024 07:00:00 GMT",2026-06-14T19:58:18.072373,impersonation_identity_theft,True,False,candidate,https://northeasttoday.in/northeast/arunachal-pradesh/arunachal-pradesh-man-defrauded-of-rs-92-lakh-by-guwahati-resident/
impersonation Arunachal Pradesh,Arunachal Pradesh Tragedy: 2 Kerala Tourists Drown After Slipping Into Frozen Sela Lake In Tawang; Video Shows - Free Press Journal,https://news.google.com/rss/articles/CBMi_wFBVV95cUxNZzZCcE42UVMxTVFTTXJZYVRxSXBjeTNIYVMzc3NDQjdQODY0d0hBMFZVeW14QjNxcEw2cXlDaGdDaG5ab2MzUC1OZ0licTUyNGY3aXV1aUZZMFhZWVFWUjBScFFSeWNkOHZMVFVSUnh1a1E1UXVSZTJqdTJRM3N2cWJzWXBZWHk0MHJDVUtNOVdiUS1OVkpxMU1uX1kzeGJlRXRGM2J6bTBEZmxNQ2J5cmtoU3RoOVhZazJmdWwxRWotblFFNnpqQ0RyWEsxS2MxRktveXF2R2dpa1FfbUFSdFgxNmNFdUkwNU1feUFTTGh0cERlaHNxMDVjT1hXMUXSAYQCQVVfeXFMTkpCNXNiemVNRkdVQUIyOVhJdXVtRVhXMk5mRzJvcVh6QmRBbklxZFZFdG9XVTZBZXNYRkRHSnJiVlNxU2pMbDJjNENyX1dQQ0RiUzd2Q3pZOURZTFVrRmcxaGhReUtybnMzNFkwOHczSjJ3Wi1reTVhQS1KdXRhQlpVVlZ5V0NoWmhsRnhob2RpQ2VjdVo5MmY5OVc1akV2MUFCY3lIODBDZjRuWDNtVkFnSXRJTURCREdmUGx0bW4xRzJvTHVwX1d6ZFZHQmtjaUJwRE5jQmV4VmhvWXlJXzNFYXk1a1dQZ1hFQTdXdWl6S2RyVlRQVWpISlpsU2plU3pwWVA?oc=5,Free Press Journal,"Sat, 17 Jan 2026 08:00:00 GMT",2026-06-14T19:58:18.072486,impersonation_identity_theft,True,False,candidate,https://www.freepressjournal.in/india/arunachal-pradesh-tragedy-2-kerala-tourists-drown-after-slipping-into-frozen-sela-lake-in-tawang-video-shows-dramatic-rescue-efforts
identity theft Arunachal Pradesh,Three women from Arunachal Pradesh allege racial abuse - The Hindu,https://news.google.com/rss/articles/CBMiuAFBVV95cUxOYkZEd3hSUUF0UnpaLUR0WG4yMllLV0tmd0pNMlZ3WHFqVkRxeG53WGJXdUo0SzFrUUJNRjZoRFVyV3ZmVjdYRDJxaEs4dU9FVnB6Sktkb2RmcFlmdndCNmYxMVVudEUzaGNLZk1OT3BsOTZMSUZzaW95MzNuUkZfQnhHd1NVQUlqUmw1R3drWllDSHVfazdja2dwU0dLQ2l5TVFRZG0teHE1MmlpOFBqdmUzdGdub2510gG_AUFVX3lxTFBVblNsWEgxbVRVM2ZPcmVEZm1iS2NERXlBUE5GbTV5bnR3Vkt2d09IbFB2dFhnYnhubGVMaUtTSlZTT2FxTnZyT1Zoa2JOdzhQdll2cE5UdFFYWDdwTlZyZkxDLWF0ckZFN0JSbm04S2ZTM1A5U05QUkVYMXdual9EU3RXSzBiRG41WHIySXh5NGhnZENxTnVLZ1BRT1dMYUlOQ01yNkJGcG0yR0tSM2tyTXNKMjczcTk5ckFxRUdj?oc=5,The Hindu,"Mon, 23 Feb 2026 08:00:00 GMT",2026-06-14T19:58:20.068036,impersonation_identity_theft,True,False,candidate,https://www.thehindu.com/news/cities/Delhi/three-women-from-arunachal-pradesh-allege-racial-abuse/article70663516.ece
identity theft Arunachal Pradesh,"Arunachal: Habitual mobile phone thief arrested, 20 stolen devices recovered in Itanagar - India Today NE",https://news.google.com/rss/articles/CBMi7gFBVV95cUxQb0JJaGJ4bmZqWk5Ea050dGZueG1Qb2g5S05lcjJBcU1BM3QwdUtJeHhVX0dDemxUaE05SlhJNzcwOVRqbzlZbUdkbk9mX2l1QmN3YU42RFJlUWJtYVBlQzdXYkI3ZVpFNVFaYWJvQ25jT0wxWnZpQWtHYjBrWndqaFU3RWhWRWc4RTdqMlg0dXJhZU9VNFNidFFsd3VVTzFWdkNsS2YzTjFtN1JzTmM2N3dSUHBDSjRpTXZ2TENoNERXVVFTd1V1Q01taU9WbmNoMTk5S00tVE5UaXd5VTZZdHpsbjIweFB0ZDh0QkhB0gHzAUFVX3lxTE9xdy11WTJUd0hEcjMyclZNRTJFSVAtc2hzUkp0bmRMVlVra3dXQm9BalhLcEZSTEZILVlFaVVlZ3djbGNMUWZnZHNCR2pyZGdGWFRncEN4UkMyZ0VSZTdxajlDTXNaa0RVa3UwUTl4ZmhNNzE1TUUxeUszeTAzSFA2bnNuQjJFZmpiVmxqc1kxYUNZZ09EaDN1bXhkQW9WbkowWlRkeDRWa0tia0hHTXQ5UE1lbW15Rzlvd3VQNUc4bUh5TTZuSHg4R3ZDZE9fdHRmQjV2VUZuU0tkZ0RuNkctS010MUxJckt2SW85Q2N6QWlpSQ?oc=5,India Today NE,"Thu, 09 Oct 2025 07:00:00 GMT",2026-06-14T19:58:20.068247,impersonation_identity_theft,True,False,candidate,https://www.indiatodayne.in/arunachal-pradesh/story/arunachal-habitual-mobile-phone-thief-arrested-20-stolen-devices-recovered-in-itanagar-1288465-2025-10-09
identity theft Arunachal Pradesh,"Between tribal, Christian and Buddhist beliefs, communities in Arunachal Pradesh try to protect their origins and practices - The Hindu",https://news.google.com/rss/articles/CBMihAJBVV95cUxNb0VoSTAtMTVhNEZMNExDd1BhQm9na3RQTkMxSC05aFNxNXh6cVhPNlVvWE1xSWZtTUFPRXYtWFh5MWdfSE8td1ZQT01zb2R1YUFPWlNJZThBM19VdHpWTFA3MUg3dmVBYzU4YWNrOEthaVI1X2M1WjRlcmRfQ1hkQ1BpT0xYazVVcTdyakhzQkhWUERDZTdPUTRHVm1ld1Q5eEc2c1JWcVBhZTZiSWthOFBYOGM5NjIwSEFlcjNGZVVFQmE1UkNwaDN3c2ZIODBQRjEtekYyR2RVZDZsVFdseWdONDgyVmNzdXU0T3RhRjJoQ1BtSG5kUVl4UlFUUko3Y19WX9IBiwJBVV95cUxQV0NublU4cGxFSkxwdWNKMXV0eUVUdTdBWVNpdXZXWWZvem5JbldTby0yS3RsT1NqMUdaemhVWE1QR0R3ZERMbmlybzFtdEZLZDl2ckNoQnhmajVOVzFIeERHZ3oyS2xYakVfQkg5eTFPc2dVbnpablc1WEt0OFZjamdPMFNxcjItazFaWk03cVM1Y0R4OU9Ua2Jla2hDZWVxaXExNUg3ellfSWRSblY0Z3lCUXNVeDFpUnJDWU5QU0FhbUxlMzNzbWtvNHI1eTZPVkMwM2huTDN6ZHdrbVNJWUNFZVRWZmxpNWl3MlRnVkRQWHJKVThqUExYSjFZcHdMWFRaX0Vid2ExZE0?oc=5,The Hindu,"Sat, 12 Jun 2021 07:00:00 GMT",2026-06-14T19:58:20.068326,impersonation_identity_theft,True,False,candidate,https://www.thehindu.com/society/between-tribal-christian-and-buddhist-beliefs-communities-in-arunachal-pradesh-try-to-protect-their-origins-and-practices/article34787176.ece
identity theft Arunachal Pradesh,Salman Khan goes cycling in Arunachal Pradesh - Gulf News,https://news.google.com/rss/articles/CBMiowFBVV95cUxQYnkzU2lDOVFVU0licFVkaVVJbEJJOVhSdGNLQlpxcEtxTVhmd0FOUjJiSmpXWDVUMW9oeGQ3V0tpdDdPUDlsVnp0RmVlc0p5cGZCMXpFUXlVdENRQ19vOW4wLUlWSEFNUm5nSGIyQjVObE92Qm5pUGFKTTQ4SF8zVmx2ZzRFb0tkU3N3a3pvOXBKWlpzdnZiRGpUZW9hdUdVX2NB0gG2AUFVX3lxTE1QZUpkM1BwVFRXTzY1WG1XXzl3Z0pyR0dMRmk2YXZ2dEQ2TnFOSDZEeEVTWms0Y3V1RnczR2NweWltNGY0R1dja2JBT1o0S0NybGlhS2s5X1E3ekFkaFF4am80SkZFSEJmN08wMkdEZHBLTzNoN3RtbVNZUk1JVW1VYXBJMXpRUzVqLThoN19zX0t4a1ZRODlJTUdEQXo0dHptRmZUbTBmazdnX0tKMjNpZkVxbmxB?oc=5,Gulf News,"Sat, 24 Nov 2018 08:00:00 GMT",2026-06-14T19:58:20.068424,impersonation_identity_theft,True,False,candidate,https://gulfnews.com/entertainment/bollywood/salman-khan-goes-cycling-in-arunachal-pradesh-1.60544864
fake identity Arunachal Pradesh,Arunachal Pradesh constitutes high-powered committee to address illegal infiltration - India Today NE,https://news.google.com/rss/articles/CBMi6wFBVV95cUxQcjlKOV8wd0JROFBMVzFXcWhudkRUVGRSclhMQ2VFdFJUQUJub2pDdEV4VWlSNkdlcXd6WkR2WHlNTWJDZFB6bVRhU3FFR3JzaV9WR3dqajhJX0s3bHZXaXZSbVNFN2tyLVN3dGF0Q0RkUHBHQlNRN2VhbkEtUmF6d2p0QmtXSkdUN2haN2pjcHkwdGlSNWp4ampzb1puWUNpZlVKTXNwcGdZa3VxVU9nWTYtOHRaU3k5R2NlNDJqWF9rS1k2ZFdKa2pEMlpsZ1JOQXMtbmJ3eHJzaGhaWGtTMTkyM1U0T1FfbjQw0gHwAUFVX3lxTE4teldYaEE3dHhXYjB3cDBaMVBkTlFjcFB4bHEyTTUtbDV4dFVMLUllQkEzRWtSb29Ya3lhSUFNckFpSlliUDZZQUdRVUhUNTdCZlNGZXRLWm1YZVJjMy12UnBWR1BEUnBWd2RCLU9MMmg2Vm9Ta1loQjB2VWdkWENwVjBIbTVsRVEyWlJQc011MzVKZEszaUJ1cE5KTmE1LTBIYnlpVDZMUXFFNVJ2SzFIT3F0U1Zpekt6NnNxOXFyRl9XRklwR1otN04tOHJVNWVBMVBsY0phS3QySUpLUDEteXllVE9kNGtJOTNucWR3cQ?oc=5,India Today NE,"Fri, 05 Jun 2026 03:54:49 GMT",2026-06-14T19:58:22.318889,impersonation_identity_theft,True,False,candidate,https://www.indiatodayne.in/arunachal-pradesh/story/arunachal-pradesh-constitutes-high-powered-committee-to-address-illegal-infiltration-1402952-2026-06-05
fake identity Arunachal Pradesh,Arunachal Pradesh: Massive outrage by locals as illegal settlers have constructed 12 mosques in capital city area - organiser.org,https://news.google.com/rss/articles/CBMi8gFBVV95cUxNOHo4Q2xiV2YtbHNfMFNzZ2Jyc2RYcjl2Nldua19MZFJ2aEY3TXBqdHEyQno4R1hScDMtbktDVldTYl9fSFo1TEtGTlU3QUdkZnltTDR0d0pfUGxCRWpla2tzQjk4Y0lsR01pVGhmNmRkLXZhZml2VWhoMUYwcG03bUI1WnpkSEEzMWw3akZDcmRPNnh2NUE2cjZjVWl0NTY5WE1VYWRGT0ZJdTFTSTBNQTVqbUNhQUxRWUZEcEVqcDNyNWdyT0ZwZWNadFZlVnNpcGRsV2R6djhHRnJNbTcwczNqMjVGdzdMMEY2U2k1dkpkZ9IB9wFBVV95cUxNWHR5TXFySV84T2p5eVdKRGpNNU94dnFHbFI0ZHlfb0o1aWdFNlN0UUsxOXNjVWx5VXItZTlrYk9tSzRpc2UwMm1xS0JjOEp1ek5LZW1fUVIxRzY3cVg5VzM2TkYxY1RzakV5R05DWXhqY1VsMVZ2UHRPa3E3Tm5ZTmtiYTRfTi1CNDduYVh1N0s1TVVnX0xoU2ZQMVBOZ0hfS3NXYzROYjQ2Q0xGQURhQWRtclhKYjZVZndwUnNDWldPSk8yNmY1d21RWjhIZ1lJaUJNVjZfSVVncjctNW45RWVQVWkyT3Q5dGU2eGJqUUxBcHhTZlVz?oc=5,organiser.org,"Fri, 28 Nov 2025 08:00:00 GMT",2026-06-14T19:58:22.319006,impersonation_identity_theft,True,False,candidate,https://organiser.org/2025/11/28/327889/bharat/arunachal-pradesh-massive-outrage-by-locals-as-illegal-settlers-have-constructed-12-mosques-in-capital-city-area/
fake identity Arunachal Pradesh,Was Christian occult cult behind Arya Nair from Kerala’s death in Arunachal Pradesh - HinduPost,https://news.google.com/rss/articles/CBMiswFBVV95cUxNMU5qVUFaaHJsZ2FfVWFoTVlmZ0RyMzAwbmV1dVI1SGFJSE1Fa0ozVGZsS0s3MUxUQUFtQjRIYkxTT0RqbFVsQjJ6RENQX2VvbUFDZy1Sb3R4c0FTWDNubWVqbU9CaTNWazhtc0NqRlU1SlR3NXNmdkZsRXMxX1llcFNIalA0dUZ3Z1h0LS1PZy1kYVFkNmhkSXhBczJWVjZOUEJRbDJienI1Skh5d1NieUR5VQ?oc=5,HinduPost,"Thu, 11 Apr 2024 07:00:00 GMT",2026-06-14T19:58:22.319118,impersonation_identity_theft,True,False,candidate,https://hindupost.in/featured/was-christian-occult-cult-behind-arya-nair-from-keralas-death-in-arunachal-pradesh/
fake identity Arunachal Pradesh,"Arunachal Pradesh govt forms four panels on ILP, infiltration & tribal rights - Dailyhunt",https://news.google.com/rss/articles/CBMi9wFBVV95cUxNNGpKMUxzWGc1VEt0a284VUlIaDJoYTFDNUhDcjBFZHFEWGgxYWtvYVpLc1ppOVVqWVZmcnRrWmZMSjJIeldGQzR2NXFXbVplci0wZlhBUTFKY0Q1RkRHMlpyaG41QThjSDk2bDExS09FS0VOcm4tQURLUlBuTjFSOWJhQkJ4UlJXQkF3SW1lUVVkZFZmUkdvVklRR3lVNC1qcGhjX2F0Wi1fMlk2RUJneHRFV2s0SXBUcWlpakNqM3RQX0ZQdmZtSUhzQnNrTUVFN0VTNmZmTV9Jc1VSa0ZPcTZ4QWhOQkhVRzlXWS1URDhSM09CWUVR?oc=5,Dailyhunt,"Sat, 06 Jun 2026 13:50:48 GMT",2026-06-14T19:58:22.319425,impersonation_identity_theft,True,False,candidate,https://m.dailyhunt.in/news/india/english/north+east+news-epaper-nenews/arunachal+pradesh+govt+forms+four+panels+on+ilp+infiltration+tribal+rights-newsid-n715218233
identity fraud Arunachal Pradesh,Inner Line Permit and the anxiety of survival in Arunachal Pradesh - The Borderlens,https://news.google.com/rss/articles/CBMiqAFBVV95cUxQUW9FTG9fMXVidG1ZOG9ObGk2UTVodDhOcXFtQ1BOQ1VVcmdSUi1PblRXS2g5bjVTa2FsS1JkRjNtYWptakVaMGQ0Tkd1QVVKbTg3ZkVtSEozNzEySy1HTnNqZ1dGOFMtbnFhTVBmVVhVOUtWdGYteUFxdy1DVV9STkZBLU9YVFFBS2h0bTJ4SlVyMm9PSkhsVEVWR283OXNyQmlwVi1wcVA?oc=5,The Borderlens,"Fri, 22 May 2026 07:00:00 GMT",2026-06-14T19:58:24.517646,impersonation_identity_theft,True,False,candidate,https://www.borderlens.com/2026/05/22/inner-line-permit-and-the-anxiety-of-survival-in-arunachal-pradesh/
fake profile Arunachal Pradesh,Chinese Military Build-up Near Arunachal Pradesh? Unrelated Video Viral | BOOM - BOOM Fact Check,https://news.google.com/rss/articles/CBMi7gFBVV95cUxPVXZ2UTFnNDB3NnExdjJpQWRXclRkaTE4eWhfcm1OVmotRHNKYklSZEFUem83ZDZ4THI4Wm1FOUZuMVQ4N2Nuc3NfTkRFWmZqUFFzNUpyRW9wNUlGeU9lN3dtMVRUNDhxWXhLeU9ndmw4NThDRTMtb2lJSVZzMko0NndEUnl0MGdha0NyandyQUNpTU9Cc3lsVTlSVk9CUDg1Y3I0ZlpMQlk1Z3phU1FTeDNHaWZyRFRwVHBXVWF1UkNXM19DYTRlOTAzbjlxaUpfRXMtUmxHX1VqRmhxclg0QjVJalFyeHdRZ3B3cUNR0gHzAUFVX3lxTE9VMDBlS3ctQTZMVktBdFF6U3VXVS16al9yZDFFMGU2dmhsNGsxWWFHcTlLRG41M3F3dGpfQmtUZDAtaTVKeVdJZUh5Tjg0YVIzalZIWlhjSVlzSVF0WXhxcHk5aDFXQjVSQVdvMjVfM3BRc2tiY0ozY09EUlRLeUhmS2ZjelVvOG9hUWhDZWY5MENrU0Y0THdqdnpYNUdkZGstRXNnVTEwYmJhZVlmUl9UakFmRWVBc0NCbHlHdVo1aG51T2hwWXFGTnhSLUVxNkJMZ21XbUFucE1saDlCb3NoeExoSlZPVTJkdXE0YWwtOGtRbw?oc=5,BOOM Fact Check,"Fri, 12 Dec 2025 08:00:00 GMT",2026-06-14T19:58:28.663371,impersonation_identity_theft,True,False,candidate,https://www.boomlive.in/fact-check/fake-news-pla-military-build-up-arunachal-pradesh-old-video-pla-drill-nothern-theater-command-ground-force-facthceck-30231
fake profile Arunachal Pradesh,Arunachal Pradesh CM hails MMA fighter Sonam Zomba after her title defence at MFN 18 - lokmattimes.com,https://news.google.com/rss/articles/CBMixAFBVV95cUxNX0FzbG1YSmJIdmRId3hReE9NUmE4ZGxPYlRZMVdjOVNwSFN4LXp6OXA3MUF4TmhIN2tzRkFrRnp0T05JNmRCMFlzdGlsN2htT3lldlNnZ1BNd01TYk95VlVQcFYyVktieEJyNy1IeTJmLVN0ajJ6VVR1alQ4OU02SklZdkZuNDdreEdOZU9aVmxrWHhVbHhwMkdKQngwMWVVc2FITHV3d2FBYUEyalVQeGdySGg2MU50emh6VGpiVXlkTUli?oc=5,lokmattimes.com,"Sun, 03 May 2026 07:00:00 GMT",2026-06-14T19:58:28.663572,impersonation_identity_theft,True,False,candidate,https://www.lokmattimes.com/other-sports/arunachal-pradesh-cm-hails-mma-fighter-sonam-zomba-after-her-title-defence-at-mfn-18/
fake account Arunachal Pradesh,This Video Doesn’t Show China’s Massive Build up Near Arunachal Pradesh - The Quint,https://news.google.com/rss/articles/CBMiuwFBVV95cUxPR1lQc19BZzVtUjZyS2VmUmFRaDNTNWRXZTdjdE1aSnZVNjVKM256YUdUN1pIM01fbGY1eXpNdlRlUTN6MTI5WngwZGJkTjVLeHY3bzBYYXZ1N0Q0RTBRaHFJV1VTWHh0ZmZwOHFWOGFJRkxIOXJqRTJOS3RPaExKTzRnaXh0SkVDRUxPemkxZkJJUUljQTB5bDhuOXNYSndZOGw4czdiY1QyRmgzaWJIdFFRVzJRVkU3WTQw0gHIAUFVX3lxTE9FQ2FLemdwcDRVc0MyQWVwTFhvUmUycGs5MWUzVFc1QzhnV2ZJbHAxS0VjbzVLak00RTNoQng1WVVxeVBsQlcyb09TVHVDamFRWWFLbVZuUEdNUFF0SmVBUDhzMHRvekNRN3M0cTd1TThqZDREaC1EYTlLYlhRN3Z0dFBQNzRNMUt3Ym5waC1qelFCZ3EydEUwdE4wRXNLZkYtVUNjYzhySnlfYjk2TmYyUHVuM3RWdHhiMGdTMnNXbVZPNThGWUxp?oc=5,The Quint,"Mon, 15 Dec 2025 08:00:00 GMT",2026-06-14T19:58:30.802516,impersonation_identity_theft,True,False,candidate,https://www.thequint.com/news/webqoof/china-starting-massive-military-build-up-arunachal-pradesh-viral-video-fact-check
fake account Arunachal Pradesh,"Fact Check: CDS Anil Chauhan Did Not Make A Statement About Surrendering Ladakh And Arunachal Pradesh To China, Viral Video Is Deepfake - Vishvas News",https://news.google.com/rss/articles/CBMiiwJBVV95cUxPcWNHakdDWHdoSTcwQTZJeDBpaFJjUEEwWXlOMmZiaFNBTHdIOVFyX3BvckQyamU2RUt1OTlPLXRNdmV0ZEhWaUVGM1M4Z09Bd0g1Q3NDZWVBOG1MeDBVRlRGc29neWVGN3d1Q21acU82WEZ1WlZkZkRadXRZT1otb3dCdW9mOHJzUmg5dlZzRVRfQkphTzYtLWwxYWxNMUl2QTlESzFXUFNBY0dqMTNvTV9aNGU0ZlZQM0lyMmlCaENTTmhLdGJGa25oVGtTdkJDOWFSV1lNRUMyWGZjcHpKdXZzYWFjN2FGNjQ0MTZCUDdIT18tSGFXLVJ1RlYzLXl6a1JwZF81RTJoY2c?oc=5,Vishvas News,"Thu, 04 Dec 2025 08:00:00 GMT",2026-06-14T19:58:30.802526,impersonation_identity_theft,True,False,candidate,https://www.vishvasnews.com/english/ai-check/fact-check-cds-anil-chauhan-did-not-make-a-statement-about-surrendering-ladakh-and-arunachal-pradesh-to-china-viral-video-is-deepfake/
fake account Arunachal Pradesh,Arunachal police arrest two in Naharlagun for circulating fake pornography video of local girl - India Today NE,https://news.google.com/rss/articles/CBMi-AFBVV95cUxQaGtOM3Q4bmNTLXhlc2hhcGd4QU8yd0Z3bVREbzlJbnctYXRya3RIQXNxaW94OFI4VHYteTZnNUpzZFFpaV9CcjQzZFFNY2prbVpmTTMxSUxmR2Z0LS1SM0RVOHZwYUluQllQVXR5YU1jc3V4OUExdkN0XzZERHNSY1hOYTZJQnBJUkJycmtGS3lBM1Y3WmFNNkNTMWZJZ1ZWVldQZEVGc25iQ0tXUnV5SkswV3dRa2pRdHpQcWNIenV3czRvYmJVTmVraDFpeEM4dWxHRmowRzg0VC1PcGtXaEVRTTVxLTZqcG90WEF4MS1GVVE0bUU4M9IB_gFBVV95cUxQeDdiekFQMVdhUE0zc3ZIV3d2MHpYSXQwdVI0TFgyblZENWIybDJ0STViUm9mSzRzVmJMOWVBTjdEOGtYbng3UkNpbU5WOXpuUVZUTVJPWGdJRlRLd3A2XzZ4NTBmOWZyS09oMnNsSnpaTzF1cEI4MkxfdUwySmt3RVVDaFBQWnBKZFpuR3JsUnJFZUtlNVBSaU9WaU16T0l1N05yemItVkZ5UzhVTk1ha2hyMmg2eEdjbE9GTEZVX1N3dEJSS0JDSkg1MEczcC11cDkzX0lySnc4c1NYdGZHWHFSY2FsSVYtYlh5bFJUSFVJNFYtZVJjSHV1SFYyQQ?oc=5,India Today NE,"Sat, 12 Oct 2024 07:00:00 GMT",2026-06-14T19:58:30.802968,impersonation_identity_theft,True,False,candidate,https://www.indiatodayne.in/arunachal-pradesh/story/arunachal-police-arrest-two-in-naharlagun-for-circulating-fake-pornography-video-of-local-girl-1105500-2024-10-12
fake account Arunachal Pradesh,Arunachal’s Pasighat Market Flooded with Fake Cosmetics and Adulterated Pulses - India Today NE,https://news.google.com/rss/articles/CBMi2gFBVV95cUxOQWJhSlVPQWNhYnluQkhQMDZxalpVZEtrYkxzQ09RRk11WTB0U1k2d1liNUZsN3JwU184eFlTclhVMnBOYXhNcHBhdVFOWEdMRkE5ZVR5UXB5OGgtSW9EWnA4NVlKUDNiTUgyYXRHdUJFMkI3TEc1MUthSUNSYWNSdnJsb0wwNTRSblBrejVhamZZZXZVbDlwSWVsMU1yN1VxZkdhcF95WmJQZGhXTXVjbjkwcGtoR2czdkpHTUJMbjVXTlBucm9lNW5FSFBqNTFqbngwZFQtNmRCZ9IB3wFBVV95cUxOWW5iekxGNU43YWtpU3llc3Vnb1BxUjdNcnNHbzlmZzkyVUhNN0dueG1aaDh0bldkN2RoRzBNV1pvOTA1UzFUd0lWb0xFbkFlOW9mYnFHSncyUnZOU0NDMG5wanJRWFJhdUNqRWcxNGZsdV9VZy1EcG5KUTlpWkpVam5ESkI3YS1McWV1ek80S1NjMklsY1RON2YwUEVjQ0NYM0w2S09Lc0pHYkE5azBxdmVWT1Vqb0RZZzcwcWp2MmN2dmNBSGRFcGo3LWgwUmtDZFVLYWZmdHExMHZHLS1F?oc=5,India Today NE,"Sat, 19 Oct 2019 07:00:00 GMT",2026-06-14T19:58:30.803010,impersonation_identity_theft,True,False,candidate,https://www.indiatodayne.in/arunachal-pradesh/story/arunachals-pasighat-market-flooded-fake-cosmetics-and-adulterated-pulses-409897-2019-10-19
fake account Arunachal Pradesh,"Fact Check: No, Arunachal Pradesh people are not protesting demanding rejoining China - Telugu Post",https://news.google.com/rss/articles/CBMiqgFBVV95cUxNUlY4M1h3UnRJSWttYmxXcTZiLTlWemtWNEpEX0hRTGEzOXppcF9YbFRxUFc3U3VwUEFVbmY0ekZma2xwMzkyY3dUWFMxZVg4NEsyZUFvSHRMTnpINzhSdUNrS01LekVseWsyWHRyMjl6M0gya2tjcDJmRFFRNmlLQzNiSllaRTVpcjFfOGpTZDVHRTdLYmlrRUlXU2YxS29sVmFXZjc5UWdld9IBrwFBVV95cUxQVloybFFFS0xoRHlIYmV2c1VVSTE3ZjVQREx0amhINXZvTWNxdjlub21XNm9UaWQ3RUxUMldtZjlGTjBvMVZuMXRGRXpUdTBsMkl6QkxRQm1oUHh6R2NlZFhNZjZlcWNxMzdHaEhaNUl2anNxd1lkVWZoTTNFNXZuS1dyNmxWWFlWSXlDYjhoVllLRFBvYkdXS3EyR29Vc3VPb1U4X0hWRGdsSjYzY0FZ?oc=5,Telugu Post,"Wed, 20 May 2026 07:00:00 GMT",2026-06-14T19:58:30.803097,impersonation_identity_theft,True,False,candidate,https://www.telugupost.com/english-factcheck/arunachal-pradesh-ilp-protest-not-pro-china-fake-news-1614379
social media impersonation Arunachal Pradesh,Arunachal Pradesh Police books JNU student for sedition - The Times of India,https://news.google.com/rss/articles/CBMixgFBVV95cUxPWVk0SHp2V0xCTi1UcWZuZmoxSHA0bHBaeGVkUnkyQm9iOEs4WTM0S1ZfWjRWZkFxa1daeVJsMkZEWms2SFNxb1JHc3BGTkxYNW9jdjY5eTdGQlFoOFM3MjE5Y1M3Y3MtYU5pTW5IUVd4d2dXLUVGRWF1RWJYcVRBUlVYckZsc0poV2x4WWQzcWI2dHU1WXRiMHp2dUluQ2twOHdZdkJhUUNTWEg1bHVSTWc3MW1WTXJJa3JOR1VxM3A4VG5IVVHSAcsBQVVfeXFMT01SS3NKQmxVRm5mTUJ3YkFMcS1hUnFTMi1HdW9aeWg5ckxyTDFnTHJUZWNOMkM1VzY4REtvWUN4blBmTk4xaEdKRnZlb0txMG5wWmI5Um1UZVZBRzRfVzR3ejJuUV9LSVNrZXRjVlljSldaN1pGZzhiY1lhQkpsZWpTVUJMb3NyeVplLXVISHZaQzdWN0tLcHFNU2RLNEYxUzNOdmtZVzVJQ19uTjZpbFNnQW12UUZILUp3OVM1MEJ1YWVESzVjQnNNMFE?oc=5,The Times of India,"Sun, 26 Jan 2020 08:00:00 GMT",2026-06-14T19:58:34.939950,impersonation_identity_theft,True,False,candidate,https://timesofindia.indiatimes.com/city/delhi/arunachal-pradesh-police-books-jnu-student-for-sedition/articleshow/73634604.cms
impersonating officer Arunachal Pradesh,Arunachal Pradesh: Soldier from Kasaragod dies in helicopter crash - English Varthabharati,https://news.google.com/rss/articles/CBMipwFBVV95cUxPa1FLQi05V204bEx2Z20ySzJfSTN0NFN6a3F6TDJfejNlMFBySjRzcFUzNjhWWGc0QXVmSE5PR013YkJ2emQ4MUd4MUgtVU5PS2tfSFdXS3pjWUxhNGtZcjVvaC1NM0dpWDNTZG1JVU1TNktMemE4Z3hqTFFfd2RhNGJVSVFMUnREUmVRNGVZWF9EaXJWMjRMOFN4cUw3ai0tdzBMOVZUMA?oc=5,English Varthabharati,"Sat, 22 Oct 2022 07:00:00 GMT",2026-06-14T19:58:36.488328,impersonation_identity_theft,True,False,candidate,https://english.varthabharati.in/india/arunachal-pradesh-soldier-from-kasaragod-dies-in-helicopter-crash
fake cop Arunachal Pradesh,Arunachal Pradesh Cop Killed In Tiger Attack In Mehao Sanctuary - ETV Bharat,https://news.google.com/rss/articles/CBMiswFBVV95cUxPUHJ5ZXU1cExlVHNpNkV3cjk5NU91M3h5Y0J5SDNTSWtfTEZYUi00eThEaEd6WTZGUTVGTXpSQU1sUmJmSFVLM1JOcWVMeU5XaURmUER0MjdfQjlsMXpFN3gwbVQwQ0hkS1dYcHFkdndidUFvRENyVWhpTnhjNUFhWDVnb2doWHh2VUNmZFlfaktjWmd2emVyUjBWQm5ZZUNXeV80aGpOZnNJSFl4ckxTVzdfc9IBuAFBVV95cUxOcmRNSlhQLTR2eW1sYTV0enhwMzRVTVE5bEJfVXk5NGJHdTNNcFpHamZzendiTzQ2ckxrajYtZWFxT3p4bnNzd0RvQndnZ2x5UU94Q3prTUNvSlprOFpUZW1iSmlRczF0Nko3dTBBSUFvOWxIbTNncmZsUkFQcFZVS2c2Y1lfMWlHZzA2czMtODcyMHU4ZDBxeVdEN0tzUW82WWNaeUxEcklmaC1BSEtSNjJqczNGUVhE?oc=5,ETV Bharat,"Wed, 04 Feb 2026 08:00:00 GMT",2026-06-14T19:58:43.345602,impersonation_identity_theft,True,False,candidate,https://www.etvbharat.com/en/state/arunachal-pradesh-cop-killed-in-tiger-attack-in-mehao-sanctuary-enn26020405933
fake cop Arunachal Pradesh,"Arunachal: Pasighat Police Seizes Fake HP Cartridges Worth ₹2.27 Lakh, Shop Owner Arrested - Arunachal24",https://news.google.com/rss/articles/CBMivAFBVV95cUxNdnBFZWhwcTJ4dWZPX053YmZxTlFuQUNoRnI1ZVVsTlBnZmROZUJXdFF2M19TMjN5cGVpSDM5Tl8zM2k2X3daejJmT1dXWXoyTVlXdnJFSEkzS2VOOXNiMnJaZWMzSTBFa1p0Rl9WcUtQOGFNbGl2SEJzbXBtOXExWkFVYTdaeWVnQ21ON3JaTWtCbmNJUk1OMjBERFdXcWhDQ3E3MzRUV1NPQXNLZU10cGVtR29nb1JfUXpGZg?oc=5,Arunachal24,"Fri, 22 Aug 2025 07:00:00 GMT",2026-06-14T19:58:43.345638,impersonation_identity_theft,True,False,candidate,https://arunachal24.in/arunachal-pasighat-police-seizes-fake-hp-cartridges-worth-%E2%82%B92-27-lakh-shop-owner-arrested/
fake cop Arunachal Pradesh,Delhi Police L&O Chief Madhup Kumar Tiwari Transferred to Arunachal Pradesh in Sudden MHA Move - Elets Technomedia,https://news.google.com/rss/articles/CBMiywFBVV95cUxPWDBvU2FGTEpsemlQZl9HR0ZPUHduSGVnWXB6dnZIZ2VSX0xLWWZ1T0tIcDNkaVVVY2wyVXRWWjJXdTZCZ1ZqUkd0S2NhbU1XbkVKYkR2YVR0SF9VTWdvYzVoTW02SDVZOXhuU1d6VUFkdWo2RmlZdUozRDJxTktUYnRGU21hZEZ5NkZsdlp6aFIxVUtMV0xxS1p3d25IYmZRSDAwbmdPUDFkZXpsaDEyWDVUSmI1bldJcWFZYnFjVFNIaWw5eU0xMkVkaw?oc=5,Elets Technomedia,"Mon, 04 May 2026 07:00:00 GMT",2026-06-14T19:58:43.345650,impersonation_identity_theft,True,False,candidate,https://egov.eletsonline.com/2026/05/delhi-police-lo-chief-madhup-kumar-tiwari-transferred-to-arunachal-pradesh-in-sudden-mha-move/
fake cop Arunachal Pradesh,Arunachal Pradesh DSP 'killer' shot dead in encounter - The Times of India,https://news.google.com/rss/articles/CBMixAFBVV95cUxQTmpuU0VYeXRRR0ctR2NNYjhIZktDN2NvMVZHd3RhNm54eEtNbkVhSUxHOFNhSXR3dllaYmVadVJyV1lFRXFFaklqWTF3LXRWa2dDbU9tYmJsbWVURHFwWFdqMHdyb0ZNRDJIVmQzLTZ1WEZjXzE4Zk5CYmFOS0dNNGVmX1lmajdpSnFKbXhQNFh2bnZXQlM3NHhyU2JCV0ZKZmtXRlpCVTNRdXg0N2daR2doUm9WdkYySUR2Rmk2d2t0RC0y0gHKAUFVX3lxTE1hTUlsUllXMEl5Tm9DRkllQm0wbFU5RXc5QlRpWGNPT3FZU3hPZnVSWmR4MGYxQlhYMXc4NFFvV3dIdGRqZFZCTnF6YlF5aFF2dkRZRGdPaDNNVS10Slk0TFBxN1N3UnYxLTQzQ1I1QXdzMXRMVGtTSGo3bHcxWTNKLXRwSmpjd3JsdURPTVNPblhGdkE2WnFUbkFUMW95NGJLdmlFc2t3Q1hVM1VfcjRRVkFSOE1RTkdhbmYyME1kVnJ2NUd0ZFJhZXc?oc=5,The Times of India,"Sun, 19 Jan 2020 08:00:00 GMT",2026-06-14T19:58:43.345847,impersonation_identity_theft,True,False,candidate,https://timesofindia.indiatimes.com/city/itanagar/arunachal-pradesh-dsp-killer-shot-dead-in-encounter/articleshow/73373394.cms
fake cop Arunachal Pradesh,Suspected tiger attack kills policeman on Roing–Anini stretch in Arunachal - India Today NE,https://news.google.com/rss/articles/CBMi3gFBVV95cUxQQWJhS09kS0NjWnRlOXlUSzB0X0RtcUw5dTFBbUJZVUE1S29YbWwyS0R2M181WWJfeFJEM2w3S1dMUWR6SFMzWlQ4VzFKTGowM25uaFFiMHFUX0JGWThhVWNLaWNySzdyOElZMnpibFZDd05pUi1xS0NlcG5XUDhZd0JpbGlpNlZ6VmFIZktYOEJwbzhId1k0N0JKTHFVSlRUMXZQYnZGX3R2ZmhVcWtHaHhSdm43bGp6ekN1aDFNZnI4cXVaUXV3TTVMME1KNDUwdDluWVJsWDdrdS1ubFHSAeMBQVVfeXFMT2ZkemJfNENHbWU5RVlfOEg4SUhuaDRpYjAyY3pyaWVZSE5ScU14bm5JR2pqLVBrR19UTkZ3dzNoYmpRYndBeEQ5UXZTeTAyQmpMOHdPU2hOdjRHWklRV0JBOS1PT3VwRng1cXhyNF9mbDE1Z0NfWC1uRllzemM4cGxUWVFWaDFOeVE2VTZzM0dRVEp3dFFxSTJIMjhWbjE1NkQ4Y1UtTngwaEVrckVPY2w4N3oydEZGNDdOemc0Y0ZpVDdUU2pOVmdKNlYyY2hsTHVDZS1FQ1BySXoxT3ZYV0F1aTQ?oc=5,India Today NE,"Tue, 03 Feb 2026 08:00:00 GMT",2026-06-14T19:58:43.345880,impersonation_identity_theft,True,False,candidate,https://www.indiatodayne.in/arunachal-pradesh/video/suspected-tiger-attack-kills-policeman-on-roing-anini-stretch-in-arunachal-1340939-2026-02-03
fake cop Arunachal Pradesh,Nirmala's Diwali visit defused Army-police Bomdila standoff - The Times of India,https://news.google.com/rss/articles/CBMiwwFBVV95cUxNbDdmQl8zZmcxWlBmaUduVE9kV2FfcXZ5Zmh6dVlVNktYR0l1VkRTZy1zLUljY3Bad0N2T0MxRUFmWjFtUnNaS1V6bHZOekZ0a0stbkVMNFNFOGpBU01JNzFkMW1kZGpJZmJCN1ItamRhNVRTZFVtZW9SdmRfUFozMU1IMGFIMUdaRWozWUlQN3VfNGFkem5HWEZsZl8zSzJBQnhYVVhxdlJCSmVTUFVlVVFhU0NQUHBpNG9Tc1RmUlhMLTjSAcgBQVVfeXFMUHE3cmFmZmJPdzFLYkhITnhDQXhab2J1Zk1MM0QtdTdwVDNNTEZmcWJFaWhPRnJHTzhwZTBiNG0ydk5acFBfQ2dXcHU3VzFvX3VZemkzelhKWmpaWi1zSlhnNlh0S01lQ3Fod3AxdDhJOEZWUG5Qam9tYkQ3YTA0RFVidUdhTkFXLVRkczFEeUpJMFBEa2EwWUNueDZ3OHJlOXVCTG9PcFRYVHFDcGV3VWU0ZGRaNUhiZkhRZndLOWxJejlFa0ZMUms?oc=5,The Times of India,"Sat, 17 Nov 2018 08:00:00 GMT",2026-06-14T19:58:43.345935,impersonation_identity_theft,True,False,candidate,https://timesofindia.indiatimes.com/india/nirmalas-diwali-visit-defused-army-police-bomdila-standoff/articleshow/66662236.cms
fake cop Arunachal Pradesh,Arunachal Pradesh Governor K. T. Parnaik appeals to residents to switch off lights for Earth Hour - Northeast News - Northeast India news 24×7 -,https://news.google.com/rss/articles/CBMi1AFBVV95cUxNMjR0S3dVeWRHS1E0Sk00QVhVYlhSamZ5TmgxQ01samVoUjlpM191NXNBb3dtSlpsc1FXemtndHZRaklWOW9iUElGbEphRUswajgycEttLXpaUEVzTC1Bak9aci1XSGQya3Y5ai1mS3EtZ0pDaXU2aExfRDNRSG5HM1h5QUVOcF8wendRVUZCMU5VMjNGTGZ6VlVSVzBsYlJreXMwZ1F4TTViVWswNmJOeUtWQndjU0xSaVJOa3dGX2ZYLS16dzMwMjJkX0ZaYWUwRWFZTw?oc=5,Northeast News - Northeast India news 24×7 -,"Sat, 28 Mar 2026 07:00:00 GMT",2026-06-14T19:58:43.346162,impersonation_identity_theft,True,False,candidate,https://nenews.in/arunachal-pradesh/arunachal-pradesh-governor-k-t-parnaik-appeals-to-residents-to-switch-off-lights-for-earth-hour/46135/
fake government official Arunachal Pradesh,Services of 256 staffers terminated for producing 'forged' appointment letters in Arunachal Pradesh - The Hindu,https://news.google.com/rss/articles/CBMi_gFBVV95cUxNNXhYeFpZb2Vvd0k4MUdXR25mYzVzUFNEOGxnb0NxOGQwYkZxSzNsVUladVpwSnFlajZoSU1mX3VJSHY3S2NwMW5NZzQtcGV6Tlc3ZWVZY2dReDNzY3oxNlY2VmdMd3FkeldUZnlDNDNubTNIT0JlaU95THliaTd0UWs3WWwwVlBrWkVYNlo4YkF1d1djWThKem1jc2VaUFY0WUo1OHlhX05WOEtCWGctM2JXLXE3UFcwZ2NDNjRQb2h6dzhsMWxyVkdpQzhvdFN6YVRSd2dqTWE2cmtIa21tYnNOV0NaSDYwZDVKVEV2X0Z1WjYyVng3Zy15NmVid9IBhAJBVV95cUxQM3JrcVhWb0d4WmdjQnFQeWRHcUpsbWdfMDI5Y2xIbFJkUmk4bzlCdDNwNjM4dDJmUXJ6aWN4NjBZaGhuWUZWUWh1Ql9xNGZLRVBZYjRxWFZmcmVucTN1NjFXYTZuSUJSQkxnLU9Md1V4MFdXSGlucXJtZHhscFVvUjlYTGZuT2FxODBjOXZDTVBjVE1tUHM4SS1lZTdqc2VZVmF0b2lrRW91UWZjZnNweGZzalVUUEtxQ3JVUHNsajJFTXRZUnB0Qml3Umc5VDN6V0xzNU5FMGtFTjFyc1dNMFd0bzhwaW9zN0pNOUxWVUFUNXJoLTRyX19pYmtSQjZRTUhXSg?oc=5,The Hindu,"Fri, 24 Nov 2023 08:00:00 GMT",2026-06-14T19:58:46.096571,impersonation_identity_theft,True,False,candidate,https://www.thehindu.com/news/national/other-states/services-of-256-staffers-terminated-for-producing-forged-appointment-letters-in-arunachal-pradesh/article67568973.ece
fake government official Arunachal Pradesh,Fact Check: Is China carrying out a massive military build-up near Arunachal Pradesh? Here's the truth be - The Times of India,https://news.google.com/rss/articles/CBMilAJBVV95cUxPR2VXVW1KNXU4Z0ktSUVQRURSNnlUNVE0RGQzR3hmR2hsWHJPVTJYQ2w1aWhPNWNnR1hhT3A0dXRnSVlhOXMtRGhJb2FSVmNJakRiOWpZNlUzdjZVYkprN3hIcE5LMVpFUXBzZVMtRmktXzRwMl9hX0NEWnI0TE05bW9KREFTcW5fenIxSTFjcGRmeFNBU3hmalFtLWk3MVBrYjAtR2xFc2VQY3hobGxISmVEZjZKSjVzZ1BnenBTQmQwSld0VlhOZkctZjhESTB1dXhoSEpCaVdQOFBXdDIzM21qODRVc0xHbENYSWNmSnIzUW5neW9TLXdzVkZWS2NmcElqYUI4MFQycmFUX3Q2REg1aS3SAZoCQVVfeXFMTTJoREZRdi01RTVnQ3Y3V19XbWhKMWdlbFNXTUhoTl9uUjhxbjRFY3Zxc3dFdDc5cGRmQ2FYUVh2M3o3RXNhNW5haG50WXBsemNITlIwVEY4OUZxM0lzbWtDZUo3TXFvVmZfVTNiVTM0RV82dVZ6NHA0NU5EV2pQZVZUdmJlZ2tuUXhBRlp1S3NpMjQ3QTFmWjgzODJTT2RMeG9tNndSQkxzOXVXZ3htR0szczV3LW12ajVuTDgyM2xmeGxUbXBtV1V6aW5tV1FvNXo1Qm9KcHJ1aVRUdzMxeTdJVW9DZGV5LXJCaS1rR0duMEd2RWZVZGZVOG50Slk4cTV6d0dEaFhzVWNCRGQ1YUxBR19KcTBHTl9B?oc=5,The Times of India,"Sun, 14 Dec 2025 08:00:00 GMT",2026-06-14T19:58:46.096732,impersonation_identity_theft,True,False,candidate,https://timesofindia.indiatimes.com/india/fact-check-is-china-carrying-out-a-massive-military-build-up-near-arunachal-pradesh-heres-the-truth-behind-viral-claim/articleshow/125959608.cms
virus attack Arunachal Pradesh,"Tag: Hydropower Projects in Arunachal Pradesh - South Asia Network on Dams, Rivers and People",https://news.google.com/rss/articles/CBMicEFVX3lxTFB5NHBHMFpSWkpkVUpONVBQTTlUQmxZaXkwODVyMXNVYXFUTkFfVWdPS0NzcF9qRlJXVjd2YTl2RGZoTzh4bDNnd09wdFpYZWp4QzhPb0VhRTJtQm9ZRG9RUnd4Tkt3Yi0tNHNUaWZRbC0?oc=5,"South Asia Network on Dams, Rivers and People","Sat, 01 Mar 2014 08:00:00 GMT",2026-06-14T19:59:23.566875,malware,True,False,candidate,https://sandrp.in/tag/hydropower-projects-in-arunachal-pradesh/
virus attack Arunachal Pradesh,"Hydromania in Arunachal Pradesh: Massive 1850 MW Dam Planned Without Any Basic Data, Not even Water Flow Data… - South Asia Network on Dams, Rivers and People",https://news.google.com/rss/articles/CBMi0wFBVV95cUxOd21HbXVhT1NsQ2pNMmNoWVV6YzQ5MEh0YVdCV1VXdFhXam9ka0NNMDdFVm9wRTc4bW9mbHR2Z0VOYUVOM2dnd3pSV3pYRnd2ekdjV1E0T3dfZzdJRnktTnhXYjltRWRfRGFPVmFhV01PWVMzY2hOVEF6RTNuSkxNb1FPN3l2X3NKQzc3WXRaQUVLSURpdnpxdlV5bkZEcGFUR3V1N1lNUGxDS3lBOVdLU3J3VzNSa3BraHcxTG9xV2NKMmZuakd6NG5xcFk5NGRJZ0Rv?oc=5,"South Asia Network on Dams, Rivers and People","Sat, 01 Mar 2014 08:00:00 GMT",2026-06-14T19:59:23.566969,malware,True,False,candidate,https://sandrp.in/2014/03/01/hydromania-in-arunachal-pradesh-massive-1850-mw-dam-planned-without-any-basic-data-not-even-water-flow-data/
virus attack Arunachal Pradesh,No more a Central Jail; it's Arunachal Pradesh Correctional Centre - Magzter,https://news.google.com/rss/articles/CBMixgFBVV95cUxNanFiWE4zZk9EVEE2a1hpV1l3NmRyb3o0aW91X1RjakZmb1ZPNWlJbTJBVDlyVEhFVmp5TE56LXBMdWt2cUp3bEdOYlpxTy1aREQ1ZjdXSDZyVXJxeHhtZmZNVk5YMlRPZnZLNXdKV1VpU3BQaEVoOWhjaFVrWk1mWHlKQkthTjktWVlYaFdaUHpPM0RIWlRyZTFkcUhLNjBlNHlzeVNiUG1MVHoxQUkzTlRxZlR0WC1GTkFMcDI1UTZQd1M2c0E?oc=5,Magzter,"Sat, 24 Dec 2022 08:00:00 GMT",2026-06-14T19:59:23.567130,malware,True,False,candidate,https://www.magzter.com/stories/newspaper/The-Morning-Standard/NO-MORE-A-CENTRAL-JAIL-ITS-ARUNACHAL-PRADESH-CORRECTIONAL-CENTRE
virus attack Arunachal Pradesh,Tiger Attack in Arunachal Pradesh: Police Constable Chikseng Manpung Mauled to Death by Tiger While Riding - LatestLY,https://news.google.com/rss/articles/CBMihwJBVV95cUxPSTFFa1g5X21TMUdDb29iekdydnJUT3lucW5Sd2cwbWU0YWY2QUVwZUVYRnpiN2JqbW9XYzI5eFdsTGQ2cXpaUHBvMm5MOXB3MGsxUllrMTEtYks5R0RjUF9SbDM5NDY4SEpEQ3V2Um1GV0tPOWxWRzhVcFVGLXJ2WjlGNUQtd05CX2ptazlSZ1lkZ1dVVHJ0R29ZQmNVT0R0cktlTkpaUURCX3pjVDhQMWQwLUR0NVA0eGhId0dfSldudDZWTW0tY0x6QWY1empHY2MyOEJzNC1GLUstUEp6VW50eElWVEM5a0owbzRlOHpwMkZTX2Vxb3hTa0pIdE9yYnFqVklHd9IBjAJBVV95cUxPd1FSSFQtcHN6WXdoYklZV2h1VkdlRGdrbWtkWUtCVTFpVWFVZjY3dTZ4WDNERW05NUFTdktVYlhUdXZuUW9kcHo2clJUdlVJeURFcUtQbWNiZ05OdEdSSmM1Q0trRUNaZkd0VHd5SjRMZUtSQjdZYmFmV3Y2SHo1cnNnTjBIeWQzR1RBS1Y4OVRsb3NNNW91dHBEZ0JWMkMtT3AybWhhY3dLNV9WMFdOQlRHSXlxazFZRnlmVmcteHNnRDA2cGRUcTlKQnlDLWk3VU1wdFpDckpWMkRBUXVFb2RiTkNwaGs1OVlYeTJNUVpvWTNKUkFUdTAzaEtrQkp6TDRVbDN6RFRITkJC?oc=5,LatestLY,"Thu, 05 Feb 2026 08:00:00 GMT",2026-06-14T19:59:23.567285,malware,True,False,candidate,https://www.latestly.com/india/news/tiger-attack-in-arunachal-pradesh-police-constable-chikseng-manpung-mauled-to-death-by-tiger-while-riding-bike-on-dibang-valley-7301889.html
malware Arunachal Pradesh,"Dalai Lama must not be dragged into malicious speculation like ""Epstein files"": Arunachal Pradesh CM - ANI News",https://news.google.com/rss/articles/CBMi8wFBVV95cUxPalFMTGdacTJpVTlnYWVHMld0QTJRelB2cU1WWE5iMUxkVkV4YnVKb3puT3RMMmY0WWNtVXZPM0QwdVZRb2pqaUNlWnY2RGVJSnU3Tnp5aUU4NkZhb0VCazVRQ09jS1dORnZ6NkxuZnNwWGdneHdwN0dsTENIRUJpbHZPNXFFQ2JGbmNxYXZheEY1UGZNN0xoYnR1RmJ5M2sxNkVZNkdwN1lJMVhyNXJVT2Q5UVkySmdaa0ZQMUplTnlzckxEdTFQLXBBcnI3ZkVJZ3NIOU5tajZUTDNCSGlqVFVRREl0V3FSWFFoN0d1ZkhfSEE?oc=5,ANI News,"Sun, 08 Feb 2026 08:00:00 GMT",2026-06-14T19:59:27.229469,malware,True,False,candidate,https://www.aninews.in/news/national/general-news/dalai-lama-must-not-be-dragged-into-malicious-speculation-like-epstein-files-arunachal-pradesh-cm20260208230613/
malware Arunachal Pradesh,Indian travel vlogger held in China for 15 hours over remarks on Arunachal Pradesh - Business Today,https://news.google.com/rss/articles/CBMi2AFBVV95cUxQbkVnb2ZELVRNUWVpZDEwVnlxTHZHTExmOWVOVlNRcTNQcm9lRTlPWlR3bml1a0NPXzlXQjBQd29BRGVLcHZycmE5ZzFHczBUUUcwWnk3djVNa1lWVF8wSnQzM0JlSC1CSjdPMWRCSVM5MFQtT01jZjBtWVFsVjV1X1JPZ2VyR0FaUUhHbUhGRE9scWJISlowMHRtbnl6WmxQTVVzeHBNVnlvRnZyU2YxQ2ZpR1JMSXNRcDdPYWNvQ3VFY1ZQbEdCR1k0SkIxbF9POFJacm5zOHnSAd4BQVVfeXFMT05hSEJwYUZEZ2x5NG9DRE5kRTNyaERzSzBUcGVhMi1pbkhYeURlbEhqQkVjVnIxOGozZlQ4MFczSVNXSnZ2TUFzQkpfakhPMUVZSXh4TFVrcDdrZHRiTUxOMWIxM1psRkE5Y1ZkVnRWeTdBd0ZUamtWdEVlMlVveWRlZ1hraktPWFdIQkVlRDdBYWRRWnl6cnZWUExUbmljVjdpdWpINXlyaE53RU1weU5PNEVha3lUV0YteWgyTDBMSjMwV09iXzd0SnRReTg5Y25sYV9sc3J4U1JhQm13?oc=5,Business Today,"Wed, 24 Dec 2025 08:00:00 GMT",2026-06-14T19:59:27.229602,malware,True,False,candidate,https://www.businesstoday.in/india/story/indian-travel-vlogger-held-in-china-for-15-hours-over-remarks-on-arunachal-pradesh-508108-2025-12-24
trojan horse Arunachal Pradesh,"DeepSeek: China's AI silent on Tiananmen Square massacre, India's control on Arunachal Pradesh - The Times of India",https://news.google.com/rss/articles/CBMi7wFBVV95cUxPZjMxZF81NTdFX0RhT013bzZIamoteUE4Y2QtX3NST2RFS2VocnVVbEZEOERYUW9WWG43aXFMcW9ramIwZEdralBtMW5MWTNoTVp4a0Q3U09oUG1qQVd1RVA3SjlaMXFFWURWU0dQaVVOWUtLRmtMZGRsVTN4YWkxTE5CVDJpbHREcGM1Ym1pdjJZWHp6SThjdlR3WjVOTHRaMlBJcjFrNV9na1V2WDdWV0o2YktXMkhJbUF5cGxmZnBwTzlReURvMVh5RlpSZDhReThlQ1VZbjhvTUJzLUJyLUpJVFlsLW9DNXFhSUtxb9IB9AFBVV95cUxQMWNtNkp4VTYxcWRnMTczblpGaHVxRjFnNXB1NUIyRHVYTHd3V0REUC1wYkFZNlRQNVlqMW1hU01uSzBsaXdPd0ZjdEtSc0tzYnktbXJISlk2YWktdXJQemF6TmczLTl3Ykc0eGdqR2ZQMTU0UkxuRkdwZmY2VTQzNUZXZ0ZUZnJmNkNZS3VJRGhJckhUTERvbnMxNm51UVBlOXpDamQyZUlPUGFUYTBTZ1B0OTI3alFfMzd6VlpOWGhsRTBZWTFYTWtJRmJBR2RNb2ptOV9UdXR4eFlUdW5yQTNtYUY0TnhMb3lRU3dpeGx6MGF5?oc=5,The Times of India,"Thu, 30 Jan 2025 08:00:00 GMT",2026-06-14T19:59:32.340589,malware,True,False,candidate,https://timesofindia.indiatimes.com/india/deepseek-chinas-ai-silent-on-tiananmen-square-massacre-indias-control-on-arunachal-pradesh/articleshow/117721916.cms
data breach Arunachal Pradesh,"Arunachal: 12-hour bandh called by youth groups over mosque, migration issue in Itanagar; heavy security deployed - ANI News",https://news.google.com/rss/articles/CBMihAJBVV95cUxPdk92RFdzbGpsazBkclZsSUtaT0FiUGppWUloTmJreWladEp3SmQtZmFVTnRPaWdPODJic1ljT0RpUVlsOFkzbUw1MUQ1MzNCcWhwY0dpZG1KN080YWlzZkhsczRSZHNFWUNqZHlZLThDS1E2V2NKam1xOHlRNGItQ25MaEpEOHhLYkdQTGItb1ptcUxfQzh2MEZ6S0o5N25VTUtXVnJBZWpocU5iZXBGOVk2RTAwQjE5Z3FTOVozSnhSMmViajN2elExY0hkTFpKeDdkNTBXUGJjVmx2VFBoWnhfUVFWeVFERWJzZ09fODk2N25FcXpuLUtsdWpMNnlHTnNQNg?oc=5,ANI News,"Tue, 09 Dec 2025 08:00:00 GMT",2026-06-14T19:59:49.330520,data_breach,True,False,candidate,https://www.aninews.in/news/national/general-news/arunachal-12-hour-bandh-called-by-youth-groups-over-mosque-migration-issue-in-itanagar-heavy-security-deployed20251209151401/
data breach Arunachal Pradesh,Security forces launch operation along India-Myanmar border in Arunachal Pradesh - The Hindu,https://news.google.com/rss/articles/CBMi1gFBVV95cUxPOVUxZXB0ZEJUaEE4Y2Z5UTB3RmpZakJockIzaTEyR0Q1NnNXQnduUUc1V0l3cjlCLWJlMFVULVNzdzYzSm1NTkx0MWlXcEVjVkt0a1pndW00dnZoR25EeWxkS0ZrU1lsSEtBTkhPY0lTOWhlbUdPZW9PbnYySDJqMWQyS1NHZ192Skl6N3cwREtORVVsYVpTTnlXM09MaFJtU1Nxcl9OTlVBeVNiOGxxWXgzTVRXcXIxYXQ1X3dhdlp5UVd0ZmF0ZFFSVUpSQkpra294emln0gHcAUFVX3lxTFBic1JqTURrN3QwRnd5amJKZjhBVWJzZ1hfaHBYdXJRLW9HclhwY0J3N2hhUkZ3YjZ5MlQtbzZpYnNKXzVuMHVNeG1ta3lYaWhvZlEyMWkyQXpBWkxfUHQySW9wUFMzc2lzdUlHUFhZYWoxNEZ3Q3ozaTZ2eTMta2xMa0lUMGRuV2NiNUgtSm1RTXFYd0lRQ005eWNFcDd6d0loMVRJLUp0dGdMOXU4X1R6VGRsT3BMa0FXMWMtTWtpUWduZDNYcnFjMmRoQTJvSFI5QUllclJhSi1PSHc?oc=5,The Hindu,"Fri, 06 Jun 2025 07:00:00 GMT",2026-06-14T19:59:49.330534,data_breach,True,False,candidate,https://www.thehindu.com/news/national/security-forces-launch-operation-along-india-myanmar-border-in-arunachal-pradesh/article69662532.ece
data breach Arunachal Pradesh,"Indian Travel Vlogger Anant Mittal Held In China, Comments On Arunachal Pradesh Trigger Detention - The Times of India",https://news.google.com/rss/articles/CBMi_AFBVV95cUxNRUVyY3RLQnFNR2g0SG9RODRqaUtVRldYT1ItV0hWNzJXclZKNEc2c1RyOFp3VFhvZXpGcXROZkJlSjUxZDdOWmt4MjZUcHhPUWhHbG5sVFVYODBnRFE2T2NqMF9JMUN5SVpTTUFxMXFNSUY2Sy1TZnczeDJZVzM1VlRQTW5MWERMS201WlhLb21wOGVBR3Jfb2k1QVFzQXY4WTFoSy1VWXRfWnVtM19mU3VWUDFHQUR3b3NNZVFXbUNZV0xwcHVZVWh5RlpucG1EWlBxTkN4VzNLN1cxUkNtVl9CN3g0QXE4anZvd1VPblJFSkJXMHFiNk5OMVLSAYICQVVfeXFMT0NOVklPS0Z2NGhhYlhjLVFjd3N0M2t0N21PRjE4TEJrc3o3Q3VrQk9aOXk3bVZ3NnAtbFlkdXM3NXM3ZXNCRXRvLXJLUEVfRnVqbjNQUlk5YUphLXFjekpOOGgxSkpVQzJGVWZPakxETjFMRjRjR1MzLWVhc3NJVmdJcTVaWkZZcEhqTXI5V1lMVmttSkJXUnQ2THZMYWduWEJOTUFqeXItbUJNVFVtWjFvMGlMakhkekVxLTNkUnNyazRSV2R1cTVobXBRTmxKRGZjT2NKTjloXzdpdUhmbGxyMmVlQkVHMC1rUjN2ZE9TbVExa3otNGYwSFZaN0l1SUJn?oc=5,The Times of India,"Wed, 24 Dec 2025 08:00:00 GMT",2026-06-14T19:59:49.330677,data_breach,True,False,candidate,https://timesofindia.indiatimes.com/videos/news/indian-travel-vlogger-anant-mittal-held-in-china-comments-on-arunachal-pradesh-trigger-detention/videoshow/126161681.cms
data breach Arunachal Pradesh,"After Assam, Arunachal Pradesh hit by recruitment exam paper ‘leak’ - The Hindu",https://news.google.com/rss/articles/CBMi0gFBVV95cUxNTTUyb2JVa1liQTN3TWRrLTdsVDc5ZTFNem9WZVZtZktxX1VDQ1Z4aE5vTWhMX1BwdTRZdVcyOU9RendIUUc2YXE2bEVuZFkyWkJrOUp3MlJlbHJPRVNFd1ZHdUIxYzhSOVo2bGQ3VUktRzd5RlZjd0JzNUhSbEl5R1lpZmxaNnBsa2xyN0N2RllRTVBIWXYwaFlVRXhjTWptN1BXVG9ZMzJicHNUc2RyZ2RhZEx0N05meTJHSjV2WmVRYnB3ZlRKNWN2Rkp0c3dWdVHSAdgBQVVfeXFMT0YyQm04N2JQUlprZjk1LWoyemdJbS0xRnR1azRnV2MzVVBjblB6ZDlSeUpITGhMZkpvdDlVR2gxbFlNcElpLW1rck5hS3lHSmlsVm9NUldrUThPQXdiTEhVcWlSdTAyRDFDSlBYbnVMT29QX2F1X1ZkRFF1ZGN6NHBXc3ZtR1Y0ekdMaVRWSmp6ZFdiX3VSWXByVk9oLTVtdVk0MWJ2U3FrOWpZNEplZ0hTbEVXMWtLNzdkMVU2Z1hPMUZoUXRndmRib0ZyakpETHdjSkhEUFZP?oc=5,The Hindu,"Sat, 17 Sep 2022 07:00:00 GMT",2026-06-14T19:59:49.330703,data_breach,True,False,candidate,https://www.thehindu.com/news/national/other-states/arunachal-pradesh-hit-by-recruitment-exam-paper-leak-after-assam/article65902150.ece
data leak Arunachal Pradesh,Arunachal Pradesh paper leak case: Clashes erupt between protestors and cops in Itanagar; Sec 144 imposed - The Economic Times,https://news.google.com/rss/articles/CBMi-AFBVV95cUxNOXJpanEyMnFvMDVRTUtpTXBHYUtkeTNwNWF0cGVXbTdFWU14UWxkNW1BbFFrRTdZcTNrc2gwRV9oVElKYnRKUVNzRmwweWRDTG9vampQN0FCR3JWcG0ydW1XRTRyQm41LS1IQlBuamdZVWI4NkJjSTBqSHNkQ3ljSE1uT2pNSWpmeld0eU1FNG50Nk5UbXNDQ3otc01EMWdJOVpvT213cFQxYjRLd2NsM2NRZnByUE96UEZjejZPdUV2SG50VlZHWGZzQmZlYnl5M3pBWDQ5VVh4Uk9zU05ENU00SzQtZUZ6YVVUT09FWjhvbDFMRERkN9IB_gFBVV95cUxNQXd5blQ5V3hMM1VScVEyU3JfX1FKRXRvb0wtaFkwYlZwX29TRlc2R2o2VXZxV29zRmpVby1vc2FhRndPUlFvRWpmYURzbF9RSExaemxzN0dtcUJ4ZV9QX09IRi1SQlJlLXFEYm9vZVFxYk5pZ0s1ckg2THZyR285c2tkSHUzZTRUX3FhYkFnWUVXUVl5VGk2dmZ5dlpMczl4Y2oyd0FSS0ZiU011NVhZS3d5TnpBa1kwNVFaRDRZMGtiWXVDREIxVnBLMU42cHhJYjlYanZWeC1la1JYRUl0VzhJeVlFSndnTk1XV20xNU4yaXVGV3hBOXItUW9zZw?oc=5,The Economic Times,"Fri, 17 Feb 2023 08:00:00 GMT",2026-06-14T19:59:51.435658,data_breach,True,False,candidate,https://economictimes.indiatimes.com/news/india/arunachal-pradesh-paper-leak-case-clashes-erupt-between-protestors-and-cops-in-itanagar-sec-144-imposed/videoshow/98010235.cms?from=mdr
data leak Arunachal Pradesh,Arunachal Pradesh govt. asks CBI to probe civil service exam paper leak - The Hindu,https://news.google.com/rss/articles/CBMi2gFBVV95cUxNSjBFcDRhZmstT3ZYWDdoaTFoMzdSSy1KUzV0UFZtdGM1RUtGTmE0WWJFaXBsdUU3X0RnUzRINXBUeHlVVERrVE82TjFNRVMzeGFlWXJVeW51R2lMbWczeHJoWXNJa24xb2puemI3anhSa3RaWkFxdFI2cEY0VXc1YUNSSmxFRXdkWm8yaHhScWdtZ2RucUx3eEVPc3U5TnozNVpRQ01fRlhXQkdlQTJmanZiVDdLRVY4aHRkTnBRb1hiTFZsOHFxNlg3YnVVbHBVakd1Tkx5Vkg4UdIB4AFBVV95cUxQUTBRUDZ0X3F1dU55MWdsMzNNdGRLbjRhX2NsdUJ1SW1ndXNuVTMwbE5XRzJycmVXM0FkVHUtTXdJUy0xT0NsS0VMbnBqX3VQZF9qN2QyYmZ2N1BGRlpJMVdOb2ludzVtYlMzdmd6YTc5UUdJQ2lhWTFCWmdHa1JFZjJxWWV0dk1HMklRcXpmMl9rVERLZENhWEFRNkc1bUNqdWpJUkdIeWRtOXZFRFVpek5FQW5XRld4SjNrYm1iNWpwaFVlZ2Z0cEdFVUJvakJoN3pnQ0U2czNBRWV5TGhMZQ?oc=5,The Hindu,"Wed, 12 Oct 2022 07:00:00 GMT",2026-06-14T19:59:51.435809,data_breach,True,False,candidate,https://www.thehindu.com/news/national/other-states/arunachal-pradesh-govt-asks-cbi-to-probe-civil-service-exam-paper-leak/article65999896.ece
data leak Arunachal Pradesh,Three New Rove Beetle Species Identified in Arunachal Pradesh - Guwahati Plus News,https://news.google.com/rss/articles/CBMioAFBVV95cUxPNktpU05ybFlqc3Q2NDVkeDgzTzZKM0daeXJPS0xoLXdTczhNUWswVi1xalI3Nno4ZllFZDFGLUFyNXNBdndxRTM5ZTJlY3lmcUpmM2NJaHdWdDYzRDRGNkozd0JnUlMtSXktenlaT3Q3NnhWZjNpR0plaWQxRnBCY1ZoYjVINDBQNlJVd0JzbTVJRTZrODBLZTlnRExHVlFy?oc=5,Guwahati Plus News,"Sat, 04 Apr 2026 07:00:00 GMT",2026-06-14T19:59:51.435940,data_breach,True,False,candidate,https://www.guwahatiplus.com/northeast/three-new-rove-beetle-species-identified-in-arunachal-pradesh
data leak Arunachal Pradesh,"Tawang, Arunachal Pradesh - 6 places in India you must visit before you turn 30 - The Economic Times",https://news.google.com/rss/articles/CBMi1gFBVV95cUxNNFpLXzFMUlhHZS03TGVDWnhnME9qZEF5VzZIUzhpTUNERnNRdEotVXFqTFFaRkc2ZlVnTGx2RVN6X24yWllWUDlEWWVHV3JPV3FCbEcyU04tUUpab3Z2d2lfQVdydVpIaEdfME5EVnl3b29KZm5GdHRpSlJWMWpnSEh1d3lQWGVBU09qZFQ4Z3NqV3hIdWJOSTdTQjhLdzUwMms2cmdEM29UQ2VONzJVZkdGa0FkWnF3TXktNFNiOWFVSnM1QU4yaFpKSGFHX1VjZzlOdFZB?oc=5,The Economic Times,"Wed, 25 Jun 2025 07:00:00 GMT",2026-06-14T19:59:51.436016,data_breach,True,False,candidate,https://economictimes.indiatimes.com/news/india/6-places-in-india-you-must-visit-before-you-turn-30/tawang-arunachal-pradesh/slideshow/122066690.cms?from=mdr
data leak Arunachal Pradesh,"Watch: Road connectivity disrupted between Bhalukpong, Bomdila after landslide in Arunachal Pradesh - The Economic Times",https://news.google.com/rss/articles/CBMi8AFBVV95cUxPMzllZTFSR21PY0hDQnFXUDMzLVpHS2hnWUZNRUxPYW9KR2FZdXJ4aWVDNWpfMDZKYVlQUVF3UjBydFdwRWxHem4yY0QxM0Nrc0k1TnprR1FkZWtLaGJLZVdPX19UNXlONWozcEctRjMxR0xSUUZJdXF1SFhTZk1FamY4cWZHVDlXRzBQNms0ZllhMjVoRkFMellJY1J3eHc4MGh1b2NFZUZXeUVfS3VhSmtJUWlHbUpnRkRwWU84QWt4aHFBUEFsRE11RU84OWE0aERHdmRuNmRhc1hmcEVwVDItMElpNEptel9vVkphYXrSAfYBQVVfeXFMT2wyNVlBSzBlQ0MwMlZXcE0wUUh0RTVSUW9ud0ZESHBkbFlCeGtGLW50NW53bUlDNWFMMFFkdTNqSWpTYXBxbUhWaTViaE9rWXY2d2dBQ2JCZW1mdlU2RVE5OFplNE1rOFRaRzlSVENnblE1X0JFbmRTT1BiaHVrcHpjdDlJeW5xM2U4WUhCSjVJSmF3eW9Qa2psaDVyQlVZUGdNVzM4dm9tX1E0alNxd2xyYmQ2WHk0UzV4QXQ3TEhpeFdMTGZXdTN3SmpLQUxEVHFnS19WeXh4X1UwNnlpUjVpck93S29BNzVoOGtyOUEzbWZaa1Vn?oc=5,The Economic Times,"Wed, 26 Oct 2022 07:00:00 GMT",2026-06-14T19:59:51.436219,data_breach,True,False,candidate,https://economictimes.indiatimes.com/news/india/watch-road-connectivity-disrupted-between-bhalukpong-bomdila-after-landslide-in-arunachal-pradesh/videoshow/95105593.cms?from=mdr
data leak Arunachal Pradesh,Arunachal Pradesh Assembly bill to have two-tier panchayati raj - The Times of India,https://news.google.com/rss/articles/CBMixwFBVV95cUxQOTZya3dENlRqR0paN1ZqVFNpVGRZV2szaWFJZFB2Z0xFNTEwOWFhSG1CaWppWWQ3dUUzTDgwVXJwU25wRkZ0N2FjcHRFaFIybTlBZld6SzVIWGl4cHRZaW1YZjJ5WFZSbThaODNjdDRsQXViWGVTMHlrdjE4cFZlN3J3R1dzTmhfcktFU292b0lGbGpPNmdtbkw2aW9Dc1JKR0ZaR292NmFTMXlURjlIbzZTUU53RUZNMmRVM1RybXFxRFpYeEsw0gHMAUFVX3lxTE9wSm1lOXEzOTcyc0p1OXpZNk92bG0tU2pONjM5dEozejBaU0dIVXhCUjdtX1FDa2RaaDlYb2M5ZmRrWkNCSmpLMkppRTh3V0lNaHFzREtZZmNHdUhhdUM3d2ZFeUtJcFR4Nm5Uc1JuQVB0cTEzSVY2WlU0YnhacDg5dTdxX2J0N0Q1NV9hQ0xOcHlHQlVDVkJ1eHF3czNvdUhYRjhaRVlLcHBYWWw2ZE1jR3MwbWVuOGJoOUJfVENweC1MVmd1Z25JZm9CNg?oc=5,The Times of India,"Thu, 15 Mar 2018 07:00:00 GMT",2026-06-14T19:59:51.436391,data_breach,True,False,candidate,https://timesofindia.indiatimes.com/city/itanagar/arunachal-passes-bill-to-have-two-tier-panchayati-raj/articleshow/63317984.cms
data theft Arunachal Pradesh,"Itanagar cops bust sex racket involving minors, arrest 21 - The Times of India",https://news.google.com/rss/articles/CBMizAFBVV95cUxPc250dXYtTGJ5TVZwSVY2MlN6S001QlZJWW85bG1yOW81VTR1dDlSSGNTNWloZG84WkJibUNYRV9IQUp0VXAwY1MyU2FyWktvU0lFOHJlN2ZGMWJPVFJTRmxpanVoWnhydmJoNkFvRExSMFJlN0E0Y09sUG1mVzNnTi14UGlEMVhHVjJRTTNneTFTSGEtMHk4cDVNVFZXYU9yS0FQdElQVUFFTnUwN1FQSHAtZ2NJazFScnJiR2J3MnNaYjkwZUtCTGo5ZUPSAdIBQVVfeXFMUG9uM0RNdUxIc0VyMDFFSnNKM2JnNnh2RDZaUDJodVJVNGNtWUwyblhxOXpxMUtPLThIb1ZtTFd3UE1QN0xhZENtVjlZNUhzdU9CVi1aYk9yZWJ3WkxyYlZ2VG1YUmxJNVBhOEVlb2NHbFV4c2YtT2hMNXhWcDZtY2hrcUtraG1yV0ZvQWhzbUlEMnVHU0VZTWxBbDcyeEJHb0ZCek1FeEN0ZndSaWM2ZUZJNl9lUWRhTTZqd21qdkZRN3g4M0NUSUROdy1KYjhZeW5R?oc=5,The Times of India,"Thu, 16 May 2024 07:00:00 GMT",2026-06-14T19:59:54.054115,data_breach,True,False,candidate,https://timesofindia.indiatimes.com/city/itanagar/itanagar-cops-bust-sex-racket-involving-minors-arrest-21/articleshow/110161104.cms
data stolen Arunachal Pradesh,Arunachal: HU Students Explore Realities of Women Daily Wage Workers in Itanagar - Arunachal24,https://news.google.com/rss/articles/CBMipgFBVV95cUxNbVNmVHprSVY5NFRXd210SkFheE1MaUhmVnRTanl6Z25IRUt2cGhkNjhIOXZBY2FvM1ZiaXdxcGt6MWZPTVVHVmFvc00ybndUdU5Pd3R0YnhueVhNWElBWW1lTFhkNXdtM1QtZWdIcWNweERlUE9rdkhUQmsweDJCT3NhNlZLSXNVOFJnLVJObXRCZThwSUVraWMzWXVvb0prNE5Bd1NB?oc=5,Arunachal24,"Wed, 16 Apr 2025 07:00:00 GMT",2026-06-14T19:59:56.402884,data_breach,True,False,candidate,https://arunachal24.in/arunachal-hu-students-explore-realities-of-women-daily-wage-workers-in-itanagar/
personal data leak Arunachal Pradesh,Census 2027 self-enumeration to begin in Arunachal Pradesh from April 16 - India Today NE,https://news.google.com/rss/articles/CBMi2wFBVV95cUxPUzNkUTFha3g0Szc0cl9VSmwwNEZObHpMQmFFZ3ZpRUpfVWZLZ0I5Y3NTZm53MDY3dXZRR0JhbDNLVnFtaHJGVjF2ZmNtUFU3Q1lwbUNQSG5xRU9JSVJDWnU1SlZ0MXpxNHltUi1EeHNjOG1sWHRKcDFPcUJUWTdwTDVVd1AzS093bWJUdzR6RTlmQTBqVTFIZG1DMmZfLVk4OTVKZzlCVTRzYTFLQlU4TlpKRGpORUxuU3VjVndua2pOQnZWOHJOSkJ4cTNkMXo4WEFKc3oyT2VyaUXSAeABQVVfeXFMUDZGdl85YnpELXFrTnFJdVVra2RTbnFoN0RkdWd6V3hIYW1icFEwQmJpTHNDdzQwNnNBRTl6UDROZjM4VU1ETDNZUTVIMGEzNGQ2QVdKWTA0S1BXektJMXBEeVY0OERLLUY2Zm80dTBySW5FMzVaMkdPcno5ZTJZazkzamxWVFlFRHFZb0ZtemRxRmdNMFZlQ3lhbnpRRG82Umk1RHptNlB5dHhsMy11LVkyNkdqcENPbTJGQjduaEg4OFdoa0V4Nndfdm95bkVWYmlzUFBPSUpGVmtadHdpMFk?oc=5,India Today NE,"Wed, 15 Apr 2026 07:00:00 GMT",2026-06-14T19:59:58.710993,data_breach,True,False,candidate,https://www.indiatodayne.in/arunachal-pradesh/story/census-2027-self-enumeration-to-begin-in-arunachal-pradesh-from-april-16-1375995-2026-04-15
data exposure Arunachal Pradesh,"NEC Releases Funds For Healthcare, Roads, And Livelihood Projects In Arunachal Pradesh - Northeast Today",https://news.google.com/rss/articles/CBMi1gFBVV95cUxQTUNRRXh2SGFublJ4S3A4Mk11bFdfdGs4aVIxMDU5VGh5TVZjeURPUFZxV3I5ZWowSkY5eEktdEVhajBnN3lZZHJ1UDNnMVBjWXBvcTdvZF9FZ1ViTUJkNno3S3JKSFRJR0pWN240TWtUVnNpRFFMN0ZOQmxQV1Y0TnpmVExqZURSWTlVVk94UVpGQWZXMkF4VHM1YjNZZ1RHYzl2cEtyWW1DOHZ2Mlh1dmFfMHVsNXVTV0JqcXFGbW95blkxNGs5ZENjeGxza3VpMEExTmJn?oc=5,Northeast Today,"Sat, 10 Jan 2026 08:00:00 GMT",2026-06-14T20:00:02.065465,data_breach,True,False,candidate,https://northeasttoday.in/northeast/arunachal-pradesh/nec-releases-funds-for-healthcare-roads-and-livelihood-projects-in-arunachal-pradesh/
data exposure Arunachal Pradesh,Indian Army transforms decommissioned bridge into 'Border Brew Cafe' in Arunachal Pradesh - The Economic Times,https://news.google.com/rss/articles/CBMi5wFBVV95cUxObFkzRmFxMXdPZFp5dFh2OEhKc052TmFGdHVvbTJkTWxENXdrS2lTN29rRWNxQlBtc1JwYXhtaUJxQkJuOU9rT3ZMUXJvcU5OazgtWW15VzA4Z2I4SEtUUEZDZkF3dGI4Y2FDamN2WXRyRXQxTEx5OGtFTTYtYkpHdlpXUFlENmhDMU9xWGp1dU5LbkU0RXhNR0RnRjZ2OTlka2hTX2tjQlYtYVNBNzBhR1l1MnU4a0MtTlZITE9hcjQ4RWloWi1YZ2o0WDdOMXdEMDhzZlgzZXp1THJDTjNKUzNNTnlHc0HSAewBQVVfeXFMTXFwNlZmRXlFM2VLb1RQNkpPTm5XeVRReDZxR3gzdk1CdjY4dDdOTmV3dVRyQ3BDWVBoNkUtQmwxa0M0aXVKdkYwNFFfaVFXQVRYU1Azamh2ZGJXcjlWRGUtVVRoeFFqU3c4SXM5VHAzTW9nQ1U2VmZWVUZIdlpBZ2tKU1N5aFp3RlZTekhyWURBWWFtcHR0VmhQcUhxZ2RjR2hXMHBVOWlzUjd1ZHlKczJCNnprczdqbXNPZ2xJWm1oaDRTZEhleFNUNDg0VDBSN1E0Zmg4WU4wZ2wzSEFpUjdYNWR5LWxkWlRWcnc?oc=5,The Economic Times,"Thu, 26 Mar 2026 07:00:00 GMT",2026-06-14T20:00:02.065526,data_breach,True,False,candidate,https://economictimes.indiatimes.com/news/defence/indian-army-transforms-decommissioned-bridge-into-border-brew-cafe-in-arunachal-pradesh/videoshow/129814884.cms?from=mdr
data exposure Arunachal Pradesh,"After census data shock, Arunachal Pradesh signs MoU with NTCA to raise first special tiger protection force - Deccan Herald",https://news.google.com/rss/articles/CBMi_AFBVV95cUxNRC1FUFp1S0U3V1ZyYkd4LVl4MXNyQ0FOTlc4eGktd09KZi1taHRRVnN2Rmp6SWlXZDJYQlJTY2RFcVZVcmJFZXIzTkV4TVFsWmdwdWxISDVMQmdIY0taSFBFVWNOTUszaFpWeHVpMWpwblZpNE5Td1BXWGtBWmEzMWxOdC1TaUt5ajYzdThxY1cwRTdNQVhfb1RlX0lBNW43bHBwc2I1MWxxYmR1N29HX2NLTFQ4Ym50a2VpQkVIYUg5UDYxV1BpYW1xZTFDLW82S0tjajN2bTFibnZKcFdPb0hyU3BaQ3NZSGZpOXFQbEFqSkstMFNfOW1WSFo?oc=5,Deccan Herald,"Tue, 20 Feb 2024 08:00:00 GMT",2026-06-14T20:00:02.065567,data_breach,True,False,candidate,https://www.deccanherald.com/india/arunachal-pradesh/after-census-data-shock-arunachal-pradesh-signs-mou-with-ntca-to-raise-first-special-tiger-protection-force-2902643
data exposure Arunachal Pradesh,Indian Army Organises Skill Development and Eco-Tourism Exposure Tour for Arunachal Pradesh Border Area Students - Defence.in,https://news.google.com/rss/articles/CBMi3wFBVV95cUxNcmFOVHBzNkNHZ3ZYS01zOWdUd2c3eGNlTldTTElLbjZ0Z0VwajNaSUtvMk05TWs1RlFVTG11eGZEd1dyVWNieG1CZHZjMkowbGc3azRzY3JXUUE5Nkw5eERkRDZiOUtDdnhKNXdwMktPN1ZTS1VxUHZKSHNxWjVuVHNRbDNidmxwTFZfdWtFM0xSd2lYOWdIR0JzTlEwUTNlQWpYY0tBRTJuTlplZUpBVWRuUkpRQXhTaGtkZ0dxU2dUa0UtYkZnWHlnY2QzX0ZFUGltVEowOXlOX0dDcW9v?oc=5,Defence.in,"Sun, 11 Jan 2026 08:00:00 GMT",2026-06-14T20:00:02.065621,data_breach,True,False,candidate,https://defence.in/threads/indian-army-organises-skill-development-and-eco-tourism-exposure-tour-for-arunachal-pradesh-border-area-students.16563/
user data leaked Arunachal Pradesh,Section 144 Imposed In Itanagar As Violence Erupts Over APPSC Paper Leak - India.Com,https://news.google.com/rss/articles/CBMimgJBVV95cUxPbHIyR1I1SHJNT00xejJRSTE4NXlFOUctUWRmX242Wklrc3J2UFhDN09ic1h1MXVYWTRPd0J6bExhMk9yZFpKY0tCdDdXczdlY29FcGJsaGxnTFBMMWIyOHNzTG15M212cHhTeEVUcEZIdUxxMVJBR2FuUzRTY3V2b21ZVEs2a2tHN3c2aU9ZTE1ZNzVYOXdxTmoyNVM5LXR0Y0o3RXlVTjNHdHp4Y3lqdDh4MTFnUk9MYlB5S0xoNl9kZ2dfdm9XXzY0Tk5IaWp6T3lyVVowZm04RUZIQThZaW9DNDJwTmdFbzBuUEExXzluQVZtMG1fTmNkY0pNOWh4WDlWTkdaZzk3bTltVUU5RmlzSC03UEY0RmfSAZ8CQVVfeXFMUEJfdXRuMlJJNWhiX0pQb2RXQml1Sk0xLXVDTGxuMGJqbjJSeVZPaUxaZW1tVnllVXVTbVRsS3loRFJ1eVdQZy1UdnBKLVpBc1RhbWNtdzVRQUt6NXV5SHRMTllraUVXOGZhMFVhSHZfNmp2TDVzLVFNamxGWnY0amNSOG1TZUIzdFZTNmtLcWdicTJIa0k4YmdGM1duNzRFLS10aUc0VFhUR1hkZE5FLWFwT2VMeEpPLVloSWp4VGlCZU5jOUVvTWlLMkFpak1iUWtfQ19xUW9YWTZhYXdBbUlIbzJrMEhuN3hRcDJNSjBLOVlWX1RZeDN6N09XTUQzQkFBUWd2bTY4ZENEU0loU0xPNUlTa2ZueFhablp4bW8?oc=5,India.Com,"Fri, 17 Feb 2023 08:00:00 GMT",2026-06-14T20:00:03.852616,data_breach,True,False,candidate,https://www.india.com/news/india/section-144-imposed-in-itanagar-as-violence-erupts-over-appsc-paper-leak-ap-public-service-commission-swearing-in-ceremony-called-off-latest-updates-5902120/
sensitive data breach Arunachal Pradesh,Arunachal Governor points out China’s long-term strategy along frontiers - The Hindu,https://news.google.com/rss/articles/CBMiygFBVV95cUxQOXFJclhPTmZsdVlEUUZzbWIwQ0NuSUNKM3FwVlQ1a2tSLTJMTGV4ZHN0VEJNdDllOVdINkttcFFOSGtjdmlRTUM1UDQ5TXFYTHdiZUdBaEFlQlotZmlsSHpQMkFfS1hWc05xY3pwdTNSS090cnhlcmRJT2QtZkhuODRHanRRb3l2TDJnOHRxcGFlUzFOUTUtRnFEd2VIVXlsOTBXZExzcmZMVkYyMW13REJMZWJsSGMweWxTeHdHWVBoREtENFJhT1NR0gHQAUFVX3lxTE03V2hqZ2cxWU5vbVh0MlQyM0o3bmN1V00za3VnMjlBRTZCQjNMWXRuWHhzaFNxQy1FcTUyaGVUa3VUV1hTeFo2SFFLQ3NKNmJRQ2FZY0tPbnp5SGx5RXFRd2hXbmYtalFBRkZUR0dDelJ2Q2hRX2pST0xfUEx2bkhPNGl3MVZQQkQtNjIwVWFvMzRGbGZ0RmR4QkttMnFsVWxIT3JaZXFoSzdrbFZia3JjMWdHWUJtd01XbTE5bm50cnhrOVBzczZBNFN6WVpOcFo?oc=5,The Hindu,"Sat, 14 Feb 2026 08:00:00 GMT",2026-06-14T20:00:05.905049,data_breach,True,False,candidate,https://www.thehindu.com/news/national/arunachal-governor-points-out-chinas-long-term-strategy-along-frontiers/article70632257.ece
sensitive data breach Arunachal Pradesh,Civil–military relations in Arunachal Pradesh: A frontier of cooperation and coexistence - The Borderlens,https://news.google.com/rss/articles/CBMixAFBVV95cUxOb192dE1sc21yVFBiZ3h0S0JFYS1UeGNXbERkQm9nOUUwVTl2QzIyLUE2LTFtemo5b1paeERtZHdxdkxqVjlsSnRKa0ZqRVBwX1htTGowdEhxU2dqbHZBY0tNbEhiaFJ4TDBkcVlmaUowSm9HR0hRNmxJUXA0LTJPd0loRlFlejdUemJjT2wwSV9nQ3Z0Zm5wMHpaVXhDeDVKWFhiUld0YmxfenIxR0pfbVFhNElnOGNOV1Q1M0x1bHNQNEhW?oc=5,The Borderlens,"Mon, 03 Nov 2025 08:00:00 GMT",2026-06-14T20:00:05.905128,data_breach,True,False,candidate,https://www.borderlens.com/2025/11/03/civil-military-relations-in-arunachal-pradesh-a-frontier-of-cooperation-and-coexistence/
sensitive data breach Arunachal Pradesh,Arunachal Pradesh bans foreign travel for a year and halves convoy sizes—here’s what tourists must know in 2026 - Travel And Tour World,https://news.google.com/rss/articles/CBMi8AFBVV95cUxPV3c2QTVFUVpnOWJqc1RELVNrajNmdnZJY0g1R3Q2Zks1cUJ5aXFaODdvWENhd3pMRnE4Ump4WTJtMjlsbUFwMWZrMjhiOWlKM3VvOVpGWFBxeDBESDBxUmw2OUNBaUpwSHBNZXNjS2tBOGNFWnVjekxMb3lnczRyemRzbk9uVzJoQTk3b0NTWmxzTHF3elZrSWZDSXlEYkdPOTQ4MjhENzE0OThoRjRZZEY1TEdLRmt6X3dVMkJ5Z25ueFFHX0pFRHFKeFRuSkduUUV1MEpXc2FXSEpqb2JtUHpFNVFlZDgzc0RuNW16XzA?oc=5,Travel And Tour World,"Thu, 14 May 2026 07:00:00 GMT",2026-06-14T20:00:05.905154,data_breach,True,False,candidate,https://www.travelandtourworld.com/news/article/arunachal-pradesh-bans-foreign-travel-for-a-year-and-halves-convoy-sizes-heres-what-tourists-must-know-in-2026/
sensitive data breach Arunachal Pradesh,Arunachal: Governor Chairs High-Level Security Review in Itanagar - Arunachal24,https://news.google.com/rss/articles/CBMikgFBVV95cUxNZjJFYlctS19qR3hfT0hHNzZjU2JsUVhyNk5HNXIyLVc2TkxiQXlUaUlfSmNuNEEyZlV1QkRGVHFfb0xqX0hMQUNfbkpySUNqU3BqaFlPbmkzQ1FMQkZ4Y0VfUFNmdS1DdkxjOVdNZk0weHRtbDhfbTBzeFg1MEJFLVZWOHRIMzB0Nm1vSVAwRVFHZw?oc=5,Arunachal24,"Tue, 23 Dec 2025 08:00:00 GMT",2026-06-14T20:00:05.905198,data_breach,True,False,candidate,https://arunachal24.in/arunachal-governor-chairs-high-level-security-review-in-itanagar/
sensitive data breach Arunachal Pradesh,Arunachal: Governor addresses with troops & security personnel at Walong - Arunachal24,https://news.google.com/rss/articles/CBMimAFBVV95cUxOWnNxYl9SeXBwMFU5N2pWUjdxa1JyTmw0WDhOclNLWlBGc3Z5ajFZYlp1cVoxQVAtZEotb290UXNWQjFDRGdGYmpPbUNlZkRNSXlBdV9Yc1ZlVlpQQ3VpdWJ5bm5jV013bnJRRXBNbFhHOXBBVmVhdTlMb3dQWUVyR0ZmWXJ5eFA5UnZwby1xenYyNTZfREViVw?oc=5,Arunachal24,"Sat, 25 Nov 2023 08:00:00 GMT",2026-06-14T20:00:05.905309,data_breach,True,False,candidate,https://arunachal24.in/arunachal-governor-addresses-with-troops-security-personnel-at-walong/
sensitive data breach Arunachal Pradesh,SD Singh Jamwal Appointed Arunachal Pradesh New DGP - Arunachal24,https://news.google.com/rss/articles/CBMigAFBVV95cUxQYU9NODAyTG1hYnU0OVFWWENYNEJidDBMWkVmM0V2RHFYQ19mbFluQVpkNEZmaHJoLVZDWTY4alBSY2N1WnNkMGFRVUxseU9ISkVZNWhpUkplTkw5c1ZtQXR3THhOOWpGalZiUURjYW5ZRzIyZ1QtazlhU2FuVUlscg?oc=5,Arunachal24,"Fri, 02 Jan 2026 08:00:00 GMT",2026-06-14T20:00:05.905341,data_breach,True,False,candidate,https://arunachal24.in/sd-singh-jamwal-appointed-arunachal-pradesh-new-dgp/
sensitive data breach Arunachal Pradesh,Arunachal: Indian Security Forces Engage Militants in Fierce Firefight Along Indo-Myanmar Border in Longding - Arunachal24,https://news.google.com/rss/articles/CBMiywFBVV95cUxQRmJQd1FaZ2F5VjFlTFAwZkdjcFJqaGg5elROeGg5MzlnUXhUSDhOM28xUkMxcWphbll5b29pWmo4a3FZSnZWQkpXWXZXTlJqT3NNNUlCSW1qWjV6a2VxdUNQV2RVM1loY2FGVF9GZHVHVGFueTJwRmxFSTRYVTA1T296czU0bk9iUzRNSDhINFpna0EwVXBFWk5QTk85N09yYUdzRzF4cjBxZVVoekMzTGdqTE50VHBwbnJXVDJGM0J4ZEZ3X1FrcTdQRQ?oc=5,Arunachal24,"Fri, 06 Jun 2025 07:00:00 GMT",2026-06-14T20:00:05.905359,data_breach,True,False,candidate,https://arunachal24.in/arunachal-indian-security-forces-engage-militants-in-fierce-firefight-along-indo-myanmar-border-in-longding/
sensitive data breach Arunachal Pradesh,ULFA cadre surrenders to security forces in Arunachal Pradesh’s Tirap - India Today NE,https://news.google.com/rss/articles/CBMi1gFBVV95cUxOZXJNZTlYa212UllyZXJQcVptNkpMYUdpNEFkSjhrQ2doQlhGTHU2Q3Bfck5YZzNqUVNuOXhCQ1VPZXBQQ3hjdUhQQWhUSUtjZGQ5VkMydU9kd1BCUzM5Ykt5QVlnWkI0TTVUdlc0NG0tRjhtQkY1aENsQXVDc19sXzlfc2xJd0V3dDR3R3NrRzhsWWdNNlFTVHV4b2pxaERRWEJkVVA4SWJVSWZGMkpMLVFwbzBBNkRwN0V0TjZqb1FIeGY2Vy1odXFqVmRDdl9WYWN5RzNR0gHbAUFVX3lxTE1hNlg3LW9qektmQjluNldvQ3RiZ2ZMZ0M1Q09qSHA0QkVhcXlFZzZ1SGFYektTTnhTaW9zcE1BcXFuOEo3RDN5ODZqcXA5OE5rUE00YWdDby1UQzl5TlBtN0g4amFILUprT1lNclBTbmVFaExMZkk4RVBZRTlpZHdPcW13aHlyRGdPd3ZfMFdac3pSS083NkIwOGtic1JtWHlIaG85SjFLaEM5RUZXT0xucHM5ZjY1R3ZNMEdkb3JKZTZ2N09pWGhZSTVoOVhRSlJ4SXJrWmNHNllDVQ?oc=5,India Today NE,"Sat, 15 Nov 2025 08:00:00 GMT",2026-06-14T20:00:05.905375,data_breach,True,False,candidate,https://www.indiatodayne.in/arunachal-pradesh/story/ulfa-cadre-surrenders-to-security-forces-in-arunachal-pradeshs-tirap-1304180-2025-11-15
sensitive data breach Arunachal Pradesh,Arunachal Pradesh Launches Statewide Crackdown on Illegal Bangladeshi Immigrants - Arunachal24,https://news.google.com/rss/articles/CBMipwFBVV95cUxQTk1Od2d3Y1BJMGU0R0Ric3FYakhrLVhUNHpIdjY2M0VQdGc2QWJLUEttWXBHQ3FDOTY3N3lKYTNIbHExNnhqTEVZS0lpd1F6ZThmMHhHelpQZWJiU2NBOGZqbExpUkRBVlRWVkRIOGFPNDRXelRXV040VDVCMHRocllqS3U0dFZ5TVpNYmhTSmcyNjF1WTN3TlVMTHRKUUdXM1FzanAycw?oc=5,Arunachal24,"Thu, 05 Jun 2025 07:00:00 GMT",2026-06-14T20:00:05.905432,data_breach,True,False,candidate,https://arunachal24.in/arunachal-pradesh-launches-statewide-crackdown-on-illegal-bangladeshi-immigrants/
sensitive data breach Arunachal Pradesh,Villages along China border | Submit VVP work plan in 3 months: HM asks DCs - Arunachal Observer,https://news.google.com/rss/articles/CBMitAFBVV95cUxPWWlUcEtOU0FuQ21XbXN2MzFVdDhBaHc1OEpmUFhtOGhWbjlKRjBJdW1Fa09EdV9Oa1Fnd2plemk0djV1VVFQUnM5SktlWE5JWE1FTHFBb2xQY2MyZm1mbnFvdjdLNE1waFhKMU9kbU45MHdWbHpfellKc3drMFVmbGpFaHZ1azFqY1hwSER4djZWTmd0NXh3dzFRQ2NORm9lR01LbWtZQnExcS1zOU1FeGNuTUo?oc=5,Arunachal Observer,"Thu, 08 Jun 2023 07:00:00 GMT",2026-06-14T20:00:05.905440,data_breach,True,False,candidate,https://arunachalobserver.org/2023/06/08/villages-along-china-border-submit-vvp-work-plan-in-3-months-hm-asks-dcs/
sensitive data breach Arunachal Pradesh,Arunachal Pradesh Governor Tells Security Forces Guarding Border to Be Vigilant - News18,https://news.google.com/rss/articles/CBMivgFBVV95cUxPOWtCZExCa0ZWXzJrZERnemluOEROR1lQSDFxZHVWS1lnTk5MMGs0ZEdWMlMtZzdoNWphNnNzU2ljUjl6Vk42Z09RdU9xNFcxbGZYWnZDNjJfVl9jNjdRclB4UmxqeXM0dVMyVEdmcUwxU2ExX3E0TmtRS3dyOWg5UjBUOF91eTdsdWswTnVIQWx1Sjg2cTJXbXNJZGNtMTZpMmxEZ3h2eEVPMTYtZklWTW4yQ21PX2J6MWtnUnd30gHDAUFVX3lxTE5OZXJzdXNIdVlZbkNnQVItdmRXVmI0bThuTzFoSHlQQzVlcnZWNlNyU2doVTZaZ0w2eDRKanQ5aGJPcC03SEFOWXcyQ3MwMXZlSEU5WjNZT3Fzd0lDQzl2MnpOQ0NXbmExdklnUF9qYm9ZeEk4Ykl1Tm5MbHpBWFlRNkVhcm41N1VyMFQtQU5XWVBsSXlublFueUpCWHg3VjU3REJfR0pNQzdpM3JuNHhOZTVjTGF0YzNLTUtab0ZlYVY0NA?oc=5,News18,"Sun, 26 Nov 2023 08:00:00 GMT",2026-06-14T20:00:05.905457,data_breach,True,False,candidate,https://www.news18.com/india/arunachal-pradesh-governor-tells-security-forces-guarding-border-to-be-vigilant-8677178.html
sensitive data breach Arunachal Pradesh,Arunachal Pradesh govt to raise another Armed police battalion to boost internal security - MorungExpress,https://news.google.com/rss/articles/CBMiuwFBVV95cUxPOUtYSzQtQ3QzUEVONnN5bGNfSDFnMWNyQXVHcHJvTWFueHVyYnZFNGhNTzZubXdUTUk1cW5kclNnakp6b0JxSUFSWW9ZTURMYmc4LXl3VFk0bjVKel9Uc1dLd3djdGRIWkxOb19CV3IzTmdlQWppLXhHaWF1WWJYcjRGTmIzQWMyMUYxTktzSlJMb014Y29IV21lMnNOM2xmWDBiUE1ic19zMnNyNkhDV0RPb1dGbXYwd3pn?oc=5,MorungExpress,"Fri, 18 Jul 2025 07:00:00 GMT",2026-06-14T20:00:05.905486,data_breach,True,False,candidate,https://www.morungexpress.com/arunachal-pradesh-govt-to-raise-another-armed-police-battalion-to-boost-internal-security
sensitive data breach Arunachal Pradesh,Eastern Army Commander reviews preparedness along northern borders: Assesses joint training with IAF and IT... - Bhaskar English,https://news.google.com/rss/articles/CBMilAJBVV95cUxOWHc3MlFvWXU5ZERoT1dVN2FKa1M3MjlxSWVyMUJPeHlQc2wtUFVVWWpKX1JtOWxGd0N5d3Q4YnVwVGdXNldxWnB3Y1hNVDVEb0hkT2F1T2xteTZsNVN6clpweEtqTFF4R281RjN0OGhqaDFwb1VVTWJ6RnZJbktXMVB5cjk0VHBlb0JXcUc3TUVhZllhSjItemFEalBralk2akNnQ0h3WUZVZmVLUW1OaUJFanpxeUktS2gzQ3MzUFkxNmt2Z0hPTWlSSG1hNWktN1J5NEdsUmxYQnBDZmg0RnllbWphUTdyMzJGcXpWM0RKZUpQbWtLTERJXzZ1S25DMGpBY21sVkIwZ3VVdUJrd1JId23SAZoCQVVfeXFMTmRPbm1YLU1mZjJyeURlT2thMzY3NTBLX0xwSjFlUlNzT2JoY0V0TzBVbHZVbC1OYWdzcTZ1eklMd0gzUHVBZ1hReUxmVXdRRXY2blBBU0pvLWl1Y2xuZWc2UlZ6V19Day13Ukh3RjRwOW5KRklMX2FPaGZYZUJiaE5lMl9OMVZWNkw3amgwVDVYYXBhRDhWcDN2Q05mdE9Zb0FZNFI4Sm52SGpjTnhfbnlJWVotRXFuR2JoSF9McUt1akduc3BaQzFPSjFCSmkxWnI2d2JpM05MME9RMDAxaGd5TW84eDE5SmhKYkxndENxTzJFNEgtTVlJVThlREswQmdQemNvZ0Ytek1vWWFZclBnRExJTVFZMkxR?oc=5,Bhaskar English,"Tue, 18 Nov 2025 08:32:56 GMT",2026-06-14T20:00:05.905511,data_breach,True,False,candidate,https://news.google.com/rss/articles/CBMilAJBVV95cUxOWHc3MlFvWXU5ZERoT1dVN2FKa1M3MjlxSWVyMUJPeHlQc2wtUFVVWWpKX1JtOWxGd0N5d3Q4YnVwVGdXNldxWnB3Y1hNVDVEb0hkT2F1T2xteTZsNVN6clpweEtqTFF4R281RjN0OGhqaDFwb1VVTWJ6RnZJbktXMVB5cjk0VHBlb0JXcUc3TUVhZllhSjItemFEalBralk2akNnQ0h3WUZVZmVLUW1OaUJFanpxeUktS2gzQ3MzUFkxNmt2Z0hPTWlSSG1hNWktN1J5NEdsUmxYQnBDZmg0RnllbWphUTdyMzJGcXpWM0RKZUpQbWtLTERJXzZ1S25DMGpBY21sVkIwZ3VVdUJrd1JId23SAZoCQVVfeXFMTmRPbm1YLU1mZjJyeURlT2thMzY3NTBLX0xwSjFlUlNzT2JoY0V0TzBVbHZVbC1OYWdzcTZ1eklMd0gzUHVBZ1hReUxmVXdRRXY2blBBU0pvLWl1Y2xuZWc2UlZ6V19Day13Ukh3RjRwOW5KRklMX2FPaGZYZUJiaE5lMl9OMVZWNkw3amgwVDVYYXBhRDhWcDN2Q05mdE9Zb0FZNFI4Sm52SGpjTnhfbnlJWVotRXFuR2JoSF9McUt1akduc3BaQzFPSjFCSmkxWnI2d2JpM05MME9RMDAxaGd5TW84eDE5SmhKYkxndENxTzJFNEgtTVlJVThlREswQmdQemNvZ0Ytek1vWWFZclBnRExJTVFZMkxR?oc=5&hl=en-IN&gl=IN&ceid=IN:en
sensitive data breach Arunachal Pradesh,"Kohima, Aizawl, Itanagar & Gangtok Among India’s Safest Cities For Women: NARI - Northeast Today",https://news.google.com/rss/articles/CBMixgFBVV95cUxNSW9vRmlsTV9ia0t5Q2ZrT2VEdGdpM01HT0VKMjRDZDlmbC1SSjFEZ1Y2ZTBkaDRJdlNsTkVPOHQ4ZXc4ZER6ZzVGSU1JNFVUcFAwYUxXWmk4NjNnSWZGVVc0LU80WUF4cFdQY2l3b1JkVC1iTTd4V1FaYXVCSG05SEZCRE0yZEhlRk43SllCblVtaGRHdnFwRno1SlJmR1hFc3hRR3FrNGlVOFJCRERVLXdBeV9MUWtOUXBLU1NVUlNQUFI5Wnc?oc=5,Northeast Today,"Fri, 29 Aug 2025 07:00:00 GMT",2026-06-14T20:00:05.905636,data_breach,True,False,candidate,https://northeasttoday.in/northeast/arunachal-pradesh/kohima-aizawl-itanagar-gangtok-among-indias-safest-cities-for-women-nari/
sensitive data breach Arunachal Pradesh,Arunachal Pradesh’s Tirap administration bans camouflage attire for civilians amid security concerns - The CSR Journal,https://news.google.com/rss/articles/CBMilgFBVV95cUxQV0VOT3JKRzVhV2dXcDJSNS11LXNDUlFhT0x4cjZfMWxlbC1faUNaQVNBMlVBS25nbW5qUVAyamtTUGRvM3YwX1Y4N2UxRzZocTVzbGJFU2FwbExmNHNtMUJOeXpBTWJvaDVUN3NVUVMwaUt6TFA4LVUwMkpTUXEwX2hETzlVMFI2WTdSTkhUbWhzNXpRM0E?oc=5,The CSR Journal,"Wed, 29 Oct 2025 07:00:00 GMT",2026-06-14T20:00:05.905644,data_breach,True,False,candidate,https://thecsrjournal.in/arunachal-pradesh-tirap-ban-camouflage-civilian-security-concerns/
sensitive data breach Arunachal Pradesh,"China building heliport near Arunachal Pradesh, barely 20 km from LAC - Arunachal24",https://news.google.com/rss/articles/CBMilwFBVV95cUxOZE9kVmdaWGlNQjBLb2tpNTAzbnc0ZFQyZ3puWUU0MWVOTUloNkVvWTdBMzZSbU15aEJ5OUNKX2Z4LTlkeUF2NnhJNndpVllMUEVoQmNkVGx3MXVncU4xXzlpN18wTmVMengtdWNWVXVldlM1SER3cWwwblpJRV9BVzJnNWpUb3lkYUJLbF9OS2JqZDljME5Z?oc=5,Arunachal24,"Wed, 18 Sep 2024 07:00:00 GMT",2026-06-14T20:00:05.905657,data_breach,True,False,candidate,https://arunachal24.in/china-building-heliport-near-arunachal-pradesh-barely-20-km-from-lac/
sensitive data breach Arunachal Pradesh,Arunachal: Centre pushes border fencing along Arunachal-Myanmar frontier amid security challenges - Dailyhunt,https://news.google.com/rss/articles/CBMilAJBVV95cUxPSkl0b0xycXZ2RDV3VWFmeEtaQjZQWTQtcDA1YVZPTVZEYllaZzZNTWdERmVtTUdOOHVKaTZmV2RrM0hHYXUtblBrejh4YUhjU1hlbGlqUmhWbDlJZkZhMVZxa19QdkdEcTBCckl0VVNGTTZfLWl5Y3BTTFFkVFNYZ1pIOHRMT2xWbExNZHJWRlNjX0p2VVdjWDFPaVFYLS1rbDlaZWl2U3NHcXRpWmVGbXZmc2c5S2NBRlJpdEZOdHJOSmZBT2hZNlhaVk5DczhLcHBwNzlUc09zd3dWMXVqWmFwenNSaDVqdGNvWkwzbFZtWnRhZG90TDdPWExsSVFjUFprSWcwOEhNaURPR2VYRWc1b1E?oc=5,Dailyhunt,"Thu, 04 Jun 2026 03:26:23 GMT",2026-06-14T20:00:05.905715,data_breach,True,False,candidate,https://news.google.com/rss/articles/CBMilAJBVV95cUxPSkl0b0xycXZ2RDV3VWFmeEtaQjZQWTQtcDA1YVZPTVZEYllaZzZNTWdERmVtTUdOOHVKaTZmV2RrM0hHYXUtblBrejh4YUhjU1hlbGlqUmhWbDlJZkZhMVZxa19QdkdEcTBCckl0VVNGTTZfLWl5Y3BTTFFkVFNYZ1pIOHRMT2xWbExNZHJWRlNjX0p2VVdjWDFPaVFYLS1rbDlaZWl2U3NHcXRpWmVGbXZmc2c5S2NBRlJpdEZOdHJOSmZBT2hZNlhaVk5DczhLcHBwNzlUc09zd3dWMXVqWmFwenNSaDVqdGNvWkwzbFZtWnRhZG90TDdPWExsSVFjUFprSWcwOEhNaURPR2VYRWc1b1E?oc=5&hl=en-IN&gl=IN&ceid=IN:en
sensitive data breach Arunachal Pradesh,"ULFA cadre surrenders before security forces in Arunachal Pradesh - The Sentinel - of this Land, for its People",https://news.google.com/rss/articles/CBMizAFBVV95cUxNa081eGV4RHE2bWlkdThWY3cxdElPYzMwQWJlS2RRQ1gwV0hSVTJWR3VKVnNXVzhWQ0NuU2N0ZDd2WXNuUm9UQUhQcGIwRDRoZVBqTG9CazBlMkNhcHBja0lteVZSLVRqaEtDVEtna3NOUURzVXhJMDJEM3JoOWl2VTIwYmVqbkpwenBNSlJKWUhVSkRtM0lfMEVfTTJPS3lTWXJYSUN3aHU4dm1ZWl9qbUplNXVZbDdrV1VpdFA0Vi10N0RjbVRNcmNzVzXSAdoBQVVfeXFMTzBkNzFrNGd1RUlucHhlb2RWV0FnN3pxaTJXQllhMXRiUVR0OG9raWhUMEFvUUVHcDU1cGxvcGNnbmEwVHZTYksyakNRc0dRZk5kVkEzZEs1M3NTaHRYM0VnUmE2VWVmdDByaGdZZ0N1WUtsSEY5bEpiQW80SlhBbF92bGpaVkRjT0tWN2xqTUVPVUVONkF3VFRZZE9rVW4zMWdKbHlvYW5rWExMcGhXVDhxdGhEdGczb3NDLVZrQ3g3dHNubTJENlZTMDdCeTZLOGtndDVUdnVnYkE?oc=5,"The Sentinel - of this Land, for its People","Sun, 16 Nov 2025 08:00:00 GMT",2026-06-14T20:00:05.905764,data_breach,True,False,candidate,https://www.sentinelassam.com/north-east-india-news/arunachal-news/ulfa-cadre-surrenders-before-security-forces-in-arunachal-pradesh
sensitive data breach Arunachal Pradesh,"China Builds Heliport 20km From LAC Near Arunachal Pradesh, Raises Intelligence & Surveillance Concerns for India - Defence.in",https://news.google.com/rss/articles/CBMi3AFBVV95cUxNbXhORUFSdHdYQW1ZblBQVDFCbGR3RDFhbmRaV2x1ejRoVHVrdElXbmc4Q0U4TVZTYzU3aUVzbEZ5SVBTZG10ZjVHVmxqWmFId2EtMFh0Mlppa3NoU0I1VUJQMkxsOEFMVHhDLVNJNmJILXNJRThUWGo5akVGdldabHBRc21Zck55ZWpiQ281LWpzdGZaTklORm1UemtoSzV0dF9TbjlocDNwNk8wM2tLSW5Ham14RWJROE9YOHlpWE9NMWQ3ejROWEpWNmRuVHZjcXBMS2pmODh0anFU?oc=5,Defence.in,"Wed, 18 Sep 2024 07:00:00 GMT",2026-06-14T20:00:05.905810,data_breach,True,False,candidate,https://defence.in/threads/china-builds-heliport-20km-from-lac-near-arunachal-pradesh-raises-intelligence-surveillance-concerns-for-india.10018/
denial of service Arunachal Pradesh,"Arunachal Pradesh an integral and inalienable part of India, says MEA; rejects China's territorial claim a - The Economic Times",https://news.google.com/rss/articles/CBMiiwJBVV95cUxONlZ6dXBZNC1GNVVnR3dSMVFub21wcERJLXg5c1FyYXE0UXA3TTRzRzJuTnRUdElNSE9kcUUwZlZ2VGlnVUtGaksxQXliaFpNTkVKVVg2Qm9TODk1c3Bkc085ZTI1U25oUjZCakVrcmpwSWtzM1hqcGdmV0tCenlqZkRCbUczWWdVREJnV20tV2NrN1lXVFVyQ0tqaGVGZXBSSGcwLUQtWUVyVXZhQ1ZCbDVYem1KTFB4RFBVRVVDTHEtQ2pJaFc5Wl9kUnZJbjg2dVIyMFNHR1pLS0R3SDhEcGgxQWlFR3VZbFhIZzhQZFo1dkJncEhvN0M1SDRQcTdvQkp5aEhIVFBZZXfSAZACQVVfeXFMTUJ5WE16TWt0SXhnLVFZTjZ5OEw2a2w4WDhmbmhaRk1CUWdZVFV4cXlrbFlSM0VmeVlWQW9HeldNOWlRYklPbkM2YzFUdzNUVG13eGlhTE9HLW1SODVZYm1tM0gwZ1NXZFd0Vm9PeXNDOXE3R1pzT0stb3JYaHBwR2pTbnI5NldObWtrTkhPYTNjOHJEUUwzS0xtRW1qMWY2RmNDa0JVNzJsblkydTdSeDM2dmpxbkd4UWtycThBd091bWlYeVVSQVR1dzZpaGZWMXM4Vm9ORlhoYVpUcHBHMW14OWVLQW9DSW5mYXBhaXZUanJRNXFrbEdFVmpIRjhIbVlZeGhpemZDa1lGZFUzMDg?oc=5,The Economic Times,"Tue, 25 Nov 2025 08:00:00 GMT",2026-06-14T20:00:07.770295,dos_ddos,True,False,candidate,https://economictimes.indiatimes.com/news/india/arunachal-pradesh-is-an-integral-and-inalienable-part-of-india-says-mea-rejects-chinas-territorial-claim-as-denial/articleshow/125569625.cms?from=mdr
denial of service Arunachal Pradesh,"Gauhati HC Issues Notice To Centre, Arunachal Pradesh Govt On Plea Claiming Denial Of Scheduled Tribe... - Live Law",https://news.google.com/rss/articles/CBMi0wFBVV95cUxQaTQtSnM0M3JBSC1LSjF1RnBqemd3RnJhZ3NsX2ZFUXRnTzZwWjA1ekpkYkppRmpzRUFLZmV3Y3NWS1FyTTZTb3FrTmlnR0xLYllLNElpaEd6Qnh2S1owWjFha2R2UzZsSG5lcjJsSV9IZm4xUHQ3Y0x2X3ZvMjY1NnpJX3hibXBPQTlweURQOWdxeWROUGtQVzZWSk9Md2JmMjhuMEhId0FZeXZFZTdCOVBNZUdEV1ZlYk1MenB6VTVSaVA3bUstei01Ti0xUUdsMkIw0gHYAUFVX3lxTE16NUczSEY0THNMN0p5ZG1CRXEtRjQ3d0QtTUkxREYxb1VtWXI0Zm1ZSXo5dDBlcUJtbF9yTFpEbENmNUlRV1IzeWZiNExxQ1l2dWp1cjNtRkNSeWdKLUlKYndPckhyM3hpQnBELWU5X1YyVkJqbnUwRnRrcU91YU53aDJvNWtZcVFiWDlPTS1RNVZFQ1ZEYk9LcDFiRWVlVmtUMkNOUTJ4YTJrS1MwZmg3RmRTelZQY04yWGVyVzNPZ21iSnBGc2RZcmR4OXc2dE15aU5ySlZwVg?oc=5,Live Law,"Wed, 07 May 2025 07:00:00 GMT",2026-06-14T20:00:07.770339,dos_ddos,True,False,candidate,https://www.livelaw.in/high-court/gauhati-high-court/gauhati-high-court-pil-scheduled-tribe-benefits-yobin-tribe-arunachal-pradesh-291527
denial of service Arunachal Pradesh,'Indisputable reality': MEA slams China for detaining Indian citizen in Shanghai; calls Arunachal Pradesh - The Times of India,https://news.google.com/rss/articles/CBMinAJBVV95cUxPWFYxX0xrajF3VWNFc3dURHFLTEtvTUpSckJqM3NISDNQTDV1NlZMNG11N3pONHJXbjlFLVpvaVdwUF9JbmVnVmdzejFKUlpJNk40YWdyX2p0b0VmM0hhSlNzbzNyTmhobHJXdWQ4QWNJbHB2WXA1X1hOZzFYVmcxRnhnMEJ6Q0pTQzhKT09sSzFWeS16WjZucWwtc0dDUHJxRHFGNEV4NFlHa1hQSE8yZ1c1LWdmS2pqQVhLU1ZtTkY3TGVHdi1YOE5BNnAzNnk0SXhkTklXMzctZTBtUC1xWHYtRUdpUmhFMm5GRWsyNW5mb0NWOTdTVTNua0NTVDdTUTZad0M4U0FwYnQ3djFtZEJMSURBZF9YOUhMQ9IBogJBVV95cUxPdW43NlU3cEpISm10ZlNRVlZHclo4TDduZWZBbWZ0Qmthb3k5NENhbTlZWmRvc2JNaWtQWTdJQW9kNHFZakRUUk9DLVRzak9zTk83YlNkQVdsSnJmUkQ5TVMxWWVjR0tzV1lWaDFHay1QUU1wSUtTVUVJNnpBM3ZYQXY4UjV2REc0MjZscUVQaTl2Ni1wRUlxU1FuYW1SSU04WXZuWXBXYUlTak9UVXJUc0E2UzZpOEZJNTZKdlM1bDRmb2xlWUFPMFdPZjZsZl9LcVdZWU0ySmI4WmZXMmdoVnBCb2RZRWNIcGZlb1dhNVRXMkFCdTBuUThVRVBLaHlPUTQ0THE4dG9ldDNObXVsdFQtVEtVWVNOMjZoSkZXNTh1dw?oc=5,The Times of India,"Wed, 26 Nov 2025 08:00:00 GMT",2026-06-14T20:00:07.770366,dos_ddos,True,False,candidate,https://timesofindia.indiatimes.com/india/indisputable-reality-mea-slams-china-for-detaining-indian-citizen-in-shanghai-calls-arunachal-pradesh-integral-part-of-india/articleshow/125590889.cms
denial of service Arunachal Pradesh,Swami Avimukteshwaranand denied entry to Arunachal Pradesh: Calls for dialogue amid Gau Dhwaj Yatra Controversy - The Statesman,https://news.google.com/rss/articles/CBMi8wFBVV95cUxQZjJtOGIzUC1BWW1FZmROLUhxVi1kbzRyZGZObXBHdWFmZTd4YlJyMUFEQURZRE8xejJRbjA1X2hwaG5aNlpfM25ZZlBCV2RIWWRTQVFMN3BWUEo0TngxbDhUS1RfN3pCWXUwWlN3aDBVclNGZG1fRTVUdWNhZnh6emJNSElVbWRldHd3MXVXME5EdnRYaGJnX2Z3MGxFallidjBRLXFSanVBdzVwSkFtQUhoUGFGejZXdlZpa0tTZFVzS25CNkVMd1BPV2EzT0hUZzNHM25rTTd5SmRIYUpZaDVIdS1GYm5KVGZGbkE5ODAxYTjSAfgBQVVfeXFMUDR2ZmQ0azF5a3pRMTFSWWY1NldDeWQzc1dXYTZmSUVfNlRXaHhoeFF5d1RnaUdXUzI2Q3F0VnRmSFF5eEtXc3g0Vm0xdjNpdzgycXNINnBTVWVHM2J2X2RnYzZRS2M0T2tOdDQ2a2N5SldMWjQxSGRWN095ZTdYQ19NVXR6STdydXNZU1JYa1U1WGJuYjExR3dLY0FWUGJfbzcwQmd5ajhBclp4VTZpdUNYbnNrLWJ5VzMweUFES3J0VnNydGZydHc2WmlkeGpETEdkRW1Qclk1MlUxTXZrSUd3SUVQVFB0R25oSzY1ZmZrcTdMOWQ1Wmw?oc=5,The Statesman,"Fri, 27 Sep 2024 07:00:00 GMT",2026-06-14T20:00:07.770394,dos_ddos,True,False,candidate,https://www.thestatesman.com/india/swami-avimukteshwaranand-denied-entry-to-arunachal-pradesh-calls-for-dialogue-amid-gau-dhwaj-yatra-controversy-1503347724.html
denial of service Arunachal Pradesh,Asian Games: Arunachal Pradesh Wushu players express disappointment amid visa denial - The Times of India,https://news.google.com/rss/articles/CBMilgJBVV95cUxNbHJCTTUxd2Z0VU9wenNQOHlDN3NuelJqOVdWVkVDUHVpSGFQalpDdjlXNWJueTRxTUlvTW1jRjhuZjVQNmlLU3JIRnltMnI3ZzF1OXVaRjNkMjZ3OXN3cVJSNjJHNDFBUExOY05tbkZ2YWROSHZQSnc5aWxPVFdrd0VzZ0lzUktzZ2NlcEo5WjZXYnFjQVl4UW9FUXBHX1dGNVRxc05icTRWbUdtR3VPcFVMTHpvcXYwNTlHSThiamZxOUJQbk5qQ2ZjTmdBd1hVR1FuSUs1dkREclhtQU9KdkpvejNYeGt4RzVwTW9ibWxsS2pWMDAzY3JIS3Y5ZmZkVHY2d0FKRFNsLW1hRy05UjBxeWsxUdIBmwJBVV95cUxPbTJlRFBSRWFneHJRblZCZDRLSEl0bVhmMTZ1UFVPU05Sa1Bfa2EtX253ZS1hRldwX3l6YkRvUHNZb3JPWXd3QTJjSGM1Q1lLTzE1ekd1bkJJMXRZS0I4a2JjWXZ5WHV4RHhGQ1ljbER6QU52T2xHM0YwcklYMXBabTh5ODZKZXBBenZfYzZ3cmc2RzBKM1NUWTBMcVJfSC1fQklWUVZ1ZGhPYlNBZzVyM3VIajZwVGRtVEV2UkozZTg2bGdpby1EVnd3Mnc1eWdXQ3pQbFM3MVgtZ29seEZhclIzbTVWOWpPeGtUX0U3UENMQVBpem13bnplcFZ6Smw2TUVuRUxBaTFKTnNHOEJweTM2Um5KRjZyOTFz?oc=5,The Times of India,"Tue, 26 Sep 2023 07:00:00 GMT",2026-06-14T20:00:07.770464,dos_ddos,True,False,candidate,https://timesofindia.indiatimes.com/sports/asian-games-2023/india-asian-games/asian-games-arunachal-pradesh-wushu-players-express-disappointment-amid-visa-denial/articleshow/103948631.cms
denial of service Arunachal Pradesh,"Seer on cow protection mission stopped from entering Arunachal Pradesh, Nagaland - The Times of India",https://news.google.com/rss/articles/CBMi0gFBVV95cUxOT0NTUHJJdzU4ZWcyTnRlTlZFanpiNi1hQzBmXzdCZ2NMcmpXQnlDdENXZmxVWTNlOFpJMFhKRFR3UjRCNnEyeDE3dVBiNGhDelBUa01OVk8zNTZFUHVUMWNMdFVRaFNkY0VVT2pENmRNSG5Sb25VWFF5UmdwVnhxckJqM1M2SW11TGFyT2otWnVRaGRhRlJoZXVob1VQVE9JUERva1J2dFAxZDFkYk4xZnhGYkxBa2dNN0ZKSkZGbTY1c3RWQW5wS0p5YU5nbktrc1HSAdcBQVVfeXFMTU9TNU5KSVNmOUJQQUpqQ3F4Z3hWRXB2dUV3T0hUdEhDQjg1VlRUdTYySDZXZzQ5c1U0U094dVpKT0pGaXlwZnpudlF0TGJMY3ZMZXYxY2tnTm5DSWhSb3E4S1hBejdEUG52eW13R0hmWXJvek9BNzNYbFRWNWZEUkFIc1UwY010UUNCVGJIcUQ5cXdFdmJPdWNqOHo1ejNpUW5yZk5EbTZKOGcxa2E4dHZLSkFLdk0wRXVTUl9kMWZoYU5MNjdSWEhPQkxuNjBCOVpSa3NoUWc?oc=5,The Times of India,"Fri, 27 Sep 2024 07:00:00 GMT",2026-06-14T20:00:07.770477,dos_ddos,True,False,candidate,https://timesofindia.indiatimes.com/city/kohima/seer-on-cow-protection-mission-denied-arunachal-nagaland-entry/articleshow/113716700.cms
dos attack Arunachal Pradesh,"Jaswant Singh, The Man Who Saved Arunachal Pradesh From The Chinese - Indiatimes",https://news.google.com/rss/articles/CBMiywFBVV95cUxNcnBENjFsaVN3QnMwSjQwMk9LdERLX01wbGFLVjIwdldrZG5ISFB0dXJUMVN6WEdPemZIUTMyWnNRNXhFRUxlNkVNbjZGVWxvNFZLWlMxSlRMcDlhY016UWVhbGQtSU1qZHlKbFJUQWNnbXdqUWJyRVVKa1daRmpxTnRGWDN6RlpVcjN0anJJZU0zblo5cnpFRi1fSHp1MmZvbHhUYWFyM3dFYUZLZTVidkU0bUFkOWZCMmk4bzNLV1ZKZlY2TTNJOUF0Z9IB0AFBVV95cUxPVE9qeFF3TUJrZzg1ajIwY3IxeGtXVWpFX2MydXREdFlKT1FqMF9QN2ZhbnJHczE3NFpYVXViczdoS3VBZi04bG9SMnM3QkM0WUsydXFIeWlBU19BSTh0bmNhNDlFNlp2YnVGVHJCMG5sUUF5ak1SYkNjZEpPTTctdnNsTnFwWWNOTERsYkFoMUZBRUJnSkd2RnJ6TVVDQi1BMEZEUWk4M191NFBpSzk5d0VpWGpYVDBCT1JBNlc4ZFZhV0ZrRjM0aG42US1zNkw5?oc=5,Indiatimes,"Wed, 05 Jul 2023 07:00:00 GMT",2026-06-14T20:00:09.521195,dos_ddos,True,False,candidate,https://www.indiatimes.com/news/india/jaswant-singh-the-man-who-saved-arunachal-pradesh-from-the-chinese/articleshow/129365739.html
website down attack Arunachal Pradesh,Arunachal Pradesh policeman killed in tiger attack - The Hindu,https://news.google.com/rss/articles/CBMixgFBVV95cUxOVWpLdHZtcmdkanotSU9tajZ2akZkaTlveXVpVm1uRm1WVm02S3M4UE9LcmY2enAwY2E2dDdJbFhzQmVBekFsWGdmTlpuRDduTm9OQ1h1bERjSDd5UGxzZDkxQk9vR2x1NTJ3R3RzUGhQb3NoWS1vbjc1SnZIQW42S2hiSFRxTFA0M2xCcklWanVFdUpzbGxWTkJIWldyd25xWTE2blRsMl93eUJqaGNFS19hZUVsbWdKZkpiZUxlZ0c3QkVwYkHSAcwBQVVfeXFMTzJBSFQtYndxVEVsbld2VjNSNV9jT212VlIxb29sc3lMbVBzOHltT0kzOGcxX1Q5UWl1V2tPYnQyZUM0RWc3TDhjd3R4S1k3ck5tR1VkY3lyMHhKWjRLbEMwb0JxS3VIWGE1eDNPc0FwOHVlSG1udzlmQWxwem9NQkNQMmlOTWk0d2ZCVG5yVHRkX0dpNzRvSXRQYXVJejhSOVY5aFA4ZWZSdkQtcERJUlYtT0s5dEc5UFJpclNDbVBhdVdlaVU4cUcyekZu?oc=5,The Hindu,"Wed, 04 Feb 2026 08:00:00 GMT",2026-06-14T20:00:15.192250,dos_ddos,True,False,candidate,https://www.thehindu.com/news/national/arunachal-pradesh/arunachal-pradesh-policeman-killed-in-tiger-attack/article70588278.ece
website down attack Arunachal Pradesh,Tiger attacks head constable returning from duty in Arunachal Pradesh - Brut,https://news.google.com/rss/articles/CBMivAFBVV95cUxPQUl2NGMtcGFFVnFmRjJDMTNTT2l4Y3pkREVZOVZHTWZfNDllazJGdGNSUVVtbF9TNmVvUmhxVWJlT0Zfd2l6RHBzdVByY2JLaXVnbTE2R3lNMzZEQVNhWjVZc1k5MVVnemJQRDJTVGNEUDlRbXhqd1M0NFRxaHlhZ1BwdVJGdU9WUHE0STluMUFUUDRjOGlLb3N6M2xyanJJUDNBVmJpWWFEZnFxUkd2TEp5X0xhT002a1h2RA?oc=5,Brut,"Thu, 05 Feb 2026 08:00:00 GMT",2026-06-14T20:00:15.192265,dos_ddos,True,False,candidate,https://www.brut.media/in/videos/the-earth/animals/tiger-attacks-head-constable-returning-from-duty-in-arunachal-pradesh
website down attack Arunachal Pradesh,Politics over tiger in Arunachal Pradesh takes centre stage - EastMojo,https://news.google.com/rss/articles/CBMirwFBVV95cUxPWkR3cHc4MjZENVVSUVQyM3ozZWwyRFFNdWdkZHVsaU5ZZThrS2NSaGwwNHhldUpOdVFQcmNkaFhBbk5UTlpIWGVqZGxrQmdmWjVtdjBJTUFUb0VQVTNyQWRjUmFMN0RyZzUyTktiQnYwWGl6eHBfTjZxYkpxaXVQVFFpLWdTREtIYnJndzNsRU50ZkpwN3hVdGZtNXdTa0dwVy1Wc1EwaG1GdkN4U1VV?oc=5,EastMojo,"Thu, 05 Feb 2026 08:00:00 GMT",2026-06-14T20:00:15.192296,dos_ddos,True,False,candidate,https://eastmojo.com/arunachal-pradesh/2026/02/05/politics-over-tiger-in-arunachal-pradesh-takes-centre-stage/
website down attack Arunachal Pradesh,Militants attack Assam Rifles camp in Arunachal Pradesh | India News - Hindustan Times,https://news.google.com/rss/articles/CBMiuAFBVV95cUxPbWJ0c0p5SE1zaWtlRGwtVm80blYzLUZyZmJwXzlXLWdYZTlZUm9TY2pnUXhhRXdvdjhIdng5c3JzNEpJbm51d1ozbWpCZTdmajlDVnlPT2E2ZnJiNmRKTFRRdU5YVmF1di1XcXd1eUpiUGVUTDltR3Iwdkl0Znp2amVFeDFCeFBDbEhTOGZJUG1odjJmM1hyUS0xb0JoVlZsM1pIWjZBYWhjTDluSVpTcl9IZnBWTVRG0gG-AUFVX3lxTE5Db1ZnWHZuOGthQmhhTkZMTGVVRjBoVkJOUmVPQi1Lc3NoMWhRN3Q5RlpnOXJTLTBCVmF5SFQwQm8zX3c4WFpyRllPbVN4R3luUU9oSzVUMEZPNTJJT1c2R01pcEdVeGlHMzh3YllxUkNkLU1NcmRnblRLOUY0eHlsVGo4TjBWeF9JZGdvenNoQ1N3TXNOaE9tTHVpazR1dmNqdFFZYUJpVzA4dTNYNkx2ak9PVk1zbktJZ21aRVE?oc=5,Hindustan Times,"Tue, 27 Jan 2026 08:00:00 GMT",2026-06-14T20:00:15.192325,dos_ddos,True,False,candidate,https://www.hindustantimes.com/india-news/militants-attack-assam-rifles-camp-in-arunchal-pradesh-101769454944916.html
website down attack Arunachal Pradesh,"ULFA(I) cadre killed in joint security operation in Arunachal’s Namsai, arms recovered - The Assam Tribune",https://news.google.com/rss/articles/CBMixAFBVV95cUxOeFlDX2M4ckpyZVRmU19wM0FQWnhPc2k2QS1waXZMcmlXSm53YzdxU3ZFNWtsVmlSSGZZUDlpSk8td0FCblFTaEVvRlNwMFNJOVhwMl85UkxBa0NPX2owVTd4S0RUZk42a3JveW9ycTFvSjFYT3FQdVhZUWE3cnhQYTlPdDNiWV9sdVN1aXVHdzFMMlI5WklOSGlnTWx2d1Q1NmwzeElqdjI4S2xRbUtOVVUtdlFtY25yQksxYnBFc0wzYjhQ0gHKAUFVX3lxTE1wSHZFaXB6dnFPQ3pDSGNTS3B2cUV3eHM0clEyVncyV1hWUXBuN3pwclYyZVNRQ2x3c2dqQWNsNldKQzc3VjFyWTh0ZC1yaGcxZjlEYzZXY0l6UUtXQVRrbkZDZEVQdW9OM251dXdEZm9BMkpTZ2lWbHFKUWVrZWc4X2huTFo4bF9Yb1hVclh2WENYQWVuNEJ0T0hQWDdESFNaT0lSdXFUMHhWY1Bsc1dnTGw0RVdlS0g3LTAxR0NFcVJuSUg5MVJtRWc?oc=5,The Assam Tribune,"Wed, 22 Oct 2025 07:00:00 GMT",2026-06-14T20:00:15.192488,dos_ddos,True,False,candidate,https://assamtribune.com/north-east/ulfai-cadre-killed-in-joint-security-operation-in-arunachals-namsai-arms-recovered-1595311
website down attack Arunachal Pradesh,Arunachal: Assam Rifles camp attacked by suspected NSCN (K-YA) militants in Changlang; four jawans injured - India Today NE,https://news.google.com/rss/articles/CBMigwJBVV95cUxNbHZjNFozUkZubFFTbVI2akVza1dsdkpnNWxraktMSjlwWHgzQ0VEMlFFQkJ5R2lma3YtTkVsakhSdXNibm8tUVNxb2kyNGx3dGZyaDdzZkRPV0xjSzY4MWhockVtMGU1eEluUDZrcGE3U3VJd0wyekdzeXNSSjhxNVRKUWNHZFdBTy1rd1BUTGFiTjJUNDdsRERaQVVoNnplR3hqaEx5SGJsLW9XQ2s2TjNkR1RhQm1Cclk3WnV6YmwtNWs5c0RSbHBxYlZwbmtuaHhqUDhNMU1tTjBTQ1hTSzdNMF9QUGU1NmZBTHhHVC1kMmYtU3RVQ0NVZG9GMXE3d3Ew0gGIAkFVX3lxTE5JVTRtOHVnLTY5bTRlZWdveTNBTlhsVXFwcjd2VXJ5ZGFWeXViaEszUnFxRjlSOGZBRlprMF9jNjBMNU1tY1NJejZNSGt4S3NDVjJ0NkxyTlpQM0NIVFNHaC1sMTZKVjlpYV80Nm96Z25HYmYxTVUtS2NKRXB6dTRtcjM5MTM3X0lINjVmdTJiSzE0OGpqM3JFWmlEcHFYajRSd3lJcmtCUzlkdk5udHd0YjhuSjBtZnd4Yko3T0o3S0gzSUYzU1FGdzBIN3ZSUlpVcm5kdnBmV0ZkenhueVYwWEcxcnVqT09QOWVjOENBTUF5WVhLcV9ScVVrZElvUHJXWXZNN1BpVQ?oc=5,India Today NE,"Thu, 16 Oct 2025 07:00:00 GMT",2026-06-14T20:00:15.192500,dos_ddos,True,False,candidate,https://www.indiatodayne.in/arunachal-pradesh/story/arunachal-assam-rifles-camp-attacked-by-suspected-nscn-k-ya-militants-in-changlang-four-jawans-injured-1291254-2025-10-16
website down attack Arunachal Pradesh,India-China in new spat over Arunachal Pradesh: What’s it all about? - Al Jazeera,https://news.google.com/rss/articles/CBMiqwFBVV95cUxPMTNYODdQMmZESnVBSzVsTE9iUzY5ZTA1T1o5NWJzUXNSUExBakFya2JnRkQ5SEJDT2daa1RqLW40blMzVkNidUxKNld0dkthbTJrUWhfMWJPaW94V055Qk05Qy12el9xRmZIVGZyNUU4alJZRVRnTjFBTmVHS3VzRlNkbWlEWFJBVkxIS3ZEZURUSlZKYm9ZZkhwc05rMFNJNFk3bHVNN2M5WnPSAbABQVVfeXFMT0xRNDhJZjJyN2J1bm92aE9tNVhOTVdldTdpc2gwVWIyX2pNTGQ4S0VGV0M2N1ZESk9NakZEeVZBOVktUG1NaC04dE1UeUFTRHJRSS03OC1qckZDRjhtZ1k0VXMxTUZ1QnpiTHNBejFzdEx0SUdQR1NsbHpVYThseWpXTGxYZG9rdWczR2dtb2JDM1NLSzZWbGY5TjFPNXN4YzJFMFM0MUtiLUFVYTlaazQ?oc=5,Al Jazeera,"Wed, 26 Nov 2025 08:00:00 GMT",2026-06-14T20:00:15.192567,dos_ddos,True,False,candidate,https://www.aljazeera.com/news/2025/11/26/india-china-in-new-spat-over-arunachal-pradesh-whats-it-all-about
website down attack Arunachal Pradesh,Pahalgam attack: IAF officer from Arunachal Pradesh among victims of Kashmir terror attack - The Hindu,https://news.google.com/rss/articles/CBMizgFBVV95cUxOQm04OUlHejBab2tzY2lqZjBnTnRUMnE2cF8xNHdjU1lLcHUxS3hzVWVoeFQzQ1U3T1RnVjl6VXNtRGlKQTAzS25hTEJ6aGJrcmV6TlZDZEdfNzBuQzNPa0E2a1U5Z0owWmlkOWtGd1pJWHRVWWlsS0ZpYVVLZnpJN09IT2o2cDN3MnExbmR1bHlNdmVSbjVSWXh0RjNZdkpSWGFoV21rZjFoQk5jb2xFVUVtNlZfT0xQYk9XdDJEQU55dVVMTGFOazBGWnBSd9IB1AFBVV95cUxOVTg2UFNCeS00YVUyQ2xCTThkZXlzNWZDUkhtdU5uUVNTSGlDMVlvbFZTMGE5UzZLQ1Yxc0h1d1NITFpwbGtLS3lNRzdCbGZlbHQ2WjBnQXdfeDlucXQ3LTEzYlJNVWZEWWR3MF9wNzJHeHY2M213VW40MzcxbTRPME1mVUpjR29iMGhMeVpDYUdHTXlaZjh1VS1JM1Rvc1E0eEthdnhXUDJFOXlnRzRDdV9RVkNQR1JCQ0lidVM0ZmEtS0xHMkF2V3dsN1NqUlNhVXZ6Yw?oc=5,The Hindu,"Wed, 23 Apr 2025 07:00:00 GMT",2026-06-14T20:00:15.192736,dos_ddos,True,False,candidate,https://www.thehindu.com/news/national/arunachal-pradesh/pahalgam-attack-iaf-officer-from-arunachal-among-victims/article69481514.ece
website down attack Arunachal Pradesh,DU Students From Arunachal Pradesh Beaten In Alleged Racial Attack - Arunachal24,https://news.google.com/rss/articles/CBMilAFBVV95cUxORVdXNm45Q1FXY3JCLWx2T2hmLWhUWU9TNVc3bXgyYmtrZ1pOZE1RTUprQW50UFZYQ1o1LVFOZ2NWWURYSEE4QlQzLVcwamlpMzdqV3U5bjIxNkFIZ1Q1VEE0cUFsOHR3Q1NfcjVNMTVJNVNDSERGeTYxWmNJZnJtMkozZ1BlYWtoczYyZGk5UjU2V1Nz?oc=5,Arunachal24,"Thu, 20 Feb 2025 08:00:00 GMT",2026-06-14T20:00:15.192779,dos_ddos,True,False,candidate,https://arunachal24.in/du-students-from-arunachal-pradesh-beaten-in-alleged-racial-attack/
website down attack Arunachal Pradesh,"In Arunachal Pradesh, why are packs of dholes preying on mithuns? - Scroll.in",https://news.google.com/rss/articles/CBMingFBVV95cUxPTHZuVnFHZjl0MkRUcFQtU0RWZFA2emJsREx1b1ZNY2FLa3Q4WnYxQ21senV1enRZZnZ4enZWQlVKVG55WS15OXJheWdwNVpnQWozRm03eWZUWWRsWnU0VVdfNkw3bTNva0h0RUZId0VzNzdneWJmVlhkMXNCdjY4SUdpQjlRcFlVT0tfc1N2cVNDaG1XQ20wTXhGbTRoQdIBowFBVV95cUxQVkM3TDdVcnNSZWYzdUY4ano2RUZaVDU0eTZ5SG9YNy1oa09iZ1VCWkM3V0FwbGZIV0xQMHlzejdfQmdhWXVHVWk3U01mcDJNZDhVTnh5R2ZVcXpaaHA1RWhkYmtQb2Y3dTVScElZVGxhRlg3QndydHI0cDd1ZEdHTmZfUDBaWFAyZVBvQ3plbXRiSThRZHlheXpHMTJwMEFZQ0ZB?oc=5,Scroll.in,"Sat, 20 Sep 2025 07:00:00 GMT",2026-06-14T20:00:15.192820,dos_ddos,True,False,candidate,https://scroll.in/article/1086564/in-arunachal-pradesh-why-are-packs-of-dholes-preying-on-mithuns
website down attack Arunachal Pradesh,"""A void that cannot be filled"": Arunachal cop killed in tiger attack cremated at Namsai - India Today NE",https://news.google.com/rss/articles/CBMi6wFBVV95cUxPTEVjWGlRXzl0QzBqWGdPNnRrMmEyWV9ucmFMc0xfX21oMFpBUlpkLVAtNjVONWJtRmJ6Xzh3RFpKQ0VCQjd4MVdCYzhlR1BST0FoVW14ajRjUXJxZnhDUjZVQmdseWlqaThSLVR5SS1qUWRXeGV4U3FVOXVrcldYZG55ZU9reE42MDRhVGR5WUFldFFXckg4RkppaUc5SS1GVXl2NjFUMl9Nek11UW9icTNYU3BpcjdBVlpZU3JnVWxyYk1Gcm1RaUZwNUpnR19RUGlyMktMZl85RUFZbHhNMUxxc0hjTmxmOWxj0gHwAUFVX3lxTFA2LVFaelg2Z1o4Mm10b0c4VGdvZVkxUlFIX0M4RHJrWFlMWm9CM3VFcWtrUmJzYlBaeUFIY2VHSUNpSVM2RHVabEZCaVhEbWRLdXE5cl85Z1o5bEJHSFJKQVJGT051OXBQMXh6dzZMN19iTjVNMkpzY0M3dkdZbklBRkZBU1FkUUNrbERGX1JpMUZyVkVVUkdnQ3Z0S2gzQkxYRnZndWc4TWQ0d19NZTZZV2R3eTVhb2JHYTNLTUhKTE5ZLU9meTNwZXVKYy1NUTQwTGlmRE55dlpncmwzMXExMlVJS2Z1blNFajB6aG4yZA?oc=5,India Today NE,"Wed, 04 Feb 2026 08:00:00 GMT",2026-06-14T20:00:15.192904,dos_ddos,True,False,candidate,https://www.indiatodayne.in/arunachal-pradesh/video/a-void-that-cannot-be-filled-arunachal-cop-killed-in-tiger-attack-cremated-at-namsai-1341351-2026-02-04
website down attack Arunachal Pradesh,MEA 'categorically' rejects China's attempts to rename places in Arunachal Pradesh - The Economic Times,https://news.google.com/rss/articles/CBMi3AFBVV95cUxQNC1qOXZFWmtiVFpuSlVRSFNqanhZay1aeUpJU0szZnNQV1hGc0tSODBSUjF6YUFPTVVfVDA0d2Q2R2FtN1NlRmIzVWs1eXk4TW1FVW5NMUM1NF8ySG9SVll1V3VzdjZBVnB1MmxLa3dfdFk4UjhOOXRyYTJ4bEdmcEVwOW9BWDRSdF9LUmFIWXlONzlfRjJSUGtlZzVidjZycUlySHVXdnR6T1JUenlEY3ZGalpVUXB1aFA0S1JqNWwwcmw5QlgtY2g0T0JSR2ZxTlFyZjVzOU53Z3JQ0gHiAUFVX3lxTE5IUElFNmVkT2ZOY2NLdE5JRlIyTGQtd1E3d0FyYjhnc1owblRzMVV0Y3h0N3VRSk1OQjJQZ3lkQmxQc2RHR0duNTU5MVlRMzlmQ2xEODRMSmh5QlpkV3ZfeUVMeG5FMHEwNm4xRkhqRk80dE55S1FldnowYmllcUltMnRXUExTYUVWNy1hLVdrbnVQdkxQYWdIR0plNzk0QUhJTWdkVHJkbVA1TGJSTHhVbENSRTYxU1ZwblhjOTNxNHdwUng4TkdzWnUtd3J6Z2o1U19vVUNEQ0tFUlV3cXFnLXc?oc=5,The Economic Times,"Wed, 14 May 2025 07:00:00 GMT",2026-06-14T20:00:15.192942,dos_ddos,True,False,candidate,https://economictimes.indiatimes.com/news/india/mea-categorically-rejects-chinas-attempts-to-rename-places-in-arunachal-pradesh/articleshow/121152069.cms?from=mdr
website down attack Arunachal Pradesh,"Arunachal: Machete attack leaves two injured in Naharlagun, 19-year-old arrested - India Today NE",https://news.google.com/rss/articles/CBMi4wFBVV95cUxNVXdFRnNURjMtcS1FSm9ic1g1d2Qzb0NtZExWcV80R09HNVVad3FidlNJbTR3NEJCR0VKM0hpRzVKZ0JPTWlOMlBvQjhLYWZVOGtRenpaUm83UFFWdWY5TE1lYkRSYUI5YnNzanB5aTVQRlVQd3hNZXRWTFdzdEZvd29NTGprWGlrUDhBUnl6dnFvMzNpdjZLNVIxa0JxRmFHSDY4NW1CRDJVNUZsZUJmX3lBTWZUVE40Y09zQXNQTlhPYWdvRlFXN1JkV2R2XzZ3b0NRa05DbzlLQUVEeU5rS21YNNIB6AFBVV95cUxNemlUVHBkUm1DcVBvNDR4aVAyVzJXQ2N5TS1Db1drRVE5TjU5cUhMQlk2NDZJbENOd2I3R3lrSGFoMDAzYUN2SU1LSnpNZkM2MnFJRjJoMmxtcXlwd3FXTU1TZXE2UDRrS3RoMUt6dlo0cFlPeTNWWmpyLW9tYWRuNFB5VEppSEQ0dlJqVEhEUDA2X1g0UjY4YTR4WDB5N3JHZS1fNVl0bk9CQksyZHhEMDRGMDk3S09hc0FWbDkwaUFzb1dsTUN4ckpKRFhTOFhiRTU2d01nMDlnaTZOOTJLY01nR2c3b1NV?oc=5,India Today NE,"Thu, 03 Jul 2025 07:00:00 GMT",2026-06-14T20:00:15.192954,dos_ddos,True,False,candidate,https://www.indiatodayne.in/arunachal-pradesh/story/arunachal-machete-attack-leaves-two-injured-in-naharlagun-19-year-old-arrested-1238943-2025-07-03
website down attack Arunachal Pradesh,Arunachal Pradesh | Curfew imposed in Roing after teenager dies in mob attack at police station - Hub News,https://news.google.com/rss/articles/CBMitwFBVV95cUxPTE92OUZoVTZDVTFmSkJXaXd2XzJ4SEZxTXhFZEZIQmFRQlllY013UWVxNjgwS2J5ZS1DQjlpZ0NSRzhhRU5saEVsZjZkRFFJdl91WFZzYktscUxDU0dqZUR0bWswTUI1dkEzWk5DQUNUMElhSWZ6VHBxN3R3b2NGem9UNnozWlYtNXRjOW5nSkdtU2gxOW5uc3Z4MHhFaERJbzRseFNTMnl2TWFmOWMyVjdOdmhqVzg?oc=5,Hub News,"Sat, 12 Jul 2025 07:00:00 GMT",2026-06-14T20:00:15.192977,dos_ddos,True,False,candidate,https://hubnetwork.in/arunachal-pradesh-curfew-imposed-in-roing-after-teenager-dies-in-mob-attack-at-police-station/
website down attack Arunachal Pradesh,China’s “Names War” Attacks India’s Arunachal Pradesh - Bitter Winter,https://news.google.com/rss/articles/CBMigAFBVV95cUxOa2UwalNtc256a1FzTlQwNnk4SGdyRHpnR29YbjVZbnI2T3dac3lHYnRjMFdMMzN2YlJEMW1hZG1EaGpCSUhpZTlOdTVQWGN0ajB0cUh2TW5mNEM4RlcycWJwZ3VqWXJkbWtEMWYxcnVqckJ2ZE5SRnRqemhCdDZ5Yw?oc=5,Bitter Winter,"Tue, 09 Apr 2024 07:00:00 GMT",2026-06-14T20:00:15.193022,dos_ddos,True,False,candidate,https://bitterwinter.org/chinas-names-war-attacks-indias-arunachal-pradesh/
website down attack Arunachal Pradesh,"A year after Pahalgam attack, Arunachal Pradesh remembers Air Force Corporal Tage Hailyang - The Sunday Guardian",https://news.google.com/rss/articles/CBMizwFBVV95cUxPUVdVU3BxYWY0V3A2eUNxRkxma0kzazBPcXM5NGFMaFp4Q1pBa19WWVl3YWV0dE1zYmFGNWstSFhuYnpFNnVqUmJKd3FreHpmeW5Uck9wUDVhV0ZNT1VmU29PR193Z21YNDdnb3p6eDNUZWNYN2pTWkFWSWROYklZTlN0b00wdFBZLWtuVWZIaDJhZG9remJpbEd1SVJaNGQyUWtCZjZqdzNxV05Uc0NOT0VPYXVlTnlSa09wMjc5Z1U3SndpWWhrYnlUbmhpbEXSAdQBQVVfeXFMTXRQcTBMT0FBSVRDU0MwaDNPX0NGNjhTVVF0SV80Z00zeDlkUUpfMEs5UGJ0WWp0eDFpbmdJc3pWdW5WcEpiRUlqYm5IVmViZlJ1dWF5UWFsdjZtemZNc2JzT2dhZ05GaGZ0cFA4dWNRVjFoYWRRQWQ3Z0x4QlltNDd4bGRSWlI3aElDc1hieUpyTmRZbExHU3Q2cEs4Q0NBcDhpa1pKWF9sbGNKZGFpMU9SRDdPbkJDcFZ2QWU4VVpKYVFUb05hNHNLWS1oeW43OFM4cUc?oc=5,The Sunday Guardian,"Wed, 22 Apr 2026 07:00:00 GMT",2026-06-14T20:00:15.193058,dos_ddos,True,False,candidate,https://sundayguardianlive.com/india/a-year-after-pahalgam-attack-arunachal-pradesh-remembers-air-force-corporal-tage-hailyang-185811/
website down attack Arunachal Pradesh,Arunachal: NSCN/GPRN claims responsibility for Changlang attack - NENow.in,https://news.google.com/rss/articles/CBMiugFBVV95cUxQSWF0TjJSbHJkQy16cks1Y1dFSFpWOTBMWlVqVTVYRmYwNG9NYTd5M0tfVGpOQ1dwQ0IwR0VlX3hVQUgxN3g5dEZMd1pldG1ReHBnNVBzRTRLNzlyMm40Q0owbU5IVl92M3J3eTZHMEEtLUlSSFpEX3VJUnlJOXpPUFVYY1Vxamt3NnNqdVh0ZEo4ZUxNT01xcU5mMUtYT1hvNms1c19XZVJIR2Z1VnZrbU1pTjVLN1J3RGfSAboBQVVfeXFMTzVmNHNqaE1IbFFnNlJnOGFuX3hfWWV1empycGhLZFhNbll2OWZTXzNZWmZVcnJYSE1hMkdWVHhGT24tUTFnd251YkQzcVpqLXhhXzhIUkNkbGlaOGxVRE5KTkY5UUdKSjJmbkdRTHBVT1pUeTFZcDFtQlp4OHNiazRKRmJGbEMtT0FNRVU3VGNKU1lVbkk4dEhhSW1aeUo2dkZ2UVoxM3FRUEM2TWJCZzhGdnJuRWNYeFZB?oc=5,NENow.in,"Tue, 27 Jan 2026 08:00:00 GMT",2026-06-14T20:00:15.193083,dos_ddos,True,False,candidate,https://nenow.in/north-east-news/arunachal-pradesh/arunachal-nscn-gprn-claims-responsibility-for-changlang-attack.html
website down attack Arunachal Pradesh,Pulwama attack martyrs remembered in Arunachal Pradesh as CM leads tributes - Northeast News - Northeast India news 24×7 -,https://news.google.com/rss/articles/CBMiugFBVV95cUxQMlpoTjdjNHNlSDctUHo1QWh3aDFsS2UtekYyank4WVZYRDhfTThlWVNzYjZqakl1MmtkRXNKQXcydTAtb09xVFpXQ0t2elhWZ3BITnVoY1NOREdna2VyYlBRUlBYdjZ6MmVaVUI3aGJlLU14LW5lQi01MWFSWnFjVGRXR1ZKNDA5U1hrVTVydDBuZU9Cb3FfZ0pKX0JQdjhRNHM3aTNQcTVZZ253azNJMDZlYTROM1FILVE?oc=5,Northeast News - Northeast India news 24×7 -,"Sat, 14 Feb 2026 08:00:00 GMT",2026-06-14T20:00:15.193100,dos_ddos,True,False,candidate,https://nenews.in/arunachal-pradesh/pulwama-attack-martyrs-remembered-in-arunachal-pradesh-as-cm-leads-tributes/41942/
website down attack Arunachal Pradesh,"Insurgents Attack Assam Rifles Camp in Arunachal Pradesh, Two Personnel Injured - Northeast Live",https://news.google.com/rss/articles/CBMizwFBVV95cUxPVVhKTWlpY3Z1VWVtMHJrdi1zR0hSMEtXUlhPVGUxeWpZWVMxN3BRM0FhSDByNFhOYWhsUW9uZ0FaOS04eG5uZlBsZmJZTDljRDlSeURJeXpiQnQwdVIzOW01eGlERDFnSU5TcHRUTkRVeDhVT2VVd251bzRyQ2t6b01ydWFGdUZFUUl4VWMxQkEyVm83RkRZdkVJRlhJdlBwdkpBNm9XNEg3RndHalBFS3UxTTliQTV6SEJfSEVGbGdVNElmQ25tN05XRHRhams?oc=5,Northeast Live,"Thu, 16 Oct 2025 07:00:00 GMT",2026-06-14T20:00:15.193177,dos_ddos,True,False,candidate,https://northeastlivetv.com/around-ne/arunachalpradesh/insurgents-attack-assam-rifles-camp-in-arunachal-pradesh-two-personnel-injured/
website down attack Arunachal Pradesh,Security forces gun down one Ulfa(I) cadre in fierce gunbattle at Namsai in Arunachal Pradesh - The Sunday Guardian,https://news.google.com/rss/articles/CBMi0wFBVV95cUxPQW5Zblo0OFpvaEFERmdodG9sZEQ1TVRoX0dudm41dEd3djFiRHNrSWhyejVZWjBMWWc4WjU5VndLZHYwcTM1MVhISFE1WkZQVlBFbndMMzRQZGNFMV9XRHlZWjVqQ2JoQ3FvUWhuYUVjTlhTblBSYjcwNnhDaXRPUFRzN3JXeUFPeWgzV1N6Vlpfbm9uUlpzZm1sNVRjNUtja05XXzYxYlVTMkhlV3JIQmFhaUdHZjB3bDJpZmZiZWJNckp2NlhOT2RtQ05yV0pDR3Bn0gHYAUFVX3lxTFAxeTk5dU14T3NVTXdCVmlWXzBHd1pXRG1JUlA1Z3k4eDdjdHRfaDNyOVFaNVBoNGZUamRnS0xPNkRKWW13aWFpUlltSWt4T2VBbWdaQklnUXUxblhGa2Z5WFNZQmdUb3ZCYlRpYjF5WS1CNXNPR3ZTa28wMXlteUNZXzlmbFA2WlMtalNaVnhnZEdwUEU0V2ZGOGRNa1pmd2hhZ3ZFTXN4Qll6WmlwUkZzVkVsaXNNWXpwb0lTYzRPZnFWYUplaG9HTG12ZEtObGxWYkE0ak5MRw?oc=5,The Sunday Guardian,"Wed, 22 Oct 2025 07:00:00 GMT",2026-06-14T20:00:15.193186,dos_ddos,True,False,candidate,https://sundayguardianlive.com/news/security-forces-gun-down-one-ulfai-cadre-in-fierce-gunbattle-at-namsai-in-arunachal-pradesh-s-157349/
website down attack Arunachal Pradesh,"Suspected ULFA-I, NSCN militants attack Assam Rifles camp in Arunachal Pradesh - NENow.in",https://news.google.com/rss/articles/CBMizgFBVV95cUxNZWRhbWFtV0RqNVRObEQ4T2dPa0FuY1c5WXlzUGJhSGZSNjEzWkQ1cUtBcUE2bTUxNTEtSVJqWko1N3RZZTZrUnh3LVdoZ0FJaXkySW9fbS1WZTZHelB5R0tzRnVKd3dTOVRqbmI5Nm5vd0d0Q0pZT1RGOXBTbThTdlY3ZW1GNG5jU012UGQ5ZFdoWThLeUNQX25ibE16ZHFFUUFlaGs0bklTZmhHRHo1RjZ4cjFwcDBRZV9jMUI3bnJuYmp2N0ZzZU5WQnN6Z9IBzgFBVV95cUxPbDZtZW9UZUtuLWVQWVdWelpFM2FOSElURGFGZkgzRFAwVlNMeHBlUDVuRUlZRHJ2ZlpNM29IZU5EZTN3TDZNeHd3aWZKWmVlcmFmbnZ2UlZGY204RHBwWENBc1J2SDl4dXF0T3VuNnhxNU5SdGYyWC1TTE9KVG8zQjJEYWtYb2NpRng1QW1OQUxVT2VBMi1oOVNZNDQzeWhHVi1hYndjVi1WZmZMNzBweUNyd2hkQm9GZjFzMWp6cFJ3RjlfRldDZkFkeHgwUQ?oc=5,NENow.in,"Sat, 09 Aug 2025 07:00:00 GMT",2026-06-14T20:00:15.193194,dos_ddos,True,False,candidate,https://nenow.in/north-east-news/arunachal-pradesh/suspected-ulfa-i-nscn-militants-attack-assam-rifles-camp-in-arunachal-pradesh.html
website down attack Arunachal Pradesh,Arunachal Pradesh: Two killed in wild elephant attack in Tirap district - Northeast News - Northeast India news 24×7 -,https://news.google.com/rss/articles/CBMiswFBVV95cUxNSFRIQ1Z0MnhHQUs1ZHdjNEU2SURkNHFhUHltM0VNMnU4c2dLYlR1Wk52VHdxeWNZcUlzT215dDhJVWJRU0dvWXFCR2YzbE5yQXVlYUsxWTJpV3hUakpPTXNTUmVmUFNWaWhMVzVXbkRISWlabGVwU0l2cEZGSG9CbksySkxrNm9jSzE3UXdHRjdQeVFYSkdUWUVZZHJxQ1ltSGZOSV9ZX0hCcVUtQ1ZYSkxRZw?oc=5,Northeast News - Northeast India news 24×7 -,"Tue, 21 Oct 2025 07:00:00 GMT",2026-06-14T20:00:15.193250,dos_ddos,True,False,candidate,https://nenews.in/arunachal-pradesh/arunachal-pradesh-two-killed-in-wild-elephant-attack-in-tirap-district/34678/
website down attack Arunachal Pradesh,Arunachal: ULFA (I) militant arrested in Namsai over Kakopathar Army Camp attack - NENow.in,https://news.google.com/rss/articles/CBMi1AFBVV95cUxPZ3ZhY1N5YlItS0htd25SZ1A3YWZZcGJzV1U3UjVpRE5Fenc1T2R0V0JZOHJyQW1JazNVZ2xLdjBXZlRXcXRMRmtVNTRoUlhsNzVacGdLMnBZTllaSEdPRWx6STNHTllaLTVfTEktNE04dUVXRVRDSnlpSDV1TXFwQV8wa3BRQTJCeUgzYWpWX1JqYWlXOU9semQ2YlRkOENOS0RtajVKbjhHQXZ6VWlaYjU0OGJmRHFscFhRWjJxNGwxek1aT2NuWHhZTUZyalpmeGtfdNIB1AFBVV95cUxOdk1wQWJOemZ1OGNiRW91QWdhX2JnYWhFbFZCWnA1VjRicUNPcm5oUko1di1qMzR6WEhhR1lpbFJvVkRIbXJwcGlkcnhSNE1SYWxIZlpGYk45blBaaDIwa0J0cWhfejRNYkpSS1YyM1ZVX2NJdlNQbUxIalA3ZEtNVFlVXzdSajd3UHVkazRJNnl0bklwN0VEVEdncl9PdHJsR0dzS25NTmhfSlBEWmJmY2NnLWNVN0tsRC1lNGVDMUFiZnVwRy1MaFliRzFSRkhKSnBnMg?oc=5,NENow.in,"Sun, 26 Oct 2025 07:00:00 GMT",2026-06-14T20:00:15.193258,dos_ddos,True,False,candidate,https://nenow.in/north-east-news/arunachal-pradesh/arunachal-ulfa-i-militant-arrested-in-namsai-linked-to-kakopathar-army-camp-attack.html
website down attack Arunachal Pradesh,IAF Corporal from Arunachal Pradesh killed in Pahalgam terror attack: CM Khandu - lokmattimes.com,https://news.google.com/rss/articles/CBMitwFBVV95cUxOZ2J1RXZMRjkycHJkME5aelY0a2ZZRlBEWkY5enNka0h1QlhiMWVkYUd1c0xWZHYzdFBoSzk4RllSbE1lX2RXSXRaSVM4WXc1V1MyV3c0ekNFdFMxWDNHcUoycXREeVNNZnFVQTJyN2trM0VxcDdkU1VQbF9mS1hWbFhuQmowUk5HT0lIOEw5SFh5RmRKSnFjQVRLRC1hNkJnRWw1cDRaUHAwNm1qaGtSdE9aeVNOWk3SAbwBQVVfeXFMTUVycTRjZjVjLWhrbVZTRzhrQWNpNzNtazZ1VVZud3ZKOElfN3NxVEhMOE1sYVMwVkNadFM4alpLejhZTi1YN0xZQnMtYzI4eXlmWklNWTVWd2F2b1RoLV9VS2c2U3kyUFZEZEI0VjRtaDV0aUJqdnZTejNLb2o5SUM4dWZuXzU2M0JvcXItdFJ6azJWNzlTenJDellaUUdXcm1relNNWi1EN3dNZnhwZmdTNU5Rd00wZlRvYUc?oc=5,lokmattimes.com,"Wed, 23 Apr 2025 07:00:00 GMT",2026-06-14T20:00:15.193266,dos_ddos,True,False,candidate,https://www.lokmattimes.com/national/iaf-corporal-from-arunachal-pradesh-killed-in-pahalgam-terror-attack-cm-khandu/
network attack Arunachal Pradesh,"BSNL selects 1,969 sites for indigenous 4G network in Nagaland, Arunachal Pradesh & Manipur - The Times of India",https://news.google.com/rss/articles/CBMi9gFBVV95cUxPdGxMeURCWVVWM0FyWmV1VVlEZWRwSGpKOTB6aFpiSG91dmJzb19nRk8wMkwzVVhqMWJjeGhXTENia2c5TWM1eF9qc25Pc2djMmlheGtIQ2FBTXJYVHBMY1FZOHUycXE2VzZ0VUFxclF6UVBGMk5aTndKUF9BZ0p1elZRRm84bjdwSnZNeVEyVUY4Z2JNaDBwNUdJbDg5dXlYMVNPSUhqVjZsTUlfS3FRb0JaeUNoRmY1T2tSRUlpSjlXYWYxdkRBVmthRFE1cVhsUGJZSDB1U3RGTG1UZ1hFa0d4cXZOajRvTWJ2cVltcXdzMTk3Y0HSAfsBQVVfeXFMT0w1OXZTbzFsTk4xVWVldEJWWDh4aTF4OU1wZ2dsQmI3eUpIRFpaREY0VWVieU94TEVYbkM1d3E4WjVaRm5WdXIyV2NuWmV5NG9NMjFLeXZZWlJscU8wWDdfcktmWkFMMi1xMGhfR3hWbWRyM2RaTHJueGNjRURDeWJFMTczM1RwYURRR3dhbXB1QmdxTWdqcTVIQ3pTNXNuUmMwQkxjRkVPQ2dzdS1hNHZ2VUI5Mi1FTld4XzlTOHZXSkhXQnlBY1ZjcUhpdUhoV0V1QnpXSU1CM2xoX1JaeWQxSVlKNnp5SDRLYkdfal9hRzdkd1NNbUFPSmc?oc=5,The Times of India,"Fri, 26 Sep 2025 07:00:00 GMT",2026-06-14T20:00:18.648261,dos_ddos,True,False,candidate,https://timesofindia.indiatimes.com/city/guwahati/bsnl-selects-1969-sites-for-indigenous-4g-network-in-nagaland-arunachal-pradesh-manipur/articleshow/124167310.cms
network attack Arunachal Pradesh,254 4G mobile network towers launched in border areas of Arunachal Pradesh - The Hindu,https://news.google.com/rss/articles/CBMi8gFBVV95cUxNZTBxdVpGOUtKbkM1aktPWHlrcVdMSVVVU1dwQnlCcy1RNlVhV1N5cHF1d284SlI5NzlOVlQyZkF5ajN2dV9zODhzWE5qSUF5QWZzcExObkdid1F1dXFSN25kWUFSWGFwUThpTms0VHpyWjIzMFRJUU94Wk52WWYxaEZkWVFIVGhQUGc3elNWSVlCUmlUTEl1VWw2bHJzXzdocUxOODJOWmZLWkUxbkZ1MUNIbzgzd1g1bzhwdFN0LXF4SXoxcHlxY0hkSlFGeVNVQTdySlZER0MzRXNrREZTaWNSdmFsbXhpU1dSREJyNlhBUdIB-AFBVV95cUxNc1lhVk5Ic0E4eUN6QjlVZlkxV3RuZjRsNnYwdmgyS2s5Z09kRG4zNEJDMV9oYm1MV3dkMWVYU1RQajQwOTVFRkdkM3VxWEEyaEdEdmRZekNoVFB4S2lFaW85UUVrVjFCQzRYZkd1czJmem51YzBoLThXVG9ST0JSZWpGWVNZUDZmNFdLMjJhR3Y5VjV0Q1lObTdwcDdib1phRDdQQ2dyNU8xWWNpX05IZGt3bTRrRW55WmRDNWdqb05QRzBpZTFKUXlieHdWUmNwTklJME9LUC1PaVJBT2htREsxR2Fmc0dITGQzZGxSY3BqZTNLS01ZOQ?oc=5,The Hindu,"Sat, 22 Apr 2023 07:00:00 GMT",2026-06-14T20:00:18.648406,dos_ddos,True,False,candidate,https://www.thehindu.com/news/national/other-states/336-border-villages-in-arunachal-pradesh-to-get-4g-connectivity-254-mobile-towers-set-up/article66766882.ece
network attack Arunachal Pradesh,Arunachal: Itanagar Police Bust Interstate Child Trafficking Racket - Arunachal24,https://news.google.com/rss/articles/CBMilAFBVV95cUxQeG5OaTlnSG85TElHeWJIbHpGQXJIQ04tbkN1cDI3aDFqdFNXUG9ZOUtKN2JWbk5FeTJWZVdmN0s1d1pLM1ZEZXBPaF8wWEVidDluaFRYaF8tdEtKOVRTQ2EwcnlQVENBRXdBQ3lZcnRoY255Njd1TDhlRWVZUHZhNUkxSGFEME50aTA3NEVmckNHaEFa?oc=5,Arunachal24,"Thu, 19 Feb 2026 08:00:00 GMT",2026-06-14T20:00:18.648417,dos_ddos,True,False,candidate,https://arunachal24.in/arunachal-itanagar-police-bust-interstate-child-trafficking-racket/
network attack Arunachal Pradesh,"Saving lives, one drop at a time: Ramesh Jeke’s crusade transforms blood donation in Arunachal Pradesh - The New Indian Express",https://news.google.com/rss/articles/CBMi6gFBVV95cUxQUDJVazRLaEtGQVJtcFdYUjNhbUlzbERyMDU2d2lkQWxWN19VMkV0Wjh6ZTF0a0pLZG1vcjZnWGNEcDYwRzNDczA4R3dSZ1dpRGgwNTBZQTRuSkVMZWMyenlUOFZfVHZvRFlYNVVrcVJfREhfMmR0MlJrUTlneW1RN2xfNGRVZm1aTUZ5REdNNnlkek1MR3lHSFhqQkVRNDl4RVlTNXhyd1RORWNmQzJiV0w1bklLbWU5ZXlIb2RodHJOaWg0Xy1RaElpQ0stSmpGV2R5MXpCX2YxWk9zQ1hzVEpPSG9mYlp6TUHSAfcBQVVfeXFMTklrNGN0bnhlQWdmQWhyUnpCQzhzWEEyYW9JOGpGUU50ZTJ1bnluSWFieXhFRy1sNWRvMU8zSXZkNmZNdWRZN1lVV2o4VFNuYWpJNDczbnpvbEoyczdXUVlWQXJhWWRzYko3MzZISWhiRUZNUlRlVWVlV0tlbmtHSndaRjFxWFhSMllKZWVNcFZscjdfVnAyMDRoUVpKMW5ySDcyU0dMSWJocEdxNVVrekYtQTZNN1lCZU9vdHpPLXFKZHBrem1IZ29ObVZ1MmVlTHJ4REJiOEJCN2ZXbzE3NC1WY1ZZdkI5N3VPSFFuWnRCSmppY2tSVQ?oc=5,The New Indian Express,"Sun, 15 Mar 2026 07:00:00 GMT",2026-06-14T20:00:18.648431,dos_ddos,True,False,candidate,https://www.newindianexpress.com/good-news/2026/Mar/15/saving-lives-one-drop-at-a-time-ramesh-jekes-crusade-transforms-blood-donation-in-arunachal-pradesh
network attack Arunachal Pradesh,Arunachal Pradesh ready for Vande Bharat Express - Arunachal Observer,https://news.google.com/rss/articles/CBMilAFBVV95cUxPMVpMQnVaNi00MmdkYkxZNkNHWklNd2VDa1JhME5qNDdGUTdSRUxoS2lLTFg2NUM0cjVRNHBSYmU1aWhPLW1aWHZYMDdfZVBNVW1WTUNXVldiUHNDeXdpeEk0SHpJdUNCM1RPaUUzYjRNYlZvRDhhX1I3Vnl0eHlicFhHZ0dWOVQtSkhSN0VPOXFqSkFx?oc=5,Arunachal Observer,"Fri, 21 Mar 2025 07:00:00 GMT",2026-06-14T20:00:18.648443,dos_ddos,True,False,candidate,https://arunachalobserver.org/2025/03/21/arunachal-pradesh-ready-for-vande-bharat-express/
network attack Arunachal Pradesh,4G connectivity boosting digital economy along LAC in Arunachal Pradesh - The Times of India,https://news.google.com/rss/articles/CBMi3wFBVV95cUxQVGtBVEEwWG9DUlJPcENmaG1RbGNWdUZaVlFnV01YbXdzWDh6aWVpM3lhOTRtd3RiTFZ2WUxicW5mQnNCNXZtTXRWLW9rRU52XzFISDFQblhIX3prY2FPZjdaTFBzZXNZdkI0M2plTV9yUVNHVDN5dlRvUUVIV1NpZmtDdkFmRkV5ZDNuZFhTZjNLZTY0WE1SLUU3NUxvelBSNmVzMmtBQU5uQ2JpaHNMbmRUUW1KU215dlM4eWdISzBLOHdkcjlSRlBVbXlaYVh2bjg0X1N4QkYwZnJIdk1n0gHkAUFVX3lxTFBfcUhZQW9weGdKS0FmRGdCWnQxTGNZbk1iTGVNV1VsdDFHVm9jc1NFQ1pBUEZsa3J4S2tEeC1ETUFfbDVQZTd1dVRIczVOQ1VmeW9aVDBBYVA4RFZ2ZlRJLW82Mll4VUNEQXZobE9YZnhpamg0YjdYdU5oU0UzVEdDMmNIMnRkLWRRLTlIMldRZC1wTkZtTk5sY2w4TG1VMDRISWlKQnQwNHpISkU4ZGY0STV1RnQwcmNpcUs3S05KYWRySFNVcDl2YUJsVUV3UTJLQ0x4aWg2Y3JFT25rUnlCd0pWbQ?oc=5,The Times of India,"Mon, 01 May 2023 07:00:00 GMT",2026-06-14T20:00:18.648497,dos_ddos,True,False,candidate,https://timesofindia.indiatimes.com/city/itanagar/4g-connectivity-boosting-digital-economy-along-lac-in-arunachal-pradesh/articleshow/99899432.cms
network attack Arunachal Pradesh,Breaking the Stereotypes: Tungam Riba Pioneers as Arunachal Pradesh's First Female Bus Conductor - Hub News,https://news.google.com/rss/articles/CBMiuAFBVV95cUxPSXF1YWNOMzYyczlfNnpwXzZsd2pvSG5uck10bjFSaUctMnd5M0JUZVppbUEyTXRoNEw3QkdENzZsY3VZZmNUc3V1aGRHWXBsNG9Pd21pS2Jhalg2QkFoTE9vdC04dkUwOUQxbnVlN0ZKN2JUaUVMYkhwTUMxaHEwNExkaEVDWXNyS3RqejRXZ0ljWmQ2VjRvSDJfWmhFYzI1cUYtTmJvai1mM0FQUXFfa2tjUkZCelg2?oc=5,Hub News,"Wed, 01 May 2024 07:00:00 GMT",2026-06-14T20:00:18.648522,dos_ddos,True,False,candidate,https://hubnetwork.in/breaking-the-stereotypes-tungam-riba-pioneers-as-arunachal-pradeshs-first-female-bus-conductor/
network attack Arunachal Pradesh,45-year old woman creates record cycling solo from Gujarat to Arunachal Pradesh - The Indian Express,https://news.google.com/rss/articles/CBMiyAFBVV95cUxPU2dYTFZQS1FDM2xvdU9jRnZ4XzF6eEJ2TXZGcmY3ZUJtU0FRWDNycENfWlV1SEotOU16S2tSVTNSVnVxMXVJeWRiaHhhd3IwM19UWG1mRUtxRENqTDJpb080TXVKXzV3am4xV2daU2V4bVBtOVZxUjRBdEZQa085U3FFeE1FVWozeGNmUnl1OU9hcG93WGdLbGViMjd1VlNwUTZObHVvdmhWWnotOWlpaWhLUXJ4OXRnNG01dVhYZ29BMmpZeW0tQtIBzwFBVV95cUxNdXE5REt4WFE1azR4NlN0eWJUR3JLV1FienBINGh3a1FZMXpET0RCOU5iVWJUaER1d1R0VWI2RTh3TVZnZ2VuckNUOUpCdHoyRG4temMyVjhfYkxNNjNQRnltbkdtdGJKZ1NGQ24zZzQ1Y2lJWENKMWU0Z1hTeThrQzJGRzA4eE0tU1htemsxSUVGY05CdmcweXlkWHJPOEdtaUJvNU1KTzlYU015aVNTWEhOWHpwTjlrcWRoTEx3LURFTGp3Nk5yWjBuYWQ3RTg?oc=5,The Indian Express,"Mon, 21 Nov 2022 08:00:00 GMT",2026-06-14T20:00:18.648535,dos_ddos,True,False,candidate,https://indianexpress.com/article/sports/45-year-old-woman-creates-record-cycling-solo-from-gujarat-to-arunachal-pradesh-8280851/
network attack Arunachal Pradesh,"India plans massive infra along China border, road, rail projects in pipeline - India Today",https://news.google.com/rss/articles/CBMizAFBVV95cUxNZ0p6N2I4ZDB5bmk3OXhKVjVzWF9FS1FSaFM3QUJ4b2cyOUJJelk1RklJV2xlejVFWF9GQ0lfMFgyZGc4WS1NbjJMUVlSYnhXSzN5WHR4UkhDVUpINlhJRFVSRGpNWEJfcVpOV2NCcHgxbVczbjJ1VDlmTjYxWkxhbGU1VHhPOGZ4Vi0tc1Z3VTNMbHM3TjJiTFNGWHRaWmhCY0NkV1RHQ0VXeWRlM2hxY0RXeE83S203ZmNpczR0WVRhbnpwcTNrbmVUTHXSAdIBQVVfeXFMTUpCSTltX1pkY1pUeXJQVU95ZWx6clJVbnJSWmVQRm1aX0MxUVlsWFNwS3l4a0xYQUJPdlE3c0ZFWEdNM0ZoWG96SWJIMnFUbGNNM2s4emFFSHlwbjdZbGZxX3ZDM2VaeHAtbndmM2N0YktNOGFGd1NqQWQ2cFVTX2EtbEZUM1NJbHBqbEZXMGYteXpaQjE4UVo3eTFWWEFXM1lwaThWdWZselhZZEY0LWhCTlhfMFdFZWs4NzlLLTNJdmczSlBjeW5GN0YzaFZVNWFn?oc=5,India Today,"Wed, 26 Apr 2023 07:00:00 GMT",2026-06-14T20:00:18.648572,dos_ddos,True,False,candidate,https://www.indiatoday.in/india/story/india-plans-massive-infra-along-china-border-road-rail-projects-in-pipeline-2365049-2023-04-26
network attack Arunachal Pradesh,Assam: Jorhat Police rescue 24 human trafficking victims from tea garden communities in Arunachal Pradesh - Hub News,https://news.google.com/rss/articles/CBMixgFBVV95cUxPUHFlc3ZsZG1GME9SUnBMcTR5V1daSl9mU1RuXzQyMEpTcDFET0hiUjlhdDJpdjRqYjNUaTcyU0hJUkgzZlFuOVhHdkdzUldUdG5LR0taVmh5Ny1yaDFCaG1tczBNYjY3aHY4RTVaSnE0SmtoVncwekU0b1NpUHE0c0lkRm1QREQ4dlJTWDRhMDhLdW9PTTJhYTkwblR1R2lKZkc1VzhBeFFrbVl2LUUzMnpxcnRkLTlUVTZQVl9rdkJ2OHE4V3c?oc=5,Hub News,"Tue, 20 May 2025 07:00:00 GMT",2026-06-14T20:00:18.648621,dos_ddos,True,False,candidate,https://hubnetwork.in/assam-jorhat-police-rescue-24-human-trafficking-victims-from-tea-garden-communities-in-arunachal-pradesh/
network attack Arunachal Pradesh,Indian Army conducts Exercise DRONE KAVACH in Arunachal Pradesh as part of combat readiness for next-gen drone warfare - organiser.org,https://news.google.com/rss/articles/CBMi-gFBVV95cUxQX2RuS3U3NHlXakJfalRkaVVRN3hIRkh2WkZsb1MwTlQ2emNHUl9QTUZpdDBsSkhMWUhnX1RDNDA1NUhTNTkyQXgxaXliT0V2T2RmYm5sOG14M2ZSZzNEdzFWd1IwTzJnYVl6eUUtZk5FTlhNcjcwd1BrZkNGRE80a2RfbkJmaHNZZVo3MDdmamVNVFI0M05JZklxRU9iRkJ2MzVKSERmYks2TXltYzl6SnZyUkU5Q1pza18tSWZmTXpneHQtZlJBeXgtZ05VaWYtWVM1NXlSN2hvcDRMa05CWk9nVUkwd183azVPSTZ5c3BBLW1ldHJ4cVhB0gH_AUFVX3lxTE92VDQzZ3hsYW9IM2R3dEpVNmI0RWxPb3hKaHhvVmJqd25oSGRvUWtZbVdKMlVZSks3Q25IMEx3akM3czRyQkVLMmwtcHRnZFdKNVFBY2hPMlhwVk5vX0x4R0lwU241VW5RM3VjbU5tbHRBZk9OWThyYnZvZ19SdGFhRVNicVRDSEJVYU5rQWY0aUVlX0JKb3NKV0JUQUtfX1QzXzdHMkFWUFB2dzNVRXctODYtSGsyZnp1MDQzODBMTllLSVVRb015SlRoU0h5eUtpQzVjN202QmNCVEcybFIwc1dTeUdISjNQSng1bXZReDZrRzZhZVFPaTV2QzFRTQ?oc=5,organiser.org,"Wed, 01 Oct 2025 07:00:00 GMT",2026-06-14T20:00:18.648639,dos_ddos,True,False,candidate,https://organiser.org/2025/10/01/318708/bharat/indian-army-conducts-exercise-drone-kavach-in-arunachal-pradesh-as-part-of-combat-readiness-for-next-gen-drone-warfare/
network attack Arunachal Pradesh,ULFA-I alleges drone strike by Indian Army on camps along the India-Myanmar border - Hub News,https://news.google.com/rss/articles/CBMiqAFBVV95cUxQZmx4RXpNV1RoS1NPMXJidnBZcU5sWGxmUzVsRzgzS0lQQnpvRTNmeEtINmJoVm9ZWXJfczZvLWRKN3lOR1NGTkVxUk5ISFdVZDlKS1ZhZVJPOHRNMEUtQ090N0F0dG0zS000TjhyMkE4cDNJX3E1eWJNZzFDcjVkS2xqcE9aZy04LVRkNjBLaDRmTS0xMWNvTEVyWTFuSjZSYmNPcl9Pamc?oc=5,Hub News,"Sun, 13 Jul 2025 07:00:00 GMT",2026-06-14T20:00:18.648808,dos_ddos,True,False,candidate,https://hubnetwork.in/ulfa-i-alleges-drone-strike-by-indian-army-on-camps-along-the-india-myanmar-border/
network attack Arunachal Pradesh,"Tigers Roam Freely Along Busy Road In Arunachal’s Roing, Spark Safety Concerns After Cop Found Dead - Republic World",https://news.google.com/rss/articles/CBMivAFBVV95cUxNZmdneU92ZHZLMkRMbDBTZXBGUkMydWZobm9kUC1wQkNqOFlzZFp2MTNtT0FfSDcxTmRTRE5YRlRSVk4tMTRmRUgtXzRhalpYdkhLVkppZk9qRVBsM01mMjJPRUhqN2JjdXNOUm4tOV84RXZyZUFNM0VYbmd3bmFIZEtCZ1lpcV9mYmhMd2ppRXQydHo2a1pFZE84ZEY5Y0tRbUNPX0FySi1ON1pjN19mR3puaDNoSDlpZUo4etIBwgFBVV95cUxQVWpwZTVWSmN2UGZqNGVCQmZfbnR6ZnJDdEF4Y3A0RlZUTElEMkZCaXlUdV9HazJiaEotdE1hU3dIMUc1SkNkTWlocHN0YkRfWGhwbjRRRFBiNkppbkptMVB6T1dPeEdHb2F0NzdiTXN3QU5sUnJOdkNVN1lOdFM3clo0eEYzdl9qSDRNQmQtdTZhNk5Rc1MxU19tM2V5SVpKNV9QQjlVNnVMQkFLNHctQ0ZubHBEN2V6LVRMUzIwZVpKZw?oc=5,Republic World,"Tue, 03 Feb 2026 08:00:00 GMT",2026-06-14T20:00:18.648911,dos_ddos,True,False,candidate,https://news.google.com/rss/articles/CBMivAFBVV95cUxNZmdneU92ZHZLMkRMbDBTZXBGUkMydWZobm9kUC1wQkNqOFlzZFp2MTNtT0FfSDcxTmRTRE5YRlRSVk4tMTRmRUgtXzRhalpYdkhLVkppZk9qRVBsM01mMjJPRUhqN2JjdXNOUm4tOV84RXZyZUFNM0VYbmd3bmFIZEtCZ1lpcV9mYmhMd2ppRXQydHo2a1pFZE84ZEY5Y0tRbUNPX0FySi1ON1pjN19mR3puaDNoSDlpZUo4etIBwgFBVV95cUxQVWpwZTVWSmN2UGZqNGVCQmZfbnR6ZnJDdEF4Y3A0RlZUTElEMkZCaXlUdV9HazJiaEotdE1hU3dIMUc1SkNkTWlocHN0YkRfWGhwbjRRRFBiNkppbkptMVB6T1dPeEdHb2F0NzdiTXN3QU5sUnJOdkNVN1lOdFM3clo0eEYzdl9qSDRNQmQtdTZhNk5Rc1MxU19tM2V5SVpKNV9QQjlVNnVMQkFLNHctQ0ZubHBEN2V6LVRMUzIwZVpKZw?oc=5&hl=en-IN&gl=IN&ceid=IN:en
network attack Arunachal Pradesh,"Truck Falls Into 1000 Ft Deep Gorge In Arunachal Pradesh, 18 Labourers Dead, 3 Missing - Republic World",https://news.google.com/rss/articles/CBMivAFBVV95cUxONVVqNG5jaWpFa3BtNVdYZmJEYzRpUmVtaS1zMFdEcnhzeDZHemZLcTE4M202RmZfbDZRTVFaZE5YWThXWjJYYmhqczRPWHFDR3lzbVFEdkRDWkhHRjhxcnllRUhCSDNOY2VmM3RLdmpKVzByUk9Gdlc3dGl4ZmFlcjJPdF9jZlVBYmZmMHgxSkFUdkNyd252SVdHS0RHWXlLNm9kVFlYLUJZNDk5SWJWM0ZnUkVXWm9OenMtSdIBwgFBVV95cUxNWFNNRk9OOG5uclpETG50YUZBVGU4X0hvQTR0dFRxU1hfZTQ2dGFBMm0yZjI0RUZXV2llRTNFbXlKUFpKZW9Xa1Y4OUZhS0VKSWNyZ2NhS21jaDdDNWdHQzFlbDdNMzN2dk56RGdXMjhicEVwYi13NnNQWml3WE9XeVlrRkRXMnNxVkVxQTRSSmdESmdGa0R3MktVVTR4SDM3M1hkNW43M2hBTDFZSUY0YWlQbGhxOHIzaGRBeF96akI2UQ?oc=5,Republic World,"Fri, 12 Dec 2025 08:00:00 GMT",2026-06-14T20:00:18.648935,dos_ddos,True,False,candidate,https://www.republicworld.com/india/truck-falls-into-1000-ft-deep-gorge-in-arunachal-pradesh-18-labourers-dead-3-missing
website defacement Arunachal Pradesh,"Assam graffiti artist, Arunachal lawyer held in Itanagar for defacing mural | India News - Hindustan Times",https://news.google.com/rss/articles/CBMi0wFBVV95cUxNWmZYalJfTW1PSzZKXzdfNmFsLUYwRzRQYzdBN1dhSU5fVFNOc2hWY0JoWGJwZzY3bjdfcE5RRzd0RERQbVBTc25renA3cWpPSGlDTXQ1b2NaQXNnU0ExY2ZwRC1ZN1FkVTlpVkdFSHBvQlZhb1dmNkpwOVNJSXRudGo0UWU4cFMtSUJsUGY5c3V6Y2VEaGVPSW9FYmp2eGZCc21WVlNtdGRBUDFjMjJWSV9XVEtjLXgya2tldzd5NXBEUmdkWkJsZVJnZVJobjlJNGs40gHYAUFVX3lxTE9nR2lCdjBINkhjZzIwYlhZcXJySmxXOEk2aHNJaDRXM3FDN0ZXUWdpTTV4QzdkZG5RX3RjV3E1bDR4MFFSUEhvN2tWVW04WWpnODRyRzExak83OTZmd2ZfdnZJUllRdG1KS2NtMDZBQ0tkQmZyeGRfQVVYcFNVNXo4V1JsUUpKdUlFWHhmUjZ4dlRzRnBLSXlpcENKcnNmSmFpTXoyaUIyLXNaUnZOeWd5MUtuX1FjUzU1ZHpjQVdZZl9iQVY3VkpUZ3AteU5FUmNfeUUzdVhlbQ?oc=5,Hindustan Times,"Mon, 28 Mar 2022 07:00:00 GMT",2026-06-14T20:00:20.346491,website_defacement,True,False,candidate,https://www.hindustantimes.com/india-news/assam-graffiti-artist-arunachal-lawyer-held-in-itanagar-for-defacing-mural-101648477441898.html
website hacked Arunachal Pradesh,Woman hacked to death with sharp weapon in Itanagar - The Times of India,https://news.google.com/rss/articles/CBMixgFBVV95cUxQbGFrWlJ4S3ZGLVhDSkQ0WVZsSXVNNExYdjFBSjhTMmc2YnNDdHdqYWRtLTdvb1o4N2NHeWF5dDlsR09pTEpaYTZlUHAwRkFHRzNkMjJMZVlKaHNka3NnYkxobWlNcWNrUmVLc2F0ODNuUXgwZW1fdzZwbXRIa3c5Q0Rvd3ptci0wOVpmRDZPUUplZ0VzcVhlbW8zMG1vMG5VeVpzSGluWUV5VHZNR0RmQ3Q0dno3em9xNlYtcFBCdXNScGktY2fSAcsBQVVfeXFMTUREY3RoNmhZYzJKSUk5Mk8xNkNib3BfQXNHYTc0ZTBMZEdwMVVpc2c2X3UwaFpVUWp4SXFsRTR1d1B5X3RIQ1JhRjJ3bHpnRENXWlVTb0JNTTl3WE14dk1zajVSQnZ6R1Q3UTFJbGp2eERwSF9oRzJVWm9zU3dwUEtIcHFyckRod1BTbjMtVUlOc1hWNWxFeEFGNHNXQUtTdFRqcXBaUklqSXR4aGdtSV9EX1hlQ1g2QzFGZDgxaWlKT1NYSFYxSVVwSzQ?oc=5,The Times of India,"Thu, 09 Apr 2026 07:00:00 GMT",2026-06-14T20:00:21.814597,website_defacement,True,False,candidate,https://timesofindia.indiatimes.com/city/guwahati/woman-hacked-to-death-with-sharp-weapon-in-itanagar/articleshow/130122453.cms
website hacked Arunachal Pradesh,Arunachal: Ziro celebrates APLS foundation day - Arunachal24,https://news.google.com/rss/articles/CBMieEFVX3lxTFBkQURvOHcyV1pYX3ZHRDRkMTVyc291TThNeWxzRW1EZjVTc3I3cWh6bEdLVXBud3ZPOUNobEpvNFJKRzB0OTN6UzU0ejUtOG8yVUQtSmlEc25oSzI4eVRjdmZVSGttZ1RNc3NVbENDNnJFSDkzTUJqWQ?oc=5,Arunachal24,"Tue, 06 Dec 2022 08:00:00 GMT",2026-06-14T20:00:21.814682,website_defacement,True,False,candidate,https://arunachal24.in/arunachal-ziro-celebrates-apls-foundation-day/
website hacked Arunachal Pradesh,"Arunachal Pradesh 'gurdwara' converted into Buddhist site, SGPC expresses anger - The Times of India",https://news.google.com/rss/articles/CBMi5gFBVV95cUxQYTNuNkRHNHVIaTFLT0wyRFZnb1hPeEN0X1M2c3Zha28wdDZHMk5BV3hqT3NvLXZpLWJBSlZucVgwTXpQemNjR0lVMmFaeHdLSk1oc3ZyOXFHelpRRlpMeWhjbk1STzl4dDV5eDkwLXZ1X2c2dFBpbnhQaEJkcHVhNWkwRWR5c2lLTjAwOGVBVV9DX3p1MG8tNWF4MGljRTlTVFNDdElLeE1wRmE4M2FzZmpWc3hqSkJPTDlNazIxdGZKLUxkNnJhRmo1M3pHVzVUQlpWU2NDRGRqalNBZmJPb2NfanpvZ9IB6wFBVV95cUxOMXhSY05BR01qVkJfWWMxN2N6ZU9fb2JsZjlodE9ZX0dVWUdYQ0xFUG5JSXVBdmFUZXdMM3lSVVMzMl9VWDBUN25xMUFEeE9QdFJhN19hRFZJT0t3UDJoQlNBLTRaLU90NGFhSWpheTkwb3k1WGRYa1F2ZlZmSTVPa0d1WjNMU00zNVl5bUU1R3Bxc2JXRGRwRDNUSFVVMEhTZ1lvWWxLOVhZSHJTVHZGV1d6Ym9iNlYtWWQ5eDBmRVZYV29QcEpaV3hWeHFBMmF3T09Vdkc0andoaUpnVENwUVcyOVBibEphczhn?oc=5,The Times of India,"Sun, 23 Apr 2023 07:00:00 GMT",2026-06-14T20:00:21.814722,website_defacement,True,False,candidate,https://timesofindia.indiatimes.com/city/amritsar/arunachal-pradesh-gurdwara-converted-into-buddhist-site-sgpc-expresses-anger/articleshow/99702812.cms
illegal crypto mining Arunachal Pradesh,First commercial coal mine in Arunachal Pradesh to be launched on Monday - Details here - Mint,https://news.google.com/rss/articles/CBMi2AFBVV95cUxNWloydmdYalBsN0xJR04yVXZlNHlVZDBDM01TY2pMc3c2SnFpamZhYndDRXd6OHRDZ0p1RWp3R2xzN0d6ZVJFUkdYWTE3VXJTb2VFdE1PaDdsbTYzcEpOd3ZpSmJUWVdBeDhnT1BNQTBLdDJldWl0OHVpMGpuS0daUWdwVHNmSElnYlFTazU3MkptWUtqLVJOTjk3VHJtbjZZRUZjRU41dGppa1FENmRrZEQzb3EwU1dONGhmY05HaEdkbWdYNDVPLUZwQ0huU0E4RU9mSm5JOVLSAd4BQVVfeXFMT3NsWk1wV0xqcXNxYUFaeW9ORS1nSkM0Y1dCV2FIdXBFTVdoQzdTekg0a0pCTTZNbldKNjdDSUc4ckg0dDlBdU5MSEJFbnVKSE5rLVduVHp0SGcxbVFYbUR5Q2RxTUhJcXFnSzJWVHdQeWpNaW40Nm5CTUZkS2RySVVyNFhwVTlhS19VTFc2NFdfaFZ0dW5QbENjV3IxZ1BaVHJyYXppT05jSnlCTmxoWDhaU1p2SWE2RmYyaEZtSnI4cXMxeEtObk5uVnpBOFhpT0x1eWFnTmFJekJVR2F3?oc=5,Mint,"Sun, 05 Oct 2025 07:00:00 GMT",2026-06-14T20:00:50.968980,cryptojacking,True,False,candidate,https://www.livemint.com/news/india/first-commercial-coal-mine-in-arunachal-pradesh-to-be-launched-on-monday-details-here-11759656168574.html
illegal crypto mining Arunachal Pradesh,Arunachal Pradesh's first commercial coal mine starts operations tomorrow - NewsBytes,https://news.google.com/rss/articles/CBMisAFBVV95cUxNN2tMVzZhV2dGdGNMam15TVVZWE9XWm9Ta1dUemprX1ZERExTb2tIaW9ST0FSWnktM0hhRDZqYVRmelZKX3N1dHFUNWlCMGFhRFFfWnh4dkhmOXRIRGRvSXl6UFdoTjlhWHNBTWowRTRyVHpRWE9mU21aeHoxQ2FGYUtwT29MT05sN05UT0c2UER1RXpNcDVVbW82RExqWU5oUldNTFk3ZGFFNS02X0w2Ug?oc=5,NewsBytes,"Sun, 05 Oct 2025 07:00:00 GMT",2026-06-14T20:00:50.969009,cryptojacking,True,False,candidate,https://www.newsbytesapp.com/news/business/arunachal-pradesh-to-start-commercial-coal-mining-on-october-6/story
online drug trafficking Arunachal Pradesh,"Focus on enforcement, strengthening infra to fight drug abuse: Arunachal Pradesh CM Pema Khandu - The New Indian Express",https://news.google.com/rss/articles/CBMi7gFBVV95cUxQVHRkWDhYWFhPYVBMRGlDSXp0dkFoVnRqZGt0TzNsNjczcWRQSk1JLWlCQVVFVmtEVWVWQlNPVHR5WlE4dGlZV1lfTlNmX1lwYmo5b1A5NHgtdXRwVnRlOVhJMzlSakplSkQwVFNWam9uSlVXcTZ0cl84dkN4RXgzVGJHaE51ZFRna0gwdHNPX1BZTEs0MnRGb2JVYzgweFN4VWw2QXhFMTd4Y0JLaDlpZGJhMFhwaHNiakFzdDBJVjlYVWc5M210WWthTUVSdnpxcnl5UzJ2Z2haX05OTEg1cFNZSVFRS2VheUNncDlB0gH7AUFVX3lxTE5sdGpUbjZTVXRzUDhzX0c0TlVFWnFsNjBSVjFVV21wQ0w3VTVNZDZldDFOMEx2emVVLVQ4U0RYcWwwWEZSLXVhcWlXSTEwMFJLVWJfQVFDcE8ycjlaOV93bUFnRFp2Vm1NXzZzQkVWZXBJN2hCZHZQenl4RTNkV1ZObm5YZUM2Q1Y4MEdZMTFBT1ZDX05pTFZuenFva0dDU0tkWlhzaDNZN3FNajcyS1hJenl2Y1VWM2I2UWZHb29IT3ludjB0T19NcnVwVi1Pbk5CN25LN2ZlS0J0YnhJMnplT0hVQ3dSdnBiNFZQMnRYNVpVaENGbGl3c19V?oc=5,The New Indian Express,"Tue, 05 Apr 2022 07:00:00 GMT",2026-06-14T20:00:57.032955,online_drug_trafficking,True,False,candidate,https://www.newindianexpress.com/india/2022/Apr/05/focus-on-enforcement-strengthening-infra-to-fight-drug-abuse-arunachal-pradesh-cm-pema-khandu-2438373.html
online drug trafficking Arunachal Pradesh,Arunachal Pradesh Governor stresses on effective law-and-order tackling in State - The Hindu,https://news.google.com/rss/articles/CBMi5wFBVV95cUxPZmFXdDNZdUxXRGtTc3U5YUlWNDFWTktzbmFiVy1Iay1mUm5uSTJUZ3RMVS1JOW1aS0I3SEY3eXdhVjJQd2puSUhEWnR4MXcwSU8tSzJOUnpISmtrS3FuaDFGcjFWaFhNTHljMVg1ZWpGbjNmTDctUHhFX0p6a3IxSnNKMm90Q1FrNm81VkZmeFNwUlFMZ3FXR3p3RTAtcWhfblVxWVktUVE4MDVFc05ESEJvSk9XRUhfUFdDS2JLZldTX2g1ZzlVbnBtamJ0R01wU0xWTjEwa05CcWdxZkcxNFAwdWNwYU3SAe4BQVVfeXFMUDdmTEFBVm9zUFU5Tk5lNGpDQXpJVnl4QTNJdFJTR1ZQdUlrR3F0OTFXZFFlMWdoeS1SdWhSZ2xDMHdZMkc1M3gtbTdMNVNWZGt5RUxmUVVpRzRXeHZoaUF0M0FPMGEzMmRqZjdwaUk0X3pUQmRYNjJLdmU0a2F5WjVpNWE4bUpIbXR3U1oxakpySXFKVkNBcVNUcVZBcjh0aFFPeTd1dTVXSUkwYlQzak5PLWxmcWR3bGp5OWtuaGFndGlxWWFDMklxSjhRRkk1cnZVVi0wenJzazUyS2FMX0JmRGdFSGJVdGdEWGtCQQ?oc=5,The Hindu,"Thu, 19 Oct 2023 07:00:00 GMT",2026-06-14T20:00:57.032977,online_drug_trafficking,True,False,candidate,https://www.thehindu.com/news/national/other-states/arunachal-pradesh-governor-stresses-on-effective-law-and-order-tackling-in-state/article67438068.ece
online drug trafficking Arunachal Pradesh,Arunachal Pradesh emerges as largest opium producer in country; raises security concerns - The Indian Express,https://news.google.com/rss/articles/CBMi2AFBVV95cUxONmJ5MnNiM3dFbWJDaFlhNHE1MENUN0t2QjRXODVib1RVZmZfdUJ3dUxvM0JacEdReThRR2F4VWFUUWtlMU13V0NMTm82TWtiV0dEemVaWjdXV2lFZmd1aXhJUGNaWVRtQWlpb1dPbFhYalViSl9CMWp5d0cxMnJVMVlkeVZOR0NOWmNKS1FlNUV0UDNuTWVUN3RRUVZDMnk4QVkzaWlOZVhJS3BYbmlBTXdYMUJ3aUtiLS1KTXpYa0RXR0ExdkFyZ3JHYjViekQ2T2JGMG02SU3SAd8BQVVfeXFMTlBHa3A2UklWc2dyT0hoNjA2V3RXR05fMTNzd00zVnNDcUlfYW1jNWhQZ2ZwdlVrc2ZQbWZBWVVFSmktZWxXTWJMcEF2WkVxbnAxNENScEZ3RW1TVy12RUZDNUNoRWlYdnR1Z3FVUHJqRXgzamx3NHdtY2FwV3EwaFVWb2tQSXRSLWs1VnJlakhGbkpIUkoxX2RhSGN1WkpLVkx0Q2N6Y3VxaFZVZm1tSjdGYlM2cXdVQ1lXRUdQQU1lWTNUR0tGdnc2aGJhUjhIaHhsTVFuaHMwU1VHSjN4Yw?oc=5,The Indian Express,"Sun, 10 May 2015 07:00:00 GMT",2026-06-14T20:00:57.033132,online_drug_trafficking,True,False,candidate,https://indianexpress.com/article/india/india-others/arunachal-pradesh-emerges-as-largest-opium-producer-in-country-raises-security-concerns/
online drug sale Arunachal Pradesh,Arunachal Pradesh bans sale of Coldrif cough syrup - The Economic Times,https://news.google.com/rss/articles/CBMitgFBVV95cUxOWWxSTEVZSEpsemY4eEhZV0k5VGlReHo0a19EZ2NNcmNPZVA3am9MbTJxRVdTSVY3U1VuSlI1SUc2RXBSWG0tWUFUUllOLTUxZm11OWVpek9zRHd4aGhsRTlHbTFOMWZ1azdDR3ZzOFJZci11TFFLTElrTnZjNk9fa0VCbFBScEEzM1N6OTg5RTdIblNjQ1J0OVNfcDk1NWROS0tBUngza3YydGdUQUdWMzBYQ29vQdIBuwFBVV95cUxOVWFKWVkzZ0NVV0pQV2c3THhPeXo4X3R6UDFKek1jY25aOWtiU0tVQUFWQWlvbDVjNDNrZ2lWUW9EN1NUTm90a3EwVnFackVva0gtMmp3UzY4MXU0SUdBU05tNzRSUC1OZUpJNzREMzFEV3FIU0hjVlg5Z2JaQmlGWXdSeVVJX1R6VGxHNGZUX1Z2QjBlNnd3bFlQOEZpVHhDeGMtd0RrelpHaExDVnRsTVJmcTVRR3pOSEt3?oc=5,The Economic Times,"Wed, 08 Oct 2025 07:00:00 GMT",2026-06-14T20:01:08.668381,online_drug_trafficking,True,False,candidate,https://economictimes.indiatimes.com/news/india/arunachal-pradesh-bans-sale-of-coldrif-cough-syrup/articleshow/124379609.cms?from=mdr
narcotics online Arunachal Pradesh,Between tradition and trafficking: opium in Arunachal Pradesh | - Dialogue Earth,https://news.google.com/rss/articles/CBMifEFVX3lxTE9YNUFZaU1zNXgyQ09RQkwtcVFUMl9CNWIweWZvOHFxY2piZmVqNmFWbFQ0Q1RNbWdTXzNWUnVyR1had3p5S1lyZ2tTMnhGNkphbHp6QzVzcU1pTUtUSjB6emNaLXpjSjlPQ2NEVDZaMVJsakJUQURBZkdQN0g?oc=5,Dialogue Earth,"Wed, 08 May 2019 07:00:00 GMT",2026-06-14T20:01:12.554185,online_drug_trafficking,True,False,candidate,https://dialogue.earth/en/nature/trafficking-opium-in-arunachal-pradesh/
narcotics online Arunachal Pradesh,"After boycott threat, Ziro Music Festival begins in Arunachal Pradesh - The Hindu",https://news.google.com/rss/articles/CBMi1wFBVV95cUxNVHZmX1o5TzRiTjVWVW1qQVNiTU5mSjZzOG5TM3VFcWZqMTBpVEJFVW1wdVpkS0Q5NU5BYkN2UmNhRnY4SnZaT2ZIZWlRUkE1TlhKbFlEdERnZXk1MWlaRmJ6MnBnXzJqNXN5cXhkZnNnVlgtWC1KVlNrNXNldzdEQjhGRG05a2t0ckVmVmNjZEJFdUVpTV9VcE5lWVNHRmVvbFAtTFh0SlZTUHdtZ3AyWmQ1THRmdmVYaE54MUhxV0FIc1JScHV1V0MwUlpqQVBLMDFwNFlfb9IB3gFBVV95cUxNTDZBa050Z296RzlnbUJmU2lWc09jd3RyOV9udElQVFVzTWF4UWlzWFE5SFdKTHJycnptMklnVkZ2ZFVYVjVQWWd1TnMxdEtOY05QcHlNVFRoQ202bmt1cW5VOG53R3hNTzZTQk1XYUZyUXo5RVFqRU1ZQV9MeENyMFFjNEoyc0E2dUloWTMwSjZRZlNYYjl1aUk4ZzdQT3MxS2tqcldlTVlxNUVucDAyZ1dfdks0X1htMjlSc2xnZkdoQkZMWjlkMlZYTXNhQUMwSzNmMUxDOURSN0NRMlE?oc=5,The Hindu,"Fri, 29 Sep 2023 07:00:00 GMT",2026-06-14T20:01:12.554236,online_drug_trafficking,True,False,candidate,https://www.thehindu.com/news/national/other-states/after-boycott-threat-ziro-music-festival-begins-in-arunachal-pradesh/article67357475.ece
narcotics online Arunachal Pradesh,CM Khandu launches 6 new online services in Arunachal Pradesh - The Assam Tribune,https://news.google.com/rss/articles/CBMiqAFBVV95cUxPMlFJMk04dlFGUkNqemU4OWI1WDNLTjh3eVpzZVpZcXljb0dfVjVHaWFtal90R0gzRkdIb0xYcE50YzhrTTJFZzFpVXNHSWxhS3N2SC1ZUHlMeXVxcm9fS0xQVjFnVWdHdEZnczNNalVZdlVURHRObWR4T0c1cFRJeG45Z3FLUVMtTWI4aU9hb3B3MU9RT25OVm1EY2d3UVRvSlFSODNlSUHSAa4BQVVfeXFMT2NlNTY3MVlUXzlIdWE5LWdUR2gzSDllQzI3RHc3VWl2amVEenRhd3hOdWc2WS1EQWtxbGRRMmZJTXYxOUJsaFFYVEdXaHNtamdlbEhGZmJ2X1NmVk1TY2FBd2hXNWNzN1dDZGZVTFNzWU95NUIzWHByMWdIQ1FlN2VzdmZrX25lc09LMWQ4c1BGTU5Na0tXdWFvOThzbmI3dC1JaGRlRi1wOVJGWHd3?oc=5,The Assam Tribune,"Thu, 04 May 2023 07:00:00 GMT",2026-06-14T20:01:12.554274,online_drug_trafficking,True,False,candidate,https://assamtribune.com/north-east/cm-khandu-launches-6-new-online-services-in-arunachal-pradesh-1474849
debit card fraud Arunachal Pradesh,Arunachal Pradesh APSSB Combined Higher Secondary Level Exam Admit Cards OUT; Check Steps To Download - Free Press Journal,https://news.google.com/rss/articles/CBMi2gFBVV95cUxPa3ppWlp5NlhHeVduUDhoYlcxcWdoampmd3JQZGVoQ3hTbllHZFlBQTJVVlpiZUhXZmVidldkV0ZvcVJsYl82LWM5Mnc4Nm1rdnEwbjFxQ3l3NnFFTU55Vnhkd1pDS3JuWmZqX0J1OGdpZTlZdVFCTDQ2aTBzS3lVajRjNFdxQXlUOS1fUU96N2ItVTNGbTE2MDlHZGYyN29ETVR4MVBIVXFMTnFnakpkUFR5T2ExQlB2OHBtYW5ybTc4MWptM1o3VFhseDNJM1ZjaGdvUkRsUkNrQdIB3wFBVV95cUxPVlVVM0JEVlRTbmprdHBpSERRMWFfanVVWTU0Yy1zLXJkR2g0aE1ONGlSTHR5Mms1c3hSWWVBUlNkSDJzeWtiVDBTZlFJWDgxem1TZDRnOUlYbjhpbTd5SjVlWHp2c2ViNDBpOW9mNTByQVJrbzZab08tSkFCRGRTX2trbnBnNHRCb0NKbGNBV0c4em5rVkpnRnFYMWVFeHpGcXFhTkx4VkZveFVfZEYyUXE5ck0xTHN0aGJqR2FLaEx3ak1OVk9tcVZBMXIxVUZVd3R4a2RhU0ZCRVJtWTBJ?oc=5,Free Press Journal,"Mon, 16 Sep 2024 07:00:00 GMT",2026-06-14T20:01:16.757190,debit_credit_card_fraud,True,False,candidate,https://www.freepressjournal.in/education/arunachal-pradesh-apssb-combined-higher-secondary-level-exam-admit-cards-out-check-steps-to-download
atm fraud Arunachal Pradesh,Indian Army’s Gajraj Corps Celebrates 57th Raising Day in Tezpur - India Today NE,https://news.google.com/rss/articles/CBMiugFBVV95cUxQNFp0bHdhejhTeWpwTFdNRm9zN3lmSVNzNXlsLWZDTjgtckNBZUFkOHRmSEtKS2kxWG1NdU45ZFpLN0Z0Y3FwWkdFQWlSU05lbHp5MG1DMTUxYTJjWE9iOTZhZ2ZSa2FIMVNkMExVSkpNemtWaTIyZVpEVHVTY3h1WnM3Si15RG9vS1ozQnNXTkR1QVd1cV9KVmdHOXZsMDludzVGa3hUMHVmc1U5VWUwbnh6MGRWOVpnWXfSAb8BQVVfeXFMTjlOZ3lDLXg1X0V4QS1VYVlUazRsN0hiYnRCcGtBZzBlSlFFOTAtVTFvMndUZkNQTWxreWRjb1Y3dVgwM2loVkxXS3Npa0pJMzFEVnhQX0dJVVoxbmc0VG9KTmVkbkdZZk9uQ09sUG1IeGRuV0phYWVqMTgwM3dCV25MNHFMMkdQYVRiLTAxckpBc3V5aFlWTmpDVFJTMVRyRGtpMDJOMjM0bGtzZmItQTRkcHJDUzlWZ0tVeXZ1UUE?oc=5,India Today NE,"Sat, 05 Oct 2019 07:00:00 GMT",2026-06-14T20:01:20.370207,debit_credit_card_fraud,True,False,candidate,https://www.indiatodayne.in/assam/story/indian-armys-gajraj-corps-celebrates-57th-raising-day-tezpur-410191-2019-10-05
atm fraud Arunachal Pradesh,"Arunachal Pradesh: Assam man arrested on charges of fraud, cheque forgery of Rs 35 lakh - The Sentinel - of this Land, for its People",https://news.google.com/rss/articles/CBMi5wFBVV95cUxNX19HV3FvcFFqd3BONTBoOHlSb2JTcTdDM0p4MVpldXN5UjdaSzg2UU1vaE5MVm5XdTlMYnM0Z05FZjB5Y083YUc1aHZUT21GWEVJZHp5LThVdTNpZ3VpQjhiRE5Vd24ydDAtNERXUG5JN1diaG1KOEZNamlxc29wS3dQLTdOcXlLZERUZ2RLaVZoZWtrTDYwLU42RDd0QzRRZzZUTFNXdGtNM3RNZDJRTGl0ckhZOENlUHc2dE1pZ3B6bHRGM0V0UkF6ZF9vUGljWjFOdVM3QmVyaFNTbG5RWk1fUFpqMUHSAfQBQVVfeXFMT08wQy01UkVYYUxTVUVpV3E2bHBiV0pKeEZZRzY0V3U4ZUZZWFFEaVJDVzIta3doN1N4XzlfNnVRblI0eTFIUVEyZ0VsTjY4LXJwMGRMcTN1Q3VMWkhVWjNGUFV1MmI4dm0xUTN0d3Q4d0xFOVIyemt2VVpwRVJQT196MjNPMG5xN2hMa1A1MlVlaEJ6M3ZEZEg3Y2xGMWRsUm53V3hXNjcwbjNZbDF5ZHY1Q1Z6dExWd0NTVUFDUDdLXzAzXzlRNXBEUFZPOXNqeUFiYVBFYXlqX3BiTXRQUk9jMlc5eXAta2xWdnF1dEtDdjdXUQ?oc=5,"The Sentinel - of this Land, for its People","Tue, 21 May 2024 07:00:00 GMT",2026-06-14T20:01:20.370307,debit_credit_card_fraud,True,False,candidate,https://www.sentinelassam.com/north-east-india-news/arunachal-news/arunachal-pradesh-assam-man-arrested-on-charges-of-fraud-cheque-forgery-of-rs-35-lakh
stolen card Arunachal Pradesh,100- Meter Steel Arch Bridge Inaugurated In Arunachal Pradesh - Guwahati Plus News,https://news.google.com/rss/articles/CBMimwFBVV95cUxPY3dSRFZVVjJmcFExYXFwOGZBMjB2TzZoS1hHMmVzbklIZ2g5RW9HSnRLRHR1cU1VenNxNWc0bkxqUk9RNlhKTzJyXzJjVFdEM1E4R1BHV1JfYWlfVFJsczN6WllHeDVpd21PQXd1NklIbkZwYlVRSDcyOExzM211Uk9zY3FUS09VMXh2U1FYSUVHQkRaOGloOGJpVQ?oc=5,Guwahati Plus News,"Tue, 03 Jan 2023 08:00:00 GMT",2026-06-14T20:01:25.796953,debit_credit_card_fraud,True,False,candidate,https://guwahatiplus.com/northeast/100-meter-steel-arch-bridge-inaugurated-in-arunachal-pradesh
atm card fraud Arunachal Pradesh,Arunachal: Inter-State ATM Gang Busted in Aalo - Arunachal24,https://news.google.com/rss/articles/CBMieEFVX3lxTFBRYm5BU1BjbDNELTVxSXJidEl0YnR6V2FhU1dMUWJZYWVqTkx3cU5wWkV2NERUazNXRlhCTnhNNU5rT09XTko2ZXY2VzdmbWFDWmpwYjlNeXJwT210MkQ2cnFXdXluYW9PejlxWjZJQmgwUE9zN083Mw?oc=5,Arunachal24,"Wed, 24 Dec 2025 08:00:00 GMT",2026-06-14T20:01:34.815312,debit_credit_card_fraud,True,False,candidate,https://arunachal24.in/arunachal-inter-state-atm-gang-busted-in-aalo/
atm card fraud Arunachal Pradesh,Demonetisation: Suicide of a bank manager in Arunachal Pradesh raises suspicion of illegal transactions - Firstpost,https://news.google.com/rss/articles/CBMi4AFBVV95cUxNU1otZlFPMXZDWWtUN3BGbllUYmxoa2xiUWV0dFBtalBwbUpoQkFaemRwVEV1dUJhOW5kUFAyeGJNeGViMTNCXzFMeFRaRlRTdlFvZzdFa3lwRW9ncmJBX0tFVGxlQVJCRkwtb21xTHlhWjlwdjNLMkN1dTNKTkdVWUFuWG5FeUhvTWlOUzBpdVE3RFZObzFYVllHSE1UUUxXTDRaZEV2cjhfcmRQeXV1bVZwQnpfWU1jZEpFU1RGZ2QzSXZyeUpFV0VHWGdBWjhoOUhPUlQ5Yl9UbDFuOFZXadIB5gFBVV95cUxQMENNUlVyR0NRRWRqY1B5RlRySjh4ZmV4TDBfcG4teElod3BhSEpFMEN5eHh3RUZXeEtZV1YyRjhiRjI0RXVPOHNBeS1HNVJiYWVPd1R0VWtMTXpSQXBEN2NmV1BmX292dTJwNjkyM3oxajQzalE0UkMyU2lMa1VDa01SN0FaOEFWX19ZUDNPcnBMSkF3QXVvRkluRVdpUHY3Ykd4LTg4a1RDRjIxQ3ctMXBHQUktV1Z1aDU1cWgxNzJqSUJGb2kyT2xKRktkOEhjaXdFRlBwV2p3NWFnZkxwV00wNTZldw?oc=5,Firstpost,"Tue, 27 Dec 2016 08:00:00 GMT",2026-06-14T20:01:34.815634,debit_credit_card_fraud,True,False,candidate,https://www.firstpost.com/india/demonetisation-suicide-of-a-bank-manager-in-arunachal-pradesh-raises-suspicion-of-illegal-transactions-3176346.html
fake survey Arunachal Pradesh,"Arunachal: Pasighat police seize 37 counterfeit HP cartridges, shop owner arrested - India Today NE",https://news.google.com/rss/articles/CBMi5gFBVV95cUxOREF3SnUxQXBPQlk0cF9zdGtkaWVrMGRVQW82X09tdXFQMG1FV2NPSGE3aWJON1lpcHdkVGQtYkpzcnFiUEx2cDlWWm9wN0swN2U5TU9qalRSSWhfdW9oajZqYnlhTUFkWWR1U1c5Uklpblc5WUVycVNwOGNoREJQUk14czlQN2dfSFlUWVlBdmlrYWZZNFhUSUlYRF9adDZxRXBUc1ZwWFVqNWJhRFhJWDFPZk5ZeHV6Nm1RcFI0ZXJ0SUt5OWpyQkRFVUpieVhoN205VWZVbFNKUDg2WndrYWNLWUZoQdIB6wFBVV95cUxObmZEb1NRMldnWW00RmN0SE0zalYwOFZNelFtQ2FLVWVILTV4VFMzOTVtUDE4Ukl3TE9WT0dUMTAzc1JfdGdyOXFTR3pSaE5DWDA1ME9DTXl2M2VKZWpiYm1ySlZ1bC1hNjkxTEJLdXhaN2ttR0JoclY0SG1HeVhLeGJ6dGVLZnFRcFJ2YU8yTjZnU2ZQUVlGNzVTVG85dXk5MXl3TVk1WjBDWlcxU1ZvNDZnVDNJbWxOcEo0SGEwS3FKTlEzRTBRRkVVS2dOdTVFMGR2bGFSY1oxOHV1TjJyVEJ6NnBoZkZrN3FF?oc=5,India Today NE,"Fri, 22 Aug 2025 07:00:00 GMT",2026-06-14T20:01:38.615522,online_survey_fraud,True,False,candidate,https://www.indiatodayne.in/arunachal-pradesh/story/arunachal-pasighat-police-seize-37-counterfeit-hp-cartridges-shop-owner-arrested-1265612-2025-08-22
fake survey Arunachal Pradesh,Arunachal Pradesh records first-ever photographic evidence of the elusive Pallas’s cat - The Times of India,https://news.google.com/rss/articles/CBMi6AFBVV95cUxNTkd0QnpzNHBlZXBqNG9WMTl0QTU2RHd1Qk54ZDc3eEQ1SDdQcUU5cldOalMyM0hxQi1WT1g2bzNHazBqWXo3VlgxRHBILXpWNXRYaTFudXVjaUJLQXE2OGJvQ1o2YTRpRG1VVU8xR0lQWnpDZFAzN0pybE1BOEVkTjFjOUFHUzFnVVMydGpFZWZMaTlLZ2Zrak9FOWlkaG5Za29zSjFSNkhxbmktTjZxLVQ4dlR5NEh3TlU2UEtXb3FQeGZzeHZwSDNaY1FGMldmUnl4RjBDSzYyaVViTFdUUXpZZmdFbzFq0gHuAUFVX3lxTE9hQUxyQVR2djJxVzNqYldsaU5VWUNkSEhvMzhMV1ZqOFZMbFNod3RFMGE4Z2hNS2dTLXY0R0gwdnpWWHV0QmJvbldVUS1FbzVfa2x5ZzVXckNnM3NrN1JkMnJIOERIXzNWVHVtNDVQcXlLZ1ZXU2Q4SW8yUlJXUFNQc1ZsNTBydUlsNnh1VkhjcGxYdnlta0hEaXNwYlJrUW9YNTV5T1hxMWxJdUpmenpBZkVRbDkwUDBvdXRsNU1CX21Fejc2bllHdkFUWlNlWG0xSEtwSnM0YjF4TFhNU1R0NTQzM1BDaWVSNFN1VWc?oc=5,The Times of India,"Mon, 08 Sep 2025 07:00:00 GMT",2026-06-14T20:01:38.615603,online_survey_fraud,True,False,candidate,https://timesofindia.indiatimes.com/india/arunachal-pradesh-records-first-ever-photographic-evidence-of-the-elusive-pallass-cat/articleshow/123768256.cms
fake survey Arunachal Pradesh,ZSI scientists discover new macaque species in West & Central Arunachal Pradesh - ETV Bharat,https://news.google.com/rss/articles/CBMi8wFBVV95cUxQZVVhUXFiQWV0RFJQU0ZZUjFRMEhwN3JVUGwxam1lUGdDbWVWTUluUkRFU0JXVlZfc2dENFpJRzgzVWo3OGF6OWZqTDZHVEMxQmpsSkk4TERzNE9xZFVfWnNZU1g3THNRTXBtRklLaDVBZWo3UElNdzd4c0RpNUJEMFNPbVVGOVZibWxqTE0tR3diRDYtOGxGdkVyOFR4dHZpTHpHWlNxemRBZ25yU05YdmdMNnNwa1VNNllfcnhjMm5wQUVfd0JBQmppbEFRenNDU3luZzhDTnhBcll5OTY4b0JkQW9DSWpXNXU2eUJZWXZOWDTSAfgBQVVfeXFMTTRxMlJhbWJ2djBEUWdlUHVYdXZMcFltRDk4OGVZM0hPekNXTzNWLXhmaU4xbGx3VFZUYmF1VlZlcmFmdE1ndTVLbXlvRFl4UFA2NjZBQm1hdU4taXdhcEpPTGtzVHN3a2x0alBIQ1daRmkyeHRtaGsxTXlSZDFMM0hzMG96UEtuME5uSEpmNWU0N0pwb1Bhc0lpUlJXYndLZmRIeV9KSVQxaXg3RHBBNHl6XzMtWDREeWZCaS1ieldFTFFWdGhDbTNkdjV0ZmFUbUhDenB5V2JzWUVVdTJCZFQ4QlUxaWJyVEkxbmhldjE1aDJkUEVXdkQ?oc=5,ETV Bharat,"Sat, 28 May 2022 07:00:00 GMT",2026-06-14T20:01:38.615703,online_survey_fraud,True,False,candidate,https://www.etvbharat.com/english/state/west-bengal/zsi-scientists-discover-new-macaque-species-from-west-and-central-arunachal-pradesh/na20220528124949110110589
survey scam Arunachal Pradesh,Rare Dragonfly Species Rediscovered in Arunachal Pradesh After More Than 100 Years - Guwahati Plus News,https://news.google.com/rss/articles/CBMiuAFBVV95cUxPekt5YVBPNWNCV2ZpRzJSNjhBLXlGWTM0WlBNdzRkSDc2dVM3YmlhS3F3YS1TcWN3NTNoU3lzRTlUZF9kZXYtckZKbkdlWmtGalFfUTVwV1N0czYzTWx6WW92WXVSUlNPSnp3Tm1QbnJJUWd4N2ZyZ05GbTFLLXRwRVpTYUR1WW9mdFNlcGIxakRHS0FFNkpEUmRNVmxmdHB2RHA0M1dnenVDcWlXa0hWbTR4bEwxaW9E?oc=5,Guwahati Plus News,"Fri, 29 May 2026 07:00:00 GMT",2026-06-14T20:01:40.268440,online_survey_fraud,True,False,candidate,https://guwahatiplus.com/northeast/rare-dragonfly-species-rediscovered-in-arunachal-pradesh-after-more-than-100-years
survey scam Arunachal Pradesh,Arunachal: Itanagar hosts Van Mahotsav with 'Ek Paudha Maa ke Naam' theme - India Today NE,https://news.google.com/rss/articles/CBMi2AFBVV95cUxPMnptQklnRjlXZ1JzNmNhbkR6TU1zRENOZVZyelhIM2RhS1NmaDloZ1lfYTJZQkZLcWd4S1k2SFQyNnk0aEYyRWVBdVBNM3NUWk5JX3Y3NHBTcnN2RUxSWWF5MXRUSVBZUUVzT2dOaXYzT0hnUXYxZHpUZ0lSb25Oc1BZRG5BX3JUZnFBdXl3M0hpck5fRm5TQWpmLWd5VzlXWU5XNkFVZGZmUWJ1VzZsQ3JJUUxuaW1sSGRyT19vdXZpckdzWDBKRnc0bFo1b0FPa1ljLTdjQ1PSAd4BQVVfeXFMTlpGcWFmSkpXV2pzdzZBalZiUi1zd3AtMkFaZkVYMlF6WVRJc1FWOVlzNVJoQlFGd19qY1ZHZktOXzNZTFBTa1JIeHZUUXBTTEJ6Y2hndHBUVnpyRnJxb0RzNjkwZWMtcGtjT2NfQUh2dnZnN04xMVRBMXp6RGVWbkVmd3JrV2tRaE8zSHFIYlZ6MUNfQmFFRXVuam9iNDUwN05GTVNscEYyempvWGJUTlllMDFYNjl0TUtkRVVVYmhsTmFrSUZCcC1IMkdRNzZwNzVBaDh4cndOeXFSemtB?oc=5,India Today NE,"Wed, 03 Jul 2024 07:00:00 GMT",2026-06-14T20:01:40.268674,online_survey_fraud,True,False,candidate,https://www.indiatodayne.in/arunachal-pradesh/story/arunachal-itanagar-hosts-van-mahotsav-with-ek-paudha-maa-ke-naam-theme-1041541-2024-07-03
fake shopping site Arunachal Pradesh,Itanagar police busts counterfeit cleaning product racket in city markets - India Today NE,https://news.google.com/rss/articles/CBMi1gFBVV95cUxQeUdZc2NKaVVRTDA5aEtJR3dmQnRsbDNGWEtfOVlLWjVRX3lYeWt1ek5WN3Zmdm8wU3l5eF9xVGl4dWdpZlNsblh5STRzMUlhXzlCRmhuWGVvdlAtR1BpOTljeDVGQzVIc0JidWV5UmgwbjdWWGdqdXlVMi1YdFZUOF9xdXZlSmNQbGNMSjRwc0VfMlRvc1NKOERteW01eWI5dHVLSHp5c0I0eldCQnE5dmZjei1yLTVsNENpcmQ3aVBscWJMLVZ3Q2lzeDF6Q3BhY0tQa3V30gHbAUFVX3lxTFBGTWtfUnd2TXVQUmFXcFU1QzdwdUE2OEJEc3M5eGhGang4SlJVT3ZPVXhBMVRXaUNOVUtnaVBFS3FZdG04U1RVYjMtQ0dCUWtWSkJjLWhCd1BwLWJXdnZHR1FqLWRXWG5OZTFNd1IxWFFERDJCeXpPdXYtcEEtRGNMNTU2ZWhMdkFCek4zRTYwLVQxSkQxVkVHdWtkV0EzRktuNFluS05mMEZmNEVhckJ0NVZmaGxCVEJVS3VDZzRlQXhRa0s4NGllMkc4OS1ZbVc5dlVuNDhDTXFaOA?oc=5,India Today NE,"Sun, 27 Jul 2025 07:00:00 GMT",2026-06-14T20:02:00.876294,cloned_websites,True,False,candidate,https://www.indiatodayne.in/arunachal-pradesh/story/itanagar-police-seize-counterfeit-harpic-toilet-cleaner-market-raids-1251171-2025-07-27
fraudulent website Arunachal Pradesh,Ram Madhav writes: India must be alert to China’s cartographic deception in Arunachal Pradesh - The Indian Express,https://news.google.com/rss/articles/CBMi5AFBVV95cUxPeTZoWFhtcThwZ09ZREFXUERwNDNPMkYyb0Y0eUYydlZfZUJ5YU9OYWVvMTUybDdLaGtrMDZMVnBlNjVZT0M1bVFmUkU3ajlid0FOYjJERGQwSVVDZ2paVXFGSkxLQzlxVmRvcGFzQ3g5LWdkTTdnaDVxRDB3dGJnWTQyazFGOHc2Sk1OdlRUTDh5QkxTTE14OWc4VmhnWlU0dlE0T1oxWnNEUjUybURySEdvcEFnMWMxcTd6VHYtUExhaWpqZnRSUUJkUDQxc0NCSE92amI4cFA3OHNsTG9oSU1aUkzSAesBQVVfeXFMTkdRd3ZScHA2QXNSdmZyZ3VBd1h5bnNGRV8xTFlmU000OW10M1gwZ0VxZjk3YzN1NGdoSGpXRTlNd19rRVROenpxNXdDMERaN3RvWnRUQTJtSUhVbFFSQTJhR2FrNmtJYV9iSHhUb3JqX09RdW5tZzh1b1VkdGc2NDRiR3J1azhYeWUzM2VpVnVBRXJUUG5pMzhnelVURDBHZk9TcjZnck5GOEd6OGk3VWItWUhBUDFuRlJkZGVHY2taTXpZTmtBVlFGWE1IU09CVUI2VDRtQTRhaUdlcnFOVVpUeGxJMVlHMEw4VQ?oc=5,The Indian Express,"Sat, 08 Apr 2023 07:00:00 GMT",2026-06-14T20:02:03.033597,cloned_websites,True,False,candidate,https://indianexpress.com/article/opinion/columns/ram-madhav-writes-india-must-be-alert-to-chinas-cartographic-deception-in-arunachal-pradesh-8544736/
unauthorized bank transfer Arunachal Pradesh,"ED recovers incriminating documents/immovable property related documents from residential premises of Ex-DC & JE, PWD & ors in raids in Itanagar - Cross Town News",https://news.google.com/rss/articles/CBMiggJBVV95cUxPTjNnNDlpbzNfWi1aeXNYUXJaaS14VWFVWXE1WnBjQ3VYRUptMFdzNTJpSGNHZjNvZXhERzlJSkRoYnN1aEUzY2F6YXRRbEllTFdsWlAzQzNENklCb2FXeUtxaUJnQnJic3VrdGpVNVBBUFEzUWRuZl9wTWZJblFWUWtVaDdNSHhnLXVTNUZMWFJxd2VDSWJOMEMxVEk2cWpWSzVvbF9fSi1WRXVaakRlQlpDNEtCY1Z4ZGZyX1ZwMi13eDloZDNqNnpDbWhuX2FqblVnUVlER0c1V1R0TS04NmNxM0FNbFQxeUlpam1Fa01ROGNYRjh2S09lTGphWE5IdlE?oc=5,Cross Town News,"Tue, 10 Feb 2026 07:25:03 GMT",2026-06-14T20:02:10.194732,automatic_transfer_system,True,False,candidate,https://www.crosstownnews.in/post/153045/ed-recovers-incriminating-documentsimmovable-property-related-documents-from-residential-premises-of-ex-dc-je-pwd-ors-in-raids.html
child pornography Arunachal Pradesh,State of despair: How child labour and sexual abuse are becoming endemic to Arunachal Pradesh - Scroll.in,https://news.google.com/rss/articles/CBMiwwFBVV95cUxOVTY3UG1vNXowdjhCYlNMNEZXX21Va0dKcEJyYmFLdXRlZXotdmotVTAwQnZEal9tTVQwa2tQSXVkQmg0VjdTNFhqRE5Pd1dfUFdIN1NKY0RxVHgyeFBGSHkyeXN4OEFBV3NlZjJkRWdTYTQ0R2ZMeVp2c1hJRGlBeEdJeGlWY1d2eW9mVzVfdWF4S0ZqSTJYbmNKc1o0Z2VnSl9YQ2tGZmllUF9INUx2SkV3WXpRcjB1dkdBcDJPekNBTUnSAcgBQVVfeXFMTlh4TmllVTAyN1kwLUp0bVZnV21tMlAxU3Y5WGw0alR3bFM0WWFsU1ZmdGlVdlVnNEw1Y3ZkU2QwUWtwc1JmQ1lXS2ZSY05PNzhLbF82TFJYamNCOFhDb2ZiQjJsdkRSc0xHOVlIdVN6MEVlenhJMy1NRWpwV1B1Y2x1bE1qMENxNzEwNzgwY1NYYnM3WndGMy1qd3hocjY3RE5TcWdGdGtUTm5HWjRhZ1hXSE9MUm1vajEwQU1XMlRxQmZBSjdoaGw?oc=5,Scroll.in,"Thu, 23 Nov 2017 08:00:00 GMT",2026-06-14T20:02:28.610624,child_exploitation,True,False,candidate,https://scroll.in/article/858125/state-of-despair-how-child-labour-and-sexual-abuse-are-becoming-endemic-to-arunachal-pradesh
child pornography Arunachal Pradesh,"Viral Video: Little Boy’s School Escape in Arunachal Pradesh Goes Viral, Showcasing Teachers’ Dedication - Arunachal24",https://news.google.com/rss/articles/CBMiwgFBVV95cUxQenkzV0pzeWZjcG9RRjYxeFV6WFY0akExVW1SdUhNWmVIb2lzdXBScjRvLThQNTNsX0JlcDRhTGJfRzJDaEozT1BZNHlYTFlFTEloNHdzSFlwbGRsZDhoX0dqd2pMNWJqNlJ6TmpQWVNuS0h0bjFmRWxJenNaRUIycWhtNEpKWUV6MEFHQUlacXlEVVNyRF9zZk1wMFNTWTRUSDM0V1c4eHFoYmpUNU9yb0dhcFE3SkVWdE8tSzN4Wmwwdw?oc=5,Arunachal24,"Mon, 30 Jun 2025 07:00:00 GMT",2026-06-14T20:02:28.610698,child_exploitation,True,False,candidate,https://arunachal24.in/viral-video-little-boys-school-escape-in-arunachal-pradesh-goes-viral-showcasing-teachers-dedication/
child pornography Arunachal Pradesh,Arunachal Pradesh: Kho Shi Pai Brings Lisu Community’s Heritage and Hardships into Focus - Frontline Magazine,https://news.google.com/rss/articles/CBMi5AFBVV95cUxPUjRkSDVPRDhRdkY2bUtkMEkweTRUbHhSdEE4NmZ5VndHM1JuNG0zVWVwSldTLUt6R3Jfcjd6WGpTWXRiZW5jT3NJQ0hQanhkU1JHa2RLak40QXpvWjRINEJmaG1KUU1JRW83SlkwVHQxODgwZ05UR0hUSk1EOUtsbVJpQ2h5a1Q1TmJ1RjBSVkpxSXhhNm5fZFQzeTRiX0M4RENCUzc0Mksta2V2a2xFSmxNLV90M016bVpuNGNqbS1ETnpVQXV5WC1ySTBYNnZsMktkaXBfMHdLM0ZsbGxEeE5uZTHSAesBQVVfeXFMTmhEd3hoZU13WlpOR1NCZ0FyTFhwblhGRWxPczQzQzFOVmIzU2ZBQ0pMUmUzS3N0SEZVV3VCUzE2NjM2ZDRwR01KdHMyeDJ1aVNqZE0zNzRNdjhwVzNnLUNmclNnTFRKdmF6RVFKSjJxY1ZZT0tEWjJ2aW1CUXlxZTg3RFYzbVNtM2dWVWVDQzJPNURVTnNuQkViVTRZV2EwbE9IclduZ2NQblNWYUtnQ3V3c1FFajJfNVhoUEw2bHdDTjdWbWRXWlVpLThXTnNvM1hnd2tROFlRSERHaWdNN241R0dwc2VEc2JoQQ?oc=5,Frontline Magazine,"Mon, 17 Mar 2025 07:00:00 GMT",2026-06-14T20:02:28.610766,child_exploitation,True,False,candidate,https://frontline.thehindu.com/the-nation/arunachal-pradesh-lisu-tribe-kho-shi-pai-festival-yobin-community-tribal-history-culture/article69339933.ece
child pornography Arunachal Pradesh,Defence Minister Rajnath Singh inaugurates 18 BRO projects in Arunachal Pradesh - Arunachal24,https://news.google.com/rss/articles/CBMipgFBVV95cUxQMU5WS2lJZ291ZTRUWEdyaEMyMEdFMXJNR0ZaLXNRVFNpTXV0bHVYcm5BbEhJWF9Zdk83dlJmQmFFcEYxQjhQOGtQeEdhN2Q2Tmd6WkxYMDZhaXd3TW1Ld211ZENNUkhzU3FCSmEwUVhmUldVX3EwWE9xZHN4bi1LV2s3YzEyMlozLXNFRzVXUU9hX2RrTm02MWhfVEtxTkZYczZ3UmZR?oc=5,Arunachal24,"Sat, 12 Oct 2024 07:00:00 GMT",2026-06-14T20:02:28.610796,child_exploitation,True,False,candidate,https://arunachal24.in/defence-minister-rajnath-singh-inaugurates-18-bro-projects-in-arunachal-pradesh/
child pornography Arunachal Pradesh,The Little Hamlet in Arunachal Pradesh That Hosted a Most Genre-Bending Music Festival - Rolling Stone India,https://news.google.com/rss/articles/CBMiuAFBVV95cUxQaUI3UF9SOV9rX3o5WnRPQklrOF9MN01fQ0xCUnlaWFdtVWh0UTdkY3NaNXQ3UVBxVm55T2ltSlNGZGV0elZlRDZpdVk4M1IyeGFwMmZ5WHdzQ1pOWEdiZFFOMEc3YW1oS0RDdHNWbENMZDJDZFJSWHBoNkVmUW5ab1VpRklnSUNfVUsxT0p5cHM1YVQzMDN3RFc2ODVtd25ia19hS25MWG9CMWRCa1BUVklkaTEtdGho0gG-AUFVX3lxTE00dXF4NjBSN0xGNXk0U09SVUhCUV96bkNpR2VDcG92VVZPeHpXa3FWenc4aUl3Tml6c2loTmU3dXRSbEIwbE1KdDRqNFJGeE1kcGRidUp4VUxDd1A0YjEzRE1va29mSERFU3otNkJWWmgzdUp6UDkzLVA3bzJLSHpFRkVqRElJZE5STFY0N1dwSll5VXFORnhZUko5c0o4eGxsVjB1c1Bwb2xUQUtveV96TXJzalVQWVlPUzhaZUE?oc=5,Rolling Stone India,"Sun, 03 Jan 2016 08:00:00 GMT",2026-06-14T20:02:28.610958,child_exploitation,True,False,candidate,https://rollingstoneindia.com/the-little-hamlet-in-arunachal-pradesh-that-hosted-a-most-genre-bending-music-festival/
child sexual abuse material Arunachal Pradesh,Arunachal Pradesh: Gauhati HC takes suo moto of sexual abuse of 21 students aged 6 to 12 years - PGurus,https://news.google.com/rss/articles/CBMiuAFBVV95cUxQbjZUM2xTa21mT0VLQTNPempRaElackp3b3NfTXl4TEdWeUM2VkpEUW1DSElyb0VRVGRhdzdKajVMTUV3MnNXUnRMTWF5V3NiMHJNLUJlRW5kOWpOcDlUaExURFVUUWFqUUZtZUlPNTdsUmg2S1ZGVk9FYUk5VHZaM3dNd3VMYUg2ZWxZcXNCTWs1eW14Q3ZOV2VmWGpQVkw4QmNkdDBwLWQwMElsQ0xSSTVRYVFnTHpr?oc=5,PGurus,"Sat, 22 Jul 2023 07:00:00 GMT",2026-06-14T20:02:32.597910,child_exploitation,True,False,candidate,https://www.pgurus.com/arunachal-pradesh-gauhati-hc-takes-suo-moto-of-sexual-abuse-of-21-students-aged-6-to-12-years/
child exploitation online Arunachal Pradesh,7-year-old’s escape leads cops to child trafficking network in Arunachal Pradesh | India News - Hindustan Times,https://news.google.com/rss/articles/CBMi1wFBVV95cUxQWmZfTmxnbU9UM2ExbF9QaHZld1BLVC12Zzh5X0o0UnczM2c4MWp0N3RWWVFub3NtaWVZdVE5cFVMSkFVd1RZS1oxeG9BUXkxZ3hWbVo1SzYyT3NtRkU2UGJXVHhZN25FR0tKU3RLMDhEdGhmNXZ4VlJsdTlqZFQ3Mk1XZ0wza2RPa0tnakcxZndlcF9Vc0cyMXVOUVFTMC1jVkFsSWRJRFA1aFRoaHBVWm5mOThzNndzaUxfT3k0ZnVaN3QwY1BlTFc5LVE1eUt2ZkNGSGRYRdIB3AFBVV95cUxOdk5RWEMyMGU1SjRNTFJBLVMyTlE1ZVZTOVdQb01NM3VEaTh1eXAyaGdlVEE0amJHYmZmZDlXU2s3dzhJdlRFcjhxaUdiMmM1d3IwYnRoSlNpMkN6a1RlQWowZ0pQZ25iYllLeUJzOFk2ejVMNmxaNkhGY29ZSkc1WlY2VXdjS3UybFk4M1Axd0xLVjB3NFRZSGNqOENnSHlFTFd1b0l1dlZ4N1F5Z3NFVGJ2M0xld2NPQ1gtT0dkb1V2SmQtR3RSSVRhajg0UDhMdUx6ZmM2WFVKUWdN?oc=5,Hindustan Times,"Thu, 19 Feb 2026 08:00:00 GMT",2026-06-14T20:02:34.659647,child_exploitation,True,False,candidate,https://www.hindustantimes.com/india-news/7yearolds-escape-leads-cops-to-child-trafficking-network-in-arunachal-pradesh-101771514561361.html
child exploitation online Arunachal Pradesh,"Child trafficking racket busted in Itanagar; 3 girls rescued, 6 held - The Times of India",https://news.google.com/rss/articles/CBMi2gFBVV95cUxQa2pET3hlaG84UkxiN0lnUWJMX05xOXB0MGl5dEVTeXY3ay1Cdm5Ga3dPVTh1SkQta3V3emdFTWdvT1hkZWtLNHdtZEdlM2k5NnJqWUVYQ1JuT084M2diUXFxYmd5dkxFVlpDYnc2SXU4NHNheDd2RkZ6Smoyc0FRVHNVQmpaTGFiay1mLUh3MU80bXRlbmppWDIxbW03em92QVptVUZGdU5fM1BHcXlnWFkyVVhHV29abmdBWUhfN3IyWG9QZUFMNkZUQlRIRmJQaGdSamxTdkdpZ9IB3wFBVV95cUxQMkhfTnU1OFJYZERKRXZGWlNfa3lVaDFxNGdKc3lWRmxKdGc2U1Q3OGlMcFQ2T2gtRk5WWVBIR1g4bUE2dkRWdFFOVmFYeWJ6aUVRVUNnWDNKb2tZd3NTZ3NRZEd0d3gwc1doMFZLUHJmV1QyVFk4VnotR0tDS0V6eWU2VXg1MlhRbmlaUGhZb3VfV2ZCNkVLQkgzb1huQXI5ajMtV180SDA3M3h2bGZXejN1dGpCOW43c2xxVjBSSHRHNEN1cGNQNmhhXy1HUnpRWXRWVEJfaDFBcnZFeTdV?oc=5,The Times of India,"Thu, 19 Feb 2026 08:00:00 GMT",2026-06-14T20:02:34.659662,child_exploitation,True,False,candidate,https://timesofindia.indiatimes.com/city/guwahati/child-trafficking-racket-busted-in-itanagar-3-girls-rescued-6-held/articleshow/128571946.cms
child exploitation online Arunachal Pradesh,"Couple arrested in racial abuse case of 3 Arunachal Pradesh students in Delhi, but damage already done - The Times of India",https://news.google.com/rss/articles/CBMizgFBVV95cUxQTDZybmRKNWExT002TF9JZzJTWGNwZzQ5aVlnWl94Z2g0VERkXzEzX2ZnN2o0eWRSS3dZLWxOdGExTk82ZFJOQWcxTGZubDhrclZJZHZjSGFzNEg5OFk3QkpsZkdvYUlzMl9lQWMxQ0xOa2dKWURCcXJyWHJOcEZBNnBsQlNvWDhUYkNlbDJ6SU43d2RvMVRDNHFIaERLMF9NWEZLMmVmU3pIQ1JLUFI5N2J6STI4eFBGNjZxMy1ncnVkMVVSdlZWek00cU9FZ9IB0wFBVV95cUxPdXc5aGlzMC1WOGVEc3ZuX0l1MjJJYVpFYVgtSWM4U0IzMG5kR212cE5LajI1RFRCUi1zRkxuWnR0aUM2LTl6ODFCZG5fM0NOWE0tUnZXWnNQVmhBdENOUHJKZWZuUVJOdW0tbEpKTEp0a3V3WXJuWm9fOTNYcDJlX01SUW5UU3IxeHl5cGQzVEdHSXdsQUpnem5Bay0xVTdVYVNpekxaS0JqRUhiRjVkbTNRVndiVWliZDN5b1dOdnd5MmFjcmNEUGlfc29lNXFuclhr?oc=5,The Times of India,"Thu, 26 Feb 2026 08:00:00 GMT",2026-06-14T20:02:34.659733,child_exploitation,True,False,candidate,https://timesofindia.indiatimes.com/city/delhi/couple-arrested-in-racial-abuse-case-but-damage-already-done/articleshow/128791203.cms
child exploitation online Arunachal Pradesh,Northeast CMs condemn ‘racial abuse’ of Arunachal Pradesh women in Delhi - The Hindu,https://news.google.com/rss/articles/CBMi4AFBVV95cUxQdEp0TXBlbU10R1VaQ01MaXI1bFJHWE9GdzZyM1ZUajhaR1A1SDJILW1pNWhMUzEtTWJ3bVRGSFVjMGplWjVNTmY3dHZYNWt1WW9jNXltR2RSY0pTdUE2R3VJOW1kODJZUlJUTml2LTN3NjZXeFdPYWJIVTJNd1FBNU5lMFBKTE9zQm96bUNMTmJJSk9mZEN0MkRlS19qV0F4U3AtaU1RNjBPbUF4NWhOX3BSZDh6dXMtUi1kMWYtbUxvdFNNbUtMSEptQnpMOFFHS3dYdkRWaUlWSE1CSWE2UdIB5wFBVV95cUxOTl9Kd3k1UVZJSm5CVVJ3Qk9NZmI2SkNZSXBXZXNhQ1NjclZaZDEtRHRKS252MGJYMkdOVDMwdC1xYXNsMDFnLUNzcUltWFRocFFvdUJfblBjUzJRR3JxX19ONElLRzhnSnp6d21uZWVNc3dtd1F0TXFZaXVmeTV5VnBVRUpWQUlVTDVJZm5jdlNvTzc5ZjBSMGxNY3VLM3BoNkN6eC1Mei12bUs5dmNhRWU1c1gzeHZvZ05CbXRMM2lXdzRlMEZXUkhTQ0RsRTRQU2dsZGx5eFE4XzJ1VTEtZC1DUXcyZDQ?oc=5,The Hindu,"Tue, 24 Feb 2026 08:00:00 GMT",2026-06-14T20:02:34.659790,child_exploitation,True,False,candidate,https://www.thehindu.com/news/national/arunachal-pradesh/northeast-cms-condemn-racial-abuse-of-arunachal-pradesh-women-in-delhi/article70671415.ece
child exploitation online Arunachal Pradesh,Arunachal: Governor KT Parnaik Inaugurates ‘Ane’s Home’ for Child Safety & Healing in Pasighat - Arunachal24,https://news.google.com/rss/articles/CBMisgFBVV95cUxOTEhzcENHeWRTSkN4UURpV2Y4ZGw4emVIWWhHd2lhQ3Q4cWd4by10dkN0cmlMdm1neFZ5bjU5WHBrOEhuZEo4SnVLVllRQkduaTBITXNRZGxRZkRkeld1MDNfeFFXRzk5WkZGdERvM3hob21NMUtocmtFYXJHTGx6dWlmRzFrT1drbXdBc3dwS1I5V3hHSVV3Mmp0WDdUNlJsRld2RTBwY1F6QjJVUy1RTVhn?oc=5,Arunachal24,"Tue, 07 Oct 2025 07:00:00 GMT",2026-06-14T20:02:34.659877,child_exploitation,True,False,candidate,https://arunachal24.in/arunachal-governor-kt-parnaik-inaugurates-anes-home-for-child-safety-healing-in-pasighat/
child exploitation online Arunachal Pradesh,"Arunachal Pradesh Girl’s Heartwarming Rendition of ‘Jana Gana Mana’ Goes Viral, Captivates India - Arunachal24",https://news.google.com/rss/articles/CBMitwFBVV95cUxNUG9pdmNxcjF5YUN0ZUduZU4yMFU3cGFMaWxhZlg1S1V0TUVKUXRraWJCWHJzWjVXelNLVVQwSERlNmhsYkEzcGdtaTYybDNvV1N2eVhyS21YNWI5dllSMXBLYnpVc2MxRWh2aUwxd0ZDOHNoWmVGY0YzeG1LMG54bklZNlF3alpQeGNiRHo3QmtVSWJYUmJTZ3l3ZVg2YlZlM3NoM25tY1NBTkttR2dYblRRbFBTeE0?oc=5,Arunachal24,"Mon, 11 Aug 2025 07:00:00 GMT",2026-06-14T20:02:34.659926,child_exploitation,True,False,candidate,https://arunachal24.in/arunachal-pradesh-girls-heartwarming-rendition-of-jana-gana-mana-goes-viral-captivates-india/
child exploitation online Arunachal Pradesh,‘Arunachal Pradesh Embarking on Robust Healthcare System’ - eHealth Magazine,https://news.google.com/rss/articles/CBMinAFBVV95cUxNT3dmby1jSnZmT2REVUhfaUlaRlhsbjdNZGU4WHF5SHFIZkNVQmFzUU9DOFpFQ1N3amlsNFBUQVUyc2hQOTM2Y2t5RlptMUJsZV9kOXEyYmZwWUtfNTN4SGdtMWltZkRnLTYxUEMtLXNmVkpCenl2V3N2bXlGdDJrd3pwRGVvYkF2VGN4N2lDbDhOUEdUSVdmaF9OTlU?oc=5,eHealth Magazine,"Fri, 17 Jan 2020 08:00:00 GMT",2026-06-14T20:02:34.660118,child_exploitation,True,False,candidate,https://ehealth.eletsonline.com/2020/01/arunachal-pradesh-embarking-on-robust-healthcare-system/
child exploitation online Arunachal Pradesh,"China builds village in India’s Arunachal Pradesh, satellite images show - Free Press Kashmir",https://news.google.com/rss/articles/CBMisgFBVV95cUxNdnVPckxaMDFJdXpNbnpNV25ZdG40MWJNaDNKYy00N3ZIS2RFcndfWTlYWEZINUxQLUlVUEhVVVhjUHpiNnpla0pWSHplMnRQejZtTXI2amJKVk96XzhOVVU3SllTY0VySGZOZkJiMnBIcU5Jb1o0eXJhNkdhT3NSMjVHUURpSWUwRzJUTFh6ZU1naEp6RG1pT3pZdTRkTkRlQW1kem1LUFZBUnVFcjJTendR0gG3AUFVX3lxTFBkbnc5V1FEcHQ1YXlTcEY5NHNfeG1nbmdlMHhpMGJEdGtFcTFOc29YZ0FWck9qY3pWNzI5Q2JZbHhtREZqcXdiNm0yQ3gwOUVMT0tod1hILWFJS3BKWXdrVGMzOXhNUGZyeERlcUtUZXJfcVVBVUtscXc2YW5CSGxtQXdzT2pTdVY2SDFEUzlQMWNmVE1JWFdSbmlQUk40OW5nNjN5QzdYVkxfdXN6VUxGUWROM2Yydw?oc=5,Free Press Kashmir,"Mon, 18 Jan 2021 08:00:00 GMT",2026-06-14T20:02:34.660132,child_exploitation,True,False,candidate,https://freepresskashmir.news/2021/01/18/china-builds-village-in-indias-arunachal-pradesh-satellite-images-show/
child exploitation online Arunachal Pradesh,"My Childhood In Arunachal Pradesh: Marbles, Dancing, And Borrowing The Latest Harry Potter Book - Youth Ki Awaaz",https://news.google.com/rss/articles/CBMimgFBVV95cUxOWGpiT1NmcTlweXpvbkp6aWlhal9ob3pVSFpxTnVGNWxHQ3pZUmZPUjZnR1RXektPb21xb05Rc3RsU202TDNxRldjdnBDT1dpMWZ2bkpRN3pMaDdlOW85aEpjN3J2Ti1MaTU4cHJjemRfdDFkWUlwZDVaU21ma0txYXNMNXhqdVVUUl90eFF6aUhzaktpMTRMdGp3?oc=5,Youth Ki Awaaz,"Mon, 08 Apr 2019 07:00:00 GMT",2026-06-14T20:02:34.660195,child_exploitation,True,False,candidate,https://www.youthkiawaaz.com/2019/04/emotional-intelligence-a-step-towards-holistic-education/
child exploitation online Arunachal Pradesh,"Arunachal Pradesh State Commission for Women (APSCW) laid stress on need for protection from human trafficking - The Sentinel - of this Land, for its People",https://news.google.com/rss/articles/CBMijwJBVV95cUxNQzdPUlgzRER0YzBkdHpIM2UwMkJTYnBxZDM2Z0Nqa2l4SF9LMlNyZUZaaW1MOU1DWHhGaldUbVZyX2JRT2dwM0J4ZzRtdUg1aHJlcXZycVZ0ZXRjNXdnUGtReWxJdHhuclBnMjRTZ3VXaGkyRlFKN2piN0VNVGlKdndybVB5cGxud21GaE1id3Y2WVlManprYU1PNmp5WGlpMEJDTDJsN1lRR3dsUEJldk5JU3UydXR3b2JIV0RZUmlhd3JLaG5xQ1gtSUpxT2xmZG1oUnVKcGxCeDNFc1dBUWVZWml6clp1ZEhzWkI3dUppWk8xeHhtX1FTRWtGV1gxR3p6LWI5NTNTaWtyc3FR0gGcAkFVX3lxTFBQc0hNREV5Qk9ra1RmMmd4MzlTYWg2Vks1QjhMUHE1Y0tOMEZUNGJ0bWhTNXhpcXhxYzEzVV9sX2Fyd01NRXE1c1U0S0lVWDR2OTl2V3VlWUc4UFZjSXpVWURrcXdaMUxLc2Qwb3duYmItdEtEMFRxYUg0Vkhlck5HdEtDZU16MmpvdmhKSl9FUHE1SUlSMHJvUWdOdzBqWEZQaklEU05Ea3RjS3F2b08zaWlUWUdTUFg2MXQydU9taGlpRWNqZTZMZzlKMEtUWm9YLUZRZS1MSElJOGkzZ3hvY1M0TkJpRE9fTEhzSkpid3FWOE5fREp0NVlsOVhhdURfYlBxVGlBamFScXc5TWY2YU5rc1lSNUFwc2pY?oc=5,"The Sentinel - of this Land, for its People","Tue, 23 Aug 2022 07:00:00 GMT",2026-06-14T20:02:34.660361,child_exploitation,True,False,candidate,https://www.sentinelassam.com/north-east-india-news/arunachal-news/arunachal-pradesh-state-commission-for-women-apscw-laid-stress-on-need-for-protection-from-human-trafficking-608957
child exploitation online Arunachal Pradesh,"Goa vs Arunachal Pradesh, Santosh Trophy 2023–24 Free Live Streaming Online: How To Watch Indian Football - LatestLY",https://news.google.com/rss/articles/CBMixAJBVV95cUxNNTR1OEVFQWFrU25sNGxsdlhKbG9DUWd1MlRLbkhuaVI5bk15bEt6cDdDdjdTaWoteUlaaEUydHZmbXZGT2dEeVgzLXVqbzBxdUl3ckJXUUlBdTNoQm40d3Q2NGQ0UFAtcDFwNEJhQWh0Y1Z4N1N0d2tudE9aYlE5S1JGTk1WS2xGSE5uSnBOTUhvZElUWkh0WngyWDJKemlUVzkweERpZ0w4SXhOM0o5T3cwY1pKX2o5UjVWcVhqOGwzQkZReENnSDh3SnZ1R25qeUVWN2stQ2tBeTRqZ0ZZQXB5U2dDNXBoMGZtb0FEYkNDaWpRU08waFJ1S2xFdm9mLUJfQTBYOEp3Q0hFajhwVTc0TFlDbmdmUjlWckp0Um5lRnQzeTBic3E5WU9raGpaNGZlRkliWUlDWHhnZnVDYnhsUmzSAcoCQVVfeXFMUE8tS1h4bGlNdWMwYS1SVm5JQUJNMXl1VC1VU3I0cXhnRUxQVFlpRktzcG9UOTdiRTNyNng3QnFwMFBoU3Uzb0wyZ0N0M1hUZTdxalY2Wlk1Z2J2dHUwSmJKT2w3b240cjZmNmRMZ2JhVkZMbWxmVmx1c1haV19EM0w2b2hzaGFUa1RXTVRZcEdQQzV0cU1USzlGaXl5WjFyN05KTnJqZHVFcXlWb0wxdTFyYTJWenR3dGRmOTU3Rl9TT2xPcU9QQlhtM3lmYUpvZTViT2o4c3JQdklDbkdBcTBUbnRxVzdHS25aaHNILTduak1kRFp2UEcxYkNXUS1kVnZFMmM2ZG8zTGV6V1BMc0ZuQ3Q5a1ZYc2NXR0NhU0dZQ1B3eE43QU5yZ1labU1QUTUyY3UzUy1vVkNBeXd5QmJZUy12aGNGQlh3?oc=5,LatestLY,"Wed, 21 Feb 2024 08:00:00 GMT",2026-06-14T20:02:34.660420,child_exploitation,True,False,candidate,https://www.latestly.com/socially/sports/football/goa-vs-arunachal-pradesh-santosh-trophy-2023-24-free-live-streaming-online-how-to-watch-indian-football-match-live-telecast-on-tv-football-score-updates-in-ist-5774268.html
child abuse content Arunachal Pradesh,The Apatanis of Arunachal Pradesh have cracked the wellness code - Vogue India,https://news.google.com/rss/articles/CBMimAFBVV95cUxPY3MtM3FqZ1lHOWtjaktlRURDcFlrZE1LcFB5YXpVRFFPNEdwNTdDMVlleWZXSEI2NDNkMUsyZTRQQlVaLThfaUlmTUJmTHdNTWg4LXJyVWhJRzkyQkN2c25md3B6dUtjMTNJclpObEdyNFNSSktXOGdCU1ZldTdqYWQwblR3d1l2QWtXUkR0VlZuTTB3U2lpNA?oc=5,Vogue India,"Wed, 16 Jul 2025 07:00:00 GMT",2026-06-14T20:02:36.760157,child_exploitation,True,False,candidate,https://www.vogue.in/content/the-apatanis-of-arunachal-pradesh-have-cracked-the-wellness-code
child abuse content Arunachal Pradesh,Delhi racial abuse case: Woman accused of 'harassing' 3 Arunachal Pradesh women arrested - The Times of India,https://news.google.com/rss/articles/CBMi7wFBVV95cUxQc3VNamw4U2F1ajhCdTBtb1VSY19LeGIwVi1WckhQQ1JDcFpPdWlwOURwX2ZrU093VGNWY0pRSG9qcVEtbGVlYjVIX3JCWHpXR1ZXXzlEQjVwWndIeDRZLVhIekwwUUwyc1ExNkt0WExtb1RHVGhXUzNSQ3VLNXRDX3FlQ3FWTUdVQV85dHhTbmhTT0NQUWRwTTlwckozR1B4clFwaFFRZGNRVXZKYWdMZUlEYkI3dnEzUmdhTk1mLVlkUnBNeXBYakwzSHNqMVJSd1BBM2JGRUpkYmZZQ0ZPaUxxbVhucFZXQnVqM1B3b9IB9AFBVV95cUxNajJ6TG1WbUp0YzBSRFJiaHotM0NkX3NETVRpWFlfM0Mzc0QxVHRtc1doaXp2NGlNNkxCRy1nVWxNMmU0M0gxVW1YcWVKVk04N2I4NHFLeTN5d3ZBWjQ0bWpwa1VsRkxwUzNES3pOVDA1NUNJZ0dyVFNidGJlSjRSdnFtU3k5X3UxU0M1aW9LSFRiendXalUySHliRVRaNUdoOG5xRGNrbmFSeS1tdjgzWDBKLUtkaENvVmUzZkN4cE5sN0ZVdVROeXg4QXpTd1pxc2RHMm9YM29FUEpGMVhfbmgxODE4RkNRUUVKTlNpbTJIYTk4?oc=5,The Times of India,"Wed, 25 Feb 2026 08:00:00 GMT",2026-06-14T20:02:36.760179,child_exploitation,True,False,candidate,https://timesofindia.indiatimes.com/city/delhi/delhi-racial-abuse-case-woman-accused-of-harassing-3-arunachal-pradesh-women-arrested/articleshow/128771460.cms
child abuse content Arunachal Pradesh,Women from Arunachal Pradesh racially abused in Delhi - Brut,https://news.google.com/rss/articles/CBMiogFBVV95cUxPeFNqRWVNWk0wYVo5OURHaWNrc1ppY1lJTU5DYXJUT1paOHFXT1NTaUlVMFZGTHdUVzUxa1BRd2ktRUFia1pFOXZDenZ3SDQ5dm5hNDhJQnE4TUxTZWJfSVRLd1pLQ2VfekRDTk0weHJ2LWpMdmZmNXZrT3lseVFCYWdmX3Iyd3NEU1lqSzNsSHhPZ285cmZLd0pnbGNQWGJlZ2c?oc=5,Brut,"Mon, 23 Feb 2026 08:00:00 GMT",2026-06-14T20:02:36.760197,child_exploitation,True,False,candidate,https://www.brut.media/in/videos/india/society/women-from-arunachal-pradesh-racially-abused-in-delhi
child abuse content Arunachal Pradesh,Gujarat Tourists Accused Of Misconduct At Anini Resort In Arunachal Pradesh - NDTV,https://news.google.com/rss/articles/CBMisgFBVV95cUxOMW5TLWgtbnBzZTc0RU0zcEx5ZkR2aXJyMzFNaDRNenRTVmtXQlFjdjhpMUJrbVdZQ3dwSC1SXzhDN19PQ2lHS3FvVjZfd1BfaWZ6RF9tejhhVlIxMTBHSUxtcVJfeTkxTldqVF9GTEwtS2JfT2hkTzJSZU51bjFBVW0tM0hBUHJ1ZjQxZnp6YWQzODM4WGNncGN2cXZ0MkotWXdrZzAwVHNYWi15NHlUS1lR0gG6AUFVX3lxTE02M0x2MUlVR3I5d0lzTDJrRS0tdnVjaTlPZ0RjNjZ4U24yS2hTSFIyU19wbDNzdUpFWUV4bzlmeWhZTXFjQm1kU0pkcHZfRmMzWnBfZDRmMmVYSEowTnEyenh4UlMyQmd6QmxUY3lLQ2Qxb1F4WkF4Wm9OQVRnbGoxMWlPZkFBNTVvWUxZbHVlVl9oMFp1ZlM5QkFnOVFJS2tzUEtUbXRxTmM0X0Ewa3k0bV95Um9QU3JjUQ?oc=5,NDTV,"Sun, 22 Feb 2026 08:00:00 GMT",2026-06-14T20:02:36.760264,child_exploitation,True,False,candidate,https://www.ndtv.com/travel/gujarat-tourists-accused-of-misconduct-at-anini-resort-in-arunachal-pradesh-11120123
child abuse content Arunachal Pradesh,"Gujarat family booked for abuse, threats at Arunachal Pradesh resort staff - The Federal",https://news.google.com/rss/articles/CBMi4wFBVV95cUxOdVB5S1FhZXo5TXZCOUtFNWF1OGd2ZUlQTU04LURteERQS3B2WkJaUVZkazBnRVdwWGtsTDU0OTBWaGZVMy1jMW1TQ3o4WGh6SnQxRlFxSHlFdFZtVjhQOF8zNWdQbkNkcnViUHlBOXRidGNRM21hMVg1RXVOSi1lQjZWeGQtdE9UV1VfbFRhTHdGdE85eFVXOEZpaWRYS3NMbkhIRFgzM1psZzVoMVlrNXlid0I3YW54MVlNRmltNEpDRGNfYy16cXdxMHFSVy0ybzlZaC1qYnBxcHNiUUVqdHlCRQ?oc=5,The Federal,"Mon, 23 Feb 2026 08:00:00 GMT",2026-06-14T20:02:36.760290,child_exploitation,True,False,candidate,https://thefederal.com/category/states/north-east/arunachal-pradesh//gujarat-family-booked-for-abuse-threats-at-arunachal-pradesh-resort-staff-231222
child abuse content Arunachal Pradesh,Couple who ‘hurled racial slurs’ at three women from Arunachal Pradesh arrested - The Indian Express,https://news.google.com/rss/articles/CBMitwFBVV95cUxOcm9YZkJTR28tWlZCLW5DT3NoNGluT1hRSEhTczAzaFBZTmJzM29PQmJRa2MwMXF1XzN2djZxdU9ObWlVRW1GSjBRMXJTZ0pzZzFBWEs1bTYwUm9DTWhMZG8zTGc0aFNYR056Z3JhOFhjNmEyLXZaUkF5V2NoYTEzOUJUUzVrQzZUMWtZU2JpUzFTemlYMWxYSEtUV0lHTl85WWYwZHlPZ0ZSTXRvOS0wRnB4bU91OG_SAb4BQVVfeXFMT29DLUs1cVR3M3Ftci1FSkN6cnQ5dGJpaWpGRW5KMWlfOHEwazA3RUtHTG9kUExfcERXajB3aThPWVBDbHVUOFViUzRidk1sdUc0a1ZBZ2RGeDNseVpUOXVzSDkyMVdaYzZCUWNQR3Jjdm85cmlfQXdXdG5yaURHZHBFSDFqQmNqNVlFUnljY09RRTU5aTRXWFYtaHRvYjdTM2M4ZVpaY0s0M2NocFJqWlFKZnN3WHJBa1NCOEhrUQ?oc=5,The Indian Express,"Wed, 25 Feb 2026 08:00:00 GMT",2026-06-14T20:02:36.760306,child_exploitation,True,False,candidate,https://indianexpress.com/article/cities/delhi/couple-hurled-racial-slurs-women-arunachal-pradesh-arrested-10552404/
child abuse content Arunachal Pradesh,Arunachal: PIB Itanagar Hosts ‘Vartalap’ on Role of Media in Tackling Misinformation and Disinformation - Arunachal24,https://news.google.com/rss/articles/CBMiwgFBVV95cUxQTDNEVkx1WlluVG5oMVZlR3NHanU3ZmtpeC1fTFNnb2hLdlJEOUF6akh1YVhyQTg5ZERqaWRqNEM5dnZRS1BSUXM5QVE0dlRDSGtXRzVXUTVIWC1UUVliNUJIMG5halh1LXA5M19CX25GNWlaVldCNTRMWFI0V1NJTUR6QTEtVC1UcXJlamR6c2RVMzJoaEtRckpHcmtFakNOU3BqRmFOLUFtclZ0dVBlN0tyaldxdnUydkZWUFpwcFk3dw?oc=5,Arunachal24,"Mon, 14 Jul 2025 07:00:00 GMT",2026-06-14T20:02:36.760359,child_exploitation,True,False,candidate,https://arunachal24.in/arunachal-pib-itanagar-hosts-vartalap-on-role-of-media-in-tackling-misinformation-and-disinformation/
child abuse content Arunachal Pradesh,Arunachal Pradesh to Set Up Community Radio Stations for Inclusive Local Communication and Development - Arunachal24,https://news.google.com/rss/articles/CBMixAFBVV95cUxPS1hqNGhVckpMTFlUamJubHBwQkJERXhKRUFrWHVTaXRxaVRRbTk5WGJNUkxEQUpsNTZ4OE0tV1RGRnBQdWJBelVfYlFEWFV3WVlocTd6TmE1RmtDVi1PT0hVdHdaUFJPQnFHMktFdkNPVklxdDQzMEx6ZC1iOUo4THRhMjVQS1Y2eXVwcmNnS2JOdmgxbm1IejFKVjEtM0pjeGJwV29La1RkZkJvbWNRZWVTY3c5bzFuc3BzWEJTVXRiWHFJ?oc=5,Arunachal24,"Fri, 30 May 2025 07:00:00 GMT",2026-06-14T20:02:36.760367,child_exploitation,True,False,candidate,https://arunachal24.in/arunachal-pradesh-to-set-up-community-radio-stations-for-inclusive-local-communication-and-development/
child abuse content Arunachal Pradesh,Arunachal Pradesh: 88 girls allegedly forced to undress as punishment in school - The Indian Express,https://news.google.com/rss/articles/CBMixgFBVV95cUxNTV8zb1dOY2JlSngxSFprTHlZN2xXQUhDWklrS2hfLVIxbnQ5MThtamNseXBjYVk3OUFzVURTZU9sazVMbF9TVnljVUJ0c3ZBUjhvTGtiU1p3aDNlc2R5XzM4SlkzM2FzZUZvYlZqTldXeHJwV3otSmphdXJ1dXdQdUZGZVllYUtvdlltbktUNzVzZkZ6SjFBVW9SLXVwZXRHMlMtTmlwLUZQRmNGNnM0MG1tTDJJMTViRHBDT1cyZkZNdDl3c0HSAcwBQVVfeXFMUHpuZ0U3QlYyNWlNN29ITVRsRnFiTkZ6ZGJYeS04MXZtS09qMVZWWHcxVFMtQkg1X3cyZzFCdnNwRmREMHNRbkdGUHM1Y21CUjdXZEwwSDQ3ak5mMmQ3aHFhQVlEX092ZkhUYmlGZDh5S3BpMktlZnFqRlV1bDE0Uk4wLVVEMTluX3kwNTBvTkgxOFU4dDlIUmZNc1pncnVhbGFKNkJYUmtzbkRpYWJQUzhiVXlWSTBxdlV0a2o4SEtsSjNGSHhENThrMlNi?oc=5,The Indian Express,"Thu, 30 Nov 2017 08:00:00 GMT",2026-06-14T20:02:36.760531,child_exploitation,True,False,candidate,https://indianexpress.com/article/india/arunachal-pardesh-88-girls-allegedly-forced-to-undress-as-punishment-in-school-4961502/
child abuse content Arunachal Pradesh,Idu Mishmis of Arunachal Pradesh celebrate the ‘Reh’Festival - Eastern Panorama,https://news.google.com/rss/articles/CBMi5AFBVV95cUxNMmlzSTM1eGdFSmszX004QlIzMmp4SmZqUi14UUt1bGlXY3ZfMlpLbDNDRGhtdmhtVGRRb3ZVZWtKLU1ubUVRNnZ6WE1IOHdUVHBRYzFhSjBOTnB1d2xDT2lycnJIVlBpN3l3aXJXaWZaNUJKREVQQUo1X0pIVmRHdmpQNFZNaUk5U0dRWG1WSndHRUpTLXdOUkFYQVdISzgzYjB0Qll0Vmx2eTdNWG1KMTdmcjNILS1PVG01VDBuWFM1V0V3dFN3TnJ1QTJWdEhYQ1RHOW1iOFdCMWpaVUc5QjhjUmE?oc=5,Eastern Panorama,"Mon, 14 Apr 2014 07:00:00 GMT",2026-06-14T20:02:36.760554,child_exploitation,True,False,candidate,https://www.easternpanorama.in/index.php/component/content/article/138-2014/april-2014/2858-idu-mishmis-of-arunachal-pradesh-celebrate-the-reh-festival
child abuse content Arunachal Pradesh,Gaurav Gogoi seeks swift action over alleged racial abuse of Arunachal Pradesh women in Delhi - Northeast News - Northeast India news 24×7 -,https://news.google.com/rss/articles/CBMiwgFBVV95cUxQYXVXRTZEeWRjVnZQQ1pGb1BOMjEzNUdncGNIQTBOZUJ1NjJuN3BqTGtvMVMxUjAwbVduQVZ6ZUFiMGEzeXVNX3FVUU5FZlduaTRCcjg4bVpzZDZ2cW1XeWlMZ200ZTh6US1WckRHUmhQMGs2UllDeVVnaXpWZ2M3UFhWcWw4SWxGRXROaC1wc2twZ3dEbGdkOUFSZjlqTmJKaHlqazN4dEdVS2t4TWNKYzRxcXJhdHhGTE9kdlZyaEpNdw?oc=5,Northeast News - Northeast India news 24×7 -,"Tue, 24 Feb 2026 08:00:00 GMT",2026-06-14T20:02:36.760571,child_exploitation,True,False,candidate,https://nenews.in/assam/gaurav-gogoi-seeks-swift-action-over-alleged-racial-abuse-of-arunachal-pradesh-women-in-delhi/42989/
sextortion Arunachal Pradesh,"Why Modi govt has initiated 2,000 km-long frontier highway in Arunachal Pradesh - ThePrint",https://news.google.com/rss/articles/CBMiygFBVV95cUxQa3lwb3ZEeHRJYmpaYU9fQzhrbFQxXzhUa2xrbWI3OHkxRFRUS0ZLcmt5ZEdwM0VRSnNHWjl1SlZBV0dZX3FPVkVKUVVnTFR0UzJVWXNlMmt4V2RVMnNYbTBFRExIakJkcFJvd2NkU1pTRUZnNDBSUklrbjNXcUtRNHktckV3VkhZQ3dHcmx0cUpfMDRyVW9xQmVGU1YwalptX2NUSFdkY0dQRXRrMUFvRW01ZVA1dWgyNmx3VmQ5NTlSMWxzXzZoanNR0gHPAUFVX3lxTE90Q0trS3AtNzdhN2wxUnNpMlBqN21YQS1BSDhNbFhqa21jU2hUbkN2US10aVhDWm5QV1BhNXJtWFpseEpMNjcwVUQxVDdRZnpkTkpSZmpWUTlRT1liS1cxeEF5aG5hUmdkRFBFTXk4a0NUUmw0cDcyck45QTllbGpVQVM1WnRHT2k5bklXc1VrSVUycldPcWRDNlBGcHJXcllhUW54WUhBRDl3QzRlSVNJUmZrcER2d0taVElORDJzb3VwVHRoTmJjMUpsWkJuQQ?oc=5,ThePrint,"Sat, 03 Dec 2022 08:00:00 GMT",2026-06-14T20:02:38.518740,sextortion,True,False,candidate,https://theprint.in/best-of-theprint-icymi/why-modi-govt-has-initiated-2000-km-long-frontier-highway-in-arunachal-pradesh/1246054/
morphing Arunachal Pradesh,Idu-Mishmi tribe owned forests in Arunachal Pradesh sees six colour morphs of Asiatic golden cat - National Herald,https://news.google.com/rss/articles/CBMi3AFBVV95cUxNSW5tSFcyT0FEY1RqQnZfRkZnTkpLd1hMajdSbE5UMFE3cElxcG5sUzRUVW9nQ3lITVNyeUlWNjNWdVU1dlhPZF9Ia2tjNFY5c2RWVm9RM29VOVdHRmgxdXM0Vlh5LXNqUEVLWjJnRmtzRzFlRWxfM1RSdVFTUWxDbkpGdy0xZ2prQjB1UWdlZlREWkI4SGdmcTJNRDl3dV9scVRyRlc5RWNUUXU0amlVZUhhQXpKR2JEVUs2eG1pM0pwZEZxSFN5TVU5UkhtUk9Hd3l3dlQwaFk4d2g50gHqAUFVX3lxTFB1VGlrNlBGdDFGSGZMdVVxY2J3bFNEYW54cmdJMGo4ZVFVcnhoVm4tNUNpa3RjeFpPQUlNQ3VZX3hjamZldU1jX1RUOU9Qc1lvY0MtSXpvU3M0bk5veHlRWU5QY2hLMkVPR3RrUE1BWEtvQ1pWU20yeHRrRzZndHRYb3JIZDNYTVVpSjEwcVV2SXVfMDUzVWs1dmxKcXhsdTNISmVwd0ozX0JBNHhBOGdlZ21hR0FPc0hYa2ZFSElld3B4b2lLZHdkN29Pd1ZYbk5oSnZlaWtENzFNVHltYi1VQW94OHU5OW1GZw?oc=5,National Herald,"Sun, 16 Jun 2019 06:05:27 GMT",2026-06-14T20:02:50.992097,sextortion,True,False,candidate,https://www.nationalheraldindia.com/environment/idu-mishmi-tribe-owned-forests-in-arunachal-pradesh-sees-six-colour-morphs-of-asiatic-golden-cat
morphing Arunachal Pradesh,Arunachal Pradesh valley has most diverse range of Asiatic golden cat - The Times of India,https://news.google.com/rss/articles/CBMi3AFBVV95cUxNNEpqeEhMWGxkaTh5Mlpta05CYTlLYmhLVGlwVnI1aldvZm9wWTVlVk13Y1JXMUpEb0s2SUJZd3k1X0FJTHlPY0FsLW10M1VPQ0ZWdnNGWTI3SFBHUkZjYVVxSjNFS2E2UTU3OGoydG5IT2RoNjAzck5QOE5aLTI3dXJtLUJLbEQ0OFQ2cVBXdGxwNkhodzJPOVpfblBnejBLM0pFRG9qQXU2ZEdfZVI4VWtZaFJrR0l2X21wQ2pLYzdscndoYmtFT0lCbUNLSnhBUTRKMUktVEhiVnps0gHiAUFVX3lxTE43OWh3TXFqWFRwa2puQ1hVQlFlZWdsR3pfWlJveUlGV1JoTmpCSnI2NEx6NEU0N2hSQXZRc0RBVUxwNUhZSEw5T3oxOGpBbk9fUEhpbHZvU0tOZjMybDhpdkF6MDZoanFacHd5Sk9pRU9RWDh0cm1WMWo5MlVNSy1TdV9YejlnNFNaQjZ0RVFmdkRqQm1WTFFLb0IxRmdDSU5qbTdRODE1aXpnYV9RYVFmb1lOeUNwUmlCM3hBTC1WWFR2dkRITHdhM3dPYTFPT0JMZjJUWmszN1NwU3ZBdXU1TlE?oc=5,The Times of India,"Fri, 14 Jun 2019 07:00:00 GMT",2026-06-14T20:02:50.992193,sextortion,True,False,candidate,https://timesofindia.indiatimes.com/city/itanagar/arunachal-pradesh-valley-has-most-diverse-range-of-asiatic-golden-cat/articleshow/69781906.cms
blackmail Arunachal Pradesh,Militant group NSCN (K-YA) serves Rs 20 lakh extortion notice to Oil India in Arunachal Pradesh - The Economic Times,https://news.google.com/rss/articles/CBMi7wFBVV95cUxPdGkyLVltSG45WnJjaWdNWlRha0FiVEpnN2FOc01FOENyZGJkSkVnU3IwRWdTLS1ZcnNxeW81U2pEYTk3a1Z1bVY2bHRXeTY1YmxWNl9tdF9GNTQxUFRvZ21hMmUzYlJLRGkxZXpfTWFydlhwT0VocG12TDlXVmxJYjFNM1NpNVZxUUQtQWVOR3RXQmJZZl9PaFBocWxqOTJVSDRINzA2TTFseEVzWWRCYjhOSFpGSzAybTJ1cWk0RU14WFFQd0lTal91MFAwRllFQUhZSHJRYnZCeUhKeXhONHk0bDh2TU11cXZ1T0RkMNIB9AFBVV95cUxPS2d3NG1KRXhDdkprSVdXOXFHNWRJMDAyTXV6SEd5SDVmRF9SeXptNlpEVG1Jb3NieDl5QUNFcEtlVWo5cVNhSVYyVjN0aUVPLVhPLVNvRExpSVp5Y05ITnZvcHEtaXg2MGpyNTR0RmV3aW5tS3lQMFgtb0YtdFBCSXFJNzFXa2h4OUxCQm9GNDNCQk5STzhxT2hlRm5NNi1DUmtKdno3Tk5oTC1CcUJaWHRHd1poTlpoYzdza2JDWTh1Y3lfNjFUQ1VfZWVtcjN6TjZCa2pxRVdGMGlmeWstUy1iVDNOVVF1RlZ4OHZjbjlHNm41?oc=5,The Economic Times,"Tue, 03 Dec 2024 08:00:00 GMT",2026-06-14T20:03:03.960476,blackmail,True,False,candidate,https://economictimes.indiatimes.com/news/india/militant-group-nscn-k-ya-serves-rs-20-lakh-extortion-notice-to-oil-india-in-arunachal-pradesh/articleshow/115941654.cms?from=mdr
blackmail Arunachal Pradesh,Day-night bus operators strike at Assam–Arunachal border over illegal levies in Roing - The Assam Tribune,https://news.google.com/rss/articles/CBMiwAFBVV95cUxPelp5VW8wVFFoN3BOQktCY2lJcWM5MjhzOUtxVGY3VmlkR3JYRVJoYWpTWFNGWGN2LW11eTIwb3p1MjZOMFZIMlFnSWE5bG1zeV81dVZUR0hPUDlQc2JLaDlTeC16Zm1ObGpuT0lyM09uQzUtVG1XbHBESC1VSHdaMVJkb1o0SThaaHFTMnZVSnFoeUh4OUhJN3I2RWtDOTNWTTNUdkdtUUtvWEItX01TSlNqa2dpVHdBdzVUdG5ua07SAcYBQVVfeXFMT2dYMWxDT3djcjQ0OWR4UEw2Y2h6QnJad0o4VUtKNG5oOUtSQUFlWWFmbl9NQVgtbUtXeURqQ1pHYTVZVHpWallPM1JWZ20wVjRYTmdZMGE1M3hVM2J5bzU1TjA5TVBFY0RhVGFNMFY2RFZJQ0xDY2xlQmYyV212Wmp3R0pqVG9MTE1Oa0VrR3RXUnNrdk01d1hmUHBqUnpQa1JqLTdLSFRRX2g4TlNpaXZ4SFdYYy1RSy1PMzdmR05vUGtCT1B3?oc=5,The Assam Tribune,"Sat, 18 Oct 2025 07:00:00 GMT",2026-06-14T20:03:03.960554,blackmail,True,False,candidate,https://assamtribune.com/assam/day-night-bus-operators-strike-at-assamarunachal-border-over-illegal-levies-in-roing-1594987
blackmail Arunachal Pradesh,"Arunachal: Police Arrest Two NSCN-IM cadres, One Over ground Worker and Recover Extortion Money in Naharlagun - Arunachal24",https://news.google.com/rss/articles/CBMiywFBVV95cUxQQ1V0ZVpIZUUxaWhtOVp5THZJV3M0cGdmVzQtTUdDQmRkXzZPdzBzekdldzdpLVVKaVpwNWR0Tml1SEJBSmY3TVFiS2tPdkkySnhvTml3QXRqbmNYeHBNODhtbWR1eHRLQmx3enFJNU5YS0RIbUo4RXBYbnB2dWhFVHJZeWlodExkN2ZELWFhLWVhWGQ0ZV9jajZUcDROSlNJTGZVd2haUjIzVmRJRWM1cm9FUVQ0dTdpZzVwREFFcU1PUnFNU29QanU2TQ?oc=5,Arunachal24,"Sat, 31 Aug 2024 07:00:00 GMT",2026-06-14T20:03:03.960567,blackmail,True,False,candidate,https://arunachal24.in/arunachal-police-arrest-two-nscn-im-cadres-one-over-ground-worker-and-recover-extortion-money-in-naharlagun/
blackmail Arunachal Pradesh,Arunachal: Assam Rifles Kill Two Militants in Changlang - Arunachal24,https://news.google.com/rss/articles/CBMihAFBVV95cUxPaVcwZjRGbjZVbDRaSnRDVXV5MEtRYzMtMkFGMG5TUEVIQlFoQ0RBTXBvYUVqc3Y2a3ZtZUpSaUZocndzMWs2Y2xMV2VtY0xPd2hVckw0NF9jSEJCQ1A2MV9yLTBZcEtNaFNCZW5yS3FjUkxYTFJZUDZiLU1vN01JQTUyNzI?oc=5,Arunachal24,"Tue, 12 May 2026 07:00:00 GMT",2026-06-14T20:03:03.960582,blackmail,True,False,candidate,https://arunachal24.in/arunachal-assam-rifles-kill-two-militants-in-changlang/
blackmail Arunachal Pradesh,"Chandigarh University video case: Army man held from Arunachal Pradesh, fourth arrest in case - The Indian Express",https://news.google.com/rss/articles/CBMiwgFBVV95cUxPUlNhaUhicGFMVTIxTUMxUk1kcVROZ2tHRDFpT0FUUDI0VlVKcVhoWTlkQVRBRFdwVEhLY3B3UW9zNlRQT1pvMHUxLXNGUDROREpVTGpza0IxUFdUQ2lSSHFKZHJ6SWFZa0ZqNk01WTJfaEVqbml2U0c2T1Ytbk5xUThGTl96RWg4eXltNUZBN09aa2NZeEJ4dld3NElUTGZTUUN2Snl1SzVURFFBakhFQUR4bm84eXpaeDE1dVdVNGdad9IByAFBVV95cUxNblVZTF9kRXFjU0VPWUZIcHVUaEdzYlNWRHZ2RW5xVkN2eHdXUmxOWmVwZmtqUm1sYTB3RERvNWEwWU1hOUlqRklyZXh1MWV3elFVSFpvY29TVC00MC1PM2tlSGl4emhwOGxqLUMzMlpKbTBzS3lFM0ttTzUyc1Jsa0tQNWlFWmlLbmR5aXczR0lpUWo5RXUyMDd3VEZaSnBQWmlvTFQ5a2dOQlBhUFhKbUpmZ1I2Y2J2M2o5cVprZUVOdFpMSVloQg?oc=5,The Indian Express,"Sat, 24 Sep 2022 07:00:00 GMT",2026-06-14T20:03:03.960675,blackmail,True,False,candidate,https://news.google.com/rss/articles/CBMiwgFBVV95cUxPUlNhaUhicGFMVTIxTUMxUk1kcVROZ2tHRDFpT0FUUDI0VlVKcVhoWTlkQVRBRFdwVEhLY3B3UW9zNlRQT1pvMHUxLXNGUDROREpVTGpza0IxUFdUQ2lSSHFKZHJ6SWFZa0ZqNk01WTJfaEVqbml2U0c2T1Ytbk5xUThGTl96RWg4eXltNUZBN09aa2NZeEJ4dld3NElUTGZTUUN2Snl1SzVURFFBakhFQUR4bm84eXpaeDE1dVdVNGdad9IByAFBVV95cUxNblVZTF9kRXFjU0VPWUZIcHVUaEdzYlNWRHZ2RW5xVkN2eHdXUmxOWmVwZmtqUm1sYTB3RERvNWEwWU1hOUlqRklyZXh1MWV3elFVSFpvY29TVC00MC1PM2tlSGl4emhwOGxqLUMzMlpKbTBzS3lFM0ttTzUyc1Jsa0tQNWlFWmlLbmR5aXczR0lpUWo5RXUyMDd3VEZaSnBQWmlvTFQ5a2dOQlBhUFhKbUpmZ1I2Y2J2M2o5cVprZUVOdFpMSVloQg?oc=5&hl=en-IN&gl=IN&ceid=IN:en
blackmail Arunachal Pradesh,Arunachal: Two active NSCN (IM) cadres apprehended for extortion activities in Changlang - India Today NE,https://news.google.com/rss/articles/CBMi7AFBVV95cUxPMXFrREVqTEpFTWNHZG1IQXJrY3NCR2x3cTg3QzFNWGRULVZOb0FtMHhzcDlVZ050VkxDaFdsZW84bHhlWmo3bEFDUVk4b2NPVkcyR3VFQU1LQ21XMi0yZFJidXBnOVhRcVRfdUx5OXJvc045Yi1FYmxubVNzTzB1UDBUWG9vbTY3SHVTNGxSVkpQeE9MdVk5Z254al8teDdhc3FPWFN5aDFxOWVPNThKcWluaGlBRW53cTZLTnh1VjVXQ3paRFRzUVdYUTVKNHdEdHBGQTNMblhnTHJ6TlhIYVV5VGpSTnpTM0tNddIB8gFBVV95cUxORUJEU3k4RFozN2JxT282dlNIWHhZbkVMaDZfQy1ERTJHOTJBaXduSXpTc0twbGFTN2xROHo4ZHJuX2p3YnYtaV9tY1FPUjhsTUpTemtyeXJEQ1JUUG1Wd2J6ZTRZajQ2cDIzOHBFQmozb2lMNDh4ZnNHUkF2VVZyN014cUotZ29vVUtnQWRId0UwVl9JVmlUcWhVMjBQRkptU3R5YjcwX0ZuWVRYa0lHV2ZKTU1ZcEdtQVJVVU15bF9jQkRWclNSQlBEM25ZSmJja3JEZ0JkWHZEVDFaVzFCTkR3alhjNFFhTlotN0ZzZDlBdw?oc=5,India Today NE,"Fri, 27 Dec 2024 08:00:00 GMT",2026-06-14T20:03:03.960729,blackmail,True,False,candidate,https://www.indiatodayne.in/arunachal-pradesh/story/arunachal-two-active-nscn-im-cadres-apprehended-for-extortion-activities-in-changlang-1144840-2024-12-27
blackmail Arunachal Pradesh,Assam Rifles nab two Naga militants in Arunachal Pradesh - Indiablooms,https://news.google.com/rss/articles/CBMingFBVV95cUxOeWxzOGV6VzZ0X0lfMHl1ZTRTakxJTUxVbjJkWjFkX09rSXN1ejZuN3hhYldrdWZOaHhkc04zbEZXQlZkb005NVBRckZJTVZQZ1lMd2loUUJ3V2lDMzJQUW1DeXlDLTdLMEs2QjN6QXY3Z0FycFVfRWd0RXNkOXoyZGtQMVNQY20xLU54eU9lZGtMMVJoeWRoSmo4YXpRQQ?oc=5,Indiablooms,"Fri, 18 Jul 2025 05:48:40 GMT",2026-06-14T20:03:03.960755,blackmail,True,False,candidate,https://www.indiablooms.com/news/assam-rifles-nab-two-naga-militants-in-arunachal-pradesh/details
blackmail Arunachal Pradesh,Oil India Limited receives ₹20 lakh demand in Arunachal Pradesh - Hub News,https://news.google.com/rss/articles/CBMimgFBVV95cUxQR1lhdWpYVzl5ZTVPa194eDJkSERpQXg3TGlLTjRER0lwNE5nWFEtbGxnZTR1bWczQVRIakVzMzNveTIyOW50czZqdWZiWTNQd3BES1hIbGFJb1V3QXBwMWptZEpaSTVJRUh6T3l1aEFsMG1TcUR4V0ZvYnJDaXFibWJiZlZTR0I0ZTFBdjRTbW5Yb19RTmRrYzN3?oc=5,Hub News,"Tue, 03 Dec 2024 08:00:00 GMT",2026-06-14T20:03:03.960780,blackmail,True,False,candidate,https://hubnetwork.in/oil-india-limited-receives-%E2%82%B920-lakh-demand-in-arunachal-pradesh/
blackmail Arunachal Pradesh,Assam: ULFA (I) cadre surrenders in Arunachal's Changlang District - India Today NE,https://news.google.com/rss/articles/CBMivgFBVV95cUxQMkFXelhlcGh6MWVjOGw3TVhpOVI3TExpaHUtMFdzSHJSMHFnd05xelNBdXduMk12UnFscWZ0N0g2RHFwT0pvREhQWk1ZX2RPMHFBNEVvb3hDa0hHS19RcHY3cFJuYm1hVDYwdldvVjVJR2Z1NC1pYm1aQV9jeUdKY200MXRDUjdRckdON0pBQ053Z29aZ1hsaGJ0a1JnbUhTR055WVJvVUx6RHBRWnF5TXVjTDN1d3ZWZFVnR2FB0gHDAUFVX3lxTE5nY2p6eGlFTnUxbnQ2YU1Jb2UyTVRCMWdOX20wWEN3bjFoOUY3RTFxZEZ6LThhWDZ5OTJjT1VXUHhwaDEyOUpiSmJYeW9TaWlTVU5HOVFUOG43OEthMzE1eUZNWlVCeFBOSy1fLWl6N1VYWWJaOUt3eWFPT290SE00aGNjMWhRendMZUJzR1BXOHo2anRJTk1RbVZ0cmdhY1dzS0locl8zcTBkZUt5SDhyamQydEt2NzU0SXozekpCMWFnRQ?oc=5,India Today NE,"Mon, 15 Jul 2024 07:00:00 GMT",2026-06-14T20:03:03.960808,blackmail,True,False,candidate,https://www.indiatodayne.in/assam/story/assam-ulfa-i-cadre-surrenders-in-arunachals-changlang-district-1049543-2024-07-15
blackmail Arunachal Pradesh,"NSCN Extortion Network Resurfaces in Arunachal’s Changlang, Targets Vehicle Owners - Northeast Live",https://news.google.com/rss/articles/CBMiuAFBVV95cUxNTVExaFdvNENIa24zNnJlczFXX1RoV3RPejNkVTBUbXV6Q2NnU0VnY3N2MEdmZTg3a3F3MHpWbFZZUVV1OHRDRDcxV2U5Qzc5eE1FLTVTVFdhTWswNExTak1ycG1fOWFfbHhPS05BZTNBdXhrcXp6Mno1UFNHRjVlRWloV05xd29zelNOSXdYZ2FzNXJSUXFndnByUFVJbkVhS2I0TlI0bGxGdGhMYlRkdUxxTW05d3A0?oc=5,Northeast Live,"Sun, 24 May 2026 07:00:00 GMT",2026-06-14T20:03:03.961046,blackmail,True,False,candidate,https://northeastlivetv.com/topnews/nscn-extortion-network-resurfaces-in-arunachals-changlang-targets-vehicle-owners/
blackmail Arunachal Pradesh,AFSPA to remain in force in 12 Arunachal Pradesh districts - Oneindia,https://news.google.com/rss/articles/CBMimAFBVV95cUxPamNQSG9KVXZ6LVVZVThKd2xuQXRXN2NEZGc0SGVJSnNDdEh0dm9JZjJxRUtvZnlSZmhlOHZHWF9fbS1FS1lTVE94RGxTYzdUcVZXdUlXVWxWTG5rV00zdDZKTWJuWlpEVnBLOVZta3pmVHA4dmVDQy01QjhrRFFxaUhBajFRbFpYcVctSEZWZTlJeFFia01DNw?oc=5,Oneindia,"Fri, 06 May 2016 07:00:00 GMT",2026-06-14T20:03:03.961167,blackmail,True,False,candidate,https://www.oneindia.com/india/afspa-remain-force-12-arunachal-pradesh-districts-2091546.html
extortion Arunachal Pradesh,Assam Rifles Nab 3 ULFA (I) Associates in Arunachal Pradesh; Detain One Youth in Nagaland - ETV Bharat,https://news.google.com/rss/articles/CBMimAFBVV95cUxOUFVhN2hmUnlzYUpLclNXY0tvdEV6RzFEXzRWQzhvRmRoUDFaOG5QeXlFOGU1U1pQZk90dnkxM0s0aHZpNTJqNGYyN2JtUG9PeEdYZVhhbHJSWUFsMDR1bGJPUm5zZEhZYllLaGNOc1lsOUdsNU1zRmhTQnIxZXlXOEhrdXJGbTNRdFdvcmJOcjJ4RVhOcFcxSNIBngFBVV95cUxPUnFyNXhrczN6c0ZtNXlhMHZ3MzlpNFExcnFwd3phakh3d2FXMm5zUFctWlZwRllmaGZYQXVKRVZwZklGcy1CV1hrYkJEd1hNbHZIcDBveGdhemZmTnpaamJoWGZPUDVPV2lTdzNOcDNKY19KWTlldVpWRVM1c2U2MHVmSVcydEc0bkowXzBZcmhyMFdYU191WlpaaGpoZw?oc=5,ETV Bharat,"Sat, 04 May 2024 07:00:00 GMT",2026-06-14T20:03:09.084289,blackmail,True,False,candidate,https://www.etvbharat.com/en/!state/assam-rifles-ulfa-independent-in-northeast-enn24050405734
extortion Arunachal Pradesh,Two suspected NSCN militants killed in Assam Rifles operation in Arunachal’s Changlang - India Today NE,https://news.google.com/rss/articles/CBMi7AFBVV95cUxPWktOX09IWm9pZmRKVG5iZGZ2WmhEcG52Z1ZPSkhrVTNUVkVtWXNwalZxRlRORnVRbUh6Rk1TV0hvSHNZNFNwcUMtamtyUlpIWmtwWkhHX0ZmZXBUbTJVNVZJN284Zml2M1l2NEhtcjNhRVJVeFJlZk9lYm1hSkRDQXNhTjFNcjFXaFo4bk1ybHhiRFdjZXV4LU45aGtmeVRqMzV0c3p4RGZsVFAzckdCS0tqanF5ZWRkaUVGSEJJRVkyWXFDWVR2blM4Vlcxb1NQeXVGejk0bUNPWHJ0dU4tTDdtSlpwNTctaGtrd9IB8gFBVV95cUxNNUxyMXp4eTNPaVBnN2J3LUQ5b0hrTEs0RkpzS3dVUWFvT0xIMXU3MXd6Vl92bUtQendvTGRLYWFkWjhYZER4Qm12b3ZLeDNxazdkbS1OVWdfZzBZMmlNOWJnTkJYMVZrbTliZjdINGI1SDljLUZxREh0cVZSUlJuSzNUZEpXOEdnWWhGMW5VZmRmNWJEbjlHazk2THA2OWVtWUZZUk45UVBJVnJkbkhnUnBQbHFPb01GTV9NSG4tSFkxZEZZZW9vZmIzczV6eGNQM2FqR3hUVmRlT2QyNGxBQ2c1WFRycDBpRi1LcTdkNE1iQQ?oc=5,India Today NE,"Tue, 12 May 2026 07:00:00 GMT",2026-06-14T20:03:09.084432,blackmail,True,False,candidate,https://www.indiatodayne.in/arunachal-pradesh/story/two-suspected-nscn-militants-killed-in-assam-rifles-operation-in-arunachals-changlang-1390681-2026-05-12
extortion Arunachal Pradesh,Arunachal police apprehends 3 militant cadres with live ammunition in Itanagar - India Today NE,https://news.google.com/rss/articles/CBMi1wFBVV95cUxOdExZTGtQVXAxeER2US1WalVrLWpwZWdBZEIyZHJuT1FOSFBhRmltcExtVDFjSDRDb2MtSHNIdmJwOHVXVjF3SlQxWm1oWktjV2lYaHEza2JQaUh4YmFjb3YzUDFXSXpTaXF0M3FubFRYZEF2ZXNCcFkteFVKMFVnaXctQncyd1drbl83MFRvRExWNDZhNzhLMnBxVVRPMTFiMGxVVFQ5RWplTWZJd0R4dkJJVl8wUFp4MWMwaFdOcmdTTE9BUF9jZEZuUFpialVMMGNYTVVIb9IB3AFBVV95cUxOVVdYRklsMWRkNFFJakdBQ0hTZ2ZkNWZlRkN2YUNPQy1HS1lfNE9DR2lHd092dGw5OVFTYW9pTWJYUGY3WVBhajFjVzA0djVFckQ2eGc4djBvS2VEUkM2TTd0WDh2cHFfUzJIQnRtQmRuLW53emxkX0NLbmdfSC1ScGF3WUtLR0lkOHBaRlFMOUNfVlJIYUI2bTFyNUhpYWhSd01YTExZOWtLMHNjcHBnRWlQVFRYT0FJQk5Wa1ZMUGh3NUlVR3BOSlB6Qm02clFqQ25NOHZDa0xjbHlT?oc=5,India Today NE,"Wed, 22 Dec 2021 08:00:00 GMT",2026-06-14T20:03:09.084507,blackmail,True,False,candidate,https://www.indiatodayne.in/arunachal-pradesh/story/arunachal-police-apprehends-3-militant-cadres-live-ammunition-itanagar-411055-2021-12-22
extortion Arunachal Pradesh,Arunachal Pradesh police seize tonnes of illegally extracted coal from Rangringkan area - Northeast Live,https://news.google.com/rss/articles/CBMiwgFBVV95cUxQR0RJZVF5S2RwbTFIQXNBTXhtXzh3SjB5Z3BSLXU0bWltSzZwaGhoT0Z4MWhacHd4aThmLWFTelBiSnJjOTJpSTF4X3NfLWpQMVBZbHVmaF9EZk9BSTNRcldwQmJCU1lKU21aVDFDZFFWN05hMlphU1FUU3RIcjZfLS1MQXBNcjdrQUJia1pnUTFzWHpIMW03cUlCMENXZkNzUGgtRlA1OTF6aUNiaVlqQlJEQ0w2QjFWTVR5RFBZTHpVUQ?oc=5,Northeast Live,"Mon, 06 Mar 2023 08:00:00 GMT",2026-06-14T20:03:09.084723,blackmail,True,False,candidate,https://northeastlivetv.com/topnews/arunachal-pradesh-police-seize-tonnes-of-illegally-extracted-coal-from-rangringkan-area/
extortion Arunachal Pradesh,Four arrested in Roing for alleged extortion linked to Dibang project - Dailyhunt,https://news.google.com/rss/articles/CBMi5wFBVV95cUxOY1VjMUt5dEcwMmxJLUEySktpbHpvUjkxOVNxaVNPOGxlZWYySzRxVmdwOTlCWmNGOERfYmxZY2hqRmdMYlcwNXVRanRBd0FWMkd6ZG04eV9WT25xQ05meHNxdllFTjZBT2JnQ3puZ2xIeDc1Z0Z5cWZuYUNsdDJweXdSVkxZZ1VySFVMUjNBMTViTmtsMVZxeFZkeGI1VkF0MlZtQ0I3RXhFNnVCY3llRmZEYWFGaGt6LXlKcWJ0N3FUc0RNaF96dnl4WHZWT1kzQ3UxQjZORERpZnAtbTZuOV9KSS13TGM?oc=5,Dailyhunt,"Wed, 29 Apr 2026 07:00:00 GMT",2026-06-14T20:03:09.084731,blackmail,True,False,candidate,https://m.dailyhunt.in/news/india/english/eastmojo-epaper-estmoj/four+arrested+in+roing+for+alleged+extortion+linked+to+dibang+project-newsid-n710363961
threatening message Arunachal Pradesh,Man arrested from Arunachal Pradesh for threatening Assam CM Himanta Biswa Sarma - The Times of India,https://news.google.com/rss/articles/CBMi7AFBVV95cUxQYTBGN2RUSXhDMWJpelpJdU1HOWpxQy1zSExRT0lTM1AxNWJEYWJsSW5PZ2tOeVZYdjZNdTZTNlZFdjY0US1XQy1aQnNlQkk0a0ZMd1JBcnRZUTNVcDBSZ0tuVnFkZUNGRXlDSlg0V0tmWmkxeVBsYXhyUlBKMk9zX2pvWnpYVXFqcDRRUUxJelBnYUh3eGVhSFg3UUU5WHpDOUtFRG4tOVRKT3FCYlZKZ2FLWkJCY2owek9kZ1RVOTNTaDdIUUNmeF9ZZXFOVU1vaGxLTHRONDdBNjAyS29hSU9vRTN3Q2szZmRDb9IB8gFBVV95cUxPd3FRZ0tNZTVKMXZzeTdCQkxPelR6N1BiWVg2dkdNQzNnakZ3eXRpWWE2N2U0VXdtQXA4QVduRkJOQnhqck02eTRMNS1vNmRKWHJlT3N4NjdjQUlXdUhYZkZ6dnVSRlZOblJ4UUF5c3N5VjRVSTNzSU8tWEpOSTU1WnoxbXIyZS1Ycm1KSDBtb2JrdGY0OVNtRm5uV2xTeU5nUUZubUVfZ1JERnFTTzNCZDhRV295TGlQS0dydkRldjd6Zlp3OE1SdmNIdzJGQXRGT2h5V1VabVlWZGhmUmRUM0duYzVrRlFqaGY0eXNpN2swdw?oc=5,The Times of India,"Sat, 21 Mar 2026 07:00:00 GMT",2026-06-14T20:03:13.023534,blackmail,True,False,candidate,https://timesofindia.indiatimes.com/city/itanagar/man-arrested-from-arunachal-pradesh-for-threatening-assam-cm-himanta-biswa-sarma/articleshow/129716685.cms
threatening message Arunachal Pradesh,Arunachal: Man Arrested In Naharlagun For Threatening Assam CM - Northeast Today,https://news.google.com/rss/articles/CBMitwFBVV95cUxOZHcwNVN3TU9sbzVEdS0tQ0x0cTFyQjRjdFJabkV2S1BDZS1pY0hLLTV4Tl9za01LYTQ2YnI1aUxNa3pLVEVVSFdkLXN2NVFrRnFRbWhBblhpXzVaUEF4NWFMcnZuY1ZDMTBRNTZHYVpBTHVlS2hvc08wMnE4RzZzdDJTVXBqQm5ySWZfZFZzX0ZvbVVHOXZhNjR1MU1ybTRGc3lCbmJ1b21NV0lZYklIUEUzMjRUV1U?oc=5,Northeast Today,"Sat, 21 Mar 2026 07:00:00 GMT",2026-06-14T20:03:13.023579,blackmail,True,False,candidate,https://northeasttoday.in/northeast/arunachal-pradesh/arunachal-man-arrested-in-naharlagun-for-threatening-assam-cm/
threatening message Arunachal Pradesh,Man arrested from Arunachal’s Naharlagun for threatening Assam CM - ThePrint,https://news.google.com/rss/articles/CBMioAFBVV95cUxPUHVjR1NLY2RCNjM1Y0RwOWZPVjdSSXZuQkFaeXdRZkcwdXF1anJwcGplQlBhMklNM0NIUWZRMUJKODNOR29JS0lFeWhsbEVGVXA4Rmx4N0Y1dWlFUkxyUjNkVVBIYU1remdWNlFYN2ZtQVlKYnU3UUdLbUJiRVRLZjNySzZ6b2VWa3NxNmlnaGRXWG8yUUJVTFc2T0xFcXVV0gGmAUFVX3lxTE41MHNmNTF3WDVKM1NuX3NsdU1CQzU4NTlROVdRbVR3eGRVSmRPbjZlZzNVV2xGOXZnT0IzMm1jTklFc1pDWXVQczJfeVNDdFBuTnF6aU4xdzJHUVFfeURGdXY1Y25BM3JuankwbWRFTTdPaXZ3dTduU3VOc0ZlNnlLZFBxcUNDT04zYkhEMk1vOUhHeS1TSUs0anFTQmQxdXNDMWE3b0E?oc=5,ThePrint,"Sat, 21 Mar 2026 07:00:00 GMT",2026-06-14T20:03:13.023608,blackmail,True,False,candidate,https://theprint.in/india/man-arrested-from-arunachals-naharlagun-for-threatening-assam-cm/2885386/
threatening message Arunachal Pradesh,"Sikyong and Hon’ble CM of Arunachal Pradesh Attended a Seminar on ""Environment and Security"" in Itanagar, Raising Concerns Over PRC's Proposed Mega Dam - Central Tibetan Administration",https://news.google.com/rss/articles/CBMi-AFBVV95cUxNaFlJVjBKeERKZlY1ZWhrNktRZzUwTVBSUTJTWmVVZDdPeDNYb0RzTm50MTRnQkNBT240bGZPZElyNnQ3Vm5Mdm9HX1pXQ3pQSHU1VUViazAwWlA3RE5uREJqWk5UUllYUEM5djJkODFWSVRkUk9GUlBwR0NPRHRodlk0OHNBa0d2Z0hxMGlxTm5pdEI4MVlwYzRwc3YwVWRsRE9pUmh4TlhwVTNhMWtaQ0g2TVNCOGJwdUQxNU5CbnRWSXNmbnhTTlFHWHQ5XzVQM28yZzFYQ19IUnV1UGswYWVDdDhYb19HUEcwbVlsZVFvcURvTHgzNg?oc=5,Central Tibetan Administration,"Sat, 25 Jan 2025 08:00:00 GMT",2026-06-14T20:03:13.023715,blackmail,True,False,candidate,https://tibet.net/sikyong-and-honble-cm-of-arunachal-pradesh-attended-a-seminar-on-environment-and-security-in-itanagar-raising-concerns-over-prcs-proposed-mega-dam/
threatening message Arunachal Pradesh,Dams in Arunachal Pradesh: Catalyst for Development or Threat to Sustainability? To be discuss in Arunachal Youth Parliament - Arunachal24,https://news.google.com/rss/articles/CBMi3wFBVV95cUxQZ2JrYllEYTY2Wi1EbG4zWlFFWXl5VUVTNGlRZU9UWS1teDNxZ29jcS1qTmVDRjQwLW94Qi1qdHVqTk9rS0dhbVdVcTdEQnJpR203TXc5LWk5Sm81SFFJVjVHd2JoRldJNjQ5Wnd4N2ZqaEJ1Z3N3NHFiWFFJOXYzOElVTUZLYkFqUDFBZHV2TnR0d2RFN0ZNd3pSelpzbU5TVDZHNG9kanZzMWVOUmdadEhZNDZlNmQzNk1SWE85SGVOR3BMOFVVZ0hSVDVZWUxUcUpLdGVCX0laSk16SDcw?oc=5,Arunachal24,"Tue, 01 Apr 2025 13:27:05 GMT",2026-06-14T20:03:13.023740,blackmail,True,False,candidate,https://arunachal24.in/dams-in-arunachal-pradesh-catalyst-for-development-or-threat-to-sustainability-to-be-discuss-in-arunachal-youth-parliament/
threatening message Arunachal Pradesh,19 'sensitive' spots from Ladakh to Arunachal Pradesh on China incursion threat list - Telegraph India,https://news.google.com/rss/articles/CBMiywFBVV95cUxQM0E2X0NIb1E4YWFxV0gwZnlzZ29WbDRNVUo3SFBmQ05STnpRYVg1d0FSZ0FvaUJMemNnQWkzUzR3VkVjbllCUzl6V0JqMkU5RVZvTDVfaTJrS24yVjBiaHRUMXdSNlV5Nk5SQWRQNGJwSGJiNDJFT2V1SjNGZG5rT2tuak5OQ1Z1b09XejlHWXhDcXhLOTJKQzBXUzd2aEVfa1RmSWRiUkY4UHlobElNYnlLdVRiSmtuTU1xUGVBdmt0ZFVsY0FEMlMyd9IB0AFBVV95cUxQUEdIVHRkR3BHUm9qcE52Q0JoenphZkZONDRFVmNlNmo4UWI5NTBEQ3BlTUxpU1BqTVhscHA0Y2d3NVNtaXFBb1F3ZzdkbnpnWjUxUndrMU1Nb252UzlGWkVTeWlMRExCaGNiblRUZ1VKVzUwUDlmWDZiQUpFeTlJVEE1Y2JFeDZzYkxURDRFbnMySkp4X1BDd05jVG5fZ1Bxem51QUdITmtOTVVMVE9vWG54YzZwNkJtMTc4SEhiNVR1LTBjZzZyZUNsdmlnUTZN?oc=5,Telegraph India,"Sun, 14 Apr 2024 07:00:00 GMT",2026-06-14T20:03:13.023876,blackmail,True,False,candidate,https://www.telegraphindia.com/india/19-sensitive-spots-from-ladakh-to-arunachal-pradesh-on-china-incursion-threat-list/cid/2013187
threatening message Arunachal Pradesh,"Arunachal Pradesh part of south Tibet, claims China again - The Times of India",https://news.google.com/rss/articles/CBMiywFBVV95cUxPVWt0YlRqMUVtUWZqT1pJUG1XLTF2SHpkcTJOdlRNdXdRbmFreVE1a0lVdmtCVU9xMTdENWdPYnk1eW1wbHdiLTRrYUcxb0pJQV9yZ1Q0M09xVmJ1TV9LeDdHNU5PWkdSWWJTSjk2Zy01LWFXMmtKN01Va1MxNWk2QzZZdU14ODRfZ01OSjlrM05FWlREOGZDcDRnRjBBX3Btd09WcFdVcG9uejZRckNkQl8yc05fM25fMlJwSk5Nb2NEcmhmS0puVXgwb9IB0AFBVV95cUxPbU9wQnZzRzczR2dpNWY2N3BlZHdUMXBzbWYtZ2huZGFjdE94UkQyRnM2YWYyNE9vTkpYc2dlbEktZTB5M21yRUZTdDVxZ1lKRVM0RW5BZlFKUWloVFhZRHllcG9uZVpiRzBUZkRCSFdtSERnM2Q5amtFMFZXYnpPYlM1SFdQUnJCLWhUSzllUmc5d1pnRUpKZE9DRjhnaVpkbGFHUGlRVzhvdWFfb0lOMjFhMjdNbEMtLTNKNGxWQWJhMlphZ0pqV29SZU8tUHNw?oc=5,The Times of India,"Tue, 08 Sep 2020 07:00:00 GMT",2026-06-14T20:03:13.024108,blackmail,True,False,candidate,https://timesofindia.indiatimes.com/city/guwahati/arunachal-pradesh-part-of-south-tibet-claims-china-again/articleshow/77992800.cms
threatening message Arunachal Pradesh,Arunachal Pradesh man arrested after sending threat message to Assam CM - Northeast News - Northeast India news 24×7 -,https://news.google.com/rss/articles/CBMitAFBVV95cUxNOVoydlR1b2kxeVl5cjRjb1hUVlR0SkJSOTRmTG1xdWZCbkJYMnhzUDU0WUE4cXhGRjNqSlV0UGJ0a3h6Qy1maDREaUoxaXNpQlU4Rl9TWTNYWHRmUHhSdnprSWNoc1RIMkVpN0VPd2Mwdk1QWXVIRFJfU0Y4TkQxd1hQYnAwU21BWkJxNm1xYzJGbjlaVmZmZE5VdU10MFFLMlM5V2Eyb3FKRjZDOEkxa0hKTDE?oc=5,Northeast News - Northeast India news 24×7 -,"Sat, 21 Mar 2026 07:00:00 GMT",2026-06-14T20:03:13.024211,blackmail,True,False,candidate,https://nenews.in/arunachal-pradesh/arunachal-pradesh-man-arrested-after-sending-threat-message-to-assam-cm/45484/
online stalking Arunachal Pradesh,Militant killed in gunfight with security forces in Arunachal Pradesh | India News - Hindustan Times,https://news.google.com/rss/articles/CBMizAFBVV95cUxONEpSWlRBdm1pMDBjVGtyODVuS3VITDlUQTJodTllUmFCdTJnRm1RM2FtNU1iRkxYV0RRZjNpekJPNkZhMlRqdFh3MEEtbk9IYlByeXF1bURmcFVJQkdkNnNlemhMbDdXb01IRjM4eEgyWmp0ZjNyRWUweW4zNXlPd0VGRWQtb1FvS29UZ1dFT1NvaDktOXdLUE8xVVRoZTdzWGF6aFJKM3pTeW9mN2YzSXZCNHMwcG9lSnZvLWJZb0lpQ2xsZjZBTjJKembSAdIBQVVfeXFMT3llVUtsZkkyZzhlMDlNSVZDLWN1azZXWFJIRjhiQTktaUlzYmF1R0ZfWHBNY0RMbzJDeDdtaFh2ZW9PcVQ5MkdLRDVwUk80UUUxd3VOa3FVcGcxbUN5WVVhcmMtZmxWRTRqS2VBYlhWc1dyZTdTcThhbGplaE9YS1VYSWxkQ0VsYUhKNUF3b293M3Z5MmlFOXdRZndkb0lZSGUyY1JGUkRjbnpsd3hCdnpZbXhNbl9IY2E0THU4cjRmdWk5TWphOVJVbEhhMDVjZ2Z3?oc=5,Hindustan Times,"Mon, 07 Jul 2025 07:00:00 GMT",2026-06-14T20:03:18.478337,cyber_stalking_bullying,True,False,candidate,https://www.hindustantimes.com/india-news/militant-killed-in-gunfight-with-security-forces-in-arunachal-pradesh-101751843888674.html
online stalking Arunachal Pradesh,"China Rejects Charge of Harassing Indian Woman in Shanghai, But Insists Claim Over Arunachal Pradesh - The Times of India",https://news.google.com/rss/articles/CBMigAJBVV95cUxQOWdVdkwtNnVNRTg0elhkSEZWNER6MTEzNlUtbzZtZVQwU09IS2VoNk5sa3dPQjZORDJBalRHbEpsUmFILUNTWTkzSzBWVlBvRmNPakdnT1p5Zi12MmJocHM2UzJ4MWU0TXRTRXdacDJkQlNpcVdnaUxBSWF3TXF4Q3ZFNTV0dGE5dUEwb0hteGVIQzBRR09GUVdXTGpTRWJ5a2hRQ0NKZUdlaWwzeVZjZnduVG1fYzR1UkZnazdtWC1ESHhDaURDNExPNDBoYmdGQS0xYjhzbVVuY2RydmlkM2tVRDVjdFpGRmxzdC10ZVFCYVYtQ2J0QV9JWDMycG910gGGAkFVX3lxTFBrRk1MT1pMc3Y0QXJoOFlmR2t0dG9WRzlSMWtmTVNvVVRWTTN0LWcyeXpMb1Z3UmNpUUtlUGc4a2xZX1p1TVZaYTRnMkJoNWVxQzlTdER1ejEwdHRkR0gxN3VKYURIWWM4djJQUXduZ3NwMF9ZenlELUFTYmlyb2h0NWRXUUZ3NmFxdFlzRTZ1cFdjdS1VcWZSOE5qQ2JMWDFOdk14dDNSTjhDdGNIUXVuOXZBa3lqbDJ0ekNubnJNSEd0Yk9iRUtxdGE3VDNHNnllYTI4bFNHUkZlX21qeDV4cTdndk1iNUY3VFlXM0p5d0JyOEctVEpsOHk0SFcxNWtxTjFRRkE?oc=5,The Times of India,"Tue, 25 Nov 2025 08:00:00 GMT",2026-06-14T20:03:18.478350,cyber_stalking_bullying,True,False,candidate,https://timesofindia.indiatimes.com/videos/news/china-rejects-charge-of-harassing-indian-woman-in-shanghai-but-insists-claim-over-arunachal-pradesh/videoshow/125566443.cms
online stalking Arunachal Pradesh,'Arunachal Pradesh part of China': Indian flyer detained for 18 hours at Shanghai airport; passport calle - The Times of India,https://news.google.com/rss/articles/CBMiigJBVV95cUxPa1VKWVg0aUZHZ29iSlhuVkxIREpHN2IxRTFZdVRiSFRhZXlnb1dzUXYtVWlmZDg4aFNXNEswUm1ZTmhSRklnZGVCSmpzZ2VuQ3VRdXM4U0NyVnZkWTJZRkNYZ0V4SUVubjZSWG9IekFHYzFVcW1TTm5hc2hhVi0zMmVQblNXajJJdVBZRUFMLWhkdC1fdmFRS0F3NDVCQ0hEN3YwbnEzcHBvWW9KUU1pcUtLeUxSNmtza2x4dGotZXgzVG0wMFBmVk9ubDVxUXpMcXZIU0c0SzZXLUJfbjgwT3RDMTBfb044SHNJRXJGOXpXOUphS0RrWG13aUJfcnJ1SDRZTWlqX0MzUdIBjwJBVV95cUxORWNsbnRRREkxRkVqbEhtNmZyRnJGR1B4cC1xM1ZkS3VpZUJkU0RHWDFZLW84Q1VUVm5CS2xjTEE2WDllNzJyV0VJVEJRZi1vT215c2Q2VV9XbkE3cWRTTlJLN3hZamttRk9DeHRiZlpNeFl0cWtFMm8yUVRFVGM4dXJBZWJIQnVEaFRmZmtNbDdHWE9NWDJYRFJLV2xndDBfeGNRSWtFTm42UGVsN2pJZFZ3VkVoZTZyRFp3SE5XQ2Y3ejZST0F1cm1FNW9IY2w5S0taS2RYS0FieENzZ3NNcFRhendwZUtra2JwbmppZ3RUcXRIbldGVUVDTTZ2WUtNUWdpbW1TVG54dHpBZVE4?oc=5,The Times of India,"Tue, 25 Nov 2025 08:00:00 GMT",2026-06-14T20:03:18.478409,cyber_stalking_bullying,True,False,candidate,https://timesofindia.indiatimes.com/city/delhi/arunachal-pradesh-part-of-china-indian-flyer-detained-for-18-hrs-at-china-airport-passport-called-invalid/articleshow/125555653.cms
online harassment Arunachal Pradesh,Indian travel vlogger detained in China over online comments regarding Arunachal Pradesh - The Statesman,https://news.google.com/rss/articles/CBMi1gFBVV95cUxQX055eVl5d1lUdlQzd3FTZ2UxQ25NcU1xSXprUEVFeHMwVTZZTkxycGhXeFJmNEJ0d1lhYzRXeFpBSHlSQjQ1S2RWQ3RMWWNzdzZBcjMySEFaOVpTVlRuWXVfVm0tN21NYTNRLUgtVVNQNUthSkwxYjd2dXhhWEZNRjRrWEtDU3NGeS16M2VzOEVwdTIwR2RIcEtIUDRDSGZRdFJaOTJOSnF0VWlWc2RGa015OG1HdnhlSDByUmZRV2JidTBlMU5VbGZtb2lhdm5NT0JGVWpB0gHbAUFVX3lxTFAzYmxxVTRLOVhZQzNQdWNVeEhsc0F6aWMyMndPVGo4NFFVMkZqQVE1aV9qbUFOZVZZZzQzeVhrX2hRR1VLV1FBTXNXVEdDN01iNGpXSGEwakxWMW5OYUc0TmNUaUJQMnE3QkJNektyYjQyOXhnRW5Da0wtNGZ3TVkzNFBhVWRLaS1pTzd1UDdDbTZCNHBTdWtWZEl6ek1kQ2RTd1M1NnRzakU5amNnWkRmNXU3UVBqQjNnQ1NLTldpN3d0Mk1CU21LMG1nck1GNkdFSzZPalcwRXZZbw?oc=5,The Statesman,"Wed, 24 Dec 2025 08:00:00 GMT",2026-06-14T20:03:24.356562,cyber_stalking_bullying,True,False,candidate,https://www.thestatesman.com/india/indian-travel-vlogger-detained-in-china-over-online-comments-regarding-arunachal-pradesh-1503530196.html
online harassment Arunachal Pradesh,"'Arunachal Pradesh Is And Will Always Be...' Jaishankar Warns China, Blasts Harassment Of Indians - The Times of India",https://news.google.com/rss/articles/CBMi9gFBVV95cUxNQXktTm9jczNfeW56UllfQkllMTZjLVJKZl9uRDJjQ2lEOGdnYXk4ZnpqYzloNkxVc3NEVTdfcUM3RDhWeFQzTnRfNlpxTExDQTBzLTlIcFVla2hnRUlQaXFLSUMtX2s5WDNkN05ORDVFbmlCV3FnUFNRUU9Ibk44OXpFZHhpaUFwanloYU9QNFlpRndEaGpfZ3paVFJoQldORlJxbjBSeVA0TjVZb2VmZ2ZzUnZOaFEzQjhhT1FTeW02TlplZmw4NWFVVlh6NUpvQUxjdVBXQ1lfUGxQSVhIM0Vyc1BiNUxQU0xuUkZCMmQtU1UzMWfSAfsBQVVfeXFMTWxMQVk3bjlmNjVJQTB4R19QeExpbk5hUTg0ZUdXM2JySi1VMURJcm81emE2ZUdOeVVCWENPeEJfa3BZX290Z0VCVVNINDgwVzNjU0F3cVRIQXR1QzZfVlltc0RGRWJJY05KTVUtUV8tSTJnbHFFMmwzdS00WHk1dlRodmEyNWNTcC1nLVNpQWtDS2ZYSlBIUndhWk1Takc0czZzUjlONzZaMC1UOERWeFRQdmdOMjgzVW5qRUV5WU02dUhvSjFYb1hxV2tDaVpPNFZ0ZEdtdGhZQzdGbkxYX2xPeTZHUG12ZFZlWFVsWTQ2V1FNZWFzRGVkVms?oc=5,The Times of India,"Fri, 02 Jan 2026 08:00:00 GMT",2026-06-14T20:03:24.356739,cyber_stalking_bullying,True,False,candidate,https://timesofindia.indiatimes.com/videos/news/arunachal-pradesh-is-and-will-always-be-jaishankar-warns-china-blasts-harassment-of-indians/videoshow/126305314.cms
online harassment Arunachal Pradesh,‘You do sex work in massage parlours’: Outrage grows over Delhi couple’s ‘harassment’ of women from Arunachal Pradesh - Telegraph India,https://news.google.com/rss/articles/CBMi8AFBVV95cUxPTlp2RzliSmtNUWdiR0p2dWZqUzYzMHcxMjhxaENrMU9CcDdWWWItU18xa0txWWlUanlfaVBZY0t3aUxsWTU1N0ttZnMxRXJFWTdOcVAwT0puV0dLZ3NIdUlXZVFKd1lZQjhlSnlhY1lYaDFtQkpFaV92RkdBV2ZmV1o0QVFxb2dnQlBHelNla01JcEZnSDFsNng1Ym80QWZ0UFpBOVlJY2lyTkRwRHNaRFBOREM2UUp2YTIzQzl6M0EyMlVDT1FsNER4Nkw0a3lzWXFDa1RZaXllYVZwbUFQYVFfXzk3N0NhZTNuMWg5a2bSAfYBQVVfeXFMT0pjbmlpQ2VfTEVOMWUyS2FxRUJUdENHUnBJdEZzTW80dnQwY2hZNXBoQnVuNDNDUS1qZ2h0emhGa3VNWmRaM2JodmlxRHJDWFdkY0JLaEJBeVdmeEdSc0N2ZXM3VjRJR2J6S3pqSjNTZUZhc3ppc2VZRWowMlZ4QzZlOF9nbWlfTkE5Qmt4Q3JkU2NPRGFISmw4djVmWU5ZQm5mNDlsMXBGQ0hiQnFJQ2ZHQWRUZVFtaGVxSzFPV2JGU2xJendtOFppYTNaNWcteVdXeUk0VVdzRTlVX2l2UWtkbWg4N3JCRVRpVFhXdlFTaFVNcGRn?oc=5,Telegraph India,"Mon, 23 Feb 2026 08:00:00 GMT",2026-06-14T20:03:24.356826,cyber_stalking_bullying,True,False,candidate,https://www.telegraphindia.com/india/you-do-sex-work-in-massage-palours-outrage-grows-over-delhi-couples-harassment-of-women-from-arunachal-pradesh/cid/2148554
trolling Arunachal Pradesh,"Arunachal Pradesh: Indian Army helicopter crashes in Tawang, pilot killed - Mid-day",https://news.google.com/rss/articles/CBMixwFBVV95cUxOVzZUc1FHRGJLZGJCaFdQQzdLWFExZHBRSC1xZTZUR1R1V2JXOWtIM0otMDllaDZsMWFmOXB5ak1qdkNYcGxHRi1mUDhVTmhqUG1GbDBIZkJxMHhhUFNkanJVMkVDaTVUeUlTYmVoUmFEcXpQbU4tWHZQeDFpLVlDeFVQamhEZ1FsNEFIcnNielZpQkRSSXhHMGw3elBKbUFaT0JicUNkT3ljWGRVMTI4YndFQjd6Mm5GdHlJV2ZjYW4tMElDc1hF0gHMAUFVX3lxTE9RejRFbEp6V1lwWmw2SUktclc1TURkc1JlYXJ1U1VkNmtaY2JONzY1Q0J5WkhuYXZsbG1iSFYweDIxbVJKRWZ3UWpPYjQxT1FaRnV6a0s1eUZza0JfZW01c2xUOVVEd3BLRnJhU1RxNXROZlhZU2luTXpnMnk2YmxRel9tYkEzaFBvSVdaWXBQVDdDSk9sZE5GUmwxVTZmSGhGVXhWN00yUUcwMEZNWDhEREhnVjM5dThoZlN3YTN2bGtwZTdzQjNEV0JpNw?oc=5,Mid-day,"Wed, 05 Oct 2022 07:00:00 GMT",2026-06-14T20:03:26.240493,cyber_stalking_bullying,True,False,candidate,https://www.mid-day.com/news/india-news/article/arunachal-pradesh-indian-army-helicopter-crashes-in-tawang-pilot-killed-23248926
trolling Arunachal Pradesh,I Got Several Hate Messages: Roshni Dada On Speaking Up About The Societal Practices In Arunachal Pradesh - Outlook India,https://news.google.com/rss/articles/CBMijwJBVV95cUxNNUV1dU5yM1hyYkswMUdRV1Zra2tTc2pJWHVWdTlIZVlhaUU5bnY0QnRSdEJSd3JuRWNabldscjQ5c2FQaWx3TEdXeGxGRERFczQxVUFLYUkwUkdOZVBVaDJSVlhhenpRZXpiZVNGeWJVemotTzUweWxSOGJkUjg0Ny1VOHRJYUk2bVFOS1JLaEx1ckYtcW9wanY0NVVITzhVNHRYMnBoaTJDTHlaNnI5aVhLR3BBU0FzTGlGLVVDZTdFS010YzlLbHRCRHp6OWEwOUZ0N2tvcXA2Mm5INVBDandjYWFiWnd2Q1pRTFZwd2ViVU0wYW5DLU5jbUZ3TzdSSnRlM296RFZ2ZDVnRURJ0gGcAkFVX3lxTE9nUUVXb0QzN29UWUpGLWFSNEdZNzZ3N0UyaGw2b0UtSXJ2NWNkOTlzS3ZlWE9Qc0F3MFdVZTJ4M2lRbk5WNGxUXzVaOTByTEJkZDFISHduRTYxcGhxOHpIdEEzRDE5WTdKc0JxNXd2a3lrOERlNng2ZzBadzZJT1R4X1djZ3BzWmN1dXFLRHYxcW56VmxBU25UTFc4ZnpTUVZWcG1RVEZtUWdrZjg5UEoySnFXYTIxb01QMktSQ2JiRThpLUJlNzFvVkdKYWpqR1dwVjAyY19naVdlU2U5X0FpNGctVmJQUVVvc1JIXzJQVFpRc21QSnNvel9vOGlDT2NjSmNGd1IwR2VpYWN5UEpVODJlVVc2SWJuZUF1?oc=5,Outlook India,"Tue, 09 Nov 2021 08:00:00 GMT",2026-06-14T20:03:26.240535,cyber_stalking_bullying,True,False,candidate,https://www.outlookindia.com/art-entertainment/entertainment-news-i-got-several-hate-messages-roshni-dada-on-speaking-up-about-the-societal-practices-in-arunachal-pradesh-news-400308
hate message Arunachal Pradesh,Arunachal Pradesh gets its biggest Church in Changlang District - Indian Catholic Matters,https://news.google.com/rss/articles/CBMipAFBVV95cUxPOUNsOG5la3VUMTduNWJ1Q3l3WWphR1N1SHZ6dklFOWF1SFJob0E5djRRQUFMbDJ6QjE0UzQteE5BUFFUengwV19fNVdsOVo5ekRYbW55VWZ5TG5tNHdOejd0dHdraGMxTjRkZGlkX21IRlN3bk9ucDVCYXVPYUFFSmxDLVl2bVU3WDUydmMwdXNDS3Vyekw5M2lINElMRVhkanBTXw?oc=5,Indian Catholic Matters,"Thu, 06 Dec 2018 08:00:00 GMT",2026-06-14T20:03:28.108293,cyber_stalking_bullying,True,False,candidate,https://www.indiancatholicmatters.org/arunachal-pradesh-gets-its-biggest-church-in-changlang-district/
online abuse Arunachal Pradesh,Safer Internet Day 2026 Observed at DNGC Itanagar - Arunachal24,https://news.google.com/rss/articles/CBMifkFVX3lxTE5ubzBBOFFDYkJXWVNlcXpWdG5tbGVZTTBVcVhJRnNjVVc0amtpZDhjM05VUjQ4ajBrUklXZDdWUzExSXhIR3pPampFWEp2MmtqTEpManhBZHRhVGVCQjFHWXdtY2VybXFDTDhGclZ2M2prWGE5cl85TEhSYmpPUQ?oc=5,Arunachal24,"Fri, 13 Feb 2026 08:00:00 GMT",2026-06-14T20:03:29.913904,cyber_stalking_bullying,True,False,candidate,https://arunachal24.in/safer-internet-day-2026-observed-at-dngc-itanagar/
online abuse Arunachal Pradesh,Is the Dalai Lama's 'reincarnation' in Arunachal Pradesh the real worry for the Chinese? - orfonline.org,https://news.google.com/rss/articles/CBMiuwFBVV95cUxQUTNLQ2hTdkw4SlprMWtwN1FoeHFtZFRJTG5rclZNOUtmc25nRk1NT3dWeXEwZlJjYno3TDlpZmhlWVRFSzdISVl1aWhGLUNzOGxyRi0tWEFrRDRSS1VDZkNNaDZNVVhVbkZoY0toQlpDVzdHMklZc19rX3p2eXZpSkFxTWEzMW55aUlWNEEteW83NVVyUWJuV1VXaXRzWFJSeUVYamF1MUhUcG5TTlhKcExDTF9zS0p2c08w?oc=5,orfonline.org,"Mon, 10 Apr 2017 07:00:00 GMT",2026-06-14T20:03:29.914203,cyber_stalking_bullying,True,False,candidate,https://www.orfonline.org/research/is-the-dalai-lamas-reincarnation-in-arunachal-pradesh-the-real-worry-for-the-chinese
online abuse Arunachal Pradesh,NSCN-IM cadre surrenders to security forces in Arunachal Pradesh’s Changlang - Northeast News - Northeast India news 24×7 -,https://news.google.com/rss/articles/CBMiugFBVV95cUxQU21UZWpIcEoxSDVmOEpvVzFjRlFlOG1jUlUxYkxhcFhqUUF2Zkh1TlNMaVJ4MlFndW9nWnB1bmVfd3BlYVRuUzJlNF9NRFhNZDIyaS1fWWg0UnJ0UnREaEowY1RCRFFZb3NqZ1NsSUZsU3E3M0NuNWlOcW1TWFAwNzk3cGNqOTNEZlVwSUlpendqdUg1YmJkeWVLbkZsWUdIMkdYWGFSLWRZWjRwdWpOUjhteVBOUkZab3c?oc=5,Northeast News - Northeast India news 24×7 -,"Tue, 31 Mar 2026 07:00:00 GMT",2026-06-14T20:03:29.914355,cyber_stalking_bullying,True,False,candidate,https://nenews.in/arunachal-pradesh/nscn-im-cadre-surrenders-to-security-forces-in-arunachal-pradeshs-changlang/46496/
online threat Arunachal Pradesh,‘South India should take inspiration from Arunachal Pradesh’: Chum Darang’s comment about Hindi starts online discussion - Mint,https://news.google.com/rss/articles/CBMihAJBVV95cUxPTHJGU08ySU0zVjA4QWdmbmlhcEZKS1AtTWwycFZEV3Y0WkhETzZPRmRlS0V2bzNnd3VHSy05a2JvbXcycGF3NWNoZVJzQ05WTmlSZU84Vzgzd1oyODVwUlZKcC13RzV5Y0JvemhUNTlqS0ZzS2l1blhmRW9BdmxWWGcwTUZYNllsb1otVDJ1WEZyNzgyeld4blE2bmxqa01jVkc3SXBkNVVIajJLc1o3anFKTU5TcEdNX3hfSWMzWVBrbU55bjFwSGdsLUZuUG40dDZkRVBzaDQtMVU0UDNHZGVlWDlvczh0VzM1TVFFMEFscTU3R0E3RTh3LW9kYXZKWmo3UNIBigJBVV95cUxOTDMzdE9ES0UzNmVsR3habVlrSE84UFdRem54U2xaVnlsQ0xZTnlEb0FLd3QtOWxVWU9aeFQwR1c1RXVlb0dSM3AxSXRmWUkwREduSXdoMVlNeVJXX2xBWXFRT1FfZEYwZ1lZRkFoalM2OUZsRHc0cnMyYkZTMXllaEV5clB0UEI0cDVUUlJOLWpjbkhoaTM4UlFyVzhSQzRiWDlkMklLU3lQYkViNTJGbl8wWlJNQzdzYnhXUDhCNjA0TmdSc2xZbVEyZFNacnhobm9yRWJma1VVak1sRU5LQ0RiTlp6SlFXdWJvWlpkV3pqQUNsT1NFZ0tGSDhYLU84MUJvUklfUWF5UQ?oc=5,Mint,"Fri, 25 Jul 2025 07:00:00 GMT",2026-06-14T20:03:33.792140,cyber_stalking_bullying,True,False,candidate,https://www.livemint.com/news/trends/south-india-should-take-inspiration-from-arunachal-pradesh-chum-darang-s-comment-about-hindi-starts-online-discussion-11753447496942.html
online threat Arunachal Pradesh,APPSC Recruitment 2022: Apply online for 259 TGT posts in Arunachal Pradesh @appsc.gov.in - The Times of India,https://news.google.com/rss/articles/CBMi9gFBVV95cUxPZjlhOEdMQlgxQWZ2YWt6QUpPZV9CRk1pTkRVZ25PZXFGY0dRMXg5cVhGRlJwYktRdll2YVJSdXFyQmIxam1XMVQtbkJTS2tpTzhSeEFjbmQyYzBHbnBPdnJtYmF3OWpHYy05dlNyd2tyNDd6eXdSU0ZSdFJDakRZZ0dKRE9EZnRzZllEZl9QLVlqclFRaWdqbTlvV1g4Q2N6bUpxTkhIOGczZElva3EyRUpsWEUyOEJhclhHdWRkeWRZMmd5SFlrU3JTZWFYcFNmUkh3OUstalFaY2JwcWhmQy1ydjZ2WkJoVEsxWlc4N2ZQeVgtaXfSAfsBQVVfeXFMTmtIZDAtR1ZTMDEwbFloNlQzUjRnQ1ZmQXlNVE1RcVhZSEtKVUwtWTFkOVhYdmlTRDU4UHdqZGNCRDZjUUNMSWMzeG1jX0hMa1pIZzdXZWdrejhrR20ybjhTRjIwanRzYzJfY2FLcG0xNmwwdzhDVlBzLW1VZzlKYVM2akdST1FtVTlQeV9FVXY3b1FBeVZFLUl5dXI5bVE2Vm44ekFUNG5GOWtINEgyZVQwRHJvSVp4Y09tNDY3NWlfSkxPUTlPM1V5b25zU2VpRnA5T2g2LUhRcnBJNkU4TjJZeFM4NUZuU1loeW9zUzY3dEZHNG9QV3BwYlE?oc=5,The Times of India,"Tue, 12 Apr 2022 07:00:00 GMT",2026-06-14T20:03:33.792293,cyber_stalking_bullying,True,False,candidate,https://timesofindia.indiatimes.com/education/news/appsc-recruitment-2022-apply-online-for-259-tgt-posts-in-arunachal-pradesh-appsc-gov-in/articleshow/90793658.cms
online threat Arunachal Pradesh,"In a first, Arunachal Pradesh to ‘red list’ its orchids for protection - The Indian Express",https://news.google.com/rss/articles/CBMi3gFBVV95cUxORUxkbVZnSWNvRmlLR29Cak1CcFlRSlREZmtJRWtYbXY4Zm9mbnl5czBrcV9qZ2RiUEw2VFVmZ1Q3aEUyWnhfZ2Q1V3dWeGplYnNkaE1nVnpILWZGNVgzbXhXZ1RxdFdEcDhKQ0h2RDFxM0lkMnZRckU3dFhpemtLT09ZMFp1X3Z1T0ZQeW1IcGxEYjZwdG5OdHVOdEpaeGNCb3Vhb096bV81cmtCQW5LZGF2T1RBZmpGVWQzYjZqbG8yRHRTMl9PY0l6RkFqcVN6bFo3RmFNVzR4djBQRmfSAeQBQVVfeXFMTThKdkRRc1E2UnpPcGJKMUFVVlpsc2pyMVQ0cHB3ZFVPcVpGVE9YZDN1MWRqOHZqUC1mWnRhNWp2VUptNjdhRkxEdEp3LS10X3hCY2hOM184MnJyUllkWVVwTUlNZktYTHp6R3dubFgyUkJ0YzdQdGF6bHJUY2dRQzhLOHdZNkM0TVRZR0ZseFExRHRCMW53TS1xYjBhOWE4b0VESWxNeXc0SV9EVThqV1V6WV9zVzRya09YRWlmMmlHNU1DTElFY0pYYXliMjVpaUhqZXVxM2FHTm5mbGJ0aHliZXJT?oc=5,The Indian Express,"Fri, 17 Jan 2020 08:00:00 GMT",2026-06-14T20:03:33.792440,cyber_stalking_bullying,True,False,candidate,https://indianexpress.com/article/north-east-india/arunachal-pradesh/in-a-first-arunachal-pradesh-to-red-list-its-orchids-for-protection-6221893/
online threat Arunachal Pradesh,Arunachal Pradeshs DIET Staff Threaten Indefinite Strike Over Pending Salaries Since 2019 - Free Press Journal,https://news.google.com/rss/articles/CBMiywFBVV95cUxPd1pDVi0wT1pJeE9WcExORkVXTlBuYlJTdlZuVFdxTzc5MEp0LXNPUFAzQm45TDBOQ0FiQ2stczRob05paGtJOUEwMklRcHVzdnk1MEpUeXpDblVtRlllS2RSRWhkRFp1LWFIdGFUby0zSzFjcVV6NExwTml2amw5NVh5QXpLNW55eGdMcG4tejhLNjIyQXdBMV9FWEZFUHFOc3ItMkZFUE5KYl9MWGhoeXczTzNaOUlDMmoxS2hRUUhvS2JUbU5vb2xrSdIB0AFBVV95cUxQOTVleF9IYW4yUGZscmtSMUo3T1V2cVJfMEVxM0VmU0xaY3VkYm0zRWZLaGlGdlFFY1dhZ1AxeGlZMjQ2MXVrLTdLMVM2V2dZMTNLMjkyX004eUhKZVQ0UER1YldBb1ZzbHVUVFJSY0pNNy1MY1FySUVzbXRya2ZjT0RXVVVyOHlGWVI5dnRwbkllTjNLNko4eDRMdFlPVFM2VnlWU2NJNURrSkJfa1RTSElEMHdjQTYwWHJkTzhyNE1RLXVDQmhSaFJyQjQyV1Ax?oc=5,Free Press Journal,"Fri, 29 May 2026 07:00:00 GMT",2026-06-14T20:03:33.792549,cyber_stalking_bullying,True,False,candidate,https://www.freepressjournal.in/education/arunachal-pradeshs-diet-staff-threaten-indefinite-strike-over-pending-salaries-since-2019
sim swap Arunachal Pradesh,Vodafone SuperNet 4G Services Launched in Arunachal Pradesh’s Tawang District - TelecomTalk,https://news.google.com/rss/articles/CBMie0FVX3lxTE10aC12X0dBdkZEdVJVT1ZoUk1BVXpISjZRbzFDbHhCblhFbW9rWVRnRUp5UVFvdXlzeEVLRjBqUzczalJlZnBLajhETmVDVE53b2ZEdmIzQnlRcEdDUnVNVHdvZ19haUctS0EwQWpvaFBRUi1HNGxodDJrMA?oc=5,TelecomTalk,"Thu, 13 Apr 2017 07:00:00 GMT",2026-06-14T20:03:35.690023,sim_swap_cloning,True,False,candidate,https://telecomtalk.info/vodafone-4g-services-arunachal-pradesh/162523/
sim card fraud Arunachal Pradesh,Arunachal Pradesh: NSCN-K cadre surrenders before security forces in Tirap - ANI News,https://news.google.com/rss/articles/CBMi0wFBVV95cUxPYTdQdkNUOEliRGVTX09RamJzTmVCYTZORUxHUUdYNXJMT0hvWVQ0SU1kcEZhcUloR1BBaWVJc3pVb3Bwekk0ZDB4VG9lR3VOX1VfX1NMV0c2ekZKMUo0X2JBemtIZloxbVNPNXRaOVZ2LWRyempvbTVwWnI1VG9BYnotNEUyM3I5Nkt2NE1nWWhSX05KbTgwVlNiakd0V3NfdVN1dGFWMFBwZFN6VEFNOWpVeXBPUEFIVzBvTHdkZ291VU5PODBGcC1UY1RjQllJdElr?oc=5,ANI News,"Fri, 13 Feb 2026 08:00:00 GMT",2026-06-14T20:03:46.020567,sim_swap_cloning,True,False,candidate,https://www.aninews.in/news/national/general-news/arunachal-pradesh-nscn-k-cadre-surrenders-before-security-forces-in-tirap20260213090441/
