query,title,url,source,published_date,collected_at,search_intent,is_state_and_cities,is_noise,row_type,real_url
cyber fraud Sikkim,Sikkim Resident Loses Money After Scanning QR Code In Fake PM Cash Prize Ad On Facebook - The420.in,https://news.google.com/rss/articles/CBMifkFVX3lxTFBtdXRhb2o1SWpWWmJpQTNoSUQtNEdHcUplYkVid0hOVzZkYmNfRmliNXR6cFNOSHpsSzBsNmFSQmljLTVMdi13dmpEbWl5V3V1a1ZmQnlsUHRheVpSQ0NIdnlPMi1FOXo3VnVKRm1MUkpnWk9WRWlIREZsdkU0QQ?oc=5,The420.in,"Sat, 02 May 2026 07:00:00 GMT",2026-06-14T20:36:54.130558,cyber_fraud,True,False,candidate,https://news.google.com/rss/articles/CBMifkFVX3lxTFBtdXRhb2o1SWpWWmJpQTNoSUQtNEdHcUplYkVid0hOVzZkYmNfRmliNXR6cFNOSHpsSzBsNmFSQmljLTVMdi13dmpEbWl5V3V1a1ZmQnlsUHRheVpSQ0NIdnlPMi1FOXo3VnVKRm1MUkpnWk9WRWlIREZsdkU0QQ?oc=5&hl=en-IN&gl=IN&ceid=IN:en
cyber fraud Sikkim,"Cyber fraud cases rise in Sikkim’s Pakyong, victims lose over Rs 1.3 lakh - India Today NE",https://news.google.com/rss/articles/CBMiygFBVV95cUxNbzZqNXlpMi15UjhrcGpYT01qTjNWYTJPRThTdDN2LVY5X2FnZktaTWRfYmJhYjJvREl5aVdhNGN3T1k3ZmZWcVZ0LWtMaWt4djdPZjY3QXJlNlQwenVyLXA4VFBLT2VfZl92TExYV3pkNTBwUnVxYkpidUNRNXlCb2xSSU9udWJkYXpoR3BVWE1hdVowQUtTMkNXS0VZN3dieWNVbnhkMDNGMVFnRkhkX2pOYkdoc3BJSXI2T1FtS3F3VTdWSkJtTWpR0gHPAUFVX3lxTE5FLUxrRnlJUnRZekRJYXl2bTFVZVlVSktNRUVVM1lrdjM1U29ycFdJQWxPOGRsRjhXRjBydHRaenNrV1NJdDczcVNtZlBlRVFKZlQ4THpKQmZVeUNHR3lra0plVTZsSGN3c2tneks4OG5pam90R29QUkRpaWdBejcxTFNaRjVFWjJJQVczS3VkSElNRnZ1TDZiSkd5RzVEdVh0Z0plNWF6RkY4R3ZPZ1E2UW5NN2wzS1VsaGpUNTMwaEZvQjJkc00wV3BzQVA1dw?oc=5,India Today NE,"Mon, 09 Feb 2026 08:00:00 GMT",2026-06-14T20:36:54.130574,cyber_fraud,True,False,candidate,https://www.indiatodayne.in/sikkim/story/cyber-fraud-cases-rise-in-sikkims-pakyong-victims-lose-over-rs-13-lakh-1343719-2026-02-09
cyber fraud Sikkim,Fake PM cash prize advertisement on Facebook dupes Sikkim man in cyber fraud - India Today NE,https://news.google.com/rss/articles/CBMi0gFBVV95cUxPQmxJT1dHV3J2VjJlSFlsc0NDTXNUYUdaanUyYTQxc3pWX25MUzNYek5PVmhucTZRZ1lQSnlRWGZjS1BtTDBqeVFGZkVNS1pQMlQyOGhORTMwdjZKSnZqcW1UNGg1M3BxemRhV2QwSE5mTVZ6Vkt1RmdBYjZvOFVFVk5iYkFIbFNwSW1rUVExZERqemtFQUItVU1FRklyMU5ZSU1maTlEUGYwQzJlLWc3cmNWM1ZLM25FclRDQTMzRWVpUjlpRURyVmwyNGhfU054NVHSAdcBQVVfeXFMUHBFQ0hub09mc1hJSzBTLWhBYUdjR1ZXcWs3bHdkRi1TdTludk03Z0JuZUpOb2Qzdnh2RFRMLWFuV3RwcUNYY3BfTTFwdWJBUFIzYWdXOFBBbzNsdlFiZ3lHZW52UWtLQUNScWJuUGJyUE9CUFVYMFVZZ3dJYklIamxicElvWXVRb1R1ZDdwUFNzOXBPU01ING1WM0NlSE5QejItYlBjT1Z5bFFaX3FzaHNHZkY3NmNsUkl3UGFHUGQ0QmIwcVNVQ1JXQXN3NTY4SkN5QmMwT3M?oc=5,India Today NE,"Sat, 02 May 2026 07:00:00 GMT",2026-06-14T20:36:54.130600,cyber_fraud,True,False,candidate,https://www.indiatodayne.in/sikkim/story/fake-pm-cash-prize-advertisement-on-facebook-dupes-sikkim-man-in-cyber-fraud-1384955-2026-05-02
cyber fraud Sikkim,I am a Sikkim-based lawyer who got duped online: Here’s what I learned - EastMojo,https://news.google.com/rss/articles/CBMiqgFBVV95cUxQaDUzTVYxbEFBUU9SY3AwOGczNEc1eG9oaVZRRlVfaWNsRVVtdEZ3dEJXUWJKcVZaSVIwaWY3NFVacGpVTFJQeVNTakE0eDdQR2J5X2RJeG1qR3VVNUJRZDFQcThhVUd2QnNOalFLSWxwOHpBdDBzcVRVUVpRWWZxVWtXdzBlU0RDMmZXZ0FkYWM0U3hTdkV6MDRSS0YwbGw1Y1c1M01GS2RkQQ?oc=5,EastMojo,"Fri, 24 Jan 2025 08:00:00 GMT",2026-06-14T20:36:54.130624,cyber_fraud,True,False,candidate,https://eastmojo.com/news/2025/01/24/i-am-a-sikkim-based-lawyer-who-got-duped-online-heres-what-i-learned/
cyber fraud Sikkim,Understanding nature of Cyber frauds in Sikkim - The Sikkim Chronicle,https://news.google.com/rss/articles/CBMikAFBVV95cUxQRDh1bW9vdEtJbm1FMkRINUlUTURDVFlwT08tVnpMamlMZzgzTGhtV19pMVZZUndQNXNlWVVPc21UclROLWVOOVZBeFVNclVKYl9jb3RPNjREZEJkN1Utem5OblpmSFAxYXI5UkRZSnVyX0dUdjZIc0ZJRFVEcVNmQzdiN0RRR3BPZ21PQ1FxSWc?oc=5,The Sikkim Chronicle,"Sat, 05 Mar 2022 08:00:00 GMT",2026-06-14T20:36:54.130645,cyber_fraud,True,False,candidate,https://www.thesikkimchronicle.com/understanding-cyber-frauds-in-sikkim-and-its-nature/
cyber fraud Sikkim,"TDSAT organizes a Seminar on “Regulatory Mechanism and Dispute Resolution in Telecom, Broadcasting & Cyber Sectors” in Gangtok - PIB",https://news.google.com/rss/articles/CBMiaEFVX3lxTE56RVpKQlRQbWpQTVNaTmw4RjNNVi1MRS1zWExxaVFUMTlXdXptaG9sc3hYNjlvZnF3T09JN0NmSW1hRV85b3NLU1N5eDF4NUNadHVqRHhuTmxIai1BZDNCdzRvcnVHMU9o?oc=5,PIB,"Sat, 17 Feb 2024 08:00:00 GMT",2026-06-14T20:36:54.130658,cyber_fraud,True,False,candidate,https://www.pib.gov.in/PressReleasePage.aspx?PRID=2006792&reg=48&lang=2
cyber fraud Sikkim,"CID registers four cyber fraud cases in Sikkim; victims duped in shopping, internship, booking and loan scams - India Today NE",https://news.google.com/rss/articles/CBMi-gFBVV95cUxQM3lqTWZZMzVwZlJVMUlFLXZPMVhJbDJveUs3b0pmQ2F1UTJFcDI0QlFRdEs2T3dkRFgyMVMwMWlwV3pLNDhJV3Bna2c2emoxU3BOYmV2bW51dWE1NWtWU0ttR2VIR1hBcHhCNjc5cF9UMlF6c1UxcDJzazRTS2ZCWnljc3E2TXd4dmxSVU56UlZleW1OekFTblJYWUpqclVuY2dtaEZSd0k0RzNIMFM3bmRVTGxGUWlhVi1CX1RqV2xJRFRNWGxRSFJ0SFVkdVI1ZUhvSXd6dExBeHM3SFZ6dTJlOFhwR3QyUDh2SW1sbm1sMjU5ZW03Z1dn0gH_AUFVX3lxTE5DVFluSUFlcW5ibjFQOEJPRlF3NG9QRXlNb0RnUDFWSzNGN2VsYWhzekUwUTNpc05SUUoycy15Tkc1UGUzWGgxU0U1ekc5WXpZRkxubUtSTXNZX1JQT0lRYjY2N3VLbjk1RjJsSkdvWnpfN0hvblIzNHVpdzlWOXMzU09XU1R0NllhUmdueWtCVU9yUWhVZWJHenJ4akNCSWNPZVhRUHhKQWZ5UDJPWHR2Zmt1ZjNsWEFYbE5VVmxTQWk0UTZYd0NfQ2ZFNmlXNU9BSFZOSzhfaHoxa2hwekJ3V3BYck95UEllX2lJNWtYQndRU0h3WS1oRXJIQWFGRQ?oc=5,India Today NE,"Mon, 23 Feb 2026 08:00:00 GMT",2026-06-14T20:36:54.130670,cyber_fraud,True,False,candidate,https://www.indiatodayne.in/sikkim/story/cid-registers-four-cyber-fraud-cases-in-sikkim-victims-duped-in-shopping-internship-booking-and-loan-scams-1350576-2026-02-23
cyber fraud Sikkim,"Sikkim Govt files FIR over fake merger letter, Police begins cyber investigation - Sikkim Express",https://news.google.com/rss/articles/CBMivwFBVV95cUxNaV9Od3VYdjJUSFMxV3Q1SVdXakVVMEhSYi1mSmViZk5yZUxJQ0RBbmI2OGJuWGN1UnNrcGxvYWl6VkhxQ0NHR0g3QUFJeTZicXRQS19zVzlkcGVxQ1JoVVpPMzMyU29pVy00LVg3b0x2cHJFRm1fYlVWM0pOV2JrS1paUXNodmdYOVBhVXpHVF8wWmNfcUsyRDFSX1JjS0c3UkFaWE1QNVlndnE5UFBrRGZTXzRkMHo5dEhQSWxoZw?oc=5,Sikkim Express,"Fri, 22 May 2026 07:00:00 GMT",2026-06-14T20:36:54.130694,cyber_fraud,True,False,candidate,https://www.sikkimexpress.com/news-details/sikkim-govt-files-fir-over-fake-merger-letter-police-begins-cyber-investigation
cyber fraud Sikkim,President’s Police Colour conferred on Sikkim Police - thehitavada.com,https://news.google.com/rss/articles/CBMiogFBVV95cUxQb19pdmJ1bVJPMC1wYkRILU1oUXUwOU9OemYwbDMyb1NQbGxpLXVTZlFYWU5GNDc4OHhMMGdVbnZ1RDhNaGlSd1RUUXFjVFc3WlNFZ0V2Nk8yQzlrV0RmMTdvVlZpY2RRbXIyRkQxSmk4WWtWTXdENHNiRnREaVlRWHZzazVFbXEtc3dOY0pSMDYyX1BfcmZqOHdqVWcyMl8yLUE?oc=5,thehitavada.com,"Fri, 29 May 2026 06:05:40 GMT",2026-06-14T20:36:54.130706,cyber_fraud,True,False,candidate,https://www.thehitavada.com/Encyc/2026/5/29/presidents-police-colour-conferred-on-sikkim-police.html
cyber fraud Sikkim,"Sikkim Police Receives Nation’s Highest Police Honour, ‘President’s Police Colour’ - Northeast Today",https://news.google.com/rss/articles/CBMitAFBVV95cUxOd1djdUN3V3JlcnNOX1ZFLTRxNF9IbTBRSTlYOEdhS25vSE1wZHRkNDQ5SGVBaVc5MWJELUNOd1RyTTJQcWZPQ1VXbG5feFR0RjlLczdQUUhqN09nUEdGTzR6Q3dxejFZaW96UU1oU3pBd1pieTJ0T3lhSjZySGlfa0lUWEFrd0JVOWxPMXZYZ3o3NjJydE5lRmlxT2N4Y0FVS3podzgyS3RwMGVySVpSNXdhWlU?oc=5,Northeast Today,"Thu, 28 May 2026 07:00:00 GMT",2026-06-14T20:36:54.130717,cyber_fraud,True,False,candidate,https://northeasttoday.in/northeast/sikkim-police-receives-nations-highest-police-honour-presidents-police-colour/
cyber fraud Sikkim,"Sikkim cracks down on illegal online gambling: 90 sites blocked, Rs 32 Cr frozen - Sikkim Express",https://news.google.com/rss/articles/CBMiuAFBVV95cUxPRU4wYTBOMG43ODhoQlY0OU9HTTNrb0FxSUhyT3ZlMHRySGdHNmpqbjBENEhFRDgzTkpNMUJVcWZwUC1NQjk2c0ZZSHRWeWhtbUpCSi1xWVRXaXZ2bUJCTUFVZFJTbW5ySGctWGRLck9jbWpHYVh3bHg4YTlQcmxGOUpvbzdFWnlTQ0Qxc2N0bk5aUlc3Mm1yRUVlV0x1cG9RLTNyaXRGdjRuN282SUpvQmhpbGFkellK?oc=5,Sikkim Express,"Fri, 22 Aug 2025 07:00:00 GMT",2026-06-14T20:36:54.130740,cyber_fraud,True,False,candidate,https://sikkimexpress.com/news-details/sikkim-cracks-down-on-illegal-online-gambling-90-sites-blocked-rs-32-cr-frozen
cyber fraud Sikkim,"Online ‘Easy Money’ crypto scam traps two in Gangtok, police sound fresh alert - India Today NE",https://news.google.com/rss/articles/CBMi0AFBVV95cUxQTFFSMDZaSFVnYVJRMXJzVUQ5Ymlic1JycVVlSVBnTEtiQk8wUVFHYm5fMURpSzByVXcwa1B1aUlMRGNOLUZMaFhEZEFZTnhXV29jbi1TeUxGSF93MDVkUGs1YVBWWW1BLVBtSDJ5TTJnMHNXU1EwaEMyOHoyMWJwOU1MUWZWOFNaenp0bEFaaVdsRmVISW9yTkRhNE5Dd3hDUzVZOWxFYjctdzFBbC1Xc09sUHNOUHEwQUtUS3pVOUhGX29HTExiVFFPQTlqekZl0gHWAUFVX3lxTE8zSzM5eVVpTFBhblppZWlmZnFVVDAxNzRKQ0kxUXJ2bDlnQ1RLUUVHSF9UbVZoN2Z4R29TaTZkR1AtZnJoZ0h3Um9yc1hpZ0p6UnVJVEFwT0JCU1BNTkRfSzBRb2NEdzNPSVdzRXc2bkw1cU0yNExhanhjRGJDdGR2dkV0dUhuSnk0X0FLejFfamNZNkotREhhT1ZRbEF0MVdkTWgyYS1Xa3R6SlU1T3ROQmxzSkR3WlZmV3ZlNWVWbUZZSEUxd3NDYXVYamFUenVJNUhmTkE?oc=5,India Today NE,"Sat, 17 Jan 2026 08:00:00 GMT",2026-06-14T20:36:54.130774,cyber_fraud,True,False,candidate,https://www.indiatodayne.in/sikkim/story/online-easy-money-crypto-scam-traps-two-in-gangtok-police-sound-fresh-alert-1332433-2026-01-17
cyber fraud Sikkim,Sikkim: Gangtok police hold press conference on cybercrime awareness - India Today NE,https://news.google.com/rss/articles/CBMixgFBVV95cUxPSmotdjVKc0lmNEZnb2VzaEVxcjJVdDBvdm5xRjlWRE9vX0lRajE4aUFtLUtobjU4RVlCX2VIaWttTzdIbUtGWjNTblZaY1FIZ0NZV0VWNU84dGFxTElXdXNfSjgwZDZPWjgzdDdOb3IxZzNkVmNuX1I4WC1qWW9GcGoyc2FOWjFtcV85eTZLOFNjbzlVOVR0Ti1rMHV6cm5uSkxIZFo4WExvRzAyQk9qZ25oM20wMDZjdFpuV1ctb3RXSE0wcWfSAcsBQVVfeXFMTUI1YWdnTHJIWHRoQUh6dU4tdVdYWXo4R0hleEMzN2dKWW02NGlsd1hVVk1oSlVmYXFrUDRQbE0ta3BxOW5sMXNaNG4tLVBMWF9WZDFYUEx2c2hiUDZmUDZHZFNzNGlkaTk0NGduX0t6TkQzaExHbkxkb2syb3U3WVRSVGpWSE5lZTJCc2NaWTlCWWM3YWN3d1dGVmxadkFPMERWYWl5WTVZblY3QkxZMVZNZUR3djJnYzBhUTg2bkFPd2tvU05mdU40WEk?oc=5,India Today NE,"Mon, 15 Jul 2024 07:00:00 GMT",2026-06-14T20:36:54.130786,cyber_fraud,True,False,candidate,https://news.google.com/rss/articles/CBMixgFBVV95cUxPSmotdjVKc0lmNEZnb2VzaEVxcjJVdDBvdm5xRjlWRE9vX0lRajE4aUFtLUtobjU4RVlCX2VIaWttTzdIbUtGWjNTblZaY1FIZ0NZV0VWNU84dGFxTElXdXNfSjgwZDZPWjgzdDdOb3IxZzNkVmNuX1I4WC1qWW9GcGoyc2FOWjFtcV85eTZLOFNjbzlVOVR0Ti1rMHV6cm5uSkxIZFo4WExvRzAyQk9qZ25oM20wMDZjdFpuV1ctb3RXSE0wcWfSAcsBQVVfeXFMTUI1YWdnTHJIWHRoQUh6dU4tdVdYWXo4R0hleEMzN2dKWW02NGlsd1hVVk1oSlVmYXFrUDRQbE0ta3BxOW5sMXNaNG4tLVBMWF9WZDFYUEx2c2hiUDZmUDZHZFNzNGlkaTk0NGduX0t6TkQzaExHbkxkb2syb3U3WVRSVGpWSE5lZTJCc2NaWTlCWWM3YWN3d1dGVmxadkFPMERWYWl5WTVZblY3QkxZMVZNZUR3djJnYzBhUTg2bkFPd2tvU05mdU40WEk?oc=5&hl=en-IN&gl=IN&ceid=IN:en
cyber fraud Sikkim,"15 UP ATM hackers held in Gangtok, 11 hail from Kanpur - The New Indian Express",https://news.google.com/rss/articles/CBMiuAFBVV95cUxOWFJNaWhTOUtpTWN3TUtfdV9uVENKNDJsNk15OG91Z3hpMDBxTEZac2lvRk5KdnZfemtvWGRxTlJMcFpDdW9ITms2bjItUGFQd3dSSFgxWmo1eTYtWUtwdi1YOGhrWjMxMFhzaWpZdHRjOHZOMDdPX1V4a0o1UjhjX01PUXkyUktJYUlFcHd4T1gzUjZQdldjNDBVYlZlek12LWJIZ2QtbEY3VEtnWDVudjlmR3FuZ2pZ0gHGAUFVX3lxTE1VMmJpT2dkVVhtS3A2WGNMUFM1SEM5NzBqRnU3UVN2WXpCa2lMMDJsQ1plbDhEVkl0Q0UtdzZrZE42cnp3YzREcmlqbG12MFI5UEZVNURPZUYtRUlsWmI2Z0ZYazhPMzMzVjkzMlRZcFV2cUljX1o3Uk1PNmdQZGx4S0ZGYlVDVjdDYXpNWWlPTGZlb2V2Mi1xUTdfRmJpQk9RVC1MbmFLb3BpcEJGb25taVZhT2IzU2RmeDZFaHFuUWNVN2Vadw?oc=5,The New Indian Express,"Fri, 02 Sep 2022 07:00:00 GMT",2026-06-14T20:36:54.130797,cyber_fraud,True,False,candidate,https://www.newindianexpress.com/india/2022/Sep/02/15-up-atm-hackers-held-in-gangtok-11-hail-from-kanpur-2494257.html
cyber fraud Sikkim,Sikkim Police’s role sensitive and significant: President - The Statesman,https://news.google.com/rss/articles/CBMiqwFBVV95cUxQaVR4SHQ0bU1RbUJLNWFibVU0cmZsV3VNbmhwTDMwRV9yVlFvSHVyMk00R2xQaThpWEFic0VsYTZ6Y3doRGEzT3ktTW5VUVVIQkpuY3FFOEt1ZFI2czBWdFhsR3NZMDdlUmRyZWQ0SWJZVkVrX09ER25pa3l2UXN1a253TjFQemtUdGtnWmdudWtrZ0U5azlDZTB6SlJEdU9POW5HNTRocTc2NWPSAbABQVVfeXFMTkN3SmN5bWl1V1JLV180V2FVdjJPTjVQZjliX2NNUVBScExYYnZLOWRXa0tGeDZucDNrM1UxWU5veG9ab1dpRTUwT0tWZXpGYk8tTkdncmZKcFF3RlNaYkVaLXJHZ2s4VkJRR2JZSXA3eUtvOFVzdS1oa3dmaDZBZGJOQW1OcVFVWGwzUFJQVzVoaEtRNVRIT3RNTjRIWkNWNWVhZmd5emZXaWN2Z1lZczg?oc=5,The Statesman,"Fri, 29 May 2026 07:00:00 GMT",2026-06-14T20:36:54.130808,cyber_fraud,True,False,candidate,https://www.thestatesman.com/bengal/sikkim-polices-role-sensitive-and-significant-president-1503599423.html
cyber fraud Sikkim,How Sikkim Cracked Down On Online Gaming Much Before Centre Brought A Bill - NDTV,https://news.google.com/rss/articles/CBMitAFBVV95cUxPNGZ3VTJsS3Bvb0preG90WWx6LVZOTFE4dWdpM2xrMFV0V3Q2dGdDNWdnS2NpS3pyTFBaTGhoSDZsYlZNMUFGRjF6dlVXTWZyRWJfRFg3cHhwMW1VTGdjRDlXMmN2ZmQzaGNnR2U2WUdYYjIyZnE1NVB2cF9nXy1NR3g5SllWNHFqQmRUazRvblJLSzgxdGdFV2JvT2h2Q2N6NGJ5bW1HeWVicU82cHdxbVpqcUnSAbwBQVVfeXFMTmdoSTM2RVNBcmxIeGhUcmk1Q0J5bll0T0hLYjFabXo4Vk54Z0Q3Q3F5eHplNDFHYWNpZXNYRTMtRm0wdlRmblpxcV8zNHBfSTlEM3ZoR0FHSW5tSkQ3bThpV2VBc2VtSlZFcUwxdGFOVHVhUmxKeldxQWpSZ3MxQVhuMjNPZ0V1dkFMQWdJSnp5ckYzWWRjVVBzY0UzRndYWkVqQ2NIYTZmZmY1dUJpUEwzRzZ2bTZtV1BPMzk?oc=5,NDTV,"Fri, 22 Aug 2025 07:00:00 GMT",2026-06-14T20:36:54.130820,cyber_fraud,True,False,candidate,https://www.ndtv.com/india-news/how-sikkim-cracked-down-on-online-gaming-much-before-centre-brought-a-bill-9138357
cyber fraud Sikkim,President Droupadi Murmu calls for citizen-friendly policing during Sikkim police honour ceremony - India Today NE,https://news.google.com/rss/articles/CBMi7gFBVV95cUxOVTY3RXEzeWMxNGJobkMxUzg5RjZZVld4WUJkNl9CYUFaSmtTSGl1VXdMQVVMdEVFM0VRcFN4bm5CTS1EdVVsZEZQRDdNa1BTaVJFSVRua2szUkM0dkJMZlZKcWQ1Y0txREJLSTNNdVM3b0MteTIzWXhqMWVXZHFiZTFaVWozMG9UQVkyOU04ZFZ0QjNMTzlHY3otTWVURXhMbnFnNU9QemwyeEcwcklVZU91YVVSUTFPLWFkU3dJdDB2QUxZSVMxMl9lSEREWC1VUV9mLTY3eUZrb3JNVVhBUUlVdUdxYzgyNXdtNm9R0gHzAUFVX3lxTE9zRlRkaWN4dGpKNmFTSUVQQXBObEpxdzJuZGJnWmw1ZnVZdGVpZFZXR29FbWVrNl90QlZOX1Bjc1IxektRWllqRWdoQmp0bVhJbGJxQ1c4N2pmaHM1cTVPTDZhWmlrak9lOEEyaWpKWXFxbFJiX1pFcXNGSFJUc0NQeXVXS283MDlhbmJYM2dITnlPRkpnLTFJUkxMc0JobUpoRklYaENoM0ZFYW1xeHBaNi1YVG8waTdMMmtiZHl2Ym02OE1mY3pfY0t5SUc1QWJhNWJwMU1oQ05mMmhmNHV4OFJHLVl0WU5MTTYzSnZOc2QwYw?oc=5,India Today NE,"Thu, 28 May 2026 07:00:00 GMT",2026-06-14T20:36:54.130858,cyber_fraud,True,False,candidate,https://news.google.com/rss/articles/CBMi7gFBVV95cUxOVTY3RXEzeWMxNGJobkMxUzg5RjZZVld4WUJkNl9CYUFaSmtTSGl1VXdMQVVMdEVFM0VRcFN4bm5CTS1EdVVsZEZQRDdNa1BTaVJFSVRua2szUkM0dkJMZlZKcWQ1Y0txREJLSTNNdVM3b0MteTIzWXhqMWVXZHFiZTFaVWozMG9UQVkyOU04ZFZ0QjNMTzlHY3otTWVURXhMbnFnNU9QemwyeEcwcklVZU91YVVSUTFPLWFkU3dJdDB2QUxZSVMxMl9lSEREWC1VUV9mLTY3eUZrb3JNVVhBUUlVdUdxYzgyNXdtNm9R0gHzAUFVX3lxTE9zRlRkaWN4dGpKNmFTSUVQQXBObEpxdzJuZGJnWmw1ZnVZdGVpZFZXR29FbWVrNl90QlZOX1Bjc1IxektRWllqRWdoQmp0bVhJbGJxQ1c4N2pmaHM1cTVPTDZhWmlrak9lOEEyaWpKWXFxbFJiX1pFcXNGSFJUc0NQeXVXS283MDlhbmJYM2dITnlPRkpnLTFJUkxMc0JobUpoRklYaENoM0ZFYW1xeHBaNi1YVG8waTdMMmtiZHl2Ym02OE1mY3pfY0t5SUc1QWJhNWJwMU1oQ05mMmhmNHV4OFJHLVl0WU5MTTYzSnZOc2QwYw?oc=5&hl=en-IN&gl=IN&ceid=IN:en
cyber fraud Sikkim,Sikkim Police arrests two from Rajasthan in cybercrime case - Sikkim Express,https://news.google.com/rss/articles/CBMipAFBVV95cUxOdXlEV1ZzekFuMHlodk8yYzVySEUzZ1BQa2Y5elc5OG1XQ3dUVlJRdHNXZThsR1FtZGxGRXlCejlBYi1QRUQ4b1NHc3E2MF92cDBnQnNrV3lmWXhNdzZ4Z0RWOXhjdWhSOHZiY2xEcnVxOU5aRTJRSXliWjl3UzZ2Z1lXOEs1bXhkYk12elhEOEh0U0VZdnk1NmctWjd2dVRCeFNtbw?oc=5,Sikkim Express,"Tue, 28 Sep 2021 07:00:00 GMT",2026-06-14T20:36:54.130870,cyber_fraud,True,False,candidate,https://www.sikkimexpress.com/news-details/sikkim-police-arrests-two-from-rajasthan-in-cybercrime-case
cyber fraud Sikkim,Sikkim: First batch of tourists from Chaten successfully evacuated at Pakyong Airport - The Economic Times,https://news.google.com/rss/articles/CBMi4wFBVV95cUxNSkplSWs2ZVcycXlVU3MwU2hpTktKSkhoQWxndzVtLW5vV1ctZm1iOGRidnd5TzBfQU5qbGVTYVVMRURhaEFfTDN0Tl8waGw2MS1LdTVMR3NTQlBPSHYzQXJGSWlhaWZ5N19DOFpwN0FMWERIeUdVWXpzdG5ZeTZYbEt4bEh0UTh1Q2hYZ2N5XzRaVzVjR2kzNWotNUNFdFFMVW1LQ29OZUVCVnl1RFk5aV8wbTZwSUFYSjZxSVNJdnF4OW1YS0g3UWt4S3pxLTRQckdQRWFJVVBLUnVnVFp0WE56WdIB6AFBVV95cUxQWmF2RnpyVTBUNGtfVHlEMkQ2MjRTNDM5eHo1Q0R6dEdvbUxyOVJxd1Bpd2VOd2cwaXp6dXp4YlNoZFhXZm00RHpvd29obDZOVnNIV2VsUGVkX3dNWkR4eFNQRm00RVFQdHFNVXZyYnZOVTBKakZrcHVTYUJLc2loMXNtVFRtN0lKaWhHS21OdllrRjV5UHFpYW5vSTByRVNQUWM2OFVuVU43V1V0SDlOR1hFMzVkeGJMTTdJbkNMOWY2b3l4X09GTlNlRE52UGtlT3JzVTJxUDRpZFROWjA4S3FXa0ZsWnRf?oc=5,The Economic Times,"Thu, 05 Jun 2025 07:00:00 GMT",2026-06-14T20:36:54.130888,cyber_fraud,True,False,candidate,https://economictimes.indiatimes.com/news/india/sikkim-first-batch-of-tourists-from-chaten-successfully-evacuated-at-pakyong-airport/articleshow/121638514.cms?from=mdr
cyber fraud Sikkim,Sikkim Police strengthened with cyber forensic & training lab - Sikkim Express,https://news.google.com/rss/articles/CBMipAFBVV95cUxPMUFHcXB2ajFOUjYwN0dBQVdtUTRtcHUwY2JqTFgtWWFTb0NHdFJUQWVDTHF1dkNJd2hVckRFSjlXbXdLMGxxYjk1aFZqNkotRzdWcUVJb2haUlMwSUltdEcycGRVc3pNVVVRUV9YR2pDSDQ0N3ZWWjBVV1ZDbmpTQ2l5MXAwRW92WjcyZVRjdFNzOURLMWtHRV9kVnMzbWdGem45Sg?oc=5,Sikkim Express,"Fri, 23 Oct 2020 07:00:00 GMT",2026-06-14T20:36:54.130900,cyber_fraud,True,False,candidate,https://news.google.com/rss/articles/CBMipAFBVV95cUxPMUFHcXB2ajFOUjYwN0dBQVdtUTRtcHUwY2JqTFgtWWFTb0NHdFJUQWVDTHF1dkNJd2hVckRFSjlXbXdLMGxxYjk1aFZqNkotRzdWcUVJb2haUlMwSUltdEcycGRVc3pNVVVRUV9YR2pDSDQ0N3ZWWjBVV1ZDbmpTQ2l5MXAwRW92WjcyZVRjdFNzOURLMWtHRV9kVnMzbWdGem45Sg?oc=5&hl=en-IN&gl=IN&ceid=IN:en
cyber fraud Sikkim,President Droupadi Murmu Confers President’s Police Colour on Sikkim Police in Gangtok - Borok Times,https://news.google.com/rss/articles/CBMirgFBVV95cUxORzEyaHBSRWJZT2ZUUENjMTVKcDh0eTRBRTl1dUh0clJnaXBvZ2lqeE5kb2lPYUdwX01ZUWJvODRhbGFMM3pPVmxERzVxZUlTN3dKUjhjblllYXNlTUJkdm9zVlhWZjBxMzBCRTBVVkhxMm1DRWw3cHJiZFJrVjVYTmI2bVZ6NXVMck05TThMN0o5UEl4U3BPUElFdVlZNG5USnNNMFlrS1NVUkVJVVHSAbYBQVVfeXFMTkM2YVgzWktVNUx4X05xcUtqMUhUY2ZKcVV3RHp5QXJBblZSdTVxTWJjRV9XT3JwS3lxQk82QkJLdEs1UTBCdWp1M3ItVV9hWW1ISXYyMnViX2F0aWY5X1gxRjZWT1NqaHJRT1Q4dm1PWkFLbm91cG44cVlodDZfNXJDS2VzdkVDVjBKTGZBYV8ydHRpVWxsZ3F0ajc1VW5hWEJacXc5eDVXdVVkZXBmYjcxV01NMWc?oc=5,Borok Times,"Thu, 28 May 2026 15:04:25 GMT",2026-06-14T20:36:54.130913,cyber_fraud,True,False,candidate,https://boroktimes.com/president-droupadi-murmu-confers-presidents-police-colour-on-sikkim-police-in-gangtok/
cyber fraud Sikkim,Landslides kill nine amid heavy rainfall in North Sikkim - The Economic Times,https://news.google.com/rss/articles/CBMivgFBVV95cUxQdEN6bVZqMWlObkplbzFnSS1EODRpbTNmZDNSV3c1YWdIZzVsVEJLcF9tc3h3eTFQWGIzZFhIZ1V2NEpZU21FUkJBR0hRbjNfaG5UelI0QUxXemtjS2tnMS1oYUNuRzNpd2xJZDhhZUVTMERVbWgyRG9lMUYxYVEwbGxqSWVLX21FaGpHMVNYSDMzOXRGZTdnbTRYMWt0RklRNExYa2h3Mzd2cmF4bVBVRTlnNWgzVm5NRUJnYll30gHDAUFVX3lxTE53YmMxd0JRdGEySjNxWVFrMUxOUjVLelc1bTdZS2lfMEREdUI1VDB5SDdRdGctb2xEejVEdjZHMWR6ZjdVbVlod09rN1hiUW5lSUFLVkw3SXRTdUhQdllMYURvS2lDdGhpakJpcDZCTEZtSHFHMFJhLVpCM0xtRklKbV9jc2t3VVg3MGtlSkViVHMxWEpkdkxIZXZWVC02RkdON3IyckxiYVpwdUJ6VWNzMzJ1cUt5TFNrMjlPcUxPTmtMZw?oc=5,The Economic Times,"Sat, 15 Jun 2024 07:00:00 GMT",2026-06-14T20:36:54.130925,cyber_fraud,True,False,candidate,https://economictimes.indiatimes.com/news/india/landslides-kill-nine-amid-heavy-rainfall-in-north-sikkim/articleshow/111014984.cms?from=mdr
cyber fraud Sikkim,"Cyber Fraud in Sikkim: Woman Loses Rs 40,000 to Hacked WhatsApp Account Scam - Northeast Live",https://news.google.com/rss/articles/CBMivAFBVV95cUxPX0VmQVlNejltZTl3ZkphakpTNG82Wkl6V1BuSkFfenU5OC1zTmhySFZtdVNjbnBZcWRlRWRKSWRTUHhoMjdidnR1cHd2VjU4SFRlZUxGZ2JpZm1lT3NPQ3lKbkxPNXo5X3ZmQ2VlSWRtd0ZIOUdkTXJoOTNwdlk0TGJObElNdDR3aWljbE1WWjJEYWdIU0cyLTdnbnRyLUdrQzQyamJkNmU4cHdGbGVNTDBHU2NRZXBudkl3ZA?oc=5,Northeast Live,"Mon, 25 May 2026 12:06:03 GMT",2026-06-14T20:36:54.130936,cyber_fraud,True,False,candidate,https://northeastlivetv.com/around-ne/sikkim/cyber-fraud-in-sikkim-woman-loses-rs-40000-to-hacked-whatsapp-account-scam/
cyber fraud Sikkim,Sikkim: Man Duped of Rs 6.5 Lakh in OTP-Based Cyber Fraud in Singtam - Northeast Live,https://news.google.com/rss/articles/CBMiswFBVV95cUxOOU1YMy01NndBRHF2OU1ONmRDX1JwUWt5UHRYcWZvME5CQ1lPaWVzTkQ2eEtsbVJka1lXak01SkJCTEU2V1AxaTFNVVQ3eWxrbENIZ1RkeTBfVGxVd3h1ZG1KekgyeTVwU0wwUmJvS01pallsZ21iSkotbVNqZ3Nqc3dfY05uUVhoQWdsWGpqdkZCSUo5OE9QTkNYR0RVb2MtTzYwS0g1eWFlbmswbFFqcDVCUQ?oc=5,Northeast Live,"Mon, 20 Apr 2026 07:00:00 GMT",2026-06-14T20:36:54.130949,cyber_fraud,True,False,candidate,https://northeastlivetv.com/around-ne/sikkim/sikkim-man-duped-of-rs-6-5-lakh-in-otp-based-cyber-fraud-in-singtam/
cyber fraud Sikkim,Sikkim: Woman Duped of Over Rs 9 Lakh in Credit Card Cyber Fraud in Gangtok - Northeast Live,https://news.google.com/rss/articles/CBMisAFBVV95cUxQdWYtQk1GQk5mSHdOUk84cDVWSzFLSkJqMFdvOVV5TTBVaU5TRFhmSF92UU5ubTRzWU9Jcmg1M2k1LXJleW5lbklTQlZYWHQ1ME5CRENabHJILUpUb2FrLVpRQXhLSlJoeTRGUFhtNFB3ZkF5ZzZJd1hLM1FYckl2aDJZN3NYb1UwOUlzYnRLeUtRMF9wV2ZkRUFFNU52Q2N5M2hDV3VBVktCWWgzdDJreg?oc=5,Northeast Live,"Tue, 21 Apr 2026 07:00:00 GMT",2026-06-14T20:36:54.130961,cyber_fraud,True,False,candidate,https://northeastlivetv.com/topnews/sikkim-woman-duped-of-over-rs-9-lakh-in-credit-card-cyber-fraud-in-gangtok/
cyber fraud Sikkim,"Safe, Affordable, Women-Friendly: Sikkim Introduces Pink Bus Service, Check Fare, Route and Other Details - Northeast Live",https://news.google.com/rss/articles/CBMi3wFBVV95cUxNaGMxSFZ3WmpXMzIwTUo1Ny1CaU5sMlc0TXVRcEhkbllCdzB3NVp3MURINVNVdVRLWFUyTVFFdnNHU3RubU1GLUt6ZVVGdlQyNWNEYndBQWNNZWliWkpUOXpXUlU3RFUyWm9TaU9kZWd1RWJxZ0RMbndvTmxsZ3VEOHFvd0ZXWUJCcFdTQkYxSE9mWXdEMzJZTm9tc0hQQ3JNemFXSkRMWG9TbnE4T04yU3N3QUcxeWFycTVSS0szTUd3OG4zLVRCUHZjMHNQSTU4UmpPUW5kbUMzTHdEOUJZ?oc=5,Northeast Live,"Tue, 26 May 2026 07:00:00 GMT",2026-06-14T20:36:54.130972,cyber_fraud,True,False,candidate,https://northeastlivetv.com/around-ne/sikkim/safe-affordable-women-friendly-sikkim-introduces-pink-bus-service-check-fare-route-and-other-details/
cyber fraud Sikkim,"Think Before You Click: Pet Adoption Scam and Online Frauds Cause Victim Loss Rs 42,000 in Sikkim - Northeast Live",https://news.google.com/rss/articles/CBMizAFBVV95cUxPWUtLZFdFY1ptSVBNNkZ6WU5KRUhjOGtwRHpQNWs5bm9EeXJBZ3ZhTFFzZzZpSzgya3VUZ3FNenBTRXg0VUlTcTlyNktnenRja2FINkVhTHdhMVlJLXM4dUd3OEFZVkZFbloxSjVBSWVkejZyUjNVemQzLVVlM0dEYWF4MUtnb242ZUpER3FDTDRvQzhCb0M1bUVSYk9rUGxHYVdGNFppeWZCSnF1YThBY3hWX0dRNTVYTkt6aG5lVjgtZ21EcldvdUZ4SnI?oc=5,Northeast Live,"Mon, 06 Apr 2026 07:00:00 GMT",2026-06-14T20:36:54.130984,cyber_fraud,True,False,candidate,https://northeastlivetv.com/topnews/think-before-you-click-pet-adoption-scam-and-online-frauds-cause-victim-loss-rs-42000-in-sikkim/
cyber fraud Sikkim,"Fake Parcel Scam in Sikkim: Woman Duped of Rs 22,520 via WhatsApp - Northeast Live",https://news.google.com/rss/articles/CBMirgFBVV95cUxPV3lJR055VmlPaERFc3pXMENOOVFzOGVESFBNN2N1QXRmcl9GdFk0QmsxTmszQ2tUb3A1NWtuMl9icUlKUUREWk01Rl84N1EyWkUxZDRXaVhkdUwwcjFFd3VPLThUcm5nREw0Tzd5WXpNbGc4bTh2M1N2RXk1ZHJicFN2SWU1NGNhMzYyLVVIQ0FUcnV0ODRWMTl4UU8xeWxnNTNWaExZWjFLZUJCVHc?oc=5,Northeast Live,"Thu, 23 Apr 2026 07:00:00 GMT",2026-06-14T20:36:54.130995,cyber_fraud,True,False,candidate,https://northeastlivetv.com/around-ne/sikkim/fake-parcel-scam-in-sikkim-woman-duped-of-rs-22520-via-whatsapp/
cyber fraud Sikkim,Sikkim Police Crack Rs 10 Lakh Digital-Arrest Cyber Fraud Case; Accused Nabbed in Punjab - Northeast Live,https://news.google.com/rss/articles/CBMizgFBVV95cUxObzRlaUNPTUl6ZUhJcjd5cHhyMUktd0pyWEgzbkg1UHdFWC02QWhTOVVDb3NOckpKZERFeGprSWUxRy1ocnhPTXJjRW1FVmUyVFdXeklmdDRTS1VnMmhWWHZZQkJCeHBUOUpwT01ubVBXaG5RZE5IVDRnSnFvS2Z5MDVOckc3N0hSYTNMWWFYSG9yVkR4ejdJdDBWb3ZFQVhGVElScXVWaXpKZ3ZXN1N2UXN3bXZtUEkxUFU0WjlMMmpaamFtUmhtNW04YnJkUQ?oc=5,Northeast Live,"Wed, 19 Nov 2025 08:00:00 GMT",2026-06-14T20:36:54.131018,cyber_fraud,True,False,candidate,https://northeastlivetv.com/around-ne/sikkim/sikkim-police-crack-rs-10-lakh-digital-arrest-cyber-fraud-case-accused-nabbed-in-punjab/
cyber fraud Sikkim,Sikkim Democratic Front Approaches National Commission Against Cyber Crimes Targeting Women - Northeast Live,https://news.google.com/rss/articles/CBMixwFBVV95cUxOWXVmbXVQTnNVeFdvSnI2VmdqaXpOcElUbE1yWXJPenREVjIwWTVSRVlrNEVJbkJjNEFvdzRLbTlTY0Q3SUZES0JHTE9vUVlheV9EQnN0VW1MREJGVHFyZWUwQmE5MmhxU0xsWndqLTUtb0VKbjlVU0tGc3A3SE1Qdndmb3NTNm1pSklKR2w1VkFCWWFKZ1BCWS1yZGhHaFgwZVhiNGw4NzZITUphWUVoc3c1dkF3VDdlQ1FOOXFFV1BnUFNTckE4?oc=5,Northeast Live,"Thu, 06 Nov 2025 08:00:00 GMT",2026-06-14T20:36:54.131029,cyber_fraud,True,False,candidate,https://northeastlivetv.com/topnews/sikkim-democratic-front-approaches-national-commission-against-cyber-crimes-targeting-women/
cyber fraud Sikkim,Soreng Man Loses ₹10 Lakh in ‘Digital Arrest’ Cyber Fraud - voiceofsikkim.com,https://news.google.com/rss/articles/CBMimgFBVV95cUxNZjVoRGtrZWdZbHducy1DRGFuaU1QTngyY3prczdaTjJFSVdKTlVqVWh6MENIbDJfWm5saWJVNHRGcHgzT1NzaVk5QmFXVjdCZzVOTmNsX3drb1JGMGh3YXBTX3pOOWxNemNLaUQzZU1IUER3N0YwdWgyaHhrdXpRemMxamsyQTA2MGJiZVZtRDN0UDdudUM4UWVB?oc=5,voiceofsikkim.com,"Thu, 25 Sep 2025 07:00:00 GMT",2026-06-14T20:36:54.131041,cyber_fraud,True,False,candidate,https://www.voiceofsikkim.com/soreng-man-loses-%E2%82%B910-lakh-in-digital-arrest-cyber-fraud/
cyber fraud Sikkim,"Sadar Police Recovers ₹99,000 Lost to Cyber Fraud, Money Restored to Victim - voiceofsikkim.com",https://news.google.com/rss/articles/CBMisgFBVV95cUxPb0NVNk9mbGlKRjFNOV9JWXZGZE1IQ1FVNGVaajFfM2Z6N3MzTUtjdjFlcnNKV0NsS2txVFkwMWpKNl9wZEotVThEbzR3dHNCNlZIeWxpajhldUZvam5NSjMzMDlyYVVSZUZpVUcybVZ3aXoyTDllaTBldzFzVzQ5SGlIaTJOMG8yVmpCZUtfbFBXVWY2a0UwMV9BcnNkRmYwd3F0MXdTU3ItbnBvaDliOWx3?oc=5,voiceofsikkim.com,"Thu, 25 Sep 2025 07:00:00 GMT",2026-06-14T20:36:54.131054,cyber_fraud,True,False,candidate,https://www.voiceofsikkim.com/sadar-police-recovers-%E2%82%B999000-lost-to-cyber-fraud-money-restored-to-victim/
cyber fraud Sikkim,Man Gets Duped Rs 34000 In Gpay Fraud Case - voiceofsikkim.com,https://news.google.com/rss/articles/CBMiqwFBVV95cUxNQ3RuTnhoRXIzUW9SNXF2dkNkN1Rrb1RaV25JVi1uSFFSSmZFWXVSZzRjTEhxejlCZVFMVkJQd3l5dm0zS0pZck9VS1IzRnlLcjNlV2xFVHZQb09FczZfNGpqbGNrOG5tb2xpSVdrOU5hWGpxb0NDUDNZOGROenNFMFNHRDdWdm85ZXV0TlNubDR6UXVLSDdnZF9KUDNOb1Bha1d3Wk1mUHhuNnM?oc=5,voiceofsikkim.com,"Tue, 16 Dec 2025 08:00:00 GMT",2026-06-14T20:36:54.131082,cyber_fraud,True,False,candidate,https://www.voiceofsikkim.com/fake-power-bill-message-on-whatsapp-cheats-sajong-resident-of-%E2%82%B934000/
cyber fraud Sikkim,"North Sikkim Locals Stage Protest, Seek Immediate Action on Delayed Road Reconstruction - Northeast Live",https://news.google.com/rss/articles/CBMiwAFBVV95cUxOYTYxa2lOcGc4aFVoNlV1OWtVbUtjMzJXMV9ZTEYtNVg2SVB3WWhTeXVyamNBSVc5V1Q5dmdVVVZZZEM1aWJpcm9hcVNseTh2V0pBMUM3ZVB0VVJSdjJiZmMyZ2tFUEFNMHJsXzBacE1RSmtSYUZDYnFlZmZLRDFDeWRqbUVXNFdBc0NIUlRpZUY2QjFPb1RSMUJCOTM5TjZmRGNvNnI4UDlBM0JtYUVWRmU3a0Jab0pwb1p0Ym5rdnA?oc=5,Northeast Live,"Mon, 25 May 2026 12:46:41 GMT",2026-06-14T20:36:54.131098,cyber_fraud,True,False,candidate,https://northeastlivetv.com/topnews/north-sikkim-locals-stage-protest-seek-immediate-action-on-delayed-road-reconstruction/
cyber fraud Sikkim,Gurugram Businessman Loses Rs 1.99 Lakh in Fake Sikkim Resort Booking Scam - Northeast Live,https://news.google.com/rss/articles/CBMidkFVX3lxTE5Vd0pRNTdNajhTRl9MUzhjQmRTYXZPZzBpeEJBbXpWQmhXRDBRY25ocVExY0dpVWJ0ZWNhZjFaaWh3TEZLaVFkOUR4cFRUM3RwbTJUOFpkS3BOYXBCeHVpclluNXZqT21lYjNIUUtvS2JjTmZUU3c?oc=5,Northeast Live,"Mon, 24 Mar 2025 07:00:00 GMT",2026-06-14T20:36:54.131122,cyber_fraud,True,False,candidate,https://northeastlivetv.com/topnews/businessman-loses-rs-1-99-lakh/
cyber fraud Sikkim,Sikkim Bans Flying of Drones in Gangtok Ahead of PM Visit on April 27 - Northeast Live,https://news.google.com/rss/articles/CBMitgFBVV95cUxQOXJHWk40Z0ZIOFJFQTNnUHdmUGFVYUdFZDZqNFR5VEVKV28wWGtrWExtQldldG9lSWxCX05nUzdpTm1hRWItNjVOM2hfLVhJLUMtaGwyd3dNSjlQWmpfeVJZN0R1aWJXRWpZU1JmLUc2SFB0Z0czcS12QlExUzRYOXU5OS1UZFdlM0VnZWhtcTdMcVBWajljVUtKcDdUNjFwb0RyREZESV83by11d0FtNk1qRzQwQQ?oc=5,Northeast Live,"Thu, 23 Apr 2026 07:00:00 GMT",2026-06-14T20:36:54.131151,cyber_fraud,True,False,candidate,https://northeastlivetv.com/around-ne/sikkim/sikkim-bans-flying-of-drones-in-gangtok-ahead-of-pm-visit-on-april-27/
cyber fraud Sikkim,Six Arrested in Multi-Crore Online Scam Bust - voiceofsikkim.com,https://news.google.com/rss/articles/CBMigAFBVV95cUxQVmVXZWJOSlUwcjVRNkxEMFVvWHR2TDdUbXJaNG5xUFBzQlRNTVJiYnpfWGt4MlJzR2FScnU5Zkc4YTZjTERRS1k2bmp4bUFkNkRsTHNQTUNDSi1TaXVCVDJzTmk2U3k5RHV1aGRubTV5WFVEVU5hU0RGNWJmNHE0MQ?oc=5,voiceofsikkim.com,"Sat, 26 Oct 2024 07:00:00 GMT",2026-06-14T20:36:54.131165,cyber_fraud,True,False,candidate,https://www.voiceofsikkim.com/six-arrested-in-multi-crore-online-scam-bust/
cyber fraud Sikkim,Sikkim Will Not Tolerate Threats to National Security : CM - voiceofsikkim.com,https://news.google.com/rss/articles/CBMikAFBVV95cUxQdm5YM3p2VmtJZjFLTTFSd2ZZcWxUVWF4eG1CRTVHMGZUSFREQk51ZVpSNHBXck9KMVMtRkNpWXpiMHIxbmN1Y2pPaG94TkRKRlJDTGtaN3Ntd0xDakJ3SHZJVFhvQWtzRnR1bGd0MjdFdGVUaDZYV1hQU0pndUF1WHpkOVp5OHpqZldjMHh2WG0?oc=5,voiceofsikkim.com,"Thu, 25 Sep 2025 07:00:00 GMT",2026-06-14T20:36:54.131176,cyber_fraud,True,False,candidate,https://www.voiceofsikkim.com/sikkim-will-not-tolerate-threats-to-national-security-cm/
cyber fraud Sikkim,Sikkim Police Takes Custody of Culprit from Siliguri Police - voiceofsikkim.com,https://news.google.com/rss/articles/CBMilAFBVV95cUxOQVJxU01lZ2gxeXcxNVkyeWhVYUYycXNQOU1HNlNESWNNSkVsb1RVV052UTczTFpLX3hWMEhwQXRYT2pCQzd4di1pdC1BUXp5aDd0TEZ5MkN6cklXVlBqS0cxTmYtRXU4SWhWWUM5azhhemR1ZEFvVWRMQU5pNkY2S2FpY0Q2ZjRraDJHeUpUbkl5NUp0?oc=5,voiceofsikkim.com,"Thu, 11 May 2023 07:00:00 GMT",2026-06-14T20:36:54.131187,cyber_fraud,True,False,candidate,https://www.voiceofsikkim.com/sikkim-police-takes-custody-of-culprit-from-siliguri-police/
cyber fraud Sikkim,How call to girlfriend led to arrest of serial cybercrime accused from Sikkim - Onmanorama,https://news.google.com/rss/articles/CBMitgFBVV95cUxONGNvTVFHMkE2cU9lb1cxZ05JSWZFNDREcy1WTU1uVzJrZUV4R0IzekVmaDZOb0xUVGxvOGVaV050aEZtODNTR1d2Qm5LTDJRYUNabDlaNE1CckFneEk1RkFadG56QzBfem45SFZ0VGpNYThxV0FWSF9PTERkTUcyX1V1dUtSTi1rcW9JMUx6VXlZanpfaENwRjVvc212UWJTdGZiTndMcVpRT1duYXlMWDhUbjhTQQ?oc=5,Onmanorama,"Mon, 31 Jul 2023 07:00:00 GMT",2026-06-14T20:36:54.131210,cyber_fraud,True,False,candidate,https://www.onmanorama.com/news/kerala/2023/07/31/serial-cyber-brime-accused-arrested-after-call-to-girlfriend.html
cyber fraud Sikkim,President Draupadi Murmu confers President's Police Colour upon Sikkim Police - Dailyhunt,https://news.google.com/rss/articles/CBMi_gFBVV95cUxOd3FzdkxkeE1ORXVqU0NfdDdvbWZ2dVQ2WXV6RzlnMVJIT3dwTXdQY2xFZE1UcHU4Wm8tMlhIbHM5dXBqT2NtdFhUUDdUcFl1eTc0UF9mTmtpOGt6cVpPeDE1RFl4eGhuRWZKMl9SVFZ2N3lCZDFja0M3WlhXbDFCVzRjN2dHelUtbkp1YTdYdldhZWJFc0Y4RzlhdEpvXzlZNDdIUUJrMG8zM2RoTldsUVdOeGZoUE54MUJfYTZMNGR2cHRhZzVPeHhnSndvR1dub2xkejdzdDFVXy1rS09KTW5ESFloT3JJdEZ2SEVNaDRtVkgzODlGZ09OcUZTQQ?oc=5,Dailyhunt,"Sat, 30 May 2026 01:56:29 GMT",2026-06-14T20:36:54.131235,cyber_fraud,True,False,candidate,https://m.dailyhunt.in/news/india/english/jammu+links+news-epaper-jammulik/president+draupadi+murmu+confers+presidents+police+colour+upon+sikkim+police-newsid-n713933164
cyber fraud Sikkim,Sikkim Government Almanac 2026 Now Available Online - voiceofsikkim.com,https://news.google.com/rss/articles/CBMisAFBVV95cUxPbVIxWlExVG1sZGg4cm1fRG5FLUduV0toQTZIaVB3U1B0aVNxRFpENkpDaE1SS0xzVDlkSjFiZjlJOEY5QjAzaEUzSE94RGd2ckc5aTRKbHhld0FzYVNON2VFOU15VWNvaW40bVpGRzZXeHN1LURzcC1GdUt6WFJ0WVRKYURjazdkV19PZFQwSXpRSmowczVOc3pqaHY1OU03Sk83OGNCS2Z6M3JTRXZ0bw?oc=5,voiceofsikkim.com,"Thu, 11 Dec 2025 08:00:00 GMT",2026-06-14T20:36:54.131274,cyber_fraud,True,False,candidate,https://www.voiceofsikkim.com/sikkim-releases-2026-almanac-govt-offices-public-to-access-copies-at-%E2%82%B920/
online fraud Sikkim,RBI Gangtok Conducts Town Hall Meeting to Boost MSME Growth in Pakyong - PIB,https://news.google.com/rss/articles/CBMiaEFVX3lxTE9Nc1B3UVMyVzZ2ZUt5cDBfSVVMNFZIN0xoWXhSdHVyTEtkNTcxWVJ0LWU1OXhfaUt2Tmw4SkJNeGdlY3FXWWtfMVR6dmtGRkE5Yl9mMzdDcWxXWFpKSkpFMTFNQ1ZmOGRW?oc=5,PIB,"Mon, 24 Mar 2025 07:00:00 GMT",2026-06-14T20:36:56.241613,cyber_fraud,True,False,candidate,https://www.pib.gov.in/PressReleasePage.aspx?PRID=2114509&reg=48&lang=2
online fraud Sikkim,Sikkim Police gets ‘Nishaan’; Prez Murmu urges end to colonial policing mindset - The Assam Tribune,https://news.google.com/rss/articles/CBMivAFBVV95cUxPc0htejZSMnRQV3hpMmxBOFVtZFc4VUNLWkpjOXVmQ095WEJpNzNmNUZjenFNX0pvUldlYm11ZVp6Q3pBWWNPN1Z6WVlvNWFPenV1N2F5a01oV1VxUXUwSkZ1WEdURjhneE84UWtkYjB6MXNqM2pFcDQ1azhUT1ZEeDhZVDFCdm1zWDlxLWExZjNjWHlrSG9IWXhESjBza2d4Y1BrRE1tbjhEMENQcTRMdkxXMGhJRFZDWEFCYdIBwgFBVV95cUxQdnlpbmhEVHB1ZjFMRzFjSTdLT0g4bzdza2FWV0N0Y2JaTUxLMGNwLW12NE9RWUVSd041Z2JZc05JSzQwZGZYMVc5WUVaZUo0OGtiLV9mRWZzTXlYSmx3bWlXRUllTFgwSkRBWjRQellWV0tzOGpHYzE2UWExMjRpRkhld3J4NWtjQm9UVm1SVWlITE50R2QyQjNWZ1FOQjZTSVd3ZnI2YVBhYWdmaWJIS01ySmx5YlpwZjZCM2VnUzRpdw?oc=5,The Assam Tribune,"Thu, 28 May 2026 06:52:57 GMT",2026-06-14T20:36:56.241664,cyber_fraud,True,False,candidate,https://assamtribune.com/north-east/sikkim-police-gets-nishaan-prez-murmu-urges-end-to-colonial-policing-mindset-1612115
online fraud Sikkim,Sikkim: German tourist duped in online helicopter booking scam - India Today NE,https://news.google.com/rss/articles/CBMivgFBVV95cUxOU0o4Ym5IclVwcFF2bGJpa3NWOVp4NFNZNTN2eGZ5eTJySWpScmZHeEQzVDVEb29PVkQ3M0lEX3J0Y1AxQ0tRZkFiSXFDaHktS21BZlRmV25OdHl1ZHRwSE80WUZWalIzaWRWdWlEalNIRVYxeTNWcWtZamYxM1dWY1VaV0hDRnpRYXVBTDd1N1puenlZUmcwcXdCaHlJRWlBNkJMSmh5Zm05WWptR3JkRmVUY2J0YXNTcjlFYnB30gHDAUFVX3lxTFBtaVVLUGxFaktUTVE2N210R0Z2Z256VnVWSkZselBRcTFGX1A2bm1oaUNLdDhLcVRrNk01WDhZcndlMm4wenJzcXYxQXdROHRGTFRtWUZfUkVWV1NYeU41Mk81MlRWc1AxRy01b2hHSklvRWlqcnpEaTBOUjg1Zm1zcEdLRlZUUkhyRl9GaXp2YTZMYXU3eHVWczE5bTZlNkZmUndQc04yTWhGb1Q4Sm9yWGtpSG1kcXBjcnBxTU9YamdwZw?oc=5,India Today NE,"Thu, 15 May 2025 07:00:00 GMT",2026-06-14T20:36:56.241713,cyber_fraud,True,False,candidate,https://www.indiatodayne.in/sikkim/story/sikkim-german-tourist-duped-in-online-helicopter-booking-scam-1213777-2025-05-15
online fraud Sikkim,Online gambling ‘no different from drugs’: Sikkim launches statewide crackdown - India Today NE,https://news.google.com/rss/articles/CBMi0AFBVV95cUxNNVV2YUhlUV9EZzBaLXI1djJ3Q3lRRHpXZ0JkelFkNFFmZmphRmdHN0VWb0xra09lZUt5WVRDb01zcGxYcGpYS1JZZmM0UE0ta3VXWTZWUlNXb3ZWaGJ5TXJocEV2NlRwcnBfcFBCb081dDJaQjFzWl9vWFA1YThGTmJQNV9PcV9ldl93eUpTcVg0elhzMThIX2hHU3g0TlQwaHMwLWNaOWtKcGhZSzFWMFJuaElzMEtpZ0R0RzhsLVpLZ1FuNE1mRk1BeFB1bHVT0gHWAUFVX3lxTFBPaVl0RHRCSnI1LXhEcjBWWmY2VHlWOXIxUEhnMmhGR0FUZl92eVp2ZU15QV81SmItc2hWN1JxVE9Pdi1LdS1qNC00dTJNZEo4elpmVzMxQTBZdkl6MndKb0FxNWptVkpVZTRfRjROaTJvTTVBU1d2UXBLa3VkWHg0d3pycUR5cThUdlZTdWJXTTRIVk1tOV94dFdyay1PNTFDWkwxeWk0YjRvUm9vbXREdUlJWEhlekU2MGFyWFpTQ2lyWUx1dFBQWHZDd3ppU1c3XzlndlE?oc=5,India Today NE,"Fri, 22 Aug 2025 07:00:00 GMT",2026-06-14T20:36:56.241721,cyber_fraud,True,False,candidate,https://www.indiatodayne.in/sikkim/story/online-gambling-no-different-from-drugs-sikkim-launches-statewide-crackdown-1265593-2025-08-22
online fraud Sikkim,Droupadi Murmu confers President’s Police Colour on Sikkim Police - Sikkim Express,https://news.google.com/rss/articles/CBMiqwFBVV95cUxQUmt3eHpmRDVtZGdEeHBydHJaUzFSMF9qNFQxS0RLcndrSnpjSXBwdWd6WU5aOVhUdE1tU0RWWktpeER2SS1JbUoyN0lvaGVVOXBuLXlLNUM4MHV1OFk4dTQxYW9Yb3YxTW9uNURTay01LUJkYk1BNmVKeS1EZWw4bW53OVZSR3B2ekpSYTBQV25EVHFBVnBfSEJiUlh3dS1EYWdDZkVJNk4xMms?oc=5,Sikkim Express,"Fri, 29 May 2026 07:00:00 GMT",2026-06-14T20:36:56.241736,cyber_fraud,True,False,candidate,https://news.google.com/rss/articles/CBMiqwFBVV95cUxQUmt3eHpmRDVtZGdEeHBydHJaUzFSMF9qNFQxS0RLcndrSnpjSXBwdWd6WU5aOVhUdE1tU0RWWktpeER2SS1JbUoyN0lvaGVVOXBuLXlLNUM4MHV1OFk4dTQxYW9Yb3YxTW9uNURTay01LUJkYk1BNmVKeS1EZWw4bW53OVZSR3B2ekpSYTBQV25EVHFBVnBfSEJiUlh3dS1EYWdDZkVJNk4xMms?oc=5&hl=en-IN&gl=IN&ceid=IN:en
online fraud Sikkim,No more physical permits: Sikkim mandates online clearance for foreign tourists - The Times of India,https://news.google.com/rss/articles/CBMi9gFBVV95cUxQQ1FNMEdZSUNuM1BTQ3d5WWVCNmtJZ2hOa0lRT1VrbmNMRktPdmtPZE9VTHJHc1JhaTEwbWdQZXA3a2hxenZtZFpMa1BuNWlwSFEtZmJxZmMwQmlqZGRKVmhqVUpTcnFSVGw2a3BmQXJqSlFlYS1GREJHajdpLUZJRGFlVzkxSFE1UGhTbzF1Um1JMTFlbG1MOHIyZW5RTktCUFF5ZXNpRk82SjNRZVBibnU1YjF6Z0Nvc0I2cS1WR19POFFCQTE3aWVmNDEtaW5XUDFTeDc4SUEyMEU0cnduUHNacVQwT01BaS1GSVcyU0FjUksyOGfSAfsBQVVfeXFMTXBpNVBCNHhWdG1hd1VHWDNpQ3pEcFZKQ2ZZZHY4SmxmdThmU2M3aUw5NjFOemtjVk9aUlFXd3ZfT19TbmU2aXlyQ0ZBbXJqaFE3Z2dXT3IwQWk0UVBOTVdBczlVbG5TRWRCZlNSZkhHS1gtbHF5U0F6RDVmTVdhYUEtd2JFcGxSeXZCS1NUNnFCSGJZLVYwazVEeFRReEdrQWRZYlppdEYyR21rNHFWalJhNDVyVVh1LVhEM3RaWV9rTHNDdzdDdzJCdXF2TzUtZXh5a2FTSmFSY0JST0tpQ09ZY1lmc0hjU0ZkeE1DUXlSLTNuRkdvTEpzVFU?oc=5,The Times of India,"Mon, 12 Jan 2026 08:00:00 GMT",2026-06-14T20:36:56.241746,cyber_fraud,True,False,candidate,https://timesofindia.indiatimes.com/life-style/travel/news/no-more-physical-permits-sikkim-mandates-online-clearance-for-foreign-tourists/articleshow/126484509.cms
online fraud Sikkim,"Sikkim woman loses Rs 6 lakh in Facebook job scam, police track digital trail - India Today NE",https://news.google.com/rss/articles/CBMi0gFBVV95cUxNdExadmNWZnJDRXFlN2pVMmFsa1BLaEItcUZoeVRscDVKMzl1RjZTdlFTTjJNMTFNbW5ya1diTEVyQUFMekg4MmM3MWtoSGdKMDZXOHBaaGFEZFpPR01PWFJNM19mMWdJTjY0aWtjUG9wSUN3WWFEYnBDd09kSVphc2hiZ0YxQ1BLejhGT2VQbndPS05TbmQ0ZDlFSnNZODBCbF9jeDEwNzRjdnVFa3NYWjhYMEJkZExIWVduQk1RTGI0VFJ2UVBFUUFveUR5WGsxM1HSAdcBQVVfeXFMT0xFYnBfRURPcE9Rc3lhVmJpZWdBNFBvdkw0VkJEY2Q1eERFVU9jOFVrUGVZWEtxZHZKN2ExUGE1SjZ5N2NBdl9jVHltRHV4VnFJMTUzRGZrZzJxSGhma0lEc2MxbDExaXFoYmF6X1NneHExczhkZDlfZEVvNnZPV0ZtaXFkUUZzS09TcFR4bllZZHpIVzJPNTQ3LWNrZTAtT0xoMi1QX0FMS2dnV0RYTWowSExnbnRRczhwenpMTmRVZExxZFU5WWgxS3NnWnNXVXNza0JxZUE?oc=5,India Today NE,"Sun, 20 Apr 2025 07:00:00 GMT",2026-06-14T20:36:56.241754,cyber_fraud,True,False,candidate,https://www.indiatodayne.in/sikkim/story/sikkim-woman-loses-rs-6-lakh-in-facebook-job-scam-police-track-digital-trail-1201737-2025-04-20
online fraud Sikkim,Prez Murmu confers President''s Police Colour upon Sikkim Police | India News - Hindustan Times,https://news.google.com/rss/articles/CBMixAFBVV95cUxORU5IeWNPa2VCbHRPV1I2dkcyVXVOWFhwbzVCYlJHMGJzLUJ0NnRvd2lkX0FmYUlSNm9BQmJpQ3A5MFAtMUVUdG95bDlnOURkR2JFSTY0ZmhvcXpOYWtOcE0wZ0FyaThqTUNhdmluMC10ZkJ5Nm02b2phVG5lcENwWE5TWVlHN0tlcW02RnhQUDRhUDNPX3FQSkx3QzhENEowalRMVjRlTUhXZTJkUmlOeTRZWWMySjlwR2h1cFJxZU1sVkpL0gHKAUFVX3lxTE1ydWNEX1lkV0M3aTFPZ3FrTzhfdzlwLXdvRjNVYUFDazhHT25tR3BwZWtBS2pyb0c2YUl3V2RlT2VGSENoY0hTbWt2ODFHOHphcEQ0YklaYmsxMnpRSGd4WmZJNlRocGotN1BRNkE1dHc5VmRPa3Z6MlZlZDdDVnBETjIwZnlCQno2RWtYcXRqUUk4aWk3ZEVBbktDX3NHVjJ0cVh3MnV6elpoSzFPdE12TXIxM0MyWEhReDhzUDVkWXd1SFJXSG5GSHc?oc=5,Hindustan Times,"Thu, 28 May 2026 06:05:07 GMT",2026-06-14T20:36:56.241769,cyber_fraud,True,False,candidate,https://www.hindustantimes.com/india-news/prez-murmu-confers-president-s-police-colour-upon-sikkim-police-101779948308316.html
online fraud Sikkim,Indian state of Sikkim cracks down on illegal online gambling sites - Asia Gaming Brief,https://news.google.com/rss/articles/CBMirwFBVV95cUxNNVlhNmhVQlk4QUh0WVgyYnR5a1NULUhjRzVFMkQwR2t4TzYwV3JvbE4zX1pGeUE2NXcwLXpHSUdKTUlGbkF2QldEMGNrUlJQTDFObjFGZ2NKU2Jybjd2WTRNNUUxNkhmeDZOMW9aX25aVGFDa3kwZHlOT25OWC02eU1wRmstVUhDaS0zLXY0cG9LZGRNSHVDRWFZNWhIcm9OZVIyMmpfdUxWSUlDbkY4?oc=5,Asia Gaming Brief,"Thu, 03 Jul 2025 07:00:00 GMT",2026-06-14T20:36:56.241777,cyber_fraud,True,False,candidate,https://agbrief.com/news/india/03/07/2025/indian-state-of-sikkim-cracks-down-on-illegal-online-gambling-sites/
online fraud Sikkim,"“Stay away from illegal gambling sites,” warns Principal director of Sikkim state lotteries - India Today NE",https://news.google.com/rss/articles/CBMi4gFBVV95cUxQZUZyVWhiTHg3SGVaTVlvZFUyd0gyLW9MZmlJYkZYOFM5cUlpNGlPVXZsVXRKTkYtUXJZVXZHVk9NNEdRbGYtZUctZlBhMW9tejRYUFl5MkVkVmFuWmNnc2VCYV9fUVIxdFhvMDFjUEFLNlZOd0VVc01sbV9MLW92a3VfZGlrWHNOcHk0NGtZOWhDSWJfNnNfWVVDa2JkczU5Yk1jVHZZNjA1VlZCVVllazZYQU5CTmdsN0VoRDQxVHV4YUhQcjZnY1JoUGVlMWdlS3lOZjdJaWxnOFlicTB3QUl30gHnAUFVX3lxTE9wczNuUlNkeGtyeS14TkVQVWhwSlNsYmpFcktlSXloVEJoVnJiSmRlQ01kcnBSNTNKeGstbVk3THo1MkVYVGlxalRhYlY3RkQ2aWhUNUFUSUVfSUxYTnM3akhrRFN1NVVxLUNGUU5RdHgtcEM2clg0dXNYNmhpRXN2T0FmbmZDdlhOVF9TN2hKNzhIbkFTbU13bnR2dTJGWkEwNFdNZF93azBqdGMyQW5JQ1dzRks1UldGaVdoeVlzX3VCT2EtTDZtYWFHeG04S2NZUlJJN3JhMDZBU0pOVXRITkU4aDB2WQ?oc=5,India Today NE,"Tue, 01 Jul 2025 07:00:00 GMT",2026-06-14T20:36:56.241792,cyber_fraud,True,False,candidate,https://www.indiatodayne.in/sikkim/video/stay-away-from-illegal-gambling-sites-warns-principal-director-of-sikkim-state-lotteries-1237896-2025-07-01
online fraud Sikkim,Sikkim Police receives President’s Police Colour from President Murmu - EastMojo,https://news.google.com/rss/articles/CBMirAFBVV95cUxPblBUZW50Zk9KR3JrM3RaZkw1NFhRNC1XUnQzRWpYVFV6c3lfVnNKWkZsVHN0LWlLazRhdzY3MHE5eUktdDhRUi1BV3JvYkQ5b01RTlVPY1loV3R5TVZqN2RHUk44bV9FUmtmT2thR3FGUDhUZV81YmQyU0lBUERhVU4xUEk3YzktMk5GYkxNZ1cyeHFMSnR1YW5Zc0czRi1mbF9DV3hnU1RhMFVK?oc=5,EastMojo,"Thu, 28 May 2026 07:00:00 GMT",2026-06-14T20:36:56.241800,cyber_fraud,True,False,candidate,https://eastmojo.com/sikkim/2026/05/28/sikkim-police-receives-presidents-police-colour-from-president-murmu/
online fraud Sikkim,"Sikkim cracks down on illegal online gambling platforms, urges public to avoid unlicensed sites - G2G News",https://news.google.com/rss/articles/CBMiywFBVV95cUxQNy1JeXBUZ1oyU01EbUNGYjZDRk9CMGtfRjBWNVJHellpUFBWYUJLalJtOHJXdmVtWGhJdHkwWjVsNzBjV2F6ZkhiVTlJTjR4U2pmREdYMHlCUlotLVJCY3JoMDhTNGtrSFVuRWNMcWxPbjNmUy1YWWNnS21UaFNENnR6WUo2bzZFYlpvX3lzVVJPQXg5bW9tMUNMb2tPVU5nenpVYWZQRFdlbUxNUHBIQzRsc29aZFJ0UzBWc05QOE9iU2FiOHFHc2kyVdIB0AFBVV95cUxNNERvQ2xyQWFMcmRuMGhHZE5KSkQ3R0NFVEdsNUx2UEZIU3JZa3YyN2hEUDBFWENVZGpCTnpyS0IyMFFYY0ZKYXVSeWhhejRzTVBjZVlYRlQyM2QwTXBTNkRmZ3ZzLUFWRTRjeUJ4UW1INGFFRzhXVkU3TU9tbUhKNE85VXBKY3lUeGQxVUdPSk1leXFwNXFvV1E1TktRaV91cVFOZWtJR1BrZHZmOV84Z0Zwc3BiclNYdTdfZFpFekZhUkFJTjk2THpGX19kZDJR?oc=5,G2G News,"Tue, 01 Jul 2025 07:00:00 GMT",2026-06-14T20:36:56.241808,cyber_fraud,True,False,candidate,https://g2g.news/online-gaming-laws/sikkim-cracks-down-on-illegal-online-gambling-platforms-urges-public-to-avoid-unlicensed-sites/
online fraud Sikkim,Sikkim CM graces 45th Foundation Day of Sirijunga Yakthung Sakthim Phojumbho at Tharpu - India Today NE,https://news.google.com/rss/articles/CBMi3wFBVV95cUxNbTFRX3A3Z2ZteDNrallSaU1SSjVHQW1ORFhUa2xHVFNVeHNRUEtrbHNEWExWWjdmNlRxUlJteXdnV1VrZWJYWmhGcWdvaHgyeFBuMm9Ec1FJbGlDM251S1o0V1pROTBxOWd1d1lJZFFtQVBiR2xCWHpvQ2dQdHN3VzZWT0JBYlZ4OVBBWmFyc1hJLTlVUFhKZTBOSFNBMjItWmhIZFFZamIwdnBHSXV1Z0ctRkN2bWZDOFF2Z2E5ZHhJNTE0NWh6OTk3ektMUk5HMVRVSzMwRWZtNkdKUTNR0gHkAUFVX3lxTE4yRk0yOFVndFZ1b19nYWEwdU9pSE1lTFpJQXVqY0pjS1B1MDBtLUNvblRQanJ0OVZhVVM2dXdFeG96ZHVtenpaaFV3a241VVFFelR1WlpqMjRvQWV0M0JkaEcyRjdPOXZxb1NmMEczaHAyYmdqUzFBWjk0R2pKek1QeVpIcHRoODR3VWZGbjkxcmJDQlh3M2xsQ1RLZ3lwTHh1SE1TdUVLVFZWcWp2UGdMOUdWek0zVUZtOFZxN2ttRmZINERCMThhc2htX3lWVHVjc1dPeWFCMTl5R0xwZ2JKLWFOdQ?oc=5,India Today NE,"Sun, 24 Aug 2025 07:00:00 GMT",2026-06-14T20:36:56.241822,cyber_fraud,True,False,candidate,https://www.indiatodayne.in/sikkim/story/sikkim-cm-graces-45th-foundation-day-of-sirijunga-yakthung-sakthim-phojumbho-at-tharpu-1266287-2025-08-24
online fraud Sikkim,"‘O. VI R. 17 does not limit amendment of pleadings at any stage of proceedings, if it is necessary for determining the real questions in controversy’: Sikkim HC - SCC Online",https://news.google.com/rss/articles/CBMi3wFBVV95cUxPLUx0c2RUb3BxRmh6NDRZbDJ2dktTYXpXWm8zcENzX3JPd1AwT0lMX3hPWFRXWGNDaVJTOGp4Y2QtS0lPOGtGdnhuOHBWZ2psSzJwSkVlcHBNTjd1eUQ0cnVyQ0RlbUc3cTdDdDNuNnl5eFZHeG9QTlp1R2VBSUZiSDlRSHcwQXpPTjNwNHVxTnNzQjBLb2I0dDNQa0JQWldjR3VzMnpZLVFiU1ZkeG9lc19welRpT1g2dGxRQ0ttdGJ5cnNqRmlscnJ4NmZqaENwQm12NWd5aUZ6ejNXcEhF?oc=5,SCC Online,"Wed, 28 Aug 2024 07:00:00 GMT",2026-06-14T20:36:56.241853,cyber_fraud,True,False,candidate,https://www.scconline.com/blog/post/2024/08/28/o-vi-r-17-does-not-limit-application-for-amendment-pleadings-at-any-stage-of-proceedings-sikkim-hc/
online fraud Sikkim,"Eye on sixth term, Sikkim CM Chamling rolls out government job scheme in state | India News - Hindustan Times",https://news.google.com/rss/articles/CBMi6AFBVV95cUxQc0ZvSE83cXp2VG1DRGd6TFlQU3p0UC1hRWpOZ2NZN1kxa0FLMVpUa0dfUkRoVk5OLWV1dEJLN0hoSE1VYlQtTkdNUnZtbk9TYUFhMDBJVGUxRC1XYjBkMlJRVzRtRVlRak1pNllhZHo0cmZpdXZuMFZ6WjFsZ1NUTHNrQ01KMHowMlYxUXdVT3psOWxTeFRZcHhRejdJWEg4M2NBb0RoQVpreDZlSE5DR1IzeTd3NFhMX1Z2R29XdVNvWlFRVW92cmc0bG9LUVM3Mnlpam9sZzVEZWVCbEJReEgzYXF6Tmxy0gHuAUFVX3lxTE9HaENtTnd0R1IwU0pQNE9rMUIwdmdMWjlGVGh4NXJldHk2YWEwZC0wZVRBaW5NU3RxdDNvdmR6U0RvWjJmMHp2dUdoYmlFZDE1UVJKVEJnb09OQW5aZjJEMXFWRXlLRWVGSFJCU29tM1BlMmZPb1pYcUExVktNZDA1cUpmMWp5RWRmX21lMlc0UzF0VkgtQzNJeHl4eGpqNndmZ1liSjVfN2pfNEdGSVZQdlJueW16U08zVGJqWFJYRjdTaTlPSk5NczNFb1hSeXpReDNHRUVTTVBwR3NWN2JYZjNSVmpVQ3p6TTd5cVE?oc=5,Hindustan Times,"Sun, 13 Jan 2019 08:00:00 GMT",2026-06-14T20:36:56.241868,cyber_fraud,True,False,candidate,https://www.hindustantimes.com/india-news/eye-on-sixth-term-sikkim-cm-chamling-rolls-out-government-job-scheme-in-state/story-okMamZP0ZMKjzPGFtVjzuM.html
online fraud Sikkim,Education scam: ED attaches Rs 110-crore assets of Sikkim-based private university - The Economic Times,https://news.google.com/rss/articles/CBMi8AFBVV95cUxNN3JYdUdfOG1SQUJMc0xaSmJJdUpYT3lJRVNteTNmUV84eE5RUmxSLXhvQi1mdVh4bmZZZmNZbUJUVHJOWnZuTXFURFllWWtkZDFkbzMxcHlaZFpSMjJHMlNxZzJGLUdadTVESTVfRkJGenp2dkVOLWtlT24zcXZFdVJkTGxNc1ZERk1PSHJNemQ3NjJvN3preDVjZXo0UkNLRml5UF9haGpxVU1HVFBkTkpaaWN6UWpBODVYOGItaDZHdUdWMkxRT0VxSXdDMnBsSHZQN2FKLWJOTXVBbzNnbmdrVmhDY0k0aGdmeU5XZ2o?oc=5,The Economic Times,"Fri, 09 Jan 2015 08:00:00 GMT",2026-06-14T20:36:56.241882,cyber_fraud,True,False,candidate,https://economictimes.indiatimes.com/news/politics-and-nation/education-scam-ed-attaches-rs-110-crore-assets-of-sikkim-based-private-university/articleshow/45825705.cms?from=mdr
online fraud Sikkim,Beware of fraud travel agents: Sikkim Govt to tourists visiting state - Northeast Live,https://news.google.com/rss/articles/CBMiqAFBVV95cUxQdUVsU1VqWG9kaURlTjZJZU5RamxlUDg5SEhqQmllbEVRQkQwVnZTTkp0QkYxUGY5WjkzMXhuMkE1M3Q3RHF2THRfSWpnSnl3WUh3eFREUnpkdDJxR0NzSGJnWjVwQzBWakFsTzNxcWRyMWl3SjVXNFBqdjhWTGpiMVR1alBtZVV2S0xxUTh4YkRwU2hicUtKNHh3azdiRmJTRnkwRUVBVUw?oc=5,Northeast Live,"Wed, 05 Jun 2024 07:00:00 GMT",2026-06-14T20:36:56.241974,cyber_fraud,True,False,candidate,https://northeastlivetv.com/topnews/beware-of-fraud-travel-agents-sikkim-govt-to-tourists-visiting-state/
online fraud Sikkim,Woman With Another Man Strangles Husband to Death in Sikkim - Northeast Live,https://news.google.com/rss/articles/CBMiqAFBVV95cUxPWGhnNVBTYlJQRXNCemhZeDR2TEJaWURoX1BqNkZGV1RLTC1LNjN3bWI0cUhIMFBWWDZFT2tXLXZHNUdtNnhsdDRBMzFFYzNNYXJCRGsybjA5X3RXT0IxdDF4SEdkd0ZrUmFKNnBNQy0tWHoyT1pGRjhNaE9WMk9hMVFNRnE3LUFBZVB0b084aFhITFBIWGJhYnl1ajRWMTRWQmZlcEQtWmI?oc=5,Northeast Live,"Tue, 07 Apr 2026 07:00:00 GMT",2026-06-14T20:36:56.242047,cyber_fraud,True,False,candidate,https://northeastlivetv.com/around-ne/sikkim/woman-with-another-man-strangles-husband-to-death-in-sikkim/
online fraud Sikkim,Chungthang-Lachen Road Washed Away: Evacuation Plans - voiceofsikkim.com,https://news.google.com/rss/articles/CBMirAFBVV95cUxONWJhTkFLbjdrbXVXbnp2OUhrS1E5N0dnVXNrQUhYWE5VVHBYbDA3WGoyYTYxeHEycWV5V19nc19HalllMmlEOE5WNi1DVTgwbExtcHBCWVRIVDZTeVJVUWhhQklyeHFtMTVtMGVGT29HeURaYWx0UUQ5VmhkS1AtbVBVOUdRRHFmR1FnNHQwN2dPdVFUY0JwN2VUM2ZxenVsbmREbFhMdnVaWHlI?oc=5,voiceofsikkim.com,"Mon, 06 Apr 2026 07:00:00 GMT",2026-06-14T20:36:56.242092,cyber_fraud,True,False,candidate,https://www.voiceofsikkim.com/north-sikkim-chungthang-lachen-road-washed-away-at-taramchu-tourists-stranded/
online fraud Sikkim,President Murmu Confers President’s Police Colour Upon Sikkim Police - Kalimpong News,https://news.google.com/rss/articles/CBMikgFBVV95cUxONTZOWE5OR1paUEpycVlqVUdrXzBxUmV3U2FGeEdoZUx1STQ1N2VoRTNvZkJXLVpHTDZrOVhtU1BCcUdMZ05DS2xMZlFMZ2p0Z1dRUzdUSWNINGNkVmxLemFKeGNtTjBKcWNLMExKRHlCb2Q0NnlvMzBELUxOMTcwX05kVDlwVjNzc0xoaXpGTUxPUQ?oc=5,Kalimpong News,"Fri, 29 May 2026 07:00:00 GMT",2026-06-14T20:36:56.242119,cyber_fraud,True,False,candidate,https://kalimpongonlinenews.blogspot.com/2026/05/president-murmu-confers-presidents.html
online fraud Sikkim,"Prez Murmu confers President""s Police Colour upon Sikkim Police - Dailyhunt",https://news.google.com/rss/articles/CBMi9AFBVV95cUxPdWtKRTQ4Z2hTczZjTzJidkVzZ1pDQWJTQkpPWEc4b3pfa2pTWUdpTlAycUZmbVJQeEEwTUxra01rRmt5dGdPckE3VUZiZFUtTWdsb19tTWg1T2RkSWNRVloxTjBVUW9rOVFIQkpZdU1uU2RxeW1yMl9zX3RRODhsaVhvVHRkaWhBX2xteWRDLVZ4UkNocEl0eUpaX0xyM3NaX09NMGluLV9xRGUzQXZIdnZ5YUt4U0JmVnVZNW9lYlViY2FoZFFUQmJXcEU5M3NabXlpcXctOERwQ2NvQmJmNmtRQUFObmI1bnJUNkl1R0t6emx0?oc=5,Dailyhunt,"Mon, 08 Jun 2026 03:47:10 GMT",2026-06-14T20:36:56.242133,cyber_fraud,True,False,candidate,https://m.dailyhunt.in/news/india/english/telangana+today+english-epaper-teltdyen/prez+murmu+confers+presidents+police+colour+upon+sikkim+police-newsid-n713931952
online fraud Sikkim,Pure 100% Organic Mustard Cooking Oil Benefits - voiceofsikkim.com,https://news.google.com/rss/articles/CBMikAFBVV95cUxNMWlkd3E1Mm9IcjBYQWdidTREN3hmanBKR0ViTmRxU0UzZU01bmxiSmxPMkxSOVNTNFNQRnVFaUhpOEtaMnFiR2tUSXhxblN4Mmg0bkNvbXNMcjB4dW9NaEp0NlVTUlg1dmUxaGlaLXMyeGtFdlBQQld5Yl9MOE1UTHRpdHJySk0xQkpmQWttVmw?oc=5,voiceofsikkim.com,"Wed, 27 Aug 2025 07:00:00 GMT",2026-06-14T20:36:56.242143,cyber_fraud,True,False,candidate,https://www.voiceofsikkim.com/new-local-brand-sikkim-harvest-launches-pure-mustard-oil/
online fraud Sikkim,Sikkim Police awarded President's Police Colour - MSN,https://news.google.com/rss/articles/CBMiswJBVV95cUxOMmIzWVRzZ21UZlI3S1VKSVFBTzdRVVdleUYzakdxOXN5OFdkUWZxSWZMUkxNVDVzU0lRcG5SdWVfaHlTTzFFQUs3UjVGNVBldW1FSG9CYTZTenRUT2QtcUlVUUJBT1JQd0kyOG81Uy1EWFdaS2JIQWhMSGllMERzdXZNanlRa2lvM1FveGRIUEE3aENnWVJybFZrMFpMbjEyRXd3WHFZM1hsVElmZE1PbGExNG5mc3ROUDlYZ1cxUk1MM3VRRUUzOFB2WmprZHJuOVRybGE0TTZ5UkZNWHBNSHhjbW9mWkVWclpsYWV4dFd2VUtFZmIxczR0UFk2ZjZTNEdUUVRoYlczSVpSQ3ZkVGxWSmZNLTlKQzRrQ3FWb1E4dGZpM2FLeUdseXN1c2FlZkRN?oc=5,MSN,"Fri, 29 May 2026 07:00:00 GMT",2026-06-14T20:36:56.242231,cyber_fraud,True,False,candidate,https://www.msn.com/en-in/news/india/sikkim-police-awarded-president-s-police-colour/ar-AA24ns7w?apiversion=v2&domshim=1&noservercache=1&noservertelemetry=1&batchservertelemetry=1&renderwebcomponents=1&wcseo=1
digital fraud Sikkim,"Yakten, Sikkim: India’s New Digital Nomad Destination Opens Amidst Himalayan Splendors - The Indian EYE",https://news.google.com/rss/articles/CBMivAFBVV95cUxPRXVnR1hWdWNJbFhIMndtSFdad1FycXNsS2FMTTlGS0dNa2stYndBUTVaMHhFeDhpZmJSRUpVUmU1THdDSjRueHFIMkEwV2JLTk5EWlhSSmpwajlPZEp3SnU0YkhEQ1BkRTRWQVBzYnpRY3FqZnk4UFYxMXJLcFlKdXVwQWUwRmxuVW5QcUEydU4wbFlvVG5LWC14bWpXTU5BTGlRRUF4bTBCNzhSQXZsVWVNQVdZeHlEYUd0dA?oc=5,The Indian EYE,"Fri, 20 Jun 2025 07:00:00 GMT",2026-06-14T20:36:58.171134,cyber_fraud,True,False,candidate,https://theindianeye.com/2025/06/20/yakten-sikkim-indias-new-digital-nomad-destination-opens-amidst-himalayan-splendors/
digital fraud Sikkim,Mamata meets Sikkim ex-CM Chamling - The Times of India,https://news.google.com/rss/articles/CBMirgFBVV95cUxORlFkUXJxQ1Z0dkxfc1VHT2dHeXY0amlqSGZFUXg4TlQ0aHFJUEp2bmtNVmlySlB3X2VFeWNPMk1OZGdyUWZQUGNEQkxSRkRiRTFVTjFPMTlTX3VZVEJCeFN3MVYwbHp5THRISUpyQ3pPLUpwV3NyUzIyVTJZa09abFZxR3VVZlVxV2N0VHhqUF9iaUhKRUZGZlZuQmNRWnlabDZEQmpUU0I1SUZjMEHSAbMBQVVfeXFMTm5BUTY2allUSkVrTUVVQWZSZkxKWmJlT1VmVngwbWgtRkJUeWhQOEs4NnNqVTk4YXBkZU5Va3U3UFpiTzdFSzBYRGx2Z0FPejk0OGU2XzRsLXltUW5PQ3I5RVlmUU0tMi1jZm5fX1E5cVplUGJkWVNOUjQ2TXUwZUQwRkZxVkdXeWRScXJuNkJRdmJ6dFhCc3VnamM0cl9iUFpUaWJVMldBYjZSUGptSkxPdG8?oc=5,The Times of India,"Tue, 14 Jan 2025 08:00:00 GMT",2026-06-14T20:36:58.171150,cyber_fraud,True,False,candidate,https://timesofindia.indiatimes.com/city/kolkata/mamata-meets-sikkim-ex-cm-chamling/articleshow/117243390.cms
digital fraud Sikkim,Violence in Sikkim's Singtam:144 CrPc enforced - Indiablooms,https://news.google.com/rss/articles/CBMijgFBVV95cUxQeXpYWE4ySC1WbnRpS19ld3hkamRXUUdHQUFzODNLVnlldHZTWXN2Z3hCSndKUG81QlhaNU1vRlI5S1Y4UldJQmJyWV9EM1M4c1BpdVpOdmw5Sl9nWnRUVkhORjJDQTRwaGRvRjhlOXFHN3pIZVJpbnJYd0w1OUtVR3Jlc3JHN1AyRERBZXhR?oc=5,Indiablooms,"Mon, 10 Apr 2023 07:00:00 GMT",2026-06-14T20:36:58.171158,cyber_fraud,True,False,candidate,https://www.indiablooms.com/news/violence-in-sikkims-singtam144-crpc-enforced/details
digital fraud Sikkim,Scammer Loots Rs 7.12 Cr In Digital Arrest Scheme - voiceofsikkim.com,https://news.google.com/rss/articles/CBMiwwFBVV95cUxPVkp0bFlRb0RtallHZVN3X3ZYWGN6Wm9rTDg0bnVXdk9majlWM0pnZi1ZcDZsWU5hZXotZGZZODVKR3YzbldEX1Qxb2s1T3pvdkd1bVExVVRSbzBXWHJTU0ZyUEJCN3N2azhOYTJUUlpWbWJ2ZVpMeGdJXzR4TEF4Z1J1Z3VLNWNTSXdnZWdxS0JXaUNqbTJZM2dkOG1jQzBJX2FaUTJJNnNYRm9xVGNPSzNFaTc1WnZzQ2VLSkZlanZBQzA?oc=5,voiceofsikkim.com,"Tue, 06 Jan 2026 08:00:00 GMT",2026-06-14T20:36:58.171190,cyber_fraud,True,False,candidate,https://www.voiceofsikkim.com/hyderabad-senior-citizen-swindled-of-%E2%82%B97-12-crore-in-sophisticated-digital-arrest-fraud/
digital fraud Sikkim,Sikkim becomes India’s first paperless judiciary; CJI Surya Kant hails digital shift - Dynamite News,https://news.google.com/rss/articles/CBMivAFBVV95cUxPdmwwUGVjZl9XWllPajFlYzBYQW92emp1dnA4eVlSZXIwS25MZFhNeFFEX2llYWoxekRJTWxncW1tUUExTlRMN3NLekxTMzRKSW9mOUVGXzdMb2tMSGRQOUJrcVA2bHVlUXZQRUIxQXM4LUVCQzNiWUJsTEdILTI5MURoN3FnN3g0R2llZkpFRkxhc3dYNy1tcU0tOUtIa0ZZU250cERrMGZCbndocC1icHJjYXZpVlE1M1dJRNIBwgFBVV95cUxQc0M0amEwald6ZEZyQmVTelVPNG9LY0xWQk54OWNhZnB2aThxZlZuUVMxNEw0c2p2Qld3SVozWFFzWU9ma2RRdnNlQ2JhbUlTakY5Q0J1d2dBNGtRU21FX2FzLVZhclduSzdaQ1NuRmwwb1NqMTJkZXh0aTB3aXQ4aDhwZzFVVVZpNWdwSnpxX3JvV3AwMVlGZXc0NTJLVmNGNVljbUlTZ1Jkc29Na1lteGtMdGRuOXhxdGU0STN2Z0ZIZw?oc=5,Dynamite News,"Sat, 02 May 2026 07:00:00 GMT",2026-06-14T20:36:58.171207,cyber_fraud,True,False,candidate,https://www.dynamitenews.com/national/sikkim-becomes-indias-first-paperless-judiciary-cji-surya-kant-hails-digital-shift
digital fraud Sikkim,New Butterfly Species In Sikkim Discovered - voiceofsikkim.com,https://news.google.com/rss/articles/CBMixwFBVV95cUxQUXo4SlB3UGg2UjFzT3RfWVU2eEJPUC1DX1VPU1NLTGhaSmcyMVU3N01UR182aUNneWpvaGNxQi1XWUZGUWVub2d5RmpoVkdxeEhSOFJXa2RyUzBtbVRhTXowS2NydEJZTGpvcUwxUlFsVm5Pc3VGR0M3akNjWVJHdHBOSDN4MDcwTmdMYXFFYUNMZHNzSWItWjBLcWdzOEctSW5YdDZxZXgyWDE0WUEzc1FQRDZrMVVjaFFrMFo5dU4tMDJ1eVpj?oc=5,voiceofsikkim.com,"Tue, 06 Jan 2026 08:00:00 GMT",2026-06-14T20:36:58.171221,cyber_fraud,True,False,candidate,https://www.voiceofsikkim.com/butterfly-society-of-sikkim-records-new-host-plants-for-indian-cabbage-white-in-a-first-for-india/
digital fraud Sikkim,Sikkim Man Duped of Rs 11.24 Lakh in Shocking Franchise Scam by Noida-Based Company - Northeast Live,https://news.google.com/rss/articles/CBMiyAFBVV95cUxOdHpIMDB5RmFZUVpJeXpNRGEyZnhvTWZubE80RzhnQ2d0Ujc4N2tyVmlJYmdNNVNoS3ZwU2hzU1hrdXlIdjlRSVM2cTNsR1hhbC1ScjJHU19LMndYekl4MldqeXRFLXh5T1B4ckNLczN0dmZxeFRVRzM3U2ZFWmx0S0M5WFNDcTZZZUljMXhTcF94X2Ruem04SUk2Sm8wLUNkdmRQVzVpZWFMR2o0bkdiVGdiY3EzWjQzWlpHRkM3YkdCQ1NpcjRMSg?oc=5,Northeast Live,"Thu, 24 Jul 2025 07:00:00 GMT",2026-06-14T20:36:58.171268,cyber_fraud,True,False,candidate,https://northeastlivetv.com/around-ne/sikkim/sikkim-man-duped-of-rs-11-24-lakh-in-shocking-franchise-scam-by-noida-based-company/
digital fraud Sikkim,"Rs 69 cr Sikkim State Bank fraud: FIR against GM, 2 others - Northeast Live",https://news.google.com/rss/articles/CBMimAFBVV95cUxNeThUU3g3RGVaLV9JLTNYTHZ1UzBrQzBGVUk3ZGtteTZHcGZScDVFWjlnUG43d3UwYUZVODlGV2JtX0pIUlUwazlMWGVYM0xuQXg1OUJLc1I3anVuZ3pURzJ5ZlFXWjhoYWZ0RTVuYTBCT2RwWTJvOFZMT1AtdGJZTEV2UWlzVGY3NkJwS3pBX2pRcXhQU05UYQ?oc=5,Northeast Live,"Fri, 17 May 2024 07:00:00 GMT",2026-06-14T20:36:58.171292,cyber_fraud,True,False,candidate,https://northeastlivetv.com/topnews/rs-69-cr-sikkim-state-bank-fraud-fir-against-gm-2-others/
digital fraud Sikkim,8th State Level Coordination Committee (SLCC) Meeting Conducted by RBI in Sikkim - Adda247,https://news.google.com/rss/articles/CBMitAFBVV95cUxOTnR1R2ZJUEZpRklscjJGZjZFeDQ3UDNkeXpUUG4tY09VUHdsTHJKcGY2SjIwYWdTalI1eVB3QTFJdTlHM3RjVDFzdHNGYzdUQmFhTGZhX0ZISU9kQlY3OHFUb3BheUZYSWVVXzFKQVhmVHBJNTBxc2VoYzhJQV90ZGIwMlZUdi02c0lhc3A5djJ1R2pJT1hucWVTdEtzVURCenpZQ3pzaW5DUlc5QVRwaW8yTnA?oc=5,Adda247,"Wed, 26 Mar 2025 07:00:00 GMT",2026-06-14T20:36:58.171340,cyber_fraud,True,False,candidate,https://currentaffairs.adda247.com/8th-state-level-coordination-committee-slcc-meeting-conducted-by-rbi-in-sikkim/
upi scam Sikkim,e-Challan in Sikkim: How to Check and Pay Online - ACKO Drive,https://news.google.com/rss/articles/CBMiZ0FVX3lxTE04N2N5bVp0VFBwME52M3ZGcUxGcm1DWnBlWG1wWWlxV3BBUlpsVW1YVVNnWFBDZkY4elItQXhfNU1KU3ItTlMtWTNtUXBfYmNTSEtWTnphQXZFdTF0TmNpSTN4dElHaDg?oc=5,ACKO Drive,"Thu, 13 Mar 2025 07:00:00 GMT",2026-06-14T20:37:01.744635,upi_fraud,True,False,candidate,https://ackodrive.com/traffic-rules/e-challan-in-sikkim/
upi scam Sikkim,Pawan Chamling era ends in Sikkim after over 24 years - The Times of India,https://news.google.com/rss/articles/CBMixgFBVV95cUxPNzgxVzNCdnZvb2ZUMkZEOUNvbUNQYUY3MEhDUHBuNndKdUZwY0VpRFZ2dUVaalQxdEM2blBJOU1XTW1hZFRZWW9yRXp2N3NoWFo4VFhIUHRQOU9mNEVJNkVVVDdXRjdRdjBtZFlTdXBYVjNpN19KMGhHMWg3LWtRdm5rQ2VzblJnT05TTER3R3lVbk5mZ1E1c0NsODI0MTEwVUVqYlc5YmEyNTY1cmdxRUYxNExmQ2ZTOTVQa0xyZ1R3STU0RUHSAcsBQVVfeXFMUGx4VzJsT0RLN1YzdGV0Q3c1eThqLVJTb09rOWN3ZEMyaDR2bEMwMFdnbFQ2dWpWVU5xaXRZNUpLZzFVYnJPUDZKUlRJVnRPdVFBZXkweUxUUXloYlBjbktpZGZ0ZW1IV2NqdGN2QVRYdGU3U0VPWkpyRzk3RGhaeVU3Z29pemZyWVN3VDV2RXlLUndxVFNQWDlKNzEzNGNuTTVNSFJZRjU2WTRHci0wbjg1TEpfSlgtS1NQV3ByRTlWSXdBNm1zUHJ0bm8?oc=5,The Times of India,"Thu, 23 May 2019 07:00:00 GMT",2026-06-14T20:37:01.744671,upi_fraud,True,False,candidate,https://timesofindia.indiatimes.com/city/kolkata/pawan-chamling-era-ends-in-sikkim-after-over-24-years/articleshow/69471186.cms
payment app scam Sikkim,"38 confirmed dead in Sikkim flash flood, 78 still missing; bodies found in Bengal, Bangladesh - The Times of India",https://news.google.com/rss/articles/CBMixAFBVV95cUxOUGItTXhUNkNfeWdSR1p6N085NnVfUFl1a0Q0UDVIOXJCSHZLT3RGT3hhR1E0N2dLSnpfeXdyY3gzY1owaTNNTUtXRnAxOTFxdWFYcFFaZ1EyWER2Mm1PXzdlMUFNNHpTcDdQQ2FDTlBHMWgyY0FsVUV6amoxeGpuWGdzNzNxNmEybm9GZXhfY1NtM3h1Nm5yYXBLelFCY1MtVFRoOGI3NHZMa3B1MHd2ZXRDYnpVTkpYYVFIb21ERUFDUnJv0gHKAUFVX3lxTFBtWHNpdFQ3M3JJT3R5VXdVTE96YTUzWi0xRmdFNVRpbGxwMTlTN09MMzFoUnVleGZ2R3JPWENabG1GdVBtWjhTX2c2LV9JTERXb25lX0ZxN251REUzYkpwX1pKWVkydG9IX25IVUJWeEdOVk1pa1lNTTBQY3MtRkstc2pnSDkwQ0IwUWd3VVpyeTQ3MDA0LXJJV2g2cG5aWUNEd2h3dTdDOG9oc2k1YUdJOWVFdzF5dzlTTHc4am00SEZZWk9ERXF1OEE?oc=5,The Times of India,"Fri, 06 Oct 2023 07:00:00 GMT",2026-06-14T20:37:06.491636,upi_fraud,True,False,candidate,https://timesofindia.indiatimes.com/city/kolkata/sikkim-toll-at-38-bodies-found-in-bengal-bangladesh/articleshow/104196499.cms
payment app scam Sikkim,"‘Lottery king’ charge-sheeted for duping Sikkim of ₹4,500 cr - BusinessLine",https://news.google.com/rss/articles/CBMi6gFBVV95cUxNMW5EeVpJMDhXWHNrWDF2cnVtcnJnRV9BaVZFSUxUT3dZUi1HZE82MnNyamw1YXhXRHlKcjdjd01nNWRJWm5SdjEzNThFa3hQSDZpNS1PM0tZRmhBN2s4dHNPZlhMbXJnSWhvdUlrVHRRaEIyeW9xNEI5R01FWDRTakhrZXBBSmFfNEpsem12UXpVb2ItSF91WDZKMmlYeHR5b204RGhydTdnend2SHduNTl6dEp1Wk1vMkhoaGxkME1JeW14Y2F4MFY0UHJBTXZOMXEzRVBqa0gtcXdGbEg5NmxyWTFaa2U0Y2fSAfABQVVfeXFMUDBlZGI3SWI3aW0zalBpTUl4Y3ZZTE52elhnbDlsNFE2UHRUeTZhMm9MeGViZnFGV2llcld6Y3p5TEpEWWRVeE5qWS1WYkRRUGxUOWVNcTJlVGR3OVBiWllld2d4azJzbEEtN0tfVTY2NmtCYzRqalJFWUFpd3BvSWtlOHZFeDI5QU9tcTJPZXBjUVNxSGJ5Y2N0Wnczb2xSYURhRzl0S2Fmdjdmd1BtSGVEMk1jdUs4WU5nckNfZ1NpOU5CZGpncjVnbEVtTVItcDJHTUxOel9RRGZOMUwtQjRwTXNpWHVzWXl0QlZyVDZL?oc=5,BusinessLine,"Tue, 04 Feb 2014 08:00:00 GMT",2026-06-14T20:37:06.491660,upi_fraud,True,False,candidate,https://www.thehindubusinessline.com/news/national/%E2%80%98Lottery-king%E2%80%99-charge-sheeted-for-duping-Sikkim-of-%E2%82%B94500-cr/article20721938.ece
payment app scam Sikkim,"Lottery Sambad Today Result: 06.01.2021 Dear Sikkim, Nagaland Draw - thebengalstory.com",https://news.google.com/rss/articles/CBMiogFBVV95cUxORjdRTU5LMGtYeG1TejJPTnNWZ3A4TVB6XzJkNzZFMlY3TEJHNUIyUmwwLURxX0F1aUpTY29jUXhocFk1NFpiaW1ZUlc0OWZ4Njlrb2Fsdkx5MFB6YlNScHJrQjlKam1ORzhIVEs1dENNZHFFRWd4Y29wVUh0QmRfOXRiMUc5MDA0YWUyX2NKZjF4SVNCQXVmdTM2X3NreEdlZXc?oc=5,thebengalstory.com,"Wed, 06 Jan 2021 08:00:00 GMT",2026-06-14T20:37:06.491746,upi_fraud,True,False,candidate,https://thebengalstory.com/english/lottery-sambad-today-result-06-01-2021-dear-sikkim-nagaland-draw/
digital payment fraud Sikkim,‘Kabbadi 4’ co-producer files police complaint against filmmaker Anmol Gurung for Rs. 1 crore fraud - Sikkim Express,https://news.google.com/rss/articles/CBMi0AFBVV95cUxOUUt3TEhMd1NNYkV1VllwcGdzYVZHQThvdVNieGhEY19ISk9uSlVpNEVUMkwyMFpoc0VFZGxic1V1QzJ5eU8wMG8xRXlmTENqejFCTFFkMVRRVUhvbDVYV0tfYVFQaDdBbHJ2cWNwclc5VF9qRjM2bnJrSVowRVo1NUpFVHRRZ2VYQ2RHc1VPQk8xTW85ZlRpblQ4VTZEM3pkX1AzLURjc0Vydlg1UV8xXzdDZ2VHbGNNOUhmUl9QYkR6XzV1Wk10WFJWTVhrZm1n?oc=5,Sikkim Express,"Fri, 04 Aug 2023 07:00:00 GMT",2026-06-14T20:37:12.721306,upi_fraud,True,False,candidate,https://news.google.com/rss/articles/CBMi0AFBVV95cUxOUUt3TEhMd1NNYkV1VllwcGdzYVZHQThvdVNieGhEY19ISk9uSlVpNEVUMkwyMFpoc0VFZGxic1V1QzJ5eU8wMG8xRXlmTENqejFCTFFkMVRRVUhvbDVYV0tfYVFQaDdBbHJ2cWNwclc5VF9qRjM2bnJrSVowRVo1NUpFVHRRZ2VYQ2RHc1VPQk8xTW85ZlRpblQ4VTZEM3pkX1AzLURjc0Vydlg1UV8xXzdDZ2VHbGNNOUhmUl9QYkR6XzV1Wk10WFJWTVhrZm1n?oc=5&hl=en-IN&gl=IN&ceid=IN:en
google pay scam Sikkim,"ED attaches assets valued at Rs 32.57 lakh belonging to some people in Sikkim - The Sentinel - of this Land, for its People",https://news.google.com/rss/articles/CBMi1wFBVV95cUxPbVpjTGZCOHBQOElEenNwNFc0NENxaUUtSmh2WkpfS0t6dVlPWEduUzFuc0w3VGhpS29OcEZvZVFRZUhrMGNwUTJpejdKdjBwaVdUU2VSeEM3Vl82MEFtdVVhNzZSRUh2SHJndDFCVU9qeHZidVdkRUVlSmlxcXh1U1JWMVdEUERlNGRCRW1XbHgxZEFRa1FqZ25iVnM3UjJJSTNuUEV4TWV1WThuTjl0MmJGcGZ0S2xCRmJtNXVsVWxhaXdhVW8xbjNLNjFDMVBXdTlsWGlmY9IB5AFBVV95cUxQOWVoWUM0TjllM1NkaVZUUGRTSndfR1NGbURWdjgzWURwUG9DdEFhVFo3WjVUT0RWY1h0OGFSTnZKODdzbFkwQnZtZ0pBUFNWZ1dGY1RpaGs0VnBfMmI3WDFUck9uS0VHcE9uNE1GTEU3eWsxTEJna3JGVFdlUF9tT21KQ3QwalE2bzQ3WFVlRDFqTEUxZnFHTFdQOFNqUDMwcUZ1dlJmeFJNN1NiMG8wWHRjdlB5ZFBuRV9mVmxVNWlLZHFrRTVZYTBzR1NZeWdkaHpQRW95VDEwV3VEaldMNHpYX2s?oc=5,"The Sentinel - of this Land, for its People","Fri, 07 Feb 2025 08:00:00 GMT",2026-06-14T20:37:14.783201,upi_fraud,True,False,candidate,https://www.sentinelassam.com/north-east-india-news/sikkim-news/ed-attaches-assets-valued-at-rs-3257-lakh-belonging-to-some-people-in-sikkim
paytm fraud Sikkim,"Relief for tourists, commuters - QR code payment mode made mandatory for fleecing, cheating Sikkim cabbies - Northeast Live",https://news.google.com/rss/articles/CBMi1gFBVV95cUxOUTFXOWdZdmNSaXpPM0N6amZEUDBMLUZZYVJrRS16eEhndXp3N1ZHQmxmMlpqU2JOdUtjME0zNG9PV0FhaF90VmY4N0QtQldJSVVndmhTNk5VVW9acFh2UVp1bVptRzJfb1NtaEEySjBPVTR0X0dlLWlGdUtxTXFzZjRheHFxZEd1Mm1oc1NsUjNVaGhaUHA4SWlHRVVGMktCMnhWUjNvelp2bzZvN2huakZVQXctSXgtS2N2VzNtUHVHRGRCUVZjWnhLX214Y3pEbzBvRk5n?oc=5,Northeast Live,"Thu, 04 Jul 2024 07:00:00 GMT",2026-06-14T20:37:27.550244,upi_fraud,True,False,candidate,https://northeastlivetv.com/topnews/relief-for-tourists-commuters-qr-code-payment-mode-made-mandatory-for-fleecing-cheating-sikkim-cabbies/
apple pay scam Sikkim,Shriniwas Patil named new Sikkim governor - Pune Mirror,https://news.google.com/rss/articles/CBMiekFVX3lxTE1xZW15ODlBcG5pM1gtQnZWZmdTVWFJYmpSWUd2cUt3NVF4TlpOUGhvc0pSTjdtVTFGZHBnNjluTU9vSXBNQ29kNFJxVjVZSThmWHhZbE11djU3NDgyNE1vR1ZaMW04dW14SXhEVEdNRk1LZjUwYzNjRXJn?oc=5,Pune Mirror,"Fri, 05 Jul 2013 07:00:00 GMT",2026-06-14T20:37:33.228033,upi_fraud,True,False,candidate,https://punemirror.com/news/shriniwas-patil-named-new-sikkim-governor/
qr code scam Sikkim,Sikkim hotels seek tech-based solution for tourism development fund rollout - India Today NE,https://news.google.com/rss/articles/CBMi0AFBVV95cUxPNllvd2x4T2haZDJPNWpIdzhWRndLLUlKZUlHZUNUcVdqRlAtQXdMajZ1TW13QVMxamFGR29BdWMxeTh4Vk0wN210NVBDRzZ0UE5MRk94UmJXNHVYMndxMVQtZmRhXy1fVVA1bTRiSkZPQVpwRnZEN3lkUVVBRHZST0VVRm1jVEs1U2JxWWRKWDRROTNhTUFTZVlyVmowc2tfNzgtcnppV0VhLVVvT040dHozNDh2d2MxT2NVdElXS3ZmNVNyeGlNWDBoOEVNWG120gHWAUFVX3lxTE92Z2NkWTBfclF0Q3YxMmduZzFaNDZ3QVRLbUFoLXBONkQzYXV6akhKeld6MXJ3YUFDdjVEeFcxdEdSZFNaTVFla2ZsTTNjT1FtdHQ5cnJZNGNaME5MOThfc1NWRnZuOXN2SGxXWjNPT2R0WmROZHA3VzgyTkhEbGJsaUhGMzdWbzRUcVVWV3FWY2pnQktmMzhVM1FBczR2NlJmY29XWl9VN0NDVDktY3p5Q3c0UDMwYnUyQmZuTm1hb0xBR3duWHBvZ0pyeXRRcHg5YTBoVnc?oc=5,India Today NE,"Fri, 19 Sep 2025 07:00:00 GMT",2026-06-14T20:37:45.195990,qr_code_scam,True,False,candidate,https://www.indiatodayne.in/sikkim/story/sikkim-hotels-seek-tech-based-solution-for-tourism-development-fund-rollout-1279945-2025-09-19
upi scanner Sikkim,Sikkim Game Login & Register 2026 - Get $100 Instant Bonus By Diuwin - GlobeNewswire,https://news.google.com/rss/articles/CBMi0AFBVV95cUxOYkljMmQyTnFGV3ZlUDRGRzVRYXFRRlBiVTZlU3FuOGZlcGxZM2xhZTRIaUFSdC1wZ0FYTlNBaElSak5tdjV0aEt3emROTlYwQUExcVpPRnUyLVNKQ1ZuaWRLVjJXNVJzRXV0R19GNHdocXRldmlDMVI2aHhsUTNZSXBBaFdkY2hNWDc0SWZjWXYzUHlzdHNJbjlkQ1plQ3FZYjNiVTVaZGxTTW1vUEJVRER4ejluUWRQU1BsRjNtT3lFT3JvckxKQjFGSk9UYThR?oc=5,GlobeNewswire,"Wed, 15 Apr 2026 07:00:00 GMT",2026-06-14T20:37:46.626309,qr_code_scam,True,False,candidate,https://www.globenewswire.com/news-release/2026/04/15/3274785/0/en/sikkim-game-login-register-2026-get-100-instant-bonus-by-diuwin.html
upi scanner Sikkim,Sikkim govt asks taxi drivers to add QR code as additional payment option - Business Standard,https://news.google.com/rss/articles/CBMi1AFBVV95cUxOUnpvXzRwNUoyQW1RTDlNc1Fyb0d1MTVUa2VyWWx4X2dyWTJjNzhPekNaREhyTTdyd0x4dU05ZkpwY0NHSXBRME43eTZvdFRmLU8zYVY4LWh5cVFQMXlzUDd4NllXRVBfcGVmVFVfWHFiakJURzV4ZnNrdEE4WDlyVWNNLTBnVHE2YzQ2czdjN1RwYU5EdlRzZzc0Tk1TRkNUbDRKZzMyNnR4OGFVN0NjQkNKYmVWZzBmMzVtaTN3S2FRZUtrazVlQ1ZfU1lBdmd3ajZQdNIB2gFBVV95cUxNbXdZTFVHTHlLdEJ6OVZKY282M0VuRU94b0JlSkdDOWktMm9BeFBOVDNiTDBPT0FqdjhkOHNkbWs5SDR6US1zNmFyRHhHckxrVktXeW9NcGFacWtvak1GckQySVpPY1JGWnRTLWxLUHozVlRXVndRMzhCR1RZT1RBZWpvVXVRdFRPVTB1dkZaZ2lHV0tqbDItT1YzeGNyMFhsQkV2aG1LcmNtTXczemJTU3lmRGt1RFRuQVAtbWhHN25RTF9ndm5qUjAxZzFqZGZlRkVOclBaUmtEUQ?oc=5,Business Standard,"Wed, 03 Jul 2024 07:00:00 GMT",2026-06-14T20:37:46.626350,qr_code_scam,True,False,candidate,https://www.business-standard.com/india-news/sikkim-govt-asks-taxi-drivers-to-add-qr-code-as-additional-payment-option-124070300827_1.html
upi scanner Sikkim,Sikkim Transport Department introduces cashless payment for bus bookings - India Today NE,https://news.google.com/rss/articles/CBMizAFBVV95cUxPcEpIVkZLMDdkbDZLTkVJWHBVc0tkUlpwaWRfU2Y2UlVPTksxYWRoUW9sMElUX3kxVVVHbUd1RjZJcHBHWEFfYkc3VnVGQUExMDQ5ZGVnUlpXUmE0TGxWZEE1alQ4WldiQWl1aWNkQUJWeHkzaUM4ZS1fQnZZX1F4bTFGNmlIR3RiZ0tkNk5BdmM4LUE2T19Zb2t1N2laeVdyOER1VjN4YzU2cFhLMmw0REswSnMxZDR2S2RIM3JheEtlenJBaDBuUUlaekHSAdIBQVVfeXFMUDVqX0VQZks3TWgyTi1NUGl1NGplcUd5WlBQQVhMcFo1VnBEQm1zSE5FUXNxY3FpU29OdjhrSS1qa2tqOWd3OWhuM2FjZnVrWkwtMUxvbkJCLUY4THEtNGd4LW1hMGxhMTc4Rk4zYi1pZkxWcUFpUENZcDFueVV2VE9YRzhod2NHNWJvTzdLTlR1Sm9BWktDaW9hLWp4RVJZbVZMMUwzZ0owYlNnWWw4SnpXMHdjZW9WQjlxaTJLb2gwanBBU0lDekVzR2htbjdzWmln?oc=5,India Today NE,"Fri, 28 Jun 2024 07:00:00 GMT",2026-06-14T20:37:46.626363,qr_code_scam,True,False,candidate,https://www.indiatodayne.in/sikkim/story/sikkim-transport-department-introduces-cashless-payment-for-bus-bookings-1038126-2024-06-28
upi scanner Sikkim,Prez Murmu urges police to become partners of citizens while honouring Sikkim Police - thehawk.in,https://news.google.com/rss/articles/CBMitAFBVV95cUxOcFZQeEMwNGJvdWFxaVhlbXcyWVZCOEY4X2hENEdMN1EtUU9Xekx6T21qamFZdlMyNlNTcUFyMDlTM0lTQXVuT0tkVWlFNjRHQk9zbG9wNG9UTXMyc1ZQTzFOQ3pSLVdBOWkwR1dTV0k5RUh0ZTc0X01LSWZfTjRTMFEyaG9yZVYtcTlLeTRFeXl0REhDbldfUHR1VER4QjNJdjZ5aElpTmEwUS1SYmJNellSWlU?oc=5,thehawk.in,"Wed, 27 May 2026 22:36:00 GMT",2026-06-14T20:37:46.626374,qr_code_scam,True,False,candidate,https://thehawk.in/news/india/prez-murmu-urges-police-to-become-partners-of-citizens-while-honouring-sikkim-police
upi scanner Sikkim,Iran US War Impact on India Digital Economy Overview - voiceofsikkim.com,https://news.google.com/rss/articles/CBMi2AFBVV95cUxNX2FXSXlEbllXSlhsQUJHX2VSbmZIOURlYjBOb0pXSXhvRmU1NE9ad0V6OERTS3dnSlEtZWxsaE5kRjJ1cWVKVVp4MW1lV1hfZ2ZpbDRBVHNuWEdNUEFjTUJFbzZiTV9HM04wYXZQTlhER0JoYVdvN1ZaY3F6RXBYQXRKUjM3allhdlhyMXZpSVhHWUNSVENpbkQ3amxhaWtFdUtWQkZMV2pNNVhLOTd4WTVfY21seENBNFdDZWJJSWlENE44cTV0ZWNWTV93SWR5ZzRIOC13TGo?oc=5,voiceofsikkim.com,"Wed, 01 Apr 2026 07:00:00 GMT",2026-06-14T20:37:46.626385,qr_code_scam,True,False,candidate,https://www.voiceofsikkim.com/when-a-distant-war-hits-your-upi-app-how-irans-war-on-us-tech-giants-could-quietly-reshape-daily-life-in-india/
fake payment qr Sikkim,"Sikkim Int’l University non-functional for four years, trail leads to Manipur - EastMojo",https://news.google.com/rss/articles/CBMitwFBVV95cUxQeHI4U0I3YU9UQldoOGZQNTJ2WnB4eHM0VlJBZGJVTHRENmtXVGVkenBfQ3F3NkxXajh3SDFOM0F5QmhTLWVNRGoxU3hEdWpYOXZWZGpNREQyeUo4US1LckFmSi1aSTZTM1FSYkxlUzlVWGpTbHQ4M0QzS0w1OUZtQ0tJSjZONEphLWNWY0VZeGc1RHVacGpDNHd4dXFncEpESFBDYWNaOUZvUWpfWXFzN000eUtfRTg?oc=5,EastMojo,"Wed, 03 Dec 2025 08:00:00 GMT",2026-06-14T20:37:48.967638,qr_code_scam,True,False,candidate,https://eastmojo.com/premium/2025/12/03/sikkim-intl-university-non-functional-for-four-years-trail-leads-to-manipur/
qr code fraud Sikkim,Sikkim Government Mandates QR Code Payment Option For Taxi Passengers; Guidelines Here - India.Com,https://news.google.com/rss/articles/CBMiwwFBVV95cUxPUm1YVF9UMmdpc2d4N1BQLXc1MVFzX1ZqbTJaRWczbjF1YzZVb3V3R3Z4MHktaDV5eTlkOExPYi1KWEtnZGM4RF9NSW4wUmZFT3V6RGptQlZfZi1rQVdkNGVESUFEMklUZ2x4Z1pUamFnTFc4dk5MY3dpbGhuc3hUQU5wZmhrVVFSWm9YaWkzUnVpZnphVGZsYzFOVDRlM0xIWWc0YXEzVFJZLXFLd01nTXpGSHRzMzIwT2RCa1piN21maWvSAcgBQVVfeXFMTVhyNEx0VmtvejJUOGxMMkpXdmIyWk5XbDZ6S20tc0xxR0Rvd3ozbXRRSkQ0NEQ0V3FhUHR5Z0RUbTA3Z1VmQmdiMlBsZ3JWTmtpX19iQ0huMFFJMnlkRHdDdXFScmFZVUVndTNBTjVGem52TnZFR3dEUlZGVkVfdXI2ZUZJS04xNnp4dlFibWZzVDN3d0ZFUU40MHd3dnVTVXhlUm5WOFZMUHV6NHVvd3NoSmpYb2hfS29VVXZYNXZSZkUxMTk2aUw?oc=5,India.Com,"Wed, 03 Jul 2024 07:00:00 GMT",2026-06-14T20:37:52.320362,qr_code_scam,True,False,candidate,https://www.india.com/business/sikkim-government-mandates-qr-code-payment-option-for-taxi-passengers-guidelines-here-7058202/
qr code arrest Sikkim,Sikkim Implements Mandatory QR Code Payments for Taxis - voiceofsikkim.com,https://news.google.com/rss/articles/CBMijgFBVV95cUxQLU9Tb2djaWdZd1NUWi1SYW1BejVpUXlTemdCcE4wdVRPVmFfb3M2VmRGaW1GZThkcEVUajhkSkd1alFyVDBfbTVxUkVkdldrOEJNN0NnZ1VMVUJQS0RmWWRzSnFZbWxfanVneEh3aUFWSWpaek5EaV9ZVEIxSnVmdktjN2lwTXFHXzBqQUZn?oc=5,voiceofsikkim.com,"Thu, 04 Jul 2024 07:00:00 GMT",2026-06-14T20:37:56.876886,qr_code_scam,True,False,candidate,https://www.voiceofsikkim.com/sikkim-implements-mandatory-qr-code-payments-for-taxis/
investment fraud Sikkim,B20 Events in Sikkim and Kohima - Invest India,https://news.google.com/rss/articles/CBMiggFBVV95cUxNNTRkTmhxRENZSGQzSXZPSDFrT3VHajRrREV1d1B2dngyVndmUTFZbEJ1S0tWQmhudFE0VUxXbjhWaE9zMEVoU2pzc2FNQU5xcF9HMUdrM044MVpvUVFSSk9fQThTNUhhZUpZMG1iY0YyeEk3akhUd2x5STNVS2Y0NUN3?oc=5,Invest India,"Mon, 24 Apr 2023 07:00:00 GMT",2026-06-14T20:38:00.665976,investment_fraud,True,False,candidate,https://news.google.com/rss/articles/CBMiggFBVV95cUxNNTRkTmhxRENZSGQzSXZPSDFrT3VHajRrREV1d1B2dngyVndmUTFZbEJ1S0tWQmhudFE0VUxXbjhWaE9zMEVoU2pzc2FNQU5xcF9HMUdrM044MVpvUVFSSk9fQThTNUhhZUpZMG1iY0YyeEk3akhUd2x5STNVS2Y0NUN3?oc=5&hl=en-IN&gl=IN&ceid=IN:en
investment fraud Sikkim,Sikkim Lottery case: ED says Santiago Martin made 'unlawful gains' worth Rs 900 crore - The Times of India,https://news.google.com/rss/articles/CBMi7gFBVV95cUxNbmNDUTBwZEpLVVl5VUN4LWxCZUNickpQLU9ETzE2NjhUVVN3YTEzbWtOT2hWZS1XcnI1UjRhczVzRjNJbWV1aENfSlg0ZWN1OGZiU2kwYWRXeDh6TXI1ZUxfZGtfNjdObFM2VEQ2YW12VVBlbUNJRlJtVDBiWDNMVnJCOERWLXg3ZnVOdXFVVC02dmtFSGRWYUdXelhtR3p5dU1rTDl4YkVBTm5aMGhHN2hiYk9uRjNIaEt3S1owRjVoN2FrWHpaOG11Q2lwOGRPenUyQ215aFU1R19xVDhkVHltcFNBODU3cVYyc3pB0gHzAUFVX3lxTE9SSFVhdFJzN09RaFJQdVFHUnRpOVpsNGRzS0RQOXpjdEFPdmZXWXhBd3psSDYwWmhhaHBuYUtiR3BER1pJNGc3LWl2VHdKOEljZWFabldOU0NEeHBuOGhGeGotcDJFc0huRmJNZFBHTXFma2hsODZSd0NBVENrOE5SakRVaUR0WHhSaEZpMTIxUHg1XzZNY19MZFpsNzBSMzhndjRodWpkSmNIZ1p5WDc2M1VOWVFxc3RGOGlmYWFRUEk1NEdnV0hhQWxzaXEzTndhTmVkc0RRblhLSFN0LWpKTnJ0Z19Fc0Qyc3BfSEpIdENlQQ?oc=5,The Times of India,"Tue, 16 May 2023 07:00:00 GMT",2026-06-14T20:38:00.666031,investment_fraud,True,False,candidate,https://timesofindia.indiatimes.com/city/chennai/sikkim-lottery-case-ed-says-santiago-martin-made-unlawful-gains-worth-rs-900-crore/articleshow/100261969.cms
investment fraud Sikkim,"Sikkim produces 80,000 tonnes of organic vegetables - Business Standard",https://news.google.com/rss/articles/CBMiywFBVV95cUxQUDhrUXRCWXF5M0dNWG5YMF90NmdEZjFlSVI3WmRDOG9ncDNvejh6T1FkYk0tWkhjTFIwSkVCc20wUVEtNW5pa25KZDVsWFBRdU9GOHFYNmh1dXdraG9pZjVMWHE2RkhDZGV0V2NrYjhWMjNFTl84R2hpZzViNDNsVFZCWFJUNEdWYk1MWmdvU1BPVGx1ZXI4Wm5nbWo4SjY3UUFBUVE0RnB4eGxjZVFET1VUMVhzX2FFTXFVS0MwRW02UlVGSFRCOXI2RdIB0AFBVV95cUxOeldkV05BSDBiVy1USG9mc0gwOEp1bzhaelRRWHJ1cGZ2U3ZMRWx5OUNaUjk4dE4zU1QtTjZWTFhyeWpwdVZVVHgycUFoaWxBQmpVMGNocDBPSmFabE9ZVXplU1FneGpIM1NFN0pNOVVkclJyVzlrQUZQNGloY1dxb0E1MXdZQ2xvRjA4S0pKR0VNOElfMkFMZzEyVE0yTF9JRFQ4OEpQWXJjY3Y1RW04ZW4yNkVWOHc2aVVyUFpnX3I3SkFFNFp2eDlpaElQUV9F?oc=5,Business Standard,"Mon, 13 Nov 2017 08:00:00 GMT",2026-06-14T20:38:00.666057,investment_fraud,True,False,candidate,https://www.business-standard.com/article/pti-stories/sikkim-produces-80-000-metric-tonne-of-organic-vegetables-117111300147_1.html
investment fraud Sikkim,Mega Dams and CDM fraud in Sikkim (Watch This! #5) - Carbon Market Watch,https://news.google.com/rss/articles/CBMigAFBVV95cUxNb3NKWklucWFHWUUyMEhfUWFKWF8zMlh0c3plT0dvMFNVbEVydloyNlpMVEJqaVU3d1VVVHZXbDNYX3lPTXpBM25aMExia0xiMm5qWFVPeHA4UkhQWTAyQXhOSDB0N1Z3YVZKazRzeXhnSF9XTnpYSGZJVURXSjF6RA?oc=5,Carbon Market Watch,"Wed, 27 Mar 2013 07:00:00 GMT",2026-06-14T20:38:00.666080,investment_fraud,True,False,candidate,https://carbonmarketwatch.org/2013/03/27/mega-dams-and-cdm-fraud-in-sikkim/
investment fraud Sikkim,Missing doctors traced in Sikkim - MillenniumPost,https://news.google.com/rss/articles/CBMihgFBVV95cUxNbzBHaS1heDU3bE1DMXMyTDByYTNmRkMxY2dwX180dm02UWlhbHF5dnVtZ1pRc0w0VTBrY1JnYTdBTXdpakVYT2ItTkd4U3ZxZS11OG5BQkRrdDdRTzVzeGVHN3ZhQ2Mxb3R1c1hKQXdmLWhZRE9fTndJWmNjZHJXdmMtUWFXd9IBhgFBVV95cUxNbzBHaS1heDU3bE1DMXMyTDByYTNmRkMxY2dwX180dm02UWlhbHF5dnVtZ1pRc0w0VTBrY1JnYTdBTXdpakVYT2ItTkd4U3ZxZS11OG5BQkRrdDdRTzVzeGVHN3ZhQ2Mxb3R1c1hKQXdmLWhZRE9fTndJWmNjZHJXdmMtUWFXdw?oc=5,MillenniumPost,"Wed, 01 Jan 2020 08:00:00 GMT",2026-06-14T20:38:00.666097,investment_fraud,True,False,candidate,https://www.millenniumpost.in/amp/delhi/missing-doctors-traced-in-sikkim-393919
investment fraud Sikkim,Bride Catches Groom With Another Woman Before Wedding — FIR Filed in Gangtok - voiceofsikkim.com,https://news.google.com/rss/articles/CBMiqAFBVV95cUxQMm9wdUdMUUE4dTJBQU96eDRCVXBQZWpBUkE5YW9DVzdqM3A3ZWM2dk41dXAxV0l5Q1JsNVJUZF9relNndzR3cmZLWktoVGJiRmNHTklfVUh6WXYzZG5vMzB1QkU2c0RHZmdVbFItZjd2OEt2dDZwWlBkdHNudmh2Q0c0ZGk1WkRyWHlXMHVfTWozRjRrNmJqSmJiSmMzWWY3SEZjMU5NcUY?oc=5,voiceofsikkim.com,"Sat, 07 Mar 2026 08:00:00 GMT",2026-06-14T20:38:00.666151,investment_fraud,True,False,candidate,https://www.voiceofsikkim.com/bride-catches-groom-with-another-woman-before-wedding-fir-filed-in-gangtok/
investment fraud Sikkim,Man Lost Rs 35Cr in Market Scam Exposed - voiceofsikkim.com,https://news.google.com/rss/articles/CBMitAFBVV95cUxNNmx5UmxlWXhFbV9SbHVVOEZXdUpfckpTX28tc0pFekpJTjVTcDZLUmdNN2hhNm4tbnU2ZkpSODdkQi11d2lLZUlLUm8yZFZjdV9aeXYzNVdpZkFaU2N3Z1hOdDEtU1hBWmxOWUV3ZW5jTlZUNW5UUGVXM0RJaV8wM2J0Sm02QUJkMlNXbGZSTW5jR0ZabG5tb2UyQWJ6QkxBWlVZc3ZDZy1PRUoteDRWcWxwUjk?oc=5,voiceofsikkim.com,"Thu, 27 Nov 2025 08:00:00 GMT",2026-06-14T20:38:00.666159,investment_fraud,True,False,candidate,https://www.voiceofsikkim.com/72-year-old-mumbai-man-duped-of-%E2%82%B935-crore-in-long-running-stock-market-scam/
investment scam Sikkim,"Sikkim hydel power's 11,400 crore claim key in climate risk management - The Times of India",https://news.google.com/rss/articles/CBMi6gFBVV95cUxQckREdFp0T1BSYmQ4MnRTVVhmaGJGSkw2SzFpVEp4ODJfVWRmbUlLNUhFVU1oc3BVVk9Xb0lKVzJHaDVneU5qQ3pETDRpTTdDQzhROXI2VnJiZTUxeWpCZ2tsZTlQUlpldDJZakcxRnl1SENsS2oxVVRhOU5EU0RYZktSQkl2TVZfcWYyaDVqU3JhLVFaZkpyREM2YWZQM1VmUDN5RDBjZ0lTeERhV3dGSVVuTVl6QmFwc0ZmZFpkUlZFdmRJNXo2ZllJWkl6aW5KQ2ZOMURURUsyRXRrY0dWdFoxNmZjZV9xMmfSAe8BQVVfeXFMT2paTkszaVZ6XzdkU2lWb0FJRmc3VlZPcV9saXlFRU5rUVUxcG1SUUt2a3J1VDNJNktaYlVVeHJMNUVEdTgxbXhBSWNhQ2NVc1gtS2QtZ3VjR2FLY2FoRUllVmwyTERWYlZqelZNQ2dteGdkN2tyRzlyOG1wUEk3NGc3STN1N2lKVUQ2NUtveUVOanp0UkFMc2VpdmF5OGZGSFFYb2MxTVZtOHFHa1dGcUU2bmo2STNydzZxdlhodVlfakhxdjc5a0NrWldBd01Xd013OXV4QlpMXzAzX3IyS0dtMlRHazJGVWRnOWJJZkk?oc=5,The Times of India,"Tue, 28 Nov 2023 08:00:00 GMT",2026-06-14T20:38:07.282747,investment_fraud,True,False,candidate,https://timesofindia.indiatimes.com/business/india-business/sikkim-hydel-powers-11400-crore-claim-key-in-climate-risk-management/articleshow/105543432.cms
share market scam Sikkim,Tadong resident loses Rs. 5 lakh in online share trading scam - Sikkim Express,https://news.google.com/rss/articles/CBMipgFBVV95cUxPQmxBMktOUGxmTTI3QkVaMjZoc0VhcGZHbFQyTnlFNHp2Z2Y2MHhXZWotVnRGMmNGeFhMaHRiZG14TmJ3Y1I4OFFVWU9ENmwyMXUtaXpLX3RhQzg3aXNicklac1BIQ3JoNGVvUTEwTmdpaVVJWUNHaXNrLWk5d1VwZGZLVVhwdjhkamNVNzJONEYyVU12RTUtdTFCQWYtbzgwa1VKUHlB?oc=5,Sikkim Express,"Thu, 18 Jul 2024 07:00:00 GMT",2026-06-14T20:38:08.812954,investment_fraud,True,False,candidate,https://www.sikkimexpress.com/news-details/tadong-resident-loses-rs-5-lakh-in-online-share-trading-scam
share market scam Sikkim,NSE Asks Members To Re-verify KYC for All Sikkim-based Clients - Moneylife,https://news.google.com/rss/articles/CBMipwFBVV95cUxNVVB4dDJGbVNVbEJmUU9rWHNvRjQ1b09qTGhJZVZ5RW42NFZ6NFFFNmtncXpoa2M4ZXhBZ2lQNmtRWG50V1hwMWVhZ01IS3hzYndzZkVBMWMxVFBIZnR4dmpYaHB3RHd0RFJ0Y2Q5ZWEyNXcwdjhNc1Z2MEJ5YUZzdG9xdGEyNk1sTnZCcmxjejlvbHV5bW1NbF85anZ4d3k4Q0tNbXBQTQ?oc=5,Moneylife,"Tue, 09 Aug 2022 07:00:00 GMT",2026-06-14T20:38:08.812996,investment_fraud,True,False,candidate,https://www.moneylife.in/article/nse-asks-members-to-reverify-kyc-for-all-sikkimbased-clients/68015.html
share market scam Sikkim,Sikkim's Manita Pradhan Conquers Mt Vinson Peak - voiceofsikkim.com,https://news.google.com/rss/articles/CBMiowFBVV95cUxQVWY4eUxscEMtaXlrd2RITFh1Y1U1Nzh1TXN0UWw5YlhtbXMxZjMwR2RzUlVDTGp2RnBTNFR6OU9sQmhQb2xhR3l6Ni1TWktkeDFWUGxCRkt5dkw3UXlPVU1KYW9iZHhlbW9SVVdhV08xc1NEdnp4OUdMVFZaTUlwMzk1Z0w3eGticnYwZHpEUURsWG5fUmtNX1ZTZWNVcVpCVElB?oc=5,voiceofsikkim.com,"Sun, 14 Dec 2025 08:00:00 GMT",2026-06-14T20:38:08.813028,investment_fraud,True,False,candidate,https://www.voiceofsikkim.com/sikkim-mountaineer-manita-pradhan-closes-in-on-seven-summits-challenge/
share market scam Sikkim,Indian Airforce Is World's 3rd Powerful Growth - voiceofsikkim.com,https://news.google.com/rss/articles/CBMipgFBVV95cUxQREg4MkVFYmRBVmtSMHI0YUE5dVNWZ3Z0UnhTQ3JZZkdCd1ZtZ0xHaWlXWDdaOGQtRm9lNVZkbzB2am1TdGVTRlVPTU5pbHFxaU9JRXhyaHZIR2pRQ0tDN1N5Nms4alVKT3lyY3ZtMmJUZS1HeVRvMlYwaG9sd0U2Q3FvUmtJaUstRGg2dXo2T1lVb0V5eDhtZndMVDdFYkE4cHFySUx3?oc=5,voiceofsikkim.com,"Fri, 28 Nov 2025 08:00:00 GMT",2026-06-14T20:38:08.813036,investment_fraud,True,False,candidate,https://www.voiceofsikkim.com/india-overtakes-china-to-become-the-worlds-third-most-powerful-air-force/
stock market scam Sikkim,"SDF 2.0 coming with ‘Future Sikkim, Secure Sikkim’ mission: Chamling - Sikkim Express",https://news.google.com/rss/articles/CBMiqgFBVV95cUxQLUpFeXZCbS1rSWZ1NlpzNXdVY0ZCNndUUWU5eEd2OXlMaVlRYVl3bV9qUGJMYzlXNW9lMjlFNGRMTlBxQjZHZHBhT3p4VExFdWdlTEFXaGVOcS1xN0EyRTJfYXpfRVl0bmFtTGdDUGg0Y3dwc1Y0RjAyZDc0SlFJNHRVQVNIUjAwUDBnZUQySDNfeUhES1hlMzV0dzVTejUtcE41bFZEX2k3dw?oc=5,Sikkim Express,"Mon, 16 May 2022 07:00:00 GMT",2026-06-14T20:38:10.733543,investment_fraud,True,False,candidate,https://news.google.com/rss/articles/CBMiqgFBVV95cUxQLUpFeXZCbS1rSWZ1NlpzNXdVY0ZCNndUUWU5eEd2OXlMaVlRYVl3bV9qUGJMYzlXNW9lMjlFNGRMTlBxQjZHZHBhT3p4VExFdWdlTEFXaGVOcS1xN0EyRTJfYXpfRVl0bmFtTGdDUGg0Y3dwc1Y0RjAyZDc0SlFJNHRVQVNIUjAwUDBnZUQySDNfeUhES1hlMzV0dzVTejUtcE41bFZEX2k3dw?oc=5&hl=en-IN&gl=IN&ceid=IN:en
stock market scam Sikkim,"Bengal tourists, stranded in Sikkim after cloudburst, return to Gangtok - The Times of India",https://news.google.com/rss/articles/CBMi2wFBVV95cUxNMzdIUWFfZGd0X1hIa2J2bk1lZHhMUU9peFpOSUFORWgwVkZKM09aWDdEV1cxUDlfYkZWaXgyQmtkWk9jNHctYnFJdk9MOVB4WFF6Z2x0UDBGY2xJYnQxMEVQNkpWbC1SQ0VFbktjdkxlNm5FWkZKUDlBRjRkMHFVc1ExRFdLMWd0M01IQS1WcUN0dmhESjdWbl9KazBRT1dKZDZNWWN3N3BoVEhseWE0STI3VEFLbHdjYm9kZnlja01oREF6NXQta1A0aEEyYklPbzdKNDEtanVjZlXSAeABQVVfeXFMUDRmSHUtRnhEOVUxQnlsMnctYlRxbkRzTmtqODhOZG9STmV4dXlHVXNtRDg3NDhBWUh2YkVZNGZDN2V6RjVPZU5ibkJaTWlMLTg1aXhSYnJWanpNRDdZcnRrOXMwY2RRejdhUm1IQ0pyRkdwX0xjdDJsTmNoemRLVGx0YWNnSGY3OGNuaF9KdEpvUl9WRUFBcGJoc3Q5NmJaSWhjdnRJaFlyY0JvVmF1LVQ1SjhxWXJsUHhFVnh1NWxITTdHdC1yb2VMZlgzT0NZX0lxNlA4d1E0MGZ6ZThmb2Y?oc=5,The Times of India,"Wed, 19 Jun 2019 07:00:00 GMT",2026-06-14T20:38:10.733613,investment_fraud,True,False,candidate,https://timesofindia.indiatimes.com/city/kolkata/bengal-tourists-stranded-in-sikkim-after-cloudburst-return-to-gangtok/articleshow/69849317.cms
stock market scam Sikkim,Services FT Reaches Final: A Clash of Titans - voiceofsikkim.com,https://news.google.com/rss/articles/CBMingFBVV95cUxNTXh3Y3hnQWlEejBlY0dTZjQ1dXRJX0tIRG9JaXNLV0FNM0d3bFh6Vjl4d1YtOEVGa2hGYWZvVC1Ca3dUVXQ3QmMwVjVfcTlCa01DMUQ2dVFVY2M5c0J5Y2N5cmZfR3VZYXJkMXlrZFFnalhvTmVMbzVrNnNOQjdiRTY3UGFFS1ZlckVCTkktcE1nR2ZkRlFLU2xDZkxTdw?oc=5,voiceofsikkim.com,"Thu, 27 Nov 2025 08:00:00 GMT",2026-06-14T20:38:10.733661,investment_fraud,True,False,candidate,https://www.voiceofsikkim.com/countdown-begins-services-ft-set-for-final-showdown-on-29-november/
stock market fraud Sikkim,"Nathula, Chola, Doklam gears up for India-China trade resumption, Sikkim eyes global tourism boost - The Economic Times",https://news.google.com/rss/articles/CBMi8AFBVV95cUxOLUdCV0ltclZzUDUyd09kSDNkeURTalBBcFg0LWFJdWExem9oX3J1bDNoNlpVRV9OdHc4a0J5MS05ZmktUnR5dHQxblZqOG9vSldoN1J2VDNCQThXOEdtZFM4Uk1LNFM5cl9NMmJBMDl4R2ZHSmRVekRrQllzVFlaTkwtRWJjVkFxeU5RR0dqRjVYODNpajJtM3NZQUUydWVlaDRvcXZEQjE0YW1tYUNmWTc4SHhZMkVEV1dEWTFPcmtBSWpCTmFldUZFZ3NCczhlZThxTkVWQVFqSm1QTmYzbllGUDRNekxLOHpyN3dtbzHSAfYBQVVfeXFMT3kxRzJMd0hTS1Bnd2swcW1ieWF3QkxKTktBWnBjMTF5QlNLS3hPdmFEcVB3NlFScXJSNmE0S1ltOUVpbFR3YVFWSUt2R2lIYmFqZ2JxUVFMQ1hvUURaNG5QNFRwUVpRMHo1V0lGU3hGZGtmUldpQng0X3B3eVg1cVduaUV0NlVjdFBBZUlDc014MjdLVmFhZ3IyYU1nVzdNWHdWaDJKVk8wMWtBMjhNcWRRYkh3d1ZKRFdEQkllRE9SUlZqRHdWM19Hb3RWeFo4djc3X1RGenhtSWhITWh3QTN5V2xtdnROMlhDQzZwNWNXQkxaOFB3?oc=5,The Economic Times,"Thu, 11 Sep 2025 07:00:00 GMT",2026-06-14T20:38:12.652865,investment_fraud,True,False,candidate,https://economictimes.indiatimes.com/news/india/nathu-la-chola-doklam-gears-up-for-india-china-trade-resumption-sikkim-eyes-global-tourism-boost/videoshow/123832995.cms?from=mdr
stock market fraud Sikkim,"Sikkim CM presents Rs 16,196 cr Budget for 2025-26 with focus on growth - Business Standard",https://news.google.com/rss/articles/CBMi0gFBVV95cUxOYXppb2Riay1nc3dqejI2S0tvQUx5Q0RDNUxZR0thS2Roem1MemFZVmR2Q0cyR2dfcXpUYzMzRnVTVGpXVVpIREU1QkUzZEdSWU5hWmNkVjFxbFpzMU5zT3lrNW9BSXVTMTRkNEpCc0dUcXdrMmVKNFRYUFJiWUhqYnNsQVZhNENzT2cxS25YZGg2MWxnOWg4cjhaQzVUOXJxVFBOTGVlRngxdnFNQW5ia0F5NFJKQ290QXJSNmgwbUdla0J4eGVVeExUSUx2a1FrZGfSAdcBQVVfeXFMUE1EQkpydTZkeWdoeHBMRm9UOFRVZVg3a0pvQXFMdkV6V21sN0QwVTRMNGh3VkpRYkVLbzM0Q3lMMXdwbTU5MkpFZF9reXFCMUFDa0NzaDVlS2RUc19XY3U1WHlfck02WXV5Zm9xaThJZEU4QkhCTS0yZDFBWVk2RjVoWmdUU3BXRDZuLU9LSlJtRVVlYlluRTBNblNjRWRvUEQxMXNreW5jUnFudUNMb3RuS3V2NGwxS1F5elN4OGNnTVZyNHBCMHVjTDRRN0t3ckhINFZKMk0?oc=5,Business Standard,"Wed, 26 Mar 2025 07:00:00 GMT",2026-06-14T20:38:12.652890,investment_fraud,True,False,candidate,https://www.business-standard.com/india-news/sikkim-cm-presents-rs-16-196-cr-budget-for-2025-26-with-focus-on-growth-125032600986_1.html
stock market fraud Sikkim,Alembic's formulation plant in Sikkim to be operational this fiscal - Business Standard,https://news.google.com/rss/articles/CBMi1wFBVV95cUxPRTJuYUpmc1FFd2ZwTGJXMHh3MnM1WFlOVGNQQjNVUi1Ydi1FQWNmalhoY1d2b1A5dkREbklIWHNnMUFTdld3OW01a1N1ODRnekttSlJVdkFlMlJnUmxpZlc3OU1mY2sxb09MdWotQnF6NHA0Y0plV1JvR3dGSzdvTzVqZ0dfd25jWnJQOXhIZXgzZmc4Y25sX1dKMUZNTmlkS2g1ejc2ZmNMTEhCVDBtZVpFWVVGUEJPX3RXWWt0ZlJVWC05WkkxZDYxLW1DNDRocWhSQV9YNNIB3AFBVV95cUxPRWxLS0JsTW14QWk4a1loVEEzUF9QVVBCWlR6cXJocWhvTTFza1lac3BLd0xGSnpMaTY4UGptN3BaSVVyQWJjdGpqXzlRWXI1LVFzNm1NajRDZldIVDV6TVkyeU5oOHlkMmxWOGtiaWZjWlBvdVRGVzJsOFN2dmstSlM5eFUtV1p4b0VQQnA5QmxUT2tjUVVMS2VlSjlMVVRKOGVteDU1azQ0Y2lGSlVkenAwdmNCRjRGVG9fNEotNDdRbWlXcGJLMW82dUR1M0R6aWk3NlpKVkFUOWhX?oc=5,Business Standard,"Mon, 03 Nov 2014 08:00:00 GMT",2026-06-14T20:38:12.652987,investment_fraud,True,False,candidate,https://www.business-standard.com/content/b2b-pharma/alembic-s-formulation-plant-in-sikkim-to-be-operational-this-fiscal-114110401355_1.html
stock market fraud Sikkim,"Siliguri trekker, last spotted a week ago, goes missing in Sikkim - The Times of India",https://news.google.com/rss/articles/CBMi1AFBVV95cUxNdmVJV01iMkNGX28wM08yR0N6TEhGU1RBRXluSWFFQWpfQnI2ekZZWVl5YWloY1J6bUsxVlZFdkkzWWx0RlRiUlJxOXA2ZWZIVmw0T2x5Uy1IMjZDM25UOHZyRzZ4U2FmQ3g5X0p6V2FCVnp3LWNjeVZvSDdHc01qTF9IVDdUajQzN3dKbDhFRE1vNlFkUm5xSUVVYlg0YnV4NDRoTXZGY2hXYTRwSXBlTXd0cHFFbXpYNXphTFVIQ2g0dmY2RmN2YlVQakt3T1pfUm45cNIB2gFBVV95cUxNNXBhdy02YkFpTVN4ajB6MVpGRDc4dmlyaGtoN0pJSDE3QjIydnR6b3BWc3FMNDc4R21Lc0luUGd3ekpfQVlPQ25JYWMwMVR5Q1RjSGktbzZRYXZJdHVVUlJhMjRwdVQ3RHhtVWJucVFJOEttTFZBM2lPaF9lRWp0X0hFU3NQXzcwNFF1TnJfRFlPUGxGTnQzR3JWcjcyZXQ1TWFnWXV3OWhDdHRjaGRfTW1STzZUaVpBR25HVUd6RnRqclpqS1B2d0NuYk5fVVR1dmhuYzhqX2lyQQ?oc=5,The Times of India,"Tue, 29 Apr 2025 07:00:00 GMT",2026-06-14T20:38:12.653034,investment_fraud,True,False,candidate,https://timesofindia.indiatimes.com/city/kolkata/siliguri-trekker-last-spotted-a-week-ago-goes-missing-in-sikkim/articleshow/120705197.cms
stock market fraud Sikkim,​Security - Sikkim's first airport at Pakyong: 10 things to know - The Economic Times,https://news.google.com/rss/articles/CBMi6gFBVV95cUxNazdfdllWWHZnUWNYdDBPdVBXR2pqQlpDU0M2TWhVMk5wZzV4Zk0tdnMxVGpNck1lVDA5VHBKdGRKWHhXOEVBakNWNW1xVEtMLTB5Z3llazVKYm9zY0N0SkY4Tk94R3FDUzZ3aDNKYWNTWHFidGYwaTJNMmoyVzdna25sYUd0UUdFQlM0cEt2Y0JISWgydnVmRk1wVkFSX3pQSTJtVHJrQy1OYm80OFE1a01ON2Noak5RREhNd1Y5VndGcmxjM0tyRGlld1ZKWXJGT3daSzRZLUZmS3dlUTNKdnNtbFVBQWtTN2c?oc=5,The Economic Times,"Mon, 24 Sep 2018 07:00:00 GMT",2026-06-14T20:38:12.653059,investment_fraud,True,False,candidate,https://economictimes.indiatimes.com/industry/transportation/airlines-/-aviation/sikkims-first-airport-at-pakyong-10-things-to-know/security/slideshow/65930759.cms?from=mdr
stock market fraud Sikkim,IN PHOTOS: Over 200 tourists evacuated from Sikkim's Lachung amid landslide triggered by heavy rainfall - Mid-day,https://news.google.com/rss/articles/CBMi7AFBVV95cUxQS0xXS0ZCVUpfbGItcHRieXNtVlRJako2TXNtRGZhdzJBR2VUMWI0Z0RZWUVUQWJCeUIyOTlrRV96eHVlZTZTQlFMTFNscGJjZ3BtcGQ4ZV9iWlJIYU45VzlzWVBNYWdZbk9BZ3o2QUJNR2Ztcm5oX2ZXOEI3aUtHRTJOSVVhaHZZOUxVbEppRzhwSkNZcHY1THctSzFBc2xjMmFsY0xjak5kcGxMOU5ueW1DaW0xY0pHcmlqZF8zbzJOME9xeXRkRFBYV2dlLWpRemcxMGNpM3RqNEZwY0ZaSURnUW5ya3I2UGhkTA?oc=5,Mid-day,"Tue, 18 Jun 2024 07:00:00 GMT",2026-06-14T20:38:12.653104,investment_fraud,True,False,candidate,https://www.mid-day.com/news/india-news/photo/in-photos-over-200-tourists-evacuated-from-sikkims-lachung-amid-landslide-triggered-by-heavy-rainfall-101067/1
trading scam Sikkim,Only 2 Sikkim traders churned $6 billion volumes on MCX; SEBI’s order raises further stink - BusinessLine,https://news.google.com/rss/articles/CBMi9wFBVV95cUxQN0JmSjlRR2YzUEJEZWVrdC14Y3NBaDl6a3NFYllNb1BfbmFtSVk2cHp6V0duVFIzOWJreTVJa3hPTnJpa2d0TWhLdTVKZEZEY0NIZDdCQ1dyYmpRY1JFck9LLXltMVZ0Z3U1bElwV00tcjY5UVhqVnRucmpTMjVidXlPbTFSbmhlQmhpdmFrYnZsOFV0Vzc4S1FIazYzVWp5d2tHay1UR2tNMTRqSWEyVGZLVlo0U295OTdwV21hTFNiX2VkNU1BQ1FHeXY3NDdYTVlQbW5ER3FTaUxZWXloNXBCb2pFN1QtUl82WUNnTVFtaF9aNUVN0gH-AUFVX3lxTE11WXJ0MGxPUlZPekVjeGJHNmpmSkZKd296Uk96RGJBX0E2Xy16VTdkUnVzYTEzUG5Md0RhbVo1VGRaa1hoOXdyZXQzZUxwalgxN1JpZGg1NEtJWVpEdlBrV0V2bFVXWlZZalNjc0plQzMxUFRuaHBWQzM0SVdNd185UzZrdkJhMUFfRGt6NGZmNXEzSzFJdzRTeDlPMFZVbzlfYUR1RGNwWm52Q0I4QlpBcUE4bTR6SnRrMWF0aWplSXZvcGZtT2NpTmRadkw5djQ4RmNuQnQzcG5ZTGVrM0lMLW10amI3anQzZ1VJazF1YUp4MnVUcEo0X2ptNnRn?oc=5,BusinessLine,"Sat, 04 Mar 2023 08:00:00 GMT",2026-06-14T20:38:17.160176,investment_fraud,True,False,candidate,https://www.thehindubusinessline.com/markets/commodities/only-2-sikkim-traders-churned-6-billion-volumes-on-mcx-sebis-order-raises-further-stink/article66577097.ece
trading scam Sikkim,ED sends notice to major businessmen from Siliguri in the MCX probe; One businessman suffers heart attack - The Sikkim Chronicle,https://news.google.com/rss/articles/CBMipgFBVV95cUxNbFluWGoyRnNvTEp1X19XSWtrcGRGLXVtM3REaXBFc1JsLVppUUZZWnE3OWt3QW5PYWZXQXVWQXdyNjBycHBNdV95Nk9NYmRpdlh4b050MndDNTlWbF8zQ2I2RGJTR1dkWEFBdF9kTDZEbXBBT2Ezc1JpdE1pX1NFR0VKNUhlaXM1S3FWZzNrejZaNWw1QmN6ZVdaa2d4YU1ZMnoyUTVR?oc=5,The Sikkim Chronicle,"Sun, 01 May 2022 07:00:00 GMT",2026-06-14T20:38:17.160219,investment_fraud,True,False,candidate,https://www.thesikkimchronicle.com/ed-sends-notice-to-major-businessmen-from-siliguri-in-the-mcx-probe/
trading scam Sikkim,Sikkim MCX scam: ED conducts raids at eight locations in 4 cities￼ - Northeast Live,https://news.google.com/rss/articles/CBMirwFBVV95cUxPUTlKWnVrX2xlMUF1QzRRMUNfNUpid3UzYjVrdFdONGowY2w5V05udHR0WXA4MFhwNkZRWXRnWGhBTXRkdWg3RGtpTmJBN1cyTE1FamVRRGVBREMtc3ktS05WdlA3MXJxd2NwWEJuX2h5eXlKMjl5R2hZYWhfaEk4RUVxN3RYeVR1b3VxZ0dzYWxhb2JmRWZMZEd1NVRGQVZrZUdhNV9sMnhMalI2ZHhj?oc=5,Northeast Live,"Thu, 14 Jul 2022 07:00:00 GMT",2026-06-14T20:38:17.160411,investment_fraud,True,False,candidate,https://northeastlivetv.com/topnews/sikkim-mcx-scam-ed-conducts-raids-at-eight-locations-in-4-cities%EF%BF%BC/
trading scam Sikkim,Fake Lottery Ruining Lives Of Many Innocents - voiceofsikkim.com,https://news.google.com/rss/articles/CBMigAFBVV95cUxPLWZ0QTlOX25rVzdDOEdMakpQUm5DUnBmc0UzWVR1a3pYbHhGRVg5X0xOUjFFeFZTM3dlVGZOUnF5RUVVaGV5VXRfWHI4b1Q0MEZLMHhVRHlEcllSbHR3MWFmbXhXUlFjaEFmdjBmMmNEZ3ZQbnlhUEQ5Mzl3MFZxZw?oc=5,voiceofsikkim.com,"Tue, 30 May 2023 07:00:00 GMT",2026-06-14T20:38:17.160423,investment_fraud,True,False,candidate,https://www.voiceofsikkim.com/fake-lottery-ruining-lives-of-many-innocents/
crypto scam Sikkim,"Sikkim CID Police busts a multi-national cryptocurrency syndicate, arrests one from Maharashtra - Sikkim Express",https://news.google.com/rss/articles/CBMi0wFBVV95cUxOUW5UZ0RId0I0blFsT0FfRE1zRTNWTGpRNUs2R1VpMzJiU1lnMXZCaTNMWTAzREVhOVFJMGRUN3VVdVNCYkNMcjh6Vy02UXpFZnZFS2pJRmYyRHRUS1ZFYTlOM01mMWFxOC1uMDFaY19Kdkp2VzBNaTh0cjJ6S2RFTzVLRzZXUFdZMWR5akk3MlRoVjJ4bEcyVXVoY0dQU3pyMDJTSS1OMjJVT2ZfMG9YaFpGOTkyVEtiLVRfalFJSHpfMWk0YUF6SVRJTXY4Qk44V2Nr?oc=5,Sikkim Express,"Mon, 06 Mar 2023 08:00:00 GMT",2026-06-14T20:38:19.546120,investment_fraud,True,False,candidate,https://www.sikkimexpress.com/news-details/sikkim-cid-police-busts-a-multi-national-cryptocurrency-syndicate-arrests-one-from-maharashtra
crypto scam Sikkim,"Sikkim CM Prem Singh Tamang's Facebook page hacked, restored within few hours - India Today",https://news.google.com/rss/articles/CBMiqAFBVV95cUxPcmNfU252d1lpeXM0NXNxUk1pM2VDNFFlQnFQYVVZaG81cmhMNkVsUnFjdjJVNnkwbW1oVUNhV0NxbkhiQzhVcVhwTFZ5ZDc3cHVNSEtBWGJwVl9uYzMzWHZCV0xZTGp3WkpmM1dlTEt0OGR2RFhWTTRsa0RkNUIyMGtGUktfWGxxOS1SWjRnbTNyaWJSYXdOZ3FJbEgtQzU0M3lIVTJfOTM?oc=5,India Today,"Tue, 02 Mar 2021 08:00:00 GMT",2026-06-14T20:38:19.546189,investment_fraud,True,False,candidate,https://www.indiatoday.in/india/story/sikkim-cm-prem-singh-tamang-facebook-page-hacked-1774850-2021-03-02
crypto scam Sikkim,"MHA orders enquiry by CAG into government run lottery schemes in Sikkim, Mizoram and Nagaland - The Economic Times",https://news.google.com/rss/articles/CBMi_wFBVV95cUxOejZTT0h5MzZycERoZUJaektieWw4SFdTaHZFVFd3azZHbzRKdjhtQnhrWHpDajExNEhxejlnLTJXaUVGSWlqWFo3a0dKbmtRdUNpNnZGa0VkVlJqNWIza0NkQm5hMm1BdG8zUWtHX0NiTkNQc2tpUnJHNTBYczdiRWZEUGk2amJsX3h6X2xaVlhTU3liZUV4a3NXUDRnSWtCTUtSb2JCWjdVYW5ZNXV0bEZCbFZxVVZEWXdIbUE2NUV6QzVfSENwYkRoczlvdUJ3bGlIdGotTW9jOWVQb2ZqOS1HcTRtZGh6T2Q0aURnOEExTjVhZ0Z4NUs0c0xhaU0?oc=5,The Economic Times,"Sat, 17 Oct 2015 07:00:00 GMT",2026-06-14T20:38:19.546263,investment_fraud,True,False,candidate,https://economictimes.indiatimes.com/news/politics-and-nation/mha-orders-enquiry-by-cag-into-government-run-lottery-schemes-in-sikkim-mizoram-and-nagaland/articleshow/49425477.cms?from=mdr
crypto scam Sikkim,Sikkim Constituency Map: Sikkim Constituency details along with electrol Map - The Times of India,https://news.google.com/rss/articles/CBMikgFBVV95cUxNekFMODVySUg3Z2hDbUdLQmFNVHJMZFNKZTVTdmJIQkVyQ1I5cld0MGtqanB5aW5wTm5IRWpZWmxEZTdicldvSjYxcHd1Z3NNeV81Z3pGU2JLQVpkVzd2ZVB1dHZYR1dTeTNZSk9rR2FBUzlaTmRTaHhXNlItbDJVM1VOdjh2SzNlbUl5eTRNTHBHZw?oc=5,The Times of India,"Fri, 03 May 2019 22:56:51 GMT",2026-06-14T20:38:19.546275,investment_fraud,True,False,candidate,https://timesofindia.indiatimes.com/elections/assembly-elections/sikkim/constituency-map
crypto scam Sikkim,লটারি সংবাদ 8 PM 8.1.2021 Lottery Sambad Result Nagaland and Sikkim - thebengalstory.com,https://news.google.com/rss/articles/CBMikAJBVV95cUxQNjNLNktMU2NLanY5aVp0OWlHV3BSZi10SzJNNFBTb1B4YzQwbEhNQ3cxZ28zVHdZTFhReEVVTGpEX25MSzVXMVJkcDJ4V3ZJSGU4cVhxNnc3VnhvS0NROVBrT1pQTGRkNnZoYnJ4T0hWNXlLV0RCaWxQTTY0aURtNWdMTDhSSFFramRZTkdiSHpMOHpPd0Q1d3RxMVg5cDkxS3ljQVRyd0YzUXdSWGVnNWVEbllKOEw2Z3hwUDYtbVhoWmhiYnI5M0doLS1uUndWTi0xb1F2WmZlRDJFOWZoLXZEcXpwbjNhYXBpTE1wa29WQkU1MWlFOU50OW9hYTUyQVN4X3B0emhlLWk0d09zaA?oc=5,thebengalstory.com,"Fri, 08 Jan 2021 08:00:00 GMT",2026-06-14T20:38:19.546332,investment_fraud,True,False,candidate,https://thebengalstory.com/english/%E0%A6%B2%E0%A6%9F%E0%A6%BE%E0%A6%B0%E0%A6%BF-%E0%A6%B8%E0%A6%82%E0%A6%AC%E0%A6%BE%E0%A6%A6-8-pm-8-1-2021-lottery-sambad-result-nagaland-and-sikkim/
fake investment platform Sikkim,"Fake ‘Darjeeling-Kalimpong merger with Sikkim’ letter triggers political storm, FIRs filed - India Today NE",https://news.google.com/rss/articles/CBMi4AFBVV95cUxPWlE1Qy1oSzQzLS0yQWdpYTBxcWZhNUpqS3ZMc1VwY1dSSGR2dGhVTkFyMlo2RkR3SFQ4TkxhQm9YaXJNRnRpOEtWSk5kU21EYjdTalhxR1BZLVAwaUJfU3Y1YUtkUDREc3VLQ1I5YllsZEpWTF9RYUhZSDRqQ1FJNEJTaGxWWEFQcTlMOEpMTnBGNlFzTUVJLXJvMFZxODl6cGozcEwwV2VBcnRYcUdYa1V3UEdtb3h0VWtwZ0NmQkx2T3Ewc21DLUFUS2toMU9Xdi1OZUh1a1F3dGV5eGV3VNIB5gFBVV95cUxNdEV1cnRKeVlxS21OMW1sTS1MQkg3OVZ3cXBLa0cxQzhkQmdmNmxYQVZaalExcTE3RW53ZmF6a2FIVUdsdGhHRkViUkU2ell4SmVkNkpFNURPYzR0WHh2N1Utcm92OVBjSExGZDZVZmZDNWdwY2N3dWJPdlc0NUFWV01COGoxUDk2VXRGZmFWbDd2VFFKOFhFdXg2TEFUb0g1eEs2UVpXSlZTVDdlblNoWEQ4SVNIQ1ktOGt3dEVHMWJQQUNabVVaS0UxazdfN1lGZEVLME5xR1pCNjE5XzNDeWszQm9tQQ?oc=5,India Today NE,"Fri, 22 May 2026 07:00:00 GMT",2026-06-14T20:38:21.965130,investment_fraud,True,False,candidate,https://www.indiatodayne.in/sikkim/story/fake-darjeeling-kalimpong-merger-with-sikkim-letter-triggers-political-storm-firs-filed-1395926-2026-05-22
whatsapp scam Sikkim,"Cheating attempts via Whatsapp impersonation on rise, people appealed to be cautious - Sikkim Express",https://news.google.com/rss/articles/CBMixAFBVV95cUxQcG5CVTRTem1GVFZRdlQ2VHNsVzFySnZQeWk4TEVuUGpEaUdvQ1RReXVkaWZ4bjhaVExxbGU0VUM3MXMwZXd4QTRTX3A2RWdMZ1VnSjhhQjZiYzhheWgySUhRN1VxNzRvRDM2dklMTXExcHU0NXloZ1dRb2tKREh0TkZKeWhVNXVzQWJrTDJqcUlHZkk2Wkc0QTlhQUdybzNvTGxJTXhOVGU3aVlJdmlMV0V6TUZncGRlMmdONWVCMnZIVUY2?oc=5,Sikkim Express,"Mon, 18 Jul 2022 07:00:00 GMT",2026-06-14T20:38:36.593896,investment_fraud,True,False,candidate,https://news.google.com/rss/articles/CBMixAFBVV95cUxQcG5CVTRTem1GVFZRdlQ2VHNsVzFySnZQeWk4TEVuUGpEaUdvQ1RReXVkaWZ4bjhaVExxbGU0VUM3MXMwZXd4QTRTX3A2RWdMZ1VnSjhhQjZiYzhheWgySUhRN1VxNzRvRDM2dklMTXExcHU0NXloZ1dRb2tKREh0TkZKeWhVNXVzQWJrTDJqcUlHZkk2Wkc0QTlhQUdybzNvTGxJTXhOVGU3aVlJdmlMV0V6TUZncGRlMmdONWVCMnZIVUY2?oc=5&hl=en-IN&gl=IN&ceid=IN:en
whatsapp scam Sikkim,Oppn alleges higher education scam and governance failures by SKM Government in Sikkim - The Assam Tribune,https://news.google.com/rss/articles/CBMiygFBVV95cUxQVS1malVzTFhJLXgtUzNaVzdhcHh1eG5NeG9NYm15R0Y5eDdBUi1sWGlhMzEtVmVSZlJpQ1gydlBTUGZIbWtwUzJNZTFnejA3UXVoZ2NReW1xcXQ5ZWVvQ2ZmLVhWMm93RmpRcFd1Q1g5cWEtZFJyQnJUZW8yY1k3aXlUSGZqWG5FMzdIaTQzQXFneWlUeXMwdS0tYk42YU1nQzRsUkFhNmtpMXMyR2UxQzYtTGYxRW1ZY3dLZFBFVVdkWmdmQ1RCNjNn0gHPAUFVX3lxTFBHMUljWnR1ck9YOTV2T2VCT2M0ZVZKaWVqWnBOc3hhd0ZNMXNjQW9zSlpzSWJ4VjZFRE5yVXNXRDQxZzR0eTM1Ylo5ak5reC1tNGExcVlQdThWR1ZBd0E5aGRNb3dPOHp4Rk5nM1pyTzk4YjE2TmUyRzZzbjZrbjJkUWZKRWcwQ19LOVg0ejJ2b2tsbVR4NjNfeWFyU1lZRTU0dndNWE5NS2VMbG1NTDhRVHJDQUtmN3BJMzZHanhWZjVFYTJLdFZQX1BUeENaVQ?oc=5,The Assam Tribune,"Thu, 15 Feb 2024 08:00:00 GMT",2026-06-14T20:38:36.593931,investment_fraud,True,False,candidate,https://assamtribune.com/north-east/oppn-alleges-higher-education-scam-and-governance-failures-by-skm-government-in-sikkim-1520699
job scam Sikkim,Army launches Sikkim's first border village community radio station - The Times of India,https://news.google.com/rss/articles/CBMizwFBVV95cUxNcnVHNEpNQXNXOGRKeFI0bGk3T3ZzYTE3RVJZVWxMMmhUOC1VUzdaVjRxZzZ1V2VvODRRbVh2cFlVd0k3Sm9PaVNla0NwOHpzSGEzd3g2TmVUelM4Vjczb1M5Um1RbnlUM3lVeF9SQ3FzajhUV1dBeTdQaG4tZjJwVnh1TUpVeVEydkU5ZzgzSUtqVF9uS0pfMmtKUVNSS204b2tkSWhBQXZaQ3daWGpjdVZNVjZ2ajI2VHRsb3lKTGFlOEY4VkY3UEVsN05tMkHSAdQBQVVfeXFMTWxOQkNxQV9kX1FDcnE0bEg5MXhRUFdscVRpTjJoOEN0TFN0UFpDdUc0eXFodHl4V2lmcDJlRGNXSkhSY0xBempjckRWbUItZThFdF96NUZIaXN0UzAtUm9oMndtWWl0Nk5XRVc2Z2pOeW15a3hMQmhLTmo2OVMwdmItd0hFV0FIczhxZnhZd05wakowb1BUU2RuOUZSZkZtMVFPMlgtYlpWTk9DRGxSbDI4M29jUmE5YTJNanRkUUFoai1xYk5heHRJTHMwbDM2d1lKRms?oc=5,The Times of India,"Mon, 13 Apr 2026 07:00:00 GMT",2026-06-14T20:38:43.556677,job_scam,True,False,candidate,https://timesofindia.indiatimes.com/india/army-launches-sikkims-first-border-village-community-radio-station/articleshow/130234189.cms
job scam Sikkim,Bengal school job case: ED gets clues on how scam proceeds were diverted as donations to trusts - Sikkim Express,https://news.google.com/rss/articles/CBMizgFBVV95cUxOTXNUNE5SaXFkdzVjcnhnY19KdEpsMXFBa3FvSkN5aWdieUFFbnJ0a21TTlR5WlpNVm5pVnhXOFZBZDhCSVd6THVucy1kRVA0OFl4a3VPMUR0eEZ4eUFkM3djRUo3Uy00MVBWeXdfZ0liMDFhNEdLZEVNTzRMMHpqeEluTm90QXpBQTdCemh4X3E0RFBvR00ycUVlSHNWQmx6NkV2R3FSS2QxajQ3bGwyd3BueUFuQlo4NDRGckhiRlBwdXVIZnBMeVktX0lKdw?oc=5,Sikkim Express,"Sat, 21 Dec 2024 08:00:00 GMT",2026-06-14T20:38:43.556704,job_scam,True,False,candidate,https://sikkimexpress.com/news-details/bengal-school-job-case-ed-gets-clues-on-how-scam-proceeds-were-diverted-as-donations-to-trusts
job scam Sikkim,NFR’s Sikkim Mahananda Express Stopped In Time To Avoid Accident With Elephant Herd - Guwahati Plus News,https://news.google.com/rss/articles/CBMivgFBVV95cUxQaDR6X2s2b19SZE9tSDNpenEzcTR2YlB0VTRYTjBwQ1VQTExzOVVQaXhQeTZUWm02N0FqYXI3c2JjMTFBVV82dlQ1YW1PXzZuQlloZFB5blhZNGJkcHZzZW9FMm1hNUppRkFlSXhMZ3pFMW1PeXNXeE9nbW90YzQwVi12TEdFRkdiYU5rYnJZSjJZMTBSZmhvcmNBUXJVbkJtc1dkYkdGcWFnMi1KbXFUaGxOdzZEMlVQLTFmdUl3?oc=5,Guwahati Plus News,"Fri, 16 May 2025 07:00:00 GMT",2026-06-14T20:38:43.556767,job_scam,True,False,candidate,https://www.guwahatiplus.com/northeast/nfrs-sikkim-mahananda-express-stopped-in-time-to-avoid-accident-with-elephant-herd
job scam Sikkim,Probe into non-Sikkimese appointments in government jobs sought - The Statesman,https://news.google.com/rss/articles/CBMiqwFBVV95cUxQMmpEa19DcDVJM2VXYzdnNnliOUhGS2FYemxyLXF1TXh4WHhuTmVoZmtrMjNiUkE2YjNqMzVmVnlHSUNHbWFLWC1vanZDbnZ4OEJNRFFwRzUwc0c1S21hSGZlMVdqcFg1b2YwaGhJVDB5UmRkbllHNXF5dElULUFNZDIwYXM5S213eWM1TDBJYlhxclJmazhxclFVSkJ4VVZsd1NacWFTQ184R1XSAbABQVVfeXFMTUVHSW1PSnFuZktlaV95TXhWbmhaZ1dwcWZGTHhFMnJ4elhQb0ZCdTUzZWZHVktFTGdwT19JS3JBTnBDRFJWZjYxVno3cHl4SEEyNUxfZTh1OFFOdEl6TVpKdTJ1T3pWdVQwRWQyUlpQRUdjbXJZSWY1V1ZCRWUzSkdoTnlublpuNUp3azlfakl5U2NuNC1RVFJmdUhfSjhVSmY2T25kLWdiRF9ONXJ1R0Y?oc=5,The Statesman,"Fri, 09 Mar 2018 08:00:00 GMT",2026-06-14T20:38:43.556792,job_scam,True,False,candidate,https://www.thestatesman.com/cities/probe-non-sikkimese-appointments-government-jobs-sought-1502598160.html
job scam Sikkim,Two arrested in connection with attack on activist Sudan Gurung in Darjeeling - Sikkim Express,https://news.google.com/rss/articles/CBMitwFBVV95cUxQbXZZcHZuMkh1N0czbWpNVEFldU0yU05sZzc1dVlWMkpJbkkySVk1ZlVyOWpaQ3h3cHdCUlg2OUh1VktxSXd0aUI5OXJQWWU2U24xZWdYVG5OdHlONUt4c3M1a2thZ0hJazZTdS04UV91WDZvSFdTTVRFbmFlRWo1d0dROFlyM0xlRXF2OWg3a2hwdVd5NHJ1MEp6N2lpWkEyc1RIR0tFN3pVcEZ2Skhzb3gtckh4RXM?oc=5,Sikkim Express,"Mon, 12 May 2025 07:00:00 GMT",2026-06-14T20:38:43.556804,job_scam,True,False,candidate,https://sikkimexpress.com/news-details/two-arrested-in-connection-with-attack-on-activist-sudan-gurung-in-darjeeling
job scam Sikkim,Sikkim: ED attaches Rs 65.46 crore worth of assets in SBS scam case - India Today NE,https://news.google.com/rss/articles/CBMiwwFBVV95cUxOWmRGdWZvX0ZvQk9fbU9zYXVUY3Q4ci1UR0ZSWkY3YV90c1pFdjFIQWRYd2R1VVpOSV81b1RpQTYxQ0xfUlJyTzBBUlk4Rl9wUzZ5TndjWkM1TVZRV21PRXd6a0FEakdYSWlmUzJYTV8tY1NSTUZpbUd6aWFVSGNKeUNMMmd4ek0yUHNWREs4QmJfXzV2am0xVmptN3RWSVpMX2dEQldQTkp5c0Jnd1lPMWpIUzdORWVrZld3UHlQRG1qUmPSAcgBQVVfeXFMTWpTWl9YT0JPSTI1VEx5YXFab19hY0VXWXZoWW9rQ1R0ZUIzTkE4eG00X3I4LXgzUDZ1a3FzTEJvbWJsdEFUdGpReXdGVmgxNEtSSlZPZjVUWG54djQtV2kzRktWTkJ6eUlWXzVWX1BmSFg1YXlPaWJKVnloalZrNG1xSG1MRG9CbDg5WThoSzgyRHZWd01UOVBpN1V6ZGV3VXlucTVQcW14aWFQbFBhcVNhWTF2LXp1VG1jMzBUcnBBdFNoTmNIMGY?oc=5,India Today NE,"Thu, 06 Mar 2025 08:00:00 GMT",2026-06-14T20:38:43.556840,job_scam,True,False,candidate,https://www.indiatodayne.in/sikkim/story/sikkim-ed-attaches-rs-6546-crore-worth-of-assets-in-sbs-scam-case-1180293-2025-03-06
job scam Sikkim,"Jawan, woman’s bodies found in North Sikkim - The Times of India",https://news.google.com/rss/articles/CBMitwFBVV95cUxNaFY1OFpNMzFKNUtjWnR1c0ZlQUp0VVBudkJLZHRfVGpOb3dyRVZaeWp3QS1OOEE5QmZ4TGRaU2x4TWJnMnlvVFQ3dTlCdGVvTkdUbHBrcHBSeDYteWhIc3B5T01PLXFQbENINnlGTXI2MFRralFlUG9oWnFJel9GMm1hQjhReWVnalVOcEE5M2pQMURWMWdkYVNOWklWZjdQN1lpaUJkN2VrWWpLMFZaYzJnTklvUFHSAbwBQVVfeXFMTlpEU2RhRkdScjNhc3J4aGZrRlEtUFI5NDJrclNMLXlkeFg1WUtnSU1JNmkxRW5WVGdWSFc4c2Fkci1pTENDeW1GbmtqRHdXeFlIM2FUN3lSZ3EyQnJVaUpMc1B6OTc5T2Nsc0hZbTNTVXByQkRCcnZtWUNEaW9aSFB5SUpEdS1WNzJ3eV9Ta3d4X3NEVmZNM3ZpRUI2R3N3ekxlVUpqcW9DT1pIWE1GanA1a0ZVUFRTbjdja3I?oc=5,The Times of India,"Tue, 10 Jun 2025 07:00:00 GMT",2026-06-14T20:38:43.556852,job_scam,True,False,candidate,https://timesofindia.indiatimes.com/city/kolkata/jawan-womans-bodies-found-in-north-sikkim/articleshow/121737425.cms
job scam Sikkim,Sikkim: Former CM Pawan Chamling accuses SKM government of massive corruption in state - India Today NE,https://news.google.com/rss/articles/CBMi1AFBVV95cUxPR1FBbTdxcWJ0cE04Rk5XeXdYa3pIcDRIX1VOSDM0cUh5c29CODBLUTNkbVJOdXBaQ0txTU1lWk5EeFJpcUZ6eGlmRFdHVkNUUEJIR0JleUF4VVl1NVA1T2kyejIyVF94VTdwR0FQVXFxdmNzalQwUnpobWFvazgwaWlWOWNXR0QtVlNMVDhVcmliZF9US211OEVzeXhmWWNhTFd0RE9jV0kyUFRuMWsya09KNWVnQjE5RVNJdzRiWGxuaTk3c2dWbGdFT0JvbE1ickZBWNIB2gFBVV95cUxNREhjcmh3SDlYWDRHaXcxaENDbVdzUTAzWnMweHFsUTlMTjE3QWZ2RG5TZ0YyaVlCUHIxd1czWkprTm9ySjRXUjU2MXgtV0ZrNjdkN0RHbTFmVkl0NnRXck51eGlVczJnamVycnFiamNhaWJDcVJoVjYtNnMwdktBVDFCNnMwQ1V0dFJtZGdwTTlPMDBvbGNXX1NYdWhkY2tjZFh6Q19sNmg0aS1vbVJENXFFNDVzMGJjSnBEZjN6SXg5bzhMSG55b2ZLaGpCSFJPMjNUUV9aTkJhUQ?oc=5,India Today NE,"Sun, 04 Dec 2022 08:00:00 GMT",2026-06-14T20:38:43.556865,job_scam,True,False,candidate,https://www.indiatodayne.in/sikkim/story/sikkim-former-cm-pawan-chamling-accuses-skm-government-massive-corruption-state-478722-2022-12-04
job scam Sikkim,Sikkim: Construction work at Sivok-Rangpo rail line going on in full swing - India Today NE,https://news.google.com/rss/articles/CBMiwAFBVV95cUxNNzhLLWJ5c2RrTEtEQkIyUDBqVHRMQ1E4NTRNS3V4X2ljSzNPcmNGQXVPaGdBazdsOUdtTkZEck45djVwQW9GQ2tBaVZ4V1BwZzh6Z0pZMThWcTRXQ1BlVEY4YWtUQWtiT2FmWGNkRjg3Qzh1Y2J3SWgwWWNKc3YzTzJzOU9MLXI5c2dUUzVUNWNVZ2Q2akZPRHBOS3Z6S3lMUXNZZVZwVkVKWlNfaml1WUF6RHdycEo0YlpWZkI5TmTSAcYBQVVfeXFMUGxqSG9CTnBWY2tUS3pHUjM2T1FaTWM0MzltNzM3SnZiLTg2ZV9Zb0Rta0FSVlZDaTh6V0pXZmQzVXFyZU5lVGsxRjN5T0d1by1GQlRpSU9JTGZ5azNSdm5ZMk9SR0VXOGZOcC14dzVWY1NUOXc3TnE3Tk5hTVpjeXlnSHFwXzNHdFVZbnA1MUZRQ0p5a0FJcjRhMEg3SG8xckY1WkFraFc4bER1OTgtNVFHQ1pSRDRXYkVSU1lSUkRaclJuY2h3?oc=5,India Today NE,"Sun, 09 Oct 2022 07:00:00 GMT",2026-06-14T20:38:43.556877,job_scam,True,False,candidate,https://www.indiatodayne.in/sikkim/story/sikkim-construction-work-sivok-rangpo-rail-line-going-full-swing-456493-2022-10-09
job scam Sikkim,"Major financial scam uncovered at State Bank of Sikkim, public outcry for action - India Today NE",https://news.google.com/rss/articles/CBMi1gFBVV95cUxQMnVhWUZ2MS1MNWRSRUhobjFmWGRzMm9iNmEyajZJdXRacE1kWHRyd0VCMzRrLUtScHdsLWNVdmNxRUxSTm90MmdUMmp5ZEVZTmZDU1VndkZaN0ZYS181LU1kQXVCc0xFRmFhNFIzX0F1NHVvVnUxRzBGWUZJNDBwbGFnVk9KdUtiLTNqUktLMmZkTGJPUEJ2eTZwQnR5LTFqYTFNMy10VEtxb0IwZkRQdnA2bkU4RVV2ektoRlBVZHI1X2hoRDJuLUNPQ3ZaN3BCcUZKMkZn0gHbAUFVX3lxTE1hYk45V0JyUy1PcE9zb3R5WWdNYzhqQVNwTFpkbzc2TDZKMFdub21wVG1EbDhUTDExNFdoTmNkcEQ2Z2ZLbkpMVDhabjN1ajZSbXFzbHAxdG9qSUZPYXRKa3JEZzFBYjlTd1VaX2NQNXRrZUQwTEc4OGY1bkdISmZPakJJUEU1VWQtOS1oTUVySkJ6d1BOa1FjaXYwbnU0TzB4Vy1oZmxOSmNwekZpam9weGFqb3kwcERXZGJQZGoyakIzNlpfSmV5enZsVlpTaHJHbVBmaVlwLVR6RQ?oc=5,India Today NE,"Wed, 22 May 2024 07:00:00 GMT",2026-06-14T20:38:43.556890,job_scam,True,False,candidate,https://www.indiatodayne.in/sikkim/story/major-financial-scam-uncovered-at-state-bank-of-sikkim-public-outcry-for-action-1011641-2024-05-22
job scam Sikkim,"State Bank of Sikkim’s Big Recruitment Scam: CAG Says High Scorers Rejected, Low Scorers Selected - Northeast Live",https://news.google.com/rss/articles/CBMi1wFBVV95cUxOMTFyRkZCOE02b0hJY2doTFctOF93U1k4NGd5d3NpUFBlZHlVeU1nbDJsNFNPX0tSMHFxcjE3LTd3MXJTS0dndWhjamJCc0trWU10N1JsQXFpZlF5U3g2VWVvQ2ZDM0FGdUNEXzBZUXIxU0Fxa2wtV2hpVUJfLWRldkE4VmtCWnBiRHBqQnhyRGZlOU9ra1g1LWppQlhSVXJPQ1JvVjZSRVNFLU1EN0lqSzBQNkI4Qjh6ekpwN0pQMjY2Zjc1VzR1WGtKX1NNOW51X3FGYWNsaw?oc=5,Northeast Live,"Sat, 20 Dec 2025 08:00:00 GMT",2026-06-14T20:38:43.556914,job_scam,True,False,candidate,https://northeastlivetv.com/around-ne/sikkim/state-bank-of-sikkims-big-recruitment-scam-cag-says-high-scorers-rejected-low-scorers-selected/
job scam Sikkim,Paramedical and Nursing Scam Siliguri Exposed - voiceofsikkim.com,https://news.google.com/rss/articles/CBMiwAFBVV95cUxQb2ZFVWdHUWpRUnZzNGg0dGl2dXhBQ3drZTVVc2E0NDcxZ2dMb1VFbjZoV3ZGRGp0UWltQmF5ckx3MVNVSG9PUl9NOTJQMnZCNGVBMFF2eXlxcDkweVI4SEU3STdIT09TdlNZU2k0cUMzSkwxbDF6V250WU9mQnA1LU9YcjdVLUlybUc1dTN5d1lUS0pkcG1adEZLczVpMHFSdWpuZlAxZlo1ZFBzSkl4aWJnRzVTNFBXQ2RkZktEZjc?oc=5,voiceofsikkim.com,"Thu, 12 Feb 2026 08:00:00 GMT",2026-06-14T20:38:43.556926,job_scam,True,False,candidate,https://www.voiceofsikkim.com/education-fraud-exposed-in-siliguri-nearly-200-students-allegedly-duped-by-nursing-institute/
job scam Sikkim,Sikkim Police Receive President’s Police Colours; Become 15th State Force To Get The Honour - Ommcom News,https://news.google.com/rss/articles/CBMiwgFBVV95cUxPSmRqWUNubnFFXy01VkZ3Tk82WTdjXzVjcEdlOU9LbURRZHNjY2dkZjlXUGhkWGNyWG1RQmZFWlR4OGtTcUtKVWJfTWFHZHFpMkVVVmt5cVJoMTJXR0ZMMEZoNTltbW5HbTd4Vm14UHBoWkVoR2ZxMmxuUENvZnpDeGJDZURmZUZib1NaTHh6MnpYdE1tQkNVNTIyZzRtTGRsWGgzNDNKQ3lIR2pMYVJ1bjVySWYycUkwVjZ4TXg4QTlBQQ?oc=5,Ommcom News,"Thu, 22 Jan 2026 08:00:00 GMT",2026-06-14T20:38:43.556951,job_scam,True,False,candidate,https://ommcomnews.com/india-news/sikkim-police-receive-presidents-police-colours-become-15th-state-force-to-get-the-honour/
job scam Sikkim,SI Recruitment Scam Sikkim: Recent Controversies - voiceofsikkim.com,https://news.google.com/rss/articles/CBMiswFBVV95cUxNVUVzZWxkRWlfd2lxU2gwaG9NbTJLMFJxY3IwempaYjh0LWlsZVhFTHFTRm5oWUkyWU93U1ZWdVA0bXJPTGZZZ3Y1VVlFSW1RNHFpVXNObkJCZ0NkNEtwbFRSQ2FaaTQ3RW9SdkhaV1hCZ3Y5b20wMWVUWF8xcjlPQzdNNFplOW9iTFdqT0RDSG9kYmZzWnplck1mc3ZRWGFrSEFwVkNhenloRnlZQlpNV21KYw?oc=5,voiceofsikkim.com,"Sat, 06 Dec 2025 08:00:00 GMT",2026-06-14T20:38:43.556988,job_scam,True,False,candidate,https://www.voiceofsikkim.com/fresh-turmoil-at-spsc-cap-sikkim-demands-resignations-amid-new-recruitment-scandal/
job scam Sikkim,"King Cobra Rescued from Gorubathan Tea Estate, Forest Department Urges Caution - voiceofsikkim.com",https://news.google.com/rss/articles/CBMirAFBVV95cUxOa3J6NDFsZy1ObkMxTW5DSExUWmhQakJJdHZDTGFzS2pMdzljd1gxeTNKb1FnZWoyVk9PUDNDUlcxbHZ2czFqbGdyYzd5YUxaWFBqQ0ZMY2RBMVdMajZrdlJ3NFNlSnh2S29xdjRTU0RYMzloMWZsb0Z4Y2lmcmh1bndCZzdJaWtvc1V6M3BFTkVETzJiMDM3azJ6Um5JQTBjVmVONEMtTEJ5WTRV?oc=5,voiceofsikkim.com,"Wed, 16 Apr 2025 07:00:00 GMT",2026-06-14T20:38:43.557000,job_scam,True,False,candidate,https://www.voiceofsikkim.com/king-cobra-rescued-from-gorubathan-tea-estate-forest-department-urges-caution/
job scam Sikkim,"Bengal Teacher Recruitment 2016: Calcutta HC declares all 24,000 jobs null and void; Orders fresh recruitments - voiceofsikkim.com",https://news.google.com/rss/articles/CBMi1AFBVV95cUxQbHJOd1FtaThYUHMwUWkya25GNmpkazFVTW9YUEVva2lhcERPQW1kMW42WHdjLWtQbGFJcVJVaFY1T21jNlZ0R05QNFl4eHFrZnlCRTQyNjBVWjV5bVNmZWVGdDRxSW5nNDlMNlVpRU5peWRzR1B5T2R2eHIzaTFZLVJINzdvSHZTR3dDXzFPcHJyaG9FQmpKbmFNUGlYcE04Z0dHTGg1NGg2d3NiTW0zRUVGV1hIN0xUQVdaTWFoMklackFNUVZQQzdOMF9lSzdKZEFmbg?oc=5,voiceofsikkim.com,"Mon, 22 Apr 2024 07:00:00 GMT",2026-06-14T20:38:43.557013,job_scam,True,False,candidate,https://www.voiceofsikkim.com/bengal-teacher-recruitment-2016-calcutta-hc-declares-all-24000-jobs-null-and-void-orders-fresh-recruitments/
job scam Sikkim,Justice Served: Narayana Hospital Fined Over Rs 5 Lakh for Medical Negligence - voiceofsikkim.com,https://news.google.com/rss/articles/CBMiqwFBVV95cUxQci1Rb2pxX3VkSXFDV09wM2w3U3VYWGRoWmpxQlR2MVEzOW5DcllpTEZfQm5jbVpvb3p4MnZsSHFwMzl0RUIxMS1QX3pFZzFoME04bFBJajRKNTdyWUxYOVVrZlJHM09sUklHaVVUOWVsbVpmR2VScUhmenBrNGZKNDhwMlFSMmV0OHBHTWVMUVNGX2tGengtb053eHZkNUVlUE92dXZKZjdWeW8?oc=5,voiceofsikkim.com,"Sun, 27 Oct 2024 07:00:00 GMT",2026-06-14T20:38:43.557098,job_scam,True,False,candidate,https://www.voiceofsikkim.com/justice-served-narayana-hospital-fined-over-rs-5-lakh-for-medical-negligence/
fake job offer Sikkim,Fake Army officer arrested at Bagdogra - Sikkim Express,https://news.google.com/rss/articles/CBMiiAFBVV95cUxPQVozbXBNYkxHNTFfemREaVJHdFhLVFlNaGdPcUdMLXRrR1JoU2w4amYyYjZHX1QwNVNQdGRPLWVqYnBVVURBZDVuNTFOSEtfWUEzV1B3SkZabUY5cml1UzlpMk8tYl8xalFDZ3YtSWVOVS1uQlJ1Um01R2lQSTdaMWFaLThfQnZH?oc=5,Sikkim Express,"Fri, 11 Nov 2022 08:00:00 GMT",2026-06-14T20:38:45.434481,job_scam,True,False,candidate,https://www.sikkimexpress.com/news-details/fake-army-officer-arrested-at-bagdogra
recruitment fraud Sikkim,Sikkim sets up foreign employment board to facilitate safe overseas jobs for youth - India Today NE,https://news.google.com/rss/articles/CBMi2gFBVV95cUxPd3BHa0cwLW9Mc3JVdndabXRGMHNEdHJ2S2VXdzA3eTZBNENvODdRM1Jxd3hkRVpFU1RSR2RVemIzMVYwa2tiTlh4WXktVVpqV1pxX1M2a0tUR2dsc29mZzI3TWlIZ0lleHd1OTRyVjlFTEpQbkVaZnJkcFhRWDFPX0tzNy1EZTVaZi1uZHJfTUR5WVNmYzZoTXJEdE5LaGFyM0pYZ1ExUGNtSzBTVkUzcjNWOWMwYWl1cG5QN2RCTng5eFh5WFhMRHNjMWxudUR1WW5VWjZUcU10d9IB3wFBVV95cUxQdk5sTHhIbFdqUFlOM2pMbDFsdUc4VzBWdWkzb2E0cUZUMmxaM1liemwxMnV0RnZ3S0VDVzhpZXR1WHpBNFNLMkNYZElxNXNPekZudm12c1JiSklwbFhMOUJTVm93R016UkF3V2ROdldHVWs4N0tMSzFHMzlKN0JSOFB2RUlKOEp2aVpUdUpkV2p5d1VoQnFqLWhkVEpHWVJUbjFIWl9qQlJMeVFPcjZnYU15eUxYYWJMRHA0QjNMMXVFM2gxU19Ydm9maTJLZ182RGVSWk03a0xITGFxZGU4?oc=5,India Today NE,"Fri, 06 Feb 2026 08:00:00 GMT",2026-06-14T20:38:47.020800,job_scam,True,False,candidate,https://www.indiatodayne.in/sikkim/story/sikkim-sets-up-foreign-employment-board-to-facilitate-safe-overseas-jobs-for-youth-1342337-2026-02-06
recruitment fraud Sikkim,"CAG Audit Questions Irregularities In State Bank Of Sikkim Recruitments, Finds Score Disparities - The420.in",https://news.google.com/rss/articles/CBMimwFBVV95cUxNUW9ubDZ3LV9pemhEUktMeGstN3dnWDVkdmJBNWV3TlVJQTUwOUFJWkJGR1dmNGhOYUY3OW1fQl9wMEZZY2NaVy1NZHBoUTFjS0xCbWdNR3lFU0xCdEprcHh5N3BpMExtNVNzT2dZdGF1WnpqX3BMVmRodDE1d1ZBeDdFbTBzRmJDbmhnb09ER2MyZVFIWkg4LTFrZw?oc=5,The420.in,"Sun, 21 Dec 2025 08:00:00 GMT",2026-06-14T20:38:47.020814,job_scam,True,False,candidate,https://the420.in/cag-audit-state-bank-of-sikkim-recruitment-irregularities-assistant-managers/
recruitment fraud Sikkim,CAG Red Flag on State Bank of Sikkim: Over Half Its Loans Are NPAs — Is Your Money Safe? - Northeast Live,https://news.google.com/rss/articles/CBMivgFBVV95cUxOS0V2alBxYWNHQmhpTG5hcUpQLTFPakxqTEU2TjUwMHU3bWRYcVY2ZGMxTnpzV0NpR2lsQlpDWmpCcU1Td2FKT252VlpTUU82ZDg2elgtUHlpcHM4d2R3X0FYa1p3VzYtcDFJR3hPN21SYXoxb0hoSDk0ejJKTzhaNmwtc19LczBpZ1JGLUoxZjA0Q1VkTnVGSjUtNTNqQzhrdDFzcWE2LW5kZ2libUU0U2dOWGc5ZkhMY1gtTDNn?oc=5,Northeast Live,"Mon, 22 Dec 2025 08:00:00 GMT",2026-06-14T20:38:47.021018,job_scam,True,False,candidate,https://northeastlivetv.com/topnews/cag-red-flag-on-state-bank-of-sikkim-over-half-its-loans-are-npas-is-your-money-safe/
job fraud Sikkim,"Audit flags suspected fraud, poor oversight at State Bank of Sikkim - India Today NE",https://news.google.com/rss/articles/CBMixAFBVV95cUxOS0tlaVdhc1lENktuVVhRelNQUnZJZGhyM0JtS2VOZUdOcGZoYW5jTjdxcGJSRGxpNGF6VTJ0TmVoVng4OThqb3F0d25nWHpTSUhVUWJoNzJ5VHJxbkZIWFQ4WC03ZnhFWVdqVTdnUHktRTVDV080X0NSYnNaUFFwcTVidTRadFFwRlRiU2xQRXNlQ2dvMjl0eFdPTEJlVWpaMm40YVFSOGQ0WFdjcXRXMVBEb0tnNUpOUDNHYTBXdzVZa2140gHKAUFVX3lxTE9NS2hhUzFZejJnOWtndFhzV05sNU0wTUk1TUF1Q1pGakF5RlpXTUZjSzZuNXpHaEVGVFhJYnJwclpMeUJuU0w0ejVyTE9MRlRpbkszU2M0eTB2eEo4TnlFUzJWbUpkLVliS3RsMTVVOU5xZFFqa0NBTmRYLV9fTzR4elMwd2ktZVpBemh1YzM0cjBYdnBHRzV4LVo1SUhQcVZ3RUI3OWt6YjcxNDBrbjc0U3E5RXNDNHJmSjRMZzdfVHlyM0pnYmMyR1E?oc=5,India Today NE,"Thu, 18 Dec 2025 08:00:00 GMT",2026-06-14T20:38:54.614159,job_scam,True,False,candidate,https://www.indiatodayne.in/sikkim/story/audit-flags-suspected-fraud-poor-oversight-at-state-bank-of-sikkim-1319243-2025-12-18
job fraud Sikkim,Sikkim Vigilance Police Arrest Two Bank Officials in Rs. 30 Lakh Fraud Case - voiceofsikkim.com,https://news.google.com/rss/articles/CBMiqAFBVV95cUxOTFlMN2dxT2l4VGE0VnduTnkzWDZlSVhsZ0oyVV9mUFBJNGtUWEhiQWliRWZ0UHJRMFh2dWRFaURWRmYzejRLZndDSE5xQWJYZndTTWlHcGkxMkYzRF9oUml5cjZoNzFOZGY3NkhQRHJkcFhKbUxwXzZBNDhhNEZUWVZwRHZPY1B6RTVqRXR0d2RlXzd0NmpIR2xuNG1BZS1yMUR4YkNBLUE?oc=5,voiceofsikkim.com,"Sat, 29 Jun 2024 07:00:00 GMT",2026-06-14T20:38:54.614322,job_scam,True,False,candidate,https://www.voiceofsikkim.com/sikkim-vigilance-police-arrest-two-bank-officials-in-rs-30-lakh-fraud-case/
work from home scam Sikkim,"Sikkim Revokes Odd-Even Vehicle Restrictions Statewide, Gangtok Excluded - Daily Pioneer",https://news.google.com/rss/articles/CBMipgFBVV95cUxPX2RNZHE3RjJoajNYT0wyN0lRQnBGSjc0S3FlRFdqNmgtb3ItN0t1d3YwY1VuUU5hdzlGLVNVemd0Vi1wLVhLdWh5WTBNMnRmOEZMbVNPOFIxcUZMOFk4SlhQZDlReEhzVjd1a0RBMTAzTUVFQWgycG5vVE9ERWZMZWt0QVV3Y2JPc0c3eFhKSE1ZTVFmRXRaTHVJS2dNWHdDaG9PY3RB?oc=5,Daily Pioneer,"Sun, 31 May 2026 07:00:00 GMT",2026-06-14T20:38:56.457296,job_scam,True,False,candidate,https://dailypioneer.com/news/sikkim-lifts-odd-even-rule-across-state--gangtok-excluded-from-relaxation
work from home scam Sikkim,Sikkim Fuel Austerity Measures Announced by Government - voiceofsikkim.com,https://news.google.com/rss/articles/CBMi0gFBVV95cUxNZkFDbW1GQTRuOVVsVGM0T1BRTDl5N1NaRzNiNDlJUTR4ZWFHQ2puRU40bjFJTEhPemF4Y1dsMGtpd3p4cV9sa0pxVktaakFWOU54THI3VE9KSWIxd0ZvSnFNZ3dvTlBDQjNxYkQzRXUydEp6ajFkdTlYUVJVUHBUdHZsYVd2ZkUtaTVIeGh6NnhaVEd2NkdLZWVmMjBITG9qdjR1TElJeWFWR25NYm44anBjNFFYNnQ2bVEweGg2el9tUFJqZmluWWM4WUp4R2RGZ1E?oc=5,voiceofsikkim.com,"Thu, 14 May 2026 07:00:00 GMT",2026-06-14T20:38:56.457378,job_scam,True,False,candidate,https://www.voiceofsikkim.com/sikkim-announces-sweeping-austerity-measures-statewide-odd-even-50-wfh-and-massive-cuts-to-vip-cavalcades/
work from home scam Sikkim,Sikkim Crash Barrier Fund Scam Exposed by Police - voiceofsikkim.com,https://news.google.com/rss/articles/CBMiqwFBVV95cUxPbFJtTV9iUEVuQkRXczJPUGhtUnM2Y1lTWGNjMTV2aHJ3b3BPdVNOdnFPbGRXWVJNZ0hsRDJoaUhvd185Q3Bha2JHQWZoX05mMG1xNEh2czBnUHFVYzdZMk1LMnZhYzlaZEpEUU1vWkNqWXBvbVYtb3ZZLXlMSTBwX1lfOFQ3dWhsRFhPcndLRVpsMEJQVnVmVUJsTDNmd0oxS3lpQ3RSSjhaRUU?oc=5,voiceofsikkim.com,"Tue, 17 Mar 2026 07:00:00 GMT",2026-06-14T20:38:56.457407,job_scam,True,False,candidate,https://www.voiceofsikkim.com/sikkim-vigilance-cracks-down-on-crash-barrier-fund-scam-rb-engineer-arrested/
employment scam Sikkim,"Sikkim hikes DA by 5% for staff, pensioners - News Arena India",https://news.google.com/rss/articles/CBMiiAFBVV95cUxNcXM5M1labE5JYUxlUUlRTlBCdDlqb05VbWFOYk85QjVHaGxUdEdFYXVKdlZETTJZUm1WckxyWlFHTmRldDg5Q0lROUVLUE1SV01ELXU5d2EtU0sxdjJNeHJnc1pRWERoZGlaMTNNN2xCMHZidk5fcnBtRUtTNDNSOWtraktwQm90?oc=5,News Arena India,"Thu, 19 Mar 2026 10:51:46 GMT",2026-06-14T20:38:58.364339,job_scam,True,False,candidate,https://newsarenaindia.com/states/sikkim-hikes-da-by-5-for-staff-pensioners/72615
employment scam Sikkim,"​As Sikkim government announces 1 year of maternity leave, let's look at the countries that provide the best maternity leave by law​ - The Times of India",https://news.google.com/rss/articles/CBMivwJBVV95cUxQenU3TVJLV2haS0IyU3I5YlNDbDRDSFNjb25MN21xajFEV25mWWhqVkQ3WTFmaG5zSkRMMjF1eUl3YTR6V0Z3Q0dDam9WRzktVGlKNVBwQWMycTBla1pXeFZwY0VGcngyYVNHZTN6dFdCNVJSdDBHeUIyLTE4bkJodkMyMG14VmozRmZNRV84QTEtZHFLa3N6eWJUNUlVb21VcVliWHJNcTNfVWFvOFE0dUQzZmhzTFVWRjFjYWdKUm55SlZULXdST3ZaLXdCSU5RZmw5b1JieFNPdHlTcm1DZ1h5cGdQSXVVb0F6NThFVmN3Z3dfdnhQUjAwSUE3YVJ4NlRsdEQwYVRVdVA5YUxybllfbDRXclRWWDU3b1VoRDNzdDhReVZLLXRPZm10SDhnRHkyWUFpVGxXQl8xdXg00gHHAkFVX3lxTE55QzAyTkFpbEQ3WF9FLXE0UVBjeHZZcVN2aUNTLTVBVEp6enhYNjRrelVfWUNCS0JxOC14MFplb2tGMzg4QnVvV1VHOTc1NTROOWFoV1ctc3NhMXpZeFRLZGF4OXg0Y08wbm9ZSEIydnYzb3dwN3U1ZFZaTjdNb0diUHh5YVYySW9QcENXY3JtS0owYjBWZnNoR2RlYXZBdy1DUXAzRDZHdmFoYy1nWDNiazYxNjZOVFFFUE1xU2xRekg5QkhjUmZHZWlnVXRLNVVMd2s2ZVh2a2gyOUVvb0ZEeUxWbXljSVZwTmhBeDY5VUVmMEJRZmtXYjlvQ2FQRXdrSk82QlV1c2duV3ZQa2NxSmVCc2gxMFYtQzlYdk10b21RNXZvYzZfX01vck01bDVON0JpYlZleEs1cTl6R3pGSE1vdE5SVQ?oc=5,The Times of India,"Thu, 27 Jul 2023 07:00:00 GMT",2026-06-14T20:38:58.364419,job_scam,True,False,candidate,https://timesofindia.indiatimes.com/life-style/parenting/moments/as-sikkim-government-announces-1-year-of-maternity-leave-lets-look-at-the-countries-that-provide-the-best-maternity-leave-by-law/photostory/102167954.cms
employment scam Sikkim,Sikkim CM PS Golay announces 5-day working week for govt employees - The Statesman,https://news.google.com/rss/articles/CBMiswFBVV95cUxNLUI2TmVoWlc3SXVxT3ZIMmR3VTdlOUswZWN2ZnNuRzRqcTlYUHNOYi1RZWdLQi1GemRNMjZHMVktbzVtNWJ1TFd2ZW9nLUdnam56WlFxV0c4dTZRM1drOGhQSHc4Y2dRT1V1MHdtQmV5czYwemNvX1A1bm92R21WeFQ3WjUxdVhjemEzYVlCQXdfdnJVZWh5SlNaa1h6MjZLa21iYkJoOE10eEtDZDRQZG9MY9IBuAFBVV95cUxOTFIxa1dvZkQ3Rk1VV1c0dDJRamxvejMyQ1FfOG50QzRhVmZERHEzNkUyTnhxWWU0WHZDRER5U2g2eDJjYm5SdzllNnVJX09aNk8waTJYQTl6YzFzZTRwdTRfVDBtbUx0VlpmWHREeDl3c1dDQXRWSWlCTXZ4Ul9hMWpwSzM4N2Z2V2YtX0tkbFRmOXZFM2VGUDVLTzFzUEJ6eURkRUduNV9OUU5TY3NxcWMwSEpiN3pM?oc=5,The Statesman,"Mon, 27 May 2019 07:00:00 GMT",2026-06-14T20:38:58.364427,job_scam,True,False,candidate,https://www.thestatesman.com/india/sikkim-cm-ps-golay-announces-5-day-working-week-govt-employees-1502759451.html
employment scam Sikkim,Sikkim: UPSC interview for aspirants under Pratibha Protshaan Yojna conducted at Raj Bhavan - India Today NE,https://news.google.com/rss/articles/CBMi5AFBVV95cUxPMTQ4bTNvbGtIQ2pmeDBZR0ZNOEI0SUY5Um1HVDZiajExeGhTVnZ6SG5tVGc2WnNUNWRXbS11Q3dUME44ZnA2OGxIc2ItTnlsZmVlZ2FtNXRodFBhNjdYWmh5N0dzOEZoM0VmYk9PbWxhNnFjMDBScm4yYjRkWWFBVXh2a1g3clpnR1VlUS12bENiVVJaMDlGZEZTUWdDQXFMWUt5b1NmNllMNUMtUVFVajRQTXVVNFNFcGF5T1NNbGl5amRlMEd1UzZDNjhEdVlackNRb1lzM0RyZWVGZzdCSXhrN1XSAeoBQVVfeXFMTkVNa2ZlNjY0anNLM2tZbF9NWnR5YkFKbFRoSk44QnVnQmlVTTI0cGFRMVExcjAxd2x2NHRtZnlqaXBvNHpSbjNRV2dhbHJfY3h0V2I3S0YxdVJ5VDdEYWlsZ19obFc2eHlxRVJUQkNwdkNjcHVybzVILXFSNFF5SnlUeUNxc2libk52NEZ5TFhyWVBTemwxTy1hcTIzdTUxYkZUb2NpVTBJWnM3dXl0SklDWUw2R3BZcDNDdV9Lek1IcjU5eUhjQ3JTQ2RxdnJ3WHpNRlROR0QwYzNXTjNmNEUzbDBKd0JORHpR?oc=5,India Today NE,"Tue, 16 Jul 2024 07:00:00 GMT",2026-06-14T20:38:58.364434,job_scam,True,False,candidate,https://www.indiatodayne.in/sikkim/story/sikkim-upsc-interview-for-aspirants-under-pratibha-protshaan-yojna-conducted-at-raj-bhavan-1050665-2024-07-16
fake company job offer Sikkim,"SMIT Sikkim Placements: Highest, Average Salary Package & Top Companies - Shiksha",https://news.google.com/rss/articles/CBMiwgFBVV95cUxOSjVuOTY2WmVvbWJtVENZamxmSTN1M0UxSnZvQXVvTkF1cHhIUFRrOW94SXRXbTIxd2pNVngyZWpacEpHSGVya05WMXNtc3pwcURqSGR6VGZZSGNIX0JHV29SVUxfY2NIblJhT2ZPRkhOaUttdElPajg2NWkwNXZOU1NoSTZGcFgzYlM5XzZBc2lFdFQ3emdrTFRMRG5lNzhxMFBBOXZHVk1pamw4RXZNYjdvbGc3TlkxbVBUN2VlczIyQQ?oc=5,Shiksha,"Thu, 04 Feb 2021 03:28:13 GMT",2026-06-14T20:39:00.247779,job_scam,True,False,candidate,https://www.shiksha.com/college/smit-sikkim-manipal-institute-of-technology-sikkim-manipal-university-rangpo-34437/placement
loan app fraud Sikkim,The Chinese are on the prowl to scam Indians using fake loan apps - Sikkim Express,https://news.google.com/rss/articles/CBMirAFBVV95cUxNUDdfb2JTakN6VzVJdWdsWk5wcTB6SnJuVjRETlZLdmxTUlhiUTg1UjBnZklwLThta0Rhb1U1eU9VVkZobDdtNGg3dVJCY3pWbkJrS3VhWmZBbU01Q1BVajlVTEhIU09yRDFXUWUzX2RKTjRrZzA5U2NXR2ZzNnRkdi05SXJhU1E1UktBOFZFMXloaGhJUjlEWXUzTVFwSDV0UmhjbDF2R2xPek5k?oc=5,Sikkim Express,"Sun, 30 Jul 2023 07:00:00 GMT",2026-06-14T20:39:11.511296,cyber_loan_fraud,True,False,candidate,https://www.sikkimexpress.com/news-details/the-chinese-are-on-the-prowl-to-scam-indians-using-fake-loan-apps
loan app fraud Sikkim,Sikkim India floods: 'I was holding mum's hand but flood water killed her' - BBC,https://news.google.com/rss/articles/CBMiYkFVX3lxTFBHVkx0RzFmWlJXazJFa3FIaTVXUDladU5FTG9oR0RCX0lJTU9ZdTN4SWtMWWUtdEk1a3dDSjdKWXhnbUdNd1FLSkxkT0xKZ2NoR3lnUUg2eVJhZmVLalVPV0Nn?oc=5,BBC,"Wed, 18 Oct 2023 07:00:00 GMT",2026-06-14T20:39:11.511321,cyber_loan_fraud,True,False,candidate,https://www.bbc.co.uk/news/world-asia-india-67119735
loan scam Sikkim,State to strongly act against SBS officials after CAG highlights suspected loan fraud - Sikkim Express,https://news.google.com/rss/articles/CBMixwFBVV95cUxQeVdsZm9aQmFONC01b08xUTFoUmk5YnpyZEEtbVo2Q1k5RGZXaDBKZDBQMmtNRFZCYms0Nk4ycXRjUmZFOW83ckFHSzdKN1REamJILXN0cEhITnZVai1Zdlh1X1d6MmxsSGVCNFdVQ0FDeWZLbUpLRG5qdU5SR3JZVnI5eHF4eXR1WHJmcTJ1QVcwRW5ldTE1SUtCRHk5eHhKN2h6X2FjR2luSnBJZGttajk4V0dVaGJ0SUh2YWN5TE5veWJrMURZ?oc=5,Sikkim Express,"Fri, 19 Dec 2025 08:00:00 GMT",2026-06-14T20:39:13.087566,cyber_loan_fraud,True,False,candidate,https://www.sikkimexpress.com/news-details/state-to-strongly-act-against-sbs-officials-after-cag-highlights-suspected-loan-fraud
loan scam Sikkim,FIFA World Cup 2026 Kicks Off Tonight: Mexico Face South Africa in Historic Opener at Estadio Azteca - voiceofsikkim.com,https://news.google.com/rss/articles/CBMiygFBVV95cUxNRjRSakNoV3M2UVpVU2VGZmZGVHBGamYwYTFOb0M5NkVnQkpqem0teFctRkU4dHhhSnBlMnlWcVJYNUJ4WW1RUEVXSS1Ma2lKVHlDeTIxSldGSFFJLTJILXBRYUowdmhUSUpocjdyOERQcGFENFNXSmQzOFlYZm1kOUtkZFM1ODBjU2p4LUIyM09LVG9vTm5QaXdtN250ZUJSLWFxWjdVLXcta01uMHBLa0tlaDUxSGFxdHdiOFdDcURTSFRUYlRXa0dn?oc=5,voiceofsikkim.com,"Thu, 11 Jun 2026 10:48:07 GMT",2026-06-14T20:39:13.087806,cyber_loan_fraud,True,False,candidate,https://www.voiceofsikkim.com/fifa-world-cup-2026-kicks-off-tonight-mexico-face-south-africa-in-historic-opener-at-estadio-azteca/
loan scam Sikkim,Hope Amid Tragedy: Tata Nexon Accident Recovery in Teesta - voiceofsikkim.com,https://news.google.com/rss/articles/CBMieEFVX3lxTE5Gc2xlN0p1NXp2UDVGbndDcVVlUkw1WGY3YzFDYkE3ckg4amFMRWlYazhOSFpzOXZSQk1CcE9MczAwM0MtMTZFZGowWWNmNVM1Tl92WHpfQmZWZVEyVUlnLU5nTUlDemo3TTdIQmtQNTRqRkNrelZZTw?oc=5,voiceofsikkim.com,"Sun, 07 Jun 2026 11:23:57 GMT",2026-06-14T20:39:13.087821,cyber_loan_fraud,True,False,candidate,https://www.voiceofsikkim.com/tata-nexon-accident-recovery-in-teesta/
loan scam Sikkim,Nepal Idol Season 6 Grand Finale Highlights - voiceofsikkim.com,https://news.google.com/rss/articles/CBMivwFBVV95cUxNWXh4ZnotbEtJRXczdDZmOWg3eUg1eHREb3kwQmtGak9ERWRnU01PSWtnYmZNZUVCRHV5WlJpYXRHVU5RXzk2cGR2ZkhLMXExRXdjSkpCeE5QcHZ4UHZMVklTRjltcTFCWU4ya0FNWkFodkx6NnlKSzhDU0VRQjJ3T3hIcVUtNU0xb2cwS2dHTWMyUHhoM1N1cGx2cS1VVDNWN2NCQzg3dEFYTU0zd2pGRThTV1FxRVVEYmF5eTVFQQ?oc=5,voiceofsikkim.com,"Mon, 01 Sep 2025 07:00:00 GMT",2026-06-14T20:39:13.087851,cyber_loan_fraud,True,False,candidate,https://www.voiceofsikkim.com/daughter-of-sikkim-babita-thapa-magar-has-become-the-first-runner-up-of-nepal-idol-season-6/
loan scam Sikkim,Sikkim State Bank Files FIR Against Gangtok Resident for Rs 5.12 Crore Loan Default - Northeast Live,https://news.google.com/rss/articles/CBMickFVX3lxTE5pNG5oemtHdVQ5UU96NWFrWmlHTVZITkZNTndwM3JXZldTS1B1Ym1GdkVIeWFwb3VKRmVFT1JUandtZGdzdXNrUEttUUJPdkZzME1UZlRULUdJTWYyTjh1VDdnaVp4ZTNZNGZlekJJWVlMUQ?oc=5,Northeast Live,"Wed, 26 Mar 2025 07:00:00 GMT",2026-06-14T20:39:13.087865,cyber_loan_fraud,True,False,candidate,https://northeastlivetv.com/topnews/sikkim-state-bank-files-fir/
home loan fraud Sikkim,Sikkim: A home full of hotels - Mint,https://news.google.com/rss/articles/CBMikwFBVV95cUxPel96Y3VEbzF6M2FCS29uTFl4UE4xSDN2RnZTMzNXWS0ycnFkNllYOTN2U3ZLRGJBdGVmQndUb0t6N09keGNJSEZjVUdOYXgzLW43VF8wMUUza1ljMF9uY3RNOTVqRlg4ak9VamFWUWRTUUJQbzZjckRQZUxESDB3NVBvNEJ2Vi0taGRfbVhQWTBNeDDSAaABQVVfeXFMT3VIdDZ5dkota19RcjVHbVV2M1VwcE13Z3JMMmpwQ3hGY3BvQzJ5bGpaOElnZjJTNm1ueU1aN1FGZ1VnMHRQdVoxYUtHNzM1eEhBUDkxNzYyX1hjYVV5b2dzY29QMWtibVBVYTJzVWdCc2RWR0xlZkR3N1hkVTFJM0pkMlJ1UkFOd2xOUjdwZjVXNG0wbUVIelVTOWQ3cGs1Yg?oc=5,Mint,"Wed, 27 Apr 2016 07:00:00 GMT",2026-06-14T20:39:28.829240,cyber_loan_fraud,True,False,candidate,https://www.livemint.com/Leisure/Y8oIdNBH9I8fuqFbD2vN3K/Sikkim-A-home-full-of-hotels.html
insurance fraud Sikkim,Sikkim International University remains non-functional; State to dissolve its legal status - Sikkim Express,https://news.google.com/rss/articles/CBMizAFBVV95cUxNSnBaa28yeXpuWHQ1MTFCaDBNUlVVbFRQT2VYS0p6ZFFsd25ueGJSQ1FNQlBPLWRFTV9Tc2RsREFvTTBTSGRJMHlqV294eHN0Vm5KeUs3SFlMdC1BVFk0Z3ZqT3ZucmJVVFBhcjBWZ1BFMTNwYklQN0I3ci1mRFFZYzVVc2NKX1AwOEx4SUd3cE5PVklqZHM5WUMxQzRhUzZfdnJFZVZ0R0U5SDlMWUdIdUxTMzlWUVdCak9TWUlfSnppckZYdWNubXg2MkI?oc=5,Sikkim Express,"Tue, 02 Dec 2025 08:00:00 GMT",2026-06-14T20:39:37.579601,insurance_fraud,True,False,candidate,https://www.sikkimexpress.com/news-details/sikkim-international-university-remains-non-functional-state-to-dissolve-its-legal-status
insurance fraud Sikkim,Everest Evacuation Scam Exposed: ₹165 Crore Insurance Fraud Rocks World’s Highest Peak - voiceofsikkim.com,https://news.google.com/rss/articles/CBMiwAFBVV95cUxQZkszaDN5RVRqcVdHUHFuZUh4eTNFZjZnR2xWZlJHY1lNWWNkNkVvYmt3YlVjdWctN2dGaWlWVUkxMS1WOGhZcU1MVk5ITDZjVHdrM0JmaEo3Ny1ONDc5c1BwZ00xTVZZTUh6OUFxRjhoaWRBR25EYjNZSkxtbTc4NnNLZmpIVVFJcF9wOWdOY2FMNndLNndtVWliVk9FQ0tFTGZXNHVNWVJITXppbWtHdWtmRXF0OF9SNkktVGhBazg?oc=5,voiceofsikkim.com,"Sat, 04 Apr 2026 07:00:00 GMT",2026-06-14T20:39:37.579617,insurance_fraud,True,False,candidate,https://www.voiceofsikkim.com/everest-evacuation-scam-exposed-%E2%82%B9165-crore-insurance-fraud-rocks-worlds-highest-peak/
insurance fraud Sikkim,Bloodied Pilot Safely Lands Aircraft After Bird Collides with Windshield - voiceofsikkim.com,https://news.google.com/rss/articles/CBMipgFBVV95cUxQS3VVTVVxcDFUYnJjRVl6czZoQkp3NTFuajdIYW5uWjJfUEJMWDgwX0lCdFdITnBuNEtfeVhVNHc4Y0EwNGpCSDNrbmpZbEFRbFUyTFh2X1hZd1E4UUZlX2R1c3RLd0VRNFFSN2NVMTZQb0oyMm41aEp6VXBJS0Z3dnA0QlZRNGQ0aG5SMjVPMGJDSUZnWHlZckE2aFJyTGFpV3J4YjFR?oc=5,voiceofsikkim.com,"Fri, 16 Jun 2023 07:00:00 GMT",2026-06-14T20:39:37.579632,insurance_fraud,True,False,candidate,https://www.voiceofsikkim.com/bloodied-pilot-safely-lands-aircraft-after-bird-collides-with-windshield/
insurance scam Sikkim,"Indian doctor billed for ‘China’ roaming while visiting Sikkim border, sparks outcry over telecom lapses - The New Indian Express",https://news.google.com/rss/articles/CBMi9gFBVV95cUxPYi1YU0pJYTkxbjE5bjg1Yk5iSDVaSTkyaFhEemEzM3FqVUhPOFFsSS0zUHlhWm8tT0hjNWpJSzJJclBPQlljWVhPZTltMmFHOERVLWxfSUdIdHVVd0RSY3E1bUZ1SnFVcTBsUkhRN21YVkQzamo5TmdLTGJWaG9KWU9nY1h2MGlnYjhjRE5QTUw0bVdXS1hYTFcxTURtc1NsTkJrMHp3Tkk3TGJTX2ItdUlvSHk1X1RsUDB5Z3NMTTRVdFU1cE9ONzItX3JrSFhNZGh4UDBnWHN6bFNYbC1OX1NxNXdxNEpOY3FTcUJ4bUYxaFVZN1HSAYMCQVVfeXFMUEd0cGVyU0VNSXRXVGRaQXhfWGtKRUVDY2FaRjdzLXRpUFpDU20temtQX1V0RTVpVFNsWWtVdERFenJvQ01KV2dKOWlZbG11UnNod1dxdUppcjZOOU0tYUNsUkxpVExHSGVwYWN1czN0a1JoaU16WWNnakQ4ckhOM0RoRU9vUVFiX1kyUVdjY0xFeV9zQjhrWkRNQkM4dmtJNG9XbExYcGhJeHpoWTZ1Z1ZZZWJsTEdvaWNkLU41TE9xTzd1a1pSRC1mejQ4aXJzTEc0X1VRdG1sZC1HYjdBX0YzYlNfdkRLZUtTa2gyRU5IR29uN3J4S2F6ejBQUXVrblBLaw?oc=5,The New Indian Express,"Fri, 12 Jun 2026 03:08:56 GMT",2026-06-14T20:39:39.863701,insurance_fraud,True,False,candidate,https://www.newindianexpress.com/cities/bengaluru/2026/Jun/12/indian-doctor-billed-for-china-roaming-while-visiting-sikkim-border-sparks-outcry-over-telecom-lapses
insurance scam Sikkim,Sikkim’s High-Altitude Tourist Spots Still Without Mobile Connectivity Despite Govt’s Coverage Claim - Northeast Live,https://news.google.com/rss/articles/CBMi0AFBVV95cUxPUkRmZVBpWXVRU0FoaW5yQjZDdk1qNkFBbVNCUDFHWVVfMlo3ekpDNVY0dXl3c1dtbGk3UXoyTlNxNFVMQW56YUJ6X3RUMnoybTllZmhRTmxxeVdyRXlUYkJKV01nQm0zUHpvd0NJZE5oaDc2bDRMc0wtUDBLQkdHaUZLWTVXZDc4c0l4cUc2bk8tRXY4QjhXYzY1WHZJaF9SUzZXRTdQSzhQcUF5ak9xMUM0dUhzdnFIWlZMMDdrZ0tDR3l0alBsdDNSLU8zZW1k?oc=5,Northeast Live,"Fri, 25 Jul 2025 07:00:00 GMT",2026-06-14T20:39:39.863792,insurance_fraud,True,False,candidate,https://northeastlivetv.com/topnews/sikkims-high-altitude-tourist-spots-still-without-mobile-connectivity-despite-govts-coverage-claim/
fake insurance policy Sikkim,Dozen fake CoIs of a family having govt employees cancelled SSS wants - Sikkim Express,https://news.google.com/rss/articles/CBMikAJBVV95cUxPZkJFMUZJaFZZVXZJNG1jZ25ET1VRY01xR0plQTVkUnRJWjB3MVlEdW0xTXpHclRCbm5OZ0FNeXBZdXpNb0N5aWxWN2Zuc2Q5d0VPa1FLTHhyVTJqVWczanRRRlZ0ckNHdnFCakhXWG9mVDFtemtlR3Q3WjFRYjhlcjI5ZzlsTjJraEN6ZTBNU3FyM2t5MmxyczJwb2dRZTBlNWgzRE85dUZZZElCUGxsZl81WWFCUFVad3F3M3R1T1p5ZVBBLTQzOU10VnNlbmo2Yml4dnV2Q214akNkMGtsYnliZTE2bkxPVEtSdXYzRmZ0THcyNkhsTWQ0RTZfNVpXTjVaQmQ2cGJlWW5aX3kwQg?oc=5,Sikkim Express,"Sat, 17 Oct 2020 07:00:00 GMT",2026-06-14T20:39:41.773209,insurance_fraud,True,False,candidate,https://www.sikkimexpress.com/news-details/dozen-fake-cois-of-a-family-having-govt-employees-cancelled-sss-wants-government-service-of-fake-coi-holders-terminated-assets-de-registered
fake insurance policy Sikkim,"Sikkim University in forefront of NEP implementation, says VC - Sikkim Express",https://news.google.com/rss/articles/CBMioAFBVV95cUxQa19rMXR3QzNFNWF1TEM3Zi1yNGhkbjA3eDZTNU5IZ3lzUjZZR2VuSm5lNWM4c3dVWklFM1NvMFJOajhDdlJnUDdIR1NGODUyVjVuV1pzcnZhQ1haRmZCTnRNMEhVWWl3cy01czFWbnA1RDl1VWRsSnl2bWpmMkNEejI2XzJqblEybnlER2dXUi1qeUFJMUNlbG0xUzVoeEN5?oc=5,Sikkim Express,"Sat, 22 Jul 2023 07:00:00 GMT",2026-06-14T20:39:41.773220,insurance_fraud,True,False,candidate,https://sikkimexpress.com/news-details/sikkim-university-in-forefront-of-nep-implementation-says-vc
fake insurance policy Sikkim,4.66 lakh voters for Sikkim Elections 2024 - Sikkim Express,https://news.google.com/rss/articles/CBMijAFBVV95cUxQWEo0YVhzclQ0TDNTc3NfNFNDYkdrTDhIZTRzQUZGTzlJbDNfdlU3X3BNWC1iUl9BNDVHYXQ5RS1KTGRwT0xqWk5lejZadjdYUlBWOEFCNDVOcU5LMmpYQmNnbmVxeVNNOGtxMmJCcnR4WmZoTmJLVlk2dUl3bVR2MXEtRjEzNVREbFl6Tg?oc=5,Sikkim Express,"Mon, 18 Mar 2024 07:00:00 GMT",2026-06-14T20:39:41.773242,insurance_fraud,True,False,candidate,https://news.google.com/rss/articles/CBMijAFBVV95cUxQWEo0YVhzclQ0TDNTc3NfNFNDYkdrTDhIZTRzQUZGTzlJbDNfdlU3X3BNWC1iUl9BNDVHYXQ5RS1KTGRwT0xqWk5lejZadjdYUlBWOEFCNDVOcU5LMmpYQmNnbmVxeVNNOGtxMmJCcnR4WmZoTmJLVlk2dUl3bVR2MXEtRjEzNVREbFl6Tg?oc=5&hl=en-IN&gl=IN&ceid=IN:en
fake insurance scam Sikkim,Higher education scam by SKM Sarkar by allowing private universities with dubious background: Komal - Sikkim Express,https://news.google.com/rss/articles/CBMi2AFBVV95cUxPbHp5LXhWczFzQmtMWWhHS2lqWTM0Qk5pUjlUMjJYZU5KdmdjOGlZZ1Zib0l3N1RlSEFNeU5tUllRa0lHN1NaX0hkb0ZfcEtNclo1SEI3ajg2SDBZa3hPcjFFeHNYVE82cUxKVnFWNlVRS2pPMHA3b3p0b1RfNXozVGhyeF9kRzJiUXp6UTF2NF9mRW9uc0xPS3BCVU5yWEFEZ0Z1VnhQMmlVVHBZRFNWUE1VY0xQeDdzdTZscDFqQ3NOTUhfQTZnYXg4b3I0VGFmakswR0h3Vko?oc=5,Sikkim Express,"Wed, 14 Feb 2024 08:00:00 GMT",2026-06-14T20:39:43.267311,insurance_fraud,True,False,candidate,https://news.google.com/rss/articles/CBMi2AFBVV95cUxPbHp5LXhWczFzQmtMWWhHS2lqWTM0Qk5pUjlUMjJYZU5KdmdjOGlZZ1Zib0l3N1RlSEFNeU5tUllRa0lHN1NaX0hkb0ZfcEtNclo1SEI3ajg2SDBZa3hPcjFFeHNYVE82cUxKVnFWNlVRS2pPMHA3b3p0b1RfNXozVGhyeF9kRzJiUXp6UTF2NF9mRW9uc0xPS3BCVU5yWEFEZ0Z1VnhQMmlVVHBZRFNWUE1VY0xQeDdzdTZscDFqQ3NOTUhfQTZnYXg4b3I0VGFmakswR0h3Vko?oc=5&hl=en-IN&gl=IN&ceid=IN:en
digital arrest scam Sikkim,Good News: India’s Singing Sensation Jetshen Dohna Lama to Represent Nation at Russia Summit - voiceofsikkim.com,https://news.google.com/rss/articles/CBMivgFBVV95cUxONGZrVG55eFFBS1BENnh3SVRiTklDRFZKN0tiLXRoZXVzY3hXYzBkRXhqWjNFdnk1dWlXNFB3aUdOQzJjV3ZqZ01vYkN0aGRHZDBEenVhLVZTcXhpSks2NU0wYXZvTGJMZ0pvR0F0UGgwS3lQMVFpYlBhWk56TEV5TXkzUUx1MkRTa1UwamQ1ZExkSzNwdjhTbHBvRWtRdE5XczVQZzdxNTBVLVB2djIxdG95X3Fpd255Zlo1WGZ3?oc=5,voiceofsikkim.com,"Tue, 05 Nov 2024 08:00:00 GMT",2026-06-14T20:39:45.295104,digital_arrest_scam,True,False,candidate,https://www.voiceofsikkim.com/good-news-indias-singing-sensation-jetshen-dohna-lama-to-represent-nation-at-russia-summit/
fake sms Sikkim,Cockroach Janta Party Malware APK Targets Android Users Through WhatsApp and Telegram - Sikkim Express,https://news.google.com/rss/articles/CBMixwFBVV95cUxPYjZ4eUwwcXJvSlBrZGw1SW1yUGM4MUlsTVUtb2lENkZFN08tM0hCSG1QTTVuZXJLcndSZ2ZJUDRqQ0hFZktCb21pYzZLQWJGbm94YjMzVy1hc3huUkFQMHlwSmpXckJQdGVRWjQtYlc0cnR4TXQ2QktNc2lDOVRNd2V1YjVkX2ZrSjI3UHc5aUNDT0YyUHhQYU5xaU8xSHE5R1pYTEh3bkN5d0ttV1MxVVFxM19zNklQZjE4a0ZQbjBBc3VRNWFZ?oc=5,Sikkim Express,"Fri, 22 May 2026 10:53:58 GMT",2026-06-14T20:39:50.041191,smishing,True,False,candidate,https://www.sikkimexpress.com/news-details/cockroach-janta-party-malware-apk-targets-android-users-through-whatsapp-and-telegram
fake text message Sikkim,Five Sikkim universities named in UGC default list for non-compliance - Sikkim Express,https://news.google.com/rss/articles/CBMirAFBVV95cUxPS0NzelE1Z3hLZVh0c1BSM2w0OG1zVHJPOEY1bWtBTHFtSjJjMGhaQ0hkaG9lQW1vNlUyM2lfV0xkdlFjY0NRZnpTNnppUzNpZExCNks4eERvMW5QcDN4NGRrdXFKOTdGYmNpdFFxZjNEWWdQYnhnNFdOemxRMzc0MzR4Uy1CN2k1NWV2OHdKbzFOOGJzYTByam9zTGxaUFZsUFlHWDhhLVdKbngx?oc=5,Sikkim Express,"Sun, 28 Sep 2025 07:00:00 GMT",2026-06-14T20:39:56.612108,smishing,True,False,candidate,https://sikkimexpress.com/news-details/five-sikkim-universities-named-in-ugc-default-list-for-non-compliance
fake text message Sikkim,Nepal Protests: Video From Sikkim Peddled As Pro-India Rally | BOOM - BOOM Fact Check,https://news.google.com/rss/articles/CBMiwAFBVV95cUxPbzdUQ2tfd0p1dDg4bS1YOWlldVNDRF8zOWh5aDJWT2VEazZhcVNuUVJhbG5BcVJjUS1iTDNwbFI3RXRaX0NYUFZDZzhEanU5V01kTzgxUm9SWGZPcTk2RXBxSU5UOG9nLWh2QzZYREFRSHFZaWxocW42dUJtWnRJazhOT1pfZGRpMFJvV0xiSnhNM3ZndzRpRmZqVExFdGM0bUJqUnpoWGVMQl93MFpLSnFoOEVFbDhHakVaNFhTS3nSAcYBQVVfeXFMTThfZjExNUZuai04RktnMEt1Q0dSSXZHQVJQeVJyUGtiSW9sR1VIS05wcGZBak1oUXlMdHdJR19MOXA4aHluZU1VQTVmY19HVHBtUGlpdE9Fb1FHY1h0WHdQNUR3WWpNdi1oTi1tbWF2NDBjY3FDbW9fMGlxS19jOVlKZWl3RGYtTE1VNDg3V0pkSVJOMVNaNDlKR3U4cDRtbVp5aHV4b050b0gxVEc4ZUJ3cUg3NGRjOUZsWVFzZzRDSUFQazJR?oc=5,BOOM Fact Check,"Mon, 15 Sep 2025 07:00:00 GMT",2026-06-14T20:39:56.612123,smishing,True,False,candidate,https://www.boomlive.in/fact-check/viral-video-nepal-people-rally-bharat-mata-ki-jai-pro-india-chant-claim-fact-check-29506
fake text message Sikkim,"ATMs Will Remain Operational, Says Government Amid Fake Viral Message; PIB Debunks Rumours - voiceofsikkim.com",https://news.google.com/rss/articles/CBMiuwFBVV95cUxPT2pJcTVxOEdBZlYwWU5EQVNVTmFfZ3VTSTB0T0hpWG9hbkpoZWpuWWE1TDBGMmZvQlpZYzlDOTFaSWdtMm5Vd1ZwTmRzLVI5M3BUbWtfa3U0OFpRQ0M2czlycUdYc3hmWllPT2NCWV9XWTNURDJwQW1JMWRkRGZ4T2VXSHBZRzR6QVpvTDlFZVNrSUhOZGthazdQaDhMTHN0eEM5ZDN3Zjg3QVBoZGhnU2ZfRzMyVUZjN29z?oc=5,voiceofsikkim.com,"Fri, 09 May 2025 07:00:00 GMT",2026-06-14T20:39:56.612149,smishing,True,False,candidate,https://www.voiceofsikkim.com/atms-will-remain-operational-says-government-amid-fake-viral-message-pib-debunks-rumours/
phishing Sikkim,Sikkim vigilance cracks down on 1200 MW Teesta-III scam in state's biggest anti-corruption raid - India Today NE,https://news.google.com/rss/articles/CBMi6gFBVV95cUxQby1jS3plai10ZnpwWjJjd0owNUgtSmVPNk42bnVFQ2VjN2tBZm94S19sMWtXZWZNdlUzMlNmanpVQjktR3ltT0tUa1dfN2E0NmNsNWpzQnR5U2FqYTN5X0VrR1ZoMHVUNFRuSkh3eEJlTVIzY2tiaW9rRG5RVDFFMWJTTE9RSXFQcnI5MmZjeDJMdUF3dkJoSjNuZ19HVlVxYm9kaVN2YkptUGN0WGtJdG00Z0hkTU1MZ2RORG9PRkZweGJpT2Z3ZjIwSnZ5WGNyZ2RTMmlIM0prTFNucm16Tl81cVF3amJQUEHSAe8BQVVfeXFMTkNORUJsMkstWmhtUFQ0a19SOUlLUlRINnRGWFkyMjltWjNQMjJPMlIxNDV5eEtSSkt1ODRKcnJSZkFDZDlnRXRzR2NoZ1ZZR1F3Z2FmaXg2WWJSalhkTkdhbFFOVTBMTGRkWkVZcWxYQWlXZ3RQUkRfeTctMUJMUFRkUDZpek9mVjgtYURyaE9iTktTb1oxaDVUV3FlY1pvR2VmdUJWVXFha3BXeFVrX1FtZEFXZFM0MmlqLXFzT3psQ3hoN2dfUHRyd3RGUERienQ0ZERyODViT1Y3RHdmTkNfdG1nTUZXZHpfVU1lVUU?oc=5,India Today NE,"Fri, 30 May 2025 07:00:00 GMT",2026-06-14T20:39:58.506762,phishing,True,False,candidate,https://www.indiatodayne.in/sikkim/story/sikkim-vigilance-cracks-down-on-1200-mw-teesta-iii-scam-in-states-biggest-anti-corruption-raid-1221950-2025-05-30
phishing Sikkim,SKM government is embroiled in a scandal involving dubious private universities in Sikkim : SDF - voiceofsikkim.com,https://news.google.com/rss/articles/CBMiwgFBVV95cUxNRHlNLVpEUFdlVWl2ekQ1UkN0ajh4eWVZWVl3MGx0VGxDSndZSVlfRUF1SVVOTlRqeVRoMThCcWtsZmI5LWpmNi11R2xxTjZGdGQwcEdlMXpxU1Y3STVoay03Z01KNk5VbGRXMFFnLWlyYWFRT2hfNmdaSDZIQktzdnZDUzlZRlpTakNoNXFJcmN6WXJ4dllmb2F2NUNVMl9NYUlNdk50cWxHV1I3Mlg5N0ttQmQxenpHZm1SZHJBUDdnUQ?oc=5,voiceofsikkim.com,"Thu, 15 Feb 2024 08:00:00 GMT",2026-06-14T20:39:58.506920,phishing,True,False,candidate,https://www.voiceofsikkim.com/skm-government-is-embroiled-in-a-scandal-involving-dubious-private-universities-in-sikkim-sdf/
phishing Sikkim,Sikkim Vigilance Raid Reveals Major Irregularities - voiceofsikkim.com,https://news.google.com/rss/articles/CBMixAFBVV95cUxPdkNaZHN3YkptcGs5a3R2S2k4Wk9YZ2xTbnQ4V1RId0Yza2NYTnVXeERvdFVSb1JfOFZwVWVmTUwyTHVkY2MtUUR1LVRCbk4yQm1EaUtmdW1PSjRwUG93aGgwN1laYjNOVTQwd0VZV2xjdjRoYno3QWEtbktjcmY1dFUzNEpUOXdmT1JPa2hVei03b0N5d21fd21mamt5b3RuZjRhZHNGUnlySnhJc0RRS2gtZW5IUnVNQlZPR1hmelRhQnp0?oc=5,voiceofsikkim.com,"Sat, 25 Apr 2026 07:00:00 GMT",2026-06-14T20:39:58.506933,phishing,True,False,candidate,https://www.voiceofsikkim.com/sikkim-vigilance-cracks-down-on-alleged-fund-misuse-raids-multiple-offices-in-gangtok-and-ranka/
phishing Sikkim,"Singling SC Lifts Sikkim Premier League 2, 3-0 against Thunderbolt North Utd - voiceofsikkim.com",https://news.google.com/rss/articles/CBMiqgFBVV95cUxQRlZWZFlFQnNwSmJQWFE0MVZjUWpKUHBmWElnT1diYlZHQm9OWWNqWGVOQncxelMzVDVwaVNWVEZvUHM3VEJyaHZYSTlOMzBBZERGNl9aUkZtR1Z5OXZ6MFRjVnMzcWNsSHBLajUzem9PQ0JZU3lzdnhrZGx1RFlHSElvbVJKYkg0aU9ZZjJUUmotdG1jWWtIU3JYSk01Ti1mUzRHd2dVU3A1QQ?oc=5,voiceofsikkim.com,"Tue, 05 Mar 2024 08:00:00 GMT",2026-06-14T20:39:58.506947,phishing,True,False,candidate,https://www.voiceofsikkim.com/singling-sc-lifts-sikkim-premier-league-2-3-0-against-thunderbolt-north-utd/
phishing Sikkim,Alarm is raised by Europol regarding ChatGPT’s illicit use in Criminal activities - voiceofsikkim.com,https://news.google.com/rss/articles/CBMisAFBVV95cUxOc09sSHEyNXJybXhrTGE1dnVxbnY1UEluNnU2QjlDdFlwcUdSSkx4bl9hN21CZDhpUlFrVmlGZkpZQVd3QWJvT1U3UGlRRlUyc0ZaSHRQRm9YNUZUbVF2S2w3YWhvM0swU1FpdHpGUXR3ZnF6N0p2bXNGZ2FpZ2t0eDl0OU9UVThzTkkzNnc1Z1RnaFF1R2tSRWI0ODNsTjktNG50RjhJVXRtTlJHd0JNdw?oc=5,voiceofsikkim.com,"Tue, 28 Mar 2023 07:00:00 GMT",2026-06-14T20:39:58.506974,phishing,True,False,candidate,https://www.voiceofsikkim.com/alarm-is-raised-by-europol-regarding-chatgpts-illicit-use-in-criminal-activities/
phishing Sikkim,Baby Born From Embryo Well Preserved 30 Years Ago In Liquid Nitrogen - voiceofsikkim.com,https://news.google.com/rss/articles/CBMioAFBVV95cUxQUWlLc0tPQ1BLckhlNDQwQXA2eXhMLW5DOURBaU5YZkc4czlpT1FLZTdyU3lXa0dDYTUwU09Sc2EyQXVIRlk2bFJiRUxZNFJ5RjRUM2JNQ3lxTnV5WlNwV1dqY2tWYmVQX29aX3U3LXZRUXNSMEVaMVFqSHdkQVIxcmRENC1zX2FSVXg2bFk0TUFqY1M4XzkwRjd2aGZiX1Fl?oc=5,voiceofsikkim.com,"Sun, 03 Aug 2025 07:00:00 GMT",2026-06-14T20:39:58.506986,phishing,True,False,candidate,https://www.voiceofsikkim.com/baby-born-from-embryo-well-preserved-30-years-ago-in-liquid-nitrogen/
phishing scam Sikkim,"Sikkim: Tragic Landslide in Sikkim Claims One Life, Injures Several; State Faces Severe Disruptions - The Sentinel - of this Land, for its People",https://news.google.com/rss/articles/CBMi8gFBVV95cUxPNExFWkYzcWFtM3o0N1lsSGNSdHYzVG9CQWc1a3I1U3RwNTJWUzdRV3JTUFRobXMwVi1EVXVqdUlaRnpoUlZyMzNwcjRvZXJxeEFJbmVfWVdzaGNELTMxamdvcVhISkcxYTNzMkliSS1KTk95c3Nqc3dIdmhTazZ4djdtZXlnb3RBdFNWVGRFdFo5LU5BenZPc3ZYU1NrNG80X01Mc2dWNTVoSTJVUzFmaV9BTVJSd3lGdEdKeEdhWk9feldrSzZsM0ZUNGJMVHhPTkhTNmt6U0lwZ3pQWlFPZkx2NjQ2Y2dTNmZrZ3oyQVNhUdIB_wFBVV95cUxNR0FaRGkwbTUyWFJ1Rzd2blNBRllzakV6VUFEem1jeXUzMFYzNW1Celc4cG4zTlhRaUx5QU5sMmVicHFvZ29nU1JFczNOaE9RUE1id0J0NmxJZGJVeDd5a21PN1NtQTlYeFJKQmc0QU5TRWJRQ2VtdDU1ckIzQmFOWHhka1JqS0gySFZGZFNGenRmLVpPYlpRNnlQYUszUlMweWV3MDF5ODhzVmgxaEJRbGNDS3ZVakZSYnUwbXNrUTdLZXkzdGtiMFFUZHBNNGt1bHFiQ1hqTmZaQkRMeDhSZHEzTVZ0YThscC1Xb2xkVGpTbWhPMXYzVGdGVGxrdzQ?oc=5,"The Sentinel - of this Land, for its People","Fri, 12 Jul 2024 07:00:00 GMT",2026-06-14T20:40:01.696544,phishing,True,False,candidate,https://www.sentinelassam.com/north-east-india-news/sikkim-news/sikkim-tragic-landslide-in-sikkim-claims-one-life-injures-several-state-faces-severe-disruptions
fake website Sikkim,Fact Check: 2018 video from Austria goes viral as cloudburst in Sikkim - India Today,https://news.google.com/rss/articles/CBMiuAFBVV95cUxQZ0pScWxIWkowcUJEZEpEdmV5ZnlCVk45bWR1QU1uaFg3a21ST1dXcWxaRHBtdERIOFNJSHpSelBBNUxlRXBfVGFsNkJCOFZ6S09zREt0U1JSTDRpVVFNVFBBMDZXN0xheXV6bXJ6SDVvUUh5RkpLVFB5dWJUTDhuT3VWeTNxWkxSR2Jpdmg5bjBPV3FTRHhXWkJnZ0RqY05DMmVzcUw0bG0yMlBlU0lIbmVqMHVGYUFJ0gG-AUFVX3lxTE14dkRYVldtTFFmSFFpdmJTMk1NeEpRNXYzbk1Gc1ZlWFFCZEFmbmNQTnZsQlVXSlNVQnZNTmViNmRaY2VCd1dsbWt0dWg1UzQwX1lYWGo5TC1PZy00Nkk3UjBQNGVSbDBGUV80N0k1Ujd1Y3paMktVQURNUnhjMkM1RmlwX1c1ZTVHTGNQN2JaNG0xaE5jN2xvdFJOX3YzTGtkQnhCdEY3Q1BLa2dTZTF5V1NZNHBxaGZXa1pDZ3c?oc=5,India Today,"Thu, 05 Oct 2023 07:00:00 GMT",2026-06-14T20:40:05.140991,phishing,True,False,candidate,https://www.indiatoday.in/fact-check/story/2018-video-from-austria-goes-viral-as-cloudburst-sikkim-2445177-2023-10-05
fake website Sikkim,Fate of COI - Whether Fake or Real - Sikkim Express,https://news.google.com/rss/articles/CBMie0FVX3lxTE9HSE1XUzI3cUxMbGgwT3p1S1VGeFIxckNObk9makdvMXhRbjB3YkFjc09vbzJZLUpDLVdCRnpkd2tTeHNmanBjdzZPYjRkME41d0ROZ00tc3Myak5yVFJ0Q2dRdzNnOHl3T1QtOHpUbEFyQjVFbHYwZUFIOA?oc=5,Sikkim Express,"Fri, 13 Dec 2019 08:00:00 GMT",2026-06-14T20:40:05.141003,phishing,True,False,candidate,https://sikkimexpress.com/news-details/fate-of-coi-whether-fake-or-real
fake website Sikkim,Fake Universities Operating in Sikkim Under Government’s Watch? - Northeast Live,https://news.google.com/rss/articles/CBMiqwFBVV95cUxNTHFONEw2UzJJUDkyVHotS25JRUlfZW5oMDgwLTFjenlIQ3dxWEZqWnBFaHNKWFp4YjBZdThCaWk2TkhNVktNb2Z2b2ZwelNjVFVzTjNZSEVORmpRWngyVlB6NTE5LS1kSUdXTWRBUFI5Nk0xbTcxcnZLTmxzN2ZPOFdwWHdoLVY1Tnd0UUtaeU0ySGxiMVZtb1pYYkZSSFc3SzRCZU84bTBiTWM?oc=5,Northeast Live,"Thu, 13 Nov 2025 08:00:00 GMT",2026-06-14T20:40:05.141109,phishing,True,False,candidate,https://northeastlivetv.com/around-ne/sikkim/fake-universities-operating-in-sikkim-under-governments-watch/
fake website Sikkim,Two Sikkim Residents Arrested in Guwahati for Possession of Fake Currency Notes - voiceofsikkim.com,https://news.google.com/rss/articles/CBMirwFBVV95cUxPbnczVlRQNFp4U1VkY2FPOHRkWmhOVFB5RU5SbFdsV3hBbF9TdGxwOGNJcGVYMmplNGc5VXdPcUd5Nmp3OUNDX0hZRzVwWVJKSUhuZ014d19UUFluMTJiYk9PVmZEQ3JsYWV5VWVRZGZyZW1kS0FWbXEtXzhGSEVITm1RYmJOaW5GTVVqMnRLYVJUdWZsb0tENGFnVENyc1RsRkJvYmNqNTVfaDdDcWFr?oc=5,voiceofsikkim.com,"Mon, 21 Oct 2024 07:00:00 GMT",2026-06-14T20:40:05.141139,phishing,True,False,candidate,https://www.voiceofsikkim.com/two-sikkim-residents-arrested-in-guwahati-for-possession-of-fake-currency-notes/
fake website Sikkim,"Sikkim Passport Scam : Two Arrested , CBI Raids 50 Locations In West Bengal and Sikkim - voiceofsikkim.com",https://news.google.com/rss/articles/CBMiswFBVV95cUxQOHl6RFlOUjZUbFVTckpxeWNnTThtLTdZWHFreTFwLVRaeU50UTJkS2hBYjVqQmpLb0ZLRmwtcDdTUUtKZFVJTmF5dUFrYmNaUndkSlowMFVfM0pTOExiMHVvRkswZEg2bkItRzhGdFhMR213TXFxdW5Jdmhla0xiNXkwUElhYWhyMXZpOHVPSmNwaUlwMmtkNGdteEoySGtQRWttZ0QxRERpTDN6bEJuRlYzbw?oc=5,voiceofsikkim.com,"Sun, 15 Oct 2023 07:00:00 GMT",2026-06-14T20:40:05.141151,phishing,True,False,candidate,https://www.voiceofsikkim.com/sikkim-passport-scam-two-arrested-cbi-raids-50-locations-in-west-bengal-and-sikkim/
fake website Sikkim,SDF Party’s Social Media Embroiled in ‘Fake News’ Controversy Amidst MCC - voiceofsikkim.com,https://news.google.com/rss/articles/CBMiogFBVV95cUxNYU9EVGFNaVZJV3hSTG5wbWdTWE1xelBhOHhzRlNjc0tQRDJudFhrcm1SXzQ5V1EyRk9GMkpkZ0dGV2dzRzcwRkhhbVJ1VTRsNXVQSzluUUlBNXpHN0dadm5rUjdDQkxpbnNEU2RJcnJUVkkzOGh0aGJXNzNXcnI5WEpyRjdvWGlmS096aC00d0RmUFZOOUVlX3M0cHJmdF9JT1E?oc=5,voiceofsikkim.com,"Thu, 21 Mar 2024 07:00:00 GMT",2026-06-14T20:40:05.141157,phishing,True,False,candidate,https://www.voiceofsikkim.com/sdf-partys-social-media-embroiled-in-fake-news-controversy-amidst-mcc/
fake website Sikkim,Sikkim LPG Crisis: Police Take Action Against Hoarding - voiceofsikkim.com,https://news.google.com/rss/articles/CBMitwFBVV95cUxNT3pBejl2cjZxbGVBblJFQV9HMzFLOE5mUUN4SElxeDhkUDlPZ1V1WG5udGdXTklVQUxKOWxFcWxXSTY0NkNCM3o0TlpOR0RNZlItVWtkUWlvakVELVBxWl95TXJsUW5tUmczbG95eTJGZkFjUGVvczNPY3RITkNwODdZOWsyOVZXYUVMTV9ZQ1M3bXYwVG9uZkE3Q1dPdUNNdHpoRExYM0JNZU80VFdEV2xFY0Z3ODA?oc=5,voiceofsikkim.com,"Sat, 14 Mar 2026 07:00:00 GMT",2026-06-14T20:40:05.141169,phishing,True,False,candidate,https://www.voiceofsikkim.com/sikkim-police-crack-down-on-lpg-hoarding-and-overcharging-dgp-orders-immediate-action/
fake website Sikkim,Fake Bureaucrat Busted: Noida Woman Arrested for Spoofing Cops in Bold Impersonation Scheme - voiceofsikkim.com,https://news.google.com/rss/articles/CBMivgFBVV95cUxQWUN5VFRkaHVwUXJ0dWpocWRpTXdFb3VTQW9Yb2hoM29udGJjVUotMVFUYnBQajNhSE1IMGJadXJ1aHE5REFJaXJGVnBxMEJPQ1BCemVXUVFsYmZBQUtkNjVjSC1hanVCN2w0QklUdlItVmxxU0tEcHhyVUQ0X3owMTNHTmZUNmNtTEY5bDJXbmt0NjA0QTB4TFVhb1BRU3JvczBIamxDUlpFU0tCNkdzVVBWZ0NvN2xLT0xya0Rn?oc=5,voiceofsikkim.com,"Sat, 05 Oct 2024 07:00:00 GMT",2026-06-14T20:40:05.141175,phishing,True,False,candidate,https://www.voiceofsikkim.com/fake-bureaucrat-busted-noida-woman-arrested-for-spoofing-cops-in-bold-impersonation-scheme/
vishing Sikkim,Union Minister Shri Rajiv Ranjan Singh Launches Organic Fisheries Cluster in Sikkim Under PMMSY - PIB,https://news.google.com/rss/articles/CBMiaEFVX3lxTE9FSk5tbjVGcHo5X3JoMGtrTmEzd0ZaOTlyUXp4YURacGxNbWlhZlJ2cUdHT21UMS1VdWdqQlNFX1dabDFXeU9zcWc0ZENJWjVkMVhNbVFtcmgwYlpreHUxX0lWNmRfVktS?oc=5,PIB,"Mon, 06 Jan 2025 08:00:00 GMT",2026-06-14T20:40:13.735908,vishing,True,False,candidate,https://www.pib.gov.in/PressReleasePage.aspx?PRID=2090514&reg=48&lang=2
phone call scam Sikkim,"Sikkim CM warns against personal attacks, calls for responsible political discourse - India Today NE",https://news.google.com/rss/articles/CBMi2gFBVV95cUxNNlBoUGNaQ3N1c3kyMDR1TnliMkQwR0hnVjZkMGFPZUlMdEZIUHpWUk1iUFg0SzJYWTRiYkxBM3Mxcm9QVkJMTTA4cWRQejZlQXA0dTE1eC1ObjMxbHZpcG1HVlg0TGQ0dnV4elNjSW1VQ1BaLUpMTDA4YjRkUl9YdFN0N2d1WXl3Y3pyNVQxSUpDTlVmWElXM1VOMnBaaWRjM0s1N3pXMkZLeGdmLUxMRDk0RXZQYmFZd3lFU3p6UENtZUxOT25RSHE4V2ZTWXNOLU1vQXAxYk10d9IB3wFBVV95cUxQbl9hOFhCT2VXTzd3UHh6bkQ1eUpITHpWelBqZjJXbE00T3lVOGtfVDVMZXRkVDU1TzRXYllublc4NzZnZnN4ZUZzMnk3ZGk4OEhEV0s0c0M4cmJoZFc0VFduQnZUU1RWU0JvUmxGSFpKUnNDSFZyRWt2eklzRktsckoxdmFRd0pUUXFjYTVwNy16bENMc1dsWWFOWllsOXVUb2lFazl0YkVHZFNndzF1V3FYUzY5bUZIQ0pfckh4aGhjdlM0QUY1YWV6dVBDay15a1JhSWhvNWgzRU1kWDlN?oc=5,India Today NE,"Sat, 27 Dec 2025 08:00:00 GMT",2026-06-14T20:40:16.705968,vishing,True,False,candidate,https://www.indiatodayne.in/sikkim/story/sikkim-cm-warns-against-personal-attacks-calls-for-responsible-political-discourse-1323151-2025-12-27
phone call scam Sikkim,Elon Musk Disrupts Telecom with SIM-Free Satellite Call Network - voiceofsikkim.com,https://news.google.com/rss/articles/CBMimgFBVV95cUxOdUJZUkV6MXdNTTdRQ2RaQUdNOXlMbnpBeWdmN2oxOTFzTUo3cUZRSTBtVmZwb2gxd2VEZ2gtYmptWEtyMmF0ZmV2UVlTZ3VheGNENlo0enpGTzRPY2JBbURGcnV0Yk9UTjZzOWJEWGVXREZ4dkttdDUzTXpTdzRDbFk5MXo5WDBmNUZSaW9JRWdCOXh6RHVLck13?oc=5,voiceofsikkim.com,"Fri, 25 Oct 2024 07:00:00 GMT",2026-06-14T20:40:16.706028,vishing,True,False,candidate,https://www.voiceofsikkim.com/elon-musk-disrupts-telecom-with-sim-free-satellite-call-network/
fraud phone call Sikkim,President Murmu Calls for Citizen-Friendly Policing in Sikkim - Borok Times,https://news.google.com/rss/articles/CBMijgFBVV95cUxQcFQ4RmdRbmZmSEZieFgxUXZWbksyd3AyY1NYd1o3aDVXem9wanllLVlXaTRVcXZGdUxGaDV1c2I1OGpWaXNkZm8yVnQ1NHFnWUZDQ1Vhb2Y5b1FPVlJpVnJiSUNOTnpteXI3d29WWUY0RklfOHpRRlBCNTV6UVotZDJsS05SS2J5anYzTWR30gGWAUFVX3lxTE5Jd0xNbHNEREwxYjZXOU9Hak1USEN4VGdBUldYUkk2RGpqMFB2bkxpV2hmREhmQWo5SEtNMTNjRlJIZFRyc1o0RVJIdGdPVmQyT0lsRGJNeEpDbEZuamZocUtJVnJDSXdiMjEzR21sZjRxVkxDRnZJUHAyeGxuLXdDU3FHS3dRX09DMDRkb0hCSktLblRYZw?oc=5,Borok Times,"Thu, 28 May 2026 07:00:00 GMT",2026-06-14T20:40:20.463598,vishing,True,False,candidate,https://boroktimes.com/president-murmu-calls-for-citizen-friendly-policing-in-sikkim/
fraud phone call Sikkim,Scammer Exploits AI Face-Swapping to Defraud Man of Over Rs 5 Crore - voiceofsikkim.com,https://news.google.com/rss/articles/CBMinwFBVV95cUxOTi1lSzlwNC1HdWEyMURGNng3VGRtUzB6VmhtejFLMDZjUXJQSGxOdDJVSmZSbF9wRWdDc1dLT1hHUDZkdjFxb25fa0Ezai1PVUNFSHk4M0RvQzY0ZC1jRF9xRlpDckhQX2twMGZVOFRFcy1uekNrTXZDMTZGU1pIUHRrRGJmMV9KT3JvaUdveXNvV01BU3Nqc19aTkg0WlE?oc=5,voiceofsikkim.com,"Wed, 24 May 2023 07:00:00 GMT",2026-06-14T20:40:20.463835,vishing,True,False,candidate,https://www.voiceofsikkim.com/scammer-exploits-ai-face-swapping-to-defraud-man-of-over-rs-5-crore/
impersonation call Sikkim,"Anand Mahindra Calls Sikkim An ""Underrated Paradise"": All You Need To Know - NDTV",https://news.google.com/rss/articles/CBMiqwFBVV95cUxQcnlHWi1UVFJkeWJXVUJRZW5xczBFTThGVnZCUWYwcGI4RkpLcGR5N1NJV0V5U215a2NJWVlBemRZSnlfYktJRlYwSUl2U2x2RDhiTS1POVNQbFhRd0NyeUo1elhBbjFjYmhuYk00anFjVkxHQ2M3ZnhDNFNLVTA0LW5rRmc1SXAtRUMxdFRWWDU0bThqdEdwelBWOG1ncW5jbVR2bURmajlJaTjSAbMBQVVfeXFMTWZ4aXd0Qm5BeENLTlQyZ3ZsUnZzeWFlYUgwTlM0QTRjR1o1MUtOX2tBNFlqYXpGV29QcG5FTTFjRTRUOHNpdkNkNG9faEFKMUtLQWROT3VqcmJTMnl6RHdNTXMtVFF5X2dIX2FMNmV3aC0tQnlXMXBZR0J3Q0NQd2JVQ3EyOVd5cHg1UEhLVEJKOGM3dGFLa2Rua01qd0FxS1N6U2I4amdmVFpxSVlpQ1lWT00?oc=5,NDTV,"Wed, 05 Nov 2025 08:00:00 GMT",2026-06-14T20:40:21.931181,vishing,True,False,candidate,https://www.ndtv.com/travel/anand-mahindra-calls-sikkim-an-underrated-paradise-all-you-need-to-know-9578856
fake police call Sikkim,Bengal Police team shot GJM worker: Sikkim Police FIR - The Indian Express,https://news.google.com/rss/articles/CBMiowFBVV95cUxOYlZuZjJsQ0ZicDdNR1RrU2Z3Wlp0Rks4RGpkNFhxNmVwdTBLRXMxRGY3VG80U05BQkUzQUpMUFdPZ1dxQ2dzbW1nN1VldmdUWkN1UzNHb2VpZmN3SDEwWFEwV19oWjlraVcxVlBMNU1wcE04alJJaVFPcnpTTkVrODdZeWlUS2U0b0x3NmViU3pTcHZGTFIzV0dDaTdRbTk3aHVB0gGqAUFVX3lxTFA0bTBhVXoxYTFfdDFmUmpVU0N0YmNzVkZEZHJHTUl4N1FSTGtQTFNRV010alJXYllSdVVQTGFzbDdFaW52S3hIQkVqcWtJcmZfUGJxRkoydjY5X1NFY2V6bkdDTWM3R3lSZVQ0LWVXRHNoYlYwV2JKOWhYd2JrOTBzbHM4MWtCc1dDVTJGNFoxakZvMF8tSHc4cXY4NXVPY0hhaDFERGJBRHhB?oc=5,The Indian Express,"Mon, 04 Sep 2017 07:00:00 GMT",2026-06-14T20:40:25.589021,vishing,True,False,candidate,https://indianexpress.com/article/india/bengal-police-team-shot-gjm-worker-sikkim-police-fir-4827402/
impersonation Sikkim,Sikkim authorities warn against fake FB profile impersonating CM Tamang - India Today NE,https://news.google.com/rss/articles/CBMiygFBVV95cUxQa2hFNG9zNmxEYVFNWXJRamUyR1NpM0NYUW14NDJqdHJhYS1OSWpfNC1zTDBlOHZ0d2FxdXZQb0ozSEhzS2czazVKaTRFN1FSNUI4XzJSTFFSdzhOeEszUTlYb05iUkgyZS1MdFFocjAxaW15ekx4RzdSdWpIaDNydnE2T0ZVWVVseVJVRXJPdWZWMzNJREZlMndwcUw2T2Q5ZUg4OVhURlVsSFBQZWVFUUMtaFNvdEloMk9xOFQ1RVpLUmVJNTdsTnBR0gHPAUFVX3lxTE1wV05zVjJyUzVrMmY4WFAyZ0Ywd3BqN3pEMy1yaXBRbW5oMkFNeE5YTGgwOGk0ZFB2d0YtZVkzRlRHNFF6bXhHeWZhNF9Hb05Xc2dqR0duejBLWUZQMnpqWlA1OGwtQzZnWlBFTUo3VkM3aUMxUUR6V1FkUjQyRkRhNjJCc0tESmdRT3V0ajN3NFBscXJsSHdHWHdHRW01dWNkTXJ5Z3NEZGhJSWxmU2Ezd3hZOTlFYndOMGtMWTMtYXRxT3hHMTY3Qlo3M2J4aw?oc=5,India Today NE,"Sun, 09 Mar 2025 08:00:00 GMT",2026-06-14T20:40:31.014027,impersonation_identity_theft,True,False,candidate,https://www.indiatodayne.in/assam/story/sikkim-authorities-warn-against-fake-fb-profile-impersonating-cm-tamang-1181381-2025-03-09
impersonation Sikkim,Sikkim International University Bill passed in state assembly - India Today NE,https://news.google.com/rss/articles/CBMiuAFBVV95cUxNNWVXY3ZYaFBwaWZFTEt5eXJDZk1qN29PenIxTDZSNnFKRWZCc0sxNnYwVnFLcGtZRzQtZENWSEJTNmtUckxOV29ETEdLWldHMGNZd0dZR0hZWmhGN3JZRGpyMy1YR1ZESUdleUNrOXdRSTkzMjJnUTJEZTNWQ1d0N0VpNnMtN2dQOHBhNGhyMm8yQnRIeExkeVkyU2JyWS00b0h0d21oUFdWRFZYbEVKNzlhcEk4OWlV0gG-AUFVX3lxTFBES05YZUp3OE9uTVozVWd4Tk5DX21mNnZxdlVIN2V0cXlPQTIzS3UwdDI4b1pjUW9JWjJuMFlpeU1xNE52SzlPdV9qYm1KWnhjc2w3VVgydDk3dzIzODRmcE1FbE9NYkJKTF8zU05EOHQtMVoyc29RRHJTcHAtb3lHYUNIS0ZiT2JxQ2hyamhCLV9vX2l2ZWFudTB4X2lwN01sZ0Q0UmRjYXNzbjVFRUJ1c3hEQ1NYUEFpNFJGOEE?oc=5,India Today NE,"Wed, 16 Jun 2021 07:00:00 GMT",2026-06-14T20:40:31.014052,impersonation_identity_theft,True,False,candidate,https://www.indiatodayne.in/sikkim/story/sikkim-international-university-bill-passed-state-assembly-414501-2021-06-16
impersonation Sikkim,"Notorious ‘Shutter Katwa’ gang hits Gangtok mobile shop, Sikkim Police reaches Bihar to nab one accused - Sikkim Express",https://news.google.com/rss/articles/CBMi2wFBVV95cUxOUncwQ3g1Zk1INTN3XzlTNFh2bWFPUjdFUllfcFI5Y1oyb0thTzM0SExSYTF4cFRtaGo2dF9md1g0SE15LUplSThRd2hsR21LMGxnVlEyamtDS1RIQU9HQUowWm8xM2FqU0lGeDUxQ2pkMzJUTmNQV05TS1U1LXBRSWp0dmVjSnlCSEU3S1gxdHNGX21oTFdRc3pMVi1iVmZrWFdRbThTaWNpOWFXUTF2RHIyMkIzUHZiWU5ZSktvN2U4QnZBZ2h1R2NrWVNaeWoteWlhVHJ1ZDRUZnM?oc=5,Sikkim Express,"Wed, 13 Jul 2022 07:00:00 GMT",2026-06-14T20:40:31.014114,impersonation_identity_theft,True,False,candidate,https://www.sikkimexpress.com/news-details/notorious-shutter-katwa-gang-hits-gangtok-mobile-shop-sikkim-police-reaches-bihar-to-nab-one-accused
impersonation Sikkim,Huge Quantity Of Contraband Substances Seized By Rangpo Police In Goods Truck - voiceofsikkim.com,https://news.google.com/rss/articles/CBMirAFBVV95cUxNamxUTElZVmtSMlEyMXU5d051UTBTNk9XS2lNQms2U1k5YklPUzZIcG1Qc0FRU3pCdnRaWGdScHNQVDZkVXctNVNHd0JBREFVQ3hiLTA0b1hMRGNZVEM3QlVPQ1pPcTVhYm8xMF9fV29STzVBbnBZdjFPQXQ0Y1Eyb2tlNGF5Nnh5djRhTTZuYjJJS0kxeXE5R3JhWWczb2VRWU5MLWd3TzNjcDRs?oc=5,voiceofsikkim.com,"Sat, 29 Apr 2023 07:00:00 GMT",2026-06-14T20:40:31.014166,impersonation_identity_theft,True,False,candidate,https://www.voiceofsikkim.com/huge-quantity-of-contraband-substances-seized-by-rangpo-police-in-goods-truck/
identity theft Sikkim,"50th Statehood Day celebration reflects spirit of shared identity, collective pride: Sikkim CM - The Hindu",https://news.google.com/rss/articles/CBMi7wFBVV95cUxQRjZMY1BfcC15UlFIQXJhSnBNX1VMbF9zb2U0QjNMdEFTdk5HNFlYRHF1QTVDOXZXRUExVW12NGNwb0VOUFUxRk8yeG5nRXVZOF9MYTJYQnkwRlBjck9odzFMd3ZBQlEybmgxdk9TREkxc0Znd2V4QXlnRHh6OXZMaWYxdUprQjZCZG9LN2w1NGdmc2ozb0ROb1dDa1AxTkFtdVNhSm1aRklaT1JUWlljQVp5ZzZFT0ZobUU0OGx5YUdvelBtZXZsQWpTUW5oc2lyaEhWbi1nd2g1cEM5VFVGX1JGd1dEd3FjRWxNSFRkb9IB9gFBVV95cUxPakx3TV81Yzl6SXMzU2dTU2JWV1hkSDljSThFZTBaaXFCUnBZaHlhS2RkMmsyc3JqVkNCZXRYZ0s4TzgxU1ZJYkREMUgyWTZNbkplVUN2VEdvVGhkZHBDV2JRNTV5S2hIMUdwVWtlZVBMMm1uTXZXbmRPOXQ0Rk5mWFVJR01ITk9fSUR5NXRzQ05PaENPSy1Ob01RR3FhUFRXLW9FUzl2ODVrSlZBd2xlOG1ncjlva0l1czdFU3VvZVpPdEMzV2RyTzVXR3JnZ0hWcnVYVmFtU0ZYYlk5Zi1nbG1XX0pkQUk0SVlmemZtS0ZSd3NLV1E?oc=5,The Hindu,"Sat, 17 May 2025 07:00:00 GMT",2026-06-14T20:40:32.477343,impersonation_identity_theft,True,False,candidate,https://www.thehindu.com/news/national/sikkim/50th-statehood-day-celebration-reflects-spirit-of-shared-identity-collective-pride-sikkim-cm/article69586663.ece
fake identity Sikkim,ECI to begin Special Intensive Revision in April 2026; Sikkim voter list under fresh review - India Today NE,https://news.google.com/rss/articles/CBMi6wFBVV95cUxPT1N4UmhDODQ5VTVTZWpoNlQxNWhGclk1LWVNUFNNcXVaVFhjRWVxOGZtOUdKbmtDWWstN25SU2RlZ1BjeDRGOUw4QVNwVnBrRmgwbmxXSTV4bFRXcTd2SzJFbUpzMEdwaExqcTJEVGNxNm9YcFh4b2V2LWh0NU5abG9yMmhQRTJLdlh6ZVF5TlBNOHh6Yjlhcy1LYnZoQWExbXlRMmxUMG00TVZVbkJPSHNtUERVQ1ZUZnJiSEhpYi1TcUpLbTVaajMxUWZPS3J6c01nYjk5aF9fOE9ITV92TmptNWhKUWhPYk9Z0gHwAUFVX3lxTFBQRWlsbklHSmxqYWdHanh3NTk3ZWFoU0NQRFhKREVSQnRWTDdKS3d1XzVpM0RWR213MmI2N0lObEFHRnhJX2UxajN1c2FCcTFiN1V3c1VjWXVYYWpXUERSa0VwV0NDYVFnRXlyX0FJT1hEaE41VFZUZC13SWp3b29IemlIcjl3RDhfb2VCdjlLS040LXdfSkRRdTVzcjYxdEZ6Z0gzNjZwY1hqVURZZHhoS1BhNE04aC0xaFVIbTZwN09SMmwzbTRmaW1YQUJvN3FwaGRzWUdIN3VOMDc5ejRURmRRZnBrWllmTWduUFhKUA?oc=5,India Today NE,"Fri, 20 Feb 2026 08:00:00 GMT",2026-06-14T20:40:34.374016,impersonation_identity_theft,True,False,candidate,https://www.indiatodayne.in/sikkim/story/eci-to-begin-special-intensive-revision-in-april-2026-sikkim-electoral-rolls-under-fresh-review-1348942-2026-02-20
fake identity Sikkim,CBI arrests two; busts fake passport racket after raids in Bengal & Sikkim - The Indian Express,https://news.google.com/rss/articles/CBMiyAFBVV95cUxNN1lqN3N5UTNCdnhSbEpuaUlpeEJnenplcDVubXZVOWJ3M0dabjc3V2ZVMmpDdnFBRzl0YUdNZFA2WWR2VVBUSXpGNXJsdjctZzBGb1czNHpCRlptaWotOEtfa3F0ajhBc2VWcnhaVHhXMkN2dGhNQ3VUSVFqeEphaUtkQXZFTWZnRnc2bERjaTJHWTRVWjY1VzQ4VWdYNW0wSS1zYlZqdkRLek9lOXpsSS1BQWotU1VsdFVYTHA1UENpc1N6REdsMNIBzwFBVV95cUxQN0NHU0t0UVMtcW1VQTBOQnZqM3F6MExkckpmR2JwcjB6SXlGcUpqalNuRjZSaUtmekVwbzZKWW40bWdJMW9CeWZGM05abDZIVnpZRklUYzB6bUNLQ0xiVnZHbF9Ub2RjQWRDQi1mU3otdTdtTmR0WGpYemhweEg0TXBBTS1PVGFGLWd6V2hxOW9jY3laMl9OZTVRVHl5TDdjUE41NkRoT2YzZ3A4U3JkTlg0UEpQMWV5SWhEaEFPemtrVUhkcnduZDNMVTYtZGc?oc=5,The Indian Express,"Sun, 15 Oct 2023 07:00:00 GMT",2026-06-14T20:40:34.374027,impersonation_identity_theft,True,False,candidate,https://indianexpress.com/article/cities/kolkata/cbi-arrests-two-busts-fake-passport-racket-after-raids-in-bengal-sikkim-8983394/
fake identity Sikkim,SSSF‘ultimatum’ to State to act against fake CoI holders PANKAJDHUNGEL - Sikkim Express,https://news.google.com/rss/articles/CBMisAFBVV95cUxOc1NhUEVHeHRqeVRVMkdLV0lOUmdiTTU0aHRRVzExb3VOb0Z2XzFtb2ZJdm5tM3A3dU9KUjV3c001QTQxcS1xZGhtVnhMTUFpWkU0SXRHV1dNeU9Gd1Jmd29ydmdyWjEzV2hPNUdDc1JlOGRjWW9FYjM5LTFhV0RYTlRoMkxNZURQWUNhX2hxRE5xbDlTRG83QWJkUzJ0T3cwT1lSTWlKeE1kS3pjbW5vcQ?oc=5,Sikkim Express,"Sun, 23 Feb 2020 08:00:00 GMT",2026-06-14T20:40:34.374037,impersonation_identity_theft,True,False,candidate,https://www.sikkimexpress.com/news-details/sssfultimatum-to-state-to-act-against-fake-coi-holders-pankajdhungel
fake identity Sikkim,Gangtok to Pakyong: Sikkim charts ‘Har Ghar Tiranga’ bike rally - EastMojo,https://news.google.com/rss/articles/CBMiogFBVV95cUxNd2RfbFVTZDZhT24zM2l1aldsNVdXWjZleU50Q29pTkhzeE9UcklHSnVyd1J2dC1iVlo5Z0lSSkRhVjRvZkxMYTJ0TGRlcTZqcXJ5Y3dTSFV2MFp3dTJJa3Z0RXhMMDd2d0VwNnhTeUhZblNEMGNrQV81dVVnTjgxRkRfQ3dlejkxbmFMX0ZOMWplVnNua1pfSmQwZ01QWlZtdUE?oc=5,EastMojo,"Fri, 05 Aug 2022 07:00:00 GMT",2026-06-14T20:40:34.374114,impersonation_identity_theft,True,False,candidate,https://eastmojo.com/sikkim/2022/08/05/gangtok-to-pakyong-sikkim-charts-har-ghar-tiranga-bike-rally/
fake identity Sikkim,Sikkim: Fake Facebook account of CM PS Tamang triggers police response - India Today NE,https://news.google.com/rss/articles/CBMixwFBVV95cUxPTldUczFveWlVc2VFRWVCYlhHSjdwZVF2bEg0NmxON0pKcWktV0k5djFfMG9IQW1hcGtmVFBwYXdueTlSaXExbmRFd1JqVXFBNVFYc1lzczF3ckpJS1Z6dVVWbUFUMDR2VHpWUWFJdlA5NldEbnhsTGc1b1JwbmJlS05XQmtGVXJSMU5ud1NlV3Q4S0xQbXR5Y3Q3ZXpJRUNrcFh5NE9IMUJodFFsckYzYkpFaVhvQ0R5SkZsYU96WVZxRWtfTnlR0gHMAUFVX3lxTE5mWkRBVnlGUktiQXBGcDdEZjRpZzExY3V5cE5obVdMeWlQRlh0dmJ6TEhLX3RWWWdiLW9GVFUxV2FMOVZsbmFtb0FtUzVxa0owV2dRcW9ZTmN2amR0dHRXWnpDQ0JzakVTRUZCWjhFei02WUdYUVpzSXRtM0xGQVMwTDVRcUhPUFhxaWx0bFhvSjVaNnIxQUVLMjNlcHZIQzJ4MDFwUGdVcURCYU80Qkx4bGhtWVBmT3lSbHFreUJVTy1nTWl5SUk3M3BRVA?oc=5,India Today NE,"Fri, 05 Jan 2024 08:00:00 GMT",2026-06-14T20:40:34.374145,impersonation_identity_theft,True,False,candidate,https://www.indiatodayne.in/sikkim/story/sikkim-fake-facebook-account-of-cm-ps-tamang-triggers-police-response-741057-2024-01-05
fake identity Sikkim,Sikkim Krantikari Morcha party debunks fake candidate list shared on social media - India Today NE,https://news.google.com/rss/articles/CBMi1wFBVV95cUxOWkQtOWhSc1Vsd1ZsY0Ytd1piQTlxc1BHREZXZWd2N3h4NHowclNOOHhkSkJodHJhQnNyUEVDNlF3ZzQwZ3ZfQ1RZYlJwUDR2Y0tvZnF2elVHUFFlMG4ydi0xOHlTU05zc2dtaDdIcVFqM2lQamQyYWFqb2xKR2JocG91R0xNelg4Qm1laG80QzAzRTF6cE02aUk0NTAxVmlnNDlnNk1BU2pudkE0MHNwUjdNbmxXcjZKVzREMjNSbnNab0hTWlNhU21BekZrTjViVkFtdkljONIB3AFBVV95cUxNOGtubmRYNE9vS1pvYkVGOElwNVNkbDdGWXJLUERqbTN4Y0laT1BBdVI2QlljWTEyS2Z0V2dpendvTTZXalYwOTZiaXR3NmctQVlDTHR4SURWMW8wWDNaVUtYb19OQWwyUGUydkJNckZIWEE0ZVpqSUJCYWNGZEY0TC1UNUFULVJOVWMzcXRubm1MQXRhc0dQa2J3R2s2WXRTNi0weDVHRXh3a3hia2RlamhKeUZUdUJOT1RURG9xU1RFb3h4WXZPeTV1VVpFTGg3a1lUeV9OODBzT0dG?oc=5,India Today NE,"Thu, 14 Mar 2024 07:00:00 GMT",2026-06-14T20:40:34.374207,impersonation_identity_theft,True,False,candidate,https://www.indiatodayne.in/sikkim/story/sikkim-krantikari-morcha-party-debunks-fake-candidate-list-shared-on-social-media-931220-2024-03-14
fake identity Sikkim,Sikkim: Alembic Pharma shuts down ops after stand-off with workers - EastMojo,https://news.google.com/rss/articles/CBMiqAFBVV95cUxNYmh3dUdKb1Q5aE5BemJxX19ZMUp6UXUwTmVHUmVlaGdQRnFyR2lpblhyVFY5WGJlZU9CSm1wc01IMGNyajVNOG0ySWxKX1dCeDVqY3BkNWo2ZndvNURaTURZMVZZVGloeXZCR1A1amlMTFV0Z0dFTWxrYTdoXzZpODdzaWxxbE5aYUFJc3dqaU9mYzV1SVRXM25oNmdacFVMMHJ6REQxWmc?oc=5,EastMojo,"Thu, 07 Mar 2019 08:00:00 GMT",2026-06-14T20:40:34.374246,impersonation_identity_theft,True,False,candidate,https://eastmojo.com/sikkim/2019/03/07/sikkim-alembic-pharma-shuts-down-ops-after-stand-off-with-workers/
fake identity Sikkim,"Sikkim: Nepalese Man Arrested with Fake Documents, Enters Restricted Rumtek Without ILP - Northeast Live",https://news.google.com/rss/articles/CBMivwFBVV95cUxQU2RiVUdXeG5XSlBiSFZkM3N0aTE4V2pIcEdXV2o4UG5BSGlKZEkxOEhyRXFJeTg0bVE2Tlp0a05fTE5Gc2tZNzhiQzZXeWQyY2pFbGM5Vkhwb0NrV2xHbG52YTl1dkYzbE13TVNlNnd1WTc1Z29zWDVMRTZ1VmFPQ0hlaFE4bUF6WWwyc1FCMVBFbnFzS094ZEl1czF6alF0TktXczZzSnpDakUzNDJPZmw3dHlVbjdlYjB5T3dSOA?oc=5,Northeast Live,"Sun, 14 Sep 2025 07:00:00 GMT",2026-06-14T20:40:34.374276,impersonation_identity_theft,True,False,candidate,https://northeastlivetv.com/topnews/sikkim-nepalese-man-arrested-with-fake-documents-enters-restricted-rumtek-without-ilp/
fake identity Sikkim,Sikkim Super Gold weekly lottery: Check results here - EastMojo,https://news.google.com/rss/articles/CBMilgFBVV95cUxQR2F0Q0tuQWFkR1NXMUtYVVpZVF9PMVZnV0IzQm1yLUs2RXlUeGlBX2VNZkJpbEUxRnlzYTJLNkhRaHVvejRlZDlxTWpIQnM0RFp3WElXT1ZXSGpGYjdlWFRSX3NCYnJUNkQyZEZYVU9NbndsWHUwczBRZWFCYzBLdlpoaElTQWJ0SG1RMmdLMHNTb2RWdlE?oc=5,EastMojo,"Tue, 02 Jul 2019 07:00:00 GMT",2026-06-14T20:40:34.374311,impersonation_identity_theft,True,False,candidate,https://eastmojo.com/others/2019/07/02/sikkim-super-gold-weekly-lottery-check-results-here/
identity fraud Sikkim,Majority of Sikkim students among those affected by alleged Siliguri nursing college fraud - Sikkim Express,https://news.google.com/rss/articles/CBMiyAFBVV95cUxQWjFlQmw4ckdlcU91WG84MXR4b295T0RaLS1hbGNtcFZhSzNMNV9XM0FmU1pENml3aVpZbWdzRzFpeW1XdE9PWF9BVVBLdWh6Zlp0MndLcmFwSVI0SktkWDdsSVFERzZJMjRJS20tQmsyTkY5SE56YkdOenQ3dXp6ZTdzYTRHWGdoXzMxZ3BZakNFSWJRc0ZodVdzeV94WmxYVTVyOVpnUHdoWXUwM1hMaC1RZkNINGJMaHE2V1VpWHJSQjAyaXJTeg?oc=5,Sikkim Express,"Mon, 09 Feb 2026 08:00:00 GMT",2026-06-14T20:40:35.947235,impersonation_identity_theft,True,False,candidate,https://sikkimexpress.com/news-details/majority-of-sikkim-students-among-those-affected-by-alleged-siliguri-nursing-college-fraud
fake profile Sikkim,"CBC and PIB Organize Awareness Programme at Sumin Lingchey Secondary School, Pakyong, Focused on Ek Ped Maa Ke Naam & Nasha Mukt Bharat - PIB",https://news.google.com/rss/articles/CBMiaEFVX3lxTFBfMUZyWlh0OEdySjhxcTZEVXk5MHAySUN2QVZuSldscnprVGh0SzdFWXVqVDNXMTktNU5CNHdFVjZLYXFLVHoxZlRDNmZZZ0lDTktmMFFNMGFSQ3F1Zi1mM29WNDliaGEt?oc=5,PIB,"Fri, 29 May 2026 07:00:00 GMT",2026-06-14T20:40:39.265577,impersonation_identity_theft,True,False,candidate,https://www.pib.gov.in/PressReleasePage.aspx?PRID=2266712&reg=48&lang=2
fake profile Sikkim,GAON KO DAJU - Sikkim Express,https://news.google.com/rss/articles/CBMiZkFVX3lxTE1tRmFzSWMtS2tsVnFVSVEyZFJPcElBMnpELVhqUW81eklCclN2OHFjX3FtY3hObktxZU83aDR1eWdRRm1FZnlRcEtvVEczeDJmX1ZWSXF5NVVKOGdKUDlJVkcyUVpSUQ?oc=5,Sikkim Express,"Sat, 19 Nov 2022 08:00:00 GMT",2026-06-14T20:40:39.267000,impersonation_identity_theft,True,False,candidate,https://www.sikkimexpress.com/news-details/gaon-ko-daju
fake account Sikkim,Real or fake? Bengal Tiger cub spotted 8 kms from Gangtok - EastMojo,https://news.google.com/rss/articles/CBMinAFBVV95cUxPRlBDODY3bnZFOERnYmpFMm93QTkyLW5XbFRucVktRnRpdnJIR1ZxbFk1ZnVCMXVmMGY1OUpWOWhTQWYxMS1sTEgzYjNWODVmV2tmT2lpRjFaS1dXZkFPSTdmVzFRT25JZ1lDaHlERUJkZlRPT2ZHVzZtZW9lMDgyNDdRNkFuc3NqZ1F6VWJQWmJITUVQa0xaVGJjMmU?oc=5,EastMojo,"Fri, 05 Dec 2025 08:00:00 GMT",2026-06-14T20:40:41.361907,impersonation_identity_theft,True,False,candidate,https://eastmojo.com/sikkim/2025/12/05/real-or-fake-bengal-tiger-cub-spotted-8-kms-from-gangtok/
fake account Sikkim,‘Shape of Momo’ by Sikkim filmmaker bags two awards at Busan Film Festival - The Assam Tribune,https://news.google.com/rss/articles/CBMiuwFBVV95cUxPbGlUa2VFeWlSekhSb2tCelluZGdfaENJRTh3cVhRa183OHI3ckZUUXZnSVluSE5MS1F2ZkFpdmlaRUR1RFhTUDZxZmFhTGVSc1IwZEdRYUxINVQwRi1PWGJYcnVMWmxXYzVCN25WSTNiV0FlR092cDFVZXQtaGhHZG9nc0hMM1VpVzVaSUpHQ3U3eUVxa2tHMFpjREZkY2l4b3VvcDlYQTNDY2JycUMxUjJyc0tCQVBUMThV0gHAAUFVX3lxTE42QlVmSllzZkttWUtfU252Q3RtWHZoYlJvaHNGQmU1VU9RVUZ6TWRoekVoRUQyQU55MjNEaFRlSEtDYlpEVHhBOEdzejNReEVvNzNIOE41TWZDRUFUWEZKY1AtSm5xVU11NGhXRUhNVldqNXZQRTV3UDZnd3RJSy1CRG5CbG9yUl9XR3pYTHRmTDJYLTJPZE9ibk5Jd3d4R0dCdG5hZWJYQmNLV3Y2ZDZtSm40Q2xGNGIzTUQ1TGVpcA?oc=5,The Assam Tribune,"Sun, 05 Oct 2025 07:00:00 GMT",2026-06-14T20:40:41.361939,impersonation_identity_theft,True,False,candidate,https://assamtribune.com/entertainment/shape-of-momo-by-sikkim-filmmaker-bags-two-awards-at-busan-film-festival-1593550
fake account Sikkim,"CBI searches over 50 locations in Bengal, Sikkim in fake passport racket - Awaz The Voice",https://news.google.com/rss/articles/CBMiugFBVV95cUxOdTh3eVNFVFZudU8zV3RWdVVEWkhqTk5YOFpVNVB5eGc4emJJU0hhUWlXZ0VXRGJCeTgxVnZoTmdSRFM4bnNDTmc3blRJeE94cGIxYUhfN3A5akxUQjJ2ZzBCdmRfdzhZUy1BRXBabDN3dWVHWUlwbFpEWFZuaE9NMTBqaUZjQkE3cjVSQUZubkc2U2xHSmJjT1Vlay13X08xcmxiUVJnQW96MHh4bW1Na2tsR3F3Y1FDRXc?oc=5,Awaz The Voice,"Sat, 14 Oct 2023 07:00:00 GMT",2026-06-14T20:40:41.361977,impersonation_identity_theft,True,False,candidate,https://www.awazthevoice.in/india-news/cbi-searches-over-locations-in-bengal-sikkim-in-fake-passport-racket-24606.html
fake account Sikkim,Fake CoI holders are going unpunished: SSS - Sikkim Express,https://news.google.com/rss/articles/CBMijAFBVV95cUxQeWV3d0tKMUFOcnlLVWJBMG4ybWlNenk0UjVPUTNtdExYOUdrX3BNbGd4U0o2eE1GMzFLdVBpaER2cExNMDYwaC1UdVNwQlQtTzlhV0FVUTd1TXAwRjZLdE1wbzZaeDVrNHJack01RkhEbENBQ2pOaHJCTVBKX0RuZ203bERVOGRTbVpBdA?oc=5,Sikkim Express,"Mon, 09 Aug 2021 07:00:00 GMT",2026-06-14T20:40:41.362154,impersonation_identity_theft,True,False,candidate,https://www.sikkimexpress.com/news-details/fake-coi-holders-are-going-unpunished-sss
fake account Sikkim,"""I was sent to jail...conspiracies were hatched"": Sikkim CM recounts political struggles - India Today NE",https://news.google.com/rss/articles/CBMi2gFBVV95cUxPa3kzWV9lbnVCVG5QeXg4QmItb0ZRblNjZHQ1a0RFbm5ucTBnOXNpeFI1WFotMGliQ0RFdGpDNVlGRnZKV2NtZGNGMUN2eW41MjBDSFYwQXBXb19ncVY2eTNkbnVBTGRLNkw1Z0h6NW1HZjA5VndGN0x3b2NGeUZlZldEdWpWY3JseHNQZ3VZVnZOWjV1WjFBQ0theDV6UG1FXy14ZGtTcXJiR01BaG5YRXdIQVdsVnVLZU14Z0xPcGUxOU05MVZQdWZXY0hXWmMxVjlKRUFqNXVOUdIB3wFBVV95cUxPX2xUVzQwZ1F5dEZ6bHBYVFRMYW1CSVEyU0tYSEtpMkpPSWlxU1JmMXNZcHlNd01PQmZNNjdGdnJ2cnRDTi1uNEhnLWxCSWVfQ05vdC03WUxlekxmakZ3Zm4wNXBHWHE4RWN1bHVteEU3U3VnYVFiM0NJLVNCNlRuN216dXdrYWt0MUR3NzBhNXhMWTFGcWVqX3g3Y2dtTFNfX2FHNThIcWdWbk43Qk9HbGpRblI3Q0xjR2xPaFVsdV9GaGJWbDlOWW82TjBEWUVoRXhicWh0czBSdzRjSEJJ?oc=5,India Today NE,"Sun, 10 Aug 2025 07:00:00 GMT",2026-06-14T20:40:41.362213,impersonation_identity_theft,True,False,candidate,https://www.indiatodayne.in/sikkim/story/sikkim-cm-prem-singh-tamang-political-struggle-false-charges-imprisonment-comeback-1258858-2025-08-10
fake account Sikkim,Sikkim: Indian Army soldier dies as raft capsizes in Teesta River - Kashmir Media Service,https://news.google.com/rss/articles/CBMipwFBVV95cUxQTEY3Vm9JMW9aVFYtRDNkOHZpaWtDaHV2S2xiT19DVER0YVk0bDVscTdadHZxNlZUY3FXLTZXdWxZUjdYLWZvaEY5SnpjRnhWTDlCdC1KZ0F2YzRMTzFRTXd1ZHFxcFYwSVFZRHJkVU9iNl9hVGFPOWtWVFJKTWlpV21mZkE5cFAzUFpyazMzZEMxRVdXSE1PTldPMjE5Uk1jSlRYRjlaOA?oc=5,Kashmir Media Service,"Tue, 23 Dec 2025 08:00:00 GMT",2026-06-14T20:40:41.362268,impersonation_identity_theft,True,False,candidate,https://kmsnews.org/kms/2025/12/23/sikkim-indian-army-soldier-dies-as-raft-capsizes-in-teesta-river.html
fake account Sikkim,"Sikkim: Smuggling of fake gold, 3 arrested - NorthEast India24",https://news.google.com/rss/articles/CBMiekFVX3lxTE5QV2NwbkpvdzhyQnZ2V1dkdXJ2OUdJbU8yTHVYM0UtMmtLY2I5T0ZyaU9ZcjBLUnVwYjYxQmhyVDJTYm5nVlJtWXZ3a1lYWkktRmlHZWtORV9xNUd6OFpsMndQT3ZlSFdqekZyc3EtQ1M5dlJ1dWh5by1n?oc=5,NorthEast India24,"Wed, 24 Jan 2018 08:00:00 GMT",2026-06-14T20:40:41.362282,impersonation_identity_theft,True,False,candidate,https://northeastindia24.com/sikkim-smuggling-of-fake-gold-3-arrested/
fake account Sikkim,Sikkim Fooled By Fake AI Tiger: The Viral Story - voiceofsikkim.com,https://news.google.com/rss/articles/CBMipAFBVV95cUxOZ1ZQZ3NUUjhJNUdsNXFOeks4LVRNa0xENnNSNHFjalVwVDN3anpMRHVjVjJucDBnb3U2OE1KaWlIaGJ5Q19wR2lIbmVER1hmWkI3MWNidzIyUlVid0NpdTlmN2lmUXRIYjRESnVpRzkwQWFWOUhCN3YyQTAzYjhMY195eThpaG5yR1EzNy15OTNlREN3ZmlGVVNIWG1ob2R1ci1vaw?oc=5,voiceofsikkim.com,"Sat, 06 Dec 2025 08:00:00 GMT",2026-06-14T20:40:41.362375,impersonation_identity_theft,True,False,candidate,https://www.voiceofsikkim.com/sikkim-fooled-by-a-digital-tiger-again-when-ais-cub-sent-humans-running/
account takeover Sikkim,The Forgotten Annexation: How India Absorbed Sikkim Through Intrigue And Force – OpEd - Eurasia Review,https://news.google.com/rss/articles/CBMivwFBVV95cUxOM0NfR1pxbnpNaTJfSEt6dlhDOW1ZeDdoMUNucHJnVVZRZl9ldExFSXZpaFB1Q09PVEgwUmNwWjdoRTR0OWh2bm5GdmRtNEVMWV9kZlRfTmdteHN6UU4xb3NobDlzTG5LWmhFMjd1WXE1YTU3aVk2MmljNkMwNkk5ejB6dzVTY3BhZTR4OFhHanlnLUs3UTNIdmwzRHFGQWo1VjFlZUdySmw2WG0zM1VKRXlSOS11NHVqM3BOVjBUUQ?oc=5,Eurasia Review,"Mon, 02 Jun 2025 07:00:00 GMT",2026-06-14T20:40:43.191566,impersonation_identity_theft,True,False,candidate,https://www.eurasiareview.com/02062025-the-forgotten-annexation-how-india-absorbed-sikkim-through-intrigue-and-force-oped/?__cf_chl_rt_tk=v0cXRYdVTxFLEAfdU76jlSFT7lqwnaFmgmUdL4TKk5Q-1781452200-1.0.1.1-EN5Ool3bPliLSwVPJi3Ck7IVarHh1WETAjr7v4SjpDk
account takeover Sikkim,Take‐Over of Sikkim by India Is Laid To Protectorate's Move to Loosen Tie (Published 1973) - The New York Times,https://news.google.com/rss/articles/CBMitwFBVV95cUxOczFSWVhtZk52bS1pTHowdk5aRmg4WlZFc1lmWDl4aDNZSENCSTJKbkd6dzdRY0ZSaFV4QXZxRlMxLU04OUZaeC1Bc284a0VlX1RRLXYwVjlzVkFuVFVmRUlKM0Z0SklVcF9oTTduQ1VvYTVObGQ2Zk9iaUN2Y0ppUGRlRE42Z3BzTkJ1X0JUdURFdlVwMHNIRXZEeGVheWRiUmZ6d3lXcV93YW9zNGh1Q3RuYXU2cFE?oc=5,The New York Times,"Sat, 28 Apr 1973 08:00:00 GMT",2026-06-14T20:40:43.191607,impersonation_identity_theft,True,False,candidate,https://www.nytimes.com/1973/04/28/archives/takeover-of-sikkim-by-india-is-laid-to-protectorates-move-to-loosen.html
social media impersonation Sikkim,Sikkim gets its first airport: All you need to know - The Times of India,https://news.google.com/rss/articles/CBMiuAFBVV95cUxPenh4VHJtNlJNbDFyTDFFNml3RURVWlkzNTNXM2lKOU5nMUo3Q082cEJtRHBoTEZsWlhEdHFzcUo1ZzU3YVN0azlydUJUVXpQVnVuaUtWVThpb2lnMjJqNWV0WjVudzBpRUhkcWVWU0lrVzJObUQyYjhtWlBfMHd6b21ObWd2WkJDUjVfbWVyRGNlQmV4NkhBdENPTTVjaEo0UmJQNVNPZWRGc210dDI3UXdxS2E2cW9B0gG-AUFVX3lxTE0yWXlMV1M2c1lyRHlabElGMzk1bkRLMWFhaVAwUFJ0aDhvNHN2dEVzc2FrZ0JUdmt5OVgyNGlqbFNrSkx1MGFna0xXdE9WM3dJeXg1MUV1REwyVUhxdXFuYlFGS0VGTHhZUGlfTzMySThGVnlaV0tGejExemFlTW9RM1VPOHdaU0U4N1lsZ1VGTkVFeWRST2hmb212azJEWVR5VTlZRHdnVmROVVVETUF0ZnVHOGhPYXhmU0ZaR1E?oc=5,The Times of India,"Mon, 24 Sep 2018 07:00:00 GMT",2026-06-14T20:40:44.961477,impersonation_identity_theft,True,False,candidate,https://timesofindia.indiatimes.com/india/sikkim-gets-its-first-airport-all-you-need-to-know/articleshow/65929488.cms
social media impersonation Sikkim,"14-Year-Old Girl from Sikkim Stages Own Kidnap, Police Rescue Her from Siliguri - Northeast Live",https://news.google.com/rss/articles/CBMiwgFBVV95cUxOQUN6c3EyaWh3TE05ZmJFbUE3TDAwbnQ0MkJYTGVzTGRwdUdqcWMwb3hEWHI4QVlpb3BYX2RSZHZ1YW1ha242bkNLcU9WeGtnLWhGbm94ZzM2cEp2aFJKSHZ2eDFDYmtnTjlYNXZHZ3U2Z1lWN2ZMZnVOM1BiYldGMHBFbHNxdU5EbktLTUpLQV96OWFaSC1jY0ZIWUY2dXVzVlVWaHNwcnMyWVg0d080Z2lWelNtaS1pQVNpQnR2UUlHQQ?oc=5,Northeast Live,"Wed, 18 Mar 2026 07:00:00 GMT",2026-06-14T20:40:44.961494,impersonation_identity_theft,True,False,candidate,https://northeastlivetv.com/around-ne/sikkim/14-year-old-girl-from-sikkim-stages-own-kidnap-police-rescue-her-from-siliguri/
social media impersonation Sikkim,Sikkim State Lottery Result Today 6 PM Live: Dear Regal Wednesday Lottery Result of January 28 2026 - LatestLY,https://news.google.com/rss/articles/CBMiswJBVV95cUxNeXhOYS1iUTJCemhFRzRhWDBLZUhLdV9XVGFucGFGNk5rTlVwWk9tZ0lmVUVQa3otZW1Ta2o5bk1aTERpb1ZobnJnRWJnTVBmbDVfa3cxWUNEWFpnVWkxZnVzeFA3X0VlaTRmWWI5ZmpBT1EyTlRFN2cwSDZrTEF3VzhPdXZ3LUgxRVExeGRNTjdFLXE2eXdVZGE3ZmQwM1gwZXlFbjl5NnlUbVZJeFU1NW4zRkVHM3NfLW9pVWRqa1YtZlJhZ0VKRlVjd2dWMmU2bU5XaE90ZFk5VFQ0bWZJWm5mMEpHRjJNWkNDN0JEbXV1bTEyUi1QUlhuOWh6cmhZU3lTeXEwU0dJSFhNZ1VMd0FuaTYxd0pRSThWYmNTYU5SazA3SWNvOXZ6YVgwY2R5U1I40gG4AkFVX3lxTFBmWlJqSzNJVnhwYTdXQ2VCa0t6am5USkt6UVZYcVVueUx4cENSWndRbWd4U21vMTVYN3Y0eUJKaXF6THl0VWx6SE9OdUZBSkNPc25KUnBTWDhPampHLXZUaDhUWml1SkRHdl93OWp0cjd1M3VaaXloT1hiSGlsaW5FYVh0LUgtWjNtNXQ1SVBjOVNHbTZLdXc0YmlzV2duN1pXWEVoVkRFYnVIcEl6SDZVLURpZHBHbDhSd0hFNEhWSHpWSlNjbEUxQkFyR0M2cDF5X0NETUMxTThocjI2cnpnY2JybzdfYzZodDVZR1hFTVpJOU5URnhTWTl0RXR2MUM2b0stM3JrVkpSZjc1RjI4MzhyMk1iSDJaWVBsOTRHM21KUmJoZzJTYm1heW5laHJnS0taUmxoMw?oc=5,LatestLY,"Wed, 28 Jan 2026 08:00:00 GMT",2026-06-14T20:40:44.961502,impersonation_identity_theft,True,False,candidate,https://www.latestly.com/socially/india/information/sikkim-state-lottery-result-today-6-pm-live-dear-regal-wednesday-lottery-result-of-january-28-2026-declared-online-watch-lucky-draw-winners-list-7292956.html
impersonating officer Sikkim,IAS Pari Bishnoi Appointed as New District Collector of Pakyong - voiceofsikkim.com,https://news.google.com/rss/articles/CBMimgFBVV95cUxOand5ZGcwbXd0bThuSmthOE5hUG1GRl9oNXA5WUJTaU5EVDVMdV8xdlA4SC1Gaks4VFBhM0ZJS3ZuYmEtNFByYldpdkNUQUx6V1JZbUFTckpxazlzdFd0dlNxelFYQU5yLTVVejdpVW5RYXFmUDJaSlpfNmFUaXJqQVRVR1lyTGJrd3M3TE15akhEbC1OV0J3YVJR?oc=5,voiceofsikkim.com,"Fri, 01 May 2026 07:00:00 GMT",2026-06-14T20:40:46.709176,impersonation_identity_theft,True,False,candidate,https://www.voiceofsikkim.com/ias-pari-bishnoi-appointed-as-new-district-collector-of-pakyong/
impersonating officer Sikkim,"Bihar Teen Duped in Rs 2 Lakh Scam, Claims to Be IPS Officer - voiceofsikkim.com",https://news.google.com/rss/articles/CBMilAFBVV95cUxQME92bUxubGtOdFNXdld3MFlaaVViSFRxZzNrRUlmdEFZQm5fOEJ4NVhHVEhmbzFPNjQtWHJteEtMc1dxOURWNTNNeFVpVzF2M29XX05kdkktNFdfYWNLTmxsb0tnelppWHF3cnNfZTJyMzJDU1RHWHo2M2xOM2l3R0k5Qk4tN2F3X0h6Nm5Fbmk2WTly?oc=5,voiceofsikkim.com,"Wed, 25 Sep 2024 07:00:00 GMT",2026-06-14T20:40:46.709203,impersonation_identity_theft,True,False,candidate,https://www.voiceofsikkim.com/bihar-teen-duped-in-rs-2-lakh-scam-claims-to-be-ips-officer/
fake cop Sikkim,Guwahati: Two Sikkim Residents Arrested With Fake Currency Worth Rs 1.5 Lakhs - Dailyhunt,https://news.google.com/rss/articles/CBMi9gFBVV95cUxNWkhkaHcwOXVQcE9Ed0RyLW1CeUZaQnp6OWRJbUl2SGdLYnRMNnJIX284MkxEcFJoOTFvek1Oazc1Qzg0cG9xbXA1U0VEa0lxQktqVFdrRTN4ZWJYM0dqTUFqcWtTVjE0MVBwdzFzQjdmME1DSnJRekNLMWxXclhZQmk2SEFNME1Zd3AxYWE1dHZheXRpN3dUTFdqWXoyd2N3cVhnNWZwZHlQNjZ0WTdMd3BDeU5HVW1wRHBrVHVIS3hma0k2VWNxdjVBYjB2N0NWR2xzM0VDYWZIaXB3Q0Z0QjVkcktxYlNCRzB0N21BLWNJYXFCM2c?oc=5,Dailyhunt,"Fri, 07 Mar 2025 00:55:07 GMT",2026-06-14T20:40:48.555713,impersonation_identity_theft,True,False,candidate,https://m.dailyhunt.in/news/india/english/the+sentinel-epaper-senteng/guwahati+two+sikkim+residents+arrested+with+fake+currency+worth+rs+15+lakhs-newsid-n635919772
fake government official Sikkim,FIR Registered Over Circulation of Forged Document on Social Media in Sikkim - Northeast Today,https://news.google.com/rss/articles/CBMiswFBVV95cUxPQV9UV2xpa19lRGhBa1I1U3hVcWNyd1FHWGNwWkV0Q1h6dFhYaUF2SUhDTlhMWmdPWWNfMlkxa3FYZ2FYT24yNldMYjdkWU52aXpXWDZEMUp1clVPcVRqaHRweVZvbGN1OFA2Q2RCTzNDT0tKTWUwb1BCZW0yQk1OaGcxQVBvekpkRVNPcDVFWks0cXE0b043SGd5c2RjYUZxMUVZMWdwdVd3UHBaT1N2Rkxtbw?oc=5,Northeast Today,"Fri, 22 May 2026 07:00:00 GMT",2026-06-14T20:40:50.349655,impersonation_identity_theft,True,False,candidate,https://northeasttoday.in/northeast/fir-registered-over-circulation-of-forged-document-on-social-media-in-sikkim/
fake government official Sikkim,"Forged Home Ministry notification on Darjeeling-Sikkim merger goes viral, parties threaten action - India Today NE",https://news.google.com/rss/articles/CBMi7AFBVV95cUxOMFVSSEotVnE4RzRPR1lrUXF4c2x2TWIxZGJEZ19PdUVMaDJ5VnhZdHpGWXBRSFR1V3QyeUJzVmZEdmxxSXVPLTgyQVY3SG9CdkJjVGFzaWVZd1h0VGJ6NW9xbVBXZVBSTUZIZmdGRktxV2JGNzl6Z0ExbDdCQlltYWRKTmxsT3FuWWVqeWFwVURnZ2FZbnA1NmtRa0VYQWRfMUwwSHl1Y3JpaU9qc3ZsMWZEYXlESi1IX01TRzk3Vmp6aHNDc2pFOGRLRkpWblMyU3lvMXlDNk1NLVpxbnRXZmxYeHZnVjdVdWt2NdIB8gFBVV95cUxQT29XaGY3a1lhVDZiSjRtb3B0QzNUenJHRWVmemJDRHlBbnc1UDlCNG4yMGtqVmZtQWpsOHJkTGtaY2NCdTA5VlgzOGpKaG8yUXg2cWdQaEttaHNpNldubzQ4OG5EVkF3MmhnSzNkNWpJZzZNMmRWd2xZc2thMFdkV1I1MFNJb2Z1cWhQR1RVa1NoU0g5WWwzMzVyb3FlZDRhQllLUW9kY0F0YjJidDR6ZnN4cEV2blU4S1dxZUxTRFVYZDhycVZ6bVJqdDJYNzlKYktyX1g4QlBQTFNPeFJFNHpaSzVuVEs4RXpuVUJfd2R0QQ?oc=5,India Today NE,"Fri, 22 May 2026 07:00:00 GMT",2026-06-14T20:40:50.349668,impersonation_identity_theft,True,False,candidate,https://www.indiatodayne.in/sikkim/story/forged-home-ministry-notification-on-darjeeling-sikkim-merger-goes-viral-parties-threaten-action-1395617-2026-05-22
fake government official Sikkim,India To Open Cho La For 'Battlefield Tourism': Top Sikkim Official - NDTV,https://news.google.com/rss/articles/CBMipwFBVV95cUxQaTNuckV4V2ZjNDZ0eDI2UTZQUk1MYmQ4M3c3NGpvalZUQ0NFTDJhTlhQMFE4TGc0TjlVcUJMRGQyeklCZm90VHR3T2ZoQkRKTFFSSHMzbWk1V3hSUjBFd19lenB2QVlRYmVRYl9sN0VRdExURnpRX3AyUDAzYUJrWFVGcDVURldyLV8yalFLTm9CLW5PWFphTVVNTEhueXRHMkRWOWI3b9IBrwFBVV95cUxQcmxKcnlrMHgtZE53TlNlSUIwbWlVdTI1OXcxS043dXQyY1lNNW9pWGxTYWI4X0xZeHFJTV9JZWJTYW1VVmU4dGc0MDhTemI4YmNSWmxzQ3U0V3BlM2d3WVdpN2d3eGZsR2Y0d0ZrRV8wX3RhU2ptZjNEYmU5cEo0M2E0SVowaThXN3AxNjh2U1ZKbmhLcDRrMWRfYW1SLVkwS25CZFFCSzBPaGVKdnNn?oc=5,NDTV,"Sat, 26 Jul 2025 07:00:00 GMT",2026-06-14T20:40:50.349682,impersonation_identity_theft,True,False,candidate,https://www.ndtv.com/india-news/india-to-open-cho-la-for-battlefield-tourism-top-sikkim-official-8951982
fake government official Sikkim,"Sikkim to implement Anand Marriage Act from June 1, Sikh couples can register marriages under traditional rituals - India Today NE",https://news.google.com/rss/articles/CBMiggJBVV95cUxObXpaTHptZHRwX0tISWt5aG51SFhkanluT0ZxeFc1NjNVUVpqMklxSXhmMVEySEMtVGNxdTUzWXdISVc4N3ctZ1JDc2JJcVUyRW9QbGF6Y095aHQwZF92d3BZX1ZHRUNjRlZlQVdyYTduQjZERDRXWnFZaFU0X2UwSVhyOGpaUFhUaVplVTJJVURWTGI3Q2ZHM1lsQXNWMDhzV1BnWmxYTE5rSVFSMm5NM205Rm5LcnpvQTVIMTV6OUxLbFRYTXh3WnJMLVlrYWlXcWppRW50Nk9fQXUxb3RmWTJjblFfbnY4cVM1RFZ2aEVwV2NBVTFUemY2c19PWUlIbVHSAYcCQVVfeXFMUEVZdkF5dWpUcWQ0QTVrR183VDZ0Q0JMVWIybFZ0a0JWb2Zsa1JRVTVBUjFIRVJWcjF4bUlhZm43RTZNU3dmQ1pESThSUDRWcmFzalAyLThzcXp1Qlg0akRfUWp3d0pPQlF6N1E1c0NBMk9RdkhnTGR1WDkwU2hLSzNVNVdialAzZ1VSYk91YmxEcENlYUFSdF9PVnBVcjlPbU1lZzBSWno1VXdab2pBVHJmR1JubERiTVRVQWlsTGNzMEtpZElDMlJRMFdGa283TE81ZklXbUdMRm5kU3QtUGxEc3VwSXBFTXpoanZFdk9PMGZVcjhfeXg0anI0dkhHSzBsbjBNRkU?oc=5,India Today NE,"Mon, 18 May 2026 07:00:00 GMT",2026-06-14T20:40:50.349791,impersonation_identity_theft,True,False,candidate,https://www.indiatodayne.in/sikkim/story/sikkim-to-implement-anand-marriage-act-from-june-1-sikh-couples-can-register-marriages-under-traditional-rituals-1393737-2026-05-18
fake government official Sikkim,Sikkim Lottery Result Today (May 10): Labhlaxmi Power 4 PM and Dear Empire 6 PM Winners List - Moneycontrol.com,https://news.google.com/rss/articles/CBMi3gFBVV95cUxQWU1wWE5nWWxPZHhoMU5DNWRnYXlONV9aNGF0VlJmVHh1OFJQY1Itb09WVVYzYVNGMmFERUhnQjBGbjR0OUJWNVgyRzF3a2xIU043V3JHVS1vUENWeEF5MC1kaDNoLVdSdDJJWTF1bndnU20wZHQ1Yjh4S0VieFAyM1Bqa2VhMEZ0NS1wVGIwZUcybnZSdEdPRkppY2MzRUhQQU9ySml2WG5JN0dILTlTN3pXTGFQOEJSREJYZDNoRXlmWlBPdTNFQzhZTTJ4M2RlQXN0bGZvVGhRQ1FIR0HSAeMBQVVfeXFMTzI3dTRPQjRlLTVlSmRpaGhfMDZicjVDbFlWLWtXVVhjMFFSc0VPM29ydnd0ZDNRNDRVQjFpY1NhdFdHTXJ2NE1tOVZlc1JEeHA0STJ3THdyU0s4alBsWFk3R2V6eENHTDlvVnRPR0dEYnpwZjVuTURRRktEbGdTWFZKa2V2UlMwUVZJeFVld3pQc0J1d2o0VWM5Wm5VVzFId0hwOGFLN1E1T0trOFZIYldUQ3VmVUJEYUlkN0Fva3VsWlZyZW41c2J0cEJUWGNzbGd6ODY0bW80Yk5vTFFyTGxDOEE?oc=5,Moneycontrol.com,"Sun, 10 May 2026 07:00:00 GMT",2026-06-14T20:40:50.349820,impersonation_identity_theft,True,False,candidate,https://www.moneycontrol.com/city/sikkim-lottery-result-today-may-10-labhlaxmi-power-4-pm-and-dear-empire-6-pm-winners-list-article-13914146.html
fake government official Sikkim,"Sikkim mandates online permits for foreign tourists, ends physical PAP and RAP issuance - Moneycontrol.com",https://news.google.com/rss/articles/CBMi3AFBVV95cUxPTE81Z2NxUEdnUDZrbTRJYVdRaEZib05ZbmZtWV9yUW1NeG1rNnQ4RlhzZ2tzVU9sMFpqYnRzdWVTZFdyNVRFN21wNDI1bzNlV3NsZzZPSF83QzlKdFlITlBid0ZpRlFRZElJVlozWXZvZk55U1Fqc0JiclZROGtLWVZfYXlSZzVQNC1qeFpTS1BmdHByTlBwYXduMWFfZ2hyN1Y4RWRfakRyZ1Njd0tmNmN6UUNMLTJSWGtkOGxKX0U5R1c5VnlKYm8zWDlzV3RXMGxBT0NsakdpQklp0gHiAUFVX3lxTE92U3FPRTVRVlZBTjdZcWhaS0xwTl9ROVNud2h0d3dYS2NRaWhwN1A0X0tuMlBQWHhrY3pncFRraUJ5WktwSnBCZXVoaDk3aHhkR2MtTUx0bG1TREpkbC1NMHdMbVo2WEhVWjlqbmJGZl9qenFqY3c5aW5TbTBta2RRX1g1T3g1N3N0UkhFZUU5dkdGTHFDcTIzRHVpbWhHY0h0ZkZSNXdJd1N0N2gtRDhoR2NRN2ktNHN2V1hheDhSdllKcXByTVRtT0xobFVNQ2pmX0g0bG53R2h1OUhpYWNUR3c?oc=5,Moneycontrol.com,"Wed, 14 Jan 2026 08:00:00 GMT",2026-06-14T20:40:50.349840,impersonation_identity_theft,True,False,candidate,https://www.moneycontrol.com/travel/sikkim-mandates-online-permits-for-foreign-tourists-ends-physical-pap-and-rap-issuance-article-13772034.html
fake government official Sikkim,Sikkim Dear Elite Lottery Result Announced (May 9): ₹1 Crore jackpot draw winners out - Moneycontrol.com,https://news.google.com/rss/articles/CBMi7wFBVV95cUxPQVZRZFZ1dXpvSXJhbnFRSjBpazdvVWtMVXItUXlCWlg0bEJSVTY0QjFGc1RHVnIzcG4yQVpvRHdxZGFaSXJuMFRrNl9abGJPcms1NlVvdXp3R19Ta0lQdHlFemNuZXhIa1Q0cXVwZE90MDBxaEhENzFzQ3hXRnBkRW5semowbW41OTEybmpYLVFTYTRQb1ZxaEg5REdTZ01uU0FaN1dXX0k3c1NOb3AwbUc2QkZLSVVfY0doYXZxM190NHlmc0Y1RzZLSDlFRnkyQWtjeHFUSWVTS1o3T2VlM0huSEU4TkZpSmRaY2xGVdIB9AFBVV95cUxQSFVwRGFUTDRKT25HOFYwX0VoQUQwdVFGZDhUazVkVXg0SDdkZW01VkRVQmlob0FQSTkwRGZxanFER2VreXlhdm1YZmlOc1lzYmhKdmE0eWdfdGl2MllTRmFxVGxaTnljUXJySHNaZTNXdVNBazdWU1lDeXNKajdxbktRN2g5cGZLWWdTY3VJZ3ZBOE9CRXUwaEtld2FNeGFOY29xUkNVXzFfaWJEQmQxemNXY0VsNW81blo4a2hSQjJpeWJsaS1lZ2pDOFUtZ1Q0NmlwOWc1MEVZaDZnX1RveUpGMkdOWFdfTjJXYV9YUEZGNHZE?oc=5,Moneycontrol.com,"Sat, 09 May 2026 07:00:00 GMT",2026-06-14T20:40:50.349846,impersonation_identity_theft,True,False,candidate,https://www.moneycontrol.com/city/sikkim-dear-elite-lottery-result-today-may-9-1-crore-jackpot-draw-at-6-pm-on-saturday-winners-out-soon-article-13913759.html
fake government official Sikkim,Sikkim Lottery Result Today (April 27): Labhlaxmi Bliss 4 PM and Dear Legend 6 PM Winning Numbers - Moneycontrol.com,https://news.google.com/rss/articles/CBMi5AFBVV95cUxQalVYQ1BYcDlualNjSTVMVUVZRG1yMXAzWWp6VEJJdS01aFFoY1dNOHRTWVpQSjJ4THgxVFJNUFdiY0pzajlnZGNsb2M1dkxKa3U4ZzJMdnpLZTB4TldlTE83MHRPSUV2Q09WSnBraGdyZzBUb295NzlPellTaU9CQjVHMFM2cW8taVpoNHNjTkNJNFJ1OUJFa2RPTUxKOVcweXJmMnVfTVcyaWhtT1dub21zdlhqMUw0cnZySGx3Yi1KSWI0bm01b3VtbGxURXJLQS1PQW5MaGt3WkdfY0JBNEdBelDSAeoBQVVfeXFMTmd1bnl1UWliRm1NR3Z5Tjg5U3ZxbnpwMERQZXlxS2NXZ2JPdEFPTGk2Q0txWkhzTTRzZnVCRkRpM2xJZ2VTeDhJWTAwTFBjbnpTZzZvTVdTRV91R25Zc0VFSWhzTzRKUnhwdlJaUFFBSVZ0MHEwXzYxdEhjQ3habFFDS19CbWJVN1RnWG1Hc0tGVFg2ZFdFdFdILUNrWG01OUFMOEpvRE1kbFFSalA5NjduSGswRDZxU2tlWHNrYTc3eTNFd1pjaHhuSmtaRmtNWm9lbTBJUE94bXh3NU9uVkx5TlUzU3h4TzBn?oc=5,Moneycontrol.com,"Mon, 27 Apr 2026 07:00:00 GMT",2026-06-14T20:40:50.349866,impersonation_identity_theft,True,False,candidate,https://www.moneycontrol.com/city/sikkim-lottery-result-today-april-27-labhlaxmi-bliss-4-pm-and-dear-legend-6-pm-winning-numbers-article-13900536.html
fake government official Sikkim,Sikkim State Lottery Result Out (April 22): Dear Regal Wednesday draw for ₹1 crore prize at 6 PM; check... - Moneycontrol.com,https://news.google.com/rss/articles/CBMi_gFBVV95cUxQNG1HV1Q2SkFDN0JUV1J3bDYwMjBIaFVuT2FWc0Z6S0xxcUhobDhhb1JHS1d3dFJ5ZGl4aUhsTWluS2dfNkFqc2t1LU9OTnAzRU1DSG5vWVRLTGdWS0NYT0NlSUQyTllTVkxRcEdzZm5IWmRVOEoydnRhRlZWNThCRTBzNm40dkhMbG13blp5c2NVQmlxLV90blNISE5pVDhqOHl4Ny1oVlA4QnMzbHBocUI0R0FFNVU4LUdTLWZickt3N1dNeF8yOWV2ZnNHRlRKd3VqVF92MkJHNzByTUp4ZGp6OFRmSkVHcXNlWTh5R3ZOTHhNeEtfMUo5QnRKUdIBgwJBVV95cUxQNnNCLVFiVUNiWV80eGJzWGs2azNYWjBlUnlfUW52TVB0MDlfVGRDMlFtUk9ENi1NYlJaSndoZHFKeUZIUldOZTR3NmpCZi1CakkxbzI3amY2dnlVUGhhNTE1Zl9ia2h4MGx4Yk92S2R2ckJTN0RKdW9pOFJTeW5hekZ2VFNsNlp4ZnlPaDdfalpLU0lWM2pIZTBjT01Ud3ZSaUZKUzM2WGdFaEh6T3ZQdTNZUnVXZVZtVDNvSlBKMVpQazdfaGlHS1NWb0JNWXNvYWZ1TlJWY2psV01QUXpxQ2E1TFBpUnVUZHN1QjJIYUtrYjZKblRycS0zanh4Q1dVTUs0?oc=5,Moneycontrol.com,"Wed, 22 Apr 2026 07:00:00 GMT",2026-06-14T20:40:50.349873,impersonation_identity_theft,True,False,candidate,https://www.moneycontrol.com/city/sikkim-state-lottery-result-today-april-22-dear-regal-wednesday-draw-for-1-crore-prize-at-6-pm-check-winners-here-article-13896402.html
fake government official Sikkim,Sikkim Lottery Result Out: Dear Supreme Thursday 6 PM draw announces ₹1 crore jackpot winner - Moneycontrol.com,https://news.google.com/rss/articles/CBMi9gFBVV95cUxNZGNZWUp5dDMwaDBrWVNUaHJjU05ENVl1cUN1RFVKN0JQOXgwVlUyX1lTX3RyekJoaU5LZWVfVXJyQ1hSanlCNGpfTmhoZzlPQjdLVDg2X21SQjQzdFpkTldGN01qVEgwdHVlRE9PR2xFd000Y1lIckxSQ1N0YmhhRENibks0Sk1tbGpxSGplbHJDNUFIRDlrX2ZiT09NM015RDN0N05UVlFVWFdDdXJTTDRRWjc3UFBCU3lNUmxuV2dKUmdaN3k5SEF4eFp2QlNrckE5eEpZcGszMEVzR1d6NmxOQVR1T2E5NXpkZC11alh2UnEzWGfSAfsBQVVfeXFMUFFibHlMOUs5ay1PM2VqeGk3NjBzZm80Znh5MW1yOHE4eWE3aTI4QWFoNGluNEFiUGp4b0VsN0xsM3FrbzhxU05XUHY4WGtnMHpDdC1ocWpfSlFqd1RDdzJkV0xxT04xelBnWFhhckY3czN5bXFhMFE1RmF6T0ZxcHVzZHFpWW1feGd5TURUMkdPV0RROExzRDM1Nk5saEl4Yi1IMzc4NDhEUklQQ3RSYVdYT3ZUdmV5aDZGQ3JGZllSaFpXeEFxLVV1UXZ1eXVJTVB4Z0NNa3l1WlhnVWYwQnI1NmFxV3B0S1J1c3h6Wm9NLVF1c0RHRk15Q2c?oc=5,Moneycontrol.com,"Thu, 16 Apr 2026 07:00:00 GMT",2026-06-14T20:40:50.349893,impersonation_identity_theft,True,False,candidate,https://www.moneycontrol.com/city/sikkim-lottery-result-today-dear-supreme-thursday-6-pm-draw-offers-1-crore-jackpot-results-expected-shortly-article-13890770.html
fake government official Sikkim,A railway project to the China border in Sikkim is violating land rights of indigenous communities - Scroll.in,https://news.google.com/rss/articles/CBMizAFBVV95cUxNczQ2M2RwVXhVWS1LNWkxUnJHbTVOYmRKWFA2Wk1CdnVHZmJEazFyNFZPUUdDX0MwUGFHdmR0WVBUQ0VTTnhhQ2hfX2Nfc3hLM0MwNTlNa1F6enpEdnk4OE9SbEttSTJ1dEJPQkZ6TzZGU21EczZ6WUxXUERrMWJNaUE1Q2dDTUY3LWF6VGY0VHJRMjVkZDBlZmpfRktIZ3lpY1NIZ1gwQUxUTVFBRXA2aWxnR0U0ZjljcjhDUklmeUNSUUphUUdNTjRxVFbSAdIBQVVfeXFMT2JBc0pQZldjbHN5MmZKUzU1WkFxenR2TmRWVEV6RkhHeWJGNUNNUXB1ZUNZSndPemZEdENYbnpSYm4yR18zVFNPTk1HbFQ4Y2dHaHpyRGxjN3hULWRYLXgzN1lQSlVDcS1PTnVXR2FER0NDdG9JcnMyNGllanBQcXRaTjVkMGdoT3hlT3AyZml0djlTUnJjYjFCd0ttNFo2OGVZaUR2azU2WHYzMTZSZTFEYTB2SlYwbWhhbEhaeXFpc21KYnJtV2YxYXM1UlozZUV3?oc=5,Scroll.in,"Fri, 19 Aug 2022 07:00:00 GMT",2026-06-14T20:40:50.349913,impersonation_identity_theft,True,False,candidate,https://scroll.in/article/1030774/a-railway-project-to-the-china-border-in-sikkim-is-violating-land-rights-of-indigenous-communities
fake government official Sikkim,Sikkim Lottery Result Released (15 April): Labhlaxmi Delight Wednesday 6 PM draw winners out for ₹1... - Moneycontrol.com,https://news.google.com/rss/articles/CBMi-AFBVV95cUxPUGFfQV9BRHFrNGEyMEtRVnhCeklsSXA2UW9WWTJ2cTN3MU5YLVJla0Q5djBwRk4xaktoV04zQXZKNTJHWDlFdl9YdTdfbE5TUzBnTmtQYU1yYVo5bDZCUk52RE9OQjBBTE9IQU5mZXZrcy01RkZ2SmpLWFFxanN4VEc0WjVYU1E4OW5JUzdzcnhfYklKV3FxWk4yVDN5TUpSOUNjb29xcDJZeEpJWEs3OVNFdVFJOXZNdjJwM2JGdGNQdHZLdzM5alVUWUNkZ0tEMTVSTFlIdXBPaGFhbktYYVJ6Q2lwaFhfMFFxWVA0TGozM1lXa1pLONIB_gFBVV95cUxQcnk0aGZfWUxQa1lTOTRVVFhCaUl0RkhfNmduMWJ1N0hkdS1hYW5vMlNPemJMcTFJU2hmZVkxT0k4dmdhcG0zcTBwZkh5em1tV1BSYXlGOGlydHhTZGlLYy1Pa3lOdHVZRUF2VFF5ZmFrMDVDSzRQMjBtcE81QzA1WnUzQ1c2UVBpM053bnY5UmZLMWVWU2VURHcycFZmemVBR0xRTkc2WWhQWVRUbXB4Ukd5VThQQUIyWE5IaG84RkhtVURsaHRyQ1FieGJGM0duMEdXN05KU1NNMEJidTgwRktFd3U4VkJIQ19iMno4cmlOQ2ZNV2h0dmFLT0psdw?oc=5,Moneycontrol.com,"Wed, 15 Apr 2026 07:00:00 GMT",2026-06-14T20:40:50.349920,impersonation_identity_theft,True,False,candidate,https://www.moneycontrol.com/city/sikkim-lottery-result-today-15-april-labhlaxmi-delight-wednesday-6-pm-draw-winners-out-soon-for-1-crore-prize-article-13889521.html
fake government official Sikkim,Sikkim State Lottery Result Announced (April 21): Dear Prestige Tuesday draw for ₹1 crore prize winners... - Moneycontrol.com,https://news.google.com/rss/articles/CBMimAJBVV95cUxNc2ljbVVud1M1NE43Ykd6TTVxVllhMElRemdkVkhkZjVxQ0Z1X2RsRS1YMTUxY0dOQ2t3RU1Bd1JIZElsZ0FxUzhGNzBLbWI3bldyd0N2UVhxNFJqUmFUMVZMT0xMTmxaUzRmOVlsdDVDcTFWQ2Z1Sm9uU3VGVThLa01zZ3d1c3RIWFhOTzJmeGwtTmZsVk9GNDgzblJQTkJOcl9SSGVkNVE2cDBaMlF6NFpsNUtWY1hOTU1oZ3NFQjdaRzVtY18yWVBPcGxiOWhHbTBxU1lLYkJ0X09Ob2VfbGVuQzdwWC1pLW4xaTlaWTlKak9LMGVUOG5nUVJXenJFWGhBVlFPUVFnVXF0ZU1faFZZT2tBNGRu0gGeAkFVX3lxTE44QnI5YURkd3lBYnJ5NEtoWnh2NTVpTVBpMW5UdTgybGZQNXlwclM5ei1CUEVrWFpVTmdUVUJRamduX293THNyYlJCZnpjRFNuV3EyaTBZZzZwMUpGTUNYcE40bk9BQ0JNVWczbENGenJqY1djQ2dERlVjY3pGSVZTLU9LOFg2TjZQeVllZVRoWjdsOXRfaDNKSjhxMThCY1Rtc0F0Q2ZZM2pUNU9xVG51NXRMbmVQcko1MGRjUTVsTDI5Nm5ueVdYY24zVHI4Z2Q0YVBicFZ0RmxSZlRCOXVsb1hDSDVJZmpGdjdwQUx0aVU4S3llbFdMTlpELTVDTWxiaGdmaTVfalBQSmN0WmxHOHFJenFZSlE3UnpHaVE?oc=5,Moneycontrol.com,"Tue, 21 Apr 2026 07:00:00 GMT",2026-06-14T20:40:50.349926,impersonation_identity_theft,True,False,candidate,https://www.moneycontrol.com/city/sikkim-state-lottery-result-today-april-21-dear-prestige-tuesday-draw-for-1-crore-prize-winners-to-be-out-shortly-here-s-how-to-check-article-13895161.html
fake government official Sikkim,Sikkim Dear Lottery Result Today (April 13): Dear Legend 6 PM Lucky Draw Winners List - Moneycontrol.com,https://news.google.com/rss/articles/CBMi1AFBVV95cUxQWGg3ZW5wU1h5ZEJiSVdpSDNjMWZTbjItTkpxa0Uwd1YtM2kxdVFpNzdWNC1oLVZlckhRbFlJRTktamJqZ2RlWVhQaWJMR3ZmeTg3ejlvUDM0dTdXSHo3LVhDdDE1TmN0SG5OeDhseGlFTzI5OG1wQmxTeUYxeFEzelZVbW96TktQMkhNYUJLR21Mdnl4MDJ6V3AxRkpPUlRwWlZ0MUxCQ193aHpXRGVhNUp3MnhyTHNiVGJyT3l4cGM3QzN1ZC1WZHlxQWVlcGxzaXRUN9IB2gFBVV95cUxPd185TDIxckdoUEZkd3hoNFZXLUpwMTJIMjJxbkJCT3VUV1RTN2otSDVxaDBlYkxzNUticHZpeEFxMXIyVGVjR3lDQ2ZweXM5OTZpQktPbjdrcnRRZkRsNXFlWGhtT19JU0JGOHFjMGIxMU5YUjNQbHhKcDFZU2xBX0NmaER3Ym5hWWlSSFdyajV1eTRHaWhUZmQ3cHpfQUxWS09UWjV1S0F4SVBJREFucUhsMV81M2x0aEV1M0d6MkFQajBhRjZORkxDa1B0M3gtNlR3TzRYZGFVUQ?oc=5,Moneycontrol.com,"Mon, 13 Apr 2026 07:00:00 GMT",2026-06-14T20:40:50.349976,impersonation_identity_theft,True,False,candidate,https://www.moneycontrol.com/city/sikkim-dear-lottery-result-today-april-13-dear-legend-6-pm-lucky-draw-winners-list-article-13887500.html
fake government official Sikkim,Sikkim Declared India's Fifth Fully Literate State Under ULLAS Initiative - Dailyhunt,https://news.google.com/rss/articles/CBMi-AFBVV95cUxQXzZGRGx0b3hyemI3bG9JWUZ4aHh2SEcza3lkeElSbnVkb3VDaS1tMDc1V2lJaHl1S01CNm1aaTR6UUN3TFNkbGx0dmw1cHlGOWN6RlV4MkdoVjM1X2pDWWVRUTlvQUhJWDlkRFdTR0RBMm5qeTdoeTJueE5nb2hIcUFiei1IOEV6eVo0VU1McnFvbTNidW5hTDBmRU9lY2NOTkpGQ1JCb1FQSkF6ODNuT3ZycGQ0d1lDckotYnhxN01nTE5ZbHlNSXVfT2U5d01mM1VMS0hEdk00dnpoSXR3c0ZEcTViZ2JzRXlaSDE5aExOWDNMcGJJLQ?oc=5,Dailyhunt,"Tue, 02 Jun 2026 20:29:46 GMT",2026-06-14T20:40:50.350040,impersonation_identity_theft,True,False,candidate,https://m.dailyhunt.in/news/india/english/deccan+chronicle-epaper-decchron/sikkim+declared+indias+fifth+fully+literate+state+under+ullas+initiative-newsid-n714435845
ransomware attack Sikkim,This territory does not belong to India? China says construction of road in Sikkim sector 'legitimate' - Onmanorama,https://news.google.com/rss/articles/CBMizAFBVV95cUxPTEJIYWo1VmFNd0FPY1RpYnVIV0Z6MkN4Wk1GVlV0bmpjRFBWdmtFc3BxWldaZjJCUUNhalFJUjBCcXdBOVVRd3JwQmE4NVNtRE5ZeUdBWVdJVUQydU55Sm1ZaFhDMGJoWm0zXzFUMnYzNExTRW1oSTFLcm5tTlB3ZnNsUVBUY19lbXNzNTVHYXU1WHdLYllvVGllbHotQkJOcEhTSmVXeGU3cG16LUlKTkhQb2ItV0JwR3hIbTBqc2kyUUhiOUxWWUt5ZGjSAcwBQVVfeXFMT0xCSGFqNVZhTXdBT2NUaWJ1SFdGejJDeFpNRlZVdG5qY0RQVnZrRXNwcVpXWmYyQlFDYWpRSVIwQnF3QTlVUXdycEJhODVTbUROWXlHQVlXSVVEMnVOeUptWWhYQzBiaFptM18xVDJ2MzRMU0VtaEkxS3JubU5Qd2ZzbFFQVGNfZW1zczU1R2F1NVh3S2JZb1RpZWx6LUJCTnBIU0plV3hlN3Btei1JSk5IUG9iLVdCcEd4SG0wanNpMlFIYjlMVllLeWRo?oc=5,Onmanorama,"Wed, 28 Jun 2017 07:00:00 GMT",2026-06-14T20:41:05.263101,ransomware,True,False,candidate,https://www.onmanorama.com/news/world/2017/06/28/territory-does-not-belong-india-china-says-construction-road-sikkim-legitimate.html
ransom demand Sikkim,"Sikkim Teen Stages Own Kidnap, Ransom Call Drama Unravels & More - Deccan Herald",https://news.google.com/rss/articles/CBMi9wFBVV95cUxQbU5vX0RfWGhKMjRqY2d4ZnotX1FzQTNoa3UtYUhySVJDZXg3UU1DUzlXZlpfWW0zWnBsZzctb0ZiTFVOWmxqeFlGM0d6bEliN2ZtbjRQZExjSXNJbTVOQWlhd2xITGtHbXFXZkFZS3p6ZnBlWjRJR3RrRHNBc1pmbTdJY1hxT3ptNXo4VXozdkxIVWV1bWc1eXpKLUUyZ1pnUnctNFJZM1J0ZXljTGh6d0trZHZ4cHdkSkNRRTFqUUVjQXpNVk9tdTM5MkxKSU0tOW9mNTF2UHJfSmV0Sm9FeUk4amJ4aEotbmlEV0FlOGJkYWxweDBR?oc=5,Deccan Herald,"Wed, 18 Mar 2026 07:00:00 GMT",2026-06-14T20:41:09.683539,ransomware,True,False,candidate,https://www.deccanherald.com/india/sikkim/ransom-messages-crying-voice-notes-sikkim-teen-kidnaps-self-to-demand-rs-3-lakh-from-parents-rescued-from-siliguri-3936020
ransom demand Sikkim,SIKKIM-SHOCKER - NorthEast India24,https://news.google.com/rss/articles/CBMixAFBVV95cUxQVEJROWc2VDRZbGtmMlpuSVRWb2puLUM4SzVReUxnWTVwMVZ3d1Y0UldhQ2kyYWlzXzF5bVpMQWRobVJVZ2E4eW5BUUQ4UlZRQk1aOHptSy01MzBiR0E2ei04ODllc0o5S0ZzLWFrYmVZTER5TU4tQXgybWlNSTd1UHVET2hLeEtxMmkzbEZiQXBoa1JjQTJWbGJxLW03Y1BWNmN1RWltMUozVmE0Z1JrU083YXNmQUJvb3hheDZIYXRLalRv?oc=5,NorthEast India24,"Thu, 19 Mar 2026 01:35:42 GMT",2026-06-14T20:41:09.683592,ransomware,True,False,candidate,https://northeastindia24.com/sikkim-girl-stages-own-kidnapping-in-shocking-ransom-hoax-rescued-from-siliguri/sikkim-shocker-2/
ransom demand Sikkim,Gujrati Family Held Hostage In Libya: Updates - voiceofsikkim.com,https://news.google.com/rss/articles/CBMipgFBVV95cUxOSDdMSGNmWGtHZVEybTBoUENaSXE0TDFBeFh4aVRhZmIwLVE1YWFMekJpMzFYR05CdFpYQk5kMnhQZkF6NUxwWC1KMjNxVGVQd2dlMUhlUG9TREtmWHhCQUFORS04bUdrTTk4cjVyRlVnUVdPX3RlajdLLWhXSkYyLUFmSnZCLUNWNFdLZ3B4MnE5LTFJYkVUUncyRWVtNlItYW8xTUVn?oc=5,voiceofsikkim.com,"Sun, 14 Dec 2025 08:00:00 GMT",2026-06-14T20:41:09.683617,ransomware,True,False,candidate,https://www.voiceofsikkim.com/gujarati-family-held-hostage-in-libya-authorities-work-to-secure-release/
virus attack Sikkim,Sikkim Carpet Industry under coronavirus threat - Indiablooms,https://news.google.com/rss/articles/CBMilgFBVV95cUxQbXN0UlFBSXc4RFRaQ19VdFQwdUZFMUd3Mi1JeFJEUjRydXpPbFdob3dmbFY3dWJEX1JCN0dlRjkySGdWSHR5a1ZMS2dTWG1ZRWluc0RaZjlVaG9va2FHcW0xWlFTZ2twZHhKLVJoNnB2QUYwZERvYlhGTmZuS09kbHdQZy0zWlZpU0tyMllyRzZKdnlVOHc?oc=5,Indiablooms,"Fri, 01 Aug 2025 09:38:09 GMT",2026-06-14T20:41:14.748423,malware,True,False,candidate,https://www.indiablooms.com/finance/sikkim-carpet-industry-under-coronavirus-threat/details
virus attack Sikkim,"Sikkim to allow construction works, farming from April 21 - ET Realty",https://news.google.com/rss/articles/CBMiwAFBVV95cUxOWkJwWmxOX2xqcHdVS1lLTkkwMUN2RlZDWV9KZWdmbWh4UE9yOGlUSVNYV3Q4NUNWbGtEZEdOOWpzdEZkbGl3bTQ0NTFpc09INnI2XzhJTlVpdThqbTF0eUVRUjlEc2kzemlfMC05WUIwZlNjLS1pa2Fma2ZvS0hWZXE4dnVId0JTcW8yVGFkak1na0d1Uk5xbnotamtLZWd1U0Y5QjRLaHl4aW1oekR2NWI1R3BsVmtwY1hKWXpkMkPSAcYBQVVfeXFMUFJONUszU2NUSXdQd2VtckZGV3RhaFNWQ1BSbDlNZk9qTjJfRkNhdlVVcUJFTERqU2JKcmFHZ2xsVEFWTDBCMXVpaVVlWWNlRVNhTnY3RVZSQ1g5c1ltRlVMZExPQzFhM1I2WDVCS0lKUDBDSWlibW1Pb21jLWpSNFZBWWV0Wmc5dU5VaEdnZWtVakR5QmhYb3VPWWVPb2JuckN0aUxsc1RobUNNWWJnNWFLZmI5QnNWNDRyTjMwbEs3NjNLdE9R?oc=5,ET Realty,"Wed, 15 Apr 2020 07:00:00 GMT",2026-06-14T20:41:14.748445,malware,True,False,candidate,https://realty.economictimes.indiatimes.com/news/industry/sikkim-to-allow-construction-works-farming-from-april-21/75161692
virus attack Sikkim,"Nurseries in Sikkim, Darjeeling wilt as lockdown hits king of orchids | India News - Hindustan Times",https://news.google.com/rss/articles/CBMi3AFBVV95cUxNV2FhamRJbFRGMnRQM1A2eHJmSjEtVjF1LTNsR0tDN0FTeUNYUjkzQk5ScVhKLUtHdTVEZGh0N0FJTFBHaFVMbWhEM1RZRW1GRHg4TzE3dXdlQWRQZUs1VnVGdHZaTjQwM1cxLWVKdU9YQVVfM2xXOVJxNnhwSnR6RGhKMVFLMDBLNDlNVC1hN29GNXIxSkJ6dXhINTAwRGVSM0YtNkRqUXFJMHpINVMtQVZ5MFRzSU9xVHkxZVhaR2ZKZUZRWnpUaXFSaENUcWZ1cnZkMXhpZDFqVGha0gHiAUFVX3lxTE51enNSR0pGQ3FuZWhNazVTTEk1RHktVkpLbVpSWV9YaC1vT3Z0TjFfeU1UOWN1TC1FVzk3ZDNneWtRbWMxMWdlMWRvbExLblVCQUw5ZzB3d3d4VEF5eXpKdXB2Z29mS0FMLTQtaVg5LWxTSXdmTkVZZVRqa2VyNGpRWldMenlGQjhibmM2U0tCc09KdXJzX3g3ODRUSWkxVGcwSzNDSkoxMjNVRDZwdFU4dDVUODdodVdfME04N1NmYmEwS1lvZndjc1hkR2d3dXdnMHd4X0djb3NMVFZfWmxEUWc?oc=5,Hindustan Times,"Wed, 15 Apr 2020 07:00:00 GMT",2026-06-14T20:41:14.748479,malware,True,False,candidate,https://www.hindustantimes.com/india-news/nurseries-in-sikkim-darjeeling-wilt-as-lockdown-hits-king-of-orchids/story-f4blBScCP1rh3ScJJKdVFP.html
virus attack Sikkim,Sikkim bans sale of pigs after African Swine Fever cases detected in state - The Times of India,https://news.google.com/rss/articles/CBMi4gFBVV95cUxNMFVud1hIV1VLcG1LQTYteGpNOVdJNGZHUVRSYTJKUzB0NlB2c015cWdLTUQyZks3X1F0UTQ1c3M5TmhycW5kUXhOZWlZNDNhWEMtRTdKRXdob1BURldScExDWDM5VC1MVjFSX0w3NDZEQ0xFcWVSZEwxZWJhVFhlTm1vaFBwYjRDQnROMEV1d0hyVHRGdWlDQ1pTeXBkZ0s0YzloY2hGa1lFV1lwSGp4ZG0wQ1ZCN1gzczRxWlVla3lYal9vME5tbGZ5OVVBbGdyR094LVFXUHlKM1ZUc0ZGczBR0gHnAUFVX3lxTFBHVkRuWi1Ud0xMU2xQczVvVzNqc1ZnVnVHdlF1WkNkWlB0NW1hc3puTUNBSVBxSmF5U1FPV1VMb1prTWtxUGt5blRzaTZFZXlxaUNHWUYzcnhqQ1NMUGtUX2ZkeVRuZExDc29PTjQtak1CU016Tmk2dVRtb2VTRkxwRXo3Vk1GMnluaXoyU0Y0REZ0cG1TTHVuVkdocW9aTktFcGZ5YUstUTVFYjZDZFJZYXRSV2VEVWpGUGgtNDF1b2dXSExoVVMzYmh0TEtJc3ZyUEZvU2VSdmFyMFNTZ2ZkVzNBZUE1Zw?oc=5,The Times of India,"Wed, 25 May 2022 07:00:00 GMT",2026-06-14T20:41:14.748490,malware,True,False,candidate,https://timesofindia.indiatimes.com/city/kolkata/sikkim-bans-sale-of-pigs-after-african-swine-fever-cases-detected-in-state/articleshow/91784237.cms
virus attack Sikkim,Farmers concerned over decline in Darjeeling Mandarin orange production - Sikkim Express,https://news.google.com/rss/articles/CBMirwFBVV95cUxOUDlGdmpfaGNIOFNScEhjbWpEenU5MG16Z0k1RnVPbUZMMjR1SVFLZk8zRDJXZnJrZWwtcDhDV0Jfby13bE53TGtLUF9CRWRvZ3lYbWl2cUF4bHotQ184UHgxd2h5WVZuMEJ2TTR3R0FYSXpYQ2VxY0hOUExESWhsdVRaQ3ZxQU5NTTRkMmxzN3dOM1E5cHY5czZUeGtCczRZeFpYT285VjBTWkg1ckZJ?oc=5,Sikkim Express,"Wed, 18 Dec 2019 08:00:00 GMT",2026-06-14T20:41:14.748501,malware,True,False,candidate,https://sikkimexpress.com/news-details/farmers-concerned-over-decline-in-darjeeling-mandarin-orange-production
virus attack Sikkim,Canine Parvo Virus: The Killer disease - Sikkim Express,https://news.google.com/rss/articles/CBMihwFBVV95cUxNa3ZIaEJpWER6aXNRbHNBc2pHZm5NdGM3Q2pudTd6OXVwQ1hOMWhsbG1UZXByUmZ4aDdNWFVRUVlxZnlOR2xWRzZ6cXBtbEd1Sm1NNkdIQzVHYm9WYVJRSUNSUXZiSVVONUJQcDYwNmVld0pTOGlQY1VHT1pDc0NFVXVBeU1HQ1E?oc=5,Sikkim Express,"Tue, 16 Mar 2021 07:00:00 GMT",2026-06-14T20:41:14.748534,malware,True,False,candidate,https://www.sikkimexpress.com/news-details/canine-parvo-virus-the-killer-disease
virus attack Sikkim,"Lumpy Skin Disease Outbreak: 4,967 Livestock Affected in Sikkim - voiceofsikkim.com",https://news.google.com/rss/articles/CBMilwFBVV95cUxPWEpUWWVxUzJIRVQwQ3l2TXd4VGtrSlRJQWdCRnN1T0FkZy1rTG9GLVpabWpqNHh1OXd2aWJQaWxheTJia1RCWk12SG5lZXl3Uy1RSUFwbnpIQktLYS11TXFZU1RqbzNnU2RfZEwzNmZ5dVpQTlpBcUlNN1dCdnRDbG5uQ1lEaXYwTnB4b1hrdGlIelZtTGtv?oc=5,voiceofsikkim.com,"Wed, 05 Jul 2023 07:00:00 GMT",2026-06-14T20:41:14.748624,malware,True,False,candidate,https://www.voiceofsikkim.com/lumpy-skin-disease-outbreak-4967-livestock-affected-in-sikkim/
malware attack Sikkim,"NCCC and CERT-In Awareness , Guidelines On Potential DoS/DDOS Attack In Hosting Servers - voiceofsikkim.com",https://news.google.com/rss/articles/CBMitwFBVV95cUxOUllsNDNESFUxNjJEQmk5SHU2SGZXYkdZVk9RNngxVV9DRFh6OENReFNqVkNCUEVBT185NjZDUnJUS0xpeVRqeTEtWVV5eFROSGVSV0lkSUY2dVU0NFNxanVoUWJ4cWxSUXAxLVREZUstRVRGeTlOT1YwUHFILWF1VUVJZjBVQkp6STN1T055ODg4ZzhoZlByODhvdkNScjlsVC1FNkNpcDFEUDBSTGtRSzlmbmlNZWs?oc=5,voiceofsikkim.com,"Thu, 13 Apr 2023 07:00:00 GMT",2026-06-14T20:41:19.803907,malware,True,False,candidate,https://www.voiceofsikkim.com/nccc-and-cert-in-awareness-guidelines-on-potential-dos-ddos-attack-in-hosting-servers/
trojan horse Sikkim,Massive landslides hit north Sikkim; permits for travel suspended amid heavy rain - The Times of India,https://news.google.com/rss/articles/CBMi4gFBVV95cUxNVmR0NlpidDlHblF1MzNQWVZBYWFLckFmbFNyZ0FkX2ZkeGUxaHR2aUdLZkdoVkdieHkyVThLajAwMmtsMDg0M1p1MldTcmdEdEFYUmFhYUtzWHJneEFEN2VlV25ZTXZGSFJ1STlUXzgwa1pDeGhWdXdRb1JMampUOFZ2Vk9Mc2hQVEtCRHVJYnNLYktZdXpZekFSTVgydjdIcDMtQnNsWkFXQjBOYThSWkNWT1ZQYmdpVkhuQTFmM2pGRFc5OGYwVGJwLW9EQnBycGNBenh3ZkZMZFJla1J0VVNn0gHnAUFVX3lxTE5oNkpON0ZhRzdCLW5XeG5zSnRaek5LZ05PVFZvOTd0NlZrVWxOVldJQjB3TWpmNWYzdnJVb2FWakFHOXZwTVU2eVNPOVZ4cUFYQTlUVmM1Qi1iSkNHUHE4Y0lIU3RIM1g5NE8xMXA0alh6OExKUWphNmZNMzB6ZFIzZmtaUlRCNTVOMUJ4a192Sms4ZHBPcld4UTduNkhhR0RRNldQbTRGYzlqbTdacGFZUE9JMEZyelF3ZzJSbzN3Mm5DRUFtdUZfajd5WTlod0kxLUVWdkdYam5Ob2hObklLRVRJV1RyVQ?oc=5,The Times of India,"Fri, 25 Apr 2025 07:00:00 GMT",2026-06-14T20:41:23.118888,malware,True,False,candidate,https://timesofindia.indiatimes.com/india/massive-landslides-hit-north-sikkim-permits-for-travel-suspended-amid-heavy-rain/articleshow/120594838.cms
trojan horse Sikkim,March 30 – Rajasthan State Day - Sikkim Express,https://news.google.com/rss/articles/CBMifEFVX3lxTE16Ujd0VGFjSVlTV1pDaHRCanlPSlBobHJHT1Brc0JnclB1T21GLTdfRk5jdEhvRE1ZUll6bjF5T1hHMXhDLXJNU2RKVmE1Y0lnWU9oTVRHTmJ5S1hKcUxtUXFtNS1nTDlPN3k3RE9JV1NCSy04MG1PVzBOZng?oc=5,Sikkim Express,"Sun, 22 Mar 2020 07:00:00 GMT",2026-06-14T20:41:23.118896,malware,True,False,candidate,https://www.sikkimexpress.com/news-details/march-30--rajasthan-state-day
spyware Sikkim,Is India’s Sikkim airport more beautiful than Skardu's? - The News International,https://news.google.com/rss/articles/CBMiogFBVV95cUxPYXFvSVI0U3ZmM0ZNdjRnTldnWHRZV01wTTNKMTE5Z0pydVU5eTlBX0lsVmVuX19sNVdKQ2dNbWZpcVN5UXZQUFExUGktZ0VWclBHU21kV3ZBeFV3dFljWG9zZ0c5T3JXSFUxcFkwVXlCSUdXeXlnem9qODNSbElMRWc3NGxHNnlYZTRGU1g2S1RPYzQ0Q0E4Vy1WandPUW9meVHSAZ4BQVVfeXFMTWExbkJrLUhMNUNPX0NXZmRGQUxoWGhBVE1tbHFzVEgtUV9mSmJZeGJmd0lybi1rSXpmOWhJQUtKM3RkX1BJcS10c3NTcHktYm9fSktMMDZxY1VpRTcwV3RoRjhudWJNajNaTU5KNVNEeU9TRkhlNW9ZakNBSWhYSVd2MW4yeGVpdWdFSnA1S1J3LTU0S2tSTDlmT0hnMlE?oc=5,The News International,"Tue, 25 Sep 2018 07:00:00 GMT",2026-06-14T20:41:26.628649,malware,True,False,candidate,https://www.thenews.com.pk/latest/373041-indias-sikkim-v-pakistans-skardu-airport-which-is-beautiful
data breach Sikkim,Sikkim judge becomes 2nd woman to head Patna HC - The Times of India,https://news.google.com/rss/articles/CBMivAFBVV95cUxPcTlpbXFSaEw2Y2JYZkk1eFM2RHZ2QjdJY2I4Tm1SQXVya1ZVUlREaTlQMnR6dk02eTFkcVRHVzhUdW8xX203NEhha2RXOXFaRWVrbXlXTWVUU3hhUGJueU5QMktOV21faExPLTd3X1VtRTQwNmp3dExsbVl4ZERlMGYySTM5UUQ5WllzQWFnSnI1dU9nV2VUZVBQbWtlWDhxeWJSNlJZdjVtQXduZ2c2bTN5Z25aMFFhMkppUNIBwgFBVV95cUxNMjczWEhhUjdiRmh6cUt3eUtqc2c2Q25oMGNQY09xcjR6dGhFVnFQVE90d3NDQnlZSmo5Mmc1LUlLUU9QOGtsNlQ4RUV2NTVMRUQwMFJJbHRVRGZ4bWRuTlF5SGlTLUJmQTNienV2S3VxQ2Z6bzViZkFKNEtzRk9HallGV0w0VmVfMmw0S042VmlXM3RnSkpSaC1Qc3JOOFRKTnIya2R6TUh4VWEyVFZIQzNPRUpvUnhYcXExTlIyXzlVUQ?oc=5,The Times of India,"Sat, 06 Jun 2026 07:00:00 GMT",2026-06-14T20:41:35.679647,data_breach,True,False,candidate,https://timesofindia.indiatimes.com/city/patna/sikkim-judge-becomes-2nd-woman-to-head-patna-hc/articleshow/131539260.cms
data breach Sikkim,"Sikkim govt revokes odd-even restrictions for private vehicles across state, Gangtok excluded from relaxat - The Economic Times",https://news.google.com/rss/articles/CBMilgJBVV95cUxQWUZySzZkazBBanRGR3htMXIxUXo3djBBaEJLU1AwYV9zV2RFUWdzVl9SemRlbmVVZHRBVkVyTk5tamxIb3k2RjcyZE5qTEV2ZmxZU3llWEY4NjdfN1pjb0dqX2JMSkxlSVctMERfSnN4R1BKWHF4NHZlSmxwTWdvSi1LOUJrOXNablBaQXdWQldHQkp4c01taUVvUmZuM0dyTEo4bzZFeWpVWU9YQW1sQmZGbHNta0hZdzFaTmtnMjc0NFdvMnFYQVVwaHJvb1FDbjhRWlU4OHAyb2Z5NEZVRGNqQ190ZmUwMTVFazl6NVBvYkZYbVlvWkhFRkt0MHNJR3NJU0w2TE5tSUxaNGZlTU4xQzl0QdIBmwJBVV95cUxNMFpveXJ1M2JFUFpZUGh2UlRoSVFyZHdsQWlRMzhxOGhTRXQ2ZUdBaFYtVWV3YTZ1TW1jUzdnenhxMzIwaGdFaHlaQW9BS29uY3ZUZG9wUXMyUVcxb1BCMEQyakZGRlRKYUN5dTJCdU5RUTY4NExTclUwcVRxYXlZdkhtd2JqU0s1eEdVUndyRFowY3o3dkFmMXg2QnA0VjZYRTlHTk9VS2N1d1ZoSXNzdWVWOWV3RlBlTnNRZGM5b3kxMWVCUjBRdW9Cb29HLTJINGhtaFdDLUYydW5ORjEzdHA2bld2VlJqZTJ3Q0o4ODlzOXJ2UFQwWU5udmtmVzhiOWRVeGdWbVBMTmtUVERlSUFZeDYta1BBNjFN?oc=5,The Economic Times,"Sun, 31 May 2026 07:00:00 GMT",2026-06-14T20:41:35.679695,data_breach,True,False,candidate,https://economictimes.indiatimes.com/news/politics-and-nation/sikkim-govt-revokes-odd-even-restrictions-for-private-vehicles-across-state-gangtok-excluded-from-relaxation/articleshow/131422503.cms?from=mdr
data breach Sikkim,"Road breach and snow cut off Lachen; nearly 1,000 tourists stuck since Sunday - Telegraph India",https://news.google.com/rss/articles/CBMi0AFBVV95cUxQLUlQcXNJb0cxWUVhSDFQY3hSUmdUYUFPNERRZXNZZjlWV2xTMV9ZOHBxRlNaMFpsYS15NkM3WkIwRmVkYUdZMXdGVmdVRXVFaFlUN1Bkcm9aQXk1U0NKbFpDZGtJZXM4Y0lQUDNMa0dkdy1DZ0Q5aHIyY2R2RlFNb21kbkx5SW5DeVdlLW5JbWJTNXhuUzNhMGhmY3Z4RXphcGpxV0pEZlA2SFdWV25rQ1FfbjZ6SWNRZl9aYUtLOXNjazh3TzNpcTVyTzhVTm5R0gHWAUFVX3lxTE9TMFl0NkZuVkV5TzFPaTlybTFPQWotaFBRa1FkQVYwbmlVc0JKYm9kcTZHNllwUXJxQkRuYkNYWVVRQUhWdFBJQUlRTFBHQzZ1M241NnVHaFF3aGF4TGMyMVVSNmpVWWNMbHRxTkwtWUZ0Ym1QR3VpNUM0NmlFekhYQnFGV1FHX2N4RU9sa1dHaEt1ZHpRUWg5M0pCTldPTURxSXNEN093Wm8ydWdCdFRPMGU1anFyeENhTmZpREtKNjFsdUpMTWhlS1JkcWl4b1dHXy1vdFE?oc=5,Telegraph India,"Wed, 08 Apr 2026 07:00:00 GMT",2026-06-14T20:41:35.679710,data_breach,True,False,candidate,https://www.telegraphindia.com/west-bengal/road-breach-and-snow-cut-off-lachen-nearly-1000-tourists-stuck-since-sunday-prnt/cid/2155117
data breach Sikkim,North Sikkim’s Stranded Tourists: 800 Trapped in Remote Lachen as Road Breach Disrupts Travel Plans - Travel And Tour World,https://news.google.com/rss/articles/CBMi3wFBVV95cUxPUG9NQlA1aVlsLUxMU3QtUVdXWUVHTUJVdDNmbHZKbmdHRXEyRXBwOUp5MWNVNFZ4QktDcmlmU3Y0S2ZUVW80TW45dG5lSFRFVjJVUnQtMWg3eFIxVmh3ZjhwSmFha2YyX1l0RHZyMVFjWWlSMzdlU2M2Nk43NnFsb1gxQVBnVmItTFRtb28tYWE4eWVMTUtFYWxqdTZMa3M2WUlyUmxlWWlVQ3JCVU93LXhNZFFCanNoLXFIdks5bnRyRm91Y2lPc0phNDBrb1k3TnlYLVB4bVd4eTJTYU5R?oc=5,Travel And Tour World,"Mon, 06 Apr 2026 07:00:00 GMT",2026-06-14T20:41:35.679737,data_breach,True,False,candidate,https://www.travelandtourworld.com/news/article/north-sikkims-stranded-tourists-800-trapped-in-remote-lachen-as-road-breach-disrupts-travel-plans/
data breach Sikkim,India’s Sikkim Faces Major Disruption as Lachen Is Isolated Due to Road Breach at Tarum Chu - Travel And Tour World,https://news.google.com/rss/articles/CBMi1gFBVV95cUxOUXlrMGF5Q1ZseFZWVi1GQnFaNi1kSVJ1dS0ycFZkclpQTERwdG9LOWlnazhsV2p6NUtyUDV5d09vN2NscjUzbUNEOU1Ub2dLQjFsUUNxUzNIdDUwaXA0REx3aVBHbmk5SDkwQmpxeVEtWUJSZHpCMWRXeEw4bnJ3N3lVNjZiRmVsd1RKMkVVTW9FbTRFeEtMN205RGpBdV9ZOUhxSmhsTjJCV05BNnA4cHV4a3JJLVVxVU9tU3VTMmNhM1JMVUV4NmttYmVUYmlKd2xkOTJR?oc=5,Travel And Tour World,"Sun, 05 Apr 2026 07:00:00 GMT",2026-06-14T20:41:35.679750,data_breach,True,False,candidate,https://www.travelandtourworld.com/news/article/indias-sikkim-faces-major-disruption-as-lachen-is-isolated-due-to-road-breach-at-tarum-chu/
data breach Sikkim,"Hydropower projects on the Teesta have weakened the topography of Sikkim, causing disasters like the recent floods - Frontline Magazine",https://news.google.com/rss/articles/CBMib0FVX3lxTE5XcE8zM1ZJdnNiTGtMM3czemJHNWhvRUhXZTRETVVpdjdET25WdnpOVmtBZmpKS2tSTndjUlVFSmpSRTJSWERXdHR6LXR0S2xZRXkwMjVyRE0yWnNJRVppbTJBMTF1WU9iN2tqa2ZJSdIBdkFVX3lxTFBCd1Z0ZnJXVTc0TEhYeXBGU0NRQTF0aFdYZGFYZ1Jtc0RsaVdjNEZBM056T1YwSjZsa1VDTHNhSkpieTJyU3UzbmFSLUZhLVdRbFVDaFBBNUcwX0w0TmFHVC03UlBRVmVvbUpUNzNkQVVfeFpFSHc?oc=5,Frontline Magazine,"Wed, 25 Oct 2023 07:00:00 GMT",2026-06-14T20:41:35.679774,data_breach,True,False,candidate,https://frontline.thehindu.com/environment/article67453490.ece
data breach Sikkim,"The 3-4 October 2023 Sikkim GLOF: drivers, causes and impacts of a multihazard cascade - eos.org",https://news.google.com/rss/articles/CBMiaEFVX3lxTE1QYWd1WGpPN09WNElhZjZqR3Fid3c1TEFGQmNyZG81Vmc5Y1RUMjNGZnIyQkY2clItY3VXaWZGQktRdFdfU2dXM2lwNV9NcGQyclIweXkxWDZlaGc1Q3pWNzV4b3IxcERu?oc=5,eos.org,"Thu, 30 Jan 2025 08:00:00 GMT",2026-06-14T20:41:35.679787,data_breach,True,False,candidate,https://eos.org/thelandslideblog/sikkim-glof-october-2023
data breach Sikkim,Sikkim: Chungthang dam breach another reminder of climate risks associated with hydropower - Down To Earth,https://news.google.com/rss/articles/CBMi2AFBVV95cUxNeDBYcUxHcmVRLWlMQ0tpa1k4S1hqdlFvTGhtVmdzQUFuLTNBVHlDRmlhREs1RVAxb1JSNzBINUJ6QVFvQ0VsaWRtSVJNalZIY0w1bS1kaTBNcERvWXdfeUZ3czhmaVkzU0VvZGJwVlhSSUNjRjRxdE5IMVRwUjFxamFlbGJsV3kzRXVpMnNfYzNTTkpQeF92TkFJUkVsYXRscU9SU09pNThsQXhGN0ZEVEw1dG9weWw2UzZTODJsT0NzQmk5OXg0NkRzUzRaa0M3YUZRQlA3UEPSAeYBQVVfeXFMUDVGSk1wUzVsQ3hrSGhqNHNjN2tacWEzTlE3TV9UWGpMM2NCRlFHRDBXYmdLSGxrT0Y3cDk1N2ZxOVdIcmgzR3pxWmZIb1pkYkxiY3hjdU9OS0xra2dTWGYyMHpnWHpTMnpYQUJ5Z2NFSXFfTXJJSEl3c0N5WkNZYlM1Z2c2OGNoS2xLRGU1NmNHeUJWWllmWDl0eVZMVUxZZmVZSEpIMGRfcXdmOTcxRmJWRWcxTEduYnRINVNVOUNzclpxSGRKdTB2eWVsME1jNW14Qi0xLWJuTGZ2SDNOdkJYVXUxUnc?oc=5,Down To Earth,"Wed, 04 Oct 2023 07:00:00 GMT",2026-06-14T20:41:35.679801,data_breach,True,False,candidate,https://www.downtoearth.org.in/climate-change/sikkim-chungthang-dam-breach-another-reminder-of-climate-risks-associated-with-hydropower-92118
data breach Sikkim,How the Sikkim flood drowned farming and fishing opportunities in northern West Bengal - Mongabay India,https://news.google.com/rss/articles/CBMilgFBVV95cUxPbHRPa0szSW9vaEtVcmVLQ3duR0xnRFptTFA1U0kySGNZZEVkZHFrZlM0OWNTVmxBdXpvbTN0Z3pGNmlGUjdmajhuRU11MmtVN1h3QjZ6YkZ5R0tKcjR3ZGRCTXFkYmVoY29rQlV3Mno4YzloRkg1a1BLVnlEWXBHdkV1WkVVT3dTbjFCQjJFRDgtVW90emc?oc=5,Mongabay India,"Fri, 01 Mar 2024 08:00:00 GMT",2026-06-14T20:41:35.679813,data_breach,True,False,candidate,https://india.mongabay.com/2024/03/sikkim-flood-drowned-farming-and-fishing-in-west-bengal/
data breach Sikkim,"In the Sikkim flood’s wake, a trail of hazards lies in wait - The Hindu",https://news.google.com/rss/articles/CBMiuwFBVV95cUxOa3IxYnBfUDhtbjNlclNHY2ZvWHE2MzhDSXduaDNXT3ltSVZCWGQtQjdqckFDeGFVQndPOVNYSm9KaGxYaDRzOU5MWktpcThtWHc4UUJJbUQxUnRZRHl4S0dVclpBUlFrWnRaNmthV2lhTGJpM0Z2RGs5b2NDWjh4dmpLcC16RkhXUDRRUVhsM3BtMHR0SEJ3ODdDQU1idXc1LXpLUC1EeFNNcHlRdHloUHBMSC1LQWR1RW5B0gHCAUFVX3lxTE5NWUFyclh2RURleGNpbjFBa0E5Mks3Rk95cFUyOGF5X0NtSk1sU01YNXd0UC1ObUN6Nl9JbWFGZnVLMjRoOGRPVDliRnp6bGN6dmh5OS1jSDhhRTRBa0t2cGU2cmItd2dXdFFNWkZJOEpYSlM4N2loLW5tQnozNFpIV21MT2kzQ0tocmxzOHZ6OWs5SjJCamtndWpuTjRlbm9sazc3Q3hRazBjRU9MX1RMWlBiTF9fOEpwdHprek02Umdn?oc=5,The Hindu,"Mon, 06 Nov 2023 08:00:00 GMT",2026-06-14T20:41:35.679876,data_breach,True,False,candidate,https://www.thehindu.com/sci-tech/energy-and-environment/south-lhonak-lake-flood-teesta-dam-climate/article67503729.ece
data breach Sikkim,Political stir follows expert panel’s approval to rebuild Teesta dam in Sikkim - Mongabay India,https://news.google.com/rss/articles/CBMiswFBVV95cUxPNmhJOGV4VGJBVEZ4aFRyYUxtT2NRX3B5d1p6akZzbXkzWkhDSTJkY3dLeGhUbkZSbU9TTmtnM2NYRWp4bDR0UGdLXzhMT3pMejZRYnItRG1aZ1o3VjVRWkpsNTZzVk40alY2RDVHa0MwRjJYUmkzZFVRaU1TaWZqcVB2VkFybTh1ZkYyYXlBQlQxZUJtNUc5aW9aMm5zaHpIR05mdXItcG52WTZOZVdnS2lwVQ?oc=5,Mongabay India,"Thu, 06 Feb 2025 08:00:00 GMT",2026-06-14T20:41:35.679888,data_breach,True,False,candidate,https://india.mongabay.com/2025/02/political-stir-follows-expert-panels-approval-to-rebuild-teesta-dam-in-sikkim/
data breach Sikkim,Chungthang dam breach hits milk supply in Sikkim as Bihar halts deliveries amid road damage - Down To Earth,https://news.google.com/rss/articles/CBMi3wFBVV95cUxOMHhHbmlJTGc2NGN4ME10TTFfVXJLT2l6U3ppc0IwSS1ydHlBYXlyd3k5QktMRTdrWUh3TFNPSG15XzlZb1U4Nm5lc0o3NVJOQzlYWHl1MEdFZHIyaXAxRDFOQmNrbWFmMFFXSXp2T0RlSmp2VWdwa3J6YWJLZWY0b25iRFA3SDlkOElqaXRDbS1xaHd4TDVsSXpJaFpISnVPaUJBdlFjRDlFdVB4MEVhTzViU3h1a3NpQkVadW5sbzVjSG9wLUpGUVhBV1JYMHBRR2ZqdUhhQXBDd1BIV0I00gHsAUFVX3lxTE5ZMHRjZkc1WUV5Skx5MW5kTDBFZC1UWWdpVUh0eUhaZ0ZXSWdKR2pFb0JvSnA4RDMtQkQwMVNWRnp5WTQ0VDhwMU0ycHI1UmNPNnVoQkZ0eFVxUFFNclVFbmMyTGtvbjd5NFY1YjRrYXZqRUF4TmIzWnhUZnNzRTFuc1lRWjBtWVNHcGUzWWQ4Q3VQdFBwcUdxZ3RKTFR1N01Ubk44YktEQXF4QXdWTkxiREUyUm9COXdIR0kzeG40VnlXM2hPRjJRY3UxdTRISUh2Ukp4VjdjZ1J6cm5yeDFDTFlBeEJ0ekx5TlYz?oc=5,Down To Earth,"Tue, 10 Oct 2023 07:00:00 GMT",2026-06-14T20:41:35.679901,data_breach,True,False,candidate,https://www.downtoearth.org.in/natural-disasters/chungthang-dam-breach-hits-milk-supply-in-sikkim-as-bihar-halts-deliveries-amid-road-damage-92229
data breach Sikkim,Security breach: Burglars break into Sikkim secretariat - Telegraph India,https://news.google.com/rss/articles/CBMipgFBVV95cUxPU1ZndkRNMUhVLW44alpGOFgzUXNINTBFcE9qd3pNS253bE8yZFQ4YldoOUFoWHpNWl9NTnNUcXYxbFJUUFRTN0R0MW1VWUtnRVFsaXI3X0lrckROTko1azI2Z2ZIV2l6Ry1lYmpPa3U0QTdyVzRTUzJyUXlucDAxSUlCckdONTNzbkdtVGh6VGJuNldrU2Z4bXZXeDlGeWdKSkZJNlN30gGrAUFVX3lxTE13eFRLa1FLS1Y4RlN0ZzNTNlJLY2Z6M0ZVaFpVdUNVSnQ2aW9xZk9TM2hVSUFTYVlGQnNrZlRGcGFpdGRaMGVTa09LM2V5RmVTazE5bnBjNWJWSm4zWXhDSlh5Z21qa2QtckpZZHBXUXFNQ3VNZFVWNW44N2RQOC0zNUc1OGp1bkJvQWV2RlVqQ1pSdmlhaWJVSzF5VnpYZk5PUkNUQVd5VTZBTQ?oc=5,Telegraph India,"Thu, 17 Feb 2022 08:00:00 GMT",2026-06-14T20:41:35.679913,data_breach,True,False,candidate,https://www.telegraphindia.com/india/security-breach-burglars-break-into-sikkim-secretariat/cid/1852224
data breach Sikkim,The 2023 Sikkim disaster exposes growing risk of GLOFs in a warming Himalaya - Down To Earth,https://news.google.com/rss/articles/CBMivwFBVV95cUxOay1Qa0VFQ0oyTjF0al8yQm9TdHNWMEg0OVI3bE5RcU1wT0xxRlJ0MGR0ekRkTGlSaWVjd21wMU1lSDJsUVlCQm84ZUkzRnhOVkNmNHQwLUNEN2FETUc1emQxZ0ZfVUx6VVR1eXBzUTFnUnUzYlNoejZFQnBrV0dGMEhnZ1lpV0lpVUU1eEV6ZUxFV0twZDFHVHlILTBkRUdsT1RURzVnTnl3QkcwanlaakctTGtWcXBaU0pxVU9rUdIBzAFBVV95cUxOeENtY3BVWGFRUm1HSkRtOVJlYnpGMFM2X2VPaEhHR09vRmt6NWhDVGlVU0FMVndYYS0tWTYtMXhHMXhjMFZsaGMxd2w4V1pLTUx1U3Rzak9zXy1xYTI1ZkFnVzBDNXdtZ0JrNFRiNjVqSE1oVXZFSS1KemJjc2pwMmhNdTd6aTRUek1YbDZ4bG5aWXJmZUR3NGxydDhOOTZULWpDdGk2V1paVC1VZ09ycEROcUdGU052ZUR4LVJzTWtZRVR2UFRhSEFwYkU?oc=5,Down To Earth,"Tue, 27 May 2025 07:00:00 GMT",2026-06-14T20:41:35.679925,data_breach,True,False,candidate,https://www.downtoearth.org.in/climate-change/the-2023-sikkim-disaster-exposes-growing-risk-of-glofs-in-a-warming-himalaya
data breach Sikkim,"Sikkim govt, central panel split over what caused 2023 floods. At stake is Rs 2,500-cr insurance claim - ThePrint",https://news.google.com/rss/articles/CBMizwFBVV95cUxNd3YxbkZ2NmlLRFZwLVlGSHQwdXk5QmNpNXR6N3Qyc3JZZVlib1QxOHhnTXJlaVpYbG5OcWIzU29KZHJJMHE0NHBKbE96UTU3N0dJVUgzcGJHRU9vYzFqeUgxQ3Z6LWtFeFhFMnM4amVSVDVsZ2hoY1VqalJpRjF1R19CaDVRQmdOcjdTdDl4a3E5dGZ4NS15Y2dkNE5xS0lIRW5SZnNYd1EtbFRwR0NNWmR0LUUzQXdaU3lqVGhTM0FzQ0RLZEFkU2lLMVVSX03SAdQBQVVfeXFMT3FQZDlTNU5SRG8wblQzMThIem9mY3RtNFZhbl9GYno5QmhUVFJxMnk5aDhydlJIdlFXV2YzNEVCUzdvV1hSeVYyWGJuZUNKYU9wMGpxbGxDTWlZQUNud2pQd1JfMFE4N3YwWWk5eEhMdHhKZkgwbmwycTJta2pHendiR2tlN2dBcWY5djFubEJHYnNVSldIZ21aSjJ4b21ENG5JRGNEZmM1VXppT1FCeUVfT1VRbXFDWjlGNWI5c1hmQTJlazZnRHpyTmJZS1RsZWZqMk4?oc=5,ThePrint,"Tue, 01 Oct 2024 07:00:00 GMT",2026-06-14T20:41:35.679938,data_breach,True,False,candidate,https://theprint.in/india/sikkim-govt-central-panel-split-over-what-caused-2023-floods-at-stake-is-rs-2500-cr-insurance-claim/2291910/
data breach Sikkim,Security Shortcomings? Oversight on the recent suicide case at STNM - The Sikkim Chronicle,https://news.google.com/rss/articles/CBMib0FVX3lxTFBhbk9aZzZFUnl1V2FSWVJZVGpzT1N0U2xxMU1HMHBYVUpzeEhzdS1jWDc5ZElBQjVGWjI0T0JQajRBaW43Ni1LVUNqZHpWNU1HblRzYjlZR3RUOF8teWQzUXNYTVBKQjZacjJnSnRPQQ?oc=5,The Sikkim Chronicle,"Wed, 10 Aug 2022 07:00:00 GMT",2026-06-14T20:41:35.679962,data_breach,True,False,candidate,https://www.thesikkimchronicle.com/security-shortcomings-stnm/
data breach Sikkim,Glacial lake outburst flood in Sikkim kills many. How does a GLOF happen? - The New Indian Express,https://news.google.com/rss/articles/CBMi1wFBVV95cUxQNTdJd1h4UFRQcG9JdGFoZHdsQjlyUlFUZ0xLZkxTYnZhVGdUaXBUOUdra2F1cUV0OVBteEVwWTBhc19lZmlMV0hMWDVwaXMtbE94emVKc1ZoN3o4ZUFYZzZWU2I1aldTRmxvNVl6djF2LUt1VHFMNlFLamNSTExCWDB5bUpabE5YYk1NUUdzMWRZemxjX3k0V3dMaXExeUx4eHdIclJCXy1kZ1NWc2VJaU4tWjViNGdjcm8xU3RoYk54NHdBMFdTWjBlTC1abk9TYV9UVkQwY9IB5AFBVV95cUxNSFMzWkQyX2R1LWRBdkZkVkxGRExGdWtUNGgxTTJfRENLMUx3WWlqeF9RVE1ldzg5amFyWnBfTUE0Q3dGblpLMjM2aU12TVlCS29XWjNwZkIwNjlyb0RtYTJwOUVrRl9wZVZPWFBQSFE4c29vRjVoNUQ5ZnBWTl9pM2NMR3g1dVhQVWdwUE5PR2xmcTZMQ29oc2pBdnhHUDlIWXB5ZVByRE5YMk9ZYzhPQml5OTlIdHdkZDdiWUItcS16SFlyTnhQRjhaY2U2ck1RWFVPMmRDZ0VhaUs1dTcxa0NOMWk?oc=5,The New Indian Express,"Fri, 06 Oct 2023 07:00:00 GMT",2026-06-14T20:41:35.679974,data_breach,True,False,candidate,https://www.newindianexpress.com/explainers/2023/Oct/06/glacial-lake-outburst-flood-in-sikkim-kills-many-how-does-a-glof-happen-2621443.html
data breach Sikkim,"Sikkim landslip: Three dead, six security personnel missing as landslip hits military camp - The Hindu",https://news.google.com/rss/articles/CBMi8AFBVV95cUxOV2YxSmxRRHlYNlljUGprNWc2WkV3V0pXa3VoMFdhMVRCRGJCbGJ0UHl6bG9DSlFBdzRCUTVwZkI5OXF4RHg5a3NzTi1QZ1ozWTh1Vy1jOTAwOTlqYUhzM0w4eDlMb1dPdGZES2dyUkMweTVhdDdERGx6ZXhfSkVvODJuWTd2LTVmRm9Xd01DZEczQVI1YnNjTnRmYzFfT01raTZ3a1dmS0FyWUxrVWd3bFA3TWJKOXd1TmNmVUpjWjlCLXRfZ3hkRzQyZFctNEtfUThXaG5HNHlvS2xRTkRkNGQwUHhpRkZMbWUyT0JWWDHSAfcBQVVfeXFMTnlzZmVtMGJmVC1QZG9yWi0xRHNRdEJFNkJ4UUJKV3NURUdEMHh3N2dhZmhNOHc5NVlPLXFscnFrV29Sa2hRYjVxallpaVFZYlhWMGhJQVVJRnp6Yy03dC13a3lhc2o3QkdrLUN2bElUT1BWaTk1RlNfOHNRS0hEUVhSWUN2VHpZYlM2ZjRzUS1VWU5VdmlNY0NaeVctMkFXY0VqbUlTMldESUlZM1J0NmlyOF8tVHRYTFlTaXB3RU5sTDZQeDdBUFFyT2EyTGpNdU5raDFqR21RdjlNeVd5YVpKcmIwSmUxQmI3OVNIazk5VlhXX1UySQ?oc=5,The Hindu,"Mon, 02 Jun 2025 07:00:00 GMT",2026-06-14T20:41:35.679986,data_breach,True,False,candidate,https://www.thehindu.com/news/national/sikkim/some-people-dead-several-security-personnel-missing-as-landslide-hits-military-camp-in-sikkim/article69648179.ece
data breach Sikkim,"The week in 5 charts | Sikkim floods, Global Internet freedom, Nobel Prize 2023, and more - The Hindu",https://news.google.com/rss/articles/CBMizwFBVV95cUxOS3BIaFdKYnU4NkVuejFFTElfWnRCbWRhV0Y5LUNUUEhneVRicVhlVngyMmxsU3g1YjJGcTFzMk03YWdrbmRLTC16MVpZZEhyNy16NU11a2ZoYnhpVTNuMUxrNlVDV1BXNVBhNzRXYnJCWm05SXAzT2VxejB3Z0JNTzhodUI5bHp6RHlWdlFGY0VST1ZhZF8wUFRNQjBIY3BKa2MyMTZOWGJYYmMzZktlc0VBNG0yWjBwd2RxUFVPSE9NdFhoUEJDUlRxTjExUHfSAdYBQVVfeXFMTXctT1EwbmxlczdnZUxhS0FxcEJmekk5WGlZeWpaVU5aVUZUd2Z4RjIwN1ZITU1KQkM2S2ZHdWt2NVJnM1VITEc1OWdNeHhZMTdMbVZaV0ZkakNvazZ5cFdpTmFLRW1iYm4xSkZIMVl5VHZ1WnFhVkU3VjFrdndrekdqQm5RWGE5Qjhsemd1eGdidmluMVYzd0U5dEFuTjROR1RTaGFRa3Y2YnBjWGJzXzBMa0o5RDlfVUZHZjZTd1ZwZDdnVXpvVFZVWUpNcS1uZTR2WkFrZw?oc=5,The Hindu,"Sun, 08 Oct 2023 07:00:00 GMT",2026-06-14T20:41:35.679998,data_breach,True,False,candidate,https://www.thehindu.com/data/the-week-in-5-charts-sikkim-floods-global-internet-freedom-nobel-prize-2023-and-more/article67388418.ece
data breach Sikkim,Nepal quake triggered Sikkim disaster? Scientist to find out - Deccan Herald,https://news.google.com/rss/articles/CBMirgFBVV95cUxObzBGc3h2dW9uYkVFdWVadXZoT3Y1dEhHWXhUc1Q4TlFVSEVfeldkeks3d0JaeVZwWDBJcGFBMElrYm5hVkNGc1FmeDZJUFdsM29QZmZPVmpVNzZVMVBfNHI1Rzd3eUFWNmZmTmlhUHUyaEpjakJ5WGdKMXhvQV9aQlNJTWZNUl95SmUxQ3VXSlJ0NnRyVERZVFJkLUkwdUVOdWNJTkhzOXdTZlIxSWc?oc=5,Deccan Herald,"Wed, 04 Oct 2023 07:00:00 GMT",2026-06-14T20:41:35.680025,data_breach,True,False,candidate,https://www.deccanherald.com/india/sikkim/nepal-quake-triggered-sikkim-disaster-scientist-to-find-out-2712704
data breach Sikkim,The Sikkim floods – In defence of the Chungthang Dam project - The Times of India,https://news.google.com/rss/articles/CBMirAFBVV95cUxNZHNDc1EzNHhaNTRMMTdKbVVtbzRzQ0tVMFBRbTZkQkVZaVFYbzVHMkhiYjVEWEtLVmZ2eXFwOTQ2UjJYNXdoRm5xMzdQNGwzTmNITXA0anpsaFdlbU5EUndRbl9sOHhwdXhLRkg1RGFnbkFPaTQzWDktcGlGdG9nc3FQd1ZhMF9vWG5tVDlzYXRfWHBDN3VJTi1GdjliWTZVN3h0UTNwQ2NvdEs40gGsAUFVX3lxTE1kc0NzUTM0eFo1NEwxN0ptVW1vNHNDS1UwUFFtNmRCRVlpUVhvNUcySGJiNURYS0tWZnZ5cXA5NDZSMlg1d2hGbnEzN1A0bDNOY0hNcDRqemxoV2VtTkRSd1FuX2w4eHB1eEtGSDVEYWduQU9pNDNYOS1waUZ0b2dzcVB3VmEwX29Ybm1UOXNhdF9YcEM3dUlOLUZ2OWJZNlU3eHRRM3BDY290Szg?oc=5,The Times of India,"Mon, 11 Dec 2023 08:00:00 GMT",2026-06-14T20:41:35.680038,data_breach,True,False,candidate,https://timesofindia.indiatimes.com/blogs/voices/the-sikkim-floods-in-defence-of-the-chungthang-dam-project/
data breach Sikkim,Sikkim: Here’s why the Chungthang Hydro-dam breach is a big deal - Down To Earth,https://news.google.com/rss/articles/CBMiugFBVV95cUxONjkwOVdNNHNkY3B0SFRmdl9VekJGcmFyTFBWQkhmQ1hmVlZWTlRSanMyblM0dkRGNWwyaWlLOW9td1pUcWJHUjZQbW5YSDQ0LUhJQ3RJUE1sMHljLWhCWmFWSWxyalY3dEc5Q01rcVNfbHBYeEJ6VHktVUFVTWkxSHh5d2I4U1hyWGxaQnVCMlNxeU1IRmFCdE1Ick45U2YyVExLNUFuUlNCTUN5LXdfVFlSaUs0ZzF0cVHSAccBQVVfeXFMUDBRUjkyUjhCNEhWYnp1bHp5bDFISG1nRUxBc291czQ0bmRsTUdZOVFsUm5EaGg2Nk1WSXBJOTVmMHFkUmRTeEYzcFpnajVEV2hteHlLU05fT3Q2bEhUME1yRHFFenlnVWlpYkFlSXQ0eTJuNFVUQk9RX2FVVHZBYXpDdUNpcG9kZVVtX3o3U0UzVFhsM0NQWGRFRU82M0JzVEFvc1NCSE8zRTBYNngxbW84SGc2Tzd2eFppT1NTd0RkZ3hjcldPcw?oc=5,Down To Earth,"Wed, 04 Oct 2023 07:00:00 GMT",2026-06-14T20:41:35.680050,data_breach,True,False,candidate,https://www.downtoearth.org.in/natural-disasters/sikkim-here-s-why-the-chungthang-hydro-dam-breach-is-a-big-deal-92109
data breach Sikkim,"The Sikkim flood of October 2023: Drivers, causes and impacts of a multihazard cascade - Sikkim Express",https://news.google.com/rss/articles/CBMixgFBVV95cUxNYmxqblQ5cTBTdkhpLWc4dUpCanZHVWJzMmtINGlWa3YwQkRkcTJpNndQNUNBOTRuNHFadi05THBEd1VVZ3o5Z0tzQUZYTjBDMkZtXzNjcXBabGM3aHVGMHlSamhtWHdjcVF6a2IyOTlnZWFGU2xicFlqYWd2eXJZbXV0elNiRFB0QnBJYUZrODBmTzBKa2ZyQWY3M2o3ZENHQlZmTGcyNHVLMkkyY3YyXzNPOGdQVGp5eG1mTjJmMUFKbkV4YXc?oc=5,Sikkim Express,"Sat, 01 Feb 2025 08:00:00 GMT",2026-06-14T20:41:35.680063,data_breach,True,False,candidate,https://www.sikkimexpress.com/news-details/the-sikkim-flood-of-october-2023-drivers-causes-and-impacts-of-a-multihazard-cascade
data breach Sikkim,Sikkim floods: Satellite mapping of remote areas where rescue ops haven't reached - India Today,https://news.google.com/rss/articles/CBMizgFBVV95cUxPMWJ2UHJWQXVXR1NYLTZLNjRfWDAzN2N3Vk9oOEJseUNuVS05dklRWjZ5cVUzT1owUVBqYkVMWVZnU21CY2lLWjJKeGdyWlZyc1lnaEUzc0QxOThNM3dBblhxNUdUMWozbEJ1VEVxZUZ4djFvNEs1alc0U1VCUjdOWTVDQzlKYjBJWXFsN2RWcDN0djVoQTU1UTZMVzRBQ29RUVVHdEtKOHQxZTRCeHJmcHlGcmtKWDlaa0RaX3RFMzYtZFZ0eDk4d0lVMmE1Z9IB0wFBVV95cUxNUVVwRThTY29SVjMzOWRqc2JxZXEwaUgyS3kwRGRKc1M4VGVjZEs2MVZwMGw4dDFUMFNZamJ5Sm91MUM2T09aS2w5cktfS04yLUpnX3B2YWluYkxneGZPbFlBanEtbEdQV3Qxbnh4V3ZyVDdtRm44d0Q0dXJOclVGbzJPbGhrMmJMWHkwUnJLakdRYk83aVhwc3pyS3hHaDYyaFRJWi1sOGFES2hvZXFOSHRkYnE0aE5TeWxmb2dYNVZXbERDMjI2akZnNE1kVU11T05Z?oc=5,India Today,"Fri, 06 Oct 2023 07:00:00 GMT",2026-06-14T20:41:35.680146,data_breach,True,False,candidate,https://www.indiatoday.in/india/story/sikkim-floods-satellite-mapping-remote-areas-where-rescue-ops-havent-reached-2445558-2023-10-06
data breach Sikkim,"Massive landslide in north Sikkim leaves trail of destruction, Army joins rescue - The Times of India",https://news.google.com/rss/articles/CBMi6AFBVV95cUxOX1F3d0wxRnExelAtRWZFS2c4UnN4U1U0RTVsbDFqRnk3bWxTVTctYXF4b2prWFVwaWtLNGZXcEd4dkxWbzNrVUpndjhXSXZrdGRzaWZCOVcxdHNJT1Fob3BjR05MSEFoWW9CVkpIcUd5QUc4MVNhOUNLa3dDWlI2UXJBdFJFcFZDVk1fQUpiaFNoQWJGUGprbmZHRnpJaHRGenJJeE81WGV4Z04wZ0JkWGx1M1ExX3h3YzBRNS1vN05DRXE1dVpOb1U0bVd2RzR1WUFfc0JJRzZPQ2Z2QTI0cWJ3SjFlSkdD0gHwAUFVX3lxTE9qUE1iWFZiMllFdFpISGRtVVhqeGg1X2dFX0Q5QmZsWUlyZWdRdzNiVnFsbVRnbzBBVEZmbTE5UFluTF9uT0M1SUt5WUpjUS1LQktLQV9vQnRxYzJMekNVTHZaSkZMR0pRMmRySlc2SV9DeWJid2JOYlFPUW5raUVzQlVTZy01WWpVbWxBOUQ0UzBXUS1TNDMwTkRhQlFBV3l6aGJGb1J3d3FVMmUzUUxZUHZwemNXS205VHJLanROa3RtN3hoLUJVejBVVkZCTG93Nk9hdEM2WTM3Tm1XSmJVT3ZfU29YSFI4SWg0NW1VbQ?oc=5,The Times of India,"Mon, 02 Jun 2025 07:00:00 GMT",2026-06-14T20:41:35.680195,data_breach,True,False,candidate,https://timesofindia.indiatimes.com/city/kolkata/massive-landslide-in-north-sikkim-leaves-trail-of-destruction-army-joins-rescue/photostory/121570104.cms
data breach Sikkim,"Sikkim: Kailash Mansarovar Yatra Begins From Nathula After 5-Year Hiatus, First Batch Flagged Off - The Times of India",https://news.google.com/rss/articles/CBMi-wFBVV95cUxQdExJTGZVbEQzNExmd0stallzZ2ZZNEtTNlowS2dYYzlZQXo0NEhIOE1QX3NyNi1iTHczb25fUVM4LTluYmxXYjFHY0ZVaVJldk1ibEpaMWtHSkxLNUc4dHBYaGlMRnJMOEVRRTZ5T3pEb09nUURYU1hvclRtaHdIVVc3NWJBZEQ1WTg0eXdWWHcyLXhBaExJWDJmdVNPdUI3eTQxbWhqUnU5ellwZDI0dnJ1YjNZckd0OXBtTHR5SFptVEJBTnhJRmx2a1JMSGR4TWFqNEw2ZHFQT2t3c3JWMlVTYUhpN0xqbnlMYV94b1dzbGk2MmphWE5Dd9IBgAJBVV95cUxQOUU5bUtMNUZoWHhNdm1SMkpRNkNrYm5GWndxVUlWeVZTWVJOaW44ek8xQU0zNUh3dXB2cWN5a3ZGampoRzFHdWdMTkI0ZjQyYThFbjh3OURBNm9hNXY5MlRhNzdEaXc1cGtBTG5hcUdPZTRWTnAwbHljNFZ3eDc1MjJPVGxnRWIzWEZWRnRwVDdReWNENkswYjR2cS1iOUowbmV4aERwVUpYc294d19wZDR6RzYwTFF4MzM3enUzT2pjTGRkcS1yYTRTLXhZQ2tuckJBSEFQSDhFSjZSQlJqUG9pRHhDeFF0TzNTbExOelMwTVFCZDNhN2V0dW4wRnlU?oc=5,The Times of India,"Fri, 20 Jun 2025 07:00:00 GMT",2026-06-14T20:41:35.680207,data_breach,True,False,candidate,https://timesofindia.indiatimes.com/videos/news/sikkim-kailash-mansarovar-yatra-begins-from-nathula-after-5-year-hiatus-first-batch-flagged-off/videoshow/121975566.cms
data breach Sikkim,"Digital permits for foreigners in Sikkim pockets, government discontinues physical ones - Telegraph India",https://news.google.com/rss/articles/CBMi3wFBVV95cUxNRDIxSHJleGgtRXlLeXJBdXQwQlZjcmwtdHUzYUV2cFJwbXBqRlQ0YmhaNFJEWUpnYmdGQUZWTzR6TVMwdDJVOV83SFQ0anB5X2l2cDJPRnZvX19GMXdWOGlUWUNNTjE5Y1IwbDdRUmhwRUZETHA0a2FVX0VFMUxFdm95M2xZdUFyZzRNYmJtMzVxQWlNYXJHbDJ2Y2JEU3dxQTBETXRMNFFXQmJEVHcyTU9falk1eWJYSlNDYk1oNWlTLVFiVWZsSnBHN1RMYzhnSXBIZXVCLVYtbGVxSzJz0gHkAUFVX3lxTFB5Mjc4WUY0LTZBLXR2OUd3czV2MDEySUVWY1B6MVVJMXdMUHIzX2NmaG50a2paRElYS1AyR2tWMzczM2FseUZGSkVBbWVFWTFzTWdmNHhtUWZDQWZVLVppWmtEMjJWZnJiUmVyTjBjVlhEaE5UU3dWQS1NNy0tVW0zY2VxZUFudzJfcDdpcmVVOUVzLTlVQjAxelhxdEVSaENURGdUZUFMWXpZTGlzNFA1R3pfcTRuLWp6c3VYYTJFWDVyS2h0TGhJMmJxZk5SZXJHYTdPWW15aTVpSXMwdEdZbWZ6bA?oc=5,Telegraph India,"Mon, 12 Jan 2026 08:00:00 GMT",2026-06-14T20:41:35.680219,data_breach,True,False,candidate,https://www.telegraphindia.com/west-bengal/digital-permits-for-foreigners-in-sikkim-pockets-government-discontinues-physical-ones-prnt/cid/2142247
data breach Sikkim,"Sikkimese people feel betrayed as Article 371F ‘violation’, says former CM Chamling - The Hindu",https://news.google.com/rss/articles/CBMi5wFBVV95cUxPdGJRYXR3LW5mUFhTUnJYZldMTGM5aEVGelJlaHkzZ0xtTVd3ZWVldTlyaWJJSFdsQlE3Q2loU2FjaVRnbXhQRFBvS0VGNDU3VkxkZk9oVWtfemlUS3h6YXJXa1pWdFZLWXp1YXpjRnZ4V2lYNUhtVGQxdnVqcnM5djJCa3Y0bFZQYlhlTkNmVnF3UW9SWGdsUkhSVjlERTFFOTh3dXBSZzQ5X011MlR0UzFrcGYtR2V6UG1yUURnXzQ3ODlOMEpzQWQ3TW0zVE5CWVZLU0tfeEpERTVsZUptOU80alhoUWfSAe4BQVVfeXFMTmhlcFJZUl9COUtKWmR6YjBpQVM5MmFjRWdVZ0pzQWZLYk9fS25JcUNBdk9ic2VPMmpDQWFwT3E4aXhZcTk3NXdsTXhRSHBGVl9YQVFuRnRrc0RVRk9vV1A3M25TNUYxVVlrVE1JLVQ4ZUtiMDlLQUNueUtNZF9RemJDOWY0OFhtaE5BMHg2YXAxek1Zd3pvbkQwSUNrZ2NUM2VWTzNjRkpzOVpFQ2tOTURHM0ZreGRjaFl1UjltVkg3Uzh0SEVCSzQ2WnBnb25NNGZQVTJzVTI3MGFTYzB1STRHbUk3MG0tRk14V2Uwdw?oc=5,The Hindu,"Sun, 09 Apr 2023 07:00:00 GMT",2026-06-14T20:41:35.680243,data_breach,True,False,candidate,https://www.thehindu.com/news/national/other-states/sikkimese-people-feel-betrayed-as-article-371f-violation-says-former-cm-chamling/article66716395.ece
data breach Sikkim,Sikkim Democratic Front sounds bugle for elections - Telegraph India,https://news.google.com/rss/articles/CBMiogFBVV95cUxNV3R3WTB0MzFuVVIwUENFc1o3S2xpU1Y1QjJVTFdOdG96VUhpUlhRNmhMZ2dLeEFDVlg0Y3Z5alp2YUVfbWJhQkFadFViQUlTR0QxQlZQMDgxSUZzakQyNWhmTFQxWEtTVVdPLVVDYmI2VnVBenpyWWJZSFd3cFVkU2RtWV9IZmNaUXBmYUwwVTc1cDN6WnR3ajgzeWc5SllhTkHSAacBQVVfeXFMTkJrU3pKWDNldUJ4OGZYSEpKam42ajg1bnBUaVlBYksySHhNMm9KRDIzTG0yVnZ1dEFoSkh6enVqaGJPRzA3dXJHMEZtVDNHTXpJczVTT1paUGJoTTdBcW5UdjhsUHZrY3ZBQVQ0bVBRTTZnZ2lVaEluZ1RNLXh4MzBpOU5ZbFAyNEpodmp6R1ppQlM1S0tkRnNfcnVuaUVqSEJXRktWREU?oc=5,Telegraph India,"Tue, 29 Nov 2022 08:00:00 GMT",2026-06-14T20:41:35.680268,data_breach,True,False,candidate,https://www.telegraphindia.com/states/sikkim-democratic-front-sounds-bugle-for-elections/cid/1900822
data breach Sikkim,"Watch Videos: Sikkim flash floods, cloud burst, Chungthang dam destruction caught on camera - Mint",https://news.google.com/rss/articles/CBMi3AFBVV95cUxOc2F6Qzg5bTFjWFgxLTgyQ2RNZmg1ZG5ScHY4TXk0dWxfU0dYdHBERkFuQ01zMjZ4bk5fWnpnN1l5TDVfOW1GQ0x0Q1k4bkpUaG5SSUVQekdUX25FSHZ6ZTAyV1AzbXlNaEk5NGlueFhtaHJJUC1hRGRtOUl6U2IxamNRb3BlRUhsSHFMOTRETWRDSWFrcERTY2NEa3RKUlRqRk1PR2NGcFpWdjMwQUZ2SzJlSHRfcVFiSnl2TlJnMG5qc3NpTTFlcnlqblNrSjJQTVo3VXVqRlA5TUs10gHiAUFVX3lxTFBvZHFOcFcyMHhkRmJvMXFqSzVoMHdmZUtQR0ZhODZsdDZEV0JuV05lVFc0SFNkeWdXb0FXQlZTa3lxUUMtOTVzUXlYR2RpU3k4am80UWNPNjNNSGNtLWs3MEFJSXd5M1d4OHJyb1FSdVRVemhlZmc3LW5rMzh6Si1vUDJRRU1ORnZTZUhtb1lMSnBRWFZremhpb3ppNW4zOFg5b3lxc3RTZzNDdmlBZ2pQNGZBNmE2TXpTTmtVNHh4QW9QVnY4eVh1YnI4M3F0QmIxbWZPOW01akw1Z1p4U3daVmc?oc=5,Mint,"Wed, 04 Oct 2023 07:00:00 GMT",2026-06-14T20:41:35.680280,data_breach,True,False,candidate,https://www.livemint.com/news/india/watch-videos-sikkim-flash-floods-cloud-burst-chungthang-dam-destruction-caught-on-camera-11696406002065.html
data breach Sikkim,"Sikkim: Around 1,500 tourists stranded in Lachen, evacuation process underway - Moneycontrol.com",https://news.google.com/rss/articles/CBMiywFBVV95cUxQYWFMLUd4OC1nVkZXX25uMGkwbEt3V01DZF9yNHZETHZCZW5Wd0pKQXRCZzkwOHZrcXhXMVV3LUJ5RTRzVkhteHVRXzdEbXloT3VlY3RvMVN1WGxaRnNETjN1WjJXbWZzUGh1bWVWU0VYUHg1RWpOZUtaYXhCOWtDaVFSb0NVTG1vUF9KVUFnT0FxU1dQdHoxaUdVbjZ5c2FDNXgwSzhpQkx4SERlM3h0bm5GUTBhUFJuMURYTTB5TUc3V00tUENfZk5nc9IB0AFBVV95cUxQd05ibURoMEgtaEhHcGk3b2FNUmRveEtZbnlvNkk3ZHJEV2xmZ09zX2lmRVB6eG1FUXpJLUdkdXdxeEhNME9aRVVRd1k4SFJld0U0MGFPUjlaSUFhWU8xVndaUmpSVWluS2txVlJmLXFIQ3BkTHJibXRkYWo2NTh3QWk1UkREMkNMeDdVcFFXdWlnaFlidW5Yd2gxOXR3REE3SkpfNFFDUUlmZERYNG1TeUZRZnY5QjRTT0V4ZEY4SFRBWW5qeGdhQXFMMzBhSDJ4?oc=5,Moneycontrol.com,"Mon, 06 Apr 2026 07:00:00 GMT",2026-06-14T20:41:35.680306,data_breach,True,False,candidate,https://www.moneycontrol.com/city/sikkim-around-1-500-tourists-stranded-in-lachen-evacuation-process-underway-article-13880828.html
data breach Sikkim,"Sikkim government crackdown on trade license violations, warns against sub-letting - India Today NE",https://news.google.com/rss/articles/CBMi2AFBVV95cUxPTEpkb3RIYkRRaDRwYnJIU3lmTjcwSzdCTUFDeDdaRXNVNG9RUmZwdm55cF91S1FaX1BKUkVfWHlHNEFPelhlc3hmcVBNeVd2cDRoekRJNW9aa3RXakViSWJzbHZiSG1NaHBua0k5RHJjZnhReEpKbTIzZ2JBMk1CQ0I5ZmNobUZmNGdIbWY5ODRicXdSTHlvc0lhMXAtai10ZzZ2M0xkdTkzdEpLRjNqVnRNWVJuVXp5ZnZFNmNkdzdpS2tmZ3Y2N3RWQVhFUTJydlVQV3FHWTjSAd4BQVVfeXFMTXZTQ2hNMm9LeHY1NTFDLWF5cFhubEpsanZYdzFVVDY2UTg3dTgzY3Uxb0U2d3dsZ2xYWm15MUxKbVh3SV9mcW9tTEpreFMzcnk5UjlPMnFnelc3Rm56VVR6NHZCSldFTUdJM3JxVVhETHFQVC1IblE2djFQMzJoNllJcWh1bHNNa0lSbVdjampvSE5hZGN4cVFPbmJNR3EwREFqYWVEbmNlVXVSRkVtMVFTVkNteTFpNFA3YTFRSFREQnhRd2g4ZmdSUUY1U3dlT1BLd2pSS3BOak9vWmFB?oc=5,India Today NE,"Thu, 20 Mar 2025 07:00:00 GMT",2026-06-14T20:41:35.680336,data_breach,True,False,candidate,https://www.indiatodayne.in/sikkim/story/sikkim-government-crackdown-on-trade-license-violations-warns-against-sub-letting-1186646-2025-03-20
data breach Sikkim,30 extra taxi permits for trips to Sikkim - Telegraph India,https://news.google.com/rss/articles/CBMinAFBVV95cUxOcFV2bHVQdGN2enpiZ2tsRGl1RnhzakptNkNqVmRaVVhQTnRxTFlCTU1Qb2dsamNtclZUUVNQM3NDa1Z6ZW1qZm5rZjdhUlo0b3d1Ujl5d3BYMnQ0RlE0S3VLb1RqMEdJblE1QTRxVjRJX1BMMldja3k1X25RZV9aT09hcjNPODhxcE5LNjcySEhIajZrd2tiei1PZVnSAaIBQVVfeXFMTjBJb0JGNEdUcy1ocU01RG85TG5vSnhtRlUzR1NNZ2xWbWltLUJvU2tDMUhjU1pkSy0ySDNBTTh1ZHItUTNHZGUzY1YxSmVYLWxLdkZrUi1pcG10VnRIbTVLZmdBUUh0SnhnWWVfaEoya2ltWDJXdmpSbGlXMjM4QjdsempqbTJvSzB4aUpGTWN6eHZ0a1QzSnljMy1COE85YVh3?oc=5,Telegraph India,"Sun, 01 Mar 2020 08:00:00 GMT",2026-06-14T20:41:35.680349,data_breach,True,False,candidate,https://www.telegraphindia.com/west-bengal/30-extra-taxi-permits-for-trips-to-sikkim/cid/1750195
data breach Sikkim,"Shape Of Momo Wins Two Awards In Russia, Marks Global Rise Of Sikkim Cinema - Outlook India",https://news.google.com/rss/articles/CBMiqAFBVV95cUxQWDktREpUUy1yUGMwU1ROclBrVWRkZENVakxwT1F6cVVLcEx2T0l4TUMzbVdVRmJzTGtHNnUxNTAtaG5GY0ZaUlRwNjBxYTA4UnJPcVJTbXB4SDl2VjhQSVlQTWxCRkNrblhPamVuc1NzWFJHZ19PQXRYTG1PdUs2bDRNMFI0OWpJMkM4NUhtYUZ0T0hXSExfRTRiNjFJNHZMVEtLblZBMFbSAbYBQVVfeXFMTXF2NlNCOGRYd3NRVTdfbWg4VzRPcm8taDdRRXBUQ2FCQlprYVRTRHVLU0dBbUVNT083UE9TNWZPMjl1cU1ieVBnaDd1M0hrZGRPU1g1aThwNEN1ZGVtbnJSRndSXzk0d05OR0EtdW1DbmZJMl9aWTgzSmNyODBBNnNiNzNvc183d2Z4TVU4bUpyZDBMR0szX19CWHpVMFBwamFkdVpCdXB3UUdGNmdYNll4alJpMlE?oc=5,Outlook India,"Wed, 18 Mar 2026 07:00:00 GMT",2026-06-14T20:41:35.680373,data_breach,True,False,candidate,https://www.outlookindia.com/art-entertainment/sikkims-shape-of-momo-wins-big-in-russia-eyes-global-stage
data breach Sikkim,Paradise Papers: Ranjan Pai of Sikkim Manipal University used offshore vehicles to fuel credit - The Indian Express,https://news.google.com/rss/articles/CBMilAJBVV95cUxQWEJCdzV5OWlVTFprNE5ITnoyeTVObFByR3M4bmI0V3RRbnYzSHpxYVN4NlZadFUxdzVBNVIxTWhObXduOW1IYUF5NkZpMlFEZ0VxOHpsRU9GTGE2ZFlTZUhSMFFGRy1fUUg5c0FEaXVVV1hKbHp1M2xEZWlQR2ROQjQtMUNtWTMtNjZKV1Z4N2xJOExKX0F6Y1RjRnl6VnhKX01QVXY2M3hzT2JOZHlLVzc0VEVZWVFnMm8yYUhLRXBsejc1Q3JNa2xudkZndHhDc01NeFliYmt5Z1dodFdJS1NZRlNPOE1HTzFVMmJmYlFBZWhCNEhhWW5VWGJPR04xclhjT0pHTkV0N1ZMQTRyU3lOZEzSAZsCQVVfeXFMTnVqTFlsQTU5b21ZQjNEajBVTlg1N04xZzhqUUJuaW43cGVnUnozajRSY0pCR3VKVnlSZlllOUxOVW1WQkc3MVZ1Zm1uUmdwaDhCQWJncXJkT3ZydGV2UmpWUVdyOFEwV3NZYlhaUmlDd1EtOWFiRi1WQUItTDllX3ByckdYd1publotdUVmR19IekJXZVV3bEFyMmhJSDdhdG1RRFFQSjZvMjk2d25td1ZVdGJ5b0lVXzY1U0RmNjE3d1BaaGkycFZQTjhmNjZ0YmNuUnlDU3Z4dDZWLXhTOGtiSTRSTC1HUkhOZjJYWjBKck5Dd1BfVGZwdFlPLXBIT1dBbmo0RTZ1emM1R29ySUdaTVIzejMtdmZ6MA?oc=5,The Indian Express,"Thu, 09 Nov 2017 08:00:00 GMT",2026-06-14T20:41:35.680430,data_breach,True,False,candidate,https://indianexpress.com/article/india/paradise-papers-ranjan-ramdas-pai-manipal-education-and-medical-group-manipal-university-indians-in-paardise-papers-leak-icij-black-money-4928784/
data breach Sikkim,"Sikkim govt revokes odd-even restrictions for private vehicles across state, Gangtok excluded from relaxation - MSN",https://news.google.com/rss/articles/CBMi7gFBVV95cUxNajBrTkpESFNaWGpvSEdQQS1YaEJtYzZ5MGg1RjZNejhCbmREaXBhakJpOG9HdDMySzFKUTEtR21aeHpsempzMFhUSk44WWlTdkw5TW9tWUprRm5pMFVjVWg3UVpuT2ZjTDBNLU96M3c5b1hqcWszRmJLbkYzdEM3dGtINFVOUlJVbXZnVVUwOTZkWmRCbDZPTnRlRWQwbjlzbzJEVjdKbG14dXJJRkdQbXIzR1lId1NrbWZnZnFzRHdyTnF0cDEzMF9EY2tITS1mX1cwbzU2d2RoZkY0YkJBYUh1X2I2Smw5LUJQNG1n?oc=5,MSN,"Thu, 11 Jun 2026 17:42:01 GMT",2026-06-14T20:41:35.680441,data_breach,True,False,candidate,https://www.msn.com/en-in/news/india/sikkim-govt-revokes-odd-even-restrictions-for-private-vehicles-across-state-gangtok-excluded-from-relaxation/ar-AA24tjpx
data breach Sikkim,"Sikkim is lush with exotic flowers, orchids - India TV News",https://news.google.com/rss/articles/CBMilwFBVV95cUxOZ0h4cU1sMGFYejdSdF8zemIzaTZyd3BpaE8wWl93Y0MxUU5tb1ZsMlhOVkhzWVVMRlNPVVpSc3lDejNaQkFGTnQ5cGItQTFfQktYb251TGdhWmtxc3ctcVJnTldsb3dFbWtjTlIyTGFUbGhIaER4bWFBODkyLTZ6clFEbEFIZ0pHRVZKUkpUSU5yMEt3anhR0gGcAUFVX3lxTE81Y1U1ellqaDFrb25rMndibThnMG9pZGp3dEZMMlNET09DeFdoQUxOSXhERWItNVlsWjhfa1VvLTh0Um01RWZ6eDh1Z2p0R0FsYV9LTzFUU0xiRUZXcGNXYVY2bTU1N3FpanAtUURrVXVfNWpFd05sQTNGX0RCeGhTWFRRdDR4VTdtNDBzQWo1QXRIUlpQaGhBR2dSNQ?oc=5,India TV News,"Sun, 24 Feb 2013 08:00:00 GMT",2026-06-14T20:41:35.680488,data_breach,True,False,candidate,https://www.indiatvnews.com/news/india/sikkim-is-lush-with-exotic-flowers-orchids-20434.html
data leak Sikkim,Sikkim celebrates 50 years of statehood; Vice President C.P. Radhakrishnan attends closing ceremony in Gangtok - Telegraph India,https://news.google.com/rss/articles/CBMiiAJBVV95cUxOd2ZkWk5Vb3czTHpkdk90OWlHZEhRRXpzaEphV0xXVTg2S2QxdmdpbHpFR3lTT1l5Z1VLR3FDX2w5aXNiUUFhcGRKQzZMcGV1LW1iLTlZVlpvc20yNGY1a3l3YjVoRDJiVVpXc2l3YXR5Y1RULUZtOXlUaXpna2VKVE56RERNbjRMZDlsOWtGdVVENVhpNGRvUE13aXRiamVLLXFXMXJ6bFpfc1JZU0lmTW9qUmxxb3pNdklWa0U0dzNuVTdMcXBGRUUtS1RpMkdUQ1VSNXlEZ1NnNDFKM293a1Q4QWtFVjh2TmdCQ0F3WFpma25fclFyQlZ0TEdIbEpvN0wtR2JycHfSAY4CQVVfeXFMUFVQNkZTZ29iXzVaU2piZmZHTmtINlpIWkh3bXhJaExmQTdHeXhEUzZQUWZXcmxvME9ER1NJbDl5X1pnbUJ3SUhNQkh3b0NjUi00UDYxam1qT2k0cUtoSFFFUDNNTWZNWG9lLU1IUUJGUEFHbUhnc3B5ZlNNQ2cwblUtX2Z0WC1wNXdOLXMxSzBNNzh2cG1nWVk4b2Q0QkthSXkwZzBjQng1OUtBMi10bjd5ZFQyeVJPS0VwZXdiWnJJWVg0WGhYUTNvSlRwLTU0VEVKWmtaeE44b0p1dEk4ZW1Ca2VraHF4cC1aZy1SSU10cFhxazBJSlB2SzBYSnJ6M3IzVHM2NW5LMm9qeGln?oc=5,Telegraph India,"Sun, 17 May 2026 07:00:00 GMT",2026-06-14T20:41:37.690117,data_breach,True,False,candidate,https://www.telegraphindia.com/west-bengal/sikkim-celebrates-50-years-of-statehood-vice-president-of-india-c-p-radhakrishnan-attends-closing-ceremony-in-gangtok-prnt/cid/2160945
data leak Sikkim,"Will comply with CCI directions on data sharing, WhatsApp tells SC - Sikkim Express",https://news.google.com/rss/articles/CBMipwFBVV95cUxOVExYS1QtZE5Fa3FCdzlycnNTRG5ydGNnbDRzUnBuV1d0R2JwckRidXhnaDExNWVUZlJsUlRIR29OM3RPUkpOT185UXFUWUZJSm9TWXgzRFFfMmx0ZmJaRlhVd2VfUHlHdURUcjhSY2U2M2dOWHZhdmI5SW4xU0xLRVk0dVRCdEdmRVRYYUtKZ0NHZXF0cVRqdG9mekxVM19tSjk0cUl5NA?oc=5,Sikkim Express,"Mon, 23 Feb 2026 08:00:00 GMT",2026-06-14T20:41:37.690133,data_breach,True,False,candidate,https://sikkimexpress.com/news-details/will-comply-with-cci-directions-on-data-sharing-whatsapp-tells-sc
data leak Sikkim,Sikkim tourist arrivals cross 17 lakh in 2025 despite sharp drop in foreign visitors - Telegraph India,https://news.google.com/rss/articles/CBMizwFBVV95cUxOR3dVT3BaV3l0RzBDX0pFMnMzTWdEYW9SdndpU2kxdEhQckVJUXNYUmIxTS16Nzc4LXFRM19HUjMtQVE3dkFNcllHeWJITWtKMm01ekhXVG1uN2Vkdk5vMEhCcXRIQXlFSGMyTml4SFkzUHRCMGY0ajBEU0ZYM2tqQVlqODk4UlJaV180NXlQUjBuWkYtTmpWUUctbzFNUU1RcTFKU2gyWnhJejFOY28xTkhZQ3NHQlhHbG54MWhlNS0xZlFWbkhNNW5kN09IRVHSAdQBQVVfeXFMTlJfaVlhWWd0bUc3N0FhWnQ1SW5nTlFkUE5KU2tvTnNJanRNMTdLU1oyWlVlNVhvTTNrYWx6aVBiUTJVX1gzNzdueFBDUk9POUlKVTJMVDBjOUstVlNTT0pqeVRyUkNweHVKZVJMWUtCMDhUaUFVMUZvbGJuRWkwRFBDdDhoV3Y2TVNoT1RkSXpGU3Q3ekl0ZEpuX3pUNWR3UHhnOE10dEYtY2VWVDFoRW9HVjdvNFVLekg3eGlZalBUaWJTTk9IQVJFem9FRGQ4emdMNGk?oc=5,Telegraph India,"Wed, 07 Jan 2026 08:00:00 GMT",2026-06-14T20:41:37.690163,data_breach,True,False,candidate,https://www.telegraphindia.com/states/sikkim-tourist-arrivals-cross-17-lakh-in-2025-despite-sharp-drop-in-foreign-visitors/cid/2141489
data leak Sikkim,Flash floods caused ₹233.56 crore expected loss in Teesta-VI hydro project in Sikkim - The Hindu,https://news.google.com/rss/articles/CBMi5gFBVV95cUxNczk2QUMydkYyemFHem1hN1RZVGxiZENUVmlZNE9uU2l3c1AyY0pIa1ZPS3JmVk9wS1lMWF9YbVU4c1hrQmM0Y1d6SjlIM0w3V0pDcjRZUEQ0SldwTUlrVUx6VUp6TGluWXZjLS0tQ052M3ZXNU1RcHd6NDlOblNTcVR5aUJGaDk3cENfRjhuVEExTkFNRFhOSkFSalZ1YWxuTS1CRExmYWdOVE9FTF9ENTJ2SG55UjI3OVhkT3FWdy1Ra2FDNE0yX0lpS1RzRzkteWR6dDRKMHV2d285ejVqV1hyRWQyd9IB7AFBVV95cUxPTzFkd0l2ZWRJb0NteEZXQU9wZlNxRlZoZGZrQTF3X0RYbi1pUFRpRHV6VmJ6RWdPclEwQ3JCSDFhT2RibHd1MGF0S0FGQkhmb0xxWkFiMG4xVkpvN21CWDIyRzhjYXRYbS1tQjJueHlWMXRoLXFzY2E1X054WTFQZUVKRTVWUmExQkZ3RFNMcHVObVhMeUs4dTVydFU3WFg5VG5wakFGRGd4ZUpmdVpFMWJRQy1sZzZ2eGI4UzNRdi16ZnFaME1aNlZ1Ri1PRGxqRURDdzNtdjhzRWx1MmJYb0dsVGp1clNKRFRaaw?oc=5,The Hindu,"Wed, 18 Oct 2023 07:00:00 GMT",2026-06-14T20:41:37.690201,data_breach,True,False,candidate,https://www.thehindu.com/news/national/other-states/flash-floods-caused-23356-cr-expected-loss-in-teesta-vi-hydro-project-in-sikkim/article67434060.ece
data leak Sikkim,"Rains cause landslides on NH-10 connecting Sikkim with Bengal, traffic hit - Business Standard",https://news.google.com/rss/articles/CBMi1AFBVV95cUxQbUszMy1lX04yay1nUVZWSWFRRjJRTTRnekJvMlZtRVg4eE4xVHI1Zm1xclJVQmNMMHJMOEI1Y3Fjcm9qcHdsd2lXMHBqZ1BKdVQwSDQzaUd1S1dtNEtUMHVTVHZJX1Z6MUs3OEptcXhtbS1MdldTYzJPc3ZKVkVRLXJweEpoOGV3am1rRU5sS0NESndZWlNKSE15OUhkbGg2dksycndNSXJrNUx0VGdWem1oWTc1d29XSjJBbFQ5WTJmNXV6Vlh5eUxkSm5fMzR0ZWxUUdIB2gFBVV95cUxNX3Aza21NWEJlSURfMV9yOVdPLXpvcnE3T0tLcXV1em1BN3lET2UtbEI5dk1UQS15U3duejZJR0lLWkhhYk40R2VvZmRPUmI5NkE4TXJPZ09tejdhVmZVbGxfV2drQVR4X0FYZmZLMG1sa0tvOTRsZzNpd0FUZmtFTUhfc2FKMVdBSmpCcnRaaTkwUEw3NlNqdGlYSTR4Y3QwTURiLXFRekszMXJXYTF1YTRLdG9XZDhtQ2xWbmI4RnkyUWs2VHI0SmhmOEpYaVdpYUFNSUFPUXVUdw?oc=5,Business Standard,"Tue, 24 Jun 2025 07:00:00 GMT",2026-06-14T20:41:37.690245,data_breach,True,False,candidate,https://www.business-standard.com/india-news/rains-cause-landslides-on-nh-10-connecting-sikkim-with-bengal-traffic-hit-125062400332_1.html
data leak Sikkim,"Increments, free childcare help: Sikkim bid to boost fertility rate - The Indian Express",https://news.google.com/rss/articles/CBMitAFBVV95cUxPb1d6SzdCTVBZbFl5ZmhERjRmNTE5RWlFV3E0Wl9lSi1SX085VW1wTFpQbkk1SmtpTnFKZHgwY1J1V1MzaXVNRkhrWG02ZXhUYnZZTktVWGM4aVJFT2l4UWRJb3gtZDdvcFNiUGVSSDhrWmNZSERMUGlMa2VhSGFDbU9ySVQ0LVZ3OVp0MHFFazZ4WkpPX212b09iNFQ3QzFhVXk4MHpnaGpoSHJtRmNUUEJJRU_SAbsBQVVfeXFMUGlfZVBqVEV2MHVXMkZPTFdINUl1TnZ4LXZzd1VSbWZDcWFReXI1MEszUmEtNjl0RXVySG5Bc25TZklXYzVQb192RTViZXNsYl9BUG81dk0ySnZGamg2cjhiOEc1SXd2WnlSejFWMDAzdWQ2WHc4aDkzWGNZaWJYZERHZm9MektZOGhDYlBPM3hzVHlzRGlyclhqVGFxVC12SUZsbXRCSmFpVzdYbjlITGJ3VHc3bmZKbWU0MA?oc=5,The Indian Express,"Sun, 22 Jan 2023 08:00:00 GMT",2026-06-14T20:41:37.690257,data_breach,True,False,candidate,https://indianexpress.com/article/india/increments-free-childcare-help-sikkim-bid-to-boost-fertility-rate-8396556/
data leak Sikkim,Assembly Elections 2024: Sikkim Assembly results at a glance - The Hindu,https://news.google.com/rss/articles/CBMiygFBVV95cUxPRXpfUTl5X1Ata1N6ZVVVQldfMFhwUDREX0JsQWwtYWFMY21jSzU2akYzSXU2Q1dDeWMwbEhyX0V5SEY2cEFtMTN6QmZ1c0Zsb045eXl1VWtmNHdnV2pOX2VZMGdBRlF4WWVjVHRJUjM0QVNFLUhsYlVYWnIzdk9hZUxxRl9fREU5SmlqaXRhUzJWeVhLbFZQZVUxanJxLUlmcWViY1MxRUN6VXNNVWpnSlhHLV9GV184LU9LVHZWREZPNVdPVDBLeFV30gHQAUFVX3lxTE9hZmR0V004RkZIZ1ZDb19OcWhQSC0zVVZvaXJrME55bURvVUR5cjhCZklzQ0ZtekkyUEU4UllNbjlWemdCT1BSY3gzWWV1WFUybHV1YU5WNkpFT1ZjMG56OGxqdmh0ck1ZTVR4SUQzek9BRmViMUh3TzZZYzM5Q1JBRTFwZDhpQmd2MWxuaWY4UEQ3N2M3WnNncFRzbDA5TUZxWTRrQ3BxcU1nNWlUWHREbDZ1TUxNN2tPTkNLbHFhMlBSdXlvWWd6Z2dZWTBxdno?oc=5,The Hindu,"Sun, 02 Jun 2024 07:00:00 GMT",2026-06-14T20:41:37.690317,data_breach,True,False,candidate,"data:,"
data leak Sikkim,"MIT University Sikkim Opens Admissions 2026 with AI-Based Class, Real Industry Exposure, Workshops,... - lokmattimes.com",https://news.google.com/rss/articles/CBMi_gFBVV95cUxQYjI2bHpHcldwcU5CRHFSUTFzdVltSFNDWUMzTEdqZlVNYUVFd3lnTUJNZjhrYkxVNFVnZ29TTkJTbm5UMnRoekVCcmhzd0Jqa1RZNUl5VGM5UkZCSFRQbUZYMER0aklNZVdMb0phdFliVXc2aVJFcXFyUE5fXzFhUVphZm8zY0lSSmpUUExDbWJtZlFBRzRBNEVBa2IzRkFiSldvX2xEd0l3OE1FT09Ld1RmMlJHcGkwMjFMd0EtOUZGVjM4UlJKSllhc09LeGtqZGw5cHhqSzk0M1kzRkF6Mjc2NWpvaHptYkNwb01IVGd3YXlMV3hENVVqbkdWQdIBgwJBVV95cUxNOTFlTF9ZX1JnSC14dkZHRVlWTTViNS1mZjFGcGdZSXNsNXZPS1JJbzZ6SlBValRwVUY0TXB1NUxvUWtneDNwbGxwOGJsUEdDbnVkVXh3RlVzd1FTdlNqVUVRY2xqcVY3OGszZTBSTUJoSTgxTXhUTXRISFJEdmNKUXpvUVdMTXFnTENBeGVOSU9CeUZVTjhPdWZOMGlxSkozSElrZUNmckxCdmhZdURNcDN3aVEtX3RlME1JNmdBUUluNlkwVDZrd2h3V1Zxak44T1l3RjQ4X3ZKTzMtVkk2QWNTbG5JOHhwdjFMVHF6Wks0NEdSYXhBOEszanVsdmxoT19B?oc=5,lokmattimes.com,"Mon, 11 May 2026 07:00:00 GMT",2026-06-14T20:41:37.690365,data_breach,True,False,candidate,"data:,"
data leak Sikkim,"Amid Sikkim stand-off, Chinese phone companies told to give security info over data leak concerns - DNA India",https://news.google.com/rss/articles/CBMi2gFBVV95cUxPMG5KTzhXTTZEdTVpaEZ2dGxEdG55N1p2TVB3S3Bia0tybGhvSHZUNUpqOHdJakhFVUhCcDdHS213dlVjWVc2RXpJYktOWlBadDZxaVhSNkg5N1FLYWgyQ0IxdUNJNlNaRDgzYkFCVWZyRW4xNkJQY3lyelR5c3RDTGUxM29JLVQwbkZLVXdfLVhTdHBSQ3ltbk5DMFhMaW85RTF1bDhsR3Y5bllNTWhnZzdRdXFpWVRDbG5HUG5QMkk0cTNpWU1IT3NRSk9md0tPNi1hZE1lR1NnQdIB3wFBVV95cUxQcnJvcmg4S0F3WW5NbEczVVFsNVBLYkRYaXE1aXhDVzh1S25jM1JEZDV2ZU9hcDVHOEp3WC1RSS0zTllsQzkzZTNpQVdHOWEwOUtWWDQtNVprd2VTLXZlX2NMZFRrbkg2dDRQX2E5ZGJpWVAxZW55U0xXckYzdko4WGs1RzFhWU5kb2JpWkFHNmpwenFzMlBIMXFKVVBvbno0Y0dTREdSU0M5Z0lDWXhoYnZUZlRfLTFVbVdaVlJPYTZBc005NWFzeGNRVDVqbkFXZmVhWFVNOFFQTnNoNlBj?oc=5,DNA India,"Thu, 17 Aug 2017 07:00:00 GMT",2026-06-14T20:41:37.690389,data_breach,True,False,candidate,https://www.dnaindia.com/india/report-amid-sikkim-stand-off-chinese-phone-companies-told-to-give-security-info-over-data-leak-concerns-2532321
data leak Sikkim,Sikkim records steepest fall in poverty level - India TV News,https://news.google.com/rss/articles/CBMimwFBVV95cUxQdXJKbk5DcDNaUXZPOWRjc241enQyMEJSc0NERk0yUjBmVEQ3LThKR1NoaGV5Rmxsak1na3ZWeVRKYkJkUFlFU090VkxOTmFSUXllWUUxZmU2TnRTU0FBRTVmd2FsazZLeVVvZUEyVkpOMjdqT1pycmFYN3ZEU09TaW1GQjU4SEpsRUFzM01SSUhmYldyV3NfNGZ4MNIBoAFBVV95cUxNX3pkNmdPMURLT2pFZ25CVjJqN25zY09mQnl4YmNYWDRwOHRZcjVLT21SR0V0d1lvUzlOaG04MTF0Sy1TRGtjTVVBMHZVQWJiNVN2ZTh6LS1CeUs4UzdBaVkwTmcyZHdIalY1SEJXbEI4QnJYQ1B3bl9Sdy1uTTlYdnBYMC1UcmF6OXF0SF9YMDBqblhQdDMtdlFRcm1xTW5Q?oc=5,India TV News,"Sun, 15 Sep 2013 07:00:00 GMT",2026-06-14T20:41:37.690425,data_breach,True,False,candidate,https://www.indiatvnews.com/news/india/sikkim-records-steepest-fall-in-poverty-level-27884.html
data leak Sikkim,How did Sikkim lose over Rs 130 crore in sales tax on liquor sales? - EastMojo,https://news.google.com/rss/articles/CBMiqwFBVV95cUxQRkc1QWhEUEY2WG9qamZic1NUeUJKdkxRSGU1MDRKZS04NDV5TGdKWTZ5MGw2ZFpielBFbVlYX1JlcUtDTmZyRG1YWXl5QU5IdVhqR003WmNGNmZldkV0QmgxX1lRX0ZCdHJCbjZzd3FKVTJRSXlEV0o2QmxwZnFHQ0x2NzJSMlFuZmF3bEZRYTFwdFZFR2lyaC05eDRvNVhZZGpsMXhINVJHSjg?oc=5,EastMojo,"Sun, 15 Sep 2024 07:00:00 GMT",2026-06-14T20:41:37.690436,data_breach,True,False,candidate,https://eastmojo.com/opinion/2024/09/15/how-did-sikkim-lose-over-rs-130-crore-in-sales-tax-on-liquor-sales/
data stolen Sikkim,"Sikkim Lottery Result Today: Labhlaxmi Power Sunday 4 PM draw result announced for June 7, 2026. Check win - The Economic Times",https://news.google.com/rss/articles/CBMirAJBVV95cUxNalN2Ymh3WEs1SEVYelZLSlgxYThNOFM0VjhXN2RWclJQMnNFai1SZk5vQllXb0QyMDNiOVZoMHhzQzRsU1VLc1BFWkNRLUduVUpQS0FYTllHNjQyeXBSWS00ZnZ5VEYyamxjX2dFVWpaa2F5UWpBR0NtZi1qZ214T2M3VDdIM091TDIxRXpFREFBSzg3OEItbVF3SHBZazZYRDMyc1hOaDlOUWc4YnNQTUxxZEt1czJUT1NRcW5vVmxReHViWUk0Mk5TMnFudGNtVzlKeEM3SHpObFBGdDRoak81MldDM3BRaWZkbFNkekRsVjZNNDROemNZYUtrZWE2RDZwQ3E1ODB5MUpGQUsxNHhZNk8wQ1dMWEkwNGFMcGg0Nmh6dDhHUGpxc27SAbICQVVfeXFMTkw4TTRfZDRmUmJjYXR3ZXRpUmJlTW1oMzAwb1RLeTREY2k5cVNlQ1hOdVdDTURCRzltZWItWjhTUDV5czNnaTl2dWVUWl9MR1pkb244bVhuVEp1S2tLeU9kWTlyNU13R1RDN0NLX20zZFJJSHRXNklXeVpWYVJ6dktIdDhmWmNFS1hJWWdNVElrZ3pRY1MxVXNQc0RyQm5MaU92cHo5UWFYNW11SFlXUDNhVEhNeXQzYzVPNVh5ZWpNWlVYTEJXQWZSSmN6QlZiNDhJclg5eWRNWF9zT3JyTnpTRUh3RXlfaEtvRFBMRThEMGJQMHlISlMxbzZmTUszMlpTUjkzaWtzSVhUa0p6UkdkTlk1dkwxOFYwQ0g1ZFNwS0hwdlBPQ1VGQ0RUNlFhLWlB?oc=5,The Economic Times,"Sun, 07 Jun 2026 12:02:13 GMT",2026-06-14T20:41:41.024742,data_breach,True,False,candidate,https://economictimes.indiatimes.com/news/new-updates/sikkim-lottery-result-today-labhlaxmi-power-sunday-4-pm-draw-result-announced-for-june-7-2026-check-winning-numbers-and-other-details/articleshow/131566588.cms?from=mdr
data stolen Sikkim,How to Get a Duplicate RC in Sikkim: A Complete Guide - ACKO Drive,https://news.google.com/rss/articles/CBMiXkFVX3lxTE02OHM2WTVmdVZ3RDlOVDk5THhTSnV1YlQ3eFpQdkVpbDc1bXZGWl9Zd1JyWjBCeklQOGFSdTBRdTZpOVlRanNiZmRYSUlKN2FHTjYwQjFDZ3R2TXpkSkE?oc=5,ACKO Drive,"Thu, 03 Jul 2025 07:00:00 GMT",2026-06-14T20:41:41.024782,data_breach,True,False,candidate,https://ackodrive.com/rto/duplicate-rc-in-sikkim/
data stolen Sikkim,Heading to Sikkim by car? Avoid fines by packing this must-have item: Details - The Times of India,https://news.google.com/rss/articles/CBMi4AFBVV95cUxObm51ajg5czZTczJDalF4V190TXV4dzk2LXEweHlJNlE1eTVPTE5JdDE1UUZIQjJZX0tTNUlCX3pMY09CX2htN3NTSWF0X1hObVkzTlFTVW5EU2M3Ry1uR0FFQlhsUHZhMUhjd0w1ellFVi0tcjlyTi1BbkczMHM5YkhZMVRtQWhXNWw5UG9sVlRQZEdiTWhfT1FnN3RmWDA5czB3RWl4SDd0eldZY2pIWmdkUDh3XzlxSlo0WEZrMFFJd0RucEVTdnZyWmlVUGFJRDE1elpMR2NfU214Z1lZbtIB5gFBVV95cUxOeVZBMTFCaXkxdm5pUjBmaFhFdHJLR0VzQ0pMZk40bzlNNnh6aFI1NmJTcEpFc0pmWWxBUHJ2dGpOdGxuZHNDRnlab0RDTThiZWY3dmcwSVB4QXJqSnhFTkpTdE1aRnBjZXdRbjR3X04tdDAwY3lRLWVMZTZ5dG1hcThiMWF5eDR6dFFZMjM0V3hIWU9OOUhrNEpyZFZaX2E4RnNWdWN2SkhhVy1UNGtGaS1VSTlncHNUaUhyWmp1ZXo3cU1uTk55SEFNNUJBWDlsNXRTaTZfU2J1M3FHSHMta0V2WW1LQQ?oc=5,The Times of India,"Mon, 22 Jul 2024 07:00:00 GMT",2026-06-14T20:41:41.024814,data_breach,True,False,candidate,https://timesofindia.indiatimes.com/auto/news/heading-to-sikkim-by-car-avoid-fines-by-packing-this-must-have-item-details/articleshow/111928049.cms
personal data leak Sikkim,Sikkim State Dear Elite Saturday Weekly Lottery result declared (13-06-2026): Check winning numbers and pr - The Economic Times,https://news.google.com/rss/articles/CBMimAJBVV95cUxQNDRicGxDVzRTajY3a2p3a01kRTFGVmtIUnk4WTBGS2dfUVJTVnpBYWExcGZHNk5wSl9CTzZuTzB4VU1GbENZeGM3SzNReVN2WDNNVDgyRGVtRFpsTUJKY0Q0R1NOMnVyYzNKeEszcHZKcWZjRTVxczM5VGVPOVp0RVY5bmZtejhiMjJ0dGc2NjEwLUxTSjNZQ1E5elJEdHpnRTZ0eFpUUnZKVHRRZXp4Wlg0N3g2LVQxT0JvbmxRX3FXd2tWRzUzbzJJYTB3bXZOUzhXX1FCb0o2YkNMeXVZTk5pVjFEYy1ycWhJY3J2XzIxb1dGbVRORV9WSkdqLWYxOGJVdl9KQjlENFNqaUFhc2FEZE55c3Ix0gGYAkFVX3lxTFA0NGJwbENXNFNqNjdrandrTWRFMUZWa0hSeThZMEZLZ19RUlNWekFhYTFwZkc2TnBKX0JPNm5PMHhVTUZsQ1l4YzdLM1F5U3ZYM01UODJEZW1EWmxNQkpjRDRHU04ydXJjM0p4SzNwdkpxZmNFNXFzMzlUZU85WnRFVjluZm16OGIyMnR0ZzY2MTAtTFNKM1lDUTl6UkR0emdFNnR4WlRSdkpUdFFlenhaWDQ3eDYtVDFPQm9ubFFfcVd3a1ZHNTNvMklhMHdtdk5TOFdfUUJvSjZiQ0x5dVlOTmlWMURjLXJxaEljcnZfMjFvV0ZtVE5FX1ZKR2otZjE4YlV2X0pCOUQ0U2ppQWFzYURkTnlzcjE?oc=5,The Economic Times,"Sat, 13 Jun 2026 12:31:00 GMT",2026-06-14T20:41:42.567013,data_breach,True,False,candidate,https://m.economictimes.com/news/new-updates/sikkim-state-dear-elite-saturday-weekly-lottery-result-declared-13-06-2026-check-winning-numbers-and-prize-details/amp_articleshow/131704525.cms
personal data leak Sikkim,MIT University Sikkim Transforms Higher Education in India with UGC Approved Courses - The Tribune,https://news.google.com/rss/articles/CBMixwFBVV95cUxPUkkxandERFM4VllnLTFkSFJPRnRJVzZ5Q1NrYmxfLWhvYThmQWJaRFcyLXZSZlAtNlJEenc0cjFNX3AzVDliZTJDUlBHcVFhb0xiS1R2Nm93T1BhMEtYdGxfZ3I3Z0J4Tk94VTNwWG5mZHdEU0hDZElJbDZhRmk1dFdyVDdPZzR3RHRzN01fWktQRHc3YkZvdXB6enlfT1Jva2ljWjB3VnRONFFqWUgwMXNzc1N1M3RKb0dJMXNlMk9ra2lIVk9V?oc=5,The Tribune,"Tue, 25 Nov 2025 08:00:00 GMT",2026-06-14T20:41:42.567093,data_breach,True,False,candidate,https://www.tribuneindia.com/news/business/mit-university-sikkim-transforms-higher-education-in-india-with-ugc-approved-courses/
personal data leak Sikkim,"MIT University Sikkim Receives UGC Recognition, Management and Information Technology University Opens Admissions for UG, PG, and PhD Courses - Business Standard",https://news.google.com/rss/articles/CBMiwAJBVV95cUxQTElaMHpHR0lUaFgwbkc1QnFXTXJkbzlKVFROQzIycjlGenlmTWdKa0Q0TjdTZDctZzFUamNWc1lBNDRsd2FQTldyXzhhSmdTLVU0b1VGTkViME44U3JJRy01MlZGOVJ2Y2psTkFCb1pRdVdGcFBLV1Z0eVhwaGRtZ2txNWl6amhKUl95bWJadndPQWJ0X0U2TXB5bUdCeF85ZUV3bnVacmlPTW1sYzBqQjFJTHJUem11NDRPS3FIVi1MdUlxVENQLWdUX1VOZkxsZDFaTkJtX1Q3cHZFMmVpeW9BekxGNEI0MlRUcFFRemtHdi1RYUg5TEp6UU9fSHc2MlB4MTE5T1V0aURDZXU1d1F4SFBYNld0dWltVHU3Nk5jYzZraXE1QTV0WGh1MjFxMmFZcWF6LVFYX196cFgxetIBxgJBVV95cUxPamo1Ty1aR1RLTVNLcTF4anpuX1lTVmplNW1UT2gySVdYSml2VURJSkIwbzV6SlFOQk9iZGlNZ0t1OUtqeWFHVjBfT3BPcnFWWW1hWi0xOXVBa3lIZWotNTFWSldFSnNKcWpHTVJ0TEJrLUVYQklmNjVoN2Ftc0cyQW9hNGNlcFZjU0oxVFA1SUktMkIxSzFDMjhsbnZ5Y1hfaFJtWWxDU0FyZVlpR1o3V3RWNGp4VkdtVTY1ajgwLTBZQzNMeERROUUwT0F4MTduMjhpeW9XVW1lX216MHZRMFdiQUw5UG44NWZWTWlqN0g5MEtpZVVWZ2ZReG0xRmxDdTlXRU1HWm5CNVhFaGp1UC00WW41ek13WEhOdklYVzlXamtiSjNNclhPNDFud2ZrMU9YYUFuWUExU2N3UVpKNkNqaXhTdw?oc=5,Business Standard,"Thu, 02 Oct 2025 07:00:00 GMT",2026-06-14T20:41:42.567108,data_breach,True,False,candidate,https://www.business-standard.com/content/press-releases-ani/mit-university-sikkim-receives-ugc-recognition-management-and-information-technology-university-opens-admissions-for-ug-pg-and-phd-courses-125100200010_1.html
personal data leak Sikkim,Government Implements New Passport Regulations: Key Updates - voiceofsikkim.com,https://news.google.com/rss/articles/CBMikwFBVV95cUxQU2laVE5TcjhUUGVXNGl4OU9sM20yaURoczNFd2xpQzNxSVdzN0RzcC1pR0dDNlpyOTJhcGdxSHk0UEowV1VMYUdSYUlwbUVzMktZenNJRTh5Y09WZ1lHd3NpbWdIY1RYOGRuRngwRHlUUjRtT2xEVTNBQng1ODJkLU9jNTBobklzVUxUWEotZ1M2bjg?oc=5,voiceofsikkim.com,"Sat, 08 Mar 2025 08:00:00 GMT",2026-06-14T20:41:42.567144,data_breach,True,False,candidate,https://www.voiceofsikkim.com/government-implements-new-passport-regulations-key-updates/
data exposure Sikkim,"Choosing Skill-Based Learning and Practical Industry Exposure Over Traditional Education Models at MIT University, Sikkim - Ahmedabad Mirror",https://news.google.com/rss/articles/CBMi-gFBVV95cUxNOTVqN29mZjNqX2x0QWVQdDFzaUJDRjNUV3JHbG9xU3gteEs5WFVvbEM4c0dIcU5yM2lyWHhzSlQ3MXRsWmZIa2QzU2t1U1FuNHZIbDNfaW1QWWI2ZFFkLVkxNUNOdlMxLWdtOE9MNThMcU1FRWRYdXh6NVVOa0E2dnJjWnowZDgtNmFzWUN5RlpuS0RfRVJxaXZHdFZKelZXd1JDR0JwdzNES2pPWHpFVmZxR3o2M0dISW5MVGU5REl0TXlkWjdDeDVoenREMHdrNmV3Z1I1bVFuOFR2Ykl5NmhVcXRGaDh0cjFyU0Y4WDdFR2JXcjVXbGJB?oc=5,Ahmedabad Mirror,"Thu, 04 Jun 2026 12:51:40 GMT",2026-06-14T20:41:45.868843,data_breach,True,False,candidate,https://www.ahmedabadmirror.com/choosing-skill-based-learning-and-practical-industry-exposure-over-traditional-education-models-at-mit-university-sikkim/81914143.html
data exposure Sikkim,APEDA Organises Sikkim Organic Conclave-cum-International Buyer Seller Meet in Gangtok - India Shipping News,https://news.google.com/rss/articles/CBMiuAFBVV95cUxQajRxTjM4aUtIS0NmLWNfOGRJMVlDSWh0clp2QmU5MVJUNmUxS2VpalB3cHoyN0RTalpXd2tXaDY2UFdpZ3VQRGtxNWo1M09HUkI0a0F5cGFCMS1fTXBKRFhoa1VuUWJhSnpwZFpCNGdsRjMyVjZqTE5fWkw3dkpIaEVOZl9MS3VBaHhxX0FmcDRJdnZoQnBhSWREOVppWGcteEVER1g0QVluTzFtU1gzYXBzbS1NUmJt?oc=5,India Shipping News,"Tue, 03 Mar 2026 08:00:00 GMT",2026-06-14T20:41:45.868880,data_breach,True,False,candidate,https://indiashippingnews.com/apeda-organises-sikkim-organic-conclave-cum-international-buyer-seller-meet-in-gangtok/
data exposure Sikkim,Cardamom Price In Sikkim: Key Trends & Challenges - Farmonaut,https://news.google.com/rss/articles/CBMihAFBVV95cUxQVzRSQW4zSVhEbGwxd0p5SXJOeXgteVhoai1ORXBBZUt3WEE2dklJbkNETHBwVzZ5ZEhHQ190cXVtMXNZOXBRcFJYVjFfYWs0VXBRZDZaY0V4cGVEQ0FyRzl6Vk8ydWplenUwQ0ZZWklfT1NqTzN6MEprLTA5c19mWERGUDM?oc=5,Farmonaut,"Thu, 25 Sep 2025 08:48:36 GMT",2026-06-14T20:41:45.868903,data_breach,True,False,candidate,https://farmonaut.com/asia/cardamom-price-in-sikkim-2025-key-trends-challenges
data exposure Sikkim,Discerning Structure and Seismic Hazards in the Sikkim Himalayas - eos.org,https://news.google.com/rss/articles/CBMinAFBVV95cUxNUlpPWTRYc0I3WlotRzZ1bWZUYTY5WkhuczQ2aU9fM2w0MUw3R3M4TzRoQzFVcmpWZ2NqUGVFei1xenlzTXliRmItbHN1QlFydzJ3NVJKb3JLc19JbDRqNUlxejZySkJqNHVycVRBdHJhbzRINDBkNkVjYUdNRVFFNTlCU3hZTEFZMlRURjdmemxVRU9wZHlzLUc2Y2E?oc=5,eos.org,"Wed, 17 Mar 2021 07:00:00 GMT",2026-06-14T20:41:45.868931,data_breach,True,False,candidate,https://eos.org/science-updates/discerning-structure-and-seismic-hazards-in-the-sikkim-himalayas
data exposure Sikkim,Late Neogene tectonically driven crustal exhumation of the Sikkim Himalaya: Insights from inversion of multithermochronologic data - AGU Publications,https://news.google.com/rss/articles/CBMieEFVX3lxTFB0UG9uNHB6Q0s1ZzNOS3A2OEM5aXYwNUZ3anJ2TGRqMGV3UXk4SG1ib0hMSXQ1cG91U2dFeWo1TnFuYWp5MEM4NW5TaHA3TkprbGVhNUdnMUdsUEwxdjhTeE9veHhIOExvbl9aUW41TFhqZUo5Z0VpbA?oc=5,AGU Publications,"Fri, 11 Mar 2016 08:00:00 GMT",2026-06-14T20:41:45.868938,data_breach,True,False,candidate,https://agupubs.onlinelibrary.wiley.com/doi/full/10.1002/2015TC004102?__cf_chl_rt_tk=S.1dy7vknbydVZhZx1F7ZRfhg2SxBhiuxwMqFonaVpw-1781452829-1.0.1.1-rGuZpCJscNRDwLCK_rv9pzqjMZ1aicVEG9ToROwhaWM
data exposure Sikkim,Sikkim CM announces measures to preserve tribal Lepcha culture - EastMojo,https://news.google.com/rss/articles/CBMipAFBVV95cUxPMXNxWHdIVVFYaFAyek53eDBJMV9vZFdWM1Yzb2pkbHcxdVFVb2pYZkR6aWREazJKemxLZW9TRVZZMW5hQzNCbGhnY2pSSE84RGlncURNNUFpaHd2OElSVnBVeHAtVVczaFJsdFY2bWVKcXR5Y1B3dFE2TXZqTWxmZ1J3anp1aGZWZlN4RWh2dUMtWVlhbDZwU04tMlZtZG5sLTVBMQ?oc=5,EastMojo,"Wed, 09 Aug 2023 07:00:00 GMT",2026-06-14T20:41:45.868965,data_breach,True,False,candidate,https://eastmojo.com/sikkim/2023/08/09/sikkim-cm-announces-measures-to-preserve-tribal-lepcha-culture/
data exposure Sikkim,"New Higher Education Trend: Skills, Industry Exposure, and Career-Focused Learning at MIT University Sikkim - Punjab Kesari English",https://news.google.com/rss/articles/CBMi4AFBVV95cUxNOGlzZGdCQmVjdFJMcVdJaThXZW5WRzhkWUVjN0M4OGg1c0pDaDIyRndLeDAtWFk1aEJvY1NEbHdHQ3FmaWN1OEVBZGlKSTduX1p0MURYclBvcy04eXFQNzZqT0JJTFROR19RVzJmQnZKR3lReTVwQU9aazVvUkplQmhMdC1XQnBrcF9RVS0xOWZOYy1RUDdPaFVhRERHSy11b1NsNGJXQ1JNMngxa09NSGFDMk1OSTdacVhDUF9fYjJ5d0R5c3dOTjhRU0F5X25HbUlCM0dWR1FuWXRTQWI4LdIB5gFBVV95cUxOZGJkZFUzTVV6Z2RQM1JhT3pNbERWRWppRmRKWEhzNVJQR2dCVkRKUkZ2MkJBZGtzc21Qd0wxdVZMRElvNEZ3VzQtYS1XeFQxbHR0ZlF3Z3U5ZHdOaGl5SEV5dzhWdVJ0UzNzYzVUVzVXU2xPY3JuUjgxdUlvSlVFVXBFQVJYaEphSldqdHlmV2I2QkdFcE95d0o3b3ZhdF9PN2RmS2VydXhOckFzaklCWmYtaFdJV1JESEdkLU5ZTkRaUVk4MjJqcHVWa19vaHZldDlDR0N5RDZoaU9pSXRWdlQzc1FkUQ?oc=5,Punjab Kesari English,"Sat, 23 May 2026 07:00:00 GMT",2026-06-14T20:41:45.868985,data_breach,True,False,candidate,https://english.punjabkesari.com/business/new-higher-education-trend-skills-industry-exposure-and-career-focused-learning-at-mit-university-sikkim/
dos attack Sikkim,India Approves Starlink Satellite Internet Service - voiceofsikkim.com,https://news.google.com/rss/articles/CBMiuAFBVV95cUxOTFNuSlVvOEd6YTd5UE80VXpaZml1bjN5Q1hlTmsybUJmdktDVm9Mc3RXTE1YOHI0cUZMN29zdmlSMmRDdUFhbkJwVmVwa3hWTlU2cWdQdnJRM2E2MXBTUEY3U2xkZ2V5TTlUQnZWMUp4SVNuLUhhZ1h4ZUJqaFhTa0dHOEk5Zmthd1liWWIzWG9ucWdOcjZWbEVyTndDdnE3c004WTdRQnpJTjRuYUZ3azBkRXJTeFhq?oc=5,voiceofsikkim.com,"Wed, 09 Jul 2025 07:00:00 GMT",2026-06-14T20:41:52.936999,dos_ddos,True,False,candidate,https://www.voiceofsikkim.com/india-greenlights-starlink-high-speed-satellite-internet-set-to-transform-connectivity/
dos attack Sikkim,Atiq Ahmed’s Son Asad Ahmed Gunned Down By STF - voiceofsikkim.com,https://news.google.com/rss/articles/CBMiggFBVV95cUxPSW5sWTZQN25LR0FhRGs0LXVObUp5em0yT0xjNUEyTXJjMmU3UzZzWkpkajdXam0ycGN4RTdyY3d5Y3RGdUw4UTFJNHl2QnMtZjBZVkhUYnc4RTQ4anJHelE5dk5xMHNGa0RVYnJGR3ZlbWllZ1BMamVFUFJ4MzRFSjBR?oc=5,voiceofsikkim.com,"Thu, 13 Apr 2023 07:00:00 GMT",2026-06-14T20:41:52.937006,dos_ddos,True,False,candidate,https://www.voiceofsikkim.com/atiq-ahmeds-son-asad-ahmed-gunned-down-by-stf/
dos attack Sikkim,Heatwave Dos and Don’ts Issued by IMD - voiceofsikkim.com,https://news.google.com/rss/articles/CBMidkFVX3lxTE1SVXppR0lrU1Y0SFY4aExJa1J1QWRHLWtfRnU1YW9SMTA2YmVuaGQ1VXRWaEZmUGZ6ZkE4VjdBeHhyYXc1bUtuSXJBLVlLRVhTZlYwajQ3VVRPMU1JR0M1ckkwMm42QXhSektWOWFnOTVRRzk2N1E?oc=5,voiceofsikkim.com,"Thu, 13 Apr 2023 07:00:00 GMT",2026-06-14T20:41:52.937012,dos_ddos,True,False,candidate,https://www.voiceofsikkim.com/heatwave-dos-and-donts-issued-by-imd/
website down attack Sikkim,Sikkim is 100% organic! Take a second look - Down To Earth,https://news.google.com/rss/articles/CBMib0FVX3lxTFBTOXFpc05nQVpxUE5vZ0o0LW1fdGJXNlc4VURmcFpoVUJha3RpcGkzcUpqcGhoSWlackVIUnRVMGl5R0hKUjUwX0pwLVlCWlRUODdMbmNsS0hqanFnVTJZV0JNY1ZuYWF3WEdlREI3UdIBfEFVX3lxTE5KblgyVmY3Y1FieUExYndJOWkza0x4MW8zVmtIQkZEYWtqTzVjV09BNDE4ZHdiQXdfRDEyWFVEbFJOUF9FWUgzWDRSOGpCZVZXa0VfN01NVHVmWGxwenJablR2QWVVMTVrdDVTZW1NLTRERFNyY0FiVDMzLXM?oc=5,Down To Earth,"Tue, 04 Apr 2017 07:00:00 GMT",2026-06-14T20:41:58.487519,dos_ddos,True,False,candidate,https://www.downtoearth.org.in/agriculture/organic-trial-57517
website down attack Sikkim,Sikkim government to close down 97 schools due to absence of students - Telegraph India,https://news.google.com/rss/articles/CBMiwgFBVV95cUxOUEgyZEZtc1FkQjZLZTlqYzhVZlpuWkNvUVYxUWtPMDl3M1NqU2xicVUtVHlrRDB2MlFwbXl4RFB0bXBUWjFfaTN4QTZ1cllRRGYyTXVnZUhmb3N6M05Nc2V4bVp6RW5nZGxZWW00SzcwSEcwbmxKSC1ROVFlX3NaYXp0Ujk5eUFoWU0yYmd4Uml0MG1XQ3NWZVp0ejdMNmRmZGFSNjlpdVk0LURsUF9uaXNjX3Z6a1hnWlFEX1M1MlJid9IBxwFBVV95cUxQd1VZc3F5RWJWNzIzRUI4b01VYjNXNnBSUy1YTUwtLXZXa3dlWktIUzZsUUdsTENhZzllcm9yaHR3T3RzbnpMaUhnT1hvN2dsbjNpMEI2TFVtUU03VFQzQmFfeTFiVnZBSTItbkdILUg3cHV4Um0tQlhoX2pEaGNGSVk4azMyU1Q2R3FCekEzaXpUNHBDd2haNU01aVhDT1ZlMXZ0TjZZbzQ3M3cxZkUtVTJkd3oyN3JJX21GWkNtX0FZci1BUmFR?oc=5,Telegraph India,"Sat, 16 Nov 2024 08:00:00 GMT",2026-06-14T20:41:58.487527,dos_ddos,True,False,candidate,https://www.telegraphindia.com/west-bengal/sikkim-government-to-close-down-97-schools-due-to-absence-of-students/cid/2063669
website down attack Sikkim,"Army truck accident: 16 personnel killed, 4 injured in north Sikkim - The Times of India",https://news.google.com/rss/articles/CBMi3AFBVV95cUxPcHVpUDZkWkdndHU2ZnFNRzJkQ3dTQnR6dHU2bG96RWdkUU1jbEZ6VXRVTUlCQTJuX0ZDanRVd1hLQlBkMUhhcHBrZFlhaHI3eGZsX25GSG03WjJFMVhkYm9ENnpYTk1jUDZZVURIN1BHUlJRS0VBN2Y5Tnd4SW5VNTZYT2ZiNWpwYXFmUjFkaU9SREF4REVhejBRc0pBOGNmMjJHYzFwUFlCWDBvWUdiUkVwZk9Qd0Y1a2FheGRDWFpUX3NWamJZS3RWd2ppVXpSTy12ZXNuNkxEQ2Zx0gHiAUFVX3lxTE5SdVNSMzRjSEdlbU9sVnRmZjdJcGZJdXM4dmdUc0kwd2J6UDRyNDhlU1U5UTBlLV9rX3c5Mm94ei1DTU1nblFGdHp1OG5wOEtBNXU5Nm9WczlYdlRwUWswR0dTbzJfRnpvZWFzSmlDLVpiMXIyVnVzeDRzazFMcFMwd1E1XzhxSmNBSldtbEF2aWpMcTVyRzdZTXQzUUQ1d0psUy05X2tWVTE1VGZuWXp6WXdQMVBXd1piSmd4RHRGczZucEc1RWRTMDd3V3hqWnBwOVZyWGR1Y2JsUmFDRXotMXc?oc=5,The Times of India,"Fri, 23 Dec 2022 08:00:00 GMT",2026-06-14T20:41:58.487534,dos_ddos,True,False,candidate,https://timesofindia.indiatimes.com/city/kolkata/16-army-personnel-killed-four-injured-in-road-accident-in-north-sikkim/articleshow/96452483.cms
website down attack Sikkim,Sikkim Lottery Results: 'Dear Cherished Morning' Results – October 02 - Republic World,https://news.google.com/rss/articles/CBMiogFBVV95cUxQNFp3dHlKUl80R21pSnJqU0wzbHpuZFJLZlRiOExRNE5SU3JfVkRWMzBvdkIwTXlHTy1feXFiM08zeG9TQTNTTW9lZENSSkYyMXp4V1FjeXl1bUJ1bGNZcHlZalJ2bkxWMFpycVBYc2tTYU5PQUJMd0pTX2VDMUktRnI0MXVDU1VINEZFR2hHM2pnakxsdGF6aGloV1U3ZnBLYXfSAacBQVVfeXFMTVR5RWJuVHREVU05b1dfcXNjeU03MUlDUUxOMktydmVyY0xCbk5GM3h2WGJUMG5WbFIxNkpWeWJ2ZGRGVmJwMGZ4UjlUbzBZMWhFdUhEMTB0czJwMWV1dDFuQzlJTVFOVEpEeHNCLUFZY0FXVFlIVmhzeDFMTTc4SC1BWUdad3ozSFFLWHhaLWVRRzQtY012Tld2X0NmUk9nUjVpRmZnSTQ?oc=5,Republic World,"Wed, 02 Oct 2019 07:00:00 GMT",2026-06-14T20:41:58.487549,dos_ddos,True,False,candidate,https://www.republicworld.com/india/sikkim-lottery-results-dear-cherished-morning-results-october-02
server attack Sikkim,Elections 2019: Post Poll Talk in Sikkim Suggests SDF’s Return - newsclick.in,https://news.google.com/rss/articles/CBMiggFBVV95cUxPVU9SanFjdU1GVkxzZ3QwX1NSWFdKZEhJQ3FpdWVQNlJUSk12dmdiaEJXeDNmMi1sVjY3b1BUTVdEZG45amQ2YTZEbDFwemg2eDVwNXJSQ0lCcHIxT19nTzg4UTNyRXRlS2cxdWl0cmNXZkRzcFZBbnI0V1UzVENmLVpR0gGHAUFVX3lxTE5nVnNybXhPTU8zc3BjcGo0bUpUcWxBZm5mQXdXcXU1YkV5NkVxLWVGOHE0d0N2QXp0LXhITWZteEtpVWFZUUY1S2p2UWRyb1RhcWxZNzh0eWdsUzlka0ZGdi1mUEhkR1Exc3AzSjlhYU1lUTh6dVZOTEg1dFdKQ29Vb2lYdmZrcw?oc=5,newsclick.in,"Sun, 14 Apr 2019 07:00:00 GMT",2026-06-14T20:42:00.573697,dos_ddos,True,False,candidate,https://www.newsclick.in/sikkim-post-poll-suggests-SDF-return-elections-2019
network attack Sikkim,Sikkim: Villagers demand justice after Soreng man survives alleged premeditated attack - India Today NE,https://news.google.com/rss/articles/CBMi4wFBVV95cUxQaHBJckxYY2V2THNHOVMxM0xKNXBpWjg3ZEZjQmVsa09lOWxXcDdIaENHNEhncGE2Wk52R01RSTRYdFNOSnVUUFBnX2R2R0ZBbW1jOVU1bUJ2eEtTRDRnQU0tcmxwR2x2U1QwT1c3ODYwTmtkQUp3ZFVWZnhHZVZNWlI2U3RFOFl6UnlUVkRGSkluNjFZMUl0aFhjOXdmN2RBS1JmbUxFRTVENXlnQ0tjbjNMOEw0ZTJSZEZrWEQyX24tWHVsdGdXMEpKS3FyWlNqTTFCTDlvRVU1NEpDYWdzVDg4VdIB4wFBVV95cUxQaHBJckxYY2V2THNHOVMxM0xKNXBpWjg3ZEZjQmVsa09lOWxXcDdIaENHNEhncGE2Wk52R01RSTRYdFNOSnVUUFBnX2R2R0ZBbW1jOVU1bUJ2eEtTRDRnQU0tcmxwR2x2U1QwT1c3ODYwTmtkQUp3ZFVWZnhHZVZNWlI2U3RFOFl6UnlUVkRGSkluNjFZMUl0aFhjOXdmN2RBS1JmbUxFRTVENXlnQ0tjbjNMOEw0ZTJSZEZrWEQyX24tWHVsdGdXMEpKS3FyWlNqTTFCTDlvRVU1NEpDYWdzVDg4VQ?oc=5,India Today NE,"Sat, 13 Jun 2026 11:43:02 GMT",2026-06-14T20:42:02.435572,dos_ddos,True,False,candidate,https://www.indiatodayne.in/amp/sikkim/video/sikkim-villagers-demand-justice-after-soreng-man-survives-alleged-premeditated-attack-1407511-2026-06-13
network attack Sikkim,Arengh’s 7-wicket haul powers Meghalaya to win over Sikkim in U-15 Rising Cup - Hub News,https://news.google.com/rss/articles/CBMioAFBVV95cUxQZ1FiMk5YZVk0d1o0ZHJSaUVpNUJlTWZDVjBlRUc2T3lVOFV6aXBnSTluLUcyZm1QdlE0SUJRd1U1bUQ5Z0J4QnVCemVFYkZqZ0tVbDk0NlY3Um9acmhrcnMtNHpSR21JOTR2MTdPTUY1RE0tQncyNjF2eFA1aGlsUVF1WTMtUnNIMVY0UzBrd0RJSThPZG1yalJWTVNnM2F4?oc=5,Hub News,"Wed, 22 Apr 2026 02:06:56 GMT",2026-06-14T20:42:02.435611,dos_ddos,True,False,candidate,https://hubnetwork.in/arenghs-7-wicket-haul-powers-meghalaya-to-win-over-sikkim-in-u-15-rising-cup/
network attack Sikkim,"Centre steps up studies, monitoring amid frequent tremors in Sikkim region - Sikkim Express",https://news.google.com/rss/articles/CBMisgFBVV95cUxNRGMtbXMyZUtMNW9GNWFBTW9NQmYzaVl3eFRYcHlUWHQ3dy1ZM0lPUi1TWXJROE9UYmJVX2Z4UmxWY0JIejlGU2pHT0gxMnBUdGR0WEJqSXk1RFJOeFhXM3dIRUtfVXo5dlNfVnN0elVkUnMtODM3WWdlSUM0OVJFa05feFZaeE5zc2xydy04R3FZejNjRlR6cFpJQUlXZ1FrWmlXZnBZbGtNdXVRMHp2LXBn?oc=5,Sikkim Express,"Wed, 25 Mar 2026 07:00:00 GMT",2026-06-14T20:42:02.435622,dos_ddos,True,False,candidate,https://sikkimexpress.com/news-details/centre-steps-up-studies-monitoring-amid-frequent-tremors-in-sikkim-region
network attack Sikkim,"Sikkim landslides: One killed, five missing, several houses inundated - The Hindu",https://news.google.com/rss/articles/CBMiugFBVV95cUxPNHEwSkE1T0FJWUpYLW5abi1uamVGa3dURlpZWHpXTGE0T2ZmR19BQ0FkNFRCNi1hdko3ZzJUTEhOS0lXVlktUUVoSmFJelRrZG9DZENFS2h2RWtya01kUjZ2OUt4cVRjM3JYbng1VWE0S2MxbkxSMmNSTlU5TWZodksyY1NqMjYtbXJqZk1tOXh0ZzJUbDBtMVdWVUU2UXpjRF83Ykw2dU5BNGFfZzM2dHlyeUxFRHFfUGfSAcABQVVfeXFMUGh6UDBQVEloWEZTX0JIck0wNVZVb2JkOHJhTlBsVjBLdUY0M05xSFJuYkJYNVNBYjhNM2NDT09fR2czVVpFQ1NVcVRsbnNkbWtOVUFhS3dXaFpzbV9tY0R1WjlzY0JrdGV5S0EtUzdfbldmalpPRWFGdnh4a1hGc3lnWHREcmpFNWJGMUpTNzJ1Q3k1OER5R1JuWnpCdFhSUWJBaThXN0NzV1k1MGVEalk1bGlqWVdaNjMtbEVQN2ZF?oc=5,The Hindu,"Thu, 13 Jun 2024 07:00:00 GMT",2026-06-14T20:42:02.435647,dos_ddos,True,False,candidate,https://www.thehindu.com/news/national/sikkim/sikkim-landslides-death-toll-rainfall-weather-update/article68284275.ece
network attack Sikkim,SDF submits memo to Guv seeking President’s Rule in Sikkim - Hub News,https://news.google.com/rss/articles/CBMihwFBVV95cUxNUEZNWS1DeU1FQjBfNmU4T1Bqdkl0M1RoS3BMMnJkWjlYdURNdWJ6cXRORTZRVldBY2c3OFFCekk4MU5peTA3Q1YxZmVZcVp1RGJFM3YyWGM5Mll4d1hReUFvZ2FUSm1DS3RwVDRwSVBHaTJLdDZzZTdZaElDVHlLYTZ5c3hyWFU?oc=5,Hub News,"Fri, 27 Jan 2023 08:00:00 GMT",2026-06-14T20:42:02.435704,dos_ddos,True,False,candidate,https://hubnetwork.in/sdf-submits-memo-to-guv-seeking-presidents-rule-in-sikkim/
network attack Sikkim,Impulse NGO Network workshop in Gangtok for NE journalists - Sikkim Express,https://news.google.com/rss/articles/CBMiowFBVV95cUxOQ3ZoWlN3SnNpemRKT2V6Ul9rYkNGeWgwY3NmYnpjcWllUGVsRlBnYjV4YlUyMXRvYWRuWnZQczNLSzh1VnNNc0JCWnVzanM5Y0VGcmFDLUkxWDNETm8xcll3MkVVcXExS2l2Z09GbVRXOGk2dUlqUnNyd1BFVktrcXpPT1ZpVTZOckJ1VEhzUDdoMTRFOE5lckJEVDFjbkJ6Z2I0?oc=5,Sikkim Express,"Fri, 08 Nov 2024 08:00:00 GMT",2026-06-14T20:42:02.435712,dos_ddos,True,False,candidate,https://www.sikkimexpress.com/news-details/impulse-ngo-network-workshop-in-gangtok-for-ne-journalists
network attack Sikkim,"Behind China's Sikkim aggression, a plan to isolate Northeast from rest of India - The Economic Times",https://news.google.com/rss/articles/CBMi2AFBVV95cUxPSFhKQVREb05YX09XU01UWFp4QUw4ZmhmVS1UblFWdFhzeDhiMUtMSVdDbEU0eFROS0hYWjVtMEttRmNMbmEwdFM1VjRGekZpSVNTbkhIWHVUMkRWakE0TXpoY0JqNWprVnJRdkNWbjVHazc3ZENVUFpSeS1RT1lkY3JqX3kxRVZBOFR0YWpxSTdSeGV3eUNXZUR1VEdzSkpuOGluUmx2Z0staUc4WGR5dW05WUFhMUxicE5GZllvcS00QlF1RExBdElxcDRMZWRXX1d2YVFDR0nSAd4BQVVfeXFMUFJxV0VrTDY3U21NdnpTT0lhX3VKc3hxSUR6bDdBQTUyS0N4endVaUlKRl9Ta1hWR1FIZXZFNjg2dGdFUktrUUpueG9ZeTZ3Qlh3RTRDNklOREFKNXVwVWxPRXAtTzdueHVTWkNhaVhzUV9JRGYtN2FIMlBRM2Z0QzFVLVFZSjNRWHRXNXUwZkJFY0RFVmtvd1NOeWJVU1RBd2k2QjVzei1Ub0hqdUlOUEs5YVN5cHV1QW9yaHh4TnBCeGVzMjNVU2htQnBOdjZiV0JfQkQ1YWhQblpIalRn?oc=5,The Economic Times,"Mon, 03 Jul 2017 07:00:00 GMT",2026-06-14T20:42:02.435720,dos_ddos,True,False,candidate,https://economictimes.indiatimes.com/news/defence/border-face-off-why-china-tries-to-break-chickens-neck-to-isolate-northeast/articleshow/59420472.cms?from=mdr
website defacement Sikkim,Sikkim Govt website (sikkim-culture.gov.in) Hacked By ZComapany Hacking Crew - [ZHC] ! - The Hacker News,https://news.google.com/rss/articles/CBMihAFBVV95cUxQeFZKckFBbHBBeEUxendadzd6Y0E5SEc4eGIteGRYQ294MTZGd29KczZTR0t5U3FQTEVIVFYteEVIQk9EaXFPNHU4d3otNGxQdGFMd29zZE00eU05V2JIWVhuN3VFM2hrMXlSZE4zVURNb2hJbWIzbjhZX1hrQlY2X2Y0bG8?oc=5,The Hacker News,"Sun, 06 Feb 2011 08:00:00 GMT",2026-06-14T20:42:04.158050,website_defacement,True,False,candidate,https://thehackernews.com/2011/02/sikkim-govt-website-sikkim-culturegovin.html
website hacked Sikkim,Nasa's appreciation for Sikkim ethical hacker; Rivek fixes cyber vulnerabilities - Telegraph India,https://news.google.com/rss/articles/CBMi1AFBVV95cUxNXzVBZWtPeW0wc0Zmd0k5aXNmZ04wVTJlSm9waW9vc2RtUm9KTGpURjE5d2VqcE9wU25kOVpXXzAxcnIzVEJtQUhzWVlfVWtRNEFwRDQ3ejZFU01QMzVtdmhnQWs2cXc4bjRwaWVFWWktWXV4akdXU29hZ1M4aDdfYjl6TDVWaXVJelZ0MXpydDd4ZXVHMnRrOXdkbTFobXphWWdRazVXMjNBMWxXX3Zfb2xCUUozZWc4Y1BVbFprUzJtNGJEWXUzcWlBeTc3TFgydzhMU9IB2gFBVV95cUxPWlE1T3pwRHRhek9lb1AwT0dRT00zenVld1c3MUx3UHkzTFlweTVWbzk5Ny1GQnRRbUdLaVRCYmRnUENNVXJld0pqSm5jaDJ3LVNrdWQ1Rk9DOTBnOHBKUlRMS0FFcXF1Z2luRzQ4b0lCOGlRNzJLd21ocG1fSHhhT3cwcGRzNE95LXFkVHM0SmV1Q1dLMENQam81OFBPbFBhbTlvYnFjQmUzZ0lJbGhRLWw0ZVY3bnpXekRpQkp4cEJMc1piRjZ4am11bF9TMG1mOFV2SlFjbi1kQQ?oc=5,Telegraph India,"Wed, 03 Sep 2025 07:00:00 GMT",2026-06-14T20:42:05.665330,website_defacement,True,False,candidate,https://www.telegraphindia.com/west-bengal/nasas-appreciation-for-sikkim-ethical-hacker-rivek-fixes-cyber-vulnerabilities-prnt/cid/2121033
government website hacked Sikkim,"Union budget 2024: Sikkim to receive flood funds, no cash for hills - Telegraph India",https://news.google.com/rss/articles/CBMitgFBVV95cUxPM0szdDZqS0ppS3JwcFkwVTlkY2RIN0FoQUJGN3RYbi1mdG1rcHVRNkYwZGdKXzY3ZG05Y1hvX0VURXZVamNpR0dTbmN1TDZvNjVlZ05mdjRMSDAtSUoyQS01VS1ZOW9vWHhVUUZ0TWFrel9ySDBHc2V5am02Nkc5ZkM4RG02Y0QxYUJBMjdrVm80WHF6RVByU2ExQ1BnakhsSk9INWZIa3JNY2lBU2daYWI1dDJEQdIBuwFBVV95cUxNdExla3ctQTVseTlLcUJGZXpTRG8yM09TbWE4NW9QbV83ODAyb01acWZWeDN3T2N1TWtaajhuU0drcGs5VjBVYktiUG03dmM2QWZybEI1SnBOcnpnTW9TV3o4U2RQQzF3dngteTFBWXM0cGlwc0ZtU3daUWlDUEFVNzhWNTFnQWs4dmFWVjhNZzVKaHRtZndybC14R1NqdjA0RW5aYnAwTnhtdk4wOTVaVXdFMlJVdG1keXpr?oc=5,Telegraph India,"Wed, 24 Jul 2024 07:00:00 GMT",2026-06-14T20:42:10.652318,website_defacement,True,False,candidate,https://www.telegraphindia.com/states/union-budget-2024-sikkim-to-receive-flood-funds-no-cash-for-hills/cid/2035837
online drug trafficking Sikkim,"Sikkim CM discusses rail link, green drive with visiting Meghalaya journalists - Hub News",https://news.google.com/rss/articles/CBMiogFBVV95cUxPMW9FQ2toX3o3R096YjdIZ29UVnBUWlJqWWI5MEVmRl9hUE92VExlNGVVU2pma1dMNExCTDBWRHpRZVBvRkdWVnE3YjZIU2wxbFhnSERVTFhhc3liTGpCdkRIei1PX1E2S2h4UnVNbUR4LW41cjQxZnlERHM0ZktNaGpDb043d1FpUjRDNG9IMDVMVjlTNGdnUVYtOU91ZkZ0QXc?oc=5,Hub News,"Thu, 12 Mar 2026 12:43:36 GMT",2026-06-14T20:42:50.455458,online_drug_trafficking,True,False,candidate,https://hubnetwork.in/sikkim-cm-discusses-rail-link-green-drive-with-visiting-meghalaya-journalists/
online drug trafficking Sikkim,Sikkim government employees to be terminated if found under influence of drugs at workplace: CM Tamang - Telegraph India,https://news.google.com/rss/articles/CBMi-wFBVV95cUxOaHBhZ2c5ckJUdU1EWmUzN1djNWZUclhhaTFqeWJjRHNpbEpKLUFkRUZIeXR2RTFpT0xOMTJQRkFNVk9tMTZMbEpzNWdqODNhV2JwdjBmelJKcU94eDlOaGlURU0zNHl5c1N3S2FGYzVpQzM3eU9PcVdpWmNydzJiVUZEeHZuNzlRREtEQjAyOGhVekpmQ2Njam5nNkJjZXd4eDU0ZHR6TFFCY0pFeC1fWU1vR3MtQk83emg2UDlyNjZIQ2xUQk5lVGNkRElsUElKMXNkZkJ3VUlKN1otMnhseGNEOHZfTy1CX3A1b0o0MEpEWDNER1FwLVFZQdIBgAJBVV95cUxOQ1pDc0EtVTg5cG85Rjk0UTlvaWNSdjYyeF9iZmlNdlZCOC1naEVNNkV6WExIZHF5Y2xTLXl4X29ITWZ5TktaMXo3blcxUG9hci1SaFBmSGthVlRJTnhjU1haanJreU52T2hadmc0U183dGhJNmctOXBLNlA3WG9pb1R0OFJ3dHFXdzJsN0NhMmdvRlN2WjVIdVRqMUJLZDhEbjN6MUNuS2lKck5KRG5uZkM2c3IwX2hibGVwMFl6a1laRWZFTHdHNDB2bnNrMHdQbjB2Smgyd01kMmNBelBWS0ZJMkItWFM0WXNLTEY0ZlBJaGJWY1FrdER6d3lzSVRi?oc=5,Telegraph India,"Thu, 26 Jun 2025 07:00:00 GMT",2026-06-14T20:42:50.455487,online_drug_trafficking,True,False,candidate,https://www.telegraphindia.com/states/sikkim-government-employees-to-be-terminated-if-found-under-influence-of-drugs-at-workplace-says-cm-prem-singh-tamang/cid/2110011
online drug trafficking Sikkim,"Volunteering to foster sustainable livelihoods for women and youth in Sikkim, India - United Nations Volunteers",https://news.google.com/rss/articles/CBMirAFBVV95cUxPNzJfT1NiS3hVVW9CVGFacmpxWFdDdFJZOU9kemNCLUl5X3R1UXNMYkRGYk40Zl9nLWFNdmxXcjBKUGJPWlNGZ3VoeFU1TnYtMGE0eXZxMnBXdVZUY3lvemZQOGU1aGxaXzdJTGRtUEVkZkNfOTYzamFkV3hQUllzUzl2U3k4SVF3S1p0aFVVcjBiU1BXd0JUZm51SjZmWkJrLW5XS0VJbElDU19x?oc=5,United Nations Volunteers,"Fri, 10 Mar 2017 08:00:00 GMT",2026-06-14T20:42:50.455513,online_drug_trafficking,True,False,candidate,https://www.unv.org/Success-stories/volunteering-foster-sustainable-livelihoods-women-and-youth-sikkim-india
online drug trafficking Sikkim,"9 Things You Didn't Know About Aparajita Rai, Sikkim's 1st Female IPS Officer - The Better India",https://news.google.com/rss/articles/CBMi1gFBVV95cUxNaFFEaFAwa0kxTmNYMFJ2X2tnVFk2LWtYaEU3bHlyTmpyQVF5Wi16U1h3S2hFVkZyS2VYdFpjbk96YTJwUmNzd1JFZ3dZN2hJRmpra1ZMT0J4dm96eWFGbXMzbW50MlExYVFjY3BuTTZMbS1kVzdkb0ltVTlQbUFGdC1zNHhLbU1wcXRxLWdYRnFiYU05N1N1NmlYdXp6cW5UNE1YaVdJdk1hR0ZTUmtuVktlVUNrUnFYRHgtVXFVam5XOVRTMDg2V2dQUUd1cjFYdDVHckRn?oc=5,The Better India,"Tue, 08 Oct 2024 14:36:24 GMT",2026-06-14T20:42:50.455526,online_drug_trafficking,True,False,candidate,https://thebetterindia.com/web-stories/aparajita-rai-lost-father-became-sikkim-first-ips-officer-sp-north-east-story-civil-services-police/
narcotics online Sikkim,Police seize brown sugar from two places in South - Sikkim Express,https://news.google.com/rss/articles/CBMilwFBVV95cUxNZXhCMXZvUVRFMFVuTkZnbTZySEZMSE9Icnc1b2t2NmpvSlIwem1HbkRMN0VkcEdZM012aWJVOHdmZWVadUl0Z09sSmRnUHRuT0RFUFRLNmVFMWFUT0tyLWpONDdHZVA1UGNDeUZna3M0bWI4LWJBZkZBTHAxOHJRNUl3bzNlbzBiSm1KUzJGUGxsMkpfOG1N?oc=5,Sikkim Express,"Sat, 22 Feb 2020 08:00:00 GMT",2026-06-14T20:43:00.811014,online_drug_trafficking,True,False,candidate,https://www.sikkimexpress.com/news-details/police-seize-brown-sugar-from-two-places-in-south
narcotics online Sikkim,Anti-Narcotics Operation: Success in Pakyong - voiceofsikkim.com,https://news.google.com/rss/articles/CBMiogFBVV95cUxPZzQzOER6RlVBSU5sTnFneWI2bTlUQ3Z0UUNBazRkWTVZRFhzV2ZyVUs0SEVMbGd4enV6YkRmLVR1Y193U3lnT09lVjRDM19BYVd6eXktYzVGWDRjRTd1RmNZeTE1RnlRdngxUmdNZmZGMW1ydlNRZmc0RGFGdjdkcmNyN1NXT3BuRk5mOHVySWNIOElTUGgtNElTMFpiSWw1Rmc?oc=5,voiceofsikkim.com,"Tue, 24 Jun 2025 07:00:00 GMT",2026-06-14T20:43:00.811061,online_drug_trafficking,True,False,candidate,https://www.voiceofsikkim.com/marijuana-plants-destroyed-in-pakyong-during-anti-narcotics-operation/
narcotics online Sikkim,Destroying Cannabis By Police: Operation Highlights - voiceofsikkim.com,https://news.google.com/rss/articles/CBMipgFBVV95cUxPSVd4MVZ3OUdkbVVlRnBvcHZFNmV4dXBXVS1hTG9BcHhUOGczOTJod3JSWWltVm1MMFJGRWtiT05nMnJJNVlBVG43RVhEYzVUVUZWRWNxWkstOWhuU1VsOW9LbkFiYU9ES1ZsYzB4NnZqNWxwQW5GaTYwU2ZfaF84M2hEM1dUdWhhZnVta3gtQ3QyVkJzeDJLTl9kQzhfMENUZ3U1eGl3?oc=5,voiceofsikkim.com,"Wed, 25 Jun 2025 07:00:00 GMT",2026-06-14T20:43:00.811105,online_drug_trafficking,True,False,candidate,https://www.voiceofsikkim.com/singtam-police-uproots-2500-cannabis-plants-in-major-anti-drug-operation/
atm fraud Sikkim,Police teams in Sikkim and Bengal seize around Rs 42 lakh in cash from different locations on Sunday - Telegraph India,https://news.google.com/rss/articles/CBMiiAJBVV95cUxNWjY1emdFb3pKdmduZHkzZ3RTc0lFSW0yMW8xY1ltZkQ3N3BLMUZzdWU4b1kwcDRNbFZMdGp3Uk9zS25xc1RVRlBSelI3NHg1ekx3b01FSHNqZ3YyTlBFWVg1Q2t0SG5iRW4ySXVSUTFBZG1MVm15QmV4aWo0VklZTWNaWmUyMVZEUFZaWmplQl9ENWxBQVloUExGYl9adDF4bDBRN2xRSXdTSmV0bWRLdXlFdFQ1WDZXWlk2Sm00QTZLaEdEb0NpNmhQX0w1ai10aTMxUkhFUFlSR21LTEEzalVhRzlQVDExX2FodGtEZzFlMFBKNXViaTBHbXVOSGMyUWlNVGw5R1jSAY4CQVVfeXFMTjZPNm9OeWkzbFJaS0k4LTBqV2RCenhnYjB5V3pRRkExSllRVGprZGpieVlEbFk0NFgyaTYzbDkxdHVTRlZCZmt5Z1lSenBBNzlJMl9xcE5sVER0ZzNXSHZRbFJpX0J3dVFnRWRBTUpWbkRDLU9GUjgyOUJVamNTaFU2SUZlYVBHR0pvQTBtWFNZSnVGVUxMYUw1X05zV2diWFA2NG43M2llbUgyOWVYSzQ0UkRHaF9ES0tvUXR1VEZ1MFVZSDNleFJlalJ4eWpqakl6Ym50U2E0NFJGbHd1U3ZzdFc1SWppWGx3cVNVbHpwaGxOSnh3WFRiMk1Lc0FTdnZwWTIwZWl4Q3Jod1Bn?oc=5,Telegraph India,"Mon, 01 Apr 2024 07:00:00 GMT",2026-06-14T20:43:19.432108,debit_credit_card_fraud,True,False,candidate,https://www.telegraphindia.com/elections/lok-sabha-election-2024/police-teams-in-sikkim-and-bengal-seize-around-rs-42-lakh-in-cash-from-different-locations-on-sunday/cid/2010355
atm fraud Sikkim,ED Attaches ₹65.46 Crore Assets in State Bank of Sikkim Fraud Case - voiceofsikkim.com,https://news.google.com/rss/articles/CBMiqAFBVV95cUxOYVNiQTJhbnU1WXpnblNGenFjMnFoZUdyYzVDVjhQTU9mbEhwNWU5TmhjYjFrRnZwREZaYWZaX2pzSjZNamowNFhMQmgzZkJkdWVadGNpSVAxNzZZR2huMHQzelV3TUJNRlowclZPdEN5ZnZDN3JnckdVVk05WmFBUmFFVmQ5ejlyYk9wR1BOLTlNNzZyb3ZjMkgzM3hheFBWQTRmY2pHX0Y?oc=5,voiceofsikkim.com,"Fri, 07 Mar 2025 08:00:00 GMT",2026-06-14T20:43:19.432152,debit_credit_card_fraud,True,False,candidate,https://www.voiceofsikkim.com/ed-attaches-%E2%82%B965-46-crore-assets-in-state-bank-of-sikkim-fraud-case/
atm skimming Sikkim,Sikkim: 16 UP locals arrested for alleged ATM Fraud Case in Gangtok - India Today NE,https://news.google.com/rss/articles/CBMitgFBVV95cUxPSGhZcVlPanlkMDRyOGM4aHUweGNNYjBINHhVeDl3YTBYX2tNVUhTbUdlZENKWExsWl9rWDdVY1RYQTNLMVczZFFhdFdNS29RUzNyMEkzWUFWUF8xLXVIeVExWkdSWXNIRjNSc0w3RmpwT0hRT2R4QTdNT295bWZhTjRSSlRlQ2p2QUFOaTJDeUFSYmlXbGhoQXdMd2xlWXhpcGxiQ0xnSE5jT2Eyb0hhOE85T01NUdIBuwFBVV95cUxPZVkzVnlwWmRSdGVmZ29TV29lOEdudEM4MGJ1TV9OUjlIUjNmcEJJQV9BUkNCaE1aNlZLNGhUNHZIRU5wbUZXc0pLb2lWQWJFUDktOTFKTUZsZzljTWJxV2haQXlOTGp4N3VXMmYwVGQ3Q1ZfSXd5NV9kU0JXREp0S3NWSGJQak5ieDVLSnowY3FyVjRrdkh3c1BiTG1UQzNlTGNZLUhRSGhhSW82N3N1Ynhsa2R0bDQwYUZZ?oc=5,India Today NE,"Fri, 02 Sep 2022 07:00:00 GMT",2026-06-14T20:43:32.752054,debit_credit_card_fraud,True,False,candidate,https://www.indiatodayne.in/sikkim/story/sikkim-16-locals-arrested-alleged-atm-fraud-case-gangtok-442669-2022-09-02
duplicate website Sikkim,How to Renew Driving Licence in Sikkim: Step-by-Step Guide - ACKO Drive,https://news.google.com/rss/articles/CBMiekFVX3lxTE50eEpoVXotRnQwRzNwcDVVUDBwYmdBcWdSaERINXA3OUhWVlJmR1JjdkdaX1FPNDNkODlMRE9NWVB4RHNJdWxidFZFcGJ2UlAwYi1jdjI3U0ptMmtCT3VUTm9xZ1UyUzQ2Q3pQd09LaFVOQ3M1a1A2MFJB?oc=5,ACKO Drive,"Mon, 27 Jan 2025 08:00:00 GMT",2026-06-14T20:43:49.426842,cloned_websites,True,False,candidate,https://ackodrive.com/driving-license/renew-driving-licence-in-sikkim/
fraudulent website Sikkim,"Sikkim State Lottery Result Today 6 PM Live: Dear Legend Monday Lottery Result of April 27, 2026 Declared - LatestLY",https://news.google.com/rss/articles/CBMiogJBVV95cUxQTk9SZU56Ukc2NjNZS1VpYUVqSTVHcjRRbHB3RmtocmluX1JLUDhoNGNhLVU4ZTl2YWpILURqTVMtaEJmZ0FGX0FVRHY4ZXdacWRVbjBrVzBoWkx2QTcwNEJ2Y3RETXBlcVZkTjJqY1hKQWJrSmFHS1JiMjdLNk1XZ1A3TmotYWZxVmNfTnFBQWw0LWEtZEk3Q0tFV0JkV2RtREZJSndZWWFUbUNZd09Yb3IxcWV3WHcwUU9WalFuNXIxYWFoWXhDblp1eTFZRHBUSmRuMkFFT2pZeVNzVjE3b1gzUFBmSXMzU002cXBGSTczWEhHWHBzSl9Rb2lwelNWZTVHTVNOYk0xSnNBTWJNMmMzVWRES0pUUWdZR0h0VG04Z9IBpwJBVV95cUxQTy1VNnB6YmV3Z0trNVhwalFCa1lxUG5BOTNZYlprRHhldEJzVm92cUVsTGxwV0tVSFJtcmRza2xiTXgxRWZDZ0lDZmFFMUh1YkpHY2k3MnRKOWVza3lmSXFjT29GcUEwWk5OcER4VXNXSk83SU55aC1Ba0xFY3JlcmtISWtGSjBTXzY4ZjRsRUlaWWktUlJBSkxjdEJLUk1td2lhOWdrSHVBWjVIaTZQTjRLRUx6ZlAzNHlNM09GWEc1aDZfOEwwa2k5enRvaHUzTVJ0UU5KdkhfRmNLSUthSEJQZVhrWFZXRnZXLUl6RFRybGJQdFhYdmxYWElQTG8zVkpUWTdrSFdfUWNMT21kcndvYUFVcXNsVU9aRGl6c0dGNHBSaFFr?oc=5,LatestLY,"Mon, 27 Apr 2026 07:00:00 GMT",2026-06-14T20:43:58.492606,cloned_websites,True,False,candidate,https://www.latestly.com/india/information/sikkim-state-lottery-result-today-6-pm-live-dear-legend-monday-lottery-result-of-april-27-2026-declared-online-watch-lucky-draw-winners-list-7409233.html
fraudulent website Sikkim,Central Pandam Scenic Beauty Of Sikkim Revealed - voiceofsikkim.com,https://news.google.com/rss/articles/CBMivwFBVV95cUxQRFhRLWY2UmtrRnNWZ3FnYzJFclY3cExvalRMYWowd3RaUms0bU96Ym1tLXg1bFFnOUdJcHNYRHJDeTlENjlTSEk3ZTFDU3UxTE41WVVSRGNYa0JiNzdqRkJya181UGJOajFyd2VvbnRKUVV5UV9xaHBJVGhSYW5CYmtvakhOYkpDdGZrY0N1dWxBeE1NNnNScjFFNk11cTFzaTlHa3NPUU40bmJKYXFGTE8wd1RrbC11WjNKR2t6OA?oc=5,voiceofsikkim.com,"Wed, 11 Mar 2026 07:00:00 GMT",2026-06-14T20:43:58.492694,cloned_websites,True,False,candidate,https://www.voiceofsikkim.com/engrossed-by-nature-captivating-transcendental-mesmerizing-central-pandam-village-of-sikkim/
fraudulent website Sikkim,SKM Criticizes Citizen Action Party for Deceptive Practices in Candidate Nominations - voiceofsikkim.com,https://news.google.com/rss/articles/CBMitgFBVV95cUxPaFFnMk5XOG8yamZlbDR2OGZYMTY0aGRpNmlha1BRNmFRQVBoOGhpbTFjQzQtUmFOUW5BbUg5M2cxZU5WaVU2cmc0cERaY1o5VjRIZjZjRFZUanBNaFNnNXF0VVVQRmlPVE9WNnZsYzkxV1FpbzVuQlRHVjFmRmVzY2IxaFVxUEJac3pWVzY4dHZtZTdVcGMyX01DaEdqQ3g0emhqM0NManZTeS1PVllodnBSbXJ6UQ?oc=5,voiceofsikkim.com,"Mon, 28 Oct 2024 07:00:00 GMT",2026-06-14T20:43:58.492750,cloned_websites,True,False,candidate,https://www.voiceofsikkim.com/skm-criticizes-citizen-action-party-for-deceptive-practices-in-candidate-nominations/
unauthorized bank transfer Sikkim,ED Attaches Assets Valued At Rs 32.57 Lakh Belonging To Some People In Sikkim - Ommcom News,https://news.google.com/rss/articles/CBMisgFBVV95cUxNaFFQSlVucnlUa1RWWXFUR19ETmtXSWF3QWlWQ08weV9aek1wLWhNclpZcWpObE1Kem95ZWRqY3ZkdWExOFBGYWhsUENyUVp2emRjSHFJUkJsX0c5M0RmMXhBYVlqRmRfX084T2p3LS0teUQ0eHNfRWdTTlkzM0pPWV9OMUJ4ZWF0M3Y0Xzl4U1owMThsQW1sZ0FlZWNCc0otLW1haGI5aWVDTWV2Vzlqb2FR?oc=5,Ommcom News,"Thu, 06 Feb 2025 08:00:00 GMT",2026-06-14T20:44:05.124418,automatic_transfer_system,True,False,candidate,https://ommcomnews.com/india-news/ed-attaches-assets-valued-at-rs-32-57-lakh-belonging-to-some-people-in-sikkim/
child pornography Sikkim,"With Sikkim's Help, How Assam Police Rescued 40 Trafficked Children - NDTV",https://news.google.com/rss/articles/CBMizAFBVV95cUxQOXQ3dzZuUWxCcDVBR1NROHgxaHZVb1BDMlpHb3ZQMEo5cXpMLWxZbEYySFN3cHlMalhHZFVOc041Zi1kV01RRXF2SG0ydmR4YnVaU3BodnZ1WmhYSEEyY2QyeDVkc3JUTFE2d3VXRm5pN3p5V3pYcmhRa0ZZT3ROeGctRlBvMTgxR0szMWE3aVhjaEhRR2RCYWNWd0diVUhNSFNOdWpQd240MVozMnYyaFpnRklKOWx1LVE5ZEY4RGlZWGdDNGNoa3JncVg?oc=5,NDTV,"Fri, 23 Jul 2021 07:00:00 GMT",2026-06-14T20:44:21.262556,child_exploitation,True,False,candidate,https://www.ndtv.com/india-news/child-trafficking-in-assam-with-sikkims-help-how-assam-police-rescued-40-trafficked-children-2493420
child pornography Sikkim,Pahuna director Paakhi Tyrewala talks about directing Priyanka Chopra's maiden Sikkimese production - Firstpost,https://news.google.com/rss/articles/CBMi5gFBVV95cUxQWlVBX01LTG83ZDQwYTBwU1pWVFg1VmJrVlgtZjZkSi1IdmtKcFdOSEF3Wmx1alcwVkpFcWJaZTZQVFpRd0xZSmdRYkxBRWx2YWRwRTJDNHpwZzZ2cWdBWHBWdUtybUQ1Y1puTFZWQW9PclhwSWdqS2Q2dkhwTDRvSUxYSUVlT3hMaUotamxrR2NNTW9jMmR1cUI5dExpdXJWY0llaS1EVWZzd0tvTnVvc1g0Rl9uV0RZZVFWZEpoR3JHdzF2ZmpLd3BtT2hlaDl3Ujd3dm5FZVJxRDNDSHpFWHBPeFZPZ9IB6wFBVV95cUxNeWNYRG9DbFU5LWRFZU5tUFZicmV5NWZNQ0xaLXN3ckl1b0xEZ2k2T2NIREUwa0ppVlFlT0s2ZFdua09qUDhPY3pyZGl1RmNlVV9oQ3l4WmVqTUtKVkFNRFB5ZXRnc19lZHFOZHJKeUJ3UDlOcmRyenduUFRvMHhNNVpFakU5T0RQN25vbTZzcGxYN1Z6dkkyMDdyQWRtRF8tNkdDaGJBelRmUXhHYWU2UnNpN3M1THVxUzFVRHB2UHNZeE5FZkdhSU9MNFhTZHk4N1VsZHllWnRRNDBXMHBNTVhQS0pDZF96dUVJ?oc=5,Firstpost,"Fri, 07 Dec 2018 08:00:00 GMT",2026-06-14T20:44:21.262570,child_exploitation,True,False,candidate,https://www.firstpost.com/entertainment/pahuna-director-paakhi-tyrewala-talks-about-directing-priyanka-chopras-maiden-sikkimese-production-5690301.html
child pornography Sikkim,Sikkim Diaries – My Great Escape To The Magnificent Mountains - Life Beyond Numbers,https://news.google.com/rss/articles/CBMidEFVX3lxTFA0SHV6T2RuQ3lXNTRjOWVVNHVSVlNNaU16VjJneUdjTTQ1RjZSWmpzbjJsUjRNeldWWkNkV0lyR2pfbTh4Z0V3b1lNMnJpV1lGOWwtZ2NiZHdRYTgyQ3VJbUQ4bHdlc08zLW9jY0ZOTVVaVFZK?oc=5,Life Beyond Numbers,"Tue, 08 May 2018 07:00:00 GMT",2026-06-14T20:44:21.262577,child_exploitation,True,False,candidate,https://lifebeyondnumbers.com/trip-sikkim-mountains-discover-life/
child abuse content Sikkim,Sikkim Police receive President’s Police Colours; become 15th state force to get the honour - Nagaland Post,https://news.google.com/rss/articles/CBMitgFBVV95cUxQa0NRMlJ0aWtYd3pVSWdEdGVUTXp2bmRNTncxblJucHBqanc3QmJGQ09rdlppejhZdk5tSHVaaXducWpTSDJTQVR1bDBPNXl3OEtsbHMzczhQemhMMFlQNlZXX0N3eHZCN1Y3Q1hKck9HWUlDWUFjLXBrNUlsNlc3MUFnLUlVVV80UHNRN1dpVmNwY1ZBR2ZsZDJZME1tZGhJRTk1aWp3SlFGbktTUlVKTDNLdm0yQQ?oc=5,Nagaland Post,"Fri, 23 Jan 2026 08:00:00 GMT",2026-06-14T20:44:28.481107,child_exploitation,True,False,candidate,https://nagalandpost.com/sikkim-police-receive-presidents-police-colours-become-15th-state-force-to-get-the-honour/
child abuse content Sikkim,Sikkim Drug abuse & Youth: Where are the youth leading? - The Sikkim Chronicle,https://news.google.com/rss/articles/CBMikAFBVV95cUxPMGpCbEVJYUxkVzZXV05meUpmd01zMDg5a3VBa29udFJTS3RBbmVPR3IzNG1tQ0tWbzRkUUZybUpvcDJiSXlEdUNZYzBBZzJCdVEyOEJXTXRBT1NmT25VWlQ5LU5PTzZBMUZTQlNxekVlN1R6YmplOXpyX3Y0VnFtQTMzM0kweVZsVTBGYlpiSzA?oc=5,The Sikkim Chronicle,"Thu, 07 Jul 2022 07:00:00 GMT",2026-06-14T20:44:28.481123,child_exploitation,True,False,candidate,https://www.thesikkimchronicle.com/sikkim-drug-abuse-youth-where-are-the-youth-leading/
child abuse content Sikkim,Health Kalon visits Tibetan settlements and communities in Sikkim and West Bengal - Central Tibetan Administration,https://news.google.com/rss/articles/CBMiowFBVV95cUxNcE5KSGVxUUpMWFdLS2lPQXM3QWVZRVdoVS1uWlFqbHB6TkgxNl8wS3VNN1plUE52WFNSQVZDcXpRaHNWamVmVmF4WXVKZS1SQ2h2bEM1U19QVTZPbW0zSi1HSWZjeGJXaFZYbkhmenFUNVBPelVlLTJremVOSklWY0hMem5MdXlBcl9tV3ZSUXRtWGNBNnhMbTlxNjFrbDdSU2NJ?oc=5,Central Tibetan Administration,"Tue, 24 Feb 2015 08:00:00 GMT",2026-06-14T20:44:28.481149,child_exploitation,True,False,candidate,https://tibet.net/health-kalon-visited-tibetan-settlements-and-communities-in-sikkim-and-west-bengal/
child abuse content Sikkim,Amir Ali Arrested Amidst Controversial Case Details - voiceofsikkim.com,https://news.google.com/rss/articles/CBMipgFBVV95cUxPa0N2Z1RFU3pPSnl5NU4tTnpHMVhrZThTM2JWTDNUdGpKcVZZN08yaFU3RGdxOE5leF9XUGNrdTAzY0hxS1RmUkJIZXV5TFB3dk5NT2haRGtLRGVQTTIxYzRzUVVDVHJ0WGNTbi0zMThCa2xnemRaUDJYUjlBT1gtb0JWZkpDRFZWVlAzNUFKVVF3eW83U2V6MWFEV3J2TEUwNE03V0pB?oc=5,voiceofsikkim.com,"Sun, 29 Mar 2026 07:00:00 GMT",2026-06-14T20:44:28.481195,child_exploitation,True,False,candidate,https://www.voiceofsikkim.com/siliguri-gurung-basti-minor-suicide-case-main-accused-aamir-ali-arrested/
child abuse content Sikkim,"Sikkim CM hosts Meghalaya media, pitches 108 trees per child plan - Syllad",https://news.google.com/rss/articles/CBMikgFBVV95cUxNelR4SnRvVjhnTS14bGNUTWhUMVlkYThIOWdsNEYtT0ZPSmVMVVpDaVZJZks0Y3J5OF9YNDdibThXWDhrVG9lOElDako5UHJ6WnZ3V0JMZkdDZGMzcDlqWkRValJmYjF4eFhBeTVsWDN5d1Vwei1qdjA5UjhNQm1JQ00wNHBvbkUwa0ZJRHlpRmpCQQ?oc=5,Syllad,"Fri, 13 Mar 2026 07:00:00 GMT",2026-06-14T20:44:28.481207,child_exploitation,True,False,candidate,https://www.syllad.com/sikkim-cm-hosts-meghalaya-media-pitches-108-trees-per-child-plan/
child abuse content Sikkim,Student Tortured With Cigarettes In Sikkim By Adult Man - voiceofsikkim.com,https://news.google.com/rss/articles/CBMijwFBVV95cUxNSmpwaEtlM2h5ZXFKVWFST0lETWxhZ21zOExiZmpZalN6U0hFRVhtcWw2MmJJYmtpSzFCelc4M3NhbUk3dl9OQ2RYSDJTR3pYLVl6MWNVaVVwYlBRSG1RekdrdGZIckRqb0dnLU5lZy0xWGczb0w1RWV5NXl5bGJ5VTNlQnhYX0w0c2ZIQjk0UQ?oc=5,voiceofsikkim.com,"Thu, 14 Aug 2025 07:00:00 GMT",2026-06-14T20:44:28.481219,child_exploitation,True,False,candidate,https://www.voiceofsikkim.com/student-tortured-with-cigarettes-in-sikkim-by-adult-man/
child abuse content Sikkim,Sikkim: Undertrial dies by suicide at Namchi prison - EastMojo,https://news.google.com/rss/articles/CBMilAFBVV95cUxOTkpxTXFoRjNHZTM3NUJVNWhwcmppTncxQmxpY1dUcmdqeXlzZ1UyeFFNWXdSR2NiZ20yYjF5TzRabGszUGNtTG9FYm5mZkxvdWNuYmtRS1g3Tk1UWU1XMFlyOUdGNm12bDdQa2NoODd0bWRpM1YydUJER1lsWnlKaXB2YUQ3eUY3OWlXaVZEbk55NGJH?oc=5,EastMojo,"Thu, 30 Jun 2022 07:00:00 GMT",2026-06-14T20:44:28.481230,child_exploitation,True,False,candidate,https://eastmojo.com/sikkim/2022/06/30/sikkim-undertrial-dies-by-suicide-at-namchi-prison/
sextortion Sikkim,Bride Groom Wedding Argument and Education Issues - voiceofsikkim.com,https://news.google.com/rss/articles/CBMiqwFBVV95cUxOeUZqU05VTFF4M0dWZzdWci1oYU14WUN6WTRkS3lLX3hCZnJ5ejFDM3YtZ2tfVFpiZjlsbWhRajdYN0NzNnRXM1dZdlNSeENOTm9ZQTY3azVzSjFVN003ZVdzNEYxdlp2VExqMWROZE1qTlJialZTZk1WaC0yZDZWcTd2YThnSjhtZzNBeFVjTXM3ZnM0a3AxdVRIZnJ2SjMyejllenVCcGpLSG8?oc=5,voiceofsikkim.com,"Sun, 31 May 2026 07:00:00 GMT",2026-06-14T20:44:30.474859,sextortion,True,False,candidate,https://www.voiceofsikkim.com/bride-cancels-wedding-in-uttar-pradesh-after-groom-fails-basic-math-question/
sextortion Sikkim,NHIDCL Executive Director Arrested in Rs 10 Lakh Bribery Case - voiceofsikkim.com,https://news.google.com/rss/articles/CBMilwFBVV95cUxQUEVIUXZBaHhYNEZlTzMzRmNJUDloYkYwZWZVS2t0dnNNUXdaRnZDa2dvTzJpaGE1VnRpZUZ2TTAzUjZaZ2w5bXVBeGlvcUprdk14TjROYWR6bi1nRU1DMjZ5N2lWWHBkQTVyOE42MWV5TnJvWE9JenRUMl96ekg3b3Y3YllvaTU1M2hjNHIyRDJhV2NFaDNj?oc=5,voiceofsikkim.com,"Thu, 16 Oct 2025 07:00:00 GMT",2026-06-14T20:44:30.474874,sextortion,True,False,candidate,https://www.voiceofsikkim.com/nhidcl-executive-director-arrested-in-rs-10-lakh-bribery-case/
morphed image Sikkim,Lumpy Skin Disease Detected In Sikkim - Outlook India,https://news.google.com/rss/articles/CBMikAFBVV95cUxOaXZfc1pFdzZOaUR6a05TN0d0ZDZ0cWVBOTgxYWFJUzBHb05CY3NFcEM3Z0dpSmtrSFRYbk9YQk1oUnZwX3pUcDd0UWNzcThyT2NiaHlwWlBFU3dFalJkYllJajR0anBGOGtBM1RHcGVOSXdnSndjbmFSWWhfWWZYOHl3Z2JzdWFtc3Q3Wk9DV0zSAZ4BQVVfeXFMT0Nhc0xJWkZXejRJaGxHdWRvQ1hmZWhaODFHU3dxX1FYZHFTOFNXeWRBS3pBU195MUs5Rkc1NVc5Y0ZmaVNBdTBGYkdVMEpOWEYtYTBtTnBwcG9vQjl0WlFQMVIwT2ZoOS1nZC1IN3J4NFZ3RFZhaGZ0ZTFSQXdRSEFWbkllTGVfU2hLMEI4XzlLUVp3VHFRUUdCVWc1SHc?oc=5,Outlook India,"Sun, 21 May 2023 07:00:00 GMT",2026-06-14T20:44:46.248761,sextortion,True,False,candidate,https://www.outlookindia.com/national/lumpy-skin-disease-detected-in-sikkim-news-288119
morphed image Sikkim,"Sikkim CM To Contest From Two Assembly Seats, Fields Wife Against Chamling - Outlook India",https://news.google.com/rss/articles/CBMisgFBVV95cUxQSWRvSWZVc1FJTDU5aDltaTVxNS0yNnA5ZDFxZnVHR00xYVlXdmlzQVlxeHlLdXpKN3ZhcVNnTThWY2ZqTGxPclBPWTFDdDBIZmstR1ZwLTRaT3dKSkJwaWpBbktXMHl0ZHZIUDgwOW9oSHlEcFZiQkdhdG80LXJCS3NsNk5aY0pLVUcxeU5mU0JfUVRaU3dyRXg0SERFWTdHd29CZnpzN3IwcldJeEIwZm9B0gG_AUFVX3lxTFByWUFJaFg0Mkkxek5lNTE4VHVqcnR4SWdhcm91TUgxQ0JvTWk5eWRGUmpnNDk5VkpsbDVaZ1d4LUZveWVPNWVNczlCVEpCdHNHZ3hWZENYazk4TTF3RmZ3YnJ1d3RZcUhINmVOSm1tTDk0Nm9ZUDRIbkN1UjdnNmdJWUl2QVp5T0s1cTF3dVR5OENpMkN3MThjLUlwR1NRLWJOM0xpc0pXUmRYY0dpY3BnYm5FUzBfeWZIcTZ5M0Ew?oc=5,Outlook India,"Mon, 25 Mar 2024 07:00:00 GMT",2026-06-14T20:44:46.248831,sextortion,True,False,candidate,https://www.outlookindia.com/elections/sikkim-cm-to-contest-from-two-assembly-seats-fields-wife-against-chamling
cyber grooming Sikkim,Ritu Khanduri to participate in 19th Annual Zone III Conference of CPA in Sikkim - Garhwal Post,https://news.google.com/rss/articles/CBMipwFBVV95cUxOMHBXUlhpQmxnaDFuWVIyX0luWHN1UlFvaEprWktXMUhZdWwxc3loblBYNE5IRXdsYmJKZnprQk0zeXhuejl5UkJGZl82RXpWNUJONWk0TmtvMkVCOXNLZ19PU3U0Q1lUb3JJNjdFandBRWMzMjJrRkxkLVIwWEVVZGUxU090MTluTTFrMkZUSTZ0aVd1OHpPUWFfMWtQc3Z3ZGRhMjB2VQ?oc=5,Garhwal Post,"Wed, 22 Feb 2023 08:00:00 GMT",2026-06-14T20:44:49.785403,cyber_grooming,True,False,candidate,https://garhwalpost.in/ritu-khanduri-to-participate-in-19th-annual-zone-iii-conference-of-cpa-in-sikkim/
cyber grooming Sikkim,NCW Writes To Gangtok SSP Over Cyber Bullying Women On Social Media Platform - voiceofsikkim.com,https://news.google.com/rss/articles/CBMiqwFBVV95cUxOY0tpSnNDTzREaTVzY3JrZDdpV2dTNlY1aVdVLXhiNnZOUXd4QTFZMHNzRTlfSjFzTXZlcGlBbG9zMkpDRGRfc3EteUhpU25UNVRjVXRsV2g4a1gzei1wUHBxSFYtVWppSmpPdnpCb05yaF80bjZleXlWeUdBOW9ZMnBVT0t3QW9qTVRiME9YU0ZrOEJPRE9WU2ZJSGtPRHBZNXpyalpYVUJuUDg?oc=5,voiceofsikkim.com,"Fri, 21 Nov 2025 08:00:00 GMT",2026-06-14T20:44:49.785441,cyber_grooming,True,False,candidate,https://www.voiceofsikkim.com/ncw-writes-to-gangtok-ssp-over-cyber-bullying-women-on-social-media-platform/
cyber grooming Sikkim,Om Birla inaugurate the 19th Annual CPA conference in Sikkim - Adda247,https://news.google.com/rss/articles/CBMinAFBVV95cUxOdkg0WmRrN1hRVTIwRmNhVEJXN19iSklybUVzR3d4b19hc1QwOWhibW9UdjVodXlhaktneGNfWXBpSkpLY1VTaG5zSVRaYzlrS2FuWEpvdGowTUJYNUl6ZGFiMEhHbjZlZWRCR3pIWVpmdWJ2WGp5OFJCdTA1R1NSUFU1RnVRZE5fVGduSlI3cTZpQktDQTA3M0oxYnk?oc=5,Adda247,"Mon, 27 Feb 2023 08:00:00 GMT",2026-06-14T20:44:49.785452,cyber_grooming,True,False,candidate,https://currentaffairs.adda247.com/om-birla-inaugurate-the-19th-annual-cpa-conference-in-sikkim/
online grooming Sikkim,Meet Rinzing Choden Bhutia & know about her sustainable skincare brand Agapi Sikkim - Lifestyle Asia Hong Kong,https://news.google.com/rss/articles/CBMiqAFBVV95cUxPekdlOVdiRUdsS2lLTUZwam0xQVpHaGZ5QmoxbnJnX2VGVlVwV2JoR3N4dHlXbVV6VUJlSVV5QXFUb2VZaXduNER5QjRCVDQ3R2c5ck1JaVFGM2F0UkRwUUs2U3h2N3RxS191T1EyblkxUDIzUVBNNnpSaHVvMVlDalRsOFowWVd2WF81QjVHTDBBOEI5WXJCXzl3QUpfQVRjTmhhdkpjS3DSAa4BQVVfeXFMT3I1bjYxWGNCN1ZYWHNpc25UaUNETUhvWjdJenc4a3BQWEVucEhXa0I2bWNuM1phRlRReGJzQjJVc0FOenhFZnZMVTFJUGJ0VjN6SUhfdktwTWFfVTIzM3h4SGhDZVBma2otMWc5akJ2UmN5TUIybGhIbkl4RHRJSXA5b2VMd2NIMVo5WG4wOVhIZm9qRkl5djJQQTZYRDNFQXNyZkxndTIwcWVQTC1n?oc=5,Lifestyle Asia Hong Kong,"Wed, 03 Jan 2024 08:00:00 GMT",2026-06-14T20:44:51.703706,cyber_grooming,True,False,candidate,https://www.lifestyleasia.com/ind/culture/people/agapi-sikkim-skincare-brand-owner-rinzing-choden-bhutia/
online grooming Sikkim,Foreign tourists can apply for RAP & PAP online to visit Sikkim from Oct - The Economic Times,https://news.google.com/rss/articles/CBMizwFBVV95cUxNWDJIWURURkxubzV4cDcyWXRqUk9hdUphdVpzX1d6bWVsOWJYM2RHYWJLbU9xb0VuZDNMeXhGbEJoTGdBUGZrenlsYnVLaHdIOFE0U09zV0ZpbE56WUh0UktIYjRCSm5Wal9zOWZ4Vkt4ejFKWjNSSlRzWFZPbi1ZdGl4QURNc1F1VjJVZGtvWk1NQ25YWGNuUjlYaC1tUldkNFA0SkVTbkhDQnFWTHBjQl90VUt6blJKbllFRkNYdGlFdFcxVU5BaHlXTDkwZzDSAdQBQVVfeXFMUFVma2lFWl9Nemo2Uk8xQ3IwUEZxbTAwSlVfXzhhMGNOSEg3U2RXY3EwYjQxQ0habnpwaWRNSmdKZmJOdWU2cDZLZ25WMWlsZXBwbkI5MlMzYldjTVNYMFB0cUpmTlhtaFVnNTZ3QmtLWWdEaFpCUGRUYXdPdjF1azVjV0RXZnJyeVFtTTBOaVdrWFRzSDgtM0p0UWRkclRVeHg1UkNfbXp0SXNZdU9lMzA0VTRuQmE1SlBRVG1XTFJXSVlFSGJPMDIwZ3VMbVZwQ1RzMFU?oc=5,The Economic Times,"Tue, 16 Aug 2022 07:00:00 GMT",2026-06-14T20:44:51.703756,cyber_grooming,True,False,candidate,https://economictimes.indiatimes.com/news/india/foreign-tourists-can-apply-for-rap-pap-online-to-visit-sikkim-from-oct/articleshow/93595684.cms?from=mdr
online grooming Sikkim,Sikkim model wins Rubaru Mr. India 2022 Grand International title - Sikkim Express,https://news.google.com/rss/articles/CBMiqwFBVV95cUxQbHZzRUV5RUFubWxaSVFaSGhRdnFBX2lpc3FxMGtDNlBweExSTjZZUkFEMlkyeTBSX3ZMWlMxQmVrMXdGZVVwMzJ6Q1pBem9PMDFGR2dZMXlLdURKRmhUWDNSUHZ5Nm1EQ0I3Y3NGOWdYV1JZVkN3U3BFM1RhbmktRWp1TkJKc1ZaX18zcUU4MkV1akhtZi1pMUZwTHVNakVMZUJlTWg1d2hiUlU?oc=5,Sikkim Express,"Sat, 08 Oct 2022 07:00:00 GMT",2026-06-14T20:44:51.703772,cyber_grooming,True,False,candidate,https://www.sikkimexpress.com/news-details/sikkim-model-wins-rubaru-mr-india-2022-grand-international-title
online grooming Sikkim,"MISS SIKKIM 2021 | 14 GIRLS, ONE CROWN - Sikkim Express",https://news.google.com/rss/articles/CBMihAFBVV95cUxNX1Jqa0FpZDEtclRHVGxZUHMxbHd0SUtsZU4wN3dZRElKM2R3MDRfMzZKeDh5QlBfdDN6QUY2enU0WVpyajhXSld4anU4eTB0NGV3T1dLdHZTOUdoSEI3N01zZnQtQWdzY0hzVTJiTkFpRUtyaWxGczJWaU85TGk0RGdFV0c?oc=5,Sikkim Express,"Fri, 02 Apr 2021 07:00:00 GMT",2026-06-14T20:44:51.703786,cyber_grooming,True,False,candidate,https://www.sikkimexpress.com/news-details/miss-sikkim-2021-14-girls-one-crown
blackmail Sikkim,"SDF leader MB Dahal resigns from SDF party: “I felt i was not much of importance to party and leader”, said MB Dahal after his resignation - The Sikkim Chronicle",https://news.google.com/rss/articles/CBMi_wFBVV95cUxQcmhJdzRCemIxRDROM2ZIcHVFbGxHSlB0OG0yOU90MGNoa2dBQlZzalFqWjJ3ODNkQXVoaGhxUVJsZi02aHdlOGhNSE44YzhMZ1ZsSWNVWkN2Nk1kdlIxaE0tUjNHaTJRaVdXRm41eGpfdGxhUHNKcFhmU0E2aEEtMkhheFh5YkVVWFJkMkVDZV9PZWV3MEtjWmFQdm1CTW00em5FQnRnc29HU0RDdHl3VXhwREdJV0ZUd2VxblhiT2dUQU1HWEhqYjZGZl9GZ25iLXhzWDhIeVVUZVJ0MV91a0FzNXl3MDUwcVlKTHRuenh6OXpaeXZ0OGtRM3BrUFk?oc=5,The Sikkim Chronicle,"Tue, 14 Jun 2022 07:00:00 GMT",2026-06-14T20:44:56.678392,blackmail,True,False,candidate,https://www.thesikkimchronicle.com/sdf-leader-mb-dahal-resigns-from-sdf-party-i-felt-i-was-not-much-of-importance-to-party-and-leader-said-mb-dahal-after-his-resignation/
extortion Sikkim,Former Sikkim Minister R.C. Poudyal found dead in Bangladesh - The Assam Tribune,https://news.google.com/rss/articles/CBMipAFBVV95cUxQNlJZdkFfSUg5VjNYZmZWNnV3LUpURFlIUy1CbDBRSlRQRlNtQWZZN19kT29rbTR3OEhxSF95dGxhYjkwQ0Mxd01UWTBYOGI2dGZDVkpkc1Q4WUE5OFNsd2xoSUFISTVOenlPeENXd2YyYUpJbEk2c3I2V1Noak8zSDBMOVFTaU5LWm5rMkFNQ3h4UkluaWtiLS15dnFHcTBNRG03Y9IBqgFBVV95cUxPTWlXemNrTGkwSHZFOVBrX201VkJiY2VEVEFuWTZCck8wc1pFT2pCN2lNMGpvVzRZeGZfaGJPUU1OWmZXUEQtbmJOR05BRXVERm9SbUtod1VYTzVWV0M5LTNXbUpKMUZHSzBRSzFiWENPU0dBY1NvS0hVd2ZGMWFZRjZIWmkta294T1FrM01RTW1BeWdJbmVyWkpvcU1KaDBfRkNzaUY3ekdCUQ?oc=5,The Assam Tribune,"Tue, 16 Jul 2024 07:00:00 GMT",2026-06-14T20:45:02.196061,blackmail,True,False,candidate,https://assamtribune.com/north-east/former-sikkim-minister-rc-poudyal-found-dead-in-bangladesh-1544289
extortion Sikkim,"Sikkim: Gangtok Implements Strict Winter Safety Guidelines At Sherathang Check Post - The Sentinel - of this Land, for its People",https://news.google.com/rss/articles/CBMi3wFBVV95cUxQQ2toUjg4TjN2MEdiMVZQbUwxai1raUEwTG1KMlh6YW5pbzE5b2dxZHozaV9FTXdIX2d6Y1VJV3d2S2lPbUpUUDFnaWV2Y29YWndiX2hSdjkwV0k3VEtwX2l1RmVmdVFvTDB6cWtaRS1UQ1NWR3daeFIxZTlXUVIwN3M2d25EM2dzUEFESGNEaUx5OUZZUEhtZUlHckptdnVkSU1ZVE9GQTZuLVFpd1dQSTJqLWx3ZUxnU0FyUHJENGVxcW1fQVJzcE9iY0ZjTm9qTzlWM1FzTm1VT2xHMzVR0gHsAUFVX3lxTFAxV1ZhbFYyTURKNGdTU2NoQkxpWFNSS0pqdy01Y3VudHFESWFtNWVlWnRRTV80RTFLU2Z5N3dEQUJlRUlBMGV4bWQzX1JNUGYtMGREOHlCYXRJUmdzdVkwVy1lZjZBcEY2cHlzVlRKd1RmdGJuckxnNjZ6TVR2VHhQUENOand2dDNuYzBTLXBKdlJEUzNYcmtlNk1MZFdWNmZiTlkwM1FrNENibFJhZWQ0b3dWRElVSGFzUkRCclNkaV9ERFJKWkwtMTVOeHB4cTR2bnpDNUo4NHc0WXEzUkhMd3FrdkdXN1RhbkZU?oc=5,"The Sentinel - of this Land, for its People","Fri, 27 Dec 2024 08:00:00 GMT",2026-06-14T20:45:02.196148,blackmail,True,False,candidate,https://www.sentinelassam.com/north-east-india-news/sikkim-news/sikkim-gangtok-implements-strict-winter-safety-guidelines-at-sherathang-check-post
extortion Sikkim,Sikkim Government to Merge Low-Enrolment Schools to Enhance Education Quality - voiceofsikkim.com,https://news.google.com/rss/articles/CBMirAFBVV95cUxNODYyaXZDT1pNTGxnVVRkc0NtaFZPTFBIQmlFNURZeFo4TXpybzBpUUFOQTlSOFRxQmVRQThCNmZRQUZpUWxuOGluSU1rQXRZdjhLajg3TFBZZmtVVkkzaDNIaHh2WUJ6amdKWGxZRDZFZWo3V3VTb3FuMnRYRTBDX0VvNzEtNXhYQzFKbUhuUEVxREx6RWdub0JFVGhyWV9ETjNBX1NOcmdNeXYw?oc=5,voiceofsikkim.com,"Thu, 14 Nov 2024 08:00:00 GMT",2026-06-14T20:45:02.196157,blackmail,True,False,candidate,https://www.voiceofsikkim.com/sikkim-government-to-merge-low-enrolment-schools-to-enhance-education-quality/
extortion Sikkim,"Assam’s Dabang Lady Cop Dies In Accident , Family Suspect Foul Play - voiceofsikkim.com",https://news.google.com/rss/articles/CBMimwFBVV95cUxNUGR5YndyaGRVZG1WRlV0SnBRWjNMNkM5VlZmV2VWZTYtSGxMNlR2TEl0RE44TXU1a2NhcnJ3VmRWUm5PRmVudHpYd1FBY21WaWVaR01wWjR4QXNMSXNLQUhjX1JGSEpGVFJveVZ1RzQ0V25xNDFkQmZraHNOZGpkS29nNkxzR3ZiLUhGc3B4TEFJSXk2eFdqSEpLTQ?oc=5,voiceofsikkim.com,"Wed, 17 May 2023 07:00:00 GMT",2026-06-14T20:45:02.196184,blackmail,True,False,candidate,https://www.voiceofsikkim.com/assams-dabang-lady-cop-dies-in-accident-family-suspect-foul-play/
threatening message Sikkim,"Post-Op Sindoor, PM's Sikkim visit carries security message - News Arena India",https://news.google.com/rss/articles/CBMinwFBVV95cUxPdnhpYUJVQmRMb0V1RWswR29WMWFORFhRUFNZUVF6VVRsemw1NlRiZXd0WGtCMVlxeU1CVlViOFBWR1FiUlNXYjFqNE53dkZONU43eXNqVVVrTVlyUGZLbGY0WTNzaGoyWF85Y20xcHBPMVZRbXh6a3RkQk5ZNzRtVjUtRWJ0YS1kbDA2Zmw3U21VZHdWQlo1R2VYLXZrMmc?oc=5,News Arena India,"Tue, 20 May 2025 07:00:00 GMT",2026-06-14T20:45:05.842062,blackmail,True,False,candidate,https://newsarenaindia.com/states/post-op-sindoor-pm-s-sikkim-visit-carries-security-message/44964
threatening message Sikkim,Glacial lake threatens Sikkim’s heritage village - Dialogue Earth,https://news.google.com/rss/articles/CBMiigFBVV95cUxNNzl0eVNyZV9xWVFfRVRFWjdpVUt1ZEx6TlZfUDZ1Tnl4WXc5SktFdzNwWmprRHhCLXpIbjN1QWJLcG0tY0pac0lSOGRmQl9BRmNCbV9fckl5QlI0S2NWTXBYN2Ixeng5MVJPMUhOaXhOS2RzTFdPX0RINEZRT0RmcUJRZGhBcWhvRGc?oc=5,Dialogue Earth,"Mon, 25 Jul 2016 07:00:00 GMT",2026-06-14T20:45:05.842109,blackmail,True,False,candidate,https://dialogue.earth/en/climate/glacier-lake-threatens-sikkims-heritage-village/
threatening message Sikkim,Blight threatens Sikkim cardamom crop - Dialogue Earth,https://news.google.com/rss/articles/CBMifEFVX3lxTFBXNzVPbER6RjlCV2kweElOeEE3UFRFOHF1VUxKS3U1c01VMjhxaTVvODRlNzFPUjFmZXhfNmtVVUJaQXdIVElZRno1OXRJU0FxSlNJb1ZjYS1XNjA5ZDZWV2dDdU5zMDUtZVFkUUtwWlREU3BQZHJxeHFnZGM?oc=5,Dialogue Earth,"Fri, 30 Jan 2015 08:00:00 GMT",2026-06-14T20:45:05.842123,blackmail,True,False,candidate,https://dialogue.earth/en/climate/blight-threatens-sikkim-cardamom-crop/
threatening message Sikkim,"“We Will Keep the Strait of Hormuz Open,” Says Donald Trump Amid Rising Tensions with Iran - voiceofsikkim.com",https://news.google.com/rss/articles/CBMiugFBVV95cUxPRDNjN1RYUWxncE0zV2Vpd1hDWXV0cWlxQ0doWkhESkk5ME5ncEVtLTlaOUxWVlo5YUczWGpfY0ZrVnliTE81RG0xRndOSi1scG0yeDBEZjdiQVlPdEw1WEkzTUNNWWQ2RElBVkhhV29aTWtYVHBmdElhMXRyWFc5dk14c2NtSjBMWHhUUjVfMHBod1FGUmVhYjV2Y1lDdTk1WXA2X3NSaG5yeTEtRXdGazlhVGVWZUp5VVE?oc=5,voiceofsikkim.com,"Sat, 14 Mar 2026 07:00:00 GMT",2026-06-14T20:45:05.842151,blackmail,True,False,candidate,https://www.voiceofsikkim.com/we-will-keep-the-strait-of-hormuz-open-says-donald-trump-amid-rising-tensions-with-iran/
cyber stalking Sikkim,Telangana is the second safest state after Sikkim: ACP Swati Lakra - The Times of India,https://news.google.com/rss/articles/CBMi2AFBVV95cUxQSU52bm1TWXZ3Q2RJOTdETHl3NXBmTnR3djNEa0kxWGwtVkVlc29TUV9MNVptVlhrRUhld2VIZWR3UVhkeGxDcFpSVUxfaTBvTk1ZX09LbXJNODVhTV95VmhxM2c1QmxGSUFkd3ZjU21kVi1HLTh3YnpsLWFFX1A2d3c5VUh3UjJaNG43UVA5azBmelplUVJXWFJlWlRCUW9fbWZqTXRoYXdsX0dIczZqbnQzUEFvTWdOWUMwMHh0OTJoVEFSaU8xc3dscGcwb0JlWjFIeVJMbWXSAd4BQVVfeXFMTkFDSjJZdTFiS1Q5VFRQWGU1amRMYUEyVHFuTDdMVmQ2R2txM2tVRExNWkh4TEpWODEwSVpKSjJUNzU5c3MzMEtObHZBM2RPaXVoLUJST3ZQLW9Dc1lXT29LcGlhNmJzQU5IUjJJMHZUQThZTHAyc0dISFNEZEhXbkJzb1BVYzUtRlIzNlVtRXBnRE1rWjV0dXRpakI1N0dDazZrcGZ6UURsWXhMMVg2VkhhRHl6a053Q3NfeXE1cHpNYkx0TmxXa3U3R0pOejVZZTlnREd3ZHlOdU10REZB?oc=5,The Times of India,"Thu, 24 Nov 2016 08:00:00 GMT",2026-06-14T20:45:07.577301,cyber_stalking_bullying,True,False,candidate,https://timesofindia.indiatimes.com/city/hyderabad/telangana-is-the-second-safest-state-after-sikkim-acp-swati-lakra/articleshow/55579141.cms
cyber stalking Sikkim,"Sikkim standoff: China map includes territory claimed by India, Bhutan | World News - Hindustan Times",https://news.google.com/rss/articles/CBMi0wFBVV95cUxNZmpWMzZUX1Z5T2paMkIyVzVQM2kxU1FvMFJFcTRnNnNUSDhRT3NjLVlxMm1vNXdkWm1RdGYta1k4VlE0WXpCVTItWC1YVmJrdElWWTRySTVCMVlnZGRMZmNLeDhITTVOZnRzcFkya3JtZFcySnZUT2JjYVh4Q3dhbEh3RkZKZzlnYUNNNW1mVmlUcDVSQkZld3ZLUFVQT3B6NDNMOE8xMDlOc3lJb0RtWEF6UTlQNjI2blVscENlNkp2Ml9FQk1weDRjZ2JNUzFaX1lj0gHYAUFVX3lxTE5uRTVMSGlKTml5ZjBKakxMWkxYTG9pOEhlektoaTRTTkpPZC1mQTR4ZUZzeG5LVG44eEQ3aXNOb201U284SnBjOWJQLW5ac2dHYnNRaFlnUGxpcnBUeGt2V2swb2NMSmt2VVYzNTZmM0RiSzBhTVNuSThoQWIyVFVGYVNEN2c0bVpWQ3JpNndPa3BudTlEanZEbXB4V0hLVVRqRE1RWXVtSlVXZEI3S25Qajl0SE5sR1RNNGpEWDVMdzlIWW5hXzBCMUkxUHRYRUFMZVo4VFlNLQ?oc=5,Hindustan Times,"Sat, 01 Jul 2017 07:00:00 GMT",2026-06-14T20:45:07.577375,cyber_stalking_bullying,True,False,candidate,https://www.hindustantimes.com/world-news/sikkim-standoff-china-map-includes-territory-claimed-by-india/story-KIhxIdh5lotAMB672gziRN.html
cyber bullying Sikkim,First trans woman crowned Miss Universe Sikkim - Matters India,https://news.google.com/rss/articles/CBMihwFBVV95cUxNb0duOV9MWlVIdEgzOVNSbFpPYjU0c0RUZlE2bmdwdzJqZUhVUkhwY3pXbmttdk13U3ZzcmlBd0RaX1NEWVEwdVFXb19td01XMkN5YU9ZREwzSDlQYW02eVByNFRFaVdQQWFpWFFjNWNDQUZTUnJCNGt0RXg4bmFMZGRuSXBkVU0?oc=5,Matters India,"Tue, 03 Jun 2025 07:00:00 GMT",2026-06-14T20:45:12.782177,cyber_stalking_bullying,True,False,candidate,https://mattersindia.com/2025/06/first-trans-woman-crowned-miss-universe-sikkim/
cyber bullying Sikkim,"Imported Robotic Dog Sparks Row at AI Impact Summit, Galgotias University Issues Clarification - voiceofsikkim.com",https://news.google.com/rss/articles/CBMiwgFBVV95cUxQMFg0dTdSd3I4UVRlaExLNG9iQmdybzE0d1Z1TjJ5SDB6WTRxTFNJak5aNEZWeEZQaDFTOVhyaWgyUkxkWkNGOENxV1JnMFc0SmliNUtEVWNkX0dzS282Rmh0VGRJd3dmaUliTFF3S0ExV2laSUJDcUVycjRGWkhIakYybW1qcWxPZ0RGd3RtOTVSR0dHemJWS2Vpd1JVaFF5eGdLaTlXNjJoYlpETFVGOUtYeUpHYW01b1VLbGJzV2ozdw?oc=5,voiceofsikkim.com,"Thu, 19 Feb 2026 08:00:00 GMT",2026-06-14T20:45:12.782227,cyber_stalking_bullying,True,False,candidate,https://www.voiceofsikkim.com/imported-robotic-dog-sparks-row-at-ai-impact-summit-galgotias-university-issues-clarification/
cyber bullying Sikkim,Australia Bans Social Media For Children Under 16 - voiceofsikkim.com,https://news.google.com/rss/articles/CBMisgFBVV95cUxQNklFVUJrU2RjcWlBMzNONTMwUkg0YU5HZU5XTHFBcXpQLUtseVdlQzR3RUtYXzB0Z05VYTlQUTZ4NTd6TVY2WTczQlJaN3BlRlhPVGpMWXN3WVBKdkh0R3BnYk5aX2t1aUVyUUxpVUk5bEg5eG9SUjZtS2ZSVENzQ2QxRXJ5cThxMVpzRXV3Y2dwSVFoVk9CNTc1b0pxc0xmNXNJYVkwYUZpODgwc2t5a0Zn?oc=5,voiceofsikkim.com,"Sat, 22 Nov 2025 08:00:00 GMT",2026-06-14T20:45:12.782238,cyber_stalking_bullying,True,False,candidate,https://www.voiceofsikkim.com/australia-introduces-nationwide-social-media-ban-for-under-16s-from-december-2025/
online harassment Sikkim,"Sikkim’s Slow Ascent: Trade, Terrain, and the Challenge of Connectivity - orfonline.org",https://news.google.com/rss/articles/CBMiqwFBVV95cUxNRWRnZUlBZ0lPbUFSQk1pV3pocVRDSTVSb1BKbkN1czRmQjNadGVBd3dCaXFfYUpvbml4NUJoQ01HNVJ6alRIM25RbjZsMllNd2RSV1F2M0VXQXB1SU45VzFQYmZEXzNRQjdyU1NlUjFHaW44RFRUaFNUOHd3OXd6Vmo5THI2V2o5RkFfWTQ1WGZRdm1RS2M2UkhWOEt2OVdGeUNQU3pkTVItbkE?oc=5,orfonline.org,"Fri, 08 Aug 2025 07:00:00 GMT",2026-06-14T20:45:17.873489,cyber_stalking_bullying,True,False,candidate,https://www.orfonline.org/expert-speak/sikkim-s-slow-ascent-trade-terrain-and-the-challenge-of-connectivity
online harassment Sikkim,When Sikkim knocked on Nepal’s door—and got silence - Nepalnews.com,https://news.google.com/rss/articles/CBMilgFBVV95cUxPdDN3M0NXOUV3TWpYRC1leGFFWndvLXFUSUpPU3NnQlNRSHptbFNhcFZHTXBucXl1VWU5elB2RFVtRW9INGpYNWpSR01Kc1ZPQkZvdG5iZy04TDJwQnZwY2RyWi1hTHF3ckRUZGxHcjU0R0xWdVI0eHE5TEFkOGw4Qm1NeEtYbS1zYzcyUnBqVmwzaEhuS3c?oc=5,Nepalnews.com,"Sat, 07 Feb 2026 08:00:00 GMT",2026-06-14T20:45:17.873517,cyber_stalking_bullying,True,False,candidate,https://english.nepalnews.com/s/feature/when-sikkim-knocked-on-nepals-door-and-got-silence/
online harassment Sikkim,Nepal-India joint patrol repairs border pillars in Taplejung-Sikkim region - Nepalnews.com,https://news.google.com/rss/articles/CBMitwFBVV95cUxQamx1QlhFaHphRlhBczVPMUo3azQtNTQxa0g0VWZOZGVMU25pa2MtTENyVlBTc1dEeWY5U1J4ajV2U1I5LU9NQ2NOd2VEMU9ZTC1YRDdpSW9iQ0xZN3QySS0ydlZLNEhGN1NPcS1VSUtvc1RIVVFtZE1nQk9KOGtSckp0NFhoUU5FOWVYN0VCeWxwTzJwN0RtQ0RMMWM4VUREdVBSTkpjWG5OcGhONEMzWHRIb2Rkdzg?oc=5,Nepalnews.com,"Mon, 10 Nov 2025 08:00:00 GMT",2026-06-14T20:45:17.873543,cyber_stalking_bullying,True,False,candidate,https://english.nepalnews.com/s/security/nepal-india-joint-patrol-repairs-border-pillars-in-taplejung-sikkim-region/
online harassment Sikkim,"The mystery behind claims of India-China clash at Naku La, Sikkim - orfonline.org",https://news.google.com/rss/articles/CBMioAFBVV95cUxPYUpxNmZUNjJVVjBwMUFYRURhNjU0MUJQT1J1bDBMalhWeGtxRVQxMi00TWowaXh2TmlhdHBaeHBfOGdGQ0J6Uzc5eUZORWIxeEd3RWdSYlVzY29sV1hETUFmdEJJVEg3OVEtQWVnQTVET3FMN0lzUk44MFBjNUI4QVdCaWN5QmtRYVFvb0JFMUZjci1vMWkzN19POVF3a0FC?oc=5,orfonline.org,"Wed, 27 Jan 2021 08:00:00 GMT",2026-06-14T20:45:17.873552,cyber_stalking_bullying,True,False,candidate,https://www.orfonline.org/research/the-mystery-behind-claims-of-india-china-clash-at-naku-la-sikkim
online harassment Sikkim,Sikkim State Lottery Today Results: Dear Smart Morning winners to be announced shortly - The Indian Express,https://news.google.com/rss/articles/CBMizwFBVV95cUxPT1ljdWx0SWxtTXdyalBjMllmYXBVb2s5THhtUW5EYjl1ZjhUSURFMDJPa3ZNeThVY21KUm5JbjNmX3NxMHZ6N3VEU2ltVzA1NGpNelNGMmNxQjBVWDdTOC1IOGxwdkJfUzVlU2ZqeFFCenFJemZodVZrZDdnUWt2TGMwdkNDNXJuM2ZYWGhweWtEcWw4VEQwN0JWTTlPTDJHN3lPTlQzQ1JaMXdUM0R5RENKQjE5bzAxMHlIQlRzSFE4aW9acFNZenRiSnRCbFnSAdYBQVVfeXFMTW1sbGhWMkVualhZaEdOdXFCSG83WEtmdm51b3RFZTk4NHZNTXVXQlJrU0J5VTZqS1F0eU83M3ZmWEIydEk4RklLS2tNY0hiYmxrTUlNNG53QjluT25fdWlkU1lSSnloYjctMXcxYUJJaENpRVFISFFuSVY2Smp0MHhSQUk3WUpTRGVTcmtOV01vOHpxczdYUGhMOWZqc1pTemRFU192WGVrQkJTTG1lQ1RqZlpEenNWZHo4UEIwdHV1cEFDOC02TUM2bS1Hb2VPNF90Z1ptUQ?oc=5,The Indian Express,"Mon, 28 Jan 2019 08:00:00 GMT",2026-06-14T20:45:17.873560,cyber_stalking_bullying,True,False,candidate,https://indianexpress.com/article/india/sikkim-state-lottery-today-results-dear-smart-morning-winners-to-be-announced-shortly-5557667/
online harassment Sikkim,'Sikkim Chheparo' first time detected in Nepal - The Rising Nepal,https://news.google.com/rss/articles/CBMiUEFVX3lxTE9iTUhWU1ZwWW14a05kanFUS1JLOTNnQ2QtdkFkTUJvQl9vc19zSXVqeXphVFNnRUJSNzNGbTR4eDB0SGhIeGwzQ3YxdG11U1NI?oc=5,The Rising Nepal,"Wed, 10 Aug 2022 03:39:17 GMT",2026-06-14T20:45:17.873588,cyber_stalking_bullying,True,False,candidate,https://risingnepaldaily.com/news/15146
online harassment Sikkim,Ritika Singh’s video of her exploring Sikkim grabs attention online - The Times of India,https://news.google.com/rss/articles/CBMi8AFBVV95cUxNMXdoVjV0Rm1ob3hNZ3ZkM1BPeVRUTkFrOS1GUkJsMGN0QjhoNEQ5eW9iMXF0Vk95bEVEM256eGVrQzVCYzhGN3o1bzZ4T2E1bDhMUnNweUt0TkE3cU5vREU5dWhkc0pCaDVJZmhYMk1ud19RaTd0eHJZS25EZ2pNMzNGSVBVZktUNk0zSUx3VW82cDRGdVNJbkRXM0hZVVZhR3NWdkZlWU9iblNEcjNtTnJma3FHak1nLXhDTGs1am5zVXpFQVZYclRIRW1MamZOaDUxUHA1WHdoMVhHM0g3dFJPdDc2N1pnSmx1eGpJQy3SAfYBQVVfeXFMT1B0OFdFOWFTSTRWM2kyTjRzUGNXLTBud25aVHVnY2dKUkhON01DRGg0ME5VcFJ1QzFUSWd5U21SNDdYRy1KTlg0NHFwem1jU1VXTzVwQzNyanY1d3R3SHkwbldrN2UzQi1xeTFibE90ejhPZWJZaGtxQW9XcDZoVDRDQkFHVXdOcTF6dE1PZzFMdGcyUkhpamZqazVCV0dLdVZITk56MWQzMjg0c3JhRTJrUThwMERNVzdXTXppRnl2a0ExVHhoRHZFbDhRVGV5V25jMy0waURpNVFkdmNVb3FHLTFuUzY3WG13RzdiU3BKQ1JucnZ3?oc=5,The Times of India,"Sat, 21 May 2022 07:00:00 GMT",2026-06-14T20:45:17.873597,cyber_stalking_bullying,True,False,candidate,https://timesofindia.indiatimes.com/entertainment/tamil/movies/news/ritika-singhs-video-of-her-exploring-sikkim-grabs-attention-online/articleshow/91709502.cms
online harassment Sikkim,Sikkim Lottery Morning Result Released. Details Here - NDTV,https://news.google.com/rss/articles/CBMixAFBVV95cUxNakZ5WHNqSzFNTVA5VTFoWEVIS3pVQ3ZfaWZEYThfcDlZY0prQXpwRG5SOFg5c3dqMWZZNnhsVE1uUFFOdHRKaWNzNjIxQXRGb0NjSG1lVmVIdXFCSUxBS3ZJX3ZCNUlwaGVXUGV5SGtHRzRNRVRXSkVrejhySEZXYldJVVYwWXdMMXNqVl8wQzE2ZVJCZzJIbWUyVjFfU3lzSkk2d0w3MElPemI5ZF9SYWhnb3FqRGlCRkV2TERkYzJYbTNW?oc=5,NDTV,"Thu, 16 Jul 2020 07:00:00 GMT",2026-06-14T20:45:17.873606,cyber_stalking_bullying,True,False,candidate,https://www.ndtv.com/lottery-results/sikkim-lottery-today-live-sikkim-lottery-results-updates-from-sikkimlotteries-com-2263784
online harassment Sikkim,Road connects Sikkim with Nepal - Nepalnews.com,https://news.google.com/rss/articles/CBMie0FVX3lxTE1RY0xhVTEyd1c5aVJuY3lzYmRGTXRsdkJDQWpqQ3JYRmFUVnM1VU55cERNYTJEZWtuNExkZWFQN0NITDZqdW1zU0VnUGNIU3pPckFTdzVibm05SVZ2cDV1TU00a3cxTU9kUTNxSlRjZ2RpRlJJS3VXeUV4SQ?oc=5,Nepalnews.com,"Wed, 17 Feb 2021 08:00:00 GMT",2026-06-14T20:45:17.873623,cyber_stalking_bullying,True,False,candidate,https://english.nepalnews.com/s/nation/road-connects-sikkim-with-nepal/
trolling Sikkim,"Trolled, Priyanka Chopra Apologises For Calling Sikkim 'Troubled By Insurgency' - NDTV",https://news.google.com/rss/articles/CBMiuwFBVV95cUxQNW5JejNzTndTSkxiNkVRbG1sOGxkYTBfSjZRY1dqY2xnUDlkZ2ZmdFVGMmY3RjllbGtERUgzclgxTVUzaWdnejFtLUpwWGsxNjI1TzFRbjdRal9nRkFwT01PN3RXTncwNy1yNndXOEpVWlhrSE9vdFNDWmN4U0hMMkZfN19lYjQtMVJwQ2VJNHhRUExBQTZxQ3NXWXRNQzVsNDFORUdrandPeFE1bFViX180SkY3YktMaGlv?oc=5,NDTV,"Thu, 14 Sep 2017 07:00:00 GMT",2026-06-14T20:45:19.654876,cyber_stalking_bullying,True,False,candidate,https://www.ndtv.com/entertainment/priyanka-chopra-made-people-very-angry-by-calling-sikkim-insurgency-troubled-1750119
trolling Sikkim,Priyanka Chopra trolled for saying Sikkim ‘is troubled with insurgency’ - The Indian Express,https://news.google.com/rss/articles/CBMi6wFBVV95cUxQM1dDU2JpZTh6OFJSd0dPbnRVZ2tKQ3VWVVd6OE5EWDVIRVZlT1FWVE9Va3ZKU2dsZGZjYktDVnFUN0VKc0l6TTNhbEVVY2VjTmpaRUp2Q3lJdm1XTGNabHNpNmpCT2ZJMjcwSzdjMkwwREttWmhBWE9qSW1tUXM1ckZqUk1sZmRXTEFLVEFGRGVvM2RWZzRkRHhrWDIzTUZSZFA4bnEtdW1ZUjYzbm12WUNzeFlRcTlsWUtkckJUNDNJSDhrWFNUWDktSl82WnZ1S2RuVjFVc2NDak5yVThwdTBKLVhuWjJWSEdB0gHyAUFVX3lxTFBMd3FxVFEyZmllb09yTGZkVU9FM2NOS1Q5amFpZjVobkJ1a29xMk5xOGJSOFFSaURnUXduSjJhMm5xb2NIRWZraDc2SjJnbW9ZUXFxZHc5dG1OY1dkR3MtU1hIMURPNFBJT3p0d1NEaTB0OTUyNnI5eWplQ3l4aDFSZk00clhybVRuMUJHX25uRHd3Y3daTzdQYWVwZzZYYzhlbm1oUXJ1VlRicFU1YlVSVnV4c0xERm9URjN2TFlDTG5sRGxVamFlVWM5NndRcHJ4c0xOVG96azZaMnVJd3piTS1hWXhxcm1XS0VtQ3hzWkp3?oc=5,The Indian Express,"Thu, 14 Sep 2017 07:00:00 GMT",2026-06-14T20:45:19.654922,cyber_stalking_bullying,True,False,candidate,https://indianexpress.com/article/trending/trending-in-india/priyanka-chopra-trolled-for-saying-sikkim-is-troubled-by-insurgency-twitter-reactions-4843130/
trolling Sikkim,"On Holi road trip to Sikkim, Bengal biker dies in accident - The Times of India",https://news.google.com/rss/articles/CBMizAFBVV95cUxPRmZJc2RQclk0b0xhZXdsNktmQlVLS0dtemM4LXFBU3pJUzlXQmdrNklOMEh6Tm5tWGpaXzRTS3RoekMxbjc0XzlrSFhfREVLZHVqS2x0UzVkYzM2SkNxOV9GOGpkM2hqcDBMVTdMOFR5LXpXb3dtaU93THhMNnNubmlJQVdlMWg2QkZycTBGOTQtNF92U1E5bUMtMk1pRTRLWEEtNnI0SWZHaU4zYlY2SmpLSTJSYnludjhDNjZ6dWJfVkVzMUd4Zm9BWUPSAdIBQVVfeXFMUGRWRjhNRkNsc2ZqNGtNa2U5M0Nxdzg4cm1XMzE2al9MUXhQbEo0LUVzNEd1NEREZFczeE1EYjFydFhXT2Npbl9uOEM1N0R3d1dhUjlBVHhjTUVSemxvSTVXc1BsMGpFZmM3aE00Rzh6bUtTZndqeW4wcE0wTjZ0YW03Tkd4cmQ4blFrSGZ1b1JBN1FwWldtMW1iRTZYSVkwM1pZZU1nSENvWVFfRlVBUUtpOGNaLUNSWTBzSnF4UVhhM1lKalFxdEF5cFE5RGx0Ykl3?oc=5,The Times of India,"Fri, 21 Mar 2025 07:00:00 GMT",2026-06-14T20:45:19.654938,cyber_stalking_bullying,True,False,candidate,https://timesofindia.indiatimes.com/city/kolkata/on-holi-road-trip-to-sikkim-bengal-biker-dies-in-accident/articleshow/119269733.cms
trolling Sikkim,"Priyanka Chopra: Sikkim is a peaceful, green state with peace loving people - The Indian Express",https://news.google.com/rss/articles/CBMi1wFBVV95cUxPeFo3dDVGV3p0bEdMV3FyYU95NkN5VjlnQzdTSGhLSVlCNnZQSGFlNHFRZVRhbHBGZU9RQ1k0X3NYOGdTUW5pSXc0UUx4aE1HaG1Fc2VpWjZFTlZTR3RGMWc2ay01Q2l1cUVzZEZHNzFIN0dSV0Uya1hGUWRVVWpYSVd1eUZ1SUtTREtTT3VoRFotYnhPYjJLZjRSZ3V4VkV5SHhmYnhmWjE1bE1HVjdKN05ZMFBRN0RDR3N1emlDb2Nta2JLMWNtellONTZTTHpIc1VjVmxwb9IB3gFBVV95cUxQWEo4a1N3anlqN0cwYXlfZC1xNTZkN3NPQUNDRm05cHBvVC1ZZXN1YVhhNnZUWklQRTkybEEyQVBZVHE4cndGTU9pbE1YSFhxUUxfVWtCSzFlaWtEU2FtY0stVGd1R2Nxc3JwSnRxTEVGTWl2WTNKTXZFalRsYUpsMW5EYU5zQUV1aDVmVXBacVd6SFJNZDgweGdjanZ3TDdlVW1sVjBFN3dvWXBFYThRam40Tm0wbXBBem1CMzlIdTZSTmM1T05kU2VSV2d3VnZybWoxUjQ1UTByLTJfWnc?oc=5,The Indian Express,"Fri, 15 Sep 2017 07:00:00 GMT",2026-06-14T20:45:19.654951,cyber_stalking_bullying,True,False,candidate,https://indianexpress.com/article/entertainment/bollywood/priyanka-chopra-sikkim-is-a-peaceful-green-state-with-peace-loving-people-4844867/
hate message Sikkim,"PM congratulates people of Sikkim on their statehood, NC asks about J&K's statehood - The Times of India",https://news.google.com/rss/articles/CBMi4gFBVV95cUxNTmlpWjFaVTlaVWNxZkFJc2RCSl9uLUgyVE5aa1ZybnF5TjQ0RVB6SUhuMnNIRjFmN3BYanlwWnFJUGw1UWlnNll1MThFMkNLYmJBZnBidXYyTWx5Q012YTJIOERlbGJIT1FvNHg0SGREM1h4amZCbE9kaUtQeXBTS0JyQTlVRHUtdkNtWWs1eU1EckZKYnlHWHNoU3lVY1ludzQwNnR6bFdXS3JOWWN3em5PRG5OOXg1eHI4aFA4d0lmWDVTelQyOUR0Z2RsMUVWMVpHTmx0Mi01QjE5RjdqdFZB0gHnAUFVX3lxTE9Sbk5hSXJBYmhtdGVxT3hMdUktQ01vQzJjNkhrN1plR1ZKbFNOdkgzUC05MUxjbDAybHNVVm5ZZEF1WTJ5ajMyRGUyWXZxaVlaNjZ0ZmFIMnN5TmZqWGtJVS0yQ3gtREF2SHoyYlJ0N3RTdkNzOFJFT3pTaU5fWW12dlVUNTFldS1LcUxacTFMZDZQbGFHNm16VzdfZkNsZ01DdUZJVFdoSlMxMEFxSloydlhlbWJiamR5cklIWG9mNVI0Vllrbkp3U1JuMFZjeHNva1lIVDJUaXJZS29QX0IxLWs2QkZtNA?oc=5,The Times of India,"Sat, 17 May 2025 07:00:00 GMT",2026-06-14T20:45:21.238373,cyber_stalking_bullying,True,False,candidate,https://timesofindia.indiatimes.com/india/pm-congratulates-people-of-sikkim-on-their-statehood-nc-asks-about-jks-statehood/articleshow/121218764.cms
online abuse Sikkim,No more paper permits: Foreign visitors to Sikkim must apply online - Mathrubhumi English,https://news.google.com/rss/articles/CBMilAFBVV95cUxOV1dETXRIc19sNEQwRDFqWE5CTWJXd0RZcWdDbkg1ZFRzeTFtTEJvclpqc1Z0ZDhpanJacDhfNG9kcUFyYnEzMW1qbTZnUUg1MjRqbEFlc05oRENTZTlTQTNETnFvS0JpZTJPZzgyRjBIM2dSUGxUQjZmd1NGSVFXZVBuZXAyUHhQY3VtU1c2MW02TVZy0gGaAUFVX3lxTE1CX3JyVEo4Zmw1MGZTVEoyMkp6X0FUNFBScWRWZjRxNmNWZ0NNTXNXd2FMelBRMVh6b1JGRWxFWFB1V2xzdmxDVW5MWm9qTElkOTNDQWhheXRuR2NvM3BCbkpuQ3FHdVI2VEpXZXZkUHhrckRJNDBVZ2ZxR1BRVUpmZk5CblZ6cnloZ19keHFzdE1YMTJaS1AwRUE?oc=5,Mathrubhumi English,"Tue, 13 Jan 2026 08:00:00 GMT",2026-06-14T20:45:23.180462,cyber_stalking_bullying,True,False,candidate,https://english.mathrubhumi.com/news/india/sikkim-online-permits-foreign-tourists-m2irxjzy
online threat Sikkim,When Can Courts Grant Interim Compensation? Sikkim HC Clarifies - SCC Online,https://news.google.com/rss/articles/CBMiswFBVV95cUxPNlk5N1JQUi04VjJoYlQxcWxHcm5XVWFZd3VYY2RZVUVFSEVfNkZnSTlVeG01MGpPWl9ZLVY2M2tHWE1zclAwSVBYT191ZUEweV9rZjI4VEdXNVE0X1B3MDh4NWN3b2lGY1YtOHB4RHFDMmswbGpjcEtDTHRwZ0dWWmpQcGYtSWhQRnJFc0Vua3JaMDJ0X1BpTHRvMDZGMms0TThrd1Bad1RRUm9QSUNkOWlMMA?oc=5,SCC Online,"Tue, 14 Apr 2026 07:00:00 GMT",2026-06-14T20:45:26.934453,cyber_stalking_bullying,True,False,candidate,https://www.scconline.com/blog/post/2026/04/14/sikkim-high-suo-moto-interim-compensation-without-specific-prayer/
online threat Sikkim,"Sikkim’s Pakyong airport under threat, walls damaged by incessant rainfall - Hub News",https://news.google.com/rss/articles/CBMimwFBVV95cUxPTEhqR2tkUi1IOFhZQUtxb3lqS2Jpc1IyV1FFUTVCNGtvUFE1Mi1EY0ViT0xPU0c4cUdtMUdKYVphN0xiMk42RERzVnV0Sm00Z2dhS0FKTjhZUW81R21fN29JTzRGbkZEUFNPYmpEUDhES2MzQ2NBbVhIcjl3Z0VSd25YUWRTOTVpbmJfVzY5YXVCcmtzdzFrNm5VRQ?oc=5,Hub News,"Thu, 05 Oct 2023 07:00:00 GMT",2026-06-14T20:45:26.934572,cyber_stalking_bullying,True,False,candidate,https://hubnetwork.in/sikkims-pakyong-airport-under-threat-walls-damaged-by-incessant-rainfall/
online threat Sikkim,How Sikkim’s traditional Lepcha weaving is fighting to preserve its legacy - Awaz The Voice,https://news.google.com/rss/articles/CBMixwFBVV95cUxPLWN6a1lHdTk5MVMtZXRPSVRCVmtfTi01LVJacGRpWjh2QjFuWUVkSVpISWtMNjVLVFVWU1V4SVl3NXFkRHZhbjRrdUF0V3p5WW1ERmMwRkNKb3NTUVJpay1MM2VnVURmUF9mNTlkd0tIem9BVHE0WWpBX2xkYzNVVGJVQ2tYeVRBVFZVNmo5b0JzcUl0QzZLQ3ZPejNqMXRyaWdoeUpoWmZPNGN2SjBPZzk4TlBJaWxfYTg5RVR4cVJJVUh5dHA0?oc=5,Awaz The Voice,"Fri, 07 Feb 2025 08:00:00 GMT",2026-06-14T20:45:26.934608,cyber_stalking_bullying,True,False,candidate,https://www.awazthevoice.in/lifestyle-news/how-sikkim-s-traditional-lepcha-weaving-is-fighting-to-preserve-its-legacy-34144.html
online threat Sikkim,India deeply concerned as Chinese road at Sikkim's Doklam area has security implications - The New Indian Express,https://news.google.com/rss/articles/CBMi5gFBVV95cUxNS3BjZ21hTFZRMFQ0OFBGcklNMERMMTZ6TlFqMHZkUGxOQlhET2lsX0tIWm42aWlKQkhPejZsRUhFQXI5b2ZrREIzZ0ExS3lxbEs1amxwTUx0N0M0QU9STzMyaXJNNlROVE1UbGJmbDhDazd4Y1JhQnNvTXdIeUdmMmUtc2hTN2UwcXhJRXJxV25xc3k4bkpqZmRZYjhHWUpRemhacDVVOWlBNS1pQ3U4WW15UUh0aEo1ZUZlUEZQcHhtSjE1ZmhyS0ZUd3lwb09OQXVhWGtLS0d3Y0lPOUM3eUJMYnl0UdIB8wFBVV95cUxPeW9DY3ltVXFoQ2xiV182eWJfUk1mMlE0T1o1eDl1YnJrVmxsQXlxY0NDQkx6UlFxNnVoZ3NDell5YnJTWFBUR3BzbHpMR1NUTGZhelZZa3k3blZPZzRrclVtMXVSWExMVVJlVGp4UUI5dHljT0hWOEgzdzY2Zkh4aTd0Y2JWMVJ5RzdpbExKZmllNGQ2MnFCNW43S2RJc0d2TlhyWWxJOU9QOFBrR0JycG1FZjZyRW10QmFvM3NpdXMwRXMwLW9yWVBfY0U0Vkx3R2FWcllYMHpBSEJnd09FUlhjX0lNazBvNWhwLWh3S0ZtTU0?oc=5,The New Indian Express,"Fri, 30 Jun 2017 07:00:00 GMT",2026-06-14T20:45:26.934659,cyber_stalking_bullying,True,False,candidate,https://www.newindianexpress.com/india/2017/Jun/30/india-deeply-concerned-as-chinese-road-at-sikkims-doklam-area-has-security-implications-1622584.html
online threat Sikkim,Nothing Like Playing Some Football...: PM Narendra Modi Joins Kids For Friendly Session In Sikkim; Shares - Free Press Journal,https://news.google.com/rss/articles/CBMi8gFBVV95cUxNZ0RBeXhTVFExNG5Dc0IyeHNKUDFaQWt4aE00V01xT0pJNk1vYm5NX2I2ZVhudDZXMkN5elNyaWZPeFhlTTVNdXAxRkZYWjZaNmxWN21QV2VKMkVRZ0ZMajBFOFJRZThWYTQ2cGdOZ1NxYlotM0w0ZmVWRUtEUXNUTHNmNktLVC1yYm5LTnpJcUkwbjJYUmpzeUlGOTNmN2FhdEtwdjNEbWMwX05IakVIZHlEQkJzZHVmX21DdUl5Sm9SNHRmQks2NTJiTzNLQjZiVi1paGtVRjZDMGtlZms3ZngtXzBudjB5VkhSek1HNVZaQdIB9wFBVV95cUxNOWpFX1k0a1U3VjZKM3NwUFJMMUI1aHdfdGhFVmpla0RyVkl4Snh0dDMwVzI4eTNab2s2cE5TOFdtZWpJUXcwVFBObm5SUVdpRUZSNUlmT3RaeXdTdkxBNjNneGxEMFZOYzdVeVU0TnVCVzFkMmNUOFMyOVlCUmdaeFplZlkxTXBuZk5MR3pRd0JsSmVINUtjWTM0RkNsY3NpSkxlVGdyQlZBajBSQmMwSktJM05KcEZia3dqQjJybTRvRVBDTlRKTkJld0Q5bEV3T09qVlBMWWZIWXF1MXNnWTRVT0dHSWNCNzdGOGJmVmRsWkVQZ1FZ?oc=5,Free Press Journal,"Tue, 28 Apr 2026 07:00:00 GMT",2026-06-14T20:45:26.934723,cyber_stalking_bullying,True,False,candidate,https://www.freepressjournal.in/sports/nothing-like-playing-some-football-pm-narendra-modi-joins-kids-for-friendly-session-in-sikkim-shares-pics-on-social-media
