query,title,url,source,published_date,collected_at,search_intent,is_state_and_cities,is_noise,row_type,real_url
cyber fraud Mizoram,"AR, Mizoram Police seize foreign-made arms, 3 held - The Times of India",https://news.google.com/rss/articles/CBMiwgFBVV95cUxNS3EwX2lNaXZXc21ZZDMyT2NteGMxb2RZRmZNYmZjNVdIOWYteHV2YV9SbXU1eEJKQWNMN0c2SlRrWWE0a3dsRW5idzVvc0Z6eFVKRExCeW82eHowT3I2MVNpakNrUk56Nkw4ZnM4UjVsSVFmeUxNWHdMTDR6SURTeDdsaXRfS0hCdG5YczBTNlBmUVc5aWpOV1JpQWpRMFk5RlA3cWVfUVpVWktoYXcxSDRHMHJqMmNRaDNTMm5FOTk3QdIBxwFBVV95cUxPYnhtcDNpNEVmSWw3MGlIeTlnTFBqVDFoelBJdmw3aWcyTDlfdnNXamxjTEhCMmxNQVNNZU9CZjBTX3lTNTZ4QWhHVG1Yd18yaVI2UlJaTDd0T3l6QWNSMUppa2RDWmhHeDh2bThtSWVETUZER0FsZThMbGZ3Y29DWnFMaFpzSzNzNU9FZko5bEZHcjVvYlphS1loVHB5S00wSjNBWjlNckg5U1JTanYzY01JdWdQTzU0eXcxZUFfdXV2cHNzLW4w?oc=5,The Times of India,"Sun, 07 Jun 2026 15:35:00 GMT",2026-06-14T20:32:05.439109,cyber_fraud,True,False,candidate,https://news.google.com/rss/articles/CBMiwgFBVV95cUxNS3EwX2lNaXZXc21ZZDMyT2NteGMxb2RZRmZNYmZjNVdIOWYteHV2YV9SbXU1eEJKQWNMN0c2SlRrWWE0a3dsRW5idzVvc0Z6eFVKRExCeW82eHowT3I2MVNpakNrUk56Nkw4ZnM4UjVsSVFmeUxNWHdMTDR6SURTeDdsaXRfS0hCdG5YczBTNlBmUVc5aWpOV1JpQWpRMFk5RlA3cWVfUVpVWktoYXcxSDRHMHJqMmNRaDNTMm5FOTk3QdIBxwFBVV95cUxPYnhtcDNpNEVmSWw3MGlIeTlnTFBqVDFoelBJdmw3aWcyTDlfdnNXamxjTEhCMmxNQVNNZU9CZjBTX3lTNTZ4QWhHVG1Yd18yaVI2UlJaTDd0T3l6QWNSMUppa2RDWmhHeDh2bThtSWVETUZER0FsZThMbGZ3Y29DWnFMaFpzSzNzNU9FZko5bEZHcjVvYlphS1loVHB5S00wSjNBWjlNckg5U1JTanYzY01JdWdQTzU0eXcxZUFfdXV2cHNzLW4w?oc=5&hl=en-IN&gl=IN&ceid=IN:en
cyber fraud Mizoram,ECI Tightens Mizoram Voter Roll Scrutiny Amid Migrant Concerns - The420.in,https://news.google.com/rss/articles/CBMiigFBVV95cUxPQlZzaFVwd21OaDhybVNXc01wREQ4UGRUdGpfbzN2eTZ2Xy1rTEN6UmpCb2YxSjdsMm5wNldwZmcyM01sbmZQNG40d0txaG1EU0hPVWxTSFptYzc3UkxqdktWT1VDdkgwVzFEMUxXUHF2RkpQUTJaNlVTOVBEXzEyZFVDRUV5cTdqdXc?oc=5,The420.in,"Mon, 08 Jun 2026 16:18:26 GMT",2026-06-14T20:32:05.439165,cyber_fraud,True,False,candidate,https://news.google.com/rss/articles/CBMiigFBVV95cUxPQlZzaFVwd21OaDhybVNXc01wREQ4UGRUdGpfbzN2eTZ2Xy1rTEN6UmpCb2YxSjdsMm5wNldwZmcyM01sbmZQNG40d0txaG1EU0hPVWxTSFptYzc3UkxqdktWT1VDdkgwVzFEMUxXUHF2RkpQUTJaNlVTOVBEXzEyZFVDRUV5cTdqdXc?oc=5&hl=en-IN&gl=IN&ceid=IN:en
cyber fraud Mizoram,Sixteen Convicts Illegally Released in Mizoram Using Forged Court Orders - The420.in,https://news.google.com/rss/articles/CBMieEFVX3lxTFB1bGhyYjRFalViUC11dkJJRVdsWU0tUmNIRGoxZmVRRUd3Qm9RUFpSN3ZaQXZqTVh4dGp0T21wT3hkcUFOWXN1RHdtSE0tWVdiU2ZwNnd3X2xNaDRmejVtTWEyTGEydWhEeWZkeEdCSEYzckt5SDYwUA?oc=5,The420.in,"Sun, 03 May 2026 07:00:00 GMT",2026-06-14T20:32:05.439198,cyber_fraud,True,False,candidate,https://news.google.com/rss/articles/CBMieEFVX3lxTFB1bGhyYjRFalViUC11dkJJRVdsWU0tUmNIRGoxZmVRRUd3Qm9RUFpSN3ZaQXZqTVh4dGp0T21wT3hkcUFOWXN1RHdtSE0tWVdiU2ZwNnd3X2xNaDRmejVtTWEyTGEydWhEeWZkeEdCSEYzckt5SDYwUA?oc=5&hl=en-IN&gl=IN&ceid=IN:en
cyber fraud Mizoram,Financial fraud tops cybercrime chart in Mizoram - ThePrint,https://news.google.com/rss/articles/CBMiiwFBVV95cUxNalJxN3lsLTRhUTZ2dWpUZzhHSlZTeFRIcFR2c3R3ejU5NjI3Wi1BS0FyM0h4aWcwZnQyQnBYLUZnWWh1OV9wU3p1Ymlnbk1HellBMm5sRUtJZUZCMXlMWUd0YlVrbEsxWjYtMnN5bmFKaDFMOTh5Q0IxUTFSeXVlT2N1dDZuUmFiaGFr0gGQAUFVX3lxTFBKMHBnRnU4Ti1Jdlo0QnJMQ1N1eGJwSURkdm1ULTdDQ0h5bmlJYzAycG9sbDdMSmwtVW1jTEZjTHRZMTZucl85aVRoYUF5bUVqTGoxQlBUYmZmV2JSeW1ROUlHaG5heFc0TGd6aDFPZFllRC05cjFoM2JHc0FGbDJWSnNmTkFJakRVVlhrdWd5Xw?oc=5,ThePrint,"Mon, 07 Apr 2025 07:00:00 GMT",2026-06-14T20:32:05.439213,cyber_fraud,True,False,candidate,https://theprint.in/india/financial-fraud-tops-cybercrime-chart-in-mizoram/2580743/
cyber fraud Mizoram,"Mizoram govt takes steps to speed up crime probe, raise conviction rate - Nagaland Tribune",https://news.google.com/rss/articles/CBMinwFBVV95cUxOOWZOQ243by1mdi1fRzNGMURMdHBYOVJ2U0d4dXJCRFRlemROQmc2ZXVRS0MwcHJna0YtM1VRaUhtRWJCR2ZLaGJmNGlSSFRTZU0wcGs5a3ZHa3RiVExTSDI2elliMmFhYU5XT3ZfTzd5NkFZcUIxLW1iQkg2R01RYkl0U2N5LXhQZDNUbE45SmxvT010eDhGUEFRX1VfSTQ?oc=5,Nagaland Tribune,"Wed, 03 Sep 2025 07:00:00 GMT",2026-06-14T20:32:05.439228,cyber_fraud,True,False,candidate,https://nagalandtribune.in/mizoram-govt-takes-steps-to-speed-up-crime-probe-raise-conviction-rate/
cyber fraud Mizoram,CBI Registers Bribery Case Against Three Customs Officials in Mizoram - The420.in,https://news.google.com/rss/articles/CBMigwFBVV95cUxQYTBzTE15akdsMWdYc0tJN1JHaTJCUmJMdEpvWTdGaE5oak5fZUdkMmNuTW1rRll2YV9RTF8xelBWQ1luamNmYkhHUTJCWlJTV0FiMlBnQ043QjNmQ2JRZmlfdnBaLXJkazFQOE9FVVhpMFZGQ091dzF5dWpfb0ptUjJWYw?oc=5,The420.in,"Fri, 06 Feb 2026 08:00:00 GMT",2026-06-14T20:32:05.439242,cyber_fraud,True,False,candidate,https://the420.in/cbi-bribery-case-customs-officials-mizoram-smuggling-probe/
cyber fraud Mizoram,"Financial frauds top Mizoram cybercrimes, over half of total cases filed - Business Standard",https://news.google.com/rss/articles/CBMi0gFBVV95cUxNVXlBa01ZX2pvQ0J3alRNTHppVlhCeFNnN19KOFotZGZkWk90ZWJla1FYcVAyYldKaEwxRW9VZ2J2RnlGSXlNS3Y2RWhtTUJFYmNteWlzV01VR0x4WU1CdXBId0dVOTIyWHQxSHl2QnhZS3BxQ3IxWFBzZzJvVldlOHp6YjRSa1d3eUgzd19fRXlQSmFmTGVQaXc1bDdYX0xrQmZ4MGlMX0haLWo2c0hzMWd5MEVNNE85RXFaYjBPSFMtek1QYm12QWpUTk9wYmFRQ0HSAdcBQVVfeXFMUDkzUDliVF9KeHdjZDNUek15T1EtemV3WFhpNjRQRHlwQ2FYTFVaQXZrV29NQmRQZmlRb0lPNkFzWUF1ckxZcTF6M2dCMVN4VWxNN0RseHA1XzF5ZnFoUUVONGttQjF3M0o4emNucHJjOGM1ZzhGUlhTOXU4MF82a0lsdEpnMWxjaWYtRVVhemFtVV9ETHhlWG1rWTJ2c3pMeEtVOE13dDM4cGVnYVZOVl9fWFBFWUVhMG5oZVpIVGFiT01Kb29VcE80ZTNvaW41bTVhM1JpNU0?oc=5,Business Standard,"Mon, 07 Apr 2025 07:00:00 GMT",2026-06-14T20:32:05.439255,cyber_fraud,True,False,candidate,https://www.business-standard.com/india-news/financial-frauds-top-mizoram-cybercrimes-over-half-of-total-cases-filed-125040700235_1.html
cyber fraud Mizoram,Mizoram Governor Visits NIELIT - Lok Bhavan Mizoram,https://news.google.com/rss/articles/CBMickFVX3lxTE1OaHp1TjFVMWdzV3lwOW9GVENscmxZY3Z0ZHlITlh4UW5lZWQ5ZGs0bmJtd3k3cVVPaXh6OEs4ZnlrVGt0Sk1leXZadlVsLW5rcGtIbjZ5Q2pTNUQzVUpjV0ZEN1dHRVVDbkM3UkJka21WQQ?oc=5,Lok Bhavan Mizoram,"Tue, 13 Aug 2024 07:00:00 GMT",2026-06-14T20:32:05.439279,cyber_fraud,True,False,candidate,https://rajbhavan.mizoram.gov.in/mizoram-governor-visits-nielit/
cyber fraud Mizoram,"Cyber-crime surges in Mizoram, over Rs 8 crore duped in 2024 - Tripuratimes",https://news.google.com/rss/articles/CBMipgFBVV95cUxOekI2RmdoQXNQdlZweWJuNzZzNGZBVElqRTBvcjIxamRvMXJlcUNod05jazN5eTJPbkdaWHBXeU5VYmlJWlUwQTJiVVRnYm1tVVVLcG9RNEVNWVlqY295eXNQX3A2NVVkSE01c2o2bHNhaUpWV2ZWOTZ5Zzh1ZW9wMlA2UTZSazhKVTlJVEg5ZTZQdWtQVDc0OEhweUJjNVItRmVsQ2R3?oc=5,Tripuratimes,"Tue, 05 Nov 2024 08:00:00 GMT",2026-06-14T20:32:05.439295,cyber_fraud,True,False,candidate,https://tripuratimes.com/ttimes/cyber-crime-surges-in-mizoram-over-rs-8-crore-duped-in-2024-20937.html/
cyber fraud Mizoram,Two Arrested in Mizoram for Posting Obscene Content on Social Media - Northeast Today,https://news.google.com/rss/articles/CBMipwFBVV95cUxNYjhQUHl1ZnpvcXU2cmxUZXFKVFpxNTJlZ2lGMGVSUWFpaWt6TjF6Rmk1eGRONnFFNU4yVl95T3BkZmY0bzNLdTBROUFRbFBqNFZ0TUtFNmYyRmtRNC1QcGtUUWVnckZGOHhjbVlrV29FYm16U2tjVnRTeUdjdGdTNnVzMXpNRm1OTktjdjFsV2w3ckJTUkFBNTFIUUxwNEZwUEJfR1pTVQ?oc=5,Northeast Today,"Mon, 18 May 2026 07:00:00 GMT",2026-06-14T20:32:05.439308,cyber_fraud,True,False,candidate,https://northeasttoday.in/northeast/two-arrested-in-mizoram-for-posting-obscene-content-on-social-media/
cyber fraud Mizoram,Mizoram Child Rights Commission demands stringent punishment against man for sexual abuse - The New Indian Express,https://news.google.com/rss/articles/CBMi2gFBVV95cUxOdjV0ZVdxWWZIUUpMOFZ0cUpyWC1YNmpYYjlOUW14alUxVERkdmdMTFVXaE9KZzRiQzNQQldjejNGWWRWbXdtWFFZSnpHcWxNejJWT3FnVlVDVXV4c0hOUVVNcENraTZpczJtYXQ2UXlQOUVJbTFFWHdyRHZUdm1MeUZJZ0FaN2k4aDRxU1JZaldtZWpuY01RRF80U3F4N3pMeHFjZ1FwZ3psTXFuQnZmZlZHbEZ4b0NDMEM2TXJfVi1XTjVvQnZCUGFUazNWT0c2eW1tb2JxempIZ9IB5wFBVV95cUxPTlpfaVVRVE9iWWJWVzBMbmYzd0o2ZWVsTlpGQ0ZHYl9qLTNQejVwcm55aElmeGx1RVQzMmhmVXpfMG1wWUFvTS1RbGVqNmQ4UnA2WXhFZUhpMWFNZjJZXzNEX2NZTEk0Y2xpM0tXMXhXYkFoNzRQMXhlQkRvaVJpX2VUTXZTblRCeExHUWduYUR3VlM2S0VfU0xleUdldzdtRmIzbWcxSllkSW9BYTdpSHdQSHVscFNVUVZwM1ZuejZKWDE0YTRBakJ1Z3VuQ2h5ZkVHTnA3ZkdNelFJNGQwVGR5U2kxeW8?oc=5,The New Indian Express,"Wed, 25 Jun 2025 07:00:00 GMT",2026-06-14T20:32:05.439321,cyber_fraud,True,False,candidate,https://www.newindianexpress.com/india/2025/Jun/25/mizoram-child-rights-commission-demands-stringent-punishment-against-man-for-sexual-abuse-2
cyber fraud Mizoram,Two arrested in Mizoram for allegedly uploading obscene content on social media - India Today NE,https://news.google.com/rss/articles/CBMi1wFBVV95cUxNcVpKN1Nxa0xZcUZyNWpQZ1NMZTJ2NlplQUo2UXk2Wmo3TUlrZktmYjJFczNDTVpCUlRKUjNtRmVTN3pEUVJWVnN0UkpDSVhmczhFR3RuNlZ3X0Z4U0JHSERsSFc0Q2FQbjBaZWxpV0pFXzhKSGdGODFkYWdOS3A4M2dTX0hINktjdl9tVnRJeWJjU01KREU3R3V6MlRIZG1oVWFnMTRnaElldVRIMm5wYUZ6bkxRRmtNSmhKT3ZHQ1F0cEZRX0RJYkVuMXZxR0dYU0xnV0pJVdIB3AFBVV95cUxQbW43OG5iMXdmVWhIT0RhRXBTTEJFX2JMaEJnM1BQSFFseG8zYmxkVEtDdXJpWU1xMmhFQmhseW5uTmJSaGRDRUwtVndQR0VoZGdKeHQ5eUo2UjNiT2EwU1QxSFpNTkNxdHliek1xVHg5T1JBYm1DYk9Ea1p6MWozMjFnLWFrRURtckxXS1ZmZ09CaTQ3LW01MlJlWDZOZlVhVEh5V2F1TzRnZ2N0VnF0UDZaN1UxQjloLUhELWFWc29nWU9LX2lyQW50clA1NE5CVTA5alFhUi1oZGlJ?oc=5,India Today NE,"Sun, 17 May 2026 07:00:00 GMT",2026-06-14T20:32:05.439334,cyber_fraud,True,False,candidate,https://www.indiatodayne.in/mizoram/story/two-arrested-in-mizoram-for-allegedly-uploading-obscene-content-on-social-media-1393074-2026-05-17
cyber fraud Mizoram,Two arrested for posting obscene content on social media in Mizoram - Nagaland Post,https://news.google.com/rss/articles/CBMimAFBVV95cUxOdWdfbnRuUVZTWGFmU2luZDY1eDI3RlRGUTRuSVJoOUNaSktoUkhsWXdsLTRLUWVtazQ5d25HMlVUUTRGR3pOdmZoMFV4RzRpNjlBNVdCMjFSelR1QVYwYVh2LS1Vc2wzbmlTd1FkcUhfTklXWUxfU0xnTjB0emd4R05xRjd2VEhyMUNlamhhbzdOTlVXSWRDMA?oc=5,Nagaland Post,"Mon, 18 May 2026 07:00:00 GMT",2026-06-14T20:32:05.439347,cyber_fraud,True,False,candidate,https://nagalandpost.com/two-arrested-for-posting-obscene-content-on-social-media-in-mizoram/
cyber fraud Mizoram,"Cybercrimes targeting juveniles ‘rampant’ in Mizoram, criminal complaint lodged - The Times of India",https://news.google.com/rss/articles/CBMi5wFBVV95cUxQZ003QUxUczZkS0dhNnlYZTJ5ZC1pWTZaSGloOTVhLWFKY1RQcHBIYVNkSWltcUUweHZUWUVNVlg3SWJIRDlDTnR0ZkxOYnRISjJvYXF6U0NjbXNfWFZpYzAyeHU1TjBuRy0yX2QyQ0d3a3BfSklTclpCS3h4bkhkTmYzZnVlOXB4eS1vTkkxMDlfM0ZzUE1Uak1mU3Q2akxlcEN0S1lYUmdPT3hEQzBKdlRWZkNfMXhMTmpTRzNycDJOMmF2bmlwZHEyN200c0hNODZlMnZ3amxoa2pBMV9Ob1NSUnNFUDTSAewBQVVfeXFMTWpaWEF0cDJldW9FdndaSC0wSVFrUGFYRXgwYlJOQ0gySU00STBycjlVY1Bxcmt2Z1hKTXZkMUpxODFUcVViQkFVd2JiT2t2TjQ2eVVyNDZiRjFJSy1SaTBiNHptQ3o4VF9OU3lWcV9iTy1lSFBjcVRSUEprcjNra1N3NXlHQlJDVmNOLWFQTlRVYWZKMkNLY3BYU0duRnAwT0dJbGVwakFNVHU3akJ0RUwtOGM5Zm5Yc3J2eUtoeGlMOFZwQ1Q2X0dRRElCVTBDa3QtRmJ2VGMtTm10SEptWHZveFF0eWZZTGZOODU?oc=5,The Times of India,"Wed, 15 Jan 2025 08:00:00 GMT",2026-06-14T20:32:05.439373,cyber_fraud,True,False,candidate,https://timesofindia.indiatimes.com/city/guwahati/cybercrimes-targeting-juveniles-rampant-in-mizoram-criminal-complaint-lodged/articleshow/117269387.cms
cyber fraud Mizoram,"Mizoram prison spots forgery after 16 inmates escape; police nab 12, form SIT to probe fraud | Hindustan Times - Hindustan Times",https://news.google.com/rss/articles/CBMi7AFBVV95cUxQVnZpNjlmcnFmZlM0U21HN2c0VUNkRXNOX05iZnNhd3VydEhxeXJfZ2VQdHlwc2U1RjZrOU5uODRhTXpUY0tuR0dzMjlsSnhRb0V2eHFDWEVVTjJxcHNpWkdHQkVpTXA3RWRrRTItV21MRUdrdm5QZGNSTVNsY0tEUkRxbFZaU2ZfY2RzWGtYb0pJLTFDSWNPdUJnUnN0bUFIY00wU0ZJVG1tV3NrTHNYVHRvOFI2SnRvUkdFUWs2SXN6VkxDaFlLeERqbEJLQUd0azlVUmxoN3pNdGQ2ZmJMUWlzNGRLQmdiUUg4StIB8gFBVV95cUxOUU02RXk3SmxXX2o5ZjA1OWFLODdOSlV5TVVTWWdBU1o4Tk5wMGVLTVpYM0kzZExiXzFESGlVTTZuMjBPV3FSSGIxVHhFMmNuMy0yT0tfZmFHbUVJaC1nQl9tVWVMM1VMVV94dURkdXAyNjg4LWJLMWxBanExQkw1X3NmRExya3NUUEU3U0ZtaHRnTTNGUHBtZ3pocnp6RzYwTVZtdUwya1ZZRDNoNFc0QWVGVXpXSlZiVU4wMnZYQTNfM0lIVzRPRzFnMng2THM4Z2ZYQlJfMDNOUFpBd2ZEWk0tb3RFTWFWRWM4SDhQQ0lDZw?oc=5,Hindustan Times,"Fri, 01 May 2026 07:00:00 GMT",2026-06-14T20:32:05.439385,cyber_fraud,True,False,candidate,https://www.hindustantimes.com/cities/others/mizoram-prison-spots-forgery-after-16-inmates-escape-police-nab-12-form-sit-to-probe-fraud-101777649325675.html
cyber fraud Mizoram,"Schools shut in Mizoram as rain, storm batter state - The Times of India",https://news.google.com/rss/articles/CBMixAFBVV95cUxQX2s5MHZDd01uYVlVMlctc1EzQXZPUlBta3FUYzJtWXFkRWxfSmJkWDdOWnhPVUpVSFdQVDNfR2hrR2NPZnZmYlN2SkJhZnY0ZThqTW1SU3VZdGVncnJQNU9GVE1WWFlOc3ZsTHV3cml3SW5CM1RzNTNzWElmUDFySEhINmJvS1JFaU92TWw1X25NT1BSOGhyZWRxVlE2bTBZMG1uaTVZVHJmdTFlcGRDak93N2d4c2ZYendrOWR1Vm1VSzVS0gHKAUFVX3lxTE1lazlWSFVsemFoV01OUjhidDZlaHJiTThTa3hSdWRyd2RmUEc1S3ptTmxUX3ZqdHItZ000U01rOGFzdmpUMG4wU0N3SS1JdnVEaUt0T2tSdnZmRjFEaTEtRUZfREJYZ2ZpM0dNS1EwZEp1YzNOSmdWUlpFMGN2aUR0ME5WRzhmTTJSbG1Oc3dUQlotVWlnc01CUEVVZktlS2pLWTNoaGw4MkhvODJnNzBFT0pnV3pWTzd6SG9lWlRETDJWRGtleWFiWHc?oc=5,The Times of India,"Tue, 28 Apr 2026 07:00:00 GMT",2026-06-14T20:32:05.439410,cyber_fraud,True,False,candidate,https://timesofindia.indiatimes.com/city/guwahati/schools-shut-in-mizoram-as-rain-storm-batter-state/articleshow/130587737.cms
cyber fraud Mizoram,Mizoram Youth Cong protests irregularities in edu deparment - The Times of India,https://news.google.com/rss/articles/CBMi0AFBVV95cUxOd2NscUNXOERQdnRPRm84VWRsaEl5SUdodEJsa2RsVEs4dEZSWUp1c1NKRml5RUo3Vk8zTWZzWjQ4UGw3NkJmRWZlQ1d2bXc2VjhpY0lKOEZUXzBydXVoS1QtZldhRUh2YVFkSzZMYmx1cTAzOFNEMWxXakdBb1pRZVlDbTI5eVVvaHYtWFFnVUk0UGRZLS1PZFFsZ0ltaUY4SktkbllFampaRUxMSDhFcGc3Z3daR19EWFlMbnNkUWwxYnIyd3FtZUtLa21UeGRG0gHWAUFVX3lxTFB0WWI2UVdRc3hKRi10aC1SczVKbkQwOV9Yc1V3ZFBhaUtFeXlBdEVMSnkwN2kwbmxxT0RUcFBHNWFiNGVSbFUxV3BNRXcyNU5fYld1NkNoVzBmaFg3bHpTYmptdzJzd2tqYThkV253ZHE1NktaQmM2TnBNU2hKZllldXl6SnVlOG5jakgxdE04d0hNcXl3MlRhLTNCTUI3N1FhdEx6bDJxUUhveE80ZEFDOTJEbkxUVG50dF9iWmRjRjJLRzhwV0VLNURsUjJPZnlBc0JWaFE?oc=5,The Times of India,"Sun, 12 Apr 2026 07:00:00 GMT",2026-06-14T20:32:05.439450,cyber_fraud,True,False,candidate,https://timesofindia.indiatimes.com/city/guwahati/mizoram-youth-cong-protests-irregularities-in-edu-deparment/articleshow/130197984.cms
cyber fraud Mizoram,Mizoram to host Unesco’s World Art Day celebration on April 15 - The Times of India,https://news.google.com/rss/articles/CBMi0wFBVV95cUxNSnRHUFhBRlkyUmtZNGttVnVxNm50X2M5a3k2QWxBR3dPVzE3R2htUkxVd0NSbjY1QTdNT2R5NUZYdTQzSENlWGpOQjhkdk1PdXJIbXZFZXZ6dEhZVFZsQjh6eUUwd0hrUUN6b1NOVVZVY2xRZzF2SzdXSExVWGVYTFFpZGVVQk0wSXNmNDU4VlNxeFVYcVdjNmFVY255dmF1QW1pR2dEem03cG1YTDNxQktBaldva3N1VVZFZEFpc3RPbnM0S1N1NE9aYlJKdnBJWVVv0gHYAUFVX3lxTE9MaE5xUzZvRTlfRGRUYU9YMXhlQjFPMnJmcmlOYWVVeHJZWnBFSG9sajR3eTJYRlZfdGpwQVE0Z0JvaU1CeHQ2NFhVbmlKamM1RUZKRkdSbGl1NUZtZEhMZUpzVnEwMDROZDFRN213cDBjTlJYb21CaEIwR2FERmRFX2hDVGlsa3RWd1hTQlRFUFN2bWxMQkgxRi1mMEFOTUk4cXhzSFlZck5uYVdWQmM0YnlBbU9RaE5ZMVJBSVhwbTQtYk90aUp0SWJhQ09DQnRwenhtaHE4MQ?oc=5,The Times of India,"Tue, 01 Apr 2025 07:00:00 GMT",2026-06-14T20:32:05.439462,cyber_fraud,True,False,candidate,https://timesofindia.indiatimes.com/city/guwahati/mizoram-to-host-unescos-world-art-day-celebration-on-april-15/articleshow/119879446.cms
cyber fraud Mizoram,Mizoram CM flags off first batch of 144 recruits for Territorial Army battalion - The Times of India,https://news.google.com/rss/articles/CBMi6wFBVV95cUxNZDJuX0dkQzJ5X0xQS0ZkMThtVVdjeFFYcEUxbWY0OTlvMFUxb2xaZFd2ejdUZjFqUm1TOElmUG5jVGdCMDMwZjdKMG1lMW9Fc25IUDJuMnFVZE1ra3g0eHNrZU9BVHFiTnpxTmw4b1FYZ3hoS3lZSHBKT3N2aGVhN1p3anhscUdXQW5abFRXaUVNSklEcHlKaUJsMzVDOHJnMVVvek5kT3hoR25kd1dpWnJzcFlma08xeS1jRjZRUDU0X2c2TTdkTlFrd1Z4RHpYVEdMM2JjZnVER0UxQ3pwNDA0bUt5UTA2RGpB0gHwAUFVX3lxTE1uZFowU1ZWNGhhYVZ6MUhTb3RteDhWWnFXNXJiUFlTb0NfcGpSUGdMNmZLUTAzNnM1SUNlNUdmWllMc0hvazhDOWtiVl9tcUZGcEtZdkZZRjNPLTBOdFpBbF8xWEdFQkxyalAwTml6RFI5bm41emRScHVOa01lMUZBWVRQRmIzMVlyNHA1c2Vub3dJbkRpOTVvNnBJcjVSNC1IX3lmUVFSdnhvM0luekFETU5wQU1PQTRJbk5GN3ZzSjJPanFrU3lBWVpITmdJaUx6ZEh5UXVTSFVXNENYYkdoOHB1LXh2VlRIbVlYZGtfNw?oc=5,The Times of India,"Tue, 12 May 2026 07:00:00 GMT",2026-06-14T20:32:05.439476,cyber_fraud,True,False,candidate,https://timesofindia.indiatimes.com/city/guwahati/mizoram-cm-flags-off-first-batch-of-144-recruits-for-territorial-army-battalion/articleshow/131022099.cms
cyber fraud Mizoram,"South Mizoram steps up against refugees getting voter ID, Aadhaar card - The Times of India",https://news.google.com/rss/articles/CBMi3gFBVV95cUxQQWZnZDFrbEh6VHBxdkd2dUphUG5CYUpGZ0laZVBRVHlaTFlMdFJZU3pna1VQdmFUWGxoaEk1WWFubUVaZlczTFV0THpJcUcydkhBYVM3MUZWbXdfVFdzdjBfRjUyQVQwcHBwQmdhQTd0RVNycDFpT19sckRCajFpdmIwaGhYZl9DMExDVmIxQVhRMjVNVWJ4RTRRWG1CaklvaWJ2dUpQV1pHN3g0YldoRnZ6UnFrWm1VenNCNXhzRXctajdWeUZCTURUZ1ZRcWJXQ3gtLXhULXM5WnV0S1HSAeMBQVVfeXFMTktIMjBTd01hZzkzcFFBUm9WdHNTRU1OVGk2Y0dvMmpUSlVjN0F0bkx5aGwtTzhmckNwcGQxZF9HcERhNG55NkQ0eVFyWEd5U2hwdERQRHJYRlY4TkY1V0FvTzRkNjZDWDVmamZWMzQtdjc0TUxxU3E4MUhCRi0zRTNCWHVhYTI2NlZXZWtma1NHUWtMWHBzT1ZDT1B4V1VfTGJRbFZDOFY5VS1nc0JCWWNFVFFqN25ydV9jc3NDNk0yaHR0WGcyMTc1dFlHQTE0aHBhSzh2cUkzT1YxTURBZS10V3M?oc=5,The Times of India,"Wed, 02 Apr 2025 07:00:00 GMT",2026-06-14T20:32:05.439501,cyber_fraud,True,False,candidate,https://timesofindia.indiatimes.com/city/guwahati/south-mizoram-steps-up-against-refugees-getting-voter-id-aadhaar-card/articleshow/119916165.cms
cyber fraud Mizoram,Mizoram’s Lunglei faces severe water shortage as primary stream dries up - The Times of India,https://news.google.com/rss/articles/CBMi4AFBVV95cUxQSHplUS1yTFN1ekhGZkhjX3BpSHRQUEFRam5Od1BUUHI1aVhZRmt2V3FGQ2VkLTRMWnA1NDJUcEFpdURCZ0VwODRUbnJGMTM3LU5SVlJhNkxKaFdfVTNQTkZHRy1BeU5xcnlRLTFERjZrNVJhOUNGeUw4UWt1aFRLdTAwMkt6aXlvMzlqNklWYmZjQ3VWRTZlS2lPcGIteGFYXzlJTGVKQVVIanBYTHZ2VzRVOUtQNURaeENjM0Q1Y2FjblM1ZHFsY0lOSy1nVW1sbDNXV3VsT2NfYTN1NGFuedIB5gFBVV95cUxQb25BT2hMczZLUXdZOV9VRmtyaGxKaWx0SjZ3MGpmak5EUjhJWTVwTVFqd05XNGFqbmZQMjh0TUlSNjNWQjVMMkVvNlA5UTJrUUxsdXpiRDYxUE42SWJqOEpPQ0pVekx3MDVuNl9qRUpaX29QMlI1S0stUlFoNDNBNHo4Q0VoeDFVVkl5SUpSZFRYSGk4dXhwUHRQcm4yQTE2QWYxWmFDWjJhYkl1LURLaHlRdjFkUDhjc190NjdmbGRkbHNkVmk4TFVuNnNKZFNPSS05Y3BIaWRTV2hIX0FCQVgyaEx2dw?oc=5,The Times of India,"Fri, 04 Apr 2025 07:00:00 GMT",2026-06-14T20:32:05.439514,cyber_fraud,True,False,candidate,https://news.google.com/rss/articles/CBMi4AFBVV95cUxQSHplUS1yTFN1ekhGZkhjX3BpSHRQUEFRam5Od1BUUHI1aVhZRmt2V3FGQ2VkLTRMWnA1NDJUcEFpdURCZ0VwODRUbnJGMTM3LU5SVlJhNkxKaFdfVTNQTkZHRy1BeU5xcnlRLTFERjZrNVJhOUNGeUw4UWt1aFRLdTAwMkt6aXlvMzlqNklWYmZjQ3VWRTZlS2lPcGIteGFYXzlJTGVKQVVIanBYTHZ2VzRVOUtQNURaeENjM0Q1Y2FjblM1ZHFsY0lOSy1nVW1sbDNXV3VsT2NfYTN1NGFuedIB5gFBVV95cUxQb25BT2hMczZLUXdZOV9VRmtyaGxKaWx0SjZ3MGpmak5EUjhJWTVwTVFqd05XNGFqbmZQMjh0TUlSNjNWQjVMMkVvNlA5UTJrUUxsdXpiRDYxUE42SWJqOEpPQ0pVekx3MDVuNl9qRUpaX29QMlI1S0stUlFoNDNBNHo4Q0VoeDFVVkl5SUpSZFRYSGk4dXhwUHRQcm4yQTE2QWYxWmFDWjJhYkl1LURLaHlRdjFkUDhjc190NjdmbGRkbHNkVmk4TFVuNnNKZFNPSS05Y3BIaWRTV2hIX0FCQVgyaEx2dw?oc=5&hl=en-IN&gl=IN&ceid=IN:en
cyber fraud Mizoram,Govt: 34 Myanmar refugees enter Mizoram amid ‘conscription bid’ - The Times of India,https://news.google.com/rss/articles/CBMi0gFBVV95cUxNRmV5LWNuaFJpbkhGMi14eU9mY0Y2ZlVRYmh6TVZHWjhmX0R4X3pzcEVHRVhfN1BkeldnM1JjTFZkRXB0dVFJYUxzZkhjS0NSM2xSY3FicDhOZ0pEUzJnTkxieFJ5ZENDX1VSTjhIa0lmLTJ0V09Oem10WVFVd3h4VXlXMkFQbGxOM2hrYnFhdXFkZmJDTU9jRW9lUXh6QmRIZy0zUmJSWDQ5ZXdTUVRoalhQR2xMZmZSTk9nSkJZbUVQUm41Vm1fWWtjZDh4Rms2ZnfSAdcBQVVfeXFMTTAzTFlXS1ZKa2R3dFRjdlYzN0hFZzZoMmF0R1JVYnlFWkRpZFFNTEhhYW1aSm5kUXpCdjA2dUNkTklxak85YjFKR2R1YW1HY2VEMTBHR2J0MnFwR3dwZzF2NjVLWnFHVkl4eEYzenhhYnN3LVV6V2RtMUtxOEJCZWwzbFh2T0dBNGtpLW4tMzFaNW5GN0Jqdk5XT2x6Z3BPc1FnZXlJQk5RdUF2UGo2Rmp3WVhrUEp3aldUbGJDWndWTFQ3WkttYkxmVmk2QTJfMHk2bGtUN2s?oc=5,The Times of India,"Mon, 20 Apr 2026 07:00:00 GMT",2026-06-14T20:32:05.439527,cyber_fraud,True,False,candidate,https://timesofindia.indiatimes.com/city/guwahati/govt-34-myanmar-refugees-enter-mizoram-amid-conscription-bid/articleshow/130376988.cms
cyber fraud Mizoram,"Mizoram police celebrate 53rd Raising Day, thank people for support and cooperation - India Today NE",https://news.google.com/rss/articles/CBMi2wFBVV95cUxQTHFUamV5amRzTFJGWW5rakZSTE1Pc3NJUXJhN2VGUjRXeVhnazhRUmZZZl9jNUVldVlsSjZZd29kUm5FeGxRa2lEQ1htNUk4Tno4b0plTUNVSkhpNU55WGN4ZVFjMmhoSjJ4TkxZVzIxVHBYdzhWUEkyUXR3aS1HYi13T0NKSUlLWGNicUd6Q0xZNjR0TFZqbk1GNzAzb0FIVldlOUVHM3pmbDNxci1XUWNTVlItSTJfQ0Y2elBMWGJmVS1ZUzV2dGVEQUNlU291eDV0NE5aTzFUNGfSAeABQVVfeXFMTXVDdHVFR2wxVHRUd2Y1ZDBvSGdFUnphNzNyTVltczl5NENZblFsMkJ3dXUyYkxRaEx4WnoxSzd3Ync5ZnFhZkE5LTI4Zjg1TlIwWHBlejd1dFVSMkM4aDk0Tk5lVEFDaENqYVN0M05pOTVRN1lYNE9DQkdYejBXdzVvaFdkVEg4OGg1S3NrbE9wSGhVNktXVTVSQzJBb1NsanBFUTJYdFRUWG9rNjJ5S3FoSVEwSlVNQ2lsWno3d1l4MGx1T2IzYkxTdFZ3YVR6YlhCMU9kUkl0TWV4Mm1PbVE?oc=5,India Today NE,"Tue, 21 Jan 2025 08:00:00 GMT",2026-06-14T20:32:05.439544,cyber_fraud,True,False,candidate,https://www.indiatodayne.in/mizoram/story/mizoram-police-celebrate-53rd-raising-day-thank-people-for-support-and-cooperation-1158416-2025-01-21
cyber fraud Mizoram,Relief camp regulations for refugees tightened in Mizoram village - The Times of India,https://news.google.com/rss/articles/CBMi2AFBVV95cUxNUXkxbk9EQ253UGFWeUY0cnNLeFRqVFVoQ1FKOUNQYXg5VDhrczBmWEVEOHcxWXJOOGVkV0Fpdk5vN1ZZWmVWTlpYcU9iZjdQY0Q4b0ZLVE5TWGhhWk5RaWdaeXktUl9IZFd4b3dSMTBSTlBuSXdyM1pkdFdPa0FORjBwaGpHRWVnU05ISTBWcWNHR3l6eXo2NnVrQi01UUI5b2FMc1NvQm5MU2Z6MW5xT0lERUlMY2htU28tcFphcldyWmxsY0FUV2xvaG9pY1VIdEhVWWRrc0vSAd4BQVVfeXFMTWpueXNxUC1iWW9Tc0Q4MmRsMmhHbTVoVGRtVzhIRzZRbV85ZTZQSklsUXlZc2ViMG4tUGxPM09GVWlyYTZxbXZmNm85YlNodXBGc2VHR0pLMnFOVFJOU3RucnpibU1oc2w3b1VaRVlLaWl4MmtkeGdLRjdNN3VHeW1md25adEtUR1gwbk12REo5MlFBLWdvTXpVU3VRODktdS1CRGRBTDVGcENreVNYUVVuaFloeW5hR2NJRGp5d1d1N2VKTEhVRlo5S1RxR2NFUjZURXZPcTJxcHQweVVn?oc=5,The Times of India,"Wed, 02 Apr 2025 07:00:00 GMT",2026-06-14T20:32:05.439559,cyber_fraud,True,False,candidate,https://timesofindia.indiatimes.com/city/guwahati/relief-camp-regulations-for-refugees-tightened-in-mizoram-village/articleshow/119906948.cms
cyber fraud Mizoram,Mizoram Police Arrests Mahindra Executive Who was the Mastermind Behind Rs. 150 Crore Loan Fraud Scheme - The420.in,https://news.google.com/rss/articles/CBMilgFBVV95cUxPZUJjX05oSHh1akp1Z1FFX2htdWx2QUd2blZCcnpDVVFfUUZoR0tNOTdsekFZUW1aLXdxZ2YtbmRUTlVXUmhsSVBxbW5BU09TRDJPUHBQdUpFOHo2OGFDNWxRSHV4SXdvQ3ZFZ0N3UzhpMU05VDFkOXdCWDN5VjVVM1h0R0RwMU4xOFdQbDVWTTVhTEM2Tnc?oc=5,The420.in,"Sat, 27 Apr 2024 07:00:00 GMT",2026-06-14T20:32:05.439621,cyber_fraud,True,False,candidate,https://the420.in/mizoram-police-arrest-mahindra-executive-mastermind-150-crore-loan-fraud/
cyber fraud Mizoram,Mizoram: Two Held in Aizawl for Uploading Explicit Videos on YouTube - NorthEast India24,https://news.google.com/rss/articles/CBMingFBVV95cUxNRk1ENU9wNF9ObHNKV1lidVhZUGFJQS1mbkp3RlJrR1hZcWpVbWVGWVI5ekxFbUFBb2FVampIakdsV2kzUWwtVDl0MUtzanBRMGE3NzA3YnlmcUdfQURwYU41VWk5ZzFuOXlJSGt5ZUROSjd2alhBWFpnVnpzT040Z2JmS0FwRkZPNWxMblc5bWg3akI1Y3F6eXZIcnNQZw?oc=5,NorthEast India24,"Mon, 18 May 2026 07:00:00 GMT",2026-06-14T20:32:05.439635,cyber_fraud,True,False,candidate,https://northeastindia24.com/mizoram-two-held-in-aizawl-for-uploading-explicit-videos-on-youtube/
cyber fraud Mizoram,Mizoram police sports meet kicks off at Aizawl - India Today NE,https://news.google.com/rss/articles/CBMiqwFBVV95cUxPY0FlYmNyTlRveVR0eVZ6U2FIWGtwM1FPNGVqOUtFU0VYRnBPRGZDUk1Zb2ZWVkZWSUhZTWF1eXdiOXRwUFA5b3NxX3gzZXJHZGR0ZFpKWTlHUFFvOHVJMUNsMnZYZ2lhOW5EZTFuWmpiVi1uUlM3QktCdFhWblVvb0hPZ21vc0xBb1kzTU5yTW80UE1mTERaYlZNQ0h2b1JEZER1TS1xUjE3TzjSAbABQVVfeXFMUGR0czRSVlhHY1Q1dmRETDRVeVFhUThlM25pU0tjeUJTLWtFM2xBemtYUEtwNFVmdVZNVGxCbWFwV18za3hhYzN2VWFQdF9RdlNLYnhkYktRRHFZQ2hHeXJrU21ERWYxV3d6WkhPMnZtSFdlQmFYUFBENkpDMkVMYUUyOHd1alFsRnFrRzVjWnJkcnRHb0IzVXRuZEZDLTFEbkZiWS00c0M3QUlXREdMaTQ?oc=5,India Today NE,"Mon, 09 Dec 2024 08:00:00 GMT",2026-06-14T20:32:05.439648,cyber_fraud,True,False,candidate,https://www.indiatodayne.in/mizoram/story/mizoram-police-sports-meet-kicks-off-at-aizawl-1134889-2024-12-09
cyber fraud Mizoram,India’s Mizoram sees refugee influx as thousands flee Myanmar rebel clashes - The Economic Times,https://news.google.com/rss/articles/CBMi1gFBVV95cUxNczNOVjM0eU5KMWdBaXR4TDd4UWxEd1dGUjl1QVhKU1k5SjBzRVVsYm53YVNMZ04yVzFfX1daRkUzckItVE5aQzd1OFFfbG1XMEJYdEVyUUlrMU4xN0RIbjF1S3JDcExkNmprWXRBWHBZOWNtOHphZE9BUkUxeGdjZ2Y2dVFzWktQTV92d0pacGV4ai1pUF9kVG1RbWd6NlJ5WFNveFVuT214eGlKRjk3MEdyT2FicUFsLUlHeEMydlVQc1UybWs4X01NWnp3QjZCSzFuSlVB0gHbAUFVX3lxTE9kSVdXdHZrWEFKdlNrc1RNRFhSZTZiN0VaZExsSEtSeXNQSE8wUlAyTnRta2lZZ2pFLWtwMmJmZFMwQVRpWk9FaURyeXBsUG5fX1ZHcVl6NnE0VUh6M1JKRU5NaG5jWGpKYUVBaDE5OHc1ZkNZUWtrM1VkVzQtUGcyc3pWZElMUVhnb0UzaVhwNTAyN3dBY2tfam5rdjBCTGtiMEZpSVM5c05sTEhxclpuVGpzRHdUX3lDbU1NRURoT3lNQ3BkU2hieTg3UUxzekctTjBzVF9yRnA0VQ?oc=5,The Economic Times,"Mon, 07 Jul 2025 07:00:00 GMT",2026-06-14T20:32:05.439687,cyber_fraud,True,False,candidate,https://economictimes.indiatimes.com/news/india/indias-mizoram-sees-refugee-influx-as-thousands-flee-myanmar-rebel-clashes/articleshow/122296036.cms?from=mdr
cyber fraud Mizoram,Mizoram to get its first cyber police station soon: DIG Lalbiakthanga Khiangte - The New Indian Express,https://news.google.com/rss/articles/CBMi2AFBVV95cUxPN0hCaUtVaXYzYTZKNUM1dDdFQnpfSngwZ3RXMnUtUEN4ZW9FZzN6OVVta3hra0hPT21nc09UX2EwWXcxTGxBMjlVV1IwRldkdUV5U3Vnd2xHSUQ3SjFvOF9HdVZyLU9wQnRPMHFGdlhLbzlaUjAwLXNhanB6Uk9wYy11YlFyWWFWQm9pRVlMOXRheXFjOUtlNHp4UkV1RFlxdDZQNGVHamJYNlFpeF9MeTlNNk12UEw1c2pOMzl5aG55UnpiSHNRMk9hS1NDMmVwTkc3QTVDLUbSAeYBQVVfeXFMT2U1LTdnc2xWdFF5VDc2WkFtZW4zd1hVeVUxMEJZQ0RmMnpLMWdDMFhYbWh6czB0dlo1R0pXOURieTQxQWtzazE3a1VoUzN6OXRRWGdFNWo1Z29TVDcxWWhheXRZV2RZeGlYdVVwX1FZWF9GdjJyZnI0OEFjM2Q4VENBRDNPdkkwa3UzWXRWVTNaYk8zNFo1YjQ5VDEtbkx2N1hWX0RHNkJsNWxvRkNFVmRBSjlUNktTSERzV2w5c2o0bmJ4djJaX0c2cHRiVHpob2Qzc1E0UmREbTVZT2lHVHRvbERPZ2c?oc=5,The New Indian Express,"Thu, 07 Jun 2018 07:00:00 GMT",2026-06-14T20:32:05.439700,cyber_fraud,True,False,candidate,https://www.newindianexpress.com/india/2018/Jun/07/mizoram-to-get-its-first-cyber-police-station-soon-dig-lalbiakthanga-khiangte-1824923.html
cyber fraud Mizoram,Assam Rifles seizes foreign liquor worth Rs 5 lakh in Mizoram's Champhai; one nabbed - The Economic Times,https://news.google.com/rss/articles/CBMi3wFBVV95cUxPeFVSUV91M08zV0J0dUFuUUNPOUlRcGZOdVd2QnVHeTFHRWdvcmJWcFJSczlzR1F5NDJLZVg2ZVFXb3NtT0QxS3NEdmRPVnZpUThBU21vYkk3UlZqZzR1NWRnTTZoemlrR1J0aDhOOGZtYUZNdUJHR3JyYzltcWlFVkZBRzBJbEVrUUpQSjJ3LVdxRERpZi1xT21XLUw2dmJqelh4bER1T0FuS2g4ZXB0RnF4bHU1N0Jlbm1BN0dzQ1NEVkpiY1EyWHRwX0ZUTlYtamJuY2xVRXhkbF9rY2VJ0gHkAUFVX3lxTE1OOFZ6bE9Ca3I0V1F0TXlRcFpydHpZc3dEZWVycFE0X2hYT2Y2Tmp1VTViRmQyWlVlUlNJdVZZYlptNU9vZnRuTmotT2l3OThhZWdva1dVZUNLMHJ5SURSUVJaY3hRZDNmQ2dZQzFEUzRiN0k3YUxqRUwtZWxodXExYVJSSUE3ZmhDZnEyeTdZNU45Y1lRSTJSZXc4aW1hbE9GVE0tTU83UVY2TEM0bGw0elVvdEpQenVpX1c5YUwzaGROTEFGNGlHWlJMU29oS1pNQkVHcnRZQVBIVVIyZGYyV1pETw?oc=5,The Economic Times,"Sun, 23 Apr 2023 07:00:00 GMT",2026-06-14T20:32:05.439714,cyber_fraud,True,False,candidate,https://economictimes.indiatimes.com/news/india/assam-rifles-seizes-foreign-liquor-worth-rs-5-lakh-in-mizorams-champhai-one-nabbed/articleshow/99702882.cms?from=mdr
cyber fraud Mizoram,Two arrested in Mizoram for allegedly uploading obscene content on YouTube - Northeast News - Northeast India news 24×7 -,https://news.google.com/rss/articles/CBMiqwFBVV95cUxPSWZEbnVENFZiTlVhanYzeVpqT1dXMlpwSlM1dmZXZXNrN0xFZk5YVjhIZkdNUVRxdjJxb0I0bmMyVVNUOVd0R2dxZnZlc3RDbnpCSFRfX28wRVB5ZDVadlMtLW5Jdno3dzdHWmtJQktKWEt3allJTnpDU1BJUmNfRGxEOUF3M2NoSjViTXpPMHhOV2lYQy1fdFhGSWZnZUc2NmcyNndGaENQSlk?oc=5,Northeast News - Northeast India news 24×7 -,"Sun, 17 May 2026 07:00:00 GMT",2026-06-14T20:32:05.439742,cyber_fraud,True,False,candidate,https://nenews.in/mizoram/two-arrested-in-mizoram-for-allegedly-uploading-obscene-content-on-youtube/51047/
cyber fraud Mizoram,"NEET Paper May Get Leaked But Armed Forces Exams Are Absolutely Fair, Says Mizoram Governor V K Singh - Free Press Journal",https://news.google.com/rss/articles/CBMi2gFBVV95cUxOemtreGlkdDVTRlNvSmlydHdfYWxPZjdMOXBHUDVxbDIyN2JUVVU3c1pqdGtLcjI1LTd6UWlyMG1Ga0xvUllheHB1R2JCaTR2YVBfeGZwd0tXYzhLWDZrd2tvT1E2NjJNMnVMSTdMNnVjWW1ZZUR2Z3p6cEVMYjMwRjM1OWdUMldCVVRUYU9ybnhlOUYySml1QzF5Rlhid05rTjJacXRVSjVRaHJtbV9Ecm4zTWNiekhjemptZlk4M2FZY0lNRGQ2Y3RJSlRoeDJBYmZNdndLTWNBQdIB3wFBVV95cUxOb1R0dmdPWjJSeDhQaTI2M2FHS3lsNlhxdDBzWHRENUZUT0RpU2xUdmhKVU00UExBYWx3bF95elZvRzhOWXA2RjRqTl9Xb3pHUEJnNEFrOFpuVGNwRHllaW1sYzc2eGJKVTYzVE5UYWIwYjdaVkZiQU9FczZIdFE4TUFMWDNPYnVaX282QmpFaWY1Umw2UG5tQ3U1X2NLcm9nVzRtLV9YMU9ua3QxeFBKc0pteWE0TUJtd2dHSF9RRDY3VGlNcXYtaThXV2Y2ZHdneGF2ZFU5OG5fcG9rMzY4?oc=5,Free Press Journal,"Sat, 16 May 2026 07:00:00 GMT",2026-06-14T20:32:05.439755,cyber_fraud,True,False,candidate,https://www.freepressjournal.in/education/neet-paper-may-get-leaked-but-armed-forces-exams-are-absolutely-fair-says-mizoram-governor-v-k-singh
cyber fraud Mizoram,Mizoram MBSE HSLC Result 2026 OUT At mbseonline.com; Direct Link Here - Free Press Journal,https://news.google.com/rss/articles/CBMirgFBVV95cUxQNDMtck1lNGpxUklQb2RIeFhEcE8ycVNSWkxyTWpNeVpsV2RKdEg2MUtiQ1dYYlpCaGtVTlNTc0hjdUFaVzZrb2hoZU03N0ZoZG1VVENjbEZzTk1veWNZOElOVDNHTmljaU5iUHhyM3hNUGcyN1lGdFZ5SXZwaHZmZGJnZ203aXN0Mmo4QUhNSGw3X1p1Q1BlZWU0TDFYWGJLdnVqcV9jQ3hPVk1jV3fSAbMBQVVfeXFMTmJka1M1ZW9EalhjRUZuOFc3YW9sXzZXaEF0OTlUQUxrU3RrR2lCaHZReXJRVTZXMktSbmx4aTVjOS1pVkJYSDBfVm1PajR1dHhKekRQSHRXWWdmdWlUSXVGM3dZTTRSTTRmUjlnRlJGZkhYVTd1bllsVzhCVkh1X2kyMkhTNTdRVnZaN2h2X1VSNHRHUlQ0WUdpS0FsWGpmby1sSGVJejlMZEN1LUNiWm1oRXc?oc=5,Free Press Journal,"Thu, 23 Apr 2026 07:00:00 GMT",2026-06-14T20:32:05.439785,cyber_fraud,True,False,candidate,https://www.freepressjournal.in/education/mizoram-mbse-hslc-result-2026-out-at-mbseonlinecom-direct-link-here
cyber fraud Mizoram,"Mizoram govt taking rigorous steps to combat cybercrime: CM Lalduhoma - The Sentinel - of this Land, for its People",https://news.google.com/rss/articles/CBMizgFBVV95cUxPLXY2YUg1djZaY09VMDN0bmZRQUhYMFdsbkUwZU9HNU5xWjZZbDVkWEdScjNwdVlqWEViQ3F6ZHpJX0pfNjVRQlN6b0VlWG5CZnFkVW0xcVRsU09RekdDMWI5YWl1d19sTGVBXy1GeTJxd1p4cUxMbDg0T2tSRGx4b1JURE1GbkpjZGk1RFppUHFJRXhTaGhnQl9KS3ZDYVBDVng4LVBnem93cXVrNnloZEtRTmNsY25SRHhMbGtMbXFIQW9RLUpKbjlpX1hZUdIB2wFBVV95cUxPMzlFbkFlcjNIWmlpdTgyYkJ3YlA4NmJCajh0cmxRMl90MXdDVkdxYy1rajVzY1dCRURtNkE2WVJlM2ZBV19obVpFamdlNURJM0JqR2JySkUwU0N6NDJLNVZWbnc2MlBlekJQM0pqZkpCRnRZR0QzdGY4Wlc4VDNnMklzSVNiT0EwTWN3c2psYXRhX0hqTWI1UWN2dy1aVWYxNHAzOWc2UGhONHl6WFMxSF9uVGZSUGRnTWNSMGFoZjg1YjV1Ml9YTFJGdXR4NVBjU2p4dDR3VWVZVnM?oc=5,"The Sentinel - of this Land, for its People","Wed, 05 Mar 2025 08:00:00 GMT",2026-06-14T20:32:05.439817,cyber_fraud,True,False,candidate,https://www.sentinelassam.com/north-east-india-news/mizoram-news/mizoram-govt-taking-rigorous-steps-to-combat-cybercrime-cm-lalduhoma
cyber fraud Mizoram,27-Year-Old Mizoram Woman Found Dead At Indore Hotel - Free Press Journal,https://news.google.com/rss/articles/CBMilgFBVV95cUxNZ2RxeHFySUl2X01CdWREczdFMXZaTzhzXzEtOWppOW0yRzF2YUJNRG9RbEl2ZF9MYjVtLWJaQmtfWWVQMGg5Q0w1UUV6cjVjYTRoOV9ZQmtLLWNJWVE1alVLbTdBQk1HdVBsRV9KUDV5UmJsN2pzRlpSSkpJUi1tTmRCMjNBVHVUUDA5M1NJTmpuemQydHfSAZsBQVVfeXFMUDhpZXRBUVBMWVl0ZHlKd1Jqd05zRlRqaFpBelc4NjFydTdRR3dLOWZVZzJYMU53ZGZsMVdlaGlTcFNyZEQ2cl9FR0FkZDl4V0dPQnJmTmJURnlxZXpBSkpxemdyZF9UVVZPQ2VtQ0dkTnd6NDRTblBkVkZxQTF2eXJaZXdBRVhtam8yU0REOFFnYXd3U1R4dWc4VGc?oc=5,Free Press Journal,"Sun, 14 Sep 2025 07:00:00 GMT",2026-06-14T20:32:05.439845,cyber_fraud,True,False,candidate,https://www.freepressjournal.in/indore/27-year-old-mizoram-woman-found-dead-at-indore-hotel
cyber fraud Mizoram,Fmr Mizoram CM Zoramthanga’s son files criminal complaint - Northeast Live,https://news.google.com/rss/articles/CBMimAFBVV95cUxONTU2Y0FiaWhMVEltejZjX1hiX2FObC1pOXdaTm9GQlgzdEtiaUZYZDBSZjlqWFZUMzgzUmlFUThUOTlNR0lyRG5SSDVwYk8yclBxTThYVW02aGlLTlFOVlFGeWd4TWtNT0djX0pRUGtYdHNiWmlESFpJb3lWTERJV0o5NVRxRUxnM0MyMHhNNy1hYmYtSlM2bA?oc=5,Northeast Live,"Thu, 18 Jan 2024 08:00:00 GMT",2026-06-14T20:32:05.439873,cyber_fraud,True,False,candidate,https://northeastlivetv.com/topnews/fmr-mizoram-cm-zoramthangas-son-files-criminal-complaint/
cyber fraud Mizoram,"Mizoram Still Paying Price of Two Decades of Insurgency, Says CM Lalduhoma - The Sentinel - of this Land, for its People",https://news.google.com/rss/articles/CBMi1AFBVV95cUxPZUdlVmFudUxCUW9MU3VBczVhbGp1d3ZOWDk2bVNaaHpEUzYtSjYwampueWlELW9xcFp2OFdLUXN2RXFYY0IwTnplUjhmZF96aHhzZGsxalZncDdHWk9oQVBRd3M3NWtfYmw4YkJDR0hyX3VLam9TYnlyZTlPTTdYWl9BZWZzdUNfYjhfSmRIa2JJVU0xVHgyWnlnWHZTTE1NV2hpdnBzZmR6Vnl2RUhlbzJZbVRiV3U1T0g2bTdtSW5WejFhZWtfeFBTMURJdEc0eDkxWNIB4gFBVV95cUxNeENXRTYyZXlnZmxSb19UU1A0ZU5SanZzMzZhSkZLMFUzWkRfUjZKbnBZSXdMN2RzM3JwbFZEMGdsZFhWTFg5M3N5QXZlLWdxdlJRSGhXMjhvZmphUmpsZWdzVVV6RmlBay1oWjM0T25WdmlQMVduQzlONEJ0MldzRkdoYWtLYzdQSTgxby1SNWVrOHhFQ0lTUnBCM0VCS083ZDhQOFpXYm5oSHRVSUkzQkZrLWlDRDhuc244VFNHN0NVQldhZU9xUEliY0NrSkJySC1wU2VURTY3WUFvR2JKSlZR?oc=5,"The Sentinel - of this Land, for its People","Sat, 28 Mar 2026 07:00:00 GMT",2026-06-14T20:32:05.439900,cyber_fraud,True,False,candidate,https://www.sentinelassam.com/north-east-india-news/mizoram-news/mizoram-still-paying-price-of-two-decades-of-insurgency-says-cm-lalduhoma
cyber fraud Mizoram,Mizoram Board Exam 2026: Class 10 & 12 Datesheet Announced; Check Practical Exam Schedule Here - Free Press Journal,https://news.google.com/rss/articles/CBMizAFBVV95cUxObm9meXdJel80ajVJaFV2dFVOYVI2Qlktb2E0NWJXTUZiYlhVc2dUWGNKZ0R5UnpOQmdnRE9yejVJeXh2aHlUUzFiWThDVXNmYjRQdmNnM3ZObG5wUi1sVmxLcl96Z2NsNS1qMXQ5ZGtuUEFFdGlQTk9YaUpxUDRwZUV6TGU0dDVDY21wcVRwSU52SVl6WjFNUWY4MG0tc3QzT1JKWFBNb2tkNUhkTlFXbjJWNXpJTklfdUI0S2hpTlg4NkFHXzNKWFNsYXfSAdIBQVVfeXFMUDZsVnJ1RmVXcktPaDJqUWMxVkJrZE51QkNEcjc1TV9vYTNuN3dTeVZXRFhGWXotNWJOeUlhMU16U0pCcTl1elQ4aDRpcXhaQXZKemF0T0tmYmpYdTlmOHFfYmdBM0Z3ZmFsVmNvaU9UZEdsVWRDX0lENEhnLXphWWVzLUQ3aFZSV0dFeVM4dnEwX21wWGw4TjlMdVE0NE1nZzBZeUo1NFVkM1FweFNSTnkwR3ZVbVdxVDRMblVNc19FcjZnNmlZMTBrU2xZclEzWTlB?oc=5,Free Press Journal,"Wed, 22 Oct 2025 07:00:00 GMT",2026-06-14T20:32:05.439941,cyber_fraud,True,False,candidate,https://www.freepressjournal.in/education/mizoram-board-exam-2026-class-10-12-datesheet-announced-check-practical-exam-schedule-here
cyber fraud Mizoram,"ED conducts searches in Mizoram, Tripura in major money laundering case - MSN",https://news.google.com/rss/articles/CBMiuwFBVV95cUxOMk9KbGZqWmNUVmZRQ052Nm5CSnpvWGZrQjlwc25KQVdQajBvcGpGR2U3T2ZMWHRjamlCYUhUb0ZSeFZocE9raXdKdXIzTzZWc3ZPakFERGo2Zk1OQTdJRVB6V3ktMkdoWldqWjBIeWdoWUQ5VGNwR1JwTGJlS0RQSFZrQzNuY1dHMUtxTDBocklTT21Gem1kZkNzeGw3NGhIV3I0WDZBUnlnT3FtVW9DZ2NpNElWWnFCMGw0?oc=5,MSN,"Fri, 12 Jun 2026 04:56:39 GMT",2026-06-14T20:32:05.439954,cyber_fraud,True,False,candidate,https://www.msn.com/en-in/news/India/ed-conducts-searches-in-mizoram-tripura-in-major-money-laundering-case/ar-AA254BOj
online fraud Mizoram,Mizoram: 13 Convicts Rearrested After Forged Orders Free 16 From Lunglei Jail - Northeast Today,https://news.google.com/rss/articles/CBMiswFBVV95cUxOdFlvOXQ3YWF2dzRrSWpjMlU1U0NBTjBrV2gyaWQ1Q0xNb3ZsYWRnOXFTY21ETzh5Q0tCc1FfOWNfMXA0S1VCeWppaU9JRkxJREY0TVJueHJhSkpDNFQ4ZFNwNEdTa1FZdS1Vdy1KUF8tQ3RJNlY1Z2pqUGVvdmJHUjNTS2M2UnZWVUtubHhxdHA0cHZHWjhFT2ttMWdOdXR6clB1QmNJcHNrMVpnU3B1WGM2cw?oc=5,Northeast Today,"Fri, 01 May 2026 07:00:00 GMT",2026-06-14T20:32:08.597464,cyber_fraud,True,False,candidate,https://northeasttoday.in/northeast/mizoram-13-convicts-rearrested-after-forged-orders-free-16-from-lunglei-jail/
online fraud Mizoram,"Mizoram: 16 convicts walk out of jail on forged court orders, 13 held - Hub News",https://news.google.com/rss/articles/CBMilAFBVV95cUxPOXprQ2Q4VFhzdUQxYTVDWEZkLXB3SGFJdUNHNHlRVGtraHIyM00yeDN6cFNvaDhqRm9scUlRNzFONVEyNVlobW5rLUZpNVI1QkE0VEpJZi1KSVVkVWZ1dFhqakxZWmpmS1dveWtyTkhSUFlnSElJNWtfVDJ2U2tZR2lfNkpwOENjVW0yaURuMUhVS1R6?oc=5,Hub News,"Fri, 01 May 2026 05:20:13 GMT",2026-06-14T20:32:08.597493,cyber_fraud,True,False,candidate,https://hubnetwork.in/mizoram-16-convicts-walk-out-of-jail-on-forged-court-orders-13-held/
online fraud Mizoram,Jailbreak scandal exposed: 16 convicts released fraudulently in Mizoram; Police pursue mastermind and ext - The Times of India,https://news.google.com/rss/articles/CBMi8gFBVV95cUxQWURFWlg2eUhYeDl0cnVhNkRTYzl5SWZLSW1rcHJKZnRSSlJiS1ZtTXJDYnhhTGZJeG5zbG1HS0tEcXpmZEZWNXdzMmFsdnFnV0dsZUFJckZhbU5XVE1ObFlmSjMwOXFfVEczejJ2ZFdBamJfR0JEV216eTV1VEtkVnM4dlhMOGlVZXBQOWRveUZncHBKNXFWZmdncUlIVEcyTmI0Tks5dXlhelJER0d0WmRsbDF0WjA5Znk4d05BQ3lkdUtORTJUb2hCcFMzM2Mxb3lfRFVIeGNFeGtQSjRNdDZ0b3RsYmFfdTdHa1NzYUZ4QdIB9wFBVV95cUxQeFhKNzR5YU1oT2tFS29xTERXaEdkQ0Y1UmJwVUlEVUdUNk9DNmhsQkgtUVV5NnQ2a29LOERWblJ5ZTItd2R5NEZWY3h5V1NFSWJ2a3F5S1phZFQ2SFRUS2kydHE5MVplMXFoSXFVWDlKVTQzSUNRSDEzQVhJVE1zaUdFQWpsMVg0MkxEYmU3Um5vd1RiMGw0dzY2NUNoZ0NOS3BmZ2kyYjhoT3EwWlhpclNMWjlTdlFReWZGY2d2YVNSZDYxeEdxdHBxX0lMcEl3ekg1ek0yOV9NZmYwVVYxLU92bU5RVThrcTlSRnZDZUFDZFhJbi1j?oc=5,The Times of India,"Thu, 30 Apr 2026 07:00:00 GMT",2026-06-14T20:32:08.597553,cyber_fraud,True,False,candidate,https://timesofindia.indiatimes.com/city/guwahati/mass-prison-break-in-mizoram-16-convicts-fraudulently-released-with-forged-documents/articleshow/130646426.cms
online fraud Mizoram,16 convicts walk out of Mizoram jail on forged court orders in Lunglei; 13 held | India News - Hindustan Times,https://news.google.com/rss/articles/CBMi2AFBVV95cUxPc3FzUFhJVTVPZ09YNmVmVDJJay1ycXFkRks2Q3RCNnJSRWl5aFhMMEdfRDVCZmZLRlV3U2dPeXc2WEt1MjM2b3BBMkNqTFRPOUhHc0lSckd0S1l6bC1ENUdVZGxJREIyNlFtR2JyWFFxYTM5VmRjRzVYTDA5SmpNbGxNc0VqT1dvVjdqQkxoOU9IcTJiRkZzYWszWFkzV2xHZF9CMTVIVjlKNTZJV2hfSlJlV1BBa0xZSzNLRnppQWZWSmZkeUMtYXUzbS1qMkdaQlNKV0lEcnDSAd4BQVVfeXFMUEpndDE5SE40bTFlTUdlTkFJSTFTMXh2XzZwVG56RThLV29kVnNBY05pbU9xVm9ncWpObUNXc1ZvLWJza3ZjZ0F2SnVZV2FzaW1FNjk0UThuM0hVSG1kOVhaRDFyUmZERW9WZXF1U1VfUzdWSnVBTWtOaHV3Ql9HOVVmZ2l4d1dUeDRVdWdmWUhKaHIxMzV0NXRtNjZVT0FTM0hZSW1SYXllQXN2Rzl0bTFYVmEza3dZWnAyS3R3djltQzdOMTNWaFJoT0RMdTVTcE1zaTN1WlBWNGl0bEZ3?oc=5,Hindustan Times,"Thu, 30 Apr 2026 07:00:00 GMT",2026-06-14T20:32:08.597590,cyber_fraud,True,False,candidate,https://www.hindustantimes.com/india-news/16-convicts-walk-out-of-mizoram-jail-on-forged-court-orders-in-lunglei-10-held-101777549110529.html
online fraud Mizoram,Financial fraud account for 56.38% of Mizoram’s cybercrime cases - The Assam Tribune,https://news.google.com/rss/articles/CBMiqAFBVV95cUxOUFI4MThUZU9sMkk2UF85TmkyM1pDMFFyMmpIcVpSSVMzX2pNOElyNDJsaWZFUXBOSWdWVWY5MFRhaWRaZ1FSSXJNUHpHLTNlNE1Hb2Z1NU5JSFJVdEszWTZwUWVkZTBTbG5QdTY0SklXcEJUakZLbjdDaFYyS2RsbkFsTGU1Y1Y0X1ZCSEtwb2pTZE5qY0VRN2ZGOV9MTFVXbHE4NTM0VlnSAa4BQVVfeXFMTjVpWlk3TWxoNjc4eU1JZWpKYTNqVEgzRTNRNWZlQkZEQ1RfRGVYSVhKOGNwWjB6UEx3RXEwUjBvMG1Qd29YZVBlWWc0Xy1CX1B1SUR4bnF2N1UtMVB4NHcyQTlHb3NmMkRpTWFPdjlCVmN4akhRZV8taEhaczdmb0hIcjkxUFRYOTVuRUxDWWU1andpRmVJQTVaRGxXdW82a1Zoc09neW9Tdm5Eam5n?oc=5,The Assam Tribune,"Mon, 07 Apr 2025 07:00:00 GMT",2026-06-14T20:32:08.597615,cyber_fraud,True,False,candidate,https://assamtribune.com/north-east/financial-fraud-account-for-5638-of-mizorams-cybercrime-cases-1573588
online fraud Mizoram,"Quarters allotment, Mizoram House reservation go online - The Times of India",https://news.google.com/rss/articles/CBMiygFBVV95cUxPU0p3Zmc0bkZidG9JYkUxVWNjbFdwd2RseDB6Y3dCeWFiYXQ3YnJFa056SFN5dzZuLUt2dWJnbUEydENkYTZNdnBpMXQyOHp0NWtFaHdVRG9BOVY1YkZfV3B4dEotVElnV19FNV9oSjNqaDZOdUJxMGpEZ2VObUx6dnJLd2czcVZDV0ZYMGYyeXNOY2xnWFp2c1FvNEY2WjNIdzdiQ0dRTWpLMzNjYXpoZU1lYVNaRnV2NWV5bFROVkJBa1lYVmN3bnZ30gHPAUFVX3lxTE56LUxaYmU4dnZodVVwLTdtZ1Ewa2thQlE0V1Q1eXpZVWFDcDF0MTQyZjg5OF9PUGtYbFRVLUFlVWpkM1Yxcy13VEVrWk5qczFKZjA5VnYwQmFzaHZCcXFOQ25GZDhSTFI2THc4cU95WGh3bXNaZkI5QVM0WGZFckYwNEx3am9wTmVRY3dnamJ4NzhXZW5vaWVBWk1jamFZeDNjSGNqR1MzR01oNm9xV2JnMmNEdm5rNGRtTEZvWE9YM0ZId2xfckIxaXdRNUo1OA?oc=5,The Times of India,"Thu, 14 May 2026 07:00:00 GMT",2026-06-14T20:32:08.597623,cyber_fraud,True,False,candidate,https://timesofindia.indiatimes.com/city/guwahati/quarters-allotment-mizoram-house-reservation-go-online/articleshow/131099975.cms
online fraud Mizoram,"2,000 ghost customers: How a Rs 150 cr loan fraud unfolded in Mizoram - Business Standard",https://news.google.com/rss/articles/CBMi4AFBVV95cUxOU0RlOGZYWnJOblF4MGVNYmNiWlBiMnZYM3dZeWF5V1EtZXRyZzdLZElROEJhRjVZRHVITk50VFBRX3BPWU02d1pBR3piZkc4WkpKazI0NDFPSEZDUlR0aWUwSW9KdkdsVWI2dWpUeVhkSmJrY3JRWW1VejRPcEJJcml1Qk5vRm5RS19sVjBPenYzUkF6QlYzTjJ2THdQQjVHelBpaDlOLVA1d0xFVk9DeUxxZnMtYksyd2o4VUFPMXRUbTJiVHBTLXMxeHd0eEh1Qy1tNGdVSDVXT1AzQUliMNIB5gFBVV95cUxOOFh2dEVWZ2wwcE9YOS13RTNXSHFUMEZNcDlhUVhCNG1fMTMteEVuMWZJR0s0VUJpR3JOY2kxVUZCM09jY3A4bTNUZmlBbU1naVRnWnRKakRTUVpnM290QmRJUUZaUDJWMzRoMVpCWEx6dmhTc0ladEZJX2NZYnJmRUpnS2lBMGItaHB0azIzOWFKbEh0NDlwTDR6cDF2WldETDBVVHg5UlFPXzc4elBYR3NKeG1nZERhdlEwZGZaX3l2LWs0RV95UGx5clNoNUszeWJYaU5teVJqNkRmdkNjMmd0Y1Y4UQ?oc=5,Business Standard,"Mon, 29 Apr 2024 07:00:00 GMT",2026-06-14T20:32:08.597639,cyber_fraud,True,False,candidate,https://www.business-standard.com/finance/personal-finance/2-000-ghost-customers-how-a-rs-150-cr-loan-fraud-unfolded-in-mizoram-124042900201_1.html
online fraud Mizoram,"ECI urges vigilance against illegal migrants, fraud during electoral roll revision in Mizoram - The Times of India",https://news.google.com/rss/articles/CBMi_AFBVV95cUxNZkJGeUdCM1Q4QV91bHJFc3FUZGFhdUdLamF6N01oY2hzbWtRbWRzMTZHSjlrN3hZWWhNdk5WSUxNZm5vZGF5QmRfNHJQVXY2RjJsX0tIODRZSkJpNWVaanpmSmh1czJIS3FoSXFvZlJXRlFxVlpORFJSZjZIRFdJQTRLMU53N2hvVC1jbGRQUkRoSkVCT1ZUQzJnU0VlR1hLWmhGSkw2eVBjNDB2UjdnbkJ0aDhvN3dWbVZBcGx6WHVVaWdWRkJEeFFmVkhTX1BZYVFveTJrY3RIYzBMRno1aXZ3UWYyQzEtMktFYl9mdUdqaXN6eThBdTNscmbSAYICQVVfeXFMT2NzQ1cxQ2FfSHBpdTBBYVRFSFg5WWJDd3hnQ3ZuOHE1ZUtOVy1BYV9FeFFTV3FnOVNEWWNjZGUxOVllb2EwU25wTDJFbTVqZUpiTk1iZzF0YTZrcnJnaEloMkRLRUVmMTVlTFI2eVJ6T3BBNWFOeVF3VmdpaXNzc2ZFRVctLVJnY1Z6S2MtN0NWb0lWbHFXWTI3QlNUVnF1MlZ2X3FJY09sR09ISzBxdGpvMmVkeVh5Y3prd2xYa3FBX2FSQmRSREthRlVJWXRJa1pqN2FMSnd3SnNnUWNXQ3V3SWF4ZUhVTEFUVm54eTBxelZENlhCMWJxNmNna0E4NzNB?oc=5,The Times of India,"Mon, 08 Jun 2026 15:35:00 GMT",2026-06-14T20:32:08.597672,cyber_fraud,True,False,candidate,https://timesofindia.indiatimes.com/city/guwahati/eci-urges-vigilance-against-illegal-migrants-fraud-during-electoral-roll-revision-in-mizoram/articleshow/131591542.cms
online fraud Mizoram,"Unveiling Mizoram: Border Dynamics, Culture, and Urban Realities | BOOM - BOOM Fact Check",https://news.google.com/rss/articles/CBMiowFBVV95cUxNTmc1b05hUU9EelhCc0gxQ2d2dVZRTWt3azNBeFBIUlBjRmRSUktaak44eW9OOU5jdmJkb3BXaE55UHlRUmVYbkh2aU9EaGZDeGRkLVBmTUMzb3dlUVRVWWlhZWplM2Q3SERUNGM3enFkU1RxcjdsRUlZb2hweGdMcjFodTl5RWRDa2o2UHdIc0FhUDFvMUxaSmdMQ05mbmhxLVpj0gGoAUFVX3lxTE1nbDktQm80ekQtYnVzMHB0SGIwZ0otM1F5US1mSllqaFNWX0FmT1N3SlZpVldBVVhhcGJSVTl0LW1HZ1VFYXc0cGZlX3Fxem1vT0dWbTd5THRUN2tGNGJqQnFBa1JkVTdnUl8wVEhIX3o2SlZfUTZuZVN3NWNfcWtQeExxNHZROFpjTGhteDc2bHB4Nnk4WlFWTzZsOFItRE8tOVZJRmJmNg?oc=5,BOOM Fact Check,"Wed, 14 Aug 2024 07:00:00 GMT",2026-06-14T20:32:08.597679,cyber_fraud,True,False,candidate,https://www.boomlive.in/citations/unveiling-mizoram-border-dynamics-culture-and-urban-realities-26198
online fraud Mizoram,Mizoram MP urges Shah to order probe into Lengpui land acquisition - The Times of India,https://news.google.com/rss/articles/CBMi2gFBVV95cUxPNWFNZEpuYVg3UFhhSm9NWHBKYVJXTnZCZi1UOW9taFhUZkgtLVZQOUdJTGozQ1JCRmZuS2s1VFlmVlVJck1DT25zSXVYQnpBVkJYeV9xbUVHV29OdDlvMEdGdExYdXVfeGluYUowZXJxUVBoTk9KRnNkWnVCOTg5aVRTMEJ0d1VNTzFLMUx3aVV6dzNDa0tuU0dRQU9rQVNFOFY1clFHSm9VdXJnaUQteFhXLVpNcnoyajVLNVhsWTJvLXdjUUg2Nnp2b04tM3BWQ2pVZXBpRmNGUdIB3wFBVV95cUxOc2VwYlc3eVpadW1rRGdoQWpUMHk1cmZRRERkOUpKX0R1bjRYZ25DbEliUU5iTk5IVUhFNTVsbGs0WWpVdFFZbTBTeWtydkEzWHlodVhmRW9BamQzOHpxQzdXZ0FwcVl5SmhrU2VPQzZIRWxKbGYtWUNOMkRfU2JiQ3VfWkp5UmZkdnkzRHRtUDI4c1paZ3BHcnlBTUlDT0M4ZXZ6ZWM4SkdzX2ZMemJkVWhYUnd6Q0V5X2NTdGNyRzBqWDhWN1JMM3JfUXR2WUhwRXdBTVYyVUFxdFR2OV80?oc=5,The Times of India,"Fri, 06 Feb 2026 08:00:00 GMT",2026-06-14T20:32:08.597687,cyber_fraud,True,False,candidate,https://timesofindia.indiatimes.com/city/guwahati/mizoram-mp-urges-shah-to-order-probe-into-lengpui-land-acquisition/articleshow/127992021.cms
online fraud Mizoram,Mizoram launches portal for out-of-state medical referrals - The Times of India,https://news.google.com/rss/articles/CBMizwFBVV95cUxOX3FYc0FwREhfeGRvU0ZpWVdKOGtUM3Vvd2tFQ3c4bmxIWC1jRWRUODUtOGdVb1JtRURhVW9FQk9fYy1lYU93czFXbWRjSk5tSjR1MUl6Ym54ZmNkTk5TMko4VkhyQUJ2Z05BVDJDRTdSckFWZjllVHdtN2xDQUlhcmR0b0UwTDhhem1KS0FwN1ZjVG1oSVJrY3I5THg5Y3ctWS1fQzFfMUtEdWZpU2pRQWVKM3djdUdFbXFLNndVVkh0V0RpV3IzMkgyWnVmbUHSAdQBQVVfeXFMT0RYZ25SdDJNdGkwUDNIcE85dW9hRm5OV3Z2WE1CVUtmX2g3a1FZWl9IVzdRbjk4RFJmZE5QOWF6ZzdIU3FXZ19LVGRrX1dMSGgxbWR5Z3dmcHBXdlRmOWw1czVReTNFV3M5S1M4UFAycGxobWNmM05Odlh3dFNLUHd4RkhNNFhKYUpqVVV0RXhyNnNDS0tIOTN4MG5hRzFPQjF6Q0licVlyNW9Zb1NJV2FDR19XVVQ2Q0FSQVo3NUhDRk8wb0JRdmhnNGxTd1B4UDdtQmE?oc=5,The Times of India,"Wed, 20 May 2026 07:00:00 GMT",2026-06-14T20:32:08.597716,cyber_fraud,True,False,candidate,https://timesofindia.indiatimes.com/city/guwahati/mizoram-launches-portal-for-out-of-state-medical-referrals/articleshow/131231979.cms
online fraud Mizoram,17 convicts freed on fake court orders in Mizoram Jail scam - News Arena India,https://news.google.com/rss/articles/CBMioAFBVV95cUxNczlyVW9jM0gwT1RIN21kNFRkNVM1UkJhR0ZlN2d1bVNuNHU2N0dLaDJsUE44aFZfOEFoMTdGTkdBbDdKbFJnTWcwNl9ncjJOb0Q1dzVNbWVIS2VZakNWRVlGYVBkY1RmbmlLS3BCS2laN1lNV1JyNGhUd3M0NFMwWlRlRFlERXV1MmUtX2ZCdDl3WkcydGg3ZFNJNnJxRUp6?oc=5,News Arena India,"Sun, 10 May 2026 07:00:00 GMT",2026-06-14T20:32:08.597728,cyber_fraud,True,False,candidate,https://newsarenaindia.com/states/17-convicts-freed-on-fake-court-orders-in-mizoram-jail-scam/76848
online fraud Mizoram,Mizoram mins review power supply in major hosps - The Times of India,https://news.google.com/rss/articles/CBMiwAFBVV95cUxQWFFvTnZ3eThKVHQwMmRkREFqcU01THpfSzhWQmk3cjNGcGtIc3R1cERUaEpHRjlaaG9Ma3dpLXJlREpBQnNzNkJ5QU1ld0xfZXZ2V1Y0aUtVejVDeGNFNlNkRXVoajV3NEpPM210OEM3TkNPWl9BVUJtX0FtSGtKSjRxT0FmQ0FuaHNoOUhZVElUZDhUamRWRUF1WTVyUjF4N0tMSEVlUFdkX2ZVb01zRDVaY0U3OHMza3RGVDQ2UmvSAcYBQVVfeXFMTjlNUVN1Zk9GS25XRi1WOFdDYm5ESHk4a3hyLW9SdkFZTmJDTjdyRUdEc2N6ZXlORkdVQWdxQ0FtWE1lZHJXVkdiZVM5Mnlyek45NnhZUDRiUXVBanBFa3RqdmNBbGNIdXZRVDAtMm5iMHp5NkF5Vm5NbFdmZXFaOVBCQ0Zsd1V1ZlFHQ1N1TjBPcTluX09xeEx2U2pSQ3pFQlpuNFZJZlBkN09MeVpwTFlQSXhIUUE3aHN0aU5xcjVzdHEzdHZR?oc=5,The Times of India,"Sun, 07 Jun 2026 16:12:00 GMT",2026-06-14T20:32:08.597740,cyber_fraud,True,False,candidate,https://timesofindia.indiatimes.com/city/guwahati/mizoram-mins-review-power-supply-in-major-hosps/articleshow/131569877.cms
online fraud Mizoram,"Cops: Inmate, ambulance driver ran fake court order scam from Lunglei jail - The Times of India",https://news.google.com/rss/articles/CBMi4gFBVV95cUxPY1F0S2ZQYXFRbnhMN2xsVmY3azRNOE5PUEpQZklyYVUtaVp1clp4bkV4V29fMTVPLUNMWU82aTJMZml1WlE4VDNoM1BKU2oyNlRoRFNEOFM4UnR6S0lGVUsxLWl2NkhxVTNqb3R6OGQzTmRBcjZDWGkxc1I0elItREpfb1FKUnJzZWFFREhxekJGV1RjU01fSnB2eGpyVjU5cVEtYmZxNUw4bWg5WUVrTzEzT2I2YndqYUxjeDdqSlRQWEpteVVQY1UxbkJyMGg5b2N4Z081ZGw1S3ZEVEpORmhB0gHnAUFVX3lxTE1mb0RYZ203SkwyWDlRa1dmTFc3QmxJdU1uOGpTV3lNVEpPTFV6T21mRm1fNzE3ZXk3VHR0REZDVE9jdEpuRWVUWWlwMnJDR1VRT1cyN05IVGVPM0c5a2V5bEJtUjRyZGVxZ2R1S1E5cEtoTUZWbWUtWXlyaWJDbHFfbnNTUElBMDRCNDllekV3a2pjLTlwUTYyN25Wckc2NF9pM0FxU3Vxa2Zoc3Y0WG40TGxyTnJ4ZENUOU9aWXFQUm9vVkd5b0Y0ZW5xMlZOM0tjTWRUMk1uX1BIcDdWWXNfT3dmOE9iZw?oc=5,The Times of India,"Sun, 10 May 2026 07:00:00 GMT",2026-06-14T20:32:08.597758,cyber_fraud,True,False,candidate,https://timesofindia.indiatimes.com/city/guwahati/cops-inmate-ambulance-driver-ran-fake-court-order-scam-from-lunglei-jail/articleshow/130997886.cms
online fraud Mizoram,e-challan in Mizoram: How to Check and Pay Online - ACKO Drive,https://news.google.com/rss/articles/CBMiaEFVX3lxTE0zaEsyUWlqVk1VbDJlMnR2NHh3cnJUUUc1MC05V1Y2SFdJcEEzX1VyU1M1bjhkVlVWdmZNTDdKc0ROdk94a0E0aDFsZXd2MGlYTWU0c2QwbENoeHRIdDZmblRwWHpidmlq?oc=5,ACKO Drive,"Tue, 27 May 2025 07:00:00 GMT",2026-06-14T20:32:08.597800,cyber_fraud,True,False,candidate,https://ackodrive.com/traffic-rules/e-challan-in-mizoram/
online fraud Mizoram,Mizoram opens digital gateway for CSR partnerships and development funding - Bureaucrats India,https://news.google.com/rss/articles/CBMisAFBVV95cUxOVWZKaFhEcWFOTTdQUnpWanVJYjNOWUljUFhMQnNsWWh0dmJxbFVMRl9vX1RpWHlVVFoxM0pFWUZIRzVJTUxkRk9SMGp0TG5wbXdRbEJBZVZ6WHRNMV91S0ZRZXg4bmFBcTN4OVlZMzNQVTctMnZPcjVTNUwwTDRJZXEzTzBsN1R2SjJsUl9WMEk2aE1SZzRnVnRFQUJ3WDRNMXZ4UWlwaTdaWE5tdVY4RA?oc=5,Bureaucrats India,"Tue, 09 Jun 2026 01:19:19 GMT",2026-06-14T20:32:08.597830,cyber_fraud,True,False,candidate,https://bureaucratsindia.in/news/csr/mizoram-opens-digital-gateway-for-csr-partnerships-and-development-funding
online fraud Mizoram,Mizoram has 54 villages without mobile or internet signal: Minister - The Times of India,https://news.google.com/rss/articles/CBMi2gFBVV95cUxNdmZhZFIwb01PNFRqU2lkSWUwOGJNTjFKQ2s0dDhybkVKRHdqYWphVlIybGs4ekVaUkViZ0tkRGNKWkNKTEYybmZ4T2lLZjNpYk9XZlpZN1hobkdCaWhMNG1Ra19JMWVkZm1wUzZ5aDdlaEwzTEJkM2xWb09ub01LRTU1czJvRzVVcmY1UnpLaFRYejlVZ2plMTNtQjVsbkp2V3dLZHNLZmxLcFNJbWlWLVdSdEtxNVBxejlZVk5VRElXYjNaYWYyM00teTMtYUQwbHVLbmJTN1BVQdIB3wFBVV95cUxPN185TXdCeEZPSlhBMEFINlRVeDFFbnFJYjNlMHZBVFBvVXUzNUtVdHFfZGc4Yk9Qc0dzSkUtZzhTbkxkcmw3eEp0WUU3b283dWd2UFVCb2dhQWUzNERWOFRJZFNmNGZOanFDRXlLVU80b0JCdURDSS1nNjI2MWVWS3NBd2hkNFU2dmdHMzJONXVQUDlHSFVCT2RlVy1hcS14VnMzMmltRE1Tdms5cnJ1YWlRRHdmNHQxXzZYVk9faUdLZFVabHFWNldTbndNLTlpRHdLRG5CNlJ2OG9aaXRN?oc=5,The Times of India,"Thu, 19 Feb 2026 08:00:00 GMT",2026-06-14T20:32:08.597903,cyber_fraud,True,False,candidate,https://timesofindia.indiatimes.com/city/guwahati/mizoram-has-54-villages-without-mobile-or-internet-signal-minister/articleshow/128568219.cms
online fraud Mizoram,Mizoram Board to announce MBSE HSSLC Class 12 results on April 29 at mbse.edu.in - The Times of India,https://news.google.com/rss/articles/CBMi6wFBVV95cUxQeUljYlpZelF4bHJSVWZiU3FHUm0xNkZCVE1qclVLUnJNOWpNMWp3TGlKZy1iaVctV0VNQTY2VkkzLWFGcDBYRFRQRUpnb0RoUFBzWEdSNFZMSERNZFlQc25yQzNRaGV2Z1FhSWYzaTZBVkJiQjNaeHVXS3o0YkJrMkFFUXhqcU10dkk1U0Q3RjJtUVpiU0dRc3VzRXF2THZxV0xmOUZpdWloY1hfc1l2blFxTnVKY3NhQ2xZcVJyNm56bTl1T3VBaGdmV2F0ejAxRy1uSGQ5UlI2YVgycTVrS1FSeTNHNmp4MTk00gHwAUFVX3lxTE9hTzBGZHp6MlpKZkJzZGNoa0Q1UHYzbUlSbkkybkdEbjRMbDhZX0toVVNSSnhkTnVid1dlZEZINWltY19Ob0tPTEFDdk84UnczLUNNa21FR1lnRmJRdGtDMmdvbFFKSHVBdW9zYXVmWURmNzJyejBsWko4NnFJMlVQQnBlTEdGTGdwQlNRNThGZTNLTHVXdWpROTdVLTlJaFptNmNfLTRGMjJSOHVPcEtWRnp3dnNwVmRLclpLd1daU2lRZTBkYTczZUNQM1hHdWNueFo0REE0MW9JQk5GVjc2bVltQ2ZRQ3hUSnJKQ2pGRQ?oc=5,The Times of India,"Sun, 26 Apr 2026 07:00:00 GMT",2026-06-14T20:32:08.597911,cyber_fraud,True,False,candidate,https://timesofindia.indiatimes.com/education/news/mizoram-board-announces-mbse-hsslc-class-12-results-on-april-29-at-mbse-edu-in/articleshow/130530557.cms
online fraud Mizoram,MBSE Mizoram Board HSSLC result 2026 released at mbse.edu.in: Direct link to download Class 12 scorecards - The Times of India,https://news.google.com/rss/articles/CBMiiAJBVV95cUxNZlBaZVdCa3M2ZE9zYktMbkpFMDZWdWZXWnZDam5RbThaRlptcWVuZUp3Y1owaW9ocU42RjFqR25INE9tOG5MbWpxbk9DZmZtUThnUVVQNUpsUmMyUy1OeVRCNzh4c1dudk9oeWFoSWhpX21fVG5Sb21fWmdOanhHSDNEYjlEQ1dCVUJXa0hNWUtKblhxbnJQWndob2tPQmQ2X1piM1paSExkRzJlSkNvSHFuQ0tUM1NLOFQ5dnpObEF5RFIxRzhBd09HXy02eHM5aG1XOFhPdDZoNjk1VHNkNzBuaEJLb3VxdGJnNVdCSHNPa1NQUlNhQzlPcUl5UHJpeG52bFhsaEPSAY4CQVVfeXFMTnB4cFYwdG5xN3VZQzFpOWFkMU50MHhRU2NQa19ndkE0OGFxUG1Xa2FRVXhrVldaZFBDMFl3SS1XNWNrTy1ucEdQYjBRRmliVTE3N3M0YUsyeFhJRW9mNkQ0VW9ScnlEYzN2YlhGODR4Wk9tWlVsZmc2UnRxSHZaSmlfTmFNT0FreVlILXNCTU1LRnVpM0hfWFNNZ3RDX3FmY0dhMEN4aTMwOFI3MTlBOGozQlFvYm9ha09TV0hIM2dHQ2FQR0tKUEt1WlVQZUVUQVlCOEpfOGR4dlVzcUt2dzBYeHdnanNGYVVaSDBDWGxSY3JabDNoVmR5TXo1TlltUFpId3JxV3lOcUZlV1J3?oc=5,The Times of India,"Wed, 29 Apr 2026 07:00:00 GMT",2026-06-14T20:32:08.597929,cyber_fraud,True,False,candidate,https://timesofindia.indiatimes.com/education/news/mbse-mizoram-board-hsslc-result-2026-today-at-mbse-edu-in-steps-to-download-class-12-scorecards-here/articleshow/130593951.cms
online fraud Mizoram,Mizoram MP urges Centre to declare two border roads as NHs - The Times of India,https://news.google.com/rss/articles/CBMizwFBVV95cUxQT09sZ2ZFN1JNNmIwX2I1VWpQZ2JTVkxEa3ZrZjFLVTMwVmJTcEE0dkRjeDBXT1BvckxzYzdJV3dsZFQ2VTFIOHV0T3RaQW1uWUlsRjFCMjdGVjZCQVFwQnZUQlcwaHVXYTVrM3dYazhXZzBISEpXS1FYd3ZlckJpcU9zaWtoamxRajVvUTZYaXh4bVU5bFF0MUxpSzVMRTFSYVJwS3pBMlBvVVphdFR6UG5nSlpCd09CQWNMWlI5SlF4UmVCSjFta1Z6cnlucDDSAdQBQVVfeXFMTzRxbWtTUERFNWlOd1BuZjE4aHYyQnp6QzhHN3ZsSjUwNUNBN1hCRWhUUjN1em9mMVZyNlYtUF9INmIwU0RyZS02TEhHUXNCNTFwWWJJSWJNVkttTm1XUWhiNWozWEtCVGlYTWpJVURWZEw5QnlNVHdfUnl6LWYtQ1B6RlZySXRRd0UzSUNkTzlQd3NrSlZtTmVCLUoxY0tCRlpkVEwtSWJoQVVCNmZaOVNrcXZscjBERmUtOXFjMndlbHBTMGpoZXVYRDNkSW5lQ1JGNlU?oc=5,The Times of India,"Fri, 13 Feb 2026 08:00:00 GMT",2026-06-14T20:32:08.597937,cyber_fraud,True,False,candidate,https://timesofindia.indiatimes.com/city/guwahati/mizoram-mp-urges-centre-to-declare-two-border-roads-as-nhs/articleshow/128269851.cms
online fraud Mizoram,Mizoram tops NE in telecommunication advancements - The Times of India,https://news.google.com/rss/articles/CBMiwwFBVV95cUxOekRwc0ozSHBVclNxcU92dEN3REE1RXRfaURPUWxwSlEweEdYZGtodnYzbmo5eGk5NHVKaENGbDNXYTUxOWJFZHMyRld0M3JBclVDM3JpMVlUZXVOWjRQNjFHN201aklqNzRUNEI2WmJ3VGF1NDNXa2xJM3AxM3hKc0lTUi1uQVZqWlU0Y3dFd0gzOVY2Q2hBQXU5VkhIbzk4LVNsTFBxaWtDWk0xZEV4elJsT1hUZ1BFQUVNNG5rRlFMRFHSAcgBQVVfeXFMTURrSHlRUHphcmF1LU1oSlBHcjAzN25VRHptODRUaFFkcDJEX2VMOEg3RlVUQ215aTcycXR3aGo4SWFtRHZscXhRWDVpNEN0MGtkS2phOGFqNUJBOXVzR2psSnpkSU5majlVZ2ZUWEF6Vm9QdU0xTURuUWVsYTd5alRBWHhHWGdCNTJmN3pLLUhLRTg2WEt0NFFtSzl3dVh6Q0dVNV9kc29pRnJwNFF2MFpkQzdka2ZQeGpkOXktZnpraUVURXpEN24?oc=5,The Times of India,"Mon, 31 Mar 2025 07:00:00 GMT",2026-06-14T20:32:08.597953,cyber_fraud,True,False,candidate,https://timesofindia.indiatimes.com/city/guwahati/mizoram-tops-ne-in-telecommunication-advancements/articleshow/119769312.cms
online fraud Mizoram,Beacon of honesty: Mizoram auto driver returns Rs 17 lakh left behind by Myanmar bizman; sought no reward - The Times of India,https://news.google.com/rss/articles/CBMizAFBVV95cUxOLUdIeThncF9TaDZ6Z2tXYXlXOHJLSEdwX3ZhS3NDZ0hnNktpa0VsQlNaNVlNSUl4NXRJRElQRE83V3hLekFaOEZFN2ZjM2l2bHVieExZNmNzM3VwaFNxZjc3ejRNczhPUFBHWXVVV3VQU25vSHpFX1N2SS1XeFp6VTZfN01SREtOTVp5LUhXS1FlMHpYT2ROcTdicmo1eEFoSFZpdm5KZTNub0JQaGYtamMxc19tU1BhSnZqSzRQc0daZEpZUU5adVpFanLSAdIBQVVfeXFMUGtrWkluWklveWhBQnR0YWlEWVYyV1pjQ1JURzNBb2R6UGtHdnhzQXpLZ25Hb2dmZnBtNUNEMWVEX0RuNXJOZjJYR2E1QzBOUTh1MklQR181SmIya0diNmUwTFREUVYtellteTQtV3V6aUhTNWhESVRDbmR5anBHcm9mQTNKaGpVQ1lSZ01hTy01NTJFc3RsclJraFR1M3pwQUplVU56TWlEN0QyWHppdm03aThMTVJlcnR3a2tXd19ZMjRJeWhtN1ZENzVqV1psRld3?oc=5,The Times of India,"Sat, 21 Jun 2025 07:00:00 GMT",2026-06-14T20:32:08.597961,cyber_fraud,True,False,candidate,https://timesofindia.indiatimes.com/city/guwahati/auto-driver-returns-rs-17l-left-behind-by-myanmar-bizman/articleshow/121980894.cms
online fraud Mizoram,Why shadow of Western agencies looms over Mizoram foreign nationals case? - theweek.in,https://news.google.com/rss/articles/CBMivwFBVV95cUxNbFYtdXJrWXg2LVg3a3pfY185ODdwYXg3WUxVTjFIeFotVmZOS0JKeVl1RXlvYS1EVk5CZGU3YnItRXpSYUZiazFfU2RQRU8tZUJUMlZiU1ctVVJuRTNveGMyak5NUzQ4R1FjN3dZT2Ryc2p3dVdpOFZtdkJ4VHBWb2FxdGNURkZ2c2VOMnFTeG05MW45MzZGSkIycU1BQ3pwTC1DY3B1TFdneWZsSWpaTEpUMjJDcWZMZEc1UFV4NNIBxAFBVV95cUxQVVdFS2ZaS3NuWDFva2djZWpRRllUcUJBUUZUdFJoc1hSb1JUWWZrd2JaSUJZT3ZacnBmSEkzZFFGaXhWb2QwREVCWmFQX29yMzNuU0RDQnkyRlNZakZ1Wk9TNVljVkwza3NhekQ2a0dRU3FxTGFKQUlMN2RFY2d5cF94cTdBQjR4UlowMjRaYzhEVEJtLVNUNG5fT1lNenducl9wNV9GNDdjQm9fai1HdXpaRmx0SHNtOGhZX0ZnMFFIN2VM?oc=5,theweek.in,"Thu, 19 Mar 2026 07:00:00 GMT",2026-06-14T20:32:08.597989,cyber_fraud,True,False,candidate,https://www.theweek.in/news/india/2026/03/19/why-shadow-of-western-agencies-looms-over-mizoram-foreign-nationals-case.html
online fraud Mizoram,"Mizoram University Announces UG 2nd, 4th, and 6th Sem Results 2023, check here - The Times of India",https://news.google.com/rss/articles/CBMi5wFBVV95cUxPM1EwZEIzMF9GS2pQTHN2WlZ1NWZVcGJ3N3RFSlVpZFJLSGdWRGZCakJjdkdRZktpeU55Z2VhVFVvZVVzRk14R0FfSDZ6dVdhbXAyTTZwSFN6TTFfeVd6UlZleVhSUW5IbWVneDdVd2tFUGJpTnJwaU5ObmxyTXMyczJzZmloQmlscFFCaDFBazB2dWlJYzZPdjBxbktJOGVtdGQ3ZlcxZmxKcHlOcFZFdHg5M3praDd5NGtvSnp3Tk4ySGhnTFI1NWtKZDFlNkxRRlZOTXZkcTFOcWNzYzQ1SXdTNF9fS0HSAewBQVVfeXFMTmI2WFE1Vy1vZmlQX01pS3lFaHNtaFJ0M0dKQlAwUkNsQlRLdE1VQ3g2UmRIenU3cXN1X0t3YVVPWEdzd2RSLUs2ODljM1lPeVg2QkROVldnNmhMOWhxOW12LXNBajJwdE91aGFzQ3VtWmktVG01QmpEUjVxb0QyU2NReDN2ZXNXQ0VPdDhXS240a3c2ZUFiSnRfeHVINWZyNDg4TEVUTnZkSUV0dWNoQWFHYTVaVi1xR1c3ZVRsYXhtWVcxb1h5SElQN3Z2ZWpRY3F1T1czSVU4cE90NzlxUDZMYldIVjFfbmhfYTI?oc=5,The Times of India,"Thu, 06 Jul 2023 07:00:00 GMT",2026-06-14T20:32:08.598005,cyber_fraud,True,False,candidate,https://timesofindia.indiatimes.com/education/news/mizoram-university-announces-ug-2nd-4th-and-6th-sem-results-2023-check-here/articleshow/101534250.cms
online fraud Mizoram,Mizoram to launch online border checkpost module to streamline entry tax collection - India Today NE,https://news.google.com/rss/articles/CBMi3AFBVV95cUxPN2NYRl9RdjVQVXVCSkttaU5ROWZGWjBMRmtkRzA4TGxBd2VhMEpheVZ5QVJvaWVxc1JoZURyQ0ZoQTVSY3g3Vk9MS0NvRzVqdHFlM01rdDJDbjNtb09oNVFSUklQaGZkZEUyd09KUUdUV2ljT3REdWhRbHpOcjNSWkZHMDZhRlV1TGtqWko2ODdIWlI5VGpfVzNuSjVYUlozUi02Mm9tYmdnUGRxVnZMMWJldV9wUXdRNl9XSXRPVXJNWWNSOHJqd1VaamtVUVhMQ3REcWRoNGQ5eUZY0gHiAUFVX3lxTE9hbWMyUExhaDNhYUctdmd3VUp1RldHbWJ0QVRPWUVNTUFMQlN3U2hqdmdsZ0J2RHA2X0paeFZKclZiRlQ1anVSMTdCdExZeXBFNXdjODJxNlhXdHhWLUJGaDRUQ0JEWWU1NjVmLUNnSTYyazUzMVdLaTJrSWczN0V1cW8xc0dCcktQV0NVNG40cnJoYVVReFVHTmE0Y1lMZHNQNjFNbXk4SHlta1RDWE1HbE1KcVZDVXNsQWhRNnVVVHQtYlRHQVlkejhzSWZaQlptNlhMOHF5anZfQVZXQ0V2M2c?oc=5,India Today NE,"Tue, 02 Dec 2025 08:00:00 GMT",2026-06-14T20:32:08.598115,cyber_fraud,True,False,candidate,https://www.indiatodayne.in/mizoram/story/mizoram-to-launch-online-border-checkpost-module-to-streamline-entry-tax-collection-1311697-2025-12-02
online fraud Mizoram,Mizoram Police Empowers Officers with Training on New Criminal Laws - Borok Times,https://news.google.com/rss/articles/CBMilgFBVV95cUxOZFdMNjdjNi01SmZuSXRDR2dCZ3Q4MzhKWFB3NHFtajhZYVFpS0FmV2NmMExSR1dkNHFpemJsRlhXc2xEWW1aUWhYR0VaYlBWYTFtNEFWZEp5bTdRMElldEw4VmdyelpuNUpRSW1Ub01Edjd5c0FOT1FRYkpMQkZjd29ET3J0X0xHOFVTWjRXSUdsQ0M0d2fSAZ4BQVVfeXFMTlBYXzFLZ3dJQ2w0a2c1SDI1R043TVlnS0xiZXFDRlR5UG9razlMeHY4X1NDUFBtYlBaZFh5QUtpRTFCRHZ1cmxudEtpVzEtTFB6RFB6VTZqTjZYZlVqM0s1cHVrVHY5NkhQU1hSZWxXbnBzQ2d4ajd3bzIxN0JJdkk4X3hSWVhOSF9OMUFQdVVOUDZRVmNiT1NsQzh1UVE?oc=5,Borok Times,"Mon, 18 Mar 2024 07:00:00 GMT",2026-06-14T20:32:08.598169,cyber_fraud,True,False,candidate,https://boroktimes.com/mizoram-police-empowers-officers-with-training-on-new-criminal-laws/
online fraud Mizoram,"51% of voters female, but not one in the Mizoram assembly | India News - Hindustan Times",https://news.google.com/rss/articles/CBMixAFBVV95cUxQdDFyU0RiQlVjNGktNkxIRDNRRDlDdVB6RENVblFOTGdsYWE2cVQtWlhxTGhkOGpqcnIycVAxcE1jbVROaGwzdl9YZXFaanFXeUlObjRxeUEzUGJVSFNRYzlmYU5lajZxdTFnN3F4TVdadzEtWXM0TG9seWtzTktOWDhIYlhwUzdYT1liY3luTDBCdmYza2pnMU5heklaMVBQTEdGRmsxUkxFYlNzVDZDMF9xUGxBa1V0SE9nOTNBSTdjZU9j0gHKAUFVX3lxTE82VlpxbjFCTmJnLVZaU0Ffczk1UGF5N0lpSGtmOUlVaHN3TGNLeGdaSVkxckNFTnpCRkhYRV8wdnlqaGdxUlBEd2xGWXd0cVBaXzNFQUdESUZYWFFQa1JfZXhwaTNlakRXXzdrWWh6aG1kTHcwaWtUTUU1QUxaYm12OHR2eDJvS3BuSm9hOWFlN1dwVXhrQjluUkZPdkt6OTdUblBiWGxhSy1zZ0dKSHVudGl6LURnOC1McHVpdjYzYmZNUGE0azFreWc?oc=5,Hindustan Times,"Thu, 17 Oct 2013 07:00:00 GMT",2026-06-14T20:32:08.598218,cyber_fraud,True,False,candidate,https://www.hindustantimes.com/india/51-of-voters-female-but-not-one-in-the-mizoram-assembly/story-6Wa4LzOg7LV3XzGM2eyR5H.html
online fraud Mizoram,"Air attacks in Mizoram, 1966 - our dirty, little secret - The Economic Times",https://news.google.com/rss/articles/CBMixAFBVV95cUxPZEh6LXhGTXN4b1BBYmlseWhORTQ1UmxxdEluMVE5VFYwMUdrcW0yUlhyQjlLMGpzTzhmeTZMVTZhWVZQQTJ2NzdmNGdRNmNvTllpYlB2RzQtYTRHeUNtOW9JMmlfVE9fVE1ENEk3STZkMTZnWHFHTlVCN0hJaFVpVHVUdW5PeTZzSDNfRFlwYnc4RDI0NHpGb1NUd2cwVDVKRzMtd0lfLTYwZEs4ZEYtUW9pVXFOdTZUQXdxSEhodXZpSGxC?oc=5,The Economic Times,"Tue, 19 Feb 2013 08:00:00 GMT",2026-06-14T20:32:08.598226,cyber_fraud,True,False,candidate,https://economictimes.indiatimes.com/opinion/et-commentary/air-attacks-in-mizoram-1966-our-dirty-little-secret/articleshow/18565883.cms?from=mdr
online fraud Mizoram,Mizoram Board HSSLC Result 2026 To Be Announced Tomorrow At mbse.edu.in; Check MBSE Class 12 Scores Online - Free Press Journal,https://news.google.com/rss/articles/CBMi3gFBVV95cUxOamJwVmVWZVpFbXVGZGlDTm5nSDRBcnFfSnBvVG9pWUpCS3U4YzFBX1VuV0dVUm5PeUNhcnhsamVXSjdHdGtXelhaRXI5RVZUUk12NzFXSjEzX1p4YmM1M0VHSjNvS3dmMnpwbkVjNWhfYy1zN0hiTmFscURMcDNuYXdRWnNHMmc4YkttT0NTdktsWHFIeXUyYjFGY3FxTkZoVHEyQ3pHZTNjYi1XdXRCRkk1bUs0Z1ZzSEhtX0FjNmRKYUQyR0xrV1RtTHlvVmo2RFFpQlpHbk00ZVNNZkHSAeMBQVVfeXFMT2hBS1hDMU1Ed1ZsSUl2ZlRMXzNEbHQtdVNTSlV4T3lOcmt2QnJjUlEzOVo1T2dhNHYxSmRsZHlRSlotRFNuM1BRX01Xek1HQUZTdmE2bXZHbURVREE3Ql9WMUZEWFhsVmV0UUNNQVcxZTM5aURScHNWSEtCMFAwb3BPT2ppT2RVejNrLUV0U2IzdW1mT25aWS1oOGxtT3hOV0dlVFpkUXl1V0JnbDRQcWVrWGt2RFJRVXdSWUZ3MkVtNnEzUUVMczdTQXUxQkozNnJDZTZQem5UanNOM0x6M3VaLVk?oc=5,Free Press Journal,"Tue, 28 Apr 2026 07:00:00 GMT",2026-06-14T20:32:08.598244,cyber_fraud,True,False,candidate,https://www.freepressjournal.in/education/mizoram-board-hsslc-result-2026-to-be-announced-tomorrow-at-mbseeduin-check-mbse-class-12-scores-online
online fraud Mizoram,Mizoram Board To Release MBSE HSLC Result 2026 Tomorrow: Check Details Here - Free Press Journal,https://news.google.com/rss/articles/CBMitwFBVV95cUxQekxBSGNoMUJmRHhNdVZRdE1WS2RfZ2oyZEJQdjBZSGxONl9DUTdUZl9DZzZMOGpFY1dhc3lqTFZFWGRVclF0LWxkS000bFVNRzNac1QtbTRTSXZDOGk1YmhrWHFFdTQ1LUFwalVuWDVFZVRTVy1KOGFnNzM5YW1fX29HUDJmVmdxUXFCYWJfOUpvZjBDVFBPaHNRdk9ZRkJsM2ZUNXY0SWFfM3pDTWdHWEVBZFlQcUnSAbwBQVVfeXFMTWNGOGQ0enRwcThMbWxJeC12b00weGhNMzZaZzdnSHhDWkFIblhNRzJ4b3dnOGJCZ21MQlpMR2ZKdGlucjVjdlBnVWNLWmlPZGpCZ0JPMlYtRm1La2VKZVFrVWxmUnJmMUVFSXhKMjBJRkFJdzczbkdKb1V5RVlfRHBmbUZZQW96Y1pSZEJkWmJCUWExRDJmRHdSYTF1SlFoTHFRNTRQT3otRDM3UWlBbTNjSUVWaU0wejFQNFU?oc=5,Free Press Journal,"Wed, 22 Apr 2026 07:00:00 GMT",2026-06-14T20:32:08.598341,cyber_fraud,True,False,candidate,https://www.freepressjournal.in/education/mizoram-board-to-release-mbse-hslc-result-2026-tomorrow-check-details-here
online fraud Mizoram,Mizoram Land Revenue Act and Settlement Certificate: Everything You Need to Know - SarkariYojnaa,https://news.google.com/rss/articles/CBMiYEFVX3lxTE5QMlJfb1dTNm9VLXRaMlIxODM3c3BfcDRObWw1QTlnNi0xWUNqRGRIRVdmTnM5bk5uOFBhR00xSkFRbFkxaW5xX0NHbmt5SmotOXRvMzVSQ3FMZXRmZ2h3Uw?oc=5,SarkariYojnaa,"Fri, 20 Oct 2023 07:00:00 GMT",2026-06-14T20:32:08.598354,cyber_fraud,True,False,candidate,https://www.sarkariyojnaa.com/mizoram-land-records/
digital fraud Mizoram,"Timely investigation thwarted major ginger subsidy scam in Mizoram, says minister - ThePrint",https://news.google.com/rss/articles/CBMitgFBVV95cUxPckRfLW5CWE1CZXZsVVlBaVBiVTEtQ2ZhY3BxV1hxLWQ4NEtXRzYwQkltdF9xT0FpdWo4eVFwbUstbXplS2o0Z29VQ3lMNWhhajNrVXMwMXl6RklsSWZBSFlIV2F1Yl84TElJRXNzTDFmd3FuMlctcDQ1MzNWM2VHSl9tZGtwSm5scUlZdXlKRFQtcng5THNsWlFrQkpTQjQtOThOQVR5R253ckdxNGQ0T2lhckxxQdIBuwFBVV95cUxNellGaUUtWEVhVXBHSUNpRktyTUpCTlFRTGZYRm02Z3plUWtqcTM2N2JOWHRsMjVQZUZNNUpSM0IzUnZIbU5qYk5vMjBOcHZMdUFBbjF2Z212RTU4bkhoMTlDYm5nR3RGR0Nnb2lQV2lNV0ZqSGhiX0phSjFvNzhvc1B1REVNY3g1MDl0M21scWNLNUxYWXNQVXZaZFFLQkVnOGh6X0w3ZjlOUThJU2RCQnM5ZGgyRG44UFdF?oc=5,ThePrint,"Wed, 18 Feb 2026 08:00:00 GMT",2026-06-14T20:32:10.578104,cyber_fraud,True,False,candidate,https://theprint.in/india/timely-investigation-thwarted-major-ginger-subsidy-scam-in-mizoram-says-minister/2857753/
digital fraud Mizoram,Mizoram: MFA launches initiative to address age fraud in football - NENow.in,https://news.google.com/rss/articles/CBMikAFBVV95cUxPMnMxeUh1ci04WlNsRzFRVWVNR3JVSVBhY2JMOFpFTmxxLXdPQjU5WEd4MlBHTU9nMkQ1bjBGUXlFbmxuOVFlRFN6SmM0MGtDZmJRSjNwM0hNMm9qLXphQVdLQy11MWEyNDlFZmk5d2JxQmIwSGRDcHNZUEtmcVpXQ3J6cFVnalJ3WEx4cDM5MELSAZABQVVfeXFMTUVoUHBlQWtrYkRYdmNHNW5OS1AxVGxaamY2OWVFdlcybER4MUJIR2diWGVBT21LdWN1VHltbzE3WlY3dDBVQ2FTc0RPM1o2bzRDUGRESUozZjFsZ3M5a2ZwVENyM0U5N2wtLUdZcS1wa1BTWXpfSFRxcXdmU0V1OVg0UzIwcklKa3BoeGpYeTlL?oc=5,NENow.in,"Tue, 25 Jun 2024 07:00:00 GMT",2026-06-14T20:32:10.578178,cyber_fraud,True,False,candidate,https://nenow.in/north-east-news/mizoram/mizoram-mfa-initiative-age-fraud-football.html
digital fraud Mizoram,Mizoram hosts workshop to boost digital inclusivity - The Times of India,https://news.google.com/rss/articles/CBMixgFBVV95cUxQdzBZcVU3RnpZN1dfMGVlYVBfWWtkR2FxVzVrM1NOQzJwWjIwbkkwU1FsTUpGeVBsVkxJUnl2OFl2NmdSejRIN2U2RGpTQXR1bUpXU3A5b3VKNzJ2T2ZMMC1ZOHNIV1pKS1Viam5KcWdXUXBIZEZ3bWt6S1R3dl9WNHZUVzdURTZWLTFyZ0ZBdW5oeHc3YVlMb1g4emYxV19RSXpKWnhsRXlXczRWZVpEVHY3M3dhZGpHNXFhbnRPSWFadkc4NVHSAcsBQVVfeXFMTXVqeTNrNUpzYUhXSFJyUUo3UHFSVnJ1cDdWbzNMdzVJZEN3SkZRTDV4d2xLSmlLQVkwNkxDbGEwNnhNa01kbXdNRGRaT0YtbDZGbFl6OWQ2Sm5qSi1hdmlnVEJjc3RyQ0ctalJvQm5IR0diWUZxOEdZQkt5ZXpNaHNrdG5QcnpTemhCeXpGdlhQTEFwNm5jLVdjc2ZiUDdvQmo0dFFBNFpHTjVZZVBPcjNnc0w3VlFRWVVKWEtnY3FsVWtDMnFtV2Ewbnc?oc=5,The Times of India,"Fri, 12 Sep 2025 07:00:00 GMT",2026-06-14T20:32:10.578202,cyber_fraud,True,False,candidate,https://timesofindia.indiatimes.com/city/guwahati/mizoram-hosts-workshop-to-boost-digital-inclusivity/articleshow/123854368.cms
digital fraud Mizoram,Mizoram implements e-office in 41 depts; districts rollout next - The Assam Tribune,https://news.google.com/rss/articles/CBMiqgFBVV95cUxORFhkMFZEYWZfeUc0VXdrZUZBektyQkpVRDRPemFXdnV0UmE1bFBoWnVlMXdwRE9EVnBSY1k2VXdhcFFUYlZxUjItMjk2X2dJbFR5WGNhTU43NGVUVk5wMEp4MGk2YTNabVI4djZEbHFrZ1EzN2pZWHpBY09aNVY5eV9MWlBTcjl6LWJYNDNkelE0MDVOeEZmUlFYbnh3UjBkY2EyMTJWb2JjQdIBrwFBVV95cUxPTVlBek5yckNWZjR2MktuMUl2eU4tZWdsZnJNVkRhVDM2UkFqUkJxM0tPZzhINHVnZjZLTzZhbHExX1BCcU5jUWxSQk1yeEFIall1N1Q5aDYzOVRsNnF3UmRVRE94N0Vodm56WHljWGprcTJqSVF6alZjdW5WdUJnMzg2Tnl0Rk1XX1d3YXM2VWtCQXdWLVhLM0F2ZGxNYnJSZWFNOExkYXlzRmliTWln?oc=5,The Assam Tribune,"Wed, 25 Jun 2025 07:00:00 GMT",2026-06-14T20:32:10.578213,cyber_fraud,True,False,candidate,https://assamtribune.com/north-east/mizoram-implements-e-office-in-41-depts-districts-rollout-next-1582403
digital fraud Mizoram,Digital leap for Mizoram farmers: Smartphones and scientific modules rolled out in state - India Today NE,https://news.google.com/rss/articles/CBMi4gFBVV95cUxNUXQxM3V2S3AyeTRYSUlER2dCVmhKS0ZOemxGNldaU2JCZk5YM0dSXy15MGVuN3lKQllFSTg0OXk4ZG1qRnBHTDJfaUJVRHVkUnZ4Z3FobWJ6RFlxYU1FRjA1OFpWc3M5ZW9BcGxFb2R0eXNmdndQbHlVazlWaXEwZ1NTaklQMVgzTFVpQURtSlN5SnhRZ3ZMTW5aM2JJR3BLY1ZTc2JNaVZ5Wld0SUpqYkFFRk5sNzJ4M0lqMmx5QUdBVklwNzBsMHJ3SHhPNXh3RE1KSzBrLWhZb3p2Q2taektB0gHnAUFVX3lxTE94YXp4ZEVlUVozVFFDUjdwWEpJOUtLbzQzM1VvcWt1ZjZfZnVzVmw5SEhNNE9WUHRqWW5rSzM3R3V4d3ZVbzFpalpPcFhXbGRtYnR3MmtjdzVMU3ZmUFRYdFBvZVpTbzJ5TlpMUkJVLUVfRnY2NGlDcjRXekh3Z2NzdUp1NkVUbF9rblo1ME83dWhnQmJnaGtMOUl5WFBreVJUWDAzcW5tUXo5VUtyaGE0eWxhbEtPTTJfNUwxU3VKVGZnWUtqdmlza2xKeWxNMWNPTURwejR4ZXVJTjBwVm81UkptX1FiYw?oc=5,India Today NE,"Mon, 07 Jul 2025 07:00:00 GMT",2026-06-14T20:32:10.578225,cyber_fraud,True,False,candidate,https://www.indiatodayne.in/mizoram/story/digital-leap-for-mizoram-farmers-smartphones-and-scientific-modules-rolled-out-in-state-1241000-2025-07-07
digital fraud Mizoram,Mizoram activist calls for probe into ginger fund ‘embezzlement’ - The Times of India,https://news.google.com/rss/articles/CBMi1AFBVV95cUxNOThCcVluZ0xON2dJb1RuMlEtWjRWQ0ktOXlkN0RtNHo1XzlwWmt3dHdYX1RjcXNMc1A5T3l1YzlXMXJMcDNESHVaMXpDOFJCV0UycG1lallDUHRYRl8wRE9zQmdzRmJUUHhySTVDTDFjXzRMV3JYbGJFeWFMcUFjOEVsU1I5enJhZ3BnNHZXT19rSU9Fal81clNxazViVy00R3dsXzNaT0RUMmtBREpKVTNlUzB3MGhUUzRjVlFJU2I0UGpmcjNFLTlSRUpuTHo4S1kwTdIB2gFBVV95cUxPTmRSVmozYXpLY2x1Tk1NeUpSNjlfSXYtQ0xRRVFGR0pzSko3eUFnRHloZHQzelhBczdaMEc1VGwyejZpRHJaVzFuZTJJVTZaLU5JQlpGTndYbExxTk5zNGpPb1l2VzJqUlFZMU1jVVA0Zm9TSmhQTk9ycjk5VEQybWljVnp3MVVQMFFMa1BLZkVRTnBhVkhiYUpfTUxNU0hwRzN6VnRvS012UU5PNHFueVlXSjZmUGtoRXZZUmFfYWV0cXBUd3FUUWQ2VWZVeUVDYUZXR2RYVnpQdw?oc=5,The Times of India,"Thu, 16 Oct 2025 07:00:00 GMT",2026-06-14T20:32:10.578282,cyber_fraud,True,False,candidate,https://timesofindia.indiatimes.com/city/guwahati/mizoram-activist-calls-for-probe-into-ginger-fund-embezzlement/articleshow/124611462.cms
digital fraud Mizoram,ED files charge sheet in Aizawl over multi-crore fraudulent vehicle loan scam ​ - thehawk.in,https://news.google.com/rss/articles/CBMisAFBVV95cUxQbzI3MlFvN1hINkVpSThIcnpBaUJGd3BpclQ4SklUOWVBbXl3NDFndll1SWRBcG5LSldWY3pfNEJucS1WQW8yVmF0T2Rkckt0R3ZVZE5raUlGSEE2S1VfZFREcklwaEJmNXZFdVgwOWFZbl83TG5kbjdVenV6TXFnMUVJX1ZEYVg0NzR5N192VlZlWWRodGpybDhtTVVrVnBfVTN4b3BPZkEtcFp3NUxmYg?oc=5,thehawk.in,"Thu, 30 Apr 2026 07:00:00 GMT",2026-06-14T20:32:10.578352,cyber_fraud,True,False,candidate,https://www.thehawk.in/news/india/ed-files-charge-sheet-in-aizawl-over-multi-crore-fraudulent-vehicle-loan-scam
digital fraud Mizoram,"ED files charge sheet in Aizawl over multi-crore-rupee vehicle loan scam - The Sentinel - of this Land, for its People",https://news.google.com/rss/articles/CBMi0wFBVV95cUxNeWtPNUtxVG5TOUdQOUctclFiUXVnZWZLVTA5cDN0cTg3TkVYZnpVdFB6WXQ1SVVWc3kxeWppejQ2eTJIbXpyNUZVUS1VeHhwS05FMWtDaFhtTFlSSTNpT0ZSOXpGeHhFQmV4dmFUakFWNnlNRllQZ3FINWNNdlBCU3dYdkRaZW0xTjNjOWpqMV9ncXlSRmo3WkZlQV9waVdSelF4eG5zRzVZdXdkVkR6bkE2ZUJyWUFyUmJYNW5VMUpLV2g3STRjS2dYMnJPOWRac0pn0gHgAUFVX3lxTE1ZY1RIM2M0aUVHU3JWVHlGM29lSXlxN3NfdmU5ajFBYVVZLUZHSktIMHhQVHJmWmNQa3ZGOUhfVHdTaVRrVnRldWpYcUVQUmNLM2pPYlhOQWZ3Q2Z0RVRRSnhMSFFfSm9CNHNTT29vaGpvV1FGeTM4cDJBS1E3TEVfYWVrZFgyQTRpN2hzVXotNWRRdTVDcGUyMzljSVFFT2VUcEhxaWdDaS1lSXpIQ0U2NmlnQTlfNGVLRGJWQmtZOXhISXF3VlNrbnpEU2p0WG1aaEowOWJtWXpwV0txbVJn?oc=5,"The Sentinel - of this Land, for its People","Sat, 02 May 2026 07:00:00 GMT",2026-06-14T20:32:10.578364,cyber_fraud,True,False,candidate,https://www.sentinelassam.com/north-east-india-news/mizoram-news/ed-files-charge-sheet-in-aizawl-over-multi-crore-rupee-vehicle-loan-scam
digital fraud Mizoram,"ED Files First Charge Sheet in Mizoram Over Rs 3.41 Crore Government Subsidy Fraud - The Sentinel - of this Land, for its People",https://news.google.com/rss/articles/CBMi3wFBVV95cUxNS1JuVm51Zlpkb3VqU1V5cE5DekI0WDhVcDFoVTlLQnpHcndTaGtWZjVCVG9jRFd6Ql9PZHN1dk1Id3J1SmxTZjl3ZHd4UEN0bERxVWZxV2c0Vk4xanc1QWo1YTQ1dm81ZW9fZFJ1WmhmWlBWU191T1hGRTBScy1wcnBJVXl6WURDbkJGQkZxWkZtaFpQdm13MW5ZanllTnMwQVFDRkhJZ2ppal85WWpjdWM1ZFB6Ty00Z0x6eFp4Sm94RktPMHNfdWpTZi1kLVlWaDBFR25qNlZQd2hEQmpR0gHsAUFVX3lxTE0zTVU4bWQySS1BWTcxbzMxaWpUX21yNkhDR3B0ZnR1R2dSVXJiRUZVbDZXT2ZfSlZ5a1lqekc5UkhNWll1N2V0aVNBd2E4a19mWUpuaUtqWlJmUy1ua2dtYjZ2RnY3WS1PaUpaWldNak8yVmg1VXFhOUJvYzVuYWdHNy1uc0t2d2ZEUlROYms5YldVSWFCSFc2ZHNXRkxydlJ3cmRtVEwzOEJRUmVWa2pkUHFGVVhLYl8zRG82bUhSNG1RX1hDTEdLZ1VqVlp0azRjUTdqMXpFck5kOFJiRk05TUZiMXhHYWJFUjlY?oc=5,"The Sentinel - of this Land, for its People","Wed, 01 Apr 2026 07:00:00 GMT",2026-06-14T20:32:10.578376,cyber_fraud,True,False,candidate,https://www.sentinelassam.com/north-east-india-news/mizoram-news/ed-files-first-charge-sheet-in-mizoram-over-rs-341-crore-government-subsidy-fraud
digital fraud Mizoram,"Mizoram: Car loan fraud worth Rs 150 cr busted, 11 arrested - Northeast Live",https://news.google.com/rss/articles/CBMipwFBVV95cUxOMG91SC1obHFFQ2pham1fa2h5M1I0SlpOUFFVdi1rRXYxdVFJdXlEMFdSbXpzNUk4WFAzWnljeERZVUJ1NDNKalRFMENsTzV5Q3ZwaHlwZDg3QjFHODBxS29VaWpXY2FPZEwtU0k5dlp6WlZUY2lGSGxRVXlJN05fUWdkTHlrRHJIUkZzTUVwWm1kOWhQWWtWMzN0cXdKd2lTY3R3N2Q2UQ?oc=5,Northeast Live,"Fri, 26 Apr 2024 07:00:00 GMT",2026-06-14T20:32:10.578417,cyber_fraud,True,False,candidate,https://northeastlivetv.com/around-ne/mizoram/mizoram-car-loan-fraud-worth-rs-150-cr-busted-11-arrested/
digital fraud Mizoram,IAS Amit Sharma Spotlights Mizoram’s Cybersecurity Advancements at DSCI Event - Indianmasterminds,https://news.google.com/rss/articles/CBMiuwFBVV95cUxQbGhjcUtyQVg5bHVDV25jZ2RVNDFEaWVCRWsyR1cwZ29mc1hBZFllSUQ4Z242TXlVaFg0VGVnNUFUb1pPdERpdHJCV3NZZFdQZF9LTmFIblhCSXJIZ1lxUDhHTDlJOVpBSWJYMmU2UGpVQ2RvZDctMzRoVmduaklTTmlTN3NnM2JPa0RHcUtmT096UmVmOThCTU4zb0FkSzJsMVhDWElaU3R6X3ZhNVljNFFQU1FXblY5Uy1N?oc=5,Indianmasterminds,"Sun, 08 Dec 2024 05:18:50 GMT",2026-06-14T20:32:10.578619,cyber_fraud,True,False,candidate,https://indianmasterminds.com/news/ias-amit-sharma-spotlights-mizorams-cybersecurity-advancements-at-dsci-event-101488/
upi fraud Mizoram,GST payment facility through UPI and credit/debit cards is now also available in Mizoram; Total 24 States/UTs available - A2Z Taxcorp LLP,https://news.google.com/rss/articles/CBMi2gFBVV95cUxNTERhRDFjUUtXOC1INXdaaVl1UmFualBhSDdkWUJrUjlHQmNaaEdWRUx5OVBNcDFKLVFnbjEzMHBURHY4TXVDQXNiSTZTcm9JUU01b1dLUzBKNXMzTml0bFlOalZ6Z1NjWWVyVlJoSlNuMk9JNnk5NFF6dThiLTBlS25DY3FCUkhLZlpaY3RNSGVRdXlnUHhlZm5XbGJaT3BmejNjTGtTVTNhUG5YeDhLZHppY2xnbVNpRHRkd0hHMzVrUDNJWjZYT25uTUdLcTR5MzdWcUJ3NW5EZw?oc=5,A2Z Taxcorp LLP,"Thu, 04 Sep 2025 07:00:00 GMT",2026-06-14T20:32:12.054788,upi_fraud,True,False,candidate,https://news.google.com/rss/articles/CBMi2gFBVV95cUxNTERhRDFjUUtXOC1INXdaaVl1UmFualBhSDdkWUJrUjlHQmNaaEdWRUx5OVBNcDFKLVFnbjEzMHBURHY4TXVDQXNiSTZTcm9JUU01b1dLUzBKNXMzTml0bFlOalZ6Z1NjWWVyVlJoSlNuMk9JNnk5NFF6dThiLTBlS25DY3FCUkhLZlpaY3RNSGVRdXlnUHhlZm5XbGJaT3BmejNjTGtTVTNhUG5YeDhLZHppY2xnbVNpRHRkd0hHMzVrUDNJWjZYT25uTUdLcTR5MzdWcUJ3NW5EZw?oc=5&hl=en-IN&gl=IN&ceid=IN:en
upi scam Mizoram,When reels rewrite reality: Mizoram’s unease with ‘viral tourism’ - EastMojo,https://news.google.com/rss/articles/CBMipAFBVV95cUxORWxuM1prbEplNXliYk1IMTljdWh6NHBqclNESFRFcGpmMW9QM19HTlZfUGZWb2hPQmItSUFjZUtBTWdmQXJ5azJZcnlkN19oQkZCSlVIWXRSRWZjbkFNZjJMVUtHTm0tNzZKaWtuaWcyWjhmTmo4MTdRWmlpYl9xQVp6ZXdnWnYwSzFLT2IwYmdnb21MZC1tWWMwQjhsMlhBUVh2Tg?oc=5,EastMojo,"Fri, 09 Jan 2026 08:00:00 GMT",2026-06-14T20:32:14.371753,upi_fraud,True,False,candidate,https://eastmojo.com/premium/2026/01/09/when-reels-rewrite-reality-mizorams-unease-with-viral-tourism/
upi scam Mizoram,Mizoram man uses QR code to steal money from petrol pump. What happened next? | India News - Hindustan Times,https://news.google.com/rss/articles/CBMi0AFBVV95cUxQTmRBd1pjOHBjYUt0dm1XYnZmaFdHMkJGRzdnSnEwQUVrUkVaRjB5c2lJamlpUzVGeENiOHV1MENLTE04ZnRrS2luMEhndnhwWk8yVW1kU2dfSWxjZUxGODE5Y2VSenZiMzBCLTg5SS1UVktzTktiY3JmUDNqZldOTEpZWWN1SVkzZmZJNHFSMkN4T05VaEIwV0p1T2ZtVzhqNDBnYVRGNVhxdWIxdkNqZWVKVlowaG5Fa2pNZEhZSnBnaUlsdWJraUFRRmlUd2Jv0gHWAUFVX3lxTE1mSThKaWZxMXBqWmt3eHlKNnV3LTA3QkZaZnhrdXI0V1lxT2JVZWx2anRya2pubkJCY243MlNGRjFUUTZBbGoxMWV6YXpULW8wQlk5R282dVBmclhuRmpkWEVuYlJVZkdXTkJhWVBjQTFZc0ZxUkVJMk5MMWt5Z245bWdoRHpScFE3c3VCWm5iNDVmc2tfVnY0SloyTTRYbmxIY2NNQklZZGtodldOb1lNOEt1Mml1WnV4Nk12VTRaMmJfMVIwaHIxblo5S1ZuNXk1OGp6T1E?oc=5,Hindustan Times,"Sun, 10 Nov 2024 08:00:00 GMT",2026-06-14T20:32:14.371789,upi_fraud,True,False,candidate,https://www.hindustantimes.com/india-news/mizoram-man-attempts-to-steal-by-replacing-petrol-pumps-qr-code-arrested-101731247878661.html
upi scam Mizoram,"140 exotic animals & birds seized in Mizoram, 3 held - The Times of India",https://news.google.com/rss/articles/CBMiwgFBVV95cUxPQkdaNWQ2SHBGbHBPTy1vM1BPc2lpRUh4b0pqd0w0Z1hxbmdqMW5rVjNXVjI0VXhHMnZNRDd2MHd6c29sMVRZM1d2LXVONkNIYjFnSGJvd1VPVHUya2J5MmM5aWNmQjdrTFYzSGFMV3pzb29tcjZFUGRFTldkTmxrNDhpRldxa1J2Uzh1QmQ0LU9yQ2ZqNXRvLUhDcGN3alpkNXJKbVd3cE1mNGRLOTJqXzdWYnJnck5JQTUyQjhPYS1md9IBxwFBVV95cUxQRHhOMU1rOUcwdWtiN3Q0MlJEay1hMmZrWUtxN2JzZVczOHZCcE9keFZ5dkZmZEhXUFdIRV9FMkJ6NXpVSFBJQ2hEWTJUWVB2eWY4THd1Z0VIbi1DMDBkZm1OaTRodlEyNldDa1F0c3d3X1dSZFlHMUstV0ZCZjNteU5PY0VzclRqOFBjb1V0WXdRei03cDhOVEw2dEJ5dnFxUzRGanE3M1NGMDBnN1BQdUpjaVJ1WDdlcUFkekRSSHB2WjFyN0ZF?oc=5,The Times of India,"Sun, 16 Oct 2022 07:00:00 GMT",2026-06-14T20:32:14.371802,upi_fraud,True,False,candidate,https://timesofindia.indiatimes.com/city/guwahati/140-exotic-animals-birds-seized-in-mizoram-3-held/articleshow/94889568.cms
upi scam Mizoram,Foreigners entering Myanmar via Mizoram to train rebels: CM - The Times of India,https://news.google.com/rss/articles/CBMixAFBVV95cUxNSU5JalN4NmUtZkphWkJ2OEg2QzFDV002RTNQUF9jUjBySUxWYzEwUnd0UVY1aXU4b19jQk9yYnY3RlVFMGpMMGpsNEF1MDFZRGhOaEhVUVdvM09SWTZ3eWVhZzVYRDhHRWFfekpuSHl1Rl9QdTRuak94aWt5NUlGWlktMUlLNW51d0dOeWo3MGlRc0dHcy16dE53N0FZRlVMUkdaT05rSDBWV0RPSzlRVE9HVTYyOUhqZ0c4R3RqSFYwcUpl0gHKAUFVX3lxTE4xYkJtaGluTjgxOXJnLVpzakFNMktpR0o5T000STFtaFlEUlVLb1NxWERNVmNXZG9Rc2U1X1VBS0JFbmhJUkN4cG95dWVOd0xuVUhVbWFSbnk3UnhIWXFkcnpERURObWY2cjFqVHUwZjJURFhWS2xFeEtyc3gtZXRvQVFjWkFJMFpLbTlpQURqdlE3c3BUalExNHNER0tudnN0eF9wOFRldERZaWJucHBSbDh6emJ5QmFhdFJpTU52RWd2M1ZfM05vLXc?oc=5,The Times of India,"Tue, 11 Mar 2025 07:00:00 GMT",2026-06-14T20:32:14.371826,upi_fraud,True,False,candidate,https://timesofindia.indiatimes.com/india/foreigners-entering-myanmar-via-mizoram-to-train-rebels-cm/articleshow/118861275.cms
upi scam Mizoram,MHA transfers IPS couple to Mizoram from Goa - The Times of India,https://news.google.com/rss/articles/CBMitAFBVV95cUxPNk1wY1dWVUp4aDQ4cmRtZWtGdHlqY0JfRDJuZkdGY2xKTU83bXRNYlcwcEl2Zm02SWJvaG9xQ2tsRG1jZUxvcUlqMXNkQTFYTlg5ZnVWQk1qOUY2Ym1FcFVnTk5zUGdjR0hkb3dJVHlqZ1pqYmRzSTdlZ1NCcWY3dFdRMDJzNUlkU0o1U2VrQkdNUlJfWXh4UGNLcDNUNlRrTUd3X2MzbDhKaW11ckdnVV9lcTDSAboBQVVfeXFMUHMwZHlUTkNWQTFoa1pnWEJudmx0QU56WEt5T3FzT1lvV0FScXVybTBGWDFVZkhIMmFBdEJkaVJPR0plNVFldnFVTm1zN1pwZUhKWWEwclFiZXRhYU1vZVVRMEZnZnl4bjFVZVEzcmVaSkM2a3IwOXcweVhndnlZZU9Zd0gwbWo4aVVZU0lraDNEWks2eUUwQUt5cTN6TFhZVjRtU2Fsc0Z6d19PckVCUjJRQ08wRDJoN19B?oc=5,The Times of India,"Fri, 11 Jan 2019 08:00:00 GMT",2026-06-14T20:32:14.371867,upi_fraud,True,False,candidate,https://timesofindia.indiatimes.com/city/goa/mha-transfers-ips-couple-to-mizoram-from-goa/articleshow/67492251.cms
payment app scam Mizoram,"16 Mizoram Convicts Try A 'Shawshank Redemption', 13 Re-Arrested - NDTV",https://news.google.com/rss/articles/CBMitgFBVV95cUxQbGRoV3A5dmx6Sm1YZloyN3ZMVFN4Y2lqRlQ1VmZ0WHhYUHNRaUVUTVRmaUI1UDE4aFRmYllPYkpNU2t3dzZzUVJnNU5ieVV1ZFZXdlFoal9DeXZqMTJsdlFXXzlDOEVGZjFFdVZRYTJac3cyeGZTeExNakFjMkdDRU50TzdWU1B1NDlxYkFFNE9STi1LSGxXSE0xX3R2WFNjcHRFWUdwOW9rVjhYVHJEMWUyWlhzZ9IBvgFBVV95cUxQZGxHbnAtSGZUWUI2S1haY291blhKX0hTX1RKd1YxZmdzUFBJQVFHcnZnaXFWT0NmVkhHVzNhbFlnTnBObXdlSWx1V3VnSFB6SFlVX1FreWlRR2tCVlBKWXFSTE05WWdoSlZUd2dMdGtEQnY1YUpIWUFoaUsyQmlfdFQ0aFlBTC1HeUV1NW1ZV0pMRzBDMUlxSWtjX2dGRmlHeFVmdkNzaDB2NzlGMGU0cGN4ekJWUGpfT0tBYXp3?oc=5,NDTV,"Fri, 01 May 2026 07:00:00 GMT",2026-06-14T20:32:18.042489,upi_fraud,True,False,candidate,https://news.google.com/rss/articles/CBMitgFBVV95cUxQbGRoV3A5dmx6Sm1YZloyN3ZMVFN4Y2lqRlQ1VmZ0WHhYUHNRaUVUTVRmaUI1UDE4aFRmYllPYkpNU2t3dzZzUVJnNU5ieVV1ZFZXdlFoal9DeXZqMTJsdlFXXzlDOEVGZjFFdVZRYTJac3cyeGZTeExNakFjMkdDRU50TzdWU1B1NDlxYkFFNE9STi1LSGxXSE0xX3R2WFNjcHRFWUdwOW9rVjhYVHJEMWUyWlhzZ9IBvgFBVV95cUxQZGxHbnAtSGZUWUI2S1haY291blhKX0hTX1RKd1YxZmdzUFBJQVFHcnZnaXFWT0NmVkhHVzNhbFlnTnBObXdlSWx1V3VnSFB6SFlVX1FreWlRR2tCVlBKWXFSTE05WWdoSlZUd2dMdGtEQnY1YUpIWUFoaUsyQmlfdFQ0aFlBTC1HeUV1NW1ZV0pMRzBDMUlxSWtjX2dGRmlHeFVmdkNzaDB2NzlGMGU0cGN4ekJWUGpfT0tBYXp3?oc=5&hl=en-IN&gl=IN&ceid=IN:en
payment app scam Mizoram,Mizoram schools’ org slams edu board over removal of merit lists - The Times of India,https://news.google.com/rss/articles/CBMi1gFBVV95cUxPVFo3NTFHNUtLMVJPa0UtU0dqdHBGeHlwbGw2eVRhdW1yQ29YZEFOX1Y4WGV2UWNZUk80cGJ0alRydGJJN1N1ZTJiOVkwVWhBVDBMTmcyQ1I4aTBmVUJQemRjeUdrYXVWbHVXU1dlTW1KaXdaR2p0WC1sMk85LU5wOTBodnJOMF80YUQ4R19OTXJndW1zTGdnV0ZnbUVRMmVaNkRfMXd2ZFBKckJJTVF0eUxOTXhRbno1QXNheFVNaktScVkzWGoyUlV5V2JwUFJ0eHl3c09n0gHbAUFVX3lxTE9aVHpseDN4cGM2WWwzUVJDWUtpR1Ytcm9pNUNlcVlfNk9LNlU1QzFhX0d2bk0yMThLU3d3TUNzWkdtUEVzSjJZdUJreS1rc01BTlYtMDduS015eGR4YmlKYTJvX1pwNE1HUjdpMHRFcURMTUJqaVFUWERUemwxbHN3ZW1KY2ZPSER0aU15N2p5em1Nang1NDN1c0tlb2hBOU1rRWh2dm9JUlNvNlB5TTAtdnhORUdONExDY1BKSHVBb0FDU0xINHc0LS0xTFhsLWI5QjM4dkFFLWJkcw?oc=5,The Times of India,"Sun, 10 May 2026 07:00:00 GMT",2026-06-14T20:32:18.042548,upi_fraud,True,False,candidate,https://timesofindia.indiatimes.com/city/guwahati/mizoram-schools-org-slams-edu-board-over-removal-of-merit-lists/articleshow/130997897.cms
payment app scam Mizoram,"ECI urges vigilance against illegal migrants, fraud during electoral roll revision in Mizoram - MSN",https://news.google.com/rss/articles/CBMi7wJBVV95cUxOV1I5OVBFakNpZzIweWg0aXdUbm54Ujl3QjdySzR4ZzJMVzdJMk5sZEowUk1HS0xRWTFmTnZrbHFNelZ6M3dLTUJRYXVZdk90bTNSLTlaTWt4NDlHMjVwd000b1RkVHpQZFZoRE4tNEtrYTdCSDBkOXRGTm5GUzlsR2JFZjY0S05JWVhwTXZleG42RHhXQzBUNGJQTW5aV3R2X0VSYUNnc2poeE45aWpRaFlFNVBYdEV0cVVad0NOWDFoM0Q3RVhKSVNjTG0ySDJLRU1ZY0Z5c1djQ2x4OWVhaVB0S0x3NUpMckJSdjlzZnVYUEpOTW54MDh0RFdpSlZ1SEQ3STg4bUJzTHR1amkxSDhiLWFINGpvUjlTYWtPOTdqMzFySnVLWkQzcko3UFp2MmVQa2VqdDF6Uk5Pcnh1bHB2bjRkYWFuTmxmanFlVWIxWENHWXppSW83M3pnREg0QVdPNG1wQ2poajlFb1NN?oc=5,MSN,"Thu, 11 Jun 2026 07:48:03 GMT",2026-06-14T20:32:18.042668,upi_fraud,True,False,candidate,https://www.msn.com/en-in/news/India/eci-urges-vigilance-against-illegal-migrants-fraud-during-electoral-roll-revision-in-mizoram/ar-AA257zn5?apiversion=v2&domshim=1&noservercache=1&noservertelemetry=1&batchservertelemetry=1&renderwebcomponents=1&wcseo=1
payment app scam Mizoram,"17 convicts released from Mizoram jail using fake court orders, two arrested - Northeast News - Northeast India news 24×7 -",https://news.google.com/rss/articles/CBMirAFBVV95cUxPTE9jbjFIQ0ZLS0huS0NXVjY0aTJjb1BhYl9LdXh1dUU2b2Etc3FwczNmZ0lrdUhyTnFUb2VaY3p3ckdSVWlneFVoVzE4bThjaE1oc0R3Nms1M2d6YzlZeGxPTm9oMkNmdFllODNsQllFaF9FdTU1aU03VVJiVFVIUEdoZGFfWEpQam02VEJfd3dIeGE1MndUQnlPclY5NnpBS0RGY1BLQm80bU90?oc=5,Northeast News - Northeast India news 24×7 -,"Sat, 09 May 2026 07:00:00 GMT",2026-06-14T20:32:18.042706,upi_fraud,True,False,candidate,https://nenews.in/mizoram/17-convicts-released-from-mizoram-jail-using-fake-court-orders-two-arrested/50276/
collect request scam Mizoram,MoF: Mizoram’s June GST collection drops by 29% - The Times of India,https://news.google.com/rss/articles/CBMivAFBVV95cUxPOVg0aDdISl9saEV1QW10V2hYWGhSendmOVRDSjNfOVFiRkxoLV9nSk9lN1V4RTUzT2VOR1JNQkZsLW9yZ1ZOckRfUVI3NTlhYzFHdUYtQlFCU2UyOVRxeVRfeUtOYU0yLTBVWE92c01RNVYzbTVrOHBqNDJUX0k0WXNidjgwSW5uSEZpLXhXcEp2YXA4YzRDZGI1c0Izd0xiSkZjMU5HTEFWajlxYm5tRHU0YVZDS19FZFEyZtIBwgFBVV95cUxOcWsyWF8yTGRSNjdBUkZpOFJacGpBelhnT3MtaTNCWS0yRkdUcnlaNkl0M1RWcnBtaXFOMHJUcHBkYS1lNC1NSDNBYldOOEh1dEFMay14WUljc1VodFh5a0t5cWUtbnJYSlRuLXNFVnJoMHJJMFZYX1I3MEJRYk1NakdRQ2pnaWk2VllsaGdNa3RiZ0l2dDFYQ0JrbVdhSWQ5b0hKRmZ6TENQanRjQ1pQcFdWclJKNWh4M1IwMmJvZGJnZw?oc=5,The Times of India,"Thu, 03 Jul 2025 07:00:00 GMT",2026-06-14T20:32:21.393195,upi_fraud,True,False,candidate,https://timesofindia.indiatimes.com/city/guwahati/mof-mizorams-june-gst-collection-drops-by-29/articleshow/122233802.cms
collect request scam Mizoram,Mizoram police unearths mutual fund scam - The Assam Tribune,https://news.google.com/rss/articles/CBMic0FVX3lxTFAwSXh3SjNaSXFvdllIc0lpVlFPbl9rdi1ZaE1VTEFWMjhYYmUtNVIzc2Q2UXJuTFZfZllWNGxZNVU1UWYtTjhwdmNvTDd0X1lBY3lvUFdRVkt5WHpUMnUzZDJKNFhzTHZ1VkVqN3lfQ2RYOVnSAXhBVV95cUxQSjhmVTlCMXVwM1d1QTZvT2psNF81eTl5czdoV0xFcVdiSHFaLXdXSFJia2dJSkdidnNvb1djU21RQS1xT1FodUU1NmRaVmxidEhZQzdnRTdrOGhtZ0Z0M2ZtNVQ2YnFZMkhpU3FCaTRPS2NrRnJheHc?oc=5,The Assam Tribune,"Tue, 14 Sep 2010 07:00:00 GMT",2026-06-14T20:32:21.393223,upi_fraud,True,False,candidate,https://assamtribune.com/mizoram-police-unearths-mutual-fund-scam
digital payment fraud Mizoram,Mizoram chief secy orders vigilance over fuel distribution - The Times of India,https://news.google.com/rss/articles/CBMizwFBVV95cUxPR3lUVjR2UU95Y2NpdWgwOUZwSFRLdnVRREJodVhJSFVaRXZ6Z3Fld0NadFFhNUhsdE9jV0NZa2JhcHVzdGZnaGZ2dl82MTYtSlZEeXBUSUR4RGEtQ1JDQm5HaThxdHVrSHVEVmhVal9mV3A4WGdrZlhsUDd4MEVhOU1sa3gzZVRHRWhhZWFhMHlJX21SMWdlVUJOdklma0dmbXBVYVo2aHVBc1pLQktzbjJoOUtsX09CVWNKV3N3UjZIWThHN21LSi02UXAtVFnSAdQBQVVfeXFMT3RGRFl1R1N5YkE3XzgwX052cUpzcDRjSWdVdzlsVlhhLWZ2elhEZmU2T3VfVG5EM1U2SmZSUHZtWmxXM3hvMExBTTZmckRmX3M3M3ZHRjJXdHpKV05mWkxUMlpsaGFRWTdlWFg4ZUNTQnBKVV9tcWFIOF8tY2xqT0NxT1hYRUVxY2h5SGV0aHFUTFZvT0F4c3liVW5STlN1ZHNkYk5mTzVkWFpVc3Zfd01yUWF0b0hjdFJhV0JDZ0NOc092cE9nQzBad2poMDU4X19jS0I?oc=5,The Times of India,"Sun, 29 Mar 2026 07:00:00 GMT",2026-06-14T20:32:23.620830,upi_fraud,True,False,candidate,https://timesofindia.indiatimes.com/city/guwahati/mizoram-chief-secy-orders-vigilance-over-fuel-distribution/articleshow/129885979.cms
digital payment fraud Mizoram,"PAP delays lead to illegal fgn entries into Mizoram, says official - The Times of India",https://news.google.com/rss/articles/CBMi2AFBVV95cUxQb2tBcVBwYjNQNjh2QVowVHVCS2wtdjViXzNOOVJtN0ozMWdNY2FHSDMzYS1samNVODh0clU4QnVfck93ZVhMdHUxQkNISTlZUnVwT3psWkxpUC1QM1V6Rm82eFBLdHlzMy02ckk2d2NRdnk1VmpqN1dNVjBSWE4yOTJDUEtnVnFBdDlwUGNudDlnb3Ixd3JNejNKN3BwX3ZHWnJaVXR6bTJLaWhJVkUzSDBXeFIyYlp1eW5XV2tFZ2NxM1Zxd3QyLXF2alo0RTYxcEZjcU90Z0XSAd4BQVVfeXFMT2RfZzFTdF9peVMtZXZxMlBHaC1DZWdIVlRZOThRcGY1dXRyZ0xsbjlBTUlSTVBWblZ0X1J4V1Q1WGFPWjdQU3ZzaTNLaWlPZUwyWlYybGhKWkViYUhqM2Jrc1RmY2VmSTlDTmJIZlpNWEYyRW9iWllySFAyNU5SUUtEX1Z6TllDeEc5R0dNSkRpVl81blNqTnE1b2FOQnR6SXM2VHpaelg3bnp0d3NRNEtvWkxjemg5WXA2UTZYbXRLalhrWUxKVVh5czhwRTdqTFZaSEN6ZDZOa3czM2NR?oc=5,The Times of India,"Sun, 29 Mar 2026 07:00:00 GMT",2026-06-14T20:32:23.620845,upi_fraud,True,False,candidate,https://timesofindia.indiatimes.com/city/guwahati/pap-delays-lead-to-illegal-fgn-entries-into-mizoram-says-official/articleshow/129886148.cms
digital payment fraud Mizoram,"Rs 25cr drugs seized across Mizoram in 7 days, 8 arrested - The Times of India",https://news.google.com/rss/articles/CBMizAFBVV95cUxOa0t4YUxOX2NvczlScXRqYmoxWnZ2Z29qbFZrRTJiRzZYeFFrZjRrSFpTNEdsZmRYWjB6b3Vwbk01R29weGN4T0pvU2k5TTlEQWZOUzBmWTRXUTB6YndZT0szVXlkaWVDSjBkbGVZT0haZXVZaEIwNDIxZVRzRXV1SVRla0p1dkhDcnpJREdMMzg4NHVtLVdabTBSbVlzN3llYWRDV01mTndvZVY4LUJrNFFiNFVkcVRBUG9ra1hkcWVyeDZDZG1OV2dBZWvSAdIBQVVfeXFMTzhSVU1vMDF3X3I2b200ZDlkRk5kQkVHeWYtNUctVmhSdEJwYVFoaXk2TFk5T1ZucVJqTk15VmkxMHUzS1NzQmlWTXJIQ2hhbm15YWYySWZzZjlObVlDQjhTZGRjSnBqTllFSFhxeHFLU1lPdGFaUHhkdWh1UzVXOWdVSndYdjJQWDlnU20tRzBHZkFOeDJTMk1haklRVk1VNEh4MnNlTDN1VzNfek9kSnFUakp1MzFVVFU3TW1SNHMxbEVJZGJkT0NZNng4am5KWFB3?oc=5,The Times of India,"Thu, 02 Apr 2026 07:00:00 GMT",2026-06-14T20:32:23.620860,upi_fraud,True,False,candidate,https://timesofindia.indiatimes.com/city/guwahati/rs-25cr-drugs-seized-across-mizoram-in-7-days-8-arrested/articleshow/129960484.cms
google pay fraud Mizoram,"2000 ghost customers, a fake bank account: ₹150 cr vehicle load fraud in Mizoram | India News - Hindustan Times",https://news.google.com/rss/articles/CBMi1wFBVV95cUxPS0lXdUdWMWxnSEJrRUhvWkIyNzZwQmlCZWJIRVVMUDlJMFhJWVpKeTJtblNjR21Ga0E0NTZ6UVVxVDRqN0RSZnFGd3R4OUVmV3FfaUdPc3FjQWxpSW1ObVhKNU5DQ2U2bkgxTmJQVVZ3SUtNWmUxUnV0OW5BZnY3S3dVemZQSGVhUG9JZkR6d2p6NVV3dTlqMDQwTHZHS2dSbkd5OGNUam5kT1NLOEIyNm9UemVJSThRVEFiNGswcW0tV3EybEhlcEhQN3N0cjNQNnY1cmp0d9IB3AFBVV95cUxNb1ZFVFdVRFJSOXJzN1JrYzhoUnlyTzZEd2lsNUh0QkM1d2hGWXBxZUpYZGtBRnJsUDNlZy14b2FtZUZjVVkzWGZtZ0lVNVVoM25qM1pfaWVQcUNnTWNfSnlHSlVXamRzQml1bFNHU0tMR2RiSUVwRHJadHB4X3ZtWW1PVHA2VDMtcWZQeTZBMmJxMGpvZFhSWDE2WllZTXRQXy1ILTB2OVpRX1FDcUg5MXZhRk9rbVpjQWdiSjUyV2ZWWXZ0dVV0QVFnek4zT1RpWUN0OEdXVkVtc0l4?oc=5,Hindustan Times,"Sat, 27 Apr 2024 07:00:00 GMT",2026-06-14T20:32:26.928884,upi_fraud,True,False,candidate,https://www.hindustantimes.com/india-news/2000-ghost-customers-a-fake-bank-account-150-cr-vehicle-load-fraud-in-mizoram-101714201547930.html
apple pay scam Mizoram,Mizoram land row: Minister admits no public notice - The Times of India,https://news.google.com/rss/articles/CBMiwwFBVV95cUxOVldmZVZ0aHZhTVA0ekZiUnJyZkhxTDJIbzUtY2dZWkR3SUtnSW1KcFk2R3BjbnhPb1prQ0VENVU5WGhFMmhhcXFQb2wtTU9PQWJlM1I5VzZMcDd4WjVWRFBJdkF6eUU3Q2xDc1BISnUwQU5NUFUzcnVYUmhxNkRzbFRyYzRsUnFyMkpLeHQtcG4tSTlGRnJMUG1OUnBRMUo3aFdFNWlIQ1Nja3czcVpvNkRNNS1QQmY5OFVhUGFYR1hveVXSAcgBQVVfeXFMTS13Rzlkc2V2c09FWW5fTmJsTlpveUNucWtwTnE1cWd5MWZkY3JJZ1hhZUJ1X29HMjFWbG9zTXdMTll6c1JGZWROdk9MelBxLWJvWXNVMlFONEZZdklCZUtjaWt6a3NIc05Yck9tNFh2dEhOZVMyTHdMTEp2UTVmb0Y1T0REcGh2ZzF4Z3RmYThVRUJ3TGFCaEw3M0ZaSlFNNm9SM0RvUHZVOC1JejdzOGF6OHN0cUVPd3h5b3J2dkpIR0F2dG9oaHk?oc=5,The Times of India,"Fri, 06 Mar 2026 08:00:00 GMT",2026-06-14T20:32:52.733534,upi_fraud,True,False,candidate,https://timesofindia.indiatimes.com/city/guwahati/mizoram-land-row-minister-admits-no-public-notice/articleshow/129155348.cms
apple pay scam Mizoram,HC asks Mizoram to appeal against 45 acquittals - The Indian Express,https://news.google.com/rss/articles/CBMiowFBVV95cUxNRmRFcGhjTDFJVEVpNHVHaVBqS1JheXhYNGlnem9pSmtIY0FpREt3UVJZSGlvX3FZSVRwOG04b1l1aXNRTE1jbEt4VTlrT0VQVUxESE1rZHJQWnZHcVFMRTF6eEcyX1c1cjg2NG9QUVdvVDFBZUh0Y2RwdVJTSEluczRQSmdTUW9VY05jNU5xd243cEdLY1ZYd2NhNEVManJNbmpN0gGqAUFVX3lxTE1zVnVyQk1hVEpqdmhIcUpsd1dRcEpLX2lCVEhCaDdRTnQ5STZqWVVnUDhMRzBmYlhPWUNXSlllZ2pCZFhPZ0FwbGUxVWpkbVFQSlNaY0t0X0xFM1JvOEtiUGNwZWRzak5oRVctYTZkVndMeDQ4c1JfaG43ZFl5aXdEdEo0bXFNdldjREc3QmNvTE1HYnVFVW56NzJXVXE5bFlpWnFORUlwaUxn?oc=5,The Indian Express,"Wed, 10 Sep 2014 07:00:00 GMT",2026-06-14T20:32:52.733558,upi_fraud,True,False,candidate,https://indianexpress.com/article/india/india-others/hc-asks-mizoram-to-appeal-against-45-acquittals/
amazon pay scam Mizoram,Mizoram govt calls for forest clearance to speed up devpt projects - The Times of India,https://news.google.com/rss/articles/CBMi2gFBVV95cUxObkZpaHZ0R1lSdkJQUG9kRnJqWHN6d1JxM1lOVFh4UC12ZmpDVXprZ3VaY0tmcWRJQkJnSkI5bzkzNWZKa0oxeXN3a3l4VzRrTFU4eGpiZ0tqU0xHTzVnRjNXdFNXMVdjdjhMb09jSjRhdzRlOS1XWTZKSkg1V0hnYXBXSkVWZlo3LVlGVklnSEhnZzc4ZEdZMzhCSUw4NUNxRllaSGkzdWF6a0tYa0dQNUJPbElOWG1JSTc5bHhHdW52eGdJTzdpYTJOYWc4SGVCNTdGdTIxenZmQdIB3wFBVV95cUxNbGVqUnd3SG5yeVdQV2IzRlhPVEtmWnNCSzFkMVZGelNFczZFV25GRGtPTl9HbmFiU3cycDA3OXA1cXBEQlY5bGdWcWJheVVZU01QQ0diWnQxZENvaXkxa0JDcThaNWVtT0l6VTRON1NZejA5bGUtUmtkOGtIVWtOSHlocjhKbkIzRksyaVFKYW52OHRrakxKZ1ZINDd0eTdOSk1zTGRCN0tHMmxfSXpja1ByWjV1Z01KemNaYjlSOE9rOWs3aXNpa2p3OVZSbHNmd2laTFpPTDJ1WnhrSm5N?oc=5,The Times of India,"Thu, 01 May 2025 07:00:00 GMT",2026-06-14T20:32:56.938906,upi_fraud,True,False,candidate,https://timesofindia.indiatimes.com/city/guwahati/mizoram-govt-calls-for-forest-clearance-to-speed-up-devpt-projects/articleshow/120801852.cms
qr code scam Mizoram,43 cadres of Hmar insurgent group lay down arms in Mizoram - The Times of India,https://news.google.com/rss/articles/CBMizwFBVV95cUxOY09VcDdXMnVlV0hJaEZHdzNIYkFuVDBjOXFONlFLUnZCZEoxNGNsbVFJNEdVTnlIWUtfNWZEUVRwcHZ4d1FyWnZVdXRhTDlKZ0tESElZeUNWZ1JSelFNYncxc2w0Zy0teEtIaGxROUJ2a0JuVGxKVENhZU5mVXh3bVpqMGhpQTVJcDNMVFFyT3ZmSmRVNGp5UGFtTV94dGpXTVNWUm9KUlplR3FGNXd5R0JzMWlLdVFDSnJoNmlpUDE2NVZ6LVVkVURuZjFDTFXSAdQBQVVfeXFMTU9ZbFF1Um9WY2tRNldMZlAtZW9DTlVLVk00VmIzX1RBSnhicFBVSGg4ZTg3eS1DcG94ZjVTV01wZkdncE1iOVdvbXBGSkJ5b0ZsbGFuTWd6dGNESWZYS1FWOHNtLXg1MVl3OHlQTDRmQlpWLUxZbG1HWnV0cFhNT1hiSm5uM0R6aUdlX0drOVNnOFdycWdhS2thYmw2VHJzckFORnlZQWpzcDZQSFZ0QXZZVmFoazQxVEc5QzZGQldJbG90ZVFkNk1KTzhXTVZ6WU5XbkQ?oc=5,The Times of India,"Fri, 01 May 2026 07:00:00 GMT",2026-06-14T20:33:03.744944,qr_code_scam,True,False,candidate,https://timesofindia.indiatimes.com/city/guwahati/43-cadres-of-hmar-insurgent-group-lay-down-arms-in-mizoram/articleshow/130647937.cms
fake payment qr Mizoram,"Now, Fake Aadhaar Card At Just ₹ 8000 : Myanmar Refugees In Mizoram Found With Forged Govt Documents - Indiatimes",https://news.google.com/rss/articles/CBMi8gFBVV95cUxPV1lQZkF6bjRudW04aHlUNU90akdhTzdRcDl1cXg0SDZKUkljaG1QRW5iQnhGSUNPRGMyWFgxc1g1M3hIYTFLSWc4bzNDWTlGTnF0X1RodkVVeEdYS1FrMGl1cmlwc2tmcG9YaFRUR20zS19iSDgtMVozcmhQRDVxN1ROQTVfaG44VFRqTm1XZkFISkdNSDMxYk1kRVh4aGUyTmZrT3N1YTJ0SFR5RXlrTnlRQ1lBTnpjTnBmdFFwWS1oM3ZtaE1XSEFNR0VIY0FaYnZZelcyX2dmX2tnSGszeTFLY0lKcmhsZjB1cTRfQ2hHQdIB9wFBVV95cUxNTDdxdldVLUVULU5GQkhBZlN2eXRieGVQaTU1VEVCU0Y1bEJSd014V1F4RENJcGhtZU9wNk5RNTRONnZwZWl5dVh6Z0preHhPTmk1QUVJQlRRZW9Zb2RWcXFEZ1A5Z0FTS2xLSGY3RVJLTGFrYVBQekRxS29CWVlxNjVWak5yMWxfNXcxQ2VLbVQzZ0JVMF9qQ1pfQS0tYnJ4M0g5UjhQSHpHT0Q2LU9sVC1qTjRTVjV0OUpwRWl3YUNZdTB6ZmxONlp5czRZZG9SUVljSVRXZ3FUbS1VTWVpektYdnJUeldGMnhKMzJaMnVySW1wVkxr?oc=5,Indiatimes,"Wed, 14 Jun 2023 07:00:00 GMT",2026-06-14T20:33:07.381185,qr_code_scam,True,False,candidate,https://www.indiatimes.com/news/india/now-fake-aadhaar-card-at-just-8000-myanmar-refugees-in-mizoram-found-with-forged-govt-documents/articleshow/126902420.html
qr code fraud Mizoram,Are refugees pushing Mizoram to the brink? - EastMojo,https://news.google.com/rss/articles/CBMiigFBVV95cUxNZWNEZ2d0MVJTR3ZNdGQ0V2J6ZWN2NHR2S1cxaExoaTlIeWt0NHhya0tma2pacGJEMW5rZTMzeFA5Q1pERWttd0ZtV2xQMlVPbnJLT19Rck1fazRCX205cm1fU1YwdDRYM3hXalpJeXdvOWhhemxWMnZpT2pjal9XcVVRcUhvUjNXMWc?oc=5,EastMojo,"Thu, 13 Mar 2025 07:00:00 GMT",2026-06-14T20:33:10.984053,qr_code_scam,True,False,candidate,https://eastmojo.com/premium/2025/03/13/are-refugees-pushing-mizoram-to-the-brink/
qr code arrest Mizoram,Pesquet’s Parrot stolen from zoo in Aizawl - The Times of India,https://news.google.com/rss/articles/CBMiuAFBVV95cUxNb1oyS2pUVG1tbHg3OFZwSWNTS25oa2I0ZjZnaklrTmZUZGVnbUYwWUs2ME1QazlQc0RPcE5QaHh3eGx5YlZnM1pLOER3Nk9SNE5BeS0wVFJKMWpVMzhPbFFtNFVGc2VBa0FtdUpwWGVXcFQ0bmFpRjNJYi0wVjR0N2l3QXZRcVBGZ3B5VkRhYl9CRHRXZElNR3RzY3N1dUF6SU5OamFXT0EtdXBDZy1MTno2TlYxRHJK0gG-AUFVX3lxTE9FQU5zTWZOdHJSY1NvQ3hBYjl4T3lJbnVJQUJpMDlWZFV4WjVWYXVWMGF6cjhfaGZwOHl1aUladmo3aVBKeXFWU2EzRHhub3JYUC0yV3FxYTRLX2lSc1BROFlPRURLTmVzWTR6NlVhbU1oaG1KdnRRLUNwY1pvLVpoVVdVWnJ3SWprTm5kZGlVNWx0S01jWEF5XzNrdmFtN21uWjU4cGFwUldLMi0yT2lMLXl4TDlPdFVOUjdBTkE?oc=5,The Times of India,"Thu, 30 Oct 2025 07:00:00 GMT",2026-06-14T20:33:13.093533,qr_code_scam,True,False,candidate,https://timesofindia.indiatimes.com/city/guwahati/pesquets-parrot-stolen-from-zoo-in-aizawl/articleshow/124965519.cms
qr code arrest Mizoram,Mizoram Police arrest Myanmar-based militant leader; seize arms - madhyamamonline.com,https://news.google.com/rss/articles/CBMipwFBVV95cUxPbUx1bU9lMllDS1hlUkVFeV9SNExJVENxZ0owanEwSzh1RUdCTmtIS3VudXNfTnpBT2FfbGtEeldjVGJQTEk5MVVXNVRqN0xKNHBSbXFKX1VHeUdEQTdqSHBUWllvWG9KeXRTbkw2Z0d5YUQzdUtfUnVWMGwwOFM5cnM1SkI5VUxqSmFnVjhzTUhhSjl5OThrYV9rUTZ4cmVKZk1qSlhsc9IBrAFBVV95cUxQZ2UtQTN4dU54RDMxYV9QNWc5SUhMRHU1VXVvbVJ6SW9FcnpJTWlzWmh5TEJuTHk3bWk0ZWJ5R2RVa0l2SEd4ZmozWmJVYlBZOU1mN2lpWGtySUdpOUljVkliaTNrNm95anducVQzQVFoakk5Y3VyRTc4Y3lDLXJ0bDRZNWlEa3BpQUpZaXZPWkptZEhFY2VkcmNFZEMxaFowUWZiWWM1TWpUNmhx?oc=5,madhyamamonline.com,"Thu, 16 Jan 2025 08:00:00 GMT",2026-06-14T20:33:13.093547,qr_code_scam,True,False,candidate,https://madhyamamonline.com/india/mizoram-police-arrest-myanmar-based-militant-leader-seize-arms-1370568
qr code arrest Mizoram,Why V Lalnunthara is on a mission for drugs-free Mizoram - EastMojo,https://news.google.com/rss/articles/CBMingFBVV95cUxOdWhJaTBrWXpwTXpWVXFOaG1xZmlZeHN1cXpIS1pqUzk4NDI3WVlGM2pDekdfWGtkbmVPQTlpem5NOHFOZVVLdGFNLUpkaHZlb2xwcElOVGxWNWZEZURYSjNXODRsalFYZGpnSEtMX0hhUHotLXVDS21QNXV0djZXM0JZcUZFRjhDNGRfMXFFZWdzcEhjUzNzdzhZV0ZFdw?oc=5,EastMojo,"Mon, 07 Apr 2025 07:00:00 GMT",2026-06-14T20:33:13.093564,qr_code_scam,True,False,candidate,https://eastmojo.com/mizoram/2025/04/07/why-v-lalnunthara-is-on-a-mission-for-drugs-free-mizoram/
qr code arrest Mizoram,"Heroin Worth Around Rs 20 Lakh Seized, One Arrested In Mizoram - Outlook India",https://news.google.com/rss/articles/CBMisAFBVV95cUxOX1dNTnpYX0RJTmJYZmRMaU1JR2w0WjdQdjQ5dk9SMlBVYU1LSzU4Ymt2dmFObXh1ZkdmV3NObkdocVN3WHdONlIzVDZWSGplNXVPUUdISlM3d19rMmk5emczV041OGhlaVV3NXRTcGx0ejF4MWN6OUxaaVIxVmlRcjVkT1JNcXZFQ2pfWlZOQVBlVnRldW9MZXQ0dVhVOXFoRDV3dnZoU19ZUjE0UGNzTtIBvgFBVV95cUxOVkhVbnYzamdwSXpOcjRYelg4UEMzT1p5cWU5bGk3dXN5amt6LWNVSlZrd1FHUDR1RWhYd0FRd0NkeFMxaWRmVk1LSTljdVY3Ykdhck4yODl4UndCSl9pZ25Wb0E2RHFSN1NtX3V1Tm5xNmx3VnV2aUVmOXBQRVRxN0FIaG9VNnFXc1pwRlFhbjNJbUVlZ1BYUGNqU2gtajNDX2pzVDVyUUU5S2gwX3JUUGI5MHZzaVh0cmJ2Wmhn?oc=5,Outlook India,"Mon, 20 Feb 2023 08:00:00 GMT",2026-06-14T20:33:13.093572,qr_code_scam,True,False,candidate,https://www.outlookindia.com/national/heroin-worth-around-rs-20-lakh-seized-one-arrested-in-mizoram-news-263545
investment fraud Mizoram,"Mizoram police busts biggest scam worth Rs 150 crore, 11 individuals including mastermind arrested - India Today NE",https://news.google.com/rss/articles/CBMi7gFBVV95cUxQZGhiS0JqYW5tUEpMMVloR1FEOXNYcmZtYTRhSVdXS3FpdUxRdG1ScGlPTnBwV2pqTzRUaG9vTGliMHFlMEVTd1ZMUDVfWFBPcEhVUmJfamRhcWh2aTRJS2N3TTgzOWxFTTY1V01RLXNXTXAwZzU0TGlWSmEyejRfR1NHNklFcy1CVFhyYzladWVTYWxUeGJWRDhyRjhnOGJoLWYwMVBhblRJVkszMFNhQy1OR2lmQzNjVlhMcVl6dW1iSVZCVFV6Vk9kbmtGa05DTGVWcnVKTXVGdWF0YUdvY0FnZ18tVmV5czdiRHNn0gHzAUFVX3lxTE0tTlgzblhyS1hZbFVSUExDUThqMEZ2TTh2eWpyb0tPbmxmQjdyTXJ5bHo4dmRuaE1rem9jRW5DTzQyUm5MeW5QZm1YRU9iS2xudUNjd0dseTNfQncxQVhwZ0ZsemxCd1N6Unk3QU1UaVFpT1g4dUg4bHJNLTl3LWNocWRObVlLRzVJNUhHbUlPUU1VY1ZaV0J1RERMb0tVQ0JMNlp2MkZYSnNka25KVW81WDRudGM1Y1pyMGNDN0huUHE1M3NwT01IbDg1YkdaME5xT0VFWGZKNFAtalhIXzZxNWxYdldtRzNPT2dpSGd4YkdMVQ?oc=5,India Today NE,"Fri, 26 Apr 2024 07:00:00 GMT",2026-06-14T20:33:16.602161,investment_fraud,True,False,candidate,https://www.indiatodayne.in/mizoram/video/mizoram-police-busts-biggest-scam-worth-rs-150-crore-11-individuals-including-mastermind-arrested-992052-2024-04-26
investment fraud Mizoram,MNF calls for Mizoram bandh today over Forest Act adoption - The Times of India,https://news.google.com/rss/articles/CBMizwFBVV95cUxObWdqRS1teE5BdUp4b0VNcklBMUdkZ2pjWmMwV3I1VzBmSDJYN2dibGZKTExxSzBaaTRGZk1YdmNQVUVubzBHcl9DTkdicGJ2a2FJWG4wX0h1dDEzaFhLanZFS09rVi01LV9zNXFVNUgzRDVoMGR2cUZzdUQ0T2hXVkV3N0stU0NEMml4VXBZUFNOMk9vNFRGNkhjTTRZQ0R6MHNrbWtTa19kZFRUU0h3Y2YyUE9ud3FSVTBQck90b0ZmemFFc1RVdWYweGNMVDjSAdQBQVVfeXFMUHpSam15Q0s4c1RobkxvRjE3SV9QcVB2MmNOdzRjWXhkOU5kVTNfeTN5REJMYXhFMmJXazJncFV4MGlfRzN5X3lGdmY5Vmp4bHhqdXRzTmk4OEQ5dlktc0xETFBZMjd3YW94NFRzQ3VYM0w5UGtvWTNxNDV1Z1RCVmxyUUYzdVVVR1hmNGdLRndKdklLU2hRc0pRRmVjcWxZZzFQcVZmeEc4cWltMU85UlFBTjJpTmZTbTNKUGVhd1JyNlNra0k3R1ZreE4xbnlwWG9Ga3U?oc=5,The Times of India,"Tue, 28 Oct 2025 07:00:00 GMT",2026-06-14T20:33:16.602174,investment_fraud,True,False,candidate,https://timesofindia.indiatimes.com/city/guwahati/mnf-calls-for-mizoram-bandh-today-over-forest-act-adoption/articleshow/124880311.cms
investment fraud Mizoram,11 Arrested in Mizoram for Rs 150-crore Financial Fraud: DGP - News18,https://news.google.com/rss/articles/CBMiowFBVV95cUxNNmR6RmEzeEUtaWdrZEhQc0h6aWVGMWRFZEVwT2MzUXRXWmJNdzJNMXJwSVZKRDQ3alY2amN3WTRwQWE4ZV94ZXhLTlBaUWNQcjdMX3FBVEQwc1Nfc1VFT3J1QWc0MnNOUUR6UXRlNngxZFE1QVBld0dBRnFvMUtsanV6ckJhSEZXWll5cmY1blBLMmlaQ3lNMUVQQ3p3WmR5akYw0gGoAUFVX3lxTE4zSXVKU0U2RXRCaXJNeEtVQ1JNMlNaRkFYcV9veGlSM3paNDlYYlR0Z1VPdWdveTB6UkxzT0hVRGQ1eU1RZkhSNHRNV2ZSYWNobHNlMDl6bkVWOGx6SW15UnlaQ3dPMHh3WmlnTjZmOTJkNGF3VHBaOTF1dFZlb3plN29Ibmx3djgyMEQyZlBmTGI4aHVuYm9OT2FHUGdRTWs0Yi1yVndWdA?oc=5,News18,"Fri, 26 Apr 2024 07:00:00 GMT",2026-06-14T20:33:16.602186,investment_fraud,True,False,candidate,https://www.news18.com/india/11-arrested-in-mizoram-for-rs-150-crore-financial-fraud-dgp-8868069.html
investment fraud Mizoram,Mizoram finishes 40.37% of biometric enrolment of refugees since July end - The Times of India,https://news.google.com/rss/articles/CBMi4gFBVV95cUxOQzk4ZS15cjdLck9VSUdvamdSZlVINXV5WmdPeXFXbHdWSzMzVkI5NUtsMnVpbXFkUWs4X1NKNkJydjhna2xKckQ0ZXZyXzV4UW5fLUVuTEZMMWNTRW5xcnlLYlQ5ZEc4SXRPdmNNcHRySUxwajNqMDllaDU5UEx4QUhBLW82SlZ3cDd0dHdpVjQzbXRPU09iQTRFYVlOSFdGSEIyZFp6U0d5M0ZtcUtVdUNIMDJHUGcwMHBmOUNDUEN5Rktvd1gweEtrRXE1dS1MNFJJNUpsQS1ibVlfMXg2dmhn0gHnAUFVX3lxTE1sRHB3NFEzbjFVaHk4TEhoaVQzUnJKVkxQWXRJME5nTTlwTkYzcVNQV3JBT3V2R1J5OFBfN3BpdXM3WFJkYUhOUFhsNDVUMWZsN214ckEzNW1RVjF6ZERELTVlUEh3dHUyTXFMWDZXeFZUSHNBVWk1ckxEUkxtMmlMQ3FVX1RXUFd6U3hoYTdmRXk1VG1YM09EX1N1dml1M2FxMGZFUXNwR29jR0E4bEZzOEE0bHk1T3ljZUx5MHlrUkpTU3J4RzNoNllnaWpIR2ZkZS1Za3E4TzNSZl9YdjZpU2xWckc4VQ?oc=5,The Times of India,"Sat, 11 Oct 2025 07:00:00 GMT",2026-06-14T20:33:16.602223,investment_fraud,True,False,candidate,https://timesofindia.indiatimes.com/city/guwahati/mizoram-finishes-40-37-of-biometric-enrolment-of-refugees-since-july-end/articleshow/124486738.cms
investment fraud Mizoram,"With 80% of population in Aizawl, Mizoram CM pushes for new satellite city - The Assam Tribune",https://news.google.com/rss/articles/CBMitwFBVV95cUxNOXlYLWNla1puZHVDSnlNUmNNV2dfVXFobXpucmxJTjZXQnFzbTc0UHRjM3U4MjBkRUt5YmkzLWpBMUQ5REE0RVRXTG9WVDNzUHVoMHpqSjVtSm55bGRPM1N0cFVkY3Y3a0xxM0VOUXFIWDZYSEUxWXk2amUybGZ4Q1NDbGw0Vm1EejRqMHpkTEF5QzdqaVkyWkhoU1BLODZQdlR5cm55YlBoaFlxWk0xOHVrQzdWR1HSAbwBQVVfeXFMTzZ6X3FwS2NCRUZzUS1ZTmVOemlocm1BVEg0TnZaTHJFU09jX1BvTlV1TXJ0U2I4MjBpcnYyLV9LSl9pTWlfcWk5MkR5amZXOTM3UXRHQzI1Njg0eTNMSW9BckU2R0w2TC1xS2lxRmtIVjBLVVNXX0hFVUdQLUpJc01QZkhGVVZWSGgzTEt2WFd1d05weFpNMUJYUzNadDZyMTJTNHp5Z2daeFZpbWI5T09pYUdycHB5Y3F6NEU?oc=5,The Assam Tribune,"Mon, 26 May 2025 07:00:00 GMT",2026-06-14T20:33:16.602234,investment_fraud,True,False,candidate,https://assamtribune.com/north-east/with-80-of-population-in-aizawl-mizoram-cm-pushes-for-new-satellite-city-1578731
investment fraud Mizoram,"Mizoram’s rodent rampage on, 2,300ha of crops destroyed in Thingtam crisis - The Times of India",https://news.google.com/rss/articles/CBMi4AFBVV95cUxONVc1eFhjRHRMSUVLNE42Mkg4VHhmQ0I3d2JaR2pIZWVkSm1WSUI5UkZOd0pCcXZIUGtJZ3FxVGY2dGlhTUNkbGp6RDJCRzlPWEhIUUxmT3NQRWpzOGhFMUFna0NWZ3U0b2lnNjFSZFVZbEpGczhjVE1UTFFUUF9sX2l3NUdHbTR4a094TjVfSmhVZ2Z1Q0gxOFZOZkx5ZEhMLXhudEJoOXdVME9kekczQmFESVZTMm5UVVUyc2FrZWxGZlJNWFZmdTItcUhCbTh1aGpJN0YzOHpDbkFnNzREMdIB5gFBVV95cUxNRHc5S2MtcDBfbEtGVzNpRWVZR2N4cDdrZ0UtUEV1cl95U3p3YUM2eDVNZW41NDk4SVdZOHl3Wm9qQWRVbF8zb1lydlNoZFYyZ29nSFJScWJNQjNxQ2c1VWNMQkpGZ1lkSnlWMHc0d2ZhRVd1b05pNnBqRDZPQS1ZT0JMTTYyRnF1Y1ZueW9lR1lLZDZaeHBMWWRvakxrMGpHMjZRMlE3YzVBWDZnNkcwU2kwNHdCU1dwcndUbDhKQnhicXc5Y2dRdU1NUW90akxwODhwUkUyYWFYTGd5YjB2OXIySVR0QQ?oc=5,The Times of India,"Wed, 29 Oct 2025 07:00:00 GMT",2026-06-14T20:33:16.602246,investment_fraud,True,False,candidate,https://timesofindia.indiatimes.com/city/guwahati/mizorams-rodent-rampage-on-2300ha-of-crops-destroyed-in-thingtam-crisis/articleshow/124880773.cms
investment fraud Mizoram,Mizoram & Assam ministers ink tourism pact - The Times of India,https://news.google.com/rss/articles/CBMitwFBVV95cUxNZzN3QkxBdFNhdnFBVnlXZU1ZdDloYlN6SV9tb3JHcV9DTGtSMExDWVNhanNrdFRQb2h1VnpfNkFUSXhmeTkwS0tyMUJQbXp6Q2RwZW5uVS1GZFU2U0o5bDFxcUtjMndsYW1PQjhvZUY3eVptRkk1UDViY193QW5ha2pRWHBxR3YzbXRIZjhYUFhuODdMYTBMck1tTWNxUW9rLVhjRk9pdnhoRkY1c0hpazBCVlpMMTTSAbwBQVVfeXFMTmRKYTNYU3RJQUstak1lRTFIb0V3YWlBemZuN0pWaE1lR2U1UTlGN1BybE9mTUthSklrcVNxZktoc3dEM29ickFsYlh6NFMwSmlROXdScEZ2cjlpODZ4M2lCSmdMYjFaSUVMdmdUUTI2T0ZYQU5IY1E5Ry1HWmFHdklhTnVyOW1yZ25UQUhTNzNra2ZDakVJYTh3OWFQMXF6eXR1RXZScml2X2RQZ0VjSUFxdnJ1dVJFT0xZc1I?oc=5,The Times of India,"Sun, 14 Dec 2025 08:00:00 GMT",2026-06-14T20:33:16.602258,investment_fraud,True,False,candidate,https://timesofindia.indiatimes.com/city/guwahati/mizoram-assam-ministers-ink-tourism-pact/articleshow/125965112.cms
investment fraud Mizoram,Road blockade over deplorable roads in Mizoram’s Mamit dist - The Times of India,https://news.google.com/rss/articles/CBMizwFBVV95cUxNYnBlWTZfeGFVT3NkaS01RmV3V1puWFRJcWRpeEd1bHRnU0FHMXpraU5EWnJqclR4aUppZkw2RTJ2TGNHdFNHOHE5UFUtLTFwODByQTZFSklmMDVsbEU4XzF4QVI5ZnJEal9Cdmd5LTRUWkFsa3VGTlhnZng4cEl2UUN1SzAxd05xMWJJVU5MUnFxa2tWMnJuMkJvLVJhS2JCSVhMOFJ6X0xxQXpVWkkwTDRKVHRyWVVqbTFsTnJ5NHloLVBvMkpSUkJDLVFHZjDSAdQBQVVfeXFMTnVVOHpfOHl0WktieXFsR2JqeVlueGs2eS1pVVdGbkdUMDEyM0VJdDdrZlh3aFdwZE96RThYV1BMMVh4NnFFRWR2elhOQ3BURWVFZ2sxY0l3M1BIdFZhQ0R3MllyZmxzRTM1UWNZNTZnSmpqeEc0WnJWX0Q0N0hWOWpubHJ5dFlZbnJPLWxyeUhNcVAwS2tHM2xlbmlKQWFPdXZZQjd1blVra2MzTWFyS2ppUTR3cUVZNi1rVnBkZ2M0UVE5dzZ1c0U2X2RHekUyWENIN2o?oc=5,The Times of India,"Thu, 16 Oct 2025 07:00:00 GMT",2026-06-14T20:33:16.602270,investment_fraud,True,False,candidate,https://timesofindia.indiatimes.com/city/guwahati/road-blockade-over-deplorable-roads-in-mizorams-mamit-dist/articleshow/124611581.cms
investment fraud Mizoram,Sonowal announces 3 inland waterway projects in Mizoram to boost tourism - The Times of India,https://news.google.com/rss/articles/CBMi4gFBVV95cUxOTm5DSzBPRU9qME81SFUzZUwwLXpSVkRiRGh5bmVTM1RNUHZ5RmUtMGgwZ2lIckVZUGN1aEZyZGExd2VHSnJPXzJPVU9rbVFkVUNvSnhuN3BNYmNuVlhJakpkMmtDTXZUYTFlajA1cW1jNEpXb2RXckp0TVVZWTFVaGkzUjBsYXRUcndxMm5VcGRQbG1pc2g3Z0JlZExSVXVKWDdpaUwzUERBNkd6cVh0cy1MQUNqOGRBNWUxdFhHdU0tRkF2M04tNFpjWUFZenl0TXBhLV9adjlEUDR5V1FGVTdn0gHnAUFVX3lxTE9xQ1c5OFBSUUJHbnZ2MC1GVWs4TExFUmNxM0V2U0NMMU50T3RkRXRTV1I3V2prVGR1VXlWbDVFVmc4djdyaGw0a3hUTlJPeS1PRGMwWWlfSUdmc3lPLTlUOUkxMGlXUE1pZWtJaFpkZUpjazJMTHNtanV2ZFlQVlJyUzdONXRfSm1SUmFscm1CcDAtbFRBcl9laE8xN044QWR4VnlJS1ZvUkx3Y2RTN253YTFzejRTVFQtR0h5S2VMLVB5UUtFc01xUmwyM3ZsVlhiNVlQMzRHODMzQ2l5eU5Wa1VkSl85Zw?oc=5,The Times of India,"Sun, 14 Dec 2025 08:00:00 GMT",2026-06-14T20:33:16.602282,investment_fraud,True,False,candidate,https://timesofindia.indiatimes.com/city/guwahati/sonowal-announces-3-inland-waterway-projects-in-mizoram-to-boost-tourism/articleshow/125965164.cms
investment fraud Mizoram,Students step into BDO shoes for a day in Mizoram’s Lunglei district - The Times of India,https://news.google.com/rss/articles/CBMi2wFBVV95cUxORndOa2FBcTJCaDZqUTNTY25uUUVNNG40SXo4S1VKaUVaWDZIWmF3RXhhOHpNNXdPOHdjaFZnYi1QTjZkQTVITjZpcnpBZ0ZxQTN5ckJPc3BiUDBMcE5BTnVlSVhBbG0zaWEwN3VseVd0Unhoc1JqX0dYNEkyRVpJbUxfaTdYMU9PeEdiYTFSTFladl80X0ZIYWplU1hBWEFVdldWcy1vM2tPRHg5WjhJNHJzS3Rlb0R0eTl5VlplM01VbUxrLVdLNHBQYjNIMFpJb3RSSXpYbjhMZDjSAeABQVVfeXFMTUxVWWxDNDZoeG5ONWNpRm5VQTB0SHBnSExMalkwcS1pTU5JSEI5RjJBV2tadUVfZ1QyWWdGS2lhZjJzWThkUUFueGVCVWp3RzEyZHFoRW9lSkUwNXdTUFpWN0FCMmtvcFVfT3VKWHJVNkhFR3NfOHdrbUkwTlFqajJtbm5pMDF6ZVFQVGxEbTRhTTVrM09HTHZ5T3BYRnhKdzUyZXljVHowcjNkRTI5MGNNOVVBenJKS3IzUmYwWFRSZ0MyeTFmN05EZmdmMGZ2Q0xZc1NFYTBuOGtadkFqSHg?oc=5,The Times of India,"Sat, 27 Sep 2025 07:00:00 GMT",2026-06-14T20:33:16.602294,investment_fraud,True,False,candidate,https://timesofindia.indiatimes.com/city/guwahati/students-step-into-bdo-shoes-for-a-day-in-mizorams-lunglei-district/articleshow/124185967.cms
investment fraud Mizoram,Raj Bhavan renamed Lok Bhavan in Mizoram - The Times of India,https://news.google.com/rss/articles/CBMitwFBVV95cUxQMm5fMDhwNkNZQUJJZ3JJaXQ4MUV4QW9jUEZaSngwT0ZIekJTZ1Q1X0dFX25hYWZyVXVZTTVQRTByN2VuclMtMmxnbXRLVVp1ZHk1TDBPWVh5dmdIT1BMTEZ0NzFudmJoaW1WV0JIS19COWdDVjlZZ2pWYlBiVEk3Y2dqWjZXWmdoZkhkdG5JSFBCQ1RQU3VXb0JwZUlSOWxPcDZramN2SXN5UExnRXhJVGlrRi1YX03SAbwBQVVfeXFMT2ZXSTNjR0k4bm5uRW9pdGFmbHhoVWJqaENrdXY3RldfVVpfblo3TjNZVm0ySm9QNjJrS1ltVzM2WUFtbnhURFphNHJSNTg3dmVmUzMwRTE0YkczMTVPeFJCeE4waEV1a191Z3FKNWpBR1ZxZlA2ZVFaOC1NbVZpbU10T3YxeU5yMGdDRVAzejNBdzVvc3I1REhvQlROdXVfVnlIMDBlUzZmQlhLbFhHeDJGYTZ1SFdMRUlsZ24?oc=5,The Times of India,"Tue, 02 Dec 2025 08:00:00 GMT",2026-06-14T20:33:16.602307,investment_fraud,True,False,candidate,https://timesofindia.indiatimes.com/city/guwahati/raj-bhavan-renamed-lok-bhavan-in-mizoram/articleshow/125724716.cms
investment fraud Mizoram,From Maharashtra to Mizoram: What AMFI Data Reveals About India’s Investment Divide - outlookbusiness.com,https://news.google.com/rss/articles/CBMivwFBVV95cUxNVURtaTV4eGxha2xhcHdzLXo1N0gtNkhfOTB1cTRQeHVWN2w4bGZpNzNhc3JzUkhWdXRDMEhxZlVkdDNhSVJuMHZYWS1sOXFNdkN5VGk4YVg5UWE3T21TUmc0MEdxOWhQa1Eya1lLNU9Lbzhfb3dtQ28wUzMxbGEtcS1LMlhSMWE0R3NraDVCZnAzU1M5Uk9hYm9RdVhmMGpHODdrXzgxNUwxSnI0MTREcnBMRDJZSVBGNjFDeVlDQdIBzAFBVV95cUxQNWh4LXRfUWpNU3JnQlBhS1Nxdm9UZ3NVaUl3N2dmVEdZd1pueTA2aS04aWE1dGRaQk5TS0RUMFg0Sk0wVksxUkFRN2JPcFBTZzZCRXhzd29acGpaNkJsOXA3T1VhVzN0UWFPdWpicDlhbFlHbFFKcWc5aDVRVWRZbzJhTEIzQXNWUjRGZjRLdDh4T0s5WkVSb0FXNkdqV0ExSnhNY1E5V0t1d3JTWlozblBmQ1hVeWtzQmladDd5Q0p4SjlVdE03RzFPWV8?oc=5,outlookbusiness.com,"Fri, 23 May 2025 07:00:00 GMT",2026-06-14T20:33:16.602319,investment_fraud,True,False,candidate,https://www.outlookbusiness.com/in-depth/from-maharashtra-to-mizoram-what-amfi-data-reveals-about-indias-investment-divide
investment scam Mizoram,"Drugs seized across Mizoram, five held - The Times of India",https://news.google.com/rss/articles/CBMiswFBVV95cUxOMWR0UXduX2tNdnBaZ0RjWFo4eTQxeGRjTjJfQ3ZXb1RXeklEbmsybG9yWTFFcW83TWJWME5CT1o3NW1IQ1A0M0U4U2RZM2p4b3NHTVJiSXdKZmhYXzkydnRvQ2ZpTW5FYmlncHRnbk1YQldTSkhLTDRqWmt6ckhxUnR6SkFBeFdUWXJ2OVY1S09saS1FMDl6YUhycTFTNUpEY0RMZjRwY2NSbGd4a0ktR29Id9IBuAFBVV95cUxPY0cxX19JYTFVUVd6VVBtY3lDcHN0cW0wekVKNlllZVRJZXVPLWRMTm9oSmZGenBJWGlCNHRQYXg3NW9iVlBQUGgyS3NGTG0tVDVLTmRrM2YtR0p5Q0g1X0txa2Nvc0lSaTB5QUxEeml2RHowVG5Hd1FZRm0wbnVTNTRFVGl3S1lVRk1wZkpQbjNEZ3REd0VOLUZKR0c3aWZnT1VtX3FTaThxbEhrSnNIWHlxWWxDYk9V?oc=5,The Times of India,"Mon, 08 Jun 2026 16:17:00 GMT",2026-06-14T20:33:18.790117,investment_fraud,True,False,candidate,https://timesofindia.indiatimes.com/city/guwahati/drugs-seized-across-mizoram-five-held/articleshow/131592250.cms
investment scam Mizoram,Enhancing Crop Yield and Food Security in Mizoram through Winter Vegetables with FAO’s Green-Ag Farmer Field Schools - Food and Agriculture Organization,https://news.google.com/rss/articles/CBMigAJBVV95cUxNbWVhblpDMVNtUy16cmdGZlA2akYwRUxOSS04Y1EyYk5XYVB2YlgwYno1SE5NSGdITlB0S1FmLXo3NFVyemZ4MnFyTTJHVzhmNE1lai16Nk00bG9hRW0wYTA5dDRMbnlvOXdXaVZMQ1hZbFZoQW5mZzBMZWpqVkhyLXFJcXhacWZSRDZpcmJLY2RjdVV5bGUwdzgzMVM3MktuakJWYmFtTEhKcTB6bF93TXRmRDJWWDlDaGw4ZXhoRmEybGR4YlNoODF6cWFYeWh1ZEVBM3hKLUttQVkxd2g5bXI3LWtDaGNXdUpNNjhJTTFydl90LTlESGJKd2pna3pR?oc=5,Food and Agriculture Organization,"Fri, 14 Mar 2025 07:00:00 GMT",2026-06-14T20:33:18.790205,investment_fraud,True,False,candidate,https://www.fao.org/india/resources/success-stories/enhancing-crop-yield-and-food-security-in-mizoram-through-winter-vegetables-with-fao-s-green-ag-farmer-field-schools/en
investment scam Mizoram,"Transforming livelihoods through sustainable and improved pig farming in the Dampa Thorangtlang landscape, Mizoram - Food and Agriculture Organization",https://news.google.com/rss/articles/CBMi_gFBVV95cUxORm1HZFNWdGJKNzMwOGl6bWVBSERBaFBzVUNKR2M5dFVzbWkzMllFUjV6X2dMbjdyVWhnUExEUWZCck05dkhqbmJZMW03YWJrTEVpOGhENjh5cXU1M1JtcFROTlQtTndSZlFkdVcyOXBiUlRVNnUtcHhvNEJZOFdaUVpQSGFNTE5jdzhHamt2MFN3WFZidTZVb2Vtd3ozcVlTUmJ1SEw4LUxfbUtBQWttVXM1eFI2ZGxhT21sRzRNNk9kdlBZMndpaHNpY3o1cmpGcWxaS0oyelJoUHZwMFFEdjNGN2VrbmZFaXpxZ2E4MVlGbnhMVWtHMTRqcFZpUQ?oc=5,Food and Agriculture Organization,"Wed, 28 May 2025 07:00:00 GMT",2026-06-14T20:33:18.790250,investment_fraud,True,False,candidate,https://www.fao.org/india/resources/success-stories/transforming-livelihoods-through-sustainable-and-improved-pig-farming-in-the-dampa-thorangtlang-landscape--mizoram/en
investment scam Mizoram,Assam-Mizoram harmony at border festival - The Times of India,https://news.google.com/rss/articles/CBMitwFBVV95cUxPRWRhUVg4bExKbllrWHFQMkxQSDYwZE54dHZwTWhRXzFFclBmUVJBTG04SWdBOU9GR1cwdVJRWHRZbGs1ZU9zem5oSWZIQzltWlNqTnZDUzlvSkd1elRFN1BxSDkzd3ZiRXdWSkxHdDFRclptQWVlcHZqaHNfQTA2bnR2cWtGUHNiaUNyRndKZ0x3cVpOd291bW5XemxKOV9IbDcxUjMxUXlhRXhuQlpaSFBXZzNDbm_SAbwBQVVfeXFMUHF6MnlWNEtZZ1pTQ1VCYWtBVDdGYmF5dmRlT2lUVkJWZnBnTlR5RVcxeGpKcmxnbVVGZkt1Njg3eUszOHhqajlDNmVidU5LUHlobW9LQlBXNE14T1lULU1feTd2SVhZajc5R0o4RU43WWVHZ284S1hGNXVhZmpkei1NaG1nOXhGYi02bHZOV2FEaXYtQm9ZZE94WEZTSmFlckU4ZUVZRnl2ZGgyTm1VWElvZEY3TXM1VGRySk4?oc=5,The Times of India,"Mon, 24 Nov 2025 08:00:00 GMT",2026-06-14T20:33:18.790339,investment_fraud,True,False,candidate,https://timesofindia.indiatimes.com/city/guwahati/assam-mizoram-harmony-at-border-festival/articleshow/125547646.cms
investment scam Mizoram,Mizoram CM proposes new city to decongest Aizawl - India Today NE,https://news.google.com/rss/articles/CBMirgFBVV95cUxPOXdONjcxcmpSby00SmQ1SjlvRUhPUVJEcWRNZ2VpLVdreVZrSUJCdGdBeTJCdTlodFUyY0t1OG0zQ2YxUFNUX2hMeGR4VUduRFZGaDRUbHpZUUcwWjJydDlYYThkeEFtQ0t1c0ZCV2lwUnUzVTlKWXgwRGEySlV6dWd5YkpPeWEwN2piem9vbEs2VzlLUENTYjZCckF3Mnhzd0JBNEIwZ1A4NUlSTWfSAbMBQVVfeXFMTnhuMzNHZmQwakR2aTRyUGxQNHAwd290TFNZN0w4UURyd3ljcWJPYm1aRmJMcUt4enlUMTdZRi1vREhhaERlQ3ItVXZRTjRvaVJxU3Fpakd1STZGLXpaZXhnSVNZNExHQlBld2lxdjFRUHBuZW1jVDJNMDJjc21RM2xPLUpUQktRUzlhLTVwcnRrOHlPSm4wTFpRUHFiby1kR1RHQ1JEMWNEMTZ1WjNvRnl1T0U?oc=5,India Today NE,"Mon, 26 May 2025 07:00:00 GMT",2026-06-14T20:33:18.790377,investment_fraud,True,False,candidate,https://www.indiatodayne.in/mizoram/story/mizoram-cm-proposes-new-city-to-decongest-aizawl-1219150-2025-05-26
share market scam Mizoram,Mizoram governor unfurls state’s tallest tricolour at Zokhawsang - The Times of India,https://news.google.com/rss/articles/CBMi1gFBVV95cUxOUUxOQmFMXy1SZHRkekR6dkZTRFhuM1NYNDNXakw3VWx6azFMMllvVjIxR2hscWJkWU9VMzhMdzJqb1FoQ0I5blByUFptcGFsdFBLd1hlQ0luTVNXUXA2c1p3VUtUY3Fmb2JxSklwVERoUGJ0VEYxRFRva3Zrek1zVlR6SGItZTZyTXdxc2xYQlNHMlVzMThLX3N5NU9YYVUyMlBDekZtcnVBQzU4S2VuUVdUb24zT2F1YldVV3dqLWpTQldoWnMzYmtDV2s5cTlxSkhPYk9R0gHbAUFVX3lxTE5SaGNYM2VzMFpvNHNQdUdvU2NtbWNpaFFpbHc2U0N0YktQMG9mUm1WSGJabEcwcndKejdFQTA3ZHh3Ti1EcTVrUlExYlVuZ1ZvanlFVWdjb1JTQWloQXY4OFFlbGJabTFfbXdybGZ0OHZwLThiWFNibTk0aUdVeFBEeWZQWjN5TXByVU5YQkM1cTdrY2hqanBaNGRCZ0Nsay1DZ2UzT2NUV0FScC1SX1U5MlVPRjdkck0tWWJnMmNIbFcybnZYODY5Z0p3N0ljbndRQnFRVG85YUNrdw?oc=5,The Times of India,"Wed, 24 Dec 2025 08:00:00 GMT",2026-06-14T20:33:21.863948,investment_fraud,True,False,candidate,https://timesofindia.indiatimes.com/city/guwahati/mizoram-governor-unfurls-states-tallest-tricolour-at-zokhawsang/articleshow/126164791.cms
share market scam Mizoram,"Mizoram Foundation Day 2024: History, importance, celebration, and more - Business Standard",https://news.google.com/rss/articles/CBMizAFBVV95cUxOaDZ1NjJMQ3pxdEhKQXE4Zng5cmg4Y0NyQmlST0pLRU5fN1NYQWRxZVR1ek1wbE9DVENDM0VNc285S2I5QmdTN0x2NU9Wd2NSRWNKbFc0c3cxejhIYWFjT2VoLUgwRGVxdHkyeWZ4elh1a3lQTjdtV0dxRHRIb09ibE95MlVDNUFPRzI0T3B6bWh4NnZ4WU5sTmdWVllNa21tcWo5SVltSVk0UmotLVNkOFFiVFBkdDVYU1gzLW5ULVdPWUhYdEtHOW1hX2fSAdIBQVVfeXFMUEpUM0VhNDFFMzQ1Qk1xMVFUVTYtZjJJWjA3RUFRd015b0lMWUdoYmJ5Vk55NG43XzU0NHNMM0cyWDc5ajFYTGtmalZycXJGN2hyLWZkTWM3MXVjQWRXNmlCSU5oVE9Ca3dpa2R6Ym4xdHBGdGJjTDl6R0lpYTVRQ044aWdrZlVPdmdYN3ZVTTFCdU9NYVVEMmJYdURJbDQwVm5aaUhXMTI0Y3Y0a3BQeGRMR1lVYTdFeVJ1S1NuT1hCQ0ZjUklQdmdUbWZnY2M0T1d3?oc=5,Business Standard,"Tue, 20 Feb 2024 08:00:00 GMT",2026-06-14T20:33:21.863964,investment_fraud,True,False,candidate,https://www.business-standard.com/india-news/mizoram-foundation-day-2024-history-importance-celebration-and-more-124022000261_1.html
share market scam Mizoram,Tipplers in Mizoram opting for BEDC - Business Standard,https://news.google.com/rss/articles/CBMirgFBVV95cUxNWExKeFJ6R3c0UnZGNmVid0JkdjNMaHpLSFdudUE2YW94alA0RHNTRjg2NzhfOHJOOEhLVHJuejExVlZhYU9LM2V6dDBVcjJkWXhjaEt4RlFuMnVmc0l4WFF2UVR0TUtJa0czT2NWTEZqcTE4b3JwbUhPakpfOWxPX2REN3FsWmRxaHExaTA4OW9QTHMtT3JLMHZna05nVWlzOTRMT3ZtU29hZEczNHfSAbMBQVVfeXFMTkNBb2drZ2tVekctaEhiaURIbnNUZTB0ZkVWSloxQVlsU29tckhSa3MzWGc2N0ZrMWdKLTBUdTBobDlRR1Q5aUU4RE0xUVZLVlVZendTS3RXUDFwZlotZjRYUDFHRHhPX1p0WElFWDh2MkRkanNib3IyejRWS2hUZGdsWlBJOXBHT01VVmo1Tk1CMVp2YTAtcXhSNjVUVHlHV1FVZGt4RF9vdzhMUXR1RFZ4aE0?oc=5,Business Standard,"Mon, 21 Jan 2013 08:00:00 GMT",2026-06-14T20:33:21.863996,investment_fraud,True,False,candidate,https://www.business-standard.com/article/pti-stories/tipplers-in-mizoram-opting-for-bedc-112111200454_1.html
stock market scam Mizoram,17 prisoners illegally released from Mizoram jail using forged court orders; majority re-arrested - The Economic Times,https://news.google.com/rss/articles/CBMi8wFBVV95cUxNeW43QUNCQjUtYWFNbDJleTNwaGEtTUtuY3BxLTVBSjlsVDBTZUhpQ3F2aURJV3A5YUM2RkVGU1lTSVJsblh5N3dpamYtR2xjemhpS0pKLTdzVk1YWHktaEZqamRSZUVqc2FMeFNBcUdMZ2htX1BJMkgxZmpOWF9LczRnRUsxTTBNaTNYdlVjS1k0RHJkTGd5Zi1vT0xNWGE2Z2xwblB2REFVZmthYzZ6SzRmdXZQQkRqNFpiN1A3dEpVd3RNZHpuUDgwdVpKSDNTdXV2RWgtSWh3OFpNX1lfVUtuMDVPQzlEcnMwQlQyU1J6Q1nSAfgBQVVfeXFMT042R3JXWmh2N1pGOU1QWWVXMFU5dEhySEozYjFoR01zc0dfelNBelloWVpCbnBCaXNMUGtaMnZSWV9ibDNPdElCNVpsOHVhdEV5NjRTM2UycnB0U1UtbXAtMWdZNW9BZ29Hc1NrTC03bjVQaGFvLXd0UEw5NVMzQ2FMWWFJRkFFZld5b1RRRHdOX25HS1JsZjRJWFF0d25WY3M4dmVBVllvOFdNMThEbGRpN3o2QkRIWWtSMjhsX1VuS0RxY2VZX1VaX1J5aldtZmJhSk5MbGtSR2RLYW1WRFNNOXlTaVRFYkNFQm1ySVVxQUMxQ0ZNU0Y?oc=5,The Economic Times,"Sat, 09 May 2026 07:00:00 GMT",2026-06-14T20:33:23.833794,investment_fraud,True,False,candidate,https://economictimes.indiatimes.com/news/india/17-prisoners-illegally-released-from-mizoram-jail-using-forged-court-orders-majority-re-arrested/articleshow/130981682.cms?from=mdr
stock market scam Mizoram,"Mizoram Police seize Rs 31cr worth of crystal meth, arrest Myanmar national - The Times of India",https://news.google.com/rss/articles/CBMi5AFBVV95cUxNYmtLMk94Z1l4c0Rmd1VodWp5QlRwTnFtc0hFZVBxWWtEcVVRTUNmaHJTMzVwemtBSWp5eloxbkRxYXhRSks4cVNGMURUZWNmZTJxX0QxN3FzN2VfbDlzSkxHdkV4LUt0ekJwYkFRdnRiaS1rQlJYUjl3RmFHSHhzSlNKQVlzT2ZWakRlbWRXNWh5dnJaS3U5WDBSQVJmcUpQcGNCbTRSeUYyS2VwY0ZDOEJwX1J4M2VSOHFmMVBGR2Ftcm5JUzJTNjRhSHdHeTlqMTlVZzdMOUxYQ1NHN2Nab1R2ZWLSAeoBQVVfeXFMT3hpbno1UVBBOGk4aFFkRGZqTmlEdHRCSUlyN2MtUWxQWGkwckJPblJsOXp4bEdOZmgySnl6bGtYMTNXT2YzUDRiS1RuMXdTWnhnUVdBQmNsLWJLTDB5QTlZQUN6WldKS2lGLUNNcUwzTmFUUTdRWGl0U09MdXJCTC01OEdiNTJFcElMbVJMQ1I0SGRCenI1SUF1SmxaZDRrS3BGS2VyLWR1dWJYWkU0Skt4ZXRRdWNmbVIteUw0Z3BCeTNtSmxJbFFHZjF4M2cyZmxLR0tqZ1dpczJWeUhEbXVNNHBsRlFrb1FR?oc=5,The Times of India,"Sat, 21 Feb 2026 08:00:00 GMT",2026-06-14T20:33:23.833834,investment_fraud,True,False,candidate,https://timesofindia.indiatimes.com/city/guwahati/mizoram-police-seize-rs-31cr-worth-of-crystal-meth-arrest-myanmar-national/articleshow/128653113.cms
stock market scam Mizoram,Mizoram: Assam Rifles apprehend 3 Myanmarese nationals with arms | Hindustan Times - Hindustan Times,https://news.google.com/rss/articles/CBMiyAFBVV95cUxOTHREVHBBUFVKOFlxQVEtNFVvRkp4cDdGLVdDNld4LUNsSzI4ZFFTSnNtUC1BLXNCT3VnejFXRWdzVk13Z2VfSGstcGF0cHBXd09PN0pYYng4RDE2RHZRNFR6SlgyODdSVkNqd0NQNV9PY3VrWXFNUVFhNFVGX3ZJby14YzNsQklDdDBSMUlpdlJNM19ndHdRZjF0MDRGM1RQZ2FxWUF3SUw3MzFIa0pMM3hfZzlqQUZ0R2ZDZjV6bThFQ2dKWm1pMtIBzgFBVV95cUxOSXlSNFNGbVhMb0x6ODZHX2RIeXhLaFNJUDlQblJRRDVhWXZIZ0lKVmRPamd5aC1CRDRmZkRMWTdWLU5WZkZxOEwxclFpMjJ0M2ZWc2Z4Q0lrUHZUUjJvQ3g3NVFQR29LZGpzN1Z0aG5fRnc2UXJVZ2c1YnRSeXAxYlk1Ung0V0VWNWVHX0o0YTMzak0wQ3pmOEV3OE4weFcyNTZKc1o3TnljSUV3U0hfTWVTZjdjS1BvUnBZMWVqY2llY00tYXVfYlpJWk9aZw?oc=5,Hindustan Times,"Sat, 27 Sep 2025 07:00:00 GMT",2026-06-14T20:33:23.833847,investment_fraud,True,False,candidate,https://www.hindustantimes.com/cities/others/mizoram-assam-rifles-apprehend-3-myanmarese-nationals-with-arms-101758982931194.html
stock market scam Mizoram,"Mizoram CM attends cultural meet in Assam, calls for brotherhood beyond borders - The Times of India",https://news.google.com/rss/articles/CBMi6gFBVV95cUxORm1VV0NCb1RSS0hZbXE1TDlpNjlxSHdtcWRrUzJwM18yZHhwSExSbkJpd0d3cnVaUEdUWkV0THZkYTBXYlJJdllrbXZxUEgyRERTVTJkWkcyTWlkMG51aGZoUl9wdUFROFhrSVM2OEVWakx1WkRSZ0RhM0VwQzhRNE9wZ2Rra0lieDFJSnRpV1NfbG9RaDhKT0hraGU4eE5KdExfdHBwYVYzOUJDbGdNeFVBWXdmOUxZTnZSVnJDbm5PbnQwcC0ycFFfb2kzc0RZLVBqZjVGWWpQQTdmN3FWUzhwd0lqb3c2RFHSAe8BQVVfeXFMTnU1VWNZbTdoYzY1RXB5QWI4MjMxOFNVRF9WcGsyUEc1T1NSNUdyc3JmTWYtUC14MnZkWGNpc1NobGl6UWY4cjRBN044NlVIajJKMFZDVEFtUkQ1dTlfQW1LZkMtaDN6LW5zcVpuWFZISkhxSEQ1aGpyLS1Nd1VPM3JsNlZlLVJrdVlKN2d4Sm5QcXRlRFdmdDU1QjlCc0Z0ZUl4U0FuQXlsU1BfYUVlVjhnZEdJYjNwcC1jNmhYQk91X0c0X0t6ejZMMUVWa2QxVzJHQlctbVFaSFRJQU93Y1pxejIwUGlEUEpVcFRoWUE?oc=5,The Times of India,"Fri, 20 Mar 2026 07:00:00 GMT",2026-06-14T20:33:23.833982,investment_fraud,True,False,candidate,https://timesofindia.indiatimes.com/city/guwahati/mizoram-cm-attends-cultural-meet-in-assam-calls-for-brotherhood-beyond-borders/articleshow/129700522.cms
stock market scam Mizoram,Heroin valued at Rs 33.86cr seized in Mizoram in ’24-25 - The Times of India,https://news.google.com/rss/articles/CBMiygFBVV95cUxQUVE2VHhTUTM3Yk1QcUlaQzI0b1lrNTNIUXFXSGVkOHJtUGI3UlNoZnNzR1dCZ211XzlKc09PRnJ0MGtkejgtQ0E2bHZZdlFDRWV1OVY2SXhvYTFBR3RTbFFyUVVndHZlQ2t4MDFvZWFwNDhnNXIzWGJhSlNtWnpjX3FiTFFyUEF5U3Y1aFJmSUo1MXV5UkVOOGtEdENYa3VEQUJCSF9EWjBxam5IUlhZXzFPbDVtWV9lMFBYbXZtZzZoZUwwS2RVcGdB0gHPAUFVX3lxTE0taU5qNFMxQ2tZX3dCcGNDU09iMGpFdFJENEpxQWhlRnB6TEpSTi1vSjN3OE9iYzJHQTJqeWs5amVXclFLRGtrTXFjMXB6MWJBb2VpbVoxTzRvUHFHZnlpMjJCSm1jbFBIOFNTTWFtb0NmZ1VJVmxVMHMzZXlmSG5oZ2gwYno2dTBZTkVMX2EzdUs2Y2Y5NVVFM081aXlqRTF2RURZX1ZrcjlVbUs4MVJYNW9DQVNGQkE4dmJ4WXphTFhHQUJ3SUpoWWNRWXRwUQ?oc=5,The Times of India,"Tue, 06 May 2025 07:00:00 GMT",2026-06-14T20:33:23.833994,investment_fraud,True,False,candidate,https://timesofindia.indiatimes.com/city/guwahati/heroin-valued-at-rs-33-86cr-seized-in-mizoram-in-24-25/articleshow/120940067.cms
stock market scam Mizoram,"DC, SP-level talks to ensure no trouble arises on Assam-Mizoram border districts - The Times of India",https://news.google.com/rss/articles/CBMi6wFBVV95cUxNUnMyQ3k4QXY3LTM3bWV1MzM1ZUhHaWhsYlRMMkhLZ3JpWnR4aHZwX2JncnVSdUQwNVdBZng5N1F5MmdTYVQ1TXZoMlNrSXl4X3ZBdDUxZ2E3M1gtVXRUX3lIVFpqMGJIOEYxTVJLdzJMaWU0VWZra1B1OHVyNTRXQUlnZERpNzlyT2VRZjVNUmN0Z1ZMVVRFZTBDaTRwRkQwMFRyR0dTVTlXeEhuSGEzajFLWDVDVEQ4TUEwUEtVdkpZdGdsSEJmWlFqR0pDakY0TzVLbE9KM3Y0OEhmM2xLa2JEZ3F0ZzJIY21J0gHwAUFVX3lxTE9oVHF0MkdrSjY2a0VxWDYxS1FJSGFOMUMyamNzRzR5OFNxNExraUhFeGdDUXJTOTEybGpleWJxaVIxeTY5bjlwSEVQTXV3bmJvT2RlS1p4X2ZtczdPeXFWUTB1bHNYSmpSclM1UGE0X2tERk4wWVpEZUZ6TXhESXFBSFUtTzRpZzd3ZVRocWsybUNMbU9xVm9RTGVrTElFM3ByN3hBTFZZTDcwTkM2b21hWUYxQnp2NTVWMkM4eDhDZVZGalpOdXhTSUdidXh0UFpIS2dsN0pzX1dFemF2ZmFBSV9uY0lLRTNVcmNCMzFyRA?oc=5,The Times of India,"Fri, 07 Feb 2025 08:00:00 GMT",2026-06-14T20:33:23.834020,investment_fraud,True,False,candidate,https://timesofindia.indiatimes.com/city/guwahati/dc-sp-level-talks-to-ensure-no-trouble-arises-on-assam-mizoram-border-districts/articleshow/117992554.cms
stock market scam Mizoram,71 cases registered by Mizoram lokayukta since 2019 - The Times of India,https://news.google.com/rss/articles/CBMixgFBVV95cUxNcnE0OVZfMHN3a3JBQUExMjN3NkhhdmtNLTVRck1aMUFBSDlfNEhLR2VYRFJCaXE4WjFSc1pwVmNWUHdiWldrb3U2NUc1YWNkSHFxcE5BWjgwQ3BHZ200bU1kOEk4aDZ6Z0xIU1NNSG01THAyMHl2cDg1Tm10enl5SEZSRFl6VjVzTFJsNDd1Z18zSTEzMXoyUHVnYkEyeVFVS29QekZzNVRzR2V5Sy1iLTNEeXQ2LUpDSVROY05KaHNtV1plNUHSAcsBQVVfeXFMTV9WN2hWaDdveHpFVG5MdTBCVXUtUlFpY0tIRm9NM0xLbkFqd3NWa2MtLUxZYURhQWhhQ0NlbGEtZTZSOU0yRkZUSnVpSWh6bV9uM09zMl8tQkw3SWNsdFNWQzNCSWdQZGJLUWd2MGNwblNNbV9lM0ZJZlZnWC1VWjFVS2k0Y2NoalcxQk9ONkt6LVZ0ZlJIR3dUNE8tckdnOHlKR2JyVWlNSUxUdEZ0UG8tRDRDVWxMOEIzWk5LQ01zMU82bnpHZjVQNkU?oc=5,The Times of India,"Tue, 11 Feb 2025 08:00:00 GMT",2026-06-14T20:33:23.834032,investment_fraud,True,False,candidate,https://timesofindia.indiatimes.com/city/guwahati/71-cases-registered-by-mizoram-lokayukta-since-2019/articleshow/118153386.cms
stock market scam Mizoram,Myanmar army plane crashes at Mizoram airport - The Economic Times,https://news.google.com/rss/articles/CBMiywFBVV95cUxNcEktQ08xb2dwdTdzV0RaSmhhd054UjJiNU5sczc3clh3QVh0OGo4Q0RuMmxqSTlyTXViQ0lzQXZWWXZSdV91WnhIOTRhNkhXR1p3dEVnU3FLZ0o0alNJejktd2hTeWtpN3RaUU5yMkxPVDVqVWVsNHRvaHJNNzNZai1la0dyRkhSU1BxNG5EY2ZDejV2TUFlbHByRGZEcXhzRnQtcDI3ZjB4X0RITjBTNWkxb25UQk1HaUtMWHZsOVc3N3g0ekM2eFJXMNIB0AFBVV95cUxQQzBwN2oxbnBNeTVZUC03QVAta0M5VHNKWXQ4akJXZl9FaVVjWnpYX3ZYOG04RXNYSVc5c3J3b1NPQjVWb2lqZ2ptTVBSUFBOX3hENTV4V3Z2V2tSeVJHRFNJUzZpM29yWi1FdWVialdJN28yNUJGbjduR0NveU11QTA3bXhwcWx6M3VGRDRFTWFIcHBFd2FyR3pwN0VnWVBQd3RJY0lVdklTemwyR0FBYUVlLWpBaFlkMW50czVNUFlUcHhLZFNLaXlKdl9uaEtU?oc=5,The Economic Times,"Tue, 23 Jan 2024 08:00:00 GMT",2026-06-14T20:33:23.834057,investment_fraud,True,False,candidate,https://economictimes.indiatimes.com/news/defence/burmese-army-plane-crashes-at-mizoram-airport-six-people-injured/articleshow/107074713.cms?from=mdr
stock market scam Mizoram,‘CRPF commandos from Kashmir to be put on Assam-Mizoram border’ - The Times of India,https://news.google.com/rss/articles/CBMixwFBVV95cUxNVnFUN2Z5TFVzUHFudkJVa1VhUFRfYXRtTU8xbVFjbU5nWDdkMEJDNnoycktuSkJmNUg0bDNnd0l3Y2VDa002cjZvYkdlbHZ6SFNTc0tEQ3IwQmhmLTFDT1BoUDIxRWxCTmlxT0pFbDNyTXFwWC1UX1NWRlV6cmNoT25GOTFaaDN6aFdRT3lxVEpOSW14QVJEU3ZmTHdhNVFJZFE4MjJtVHM4aS1YdTFhZHhoZDQ2Q1pSMjJNYjQ4U2pxTzJJTkVB0gHMAUFVX3lxTFB5V3B4UVVTX01RbU5kU1FHVmZIMFlpTVdpaV9MTXhvQmdrNWNJeVlHTjVfOC1EenRtc001bGN1MmZ5ZWNSbmZKTngtVGVYTzRlbTFxQmVRR0lzZGk1eDFrWExnTGZLN1RqblF3am5sY2NaMmRUb0JZOHc0bzU3UWRQdFFmUi0yOG9ZODZMRDVaRGVRUi1BT1hRQWEyQ2pybWlsd0NWdGI4S3hFaEIwMnpkT0lkVUVwME1ZZEFrUFIwVjM4U2FWR0pfUlNiMw?oc=5,The Times of India,"Sat, 31 Jul 2021 07:00:00 GMT",2026-06-14T20:33:23.834099,investment_fraud,True,False,candidate,https://timesofindia.indiatimes.com/india/crpf-commandos-from-kashmir-to-be-put-on-assam-mizoram-border/articleshow/84910364.cms
stock market scam Mizoram,Border movement between Mizoram and Myanmar eased - The Times of India,https://news.google.com/rss/articles/CBMiwwFBVV95cUxQUU9qV3JBTi1aaDdDYWl1TDlVUmduWGh5WWV0TUt6LVlCbFVaMUpubFRyMzBJQU1MTnpvaXM5U3MtUFpEN1JVN3ZGRjBwXzdocjZhMnMyVTBqUnRGS19jbkk3dVhpNnRGdE96Z1d1ZFFtamJDLWhFbzAwdXhLMURhdHRaX2VlMnJVWW00R2NDUVlzN3c4UXYwd2tCQUV2RlB1VHp3cXAzZ3NCdWZZMlo2UUZVTTVOZW9oTTVMZC1ZRVBvdWvSAcgBQVVfeXFMUDZXMGY1M2I2cHNyUmVGZ1owOGduTmg2RkZPWExqTDlHcWtNbmdPcEt6REZNTFNlVENtU2o4X1A0MkJqclBPRmEtbFNzT3NUOEdBUzV4QjZFZGlicUcyajFzTEtCOUExVVloN3VxcUlLUDVSTlhWNk1EekpEVm1zMHlsM1p3Zm9DTVJucG1oODJMcFcyZ1NTcFVCUW5hNXVVTHBKSjlBSVZnemtUd0t2TUZtdWhsTGJjWnp0Zm5jTnJjZTB6T2RNM0k?oc=5,The Times of India,"Mon, 31 Mar 2025 07:00:00 GMT",2026-06-14T20:33:23.834111,investment_fraud,True,False,candidate,https://timesofindia.indiatimes.com/city/guwahati/border-movement-between-mizoram-and-myanmar-eased/articleshow/119769393.cms
stock market scam Mizoram,‘Drug-carrying’ China bikes banned in Mizoram - The Times of India,https://news.google.com/rss/articles/CBMiugFBVV95cUxPZnJMRXlneWUySHdQMlMyZ192LWswY2hDYk9TQzNmNVNRYk5sMHpfNTJIZ01FeEtkMUtTeDZSckNfUEJuYWtpR29jdkQyLS1MNDNSRGdTQkY0eUhzMFFNb1dPcEluUzRUZ3NCXzR0LUhIeDdFVERaZUxBLXVYWTBfRHJjTm9QVXBpYlRPcDZTQnUyMTYzeWRlVk9uS2drMzdES05nbERycmlSU2lEa3Y4RXNZLVJxTllKZHfSAb8BQVVfeXFMUHlMYW9EcWdQTWtqMlZaeUFUa1ROQVF0OFE0TERDR2hMbjNwLVktMWVicGY0U3pRLWdOYXhpTHBtcU1KUVpGMm9oSm5xUWN2dkVOQUZWMi1JVHJvVzQ1djJjc3FhUENEYkYxdXkwWFlPV3hIanhEUkY1em05S3dFeHBXam9sNWQ5NUpjYnVjNk9lOFZIcVJjNEdxOVlyYzlWRVVReGF1RXdKbmVDNnNqS3Jpd2FKRUFVX09tSUdpQU0?oc=5,The Times of India,"Wed, 09 Sep 2020 07:00:00 GMT",2026-06-14T20:33:23.834156,investment_fraud,True,False,candidate,https://timesofindia.indiatimes.com/city/guwahati/drug-carrying-china-bikes-banned-in-mizoram/articleshow/78009241.cms
stock market scam Mizoram,African swine fever kills over 500 pigs in Mizoram this year; all you need to know - The Times of India,https://news.google.com/rss/articles/CBMi4wFBVV95cUxNaTV5aU9EYmFFeTlxSDlyTVlKdk9oaXhua0NKNURxUEpTNnBXY2VWR0o1aExUdTdDTzU5VzZuczFHQ3dnS1R4RkFOVFc5NW9OUGFROUMxdDVmblhnMV8wRE5PUzNKXzBwWWhwWmVPRUJUN29qX3lpeU1WRUNBOHQ4VzVwWVlDc2FfQ1FHSHdZZFRQODhSTFRtTnZDbEJlS09vYm1nOUVaZDFMdXhkdmlxbXpZSEdCUVF4VFN0eWlsUjVQVm1ERFJLdmFnSmJTYndhOGZ5WlFvQ2VHYVZETEt4a1pvc9IB6AFBVV95cUxQUmVUNC1DVEhKa29QOVhPYnFYWWE2T3ZINmpXMmVrTEg1M0FrTjljem42ZmxsWWNkYWQ1MVUtTHVpRHp0WGNLektMenFXcThQQzZZQlRoSkFvV2JqQUNhSmNrTFl5VGdFb0dHMUVjVmZYNFctdzI5dy1USmRkN0ZFRzRfRFl6a2dLZXB1MHpLTmFvLUVJTEdyYUx0VDNtdFFRVS1oNWVTSVRPWnZQMUJMallJWU5UYXYwTzZkM0lXMmZlbGFaV0tHdXh4X1B2UnVsWUxjNU1qaTJLTVZHaUFCRTN3ZDZ6SGEt?oc=5,The Times of India,"Sun, 30 Mar 2025 07:00:00 GMT",2026-06-14T20:33:23.834168,investment_fraud,True,False,candidate,https://timesofindia.indiatimes.com/india/african-swine-fever-kills-over-500-pigs-in-mizoram-this-year-all-you-need-to-know/articleshow/119737479.cms
stock market scam Mizoram,St Xavier's starts Mizoram campus - The Times of India,https://news.google.com/rss/articles/CBMiqgFBVV95cUxQUzN3WEpNMkNPTG5jcWtLVVFSNTJfa0ZuNjNUV0JVRUdxeXo5eWJJSnpxZ2R4Q0IxU3dLeFV4UVhhUnM0aXJmYUx0RWEweUluYXRCcVdkNmlVNVUyQnpfSmV0cG95dDNTUzhZcTdPRTZ5aExXdWcyVFpIMkppSUtUU1YxcXJPamRMSnZ0UmVSQTlval9GOUdURnFuRlNmUzZlOU9PLU5aRy1QZ9IBrwFBVV95cUxOdTlRTS04ZVVTR094cTJmbDRfM3dmQmZLbHA5M3FUTEV0LXZQb2ZtU3lqMWdUN2F6NExzTGNoRnJTSExNNG0xamFRc05xVTRRUF9FbHJtUnZzand4OXB2ejdnTmxBT2hBXzR4eXV6RGFmWERyaUxrNHZTN1pycHg5cGx1TlVUVnNjb0Y5UmFYT0FITGk2dHE3c25WZm8zNWljYnR2LWlZdFF3a2lBdGxj?oc=5,The Times of India,"Mon, 24 Jul 2017 07:00:00 GMT",2026-06-14T20:33:23.834193,investment_fraud,True,False,candidate,https://timesofindia.indiatimes.com/city/kolkata/st-xaviers-starts-mizoram-campus/articleshow/59730627.cms
stock market scam Mizoram,"GoAir to start non-stop flights to Singapore from Bengaluru, Kolkata; daily flights to Aizawl - Business Today",https://news.google.com/rss/articles/CBMi5gFBVV95cUxON1FKdDFSdVE0Y1JOODZPb1lCSFdzano1bkt5WkFQUl9sTVFwWDhpSFBwRDNadF9xOVNMSWhZRTJvRFU2cURNWGF2RDVneXFuQ3YtNEdXRUVnN2FPSFBvNEVibGU4SWRTVHRkbUdoQUd1c3BvWVBFNWxRbzdiMEYxcFZRWUpUNG5BMVkzYkh5VUNLaHJ5RS13eUxNdExHVVM5b193UVFoRXZGOWhucUhLeEFIQmR0T2UyU3dEbVVuVjg4SkpMclZPblk3UEVLR2dwREdVUWowQkRWakhRLVNBVUhLWlJwZ9IB6wFBVV95cUxQTTRzYU5rMzBUb0lwTUlndm1fdDhjNE5zbTJvRlVXaVpzVTRGZ3c0YnJ2Y1J2VWVud2tveGFSVFBzNjdIMGZqVldMZDlJdXFLdDFXVkRIQ1ZKODMzenhlVC05Y2lvb2ViOFh5cWllakxCR1FGQlhvUUw5UmhYeGMwX25QQTFYajBCcG1YMTZrbHpEYVN3WmRnQ2ZQSjRTYllrX05OWXA1eU9aNjdGUFl4ckFjUnpPcHBDQVVTU2RaWmhTSlFCWm5KTjQ4R2FQOG83NW9ETEdhZ1FJelk1Z09SalNnZEN2TlF4cW9j?oc=5,Business Today,"Wed, 09 Oct 2019 07:00:00 GMT",2026-06-14T20:33:23.834230,investment_fraud,True,False,candidate,https://www.businesstoday.in/latest/story/goair-to-start-non-stop-flights-to-singapore-from-bengaluru-kolkata-daily-flights-to-aizawl-231575-2019-10-09
stock market fraud Mizoram,4 die of cholera in Mizoram's Lawngtlai dist since Monday: Officials - The Times of India,https://news.google.com/rss/articles/CBMi2gFBVV95cUxOSGFxMEl6NWctbkJ0OUVZVW40eDlGTzJuX1EwcVhueThwSzFVWk9TX0JQYzRVYmIzcDNsajdXNk0zTWZzSnZTQnpSQnM5T01RRjRNR2diM2h5T1dIMXpSSUFPeGxLcHlpOFh1UW5fRmpMN2Vjamdabm1mT0xJeHZTWS1SU2QzWkNNb3hjaGxUQlZnTUNKcnN3eWt2YjBSd3ctOE9WMVdiTXIwaUJ6STlZVkRNRzZ2b1lCN3pZWEVyeThZQ1FGNFljOWdtcHplU3hNMEVjbXo0cGpWQdIB3wFBVV95cUxOMWlnYU8zNWFuX0Z3QTBULTBhNzljWlQwQ2w1eUZxazFBX1Rqa0t2amNTS0dMc3JJVWpUV1lfUGx2NS1CNzZUaFNRNy05WlhmRFRaTTRLNEl3dEpUSUFrekNEcHdyQklhQ2phSFRsQWRNSW5VNHlOcDRXYTQ1R1NDaGxkeGRNZzJLZGUtVW1RY3J5SUVuOGVySmp1cnh0R285dnhPY1ptZGVaUDBHWU90QTBDS1JBQ3Y5ZExPOWpUdUZJTjBEcFNYeG8yQTlNOS1YWTh6OUM2eFlVa1hyNUlr?oc=5,The Times of India,"Wed, 24 Dec 2025 08:00:00 GMT",2026-06-14T20:33:25.764484,investment_fraud,True,False,candidate,https://timesofindia.indiatimes.com/city/guwahati/4-die-of-cholera-in-mizorams-lawngtlai-dist-since-monday-officials/articleshow/126164754.cms
stock market fraud Mizoram,RBI Officials apprise Governor Hari Babu Kambhampati of the forthcoming Financial Literacy Week - Lok Bhavan Mizoram,https://news.google.com/rss/articles/CBMiyAFBVV95cUxPZnVqUEExWFpIeXV2aVo3QTU5aC13OERydjhzMlRYbXNET3N0SGhuUm5fbFMtN1VJYVhPTXgyN19yWnoxYTdKUTFNSmJLNUJ4aHY3VTAxRVFXTjlCSG01T0UwR2V1aFFBZXlsRUV4MS1uRzMyRk01QTV5RmRBU3c2OUhQQTBIX3Q0Y2JyeFZ1XzEtb2cyMlVPY2c3YUEzZFR3Q05tbTM0dDJib3NzMlZCcW1NRGdpRVVERnZRaVVPaVFJNlJnaW9sNw?oc=5,Lok Bhavan Mizoram,"Wed, 18 Jan 2023 08:00:00 GMT",2026-06-14T20:33:25.764493,investment_fraud,True,False,candidate,https://rajbhavan.mizoram.gov.in/rbi-officials-apprise-governor-hari-babu-kambhampati-of-the-forthcoming-financial-literacy-week/
stock market fraud Mizoram,"108-year-old woman, Lalneihsangi, declared oldest person in Mizoram - Business Standard",https://news.google.com/rss/articles/CBMiygFBVV95cUxNakRjOXlHeS1fSFUtQmxKUG13WTIzQnUyM2RTOTFySWZhVU1zQWNScklZUjg4c2V3cldlQ3ZqU3ROZmhVS0RMWG02aWw2LTdBdEU2NnV0djlxVHpZeDNPVHQ4THluVDNqXzB5QTdFVjlDS3VYOWRrc2NfcmdYbWlOVmZFMkZmLW53MC12SDJQNndtU3JmVlRBWXFQM19RUl9BR29NQ21RcGlycTVfdGVuLUVxSnQtX1FnRzEwSFJDNUZPcVZzQUNaR01n0gHPAUFVX3lxTE5HUnctZjI3UnNRQ2V0YUdBQ05KVVBkMnhWc0pKLVFVbnd4WnNfVW9MS2FhWWZQM1JYaEFNV0lQQ3MxX3FQNVZZSFZ3c1ZrbXBtOExxbndSeGhMYXo4SmZLUXNBRmxKV0Y1NWJUQ0FkbWlHa2p3Q1hFZWdVQVF5UU5rcUIzRmZ2Y2Zvb2JJUHhnaVBIYXpUQ1NyLWFWUE11czN6MUdNTU9RZTlOTFRXaFA2X0Z4N191TjR4MHFROGFFUnlaSEhhVU5RMnhNN3JyRQ?oc=5,Business Standard,"Sat, 13 Sep 2025 07:00:00 GMT",2026-06-14T20:33:25.764553,investment_fraud,True,False,candidate,https://www.business-standard.com/india-news/108-year-old-woman-lalneihsangi-declared-oldest-person-in-mizoram-125091300820_1.html
stock market fraud Mizoram,"Modi unveils Mizoram’s rail link to Delhi, boosts NE connectivity - The Times of India",https://news.google.com/rss/articles/CBMi1gFBVV95cUxQWDM4NllndXlMRjJicmtjeDM3UkR2TGlhSmZFUlFVMUtwMk5oaUJlT2xFV3liNkpnYkNfaE5ieWhTbzdGM1U2dGNUcERGV09SbUNXSEVYQ3BENVN3OUw1VGpmNGl4cVo0QjRXbHNfOVZYcS11QUo2VXRINnAtbDB1cHEzTElDcFRlNUpVenlqUzFzYzZLRTcwdDlxakgtRWVmVVhLeE1WXzJacC16OEZZZnAwNlB0Mks3NmpTdHYyMFlSbHBJbXdDMEN2NVh5cVdLSDZFOWxB0gHbAUFVX3lxTFAtUzZKd3VwYnY3cVhNXzRTNzBVMkgxdUg5LTRxbGhlVHM5YWl0VUVQTWMxcDRyQzhDLU8tckFJdkNIcnk1MmQtWG4xWEtvUkZBcXA2bzNZZkdVNUVIY3VqTmRkdFpZYkxONDVobnhZaDJpNG9hYVdreFd1bVotMlpyMEF6SXRHOHgzRUJSOHlXQ1hKakdRcWZnOVBkMExxX1VrWV9kaGlybDRxNDlJMl9IWmUzdHQ5VmdIaWhEcktyTEZjY0ZSNlQ2TmtLRWZjRTBIUktIQk15b1dqTQ?oc=5,The Times of India,"Sun, 14 Sep 2025 07:00:00 GMT",2026-06-14T20:33:25.764595,investment_fraud,True,False,candidate,https://timesofindia.indiatimes.com/city/guwahati/modi-unveils-mizorams-rail-link-to-delhi-boosts-ne-connectivity/articleshow/123873757.cms
stock market fraud Mizoram,Mizoram govt ties up with banks for loan recovery under state’s Bana Kaih scheme - The Times of India,https://news.google.com/rss/articles/CBMi6wFBVV95cUxNMDFZOHpIamtrbTh0em1xN3VxSDhHUzNYM09RdlNxYnFFWXd6QnNiaHBjQ0x4S0VWd0ZoUHVLek8zMWNGMkUxbUZrQ2RDUFRZUWVRRlh6bkZGZFFCZ2RLdVBmYzFrcHdNY2FTOVhoSFN0RDh6ZkVVb19CWVExWlZNckRTWkcxd0M4QklwZUQwODc4cVdWMThDa2t6bmdMTFF0dDl4NDkzOTNNdzFpd0NPSmRpMFpXcGZteklyVU1IU0dPdGJwR2hhY0VMM2ptRWZpSVVwQXZCWkxNZldRVmRFemx4SjE0RzdPSHNR0gHwAUFVX3lxTFA3ZTNYLVd1RjBUalJBN0xuWWhLaWtNc3k1NHpxT3NGOHNPcm55LThsTm1qLUs0cFpXejFiVlZFa1c5dWl4YUlVNUxmX3Y0WGcyTEZ3aTNlWnl2VGpoXzgyVGZWRkprRFFwRmh3UTViQmlhLVN3UV92ZGZsekotUGZod1hyWnEyRmxBVmxCVVdPYVpMeVNVZVNEVTJrX0xWczN4WjhCYi15N2hFTG1LMWNqYkFfZUV0UXhzaW9BZU5hRXBXdlZ2a2t6UmtNbHpwUjRmZUMtQmNzX1lZeGtvdzR1ZnZabGpRR3N0RlZsWDFJQQ?oc=5,The Times of India,"Wed, 18 Dec 2024 08:00:00 GMT",2026-06-14T20:33:25.764619,investment_fraud,True,False,candidate,https://timesofindia.indiatimes.com/city/guwahati/mizoram-govt-ties-up-with-banks-for-loan-recovery-under-states-bana-kaih-scheme/articleshow/116440481.cms
stock market fraud Mizoram,"Mizoram sets up state, dist cells to check LPG hoarding amid war concerns - The Times of India",https://news.google.com/rss/articles/CBMi4gFBVV95cUxONEgwblhQdnkxZUZTODVJcG5XckJuZExBUFljbTJHd1gzWGxBQ0t5OW1fOFI2TENTTXlYblZpdFJmaEJYR2gtb1BhaTlBWERmcDVoM0Vmd0dhdE90aUNWekkxWFQ3TFVKQUdTajFiQmxyeUxSZHRyYnNqMlA4SDRBZlB6T2JwUlpXYzg5dENoWWJ1NDFnMUZtU0Vhdks2RUNpOUhMcHNuZnkwbXRSU0Jlck1yd2dPRzl1eUFmNm1rdXlFZGxQbmpzVkhHVThJbHpWbTdlRGF3THM3d0ZPNFl3eW9B0gHnAUFVX3lxTE5Oa1drSmVGOExsdmxlWnBBcXZTckxnYVZHWWNhZHRmcjlSa2diUGdWVTJKYk5GN0FHTEg1MzNMbWhlWDlpQmd2T2ZDaUpSRFpTZ0RyTHdJWXhMRjltOENWUDdfMDB0ZFR2Znlzem9YQzFSY3ZZVGVCQ3lWczNpc01yQ2RsQnBDQk02OFlkTjZzTjVxMlZfVUtwZi1aR0RWZ0JRNlVTbHh2SFE2Q0ZPeXNyeHR5WHA0alQ5NTVJaE1GbV95QnFQS2dOV3hGRHJUZ1loZDhLWklTNEY4c3J1Qk5GUzVEMXk2Zw?oc=5,The Times of India,"Wed, 18 Mar 2026 07:00:00 GMT",2026-06-14T20:33:25.764633,investment_fraud,True,False,candidate,https://timesofindia.indiatimes.com/city/guwahati/mizoram-sets-up-state-dist-cells-to-check-lpg-hoarding-amid-war-concerns/articleshow/129662537.cms
stock market fraud Mizoram,"Areca nut smuggling: Mizoram to address issues faced by local growers,saysCM - The Times of India",https://news.google.com/rss/articles/CBMi5AFBVV95cUxNMDA4YjlSRGxDcmdpVUlHLWZQR2l0Y1VRVC1Hd2FucUxSMW05el9yb29pX1NPSUpOQzNxQzNWY3ZiRXN4SWppMHhvaDVKMDFxV0twdHRxdFBUb1J5dEdMUFNFV3RhQkVCdjNzd2Nwd1RLTTh0alRaMTVwSnhTd2t5Uk9kQVNGYjBVUzcwVlpQbzN6Qi1wZlRzYWhZaEZsZGFsUExQQTJZNC1iV3ZSV2Rwel9XRms0eE1jUHpGSEZMZHZIRTc1bzFfanY5RXJEOFBCdG1waEZMSWdSSDd3SGpRWkpTYUjSAeoBQVVfeXFMTV9ONkNSanI4VWk2SDZHM21WX2R0bkdhUndWNEZmYV92U3FZNEpmRnY5c29tb1dzYWZ5MlRFSWh2T1NtRHBZcjJGYUE4d3R4MGs2M2d0VlJzdjZtbkRjQ0RhYWMzRmFoR3p0YVRpVUR2Qi1HSF9KZ1JKMWdDQjlxZkZCbmF4MlJHWF90TjVIcTBOUjJrTmJ5TGM1elNVRk5YU1FSQ01EalJTNmtDbjhzZHNMQko3dm1PM2xQMWcwWkZfbzBLb0tDbDUyaEw2VmJUb3VLRDFWblFxMEN5MGtDQXFzOUQ5RkZmTnVn?oc=5,The Times of India,"Fri, 28 Mar 2025 07:00:00 GMT",2026-06-14T20:33:25.764641,investment_fraud,True,False,candidate,https://timesofindia.indiatimes.com/city/guwahati/areca-nut-smuggling-mizoram-to-address-issues-faced-by-local-growerssayscm/articleshow/119668931.cms
stock market fraud Mizoram,Mizoram to introduce same uniform for state-run schoolkids from new session - The Times of India,https://news.google.com/rss/articles/CBMi5gFBVV95cUxQMzJtSEhqSGxCcGl2NUlTZlJLWkxlZi01UXN6NWpxeThXZjc5QTFUZGZSaWRWSUpCRDA2aWZ4d19ndzNlRFdkMWNTc3hucGpUZy01ZGp5b01LcG5BbnFoc0RGcmF3MmhFcVpsQ0tiR3pSWXBZZGlJVjlWdzZiWlhBQmItRWNZZklOcGZwel9YSktoR1BwSllQbGMzekI1cHEwSzdBQjhpbFh4S1pRc291MGFFbk9ya244d1RlaGI2Ym5PZnFCTUNpYmpXYUlXalZRLW0xTUdYT2V0NnpKR2xiVjh6cm9IZw?oc=5,The Times of India,"Mon, 23 Jan 2023 08:00:00 GMT",2026-06-14T20:33:25.764657,investment_fraud,True,False,candidate,https://timesofindia.indiatimes.com/education/news/mizoram-to-introduce-same-uniform-for-state-run-schoolkids-from-new-session/articleshow/97243275.cms
stock market fraud Mizoram,Mizoram: EC allows students' scholarship disbursal after hundreds protest - Business Standard,https://news.google.com/rss/articles/CBMi0gFBVV95cUxNNmVfRmR2cDNZc1pXQWtPX2ZfZHQyZHdlcFJzUGlMajJ1d3RMeWlMQlRLY1NzMXotbnU2YmpLcVRfcmRiZ3FpTk95eHR6ejlaNUhsV2dfOG5MeDFwNVBJZ2plMGdTeVF1cWlhcWtDb3hjV1BUUDdrd2VmNWx2d29ubzd1eS1iZldISzdPZ1B1cVdBOFlLVnFSOVBnTjJxWEp3b1ZTYnU0UlYwbGxBaU9za1FreXEzYl9xS1AxNWw1NE04NHNtZkFadlFMVXhlX2JlSXfSAdcBQVVfeXFMTkQ1NEN6QTNkVDVKUWpfVHJOOXBXdGx1LTVSOW8xeG1NcmkzWVRoSTdWbHUtb0dUTm5JQjB2elI2Z3FTakcyZjRFcVBTM2RwSUFVVzVDbEdNMlBkamRJdDJabXlOaUJtY1ZfVnQxZE5KYlZKMWlwb3A0YWVuMldiODhlV2p6d2lUZFBaU2pXNUE4TXNSaWF4VVJySWllcE9TSFJpbUs5X2VaZ0c4QlZ5dVRPSndEazZfN1FVeUtQOGY4SjdhOWo3N0Jacm1idVVldlJraG5ObUE?oc=5,Business Standard,"Fri, 17 Nov 2023 08:00:00 GMT",2026-06-14T20:33:25.764673,investment_fraud,True,False,candidate,https://www.business-standard.com/india-news/mizoram-ec-allows-students-scholarship-disbursal-after-hundreds-protest-123111601335_1.html
stock market fraud Mizoram,Discussed how MEA and state could collaborate closely: EAM meets Mizoram CM - Business Standard,https://news.google.com/rss/articles/CBMi1gFBVV95cUxQOV9QVEpXdXhzazZWX2w5elB3dVIwS2pqZGtKLVVxeV9GVzBIR3VORWl0UVZIejE5ZlJqSjlhei03MGd2ZU1LSXdiVzFuMFA5dXhFRnk3cVp2V01zaFJtdFR0bGt0eXBlRkdSUGs5aTVrQm5TS1oxdkdsYmkybXhIcTVwZ3hVc0FfVFhBTGFpVDdXbmNINy1NcVVjZ1FVSmhWZVdienZfZzIwUGgtUUtNTG1PYjFBQUZqSVgzZXN6cmJmREdmYkpoWmp2Y1F6cnZ3ZXduOXNR0gHbAUFVX3lxTE9QRzFRemFHRVk3bGF1T0Z3Skxzems2dlgxWlB3Q1NDMVR3MEdjdUdRU2QzVWdUQlp3N2NaV3Vjb0gtbmlVbDZKWEVHeFU2MjNPUVQyX2FabERrSUtfTFN5QlV5T293YThTVWtXaDJ0WndKVlZDWHRxeUdlVnZhWUtHNy1PZDdpZTNkQjlERzV4ZlRXcnJrNTA4c0dLSzlLMndOSm92SkY2RS1LOWtZRG5iVEphX2t2TzlDbnhwOG9qdVhfeldlNi1GNUJlYjI1dzhXTVFIcmdlazdxYw?oc=5,Business Standard,"Thu, 04 Jan 2024 08:00:00 GMT",2026-06-14T20:33:25.764681,investment_fraud,True,False,candidate,https://www.business-standard.com/india-news/discussed-how-mea-and-state-could-collaborate-closely-eam-meets-mizoram-cm-124010400026_1.html
stock market fraud Mizoram,Mizoram healthcare scheme faces issues before Apr 1 launch - The Times of India,https://news.google.com/rss/articles/CBMizwFBVV95cUxOZGlvOE1EUFNLSkdBZ1lWOFoyZnpEZWlLMHdQendxZWs5YnpNUF9yaXBZN3RTLXl4YzN4a2JaOVhmbzRGN2tmemwxdHN0aFhoSDB1bi1hQzRoMEFvWU9KZWVLY0praUdFNXBiWks5T1d4T0s2a2pXQWVScXFYZmxIVzN4NjlNUDNhODBkTms4U2wwcnRHd1RrSW8wZGRqcWY0UXByQ1dKcVNzLVZvV2NaaHoxeC1hRHhZeWV5djFfTzN4NjZxcURjVm9IalhBYWfSAdQBQVVfeXFMTkhoeVk1WXJqUW9UR3p0WGZIQmszNFU4ZnZIZkt1YWRnTFluY0ozblNjVXBHUDE0V1AxVVhpdHlHZzRuUTJqdU5NQVBPRWJHV3czNkQzRE1GalA4czUtWjl0dUdWeXFXbUs5dm84TEIxS0R0T1V5X2MyTnBMM3lISmQzVjRZUlREdmZoZnVIYzlBUGxfd3VNaHVXb3hQdW8xU21EaERFUHdBZmdoM2hUeHM1V0xxd1NRdkdIdlJEZGJabFdHVTZJZHNRQXJETE5ELVdUVnI?oc=5,The Times of India,"Sat, 29 Mar 2025 07:00:00 GMT",2026-06-14T20:33:25.764701,investment_fraud,True,False,candidate,https://timesofindia.indiatimes.com/city/guwahati/mizoram-healthcare-scheme-faces-issues-before-apr-1-launch/articleshow/119721754.cms
stock market fraud Mizoram,Mizoram CM lays foundation of 127cr PM Ekta Mall in Chawnpui - The Times of India,https://news.google.com/rss/articles/CBMi0gFBVV95cUxPYVhoT3lxLWNoVE9odURZWUNrdlRwRzhYUTBZNGItYlF6ZnFOWUlqTEFnSm1yMi1TLVBpcENWTXd3VHpEbGxRUFAwSHgtSmcwVTNHSkpuTk1jMHFiX2wzWExrY0duOWdGRlNPSkdiR01vOVY3VEluQVNocnIyYWQ5dFlIbHBuV3ZsODBBZUs5TElvRUk4ZHd6N21uVDBETGlJal9LOXVucmgyN0JaMHVSNkZybkNfVzE3MF9sLU05NmJ6T282UlQ2ZFlNQ3djSlVoUEHSAdcBQVVfeXFMTllBMWdwaUMyT2tldzNuajJUUmZqVm5ySWlLY3FONFBicGFQMjViam5zT3ZjcVd1QS1KOGFaNXRRYll0SkdtN3RjbUlVYngyY2xkcFBYVHlQdnZmcTB3WUc5MXVLVnVmUGpGV3dxSlhmWm1udEpJUGxHWl9VWWxVbTlCQy1ueDNKVm45ejdsVk4wYmdqdkwzbXgyUVNjV0ljd2tLa0h4MHlDa0UxWl9IVlJqTGljOTlzTzRVbHNsRHMyOFNVVGhWdm9iT1JjWFJmVTc4NlpwT2s?oc=5,The Times of India,"Sun, 24 Aug 2025 07:00:00 GMT",2026-06-14T20:33:25.764731,investment_fraud,True,False,candidate,https://timesofindia.indiatimes.com/city/guwahati/mizoram-cm-lays-foundation-of-127cr-pm-ekta-mall-in-chawnpui/articleshow/123475454.cms
stock market fraud Mizoram,Mizoram CM Lalduhoma urges Centre for 'peace bonus' amid state's challenges - Business Standard,https://news.google.com/rss/articles/CBMi1AFBVV95cUxOYmxtejBPVmtpUHlmLUFZVGs4c0lxT1FqelVCUXFmQVExOG5ESEp5Um0yVTZJbGtVNGptR3A0dGJPZTlhMWhlbTBOWUFoOEdmU3oxM3QxVHlva0xBemMxQWJjcFhiTmJCa0F3LV91UnRXckJmNWw0QkJhaDY3ZzFPQVRDSTYzZzF0dEtRenJCNTBZeTh0d2l2V2ozc3RHd043dG02V0hOVlAtaUNoMzVOalVJakVWdjJJdGVGVnE1Y0ZKU1pzTjhwWU1Ldm52a01Ka1FPMdIB2gFBVV95cUxNRHFLWXZ6Ni01M0daQnhKU2hzQWpaNk5GNUNqbEt6STVycEQzeXVmODcxYzZmWWszOXZTSHRmVzlJOEg5dUtJSVA4QU93NG5Ra1VpaG1xNTBadWZPdkRubmwwQXozYWJRRGdyWGo3NXJCOWxLVS12MEdMRUdvNnJzdVF4dDIwYTNVWWgwemZ2QlVNYV9tWENUS1FSZW1sYUZJck0waEIwQ0QyLTRYQkJrc0hKcmh1OUV5ZnVXY1V2S1RlTTRSUlVQbk5Tc01pMm1yN3lFWXpNbklIdw?oc=5,Business Standard,"Mon, 17 Mar 2025 07:00:00 GMT",2026-06-14T20:33:25.764739,investment_fraud,True,False,candidate,https://www.business-standard.com/india-news/mizoram-cm-lalduhoma-urges-centre-for-peace-bonus-amid-state-s-challenges-125031700060_1.html
stock market fraud Mizoram,Zoramthanga's memoir traces Mizoram's political transformation from chaos - Business Standard,https://news.google.com/rss/articles/CBMizAFBVV95cUxOa3ZQSlJVSHRvc0tCZWprQmNUTWpzM2R2SUhhU2poQnFyaWg4dC1yMF9qS0lOd3FZMk5DdjZ2QkxSRld3RGVPSEFfQ3J2eEE5VE14ZXR4S21ybVhPVGM1enN5eVpudHUxSFZmbnRaVHFiU24xalJGcWZvYXBRVHJrMTA2SUlQVl9COXpCejI0VGJMVFlMMFdLMlA5X2pyaDJSNWRDTkI5bXhEbWJzUWZJeTVxZHJBX05pcWtlcGxoVlhaSW1PUUpMOUlRa3DSAdIBQVVfeXFMTmVFNnJIcExJNjFLenRQa0FPdlRMOGViZmJiWjdVall4c3VxVzZWUXBXTERycENGRUhsTWI0eVhOaXVVQ3RXVVgwS3NrTlBRU3JobEczYXZ0a3VYVzJxRTlDbzY1WDNTa3JPczVEUzEwdjh2UHVPQ0U5LXYzT1RMMzF3T05qQW1hTEVMbnE2ZzZZLVdUT2J3NUJZU3JhUmxRY1hHcE9yZ1A1RnhJaUMxeEl1M2dlSnk3TzBTdnhXclA3Q1cwaVluQ0JoRGVjZHVoSUFB?oc=5,Business Standard,"Wed, 01 Apr 2026 07:00:00 GMT",2026-06-14T20:33:25.764747,investment_fraud,True,False,candidate,https://www.business-standard.com/book/zoramthanga-s-memoir-traces-mizoram-s-political-transformation-from-chaos-126040101511_1.html
stock market fraud Mizoram,"DRI seizes 123 kg Methamphetamine in H1FY25; max cases in Assam, Mizoram - Business Standard",https://news.google.com/rss/articles/CBMi0AFBVV95cUxQM0xtM0h3LVMtTW5VMlVwYTFMNVRXN3dRXzhyMXZXV3o3LU5GT1JfYm9GZndqaEVsQ20wZGxxSnV0aVRCOHphVXN6ZWh5OWgwcHNBSTFWNW1VU2pDTHdzZzBWdzJySlJVU281WkdjWmFKS2pUZy1uR3Fleld1cThTWlJLUVBtaXZZMjFfME9BTm1DQ0ZoY3FkWl9QMGRRLWRBckR4Q1NTZUVtZHpfU3hONWFWRDd2X1Jtd2p1aU0yT1ZaUWVHQUNzZlBjWDJUVE1a0gHWAUFVX3lxTE5PRlVFZEVPbVRBWFI5VjVFZmVLTEkwOHdnemNBYWdjYmpOUDdiOFZmSHEzX3RhSkt0M3dkbWxuU1diZlpVWWY5Sy1qNF9tSW1SOHBKMklpVjZ0TTNZMm5tVUhvcjctWVF4QVlNTEJNelUtUFpvWXZMeGZjRmNWWXBTUm9DXy1vNG4tbld0amhKUUdESVhNQWM2QVJiSlFsaDdOZmpWTksxVk1zQTg3OWktUl84aE1uS1ZGWm9uSlFzQ2RMUWFPaUk0V1BTdC01UUZYTS12M0E?oc=5,Business Standard,"Sun, 08 Dec 2024 08:00:00 GMT",2026-06-14T20:33:25.764754,investment_fraud,True,False,candidate,https://www.business-standard.com/india-news/dri-seizes-123-kg-methamphetamine-in-h1fy25-max-cases-in-assam-mizoram-124120800134_1.html
stock market fraud Mizoram,Myanmar refugee influx in Mizoram: Champhai DC explains situation at the camps - The Economic Times,https://news.google.com/rss/articles/CBMi1wFBVV95cUxQVWlOYzM4dzJVSjRUYS1mYmJHMGNDdGxXQnBhQ2kzRzB6c2FraFZNRjhackk3WmVMYklnS183Q0x5WUZMcWlvams0M2Z4SjNVckJoUzFfaTZMR0ZMMVYxcXAzdEJVS0FMYUo0dUN5RS03NVQzbHhsd3NZSm1tS3hXZHZuaGxTUmZCc0lfdlpTUDJRY0VzOG1IYzlhRHNkRm9wSTg1alZxRjJYRlJvWWZmV2FVYlBkLUFBR0I4UnQteEpUTzNHUjdZT1F2c29WSk8xRzIxVkVHd9IB3AFBVV95cUxNT2ljZWdOTTl5Qkp2eWNlOVRuREZ2TThXMFRJd1U1MFhnSWpvT0ZrbzJmRHB6d1lNQi14emViZXlyenBNSTVGNUlDRFdaR2Z6WnNTdFlMRFBwbDlTRi14UC0tLVJBeHN5MTBZQl9vUDRfUFFNTlFncl9KaU9tN0xjYjdfRXJzZ1Z4MmF0MldTRWJQaG15b1luWmZzQTF4d2hPNVI5ei13TURZYThDUUVpR0xjeFhhVm83aGQzb0puMXJNRDNBVEJFVzQxRVRrV2g4RUJNT1N2WUVXdnl4?oc=5,The Economic Times,"Fri, 17 Nov 2023 08:00:00 GMT",2026-06-14T20:33:25.764762,investment_fraud,True,False,candidate,https://economictimes.indiatimes.com/news/india/myanmar-refugee-influx-in-mizoram-champhai-dc-explains-situation-at-the-camps/videoshow/105299106.cms?from=mdr
stock market fraud Mizoram,Mizoram has highest HIV/AIDS cases: Health minister Lalrinpuii - The Times of India,https://news.google.com/rss/articles/CBMi0wFBVV95cUxQcm1fNGZfQ3BUSER5UXNSMW5kRnhHRUx1Ri16djVBaWdLa2U1RVZNUl94M1U5QzJKNno5NnhzQWYwNld2YUVBSWtOamhlLVVUdnpENDZwUWtTRHlpdDVzNXREelQ1LTJ2R0pfV21FNEU5TjBFZ3lGeXIxSkluaTFyVmdrcUZXLVd1MmtzdTBTRWhXbXpqR3BXV0xsRXh2czRhbEdvSnZ0SDBvQWVYUGtoMWNFSFp1Nkx4TDRUbXZicWtMRzdVM3FfQmt6RkFGRnFBLXlR0gHYAUFVX3lxTE5oR3FsOGV3ZnBaeTN3Ul82aEVZc2xRRXRNalgzTjBXemVEMkoyeExRVWFPX3BNQTdMWjRVd3A2NkpuNGpEbmJnc2Y4ZlNfMHlEcmxxZVk1MW1jSG85ZlVLSnNlREd1OW5IcVFpOEZoYi1pZUxHVXcxMHVnVXNIenlRb2VyYWRhOEctbDhfX0daaDFlemFFWTBDV2NCbFJmemZoMWk2bm05Vl9nb096cmJkaXJObm51a3V4d3dhRnlwQzZDVUhvOU5PZU5LdmNEbGJGMFJTazNGSQ?oc=5,The Times of India,"Sat, 09 Mar 2024 08:00:00 GMT",2026-06-14T20:33:25.764778,investment_fraud,True,False,candidate,https://news.google.com/rss/articles/CBMi0wFBVV95cUxQcm1fNGZfQ3BUSER5UXNSMW5kRnhHRUx1Ri16djVBaWdLa2U1RVZNUl94M1U5QzJKNno5NnhzQWYwNld2YUVBSWtOamhlLVVUdnpENDZwUWtTRHlpdDVzNXREelQ1LTJ2R0pfV21FNEU5TjBFZ3lGeXIxSkluaTFyVmdrcUZXLVd1MmtzdTBTRWhXbXpqR3BXV0xsRXh2czRhbEdvSnZ0SDBvQWVYUGtoMWNFSFp1Nkx4TDRUbXZicWtMRzdVM3FfQmt6RkFGRnFBLXlR0gHYAUFVX3lxTE5oR3FsOGV3ZnBaeTN3Ul82aEVZc2xRRXRNalgzTjBXemVEMkoyeExRVWFPX3BNQTdMWjRVd3A2NkpuNGpEbmJnc2Y4ZlNfMHlEcmxxZVk1MW1jSG85ZlVLSnNlREd1OW5IcVFpOEZoYi1pZUxHVXcxMHVnVXNIenlRb2VyYWRhOEctbDhfX0daaDFlemFFWTBDV2NCbFJmemZoMWk2bm05Vl9nb096cmJkaXJObm51a3V4d3dhRnlwQzZDVUhvOU5PZU5LdmNEbGJGMFJTazNGSQ?oc=5&hl=en-IN&gl=IN&ceid=IN:en
stock market fraud Mizoram,"Bangladesh, Mizoram plan to set up 4 border 'haats' - The Financial Express",https://news.google.com/rss/articles/CBMioAFBVV95cUxQdGJyekk5NGZYVnFFNVJkSUc4bjZKMzItcllIdl9xWDFheHJYS0xwaHpiNHpVdDdmQ01kU3YtMkVWdE9jX1M3NXE2SnZiY2RpTkNnNVJzUmF3N0FPWThDNW1JVDBzNlVMbTRXYmRnMDNtMVJmdTFldVdoV292TUZPQTFIbnRmVzU2RVpuMUtkY0VCRk9NZ0l3QTM3Ul9YNWVI?oc=5,The Financial Express,"Sun, 24 Apr 2022 07:00:00 GMT",2026-06-14T20:33:25.764809,investment_fraud,True,False,candidate,https://news.google.com/rss/articles/CBMioAFBVV95cUxQdGJyekk5NGZYVnFFNVJkSUc4bjZKMzItcllIdl9xWDFheHJYS0xwaHpiNHpVdDdmQ01kU3YtMkVWdE9jX1M3NXE2SnZiY2RpTkNnNVJzUmF3N0FPWThDNW1JVDBzNlVMbTRXYmRnMDNtMVJmdTFldVdoV292TUZPQTFIbnRmVzU2RVpuMUtkY0VCRk9NZ0l3QTM3Ul9YNWVI?oc=5&hl=en-IN&gl=IN&ceid=IN:en
share market fraud Mizoram,Mahindra Finance Faces Up To Rs 150-Crore Hit From Fraud: What Went On At Its Mizoram Branch - NDTV Profit,https://news.google.com/rss/articles/CBMiwgFBVV95cUxPTWdDdkR0OVJGcjBMbHZGSjg5c3NGa0NMS0U1UC1RVEJFQzA4ekZDYTh1dUFQdnFOT0NXeVNMQkdFemNiQVl6ZXd4V3FLZWxMdHhnMUJ2aGZIVWVMMXFxSnlnS29hejdVTlJWQzBEUjJtRVdXWWI3RlB0S2ctdTdiNFpleTBzZ0g0cmUycnZIbV9hT0JCbzVLQzV2cGZaUFFDUS1Cb1RpRUJDVUF1UWk2eFVGU2ZKOXNEeEI0WUIyOUxQUdIBygFBVV95cUxNejVUcFY1X3VCUTl3VHlyRlMya0hGS2pCNnRLb1REWFBwcUJFTUl2SGNuakJURW53a0dXSktrSFhEY25MVEhQbDBRajNOblNKZE43dFp1QWNVZkg5c1ZjaVFzRGVlVm1UZi0yWE9IVHlDODhWZlA3Q2pVcHpFaXZtNVk2SVRVYWh4Q3BTbXBQaEdNVGpDek1XZmNHZnFVS0UyTkFfM3lIeEI2YlIwYkdKSU91VmkwUHRDZHFOekdWcDZrNS02QVpoVnJn?oc=5,NDTV Profit,"Tue, 23 Apr 2024 07:00:00 GMT",2026-06-14T20:33:27.660236,investment_fraud,True,False,candidate,https://www.ndtvprofit.com/business/mahindra-finance-detects-rs-150-crore-fraud-what-went-on-at-its-northeast-branch-9995657
trading scam Mizoram,MP tiger poaching case: SC refuses relief to suspect from Mizoram - The Times of India,https://news.google.com/rss/articles/CBMi1AFBVV95cUxNVk01b3JHZjZFZUJLbmdqSmRlZndrNDRwcEFCUmlQWi1aS3RGc2pzX0h2X0VkNmlwUXJRc0J2V0RNczU5MWVDcUthbUhQQmdEYWFrbGtobU12ZHNsLVZ2d09yS1NCZ0F0TXV0LVhaenhnX1VUNFQySVNjQ19aUDI3QjJSREpWV08xMG1RRTZtVGVOVVl3eUVtTzF0ZDQ3N3JxSnhXbnVXYXZHb0VES3NFeWNiVE04dXZJa1RXR3c5cElzRDNZeTY0eGNUdlFKa0F4Yy1nctIB2gFBVV95cUxNaXJOMlVrQ3RxRnpDRDRMZnM0dDBZS3ZSYzZsbGk4elBONURQTjlMTW93aXFmeUdpUXBCMEd4WGQ4eTN1VWM0OXVkbkc0ODlDaUFuR3dvR0RDOWpmMThWZkRQdGNvRERyZ29wSVIzRXlYS0hOb0hqTW04cHRPc0VWTTIyWS1OWVpMdXdZNlNldEpZWGtwQ29YZUV1WUh5RlJ2VnVkT056Zmc0S25YTUNPN2ZscGNfSGtrTkZVdDg4bmZFclVsSjFiSGFjM2EzN1A5ZE5IRlRMOE1MUQ?oc=5,The Times of India,"Fri, 05 Jun 2026 19:05:00 GMT",2026-06-14T20:33:29.515651,investment_fraud,True,False,candidate,https://timesofindia.indiatimes.com/city/bhopal/mp-tiger-poaching-case-sc-refuses-relief-to-suspect-from-mizoram/articleshow/131540112.cms
trading scam Mizoram,No way 7 foreigners slipped through airport: Mizoram cops - The Times of India,https://news.google.com/rss/articles/CBMizAFBVV95cUxObzEtcGwtNkhmS0Y4WDdNaUpRdTlHZ3BOdVNIZ0k5aU0tQmc0MHhxYTZwdm4zMV9weTNMM1k3YWtWOUNSYnhDWllxMVd6SlpPd0d3NWpvQW55RGJNWlgwMTZFei1BU0ZLTGtqcnltelpNLVJlaExwcXdzTGR3MU0yLUs2dDJxTGxwNktCb2k2RTg4QVRLOERSUy1jWWpOU1BwUUhJSWJJSURSRGNsUFJDb2RDQXZEdjR2d081eGFzeFR2Sm51Tm9sa2stR2XSAdIBQVVfeXFMTklkTXNNWmFta1p6VlIzdWpvTFJmUUt4UEVhblR4NTJtNHdDaEVXT05xWkQ3azRaaEpRbHBYbUdXcGhTSkRpY1ppMTFDWEVHSXN4M0tFYVdDZ0pCWEQ0bU1jczlPdjBSOFpjanFWOE9oNkM1dkFHWVUwYzgtQnVUYXF4d0w5WjVkaENZR3oyQUhlR3hoOUtEM1Y0Y0twQ1FQU3FtckV5bUNBVk9obl9zT2JPbnFHZWZuZ1BjZ013TE1KS04yNDBRSXZwMm1FVGpfNXF3?oc=5,The Times of India,"Fri, 20 Mar 2026 07:00:00 GMT",2026-06-14T20:33:29.515662,investment_fraud,True,False,candidate,https://timesofindia.indiatimes.com/city/guwahati/no-way-7-foreigners-slipped-through-airport-mizoram-cops/articleshow/129700247.cms
trading scam Mizoram,"Manipur: Meetei body demands NIA probe into Mizoram arms seizure, questions trade with Kuki-Chin militants - India Today NE",https://news.google.com/rss/articles/CBMi-AFBVV95cUxNRHRVMHZQZkpIR2lCcnhtZHZWU294cWlzVnJEamlHaGNLUVdVNVdLYWlSZXpHTnUxaklUeE43b2kzQTVWMVA3akxsZVVyWlpNMDlDY2hramQ5V2V6Q19PTFNaVFI0RVEtNlZWa1FUa2IxMEtfZl93X2JNdV9KbHREUmFfdy1Fb3lqTEx0bjVBRW4zdlVmNFlxSG1CVUFKLTZSSXE2bkdSbUZOb2RwUlMyT3FXWmk4ZjFEekpScmptUEUtYTEzM1pkVW56aVhJMVduLVozbDRLdTVHODNQMF9CRWFWd2Y5WklyNVJMbTBKUVFvLXhiMkR3b9IB_gFBVV95cUxOcDJkcFFZVGlqazM4SEFpWHJ5WDNsazJZd1hCTmxUUVIySlB5cDQzLWczbmI0Ul82YXFYT2lGYi1qMlhxWkFLaVZyaHhoQXNVTk9wcjRkTy1rUTIzY2tiS21WN1hkaXlaaENhUC1SWUVMOVNvTk1HdG9iWFllMzAxMmNHVXUzYV9MM3FoRmZRXzRmVjJta1ZJR0tabFVqV1g4ak9CNXRNUzZPRlMxLW9DX0V1RG1SQ0VUUFl3RzFDaW5VVEJKc3p4NXhUVDhSUnN0T0pQeVlOMHpiWjJyMHFJaTd3N1JPM2JTSmpId2d3cHNHMW9TcnpGOXl3R3hjZw?oc=5,India Today NE,"Fri, 17 Jan 2025 08:00:00 GMT",2026-06-14T20:33:29.515705,investment_fraud,True,False,candidate,https://www.indiatodayne.in/manipur/story/manipur-meetei-body-demands-nia-probe-into-mizoram-arms-seizure-questions-trade-with-kuki-chin-militants-1156266-2025-01-17
trading scam Mizoram,"War, illegal border trade escalate fuel shortage panic in Mizoram | Guwahati News - The Times of India",https://news.google.com/rss/articles/CBMi1wFBVV95cUxPcXZzM0pLV2tWeVdFeVNkZjJFV3NYa25hbm5Pd3dYbWZJWVRhRzF5ZDFETkdYX0RsRU02ajRLRkZhaUpqenZNYWhCblhiTm83b0gxTjl5OE9USWJCQ3lYZWo1clhURnZtS3RiclJWajZQSGJnNWZVS0hHcFc5dVMwczZ3YllaeWhEZFJqbFhlcXB1RWRxdDB4OGV0MG02NGNpWGhiN3hmNHdhbzZDTjcwenM1VTFYSTBqeUkyenRJNWNlV3JoT0dtUG9xV3pnNDEzNGR0SWluMA?oc=5,The Times of India,"Sun, 15 Mar 2026 07:00:00 GMT",2026-06-14T20:33:29.515737,investment_fraud,True,False,candidate,https://timesofindia.indiatimes.com/city/guwahati/war-illegal-border-trade-escalate-fuel-shortage-panic-in-mizoram/articleshow/129579877.cms
trading scam Mizoram,Chakma leaders push for 2-lane NH linking Tripura with Mizoram - The Times of India,https://news.google.com/rss/articles/CBMi1AFBVV95cUxQWG9vQjNTdGQ2QTdjdk45Qy1fSVZiMVNURlJndjFKTVZTNHdsSzlZWjRkVU1kZ2FHVk1QeXpWX3dpelRzczVRZ1RrSWFpSkxfRF9KNUhmXzU1YjNiZUVmS013LXpYQW4xV05HbUxla0V6bURCSE1BdVk5MjN5OEs4eUN2X1g0YlJ5N25PN2xPakV4U0RNQ0hnRHZZRkJZLTRyb183V3FZZ0x6RFZqMkdGR0dHQl9iYkp2M29NZFdsN3JzZFFMdWRjMmRJbC1SQ1llRldocdIB2gFBVV95cUxPeWt2RFBQUG14R1hSU0lVQmZRNUpMMndia0pCRzNLOGJsV1NiUDFuamtQRDFWdmlJTXVPZzVrZ3k2Nmo0bWRXb1hZM2dkV0dFVERjNG1oYjZwQWVYcVlzdG02ZUtVTmMwc3RJM3pLNDVfSUVNN2ZhcHZ3VnRFcEpmdVZHMHRVT2VQZTBTT0hidmZUdTQ1SWVXX0tBTkFPWElkNThmWnlfRnFLanNFcUdtRWM1dkFwUjd6MUpOZTloUGhqcmxZVkd2QXppbU1nVjdBUXY4bEd4M3dfQQ?oc=5,The Times of India,"Mon, 03 Nov 2025 08:00:00 GMT",2026-06-14T20:33:29.515789,investment_fraud,True,False,candidate,https://timesofindia.indiatimes.com/city/guwahati/chakma-leaders-push-for-2-lane-nh-linking-tripura-with-mizoram/articleshow/124965071.cms
trading scam Mizoram,Mizoram-Myanmar border trade resumes despite official ban - The Times of India,https://news.google.com/rss/articles/CBMizgFBVV95cUxQSTk3RmpVVTEwZzc0c3VuUTFydnpNUFlvT1J4N0l0Rk5RQUJWYzZnNlRVR1BzTzNmdG5ueVZkN1N4Q2dWaE9qa081RFlkZnFoY1BNMXRtUDNuOXVsZXdEaFZlc3E3OExscGMxdWZWUDlya3J3bjNVcE5JSkRjZlFZVUNEa2hJZ0lhX1NaN2hnNFdVRW1qQnRJdEU3dUtZS3EyaHFOQ0FuVUdIdVBtV3hsVjhMcUdmbDlaelNtNHJBdnJuUDV0T2xSWXB3dFg1QdIB0wFBVV95cUxOeDdUWEdrUXpLQVpESE5yRlhETHh3MXBFRTdBWFN6cGF0QWgybFB0Zko3SUpyV1ZVMU1aWXRlWUwzZk5iZ2t4YjJFZkZTWXAyeEw4eGRkWlJCbzFtcnBJYkN2RjdsajR6aV8tRFNrblpkWHRXMTEyUGN1VXVfWGhIUU5HRWh5YmRHWmRmbmtLdFQxbUdoTXdYcGw0ZFdTQ2lzRVphR3BsMllBUnVyWEtJeENyWEhVNUxKZlY1Zjk3bGszQm1DXzIydVVzSkd4ZlJPVGM4?oc=5,The Times of India,"Thu, 22 May 2025 07:00:00 GMT",2026-06-14T20:33:29.515800,investment_fraud,True,False,candidate,https://timesofindia.indiatimes.com/city/guwahati/mizoram-myanmar-border-trade-resumes-despite-official-ban/articleshow/121346238.cms
crypto scam Mizoram,"MHA orders enquiry by CAG into government run lottery schemes in Sikkim, Mizoram and Nagaland - The Economic Times",https://news.google.com/rss/articles/CBMi_wFBVV95cUxOejZTT0h5MzZycERoZUJaektieWw4SFdTaHZFVFd3azZHbzRKdjhtQnhrWHpDajExNEhxejlnLTJXaUVGSWlqWFo3a0dKbmtRdUNpNnZGa0VkVlJqNWIza0NkQm5hMm1BdG8zUWtHX0NiTkNQc2tpUnJHNTBYczdiRWZEUGk2amJsX3h6X2xaVlhTU3liZUV4a3NXUDRnSWtCTUtSb2JCWjdVYW5ZNXV0bEZCbFZxVVZEWXdIbUE2NUV6QzVfSENwYkRoczlvdUJ3bGlIdGotTW9jOWVQb2ZqOS1HcTRtZGh6T2Q0aURnOEExTjVhZ0Z4NUs0c0xhaU0?oc=5,The Economic Times,"Sat, 17 Oct 2015 07:00:00 GMT",2026-06-14T20:33:31.449454,investment_fraud,True,False,candidate,https://economictimes.indiatimes.com/news/politics-and-nation/mha-orders-enquiry-by-cag-into-government-run-lottery-schemes-in-sikkim-mizoram-and-nagaland/articleshow/49425477.cms?from=mdr
crypto scam Mizoram,MIZORAM ELECTION SCHEDULE 2023 - The Times of India,https://news.google.com/rss/articles/CBMiiAFBVV95cUxOVjFrYmQ0SURvVWQyZFExQW9xNVNlUDZFenFLNFpfdERKVlNBdGlrNTlDT3dFUFFXS0ZwVXQ1YmJOVmhRQS1Kc3ViOUVsUW1jT29uQ3FmUjYwUFZvQ3J5cDFuRUtPdG1MVHlBV2tqQTROU2RMcWw1M0JxZWhVOGFRR2sxSC1PLVBB?oc=5,The Times of India,"Fri, 01 Dec 2023 08:00:00 GMT",2026-06-14T20:33:31.449465,investment_fraud,True,False,candidate,https://timesofindia.indiatimes.com/elections/assembly-elections/mizoram/schedule
trading fraud Mizoram,"Over 1,100 smuggled exotic wildlife seized in Mizoram since 2020 - The Assam Tribune",https://news.google.com/rss/articles/CBMiqwFBVV95cUxOV09TTTA4Y2hnYTNnRVp2a0h5VU4wTmNELU54bjJTNjJmS2ZRbldfSmZHaGtXTkhZUjV5MnFvUlAxS3lTM1pUejc2TVI0NWFBUWtXYllWOE1RcHJZXzJCUV9xS1hwLXBhQTRHRjhxeVZLcUdNb2ppRXdaUnhRbG9hSnFXQnNkQ2ZkR3NOQlB3cHFqbHhjRmFOMFg3Nng4bmJWaWgyOEFhX3otZGvSAbABQVVfeXFMTXVaZXlRcEtPOVVXcWZvalYzbWUwQml0VlFBdlZ4ZmRjcEtSdzJJSUQtbF9IY3M0b1BVbXpCMjlOclJyZTlEbmJRdUxTbkZpTmNHazVYbFJKYWJzN0gtbTNuLUNTZWhNX3ExSU41WWNhZ2FUX2lxTjlMY2xEOGI0ckRsUDJhOGltYjAyVnlqZGVvVDFWWnFZNEo5ZVdPRF9RZkhDWmROeXd1MHZrLVB5WUM?oc=5,The Assam Tribune,"Sun, 17 Aug 2025 07:00:00 GMT",2026-06-14T20:33:35.148447,investment_fraud,True,False,candidate,https://assamtribune.com/north-east/over-1100-smuggled-exotic-wildlife-seized-in-mizoram-since-2020-1588516
trading fraud Mizoram,Kaladan project advances as Mizoram MP flags development concerns - The Assam Tribune,https://news.google.com/rss/articles/CBMirgFBVV95cUxObnBMQzgyc09vakt6Ui1sNVdyU05FLUtsS1pfblJnMER5WFlDVlVBMUg1aGVXU0ZVejZoZmh5ajYzVEpERFo0X0lmZWNmWUpVY2ppVWdZSFBBQnFIWnNkZkNvS000bFNudkoyT3dMSGlVR3JQZjVNWnRXX0JTeFBKT2p5V00tQXBpaTFwM2pRQVBiYmh5bDQzWUFaeXV2N2FkbUlwVy1ZdnB5LXFtR1HSAbMBQVVfeXFMTWJTeENSTUtlN1oxb0Y4U3ZjRDFTT25yS3ZhS2tIcTM2RXppLWNtdGhLVG5rRmQ5VV9nYWFXNGwtUkxZcWltbzY2R3FNMWpNcFY2a2Mta2p4N3lfM0VBUGQ1LUlUalprV09yamtKUjZfOGdWdzl6WUxtSjdHYUVMcjk2YjNjVjZMS2J2QVZ1Tnh0aDhic0FUbkZmSkVoU1hLakdHZVc4V0UxXzdCQnVyVGV6QXM?oc=5,The Assam Tribune,"Fri, 20 Dec 2024 08:00:00 GMT",2026-06-14T20:33:35.148509,investment_fraud,True,False,candidate,https://assamtribune.com/north-east/kaladan-project-advances-as-mizoram-mp-flags-development-concerns-1561834
trading fraud Mizoram,Mizoram oppn party seeks Manipur CM’s resignation; Biren Singh govt asks it focus on drug trade - newsdrum.in,https://news.google.com/rss/articles/CBMizwFBVV95cUxNSWw4YzU5LTBoWUFIcTJtSzRydUgwZGtoNmZxakRsZ1lwV0ZVSGFVaHF6Z3FJNko3Vlo0VjROdFlzQUtLTWt3ODV1R2hhdDAxUWpWYU0zbVY1OXRIYVZ2YWlNRGo4d3pwY2xLS1lzdDRmX0tRSFRCSlNFa2NBSDljWGlYX0lUVDNGa1lFR1pQbE44WUJGQjNpTngwTG0xTXllbjRIWUdvTTVxYTRMSDR4eF81MV9EMUlqT1RoODRuQkY1Q1lINlJkeDB5RVRFTG_SAc8BQVVfeXFMTUlsOGM1OS0waFlBSHEybUs0cnVIMGRraDZmcWpEbGdZcFdGVUhhVWhxemdxSTZKN1ZaNFY0TnRZc0FLS01rdzg1dUdoYXQwMVFqVmFNM21WNTl0SGFWdmFpTURqOHd6cGNsS0tZc3Q0Zl9LUUhUQkpTRWtjQUg5Y1hpWF9JVFQzRmtZRUdaUGxOOFlCRkIzaU54MExtMU15ZW40SFlHb001cWE0TEg0eHhfNTFfRDFJak9UaDg0bkJGNUNZSDZSZHgweUVURUxv?oc=5,newsdrum.in,"Thu, 28 Nov 2024 08:00:00 GMT",2026-06-14T20:33:35.148595,investment_fraud,True,False,candidate,https://www.newsdrum.in/national/mizoram-oppn-party-seeks-manipur-cms-resignation-biren-singh-govt-asks-it-focus-on-drug-trade-7656211
telegram scam Mizoram,Mizoram CM Lalduhoma vows to resign if linked to Lengpui land deal - ThePrint,https://news.google.com/rss/articles/CBMiowFBVV95cUxOc1BtQnJ0V2VjdEJhYjkxcVk5c1VvdW1ob3htbDNXbVpFM0xBX251Um1EanRobGR0ZVlRSHhrV1ppMDYwVnhFZnJrM05VRFNob21sMlRydVByNVFqMm9YMFlOOXpXMkhfZ0JQQjdESWUzcUFMMTdMOEdBVzdIRXAzNGNldmZhX1g2MEhUQzlMcFFiVTVwUXMyNGl3d2NkWE5TN1F30gGoAUFVX3lxTE8tNVVyM0F1aW1Oc0NSendudWNQMEszaTBZTXlwdzljYkNpeW9UNFBTX3l5RzBrZkczRFlQQVFZMmVUZEw2VXNDRHJjUEFsNW5raU1RTVF3bzNkMEhIdXdQajZIU0lFSTJWLUhZdVJCbFAzWHdURWFpRFlOTnNxNU4xTVJabV9LZlhXYWJxWExVeWRjdWVSWmNfdkxjeEZFZHVDQmhBc0NtcQ?oc=5,ThePrint,"Mon, 16 Feb 2026 08:00:00 GMT",2026-06-14T20:33:40.406492,investment_fraud,True,False,candidate,https://theprint.in/india/mizoram-cm-lalduhoma-vows-to-resign-if-linked-to-lengpui-land-deal/2856458/
telegram scam Mizoram,11 arrested in Mizoram for Rs 150-crore financial fraud: DGP - ThePrint,https://news.google.com/rss/articles/CBMimgFBVV95cUxQdThpSWVEcXVXcTRNOU41bzJtdm55SkZMV2JwTVFwVzB5Y0hIR1VaNDhYcHFjVVlnbmZoOG9nTGRNUEx3V1BnejNqcWdwX3R0ZVZoU3FESE1GVFQ2OUtNZmlTcFhrREJqQkc3czQwTm55NnVXV20zWER5VnVOTnZXc2FUc2ltaHMyNTRLMi1ZdTZwT0VReDVlODd30gGfAUFVX3lxTE5OV0lBYW14NmhVZnl1YU45WXdQcjFkU0RoSUNuVXBjRENVb0xXSHpuQ3EyNHZnSVdLZmJsdERwMDJuSDZLaFFjWW9xNmRkLXd4bE1ubFNEYlMxSjNkT3NNMnFYd2ZwbHRqLS1rd1VpTW9NYjMzUkxQVFhRLTJYX1pDVzFmaEpnOTZGc2NlX016X2dVbnMzRnZ3cTVSaHNZRQ?oc=5,ThePrint,"Fri, 26 Apr 2024 07:00:00 GMT",2026-06-14T20:33:40.406519,investment_fraud,True,False,candidate,https://theprint.in/india/11-arrested-in-mizoram-for-rs-150-crore-financial-fraud-dgp/2058553/
whatsapp scam Mizoram,Mizoram: 17 convicts freed from Lunglei jail using forged court orders; racket exposed - NENow.in,https://news.google.com/rss/articles/CBMizwFBVV95cUxPZFd5djBhQjcxQkwxYURyajF6NEUycjZEcHBVSGRyUGdLZXhlZ1RmSEltdVpESGhucmRnakpuOW14eDN6c2JqV2xNUlpsRWttMGxjM3g0OHYxbmJudjJtV25Pa2FDUTk0b2E1dnBfeUduQ1BBdVBETmc2X0x1VjVNU3NBVTZmU0g3QTNaT3lMVlNHMHo4ZjF2cnh6MnpXWG9PZkV1Z3JVVnI3bF8xU09JSThiQlNFeTRpRzdaOFdjTzRWTzQ5QlBxeXRCd2RLb3fSAcoBQVVfeXFMTldrMV9wdngxS3NwVGdJNWc0VzlPZ3dkT0NzUzNuUFItaEtxb3BvS2JLc0lndGljSkFkZ3I1c0MwaW12SDNJbk5pNmM5RndDbUcxbDN6ZGxDSzZaUURPbk1EMTdOaUE3dFZFWWNjWUtFaF9HOXEwUE92S1JrLW9Ua3h2N1BzRXl6NWxLeDNBY0ZMWDNLMVdrS0h0dy0tZ1hVQVRTZ2ZndnBDWW5NWlRMQmE2MUh2Y05ucnUwdFdTVlRiNm5jVVZxWGVoUQ?oc=5,NENow.in,"Sun, 10 May 2026 07:00:00 GMT",2026-06-14T20:33:43.913776,investment_fraud,True,False,candidate,https://www.nenow.in/north-east-news/mizoram/mizoram-17-convicts-freed-from-lunglei-jail-using-forged-court-orders-racket-exposed.html
job scam Mizoram,"Mizoram rolls out WFH, ‘No Official Vehicle Day’ to save fuel - News Arena India",https://news.google.com/rss/articles/CBMinwFBVV95cUxQWGREQ0NQa21Hc1RqSmY4YjdZRTNISnZJTEI5bkZpdVNYd3NKMXhsRDFmdGU5SHIxT090bC1FNDI3MXpTcWNfVEdSOGY1UE5IQm9tenc3SThrUWlYSGhBSngtS2VzalFOaS1kRW9oQVdhSkhhYThSV0Juek1TUEl4cGZHVUUxdjNxNkt2NUE0R0Iwd19hYk14ektfemJhTms?oc=5,News Arena India,"Fri, 22 May 2026 07:00:00 GMT",2026-06-14T20:33:50.888857,job_scam,True,False,candidate,https://news.google.com/rss/articles/CBMinwFBVV95cUxQWGREQ0NQa21Hc1RqSmY4YjdZRTNISnZJTEI5bkZpdVNYd3NKMXhsRDFmdGU5SHIxT090bC1FNDI3MXpTcWNfVEdSOGY1UE5IQm9tenc3SThrUWlYSGhBSngtS2VzalFOaS1kRW9oQVdhSkhhYThSV0Juek1TUEl4cGZHVUUxdjNxNkt2NUE0R0Iwd19hYk14ektfemJhTms?oc=5&hl=en-IN&gl=IN&ceid=IN:en
job scam Mizoram,Scroll investigation: Mizoram CM gave road contracts to firm in which his brother held shares - Scroll.in,https://news.google.com/rss/articles/CBMiwwFBVV95cUxOaGlaUFdSMzMwZGdhaVZfTjNkZ3EtT2E3WGp2NG93UDc0VGxYbTdrdjJMWmU3UXJlZFhfejhvekJsb3piZ0dpSWNiaTdzSGNQZ0pNQTVpMzRjdk9CNzN2MlIzbV94N09vUU5ZenM0OExSZXpXLVpvektTOFAybk1rRjhlSldGVGsyUEZOX0Z4VnA3LWRnTWRod3o0b1FpYzlKME5nU2RsUVJHc3k0SVowTHRneFF0cVdaZ2tJQzIzQ3pVUDDSAcgBQVVfeXFMTW14b1VWa2VtYm9WcURuX2ctdHFJclJfaDJBTlNkMlkya3hQd0FPc0lJdmVMeTVNNTM0X3VDaFE3VWFfcmdWeGZuYXg0ZTUwUWxuYWItRXBSZlNvd0VTSTdyZUJ3elBBT1lYNjVQZ0hRb3JDX2w5d3VMV25ZLUJIRHc1QUduSG1BVnBCZ0laLXNrQ1hSazNIcEt2cktSQkRiMHBKNjZiQm1xbXlvSUdxNm5JZXF2a2pXNW9BZjFyVHRwd3pIdkFDcGo?oc=5,Scroll.in,"Mon, 29 Jun 2015 07:00:00 GMT",2026-06-14T20:33:50.888949,job_scam,True,False,candidate,https://scroll.in/article/736549/scroll-investigation-mizoram-cm-gave-road-contracts-to-firm-in-which-his-brother-held-shares
job scam Mizoram,Mizoram CM urges Chin refugees to respect Indian laws & stay united - The Times of India,https://news.google.com/rss/articles/CBMi2AFBVV95cUxNRzJtdThldEt4bFd2NzBjcHRlaWtSVmF3VXlZNHE1UFJ5NTFQcUJwbU55ZFFsNkNZUVNZdHlTNk91LVd0U1VQa1R5bzlwRjhtWGdiNnNyWGg0UUFKTGNWSXUtYWlGRks2dmlrc3YzV3BPRUJUZkcxNzM3N2dpV1RWY3ZUN0lKLVpBOGM1bVpUSVY3RHNxeW02S0pmQjhoSXhpWGRtYUtyT1M5RElPalNHRHNzWGpzV3RqLUtzeGRIMEpDb2VGSTVwWmNmUzFBeDNwWmdPcHc1M2zSAd4BQVVfeXFMTnRWa2JlZWEyb1JnN0xvclVZVUw3dk5xS1h2QS1pTjJfNDFmU1dSWTU5NTQ0UXhBaDBQQm9SSXdnU0ZXQkp5OFFaOFRfS2Z5RnJLcFhtSVVPNTI3dlhaQWRlLTdnN3lkUEVxU0M0T3BONmFsU0ZHdnRiamdSNzhQd05jRVJxYkxod0Z1ZlRiOFdUMWZLM0g0cTdKNEwwdERkMzBmUUlGNUxmVzQzNUU3bzcwS1JmMk1FU2s1Q1EtamtUa2FPMmxPZzVwY0pBMVBkN0xVNGNfWjl3SVdrY2FR?oc=5,The Times of India,"Fri, 05 Dec 2025 08:00:00 GMT",2026-06-14T20:33:50.889022,job_scam,True,False,candidate,https://timesofindia.indiatimes.com/city/guwahati/mizoram-cm-urges-chin-refugees-to-respect-indian-laws-stay-united/articleshow/125794252.cms
job scam Mizoram,Gujarat to Myanmar meth route: ED busts cross-border narco trade; drugs smuggled back via Mizoram - The Times of India,https://news.google.com/rss/articles/CBMi1gFBVV95cUxOakpMYl9YUnJlOURkTzhNZm12a2VYbGZhT0R4bXpzdWhrQ2RQNWxXbC1RNTZWTFk4TmEyMXpIaXFpUV9tMi1GRTlwVGxKSUFGZkpHbUc4MlBjTEMxeEtiRk5PaFgwb0Q2VFRleGc3bnFoOHB5VkpXcVhBaV9HMHJmTFh6ZzVYZ2ljdVlaV2ZhaTcyd3JoSllUV3ZqWWItbDVaLTRRanFKU1dsMjdORTVCYXhsa2FKYmhnODR5Y1BPd1VtTFJHWlcyWEhaX01FR3I2YURNUGNB0gHbAUFVX3lxTFBoUHR5U1gyRXNvVElxRHllSmtGTjZ6UjVZcmNRMUtQTWFDQWx5R0hlMDBjUmxhTGxIc0FKVV9oaVJsbkt4N2xoZVpyWkhVSDZmcHJWMFhwc0g2VG5mMkhPY2NGSC1Ccm5JMXdrbXgzRVBILU16ejI0cHQyRV85SDlmMWdSWHhKNExORmo0QVlIZUd0anlwdzRfbkJvdFVrREN0M0dNSjA0b3UtVW96Mk1wRXRmek8yVXJTTXp2MG0zVTYwWDI2em1oYzBSRGQ3WVRjLTZ1YXJTMnV0MA?oc=5,The Times of India,"Sun, 30 Nov 2025 08:00:00 GMT",2026-06-14T20:33:50.889094,job_scam,True,False,candidate,https://timesofindia.indiatimes.com/city/guwahati/chemicals-from-guj-smuggled-out-to-cook-meth-in-myanmar-labs-ed/articleshow/125662393.cms
job scam Mizoram,Forum slams Mizoram govt over delay in handing over Lengpui airport to AAI - The Times of India,https://news.google.com/rss/articles/CBMi5AFBVV95cUxPTWhadG5hWHVNZ2RqcExQeTFBemp3SmVRWGZ6M3pwbHhMSWtYNE5PalcyN1FmVTN0RnlXaWRod05XNVEzVWNtUTlKNWRaSG1ySG1sNEZBejVPZlJXZEVmdi0ybU1Cd1U3bVhiaUVPVkdCMHFUMmFMUnZCSEJsYjZDcFdPMS1scmNqMU1Sc3EzblRYbGdwRkVQSFhfb1FQNnBjNG8yNmRnck9qTkVWd2R4YVFSZDdkM01TekZ4VUJnQjNzY21fcEtkSWtDWkNmTXFad0FXUDdmNF9RQWdIek41TV9jOTTSAeoBQVVfeXFMTnFFakkwcndLWXA2VGhoanExRmFLYTRtX0NVbHlwXzZEYktKQWt4ZlVLZFUyUzFOZmRRZmh1WXRCRTB0eXBfZFNuTk94Z1NRS3dVQWlaWFZpZU82QWFvVUZQa0ZGNXdVRjhiOW82MXhYQTRGajQ3R2NkNDFndmJyaDZRdE53RXZjR0lPNURveWJZUXJWMHJKZFhLUFVwblMyemlDeGJ6akNHeVVyQzFjYy1hZnBZSTRoYldZWlhCaFNIMUZUUkFpOG5VOTdDT2x1UWo4S0s3YWhheEhhZWhfYUZ6LUZ2TnU1ZHBn?oc=5,The Times of India,"Sat, 09 Aug 2025 07:00:00 GMT",2026-06-14T20:33:50.889103,job_scam,True,False,candidate,https://timesofindia.indiatimes.com/city/guwahati/forum-slams-mizoram-govt-over-delay-in-handing-over-lengpui-airport-to-aai/articleshow/123208626.cms
job scam Mizoram,Truckers call off stir as Mizoram road repair work to begin today - The Times of India,https://news.google.com/rss/articles/CBMi2AFBVV95cUxORVd4VlRmUUxXTzE1aklRQ3hkdHlNY003ZWZoZ0JOem80bVhmdlhPUXFXUE1qYjFSUWg5c2FUcmkzQ3J5cFVNR3U1YUprY0xDMjZLWFdKVm9zYkc1WDR3M1o5aDlreWs5eUxwYXhnTFlUc0J5bDcyYmZlcHNIY1ZqU0lWY045Rjk2dFpBUHBQd2gyY2FybDBwN01qVkU5cWVRbXJrMHctSTRzM3JkY1Y0b3Q2aWNOek0yZUpJUkVGTTU5aE9zdU0tU3I2b2hvajYyeTd2OGkxRG7SAd4BQVVfeXFMTkZfOTE0QmRHRnZrN2lHXzV1ME1EVWpEcnJ0dXJoOERSV3ktMkhRWUdqRFBMcU1VS1VHZDdWN3dYVzkxSy1hcVNfVUdLX3JSNVM3U2k4cFM3VURkWkVUTWt4UmlSVU9aTzVaaUpIY09ZeGNMNzZtTUFvdTV0Z0J5SmJGSExhTmtsUFBMaDRlU0h5OVkxVFZvYTBkN0xTNlllR0ZVbUxSNTl6OUhneENhYVVBN0N5NFd4NmVoazRORWdVU0tWa3FGZEJoa214Y0VWaUhpUXZ6blZyZXpMcURR?oc=5,The Times of India,"Sat, 24 May 2025 07:00:00 GMT",2026-06-14T20:33:50.889119,job_scam,True,False,candidate,https://timesofindia.indiatimes.com/city/guwahati/truckers-call-off-stir-as-mizoram-road-repair-work-to-begin-today/articleshow/121375113.cms
fake job offer Mizoram,Governor Hari Babu Kambhampati launches Nightingale Care Services (Home Healthcare) - Lok Bhavan Mizoram,https://news.google.com/rss/articles/CBMitgFBVV95cUxQMDJwRm1FUWp0SThIUDBSSUZ5b24wZUEtaDk0LWNGSjl4LURnYjdOMzhaLU1weHN2OWthWkdRLWpjZVR5cGFmT1B3UmplNWFfdjF3RVI1emVXa1lycTZvdHc2UGd0UVg5SkJLNmQwU1VTelZsSVN1Z2NFaHB5b2ZNdFVHSjhHYW94bEtzSjhabUZWcDZNQjEwSk8zRDhCS3lQbWxDMFpBVDZjajJlYTFfMkM5NFJtdw?oc=5,Lok Bhavan Mizoram,"Tue, 29 Nov 2022 08:00:00 GMT",2026-06-14T20:33:52.732864,job_scam,True,False,candidate,https://rajbhavan.mizoram.gov.in/governor-hari-babu-kambhampati-launches-nightingale-care-services-home-healthcare/
fake job offer Mizoram,Mizoram to sign $108 million ADB loan deal to strengthen public healthcare - The Assam Tribune,https://news.google.com/rss/articles/CBMiuAFBVV95cUxQVmpIa1d6bDRQaG9qWnFNWnNCa1FENnhUbnVodkE4OWEtNS1oeXliLThzamZTRkIyblBxeml0M05ZUlpqYU5LZUwtSW5tS2dDV0V2Tl9oNmFQUmNkd3kweFFmNFR0ZHdaQ0FGcVR4RWd2ZlNzQkZrUXlKeU1rMXVLWWw3T1R3Y0NENVBxclV3TkRQckZSMFhQMzdCajkwWUZtYzJabC1BV3RGZWFmb3k2VjJvUjNVTjA20gG-AUFVX3lxTE1OOEVUdDgxNkd6T1BhNUFrbjFFcm5vbnVjRWlha21sdkVGTi0wd0thOThrRFc1Q0Vtd2RVUUpBWUJCZG9SNXNyQjJpdFpGS3lBa19fWUpnNXp6Q29HeGFUYXYyTlQwVUVpU25NalVTZjRBUkttaWNHRElEbW1LUzFXb2xkRFh6ZmNwenVRYUJQZU16YXhEOUdEVHJlS21Gcm9LT0xERUlEb0kzZjRxcEZibEJSVHhodWZFUnFwTVE?oc=5,The Assam Tribune,"Tue, 16 Dec 2025 08:00:00 GMT",2026-06-14T20:33:52.732912,job_scam,True,False,candidate,https://assamtribune.com/north-east/mizoram-to-sign-108-million-adb-loan-deal-to-strengthen-public-healthcare-1601484
fake job offer Mizoram,Mizoram guv discusses infra projects with BRO chief engineer - The Times of India,https://news.google.com/rss/articles/CBMi0gFBVV95cUxQZUpjOGFJUVBFSUlGeFF4QTJ6UTJrdHEyMUttNDlzYW9GeHdtQXJKWl92Uk9ZclZUUU0wNXFjNFhENjhkZHFxTWdjdnBPenJ4dHN3dGc5YjYyVU9TbTVGWnBXQUo3d2lfb0VOS0NXNks1OVhGNGNfWXpneFRteWNMNTFZajV3dEZjRXFTZGlqa0d3ZmZaTVhwMzliUWF5ZjNxZm9UZUh3clZxdGpBNGZmZ1JDV0ZRQkVsdEFYeHhjaFp3dlJpak4xR2lEdG9EWFZiNUHSAdcBQVVfeXFMUG9Vc2duLVNVQjI1SmQtUEJoWnBiZlR6aFdhRkRURnpoYTdFV01WYTQ0R0IyZlRmekJ1bC1nRlB5M3FhVE94M3ItaFdqWlNmcldyTWg0c2c4TkY0dFNJSzJDdFpwZ0R4THNzZzBBVWhjSUtTV0FJSGhTd3NVZUdQSnZGVzNVTDl6cDNfam5wd25taC1rM1BKZjJIeEloNXBjTF9RUHNLQ1ZYM2tsamYzY281RFV1RnRKRmlaaEdPS3ZGZFZqeU5RUEVDdXVyeExZNTlnZjVVWGM?oc=5,The Times of India,"Wed, 23 Jul 2025 07:00:00 GMT",2026-06-14T20:33:52.732941,job_scam,True,False,candidate,https://timesofindia.indiatimes.com/city/guwahati/mizoram-guv-discusses-infra-projects-with-bro-chief-engineer/articleshow/122843267.cms
fake job offer Mizoram,Viral: Old video of Christian group burning idol of Hindu deity and Indian flag in Mizoram - Alt News,https://news.google.com/rss/articles/CBMiswFBVV95cUxNYV9SWC0yclNtM1N1aV90S0VwR19nQnFvRG1TTkxZUHFuUzE2QUhaTGxhUnJpQ3pZOF9waGw0Smp1ZXZwSUM2NEFWZlRaLTFVcDhXUWl4ZDdKQUJqZGlTS1RBY3QzSEVmOU0tYm5rQ3RSU0FjYTJvS2ZqY3Q5Q25lYWtWbG1mbEYyTUI1Q2E3MTk2dnNjbHc1MHZOZkUwekgxYXV1d0RjSUZ4RWtGcGEyTmpzSQ?oc=5,Alt News,"Tue, 05 Jun 2018 07:00:00 GMT",2026-06-14T20:33:52.732953,job_scam,True,False,candidate,https://www.altnews.in/viral-old-video-of-christian-group-burning-idol-of-hindu-deity-and-indian-flag-in-mizoram/
fake job offer Mizoram,"Mizoram Police Rescue 5 Women, Including Minors, From Alleged Uttarakhand Trafficking Racket - The Logical Indian",https://news.google.com/rss/articles/CBMivAFBVV95cUxNUEgtR2RlMmRtaG9NUERQZGp0WFAzblAzZFFEaUZrUkdQVjd0SFdHSUU0Q0Y5a0lMcnpMdFNOWTY1UTZ4cHJlWEM0OUY2QTNHRGZzVC1GNVRzdm53dl9VZ0lZYlM1TkZJZ2lSc245Q01TMTdfYmJFLTloQmYzUHQ4MGNzSXV5TmVENEtMS1FLNXJYcTdPelJ3d1RiTGNhVVktdnkzZ1RLZC1VQ2hUWTlQa2pNMzVoNnZUM2RlSg?oc=5,The Logical Indian,"Fri, 08 May 2026 07:12:59 GMT",2026-06-14T20:33:52.732964,job_scam,True,False,candidate,https://thelogicalindian.com/mizoram-police-rescue-5-women-including-minors-from-alleged-uttarakhand-trafficking-racket/
recruitment fraud Mizoram,"Mizoram: Over Rs 11 lakh fake Indian currency notes seized, one arrested - NENow.in",https://news.google.com/rss/articles/CBMihwFBVV95cUxQU2ZHbHEtZDA2blZHQ01LS1JlcDFrQ3hxNFlEaG5qRllxaU5qUG4tNllyVTF5NFEzWFY0T2VIWXZaSW1OYWU1RXIxUHFPMVpUYVhHRlpiNjVfUWpYckp5Zl9lMHVrbFFzZ2Z0cEV6ZmJ1MDhQaEliMDg0amFwM1hXQk9HMjdJeVE?oc=5,NENow.in,"Sun, 27 Mar 2022 07:00:00 GMT",2026-06-14T20:33:54.674160,job_scam,True,False,candidate,https://nenow.in/north-east-news/mizoram/mizoram-fake-indian-currency-notes.html
fake recruitment Mizoram,BSF Mizoram Cachar Frontier effected seizures worth Rs 47.48 crores in 2021: IG Sonowal - The Assam Tribune,https://news.google.com/rss/articles/CBMiyAFBVV95cUxQbzZsWWp5OGJSNWxCdVIyVHBSMndWZnluU1gzVHdKV2VvdDYwbmRIOVpZQUYxLTEyUkdGYXJGM20yLWFrWkRpellQSzJuSzJOZEZXTzkyTnd1em1WcXIxOXFPNHBzb3FTMmxGVTVLZExZdDJwOEtlZEpqMjVzc0xtTUpwTGd5UFRrZ0NnQmEtd1I2SVppQmVZT05XQWJfUDdseEcxMGFOeElBR3lCN3J0NW8ybi1Ba1dERHdMTndiYlFyd0I5czRXTtIBzgFBVV95cUxPMjF4d0d1aFBFWk4yeXFkWnotRTViV1NTMDRCVl8xbjNCalVpbm9ENnlrSHVCbTgyT3NyTVlVemgxOUE4dFhVb2haTHJvVlh2clUzTG1SREgxeEwwMmVBT0Zqa09PeHJLMFhKdmY1NFFWUjlHRTRtZWxGcGJwTmhnenB5TVJVSEQxT1lNa25uelFaRnZuMEF3Z1hDbWRjUU9tMm5RQ0lhdy0xdUtJZ0JvUjBkLXJ1ekVwQ05UX3RLUUE1Y2xiRkZ5U1RKTUVEQQ?oc=5,The Assam Tribune,"Sat, 22 Jan 2022 08:00:00 GMT",2026-06-14T20:33:58.025542,job_scam,True,False,candidate,https://assamtribune.com/north-east/bsf-mizoram-cachar-frontier-effected-seizures-worth-rs-4748-crores-in-2021-ig-sonowal-1350448
fake recruitment Mizoram,Mizoram’s proximity to Golden Triangle fuels drug trafficking: CM - The Times of India,https://news.google.com/rss/articles/CBMi1gFBVV95cUxNdHdiWDJ4WUlncFNLYWJIbFUyWlduUS1RVjNJRWNNbUcxcXFSLWVxakJjaGdiU3pUVGlPV3dJbkhpNlEwV2Rmd0FjMEJHM0c3dXlZaFZWc01RWDVtcWNzai03VlN6S2xlcHo5bm43TGhuVnMteVRhN1liREhiOWMxc2d4bGNvVmhDR3lSbXJ0d0RrTVBucWIwN3ZIRHlIaDN3Y0stbWttQ2VSR0dsTW12bkNpUjJrVl9YaWctYmo3UC1VZEtSQzB0Sm1HLU1EWDRLa20zZk130gHbAUFVX3lxTE5kU1hhTzhCRWVJbjlSdjBLcUxCaEV3dnAwcFpQclBrZnhqM182VGRQbGZGRmdJVGoyNmZOcVpEYVZmV0FnZF9QX1B6VENsYmIydFFjQ1BoQm5laGhERkI0b3dCM3dpRHlMM3ZQN1pGbVlEeGRURTNSSGhQbVc5OWhpNks3R1JqV1h0UzdzSzd2M3I5TWRjX3FucWdqbkk3Nzk2U1o4b3g0b1NNbjlQdGRTbzVnbXQ4cE9VVm56cF9OS2diNDJQWWt3UV9VOGNNOXZMeThVbGdzYUFlTQ?oc=5,The Times of India,"Wed, 13 Aug 2025 07:00:00 GMT",2026-06-14T20:33:58.025555,job_scam,True,False,candidate,https://timesofindia.indiatimes.com/city/guwahati/mizorams-proximity-to-golden-triangle-fuels-drug-trafficking-cm/articleshow/123287224.cms
fake recruitment Mizoram,"Nine Held as New Heroin Trafficking Route Busted on Mizoram-Manipur Border - The Sentinel - of this Land, for its People",https://news.google.com/rss/articles/CBMiuAFBVV95cUxPZWhJejVxdnF2UmJZV3pnc3YwVjE2amxMUEMxWnhScGFya3NKR0kwaEF1cjVkUDlGRHpJQTBSQ1M1VU02bFRSWURHbzlSU1A2RHlqV0U0SjdELVgyRFJNNS01cjU5VExMRnpmaEdUMl96WVNtWjZsM3d3RXI2NVhqbVBDYVlYcmJodU1scXB2MjdNTVRCRmdYSFY4b0pzdXFWN1ZYZnZFQktab3pGbTA1bGtmanczcnhW0gHGAUFVX3lxTFBQeEhyUW9mYTY2c3R0ZEp3VHhQWVBJYVI2eFNFaWtwcWotMFNsNUtzUmdLM3N4N1ktdHZrM0ppMnlZX3FiSE1EdkZHVFphd1I2SzBYR2xCaWpjdl9kMnZhdUxMU3dmS2xTU0twbEdDNE96TEZjVVVCXy05Q1JUWHFQSHdJRFptbzZCck1fRl9PaTk5c1A0TFg2N3dnVkVYTGNaT3JrQnRwLVBuNGtuSjV0MjQ5UENCLW81LTcxOXJubFAxWTBiQQ?oc=5,"The Sentinel - of this Land, for its People","Sat, 13 Jun 2026 07:33:50 GMT",2026-06-14T20:33:58.025568,job_scam,True,False,candidate,https://www.sentinelassam.com/breakingnews/nine-held-as-new-heroin-trafficking-route-busted-on-mizoram-manipur-border
job fraud Mizoram,Mizoram cracks down on ‘proxy culture’; 29 govt staff sacked - The Assam Tribune,https://news.google.com/rss/articles/CBMiowFBVV95cUxNYWlVVVJYcTV2QmR1cWhwa0pzQmY4SW1DWGhHcmNyc1Z1Z3R0Ti1VYkp1QW5ZM0xqQU5fRTVLZVJocEMxZkxqa1E5V3RnazNWRUlIb1VPTG1qSU1SSDJ1Nm5TZG5vcl8wbnJBOXpRbTY1LWJCby1GV1lQaWZtMF8tWHNKb1l4YTBBSXlkb29vLVBlbzhTZUNjejBMM0xUeENSazFF0gGoAUFVX3lxTE1CdGxfajlfZnBsVXJxLVdJcFZnSmpTVDZCZnpDdTg0WWxVbHJ0SWFESzVtOWFvbmZjMVFCRER5bVN5UmdOUW9RbTlubUlYNzlZZzhsNXVPTHNKdkdXemlOVHBaVkRhWDFrSENaRTJnZzB0LTNiYmhWckhBYmJaSHM3RTZKaUV1X1J0M0RhMGN4LU5LWFdfWk9HNHdfNWNDT2lYcmJhSTM3Ug?oc=5,The Assam Tribune,"Tue, 24 Feb 2026 08:00:00 GMT",2026-06-14T20:34:01.187831,job_scam,True,False,candidate,https://assamtribune.com/north-east/mizoram-cracks-down-on-proxy-culture-29-govt-staff-sacked-1608548
job fraud Mizoram,"GST Rationalistaion: Cultivating Growth, Crafting Prosperity in Mizoram - PIB",https://news.google.com/rss/articles/CBMidkFVX3lxTFAySXNGSDJBUkh2MmtOYUhRSldIckItMUcwWm4zTFZwZFVuLTBMVC1OemxJa0R0Y0I3WEhjS0YyZUQ1TVp4RjZWVFFJODRGMmdMM09CWVdtMm5tcVVIZ0FJLXVpUWZINXJOekszeDMxZEwxWkxlYUE?oc=5,PIB,"Mon, 13 Oct 2025 07:00:00 GMT",2026-06-14T20:34:01.187845,job_scam,True,False,candidate,https://www.pib.gov.in/FactsheetDetails.aspx?Id=150365&reg=3&lang=1
job fraud Mizoram,Mizoram Govt Terminates 29 Employees Over Illegal Proxy Hiring - BW People,https://news.google.com/rss/articles/CBMiowFBVV95cUxQUmxGMUU5T19WaktaU0xnYjRWd2FWVmZvNmhCckhKVGs2UlR0clJ2aHR5WWU0V2NKcmVxc0dBaC1YSzFqRjhFeGRQTC1iS0ZVMXMwdUlRRm8zVS1OdTVfLXZmWXhGckxKVmprUy1mUDY2N0dHQzVrQnRTRlNKRzlkVy1ta0NJQS1fa08tci1Lemh3S1Byd2h3UkdWdmJCaEhiWElR?oc=5,BW People,"Wed, 25 Feb 2026 08:00:00 GMT",2026-06-14T20:34:01.187872,job_scam,True,False,candidate,https://www.bwpeople.in/article/mizoram-govt-terminates-29-employees-over-illegal-proxy-hiring-595099
job fraud Mizoram,MNF calls 10-hr Mizoram shutdown on Oct 29 to protest Forest Amendment Act - The Assam Tribune,https://news.google.com/rss/articles/CBMiugFBVV95cUxOcVFOdXM4U0VMTDl4aU1yUGxjYzRaUjRkNlRtc3FUelg2NzBKVzhsaEFaVnM5SjIxV21BR2NkbFFUTlotX2JmZjJvenpfdlJOVTlLRGlDcTV3OE5qUW5CR09rZlJqY3U5ZlJYc1pPWHlmLS1aRjN6dE5GTVl6eHZJcTJEZEF0dUdtUzE1UjlaaWZDbmdIU2Q3RW5TekdXc1RDcDNvTDEyTmxRRFgyenFTeV9HVnFGVWdvc2fSAb8BQVVfeXFMTkdoaGxwMU01amxtQm9jWTFXLWpvTm9Id2xWblU1dWJQVlVJQ3hiZmVxLVo2S1NQQjJvOFU3YndBTWFQUERHMDFJa0lCVHZ6dWRSdFlTNkpJOFhyNk9SRkN6RUN1ZGN6U3RTUzdJNVBIZnNBY0ZiSmRlOEtwcmxnaXV5U204VFRxZHFUYkdieVp4Um1hSFFITDN3RzAwNTI2NDJtVWREQXlEN2xVMTRTRVZMUUpjT2FOQ0NGdnlLM0U?oc=5,The Assam Tribune,"Tue, 28 Oct 2025 07:00:00 GMT",2026-06-14T20:34:01.187914,job_scam,True,False,candidate,https://assamtribune.com/north-east/mnf-calls-10-hr-mizoram-shutdown-on-oct-29-to-protest-forest-amendment-act-1596010
job fraud Mizoram,Biometric enrolment of refugees begins in four Mizoram dists - The Times of India,https://news.google.com/rss/articles/CBMi0gFBVV95cUxOcl9CaVBpd2Z1SzZLRjNHLVFXUnNZYzc0Y002WjN4TGV4YUlNY3EtN05QYWtVNVVGRGV5c2J6dmJ4MUxLRVZuVkRtTEwwbm5Hak1YZmwtUm1FTngzUU5SWThXcDlLUlMyNHV4a29BdTFJZTRzc2xUMW52cG5lODA5YlQtanBNX2VDdGQtd054VkxxbXZWY1BoQ0hBcjFBUmppclRBMTNaUTBFVEhmVjdBUVZnRl94a1kyMXJ5ZHRfcm5nejN2UHZiQ2MxOWNmdnoyLVHSAdcBQVVfeXFMUGlLcWdjX0JoQ3d1U1dTamgyMlRoaGlZVzFyV25oUVBGZENnZVRqWmVXSV9pQ3pFcVRsdkdib1dnWmR6eGtRV29mMFVNdTdTU1FEdnMwX3V0RTlzYTV3UURONHUxd3FlWVlGek8yVExYVTdQOEo2eTk0aVhjdFNpenhmMWFrbDlvMWZ1WEFmWlByZHV0MF9IZFFGT2lCZzIxRGdfUjBfSEhFNG5zWTROaEJCZVhod3hESW1XcGY0anRrSExxZ3gxUUNjb2FMa1hXOGdLQUxRdjg?oc=5,The Times of India,"Fri, 01 Aug 2025 07:00:00 GMT",2026-06-14T20:34:01.187992,job_scam,True,False,candidate,https://timesofindia.indiatimes.com/city/guwahati/biometric-enrolment-of-refugees-begins-in-four-mizoram-dists/articleshow/123049336.cms
job fraud Mizoram,Mizoram: Massive forest fire in Lunglei - The Assam Tribune,https://news.google.com/rss/articles/CBMiigFBVV95cUxNcDhpc3Y0OWhtNG1jR0k2S0UxTUk0OEdPRkZGVS15TjNFTTZZcmFTN3ItOERDVzBBUEtMWUFOVGlZVFVxZHdBWS1pNDdMRlpwTTlyWkVHUkxlaHFNdkZiREJ6bWtHdVQ5c0ZRVHJXeHpMcVNxUDU3bnQzMmNBcWZTQl9Gc2FzSEFKMnfSAY8BQVVfeXFMTmFwb0ZxTUdkVDBDRkNWTnJZTHdsUDNvNE1GUkREV2R6SHh4NzdtUmFTVXNETTkwUkNPOTYzdGZoNHBPMFh2bF91Q3hFbDFFMzR3eWgzc3N0bGx0cW0xVHNtakJYYTRTQTZwQkwzUjE4RTJqTU5CYjZiRnMwSDlocm0xaGNzLVhta1V1NzI1ZTA?oc=5,The Assam Tribune,"Sun, 25 Apr 2021 07:00:00 GMT",2026-06-14T20:34:01.188056,job_scam,True,False,candidate,https://assamtribune.com/north-east/mizoram-massive-forest-fire-in-lunglei-1090512
work from home scam Mizoram,"Mizoram orders 20% staff to work from home, rolls out fuel-saving curbs - The Times of India",https://news.google.com/rss/articles/CBMi3gFBVV95cUxPNHMwS1BWWklTUmVzdUV2Um1IZDhyTThrM1FnSFFoUUJQdDlZM2o1dks3RWlYN1lvcUV3WWJjSmNIa2ZZcHNCNGY1RndsUVJOeXlGRmZMaTlEQXNkUmUzQTA0Y244cThEUWVaTXJNbmxDeUV5YkZQUzhic3RFcEVSakFqN1hzMUpHdXcxdlBqRE9naDlZbml3S0ZsVHF4NnV0eDdTTGY0azQzNjNlbjR1V0ltQzNGb1FpZEVrOEZpS2E2UHNSclJYODZadXk3VGNsTEhZbzBKa05lUGoyUXfSAeMBQVVfeXFMUHNIWEhqVmdfMGFRZVZjWmE1RWFzSk1VTFI2bXlWMVpaRDBXSjdWbV80aFdFamE0WDdEOHFvdGtDa3VFV3JwUFhsYkVzTHhMa0V6Wm9HSFlxRVM2d016MFRsOHhHc3FoeXU4SjdwUDJUQkFCNnNaT3F6elRFOXNGX3V0UnhyRGlOWHpuVVhHalpsek5sWTMwbUw4TFJOQ2lreFRHT0ZVUURnRDBLY3h2Uk9Qb2RkWTUyWWpLMF9EcF8yZUpjd21OVjNaT0xZZGFrV0FJUjFJXzRITUtQMV9KSzV2dHc?oc=5,The Times of India,"Wed, 20 May 2026 07:00:00 GMT",2026-06-14T20:34:02.877318,job_scam,True,False,candidate,https://timesofindia.indiatimes.com/city/guwahati/mizoram-orders-20-staff-to-work-from-home-rolls-out-fuel-saving-curbs/articleshow/131226938.cms
work from home scam Mizoram,CAG: Mizoram disaster management agencies ‘ill- prepared’ for calamities - The Times of India,https://news.google.com/rss/articles/CBMi3AFBVV95cUxOcTc2MWhOTjlHalJCUDBHWUxESGpka0U0M2dtNXhuYVF5T1RUZmdZc1hVUEFYakJwczNTcG1jVXA0aXFOaGdMdWVuZndWN0pSR3hKS05qVWtrZ2U4a2MxQ0dhbVpmYjhDbXZSbm42aWg0UGVzcFpqVUVSanJJN0hXUjNibGQ4aURuNWJzQ3NBVWE0c0ZjXzgwMk81Sjk4d0lzOEhvZDJPOE5lWXZUU012QnBsSVZNQUdzc2tYYzNzXzYxanVFQ3h1Wm9aaTVLS204QXJqQWN3a0NoWlR30gHiAUFVX3lxTE5wN0p0MlRUT3Q2QTF6Rk5NQUZUWDZCVVlOSGZIRU00V0RWb2hOcXhTM0FLRWc0c2ZNMnJVVXVMRE9VUXdrZUYwdWVqRDR2NWJNUVlfWXRRMU1nTzlIN2VJOEF1eEdVVkpFeEw1Z3g5MU5NWXlaaVhjbEZqTDBoQ082MC1xRDR2RW43Z1d1SDJEbVQySGs5OE42NXI1cmVybExPOXVUbE5keTBpbnU1dGZXT3d3NVdPVjROQm5mU3d5MVVFMmJSMTQzX0VRWmN6czF0MDFGYk5iZks4U0JCeFQ2elE?oc=5,The Times of India,"Mon, 01 Sep 2025 07:00:00 GMT",2026-06-14T20:34:02.877562,job_scam,True,False,candidate,https://timesofindia.indiatimes.com/city/guwahati/cag-mizoram-disaster-management-agencies-ill-prepared-for-calamities/articleshow/123620420.cms
employment scam Mizoram,"2,000 Ghost Customers, Fake Mahindra Account: Rs 150 Crore Scam In Mizoram - NDTV",https://news.google.com/rss/articles/CBMisgFBVV95cUxPdjJiWG1kNG1RUXhjYzBrNWtBaW5kUlRoSW1Lc3A2aDlWc0NycXhlTlY1Mmx2WGgxRnU0R1AtVnFEYXJpTGk4VE9aNzMtUEV6SHhrQTFCZlZwVzlBdllyVGtaeXhLU3AxR3VoWFhZejJCT0dxZkFSUXFFRWN4a2xHaDFFZUc4QThtWGNjVlE2RVlIc1Y1YVVNY2R3MjRBTnJ5YThRek43VEQxSi1ybFJ5VTZB0gG6AUFVX3lxTFB5Z2o1bkZfd0NWSE9Ocy1uV19Jb0l1ZDJfSkVXd2xlbFdvNG5zTm5WYk5KZUc4aEhDbmlUUlJvM3JoM0JSdHlZY090SkZkd1hMTTZJc3loTlB6RXpUTzBaT0p3WHdKRVJOazh1bFVsS1VPTlJUS3RGZURrbk92bF9ZWkNTYzFjdjhQQXc5bjZPLTh2ZWx2TTVsQXZKcmJPdWhyRjlFb1JvUXRmdlRHaUtUQ1kxcUdWWWd5dw?oc=5,NDTV,"Fri, 26 Apr 2024 07:00:00 GMT",2026-06-14T20:34:04.800666,job_scam,True,False,candidate,https://www.ndtv.com/india-news/2-000-ghost-customers-fake-mahindra-account-rs-150-crore-scam-in-mizoram-5529971
employment scam Mizoram,Mizoram police busts biggest scam recorded in NE India; 11 arrested - The Assam Tribune,https://news.google.com/rss/articles/CBMirwFBVV95cUxOYVVSLXJ0QzBJc1JVb2h1T1MxVlRKeHdkYkFQRjVwTmptblZ2UnZWT0hBSzVCMWpNcG1MdEpMV3dUcWFmVWZiN0dqSmdGSWI5MXJzOTZkeVVzTEdMREU1RW5rdXdUdUpWRnJtY3ZUNGJnLTJiSmtjTzJvMUdBcmhxWXNUVDhKdk1Zcm1JTS1zcGItX0tkd0lVa0NaRWtCc2FiUjI3NC1XQ0VHNm00Q2ZV0gG0AUFVX3lxTE16N0t2SmFCZFVsRGhqVk8tYkZvakR4MmdtOGZNeDhTWXpDejNmTnhOemRjZk5rU1VzbGtfa2pDb2lKa05DOHd2UlQwbkhuSlZUY1ptcGlzaTJLUUlYcXNhNHAxeEJVTlNVSVVsQUNXZmplNWI0ai13eFR0UHBHZ25aY0hpRWtQSFQydVNNYVhJQWRZYmJsSEdQemRrdkstbHNGTF9mMXdsaXUwVUVBclVjVXNubw?oc=5,The Assam Tribune,"Fri, 26 Apr 2024 07:00:00 GMT",2026-06-14T20:34:04.800742,job_scam,True,False,candidate,https://assamtribune.com/north-east/mizoram-police-busts-biggest-scam-recorded-in-ne-india-11-arrested-1532595
employment scam Mizoram,Mizoram CM calls on Dr Jitendra Singh - The Statesman,https://news.google.com/rss/articles/CBMikgFBVV95cUxPdGxIcVlaWVhmMTgzZzJMLUdndW4wcnlZS0NPTDNVdVdZR0lUbEtQR0g5cUhfY3c1RkhhZXpncHp4TkctbXFiVVE3V0MwRllfS0ZSRl84Z3dqVzR1UWplY0lxWHpfd3NxeGtVNTZEM2pFN25kR0lGekd4WHpoVjV2NHd1S3FnQm5URU5NME1ERGtmQdIBlwFBVV95cUxQdm1VLWdXaW9ENnNjaXdwZXVPTDhjelEyYTJoNlBQb0ZMbGRkYkdfWmF0cWx6dlhQeGtseFZ1cEJrb3FvejZlN0JHb0VQdE1WQXJzM2pQWUdpNXZYV2M0UmpOUzlBQVFtb2FCaXdSUS00b0dqc2dSdHlXNmZMZWtlYUdDSUZWSmVEc1hQQ0F0bHY1YzlWaTkw?oc=5,The Statesman,"Sun, 11 Feb 2024 08:00:00 GMT",2026-06-14T20:34:04.800823,job_scam,True,False,candidate,https://www.thestatesman.com/india/mizoram-cm-calls-on-dr-jitendra-singh-1503268766.html
employment scam Mizoram,"₹150 Crore Scam Busted In Aizawl, 11 Arrested - Guwahati Plus News",https://news.google.com/rss/articles/CBMif0FVX3lxTE1DZWNQbk1TVnpsVEZxQVVWaHYtOTY4M1pYZVdsczM2dDVuYWZUbldzb0FoWGRnSEpLZjhIcUUxeTZqNFo3UHhaV2gzaTN4c0dYbHNLdjBFQUktX243MjIweWhPQmRXR2tBblJ5dnhqWFFVcjR3YUdvZGpxR09wSG8?oc=5,Guwahati Plus News,"Sat, 27 Apr 2024 07:00:00 GMT",2026-06-14T20:34:04.800836,job_scam,True,False,candidate,https://www.guwahatiplus.com/northeast/rs150-crore-scam-busted-in-aizawl-11-arrested
employment scam Mizoram,Mizoram government faces backlash for shortening Village Councils' term - India Today NE,https://news.google.com/rss/articles/CBMiywFBVV95cUxNT3VBMWFGM3h6ZHU2X0t4NTdpZDgyUmYxMW9ZLW5ZbHdnaE9xSHQwQWh6STh2YTZVSkZoaS1vWXlRRC10d1A0ODFSVGlSMzNvNVFhamV2amxnMUs3VjFnNEt5bW1yS1BheWdRWkZJVHc0MkJ5V08wZjBBLXBLb0hhaXBDeW9nSENkS0R4cUNBMUFkREhJODMzRWl5bW1YM09DMWFHZFJWMHZDMG1UUHVldWhGWjNfSW5DVG4wQ2ZVSVBJUkp1VmJuckhZNNIB0AFBVV95cUxQMko2TUxYOUtaU1RLZDA0V21GeVQ0bURkamhlN1U1V1U0NHFVcFdPR1F5S1ozc1NXcEV3TlpMN0JIOGhkazhJUlhRbjlzZUxwNWJ4bmZOM0o2aVUweWN1NEZ3MVVZR2NKMlAxZUFHZXBSLWJFX0VBeldDb3lZcFJuRzhDRlR2dERiR0JGMExCS3lOdE53MV95WGdaaUtueU5fa2hVTFlRc19Hdi1IMFpaYXhMOWVZdUJNTE1rX1FRQy1iZENLNmdBYm5BalkzZUY3?oc=5,India Today NE,"Wed, 27 Nov 2024 08:00:00 GMT",2026-06-14T20:34:04.800875,job_scam,True,False,candidate,https://www.indiatodayne.in/mizoram/story/mizoram-government-faces-backlash-for-shortening-village-councils-term-1128065-2024-11-27
employment scam Mizoram,Fresh tension erupts on Assam-Mizoram border - ETV Bharat,https://news.google.com/rss/articles/CBMi0gFBVV95cUxOeDRNbmRPQlItaHY2ZHBFOC1kWnZ6cUd2RXcwWDlSREdHZUo5UWJ0MHRPQ01YcWtpVEhzOHRrNjNHLXJyeURqaVJNY3AwTFJ3TlRxOHpMYlRrYVIzRVJGVGZQeEw4REppTXhzQWw3NWludW0tanNYR1lOcEhUS1dja1gzaXBNNzJEZVBMZUptd1BxaHVaN1BJenZpRnU2RktiaXpwaGppNHVGMjh0MXlVTmJZVEFPYUt6WERPZTZ2Z2xOaGw3emxwLVZ6X2JMMGpkaFHSAdcBQVVfeXFMTnFUQ3MyMHU0UlVybklOYlNIMU9OdWRtM09IbElkYlg4cDgyT3RLaDJ3MXZROFk5NTdyZXJtS3J3c19WbGZXemRxRHJBWXEyVXFxcThPa3dzUXZGOUZwMzFETkFTVzF4ZDZGNzlNbHhOOGF0THptZ2pDQjRVSWd4S2FYMHphOXd3Q1lYcXg3Ukctc1ZxdG01dEhMTnUxRFVQT0FBdnVJX0MyWFRaY1BlaE1TNTk1Z0duNnUyNTR2aHJMZllPUkRjQWhad25TSmlVRmlhUkp5OE0?oc=5,ETV Bharat,"Wed, 10 Feb 2021 08:00:00 GMT",2026-06-14T20:34:04.800887,job_scam,True,False,candidate,https://www.etvbharat.com/english/bharat/bharat-news/fresh-tension-erupts-along-assam-mizoram-border-several-injured/na20210210165727017
online job fraud Mizoram,How a homegrown label revolutionised online fashion retail in Mizoram - The Indian Express,https://news.google.com/rss/articles/CBMi0wFBVV95cUxQRVRnelp5a2RBQzVhcndFaHZlQ2hjRVZwazB2LUdfUkt6NDM3V19OckZReGJYeGJOOC1CN0ZpWHJCTDlhY2xNOUJHczB0S3BNaHRBNHRPQ3dlR3VpRkVoRGNhMXBNbS1aSk11M0Q1NDg2MDkzMXU0eGhoY0NXZVhWMW1UMHVmVVNWWGt1QkZtX3UxMDhnR3JaZG1qNjJyQlNoY1ZPcjUtNWlLbFJwdHQ4V19VaEJoclhWeG9FS1ZFOEhJQTNpYnZIdkdaZkFqTlFZUllJ0gHaAUFVX3lxTE1rSVlXckMwWUo3SFNZMTcxN1ZyLUdoak5zQUZlZ01oSmYyeGlYbGN1R21SdURMaDhGRmxSLWZwNVVSMGlMTmNxVVdRSTRHWTY1Q1lYWk56dDVxR2xrUWFRYkxsRlBYOHNvNUR3VFk1YXRvWVRqZFNXdk5rMmlVY05NcVJkWEJBOGFhYUFudFBnQzg1ZkhuZ1BSdnV4bjJhX3JSLVBYZ0pFM3BxMi1hTjk4QTEtSnNuLXFDallZQ1ljX3VJWmRoVS1Oc0lsdkFpNXFxelNrNmcxbllR?oc=5,The Indian Express,"Thu, 13 Sep 2018 07:00:00 GMT",2026-06-14T20:34:08.402592,job_scam,True,False,candidate,https://indianexpress.com/article/north-east-india/mizoram/how-a-homegrown-label-revolutionised-online-fashion-retail-in-mizoram-5354201/
online job fraud Mizoram,MBSE Class 10 HSLC Result 2026: Mizoram board Matric scorecards to be out today at -mbse.edu.in – Check details - financialexpress.com,https://news.google.com/rss/articles/CBMi_wFBVV95cUxPQnRSTVNFNmQxRzF3cEthSVJoVHB2WThUNENXUW1neVMtNVV2REVQaG9OX0plT2xJRE50Mlk0cjFHR1BpQVNyNDV3Sl9wQUMxVmhOd2Z5Z0VpMUtubDM3cjlJOWM3VEZRTmdIdlBiTVA5STRQQ1RCWFUzQmpJX3YyZE9mdmMzcFFsV1RNQndmR1JIeWQ3RTdaWXdMYVFwUTFOdWhudlZqS1VDMGctelNjbmNUMm0wQ3pfWU1xWVY1MXhvVWZoZ1ZZQWt4UDhhZjJIV05fSFd5b2RLRGRlUnl0NzNQZm5wOUcwTVI3UW5Cc3Z2a0dXVmtIVGNvZ3pGMG8?oc=5,financialexpress.com,"Thu, 23 Apr 2026 07:00:00 GMT",2026-06-14T20:34:08.402605,job_scam,True,False,candidate,https://news.google.com/rss/articles/CBMi_wFBVV95cUxPQnRSTVNFNmQxRzF3cEthSVJoVHB2WThUNENXUW1neVMtNVV2REVQaG9OX0plT2xJRE50Mlk0cjFHR1BpQVNyNDV3Sl9wQUMxVmhOd2Z5Z0VpMUtubDM3cjlJOWM3VEZRTmdIdlBiTVA5STRQQ1RCWFUzQmpJX3YyZE9mdmMzcFFsV1RNQndmR1JIeWQ3RTdaWXdMYVFwUTFOdWhudlZqS1VDMGctelNjbmNUMm0wQ3pfWU1xWVY1MXhvVWZoZ1ZZQWt4UDhhZjJIV05fSFd5b2RLRGRlUnl0NzNQZm5wOUcwTVI3UW5Cc3Z2a0dXVmtIVGNvZ3pGMG8?oc=5&hl=en-IN&gl=IN&ceid=IN:en
loan scam Mizoram,"Massive Rs 150 Crore Vehicle Loan Fraud Busted in Mizoram, 11 Arrested - Hub News",https://news.google.com/rss/articles/CBMilwFBVV95cUxQMGFQbHBIdm5KMFpmZERMV2thRWVnOUQtV1pJbGd4Z1NvM0tTc0tKYTBCZTlJS1g4NXBxSThUT3B5VkVmUGNnMkRsUXpsZFZGRGx0RlJUM1NtWS01ZlB0QVlZeHd6QkNBaEl5eHoxel9IcGNDUmw0ZjhBSk1KMTlzLVFncFNEdWZ2VXlWVTRSOW1nQkw4eFBN?oc=5,Hub News,"Sat, 27 Apr 2024 07:00:00 GMT",2026-06-14T20:34:18.062944,cyber_loan_fraud,True,False,candidate,https://news.google.com/rss/articles/CBMilwFBVV95cUxQMGFQbHBIdm5KMFpmZERMV2thRWVnOUQtV1pJbGd4Z1NvM0tTc0tKYTBCZTlJS1g4NXBxSThUT3B5VkVmUGNnMkRsUXpsZFZGRGx0RlJUM1NtWS01ZlB0QVlZeHd6QkNBaEl5eHoxel9IcGNDUmw0ZjhBSk1KMTlzLVFncFNEdWZ2VXlWVTRSOW1nQkw4eFBN?oc=5&hl=en-IN&gl=IN&ceid=IN:en
loan scam Mizoram,"Mizoram: 20 MMFSL employees charged in Rs 150 crore fraud case, 177 bank accounts freezed - India Today NE",https://news.google.com/rss/articles/CBMi4gFBVV95cUxNejNHQzFIaFpIbGpfSGVLQ1o0Q2RpYTN5eFYzYUV2bUhnOXlJOUl2SlpIQ0J4bzJSOTAyTzJ1T3lQNG1Yd0hreXBLMzZLMU0zU3FrQkthNkI2T25ReUVfei1EaVhGVTU1WHpZT3YtVXRfa2d5Y3RiTTVwUUtabU5nN3NmWENxNDlCVFlLeExCbTFOeWlSdXRyZHpxVlM4dkxsZHAtekV0anlvbG5Sd3BhMlI1MmxxNl9VT3U2Z0t3Vng4UHpQZjI1dWp4N3JOMkNINndKd2ZnX3h5Wk5tR3B1ekdn0gHnAUFVX3lxTE84ek5qN0Z0Tlpvbm5qVXFCbE5sdU45ZjVHY3RyeUt6YndnVS05STBkak1JUnpCdWVTbEpXMkpieDc5MTh3blZkaVEweEljUVRrVExGY2MtX2JsRzg5bjJMMERKUWVLTjQ5REZ2OFluTDNmTWNqVlpMRG83WGdFek5kT0Ztdkl5d2xHN2toeUFRY040V0JCSFFmMlBwel9kazFGaVNVVWhFOXhPNEx3Nkp5akRDMjYtZTU0ZXNYY2lGd1dIVkRpYS1tcHA1VEtvVVV3NHF0QmJXZWpuTHZjLUlRa09iV1RGWQ?oc=5,India Today NE,"Mon, 15 Jul 2024 07:00:00 GMT",2026-06-14T20:34:18.062970,cyber_loan_fraud,True,False,candidate,https://www.indiatodayne.in/mizoram/story/mizoram-20-mmfsl-employees-charged-in-rs-150-crore-fraud-case-177-bank-accounts-freezed-1049996-2024-07-15
loan scam Mizoram,Jennifer Lalrinzuali Crowned Miss Mizoram 2024 - Hub News,https://news.google.com/rss/articles/CBMieEFVX3lxTE5qOWVHWHRxSEJMRmtXMzVlQWFQeVNoaGZvTUs1eS1pbHFYWV9zLS1HbkpYLUNqZXdSSmtYamVIY3pfa09IdzYxU1pNZFJXWjVwRHdkMGxPUGp0eEZuNkhNZ2ZVclNUSjV1c1FXYmg2VGhodDYwWEstSQ?oc=5,Hub News,"Sat, 27 Apr 2024 07:00:00 GMT",2026-06-14T20:34:18.063126,cyber_loan_fraud,True,False,candidate,https://hubnetwork.in/jennifer-lalrinzuali-crowned-miss-mizoram-2024/
loan scam Mizoram,Mizoram: ED attaches Rs 21.65 crore assets in fake vehicle loan fraud ​ - The Hans India,https://news.google.com/rss/articles/CBMiuwFBVV95cUxQQ21zMk8wU0xhV0Y5MTVRanZ0Z2t4MDV4cTFhZHlIRnN3d0ttQjFXR1BLTF82bkFZMkloX3Z5UlpxUDVJbE5LR1lpNURWcS1NUHRvclp3RWVLWUNEdlY5OU1yM0RpaWkzUW15VGI4azE4RWp4c0tmX2hKR0ZHUFZXU0RvTDF6VzVCZEJ1WmFFY2gwSGkzNE92SVNWTV9RekZqNkVjekRDR1lpUkFZcktDWVJYVUtmT19BZHl30gHAAUFVX3lxTE5YcGR2aF9naE1LbFIyV3N6UUJyeVlISllJMUprLUdvS1VZdDJVQkRtV2ZXM1IxYUkxWUV5MHpKUXJ6VDBHNFBqcldzRDZIOUlReEo5Z1YxTkd6UlVzSzZfQ2dZTGhSVlJvb1NnVWw4WkxBSGhySDZ3T09VTnFCSlp6aU5GeDd0U2FCZE1oVlNsT3hFd3loZkNTZ0RHUncxcmhvajVIRml2NWdEVkRCaTc0NWRDWjhQZUN0SXVoa2xBNQ?oc=5,The Hans India,"Wed, 25 Mar 2026 07:00:00 GMT",2026-06-14T20:34:18.063289,cyber_loan_fraud,True,False,candidate,https://news.google.com/rss/articles/CBMiuwFBVV95cUxQQ21zMk8wU0xhV0Y5MTVRanZ0Z2t4MDV4cTFhZHlIRnN3d0ttQjFXR1BLTF82bkFZMkloX3Z5UlpxUDVJbE5LR1lpNURWcS1NUHRvclp3RWVLWUNEdlY5OU1yM0RpaWkzUW15VGI4azE4RWp4c0tmX2hKR0ZHUFZXU0RvTDF6VzVCZEJ1WmFFY2gwSGkzNE92SVNWTV9RekZqNkVjekRDR1lpUkFZcktDWVJYVUtmT19BZHl30gHAAUFVX3lxTE5YcGR2aF9naE1LbFIyV3N6UUJyeVlISllJMUprLUdvS1VZdDJVQkRtV2ZXM1IxYUkxWUV5MHpKUXJ6VDBHNFBqcldzRDZIOUlReEo5Z1YxTkd6UlVzSzZfQ2dZTGhSVlJvb1NnVWw4WkxBSGhySDZ3T09VTnFCSlp6aU5GeDd0U2FCZE1oVlNsT3hFd3loZkNTZ0RHUncxcmhvajVIRml2NWdEVkRCaTc0NWRDWjhQZUN0SXVoa2xBNQ?oc=5&hl=en-IN&gl=IN&ceid=IN:en
loan scam Mizoram,70 DySPs from Assam & Mizoram complete intensive NEPA training - Syllad,https://news.google.com/rss/articles/CBMijAFBVV95cUxPR3RESnU2cUktTFlrd1lfM2J0bTRnYmJnMmFZLTZfZDFhYVBVaFc2NU1lQ0Z2THUxdGR4b1J1X2l2ZF81UmYwdEx6S0gxUUk1VVdnRkF3S2RYcXhQVFRyS1hXTHY5ZHFFTVB0VUlEbFVRTFh3bW9QUmdOdVlBdXUxNXlhdUhnQXl6M1E0ZA?oc=5,Syllad,"Sat, 29 Mar 2025 07:00:00 GMT",2026-06-14T20:34:18.063313,cyber_loan_fraud,True,False,candidate,https://www.syllad.com/70-dysps-from-assam-mizoram-complete-intensive-nepa-training/
otp fraud Mizoram,Mizoram observes Palm Sunday with devotion - The Times of India,https://news.google.com/rss/articles/CBMiugFBVV95cUxOdVozQ2xXYkk0M2J2MC1TczdyQkt4YkxRY0tOdUFmcHVDam5JWUJJOW1sX19kbDQtRFZmc2xBWDBpQzl5dm5NTHBsSWJFRFlTOHRPR2psd0JpNXZRNld6a0RjdlFzVG5qcW84aWdMdzlFMWtVUjhwZVJrMmpTSnhNVHVFTC0ybTRMX2Uxc2VtRmwtVC1ZckRRTTVUQjZuN0p3YWhOQ0VfdGxHSHhBcHZsQ0JsQ3BVbFR4Y3fSAb8BQVVfeXFMT2FpX0RaQnRxOHJwRk9IcldFeks5YTVCakFvSXVlWmRmdnY3ZzlwWWliNlNfM2xIdG1ycHBFTXdrOUpzOExKUVBYLVl2MldtVEh5MGYxNEFWZ0Rvd1JWUF90eUtGN1huSDFXbkFXeU5hbFdUOVlIT0ktazNoQmZNaFRET19PU2llNVg3dFhVN3A5SWdsWFhpVllVWDAtNTNKTmR4bGdZNHNaMnV3bG5LeW5zQk5hUVJpaXF0cVl2SlU?oc=5,The Times of India,"Sun, 29 Mar 2026 07:00:00 GMT",2026-06-14T20:34:39.190595,otp_fraud,True,False,candidate,https://timesofindia.indiatimes.com/city/guwahati/mizoram-observes-palm-sunday-with-devotion/articleshow/129886123.cms
insurance fraud Mizoram,"In Mizoram, aspiring footballers love being Mama’s boys | Football News - Hindustan Times",https://news.google.com/rss/articles/CBMixwFBVV95cUxOVkZKaGtJM0d1ekdlZ1BUbUNNczlBU0JjUFlJZF9RVndBOU95aXR5aUxFNlBfZlpWLTFaWGoyR3hWeGoyNmo0TUNUUHZ0QjZMOHNubk91WmI1Yko4c2U1Y0VpdTlFUDBJU2NYb3lNVlU0c3pHUGtMLVdZU1dNbkFnYm0zR2ZGMWxYY3NzVWQ4cUctYlNxYWlpY3lHVkkybmQzazBZWVBBb2s1bTRlTmctQVpuX2RnWk9GSGJVMVlEREhWdHBBZkVB0gHMAUFVX3lxTE5zMmg2LVU5ZFBTblc3bmNid2k4RllmRHZyZ2xpRlIyVWd0OE5pTDh1MkpEUWI1TXVWR0ZUZ1FjbU1EMjAzeF9XdUdXaXZUcVhBT3RaM09KcnJBRXdGYmdfUHJGckg1Mld5NEgyRFZQUnYwMkVXcTZKbFlxc05CQ1RTRVdIYV92YUpqeUNFNzRwY2lZTzZLdmRVS2RwcnotSnNzR1VHcnliM1J4QjhMWkRiZnBxdWxDNm8ybm53V1IyRjdUSGxXelpGbk9rQQ?oc=5,Hindustan Times,"Fri, 28 Apr 2017 07:00:00 GMT",2026-06-14T20:34:42.578571,insurance_fraud,True,False,candidate,https://www.hindustantimes.com/football/in-mizoram-aspiring-footballers-love-being-mama-s-boys/story-AnHa4PqH2Ejr9nqcFLgaHK.html
insurance scam Mizoram,"Assam, Mizoram draft rules to curb illegal immigration - The Hindu",https://news.google.com/rss/articles/CBMi5gFBVV95cUxOR2tCV29iNU1SSnZGVXJMS3FsZzBOQWYySzRrQ1BwdkNVUGstSy1BZlk1VnB6VmNPOFp4N3dEa1ZjZElUUXFmbjdNNEpSU0l4Y1RGMDJOM3ZQQUJBc3o0UXgxRUtIWld3OVVPREcyMzJSRnZwUmU0a2FzVDNUa2JWd3I0TnJrYkRUWUI0LUdqVUxIZXlhSDVuZDJRTDRBT0tfUUJHMnl6d3pYaHdEN2pVNXlBWk9JZ214YUdXN2VLOUNsQkV2Wjl2SDhadU5fVHBjVnVOQXdXZzh3RmN4TnVzRlQ5dUFHd9IB7AFBVV95cUxOcEtKR1FYRGYtc1hyWTdKTTFXMzRPNlMzREpFa3k4X3RBdHZxOER0UEc1SHZiRkNMaDY5bXBLeDJJemN6UU5OVnpUZ3VxcEM0aTBFc0dSVFB3aldtT0dUaHNWZVlnNDlUMTFBMC0tRDZzZ1Y0VFgtSlVzNE9IRmRMY2x3OE1yZTBqQ3NHc1dma203REFzOHBMa3NZR2hKLTNRNmpQaDNBLUlLVHBTdmEwN25sMWUxbjVnVmM0REdJZHZvdUt1Tl9LcEFfODVxM2RiZS1YbVM0SWxJbnFZNUljVUxfMEhqTVUyS0FycA?oc=5,The Hindu,"Fri, 27 Jun 2025 07:00:00 GMT",2026-06-14T20:34:44.326833,insurance_fraud,True,False,candidate,https://www.thehindu.com/news/national/assam-to-toughen-aadhaar-issuance-rules-in-a-bid-to-curb-illegal-immigration-from-bangladesh/article69745075.ece
insurance scam Mizoram,Hmar: Mizoram has recorded over 127 kg of drug seizure last yr - The Times of India,https://news.google.com/rss/articles/CBMi0wFBVV95cUxNWWRyQXNSOXhXdmY4TTRlT1d6QzAyTXBDZXdEUWdMdmR1bUlHamVsVHp5Z1pnbDZrVS1oRWZUNUFnQlVsR0tOWnl4cDhzcUFCYmUwY1UyVXZPXzBaTW44em9JOENyUzhiZXEtMlYzQUVBZ3l3bE12WXI5OC1rWVRVUnhndDZQdkd0b1RXWHNsS282eXJFVnBIeUxwWENIQ1BKRHpIeXU4MzBjZXc5eTVoNFVyZG15b2JmNy1xbVNBZlZfUERFTnI0elRoc19RQ2VoTHJz0gHYAUFVX3lxTE1VQmF6TVNpQmZzQnNwSWstTXFTelcwOVVNNjlsR0U3N1pHLXZXX1BWNlQ5a2VtMm5aUHdqZzFwZXM3eGs2RThIdk9Ob1JUOFV5M2dEaFA3Snh6WWxxOFdkczAzTXBjaWxqYjF0UEVQemV6cHZaQjhGaDRjVWJyNjdxdFpWRjRBaEJVbUl4d1B4eW41WDV0d3ZYU1YzMnhFeldYZG14OEZJTGZmd0pTRFZzWDdORzZPOGdZNzVaaHhqYVNDLW1qR3doYTBpc0tKeDgwMHVZV0RnUA?oc=5,The Times of India,"Sun, 22 Jun 2025 07:00:00 GMT",2026-06-14T20:34:44.326847,insurance_fraud,True,False,candidate,https://timesofindia.indiatimes.com/city/guwahati/hmar-mizoram-has-recorded-over-127-kg-of-drug-seizure-last-yr/articleshow/122009110.cms
insurance scam Mizoram,Video of 2 youths high on drugs raise fentanyl fears in Aizawl - The Times of India,https://news.google.com/rss/articles/CBMi0wFBVV95cUxPT2p6bG5RaTRYWGNUc05yN1NyOXNVM1VPVjA1dUxuNHB4YlVNWm44N3ZzWDF2d3pVYTdJZmF6OFpBaGFKbzJPRHlmOUZVZGtBX1pzSXYwTE9BX1ByYzVpM1d5RTZFYlJjYUpQanNUUHVpa3kwRjMxVlByN1JiOGNybFBMRmRta3FkRlpCTVBORzhFUlBzWjQ4cVROLWJxdHpiN3BiODI0OG9BeHpQNnFfVFZnMU9hR0xDdVpiYWZiY0NYTWNyWDFvMWlEejVWaDZnMmhR0gHYAUFVX3lxTFBHbWpvYkJzSkl5aTFPYjZ6bm9mTE5UT2NnOG9NaTJCMGt3UVJnbHZYdzhoLXROWko5b3A5akNQZTJudldiUmU0ejJ1RVpuMndsZVVJc1pZTWhrbmNSSDlsTnpodlJXMGVrcFpBcVVnV3dlWHJUVldwUk92U2lOVWFiZzNSNUdXUS1xcFc1TmtnVkgtTTdidXVpVEZVelVzNHdkSGN0WnBib2RMNDgwZTE5Y3l5d1lyTjVvVnNQcFVTUFU2ZjdxSzI1NGtKSk5sZ2tnRkpQNlZ5Tg?oc=5,The Times of India,"Mon, 10 Apr 2023 07:00:00 GMT",2026-06-14T20:34:44.326884,insurance_fraud,True,False,candidate,https://timesofindia.indiatimes.com/city/guwahati/video-of-2-youths-high-on-drugs-raise-fentanyl-fears-in-aizawl/articleshow/99372089.cms
fake insurance policy Mizoram,"91 non-Mizos asked to close businesses in Mizoram, claims forum | Hindustan Times - Hindustan Times",https://news.google.com/rss/articles/CBMipAJBVV95cUxOa29vZjFuZEJLT3VFbTNBeVpndHFDN3lyQTdoUjV0U1RnWWgxTXNGMnNIS3lNTm5PVEpoRmxUWVhsWjZFS2ZFQndpSHlyeEphZlY3dm4tRENkRG85aVRQTU5HeUNCY2R0ZDdTOTFtZy1HZE01T3IyUWdqTXF2ZG13bGwxOHFFSDdNYUtKT1VTb2IzSEw1eHpySXNjOG9XLXhBM0pXaFRrVTJ2dWJQbGJaZHJmamtMOXRHeUZfZEJzNExhT0pXajRsQ244ZV9YUWJtUVc0M1ZkbXdvMmV4SHl5TjhaS2huYWZ0ZURHa1pKX2hiemh1TXZadUdZR2h6RFlLeFN4dmkyT0NjLU5ua2trVU8yUlZvU0l0ajhIdFlLQndHaWxm0gGqAkFVX3lxTE9BcE1EMXNfUVdsQzlWdDdGUFVXbUd2X2p6QTJCV0wwNXVCWFNhMVc4Y2dTU05qMFlmZ0lZOE9pdHhBOUluLXdVOWhXanlnUnpQaV9lZEU3aHNZTExZWTFJbDNKeWFvTXpubXg0OXZzYUlmUjVRYkxKbmVYanVBOEllYU5hMzFTclBYTE1ZbGFkd0k4dkNPRjNncXF0NGJ0REkwVy1VUW5pTWNydFE3VEtyTE9DZEdhX0ZsUi1ObE1aYVlvYW5ZMFRQUl93SGtlaW9XR2l3NElCZFgzTkZ5aDB2REh5N2NtY2hTWjFJYzNMWFplT2RwcWJmYy13TXFrXzlIMm9RTDhQek1NLWZJWlUxRGgzdnpyS0NNUXg4WkFvNDhBQ3NQaUVqNmc?oc=5,Hindustan Times,"Sat, 27 May 2023 07:00:00 GMT",2026-06-14T20:34:45.908826,insurance_fraud,True,False,candidate,https://www.hindustantimes.com/cities/others/young-mizo-association-asks-91-non-mizo-businessmen-to-close-shops-assam-based-organisations-and-political-leaders-condemn-the-order-101685178445738.html
fake insurance policy Mizoram,"No, Rajesh Pilot did not fly the IAF plane that bombed Mizoram in 1966; false claim by Amit Malviya, ABP News - Alt News",https://news.google.com/rss/articles/CBMizwFBVV95cUxPbFNPNmpLSmZRUDlzakxUMHR1RU44YUpqdGhvREZ1ZHFkTGhxeElENGprQ1JQRFVkOUJVWTZPbGlUamVLVDhiR2xLcHV0T25KVmZ5Vmc4c0RoSkxJSDExREV3ZC1lS1lIU2NScVF6ZXBPV29RbGZXZnJoRHdzZms1ZjctSVhkUjRpT1Bkbi02T0pOQzZybC1CaGRnSFc1MGtLMFR0OHV2c040bDNCUU1zblRvU183TkRhOW1ZOE5HcFdRRzdZN1c0S3JsTnZ2TGc?oc=5,Alt News,"Mon, 28 Aug 2023 07:00:00 GMT",2026-06-14T20:34:45.908833,insurance_fraud,True,False,candidate,https://www.altnews.in/did-rajesh-pilot-fly-the-iaf-plane-that-bombed-mizoram-in-march-1966-bjp-amit-malviya-abp-news-falsely-claimed/
fake insurance policy Mizoram,Separatists active in Mizoram bordering area: Home Minister - The Business Standard,https://news.google.com/rss/articles/CBMingFBVV95cUxNZm1kV21XYS1rYlNUaElMcV80ZUJkSFlOZEJJa19GVUJybDJKWlJpaHR2TzVPNVRoRUl4RFF6V2RrZGNxT0IwcUtzWktzOG9MRklqdHIyYzlTOTJYYjE4UktmRndidlEyTHRTQm8teHhRTGFrekZMcld6cjBYaWNNeklUYWMxX01icVRFdDZxSEs5a0tXa2hoMWlrWExnZ9IBowFBVV95cUxOcmpVY1A4MXFPU0NRRFRPdk1DOWFsajBsaTJVQ1YzNnhGUE42VGxrZVN0ZHhKdDN6SS1ucDM0S0RZZjdqVkFqX05MWFJBVzB4Rmx2elZhUFZXbG1HRzJxX1NLVmJmLVpwUU84dFV0N2FVY0huZF8yTWlGTUJpai1sLWdlQk9zR1FNdXExNWFRMS1oSmZlS3ZqdTFVamttQzdlUGxj?oc=5,The Business Standard,"Mon, 15 Mar 2021 09:38:02 GMT",2026-06-14T20:34:45.908856,insurance_fraud,True,False,candidate,https://www.tbsnews.net/bangladesh/separatists-active-mizoram-bordering-area-home-minister-178456
fake insurance policy Mizoram,2 Mizoram land officials sent to jail for issuing fake settlement certificates - The Times of India,https://news.google.com/rss/articles/CBMi6gFBVV95cUxPUmlfdGk4YXFZR0pEZE9YLXlUOHNOQ1R1ejRyX25VOW52SkZFVGZYQWtvQm1ZZmFyNnc0VE5XN1dNc1R0VllSbll6Mm45SVdyNDM5NnVBblF6VFl1bU02NHdOLU9LWTZ0cFAzak1TTXhSZEI4VlR0RElHaGNmU1ZtdEhvcVljVVhYdTRsbmNncS03M3dyYUVUaGRiaUFHRkxuNTlQWEJva20tM1p3cVY4WkVRVk12RDd0WmlmU2x3ck43X1REOVdzOUVGd29oaVpzUWxWQ20zTUpLYTBUVkNSNGZ4V3RHSTBiNmfSAe8BQVVfeXFMT3ZHbndNWFpHc3c2T3hwektGVktqWDRhTFVKQ3lIVXNiRXlHZDdGUThyX1UzT1lTbmpwYUUwUGpaV0xHbnBUUkxucUw4aGpsb1BuVFo0RktRTnl5ZFFrVG5JZEdyYTBJUENEVXIyZGY0ak5OaWFUZThuZzZpVl95MzF5RlgwLXJRdkNGTTA1cnRReVNMTEczS0JDVDQya19RUWdEOTdJM2VaaFh4QU0wa09HY2psUXo1cHRqRXQ4M3dXVUJqYXhiRXd3SzFYNWVnaGJkTEQ5NWJXR1FQQ1BOSE5jQ3RuSm9KUVJteHotbWc?oc=5,The Times of India,"Mon, 29 Sep 2025 07:00:00 GMT",2026-06-14T20:34:45.908882,insurance_fraud,True,False,candidate,https://timesofindia.indiatimes.com/city/guwahati/2-mizoram-land-officials-sent-to-jail-for-issuing-fake-settlement-certificates/articleshow/124219041.cms
fake insurance policy Mizoram,Climate change might take place in Assam and Mizoram? - India Today NE,https://news.google.com/rss/articles/CBMiqwFBVV95cUxPVWxKSTY5bnBSLWZBcFcwekpVeHhKN2ZNeU04aDl2dGFmdHFBVDRwaDdqS3N1bWdUbTBZWm96a2lrVERFZzE4NllnTmhxUUtEQVA2UHNlOUhISnRZR1Y5dnM5QmlrUGFxTDJNLVBYaVZVamV3eTc1QjREVXZDT2x1X192amJ2Vm5jX3NlUk01dWVaN1hfY3FENEVUeVdyS2oyWVprWWRjZkRBSFnSAbABQVVfeXFMTXhnR1c2SVNZV2ZJYlFPcm1ZVFk5YWNiNEhkRTFwVVNHRFZST1RZVjExNTl2SzB3YmNSclhvRWJLTV9JalJ4enRyclY0dDhFempUVFNoNnM1bEpMMmVfdmdGazROTXY2ZUtPWi1HNk80NWxQUG5CTzRhMTB2NjZDamJhY1lpYlFOeG1aNjhkTHo5TWZSZmVFZkx4OW5VMmFoSmN4M09NNnc1SXJEaFYxMmw?oc=5,India Today NE,"Thu, 06 Dec 2018 08:00:00 GMT",2026-06-14T20:34:45.908889,insurance_fraud,True,False,candidate,https://www.indiatodayne.in/assam/story/climate-change-might-take-place-assam-and-mizoram-393278-2018-12-06
fake insurance policy Mizoram,Former Mizoram CM Zoramthanga slams ZPM over FCAA approval - The Times of India,https://news.google.com/rss/articles/CBMizwFBVV95cUxQaDRaUHN6bHRCN25PUzVtdDdDeExWV1I4WWVWZTNVS3RBdDJTcUUyUHJ4TS1PZFBjYUl6TW5SNVBoTVg0Ym1ib3R1U1ZuNTBzemEyN0trMTFjOFV0aWhCb0pHamFCNnFWSjl1SnVGVGoyS2V3ZXA2OVgtRHVVdUZnbGN3cEFpdGlfM3BiQjZlNVY0NE5Lc0d6RTl1dkFrdDhSWE81dnZxbllGa21Yd1FWQlFFUVZCRldfckNaV1NiV0F1Tk4wX0NNcW5iRkhXbG_SAdQBQVVfeXFMTlVXcVAxMGREMG5wWkFaamktczZfNV9MUDJEOTZXLWFEdVdQMXRuVEVRcjU3Vkw2WG5ZdEJaSTdyUzhNcE93R0tWaHdXNjZkMVp1SGFQSGE3eTN5UFNwUVZ2ZldpTW9XVmNuQjB3X3Q0MHNwVlUtOERZQS00dkh4VlFFUERtWFFRTEF2cVlBV1J4VW1Ta0dWZzVwR3J5dTF4RGNzbm1iaWk0X1dTcHVCVU01QTNVV1UtQlVUdVA1WW50NS1qcl92X3lLbzFtX0FtOGhvQnM?oc=5,The Times of India,"Mon, 06 Oct 2025 07:00:00 GMT",2026-06-14T20:34:45.908904,insurance_fraud,True,False,candidate,https://timesofindia.indiatimes.com/city/guwahati/former-mizoram-cm-zoramthanga-slams-zpm-over-fcaa-approval/articleshow/124346193.cms
fake insurance policy Mizoram,"CAG slams Aizawl Municipal Corporation for irregular disposal of garbage trucks, causing loss of Rs 3.16c - The Times of India",https://news.google.com/rss/articles/CBMijgJBVV95cUxOMndFZVpycGhDYzlTUXM1NDJobmwwTVZTQi1qWkhRVVp5MVA3QzVweTNrLVBHWUlnenhQYldWOFRiNzhvTFhPNC1tVTJGd0JqTXRNVnNrQTcwV1F2UEpSNm93VEIwYzB1U0hRVzdxakMtYjdyQnMtZ0dzeEFrSTNJTVBQUjZucnUwQWRiblVJT0M3WHI1OGlQT2xZdk14SkVRVDJ2TkZ3ajJKZEdJSGhLSllrX3h0cDVWQ3d4OWlfanNBUWYxSkIyU0s2LTZnRTR6TWthYUtoaTNBaHpBWWtUZGJ0MThMVklTT3RySEtDbkxQT2dId2c0TVdkVU0wQU14RW1BOEhyN3JxNE9LOHfSAZMCQVVfeXFMTVA1Z2E4MHpTWmJPVmN4X3BvZmxWcmtUZVI1ZlhXd2ZhVTd5ejVHZVpWdGs3M0NCc0ZGM2NFRlRKa2Y5cGlhakF1MVRGVWw1OVMwRnRzeERVM3pNTE9EVnhtWWpUR3FLZmg5RTZlV01fdkR4MW9kOWNJajBIMkRlMXMzRUVxbHlHMF9zNThORzVMdzdiRFpNc2tlOVhqakdSal9TdDJFZDFXOEpNWTNBZU16WVBJOUJDenJNTmdJOXdEdnB5cVpYS01TR2dvOFN4cER6QjlUcDd5NE9SSDZleTZSc2pKN2VRUWZpVlYyb3RoZE0tMkJzTFRiVzlBS054bEVRajdqVG5qRW5IUmdFdnNiNnc?oc=5,The Times of India,"Fri, 12 Sep 2025 07:00:00 GMT",2026-06-14T20:34:45.908911,insurance_fraud,True,False,candidate,https://timesofindia.indiatimes.com/city/guwahati/cag-slams-aizawl-municipal-corporation-for-irregular-disposal-of-garbage-trucks-causing-loss-of-rs-3-16cr/articleshow/123837400.cms
digital arrest scam Mizoram,One held in Aizawl with 10.3kg crystal meth trafficked from Myanmar - The Times of India,https://news.google.com/rss/articles/CBMi2wFBVV95cUxNbDZqVjlBai04WWhrWjBMdGZxWDNURHFYYnY1YW00NGgydWpaRy1YMjh6aUJ1dk8weXlnMUFQbGh4RG9YYnZfX1BPVmRtVGlQMXQzRFJ5c3hlVjNZZjBwcXdPbXVDZTE4RnlfckJkRzV3Y0lKUjRZV2UzQ1prRjFpcV9veW1xWGNvTTc4V0RKX3RYbXpSbU1nU1IyRWVQRlczblZLQnBFY28zU25hd0x1X0Zab0gwVGsyUFprSGFTT0dCNXNCOHozeVExMjdfMVhhQWhtWVZaTTFWTmPSAeABQVVfeXFMT29xaEFOSFd2eS1VTnRhdjN5YWthbXl0c3BITkxZTTdoX0xhTWhQOHMtd2trcTljTDUwTXlQZTNZWEI2c01zQ2o5bFYzaHNCSmEwbnBCbEl4d0RaUUxDRTNJeTEycVo5M1hSVk5admtDbTJBQTNvWll4bW55RDBkRDktT2N1SnZXWmpQNTgzQjY2RDdhc0RsM25JOEJzUjFXYTVpcmdrd1pTSDVSUWlpSE53RDNZejRvWlRySTRtV2txbzU0b1A2Q3lVblZDYWtRVjFhMU5aamlWTGk1WGwzVTc?oc=5,The Times of India,"Fri, 13 Mar 2026 07:00:00 GMT",2026-06-14T20:34:49.583854,digital_arrest_scam,True,False,candidate,https://timesofindia.indiatimes.com/city/guwahati/one-held-in-aizawl-with-10-3kg-crystal-meth-trafficked-from-myanmar/articleshow/129562805.cms
digital arrest scam Mizoram,614 youths donate blood in Mizoram - The Times of India,https://news.google.com/rss/articles/CBMirwFBVV95cUxPSS04TUQzMjFRTDNTam1iWGVJdzNuTDllUU1IOVJIY0pUS2g2bTZOX3Yyem5HVUZKWHBGWmphSzZjTFdzT1R6VGh2RWxJaEdMNk9FSU5GWHFZUUdyQkpNOTJZUEJlNFkwalV1dlk0YllRNmN0QkxjdzRuenVaZ0hnc3RpZzEtZjB3WExEUHpxVUF4SThsc19JQWtHaDJpUWxfcTVyb3lUM0tSZ3I5bE5F0gG0AUFVX3lxTE9UeUwxQ0tNM3Q3b0RZSF96eHJYNHhtbmlRbGNfejVBLTdlbjBrT2hTWU03bTZkaExESWpWelpyN2l3UXdhMFZFbVJrSkhqTFdCTUkwMzgzQmx5TlhoV3BfWlJkd3BQZHVKVGo2RjhuLXpGT3c4N1daUWRROHhyRDJTb2NSWVhodjBTZlFtNHZWWFNsWWNIX1ZoSXFVS3dBVmpDeFE4YU9kcDRSSlpyR0ozQWw4Zg?oc=5,The Times of India,"Sat, 14 Feb 2026 08:00:00 GMT",2026-06-14T20:34:49.583905,digital_arrest_scam,True,False,candidate,https://timesofindia.indiatimes.com/city/guwahati/614-youths-donate-blood-in-mizoram/articleshow/128357736.cms
digital arrest scam Mizoram,"War against drugs intensified in Mizoram, Op Jericho extended: Minister Sapdanga - The Times of India",https://news.google.com/rss/articles/CBMi6gFBVV95cUxQd3FRR29OdXdJTmVsUEFrZHUyVjVwdWw0ZXAtd1Q0SHJ0T3JId1dFVEZfRkhWNkRYWnVvWjI2TW83OGJiZE5ySmVrSjYzS25vb1RjRlRZUGZKVFZ5MUQwUjktaHUtN2hURGIwRTVBVTFyLTczYk9mU21wdVJmRUdvcklKV19BeXpwSGN4cUlJME5sMDcxcTBwbnpsY0pibVN5UHQwbmtPZl9STHAyakxHM3l3LTdwMEh1MlJPMlgxT1NpY2w3MG0zcHhUMGRoS3R1OWxPTU9rOEpULUI1dTRGUHVMV3JOcUd1aVHSAe8BQVVfeXFMTVNnanpuRWRMSVRKVHU2bmZoZWxfTm9MN3dYZzVJRWhDbGtjZGI1aWNWc3VUdERrVTlYTmMxaVVWLVF0bE91SllDblJKSjFZSjJNMEVqZTJfSG1GT1ZNRGRWME1zZFAtU2dOak45ZFIzYVpNWHM0RkQtXzl0T1hWVWRSOUNtbTBGdE5lLU1ySVhkZV9iNXp6dWJTLVVZVTBUVVZHZGFETXJkelNzWlNTRGtMQ0FzZHVpangxeWJuWWRmN1ZGRDRWVUJiLTNyQk1WcXh0eGFkRHBlSVVuemwxaEwzTXllbmlac1RKLWs2bjA?oc=5,The Times of India,"Sun, 28 Dec 2025 08:00:00 GMT",2026-06-14T20:34:49.583914,digital_arrest_scam,True,False,candidate,https://timesofindia.indiatimes.com/city/guwahati/war-against-drugs-intensified-in-mizoram-op-jericho-extended-minister-sapdanga/articleshow/126208277.cms
digital arrest scam Mizoram,2nd Aizawl International Half Marathon on February 14 | Hindustan Times - Hindustan Times,https://news.google.com/rss/articles/CBMiuwFBVV95cUxQSWhwUjljd3dXWGhBNHVldXVITUNhbU5HNW96ZUF5OGpwaEphQ1NhZU1OTExyOFJ5ZG1qYUlxUGZlS3NtRnd1d1NlRldNUGYwbHhTQ2ZJQmNLRU9WU3FXWGNDWXlxX05ZV0c5T0VZZ1lwZTZvdjBQSDJneXlMdFBsdDJ2c2J0UGlib2lRUm5OVkExUjNiUTF0VkhiZE5Xa24xVGZ3cFZoR295Z0lCRjllN3FqVTNVNU1tb1Zn0gHAAUFVX3lxTFBxaHB0Q2dPNmRrZG0wb0djaVhuNVlzU1ZtQmRNRV9QZHJRYl9BbDJ2aWNRSTlWR3dCODhORzFCNE5NYzV4cTNQc29fdnhYUlVuRHdodjQ1UWdTYU9hZW5tcDh3RnpHdXZ5MDc5UWxNOE1wdDA2RV9HQlp6aWkybWhTNGhLc1ZJQnlhNTJFak5zSEt0d1BYdjhCM1c2NDJIY2xuTXVqSkpRVmdZaXRSWUN6MXoyWVlVazVyUlphTnJuTA?oc=5,Hindustan Times,"Thu, 16 Oct 2025 07:00:00 GMT",2026-06-14T20:34:49.584243,digital_arrest_scam,True,False,candidate,https://www.hindustantimes.com/sports/others/2nd-aizawl-international-half-marathon-on-february-14-101760631907213.html
digital arrest scam Mizoram,Mizoram polls: Parties end campaign with church visits on Sunday | Hindustan Times - Hindustan Times,https://news.google.com/rss/articles/CBMiyAFBVV95cUxNUGFpUzEzdi01ZzYwTzd5M0F5b185SzhDU2c0Q3A0M3M2cnFyb19NQldsLXZhNURvZnpSQVNSbGRvUlV6UkhGWFNpY0p1ZUlYV1NFdDU5WjczaEFfZjJpUHBZVnY2ZGhPZVpKNFduSmp6VWtuYS1zZWp5WWtmVXVERFFGeklFWm5nekZIN3VfY2FCNkdycUVHLUFYX2lUVXhDbE1GOWx4eV9QNk12ZjB0eTNxNllnYnIybGo2amdPYkNRaENVV19qZ9IBzgFBVV95cUxOT0ZsVW5GOHZmQ2lOQXVMSmUySmJ4LVI4UGJJVkRGUnNZdUJtSUZfUVJhUUNUeUVzWkxaWVlsREwyT1NxbXBsM3pnY0tfMmdaRmJRazNtWllNNldpRHQ3YzBrM21VS0RkdDBfY1NMR3ZhVjNPUzBQbEs0SEliU2xHWkQtNGF3R2NwSEVuVC1DY01yeHZmZ0JoQ2xjcFFKWkxyYTcxbmNMZ00yd1EtSElyYzg1OXZLZTRIcXJxNHhldFhwR2pKVVJmdGVMVk5BZw?oc=5,Hindustan Times,"Sun, 05 Nov 2023 07:00:00 GMT",2026-06-14T20:34:49.584251,digital_arrest_scam,True,False,candidate,https://www.hindustantimes.com/cities/others/mizoram-polls-parties-end-campaign-with-church-visits-on-sunday-101699183062046.html
digital arrest scam Mizoram,Staccato Group from Delhi and Immortal Army from Mizoram won the Indian K-POP Conest 2017 - Country and Politics,https://news.google.com/rss/articles/CBMi0AFBVV95cUxNSTJ0Ym9GMlNHMEc1cGc1Y0VSZzdjZl92TV9XbUo4QlRieTNUbnl6aVM2TmM1NURyQTU0enYtTjNCVFR6T29JYV8tZ2hqR2FKd0dKazFFbXp5S01nQ3ZTZFlTZnRSYmF1LTFBSVFQVkJPSlUwYUxibU96SFVBa2xQNU5ZZF9BSnB3bkJYMmhRTklTNFd6VkRaSmhmd0VwWUpHbzhYUjBPYm5maWNYbExhY1dwV003ZVdJYW56TnZoaWVjWXFpUUNTQzhuVVhScGty?oc=5,Country and Politics,"Wed, 02 Aug 2017 07:00:00 GMT",2026-06-14T20:34:49.584259,digital_arrest_scam,True,False,candidate,https://www.countryandpolitics.in/2017/08/02/staccato-group-from-delhi-and-immortal-army-from-mizoram-won-the-indian-k-pop-conest-2017/
fake sms Mizoram,MBSE Class 10 result 2026 out: Mizoram HSLC scorecard announced at 12pm - Business Standard,https://news.google.com/rss/articles/CBMi3AFBVV95cUxQenFTaVFlT2ZDalhYWDlBWGgyeUFCY1Q5anNFaFhHaERfZVhnNl9jRzdySW5qNDZKMVZ0Tk11ZVRXcGZEOUlfRDJCMDdIRDFJaV85a0JMN3daZ1o4NkRaWURXMnVUN1F5R1JRWFpNWUJCbDF2VnVxdTNLendWek51dFJIUXQ0dEtFWHJnbW5YSHpVTThvMWZrQjB3bFZ2NmFiSDhvTnFjT2tPelgtUkFxMzNsZEV2MFVTMjNqQi1QSHVmNFdJRDVaX2JVRHNQLVZBNzBIOHdjdVd0S05a0gHiAUFVX3lxTE9NY2c2WHAyanZ0N2dKWGlaNUZjclNMcG5WQm85aUlVSG9XNzB2dkN6alMxZ1NEWUhvSHE1dnBHVTJKRU5mckpEeEZtZWswd0dnS09PZVFGamlEai1oaFptTElEYmtvd3J4RGpiWVdvcjdZeGxuT3NyeHVfdEo1X0dVRHJuQlFPdVQwVjdCYWtkcF9SWlpvZS0zcWVObkJNRTBJT2JvLXM3aTBZeHFxeGc4QTktVzV2b3pYLVZzYzZmN2YzeDFtQzBNZ25NckgyRER5QklzNExRRFM3SUJrazFqU3c?oc=5,Business Standard,"Thu, 23 Apr 2026 07:00:00 GMT",2026-06-14T20:34:54.555173,smishing,True,False,candidate,https://www.business-standard.com/education/news/mbse-class-10-result-2026-mizoram-hslc-scorecard-to-be-out-today-at-12pm-nc-126042300320_1.html
fake sms Mizoram,"MBSE HSSLC Result 2026 OUT: Mizoram Class 12 Scores Released, Direct Link to Check Now - ABP News",https://news.google.com/rss/articles/CBMitAFBVV95cUxPcmN0bWlkVFEwLXhuU1hTLWp6MzJfaDFZdEVycnRKNTNaclJBLUtVNnI1Q2xUcW1fTWlfaEhKeVJzTThlaERuY3hxV2Z2LWxJeUdyOTVMTzdpVHk2SGdrT281SjI5aWx4SmN2T1FwQXltdG9nVUs1Y3QyQWoybGZSNDNLenNUcGwzLVF1QTBaNEtFeUpHQ01ScG4zZEpySDlBcl9IR29BdWZlNWRJTEJ1VEVfY2PSAboBQVVfeXFMUENodlFodEJzeFpnaWUtNjdXUlZsT2hsYmFsb0FUWG5LbkRMTzdkX2NQUUhQSnVZczhCaWd3eVZ5dGVtSTBuY3RqdUZBYWhJQ2Zuc0htYXFvQ2pIOEVXYWhCZkJ4UnE0RW9rM09PVW1JUTF3WXJ6UGk2X0xTM19oUkl0S1VQU0RoQ3dBZjFWOVlfamh4QUFGNXNFcFgzOXRwaHNiaHVHNjVINXplX0RtS2JiVkxFcERKZFJn?oc=5,ABP News,"Wed, 29 Apr 2026 07:00:00 GMT",2026-06-14T20:34:54.555250,smishing,True,False,candidate,https://news.abplive.com/education/mbse-hsslc-result-2026-out-mizoram-class-12-result-declared-direct-link-1839372
fake text message Mizoram,17 convicts released on fake court orders from Mizoram jail - ThePrint,https://news.google.com/rss/articles/CBMimgFBVV95cUxONS1ZU2FMUnJWc2hYMUtENFhYUTk3S3VWaUVhUExWNk55Z1BwcGVnMnJnX2k1bXZCVmZqZnRkSVdpLWdjNUtVQndXMG1tUE5lV2JxR2c4d1d5QlhEZUhuSk9EN3pRYkFmSkJ6Y3RRWVVRVWVhbW9LME5aRC1Lb0lIbGRaUzdNY3JFZTBydlBhNG1zdDg1cXd1TXhB0gGfAUFVX3lxTE8zNW9SRnVXaVVyamlqUjRaRXRhNGJmSjJocDVveDMteEN4YzBnQTNnWnhCc2tIbG10QTBBWkIzMGVhczNOU0xzVjBwQS1tNFN0dWxTVEttak4xXzd6ZUFPbXljdnAzU3RrdmlJZXR2elV4bTZrajNFLVBYNHBaaU83WVFDd0ZFMGVKR08xR0dRdDlYcTktdC05T0xraWM5RQ?oc=5,ThePrint,"Sat, 09 May 2026 07:00:00 GMT",2026-06-14T20:35:01.897727,smishing,True,False,candidate,https://theprint.in/india/17-convicts-released-on-fake-court-orders-from-mizoram-jail/2926865/
fake text message Mizoram,Rare Redo Bentall Surgery Successfully Performed on 72-Year-Old Patient from Mizoram at Manipal Hospital - lokmattimes.com,https://news.google.com/rss/articles/CBMi2gFBVV95cUxQMGluZnFfRDg2REhkSFY1TnZlX09SOFBQQ004UzJLUFZyQ0pMX3JmTUNVSFNnMG5nR2RoaU9HSzBOa2ZKYkJyLU5hOWVkVkdXVjhSZ0prODM2eWZRN0o4M0h2NUh2bzk1NVhIWWZPQmV4WWRqamFRbFNqeWNzMng3bUc0ZlgyWERxUzFNeWNTVTVtMC1waVhSRlFrSkI0bEJIU21ZbkhaQkNoWnZhVDBfa3R3UVlVaTh4a0hLQUlDejVFYjJjTlhXckNwUkttQy1QWTZYU0ZQU2g1UdIB3wFBVV95cUxNZjRIRHYwZnJBYjNTRVJ6dTJ4WS1Ia050UlBBc01VS1hKZzZYVEdXS2dNUTZZNlE0WFZ1RlJrVXgwOTBDSVVTQ2p2X0JVcEhKYTg1bTBEMUpNWUtscDVmY2pXS2VoZlk1WWFBZHdOcnFEYjlveG1sX0gtUl9QNlhQWHhRVU84amh0ZHN4dWtlRXVsa1hyU2JmaFExTE5YVjBHaEc4NkFxOXNDVTNHWDE4QmMxeEp2eFVsaEhQbUJwaE92Zk90NWhxR3BTc3Jwa2xUVDhNVl82SThiNkdjVHFV?oc=5,lokmattimes.com,"Mon, 01 Jun 2026 12:27:32 GMT",2026-06-14T20:35:01.897813,smishing,True,False,candidate,https://www.lokmattimes.com/business/rare-redo-bentall-surgery-successfully-performed-on-72-year-old-patient-from-mizoram-at-manipal-hospital/
phishing Mizoram,Mizoram MP demands central probe into Rs 187.90 crore land deal near Lengpui airport - India Today NE,https://news.google.com/rss/articles/CBMi3AFBVV95cUxOX09BaU5raDJJQWpFMnZIRUdKVmYyRFFrQy1LWDViZlZpYkUwWjVVekhXQW1ScmpBVFU2ZTAtdzA5RkpDRFU2c1d6ME1CQjEzcDJCczBSY3hJaUVjUHl1VENHYnJvTzNqTVZGbG54SGFVZHhUaUo5b1p2SzUxZzByODNuQi00dldOR0U1TnpUODYycGgzNGh2UmxPYnJ1LTdSa3RDc3Y2ZEhiUklzQmtrazV4NmJNYTdYRFJGdlM5ZGxCR1kyUEJJeXFlUHJlQktvQ1hJRXM1RnRVaE5C0gHiAUFVX3lxTE9SWWV3ZEZwdGI3TTZLWi1FNi0xb1NjRzNUWXhpMDU5Rl83OVpQMGtGcXJUdGhqMDhtWDJfRENlT3lBX0VrUTFNdFV3M0l1SkVUYXJmUDluQkR2ZElPSWZHZ2J5R3ZwaHFFdzFBUmI4MVRwc3I1YktadHZabTNZZ1BQdHBjT2xCaTJ0dGxLM3VDTC1RWEhzajRWZllQWXp3ZC0wYVFZQVNYSmFDZDFEd2VkYkFCZHItVUNyQ2dtX3otU2UtUloyME1ZRmRRbWdKYzhuajVWNEcydEtTbmVnNERPZkE?oc=5,India Today NE,"Fri, 06 Feb 2026 08:00:00 GMT",2026-06-14T20:35:03.794791,phishing,True,False,candidate,https://www.indiatodayne.in/mizoram/story/mizoram-mp-demands-central-probe-into-rs-18790-crore-land-deal-near-lengpui-airport-1342345-2026-02-06
fake website Mizoram,17 convicts released on fake court orders from Mizoram jail | Hindustan Times - Hindustan Times,https://news.google.com/rss/articles/CBMiwwFBVV95cUxQWWpZREZTUjViQ19fSHdnT1ZDdU1lNHVMT3lzMFhYQU9sV0NjSGFxS1lmMWR5SmZQMm9vRTIxbUtrSWMtYmNuX2pteThhNW9wMDFIQnhkX1l1dkZNODVjVEhuNHBDZHNyUUx2aDhJbmxkVG1nTXkyZVNzZ1VQWUpyMkVNZFNlRTJuMVFaRGRXdVRpVzBKRUdBdG9wZjJPWUVCZE9McjFMNVJTdVc4Mzl6dF9tLWp5eklvY0gxS3FMQ0M4RVXSAcgBQVVfeXFMTWQtRzc1TUxHWUxKSU1wSlNUNnRnaGt2WVpjRmlsakFXbXlsQWdXU2drNkZSbEROOTZkb1JMRy1KbjlkUVBjNHRYNXFRYU0tRmhTSlhCMG1IbDFUMXpUU0g4c0gwRS1QelhIeGVCbm83ZVFxa0Eta0poRlN3UUdacmhCNTJiSFM5b2tNZzdKMndGOFJOQ1QxaEczSHB1RV9uT1VLWUJQLWduMmdZTXIyMV9XWWpmQ2dHUHI0aFlsRWdqdDMtWTAtSHY?oc=5,Hindustan Times,"Sat, 09 May 2026 07:00:00 GMT",2026-06-14T20:35:10.627231,phishing,True,False,candidate,https://www.hindustantimes.com/cities/others/17-convicts-released-on-fake-court-orders-from-mizoram-jail-101778335809017.html
fake website Mizoram,Mizoram HSSLC result 2026 declared: Check direct link to download MBSE Class 12th scorecards here - The Times of India,https://news.google.com/rss/articles/CBMi-wFBVV95cUxNOEtpb2JKRjhMWDd6YzF2UmpsU1BIMFFQZEtUVnMyVk5NWTBjUDZrWWpqcmE4YkNackhGZlJfSXBiNXBDdE9wNV9XWXpqRnNpTDNxXzNSNEpNNWZldjRqOHZDMXMyc3VvWGFVZXp2MVpUVk1pRHVLajZTTFctRDdveFh3WkdsdjRoXy1tMUpxYlNFQk5wdUdyN3dxa25JcFkxMnp6ckxCNWdSUjIxOERKeFA0Y2ROczlEUXdlYnNhOGN6UzB6RUFpcG1CblhTZU1yUFJKUzBCb3p3a1NpZUllb3o4WE1rVXlxZjMxLWROX21kNGlrdkdfNWNRNNIBgAJBVV95cUxNSmtYdzhpLXFDY1JobWh1Rl9kUl9McmVlenRNZUNaR3pnU3I0bzlnQXZ2N3BPbGFPTmh6Q2NFZWJhZTlOSGo5THFHLUpTT2F5UjdXZVJQdzFKOXRZWFZDeVZlOTVlOVhFTWRBMmVpU3VXQld2QUVZa3hzSU4tZnBtNkNUTjBVdFFqQ1VjSk8tZHo4RUc3cnAwczl6OTVnSDZjNTV5Y1ZvYXdIYUxnTmJEdzFtZUc5OXZxRUZRUElObUNPdkNPQnpVR0FrT3VfeXpEblNzekFWampKZ0I3M2FWaUpla2dPY0Rfb19xSHZrdUtWb2Q2c2FMNkg4Nm1RQkk3?oc=5,The Times of India,"Wed, 29 Apr 2026 07:00:00 GMT",2026-06-14T20:35:10.627350,phishing,True,False,candidate,https://timesofindia.indiatimes.com/education/news/mizoram-hsslc-result-2026-declared-check-steps-to-download-mbse-class-12th-scorecards-here/articleshow/130598544.cms
fake website Mizoram,Mizoram budget presentation likely to be deferred as CM seeks more time - The Times of India,https://news.google.com/rss/articles/CBMi4AFBVV95cUxPOC1rLUdST2lrVm9Kb2oxeU04Wkhld1AwdG5XSWZ4VUt6UktZT3h6TWZ6VFlfTHJjaUlxSEh4cXljSWNYMHJXMzFGN1FGeER4ZWdBVFhELXpHR05udFFsNk4zX1A0UUpyTklsXzJBRW1TcF9BRUtNYmRlRXpLa1dJU3lvQkpuSENLUWVRN2J3ZFV6Y1NOVEYwWGNOTU4yeVhQYUFBcmw3N05sLWEwYUpqek5TcVhESWI5a3pyUWxYRDZqTVFhLU8zSHJsSVRWcXd3c0pQU09SdV9ySGxENENmM9IB5gFBVV95cUxNVXlVZ1B0RzZiZnJVQi1zMGdHaEphbjZtYlFoSHVwbVYyV3dqcjViRmRjdVhBcHVibU1XdzBzQVotazBGTVYyUGRSdERwOTJENWJJS2p0c1JJMkRNLWkyRHNsVXdoNVNYYVFoeE4tZF9hRmtjMzAyZGxabXg3dUk2VDRmV05fOUcwNFVITDJRWFU1TDFBNFVEZ2pBMmRBckVLWWkyRkZTc2xXUHFvRnk3YXhULW1sVjNYM1B2eXRybjNmbTZMQmFiNzRENTNjU3pCNTd2VTFjTGlMRmdxcVZxVWJ3MDVSZw?oc=5,The Times of India,"Fri, 06 Feb 2026 08:00:00 GMT",2026-06-14T20:35:10.627376,phishing,True,False,candidate,https://timesofindia.indiatimes.com/city/guwahati/mizoram-budget-presentation-likely-to-be-deferred-as-cm-seeks-more-time/articleshow/128002895.cms
fake website Mizoram,Protest over ‘lapses’ in recruitment of Mizoram varsity finance officer - The Times of India,https://news.google.com/rss/articles/CBMi3gFBVV95cUxPQVl3bk5CYkRKSFJlTlBzX3JZU0VFbWlzVkpBYllBeUFyOVNudmxJd2FLOGY1STdsNm42X2dqWjRZQkJfVktWVHh1eHEtT3poUlNlWDdGckprcDJRTVMxXzFaLVBVNmtaWjFoV29FZS1yWmEzcTM1cXVKcU9qRTF6c3pmaF95UGc5eW80bk1MaEVrNHZwc1doQ2VEV1FWUEhOU1pKdF9zV2lNeEJsTFlUTjMwczE5MTgwNWFVLXFYSG05Wkc3amxpbzdqY2k5c2o5UUdkWmxmcWZockJKY1HSAeMBQVVfeXFMT3hxYTBtNlQ4Mnh4MEY2OTBTdTlTS2htVGRHMTA1c2RReE96d3dMUXk3dTk2TUo3YVJJakR3NkNHNms5dmZxN2VVV1pvTGR2Zl9abzFvdGhkUkRlM2Y1N0RXbnRvaVFDYmpRSFU1QWpnS2FXOE5sdTFtVzVWV3pjREpZZ1g0cVRiLTVFMS1sN0hzdmtpNWlPWDNCbThTN0lwSHJYbG9uWHZtc3hpVlVOeWNtckpYdWpMRzBPZjZ0WkFoOERWcFF6THJkYkRFNEtybVdsZlRGbU11MHB1Uk90TmxlLTg?oc=5,The Times of India,"Thu, 08 Jan 2026 08:00:00 GMT",2026-06-14T20:35:10.627447,phishing,True,False,candidate,https://timesofindia.indiatimes.com/city/guwahati/protest-over-lapses-in-recruitment-of-mizoram-varsity-finance-officer/articleshow/126420557.cms
fake website Mizoram,MBSE releases Mizoram board exam 2026 datesheet for HSLC and HSSLC: Check important dates here - The Times of India,https://news.google.com/rss/articles/CBMi_wFBVV95cUxPcU42MEZSTjJ6bU55WW4wM3hlZFd0SWlYcGk3cnp3U0NPVGJBRF9jQWVoR2RZaUlSX3c3OGFJSXEzR3VPNWducURqVlo4S0FHWU4zMkM5aWNmMjVHLVhzZlZDbS01akxXbm5FeGIwUGk1ZkEydTNya2dPUWZORmllcVM1OWhJSFdMb1NpZ3VJdjhuTDF5NFlUVFItd1NubG9nRDdHS3NBbDR0OG9XbURaU3lyY2JXLV9ZenA1eWwxUTN3RkFMaXplNEdybkJDVVA2Y3ZZMGJnSEt4YkduMFdKNTVhcXBnaXdsbXdmY1drdnVrSkpCOVlpWDRNNElQem_SAYQCQVVfeXFMTU9IZzdkMjhqamU2TDZWcjk2ZENEY19VbW5FOFNBQkphUGYwWTYyNk1ZWGp2cXoxeVA1ZUdEVmQ4WmNldXRiNkVIMzBuWmVCVGRHNnprT1pXS3VfbUNjcGpqZVdCMzhQQlJiRnlmaXFTdUVwcjNLbi15bGVVZWZON0F3NG9DRzlpNjVBZmxIejF2OEN4a1FvOUpUSnhjYkZpVHVTOV9CQXNuaFRmTWFLbXozWDVYZHdEZWQzX3AxdGI2WElkZEZPajd1Smc0MHZWcjk5d28tZHpRSDY1U1Q5amdoR0ZBYjB0Y053RVZTS0dERWZtdGRNQko4WnFNYmlHM2x0ekE?oc=5,The Times of India,"Thu, 23 Oct 2025 07:00:00 GMT",2026-06-14T20:35:10.627459,phishing,True,False,candidate,https://timesofindia.indiatimes.com/education/news/mbse-releases-mizoram-board-exam-2026-datesheet-for-hslc-and-hsslc-check-important-dates-here/articleshow/124758750.cms
fake website Mizoram,ASI finds centuries-old rock art sites in Mizoram - The Hindu,https://news.google.com/rss/articles/CBMitwFBVV95cUxQMUdFTjVNeWZUOGNkMDJjcjAxb2UwRTVsc21xbVBVYUpfTS1NVUdsOUU3VUxlY3NUR1ZWUWNLTEt3ZExDV2pTVjFEMUtITHh5MnhGQnY5ZzgwTW11TmNhLVFITERCV2ZKWk03TUZEb3cyUlllNG9faHhrU1NOMHk0Z2JncmlIclJMRVluOExxREhTT2U4RklfZE4xT0VPc1NGTVZ5TGw3V3pYYXVoWUNVUVNQc2d2aE3SAb4BQVVfeXFMUGJjUnNRVzQ2dTVWSm11aW9nZnpzNFRqNUZjelRUbmdoMEY5T0t1cGRLRk56UVFkSVZ1WkxGVWNNYWtEQi15b190QW1uaDVMbkYxQmhCX183SEt5QUFFWlBxWjNvNGdCWVR0TnNzcnBtTnlZQjZreFpIczhrSmRmeFNLRHVsR20tU1FEZ2toQkI1ZDVQdVN0eUNnT2UwS0NwODJsd2Q1Q1dzMmFQa1VBRDM5V1F1NXYxS2lFTURBdw?oc=5,The Hindu,"Thu, 17 Apr 2025 07:00:00 GMT",2026-06-14T20:35:10.627495,phishing,True,False,candidate,https://www.thehindu.com/news/national/mizoram/asi-finds-centuries-old-rock-art-sites-in-mizoram/article69460979.ece
fake website Mizoram,"Images from Myanmar viral as social distancing in Mizoram vegetable market by Mahesh Vikaram Hegde, Shobha De - Alt News",https://news.google.com/rss/articles/CBMivwFBVV95cUxNMmEycVpmUmJxbzRTLURtcl9rNVNINFR5RU9kYmxQa19meVI4RXRWY0tjZndJX1BOWWlkb25pZ0hqdGFQcWthVl94MUtnNWxWSFgydkdXcURhbC1XcmFTb3RoaFhzelVHZFB5azc4cHBQS0dhdjBJY042R0tTa3JJZGhyY21hd213VE9uakZXWHlBNWhxNHFkOHhFQ2FPOGp3bHAwcEdVamR1a3RYQ2d6ZThCTmVoVGRORDRYeWgtMA?oc=5,Alt News,"Fri, 01 May 2020 07:00:00 GMT",2026-06-14T20:35:10.627508,phishing,True,False,candidate,https://www.altnews.in/pictures-of-vendors-and-buyers-practice-social-distancing-in-a-market-in-myanmar-shared-as-mizoram/
fake website Mizoram,"MBSE Mizoram Board HSLC, 10th result 2026 out at mbse.edu.in; 80.31% students pass - India TV News",https://news.google.com/rss/articles/CBMi4wFBVV95cUxObUg3UHNULU9NaHZsUXhFX2IwVjV6YUVtcVNMZFpQZkk4U01kS3B1a1Z0N184UWp2T2hHLUlRODdkXy1ybWp3NEdtV0lydzBEU243d0hIdDhvV08yRUtrMm9aYzRpNUR0amZFY1M5VEpFX1BFUDdSREtEblJUbDN0WWZwTnFDdGRCOGFWSS1temNWUkY1a3N6cFJpYlp4eDFucnJVOXJlZFFQYkVCbk5oVDRnb25DclM1cW1XaUtwNDdNZ2I3Rl9FdFZpWjZRM2hNUjVNOWJnSWsycmZEYzFuaXMtc9IB6AFBVV95cUxPYjZTaS1jb0dzdEVUaS15QzBNMFhzNENUekkwOTl4NWt4SE9oVjN6QlY5UzVKeFBYamZ2LXVNSDlMaDRRUlJHMHdNeGlhbW5COVNnWHZ4bE1vdWJhaXFvNmFyTU9SQ0FlT0ZrNjh3d0tvUzFOQW9pdDBBelQ3MzJkaGxpRERMcTBwdkNzX042VXVRelpRcEV1X1VyeW1qbldvVFpNZUNILWZsWVJCTDFQUGFWemNMZEVPbVVSSjJVaGo5eklpVmhyQkJZLVVPU2hEcEFCMU9jMTBCRFo5UWN2Tkhkek81S1VD?oc=5,India TV News,"Fri, 24 Apr 2026 07:00:00 GMT",2026-06-14T20:35:10.627723,phishing,True,False,candidate,https://www.indiatvnews.com/education/exam-results/mbse-mizoram-board-hslc-10th-result-2026-out-at-mbse-edu-in-80-31-students-pass-2026-04-24-1038743
fake website Mizoram,"17 prisoners illegally released from Mizoram jail using forged court orders - The Sentinel - of this Land, for its People",https://news.google.com/rss/articles/CBMi1wFBVV95cUxPaDRBZzJ4OE9HLUszeFA4SHExM1p2N2VQNzhWQUhQVjBLN0RUVlZRTEdBbW1Jb2tyR3dSYU9UVXNyMmJ2R3l0bTlpTmJ3SlJIOWZ3V1l6dWJGclFocWZuVEVfQTd2ZHFEdUxrLW1nUmZNZjEtNFNlQlVSM0hGSjV0T0x6QXlrMkttWWE5ZUpQQ0MyZnAwZDRYU0tOWVF6bVhrS0ViTjJ3ZGo4ZHY3SFBjR1pVYWU5WFl6TWNJaEFITXluQnRxZGhZTmQ4RFdZLUR5TW5fR2FTMNIB5AFBVV95cUxNUUtrOGZIV1VFTU5PM2lvZUhTYlpyeFZhVTFBTWM4d25YRndBd01nRElHTExPaGthalBwVGpXWDVtWUpLM08yTkxBUEsyUFZmdVV4MElQTXFLcmZmTktZMEJPS0pScnZyQW5zZC0yTDNBNkRVeFlGMFhrQmhRcjJBZDNyZVc3NlFXUGNUNWM2MnNXZ3ViV0k0bVNfVzQ3UExvZFpYOHhYenNRWE5TaFh6SXl0QUVBR1pHMDNNaXQ3UXF4emoxNXFDSEU2TnB2TzNsRy1DeVhrdy1rT3Z5MHNUaXpMR2U?oc=5,"The Sentinel - of this Land, for its People","Mon, 11 May 2026 07:00:00 GMT",2026-06-14T20:35:10.627736,phishing,True,False,candidate,https://www.sentinelassam.com/north-east-india-news/mizoram-news/17-prisoners-illegally-released-from-mizoram-jail-using-forged-court-orders
fake website Mizoram,Fake currency note gang busted by Mizoram Police - Syllad,https://news.google.com/rss/articles/CBMifEFVX3lxTE82ZTVQM1UyN3BudUc1R2Q3Ym9KY0IyUExha3lqLUc2Sk9uWUdHbTZ4dkFhVWlRcHUtcUFtODJ6RFVTcU9WTG9ZSldMY28ycHRxdHRNazBiV2VhaGN2RWVncFVxQjd0U3pyUGotR2tYLXZ1SWtSdjNSR2FENXE?oc=5,Syllad,"Thu, 29 Dec 2022 08:00:00 GMT",2026-06-14T20:35:10.627749,phishing,True,False,candidate,https://www.syllad.com/fake-currency-note-gang-busted-by-mizoram-police/
phishing link Mizoram,MBSE HSSLC Result 2026 OUT: Mizoram 12th Results at mbse.edu.in - PW,https://news.google.com/rss/articles/CBMiqwFBVV95cUxNZHhraVVRUzB3VUppcjRVUDNNUmpnVFdLTnFkakpMUlNCMjFLbVBZd2VjZ3FWZVJMRFVIRmRQLTRydk5pdGhKc1RjOWducm54bmgtMEpwN0t4OXNKTEktejl2V3lYQkNKbl9pSExNZFhFdnpMY1Z2VzNhUzk2MFNXb0ZrVTM5OGtRblU4NFR5VVFNaEdxaTN4d0w0VFd6UjN5UHFFalZ4a0w4ZzA?oc=5,PW,"Wed, 29 Apr 2026 07:00:00 GMT",2026-06-14T20:35:17.559632,phishing,True,False,candidate,https://www.pw.live/news/mbse-hsslc-result-2026-mizoram-board-12th-class-result-direct-link-pass-percentage
vishing Mizoram,"Mizoram produces over 7,100 MT of fish in 2024–25, aquaculture gains momentum - The Assam Tribune",https://news.google.com/rss/articles/CBMiugFBVV95cUxOejN4RUJNMGl1YktPOHRLVGRjRVp6bmVvRjdfZUVmTm9oU040Z0ZtZzJQUmtWMktBWEk1OWpyZ3dDODhNVERTbXp0cEdkN0xyMXBRdUh1UUpTWXRxWVJoRXMzel91ZzFzcXBYLVVlZmlWS0hmT01wSTVFd09pd25wQXkydEY0S1RZLVFXVTNiU0Q2cDNPaURidzZudkc3dGVzWDlaRzM5SG5LNW9Hd2wwTjZBSThXZkdnOFHSAb8BQVVfeXFMUEh1NzNoZVNGSGlibTJobDM3eHIzeEZEcUhka1ByckNrRlhIYmNKeVVrd3hBTG82S1IxMEpyU1NuX3BrTkU1bXdoNlVZN2hJMm5HRWl0X0xDWkt2UjRlWWhmdFJrRGJyOTNlN01MbU1JU0l0OWZ4ZDA0ZENuQjlOQmd3TXk5QzM4eGI3VHp2SE1OWTFsUllQNlFJNld5dk4yRzFkRGdKTTExTEs3SV9wRVhxN1BlOVVSMDVMQ0Fwb28?oc=5,The Assam Tribune,"Thu, 22 Jan 2026 08:00:00 GMT",2026-06-14T20:35:19.318109,vishing,True,False,candidate,https://assamtribune.com/north-east/mizoram-produces-over-7100-mt-of-fish-in-202425-aquaculture-gains-momentum-1605158
phone call scam Mizoram,CBI nabs woman convicted for fraud in Mizoram from Guwahati - The Hans India,https://news.google.com/rss/articles/CBMirwFBVV95cUxNdTdoSXpqc3JacVNOZEh0a2tZX0hlWW92Y0NpdEsxVTRYWEdoQjJXR0YzSjhLY040Y0pWZEJaRi1uOG5KODF4Y2p3bzhXQXZ4dDJQRHBfLXlaLVRYV2toYmdva3JCYTBTbWNXamJ2dmVteU9jcUJKMHExWERfWVhrUkRzeGs2UkRGTTNpTTBnYzlHUFQ1dkM0NnRBcHQybkhjenhmLVdKXzBLeGtJS044?oc=5,The Hans India,"Mon, 19 Jan 2026 08:00:00 GMT",2026-06-14T20:35:22.735282,vishing,True,False,candidate,https://www.thehansindia.com/news/national/cbi-nabs-woman-convicted-for-fraud-in-mizoram-from-guwahati-1040366
fraud phone call Mizoram,CBI nabs woman convicted for fraud in Mizoram from Guwahati - Nagaland Tribune,https://news.google.com/rss/articles/CBMikAFBVV95cUxOMjlGNHNhckxRSGZCS0dfR3Vnd1dUUFlxb3ZmZERMNDhDMGZvUEFsX3BKOUdwc0NzZkRLQ1ZWcDZQdW5LZXJUU3dYV0x1NEhPMXJudnlIa0daT0IzbzZZTUFlLVFZZjBQeEg3aTdHb0NHeDZLdDFWU3pUdTdfVnZrcmhydnQzV0FGV21iQjFoNFg?oc=5,Nagaland Tribune,"Mon, 19 Jan 2026 08:00:00 GMT",2026-06-14T20:35:26.503672,vishing,True,False,candidate,https://nagalandtribune.in/cbi-nabs-woman-convicted-for-fraud-in-mizoram-from-guwahati/
impersonation call Mizoram,PIB Press Tour Team from Punjab and Himachal Pradesh Calls on Mizoram Governor at Lok Bhavan - Lok Bhavan Mizoram,https://news.google.com/rss/articles/CBMixAFBVV95cUxQR0VnWk1iM19IanRVYWFBRF93bnhHcU9YWm9CbXRLX1BUeThrR25pSTJWZW55UF9Vd1dXM19BLXpaT0RsYU9HMDJwZTdlejVXX2lrTlBxY2NSMkd4UWFvS2hsY2xzZDR1aWtnNU1xbjJzVC0xTWJLVkU1bm1LOHFYWFJSLUp4TGhkTU90Q2s3RGxuWlpTbGh3WVhoQVFWVzhhWmd3QURLZndBQ0lrd0t2VE9HbnFKU0Q1ZEwtODctdEpIbl9Z?oc=5,Lok Bhavan Mizoram,"Fri, 27 Mar 2026 07:00:00 GMT",2026-06-14T20:35:28.336179,vishing,True,False,candidate,https://rajbhavan.mizoram.gov.in/pib-press-tour-team-from-punjab-and-himachal-pradesh-calls-on-mizoram-governor-at-lok-bhavan/
impersonation call Mizoram,"Divyansh Joshi: UP to India U-19, via Mizoram - The Times of India",https://news.google.com/rss/articles/CBMiwgFBVV95cUxNYjVkVWtETDRGT2RrWnhnbUR5VVJDbGNHbnM3amYxVnhQS21HNUdvMHhkaEU5dTBjbWJCRVNoeGFVclFwVTNzYldyM3V6REJvWTVXTVNwbXp4TDcyVk5aWm9naDdWVlE1bk9mRHppb2ZVcnJmSEhyaWVhbjlaZE5ZTm9UbW5lTk8tRDh3bWswUG1nT2xDVXExZXhVTXhJdG0wRkJPVVNPZ2VqV0ozM1ByVmMtSzREaF9VVkpUVEE0NHNCUdIBxwFBVV95cUxNT0MycTV3cl9kdkZvVEswVzc5aU9UNmVvazg1bW13THVkdWRwb0V4WUx1VGtmelRCSW43STROT1dSUVZDaTJqeXRaZWdaeGo0S1BJNlVKNXBDLTNOU3l1c0R3TC1iN1Q3NGhQUXg1UmRTYmk3MF9uQXhjVW02cHlXRHFFRWFEZFJYVGJqcUNLcWJ2SWR3SnhDRnNwNmRWdldDOGxDMUtZMkRnZ0tncE53SS14dnBHSnFueUdid1JMNHVCMi1hRWFN?oc=5,The Times of India,"Tue, 03 Dec 2019 08:00:00 GMT",2026-06-14T20:35:28.336240,vishing,True,False,candidate,https://timesofindia.indiatimes.com/sports/cricket/news/divyansh-joshi-up-to-india-u-19-via-mizoram/articleshow/72342770.cms
impersonation call Mizoram,Mizoram new Chief Secretary Khilli Ram Meena takes charge - The Assam Tribune,https://news.google.com/rss/articles/CBMioAFBVV95cUxOaDZpc0lrQzRWLU40SEctdWo1RF8ycjVIaHgxZXdoVGc3STdDUDJ6Ni1NcHlCdWhHbDVKYkstZzFsZ0JhcmFJVUJ2M1Z3MWNHQW5BdTkwQlNVcE1iRVdfQUxMV0tVSU1tdmtmdlJEc0c3NGMxZ1ZSS3A0bXd0cWpqdDUwdGNYQ1VXMkFTenc0elJVRUZWQk12c0psWUVvcDR60gGmAUFVX3lxTE5kLXNOMTQzQnlsMUtyYkNWd3lFQVkzR2F3QWMxeFFmNmJXTUdCRnBfb1p1MW1MWGl4QlRaNGNvaFh3YmZkbFdkSHVST2pSUS1Za0NybnFMY2tzTUVweWNqQ3EwbENJRHZCYm4wcjFpaTBXa09EY1VtTERJcWp1cGxfZE13MG5hanhCTFpFbVR2cjZ6RENJbEREbGYxSVVJMFg1XzFvSkE?oc=5,The Assam Tribune,"Thu, 28 Nov 2024 08:00:00 GMT",2026-06-14T20:35:28.336254,vishing,True,False,candidate,https://assamtribune.com/national/mizoram-new-chief-secretary-khilli-ram-meena-takes-charge-1559379
impersonation call Mizoram,"'25% Mizoram sex workers have HIV, highest in India' - The Times of India",https://news.google.com/rss/articles/CBMiwAFBVV95cUxQUkstd2dzME1yOXRGWGkyMm1Bd2t6ZWRVVUlhcWV1Tm1kZU1oODVab2pzWHVzQkY1SmhXdFZpc0tPLU4xUEVsTGJQUlB4YXJKc0F4a2ZWRmFLcEt5cnp1WG14Z3lwZTRDdnplRVVxYjRiMXJLWE5IMGxRZnZ2eFhidHpHRmlMQnpwWEg3ZUIxSVZidFhGbXdZMXhPejFjaUpxYnlCUlQ5V29kVGJtNzdQUjZudlJFUjIxdkpuRFh2V2LSAcYBQVVfeXFMT0plb3JDX2hTSEE4bGkzVVlaQmNKR3BWZ2pqY2ZNUktPaW9pME9ac2lFMzFERzJzbTExczFnUmJvZ2V2WW0yalBOUUtfWUV1V29oVExySjQ4a2doYmUtX3IzMTR5TzliWVRVT0NCS3hiaDNwLXlfUGwxX21sdmMzSURwclhQRXpIVkxGdGlWWkNnSTEtRE5KUWhWcXVsdzdGYzNFNFFiMjkxQ0liZnpObkI4N1gtdDhQR1JPRXFMZ3NTR1ZCQWxR?oc=5,The Times of India,"Tue, 22 Oct 2019 07:00:00 GMT",2026-06-14T20:35:28.336268,vishing,True,False,candidate,https://timesofindia.indiatimes.com/city/shillong/25-mizoram-sex-workers-have-hiv-highest-in-india/articleshow/71698535.cms
fake bank call Mizoram,Mizoram: Newly appointed DGP Sharad Agarwal calls on CM Lalduhoma - ANI News,https://news.google.com/rss/articles/CBMixwFBVV95cUxNVE9GVWE3RVBFN1BzY1RycmJGV2VCcGZOSzJUNDlqMUpPbldPdFdFcUhLZ3AxWUdsdzRzWUlaQmZ5aHhHelUyd0dicGo1ZWZYZXhEdlhxNUZlM2pXX3dfelpVeTNJRXh0dmEwb1YwYzhleXVNMTFybVprcXBfM1FXQkNwS3NiRWQxVjc3TGZoYXhJejFPVlBZNU5GWkxrbTdiVTUyQmhVeDdKTFZibHoxSmF4WmdQWER1ZHAtVEVhNzBsS1Jtcm40?oc=5,ANI News,"Thu, 31 Jul 2025 07:00:00 GMT",2026-06-14T20:35:29.907195,vishing,True,False,candidate,https://www.aninews.in/news/national/general-news/mizoram-newly-appointed-dgp-sharad-agarwal-calls-on-cm-lalduhoma20250731211522
fake police call Mizoram,"Mizoram steps up crackdown on drugs, smuggling, law and order situation peaceful : Governor - MorungExpress",https://news.google.com/rss/articles/CBMiswFBVV95cUxQT0xpX0ZSVTM2aHJNdzdoaTkxdVFUdHRYYkVYQ0NQVEpiX3Z5WEw2NjItdHlLTjhDNmlhaDBUWVBqdlpJaUZtWXViT2c2TkkxRG9xX3lEc3Qtb0pqdXQyM2IzRHFSNGc2T0wxRWV5OU9QOHNIMmxsMWxianFscEFCUUcyX2UtWDUtUXpVMVpycjRMRFA1dTE1M3ozQ1JSejBQT2Y0bEc1RnZ6OTVqcF9fQWktNA?oc=5,MorungExpress,"Mon, 26 Jan 2026 08:00:00 GMT",2026-06-14T20:35:31.453212,vishing,True,False,candidate,https://morungexpress.com/mizoram-steps-up-crackdown-on-drugs-smuggling-law-and-order-situation-peaceful-governor
fake police call Mizoram,"IGCL’s Tripura–Mizoram gas pipeline nears halfway mark, 45% work done - The Assam Tribune",https://news.google.com/rss/articles/CBMirgFBVV95cUxQZk8xbWQzODQ0M0szeTFldHZjQm9nTEVQaTNCSEZzMnliNmRvVkwzdXA2NlBnZnl4VV9MUlU4UEhpWTFIWHZkTmJ3czRMMW5Idk1CMWo3ekJEUW0ta1V5UVVyN1pPSXBXOHE2NUloajk0bEZSbFVOZ0xiOGZWWEFzd1ZHeE1JRkQyVF90SjNRR0EtUUNEWGY3V0tKWWhIbnU3akQtV2V4NFZub0lrU1HSAbMBQVVfeXFMTi1MTFJvQUJBaXdLYUxxcXVsZldVYVVnUXYxdzBwTElMc1F0QTBmNllNQzVscV9JZ1pCcUdFbEpBWjJ2VXp1OWM4TUduY2Vra2l4UHNCM1l3TWxGaWoydlRaakFVZ0ZfbVZEQnBycHd3dXZTYXhyejZJblNmbklmbWpRdk5lYWFhSmtEOVpKTEpqSVJWcnQ5WXBTVnpzNlBiS2pFMjRNcDd3dUprNDZhZnI0TGM?oc=5,The Assam Tribune,"Thu, 15 Jan 2026 08:00:00 GMT",2026-06-14T20:35:31.453225,vishing,True,False,candidate,https://assamtribune.com/north-east/igcls-tripuramizoram-gas-pipeline-nears-halfway-mark-45-work-done-1604558
fake police call Mizoram,Mizoram Police marks 54 years of service with Raising Day celebrations - The Times of India,https://news.google.com/rss/articles/CBMi3wFBVV95cUxPSWdoeEc2TF9Ga2g3MVJmR1M5aTI3Tmp6cTBtSktwbFl6VjNwcWY0OENpaG9yalE2UlRyRlpReGVPSnJJbW9WaWFoZEhWci1JNDJPYTlscWlSanR0VHF4X1BybHJFSUFEOGd6SThoMjRFOGZfQjhPd2xYcEVwWjFOYVVRTDhBTlJOVzVIdThlcGlDR3dHdDdnUlU5Yk9RLUgzTll6S3FnUks0d3dNazZlYk42SmhlRFVSWDVJSUdlamNQNG5xSGJ4bXlwWjlmamlfZTJ3cFBqUUVOVGkzb3RN0gHkAUFVX3lxTE14WTExOHdoZmdGZllvLVJiLXY1SGpCSFpXcDBMcHFMMVZsa0lVU2JYSVB2dE40MHFWRFBXc1JMNmVmQmVJaURNdjh4OEN1TUZVRmRnNUFFSnVIQ3ctTHBxcGpuR05xTTVzT0d6Tk1hanQ1M0c3b2paSndoeGh1WUpQcng0ZEFjTHBjMUYxUEJObkp1OFpTMThzb0VaWXRhM3JxaHVTMUN3RWhaZlhSTnE0Y2Fod0l0RFp4b0ZRT2RVb3hmXzVGZ29TV1RLQlhETnRpR0VtUkZUazBXZk1DcG1pNDl0NQ?oc=5,The Times of India,"Thu, 22 Jan 2026 08:00:00 GMT",2026-06-14T20:35:31.453237,vishing,True,False,candidate,https://timesofindia.indiatimes.com/city/guwahati/mizoram-police-marks-54-years-of-service-with-raising-day-celebrations/articleshow/127030465.cms
fake police call Mizoram,Mizoram’s Lianpui Menhirs declared monument of national importance by ASI - The Assam Tribune,https://news.google.com/rss/articles/CBMitwFBVV95cUxNbzIzOGplX19zdno5OTFneC13T2pUVnZKLUdKaVUwN2ExdlVrbXQ4U0dOVWdVRzhUd0kwNlQxWjNYakR4VmhCenV0VGl0cEZKWW1BVHRfdlNPRU54dkRQLUpNdGNCbGRqLW9RRTF0WUlDNmFZTnVSQjdvMDZwcnc2TFRYN2s4bFJ0WlJ3MnFRWnZrdTFtZUs2dlZHWEh4OXM2UXd1Y3NKN3p4MEgtZDlOcUJENDRsRWfSAbwBQVVfeXFMTWptWTk4QkFlUTA5VlI0YjN4bk5nZFhUMTBKR2Z5dlh6bmJudVM5Q0k1QUFfQzBlTjg3QlJoaGNaTE9sTUdYSkVldU5xQXpVZFNZdk81LWhfNzREY1lQU1BxNkJndnJSU0hBcXFDdHJaOWlpQ1lFNXkzZkhoTV9QZjF3U2t3LS0tdmh6RUw4eXMzUjhxYnU0Qkd2VmRvVEpRU0xZZHRTMWdtYmlLSzRqUTJodkx5ZE5JQ2w1R2Y?oc=5,The Assam Tribune,"Fri, 18 Jul 2025 07:00:00 GMT",2026-06-14T20:35:31.453350,vishing,True,False,candidate,https://assamtribune.com/north-east/mizorams-lianpui-menhirs-declared-monument-of-national-importance-by-asi-1585298
fake it officer call Mizoram,Mizoram: Newly appointed DGP Sharad Agarwal calls on CM Lalduhoma - The News Mill,https://news.google.com/rss/articles/CBMingFBVV95cUxPekhDdlE5ZERiSUVlVmlqT0libmRHWFd6Z3AtemprQS1sWW5CUU5nLUVBWGR2cVZGOVZSQ0ltNElId3FucnVETTFDc2RSRWRMdzBfRlUxSnpQTDJkYXB0Q2JmX2ZXdXRsbHBrRDBDRjEzbHdxN0lkUGt6RVB2cDloT3VvcGkxXzVyR3o3NW5QS3BBdE91RnluZlhIcGtIQQ?oc=5,The News Mill,"Thu, 31 Jul 2025 07:00:00 GMT",2026-06-14T20:35:35.166865,vishing,True,False,candidate,https://thenewsmill.com/2025/07/mizoram-newly-appointed-dgp-sharad-agarwal-calls-on-cm-lalduhoma/
impersonation Mizoram,"Mizoram Woman Granted Bail in Cocaine Case, Arrested Again for Alleged Impersonation at Dabolim Airport - heraldgoa.in",https://news.google.com/rss/articles/CBMi1gFBVV95cUxQcF9iTFl1ZWd3bkxlRU55UFZXXzUtYWJEbks3Qnl1eHY4enBHRHF0WVlQVlhHQXJPOHBrMnpqUHF2MmpuRU1vU3JyWF9MemtMSm13aGZ0aFBrT2tkWTZwc2JrRzJNTWZ5aTVvZ2RXMkxfM05zT0FnTGRveldVbzlfakppLXVCM3ZsM1NBN2xMdFBtejFjVkxSaFNRVU50b0ZKaXBfVHJRdWFiY3lZN3I2aGtxbFVDYk1ET1BpTS1CWnZtMlB5NjRPZ3B2Qi02ZjNIajNRTGpB?oc=5,heraldgoa.in,"Wed, 27 May 2026 07:00:00 GMT",2026-06-14T20:35:36.711594,impersonation_identity_theft,True,False,candidate,https://www.heraldgoa.in/goa/mizoram-woman-granted-bail-in-cocaine-case-arrested-again-for-alleged-impersonation-at-dabolim-airport/476262/
impersonation Mizoram,"Assam’s Lailapur-man dies in Mizoram’s Judicial custody; “He hung himself,” Kolasib SP - Barak Bulletin",https://news.google.com/rss/articles/CBMiqwFBVV95cUxPaExtSjJjR0JiZHRDcG9abDRDZzhXU1hsdUloRUZYYkFEcl9nWjNHZ3VLYXBuRTZ6cGJxUmxHems1Sk5iLXVoMFIwam9sQUFiY3l4M3hxV3ltRWRmVVB4WVVkd0ZmWjlhMWlTSUFEc19maE1wRG1FZGpNck95NTVBa0J2Zlg4d0F4VE9wQUdUYmM1V3MzWTdTVUx4OTZ1Y2lWeUN3YUd3MkYxRGc?oc=5,Barak Bulletin,"Sat, 02 Oct 2021 07:00:00 GMT",2026-06-14T20:35:36.711716,impersonation_identity_theft,True,False,candidate,https://barakbulletin.com/assams-lailapur-man-dies-in-mizorams-judicial-custody-he-hung-himself-kolasib-sp/
impersonation Mizoram,"Mizoram woman gets bail in Goa drug case, held again in fake identity case - Dailyhunt",https://news.google.com/rss/articles/CBMi7AFBVV95cUxNNXdMdDl3c0Y0dzBsLTdOT0VnZm1JQkEzTFlCVmswU2NNbWJnLUwwVXM4Y2JzRmc0ZkppTUZiSGRYMGtaUnBPTHlONGpwSXlYeHRkMDFuVUZqMjUtaEpuVzFjaVo4UXM5bEFiTm1wdUVxTUwwdWlvTmViSFNxMDktS3JjYTg1bmg2X1NHV3dPY3FfbU1OSXlpY2JyV196aDdrSF9tMVhuckdQZjl1YlEzUGRWaGVGUHBqMU43N2h6MWxGZW1YaUJaSGN1Tldob3liMTRnUGNXZnNvSDJlNy1EVzl4dUNYcnRzbnFLYg?oc=5,Dailyhunt,"Thu, 28 May 2026 02:22:30 GMT",2026-06-14T20:35:36.711756,impersonation_identity_theft,True,False,candidate,https://m.dailyhunt.in/news/india/english/eastmojo-epaper-estmoj/mizoram+woman+gets+bail+in+goa+drug+case+held+again+in+fake+identity+case-newsid-n713838354
identity theft Mizoram,"12 years on, Mizoram state museum still shut despite crores spent: CAG - The Assam Tribune",https://news.google.com/rss/articles/CBMisgFBVV95cUxOSmtHN05lZzdkOVQtOGFjSjlRZXhBclNubG9kTXYzQWhoN1h6UzY2ZEJLUzBjUFNKNTRxb3JhcUhYWVVzNVB0S0pOMFZGMUwzdFgwbFh1U0RDMXpUT01NMzRTTWJxMkhRQ0lLa2JUb3pRa1lQR1RxcGlJbzQ1d3JDLXVVbUFaaEU3b29IbllLbW8zNkdkLVBERFRJV3JONUt6QU5naUFPdzJlUWgzZ2swTUx30gG3AUFVX3lxTE02RTY5ZWk4aVlSTWozTnlCNmsyRUpTQjBqUWwwb1JBZ3NWR3NPWEh5M3dZUVltRFQxQTF5bFVVOUJLTTNyMzJnLV9zblVZZUtCY2cwemgzTV92eVhrWEd1Y3QwZGtJenNwSndGVE1tZFQ3X2NsMy1tMnFUVWxJLWVBV2JpTXRMQmE0MlotYlg0Rkh6R0ZxbVlyeEtMbjlUT3JOcm1EREpMbk5OM1VEY3BnZ1EwcGhxRQ?oc=5,The Assam Tribune,"Sun, 31 Aug 2025 07:00:00 GMT",2026-06-14T20:35:38.290230,impersonation_identity_theft,True,False,candidate,https://assamtribune.com/north-east/12-years-on-mizoram-state-museum-still-shut-despite-crores-spent-cag-1589798
identity theft Mizoram,Mizoram: Aizawl police recover 284 lost and stolen phones in six months - EastMojo,https://news.google.com/rss/articles/CBMisAFBVV95cUxQZUotc2hfd1Y0UjBRTlh0cjdTZlhQV1JjUE9FVEE5RlhsYmtBVUpfYm5ZaGxOYXFQTnBtdUFtZXhUZjBrb2xpR01VcTVlN2FkQ3FQcmQzZGE0dDdsUmo2SDNpbVctWHZwRjVDS3NaaG52VFdoZEZ2aGRnenNfdnpLMFQ5cFZhcDJiNlVSMDRjMXREMDBuQll0ZzRWbGJmVFIwVk1zYldxZ2JqM0JfZGwyYQ?oc=5,EastMojo,"Fri, 11 Jul 2025 07:00:00 GMT",2026-06-14T20:35:38.290271,impersonation_identity_theft,True,False,candidate,https://eastmojo.com/mizoram/2025/07/11/mizoram-aizawl-police-recover-284-lost-and-stolen-phones-in-six-months/
fake identity Mizoram,"Mizoram woman gets bail in Goa drug case, held again in fake identity case - EastMojo",https://news.google.com/rss/articles/CBMitAFBVV95cUxPeEJ4cTlCN2hYSFR2ZmFsTmo5OUJNWkd3MFdTMVZ6QkdkWGdoMmZrRlVZVU9kbnE4THV5WkdGTFpYTlRUNUwxQkZJaVJOSF8xVXZ4UVdTRnh6NWlJOFBrdHJaLU82NG1sSmJUYWN0NWlKSWVCSkI5Qk1CbWJMWmVXZWFjS0RWVnZEYVBiOWhkUU9oZUJ5MDB3X0xNWnFLUmFZMDhLTVZmd0VvSWRPOEE0WU1BZ0Q?oc=5,EastMojo,"Wed, 27 May 2026 07:00:00 GMT",2026-06-14T20:35:40.295412,impersonation_identity_theft,True,False,candidate,https://eastmojo.com/mizoram/2026/05/27/mizoram-woman-gets-bail-in-goa-drug-case-held-again-in-fake-identity-case/
fake identity Mizoram,Is Mizoram’s famed healthcare scheme already on life support? - EastMojo,https://news.google.com/rss/articles/CBMiogFBVV95cUxOZnJPN1FTUkdWOGFnWEEyUmFTUGdPbzFKZVNnczlrVy11VFlFb2hjZ0EySW1GNk0wYWVENV9LX3NORlVvR0JKaHpHSVFJa0k3SzhnWjRsSXVlZmtCMUlzM2lvUzIyQW41dkVqN0VFOHlpa192YlVacnZBNW1VWE9Ecl81UkZXNkZ2b0xweXhBVW1WOVltakZpT2tIalE4U1VQbGc?oc=5,EastMojo,"Thu, 30 Apr 2026 07:00:00 GMT",2026-06-14T20:35:40.295483,impersonation_identity_theft,True,False,candidate,https://eastmojo.com/premium/2026/04/30/is-mizorams-famed-healthcare-scheme-already-on-life-support/
fake identity Mizoram,“We are afraid to go back”: Refugees from Myanmar seek shelter and hope in Mizoram - The Caravan,https://news.google.com/rss/articles/CBMiggFBVV95cUxOQ2JqVjBYY2hoOUtqUUpyYUFra2RYcEo4MkJUNTViZGZjRFpjVmZJQ2tOS3VQNEpvLXVwZG1MVGpGeDJaYnJLYXdjUGVmbUFDVjZ3dWtMV1pfcDhMd0VLX0hJeVZQSG9JTmFhalY4eVFPdzdad3BOTW5jQjdrUDZaSmpB?oc=5,The Caravan,"Fri, 31 Dec 2021 08:00:00 GMT",2026-06-14T20:35:40.295496,impersonation_identity_theft,True,False,candidate,https://caravanmagazine.in/politics/myanmar-refugees-seek-shelter-in-mizoram
fake identity Mizoram,Assam Rifles to tighten security along India-Myanmar border to stop influx in Mizoram - The Hindu,https://news.google.com/rss/articles/CBMi7gFBVV95cUxQNTZaWjBwbnBnc2EyYlMxSGdvR1VrNjRDSHItZjU4X0lvdW40RDRpOThxeG5za0Q2NTFQUzdULW9PZ1RxVVhRejljQTdnZnAxOWNibzBKN1RiZUZ4Y1BjY3JVTUdLUWdoRk9aS0V2OGx2MXgxSzd6dl9kT19yTnVxZkVnQVp3SjdtWWo1cXZRLTI4SWc0WmlfWFR2UGJqTE1GR2dMM18yWmZBaEgxaW1lQzFNSU9xd3FHcWoyRkxSUXJaanlqTDlRRTlYcGxodFlEY2JWam1ndjdtNjYwNVJ4VG80d2s3LWFrTHRPN25n0gH0AUFVX3lxTE96NWJBV1A3TUlvQzdlVDRmMVJSRWpTLVFxTUNPaDFrdlZWZXZxaFlhelViQjVMZXZsQ3dobVRlYjNTM21ZOVpGcjVqMDZiSGhtcmxiQlZNZjc3NWJoWjNKSHp0Qm8zR1ZkNW5SYVdBNUNUWFZoUXBPWkJJNkk0bzU0aTVrQ0ZsSWhUYlI1eXUzbFFMekNDc0hoMGVNZXl5Sy1QeV9ZcVJ6bmphZC0yblJwTy01WDhwV1R1ajNFR2tpdHlnaHAwZE9oVU9NUmx4Ni14cnZYaXdiRXhFcDJHMUFnRmdEY2xTNkxjVFFQMnctSm1IUGY?oc=5,The Hindu,"Wed, 03 May 2023 07:00:00 GMT",2026-06-14T20:35:40.295514,impersonation_identity_theft,True,False,candidate,https://www.thehindu.com/news/national/other-states/assam-rifles-to-tighten-security-along-india-myanmar-border-to-stop-influx-in-mizoram/article66806644.ece
fake identity Mizoram,Indo-Myanmar Border: Assam Rifles to tighten security to stop influx in Mizoram - organiser.org,https://news.google.com/rss/articles/CBMixAFBVV95cUxOZ0pNd1l0S2pqWlA3d1hHejRncVFTQWVuV25EekdYSWtGYnVqZXM0bTY1OUVmZlg0WThPRmFHY2p6ZnB4TmJEVW51WmdJNnczQjdwaU5lNk1CM0FFZXFCbmNvZVRscEdRVDRiSm1Yb3pzVTMtdzF3U2xnUExJX21fOTNvQjVXZUNCYWR4MWVpUVFUOWVBd1ZsZlFuSW9PUm1Wal90WXdPVEp5QWZuNnVtb2tyZl9TU3Z1T21CN0c1SFlIRFFL0gHKAUFVX3lxTE9icU9BRHpXdmNUWEZNelpld2JrTUg3RjZReFVwazI3LThoeGZSd2dpSVZJOVA2YlVINU1BODFZOUVZbmtTdFVvalQ1SXo2dmt2bUFKRDBSM3hnTkJpWHU1LWI4djM3T1lLWTMzVm1wc1JxMThWTWtwcTh2Q1BvT1ZEcFVpZ3hHSnJrb2t2TmhDYWFIVE8yVkFTQTNHbEJ5WHNpX0F0bmxzQUxpQWt1VWhHVXJUV1BSalBpUHQwVUl6di0tRERTOWk4M2c?oc=5,organiser.org,"Wed, 03 May 2023 07:00:00 GMT",2026-06-14T20:35:40.295602,impersonation_identity_theft,True,False,candidate,https://organiser.org/2023/05/03/172180/bharat/indo-myanmar-border-assam-rifles-to-tighten-security-to-stop-influx-in-mizoram/
fake identity Mizoram,NIA Special Court Mizoram Sentences 2 B’Deshis In Anti-India Terror Conspiracy Case - Hub News,https://news.google.com/rss/articles/CBMiqAFBVV95cUxQZEptWXVUeVVvYjl5ajVWZElKck0yQ0d0ZGFuWG1iSGRyVUpLUXBlc1RFZG1DS20wWTczRmR2UXRHMlIxODRvcW94eWM2QXhCNk1aOGNOSVhIQVNhWl9odVJET3FNUjVpaFdSbFdhaXhuNDFLS2lWSURaLU1nZW4tOWhqb1RwOEw5aG9NVnpBM0UxczRrS2tGa0dEQjAxYnFYTFRvVjY4dFE?oc=5,Hub News,"Wed, 26 Jun 2024 07:00:00 GMT",2026-06-14T20:35:40.295617,impersonation_identity_theft,True,False,candidate,https://hubnetwork.in/nia-special-court-mizoram-sentences-2-bdeshis-in-anti-india-terror-conspiracy-case/
fake identity Mizoram,"In Mizoram’s Lunglei, students step into Deputy Commissioner’s role for a day - EastMojo",https://news.google.com/rss/articles/CBMitgFBVV95cUxQelFzeHM1bzZXQnBwUFlJWWcwR012VzRlTDRTcFdJV25HUjNST1U2MmFGR3pHWmRZQmJHdWM4eHFpbDM5TVFmOE5hMEUxMnZtZDhwTVJWcmFyeUJzeVA0MnFkMFFudmgycldhS1dkUDlNRlZObkE1RktOei1OdHR1ai1tMVlnNEhtRWVfUHFWVUlzelpkNzJOZ0JmU0NLZnh0dzNLWjE2cERHNDJiRVpJTnYzM3BLdw?oc=5,EastMojo,"Thu, 28 Aug 2025 07:00:00 GMT",2026-06-14T20:35:40.295677,impersonation_identity_theft,True,False,candidate,https://eastmojo.com/mizoram/2025/08/28/in-mizorams-lunglei-students-step-into-deputy-commissioners-role-for-a-day/
fake identity Mizoram,How a Toyota became a symbol of broken promises in Mizoram - EastMojo,https://news.google.com/rss/articles/CBMinAFBVV95cUxNMFVrS2hZbHBQMTFkWURRdEM3RUgwajIxNERvWWliMER5MTZZc3doQ0dQNEszc2FwN201RHhoUDE0VVJNdEJuVVNlbDM3MG9EaGh3b25STmpFdzNGOGlOdm9NWVhMV3FpZWNDLUY1X3RNX1ZwYjdFWTJzeTU3WlQxYWFXdTc0QUtFWmRMMExoQ3BoYTdCYktsWVZIWTQ?oc=5,EastMojo,"Thu, 31 Jul 2025 07:00:00 GMT",2026-06-14T20:35:40.295695,impersonation_identity_theft,True,False,candidate,https://eastmojo.com/news/2025/07/31/how-a-toyota-became-a-symbol-of-broken-promises-in-mizoram/
fake identity Mizoram,Mizoram rejoices as it bags India’s best horticulture state title - EastMojo,https://news.google.com/rss/articles/CBMipAFBVV95cUxONktvZWhheWp3bHVpaEVZWnhVS2RBUFlCWWczdFJUcDlHY291WGRiRG9VUTl6a3F2Tm1LNzVadVlHUWMtWG9vNVBENklERnZyZnpFZ240VGhnUU5YcXBwemhCU0JFcTZKQnRWSDlXOTFjclVDYW1iZE9abUpHMVo1c2FIcUdTVmpWLUVMUEJTZTh2VWxxQWVmY0lkYXRTUENSWTk3UA?oc=5,EastMojo,"Tue, 16 Jul 2019 07:00:00 GMT",2026-06-14T20:35:40.295741,impersonation_identity_theft,True,False,candidate,https://eastmojo.com/news/2019/07/16/mizoram-rejoices-as-it-bags-indias-best-horticulture-state-title/
fake identity Mizoram,NABARD chairman inaugurates regional office building in Aizawl - EastMojo,https://news.google.com/rss/articles/CBMipgFBVV95cUxNcjE2dUc4eGRKTzhYeTRSWUtrVV8waFVETGU5RXVqdkE4dnlwcGhNNnpMV29sbC1VX01KMEN1SERwalZYQ1RpNVV6OHhnU1FvUE81OWhQcnhKWFhxRXZfd1BLWTVDcWprUkxodEl1RE9rNk4zLUh4Sk9ncVNvSDBabU1FcmdhcTBGeGk0US1YOHAtQkk4ck56M2xVMm1INjU5cWZ3cEFn?oc=5,EastMojo,"Fri, 10 Dec 2021 08:00:00 GMT",2026-06-14T20:35:40.295775,impersonation_identity_theft,True,False,candidate,https://eastmojo.com/mizoram/2021/12/10/nabard-chairman-inaugurates-regional-office-building-in-aizawl/
fake identity Mizoram,"Assam Rifles, Mizoram Police seize arms, three arrested - EastMojo",https://news.google.com/rss/articles/CBMimgFBVV95cUxQVTMxblp0TFY5cm52QWZ2cGpLd2cwcWF1a2ZXNE9vNGU2R0tqOXVpamtQLVVsa3ZxanplaXdvT1FJcFV3Zi1vaTFNdUdZT2UxX055MVY4UWh5MHZOdGFpdDZpeHRJX0xONDFmUWJSNzJaYUkyc1dhX0poNS1MS2VyNWR5bllHUGVvbUh5a19NR09STnF4b0QzdEhR?oc=5,EastMojo,"Thu, 01 Apr 2021 07:00:00 GMT",2026-06-14T20:35:40.295797,impersonation_identity_theft,True,False,candidate,https://eastmojo.com/mizoram/2021/04/01/assam-rifles-mizoram-police-seize-arms-three-arrested/
fake identity Mizoram,Mizoram finds Myanmar refugees with forged Indian documents - EastMojo,https://news.google.com/rss/articles/CBMiogFBVV95cUxNOVBkQU9sWXg4cURUSld1OEhxb0MxWGtIb1BMM24teWlDNnYwM2cwNzZIMjlsSkpiOV8wRm1KM09JZzB0R2twUHNIUC1RVEFKVHY4VmY2R1JYTHNIODdPSG1mM2dzTWl5aGpiWjVNRk1tUEpaVUJhWmhVa2dNT1hiYUZZajNQZVhRU0hFbWFOR3FLaGxTUG1MQkh6ZlRZMXFuamc?oc=5,EastMojo,"Wed, 14 Jun 2023 07:00:00 GMT",2026-06-14T20:35:40.296122,impersonation_identity_theft,True,False,candidate,https://eastmojo.com/mizoram/2023/06/14/mizoram-finds-myanmar-refugees-with-forged-indian-documents/
fake identity Mizoram,"Mizoram sheltering 12,000 Manipur IDPs and 33,000 Myanmar refugees - Northeast Live",https://news.google.com/rss/articles/CBMiowFBVV95cUxOekJaeEp4eV9BRWV6UFUwVUl4azVMT2t5bHZmcjY4eTFtUnZqU2NGbmdsRE55SVVLd3FXcXdJeF9SLW81TUhQQWJDdVFyTWg4VHJRY1VJemhTYUZES2N5Z1Q0WFZRWXhrWFV0SUxwazNUYlBmZWZqLTVGQjRTaXFuZGtjQi1DOWo2cUx6X18wY0RwNGE4ZFk2MXVOQm1mSTdoSkdR?oc=5,Northeast Live,"Thu, 30 Nov 2023 08:00:00 GMT",2026-06-14T20:35:40.296133,impersonation_identity_theft,True,False,candidate,https://northeastlivetv.com/topnews/mizoram-sheltering-12000-manipur-idps-and-33000-myanmar-refugees/
identity fraud Mizoram,"AIR Aizawl a ‘Vital Guardian of Mizo Identity’, says minister during 90-year celebrations - India Today NE",https://news.google.com/rss/articles/CBMi4AFBVV95cUxNMndDSm5BWms4V2tsY1dDemRhMDd1eWkwTnhYT2ZwUExTWW9ZMklKaHEwdlFfeVYtWHh3Z21qR0dBYTMydVhJQTRZUzlBWUNMcFNFVktFOFYtd1Q0TXBXQ1lwOXJQM29SQldaLXFVX0VleFE0WXkyLW5GNk5GSTd3VTVBSWVtVC1SZFB1SjNfUkdxWWg5Y1dGckUwTjh5MUJPRlMwc0stVngxd1BobkZWTkllQWNGSmt0X2lFNkZaaDBpV1NZd1ZRcmRxYVRoOGJVUVlIWkhxNUNBMk8zUkFHU9IB5gFBVV95cUxQV0ZrTkVrUnAzZmVzc1h3RFlhREhVaDRseVQ1MzJoY0VPbFc0cG9IdGNybDVDZndpQktlRTRIb2xMVVlGZ3ctYTJCdW1iLW9WS2UxSjl6QUFKYUo5Wjd0RW5JSDZucXh6THUwZHZhckcyYlRENnpxenhoWWZuajdTQXZCMnZ6STVFVjF6MkJVa2FxTDZRUURUaXB4aTVRd25RYmoyeElHRjhEckVQd2lWMF82UW80UW52bnpXbTdMZWxDOTFnQ3dqOFdCa05JSTNsbUhHVzVBYU40TkdEbDY4XzU3eDRsdw?oc=5,India Today NE,"Wed, 06 May 2026 07:00:00 GMT",2026-06-14T20:35:42.228547,impersonation_identity_theft,True,False,candidate,https://www.indiatodayne.in/mizoram/story/air-aizawl-a-vital-guardian-of-mizo-identity-says-minister-during-90-year-celebrations-1387573-2026-05-06
identity fraud Mizoram,"Guwahati: Tripura’s Solar & AI Push, Mizoram Budget Focus, and Nagaland on Rice Identity & More - The Times of India",https://news.google.com/rss/articles/CBMi-gFBVV95cUxQSjl1RHVKczlGSGxkajA0b2Z0dVFoWm1fMkhyN2lvLXplRWgxb2NiUEJ6dmpLSkJjeThMZVo4V2piV3FqLUU4V1BqSFBZMEY2cXlWOEJRVVktZ1lBS3k5Rk8tOGxxSWF4c3JUaDhxaVZWNHh5OTF6WTZTcFE4b2o3WllaTm8zX3BpUGR0RDF1Y1NGeDFiM1JMSkNHOU05NUhRazVBVE41eDJrQnk1S0tReGcwSjEyQlg3ZzJlRnNZMEotMXhZdjFOcHJFWUJET0RXRnYyZmxtRS1GQnNiTld3a0VsSjZSSUJKMVpRMF95Y1RiMUkxd2p1THZR0gH_AUFVX3lxTE1BLUgwMktSZ3ZKSkJaQW0zeTFlcWJCNlZhcDQwMVBsVExIcWFkd3VGYUF1SmxYeTI0Q0dNRF82TGpIT3J0NVZ1aUJIdDc0c3B3aVpVX1ZRUjNvd3NzUTlGN052eDF5cHBMMkdHTmlMUlVqTHJNWUVnaWdEVnR1cEtXbEdTekhWSDdBblRzLVdBNndQdTRRVEVwVlZaQlhrVFEtMU16eXJiLVNYWEJYX2FqekltWDBQZFNqOUdyb2xOMkZISWpnZi13ZmIyVjljWl9MRzZaMUgtcjdPUGRNY2c1QkZERlAyUW5mdEM3X3h6OHN4enVubHo5S3FCQ3dlRQ?oc=5,The Times of India,"Fri, 27 Feb 2026 08:00:00 GMT",2026-06-14T20:35:42.228576,impersonation_identity_theft,True,False,candidate,https://timesofindia.indiatimes.com/videos/ai-top-news/guwahati-tripuras-solar-ai-push-mizoram-budget-focus-and-nagaland-on-rice-identity-more/videoshow/128860280.cms
identity fraud Mizoram,Mizoram contemplates confiscating IDs of refugees who often cross border to and from Myanmar - The Economic Times,https://news.google.com/rss/articles/CBMi7gFBVV95cUxPbHdPcTAwZERVUHBPdk9iWmRPUVJQQXhrcmJSMDFZUEVYNVJuMTBHcnFnZloyM3BHdGU2WUJFVGQwb1hSV1lINjlpV1R3a1VPcXk4enctblh1dVNYYjJNSlNkaUZna1ZlUDdaaUp4NHFVaFpQN2lTSXVWV2Zpc0RmX180WlBid1MtRWZSSVU1aUlJTnBxZ2xCYU5MYzN0eUhrSjVMNGpBUDVYYlhOMWo3REZva3RaR2dCQ2NpbmxKRmtUaS14cmpkUTV2OHRmcHlLSDZPN2hRU0VNWEQwMzltTV9YaWZqVWtvWGpsbWtR0gHzAUFVX3lxTE5UWXhlSzRaNkI1aEZlYWl5SjVvN3FoclhObDZwTDZhTGZXYkFodlRvRm9JelNYRmFja2NVWjJRVEpOU21pU3VXZU5PQ1pJUHpGUUltVFI1VDIxWE0xbncwbkEzclpqWk1wWUJvVkxsN1VRNml1MGJySzBhNmFxd2tLaWwzQXpqX2pmX21kZmdVVlkyTHdSamxFeDRiZWQxUTUzSnV1M19fVHc0MjlCaHdHRHFyUV9kRVRqRkdwZWh4R2hMblNRTFpiWUxWT1V3VnJJeWdZMmNMRUZUV1hkdzZfU2ZZODFLMncwVmZ5akl0S1hsRQ?oc=5,The Economic Times,"Fri, 27 Jun 2025 07:00:00 GMT",2026-06-14T20:35:42.228673,impersonation_identity_theft,True,False,candidate,https://economictimes.indiatimes.com/news/india/mizoram-contemplates-confiscating-ids-of-refugees-who-often-cross-border-to-and-from-myanmar/articleshow/122109538.cms?from=mdr
identity fraud Mizoram,Mizoram Government issues identity cards to Myanmar people taking shelter in state - organiser.org,https://news.google.com/rss/articles/CBMiyAFBVV95cUxOWjg3dXR6SXo0TXRqWE8tSDczYVRRN3lHZDhOYjBEc3NseWs2bFRzUl9YRmVkdV9GQXB3TnJwX1dOZzBNUS1qQzYyVWdjYVNBVlhvZzI0N3FmVWJ1NVZCa2E1czBveGxtdUJXZUw5bU1veVBqbzBBVzFDX01jUjZmUl9xbVVPaHNIMDFVVzB5RzB4YmJUN00xQk9wQmNkUEI2ZHJMZTRRSEZYN0xjLV9DT1FJdXhBS3NQd1pPR25ManVuOG54ek52bdIBzgFBVV95cUxPY2ZHNFpZVDhYak44MzFoV1ltak96bkRoQkNUbE1sSW5KNXEyeF9CaDd2dHhPQXlqeGM3cnJGZXMxcjl2blVobzdJQVU0anlRc1BTYjVuNEt0UHJPMTJmd1NhNzhKS3IwZ1dtYlhGVVJIX1V0ZUFrUVRsMzhfcnhWejlRNHBCTjBtaTVrODQyaDIzbWY2UkMxM1RqSnoyRVhteENNYmdPMTZNLS14cV9mU2NLV0JZRGVKUTBzbEJuUmRlaW5hS1BCMkZ1M2pQZw?oc=5,organiser.org,"Sat, 21 May 2022 07:00:00 GMT",2026-06-14T20:35:42.228748,impersonation_identity_theft,True,False,candidate,https://news.google.com/rss/articles/CBMiyAFBVV95cUxOWjg3dXR6SXo0TXRqWE8tSDczYVRRN3lHZDhOYjBEc3NseWs2bFRzUl9YRmVkdV9GQXB3TnJwX1dOZzBNUS1qQzYyVWdjYVNBVlhvZzI0N3FmVWJ1NVZCa2E1czBveGxtdUJXZUw5bU1veVBqbzBBVzFDX01jUjZmUl9xbVVPaHNIMDFVVzB5RzB4YmJUN00xQk9wQmNkUEI2ZHJMZTRRSEZYN0xjLV9DT1FJdXhBS3NQd1pPR25ManVuOG54ek52bdIBzgFBVV95cUxPY2ZHNFpZVDhYak44MzFoV1ltak96bkRoQkNUbE1sSW5KNXEyeF9CaDd2dHhPQXlqeGM3cnJGZXMxcjl2blVobzdJQVU0anlRc1BTYjVuNEt0UHJPMTJmd1NhNzhKS3IwZ1dtYlhGVVJIX1V0ZUFrUVRsMzhfcnhWejlRNHBCTjBtaTVrODQyaDIzbWY2UkMxM1RqSnoyRVhteENNYmdPMTZNLS14cV9mU2NLV0JZRGVKUTBzbEJuUmRlaW5hS1BCMkZ1M2pQZw?oc=5&hl=en-IN&gl=IN&ceid=IN:en
identity fraud Mizoram,Mizoram table tennis star imprisoned for drug smuggling declared innocent - thebridge.in,https://news.google.com/rss/articles/CBMikgFBVV95cUxPenhZT3dqdFQxNnd3aE9uR1BsVTRYQnpzQXdsNHhvaDVRb0NrbS0tQ1lCaWdvZEgwdXdJS2dlQmxqVVRreVFOb3lTVnp4czJaUWZ2bHFlVVd3dHZpaHpJZHdIc2RubG1mUlNtbFJReXBpU081OEhfOENOdTdVR2M5ZlduX0E1SDRDV3pwUVpDRURyUdIBlwFBVV95cUxNNTZiM3daenlIQ1FMaUM3WjZSekRrVlRLYkdhNzI5QjE5azRxbUU4OTczR1lib2hyMkQxY01EN3FPUEo3QjFQM1hXTWwxaE1XOERUWk1pTnZpY2k4VUQ0eVFrcmRfSVJOeE9wV3pjLTdYalQzdE5tT2xwRVRLX21pS2xjSXo4dFBhaFdFbXMtOFc3MnVEMWhz?oc=5,thebridge.in,"Thu, 17 Mar 2022 07:00:00 GMT",2026-06-14T20:35:42.228855,impersonation_identity_theft,True,False,candidate,https://thebridge.in/table-tennis/mirzoram-star-imprisoned-drug-smuggling-inncoent-30072
identity fraud Mizoram,Video | Mizoram's battle of ethnic identity - NDTV,https://news.google.com/rss/articles/CBMid0FVX3lxTE52d0dfWEM5RmNBWTJaMkJfZW9hYnpXYllldGFxMzBDaExRcU1EcjMzUEtyM2FiMW9wblFmUlctaHRhaEpuSEpyajB5T01WWC11dWZ4Z0hNTzUzUmVxRS1TNFdlQjB6Q2FkMDhvVjFFSGV6d2lkekFz?oc=5,NDTV,"Mon, 17 Nov 2008 08:00:00 GMT",2026-06-14T20:35:42.228896,impersonation_identity_theft,True,False,candidate,https://www.ndtv.com/video/mizoram-s-battle-of-ethnic-identity-44382
fake profile Mizoram,Mizoram’s Captain Sailo honoured with Kirti Chakra for bravery in Operation Sindoor - The Assam Tribune,https://news.google.com/rss/articles/CBMixAFBVV95cUxQWUFpMVRpN2NsQ1BmMVYxVEE4S2NDdkJ0NG52WlFhQVZlLVBuajA1SndFNmFnc3JaSGR1eDItbkthV3B3Zjh6S0U5ckNlNXMyU25IdS1xYzlqbFNCYkIzWXNzWm5CRnI1dU90elVHWmZQM1YyYlB5Mkp5cFRFaXZ2V0FYcVNSeVBaTF9HQ01NLXpNdE1VS0xrWU9uZjM5Tjc3UnQ2NTZfZlBZUXZhcEd6WWFZSng5Yjg2X0YtZlR4N1h4U1do0gHKAUFVX3lxTFBUN0t3NzBEWmV2Qk9jV01Mb0doUlpRbVBabFpJTUc2Nm13blVrOW9DMTZQYkRta1FlM19mZVhtVnNUSlpZQnFvUHJuRXlwOHBQZzhWbFNFYWJkNTJ1TWQybThmZHVTYzRCcjkyc3BCTk1Wc3RlcVFHVUNaNzBUUXgzNEFJTkRKbnl4RkpXajdEa3A3UjF2eWNxUzA5MlFrT1hyODVDZ3pvd3pic0RQS0x6RHZBbHdVN1RPMEdJeTV3TDRHRk9HY2NCU2c?oc=5,The Assam Tribune,"Sun, 17 Aug 2025 07:00:00 GMT",2026-06-14T20:35:46.013011,impersonation_identity_theft,True,False,candidate,https://assamtribune.com/north-east/mizorams-captain-sailo-honoured-with-kirti-chakra-for-bravery-in-operation-sindoor-1588509
fake profile Mizoram,Mizoram proposes official-level border talks with Assam in early April - The Assam Tribune,https://news.google.com/rss/articles/CBMitAFBVV95cUxNbTRNbDc3UU5sNm5XQnhtN1NYM3k3LWJ0NHVEMzRmb0RoMEVWZW4wbzQ2NFh0djk5QXBobGZaMW41bmxDN1VQbXZmd1JoMTYzRmhCQzlObFlYZ1prdVdseDJBSjl2aEY2YVJmc2dhTjBGMHpfTTFJaEJFSG1YNGFGOWlvUnlJQ0I5MGlJbXVLcjQ0T29vX1A2TnlBTDVENzl2elpmZWVqNy1WRFpDSHp3b2FCa2PSAboBQVVfeXFMUERuNEc0bTBrQTg0VlFaay1XaFkzOW4yYl9WekhVYnVRRXE2VWVZMVpOZkNkc2F5STV1LUtNSGJwanBYQTFlWTlPdThGbWxWb1dnM0N6S1VxaXhBMHFic3RvZkRFQmNZdzlIZk5sNnMxWVJHOGctNzNaTkE1VmY0Ykl0dmpfRFYyQjFfSzgtcFRjSjBJS2RJSFh3b1R3czM4eVJ2U0RtSFczSTNtODhRVVhBVjZPXzZfY1Fn?oc=5,The Assam Tribune,"Mon, 10 Mar 2025 07:00:00 GMT",2026-06-14T20:35:46.013082,impersonation_identity_theft,True,False,candidate,https://assamtribune.com/north-east/mizoram-proposes-official-level-border-talks-with-assam-in-early-april-1570679
fake profile Mizoram,Sharad Agarwal assumes charge as Mizoram’s new DGP - EastMojo,https://news.google.com/rss/articles/CBMikAFBVV95cUxQNEY2dkZrdDE3WjZNU2JmTnhGT3N1UV9MUEdFUEZtelFGOG1MNmZRT0ZmQnUyQmhSNmlpYXBqdjNsNDdXb2RsODRQM3VMWnNhY2duMmNpYU1vRW4yZk9uVUNwelR3YXktWnpWUFhYMjVrQ21pUlpNaHNxTXVJR1pna2xpRzFEMmdoSldGejMzc00?oc=5,EastMojo,"Fri, 01 Aug 2025 07:00:00 GMT",2026-06-14T20:35:46.013156,impersonation_identity_theft,True,False,candidate,https://eastmojo.com/news/2025/08/01/sharad-agarwal-assumes-charge-as-mizorams-new-dgp/
fake profile Mizoram,ED files charge sheet in Aizawl over multi-crore-rupee vehicle loan scam - Dailyhunt,https://news.google.com/rss/articles/CBMi7wFBVV95cUxPTjFPdno2ZUp0d0NjVGN2aXZGSVZpV2YzakxsejlsblBlOEd4Q0NUN3BjeGRxcW1IVElvMHcxMXdjNUNPVVJVcWQwUVNJQ1ZfQmtlVnEtSVlVRjZJeGNQR2ozYnR3cWNhTjRQVzhPMWhkZ0JFXzVuNEl1blVNeDhYUVdVTTc2bWNTWmtlNkVxS2hHUnUzY1R2WThDWi1tSm1yRnNFMlZiRkxEbUpZVGFxYjk0Vmo5ZHJJOUZlWjBhVXVVZzRWLXF2NUZQcXBhNUhMS0pPVGFkQzhudDcybGo4cFhac3M1eEF3Vm5uVE5KYw?oc=5,Dailyhunt,"Tue, 05 May 2026 00:15:00 GMT",2026-06-14T20:35:46.013166,impersonation_identity_theft,True,False,candidate,https://m.dailyhunt.in/news/india/english/the+sentinel-epaper-senteng/ed+files+charge+sheet+in+aizawl+over+multicrorerupee+vehicle+loan+scam-newsid-n710716340
fake profile Mizoram,"Man, 23, arrested for blackmailing women with pvt videos in Mizoram - EastMojo",https://news.google.com/rss/articles/CBMiqgFBVV95cUxQX0ZMSjN1Q2xpMl9OZlhlemYtb2RZcmJHUVZjYkQ5WFhmMXlBYTJXVUtzN0pycjlHREp5WUFUdmJ2dVlXSU01TVRnejFpMnc1NDB6Z283VUxjSjJkSTVhbWFmZGhIZ3lSSURvU05BLURiOWNYdEozYmxBSTRkX2FTMDFfN1RmOEJsNFlvbzhKMG5idWVDRDZ5R0pIb1JsSWQ5OHozaG55STc0Zw?oc=5,EastMojo,"Wed, 24 May 2023 07:00:00 GMT",2026-06-14T20:35:46.013176,impersonation_identity_theft,True,False,candidate,https://eastmojo.com/mizoram/2023/05/24/man-23-arrested-for-blackmailing-women-with-pvt-videos-in-mizoram/
fake account Mizoram,Mizoram police bust racket using fake court papers to release prisoners - The Hindu,https://news.google.com/rss/articles/CBMi1AFBVV95cUxOUzdTckx4M1FwYTRBQjhWam1fYUQtNGJJcFc0dVUwT0JhNmVXSjI0MXEwcDk2SHQybHJlcnZ6MGVJMWE4S0MyQjBtNzNwRF9xdkVrNzFTRlVYTU5HNGhTSXhqbzAydHJGdlItUFFibGs0d0ZfUm01SktvQVd6T2EzVDhzWGp4elZvZ3g2V1MyY0tCeVBkT2MzWjRWRlJiQkxOemEtTXRrLVBranRpMXhBUi1fOGhHUmFRZEZ4X1F6eUhVbzFxeXFKR0hISnU1akJ5MzlCWdIB2wFBVV95cUxOMnBTel9tTF9UaXhldXNpcEpWNy1IYlZ2cEpiTmNPNWhLc0VJeXlvZ2lnZ0IxUmM0cWhzNHkwLU9JdmdCSzNfbHVOdHZLM3RKUTZjdHhZVmdGMWwxODB6MDcyMG9UYnRPazQxUWpKZGJHamFVRWEzWlVKNFhZS2NuMTliSVlHRFZGV3o5a01MTnA1U29TT2Y2OXIzbDRsVTVUcG5MMHRIdWRRQjFBanN0LWNqYUZ0cm5EVWlpQjF1UDRXdzRiMF9vWU5EbFRIUGxwSkJtWFhaVW5MX00?oc=5,The Hindu,"Sun, 10 May 2026 07:00:00 GMT",2026-06-14T20:35:47.831680,impersonation_identity_theft,True,False,candidate,https://www.thehindu.com/news/national/mizoram/mizoram-police-bust-racket-using-fake-court-papers-to-release-prisoners/article70961469.ece
fake account Mizoram,"“Signed, sealed, released”: Fake court orders helped 17 convicts walk out of Mizoram jail - India Today NE",https://news.google.com/rss/articles/CBMi3gFBVV95cUxNSFU0OHRmUUJHUWU1cVJ6cE9rblBCcGhmWWNxUkRWeU5JZHllalZDRkF1NmdJTjQzUHpPbmFjbXFZTWV1MjNueVVNLXJqUndGcnVIMjI5cVB6NHhqV0xnMjFBM3dGN21abWFWZ2VLRU9pQkdrREJ5OTlWVktCa1NOX25hX3JONTN4amVTSkNWcDJfdmVMc0JURGpwMUJJM2ljdVU0dzhnaFU2Rl9abHZGVEVpSzBSWXEyR3Z0OVNwYXByVE5JOWNLa08wVGExWHloMHNDb3p6VWlOSXd2Z0HSAeMBQVVfeXFMTlB6blowcjBmVHk5Rzhjc0hSLXBLZW5qSnRtWHdhZGR3eGJuX1hkajl1a2RKaXBlcHlIM1Q3SWpHUGZTUmFqU2ZVTGhoSVYwV19laFFRN0ExaUo1VnRTTHBjamFsVFNDVEFtZjFITmoxb1dKV0hTanNodXlVS0QycHl5ekNKaXV6U19SR2V3NkR3aFhzNGowVDlXZjEtOXNEbXR2bWF2aGhnT2tVSU5nSEc0M2RDbXVkVzJQQURlQWNFTEViY1NpYW1naHhTa2RJM2xTTU1JMVBnUTN1anFKeDZ4Q3M?oc=5,India Today NE,"Sat, 09 May 2026 07:00:00 GMT",2026-06-14T20:35:47.831751,impersonation_identity_theft,True,False,candidate,https://www.indiatodayne.in/mizoram/story/signed-sealed-released-fake-court-orders-helped-17-convicts-walk-out-of-mizoram-jail-1389451-2026-05-09
fake account Mizoram,"Fake Indian currency notes worth Rs 25.20 lakh seized in Mizoram, 2 held - ANI News",https://news.google.com/rss/articles/CBMizwFBVV95cUxNZmxPeVpnMTQ2X1BNLWRzV25UT3BWczZMY05IZU54ekhFakF6eG1maHJyNTE4RGZ3OHVUWjROdXFNZlFVSTdxSEdwZ0VFdnFnakV3V2Nod3VwTGY1SWVrUDlKcjJFYUZOc0xLQzBvcU1OcE0ycUx4MTdFeTNqVWZYUjVDVDRaSVdEcVk0VlljS3l3Rm9lQ3ZUcUhtRjNHUlRTUG40aHJ0b3VwcmFseE9PZTJXaDlVc19NUW4zeUtIUmc5d0dMT2UwY0dNTXluVEE?oc=5,ANI News,"Wed, 17 May 2023 07:00:00 GMT",2026-06-14T20:35:47.831850,impersonation_identity_theft,True,False,candidate,https://www.aninews.in/news/national/general-news/fake-indian-currency-notes-worth-rs-2520-lakh-seized-in-mizoram-2-held20230517112439/
fake account Mizoram,"Mizoram Police Seize Fake Currency Notes Worth Over Rs 8 Lakh, 6 Arrested - NDTV",https://news.google.com/rss/articles/CBMisgFBVV95cUxNY3ZIRE1mQWxMSEdrcU91OUpmS3V3dzdUa2t2NFFRTkFLeWFmVlBCeTh1YVd3TEp3eS1sWVhDZlNuZldKbkNPTVJwcVBWdlRiVWdRS3hTLURCbFZrNWZtWTJEVFpXdVRjRzFfUXhlNEliY3FNd0hESjJuSVpMZHlYNWwxeUNVMFp2Uy0tWHRhY0dnUXZXaV81Wlh2ZE5DWGxBM3lVVVBaZEd5Y1F4MVpJXzhn0gG6AUFVX3lxTE10NUFlcE5MOEJabHlCdVNoTDlEYWFaNlhIQjI4anlIZnU2czZKSmNjellsWWhwS096eUJhOUxwMGtqakxrNUhQVXprRzJHcHRZUmdpdlBJemhjdDdLRnluVGt0OVk5M25vUHN0TmpLa2VreU1RdXpmemFzZGtieE40OUpOTlZMTXNEbzRFSWRTQ0N5QzRDdGFRZXRDaUdzN0VVQmFCckdrMnN3aG9ITnV1RmVzU0JmNFlOQQ?oc=5,NDTV,"Thu, 29 Dec 2022 08:00:00 GMT",2026-06-14T20:35:47.831887,impersonation_identity_theft,True,False,candidate,https://www.ndtv.com/india-news/mizoram-police-seize-fake-currency-notes-worth-over-rs-8-lakh-6-arrested-3646345
fake account Mizoram,"Mizoram: 6 arrested, fake currency worth over Rs. 8.5 lakh recovered - Hub News",https://news.google.com/rss/articles/CBMikgFBVV95cUxPdVNBU29hNDNKLXlqNWgtOUJvVFFQd295MHpheFZkZjJLWHd5UlRYME1lQ1g4XzlhbnFLU20xdmw5NjA3dF9BRTdUaWY1c3BzUVI4azU5R1NpakZORmxTb2dSSm1Nd3ViXzlTSlpEajI3OU5kVXMtZklzbnoxdTRmd2tnckxzVWtKTjJ0X3RvZGJ0UQ?oc=5,Hub News,"Thu, 29 Dec 2022 08:00:00 GMT",2026-06-14T20:35:47.831973,impersonation_identity_theft,True,False,candidate,https://hubnetwork.in/mizoram-6-arrested-fake-currency-worth-over-rs-8-5-lakh-recovered/
fake account Mizoram,"Mizoram: Fake currency notes worth Rs 8,52,500 seized in Champhai, 5 held - India Today NE",https://news.google.com/rss/articles/CBMixAFBVV95cUxQOHp0RldJY0owejFhZEd6dU9qUUZoTS1EOFN4elZjRG1wWVpmdmZYamZpblpMdHNPSEVUbHV4c0VvVWkxXzdWU2ozVWF4RFlMQ2JHUldpQnR4bHZJVWpYOTVVcmZELVkzSVdKY2VLSHVzUE5qUlpSZ1VwWnVyQ2dyM0laT3ROVTBIdVBZelAyaXJpUDdrZmcxYmttVjdvRVBMTmRvaU9fRmtfejFXN1JsbFVGb0pvejFTNWo4a2U1SWtRbGdC0gHKAUFVX3lxTE0xeXhhS0tsQnVNWmhYeWV3eEJmYkVEYlVObkNKRGhwbHloa21BVE5VNHZ1N09SOWtZOU9WSk91eGxRbzlHN3l6ZHA1dU4wV1IxbmZGNk1EbGIxRElxMXhTaXF6REcza2VIZE5pdFIyTmZTNEtNLXY2MElBVGF1WVBfMnJGQURGMWpOUURMM0p5MnpvZWNpa1FmenBqeUZrN0FaaWpFX2ZFNjUxNl9TclZUUEFVeWRyN2Vram5fSkFSRk1QeDNJckMtUXc?oc=5,India Today NE,"Thu, 29 Dec 2022 08:00:00 GMT",2026-06-14T20:35:47.831985,impersonation_identity_theft,True,False,candidate,https://www.indiatodayne.in/mizoram/story/mizoram-fake-currency-notes-worth-rs-852500-seized-champhai-5-held-489996-2022-12-29
fake account Mizoram,"1,500 children from Manipur have enrolled in Mizoram schools: Education Director - The Assam Tribune",https://news.google.com/rss/articles/CBMivwFBVV95cUxNWnlJN2NpSTI0VzNLOHByN3ZhTzhOUlVYREVEa0tDcU5CZzlpVE4tblN0RDA2VHQ3cEF5REJOaXJYVnNaU2hHcGFpSGFHd2dwSGg5b1dtZGJGaUE0aWlfelhTQXJrWE1WMThub2EyMXRzdlo5VWV0OFE5X3ppZmU0Vk5QdjdaV21QOW80TG5UWnhMNE5WNWVUZzgwUkRLcW5BSVZ4bTdacjJ3QXVJbDhKcUtPMTRsNDVYZEhlN2Jsc9IBxAFBVV95cUxQd3VsdHp1dGNJRHFMNlNPOGFYOGE0ZFNtZG5wMDUzOWJQRWZMWlZjMk9ycnVPaEU1dEJia043dXUwNWVVRlhJdjkwS3dzRm1hdEstTE9xeVpiaW55REtCTnZidzhhamEwMWNCZXMyOWtDblJxOEFfN3JCNnpCZXNna3FnMi1XdnQyNkpIcUNTaTRXVjRkTVRmc19lQjNtb3YtTXRZTHFvcDdXWHRnTUlXSEpQd3FWSnZyaGJfd2FhY080X1pf?oc=5,The Assam Tribune,"Wed, 21 Jun 2023 07:00:00 GMT",2026-06-14T20:35:47.832106,impersonation_identity_theft,True,False,candidate,https://assamtribune.com/north-east/1500-children-from-manipur-have-enrolled-in-mizoram-schools-education-director-1481685
fake account Mizoram,‘Fake’ claim slur on Mizoram - Telegraph India,https://news.google.com/rss/articles/CBMihwFBVV95cUxNVjZUcVNEb05paXBhSi1haHNJcmpnZGItUks2R1lMV3hvSjlSZjltajBaam1ONUN0LVNfdXozeTB0STgtS3NHRjBRNFpJLUh5MDBpdGR1aEVqcl9rWUctZ2NZM0ZGMFBMbF84V2FjSVFnZTZkSFZjVGdFamtJNEUycnlZT1Z0TUXSAYwBQVVfeXFMUGU0X2hjM1hScmVXLUtjRjdwd3ppdGliTzQzbFFSUEtfVDZua3ZJdnJWVTNhVFhhSFZRM1VuQjc5bUJiQ0FFa3dhSFdoSFBsN3NMaHp5eTNOanUzbjg2cFBzT2JYbUZBaWVlX1I1Y1pUVHEtT1U0dDZiTzFkQURETXFCVjV5bjJ3MFhyaFU?oc=5,Telegraph India,"Sun, 22 Dec 2019 08:00:00 GMT",2026-06-14T20:35:47.832179,impersonation_identity_theft,True,False,candidate,https://www.telegraphindia.com/north-east/fake-claim-slur-on-mizoram/cid/1729457
fake account Mizoram,Abu Mazumdar's fake ST Certificate: Cybercrime lodges FIR against miscreants who made it viral in Mizoram - Barak Bulletin,https://news.google.com/rss/articles/CBMi0gFBVV95cUxPSndhN3l2cE1nV2paMEtIbjI2SlE4OW5HTDVjUWtXWEctamprVV82YVZBY3BWMVV2QVpVY0RTWUdZTTFrTm9KWXVVZVQ0ZExwRndSR0FyZ2dpN0dRbEZHSlB5YTYxTFExUWZpR2pOeHNyTHJSRkk1ZHNLUHRRaTB0WV9Kcy1xLU1pLWJvOTJTVi02d2NNNXd5Y0xWYk1lVTZhc2t2S2tnSEZ5MTcxa1JvSk1wM1g4QjhjZGtleFM2bmRLOXFkdEtURmY1R0hWdVFwQmc?oc=5,Barak Bulletin,"Fri, 11 Feb 2022 08:00:00 GMT",2026-06-14T20:35:47.832239,impersonation_identity_theft,True,False,candidate,https://barakbulletin.com/bn_BD/abu-mazumdars-fake-st-certificate-cybercrime-lodges-fir-against-miscreants-who-made-it-viral-in-mizoram/
fake account Mizoram,"Mizoram: Fake Pantop-D medicine in market causes panic, Health Department says don’t worry - India Today NE",https://news.google.com/rss/articles/CBMi3AFBVV95cUxPRjdOakRjUFlGU2xOcGlnUVdjMElDNm9kSm5ya3ZZaG1NNnE0bXgzWXFydk5Jek1JMk9xWVE3eG9JQ0JIUEQ1VF83ZWNBWUNkb1UtRFhkYnBuUUVFUzN5dFM2NVhrM3E0NEVFODctQ1QxRmZyTTJ2aGN3WXJ1RF9Zel9zbmpFM0J4X2k0SXFZTEZrTnZkV3dMbWxKUEJCVVpRRlFiTkotOFlENlFoUFFEQ2xLZzU3Y3JWNldXbXZEV2ZGN1RhdWR4aUZ5cXFXM2E2SjNyOEtaQmpkd0dR0gHiAUFVX3lxTE1sSEV3Y21FWjYzaGJpeE9OWG02SV92a0g1ZnlSUGJwUlpyY3gwYTVpTnVwUk9NY09oY3lZTW1ZcmZFUzBIUEl1LTNDMEgwV01VOWpMdGk0SnRQUUdhWGJCMWZLVWwwUjMtTEN1QzJkMzVyNUxoVFRtbFBNT2IwLWU1NXktOFlfUWtCUVVGMzFCdTQwX0NsZnVLX3FxQnpJOHRSbHpKMy1wYmgwTlFndVRqVjM2cXdRSHE4NkVkNjRVQ05RTVdLbE53S2owNDZweVZhVlR2SXdyQVVtRzY3ekZiYWc?oc=5,India Today NE,"Wed, 02 Nov 2022 07:00:00 GMT",2026-06-14T20:35:47.832378,impersonation_identity_theft,True,False,candidate,https://www.indiatodayne.in/mizoram/story/mizoram-fake-pantop-d-medicine-market-causes-panic-health-department-says-dont-worry-465730-2022-11-02
fake account Mizoram,Chakma groups denounce fake news of Russian nationals arrest in Mizoram - NENow.in,https://news.google.com/rss/articles/CBMiuAFBVV95cUxQNnU2SFZ2VV9oaFN4eWNrV1pFTmNzbTdoVVNhV0tLQlJoRU9UY2JfM2x0Vjg5X05KcjJkSWhBWjhxczJUQ29Nc2ZSSG9qQXJVMjJ6MHR3V3ZYcGFBRDdUaFAzR3ZodThlTFYwQ0o5U2ZXcTVTZFQ3Umlob0FGMDBFYmQ0SGhOWGs1VmtBM1B4WHYtNDNJUnRYU1NCVzJpMTJuNGd1WHlHcWVURVZyRGxZbmY0OG4zb0050gG4AUFVX3lxTE1IMVVPTXFXdDRNdjRBYWIyQjkzNW5SZmFsMjRJaVk0Q01zYzc0Uzg0QVlrdXI5X1d6bU9IRHFMZG5KWjFTeW1aeVhzRmZYSEpFeXczY3lfT2xiZmdwN3FMVDNhckVBb3k4ZWpDaWpqbnRLTHQ3bVo0d09SUkFnUWo5NzZoaUwwNXJSWnRjMzV5VGIzTDFId2twMVRfYkVYRmcwd1RtdU01bmFlbFNZS2lIUnlPX1Y5T0Y?oc=5,NENow.in,"Tue, 31 Mar 2026 07:00:00 GMT",2026-06-14T20:35:47.832514,impersonation_identity_theft,True,False,candidate,https://nenow.in/north-east-news/mizoram/chakma-groups-denounce-fake-news-of-russian-nationals-arrest-in-mizoram.html
fake account Mizoram,"Fake currency worth Rs 25.20 lakh seized in Mizoram, 2 arrested - Northeast Live",https://news.google.com/rss/articles/CBMirgFBVV95cUxOMGkxLXcwWmpYakVWMHh6dzFJMFVQQmxlRkx3dGZmV3Q3TTMzSm1WLW95VUNhdEhLQ0I3M055eEJuWTJvMjFnQWJBdGZ6TDlyQzFmYkVuRGZhdGVCNTJmVDBaU0RyQ3kyWW5wcGFsWDRxVzdmWG5KSTVHc194bXpaQ2VjTlVrMTRKUTJzbk9zQ0VWcGVxV0ZEem5OQmwyZC1Bc2VQd1VxdmJsa3BLMkE?oc=5,Northeast Live,"Wed, 17 May 2023 07:00:00 GMT",2026-06-14T20:35:47.832551,impersonation_identity_theft,True,False,candidate,https://northeastlivetv.com/around-ne/mizoram/fake-currency-worth-rs-25-20-lakh-seized-in-mizoram-2-arrested/
fake account Mizoram,"Mizoram Police busts fake currency note gang in Champhai, 6 apprehended - Northeast Live",https://news.google.com/rss/articles/CBMiqwFBVV95cUxOYkhxRVVJU3hUSWRmMDdmeTF6czIzTmhwYjl2VGJWMUpoOWRfLXdacVhZOURabFF0YzlqQ2NBWU1ObTJXbkpoTTFOczhFZWpjWGxNZkpvVEg4eEg1d2JPZVpkVHNFSTcwNHVmcEEwb2FSUEN1YWsyYzhjMUtBYjBGZGJ2M1V6ZXNzbGE2aV80cEc3TzE0WmFpdDVqZkxqMWh1aUtxajM0YnRmZmc?oc=5,Northeast Live,"Thu, 29 Dec 2022 08:00:00 GMT",2026-06-14T20:35:47.832578,impersonation_identity_theft,True,False,candidate,https://northeastlivetv.com/topnews/mizoram-police-busts-fake-currency-note-gang-in-champhai-6-apprehended/
fake account Mizoram,Mizoram Finance Minister likely to seek second vote-on-account - Zee News,https://news.google.com/rss/articles/CBMivgFBVV95cUxQcUhPeGRlbEFMS2RPdTdUcUhBbTV4Tkh1WnM3TnZqUlNPUlc0R21EeGRoNktOaGxSVC1aLWc1QkpPYjJySU8zdzItNmdzZVVTMmY4aXp3X29wU2tYMFhPNURicG1iMGZDZ2Z0OWZsdVlOeUh1d0lrODJzRlhxQW0zSTJmOWdaNG84eHAxNXhmdWVOVnhzQUpxOU54TFhkdTA4T1JZd3NrVlhoX01FSG9hTldHVXUzaFNDbWIwOUl30gG-AUFVX3lxTFBxSE94ZGVsQUxLZE91N1RxSEFtNXhOSHVaczdOdmpSU09SVzRHbUR4ZGg2S05obFJULVotZzVCSk9iMnJJTzN3Mi02Z3NlVVMyZjhpendfb3BTa1gwWE81RGJwbWIwZkNnZnQ5Zmx1WU55SHV3SWs4MnNGWHFBbTNJMmY5Z1o0bzh4cDE1eGZ1ZU5WeHNBSnE5TnhMWGR1MDhPUll3c2tWWGhfTUVIb2FOV0dVdTNoU0NtYjA5SXc?oc=5,Zee News,"Wed, 17 Jun 2015 07:00:00 GMT",2026-06-14T20:35:47.832675,impersonation_identity_theft,True,False,candidate,https://zeenews.india.com/news/north-east/mizoram-finance-minister-likely-to-seek-second-vote-on-account_1614916.html/amp
social media impersonation Mizoram,"Eat local & avoid food coming from outside, says Mizoram official - The Times of India",https://news.google.com/rss/articles/CBMi0wFBVV95cUxPdmZyVWVSLUVVZUlKdldxNG9nQmxvNHphX2Y0Skg5S21Jc21iR3VDN1RJcWRxUUl2WDhvTXZibkJuNDhseE5OalhKbHdLOEswVmJUZDc2ZW5meTRRb1VoaHpRclM3RXBHQTNxeEwyb2tNUERXcUhnaDJGd0JNVl9McnZGV1VtaFdob2pXUHA4T2tacjBFRm14NWJIVFZqcUZsTENCS1pDaHhYbk5MQVIyWUREZ2FGM19vMW5aV1B5cWhXMHFWSnNTRHRyRkZzYk1hVDFF0gHYAUFVX3lxTE8xOU9WOXlfZUh2NHg2VEhOeU1jUmlVaEFwMjVtN3FBQ001N3E1VWpvdFJEbXM0ZVRvQ1FDYkx3aWhUcHdCcnI4LVlNVld6bHoxYnVmcnJHY01vUXJsVGVtSy1FY1FrazNNVXVlYmxfOUd5aldXaEtDT0lOeTJkUDdUVjFVS2ltZmlGbF82c3A4RlVFclNPY3lmRE5KeVFEUmk3elhDUTFMMjVsWTQ5dURubHBXX2JQVHFnMW9UMEdrZlgwdUNjTVpQU2RTSkhOYUMzSXJmV2RPTQ?oc=5,The Times of India,"Tue, 10 Aug 2021 07:00:00 GMT",2026-06-14T20:35:51.130480,impersonation_identity_theft,True,False,candidate,https://timesofindia.indiatimes.com/city/guwahati/eat-local-avoid-food-coming-from-outside-says-mizoram-official/articleshow/85199902.cms
impersonating officer Mizoram,Mizoram CM reviews hydro project progress - The Times of India,https://news.google.com/rss/articles/CBMiuAFBVV95cUxOYjgzdy1xNkhuRWhoUG1sMG9namR1MFB6NjdrcnZrc0d5bmYxZnVkUVE4UVFjSzl4aGE4Nk1oZVpTUnZxLW02RGVNbVhUY3c2VENmOHQ3RWtmQlB5a1lCbmNqTEpFRV93TVdOd0tsSWViNl9aVmVUZmM4bGJaUWRUWkdnZ1ZFbkthWXZBTlk2Sk9rY2VFdFVTblR4SWxCNjZhWUsySGFUbF9CeHBrYWJTTmxiYWRLYjlz0gG-AUFVX3lxTE0xX0JfOVpTSnlYNmVlSU9HdklCTUk5a05QWWZ6YUhfMnZDOXFnUmRDMDZKUW9TWlJscXVHMFZsRmktZGp1bnFiZ2VraUlsMHhfVzJZWF8td2YybUJpVF9RcUw2Z0tVLWxjdndkSnFQLWFnMTRNT3hqTzBfRlJXRUxmSHRhQnUzV1Y2OEFjYTFDVEZFdnd4VnBqRnJZeGRTN1ZHcmVYblE2U1UwWVFrcENDb0tqMmxBZEJkLXpnYXc?oc=5,The Times of India,"Wed, 27 May 2026 07:00:00 GMT",2026-06-14T20:35:52.696124,impersonation_identity_theft,True,False,candidate,https://timesofindia.indiatimes.com/city/guwahati/mizoram-cm-reviews-hydro-project-progress/articleshow/131357567.cms
impersonating officer Mizoram,Rajasthan native Khilli Ram Meena to be Mizoram CS - The BuckStopper,https://news.google.com/rss/articles/CBMiUEFVX3lxTFBzUW1ReWVKNVJlQnZSU0dqQ1BTQmwxY2cwdTRjMTNIa0xSSkhEanNYM0F2TnFmWF94dDVIR3REQXNfb3VJbW1zVEtaU1FLckpO?oc=5,The BuckStopper,"Fri, 22 Nov 2024 08:00:00 GMT",2026-06-14T20:35:52.696213,impersonation_identity_theft,True,False,candidate,https://www.thebuckstopper.com/19343-2/
impersonating officer Mizoram,"Mizoram throws up 2nd species of coral snake in NE, 10th one globally - The Times of India",https://news.google.com/rss/articles/CBMi3AFBVV95cUxNN2duenNnOWFGZ3lFci1XRU83NEN3dGY2YmxBTGstUlVkV3JlUHhmdmhCaE1PWlVSYXRlcnpTR0ZIc3RGeW1JRG12b09EWm9QaWE5Y3VQcWxlVnVUUXBoMEdYYzRMSnpubHphY2V5MmR4aFNJOXlvTlBTcURqVExmeWp0cnR3X0pHNEZKMnBoQVhPdGRRUzR1aG5hRVVHRzVDVV9RQ2dEX2w2a25Bam5iMFJaT1pnYnpzczV1WkI1cGx2WFhZb2VGX3RURDZER3pwRWE2bW5RbTRpX0FR0gHiAUFVX3lxTE1aS2hkd1dIUnVBUng1SzZZZmpKS0pHU3g2Zk5nNmhIVEVRVG5lLXNOWkpIck5ENFl5ZEFiaGVBNUthN0xJcWJLZFNtVXFGNzJwNS00Ykhjb2ZaLVFKVWhwLWlkQUZCMU13M3ZiUFZDS0VfSC1IMDhBWkRrbzZEWWVKdWNPMGgwWVYySExDNGxvX0wwMUJ0Tk1aV21WMGhjbFpaTkZ3REdwcFMzU25KV2doeERBVHdzTEk4LUozVEEyYmhMMmFuWDNmR1VXaTR5Qms2clVIWDdnN3pyMVEwaGlJZVE?oc=5,The Times of India,"Fri, 12 Jan 2024 08:00:00 GMT",2026-06-14T20:35:52.696253,impersonation_identity_theft,True,False,candidate,https://timesofindia.indiatimes.com/city/guwahati/mizoram-throws-up-2nd-species-of-coral-snake-in-ne-10th-one-globally/articleshow/106756358.cms
impersonating officer Mizoram,"In a first, Mizoram Sainik School admits girl students - The Times of India",https://news.google.com/rss/articles/CBMi1gFBVV95cUxPZm9lQmluNFpYaHpVRUV4emlsX3BpeFViSWJJZTNBc1Q2VmhSY0E4OHFVVGNOWGpnZTk3RlVncGMwUXpjNlJqVWl0NEZ3aFN4eGpPRGxpUDhrZDZuQUFfYndJVjB3eHRMd2xJbkRFQ0MxdXpxWkIxcGpEbjZDeFlMdWVDc042YzlyTWF1WUhQa0czbjREYlp2eWxfUExtS2JkQTJDb1M2TlZncF9BNndQeHJ2aWhCY1BNQTRLQnN1ZkxjcHlqeVgzem5HTnYtbnJQRTJoNGJB0gHbAUFVX3lxTE1odVMxTkNJZWdKclJKQkpzS05PTWF4R3NaYU0zTFM1N2o2cHNuRzNMUlhmQ05UOFJRb0hSV25mQ0NCalRmV1VsYThWTUF4cGMxWno5QnJpLW10WVF6LURONzhhS3psN1IyTUpNd3BOVEE2MzdZQTdfNVhLUW1iMkVJcVVSbHZuazJaMFVrYVh4T3hxZEdSbnpCb2lrUkdzUTJCNWphV21QcEZIWlVIQWludGZ4RzZTdmxDeE14bHV3bm9zVVZkZ2Rwc0pnWmpnYk1yNXpRc2IxVE9WNA?oc=5,The Times of India,"Wed, 06 Jun 2018 07:00:00 GMT",2026-06-14T20:35:52.696344,impersonation_identity_theft,True,False,candidate,https://timesofindia.indiatimes.com/city/guwahati/mizoram-sainik-school-breaks-with-tradition-admits-girl-students/articleshow/64472712.cms
fake cop Mizoram,Mizoram cops seize 46.23cr meth; 3 held - The Times of India,https://news.google.com/rss/articles/CBMitAFBVV95cUxPSXFNVG9IemlwbjBlZGx5X1daT2hzbjNSaE8xS0pkdEpuU1BwNTY0NkJlbDg3VlZXSTNLanRwMkxhV3Z2YU82UjNUMzlNbWFlRGlfQTJwVGpZSV9xeUtWNFhyQW5OeExDUlZOMUpsNE5iVkVaR2w3ZHZRSDkwNGhHUkxIcVJKNjZLVFFiQlZ0b0RyaXB1aXNPQjNrT0NvR1U3RHliSm5rUHNiQkVMZ1pNTXdEc3LSAboBQVVfeXFMTnRaNG9NWGI2a2JkTE40RnhKMDZzOU9wTXpieHlacmhVZzJYTDg2RXhDa0lLRlVnd3liN2xScmhzV3RsejAtZ2wyM1Q0VFRIZmF4SEtFVmNKSVl0MmF2STlNRFZNMm1nYUdzNnROS1diS0o1S3pKQ1BaUWFxUXlSX0VlNXY2WTA1czZ4MUNvOG45VTRVZE9GMHNHT0RsdkNpQUVwWTBveDRpT3Zsa0VSa05XRHhmdzRqRjB3?oc=5,The Times of India,"Wed, 06 May 2026 07:00:00 GMT",2026-06-14T20:35:54.641437,impersonation_identity_theft,True,False,candidate,https://timesofindia.indiatimes.com/city/guwahati/mizoram-cops-seize-46-23cr-meth-3-held/articleshow/130866791.cms
fake cop Mizoram,Mizoram gets new information commissioner - The Times of India,https://news.google.com/rss/articles/CBMiuAFBVV95cUxQVWNIY015VFZRZnVaMk9MUkRiS3pfQkxNTlNhU054ZFdvaEctcEc4TTVBdDVVWXpGa21jeV9nZVJuYmVQOC16RUxIUWZjNWZySUMwQVFoMHEyY2pSU0JENGxzUzZYVmZiS2ZwZzZVRG1oaDl1R2YxckUzTEh2eFNyMS0zRTlGbGVQSDZhOWdJLVBOX29UckFRS09UWWxGaUZNc1hyUTNOWDVoYkpheFlpNDg0Y1RMR3dm0gG-AUFVX3lxTE03VE5ZUUtBVkgtajRqdXgzVkFFY1dQdTB6REJ5TWUxUU1zYmlzMTVwdmhqSDJMZDY0SWI1OWlZMnQ5WXNIQV9GR0g4RktCRlU2REViQjd1dXhUR2JyMV80d0hVQUtTQ3YxZmZOOWRiSWtlSFFCS1A0T1JGUllaaDBKbk1kSlIzWkg3Tmd3cnNuQUlmWXV2MUtGVEdTRnp5Ul9yU2JwMHNvajhUQTE4Tl9QZk1UZnBSTUJmTUVnRVE?oc=5,The Times of India,"Sun, 01 Mar 2026 08:00:00 GMT",2026-06-14T20:35:54.641567,impersonation_identity_theft,True,False,candidate,https://timesofindia.indiatimes.com/city/guwahati/mizoram-gets-new-information-commissioner/articleshow/128924244.cms
fake cop Mizoram,Cops destroy poppy plantation in Lawngtlai - The Times of India,https://news.google.com/rss/articles/CBMiugFBVV95cUxQQUxqLTdwUzZaWjJZdi1TNzAxZUZJdWtLOGpGMG5tUWZadnlsR2Yyc0lIeXprSmlqYldOWmJlU0FxeVQtaWs1RUpiSnpGYlhEcGNoSUZEYzFaZ0U4VE1mTVlXdmdyOGhYNHdSYVd6UVVBY285dmhiVWc3RnFRTHNwaGVYdXhfRGxTdEN2VzJnX2MwMUphTldlbzNZemxaWnpTWERVODdwSmlJeDdEYWs3ZGlIWGRiVDFqRVHSAb8BQVVfeXFMTWtFVG5jazhiNmh2blF2am5PWFhqZ0dLTUNzOGZMcVhVXzl3enV6Tk82aVZxZTNVWVpqeHVWa2pEcjVVMnNLLWlxUGR6elRXUVJONzQ5ekpxRHljaXBPNTR2V1FFSGxaZklsMTY3VUpuaGMzTHlWQ09RZTFpaHFIY3NSRUNYNnlOZllUTmFMaUppX2ZCNEYtNG5KaGRSeXBJSW56OGVZMW5QdExCSWJnZnhsZm5OeE5UY3Jldk5PVFE?oc=5,The Times of India,"Sun, 01 Mar 2026 08:00:00 GMT",2026-06-14T20:35:54.641594,impersonation_identity_theft,True,False,candidate,https://timesofindia.indiatimes.com/city/guwahati/cops-destroy-poppy-plantation-in-lawngtlai/articleshow/128894727.cms
fake cop Mizoram,Mizoram’s Aizawl gets its first rail link with completion of Bairabi-Sairang broad gauge line - The Times of India,https://news.google.com/rss/articles/CBMi_AFBVV95cUxNajByYVF0S0N6amVlZnhWSFVzVWJhQUhPZFZZVmV3elVQZjQtMG1WYlVlVEt4Q0J4blUzZk9DQTBfRnQ0d1lkdTVQNS1fYWc3X0N2QWhhVnZCbHJUUE9ocjhxRjF5b2lMMlBLeWtnSE5JSW9EY3BOSjg4LXVVQ1RZZWxUZi1tRHlEY1duTlBXS3pCZjJPWUdVNTh0bFYzWEd5ekwyMDBuTlhvNlFqYUt0UHpHbGtvMldLaXlXT2hzcXI0aFFWZzQyb1NKT18xZk9IRWVEYkNITjdELWdBU1VyTUtOclNWa2JONFgtRjk0T3FOcEhLZHdzeVE3d2rSAYICQVVfeXFMTTN0NEhfVGtlRW9OM2lyY3o4bklPeXBGMjdVeE9aUGoxYW9MeG44bDIySHBySGdndjRHZ0NtX1JLbUM0NXQ2LWNrQkxqRVEza1dKckZsTVVGTTRrWjZlYThwRTNxY1BwSjIzYmFCVE1wZEwzenJ0V0U3aFEyMEVBeHNNMTkxSTVsR256cmFSeXVORV9qWm92V1kteTBhME9qS0NVei13bmlhWXl3bjFwcTJxQzNPTlA1NGUwYzdWODdoWTdSaGlobF92LVNGcG1iVXk1T2xVOEtXRTJDY3BicnBuWDdnMnIyZlU0RlJKeVRuZHpWSDN1Z0NPSFZOVG9faUVB?oc=5,The Times of India,"Mon, 30 Jun 2025 07:00:00 GMT",2026-06-14T20:35:54.641667,impersonation_identity_theft,True,False,candidate,https://timesofindia.indiatimes.com/city/guwahati/mizorams-aizawl-gets-its-first-rail-link-with-completion-of-bairabi-sairang-broad-gauge-line/articleshow/122155074.cms
fake cop Mizoram,Mizoram: Zoram People’s Movement MP candidate files his LS nomination on Friday - India Today NE,https://news.google.com/rss/articles/CBMi1gFBVV95cUxNRTVPTDVIWlFmOGQ4cElwNjVzbDlzTzJPT0loU1FLNmJTNWpjeFBENUZIUG1LckZXcW1WOHhiaW9zMGlwekl5UzhZSklVT3VPWTNodlZaVXdVcUlzTnczeDNYTlRTSG8zLUhLRVdtOE9lejBhN1FOWXlzX3N2ZlFjSDZMVkxSV2FOZHdSbDZ3Mk5JTnIxT3ktMWJpY0hjUzZxMEdDUFR4VFpieXo2cWRveDVISWhuNTNpOC12bXFhVG5OSHN2VGV5U3k1dnZWeXB2MHcxNWFR0gHbAUFVX3lxTE1SX0V5VkNMY01wMzZleGgxWWxHLUE2ZmlrTThZb3A3N3ZDS0VrZi1URUhzdGs0TUhuNU52Yk5DLWhKUUhTejBRVHNUZlVrQUVqZTVyaUxCN2xiQXFxcXN4bTdUUFJxdUhGdFRMeUlTa0EwaExtZVJoM2NMTnViQUNidjFQSzJQOW5FUW90NWxvbFRVRFU5OWhMSHhhaThUMWRIeEFpUlRCVlRsTG9ja2g4WElDYmp0UTFHS0FoREFXVGo1X2Y4S2otUjZmRHBWTTZlWTFfZE41NW9HTQ?oc=5,India Today NE,"Fri, 22 Mar 2024 07:00:00 GMT",2026-06-14T20:35:54.641691,impersonation_identity_theft,True,False,candidate,https://www.indiatodayne.in/elections/story/mizoram-zoram-peoples-movement-mp-candidate-files-his-ls-nomination-on-friday-938394-2024-03-22
fake cop Mizoram,Mizoram set to get a new CM face after three decades: Who is former cop Lalduhoma? - The Indian Express,https://news.google.com/rss/articles/CBMimwFBVV95cUxPUDRyNEtaMjBScjFzS1NJd29CWnBvYWVHdVg2YlVodmowcFRhWERBSnc3T0hYQUVSYWFTTkpmRHNhc0ZpbjhtTjZwVW80bkdSUEtaNjBOckRDZGdKa21OZV9TWllCR3NyWU5XdVpPcjFYN24xOHp4bjNPMTh1NE1vUWlqbjdzV2I3cG1LVEIwYllaenVuZTlRajQwQdIBogFBVV95cUxQcnJNcHZ2Y2NkRGpSWW5mM18yb3Y4NlFkMzlRLWg0Z0lZbUpFNHMxb0xnMGhWckNGUWFjQW5vejdrR0tyMG9STEtjR0hJbVMwS2tMclppOXBkTXRubEdyYmJkc0gySXVHd1pnZFZjTndKNF9oTzJRNGgwVThBUS13a2gtcHJCemRyNkxibDlJcV9MUjNWS0FuVkw3Q3FaT3F0eWc?oc=5,The Indian Express,"Mon, 04 Dec 2023 08:00:00 GMT",2026-06-14T20:35:54.641703,impersonation_identity_theft,True,False,candidate,https://indianexpress.com/article/political-pulse/mizoram-new-chief-minister-lalduhoma-9053809/
fake cop Mizoram,Mizoram traffic police ‘punishes’ a driver from Assam unlawfully; video goes viral - India Today NE,https://news.google.com/rss/articles/CBMitAFBVV95cUxOX0RvbWRwVUlhelhGRTVobTQ5N0liUVVBZWpUd3haVXJoS1VlWHlHZXNRYXIwc2tRNXo2SzN6UlBRaVRweDcwUmJUU3VEMFFOSlFDZTdac3FXRHJZSl8yeW05VkxmbTVMbW9ZOWhYaDlGYXhoX1lZckZXbFdIQmJ3TE54bTRyVHJYZDM2bVF5OWdXbm5ZSnpLOVNFMlkxZk1WRHc0d1QwTy1ET2NGSnU2YnRKZ27SAboBQVVfeXFMT2E1V25hWi1mZFNmT25mdzhQNWRZVXFXWW9zbFljYWpkcG9tM3V5ajQyemFRaFJQbWx3ejJfWXNJN2lJT0p0ZGl6NFg5blNmLUltanduTldWdXlDTVJwcktqQjdKSC1ZWmozNnZFQWt1WkZpWlRuRHFHeGQwX0xXOTZqX0puaDJrbEx0dlhGR3ZjZUkwSGl6OXRESnhYdGZoci03SEtlMTRpcUJ4WnZ5SG1Wd3dVYzZqQm93?oc=5,India Today NE,"Sun, 18 Apr 2021 07:00:00 GMT",2026-06-14T20:35:54.641764,impersonation_identity_theft,True,False,candidate,https://www.indiatodayne.in/breaking-news/story/mizoram-traffic-punishes-assam-driver-unlawfully-415928-2021-04-18
fake government official Mizoram,MZP accuses Mizoram CM of favouritism over re-employment of retired official - MSN,https://news.google.com/rss/articles/CBMiwwFBVV95cUxPWC1VNUMwdjFENG85RmVKczJKWjJhSWU1clFWZW1peGRoalQxVWlPcDc5RTNnUDZQWWl1dktwU0dWUlJSdGNKZTVZZTBiNkZRSFREYTVBcldpU3NlVVpuV2dudTVLM3VuRUlocnM5R2pGc1A4NmUteDVWRWY3VU1LVXBtMmJNY1A4OG51S1NEWHpfc2lSX3hLVjBxSFQ4ZE5EWmUtNkdLanl0ZGlVLUNfYm5mZ1p3V2JLOFFXZVJPUWdBd0U?oc=5,MSN,"Tue, 09 Jun 2026 17:03:05 GMT",2026-06-14T20:35:56.815667,impersonation_identity_theft,True,False,candidate,https://www.msn.com/en-in/news/india/mzp-accuses-mizoram-cm-of-favouritism-over-re-employment-of-retired-official/ar-AA23TV3B
fake government official Mizoram,43 Hmar insurgents of HPC(D) faction to lay down Arms in Mizoram on Apr 30 - The Assam Tribune,https://news.google.com/rss/articles/CBMingFBVV95cUxNdzl4WHdMUkhnWkNTQ2cwVzdXblpWWkNZWmtXNVU2SkRZckpNSDQ2YUdZRlZPN2VYTUYzWEFQQWdIeHNybW9FeDRwZWo5QWdoaC00bVlSYlZjblBqaGdPcEFLT0FzbHJLYllPVXpCWFZXVkdsZ2FzZWx3b2ZiNkJscXYzYnM2YmRjSEVOZzV4QjktNkZKVC1lenBWX1J6Z9IBowFBVV95cUxNUEZsanJMYjFxZU1fcmVNRlhxdWR2YkJQelJhdXN2LU5DNVB6dzhjM2dYRHFZb2NFeW51S1lodVl6SkxEeS1vVUZKTTRYZU5QTlJ6U21GVnJTR3B3cEd1Rnh6Q3RaSExPMWN4YU5qOUtYbWVWYS14bVBWOENXZjJseGpEZnZ3RnYxalBnTm1PcXdKY2phMVU4UEthX2RWU0owc3dV?oc=5,The Assam Tribune,"Wed, 29 Apr 2026 07:00:00 GMT",2026-06-14T20:35:56.815719,impersonation_identity_theft,True,False,candidate,https://assamtribune.com/43-hmar-insurgents-of-hpcd-faction-to-lay-down-arms-in-mizoram-on-apr-30
fake government official Mizoram,Mizoram to promote high quality wine using local produce to boost economy - The Assam Tribune,https://news.google.com/rss/articles/CBMiuAFBVV95cUxQb0ZHSzBXTDEyVUV5Ull6X0pjcF9OZnplbXZjY0tCTE9yNllVeUFkdEdidEpWc29SNlczZjQtU1dod2lpb2RaUjB5RllFY1ZmU0QwTTRUWVBBeXFCNzN0ZDMxVG5jUjlZa0RwM3BqbjhGbEF3dVBPc1BXdks0V182Rm8tNmw3UTBwS2d0R1FmMTlxWXVGQWVKYm1EVUFXdlBzX1l2dUc4Nk42Vi1CSlhBT2I4amRhbGNS0gG-AUFVX3lxTE1haTFvNEl5NngwUmRBMnd2bGdfQXJUc3dvSTF1VjVRNXRxQjAzblVYeGpCdksxWlAwbENCQ0dqbWp5dmFVZ0RPdnZtQ0ZWQm9qbV9haWxudUdGbmJQTXdqUmV0V2RabDRxcjB2RmJoNW04TnlGQnNoVk9ZUFEya1l5XzRjS2lfdFBpRzVjdkhiVU04dmdBNGJmMnBaNTdmUmtNaWdQZm96T2FjZ0lqWEJ5cVI4X3NyaHdqdVRYaGc?oc=5,The Assam Tribune,"Wed, 30 Apr 2025 07:00:00 GMT",2026-06-14T20:35:56.815914,impersonation_identity_theft,True,False,candidate,https://assamtribune.com/north-east/mizoram-to-promote-high-quality-wine-using-local-produce-to-boost-economy-1575760
fake government official Mizoram,Over 1000 Myanmarese refugees in Mizoram now; 100 sent back but they returned: Officials - The Times of India,https://news.google.com/rss/articles/CBMi6AFBVV95cUxQZkRfZkoyV3p4SGNvTUxzelRySzB5eVpVWDkySFpyQndZd1ZIME1oZXo3TFR4cVFfcEljQUVhSi1ZcmhLVXVTWDBXVHpCc2J5TW5NbWJQTTRIN0Q4SkVyUFZka0VCRGNBVWs0bGYtQkUzMHdGdVpmUGJfNGswUnlTRUhuWUtyWTBQaEhrbzRCdS1wWXgyMEFvdmJaZWF1em1lbThsMl9odFRqeWhCbGE5RGJvVkRqekZlV19vQVFLd0NEMm11V3R6MGdWQ3B4V00yemRPU2lxYVZlUHFiY2ljU2dEODNjTHVp0gHuAUFVX3lxTE0xMXlvaEdhTTVHT3V6SGRvRmx1RE1Lc1paTVBreER0VUctSnBsbkRpQzdQZTlTeEU3eVNxcjhxcGpkNzQzSU50S1I1S0kyX2FHZ0pYWl9GOWw2ZmdqUFV4bDc4ekRPYllFTmxXQ3Yzcms1RVhmS1NGa0JLRFEwLXJTbmtkTzVtRlZOR3hheU9yajJpYjZNMHV4b2hyZ1oyX3ZWOHZrSXJwenhMSE5mVllEQ1NzWTlEc1dBMFlnQXo1WnJSTWVpQWRvVXhPWWRDWUxhMWkwX2l2d2JTRE0tRU9HWU13OXZyX0NpcFVNWWc?oc=5,The Times of India,"Mon, 29 Mar 2021 07:00:00 GMT",2026-06-14T20:35:56.815940,impersonation_identity_theft,True,False,candidate,https://timesofindia.indiatimes.com/india/over-1000-myanmarese-refugees-in-mizoram-now-100-sent-back-but-they-returned-officials/articleshow/81748474.cms
fake government official Mizoram,Mizoram's Aizawl To Have A Railway Link Within 9 Months - NDTV,https://news.google.com/rss/articles/CBMingFBVV95cUxPZzVuVkxzeTZMTkkwaHpiTWRHUUNWNGRmWVBrRU5td1Z2N1BiNDFiVEtKZkZ1VElqSUhSMUlMSDVtalhpQ2Z4QjB5MERSZ0I3NzlrZmt4aTgxdWVuTWgwVWQ0N21ZV3pYeUhucEVudDVzZ25WM3RfeFhCYjNueFhuV21oM19QWE1KeEpYY0VaT2ZOYjR3b0FvQnNkVGgxZ9IBpgFBVV95cUxOLWpZd3RRSXlkUkkxUFliTDI1YmhyaC1DZHFKU09xYm1tU2xNT2s2ZUxtQkRVWkx4cXdmbW9GTzQ1U2R6SlB0ZDZHS2gtcTJYaVpCUHRSbXQ1aTdPMHJNZkVYcVFHTkZHSFFwdjBtZzhraEJVbmY0M21hMTFuUWFadk9reFVpUWlKTThDRjBFZ0d0ZU5EamZkRFhYOGROblBTNHdKTkJn?oc=5,NDTV,"Sun, 20 Oct 2024 07:00:00 GMT",2026-06-14T20:35:56.815953,impersonation_identity_theft,True,False,candidate,https://www.ndtv.com/india-news/mizorams-aizawl-to-come-under-railway-map-within-9-months-6832389
fake government official Mizoram,Mizoram Assembly adopts resolution against Centre’s decision to fence India-Myanmar border - The Indian Express,https://news.google.com/rss/articles/CBMisgFBVV95cUxPTTczWUtUcWFCQzE0bHdndnhueHIwTTlxZUVXNlB5eDFFd3JRNFltZFVMejViZ0hFNzRUelRjdXJSajVaNzZCRlRhNW5ZUUtodjFZUnA4N1NnRjVKdmdNMjk0WW5ILVNFMEtlOFZNdjFiS1k2OVRHeWE3SnhwUWZWQTBLQl9mOGpRdEpiVjYzbFlwc2dfeWhkcTVhd1hWdEItMTlOSHZGWWtkbkRYb3pIdWF30gG4AUFVX3lxTE50RThPbHNidHY0ZlFrMjFHMDBldUhBbFliWFppc19ERmxXNmJyTlVGQk1FWEZDZDl1N2ppNUxrWVV1cUJ3dlRxVWpfOWFKYUtVcWNENFNtd09GZnZVWlRLZ2RFZEZsbGJtalN6N1dXWWZfN0FIdF9TRlFjY3pvTDFXc0F6QTdZQlQ0ZjZrajZ3SmJ1R2xieFVMUFdmOUxBSW1jZGI4bDRKbFhJVmstX2VfVkVHWmVuc0w?oc=5,The Indian Express,"Wed, 28 Feb 2024 08:00:00 GMT",2026-06-14T20:35:56.815967,impersonation_identity_theft,True,False,candidate,https://indianexpress.com/article/india/mizoram-assembly-resolution-centre-india-myanmar-border-fencing-9186354/
fake government official Mizoram,Mizoram Gets New Chief Secretary - Sarkaritel.com,https://news.google.com/rss/articles/CBMibEFVX3lxTE9xSU8xTDBManRTcXdqT1hrUHlOeXBDQXh3WjlhTlVTU01EeUU4MVByQWF4WHl1SC12LXZQd3g1VHhYMzFLdU9FRnJqeDFmd0pwRGJsS3lVdDhERnZ6dGlFY2QzTGdFWHhJdjlOWA?oc=5,Sarkaritel.com,"Fri, 22 Nov 2024 02:33:23 GMT",2026-06-14T20:35:56.815983,impersonation_identity_theft,True,False,candidate,https://www.sarkaritel.com/mizoram-gets-new-chief-secretary/
fake government official Mizoram,"The Hmar insurgency in Mizoram is nearing a resolution, but critics fear that could be short-lived - Scroll.in",https://news.google.com/rss/articles/CBMiygFBVV95cUxPSEcybFM3T1d5NmpjaEVma25QejVTTi1zd2F2N0NSZ2FYQzJUSXRkTjVUbmZtT05LV0F0Wm1vSmhVa1JDZlQwdjZMZzJlZjRZZkxuaVE2T3l3U3JzV2pfMkxFUzBJOHdPd3hFcUlwSVExWVloX3ZrVEpENkFoLTRiX2ZrdlFvcjNEWEhjbmdzTW12Rms0bkEzX2VPWVJTMXQxeW5wUlEzQ1BHRmxJcE05ZW9Ca0lGV01tZm1BOTRMRFFvSHozSVlaWU5n0gHPAUFVX3lxTE1XTUNuOUxIN1NfTXBrNUg2bjA4QUJ0ZGxVUUV5UUx5QnFPTFZEQ0VPTktzeXZ1TWhyTllrSDFqaXZKaFowRFFITi1BQkFpS21POVoxaHFIbGRCSnhrVVV3bUl3YVNIV2ZWNVlxVXdFUG94VWp4Rmcwd2FsajNaSndPZFRBU2dqZXQtZXBRdWtfa2VMaXpIaWhIb0lyR1RFNlp3SFhILVpvYm5wSW5wcVBCWXFqSVhaQWdXNFpoejdCcDJPVlRQX1htUFptbzVzSQ?oc=5,Scroll.in,"Mon, 13 Nov 2017 08:00:00 GMT",2026-06-14T20:35:56.816022,impersonation_identity_theft,True,False,candidate,https://scroll.in/article/857330/the-hmar-insurgency-in-mizoram-is-nearing-a-resolution-but-critics-fear-that-could-be-short-lived
fake government official Mizoram,Assam Police detains five Myanmar nationals and a Mizo girl along Assam-Mizoram border - Hub News,https://news.google.com/rss/articles/CBMirgFBVV95cUxOYVJxVllCNHZ4WkdUajZ0dlYyWDZISDV2YTFaSHhRRTA0ZGR1eGlrZzUwek5pRGktUExheHhIMER3UEtWV0V1RTJ2dXNyZE1sOFNLX3hCUjdRajluMjh4MFlCZE5JeVdJNTJHM1E3RGNVVUo5Qkc2ZnhHaGk5Q1lZR3JaU0tLcGJyMzFwcDJ0QTIxTzl4UE9ycm5FYXRzZHlfUWVrMWJablBfd1FMM0E?oc=5,Hub News,"Sat, 23 Oct 2021 07:00:00 GMT",2026-06-14T20:35:56.816121,impersonation_identity_theft,True,False,candidate,https://hubnetwork.in/assam-police-detains-five-myanmar-nationals-and-a-mizo-girl-along-assam-mizoram-border/
fake government official Mizoram,Knowledge Nugget: How is Assam Rifles and its relocation in Mizoram relevant for UPSC Exam? - The Indian Express,https://news.google.com/rss/articles/CBMi1wFBVV95cUxNWUxENFM1VnM1SVVpUkhBcDJ5MXFFd1BGVldsR1hQX3JkODVPSldpRFd6aUk4RWE2SS1FM29aRF9jWkFJbldDSzV5bkV2dHR0eVotb2pOMk9QcUpWeHIwTWJrZFJZSTNLRHFFbEtBVjd2aG55WEc5dW1Yb0pjQnZ6dWdqZGQ3Y04xbUhQUGUxSXRtVFlMbzJURXE2VEZhNmVqbTcxal8zdENoRlFDT2xHeExiUDN2am1NVVRQRDh5NXZYX2tTVE1aM19XSy1SVVBXdVBoWnpoa9IB3gFBVV95cUxPUkFTNWhBUVprWkJXZHI5NnFKMzctcVVrcUJuZjFXaDFxUWtoV2NTLWJhQVl0eHl1ZU4yWFIxc0lPM0F0R19zaG5OQ1FtZm5fOWlQWXFHSlFIMnVXX0pKNmJRY0owaHJ1RVhRUlBDdmhFZWxQZ0dsSHN1V0RzeWRER3dWWVk1MlN5NXZNdUpNNVgwbE9fSnB2cENFWnV2WHZOYVlIbFFGWjlOa2tzVnIxcS1mTFE5STVvZE8yQV9tVURoT0k2SHYxdU9aNEota0F2eEZTNmFOdXJBeThDd3c?oc=5,The Indian Express,"Mon, 17 Mar 2025 07:00:00 GMT",2026-06-14T20:35:56.816135,impersonation_identity_theft,True,False,candidate,https://indianexpress.com/article/upsc-current-affairs/upsc-essentials/knowledge-nugget-assam-rifles-mizoram-upsc-prelims-exam-2025-9889008/
fake government official Mizoram,CSIR-IHBT team reviews progress on bioresource project in Mizoram - The Tribune,https://news.google.com/rss/articles/CBMirgFBVV95cUxQbDVIZkVmd0JvSmdEeURvanh4ZEFDTFBDMmczUk4wY3NLSWlveVBDaktlS2pVZGZUbmVfYzU4c04tR3MtemsydWlkSGdBel9BeDFjMENEd090OUs1VDhBNE1NOEFkdTNkSEh1dURWUFRINFFfUDBlenVOdFZaX1RzZVFpZHVvd0k3OVpuYUdKVmlqMy1WSWxuc3N6V0NfRXJ3ZXU2Y3RJUjJrN0Fwb0E?oc=5,The Tribune,"Sun, 08 Feb 2026 08:00:00 GMT",2026-06-14T20:35:56.816147,impersonation_identity_theft,True,False,candidate,https://www.tribuneindia.com/news/himachal/csir-ihbt-team-reviews-progress-on-bioresource-project-in-mizoram/
fake government official Mizoram,"Tension grips Assam-Mizoram border, security tightened in both areas - India Today",https://news.google.com/rss/articles/CBMiwgFBVV95cUxOdkR6ZXQ0R1VPcUJOenMyYXRDR3hoU2luemJKVXN1N19jMW1SdDVoTEdOMGZNUjJobWFiQXYyd1NONzhjeTBncHpFV1BlTGNRNlVPem1SVjh1VTBoZFJ2NlFSVFBfbG5XQWxZS0JRVHVJeWpSNjBaQnVOb3NXYWVPcU5KWVZnSGt4RU9WalFfYmo0a09KcG1QTUZiaHctUl9hUURDdFdGOVZZNFM2a0ZTVG9xTHJNSE1NejVyRllSdFBhQdIBxwFBVV95cUxQSGQ3WFlBeE5zd1RfeHM0ck5JSFBqZThkQ1lyMWlnREF2a3FPVF9vNDFRVm5Qdm92WWU0LUUxRm1UZmh2SS03TjAwQmR1LVhORGFIRDVSNVQ5R1JuZURITFZMU2c5X28xRVR3b0U2YXE4RWFkcEpNZV82dFFMQ3hiaV9jM2t6UEF1OFB3TDYtZ2puYjltWU1xQUlOZm1VWmtoOEk0OVlNTURkcGw5RGZ6ZDNzQVY2ZEZiQ24xOFNOZ3d3RDhTdGFR?oc=5,India Today,"Fri, 16 Jul 2021 07:00:00 GMT",2026-06-14T20:35:56.816174,impersonation_identity_theft,True,False,candidate,https://www.indiatoday.in/india/story/tension-grips-assam-mizoram-border-security-tightened-in-both-areas-1828793-2021-07-16
fake government official Mizoram,"Mizoram: Militant outfit signs peace deal with government, will lay down arms on April 12 - Scroll.in",https://news.google.com/rss/articles/CBMiuAFBVV95cUxOVjZETnU4WWdWeWNBdUxkZUlHTGFmNGhwUlY5cTJ0Tk5OcEJ5NzVkeXVSeFpYY01ab1BKYlpTVVF6YnB3Z2dsRElSRHllZUpzMVFHOGE1YzNJMlZhRFpCN0NFeGFBU2kxVklXZG9ZNUhiS2lEMWVLZHRXNHR4Q2V5NTlvQ2Jxb1hWLS1GUk95dEM5WjlLY2RBT3N4dzRmVHpWN2U2SjQtMGZ2MDdKRVJNRWlvcERxWkth0gG_AUFVX3lxTE5ZOXYyM1E1VHNVTy0wSk1FRmpBVU5kMTdSWEp3cUdtd0ZwcC04bDBuY0NRNVZUWGsxOFpjdDNDYVRmc1lQd3ZGRWdNdUM5WWFRVXFKVVJHeW5XdW9MT2swd1k3SW5HeHlIdm5XWEh6VWhPb3laRlRweFRTdjJhUlFWUzRSdjZwZjFoSEtNMlFFWE9wbk80M0txZkRFSzJFRnB3bHRWVDN0NkxhZUpqX1hjalVHUnJoV01RRDA2XzFr?oc=5,Scroll.in,"Wed, 04 Apr 2018 07:00:00 GMT",2026-06-14T20:35:56.816187,impersonation_identity_theft,True,False,candidate,https://scroll.in/latest/874365/mizoram-militant-outfit-signs-peace-deal-with-government-to-lay-down-arms-on-april-12
fake government official Mizoram,"Mizoram to roll out new textbooks for classes 1 to 3, and 6 in 2026-27, aims to phase out rote learning - The Indian Express",https://news.google.com/rss/articles/CBMi6gFBVV95cUxPWTB1WTR5OEx0SVVBX09mUUROUm00SmJaYVFTc0FDMnBsMjd0eWptTnFxT3VoVXhrbVlqS1NyWVJMMlpJN0VPdUtwdUYwZjEwZGpXbjRzNGp2Y3V6V05GRUZoZ2R2UjZxV2UxaXRQR1FCU3ROakxHdW1OOVY4dHVtcll5WTVlRWJiYVZ6TGZjY3lnbnNqNGlhSHM2N3paVk1oYmsyUmNpcm9GS0hPRkdIQkNfeVVMSC1BVm90ZEx1VTQtWm5lMHVzMnRyMEphLVIzOHBpTzRhVU1teGtUNkM4Umtva3lFSTdjZEHSAfABQVVfeXFMTWdnMld5a2ZUS2xVY1hscUE3WGNxbGlnVkc1X3N6QjI2VzNIUFVoWmdSR2JnY2REdm1NR0c5MkYtdXBWUENKaU1Ob3hOZjB5MGxCVm5JUXRuQ01HazZqUUtScHZCbUVmemt0ZzB3YWV6X0FHc1RNdWc3alJ1VGZjTTZvcV9sYmdVZ2JDOVZ3cUN2SUEyblNVQUFSQXJUWHV1YnM5ODYtSThud1dvWjJreHg5alhEOG1oSEpaWEhFZTRxRGl0X3p1N0xxNGIzcElEZU1EYlJfbVd3OWlsQkpPcXpCUTREUVJ0VlhjZXdINWJL?oc=5,The Indian Express,"Sun, 15 Feb 2026 08:00:00 GMT",2026-06-14T20:35:56.816242,impersonation_identity_theft,True,False,candidate,https://indianexpress.com/article/education/mizoram-introduces-new-textbooks-for-classes-1-to-3-and-6-in-2026-27-aims-to-phase-out-rote-learning-10530483/
fake government official Mizoram,AIDS is about to explode in Mizoram and the Modi government is partly to blame - Scroll.in,https://news.google.com/rss/articles/CBMisAFBVV95cUxOWWlpSlJmMnk1MWtNeENOSTVPZFJ4SWxKZzc2S2N4UmlfNnZpM0N5SUZiVGxwd1puSllGMmg4bjFRcjlVeWZRXzJNSmRpRmc4YkxEeE5LMU5hR2M5UjR4OFU2RnE0Y3RJUE5YVTRRaUpRTlhYSjNCS3lSM2dzZWxHZDZQMUFBekhlNzdOcF83ZXUyb2JqeHdWUFhlQnYwMlJkT1ktQ2NXT2pmMzQ2TGRWctIBtgFBVV95cUxPcGRDaWR0d2gwUUJDWkNoWUhxdnBDZk4xcTFlaUZHelVwT1IwMzN6RlpoeW50NnZIclJrVmQtMjA2bXdyX3VoeEVYWFluSUg2V2NLLXRGaW85M2hMakhPYkt1ZkpMY2tQM2hVYWlVWENTN1JCMFp0cTlKcmJSSVdMZHNVNGlEY3UzWmVZYTdxYXlrck9JOHhvNW1GNUhLQWlTdVFsV0s5akE4ZEVNcG5Edm1NMkp0QQ?oc=5,Scroll.in,"Fri, 01 May 2015 07:00:00 GMT",2026-06-14T20:35:56.816268,impersonation_identity_theft,True,False,candidate,https://scroll.in/article/723915/aids-is-about-to-explode-in-mizoram-and-the-modi-government-is-partly-to-blame
fake government official Mizoram,"ASF outbreak unabated in Mizoram – over 28,350 pigs killed or culled - INDIA New England News",https://news.google.com/rss/articles/CBMimgFBVV95cUxNYTJWWndMTnlxWW1PV1JHaDZ4SHJyeExoX0loUHVUV3pqeGM3Y2N2TmwzOTVHa3lDay0wNUlkV08zNUxpQ0dxTDVOY0FxMHlEYUtoM1lPWDZ6Y1pFTGpCNFR0dWctWURSbUpKbVpya2tuM1lodTc0WnlMXzR2WTJGaVdKSHZRbTYtMHh1dXI2aUlXYlZza0J3Yjd3?oc=5,INDIA New England News,"Mon, 19 Aug 2024 07:00:00 GMT",2026-06-14T20:35:56.816282,impersonation_identity_theft,True,False,candidate,https://indianewengland.com/asf-outbreak-unabated-in-mizoram-over-28350-pigs-killed-or-culled/
fake government official Mizoram,Hmar political issues in Mizoram Part 3 By Maria Pa - E-Pao,https://news.google.com/rss/articles/CBMi2gFBVV95cUxNS1J0RElWMl9xZkUtZGpqaGRZazdHS3JTUFNGa2NncXZWMm1ycDcwX3piSnEwdXg4allDWTdITHJCZFBZcGRKamI2ZGtwR1ByYTlqekNCbDBXQjl2bjlpaV9fYzZEQm03dERVcmQtYkdrVUUxcUJNRmlBWndVZmZzX2RRaHFHc0c4QWNzZXFQRVAtMTI4a19vMU81aUtjd2N1UnZiY19uNnRZOW5BLXVBY1RUcmRPUWxDZWFsc2tlMXl1Z1ZNM0JUanNyM3FpR2hjUTR0OVFHVWxEUQ?oc=5,E-Pao,"Sat, 09 May 2015 07:00:00 GMT",2026-06-14T20:35:56.816296,impersonation_identity_theft,True,False,candidate,https://e-pao.net/epSubPageExtractor.asp?src=news_section.opinions.Politics_and_Governance.Hmar_political_issues_in_Mizoram_Part_3_By_Maria_Pa
fake government official Mizoram,Activist’s PIL leads to CBI investigation of areca nut smuggling in Mizoram - EastMojo,https://news.google.com/rss/articles/CBMisgFBVV95cUxPRVVRQ3RlXzZDU19vaGtfcjlMdXhsdTBWMXcwQlJTRzlOUmxFZG90SFJGUW5VUTN3cHVtRzlTal9CRDBNU19ZemV4Wklrb2lkczF5cmlLc3l5RUx6R01uaEpEeVZhMXU2NVZGSnlCN1l0N3lfSDRnaVhOcnp6Z3lKMVhnX0ROdW13Rk5YWWdVdndob3RSV3lvNEowa0c0a3JlYURfQldtMEFteUY1cWZPTVNn?oc=5,EastMojo,"Fri, 19 Jul 2024 07:00:00 GMT",2026-06-14T20:35:56.816309,impersonation_identity_theft,True,False,candidate,https://eastmojo.com/news/2024/07/19/activists-pil-leads-to-cbi-investigation-of-areca-nut-smuggling-in-mizoram/
fake government official Mizoram,"Myanmar coup: No request received for asylum from Chin community, says Mizoram government - The New Indian Express",https://news.google.com/rss/articles/CBMi5wFBVV95cUxQcFR5aEFQM3B1WThGcHJxNUxsbnFQcXFQS1RReGhHbWNPa1QwMWF4Sk1sNDBEamJCcDkxNTdOZ2pXNzR0TkdhSkw0NjhyWG9sQ09oQXVfRi1HLWRoUmY5cEFTWHdSQzRWQVdTLU1FOXlZenFvSUZFSS1Tb1JEM0lJMHA1RnoxRGhnR1hSRFFURWhnZGwtZVR6NTlCNDY5TlR1SVJGM2JMeU9YYzNmZ3ZYaXJRWEZiOHFwRmc5bGRjdkxxMkRGQ0dHVTB4ZlRTV2liNFdCRlFrWXQwUnJETUhYZFJwczRrRHfSAfQBQVVfeXFMUGdFOHp2ZlNaX2Z2VkV1dzMtdURUU2Y5X013dllMTmhuRUtHbW5hZmlJek1wQ19QVFBXYUhjVThOSlczVlJmWnBfYUpGMlR0Z2FwTEJnN2w2R1JPQ2xiS000Y3dTLWpEQjNJY1oydzIxbWdrclpHWk5LNHYtV0hWMEsyT2NqdWFJWG9tel9lREExbHc1bk9CSnZudUlaUU9UcG5ORWRkX3BfRVFzZ3lodTk0YVpXeW9kci1aeDlMN0hMWW1LYVBjV1BLcFNSZ3g2SzhwZjhMd0ZZTERTbDdrNFlGcDdYcTdrWDdwem8zN2xJa1QzUg?oc=5,The New Indian Express,"Tue, 23 Feb 2021 08:00:00 GMT",2026-06-14T20:35:56.816360,impersonation_identity_theft,True,False,candidate,https://www.newindianexpress.com/nation/2021/feb/23/myanmar-coup-no-request-received-for-asylum-from-chin-community-says-mizoram-government-2267908.html
fake government official Mizoram,"Mizoram's New Rail Link Sees 22,500 Visitors Cleared Through Inner Line Permit Counter Since September Launch - Swarajyamag",https://news.google.com/rss/articles/CBMixwFBVV95cUxPTXllOXJaX3ZNRnhyY25VYWtOblZUZFZqNW5Ndk1jYzNPdlB4MWhqNllSRXU0QTkzYVZCV2FxX29mYzRxRWxLUHVlRjd1WUlTcUhiZUttbjRKQ25mSzR5emZ6OWFUR2FldGNYMHRpR0dwTlhwWjZmcjI3MlFoNXBnZ0pLRjhtZGh5RTlqWWg4NTNTNUpiejB1WDNoOVhYdUJxWGV0RVhnN25sV0c4bllMTlVYRVNoSXlkb0pCa0JOM0MxUjllaWU00gHXAUFVX3lxTFBlNXpRRVRTWS1VU2tKU295dVMycWFlUjVqS2c5OTB1NjlCN21yR295eGhZTHJ2V0JhTnhVejFPLXNTNHRISEdhVDhNRllHN2gyQVZ5TVc5RVROQTV6ZXozeW0tYU5NeEtWcTU0Vi00bnpxV0ZvdEJpVjk3TU1YeVFOLXNTQm9ZQ3N4STRBcFhEWDJKRXNYeFlyMGRlaFBvYk9VZGtWTk85XzczNU03VU1UMllyLW5pWkRlX1R4NWRCbWYzOFlwSjZmTkFEdllXQWxyTmVFN2c0?oc=5,Swarajyamag,"Sat, 10 Jan 2026 08:00:00 GMT",2026-06-14T20:35:56.816378,impersonation_identity_theft,True,False,candidate,https://swarajyamag.com/news-brief/mizorams-new-rail-link-sees-22500-visitors-cleared-through-ilp-counter-since-september-launch
fake government official Mizoram,Rohingya crisis: Security tightened along Mizoram border - The Statesman,https://news.google.com/rss/articles/CBMiqgFBVV95cUxOYzZNLWlmQnpjWlpwMXZMMzlvUDVGSS1iU0FPbWVidFFld3RXOFRXVklNdVRiZmtIRE1QaG0yXzJpRGlzSUVYYzhMUElYVF9EZl9RVDBOR0dGX1p4WmVoQVVQZGFOaFRHaGVTZUI5Wkd0WnVIQlpsWDdmOS1IWW9Ob3Ryb2NGLUhIelgtUWRJWE0zcy1oNk94QmtON3lrWkhkRFdpV2F1WDUzUdIBrwFBVV95cUxOVHJtUGM0WE1rT2x3bkkxTEpGN1ZrUGJaYTB3LXpfaFAwb1ZVbEUwczhJNWE2bTNCSS1FR0k2blVHTWdqQUh5WS1UeXNBeENReFRDSGRJeVlvLXJyTS1Ra0l1YzNwbjVzX0hCMjdxU1V6UnBjV2NKVG5LZVV3UzR6NTVQV0xtUXhiV05yT1Via0VTemxCQ0xZN1FxUnA3alQ0ZnRwaUxELS1VTXQwTThz?oc=5,The Statesman,"Tue, 10 Oct 2017 07:00:00 GMT",2026-06-14T20:35:56.816431,impersonation_identity_theft,True,False,candidate,https://www.thestatesman.com/india/rohingya-crisis-security-tightened-along-mizoram-border-1502508569.html
fake government official Mizoram,"Mizoram to host International Paragliding Championship 2020 in February - The Sentinel - of this Land, for its People",https://news.google.com/rss/articles/CBMixAFBVV95cUxPRXZaWHFWc1NNREF1NVZfMzFOcTlIVTNGTzQ3QlJTQS1jOTloYmgxeTdNdUZiSzhYZjZxY3RYZ0s3V2o4LXdyYUxfbkM3MEJNN0JVbE56Ylo4ZUJkTWRMbUp1ZjY0SXU1U2RrLW5pQ3JVUy1tUVNVWWxDYUwzbEVfN2ZWVW9OV3Z5UjhhUnRpcWRpaEVfRkNBRUFZandTenRiSXNPU2dvMFNDc1ZzWmQtdzVDWExpbElnZFYzZGNDRVVSWlJS0gHSAUFVX3lxTFBXZ1dmOTR3Zmo1Y2dnUjRFZk9FLW00NktsNmlnVEhoV0pJUzdld0lOTi1uNXFxcHJrbXh5RUJFMGRvU2I0M0NRVlRFZXJXQWcySnhiRVJmWjA1aXUwRTN5QkdoZkgxU29WaUZ5YkZCM2tSdXBSRk42RjlZdF9UekF1YnlDT2xCbWxzelZiZTVwUDMxbklMcjVPRUk3WDViWjIwWlc5MjhhUUMzeXNwX1YzQzN3SWZ0Q1dZaG8zQ0xDLW1jZ28wQmVWWFZUQ1VNdU1Udw?oc=5,"The Sentinel - of this Land, for its People","Tue, 28 Jan 2020 08:00:00 GMT",2026-06-14T20:35:56.816445,impersonation_identity_theft,True,False,candidate,https://www.sentinelassam.com/sports-news/local-sports/mizoram-to-host-international-paragliding-championship-2020-in-february
fake government official Mizoram,Mizoram to be named 'Ginger Capital of India': Official - English Varthabharati,https://news.google.com/rss/articles/CBMilgFBVV95cUxONG1EQlk0ZlphLTZxbUx1NTBjOUp3R291alpQay1WWjUtMjR2ZEhGSktfY2xSWlFIZ2ZUbFJmb002ellqX05xRnZxaVprZzdJRXhSakVzUkRhSW9TdVllZUFaeXFXV3BPWno3MEU1aWZaeWx6OENaZHV0cV9GbGRHbDNxbExiUUhQMWdOeUhKOXByWUc0aGc?oc=5,English Varthabharati,"Tue, 25 Nov 2025 08:00:00 GMT",2026-06-14T20:35:56.816489,impersonation_identity_theft,True,False,candidate,https://english.varthabharati.in/india/mizoram-to-be-named-ginger-capital-of-india-official
fake government official Mizoram,"Tripura, Mizoram step up efforts to tackle cyber crime - English Varthabharati",https://news.google.com/rss/articles/CBMilwFBVV95cUxPNzZ0LUJqdTcyVVFqem85QWJBdjRIUDZmNHljR28wT1FvVTFEN2tOZ0tQeXRNcTFqMndsaG9yMDM1TGZNb1J4ZU1yYXVLVmVEMXBDTXMtU3RZLWV0SWdvbzVncEF3N3RMVFduRVN5QVRVWEZkQ05QdEd4Y1FvajZndjJjcWRGbERadXUtMU43UDRCNmF6QVFV0gGcAUFVX3lxTE9wYXdBRVUxNDRMOXM0WHBZUHlId3BFNHNIS3ZSTXhZU1ZDWnJhQXVoZ1ZnLWNudUhWelVGVnBLbTZlbDA0V3hYMWdXcmJCU1dIYXlkaVlMUHlGd3lhN0U1d3pBU3d4M0Z2QjFfLXI1ckY3ZC04eHcxOGI2eEwtR0RSQThsUzJsWWRjX1JkTEdOdXhyWGtEWFd0TDZ4Yg?oc=5,English Varthabharati,"Sat, 09 Jun 2018 07:00:00 GMT",2026-06-14T20:35:56.816546,impersonation_identity_theft,True,False,candidate,https://english.varthabharati.in/india/tripura-mizoram-step-up-efforts-to-tackle-cyber-crime
fake government official Mizoram,Mizoram: Fake currency notes worth Rs 7.4 lakh seized in Aizawl - NENow.in,https://news.google.com/rss/articles/CBMirAFBVV95cUxQRWJSNjFiSEV2X29KVjBkX3pVcEl2OEFmbEd4cGJJdDlxaHA2Y3BpeHQ0LUY0T000aEdTSkRNVndKUE5EOGMzeGVpaGI0d194MUoySzRZU1Nmd1pRTVRmdzBZbFlnNWVHOHBlTVpxWVRELVJrQTlPX0NWSzJ4UFVnUzl2M3NuZGxnbkdob09vQ08xMUtfU1ZMYW9JdE04N0RNcmdmcTZ5Q0dmbW1T?oc=5,NENow.in,"Sat, 09 Jul 2022 07:00:00 GMT",2026-06-14T20:35:56.816562,impersonation_identity_theft,True,False,candidate,https://nenow.in/north-east-news/mizoram/mizoram-fake-currency-notes-worth-rs-7-4-lakh-seized-in-aizawl.html
fake government official Mizoram,"SIR Phase III: Enumeration, house visits by BLOs begin in Odisha, Mizoram, Sikkim, Manipur - thehawk.in",https://news.google.com/rss/articles/CBMitgFBVV95cUxOQ2N5NUZoSWFQaXlfd29sM3A1RWx0NW5hdkNZc2pSMGFKS3hRdzVBbkpjRHlTclZtNUw0MUthcXhaS3l2QVYweEIxVHVyRGpZLV8yUGptczZOb2Zmb2JqcGc0ZVItUFBieHphZFdkMElqUVh6RWQyMTRoakdzYVhXaDVjbG0zRzFYOTg1clV1ZFdOblJ3SC1jU2VtVmxFYUdST3JKdDgzT2VQdDZtbHptdkxHaGpodw?oc=5,thehawk.in,"Sat, 30 May 2026 23:34:00 GMT",2026-06-14T20:35:56.816576,impersonation_identity_theft,True,False,candidate,https://thehawk.in/news/india/sir-phase-iii-enumeration-house-visits-by-blos-begin-in-odisha-mizoram-sikkim-manipur
fake government official Mizoram,"Mizoram: Electoral Roll Update Process For 2025 Begins - The Sentinel - of this Land, for its People",https://news.google.com/rss/articles/CBMiugFBVV95cUxOcGtOZENZOWtLWUlkYTJlaXhfS21MYlV1RTcwalFKQ09hWExxT3ZMQTRYV1VlWV9fZFBXQWRWRnpvWllmQ3hFQTctcXp0ai1RMURyeGpBenplVjRjbG9QbU1ndWdEZlNUWlpPWU5KRl9xSDJRX2dGYldTb0IyMWFYV2pYMjBDT29ndXF5N1liYWlRSF9FWk5LbjBMdFVPbmpCVnEwSEFTQ3hRRFRnR1V2dTBOaVluaXQ3b1HSAccBQVVfeXFMTnY1LWp2N0stN1huUElvMDVlcFBRTEVsWV9xcDU3R1doU0RUU3pCUktJdVN3SjJxV3huMmJqVXdudXJlOXpQZGt6MzkwRXF6UHJDdVpmcGhMMXgxbmJSZk1ZY1NTTzE0WlYzeTIyZl9qMXBFS0tRT2pwRjNwbkt6OVF0WjNZRmxpVWJDS2lWRVJXamlSTGhyNGRlZER4WkJRZW95eGQ3Zm95cmlFYy0wSEJuOUpXS2M2eVdqOXVzbHNUc2RMYzB3OA?oc=5,"The Sentinel - of this Land, for its People","Sat, 23 Nov 2024 08:00:00 GMT",2026-06-14T20:35:56.816590,impersonation_identity_theft,True,False,candidate,https://www.sentinelassam.com/north-east-india-news/mizoram-news/mizoram-electoral-roll-update-process-for-2025-begins
fake government official Mizoram,"27 Dead, Many Missing As Rain And Landslides Wreak Havoc In Mizoram, Aizawl Cut Off From Country - Ommcom News",https://news.google.com/rss/articles/CBMiyAFBVV95cUxQTnJhTHFFdVc0X0loSkRWNVBrLXVfdklhWHF1QlVjTnJkbWdLb29ZUDdpZmpDQ1FuM2ZCWlJlV2RnOWd5ZmJoXzFhQW5XSnA5eENXcU9odDhIZ01xSzR5el9EQTE3cjNjcXp5LUFib2kxT2pzOVBUd2J6cDlmdGl5aEx4eGZOWG5xUm9CTGNHYWg5V0xvRmJYME1ySGY0UWRjVEJsdGZ5X2FpUms3UjN5RTFDY09JbEFkUUxVbVJWRWI1cHUxWVVOZA?oc=5,Ommcom News,"Tue, 28 May 2024 07:00:00 GMT",2026-06-14T20:35:56.816668,impersonation_identity_theft,True,False,candidate,https://ommcomnews.com/india-news/27-dead-many-missing-as-rain-and-landslides-wreak-havoc-in-mizoram-aizawl-cut-off-from-country/
fake government official Mizoram,Row in Manipur as NCERT textbook associates its traditional sport with Mizoram - Daijiworld,https://news.google.com/rss/articles/CBMiakFVX3lxTE83Z3E1YTBzYnZ5bUo5eXFzUEt4eS1oLXFzeTB4N3hnR0ZUM1QzRVB2di1FNG9kbVNpd25WeXVhVlliQ09YcDkzZFJBRTkzU3Y3TnhuamZLZER0SFlfWEx5NVFtVnRmeVZHOFE?oc=5,Daijiworld,"Tue, 30 Apr 2024 07:00:00 GMT",2026-06-14T20:35:56.816682,impersonation_identity_theft,True,False,candidate,https://www.daijiworld.com/news/newsDisplay?newsID=1187586
fake government official Mizoram,"Mizoram gets its first Solar Power Plant, enters the Solar Map of India - The Sentinel - of this Land, for its People",https://news.google.com/rss/articles/CBMi2gFBVV95cUxNRm1ZLVhVWm13a1Zmb3QzMi16TjdKZkUwSW1Ba3NscU1LNkp0anVXeUlnTy1LSy1GMkdMbzVxbXZzNmNMS0IzQmNBVkVEOF9BZVBHQnBIM1ZaRk9wS3BhUHJZNzRnOTVFWG9laVhpd1ZfT1ZOc2JPZk9icTRkUGg0TGtKcnJZZnpabmVsdDU2V043ZzJVeGJEbHJYVmNTM29aMjdNdTJWT3JTTHlvZVpaR0FubjQtQkVKcjNVZzQyTWZBOHBtWXR3bWZLZG1jQ01hY05iUGhiMzVRZ9IB5wFBVV95cUxOcFFNYVpndHE5aDlsdWFib3pMU1VsT2tQT2xoRklvMUJwUVphYzllUE5yTGpNZllheGlIMVhKTVh5cU9FNUhCUW45eERwcGpKZ2RhNld4cUVKSVJDby0ybUhSR2l3ZVRNdWRHdnBOQmdzSDBuNkJLdDU0VGtXcnd0YVItVnpLT3BiSmpfMkNuRTk1cGFVdGx3V0s1NEFVVGs0QmNlYUJZSFZGZzZWeVQwZnExcTBXN3k1ekRxcHo2SjBVX1NaZExMWmxaOHo0MG5aT3F5RFlCd3AwZFNxZlVsUGoySlVwSGc?oc=5,"The Sentinel - of this Land, for its People","Sat, 05 Dec 2020 08:00:00 GMT",2026-06-14T20:35:56.816695,impersonation_identity_theft,True,False,candidate,https://www.sentinelassam.com/north-east-india-news/mizoram-news/mizoram-gets-its-first-solar-power-plant-enters-the-solar-map-of-india-514787
fake government official Mizoram,"Mizoram Launches e-Ram Online Portal For Land Records - The Sentinel - of this Land, for its People",https://news.google.com/rss/articles/CBMiugFBVV95cUxOeGRaODlsbzEyekFwTzFkV0pVekZWMWpoWXdfQ2RENXVubnE1cVR0UDdsS3g4M3hiczQ3UVFpaThQRW1kUFA5bHoxS1RPMjh4WEhFZlI1ekFfR3QwRjgtdFgzUm5hZmJFc1hja0F1Z196aWRGVEFGd0o2Y21QYW5GV19XTEZzRG5SNDdmQzNJbHBsYlZPVWtLQTN5ZTcybVpRclJIN1lES2RkWmtpcWUtUkNJUzFObkFZTEHSAccBQVVfeXFMTVJETmVORFpuOW9ZbDFhcnJRSDdPVmFTOS1oVGxmcU5TR1pFRC05Mm5fNkdscmR5TWY3dWxTbFlIbWxSd1hzNTFURXVrdEQtZEQxQTAybFR3Y25Tb1l4QUdBczNULUZ1OWk1ei1BQ2J6NDZvWE1adzduVHhjMHBCWXJTTU9aR3poTUFjNm9DNVlFZEZKYnlSMVE0eG9Ic2dVTk5qRnpyUERySVlfanpRaUE2SXNZSDZkNUZGVjhRaVQxM3I0dXU1OA?oc=5,"The Sentinel - of this Land, for its People","Wed, 06 Nov 2024 08:00:00 GMT",2026-06-14T20:35:56.816710,impersonation_identity_theft,True,False,candidate,https://www.sentinelassam.com/north-east-india-news/mizoram-news/mizoram-launches-e-ram-online-portal-for-land-records
fake government official Mizoram,"Mizoram All Geared up for a Grand Christmas and New Year Celebration - The Sentinel - of this Land, for its People",https://news.google.com/rss/articles/CBMizgFBVV95cUxQQVlsS2FabzdaVEdtLUxpSmc1U1M2bUJLNC1pb0RzdS1XZnNLR3N5SGVNalpvNm92OVF5ZHhIMmNRbFZ6clZJX1BRcnh3QVNfYmhxM2JNSWpFcGlVT1IzUFhjNzBRejhhLVV4eVdFNFRnY1QyLXZUMlNNR1A0WnlIMFVLVVZ1LWg2YVNHUGljb1FINmlEU253NGRGd1VSMzJFTmkwN2ZjU0xHbkYyZU9FM3dDT1N5MVBkdzlDalRuYjNnYzBvRFRHRFBzc1Jmd9IB2wFBVV95cUxNbG9TbWJ0NFY1Q3JfcC1nS1BIYzdpRk0tS05rU1AwN0VHaEU1ZEtUXzhKckdBZDB4STNoZ2pwYno3bDh1V0JELXdNZndieU5uWGxKbE55b3lqU211ZUZ0d1g2MDN5ZmpKOXJXaGNYOWxFekF0WE5xM2xjOFNBMXBvRGZxbUdYbktxXzRuN3RjNzFpNFNQdDdPaXFjTDgyUXlRWjh2YnhJVEZHdV9GSUZ0REVvUWtGY2llMmxkT0pVQlRCYl9kMEJpRERPMDE1MHlKM0VSM0ZacjZZdGs?oc=5,"The Sentinel - of this Land, for its People","Mon, 24 Dec 2018 08:00:00 GMT",2026-06-14T20:35:56.816739,impersonation_identity_theft,True,False,candidate,https://www.sentinelassam.com/north-east-india-news/mizoram-news/mizoram-all-geared-up-for-a-grand-christmas-and-new-year-celebration
spam call Mizoram,"Mizoram: EC Accepts Christians’ Demand To Defer Counting On Sunday, But What If Hindus Had Made A Similar Demand? - Swarajyamag",https://news.google.com/rss/articles/CBMi3AFBVV95cUxQVXdaM2ROT2g4MXhwVnE1VUJCVUhVbjNvN28yOEdOc25RNHdCazhhcEpPNG1UVzJ3VVhKOWZ2aEpmZW1jN0JkWDBVVzRuNm1BYzVfV2RpemU2V1JWREI3aHNRRldyUll4S1ZUaTN6aS1wOHR6Q250RU10amhMUHh5VlJka3hzTFVBZTdSb2J2U3UySU10WEV0ajhDVnNjWk5yS3JCSEtHSTFiZFZuLVJmVzkwUjJ3akdRM1VWbTQ5LW9OSC01a0IzWDNrSzlMRi1uZHp2cVROREF2VC140gHsAUFVX3lxTE9GdEttWUUwZ1N0Z193X18tM3dSbjBhRHAydUduUVh5Qks4ajdFSTRIdnFvajYyUmFna3l0WjhlcDR5cXpoZG5EMm9SeEdUMUFfMjU3VEFKUHVXMWk1QTRKRUo0MHNkb2sxMW1zdFFiNndwa0h5c09TQmROdlZveXRqQUhvamRVRGdEdE9ldG5DdXhWZTl3VF9BMW51dkxUeXhJcGNfc1FPblRqZHM5ZGJJdG9tdVNfWXNPanRnLVVfYzBjYXRhamQtZFRDek1RNTh5SF9nRUxGcWxFNFNFUEtWWG5EczNWV2tpSHFE?oc=5,Swarajyamag,"Sat, 02 Dec 2023 08:00:00 GMT",2026-06-14T20:35:59.771564,spamming,True,False,candidate,https://swarajyamag.com/north-east/mizoram-ec-accepts-christians-demand-to-defer-counting-on-sunday-but-what-if-hindus-had-made-a-similar-demand
spam email Mizoram,Abu Mazumdar's fake ST Certificate: Cybercrime lodges FIR against miscreants who made it viral in Mizoram - Barak Bulletin,https://news.google.com/rss/articles/CBMiygFBVV95cUxQV0NhZTMtNW9QSEVEQ3Uzd0xrUl9NT0p3OWlFakZsakhQclhoNjNCMWJONzBvMC15Mm1ycF91aWo4VUFHNDV3TGtScXlBU0FjVjU2djhCVy10bFFHanY2Qll2ZWstUTVvaGZWc2kwNThSVjRZQkU5a0lXNGxVemVmM3JZVFktTll0SXQxUk1CU0ZKZzhhX083NGdoaTJJVlNCYVNvV05yYkdlZGxla3dyeXplekNwUGtiRERkOGw5MmlhaFBjeDZ6bVRB?oc=5,Barak Bulletin,"Fri, 11 Feb 2022 08:00:00 GMT",2026-06-14T20:36:01.678000,spamming,True,False,candidate,https://barakbulletin.com/abu-mazumdars-fake-st-certificate-cybercrime-lodges-fir-against-miscreants-who-made-it-viral-in-mizoram/
spam email Mizoram,"Fake Indian currency notes worth Rs 25.20 lakh seized in Mizoram, 2 held - ThePrint",https://news.google.com/rss/articles/CBMiqgFBVV95cUxOenl2Z05OYkx1ZjdvTFV5OVlTX3pFem9QbFZOeU1hN3oyY2NXUEdXempYSnBLejQ1SGZZRWp6a05DY3NUNHdCNm5PMWtpN0tJeWJsdVgwbU55ZExvSHh4dFJRRXJpWm1Ia3hLYU9YbkdhcUMwZjVITmlQNWFHcjdZdXZXSHRqdGUxdFVrbXRnSzBPbzk5aEV3OHdYdFc2R0w0bHRiQndhaWRad9IBrwFBVV95cUxNazJkRnFUaVV4dzJDQVdCbEd6TnktZ2FUajc5b3IwVTNnVGczcFh4OGVqNkZOSjMtNWVhU09OSXFhdzl0WHJlQmJoazJmUmg2c0FuMTkyUGxoZUlkVi1VOVdZMFdJVUJycE5UWVloUmJiZW82ano0dUMzbnNNeVhEdlN0UDdWWTlzTFRvbEhhVWJzNGQtc1ZRV21xY2VpanAza1ZSN1A1bHUwRnAtRGRz?oc=5,ThePrint,"Wed, 17 May 2023 07:00:00 GMT",2026-06-14T20:36:01.678013,spamming,True,False,candidate,https://theprint.in/india/fake-indian-currency-notes-worth-rs-25-20-lakh-seized-in-mizoram-2-held/1578509/
unsolicited message Mizoram,"RSS sends 'one nation, one people' message to Assam and Mizoram - The Times of India",https://news.google.com/rss/articles/CBMi0AFBVV95cUxQQlRnT2dhTEo2SFNlNHQ0dlNKTUR3ZVZjSjBBZUZxZEl4bGh1ZkVKLTVRVUVwWV93cnhfTzk2eWU0cm1vcjR0cWlfckpsZXc0aGNsNXVfWEpxbktYc2Vkc3lUazAwRmJjdGpvdV9tNGJ4VmJoRC1wZUtHcnJKc3o5YWhLbDF6U0lQaGRxTWlsaWhpZk1aMjF1OEJ3a2VTZTd2bTVDUElnYk12QWRCQTlqWllSMzhfdlM3ajB1bjlfNFV0RksyMWNSaDFOWUk1cjF40gHWAUFVX3lxTE9ISFUwc0lJUUZMYWpsbGdGNXN3bFRyUFdJZW00MWNIQk51UnFFSWwzZm9GMGVUN1paTENSS3lpWlZ1QzR4OUZ3WUtwUFltQWxoZmxVQ0xoQ0VZWW1fMGJGSkRtYUQxRlJtWFA0NUk2Z2phcnZHZHZBaFFraDI2dkFDZHlvV0lWWjdDVVNYMXBMMVV0MmJYM3dfV29MLTBMU0dmZ1I1QVYtVzZNQTM5U2hNWExvNTZNR0Q5TDhWYndqVHZIdVZzQVR3LWVOYW5QdFNucEZNZ1E?oc=5,The Times of India,"Sat, 31 Jul 2021 07:00:00 GMT",2026-06-14T20:36:08.453761,spamming,True,False,candidate,https://timesofindia.indiatimes.com/city/guwahati/rss-sends-one-nation-one-people-message-to-assam-and-mizoram/articleshow/84929172.cms
unsolicited message Mizoram,"SMS causing rise in domestic problems, divorce in Mizoram - Mid-day",https://news.google.com/rss/articles/CBMisAFBVV95cUxOYWhtNEp3czlZRndVOW9CWmhLSXVJR25Oem5ldHg4RFlSbzZTRUZhR012THAxaEtoMXVpQ1EtbnhKN25ELXAzN2Z1ZEQyMV9sX3hoWkNpYXUxQWJna25TOUZHbWw3SG5ScF9JZWYybTF4QVo4YUdaTDNCeDlYTWhzaTByODJ4cUJWaDBXOTluRDk4N1NXVXgweDhVZjYtcll1SEladmFOdW9HeHhja1pBQ9IBtgFBVV95cUxQQUxwQnJQSkF6RHJzV3kwZE1RdzRPV0wzWDNQNWxzNHNVeWRyR0dnQXZON01GNGJreFBGRjNpX29WNF9yOGNiN2tWR1lQTGRaRHQ1SDVnaW5PSnFJdHVTakQ5Ymp6dUV4MW9vRDlqdmNtbnNlb0ZKZ1FyX1hxNTEzSHJvVFM1dTh4QlVMZl9MSWl5emNZeHZmaVMtY1E2a1VEMUlLeGtYZ3A2aDRCbGd5Wk9MeVNTQQ?oc=5,Mid-day,"Mon, 09 Feb 2009 08:00:00 GMT",2026-06-14T20:36:08.453775,spamming,True,False,candidate,https://www.mid-day.com/news/india-news/article/sms-causing-rise-in-domestic-problems-divorce-in-mizoram--31576
ransomware Mizoram,Mizoram: Accident claims life of IRB jawan on election duty - India Today NE,https://news.google.com/rss/articles/CBMi5wFBVV95cUxNRnJoWURSdHlTalZNSXRtV2RGbWhGUlJNWDg5VFBQcmlYekdTQjFWNXhtXzZhRnVTLWdKNXFybjl1LVBmSTBZNWlJWWNhYlhtSUo2YVRnQzJhYWg3VGJoVExabDlNSEVPdjR4TEhTZV9qQWNlSFdxdm9ncHM5X1NkUnh4VUUxMlNHVEFSMlM2VjJMSEZxNHhTZFVzUUdmSXR4eEpSeEJPRHA4Vi10bTc0dTJ6MG40WmJEc0E3RmRyeVg4ZXJSeFhIYXBRZTE5bS1fZllFYVVHMnYyTUZ5NnZ6c2tCVEYtbjDSAewBQVVfeXFMTkdIYU5DQjYtTHU5MnNBSGtwSkoteDF2THdqQ29lQ19DRFdGeWE2bU12Q25QUmRuaWpWVzd0bnlnZ0VxT1k2SUFJR1hOUG1pd0pKcEdMcGx4UkktQk1MN2RYdmVITl9yVU9vMzM1a1pKQ2sxcHNDT1FNY2dJN05CdjdFYnZlZEcteXlrak9vRTFzaS1RbGZscnphbGI3S242MWRvTWhBTm9pZWE5SUwxUGdnOV8tWGdPSHF6OU5Rejh4THkzcUctazBBSFZIaExkWEpEVkpKd3VkbGRuYVE0cFJyU2F3RkRVTTdmTjc?oc=5,India Today NE,"Sun, 05 Nov 2023 07:00:00 GMT",2026-06-14T20:36:10.263407,ransomware,True,False,candidate,https://www.indiatodayne.in/elections/mizoram-assembly-elections-2023/story/mizoram-accident-claims-life-of-irb-jawan-on-election-duty-706255-2023-11-05
ransomware attack Mizoram,IDF staff sergeant from Mizoram dies in clashes with Hamas - The Times of India,https://news.google.com/rss/articles/CBMi8gFBVV95cUxOTUtFemZUQ1VoZTVkN21SWm5fUS1JMFh6TU9VazBsb2ZrR1JpUHF3UmpueVgyUkZWaVBJR0ptN1J5QzZ4WEdmeGJNVjZHOUxXeWp5OWtzV2JOQkJxVkpFbUhuemhvOWhWdWJMZkFHZXBzYTVpbDdLSjZrWGlhelY4bjVUM1BjRnlzWG9uLUExTEVWTkhLamo3eTRDQ2ZHM3hJaExUZ3RlZ1pBbWNtaE94dlVLMW5tTjZnMURHdnRnbi1JREcyNXYtTEdOaW0wSVVaVHZFaUtaOWoxMVpPYWxFbS13RWlKN3FiN3RxOWRINkpEUdIB9wFBVV95cUxOWnRUb3NDV3VZQzBQSFR3b2d0M0lQUWl3dDRmSE5NeWpLVjdNcF83ckl3X05ydGpLMnMyVlpLVnpxY2pKbWpvZ0JXSDE0OGFkNUIzblRqT2d4NzZvUGd3Tm1ZemJhVHh6OUdMcHVkdkc0ZzZ0bUlVS0tvWElqZTQ3TFJQWGFLM3RjaEQ0b1BTUXNXY2lab0JlN1pjV1ZSX3k0WHhoM0VHSFJhN250MXhJVVZpYjhWb0M1UEdXOWdYX1Zra25uWFBIWUh2UC1WZkhRYlhtZGdBbEpFbHZ2YWVTUnR1NEd0MkVlMkd6SV81Q1RqMGZ3ZmxZ?oc=5,The Times of India,"Tue, 12 Nov 2024 08:00:00 GMT",2026-06-14T20:36:16.381493,ransomware,True,False,candidate,https://timesofindia.indiatimes.com/city/guwahati/mizoram-soldier-killed-in-gaza-idf-staff-sergeant-gary-lalhruaikima-zolats-sacrifice/articleshow/115223768.cms
ransomware attack Mizoram,Mizoram Pushing Urban Development to the Next Level - Elets Technomedia,https://news.google.com/rss/articles/CBMikwFBVV95cUxPVE1SWU11UklKek5XYTl4aTgxdXBHTTRta0xwNGdmS1NITVVvQnFoTGdXWDhSY05rRTVaSFlXVkdRMlVQekRMdS1aN2xfZ3BGZzNmeEE5Uk80czVNWF9DeWJJWmhEQjQ5OHhoUWcyaVUzOEExOTUtRmRKX0Fnc0NlcjJKXzRDc21CX3VLMW91cl94LTg?oc=5,Elets Technomedia,"Sat, 10 Mar 2018 08:00:00 GMT",2026-06-14T20:36:16.381525,ransomware,True,False,candidate,https://egov.eletsonline.com/2018/03/mizoram-pushing-urban-development-to-the-next-level/
ransom demand Mizoram,Quest for Greater Mizoram Surges After Kuki's Separate Administration Dreams Crushed - India Today NE,https://news.google.com/rss/articles/CBMi3AFBVV95cUxPcWExVUZKWFI4N2JJcS15blVzUHlLeVZtY1dwaWV3Q2VoSF9HbS1GS2JLQUJLOG1uWmo3Qjk1alkwelR2SjhzaHZ4SFFBX1I2OU9NM181YVFXOHlXVUVuZG54N0lBS3VsV2txMHZvWUxqR0NGTmR0TWxDM2VjVHljLVZOb1hUX0RtaXVielVGVlppWlZaSGI0YUxLYzZLcUY3bENSUjg0akQ1T3hiYmdhUENkSlNVcnBlS3VqUy1sMmN4Vmlqa2F6eGk5OHdVOGlUcWxyZDR5dEVFSmNx0gHiAUFVX3lxTE5LRkNIc2Roa0p0NEktRFJxb05ibmxMN0NTekRrbk54Z0kyaUxQYjZ1Rnk4VWJSa2dJbE9GbkQ5eU84STJ1cUFJQ2NvUXpPcmVGVXdrbGVMSlZMdW1BdzlaWFNKQ2dEYnRHREVFZTFFSl9aVks3aHVLVWx6WUFwYy1ZNHlXUmg0WVI2T1RaOGFVa1d0SDF5LWJ2N2NTZWd4LUdmNDc2M3pFX3ZaT1JIZVJoU09iNFhCc3E4VDlLdUd2dHRNSEhSWml3V09HRVNraDlOREZ1RWo3Q3NCeHI3MjY1UEE?oc=5,India Today NE,"Sat, 18 Oct 2025 07:00:00 GMT",2026-06-14T20:36:21.711199,ransomware,True,False,candidate,https://www.indiatodayne.in/opinion/story/quest-for-greater-mizoram-surges-after-kukis-separate-administration-dreams-crushed-1292347-2025-10-18
ransom demand Mizoram,Mizoram’s peak hour demand of power supply goes up to 167.85MW - The Times of India,https://news.google.com/rss/articles/CBMi0wFBVV95cUxPa2hvbWhld0h1R0NfOXZqaG5NTXBZS0Z1Skk4dTBaZmVMcjhqc2t6SVc0ZDNoQ0ZrLWhBNk5uUV85WjUwN2xHVjNQVld1dWlnU1MzdGJEZGVsS2ZfdXZDdGY4ZFh4TU5JLVFmY0tBZzRPcjhmSkZhZjRJdVJpSnJxamZxV3hXR1Y4YWo4VkVmQmRmYV8tdXZUVmpfeEZDckticDdjMXZ0YlhpZWtWWWI2Y0FFQURma3BvbE9YcGRtOWlrZ0hqaEE1S2pEeEpvQTMybkVV0gHYAUFVX3lxTE81RFE4M3VMNndvMTlESG4tSlplSEpzODFBNHIzM0dTS282NkE0b1E0V0NCMDhUZThQYTFYb0swTWRrSVF5eXFZcTFOTDlxa2stRmhqbk5mWFdDMFhCZ1JhZEJfaW5fT3EtLXg2UFRTVF9UZFdmdHFjTXFCUWRkbkl4cHRzZ09YVVRlcGUzY19TSWNWYklhZWh4WnpPTjlhUW5GT0xXXzlpUWxGV1NOa1pyWkF2OFNMNUN5S2dXRW1BWWl3cG9aVDBqak1vTl9oWExYUHBwU2ZzdA?oc=5,The Times of India,"Mon, 03 Feb 2025 08:00:00 GMT",2026-06-14T20:36:21.711206,ransomware,True,False,candidate,https://timesofindia.indiatimes.com/city/guwahati/mizorams-peak-hour-demand-of-power-supply-goes-up-to-167-85mw/articleshow/117865743.cms
virus attack Mizoram,African Swine Fever outbreak in Mizoram causes Rs 115 crore loss in 2025 - Nagaland Tribune,https://news.google.com/rss/articles/CBMiogFBVV95cUxQWWRmdUQ4OTlGOW1ZSWY1T2t2VTFkZWRKbnlhWUNFbUxjdnF5ZFhBOFVEQlhkcUZOVzZsSmVZYm0tc216SGlJdGFCRmU0aFIwelp3cFNSbmhFNXh5LURIWFR0ZFBraTZQWjRjQkE1eDExeGk1cHFCYUROVWRsNDlQQUJYdFJ1bnBzZWQ2VjdDbWgta3NFV0Z4MVh1NjJzd2tqYlE?oc=5,Nagaland Tribune,"Fri, 16 Jan 2026 08:00:00 GMT",2026-06-14T20:36:27.223669,malware,True,False,candidate,https://nagalandtribune.in/african-swine-fever-outbreak-in-mizoram-causes-rs-115-crore-loss-in-2025/
virus attack Mizoram,Mizoram gastroenteritis outbreak: Death toll rises to 9; border with Myanmar sealed - The Assam Tribune,https://news.google.com/rss/articles/CBMiwwFBVV95cUxOZUM3NkRZTF9oTnBvdWxGZUJfal9ZbkFYN0VXSllsaGw1ZGJkX1lqTE9pd184dFExUHNvWnhCTi1wTEdXSndEOFdZVm1EamtSZ0NSeTBUZy10RXFwUHItdXhZOHVCUGstMXRtd0R5akxreVpVaFBYRVh4MDdoR3JPRmp6QlFYaEE2czRlbDFIcUJ4Z1J3dG9nSWdtd1UxTHh5UE8tdEk5MlpES3FTNG1NTFNwQm1kLW5sZTdUcHNrdlVQUjjSAcgBQVVfeXFMT3BfUmpYOHlZLWhSUk1sR2g2dXZodVh5Z1kzVV9tSFFuR0h1NzcyNFo4TmhOSXB4YkNIZU9fRGpHZTVUN0FsWkdZR3pXOWliQ1NMOVF1anNyRkVfaTBsMHl1ZlF5cC00anpoMkhyV2NLM1hqcTByVHBiWUhrUmNVMkstd25kMzdQZE1DRnprNFFyZV9PR1h1aGFjd2hYeFJ0YTdTQ0F6WW4tTW5OSFNBamRSR1hfdFFmVGZ1TDZBNmxYQWpUcXZPeHk?oc=5,The Assam Tribune,"Sun, 16 Nov 2025 08:00:00 GMT",2026-06-14T20:36:27.223701,malware,True,False,candidate,https://assamtribune.com/north-east/mizoram-gastroenteritis-outbreak-death-toll-rises-to-9-border-with-myanmar-sealed-1598162
virus attack Mizoram,"Mizoram exam portal breached by ‘Pakistan hackers’, restored in 1 hr - The Times of India",https://news.google.com/rss/articles/CBMi2AFBVV95cUxOVnV5S19EMHZQbkdQcFdfcVBQbFYwM0ttcE1mcHAzX1Q5SlBFWUZZR3hIRlN1ZkhvVUU3R193UnVkOUFSeXVYb1ZCYWNkZlNRbkY3ODJMMVk5WF9EQTY3T0pVZC1seG5heEVkQ0hOWVRfeXlXeWx4RjBoMGtjVVBGOGVGeE1KWkgyZFdNcWVXc09ybldqUGtCNmlqcGdGSVFCUlN6VFNTRE9LbTllYzQyTm5pV3Rjc3F5MmdaWkNvMUhWbWUzTUIxR3RIY2ZMVmt5M2hPbUR2MDXSAd4BQVVfeXFMT3RsN3ltTFFfZm84enVMSndSbE9ublU0UjNNWVRPZmhlaFg0X1hncUVEWUhReXFRTVh2SHd0U09wTzAyVE1xUS1WY2MtSzdRcjRVR2hmcnNpMGlMak1BV1UtNXkxbEtoSFBEcTNJa1JmUWhuLTdSMXQ2MFpyVXJrZFhmX1N6TG01TFhZdW4xZTI5SHBBS0tpZ01LWXJmNUFMNWR3WkRTNXdTcUQtdExqWm5kRmlpZDNnbnN4TXh1S1FLYkl6MTRuNkRzSl9mRkxxckxpQzh6em5taUVCU0Jn?oc=5,The Times of India,"Fri, 16 May 2025 07:00:00 GMT",2026-06-14T20:36:27.223709,malware,True,False,candidate,https://timesofindia.indiatimes.com/city/guwahati/mizoram-exam-portal-breached-by-pakistan-hackers-restored-in-1-hr/articleshow/121218875.cms
virus attack Mizoram,"African Swine Fever outbreak in Mizoram: Over 3,000 pigs dead in 4 districts in last one month - The Indian Express",https://news.google.com/rss/articles/CBMimAFBVV95cUxQcUc4YWNETmRkWW1yb2I1ZC1GYTQ2SHIzckpPYzhEcjdBRXdacHJhLW5ONjZKU0VNRHNpc04tRHRpV0NMZnpqSGNNd25JaWE4dE5mNlIwSWliWFMwaDZoZzBDWnYxb0gwZ2NCbm8tTlpYbXQ2RVBNZkFySjlKeGRHTUV6ZTVrWlZMeEx6N2xxUnRzY1VUWHVuUtIBnwFBVV95cUxQSDh5S0lXelhLczNEaUFSUklyUWJIWGhjazhOYmZ3enJtWnZTUzYxU2prYkVoOEtvMnE2dkFEZTg2dDZWMGdndmdWNHRtMk9KQ05fNWJsRnFpZUhFVUhDVjlwUmZJQjg3UkJUSjBweC01ZjNabnh4NkVtUFpHUmxHV2RENWlhU3pybl9PMkJKeFVSOWotbGRxWG1fQWdqUW8?oc=5,The Indian Express,"Sat, 26 Apr 2025 07:00:00 GMT",2026-06-14T20:36:27.223718,malware,True,False,candidate,https://indianexpress.com/article/india/african-swine-fever-outbreak-in-mizoram-pigs-9967601/
virus attack Mizoram,HMPV Virus Cases: Mizoram forms Committee to address rising concerns - Medical Dialogues,https://news.google.com/rss/articles/CBMivgFBVV95cUxQNXYwRHpqLUZZNDgzVjVnOHRsSE4zeDBRcWh2LVM5WGVQN09WOW4wOGhyYmQ4MHpHTWZtMDRJamUwMl9BeERaaHIwNWtWT1VzMFZqOGpzdGFzd00zSXBWTHMyOG9hVWMzUDRSUzhsLVhvaEhCajY1cE9hR3JLVHFIRkV0bGJjYThJazlVaDc0QjRfZFR1QjVBWkVuOE5HNGVpalo5aUxHQUMwbkRlam8tZlVYWU51MFNLdm00MTZn0gHDAUFVX3lxTE9WN2Q4QjlFNzZudFFJdUJtenNrOEJjVHBlNTNYQk9RNUd4X184VllXcWtFbHFkZkw1TWhIbENDZVZfRWpZaHM5amQ2NWtWd1JLN3RZSGlPSjNETU1WT1hXa1VNRVhsUGVrZlhnRC1wbW5aR29SWVR0NllPYnhTaFRuODNmY1h3ZVd0SnBlRnVxMktiVVh4UXd6bTFHa3V6Ty1aNk1DNWVndEs4ekl2UzhxVzZNUUlXTUhSLTUybHhpZ0xXNA?oc=5,Medical Dialogues,"Thu, 09 Jan 2025 08:00:00 GMT",2026-06-14T20:36:27.223726,malware,True,False,candidate,https://medicaldialogues.in/state-news/mizoram/hmpv-virus-cases-mizoram-forms-committee-to-address-rising-concerns-141205
virus attack Mizoram,Mizoram: Over 38k pigs killed or culled as ASF outbreak continues - Tripuratimes,https://news.google.com/rss/articles/CBMirAFBVV95cUxPMTZrUWxtU3I3ZDUweTdCSTlUOWtIb0xiTHdyci04OXdVZHlaaWl1RFBJdkxHcEs1dWFXS0l4eUhEQlRUczU3Q2cwcnJnSUxlMUpFUlViQlNoLUNGVGJaQ20ta1NpTzhaRnNldW9jMmhCZ1BPQ3dobk5xUHg0Tzg2V3FqTkNyTGtwZFkwT2N3bnNkWGgzVDNCSGxKaVpRZXNNSE4wRnBRU0V4X1Ut?oc=5,Tripuratimes,"Mon, 28 Oct 2024 07:00:00 GMT",2026-06-14T20:36:27.223750,malware,True,False,candidate,https://tripuratimes.com/ttimes/mizoram-over-38k-pigs-killed-or-culled-as-asf-outbreak-continues-20773.html/
virus attack Mizoram,"Mizoram battles ASF outbreak; 3,455 pigs culled, losses reach Rs 110.36 crore - The Assam Tribune",https://news.google.com/rss/articles/CBMiuAFBVV95cUxQNjJPUjNoZWU1VTh1WC1fVVVYaTJXbUNzQmZOazhHQjZ3QUtiRkNreWQzY29YWmNmeEs2Rll6YVZaN2VqYk5QZkVlMEVuMnFXam84VVhIMnVPZ1BaX1g3Rmc5bWQ5MDFaMUQwWmkyQ25pSW9NeTVDZTAtSENaZW1yWjI4NmNXeDJmNmVmZDJGci1fMDVnajVHUFVGd3h0MGpxYnJ4M01uTUtQT1p5SmhzNF8xMlBselBR0gG-AUFVX3lxTE5xd2IwRnFvdW5oUldOVktNTHNvdFUwWTVoS0k0b1hTNVRIc2wtOW5HMUx2RWxlTllvTzFXR3FIQWx1QUE4NWNadTdsbjN1MHhzSzVUWUdUYXNoVWFPZVN6WEZqM1licjlOcjF2WFkxZHkxQjBfaEdhanZNVklCTUU1Y3dENTMyenVmWlBjQjE2UmlZdkFTRTYxUGtpQWMyUERhX195b3FKejNsbWVfWmotQmVMdVI5blFDTFBvQ0E?oc=5,The Assam Tribune,"Tue, 30 Sep 2025 07:00:00 GMT",2026-06-14T20:36:27.223794,malware,True,False,candidate,https://assamtribune.com/north-east/mizoram-battles-asf-outbreak-3455-pigs-culled-losses-reach-rs-11036-crore-1593033
virus attack Mizoram,"From Chennai to Mizoram and Back, with Love - thecitizen.in",https://news.google.com/rss/articles/CBMiqgFBVV95cUxPT2hwSVEtOTNwcG1sWnVlTGNzZFNwdmtVMmR0OUxCZnIwaEp4SnhhTER1SVk0b1poRnRLNVlNWDRGRlp0NzNLTXdSdHlOSVQ3bWlteFFvNnUwY3NkZmFWNDAteXl5Nk9uUzlwMm44M3NWYS1UMDFvNE1wSVFGU2FuaUY3RnZLY29uTktHeThHOXo3SlVJSkxTb2g4TmhwWU8xOXRkRG5hU1p6UdIBrwFBVV95cUxNZlBKQVVYLUIxdzJBX09QV0hvLU8xejZOcjREeTd1RlJtWThNOTV6RHR2Nm4xQ1NKT3MzZmZaT1JoV05GLW0takpmUF9iMlhua2o2QXFXa1I5ZjBlc05mTFZRcmU4NkdYUXBPLVhwTmUwMXhsMUREVjY1QVgybTNoTDZxUmJhYmkxSzduQjBEWWJZX0Zmc29LbEptNFNmQ2tITVNLcEgzTU5haDBnbFRz?oc=5,thecitizen.in,"Fri, 01 May 2020 07:00:00 GMT",2026-06-14T20:36:27.223810,malware,True,False,candidate,https://www.thecitizen.in/index.php/en/newsdetail/index/9/18686/from-chennai-to-mizoram-and-back-with-love
virus attack Mizoram,Mizoram suffered over Rs 900-cr losses due to African Swine Fever outbreak since 2021 - ET HealthWorld,https://news.google.com/rss/articles/CBMi6AFBVV95cUxPLTBTdWZ2SW5wZ0dZQTJDOFdxbnBCUzhfOGFsOURxM25SZEdVUUpPbHBlRXVxN1R0Y0s5VUZTT2I4TGZFU2VDNEpoQXBmbXlaVmt1SVJRRExlQVRhNURCdzVEclM5ZVBzTnBkWDIzYXBoQWJXZzVvQnJGUjhnQVExczVYblJvaHhqYmRsczhuVDlPWDhYeXZxN1dXREQ1bVltY0dsMEg5SlZFalNiMEZqNWdGbGNLX2VsanVjdmh3bVJXVnpTNm1saUpBOWV6MnhMLUZ3N19LaDMtREp3YnVVMVhhT1dqSXBV0gHuAUFVX3lxTE9ia196LWhGcjg4dTcxVV9xdFU2cTB3UHc3ZDRMOFhyd3pCeEtnX0NBUzJqUWY5ckh4S1V0b3Zkd2o0UTQzaktRRXhZbjA0Q0pISjN4R2VncVJtSGEzSzl0UEdKZ1NJdU9BNEdsQTR3LXEyMVcxdlhnSUJCYXk3bE1GTTRoSmlzY1BURUdVOHNXQ0ZnNWx6UTNaLWhJU0RNV2g1bVRzc3U4UG1DM3NJUWh3dHB5R0VqbTlZRDh6UTlSLWRaOEZkaGRiWFJLM1RwUmpibFpFdC1wTzl1SU1QZlVOTmQwMnFQTEt3anpwemc?oc=5,ET HealthWorld,"Thu, 17 Jul 2025 07:00:00 GMT",2026-06-14T20:36:27.223841,malware,True,False,candidate,https://health.economictimes.indiatimes.com/news/industry/mizoram-suffered-over-rs-900-cr-losses-due-to-african-swine-fever-outbreak-since-2021/122643640
virus attack Mizoram,Why HIV self-testing can be a game-changer for Mizoram - The Indian Express,https://news.google.com/rss/articles/CBMigwFBVV95cUxPX29zTk1iLWpKRWtybmN5dUFaRGtZeDRVMEViVnNKRUczMFRVU3VpX21TdnhXOXdPbTBmOGhfdU40VGV2elNGOW5ibnJGMU5iZTl3U2I4M1AwUmlPZHk5R3UwUUwtM1FmU1VkZlNFRUVLelc3ZlhudDBfVkU1aUo5c0VGZ9IBigFBVV95cUxNY3IzSWdxaFpfNDlhb1dRdjVaa3hxRkk0d2ZudWhFdkx1bmpRRVRpSlhXQkRIX2ZnUXUtRVEwbk9kdHFGRGx1cG5od1NsY3hWbFVnaThXcVBReTU0TFlZREpvcFp2ZkhnZXhFRmM1dGFucW4zTm5Oc0REdC1kb1FUQzBUSkhFUzhSRnc?oc=5,The Indian Express,"Sat, 22 Feb 2025 08:00:00 GMT",2026-06-14T20:36:27.223849,malware,True,False,candidate,https://indianexpress.com/article/explained/hiv-self-testing-mizoram-9850135/
virus attack Mizoram,Mizoram defers decision on OBC status for Gorkhas - The Times of India,https://news.google.com/rss/articles/CBMiwwFBVV95cUxNQkpQTEptT0xvYnNTWGI0cHB1Q1I5T0xyaTBVNzB6Y0dwcEZtZFVtbXEyZE5PUE9XZ1JEa2FfMng1Y3ByS2F4a2YyeFhYVjBsM21QQUlqYU8yQmgzVS1RSUk0TlNTbkpBZnlFNGxUTDc4LTNPcUw5RG5ZZDY0NVUxaVpraEN6aVBRajNnRGdQQVJuY0xSa2Z2M1FMVUp1SnZpZW1IYm05Skx1ZzJZN3lhc1VlZmluUTNHVmtPU0pYQjM0UGPSAcgBQVVfeXFMTXhlNS1mY19IN2RJblUwakI5UHBwS1J1aXpfdlF2Zi16YVZnVEFub0NROFB6MU5ESWY2T3RYZ0pQdFktN2FFak02cUN0ZXhrTVhqOHhpNk56UkxBc09WcU5pNmpBZ3Rhb1g2enNuLWN3T05rQV9nVDBkWDdWTkR6NUVCcmRNNmV3TVl1Ql9wRFktWmRVd3lOTXVtbWFRNTZkWjZRaDU0NHlzd01mWjRyenR2NnNYNXFDYy10akdlWHVWWnpaUGE3bjc?oc=5,The Times of India,"Tue, 24 Dec 2024 08:00:00 GMT",2026-06-14T20:36:27.223887,malware,True,False,candidate,https://timesofindia.indiatimes.com/city/guwahati/mizoram-defers-decision-on-obc-status-for-gorkhas/articleshow/116639645.cms
virus attack Mizoram,Ex-Army chief VK Singh to be sworn in as Mizoram guv on Jan 9 - The Times of India,https://news.google.com/rss/articles/CBMi0wFBVV95cUxOczlYcG9HNDJORG5KaXYzRndNOXVhZDM2eTRvcFFaQkxHTzllNGp4Mi1Yam0wM0t6YzlYMklWSTZwSU5hWDFsWExmRC1iWkdraHl0TUhhSzdCMS1TTHFQcjRFT3pLczhBMWpIVEdMUGJ3U2lDa3hqVUQyRzJUMU1sMEJCeGk4U2hLMU00ZkNndGNYNzduekk0SkNvd0hfVHpqakZlNEFiLUM5TzBzNGZmdmV3ZnNIT1Q1dnJ1Z0JWR3ZLNzNIbEs2WTRHbHdvLTYtdjVB0gHYAUFVX3lxTE5BUmRCZ0ZtNDRUTG9UdHU2QjV2LWdCR3JRam5UOTl3NzB5aEc3czl2STRIUlFqSVdXYlRkTWw4dE9tUmp1MURMb0d2R1FBMmlGMHd6aVh4X0hPcV8tbFpwZTIwdGZpUlhuOS16YXdudHZfdjBrTnBLS0FTcWU0aHRVY0gtWWwtUk5NVk1Qb2x1VUd3cXA3N1pkQklVYVlueEpBVnM4VzlySmdUb0lCN18yUkdnVW5La1c2Ui14eGs2VUQyVXVCaGsyV25STHF2UVp5TlpsSU5nNA?oc=5,The Times of India,"Tue, 31 Dec 2024 08:00:00 GMT",2026-06-14T20:36:27.223895,malware,True,False,candidate,https://timesofindia.indiatimes.com/city/guwahati/ex-army-chief-vk-singh-to-be-sworn-in-as-mizoram-guv-on-jan-9/articleshow/116832514.cms
virus attack Mizoram,"Over 15,800 births, 6,392 deaths recorded in Mizoram this year - The Times of India",https://news.google.com/rss/articles/CBMi0AFBVV95cUxNQUZmM1BaampfVG91VmdBeTFHSFF5R1JOaWkxbVhfMzYzZ3QxTmpIWXNlLVlkSFF6dzRiNzE4RWttaHpiS1RqX3QtRjZJT3RWV2hJbHc2QmxqTDNhNG9pQTNsZDMxc0lPbkdOQmlRdjd1ZkZpWkFmMS1FMjZEUnhiOTJRQ2JJUUpvQUdfRzZ5YUdwM19VbEg4MlNqRVhuOHQyVEZEZUZVaGQ0OEE3c0JUa052OGdmVGpKeDhhdGtVSWxiS09mdEJfMEYzMzBGczZ00gHWAUFVX3lxTE5xSklpSTR0TWdGbkN6elJfZW5EUlpOWVdQdTlhdDc0ZDFKTHVPZXZQUWN3LVU0bXYyRzh4TXlSVUV0MGgzbzgyanBjRjEzdC1Cc0tILTJkQmtEWWdhWjVsTnN2VVhHNmdjVVJ1ZFE0THI3em4tWVlINzZXdWpKU19nRjJuQTV0MDlLTVB2c3pFcTBxOHNRRmVxVEhvWG9QWG1oYl9UcWRXM2tpdEUzMmk4b0pLd1g5ZlZuT3FQMGtycWNxN0hLX01tRDZWeVkxYzlEWkVpWUE?oc=5,The Times of India,"Sat, 28 Dec 2024 08:00:00 GMT",2026-06-14T20:36:27.223910,malware,True,False,candidate,https://timesofindia.indiatimes.com/city/guwahati/over-15800-births-6392-deaths-recorded-in-mizoram-this-year/articleshow/116749625.cms
virus attack Mizoram,"African Swine Fever continues to wreak havoc in Mizoram; 4,650 pigs killed in 2 months - India Today",https://news.google.com/rss/articles/CBMiogFBVV95cUxNTWpidjZtOVJzRGxETEViQnNLYmk5cnV0VWJvd0cwYzQ3bXpxbkpOek83TE5xLTFsck94UVEyOEVEV0ZjcmdtVlZWRVl5WTEzMmNmVUY1TEJzZDlYOE1xLUt4OXVReURfZ3duVWFaWUhwRkE2aU1MXzM4eVY3RkZnX0YybzVWRkQ4UmkzWUE4b0hmU3llV2RHUzhqSTFSZE5NdmfSAacBQVVfeXFMT18wNlVXMkR6WS13M3ZxSEVDU2RYTlM3NzEwcklPREhfQXp2U3BydUF5RkVPaFR5ZC1FTTdVR0JNU1FpcGNjT1VRcGpDdktGM1k5WnV5NlRlZzY4eXRMRjZrSlZrMURHLVEzS2tlYVV6dG1nRVNZZXlSVXBRM2tJa0x1QlRNMkFJV1lFV1E4enNrcEwybEgwYnJMQnFIdzNBMFRpeWdHZVk?oc=5,India Today,"Sat, 29 May 2021 07:00:00 GMT",2026-06-14T20:36:27.223932,malware,True,False,candidate,https://www.indiatoday.in/india/story/african-swine-fever-asf-mizoram-aizwal-pigs-1808490-2021-05-29
virus attack Mizoram,"African swine fever batters Mizoram’s pig farming sector, losses touch Rs 115 crore in 2025 - Daijiworld",https://news.google.com/rss/articles/CBMiZEFVX3lxTE5xY3hmb0VCeHVyNEptcnhHV1pRQ0dVT3ZXUk5rVlo4eGloQVVJU1JQVU84S1RUSXB3NE5UNVA5WEFQRVo1b3JXTngxSWVJdVY1R3ByMkY3dFU4ZmhPblc4bkMzbWk?oc=5,Daijiworld,"Mon, 19 Jan 2026 08:00:00 GMT",2026-06-14T20:36:27.223969,malware,True,False,candidate,https://daijiworld.com/news/newsDisplay?newsID=1304105
virus attack Mizoram,Gastroenteritis outbreak in Mizoram: How a water-borne disease killed six in Lawngtlai - Mathrubhumi English,https://news.google.com/rss/articles/CBMiqgFBVV95cUxNRWF1SHdoaW1rSjBETWxpRU1VeXB0emRjNXdURE1xaFQxM2lRY0F2clZJM2JxdmdrQWNEX2ZyaGxNWmx1U3BCc1BzdEhQSkdabmMzbjRORnVBU3BmRzNwT0RSTWNhZGJsbmRmVDlEODFxOE9xeEpCSDViMGNtM3NQdnctR1FOSVVDWmROMy1ucENkU1hCM2hZN3BORGVYcFhLMjg1RkRDSTVzUdIBrwFBVV95cUxQcmhrZGpNcXA0b3dWanN2OU1PdWdCMmIzV3RUaUVBc3lqY2NyeTVjVEh5amlfLV8tZTNJeVVaUElfMC1lUkVPenlUZ3UtMGQ5UXRUbWtISExhSUk5WjZKNFZla2tLekxVT2dYdGlvZ2UzNEpsdnlWR0JpUnpkbzNMMGhLS3JIbjZhV0hRTDBDVEdqLWRQQlRkOVNXRnJSSjZsR0szQWZOWENtczFSZ3hR?oc=5,Mathrubhumi English,"Sun, 16 Nov 2025 08:00:00 GMT",2026-06-14T20:36:27.223976,malware,True,False,candidate,https://english.mathrubhumi.com/lifestyle/health/mizoram-gastroenteritis-outbreak-deaths-infected-gtsxuw5f
virus attack Mizoram,"ASF outbreak claims over 1,050 pigs across three Mizoram districts - Northeast News - Northeast India news 24×7 -",https://news.google.com/rss/articles/CBMinwFBVV95cUxPM2d0a1lnblk5N2k5YlNXaDdvMlhnZjVrM3A4b3FlV1JsalRhNlFyc1NYQ2NCNDhzcUVzQl93RF9lRkRtOENEUlNTQ2RVa1hkSWxReW41RkpBRTA1TEtEMHZQV1AzRFlTZnRrTGhMV3pHd19LVVhidzMxcXRoQlhXbmVCdjJrQUNtSV9TaFlKR0lUN1hqdTFPaloxbVZSWlE?oc=5,Northeast News - Northeast India news 24×7 -,"Sat, 05 Apr 2025 07:00:00 GMT",2026-06-14T20:36:27.223983,malware,True,False,candidate,https://nenews.in/mizoram/asf-outbreak-claims-over-1050-pigs-across-three-mizoram-districts/23045/
worm attack Mizoram,New worm-eating snake named after Mizoram herpetologist - The Hindu,https://news.google.com/rss/articles/CBMiuAFBVV95cUxNcXR4WE9MZHBUeV9scUNTamRoT1pOQm1CdV9YYVg2REhydXphQURkV2VRQlZ3b3VnUHpaUW5qc2hIeEtVWkVGQUVucERsMUd6YktzemtzbzBoSGFWVkF0UHdRYWdfZ3dkTGlYZ09xcUJzU3g1WWE2SFVMRmc3bnJFSHNVN2laQjNIa2gySUdUam40bjl0ajlZWjJERlMycHpuR3Y4V3pTSUxfT2E2M3dpMGhxV0EwUkU10gG_AUFVX3lxTE4yN0RHVzBQdkxtSHFkcGRBUFZsRGI3TFVyeFpwQTB0TUZlZ2oycVhSb0l0WmRLc19zVmM2OTh3SktsQ1NJSGFXRzlPazQzcDY5VFRaM05XRHlwd3BCYndfV05qX014N0Q4LTVkLUpjZEZlYXdPbGM3WkVjNTBpcmxRU3FpcHAyS3ktbno1V0NtSjExV1FJRlA1Z0JqQzBCTlozTDRYc0NjbVZiMm0yN0lWVU04LVhZQ08wRXRlWEJv?oc=5,The Hindu,"Thu, 21 May 2026 07:00:00 GMT",2026-06-14T20:36:47.606226,malware,True,False,candidate,https://www.thehindu.com/sci-tech/science/new-worm-eating-snake-named-after-mizoram-herpetologist/article71002293.ece
data breach Mizoram,"Mizoram student body asks state govt to retain ranks in class 10, 12 result books | Education - Hindustan Times",https://news.google.com/rss/articles/CBMi4AFBVV95cUxONHNYU2otWjJ0YlBGZHpJUHAxc0J4N1RieXpzLU54dDc0TUlwWmJNb0c2RUhEU1dfbm4wTHpaZURpZUFSTE1xVmNkenBvdkZXV0dxTDEzSm41aEdDTm1Jc2VOejBIbExPWWZSQktZOUJiVlVweWhWX09XMU1kQThsZEJnYXQwVS1MNWVyM3hSRXB5Q1Y2Tl9kODNGdTZLMXBaLTJKRzdDcWhVMzU0anJOeEZ4QnF2azVSWjh3NEU0dldKSTZCZDM3YUVvZjBXZXhiZ2phUkpRS01UeWljZXRfSNIB5gFBVV95cUxQQXpiUmhqcEVpTGZKSC0yYTBwNFk5WWVHODJScHVFNWVuUTBHbDItSVlWRThUblZQdUk4Q0hTSkRoczhuMEZaNnZwS0JIZU5kRUdVNzhiWVRSZGdDWnhNOVlqOEd3SGt4YTIxdXdCUm1oSjdLNnRQc3Jtbjl3Z3pfWGdSbmR1N0xfU2s0Z3l2dlFSMDVhTGpJMlZLeEhzZE1xNkEwWHRRMGFmY1UwWGZTaE84UzBZZmw2dE00a0FSUWpzSV9ETkZxNU1kRVd3QW5Jb3lKSzVaOUNPSWxjeHJLX09uSW9kdw?oc=5,Hindustan Times,"Thu, 29 Jan 2026 08:00:00 GMT",2026-06-14T20:36:49.970163,data_breach,True,False,candidate,https://www.hindustantimes.com/education/news/mizoram-student-body-asks-state-govt-to-retain-ranks-in-class-10-12-result-books-101769654452290.html
data breach Mizoram,Mizoram govt to sign peace pact with Hmar outfit faction on Apr 14 - The Times of India,https://news.google.com/rss/articles/CBMi2gFBVV95cUxQVnhfZkxoNXdPUG94ZVM4eF9PZTMyMmgzU0ZmeXB3aUNPZkREcnVyQWR0LWdWcFp1LTNaUUJ2aWdHdW1PTmdvaGc4a0o4WDVUNTRCNE02OFIyei0wd2tjRUFYbXctMmNXX3ZubEdmLW8xT2FxSDhpdHFIWmhkeGhUSHJ1Q254UGQ5ZHBjZ19MNkN1MkRIMXRJZ09QdU9zeXQ3eFR2N0ZSM0FrTW5tblhPNUZsTnpYUFg2NmlmcENPMHlPYURUSTc5aEFlZlllalZXUmdkZXNRMHBNd9IB3wFBVV95cUxNNnFRQU5MOVgyekFzVXlPdmhnOVNFUkI1cVZrem5Mdlo1MElpTHJrc1FiNXJiMUdub2ZYRThieGJtXzM5d25OR0NwOW5SVVlSSjhSR2VZaWVhSksxdnlBZTlNem83NXF2ZG1OWVFoaTNKZWxPX1lSbjNKUnZHaDk4b0lpWklPMmdfVmdCYlZGVHYyb3hJZ2hXZXBRNTN5NzRUcDdLUUp0OEJYRU10ZEtoSDRRbGRjWVdNOUgwS3ZLR0g4bVd3Z19JblB5d3JNSXhwSTN2dnUzUW9CbWlCZDdV?oc=5,The Times of India,"Tue, 07 Apr 2026 07:00:00 GMT",2026-06-14T20:36:49.970173,data_breach,True,False,candidate,https://timesofindia.indiatimes.com/city/guwahati/mizoram-govt-to-sign-peace-pact-with-hmar-outfit-faction-on-apr-14/articleshow/130069637.cms
data breach Mizoram,"As Mizoram collects biometric data of Myanmar refugees, experts flag risks - Scroll.in",https://news.google.com/rss/articles/CBMiqwFBVV95cUxOcVRoS1Bab2FBUHVDTGI1NXhJRUFWWDA4ZGtxLXgxX25qaG4wSTZwWncyendKWDZUb2tEWERnZmNPSmplYU9BNTA3UVMya25zTTNEd2d4RGtDTTA1X2QyRmxZaEVSX0QyeDhzdnNwcG80UkJ6N1l1d2E0ZnV1dm1qSEhORXpQUjlRN054dWhybjJWU1JIeUVmbmJfYnZpMWVuWjNrU3hKaE4yakXSAbABQVVfeXFMUFkzMGhDZHZHXzhZaWZNcmRGcjU1cjBPcWhYSEtITGZoWTlMZEdLQ1JwUUxRcVBTMTRlMlpINTViSElUSHNCWHc3bm00VGl1VkhtQ1pTUEp3eW1pcGhMSDhQYUN3aGI5UGVVbGFJQnhteFlxMlJjcThya0Q4a1NFMTVybGpiLXpYdFFJRjc0dFpKRjlCQmRqUW9ERERzblRIWWhTR09kRzlnMXlCREEtQjc?oc=5,Scroll.in,"Thu, 21 Aug 2025 07:00:00 GMT",2026-06-14T20:36:49.970196,data_breach,True,False,candidate,https://scroll.in/article/1085733/as-mizoram-collects-biometric-data-of-myanmar-refugees-experts-flag-risks
data breach Mizoram,"Assam Rifles recovers weapons, ammunition from Mizoram's Champhai - Business Standard",https://news.google.com/rss/articles/CBMiyAFBVV95cUxOVEwzUktXSHM4MFdjc3J3b1o5cWJsUDg4SFdtc2NhdGwwRVpQVEV2QVF2am0zSVZRaVpHTEhEYUZkTmRPTXlxNm9GSkwyUDNFQWdVUXphRGFrMnlsLVdDLUNudndWN3NVY2h0YkN5TnR3TlVOdnhack1UX0V0TE4zMkNRTUlubU5wRWE0cVdCRjlDVktfbk9oNHNmNmtvc0Vucm01UWVyNVRyY2RqczdlYWwxbEtCZ0ZfUmtMaWRFWW5zLVZJaDNnS9IBzgFBVV95cUxNQTg2ZlZSODc3Tmx4cUkyV1pLUjV5WDF5dFhOTEF2Y1NJTnROX3BJSEVPTXdoUktlVEhxalZ2X3hzdUN5MlY1eElaVUVCSjBKY2V1eVBfVWNNVlhPd2tpRFFtV3RZeWUxSHYyNkhMZmFPQW5sSHltcHhnN1hwanZkRnA0M3dHYnR2aURnZU5EYWstRzJibjk0RWU3Ul81a0Q4V0VwNWZoVkJNV2NvaExpemF1ZE1oZWd2eGFaTjJMcEZPYWJYN2dOdEZWZm4zUQ?oc=5,Business Standard,"Fri, 22 Aug 2025 07:00:00 GMT",2026-06-14T20:36:49.970204,data_breach,True,False,candidate,https://www.business-standard.com/india-news/assam-rifles-recovers-weapons-ammunition-from-mizoram-s-champhai-125082200370_1.html
data breach Mizoram,"MHA reimposes Protected Area Regime in Manipur, Mizoram and Nagaland amid security concerns - The Economic Times",https://news.google.com/rss/articles/CBMi6wFBVV95cUxNemRvWWhieTQ3OWdoSmxSeW13MU5pNUpiaURibk5saFhkUGJJRWk2YWpHaWp5bENQUmcwNmk3YjBkOGlMUGEwejFZTXA1TmJsNzgxdDU5QkN5dlBoRlMzRmtTbFk5ZEtDVnpsRm9scGVENUhEdWdIdEY2YXVwZTdWNFZ4dlJmRl9mZDlwOTlFVEFTQWZnRVhLWkR0WEtRd3I2U29TS3dkZ0ZjX2dlNXZZbkd4VF9iM2E3eVRHcUNrTnRsVTBXY29jZWc2V1EzdGwwS1R6UURvcl9Nb1hWaExEQzN1WDV0dnBPeFh30gHwAUFVX3lxTE95TFVCRUJwRGNNc0s2ejVpSFVYWGJqczNUSFAtbTE3X3RwMFZWNVZyMEppc1dJenZ1V2VIZ2l0TjY1cWsyaTFuYno1cV82aW1xZjk4LU40bUtDTnd3Z2xmSms3Zm5mT0t0LTRQU2FHWkZXbHV3QWVYWkF1OHlaQ2VlWkxVOHVpVUhCaXdwMHIxQUMwZTliRU1vdHhKY3pTdklMSlVnSWVGc1dlcENNenRUd0Y1MmlwdnhYSEN2dXltSUVudWttRFRzajQzdXJUMEJRQTB2TTNSX1VjZjBibkE1YUl2c1hZbXNmMUwyVXFHVA?oc=5,The Economic Times,"Wed, 18 Dec 2024 08:00:00 GMT",2026-06-14T20:36:49.970219,data_breach,True,False,candidate,https://economictimes.indiatimes.com/news/india/mha-reimposes-protected-area-regime-in-manipur-mizoram-and-nagaland-amid-security-concerns/articleshow/116447237.cms?from=mdr
data breach Mizoram,"Mizoram govt incurred loss of Rs 128cr in ginger procurement, minister tells assembly - The Times of India",https://news.google.com/rss/articles/CBMi8gFBVV95cUxPanpxYURqQVc0U1MtNENENlRXaHgwWkJNdGQwUjJaQjk0X1ZIRHVPaE9WVW12Q2xIUkdXREFyLThXTXpVOVYzRUhoemZOZVl5Q1JWQlgzUEpKdTBybzdaMTBsN1BoUHE5cUdVOUxvOUwtemxBczVIUk40MjFTWHRTa1MwSXlFMVBtbGFDbEN1MkQ2YnBHMzNhV0Y5T3piajBHZEYxMEk2eTBVVEFHN0Q4RjR1Q0p3MWZPUWdLX3lFS0tOYXppblBwRXlaaFhWczBSX1lFcGZEaDZiZWtvS3hEMk1yeENxNUJrMWR2NzNIWUxmQdIB9wFBVV95cUxOdE9femlpd2t1ZmFsWTJUb21sUGJyTW1aYWg1d1ZURkRCUFlBTW5aTk1raWV3TlZhOU1pbWxqNlpiMmRsTXBHaE9LckNzUHc5Sk9OUWxQbDFHdERvOTFYSlNNMEtDU2VwemZtX2hraEJ2Nm1kNnNGbDBNRDhzamlobEM2SzM1LVZZdFJ2b2pxeEtqSEJua1RJaWxMaVdfUFpEazNGVjl2djhmZmhHQWNJRDlwZ0ZIMUZhU3JXbm84cDRRVW8tMUlTQXdRNGNQa1ZzblRVeXkzUVVCNzdXUzY3V19oS0tOdFMybHRaMlJRclduZVV0ZGk0?oc=5,The Times of India,"Thu, 19 Feb 2026 08:00:00 GMT",2026-06-14T20:36:49.970226,data_breach,True,False,candidate,https://timesofindia.indiatimes.com/city/guwahati/mizoram-govt-incurred-loss-of-rs-128cr-in-ginger-procurement-minister-tells-assembly/articleshow/128521865.cms
data breach Mizoram,Mizoram guv praises Serchhip for highest literacy rate - The Times of India,https://news.google.com/rss/articles/CBMiygFBVV95cUxQcEpWY2w1RWIyVFQwcGZQU250aVFXZl9fWllHODhaZTlSTkJhdkpHbGcxaHF1UXFSLVF0VWpKX0d3eHpzenFXX0lRT2tPd0wtUXh3a0dOTTFmZDlrZ2JUTFNuRTNuN3VZN3FFYmtjdmxrdV8xbUJUNVNYb0swNFo4S3NFUDFiVXZkOUtaV1FZWWZDVXgycGwyRnIydEFXNXJ2NmxyYnRxLUNGYnU2bjBEZ1p3MjJiR25GT0ZoaFp3eWE4dnozbVA1REN30gHPAUFVX3lxTE1lcmNmQWVJWGcwcDFCNTU5SWl0ZWxZR1NZbkszeXRsbFRpSjB2OTdtZUNadkwyOGh5Ukw5eGZJVW5mbDI2QUZjRS1JQUthNDZJekEwWHl4eTFjQ3ZVeTBhT2NDWlJNTkJZTi1QaV81VGVVanVQTkVlQlFjclBKZjFmOXU4MkNFQzFCYndLNUd2QTlXOVdwNWdhWDNxRDZSWHRFU3dMVDg3a0w0dy1uRlZTbWtwNnhVSk5PTUs3QXlQLWRJN1RRM19lb093WkpzRQ?oc=5,The Times of India,"Mon, 11 Aug 2025 07:00:00 GMT",2026-06-14T20:36:49.970265,data_breach,True,False,candidate,https://timesofindia.indiatimes.com/city/guwahati/mizoram-guv-praises-serchhip-for-highest-literacy-rate/articleshow/123243096.cms
data breach Mizoram,Mizoram’s Peace City project draws 18 bidders - The Times of India,https://news.google.com/rss/articles/CBMivAFBVV95cUxPTG9pd19aMkNYTkFMckdQQV9XazMxRndaMVZ6WXVDNF9KYUVDZWZDRnd6MXd5cFNYQ3o3WTcySUtnWWNGN1hzZzgyRUpueHQ5WTRGOGEwZnBXNjZ6djJwbFJHN290OHlDYUlsdEV1eWUyY1hGNjJvY0tVd19VdFc5Y2ZrQjNXS0pROE5rX1YydnhVZnBWZ1hreGtPVjFOX0V6Q2R3SGlyNVRsNG1Dak9udkZNLVZNbWVtUTZJOdIBwgFBVV95cUxOQ0dZOG9mLUtfUjZjVnBuNk1TTzhLY19vcEpmc2ZzSmNrNXV0T0pWN2lwVTg5V3ExSno3cmhrcTY2dDlqSUZBRGVtU01CVlhyUWdyb1dMSGdveWEzdHpzTVJwV2t3blgyOVdTZWJJR2dla0VRVGJkMVMxYlUzSG9MUzlHRmlNM0h4QkFLeVp2RlFQM3B4bldZQVZQb0xSbFdrbko4M0kwME9MVllaaER5aDJZZzlCVjRuQTZTdG14RHdTQQ?oc=5,The Times of India,"Mon, 11 Aug 2025 07:00:00 GMT",2026-06-14T20:36:49.970273,data_breach,True,False,candidate,https://timesofindia.indiatimes.com/city/guwahati/mizorams-peace-city-project-draws-18-bidders/articleshow/123242816.cms
data breach Mizoram,"Over 2k pigs died, 683 culled this yr due to ASF: Mizoram officials - The Times of India",https://news.google.com/rss/articles/CBMi2AFBVV95cUxQX1dKN0pHa2tmbDNIOVhUcTV6QS1oN0ppbkdiZmFfeDFUR3ZEdmdrRDBuWGdfUDNOT2k0SEd2dVA4SnRnZ092XzdXZUJWcnRnZzlxWmNUR19FdGg5T0ZROWFOcENmbjVsN0VjbHp4Y0RWaW1IaDFNZFVDaU5rTTJwYVRfRzhFdjEtdVhzRld3M3pDS3VidE1YRkdORU1rbHdXWEpiWW1SaEx3MnJzcmZjbWdidEVGU1FHRWtBVDZseDNKZkFlbzRHTHY2akRDWDg3MDRnNVM4TXQ?oc=5,The Times of India,"Thu, 04 Jun 2026 12:12:00 GMT",2026-06-14T20:36:49.970288,data_breach,True,False,candidate,https://timesofindia.indiatimes.com/city/guwahati/over-2k-pigs-died-683-culled-this-yr-due-to-asf-mizoram-officials/articleshow/131506850.cms
data breach Mizoram,Frame guidelines to recover funds not utilised for parking scheme: Gauhati HC to Mizoram - The Times of India,https://news.google.com/rss/articles/CBMi9gFBVV95cUxNc0g2LTVSWTRwR1JfMlp0dTlIekdoZzVBRE5KbTRkZTNBeWNJZmQ0eWpsaUxRdmNIV3RnaHJ3cW9FbnA3amVqVi1sNTNUdDRsN3ptWEtBcVpCV2dzb3l0NXhYT0J6d19BZWJrYnlod3VmbFNIT2lJbl9kMmdFYl9lTXJoUzFlU0Y5WDF3dk9fZzFkSzhZcy05aENPYWFWUGRWeEVKM1F3bEJwV3J5eE5acFVCeEtGX2J6VmJQQkdxdXk0VkprZ05JdVA1blBYU0FuT2Y2LTBlNkNxQXhpZ3FNeTQzSUQxaF9mWGF2aW9odWZqRm9VR3fSAfsBQVVfeXFMUEM4NDdYNUc0amt1Q2JpRUlpX2R4ZkFKSER0U2tpOUZCYkdvZWh4UDlUZm5qbHZhYWJubWQ2eG9tcGo4RlJNWEtYRG93XzI5RFVkT1JZWWtQUllXZ1gyYUpFbjZMX3RMY3hsODZ0SlBnYUNvRW1lZ0pnT2hzY2p6NEhjOEg0dkZGX184Y2FES1c3RzZkbkVUeXc4cEd3Q2JNLW5BcDdRZTF4S3pIQ3R4eTZqNEtUTk8zQ2Z1eGw0MHpNcEk5eXNjcXpoTndDNXk5NFN1QWtzRkJfSzlfWlBUWkRYYmlPOW5ablJyNFJLbi0zQWhaSW9YamJzX3c?oc=5,The Times of India,"Fri, 05 Jun 2026 07:00:00 GMT",2026-06-14T20:36:49.970318,data_breach,True,False,candidate,https://timesofindia.indiatimes.com/city/guwahati/frame-guidelines-to-recover-funds-not-utilised-for-parking-scheme-gauhati-hc-to-mizoram/articleshow/131538730.cms
data breach Mizoram,Go back to fight: Mizoram MP to Chin youths in state - The Times of India,https://news.google.com/rss/articles/CBMixgFBVV95cUxORGo3WmZlOHQ1OERXZmlRQ0tVbUhMdGRYVGdaY0JwdFRxZk9LZjN4anpEQWxfLTFWME5QMXJwTnc2U19GamZrYmdwbGcyT19oV0Q0TjNSSmpfMTkwdzZqNkowOS04bHJPSmpPeTlpNkZxZlVWamZrV1FjdlNmVWZvMnJuZXhoTXlUSEdJeFVyenNaMmV2b3hVNDVVbjNnTkotc2VNMnZrUnJZMjhfQTAwTXNWR3JreVV1WlVrbWx5bHhSMWF6TnfSAcsBQVVfeXFMT3VJbURSNE1LbHBmYTNIU2N4dDJwSXg1Z3QzblpsQkc0ZHl1Q0c3Wjg0VFA4cG5qZ0dxdnZUUFp2b2MxUEZobW9ZLWxrQUVZeWtGUkFHbHJvSDdxYmgzWFJyb3JscC1NekRzal9OV1cyQnpnMS1DdUNuQUNLUUZaeHFvNnV2TDMtWVE3Z2JmRE9xLTdmUHUyMXNuSS03ZnZxa1hkeTJSTkJJTkZfRXctcFh0YTAzX3AzeVZvUzE3VXVEelI5M1NjVVowVEE?oc=5,The Times of India,"Fri, 11 Apr 2025 07:00:00 GMT",2026-06-14T20:36:49.970325,data_breach,True,False,candidate,https://timesofindia.indiatimes.com/city/guwahati/go-back-to-fight-mizoram-mp-to-chin-youths-in-state/articleshow/120214471.cms
data breach Mizoram,Drug trafficking menace: Mizoram Governor calls for tighter security along Myanmar border | Hindustan Times - Hindustan Times,https://news.google.com/rss/articles/CBMi6gFBVV95cUxQM2tsVjR2RzNiS2tXVmh1R0xRXzVYdlZSOXlqSmtRNEJtdnR5UkVjRk9nNVJvUzNYdkhZVVlNX3ZISU40SXNCVTRmVER6UzFSajBobG50NUlTdjRwLXNsNzF3ZXp4QUltZFk2NHZ4RnJHVzkyN2NyVlFSRllMOVZ1eVhZRExOc3JiVWg2RGh4XzFRYV9mUTFFRmxxU3pkenpnSEZOWjlnYWtoNnhCV3NEMmpTdUQ4Sk54NDNsUGF4aFNLRWRZUmhCSzNRQnJpSmlGWUxDejBVUm9pM09BRW9Ga21WM0ptSVRhbmfSAe8BQVVfeXFMTWs2RWhidlhjUUljSkRRZl9fNGFoYnhkejVya0pWZTk0ZnBRdjAyY1lEcFVLMWFDT2RTWE9WTEJzR21GNGpadGdtMlJYeTZReUZqNUFCSU5ZaW1pazAxVldqZl9RQ3VtWFVQUWw4aVdrblB5dEx5TjFnXzZWRF9zTEdRcHJEMkJDVTJWMktadUZjTU5FZHlQSnJQdFJqclJ6M0JyQ3pNdnhabFJhUmhzMUNBOWtJaTNoWmhkRWhFcHdxcjR4NVRMMGFtV1NKVV9La0FDdnRhSy1wM3hCaGJ3UUpWU1hnbkotVmQ0bjRWeG8?oc=5,Hindustan Times,"Wed, 19 Feb 2025 08:00:00 GMT",2026-06-14T20:36:49.970341,data_breach,True,False,candidate,https://www.hindustantimes.com/cities/others/drug-trafficking-menace-mizoram-governor-calls-for-tighter-security-along-myanmar-border-101739953209332.html
data breach Mizoram,"Over 3,000 arrested in last 15 months as Mizoram cops on crime control mode - The Times of India",https://news.google.com/rss/articles/CBMi5AFBVV95cUxPelBUTHlwWmZSSGZxUDFfb1F6T19qbDRyYXVWTS16VnZWbXRhb05YcEhWbTI4ZkdTaERxMmJHQlBDLWNPc0tZQmhoWlEyXy1JUDl6UlhvdkR2WGJFRkhEcGJUYzJIS29QZUVxUWUza1dvaHozSWc3QkFyOXgzQ29RRkFPamk5QVRrQ2MtdVMtU1FYVGtHMS1zaXVhWmlnNHAxcTZEd2NpblFNeUdzMXJoN2xCSy05aFBmaXdQNnJQOTNhY282emJJY0N6WVNoVFVmZlNoa3hnNldJSkZ6M0QwUnRxejHSAeoBQVVfeXFMUDE2RnBNdXlJZ1ZRYUdFMWVVWHVjS2hnY1RwUEduT0NqUzlONmVFTVhNcnpvX2lLcFY5amRDT0FDd1FDQ205MkFJTGVUTzByeTQ0c00wdnVMTXY2U1JYcTYwLVFUMzhwZkY0Rl9FUG5WemJGQjYtN1ZDSG00b3NoNWF5MGVhT29wYWlwM1V1ODFtM254Q2FWaEs2Mk9aeDJGU1I5WkxGUmhZaml3Vlh6UkRfZFpGNXgtMEh3clIwTkRoNldhWUJub2hnTmJ5YmdlR0ZGdm5KN1dtXzJ6SnMzQ2F2cDUySFZxbWtB?oc=5,The Times of India,"Tue, 21 Jan 2025 08:00:00 GMT",2026-06-14T20:36:49.970348,data_breach,True,False,candidate,https://timesofindia.indiatimes.com/city/guwahati/over-3000-arrested-in-last-15-months-as-mizoram-cops-on-crime-control-mode/articleshow/117436269.cms
data breach Mizoram,"YMA advises refugees in Mizoram to respect local customs, avoid illegal activities - The Assam Tribune",https://news.google.com/rss/articles/CBMiwwFBVV95cUxObjUyZ0ZseW14LU85NFhOTW9fT2JfbHpzZE5pQU9rdVd4SXBMNFBaZ0huQ3BvM2E3M1RQN2lmTHhnTll5TUFZYW5mcERpLXd5Z3ZXc0gxUndWTEZqbmJxYWNneS16ZUVsR1Vwcko1cWd3anJTREZPU0F4cUNBcHYzLTdxVnhlUDczOHpDNE1yMDU5SG9TMFFvbDlVaEktRkFoZm5WMDBRVG5nQ1BaejE1dWlCb0NiNHM1MGhDb2RtX25rY3PSAcgBQVVfeXFMTkJBN3dFVXVrRFV0dFh4TDc2dThSVkdLNVhJc19Bam95UkhmSGNEdjM4bGJBbl9hM3RqTGRZbmtUcHhDYzNxMm5pYW5CeEVPZnpQSXNVLUdHTHYxSmdLMU5rdXBFWVF5QU9nMlM4RERCVlk0U05mbVFaUFRaa2Iyb1c4UWV2Yy1WU0FVWjNpZ2FjSWFGYTJCbHRmNHlzQ1ctVGY4SXY1a1pKMWxmU0N1bThhRUF4S1lyQ19wREhIaFRqWlRBaDhGelU?oc=5,The Assam Tribune,"Mon, 28 Apr 2025 07:00:00 GMT",2026-06-14T20:36:49.970356,data_breach,True,False,candidate,https://assamtribune.com/north-east/yma-advises-refugees-in-mizoram-to-respect-local-customs-avoid-illegal-activities-1575543
data breach Mizoram,Mizoram traffic curb lifted: Over 800 vehicles released - The Times of India,https://news.google.com/rss/articles/CBMiygFBVV95cUxNMDEwRlZMcDVsaTg3NUFsUEpWOXpUMHhQd1lZT2Q1eVJveTFwYk52R1lxMi1SSFdvUlA2SWVfTnZCUTlHUGU4MFVCZ2gyUUJOZXV1dlZLdmwycFVkRW1QRlFQQTZlYjhFa0ljQTBTc3p4cmVHVFM4WTRWODNENXdBNXVJZkMtOWxpLVlXdFc1Mmpjd01VR1B1cHg4ajVBQlNuZHRmUmFaNUNvQ0pwcmJxTVBPcG5UZVdzdlh2ck9sY1BhR2RqV1ZLYlZ30gHPAUFVX3lxTE5Wc2FsM2tlSG0zLURmb2JWWk5PX2VJZzNsRndlWl9BMGFwLW0yS1FibHBqdW5pX1E1TlkwZGF5dTA2R211ZHl3Q1pZMXF5ZHhXSTkwTUNzV2NVM3JNcUlHRzJMTGY0NG9RZjJoVDZSZTBRelIyOFZDM0NNUk1SZWhWc3g3a1l5SGlaSDJ0a1hZdGlSUEs0V01xMWZSMmJsaXFpaXhXcUt4ZFdLcjhrRkpWX01KRGFrMnlON1ROM2FKRjU5MDhXR1hyTTR1cWUxWQ?oc=5,The Times of India,"Mon, 11 Aug 2025 07:00:00 GMT",2026-06-14T20:36:49.970372,data_breach,True,False,candidate,https://timesofindia.indiatimes.com/city/guwahati/mizoram-traffic-curb-lifted-over-800-vehicles-released/articleshow/123221408.cms
data breach Mizoram,Officials: Rice supply to Churachandpur via Mizoram stopped - The Times of India,https://news.google.com/rss/articles/CBMizwFBVV95cUxOaU5aQ0JESVFqY29wTUxPWDBYeHhzdkMzU1B6N1dYaVRWUTRoV1VEajhIYmpSemhWQnVJaW1sUk9NVXJXYzBmNWV5dHkxVnZodFptOGdrVDI3Q0pPMGtoNmF6OEhFQlM4dWx2WWZJZGpWSW91eWxEQ3Vha3VmeGp2WTU0ck5raWdXM0JMUEU2NUpibjNyVGtKMl9jdkttVHNfeE1uZXdXNGQ3QTRia29SOW9NYTBqRkp4SnNjdE0ycFIxaDczR1NZbmRlTUE1aTDSAdQBQVVfeXFMT3h2U0ZvU0h1RHI3aTlqZ1QyWFlWU0lNM0V2eEhVQ2s1MGFFaldPMlVjdWVwTVVOUkFTeVc2Y05pVkJkRDdkdEQ2MHMzN05KdjM0UERsLUdvZWg5clJhbEs5RkV5Uk9zdEladVY2US0tNmNEdTZ0aUdvM09yYlU3bTRfT3ZfTXgwWENVbWJJTEFSR1B0b1BDTEQ2OEFPeW43NnlNaHJzYUVHY2lmSjlDWmdLYjRRTlM4TDhtdFdLOEUzN1dwNDA0VVVJUF95Q08zNGlBa3k?oc=5,The Times of India,"Thu, 17 Jul 2025 07:00:00 GMT",2026-06-14T20:36:49.970379,data_breach,True,False,candidate,https://timesofindia.indiatimes.com/city/guwahati/officials-rice-supply-to-churachandpur-via-mizoram-stopped/articleshow/122668638.cms
data breach Mizoram,1st batch of 240 Bnei Menashe from Mizoram reaches Israel - The Times of India,https://news.google.com/rss/articles/CBMizgFBVV95cUxPOTM5SWhUWk5sdkpPYk96S3VuMU9ZZFdFd2pLMWIxN1FlVnM3THlGekpoVnNmQllCMjMxZFMtQncxS19LLVo1WkpyRU1OcFIzLWpWVEZOX010dEdpWjRCdzRvZXZxX1NCdU1rdjVDVXpScWF6cWdhV3dCSGtIV2RRYldMYW15eGVqRnMtU2IzQTZVRUhwOTRULXViNk1jeFdZTFEzN1BjZ3BSN05mVHBjMk1TQ2FGMXFIR2Y1OVZWVXAwWXhXQUw2NGlOWlR6d9IB0wFBVV95cUxPVGRwUUwwblpxSXBtUFM2OG5TS0NKQ2pCUkxlSnlJejN6eDZOQVlTeDdZYkZscjRVWGdSZk9DQ2xBdVV4ZUlGTDdHU0hFZ0xhZGNJcTVvYV8xTFNDd0pFLTNGREhMX0RtUjdZdWtYSnRBdG1EZDR5YzJ4c3hMVThiSGk1cllEZXpaaUF2ZDlxdVlpMklFRktMSnlVQ2hHQ3VZZGo5aWlVM09KN2R5T2RndklyYVJaUElPN1NxeVUtc211R0dNcDhoMEpBbU84TXVaRGdR?oc=5,The Times of India,"Fri, 24 Apr 2026 07:00:00 GMT",2026-06-14T20:36:49.970387,data_breach,True,False,candidate,https://timesofindia.indiatimes.com/city/guwahati/1st-batch-of-240-bnei-menashe-from-mizoram-reaches-israel/articleshow/130501773.cms
data breach Mizoram,"In Mizoram, voices grow against Centre’s silence on Myanmar ‘bombing’ - Scroll.in",https://news.google.com/rss/articles/CBMioAFBVV95cUxNSmc4bU1BZWpXMk1iQ1cwTjBmN2xIYjBpelR5YkpFSV8tcXhyMnlrc3cydDRxWmNuam56VU9mWGd0alRrMTI5T3REaW1fa2ZaU2EwQXRzOWoyNGFSX1N2RXVKTmVack9KZjZiUHJzQWxGTUtJVmNhN1J0ZjJqWUJqSGg3b3JTV3VoRUtjOTJaSEVYNHB2Z3l5ek9PTEttclZw0gGmAUFVX3lxTE9aRHZ2dWg2SVF4Z0R2R2o4Wi1GSlNFeEVfa3ZVU1FnMllHLWJBYUZIcmpEYldiZUJ6NDB6bWJrakpaeVVhV0xqQi16QWhvVHZOS05mUzNHNlR2b0Y5enVBa1d1OUNFYWNGRl9ILTg1THd5aERnUUxibnE1YUJyb0hxbWhNaFJHSjhkVnZYMHZNUDFxcWJUak9wYU8tbzQyMGl3XzMyV3c?oc=5,Scroll.in,"Sat, 14 Jan 2023 08:00:00 GMT",2026-06-14T20:36:49.970402,data_breach,True,False,candidate,https://scroll.in/article/1041842/in-mizoram-voices-grow-against-centres-silence-on-myanmar-bombing
data breach Mizoram,HC stays floor test of Mizoram LADC chief amid legal dispute - The Times of India,https://news.google.com/rss/articles/CBMi0gFBVV95cUxNcjE1QVhWOUtvZGhuVnM0X09HTGlYQzlwbHF2SVJwV0JIZFI3ME5SQXRRT0dGcG1UYjh5SWpmYzg2SlNPMmtTZW54TE9vMEgybFdkejM2NU9tdE5SeERYaGlhREQyUVBEWVVpUXlXUnB6RVZla3JkN0dic1BrOVhLNWd2TVV5elNBNVdWSHB5R1FzQ3ZMLVBQTnRhSmk5QjhtNHl2aXBxUENwNFNwenZSTUFTWXRCMW14cEV6LWo2S0ctS0ZQQllpN1B4NzB5V2wwUFHSAdcBQVVfeXFMTTY3aUcxMDVtWTYtT2xmTXpmb1dlZW1MS3JOT3dzRDQ0WG96N1ZEblFjNGd2aFVLMFNoWERmT2NmVWFFWlRCX0Y2aUJFa29GZW1nWkRMaGxhUTAxN2lGa3hhOEZJQjVBRTV6eGRZcGJyUDcxci1BQkZpNGZYajZrY2RRR3FJUEE5ZzctdExYUjNCRzU5MURmY081MWYxTUJYQ0d5TTRWWUR0b0VLMUVnYzRDcXFSMl93ekpIOEE4Ml9rUExQQTB4aGdTMDJzbi03S252UU5vbmc?oc=5,The Times of India,"Fri, 16 May 2025 07:00:00 GMT",2026-06-14T20:36:49.970409,data_breach,True,False,candidate,https://timesofindia.indiatimes.com/city/guwahati/hc-stays-floor-test-of-mizoram-ladc-chief-amid-legal-dispute/articleshow/121195117.cms
data breach Mizoram,"‘Thingtam’ sparks rodent explosion in Mizoram, paddy fields of 3,983 families in 122 villages destroyed - The Times of India",https://news.google.com/rss/articles/CBMihgJBVV95cUxPbkVIcTA0V1FIWmViSzBiWWhWTkZBRW5NNkQyZzVwMy11YVM4cXk5aWxOU1ZuVUhOR2N3ODlNX1F0ME9JQ2dhT0Z3aFlrSzMxX1pPcUVheEdwc1FHdVBoSUhHZXZvZndjcHFGRmpLblFlaXVoYWZqdVd0OG9ZLTE1M1dkQmlCSkc3RFZuSk40QjFON1VMa2VtWXJzdERLYWhMb2JfNm1yckh6WUlDQ3dMNUFrVTZneEZEanlIUlZzamVEZWg4emFoc0wycmF4OVhZbEV0bldGOWhqbU5IcjIzT2J6TDdJOTNWZENXaTNob1BCM2pWVmxsZlFob0dzWjlaVWhRNjdn0gGLAkFVX3lxTE5kVGxsc0xhZHphNjBsTmgtNVlacnR0OGhSWjZweDc0YUVQRUZMN1U2OU16clNPX2RwZmprSXVnSUF1MjNZTWdGYWxpdGdzVjIwR05VZ05LME5PajBlOU5feUpSczl3MmVyQi1teDVYdzNIaWI1ekR0ZEI4WGZmcU1OeW0yTlZLQW0tU0s1dlQ4XzJKMmFEV1YtQ0RIM2taNWZyQTFjYnNvbGpWV2FmYkZBVHdHSEE1OV9ITkFsNW9TbUJBRHZyUVRmalcwQTctMF90WDUxQnNQT0ZvT3BaNG93TXdlbHdsT3VQSHJpNC04eTBqUlh0NVVFMVpGcmpFTHRBUHdPOUFSQi1XMA?oc=5,The Times of India,"Fri, 03 Oct 2025 07:00:00 GMT",2026-06-14T20:36:49.970416,data_breach,True,False,candidate,https://timesofindia.indiatimes.com/city/guwahati/thingtam-sparks-rodent-explosion-in-mizoram-paddy-fields-of-3983-families-in-122-villages-destroyed/articleshow/124278220.cms
data breach Mizoram,Meiteis Begin To Leave Mizoram As Tensions Escalate After Horrific Videos - Outlook India,https://news.google.com/rss/articles/CBMimAFBVV95cUxOdW1raHJzWkprVUxJaWRoemV0Y00wTEJxbHN6Yi1TalFzaGxvcy1TY19jdDFidFczZXhlblNGS19IMmY0cXl4WVljTzFyVnVWN190YWlLaWJKZE52NmJTVnl3cXhiM21sSV95NzVaaEJCaWF1THh4VFRTMnpFczBtQk1UTTVlcmZ0UU4yRlZsbk5MdUVXcktFR9IBpgFBVV95cUxNcGhhdlNnQ0xyOWZVYnJVdHN0TGJyUTNrTjJBMFh4QlcwelhwVWw1djJFYlpVRXkwbTd1NEtuN1pUMXc5YTVHYzR3N09DS3FfWG5iLXptSUlac05teFNnU3dWR000TXFpc0ZEMXpqVjRMRF9uUzhVaEpCYkN1SXdxMjk2ek56eDlkYlZFWnFUdnZYcDJHQWhZcWlKM2hnM2k2eDZSdnNB?oc=5,Outlook India,"Sun, 23 Jul 2023 07:00:00 GMT",2026-06-14T20:36:49.970431,data_breach,True,False,candidate,https://www.outlookindia.com/national/manipur-mizoram-meiteis-pamra-n-biren-singh-news-305010
data breach Mizoram,Lalduhoma praises Aizawl CCTV surveillance network - The Times of India,https://news.google.com/rss/articles/CBMixAFBVV95cUxNd2x4ZEpYc0tLenctTTBpcTZ3SGFhejIzNTFuaEhiTUNwSEZOQWl2bVVXbUFtRGpKX0g2MTI1czdVeFBkaTdTQnRtVU9zdDRsRW4tb1ZpWTA0RzFoR0kweTFfWFNSZElSdmZFbjdsb3czLWFfeDZGMGR0SzBHSmhTQnBYczlBQmctMTFxSkZWM0NHTmNBS0hEQ2xYOUh0R0dBVU9zY18zNFcxS2Q0bThmUEtMbWJFUHZKUkp4YWdXNUZpQXV50gHKAUFVX3lxTE1TdFJuYlBEV0NQOEs4QVR5ZWQyTVJTTGZwcEdfYkNoVXp5bXduNXdnSFFIQVgyMU5wczd0RkhjUVNCaG93RTMtazBmTGNlQ1RWdXdQMkJvSVFDcDNLUzJqbXBFTjZoS3ZyWVdaZ3M5dmwzTkExcEgtZWpCQUgyUXo5cDdmWUwyUDJBd2hudnJ4dFFOT3ZPSjgyOHpkcVk0UGRUUzFLal9WbDhVSTVFYkN6RWozcm1vRmtJeUZxZURUNjlqdnprRTZUWWc?oc=5,The Times of India,"Fri, 11 Apr 2025 07:00:00 GMT",2026-06-14T20:36:49.970439,data_breach,True,False,candidate,https://timesofindia.indiatimes.com/city/guwahati/lalduhoma-praises-aizawl-cctv-surveillance-network/articleshow/120214485.cms
data breach Mizoram,Northeastern View | What Mizoram CM’s statement on Chin-Rakhine relations tells us about the crisis in western Myanmar | Hindustan Times - Hindustan Times,https://news.google.com/rss/articles/CBMiiAJBVV95cUxORHE5RDlIQWdmZkR6cTFZb1MyTEVTVzhadV8wMHdoYXRhMzBoY0JVTGtmckt3UUg3SUI3YXNQR0hrN204RUlweld6akY3UmNxMXpDb001UXdaTHpwcXZRem5pem92Y1VzODE4RkpQcHVoZEgxTlBidEtFMzY1NktVaW5Ya1RSSEtxcUwzOWFLcTJNVExGZVdDdmIwOG1IY1JuTXd5T1dSb3M5UU5hMjNMVXE0alhXSGZsWEVMNXQ0TnhIQS15UnRtZW40bG5VWWNxYUNfMjFwTlU2YW9wdk1DU19heTcwckFJa3JCUElMV0t3NHlKUzN1Q2FaeDZmdUhpSDJIeklqQmXSAY4CQVVfeXFMTml1NDFGczF4YWVkRzZCaWEwUnYwckZBR2duM3lNODUyempQRFoxQ2c3aWFzUnJRR3M1eXA1LVdCTms3YWRNcTNyZkRqQ1F1dzd6SktUMjNmYXluSEJxZVpfZ0ExSDdPc1liVHpJSHZoa3JTdTNCR0hKdHkyb2JVOWFNc1BydlZzZzBsczJTN19PcmtHVU9CdnRoLXBxU0Jjb1Y4V21wTEU3M0RYMm1PRVRYOFNJcDFiZTM3aTRJclFkcnBKb2ZudFA3bGFyMnJzVTY1aUtBb2ZfV0t0ODJVR1JIVG04Sjd3aktMbzRUeFZfdTBobnJHcjl4enYxSFZrNkQ1aHVKUlhGREY3UXJn?oc=5,Hindustan Times,"Thu, 12 Sep 2024 07:00:00 GMT",2026-06-14T20:36:49.970454,data_breach,True,False,candidate,https://www.hindustantimes.com/analysis/northeastern-view-what-mizoram-cm-s-statement-on-chin-rakhine-relations-tells-us-about-the-crisis-in-western-myanmar-101726145294646.html
data breach Mizoram,New Year Celebrated With Pomp And Gaiety In Mizoram - Outlook India,https://news.google.com/rss/articles/CBMiowFBVV95cUxOWVZydVJpZVI5dG9mTDZPODVsTEdBM0tyX0p5bWlsRzZOdTF6MThtczEwQUxOclVKQkZnbHlpaGdjNVdpY29TQmRULUNHbXZ5Q0hKMzZ5QkN1MkozaDFCN09penM1azdtMTlzVWdjLS1hdlN5dms5aVJzUExSQUpzaElnZk12T19jeTZseUpDLVJ1NHphNUMwaEIxUF9UX3dCT0tZ0gGwAUFVX3lxTE1rVkNvLV84ZW9NU0RVRzloRFZSbGg1OG9GLVdtaHZtNC1WOEE1NzNKaUdacDFnMll3Y2xPVl9lbFRoZzBDTHkwLUVzcTFOT3RCV3JzOFhfN3FnMDJISDB5WXBBcFozWUxzZVloUi0tcnM5OEVkakV0ZFFWOHZ3WnlVZElsTFJkaWxrR0lrZUtKWW5YMFZsRnZkaFhlOUc4TWNHYzk0LVc2UnM4SkpWdTFT?oc=5,Outlook India,"Mon, 01 Jan 2024 08:00:00 GMT",2026-06-14T20:36:49.970484,data_breach,True,False,candidate,https://www.outlookindia.com/national/new-year-celebrated-with-pomp-and-gaiety-in-mizoram-news-340085
data breach Mizoram,"Meet Lalduhoma, Mizoram's Third CM Face In An Otherwise Two-Party Battle - Outlook India",https://news.google.com/rss/articles/CBMivgFBVV95cUxQeFQ3UVBDYXJlV1JMakJSOG1CYWZXOXUzRzhRNE5tTXhvcTI3b3JSb1JpQUx2TFVVaDhUV1J3aVlGcWxaMlE4SEtVdjc2aHo0VG5tNTZsSkVEMVJTT2E0OXhaQlZYZDhBTXhNRk9jU1BGcC1tbVdkSWM2VjI4cGg0RWdZUVkxU1lNcXpTRHkybXI0Zjg4d2lNbzM2RV9aaWhWSEQzMEIxdnBZOEx6WkhtQks5d0tyR3k0OVIzbmtR0gHLAUFVX3lxTE9qbFctdkFiZHZ3c2N4S0FOVE1Uemw2SkhaT0dJYXRZem55YXkxQW83Z0RjWm1uNkROVFhWOXNvUkkzNUpWdGtWQkFhMUNmWVFQVHIwSXhUbkVIVjhFWjhob3hKVTZTbEFDcHR5MWUxV2tSRlhkNVJGaEdZYW12Xy1tNkZxT2UzUWs3MXk3TTZ6cXVOVG9yeXd2M19hdzc3OHpRSnFsTy12YzJHc2RzRnBjRlRpbU9nWDA5UEZ4QWN2Wmp3TkNPX01NSmtz?oc=5,Outlook India,"Thu, 26 Oct 2023 07:00:00 GMT",2026-06-14T20:36:49.970507,data_breach,True,False,candidate,https://www.outlookindia.com/national/meet-lalduhoma-mizoram-s-third-cm-face-in-an-otherwise-two-party-battle-news-326971
data breach Mizoram,Class 10 Board Exam Question Paper 2024 Leak: Mizoram Teacher suspended amid alleged allegations - Shiksha,https://news.google.com/rss/articles/CBMi3gFBVV95cUxNYTBaSS1BNVFEeXAzVTMzdUJ0U0MwemN1U3dnT0VBLVVjY21jd0h3SFNyd25TNnUzaUNPLW1iN3FUOVlzemF1QllTV01HRzVoRlhObTM0Z1RMZzloMUxDd2JWdTNaMU1jYzZ4OFJCbFd6SF9aNkw4VzBYZ1U1V0pSSUd6ZUV6ak1MVGIzWXJ3TFUzNE9EeVFxc25GWkVyV2Roa3F1RVFUbmhRTXlLUUdqekxEWXF0Mi12dTg2TnJNZ2IzWFJWSTRmQnpSVEE2RTA1SlJVTlBuNUFBSFc4WXc?oc=5,Shiksha,"Tue, 12 Mar 2024 07:00:00 GMT",2026-06-14T20:36:49.970521,data_breach,True,False,candidate,https://www.shiksha.com/news/boards-class-10-board-exam-question-paper-2024-leak-mizoram-teacher-suspended-amid-alleged-allegations-blogId-158213
data breach Mizoram,"Tripura to issue Aadhaar cards to over 32,000 Mizoram tribals - The Statesman",https://news.google.com/rss/articles/CBMiswFBVV95cUxQOG5xNkl6R2NSQV9Fd3dmcFNqX1ltRnU1MlVneUdnbFhfdzRfTkR0RDBRLUpuU3B0dS1jT2JjdXhldHk0d2F0aG9VSlZVUFFZdmNyUy1BZ0VsU245Skpobmd4d1VualhCa1BYYVRLWlBUVTZoNlYydWNrTEpyUWhJWmtPbWhrdlM0Y0k3TUJLUUxKbGp4R3JoWWxIaEhiUnpEUWpaWXB5R2dzWEJDTHNIMDByUdIBuAFBVV95cUxNLWtvWEd6REctLTR2ajBqVXNHWld5dVZXRVBtLVhnVEI4TU9ITkl4N1NYN0I5R0dXTWpmOXpFS1hCYlY4TjBGZlNrWS1UVkRGUFpHRmJnanJneXJzQTV4QndSYl94SWllckVzS0VNR2pHaFVCWnJpbndjR2g5LWNIV3BpS1FnWlJuWmp6c0llRnU0dXl4czVvYUNxSGNSVEdWVVZpcGlOLThvWFBqc3I5dlYtYWVkY3VG?oc=5,The Statesman,"Sat, 13 May 2017 07:00:00 GMT",2026-06-14T20:36:49.970542,data_breach,True,False,candidate,https://www.thestatesman.com/cities/tripura-to-issue-aadhaar-cards-to-over-32-000-mizoram-tribals-1494667352.html
data breach Mizoram,"India allows 1,300 Buddhists from Myanmar’s Rakhine state to enter Mizoram | India News - Hindustan Times",https://news.google.com/rss/articles/CBMi5AFBVV95cUxPUnlQZ1BHSDVCTEJYOUV0TmNiR3Nqb28tUjRxaVd2TUpxMUdJQlM3MFFFdVE4a1Utc1JOYlVsak5XQnFwczM1aVRQRlRJck00c085c0twOWRYdndMOGxEMjNSOXN3RUtZZ0h5M2F6TU9ZOHN4Z2IwdndlZFdBUElaeWFQM21reVdNLXd2cEVkRFczbnJlWmlXMTR2MmgyX0JLeENMRW81eVg0bjJacnAydHhwVDZUVDhGZmQyNHFydEhpdFcybVF5czVMTXpnVkhuZzAyVW5iSURwN0w5UHUyOE1saDnSAeoBQVVfeXFMT0NPZEZOUjBQUjNfNy1sa2Iwcjg4akJZRFhGSGx4aTYtV3lfOHN0ZDJpa1hRSW5tZktyclVtOUlBYUg0YzVheC1DUDkwc3E1dzFPZXZJejhYVHFta2Z5UnFqU0VsUk5jVUtza0pIdXM3Vkk5SXpsRFhYc2dTLWZoODNZZmM1bzVCRmRRdDJWSjBVaXFjaWhzZ3FhS25WVmtLODVQWk5aVVNLMkFkWTVXYmFoNXk4cGJGR3p6enVSaUdoYmhFWW4zMk9hNWFsYXY0d3hEa2p5SUV0ekJPQUlreG1KZjc1WUtlUUZ3?oc=5,Hindustan Times,"Mon, 04 Dec 2017 08:00:00 GMT",2026-06-14T20:36:49.970550,data_breach,True,False,candidate,https://www.hindustantimes.com/india-news/india-allows-1-300-buddhists-from-myanmar-s-rakhine-state-to-enter-mizoram/story-5dRuYW8qDtLvnTXqYT0NXM.html
data breach Mizoram,"Mizoram CM Says, Many In India Regard Him As A Foreigner - India TV News",https://news.google.com/rss/articles/CBMipwFBVV95cUxNY0VQLTB0eXN5UWkzUEZqTGJ0bkZwQm9Yand2cWUzdE9YdUYwTVZJUzdPWkY4UEJRRUlsSHVmcjUyemRZd2thaFp5dG05Y2R5RVB3Ym4tNUwzQkZHdzRKUEIyX1M3Mnc1N0RRaWVudVM1dG1wX1A4UVdhQWpEOHFidk51WEpxdC15Tk5hRnhYODRSNExUUVlQX01tMWJlTlBnSlVxbFluVdIBrAFBVV95cUxPeWNMV3NZeElOY0pwcmV3dnhaSjZ2NXlKa0c3NUkwY0tHVzhnTnNmdXVxMk1tdXdlSm1qdWhRSXJJV1hlZHdIanRsakJDRHFGT1d6blZtSHRZUUptMGtvTUZjc1VMWWtiY3dBYk1uN2tEa1pxNDRaTHlIbnpudWMwdXhFZXplZFZvOHpabnlmQUl0OXhXZzFrZkVMc3F0QTBSWkpNREF4MVItd1VJ?oc=5,India TV News,"Sat, 11 Jun 2011 07:00:00 GMT",2026-06-14T20:36:49.970578,data_breach,True,False,candidate,https://www.indiatvnews.com/news/india/mizoram-cm-says-many-in-india-regard-him-as-a-foreigner-8425.html
data leak Mizoram,"Mizoram records 1,845 live births in January, 2026 - Awaz The Voice",https://news.google.com/rss/articles/CBMikgFBVV95cUxONTk5b0NNZk56SFN4ekV4WUJ2Vm1jcG9mS2ljZGFmejc4clUzR0QyWFNXU1NGWTFKSHlPU0hOd3hWNlU5MEZiNEppNHZReXZudXZieXlSNU83NzRvR0xPUV9TalJFM0JzQkp2aDZMUzJNZHRhRXlVNHJZaW93SUdSN3VSVXYtazYyN2lnTkVoMlZmZw?oc=5,Awaz The Voice,"Mon, 23 Mar 2026 07:00:00 GMT",2026-06-14T20:36:52.007234,data_breach,True,False,candidate,https://www.awazthevoice.in/india-news/mizoram-records-live-births-in-january-54994.html
data leak Mizoram,Assam Rifles Seize Methamphetamine Tablets Worth Rs 11.50 Crore in Mizoram; Four Held - Guwahati Plus News,https://news.google.com/rss/articles/CBMisgFBVV95cUxOb0REQkNVNF9iWjlpblozdFZWZW9fQlVRcl9vcmY5X1lYWFFidXdKWmZhT0Q1QjRmaHpTUWxTNm5MclAyRVFOUXZPZk5LVGFmZmRUUmRhbVhnd0RTdnlNNXlnd2JsaDlGS2Z2TjZYUlROSkhqOFhidmk0akY4TUFYR1hGMVM2cWhQUFJkQ0FwSWVuZWVnWW1XY2FfYTdSTGIwMV80U0g5bWhZamNtV2FqeWJ3?oc=5,Guwahati Plus News,"Sat, 21 Feb 2026 08:00:00 GMT",2026-06-14T20:36:52.007247,data_breach,True,False,candidate,https://www.guwahatiplus.com/northeast/assam-rifles-seize-methamphetamine-tablets-worth-rs-1150-crore-in-mizoram-four-held
data leak Mizoram,Mizoram completes biometric enrolment of 58% of Myanmar refugees - The Hindu,https://news.google.com/rss/articles/CBMizgFBVV95cUxPTVl2Sms3bjFZem5UTWpSd2lVSXZqaVBNQ0xia3JNeWNGdlFiM2d5b1VVcVJ1ZzdMeXV1VDQwellYUDViZEtHUHRGd0pXbWtZdVJFYTBVUHBTdUVtRk5RejczN01jWkpIRWtoZGJ5MVBXbjloV0l6M0JZLTJnRWZLVlZhRzRJd0dweHlMZ2k3NVFsQjh4WDVsRVlKc2d3dzI1b0pKR1BNbG1zWnoxckRJdDcwMXZEcHI2VFdHMzZJaFhLdWxmSnR6N08xbUNzZ9IB1AFBVV95cUxQX2ppeHl4alNVajV6NHpPcF9aSGQxcmRaUUN4UnZsZk0zamRRdHhRcUtabk1DYXNNS09aVEhWVENOU2cyRk9CaWR3UVhZdzBDUm9qeUF3bUVyT2llTmljeGNrR2FHTTRiaTV0NnJQWjR2N0lfYXZxc0E0bnVKWmZFYTY5ckRHZDZhSmp4M2t4ZXpUZHhxazdWR0dsU2cwZ2JIZnVjQkZxaTRKbG5MenJDZ19DN1diY29JT2xEWW1wQkxsM21BRmFiRHlmdW1EcFFSVzVaeA?oc=5,The Hindu,"Thu, 20 Nov 2025 08:00:00 GMT",2026-06-14T20:36:52.007275,data_breach,True,False,candidate,https://www.thehindu.com/news/national/mizoram/biometric-enrolment-of-58-of-myanmar-refugees-in-mizoram-completed/article70302925.ece
data leak Mizoram,97% biometric enrolment of Myanmar refugees done: Mizoram - The Times of India,https://news.google.com/rss/articles/CBMiywFBVV95cUxNb2pSSHA4WTc1ME9NVzFFS3F6SmtUb2Z0ZkVzeWNHRGtOR1lIdFdXZ1hUdS1Da1VPLU8wdWJBS05hUTBoMUxEenFhNjFNTUJkcldESThuUE15R1d3M05nWTMxMW1qbnpLQ3hjcWMydnFLM3A4ZVNfaWw5RjhBV050RVFGZjJRaGVYbTFsbGo3ek9ReUwxc2dyWTdzemZUWU9ZVm1jUEVDWlR3Y3N6QnRVRmlNRUNJTHFsVF9QaFB6TVZicnVrMGE2QWpqVdIB0AFBVV95cUxOZEFfYmo1eEtnTUZQempqd3F4R1ZhUWtVT0lhbkxWT2lrMzBwT3dRQ2Zla1Ixd2VRdS1Iay1aRGx4d3d6M0I2ZEJtenllQ19UbUFzMWxYWjlzY21OY08xRjFlSjhRenU2U0prM1BReVN2cUZpajQ2MG1HYnJiN1pCMmNnTGJ1Qmx6c1F2THFDLW9VRThRWDFJMy1MdkFhaVFTQ2d3MEJwLU5DeE5LNzh0M1ZzMXlUVWJublZwUldWOUhiZms0c2ZTZHNDcW0zT3VW?oc=5,The Times of India,"Sun, 01 Mar 2026 08:00:00 GMT",2026-06-14T20:36:52.007300,data_breach,True,False,candidate,https://timesofindia.indiatimes.com/city/guwahati/97-biometric-enrolment-of-myanmar-refugees-done-mizoram/articleshow/128924357.cms
data leak Mizoram,"460 Foreigners, Mostly Myanmar Nationals, Arrested in Mizoram Over 5 Years; Drugs Worth Rs 770 Crore Seized - The Statesman",https://news.google.com/rss/articles/CBMi6wFBVV95cUxNMDJOaF9aVHNUOWp3ME1pRWxiamk1b2JVWGYwNEwtMlN6NUhVZi1JbzE4Tll3bUhBNHN5YWNnSDJKNU9CMTV4ZzlYdVBtRW5mdU43dEVIcS1HNC1TdE9JVm5GcmliaUxqQU82eE5EMUFkZlIwd0VISWtGUmFZaXd2TmZMYnZLYWw0UU5LOVNSZU52UWdrbTlfR0ZkWnpZRGVCVjdNOWVWXzVsbkdGcnFvd205WnFmN2xUeTEyel9tVThlY2dTdzBTWkdnQnBETEdoclZxbHJTTjJNMTBfMUNySWFaVVhtSnlQdHpF0gHwAUFVX3lxTE5VQ1c1WDZhNm5Hdmg4MEdPdU55NjFWTGNPNDRadXV3Umx1dndkNE9GSUNUc0xvN1VHS2hEUi1GZlNpRDJtRVo1Wm51SnppM0tXaGRsNDk1WmE2cE05cTdoVWgyTkRyMExScFdJMHFBN1RxOG43T1BtaVRIZkZjZk1RY29VSXVpd016NG9TelN1NFdmVHdzcmdpN2ctTlZOOFRGVU9vaWF5OWJyUHRhbkc3QzQ2Nkh6d0V4aDdOS2N3UC1HYTU1cEJKaFNHSlVUQVJQZW1CSU84TkstWGlneTZvSjNIZTFXWXZyTTFfeUpGdQ?oc=5,The Statesman,"Mon, 25 Aug 2025 07:00:00 GMT",2026-06-14T20:36:52.007312,data_breach,True,False,candidate,https://www.thestatesman.com/india/460-foreigners-mostly-myanmar-nationals-arrested-in-mizoram-over-5-years-drugs-worth-rs-770-crore-seized-1503476584.html
data leak Mizoram,"Mizoram joins India’s rail map; PM to inaugurate 1st rail link in Aizwal with 45 tunnels, 45 bridges - The Economic Times",https://news.google.com/rss/articles/CBMi8gFBVV95cUxQQXU0TmhvMU5PMGRWUjJHeU5nWGdGMnZ4WjlERmFCYldQTmxBUkJOZV9SS1lXN1Q4elB6ZmloVXg5NjBpSk1hLW5OSFB3cXcyNUE0UWowTDVnRWsyZ05IbWM1TnF4UFhKeFI1ZHJvYWRpc05FLTN0WnUxNnEzVEk3V055VVF4UUphWHBOU0hhYS1pS1I5OTZJbWYzRzBQWDlDZVJYTlVXX045NFR3YjU2NnozOE9EQjZKS2gzWEJ5QmowaExtV0VBOEhfaGVpcll1QWZSQ2ItbDhjSGJNb2JZNzVyYzFONVFUNWJxRGJJa1RlZ9IB9wFBVV95cUxOWk5CNVU5QXd1WVZpdUNHVElia0VKb01nSVdGT1MxbFJwN1ZCUkR1VGQ3QW9KYmxWOUNIWUh1clY2dXVzQzBHejZUdkpyTkRDLXJwcEEtek5OdDUyVHZaeW1aSndMV0gxRjJDelhZaDFFVnNDWUY0SW9WYWw2MlhFd2s0cDZFQS14Qk1HbWFHM1RFSUNScmx6NndFeXA4SkxFdTFreVJ5dHFDY0JRM05DdGVaVl9hVU1TVzRPMFl5QjNEdU1EUDIzUndsVWRGY201RlBlMXpvb1BnYWdLTjlRa3hERGtjZTRTU0tMWEZQTlB4S3ExWnl3?oc=5,The Economic Times,"Fri, 12 Sep 2025 07:00:00 GMT",2026-06-14T20:36:52.007324,data_breach,True,False,candidate,https://economictimes.indiatimes.com/news/india/mizoram-joins-indias-rail-map-pm-to-inaugurate-1st-rail-link-in-aizwal-with-45-tunnels-45-bridges/videoshow/123855499.cms?from=mdr
data leak Mizoram,Mizoram incurs ₹336.49 crore loss due to African swine fever in 2024 - The Hindu,https://news.google.com/rss/articles/CBMi0gFBVV95cUxPUmxKcF9iUkJkN2sxdGx3TnFmOENvVVV3Y19SeVJhbGZPWktrb1huZXluNlhyVnRUU0ZsSmkyTXV2N05MWmNma0wyRGxGRjdWbWVIV21TTUVPaG9wdEZsanNVTUJ3UE0yTFhJLVE5SGs4UlZxUVNUaWZiSlZNVTZoRzFORHJyM181a3hIUUx5NW45ZWRST1NoZzNpRXM2NXhibWNVckFEVjJQLWsxQkV1OHJfbk9XTjd5NzNxRUpxWGlGVjhVaDdBVEV6cTRnR1A0WlHSAdgBQVVfeXFMUGoyTUtzYWJYcE1aZkVZQ1JMeWdJUFBpVTU2WWVGVTQ4aGpNZV9WNkZTbEJhMDh2SEJTenY2X1JTVW1LR1kzQi1VamVjUmFyQUY4NmJhRktUb2luRFdUeHRFbElkckxWSVJiVVBUbjlkNUZZcUVHSTA4VG1nMFpYN2FVNjRDSU1aN0VaVnNvRlRXX0V4cEVGZlIyNXdfM1FwT2NPTmFKVGNOUUJYU0QzME43bU9mdGY5NDd3U0RIdllzNWVhM2JyOUNIMDZMemw3a3R2Tmc2VzEz?oc=5,The Hindu,"Wed, 01 Jan 2025 08:00:00 GMT",2026-06-14T20:36:52.007349,data_breach,True,False,candidate,https://www.thehindu.com/news/national/mizoram/mizoram-incurs-rs-33649-crore-loss-due-to-african-swine-fever-in-2024/article69049366.ece
data leak Mizoram,"Manipur, Mizoram differ on Myanmar ‘refugees’ - The Hindu",https://news.google.com/rss/articles/CBMitAFBVV95cUxPNkNraVVxSVlaQjE4emltWTFZMmlVWWdSeFpXOUp3X0RYanVDaW1GVnpVVEFCb0F0aG1ramNGZmtadl92cmpWQWJucXR0WU9RR1ZSX2RKMG1vd05MUk4zRUQyXzlta1ZTQ0h4Tzk2Y3pmWUVMQ1FMM0lQcXBGLWVHSU9GdDF0Uk9TY3I0ZS1yVHVaX25UTkZTMHdGWHZJMHpRSzVvMnJ1SEZyQnRTZ21hVVRrZlLSAbsBQVVfeXFMTnpkX3FaUUN1ZGJrQS1JaHhZVDVKTVRaT0NHN0FEMzBwd19RQW91SE1hNDJTNk5zUENQSTJpS0tWUEMxSjZkekh5c082b0tyRFFnV01aQ0xPUU9zWUdDWmJjd3MzZm03d1IzZkVKc2xrbkQ2dE9iWnlrSjBMRG5IcjBManVmTzc2U0VmbV9ubXFaTXhGWEt3eWt1bFRKOTNQNTZvbUhYaHhuOEIyckN4WDFNeVE2cW9KZDhfbw?oc=5,The Hindu,"Thu, 28 Sep 2023 07:00:00 GMT",2026-06-14T20:36:52.007361,data_breach,True,False,candidate,https://www.thehindu.com/news/national/other-states/manipur-mizoram-differ-on-myanmar-refugees/article67356941.ece
data leak Mizoram,Lalduhoma launches ‘Mizoram CSR Connect’ portal - The Times of India,https://news.google.com/rss/articles/CBMivgFBVV95cUxQNFE2YllRRWdPZ1c2Y3c0MVZDdTV0YmdpZzQ1QjE4dFczdGNtWm94d1gxT0lVcnJKRXFaWjJ2T2NERmFXaUhXTVJSeTYwZlZiRC04UVB4eW9oeVY0Z3dDN08wRmhRVG9lUmtPQzNPMHFPN2M0R0tNbUJRd3plNzBlVkJqT3pwM1pMeHhVY1RYQmNZNWNLelA2S05NNHZ0VXc1QmhoQUFaUlZxUnlSMnpSMEFlbFpzYmNpTTdOOWh30gHDAUFVX3lxTE5WTXBMMjFIdUNOVGZub0E5YmlyYUxVSUNKSV9ZU2lJN3RDa0c2RWQxNm5fQmFSeVE0aUlFS05DU2tTTVZ4YkF6bzMwWjdCbjlNRHNzQVRkNUg4c0NiMHRmdVN6cGlWcElwYW9Obks3eld1TzIyNjA2VEFOTmw1a2hFYXJ4MEdmcHpCSWI5OHpNcU9IZHhWV1VkWF9PdFlpRE5IUE9qWFZUY1ExNTFNNVVlcTN0dTN3VnFhZEowdHJNZGRWaw?oc=5,The Times of India,"Tue, 27 Jan 2026 08:00:00 GMT",2026-06-14T20:36:52.007372,data_breach,True,False,candidate,https://timesofindia.indiatimes.com/city/guwahati/lalduhoma-launches-mizoram-csr-connect-portal/articleshow/127624566.cms
data leak Mizoram,Mizoram declared India's first fully literate state - India Today,https://news.google.com/rss/articles/CBMi1wFBVV95cUxPQU4tbHpjU0E3VTA1ZFdGUExWbnozckZwQ2o0SzR5elBiVzAzZTEtaERDZ1JkVkhfSGcwQURTcU1XY2JDQUZmcnduaTZZbUxkTXNxLTNBVTZVZ3hRcGFVZVU5M3cyb0lzQWhBQ181Y014QmRkR1VHamVyMEVla0NwUTE1OE1mZEtKVXlhSTRxZ0xab2VwNW5TY216NXVObEc2dG1uUkhwNnpVOTE5cWxDdUk1Zzl2cS1TaG1FYjBGbU5MVURPUEFKQU1CcEt3SkV1N0JBcE9WSdIB3AFBVV95cUxNMVhENGNvbldIN1d1WWNRTHlhZ29KeUdRRlpaYmRIaGVxM3JvOGVxdDNScVZ2U3FsRjl4ekdNUlE5VmFjNDRYQVk3QTI1bXpxeFBERHk1dzF3SzRhQU41NXVGUjhjSXctT2RoVUxCWUx5aGxrNWxoZzBqeTgzTWR6dkRVcHdHNld5azJBamwxWVhDLUZ1SmVVVEJSTTQ4U1REZzlMUEVoZGVEOEk5R1VCNmVaM04wXzRNeVk5ZFZGdlB0N3dVT253eUV6N0FBbDkyWG14cDhYcDZBV3Zy?oc=5,India Today,"Tue, 20 May 2025 07:00:00 GMT",2026-06-14T20:36:52.007500,data_breach,True,False,candidate,https://www.indiatoday.in/india/story/mizoram-becomes-indias-first-fully-literate-state-chief-minister-lalduhoma-declares-2727866-2025-05-20
data leak Mizoram,Mizoram Nears Completion of Biometric Enrolment for Myanmar and Bangladesh Refugees - Daily Pioneer,https://news.google.com/rss/articles/CBMieEFVX3lxTFByOEpZNEZkYl9MY1pwcXhzcjQwS3RUbGY4Sk56U0VFUjAyeWpMZzBUYkNENmtydXlqMVQwMDVwVlMtZ01MVDZ4dFdNazVhZEt5Mk5iZFFjSmprbXBldy02eXFNUS1xTFRIclA0d0xNbm5KaFB3aWh1Uw?oc=5,Daily Pioneer,"Tue, 24 Feb 2026 08:00:00 GMT",2026-06-14T20:36:52.007525,data_breach,True,False,candidate,https://dailypioneer.com/news/93-myanmar-refugees-enrolled-in-mizoram
data leak Mizoram,"Drug use, smuggling major challenges in Mizoram - The Hindu",https://news.google.com/rss/articles/CBMiugFBVV95cUxPdWRwYnBqSFRPY2lwa0tDOVdpSTFfNFRfeGFHemNpeWNDUE82cVU0SDRFOEV5OG1oRlozLUhOQU1ydmstMGNpbk43SUU4dnJnRE5yZFF2cUFNMC1mcEVvZDE0dl8xUGdweWxGb3gybWVTRHVKaWkzYVVzeDBqY1dlX0RaQVhPdmpTZm05T0FaZ0kyWHhla0JtdzdydDRzeC1uMzNqUDdNZ2ZYRVdZWXFkeTNfUEpoa1JlWWfSAcABQVVfeXFMT2JpeFV2aE5JS3E3emVQNEdkT2lpdEZFNUV3RldVQVNlZDFVV1VzcnZJU0tjdnVTTkhlSjJvZ1VQQm9ZOV9peHExZVJ4UEJvNEFTZWJkU1hQUFY4MmwwNW9uaGlGVkwzX19seWRqU3RPTGpVRHV3dHNpZ05ndVdjVFNvbW9uQU56SWlIZ1ZJbm1mS1dIbUJNTG1OcXBJX2l5ZE5DMnlNM0NGdlpxMzBSemR5NGg4enVOTVBZOUtzSmFt?oc=5,The Hindu,"Thu, 25 Mar 2021 07:00:00 GMT",2026-06-14T20:36:52.007714,data_breach,True,False,candidate,https://www.thehindu.com/news/national/other-states/drug-use-smuggling-major-challenges-in-mizoram/article34155948.ece
data leak Mizoram,"'Myanmar refugees are brothers, can’t send them back': Mizoram MP K Vanlalvena - The Economic Times",https://news.google.com/rss/articles/CBMi0AFBVV95cUxQVDlycU1WNjFFOUE1YU9TRmFuNmF6Wk9pZk1nS29FZ3kwQk1IMkJBLUhWZEtEMFZjWkJUdVVXc2JmOFRYQTBDUjN5UkE0cjE3OGFwNWZSM19xWkhQWEFYS2NWU3ljakVZY2ZqX3hocEV6cUlTNWxGODRQT2ZLMEUzcXlHRUJZcUNuLVNib19xV2V6cE04WjZSNndXbjhiUmhoSzhkeTdtbkZMSmVzd3RuWXpNT2NvSU81cHNJWFdJRmRvZGdLZGRGSEo1bjBoUGNv0gHWAUFVX3lxTE1VRmpmeWIxWVZ3b3RXSElZdTh1N0ctQXlPMUhkMHlFQW4yUlpRbnJRTms5M295OW5FdjBlZ3VwbnlHNWJ1SHltRnhXNEVZSzdMeDY0Z2s0NEUwR0tSUFFwS2stTFVQV1B3WTRjZXNfZEs5MWU0c0VGZlN4UnMwRDU0bmNaaW5rTjlOSkMydjZGcHY5NGVjQzk1QnMzcGlTSnZXbExBUERUZDVwQTNQY3pvZEtxcEtQTHczVzZpZUk3VGYxNWZkSlFQMnllYTBpQkJteS0tN2c?oc=5,The Economic Times,"Wed, 24 Mar 2021 07:00:00 GMT",2026-06-14T20:36:52.007728,data_breach,True,False,candidate,https://economictimes.indiatimes.com/news/india/myanmar-refugees-are-brothers-cant-send-them-back-mizoram-mp-k-vanlalvena/videoshow/81669207.cms?from=mdr
data leak Mizoram,"Mizoram tops in cancer prevalence, Kerala saw fastest growth in 2 yrs - The Times of India",https://news.google.com/rss/articles/CBMi0AFBVV95cUxPZU1wWHlmYlRIMFhKeF83QkhqUDJxU21aenZlbXVCZ3R2TnBlNXh1TjJMWllxNVlyR1FIUDE4bTFSTVZmamtwRFFsaG5iLW9MVTJMVnNMNU5RZ3RLbjhrOU1UNS1BcDZXTFpqYzJUd2dqR0Z5Yk5CSWxOYVVUcUFYMDg3ODREZlBrLUFUVjBTVE1Ib2lmbnZrUUg2cVdIRnZza2ZsU1V4cGpCcWdEOF8zelpwYUl2WEllbHRzM2hPUkh3NkQxM1YyWmlZVjNrVUY50gHWAUFVX3lxTE9xYkRtd2FoRU5rSUtqN21YUHpPbmtZSG42TVVSYi1WUlhpcGNnQWZWel9hLUsxNGtZT1oxX1lsYWhfUWZPV0xNeHFFZzdHZXFRVGNVTHVmd0RnWmdENmtMNHQ2SldtN1A5SkRNTzdsR3RhN0gtQlJEcEpBa011TXY0Y213X1Mxa0hxc2lSWkhxWk8yV0xHT3BrOHdlaldkZzN2NlFER05PeTFTWTB2NnBKZXVHU1FSWFlCVnZONFJuS3dJOVhOUTZ0X3pyTGkzbm1QRHdfLVE?oc=5,The Times of India,"Mon, 25 Nov 2019 08:00:00 GMT",2026-06-14T20:36:52.007742,data_breach,True,False,candidate,https://timesofindia.indiatimes.com/india/mizoram-tops-in-cancer-prevalence-kerala-saw-fastest-growth-in-2-yrs/articleshow/72216904.cms
data leak Mizoram,From Mizoram to Bihar: India's Literacy Map Shows Uneven Progress - Times Now,https://news.google.com/rss/articles/CBMi_wFBVV95cUxOSXg3dVQ3bC0xakJhNWdjMHJiUTgtVmthM0lRcWNSSW1sS0hRcnNNNjhHQWd6STA5NGZidWlrVVdJLTBXZHg1aUQzejkwRnRObXNxZnFzSDJSWC11QmdnZWlxanRtVnhMVkZ5MHMyWHJGcVFkd3h3MXdYbjVDY2lZbU1XMUJZYVNOSFBZNi01US1IREJVYThtamYzQVRtSktGOG91ZURKSlVxd1hycG5tRFhhWE1KY2o4akNKM0tlczhQa3Y3YVJKNkNfcmZGSlJIdTc5blJfR3duTmFoeHhEZUh5bnJaQ1I0aE11VU5FV0xzeXJpUmhPTzRrdVp3MGvSAYQCQVVfeXFMTTFwZGZ2SFBoaHktNmFMNXVVNlB0cEFCdEhTejkxU2dZY0ZpZ2h2OUNWVHhQanhaV3lYcDdPRzZpdldHZWZTalZvTUxCM2tCRUZ3blU4WElLYk4waFZ1QmdmTTMwbk9GR0dFdUczS1BIaXM2NVB0M2Y5QUJBUlVfbnd4VlAxd20yQUhRLWVsM3dhaWNOT1QzQjBkaTVaQktfX25sQTR6S1ZVc3ZROXNyelZSU08xVFo4eC14NUxkUGxaZUxwaHotVG8wWEJRN2V2T1ZzUzVQMmM4c1VJd2hKZTA5QndQd18zZFJoMktoQ0M0YzlXSWlwcmdwbC1ZZXZqSXhoWC0?oc=5,Times Now,"Tue, 03 Jun 2025 07:00:00 GMT",2026-06-14T20:36:52.007792,data_breach,True,False,candidate,https://www.timesnownews.com/education/plfs-2023-24-mizoram-kerala-lead-in-literacy-survey-highlights-stark-gender-regional-and-ruralurban-literacy-gaps-article-151778569
data leak Mizoram,Good news for Mizoram! Stands third in literacy rate in India - Dynamite News,https://news.google.com/rss/articles/CBMimwFBVV95cUxPeE51eWVBR05sd0l2ZV93Ykh5akZIUFJGNHNoTExpZ3RPa0FTSkU2dVFraTlhSk1Ra0IyWklOeWUxT0pVQUxhSG14dzdhUC1zeTFNZVYxbzFvOXhwQWpZOWtxVlQ5NDBQSkdYOGlTU2dpZG5tcWptdmZsWUM5TWtMWUNvZGJUMVNxYUgtaTR3ZnFYbFNBWE4zcDNoVdIBoAFBVV95cUxQSG8zbFo4OHNCTHNYWlZULTNXTl85UnZXMnZDRW9laTUwVE1QU2c4RlpIN3lhOXJzWDFURnhkejRYcEtCTkdUdXhYYy11bW1vclNrNC02ajhtdnZ4aldCR0FoQ1RiRExJVWZoam1FSkM1OS0tNHQ4WFRpaFlkU1Rjdm4wTE16UkliT1AzQVZVYUF2b1p4ekRBVDh2YzFPNnMw?oc=5,Dynamite News,"Wed, 11 Sep 2019 07:00:00 GMT",2026-06-14T20:36:52.007829,data_breach,True,False,candidate,https://www.dynamitenews.com/story/good-news-for-mizoram-stands-third-in-literacy-rate-in-india
data theft Mizoram,"Data | Assam, Arunachal and Mizoram saw the biggest increases in encroachment of forest land in past two decades - The Hindu",https://news.google.com/rss/articles/CBMi8AFBVV95cUxNck1uTGZ5UURKZVRSb0JDVGNNM0N5RVhCOWo1ZjhuckRnZjRNNEh0LTk1NE81aXpVUllybXh1c1ZYb0FBaTV2WFFyREUzWjBHZElHbllDWmFYam5IaHA0TVpqRUN6VDgzTHRHTXA5OTlKbmVjNUZvcngyUzJfNTVjeWJoSkJzc19RQkpIbmVjWXU2R09RR0l6alJzZDFtUDVCaERqSWFrUzBWQS1CeFQyU205bVdjSFd5QS1nZ3NkR2FmQWZDZmRIRVI5MF9tV3dyN3o4aTVPT3VCY05hVnZUUzZ6eXlYUGpabHExRDk1V1rSAfcBQVVfeXFMUGsxZzJxM2tjQ3NEaWR5R1NpbE5ablBtOFNoN1lfSW4xUnZaVW1WOVFIQlgwdmJncXJCTWN2V1BZYjJieVRKbVo4dEVDN2t3N3RIeTRIMnVJZmJhQzljMUJKcjZiNEhya1dlVDZxejJUNGRDX0JlQWwtR2cya3N0aUNhRmk3WndWSU5qRDlxSGpLSGpnTkFsQ1AzS3ZJRkhMRmpxY3BuWTVYUHpQeUNXS0lsZ3ExRk5PSjh1RTdOb2k5ZllwRkEtbDdSYTZ5Z2hqcG1vQkRBdWNQTVNmVk9lRFpNREQ2SHFnRk1VNVJ1OGZJMmNTMl81OA?oc=5,The Hindu,"Thu, 04 Aug 2022 07:00:00 GMT",2026-06-14T20:36:54.542454,data_breach,True,False,candidate,https://www.thehindu.com/data/data-assam-arunachal-and-mizoram-saw-the-biggest-increases-in-encroachment-of-forest-land-in-past-two-decades/article65721795.ece
data theft Mizoram,Mizoram Begins 4-Month Drive Against Drug Smuggling and Abuse - Tripuratimes,https://news.google.com/rss/articles/CBMiqAFBVV95cUxQRW42NkRjcnJKMmpzMlBOc0oxZkp3eXZBc2E1OFRTT3A3WldWdkV1Ykp2MUlzalRhNmM2RjNaeGtfSTRNNDVMQlM4eThaYVpBZmpRNzRQMXJHOWxHVjVaZzB5emtmbkItR1JsTk1kYmxSUzh6QTZIVHBIZ0hXRDZEZFA5Rk1ObWlJekJYYU9CUlloa2FWS2V3ckdQXzZzOGZrZXVSeWJjMEM?oc=5,Tripuratimes,"Mon, 01 Sep 2025 07:00:00 GMT",2026-06-14T20:36:54.542506,data_breach,True,False,candidate,https://tripuratimes.com/ttimes/mizoram-begins-4-month-drive-against-drug-smuggling-and-abuse-31061.html/
data theft Mizoram,"Mizoram issues over 18,000 ILPs at Sairang Railway Station in three months - India Today NE",https://news.google.com/rss/articles/CBMizwFBVV95cUxNTzYwOFBOYUJVc04tTlZfVkdkREtjcmlROTFhSThUbUFUNzRkX1ZBVk5FaThwcXA1N3h6ZTZseHN0cS13bVlxZ2pEMXN5b1VXeDhBSVA4RkhLYjRLa0xhQW5iTThmcHcyRTJ6MldhUUtyNm8zWHEybkwxcDhWaDNfNFhYQ184VjVfWVJmbDBHTWt6VF9UMmExN2dScE9hNFVaWnR5SHhac0FPOEI0Yks0Rk1HeENNOVBuZnIyYVk5eGlJYkgwNDkwZ2dlTE55ME3SAdQBQVVfeXFMTzZOMlhWU3VjRFR5RHpHbm9UU2JmM3dQd2U5a1d5dzd2dDBibFQtYnhxWC0zRDFiTW1wak1Qb1pqZndVZ21pc2pMX00yUFlXZlI2U3lwSUw0c2FyUlJYRTZ3NlUySUh6V0JWT1NNYnppbXdOTldZdm0yMlAweWdvZk9EN1ozaFhhcnZJa2hUNEludUpiNGVGR1VCSEhhc25NVVdKbmFJZDNwNktmckZ1cFQybk5NMlZYV09STHFybEhlOUNQQV80MERFeTJfMHVEdHRCVmQ?oc=5,India Today NE,"Thu, 18 Dec 2025 08:00:00 GMT",2026-06-14T20:36:54.542551,data_breach,True,False,candidate,https://www.indiatodayne.in/mizoram/story/mizoram-issues-over-18000-ilps-at-sairang-railway-station-in-three-months-1319184-2025-12-18
data theft Mizoram,Myanmar crisis: Refugees living in Champhai district of Mizoram share their scary experiences - The Economic Times,https://news.google.com/rss/articles/CBMi3wFBVV95cUxORlRobHBPc0FPa0xIa3FqSXV6Qk9ZVS1WQVhib0hXNUtEVzI3V25QLXBNbzRjZWlrRUpzZXR3aGxZcFc5T29qR1B3RXJkT1NRS01Md051SlZpMndvS0VLRXpXdkwxbzBHWjhqRnR4WDhMY05MbC1VdldLOURLaERnclNINFhjekhXa3RrXzJZR2hsUGMta1FHR2pjU2xnbGxEdjNJNTU5N0VlZjh5elluQlNlUmNEQURwcnNrY3htZkc2SVJOTXJRVk9Pb0Z3MGg0VUxoWjRLSWhqajE0cHhr?oc=5,The Economic Times,"Sun, 19 Nov 2023 08:00:00 GMT",2026-06-14T20:36:54.542606,data_breach,True,False,candidate,https://economictimes.indiatimes.com/news/india/myanmar-crisis-refugees-living-in-champhai-of-mizoram-share-their-scary-experiences/videoshow/105331171.cms?from=mdr
database hack Mizoram,Mizoram promotes Centre’s emergency tracking initiative - The Times of India,https://news.google.com/rss/articles/CBMiygFBVV95cUxQTUFEamV1Q1pUY1B6Y1hFdDZHaU9DVTJUdGx1dkZpSXU4NGpILUEwekJiWEdJNk5CNm12NXRtejRwR1NLTVBzWkJzTnBGRjNNS0w2Qkp3VmpIS3BmN3RTX2V5QzBJMUxjbGUwR2NybURPS3ltTDhPRW41dmtVU29LRm00ZXFjSG44V2t0ZkN6SjgydHh2LWJHcGRjcnNYbVJwM0Q0bGlWSFl5NllRY2RWZllsb0I3bkMwZ1NUYmVYc3NOaVlRZjF1bExB0gHPAUFVX3lxTE94RVNLVjRCZEc5UTBrRmlLUDVuN3FwelU3TUJvUzE3ZmZpa3lXc3Nxc0g5UGpXMENJc0V3ZEd3MkkwNU5ZSkl3SS00NVB6RGt0OVlHOVZHYS14UlNQbGRpQWJuSVNJYWR2OWZMVnd5Yzl5aGx6TGloT3ZlaTlJVFhraC1qUUI5S1c0NkVtb1FISGNmZkJpRUZyczZkVzZPVzJVZzlXbDhpUjZmZm9naHBOWWVfeE04aWhCY09RMklBaHI1OGcyM3RaTlN2Y1hObw?oc=5,The Times of India,"Fri, 15 May 2026 07:00:00 GMT",2026-06-14T20:37:00.467991,data_breach,True,False,candidate,https://timesofindia.indiatimes.com/city/guwahati/mizoram-promotes-centres-emergency-tracking-initiative/articleshow/131125104.cms
database hack Mizoram,Mizoram CM slammed for attending Himanta’s oath - The Times of India,https://news.google.com/rss/articles/CBMivwFBVV95cUxOWjFFalppUGNZYVRaR0FaQTc4cWZZTU5WX2hkVGIxWEpiSDZEYVNteGJ1eEV3dTJyU3FLejdQSlR4UTZLbmdheFFsa1ZDc3BuOW5CWVNKaEVRMHFieDJPeE1udWx3MUZtNWlwMUFiZkQ1ODBiek1VWTc3clk3bmdnQ1hUbW5Ib2psaXFhOHE4WFh5RnhNYmZCOTA2RDRYMEtlREI1cTlCa0ZzWXVWdFZjcDZxajdDQ2V5Q0hueHY1UdIBxAFBVV95cUxQeVJ5dWFEYW5yZjh6TEhnM1VQei01UUJyTEwweWVVTmJKcWpKVmxzVVZBdG9qMzV2b01sSDlqZFF5SldCbVZ2ZGxITzZJM1cwMkwxM2tOeThibFNTeTFvU1BTeF9TTnVvaElJdGlWT0g1MzFoZEFrQUpjMDBkTEhSZ0w0eUJBVDdUYWp5aTd1RXJ2ajlkV1pJV2EyMHFpXzJUNm9lQzV4NHNjNmRiREtjamp5MFloYXhzYktNZ2Y3NGdjSkVv?oc=5,The Times of India,"Fri, 15 May 2026 07:00:00 GMT",2026-06-14T20:37:00.468036,data_breach,True,False,candidate,https://timesofindia.indiatimes.com/city/guwahati/mizoram-cm-slammed-for-attending-himantas-oath/articleshow/131125090.cms
data exposure Mizoram,Mizoram steps up anti-tobacco drive with launch of Tobacco-Free Youth Campaign 3.0 - India Today NE,https://news.google.com/rss/articles/CBMi2gFBVV95cUxOX2dsaEN6Q3l2X1dLa282b2tkbG1VNzYtN0FYTzlOczdYcFVqVV9hdVRtNTU0ZjJ2VU1LRkFXa3pfTUYzdURzOTY5SEoxM2lMMVhGNGd2NF9WZWk4RWt2MGVicVdUNGJhZW1XSTAwcFctaWdlN1RYb0h3bjdPb1Vwc2RRR1FzZzVuUks5V3hOamRSTHpfSkNlNHdvUFVIMTBMc0hFQVlKQkhZMVROT0lzcEcwUkNUY0pZN3pHcVBEUUFNd0hiSmJQM1F4Y3VMb0xTSXduWnM3V0ZNZ9IB3wFBVV95cUxQOV9wY2dSYXBfMHFTX0pEU2J6UnRSZmNtS1RFU1JsZnpGZGtOd3l3cjJuNE96Uk83ZjEwcFd3Wk05Njdic01CVFI2WDFmOV9sczdNclFoRXNXeVlldm8xcTBlMFFsakRjVW9ZWjNadW1vbDh1MzgxOUxoUEVDOHVxc2l0YkRncXBRNl9EQTlzRkpTY2NFZkZPQUpUblp2ZS1hZ25taHdCV0JleS16clEzejRTX1FLaXZQaEpOR3ZBTk9BNW9OS0Mtd1ZMSlZLS1pEbnVOQ28tZVRlZGdGb0ZV?oc=5,India Today NE,"Sat, 01 Nov 2025 07:00:00 GMT",2026-06-14T20:37:02.311742,data_breach,True,False,candidate,https://www.indiatodayne.in/mizoram/story/mizoram-steps-up-anti-tobacco-drive-with-launch-of-tobacco-free-youth-campaign-30-1297894-2025-11-01
data exposure Mizoram,Mizoram Government Launches Fare-Enforcement App for Taxis and Autos - Mid-Term Outlook - The Legal Advocate,https://news.google.com/rss/articles/CBMiwAFBVV95cUxNRW0wY3RVdVFCcVBvMDFiVTFINkdadVZSbnVFX2F4SXFvWHVaQzFocW5Sa2JsX0d0NWZUZi1Rb21vZVMxeU9XSmJpUzFEODhKNHVETnJJR2otVERMa2NubENWUUliZUxnT2tPVXk2bExTaGx6ay02VFFHRXp3eFdqbU5yVjNVenRCSHgxR1JZUldpYUIwMVpKQ1NraGNQVUxMLXc2QVhzN0JHVUlvNUVZTS1tN1FKTmxJYkZmRVgyaXY?oc=5,The Legal Advocate,"Sat, 30 May 2026 07:00:00 GMT",2026-06-14T20:37:02.311759,data_breach,True,False,candidate,https://www.thelegaladvocate.com/market-outlook/Mizoram-Government-Launches-FareEnforcement-App-for-Taxis-and-Autos-29-3578
data exposure Mizoram,Friendship is at the heart of nonprofit success in Mizoram - India Development Review,https://news.google.com/rss/articles/CBMisAFBVV95cUxPai1DeG5FTHgtNDN0Q01PQk1Bc1FDZHdtMlhEdU96cVQwekZjdFlVRDRhWktuZ2laUkM4X1ZIWFFiTWczYkxTc2RDcW5XcFF0Y1pZY1VrWGkxeHNsVFlNY2VPNUdoYTdtUThfVnhKMmN1X3hmdE1IZkdQR245VUpCS3RPZGZMelhmNTBxRk50MElBS3ZkN003eFgxT0xQdEgwLWNTRnNURFJoQ3czdzA4SQ?oc=5,India Development Review,"Tue, 13 May 2025 07:00:00 GMT",2026-06-14T20:37:02.311767,data_breach,True,False,candidate,https://news.google.com/rss/articles/CBMisAFBVV95cUxPai1DeG5FTHgtNDN0Q01PQk1Bc1FDZHdtMlhEdU96cVQwekZjdFlVRDRhWktuZ2laUkM4X1ZIWFFiTWczYkxTc2RDcW5XcFF0Y1pZY1VrWGkxeHNsVFlNY2VPNUdoYTdtUThfVnhKMmN1X3hmdE1IZkdQR245VUpCS3RPZGZMelhmNTBxRk50MElBS3ZkN003eFgxT0xQdEgwLWNTRnNURFJoQ3czdzA4SQ?oc=5&hl=en-IN&gl=IN&ceid=IN:en
data exposure Mizoram,HIV challenge grows as MSM remain under-registered in Mizoram: MSACS - The Assam Tribune,https://news.google.com/rss/articles/CBMilwFBVV95cUxOSnF2d2JBRFlqRnNnc1dXLUpaSHdpVlJLcVdYUUpfbmZXcDdqd0ZIZHZfMGRRSXlKYjJ4b2xlQ0JJbHgtTzVZcEdVNzZHQ0g1ZHROUlJGRlpGTVo4aVIxWFVpbThnQ3U5dEVxeW1TQVhTdWVXQXRmZ0tTczEyQWtfOW5RU3JocDZIZ2UyT2VKSkRvM294Vlkw0gGcAUFVX3lxTFBsZnZlRlAyTWpieGp5TkJPb29XVzVtMXlGVGlLRDkyQks4UVQzeTJheEVpeXZQejdmRVVILXprX0JwdEVMcWJaa2hlb084bXdCdzFwVDVXUHlCVXBiTTBwX3FRZ3V3d3EwbjlRTjVvMDAzaXIyWmdzSHk1Wl8wdGU0b29MUjd0TW1zZWJLZzQ0MXhRV1JnQjFmVU9pVQ?oc=5,The Assam Tribune,"Mon, 12 Jan 2026 08:00:00 GMT",2026-06-14T20:37:02.311775,data_breach,True,False,candidate,https://assamtribune.com/hiv-challenge-grows-as-msm-remain-under-registered-in-mizoram-msacs
data exposure Mizoram,Malaria hotspots and climate change trends in the hyper-endemic malaria settings of Mizoram along the India–Bangladesh borders - Nature,https://news.google.com/rss/articles/CBMiX0FVX3lxTE1VOTc0VTA1Y0YwVmJpM1ZGeHpKc09ZTGtxRnJGd2MyTTNkTk9wQTg4NkhtYUNJb2VyLWFyZmdDaFl6eGhxYUt6c2t0U0haRmdSM0lQZllYcWtieTBhelpj?oc=5,Nature,"Mon, 20 Mar 2023 07:00:00 GMT",2026-06-14T20:37:02.311783,data_breach,True,False,candidate,https://www.nature.com/articles/s41598-023-31632-6
data exposure Mizoram,NIT Mizoram Cutoff 2026 (Out): JEE Main Closing Ranks & Trends - Shiksha,https://news.google.com/rss/articles/CBMinAFBVV95cUxNTjJ4V1ItVWFIeEd6bE80SWUtdFp0VGFhb010eFVMdHdtY0xyalVIWm1KVXhJN2oweTRSYlR0VEdkSEc1eTJyb2lGcXRNN1VUaGVCQTc4ZDljWTZpbVM3Z3pJUFUyZEdwV0JzaXVOVnZUNkNrTjAxZjBmTWFTSzY4MjFiMVFUV01XQ1dSSnlrekZOMkFIYVdBWFJnWlA?oc=5,Shiksha,"Sat, 07 Mar 2020 08:22:23 GMT",2026-06-14T20:37:02.311821,data_breach,True,False,candidate,https://www.shiksha.com/college/nit-mizoram-national-institute-of-technology-aizawl-39180/cutoff
denial of service Mizoram,Mizoram health minister apologises for death of pregnant woman after hospital ‘denied’ admission - ThePrint,https://news.google.com/rss/articles/CBMiyAFBVV95cUxNcjZtWWtJU2RMUUhuZGtKTEViWFF4SUNNR2hwQVoxb2ZzN293QUJOSFMtOG10SjZfTnEzMXBpODh4Q0RmV1MyaHE5ZWVab1dQd2pPTTlmQ3VEcVBjMWlId1Uwdk8tUFhGdG1Qa3VMTHgyRjdjTVNoZV9kNm5qSVFlRW9TNGFIcU5HUDRydkluV1o1UmpzX0lhUk5vMlZFbTNJLVFtNTZxSklXaDBnODFPaXlEdl8wWDRPNFFxV1lKc3J2dWtadUFDSdIBzgFBVV95cUxQeElwWnBVVHJiRm05N3drUjU4Y0JFUjJQbEEzeUJFVUs5b3VlbzM0RUgyelZqRllHZmxGblk4cTBXZEpMZXZuUFlxQmo4SXc3bHotRE5JM09peGtieDBGYnRJSTZnMFRaclFUby1PWk5zeVlYNjJVb2pYWkR0akEyWGFOLXEyMl9KeFVXaXlCa2xaNUdweFVxTW1hQTRFT01uSFc4RE1vMHREZjJ5MHlBVkZoSEsweEYyLVhGMUZoTjJpa2QyZ0Zqb3pqOU4tUQ?oc=5,ThePrint,"Mon, 16 Mar 2026 07:00:00 GMT",2026-06-14T20:37:07.446446,dos_ddos,True,False,candidate,https://news.google.com/rss/articles/CBMiyAFBVV95cUxNcjZtWWtJU2RMUUhuZGtKTEViWFF4SUNNR2hwQVoxb2ZzN293QUJOSFMtOG10SjZfTnEzMXBpODh4Q0RmV1MyaHE5ZWVab1dQd2pPTTlmQ3VEcVBjMWlId1Uwdk8tUFhGdG1Qa3VMTHgyRjdjTVNoZV9kNm5qSVFlRW9TNGFIcU5HUDRydkluV1o1UmpzX0lhUk5vMlZFbTNJLVFtNTZxSklXaDBnODFPaXlEdl8wWDRPNFFxV1lKc3J2dWtadUFDSdIBzgFBVV95cUxQeElwWnBVVHJiRm05N3drUjU4Y0JFUjJQbEEzeUJFVUs5b3VlbzM0RUgyelZqRllHZmxGblk4cTBXZEpMZXZuUFlxQmo4SXc3bHotRE5JM09peGtieDBGYnRJSTZnMFRaclFUby1PWk5zeVlYNjJVb2pYWkR0akEyWGFOLXEyMl9KeFVXaXlCa2xaNUdweFVxTW1hQTRFT01uSFc4RE1vMHREZjJ5MHlBVkZoSEsweEYyLVhGMUZoTjJpa2QyZ0Zqb3pqOU4tUQ?oc=5&hl=en-IN&gl=IN&ceid=IN:en
denial of service Mizoram,Mizoram health minister apologises after pregnant woman allegedly denied hospital admission dies - India Today NE,https://news.google.com/rss/articles/CBMi7gFBVV95cUxPQmtHRG9aMEdSeVpyVnVsZlRFUG5MVjFMV3o1NU1YWlRod2hrdjRnS0Y4UWJIZUNaMC0wMDNLQmpZRFJFYVRTbWNBOWU5aGdCMHJFRXMxODVfWFRsSmZGLS0tTTR2czd5N0R6N2hjdDA4eDMyTThRS0R4MDc2MkMzaFpuNENlejE2MFk3UUljLS1fVW9CZGxtWXllc25fTm52MlZwXzcyZzJiYzJORy1udXE4M09pTU9ZMFRCZUpVejVpV3ViR2pCdE92VVZzdUpxSEE2VE9HTWplNE1XTDZkN3BUZm1ZdDgyMkJDUzh30gHzAUFVX3lxTE5wVFZxajlGVnFISTlfclFIMl9COVpSS1NLR3ZOZm5kVmxTT0lmWHR0QUZtVktTNzNhelZ6Y3RxSzJxMFZmYlVfdm1oWTJWSEg2elJCWG9lMmtCNFRlTjFrQzdxTTVrZ3Y3ZDdscHFTQXFCSWhLbkwzR2pqRXJKZlRCRzZta1hlODRTS0RiX28wMVVZQmZmc2o1aF9YaktlMktvcU9kdXJXMEdYSmo3Ml8zQlpxMGdDaGRuRk5BQmZYdXNLYmIyMDFNdHlPZUxiY1pLalI2eW1GQkRzMF85RnVlQTlSN1BVVDRKaEthbmZkeHFHVQ?oc=5,India Today NE,"Mon, 16 Mar 2026 07:00:00 GMT",2026-06-14T20:37:07.446463,dos_ddos,True,False,candidate,https://www.indiatodayne.in/mizoram/story/mizoram-health-minister-apologises-after-pregnant-woman-allegedly-denied-hospital-admission-dies-1360742-2026-03-16
denial of service Mizoram,"Upset over US evangelist’s visa ‘denial’, Mizoram Cong writes to PM - The Times of India",https://news.google.com/rss/articles/CBMi1gFBVV95cUxQUV9sS2pCci00cEFETWV6SExHLWgzLVF3d3h5LUdjSUNiVEhvaFB1dGYxQVR5MXdsaUQtM1o1Njg4NU8tR3RDdFdRMzJTMXN5X3hWLU1OeHFkaEdaNnUyWGhsZFBSOFRnWnpzV1J2emx4NnNzTTVfdFBobnFJMlZsOVhqZ0x2Q1JyXzRBdWUzd3pkanJDMEFVTkpGWUpUXzRXZXpnNmVPU2UwVC1ESnotZ3F6VFR4OUFJYkpMNkQwdlFUQVQ3Z2VfWWNNdzFvdzZvTWstZUdR0gHbAUFVX3lxTE90LXpEaUlQUFF6blFDTU5wM1haUUZNdUR0blVJTWUtb3FRUm1FbG13UXBTdFdSOTZSOFcySmRsZHBBanZ1Qm54Y01NOG1oQi13aUJ3Z1JGa2JtWm1MVjB2R0N4U2hkRmZFTHdOUUE2NlVGdDhpbDhfSk5WRXdWWnl1QkNuTW1Yc292N1FFbmc2dm5hV29tUkxvYUVTa1pLOFhjYW1FSDBPREIwVVNGa0VIRVBLLTNURjdzdUsyWTVJcHY0S0tHRkR6STFfdHMyZnViNVU2STQ0SE1XYw?oc=5,The Times of India,"Fri, 05 Dec 2025 08:00:00 GMT",2026-06-14T20:37:07.446477,dos_ddos,True,False,candidate,https://timesofindia.indiatimes.com/city/guwahati/upset-over-us-evangelists-visa-denial-mizoram-cong-writes-to-pm/articleshow/125794285.cms
denial of service Mizoram,"Foreign rebels plan to use Mizoram as training ground, suspect agencies - The Hindu",https://news.google.com/rss/articles/CBMiyAFBVV95cUxNbjF1LXV3QzhPd0YwajlwdVViMWxSRGpSMUhwMjI3R1NNZDJvWm9PSkoybXFQUEtwdE5fYjFMd1lLWlNBNF9ZYjdmbTVGLTJEV3p4Uk5aMTl2S0dLOWZ4eFlkRjF5QWdQM25Yck5sZVRwRXN4MGJoNWlwNWpuVnlEd0x1Q1U2ME1KQXNDSk40Wk1KQy1pQy1DZzRwMnkxeDBPZ1h6Mm9JNWF1NW9aeFJFUlI5R1J5UHN5cUlpdXVIT0xISUNSc0E5ZdIBzwFBVV95cUxNd0RxS1FPR1FTamh5a3FXZGo1c2Zsbm5FZTFHMTNpQ2JpYWN0Qm1RRmhZMWhzS3M4RXhmNVNJLTQxZGhVZHVKdnEwSFJGcFpPUk5sUldYV29UbEJYYUYydVFWMHVhZXN2cHFzNXNvd3ZuakRSbkQ4OXJ6N05XQTA4aGd4WTdPaEVaRWp6eVo1Zkc4a29RSENKdnlqTjhRVFVKNDgzU09IczJ2WEdmajNKUDk3RFBWVFVSWjladnNLM1R5a2U1eHRPeXlWUlMwYjQ?oc=5,The Hindu,"Mon, 26 Aug 2024 07:00:00 GMT",2026-06-14T20:37:07.446490,dos_ddos,True,False,candidate,https://www.thehindu.com/news/national/foreign-rebels-plan-to-use-mizoram-as-training-ground-suspect-agencies/article68569392.ece
denial of service Mizoram,Mizoram man wins Rs 5 lakh compensation after insurance claim denied - The Times of India,https://news.google.com/rss/articles/CBMi3AFBVV95cUxPTVNmRTM3bWhlalZaTnpBelRHaFphQTgwRURDSEZPVG9FcTZrb0N2N2FVa21IUDZpeUxYTFJWSVFPZS1KcVRZMDJweVVBWDFoMEhONWF5bmhkQTRIakNORzhDS1ZEc19OTG1aLXNkTVRENG52eElaOWVhd2dIRld3QzZ5WUkzMTQxNWJCcTdnQ3ZjVlNWUGVUNV9yTW9rSkIyRW5lQTg1RHhINlVsQW04QTFiWXExa212UHNmcWRXVG9DRTFnNHR0NmRndU02eUxnbFJ6U3lnLWx6ZTRi0gHiAUFVX3lxTE1EdlVFbmlFeHMzMVZiMm9yQURwZjNxdGo5dEhHQjdNZEtlcEpfdkQyQmFxLWQyeTY5LU1YTjlrWEVtdk1tLUZsUUFVS05wS0FlWFZWUnhqanNRanl2YnNEZllIbWhOS2t4YVlEUElnWWZyLU1MMmJUSXlyMVNjbUFKeUJOeDY4UkpMX2N5bVotVDRIQnotOHFzY0loRm9yWU96SmwwODBKWHJUSVQ2d1ZDRzZabXpLdThQZWcxZ0FWV1MxNTgyem9QX0NzdDk3YXJPSHFhVGhRT0VwVUpTMjRvTVE?oc=5,The Times of India,"Tue, 23 Sep 2025 07:00:00 GMT",2026-06-14T20:37:07.446504,dos_ddos,True,False,candidate,https://timesofindia.indiatimes.com/city/guwahati/mizoram-man-wins-rs-5-lakh-compensation-after-insurance-claim-denied/articleshow/124076934.cms
denial of service Mizoram,Assam govt confers CM's Special Service Medal on 6 cops killed in clashes along Mizoram border - India Today,https://news.google.com/rss/articles/CBMi5wFBVV95cUxPNThjamM3Tk5acTI3ODZlUlhsUXdiZXZHTXpxSDhLbFlsMGZsV254QmFLU2ZmLTRaZnpGRFlrOEZnNHN4WWFoTFVxa0t5c2NUOFlWLWQyYVBwWXgxSEg3Njd1TDFxVW9fS2prZ0xfbkUxNzFaNkQxQ2lDN2M5WnpoTzQtc3ozMEZkX3Y2THFjNHNlY1F4OXVZOC1nWE9PS19iWFhsQXVsZk9uMWJsNTh5QWNsdXF2eDlwY3hib0lZWms1UlBXc1pGZVROa0ZuT2xqYUVkQk5ORkxfaTI0eVJmVDZuTFp6WWfSAewBQVVfeXFMTU5OMkZJOHJqT1Z5RV9WMWRULTBVeUljR1ZUUDc4UDIwcjFIRHV4SHZjRGRpR3RJM2dBVjV5alQyamRPOVNXSVp6ZGRSdWpPbl9oZTlMUFN2c2wwdk9kd0lvQlowY3RsUk5LZ05JYkVRWURrVG5uZF80TTBmNHRDdk5iSVNNM2ZBd2FybEl2TjdfUmRfYm0wSjZ6bmZnLThSS3JpRU5ac0Uyak5vSV9IS3ZZeERCWlBEWm03alJvVmRld0hzOWRWelR1aEx4QTZ5cG5ZTzVnSDVUTDc2UXVJaDQ3OWdhOXRhY3VwY0o?oc=5,India Today,"Sat, 14 Aug 2021 07:00:00 GMT",2026-06-14T20:37:07.446518,dos_ddos,True,False,candidate,https://www.indiatoday.in/cities/guwahati/story/assam-govt-confers-cm-s-police-medal-on-6-cops-killed-in-clashes-along-mizoram-border-1840904-2021-08-14
denial of service Mizoram,"No Medical College, Insufficient Recruitment, and Unfavourable Service Conditions: Why Mizoram is Suffering from a Shortage of Doctors - The Caravan",https://news.google.com/rss/articles/CBMikAFBVV95cUxQb2dkUk5vOV9ibmV3eWlLOTF6emIxTlJaUWFQdUg1Tm5vQXVSU3Y1TmRCSklXVkM3eE80bWEySVhaZ29reTNQT3p5ZUtoaXh5ZzFicXhtcHB1YWRDejlhN1NUeTF0MzNOSVpIR2lXRG5WU3ZhVl9naktaZ2l4ZHk0bVQyUXNNVDgxcS1oRXJ6Smc?oc=5,The Caravan,"Wed, 12 Jul 2017 07:00:00 GMT",2026-06-14T20:37:07.446530,dos_ddos,True,False,candidate,https://caravanmagazine.in/vantage/mizoram-shortage-doctors-medical-college-recruitment
denial of service Mizoram,"In Mizoram, the line between ancient code of selfless service and vigilante justice wears thin - Scroll.in",https://news.google.com/rss/articles/CBMixAFBVV95cUxPcV9nMi1KZmNYcjZCQ2twTnBtLXRjR0hmOHVwaHAxVHJVWE5lTEVHN3ZxOHQxVjkyaW1nMlBTeFVQVkdES1ZJVXRyUERBc0hCM2FxWWg5TUdwY19fRGdvMm1CSWM5d3Jwa0tOWlgxTFc0a2ZYU0V0Z3RheHVLM0w5aWowbkFMeXVpdlA2ZWVCWW1aT2JfM3k4NGNTWEFXU2ZCWUItcks3al9KQTNSdkZEZmhUSXVGTDNpUkdtdzdEUlEwLXNT0gHKAUFVX3lxTFBzVFJEVVNmU3FyUjZUOFNpUjNBendBeXllSTBKY0xPeUdiOV9QQmRha1ZyajYwbWwzWGJ6MHlmS3Ffd2NQaV9QSVBFQktLM1pxaTFoMDBUT2t1d2VlWUhjaDhWZnJadnVRdHVoS0tPNW5yZks1MTNRb1NNWUxrdmRuQUNxenNtQUptTmprSWZQLU1kTTVBSW9nbXFHbjFjOEpaNVJJUDduNXBGQ0ZNT0F4MmtxVDBvTDBLeFk2X3UtSTZNU1Z3SVctNnc?oc=5,Scroll.in,"Wed, 08 Apr 2015 07:00:00 GMT",2026-06-14T20:37:07.446543,dos_ddos,True,False,candidate,https://scroll.in/article/716835/in-mizoram-the-line-between-ancient-code-of-selfless-service-and-vigilante-justice-wears-thin
denial of service Mizoram,"Air attacks in Mizoram, 1966 – Our dirty, little secret - The Times of India",https://news.google.com/rss/articles/CBMiuwFBVV95cUxPU090ckZFWDFnWnp5b3pPRXh1ZEZwdWh0V0UxUkhkLVlfSWQ3N3cwYUVFNlZQOVFfb2FUZzZuV0xvanFXcll2bDE1eUZKSWtkdVhjbzh2RUZqMmxHc1VqQjBBei1NcnhyZDIzaV9oVVhhT2E0a2xyRFlJdDMyMTNmVVhXNUVzUnhaTDYzTWxPNUdYV0dYc3NsUFBXMDdmRkFLSnZucGRzdjhuRnd1OVVvVjM1TVk0Vk1YRmFN0gHAAUFVX3lxTE5HYldURnVxNkppME9IUGlEYlJ0YklsaC1uX0xVUW1HV3I4WFJ0TE9remxZNWpkVkU2NklqUFlCek1VbWZ1UzVJamxleGh4LU1JM3V1TTFRVWxfTmxVTElHamZBb3ZMUi1WSEU1amRneVM3R01RMnNwemFjbDFZVm9uazFrVTdiaUI0QkpXSmJ2ZnBDS2s0bTNzcTRQRk9OVWhJWXFJaUxoUlpzNlBLbGJDUXNST3ZWSFZUUTA0SF9zVA?oc=5,The Times of India,"Thu, 17 Aug 2023 07:00:00 GMT",2026-06-14T20:37:07.446569,dos_ddos,True,False,candidate,https://timesofindia.indiatimes.com/india/air-attacks-in-mizoram-1966-our-dirty-little-secret/articleshow/102766229.cms
network attack Mizoram,ED Cracks Down on Cross-Border Areca Nut Smuggling Network in Mizoram - Devdiscourse,https://news.google.com/rss/articles/CBMiwgFBVV95cUxPd1Iwd2ZLOTFwVkxWaUpZU1R0N19mcG5hRDQzaV9WOVZrci1DNW1sMmhnQjZUZ3RobVNVOHlCelVQdnA5dC16R3BuYm1td3FwVmFsaU9COThhUzI5czJCdzlLOFRGMXRVc3NaYXY5aU9UOHloUjVKQUZhWnhXX0h0Wm1oZm1tc3pCOUNwWl95b3otclJlT2YzLXQwcmxXNl9JY2RZZHRqcFVmZ01jdlF3OXlMZ19VSU5LNDc2bHVGYlhsZ9IBxwFBVV95cUxObFR3V3pWVzRoWV9CUC1nTlNVWGhPQkN1eV9iaWVYd3FtclRYOEdBNk1nUEJBR2YwUTNZY3pfeko5OURUbUI5ZXdoMUR0eGhaTGR1dk9tc241VDJMWHZMUGFSMkxMcDNLV291cTZBWTM2UGF3TmI3aTFvbS02eW1RSmRpenhRd1NKNVJtZk95U3o2cVFxbGZfVUFac2F3blgzREItc0lqaDUyUUtlRm93QWg5NHRJR3h6QUxBNVQ1Qk1DVDhBX2ZZ?oc=5,Devdiscourse,"Thu, 04 Jun 2026 05:14:30 GMT",2026-06-14T20:37:17.363160,dos_ddos,True,False,candidate,https://www.devdiscourse.com/article/headlines/3929912-ed-cracks-down-on-cross-border-areca-nut-smuggling-network-in-mizoram
network attack Mizoram,"Tripura-Mizoram-West Bengal: ED Uncovers ₹142 Crore Drug Money Laundering Network, Conducts Multi-State Raids - Borok Times",https://news.google.com/rss/articles/CBMi1gFBVV95cUxPMDUyX2tLZ2dqdUYwamxoVEJQRkNpY2ZQb0w2MEI5aHU2MTRyRmJRU2tYc3V3LWFtbF90Z1VuYkt4ZUdMbmMtYXdNU1ZpUlR4aDY3MnBUb1pYTFBlLS15REdvRHdhWHhHY0VKWTROaUVlRXFxbEJNd2ZTZ1BZTThHUDYzYk1OTXpjbVlEVGlRNi1RWU5GSFJQU2JSRW9wdFpBOERlNUZLMGJrUGZTRk51N2RrOXBWTTZLM0pSREYzcU10WENJSzlvWnQxWUxPOTY4bmdqTFZR0gHeAUFVX3lxTE90NWd2aEl5NU1mZUc5SzVkaFNqbWJiaFM4a3lJcU5iYjRlZmxPak4tQ2w1amRGMHRvemlTdERqVEZzczllQ1Yzd3NkOUlNRXhvcUVpa3hsRkFPSVMtMjM2NlRiOGRBSDc0NkNXcE1oZ3pHS0ZsRjNaY3J3SExQRk5zaDJBOHNWZHJlNkFCMnllLTJfSkkxS1lYdnlDS1JJZDBYTVRoallUUjE0WVB5T04wT2dXanBMbjNsTW1icmRldnBSVWsyR3Y5Y1ZvdmRSZC1hY2plZUJMVW15UjhOQQ?oc=5,Borok Times,"Mon, 08 Jun 2026 08:45:56 GMT",2026-06-14T20:37:17.363187,dos_ddos,True,False,candidate,https://boroktimes.com/tripura-mizoram-west-bengal-ed-uncovers-%E2%82%B9142-crore-drug-money-laundering-network-conducts-multi-state-raids/
network attack Mizoram,Myanmar Drone Case: Are Western Networks Using Mizoram Corridor To Fuel Proxy War Against India? - News18,https://news.google.com/rss/articles/CBMiywFBVV95cUxQby03SExNOGpsX3BDSGNJa0pLejJfTzJUUmEwSUtlSllZd2ZqSnJUUVRqZzFGbUplcGZ0aEk0WTBKdG5ONktrWFMyLTZLT3BuUFNDaGVYMlRuZ3lyV01fTm1CTFRyRXBVckZUNnZrV2tKS2c2MVctR1YxRFI4bFk5bkZLUXM2MWtNbENWSTZXdlBpOVhGTDBkb3VZREVXdzlaNVdoZTROaGlfRHlsUkRwQ1BmOXNsbUNCQmVnblFkd2lCNkZtRWZMekRpUdIB0AFBVV95cUxQSWl6amdocnE2WnN6c2JrQkhuMnJyYVp5ZktUZncwclpqel84NldVNmhBLXF4XzVYME1TMTlUWEpHSk5ZQ2UwaWRZNFZobEttOThhTW81N3BIMmItOXd5V0lnVUFIZjkwQmszUUJ5RlRpNXNiOU1UYnJTV0pGREpnR2tDZE1KYzZWazRuM2tpRUcxb0g5VTEwRVpONF9iRXFfRGtlTnRkMTh3NGdYNkZiNFRTdzdTNXhqR21HYUNRdmlGT091dThiWDBJMW14SWVS?oc=5,News18,"Wed, 18 Mar 2026 07:00:00 GMT",2026-06-14T20:37:17.363202,dos_ddos,True,False,candidate,https://www.news18.com/india/myanmar-drone-case-western-networks-mizoram-corridor-proxy-war-india-china-influence-ws-l-9985076.html
network attack Mizoram,"29,000 Myanmar nationals shelter in India’s Mizoram; State begins biometric enrollment amid border fencing debate - Asia News Network",https://news.google.com/rss/articles/CBMi0gFBVV95cUxQZFRPZGx3eTlub3BHMkUxZTYzSHlOWWdZLUtuUk1STGc1ZDZQbkJTRTB6azBLNzREYWtPOHNPUl9KdWFtdURteE1ZWHF3TWYzXzl3a1p4QmtUY1VjRnBBakpXY1N0S1FJRDdlNEV0M0dKQjZydmdMR3FMMGlZaldhNkZZTmlvOHdIaG8wdk1MWWhPVmlpSlM0MjJyNnJsVHlPVFpkVjFpa2RBeDBGbFM0czVLY1VuMmV1YUZ3bHBBeUhwOGZIMGhaS0NRZDFjMktnaGc?oc=5,Asia News Network,"Thu, 28 Aug 2025 07:00:00 GMT",2026-06-14T20:37:17.363243,dos_ddos,True,False,candidate,https://asianews.network/29000-myanmar-nationals-shelter-in-indias-mizoram-state-begins-biometric-enrollment-amid-border-fencing-debate/
network attack Mizoram,Myanmar military airstrikes rebel camp near Mizoram - The Sangai Express,https://news.google.com/rss/articles/CBMi8AFBVV95cUxPYWhGUW5SZEwyTldfSXI1anRNQTFYcTVkb04tWjVQOWtReWg2Sm1DYVh5QzF0T3BNRUJtUGpya3FaRzJ4NXM1TUU4TlRaS2pvZDFqVDJ3RVd3U3YtVV9UYWltTnNOVWIxNUdlTUdCcFIwNDIxb2tTWUJUM28ycmZJMnJiR0pSR2k5YXRxaDZVLWRTVThEcllrN0p1ZjNQdGtndmI2N0ZTYWFJN1NRQUhBeDFtN0FVNzAwemZYelotTmRUVTdGY3Z0SmF0cjNiNXd6MFdVUUhhS05ZblUwZThkTGNLVl85TnJxczNkQjhkaEjSAfYBQVVfeXFMTjUySzhEOHNPRzFvLUxGTWd1THh6RXg1TW1LN05tdG1leUpsTHpDVUgtU253VTFEUkV5cmtkTmcyOVdpaVBFN2o2TzhKS2VPOUhxbVkyZ1gyaFVFdXY3X2lYSWgtR0ZlbXhfenBCTVduNy13c0NfQmo0R0tnejBhTlN5RnNleXFiTlV0SE5XU1VnTHdQT3p2UmtfbWdIUHhfUjliNHQzX0p6ZE5TY1lWZjdKd0Q3b3E0dzRldWRvdXk5SEtEamhtM1QxT0dMNWpzMDNYS2RPZi1ITlQ4TF91RWFNMk9IMmJNdkVJOWMyY0xDYUN6dXZn?oc=5,The Sangai Express,"Tue, 14 Nov 2023 08:00:00 GMT",2026-06-14T20:37:17.363257,dos_ddos,True,False,candidate,https://www.thesangaiexpress.com/Encyc/2023/11/14/Waari-Singbul-Network-Aizawl-Nov-13-In-a-dramatic-escalation-of-tensions-Champhai-district-in-Mizoram-is.html
network attack Mizoram,"Powered by seeds from flowering bamboo, rats attack standing crops in Mizoram - Asia News Network",https://news.google.com/rss/articles/CBMipAFBVV95cUxPbC1hZVdfaG1tRUlLNzVFb2pQZ3ZpZTdOU3RQUExjclRmTEtaZWJBTjJDUVZSaWZ2V2cwelFya0RERFF2Z0tIUV84ZXRmRlAzMEE2anU2ZlczZGx1Unlkd2l5WUs0am5aVnhreFJ5S3JDeVZ6ZzVMNGdmdGQxUEcwN25sMUg1YzRVa04zeWtNSk9iMXo5bTZTbmM2bGUybXFHdFhQMw?oc=5,Asia News Network,"Tue, 11 Oct 2022 07:00:00 GMT",2026-06-14T20:37:17.363270,dos_ddos,True,False,candidate,https://asianews.network/powered-by-seeds-from-flowering-bamboo-rats-attack-standing-crops-in-mizoram/
network attack Mizoram,Rajdhani Express debuts in Mizoram: Week 1 sees record 155% passenger occupancy - The Times of India,https://news.google.com/rss/articles/CBMi9AFBVV95cUxQOUU0cUdXbGMxTmV4RTl5QTJjU25vM1JfWUJRSEFabmNzZEtraVotYi1DVmdNMTJ2Z2xPX0k3QUp1LWJkVjBVRmlXMldRTlFyOWVGWlFzY3lDLTN2RlhRRmhScGVTMVRqOEdUSkdtSDBLQVlZUHBvOHFMWk1qX240bEFCdVU4UWM4b3RwS3hrZmlFLUx1c0FseDJURGsyRUQ4aTdQTm84ZnpEbWZQWUlLSmpWUzJOanlKQ0dpRzh4Q0g2cE56MmJyNm1IYkJOSFdsMTQ0Tl9Cc1VKOHhSbWhoSE5TN1VaVkE3cmEtRFpTYnoySTdf0gH6AUFVX3lxTE9SVWFaN3R3TkxaMnlUNUxucnh2ZzVVSW5kY0RvbnNMNXVNTmZya3hKR0g5cWNfRzVIeUZOd1U5cVpwbEhsNFhrem1VeVBoRHdWSGlLUVV0SzZDbkZpbmpvMWxJM3RyU0RILWxnWUlvV0JoY0xLeWZNYTBGM0UzVGk1WTNBMm5HVDE0UXNfanY2NkFwZ19YZTcyTEZBZnQ0amY0aXFrOXhJVTZfWENWY2ZlRWI0dXBMVDFsSWdNYmNhUjZMbFdwZ0E2bHJhckNtZlpfejcwOHEzSnFPc1ZJRzRBbzk1U28wWl9uRjJGckk4NWhseWJIM2FvVGc?oc=5,The Times of India,"Mon, 13 Oct 2025 07:00:00 GMT",2026-06-14T20:37:17.363277,dos_ddos,True,False,candidate,https://timesofindia.indiatimes.com/life-style/travel/news/rajdhani-express-debuts-in-mizoram-week-1-sees-record-155-passenger-occupancy/articleshow/124452083.cms
network attack Mizoram,"BSNL to enhance communication and security with 4G network in border areas of Meghalaya, Mizoram & Tripur - The Times of India",https://news.google.com/rss/articles/CBMiiwJBVV95cUxQY01WSndrMVlXNFB1dnFXYWY3dVNMclh3NFI5dGxKWThjdEhmRll6aHJhRlBrWTdKV2l1VFpIbmZveXViejBFM3RKZlhxQ2dzLVhpSmJaOXV1LWEzT01fMWFaWGhFaDQyRzlfT09rMkJSMWJGdV91czJ0WEpxNThJRVd4ODNwQ2FieXBXbVlxd2RmbEFWR05lNlQtMHdjSFNRWFFCWWtWeFhQRnUzdWFGNS1BajZJc0ZVdXkwTU80WXY2WHJqNFoxQzFUcm5ZNGNBVVR3d2FFRkUydm03dzY4SDRxcnlwZlNZMnVqbWFqSVJUeXB0NXMwRFNZbGZmeUdtUHVfc1RUSTQ3dDjSAZACQVVfeXFMTnNHalNfTmtFOC1tWU5HZDRDREdSNkZ3UGpSZDM1bmREVHhBLUotY21RaURCZjJGV29DNU9qRG9ySTZ4dDZtN0ZQY2VDSXpwcDBhcGtOa1FYZUFXTThLRXFjeFRlVy1jQlZESDREMHlLc1BvMDVrYkZsWHdTTVFQYjRJWEtqbmJwSUNudHJLcWxJbkVfUUxvUzVSdHFaTlF3X2ppNldYbG5qOGYyeFVISkdUQmRRcnhobWFNYTBoTHZvWm9PcUhKeW5rajdoTXNjZlVwUGcxdkVqRXZaMEtoX3ozdmhlNXp1U0NkYTl4NmctQVcxbVFzTkFHZUw0Z045TFl4YU1VR01FOWxzbFRwU1g?oc=5,The Times of India,"Fri, 26 Sep 2025 07:00:00 GMT",2026-06-14T20:37:17.363284,dos_ddos,True,False,candidate,https://timesofindia.indiatimes.com/city/guwahati/bsnl-to-enhance-communication-and-security-with-4g-network-in-border-areas-of-meghalaya-mizoram-tripura/articleshow/124167238.cms
network attack Mizoram,"Mizoram welcomes first railway engine in Sairang, train line to be operational by July - The Assam Tribune",https://news.google.com/rss/articles/CBMiyAFBVV95cUxOVkFVYXNpdmZsSVVTMEJ5WmFPcUd1VEpmZmxUX3h4SzRBTjlxS1c3cFlESjduNUR6UUNuMURiVlpDY2gtRy1rMkJBZDJmVmtBa044WG9fZDNIMTBxWXU1X0t5eUoxUVlMNmNTZXlqVUFHdG0xNllVYmhsNVpKNFlpOUI3Yl9xMklKVklRVUlHOTBhVUQ4NVlLcUUtXzlLOGtNRUZuRmM3ekxrbWtBRmU3VHhaY0RlYTNXUVA3WGQ4STZ4c0psUUlTM9IBzgFBVV95cUxNVXNtdlc3UWFVc1dKWnJfV0U0azBvSkNEVEFJb2xqRjNvM3V1YUNXeUc4N05sU2xEYmhWQ2dfQ3g4bTdhenJRZV9LeTRON3hLRkRNWHl0cnBUanZleldfOGFTUENTU1dEUTRkNm1MUHRuZm44OUdXeDdRcVJ3bUh5R2RHQUsyLUVpaE9qX0NpRHlONkVoM3NtRTZQTHNHUjdmTmJWdDR0OVRqOXBqYUxNNWZRZnhhZ0g4SVZwc3VwNDlCRTluM2IxTXF3bjZuUQ?oc=5,The Assam Tribune,"Fri, 02 May 2025 07:00:00 GMT",2026-06-14T20:37:17.363296,dos_ddos,True,False,candidate,https://assamtribune.com/north-east/mizoram-welcomes-first-railway-engine-in-sairang-train-line-to-be-operational-by-july-1576106
network attack Mizoram,"NIA, Mizoram Police in a spat over smuggling network case - The Times of India",https://news.google.com/rss/articles/CBMiwgFBVV95cUxQVjVzOUVpdWVnVjZiUWZlTXNhS290SmJLaTE0RktRUXRNY3FuN2JPTzNqUkNKY1N6emJubU96VExTZmR6Y05pdDVJOUhGWURKVHhTRVNNc0JwVUR0YkdBc3prNVBnQS1Hc2dJZUtjOVZRRFczTVJUaFBMdlZmalRHMWdYUHZvbnlrLUtIQXNGa3NyVGhrZ1c2dDNENjNBLUNfOXNmMF9qNGxMQ2J5eVFWRzBmbVFQdDdlaVl0ME9Sa1dMZ9IBxwFBVV95cUxQOGlOYkUteF9fcDgtVWFhc3ZVdUVSbGpMYWpzb21PNVRadm1MRXdUMTRCRWRSQkpNODFxR1NzUUZqR1lwV0hBMGN4TkxYWW1aWXozT0ZySndsTGVyMzMweE5iM0FLVHBvTXppNkE2OC0zaEgzZVBESHJPTlBxNEp1RldVeTAtcHZlWkxtcnlzMGZ3SlRKN0pmMEdxbXc3Z0l4blp1cjdEZjZUdzZLeV9GdVhYRTA0V2swb3dOLU1xWFNmSkRfOF80?oc=5,The Times of India,"Mon, 05 Feb 2024 08:00:00 GMT",2026-06-14T20:37:17.363303,dos_ddos,True,False,candidate,https://timesofindia.indiatimes.com/india/nia-mizoram-police-in-a-spat-over-smuggling-network-case/articleshow/107409974.cms
network attack Mizoram,"Swept by Hindi and Korean serials,films,Mizoram strikes back - The Indian Express",https://news.google.com/rss/articles/CBMitAFBVV95cUxOcnJIWlhyNFFDZDU2dWNLR3ZOdFVJcVJQVklLTnc4ZFBZaVJ0dVlQeE53QmxRZzJMUTd0SFNMX2stX3FrcV9XSmM1UGNhWUEtT2xORFpBZGlYNDZfcG9sOE9Rdm95dzB6UmxWME5BT0RTSFd0ZmgzXzR3WW1YT292SGJHQXAxRVkyRlY3azh0YlBsR0pQUnBnQTV1bjJrRzk1Z0dVQXdyOFQySWM3ZU01amhrbETSAbsBQVVfeXFMTlU2cE1McDA4NkYtRkYwWjQtcm15OVd3WXBadzVQMEcxX2lhY0pLTkF4emxqLVRCX3BPb2c1LUo0S1BQT0szN1JYSllFZjV3QnVHc1JLOG5mRkZMZVNOQ19CMUVyQ0RpNjBkNmJMUXJaZHd2N2tLb2hoM3dxRVBndVFyY0Q0d3dvNXViSW1TOFZ4RkZtTXNCcTZPcHU1Mm1MYmtrZV9pZ1NBb2dtdk9haE1MUV9udlJ2ZVZzYw?oc=5,The Indian Express,"Sun, 30 Jun 2013 07:00:00 GMT",2026-06-14T20:37:17.363335,dos_ddos,True,False,candidate,https://indianexpress.com/article/news-archive/web/swept-by-hindi-and-korean-serials-films-mizoram-strikes-back-2/
network attack Mizoram,Mizoram police disrupt cross-border militant supply network - MSN,https://news.google.com/rss/articles/CBMirAFBVV95cUxPMnVEWnNUVmlWZDk4cEtnR3lIOXoxSmdfVThyWGNzT0lmT1ZCLXZodHN2RVJNaHNJWlNpVWc3T1pPSk9POU1hblQ0cl9BNDVVLS1xS0RnTnVDVlUwVGJHUUk2RzB5cmpSUUdPRnpYdXhJNlM0MzVzdjE2cUg0ZU9LZDFZRXB2aUdwazJ6VW9OaG1XVWUzYTBNOVlvMDZXRDNXMkVIeElTWGhLOVJq?oc=5,MSN,"Tue, 26 May 2026 07:00:00 GMT",2026-06-14T20:37:17.363348,dos_ddos,True,False,candidate,https://www.msn.com/en-in/news/India/mizoram-police-disrupt-cross-border-militant-supply-network/ar-AA2449Xr
network attack Mizoram,Mizoram Rural Bank Leads with Unmatched Branch Network and Stellar Financial Performance - Thekanal,https://news.google.com/rss/articles/CBMivwFBVV95cUxPTkRJN1RFV2RaLVRSUkFFczlENDlQVi1hYU9SNFhkeVYwTXJhSmtObzRHcjg5R2tqQXduQXhyelF6QjNjQ2JQcDhmcXBYc2tSX19ITmZBRWZlWG5icU05Q19yNGFSVG16bWpIWkQxVzN4QzNWQURzUFNrNklsT01sLUVMZV9uV0VGcW96ZndrRGZYZ3ZSbFRXZDNNYlNrdzdueTFGWTJMVF90ekNEc1RRS2NOc0VDdUQ3UVNXakd2Yw?oc=5,Thekanal,"Wed, 15 May 2024 07:00:00 GMT",2026-06-14T20:37:17.363360,dos_ddos,True,False,candidate,https://thekanal.in/en-IN/details/mizoram-rural-bank-leads-with-unmatched-branch-network-and-stellar-financial-performance
website hacked Mizoram,Mizoram making efforts to enhance digital governance: CM Lalduhoma - India Today NE,https://news.google.com/rss/articles/CBMixAFBVV95cUxNNkd3MFhhbUtjU3JvZjQwLW1HamJSUDBhZWJ5SFFCdmtCU2lMZWVxd2toay1nZ2lLaV84elR0emhYbVBLU2wzTDNSZXZfTHpTamtlX1AycEtKTUdzY2RKODEwWVVhcXVqTjN1MG0zOFRxS3luNlpfTFZGOG1jRTlXZklMX04yMmVOVzdXWkcybUpaNDlmMEFvT2V6YVUyN0xiS09VSnJiNTBHaVNsT3BLVHF0T0N4Wm1veW90MDJybnY2a2hH0gHKAUFVX3lxTE45RGdUTjJXVWRyY29FR0FtU1QxSm9vR3Nob292ZzJBcmowcDd2T2Zzd2s0bmNEcFU5NEoxa0RRanlKajhrMVRYSENNdlJ2X3JiNTZLVjE3Yi14YVQ1eGNFSlpWUFE4UnVRNnE4QU9DMXYwa3RWSmFIR0djbnZPZkZsX0tRVWo3OUFZWG9XaVQ1YWRMMWh6NVdFdFg1Z2I4NkhWbC1jZjVsRUNoZXE4dFRZVTdfZ1FCeU8zSzJYRXFtODBhSzRHS3QxaWc?oc=5,India Today NE,"Fri, 16 May 2025 07:00:00 GMT",2026-06-14T20:37:21.217880,website_defacement,True,False,candidate,https://www.indiatodayne.in/mizoram/story/mizoram-making-efforts-to-enhance-digital-governance-cm-lalduhoma-1214737-2025-05-16
government website hacked Mizoram,Mizoram board HSLC result 2025 released: Direct link to download marksheets here - The Times of India,https://news.google.com/rss/articles/CBMi7AFBVV95cUxPQ0ZQWHdJMHhRWDNYLXZKOTNYNm9QSGpEWG1aMTlIbGZJbzBUWFFSbmxCcHdFY2ViLTZyVllQRGhQR3pVSkVLd2RWZXA5Ujc0WThTYzZ3bjNvbEtTV1NSalYzY2FBNlN4YW0tSkVlZmsyZDNRd0lEczJGZmcwZ1FnbUUzakxDakJ4ODVJZFltVlc1SEtQb1A5OFM1SjRFTUVnWUJubmhrWnlYNGYzenZ6aXFfUTlONjZiaTEtUXZMVEZlMy1QekY3OXItbjQ3UFBVbnFQWmhQYnBpYkVyelVuY201eXNibmphUkstbdIB8gFBVV95cUxQN2ZyRTNzQThrWGVOVmVZSlRxUHNaa2l5QU1MaDFEX2UtaTJkTGtvOXZXcHhHeVFTOXl2STFRVWxOTEdyUU9IVXhvc0JvbU1WLUxkTUc2UTRZLUxMWmdFOXV3U3lqWVpaRllBTkkwSDkwYjU3Tjc1WkVmRFFDS1hXQTZ1eVUwWEF2S05MbVgxaEd2N2NoLTJ6MDBOSFdGa2JTdExNT2NWbHZxZHh3cW9hY2RScktleDBLTlNodTk1NzhhaGlwdER3WXpkZVdQcmJxb2tOTzQzY3g5SjNnbUE5eDI1TC0tUTZ2UUNJSzJKU3RJUQ?oc=5,The Times of India,"Tue, 29 Apr 2025 07:00:00 GMT",2026-06-14T20:37:26.287237,website_defacement,True,False,candidate,https://timesofindia.indiatimes.com/education/news/mizoram-board-hslc-result-2025-released-direct-link-to-download-marksheets-here/articleshow/120721687.cms
online drug trafficking Mizoram,Mizoram chemists’ body warns unregulated online pharmacies may fuel drug abuse - India Today NE,https://news.google.com/rss/articles/CBMi1AFBVV95cUxPRk1SemRiWTE5VXZHYzZYeXdLWkhwZHhyVTcwUVBvUEdnMm1UX3JIS3hBMk1OQnZiMUNkVTRQMlprMGdCdDBaMGVWREdnNW45NWdLaWhHOHRjR0FXQVFNaUI2d3A5X2VuTTFXOTA0aVNmWkRpdTNJYVZrR3puang2UVFJYWNUcWp0ZjdTenFPSE03VUJDWXI5OTE1XzUyZC1UaFZtRGJQU3BsM2dxQXprQlllRTQ5UmRPeHpYdW9lQlBqNklPZzlUc1RRTjZwbzh1Yl9mZ9IB2gFBVV95cUxPdGUzWWpXZ1FDTmlMaGZ4UzZ4emFVeGdza0Z1VVFGbFZEQU1XN1lkYXhKbWJSYUpjaXplWlVJRDNRVFpnQUw3SlU5ZDVyRTlNOXk2bzdvdkZMOWdIZXhoZENtWURQQmY0cGp5ZU5BUmVYdnppcHRscUYwOTJQc1E4eHdTQ0o1LVZ2SEk2TmRQaV9IRFF2YVl4UzF1enIzcmcwaEpZRjJseTBBNVJYc3Q5VTFOUkgtOHRDOHVwUmZIZllXYmFVbzZYOF80RGhBRGE3ajFuZTQ3a2FSdw?oc=5,India Today NE,"Tue, 19 May 2026 07:00:00 GMT",2026-06-14T20:37:57.947477,online_drug_trafficking,True,False,candidate,https://www.indiatodayne.in/mizoram/story/mizoram-chemists-body-warns-unregulated-online-pharmacies-may-fuel-drug-abuse-1394315-2026-05-19
online drug trafficking Mizoram,Over 800 IDPs cross into Mizoram amid escalating military tensions in Chin State - Burma News International,https://news.google.com/rss/articles/CBMiqgFBVV95cUxNcUdBdUJlSXRqUG5rQ09JT29heFhjVGNibnlqVFMwWWRoYWxFaVVqdE5yd2hEdVFRamJERHZMa1pIeW1yU0ZTZEk3WUo3Y1FyLU9sNmVQVGJNQXBKOG1zZHM1WS1mdzhTZlZKekJ4VC1wVHNacXM0WGxIM2JTR3F2RWQ0UzNMWnEzd1FHMDFrTHBlQ2FKZGNuV0tBNW04UUtXMDBOSW9MbW9EUQ?oc=5,Burma News International,"Mon, 18 May 2026 07:00:00 GMT",2026-06-14T20:37:57.947503,online_drug_trafficking,True,False,candidate,https://www.bnionline.net/en/news/over-800-idps-cross-mizoram-amid-escalating-military-tensions-chin-state
online drug trafficking Mizoram,Kolasib court sentences man to 10 yrs of RI for drug trafficking - The Times of India,https://news.google.com/rss/articles/CBMi1wFBVV95cUxNbHlzcVJIbGFpMFVpSmtBSmc1UU54aGNPVVlRSDZ4cDlvRjA1U09BMFNpNHpVdFpPMkxMV01YSnVLeUdtSUlxaFdfSUxORm9hM09iQjZZbHRZTnhDeWlENzZ4Z1ZrdjVGcFNjY25tZ190Z1lGWXY1WFRzdHJaS1FJcWtxZW8wTFBPQXJvbm9HSHJNVHpaaG5VT3J2TTYxSjdLcGZ6UXh2cHlQNVJWMkl0c1hnWkFUUHlxUWlFTWZzZFd0RmZyeEhGZlowUkJyVFNLQkpzUE01Y9IB3AFBVV95cUxNSjVwZWJSLWUwSThKU1lVa3FsZlg5ZE5qQTJXM3JlcEt1WUFtTXNLN2RtdF9DUm1MWVk1U09MZDZ6bmZ1WEpNWG1qcTlFcW1Fb0dSZk5IbUQtcktWT1lCU0wxUmw2ZG9FalAtX0hEb0FaSTdub1l4Y09qMGRrMEJ2RmFEa2N1SjlNX1dHRks5ckJBY1VFNHpsNUppeVZkWUpZMGJrS05tbUZzLVFUX1QwSWlkYWNjNENESDNTNk9BTHVWZ28yOTh0RlZwZ2k4MXZ1ZmVfOVNKV2QxQ0ln?oc=5,The Times of India,"Thu, 14 May 2026 07:00:00 GMT",2026-06-14T20:37:57.947516,online_drug_trafficking,True,False,candidate,https://timesofindia.indiatimes.com/city/guwahati/kolasib-court-sentences-man-to-10-yrs-of-ri-for-drug-trafficking/articleshow/131100062.cms
online drug trafficking Mizoram,"Mizoram police seize drugs worth Rs 25 cr in seven days, arrest 8 - The Economic Times",https://news.google.com/rss/articles/CBMiyAFBVV95cUxQeU1ZaHBpWlZJb19yZC1XUFJ5LTRVcjRSS1haQ1duVllKMXotQTRjeC1zaUJXVG1iZ0FsX1lRLU93WEkxUnR6czdLcldST3ZLTV9UMXZmQjlMTnA4SW40a01CUG9wXzlGeU1BYlpKa0k4Zkd3d3pPaUtfLUZHLVNBVzhmRlZxT1lUelNoN3lYZTY1bFJmaUR4ZHpZV0hodHYzNTJMQ2lGWEhweUcyWHpYTHNDV2RaUXlvejBuRnFzbTJIR1BvdWR6WtIBzgFBVV95cUxQMDlyNHl4SDQtSFF3Yjd4S2ZkaTAxREdza3AtZWd1YXlWUXpwbTlxQ09pQjZ1dkl4SmhHckNKZ1gyeVkza3hpYkc3TUVxa0dwM3JUekN3S1pzNERHNy1BaXYxMnI2SjJwaVMwU3Bfd2xZWmJlYmlSX09RbWlncGVnNzd4WGtfalFkMHZqcUxvNVFoWXlrbDMzWE83SFM0NWJDTnFEWjdYaDJ4NnhfWjQwTGtOV2tlM1FNdW05Mm5TbUhUcFN3SEltUmt3cGdvZw?oc=5,The Economic Times,"Thu, 02 Apr 2026 07:00:00 GMT",2026-06-14T20:37:57.947528,online_drug_trafficking,True,False,candidate,https://economictimes.indiatimes.com/news/india/mizoram-police-seize-drugs-worth-rs-25-cr-in-seven-days-arrest-8/articleshow/129966762.cms?from=mdr
online drug trafficking Mizoram,Mizoram woman held at Jaipur airport with cocaine worth over ₹22cr - The Times of India,https://news.google.com/rss/articles/CBMi1gFBVV95cUxNYTk2WHRoZ0hyTXVMdTVwRXNlOEVnWFY1ZDBSN29rY24yVWtPemFNRENiSjNMTHllbHdrcTZBcmRQVktqS0NTdG9FeFpYTmpyam5PNlNIRXBGWGNmQWRGTlROdDhoaTJjMGI2STVPcGRJTkdKOVpDdWRybUFWbldod2xvMEx2WHZkMmxzVF9ZSU5zN2tOVDlZWXVlTVBCRktDb1BUUm5JMElBUHM5dkpwRzBwU1lDUHpiUXdpZ0FTMXRIRVNqa3pEZVpDLS05b1FlOVNhNFF30gHbAUFVX3lxTFBRTTgyZERBVlUySmNuTGpBenFpNEtCc3c1ckF6clh1WWFJV3ZPc2YyM09mR0JnZmFWZGZ1amVoNkxqTmlmX2FOWjFTQ2NmRnFHVUFhWUVmakhoekIzbmZ6R2NQYkFKbkdWUFFpZVU3cklmckMxQUhmLVN4T3l2OW1UamtaRTBwZ2FadTRJOUExUUV1dWE4M2d0cnhzYXVDVXJxYU40MEdxcVk1Nk5ucmtpdVJxNFBNWUIwdE5EYXhYb2Q3czJBc2Rva1lOOE9KSm94NFdTcTRFamJ0bw?oc=5,The Times of India,"Wed, 06 May 2026 07:00:00 GMT",2026-06-14T20:37:57.947541,online_drug_trafficking,True,False,candidate,https://timesofindia.indiatimes.com/city/jaipur/mizoram-woman-held-at-jaipur-airport-with-cocaine-worth-over-22cr/articleshow/130866613.cms
online drug trafficking Mizoram,Drugs worth Rs many crores seized from Myanmar nationals in India’s Mizoram State - Burma News International,https://news.google.com/rss/articles/CBMiqgFBVV95cUxOczZOT1hVZHozc2RzOHNfT3ctYU1WUV9jYzl2YWt1NjBmTGdTTkloM21IdHJPbVpTQkdTUFJWSVFYc2M4Y1VTaG1FRFBBQ1kxVEZERXN5eGhKQW1JVFlhRjFBNVNxeHZsU1YxQU9iNV8yTTRVZ1FXQVZWTHNpNkdydjBES2t1VFlzTm15c3RJNXhoQmwwWk5mSzhwWGVvanRyRWNWbWp0M203UQ?oc=5,Burma News International,"Thu, 26 Feb 2026 08:00:00 GMT",2026-06-14T20:37:57.947553,online_drug_trafficking,True,False,candidate,https://www.bnionline.net/en/news/drugs-worth-rs-many-crores-seized-myanmar-nationals-indias-mizoram-state
online drug trafficking Mizoram,"DRI foils drug smuggling in Mizoram, seizes 9.72 kg Methamphetamine tablets, one person arrested - PIB",https://news.google.com/rss/articles/CBMia0FVX3lxTE5weHBsYjl2VjJkRmNhZXJrMDE3QkdQMW1VRUMwWVJZbGN4QnhzaVVjcTZXTDJMdEo5VUpabm1fOVlwWXM5bUNWWS1jOEdiWkZaMEdDeHVadFEzSFlYT3hQOUtLbHhIdktSTC00?oc=5,PIB,"Sun, 01 Jun 2025 07:00:00 GMT",2026-06-14T20:37:57.947566,online_drug_trafficking,True,False,candidate,https://www.pib.gov.in/PressReleseDetailm.aspx?PRID=2133092&reg=48&lang=2
online drug trafficking Mizoram,Mizoram Celebrates The 76th Republic Day - Lok Bhavan Mizoram,https://news.google.com/rss/articles/CBMif0FVX3lxTE50Z1dsVmVFVk0tZUg4N2pfaG1FVElGV1RwNHM2RjQ3SzdLcXNqNGJMUldubVdfY2JCdkE2bEU0TTVQeTh4bVBvdXdTeFlVMlAyWWhDcTlVd1NYY0hGVElubjZIMjg3MGdrVFpXVE5Tc2xieEpaajBTMWRMZG5TRzA?oc=5,Lok Bhavan Mizoram,"Sun, 26 Jan 2025 08:00:00 GMT",2026-06-14T20:37:57.947590,online_drug_trafficking,True,False,candidate,https://rajbhavan.mizoram.gov.in/mizoram-celebrates-the-76th-republic-day/
online drug trafficking Mizoram,"Churches, civil society vow to make India’s Mizoram ‘drug-free state’ - ucanews.com",https://news.google.com/rss/articles/CBMiowFBVV95cUxQRVZlTzdYZFlSYzZObjBpOGZzZkhwMGlRQmZYMEdvTnlQZDNieTFlOTk5OG56VC1ncEt2aFhtUnVrRXVVUEQ5dDNIdGd4T0FwSkdQWGZQNjJQVDJVWjdBT3I5MlhJSXR5TkZfNkhuZGo5YWhmYmZCNWdzaVROcERPYk5PSWprX3JtcDR3RjVwbVJGNWRWZ1ZsQldxZ3BlTE1mTUFV0gGiAUFVX3lxTE04bnhkR2g3bnBZbFhUcU8wX3RoTFVIYVIzUG1CbmpJUDF2bWhQREc4N1Q2OFNsb25ZcE8zdkE4LVlrSWxocVllZ0dURUV6cWlOdEhPRjAwZTJabnl2bEJnRUt2bDhHVjY5akhXVW9rZElxR2djTXIwU0wxbDNaeEpFMUlpMzVmM19LTDRTTmdYUHVTbjZZcWtWMjJnelJzV1pfdw?oc=5,ucanews.com,"Thu, 04 Jun 2026 12:22:00 GMT",2026-06-14T20:37:57.947603,online_drug_trafficking,True,False,candidate,https://www.ucanews.com/news/churches-civil-society-vow-to-make-indias-mizoram-drug-free-state/113623
online drug trafficking Mizoram,"Mizoram's proximity to Golden Triangle makes its vulnerable to drug trafficking, says CM Lalduhoma - The Economic Times",https://news.google.com/rss/articles/CBMi8wFBVV95cUxNeVM0UmVpLTJCTmY0YkRpeC01dnd2akpKaEVJSHlKV1VyZXhPSVBlNi1yNVBnaEhubGdvZkRRbDlHZTBTcVlDcUVmNkx1SkdhcFJtbl90WXVLWExTc1pyN25ueEdxZHhrektQRl9sNnhXUUJXWXVWS28zclFwLUFlaWRSRGNIZ0NwMjJYRkxwdWFkLUV6czQwLU9kQTNLTnRIcUVtcGRLU1FQTlBHZUVrOWM4eDNjb01TYVRQbW1teTVPdzdhdmZaWmsxcmNzbUFzSzZXeXdGVGV3NW1FNGFZS0E2RWpuaHhIckdrSVRKM2I1WlXSAfgBQVVfeXFMTUJQTU1zenRCN01fRlBUYmpYZHhhVC1paGZzMXgyUHVqTmhQNkJxR2tpbE4yVnJLLVk4X1VpWTVweHV5ZWZXZkV3ektwTFMzSnpETDFIUkJWaXZfTlV3eFkzQ2lDanB2bDVTVEQySkY0SGlEQ0FlRmhqdWQ0azFBYURfWVQyczRuOEctQWlDZGRkRjVWYVBfNGFYWUhZRy1RSHgtM0dIdjNiUzRxZW15Z3JvLUFuN3EtSWZuZGJLMUpCR1BMa1lobk0zc1RQc3FZbWd1Vk1GSHJnZFJvRnN5YlFIUHoyMGlVQ0lRTnFQOXNTUFhnZVN5c1o?oc=5,The Economic Times,"Thu, 14 Aug 2025 07:00:00 GMT",2026-06-14T20:37:57.947627,online_drug_trafficking,True,False,candidate,https://economictimes.indiatimes.com/news/india/mizorams-proximity-to-golden-triangle-makes-its-vulnerable-to-drug-trafficking-says-cm-lalduhoma/articleshow/123303382.cms?from=mdr
online drug trafficking Mizoram,Heroin trafficking network exposed: Aizawl woman arrested in Delhi for masterminding transnational drug s - The Times of India,https://news.google.com/rss/articles/CBMi7wFBVV95cUxOSDFaQ19jYWM2d0t1akF4VnppcC1TMHVhM0w1ZkhmS3BXMHFXYnJsUFdRRWpoMjlrdFFTcTFmRmdtbmt4N012VndhRVpVSUNURG9zZmNkaEd5Vzd2MF85WDE5UjF2Mm9fTUFGb0otMEoteFhFc3ZFTVBrYms1VWlERDg3Q2dVTC1xajF3emFSTHdZeUtXTlFfUFNxOVlzOVlubkFTX05OalU3WHp5VGgzZjJReEpJWGoza2hGZi1aRGpzaVBSVzRtbUlyY05Gb1hJU2k2SDNxaTNOU0FzN1FYdFRleENaOU4yZ19rNnZUVdIB9AFBVV95cUxNRVMyV19SWG5ONUZqb25Vb1ByMElQU2hHbHVmM3R1Y0d1Q2ZMQVVJSjdDU3dqZnROR1dYbWM5R04tQTJJSGI0bm5qdHltRUdvd0U2aDJsT2RQQVRsT2psSjdiOGhud3NEQktBbk5YNnZFU18ta0RZQ2o1LXRXdl92a3Fzczl1MDlrMDlxd2Q2dG43eUZteXdCVHpxQ2kyTU5qeXpTd3dab1hiOHNDZEVKV3ZaTTJMUjBreG1zMEhzalZjblE4WEEwYzNCcGF5TEFGcHVhbXdHSTFCNjllc0dKLThGQldQMnQ3QlZfS3BsLWlLWVJY?oc=5,The Times of India,"Thu, 06 Nov 2025 08:00:00 GMT",2026-06-14T20:37:57.947640,online_drug_trafficking,True,False,candidate,https://timesofindia.indiatimes.com/city/guwahati/mizoram-woman-linked-to-transnational-drug-trafficking-syndicate-arrested-in-delhi/articleshow/125113824.cms
online drug trafficking Mizoram,"Drug smugglers find new route via Mizoram, evade clashes-hit Manipur - The Hindu",https://news.google.com/rss/articles/CBMipgFBVV95cUxObTdDckVRSjZQWEY4RUhKN3JRbDMtWXZzakEzMG5jSkh3Q3oyaHZrWi1KQWZZX3VrSDd3ek5yQUVxdnhSdUJWMGV1cVd2NUxrWldXY0d2XzdUWVcwcGJpUXVmRWJNNGs1Zm14MzIzb1lKUFdoR2lTelM4bk1xS3RQcTh1RDhHWU4wWlRPUE5xLWJ4SjZFWlJ4RHpYbGhYMHZHUG1aN0N30gGsAUFVX3lxTE40Q3pNWTNITUwxbnlPN2l5Qm1lQndNbnVsMC1OXzdMZkNWb05HdnJOTUlsWVltNWwxWU40OVpsdWdFckRyUWRPODdad0tEajJ3bFFPb0x2NGxoZU5fbGZfOE9zVjY5dkZvTTlIUG0wU2J0cHc1cmg2WjQzR0UxbmZMTW9Ja1NmYkFnN1ViQXhvYUhwUkNaZm5HNUo0b3Z2bEQ2YU1iM2VlWjRxSUE?oc=5,The Hindu,"Sat, 11 Nov 2023 08:00:00 GMT",2026-06-14T20:37:57.947652,online_drug_trafficking,True,False,candidate,https://www.thehindu.com/news/national/dawn-of-new-drug-route-from-myanmar-to-india/article67524671.ece
online drug trafficking Mizoram,Mizoram Police seized narcotics worth over 16 crore since Sept 1 - The Times of India,https://news.google.com/rss/articles/CBMi1wFBVV95cUxNTjFXU1F0WVBtRlAyel9MZkxuQlk3VDlrRTZyNElVdGd0UVRVTFZtNWdCN3Q4YVdyU1JiWGNjVG5yUzY5WUNVbE9NcEE1T2NrNkhTLVg5NGkxRjhLdFBJbHBmSmpRVmlrNmpodWEtMW1SbE84TDhCRm12cktTRmtRV0F4NllfdzgwMDRacEd0a19QX0hlZkh0VGgyOFlrTjRaWFEtMnUtcW5YZHBwak4xZmkxbXVJOWJnN2dadmlya3dSenVUenFfaGVpcEdCQ1JaYjJLUlZYONIB3AFBVV95cUxPcy1QalZJY0p0Q3NPbnB1enF0bllodmE2LXJLUlhzYVZCMWM0LVNoNWVHZ1JyOUdjMmZXM05BRjNqeE9xbmU3R2ktZGJEamVDeWZZRnJxVzNsM1V5XzE1UjFUYkwzVzZmU1NKeXYzaGM5eHo1eUNsdVpKMUxZbUNqVklVYXVuNFE3OXIxcHRqZ2lGRkMtX2V3NkNKZXdMelM5Um1DN21rR3RtcDlUNHY1bG5ta1ZtZ2VXUkJCcjFrXzMyWXZHTC13OVh5MXMzR29SakF5c3ZrOWlhVmFv?oc=5,The Times of India,"Wed, 22 Oct 2025 07:00:00 GMT",2026-06-14T20:37:57.947677,online_drug_trafficking,True,False,candidate,https://timesofindia.indiatimes.com/city/guwahati/mizoram-police-seized-narcotics-worth-over-16-crore-since-sept-1/articleshow/124746398.cms
online drug trafficking Mizoram,"Mizoram saw 118 drug deaths in 2025, highest in 20 yrs: Govt data - The Times of India",https://news.google.com/rss/articles/CBMi1gFBVV95cUxNcGlfZk5XS2RXa3UxbHFnaTlabW9felprQzJER3ZEVWZoU1pMRnoySmNyVElXSF9idkpseEhMd1pFUV84VEo4d0xESnk4RFZONjdLZkJYY0xEWVRmdUJ5Y2NpWWgyN0JSTDAtT1I0ZjBGdXltX2J1T29DcG9RWmZNWXNtSnFSeWlTeW9qRTZEWUVjWGtxZ0tZSzRRZGE5LWphM3V2Q0VBeWhmQ2Z2MkozYzRZZGpwNmpLZTQxYm04Nkgzb1g1UzFqT2tRUHVpbVVsLTFEODBB0gHbAUFVX3lxTE9iQ0lZUnJJbFlrZ2hGb3pqWmcwRndVdjg0clhMYXVqdmQyelpXeHZ2UmplaF8taWJVQWh3WW9rYmFLbkxKY0tHSVFMUEZqcDU2TzJ2WnF5eXVFSmVFX3RhdWJkZ2JfcEkzeW5hNmVGZmhueTY4VjRSWDhhUUFCUVlNVlAzQlZLaEdkTFg5UlM0UmRWVVNGMThqUlFkRnAySzNfTmZDdjZhLWlhcE93bG1oY2hCMG5mMWhQOW13UWVJVmstanByblAzUWdSbUl3Z01WQ19XcGxfMUFhbw?oc=5,The Times of India,"Fri, 09 Jan 2026 08:00:00 GMT",2026-06-14T20:37:57.947689,online_drug_trafficking,True,False,candidate,https://timesofindia.indiatimes.com/city/guwahati/mizoram-saw-118-drug-deaths-in-2025-highest-in-20-yrs-govt-data/articleshow/126441716.cms
online drug trafficking Mizoram,"Assam Rifles, Mizoram Police seize heroin worth Rs. 1.39 crores - BW Police World",https://news.google.com/rss/articles/CBMiqgFBVV95cUxQZnpHU05EYWlKUUxmREhtRnFmOE9mZTE1cEphMnNwNTBwTWRXTGJmaFNJNDVyWkhOdnNkd2tSQWZmcGx4ZGJkN2ozdFEyMGZXZ1BpQmF6a29TTC1vdzBrU1NHQlhXQXVhel9aVG5ZNlFTRERKd01WdDlMcV9NQmYwV29FU1VPNWVwbmpFa25pVE1BR1ZXVUlMY1ZhMFNRcFVscndmLUloLWhYZw?oc=5,BW Police World,"Sat, 16 May 2026 09:50:00 GMT",2026-06-14T20:37:57.947701,online_drug_trafficking,True,False,candidate,https://www.bwpoliceworld.com/article/assam-rifles-mizoram-police-seize-heroin-worth-rs-1-39-crores-607081
online drug trafficking Mizoram,Champhai district in Mizoram is now a hotspot for wildlife trafficking in India - Mongabay India,https://news.google.com/rss/articles/CBMitgFBVV95cUxQbUF1ZDUtLUc2WmtpYTRUcGprTGtVRWN1TXpDQ29nOUN4S1R4cXJfX1J2OEFNdDRxeE5jMDVud0Y5TVUzbl9laFZfbkxwTWtZQWJqV0o1M2QyZENQc0lEcVR4TWxMd1J2NWRvYWhOVmIzVFRHamt5Sm1YaU9vcEVhU3lkM3cxanBYUzlHS1hnTnRTNXB1RGRLdmdlTTVpLXdXd0NUMC1aakpEWkJtMjFSRUlnZUJTUQ?oc=5,Mongabay India,"Thu, 15 Sep 2022 07:00:00 GMT",2026-06-14T20:37:57.947714,online_drug_trafficking,True,False,candidate,https://india.mongabay.com/2022/09/champhai-district-in-mizoram-is-now-a-hotspot-for-wildlife-trafficking-in-india/
online drug trafficking Mizoram,"Mizoram Police seized over 1,000kg drugs in ’25: Min - The Times of India",https://news.google.com/rss/articles/CBMiwwFBVV95cUxNRm5MLUZnUDdGUmFzcllWMkJxaEtJa1JreU9UXzhlNTlEM254RURSY0N3LU1CeDhRRzJVSGVYdkZnRGVpT2xpN1RhSThlN1RZWnMtV213MnR2TTY2V0hNVlg0OW5rbFhuVG9VNjV5UzNMSE9ScmRjMm13cEZmOWxmdU9IcUNoeU9QUlFIWlhvMGxLSXg4NkFBVUtmVEVWMTJtM3RkemxUcW1ZM0tSaFpsRVlZLUR6N2FZQkl5ZDI1UURoTEHSAcgBQVVfeXFMTzJKTEtaWkFSNzZMVmM1Znl0dnQzM1BQV3pVWEJ2VUJVUi1BTXg2eUxxM0pfeFRnNHk5X1R2MWlubTc3aU92MXFZcWpQek1fdnRhTUhBUm0xSG9wbnQtcTR0ckY1bWR5dXJ6U2tkTW5ydnZNem1uX3IyRy1MX21fZjFzT3VJOThsMm9ncjdPVHBZcjhTVnRkX0dPM1VKT3VBajlwb1Zyb2N1dENXaGdSRjZmRDZxSDVfOG1jVDBpbDNIM190RkJJMUE?oc=5,The Times of India,"Mon, 09 Mar 2026 07:00:00 GMT",2026-06-14T20:37:57.947738,online_drug_trafficking,True,False,candidate,https://timesofindia.indiatimes.com/city/guwahati/mizoram-police-seized-over-1000kg-drugs-in-25-min/articleshow/129349926.cms
online drug trafficking Mizoram,Myanmar refugees in Mizoram support deportation of criminal offenders - Burma News International,https://news.google.com/rss/articles/CBMingFBVV95cUxNTEJjQVUtYzFLeGNTc3VTM2djNjg1X0NRbWt6eU9ZVTBKN1B4a1ZJaHN3YktlUWRlY2ItZHZtckNxZnBkVzNZdVNfd3RnLW9qVVVjeFBDRURHbnY3emx5VllFU3VibkdBYlJ3SVhkYlE5NENLM0pCRzBaM01veHBHMkZKQkVNb0YyZnZYd0ZQOHVKX3Y2Q3JoZkRuWDd4QQ?oc=5,Burma News International,"Wed, 30 Jul 2025 07:00:00 GMT",2026-06-14T20:37:57.947751,online_drug_trafficking,True,False,candidate,https://www.bnionline.net/en/news/myanmar-refugees-mizoram-support-deportation-criminal-offenders
online drug trafficking Mizoram,5.5kg meth tabs seized in Mizoram’s Champhai - The Times of India,https://news.google.com/rss/articles/CBMiuwFBVV95cUxNUVJMTzZRNTFRRU9paENBVWxZS0NpWjV6SDNTSWhUOURncGNMZDJ0amlXS2cyMF8xNFhoaVZoS1J1ZU9PR2p2Vk14ODI2UTZQT0xjVkwyWFRwNFBtc1dUWV85anBjR2F0T1hLbXdRZlNuUUJoMXZTSDBFb3A4Vk1BRzdqTDFSUGxPNS1heVBJSVFqRDdIWUNQalZTejlNOUxfdW8tVjhMenhZd0tWRTVhbzB3b2RlRmJkbXFF0gHAAUFVX3lxTE1IWDdPTk45enpWME9hZnN5OXJ2TF81ZmdhT3R1Z19EVTQzQWF6NXBwX0xCb3lBNTFINXVwR3BLY3hXbmhkall3Y3dKWXA1cTZsREF2WEdHTjNqMjA0QkZsQXhxUXJMLUFRbEcyamZha3BFZWhuNHVsWkhtUzl2VmN1Zi14Ym4wWFRRUHVhckNWenAtdXp0VF96VUFUS0E5QUdLem40VWRYS05CUUR2LWNkQ2pBNDE0dUU4Q3BaSHNSUA?oc=5,The Times of India,"Fri, 25 Jul 2025 07:00:00 GMT",2026-06-14T20:37:57.947764,online_drug_trafficking,True,False,candidate,https://timesofindia.indiatimes.com/city/guwahati/5-5kg-meth-tabs-seized-in-mizorams-champhai/articleshow/122911044.cms
online drug trafficking Mizoram,Mizoram Excise and Narcotics Department releases quarterly drug seizures - India Today NE,https://news.google.com/rss/articles/CBMizAFBVV95cUxOWE1iTzNFbVZpWkZNb29Mb3ExLUk4RUdLSGE3UU8zMVpEREJYc0FaU0V4dmM4RUFuTFpFdUF4TXF4SDAtLTBkUzRrZnFtdGZ0OGFpR3NTdnE5Zmw2dWJEOWNNRW5aaVpxajJJSnNtbEh4VWZRQTQyRS1fSmxOSzBIODhtc2JrZWl5QkE5NWNWa0FnNzZGcEd4OUlWVEhQdmZERFp0NEVyTWVZSjNHLTl5enZBbW5ybXFmeHZJcEFxSzBEOUlMTG9jSllaVknSAdIBQVVfeXFMUFdIUmt5V2dtRW9wNmtkRjNaRmRSMVp4TnRkNWVtbW50TVlOYjZHelk3MjFaNURJaDFaUlQ4SmtVLUhQN1l1MGM2dTdPTklpcVRzNUlNTUx2T1JTT0JaOFlIQ0dzOFNyWmVsbG56Y2t5NHdKWXFjNW9SVFpnelJwd09HWHhJZzNnUDloWlVFN3JlbTVZemhXOThOUE5DY1YzX3c1bmZQNkZfb1ZUY3VZNlVGNGxKQ0hodGNfS3dMRzJQQjRobHpsTVBnQmplRGhwbEV3?oc=5,India Today NE,"Thu, 25 Apr 2024 07:00:00 GMT",2026-06-14T20:37:57.947800,online_drug_trafficking,True,False,candidate,https://www.indiatodayne.in/mizoram/story/mizoram-excise-and-narcotics-department-releases-quarterly-drug-seizures-991221-2024-04-25
online drug trafficking Mizoram,Mizoram: Assam Rifles seize drugs worth Rs 87.84 crore seized in Champai - Hub News,https://news.google.com/rss/articles/CBMimgFBVV95cUxOTjZleU41MmxWMDlZWmp6T2V4V3h0MU1HMTdvalNhT2ZaaHZ3eUZlaG5fbmxtckpQMTFnbTZjNW5OQmNEOExSLXNGb0NUa0kyZ3poN0sxM3hoQW9GazU0a1RKbXg5S1NrNjYwN2JhTDljN1lqQm1DNUlmeDdjZ0tJOXFwWWRHU0lmbkpHVm5SVUNLXzdlTGlUQUJn?oc=5,Hub News,"Thu, 14 Sep 2023 07:00:00 GMT",2026-06-14T20:37:57.947837,online_drug_trafficking,True,False,candidate,https://hubnetwork.in/mizoram-assam-rifles-seize-drugs-worth-rs-87-84-crore-seized-in-champai/
online drug trafficking Mizoram,Mizoram villagers guard Myanmar border areas - The Times of India,https://news.google.com/rss/articles/CBMiuwFBVV95cUxQcnE1WVFadGE1UmFORDZJUUJWTC1YRUk2YUVoQktmWmhmcWlmb0RXeVFkc3dkQmhUSVJiLUJ3X2dBckFnbjliT04zejBNVVN2aDcwWWNTN3lCb1h6UEFSczNHSWotdTBNSmJHMEt5Mi1MTVZJdThRbEgzbmRWaW1sRDBvbzk3T0o5VWU2RXNPbXpkdExNeGJ4UE5qNDZWRDZEQ0I3VE40S242cmg5WWc1TTlsNTY4MHRMcXZR0gHAAUFVX3lxTFBQSGpCS3ZCaG5jR1FQRFhVYzNmOVJGQS1GQlVhNkFMbm9XQ2FGVzhydFdTSEJwWmNRbE9qbVBWbTN4XzZuRUVKa1JFX1ZEVTQ4Q1JKemJvS0JaRTBFVGl1T2NPQ09ZRzFEalBObXVvZzJON0JoN0V2UjIyME9zT0VWMWZRQ0hGeXhjbTdhOXh4c2k3Nk5MN2I2SldyT0NsYTVQWjhYbDRmdTRiVVExblZ6T1RUMk1qWnV1MnlQX29qMw?oc=5,The Times of India,"Thu, 27 Oct 2022 07:00:00 GMT",2026-06-14T20:37:57.947862,online_drug_trafficking,True,False,candidate,https://timesofindia.indiatimes.com/city/guwahati/mizoram-villagers-guard-myanmar-border-areas/articleshow/95113553.cms
online drug trafficking Mizoram,Opioid painkiller ban sees spurt in heroin seizures in Mizoram - The Hindu,https://news.google.com/rss/articles/CBMizwFBVV95cUxNVnFsZUNGZkhaT0FoMEFZcDBsMV9vZE5QSFNvSFdORlhCVlZkQlp5b19rSllnRW51VmdxRXg0OFczQVVPcEhSRmowQjdhc1BuazFwSjZveGNLN1ZpRnFNdXRmanVlZlZfNk9xbHlYN2lPZjlpOVJ2aDhzaF94VGlGd2dYV0tDNUFXc2dxRnRpbUVDbXB2YWFlR1ZxRHQ2ZHd6UmdiQ3pCSDFLNmFIQVE5cFJpTkUxWmN5OXZuU0taV3RNY2cyczV3TFBYX1M0VUHSAdYBQVVfeXFMTmJBeEJpQzdtY1h4TFdFT2JqLTdXODlweHlCaFQ5YnZTaFdPeWNybHRuQVU4bkRrOHRrc2oxRWRMZm9NWTUwRE16N3BHelRmaVI1TlpxcWJEMGNDTU9VOGZmQjZZWkZENzgxeTNCMEg2bUJCYzZaU29aYVZ0cEd5U1FYTF8zZkZ2aFZ6NEp4WklvaFJQSVFuTHAzbHZwNjVMY3pVLUlpWTQ0X3o2YnpaTllMYTk1eGNYTDA4LXA3aWJZN1pKbWx6MjJxNWI2a1hWUGNvTmNwZw?oc=5,The Hindu,"Sat, 01 Dec 2018 08:00:00 GMT",2026-06-14T20:37:57.947886,online_drug_trafficking,True,False,candidate,https://www.thehindu.com/news/national/other-states/opioid-painkiller-ban-sees-spurt-in-heroin-seizures-in-mizoram/article25644017.ece
online drug trafficking Mizoram,Assam Rifles Seizes Methamphetamine Tablets Worth Over Rs 6 Crore in Mizoram - SSBCrack,https://news.google.com/rss/articles/CBMitAFBVV95cUxNaXhYQ3hJTWdjLTRfdUFqRGRLMHlqbGZJS3lPVnZVR2cycFg4RTRjZzM2TGYzS3dPdXFBaXdxdV9BU21LMEJ3QUVXNTRua2FzMXEtcnZFMWQ0OC1DWHEzdUl2QzFEYUVrQ2tsQUdTYzNQLXc0Z2k3bnd5QU9EcjU5NndMdzJLVkg5MWVXcnNUR0RScFFTNlZhMzRBdUZiS3g4NWhjMFpUMGltTlBQSWZCdV9tRmw?oc=5,SSBCrack,"Tue, 30 Apr 2024 07:00:00 GMT",2026-06-14T20:37:57.947899,online_drug_trafficking,True,False,candidate,https://www.ssbcrack.com/2024/04/assam-rifles-seizes-methamphetamine-tablets-worth-over-rs-6-crore-in-mizoram.html
online drug trafficking Mizoram,"Mizoram: Narcotics seize 1.373 Kgs of Heroin, Manipur CM says ‘deeply concerned’ - Hub News",https://news.google.com/rss/articles/CBMioAFBVV95cUxQMEpGZExBUUwtXzdkTGRrbm9vaHNEb0I3UGktM3Axc3prdS1FM0JTOTFna3p3VlhwUEU5UjA3amh4aU1SOWE3Slgza3dJTm5iR2gwdzZXY0xtQi01emUxNXd1V1Nnel9GR2lLNk1weTJBMTFod1JTcXVMUGROSUlULXRSSWRILTBTbDlaOTRZalJqaWJrMk11SDNObTZnbUFl?oc=5,Hub News,"Sun, 16 Jul 2023 07:00:00 GMT",2026-06-14T20:37:57.947923,online_drug_trafficking,True,False,candidate,https://hubnetwork.in/mizoram-narcotics-seize-1-373-kgs-of-heroin-manipur-cm-says-deeply-concerned/
online drug trafficking Mizoram,Mizoram Emerges as Major Drug Trafficking Corridor as Myanmar Synthetic Drugs Flood Border Districts - Dainik Jagran MP CG,https://news.google.com/rss/articles/CBMiywFBVV95cUxNZGZUUzNVQWZWYmNsY1pzRklObXJYNlVCYWdlemtJN3YtZHR3OFVUSGZWSWk4STZtam5NYThMQ0gwdlZOMW4yVUJJd1ZOS29Gb1NtVm9LODBEVUdFcWFXSXFuT2hiZGpkMEdJZXRmUWM3MXZUN3NLLWNpMkN5V1MzZ2RQdGQ4eGN4c3QwUW83bVNPS1J1SHp3YXdtdDVkYUZYY0MtanVjQXF5QWNjaEZvV1FtTGxPUUlxTW9td21WVFV0aXAzal9LOWFuOA?oc=5,Dainik Jagran MP CG,"Sun, 14 Jun 2026 09:44:02 GMT",2026-06-14T20:37:57.947948,online_drug_trafficking,True,False,candidate,https://english.dainikjagranmpcg.com/special-news/mizoram-emerges-as-major-drug-trafficking-corridor-as-myanmar-synthetic/article-20130
online drug trafficking Mizoram,"Assam Rifles seize meth tablets, foreign cigarettes worth Rs 35.71 crore in Mizoram; four held - lokmattimes.com",https://news.google.com/rss/articles/CBMiyAFBVV95cUxQVWpJa2pnRksycy00ektKZUhtcWJEblFRUFFYY1l1bGRyV0tsVmJUdUpXcmYyazVrN3hzSEJfaHFlVGptd3BsR3c3M3VMVHp2VTNielRNTWlZUDZKRnc2UEdQWk5PR0duQmd3OHV4RkNQSm9MLVZaTktDQ3k0MlZ1Um10em53bWJZeC1fdG5kdlo4R01yWXBVTXRWN0g3Rnpla0M4RW9Xa1ZMZDM0eGlCdHdlYXpkSXRUaFp5N3A4dEdDcmVfelRKWA?oc=5,lokmattimes.com,"Fri, 29 May 2026 08:40:32 GMT",2026-06-14T20:37:57.947972,online_drug_trafficking,True,False,candidate,https://www.lokmattimes.com/national/assam-rifles-seize-meth-tablets-foreign-cigarettes-worth-rs-3571-crore-in-mizoram-four-held/
online drug trafficking Mizoram,Mizoram govt launches online medical referral system for treatment outside state - Northeast News - Northeast India news 24×7 -,https://news.google.com/rss/articles/CBMiswFBVV95cUxOaDVlbThrMld2RFdTNHVnNkJUeWpuaTVGT2RjbEZuQ05HR2pWTHJWOFpoTzdsUlMxeUhxNDJSMnUwdVN3TnBtQkpIS2VFMzR6UVBLcTFvZDJIRC1teTF1anIxMlhsazdnb2p5aU10Vk4xNVRCQ2tNT3k5YjZuTHI2ejhwa1hJOXdNQ0lKQ3M4eEktSDRLSnBrWXk0RElWN2VqVS13RWRkLXk3ZUMtZlZTYUFJUQ?oc=5,Northeast News - Northeast India news 24×7 -,"Thu, 21 May 2026 07:00:00 GMT",2026-06-14T20:37:57.948006,online_drug_trafficking,True,False,candidate,https://nenews.in/mizoram/mizoram-govt-launches-online-medical-referral-system-for-treatment-outside-state/51480/
online drug trafficking Mizoram,"Drugs worth over Rs 9.70 crore seized in Manipur, Mizoram as smuggling from Myanmar persists - Daijiworld",https://news.google.com/rss/articles/CBMid0FVX3lxTE9tWkhfQnFxQzVQNHUxWThpNGZPRDNUdXJjc1NVMTVQRUJQNjNPVWFwQTBBSXlQZkFHWjE3Rl9ScmY1TXo5LU1NM0FOdWFWdDZBZXRXZXd6ZHNyZERmMjZjM0ZjMWlFOEFUa2F2YXRFdXBmRGhYVTM4?oc=5,Daijiworld,"Wed, 28 May 2025 07:00:00 GMT",2026-06-14T20:37:57.948039,online_drug_trafficking,True,False,candidate,https://www.daijiworld.com/index.php/news/newsDisplay?newsID=1281800
online drug trafficking Mizoram,"Amid Manipur Unrest, Traffickers Turn To Mizoram Corridor To Smuggle Drugs From Myanmar - ABP News",https://news.google.com/rss/articles/CBMiwgFBVV95cUxPeEpuZk1ZV2kzRnBLMXk1UlI1dnhIWkZvQ2RlYkoyTktJUjh5cjhYa19TSWRyeXNSSjQ3bVBmZmJxREZTeGEwTEI2Qm1JYnBidjI0V0xVUXRBZjZ2Z2JFNGVtNTZLbUwyeGY2NGczdzlXdGw5ZlQ4SzZaXzJDUzAwVE5naUo5OVFhd0M0TDM2ckd1MnBmYVpLSXhnOGR6R2dUenYxNzhnWUdxR3RfSEtOOTNGNFV3WE9EbkFjSmk0cmxFQdIBxwFBVV95cUxQOWpka1VYVDV1a3JZckM1cGs3eFlLS1R3bTF1TmtZSTBGZll1R2R5YWFLUjl3QTdxV2lWMVZTb1FJa1FOdE01U1NxWVdPUEFfNWpESW5maGtURnZBU0xTVWFzOWhSd2V6cjF6eV9lNFptZE42UzhlMFZRTlZJc0JZdTkxa0FfRmlDMUZBWXRBZG9zNFdPcUpWU002R0dnWXkzaUN4c0Z4OXhPUHVkdkxTR3dfbkRKOS1BaHZHWE5XZ2I5VjV4UG5n?oc=5,ABP News,"Mon, 13 Nov 2023 08:00:00 GMT",2026-06-14T20:37:57.948051,online_drug_trafficking,True,False,candidate,https://news.abplive.com/northeast/drug-traffickers-mizoram-corridor-smuggle-narcotics-from-myanmar-manipur-violence-1642450
online drug trafficking Mizoram,Mizoram: Woman held with heroin valued at Rs 1.17 crore; Myanmar national caught with ammunition - thehawk.in,https://news.google.com/rss/articles/CBMixgFBVV95cUxPQ1FtZUtDTTFBY0F1YXFDOXZaNVllTjNUTVNEaHNBRml2R1pfV1ltR2J4Wk1LdUpycTNNQ2RJYVpUcTZ5M0gtSjFnYjAwUVFESkVnQ3ZhcGs5QTRPSmtiV0UxblgxUVQwZXctT1k4Ym9nOFhnLXQzQlhjSWJ2MmY1Y2ZEVVF3RC1UYmpJekV4dm9Wc3Voc0xDMHMwbWJpV0ZIUVBjd0lOS3NhVlAyVkRVMmpiT3dhS1FDbjVaTFZIYlBrMERsNmc?oc=5,thehawk.in,"Wed, 03 Jun 2026 07:00:00 GMT",2026-06-14T20:37:57.948063,online_drug_trafficking,True,False,candidate,https://www.thehawk.in/news/india/mizoram-woman-held-with-heroin-valued-at-rs-117-crore-myanmar-national-caught-with-ammunition
online drug trafficking Mizoram,"Mizoram: Drugs Valued At Rs 2.35 Crore Seized, 3 Arrested - Mena FN",https://news.google.com/rss/articles/CBMijAFBVV95cUxNYU5VTEVQY0V3bE5TRGpWcjBFeEVLYmRNOUxjRFhPaVVIQlBZMVNMeEJtaVRHSlo5S3otSGlNaEQ1N20wV25MOHFxcGdjYmJlSmdyUWtoSVBzZFRrSDVrWENNdzE2NkJKa1BJTmNjSTFuLUg3TVlwNFdMel8tYUpMY0xCVTk5X3BtUTgwZg?oc=5,Mena FN,"Wed, 10 Jun 2026 06:00:49 GMT",2026-06-14T20:37:57.948095,online_drug_trafficking,True,False,candidate,https://menafn.com/1111240316/Mizoram-Drugs-Valued-At-Rs-235-Crore-Seized-3-Arrested
online drug trafficking Mizoram,India News | Mizoram Minister Seeks NCB Help to Tackle Drug Menace - LatestLY,https://news.google.com/rss/articles/CBMitAFBVV95cUxPRVlzSVNmaGZwbENKRHE0S3ZOYjVVY1dMWFdCc0hHRWM4MTFKRldrWEtpaTNhejZtMmZvdGx3d2xLY0N5eWZOeThCVE5ZeDBDNmxVMUdoOGZ0Ny1SYmNnZE92VWlFMzN4ZHJCc0xxUHN0ajlzdzl6VWlZMEFhWmtfSURaMHlXUXpZSWhwSGdES1lMLURCWngtMkxlaXJiaEpzMUFVQWJlY0tPbHhZeDUwSFBiNkzSAboBQVVfeXFMT3gxR3lkUE5GRWNMR0tYcS01OC1SV1JHYWN6ejdpRnRuRk9iQVFkNHdUamQ3Slp2X0NVVE1hVDlBZ3AzeS1IRkI0SDgycXlnSnJCc3p3dWZUbjNHanJsUmtjbUhYcENIaUVmYjAxZEtNdUl2M3JBdEozTjZKb25QbVQwdTJnNzVzeEU2N1ZCNGFERWluUW5GVW1jbW1kbkhOQUMzNl80WU5CMnJEdjJnd19BZmNYdVA1MDJ3?oc=5,LatestLY,"Wed, 02 Jul 2025 07:00:00 GMT",2026-06-14T20:37:57.948119,online_drug_trafficking,True,False,candidate,https://www.latestly.com/agency-news/india-news-mizoram-minister-seeks-ncb-help-to-tackle-drug-menace-6966970.html
darknet drugs Mizoram,Mizoram steps up crackdown on cross-border drug networks - MorungExpress,https://news.google.com/rss/articles/CBMiigFBVV95cUxNTHRMRU9ZNlhoRm1xSFgtN0xnWWdaUXp5RUoxNTU4UUVreXdqNWtQRzh3M2FnQXRQdm5HSnVaTEZfd3NUVS00MVYtRWxTNkJsTU4taWFkMXVnaVZUOFN4RHV1bzQ4YUFtNDNoMS1ZTzNFb3RESC1NTFNWYnFKaDBmTWtBencyN0tiRkE?oc=5,MorungExpress,"Thu, 23 Apr 2026 18:35:57 GMT",2026-06-14T20:38:00.335541,online_drug_trafficking,True,False,candidate,https://morungexpress.com/mizoram-steps-up-crackdown-on-cross-border-drug-networks
darknet drugs Mizoram,Mizoram Intensifies Crackdown on Drug Trafficking - Nagaland Post,https://news.google.com/rss/articles/CBMigAFBVV95cUxPNXU4amJXbXRYMUtkQ29hWDBEWFRZSjJPaU45eF96OTgzVGpBcV9admdTTmZUd2JDaXBSVjd2RjREM3oyUzJGRnY3OEh3MDluQ24xOVB0OHB3V0d4WUtCRkhOVVI4eHJPWXE5QjdYZ19WR3VBVElDTGloUjlvTVJKQQ?oc=5,Nagaland Post,"Fri, 24 Apr 2026 07:00:00 GMT",2026-06-14T20:38:00.335591,online_drug_trafficking,True,False,candidate,https://nagalandpost.com/mizoram-intensifies-crackdown-on-drug-trafficking/
online drug sale Mizoram,Mizoram pharmacies join nationwide strike against online medicine sales - India Today NE,https://news.google.com/rss/articles/CBMizAFBVV95cUxQcUpKSUIwWXl4OHlJN3lMMW5QaWJtMEl4ZzNPWHBGaTVJNFJjYy1DV1JQSUQtNmFyamdPdDF0TDdrb044cDh6ZHdkaUxCdkZaZkt2QTJzdWJmclBVZUdTbERGMDNqX21weUNYdVdFV2RsZzc3OEx0NDMyTmt2WHFZMGxnRmZEakR1YUFkRTc5bXJWQS1rcW03cUZGR0dmd3VOblV3U0ZXZTBZanRsRUdQUlN3bnpiNVFmRWlpTnZCRGthTU9hbDlIYWxtVm_SAdIBQVVfeXFMTUpWUFZKXzA5cDVDZ1g0Y1dEZTZSbmoyTFRRVXp3VERxN1owS0lSNzBMTkVPY01TTDk5elZ2dU1jRno2bk5BcS1vRGlYTmtzMHlCWFhwQkktT2p2NTdmWUd6blk4Z0xicnBtUnNSMWpyWVNWdmswUDhzSk1hRnUxdDdRQXRqVjl1dVpQcVNsQ2IzUGxNLXU1dDY3N29oSXNJdmpiRXJSZUo2S2tHdGRVTVM2V3lvVk9FRlRvODNYck50OTJIYlRSb2F4dWNrU3hUNlVR?oc=5,India Today NE,"Wed, 20 May 2026 07:00:00 GMT",2026-06-14T20:38:10.048913,online_drug_trafficking,True,False,candidate,https://www.indiatodayne.in/mizoram/story/mizoram-pharmacies-join-nationwide-strike-against-online-medicine-sales-1394866-2026-05-20
online drug sale Mizoram,Mizoram Pharmacies Shut Down in Nationwide Strike - Northeast Today,https://news.google.com/rss/articles/CBMijwFBVV95cUxNOVI3ejV4ZVpIT1lxWXh1VTRxdWQxMjVyRjRaR2tMYkdHZmRCeVYwcHpTUWdLeWlNN1U1ai1wX1FyVXd6QmhxaUgtY2xmRXlVRW1sOFBBdHNtcjRqXzBjUElLMHY0bmpTZmRSSUhQaVNFd2lvUFZQdWt4THRqelh5ckRSWllkdDRhM2FUVEFGYw?oc=5,Northeast Today,"Wed, 20 May 2026 07:00:00 GMT",2026-06-14T20:38:10.048959,online_drug_trafficking,True,False,candidate,https://northeasttoday.in/northeast/mizoram-pharmacies-shut-down-in-nationwide-strike/
online drug sale Mizoram,1.5kg heroin seized in Mizoram anti-drug operation - The Times of India,https://news.google.com/rss/articles/CBMixAFBVV95cUxNMi0xbGw2MWJKeXBMN2JvU0ZrdnBXRlhpY2FzbXVFdVhvbUFGYjdqdk5GekQtaUk1UmtneUpBd1V6T2kxSTlaYWxhLUdYa2Ryc3BZVE1lRU5PVnl2RVZkUll6T29xNnlFZEo2WGRHN2wxRlNCdFA4T0N5UHpKMzlCeXRLeWRYc1UybDVMdE1zWm1ocEhkWUhHMk4yV3I4S1FkNjlFeUFzbjN0OFktOG0wSVk1NkdLREtQNHgtaEVManVYdnMy0gHKAUFVX3lxTE9CQk1Ka1BPTG9ialhaMGQ2QmhLMGJHd3Q1Wktxdnd4SGxfU3Jtem4teVg4WlhqT0YydTNqRlZ1VTZTTzExU0I1UmIxbEJVRmNONmlpTm4xOFI3VlFFcUYwS3BlenY5VnV0VTdiSFQ2ak5ldG9LZkNmZWYydG8zTTQ2Y0F2dWdfc2dkWFc3dEtTUXZ1WmZyTFpqWml5c1prbDZHdGRTb295Y181YUNvdmtla3RvYlpjbTM1aVZBbzNuWktrdTZDNm00VFE?oc=5,The Times of India,"Wed, 03 Jun 2026 07:00:00 GMT",2026-06-14T20:38:10.048974,online_drug_trafficking,True,False,candidate,https://timesofindia.indiatimes.com/city/guwahati/1-5kg-heroin-seized-in-mizoram-anti-drug-operation/articleshow/131485218.cms
online drug sale Mizoram,Mizoram chemists warn of rising drug abuse risk due to unregulated online pharmacies - India Today NE,https://news.google.com/rss/articles/CBMi3gFBVV95cUxPc3ZrMUJRbHpYMEtHRFFXd0N6UVNaQnBLYmxXSUlWR2xyREFoMnI4ZUx3NnQ4cHBPRkZpQkY4aGhOLVR5c1pxRmtab3hsYThYT3pvWDdvalpVcXlsU1JGRG1sNDh3YnQwTTd6UW1zYnJOZUhpSUtZVUFoQ2IwbGxJUEplS1Z0djh6ejYzQi1SREVfOUNyekpRYUtCcUJ3Ymg4aFNfT1FnTHlGZnJyREJsTDhTM1BtMlFLTXVreWZXNlJKbi1lOU1fNGFLaF9KbUlOOEdMMHRpbHNVQmNvN1HSAeMBQVVfeXFMUEJwNGlTV2ZlQmsyTlhfc09lMVlJV1lBZGtzNkl1RlkzNjZiZUpMNGpYUEdoV1pKY05vNWdaQ1dOTmtiOTU0Y1R3ejk3eEdzd1YzaDRJZk45TmotZjRVUkRrVEhMYU52RmZ3NE9YblJ1MURSdDBMWXpqQktMcEFyc0hNZlMwRmhMWkxZekc0Ui13ZklSb2M4c2Rlb2F2Z01VOTl0bEdBS2gtbWJiV25DTnRSMUlPVHcyRXd2VUVVZjN5eDdOWTJrVWpWM2FTZ0tkLUU0bkJhY1UtXzBadXRWM0ZsMFk?oc=5,India Today NE,"Tue, 19 May 2026 07:00:00 GMT",2026-06-14T20:38:10.048987,online_drug_trafficking,True,False,candidate,https://www.indiatodayne.in/mizoram/story/mizoram-chemists-warn-of-rising-drug-abuse-risk-due-to-unregulated-online-pharmacies-1394338-2026-05-19
online drug sale Mizoram,'74 died of drug abuse in Mizoram this year' - The Times of India,https://news.google.com/rss/articles/CBMiugFBVV95cUxNRm05aTc0OGY0T1M1Tm5sNmhSMnB1TExRbkxDbmk2clh0SXlzLUtfTVhLc2JMYVpjcVg5MHJPTVFmVk9OZ0VqbGJmZWVvbTFFSXlvSndGRUxyTzdiSm9LdG5oTy1fZUtmcVYxMkw1Yjc5TjY1MTVxUWVjLUNoQjRsM3E0YXJlVFVzWV9LWVU0Q0d2U0t3dWtRQjBSQ0toVzlPRFdKOVBwSjl5UVZTVzdsQzJiWE41WmZvNWfSAb8BQVVfeXFMTXZNSUpHaXRlelJMVm12VEtYNHZmTGRIc202N3VVS09VZjV0SmNmdXJEZnhLUkxoOHZmalpZbnozZk15RUdDZ2NpYS0tM0o1T2FHSWRnLWppN2Uta0MyMHRGYzJkTTdOZVU0TjVDZVJsZ2tuaWZhdzE0dU5maXhCVFBXcGpta3E0cjVrQm9MWUdrMmVpZ2V1R09BZWxEcms1UC1SRU5obTRwZ0pxYmJIQzFXcmNiTWZsQlI0RU1Ibnc?oc=5,The Times of India,"Wed, 27 Dec 2023 08:00:00 GMT",2026-06-14T20:38:10.049059,online_drug_trafficking,True,False,candidate,https://timesofindia.indiatimes.com/city/guwahati/74-died-of-drug-abuse-in-mizoram-this-year/articleshow/106307976.cms
online drug sale Mizoram,Mizoram Pharmacies Shut As AIOCD-Led Nationwide Strike Comes into Effect - Northeast Live,https://news.google.com/rss/articles/CBMirgFBVV95cUxPTlhNMUEwV2lMN1A2T3Y3S1NjYXZTaXExdjFxSWFrQjFqby1QWmxzNklGQzVCVEFkdmZIZFU3cWJkTkt2QnFENHhJN20ySkk3QzlsMUFjV1FwZmp4VjJTclF5TXFVX0pvcHhDNTNmUldWR013N2RSMmYtdTdUTThrR3lkZUIyU19RTzkxa05DRWYweXNvSDVfektBZ0xfcEtHZjNFeHk2eF92bVFsSWc?oc=5,Northeast Live,"Wed, 20 May 2026 07:00:00 GMT",2026-06-14T20:38:10.049112,online_drug_trafficking,True,False,candidate,https://northeastlivetv.com/topnews/mizoram-pharmacies-shut-as-aiocd-led-nationwide-strike-comes-into-effect/
online drug sale Mizoram,Mizoram: MCDA warns online pharmacies could enable access to addictive drugs - NENow.in,https://news.google.com/rss/articles/CBMivgFBVV95cUxORFcxWUtPWkNmajFzSzVGT2NveUxlUXFpck1Wd0dyNk9xaTBZSElFNEtsV1hYVGgwS2dBeHNFbF9Ua0lLN1ptUHNhWEh0ZzBPeEhXNXV0djNnVmhLQjlJOVdIdTVGczhoaDgtQ0VaNkdvUVE2enR0bHRqQmE2V3prcmxWTDFkRXV5YjJ4aFQzdU9yWXZqZERSWFJsYmd5alZoaXNmaHpLaS1fNGJsZEMxekNBckJVNzl1dGRLaDln0gG-AUFVX3lxTFBNb0JlM0ZvZlkzbHQ3MF9USEI1RlRtWmdXX2pMQ0NuWEh3U3UwVmNrSDFKX0dyc3NEZ0xiUlRybkdyVEFVWWVabzRvdUJFajVDZ3UzQXpHMUN2Z3cyWXhGeTRDc2VGQkZmZlpRWXl4X25TdTBxN3M3SndBVDF4NEF2R0V3d3ktU2JYSGlfRkxjaFd2eU1rY3ZodFRWZUM2VDVweHB2LXpVT2taX1ltMF9ZX2NjUXNaRGtQM0llT3c?oc=5,NENow.in,"Wed, 20 May 2026 07:00:00 GMT",2026-06-14T20:38:10.049124,online_drug_trafficking,True,False,candidate,https://nenow.in/north-east-news/mizoram/mizoram-mcda-warns-online-pharmacies-could-enable-access-to-addictive-drugs.html
online drug sale Mizoram,"Mizoram: Drugs worth Rs 6.7 crore seized near Keifang, three Assam men arrested - Dailyhunt",https://news.google.com/rss/articles/CBMi-wFBVV95cUxNNGdSNEdFc0J1T3VNeGxxRHVQdWtUR3FTT0xwS3JQMWJsSm9jeXE5VFBMOWJhcUx2UXRDd1BrUmFBdHpoaVBtOG96VWVpR2Y3ZklYTjlrNVJzWFJWWDF0OXdiYnBmQTJoREt4b3ZyeGlMRFlYZUFpS0otRUJhbkZudEVoVm5fdzhyV1R4Q1ZPOG81SlpNTV9sd3pvcS1jM0hNLUR1V2hFYVlqdy1iNGRmTW5nTzlVQ2hNZEtiVkFmVHZKT2JPU3NCSzR6b3k2Z2FlbVpGYXA4MFN4U2daNFZYN2ltUk9vMXlFYWcxODdFRFJMZmFPLUJJM0V6OA?oc=5,Dailyhunt,"Wed, 03 Jun 2026 19:00:52 GMT",2026-06-14T20:38:10.049136,online_drug_trafficking,True,False,candidate,https://m.dailyhunt.in/news/india/english/north+east+now-epaper-norteast/mizoram+drugs+worth+rs+67+crore+seized+near+keifang+three+assam+men+arrested-newsid-n714505787
narcotics online Mizoram,Mizoram rolls out ‘Red Card’ liquor permits for individuals on medical grounds - Telegraph India,https://news.google.com/rss/articles/CBMiwwFBVV95cUxPeFpqSjVrVDZzTFdqWXhXcWZxY1g2dkZUSEU1ZnYtN0JqdHpGYXd6UzVkV2VUWUQySFR3QlJENDNMVWRURmxfeXlFbXV5RXJHOU5pUkZhUVN3aE04U09qUlZMMjJnbVFQei01bWcwcHA4VmZ3NUZVb2FHTEx1bE9KN1lPZmo4YWNUMG95Tl9YWTU4SUUtZUg5bXlGdk1FSUlEVVVqNGpTS1pudjZWSVVDZkNkQWRQNlZSeHU3U1g2blB1SkHSAcgBQVVfeXFMTWdkQ0FFRzBOMm5maUN5bS1OcGl2NS13bW9wc29zZ0FsMUtMdzdFZlItQ3o4RFJ4N2d2c0R2d3ZhRTY5Nlp2bDNGWGVQNEdJNDd6VTIyaDdFc0lETGNuRGVhVVZqbVBDeW1FSmM4U1ZiMWdkWF9MakZKNmhVZ2lVSTNncDQ3a0w2WUd6eWpJRVJVaDJsSmtEbWdTcEpPSWctMk45SndzMlltLUNHVTY5emVWU3Z4VTR2aHYwa2ZOUXhReFRuWk9oN3g?oc=5,Telegraph India,"Wed, 03 Jun 2026 07:00:00 GMT",2026-06-14T20:38:18.684708,online_drug_trafficking,True,False,candidate,https://www.telegraphindia.com/india/mizoram-rolls-out-red-card-liquor-permits-for-individuals-on-medical-grounds/cid/2163776
narcotics online Mizoram,Mizoram cops seize narcotics worth Rs 10 crore; one arrested - The Times of India,https://news.google.com/rss/articles/CBMizAFBVV95cUxPblVDVFlxS09BOTg4b013cWJZNjdtbGJuSTBMUzZxQ21EVEpEQjUwZDE3MlFfRVRBSXlFemdNZmpqOG5XS1VSTngtV2JMUUg4WjhOOWpWU1VPVkZIdUlCSWphaENESGc1QUNscExKWDVXUWRqMDZLS28ybUdfdmo5RDZXQWhEQjNmTDVjWXBwelBma29ZMm1CNV9SVHZRWlRVSUdKcE52V3NtbU4xQV9YbmVDTWE5NUJCaGJXemtWbVZYam56T3NaTFpfbzXSAdIBQVVfeXFMTWpBVncwdE9vOEx6LW5lRUtWcjJFYkhOUzhOOW1xZ1luZzRlTjdYSDVKTEtTMTBiTUNfS3FyS2FCT2FVNXJDQjZxeTZWaUxVcG9ldU5YZ093WE8zcWI1VFBtd2tGR0xPaHRCUmt0TnBPZVVFYTdNNWFoRW5iTFpnbjV2RFFuQ1JTN2p6ZERnODh4aXRORWJqY2QxVVI5NGZVVGtkc2Qwek9pZTdZT0hFOGZXWjNXckVaWW4zeDVVRlEtOEpldm51WC1qY2gwaWhiMzZn?oc=5,The Times of India,"Sat, 16 May 2026 07:00:00 GMT",2026-06-14T20:38:18.684749,online_drug_trafficking,True,False,candidate,https://timesofindia.indiatimes.com/city/guwahati/mizoram-cops-seize-narcotics-worth-10-crore-one-arrested/articleshow/131144007.cms
narcotics online Mizoram,"Mizoram seizes heroin worth Rs 3.3 crore in twin raids, five arrested - MSN",https://news.google.com/rss/articles/CBMiuAFBVV95cUxNWkpjWDI2T1dBNXFsNEVYaXU0aW5EMmEwWWVuaFVBNFhVazIyLW1heVVGQVZocDdLSG81TVVrU0xTVFhkV1VSNlRqV2ladlhacUJvYlkyZ2w2RkFtV3dtdW55MWszVUR1NG1QSEN1Ulh1WE1UTHlHMmNhQVZreUdVZGFjVS1hTDlNY2RmYW56cmF0al9abmhTRUNqZDRnUW92UDdvcjNqeU9Tc0RaWExZazRfalhNRE91?oc=5,MSN,"Wed, 03 Jun 2026 16:50:15 GMT",2026-06-14T20:38:18.684762,online_drug_trafficking,True,False,candidate,https://www.msn.com/en-in/news/India/mizoram-seizes-heroin-worth-rs-3-3-crore-in-twin-raids-five-arrested/ar-AA24JqWZ
narcotics online Mizoram,Mizoram drug deaths hit 20-yr high: 111 lives lost in 2025 - The Times of India,https://news.google.com/rss/articles/CBMizgFBVV95cUxOLTNEUVpydk9pdFRKMXpuYzNibVJWVWQwQ3Q5NG85djZHX3pPNXNYSmJlcjF6Y3JjNjcxMEpsY1RQNTVDUXllcDRkd3dZVkswQk11MjUwSlQ0T1RBNTdGZ2NaM0d1WDFzWjlQSkktNGU3cW1XR051UG92VkJ1ank3cVFUazVSN1djdm4yOURhSzBrOWpxUkdRa1JGTjgyZzkwXy1fWFluNUNEZ2tGbXJNVlR4MVVjNlc5RVhxZHNUcE9FbnNlTXpkdWJMbGZLQdIB0wFBVV95cUxQLTZGV0ZMV244YVN0bVJBT0hrZ0RmdTBhOFN1OW1FQmF0NWFVMlNNeVdZZHRDQ0pIM3BmWEhlSXZGMEI2RWJocEVDMkRvVEVRNVlhNjVCeEN2eng4VlpqYWZzYVNRVzE5UTQ4UExxbmhycV9sXzlwTTlILWNXbFhZMHhaSE5QS3V5MzFwSVhLTUszNWpOOEt3NEo1WTJKRFFYaXFEZS1Ea216UHZJTzk0NXM5ZTB0NWxiTzlGR0ZCT2dsSHhJZHFXYnVYOVVDeVpBcEYw?oc=5,The Times of India,"Fri, 26 Dec 2025 08:00:00 GMT",2026-06-14T20:38:18.684828,online_drug_trafficking,True,False,candidate,https://timesofindia.indiatimes.com/city/guwahati/mizoram-drug-deaths-hit-20-yr-high-111-lives-lost-in-2025/articleshow/126194166.cms
narcotics online Mizoram,Drug abuse claims 68 lives in 11 months in Mizoram - The Hindu,https://news.google.com/rss/articles/CBMivwFBVV95cUxNX1FCMTBnVHhQLV9Sa011S1ZRb0RMbVlNTjQ0QXFOM1Z3UVNtY2tiUEN0NFd5XzV5R2N5SE5hRDVBazFSNDQwRnNhSTdoZ2x1cS15b3Vvd2ZmNUpSTzlyUDl2Tm9QOXplanFidWZLdmo3cThWZVRHVURfRzFqamd5MDU1TzFNekZKV0V1cFVKZ19aZEVMMXVkaVlGMEQ1dVJST25KNkdXZUZ5VmNIN09nTDYxdU84bGlRYkZkbkRIZ9IBxgFBVV95cUxQazZQSFg2Y2xWQk1mSDhRVHNOekVCdXNVUzdDa0lnZDEtTkZRYlpPcHZPMVZiNU9nZFBabTBYLXotWXhKaDJDcWJyV1N3T2J5eGs1TENHdlZ4NGprcFZMeFdEXzZ1OE1WcUc0WFZTQ25YdmxIV2ZweW96ejhXR1dhQVNFRldNdVBUclNKN0FMajVqN05YVThBdERGdWx4RktqbjViS2pubjVUR2ZrcXdyeVhLaXBXcnpKQ1JETHVIN3R1aXp0b0E?oc=5,The Hindu,"Sat, 02 Dec 2023 08:00:00 GMT",2026-06-14T20:38:18.684852,online_drug_trafficking,True,False,candidate,https://www.thehindu.com/news/national/other-states/drug-abuse-claims-68-lives-in-11-months-in-mizoram/article67597637.ece
narcotics online Mizoram,"YMA launches ‘war against drugs’ in Mizoram, vows to make streets free of addicts - The Times of India",https://news.google.com/rss/articles/CBMi6gFBVV95cUxNYkhlakdJaTk1Nm5aSVlpTHhJX3NpaWhmYWVzTWRUWXV1Tmg5RzV6Y0lreFNCazJnSXhacVVwTkFHYjFQS05wVUlGaEY3TTRWdmhQbU1GZDgzSlBHUjRudmtTN0JBei14SHU3eTBzRUszY25oMUFOREFESy1oc2JaTHV4NUFaVXpPSE5ackpuQWxZZUpJVFFTOXdUSTE5SjBYSVBwTjNYYXIwVWs0eTVfZTlzdHJJM2ZHamRnZnJrQTd2TFplR19NZS1YSFYtSWlqUTNWV3JEREltYUtOMUZZU1AwMnlsTGRPR2fSAe8BQVVfeXFMT3FwazlkeWpONUVkeVpPM2w1Qkg0bWtuQkpLaV9ueDZ6S1lKTnJIQUVYZlFob2ZHUjVHN3JwV1lPWXYtRzEtbjlnSjVhQWdwMkFtYk44WEpRQWZIZG5TOERoS21PN0FCdDFXbkxJUFdvcm41QUdEdVV4VmhzalF2QjNRYXltWkljdV9TVUxNQW5scm1ZV0w2UVVQdUNVNXZ1QzFSblE0clNydWVPbU85di10R3hUMmY1OXJ1NE9vd2xMS3dGVVdpYkpLeW1DTk15cWV4ZkNrbERPYXRaOTltVTVfRWp1UWNMOGFmZXlHSzA?oc=5,The Times of India,"Thu, 11 Dec 2025 08:00:00 GMT",2026-06-14T20:38:18.684879,online_drug_trafficking,True,False,candidate,https://timesofindia.indiatimes.com/city/guwahati/yma-launches-war-against-drugs-in-mizoram-vows-to-make-streets-free-of-addicts/articleshow/125918483.cms
narcotics online Mizoram,Drugs worth 4.29cr destroyed in Mizoram - The Times of India,https://news.google.com/rss/articles/CBMitgFBVV95cUxQc18tT2JYZjNXY2s4TXkyT1hFWmUtWmFjZDVYaDVGTGJId0psWWVUR1FmVUxsTG5DWUtfZkw2MDNUWmFpYjAzejZQVU90eGxEeGFHWHBLcjRZVENMT09obkE5MGpDYUNtLXhpc2VaUXRNaGV3Zy1DWVpnSU5laTVPcmlZNVlGRzVmclpBeWhIaXlKTlp2OERwcVlfWFdFRWtSelZXYVVKclhZYXJXWUN5NWV3WjNEZ9IBuwFBVV95cUxQYklkdzFjSlNoYUszUS1LY0I5ZUItWVI1OWFxeTNZd1RIZEY0RVdlMnVGOUQ0c1ZpNFdpdnNIV2UxM2RWQ0VCbGhRRTdDcDM4QzNxVXFMZ0lucGtBd2FyOTIwSHpQc0RhSGM5ZmtscFh6YjlSelJXa3BXRHBlVV9rMXBNUGthTUlTRktSVGNZWUJTUnpudnRjQm0zUnprUE5XUkIyd0p4eFdGWXZpVlVKLTQ4N3I3Y0JiZzFz?oc=5,The Times of India,"Mon, 30 Jun 2025 07:00:00 GMT",2026-06-14T20:38:18.684959,online_drug_trafficking,True,False,candidate,https://timesofindia.indiatimes.com/city/guwahati/drugs-worth-4-29cr-destroyed-in-mizoram/articleshow/122166024.cms
narcotics online Mizoram,Mizoram cops arrest heroin seizure case ‘kingpin’ in New Delhi - The Times of India,https://news.google.com/rss/articles/CBMi0gFBVV95cUxOSnpTY1Q0WmtpMWVmUXFhZXVuaHB1SDJuY2tiZXRsb0ptQ3c2eWpYQzhQdzV4dTNZazU0d3c3dHBtUmZwT1FTZzhaMkZPcERCNGQzOWoxcWc1QkxVczZ2a1hGVERVOGJadmRpVDJwVDRmR1hlTGtpLWcxZVduSzRpbzdOVXFKWVNjZWNIR0JERWtwX2hIS1hKeHloU0VZaFNtYmVZY0NhR3NQRVpOdnpzUG1ad1FGenB3VnMwSnZ3VUMtUG94aFdFQjZlVDJtTm5uLVHSAdcBQVVfeXFMUENMOW53Z0RwczRHd2lrblo3TEU1c19yWElCcW56eHNSZ3M2RVFzVENZZXYyQm9vdlZnaGVNRFpweExnRlZxQW1DSzNEWDZKMFdLNmVNOGVmWjR2WktNOWFsRkdrTDhoNlRRMnR5akR2R1ZiU2xUSzREankxQmh0ZEV5a2d2M3dvZkN5dnJIblllWThRWjBlem9tQnpJVnpacnJIME52aU1FcHdEaXFWQjhlQU9GOUdDeDMyMGY2VkNMWjJ4NXRYeUtReE5IaUZzcnBYcXRQbWM?oc=5,The Times of India,"Fri, 07 Nov 2025 08:00:00 GMT",2026-06-14T20:38:18.684973,online_drug_trafficking,True,False,candidate,https://timesofindia.indiatimes.com/city/guwahati/mizoram-cops-arrest-heroin-seizure-case-kingpin-in-new-delhi/articleshow/125167299.cms
narcotics online Mizoram,Mizoram bears burden of drug trade after unrest in Manipur - The Hindu,https://news.google.com/rss/articles/CBMiygFBVV95cUxOVDN5YVR3ZTQyclQwbHM2LS0ySDNIMGJGeWhXVDVWa2xFcTFJaXBaMmI5cnhXbFNLZEdNQ09yRk0tVUFUYWUtQm1CNFpvZEM4eDJhSk9SNkFaWXVBUUU2QVo4Yk1sT1VNYXE4MDBJQ2ZuTERRcmxiWHhsdGdqT1F5dllWOUpSUUpzTE9Obk9wVFA0b1I1dzZyNFZpUktnX2hpWnRaX09ESUhGMVZTR2FNLS0wQjJhbzFVMWpXOTVoM3VJakp5S3Bka3Rn0gHQAUFVX3lxTE5IT0xzVXVZS0lIWm5COThXNUVwbjBEdUxjeEkwV1BSTE5FMnJRYnBPZnFEdldtdnoxMmZ2a1dwczAwcG9pZEJVN2FaYXJMOFZNY3RRNmV2UDAxVndWdVhjZkh2X0V3SU5CY1ZZMVZGY1NhX2RWRkNvQzdMdHg4Wm4yVS1ZWmFsUHZySFJkRlJBVkdRemNNMFNucEQxQlpxSWktRzNyODNRR0Izc0JQb0NldTNpUkoxMmlTS21Wa0ZoMTdzd1ViZ2h4aHNvc0twQmI?oc=5,The Hindu,"Sun, 18 Jun 2023 07:00:00 GMT",2026-06-14T20:38:18.684987,online_drug_trafficking,True,False,candidate,https://www.thehindu.com/news/national/other-states/mizoram-bears-burden-of-drug-trade-after-unrest-in-manipur/article66982542.ece
narcotics online Mizoram,Porous border turns Mizoram into hotspot for drug and wildlife smuggling - Hub News,https://news.google.com/rss/articles/CBMimwFBVV95cUxOMFBfVFpHNmtHRk9jR0FFQXRHTjQtdkdycGUzZ2QyT2NWcHdlZmt6UENTQ19Lck84VzNoOVNTamNDMTZZNmFlWm5PQnhYRDVFYVNodVNpQkkzRmNQelYtbThrQUQxcWVFVzF1eVE1RVpoLWV6R0VOTlo1SkhqZDZoMlR4MXhRdWxPRWFaZGtPdEdhcWJLSEcxOEk1UQ?oc=5,Hub News,"Mon, 18 Aug 2025 07:00:00 GMT",2026-06-14T20:38:18.685001,online_drug_trafficking,True,False,candidate,https://hubnetwork.in/porous-border-turns-mizoram-into-hotspot-for-drug-and-wildlife-smuggling/
narcotics online Mizoram,"Mizoram cops seize contraband worth Rs 49 lakh, 2 Myanmar nationals arrested - The Times of India",https://news.google.com/rss/articles/CBMi5gFBVV95cUxNeFF3dHA2MGstYWlxeUpSblZlSUY5Q1VlR095b05WdEhrazhKNl80QTBabm5FUG5fcTdkZGpwWng5b0xpbTRORnFvMVBIRXEyOExjd2NMN2FlV3BWbmgyMEFGV0RFWkwwUnNMOU1rVHpKMDRHYUJ4TFNCYWo4VS1ReDBWTXdIQ1VUMXRHZXpMM3hPV3pjNFVhRHdLbnlyeGxSOElRU25Wa3ZGV3Rfd3hIeTY3cVQxd21JQzFnYTFDcmZpWm53VEZTcHpCSmg1QVcxMXRYenJjUGR5UVlkTDBYSTVsbHNDQdIB6wFBVV95cUxQWWpKbjlLZjVrVTBTTFgwcThzYkg3czdkbVlPVVhKYVpTeUp4dE1sUXF2Q082MGhNdld1RmdmUGwyMnRGeWRWSU9OV29IX0xQUk15Tkg4dVJNaTJmZUpGVVp4alNTY3dRT1dIanN6VjJnU3g5ZWwweEJ3alozRjF5U21kMkNGSHMtbloyRVBYcS1WZ0hmX2dSM3g0bjVNaHhleGpEdFAzVWZINDR4WEtRVHo3aS16aVRqY3hlaklCR2s0UFN5cV9BV0M4RXpkS2RBQVFwVVg4TDNBVVVKeXhuMmNYQ2RjT0VvdC1z?oc=5,The Times of India,"Sun, 12 Oct 2025 07:00:00 GMT",2026-06-14T20:38:18.685043,online_drug_trafficking,True,False,candidate,https://timesofindia.indiatimes.com/city/guwahati/mizoram-cops-seize-contraband-worth-rs-49-lakh-2-myanmar-nationals-arrested/articleshow/124508523.cms
narcotics online Mizoram,Mizoram: Assam Rifles with Excise and Narcotics Department seize Heroin worth Rs 15 lakhs - ANI News,https://news.google.com/rss/articles/CBMi5wFBVV95cUxNMElSeS1GeXowSWVOVy0tcm5yTHRKblN0cGtDaU9xaGlKQ3ZCQ29ibkkzSFhfXzZ3ZkYtUVd3Y085X21qdlFQS01iVnNDSzllRlpJbUdmRUhwZnd2LTlDVjlBd2hZbW9MdHdjRXpmTGVMQXNNMjhSbG14NXpndFg5THRHZnB1SERhX1FLZ0RMVjROaF9zNFVGTUxGUE9Iak5SelJkaTN2bU1PRmNsa2E0b25Za3JuVTdnc0pCQVhzaS1GbnI1M2E5VVRqWXY1OHFuRWk1bjRvSm1yRHk1bXpzUmFQdXdWNmc?oc=5,ANI News,"Tue, 03 Dec 2024 08:00:00 GMT",2026-06-14T20:38:18.685087,online_drug_trafficking,True,False,candidate,https://www.aninews.in/news/national/general-news/mizoram-assam-rifles-with-excise-and-narcotics-department-seize-heroin-worth-rs-15-lakhs20241203224650/
narcotics online Mizoram,"Over 500 grams of heroin seized in Mizoram, five arrested - The Times of India",https://news.google.com/rss/articles/CBMizAFBVV95cUxNd1NvN1NvOEFwNkY4dkJ5a3p3OHRUTWRGb2JiVDl6czVzRjRYNWczN1Q0UHhEZFR4TlZRWmNlVmlueFh5MnFfVnFNaEt3dW5mZ3pPb0Zpdk5zdS1YWnp6VnFDTk5tX2sydC13Wmk3V2hpeFp5cjJfZGM3TW1hQVE4ZGsweTJjeU82cTdKSHFhTWZHa1ZZTUlnSGJZZGFUclFZMUhEQl9hS3hIb3VKUTkxRmdaWDFfZDZoelltUUZPMURueWJGRGo3M01sSTDSAdIBQVVfeXFMTlpka0lwWEtYUl9JZmNhaklwNjIya1BQQkxDNlVpYkdrdEZpRjlXbi1KZlpCbVhybjA3OVBZdG41Skw3U2c5aWVNUjJJTGI0Y2FkMXd6b29za1E3TlJUdlB1QWR1dzJReFFuSFRmYkQ2VlZsQUJhNUdacVhCRFJVM3VPSjlRZ1dIRVFCazBTcEMwZ2w0Y2lZMEJJNWFtdXg3MG5qZDk1Q2NEaTZBd0RsOHMzVVBRcmgtemxRSElyeTNtWmhzZFRUUkZsZ0pZMkc0cEJB?oc=5,The Times of India,"Thu, 19 Feb 2026 08:00:00 GMT",2026-06-14T20:38:18.685155,online_drug_trafficking,True,False,candidate,https://timesofindia.indiatimes.com/city/guwahati/over-500-grams-of-heroin-seized-in-mizoram-five-arrested/articleshow/128568612.cms
narcotics online Mizoram,"Assam Rifles, Anti Narcotics Squad Mizoram recovers Heroin worth Rs 42 lakhs, 1 held - ANI News",https://news.google.com/rss/articles/CBMi3wFBVV95cUxPbldoQkNUSG1UcW9tS0FpTjE1TTlJOENfaXJvRF8wMC0wVzdTZ200ekViYmUxNUFudXpYaGc3cS15Tk92Zzg0MTBJMmRBRzRZT0hLRlhWTjFRR1BHWXBkSFc3alJhOWV0ZXZNaUhyZVNpWGlFZ3JwVlJYWnM5TkZ6cTZUNnZYcDVXRGtmdmpvUnZWcTcxSFVfOFBqcjBkSHY0Yk9EVFdOU2xMcmxXNENOam9OaEF0dXM5YXBaS05BRHZfZTVkcURWNDlyaUJpN2JBa0h2OFJVYzYzWVBMU0Nz?oc=5,ANI News,"Tue, 20 Feb 2024 08:00:00 GMT",2026-06-14T20:38:18.685167,online_drug_trafficking,True,False,candidate,https://www.aninews.in/news/national/general-news/assam-rifles-anti-narcotics-squad-mizoram-recovers-heroin-worth-rs-42-lakhs-1-held20240220114530/
narcotics online Mizoram,Mizoram: Drugs worth over Rs 54 crore seized in Champhai district - India Today NE,https://news.google.com/rss/articles/CBMiwgFBVV95cUxNN21ZRHRLNWxXWmFnX2xGR21hUG9ZbFp6NVhVQmRka2o1bTE2ZXozR1Q5RTNESEljWWpiTTJVcENoWlRVTHVmYTNfVDNKSFVGNTIzTllHUnNudnJVdUVWeUFTYlUwWXhldnJjODROS09Ba21lSGtCUjcwZEQya1c0RW1mazEtRVFyeUx2ZUVrajJkZzNHaTlobUdKSXVrMldyVmJ1TnhBeVRrVUZaS1hDSVE2LWFTZDhPVlJULWtGemFYd9IBxwFBVV95cUxQSmEzQndlTlN4TlBDUXFEQXhEaEJOalYtNHB3THFxYUVNYXJkSC1JTkVyRE5fd2lONGRYRXJaTnBCejBiQ3dHSDZ4NllYX2VNaTZ4dlpDZzZTbDlYM0tfUy1mVGxoXzktZHBtbTFQRTBVUkdFVWpvalBDcnoxWEpOV1pOSzZNUC1OdEwwakRBQk50ZldDRzFPV29WallGVFdtMndmMFYwNE5sN2loMzdwMHZjUk5MeklGY040ZWNVY2x5ckpJNVM4?oc=5,India Today NE,"Wed, 26 Jul 2023 07:00:00 GMT",2026-06-14T20:38:18.685203,online_drug_trafficking,True,False,candidate,https://www.indiatodayne.in/mizoram/story/mizoram-drugs-worth-over-rs-54-crore-seized-in-champhai-district-621182-2023-07-26
narcotics online Mizoram,Mizoram Intensifies Crackdown on Illegal Immigrants and Non-Tribals without ILP - Ukhrul Times,https://news.google.com/rss/articles/CBMipwFBVV95cUxQWTdTSUMyMWZKTDZFWW9KMC00T2hmd0x5UkxmZVY1WjZQSnMxQXBlcWFtblM5YmNtNlhVSDl4UXdEaDlBYy1rS0VfdFRIYjZpeFFMRDFUZmlyQ0pBMWNicWdBRmdVZ0FHMUZYUU94QmN5Y2JHd0hyWUE2Sl9JVFR6M2tzSHVVbTZSQS1SamZuYk5haVY4Z0RFdlYxWnNsZUR6UWRVamdOZw?oc=5,Ukhrul Times,"Sun, 26 Oct 2025 11:17:56 GMT",2026-06-14T20:38:18.685227,online_drug_trafficking,True,False,candidate,https://ukhrultimes.com/mizoram-intensifies-crackdown-on-illegal-immigrants-and-non-tribals-without-ilp/
narcotics online Mizoram,Mizoram Excise and Narcotics minister resigns - Nagaland Tribune,https://news.google.com/rss/articles/CBMifkFVX3lxTE5NaFI2bFA3dFZMb0pwbS05WHYzVUlaakRQT1ZuWkJHSlNNQVZORGpUWG9XN0w0T0V0SVdsTERCYllQQ00zc1haZF85VHBmZ3pVX1NrenBCM2dLSnByaWRwdzZpN2hfUXV4UXNUTHVBQkdKdWRvYXp1dlBCVGtpdw?oc=5,Nagaland Tribune,"Tue, 13 Dec 2022 08:00:00 GMT",2026-06-14T20:38:18.685240,online_drug_trafficking,True,False,candidate,https://nagalandtribune.in/mizoram-excise-and-narcotics-minister-resigns/
narcotics online Mizoram,"Heroin worth Rs 5 lakh seized in Mizoram, Myanmar national held - The New Indian Express",https://news.google.com/rss/articles/CBMixAFBVV95cUxNZ09UODhGaERWRS12UU90Q1YtSzBhNy1wd1k1LWQzMGQwVzJ0ZXRYTks0ZHdQdm1ubzNNUlFFU0N2amtWN1Y1SHJQMjFSbmtBZV9TVndtNGw5LVpHdzhtUEJLZlAtM1hVMmpEMnpiTDM0cWhQX0pLVXRDYWFkSUFpTF9CczlibDZUTG04RXQ0dEN4TWFybmpIa1dEVHQ5MGpiaFF1ZFVqM3dDZGZEcXZBazdqeVlIVS1ZOVVlYmI2Qm1LeXgz0gHSAUFVX3lxTE4yMlZZeXA5TE5uSzRTaFg0RFhCV3BSWWNoTWNVQUNqTG1zcVdrUldjMmZOSmNmSE85YlZKTHBnZU1tQUItRnV2SHBkWndkYW5vVWNNREp5OVhJVU5JTWZCUENkTW83ZXpBVExrS0dJLVVIV1BjZHNVZGhiU1lLXzBvRk92SlUxWVJHdlAtb1h0OERWbWVFN1dPQWVwelN2OXNOYUZETXRwX0wxeDFUM3BadTBEREdKT3FRMGp4cmJabjJRVTRwUllSRTVtN3pFQ0dFdw?oc=5,The New Indian Express,"Sun, 16 Oct 2022 07:00:00 GMT",2026-06-14T20:38:18.685252,online_drug_trafficking,True,False,candidate,https://www.newindianexpress.com/india/2022/Oct/16/heroin-worth-rs-5-lakh-seized-in-mizoram-myanmar-national-held-2508848.html
narcotics online Mizoram,"Mizoram: Contraband drugs worth Rs 19.50 crores seized in Aizawl, one held - ANI News",https://news.google.com/rss/articles/CBMi0AFBVV95cUxObGhMUlNpRVBWeHR0NXVjNUJ1TmluSHBDQkNCSUlwRWtNcnlteUtvZ0hsYW1fdW1SR3E2eGh1ZmxURXpjZ1dOWmlNSlJpcEZuNVBuRXh0ckJyNk1nNEJIOXZObUpzb0RSX2NtRGFHdndZQUFjR0dwZmFYZ052YVgyUkI1MG1WR3JncGQ5cTRxX2xzQUhpQ050YXZUUUZOdE54bmxTODlpRk9GQTI4dTU4QklyMWtPWlRHWXFOM1FOOTVvQm1rZ3dwWkhOUi1uS2Rk?oc=5,ANI News,"Tue, 23 May 2023 07:00:00 GMT",2026-06-14T20:38:18.685265,online_drug_trafficking,True,False,candidate,https://www.aninews.in/news/national/general-news/mizoram-contraband-drugs-worth-rs-1950-crores-seized-in-aizawl-one-held20230523182005/
narcotics online Mizoram,Drug abuse claimed 65 lives in Mizoram in 2017 - The New Indian Express,https://news.google.com/rss/articles/CBMirwFBVV95cUxNenpkMTNKWWc5N2JBcHowdWNzVmxuN0Vfc2ltdjdSZFFmRWtCLVFYekZ4R2RVWlNESFFSdE0yelYtQXdaQkkzUml1YkFoRXpYaENoNERXUXVLLXo3X1pDaGl6SGNoX3FEeU9waS1uZ0E2Z2JxdkpOQy1iUkdMSk1PS05oWDJYWTVBVjlWak5uc1NtZENCalVXSDhGdUJZNzgwdEtwM3lYTkRYbGR1dHJR0gG8AUFVX3lxTE1NU041YlJBUEVvQml3OGN5bEpqRUtGc0tGMHljYkRKT3FDZERnaG52cVhGLXBHUkNleWFOdEVxRWNZVmtabDh6by16RzZ4QUFabFEzR1h2OVBodm1RSVg1Z3Y0LVEtWENXbzVfZFplZURUcDNEZGtKVElaRGYwUW9IRE14STNwcldiQ0Exel9YSGlGbTFDa3VLUVgtRjlCQndOMXpEcWVqdGQyaENLR2JlMkl0VF8wSTd5TkpT?oc=5,The New Indian Express,"Fri, 12 Jan 2018 08:00:00 GMT",2026-06-14T20:38:18.685341,online_drug_trafficking,True,False,candidate,https://www.newindianexpress.com/india/2018/Jan/12/drug-abuse-claimed-65-lives-in-mizoram-in-2017-1751682.html
narcotics online Mizoram,Heroin worth Rs. 7 lakhs seized from Burmese in Mizoram - Burma News International,https://news.google.com/rss/articles/CBMitgFBVV95cUxOQko0RzFIRUNsZkNEVVhYbXlqQXRmS0hnMWZoUVVvcHlTQXd4akZmak9Ebmo3em4tTVdWaTIyVDNndks0U1ZjZk9FNzRuSUx4TXdTSl9Sc041dGtKY0ZBVmN2d2dOcjVqOXNmeWlMREF1V1YtcEFaQmlPZmRZY2UtZmZBYTF6SnozZjZBTWgtdjJnZWk0QjJ4eThkLXVmWFd6dldBcS1ZX01qNjU5WU5kUUlGS2IyQQ?oc=5,Burma News International,"Mon, 09 Aug 2010 07:00:00 GMT",2026-06-14T20:38:18.685374,online_drug_trafficking,True,False,candidate,https://www.bnionline.net/en/khonumthung-news/item/9116-heroin-worth-rs-7-lakhs-seized-from-burmese-in-mizoram.html
narcotics online Mizoram,Mizoram: MCDA warns online pharmacies could enable access to addictive drugs - Dailyhunt,https://news.google.com/rss/articles/CBMi-gFBVV95cUxNODczdExwQ3BGSVN6MHpTdVF3djdLeHdNWFFaU0FFYm1vN0psU0U2U05WVFlmQ3REakRvTmZYcXRzV3FGQjhFbUFjU2p5bjdOX3V6ZUFTN3NOYmw4Z0hFWE1KX2dvamdjSHdfQVpQd2h2VEtzZUxiTHFOUjU0Yll4WTV2YUVyTUt6N2pCSGdneWprRWRPWTBXajRsQlJzU20tUG1TMHhRQ1JkYUl3WGktVk9XSlpHdW9lUUwyZ1dDV2JZejZweVE1ZVZSaTlUTTZydEVrTkZNNm9TV2RCdVVpV3NfajV2eDJVNklFWGxCNDdFZEVFZzhrSlR3?oc=5,Dailyhunt,"Wed, 20 May 2026 17:32:55 GMT",2026-06-14T20:38:18.685422,online_drug_trafficking,True,False,candidate,https://m.dailyhunt.in/news/india/english/north+east+now-epaper-norteast/mizoram+mcda+warns+online+pharmacies+could+enable+access+to+addictive+drugs-newsid-n712904891
narcotics online Mizoram,Mizoram PSC Recruitment 2026 - Apply Online for Inspector of Excise & Narcotics / State Tax Officer Posts - FreeJobAlert.Com,https://news.google.com/rss/articles/CBMi4gFBVV95cUxNYXRWMUlTLURJdVdwMzhzdTVMNWVjN2Y0ZWp5Z3g1dmd0SDIzLXY5dXdjSXgwYWpSSDdpQ3F3REg4RWh2QXZDZ2NhQTNoWm9zVjMzb0RHLTNmdXhEZDA0cHV4R2dHaE1EUlVnSVc1TGhNdHFDV2pkVmNZU0IxZTFiTXJpWlg2WFg0QmY2QzBNN0ZsaGFteG5sME1zcUh1b3E3V1Z1bE94bXFHd1B0OUNYT3pFOFFfcm40WE9salhpUDNYSGhZcTJxNm8zTFZzUmZFMFZxcGw4M3c5VF9zcE9uN2lB?oc=5,FreeJobAlert.Com,"Fri, 15 May 2026 07:00:00 GMT",2026-06-14T20:38:18.685434,online_drug_trafficking,True,False,candidate,https://www.freejobalert.com/articles/mizoram-psc-recruitment-2026-apply-online-for-07-inspector-of-excise-narcotics-state-tax-officer-posts-3049361
narcotics online Mizoram,Mizoram PSC UDC Recruitment 2026 Notification Out - Apply Online for 61 Posts - FreeJobAlert.Com,https://news.google.com/rss/articles/CBMipwFBVV95cUxObDFfVG14WFJwcUxNYm9jTlNKRndob3NkLWk4eFdYZmVjNFNoU3hLcGEwNlFKWXVBZWxPcVJFcXJ3SERqamxQaXFBWUwzVlZTWjVzeFFKeFNvYVdrSzE1RHMzWW51dkhBb0xoVFdSNDF6V0JqYzZXTjlqSTdCN3BXb1JZMnlINXRSR29UNDU4WWNTTXpfMlBDbS1GaTIwWXVCZzFtSnk0WQ?oc=5,FreeJobAlert.Com,"Thu, 30 Apr 2026 07:00:00 GMT",2026-06-14T20:38:18.685481,online_drug_trafficking,True,False,candidate,https://www.freejobalert.com/articles/mizoram-psc-udc-recruitment-2026-apply-online-for-61-posts-3047424
stolen card Mizoram,How to Get a Duplicate RC in Mizoram: A Complete Guide - ACKO Drive,https://news.google.com/rss/articles/CBMiX0FVX3lxTFBnZ0FWU0RWZGd2bHh5d2dQaE00SUhYZEtfdXpfdjE4YzEyam1kdDU5Rm5aaFg2Nk9NRElIRk5wTTllejRqWnljLVJWcXBJUmh4NDdHaS1rNnhpQl9BbUMw?oc=5,ACKO Drive,"Wed, 02 Jul 2025 07:00:00 GMT",2026-06-14T20:38:30.911489,debit_credit_card_fraud,True,False,candidate,https://ackodrive.com/rto/duplicate-rc-in-mizoram/
atm card fraud Mizoram,Kummanam Rajasekharan to take oath as Mizoram governor on Tuesday - The Times of India,https://news.google.com/rss/articles/CBMi5AFBVV95cUxOWUJnTmZ2bTRRSHk4VER1RGM0aWdhVUNFUm45dEk4ZERLR1pKb3UtSzYzb3R4NmF4ZDZrYzAyZENOQkQtWW9MYW9kMmhFeGJZWmRVZmVQMUVlQk96Q05rMmpLQlFZcG9aUm5SSzFlWjJjaTVKWWNabm4tSTNlUXFZNW04TzdGNGZPcWwyYWtIYmk5eW9vZUk0TnRLY2h1ZkVYNU45RVZpejdNZ0h5M3NRVzhJVUNwMmxTZjh4Z3otMEhQbk0xVXpCYmdZbmJ0U1JSWW9Uc2d3ai1JYk11dzZOWjl4WEc?oc=5,The Times of India,"Mon, 28 May 2018 07:00:00 GMT",2026-06-14T20:38:38.283206,debit_credit_card_fraud,True,False,candidate,https://timesofindia.indiatimes.com/city/thiruvananthapuram/kummanam-rajasekharan-to-take-oath-as-mizoram-governor-on-tuesday/articleshow/64354167.cms
fake survey Mizoram,Mizoram MP Advocates for Enhanced Rail Connectivity from Sairang to Major Cities - The Times of India,https://news.google.com/rss/articles/CBMi7AFBVV95cUxQLVFobHhPUWFlMDJ0Zkl0SzJYemp5LXQzcUotQ01tZnJOeXZaT2xFSlpnc2VkNzJ6TU1nWDVyeldncTczZDRuSWtaTlR6MjdvcGx3QzNFRzMyWnVGQjItSzRVck1hdUIyeGN3STZ5OXlqeU1XSGZ3YVkyemdvb0pHNjc1c1JZVnEyVldLLWdwR0pZWUdDZW1KZzAzT3NXVnU3T3pYVjdFeVNsQUd2am9acE9TQWsyc1dmcUx4el9Xd29KdHhqaW1VendKS0NnVUVNMk5qLXBjTzdteTR1emNNaGR4eXNLMWNiRzFCdNIB8gFBVV95cUxNdWt3WHN5eUZnZGJzMU5leTAybVFFem9DRXAyUE1iekpYTFdXdHlYQllKOFpaOHBSXzhNU2JGWW9NRTlxMDhnTmdSU0VYZmRsTG1MWDE4bEdpWFllbGdNdkV5aVZlOWFJSTc2Qkg2SkVMdFBFQUtrWjRRNjU1WGNXNnVyMmVtT1A1Zmc5RXptalJPazc5OHdSbS10b21XbTBnOHVneVlJc2szSHM4SXlCTFVsMlk3cmgzQ2J5OWhTVTY3Y09OcVJLSV9NVVdlMXg5V05TWlM3cmZjc0pYb1kwdUFiYnF2RTV2eWl0VFRzM2EyUQ?oc=5,The Times of India,"Wed, 17 Sep 2025 07:00:00 GMT",2026-06-14T20:38:41.740248,online_survey_fraud,True,False,candidate,https://timesofindia.indiatimes.com/city/guwahati/mizoram-mp-advocates-for-enhanced-rail-connectivity-from-sairang-to-major-cities/articleshow/123922943.cms
fake survey Mizoram,New hemiparasite plant species named after Lushai tribe of Mizoram - EastMojo,https://news.google.com/rss/articles/CBMiqwFBVV95cUxQZnNTd2hJQS1fQUF5OUljWHlPRmlLYXhEcVhXbzdfcDhaaUwtQXEtNld3UndGVFhfdG5ISU16cUpWMmIxNjQ1ekI3dl9URFhHVGNkQWJ2OXpCa3p6MkVUdDFSTjc0bEdDdmRhYmN6RlhDcUJrWVBtamhfU29SdlFOTDkwNHl3VTJhVlZhLVJzMHJNN0htMDI2ajFHNmJHSlpZVXM2ekQtb215U00?oc=5,EastMojo,"Sat, 18 May 2024 07:00:00 GMT",2026-06-14T20:38:41.740347,online_survey_fraud,True,False,candidate,https://eastmojo.com/mizoram/2024/05/18/new-hemiparasite-plant-species-named-after-lushai-tribe-of-mizoram/
survey scam Mizoram,New snake species discovered in Mizoram forests - India Today NE,https://news.google.com/rss/articles/CBMirAFBVV95cUxPcTFGWkR5Z0dua1NwZlFveC1tRjZ1VS1EQ1lNY2owcnFQS3RGNXRvRmtaamt4MkoxaFBuNzJMYWRWTFVJU1ZGamJXeDB2MFR5Q3VmaGlmaXhGekhSeFNmR3hzOUJUWlIzVGVKM1doWEg4NDduLVNGcVRab0M2Z1ZBbmlrRUlMUktFQ3lzZHNuSUtLcmZ6V1VpaFcxRnZtMDFaaGVCV1FCTmtWeVcw0gGyAUFVX3lxTE1mU0hJLVBVc09KUnhTUjk5YjFqS0ZJeTJkcXZSU1l5bEEteGRvYUtpaEdFTHdhMkN5S3VRanlzWG9fRHJFX2RNRDFLclpTbGotTXBJRklQU3ZSMnoycjdjYUdzV1lRSm92VndrS1V0RUY1VzFaUHBFZWd0YTBqaWwtSVJsZkRCZlhFZnA3MllxVnVxZ0QtSEgyMW4wVVpjWnZFczZJRlZURXgzMWRRWW1fVkE?oc=5,India Today NE,"Wed, 06 Aug 2025 07:00:00 GMT",2026-06-14T20:38:43.591570,online_survey_fraud,True,False,candidate,https://www.indiatodayne.in/mizoram/story/new-snake-species-discovered-in-mizoram-forests-1256885-2025-08-06
survey scam Mizoram,Mizoram government pushes for tobacco-free schools as youth usage remains highest in India - The Times of India,https://news.google.com/rss/articles/CBMi-wFBVV95cUxPOExMVDJLbHFSajlfX1Fwb1JOZXBMSlRLeFNnZ1Q0SnJ6eXNZQks4TFQyTlRrYlVxVWJycldHUEdTWS1fOENjNGR0MUxSLUNEYmlQdmIxaWpEcm9GOWZRSndjV21hR3RBY01reE1vM2UxS3llM05UanRKUGx0Vnk4dlVCQ1lNRVZ0RjFjT1YwMDBNTXYwNUdrVTAyV19sN3VtLWJ0WjlReG1KbWRRWnVtaHdwMFlKRnNvVGtqZi1fNGgwMFRkVGNlOFVzTHhWRnlVbnB3WHFfS21VQWtPcWRJUy15LVAyMTNfVU9NemVsRmpoTk8wb05vU2hQSdIBgAJBVV95cUxNZGhjUlVjTkdhVXZPZjZpTGxXcnNVdV9acnVtQ2xWREtvekdlaS1GVGZ3cENfMjlXZWxJcmVjVlFYTUV4YU1jbWtzRi1Rakp1UU5Yb0szWWRwZ0hvUVV4RWxvLXRPbHNpMUZVTDVFeURjV1JuZC1vWnpCTTVxVVJJeThyVUd5U1dweWJNVXdxUWpHSWdlY1ZpcnA2Y1lmWV90enFjbm5wQ1RmS0xfZEdQbVBVTW1Ic3VscDVMSXFMNUp4OENaSU1DVDdNcUx3VmREV1JDV2dzRnU2bUpOMExBSnJDaEM2X0VMbmFqTWNhbHRrNzZEeEpkMWgtR1NhZ01C?oc=5,The Times of India,"Sat, 01 Nov 2025 07:00:00 GMT",2026-06-14T20:38:43.591606,online_survey_fraud,True,False,candidate,https://timesofindia.indiatimes.com/education/news/mizoram-government-pushes-for-tobacco-free-schools-as-youth-usage-remains-highest-in-india/articleshow/125016593.cms
cloned website Mizoram,Mizoram govt to relocate Hari Mandir to Loch House site - The Times of India,https://news.google.com/rss/articles/CBMiywFBVV95cUxQZFZjZlUxak51MkczdkVrb3pNQjc4OUdPY01qdTVndWkzWHYwWWlGeTh3dk9VVlNVUDd2OU5UMGRaNk5rU0MwazVyaGl3ZUNIeUFNbnp4bkhJU2xsVFN6VTRtU0ZoZHJUYzZDMW1SMFJQdU9fX2hXWWJpV1NkelFkejBWRDByNzJYQjhwcEtQY3NVNjY4ekZIeEdoSUoyY0pBUmxVSWtSUnVXTXZWTllqYWdya2dISzhnVDRrT1ZkLVBPQkd5R3owV280Y9IB0AFBVV95cUxPX1FPbFd1bGt1REtITC1CT1psTG9vQXhrODRMNUdFSHFDVGRWaFpTQTg5eENMUk9tOWlMem13VzZUeVBvZFJkX2phUE55VWRqc2tneWg5NEo2cmFSMjF2SWtEU3gzNzEyUmtkMkNHYThvWWVKeFhfcGh3Z0FxRGVjekl0NWo1Smx2S0FHbHRUWGs2UjF0UENTanVJZlZjSFE4V0NYMFd1VDU5Ymxmb2RueHJETVVqbnZWNlNLSmQ2em1NTFVlbHhyRk04ZTJTOXJR?oc=5,The Times of India,"Wed, 11 Feb 2026 08:00:00 GMT",2026-06-14T20:38:48.682977,cloned_websites,True,False,candidate,https://timesofindia.indiatimes.com/city/guwahati/mizoram-govt-to-relocate-hari-mandir-to-loch-house-site/articleshow/128218281.cms
suspicious marketplace Mizoram,Mizoram Police seizes drugs worth over Rs 10 crore in two operations - India's News.Net,https://news.google.com/rss/articles/CBMirwFBVV95cUxPWElQRGRPWDJYVk1PSng4bGM3MnpjcURCSXEwX1RkSFZza0RESDN0bFVSVEtCNlR1MTRoV0dGZkI0MWlxMWpWeVo3bEIwcF9PTWhLWjBmaGdoRkhXU2dCR0k3Mmxnd2V1N2NlbFFTYTJVeEZUUTRKYUJqTF9ONVpSbDNvU3ZkOGctYzFxMWwtaVZfazNMUVNKNkZ3cVZzcXY3aUVDMmNScEgtcFRjWVRJ?oc=5,India's News.Net,"Sat, 16 May 2026 17:31:00 GMT",2026-06-14T20:38:54.183579,cloned_websites,True,False,candidate,https://www.indiasnews.net/news/279055179/mizoram-police-seizes-drugs-worth-over-rs-10-crore-in-two-operations
fraudulent website Mizoram,"Timely investigation thwarted major ginger subsidy scam in Mizoram, says minister | India News - Hindustan Times",https://news.google.com/rss/articles/CBMi2wFBVV95cUxNSGN4UFA2eWhoSWlmRXFaQXlKSW9iYkQtQnBmaVlGeVg1Y3BySHJJNU1IQ1lqS2lESW9DbzVQVWhTMlIxcnYwR3J5dnpPRi14UlZPenJwV1FVY3pEYnJocUExTG5pRk1UelBWVXNST1BIV0xUWEVYSTFKSW1ZWEFDRFRjY1kwUl9Kc2tpTDh5RXZIQVJfUVdtRVNpQVZoZFZlWWlyMXFoTnpGbHdlSVQ2UnhrOE1oSE0taTltVTJRMXJZeHQyZVRHRmVPV3ZUREp1UHowOFdkLXVpVWPSAeABQVVfeXFMTlFweTVwSWVzYzRqeEpqUTd4NEZ1MzF1eXJWdW5td0wtV1p1Y0QtRkg2U3ZrU1RxZk5SQkpIR3lPTjM1X0ltOTd1bVF4OG96dXJGX2hiN3BaYV9Td3U4RWQ0YlpfZmluM2pacWtTaEhEZmpKbVREQWJVTDF0MzlDYU4wcGJMWEZKYzNpcjhwVkxyWHJoT3U1QUhHb293NmNmd0h6QTFWekM5eTNILVRoTW15dGpiTmZDTmsxMkZaVUpoVFYxMTJSNWhqSnB5N0tqLXBMTlNKbDZiQjNoLXo2N0w?oc=5,Hindustan Times,"Wed, 18 Feb 2026 08:00:00 GMT",2026-06-14T20:39:01.215672,cloned_websites,True,False,candidate,https://www.hindustantimes.com/india-news/timely-investigation-thwarted-major-ginger-subsidy-scam-in-mizoram-says-minister-101771413386246.html
fraudulent website Mizoram,Forged Rs 10cr Mizoram govt cheque lands in Bengaluru bank - The Times of India,https://news.google.com/rss/articles/CBMizwFBVV95cUxOc2I3OGRCbnBQWGV5LTZGMDk5ZGRjSVUyN1NoRkplTkt6SlMwVUNpUWw4Vks4VEx6T2pGRE1LQW14b1JnQ2dJZzJ1WFNHUkt2Qk1Udm5mRnpIYVBmN2RUM2I3b0gzaE1RS1lpSzJqWE1WU2M3U3JYbDZQdW16QjB4ZVdWUk02ZVNOWmJocjlPME94WUlyQ2ktTUMwdV9TOEQ3N3plWk1PVVZMb3N5SnI3VE5TcUFJaDVST2EtV3lSZmE1Wl9hYWRNLVdCamN0TEHSAdQBQVVfeXFMTWx6M09DT01PSzN4Wnl4aFRYdFp5RjVSRW5mSjV2RlBXdU1ST2s4aV9jTUNfaHNzRmN4UGJRMG4wVXhpbG01dFA2amkxQzcxWWJWcHI5aEZCRGRDMEpWNXFYMERmQ0lBeThOTjdETllVSFhrV3FnT1NpM1BLU3Y4aGpaOUJQTnFwUVJoRWcyYWZhNkZwQjBRbUdYVERJdllNYmUtM0ZUcDNPcktVN0tNRzJzWVBmUDhLWFU3WnJNYzVscWxqSmd0NjZjX2tfRXhPX1hYVjc?oc=5,The Times of India,"Wed, 11 Mar 2020 07:00:00 GMT",2026-06-14T20:39:01.215866,cloned_websites,True,False,candidate,https://timesofindia.indiatimes.com/city/bengaluru/forged-rs-10cr-mizoram-govt-cheque-lands-in-bengaluru-bank/articleshow/74569702.cms
child pornography Mizoram,Queer love in Mizoram under the shadow of the church - The Caravan,https://news.google.com/rss/articles/CBMigAFBVV95cUxNM1JFdlpnQWQ2NGU0SE1BMFRJV09ZUFlMWUt6c2JsNlM5MDZqbHFKckZaOEtrVTNONkxoRlAxTFBSNXNQUko0NmZ4UUp1Q2UxRHpFNEpROFVlZnhuVDRnMTB1WTBWYmRlSW12eUswNm5VWm9IRmhqQVJsZ3o1U0QyVA?oc=5,The Caravan,"Sat, 31 Mar 2018 07:00:00 GMT",2026-06-14T20:39:24.005501,child_exploitation,True,False,candidate,https://hindi.caravanmagazine.in/reportage/queer-love-mizoram-shadow-church
child pornography Mizoram,"Assam Rifles, Mizoram forest department rescue 4 De Brazza's monkeys - Deccan Herald",https://news.google.com/rss/articles/CBMitgFBVV95cUxQdmxzWkx3YS1CdVZORkNBbGhmS2VuVnRpUE9JQW1FTXAzVkMxaXU0M055SmI3T1FCQm9UZnRLV3phLTlSbDlFOGloSXZyaV90cFNWOUJ6aUhWbmV3dTF2N1NYbThiUndGTXZTMXR4b3dBRnRhYzlnaE1VX29LNWcycV9ZUUc5VzJwYS1GRTYxM3FTbGJTb2drUGZSOGtZT0xrbmMwT0VlOVBGZzFZZFV4WHdjdHpfUQ?oc=5,Deccan Herald,"Tue, 17 Dec 2024 08:00:00 GMT",2026-06-14T20:39:24.005548,child_exploitation,True,False,candidate,https://www.deccanherald.com/india/assam/assam-rifles-mizoram-forest-department-rescue-4-de-brazzas-monkeys-3321880
child pornography Mizoram,"Why Mizoram is making Google history for PUBG, Call of Duty & Minecraft - ThePrint",https://news.google.com/rss/articles/CBMipAFBVV95cUxPWkJuUU8tSDZSQjlnOGhpTVpxOEx0dUJJQkhJY3YwU1JPZWdrTFlwem9DOVNRYnItaDlvcEh5TW41VHBrRy1FdG0yLUhKWmR4SEJhb2ZwZ3hCOEpwWHdMUmdTYW9Qa1cwZjYwcktURnJJYll3MmpRYnpWLUswLURCeHA5RjIzeWY3Q28tbklpYWpUdDVsdVU5MnJBSjVIQUNCcnowRNIBqgFBVV95cUxPWDZCaENTRHNESldkdnE2NHY3M3BvMWJCVTdIamQ3dGw0NGI0Z3VYNGhqX3ZlM0ZTMlFmcVJSckhzUDY1c2NwZTJPNU5hZzY3TEJhUUVQOU1YQkgyNVRBc0FBdW4wb2NTOXRJQnpvRmladk55SUUxU3h4b0cwOWhnS2E1OG84LXZ5RmxVSTBRYXpISmhLUV8ydVp5NGhtOEhBaEpVc3Nqb2xuZw?oc=5,ThePrint,"Sat, 14 Sep 2019 07:00:00 GMT",2026-06-14T20:39:24.005574,child_exploitation,True,False,candidate,https://theprint.in/india/why-mizoram-is-making-google-history-for-pubg-call-of-duty-minecraft/290743/
child pornography Mizoram,IIMC sets up regional permanent regional campus at Aizawl - The Indian Express,https://news.google.com/rss/articles/CBMilgFBVV95cUxQUnBjRFpkYW9fdEtkdEJJcGp1akhkdGNYdi1zclpEQVkyc3hRaDlPNWtvcXZNNFU3d3JjMFNRLUkyQVExQ1hVd2sxek1pZXlVNHFMUDA4b29tcFVpM2U3cGZJNjBqdkpkQXVYTHE3eklzeHN5YlUtNlpvYUdmeWF0TGZldllDd2dfM3BRNlV4VUswWVQxYmfSAZwBQVVfeXFMUGhCMkdJT3p5OUYweHRweXl3eUhubkxQMUk3Yk5sRUxKRXAtTHNHVUtFLXlZTl83Z3VNcnlGX1FqbUFuYndBQmVZNnNxQzJnUDdMZnppS1NaNHh3emhGejBWZlp0YmZjX1E5QXFvUTlrMGg0U1NMcFp3V2JhdVE2Z3R4bWtiS2NvNFJiYmRLQ0FwQWktOWNVNk9NR2E5?oc=5,The Indian Express,"Fri, 04 Nov 2022 07:00:00 GMT",2026-06-14T20:39:24.005599,child_exploitation,True,False,candidate,https://indianexpress.com/article/education/iimc-sets-up-regional-campus-at-aizawl-8249544/
child pornography Mizoram,Increase in pre-marital sex high in Mizoram - The Indian Express,https://news.google.com/rss/articles/CBMimgFBVV95cUxQeWNtSzY4NF84RXJ4WFJVY2t4dDdCRHpJRy0tak9HUFF3eWNQdjVVV3ZmME8xa2xqLTUzSllkZm92NnR3ZFc2ZExtamZCRUd6azE5ZFpGRVVZOVFKNVY3ZnNrdGduRGdaTXo0SktCbExvVkxFdlkxU29RX05hY1p1TzFPMVBUdTA0RklTZF8tb1VTYWRENnRwRkF30gGgAUFVX3lxTE44b1R1YkdWQVJ0TjFsUjU3R3BvQWtDbFVkb3NlbzUtdU9mNnpsbktJSEU1aE9QOHJRUGZLazJiNG5xRE9EYWFabWlQU2dGSDFMZ1FwZUtsS3g1Vkphal9UMmJUcHk0WkI2eFU0X1Y4a0RSQ05reDVkUVJmcl9yRjlGWWZGcUd1a3Rib2lxNEUyNHl6NnNRaW5ZT25TTjRIbWs?oc=5,The Indian Express,"Wed, 17 Mar 2010 07:00:00 GMT",2026-06-14T20:39:24.005624,child_exploitation,True,False,candidate,https://indianexpress.com/article/lifestyle/health/increase-in-premarital-sex-high-in-mizoram/
csam Mizoram,"Aizawl, Mizoram, IN Live Traffic Cameras & Local Road Conditions - WeatherBug",https://news.google.com/rss/articles/CBMiZ0FVX3lxTE01NF9qbDJkdzhhYXVNUVkyckhBYk1ldGNkYWVqYXBuNU9wS0ZWS09FSG1fVmhfdzN4WXdkaVRpTENRMU4tS1Z6RE4tSjRzWjFBekVSUWpNaFo1QlpzVlZ3MjNOVUNYQWc?oc=5,WeatherBug,"Tue, 16 Jan 2018 09:04:47 GMT",2026-06-14T20:39:25.814965,child_exploitation,True,False,candidate,https://www.weatherbug.com/traffic-cam/aizawl-mizoram-in
csam Mizoram,Mizoram child rights panel seeks strictest sentence for child abuse accused - NENow.in,https://news.google.com/rss/articles/CBMivgFBVV95cUxOUXYzOTYwR2Q3ck4zaVdGYlNSU2NYNjNlYkpCY1VJeV9OZzRhRFpjWWF5R1JKODZRcGdrXzVhWlowczdfaGc5Tm9qc3pFU09yaHVTMnotczluNnRTOEFzRm9wYzR0VExDTTM2V1l1Wk9kVnprc2dlR3AxdWR2SGhHNE5iUFlqOVhKRDNVVzU4d2NaNDZpSUZoNXRWcUt5RGUwbkZzR096RXJ5REJvUkFpejRSYnV3d0EwSWU2WHRn0gG-AUFVX3lxTFBONEQ3NkRDY0R5NFRIUFFoSnl0NnZwOXA4dzdWMGZ2eUZJSDlJNjNwRUdTTTVvNDdJVmNSNG1JTURka1dIeDlsTGlzaDhIRjBxTHhPc1FaZmFBWnF3dFpKSS1pM1BPSVZaMHY4aWxhNFNkckt5R3hTNWJXLXBoU19zeS1Gc0RRTEtVRi1aU0NiOVhWaGhhbDA2RnJyZlpldFZVdGVtb3J1TnpFa2d6UVFJel90NlljQnhCbEh2OEE?oc=5,NENow.in,"Wed, 25 Jun 2025 07:00:00 GMT",2026-06-14T20:39:25.815001,child_exploitation,True,False,candidate,https://nenow.in/north-east-news/mizoram/mizoram-child-rights-panel-seeks-strictest-sentence-for-child-abuse-accused.html
child exploitation online Mizoram,"Mizoram women’s body condemns trafficking case, seeks stringent action against accused - Hub News",https://news.google.com/rss/articles/CBMiqwFBVV95cUxNUGFMNHNZejZYaFdDQWpNV3NiX3JhQm1GSFZsOWFCQ20wNk5mcEdHRHhNQ2RhRzM1TEtrQlJFSldieUdUNmNrNjJJZDRVRDNFUm1FUmpFY01fUXVwby1iV0xYMjZXSkZaeF9mYmNGSDNiWHJYQTNqMUZTbUdVTi0wLTI3VjdqdkhITXdlXzd6eGxtZkg2QXpSRlE5cTN1ZkoxZ1BSY2RVZWpVcXc?oc=5,Hub News,"Wed, 13 May 2026 05:03:08 GMT",2026-06-14T20:39:29.618108,child_exploitation,True,False,candidate,https://hubnetwork.in/mizoram-womens-body-condemns-trafficking-case-seeks-stringent-action-against-accused/
child exploitation online Mizoram,MBSE Mizoram Board HSLC result 2026 released at mbse.edu.in: Direct link to to download Class 10 scorecar - The Times of India,https://news.google.com/rss/articles/CBMiowJBVV95cUxQblJlMUhXX2N3LVRZU1lvVkhQR0dRTHdiRTZ6M1BoY2hHamJlMnF0elEwZDBzdE8wbHhpTHJHU21jMDZkSTNCejVwNHIwTTQ2Y24tbmYxNU50bUhzdG94c3B4Zklab2EzYUoyNlN4V1lUSGlaRDRGUThrWHY3ZWtIaUp2THFUYXZQLWtUbGhZcXVpaU9lV1ZxX2JET2JuVTNXN0hPSmFfTG9oUEdYNDg1UjF6bjgyYVl4clJYdVM3UV9zamQ4Ym5ReHpCYV81Vy1rV1FoRGlENnRQT1c1YnREeXFJMlh2UDEtRTZacUt2bXdqeDlsdFR1R0JqQURKbFpjNUJQWkdWVDJYb3FxY1NmSE1oeWVXMWFaVldoNEY2U3JGaVXSAagCQVVfeXFMTmJ0Mm1ac2FSUGE5UmRDR3d5RU5yWmsyWWN2ZklQM2RfcmE3Vml5NnR6SWdfclBDckVONHk4eEUwWV83WmdGZlVEenpxRGpFOXhQZFNEQ1dYeVV6aGtFRTAxbGVnQUpJS2xRR2JfZnpGZ1dxNFhkYWRDTEFhd1JJanlEOVFkbXN6QjhVcm02dV9LV0pndFc4MkdIUHdYYlEyMWc4dUpIcERtRmRXbnVMZlNNT3dRUmFBRElPOS1XdXliSXNZaEZQQzdoYXQxRW9veFJfYkh4eWhzRGhFZWlUZ3Z2SEt6MnJFNlpPWUw5ektFd1Z4cnVSLVp6Ry1CZFpUZkE3SXJtWDlLODdBUjZZMS1zNTNiME1aQmlwYXBKQnFnbUZVYlhKcXg?oc=5,The Times of India,"Thu, 23 Apr 2026 07:00:00 GMT",2026-06-14T20:39:29.618158,child_exploitation,True,False,candidate,https://timesofindia.indiatimes.com/education/news/mbse-mizoram-board-hslc-result-2026-to-be-released-on-april-23-at-mbse-edu-in-steps-to-download-class-10-scorecards-here/articleshow/130431497.cms
child exploitation online Mizoram,"Pop, pour, glow: Mizoram’s homegrown start-up story - India Development Review",https://news.google.com/rss/articles/CBMipAFBVV95cUxNMlgyd1J1RmlObXBfSzJuazV1ZGVlQmV6bTEtWXlWNmR0Q1p3ZU1Xc2s1TURxREMtQXBYNTRSVzZCdDZZdWRvT3VCUlZ2eDhfWnlOLWtYQy1zbDhHUzJ5eEtNYkVrR3BSWmNKa0ZaeEVLMTJHYTgyZmlSUHAxak5vSzdQOG11RmR3UnVuVkRMUHZYcDc0R080Y0FXbnlNUVFSb0h0SA?oc=5,India Development Review,"Thu, 18 Dec 2025 08:00:00 GMT",2026-06-14T20:39:29.618174,child_exploitation,True,False,candidate,https://idronline.org/article/social-business/why-start-ups-in-mizoram-are-built-as-social-businesses/
child exploitation online Mizoram,"Rising cases of women abuse, violence in Mizoram: Officials - MorungExpress",https://news.google.com/rss/articles/CBMikAFBVV95cUxPZGwyejRjM253T2lRUGxWQWhwZ04tWEJtV1JpNHhHRlU2cW5JSVdQOWxYcElqbzN6VEJieTRoRG9HSW9nMGFfVEU0RXhHODZSVkxxOURLT0E2OXlKbFBoMUlPQldiVVNTZ250alVLX1JJT0dwWm9VR2xydUxvNVFtVVJabjhaWXU0dnQ4Zy1sYVA?oc=5,MorungExpress,"Mon, 18 Aug 2025 07:00:00 GMT",2026-06-14T20:39:29.618222,child_exploitation,True,False,candidate,https://www.morungexpress.com/rising-cases-of-women-abuse-violence-in-mizoram-officials
child exploitation online Mizoram,"Strength in Simplicity: Amrita Transforms Lives for More than 6,000 Tribal People in Mizoram - Amrita Vishwa Vidyapeetham",https://news.google.com/rss/articles/CBMiuwFBVV95cUxPZG9ydDFGN3BRa01XaWZiU2VfdHl3V2VmbHNVU3NmLVNNRGlWQWh3RFhSdTN2YXIxTlg3VjUzcXJJa1BJWVBLdzNTbUZxenBnYjRzWFVUWlN0WWNXdzk0LVpIbGphZ3hOMWRLYlduanZnQXpEMVBkSjE1SFRXUVBYemFFeFh0cmtuWTlOZk9kQk1mZ1p1YmVvaDhyWFhzZUN4NlVwSldyV1NvaWx4SmNGWnFqWE1GLWY1UEk4?oc=5,Amrita Vishwa Vidyapeetham,"Sat, 17 May 2025 07:00:00 GMT",2026-06-14T20:39:29.618239,child_exploitation,True,False,candidate,https://www.amrita.edu/blog/strength-in-simplicity-amrita-transforms-lives-for-more-than-6000-tribal-people-in-mizoram/
child exploitation online Mizoram,"Mizoram’s cosplayers blend art, identity, and livelihoods - India Development Review",https://news.google.com/rss/articles/CBMilgFBVV95cUxPZ1dNaEV0RVcwOTUyOGx2VUZoMTBSRTZER1dnQ3Q4Wi1RNUthOThrX1JocjAwY3Y4UW1qSG5ORGRPdW1WdXlXNDQyUkxDcWtLQmVsZ0dWbTl4QUhSTDNtZExoMVphaHdKdlhKNFFxa0hBWHh3V25lU0tkWFBnSW0yUEQ4NUhpcV9TX0tZVm8zZGt0YXVySHc?oc=5,India Development Review,"Thu, 09 Oct 2025 07:00:00 GMT",2026-06-14T20:39:29.618280,child_exploitation,True,False,candidate,https://idronline.org/article/youth/mizorams-cosplayers-blend-art-identity-and-livelihoods/
child abuse content Mizoram,Founder outsider: Running a women-led nonprofit in Mizoram - India Development Review,https://news.google.com/rss/articles/CBMiqgFBVV95cUxPcU90N0xQUW55MTlZYXBVWTQ2MzhHTlFKWjU3LUdrcVRyRmtKaTVsZ2loWFFyYnZMMHRwNjlzTGd3dnRFVmhkSjVkeC1jSTR0UUhwMVhRRVJLbXhuUk53amxXc3lUY0pvNFJ4YkRYTVA4TGZBYTgzYzJGcTJIYW1XWFVUVUJrYVROblpreUpUVEZBb21JUGpBcVpKVWtwamhNZ3pJVHI5Mlh6QQ?oc=5,India Development Review,"Wed, 20 May 2026 07:00:00 GMT",2026-06-14T20:39:31.508807,child_exploitation,True,False,candidate,https://idronline.org/article/leadership-talent/founder-outsider-running-a-women-led-nonprofit-in-mizoram/
child abuse content Mizoram,"Mizoram: Over 25,000 youth pledge to stay drug-free - EastMojo",https://news.google.com/rss/articles/CBMilAFBVV95cUxQVGVoWnFSaWdWa0x1bXlDMlhVNkI2M21zQVZPRzFxZkpQQUhqS0V3NGNEUURDUnAyTGVjMHRmZGNCUFJXMURYbFo0dUxaOER0M3BjMWtHa1AtZnlfaW9lelFhaWh6MEcxcl9CN3MxX2R6dlJYbmFoREhLbkhGMDAtczkwVXJCNFVNWktCVG5ZazdMdGtw?oc=5,EastMojo,"Tue, 31 Mar 2026 07:00:00 GMT",2026-06-14T20:39:31.508858,child_exploitation,True,False,candidate,https://eastmojo.com/mizoram/2026/03/31/mizoram-over-25000-youth-pledge-to-stay-drug-free/
child abuse content Mizoram,Mizoram Police to use polygraph test in 2-year-old girl sexual abuse case - The Indian Express,https://news.google.com/rss/articles/CBMitgFBVV95cUxQS2g2dl9Tak8zVE0xNDVDbzQyaGRuX056LTZGcDR6UnVZdzhDczlmLUU3SnZ3U1hoWXNyZVM0YUJuZzB5REVCQlRUVHIyXzNHVTZUNzFmNXktLTF6VnhHRW1JcXczZVhSaGdNZlVUaVMzZ1VXNWZiT2lhSXpGcHBJcW55RnJmOHNBYjFHNm9zLTdqTDZVTDlLdFM3QTVOc3lNaVlOLXNydzBmZEJwSkFiVF8xT0IzZ9IBvAFBVV95cUxQVVBjcTdBcTVTWlNtMmpQNndKelBQUmI5N1lSQzZRaFFMajdqSUg0bGVlOG1hTXEyRU5RLUZ4aVZJUlZnM1hUTTVQd0FJY1hkSnBJZzJwWVpCYy1DMVRrV3VvVUcwU2tuWC1TSldUUHBHVnJBRmNESmttaS1lM3FuallCVkF0X1FsVVBjcWkzbEdDRlk0M2N2ekpkVlRmMVV5a1pSYVZIYmE4ZGZyQ3N6ZjJucmx3T2FXb1l6Sg?oc=5,The Indian Express,"Sat, 29 Oct 2022 07:00:00 GMT",2026-06-14T20:39:31.508901,child_exploitation,True,False,candidate,https://indianexpress.com/article/north-east-india/mizoram/mizoram-police-polygraph-test-sexual-abuse-case-8237092/
child abuse content Mizoram,Book Review | The Keepers Of Knowledge: Writings From Mizoram By Hmingthanzuali And Mary Vanlalthanpuii - Feminism in India,https://news.google.com/rss/articles/CBMinwFBVV95cUxPbWg2MzhyYm4wcFVXZXk2ODRTV21oTnpsT24tZ2lCM29ORlZTeFd1bjllekVFX0NZdnBnNHp1RnlCQk5DSkVnTTBvbWRpUzBpUWI1WFNHcFlIRmtXb0RLUEVYZG1MRkNTN1p1dmdwM2ZlYWk4WUVraFpHR2trSWoySklJR3ZOSjRTM2pXZ3BwbHVvUHNiTC11Nld6b3ljdEU?oc=5,Feminism in India,"Thu, 08 Jun 2023 07:00:00 GMT",2026-06-14T20:39:31.508917,child_exploitation,True,False,candidate,https://feminisminindia.com/2023/06/08/book-review-the-keepers-of-knowledge-writings-from-mizoram/
child abuse content Mizoram,Naupang League: Catalyst of grassroots football & way of life in Mizoram - Revsportz,https://news.google.com/rss/articles/CBMilgFBVV95cUxNUlR2WXFKSGRLcHhwOTBNbkZTT0JSRFhSbnRFWHhZdnE1bGk1NTB3cnlac1dDWVA2RGE0YkdoSUJNM0RiQk02eWdUeDljbGQ2V2JpdGlEeHFTM01TTldoOFpqR1p4QUhuZVd0TFdleVJDWWZORE81bktJQnNKaFNlUHB4V2kyZmR4VXNPM3NfWno4Z2lRdFHSAZ4BQVVfeXFMTWUxX21FMW1PZG1NWVVLYnZGNTY5RThxUGFwdFJWNVZUMElxb3Z0Ylk2YXhkTUJOeFlCT3ZFNFFoUS04N2g0THk1TEt0UEVwX08zcjQwWFVkZXN6UDVGZWhuWXp3Z055ejM2VDAtTHhiNFNJX0E0c0RiNXlEOFNKR2ZheE1EY2hhZ1RYeV92UXFvZnJMeUlhZlRhblVnRWc?oc=5,Revsportz,"Wed, 19 Jun 2024 07:00:00 GMT",2026-06-14T20:39:31.508941,child_exploitation,True,False,candidate,https://revsportz.in/naupang-league-catalyst-of-grassroots-football-way-of-life-in-mizoram/
child abuse content Mizoram,Mizoram: Massive fire burns DC’s office in Aizawl - NorthEast India24,https://news.google.com/rss/articles/CBMigwFBVV95cUxPU3VfcWpFUTlZZjlyal9lZUczVkRCOG1Nb3pXMC0zYlViUktjXzNRSEtxdGE0Nl9VMFJSR0lvNklYMEZ2UHdrek5wSnJDVV94SmxiXzczWW9SZ2RPUVlkOS1Ybm1abHNqTm1PM0I0MmFBZjBaX0tiT3pyRXJnblBEVHVWSQ?oc=5,NorthEast India24,"Sat, 18 Dec 2021 08:00:00 GMT",2026-06-14T20:39:31.508948,child_exploitation,True,False,candidate,https://northeastindia24.com/mizoram-massive-fire-burns-dcs-office-in-aizawl/
child abuse content Mizoram,Self Proclaimed Miracle Preacher James Lalramliana of Mizoram Arrested for Sexual Abuse of Minor Girl - organiser.org,https://news.google.com/rss/articles/CBMi4gFBVV95cUxNV3A4OEtUclVFOElzVzRGdmVCWEZ2TGlEWmFzYUdjTldMdUNxOTZGY3pacnFva3FBZjdLZUVPX25JRVF4V0dmcXUxZURMNlMweGZaT2F1WkxxOW4xU1czTXYxMjMyVUJoYWtFTXJURUhURkl0N1ZmU1VVTGh2SUJVOEdmdUxDc1FDNWlNal9kczFLU0lUbHZONk5rVTQxbmVZV0ljb0lkS3BaU0toTWpxTl9ibDY1NXg1TFFEa3MyYWVvYWFpdHE0UTkwaFFfNFpZMlF5d0xyd0Z6RTN4cGMxRk1n0gHnAUFVX3lxTE9rV2VuaEstbDZLUFVzLWV4QjRibWU2bWJZcVhWSDBIOHdpcU50QUdrY2lYM25ydXpaM0lSajI4LWJEUDFZNlc2bVBiWWVFTU9YZlIya0dlTFN4ZDlEOUhWSUs0M0F3d3RVNHI2dTdhd1hlUTVmdGdJNU9GaWNNWFVpSEJhNXJHd2laaEFUMDl1MnhnSndyNVh5ZXZNNmZUUmRUckpDUm9hYXJyVWs2TUM5VGlUcGg3ZHNXVW9FTXdaQkN3eU1PQXhrY3cxZUJlZDRsSkhvN0RjTGJPNWw0cWEwVVZmMEI1OA?oc=5,organiser.org,"Fri, 08 Oct 2021 07:00:00 GMT",2026-06-14T20:39:31.508987,child_exploitation,True,False,candidate,https://organiser.org/2021/10/08/18879/bharat/self-proclaimed-miracle-preacher-james-lalramliana-of-mizoram-arrested-for-sexual-abuse-of-minor-girl/
child abuse content Mizoram,"Mizoram University and Amrita Vishwa Vidyapeetham join hands to launch science, technology and innovation hubs in Aizawl and Serchip - India Education Diary",https://news.google.com/rss/articles/CBMi9gFBVV95cUxOZDlXVDROdUpuWjlyaFJxV3RkM2x0Qk1KVzRKSWRFRi0yYnJYQzZxNVpiZnlocmxidkVxMUQ1YVd4Q2Z0eWtqSGJ0dDViZ0pKWTZZekNsWEhVUGRyVnNzbWNRZFB2UGtNNjM1Tnl2N3FtU3BFSXVvblM4RWY1VC1pdGVKdlJVMWV1WFI2V205TUtSX0ZVUnNLaFh6MWI0YkFXRmhWZVBYcVhzcEFEUVloZWQ3ZDA3WUxoSURqZE5zaXgxOVdXU0VrWUFEQ2hfRWRPNUl6d1M1b0NPQmcyREpmOTQ4bWpFRVV5ZlB1cDBOY3hrek1mSmc?oc=5,India Education Diary,"Wed, 26 Apr 2023 07:00:00 GMT",2026-06-14T20:39:31.508995,child_exploitation,True,False,candidate,https://indiaeducationdiary.in/mizoram-university-and-amrita-vishwa-vidyapeetham-join-hands-to-launch-science-technology-and-innovation-hubs-in-aizawl-and-serchip/
child abuse content Mizoram,"Mizoram: Anti-Narcotics volunteers round up over 200 addicts, peddlers and sex workers - The Indian Express",https://news.google.com/rss/articles/CBMi1AFBVV95cUxNVjFvaWhpYmZKcHBuenU4YVVyOEQtWjdCbU5WWXNOUGNDNGM5ek84QWx3VW1fTDNNZWIxcEk4UXN0ZWlCZU14eWR0TUpTdEZNWkZNZkp3TGdBeVZZZFJPWVZGY1VGX1RzRF9WVkpOandkZTJndDU1UXJlRy1sNms0Rzduc0tvNzg0emV2OG45aEpPcDkxOVA3MjF1SUdITHZrcEl0R2hMTmdna3EySXd3MmVkWHh6enA0TTE5UXh1N2FyTUJiTVlFcExTZms4NUZiZnc1RdIB2wFBVV95cUxQLV82eEhPdzJuSnB3eW43YllmaWoxM3Z6LUsza2Y2a1lBcURFUlJNTS0xcTJjTWdyZGl2SzdIdW5ENnozTFRLN1pKUFZhNks5ODZsdk4yZ3lRNm41LW50UEFaWXB5dVFOWlE1MU00QjdTTUw1YmU0bWdsR3h5aUF2Q0dKclZNMUdENFUycVM4TmJnU3FhWlNlQzRSOWF2OXZMVWctZjRzeUNTLTFkaWwxNVU5YzhXQ2w5LVAyOVNKclpQc20tMmVhRjV5cDMxM0JrMEl2aU44Z2x0c1E?oc=5,The Indian Express,"Tue, 05 May 2015 07:00:00 GMT",2026-06-14T20:39:31.509018,child_exploitation,True,False,candidate,https://indianexpress.com/article/india/india-others/mizoram-anti-narcotics-volunteers-round-up-over-200-addicts-peddlers-and-sex-workers/
child abuse content Mizoram,Mizoram has highest forest cover: Guv Hari Babu Kambhampati - EastMojo,https://news.google.com/rss/articles/CBMioAFBVV95cUxNYXN5YXVDcndDR3k5LTZ6MVA2cm1JSTF4M1k4eERKclBYa3hPZWlLY0pLMi1DYWIyQVhmT3Z0WVBQM3ZyblpVcWZPZmd1c1FsYjZZaUliNF9OV0xzTy1YYno4ZjBhbG04Z3hnenBXY0NsVXNZZE9EN2tDcGhGeW92bUstM2ZNNTR3V1c4d3RSWm1lVGNWdXNpdTBMbHRLdnd4?oc=5,EastMojo,"Tue, 07 Feb 2023 08:00:00 GMT",2026-06-14T20:39:31.509047,child_exploitation,True,False,candidate,https://eastmojo.com/mizoram/2023/02/07/mizoram-has-highest-forest-cover-guv-hari-babu-kambhampati/
child abuse content Mizoram,India News | NCB DG Calls on Mizoram CM - LatestLY,https://news.google.com/rss/articles/CBMikAFBVV95cUxQRk1lMW8wMjIyMWhnLUM0NDlYZmdfQjdYYVpIYUhHTmJobndTVFdQWl94d1c0b0tLNTdnV2ZHZ1lvMHc5VUs4aTJxc1BndG12d2owVWdkQ2dXODBMVExnMERIeXFibnNRZGZNRnZ6bElrSmhLTVU2ZUxVeENHSVA3U1k4QURNQ2tuTFRDQzFxeFjSAZYBQVVfeXFMTWtqSnRHOFFxSFZZZndCMUlmd3JSQV9GWlJ6WUhldlBrRDlJbzBzbTRKNkxsTEtVMGc5d25XdlUyaG9TWnJid2h6bEZKRWd6cDMtU1ZOb0F5eTFudXUzWGpFMS1GSVppdkJ3VVZOU3NRS1M3WHZ1M2tnUzEwZ29lSUlhQ19KS1RtUUdhcmJnXzQ5eEFxMXpR?oc=5,LatestLY,"Tue, 08 Apr 2025 07:00:00 GMT",2026-06-14T20:39:31.509054,child_exploitation,True,False,candidate,https://www.latestly.com/agency-news/india-news-ncb-dg-calls-on-mizoram-cm-6768121.html
morphing Mizoram,Seoul-stirring soaps in Aizawl: How South Korea’s soft power is changing Mizoram - Scroll.in,https://news.google.com/rss/articles/CBMisAFBVV95cUxQYWlfQnE4ek5RV3RHMS05NnR0RzZBUkdBckVEMXpyN0VVTnNSbFd3dG9VVEF5d0E5VEdzMURWc21vVkNPenFlQkkzeC1seDhGRU4wc2x1R09FbjRQS05mUnlyRHZFYzVkN1RCdXdjV3lUcDV4dGs5a3pKYTRNSjZMWU54c3JSOEpsMGlvMDZMSjRFNjJsR1dGaHVpVW1wd3ZKZVhnN0lyaEdUMVF1UlpwaA?oc=5,Scroll.in,"Tue, 19 May 2015 07:00:00 GMT",2026-06-14T20:39:45.959457,sextortion,True,False,candidate,https://scroll.in/article/728533/seoul-stirring-soaps-in-aizawl-how-south-koreas-soft-power-is-changing-mizoram
online grooming Mizoram,Mizoram Again Becomes Dry State Following New Liquor Law - NDTV,https://news.google.com/rss/articles/CBMinAFBVV95cUxQUmVhUlBhRjNVbUt1NHJiS3ozUkFBWTRGTUExSGp6N1JQV09kUWJncXBtOWNzWXBabWM3Y2ZWVWc5Rklob0lac2R0anBCSDNxMkh0aUoxam1DczhaUUotakRpRXh3c0V1b3E1QXVXV0h5X25US2VKYjBKZ3dBLUNWa2w3NUVIamROUlBaZGhFYnlyZ1FBQ1JCdVBVTFU?oc=5,NDTV,"Tue, 28 May 2019 07:00:00 GMT",2026-06-14T20:39:52.421795,cyber_grooming,True,False,candidate,https://www.ndtv.com/india-news/mizoram-again-becomes-dry-state-following-new-liquor-law-2044257
blackmail Mizoram,We Illustrated 10 Of Mizoram’s Mythical Creatures & Their Fascinating Stories - homegrown.co.in,https://news.google.com/rss/articles/CBMirgFBVV95cUxNVm1QcTVmeFdnT2xkYjNvRFZ6Z2FOQTV5VDRlaFZ1Z3U4cFgwMTlNbExsQk9TaEdtcHdnRi14YWZwTWlvUFMtcUxvbnYzZmN3TmRYTGJSLWhFa210WnBYMzY4ZmtCRFVHbDZTSXJ3N1hXSmxxeENkOFRza1F4aXd5TWJ2dGx5eWxDdWtrMjRrQ1RCbGxmVjEzTXZtSzI0cTdxLXotWE9RTkFjQnRWM3fSAbsBQVVfeXFMTklBV3RyRkZvdjFGNXdPOXR2M1A1MndIOFFqRFJZQTk4X2N5d05RV0g0dXplb1A1U1JtSVVQM2lFcTd2cFdkTlYwdXR6cXRwem44OC01M1F4c0ZSVWFYTmpuSXkzUWxiaGgydnB5OTRnTGZYelVlbGRaZjNZSjMyQUw3T1ZMNk9BT1NGd0t2U01qZjdCNS1XQy01eURtckREdHJiTkxlbkJTcnN1ZlBBMUxXZnhEMVNLNHM4TQ?oc=5,homegrown.co.in,"Tue, 08 Jun 2021 07:00:00 GMT",2026-06-14T20:39:57.495446,blackmail,True,False,candidate,https://homegrown.co.in/homegrown-voices/from-giants-to-goblins-mizo-folklores-mythical-creatures-illustrated
extortion Mizoram,Mizoram drug route under lens after Rs 18-Cr yaba haul in Cachar - The Assam Tribune,https://news.google.com/rss/articles/CBMipgFBVV95cUxQUHM4c1BkdGMycWdRLVFvbFFyX3YtZEIyeEt4SHV6Z05oX3lIaW9FdTZ5R1pBbV9VYWw2ZEZIN2t1R3c2QVRwQ3JqSTlOTGRPbEwtVjduWUhhN0o4MVNIVkhOVllnNmxna21EdE41ckhkNXFUZkpWWVlDYlduNXBOakc4XzJMcUp2WnJwZEVXRklfWTFvSlc1OUdsU2hyNlJzdTNXaExB0gGrAUFVX3lxTFB0Z3RtRnNlSTEzRHNNaGFWdk9HVzhmaGZTeUUyeUY1OFBhYzBmaWZYX2xWZERDaERBZ2RWMXowRGp5Sy16LTVha0VSWllKdkdtM3FjU0c2dnd5R2I2SnhSTnM2aHU0ZVYyZTJVbncxRVlMZUR2M2VTUkFuc3pYVE1IOVZZMWp5WHZjbVpPdGtia25teHlTZUp4TUFYYmNXb2t0eW1QU1hsNXhfOA?oc=5,The Assam Tribune,"Fri, 29 May 2026 07:00:00 GMT",2026-06-14T20:40:02.639356,blackmail,True,False,candidate,https://assamtribune.com/assam/mizoram-drug-route-under-lens-after-rs-18-cr-yaba-haul-in-cachar-1612172
extortion Mizoram,Slovak national detained in Mizoram for illegal attempt to cross Myanmar border - The Assam Tribune,https://news.google.com/rss/articles/CBMiwAFBVV95cUxNYTN3bXlPcHprci1FQ29zcy1BOHZxaGVacXVWYUhob3RCLVluUFJKbkFkeWVHQUdIanNGd09yY0tHN0tEdlFON3ZJYkZLVkNwUmRZbnhBZGg1YU91VFNOUFNhUTM1RnVsbUpDTFQ1aF9JM2tNUGk4TkluZUdidHdaMHI4ZXJkeFQwaVRjMkZtUEI5NVdCWjJFamFMbHRSZDZTcEFFcGdxVVlud3BuSjZRZ25Vb2NtZkpseUZqVGJGekrSAcYBQVVfeXFMT0lmTzFDNWJvMjB4Z0g4OGRqRG80YzJXanRLdnBTN0NEdmdHT2tOZE44NGRFc0l1V2pCTlhqb0s3dEZvZEJDZ0N4ZGZvNGNXOTlqenNxTzV5a2RyTTUwMEJKRENoVUlEbzQ0VU00QnJscDJpUlI0aXBTc04xNmZYVlZ6bGkwOTViU0pvNUFUd2hSOGxBYk81clBKLURYdTU0UE9NRFVGWlBZTE1nWC1nVUpSOWxnMmp0blpqNzd1YVRwX1FodU5n?oc=5,The Assam Tribune,"Wed, 25 Mar 2026 07:00:00 GMT",2026-06-14T20:40:02.639466,blackmail,True,False,candidate,https://assamtribune.com/north-east/slovak-national-detained-in-mizoram-for-illegal-attempt-to-cross-myanmar-border-1609846
extortion Mizoram,"Extortion notices demanding Rs 200/house reach Tripura-Mizoram border village, 18 yrs late - ThePrint",https://news.google.com/rss/articles/CBMivwFBVV95cUxPbGpCT3RsR3JXOVZiTjJSbHUxMldGa3ZPQmFfVWU3RkNFQVpsNUNuVzFtVTFKSV9ZNVBLa01QMzkwRHY4cnh3c3A1NWFwSHE2OVVvRVVZZWxzYzZiN2N6Mmk4NHZHcUtnVDRlTDJ0VFJzNzlwbS0wUHJleWkyN09xZ2FoOENsZ25MeDBYLUl4bXRLZW03VTRqMUdtNVRQcS1PQzBxTWdmejlRUXZGN3VOa1NnOEZQRHBDeUdjc1VVd9IBxAFBVV95cUxNdVlZanptTkhhMzRZMTVubXB0VzJiM0ZYd2dBRVZxU25QMDAxczlCWWtRaUZlS0l5dXo1Nm1YTzY5dVVRWi1GS0dDWmFpcUJCSFZTdzNVMElFV0c2RFhwX2FmYmVWM2xTcW5CbENxSEQtcENGak95b1FCTWJldk0zbmJxVUw5UFF0bDVBZzM4dmhIQVpxLXZjQTRLVWk1LUZCcTJud2FPUWNtdXdxaDU4dUFSRmhBV0x0TlFNVFhqTVh1ZUV4?oc=5,ThePrint,"Wed, 04 Nov 2020 08:00:00 GMT",2026-06-14T20:40:02.639473,blackmail,True,False,candidate,https://theprint.in/neye/extortion-notices-demanding-rs-200-house-reach-tripura-mizoram-border-village-18-yrs-late/536761/
extortion Mizoram,43 Members of Last Active Hmar Militant Group To Surrender In Mizoram - Northeast Today,https://news.google.com/rss/articles/CBMiqgFBVV95cUxQTVMyZ3NpNzh0SVBPeEdaMzVRYnFIMGhxWjlvZ0tRbm5DTHQ3cUNNZWRNU1lOMzBXMnloN1ZZYkhUZGZvZkppTXdFZkN3Y2JVWTU2UFZ3MmFRSVd2Zk91OWp4QWc0UzV3ZmlaWWtyV2pCcXpIYUNKZ0pNVW1xci1hRGN3QmlLWERIQ0NzV183dU00SEtrZWJxNWozYWRaYktLV19RRGx4amtpQQ?oc=5,Northeast Today,"Wed, 29 Apr 2026 07:00:00 GMT",2026-06-14T20:40:02.639489,blackmail,True,False,candidate,https://northeasttoday.in/northeast/43-members-of-last-active-hmar-militant-group-to-surrender-in-mizoram/
extortion Mizoram,"Engineering marvel: Mizoram's Bairabi–Sairang rail link features 32 tunnels, 55 bridges - The Assam Tribune",https://news.google.com/rss/articles/CBMixgFBVV95cUxOcDdWVGt4Tjg0R1Z5djBfYzFaeC1heFVITTgxU0ZtUVdjRGVickREZ2lwb29KWVFzQ1VLRTN2QVVBNGpsZEtDeDJadlJkQWZHVlRXMXFmNTBid0huNllIMWNLbjJuVVg2S3huNnRFVVI0LVZyN3FVZjdhYVhSVmZNdGFKRUxDX2taQlU4czF0cFVyOFhyekR4M243THBlZ25oU2pDbWVJQVo1bTRCZENxM2xyd3dGdjVZMHlCaW56Y0xUUC04UFHSAcsBQVVfeXFMTmttQ3AyMGtncHVDTnRrQVJEbzc4X1ZTUHZ3bHZwcHhvRkgwZV82VHRlQmRDSU9kVDZ1dWNaQUlXeEJKVmthdEM5R1VoalQwMWM4VFdoX2pNS2d5enVPMjlhQjdqUzZMcGh4bGlkcWI1MVRCd3BEaXZqMl9ReUlLUnhjUzhSN3l4X3hVWjdzYW40aEZlUnNLOE1rZVBZTlZINWNxT0pGb1BqTTJvQThRWWU5RFVZa2djQlpuOWpzMFZmYzRoMmk0TjVzZXc?oc=5,The Assam Tribune,"Wed, 09 Jul 2025 07:00:00 GMT",2026-06-14T20:40:02.639527,blackmail,True,False,candidate,https://assamtribune.com/north-east/engineering-marvel-mizorams-bairabisairang-rail-link-features-32-tunnels-55-bridges-1584209
extortion Mizoram,Mizoram bridge collapse update: 23 workers from Bengal feared dead; 18 bodies found - The Assam Tribune,https://news.google.com/rss/articles/CBMiugFBVV95cUxPMEtmaVdjeWFTdWdjamNOUVhhUk9IejBXZGxwaEFiQ3BwbjhCU0p6NFUxdm1iMDZrYzhSUEt0ZkVfY21MYVh4ZHZCVWNYR1ZpTG9CUllhLXRFU202ejY1OEhKbnBWLXlabk41YmlLVDZId09CX1ZLZ0d0bjRuVzVlTzdVdGN5cW9yaUJyek0yNnlEdi0xSHFBYUVET2pac3NianNqUGN3MnM2akgwY3lEdFJTS2ctc3M5NnfSAb8BQVVfeXFMTkZKNnhGUHJnVmNSX3hxa3ZYeVAyMTEzY0RvcmFXU1c2V3dTZThtV3VoRjA2MVk5Mlc2dGhjbFFPQ3ZyZlF6Q3RxaV9LVWd2SHAxMXlnd2FQS3IteXUxdjJQSlBUZnl3Nk5aeEpQSDlfV0hMOWctRTdqWWpDeGJZTlNwWk92YWhrMkNua1d0ekt2Wk5tMHVYRnFtaUdkQzhhTFNHUzJjdXhtWkdtWTZKU1djODg5SlNSLWxybHhUMUk?oc=5,The Assam Tribune,"Wed, 23 Aug 2023 07:00:00 GMT",2026-06-14T20:40:02.639535,blackmail,True,False,candidate,https://assamtribune.com/north-east/mizoram-bridge-collapse-23-workers-from-bengal-feared-dead-18-bodies-found-1491250
extortion Mizoram,43 cadres of last active Hmar insurgent group to surrender in Mizoram - India Today NE,https://news.google.com/rss/articles/CBMiygFBVV95cUxQSzVsM3VfSmhIR1NyUkpoM0ljVWFWSUJGMXhaa0JnNGdFWTZrZDl4VWk1V2psNDFGU0hqejhQRG1wZXRTSmlFS3JJQmttVlNLdXZObF9iUXdWM0dabktJaExyR2VqU29meG5sWkVfOGN4QzdTbVR1UlFMUFVIcWl1VU5NS3pWcEJpUTcxQnR6TGhIeXVETGNLLUJBNmVxZlc0WkM0dFo5RllabVlTTVl1ZTdZZnJCMENLV0ItWU0xNnlhekdWQTlLVXNn0gHPAUFVX3lxTE9nZG5ldjNUaWU0dXZfeVlhNFBITEM3eHdtZTJMb1dMd1kxSlFtNXRoclFFVVZXUUo0TXZJQW8ySU5fd1dpQ28xRjEyOXBaelh2ZVBwclNJZW5VMC11bDFlZjlOaFBWLVUyMmlNZlFVcjE5RFZscEtPYmhnVkdXRXNwZUNySHhfTURvdjlnU1Y0Yl9RSm5vR053RW9sSHppSExDMVd6U2QzVTk2S0MyZV9fVXhMZDBjVXV4blhIejl2cnEteG5zWkM1M2ZiV0ZuOA?oc=5,India Today NE,"Wed, 29 Apr 2026 07:00:00 GMT",2026-06-14T20:40:02.639543,blackmail,True,False,candidate,https://www.indiatodayne.in/mizoram/story/43-cadres-of-last-active-hmar-insurgent-group-to-surrender-in-mizoram-1383382-2026-04-29
extortion Mizoram,"HPCD resumes extortion operations after rejected talk offers, Mizoram DGP says police will bring militant group “to it’s knees” - The Indian Express",https://news.google.com/rss/articles/CBMiiAJBVV95cUxPRC1wbXhjR3o4WC1iRUFqcE9VdC1mcGZyRk9wLW5Gak9nVGpYeWVJNUhKeW5nTlcwVzZ2SDhCdXU4eTlBTWxYcHl0N2JQUVZGekNzRF9FT2FGWVU0YlA4RlNieUhoUElieElEM3hRTTlJWGJOakdQa01YR1pjTnoteUEwb19ObTZUdWlxVTdiSF9za29paDl6MGtybnVFQS1LbWNaNy0tSi1DZUZKQUF6OTFaRkdlWFVkYlFxRHp3bnRpTkJyUF9NYTREYi1kdi1ubnVodFRZb2hkZ3pFelcwRGF3S3BmVjNuNDNKM1RtVWh6UGRPdi1BenRGT2NleVJWMmJfY1dxWXjSAY8CQVVfeXFMTURtdXZtR2NCV1JYeGo3Ql9MSWs5NHprZUhRRTBkNFBKTy1fZWctYXVabVlJNVlpVDdRdFVRTmtmTm1RTjZ6MkNTTXVJRWh2cm5WcHktVHRtLWs4VWFPUHU1aEdJamd4X0tzY3pTR0N3c0VGX1hRdDlWTVI3cnIwM2FTZGczc1I4bGhhSG1oVzdEcjFrRWF4elU1UnYwbFIwVXp5bThfM2VkTjJndmdQRVBFZlZFVEtQQW5aNWQ4a0IxdEtCMnNiWXJobW12eU5La1ZuU0ZRRlhEcThVSGV4SUdMU1ZzY0l6UGwwTXoycllXUmUtRF9Cd0Z3UlFtb1Zaem9VRnRlaE16RlM4WV9Jcw?oc=5,The Indian Express,"Fri, 24 Jul 2015 07:00:00 GMT",2026-06-14T20:40:02.639565,blackmail,True,False,candidate,https://indianexpress.com/article/india/india-others/hpcd-resumes-extortion-operations-after-rejected-talk-offers-mizoram-dgp-says-police-will-bring-militant-group-to-its-knees/
extortion Mizoram,Fears of fresh Chin refugee wave in Mizoram - The Times of India,https://news.google.com/rss/articles/CBMiuwFBVV95cUxNUmxuR1V6OXJwTER6Wmh2YUk0QVpIYzlyczVnLWdwa3pVU1pMY3h1WGo5bE1EQWxRZFA0SUkzNEo3LXQ1ZEFFQUJsZy1hVWVfNHZYNDI2VzhtbVd6VkVJRkRZa1lSN3Z5ZVBVUDVSWnFPOGtONHNrLUFkb3RFUGRfOHhON2lLcEVvQzVpOXJFc2hDbm0xRXhYWXFHd2ZSWlJFYmNuWXJnclBtcWJtZVNBWkUyVG54SC1QX2Rv0gHAAUFVX3lxTFBaMFd2d0tpS1czbFFOOURSaUFIMGpwWGVlVnJEQUQwN2c2QkFYNjFGRUEzbDd5c1hyYWhBcXJXczN4MW5id0hQZThrNzJMSDkzZjFqVEFVSkIzYzI2WkpwTmNTMmstaTN4NFVOcFdWb3BlY3BWakxVNXV5Z195VTJ1Zkd1blpjVVo3LVFsc3UzQ196VEhlV3JZS2t2ZlJBT2laelRMRlRrZkR5WEFBNkxNa2RxbjZKT091VmZZR3dVUg?oc=5,The Times of India,"Wed, 13 May 2026 07:00:00 GMT",2026-06-14T20:40:02.639572,blackmail,True,False,candidate,https://timesofindia.indiatimes.com/city/guwahati/fears-of-fresh-chin-refugee-wave-in-mizoram/articleshow/131064181.cms
extortion Mizoram,"Mizoram nears final settlement as HPC(D) agrees to peace accord, set for April 14 - The Assam Tribune",https://news.google.com/rss/articles/CBMivwFBVV95cUxQOEEzNmlLV0liWVplR01TaHNSODZ6eDhSaW1hTFp4b3R6NTl4Q2Y0NUk2djhyRUZFTy1SeWxzdXZyVnNiS25uSmM2NjZLZ0QzUHNaZWtLSV82OGhUeVpWSnNzS1RmTFkxamlVMkpndC1IdExBTkI4Y1VQLWYyWUFSTmpMRFoybXJEUzN2YnltaVdPUkxOWWJ1dHhtcEVmb3JQTmpnRWtlWmpJUmxiODUzLThSWnVmM0VnOUotclQyUdIBxAFBVV95cUxPdExhVHhNb0F2UFFWcDg5NEFXN2lhdWstSS1BUEhuM3hHMUF0VDJUQXFCMmNQcTNWR1RCeWJwVHpXcDZnekF2WGFDVWc4NVdncW1ISlFUWlUyVlBpeHJGVjNyUmYxTFZWRWFLRGdhSm1GbWQ0SzBha2lHQm1fbDRsb2s4UkJQM1lVMlZOZy10ZXVJU0RMTkxiaE1pWlhDbnBDSENnbndhMVZqTHBsY2szLUtFX3NQX3U1eEswWkp1TjFYQ3ha?oc=5,The Assam Tribune,"Mon, 06 Apr 2026 07:00:00 GMT",2026-06-14T20:40:02.639587,blackmail,True,False,candidate,https://assamtribune.com/north-east/mizoram-nears-final-settlement-as-hpcd-agrees-to-peace-accord-set-for-april-14-1610304
extortion Mizoram,"Last militant ethnic group in Mizoram lays down arms, state declared insurgency-free after decades - opindia.com",https://news.google.com/rss/articles/CBMivgFBVV95cUxQTWpId3kySkdoLUJUMjQ0MU9pNnYwWGY1MGxqdXgxd09pcEZoNmtjQ2FwVjUxOUt4VU9KVVZOT21RUW5VUXpvQkhXZE9rclloX2IxdmxXdjRZNjViMFRaLVRlYUlJNlRZOWp4R1hEWjljWWV2ZHQ4eGxDSWJKdmY5ZHdNYnBmVUEyTlJvYTNfV3h6RWljS1ZiTm4xX2VkMTBiVXFILTl6ZnZSdWFIVlM3ZFZDWXdBQnlDTkYtSm93?oc=5,opindia.com,"Fri, 01 May 2026 07:00:00 GMT",2026-06-14T20:40:02.639595,blackmail,True,False,candidate,https://www.opindia.com/news-updates/last-militant-ethnic-group-in-mizoram-lays-down-arms-state-declared-insurgency-free/
extortion Mizoram,"Assam-Mizoram border tension: Effigy of Mizoram CM burnt in Silchar, demand for economic blockade echoed - The Assam Tribune",https://news.google.com/rss/articles/CBMi2AFBVV95cUxQN0M0UUVxNE10VV8yMEtHbV9pMXNOQXl6N1BUXzMzYmM2elpQTGZLWERhbFBWYk90RWZnT3VNNnZzOXcyTkgxc2tUTEhacjczbWhjanZfVU9qaW1rWkcyUE9nbnBCOUhwbXZWWTNORVByRjBvckdsMVpsNmxJQ0psdmtZR1ZlcTdscGFEV3h0X0JVR25PejRRT1FzWEZacFREaDJyWE13ZDdHdE15ZmpfQWhkYlVDbGRKOVkyU1BWR3pqa0ozQ0hGeTk4N0twcElIRU9kMUM1dnXSAd4BQVVfeXFMTWtWbVVzYzJySi1HVmZjV2h3QWdIbGw0RHp2azY4TjE5V3ZEblQ0SmhnRXdGUkZHQzUzUVAweUtPdXJnTW5fNjlZQ1ZadHFRQTRLNHNabTlzdmwyaDY2dVQ0YjBSeEx6bFlaSFQ0ajRXM01IY1VRaGxFdDZUVElFbWlxQTFvZllka3BhRWNYMW90eEdWN0pySEY0VmhkLTVveE9QaVZibXJtRGRxTzFGOTA0WXNmbWkyeXllYWVXdzNsMm52bDBKcGlraXQzT3ZGX2pNRkdoQmktVUR2eU9n?oc=5,The Assam Tribune,"Wed, 28 Jul 2021 07:00:00 GMT",2026-06-14T20:40:02.639602,blackmail,True,False,candidate,https://assamtribune.com/assam/assam-mizoram-border-tension-effigy-of-mizoram-cm-burnt-in-silchar-demand-for-economic-blockade-echoed-1111057
extortion Mizoram,Mizoram govt to sign final peace accord with Hmar outfit - EastMojo,https://news.google.com/rss/articles/CBMingFBVV95cUxQb3d3TDVacm92TFZXZGgzSFVTNHFyZzZweWJobDRod1h5dXhKTkR0SkNFZWhZeGNfOVdSbVpJbGN2d2pQUkdLM210LU5CQU1TMHR4VHlKUEZxOTA4dV9MNG9oeTNvUDRKMXlJZE1IMC1PazVWOVNPcjJ0Z1Z0SFZpbjAyYTF0c0czcHdwNUN1QzlyNFg5VlFWMVQwb0szdw?oc=5,EastMojo,"Tue, 07 Apr 2026 07:00:00 GMT",2026-06-14T20:40:02.639609,blackmail,True,False,candidate,https://eastmojo.com/mizoram/2026/04/07/mizoram-govt-to-sign-final-peace-accord-with-hmar-outfit/
extortion Mizoram,"Northeast awash in Christmas cheer; Mizoram, Nagaland, Meghalaya shine - The Assam Tribune",https://news.google.com/rss/articles/CBMisAFBVV95cUxQZkpoSFNkQUN6czEyeGMxcmpuSmlCYUk5VlZfSkpDMnRyVUpmR1owZ3FKTEl5WjZaOERhS1I2WDNZbFotYXhSajVRdVc4X3c5NXF0ZmoxTDhRcXZ5dkNQaFVVajh1Q1M2eWx0VWxOYm44RGFNSy1XdUhvU3paOHVzYlhPdXNsT3pOb0dldWhxNmd4WUNaNXNLcmZzejNHWjE1b2pCV3AxS1NVSDVRclVVbNIBtgFBVV95cUxPX0Q4WkJsaTdGZ1pxZUVKakxSOUZiSG9IcVhNd3JCemk0b194YVIydHh0VTNaY1M4LUR4eHZYRGlIZjlNNE9OWEh2Q1lMUEtmSFRQTFRsZDFWU21xOVFqNzh4SVFfcWJEMU1nR0xERThwUlBkSHJ4VjVPNm0zRGJJQUZmejJMX1JxTnhiMGFtTThZUjFROFgzZzR3eEwzdmxRVzNHb3AwNS1jVEVDRlhoaE1RTlhvdw?oc=5,The Assam Tribune,"Wed, 24 Dec 2025 08:00:00 GMT",2026-06-14T20:40:02.639617,blackmail,True,False,candidate,https://assamtribune.com/north-east/northeast-awash-in-christmas-cheer-mizoram-nagaland-meghalaya-shine-1602335
extortion Mizoram,"NLFT top leader held in Mizoram brought to Agartala, remanded to police custody - Tripuratimes",https://news.google.com/rss/articles/CBMivAFBVV95cUxNSTB4cHBGcVl5cGtVclREOGxEU1c2dDZRNDF0bzlIcEtoR2JxdUVIb3MzVVdCckUxckVQRmp0aHhqdTdDSllTelN0ZEsteXZSTF9SLVdrQlhQalZGUHJPcEJrLUZ4bVZQSWJtaUtiQ0xaVnlhdlRDUjJvVENDSVRUUWxxX2w4WWNtdDZNZlRIQ1plWFRmdDZRNE41aW1OQjNPSmZtVFVhNlpDT3g4Ny1zdVpJekhkaXAzTXFEMQ?oc=5,Tripuratimes,"Fri, 08 Jul 2022 07:00:00 GMT",2026-06-14T20:40:02.639624,blackmail,True,False,candidate,https://tripuratimes.com/ttimes/nlft-top-leader-held-in-mizoram-brought-to-agartala-remanded-to-police-custody-461.html/
extortion Mizoram,Mizoram to sign peace pact with last active Hmar insurgent faction on April 14 - India Today NE,https://news.google.com/rss/articles/CBMi1gFBVV95cUxQTXJoZW53d0ZqUFRUS1BBbl9uUS1ZZ3ZacWFmOGJSc1htQmlPbGJtTW5yNHM3eVNNTllKY2RGNnVzU05MZnNDTWRtQTEzTFlrWkpqTWJxQjlsSDBIYnNUck4wUC1CcWlSNFVPMjVrNnR5ZW1NanQ0Y0YwMzMyQ0hReVdsd1FVc1V2UWN4UFpLajB1TndXa3NDZEY0ZGhfazJBd3pMbDUyekJEVWxzSzd0SUJXeUVkTzNENWk5OG4wZFRnMVdVSWdFMUtRWW5aaDhfQ2wxemFB0gHbAUFVX3lxTE5ib1JtZjU2ekN1OHJxVDN0Q203RmtvYk1BM2lQbTdVSWRUWEtvSjJrNTdldFBpQkc1TnlnS1hvUkowSXhSMjRCUWJiaEhrMXNyVzdlUnN4aEpXNU51d1h2QXdKSFczUW5ZM0ZxU1dyTi12bWFBSEhxQ0dOeUxVNVNPdmhQNVRobUpMNEx1WUpROUF3X3BGNFB2c0FjOU55LXhLV1YtUGVCajhRQXBkRjdhVWppN0V4SXVBRExIN1daMHg3RWZkRXFZb3JROUllR3dpSXZqMmpkWlUxQQ?oc=5,India Today NE,"Thu, 09 Apr 2026 07:00:00 GMT",2026-06-14T20:40:02.639670,blackmail,True,False,candidate,https://www.indiatodayne.in/mizoram/story/mizoram-to-sign-peace-pact-with-last-active-hmar-insurgent-faction-on-april-14-1373294-2026-04-09
extortion Mizoram,Chakma community observes �black day� in Mizoram - The Assam Tribune,https://news.google.com/rss/articles/CBMie0FVX3lxTE1ldjJSa1BOLVlldGpldnctclhaWDl4bjZ2OWhlQ2h2SVJXd056dDFkRmpvVVlGVmlZc0xDLVRVMHdXeWFVdEdVbkRxTDQyUEZuYWZvWWY2b3JxQWszZ1JyejR4REh2cHdremtzbmVSRmVKWUFBMDZpTTJpZ9IBgAFBVV95cUxONXJTWWRxNjh6RVpsQWdmajBlYmVlTGxFMVp3QjdWR3hfQ25EUHpLZFJKZ1hDVmpfUDRVVnlkNWo0OGtGT0t1WDBPVXAzZ1RWRFFIdlgyZl9fUjZoN2l0dC04YVBMdFFQdER2Z2RuTVBxaEpLLXFUVDFNSDdadE9vdQ?oc=5,The Assam Tribune,"Tue, 14 Sep 2010 07:00:00 GMT",2026-06-14T20:40:02.639762,blackmail,True,False,candidate,https://assamtribune.com/chakma-community-observes-black-day-in-mizoram
extortion Mizoram,Coldest January in Mizoram - The Assam Tribune,https://news.google.com/rss/articles/CBMiYEFVX3lxTE54X0xWcVBLc1ZucUNTTm41Ym5pT1FPMkJyWkwtTVBabFB3cUVLWmtYeUU4UDhQUHJVX1N2Y2ZMTFU2NEx4RDQ3V3FEX3NaTndOVnlTbklLR3hVWDlhODNET9IBZkFVX3lxTFBIR1E0SEdmM3ZhZkZ3VzJkUllfbFhZWXhMQkZtQkhENU9ia3hZR2NfTlVMVkRtandlMUlzT0JXSGVzYUYzV0drTzgzNWdfbnA5RTNZd1RMdnZVRmVpc19pNklScUtDQQ?oc=5,The Assam Tribune,"Tue, 14 Sep 2010 07:00:00 GMT",2026-06-14T20:40:02.639770,blackmail,True,False,candidate,https://assamtribune.com/coldest-january-in-mizoram
extortion Mizoram,"Mizoram CM Lalduhoma Says Peace Pact with Hmar Militant Faction Soon - The Sentinel - of this Land, for its People",https://news.google.com/rss/articles/CBMisAFBVV95cUxOM2YtRnZQd2lMamZmdU9FbUM0aldfek13bkFuZmllUEhvUXRkNERocDl1QjgxOE1wX2xWd3B1ajN3RVg4U2taNUR5SnV4V0E5a3NQbkxmYVhaWVE5VncxeVY1NkdsQ2NjazQwSkVMWGRKdElzNXBNVmZLSkdKbXJnOF8wQ29kS3BpWFFVMjU0aXQtOVRURURuYXl0U1htWFZHUzZRRl9OUGVPbXFHbjlna9IBvgFBVV95cUxPb3BFZ1VSRTNCdkJtY21GS01XRUlkeVlIejdPekxzSExySWc0UWtNYXdiRDNHNVFMVGVGT3p0STFoQngyRDNPZDQwbWV0eng0bnRaOFh0bHhuX2ZkblFBck9yLV9ybGtUN19SQWFJbllnMFRtLXNPVUt1UXRMMXpKaWFXbElnZnFKS1BrUkFzRlVsTXhmT1RidnQxempRZFhrLUJMM2M1WktESmtoWTBCcmZkMWowQVNxanNjaTVB?oc=5,"The Sentinel - of this Land, for its People","Sat, 06 Dec 2025 08:00:00 GMT",2026-06-14T20:40:02.639800,blackmail,True,False,candidate,https://www.sentinelassam.com/topheadlines/mizoram-cm-lalduhoma-says-peace-pact-with-hmar-militant-faction-soon
extortion Mizoram,43 Hmar insurgents of HPC(D) faction to lay down Arms in Mizoram on Apr 30 - Dailyhunt,https://news.google.com/rss/articles/CBMi-gFBVV95cUxNOEk3SXNZMTFwNWlWcWpBT1NKQjR2R29aLTBXZFo2Y1d4NFh5aVpnN3JkYVk4S29JSkNjS1BsenVJRnl0SFR3a0ttd2JwaTg3ckh3VnVNdlJJNEtPbDlNYWJWV1pVU19NdThndFRZWUo4UTZ6TG1RLWZDQkluVVpQdFJSVlN2VHp0bl96NmJJQzJhSlk2ZkRuRFhHa2loUGtHd1JlOTlKaHg1LXA3a2hRY1MwenJrNlEwaGFqYi1qVVhjQWtqbHdJRzA3WXlfMUxLODRNQ0txVVk5eGg3Z05Mdnl1UGV6UnB0V0lnbnhHSnRobWNnN0dGcFhR?oc=5,Dailyhunt,"Wed, 29 Apr 2026 20:25:13 GMT",2026-06-14T20:40:02.639847,blackmail,True,False,candidate,https://m.dailyhunt.in/news/india/english/the+assam+tribune-epaper-assamtri/43+hmar+insurgents+of+hpcd+faction+to+lay+down+arms+in+mizoram+on+apr+30-newsid-n710431832
extortion Mizoram,Bairabi-Sairang rail project in Mizoram to be ready by July; first trial train reaches Sairang - Northeast News - Northeast India news 24×7 -,https://news.google.com/rss/articles/CBMixAFBVV95cUxNZzAzemZaS1JDSnUzNnBfSzdZdEZlNVVoNVV0M2RYZG90NEJhdk1OSnZXOEVydkVNMEJHOUc1YnoyTGREVTN0bGViVzVua0hmandTY3EyLUJuM05PODZxNE1wbi1vcHlCN2VxWXlLbGpYQmExWjhaTnk0MkdsanFKUWd0d2pubXdwYUVLNE5jaVlxTDF0Zm1vZEpZMElTOFJYR29lcXBiUU9hYURLelRHeDFmTE1PQWFTbjBzdHNkbVY0cGV0?oc=5,Northeast News - Northeast India news 24×7 -,"Sat, 03 May 2025 07:00:00 GMT",2026-06-14T20:40:02.639872,blackmail,True,False,candidate,https://nenews.in/mizoram/bairabi-sairang-rail-project-in-mizoram-to-be-ready-by-july-first-trial-train-reaches-sairang/24641/
extortion Mizoram,43 cadres of HPC(D) Lalhmingthanga Sanate faction to surrender arms in Mizoram - Northeast News - Northeast India news 24×7 -,https://news.google.com/rss/articles/CBMirgFBVV95cUxOYjRlcmJRSVRuZHN6SUJhRkZJRVZITl9QcmFVUUFSeG9zTkhaZWZRdHpEeGxpenZFa05ZWmtoc01GbHJDTmY1SC14SjhLWmgxZTI2UWVMcldOemt1R3IzMl9fVmxrc2kwMnBwUWZDd1psX3RJOEp6dHkyV1daWkZ5ZU1Fckl1VTFpOHNaeHJUeGUxNi1VNWlUQW5EeF9Db3kxOXppQjRyNDBQb0NQM2c?oc=5,Northeast News - Northeast India news 24×7 -,"Wed, 29 Apr 2026 07:00:00 GMT",2026-06-14T20:40:02.639883,blackmail,True,False,candidate,https://nenews.in/mizoram/43-cadres-of-hpcd-lalhmingthanga-sanate-faction-to-surrender-arms-in-mizoram/49292/
threatening message Mizoram,Poor road conditions leave trucks stranded on NH-306 in Mizoram - The Times of India,https://news.google.com/rss/articles/CBMi1gFBVV95cUxPWkx1MDBXSzJ4N3Y5OGRRNjNWUy1Zakptd2lqZnJJaWVhdUhPdURSSXZfb2I2SjUzeDl3MlB2RDE4cmdiMDNlMGZUQ3lhY3V6N0kzTENSdWdaMVZmbXdDNm0tQWJ6eE9oYnhLWGRsVzU0Z0lEdW1iUVZ6VlQ3SE1ac1VYeDRVR09pRGl2UW5LblZsV2l0WURzYlh6cGNwQVRoc0NZYzBreERPcDFHVlJWaXdORjdsQldXWURWZ0xZM2UxU0ptalBaZWlpbDR0OUYzQWRQUGhn0gHbAUFVX3lxTFBrdENHNkE5akNnc3pVdGROdWI2Ykw4bk01eUlWaGxGX1RxQjJweHk2YTQ1TzJ2UEhVYUFRLUQyNlZWVWQtdVVpc05WY2loN2V2S2xzNVhKSEswOE9mTWZmay1tUGxCSnhpYWg3TFE4V0hDcFpPUHpmSGlJeVppU25ISzFjZDhab3dSSEVodGpJQlR2OGdYNnFYOUhVM1c2TjdQaHg3MVp2TUYxVmVidUlVcWx0R1RrX2s3VjlVYUdleEZQVGNtd3YwOTlCbVVVWmNZYlU0SEpaNV9Cbw?oc=5,The Times of India,"Sun, 14 Sep 2025 07:00:00 GMT",2026-06-14T20:40:05.917936,blackmail,True,False,candidate,https://timesofindia.indiatimes.com/city/guwahati/poor-road-conditions-leave-trucks-stranded-on-nh-306-in-mizoram/articleshow/123885746.cms
threatening message Mizoram,"Meiteis begin to leave Mizoram after ‘threat’, Manipur govt says willing to provide flights - The Indian Express",https://news.google.com/rss/articles/CBMi0wFBVV95cUxPQ3V5cmR1ZUZoQUQzNnJKenp5eUtLZTBJcUkzeHRTVXZ1ZWdxamRxYkFIX3dYVmg3QmlLRWJ5SFlqN1FNclNqWVRZUC1NVEdCWGtCY1lXSEZ1dkhsblpFbnZ4Z1RCalV3dlU2SW9DTE1VUHp2dVBRdVFWaFl0MHA5MlpoSHdnZTdIVDRialAtRlJKSnd6NkhLSURQak9KczdjMWlLWll0WndOOEdtdlZ1bzNySmxZYUMzQUhzTk1Gb0lKSUZKNVpzSFMwc21oNkV4eURv0gHaAUFVX3lxTFAtUk05VXhjRnB4ejBNQWNiQ1g1dk13QWFvdXo1ZjVNRnRPVGhoZDZYNXk0ZHozeFZsQUt0VnZtX0o3dlpJQ3NIeGtjZFI3V0Q1Z2JuZ0VQQkdtanVDWEZpR1VOeFl1T0p0a1BEVElvWHVzUlpaWTRoaVFlVllDOEtvUGN3MlRVekV5NXJqUEUxOTVfQnBucVhXd2Fnaks4bnRwYXlSUmpNNm1VMUl5ZVBsMFRXWGpUemhaT19wMGZOb3ZZNjhjOVlnbGN6NnlIR3dhYVZRcm0zZERR?oc=5,The Indian Express,"Sun, 23 Jul 2023 07:00:00 GMT",2026-06-14T20:40:05.917958,blackmail,True,False,candidate,https://indianexpress.com/article/india/meiteis-begin-to-leave-mizoram-after-threat-manipur-govt-says-willing-to-provide-flights-8855091/
threatening message Mizoram,"Not only Manipur, Hindus are under threat in Mizoram and Meghalaya. Stop the peril of Meitie Hindus in North-East. - hinduexistence.org",https://news.google.com/rss/articles/CBMi5AFBVV95cUxOUlR2M0M5RndFWGtyUlBDY1VvV0VmekpiY0ZzZlNONGU5V2xvRFk3SUloYlB0NFZNYXN0WnBZZXJkUFd5cy1qb2J2di1HM3p6YXFUZEp3SkpCaGo4Tno1WDJSblNMc19IUXpUZkc0TFczcWxfcnQyeVlVVERzRGg2bVR5ZmVuZExYekViMF9ONVJyMnhiaElKZzFwSTBZaE9DYjc1ckdSQ1RoSFA2X2tMVXRqbVFWR0EwUVRFX1RzaDFVYWRqajFLU2g2dUtXMEpQcVpCZi1MSFdfbVc2Zy10eWhpZ1A?oc=5,hinduexistence.org,"Tue, 25 Jul 2023 07:00:00 GMT",2026-06-14T20:40:05.917977,blackmail,True,False,candidate,https://hinduexistence.org/2023/07/25/not-only-manipur-hindus-are-under-threat-in-mizoram-and-meghalaya-stop-the-peril-of-meitie-hindus-in-north-east/
threatening message Mizoram,Mizoram CM meets special secretary - The Times of India,https://news.google.com/rss/articles/CBMirwFBVV95cUxNTmJDbmNPWEw4NVRWSG5MWlloWUFDYzU1M1haWXpnQzJUMEIxU3NMQTdlcEI0WFlpVU85czFnRktOTnNuaTZmR1JjSG1sdHRwRFZhbF96MEVtaHQ4SFAyZXY5Mnl3M3UxZzU1R0dDNU5BM1JyYnVtbC1nZV9maDI4ajhHLWdFUFVVOEJCc3ZzNGNrb0EyTFllVHJtUXE0MVNCQ2xFQkxvQUJKWmt4bjdB0gG0AUFVX3lxTE02bkx6UlZ2VklYQnZhdVVrbFJWZWoyWU5iNjdjUTRmUW94LWZIUUdaMlZOSDJvNkdnWjdXMzlFcl9wcGM4cFp5VXNtTkZQZDA3bEFBZW9XalVyMm0wQXBWWTVRUXQyVnNMTzRrQzh4S20zaUlBT2hqaDd2RHh1RjhMWUFiUVptSGJnX2FKRXNiclFzeWlsaV9KXzB4TG1TNG9NWXE5Nkx5VHItNzdjN1paMnpZdA?oc=5,The Times of India,"Fri, 01 Aug 2025 07:00:00 GMT",2026-06-14T20:40:05.917987,blackmail,True,False,candidate,https://timesofindia.indiatimes.com/city/guwahati/mizoram-cm-meets-special-secretary/articleshow/123049329.cms
threatening message Mizoram,Assam-Mizoram: Himanta Directs Assam Police To Withdraw FIR Against Mizoram MP - HW News English,https://news.google.com/rss/articles/CBMixwFBVV95cUxPTDB1Y2h1bHdmWHJiRDY2d0VsTENlbHlPRlpQcWtkSEFYTXdRTVBMZDkwMF9BZFNkaURyX0N2Wl9remxYUVBuOGJSMWtxRkQ0dHc0bXI1OW9TLTBKaUNRajVLQXl2dDY4cEFRUmlnWGVtU21zeVQxakZDdzZjNXZaTGl1dnRnSWZTZUQ2eXZDd2l2dTJUekFhR0JmdU9OZ0hPd2UwN1RtMlNnV2lDVFhfeFBRbk9UUm1BT1lrRW9pWjJ2QWlLV05B?oc=5,HW News English,"Mon, 02 Aug 2021 07:00:00 GMT",2026-06-14T20:40:05.917998,blackmail,True,False,candidate,https://hwnews.in/news/national-news/assam-mizoram-himanta-directs-assam-police-to-withdraw-fir-against-mizoram-mp161728/161728/
threatening message Mizoram,"Assam and Mizoram hold talks: ‘Neutral force’, no new deployment by states - The Indian Express",https://news.google.com/rss/articles/CBMimgFBVV95cUxPMm9jTUhIbnBFX0ROUDFGbHJnMzdoSWhRRVRLTU14bzBjaW5pek1rVy05ckxuLU5DT0Jhc005ekt3VGxVNG5GM1B0TXhLbjE2UUVtcnFmWlRHRlAtZkNkcDBCSkZId1NhVnZ1QVdBbTFYdnNrUEJBVHlQRm1lVHlpZlRwak9mYnN3MnJaTjI5MnZzbjlfdEVxZnJB0gGgAUFVX3lxTE5IQVhVbkpwVjVEVVBvLW9SOFA4RVBrQnR1SjFSZ25TNkRTeTFKV2NFWmJ4alpEUlhrU1hlRUhUQUJ0UGJXaGpQN1JaMEZxdXpKNDUyUDNhcjJwTjVrSjMzNnA0SzMtaTVCMGpsU1V2Y2NSSGhPZTFieEgwVU5CSTJOUEtpQU9uT0tNbTRHVmVtLWVsaXNlb2xCM0pEckNvazY?oc=5,The Indian Express,"Thu, 05 Aug 2021 07:00:00 GMT",2026-06-14T20:40:05.918028,blackmail,True,False,candidate,https://indianexpress.com/article/north-east-india/assam/assam-mizoram-border-dispute-7439861/
threatening message Mizoram,"US, Ukraine citizens who went to Mizoram posed no threat to India: Shah - MSN",https://news.google.com/rss/articles/CBMi0AJBVV95cUxOMW8tTXFBbkFtUDdvVFNzS3hrd1NZcmVsbmZMbWRndFBDOVM1Q0lfRGFTTzJUdWFhdXVncmtTOGFET2FSQmw4cmlQMzI3R3luY2Q2dXhBQVFmdXVENmZUUjRFQThXc29rSHZoR1NueEEzSWRaTVpiUmc2TGhVWXRQSVltOVE3S1VNcTliYjcxMnd2X1Fmb3hOY2FrOC1UZ01FanRSTjdqYTRkSTZMNVVzSzVxX1JLbGxVZE9jTjcteHhGeVp2cTk5QlF2Q3R6WHJ6aWU3eGJMeC04bm5IV1ozZTBxREtjVHBlbm1QVXZDaXc2NngydGlyTWR6YUhUWkJfVm5XRG91X2pOTlNsQ0IyQTVlZjNkWTNMbEN6U0Z6VFh5bnU0UERxQlU2NkEtdXJ3N0Rzbk5PMEM1bzZDUmJrSVZ6cWVmUDdYYm9jR3NLLTM?oc=5,MSN,"Fri, 12 Jun 2026 07:42:58 GMT",2026-06-14T20:40:05.918038,blackmail,True,False,candidate,https://www.msn.com/en-in/news/other/us-ukraine-citizens-who-went-to-mizoram-posed-no-threat-to-india-shah/ar-AA1ZzIG4?apiversion=v2&domshim=1&noservercache=1&noservertelemetry=1&batchservertelemetry=1&renderwebcomponents=1&wcseo=1
online stalking Mizoram,"Over 8L footfall in 2025, rail connectivity drives record tourist surge in Mizoram - The Times of India",https://news.google.com/rss/articles/CBMi7gFBVV95cUxOekxXN1hoOFRfUURDTXVpd0RmU3RGZllKV0xTejV6bzVsWVI2ZGNtNDlhU2g2UFNMVGtDbzdhY3pBYkRyUHNLWGVndEJ4OTdkdzFkbER3cUN4WWhwd0JJRXBuaTFzSW9kTUFaR25LNkdkbXhzOWhhc2pHbDJFNlQxZlBqN01xV1ZGUlpSek0zM3EzS251c1RQLUdCX195THBLOHh6Z2gwSFpYaGJUencyNDJ3eFp1SGZ2am51SWJ6VndLbmJrQmlZX3pZaGVqNUlSUXc3Y0Y1N1NHaVJkYTNvdlNFRXVWaUpKQmV5RllB0gHzAUFVX3lxTE5vMGJiQkZnX2NhYmNGUDdmV2h6a2tYZlNHYk5jeHRGbDhwV0JaMkJoWWktNDNJbkxGR3B4TzZId1lBT1RQVlRCUGNWYlZFdHVOTC1zeVJzaVpGbWNEa0VCN3lVT1dGa1RiSW1NYmVqMS03bUkxVmZfekxCU0tNZVBfTnVrV2lTQ19pZEt4SnkwY1U5bEsyUElXUzEtbGRsd3hCMzB3TjhuZnZqYkNZd3N1Y3d2SmxOR2JleVROb1A1bk9Rc3FHd1pxQVJkZE91YUxMM0RrZzZTTHI3S2tVQlJLbmJJcDh0MWlBaW1MRGhuQVhxMA?oc=5,The Times of India,"Thu, 22 Jan 2026 08:00:00 GMT",2026-06-14T20:40:10.929214,cyber_stalking_bullying,True,False,candidate,https://timesofindia.indiatimes.com/city/guwahati/over-8l-footfall-in-2025-rail-connectivity-drives-record-tourist-surge-in-mizoram/articleshow/127029057.cms
online harassment Mizoram,"Tripura, Meghalaya, Mizoram to protect endangered Clouded Leopard - INDIA New England News",https://news.google.com/rss/articles/CBMilwFBVV95cUxOUzk0OEFQZVAzNmNfVWJmQ2RyWUE1YllOUXZJdU10Mm83RTh6eDdhTnNfb0szcHFwZXRJNThkOGJld0psNzk0emdpRGFvRXhpcnJjVFoxWmhUUFduZWdvaTI0UmNYdDgzaHFkNG4xaUFEdW5KUFMtbDlBQkl1V2xSQVFwQVRxeFMxZUE4bWVlUnpBbGJGSG9Z?oc=5,INDIA New England News,"Tue, 06 Oct 2020 07:00:00 GMT",2026-06-14T20:40:17.141175,cyber_stalking_bullying,True,False,candidate,https://indianewengland.com/tripura-meghalaya-mizoram-to-protect-endangered-clouded-leopard/
online harassment Mizoram,"Mizoram volleyball player breastfeeds baby during half-time, image goes viral online - The Indian Express",https://news.google.com/rss/articles/CBMi6AFBVV95cUxNSzNMTTBVZmp1czVueVdqLWM5U2FOU2pNOFU0REZIOHBqT1lkRVRiaU02VzhWOE5adGJkM09jd0pBRFZzOEk0X3ZOZjdGRUhrWFQ5YkFIZzZHUkNTQl9RQ1VSdXRWbUFJZnM3a0p2ZUEwc1BkMnFpZHhkWTlkQXVSRjM4SWtreWlqcnRCUHA3UW1rVE1LcjBxOVdfdXF2NUd2Q3RMcGwyanVvWGo3Y0d4NzZXaXVIN3o2OThaYXhXVm9yT1JwQ1ZzVmprcjZEOGluNktBbGsza3AySnMyVmpmbEpwc21mRVlP0gHvAUFVX3lxTE1UWXh1YlduZlhWR3owdTRwV3VfcGhMaF9RckNBX1FBWTkzZ2ROQUt4ajJaTDhVaFRHMDZUNXU2TDhobV9ZeUFmaUE5NmpwZzd4SVhELUI3bVFfdUw4a0hhWlZ0a25UUy1renRNUGo4ZF9wbk9tVlVpRzVzRWtUSUNjUHF5S09PZE1oV3RHZkt4UFY5YmIxSkEyUi11RlNyVkVGVDQ4Z0ttaHhDYy1GdXFMdDdpVGFETWhpaTFCLWdJYnotdVBHYlZNbF9XNTdKSEVZMlJ1TWdkcDk1S2JHd2FRb2pIV0xockVvQXJCV0Rn?oc=5,The Indian Express,"Tue, 10 Dec 2019 08:00:00 GMT",2026-06-14T20:40:17.141307,cyber_stalking_bullying,True,False,candidate,https://indianexpress.com/article/trending/trending-in-india/mizoram-volleyball-player-breastfeeds-baby-during-half-time-image-goes-viral-online-6160010/
online harassment Mizoram,"Mizoram church to members: Have more kids, ‘save religion’ - The Times of India",https://news.google.com/rss/articles/CBMivwFBVV95cUxPS1Z4WWpDS2FZa05OZmxXRG92MXpyQ2NFSlhzNW92bXUyWWVMeGdfZ2h6SlktbE02eFB4TE95VjM1VHNKU3ZDSnVTazhKT0FNZVdMTTU2Tl9iSXFiZTRGWFlrRENaZzlUNFQyRmladUxhcWVSVGhaem90YzZLRC00SU8wUVV1NVV4ZXF1SE9PZmVORU9oTmF3Nnc0TWtzVkFMYVA5cW1nUnF0ajVDcDRtbEpvR21uTGhlTFFZU19tUdIBxAFBVV95cUxORXN4LVltSThmNmlGVHJjYkJ1LWh1Slc2cnhDb0hDZ1YteUFfejlxd05NQndMVjVaUVJKUGhwQi1zRGNHVkI4VkJENmNhdnFrVkV1am9yRFY3V3RiSFFad0dzbU1FTEdvNTV1Z2ZyRERZMnpkX1drSUNqZGk4RDQxNEtvS0FIU3lyTlowX3NmS1c3QzlRQ0hTWEJ2Snp4Zk1lcXZnWUxPWkVkTGs3a09QMmdjQVZMVTUwOEowRkp4dTRXN1lI?oc=5,The Times of India,"Mon, 10 Mar 2025 07:00:00 GMT",2026-06-14T20:40:17.141320,cyber_stalking_bullying,True,False,candidate,https://timesofindia.indiatimes.com/india/mizoram-church-to-members-have-more-kids-save-religion/articleshow/118824993.cms
online abuse Mizoram,Mizoram launches online medical referral system - Devdiscourse,https://news.google.com/rss/articles/CBMioAFBVV95cUxPbF9vNDVudzVEMjl3YTdMZThQZUlaUFd5UjhCS3Y1ZmpCNjZiRU80MW5tVEltQkUwb0g1MWdsOGh0UERMNTRtcDdLczNiZmhQcDN6aXRPOTV0OU9FN1dTemlOdDZyenhiZkhhbEY3NXVTaW8tYU1JUXp3R3Z0b2NlQzJqeTFzNFNiRWJLSEEtUnJNN2lzZk9PcTZRemd3cTFX0gGmAUFVX3lxTE1HMUh4Vi1hS2VCT1ZVd2F0QXYzRk1lQTBBUGQtTS1MWFFFZ2tXUUdhUVo5c2RTQmlFcmZrQ2pmOUFlZ252NVpPUERUWVhod2djNFFYYXkzZzFyMU9uRnlraXFJcGJTNVhZZlA0Qm5SOWtyYWtHbnVhaUp5OVRpWU55R2QxTzZIbzNhRjVtQU5fR0E1a1cwN3dpaUpLTmN6NDVaT19WUkE?oc=5,Devdiscourse,"Wed, 20 May 2026 07:00:00 GMT",2026-06-14T20:40:22.465820,cyber_stalking_bullying,True,False,candidate,https://www.devdiscourse.com/article/health/3915660-mizoram-launches-online-medical-referral-system
online abuse Mizoram,Mizoram govt to handover de-addiction centre in Kolasib to church: Minister - ThePrint,https://news.google.com/rss/articles/CBMirgFBVV95cUxPZ09IZWtCeFhUZUNneDBiTmxyRk9KT3hEN05nc20yR2JTQWlVQ2dBMGlLV0lBd0RnWVJKakxUVG9KZ0FjdTVLaHJDdFhVc0lFdldOTVZjVTkzX1pXc084U1RLT0RRSVNOYTBfZ3Zhc21RX0lCQm0ybC1wZUlQMjJVSWxPZ0ZQeVBXOE11NnFyUVl1RmlZZkFWTWpGWUl6T2tmYVBaeUg1eDZXdXZ2d1HSAbMBQVVfeXFMTl96dm4yaWdRNUNJaHgtbDU0bF9RNzhXMWE5Vmk4UVVrVWgtX3Vrb0JqOFNSNUhOemUwMUVjajhnaTFJRmsyTGp5V1dNcDV3cmJkN0RSeTVSa3diRGNxa0hFaEdvazBvXzYyVkRvbE9JeC1KMnQ3dmgza2VIbDhJV0U0MHZCVTNJNjlseUdKN3NQc291ZmxrazNhbmp0c010bmRVa3pvVUR0Z3pPd1BTMDlsOTQ?oc=5,ThePrint,"Wed, 18 Feb 2026 08:00:00 GMT",2026-06-14T20:40:22.465869,cyber_stalking_bullying,True,False,candidate,https://theprint.in/india/mizoram-govt-to-handover-de-addiction-centre-in-kolasib-to-church-minister/2857603/
online threat Mizoram,"In rural Mizoram, I struggle to stop my community from hunting - India Development Review",https://news.google.com/rss/articles/CBMipAFBVV95cUxQY3M3elhMUlJvazZfRVJjVW1HVUFKcVY3dVRfT3R5UXFuWnhiWk9CU1dZcExkc3dXY3UxdnVsRGU1RnFCMlQ2aUp5dTMwbWQwVlRhYzhGSElQUk9pS1d0cVdrcHZFMllZbGYzM3E5RnlXdUtSRmduMC1iSVJTd3dZZ2dhN0p6R3gxOUtyT1ZsSm01UjJfWHBRYWxBaTlpaGsyQmNKNg?oc=5,India Development Review,"Thu, 13 Nov 2025 09:31:02 GMT",2026-06-14T20:40:25.550178,cyber_stalking_bullying,True,False,candidate,https://idronline.org/ground-up-stories/in-rural-mizoram-i-struggle-to-stop-my-community-from-hunting/
online threat Mizoram,Mizoram landowners threaten stir over Rs 14.56 cr unpaid rail project compensation - India Today NE,https://news.google.com/rss/articles/CBMiywFBVV95cUxQdERHYWJCMW1Ec2lyNnlUSlZENUlnY1hpUmFPQzMzd3hTdjhwaGFNWUdQRVhRZ3B6ZUtnRXlfRXQ5ODllSHR0RlEyZE9QUGFZckdyUENteGJnQklSVXVQcFd0cTVlY19Ia0txNlJVdTA3S1prUUctd1JyWm1Jd0R1a3VoVlR6LXZrZURQbTBOaVIwR3hIRGpUUWdKT2ZaMVlfQjZPMXZPVzZUY2hvYnNJM2Q3WFBYeDd4U1BDSzRVelExai1lX25fWEh1SdIB0AFBVV95cUxNXzhVcWdUNkNrTXJfOHBrcUNTSnF4M3ZTdWlMMjJ5UVhBTmtjaS1ZUy1hZno5UDV6c3haakVHbE1DOVNmTC1yNGJERHZnRVp2MlRyektDU1dEa0hlVE5obXBiYWtMSmxDS1I3M2MzcDdjRElRU0lDRnZMajgyLXcyMVpPbVN6c1JXcmdLNDN0QjlPRnNvZEVDM0YxZUxfWGtHZEhjT2ZueGFmUlE3RUZOaDlxaGM0OEZuQ2JlMHdoTkQ1V2x2VHotZGZ6SHNpbHdU?oc=5,India Today NE,"Wed, 13 Aug 2025 07:00:00 GMT",2026-06-14T20:40:25.550190,cyber_stalking_bullying,True,False,candidate,https://www.indiatodayne.in/mizoram/story/mizoram-landowners-unpaid-compensation-bairabi-sairang-railway-project-1260345-2025-08-13
online threat Mizoram,41 people of Meitei community reach Assam from Mizoram after threat over Manipur video - Telegraph India,https://news.google.com/rss/articles/CBMi1wFBVV95cUxQd2d3dU1pUkhxYVo5blZSdjNyeVl0a0VaNm5vWDBYZGIxTzlKZWJiTjlhRHMwZFQ3QjliRVk0TnBCem1RcE1lZ18tbmZKb2s3QTFRdzhXY3ZZenB2MGxKZS1xcl82TGNVTTNZRXY5dF90V29WS05ZTDRhMzlYY1Nyd2RQRk4tTE1Ua1lRX0JkblpvLThiSC14NzZ5bWhzUzZHcXkwVXFQVHRBTTVYdG5vdlhPVFlQeEpNSWpER3JqV2UwOXl4Y3JSeWNaYThtbjMxWjFBVHBETdIB3AFBVV95cUxQY2dLQ0dmZTNwRU1OamQ2OU5zeE9ITERrR2dpYk1sN2dJYzhqMzN0TFhodWduUm9sb25JZHUyNXg4eG9WRmtmZ0MyaWJJb0VUQW90QkxNc2dXVjdCM1EyRHFyTmVDcmV4ZTRkTWsySVJxUVhHcjQ3WXFCVDFsZWJBbUgwbjZNY1pSSXFweHB5RG5mY3FWaTl4VUZxTVJtWDJPcDM4Zm9HUFhpdWJnOUVYWmF1N3pBVmlQMG93dk1CeXdXTktteW1HZlUzcGg0MXFhdE9ObDlLRW1PMEV0?oc=5,Telegraph India,"Sun, 23 Jul 2023 07:00:00 GMT",2026-06-14T20:40:25.550229,cyber_stalking_bullying,True,False,candidate,https://www.telegraphindia.com/north-east/41-people-of-meitei-community-reach-assam-from-mizoram-after-threat-over-manipur-video/cid/1953998
online threat Mizoram,"Aizawl: No beggars, no spit, no chaos - Inside India's most ""un-Indian"" city - The New Indian Express",https://news.google.com/rss/articles/CBMivwFBVV95cUxQY081bkY0ZnlpQmFqNThacThUc3l1UHdpYTYxYVJuRHRQU0dNVlhvMWxSNUdOY2ZFby1OLTFGYmRxWDJTTkptcHltVlpTNC1leDNGRUlrN25rOHVpbmhMS0RDcDdwZVJhcGJ3Rkl1STk3bUZ0VW9kRk9oeUdCLUlYeHVRWUlRRllVR1JKMmNHQTB1b3hnLTVIbC1YZzVJVjctUjA1VmRBcjc2RklzVDZ5Zmt2UjNXcno4dmVKS1lFd9IBzAFBVV95cUxNSkRkVkQwZjJfbzVoRzVuQTJyM3Y1TzRHTWhSNXFQeFdQN1BSR0x4Z1BRYmZtWEcxRDkyZXEyM3FUT1ViYnQ5Q190eFdlRU9HSVVDWERXNl9kZl9lTkNvMmlzQXhJSTc0YVFMUHBkemhHNWx6YnFQR0V1TjZVbTBwY1M1WlJEYWp6RDRCT1pnbEFPTHl1SlFKVmZha2x1NnhCUXQ2U2d5b2t0cVpzMWExTnNleF9BTHdiOFppZWdCR0VWQ1FsYlZMVlJueXE?oc=5,The New Indian Express,"Sat, 28 Jun 2025 07:00:00 GMT",2026-06-14T20:40:25.550241,cyber_stalking_bullying,True,False,candidate,https://www.newindianexpress.com/web-only/2025/Jun/28/aizawl-no-beggars-no-spit-no-chaos-inside-indias-most-un-indian-city
online threat Mizoram,Assam Mizoram Border Dispute: Two states at loggerheads- Latest Updates here - Jagran Josh,https://news.google.com/rss/articles/CBMiuAFBVV95cUxNaUtWRkRTMHpYU2xYZktUX0o1R3JFM3BBNGE1bTFDcm15QXZMSU9RMU0xdGM3OTdScVFieFp1M1N5czNoSjN5d3psRVBYZTRoTDBfZGU2amF1X1FxWFNqa3ZOVnR0bDA0UHVDNk1jUGd4NEgySlA4eWRGb2Z5aGd5NzRScDRTRFR2Y1BINWs1NlBHdmRhMHRqMTVWZEl4M1FUU0NfRmxIcnpYcmJkaFBHcnVjODJkcHB6?oc=5,Jagran Josh,"Fri, 30 Jul 2021 07:00:00 GMT",2026-06-14T20:40:25.550287,cyber_stalking_bullying,True,False,candidate,https://www.jagranjosh.com/general-knowledge/assam-mizoram-border-dispute-history-reason-and-way-forward-1626344487-1
sim swap Mizoram,Airtel to Switch on 5G in all District Headquarters of Mizoram by April 2023 - TelecomTalk,https://news.google.com/rss/articles/CBMifkFVX3lxTE9IaldMczJ4UmlGd3ZkaUYweFh4SDJMOEhjWVJVSmhMRTZmdDJ6b21hdUNZRllJYU56MUxVUzJYRndWdXg1LVVTZDhHMlphQ0RQSmV6bTk4UXlTcURpVGl6N3JzcXo3REhTTmhqamZ4U1ZVOEhZbkVIRjdTTU5RUQ?oc=5,TelecomTalk,"Tue, 31 Jan 2023 08:00:00 GMT",2026-06-14T20:40:27.328816,sim_swap_cloning,True,False,candidate,https://telecomtalk.info/airtel-to-switch-on-5g-mizoram-april2023/671109/
