query,title,url,source,published_date,collected_at,search_intent,is_state_and_cities,is_noise,row_type,real_url
cyber fraud Nagaland,Nagaland woman arrested for providing support to China-origin cyber fraudsters - The Tribune,https://news.google.com/rss/articles/CBMivgFBVV95cUxObjFJdlRnbHpIeWJBaUI3SnlxekdBTW5DZHYwQTBKTUpwRHBIcllEVVhXc25mQmxNdTIxZTluNElGaEpSVzR6cnAxOXpiSFNheVhXaGlHXzZmSHFGSi1rSHY0Z1JsTnk2SUhXQWhqSFhRNkV4MHlIajc3cHJHSmdiZmNET3pUTkZCeGxRVDdtbzBtdDczSFpWcEdYbGVCR1ZaMFpjaUs0VGJQRG04dnV2eHh3NzVpTG1zUHJqS1FB?oc=5,The Tribune,"Mon, 16 Feb 2026 08:00:00 GMT",2026-06-14T20:32:18.972542,cyber_fraud,True,False,candidate,https://www.tribuneindia.com/news/haryana/nagaland-woman-arrested-for-providing-support-to-china-origin-cyber-fraudsters/
cyber fraud Nagaland,Govt warns consumers on cyber fraud linked to LPG bookings - Nagaland Tribune,https://news.google.com/rss/articles/CBMijwFBVV95cUxPWGVEUmdWRHcwRWRVTmZZVTZISVExUWJjTUZERjNFUkZtd016YnRmdzZ5SjFpcmtyWjRmcXJ6a211WVpZN0xkTGt3cndzTWVYUHU2N1VRZW5TMUhSVDktaDRlbGVPRURobURnUjN6bFFjMXBuVVI4NzlZdUlzUW5RUDUxRlFvY29xNUlacmY0aw?oc=5,Nagaland Tribune,"Thu, 19 Mar 2026 07:00:00 GMT",2026-06-14T20:32:18.972555,cyber_fraud,True,False,candidate,https://nagalandtribune.in/govt-warns-consumers-on-cyber-fraud-linked-to-lpg-bookings/
cyber fraud Nagaland,"Safer Internet Day: NIC Kohima cautions public on cyber threats, promotes responsible AI use - MorungExpress",https://news.google.com/rss/articles/CBMivAFBVV95cUxPMGVBNTNZU1JiWE5kUXZ5VkxpN2ROMUNuT1Rfd01VbG56RHR4eGNhZDd1bDhFMHFFTXN4SlE4cWIzcTAxUFdxU1VzYUZsMXhkaHZydkdFanZfbmRUZ2huelFDTjRrRGRaazlpU0VqeVgyMHh4Xzd6Zl9kOW1FTldwS0JaSmdIUl9SSXdPM2V0MFhTQ3JCVUdQd3dUQ0tfZ1BDVUxtalFreW1kcWwtRTJSelZfMVBiWEdhQllWeA?oc=5,MorungExpress,"Mon, 18 May 2026 04:19:39 GMT",2026-06-14T20:32:18.972568,cyber_fraud,True,False,candidate,https://www.morungexpress.com/safer-internet-day-nic-kohima-cautions-public-on-cyber-threats-promotes-responsible-ai-use
cyber fraud Nagaland,Nagaland Woman Arrested in Gurugram for Aiding China-Linked Cyber Fraud Ring - The420.in,https://news.google.com/rss/articles/CBMigwFBVV95cUxNc25nZnh5SVViOWtBQWhCT3BTdnVxVGhSU0p5bWcyMFhIM1FZZ0Zsa19xRDVtMWRMY2xIZVo5MklUT3FkSWRPc3NoTnRfa2RhbmJlbVRPZVUxS2JVd2o0Z3lCOG9UN1dDS1RURGJKazZlZ2hWSGhxMUxweFVfM2pwTG5wdw?oc=5,The420.in,"Tue, 17 Feb 2026 08:00:00 GMT",2026-06-14T20:32:18.972604,cyber_fraud,True,False,candidate,https://the420.in/gurugram-nagaland-woman-arrested-china-cyber-fraud-sim-box/
cyber fraud Nagaland,Safer Internet Day: Call for safe & responsible use of AI - Nagaland Post,https://news.google.com/rss/articles/CBMihwFBVV95cUxOSmNuWFRTVFJFVWhFMzhCVTgwbVBtWm5FTndwRUxnMkdmb3RzNERGV0x2dVVaWng5cXd6MHZ1ZnBQeDJia2VfdlMxajRSLVhPVHZNQnNXWHNId3RkUjFhLU5mUXplR01DS05Vc18xTzF4c0RfOVRPbDJqZE95Z2w4c0ZEMVNMR3M?oc=5,Nagaland Post,"Wed, 11 Feb 2026 08:00:00 GMT",2026-06-14T20:32:18.972624,cyber_fraud,True,False,candidate,https://nagalandpost.com/safer-internet-day-call-for-safe-responsible-use-of-ai/
cyber fraud Nagaland,Nagaland woman arrested for aiding China-based cyber fraud ring in Gurugram - The Tribune,https://news.google.com/rss/articles/CBMiugFBVV95cUxOTV9oRVY4MHBDbE9ObnBvaVB5R2JQcmpqUUpaUGNwb0pRSG51dW1VbVVBSS1jV0hMNy1xR2ZCdWExUVc5WGo0ejBDMGJFWEx3MllYeV9pUkNZZDhHRTJpRWgwam5PeExtN2pkb05nZi1wdHRtc1A4NThuWFNUTjBsM2Zhd0NTVWMxbHhtd1A3VzNWc01YaVR3eUN5cnBBRzI5ZFdXaHBYaXBQNGc4bmd0djFVRGM4MXFTYUE?oc=5,The Tribune,"Tue, 17 Feb 2026 08:00:00 GMT",2026-06-14T20:32:18.972637,cyber_fraud,True,False,candidate,https://www.tribuneindia.com/news/haryana/nagaland-woman-arrested-for-aiding-china-based-cyber-fraud-ring-in-gurugram/
cyber fraud Nagaland,CYBER SECURITY AND FINANCIAL FRAUD AWARENESS PROGRAM HELD AT TUENSANG - DIPR Nagaland,https://news.google.com/rss/articles/CBMimgFBVV95cUxPWWxveklVOGRUM1RRNDIycVBTRm1DbkoycHpkalBVN29DUFZLc1VWUjZ2Njhpa0s1VTFqNjZEYVkwS1VxeG5JV1E1bUZQem9HYkNFZ01KbFUtWE9XSEpZQkhSc0Rub3dtUUlDOWxUWkYwV1NmTFlkd1hoX2x4dHktVGlCQW1WNEV3NTkzamNucHp5dkFIbVdYcU9B?oc=5,DIPR Nagaland,"Thu, 20 Jul 2023 07:00:00 GMT",2026-06-14T20:32:18.972670,cyber_fraud,True,False,candidate,https://ipr.nagaland.gov.in/cyber-security-and-financial-fraud-awareness-program-held-tuensang
cyber fraud Nagaland,Cybercrime in Nagaland: INR 15 crore scammed in 18 months; INR 2 crore liened - Eastern Mirror,https://news.google.com/rss/articles/CBMiswFBVV95cUxPQk8zWmU5ZlIyeEdyQVczTUhuWS1fa2c1bW9BUWV0XzE2ZXBjcWM4TFdiZEVKa3diNnZsRXF2SnlDS3hkVm0yekR2Yk1ScGt2eXYwNFdSb0VJa2gxR2F5OTdnLWpUUUk1dGpBSFVrTnFkRWxyemd6WEQyZTduUUhsMHI1ck91RVhJRklUZFBLLU1DSVdlQmdHUjlnY1lpbHpQcFFvaDJhUldaeVowV0dkcWVFQQ?oc=5,Eastern Mirror,"Wed, 20 Aug 2025 07:00:00 GMT",2026-06-14T20:32:18.972681,cyber_fraud,True,False,candidate,https://www.easternmirrornagaland.com/cybercrime-in-nagaland-inr-15-crore-scammed-in-18-months-inr-2-crore-liened
cyber fraud Nagaland,Nagaland: ED files second supplementary charge sheet in HPZ Token Crypto investment scam - MorungExpress,https://news.google.com/rss/articles/CBMiswFBVV95cUxQaFNkMVFBOUF2YWJBZWxGOUdBbzhrMjYtbEwtVGdKQU9RSXB0RW9EQ3J6UzBGclhjYWJnX2NiZ1JpVEN1b0lFT185NVNaZjZab3BOd19kbk1xSmdfRWlSdnZ2Q0NLTzdUUm1OZml0ZjdXLUk2cE9LUEtfY1c1R3EwZEswR0gyNzR5R21xdTRJbi1obmhLN0NNMkszRHV0UVJ4TnlOUTZhdjlOYk5qazFXbHBnbw?oc=5,MorungExpress,"Thu, 30 Apr 2026 17:48:15 GMT",2026-06-14T20:32:18.972692,cyber_fraud,True,False,candidate,https://morungexpress.com/nagaland-ed-files-second-supplementary-charge-sheet-in-hpz-token-crypto-investment-scam
cyber fraud Nagaland,"Army officer impostors, fake apps: Cyber scams trap Nagaland citizens - Eastern Mirror",https://news.google.com/rss/articles/CBMiqAFBVV95cUxOaTU4OW52SE1vMnlMV1VPTWhnUk5hOHkwZmdCTnpCMUNSUVExM3VBXzJHZnhYUmxGT1hIWHZBOFpFcUhLOGozd01mVzdzZUptSHZWdGlwTUQ0VlpkQk9fU3dHZF9BV3RIQk42VWZzNXloZF9sY3VjbkxhTGFMRmw2NjRBYXg1dlFNbWNzZ3JrUlZheGJJc1JNWUdBeERxTk14OTYwcTRTTVo?oc=5,Eastern Mirror,"Thu, 21 Aug 2025 07:00:00 GMT",2026-06-14T20:32:18.972703,cyber_fraud,True,False,candidate,https://morungexpress.com/nagaland-ed-files-second-supplementary-charge-sheet-in-hpz-token-crypto-investment-scam
cyber fraud Nagaland,Rs 157.90 crore cyber crime fraud committed across India: Gurugram Police - Nagaland Tribune,https://news.google.com/rss/articles/CBMiogFBVV95cUxQMVJnSEl0WGEtdVhVRjRrUUpyTGVfSi0yTkVLTk9mWUx0WTVPZ2dzNjVBeWlVcG16TkRfbjlQT1VDV1Q1M3lrOXNYZWlQem5sOXVSQ3l5Zzc5TU5uOU5xcmdvd0thWkVxRHlSSUVkRW1uSndmMzFNeUlwclozTVM5Z0NSVU5OaTcxYThraUdKSXR2SkdNYmhBSEg2eXhyMUpPaFE?oc=5,Nagaland Tribune,"Mon, 24 Feb 2025 08:00:00 GMT",2026-06-14T20:32:18.972714,cyber_fraud,True,False,candidate,https://nagalandtribune.in/rs-157-90-crore-cyber-crime-fraud-committed-across-india-gurugram-police/
cyber fraud Nagaland,Nagaland observes Safer Internet Day 2026 - Eastern Mirror,https://news.google.com/rss/articles/CBMihgFBVV95cUxPd1AtWG5HZDl1bHdVdVItRWJxTURrWHV4d2NnaENyVUpyNE91Y1o1dDlBTHVaMDNINXBENV94bE5tUEp5ZkZtdDZRSy0tSnFwTk9xNlBuanVtTlItdjZWU0RsNWV2WkNjZWh2R3hWWUhBVVh3ejNIQXlPa3U3NE9vYUlHSGxSUQ?oc=5,Eastern Mirror,"Tue, 10 Feb 2026 08:00:00 GMT",2026-06-14T20:32:18.972725,cyber_fraud,True,False,candidate,https://www.easternmirrornagaland.com/nagaland-observes-safer-internet-day-2026
cyber fraud Nagaland,45 from Nagaland in Punjab jails on non-bailable cyber fraud charges: Helping Hands volunteer - Nagaland Tribune,https://news.google.com/rss/articles/CBMivAFBVV95cUxOS3dVMUVsaFo4UVN1WjI2Ty01Q2Y1WlUteGN0QTBnZDNKUTlOZWJxLWdSM1d6X3RhRDlKY1AwYURTdU9TVUYyQXpQR3lrYXNnT1pPaUV5MU1ObXAtSWtYN2s2T1NZSDVsUVdwaVp2YXRva1Vjd2QxbkRsdURlYU9wMm5jQ05xbGxRRnd3bWxzSy04eklKc09Sc3BGR3Q2LVZ6T21acVFjQVg4c2thSUFWOGRCNTBaamV0enBHUg?oc=5,Nagaland Tribune,"Tue, 18 Jun 2024 07:00:00 GMT",2026-06-14T20:32:18.972735,cyber_fraud,True,False,candidate,https://news.google.com/rss/articles/CBMivAFBVV95cUxOS3dVMUVsaFo4UVN1WjI2Ty01Q2Y1WlUteGN0QTBnZDNKUTlOZWJxLWdSM1d6X3RhRDlKY1AwYURTdU9TVUYyQXpQR3lrYXNnT1pPaUV5MU1ObXAtSWtYN2s2T1NZSDVsUVdwaVp2YXRva1Vjd2QxbkRsdURlYU9wMm5jQ05xbGxRRnd3bWxzSy04eklKc09Sc3BGR3Q2LVZ6T21acVFjQVg4c2thSUFWOGRCNTBaamV0enBHUg?oc=5
cyber fraud Nagaland,National Crime Records Bureau data shows increase in crime incidents across Nagaland in 2023 - Eastern Mirror,https://news.google.com/rss/articles/CBMiygFBVV95cUxOVnFfb3V1REpuVHFyMGhITFVkOU4yZmtRWkF4VTA2MUplMjJwQkFFUi1HcW5TYVNDN0V5NnprYi1mSTl3dll1eC1XR3ZQZDE3RmxRQlhTLXVIT202UE5obEVPa3BCNl9JeWZTb2tHeFRNZmRiV2c5SEJmOTAtMUFBUjdEMVp4Tm9IdE1jcTlyVkJjRUJlVTk3VUJxSU5qVXpTQm8yUi1ZU0NwZlhYNW9BcWlybXFmNW8walg5aGZNZWUySGMtVHVaYWlB?oc=5,Eastern Mirror,"Tue, 30 Sep 2025 07:00:00 GMT",2026-06-14T20:32:18.972746,cyber_fraud,True,False,candidate,https://www.easternmirrornagaland.com/national-crime-records-bureau-data-shows-increase-in-crime-incidents-across-nagaland-in-2023
cyber fraud Nagaland,Nagaland Police informs on 1930 helpline for cyber financial fraud - Nagaland Tribune,https://news.google.com/rss/articles/CBMimgFBVV95cUxOU2V3V1p2cHJHZnVUSnRQT3NHOVR0Zmxzd0NRV1o5ZmJKTG03M3hKbEJLMml3UDE5ZXRSYTAyLUFmLXMtbzNCYS1DU3l5Q2k0RXJWYTBEQ3BSTDg3Wkg3Tjh4dGhvMWNlTUo3R3lRMEVmOU0wN2NBMWlRei1zY3lHcjVRQTVmNjR0M1JseFVqMHJUQ2E5ZUt4U1BB?oc=5,Nagaland Tribune,"Tue, 28 Jan 2025 08:00:00 GMT",2026-06-14T20:32:18.972757,cyber_fraud,True,False,candidate,https://nagalandtribune.in/nagaland-police-informs-on-1930-helpline-for-cyber-financial-fraud/
cyber fraud Nagaland,WORKSHOP FOR SENIOR POLICE OFFICERS CONDUCTED - DIPR Nagaland,https://news.google.com/rss/articles/CBMieEFVX3lxTE1zZVJ4VkZ3VDdrZzBTZkh6NE92Q3JqSkROUjlySFo3eDJ0TkZ2OHJKNV9tVE1taUNTa2xLNzJVUDZmaE1ZZjlFYUV6UXpTWF9RUFFlc2pKekhVYURxSXBuc3FtLVVSTWJEbHdYWWFHWkp6a0RyblJCRA?oc=5,DIPR Nagaland,"Sat, 30 Apr 2022 07:00:00 GMT",2026-06-14T20:32:18.972768,cyber_fraud,True,False,candidate,https://ipr.nagaland.gov.in/workshop-senior-police-officers-conducted
cyber fraud Nagaland,NSDMA CONDUCTS MOCK DRILL ON I.T. BLACK OUT AND CYBER ATTACK - DIPR Nagaland,https://news.google.com/rss/articles/CBMiiwFBVV95cUxQb1o0WWYyOTlka0NLQ09qcXMzUUthR1ZWRjIwcWtNUElMbk04NDZDNnpoa2JXYnZuRG05eEhjcmxmaW1FWHN5SjlnbFQyUEVhQkwxM1VBWWEyY1dHVHQ5Sk9qQkFnVVNtTS11X2JSMWlvM0JhWS1tUDA2bVUzc3QyOUhxX3BmR0dpb0Jr?oc=5,DIPR Nagaland,"Tue, 27 Jun 2023 07:00:00 GMT",2026-06-14T20:32:18.972779,cyber_fraud,True,False,candidate,https://ipr.nagaland.gov.in/nsdma-conducts-mock-drill-it-black-out-and-cyber-attack
cyber fraud Nagaland,Safer Internet Day held in Kohima and Mokokchung - Nagaland Tribune,https://news.google.com/rss/articles/CBMiggFBVV95cUxNZnMyUW9HelVsY19mcmtwblVDdzFwczk5a1A5M0N0ckRyM0FjMUhWT0cwUlZoRWR1UUN6a1ZIOUxIV1BQVWxGTlpaME1rN1RrblhDTGw5cGE2bXdFV3doNlJrT1kyVFh6UndEZVRETVNiZXdwaUM0NVFicGZ0Nm84Mkxn?oc=5,Nagaland Tribune,"Tue, 11 Feb 2025 08:00:00 GMT",2026-06-14T20:32:18.972790,cyber_fraud,True,False,candidate,https://nagalandtribune.in/safer-internet-day-held-in-kohima-and-mokokchung/
cyber fraud Nagaland,Coordination meeting held at Chiephobozou - Nagaland Tribune,https://news.google.com/rss/articles/CBMieEFVX3lxTE1IYjdUMWlERjdmYUVITm1zbkdUbHFDVzE3UjJOUVRpMnJlZkdfYXVsdVI3b2FZRHRETWJURjVXX0VvSUp4VS1PV3Z6U0FEdUk5NnN2TkpmNWJtR0dJRHFuUktPczFyNEdDNno3c2RtRlB2WmU0bHRHLQ?oc=5,Nagaland Tribune,"Wed, 10 Sep 2025 07:00:00 GMT",2026-06-14T20:32:18.972807,cyber_fraud,True,False,candidate,https://nagalandtribune.in/coordination-meeting-held-at-chiephobozou/
cyber fraud Nagaland,Awareness program on Cyber Crime held at Kohima Science College Jotsoma - Nagaland Tribune,https://news.google.com/rss/articles/CBMioAFBVV95cUxPZE5zczB2Z1FEZ1liaXZSVnE4LWJITkFIWlgzd2lsbHVGUzh2cE1JR2U5U0JfVnlyU1U1X25RU2F3bDE2c1lWanduTlluN0N1QVZFalNLbXBCeFhWcDNELVhZMmN2WFBKRTdTOUxmMGQzSk83YkNOYkJ6TXdtMDlRTFQ0Sm5JRkxZbVJNeFVlRlpHODNjNDBVdW1JZzJvbkow?oc=5,Nagaland Tribune,"Sun, 22 Sep 2024 07:00:00 GMT",2026-06-14T20:32:18.972829,cyber_fraud,True,False,candidate,https://nagalandtribune.in/awareness-program-on-cyber-crime-held-at-kohima-science-college-jotsoma/
cyber fraud Nagaland,Nagaland Police file case against RGA Company after receiving complaints from victims - Nagaland Tribune,https://news.google.com/rss/articles/CBMiswFBVV95cUxQQUNhbTJtTWFXQXBuNzdpZHFBTm5LVy12ZGxVdC13WHNYMkx6SVdKY1hWd2hDYkQzYnloYTVWNUUyQnJGZXI0S2szZmloX0lPYWpKNDZhYmtScFZJYUxLRHhmdDdhS3JHeE9zaWRwVDNLZXVNZHNSMEd6NVdiNW1OemNhSXJWY0ZaZUViMEp6SkRzcG1nZDBFTEJYOUxSYlBSVGJCVUxibm1NQ0FTV0dscFNFNA?oc=5,Nagaland Tribune,"Fri, 25 Oct 2024 07:00:00 GMT",2026-06-14T20:32:18.972856,cyber_fraud,True,False,candidate,https://nagalandtribune.in/nagaland-police-file-case-against-rga-company-after-receiving-complaints-from-victims/
cyber fraud Nagaland,Hyderabad cops bust pan-India cyber fraud syndicate; arrest 104 fraudsters in 16 states - Nagaland Tribune,https://news.google.com/rss/articles/CBMitAFBVV95cUxPTHhPaU5OdXJXYmhOS0VmRmJpQ0xZUlJOZUhiZ3lCME1oaVBlVnhUMnBIOEppX1l5amhtV2VERWdXV1B5eDZNT3RqUnZJSFEteTBiM2UyZnZwWTJYd2RJU05VUU1QaWxudkhVeE5aZ1Q1R0NMdzFzeVdrclIydW1vZTF2QnptLWoyZnAzRjR4UmVxcXdWRmp5TE9sZ3ktTW9JNmlYYXJaaWxoQWdRbU03ZnZNbkc?oc=5,Nagaland Tribune,"Tue, 24 Feb 2026 08:00:00 GMT",2026-06-14T20:32:18.972868,cyber_fraud,True,False,candidate,https://nagalandtribune.in/hyderabad-cops-bust-pan-india-cyber-fraud-syndicate-arrest-104-fraudsters-in-16-states/
cyber fraud Nagaland,Rajasthan: Cyber gang responsible for breaching govt portals busted; 6 arrested - Nagaland Tribune,https://news.google.com/rss/articles/CBMiqAFBVV95cUxOdzQwNFd0MmJVT2xBdG5SSl9IcFNCT2RIQndHWlAwaDcyQlRsdUp6RUxSWlo3c3ViTlNZenlMZlNvYnNVOFFrcmFvYU9hdnlMbnI0dTNkWnFjc25PNEY2a2p6VzhRQnpIMldTaUNLdy13Tzh3NVF4aDdFaE11dVNjc3hQZWZzZExkOHRTV0dMaXhOWUlIRDdEM1YyR25FMFdBNkJ1VjhXUmk?oc=5,Nagaland Tribune,"Mon, 27 Oct 2025 07:00:00 GMT",2026-06-14T20:32:18.972890,cyber_fraud,True,False,candidate,https://nagalandtribune.in/rajasthan-cyber-gang-responsible-for-breaching-govt-portals-busted-6-arrested/
cyber fraud Nagaland,INR 8.8 crore lost to online financial fraud in Nagaland sin - Eastern Mirror,https://news.google.com/rss/articles/CBMipwFBVV95cUxPa1ZfNFlDWmxYTFpFOThsYVRaZG50ZDJJeXlSbHhKWWVXZDlLaU1wRDczZjVqUVBFSjFSYzEzeFl2Y19NbDltUVY4NVRMdkl5bkM0Q1lrclBGTUF2V2c4MjFjeXo0Sks5YmFPdFJTNmJ1Q2tHSVN1LUhLcVRsN1VOb2ppTFF4SU1BOEdMbEx1TFkwdHpmeGlBUXRlYWlYekxWUzVzbnJ0NA?oc=5,Eastern Mirror,"Mon, 27 Jan 2025 08:00:00 GMT",2026-06-14T20:32:18.972901,cyber_fraud,True,False,candidate,https://www.easternmirrornagaland.com/inr-88-crore-lost-to-online-financial-fraud-in-nagaland-since-2022
cyber fraud Nagaland,The scamdemic targeting the young and vulnerable - Nagaland Tribune,https://news.google.com/rss/articles/CBMiggFBVV95cUxPVFJYMWVSQXhmZGFEdGZmMzBpRl9HSTJkdTVqaE9sbFFsc0xzZGVFdC1BWE5HalhaNVEzN09xVW9nMFFQUDUwXzcwd1JQbm9VSV9EOEctUVIzSHpSQ2pMU1VwUU1mM0hjTUR1eUUzalF0VEpoT0gzeHJXMVBaODRHTVpB?oc=5,Nagaland Tribune,"Sat, 23 Nov 2024 08:00:00 GMT",2026-06-14T20:32:18.972913,cyber_fraud,True,False,candidate,https://nagalandtribune.in/the-scamdemic-targeting-the-young-and-vulnerable/
cyber fraud Nagaland,Nagaland Police raise awareness on rising cyber crime - Nagaland Tribune,https://news.google.com/rss/articles/CBMiiAFBVV95cUxQeDI2aEdvX3poMVdtUmVEaVYtU1hzakt6ZEw0U05VMGg0SWRjOFFSOUFHMkZ3TmlpVF9VMExTUjkzb2FybF84RDctVEdYTVI3bFQ2eFlTSWlCNjVGamFxNjFkZXc5VEtyWlVWSTZQd1JCdE1RRkNYUDV2TEJHRm4tcXp3VVN0ckZV?oc=5,Nagaland Tribune,"Sat, 18 May 2024 07:00:00 GMT",2026-06-14T20:32:18.972924,cyber_fraud,True,False,candidate,https://nagalandtribune.in/nagaland-police-raise-awareness-on-rising-cyber-crime/
cyber fraud Nagaland,"Tuensang Police conducts awareness on cyber crime, drug use & abuse, women safety and anti-human trafficking - Nagaland Tribune",https://news.google.com/rss/articles/CBMizAFBVV95cUxNcF9CYkl5X0w5QVpKUEphUGJDUEpYNmdfZ01HRloxTzZJZkV5UTRlb1lCUzVfcnJWa1d5WTNZeUdlbWNKSEs5dUNsdTVNQVp4VFVmNkFSNEhOVHhsQTd3N1ZiVFNpMml6YlZzZTBwc3dleWxPZE9CVXQySGpKeEh5QWJaOEt2VzdjcEk4c1ZQeTVBMU9YY2RVNG9IZXFRMzJfVC1ZamI2NlBpX3htODR5eDEwaHhmY3RKZE1BYWJvYjZmeWR4dk9sYnJKQTg?oc=5,Nagaland Tribune,"Tue, 21 Nov 2023 08:00:00 GMT",2026-06-14T20:32:18.972946,cyber_fraud,True,False,candidate,https://nagalandtribune.in/tuensang-police-conducts-awareness-on-cyber-crime-drug-use-abuse-women-safety-and-anti-human-trafficking/
cyber fraud Nagaland,"Nagaland Police intensifies crackdown on Drug Trafficking and Cybercrime; 199 drug cases registered, 343 arrested in 2024 - Nagaland Tribune",https://news.google.com/rss/articles/CBMi4AFBVV95cUxPMlJxQUlhOVgxOXZLNzFYMm1KQjNpWGFUV3VEUEVodmpwTVhBM2t1QWRacjJCWGNtdkVqd1F0MER3ejlhZk1IZWJDMk1qWEFpclc1NXV4ajJnbEJrX2F2TUVvZXdtb1hsNDBoUXdVZ3RmLWVlQzZNa1BoNmRzaUJueEdQclBPQ0E1WjRhSkc5SzdfUnB4VnNMc3g0UkN0X04xWDRBc01YdFk2VE43UEl0b2dTZGRYRC1oYWFnMmNrQnNzMFJBZERWUlhtdjdzeEtub1J2SzZjUnh6eUhEaW04TQ?oc=5,Nagaland Tribune,"Thu, 06 Feb 2025 08:00:00 GMT",2026-06-14T20:32:18.972968,cyber_fraud,True,False,candidate,https://nagalandtribune.in/nagaland-police-intensifies-crackdown-on-drug-trafficking-and-cybercrime-199-drug-cases-registered-343-arrested-in-2024/
cyber fraud Nagaland,NU organises Cyber Security Awareness; DGP Nagaland emphasizes need for robust cyber security infrastructure in State - Nagaland Tribune,https://news.google.com/rss/articles/CBMi3AFBVV95cUxNOGVWWGRoM3B6RmI5X1FndUkzYUVwM3VKdTlDXzRiUjVWUndNMXBxM2dJTG9TVllIbmJpUXdXczMzOWMtb3lmMmF4Z0xkTEdvSEx3Q21EaHpDZEhSRUctWktXR0Vsd0JsQVRJWGdETWVLTUVJNW4tQVl6a19tNVlKYnJsRk40NFNlZVZSVVdZcDVpa01ITzRfaWNMVVJLXy1xSEx0UU1nTnNNbFNpR2ZEOE9oeGhnWG1TU2pKaWVvaUdXUGlLSVFKUm8zQWdTTkhNMFExdmhHcHBrZ2Zy?oc=5,Nagaland Tribune,"Wed, 21 Aug 2024 07:00:00 GMT",2026-06-14T20:32:18.972979,cyber_fraud,True,False,candidate,https://news.google.com/rss/articles/CBMi3AFBVV95cUxNOGVWWGRoM3B6RmI5X1FndUkzYUVwM3VKdTlDXzRiUjVWUndNMXBxM2dJTG9TVllIbmJpUXdXczMzOWMtb3lmMmF4Z0xkTEdvSEx3Q21EaHpDZEhSRUctWktXR0Vsd0JsQVRJWGdETWVLTUVJNW4tQVl6a19tNVlKYnJsRk40NFNlZVZSVVdZcDVpa01ITzRfaWNMVVJLXy1xSEx0UU1nTnNNbFNpR2ZEOE9oeGhnWG1TU2pKaWVvaUdXUGlLSVFKUm8zQWdTTkhNMFExdmhHcHBrZ2Zy?oc=5&hl=en-IN&gl=IN&ceid=IN:en
cyber fraud Nagaland,"NIA files charge-sheet against 3 in Myanmar-linked human trafficking, cyber fraud syndicate - Nagaland Tribune",https://news.google.com/rss/articles/CBMiugFBVV95cUxNTXQ4QlRrMFF2QmUxS0pOT0JPUTFOLU40cG1oOWtubmU4c044X1BwT1BRZEd5MVNlYjRiUk43WVlYZWFSX2hnU1hnZkxuSFk1UDZjR0QtcW5nSnJReHktZUQ0UFJmenVxRFZOelRLX0Z3elIxYWRlNllLeW12UHJUYUpzaXBDdXY0RTh1OGZKRmMyTVVTMUtjblRNSnpUUHBqMzd5Z01pNElvenZvQmtKMjNROFFhMUVJS0E?oc=5,Nagaland Tribune,"Thu, 19 Feb 2026 08:00:00 GMT",2026-06-14T20:32:18.972990,cyber_fraud,True,False,candidate,https://nagalandtribune.in/nia-files-charge-sheet-against-3-in-myanmar-linked-human-trafficking-cyber-fraud-syndicate/
cyber fraud Nagaland,SSB woman from Nagaland files FIR over defamatory social media posts - Eastern Mirror,https://news.google.com/rss/articles/CBMiqgFBVV95cUxQU0lDZFpwdlF3aHkxZWt6M0V6d29pMmZKYlJOdnV1NjhLcE0wd0V2LXFjcVNHTjAyVkx3enVCdWJSX1hGalFTSHdmcjFPX2U4VGdMbnpPRFdEcGRPQXRaanZINXhXQ0F2NWNiX2ZSWHFZOGU3aklXa3pKWUhzX2VvUWUtNjV4NkdzeFlTNWQ3bzVtd1U5Z0QwUVlDd1pTamxaSVVIbWJPZXFhUQ?oc=5,Eastern Mirror,"Sat, 02 May 2026 07:00:00 GMT",2026-06-14T20:32:18.973044,cyber_fraud,True,False,candidate,https://www.easternmirrornagaland.com/ssb-woman-from-nagaland-files-fir-over-defamatory-social-media-posts
cyber fraud Nagaland,"FAKE MARKSHEET RACKET BUSTED BY CID TEAM OF NAGALAND POLICE, 3 HELD - DIPR Nagaland",https://news.google.com/rss/articles/CBMikgFBVV95cUxPTU5jM1VTQ2MwczRSbUhBZmlieG1XYmNrXzBpQ3o4TmJEYVlxRVpaaWExMEZpNTUxYTR6R3dLbktHUDBSZlQ4Z0xERmd5THdwMW9YZklKcmtqMjZsbnpNSDg5SUVaajVEOGdlM2w3UThtbm1SWGN1ekRhOVowc3dXZ0JwbFR5SG1JOThOUlF1SnZNZw?oc=5,DIPR Nagaland,"Thu, 25 Mar 2021 07:00:00 GMT",2026-06-14T20:32:18.973055,cyber_fraud,True,False,candidate,https://ipr.nagaland.gov.in/fake-marksheet-racket-busted-cid-team-nagaland-police-3-held
cyber fraud Nagaland,"Shahdara Cyber Fraud Racket Busted: Delhi Police Arrest Two, Recover Evidence - Nagaland Post",https://news.google.com/rss/articles/CBMiowFBVV95cUxOQ1NxSjgtNHpYZ2JiSWU4b21WSnhROGZnQlFodHd2VXl5aGdWUlU0dEI3cDZVZnVudjM3MkpzN3VZQk54dHNtUk5ZQmliblZpN1gxZXdoVzJEZ0lrRmNfWHJyVjZjWjNIQ3N3SUtGYWZPaExpMVY0b2VhbENZWmV6M2YzVnVITTdFdGtSVGtjWjBHWkFOUVZaN3FOTXc0Mm5HQlI4?oc=5,Nagaland Post,"Mon, 20 Apr 2026 07:00:00 GMT",2026-06-14T20:32:18.973086,cyber_fraud,True,False,candidate,https://nagalandpost.com/shahdara-cyber-fraud-racket-busted-delhi-police-arrest-two-recover-evidence/
cyber fraud Nagaland,Dimapur Special Court declares accused in HPZ Token case as Fugitive Economic Offender - Nagaland Tribune,https://news.google.com/rss/articles/CBMitAFBVV95cUxQZW9tRHhyOERfYmVQMlgxUC02RjZ6ZjlaWGlVVlZ0TWZROGNpYUZIMUtSeV9RTVNJanpqdXVPQUtiblljemdHdTRlMUdRUU9aZ1pBUTY5SjQwOV9FcmpKVXZnbHM0SDdIS1VTc2I5azROT1hHNFlqbWdOUmE1NzhXWDU4aXdjc1ZOMnh1Y0dCQ19oNFVxZS1LUWVhSVZLWkhIM1QyQmc3NWRkbWxnTm0zM0ZMOFA?oc=5,Nagaland Tribune,"Thu, 23 Jan 2025 08:00:00 GMT",2026-06-14T20:32:18.973111,cyber_fraud,True,False,candidate,https://nagalandtribune.in/dimapur-special-court-declares-accused-in-hpz-token-case-as-fugitive-economic-offender/
cyber fraud Nagaland,NCC cadets attending CATC-29 receive lesson in cyber security - Nagaland Tribune,https://news.google.com/rss/articles/CBMikwFBVV95cUxOeFdMNmtvRHhRZ2NNT1Z5X1hPa2d0cUViS01MV2M1dlBtRnUza0l5RVpMQzBvYkxuRkNJaWJJYUViTVFHOXE5SUFsTzI2b1JncDlSMEpVbU0tUjNPbmZWaTdxRDdZNG1qRW1fS2pTb0pxRUxZd21PUWJZbFFqWjFHaHNFUkcwYkVBaFFFV0tnODRWbUk?oc=5,Nagaland Tribune,"Sat, 16 Dec 2023 08:00:00 GMT",2026-06-14T20:32:18.973122,cyber_fraud,True,False,candidate,https://nagalandtribune.in/ncc-cadets-attending-catc-29-receive-lesson-in-cyber-security/
cyber fraud Nagaland,CJI Surya Kant calls for coordinated action against rising cyber frauds - Nagaland Post,https://news.google.com/rss/articles/CBMingFBVV95cUxOcTZtdFpiR1UxZHYwQXQtRy1PbFZMaTNXZW15N0FVTy15eG5Pd1dTM3RTTzZZa09WY29YQ1Y1THF6eDJOZEZzUXozM24xc1I1SkdmaGhMWlh6SHNMdmdRbUpwR0gtYXEwZU9hbERCamlrY3ozcXJ5bjExektENkd4YkgxeWJOQWh2ZlZSelkwT091MldrNnFBZk9EOXU3Zw?oc=5,Nagaland Post,"Sat, 21 Feb 2026 08:00:00 GMT",2026-06-14T20:32:18.973143,cyber_fraud,True,False,candidate,https://nagalandpost.com/cji-surya-kant-calls-for-coordinated-action-against-rising-cyber-frauds/
cyber fraud Nagaland,Rs 100 crore assets in Nagaland crypto scam linked to Chinese seized - The Times of India,https://news.google.com/rss/articles/CBMi-AFBVV95cUxNMkpXYkhudlJrQUk0Ty1BX010aXlBUVFDUzFYWVQzUFJxeFJ6YWtYSVNxWGRsQlZzekZnWTEyUUJUcG90eXoxRElhR2VOQ0RwSW9HY2dFSHdZeHFxVU5HR3BqSzRDUUxKZl9EVGoyeVl0MUt1UnZpZmN1S2haRHNFTUNvQTdZNVozaXZlRDVqZnhWdHJodEpzRDdtbnpYX2tNbHRLNUwxcmh1aHR0X19UZ1VYZ2treC1ub3dVNWRXZFdwQ0lGR281TnZrVVRoU2s1WVhibHg3WkpCRmw1YUttUkhBMlhSNDllNVdYYTNOREtlSFhKMHNFctIB_gFBVV95cUxPV0ZCeTVvRmpyTXdZUzlONXZUSFVvWjMzNHJPaXZjMUpmZ0NWc3lyekZGd1JMdmdxN0ptQjRlQjQ0MXJEd3pEQ0JDWFJFa0I0NTVOM3FVRDdobVM3LUZmeXJhVVI2X2dKd3hjc3RUVXhndTVIZXJ3MXJUUVRkUXlLbHB1SkpMLThvVjlwNFBGSHhuODl1aE9ycUp6R1g1ZTg4ejZMaUNrZlNxcDFqU1RsM2hCS09wZDRQOGNrb01PZTVFeGZmQjdlZVJ2elBfZ2lIdUs1TTdZMzF4aHlzRi1hVExfWDNRWEN0QnZCMTVFOEdaVXlyMUZENW9ZcTQ0Zw?oc=5,The Times of India,"Fri, 29 Nov 2024 08:00:00 GMT",2026-06-14T20:32:18.973166,cyber_fraud,True,False,candidate,https://timesofindia.indiatimes.com/city/delhi/ed-seizes-additional-rs-106-crore-in-nagaland-cryptocurrency-scam-total-reaches-rs-603-crore/articleshow/115791223.cms
cyber fraud Nagaland,Nagaland Police Constable (GD) Recruitment 2025: Registration Process Begins For 1176 Posts; Check Exam - Free Press Journal,https://news.google.com/rss/articles/CBMi_AFBVV95cUxPUEU3WE1fVGxNSHBNODdlTERaYmMyYVUwYi14MkFZVWUtZDBVQjgxVEtEamRaSWE2dEZsY19IRnBGc2s5LTFuYjJvVjFnR2M3MzVsNGFyNGhRN204eUJrRGoyTmo2b2o5VFp4RkVRbVl1UkkyWWU4TC04ZXQ1UTZhemF2RlZUbzF5N1BheW1OanBQR2pnZDFSVmV4SzVLSWNWcHdtdXVjdl94SWZXLVQxOVVKOVdjMUhJVzVJMGZLcGRSRG41LTlKa1E0Mnk1cGJDU2V5VW4zV0NRVzhFb1NDdU5xTFd4el9ia0UyejZ1WHozRUxTUDRWWGZyZm3SAYICQVVfeXFMT2dvSXQzdGVyN3ZQbWZybmx6VlhiZHFzNmVnNEhQMjZtVWVidm1oVnk2M09LVWs0WDZyX3NuYWplZC1WcXFWV2d5eG84UlU0OWVGVHZTTXkxRkd0VFVUX1owVHhCZnNrYmphT3lreW5oRzgydGFuNmw1M0FXYldjcWU3WFlreURWVkdrNnV6MkZTcmEzWWVXc1dQOWQ2emxWUXlXdlp1bnl0Zld6MFEwZXoyZlIxWDFnZjgxZHJwb0Jhb1Rfem5KNG5XNi1KbGNMU0UyUjZmXzU3Mi1WMHktSXpBWFhGMXkyWXVVT0JXMkVrTUNiU1hkS2dnZU9hYm8zYXZR?oc=5,Free Press Journal,"Thu, 09 Oct 2025 07:00:00 GMT",2026-06-14T20:32:18.973232,cyber_fraud,True,False,candidate,https://www.freepressjournal.in/education/nagaland-police-constable-gd-recruitment-2025-registration-process-begins-for-1176-posts-check-exam-pattern-other-details-here
online fraud Nagaland,SAFER INTERNET DAY- NIC KOHIMA RAISES AWARENESS ON DIGITAL SAFETY - DIPR Nagaland,https://news.google.com/rss/articles/CBMilwFBVV95cUxQSm9zaVBlcWpDbFVHRUl2LThvYlV1R2ZtWmZNMlVqOFdtZ1NkOFNXRHE4QS1RSUc4S1dQODY0WDNMS3RWUnlGVlhWUE9NNXhqV0QtVkVpUUtYQ1JPdktlcFNoMEVYdU9NaVd4VmpyZFhwOTl4dktpLWdUblg1X19JQVJGQUYtTkFWYmVlSEtWWWZud1owbGpJ?oc=5,DIPR Nagaland,"Tue, 10 Feb 2026 08:00:00 GMT",2026-06-14T20:32:21.329822,cyber_fraud,True,False,candidate,https://ipr.nagaland.gov.in/SAFER-INTERNET-DAY-NIC-KOHIMA-RAISES-AWARENESS-ON-DIGITAL-SAFETY
online fraud Nagaland,Rajasthan Police issue alert over rise in online investment fraud - Nagaland Tribune,https://news.google.com/rss/articles/CBMimAFBVV95cUxPZHI5RW1SZjhVWlZLeklxbF9mUVZObTgwc2pReEVLemFZYU8taEpndXN1OVQ4R3piRkNGMF9iV1pKOS1qMzljNmdhYW9MZlkyNTlLTGJRTEplSi1GTHFHYWFfQUtIa0ZlQi1oaFF3eWF1VlplRGQyd1R3YnVkY2w5NVpmSS00SnJmcjlTS1JSUjNhT3dBc3VTYg?oc=5,Nagaland Tribune,"Sat, 21 Feb 2026 08:00:00 GMT",2026-06-14T20:32:21.329855,cyber_fraud,True,False,candidate,https://nagalandtribune.in/rajasthan-police-issue-alert-over-rise-in-online-investment-fraud/
online fraud Nagaland,Nagaland: Fake news and scams take center stage at White Owl Festival - Nagaland Post,https://news.google.com/rss/articles/CBMimgFBVV95cUxOektvTzdEQkdGamFEWndKamdoSEdsQXN0Ul9INGh3UE9OenBKUFhHZ1l0MVFMMGpNWUhYVXJMYUdrcG5pOUhNcHNoZmdHVlhvN2dTYjNQSU5zUE1sTWQzSzd6a2l0LS1tTmluajVUSWdzcURGSFBLOWxTT1l0VkN0RVRDLXFnUVc0NkRrSFhwcDc1OEY0SGtOc19R?oc=5,Nagaland Post,"Sat, 07 Feb 2026 08:00:00 GMT",2026-06-14T20:32:21.329908,cyber_fraud,True,False,candidate,https://nagalandpost.com/nagaland-fake-news-and-scams-take-center-stage-at-white-owl-festival/
online fraud Nagaland,TUENSANG DPDB MEETING HELD - DIPR Nagaland,https://news.google.com/rss/articles/CBMiZkFVX3lxTFAtdVBxLXNET1pVaXVrbUlIUS1GNVVXTG5YUDZNV1NuaHV2eTFITEZNOUZCSUt1dFFLX2kxbWVZWWVyQmpxS1BSSDdXb0RoelhDaHZVcnF2RnZUM0JWb0RJYUlaZ2ppdw?oc=5,DIPR Nagaland,"Mon, 08 Jun 2026 13:13:32 GMT",2026-06-14T20:32:21.329968,cyber_fraud,True,False,candidate,https://ipr.nagaland.gov.in/TUENSANG-DPDB-MEETING-HELD2
online fraud Nagaland,Awareness program on Consumer Rights held - Nagaland Tribune,https://news.google.com/rss/articles/CBMieEFVX3lxTE9LakFQQmJLWi1UUFRFMG9KNDY0aWFwNG5ic0V6UzFJbDViU1d1SzhfaXJBRU50WVdLbDBxMnZPeG5qcTQtNkJxeE1SYTBoUnhGS1FGdEI3MFJnQU1RVmxJMUFDT2hYY2t3ZXZQQWhOa2JPcDZiUVQ0RQ?oc=5,Nagaland Tribune,"Sat, 29 Jun 2024 07:00:00 GMT",2026-06-14T20:32:21.330078,cyber_fraud,True,False,candidate,https://nagalandtribune.in/awareness-program-on-consumer-rights-held/
online fraud Nagaland,Beneath the Surface: Unpacking 'RGA' investment scam in Nagaland - MorungExpress,https://news.google.com/rss/articles/CBMikAFBVV95cUxOYVZQYURUSHlvNGNlVnJiZmN3RUtDcmN5OUZEV3RJd0Rod0hCOUZPMVU0ZktndjBTZVVXYjhsWEtORnNPYV9mZlU2LTh2dnVUcmR5c3VQWlRaRzRRWWxFblhEaWs0Sy1xd0ZjRkExcjIwVl9jUzJzSVJKek90QU5Yc0toS1FiOWlYdU1ZY1o3Slc?oc=5,MorungExpress,"Sun, 27 Oct 2024 07:00:00 GMT",2026-06-14T20:32:21.330093,cyber_fraud,True,False,candidate,https://news.google.com/rss/articles/CBMikAFBVV95cUxOYVZQYURUSHlvNGNlVnJiZmN3RUtDcmN5OUZEV3RJd0Rod0hCOUZPMVU0ZktndjBTZVVXYjhsWEtORnNPYV9mZlU2LTh2dnVUcmR5c3VQWlRaRzRRWWxFblhEaWs0Sy1xd0ZjRkExcjIwVl9jUzJzSVJKek90QU5Yc0toS1FiOWlYdU1ZY1o3Slc?oc=5&hl=en-IN&gl=IN&ceid=IN:en
online fraud Nagaland,"HSRP Number Plate in Nagaland: Online/Offline Application Process, Fees & More - ACKO Drive",https://news.google.com/rss/articles/CBMidEFVX3lxTE9kMlZrNzk4MEJwZmk4ak9rcFJmZjMxdTJ0OWI2SFdUenNQWkdLLTZwQmJ6eXVoV1FNbXI1RUpEOVo0RkpqZVFRTklsQVoyNmdQald6dlJuSlBKWWVnZ2JIZjZLNWdmSzdGS29oYlBZa2h3V3BX?oc=5,ACKO Drive,"Fri, 30 Aug 2024 07:00:00 GMT",2026-06-14T20:32:21.330101,cyber_fraud,True,False,candidate,https://ackodrive.com/traffic-rules/hsrp-number-plate-in-nagaland/
online fraud Nagaland,"Nagaland signs MoU to boost reliable, clean energy - The Times of India",https://news.google.com/rss/articles/CBMiwwFBVV95cUxPbDlmT0cweEFtRGZiM1dGY3MtSllqZEhGLXpPd1VubkthNV8ybTNZSl9pcllPdGRsek1Ud0pLNjBycnI5VE9BR3VmeUQtaWpuVHBRNmV2dXNCRlQ4Zm96cUdaVWstVGpjNnVoeDNkcnRpUW1SX2NTdVUtTjdZZUYwY0NzTXJoSUJBZlJpMXFOV1RSRUlSUUJwejIyNUh4MGZyYWtYX2lGUFBBRkwzb0ZnR3FqWDBoemV5ek9WcFdPQzdxX2fSAcgBQVVfeXFMT0toWmp2Y2RXcEY5b0djVVRqM2hscnZwTy15SUpsUUpBWjc0RUJla0txcXMteE5hOHFyWFQxSlRXOHI1ai0ySXNQWXFyaWptb1VONjNhZHltQ3R2VDZCTHpxUTVFVkhQaGxuc1lRbWd1VFdIV2pSXzBjbFREbVFqV2l3SFNkTHNNdWZhRE0yZ2FscExNSXNXd0h1XzdFeUxTZlFZcXdzc054WTlQMWdGUUZGcUt4TS1BSE4tcUhhRG9mT09mOEN2QWI?oc=5,The Times of India,"Sat, 10 Jan 2026 08:00:00 GMT",2026-06-14T20:32:21.330122,cyber_fraud,True,False,candidate,https://timesofindia.indiatimes.com/city/guwahati/nagaland-signs-mou-to-boost-reliable-clean-energy/articleshow/126435734.cms
online fraud Nagaland,Cybersecurity in Nagaland's Schools: Bridging the Digital Safety Gap - MorungExpress,https://news.google.com/rss/articles/CBMilwFBVV95cUxOSHRRZjBweUlqZ3F3YUo4TlpJWWVCcFEtdGFGNUt6ZGtWYk1lam0tZHVpQXoycGFXWmZyZFJiTEhBc2JPRGRNOV94cGptLU9rQUpUVTdKaGdQLWJPRGVpblVXTjRmd3ZQYjRHc0M3X2gzMTZnamZoTVcyajl4WGRwWV9sU2NUaFk4OXUxWHlsQUJBeDR3V3dj?oc=5,MorungExpress,"Wed, 22 Jan 2025 08:00:00 GMT",2026-06-14T20:32:21.330129,cyber_fraud,True,False,candidate,https://morungexpress.com/cybersecurity-in-nagalands-schools-bridging-the-digital-safety-gap
online fraud Nagaland,25 from Nagaland nabbed in Maharashtra fake call centre scam - EastMojo,https://news.google.com/rss/articles/CBMipAFBVV95cUxNTHpIWTJPdDllSGlzSVZMNS1lRGR1V29vN1ZUNHZmZjVGSm9BY1kxWUdGWFprM09EY29NV1BqSHhlSklLSzZVR3E5dElWLVd6dFlZUnVDQ1d2Q2JJNmFnaTJBQXR1RUpKSnh2V0U2MG5aX0I2Zk1fNC1ZX0NNejcwNUZwN3JDby03ZTd0YkdYam9vNmJTTWpLQUI5NG54cmRBS1hsWg?oc=5,EastMojo,"Sat, 08 Nov 2025 08:00:00 GMT",2026-06-14T20:32:21.330144,cyber_fraud,True,False,candidate,https://eastmojo.com/nagaland/2025/11/08/25-from-nagaland-nabbed-in-maharashtra-fake-call-centre-scam/
online fraud Nagaland,Banks urged to prioritise small-ticket loans in Nagaland - Eastern Mirror,https://news.google.com/rss/articles/CBMimgFBVV95cUxQRVprekRyVTlrRVoxcWhNeUtWRzBQczFXZDZJb0xUVmsxdjdwT0F4WFhtT3ltdmJWdENxUW5oeG9ILUVjMVAzMEIxYWtqdkxOeHNYeElUZzRleG5HTWl1bEVJYnQ3a19FMmYtUFFJSUpqT25DcW9raWdtZ254V3lnaW9XYXRrUVJsVVFiRTRvc1FBeGcyODJ4amln?oc=5,Eastern Mirror,"Mon, 09 Feb 2026 08:00:00 GMT",2026-06-14T20:32:21.330153,cyber_fraud,True,False,candidate,https://www.easternmirrornagaland.com/banks-urged-to-prioritise-small-ticket-loans-in-nagaland
online fraud Nagaland,Nagaland: News in pictures - MorungExpress,https://news.google.com/rss/articles/CBMifEFVX3lxTE9QRVFNVFFOMFplTjI2UDBfcGdqcHRYUVdwNGZBQnVLYk5OTGZqMldTRVVtQlhSVU9HcTdET0ZnNTNTQ0JBUml5SGxRZ0FsRU5GTWdWS2YyMDVObHdQYzNHSGpuYmhVdGFrRFdNa3FUNGhGSXU2eXBGMndrOTk?oc=5,MorungExpress,"Thu, 10 Nov 2022 08:00:00 GMT",2026-06-14T20:32:21.330174,cyber_fraud,True,False,candidate,https://www.morungexpress.com/nagaland-news-in-pictures-november-10-2022
online fraud Nagaland,Nagaland: School terminates computer assistant over NBSE Class IX question paper leak - Eastern Mirror,https://news.google.com/rss/articles/CBMivwFBVV95cUxNN0lxWWZCUGtXMWg1NHBrMkJLV1dkNmxNeElKd28zRlFxcmVrUUpSdVhrSFljRmFHTWFUMDVEZFR4OU90dWMtRVpKRVZqZEFTMGEwNGhqNi1wS2ZDWkJka3NEU2VIZGVGMnBZUVZxVG4xQUdmRUNZMHFhUUplQ184bC1VdlZ3U2gwRWdDYWVuYnBrR2plMWc0RllyM19rQXQ2N1NJYTZnNjlHSkhnakQ3ZnNseXZvQ2FZeXdXUHBIUQ?oc=5,Eastern Mirror,"Tue, 02 Dec 2025 08:00:00 GMT",2026-06-14T20:32:21.330182,cyber_fraud,True,False,candidate,https://www.easternmirrornagaland.com/nagaland-school-terminates-computer-assistant-over-nbse-class-ix-question-paper-leak
online fraud Nagaland,Honey Mission celebrates 7th Nagaland Honey Bee Day - Eastern Mirror,https://news.google.com/rss/articles/CBMikwFBVV95cUxNeFMwdXUtcGlGS084czA3VGRfczV4OThlZG5Qckh0d1JEUkl4dVRXcHFrSC1KLTc4aWl6ZTNHZzIwMUl1eFlSRjFmWUVTTXQzRm5wQXFCOG1OSUxPbTI1T0tKUEJoNnhlMTJIRV9Pc29BMmNwQnotZVRta0FJOGdUUFZrR3BQYlhOYmZCQ2xGNFhOVHM?oc=5,Eastern Mirror,"Fri, 05 Dec 2025 08:00:00 GMT",2026-06-14T20:32:21.330189,cyber_fraud,True,False,candidate,https://www.easternmirrornagaland.com/honey-mission-celebrates-7th-nagaland-honey-bee-day
online fraud Nagaland,Nagaland ranks 7th country in financial literacy states NSE Chief Manager Ranganathan S - India Today NE,https://news.google.com/rss/articles/CBMi4gFBVV95cUxNc0xwaDVza0puTUlrbGxXUlE0UmVhb1Itc1hYV29kMUtOR3JURkFpajBFcERUaFBibVl1eTl6WkRrcFdCWlRKc1Jtc3h3VXZCNTVsVWRvSmY4QTUtazNaZzU0VlNOSVVIRW8yYUlhem9TaG94bFlCSFEyRm1LMXdDcEJvVGdZR2N1NG1nYzZBMzVKdGZPSklqVXU4bHhlREpUc1I4NlVjeDBSRDRkZFB5aGpVcEc0cEJuY0FMSWd0RWljNFRtYkhIVDN3MXRLdV9Za1RsT1Fxb2ZtVW83Xy1EdFJn0gHnAUFVX3lxTE81ZzlqSnBtMlM1b3I1LUVMVzNUUDZITjloNGdRQTVCcFhsdkxBY1B3RWxpNUs4bkt5UmdybmdqcVRqcW1jVFNVMzRXbk5IZzI5SlREUW5uRDlmaldHcDN2UGRibFpRY0ppVEd1QnNBQ0p2eUhEbHl1ZnBzdFUxMGduZDJsQXo5T2RESWd2VnhqZEQ5OW1JZ3BnbWM5MGFmdVBka1hrb2RYMW1kaUNlZjU1NTA0al9MODAwUk1xM2FKY0pWNXdKdGluQWJtWVV1bVd6ZDI0RUN2TnJyNGp0VE85SmhROVZ1bw?oc=5,India Today NE,"Sat, 25 Jun 2022 07:00:00 GMT",2026-06-14T20:32:21.330196,cyber_fraud,True,False,candidate,https://news.google.com/rss/articles/CBMi4gFBVV95cUxNc0xwaDVza0puTUlrbGxXUlE0UmVhb1Itc1hYV29kMUtOR3JURkFpajBFcERUaFBibVl1eTl6WkRrcFdCWlRKc1Jtc3h3VXZCNTVsVWRvSmY4QTUtazNaZzU0VlNOSVVIRW8yYUlhem9TaG94bFlCSFEyRm1LMXdDcEJvVGdZR2N1NG1nYzZBMzVKdGZPSklqVXU4bHhlREpUc1I4NlVjeDBSRDRkZFB5aGpVcEc0cEJuY0FMSWd0RWljNFRtYkhIVDN3MXRLdV9Za1RsT1Fxb2ZtVW83Xy1EdFJn0gHnAUFVX3lxTE81ZzlqSnBtMlM1b3I1LUVMVzNUUDZITjloNGdRQTVCcFhsdkxBY1B3RWxpNUs4bkt5UmdybmdqcVRqcW1jVFNVMzRXbk5IZzI5SlREUW5uRDlmaldHcDN2UGRibFpRY0ppVEd1QnNBQ0p2eUhEbHl1ZnBzdFUxMGduZDJsQXo5T2RESWd2VnhqZEQ5OW1JZ3BnbWM5MGFmdVBka1hrb2RYMW1kaUNlZjU1NTA0al9MODAwUk1xM2FKY0pWNXdKdGluQWJtWVV1bVd6ZDI0RUN2TnJyNGp0VE85SmhROVZ1bw?oc=5&hl=en-IN&gl=IN&ceid=IN:en
online fraud Nagaland,Breaking into e-commerce in Nagaland — Challenges and opport - Eastern Mirror,https://news.google.com/rss/articles/CBMipgFBVV95cUxNT0plTzJDZlY1b1N3cUdNam1pMWFPQWdGUE5xMnFjNDBQaG9rRDJIRUlPUWlvTS1yMTA1cHktVE1zbFc1ZTNTNGpOcktNQWRaNkNsUmZoX1BRQnVCX1RoSmpCdTE5SGdPT2hTMTF2ZDRIVDNubGdFNkZiY1RHZy01SE04ZEs5SU1UMzVkYkNxa1lJcFc4QzhvcWdZRzVPWU1iUWxraU5R?oc=5,Eastern Mirror,"Tue, 18 Feb 2025 08:00:00 GMT",2026-06-14T20:32:21.330219,cyber_fraud,True,False,candidate,https://www.easternmirrornagaland.com/breaking-into-e-commerce-in-nagaland-challenges-and-opportunities
online fraud Nagaland,"Dimapur’s courier companies: Big names, poor services? - Eastern Mirror",https://news.google.com/rss/articles/CBMikgFBVV95cUxPWHVnZmVIenFIR29ja0xkbVVXSnNwNGMwQ3lBOEFfeHdHcnctdXFmcUZOdkMzdWsydlZNVzFlZzZMbkVRTDFQNHJBVU9naWdyVVVJUVNmRVZkbUJTVVc1ekZpNHAwd191dHVGaWhPUVdVV1A4S014Y1hReVZIVklRV09wTktCRmJKYUF4NUp0VjVrdw?oc=5,Eastern Mirror,"Tue, 02 Jul 2019 07:00:00 GMT",2026-06-14T20:32:21.330235,cyber_fraud,True,False,candidate,https://www.easternmirrornagaland.com/dimapurs-courier-companies-big-names-poor-services
online fraud Nagaland,Naga Munchetty left 'mortified' as scammers spread fake nude pictures in money making scam - Yahoo,https://news.google.com/rss/articles/CBMiggFBVV95cUxNY0U5OW9LUDUxOGh2SHZCcUdCb3VxSDd2WGtLaGJVeXlDWkc3dk9iWlk4RXhOZTlxYWFtSVM2bV80TFVpN2JOc3hTOFV0eUVxWVVJWi1ORGZaVzQ4djhERDJiZnRnclZlUkxxZURpNGFNQlZlcmswc0QyY0VhUVktM1ln?oc=5,Yahoo,"Wed, 05 Feb 2025 08:00:00 GMT",2026-06-14T20:32:21.330257,cyber_fraud,True,False,candidate,https://news.google.com/rss/articles/CBMiggFBVV95cUxNY0U5OW9LUDUxOGh2SHZCcUdCb3VxSDd2WGtLaGJVeXlDWkc3dk9iWlk4RXhOZTlxYWFtSVM2bV80TFVpN2JOc3hTOFV0eUVxWVVJWi1ORGZaVzQ4djhERDJiZnRnclZlUkxxZURpNGFNQlZlcmswc0QyY0VhUVktM1ln?oc=5&hl=en-IN&gl=IN&ceid=IN:en
online fraud Nagaland,"Nagaland Dear Lottery Sambad Result Today 1 PM Live: Dear Victory Friday Lottery Result of June 12, 2026 - LatestLY",https://news.google.com/rss/articles/CBMiuAJBVV95cUxQM1ZJa25SZ2ZzUXUtQ0d1TVNwMGtyU3VZRldGTnN1NTVxUW44a19GMGhicEJEUVdVdGxQZjFYeGgyalZTM0NpWWJJQWRCQUZRZUEyWkdSVzBfejhqN3RLalMtRlNYY1lXNHFTNk1HckQ0bDEyd2o4NTBkR1dyUGVhWEI3RzJ2Znp0cGh4WldvYVczZ2dLRDJuSURGSEJyLWJGcGNwNkJfc1hnQTc1bGFtM0tHdkY1ZDBNZlV4ZDBqV2tOaEpaaWM1R295ZTBXVHRnUUJpMGIyMWdNMVp2SFVnRFQ3dnNYTDNFNmlhS0lxV1YzSXRGeGplV0t2aXk2Q09FampIbW5la2ZsMm1jaExnb1FQNk9iOTZIZGJibkRXX2ZiSHlqZEJzaW1aaml6UjBySHF2X1RMQnrSAb4CQVVfeXFMTndzbm5LRTFJSlBBQVdEQ0ZnZDQ1OE51ME1WT1I5RFlHRkRuZ200MXpNZXphYkxNQ3VwREl1NDFELVVyMzQtQm5fdUh3YzJVVmlMSFlFNHUwcm5jNWZTdENpbEM2LTlibXJGd3lWMVNRdDZYSE1hZUwyQmcwcFJQWXVUa3hCLVNiU3luR1FGVm00THZuV1Y3Vk5qLWdpMndVU0lvY1dyWmRJbG5IOC1rZFZ0dnpuWlZjQ1JHYzB5WGhIY0J4X204U1VXQm5LbE1EX3hMbGRsWUUxV2EzQ2FqV0hOSHhUNXRRb3BzU0p1Y3p3aUZGQWJRNk1GamdlTDVIRVFvSDhkbC1TOWNZYzFqRjZSRnVaRDduaG1QcXFibTRVN2lSOHNJQndtd1FYMFZDc01jbHlBNUR2UGNXOUVn?oc=5,LatestLY,"Fri, 12 Jun 2026 06:35:58 GMT",2026-06-14T20:32:21.330264,cyber_fraud,True,False,candidate,https://www.latestly.com/india/information/nagaland-dear-lottery-sambad-result-today-1-pm-live-dear-victory-friday-lottery-result-of-june-12-2026-declared-online-check-winning-numbers-and-winners-list-7470016.html
digital fraud Nagaland,FINANCIAL INCLUSION SATURATION CAMPAIGN HELD AT SIRHIMA VILLAGE - DIPR Nagaland,https://news.google.com/rss/articles/CBMijAFBVV95cUxOSmJBbWk0THhSblJJY2VGRElSWV9BVDVpVC1vSVJCdElCaExzTmlkYkN3NHBJaXh5NlZXeHVSUUZLN3VTRnVRZ3VaQ2Q0VU03QTU5TlFYNHRTb0w1MnBDaThaMjU2NEdnRHV6c2NOcEZuRUx3cXVTZmVrbXl6bC1INVR4S2M5cFhhMzBVbg?oc=5,DIPR Nagaland,"Sat, 30 Aug 2025 07:00:00 GMT",2026-06-14T20:32:23.346406,cyber_fraud,True,False,candidate,https://ipr.nagaland.gov.in/financial-inclusion-saturation-campaign-sirhiima-village
digital fraud Nagaland,Nagaland NStCB holds 56th annual general meeting - Nagaland Post,https://news.google.com/rss/articles/CBMif0FVX3lxTE9kRHhaeTdQd2Z5anBmRDBlTTBtUHd0dWpEeEdFRUppOXYxTHlaVloxWkxRcHUxSFFnM21rMm8zbEhuZTl0ZDJlVkNZM2wxazFkNzRvel9yTkluVUJlTW14eHNWVzhGUENJRUFMNjFMcTlrTXVPQnhLWUZZV3VzVFU?oc=5,Nagaland Post,"Sat, 25 Oct 2025 07:00:00 GMT",2026-06-14T20:32:23.346433,cyber_fraud,True,False,candidate,https://nagalandpost.com/nagaland-nstcb-holds-56th-annual-general-meeting/
digital fraud Nagaland,Dimapur District Hospital becomes Nagaland's first digital health model facility - Medical Dialogues,https://news.google.com/rss/articles/CBMi4AFBVV95cUxPVUF1c2lwZ2p2Vi1DdFNnbFIyV2VBMWFEdjdPcVR6SmdXd2lwM0FVaHBhdEF4clZGLWQ5eWlvWGw0aVl2bTkzZkFQMGwzVzEyMVN3TU5ObWl1MWw4bVJYNndPNVNXcWFscGd6bE5HQUE0MUgweWpEYmFLUHltalJJVFBBR09fRl82OHF5XzBzcmhsc2xxYi0wT3VsbGdKaHc0X0dNdVlQVV8xV1pSb1JLVUpqZUVEV2thdE1JNE8zdU9iUHlNUTJZRTMtb2t3U1I4SW5teXJ2alFrbFZ5MGNVQ9IB5gFBVV95cUxNQXBMQ2lKTGVOQ0cyQlpqc0oxWEVHR3NHcEc0ZktMZXR1YWlRLUhBSDFjLUpwZGJyV0UxZ295bmFxNHpPVEM0TzU5TDRMME5PREw5ejVvcV9JaE5RUXFvZkdaZ3hBWDdTZVFpVnJ3R2laSFM2UXJFa1ZEYzM0Qm5RUzBCV1VWNm5WZHBYM2VxNk9DTkc5eFBnaHNoRmVjdUlsX3ZwYnVCUXNVNGFucGozTXBMT1diY3lMaEMwXzdxcnVBQzllY1pHNEpnTFctaHBSRW1FZ2Z6UFdnX0ZUUUV4YzdGUkQ2Zw?oc=5,Medical Dialogues,"Wed, 03 Dec 2025 08:00:00 GMT",2026-06-14T20:32:23.346510,cyber_fraud,True,False,candidate,https://medicaldialogues.in/news/health/hospital-diagnostics/dimapur-district-hospital-becomes-nagalands-first-digital-health-model-facility-159829
digital fraud Nagaland,Is Meme Coin Investing Safe? Tips for People in Nagaland Considering Crypto - Nagaland Post,https://news.google.com/rss/articles/CBMiogFBVV95cUxNeVBGaTRtTjRtUndIb1A1UG1KNlRvbVhZcjJyWWZoWHAyNGJneFo0d3VpR0lIY0o3X3FvVmF6Mm5Ec0tNc2Z3cEZLYS1VaW4zd290OVVIYi10QW5RT1lIODRweGxvVGtPV0otRWJHTFVFTVU3SGUzLXd5amtxakZRNUtGdndDZnhZSUw0dEgydXg5Y1NCMjZ1MEVTN3RlUEYxLWc?oc=5,Nagaland Post,"Sat, 07 Feb 2026 08:00:00 GMT",2026-06-14T20:32:23.346587,cyber_fraud,True,False,candidate,https://nagalandpost.com/is-meme-coin-investing-safe-tips-for-people-in-nagaland-considering-crypto/
digital fraud Nagaland,CBI Arrests Key Conspirator in SIM Fraud Racket Under Operation Chakra-V - Nagaland Post,https://news.google.com/rss/articles/CBMinwFBVV95cUxOYWxwdEVMcVhVRk1fZjhJYUlWajFRVlU5RE5abHJmQ2p5M0R6MjliUVpkTWNvUWItbnJkb2NhZVBJQzFoUFdCNlVSaWxBc3dVYUN6V1g5RjhSaXM5R3NDRkJtTjh6UlltU3k5UmRnZkdLbk9jNGZJY2xncEpObTZoUEhlNDVPbWx5R3YxdHFlQWVsT2sxQkRMRVVTSE50ZDQ?oc=5,Nagaland Post,"Mon, 20 Apr 2026 07:00:00 GMT",2026-06-14T20:32:23.346600,cyber_fraud,True,False,candidate,https://nagalandpost.com/cbi-arrests-key-conspirator-in-sim-fraud-racket-under-operation-chakra-v/
digital fraud Nagaland,Nagaland: Financial inclusion campaign reaches Sirhima villa - Eastern Mirror,https://news.google.com/rss/articles/CBMioAFBVV95cUxQWVozY2JnZDZvNy1xbWN2MUNRRDhTT3NpdE81Y19aWGF3aFVpZWtsUjlDc3hCT0psdHM3TVZpVHBhaTFNZWVRVWd2b1p0NTNSa1VaaWkwamR2YWhtVlBXeV8wT0dacHQwd21yV3dFaVNBYTRpLVJPU1d2cFJGUnJJc0JrZUFvNHpINkRxYWpuZkpFLXZnNnNTVUVNcjA3WVlq?oc=5,Eastern Mirror,"Sat, 30 Aug 2025 07:00:00 GMT",2026-06-14T20:32:23.346625,cyber_fraud,True,False,candidate,https://www.easternmirrornagaland.com/nagaland-financial-inclusion-campaign-reaches-sirhima-village
digital fraud Nagaland,RBI mandates 2FA for digital payments from April 1 - Nagaland Post,https://news.google.com/rss/articles/CBMiggFBVV95cUxOb1Y1dHBQM1BJRW1IbkZMOG94UU5XMkdRelNrZ1o4dGhwUjkyaUFsaFIxV3o5SHNiTUoxaC1BTy1fRzdVd0ZHM3E0WlBFQkVzUTVEQXBFVmY4d0dLR2hsSDUtOWJ3TnBRWjBud1huanhkd0wySGxZOVNObkFZV3NNTlRn?oc=5,Nagaland Post,"Mon, 30 Mar 2026 07:00:00 GMT",2026-06-14T20:32:23.346682,cyber_fraud,True,False,candidate,https://nagalandpost.com/rbi-mandates-2fa-for-digital-payments-from-april-1/
digital fraud Nagaland,EPFO Dimapur to host ‘Nidhi Aapke Nikat 2.0’ - Eastern Mirror,https://news.google.com/rss/articles/CBMihgFBVV95cUxPMDNjM2xnelZSanJSU1dGYW53NjlLak9GdVlNbjByTGNOdGo4T2FhT0Y3LVEzSVlmdm8wQ1VkNWVCOEV3azhqaW1OcUxyNV9fZER6LXZPVXBSazh6SkRJOS1WUWlkYVZ4VUlfTklWZ0tzQ3ZfMktxMndBYkVITDRuZEFXT1B6QQ?oc=5,Eastern Mirror,"Wed, 25 Feb 2026 08:00:00 GMT",2026-06-14T20:32:23.346707,cyber_fraud,True,False,candidate,https://www.easternmirrornagaland.com/epfo-dimapur-to-host-nidhi-aapke-nikat-20
digital fraud Nagaland,Nagaland CM Neiphiu Rio Launches Digitisation of Old Birth and Death Records - News On AIR,https://news.google.com/rss/articles/CBMipAFBVV95cUxNeWx4dDJ3SWZ0V0l1WWVWeC16TnNVQVZnUkNJaGhiWVRtR2wxRVNKaWNrY0hVZVJzMV9Dcy1fMGplUXRFUnpQMTJaazBGRFBWV0xJMG9LQ01PdmZhV2FoRGM1VnpBR1k4OEtuc2NNdWpsaFpma0NiY0FvZjFOa2VNUEZzV1E4RmNfMXE4NF9mN3pncEF3eTdsVThJdFZtV1dVZjlubg?oc=5,News On AIR,"Sat, 31 Jan 2026 08:00:00 GMT",2026-06-14T20:32:23.346792,cyber_fraud,True,False,candidate,https://newsonair.gov.in/nagaland-cm-neiphiu-rio-launches-digitisation-of-old-birth-and-death-records/
digital fraud Nagaland,"DNSU alleges fraudulent land transfer in Dimapur, demands probe and legal action - Nagaland Tribune",https://news.google.com/rss/articles/CBMiqwFBVV95cUxPbEZhRUJ6ZEdPRFBrOGVXbEROSFVoZ2pyRUhPWjdDN3lwS0JpR1l2YXVqcjlKYmV1Q2hTaVk5RG9CeVZaUGthYmpndFFfc3phM2JJZFlIYXN2ZFZ0S3lTWjZVaXRSTEpUQUFfMG1FT0tFV3EwVVhCYmtRNG5TTG1Ja2xMNUZ2ck9sYlVLVThVNWZsS0c4WlFFSGtPa0pULW5zN25JS281ZEo5Szg?oc=5,Nagaland Tribune,"Mon, 04 May 2026 07:00:00 GMT",2026-06-14T20:32:23.346854,cyber_fraud,True,False,candidate,https://nagalandtribune.in/dnsu-alleges-fraudulent-land-transfer-in-dimapur-demands-probe-and-legal-action/
digital fraud Nagaland,Nagaland Honey Bee Day 2025 observed - MorungExpress,https://news.google.com/rss/articles/CBMidEFVX3lxTFBNNTkzVnBnWlo3ZVFtUm1ucXo2YzRYWnpGMmh3S1l3aGhlLXhqajdnaDVaNHBCUUtfT0kwZklyVEFSRjdHT1ZSNFR2YmFyUnZ1ajBpR1JZS21pSjRNYnhVRkszcXNXaXA5RTN5aDlvNU1nN3dH?oc=5,MorungExpress,"Mon, 18 May 2026 21:08:05 GMT",2026-06-14T20:32:23.346878,cyber_fraud,True,False,candidate,https://www.morungexpress.com/nagaland-honey-bee-day-2025-observed
digital fraud Nagaland,95% of Land Records in rural India digitised - Nagaland Tribune,https://news.google.com/rss/articles/CBMie0FVX3lxTE5nZkc4QVVPRnpzdnZzNVBEQnd3VHJoaTNiYTRXSFptNXIzLUlySmNjUGNTbWFXd2N4Ty12NEM2bHJ5ZE9MNnpoaW5tM3lvcGRCSHNRUlV2RUlzN0NRLXRSbEVxUVRjQjRJUDJEQ2VxQklVUjIzaGIzYVJLSQ?oc=5,Nagaland Tribune,"Sat, 26 Oct 2024 07:00:00 GMT",2026-06-14T20:32:23.346891,cyber_fraud,True,False,candidate,https://nagalandtribune.in/95-of-land-records-in-rural-india-digitised/
digital fraud Nagaland,Nagaland: Financial Literacy Week 2026 inaugurated in Kohima - Nagaland Post,https://news.google.com/rss/articles/CBMijgFBVV95cUxNT2l6dE1zdUpEeHVlSmhiNlVYN0F3cFdRMmlnS1NYbEJhMFFfdGNteVJneTJFQm83SThTN25HRFlLd3B0VDMzcUhUZUhOS3hHdzRJNlp4blR2bE0yT2lMMmo0SFBhNW1wdVhjc2owd2dfZzVzeHlITGcyRmZ5a1VGdWFZOC1ZT0pRNU5LU3Rn?oc=5,Nagaland Post,"Tue, 10 Feb 2026 08:00:00 GMT",2026-06-14T20:32:23.346925,cyber_fraud,True,False,candidate,https://nagalandpost.com/nagaland-financial-literacy-week-2026-inaugurated-in-kohima/
digital fraud Nagaland,‘Scam’ in HC complex construction — why Nagaland CM’s ‘right hand men’ were summoned by ED - ThePrint,https://news.google.com/rss/articles/CBMiuAFBVV95cUxQNkROU0lBTTdSajhmNUJGRHZhRWJwVG94dEJlcjczYy01SUpYYlJTQ0FCeHRXMVpkRlQ4WTNaaUVFUlVIdXBETTFCREFLbzlPeThRcy1xdmJETTJKUnZiUTZkQ0s5elNpaUtIdks3NUE5Mkl1cG40dERkV2tyRFV1NzBhb1c0dXNOMGpRcGJaOUFKdnN6NGYxX2hRUzRWNWdHemNBLTdhbTlOb1VDYzhFY0xiWV9zY0ds0gG-AUFVX3lxTE43NHhIVXlydUJzLUNDUEFGb01jYlFZc1NfY0FuNE03bS1CTGNHdzRjTVRiY3dLQ3ljNWppNmQ4WmEwaUxuWGFIblB2Sl9mUG1WWWNCc2pzV25QTDNiMkljNGF4Y2pKOFplWW44NVliRnRtN05XRms5MHFYb3QwVEdySGQ3RFlpMkpvWVR6UWYyWjFxTkpNY2I3aXBLYU1VdEpSYmFON0pzcVhUN0FhbWxlRUg3NzZvVGFkSGJGdVE?oc=5,ThePrint,"Thu, 05 May 2022 07:00:00 GMT",2026-06-14T20:32:23.346938,cyber_fraud,True,False,candidate,https://theprint.in/india/scam-in-hc-complex-construction-why-nagaland-cms-right-hand-men-were-summoned-by-ed/942315/
digital fraud Nagaland,DNSU issues 15-day ultimatum demanding action against “habitual offender” Nirmal Jain - Nagaland Tribune,https://news.google.com/rss/articles/CBMisAFBVV95cUxQR29IR0FFeGU0ODBNYkFMTWpuWDlEbkYxS1F4RERwNlVIQXpMUGNqRGxaNDExQUczZWFFbWJ3d2htV0pMMzk3RXl2YU1ldkhIOHZwejNjRUhjQUdyc25lX2NnbzJxWVRxaTZQNVdGZTBoa1ZRZmVHWXhLeHZCZ2NHVkRrVFVFUDFTUnNFZ3NMYTN4QVc4cUItU0NqOWNiV1ZYbjRvMC12NHBLSE8wLVVZZw?oc=5,Nagaland Tribune,"Mon, 14 Jul 2025 07:00:00 GMT",2026-06-14T20:32:23.346963,cyber_fraud,True,False,candidate,https://nagalandtribune.in/dnsu-issues-15-day-ultimatum-demanding-action-against-habitual-offender-nirmal-jain/
digital fraud Nagaland,The DTO has been identified as Rajib Chandra Bordoloi. He was suspended last year for approving fake licenses in Nagaland and Arunachal Pradesh. - Prag News,https://news.google.com/rss/articles/CBMinAFBVV95cUxNR1lwcVpqZHVRZENyZ2liNzNUTW1yaUczb2tEM25vWFBZRVQtRGFHYTNPVEFrenFkNWlTS1JYR0VNZmlaRFl0amxzdGoyandWbXdfMnVSTWFaQm9RekxhaGVDaGlIYTI5bVQtbUpDNmlwaWRiVERpaHM2VFU3akd5eUFZT2wzS3dQRHlRNDdXRFVRZ25WQThVcEo0azQ?oc=5,Prag News,"Thu, 26 Jun 2025 23:56:33 GMT",2026-06-14T20:32:23.347012,cyber_fraud,True,False,candidate,https://pragnews.com/en/assam-transport-official-arrested-for-fraud-sent-to-5-day-police-custody
digital fraud Nagaland,Digital education company NagaEd wins prestigious CII DX Awards 2023 - Nagaland Tribune,https://news.google.com/rss/articles/CBMinAFBVV95cUxOekIwS0VPb0c5M1FwS1RWSGVZdEpQRGUtb2Q4TUUycEh4MWlLOTcxcUg3eTBPWGxJRkRmRy14QkxqODkyeGYteDBySGQweDY5YVZkSVJCLVFqNXhhaVlyWmFuR3BCQ0JneDMxSmh6YjRxUUk1Y2pwNC1peEtnMkxkX3hsb2Y0MWJoeklGeVRDTC1iNHdSN2h5UjRRbnU?oc=5,Nagaland Tribune,"Thu, 28 Sep 2023 07:00:00 GMT",2026-06-14T20:32:23.347024,cyber_fraud,True,False,candidate,https://nagalandtribune.in/digital-education-company-nagaed-wins-prestigious-cii-dx-awards-2023/
digital fraud Nagaland,"Punjab Police bust fake degree racket of Global Open University, Nagaland | Hindustan Times - Hindustan Times",https://news.google.com/rss/articles/CBMi3AFBVV95cUxOQlZHb0xHYl9SRVFQaDNhd3ROTWFaMWM3NEtKLWNPQlV3b2ZtZ29yQmUzV25KUnlwcHU4WUVWVjZyREI5MUpLUllqV2ZxMi1uYzQ4Vi1oN2Z0MU1qdVFjYzJiV2JaZE9iVlNVUndfMzBGeFNGdmFiU19jbkdqZUtWaGs3WXNqUUZwZFlGOVcyeTlRRzVJUU9vT1R1V1ZNZEVxOVlrLTQtY2xRN3NiUXJRZlg2dTlGNUp6blpoTTF4ZlAxLVFLbVZxRlViYjFaVXJkSDcyT3V5MFl1VVA40gHiAUFVX3lxTE83RFljVTVqcWxnYlgzUlFFdlJOTlhXMkRpR3FrQlo5MU5SUGN1YUllR1lMTmZXUElOZlZGTHRrX3EyU3B3ZjBWblZXbjdxNFZEdzVWNUZuOEJaSkVPRUZPUzZFdWlScG5pQnQ1bEtLRjZjbnJHTHM5ZFl5UFRfT212ZzV4S3FxYlo1U3JZUlE5TjNpb2JkTUx6T0lQRzVUaWlLNGRxM0haR0M1WVhwTDZMUnFrcjlwMzJTVmpheWF6TmtPZG55NGpOUUdRUjdiVVpZUUtuQy0yZ0w4bkIyYXIwS3c?oc=5,Hindustan Times,"Sun, 05 Apr 2015 07:00:00 GMT",2026-06-14T20:32:23.347095,cyber_fraud,True,False,candidate,https://www.hindustantimes.com/punjab/punjab-police-bust-fake-degree-racket-of-global-open-university-nagaland/story-O8qPe7rYULQ0ZHGaAvOXpJ.html
digital fraud Nagaland,Bhopal: Wooden bag of Nagaland’s Konyak tribe is fourth ‘Exhibit of the Week’ of June - Free Press Journal,https://news.google.com/rss/articles/CBMivAFBVV95cUxQQ2JUX0hnelV4WXNYcWtGamlfN3QtWDEyQkpwMFNUcWVLVlRMZ1hRRHdrclBtVzRfenA4dU95NTZPazlZSWRtSXNfbElhSmdoVEZGRXNQMFpYUW1JOHI4Q3ZiaHA3WGlfU2dxdnlydXoxRUVGc0d6ZlJvdkpXWlotdW01cHVrajFvYUFUY2FXTkZkdWNCZ0RzSTY5VGsyOG1fSnJNYUw5bU45aUdmX0NMN3J1UG1LRHJtVDM2MNIBwgFBVV95cUxORVpqZGF0R3N1bml2eDkzVHh6MHpuTkN0RGlZVGVsWi1jZVc5VTZFaHBRbXNwZEx6ZWRYX2p3eXhQWGVkeGdHYVd1MVl5YmZCRkx3Ui1ub296dVNnZnBRQ1prSVh2bERlMjRJRnZuS3FaTThXRHk1NS1mcmxPU2o0bHZtdFQ3U3I5VGdpRWlNNTVrZDJpblVtV3N4UERxSzFaZWJ4LVg0N0ZOazFILUpaOTQ3T0hYNHBVd1ZXdVRUNW1UQQ?oc=5,Free Press Journal,"Tue, 28 Jun 2022 07:00:00 GMT",2026-06-14T20:32:23.347132,cyber_fraud,True,False,candidate,https://www.freepressjournal.in/bhopal/bhopal-wooden-bag-of-nagalands-konyak-tribe-is-fourth-exhibit-of-the-week-of-june
upi fraud Nagaland,Nagaland: GST Dept Arrests Mining Firm Director in Rs 53 Crore Fake Invoice Case - A2Z Taxcorp LLP,https://news.google.com/rss/articles/CBMipgFBVV95cUxOeFU1VktMYUdpR3dCRUw1TldOWTZfdGFuak5ndFJKek85VTZFUlM2YmJFYUV2a3RCT2d6NGNvblQ3R0x4YlBBbWNMcURkbXg3TjBwV1lrWmNkYXRlNGdTWFkzMHlrTHZVU2R4SGtodDRUbTJqT21VVXY0ZmNmc21xVng4ems0TmUtV2dDdl9EOGJOY2p1amJBcTJFcFVxV00zdTMxYmt3?oc=5,A2Z Taxcorp LLP,"Tue, 13 Jan 2026 08:00:00 GMT",2026-06-14T20:32:25.189437,upi_fraud,True,False,candidate,https://a2ztaxcorp.net/nagaland-gst-dept-arrests-mining-firm-director-in-rs-53-crore-fake-invoice-case/
upi scam Nagaland,Nagaland Lottery results: Winning numbers of Dear Vulture Evening results - The Times of India,https://news.google.com/rss/articles/CBMi3gFBVV95cUxOckxOdU5LbUlXVXJVOTNxVkJ3aDFpejQxVVdDcGx5RDBkN2lER29Ea2l3LXVVZGdiTVlaUE1yRE10RzBiSmJNV3lnY3Z4TWFZT05NVE1QU1d0TmxYQXY3VnpTTUZOZU9jOUpxUzZrQU84b3E0ZkhSREgtYUZuZlBRS2pHUVZXRUxTYWZscWYzdFc0Zm12cGpQUEJ4SmgwSUN5SDBITGphMnpJMEdaSVE1MWxSNWlBeUtTbkJFd1o3N2lWTUV3UjVlQXlsekVFaFJNZkxPbGY4eG55WVRZTlHSAeMBQVVfeXFMTkFqT3BaOU9LRXZraWRuVmtnNFBTTGhCRlBzV3lyVDRwSldDZGxJajNJbFQyb3p4b3Zqako4SEVlVVo3LUpTMXBDY0tFN3A1V1FXM2lpUHhJbFhXNzF4ejhhYkhCdDNrLVIwNVJCY245UkUxd003Unk4bjduS2lKaUZHMENYMm8yR05XQnpOckpOZU1ybVJyQV9ScjdJMUZTS0pRYndLRlFPWmF4eFNncnMydmRKR0R4UWpLTEJBcFN6anZHYi04WVpMMjE0WUZOWE5kVVdjaFY5WmZONFhOczF1cGc?oc=5,The Times of India,"Sat, 09 Jul 2022 07:00:00 GMT",2026-06-14T20:32:27.359855,upi_fraud,True,False,candidate,https://timesofindia.indiatimes.com/city/kohima/nagaland-lottery-results-winning-numbers-of-dear-vulture-evening-results/articleshow/92761394.cms
upi scam Nagaland,Two from Nagaland attacked for 'selling northeastern food' in Gujarat - The Times of India,https://news.google.com/rss/articles/CBMizgFBVV95cUxQWU9NSGpYLWZFTUR3ZFZ3WkM3U3VNSHNZR19JNjhvZ1EtTGVsU2NhWF9SWFd6Qk5CZ1lmNjNQTTlVdHFxUjItZzQwV19mS0Q3S0dUNnRhZDlvX3Rzb0pycWllamNraHhIdWI3MWZCckd4WHR3Wl9kbHpDa0pRSkhuZFREOUpOdzlyT2FWUWNxQzhadUwzNXpqUmJRRXdVd0dRNE1pcTNzeTE1Z1IwejJpcEhkU0RqS0ptQTFjRy1tRW9VRTRXME9fNlFUS1NkZ9IB0wFBVV95cUxQckd0UmNpOXUtcmRqZzAxVUZJNVIyMXpiN3drb1diVGsyMFdGclhBRVpDU2wyOUwtS1R3bU5VYU1kV296VFowU2s5ZnBJQU5LMU1KY3ZDMm9KYnM1cncwLXFiV2ZWUm02SmJyc2tRcHF4cldvUWJaNzVJTHZFQjc1ajZIdG93Qm9BTWtYNjFvQ1pVX095MjJWekdZSnFkMS1WUU9rcWZqclJfRDhSNWRqQUN5VTNsMzJWeDUyc21wMmtCemdTdXJFcDZfTEhmVFFCb0VN?oc=5,The Times of India,"Tue, 06 Jun 2023 07:00:00 GMT",2026-06-14T20:32:27.359861,upi_fraud,True,False,candidate,https://timesofindia.indiatimes.com/city/ahmedabad/two-from-nagaland-attacked-for-selling-northeastern-food/articleshow/100779103.cms
upi scam Nagaland,"Married in Nagaland, but proof lies in Panchmahal! - The Times of India",https://news.google.com/rss/articles/CBMizwFBVV95cUxQd2JzWktiMC1NeFJFN2NuSGdickxJV0lLYTkxZi1GcjNZWXNMNURXbHVSNkg3OTA0bnRFd2dNeU5RUlp0QUpwdWdXWWtKYjZaSHVHWUY0ZXhIeGQxTkN0U2JXZTNZdEpxUjUybFIwS1QxbFpZcE40S0VHWTFZcnd5S3N5MzRJQjNINTZiOWpUQ09pZ2VIYUplMmdDaW14bXpGNlpwSlgtZjZnUkthbHlLc1NmNG96a0E0YkExTGV0VWQ0WmYxM3BYNUZ3aXYwV3fSAdQBQVVfeXFMT29NUHlLNU0tMVMzRjlqbmpxRWNSckpqWWFWcFE1RmJRcXhXX1VvRUpuVEdTS1Y3VU5WY05VWFpyeVV6YW0yOXJpWkt5cEJaRnkxZ3ZGaXQ1YXBZaDBEZGJTZnR1M3BGa0RTeVVSclFfZTFJUUZ6R2x1QlNjR1NZN3VfZmZ1Q2pSN2YzVVpGUFVxbGpQTjV5eDF2bXBaQUdIZWRUN2t5YVZzb05ZbHphZ3pDREhoUENiNUlUUzdPd0N3RlZ6RWNBdGliUlVnZHozSERnWEQ?oc=5,The Times of India,"Fri, 17 May 2024 07:00:00 GMT",2026-06-14T20:32:27.359868,upi_fraud,True,False,candidate,https://timesofindia.indiatimes.com/city/vadodara/marriage-certificate-scam-uncovered-in-panchmahal-district/articleshow/110190034.cms
upi scam Nagaland,Nagaland Lottery results: Winning numbers of Dear Hawk Evening results - The Times of India,https://news.google.com/rss/articles/CBMi2gFBVV95cUxPTTYtcjNJaXhfTVZNUGxvZzNOMXRlTjFWdkNpNFZrdV9lemZ5Sm83SE9kbHVkSHFuSlpRNXNJUE1LSnpmRjNGZGpJS2NBZlg2aHA3azFCbWhpRHJJRldULXIyVm04TV9GN003b1UzRVM3dDBmbHM2NGRqMDdQdTJRZTFTZzVlQ2hPcmFSVkdFR2VnMVUxYUFNMUotNWJUUXM4SjduUTVjWGZCa3F0cFBuWXoyVzFYU3hMSVNTMFVncUwtWGRRUE1lZEhXTXAzdk1DSmg1OTM4T2lKd9IB3wFBVV95cUxPeTlMV2lObXNCNjJhVlNjSjB1YWdwQ0JHTldmaTVBazROZm10ZXFoem1STThieTZ3WVBMTUdGS1ZpWHpUWGlHRkxoRTgxaFpiOFBjMGhVQ3YxRlgwVVpMZWpxN0N0OUpGZHotRWxlNFJvTW9mMWxKY24ybDVYT2lYMjFpUTRac2tNbzhSSzZ2RHFqUG5pdk0wNno0WllrWDJqcWxOYzVscGxydl9xblhkMWFrVGlOT3dYM0RWYUVlbjd5Uy0ya3ZSTjI5OUJlbFVmX05jUHpWNnNjSC1qb0NR?oc=5,The Times of India,"Mon, 20 Feb 2023 08:00:00 GMT",2026-06-14T20:32:27.359874,upi_fraud,True,False,candidate,https://timesofindia.indiatimes.com/city/kohima/nagaland-lottery-results-winning-numbers-of-dear-hawk-evening-results/articleshow/98083092.cms
upi scam Nagaland,Nagaland Lottery results: Winning numbers of Dear Parrot Evening results - The Times of India,https://news.google.com/rss/articles/CBMi3AFBVV95cUxPRVE4R01xT2NlcjVNUUJtb09lRWU3aFBnMk56bzA5MVU2NE1DWTBXekZ6Mmtiak1ZdmZfd2VaNlI3eUU5em9FcmJtMHh6ZEhUMFI2VVRXUktyVFRPaFAxTHFLeE1kN0ZGdVNaSGVCS1VwemxreFduTFFDVE5WdlNZUWZLU0pNaEJhSlVLN3ZidFVmX3RCek9oYkY3OTlfZGJSOGlEbGxHMFVVWk9uYzJqVWRDdjRWRnRMc3dIbWllZmdpaGRKa2ZfZlVoZXJyYU9icXZNRXFBbVBJTk1I0gHiAUFVX3lxTE5MVlp1S2FpZEswRmpvZXlvV2FPZlh4dUc4U2dZQTkyZFltbEZxeXNqU3B2LTBkTjlKRC02ajJ1b1pneXg1U1pFdmlhR0dCRW9HZVhBX2xNTzJ3eUZjeUhtRmFiMjFMMHNkUGJlTXpDQmhGMURrdjBSNUZRLTdjR3BGY0xjNlJmQ3Q3UkZEMDBOOUJYYy1yQmx4bDM5cW9FUnhNRVZCRnNQMjlGSEZyNF8yOHItSExTbGFNTEp1QzRSb3BxRkRPQ2dncC1KM1dYM3ZYZ00tYUtwbFRxanpyX0pDVkE?oc=5,The Times of India,"Wed, 08 Sep 2021 07:00:00 GMT",2026-06-14T20:32:27.359888,upi_fraud,True,False,candidate,https://timesofindia.indiatimes.com/city/kohima/nagaland-lottery-results-winning-numbers-of-dear-parrot-evening-results/articleshow/86027438.cms
upi scam Nagaland,Nagaland Lottery results: Winning numbers of Dear Ostrich Evening results - The Times of India,https://news.google.com/rss/articles/CBMi3gFBVV95cUxQd0QzN05PX0ZET21vdjJreEh6VE9oTHQ0X0xGTGhIS2JjRHdXUnBUdlVyUGhWdWZCVC1DQzdtNnR3eFVzQkdBQ0JENFVlZ0Z2STAzMHFkdFhqd2FGQjZudG54djhkbFF3eWNBZjBJZW1mdDFNbUViY2VNOExCMXNJSnZNSFJIUFNIeXVBVUZxZWY4TVVuZGZrYjZFZjFyWWFtaUxUdDMxZE5WZlVKdkpLRDhXbW5RNllzc3Fac0paemc4eGpJejZPQmd1NUg3Ykk4UURhdEpyYjQxcWRhQUHSAeMBQVVfeXFMTzBnWEhpOU1xV0FnSEJqNkQzYVk2Q0d4cHMyQ1ZsVGhVamxTcjlmbFNwcnZwZFdSYzkyMzRRTG15bTIxSDBWT1hkSGhONUJ2Mjc0TjlxS1pYS3JnWHpXMWMtaW5OQ3pNU2ZNa1JtdE1yaW40bURMajFvSk5Gb3FDdm9OODFFVU8yYWdtT2VJOHdlZ2tHY3QzbGUxR2xvX3Q5alBEM1RsRVU0c3dHSTQxcDZWRDBvUE1weWk3X3VmSU95S0U4RWdSa21ZMDdPQmRDbmV2VTlpTkh1VjNGOU95Tm1RWWM?oc=5,The Times of India,"Sun, 19 Sep 2021 07:00:00 GMT",2026-06-14T20:32:27.359894,upi_fraud,True,False,candidate,https://timesofindia.indiatimes.com/city/kohima/nagaland-lottery-results-winning-numbers-of-dear-ostrich-evening-results/articleshow/86335462.cms
upi scam Nagaland,Nagaland Lottery results: Winning numbers of Dear Eagle Evening results - The Times of India,https://news.google.com/rss/articles/CBMi2wFBVV95cUxOVU1MS2UzSDZZbE9WSDR2M01vZzRRdmVCQjRxZGs0ZWtjMlBDcGpFTy1QMzYyZ1VLQU9QcGZDVzR2NXZpMkQxcUFfdWdPQ0o4enlZZlpkbU5HUlFGeDdnaExmWnBDMk80Q0xsN1g0Vjhyc25icWNxRVdqMEhPR2JvVEFUQzBBQ0ljb2ltZGpjUDlvRy1xSGM2eWEzb2hnUkUzNEU4YktoLS02UjRKQTZRcDVwbFRvQ1lxb0lJdV9xSElzSzc5T19qWG5ZeHhFOUxyWVozYXBTV2xSMjDSAeABQVVfeXFMT2JPYnRmS3VhLWtrN3hYQm1Fd3ZtbWtrRFlaaFQ1Yzk5RTBKcTVnYzNwVmo5Y0lSVHBkekplSldNZmZxY242Y3lBTGNzOEtNMkVDamRIc3N1NlNtQnZLR29scXlydi1iWjQxck5CNmwxWVJSOXo3Nzc5LUdYcTE5eWY3cXpycjU4c0EtMmtVZ0dOckNHelRIeGNaUGUxNWMwOUR5X0JCeml4NkpmdlVRTDMtWGt5b2dwRm5za2lQUjREWWl2Sk5BVTItdE9WTUN4dkVNa0lYNU9xMWR1LVFNMzg?oc=5,The Times of India,"Thu, 21 Feb 2019 08:00:00 GMT",2026-06-14T20:32:27.359914,upi_fraud,True,False,candidate,https://timesofindia.indiatimes.com/city/kohima/nagaland-lottery-results-winning-numbers-of-dear-eagle-evening-results/articleshow/68090652.cms
fraudulent upi transaction Nagaland,Selling on Marketplaces from Nagaland - Eastern Mirror,https://news.google.com/rss/articles/CBMigAFBVV95cUxNRHlCTlJmeGY0Tk1Qb1NONFBmUWwyNmJ0OTYtcVRWa2VEOXRHVGpFOEZjdEcyWTRmR05LMTVJeE0tekpPUzJyM0F4ZmpITjRHYzFSZlRpcGhKMTM1aWhjQktKdXRYLXZDUXZqdGFpWDhoS3ZoNTNpZFAxV19KT093bw?oc=5,Eastern Mirror,"Tue, 21 Apr 2026 07:00:00 GMT",2026-06-14T20:32:29.174349,upi_fraud,True,False,candidate,https://www.easternmirrornagaland.com/selling-on-marketplaces-from-nagaland
payment app scam Nagaland,Telangana CID arrests Falcon MD in Rs 792 crore investment scam - Nagaland Post,https://news.google.com/rss/articles/CBMikwFBVV95cUxQbzgwNEVfT3Q1eUh1ZDMxaU5ZbTdNWDgwNGFDUW9nUXRXMlJUNWtxYm5ocm1qbGtsT0l1dk01TGV4T1c3OWFKZy1VNS1ZQWUzS3JtdWMyOFRlelJqRDhyU0pPSGwyOHR4U1VvWVVXMndNQmFSYUJCODVoYVFmeG5FT3NRYXlhaTZpVmFGS3Q0R0JnTlU?oc=5,Nagaland Post,"Wed, 07 Jan 2026 08:00:00 GMT",2026-06-14T20:32:31.138946,upi_fraud,True,False,candidate,https://nagalandpost.com/telangana-cid-arrests-falcon-md-in-rs-792-crore-investment-scam/
payment app scam Nagaland,Nagaland CM Neiphiu Rio seeks EAM help to stop UK auction of '19th-century horned Naga human skull' - The Times of India,https://news.google.com/rss/articles/CBMi5gFBVV95cUxPaWZkNHVkTW9oVTdETmowMy1wM2s1aW5pam5ibnBQd3RPalQ4dmtFMjM3MnBNUFBZLWNXeFZ6TmFSR1hxckhPanRNMVltVzhZei1YTFp3SDNscktFbXltcUlFeEhfekZQbjE5Vm5ONkRGT0EtSEhFNXVfTUlDSV93d0ZWRm9LUEZVR1ozZDQzQUtOYmhIUFBtdzNJVDZmd0toQkZiSkVRUnc2b2tIa1ZJS19TLVB2T3JjckFETU1qTDMzd2JvMUsyM2gzWDNISWNfMnhoXzM3dzF1WTBzUHk5UEkyNmVWZ9IB6wFBVV95cUxNeGhPcjB5aHZ1MmRsVUJQc1p4MzVyWEVUaGZUUUk2V1FVcmdLTHFWbE9hRnM0YUJKcEdfd1Z3MnBuYjA5LVdnWUNoQ3JQTXV5Q1BDSDI4VUV0R3U5ZXBaejN4SE1feDlvVGNWcURWcnBwZXl1S19NLTR3Y2FYVmtaUFEyZWptZmFIZmU3RHZlOWdsdTBWckU0TEhPRHNHRjVmSHVnSGNzTWx4aEF1QnBYWlZWVGFSd0VCXzlOaXU1d253TVRZSjB3QnFmb0RrY25BYm0yNl9ySkNZMEwwSWNvaVN5UE56SEs4aEJr?oc=5,The Times of India,"Wed, 09 Oct 2024 07:00:00 GMT",2026-06-14T20:32:31.139161,upi_fraud,True,False,candidate,https://timesofindia.indiatimes.com/city/guwahati/nagaland-cm-seeks-eams-urgent-action-against-uk-auction-of-naga-human-skull/articleshow/114060636.cms
payment app scam Nagaland,"Dimapur Police busts money laundering racket in Nagaland, Nigerian among 4 held - India Today",https://news.google.com/rss/articles/CBMizwFBVV95cUxOYS1JX3pUb3JFSVBFSkYxOEdEblI0T01kajgtbU42U3poNXpSbEV4ZmE0SFJtT3FjYzl3bjJhYUN3T1ZoY2hDckhvZDhrRmRtY1BsQ2FpOG94alpkVFAwVXE3NDJkY3hfbHg5c05ralFTcnNxcWlxZkRUZkNFdmgxeEQ0clZsUDRWQnJyQVEtSTBDNHgxOGpEU0RHQnFjaGNBd29QQ0hFMFQyLTludi1GZGJaR3BGdFQ1R1lBX1RpOFJKM2l6RTI5RTNQNlB3SkHSAdQBQVVfeXFMTm0zNHMyNVJmU0NXZ1c3SHh5R1pSWGN1VU8ySjZ5Njl0X2JFWDI3OXRUVFU3U3kwV3hTdHFTWVVmQjFlVGhxeVgzUElHLWFQbFUzV1lkMElOLVFBQzFOajdGNUd2U0RPM1ZBNWdwVkhRVHlPRHctRlVJQkpHaWplUkEyNjNMRlQ2ejdBc2prbndTdVc4bk8wWEdTdGpULWFLVndmOGR5cTRqMndYS0FtWW92MUZXSmZnNVdfaUVyWFJSVUpTOHh4b0EzakJxUTZEcFJMREU?oc=5,India Today,"Thu, 12 May 2016 07:00:00 GMT",2026-06-14T20:32:31.139211,upi_fraud,True,False,candidate,https://www.indiatoday.in/india/story/dimapur-police-busts-money-laundering-racket-in-nagaland-nigerian-among-4-held-323119-2016-05-12
payment app scam Nagaland,"15% of 60+ Indians sleep-deprived; the most in Madhya Pradesh, least in Nagaland - The Times of India",https://news.google.com/rss/articles/CBMi0wFBVV95cUxNOEo5RW1GVnJHdWNuYmJ6UTFuV2lFT3hDUG1LTDBHc1lzZ3dpenNtZ04zRkxadmtGUGJabW1yM2ZkeGJKSzE2RmtOZGFpSDFfaDZLb0hxTWl0TmlhWmpsd0ZfYWhXSThmYjF6N25qNHVqc2dGdkliQml6R3RpRDdnVHlZV0xZclE0RzdEMjlGZk9LWmZNVk1rMzFQT0lLbEhFYW5mYkZFN085bVg1TXFUcEtGZmR5MlhLNDFfdy01aWJ0OVBsRmpBR1c4enpSQ3FHTmln0gHYAUFVX3lxTE5zN29WSk5YemJ6YzFjNktHWmU3NjUtN1c0T1o3YndsUlJQMzdJbDJrV0pRVGpyLXZEOVA2U25RVHliYkxpb2UtVDlKdF81SXI1OEhEQTdwTW9BZ1JBZE9seTVEZlhOeFFnSHpzUk1ibk5pMWU3ZUY2aWpIb3A0ck5melJHR2J6clF2MTExQ3djWUFWZFdrak1lZU0yQjBDT3cxRms2M3NqSUZWNV8zUlhpVlc5SkhkMlJJSG42ZkRnTFd6VFFUb2FDczBTWmNKeVR5c191VllVQg?oc=5,The Times of India,"Sat, 09 Jan 2021 08:00:00 GMT",2026-06-14T20:32:31.139224,upi_fraud,True,False,candidate,https://timesofindia.indiatimes.com/city/bhopal/15-of-60-indians-sleep-deprived-the-most-in-mp-least-in-nagaland/articleshow/80182652.cms
payment app scam Nagaland,"Nagaland State Lottery Dear Venus Thursday result for October 6, 2022 - Eastern Mirror",https://news.google.com/rss/articles/CBMif0FVX3lxTE1hMGo5UnVkNzBOZXVFNnN2SmJVYldhdk5FQzFDTHE1bkNZVHowc0JnTmFTVnlnaHpDYl9rbDgyeE05YVVhZGhNc0l0cGdFRkFxaUlpWHpKZWFnTE1malRIaWU4M3k1WXFSZW9MdFdNc1ZDVUZOZFhCZ2hWM1dZdEE?oc=5,Eastern Mirror,"Thu, 06 Oct 2022 07:00:00 GMT",2026-06-14T20:32:31.139237,upi_fraud,True,False,candidate,https://easternmirrornagaland.com/venus-thursday-result-for-october-6-2022
payment app scam Nagaland,Mizoram launches ‘Khuarel’ app; Nagaland stresses disaster preparedness - Punjab Kesari English,https://news.google.com/rss/articles/CBMi6gFBVV95cUxOVlpfZWVUZDdtYVpVWGxqcW10TWllMUs5Ri1ueHpvTHR5c2ptQm1oRHM3TzROeGJTTmlGbDE5c1Y4Nk1EY1lWM1pzWlV4YXRFT0tSa21fSXNHcWdiZGp3VUpJVHdUcnR2NHBybVNrYXNSVURkaks1QmV6UVRDMlk4N3RPRjBaZzZUUlNDQUFEWW1tN0RMbElsOTROb0Y5cnFWZUtvN25oN3E0TkpCdlkzX2gzUXlYRS10ZjNMYnphMWEzTHBUOGZaQmFUV18zS0t3N21KWEh0UEJOOVEtNlRqVFc1ZEI5WHlIblHSAe8BQVVfeXFMUGlrczZtWWhEd2dCN0RQOENUUHI1c3ItNzhpYUVPV0pkRWNacW4tZzVIckFTTmI5MUVZYTFQNENFZTc3TlJsX0dPanQ2LXVOSmswU3RaUExLNThzY1hTWlQxSkpYT0o0LU1iRUV0amRRWTF6QjhEeE13M2NoUkF5ajdTMlhPdXpLT1BaUXE2VHNoeVFabnVtekVOSjZ4UFNjemVnQnlYYjVQYjJIS0QtQk8wdjE5TzFCdW1jdExsZnlsaHBFSHVVMG5MUVpNeFBUbTcyZVpwbkc1MjBKdm1fXzRuMWk2dzA4MGJxZ1JsWE0?oc=5,Punjab Kesari English,"Wed, 29 Apr 2026 07:00:00 GMT",2026-06-14T20:32:31.139278,upi_fraud,True,False,candidate,https://english.punjabkesari.com/india/mizoram-launches-khuarel-app-for-real-time-disaster-reporting-nagaland-stresses-stronger-preparedness-coordination/
payment app scam Nagaland,Lottery Sambad Today Result 24.9.2021: Nagaland 8 PM Result LIVE (Updated) - thebengalstory.com,https://news.google.com/rss/articles/CBMiqwFBVV95cUxNVHN0d3VibkRTcW1EbkF4Vllqb2g3X0ZubjNmLUNxSVAtWHR2Y254Vi1hOVhSaHdSclhFd0xLZzVGdVFiYmUwY2NnRDdraXVWRllBVFJtaV9wUkI5MG1VTkVlYUlwZUNlZXdJN2x2LVBIV1hjY2pNdC1ibVMwNHZKX2o4SElYdFF0ZERnSUttU3pjZjcwUkJJbDFsZ2U1aHlCakhFOExNekhWRzQ?oc=5,thebengalstory.com,"Fri, 24 Sep 2021 07:00:00 GMT",2026-06-14T20:32:31.139341,upi_fraud,True,False,candidate,https://thebengalstory.com/english/lottery-sambad-today-result-24-9-2021-nagaland-8-pm-result-live-updated/
payment app scam Nagaland,"Lottery Sambad Today Result: 06.01.2021 Dear Sikkim, Nagaland Draw - thebengalstory.com",https://news.google.com/rss/articles/CBMiogFBVV95cUxORjdRTU5LMGtYeG1TejJPTnNWZ3A4TVB6XzJkNzZFMlY3TEJHNUIyUmwwLURxX0F1aUpTY29jUXhocFk1NFpiaW1ZUlc0OWZ4Njlrb2Fsdkx5MFB6YlNScHJrQjlKam1ORzhIVEs1dENNZHFFRWd4Y29wVUh0QmRfOXRiMUc5MDA0YWUyX2NKZjF4SVNCQXVmdTM2X3NreEdlZXc?oc=5,thebengalstory.com,"Wed, 06 Jan 2021 08:00:00 GMT",2026-06-14T20:32:31.139353,upi_fraud,True,False,candidate,https://thebengalstory.com/english/lottery-sambad-today-result-06-01-2021-dear-sikkim-nagaland-draw/
online payment fraud Nagaland,Tuensang DPDB meeting held - Nagaland Tribune,https://news.google.com/rss/articles/CBMiZ0FVX3lxTE5melFIQXhIblI3Vlg2VXVia0J5S0tkTFo3UmFDUXFVZm9RZlV0bzdsSmdDTEVoXzFhSlhsZnZrNF9GYnZCeDBnX091Y3VCRnVDMWZhT2luN185OUlIcWJIUzByU0FidnM?oc=5,Nagaland Tribune,"Mon, 08 Jun 2026 12:28:36 GMT",2026-06-14T20:32:33.302948,upi_fraud,True,False,candidate,https://nagalandtribune.in/tuensang-dpdb-meeting-held-7/
online payment fraud Nagaland,Nagaland 1st state in country to sign MoU on disaster risk management - The Times of India,https://news.google.com/rss/articles/CBMi5gFBVV95cUxON2dQQ09nczYyaXR2UnpEU0xQenNtQVlTQ2xQZTdETDgzSE0zbkFjSkhyV0dlSWwtN29TNFI1MWdwbndKTmFsSVRSTVNYNTluakk0aldRU1pOdXVtaHhZZm5KZFppNlVob0xuMVVGSjVvLXNyUDQ4Qldna3lXenpaZjRNVnEyd04zamh1TE0teW1SRVN5WWpiYWhpY3NGc3RQcjhkNDF0WGE5Skg4TUszQ3RsNG11Um9lTmVmM012Tko0VERNdkZKb3NDNUxZMXZVdU90ZnQtdGkyQzdNRW56cFpCM21nQdIB6wFBVV95cUxPbFFhWVJmU3J5X3NfbDdEZGFqUUdGVGMzZ0NmY0RXZW0tdDNEQ0tiazR2QVJvNkxXak02d2FFOEpnclRXSW9hY1B5M0JYOTd4Qm9QMzlzaVlaZHE1aU9pZUpXbVBCRzBqUjlwMlFwS2NFM2Fjdm4yQjVZbXVlQnVXQUh4R0NWVl9JX1VhdUNkYzRFNHNLMVVQVWcxYXctTnl1d1ljNDBZdU5iNmVBZG1sMEwtMFVvdGdVWEc3aU1JZ2Q2Vk5BWkRhN2ZSNDhpODdKRUpTU0poTHNOZ3FtbUdRX29jS3p4SUQ3UHR3?oc=5,The Times of India,"Sat, 03 Aug 2024 07:00:00 GMT",2026-06-14T20:32:33.303020,upi_fraud,True,False,candidate,https://timesofindia.indiatimes.com/city/kohima/nagaland-becomes-first-state-in-india-to-sign-mou-on-disaster-risk-management/articleshow/112236345.cms
digital payment fraud Nagaland,Cybersecurity awareness lags in Nagaland despite strong demand for protection - Nagaland Tribune,https://news.google.com/rss/articles/CBMiqAFBVV95cUxOU1pXREFTb2dTZ2k3TzUxSTZqSXl2eTNCcjdySWRyV2NFaUhKQ2FIZ19aejZkWjFmY09VRmZvUk8wWVZ1dTJqbWhCbWhTNGFUTktaQi04UFBPMlNJQzFKekFLaDNNbHBfX2tpQUd1Sl9kVGFiQ0xzYUNmcWJEdVQxQjVaNm5paG5reDMwY2E4NXRRMlpsd0JocVctZWhCQ19BelZwVkdiOVc?oc=5,Nagaland Tribune,"Mon, 08 Jun 2026 16:24:36 GMT",2026-06-14T20:32:45.809086,upi_fraud,True,False,candidate,https://nagalandtribune.in/cybersecurity-awareness-lags-in-nagaland-despite-strong-demand-for-protection/
digital payment fraud Nagaland,Cyber Fraud losses worth 660 crore rupees prevented in 6 months with help of Financial Fraud Risk Indicator - News On AIR,https://news.google.com/rss/articles/CBMivwFBVV95cUxNOHppWkN0bXZzbE5nSVZfUHZONE9nTFI4Y01LSVktMzdRbVNOcjU1bkZfQXBtVW82Snd6amN5ajFnMjlhSjYzc3EzMGMxeS1CdVl4ZDREdXBsVTF6Wk1ZdVFDQjRKdmJZQUVEcDc0Mm54MGlxRXh3UTBuNWtmX2VHWkZXNURGVEdScmVOZ3FWWEl6ZWNNSERUb1FtTHJVV1pmWVlkSjJSRHJTOC11T2phUi1pSGxGbmxHeFVzaXc2aw?oc=5,News On AIR,"Mon, 22 Dec 2025 08:00:00 GMT",2026-06-14T20:32:45.809155,upi_fraud,True,False,candidate,https://newsonair.gov.in/government-prevents-%E2%82%B9660-crore-cyber-fraud-losses-in-6-months-using-fraud-risk-indicator/
digital payment fraud Nagaland,Nagaland Police initiates investigation into ‘RGA’ scam - MorungExpress,https://news.google.com/rss/articles/CBMihgFBVV95cUxOelpmMGdFWUdnaU9XX2dnTkNXTlQ3MnpIdjVPREdlVjFkLW5iMTM5LWk2dXpneVV5bHdKV3J3TjFya3ZLWkVvcjBUd1pXMGFYLXRBRVJqNDEwYm1aZGJ2WnA0LS1lNDZNM2tWSzZuYmkzUlBTQUZELVdvbnpIV1hKS1dVQjQ5Zw?oc=5,MorungExpress,"Thu, 24 Oct 2024 22:15:53 GMT",2026-06-14T20:32:45.809326,upi_fraud,True,False,candidate,https://morungexpress.com/nagaland-police-initiates-investigation-into-rga-scam
digital payment fraud Nagaland,RBI organises Financial Literacy training to empower Women in Wokha - Nagaland Tribune,https://news.google.com/rss/articles/CBMimwFBVV95cUxOdjkwdFozczY0RDBBMjJSc1YwaVpEWEhKeS10WGhYQk1fZm16cWl0bWhhX2Y1RjdlYkg5bThBdmxKZUotY0xsdGhOaFJFS3REVzFOSnRXNHNKY0Jrdno2Tk02X2FOVDY2R0I1cDdoVFh4UEpxcUZBWGEwSmpZVlRuYkN4SGhZLVF0RjdUU0NrUGtKRnlDTE9Mb25ZZw?oc=5,Nagaland Tribune,"Thu, 07 Mar 2024 08:00:00 GMT",2026-06-14T20:32:45.809403,upi_fraud,True,False,candidate,https://nagalandtribune.in/rbi-organises-financial-literacy-training-to-empower-women-in-wokha/
google pay scam Nagaland,Nagaland Lottery April 13 Evening Draw: Dear Clover 8 PM to Declare Rs 1 Crore Winner - Moneycontrol.com,https://news.google.com/rss/articles/CBMi1wFBVV95cUxNMVp3SHJQN0NObjg3ZlFMUHhLc2FqRTFBZDdSeVJsdXp4VWFGRGp2WGh6Ulo1SHREUEFHanp0cWYwa3kyb2ZLdHgwWFl6cGRrREJWckpFRTNUWGszeDZtU1lPVk9wRmVVejQyc3BmVi1QT3c3OFFKSVVwNzR2Wks1SFlyOXpRc19vSU13SUpFSndmbmNaMC12M0M3c1M3YTU3dHZwQ0NFZUE5NFZmZFNJaDBPVWp2cklxV2dSb3dON01TNzl6NnE3dnRtRmVndzd4bVZpdkhVd9IB3AFBVV95cUxNQTF1OWF2S0dFVDRwcUZGRHBETDdtbzY4cWROZDFPblVNWlk0aGx6eW90YlI4SWprUzJhQ2Zsc0djQ0RIOU1waUxvdG5NXzYyeDVMbkdpVGRBVm1jd3dnREdSZ3VQNGo2eEJqeGprQnVUQnBSZGJWX0V5dXVPQjRXd1dUWVFjYzJVOGNZSXRRaUV1ZXhIblMxbmtrTjkzVHZOTGlMUUtqbTRDR2laNzAtTkM3c0MxWHNUSWxBQUZFcGFmSFZmZFhrSjlPeG1idzVBVUFUOG9MVHN1MkhE?oc=5,Moneycontrol.com,"Mon, 13 Apr 2026 07:00:00 GMT",2026-06-14T20:32:47.712474,upi_fraud,True,False,candidate,https://www.moneycontrol.com/city/nagaland-lottery-april-13-evening-draw-dear-clover-8-pm-to-declare-rs-1-crore-winner-article-13887641.html
google pay fraud Nagaland,Nagaland Health Protection Society clarifies; appeals private EHCPs in Nagaland to continue with services - Nagaland Tribune,https://news.google.com/rss/articles/CBMizAFBVV95cUxQeFE5QzVyeWFOOVRXNEp6M2pxakEtNXBfSGZuamYxQlE4c3RhRjBTV2NDZ3k3QnkwRktyTkdDMWh2Z3c0MmNQNkZsRUNEY0xDaWc1ZEJqMVpHTldzVzlzZHNnR2dYZ3dydDFCUHNmYldCV0RCQVkxc0laNW55TExrRGxyYkQ2QU1XcVBCVnVzTkhacWlyRzh4MExiT0dkWG0wWjFTdHhNcG1WTEhEV0VabnhxeFJfSGJRb01tVzVZM1d6OWgtSW1YNUxuMDc?oc=5,Nagaland Tribune,"Thu, 17 Apr 2025 07:00:00 GMT",2026-06-14T20:32:49.553706,upi_fraud,True,False,candidate,https://nagalandtribune.in/nagaland-health-protection-society-clarifies-appeals-private-ehcps-in-nagaland-to-continue-with-services/
paytm fraud Nagaland,Nagaland police refuse to hand over abducted bizman rescued by Mumbai cops; say he is a cheating accused - The Times of India,https://news.google.com/rss/articles/CBMi0gFBVV95cUxPWmJpLTJJRmhKR1ltam1NQmN6OXRoUllxZFB4bTloNS1hRi1GR1NNR0pPZm5KUS12RUFZczFkNmt0cTJRTExpRl9tN0ZEdGZ1Z0g1MEZkWDN0T05CVTQtcERwd2lVdzBMckZBRHgzWGZtSHEyUGM3NF9TdDFTOXNtd2tMWlNraXZSR2VZS1NDOUYxT0R4UEdWUGFWcVFIMGNLOFgwcGxDdFBzQ0hyUWFiWndDcjJXc3dxVlNOa3pOLUxLRHhrbGRmOWVWRFRBSEJjT1HSAdcBQVVfeXFMTXNrbWsteEc1T2E3VzVJOUY0bjBMMmdXUDBTMFNsU2ZSVEhxd3IxbVJ3SDRNc2FzaU9oRmJWN0JBRTgydWpjRXRld2VLaXF3UmZoZGdocjNMakFOZ2pEYWdYTWRCcEVLZTN0c205TXhKQzFIR3o5Q1ZKcEpWeDU3bW5IS1Y1ZnYzczNJRlE4Sl95am9FN2xjdjRCS0RlTm81Z1N5bXlleGpobXZxeUhrY3YwMmZjbWJyRWc4bjMyMlFyR1JtdjRxdlVWYzhfdGxkckh4SEo5RzA?oc=5,The Times of India,"Thu, 12 Jun 2025 07:00:00 GMT",2026-06-14T20:33:01.419953,upi_fraud,True,False,candidate,https://timesofindia.indiatimes.com/city/mumbai/nagaland-police-refuse-to-hand-over-bizman-rescued-by-mum-cops/articleshow/121786426.cms
paytm fraud Nagaland,"ED Targets Rs 500 Crore Crypto Scam: Razorpay, PayU, Easebuzz, Paytm Among 8 Payment Gateways Under Scrutiny - The420.in",https://news.google.com/rss/articles/CBMiwAFBVV95cUxNXzJSbkRQUHprWFhBYjl0X2t1cDBHYkpQQWwtMjU5bFF0dlE0dmx3Ym1OVnFEaUxQZ0ZNMzlXVjFBT2M0aUo4VHM0R0tlRUVubHNuYzlUekdyaHdHWndZYllyX21HZmdTM3RwR05uV296QjNVd2dsOVJ5R0xDZ0wwMFZNRmhkQy1RODBzbEhVTWlCTDdCQS1WN0xPNVhLM1NySGJWMXVTQTZfQ3FlSXpwbExzUzhXU0ZxSjNJQWtob24?oc=5,The420.in,"Tue, 25 Mar 2025 06:56:33 GMT",2026-06-14T20:33:01.419971,upi_fraud,True,False,candidate,https://the420.in/ed-targets-rs-500-crore-crypto-scam-razorpay-payu-easebuzz-paytm-among-8-payment-gateways-under-scrutiny/
qr code scam Nagaland,Birth certificate to be key legal document under amended RBD rules: Nagaland Govt - India Today NE,https://news.google.com/rss/articles/CBMi2gFBVV95cUxQOXVSX0pMZVRQUzVhUW9aZW5iUjRJeTN2UDdzMkhaNGdDZGplT1VCcHpEN2FweWFXTl9henZJN1RxWHB6ZHM4c0NnSGlyb21aRmVMcnJLeEx1Z1I2TGsxNzg3Yzlvb0VILUdsVW5xaGRSelE4OXhkdG9XRDR4aVg4QmFzWkdBcWo2aGtxUW05cHFIZXpxcDdMeERxZHBZQkhBSElhbFFtdFNzTVRNckpUMVE1a2hfYzVTVkFpUHh0WkszempWRmxXWm5YamFsQTNDMFl4dk9idF9ad9IB3wFBVV95cUxPSERIVG9SZGhYajNaWDBPRFQ0bWdwa3pWd252c2VPdGVHd3g4Z1V5YzNmTE1VUWhBTktvWXU5ZFluRXV1WHA2WkRaNmpERGxvWUdSSG9JUTExamZvbnBHdlRnVW5aVy1KS01SU3E2NHlGbHJCTUdfNWZwRG5QX2l6QlE1SnZkUHN2R3ZnQ2lqWTY5RG03eWMtZU9oM2lVSi1DYzBZWm1zZXo3UVVKUEk1cFRiU1cyOEtNN2VMM3NRS2Z0QjZRZnFzdGNwc19HQ2RGRUtObzUwM0N6YnFaWXVR?oc=5,India Today NE,"Wed, 21 Jan 2026 08:00:00 GMT",2026-06-14T20:33:16.982111,qr_code_scam,True,False,candidate,https://www.indiatodayne.in/nagaland/story/birth-certificate-to-be-key-legal-document-under-amended-rbd-rules-nagaland-govt-1334705-2026-01-21
qr code scam Nagaland,"NE shines in CISCEs; Assam, Manipur & Nagaland record 100% pass rate in ISC - The Times of India",https://news.google.com/rss/articles/CBMi3wFBVV95cUxNNTFsdEZJajdCX3FVYnEzT2w0Y0lvN0FFS0tYYkY2UWh3VWlVNXA4NnRhcm9xN2pYT2dER1JNdUxFSFIyZlhSQ2xkMXFEazZIbHBIQm0wVGhTODZoQ1BjU01hdDh6WTdGcTllMFdXOVh4NHRfZ1FsYlVwcTBGNWxwR0QyN3NSTXJfdUhLZXNKd2pRSDltWFkxNDNhQ1ZhUV9xZVRMaDZMNkx5OXR4dnRfWHdOZjhBU2hUMjNoX0gxdkQzRGFDbGx5Yi1EdEpvYWZuUXZtRktMY05aRHpCSmR30gHkAUFVX3lxTFBPMzYtMnJ4ZXNacmIzZm9GZVZrMFVZSno5MTFkR1VjN2t2YTFrbzFQMktyTnRPc0Q0NTRzODYzLTNobnF3LVJ0ZnBkOWZuckkySDhPRlBKNXZEVFY1Y2JfYkxrdkJCWEo1ZkszVk9yX3B2c2RaX3RfSDgtQk5IdXp0MnNCdjZMc0I2M1ZzZ0NvaHNiSlUwbEpfcXNHdTM4ZGFNZm45LTNYVHhLemdSWjQ4OUtoTlM3QlRUSlFwdFRtdVRoWVNuRTA0cjJVVGZmODdMSEFEMFBKa3lBZjZSVW1XWWREMw?oc=5,The Times of India,"Thu, 30 Apr 2026 07:00:00 GMT",2026-06-14T20:33:16.982136,qr_code_scam,True,False,candidate,https://timesofindia.indiatimes.com/city/guwahati/ne-shines-in-cisces-assam-manipur-nagaland-record-100-pass-rate-in-isc/articleshow/130644141.cms
qr code scam Nagaland,Chümoukedima SDO warns against scammers pretending to be from PMMVY Office - Nagaland Tribune,https://news.google.com/rss/articles/CBMipAFBVV95cUxPaTE2VFQ0dk8tanNXa2F3RjNPSzlHZGZUQ1B6dUR1S2YyOXpsV3N5QVlDX3NMV1ZmNEVNTnNLVmlqdGtkMjVyZ3ZacnRBTWphNFk2OHl5eFhDLWFzWExYb3Jock5EU0lYWE5mSDV0T3phSGxOdERXSWhwb1ZSVTk0UGhEOEFKczl4dFhZWGNCLU5VNGNBSUR4ODJ0SnMyVzQ4Q2RWYg?oc=5,Nagaland Tribune,"Thu, 20 Jul 2023 07:00:00 GMT",2026-06-14T20:33:16.982173,qr_code_scam,True,False,candidate,https://nagalandtribune.in/chumoukedima-sdo-warns-against-scammers-pretending-to-be-from-pmmvy-office/
qr code arrest Nagaland,Shirtless protest at AI Summit: Delhi Police arrests IYC chief Uday Chib - Nagaland Post,https://news.google.com/rss/articles/CBMingFBVV95cUxNTTg2bWhFd2dNLWNLWnBGS25HZlBmbVhTeFlnLVNKdW5JMUJyRC1HUnV1dTNMZFVaODdaOFRuUTY2b3ZzZWcwSng2WkY0Zkx2YjlESGVSRXdyWEphSlBDVEdpLU5EMks1QWc2dS1yUGNzQUFPYmdjaDlDSVVQOGFGWWhMaFZtSVRKU1FSN05kdWRIU2ZvTzk2MUtQcDJ6dw?oc=5,Nagaland Post,"Tue, 24 Feb 2026 08:00:00 GMT",2026-06-14T20:33:25.352013,qr_code_scam,True,False,candidate,https://nagalandpost.com/shirtless-protest-at-ai-summit-delhi-police-arrests-iyc-chief-uday-chib/
qr code arrest Nagaland,"Broken roads, burning waste: Why Kohima’s air is turning toxic - EastMojo",https://news.google.com/rss/articles/CBMiogFBVV95cUxQMEpUbGdQX3NkeDhJc05HcEk0elNQa2ZjVXluZFFHY0xXV1ZwMm9XMU1IQ1Z1RTg2OEFTQXNtRnRzQnF1Qzd1aTZieFkwTW1SN3hGaHlwMHFoR2NhWDJobXVnUU1UcVNSLV9RR3JCWW0xTk9xcFpRbG8zV0xES3FCS2lydkgxVnBzdWVyWXYzdzNBNDgyN0dGeVRlVlNrSDBfN0E?oc=5,EastMojo,"Sat, 20 Sep 2025 07:00:00 GMT",2026-06-14T20:33:25.352036,qr_code_scam,True,False,candidate,https://eastmojo.com/premium/2025/09/20/broken-roads-burning-waste-why-kohimas-air-is-turning-toxic/
qr code arrest Nagaland,Nagaland: How a forgotten shrew became an evolutionary game-changer - EastMojo,https://news.google.com/rss/articles/CBMiqwFBVV95cUxOWHFYSHIyRjMtSUYzT2tNckxfLWVYYXdjMkxSTFpnY01DOWdZbUFPNFhKczZtZmlmTWd2QXprdjh5RHN4Y3EzTlk4Ykc2aGpiMlBSQ3NPOEt3Z0x0QVlVVkQ0cW5zb2s4WVpFVkNvWHBNYmsyWGFlRXk1MkJ0NTB0RDEzZGx6WGN3MVZHTjFyS2pvWmUyTUQtWVVZZ3Iyd1dXdW84TVE1dVlaTG8?oc=5,EastMojo,"Sat, 21 Jun 2025 07:00:00 GMT",2026-06-14T20:33:25.352056,qr_code_scam,True,False,candidate,https://eastmojo.com/premium/2025/06/21/nagaland-how-a-forgotten-shrew-became-an-evolutionary-game-changer/
qr code arrest Nagaland,Nagaland: Why the state govt’s recent decision to modify Inner-Line Permit rules has angered locals | Hindustan Times - Hindustan Times,https://news.google.com/rss/articles/CBMi8AFBVV95cUxOaXFLSUdFUnE0VjBISFhHc191Ykx4RkpMOW05RFhXUTV5YlEzYnQ4NkxYMXZJeHQySlJ6cTZzRmRYTm9jdHpkS1hPdXl2bHhvUlgwYndKb01yXzJ4MW92ZmVkVWZDWDhJaVdDa2U0alBZaEVGeVkxSW11VjdWUk9GSlphTFNkV1pTeEVPYUctZ3gtSDdhUmFtcmNBZzBfMEo2eWxOb0JqUUYxS2tCMXZBb3ZYQ1FjejAzelE4dkhxNU1fZW1tZ2hHV2puaElBUHlQbTZmNHYzMXdRZ1YyYjg4Z3puWWRSN2t3U25lZkZVRHLSAfYBQVVfeXFMTS1lWVN0OG5VT05qRmI2THRlQUQwYnhMeE9ZeFlNYnMtYjhGdG5xMU94bEtzRm1TLVlWQU5WR0wzdERRaWlrb1BsWm9xOUpKWndFSmQ0cFBzY1E5ZWpZbTdFTW05d2ZfV043ZGJNTGF0cEp6Tm96dDNZNGppaWJUSHFMRXNSNHByY2dDaTdRM2QyOEZlOHR1Rlc4LXBBanhwa0RwaF8xX0xIVkhIcXB6UXRxSWJPVFctZV83dnFxRkVMNFl6RFAtUjVadGFMdnN5T3JwQTFEVlhzdFBVNzFoUWRhZHpxMXlCaFFnX3VWM041N0ZsVlBn?oc=5,Hindustan Times,"Wed, 18 Sep 2024 07:00:00 GMT",2026-06-14T20:33:25.352079,qr_code_scam,True,False,candidate,https://www.hindustantimes.com/analysis/nagaland-why-the-state-govt-s-recent-decision-to-modify-inner-line-permit-rules-has-angered-locals-101726575618581.html
investment fraud Nagaland,Launch of Investible Opportunities Compendium in Nagaland - Invest India,https://news.google.com/rss/articles/CBMioAFBVV95cUxORnpxRzEwUUdERVhta3gxWDlFd3ZZV2RrZ0ZFSW1yTkJGRzFCcXJjTmlYbXVHalkwd2hUZ192LUJ3S1ROaWtROHBDUXFJeENoQ3RZUXB6SFA0eC0yU3VaS0lnSzZkUkp2WWJsM20xTGFydFBqWnJXODNWckdKVV9JTDNEc0dEVGxqeExRZ1RDdEVWYk8ySGM1eXJyTG4xWGhy?oc=5,Invest India,"Wed, 20 Jul 2022 07:00:00 GMT",2026-06-14T20:33:28.780736,investment_fraud,True,False,candidate,https://www.investindia.gov.in/team-india-blogs/launch-investible-opportunities-compendium-nagaland
investment fraud Nagaland,Partnering with the Governments of Manipur and Nagaland - Invest India,https://news.google.com/rss/articles/CBMilgFBVV95cUxNVDFQSzRWdDRiSG16cHpqeEtORkRVel80UUJTaWI0S0NsdUM0ZXdsYVJNTVkwVDRucmg2V1pqRC11QkxDVHg2b3BnUGdjMy1IbHluZDJUZHo3YmhiUGthRzg3QkZYakRtS19OUzNsNWJBYl9aSFZ3eGRnTWFGMXlUaHJnTlY5dnZpU0NpZ3EyUFVPM2diT0E?oc=5,Invest India,"Tue, 21 Jun 2022 07:00:00 GMT",2026-06-14T20:33:28.780742,investment_fraud,True,False,candidate,https://www.investindia.gov.in/team-india-blogs/partnering-governments-manipur-and-nagaland
investment fraud Nagaland,Nagaland’s Mon district selected for development under PM scheme - The Times of India,https://news.google.com/rss/articles/CBMi1gFBVV95cUxQMlpLNTEwemRxdVpwOGtCdU8wMVJ4Qzk4Qm1VdjAzVTZpalo0VHg3YVpjSnNHWWJtVnlDWkx4RTB6dTVRLXZaZ0dvaEFWRGlnZVJwblJxVkE2dkNqMENKQno4VTZJU3FNQ2U3TjJwc0FpTGN1dmVGQUlPS041T0sxQVJuREpybk0xWVE0Y1pxRXJUVTFyenlYYkw2U1pRTGxmeHZaMUpEbXI4MFB3eWZmc1JEYktxSEhxUHdOUjhrY3ExbXBQYW44Tnh3RjFpazUwOFZubHV30gHbAUFVX3lxTFA1RTdacXZlSkVLRFE5cmdUallENlFjTkVUb3Vwai11c3RHZFZBUk51c090d2I3azhsWl9zWFJhYngtRjNldUpKR1pqZjhwMDFEcWY3Tm1DZUF2ajVxNGNDdkw5RmdSLUZYaFJxSUpoVkpkbHEtUXJQS2ZKU0stSThJQW5PNmF0cy1TUXdzdEltQ1hWclA0cVZEVjd5bHRLUmtiQVpjRjlXeUZUbUpPOUZsLVlMLUhuQ2dHTkRBMzF1ZmtWOGFORzRGWk9ZT0Noa29EazNURUdaVzlSZw?oc=5,The Times of India,"Sat, 27 Sep 2025 07:00:00 GMT",2026-06-14T20:33:28.780821,investment_fraud,True,False,candidate,https://timesofindia.indiatimes.com/city/guwahati/nagalands-mon-district-selected-for-development-under-pm-scheme/articleshow/124186015.cms
investment fraud Nagaland,"NLA passes Nagaland Jan Vishwas (Amendment of Provisions) Bill, 2026 - Eastern Mirror",https://news.google.com/rss/articles/CBMipgFBVV95cUxOaFFZOGFJNnJvQVNWcVdrU3VHTHJoZU45NjAycGNXSGtSQUZCOVZaNTlUb19KYm40eGVmaU5aTGFidDV3WWhXZEVEd293Mm1TdE0wUFM1bGtyLU0zNHJ5bzAzSGdJRk9KdHZOQzhnSjAtLTdab21rVngzS1VDb1BadXdDaVN3bFRCQ3djYlJLdlJrblB5RVNZcnVObGhzWkhzalpIS2Rn?oc=5,Eastern Mirror,"Fri, 27 Mar 2026 07:00:00 GMT",2026-06-14T20:33:28.780830,investment_fraud,True,False,candidate,https://www.easternmirrornagaland.com/nla-passes-nagaland-jan-vishwas-amendment-of-provisions-bill-2026
investment fraud Nagaland,Nagaland students seek probe into Class IX exam paper leak - The Times of India,https://news.google.com/rss/articles/CBMizwFBVV95cUxPb2ppcGg2MXlhdzczY3cwRVVrMTJNSE9FVl9CRkk4c1ZhaHBNTFdPTlY5U1VlTURFaklnVTdJaDdYVldlWXRNWlBYc0YtSVk4NnU0YTVtRlMtaTUxYlp4UnplS1hjSTkxTXpESzY4UzF3SUJtc2FCLVBoZC01bmdvUFhGblNuWERad2taNk9EYkp0SF92dHlXSTJWb19Xa3g3aEI4OWk1YUxCYWZfbUgwUFlHN3hfTGx1empYYjBHdjlQaUpsYlNfcVlIb2ZtaDTSAdQBQVVfeXFMT1NzZFFZU3pTRWdhUi1iUF9wMi1oSzJ4WFhucHlaWVQyUW5uM29NSXdYUU43R3RyOFRiUlFoeEs3d2tja1k5a2ZaUzhCMlZYRFVGcXllSC1YeGlBRnZ5ZG1lUWw3ZnUtVzNJQnVvbUZjN0kxTDkyYlpCMTc4NjJDWlF5VzlUZHRyQlFmT3VHTXhfeC1waGNwVGhGZ1ZKTnFqSFU4QUhVOEJIVWFWUFlRbkZyVTV5OEpNOFdlaUpITmdlZ3F1TlU0YnFLd3ZrbnpmaTRabDk?oc=5,The Times of India,"Tue, 02 Dec 2025 08:00:00 GMT",2026-06-14T20:33:28.780854,investment_fraud,True,False,candidate,https://timesofindia.indiatimes.com/city/guwahati/nagaland-students-seek-probe-into-class-ix-exam-paper-leak/articleshow/125724571.cms
investment fraud Nagaland,Gautam Adani is richest in Asia with net worth at $89.2 billion: Forbes - Nagaland Post,https://news.google.com/rss/articles/CBMimwFBVV95cUxNcTA1dk9EbzlsLURmM3JPU2VHaFhKdlRJYlR1YzNFNTFQcFNGRkJSVUdzZXNyV1ZQdldJNE90UmtjajdtYkFCM05ZOW9obnpBMmlPVjBzOGsxSmZPYVdKUFF6azAwdXlaU0V6dE1uZE96VzU2dVhUcTRWdjlIbDFKamh0el9idW95akEwOXFzVTZma1JmRkZrS0lHWQ?oc=5,Nagaland Post,"Mon, 08 Jun 2026 01:23:39 GMT",2026-06-14T20:33:28.780860,investment_fraud,True,False,candidate,https://nagalandpost.com/gautam-adani-is-richest-in-asia-with-net-worth-at-89-2-billion-forbes/
investment fraud Nagaland,Five star hotels to be set up in Nagaland for the first time - ETV Bharat,https://news.google.com/rss/articles/CBMizAFBVV95cUxQX2N0b0NQSFBDOE43S0wySW1oc2RyTVNLOHBsRGN4UE5JMDd0Nkc3ZGNGM09rTkYwWG9PSjVkb3h4YTBKcmE5cS1wcEkzZ0RTeGhFTmFaaUp6d0gtd3JBZFhQUlU1bzN3TEU1eW16Vlk1Z3RFM3ozc2ZRVXRBcHJLWlBWa3c3NWpEM19PS1lWQ0N5UFJZMnkyUFJDaUhPM3p6dXBUTFNIN1FaLUpvVDRpR05aQ2NBMHNmQ1NWenpXZWI1Sl9hOEtuRkVXYkvSAdIBQVVfeXFMUFViM29oa2E5RFM0WnZSTjRnWUVBQ1o1clBESWVoZ1hiQ1dUT0c1cjEzMGlmMWl2ZUxvWWdkb211Y0d6LUhFc25EQ0lxLXhNMGE2ZC1pY0tWaUNlOTBWcU9qRWtkNEdMUWpUVTBQa3RuclhrWTRCdGQwbUdiTmY0eFVOdUE2Q3U2LXJWTW40NlQwc1M0YWtNOVc3V1o0RkVic0xVQ202ZjItU0pxaDlKUkM5ZUg0MVE2QVUzaUZMelcyN2Qwdk1IYW5QQnlFaktpc1l3?oc=5,ETV Bharat,"Tue, 26 Sep 2023 07:00:00 GMT",2026-06-14T20:33:28.780890,investment_fraud,True,False,candidate,https://www.etvbharat.com/english/state/assam/five-star-hotels-to-be-set-up-in-nagaland-for-the-first-time/na20230926171457810810294
investment fraud Nagaland,Nagaland–Japan Connect 2026 opens new global job pathways for Naga youth - India Today NE,https://news.google.com/rss/articles/CBMizwFBVV95cUxOMk5NdzhQRHBmMGdESlNNU1ZnN1UwdGdxdlJjbEhtMnlxaVR1ZmtBUnY5MmYxRmlKZWtsVk5Jb1FZVXhoOXptSnNlQ2lkRm9peXRNT0gwQXlsS0tsQVB0UXRrNFE5TjlCdWozbHZxS0VRcTkzRmNmcnNIelk5Vk9YQ1N2WFFid0tEbkNBSDZIaG1NaXpoZzVKNU1PM1puOUFBRkxlSVBlLXBjNVc4UDN5ang1clRCOU8yUXI5b2hJNzRZS0hJeWVwZVl2MW05TVnSAdQBQVVfeXFMT1VwOExrdzR6NWcyZDdTLW5hV24xaU9DcDlyOVdYMndzYzBmYlUwWUVsTVh4RExLYUJocHFYd3plTEVYOEFHVHY2MWlZQk83QWx1R2ptLWY2OFhnM1dOY1o4bFFDSExPWGcyZ1FxMmc0TGRFYWluY2EzZldYNi01LXNjNkFaMFRCWnpENHNMUmoyN3RRWDh5WVEyS3J6c3Rmdlk5dllDYjBlTlVYc1laMDBoQWdzRFlWSFBUa0pVOHRDNi1vTWNDMzdON0tPWjJIc3hmOEU?oc=5,India Today NE,"Thu, 29 Jan 2026 08:00:00 GMT",2026-06-14T20:33:28.780896,investment_fraud,True,False,candidate,https://www.indiatodayne.in/nagaland/story/nagaland-japan-connect-2026-opens-new-global-job-pathways-for-naga-youth-1338020-2026-01-29
investment fraud Nagaland,Coal mine accident due to fire and methane gas explosion: Nagaland govt - The Times of India,https://news.google.com/rss/articles/CBMi1AFBVV95cUxPVzVMZ2JCQUpkUjVKNDhrNG9NVkhvX1JzQW1NZXQ1T1QxTWtkREhpNTBXTlduOFpEVHhrOUJYYVVKSHlJMFRYbm00WDVwQjVyb3ZNdmZHRkJaakkzSS1LaGo2eGFXLXQ3dnNtQlhIRTE5NzR1RUFoY1JPeTMxUU5ZNEhEWWtkUUF2Mko4eTQxaWFmMXliVkNELWFxOFhmSmdDeWFUb2dORkVfdG81d1FVYXktM2Y1LVQxUjQ2ZGd2eUFkU25jTE5tNUpxcXZLTHdDR19IYdIB2gFBVV95cUxPNUVHcHlXN0UtTWhBSzFKTS04YlZ2S3BVRk9NWER1MFFxREM1X1N0c0dRdUNkVTJIR2NQRmd0Y3JrSGNDdldxN09VY3VGZGNlZFNTQUVKSjU1ZEY5aTZ3ak90N0p4ZXNQWnNrQXZ6WDRwOVRqNmNxbGxrbDZCTGlKMmZnV1ZNVVdRM3B6cm9VUkpMSGE0TEVkU3FfZ0dDUHBoQjdUYndEY1VzVVNqZ3pnX1R1TGFpNmJJLUs2b2k3andlbVRDMTJFRTIwSkJzOHA1bUNSU01hOHpzQQ?oc=5,The Times of India,"Fri, 02 Feb 2024 08:00:00 GMT",2026-06-14T20:33:28.780902,investment_fraud,True,False,candidate,https://timesofindia.indiatimes.com/india/coal-mine-accident-due-to-fire-and-methane-gas-explosion-nagaland-govt/articleshow/107338733.cms
investment fraud Nagaland,Nagaland Lottery results: Winning numbers of Dear Vulture Evening results - The Times of India,https://news.google.com/rss/articles/CBMi3gFBVV95cUxNRWpjUkR3dkhnVzhJelRHNTViQVpFREFvWXRKRklsWUxxYmlScjd0NER6ZXlwRmNYVndseEkzdVE5UDJxdXdNZnN3RDRMUGFadlFkX2FuRGhKa2Y5TTBRNlpTTXl6T055LTdldnVELXRtU3I5VXpDYUJ3WmRYOFZuY1I5WmFIRVItYkprSVQ3TmhjQ0pMODBmTDdRSENHSTJEZFZDdk1NUVhlVnQxem5vWkJ5REdqVFIwNFBjS3JIZkxOczFobW5nYUpvclgxTFVUWmd3aTZLNVVhb2lSc3fSAeMBQVVfeXFMUGJTU3VPV0RfTUxSclhkclMydFJpNWZoeDFFWkEwZ1dkeGVudTlfeXNCbm9SbDJWS05Wc24za2FBVzdIWTNDVVZxY3R3UGtZY0JtemVUUGdURjB4WGZfQlZFQTh2QVdLTGtFWDlMQUdoaDktelRvNWJxdm1pQ3NQTVQxSURBTjFnNXN5c2ZKZy0wN1RoaTFFNllGNGgxS3lJVEV4elhTbXlwaURfNm50WFd6QlkzeFdnSTlTX2R5T0lYaEdsdS16TjQ5cHBtVXVCNDgtbzRtRXg2S01lUFRmaWZaNTA?oc=5,The Times of India,"Sat, 13 Feb 2021 08:00:00 GMT",2026-06-14T20:33:28.780908,investment_fraud,True,False,candidate,https://timesofindia.indiatimes.com/city/kohima/nagaland-lottery-results-winning-numbers-of-dear-vulture-evening-results/articleshow/80892641.cms
investment fraud Nagaland,Nagaland Lottery results: Winning numbers of Dear Flamingo Evening results - The Times of India,https://news.google.com/rss/articles/CBMi3wFBVV95cUxQRzl6cGtZUEREdGdDbHJpWmQ5enFCOUZLTXBBVXRjb2RFTXUzZ2xfRjVGZC1yVVlfTU5hREpMcU12LVFQcDFlcVpTSTBra1JPMXNSVWdjc1FrSXctTzI0VlBmWndzWHM1ZXJ0c2F1MTcxY2VndGhGekxPV3NZcHZKQWlGYnRrY1RPaE5pbFpXV3kydUpJeV8waU9zUmpuU3J6QnBYR1dhY2VCcDMzWkNaUFdvWnFHd2FmRnM3dDRUUzZnRWlOWXpQUG9Hdlo1RXJnMnQ1NDlzS0JWU0o1MC1r0gHkAUFVX3lxTE13TE13T2hCdzBKNnJlVkFTak9ON1VvaUJaVjlSaU1VRlVENFRYcnhOdDFIdWI4OFJfa3E2M3hFRHdLekRIdXZRRWFWMmQ0WVlkdjRXLVlQTk4xZmxyWGs5YU55WndObkNYeS1aN0lIa3dXZUFWS0NCNGEyeTUyMDJWVEphRlBZWWtBdlZVV255aVVzbTBTdlRUSEZnU2g5MERKSzJkUEdqLWs5bGtOemlNaUU0RTBfY21hS1VWTGZYa1BkWnJCS2JyeVpjY19kUTdKYTBUQWFud2dnMXNiZTdiWmQtbA?oc=5,The Times of India,"Tue, 21 Feb 2023 08:00:00 GMT",2026-06-14T20:33:28.780914,investment_fraud,True,False,candidate,https://timesofindia.indiatimes.com/city/kohima/nagaland-lottery-results-winning-numbers-of-dear-flamingo-evening-results/articleshow/98113542.cms
investment fraud Nagaland,Nagaland Lottery results: Winning numbers of Dear Eagle Evening results - The Times of India,https://news.google.com/rss/articles/CBMi2wFBVV95cUxOd3hfWGZkREg4OU1yOFMzcllaRzBsRDRKNHJJb3RVUURiRTRLVEFZSWM0by13V0xzb3VOVEd4QkpneVFKeW03ZFdqUWZFa180YkRieHprdTEyejFxLXpOaDhOcWk0RlprMnlZX2d2X21QS0ZrbGttR2ctQlJGbHlCVWpwTWJWR0VJYlhTRDNsMXE5R1o0eFZYYWMwN2NIWnJnaXhSWGxOTWdrdDNaT09oYjhhaUdkMEVmeTVpbmxXSHVVbGpCeXJLcDlhQzVQYjc4eVhvV0ZKM3RjdGvSAeABQVVfeXFMUG4wdXBoN1dDRXlzeGRKTW9KZmJzMXJaSFEzWm1SRFMxNkRLLU00NElYeERvb0lVNFF1clVBRjA5VXBWV0xZTnVrY2s3MnJ6cjNQbTlMRDJWZXFmWUNfNGw3VzQ2RzdOOFRmNnkxdmpTTTFpSGRCTGZ1MEs2SW04OVV0SkpFeURvWndjWEJzZ1AydUs1dGd5aExoWnZjOHd6dEFJQklKUFFMYW92LUtlYmxMTzFLVzhibDVLTG84SXV4TzJuYWNpYXRJdE0tUkxxVzYzczhuNmZFbHpJUmNKVFo?oc=5,The Times of India,"Thu, 19 Aug 2021 07:00:00 GMT",2026-06-14T20:33:28.780920,investment_fraud,True,False,candidate,https://timesofindia.indiatimes.com/city/kohima/nagaland-lottery-results-winning-numbers-of-dear-eagle-evening-results/articleshow/85446538.cms
investment scam Nagaland,Rs 200 cr intl forex fraud racket busted - Nagaland Post,https://news.google.com/rss/articles/CBMidEFVX3lxTE8zWVYwZzhHYjVoY2FZT3NNRWJZR0pwTmRRNGxMN0xiTEtyMmlCcERfeWxtREItanpFc2RpUWpCQXdKV2RfaHRDdlJPNGNQTDR3RWh2Sy1pMHUydDlYYUNDTDZyYjd2ZVlKdDVsbVJ2a3pVV01L?oc=5,Nagaland Post,"Wed, 07 Jan 2026 08:00:00 GMT",2026-06-14T20:33:31.153052,investment_fraud,True,False,candidate,https://nagalandpost.com/rs-200-cr-intl-forex-fraud-racket-busted/
investment scam Nagaland,‘Financial literacy in Nagaland stands at a mere 8%’ - MorungExpress,https://news.google.com/rss/articles/CBMigAFBVV95cUxOdFlfOFRfemhJS2VmT2FObXdIdHFJZXUtUTRleU5qTHJCNmdEcFNDMmFkMkFqUUNhdXBVWjZVeDgzQ1h2cHkwYVROOWxtQ2l5ZWdIQlQyRkFrZGNZMnVhOHRCbmFxV2xGNGZITWFiZWtXcmlfTnU5VTRxVG9kdDNFWQ?oc=5,MorungExpress,"Wed, 26 Feb 2025 08:00:00 GMT",2026-06-14T20:33:31.153105,investment_fraud,True,False,candidate,https://morungexpress.com/financial-literacy-in-nagaland-stands-at-a-mere-8
investment scam Nagaland,"Govt signs tripartite agreement with Assam, Nagaland to step up oil and gas hunt - The Statesman",https://news.google.com/rss/articles/CBMiygFBVV95cUxNZzcwdFdmTElDNTJwZE5na19hZmJQR2I3TUJuQXo1NjBaZG1CS1lmU01nZTVsLUgxYlNicHBGOGdXZVdNWWdjS0IxVXBlcVNVb3ZxRmNLbmhkalMzdVdLeDBwZzNrYTN4UHo1Y0VpbmNfNWpaeGg5bnhBY3k5cTFDTEFaczdBdkk2bWYtSVNoTzVCcVFsZnh0QkFOWk05WEl3eDZFMW10U1BUZ2xrY08yNGtSUkFCTDIyNUNaX3hFMXF1aTZLRlk4N1pn0gHPAUFVX3lxTFBmSzU1QktFX0RlMENkcFMxNVpnZzNxOEFqWTJsTF8wU3A1WUpIOXd4N1RMb3dqbnRTWFpKRzBrcVNPZk1CV25MUE96OVJtcTVYZGlSREVyZjVpWmt4bWZMM3BvVWpUNzV3RWZBdVdYbEFsSkdQOHltUGQzNXFsLU5wcGlxc0xrSzFOOEpDamFMRmJuNmJoYW5tZHNwSU5kT3ZXckV4a1Ezc1pOSzFCTXFpTEVSWVZnUGJjWnVFNXFVZndKSjUwMFA2cmVnNGUtcw?oc=5,The Statesman,"Fri, 12 Jun 2026 10:41:00 GMT",2026-06-14T20:33:31.153154,investment_fraud,True,False,candidate,https://www.thestatesman.com/india/govt-signs-tripartite-agreement-with-assam-nagaland-to-step-up-oil-and-gas-hunt-1503604923.html
investment scam Nagaland,Centre signs MoU with Assam and Nagaland to revive hydrocarbon exploration along border belt - The Statesman,https://news.google.com/rss/articles/CBMi3wFBVV95cUxOSGcyRTFKbHhWd1VsQllFNU4yejU1bEdHTTJhWXNxVE5nYmxjVUl6RnJvXzNDQTBpWkNrM25HMFR4NTBqNlZaQmlRbXhnbjZXM1dScDRxMjEzVVlyWU5YYW9la0F4ZTlUZ1pFN0FTSHJmX1JVcWYyc3BOSVVfcFBOQmMycjVVVjFLLU9hbmFLdUR3OWtUdU8zSUowaTJleHh4dHFhMUJiUE56RkpOMXNRR29aMUlGLWNfVlRycjM0MmZtQzVVakY3U2dnMkxGanlUeHVJbl8tczI3VFU2Mmo40gHkAUFVX3lxTE9YOFpBWGgwaF9aSnkxUUk0S3VlaEhTdEVMc3g2N0NYaDlnOXNHQUsyTXc3X0I1R2xKb1ZxUUtBMlBycFlEd0QxQi1lVllqWjdpR0pVY2dTRHE0MlluVUxSb1JBa2FnMHZocFVmV1hGS0hHeUJXYVE5V2dnNS03aFZtdlV1alM3NVNLMFlDNDhfTGpINUNRVjVudzhwVDJJT0FEU2p2eW5sMmNBeHh2Z0pHeHFyT0M4UVc0d2QyamFOOS1adnQ3Mk5BWmczN29wTGtwVXAzX2hVYUpYQ2ZIYjQ4bTNLNg?oc=5,The Statesman,"Fri, 12 Jun 2026 14:27:00 GMT",2026-06-14T20:33:31.153173,investment_fraud,True,False,candidate,https://www.thestatesman.com/business/centre-signs-mou-with-assam-and-nagaland-to-revive-hydrocarbon-exploration-along-border-belt-1503605044.html
investment scam Nagaland,3 die from electric shock; floods ravage Dimapur - The Times of India,https://news.google.com/rss/articles/CBMiwAFBVV95cUxPS2ZpcU5CcDloWDNHc3l4TVd1VjB0NXZaZGpWUEJVYmttbXVRa2hPcGJVSlRnakpVOUlGRmZZXzJJZFdMSUVCQmxwbl95UjByRjM3cjZlSk8wTWxUYUg1YWZzMXRwUHpQbE1Bd2dOV2tkNFBJN3IyWmVnSEhlS05hdHo3UDkzTFBmTE9KdzZ2WDJYeUVQSnE1blB3eW5zem1wWHNHMnRnTWV6MHp2WG9lalVacTVtVVhrTDlZdDNsVVbSAcYBQVVfeXFMTl9rQlhKampJaGQ0akZfdnJPSWFXZnJSOW9vRWFYc3pqWFIzVEFPYUo5RTRfdnNNV3ZObGxIRWhPS3ZnQWQtbGVwMjFRWXdwemlJeUE0Sk5zdXZNaEdiSGZ4TTdDbVVJbURrMEtoVWFXTmM1a2pfTDVCRTh3M0t4cktZY25kT3FlMUdsMDFWWjIxVFBYZGdadXFqNmtwbEo1bGtNSXpwREpBZ0kxbThub25kbnJTdjRUSFpiNUJTRTAzNm9EQ0xB?oc=5,The Times of India,"Mon, 07 Jul 2025 07:00:00 GMT",2026-06-14T20:33:31.153179,investment_fraud,True,False,candidate,https://timesofindia.indiatimes.com/city/guwahati/3-die-from-electric-shock-floods-ravage-dimapur/articleshow/122304440.cms
investment scam Nagaland,Nagaland gets Rs. 54.75 Cr for rural connectivity under PMGSY-III - The Statesman,https://news.google.com/rss/articles/CBMitgFBVV95cUxOVXI5ZkRRS0tReDQ2LXdCZVRBNzFrUW9od001WlRsNWRBbXpIOEdCeVQtOU1vX2ozOVN6U0FkQUpxU2FNRmR2VTJ1S2F2ajRFRDItdG1SRWpoNUF4TEFDMUdsVGM5bllsNjl6VHlSeDZVTmNOTUs4SXNrVU4wNGQ5eGEwSUZaREp1eGhrbDFkMi12R25YMy1famVjbm9vdXl1SVBmbGR6em1DQ05qb0tMVFh1UjRvUdIBuwFBVV95cUxNT1BuYUR6TndGdFNHN2lVSGJndTZncEFmR0ZScjlJLWlWcXUtWW9GSEstakdmb3dpSnVhcHVIdFFNb0VsbTgwa2VQcjFteE9WT1VIWnV3VTlaMWRoanZlVTVMTzBNV1VrS0ltLXRmUUNqZnhpZzdrVVpUc0lvdm13X25xaFJOQUN6dHdFS2JpZmZpUHJ2NkhiSkdvdTJyTmJGXzNjTHp1VmloeF9xaVhIWkZoUmVjRzhieWxv?oc=5,The Statesman,"Thu, 24 Oct 2024 07:00:00 GMT",2026-06-14T20:33:31.153212,investment_fraud,True,False,candidate,https://www.thestatesman.com/india/nagaland-gets-rs-54-75-cr-for-rural-connectivity-under-pmgsy-iii-1503357304.html
investment scam Nagaland,"ED files supplementary complaint in HPZ Token money laundering case - The Sentinel - of this Land, for its People",https://news.google.com/rss/articles/CBMizgFBVV95cUxQcndIN0l2MW1xUmdoTUxsRWJtT2YxUDVRMG53ejN0T3I5QjA5Vko5OHJGN0ZMUTMwSnFnTDVUQk16Tlo5OVdrSWItU2twVGRkdHFRRTU2cGlpWGQyT1dldlAzUlRoNGU4amFXS1E1YzVaS2hScDhXT2dpaUw5UVlaRVo0M2NmTXlmSnJMTUticFRmZzZ4R00yLUM2a3FPZ3JNLWNkV05lYkhxUlFqUWJ4UWhGdC1waU9iM2ZXM3VHeTRfZXJvUGdQYVdkMlFTd9IB2wFBVV95cUxOcl9rN1g3ejZuTEk5eFRKalMyX1AxaW1jTF94dHlNM3VlNnAtbXh3RDZ6MkJlM0Y2S19lQkh3XzhfT3drTm9XdE1vaHIyckhxeVJlbXRUazktLVltRmxaOHluZkJGYmtPZjZLTmxJYm03MmdnY0dfdlhoQk5KcWd3cDNzSUpfcVc5YWU4T204elNhckRNWGJXbExBWFBWb21QLTdWYUU3cV9RMzdSdHVUWWVRZmoyNlRIaEJIY3ZUekNpdmRLd2FzT1NKWmRHR0t5NkRpd1RrM3NGREU?oc=5,"The Sentinel - of this Land, for its People","Thu, 22 Jan 2026 08:00:00 GMT",2026-06-14T20:33:31.153224,investment_fraud,True,False,candidate,https://www.sentinelassam.com/north-east-india-news/nagaland-news/ed-files-supplementary-complaint-in-hpz-token-money-laundering-case
investment scam Nagaland,"Petroleum Ministry Signs MoU with Assam, Nagaland to Boost Oil, Gas Production - India's News.Net",https://news.google.com/rss/articles/CBMiugFBVV95cUxPUlBGMzVxaEdLN0NReTVkMUFGVHV3Ny11R0hBdElwWV9ZN1o4WXpnY2hVdlBpZTNGaGl4dWdjVThpUXJxeHJwYzh4WXoybTg5RlFrdFdnOXZNcWpKV2Y3UW9YeF9hOUhQY2RQODJjRGwzaVVZci1CTWJPb2c1cnBIOHMyclBhR2NsM3QxVWhDNEx0WER0alNyLVhkRHVVNUt2aFp6RTFhLVlOUk1hSlJWMnFseXdwTkRUVmc?oc=5,India's News.Net,"Fri, 12 Jun 2026 15:03:00 GMT",2026-06-14T20:33:31.153293,investment_fraud,True,False,candidate,https://news.google.com/rss/articles/CBMiugFBVV95cUxPUlBGMzVxaEdLN0NReTVkMUFGVHV3Ny11R0hBdElwWV9ZN1o4WXpnY2hVdlBpZTNGaGl4dWdjVThpUXJxeHJwYzh4WXoybTg5RlFrdFdnOXZNcWpKV2Y3UW9YeF9hOUhQY2RQODJjRGwzaVVZci1CTWJPb2c1cnBIOHMyclBhR2NsM3QxVWhDNEx0WER0alNyLVhkRHVVNUt2aFp6RTFhLVlOUk1hSlJWMnFseXdwTkRUVmc?oc=5&hl=en-IN&gl=IN&ceid=IN:en
share market scam Nagaland,Nagaland guv’s intervention ensures UDID cards for PwDs in Peren - The Times of India,https://news.google.com/rss/articles/CBMi1gFBVV95cUxQLWQ4c2VOZXBkaF9yVTNaWDhGN3hKQ1U4dU1uRGRfbDJLX0VpMFRIWEQ0bk5KcnhrSE1KS0RPczB3Sk5RWHl5N2ctc09LWGM5T2Fjal9mcjlubzAtTmJNVWE2RVBIaWdqbGU4OWIxNktjeGdMbTZmWHZjNlljNkRVaXB5V1dsSXVrczh1QjBWV2t6SWhHSnA4UmtsNVZ1NlBvdl93UkRmVUQxZWpOOXBOOGtTbkJKWDhrTEJabzBkYVluejJZSkxYZ09aWEVGazJoS24zMVVR0gHbAUFVX3lxTE9Hb0YxZkpjbmJNdVhLcVhQVGlJNFJTTlVTSWJhTTBrVEhETnowa2doal9UZ2IxYm14N2tud05MRXEza0liemZ4T2NYQm4zZXlyV3BKdnEzMGhhRXVSSzJ3RGg5ZWppN1hBdmlKMUhQQ0ctemFYSWlpLU41TFI4MmxfYTdpM09aMDVEQ2o3TllIMXU1S3J0UWRvdTk0VldqbHF6Q2poQnBFbGtkWEpvMExRUlZMTWFzNE5tWXBfMmNOVFh6ZnhMdDRtcEtGSElnSEhXM2pOZTJabUJ6OA?oc=5,The Times of India,"Fri, 29 May 2026 07:00:00 GMT",2026-06-14T20:33:33.739496,investment_fraud,True,False,candidate,https://timesofindia.indiatimes.com/city/guwahati/nagaland-guvs-intervention-ensures-udid-cards-for-pwds-in-peren/articleshow/131395052.cms
share market scam Nagaland,"Where are the Rs 3500 crore contributed by Nagaland govt employees in NSDL, asks NMOPS - Nagaland Tribune",https://news.google.com/rss/articles/CBMiswFBVV95cUxOQnd1NmdKNjFrb2FYcndad3cyeVFIbVdMcFQxb2RlMlM2Z2hwM2tCeFNCa1R5cUZieXNkeXhzWXFkWXVJM2JzSkRwMk1CeGo0eExDSXh4WV93al9UbDFpVVUzbzNadnY2RUdtc1hGdTE1ZmNlTUhyTUhMU2JXOEpuWUpjMEphY0l3RWFkZkVPaFJVd052Z0JldFpIWEtraFBQZGpBN3hBTFJQdDRILW1zWno0SQ?oc=5,Nagaland Tribune,"Thu, 27 Apr 2023 07:00:00 GMT",2026-06-14T20:33:33.739577,investment_fraud,True,False,candidate,https://nagalandtribune.in/where-are-the-rs-3500-crore-contributed-by-nagaland-govt-employees-in-nsdl-asks-nmops/
share market scam Nagaland,Nagaland Lottery Sambad Result Today 1 PM Live (21-11-2025) Dear MEGHNA Friday; Rs 1 Crore First Prize | OUT - Times Now,https://news.google.com/rss/articles/CBMijgJBVV95cUxPSDVXbjlPRndpZnpWSnZTamZjakl1YmJZelVOZFJpbEZKYUNvTzJqNFdqSjlpNFFqS09aYUpNenZJZ3RkLTlWSzNwQUdqREc1VXVSRHhJdGFENzJqblZKQmZIOVBWeEdScmluTHVrN1A5UXV6cjhodUNhVXpWemVBYktmOFBNWncwVXB6UXhxcmcyaUNmczloRDRRZU5CTXJTS2ZOT2xOak5QTFF3dWdSZDFhRkxNNFBCdkZLOUhuUS1WLUhBelEzNTh4ekNGdklGSG41bVlpVXY4UVM3dHJMTnc5dGlaZ0NjQi1ZQ3N2Q29XMC0xcVRrVk5zT1NmbFFqdE1LYXNRWVBGMWtzUFHSAZMCQVVfeXFMTWhpN3JCeUJrU3BFVUx3VEIyT0VvSDZfSUx3LWJpdWdOWGdlU3pwYXhSZVhmYzhLY2pMSnVzWTZDY2k4NkZhZ3dfSlZ0WE8yNU9HbmpRZ0FlU2ZVYjFQcG5mYnZ4RGgwemRtTUpUdEpteVB1dHhJc1NEOHYtZDlJTU91LW52Mnh1R1RrY2dHNmxZdkhrTDcxQjVlVzFEdHpuVjNhbUJxZFZobHAweUdfVWlZXzJXTVZCc1k5Y2paak94SEtiZG9vYXd0cXhnbV9YUFpoclk2WlhxeTV2N09GbHdfSkIzZzdvZGpvRkJVMkpxbFVmSkVHNXg3SWFqekc2OGpKeFRHcWpzbE1QaXVjT0JjYkE?oc=5,Times Now,"Fri, 21 Nov 2025 08:00:00 GMT",2026-06-14T20:33:33.739767,investment_fraud,True,False,candidate,https://www.timesnownews.com/viral/nagaland-lottery-sambad-result-today-20-november-2025-live-updates-1-pm-6-pm-8-pm-winners-list-rs-1-crore-first-prize-result-out-article-153178909
share market scam Nagaland,Nagaland Lottery Sambad Result Today 8 PM Live (11-11-2025) Dear GODAVARI Tuesday; Rs 1 Crore First Prize | Re - Times Now,https://news.google.com/rss/articles/CBMijgJBVV95cUxPR1ZRR0NMOGJRSHVNN09WSU1MQ1UwUGRxRmZaOGotSlVQTXNzb1hMZlNLRGJDWU1nTDRnQWdGb2s5UzVHM1FPVWxoWHVtdFNCTkctX01meHY5Q0xhY3RQcnotRXY0cmlDN2stdUpNYS1oRk51TGxGUGFyOUx0UFB3dTRKaFJyd2kwSjgtbk1hQ3FfVXJFeFlEZWt5RDRwMFFFSk15YzBIdll3Und0alEwOFJVOTdqcmFGbllOdVkxVTZvQlpGWGJzYmJZOWJJemlCSWlTMHdaTGgySzh1bGwtc1lnemZERkN1Q2o5cm8wYy1peG1ybTJ1THo0cHFTX09xZ0JGZWJyYmRqV2UwUWfSAZMCQVVfeXFMT1NzbFpzSWcwQl9IUVo0SmNxOXZJYXdxUUJQUXBnbmxfQ09ZNVJnQi1kRVRHUUVXR21LTTFTWF9waFNnZjBsZTBBd09HaEEtRkktd09KcnRIdG5XVEhiWUQxQWhhc0hNN3FtVXFKMzZWZ1poRTZPb2NIYmhxNlFsRHkwVS1KWXRhT21MaW0zZjVmYnB6d3UxWEw1WFd5YjJYbFUyWG9fTzJ0OXhGTUwwRGhrWGtIcFhQUkZLUk95d09aYkdjbTM0c19sbkh6QnA4MmNsQ3hGRFo3Tlp3OE9qTjA1ZVpSX2U2Z1ZITlBwSEt3MHFrcG9wSTZlUEZDc1dKY3UwT2lnWGRSaE16MmRoczFfMkk?oc=5,Times Now,"Tue, 11 Nov 2025 08:00:00 GMT",2026-06-14T20:33:33.739795,investment_fraud,True,False,candidate,https://www.timesnownews.com/viral/nagaland-lottery-sambad-result-today-10-november-2025-live-updates-1-pm-6-pm-8-pm-winners-list-rs-1-crore-first-prize-result-out-article-153127320
stock market scam Nagaland,"In Nagaland, VP calls for youth participation in national services - The Times of India",https://news.google.com/rss/articles/CBMi2AFBVV95cUxPQnZFd2VfcW1MTnZMajF1Zm1qQnJLWkozZUQtRnNialBvRF9EZE96cHY4T1NRVW5hR1JTOEsxeXRZTVFQUW9pbTR5ODRNNjRFSkJpd2FKTnV4UzM4VUxmUFFjaFR4S0FLQmpkbmZicXRkNHlDdUxnbnZLVk9VTE1kcUpjcDZSQnFIWnp3Rlg2VmVQMlFFWGhPbjhDR0tjeHY5SFFpRE80Sk9mLWpNM0ZMQ3o4cVQwX1JVRWFMY2tyVWJRbnVXWmF3RVU2ZU9pTVduTjMwVFlyQ1nSAd4BQVVfeXFMTUtTWExBb2d2bG9aMi16SVhDejNpSk85MXdOTkVIRHJFaXlod3JDYzIwWlNRNzRjaFo5RFdhWEtzT19PczE1dFpfOGg3dV9LNzdReUh4XzBBa3BjX08xZTVTb2dSRTR0N2pBN0h6Tmh1anNjWmI1NXdJbWktc0xzQUl5LTFtRERnZEhVSXYtUnZUWE5ZS19VRUdNMVBOM0QyYkZBZlhTNmprV1VMSHV1T0ZzczEwekZucldlWGM5UkxGakl0VkltY1A5bjNyNTIyZ1pucXh3RDBzVVVPX3NB?oc=5,The Times of India,"Fri, 06 Mar 2026 08:00:00 GMT",2026-06-14T20:33:35.691582,investment_fraud,True,False,candidate,https://news.google.com/rss/articles/CBMi2AFBVV95cUxPQnZFd2VfcW1MTnZMajF1Zm1qQnJLWkozZUQtRnNialBvRF9EZE96cHY4T1NRVW5hR1JTOEsxeXRZTVFQUW9pbTR5ODRNNjRFSkJpd2FKTnV4UzM4VUxmUFFjaFR4S0FLQmpkbmZicXRkNHlDdUxnbnZLVk9VTE1kcUpjcDZSQnFIWnp3Rlg2VmVQMlFFWGhPbjhDR0tjeHY5SFFpRE80Sk9mLWpNM0ZMQ3o4cVQwX1JVRWFMY2tyVWJRbnVXWmF3RVU2ZU9pTVduTjMwVFlyQ1nSAd4BQVVfeXFMTUtTWExBb2d2bG9aMi16SVhDejNpSk85MXdOTkVIRHJFaXlod3JDYzIwWlNRNzRjaFo5RFdhWEtzT19PczE1dFpfOGg3dV9LNzdReUh4XzBBa3BjX08xZTVTb2dSRTR0N2pBN0h6Tmh1anNjWmI1NXdJbWktc0xzQUl5LTFtRERnZEhVSXYtUnZUWE5ZS19VRUdNMVBOM0QyYkZBZlhTNmprV1VMSHV1T0ZzczEwekZucldlWGM5UkxGakl0VkltY1A5bjNyNTIyZ1pucXh3RDBzVVVPX3NB?oc=5&hl=en-IN&gl=IN&ceid=IN:en
stock market scam Nagaland,Yadav sworn in as Nagaland’s 23rd guv - The Times of India,https://news.google.com/rss/articles/CBMisgFBVV95cUxQTVZMMTN6cl94SDBpLVB6WVBSY1I4RXlqdkYycHRrZnYzOXd0VG9rYlhlTGFmVnpKaUNiM2VwMEZNRDdkbzFaZ1hKRGlLckxHb3JyQnZhajMtbjdVbjNZQUt6bEpBZ0RwUzY5WjhpOWNuc0dmV0w3aElMbTc0WnZZTjg2d2VzTVRmNUYwRTZxUkp6SG91cUUwOHdKdVFPdGd4b1dPZm9jemNSV2JhMG80RkJR0gG3AUFVX3lxTE9ILWdQNkVOYTNaQWJBd01EdExndEkwV3gwbjBpaWVUajJoMVdxS29Fd1lRV01CdE5hR21DbjlLc2ZSUHdGblJmWXBCQWFvNXNWWHZoekczYkJUYmpqTjc1dWVlRktSX0pOMV91ZjhjLUh6dXZ6REdIREJoOUNxTzZBNTEtWW5zbVNZMWd1RHpmbU1vTXNNR2Ytb19IQXZ3UW4zS0RxMlhLcXdGOGY4SFBhcUViY2tLSQ?oc=5,The Times of India,"Fri, 13 Mar 2026 07:00:00 GMT",2026-06-14T20:33:35.691642,investment_fraud,True,False,candidate,https://news.google.com/rss/articles/CBMisgFBVV95cUxQTVZMMTN6cl94SDBpLVB6WVBSY1I4RXlqdkYycHRrZnYzOXd0VG9rYlhlTGFmVnpKaUNiM2VwMEZNRDdkbzFaZ1hKRGlLckxHb3JyQnZhajMtbjdVbjNZQUt6bEpBZ0RwUzY5WjhpOWNuc0dmV0w3aElMbTc0WnZZTjg2d2VzTVRmNUYwRTZxUkp6SG91cUUwOHdKdVFPdGd4b1dPZm9jemNSV2JhMG80RkJR0gG3AUFVX3lxTE9ILWdQNkVOYTNaQWJBd01EdExndEkwV3gwbjBpaWVUajJoMVdxS29Fd1lRV01CdE5hR21DbjlLc2ZSUHdGblJmWXBCQWFvNXNWWHZoekczYkJUYmpqTjc1dWVlRktSX0pOMV91ZjhjLUh6dXZ6REdIREJoOUNxTzZBNTEtWW5zbVNZMWd1RHpmbU1vTXNNR2Ytb19IQXZ3UW4zS0RxMlhLcXdGOGY4SFBhcUViY2tLSQ?oc=5&hl=en-IN&gl=IN&ceid=IN:en
stock market scam Nagaland,Nagaland seals border for Assam polls - The Times of India,https://news.google.com/rss/articles/CBMiswFBVV95cUxNY1ROeGh2TEtoaVFvcDY2RjdHNmlrMXJxem54RmdNa0M1Z19ZNUhFRVlON2VRRkx3OExaa2xGTjd6empUQ0R6RFhVcUIwQ3p6eG50RzBnNWt2UkRvZ1VjUlRReUtKcWl2OWRCVHNrSmpTS0RQLVJDS0Z0cFQ0UVRuNHNRRTcwYkU5dkV6b29iUkZxaG15LXR4a2xwY2xJSE82Z3ZqOXVVa3dsUVFEcE5aaUMxSdIBuAFBVV95cUxOQWNXNVZNSnFhTXE0cjNobEhmMVltWjUtdXlTcXVOTDBVaVZHZ0JfVlRjOHdGZlZ5MXR5VWFIemlmSGxTNG5YSW9lYTJ5UzJWZkVMMzNNTWFjckxxbkFRd2FiUUZTYVZVY2t3bGVMOWMzbnMzajFxeUlIeUhMWU8tYm1ZVEVjX1JkaXg3cTl3V3d5dkYycTh1MjN2UTdIa3hiZTlJRXNLdlFRMTZhZi0xRlFfNGNORHpt?oc=5,The Times of India,"Wed, 08 Apr 2026 07:00:00 GMT",2026-06-14T20:33:35.691668,investment_fraud,True,False,candidate,https://timesofindia.indiatimes.com/city/guwahati/nagaland-seals-border-for-assam-polls/articleshow/130095428.cms
stock market scam Nagaland,24 craft & handloom products of Nagaland identified for GI tag - The Times of India,https://news.google.com/rss/articles/CBMi0gFBVV95cUxPbDBUeUI3Mk5OaWhrNE93TlFCLUxKUHlOTHY0dHJETEY1T21oOFJzZnBhdGxMMzBFWDV3bkZLNUNPSlYwWi1Ydy00Q1dTRXNfZHhodDFhQ0RxaU9jaDFGUVhMOEpOVXYtOVppR19sUHJKMG9HNm50Yi1IWlZXemVieGItTHZCNXNPZlRnaUstTjRRY0oyYmotNjROVzhlUDhzMFl4RHZJVGVGTVdDRWktdmtPRzVLMFB5SGpSMlpoUFEyRW1mdmFTbUJhQmowNGd5ckHSAdcBQVVfeXFMTmdLY0kxOG5FNzdNeUNwUF9sRm9lQ0luOXFOYUVCNEI5VkVEd2ZDZE1MODhQczJFNDF6TVRoMm5OX240MTluVC1LSFZuS1IyR05JZHpvdlJ5eUlCSkhpWWNoOVZrNml4R2hyTUlIUlZCSjlTUHJqLVdXMC1pU0hYNGNCTHotaFhPMnlQNGthTnBCY2tLclcxMlpWb0p0NV9OUUxqTFlBRDFUUG1kM3VySVdua1kzNGs3UHpyUFFqeC1RdDBrdk9MekliS1BhTHpId1JlQWRqMEk?oc=5,The Times of India,"Thu, 05 Mar 2026 08:00:00 GMT",2026-06-14T20:33:35.691694,investment_fraud,True,False,candidate,https://timesofindia.indiatimes.com/city/guwahati/24-craft-handloom-products-of-nagaland-identified-for-gi-tag/articleshow/129106917.cms
stock market scam Nagaland,Nagaland Governor L Ganesan dies in Chennai - The Times of India,https://news.google.com/rss/articles/CBMiugFBVV95cUxQdDRxeE93ZVBqem1EVXF1OWN3RUpuQnBOT19ucVJxdThxMWNNNDBQT1N4eDRJR2NJSkhhZlVkU3dsRF9lNy1KX1BuQnp3eFdfZ205T2VBb0dQdnpCNTNrcHljNS01SzBLRHU4XzlfdGFSYi1aOXRwQklFSzhNRHdKcS1wM20zM3hOU2NPWVlrZ0dqMTEybXF5TlVPa3lsTVpVbTdsbFlPbmU5akpuZ18xZGFPaDhGZGJKZHfSAb8BQVVfeXFMUE5TOS1GcEJNRlJQR0U1WHpLZU1QWDVLb1VtaUN5YmFmMzkxeTNpc2FIVXlhV2Y1ZTVxdFNFWEowbjF0TzB3NXJxWlIxYlJicmZwOG83QzVZb2ZEaWhHVEo5SlpscWROLXBGcDRPaFN4UG43bk5wSzEtdVRGTkpEOUdZN2RBc3BaV2ExRG9sNTM2N09melZmX0FHY0JtcXpUNDFNQjdqT0hpWHhzOGM4dGxBaV92cXYxS2s1S2lLZ28?oc=5,The Times of India,"Fri, 15 Aug 2025 07:00:00 GMT",2026-06-14T20:33:35.691791,investment_fraud,True,False,candidate,https://timesofindia.indiatimes.com/city/chennai/nagaland-governor-l-ganesan-dies-in-chennai/articleshow/123323316.cms
stock market scam Nagaland,Nagaland guv urges youths to join NCC for nation-building - The Times of India,https://news.google.com/rss/articles/CBMizgFBVV95cUxQZDU2bGl3d3Y1WU5iNDB1djlfNThaaUN6Tk1fZFh5VGZfZEhwVG5kQnhOZ3JzQWEtdmpULXdtQVpYQUlHWVBQVXVBS0RJR1RZaUo0RjdKd1JORjRVV2RnblhtNEtnMm9FeUNDYWlvLWNDQ3JHb0NNU19qRkMtR05qSmp2emVhZGZuVXF5WHdyTEJCbS1nSXh4a3FrVzNGekFtcV92U3NNaEI1MldWbVIzcUFHbUx3amN5WFNreXFDbndFeVpCaGcwbkVEMThQZ9IB0wFBVV95cUxOMTl2ajAybnB3U2tDbk0zeUd4akxTZHg3UTYyendhdTJQTU8wZ1JEeUdqN2lLc0hLTVU5VDltTW1ZT2ZuaVhXaTlnbHBoSUk1azJsT3lSdmg1U2pfaFVWaXI2WnFEa2t0R2JRQ2xyMUdXS0pVT2VhaUhMMmNUUFhudFB0ZUFQZTFxUHJTcVlwS1lTZHJqNXFIQjdlUm5aRnhlbzlPU1FfcXlfb3BhSWU2N2dPQkp2ZW1RemNoQ0tfc1J0M2ZoS00zVEZBQjRLdVRlN1Bz?oc=5,The Times of India,"Mon, 31 Mar 2025 07:00:00 GMT",2026-06-14T20:33:35.691827,investment_fraud,True,False,candidate,https://timesofindia.indiatimes.com/city/guwahati/nagaland-guv-urges-youths-to-join-ncc-for-nation-building/articleshow/119769317.cms
stock market scam Nagaland,Rockfall kills truck driver in Nagaland - The Times of India,https://news.google.com/rss/articles/CBMitgFBVV95cUxNWXdmOWVwQjJYSWlHeFdVNUxpcm1WemdibUc2N2JrckFfak1BbThfempIcElSa0RFOHE3VGFvVS1ZWE8xajdNRUZjZW1JSC1pTks4NDczSnd5ZGFfSjdnczJSUWdoUlhuVEVWT0hvRmVpbUtXM08wdFd1a3NRSmZZVWNFaXgzQnR4d0Q0MXNhZy1HM0RCUUtfbW5lbGtPWTItTHRoUzNrNE9QYTNZc0k2Z0dYZEtPd9IBuwFBVV95cUxQeHg4U0VPVU5UbWd4LXRRaEttV3ktWGw1ZFc5cm1TVFIyQk9BWmhhRXJYUldORnFLZGdWTFRrQnZtNFFxUnpLTkVuOUkteWE5dUFqbVotYldsTkNGME1TZG01QUI2N25CTEloNWk2N0FPeDZkU3N6cktKTTR4dkdNYm9rMUl0dWhXQ0p6QWVSTkU5SHAtSVVRTXNoMGFhMlNtN0hHOEM0T3ZhYUdjcFlTcTNCa0FLUVh5VXpz?oc=5,The Times of India,"Fri, 30 May 2025 07:00:00 GMT",2026-06-14T20:33:35.691875,investment_fraud,True,False,candidate,https://timesofindia.indiatimes.com/city/guwahati/rockfall-kills-truck-driver-in-nagaland/articleshow/121521904.cms
stock market scam Nagaland,Mumbai: Activist held by Nagaland cops for racist video - The Times of India,https://news.google.com/rss/articles/CBMixgFBVV95cUxPX2lqcjhnaC13Tjl0Wk1TMzJoQkxxNkNIZ1dlVUVoVndZQVJiaFZrUlFrMERhRTNaVS1oX19TdExOUzYzRXpRdmVmaXdCcGQ5Z3NjZWUtLUFEVDliTldBLUNzNkZKdElDTWZVa1JoRjc0MjFTNnVnQzBCdWI3OUV3ZXQ5MUxyLTdPdjloTnBSRk9neGE5a0s1T01uUWZFWWppN2VhX2lfbUx2bEpVajRjdC1acjlzbkhDeVdDZ3BkMU1JZm5peGfSAcsBQVVfeXFMUHVjdzVTcFZKVi0xanRicVE3Z3F1eW5qUndwclRnNkk2UTV2VkVXTnFRZk1XM3lIS3dxbU5YMVZGejNVSmRqV3JCSkdjaXQ2eHgtSUtCUEtkdk1PWl9SUnFHdUMyMnB4OF9vdkR5clZFUEJMemRkdnF1QTcyYW9Ec2htXzRpenJzYkR1RFBPajhnNWN5YmlDZDRzRXNDVmdETlV2Nk03MmN0Q3hKamFEWEE1bzBfUWYzTUpDT0JIeTRFQkpBazFhdlh5eTQ?oc=5,The Times of India,"Sat, 18 Jul 2020 07:00:00 GMT",2026-06-14T20:33:35.691947,investment_fraud,True,False,candidate,https://timesofindia.indiatimes.com/city/mumbai/mumbai-activist-held-by-nagaland-cops-for-racist-video/articleshow/77030553.cms
stock market scam Nagaland,Nagaland Lottery results: Winning numbers of Dear Falcon Evening results - The Times of India,https://news.google.com/rss/articles/CBMi3AFBVV95cUxOUGUwdXhqQ1hKelMxNkxOeWVGTzVJNkRQWERPRldHZEVBeHRNVXdkNUFlQmgzNnVzeUVkOENuY1BpTEwtU3F2eFd6VGw5RFdXUkZybkoxTjhBeFdEZFBxS1pGOTVPaFRTX3Y4ai1hdmVGZElkR3EzWnFpNTVtVmdHUkJTN2tZWVJEZjVQU3FaSVJ1TXJhVmNZYW9iTnFTU2pKV0NjRnNPdFNBSHZCNEd4aUp1aWdwNWtwazdyeWxkVHVWS0EzSTMzN3lQSm4xVTZMRE1xbTRQUzBCY0lt0gHiAUFVX3lxTE1CRUNaTFU1eEcwTldGMk53SV9MaDQwT2tKemU1OFhuV0l6bWVkdGlrekZlYW1xbWYtcWhkdHNTQ1poQmpraGdCUTFSem92dnF3TzV0bU1TVEtzUDdubklMX2dNbDVLYm5nVGt5allKQVozMUYzUkQ0S0hSNWo4MFd6cFZiTUM1SkdMcVNCWFFxTk1BNkJibGMyamlQcFdtOGN2RUxpS0p4LWZJVEJDMUVUZldjc3FZc1hxdXQ2dVV0RlBTTVhHTGk1MmFPUlZ0Skk0dzZfVlpaQU85SzlWR3Mwenc?oc=5,The Times of India,"Fri, 05 Mar 2021 08:00:00 GMT",2026-06-14T20:33:35.692007,investment_fraud,True,False,candidate,https://timesofindia.indiatimes.com/city/kohima/nagaland-lottery-results-winning-numbers-of-dear-falcon-evening-results/articleshow/81343372.cms
stock market scam Nagaland,"Coronavirus updates: 21 new cases in Nagaland, state tally reaches 480 - Business Standard",https://news.google.com/rss/articles/CBMi3wFBVV95cUxQOGZtWGV6aUJfc21RWW5qOVN4YzBobzhNYzRTbXhvVDlJVVhBb2xZZkN0LU9uSmVZT0J2R0ZJU0tmWVdxdFBhRzBubXJ3c1pwQ2NzbExXNHV3MFd0WVp2SjMzZkFRVGsxdTk1Wjd5OWpyeWstQmFGM3BZdHNtaU1leWZkb0tzRmJfczFHS1Z4ejlIWWVLeUI1UjZwazFVSWdFVTF0bmwwMnA3SUJmWmhZV2hIRU5JUzNhVlY5NFdOeTZwTktNZFowY01tLWI0c0NaWTZZdkEwb1RkVXlHUFVV0gHkAUFVX3lxTFB6MDh0SEZlcTJRUTJDaEtGSHNIdWxua0VQODk2OHRJaXFPd3htVm1aU0thVDNVZWpjOFB2dGVYSnVwaDFGWWFUdlNZVWk3TjhlVmV2cWhjZFU5Y3c4NF9VSEpDZk5SZkVJZEYyMFYxR0s1ZXljVjljQVpqazg4SW1MS2tLS1B1X2NHZ0ZQZ082cjZQMmVwb184dFNFdnl4WkxRS0p2QjdTN2hNN1o0M3pkVlRHamNJSE9PTlA2ZDNVWFJibDdGdjdzcGZtMDdIQ0dzc0Z0S08zUlNaZkJ6MVl3SWZuYw?oc=5,Business Standard,"Wed, 01 Jul 2020 07:00:00 GMT",2026-06-14T20:33:35.692029,investment_fraud,True,False,candidate,https://www.business-standard.com/article/current-affairs/coronavirus-updates-21-new-cases-in-nagaland-state-tally-reaches-480-120070100494_1.html
stock market scam Nagaland,Nagaland Lottery results: Winning numbers of Dear Vulture Evening results - The Times of India,https://news.google.com/rss/articles/CBMi3gFBVV95cUxPcGdwVGxDbzR1MVJLeWhKMkVIRksxYzVvMU52TEwyQk5Fei1zRnlTa3JpNEVQMlNwLWNRTTkyajI0WWduLUJhSFhnVGM0akNvRlljbzhmNTBDYmpnMHUyUURsYTlGOFQ1NjBoRXdUMnQ3ZHRDejZTTzgxaDA5TGlKRXJhejJnQ3FrakZ3YUV3VGxMMXRqcjNweElRNHpRVFpvREVBMlRveGY3QTNsbVpEdTl1QkFUc0JfRjdzZ1Jfb3QtV0NjQ2RSX1A3SmtyS1V6bDJHeGRCM1pvd0k2THfSAeMBQVVfeXFMTkNnV0xyek0xTE1VMzNYUmdwb1ZJT19WZld5aDE3LUZMVFYzN2ZQSUpXcGR1OThCUWw5YzhRT05fc1Z0NHA5bWQ1MkNoSGVhVU9rNzlrRGRKakE2dkxWd2JTdUxmcDVsa1hHUkEtSW1jM1FXSXF6Qnl6UVZkWWxpUkNGNExDd29RTUhlb0VjenJGd1VQZGxlYm93V2dsbDVKeXdYY0FfRkVHZjdQcjNfQ2dhdk5yZ3JUclk3X3NQaDVVcFBTV244Yy1ndXRZYjdJcENrQnV3Rl9XNUFzclpFaFRsME0?oc=5,The Times of India,"Sat, 16 Feb 2019 08:00:00 GMT",2026-06-14T20:33:35.692099,investment_fraud,True,False,candidate,https://timesofindia.indiatimes.com/city/kohima/nagaland-lottery-results-winning-numbers-of-dear-vulture-evening-results/articleshow/68020540.cms
stock market scam Nagaland,Nagaland minister Temjen Imna Along's witty post about his ‘helping hand tummy’ has the internet in splits - Business Today,https://news.google.com/rss/articles/CBMi-AFBVV95cUxObGs0NzR1LUdBN0R5TkZTTWNjY3JGSUZLZG5uUGl3d2hCREl3ZEdMaUIwYTFVb25zbFZreDFpSFZHQUxlTG9DNUFHRlN0YWhMN2xRVlVwUHlaVnlXdTJVb3RWeWxCa0JvVmdkaEQtRGZ6TTVvZmE2U2dCV3JhUnlBeWNqVXVVLXJmSE16NE84VWhhVFp5T2VIcUwzRmVRZllmdU5ZQkJGUElYVzA5Sk5MdlJJaHJoX2pkTzdvdGwyZWxIbDQzSEFyUWRwRUNuUDgwTG9lWWxrTjBLbHlWZEViaTBaSGFVU1hKdWh6WndjTUlnb3hGeTlkS9IB_gFBVV95cUxQT0s4WHA0NU02ZUdfaUFzN0txanFhQTlPMG5idm1iRnV0S29HZENWRHlRbFQyc2l5N0ZITDVDbzU2aDcxcGlBSlo0RVBVdXp2WnBuLUQxb21OajRWTUVhNFJWczFGSWhCYnBSZXBfX3dvWXc3MWt5QnJNUk5ITXEwdHZBYXB5cHNtdXphT3FCTWRZWlhUV0FLeHVMS1lRMk1qamIwTlhjZVl4eEE4QmlTbmQxYk5VM1VxRVg3OWRRZGlqa3JvU1ZJeUNWeWVOLTNwa3l5TUJIUGN6ZkI2MDVHOW1OSlhnNzhBTEJnUzhWV3ZEMGdZQnh4MWRlN0NUZw?oc=5,Business Today,"Thu, 13 Jun 2024 07:00:00 GMT",2026-06-14T20:33:35.692175,investment_fraud,True,False,candidate,https://www.businesstoday.in/trending/story/nagaland-minister-temjen-imna-alongs-witty-post-about-his-helping-hand-tummy-has-the-internet-in-splits-433214-2024-06-13
stock market scam Nagaland,"Trucks laden with subsidized urea seized at Khatkhati along Assam-Nagaland border - The Sentinel - of this Land, for its People",https://news.google.com/rss/articles/CBMi5gFBVV95cUxPYlh5YUY4SG14LUlhNTM1aVV4bW0tam8xSlZwRXRaWFAxZHNpRks4T2pnTC1uZTRZZEJyMzhRQVRaRkFXYnl6ZDhtZ2gyVmxhcVRqU3RIT0VXSF83Zk82ZzFucW1POWVjaUpEOFh1Zm9sOVRJVjl6OUcxanlIa3hDeno0LXFDSm50R19nWElVTlBnT1hkcDB5dmppbVBZbjFITkZtWkY4VFcxNUJkN2w3TjZoVVdpNmo3U1lJNWNoRHFHRmdfcEJHZG9aSFlSR3hQaV9SLWkzTEFacURPZVFKdThkUFYzUdIB8wFBVV95cUxQWjRhc1IzUXdCUElJQ1pvTWx5NmliR2NVRDc5Y21yMHNzV1FhNXVkWmlEZ3daa3JaNVgtSjZ2S25CZHpEVTAwT0NYYTB5OHZVQXJxSDVianBjc2pqMWhkR2R1NUdRMUJFQU9PczFKdFJwUjFyeUVvY1dDTHdwWnZHY0hHcGNidHM0S0o0NEpVMk5veS1VRjdYX3NJX3BSZjFGTGpNck9OY2dmSVBfR1A1WXMwTkR2YmtNVnNEUjl2TWg5RGVIdTJtRk9fMUg4LTB6bm5sQXdaLXh6SERiZlZPaVZoX3k0SmRQWm9mLWhqcmNGZ1E?oc=5,"The Sentinel - of this Land, for its People","Wed, 14 Sep 2022 07:00:00 GMT",2026-06-14T20:33:35.692187,investment_fraud,True,False,candidate,https://www.sentinelassam.com/north-east-india-news/assam-news/trucks-laden-with-subsidized-urea-seized-at-khatkhati-along-assam-nagaland-border-612869
stock market fraud Nagaland,Naga community bans Pangolin hunting in Nagaland - The Economic Times,https://news.google.com/rss/articles/CBMiswFBVV95cUxQTmZSaU1FcXBiN2x6dVdoOTR3YmRZU0J3b0RwVjhYcy1VN254c3E1SkJIOWNSQTBRUHpuVEhTRWVQS1VqbVpWUDZGTEx6OUlXRFJuZmtaczFyX2YzU1BRZlFVVy1JQWdjVnBKbVN6WkR6dEh1dDVTX201UDZTdjBaZTRzUGJtQ2MxZE1CSWhNd1c5dk1VZ3FfeTVLNlpsb2t3YWxDNENwc3dQMjNnWW4tSGxpMNIBuAFBVV95cUxQRVdxMWZMVm84VTBreU1Ga1lhblNaNHptQ1Yybi1jWmFmSnc2NnI4RzN2dzBwbTRwalZvWEVtMUJfOHZJMXRtaTJ2cjN4WC0xTGhpdUNpb2tvUUtIWVZjWkNYd2tXdDdNbzRLOEljZDFFX0hWZXE3cW9GQ3R2VGRTMjNtdUhmT0JuZFlKRVpmdHRRZHhyemc5RHU1M092QV9ORVA0ZjQ1U2pnbnNMeG1Ha1NyYjkwMUdm?oc=5,The Economic Times,"Thu, 12 Feb 2026 08:00:00 GMT",2026-06-14T20:33:37.366441,investment_fraud,True,False,candidate,https://economictimes.indiatimes.com/news/india/naga-community-bans-pangolin-hunting-in-nagaland/articleshow/128263045.cms?from=mdr
stock market fraud Nagaland,"Thunderstorms, lightning likely in several Nagaland districts till March 15; Dimapur, Kohima on alert - The Times of India",https://news.google.com/rss/articles/CBMizwFBVV95cUxQVTVvaG8ycnVjRmxiX1hIenEzNW9PRXVKUUg0MFh4UWpXTWR0NXRjRU0tTmxPYjFCTXc2VHNsYXJ0bFI2YThQZFVZd2RZT0Rza0RFSlFFWVVRYkpESVRobkVER2dmd0EtUmRVMVpyazVoZkpTR1FJUlQyTDdYSm9pVEhhbVN4ZUNkMUtuTzBva0xrUlRZdy1lSTZjTzB1d0ZERFVmZjVQNkxaX1FwY0djdU9lN3h2YThqUGtlZWtzUVJ2ZmJ4eFJIMWRnOExqQWvSAdQBQVVfeXFMT3A3NlZ6c0ZTQlJrNV9UbThsb0hGVkpDeWltcWRYN1h3LWdvR2I3NWRUUG9EM3RYSGp3M19fTWxHaFg5enhJUklkNWRXM0kzX3Q0bFhGV2tLWWJsenNKNFZQYlJOOGx1bXZvMzBja2c1TFFpakpYbW1IWXM0WTkxQzJ5ZVBidGZDX2lKa3ZHWEFfTWlWcE5zbkVJOEdldjc5VGFYVXFJdEdTUU1CRGN4emhZMTZyejhOdUhUWDJxQ3kwY1EweTh0UEJkaDBGOWR2WXZtMHk?oc=5,The Times of India,"Sat, 14 Mar 2026 07:00:00 GMT",2026-06-14T20:33:37.366489,investment_fraud,True,False,candidate,https://timesofindia.indiatimes.com/city/guwahati/unstable-weather-conditions-likely-in-nagaland-till-mar-15/articleshow/129562895.cms
stock market fraud Nagaland,'Whether I was the fish or ...': Nagaland Minister Temjen Imna Along's fun video - The Economic Times,https://news.google.com/rss/articles/CBMi0AFBVV95cUxNc2xEZ0NsTXR2T1FjbUJyREtNT2QyQWNyOTRHSXUtLVduOUg1ZnpjQkk5YTBvdXRWaUs0MFpybFlrcVJweV90Q2hWVHM1T3JOeGRKS3hxUHlGR0w5TjBNQlBDWUs0UDFNeU5TOWgzWW5FMDQ5VURJbGZXMmVhOHdWbzFuSFM2dFFIUmR4UFBqMW00dTFzR09oOC00TDlUNXRGSDQtSGNzNFNIelNsUDlIajNKYjRFR3RtS2NYcVQ5ODlQTFQxZFFrWFlGU0hIUGJq0gHWAUFVX3lxTE9hWVZXXzJOLWlqQ0ljQlJCaUhiR1JVWWk4RmprQXJMbG9TNUwwM0JsX3hCTlRuYW9FSnZ0LWM0NGJTUlZTOXhDZEM2a2dxem1xSjNDWTZHVXp4d2VnQkVBZkItSEpLYVBWYVdwblBKQ3UteTFOUXZvdERKMUhOLUVIdUszcjVpcmZuSC11TFViOUJMbk0zVGVzaU5fSUk2ZHFmTDEzNlBQdkRjUUJEUDh2U3Q5VlB1ZHVSWk9zSnFERmNJTVJmU3hkY05qSTR6c1dCNENJb2c?oc=5,The Economic Times,"Sat, 10 Feb 2024 08:00:00 GMT",2026-06-14T20:33:37.366549,investment_fraud,True,False,candidate,https://economictimes.indiatimes.com/news/india/whether-i-was-the-fish-or-nagaland-minister-temjen-imna-alongs-fun-video/videoshow/107585386.cms?from=mdr
stock market fraud Nagaland,Nagaland assembly unanimously opposed Uniform Civil Code - The Economic Times,https://news.google.com/rss/articles/CBMiwwFBVV95cUxNZzVfZDloTGVnUVRUZnowektVeUc1QzRNVTB5R0o3QUh2R3dXLU4ycjU3d1Z2S282dE1lX3VwaGNZRFd6OVJBXzV5dTZFbndRdnFyc1QtSGJGZDQxR2NCY2lPRTRnS1QxOVZtVkxxUDIwbE1hMFRIQ1Y5bU1Ia2VpaWdJQXRXWGo5TVphQ2dDYjVFcmY0NjBDV0RRdktFSExtOUtoTmlWbUd1cW95ZERQM3FVQnpZRDRDZHRYNklmZkpKU0nSAcgBQVVfeXFMTWFYZVNBTTFueENYM1lNUGZUVUUzYWNQLWZ0NFN3S3QxaVlyczJkR0RKSTJZOG1taFA4NGRydm5KTzJ4aGd2S2l1SFZJMFdObl84cDV5Mno5Yk43aEFPcVVBeHkzOGVaWnVKRS1COFZqTkMzVFhpZzM0Qkd0RTZvaFVrTkdiM1JfcDgzNVRwWXhHdlZXbDdVS1F1NmRvUFVDMzE2QWVYQkpST0N0VXgxaVhpLS02MFEtNmpCdkZ4VlVFNmVCbDlhUS0?oc=5,The Economic Times,"Mon, 11 Sep 2023 07:00:00 GMT",2026-06-14T20:33:37.366560,investment_fraud,True,False,candidate,https://economictimes.indiatimes.com/news/india/nagaland-assembly-unanimously-opposed-the-uniform-civil-code/articleshow/103585538.cms?from=mdr
stock market fraud Nagaland,'Fake doctor' arrested in Nagaland's Dimapur - The Times of India,https://news.google.com/rss/articles/CBMi2gFBVV95cUxQOGcxZXZBSTk4SHloenFrTEphd2pLd09XMGE0R3NmYTh0bFVzT1VFM0lYMzlLT0N1Z2MzcFBBNHJvRjNVYVcxZUd2ekVkWUdmRGFJUkw0SGJWVWstUkFzbV9NRGdRbHRrVGNDdzN1dzNkNTQ1MTdkb05VcXdESXRqQjJpYWVvbGdfaVgxQlBMYXFtSDhCMk1LWjJ5dVhoRnQ1SGZyRFdxa2htUnRSOU8yd3Y1VHlncWZtMjlvSEdQSzhiZUhjQkJSRGU5am1hLVJwbkVRUEFpMU1Od9IB3wFBVV95cUxNS2Rtcnp4cGRKMXdTRUlxVmY2a3lxX0dDQ3RmY1NUNzRWaVdSYS1oRGdxaHpQQUZJQ2ViUlVSeVhES3JGSThiV3NKV21sUWNJNmNzeGJyY1owUkJqdG1KWHh6dl9PRWJXcFBHazJYbWprWTVuWGU2Nzk5TTBOOERVQlEwcTNHUE1SNFQ2YnllXzRua1VhdkpGSXNtY0JTUHpmQzc5SURVeEQ2V20xbUlReTVTcnNadVFmb0ZzT25DdTU1cFNLbktCTXVLX3dPTUgwV1NhNVVGei10YWFRY1Vr?oc=5,The Times of India,"Sat, 03 May 2025 07:00:00 GMT",2026-06-14T20:33:37.366615,investment_fraud,True,False,candidate,https://timesofindia.indiatimes.com/city/guwahati/fake-doctor-arrested-in-dimapur-after-years-of-fraudulent-practice/articleshow/120833092.cms
stock market fraud Nagaland,Nagaland Lottery results: Winning numbers of Dear Falcon Evening results - The Times of India,https://news.google.com/rss/articles/CBMi3AFBVV95cUxNYkdYWDU3SGtQMHlLbmhMY0owcV9TRktZeTBnLXNmOU9PYjV3QjlFUnpLR1NzdTRXZk5pbHNwcFh1dWVkMkpGOG1HR1NkVjI3NmUya1l5V2dqczBmeGE4YXRKTFhoQkI4R042WFRsN1RsTUU4TFVrREF0aEpBVjFfNGxlVUNFQ3VLVC1PcF9yNkhBNVFwUXNUWXlaRkYzckVkd0NZWUU3WElpdUt1bG9LbG5oQWJobXhUS2l4cURUUEQxNm5ZMWlld2NaNHhPLUw5Rms4OXZOcWVlNWhK?oc=5,The Times of India,"Fri, 06 Jan 2023 08:00:00 GMT",2026-06-14T20:33:37.366628,investment_fraud,True,False,candidate,https://timesofindia.indiatimes.com/city/kohima/nagaland-lottery-results-winning-numbers-of-dear-falcon-evening-results/articleshow/96784806.cms
stock market fraud Nagaland,"Nagaland Lottery Sambad Results, December 16, 2024: 1 PM winning numbers OUT - Check online - ET Now",https://news.google.com/rss/articles/CBMiywFBVV95cUxQUUhreWdrWkNNV01GdjE1SnhwazhBQm03bzkzMTNaR2xHZ3dqTmVhTkVMUGZ2X0V4c3p0NVJfLVNacnJTREhYUGZnMHNLTF9EeXBpOFhubTBuYlRQMGtxRTFFV2ZFdnNpTTlkdnN5QVRhNW5ta2J6S3hjcEFjRjJDSnVRMlBidDk2MnVzN3ozU25lblQ4Zl9WTDNWaXZIaWZmcl9HbGhMcHF5NDlDc0tVZ2lVYkhBSkp1RUJWNzNKdU9ISmduTUhiWVZxNNIB0AFBVV95cUxOY0RkSU04Q3hjaU5FN3lKR1N1S0E3MUhZYlV5czhVMzhDRmd1MmE1Um02NjFZd3pxcTdyOF85MEVLbzNNc3dRaWQwMFMzVERqRDFtcWRSQWg0UzI2QkJZMW1wUFYwUnh6RHhNdmh4dnZlXzlKRFZiY01DT3g4MWM4R2J5ZGhRdWxlSmJOdS1VN0hYVzZtTW1VbnR6OUZscDR6N21KMnF1dFliVjlEMk84bm9EN2RwUjFrNzNaWW04cG1zMTlycU9kV01UUDl6dWc4?oc=5,ET Now,"Mon, 16 Dec 2024 08:00:00 GMT",2026-06-14T20:33:37.366861,investment_fraud,True,False,candidate,https://www.etnownews.com/news/nagaland-lottery-sambad-results-december-16-2024-1-pm-winning-numbers-check-online-article-116356632
share market fraud Nagaland,"GST fraud: ED seizes shell firms’ Rs 14 crore assets in Howrah, Hooghly, Guwahati - Nagaland Post",https://news.google.com/rss/articles/CBMipgFBVV95cUxQZVloZUtzeXVjem9mTVdDRXZ0WVRMX2d0M2phTnowVHBjWUYxN0pNUnA4SlJydjVUVkJYQ21MZjRvYVc3cEhOWTlOMGllam1jRFV1ZkNabXE3M3h2c0NGTXM2OXVJc3dLSXMxTmJpZGk0WlB3bnl6U2NFZUtmM2drdUg2X3NpRzVXLTAyVUVNMzlGcDFMX0h2cVAzQ3ZPREFOclhEM1B3?oc=5,Nagaland Post,"Tue, 31 Mar 2026 07:00:00 GMT",2026-06-14T20:33:38.838784,investment_fraud,True,False,candidate,https://nagalandpost.com/gst-fraud-ed-seizes-shell-firms-rs-14-crore-assets-in-howrah-hooghly-guwahati/
share market fraud Nagaland,Nagaland: More skeletons tumble out in fake doctor case - MorungExpress,https://news.google.com/rss/articles/CBMie0FVX3lxTFB0MVVlM1F6NUVhRWM4VVBXS3cwY0JMMFIyeTlYTXJfemJlQUpyLVpkUXNGcE5PNHVBLVMyUkF3X29ZQzlaS2ZpSnN1N204bkhEWG9JSTFBV0l3amt6NTdFeWl5dVdUWEUzb1g1MmhTX3lVd0F3blp0X1A4Zw?oc=5,MorungExpress,"Mon, 05 May 2025 07:00:00 GMT",2026-06-14T20:33:38.838945,investment_fraud,True,False,candidate,https://morungexpress.com/more-skeletons-tumble-out-in-fake-doctor-case
trading scam Nagaland,Probe Agency Raids Nagaland Firms In Rs 50 Crore 'Human Hair Export' Case - NDTV,https://news.google.com/rss/articles/CBMi0wFBVV95cUxOQ2F1ZUpVY1JRWVlFWG1jMlMwMDlpWVBqLV80eS02UW11RDFuNTZhRnZac2J6RWJOZXF2Mmxnb1dNSFNObE1vUExUYmNnUjlQRUdSTlBnbTdqdWZiZ1VYUGd3T0dLWVdad3FGaDNaUy1wX1JSYmlMTXV0X3h1NFB4RGh6MU1LMkswRkxQSlNsZmlCNkNzTnFpUm9vZk5uSnZIX1FDamZNR2h6emhXNmpJeGJrSnRVQzRPbHFRVkl1MVJFd0ZGbEd6N2RvQVdmdGN5bmZF0gHbAUFVX3lxTE5pcnNobS1Dd3dFX1NzRmdRTldIa0xXRUtObVVWcU52c3dCUUhGZlQ4WDQ1czFvV1FfaE1MNXdJZ3RaQlZMbEVobVN4d2ZuRTZXdW1rWjQ5ZHlWWlVKUGpRUE9uMEktVmdYYlU2MWRmU2plWHVUSUVzTHVIeEFLNWh1ZDVPYjEwa1JPMzRtOUxpZ0h0SzJyUkEzQXZwSGNfaE1OYmxUVFkwSy1QUTQtbmM2V190NkhTdDhMZnA3NGlsNXozZGlodHVXSjV1Wk9veWtnX2V1MTdRUWJTOA?oc=5,NDTV,"Thu, 06 Nov 2025 08:00:00 GMT",2026-06-14T20:33:40.747830,investment_fraud,True,False,candidate,https://www.ndtv.com/india-news/enforcement-directorate-news-human-hair-trade-ed-searches-in-nagaland-human-hair-export-fema-case-9587060
trading scam Nagaland,ED searches in Nagaland human hair export FEMA case - The Hindu,https://news.google.com/rss/articles/CBMirwFBVV95cUxPdUc2alZVeDRQbHlhUmhwTG9NdkRzejRCMnpCdU1DdGp5SkpjVFRBWTJYeDNrdDhDdEFGdVIxTjBVbFpWd0hlaTQ5T0d5T3U5TTVHemtGbEU2clItRVNna2hPWFd3R29NZ3pPMHNDVVFrOGFWZk1MUnBaLTlRemZBU0JIeGpyamtQTVZPNkVLVDZOUldabzlaR19ZWGdpUDdaTmoxdEZmM1NySXBLQnh30gG2AUFVX3lxTE9TY2ZOelhnWGp5a0hPMHpKd3dveWI3eWtxS0VQUFhhSEVLN1VOcTgwaWdvZGhNdTZsSHRIVWgxcFVuOGhKVEpCVi1QZGVUWnYtWTA3TTVWR2JEZHpOYmVkeDR0bWZUV2NnWk5mUlAyTHoyVEJCRXRzSVlKWldpS0cxemF0MWx3dy1oVlRjV0dMWXdwT0hYSV8tN3owbHpqMGZnWmFsRkFaNmd5Y3dFbUljMER3N25B?oc=5,The Hindu,"Tue, 04 Nov 2025 08:00:00 GMT",2026-06-14T20:33:40.747874,investment_fraud,True,False,candidate,https://www.thehindu.com/news/national/ed-searches-in-nagaland-human-hair-export-fema-case/article70239216.ece
trading scam Nagaland,Nagaland University breakthrough in quantum fractals opens new pathways for India’s National Quantum Miss - The Times of India,https://news.google.com/rss/articles/CBMijgJBVV95cUxQdGx6SV9PSEpldFZZWGRmNExPMWU5ZXkweGR3eVNLX0xRT2MwdjlqVGhBcjVEZ1ZYT0tIZEh1WGF0cWhqZkh3dUNNYllMMllVWnNld0pZbUZhR19fVmN6RkxtNXNhUWRzNG92a1NRZFJLYTNrUTlETGZrRDJ5NUJyRTRqRzZWRVVNc0gzZEc3NkJTSWd3M213SWZWYmdPLUVmQ3k2WWJUNXZFeXcwTU9wMG16bGRveUl6Vlg4TGF0SkpwVGN5RmdZZHJOSUVNQ045REt1Qm5OVmlVRjFaRmh0N1pRZkdpQlY2bURkakpIQW51QV81MWlveDZ2LUR6MWxzNVZ4ZVlhbWdrdGhjSVHSAZMCQVVfeXFMUDlNek9oWWUwOXdzcnNJN2pWUFFUcGpLcmxlSmhhelZqakMyWWd2ZEFUbGVRS2pObEVRaU5MWnBzbUJUcENDekZWYnFFRTRMekw2UkVZSGw3Y1poanRiSGUxQ2RKSHhWUmpmRVJXMS0wMkNZQkJ1RmsyTktKX0ZBaXdwTVY1QzJ0OTF3S3luZWZRM0dBZ1hfd0lkaWpYck1jLWZRNS1XMUZvS0xBMmc1N3BFQ1RKd0FFMDRJdlFkWnZIa1dnTjdlNkJ6NklDeGEtVjJQOElVSThnaEFfX1FBVkcyek9kcl8yMk1TQXRRRC1iUW51MHdaNnl2QlZZYnFadEg2ZktTX3haaHpfYUs5WFByMEU?oc=5,The Times of India,"Sun, 05 Oct 2025 07:00:00 GMT",2026-06-14T20:33:40.748017,investment_fraud,True,False,candidate,https://timesofindia.indiatimes.com/city/mumbai/nagaland-university-breakthrough-in-quantum-fractals-opens-new-pathways-for-indias-national-quantum-mission/articleshow/124317471.cms
trading scam Nagaland,"Nagaland’s youngest dist, Meluri, a land of fortunes: Ganesan - The Times of India",https://news.google.com/rss/articles/CBMizgFBVV95cUxOb2JXNl90cUFKYm5nZ1JQNFhPX2NmX2s4ODFKX1JZcnAwMGdiQm5PQ1RfU1FPY2hXWVRQNnN6RE1acmozbWpPYzYzNXdKNVZwWVZoUlRTNWdRUVZzUGhMWmlWbW44OWMxbENRdFFNaVpIQWNwaWNzaU05bTVuRXVDVmFkRk1USlFqZC13TlhrRE5xTmhnOHcwT1NJekpwTmFYdU1hbjVSTHlVTE9qa0hETlQxd3Y2YUFaU2xzS0QwdVBQYXhwMDM3NzZpVC1DUdIB0wFBVV95cUxNQzQyMktTS0M4ZklCMkRYZTlEOUhab0gxVVhOUWwtckphQm92bnZIcTNZNC1YT281emU0aDhMUGFTZFhYT1JLb3BlOE9fd3hJLUFxUUtueno3cTFlaUw4ODdpYzdIY0FKNVNoMzhyTzJaSEdYMWQ4VzhxRFhBSjdnQ1dBUHlYbzJrNXhRMGhyNVJuOUJ0a0dfcmNDaVNVWVVuakhsU1BsRldsOTRVLTNxSEFpcWlOUlFQRzlWemc4V1RfVVFFWmpXTktGV3dxMGNIT1FJ?oc=5,The Times of India,"Fri, 28 Mar 2025 07:00:00 GMT",2026-06-14T20:33:40.748111,investment_fraud,True,False,candidate,https://timesofindia.indiatimes.com/city/guwahati/nagalands-youngest-dist-meluri-a-land-of-fortunes-ganesan/articleshow/119668927.cms
trading scam Nagaland,"Nagaland: 6 dead, several injured in landslide on NH-29 - NorthEast India24",https://news.google.com/rss/articles/CBMiiwFBVV95cUxORVJtZXJJNnNxUUExdnlVeThTUlFadUdZaE5MbFdtTjJTOWxRZHQyTzNXS0tscThQUlUxMm9NeVlfRFRuMEJQT0VhZU15VC02dG1aekZVNDJ6ZHFyUkYzN2c0SGZmTnVoV29CNFJuME1faFUxYW1EbmlOV1paZll3M3lDVFVucV9FQUxF?oc=5,NorthEast India24,"Wed, 04 Sep 2024 07:00:00 GMT",2026-06-14T20:33:40.748562,investment_fraud,True,False,candidate,https://northeastindia24.com/nagaland-6-dead-several-injured-in-landslide-on-nh-29/
trading scam Nagaland,Cong targets Prime Ministeron Rubio’s trade remarks - Nagaland Post,https://news.google.com/rss/articles/CBMiggFBVV95cUxNdmlHMlZMQUdPT1VNQ28taUx6WDlVcmRNSXFsMURkVEpqRWpxcWRIMVM3bDZRMUFoemhhQ1h2RU5EV3NsVDNJdXNUdjBLbDlRdE5LWV9RbkxhV3B6YTFhN2FxOGxBTmxONjl3VHBZNTFLYmQzMUJvSVhVOS1tXzFHVEdR?oc=5,Nagaland Post,"Mon, 25 May 2026 04:35:25 GMT",2026-06-14T20:33:40.748575,investment_fraud,True,False,candidate,https://nagalandpost.com/cong-targets-prime-ministeron-rubios-trade-remarks/
trading scam Nagaland,Nagaland dog meat: Animal rights groups hail ban as 'major turning point' - BBC,https://news.google.com/rss/articles/CBMiYkFVX3lxTFA2LUlKTFJ0VDl3SWw2S1JoNzVKMlpMakZWSzNaWHNQWERibzl2QVo2NnlENHY2RG5feUthck1ibTZkbHZaWW5DOU9sZHhuUDd0S1Jyb0lXckZrY2pzbTNSQ1VB?oc=5,BBC,"Sat, 04 Jul 2020 07:00:00 GMT",2026-06-14T20:33:40.748639,investment_fraud,True,False,candidate,https://www.bbc.co.uk/news/world-asia-india-53288214
trading scam Nagaland,"Come Monday, campaigners in Nagaland to protect truckers from extortion by rebels, others - The New Indian Express",https://news.google.com/rss/articles/CBMi5gFBVV95cUxPNWw3RERkcjdtc1BTUm5uYWlJQWpIaTBjUjlRVWpfcUt5WEhEWmN5djFrcUVTWDhGaHhHaFJHaXBkbEo2WmV3eGl3SVZ3Y1pwSEdEVldmWUhUN3dQZkdCcFo1dHpVSkFtUmVHVE9qdXhxM0JPc3RBdDZHakF5Z281RWM2dV9ZeEh1UFAxUE1WQmVJYnBlYkY4Z2pmSFd5STBjX014OEVxdV9YbzhOei1jc0pOelhSdXRGazhTWWExeEg5NVNpODdPWE1SZTNDeHJqMkVLWlFoMF9ucGVUZWNYWG12WkZSUdIB8wFBVV95cUxPVjRVMUIzNHc1ZG5kcHpnakRUbU5ZWWlRbGhTSHlrei1USkxtWjBVQWhtM1dsbWVKSHRaWWhMQmtiQVp4Q3R2VExmSFJXZVFlZzk3bGlSQmZEQzFJUXROaUZPSU1SQ3hIVlZuVFZHV09UVHktN2I2akRFUjdSNEFPUll1OGRVZnA5bzdGMzRJWW0wd2NIYVU4d3dJU05wb2M3elJ5WlY2SXZocnA3anpZeDZvN0tCSlN1TVR3MkRMS0N3TGFiZ19mS240eVdFczFRc0Y3N19CN1I4cHdtRk4yTTBMYVA2dEx3aUhIbzBfbGhHQ0k?oc=5,The New Indian Express,"Sun, 15 Sep 2019 07:00:00 GMT",2026-06-14T20:33:40.748662,investment_fraud,True,False,candidate,https://www.newindianexpress.com/india/2019/Sep/15/come-monday-campaigners-in-nagaland-to-protect-truckers-from-extortion-by-rebels-others-2034038.html
crypto scam Nagaland,লটারি সংবাদ 8 PM 8.1.2021 Lottery Sambad Result Nagaland and Sikkim - thebengalstory.com,https://news.google.com/rss/articles/CBMikAJBVV95cUxQNjNLNktMU2NLanY5aVp0OWlHV3BSZi10SzJNNFBTb1B4YzQwbEhNQ3cxZ28zVHdZTFhReEVVTGpEX25MSzVXMVJkcDJ4V3ZJSGU4cVhxNnc3VnhvS0NROVBrT1pQTGRkNnZoYnJ4T0hWNXlLV0RCaWxQTTY0aURtNWdMTDhSSFFramRZTkdiSHpMOHpPd0Q1d3RxMVg5cDkxS3ljQVRyd0YzUXdSWGVnNWVEbllKOEw2Z3hwUDYtbVhoWmhiYnI5M0doLS1uUndWTi0xb1F2WmZlRDJFOWZoLXZEcXpwbjNhYXBpTE1wa29WQkU1MWlFOU50OW9hYTUyQVN4X3B0emhlLWk0d09zaA?oc=5,thebengalstory.com,"Fri, 08 Jan 2021 08:00:00 GMT",2026-06-14T20:33:42.624641,investment_fraud,True,False,candidate,https://thebengalstory.com/english/%E0%A6%B2%E0%A6%9F%E0%A6%BE%E0%A6%B0%E0%A6%BF-%E0%A6%B8%E0%A6%82%E0%A6%AC%E0%A6%BE%E0%A6%A6-8-pm-8-1-2021-lottery-sambad-result-nagaland-and-sikkim/
fake investment platform Nagaland,SEBI cautions investors against unregistered online bond platforms amid rise in misleading ads - Nagaland Tribune,https://news.google.com/rss/articles/CBMivwFBVV95cUxNejgySjFTU1lkRVo1SUhRcEFlYUh0RTY2cGtfVEF6ZUJ6Rmh1cm82MDk4QWVUMm1jSnFwMzFsVnZCWVBtamRFRGd5SGFCYnIyNmZjeWdTNEZoYmtOUmJXUE9zVDZYOHdiT3pEUHl4RFBuYTgwbDhqTDBEY2I1eDBQWExreXQxNEtjVG8tRGFqT1IxWEF4Y0NBdmM5Qjc1SmpXU2M0OS1neVRaUkpsM0ZyR0ZsT1I5bXU2ZWFKZ1FWMA?oc=5,Nagaland Tribune,"Wed, 19 Nov 2025 08:00:00 GMT",2026-06-14T20:33:44.304783,investment_fraud,True,False,candidate,https://nagalandtribune.in/sebi-cautions-investors-against-unregistered-online-bond-platforms-amid-rise-in-misleading-ads/
fake investment platform Nagaland,"These 'fake' trading apps on your iPhones, Android smartphones are helping hackers to steal your money - The Times of India",https://news.google.com/rss/articles/CBMijwJBVV95cUxNYWg1OHRJek5uV3U4bDAzWFNMLUtLOVFSdm9LUURtRmg4amtWN2RtRjRCSE9kWFI4dUp5d3Rob3ZtREw4SGxycHF0Ukd6eUx1eGI1dTZiWU5VLWZQaFAwaVhkNzAwaXdNUUtxN2ZqWFl6Qk5QSDAtbi1QZ2NUOVk3YW8yaXYtSFQxY2FBUGI1b2QwSE4tRU5FUW1Hbk5sZFI5M0xwYUZCWnoxNU44WkxOaEVJbjhRVWRvMXBva1E0b1JGX0ZhOGY2SUxrVC1jSkJRZnp0NlZzS1hKVUV5WWFrNG9qaUdGUUNucjE2dlRGZ3NwQ1BCLXhxWUNvbTV5MDhLbGZtSGdSLWFuYjZMWnlB0gGUAkFVX3lxTFAyT3JCMGR4ZV9hZXJVVFJUZFZkcWhqYWtUM19Db2Y5SjlONFF0bUQyYVZ6S3M1c2IzV0xCX21QUVBsUkUwalBKNXNWU2xfZW5mMXhnTnVBRE9LRmlMTXlEXzZtRzBZNHI1YkRjUlUtT0pZMEVmZWN6UGdaR1RXTEFfMXFia2xlc0pQLWVXOU80ZVBuRXc0VjNoUW9Jemt0dzJ0QWU0M3V0cDc4MnU3MTlZMEtrbnhxTmVKeW5XdjlyV3ZZOEhFZ0luRkY1VDlpODQwSW5KSU5hcXo3ZDU0NEFnOWN5NWlzNlpyMFAwUEZXVlZmWnBFZ01hUGVQd0Jhajc0MzlXRTZJSnd3SjI2enNKRWpLag?oc=5,The Times of India,"Sat, 05 Oct 2024 07:00:00 GMT",2026-06-14T20:33:44.304989,investment_fraud,True,False,candidate,https://timesofindia.indiatimes.com/technology/tech-news/these-fake-trading-apps-on-your-iphones-android-smartphones-are-helping-hackers-to-steal-your-money/articleshow/113946187.cms
fake investment platform Nagaland,WhatsApp bans 9.7 million accounts in India in February for rule violations - Nagaland Tribune,https://news.google.com/rss/articles/CBMipgFBVV95cUxQMzFCV0FoZ2JtTTJtM2JRRERIdk9MVlBaTzBaVWk4RWpYWGFsNUQ0ZER1WEJpcDcyUE91X0RjNzV1cldIN0hHbTNJM2tPNFpjYUZaVlE5TWtkMmg2LWdydjlZU2ItOUFUZzNQTkNkZWNPaVYyM3E0QmhjVTEtbURqYmJDTm9udHZpNE95Q2FZNC13Wk1aV1Axb0I4Xy1NeGROWWk3SkNR?oc=5,Nagaland Tribune,"Tue, 01 Apr 2025 07:00:00 GMT",2026-06-14T20:33:44.305004,investment_fraud,True,False,candidate,https://nagalandtribune.in/whatsapp-bans-9-7-million-accounts-in-india-in-february-for-rule-violations/
trading fraud Nagaland,"No FIRs for loan, business dues disputes without fraud evidence: Nagaland Police - The Assam Tribune",https://news.google.com/rss/articles/CBMivwFBVV95cUxNWkE4Slh3WkJGWEpaSEUwYWQ0enRFQV9FSU11VmNIN2VXX0pVNno0LUVSVFJ0YXpEQ0tZLUV0V25Ccm9EbkZ6QkJyd3RMcWY0RnRabDRoVTNBX1hCS2RDUDZmZ2pQVEJ2SVJRWFc3MS1fS05Na2dxSGRRREdtNkhUalVNbzlPMmgwaEI4LUkyVlFnX1d2YUt0TTA5RWNQY1BmWWJQQTNsbDFwemdiMldZRmlzSHpzdXdZMHN2Q0g2WdIBxAFBVV95cUxPZi1FbktMR3Q0U0NXX1FEYTAtYzNSaXkwVW85TE1wYkZPb2NKb1Z1VjZUWlVCQlJYZkdLaS1KRXNQVWJZMHdNYkEtbUVYNTZnTkM0OVI1NjBlZWJIeEJHVUdUWEpNemFpQjgyZ2Vuc2tQTGlIaU9Kazk0UWg1NXRyX1BTRFdXaGZkVVdqUFhSQTU0WFRsYTZySng3Qk5YSjRudm1kaDNjNWtfWWs1RVpzcDdJeFJfb2l2eEFaclZLM3BfZDdq?oc=5,The Assam Tribune,"Sun, 14 Jun 2026 03:58:21 GMT",2026-06-14T20:33:46.148425,investment_fraud,True,False,candidate,https://assamtribune.com/north-east/no-firs-for-loan-business-dues-disputes-without-fraud-evidence-nagaland-police-1612716
trading fraud Nagaland,Nagaland chemists to join nationwide bandh on May 20 - Eastern Mirror,https://news.google.com/rss/articles/CBMilAFBVV95cUxQVTA3Qi1mWWNqd0dadEZJY3czZ3U3R0VvcVlxS3NuZnVWSHBmQmtSR1NFenIxdkZuSmxDWmNUUS1obTlrSnZDVjYyOUo0NGIwWlI5ZTVrOUJpQ1NpTVB5NkVFUmNaNkl5Z0JXMVhQSm1iRFo1dHJDcEJCWUd5eWhDUElnMzNyRUNTeTBMN1VJSzR4MjZz?oc=5,Eastern Mirror,"Thu, 07 May 2026 12:45:59 GMT",2026-06-14T20:33:46.148494,investment_fraud,True,False,candidate,https://www.easternmirrornagaland.com/nagaland-chemists-to-join-nationwide-bandh-on-may-20
trading fraud Nagaland,Nagaland: CGST Dimapur busts Rs 53 cr GST fraud; 1 held - Nagaland Post,https://news.google.com/rss/articles/CBMihgFBVV95cUxPbXVJX2lvejJrYUNKQzI4RGR1Sk11cDd0Mnk4cVl2c2J3M2dEVXc0SmRwcHNnd3Y2c1BDOTBqNG05a2lNYXBKd3hhbExmQzZZRGxlS2Y1VlotVl92WVRXZ3U1TEJOa1BPMHNVMm0zc3BFak8xUlVwUHFWTmpMc05FcDJ5bFVkUQ?oc=5,Nagaland Post,"Mon, 12 Jan 2026 08:00:00 GMT",2026-06-14T20:33:46.148547,investment_fraud,True,False,candidate,https://nagalandpost.com/nagaland-cgst-dimapur-busts-rs-53-cr-gst-fraud-1-held/
trading fraud Nagaland,"Gauhati HC Refuses To Quash Nagaland Lottery Scam FIR, Says Second FIR Permissible If Allegations Differ - LawBeat",https://news.google.com/rss/articles/CBMi2wFBVV95cUxQR1hxRU0wXzdWS2lSc1pFWlI1TkE1OVNqcFZuam56LWdIek04dHdSN3I4MGpwcGd6aVNhQk9DLXc3X1FXN0ZPX1BKeF9ZeXBhc3JWVndmNjhrRVBnRFJMSXNLM3ZkelBjbHVoQ01lOEhTelZLTlY0Zm9xSXZweldxUXZPcUhJWnhvS2sxaTV1QWxYOGxpSHp3VVkyV2lQcEJRN1NPMmd3QWl3eGlnYWNLMm5nYUYwUkJYRHBLYlFLT28ya2FzeXBYdzlzbGtFQS0wdHhCSklMZVFsc3PSAeABQVVfeXFMTkJyV1NjOHN2Ql8ydVY3bWg0M1c0YVpxdEpPRHl5ZkZRWHpxaHdaOEtSQ3IzTG5QSG11UDJkT0NvMEp4bDAxVWRvdVJ2am9DdFhYWlNoOFA5ZjBVdF92ZVBqNFhfTHd4Y0x2ZURycWZiUVRzRUZ1WTIwODVJcDgwVF9yemtmLURtYzd6NHphejVMUjhNdm1tN3J4MjZhZ1dHbUl2cVo3bHNvSWhxaDBkYl9sbUZZZWlKSEF2MlJBU3QtX1ZYa2RpcGk2TV92QXJNMTY1ZDRyc1YwWUxfbG9XM20?oc=5,LawBeat,"Sat, 07 Mar 2026 08:00:00 GMT",2026-06-14T20:33:46.148559,investment_fraud,True,False,candidate,https://lawbeat.in/news-updates/gauhati-hc-refuses-to-quash-nagaland-lottery-scam-fir-says-second-fir-permissible-if-allegations-differ-1570575
trading fraud Nagaland,Two shopkeepers flee Kohima after cheating traders of nearly ₹1 crore; probe underway - Nagaland Tribune,https://news.google.com/rss/articles/CBMivAFBVV95cUxOUHFmdlNnSDNZNUMycWNhUzBRMnpYcWViZ0tXUEJvUTVkdUFDdkFsQTdtWG9fSzNQSm13WUdCNEtDa01RNmJJaVY5cEJvUVVuV05jN1BnNnNyY2JDQmc5SGU3MTFtSldIdXBSbWJWYVhHT2pva3lXeDk0QW8zdW1KcHE3WnF2amxHS2dFUUtoNTRFVTBqUmw2YWxjeVJuN2tjejFUR0Y5N1RVQ2Vrd3RjTEdNYVRUT2dQd1JMWA?oc=5,Nagaland Tribune,"Sun, 19 Oct 2025 07:00:00 GMT",2026-06-14T20:33:46.148657,investment_fraud,True,False,candidate,https://nagalandtribune.in/two-shopkeepers-flee-kohima-after-cheating-traders-of-nearly-%E2%82%B91-crore-probe-underway/
trading fraud Nagaland,"Cobrapost alleges massive Rs. 28,874 crore fraud by Reliance Anil Dhirubhai Ambani Group - Nagaland Tribune",https://news.google.com/rss/articles/CBMitAFBVV95cUxOZXdScVVwVjJnTEJWakpHQ25BTVFiRFlyZHJwa3d1Y3pSOElteWk3ajdfalhhekR0WnBNT1RLQl9ZNzl5UDJlS1hXOUtQdWJqMWdWNXl3SlZydjhQWEFqVU85R3I0RWN0Nl9KczBZdDZ1anFrc0JBWkhxOTFJVG5hcFR6elE0Wl9hOXNzQm93NUhTdk5PbTl3NkdJZVpKbU11RGdudXhaOUtnNnBCOU9pWm9zMF8?oc=5,Nagaland Tribune,"Thu, 30 Oct 2025 07:00:00 GMT",2026-06-14T20:33:46.148697,investment_fraud,True,False,candidate,https://nagalandtribune.in/cobrapost-alleges-massive-rs-28874-crore-fraud-by-reliance-anil-dhirubhai-ambani-group/
trading fraud Nagaland,"Nagaland Police bars FIRs in civil, commercial disputes - Eastern Mirror",https://news.google.com/rss/articles/CBMilwFBVV95cUxNV0l5NWFyWXJwLUI2UnU3bWdiR1pZcWl0SE9YTmtWc25ib3FrQkpVUWttdndXd3NxaTR6NkNtS01mTXc4aFBiVDdtOXVrSXlISnpGazFGcHNFVHVZV3Itczc1QUZOOGduSDduYVd1UHVVLXBhdnF0a3dteGszQ0xickxMOXlITlNibHM3UTVJaUlhZFFORXpZ?oc=5,Eastern Mirror,"Thu, 11 Jun 2026 21:07:32 GMT",2026-06-14T20:33:46.148891,investment_fraud,True,False,candidate,https://www.easternmirrornagaland.com/nagaland-police-bars-firs-in-civil-commercial-disputes
trading fraud Nagaland,Mining firm director arrested in Nagaland for Rs 53.28 crore GST fraud - India Today NE,https://news.google.com/rss/articles/CBMiywFBVV95cUxQU24wcWNYVWNKWmtUOEJ6LUc2YXFzclZza2lzVmdNOTdtLXNDaXlwRmJXa2pMblAxNnZiOVlYc1R6UC1RRW9KSkRfbXdIU1hobUo4SmtHWkQ3MzlpTXRxREtnQXRlel9vbjltajFpaHowUE41MUdyMWhRdHVPd2V6Y1pHTFVpN2s5YlZlRlB2ZDcyZjlGUkdrX1JYc1ZWVHliQm8xWlJtTHpRZjh4cHA1VGNHSGZXUVd0MWIyLWo2YnFmZmtWY0l2LUVjWdIB0AFBVV95cUxPUl9ZWnhhbm9jMTR6ZnpLNnVPRDZCX0lXNl9UbXRVblUyTnNyVHptbnF5eUFBSEJOUHItUWh6QkxxVzlSZGZWSExXeHNiZlUxcktZVDRCUlg2T3NrNmxiY2syRTB0YXZHamRtbkpWd09ZQWFWemIxbWkwMm5vcTZHZzNpYmNSNllNZkphSHVGUEZiRlYzQTdSbmY4RU9LOXk2dGM3OG9tM1NsVE5LVmVtT29hZ1BZeGhEU1h6OGJvWlFaaXVrWWpwOGRSQVk0cG1u?oc=5,India Today NE,"Mon, 12 Jan 2026 08:00:00 GMT",2026-06-14T20:33:46.148921,investment_fraud,True,False,candidate,https://www.indiatodayne.in/nagaland/story/mining-firm-director-arrested-in-nagaland-for-rs-5328-crore-gst-fraud-1329910-2026-01-12
trading fraud Nagaland,"NTPRADAO alleges 1712.03 Crores Mega JJM Financial Scam in Nagaland, demands SIT - Nagaland Tribune",https://news.google.com/rss/articles/CBMiqwFBVV95cUxNOXc4WjhWd19kbWtXRWUzZVNldC1jQnRmS3JhTHJNTFF3ZlNyMjJfcnB0MVRwUERBRnRSTVVESk5aejFxblNGVHVZSGFZZFUwc2hESTk3eFNkam1XX2U3cHJUZjBmLVd2MnIzTlRQR0ZqcE0yMWtyV2xpUDVKSHQ3LUt5dkRnckVWTU5FYVd5MnR6QzNIN3RjMWVDMU0ydWlUTm1naTduclJUMWs?oc=5,Nagaland Tribune,"Sat, 19 Oct 2024 07:00:00 GMT",2026-06-14T20:33:46.148933,investment_fraud,True,False,candidate,https://nagalandtribune.in/ntpradao-alleges-1712-03-crores-mega-jjm-financial-scam-in-nagaland-demands-sit/
crypto fraud Nagaland,Lithuanian man held for Rs 8 lakh cr cryptocurrency fraud lived a miserly life in Kerala - Nagaland Tribune,https://news.google.com/rss/articles/CBMitwFBVV95cUxNZVkyN1ZqNjlHT1J1SzVfUkRIb1diRVJkbmFxbXE0X2hHUlNQbFVRT3d1RkYzSnllQmY2N3NnMnNsUmdYWk93b3QwYWM1ZC1RZDJXNlYzNWZQOHYzd0EzdnhRYndVS3VJU3lTbERFeWNrUU1FTGQ5S2dlTDk4am80V0IyRjNTTXJTYlZtLVgyNG9NY2Y4RzJVTndrNEhITm5qY2NTUUg1eTJRUmdHX1BVVWp1MTVkTHM?oc=5,Nagaland Tribune,"Sun, 16 Mar 2025 07:00:00 GMT",2026-06-14T20:33:48.065484,investment_fraud,True,False,candidate,https://nagalandtribune.in/lithuanian-man-held-for-rs-8-lakh-cr-cryptocurrency-fraud-lived-a-miserly-life-in-kerala/
whatsapp scam Nagaland,Two women among six nabbed in Kuching scam call centre bust - Borneo Post,https://news.google.com/rss/articles/CBMiowFBVV95cUxPZU93bkdtamx1QmJtUFlMZTFLUXRmYzBCbmVlX2ZjZzJCZ3hhTmItdmZ6MXhfUE40RHhKbFpEaGpDQzk2OGVkdlhLak84RHM0X3ZQRUczWE9PQlo0WVFUa1N3Vkd5ZWtWbXc2RURmVnQxMFUtUGwwWDk4UzZJYktfUF9jVk1TN0FWaWRhbG1QM3N3S0xHRGlFNmZjSmZnblZjVWdz?oc=5,Borneo Post,"Fri, 06 Feb 2026 08:00:00 GMT",2026-06-14T20:33:55.179413,investment_fraud,True,False,candidate,https://www.theborneopost.com/2026/02/06/two-women-among-six-nabbed-in-kuching-scam-call-centre-bust/?__cf_chl_rt_tk=GgvRcyi9CPwW.nrBcHloeH11T8Gh1CVONqu7b9d8G.E-1781451286-1.0.1.1-1eaE9L0aAfq4eAZIT_pu16_QxhvIyWXosDVkCkQo25s
fake trading group Nagaland,Alleged Fake Currency Racket in Dimapur - MorungExpress,https://news.google.com/rss/articles/CBMic0FVX3lxTE5UT2xyTFlsaDlILXhzckVDNkFDWkpjNmQ1MUZNZVk3NTJ0bjl2SmhUeVZRRHVpTTd5N0xUTTViSU93SVNibnJObGEtdEx4eUNvSjA5amtERElLWW5Eb2NoVURBUXhXTnlHRlJoMm9XbFNCbm8?oc=5,MorungExpress,"Fri, 12 Sep 2025 07:00:00 GMT",2026-06-14T20:34:00.007042,investment_fraud,True,False,candidate,https://morungexpress.com/alleged-fake-currency-racket-in-dimapur
fake trading group Nagaland,Disaster preparedness exercise held across Nagaland - MorungExpress,https://news.google.com/rss/articles/CBMigwFBVV95cUxQWUtRU3Q1bzRhbkdoRUJEMjlibm1Ta1luSlZZcXM4SHdBa0QzTC15T1ItblJiSEx1eUJNajZHZURXYWJiZGlJNUVKeFhkd09IMjUwRTlSbDVtdXcyOU8wN1NWbW43M3pNVS0tX1QwT09NUkQ1Q3h2cmhLVHZfdmN1ZEZlQQ?oc=5,MorungExpress,"Thu, 02 Nov 2023 22:31:52 GMT",2026-06-14T20:34:00.007321,investment_fraud,True,False,candidate,https://morungexpress.com/disaster-preparedness-exercise-held-across-nagaland
fake trading group Nagaland,"ED conducts multi-state raids, including in Assam, Nagaland, over fake hair exports - The Assam Tribune",https://news.google.com/rss/articles/CBMiwgFBVV95cUxPNFQ1YWRrZFZHR1BXdWE2SkVMZElQdGNnQUlFNlZMRURKSWtuY1I0S3N3OUFaMzcyMkF6Mmw5eklIVW9QM3BSakh4OV9wMFg3dWdTZXN3aVllRXBNODV6ODl0OVZtUF9uN0JmOVhqMnZXMDFWcFlIakJuaHV6d2xuT1JzekIyNTN4ZjM4S1c4ck50UmU5Z1hlNEV1ajl5RUFhY0Nzdy0tNms0TU9vZ0dPOEF1M25BSWF1SElVV2dPR04xZ9IBxwFBVV95cUxPaXRqVWVRLVhvYXRLdXRTay1QQy01VEFSUnRGcWhiRzVFX1RWX2QyN1dTaUtteDMyNnpjUEVMd01qQ0QydzhyYXJkS1BwRVprY3g3U1B2QjZlOWJQeVhBZFJ0R3BRMVFzaU43S2V0YzBuRjQ4MnhDRndZVjFxUDFjODZtWGV1ZTFtRkc3cy1keU0tU0xjTl9FbF83dS1aMmEwY05YYmk0cVBoQk5ETHNxT2pfY0dsc25zTmRkalozdDZoTnBYNTFZ?oc=5,The Assam Tribune,"Tue, 04 Nov 2025 08:00:00 GMT",2026-06-14T20:34:00.007346,investment_fraud,True,False,candidate,https://assamtribune.com/north-east/ed-conducts-multi-state-raids-including-in-assam-nagaland-over-fake-hair-exports-1596799
fake trading group Nagaland,LSD Fact Check: Fake photos implying human with lumpy skin disease go viral in Nagaland - MorungExpress,https://news.google.com/rss/articles/CBMisgFBVV95cUxPRVRMeEhVcGRMclBlOE9zX01aajkyWktlYk4xMXh4WVBWLUlVN3R1ZkNyVjJyaXB1bXg4N0VIcHdGNk92WWJ4V2Y1MkU4VndGVzZIYjFzbVVGU0ZmR01yRFE1d1NPeUY5cnZRTGI2Zm1hQ2JlOFJka0x1VmZ0MGxleUUtbWxCMzN6VXRUN0NQa3ZOaEJvQXJ0WEhvZHduRE1NUVpDYzF5S2c4V0x5THduRndB?oc=5,MorungExpress,"Sun, 18 Jun 2023 07:00:00 GMT",2026-06-14T20:34:00.007370,investment_fraud,True,False,candidate,https://morungexpress.com/lsd-fact-check-fake-photos-implying-human-with-lumpy-skin-disease-go-viral-in-nagaland
fake trading group Nagaland,Nagaland govt revokes regularisation of 147 contractual staff amid public outcry - The Assam Tribune,https://news.google.com/rss/articles/CBMiwgFBVV95cUxNU2ZoaTFVZk03akt0U1VVaDcyX0VFa0IxRXpxeW52dmY1bE1QQnJzVE5UUEpNRVhLRzM0M21EWVRlNDdjT0FTZWxVcVN6T1JCRERkckx1LVZxRkxmLTJROVBIUVpTZUZPMndUVzdPZThTa3p0V2R3QUF0M0NodmdsV3A4bnFuakxCNnhRZkY4dW8wenhGTTBGN3hYOGh1MG80QnlxVEtLbTdXS0h6UDBvMzQzMEpJMVMzZWJMVlJfWXBXd9IBxwFBVV95cUxPaFFxOGFzVmlyQlNWRHhudVVoNGQzYXRSelRIZTg0ZXpkNGlEYmRVN1p2eXMwSTF6OFFkd0hUNFpRMVhSNV9yMFBBay1vZjRYV2ZTNEpRNG1zbFp6bFpqQ01YMEgxemVwN3VSX1ZndUhMd0pFb1Q2b2VreWdWUTYyekFLeE1sYXdCN1YxMVZYa0JINUdIckZtUXRaemE0cTN5ZUlJNTFiY3VrUzV6bEFFa29jbUVYTDVKRkVUVmZEdzFtN1dxd1lB?oc=5,The Assam Tribune,"Wed, 30 Apr 2025 07:00:00 GMT",2026-06-14T20:34:00.007418,investment_fraud,True,False,candidate,https://assamtribune.com/north-east/nagaland-govt-revokes-regularisation-of-147-contractual-staff-amid-public-outcry-1575813
job scam Nagaland,Over 70K registered unemployed in Nagaland: Guv Yadav - The Times of India,https://news.google.com/rss/articles/CBMixwFBVV95cUxQU1FyZ2lMT2pmTXBnLV9CV2dBX3ZrLUdHWWVuMTRfLUNmLTlUMU5RYnhfWWQxRW1teUVVTV9pZDB4alVtMzJ5cHJ6Vk5jYU05V0JDaGl4d1hUZ0VvR0tlRW1rYXlha1QyblRLRTktQjBRMU1sQzVpMHpLZ2ZTaWZqYWZGZ0djVmJtT0NzbTdkWG5wcm1FQk5ua050N19IZDhCX3lJZ3RCc3dZRWpoVXVmV1dRb3V4Yng0WFRUWTg2bU1XMnRQTUpZ0gHMAUFVX3lxTE5Pc1hKQlQxbFM2aEZacmphd3dSdURfM0xNY2pNaml4XzhSVW92bnpoejl2TkJsVlhrUm5KZkx5dDZKczBwTnRsaVY1M2Zuazk3eldjaU1yNTJsQ1VtV3hsVlJGMWN5bXM1VGp6WmlpQzNJaWo0X3VmYmhkQVpiZ0J5cnAwSUtGdGF5SENHS3RVblpvZi1QWVM4RkwwYS1FdzVSd20xc0N2TEdHd2ZQUUVvREZwTW1RRlFrZkJzVlNRYk1sVjVWRWxfNDJDRw?oc=5,The Times of India,"Sat, 06 Jun 2026 17:45:00 GMT",2026-06-14T20:34:01.748199,job_scam,True,False,candidate,https://timesofindia.indiatimes.com/city/guwahati/over-70k-registered-unemployed-in-nagaland-guv-yadav/articleshow/131556868.cms
job scam Nagaland,Centre recognises Nagaland’s 19 notified dialects for GDS recruitment - The Times of India,https://news.google.com/rss/articles/CBMi3AFBVV95cUxQcGtwb056UEM1XzJXU0x2QUQ3UVduUU9UaXFLUFp0WGIxd3pMS2ZTZ3dSMnJ1NV9QeFdyR2phZlR6U0ppRFViZVd5UnlJY3Mzb01WSEVUSGxmakJhOVhET1VkQ1RNSEU1LVY0aUlpQmE3clp1VVppLXBYTzVYZXRUZUg0TWhfSllMWFFqU1dMU3BoQ0ZXMUhZc1RuclU5VU1tLV81V0FPbTJhblVGOUpVb2p0T29ETWhFanNoOXdHUkF4NGJNemZzb28xaDFWaFdoZzJuX2RZb25qOWNC0gHiAUFVX3lxTE5yTDdsLTFNYnJFaWdoYnFvbC0wQjlBemN0aDAtODV0ZlNoM1VjbUI2ZDNiQk9CY1hybzNJcklBVFc5SXJsdkxPTmYtUVlXdGVTcHdUVXNDVTMya09GMGVReFVBSUFjdVhiWklnOXAtZWNyVTd4S08wZUV3VDBZM20wMU5EVDltVGdwV2Y5MDlGOE45MmJtTVQ0aE44RVpjN0IxWkJneVN0amJxUlVWc1BVSktfcUYteko1RHppM2hmT2RseWU5b0QydEtzOG1GNFE0bjgyTFQ1TkpmM0d2c2h0QlE?oc=5,The Times of India,"Thu, 28 May 2026 07:00:00 GMT",2026-06-14T20:34:01.748266,job_scam,True,False,candidate,https://timesofindia.indiatimes.com/city/guwahati/centre-recognises-nagalands-19-notified-dialects-for-gds-recruitment/articleshow/131371031.cms
job scam Nagaland,"Bihar NDA leaders seek Lalu, Rabri's resignations after Rouse Avenue Court frames charges in land-for-job case - Nagaland Tribune",https://news.google.com/rss/articles/CBMi0gFBVV95cUxPcFhvbHdQT01xLThhQkZueUNVWmFoX3BYT1R3eGhVRmxoMnR6SExKSGRudDN2Uk1kdzMyb0p4SFJPZ2Y1aDVGbGxpRmZaa2JRT2RrejZoQ1F6c1RjU2tCN0ZLMWRpbmtzNzNOa3dqQ09IU0FaWXMwWEtGN19zNF9UaDR2YVdhcHM2TnNOSl9TaDlha3hVWVZRQXVodU54anE0VldhaHJRa1Y5NXFfUWEwYk5zNll1eXEwc3QxUU9hcnlIam8zWmV0X1RuU0ZJT0N2bVE?oc=5,Nagaland Tribune,"Fri, 09 Jan 2026 08:00:00 GMT",2026-06-14T20:34:01.748309,job_scam,True,False,candidate,https://nagalandtribune.in/bihar-nda-leaders-seek-lalu-rabris-resignations-after-rouse-avenue-court-frames-charges-in-land-for-job-case/
job scam Nagaland,Nagaland Japan Connect opens job prospects for Naga youths - The Times of India,https://news.google.com/rss/articles/CBMizwFBVV95cUxPSWNrM1c2a2RFeVZnVFgwdzQ1UC1Fa0Fyb1psUHJsc2RteDM1UUZKZU5hYWhSYVJsUzBlRTBodUJsNDc1X2l3TWFUcS1YWVU3SVBkWjQ2VjMyX0xrY0RzcjN2MnNpMFRPaGhxSW1HNmREeU1FcFRLdmpSRVdLNmw2SXpwRlJ6QmE4N2g3WFRVX2xIWG15UmNlRGs0RTlRUlpId0R1N2huYW1DYlJBRGkzZEo0X1p5SWQ4OV9VTGk1UlgySlluZ29nd0hFT3h3MzjSAdQBQVVfeXFMT2lURGMxNEhGOE9BcG9ueldsMFVXX0Vnakt3TDJ6ZmtOd3NPTEx6bTdXQ2RDQW1ROUpTTWtLcmNHTU1pYWZMd1NtYVlkNncxRmdSTE1NbVMyYm1fQ3M2akVMN2c4Vlo2VlJqWkxfdlZJWHZsenlOZzlNYjBNZEZlV2ZZRkxNVnJybFVnekpHMTdEakZtbXJmUUhIQzJQMlNweVJINHFSbVRQMHBGMGpiZ205MlpXM2czNDNsRU5QMTRaM3B4Wk5qZXhZU2dleUlOV0NVbG4?oc=5,The Times of India,"Wed, 28 Jan 2026 08:00:00 GMT",2026-06-14T20:34:01.748323,job_scam,True,False,candidate,https://timesofindia.indiatimes.com/city/guwahati/nagaland-japan-connect-opens-job-prospects-for-naga-youths/articleshow/127722397.cms
job scam Nagaland,Naga student bodies assist families of 25 Nagaland youths ar - Eastern Mirror,https://news.google.com/rss/articles/CBMi0gFBVV95cUxQQUZjM3U4R3hxemdMa1YxNGNlaW5lWWpJU1VoQjlfODVTek9USlRjc3g2eWk3d1ZVVHJMNEZZY0c5RU5IRlBtYUZoT0JTMFFBZFp2bjc3TzY2bGswVWt1dzFSLWdkajZNQmZfLVltNjB5WnR6VUQtb0hfZ0N2T1VrTVRMZ0JjUS0zSXlKZkpBcU16NFhRLUxoSEk2Tjg4NFRrQ1pGSjQ1VTdDZVJmLUduRF8wZ3FtWGpNRm9yNWRwSlB6Ymd1b01Kbmd2YzhfN1lhSFE?oc=5,Eastern Mirror,"Sat, 08 Nov 2025 08:00:00 GMT",2026-06-14T20:34:01.748351,job_scam,True,False,candidate,https://www.easternmirrornagaland.com/naga-student-bodies-assist-families-of-25-nagaland-youths-arrested-in-maharashtra-call-centre-case
job scam Nagaland,"270 repatriated from Thailand: ‘Stay away from Myanmar job scam’, MEA advises Indians - Nagaland Tribune",https://news.google.com/rss/articles/CBMirgFBVV95cUxQZlVRTkpOUjZVdWtuNThGZUZ1dDF3N1lneWtBdW5aRUVCdWJVM3ZieUVUUlptMGk5ZEgteWtLZW1JV05aQnVRYU8tbkI1X1NTb2w1S3VXc0N2UVJYbXU5d0E3SDZXb2lacTkxU3hfaEJyNVFXM2YxSl9MNUxNMjB1QlN4ZG9oQlVMekl1TXhWU0NnZUpLTkUxZWU1TThITWI0dU5HRE5FWFpDZ0NDUlE?oc=5,Nagaland Tribune,"Fri, 07 Nov 2025 08:00:00 GMT",2026-06-14T20:34:01.748365,job_scam,True,False,candidate,https://nagalandtribune.in/270-repatriated-from-thailand-stay-away-from-myanmar-job-scam-mea-advises-indians/
job scam Nagaland,‘Backdoor’ appointment of Nagaland constables quashed - The Hindu,https://news.google.com/rss/articles/CBMiuwFBVV95cUxQcTBSYmRJVUFld3FEX1dsekRuSkRETzRncF9PWEU2Qm9GZVZyM1ZmSFY4MDdIUXE1eThDMmFjaFZvSlQ4aXpaNXJJWUhHLThPVDdkUGFnYldMVmFjWHNkcXlCclhQNFJGV3B3ckVpVmRjMm9KaHRkRVgzWjMtbXc4Ri1rdFhQVHV3MU41UzVjZDM2c2hibEcyQ3Q2a053MGVEdXZiV19wNEMxU2pVV0kxd3NKVHFfd0tDZVI00gHCAUFVX3lxTE8zMTlsaFJhcXFoQW9uMmxJaThJNXRFNkoyQm5WYldYRW8tNVFuTEs5NGcyVFR6emN5TVVXR0JYTlpKWFByYUFxX3NQSzNIdVdJMlA3SzNIX3ZkLXhkeW5zUjMyTDZqaTdzeHlqcm55Y1dVOG9maVIydXJwaWU3TWNLc3N3dFlaeWRxZ3VfbzlfVTZjcklZMjR4bENmNUppSnZ2dF9mQ2lnekZMcDJEaUxtc1BrZ3hUUGlaaEJzVDFYZEhB?oc=5,The Hindu,"Sat, 21 Sep 2024 07:00:00 GMT",2026-06-14T20:34:01.748405,job_scam,True,False,candidate,https://www.thehindu.com/news/national/nagaland/backdoor-appointment-of-nagaland-constables-quashed/article68667512.ece
job scam Nagaland,Assam: Cash-for-jobs scam prime accused Rakesh Paul released from jail - Nagaland Tribune,https://news.google.com/rss/articles/CBMingFBVV95cUxQa0x5d18tVmcyWktfTDdMYkNFTHd0cExVQ3NKaHlmNnVwMlkxTi02aTZuZUJnc0NjR2RKZ0NGMm0tMnJ2dWZTRTZyaFJKUktibVo0UTh6VTZqN1lscVdNYVh1S1N5aFBjaGRFUjZIUV9YempkN3haQzZkNS1JM200Y21TM1FNQkljMlJvb2xDRXNpWWVGc05yVkdGQWJWdw?oc=5,Nagaland Tribune,"Wed, 29 Mar 2023 07:00:00 GMT",2026-06-14T20:34:01.748433,job_scam,True,False,candidate,https://nagalandtribune.in/assam-cash-for-jobs-scam-prime-accused-rakesh-paul-released-from-jail/
job scam Nagaland,Government cautions job seekers against unregistered recruitment agents offering fake jobs abroad - Nagaland Tribune,https://news.google.com/rss/articles/CBMiwwFBVV95cUxPZ3lhREQ5eUhuclh2WHpidHBsQkk3T3RVa01iTHhjODAwVVE3ei1oMmQ3RkV3cXc1c19IS3h3ZEU3THdvRTRGcTlRS0h5WVh1cjV3a2xMajhXdHotUTk4SUdxaHJtNzN0Sm9yYW5tWDJoWW5Zb0xud1E2cW1Cenh2cFBiY1QtdGp6TTVNM0RKMXRHRWFpVS16SVNoZ0pZNG1kaHhCV1hBdWEtVFNjRkxmMFBxT2NzWjhnV2ZWc2xHYnp4VUE?oc=5,Nagaland Tribune,"Fri, 15 Dec 2023 08:00:00 GMT",2026-06-14T20:34:01.748478,job_scam,True,False,candidate,https://nagalandtribune.in/government-cautions-job-seekers-against-unregistered-recruitment-agents-offering-fake-jobs-abroad/
job scam Nagaland,PHED Minister clarifies on NTPRADAO’s allegations against him and Department - Nagaland Tribune,https://news.google.com/rss/articles/CBMipgFBVV95cUxQYW1LUjhoSEZ2NFZvcEsxc2VHR2FySWJjbFhaRGFuLW4xQzJRR1RnRThSWWJ3Q1FTWmZtcVpvZkVqeVJqckRDWkxkSlFyU2h5aUx1c3JhOG5oZ0FCZVBHMVlRVVlJNVE3bm5RWVBtc19JOXhwSDM2MlViSlhEb1ZUelFHTGlTMTRReGhVN2FYbFYtd3drSlZnY2djSWZJb1ZHR05PdFJ3?oc=5,Nagaland Tribune,"Sun, 20 Oct 2024 07:00:00 GMT",2026-06-14T20:34:01.748507,job_scam,True,False,candidate,https://nagalandtribune.in/phed-minister-clarifies-on-ntpradaos-allegations-against-him-and-department/
job scam Nagaland,"Nagaland man missing from Bhosari, no leads after a week - The Times of India",https://news.google.com/rss/articles/CBMixgFBVV95cUxQd2YxSHowRFVhTTdqQ3VwTE15enhTbTZLU2wtQVBXeXZzQ0l5bFVvM2c1Q1VrVEVkY2NGUTdpamU4RFEtUl9qbDBoQWw5RFAyR3pEZm5fZGlINGZ1dmVKWVBWdGhTdGlXZlJ2Y0dpcXJoM3FGbDBORTRrUnF0R1R4a3d2elkwNEdlbmdsd1JVQ3J6RDF3X2NXV2cySEpHVVdLSVRqcWNOcVZoTjgwdzFYeTJiLTBFeWZ6UnhKczE0Qnp4Zll4NFHSAcsBQVVfeXFMTW1sVHB6YVVaTm1iekhQNV9xZlJwRmktLTl4WjRpUFpvcWk2ckx6c0xqOW14Rk9wQVFnazRuSlcyNVNpbzJmVWtETmM2RU9TaDFKNUhKeGUzR1RyUFE4WUZCaWtHYzBFcGZXT1I3cWxfejJhOHFvZENveWQ2bkJONlprQTNJTm9pMERJSGFSbVIxdmdYS0ctVzFoZ2hud2NXUENHbU5weGJiaWJWZlBaYWJaSU14aVRLWDBma1JGVnVBcGxhZ0tXWmpSMFk?oc=5,The Times of India,"Thu, 11 Jun 2026 19:19:00 GMT",2026-06-14T20:34:01.748572,job_scam,True,False,candidate,https://timesofindia.indiatimes.com/city/pune/nagaland-man-missing-from-bhosari-no-leads-after-a-week/articleshow/131668208.cms
job scam Nagaland,Naga Students’ Federation demands state to implement ILP in Dimapur - India Today NE,https://news.google.com/rss/articles/CBMixwFBVV95cUxPTUh4UXFkc1pkYUd1RVk1ZUh6eldWY1BfbjVkSHFDNnpQUXowMUVHc3g4Xy1tR0NaWDhvUGlNNWlxeFhaLXNGTkNNV0s0eG5zV1RPQV9UQ0F1Z3U2TU84TVlvSENXOFBCdDI3aUlacXFYX3NQc3FnSzFCS1VLV1FXb3REeS1rM29Nc3BleFlMdnhXWTY5bTExY0NGRFlTaXlBZGFwc0JRSkJOVXp4bEJxdVhXQXp4SE1ZWkxMd1pGRkc4RnZoaWVR0gHMAUFVX3lxTE94SW5lbzBfR1luMlBPNmtWallUV1F4dzJHb2E5XzdkcWtPdGxTRW1xYk90Wk9xLUNuV0tsekE4REZuVTVtWDZKUWNVa0JqS01WZUJxVlh3bFdVckhkc1lxOFVRMGY3b0xMenFGZUV4TFZtMUpZcU1HaVJhVHBNWVRXU1M0SndrQXQwb1pFemlQNk5fUG5Cczh2NWNpbV84QmNFTUZDdnRwWW1yLTF6aDdDUWZyZFk0RjI3VlNnbWwtSVg3d0M3SFc4LUdfRQ?oc=5,India Today NE,"Wed, 10 Jul 2024 07:00:00 GMT",2026-06-14T20:34:01.748600,job_scam,True,False,candidate,https://www.indiatodayne.in/nagaland/story/naga-students-federation-demands-state-to-implement-ilp-in-dimapur-1046749-2024-07-10
job scam Nagaland,"Nagaland AG office refutes allegations, reaffirms timely pension delivery - India Today NE",https://news.google.com/rss/articles/CBMizwFBVV95cUxQeVJQOVpxbkl1S0EtdmMwNWw1cEdmMlpZcGpob0VQUk9VNkFvNXdWbkxTWTRrV0kyeUp3dVpRTF9HVXpLc09NbC1kRkxyWVNYZUVBZFVYSzZpSzRJMzFPZ3hMUUhNWWtuX2lNQzhDU2xIMjY5d21pLVk5eTJNcERIcVNjbnlBUDFwWVVNaF9TWUxWam1OTDJXYWtWdTRhem1EelVSem1UNnpoWDhxb25MRU9GMzNMejdId0s4RlpXTHM2SXlHa0ZKN2hBbmdHQ2vSAdQBQVVfeXFMT3RvSkdMbXk4RTJVNEVuejhtQ0VxemNOd3drM3B4MFNJRXVSdzBoWEdLU3dpWkU5d29zLU1wVTFscG1KZmlpS2ZRcFBDdWowM083aWJkVkFlSTYwaXloc3lKaGdxa05hSng1dTNNNDF3eUdPUkVLd19Yd01saGdtemFDMVE0QktPY0ZnUFZWRHI5LU5OSXN0MnladUFNWEhSSFFkcGNyUVZTLUtpSmcybXZYanRUaEZoSnhLZnJ3RjA3UnRVcklYOEhFMXozZTFWZ1BfR3E?oc=5,India Today NE,"Fri, 04 Jul 2025 07:00:00 GMT",2026-06-14T20:34:01.748726,job_scam,True,False,candidate,https://www.indiatodayne.in/nagaland/story/nagaland-ag-office-refutes-allegations-reaffirms-timely-pension-delivery-1239540-2025-07-04
job scam Nagaland,Arrest of 40 Nagaland youths in Punjab highlights urgent need for State intervention - MokokchungTimes.com,https://news.google.com/rss/articles/CBMiswFBVV95cUxPdFVRbnBMR0U3TDhFamF5emZXdTJPOTBSUmxRNVJySEpIXzZtUWpoeEhyVVR5OXZON0ZSNHJSX3ZGeUV2MFJTbkJaVWE5V0N6d21HbFNCQnhpdEpYRGlRelk5bVRDcnV0b0JtWXBoblRVblZuZllYNlBnY21Yc0NpX19icTRRbThJYW5aTUI1bU1CakVOTlh1WTk4cDJMUTlLVFZvUkZhX2xwNndfMkVHTFJoVdIBuwFBVV95cUxOYnNxOTA2Z3BNOG5STEZtNjBROGdHejc0VTI5U0tQWnhab2pEMU1SSkFVVEJFX0VuTGdXODhDTENwMFhHbF9qZkg3N05SMmJPWkpxXzBGNzZRR2FlMEpMUHd1X0V2LWlSLTE2QVZucV9YOHNNazY2NjBOZjZGMXVyXzIxaEtiOHlPMjJfUXBKbml0eTFqcFFrUkxtZVBMM1JqQVI5dllXYkFlZlExUndCbUZtM0pWUW1CUktj?oc=5,MokokchungTimes.com,"Sat, 22 Jun 2024 07:00:00 GMT",2026-06-14T20:34:01.748959,job_scam,True,False,candidate,https://mokokchungtimes.com/arrest-of-40-nagaland-youths-in-punjab-highlights-urgent-need-for-state-intervention/
fake job offer Nagaland,Mumbai man held for fake PCC in Nagaland gun license renewal - India Today NE,https://news.google.com/rss/articles/CBMivwFBVV95cUxORmlscGp1VDNZOEkwQkdQcGx0cXhiLWdtR3Z3X1B1RjJ0ZkpNNklvMno4MWV2WFhBVUphZjBHME1TNGtsckFMRk1oLWtyLVJ1UEVsUjhyMzZ5R296WmVmd01PVHpKYmRqS0N5YWxvbWtHSGZnYWRyV3Jab3JXS3ROendtRTliRVY4WG9BZDJMbGdaYlZTallEUzkxUVVkRmJWT0pRWmhkdXFLZVdIMGV0UmJpWFB6N3lZazZfYVNGc9IBxAFBVV95cUxQUlRzNmxiVDN0b2padkFKb1RURF9Zb1NuQ0xyeld4MWF4QmRvcWZQVGlZS3BzQk1yN3hPTFJTRGF3eE1NcnZIVVE1YUNHZmNmUU5ydzY5UDAtVGVYNG9BcF9LUlFxeFNNcnJMY254LXpJYWxiVXV3OHRFQ0ZoNjJoZDE1U2M1Z1Z6Rm5XNnVncTU4cjdNWDcyU1F2bkZROXliemM3WHluQjZqOERHV2FOanlHejhpNnpRNWV1aTZxbkQ0N0Vk?oc=5,India Today NE,"Sun, 31 May 2026 07:00:00 GMT",2026-06-14T20:34:03.445106,job_scam,True,False,candidate,https://www.indiatodayne.in/nagaland/story/mumbai-man-held-for-fake-pcc-in-nagaland-gun-license-renewal-1400274-2026-05-31
fake job offer Nagaland,104 fake job cards under MGNREGS deleted in Nagaland over th - Eastern Mirror,https://news.google.com/rss/articles/CBMiqwFBVV95cUxOeDI1VkxJRVB6Qlo3Rno3cExWWV9xNDFjbWNXSVJEZUNtcnB4d3FKQk9VeHJISnl5cllkMHR4TFNOUjVnTll6RjI2R3UyNk92TUdPZWRKTThBUmVWellFNVEyQzVjQUd6NnZGVmJNMTU5b0R2WFZfcXNKWEc4VE9HUm9JeEM5MEpkM1BYUnNOLUFMcERZMFNnaENJTjREYTZIaW9KQlJyN09udk0?oc=5,Eastern Mirror,"Tue, 22 Jul 2025 07:00:00 GMT",2026-06-14T20:34:03.445151,job_scam,True,False,candidate,https://www.easternmirrornagaland.com/104-fake-job-cards-under-mgnregs-deleted-in-nagaland-over-three-years
fake job offer Nagaland,"Govt warns against fake websites posting jobs, receiving applications - Nagaland Tribune",https://news.google.com/rss/articles/CBMinAFBVV95cUxPby02UnhDRHRmcUU5VWxkRmlfaXV6NzNob2ZDUi16LWdMdWxGUHBOVVI4VTVkZjIzR1FzdERJMWJReTZULWhNZzE2c0d6VkxHSlZSRHJUemNRUlNueHFGWlNJTS14SmRiMld6QzJxVEVRNFdHMjBjd1RSYlRUODlIazVGM2xtWi1HYXVLdWRkU21yTlpmaF9mMHc0LXA?oc=5,Nagaland Tribune,"Wed, 03 Sep 2025 07:00:00 GMT",2026-06-14T20:34:03.445221,job_scam,True,False,candidate,https://nagalandtribune.in/govt-warns-against-fake-websites-posting-jobs-receiving-applications/
fake job offer Nagaland,"Nagaland police to recruit 1,176 constables under new system: DGP - Nagaland Post",https://news.google.com/rss/articles/CBMikwFBVV95cUxQb1p0ZkU3cWF6MjRKaV9EcEtvX3IzNDlkR1FUNE5zWXo0R2plcW5feDFUb0hHYWl2YzNMdHFDNEc5OU8yOXRzX0Nfc1dzY3FWclphTm1oOEtDYk5rcHhjQkZqeXJLSEpiMTJxWE1wZG9FVVBOeVVOOU5zWnZXeVhJWkNFVWd2NmNISnA4LWwzRE5tQXc?oc=5,Nagaland Post,"Wed, 01 Oct 2025 07:00:00 GMT",2026-06-14T20:34:03.445262,job_scam,True,False,candidate,https://nagalandpost.com/nagaland-police-to-recruit-1176-constables-under-new-system-dgp/
fake job offer Nagaland,Nagaland: Fake weather map sparks NSDMA alert - Eastern Mirror,https://news.google.com/rss/articles/CBMiigFBVV95cUxONTNBaV85REtMb3FkZUtIbU1EaUZFV1ZBeVdCalFWdzJZN1NPd3dQZHpkVmZNa0F0QXFLR1Zwa2xQU2lEUE9UbVBRZDE1V1dTTHBtb1pjSUh0TE1BaVE2UnloQVZaWWJCSnFNengyNEdhTlNrZVd4YzdadVI3aHdFRDZZY05yVy1mbnc?oc=5,Eastern Mirror,"Mon, 30 Mar 2026 07:00:00 GMT",2026-06-14T20:34:03.445277,job_scam,True,False,candidate,https://www.easternmirrornagaland.com/nagaland-fake-weather-map-sparks-nsdma-alert
fake job offer Nagaland,Ministry of Telecommunications launches Chakshu facility - Nagaland Tribune,https://news.google.com/rss/articles/CBMijAFBVV95cUxNb1ZiWkl3UFVsZ0F4a01hNWotSEFDLTMyZ1BzZlBHZkI2dWlEaHNFWmRodk9za25GZVMxdmJUVERVYTgtdkVoOG5FcGRxMVhfb19xaEJaQlAwT1lwX2xNcXkwOHRfMDAwZFRuUTNKU0NXYmkzTWdrTjAwLXdDS0xzdnR6WTBKZ3Q0cndPLQ?oc=5,Nagaland Tribune,"Wed, 06 Mar 2024 08:00:00 GMT",2026-06-14T20:34:03.445305,job_scam,True,False,candidate,https://nagalandtribune.in/ministry-of-telecommunications-launches-chakshu-facility/
fake job offer Nagaland,1512864 MGNREGS workers’ jobcards deleted from 2019-2025; 8130 deleted in Nagaland - Nagaland Tribune,https://news.google.com/rss/articles/CBMirAFBVV95cUxPRUlVWHFqQnVjWXN4RzVRVExQd0FJR0VqNTdHNFBDLUlfUURYV1dSX1ZybzJDa01XZFhwdzA3SVFfZndlNWR4TnhOR0VhODJQUkhfWE1VM3c5SHR4OW5sZW94alY4NFZMTjVZWkJUaldqSFFzTXFNMno1R0xtbDFpVHh1VXBicm9UN3hBeVVULTgyS3BkYmtjZmc4Y2JNWEtJZ01yODlXcjN3NllO?oc=5,Nagaland Tribune,"Fri, 07 Feb 2025 08:00:00 GMT",2026-06-14T20:34:03.445354,job_scam,True,False,candidate,https://nagalandtribune.in/1512864-mgnregs-workers-jobcards-deleted-from-2019-2025-8130-deleted-in-nagaland/
fake job offer Nagaland,"NSUG flags frauds scamming Nagas with job interviews, medical services in Guwahati - Nagaland Tribune",https://news.google.com/rss/articles/CBMirgFBVV95cUxQREMxbnJjWXdqeVBIQldTQzk1cC0tX0gtVFhzNVBGWGJYMWdpZXdUb1MzVHNXaVNTRC1wdjhVRmFpT2FMOENGMXhyZjlBdlRyUWRPazFRa1lSSGFmUExMcVI3U0FZMm1MVmtISUlyRTRTVEp6aXFKWGpESXlIcFREaW9Xcm1nSWtsRnN2Q2k5czh4N0ZvdVR2ZzRnS0E0bjFjY1lUb25mLVg1SVBVWUE?oc=5,Nagaland Tribune,"Sat, 22 Apr 2023 07:00:00 GMT",2026-06-14T20:34:03.445368,job_scam,True,False,candidate,https://nagalandtribune.in/nsug-flags-frauds-scamming-nagas-with-job-interviews-medical-services-in-guwahati/
recruitment fraud Nagaland,Nagaland overhauls civil service exams; introduces new paper - The Times of India,https://news.google.com/rss/articles/CBMi0AFBVV95cUxPQU5VMnlmUmY5SXczWGNEdzJNNkRmWVFQZkJVbzEzSWdFaFYzWWFTOGdKTUxOVmhlS21qMGZwcjNsblFEODBpN2FORm03dXNIV19xUzZYLUkyNTE5a1JmNnA3eXFnRDJYS3ZJRTN0UTYtWFF2MWpaZHdDZHpXTjRIMk8wT050MW4xejZjU3hwNHQydGU0UVpJeEZ2VWJ2QmVBMDJQYVR1UU9yRVhDV2dWN2wxWEluT1lvd0ktUW4wR3pPc0tEMVprYnZvR1NhamRG0gHWAUFVX3lxTE9tbHRNZE1NVDVVRUluM21TQ2MtMTQ2SzB1MEZMUGpUN1pORkkwRmptN0hKX0N4ZWNEd2p4YkdlOGhsNEYtWHczU0hhaDFtelRRZU12SU5JWklxTEtXU3M5MWRZSDliTkJvVk9kdExqZU8tUlJjYzlwcVZjV1pxNEZsR3Y4VlBKR2lZWGJXM0JoWVdHWnQtMUhMSkpxamdDa2JIZTA1LWRiVUk5VDY5V1NFWGhkbE90ZGprLUJUekN5MlFYX0NWWG95X1ZHblZLSFFueDVkbFE?oc=5,The Times of India,"Sun, 07 Jun 2026 12:56:00 GMT",2026-06-14T20:34:05.114268,job_scam,True,False,candidate,https://timesofindia.indiatimes.com/city/guwahati/nagaland-overhauls-civil-service-exams-introduces-new-paper/articleshow/131567404.cms
recruitment fraud Nagaland,"Nagaland School Education Dept says employees cannot decide budget head for salaries amid SSA, RMSA agitation - India Today NE",https://news.google.com/rss/articles/CBMi_wFBVV95cUxOWWoxMnlVdEQ2NmxSamxWTWNZWDN0UnhXWEdLSUsza29fdzlyMVFZLUhCM0NQVzBjNi1wNnVnaVVqWHNzUm5yME5TNEdsVG1wSFg0RFFQM1MwRTdfZzZMaXlQRlZPdDdZSDUwOFdrOERYYlN5NWdqTjFHSFdkdTlOcmJ6VlRMRWxkcDRhbkhUbHlxNUJDZ2lIcFVScVcyVE9xVWdGdm9kbC1YTEJXR1ZUajNMa3NDeEV4NDZQR2trU0J5SU1xNVIzWmJfSWpPTDZpaTZBWUg5bEh2QzVHTmM1dnBDajdfeThqSFpKaks3ek5mMGdnV1ZQTUl6M1dVVzDSAYQCQVVfeXFMTzFGakhrSUc0eDJuc2V0bEVuRm5FSUFIa1ZPejg5dFRGZnR4SG9jRjd5Z1Jpb29VMWc3LUJ6UEZGUFZRRGl4SlFsQlpkNEpGUUVxeUVRcTdhYkpzUTlyMjR2eUFuWV9kdHZmbVhJd0xobFhMZU5leTlfOU0zc1FVd1ZzUkVXY1ExbWY0RFZlZUx5V1EwdWhMSE1jTW8zdHYzWEw1UmF3UEEyQTRjQnNJQkxnNWtaRzliWmJvRUhXV3hNME1hMXM2RTBIbFhraFAyZzBrODBsaW84aFYxeVRaOVh3emx0aWVYS2JsdjRLN2tBaTlsYW9YeU1xd29KaWE1aTJnNk4?oc=5,India Today NE,"Wed, 25 Feb 2026 08:00:00 GMT",2026-06-14T20:34:05.114341,job_scam,True,False,candidate,https://www.indiatodayne.in/nagaland/story/nagaland-school-education-dept-says-employees-cannot-decide-budget-head-for-salaries-amid-ssa-rmsa-agitation-1351727-2026-02-25
recruitment fraud Nagaland,"NSF flags 109 alleged backdoor appointments across 16 departments in Nagaland, warns of agitation - Eastern Mirror",https://news.google.com/rss/articles/CBMizwFBVV95cUxPNzVIUjdGRmxjSlRxTXBSSmdkLVNXaF9famdQY1U1RHkwV0xrdXFhTDJNSGxIYjc4SjE3M0tyazZyM1dEQ3lsaDJJRzE3U2h4YmEyVFZ6WWpOemZZSHhkTkFyTlY2eGN4NXNFN1RqTnhHTXlKVUV3d2NmODhkQmZQWER1UU1yRjh4UkFfYnpFcE0zako5ZndzSk1wQVB2WkJrTExSdV8xU1hyOWxfZkNUdDBMSlAwbjFYMEEtWmRMOTE2V1V3eFd5Wm1PRHRkUUU?oc=5,Eastern Mirror,"Tue, 05 May 2026 07:00:00 GMT",2026-06-14T20:34:05.114355,job_scam,True,False,candidate,https://www.easternmirrornagaland.com/nsf-flags-109-alleged-backdoor-appointments-across-16-departments-in-nagaland-warns-of-agitation
recruitment fraud Nagaland,"31,489 candidates apply for Nagaland Police recruitment - MorungExpress",https://news.google.com/rss/articles/CBMihwFBVV95cUxPYi1QWXpxNVl5eDVQT0hhbEFaTEQ0TWltTGVmWm80dXlNTVNiUUU0OFFXaWdoZ1V4Ri1oNWRYMXBrR1RyOXdua1lGNHRZelhLVHRIRF92MzF2SGU0UWVkQ0hYaS1fbUlBTUNLN1B6T3IxZVRPa3c4bzEzbDk0Q215My1LRHlXcTA?oc=5,MorungExpress,"Thu, 27 Nov 2025 08:00:00 GMT",2026-06-14T20:34:05.114478,job_scam,True,False,candidate,https://morungexpress.com/31489-candidates-apply-for-nagaland-police-recruitment
recruitment fraud Nagaland,Nagaland Police opens 1176 constable posts for indigenous candidates - MorungExpress,https://news.google.com/rss/articles/CBMinwFBVV95cUxPZUdTeUljbUk4d09ubVJHckhzQmd2b1NUWnlnd2JNZjFmaUZ0TF9MMDdYbjZRcGpjdGo3MXRvN3A4bnJwODNsencxZHRYRmRuaXNqXzNxSTBBU2lRdl80MzYyRHV0eG55VjhkY0pVRW5zSkVYcDg3UzBCRlA5cXl4cjJrNmxJcDUtakxJdnB6aHJrYlJHVmhMSm9ZeUE1MkE?oc=5,MorungExpress,"Tue, 30 Sep 2025 02:11:07 GMT",2026-06-14T20:34:05.114534,job_scam,True,False,candidate,https://www.morungexpress.com/nagaland-police-opens-1176-constable-posts-for-indigenous-candidates
recruitment fraud Nagaland,"Registration for Nagaland Police constable posts crosses 19, - Eastern Mirror",https://news.google.com/rss/articles/CBMiogFBVV95cUxPRXFOMVV0LUd6dGN3LXBBSGxTY1lnVUhJU0ZIMFZqdlZPaEhuZk5IcnM5dGp1THhzdFJQV0JhbW1KR0YyaVdWYzBqdGpjN1RoOWNWTm1ZRGRsRzMyNElqUnFPZWR5RXk4dFFnYXFBOU9pcGg0Yy1xQXJEY2Y3UUhYbV9VVzZlZ2x6UnlnXzA0My0xbXRuOUJ5WlRXLTk5MFhwSlE?oc=5,Eastern Mirror,"Sun, 26 Oct 2025 07:00:00 GMT",2026-06-14T20:34:05.114547,job_scam,True,False,candidate,https://www.easternmirrornagaland.com/registration-for-nagaland-police-constable-posts-crosses-19000
recruitment fraud Nagaland,Nagaland medical students protest regularisation of 280 contractual health workers - Medical Dialogues,https://news.google.com/rss/articles/CBMiyAFBVV95cUxOczlITmdpUDNPZ0dNX3NxdEVybmNxenItaDV3SkE4UkdWUkpCM2V6eVlLMGZhVlVFSzlnXzFHVGZwbk9xM3ROUlJYNFlWNFJzZVZ1OFdIM1k2N2dTNFlOT0VOa1p6Z3d2ZzdGU0c5ZTB0eGk1cmUzWmRmWmlPdlFTQ0RIcTJvLWVWVFV4RnBkNUtwZjVnb21RM1RTRm94LUJqcXRaelQ4dG5RdjRST3c1SWJwSFFBOXZTUmptMjRQdmpibkNEX3ZjU9IBzgFBVV95cUxNQTlGSG9HazV1MWRpM3prTlF6QXZmeGRvQWtMVkJVTzBnYm83d2Z5Ym81dlB4TU44MGdsb0x6c0xLOGRfaXNHempRX2Z5UmVLRW1DMjNkMmhyM0Foa3l3R2xUTzNGTHo3TFBrWnRqU1I0T09EZm9VSUNobDNCbWVnUWxNbk5BUk95cV9oYWl1bFRLaXNFTWdVVGJKRHlxc1hzUGRfd190YlpKaHoxZDA0bm1zdGJlRVlIUWpuOUNCd3UtUjV1bmlhQ2lEbUdIQQ?oc=5,Medical Dialogues,"Mon, 01 Sep 2025 07:00:00 GMT",2026-06-14T20:34:05.114586,job_scam,True,False,candidate,https://medicaldialogues.in/news/health/nagaland-medical-students-protest-regularisation-of-280-contractual-health-workers-154445
recruitment fraud Nagaland,From Manipur to Nagaland: Kuki Tribes and the Rise of Indigenous Protectionism - India Today NE,https://news.google.com/rss/articles/CBMi1AFBVV95cUxPRVVvaWJuTS1YZGRSeXE3MzJvSjVnejlZT3lWa3ZFVTZrNmdlaGFQeWVxZ0pkMlZMVzV1M3hnSnF5QUY3N3p2a0lpM08tY3I4LTlDVUNSTnFZd1ZQVjhWM3RwMGF5ZGJEOUU5WWxENDFKTHA4Vl9EUkZMdHB4TUVHeFdIMzFCbDJxSklVOEl6NzBBU2JzNjZ0RVg3NlRqZHR3R0NPbElhUHVvXzd6MndhRFJ3czlsb3JHTExYMTlXMnEwcmh0TW1VX3dsU24ycVFHQnFRRNIB2gFBVV95cUxNRnAzZ3lUV3I0N0VYTFZDSjZ0c003UVFqUWIwWUtQd0Y5b0kwWXB3UUxqaEZEZDhQSGhrMXRQQ1pDRk1IUVhZakp1QUlKdk5HSXlhRlZtUHhTNWZFc3Q5aURHTjlUdjlXT2VheDV4X096RjBEYkZ0TzBBM2c2MzdFWVhtQ0dESkJZSXN1Mm1YRjdLcXNaX19xTXJHT3lPTGo3VHg2Sk1yQWxHR2RKVlAxeDVaWUk5MTFPQ01fZ1FaajBGMGo2V1M4NklCOVNQNDQtNXFOcGpOTV9qdw?oc=5,India Today NE,"Thu, 09 Oct 2025 07:00:00 GMT",2026-06-14T20:34:05.114614,job_scam,True,False,candidate,https://www.indiatodayne.in/opinion/story/from-manipur-to-nagaland-kuki-tribes-and-the-rise-of-indigenous-protectionism-1288408-2025-10-09
recruitment fraud Nagaland,"ULFA-I, NSCN Urge Assam, Nagaland, and Other NE States to Boycott Independence Day - Guwahati Plus News",https://news.google.com/rss/articles/CBMitAFBVV95cUxPdlk5VVJrZXFzdzRlaWdJdTNWX2FwWDcxaTRIY2NkQmRpRUJIelZGaVVEbEF1Y3FlX1U2RXJlbjhRMjczLVZkU2RTMExURnB3am05V0x6TVZFcFBoQ3pTWDAyMTE5VDJtUE1wbm1mX19ndEhtdnZTM1NLWUlwTk1LTlRkX3YyUDFzLXotejN2U0djN1VmQTdpaGVOc2VKamJGb05aMzhFa0ZDSXdWZlBTRkgtYVM?oc=5,Guwahati Plus News,"Mon, 11 Aug 2025 07:00:00 GMT",2026-06-14T20:34:05.114642,job_scam,True,False,candidate,https://www.guwahatiplus.com/assam/ulfa-i-nscn-urge-assam-nagaland-and-other-ne-states-to-boycott-independence-day
recruitment fraud Nagaland,Army paper leak scam: Assam rifle jawan arrested from Nagaland - The Times of India,https://news.google.com/rss/articles/CBMizgFBVV95cUxOZUtXVWF3OEtSblR5aEJPRU9rc3R5SG5oYzNnUWQtSldjMUIxNVR2Yl9rT1ZEcDBWcFg5UnZITUFZRUM3Q1VsWExOU3REQWJfZnJCdVU2RWRlWkFKVmxrTEZkYXFpdWx0RFE2VUFHQmwzc0xxVzVkNHRoRjhhVmVIbi16d0F0ZVRYekpQNVpLR2VuWXh0TGhBZEF3TWFReXBRamVHX0xUUTh0OGVoa3pyQjRWU0hIMXYzTVQ2TDY2QjFtQ3dRZGRNMzBheVlDd9IB0wFBVV95cUxOVFM4M1pMUWxCdU10dTdCck12LTZmNEY1SGwtT3YxOXNEdXlrWEFUUHl1R0QwUDExMUczbEo1TTFCX2tDQklueExJQ0w1cHRxX2R6eEFpbzdDa2gtTVpUVDVldllFa1lOd0NRWVlUcGMzU2Jkelk0ZTFxM1ZWUnQyb2RKeVYxVWJtdU5XSnlyeHExcXFxS29xOXZzRHZuQmRmc1J1eTJ0M0Nobk9ETFI5WDNsaUdQeElqQ2FSUXdzR2V6SkJVWE9RSzAyX0tHSGdiaTJn?oc=5,The Times of India,"Sat, 03 Nov 2018 07:00:00 GMT",2026-06-14T20:34:05.114713,job_scam,True,False,candidate,https://timesofindia.indiatimes.com/city/thane/army-paper-leak-scam-assam-rifle-jawan-arrested-from-nagaland/articleshow/66492363.cms
fake recruitment Nagaland,WBSSC case: 300 HS teacher candidates disqualified for submitting fake experience certificates - Nagaland Tribune,https://news.google.com/rss/articles/CBMivgFBVV95cUxPTkg2MVd0YW5kdGk5T0w4cDdfTTZSRzE5ZVZ4Zjl0bVNUcFc0emFCbUZ0dHh2cjQ1bWFtSk1ORUxDcFpWV184eHR4dDlDTHY4bUNzallTbVhQZ2wtcWZ2dW1HWVEwX05HTTdBZENINW9Fb2MtMDNqVS0xclpPVEkyUEVSYms1bThqTk8wOTR6MU1hb01BSUpZN1MyVUNfMlVUeWNNWW9fUmxJcFduYk53Y3RTZkVrZS05a1JOVGFR?oc=5,Nagaland Tribune,"Mon, 24 Nov 2025 08:00:00 GMT",2026-06-14T20:34:08.938754,job_scam,True,False,candidate,https://nagalandtribune.in/wbssc-case-300-hs-teacher-candidates-disqualified-for-submitting-fake-experience-certificates/
fake recruitment Nagaland,International Conference on Deep Tech & Socio-Legal Transformation underway at NU - Nagaland Tribune,https://news.google.com/rss/articles/CBMiqwFBVV95cUxQc2VNVWZaQzdWREZXVy1DeDgxVTAyNUlNY1FfZlVvMEJpdjEwSWFLZERobE1RSjZBZWZNNkJqc3BHdERxS205cDRRYzlZSWxPOHpTT3d3MGNoLVVZdzJYbEU3bVZWZnNZTnlFUHNQOERuZzA1aC1maWVtWUFYZmY4UEdJY3dDLWlGUXMwSEZWazlDV0hjN3p6OXJZdnEwNFZ2ZVY4VWhGaEdHd28?oc=5,Nagaland Tribune,"Thu, 30 Apr 2026 07:00:00 GMT",2026-06-14T20:34:08.938842,job_scam,True,False,candidate,https://nagalandtribune.in/international-conference-on-deep-tech-socio-legal-transformation-underway-at-nu/
fake recruitment Nagaland,Forest Guard Exam held fairly: Mokokchung DFO denounces viral ‘leak’ claims as fake - Nagaland Tribune,https://news.google.com/rss/articles/CBMirAFBVV95cUxOVDhqOUx0VnZaZ3BnU2ZnX2xZTUxrZmpsbVRFR1JqZ3dwOFpuVTJrRnBod2hFYnBJRXd3dUloWjZPOVdZLUIxb0VrVE9wMEhRc3ZzLWVQQTJybmp4RG1TUzF1d3k5VzhqMWNRUWpFNFQxQXdMbzhkZG1WYVo0Z1piYzNNYlFtZUlGV0pITHIyWkdvOW92VFNHTXIxWi1TaU9WNExldHAtR3JYRVYz?oc=5,Nagaland Tribune,"Sun, 13 Jul 2025 07:00:00 GMT",2026-06-14T20:34:08.938885,job_scam,True,False,candidate,https://nagalandtribune.in/forest-guard-exam-held-fairly-mokokchung-dfo-denounces-viral-leak-claims-as-fake/
job fraud Nagaland,"Birth certificate mandatory for schools, jobs in Nagaland - News Arena India",https://news.google.com/rss/articles/CBMinAFBVV95cUxQVG13cnpNc0RyVWxsV3ZtMHNZRUJKeXlvbVNTc0RqYm8zMHA2M2F1WktIOUdBVDdXQnR3NFM1WVhwQXFZeFY4cUViNks5VWVpZ2psc3Zwd1k5NXVSMXBFZHhSdTNJT3EwX2UzUWhPM3ZPYzBMcmZYYVVwdFJGekhTUVVIeHRod1ZRbW1sWGU4MGZOTGFILWEyTHppSUk?oc=5,News Arena India,"Fri, 23 Jan 2026 10:10:23 GMT",2026-06-14T20:34:12.459383,job_scam,True,False,candidate,https://newsarenaindia.com/states/birth-certificate-mandatory-for-schools-jobs-in-nagaland/68196
job fraud Nagaland,CAG reveal Rs 68 lakh irregularities across 10 departments in Nagaland - MorungExpress,https://news.google.com/rss/articles/CBMinAFBVV95cUxQeFlJMTc3bWQzR3NnV0tNcVhWSnczY3BrR3AwNHM1MEJLblowZ3dJV2JSM0xRQ2FIQ3ZNWjZBeDFhTVJYakhEZkcwNVQtenB4MlczMlY1dGh3RS1yVjZ5Ni1jTUxqbDZNRUFSX2FiZzRraHlkaDdUdXdLVmE0MlVhN2xWZmotc1JkYTQ3ZElpc1NobVZTQWo4dm9yVzg?oc=5,MorungExpress,"Fri, 27 Mar 2026 17:30:38 GMT",2026-06-14T20:34:12.459420,job_scam,True,False,candidate,https://morungexpress.com/cag-reveal-rs-68-lakh-irregularities-across-10-departments-in-nagaland
job fraud Nagaland,"Birth certificate now sole document for admissions, jobs and IDs in Nagaland - Eastern Mirror",https://news.google.com/rss/articles/CBMiswFBVV95cUxQLXdnY3lqSU42bzM3RExFTFN6OThEVWpfNEJqdm9LTmxxN2VrdW03U29PMWFrN0dWUFhxWmlTYXNsUUQ2d2pVaVJIdXdjMGhVQnRYUjZYazJVS0VlRHJ0UU5FbXRUY1V0c2hSOV9ad1ZMZzc0UTROVG9nZlJjOU52UlJ4U242dGZHTDRkOHZ2Y3p0RFRKYzR4MEtCRnlxbkFLRVRlbzlMTUFzVWtxNnZINzZpTQ?oc=5,Eastern Mirror,"Wed, 21 Jan 2026 08:00:00 GMT",2026-06-14T20:34:12.459445,job_scam,True,False,candidate,https://www.easternmirrornagaland.com/birth-certificate-now-sole-document-for-admissions-jobs-and-ids-in-nagaland
job fraud Nagaland,"Nagaland: CAG flags INR 0.68 crore fraudulent drawals by DDOs, treasury officials - Eastern Mirror",https://news.google.com/rss/articles/CBMitwFBVV95cUxNM001WHFYaWMxOFRXT2xRTjl6NE0zbjR0MU54ZkhhSHNiM2lrQVZjdVVncVZvQ19pai0tbllBQ21JeHZOUDlkbmJFel9uT1V0N2dzejJQd1NXR2lvZldLT0xOYmZ0Xzk1ejdEdW9aVDdkeE1La0dIaUpFczROX19xTkp3OTBNRmRlTm9qMkl6UGtMNEQxN0ZZRXBmaXE0Y3l2RzRxZVg4LVd3aHpKX1FpYmdpbldsNWc?oc=5,Eastern Mirror,"Sat, 04 Apr 2026 07:00:00 GMT",2026-06-14T20:34:12.459483,job_scam,True,False,candidate,https://www.easternmirrornagaland.com/nagaland-cag-flags-inr-068-crore-fraudulent-drawals-by-ddos-treasury-officials
job fraud Nagaland,Nagaland: DNSU serves 15-day ultimatum over ‘fraudulent’ indigenous certificate row - Eastern Mirror,https://news.google.com/rss/articles/CBMiugFBVV95cUxOZ3FBY19UU3NYRjFSWWd6VkZreXFuLUpBMGxlOEY4clFLMzU3QVVQYlV0eVJia1RwNVpmZVhVV3FmRGtsWmJ5NlZpa0lVcGRSaFJHYzRlRDVocjJlLXhFNHVKNDk2OUxXZ0RDaHRIdXJBU0xsQjN6TkRBMkRkM1drVlBJaE9Hc2o2Nk00QXU1eFlPLWtFdkJJd0VJc0FmZGdtTFNLQkt5ZjBFU3ZibjNuQnI2RlR2R2xrMlE?oc=5,Eastern Mirror,"Wed, 01 Apr 2026 07:00:00 GMT",2026-06-14T20:34:12.459496,job_scam,True,False,candidate,https://www.easternmirrornagaland.com/nagaland-dnsu-serves-15-day-ultimatum-over-fraudulent-indigenous-certificate-row
job fraud Nagaland,Neiphiu Rio flags ‘ghost pensioner’ menace; Nagaland Police revamp pension process - Eastern Mirror,https://news.google.com/rss/articles/CBMiuAFBVV95cUxNM2VzbmdtR1hIMzVNeTVWc21vaElKcmh3bmFlSko4dWhrRXVya0xCaUtVN0pPTHh5QnBjSEJ3cnBwNm5GaGpIY0swaUxIRnNqeGNGM3RkUHZFRm1YdnBoQTB4UXBDbzlJY05XSFpwbjRRWWhYTEFYSGhyRjUtRzV5TkdhLWE0Rnp1SDB0b3hZX2ZsbEJhbWc1NUFaWl9HZ0xodTlhX1Q3UE1YQnRHYnZ2c0xOWDd6TDN3?oc=5,Eastern Mirror,"Fri, 12 Dec 2025 08:00:00 GMT",2026-06-14T20:34:12.459508,job_scam,True,False,candidate,https://www.easternmirrornagaland.com/neiphiu-rio-flags-ghost-pensioner-menace-nagaland-police-revamp-pension-process
job fraud Nagaland,"Nagaland, Arunachal have lowest MGNREGA wage rates - MorungExpress",https://news.google.com/rss/articles/CBMihgFBVV95cUxPcF9vZnp5dV9RNUkxSkktMTRlellaNE5wOWlaM3d3UFQzQ0hReFIyNlNWRVJVTG1iV1hTYmRTSGhLQ2NUZGZhT2tSY09jTll5RXlZLTN5ckRfbTd3TWN0WmlJLWxFTG16NEdtTXBqM0g5a2RPbTJOQlVmOVVjSU1uVzNwb2NxUQ?oc=5,MorungExpress,"Mon, 02 Sep 2024 07:00:00 GMT",2026-06-14T20:34:12.459642,job_scam,True,False,candidate,https://www.morungexpress.com/nagaland-arunachal-have-lowest-mgnrega-wage-rates
job fraud Nagaland,Ranji Trophy: Shrikant Mundhe's career-best 207 drives Nagaland forward - The Times of India,https://news.google.com/rss/articles/CBMi5AFBVV95cUxOal83ajE2X3ZEY3VqUndnVW51ZnQ4MkR5aS00MlRVQkFOMk1jLWtucHU5M0tyVlBXaWNzTmJrbHlNbk1sOUs3ZlBlcDNFeng2N3R6ZmJNTXFKVDVUUlA3QjBjc25Nd1EzSFRBeTZhZUM4aXNEZkhoWmY1bjNENGZpQjRWQkZGdFhZUWFjSGxxWHVqdTViYVFpY0ZSek1QWWJKakZuS3cxLXduc21FeGc4b2NGaXFDdTFsT0JfUHpoaTFnTGE0Ump2T3c1aE1KeVlmeVU0bTF3eFBuUkhHWXlMem5iTkU?oc=5,The Times of India,"Fri, 25 Feb 2022 08:00:00 GMT",2026-06-14T20:34:12.459690,job_scam,True,False,candidate,https://timesofindia.indiatimes.com/sports/cricket/news/ranji-trophy-shrikant-mundhes-career-best-207-drives-nagaland-forward/articleshow/89832497.cms
job fraud Nagaland,Monalisa Changkija put Nagaland on the media map of the country. Her work made many unhappy - ThePrint,https://news.google.com/rss/articles/CBMixgFBVV95cUxOMGl3Z2xqWE02dGpDcWNkT0J6M2t0MDR0Nk5OUDFWT19oRUFEVTNTdElRanVmNDZaSmNPUmZyUmlYcnd3ZUJIQ05WQnNFUEVlbzdHS0twaTFBSW1hSHNEdVJZdGxjREQ5b1BaaWhjc0RrckJ6MzRQOTVBRnJFOVdoTWxkXzVKbmx4Zkt6MXJPbUw0MktxLUhobmI2ek11NGRJSV9PNWFZVjk4Nm1xbUQtZTFXOTcwcmptcndNZnp6MVRNb2dobEHSAcsBQVVfeXFMTUlBeFM5Z25OT0JWZFRFTEVlb0JzNzNfYVVyU0dYODFhVmQzTHdlYXlkeWt0clllTUZSb18ydTVXU2tKMTBSelF3Nl90d2xnQ3lpVnlDczJRRWdUbHVQTXNHdjFOR0RsX1hMMHZrUHcweEJGQmxuRUs1R3dVUkMwUDd0eXZaY3kweGlfaFZ5T2V1bmR6elhtcXZKemdlbnB2R0lIR3pZUjFhTk9RdDZiRGs0YXhHck9QTHE2RlR2R081UkdkaHZfWkI2ZkE?oc=5,ThePrint,"Tue, 14 Jan 2025 08:00:00 GMT",2026-06-14T20:34:12.459714,job_scam,True,False,candidate,https://theprint.in/opinion/monalisa-changkija-put-nagaland-on-the-media-map-of-the-country-her-work-made-many-unhappy/2444658/
job fraud Nagaland,"Nagaland Hornbill Festival Marred By Tourist Criticism Of ‘Cheating Hotels’, Cab Drivers; State Refutes Claims - Swarajyamag",https://news.google.com/rss/articles/CBMi0gFBVV95cUxPWWY0aDBLQWJIa1B3TGlXdDczRWlyVE41NTQ2QU55OTFwWmtsT1NLX3NhVmVxQVhjUUZobFB2cm1EM3l2QmZmYzdybmZ0XzdNZEVXZkVwbU1qY1QzanlmTjE1dXlzQjZDLWRkeXRmbXY0cDE3QXJSN3IxTFlzOHBhbDFVNVhxSVFFS212QUxxRUpVdlVGVTNQd0lBU3o2ZVRVc20zYzVkVmlTNWFmVlNPdVhHUzVBN1lPVEhxR2hyN1lYZ2VBeDNKX2ZZOXRpOVdGalHSAeIBQVVfeXFMUHRNYWRmQVFlRkFKWk9sVlpaX2p5UkJCWk5zel9QbmNFdjlzWWl0Z2VqSmZHVUNfcmtiYmtsTTl1ZXdzenFNX0ZvT21kOF9MS05KbnVLNjlHcGF6S2V1QUpuTFBIN1NkaXRqbXpZYXlJbE54OWpJTDJDblBLNjMwR3BXaEp6SzlxNjlEQnBZbW9Fd19rYkhxZUx5QmVZOXZWTUxud09JanZkQzl2MFVZUVNtRDdSSDZoVlRoSjdvV0I1WUtubVJMVTl4ZmNmX3NXS1hHdUkxRHJJTnF1SFp3eU51Zw?oc=5,Swarajyamag,"Mon, 10 Dec 2018 08:00:00 GMT",2026-06-14T20:34:12.459780,job_scam,True,False,candidate,https://swarajyamag.com/insta/nagaland-hornbill-festival-marred-by-tourist-criticism-of-cheating-hotels-cab-drivers-state-refutes-claims
job fraud Nagaland,Over 450 youth registered under ‘Nagaland-Japan Connect’ initiative: CM Rio ​ - thehawk.in,https://news.google.com/rss/articles/CBMiqgFBVV95cUxNNWpWeXEzMWxBYkQxMVNaOHdPWGFwV2RFZTRvTG1CT2stbTBxd2I0aWtWeU5IeUM2bmZGZmhjelFXdm5xX0E0VFctbU5PTWVOeWp4RW9CTHUyOFNRUTRtUjJjQnR4SlBLcVNIWHZ1c3V0V0o4ck5WNU5WYzNnVmJiaHdiSlhLUFlEMGQ3RWdYdnB2SWlqOFBwaEpKVWh1Ul9LdDdaT1RmS2o5Zw?oc=5,thehawk.in,"Fri, 10 Apr 2026 07:00:00 GMT",2026-06-14T20:34:12.459833,job_scam,True,False,candidate,https://www.thehawk.in/news/india/over-450-youth-registered-under-nagaland-japan-connect-initiative-cm-rio
work from home scam Nagaland,"PHED Nagaland clarifies on JJM implementation, refutes scam allegations - Eastern Mirror",https://news.google.com/rss/articles/CBMirAFBVV95cUxNdmZMZzVEaEJBX1hkUGt4dzJWM1VqcE1UUEt4QXRqR2hqRkRBNndCY1hYbkF6TTdEbkNZQkowWlVIQ0lUaEwxNUhnbDA5TG1tZC1JQ3V3SFlNSXhPY1h4aXdMTHNsR21YY0pwWlNmemhrZFFkcDJhRGtaZkpBQ2xnMjNETVB2SmowTXhUZGRQRko2S3lJUm9pZUlheVZsU2pkTjk0QVJncFVwbjVV?oc=5,Eastern Mirror,"Sat, 09 Nov 2024 08:00:00 GMT",2026-06-14T20:34:14.345379,job_scam,True,False,candidate,https://www.easternmirrornagaland.com/phed-nagaland-clarifies-on-jjm-implementation-refutes-scam-allegations
employment scam Nagaland,"Nagaland seals key Japan deals to boost youth, jobs, and global ties - India Today NE",https://news.google.com/rss/articles/CBMixwFBVV95cUxOMnNmY3dYeWxrMGtJekF4VElBZWpVUlJPczYyXzFnQTBDQl9HNGtya3RKOWEyV1JpaktnUmpiM2FBVU9KU2Y3MmZhRGRWY1k5OHVqQ3NHczlERmIyV3RBdVpfemdKVFBmTExpRXFqWWxxVXBMTFltN3B2RE9oNmtXbElOOXhkcFVtNU51NU1ic3VZUFBpbDZNTGFVcWtZbm9DeV81amxjQXU2Y2daT1lSdEFXMHVqUEZPd0ZlSHNPMmhHTDNSRXo40gHMAUFVX3lxTE81WTBCajY5a28wQVhMMFdUeTUtNk95MjRxS0lsV3lHblN5RUJFZ2xuX2NRZThHckZhM0ZaeGpUWHkxWkh4QjYwUGxITEkwOXptc3JxZldtTnZ3bUNwaW1lNjgxZ3VzUFQzbHFuNjlGWE52d21ObWlqb25nM0RGbmZ2RF9NLVlIbVVGRmJ4eWlDTm5XbXBFRDV6QkpYb2FhWHQyaE5PZ1pNU3VOa0FQNGV2dDlwWGhTdHp2WmEzTXpfX1kyLVMwRWdCVW14QQ?oc=5,India Today NE,"Tue, 08 Jul 2025 07:00:00 GMT",2026-06-14T20:34:16.281034,job_scam,True,False,candidate,https://www.indiatodayne.in/nagaland/story/nagaland-seals-key-japan-deals-to-boost-youth-jobs-and-global-ties-1241519-2025-07-08
employment scam Nagaland,Nagaland group announces stir against job quota for backward tribes - The Hindu,https://news.google.com/rss/articles/CBMi0AFBVV95cUxPZE1aSUNBY2xxbGNseEx1UTI3UlkyQVdKYkJSNVEzX1c2dkpfdXk5em5wbDQ4SEhVbzBFVXg5dVF4RWlIVkU4WVoxVjE0amNmRVNRdEc1UHF5aFYyRmgwT3NFamx3N0h2UUFWdERxajJEQnQ2dWR0bEt4N2dna1JFVTFkOGpxUHl4N01qZy1sRFNyZllHQXhlckRwYWYwWm9BQ0ZPa3M0cVY2RmUyRUY4SGRSYURESmZ6c1laLS14MHptREFlOU1BNUtJY1RVazF60gHXAUFVX3lxTE1WWkhCZFBHYl9iRFp3eTctSHFHME4xWllFZHUwcXItUDN5N2Y0VkJGQ1ZrZFBPMlF3OUI0NzB2OW0wT0t3WjNCSTlWall4d05PZXpkUU1PaTUwTkdjZElSM011QlBZXzVRUi1YR3pRcGdBN3pnTWxJWDZ6MDQzeUprZW9naHdkZnd3eU5LNzk3N0ZKa0ItZ3NOUzR2bjNQeTRYQlptSDBxQzZPZVpNWXVkTVFJa0s5VkFySTlfN0p1VExoT1JEdnVXQ1pHekdDQmVPa3g0WXY0?oc=5,The Hindu,"Sun, 25 May 2025 07:00:00 GMT",2026-06-14T20:34:16.281145,job_scam,True,False,candidate,https://www.thehindu.com/news/national/nagaland/nagaland-group-announces-stir-against-job-quota-for-backward-tribes/article69616983.ece
employment scam Nagaland,"Punjab Police arrests 155 employees of fake call centres, Nagas believed to be among arrested - Nagaland Tribune",https://news.google.com/rss/articles/CBMivAFBVV95cUxNc2JSS1JKbkNIb0NRN0VoSmp3R3hZeGhOLWRMWkZNaW1WbmdTbGJqZExiRmo3QnBzQWhiZFhhZlpRMDVrNEZjdDNDR3hIb3l0VXEwdHRPTmUzY0FZTEEwOWliQlgtN3lJMk9uTmNtSGgtRXlyZWVwTmYyZUJxRDUtY1NQSlZUZElpZFVESmZJbEZRYmlHUWNYaGJjNXZFdHduUEpybkxYU091c3lzU3BrazJsa09nT29TcHFNdA?oc=5,Nagaland Tribune,"Thu, 23 May 2024 07:00:00 GMT",2026-06-14T20:34:16.281170,job_scam,True,False,candidate,https://nagalandtribune.in/punjab-police-arrests-155-employees-of-fake-call-centres-nagas-believed-to-be-among-arrested/
employment scam Nagaland,"'Earlier recruitment processes were opaque, now only transparency': Assam CM attacks Cong - Nagaland Tribune",https://news.google.com/rss/articles/CBMiswFBVV95cUxQX1VTbHNfVFZJY3pKb1JiVVJXb0NZU0tER1hDd3pVZUdDUHVBTk1KSThnWFowUHhBN2tENllRSHJPSGVhVlNxMFQzLTJTc3JQdTlidHNQcUk0RzdKcmM2d1A0NjRDOHU4QUtlZXRzdkdHY1BzeHNMQUJyMWZHRG9ZOFM1UGNXYVI0SkxaR0Nrc3VDcnFpMHJhT0pUeUxESWpScW5Cend3VEktOXBPb3U0TFF0VQ?oc=5,Nagaland Tribune,"Fri, 19 Dec 2025 08:00:00 GMT",2026-06-14T20:34:16.281251,job_scam,True,False,candidate,https://nagalandtribune.in/earlier-recruitment-processes-were-opaque-now-only-transparency-assam-cm-attacks-cong/
employment scam Nagaland,220 cases settled at Nat’l Lok Adalat in Nagaland - The Times of India,https://news.google.com/rss/articles/CBMiwgFBVV95cUxOT2dTalBfRjE1cDIxVjVLN1haVU9rMFl4SEMxZjFBYnhDRF9QbmQ2RUNvR3hVNW9hQmRHeWtpZnVJbDlyeTMxNFpqeVdaMk1USWttY1FlR09vUnk5OHp1RmxtVHQ5Vy1aZjNNdkV6cjRkbkQyRFJZVnhyUFhiSXloeVBrUFliMkhUM3d4ZkVsaTZWOXlnckJKTlgtSTB5V0lYanV3VVRCRTY0OVRNaWRnVmVBTHJrRVZ6ODZOX2h0ZGNQZ9IBxwFBVV95cUxOckF3elpYbk1zTTlNQlluOWREZVVMTWZPLUpaTXlPY3VzSy16RWNhVkVrMmxxV0x1R01tWllIYURvdGVCa0xTcFRaWllaMEQ2aHJzM0wzSmtOZ1p3OTlHdkVEUS1wSzBvU1ZxcFFXTWFhYmo3amVZVmRlenpmMzVjSWV0Z2QwSm82NUR5ZUpVeXVPdXZmZk95ZXhTaGJhVXJVMWxNOGtRdDVvODRfUERkQ190b1pCSm5qQ1J2TnQ4M2l0Z21fbE5R?oc=5,The Times of India,"Mon, 11 May 2026 07:00:00 GMT",2026-06-14T20:34:16.281274,job_scam,True,False,candidate,https://timesofindia.indiatimes.com/city/guwahati/220-cases-settled-at-natl-lok-adalat-in-nagaland/articleshow/131021844.cms
employment scam Nagaland,Eagle Crest Training Institute hosts welcome program for Taj Mahal Palace Mumbai - Nagaland Tribune,https://news.google.com/rss/articles/CBMirAFBVV95cUxQaTNRN2JTSVBxeDN2bXB3aTVoZkV0YmJxaGhnNkFxb0o4NXNfZFlxZjR5LW9tdGo2NWhZRFUxSXBRNjJVTXV3VHFGWk10ODdEMldZQU1MLXRWbTVPV0g3c1R2RC0ycWVVdm1Od195em5hMFFjcnZPcEx5WmpfcmNCSWZNZzJnNVgyWUIxcEFBeTV4N2R6NENjS3VqdFI0UFR1UE1aaWJUSUtpN1Bp?oc=5,Nagaland Tribune,"Tue, 18 Mar 2025 07:00:00 GMT",2026-06-14T20:34:16.281331,job_scam,True,False,candidate,https://nagalandtribune.in/eagle-crest-training-institute-hosts-welcome-program-for-taj-mahal-palace-mumbai/
employment scam Nagaland,Weapons purchase scam using fake licenses exposed in Surat: Licenses created using forged Nagaland document... - Bhaskar English,https://news.google.com/rss/articles/CBMixwFBVV95cUxNOWJXUkNWRFNEeEtCUXJiQm11cEg0MjNPeG4yMDVqcHpteC1mTUFGa1dVMC1mMDBXQXBOdlBtU21IRGVpXy1qdzlaQ2FqQlAydW9jR0NucWJ3XzIwRHhDeDdmZjJQSVpKTmdjUG1FWUd1X1ZrSHRGanVXb2lRUGU4NW1iMzR3cXhsRWNKZVdzRDdwNHl4eDFmQ2xSQi0xMEFzbWIyWmlKU0N4YmJleTJlYUg2cXdUVkhER3RMNTBYLVJWQ1Nxc2ZN0gHMAUFVX3lxTE41Unh6VDEzVDBKYTg4bUJ5bk56Vk5ob2lPd1dxTGdNUWV3aWNoem5aWHU4d2Y4M2tyZENuY1ZRYi1FQlRaNmdDbFRnYUlkejF0Y1gzNjZacVJ6Uk96YVEtdjJ1VHhCdW5mcFY3c0ltZUZKMUZXb0ZTWFNzbXFFeVpzSThFZXk5LWNDZHRobWNKYXl6V2RPenBRWnlCWXdHNVdfWExOUUlIS2dYZWJCUUktQ19ieUtrX2M3SFVqOUFsV3kzbkxwZU16TFZycQ?oc=5,Bhaskar English,"Wed, 09 Apr 2025 07:00:00 GMT",2026-06-14T20:34:16.281354,job_scam,True,False,candidate,https://www.bhaskarenglish.in/local/gujarat/surat/news/weapons-purchase-scam-using-fake-licenses-exposed-in-surat-134809125.html
employment scam Nagaland,Nagaland Assembly refers GDS recruitment in postal dept to House select committee - India Today NE,https://news.google.com/rss/articles/CBMi2wFBVV95cUxNeS15a1pfWTVhNWIzdThBVW5fLXByM2VROVZiaHVub19qbmtJSUJZMjRjOTgxYUhHbTJkQkJjWVY1WE9fY2FOdWpHdGh3VnlESm4xLUNMYkxRUE5hM0wtcndtQUxIY09MeHJablM1UG85aERveEVjeGtuWVZyekp3ak1LV1libVdDT3VoWVpaNHg3TnVaeURBR29XUkNMbEJ3eHFMY2JIQ25fQjY4Tnpad0JOYXhWd1hkelBHVThLS19QYTA5Mm92cGJTWmlsU3dOdWJkX2hxQnpmSzTSAeABQVVfeXFMTXhXRXhHVkJfZ19wOEFPd3FrSDdHUUpVQ3VKMmd4dkNkNGJ2ZmFHTzhVUndncngxX3ZqNFFzd1NmLVdCdjA3aXNkRHFiSUFHVENzcnd4Z2NhUkt2OG0tT3BLYkJDcDg0TlQ0WGxMbXNibVltQ3Q4QlFxNkhYcHVzUzZhLUtYQ0d6Zk0yMXM4b2J2ZVZXUWUzTUR5TEtVSFZXSFo1OVktcmplRmdhbWY0OHBFaFdfYlByTFRoZFBVdTRxLWNwQm9wWHhDUEhoN3R2N1d4UXhUa01LNHhJeUhYM3g?oc=5,India Today NE,"Sat, 08 Mar 2025 08:00:00 GMT",2026-06-14T20:34:16.281422,job_scam,True,False,candidate,https://www.indiatodayne.in/nagaland/story/nagaland-assembly-refers-gds-recruitment-in-postal-dept-to-house-select-committee-1180886-2025-03-08
employment scam Nagaland,"Rubber Board, Nagaland Government sign MoU to set up NIRT Nodal Centre in Chümoukedima - India Today NE",https://news.google.com/rss/articles/CBMi4AFBVV95cUxPWE9oNnBpUUtuX3cyaVB0M1pUcVBBSkR0VkhVNHlVbHAxb3NZcDZkNjB4T3hnR1pCS1VpaXFGMGM0RTNmSldaT0NMUFc3YnphZHhQT1ZieWRlTFR2YUdQY3hNV1pfQU5fNEJGY1N2NFBqemhTMFBuQlpZQm9RQzdqSmNwWm1GU1NIcVRqeVlqdGo5UEdKU0lNRlV2UFJvbXlDRGRkX2REalhkcTRqcFB1b0s3enVBVDhZVXRKY0QtZEVsdV9vVk9ianZmdk05VzNSMU1VRDhQMC1xejhfV3ZzctIB5gFBVV95cUxQWDFTcGlTU2ZaWURvZjRmVy1KSkh0bGtnLTd6SDRGUzBIbWkzek85c3dtZTRhQVRaMUJ3VkQ3VjBGbF9oaVp2RVIxQnFTZDFFLTBGQlBBeFB3aWliblVPZVByLUF4anNOUWlZeGtHQ0FUcnp2ZmljWmpoSVhpY3FUclRScVMxVjVydnFFdWs3WHdIYmRBbksxNGZpWDktTWV0QnR5cUhLLU5sNDVVYnQ5bVF5aFB1aWpic0ZkcGhJcHdBemhHZU5USG5hWGJqY29pSUx6dE44S2NMMmpOSEhRa016NHlDdw?oc=5,India Today NE,"Sun, 11 Jan 2026 08:00:00 GMT",2026-06-14T20:34:16.281457,job_scam,True,False,candidate,https://www.indiatodayne.in/nagaland/story/rubber-board-nagaland-government-sign-mou-to-set-up-nirt-nodal-centre-in-chumoukedima-1329682-2026-01-11
employment scam Nagaland,2 kidnapped ONGC employees rescued after encounter in Nagaland’s Mon area - The Times of India,https://news.google.com/rss/articles/CBMi2wFBVV95cUxPNTRhdzBJbFo2VEw0RGdpeTFsSUlmQTBZQTkwNG9WSkpUS3hTcmlUTmRIM1dvMk1URTZPd0QtV0JOTWpWcERuMS00bzkwQ2xwcFNwLW5VVzBlY1RwTHpnUEhYeGV6SjQxM05DUHU3Rk4zS3Zjby01aGlFcy13anhzN3NjWElqbk52VGcxQzBmLTdSOFRMTUxjenpKSzgxTlE2TTJSeVh6YXlCckdxMU1qMzg3bEUzVXBjU1JfUkJWdU9ibVdfM2VtZExUN3dGZFhUY09LM1d4cGhrcGfSAeABQVVfeXFMTlc1RzM2Y0ZfcFIxa3A5NHV4aEFsYnY0b1JkR0E5cVdqZ0dtMFUyOWdwVnFXaGJIVERVSUgwMlRCVWdQSl95ZFJtQjQxejNJdUE2NldXb3dmVFczSUNsVnJxanZWd3hrZVFRZ1hRRktXMTdsUURNSThfVkFMblVhU09UQk54ZU1iWTFTUDQzdXUxM2U2SmtNcGcxYzVtT0Rpa1poVzRmTVd5VEc2MlhONjV0V3RkZEFYdHpCXzBQVTRxX0Y5NUY2QTAxOTRqNWctU1Y0Z21nUE1tVjZOTDZvYUo?oc=5,The Times of India,"Sat, 24 Apr 2021 07:00:00 GMT",2026-06-14T20:34:16.281480,job_scam,True,False,candidate,https://timesofindia.indiatimes.com/videos/news/2-kidnapped-ongc-employees-rescued-after-encounter-in-nagalands-mon-area/videoshow/82228597.cms
online job fraud Nagaland,"Winners, welfare and risks: How Indian lotteries really work - Moneycontrol.com",https://news.google.com/rss/articles/CBMisgFBVV95cUxOY3ZET3QyQTJ4bzRPeHV5cVJRbzZZZUI4OEpmZnFnS2NRNnhfRmE2QXBmRzY2TElxeGJiOXF0U2lXclhJdGRYNXJiM2RpOFJDdmpEVE5pVVM2azhnMDJFZFUtamswUzgyQ3lvZlRFR09BbGJDVW9mRnhueEdUZHVPa25sU2w0VGQ5YWQ0VWx3NEgwZF9Eb0U2NjVRQlNIbE4yX05BXzY0bXBXMDIwRnlQNkZn0gG3AUFVX3lxTE96NnZrSHVJTW1nNjNkcjRBblJ6MnpDQWRTeDlpSk9iZ0pUYXJYalMxTWZ3SlZFQlVSeDRTelRPRkV6cUV1SWNWa090bGRqSHpsbVJ6aW5hcjNLVWpXcFduRTNENXRvVmJzMDZrbVBsN0pDejhXVzZSWThnbjQzMlp4cUV0WS1lTWhCWjNkZWVGRldlUDJ4bU9mSkRsUDhUc3ZfdVZEYVYzUmlaTWdBbUdwSjVjQU5kMA?oc=5,Moneycontrol.com,"Tue, 19 Aug 2025 07:00:00 GMT",2026-06-14T20:34:19.502155,job_scam,True,False,candidate,https://www.moneycontrol.com/news/india/winners-welfare-and-risks-how-indian-lotteries-really-work-13467194.html
part time job scam Nagaland,Victims’ need for money helps scamsters - Deccan Chronicle,https://news.google.com/rss/articles/CBMipwFBVV95cUxQMGR4bkl6N0N1OUFNc2R3M2FLMWZ2NmZUQkd3N200dG1hTGtGNXM3TzQxMHJhdFdxT2dzc05TM2lBMkNuUDd2ZXB6TWFJRlEybWVCZkZraFV1R1VlNmpUT0VYTWFqcklWTzhhSVRkZW1ZTVVuRVNJOFE4YUVWTUZSWnVVZlZTRDZRZzVhS05QX0NGX29VNWljODFlT0RNVUpwZ2FseU1sRdIBrAFBVV95cUxNRnRwUkVBMWJHbzFBbldYOWxJUnhCWDVtbFNmdHB2c0JfZEZHS0ZGVXNpVUE3dEpPaGo4NnVXQm9zTlpBQi13eGNfYnV6cEU1T1o1SXpIOFhscVM2V0dQVEQ3M3V3WGZBcFpaYmRVcjNkUzEwYUR3N0x2V1cwdGpldzVIazJsa3ZPU3dfNWhXQlhJSTFJZWVuWEJ6VzBxaEp4MmpjMGRXVGx4dC0w?oc=5,Deccan Chronicle,"Tue, 25 Mar 2025 07:00:00 GMT",2026-06-14T20:34:21.442424,job_scam,True,False,candidate,https://www.deccanchronicle.com/southern-states/telangana/victims-need-for-money-helps-scamsters-1869004
part time job fraud Nagaland,ED Arrests Two Chartered Accountants in ₹641 Crore Cyber Fraud and Money Laundering Case - A2Z Taxcorp LLP,https://news.google.com/rss/articles/CBMivAFBVV95cUxNakRwQ3VGUWw0dUdPY3BRTDFaQTI1dzVjdkRUa01LanpSOWZaMERiZXJGMTY3WkFoRUY4NW1qVzhmR1owMnVDLVFjNHhMSlU0X0t4a2dJX0lBRFRVOXY4Sjh3SWNxeV9KN0dVOWJsYUtPb0dLOFFhbVUxeUNGc2JiWlZGakl6dTYtUk9VRm00THpJRklHNW9uN2FxZi1WbzB6bjRyTVpkd0h6ZHBQc3BPMjFkSmlwTmNyZW9hcw?oc=5,A2Z Taxcorp LLP,"Sat, 07 Mar 2026 08:00:00 GMT",2026-06-14T20:34:23.350227,job_scam,True,False,candidate,https://a2ztaxcorp.net/ed-arrests-two-chartered-accountants-in-%E2%82%B9641-crore-cyber-fraud-and-money-laundering-case/
loan scam Nagaland,"ED summons Anil Ambani in Rs 17,000 crore loan fraud probe - Nagaland Tribune",https://news.google.com/rss/articles/CBMijgFBVV95cUxQeXg4T2pXZEh4bnpOUWN5ejZLaW1GNnl1REJJMzRsLUZBRlVmNWVINzIzN3dJcmRSX3pwS0EtcGpDTkoyS1NzTnhDdUxPOERPSG1LcHE1blNWZjBZalBXOXZfcHktcFA2Tlc3Ym9sZnN4WTJPeTJ3aXFJVS05MVdUQVJwQWptWWQtT0t6OEt3?oc=5,Nagaland Tribune,"Fri, 01 Aug 2025 07:00:00 GMT",2026-06-14T20:34:30.737856,cyber_loan_fraud,True,False,candidate,https://nagalandtribune.in/ed-summons-anil-ambani-in-rs-17000-crore-loan-fraud-probe/
loan scam Nagaland,"After SBI, Bank of India tags Anil Ambani, RCom accounts as ‘fraud’ - Nagaland Tribune",https://news.google.com/rss/articles/CBMilgFBVV95cUxNNkdjcHJRZkg4SUk0aldyRFRuYjlvandHdEtMT0lpdFBVa3pDSVZ5dzZZTlV1VzRuVllhX2tDNnpMZmFwcUJxME00dXRweXQxb2tkRTE1U0N0TTdHR05nRUJrWnRRMlFaVllTclN6NC1EWXJqbDV3SEVDTUZObTVxZWVSc2tlMkNydEo2Nzl5M2hVQXNyR3c?oc=5,Nagaland Tribune,"Sun, 24 Aug 2025 07:00:00 GMT",2026-06-14T20:34:30.737883,cyber_loan_fraud,True,False,candidate,https://nagalandtribune.in/after-sbi-bank-of-india-tags-anil-ambani-rcom-accounts-as-fraud/
loan app harassment Nagaland,"22-Year-Old Nagaland Women Found Dead In Karnataka, Diary Alleges Harassment - News18",https://news.google.com/rss/articles/CBMivwFBVV95cUxNOW1GZjNNWjlKYUdfeEMyV1RLalVnU01VRU9SMFU0ZVpRX0pDelpCSWRrU3JwMmtfTHNES0FqdGJ4OWQ2MkNrTHZGWFZkakxoU3FaQjZuQkdxR0pyamdVWkpLSEUwWGtkODBCQ0lOT21fWU02eEJjNEl6NEdRQ0NrNFdBb2dDeVFuVnNYREhaczRUOTNhbm5ZMldKZDU5QmU4YWJ6cDJRYXhTcEcxQXF5U2lnV0RCOXE3M3FseEQ1b9IBxAFBVV95cUxObjdfYVc0aVlCYm5nWVQ4RENNRmxLSzNQTnYzaEI3SFpUWTcxRXJkakpHOG5tSThiZWJqbF8tdjk5d1BYVWJoNEFGRXZwbzlTdU12eWVOeFFKUGVJZGVQOFY1QTktUXc2VU1PN1VraEdZbkJNRmhUZXAtRm1IN0lXQmdHYlBZMFNJV3prLW5xSWxpcldISVFSa2xFRlozSGNpVENkUTczbUNwS2ZjdEpVYldRX3JBSzhsT1REM0p0eW5VX1po?oc=5,News18,"Wed, 25 Mar 2026 07:00:00 GMT",2026-06-14T20:34:35.599689,cyber_loan_fraud,True,False,candidate,https://www.news18.com/india/22-year-old-nagaland-women-found-dead-in-karnataka-diary-alleges-harassment-ws-l-9996891.html
loan app harassment Nagaland,Nagaland Police form SIT to probe IAS officer in harassment case - The Economic Times,https://news.google.com/rss/articles/CBMiyAFBVV95cUxPczRIdlZ5dGV3dVdJS0F1UWMzRVJxWG1UZUFoZ2lLM0VYWDRZam1WMGlGa1FOc2JidVV3eEZXTTNxQzZXcU9GVnpicEhNWVI4bDlTQ2tvUUJ0VVBrVWx4Ym43TEhOcVdjaFRMWmF0c1VjTDJXWEhyV2E0Q3oyLS11ckpLM1lNNGtkT1RhX2t3V1Nuc0pWb1JlT1VsU1FXc25BOFZyQXRKYnRlaHRJZm54RWtmbm1SMlJLS0JFVk02Vy1ZOGp6ajgyeNIBzgFBVV95cUxOYkxhUU1JMzF0WExDZWpicFotUGQzYmhwcWFzUGlza3hINW1kOFIxS0g1elctOUhPdk1VbkE2MVd6TldITDdmcVZqMmVsa19rU0RBX2ZJUGtHNEp0dVlTUGZXYjg0RnlxTVVzMXd5U1dhUlFtUDBJTVNELUhiOTdYSkZnS05UVzgtTnFOd2hkZWFCRWhnck0ydWZEcWxPNjdVcnJMREhtb3hYckZKYS1ENWRKNDNiTWdpTHI4aGs2cEhEYVM5eGJINW4xZmEwZw?oc=5,The Economic Times,"Sat, 12 Apr 2025 07:00:00 GMT",2026-06-14T20:34:35.599719,cyber_loan_fraud,True,False,candidate,https://economictimes.indiatimes.com/news/india/nagaland-police-form-sit-to-probe-ias-officer-in-harassment-case/articleshow/120236906.cms?from=mdr
loan agent fraud Nagaland,"Nagaland Police bars FIRs in routine loan, business disputes; directs parties to civil remedies - MorungExpress",https://news.google.com/rss/articles/CBMiuwFBVV95cUxQOGgzbjU5OWRaMndzQkc3NTJNenh1SldISzhZUGR5NFhYMFQxOXZIdC1sTGtfMFZQOXdackQtbEx4Vk4zelNKemRHM1VtTUIzUXoyRlRhRlJNdk02cTdLdmdfOFRKaFFTTG9BdEdCc2s1V0RvcjNrU215TUx1SkdFeWRkdmZmNE1CWFI1aVYzTjJoSE8wLXRUbGVlRjZoVjcwbXlVODRiWWZBYVltR2dFMXBrcjdZbUxGQTZJ?oc=5,MorungExpress,"Thu, 11 Jun 2026 17:53:16 GMT",2026-06-14T20:34:39.009045,cyber_loan_fraud,True,False,candidate,https://morungexpress.com/nagaland-police-bars-firs-in-routine-loan-business-disputes-directs-parties-to-civil-remedies
personal loan fraud Nagaland,"No FIRs for loan, business dues disputes without fraud evidence: Nagaland Police - The Assam Tribune",https://news.google.com/rss/articles/CBMixAFBVV95cUxPZi1FbktMR3Q0U0NXX1FEYTAtYzNSaXkwVW85TE1wYkZPb2NKb1Z1VjZUWlVCQlJYZkdLaS1KRXNQVWJZMHdNYkEtbUVYNTZnTkM0OVI1NjBlZWJIeEJHVUdUWEpNemFpQjgyZ2Vuc2tQTGlIaU9Kazk0UWg1NXRyX1BTRFdXaGZkVVdqUFhSQTU0WFRsYTZySng3Qk5YSjRudm1kaDNjNWtfWWs1RVpzcDdJeFJfb2l2eEFaclZLM3BfZDdq0gHEAUFVX3lxTE9mLUVuS0xHdDRTQ1dfUURhMC1jM1JpeTBVbzlMTXBiRk9vY0pvVnVWNlRaVUJCUlhmR0tpLUpFc1BVYlkwd01iQS1tRVg1NmdOQzQ5UjU2MGVlYkh4QkdVR1RYSk16YWlCODJnZW5za1BMaUhpT0prOTRRaDU1dHJfUFNEV1doZmRVV2pQWFJBNTRYVGxhNnJKeDdCTlhKNG52bWRoM2M1a19ZazVFWnNwN0l4Ul9vaXZ4QVpyVkszcF9kN2o?oc=5,The Assam Tribune,"Sun, 14 Jun 2026 03:58:21 GMT",2026-06-14T20:34:44.177329,cyber_loan_fraud,True,False,candidate,https://assamtribune.com/amp/north-east/no-firs-for-loan-business-dues-disputes-without-fraud-evidence-nagaland-police-1612716
personal loan fraud Nagaland,Why a Nagaland minister's witty tweet on population control is a getting a thumbs up - Editorji,https://news.google.com/rss/articles/CBMizwFBVV95cUxQZk9pVGdSdnU0eXJrY2FtVktmQUIwektxeENxWlhWTFdXd3FqdGlGWTBUYzY0TTEzbW5NMFN6ckNXWUNpUmQ3ekJfMlJNdW9BendlVDdZZmpYN0RZRlcwMlRUZ1d1QUhjdVNGZ3BWekQzdzdkOFZLdWN2NF8wUTQ4Skk1MWpfczZ3YmtSamFpSmIzRlpmWTBuc1BacU1lel9URks5eG9FTHE0V2l3TXE2VTBCOVdLbWtjOV9FSWs3ZkdMd3lndmloajVOUHpOWGfSAdQBQVVfeXFMTTY3WGNiY2lOcWNDbjZKN0FXTmFDSnNvZDBUR1loOExZMVhTYU9EdEpkLWZ3Ri1DSEloYUlNSmtuclJBUm05VERqX00yMXZja056MFRBUHBrZ1RxWE05VTR5cHY1OS1tSDA5YWN4RVdXLWI5ZmxFem1BeUVKRHV2aTBXSE56RVRGbUZqU2N5Yy1uSEJZcFRNRGQ4Qld0WVZRUnF0bks5ZHJkTUlvSS1CRjM2MzRjUkVCMUNCWUdTQXFUQzdMY1pJc3ZTVFAtU0R4OVBVZ3U?oc=5,Editorji,"Mon, 11 Jul 2022 07:00:00 GMT",2026-06-14T20:34:44.177425,cyber_loan_fraud,True,False,candidate,https://www.editorji.com/india-news/why-a-nagaland-minister-s-witty-tweet-on-population-control-is-a-getting-a-thumbs-up-1657557417481
home loan fraud Nagaland,"Two shot dead on NH-202 in Manipur, ex-Army man among victims; Ukhrul tense - The Assam Tribune",https://news.google.com/rss/articles/CBMinwFBVV95cUxQU3lUUjhWVDBlaHNNbVpmMlBkSW5MdHhIcUpKMUd5TFBnSy01aFNLU080ZW03WlBFSEYwMU5vcjY0ZkFNSWFvSEY2MHYzN1ZJNFloZUhEeEExX1lDSWVDNGxwbGJCYWxCSDFJN0VvS05jb040UnNPbV9yeF91TDFCTVlnTGZReEFacFlYeTNwSDZwM0xXZUJHV2hKeHNrdG_SAaQBQVVfeXFMT2Fpcmttd0JlbTJLb2JEY25ldEp1cng0dzU4M25kRWFXbkk3T1daM0hGT0lkMWtPaFRxclRLbXlxN2ljQ3FLWlJmRkhkWjVYbTd3TkxNOXEtUUFKZ08xVm1wckcteHl1ZVlaN2FwcXZGRnJ2dUV4MVZMaXRtN0J2MndRT01nY0w4NnlCcl9TSjlKTFM2aUJRblFCRVM4Y1o0QUdYNUM?oc=5,The Assam Tribune,"Sat, 18 Apr 2026 07:00:00 GMT",2026-06-14T20:34:46.047903,cyber_loan_fraud,True,False,candidate,https://assamtribune.com/two-shot-dead-on-nh-202-in-manipur-ex-army-man-among-victims-ukhrul-tense
insurance fraud Nagaland,District-level training on livestock insurance held in Wokha - Nagaland Tribune,https://news.google.com/rss/articles/CBMikgFBVV95cUxNemxfRGZ4SDVrUTNPTjhQcW1ZMzlIVVJLR1dkSWtHS2RBbk1zNk96TUdnNkZleE1YYlBHSVIxVW05Mmg5eXM3OUlGWURSVFVnX0ZsUmRHTDFJY3Bwa0lVbjVTdlZBeVYzUm5QRU9BdW5Lb0dQUHdvMVVlbTcxcFdvM0IyT1hsVFc5a2N2TldkSEhvdw?oc=5,Nagaland Tribune,"Fri, 24 Apr 2026 07:00:00 GMT",2026-06-14T20:34:55.072631,insurance_fraud,True,False,candidate,https://nagalandtribune.in/district-level-training-on-livestock-insurance-held-in-wokha/
insurance fraud Nagaland,"Rio inaugurates state-of-the-art Police Officers’ Mess, launches Nagaland Police Mess Reservation App - Nagaland Tribune",https://news.google.com/rss/articles/CBMixgFBVV95cUxNXzhQenJLS0pMZ181RlZINHlISzQtOVdXejFEeTdqeURGYjNnS3VmZFdUMWVWUHdKdDExSW1jNmRWNTlsc2lhd3hObVZMbWdrVENJMU1ZR0hpVDRMd1JaWEFncXNwQkdLZ09QVFZpY1RncjVmSlFDSmtUOEdaSnhhUVhXVVhpcjVFYkNXTWpyUkdDelc4aDN3N1ltVGh5eFQ5QjlDT09sQzlzbmQtYzVGejJKMW5jTE9XY0ZzdDY5a01XbjdUX3c?oc=5,Nagaland Tribune,"Fri, 12 Dec 2025 08:00:00 GMT",2026-06-14T20:34:55.072674,insurance_fraud,True,False,candidate,https://nagalandtribune.in/rio-inaugurates-state-of-the-art-police-officers-mess-launches-nagaland-police-mess-reservation-app/
insurance fraud Nagaland,KIKHETO SEMA ADDRESSES WORKSHOP ON CMHIS - DIPR Nagaland,https://news.google.com/rss/articles/CBMic0FVX3lxTE5SeERiQ1l0ZE5IOGxHZ3NmYzlEVTZWUVU4dnVLY0k4TW9mOVNCZm5yV0NLQTVxZkk4M3RaalhfdWhGZ29oZVJfQTVjV201MjZqN09lcWJkc1g0cVFZM1lZbGlQWUtsWEdMb291OE5DWHA2Y28?oc=5,DIPR Nagaland,"Fri, 16 Jun 2023 07:00:00 GMT",2026-06-14T20:34:55.072715,insurance_fraud,True,False,candidate,https://ipr.nagaland.gov.in/kikheto-sema-addresses-workshop-cmhis
insurance fraud Nagaland,Claim delay by FGI triggers crisis of public health insurance schemes in Nagaland - Telegraph India,https://news.google.com/rss/articles/CBMimwJBVV95cUxQT21OTHhOaDI3clFic2RCR2ZoUXkyY2ZRaTYyZ05EUHJHOXFMWk5femNhSVhDanFWZzRaVE1LN3A5cDRjV01NbFBNYWc2TlUyZW4zNzBEbWZualBmMHNIZVpKQmlkTENsclBfNmNrckh4UlBhQ0lHVVN3RmtXR1hoOHhjeDJRWlBYZlRpUzBsQW80XzVjaUVUYXVQdGVnYV9kLUFsbHkyOGppdEVyZjk4cFVETHdLejlaR2NqbGJaWUNYTGtSekpSOFRVQlg0Mi1RV3FITWxvS1VPOVdzQmRwa1VEbDZiWTVTTFMwZURnYVRhZW5Sd2N4b0I4WlJkcFhnUnFLMmJjQXhlNXR6RE9GNTlwcm9qSEU4X0Zr0gGgAkFVX3lxTFBBcjVqR3UxWUxOMll3Y1BaX09XcEd2aEkzZGRKYlRVbTdlMXNFb0NZNzJYRkRLLXpMd3ZzOE1WN1V2MzZTNDAyMG9NSFRYME56UGVUSmlUUGJ1SHdRdFNoU3FWVHl5aVQ5bGlLMnV0VHNFQndFaXJaY2pZeDJXRy1leldPeGNZZ1VhZjJQdGV5Yk1aN3BjdU83Z2M0VThHZ0JCM2lRRUp5OS0zNUhERUZMRUNqOHVTZ19BVVJsbDBTb2FsOGh6TUV2bnE1WnhsR1FXZ2Q1VTZaQ1ppeWVEMXhiZEhhRkp1U0F4eUY5eTI4TjdoVHZ0eWJfQ1M1S0xJQWxkTlhsMU84MGQyNFozSzdTY1lwTlJDVEc0UnhMRktGTQ?oc=5,Telegraph India,"Fri, 18 Apr 2025 07:00:00 GMT",2026-06-14T20:34:55.072728,insurance_fraud,True,False,candidate,https://www.telegraphindia.com/north-east/claim-delay-by-private-insurer-future-generali-india-insurance-co-ltd-triggers-crisis-of-public-health-insurance-schemes-in-nagaland-prnt/cid/2094665
insurance fraud Nagaland,"AB-PMJAY, CMHIS services available at government hospitals, CIHSR — Nagaland Health Protection Society - Eastern Mirror",https://news.google.com/rss/articles/CBMi0gFBVV95cUxOWTdqTGZvYkJONzlPWDUxc3I5eENiaEZkU3QwVURCa21SZmV0M0NNbHgwemhRQ0JMMDFaQVRWNkFuZUVkdms3SThTa0lxaC1fNFRjX0ZmamxBYVloRHlyZURKa2hLUTUtZE4weW8tTXV0MFRZUVZVYTNFcDN6bUdjSHBwSEpxeDlfc2pCNE13TllSdzEwYnRjSFVrR3JXRXNQZE5tOW5MMnNtaU9sN1ZBSEI4Ti1lTC1nVmVVUzdWOWtkWmFMd0h2b0lISzJONzFrQXc?oc=5,Eastern Mirror,"Thu, 17 Apr 2025 07:00:00 GMT",2026-06-14T20:34:55.072805,insurance_fraud,True,False,candidate,https://www.easternmirrornagaland.com/ab-pmjay-cmhis-services-available-at-government-hospitals-cihsr-nagaland-health-protection-society
insurance fraud Nagaland,NPDA demands accountability in Healthcare schemes in Nagaland - Nagaland Tribune,https://news.google.com/rss/articles/CBMikwFBVV95cUxPV0djVkt3TzdvUGkwbEdmYVNRbER3X05GRk5tclBNTHpOdkxGOXlVaTE1SjdDUDUybkhtOHZCb3ljWHN3X3pneTZyU1pFQjJ2TmZKSk1zakE0UUFiTDgxQWwzUFljVTlnTFJ3M2R4Wmg4RjFiNC1CYk1zQWJYVEkwNjVWZHlhMFV0UGI3TzRoc3RBMlk?oc=5,Nagaland Tribune,"Tue, 11 Feb 2025 08:00:00 GMT",2026-06-14T20:34:55.072832,insurance_fraud,True,False,candidate,https://nagalandtribune.in/npda-demands-accountability-in-healthcare-schemes-in-nagaland/
insurance scam Nagaland,Nagaland: Rio opens new police mess; launches welfare initiatives - Nagaland Post,https://news.google.com/rss/articles/CBMikwFBVV95cUxQXzhTU2dabzg3NUd1Vnp5Wm5seVRmZlRfcVFweU0zTUhpRUdMN3lsQWt3dlpTN3o2QWs0QkViTTJHU0hWRS1mVVZEbVFiUjJveWdUeE14dkU0cDdJQUpUQXc5REVzRXNZMk1HaTVtdkxQSkxVc3MyRTJGdE1jLTU3WEg0Z0ctSmo1cW5CQ3JEUnZYQUE?oc=5,Nagaland Post,"Sat, 13 Dec 2025 08:00:00 GMT",2026-06-14T20:34:56.974202,insurance_fraud,True,False,candidate,https://nagalandpost.com/nagaland-rio-opens-new-police-mess-launches-welfare-initiatives/
insurance scam Nagaland,Nagaland on alert over influx fears as Assam plans fresh eviction drive near border - Hub News,https://news.google.com/rss/articles/CBMiqgFBVV95cUxOeVZfa2RaU2dyZ0stZDNpTmRIVGxBU3ZVLXAybU5lbGpRTUVmUUNfaXFYWDVEQWx2ZWs3b0J2WnNxM3ZsUXUtSGlzRGdrMkJKRm5xLWd1cUhINWxPMEYtd1c3eVBJdXBuNnRyQ0xKWTg2SmxrWGcyQVRIMmQ1VVZfenRNcVA1Zm1MbDg4eExiaGlUdWpWNE1KUTNrQzZuRmhTdjRsc0pPUFg0dw?oc=5,Hub News,"Wed, 23 Jul 2025 07:00:00 GMT",2026-06-14T20:34:56.974210,insurance_fraud,True,False,candidate,https://hubnetwork.in/nagaland-on-alert-over-influx-fears-as-assam-plans-fresh-eviction-drive-near-border/
insurance scam Nagaland,Scam: TDP leader JC Prabhakar Reddy purchased scrap vehicles; registered them in Nagaland - NewsMeter,https://news.google.com/rss/articles/CBMihwFBVV95cUxONlpZVjBoV2piS3MwcGJkSmxralVGMlNIck1GYUt2YkMtTDBlOFpUQ3NTTDNnaDdJcnpZbUd2UG43WUE5eW8zaTdVR3FFTi1XQ0FVandmSi1aVlN6QXhabDF1MU56VU1GaDQ3UjlYbmRERlpiVnRJQXhmZWxuWVJxNlByY0tyQ1U?oc=5,NewsMeter,"Sat, 13 Jun 2020 07:00:00 GMT",2026-06-14T20:34:56.974254,insurance_fraud,True,False,candidate,https://newsmeter.in/scam-tdp-leader-jc-prabhakar-reddy-purchased-scrap-vehicles
insurance scam Nagaland,Nagaland Police inks MoU with SBI to give financial services - The Times of India,https://news.google.com/rss/articles/CBMi0gFBVV95cUxPQjhOM2J6c1F1eS00elQzRmFJWkt5UmNoWE9CWUJLUmVvbWpxSGhDMkFzcFkzUDlIMjZPT1VEM1RPWXVBWnRrQmlKV0JCTmMxaDJGM0dhTjNuLXdueC1JcWIwdVNqNmVkT1NTRGVzX3hJT2dObS1JLXc2UTZQREpUeVJXQW5nQUhtOU9HVGlPSXk2b3RaUEplek9Mb1RkY0VhYnN5VHBGOWI2YlpzM05TbG1hOUgyQ0lYaU5Sd2k1QTNNbklnQjNEY01kdWxiTV9FTUHSAdcBQVVfeXFMT1o5X2ZiSWpCSHVQVUZEZ0NIV3M0b3VKSWhWYkN6Z3lEZEs1d1Ata1VlRGFuV0l2cWRZYzlnUnduU3NfY0JneHRGM2FDZHJUOEFjTy1rUGFfUS1hOUFMSUxzMEt5VW05NHZnNXNRWDBGQ2RfOFJjODljcHRzcG8taUlQSW5FTTQzX1JqMk11TmV3SUVFajlxcURiMHdmdi1qWk56ZDA4OGltSVZqbmZtcUl3b0xjVURCUnh3Qk1TS2cxZGJBSnRkVXJmR3RKR2laWVlqcGR2WE0?oc=5,The Times of India,"Sat, 03 May 2025 07:00:00 GMT",2026-06-14T20:34:56.974303,insurance_fraud,True,False,candidate,https://timesofindia.indiatimes.com/city/guwahati/nagaland-police-inks-mou-with-sbi-to-give-financial-services/articleshow/120857482.cms
insurance scam Nagaland,Nagaland Lottery results: Winning numbers of Dear Seagull Friday Weekly results - The Times of India,https://news.google.com/rss/articles/CBMi5wFBVV95cUxPR243TlBIQm5DMzJkVTJ2c0RVbktOc19xRUZkWEJlamdpWWJPWVRGcU43MmNwRW5NdGgxSFBpWkJYRkl2ODk2RVpURWJEQ0V3Y1JVS2M5NG16MS1QSUZLNGxaUUdfeWxXR25YQWxTUVA4OVZjZXRla3JyMEo0aFpFZ3o0U3NpODA1VE9pdVlycWFwNDA2cFdrRlp1dV9fMkFwSGxQVTVVZ01tM1RBY1NWSFlrSklsamdaLXlMZEFXeWI5TDA5YXItaGlJYzZES1Vldl9xMU1ZY3kzcTBDOE54ODRvT0s0alHSAewBQVVfeXFMTmw5UkxSeG9OMzFITGhvc0hZXzgtZzMzTGpFcGtpcmtaVHdTNUVOa0NqX0FKbG0wcGlTazNkMXJCZjZkRzNIajZKTW4yOU1ZQTlzb3JrQVVwek83NElnQV9mdFRsblR5S2Z6RTNKY3BTQjZPSXY4UDRldE5lckx5X3pINmZEdGlwSHF5Q1g0VERQREVHUC14UWFIWGI4YWJRT0Qyd2tPOVE2RHdoQXBZUDZmaWxjT1NPcUVBWHdtM1plVkcxU1ZJU2dBMVo4OGdIYWRvV2NmbUlPT1o4ZjVSdE1WOXVybmtXaVR5cWs?oc=5,The Times of India,"Sat, 01 Jul 2023 07:00:00 GMT",2026-06-14T20:34:56.974338,insurance_fraud,True,False,candidate,https://timesofindia.indiatimes.com/city/kohima/nagaland-lottery-results-winning-numbers-of-dear-seagull-friday-weekly-results/articleshow/101413356.cms
insurance scam Nagaland,Nagaland Lottery results: Winning numbers of Dear Ostrich Evening results - The Times of India,https://news.google.com/rss/articles/CBMi3gFBVV95cUxOWmI3SldVZkRvcmxWdWl3bkpidGxHZk9TZHFRNmRielVwVWVYdzZKYWJwSUtRdlhvYy1XVnFvLUdVUmJTZTFiTG93cXdzS0F2SkJRSW9sQXp3Q2ZzSko0WU44Nlo0MXFfSlFQRmlJWWx4NlFSUHVMNVJCaEFUU0M0Q3NTemp4V0dpa3dnWTFncGdMTmM1bHlnREt5TmtiRjc5bU0wYmNiYWpSekNkUk55aHNJSHVjR0JaZG1fbDIxZ1h5RTBNNzgzTjhtOHpvWHh4b1Q3Qlc2ZDVUZmJLUmfSAeMBQVVfeXFMTVhtVm5nZ2kxNG1fVUhjN2tvSGplR1VxZmZCVVJ1Y2RqQ2l3NWJpeFZTc0ZTS3NQNEFzZE1LTF9ralhrZFVqRGRoV0JPNlZKRkhWNnVKVG5ZLVBQVTNiVFZXSS1yUnRsOFJacWxUeFVjTE5WbTBXcnhEc0xIdTRCX3VSblF5Zk1uS3BYbU1NWW8zRFRIXy1vZC1zVHVKVWNfVDV6ODY2RGJJQzZaRGRqMkM5Q1pmbFlrRDB5Q2d6ejVZOFJ3R3JqSUFSTW5KZUhJT0lvR3lJNUZRa0FQWVpmQWM5Tzg?oc=5,The Times of India,"Sun, 13 Nov 2022 08:00:00 GMT",2026-06-14T20:34:56.974355,insurance_fraud,True,False,candidate,https://timesofindia.indiatimes.com/city/kohima/nagaland-lottery-results-winning-numbers-of-dear-ostrich-evening-results/articleshow/95484572.cms
fake insurance policy Nagaland,FCI cashier in Nagaland with INR 40 lakh salary in 6 years invested INR 19 crore in stocks — CBI FIR - Eastern Mirror,https://news.google.com/rss/articles/CBMi0gFBVV95cUxQSE4tM0xEZEFiRVRNb0I1RHF1MFZiZ1dLdnR3TFJUTld4WGVGNnRiakxra0p0aEpScng4emRoaGROTEY4OURQdVVGbHlPT0RkSGkwYzJMZXppS2xJXzVlU2Z2WXhyb2NNZzVYUUZVZUZZVEI3Vi1aY05DR3BoZ2RnWUMwVTNPLWIxZ0JzYXNWMnJYdDhYWVpJak9CV29FOFNPMHpjSF9TeG9lYVhfN2lqWElPZnR1UUdfTDY3QjNpd1JFSzQtSTk2Nm9PWVYyTExZVXc?oc=5,Eastern Mirror,"Sat, 12 Jul 2025 07:00:00 GMT",2026-06-14T20:34:59.013671,insurance_fraud,True,False,candidate,https://www.easternmirrornagaland.com/fci-cashier-in-nagaland-with-inr-40-lakh-salary-in-6-years-invested-inr-19-crore-in-stocks-cbi-fir
fake insurance policy Nagaland,Three Nagaland hospitals re-empanelled under PM-JAY and CMHIS - India Today NE,https://news.google.com/rss/articles/CBMizAFBVV95cUxPTTNNUUdsdDhQWnl0UTJ2QjN5SGJxWTNiM3c1aXIzZDdjRlBuZ3BGbVVGVzhNdTNoNGxoZkhzbWM4RUVTOHNzZEROaXBZNERBRm83S25VNE82QXJsZENNdUNjZzRiMVpIVmlWVzZTQW1LOE1FWXBvdnJzZGJKT3JRQnFjNEZMTjl6bzBNYkdLb29hRVhQS3loWTRTc2d0ZkJ5b3hzTHU1WjI5aXk4TWRhM0hjOS1QNExUWUJ4bHBFRjFiLTFMdXZRWGt2aHjSAdIBQVVfeXFMUDlWWEo2SjAtUm5FcDI1TEV0SmZWeHAtR0ZDVVhoWHRkbmJ4b2NOY0Z5V2ZjZGFUc0dmSnpYOHVaWTBfMHZUUEExVWxoOTRMakFidTJUeHVpbXJsYUNFNlhMX2FHaDhQeVR2aWM0M0swMHFaSjJ2TENCVzQ3UnBVQmxxd1FGUWVWeG5HSzBUdHloQWlTUHlubHZFTW44TXR0WE5RMEowOEFaMGNMc1IzX0RDckMzSF9HcGlCcVdiTWZWZXRIVm9NdlFtaTV1eDV6NXRn?oc=5,India Today NE,"Sat, 26 Jul 2025 07:00:00 GMT",2026-06-14T20:34:59.013695,insurance_fraud,True,False,candidate,https://www.indiatodayne.in/nagaland/story/nagaland-private-hospitals-re-empanelled-ayushman-bharat-cmhis-2025-26-1250813-2025-07-26
fake insurance policy Nagaland,"Manipur Police convoy attacked in Chandel, vehicles damaged - Nagaland Tribune",https://news.google.com/rss/articles/CBMijwFBVV95cUxNNFd3Nms4bUI1QWRsVXduWVZ4REhweF90ZjlKVE9YTmdLb3FzeDBSVDA2R3VxX2RDZHp5M0dtaFpfa1JzUXNtd2ZJbldxNWpuTm1XX2hCSXFFN2IyTnp1X2JScno1NE1DQ0FyVEZ2UjNmOExZVGMzQ3p5WTdNYm95N0pOWEV0bUJzQTg4ZzhKdw?oc=5,Nagaland Tribune,"Thu, 02 Oct 2025 07:00:00 GMT",2026-06-14T20:34:59.013755,insurance_fraud,True,False,candidate,https://nagalandtribune.in/manipur-police-convoy-attacked-in-chandel-vehicles-damaged/
fake insurance policy Nagaland,8 militants arrested in Manipur crackdown; arms recovered - Nagaland Tribune,https://news.google.com/rss/articles/CBMijAFBVV95cUxNM3JvMHhpRnpNQkJPNzktT1lrcnpSNXBRTGVCdXpOYjIwaXVsT2tTZ1hSUDdadWlPbUpuODVpQlRqMUNiMzdtZFRJcDhSMEFvTWNkVmQ4eWpCTm1uM0g0ZVlEQ0JHOUpMNmIwZjZTR0VfMnRTX1R0ZjJKOTJ5V01zckhnMzI5MGxmUVg5UQ?oc=5,Nagaland Tribune,"Tue, 17 Mar 2026 07:00:00 GMT",2026-06-14T20:34:59.013763,insurance_fraud,True,False,candidate,https://nagalandtribune.in/8-militants-arrested-in-manipur-crackdown-arms-recovered/
fake insurance policy Nagaland,"‘Swami’ Chaitanyanand carried UN, BRICS visiting cards, called himself ‘Indian envoy’ - Nagaland Tribune",https://news.google.com/rss/articles/CBMiqwFBVV95cUxQcXowd2JjT0NhdS1JbnU0ZHcyTkxDOGRKSFpuVXlCNFJ4VWpBd2p2Z3NhLTBBaTlzQ2N4alFsVWdad0JrYWtjQlBma0REOXRCb1N5Qmk2enVIZkhPQV9OZnlHTWJxc2FEZVhuekFmX0lwZjU3a09kNDA2WXdkb1A2OWcwdzRZclRrdElrVGpPQWpBVExCZ2hrMVZ3Q3l4aVIxZnkxclZCWXVHSjg?oc=5,Nagaland Tribune,"Sun, 28 Sep 2025 07:00:00 GMT",2026-06-14T20:34:59.013793,insurance_fraud,True,False,candidate,https://nagalandtribune.in/swami-chaitanyanand-carried-un-brics-visiting-cards-called-himself-indian-envoy/
fake insurance policy Nagaland,Temjen Imna Along: ‘Hornbill festival invites those who wish to experience Nagaland’s soul’ - The Economic Times,https://news.google.com/rss/articles/CBMi5AFBVV95cUxObTFvZUFBeDROdHZDcmFiU1AyWFd2OC15dGFsaUdkYm1pekplbG4yX0JtOWZEa0dIYVZTNFpwc1R1YUZzUGFVWmE1QUJ3S24tdzVYQWd1ejJ5UXFDcjVPQUtQVWxNOVFsbGxpMXU3UVBmMXdxZmNZTXRSTS1kbXFvVTBBVlo1OWVUazc3R1FKUHZ6UldRanJyRHNWVzhuWnNfQ2lmVThQVnBRV0E0ZHFScjBIMURmN3FJR3hQY29uSVR2WWRZVmRzQXJLRmpRS21SXzQ0bnk3QkJ4TGw2VmdSOU5RSU_SAeoBQVVfeXFMTWlqVjc1WDNQTzRyaVJGM2hqdHpOZFVYX21JZWFNejhxOUFrUWdubi1mQzc3ZkJ6WmN5VG9wRUZXNTRhVmVKa01WY25GdkMtVXFsWDlOYlBXQXJianl1b1JRRzhaZW1JU3lZeW5FbmRfMnZzdmdaaXZGMkJEd0VJTm5PNG84cXcwSG9QSk1NWGNXUVBKYW0xY0pFTXVuTzRwUEZvUDlVeC1kU01ZbHI4ZHBaendiTGc3TU9PUWx5TF9vVlRmUFFlc1AzTEhxSTB1WjlMaHVLeUNOZzFRdlVjMEhMUzJBcTRPVUFR?oc=5,The Economic Times,"Thu, 23 Oct 2025 07:00:00 GMT",2026-06-14T20:34:59.013801,insurance_fraud,True,False,candidate,https://economictimes.indiatimes.com/news/india/temjen-imna-along-hornbill-festival-invites-those-who-wish-to-experience-nagalands-soul/videoshow/124764848.cms?from=mdr
fake insurance policy Nagaland,Nagaland | In the name of the bird - Mint,https://news.google.com/rss/articles/CBMimgFBVV95cUxPZUxIYUh2ZS00dGg0R3FTYUdLSFFxSTFxZXNUVUJOX1ByZ2hmMVF5T29QVy1yVlhaVTJ6NTAwdHcxTkp3ckh1dmxkWTNlMWVfR2NXVVJTNldFVlNJWnhOTjlIMW9BTW5pRGlxLXZYUVJkVXJzSXo3WlJ4bXFnV3JxVDZPak94c3Q1eHlLc0w4aUpuRXVnTFZVYXdB0gGnAUFVX3lxTE16VFhzdC1TaFlkYW1NckVGenNNTFcyXzhjZGVQVzNYSENMbWhHaXJ0aHJzVUdQUEVNb1JEcjlScmJJREM3UlRSR3FiemRfLXlEVDZJdjB4WkczSXZxRjVvNm8xNmVSOXk1ejJCejZtS1dQSkdSRnpFOUVnVnZ3SHd5R1pWRnl6ZWFCdWgwRHV0aUNHQnBIdVB5d0Fma0tKUWVzZV9SV01v?oc=5,Mint,"Fri, 09 Dec 2011 08:00:00 GMT",2026-06-14T20:34:59.013847,insurance_fraud,True,False,candidate,https://www.livemint.com/Leisure/LQk5ghYnORDinz9y36MRTK/Nagaland--In-the-name-of-the-bird.html
digital arrest scam Nagaland,Nagaland: Road blockage due to mud & landslides | Akashvani News - News On AIR,https://news.google.com/rss/articles/CBMiekFVX3lxTFBoODZEaXdFcWYyeE1vZ3BGc1BUeHN3VHdOdHA0dUxJZHF6Tk5SR2pWMFcwTU1QOEpxc0pZVlU1enNSdmhhbFc0UVFJUGRkTGVJWU9FSTFESEUwRFhBeTRGWlRLc3JmVGxLWEhiRW5zVnFxWkhVNWtlV2Jn?oc=5,News On AIR,"Mon, 21 Jul 2025 07:00:00 GMT",2026-06-14T20:35:02.820409,digital_arrest_scam,True,False,candidate,https://newsonair.gov.in/nagaland-road-blockage-due-to-mud-landslides/
sms scam Nagaland,"NBSE Nagaland Board HSLC, HSSLC result 2026 released: Direct link to download Class 10, 12 scorecards her - The Times of India",https://news.google.com/rss/articles/CBMijAJBVV95cUxQd0NoYW9Fd1IyVXZEUWJ3R1NqckxrX21HNDhuWnhPSmFNYVFzMGN2Z2pUYVNuek9MaEZublk3MXZwTHVvSk9Sdk1NTFRFcGtxSTMtN21qWXQtVUhqRFAxSHVDbGFzcGJSeW91RmVMc3pKWEVrVTBYVEY3Y3cwd19BcVYzZTlEdXdiNW41Rl9mYVNaS1ExeW1nSUk1ZnZfMHVKNlViY1phdFd0azY2dWpUMWwtLTYtM2hCLU5fQnUxU21PLWRkcXltd2xPc1J0LTk0MGZkX2s4X1V5ZHZnb0RUS2RMVk44b1RKakQ2MnFScTg3dEpZMnlGbVZkM3JDdGZtRFdWTlpWN20wd3ZC0gGSAkFVX3lxTE1tSDNrNG5veldvaGhIRjRSZTRGVGhNVGtPdWdWdFdBYTAtb3FVU25SZldGSnBacjNray02MC1lWVV6UkRqMjVVVmZ5dDdSVlJhUHk4UnlqSmI3Tlk2NjdvRW45eXEzek5qVmZtcjB2RGFON0NOV1pMR1NhdVlTdi1ueUVMak5Udy1DQ3FOWUljNHpiSW9iU25hbU9sWTdhWW9iNl80RGRyWGdnZkRUb0RydDdYaVZNQ2VaZHYzTk1VLTdUc2dqc3hodkJ5ei00aHZDeUlBZnFvcVY0eUFzMFVwMDlXdGh2M19lS2VWaXNGTnBHQkJTSU52X1VBVkhMbDhSdDFnNDU1aTdmTkE1Q0x6Z1E?oc=5,The Times of India,"Thu, 23 Apr 2026 07:00:00 GMT",2026-06-14T20:35:06.360905,smishing,True,False,candidate,https://timesofindia.indiatimes.com/education/news/nbse-nagaland-board-hslc-hsslc-result-2026-released-direct-link-to-download-class-10-12-scorecards-here/articleshow/130463277.cms
sms scam Nagaland,Nagaland officers visit KVK on exposure tour - Arunachal Observer,https://news.google.com/rss/articles/CBMijwFBVV95cUxNaDRHMFpwNmVLMmEwbmJ3dkppWW94SXVmMms3NWZDU3c3MlFjNkc3QkVsbGNlQ0NvU0tWN0lTX3JYc1F0T3pSaldadW5xN0NHOWhMTDFaUEs5YUM2dlRFeXppT1RZQVNZSFNaSzZIR3J5eVJ4a3pob2JFZkhyR2I5R2hPWUtfaVBPaXRiNEpCTQ?oc=5,Arunachal Observer,"Fri, 25 Oct 2024 07:00:00 GMT",2026-06-14T20:35:06.360947,smishing,True,False,candidate,https://arunachalobserver.org/2024/10/25/nagaland-officers-visit-kvk-on-exposure-tour/
fake sms Nagaland,"Internet shut down in Nagaland for 12 hours amidst unrest, fears of ‘inflammatory texts’ - MediaNama",https://news.google.com/rss/articles/CBMiiwFBVV95cUxNdzZ3UW1jdk1LR1FQTDY1bm5yZ3ZsN29mXzJGY05ETGE4WW9tN3FoRVduRW1jOWNOdURYV1lycHRUOUNKR1huMUJockJfSjdiTzltanJ5VHc5QnFyVzdKVGpRTUgtRU93QjRJeUg0QWVtQlhTZFlQRG5wTlhfblU1TTdXaEl3eGxEV3VV?oc=5,MediaNama,"Mon, 06 Dec 2021 08:00:00 GMT",2026-06-14T20:35:08.205323,smishing,True,False,candidate,https://www.medianama.com/2021/12/223-internet-shutdown-nagaland-civilian-shooting/
sms phishing Nagaland,MOKOKCHUNG CELEBRATED SAFER INTERNET DAY - DIPR Nagaland,https://news.google.com/rss/articles/CBMid0FVX3lxTFBfdVA5QnNtRXFRMGdZc3hSVmo2UFVseDM2ejFXZ0pVMkExMThtdTRhTUoyUFZHRFI3WGt3a055ZWYxaWo3SGNYd0xtUjI4WDBuSDBjX3RoOTRnM0YwUGRVOE56SXNnS1hPWHJaVm5JV3Vla3J5XzhZ?oc=5,DIPR Nagaland,"Tue, 11 Feb 2025 08:00:00 GMT",2026-06-14T20:35:09.710659,smishing,True,False,candidate,https://ipr.nagaland.gov.in/MOKOKCHUNG-CELEBRATED-SAFER-INTERNET-DAY
text message scam Nagaland,"NPC monitoring, investigating spam text messages with receivers’ names - Inquirer.net",https://news.google.com/rss/articles/CBMiqgFBVV95cUxNbE40MG9kQ0JMNndMclJNVjNrMTFaSUhwQm05YUhVZzlXalVoSTBSVXU2MDFTYXlHNVZyV0daTE1wNTNJTGRST1dNcW55Z3lhcXlvb3QxYjBwRG9PeFBQcEg1MnB2RnBSdlVZcWZsZG1OeTM4cXF5aW5IU2hfZTh6Y2hiNm1QWG05S05lbGRkQTRvc0FyVkpsNFIxcEprWFl6MmhqYk0ydW9WUdIBrwFBVV95cUxPX2pDd0xHSFJOaE1BZFgxR19mbzVhUHlWXy1DSDJMa2lqaWliR3BWYzc1a2E0LTVRYTFoUE5jU2ZkLW1ydzVMRlNUakplUm15N0hLU0NBWENlQlJOaTRKc3hoN2UycUU1Nl90TFVPTWZxT1BJcmdZXzNzWktOT05HRzlka0l2MHIzbk9pY2VkSGp5WkF1UlR2dW1QREFlZW9HZmM5MGpwR1lncDZhazFz?oc=5,Inquirer.net,"Thu, 01 Sep 2022 07:00:00 GMT",2026-06-14T20:35:11.593483,smishing,True,False,candidate,https://newsinfo.inquirer.net/1657112/npc-monitoring-investigating-spam-text-messages-with-receivers-names
fake text message Nagaland,"Accounts Run From Pakistan Share Viral Posts Against India, Defend Nagaland - The Quint",https://news.google.com/rss/articles/CBMioAFBVV95cUxQZzFPYUh0QU9TMW5GMUFHdkdsTzBNWUJuQXNfZUFSTDVHbzl6X2hReFV4dG1kOEVKQ0lhWm1DNUU2UGVzSDRfZ2hhdm1DNTNnUTZhZWxBOWluTEYxTU1EdVVtRThubnJlLUowRjBoR05fSkluWUpLWnczSHNmUWlXS01MdFNUdWUtRDJVMFRRZWQtaUJzVFVBOXpxQ2VUWlQx0gGuAUFVX3lxTFBFcE03ZUh5ZXpRb0NDem05aTVjZVBTUG9KT0ZsdWVVSlBjN2pOaU8xNWRWd1ZNc2JUcHVlV1VzVXN6ZjJMTU81cnBlNmVnbE9BUFI4YjdpcHVUS0J4OUdKZ3ZfeURuXzMwcWJhUXZ1OUxWbWhJd0REblR5WnNuRmxQZXlCdFpiX01xQklDY0NucW5GdzR0QWJMZlFuOTYwQW1mdE9HWmEtbE1MMU5Hdw?oc=5,The Quint,"Fri, 25 Apr 2025 07:00:00 GMT",2026-06-14T20:35:15.263101,smishing,True,False,candidate,https://www.thequint.com/news/webqoof/nagaland-woman-tortured-kidnapped-video-goes-viral-fact-check
phishing Nagaland,Nirmal Jain denies fraud allegations over land and indigenous certificate in Dimapur - Eastern Mirror,https://news.google.com/rss/articles/CBMivwFBVV95cUxNM3pnb0s4TTVQZEY2YkJ5NXBHRURUd0FPMGtmZHhsY1BaX2tMUThNYm9VUWlhQnhPUHZ4RU91MmJlbjBqLVp1TXNCVFFUSlhOcUVYdDRxRTBLOWlwM3ZnVmtEYlQ1RjNxSlpoYnoyTEgtXzdoVFVQMFMtem5pMWozVUJIWDZacEFpbi1aOXpPal9sUDBuR196YWtBSXZ3bnZPMUM2MHBhRkI1RkozWkhOZUlzVUtHX1JCcXN3dkx4VQ?oc=5,Eastern Mirror,"Wed, 27 Aug 2025 07:00:00 GMT",2026-06-14T20:35:17.239335,phishing,True,False,candidate,https://www.easternmirrornagaland.com/nirmal-jain-denies-fraud-allegations-over-land-and-indigenous-certificate-in-dimapur
phishing Nagaland,Nirmal Jain skips Dimapur DC’s summons for second time - Eastern Mirror,https://news.google.com/rss/articles/CBMilgFBVV95cUxOSFVja0hSSXR3RC14RHRoRVJNN2JodVVlVzNJcmg4Z0x4ZVJ1eGpVNVlCOHJwdWZuLVpmNG5FRWlWVkxWTEl1UkhSTmhXdGRTVlI2b3ktb3dTTm5DMW54UzFGbW5peVlPdUdtMjl0ZWtsSDdZVGdOcHllcV91RFFwZXpuYV9XOFJjOS1FM0RWTXdWVGpDanc?oc=5,Eastern Mirror,"Wed, 03 Sep 2025 07:00:00 GMT",2026-06-14T20:35:17.239360,phishing,True,False,candidate,https://www.easternmirrornagaland.com/nirmal-jain-skips-dimapur-dcs-summons-for-second-time
phishing Nagaland,Two bank employees arrested in Wokha for alleged fraud - Nagaland Tribune,https://news.google.com/rss/articles/CBMiigFBVV95cUxPM094d28zR1JJRndwVVVfTlJYWGVCYmJNYzVNU1lneXZXbDNXYkZ4NzZ6OXBtTHJFdHBhZGhaTUxIU1ZPV0EwOU4yTE9RbTlNamUxdk1oY3ZDai1Dc3RDY2pWNWRzUmtjbXNiLUV3T0dyNlIzVWFIdEVrakNscm9POTVRbjNCRkZyUXc?oc=5,Nagaland Tribune,"Sat, 25 May 2024 07:00:00 GMT",2026-06-14T20:35:17.239461,phishing,True,False,candidate,https://nagalandtribune.in/two-bank-employees-arrested-in-wokha-for-alleged-fraud/
phishing Nagaland,"Bengaluru: 3 Nagaland Hackers Arrested for Hacking Police Officer's Mail, Duping His Friend of Rs 25,000 - LatestLY",https://news.google.com/rss/articles/CBMi3AFBVV95cUxOel9McHhXWHRKZVdtcm41anNTWHh2b1AzX1dXN1BNMTRTejR4ZS00bFJMdWNkd0FXR3FDVXUxWS1MZWFLLXUxY1dDSmxnVlJaUGk1eHY0X2hTZTZVVUVaUUdKY25CdjhYYmhkZXRlQzludzNwWkF6cmN6dnktNVBiSnJKazZDVG12cDBhVUpCOEpubjdtX2JWSkhvbDI3aEZ1WGZJUlVRaDFqYktzNUxmSDZJZ1hvRmxXSmY2LUY4MzRTMmxUSm9hYW1hQmpueUExeGxiMWhZT2FEU3l60gHiAUFVX3lxTE44NG82ZFB2d3NDcXhLYVBqbTFPVVZTdXZKYWN5ZVVyOVVPNnFNMTZmdDV4SVM0a2FWVHpyYWZEQVdVN2lSdW5hTUszQUwwMC11aE4tTkxSd0pCNFI2azVkY3NFOEZxZDI1SlVsVm41MTgwZzQza2VqZ3o4Y194MkJVOVRHWG13NlhDLUJkT2hHaVFDT29XVGNzRVVmWXFLYjV1MUpwQlhtbEwtd2YwUHg1eS1CTkFvbW4tY2UwSWdmMFhfdHVPdnVPWGhESjYxQ2o4LUF3Z1pRcXQ3eXVkWURBUVE?oc=5,LatestLY,"Wed, 10 Mar 2021 08:00:00 GMT",2026-06-14T20:35:17.239723,phishing,True,False,candidate,https://www.latestly.com/india/bengaluru-3-nagaland-hackers-arrested-for-hacking-police-officers-mail-duping-his-friend-of-rs-25000-2363321.html
phishing attack Nagaland,"Nagaland: FDP on teaching, AI & cyber security - Nagaland Post",https://news.google.com/rss/articles/CBMid0FVX3lxTE1jRC1MV24xR1F5S1U4WmRSZ3MxUU1leXViZEEyZWRnZW9oVnMwUWY4azh4R2ZQQWhUMDF6Nm5XVGJ2QWxZVDRYVktrT05PRlJyRVFheDVtR3R2VENDUEdzRk9rZUdaUC1YRDJZakI0bTYwaDR5SzVn?oc=5,Nagaland Post,"Mon, 19 Jan 2026 08:00:00 GMT",2026-06-14T20:35:19.102909,phishing,True,False,candidate,https://nagalandpost.com/nagaland-fdp-on-teaching-ai-cyber-security/
phishing attack Nagaland,DIMAPUR HOLD DISTRICT - LEVEL AWARENESS PROGRAM ON SAFER INTERNET DAY 2026 - DIPR Nagaland,https://news.google.com/rss/articles/CBMiogFBVV95cUxPUVhZT01neFdqRVAxT3ZnaUNnTjJFRVB5WGJuejFoYnEzVmlqR3hXU0UwQUtiY3g3RnFVMUNrQ2pnVExPcWNMdVZrSFU3aWhlT1lOLU5td2E4RkNGSzM3cGRsckxqRnB4dnlQMFdwY0FXRkMzd3RqdlRKWmt0V1RSRFhldmZlMlUtcVZ3blA2RFpsSjU2eDVLV0NuM3gzUVNMcFE?oc=5,DIPR Nagaland,"Tue, 10 Feb 2026 08:00:00 GMT",2026-06-14T20:35:19.103013,phishing,True,False,candidate,https://ipr.nagaland.gov.in/DIMAPUR-HOLD-DISTRICT-LEVEL-AWARENESS-PROGRAM-ON-SAFER-INTERNET-DAY-2026
phishing scam Nagaland,CAREER GUIDANCE AND LEGAL AWARENESS PROGRAMME ENLIGHTENS STUDENTS IN MELURI - DIPR Nagaland,https://news.google.com/rss/articles/CBMiogFBVV95cUxOUmFyNV9YN0taSW5QVmFlUGluejZfcFVwdm0wOHZTc2xBcGN6ZmVVdzBOTWYtbzFibDl4Ul9BeGo3dFBaZDdyNDJFS0tKQ3gzY1BrR0k1S01sSTRmWW5Sd0pscGR5al9yaV94ekt6NGVrUWxManlmZkJxZ29zTFl6RF92TmhQelh2SDMybTFiemVucm1rNlc3azNTbDF0OHJlbXc?oc=5,DIPR Nagaland,"Mon, 25 Sep 2023 07:00:00 GMT",2026-06-14T20:35:20.762407,phishing,True,False,candidate,https://ipr.nagaland.gov.in/career-guidance-and-legal-awareness-programme-enlightens-students-meluri
phishing scam Nagaland,What to know as Nagaland is set to facial recognition tech in schools - MediaNama,https://news.google.com/rss/articles/CBMinAFBVV95cUxPQTNqV2xmT0NRZjNkQkh6YXRzVlMwRURMWlFKRWY4bjR6d0Z4SEotT19BVjh6UE9idmdiWnJqVWJoa0tXUlg3enItdGhFN09OQzhDdWhSMlhDMV80UWNWU0tCQU0tOTJUTXRtcHdCWUJCblpsMndSMV8zc0N0TGcwZ3ZoYnh1Y0hzMHRvRlR4TXhMUnUwSTE4R1NVVHQ?oc=5,MediaNama,"Sat, 18 Jun 2022 07:00:00 GMT",2026-06-14T20:35:20.762615,phishing,True,False,candidate,https://www.medianama.com/2022/06/223-nagaland-facial-recognition-schools-teachers-attendance-2/
phishing email Nagaland,Fake currency: NSCN-K (Khango-Vusshe) refutes woman’s allegations - Nagaland Post,https://news.google.com/rss/articles/CBMikAFBVV95cUxON00tTWlZQjJZbmoyYkJhWkdpMV9lUzlraEl4RXcxUGl5NzAza3lUMm55RHlKUHR5N3JQV1NJQjM1NWp5ZDhmUFViSDRfbWRGQk9MS3ZSblFVV1JiMzlva05CaWJjUGlrRGoxNkVDUDBibUtueUlZRVNYeng2MEh6R1B6aWV0SEIwTTNVczJISHA?oc=5,Nagaland Post,"Sun, 14 Sep 2025 07:00:00 GMT",2026-06-14T20:35:22.820086,phishing,True,False,candidate,https://nagalandpost.com/fake-currency-nscn-k-khango-vusshe-refutes-womans-allegations/
phishing email Nagaland,IB alert: Fake Iran war charities exploit emotional appeals - Nagaland Post,https://news.google.com/rss/articles/CBMijAFBVV95cUxQb2YybDlKOVNmS1ZIelljcHJ1R0tOQTgtM3BaSnJtSmFidVVEWllsVkU4QjRydXNTdXp5c2o3VGh1U0xEMmFVbGdfanRBT0w1SFhQVjNKMUhHemhBN2lMdjZpc242UlQtcHlfdmNRSnBTQ2pla2ZkcW92djVNVHhVMERQNUZHTXZ5b0dIVw?oc=5,Nagaland Post,"Thu, 26 Mar 2026 07:00:00 GMT",2026-06-14T20:35:22.820113,phishing,True,False,candidate,https://nagalandpost.com/ib-alert-fake-iran-war-charities-exploit-emotional-appeals/
phishing email Nagaland,Isak-led NSCN/GPRN-K claims bust of fake currency racket - Nagaland Post,https://news.google.com/rss/articles/CBMiigFBVV95cUxNbnBvS1RRQ0JMcGc3RmZYaEVXV3R5SDR5OE41TWttV09YVi0tZkJheFZ4czdnSExUY2p1ZWkxOEtnYjdJZ3ozYV9IbWxfa3VZSEo3aEM5MW0wc1hZX3k4Z2VPTDZTQ0NnUVgzVjY0eF9rMlVBaHg0WVZDSjEycVZDWW1vcFdMdkJ1VHc?oc=5,Nagaland Post,"Sat, 13 Sep 2025 07:00:00 GMT",2026-06-14T20:35:22.820149,phishing,True,False,candidate,https://nagalandpost.com/isak-led-nscn-gprn-k-claims-bust-of-fake-currency-racket/
phishing email Nagaland,Govt set to revise PAN application rules from new fiscal year - Nagaland Tribune,https://news.google.com/rss/articles/CBMikwFBVV95cUxNZThjNG03WGJVSlp5UUt4LU5TSUFGS01QSU9tSXlXVDVMcnNWVzNCTFFlc0tlNlFRUHR4SEJISzJPaVZyYl9iWjdNMHNNb1NRa1JreGh5WDVOY1JXckhKWF9RLVdaa3lUWVU2SVFSS3hfVk1RN285clVRZC1OUTVDV0FYQjh0YmNVaEV0cXJucGtFdnM?oc=5,Nagaland Tribune,"Wed, 18 Mar 2026 07:00:00 GMT",2026-06-14T20:35:22.820214,phishing,True,False,candidate,https://nagalandtribune.in/govt-set-to-revise-pan-application-rules-from-new-fiscal-year/
phishing email Nagaland,"ONLY IN NAGALAND: Draw money fraudulently, submit fake Treasury Challans to mislead audit - MorungExpress",https://news.google.com/rss/articles/CBMiuAFBVV95cUxPcnJFT2lleWFVQUVHVkpCVDJYRkRLLXZrallVd0l0cVNBTEJYTm5iYkY5a2pTWno5X0hndGRBWFJtRTljZFBtUzJjenVFSklUQUJmUWlBRm1qLWVWVElKY2I0ODhYcUJkdmZNbzRJWnBzSURXbFdQSmtLWEk1OGl6YUV5bEdpcGVLOWh5cGRuaHFWaFFKZ0NkNFktMW1lcFphQzVKMkNtNUlFZzlNdy1KanNlbE9RZXZE?oc=5,MorungExpress,"Sat, 07 Aug 2021 07:00:00 GMT",2026-06-14T20:35:22.820274,phishing,True,False,candidate,https://www.morungexpress.com/only-in-nagaland-draw-money-fraudulently-submit-fake-treasury-challans-to-mislead-audit
phishing email Nagaland,Govt issues high alert on fraudsters sending fake e-mails to extort money - Eastern Mirror,https://news.google.com/rss/articles/CBMiqwFBVV95cUxPVXpmTVVEeWRjWmJ3RGhaMzdnR1VWNlhZOTFVNGxkZnZ3S3hVOHNKNWIzc1R3ekFGT3duS2cyRWhLakNQX055dDlRLXc4RWZsdGtsUUdtT0RFSE5scmhzeUNERGphbkU2NDBEWXBDcGlPblA3amRzNXBPZFJtbkI2S1huWTZNWGw5NXNUT1R0d3ZJTk1mRW5wc1hiYldzeHJiSm9pSnRZSVZWWk0?oc=5,Eastern Mirror,"Thu, 04 Jul 2024 07:00:00 GMT",2026-06-14T20:35:22.820287,phishing,True,False,candidate,https://easternmirrornagaland.com/govt-issues-high-alert-on-fraudsters-sending-fake-e-mails-to-extort-money
phishing email Nagaland,"Check NBSE HSLC & HSSLC Result 2016, Nagaland 10th Results Here - Jagran Josh",https://news.google.com/rss/articles/CBMidkFVX3lxTE02X1Jjc1ZzajFfX2RvdG13Zk5VZU9URXpWTnloWVJWSmd2ZVFRZ0dOOHhtVTRiQ252QlJNMUw0V3NLT21CQV9rV3FFNWpfSDJFbTlCTldDX1dVS0wxbm5lN0tvOXc2dXB3b3k4bzJrdHZmLWVDc3c?oc=5,Jagran Josh,"Fri, 10 Mar 2017 08:00:00 GMT",2026-06-14T20:35:22.820521,phishing,True,False,candidate,https://www.jagranjosh.com/results/nbse-hslc-result-2015-10th-96133
fake website Nagaland,Nagaland Lottery Result Today (May 11): Dear Rise 1 PM and Dear Clover 8 PM Winners List - Moneycontrol.com,https://news.google.com/rss/articles/CBMi2AFBVV95cUxPRXZuWEhtcjNmc19OTFgxZTZjZzhWUWNBdXZrbUp1TDVEQ2ZUMzlDMm12Zm4xZUNXdXJkSjV6elpRdlh0Y1RMRldsaUtsUlh0TWR6UzNvYVc3emwtOW4yYmViRW9qMTYwVll5TThWWENJYm1WNkZDY0dkOVBzV2RzWllYVEtGOU1qT3NtSk0yX2JFTWN1TnpvTEQzMHlTWEVMcU9lV2F1OXJOMnJMeEw1RFJtY2NLTGFzSmRIbUFqR0ZtblhFcFRqVVhtVVhHaGE5a18yX2pUOGLSAd4BQVVfeXFMTlRvdGhLT1ZyXzBIbVItRlRFNXZ5YnpRVkdZVXhuTVh0S2lqeEhfSk5oRGk0UGxUYnd0dU81dDJiZTlQcGRTN1F5aXkzWVB0QWJlc3hNb3dsZ1VQLTZZNWRhcnN0MTFpNW1DbWEyXzdIeWhkc3dYMmNweElRVDl0X0lHSXBrSkhlWmszN19kLWtMcjV2bEozNW9VQ25KT1VKRHBvVjNDUjVqYUR4M0VsdFJ2ZlpWQTVMTlZ1TjJUR1BvNTBiLTM2TjVxekNQRGJoekF4VWxWUGluelc3QW1R?oc=5,Moneycontrol.com,"Mon, 11 May 2026 07:00:00 GMT",2026-06-14T20:35:24.661223,phishing,True,False,candidate,https://www.moneycontrol.com/city/nagaland-lottery-result-today-may-11-dear-rise-1-pm-and-dear-clover-8-pm-winners-list-article-13914920.html
fake website Nagaland,Nagaland joins Indians across the country to observe Palm Sunday - Mid-day,https://news.google.com/rss/articles/CBMiwAFBVV95cUxPWVVPd1pOdHdLSHNHVzlzaGtkMXR6RElxb1JGekxHdXNZZDN4UUQ5azZYSEt1cWhlQUtuZXFfeTU3Um1XZ1VxNTV2MExtdThjVmM2XzEwOUtvMVVZUWVBWEt5YzNiV3RlUVVGM28zV3l2dk1YTFJzdVRCQjZRNGhzTjl5N3FWWndpZFp6Um96UUVSQ3ZCMDdoeHlnazlYME1jZFdVaDNpZ3ZXVnAxRjFFcGwtYkwwX19UUFBtTFE5QXfSAcYBQVVfeXFMTll3QThNYkFKVWN0RWxLMDM3NjZzanhDejl5YlBDRm0tQXB6czRwNjlvNWpoRjdhemhTNEFyRTB5ZjR5UUVVdlBEdlBkR1Q3VWg2ODNzUy1KV0xERkxZamRLOEw3QUdGa1JPejFRLWdtY2dBMTl5RWFPMnlEYllSbFBaQ2dvMWpPdzNpa3RBX2lmNzM1R3FyektGY1BwODhXNklvUHJkd1Z3MXdZTUczOTBRdDFIWFVYUm1OMEtIVjFoTnd2R09n?oc=5,Mid-day,"Mon, 30 Mar 2026 07:00:00 GMT",2026-06-14T20:35:24.661248,phishing,True,False,candidate,https://www.mid-day.com/lifestyle/culture/article/nagaland-joins-indians-across-the-country-to-observe-palm-sunday-23623282
fake website Nagaland,"Sambad Lottery Result Today, 6 April LIVE: Nagaland Dear 1PM Morning Monday Weekly Lucky Draw List For Rs 1 Cr - Goodreturns",https://news.google.com/rss/articles/CBMi3AFBVV95cUxOQWxjNUtkYjhyT3VqdV9pOXROcEs4aDkwRW00eHBYZHFvT3pkSHZZbDlFTGhmY0ZIRS1JbVZ0LXBwT29NN0tQOVk4NXU4WmRDQVZLeVFHN29FdnZWOENKVDJEQXhTcnVBa3V3MmoxRGRuTE9kcTRlR1QzTEtfRjQ4dWlyODJMaHFjcDlkRU5UUUlQLV82X3B5dkVrY2FjT0hybjNlenVIdU5vXzhTS2l5ZHQyX1NYamQxbUlNbHZxYzY1M2J2QVBKVi1SWHdybXl2eUtfeXdnXzM5a2JX?oc=5,Goodreturns,"Mon, 06 Apr 2026 07:00:00 GMT",2026-06-14T20:35:24.661271,phishing,True,False,candidate,https://www.goodreturns.in/news/sambad-lottery-result-today-6april-live-nagaland-dear-1pm-morning-monday-weekly-lucky-draw-list-1cr-1500553.html
fake website Nagaland,Nagaland State Lottery Result Today (May 3): Dear Wish 1 PM and Dear Magic 8 PM Winners List - Moneycontrol.com,https://news.google.com/rss/articles/CBMi3gFBVV95cUxQNXh1N2NsSmdmZVFfOEMzWE1hSmFuX3ZaUkhScDNaNmRnQkdsS0d1aEQ2ZXJIMmRueGowWU5vVDM3UjVMeFdtazE1UjZzSTJ2VFJjLUZrS28tV2FqY1JmNzNJSk1QYmxmNU9zZE16WHVyY1Z3SVRDSlBuV2NuODkyZldiWGgyOTE1NlB2SmI1R2Y4UjVBTFVnWFVzdTBEUW1qbm9JYVpfV05LMGxXVFRQbHh6ckZwb1ROUE91SzU5bWRDRTRpRnhfMXhBMEdLYU1sUzB1Vk1rUk1BelRRRGfSAeMBQVVfeXFMUFR6R3A3bGdtVGs4Ym9ndnFZWVBPcUF5LVpRUERDUXBIa0hMZHpMRnJsd2pXLUN4ZjExUE5uMU51eEVpaTRKRE1HRkV0SVNOOUExd2FMb2RKN3dRVW5xWi16UHV1N3ZOS1prVFBUYW1mMmtTOUdLTG9PdDRqZTVxTkt3dDBrSE1UdHRJQ0Iwd2I0am9pRHpGdXpWS2tSSHAyZkxEcHRiNng5Rk9neFRHMEg1T2pMWGpib0tHOHZpNEVZOThHSE5XcGNkZkJqaUFCcV9kcnJBWDVvNTdkc3U4SE9wSlE?oc=5,Moneycontrol.com,"Sun, 03 May 2026 07:00:00 GMT",2026-06-14T20:35:24.661296,phishing,True,False,candidate,https://www.moneycontrol.com/city/nagaland-state-lottery-result-today-may-3-dear-wish-1-pm-and-dear-magic-8-pm-winners-list-article-13906349.html
fake website Nagaland,Nagaland State Lottery Result Today (April 26): Dear Wish 1 PM and Dear Magic 8 PM Winners List - Moneycontrol.com,https://news.google.com/rss/articles/CBMi4gFBVV95cUxNRGRXbzNUQ1AyN0U2R3k5N3RHNEdUWnE2Vmd0cGRBUHNVR3ZEYUxVMERVTkFYN0F1dmhob0lzVUszODJ3bnFzMzg0U1dmMEh6cnNUZlEzWFY4ODcxTEc2TUJ0bVc4bm51ck5FWXZJNGFoYkc3Y0s4dm9lemlhTWQteEh3elhYTGZVUy1uaDlaQk5RaUtPR1FtTk5UQzhFZ2VsZjluSHdqVVJlMkVZcmU2eldmVE9IQkotVTdOR2NtbGFlQ3NXRlJTb0o5YnFNdFViSzdMQVRFaGFtQjhRMHlFV2RB0gHnAUFVX3lxTE1qWnp3RGlMLUR5OU8taVNBZjFVWFBBTUxIRW5NSnF4ZkJtOWdIdWp0X0YzempiRmlEZjZPWG5OdlEzbTYtNE9YcGdfR1RtSzVxNHpPdTFRbU9qZWNTZ2U4aXd2czFiWm05cURVdzk4c1JVNmZZc1BPeDdSdUZCRFowRTlFckRGbGplVjU5c0pHRk1DaHBvNHZTWnJXOHR5Sy1RNHkzdWREU0tfQ2o2NW9EbWNWZXNXaWFIN2xvWXVTLUNaOXlLc3RUU0tHX2JNR00xVGlwNktxOVZtMVJmTUR4RUZWdUlFZw?oc=5,Moneycontrol.com,"Sun, 26 Apr 2026 07:00:00 GMT",2026-06-14T20:35:24.661371,phishing,True,False,candidate,https://www.moneycontrol.com/city/nagaland-state-lottery-result-today-april-26-dear-wish-1-pm-and-dear-magic-8-pm-winners-list-article-13899631.html
fake website Nagaland,Nagaland Lottery April 12 Evening Draw: Dear Magic 8 PM to Declare Rs 1 Crore Winner - Moneycontrol.com,https://news.google.com/rss/articles/CBMi1gFBVV95cUxQYzdUTklqVmY0SS1QNzV1UUQ5YjdyTVR2TkF1OWY2QW15VGREN2NvWFZDaHotT29BM3VoZk1SLVl0UkNsMkhhVk5JdFlwdkJ2VjNkR3lJc29ZQWZJaENneXBtMWF4ZnMwUTduSktpRTl3eFlCeF9UaXcteHM1b3I5SWFCX29LOTFrRmxsNWxjdDAwTGZDQm8tMnhfMlB1SEJuSFpCUmN6eGlMaGtXUVlmb0NWcWJHVHV4QUlMVjc2Sm5iRDl6NldhbmMxRnNFaTJ6dWRPTmV30gHbAUFVX3lxTE10M1Z2OVVibUh3X19OMldTajZ4b0FYTnRhd3o0cENxWlA2STI0M1pLYjZJVWd2VzZfQXFwR0FqT19zY25fTV91ZVNpSjFWMkhYOWxMVzZhYTBLQTFQU2xtWjhVYV9TdWtXcHVkTG9xYkFMMDU2T2diOXFvTjd4RzRBOEJpZTJ1cERWLVBVUTVrdThKcHM2V3N1alVMd28zUlBUUzBHUFY5YTVjZFBhYXVsNW5BV3JscnBxaDNUcVZETER3c3pIa2tOUmg0U3dpRG1EMFhOR0VsOW9CYw?oc=5,Moneycontrol.com,"Sun, 12 Apr 2026 07:00:00 GMT",2026-06-14T20:35:24.661398,phishing,True,False,candidate,https://www.moneycontrol.com/city/nagaland-lottery-april-12-evening-draw-dear-magic-8-pm-to-declare-rs-1-crore-winner-article-13886768.html
fake website Nagaland,"Nagaland: After fake news on announcement of exam results, NBSE announces provisional result date - The Indian Express",https://news.google.com/rss/articles/CBMi9wFBVV95cUxNMTNWLWhXYnNrR0JaQklJUlV4UmxPMTRsLV9VYzNsRDNEM1NYbzBTQ1pEbTJSLWRxanA1TWthcEVRUDBHb21QUUhBR1dkR29tOVpnemtCUUdjZmJyRkhId3BmZDR5d0FiNWZpYXptX3lCRnBOaVlNVlRUT1VyMnF1NzlNZjNzV3lQZ1FpZGNWNUVTb2haWHRNX2Nud2puTWlDdlY3T01KVFA4WXZ6R3lDR19aYXhHV2NmLUx6WTNyVjVuckpQcG9aTUNZX29MemRmS0dxUDE4N3JhM2QyOGNwd1JIYm5HWkVBS2ctWHVZMnRNbnQ5Ny040gH-AUFVX3lxTE40bndYNlplejhvYU4yT2NoZm9SMXpwR21BT0Yydzlhc0JuMUVDTDNxMGVNZTloQnBqRk96aXNJaWpWNEtnYkFZb3ZpZmE2VEhsRUNrT0lQcFlzSllHMkFpNC1LN1dwcklSUjZkZlVaaXp4cEUwZ2RhUlJZbldZMW95dkRjUzBkMW56RVlBYXFLYkxzSVJlVWtVZ01VVnluLVdkOGJsNTlnV3RobS1xX3dpeDFjb0tMdFBfcjgzUUlTbDJHMUl2cVRtX21FU08wcTFCMWtuR2E0VjJaSjE1UTJ5WlREM0Q5MWpwNExfRzhQU3RYVDZ2ZUt5R2NtR3Rn?oc=5,The Indian Express,"Wed, 25 May 2022 07:00:00 GMT",2026-06-14T20:35:24.661467,phishing,True,False,candidate,https://indianexpress.com/article/north-east-india/nagaland/nagaland-after-fake-news-on-announcement-of-exam-results-nbse-announces-provisional-result-date-7936282/
fake website Nagaland,"BSNL selects 1,969 sites for indigenous 4G network in Nagaland, Arunachal Pradesh & Manipur - The Times of India",https://news.google.com/rss/articles/CBMi9gFBVV95cUxPdGxMeURCWVVWM0FyWmV1VVlEZWRwSGpKOTB6aFpiSG91dmJzb19nRk8wMkwzVVhqMWJjeGhXTENia2c5TWM1eF9qc25Pc2djMmlheGtIQ2FBTXJYVHBMY1FZOHUycXE2VzZ0VUFxclF6UVBGMk5aTndKUF9BZ0p1elZRRm84bjdwSnZNeVEyVUY4Z2JNaDBwNUdJbDg5dXlYMVNPSUhqVjZsTUlfS3FRb0JaeUNoRmY1T2tSRUlpSjlXYWYxdkRBVmthRFE1cVhsUGJZSDB1U3RGTG1UZ1hFa0d4cXZOajRvTWJ2cVltcXdzMTk3Y0HSAfsBQVVfeXFMT0w1OXZTbzFsTk4xVWVldEJWWDh4aTF4OU1wZ2dsQmI3eUpIRFpaREY0VWVieU94TEVYbkM1d3E4WjVaRm5WdXIyV2NuWmV5NG9NMjFLeXZZWlJscU8wWDdfcktmWkFMMi1xMGhfR3hWbWRyM2RaTHJueGNjRURDeWJFMTczM1RwYURRR3dhbXB1QmdxTWdqcTVIQ3pTNXNuUmMwQkxjRkVPQ2dzdS1hNHZ2VUI5Mi1FTld4XzlTOHZXSkhXQnlBY1ZjcUhpdUhoV0V1QnpXSU1CM2xoX1JaeWQxSVlKNnp5SDRLYkdfal9hRzdkd1NNbUFPSmc?oc=5,The Times of India,"Fri, 26 Sep 2025 07:00:00 GMT",2026-06-14T20:35:24.661588,phishing,True,False,candidate,https://timesofindia.indiatimes.com/city/guwahati/bsnl-selects-1969-sites-for-indigenous-4g-network-in-nagaland-arunachal-pradesh-manipur/articleshow/124167310.cms
fake website Nagaland,Nagaland Lottery results: Winning numbers of Dear Toucan Sunday results - The Times of India,https://news.google.com/rss/articles/CBMi5gFBVV95cUxPZlB1SUZvYTBIbk4tbkFpU05jc2xwcTg4LWVnaFozbkJMNXB2ZWFucHB5ODhYbktEMUV4U25FX3VVMUpvYWVvTVZWWEs0a1RaQlY0NXo3eGlrSi1KTEEyRE5fdTByNzcwTmNhVFAtQ3hvN1FTNnNsemlzVUp5Z0Q3N25CMW9fWjBidU1KRzRjTXJEdUpSQ0plVVRtNXdZb3pwcW56M0Nhc1lZWTdGdjZVX2ZER3pGWVE2MzRWOWlTakF6RWxDWk1PeUZUdUhkYndmZjdxaDBqX3U4Sm1RWUtwSzljMDJSUdIB6wFBVV95cUxQLWM5T0llWkZseHAzaUstZHRNRzR4cVZtTUdrYWYzYjlIX09XQjNDN05HZThFakF0RDRmYmV4Tm5wcWthdGh1VE1kdUMtWlBjWDFObTFadDdOdUdCQ1F0UHVIOUZRVFZJTDlYRE5iVDNGV1BRQ1hHT09QTVJCS0cyaFNJTlp6bGhPX3dpOFM1eHlIOHFUekZveFE0VC1ldVFkZzliVURFUm9oTDAxaG9RNjNoZ3Z6bmR5cl9YM1h3d0N1NlRxa1dxcEJEQktJZkF4MmVycE9wWC1uUUxSVHNRcUdGQ2hOVzNkeHln?oc=5,The Times of India,"Mon, 26 Jun 2023 07:00:00 GMT",2026-06-14T20:35:24.661710,phishing,True,False,candidate,https://timesofindia.indiatimes.com/city/kohima/nagaland-lottery-results-winning-numbers-of-dear-toucan-sunday-weekly-results/articleshow/101273522.cms
fake website Nagaland,Nagaland Lottery results: Winning numbers of Dear Falcon Evening results - The Times of India,https://news.google.com/rss/articles/CBMi3AFBVV95cUxNeWQxcng2WEgwM2xrQ242cDVTbjJoZWp5ellMQlZaMmpRVnkwYm5LUGZqQU9icDk2XzR2LVdSMlgyUnNfWGJldVVLc1VQWWEyZlRFSHcwYXlUbEwzZDZfV3doQ29tci1MZEpRaXh5MDN1Zkh6c1pOcWs4YWViYlhVYXFiYU1xQ1RZVXBRNFNyODBZWF9lZ0doUUhfa3JMSEhRQzY5ckE0V2c1empsT1pZX3dwdlViWUZqbmxISTFGMVFuU25SVDdRbVRhWGtaMlhJOXlrU1BoVGk1TzBJ0gHiAUFVX3lxTE9oTkZKY19fMkhxaEt4WENkLXduZ0ZtVF9ZSHpPZjVYNUFxZmV4aDMzaUotaXJuMHlmMlFQeXJNczBUS1NzbzhNZnpYQUVRdUVQUE9QTmkxamI3cFVFbjlsOVE5MXppQW5wQ2NEOUUxbnNsSzR5clc0N2VfbFJ6YU92Y2RIcUE2d1YtR2RBRWdITmFDUTY2UWI4eWp0NkcxcEZWaTY1ZzBkY1dnYnJUdldSQzg2a2dpYkVTOHdUa3FKOWpGNkZoZjdyWjRaN1ZJRnhaRjBzYUFONjEyNXNITnlaREE?oc=5,The Times of India,"Fri, 30 Sep 2022 07:00:00 GMT",2026-06-14T20:35:24.661804,phishing,True,False,candidate,https://timesofindia.indiatimes.com/city/kohima/nagaland-lottery-results-winning-numbers-of-dear-falcon-evening-results/articleshow/94552450.cms
fake website Nagaland,Nagaland Lottery results: Winning numbers of Dear Hawk Evening results - The Times of India,https://news.google.com/rss/articles/CBMi2gFBVV95cUxPbnp3WTdxZzdaZjdscEdmVGdOYkdOWVBXdFNtc1RpVHYtRTBhUHRrOWJuU1pfcXBDMURwRDJRMmY4ZHN3NzZhQmQ1SUQyVC10M1JRNzdqdDJCZXBjYmhmNzByOHR4cTluZVltbkh2NTQtM19rRkdfbDA3UFVVeVFMVTRLazVKUTM2dENmTjAyblNxMWU0U3pUaFgxeEk0SGtidTlWUnVpbVhSdlRrNXNlakI2M2NjM1B1OEt4RE82MTBBbEJUTVNlU19sRFlUY01lYU1VZ0N1dE5rUdIB3wFBVV95cUxOUzJJcGRKcU9pTzBIRF84OTRyU3RiM0s0Um9uTEQxZHhLTk5LZDNRYzZkblE3U19VR0JEZFJrOU84WDhsN2lTc1hRb0h6dUVEYjZwQ2JvenFVdnNfUGZ5RnB2MWRycHVuYU5MeDVQblFtcDViMzBuM1BvajY4RVFaWU1qVUVSY0lQVFQ4VE1UTTNWRnFGbjR4dll4ZTd5NGRjaTFGT09MOGdSWFJtbnFMZm1XRThqNS1PZnVISHJzYXRWVUZTcGJTd0s4TVhCTWdtQ2liSWhKcFpzU3ExWjVV?oc=5,The Times of India,"Mon, 28 Dec 2020 08:00:00 GMT",2026-06-14T20:35:24.661816,phishing,True,False,candidate,https://timesofindia.indiatimes.com/city/kohima/nagaland-lottery-results-winning-numbers-of-dear-hawk-evening-results/articleshow/79989225.cms
fake website Nagaland,"Nagaland, NBSE 10th, 12th Result 2026 Released Online, Check Results Now on Links here - Jagran Josh",https://news.google.com/rss/articles/CBMixgFBVV95cUxQTkMzWk1IMklGUThvLTcxeXpJX3JLVjVLSmtJbUNiQWxmMEZBYUh0NmM0Z2ZZa1NJUTdUTVFtck13cTM3eWNHSUZJYzlvLVMyMTJFajhfQ3EyQ1VEaVdVbEVaRnVkcHNhUE1lbFc4V3o2Umg0UnRIdWVGTFJrSTlDaEl3akFuWVVveHBRWTNzWFhJcDRlR0VscjlXMVprSmQ5ZWdYTHNkQkQzU2RXTjg1RGl2TS1nd3ZucFhoZWQzWDB1MU1CVUE?oc=5,Jagran Josh,"Thu, 23 Apr 2026 07:00:00 GMT",2026-06-14T20:35:24.661943,phishing,True,False,candidate,https://www.jagranjosh.com/news/nagaland-nbse-10th-12th-result-2026-releasing-tomorrow-official-confirm-nbse-result-date-183829
email phishing Nagaland,Ex-Rajasthan Minister to stay in jail as HC rejects bail plea in Jal Jeevan Mission scam - Nagaland Tribune,https://news.google.com/rss/articles/CBMitwFBVV95cUxNanhyT2kwZklKM0c0eUd3TDRnUm9NTGlBYnlGMlYyVkdTaHJWNkRxRTFmWE02NndiUklpRTRNMjZpNF82bWFGd0FUSkpBSUYwOTVEWndPVUIzVXltLTJKMkYyNXBlTHBvSXcwZF9sbXpiTVZ2eWw5MVZhUHp1dW1qY0Nndm4yTzR5WU1EX3VhVGZkZGdwRFZGaVNyN0hmbHJGQUdvb2NDLVl3ZVNadnRncGlQWkd4R0U?oc=5,Nagaland Tribune,"Tue, 26 Aug 2025 07:00:00 GMT",2026-06-14T20:35:29.741958,phishing,True,False,candidate,https://nagalandtribune.in/ex-rajasthan-minister-to-stay-in-jail-as-hc-rejects-bail-plea-in-jal-jeevan-mission-scam/
vishing Nagaland,Nagaland: Call for regulations of battery-powered fishing amid depleting river ecosystem - MorungExpress,https://news.google.com/rss/articles/CBMiswFBVV95cUxQYV9zbEhjYlpmTWliWTlfNmFrNDJES0VIME1TVE5rWmtyamlJNWZMOHkxcEZaX2QyMXFsVHN1Y2Jza3ZnZ3NnTlR2RllzN2NHa3FPU0RhbU96LVRmc0kxZjdnQUxJMWxkOUhmZzAwRTVWaW9aT3VSSjRBLTU2c3BUWlJBUzZiVW9WaXpmVzRtR1ZubEl2ZFlpWW1BWnQwbHVoZmFrWjRPV2M3NzZ5ODgycHhraw?oc=5,MorungExpress,"Mon, 22 Apr 2024 07:00:00 GMT",2026-06-14T20:35:33.108993,vishing,True,False,candidate,https://morungexpress.com/nagaland-call-for-regulations-of-battery-powered-fishing-amid-depleting-river-ecosystem
vishing Nagaland,Y Patton participates in 21st Tsungiki-Philimi Community Fishing event at Doyang River - Nagaland Tribune,https://news.google.com/rss/articles/CBMitAFBVV95cUxPWGpWNG04RmswZjM3V3BtWkNCVTFxa2l3cTBvaUNZYlJnRGt5a0hXeDE4MzBWcTVobFJKWWVTSmZpOVBxRjNTMmZlSkFlei14MGpQTlV3YUJvVm1neE5sdVllNk83VFlsVXctSEs4ZTdDOTlOeEk1cE43dUVLdDdsX1lVSFdTT3F6R0ZQRTlZOFAtR2RteHgzT3VLVWpfWnVaS3lnX3JZS0FsUnpDeTBLWnU5SWY?oc=5,Nagaland Tribune,"Fri, 05 Apr 2024 07:00:00 GMT",2026-06-14T20:35:33.109006,vishing,True,False,candidate,https://nagalandtribune.in/y-patton-participates-in-21st-tsungiki-philimi-community-fishing-event-at-doyang-river/
phone call scam Nagaland,TRAI alerts public on fraud calls threatening to disconnect mobile numbers - Nagaland Tribune,https://news.google.com/rss/articles/CBMipAFBVV95cUxQY3c5Z0sySkZqdzVQOVg5ak1tZGFLRHZYUEl5LVMwWFp1SlRabnFlS3M3V1JjTFF4R1luMmRpTGlMdE1IZVNxeFc5WVUtZHIxcTltM0JYOEl2bXh4V0dxYmQ0UURyOW5zOTVqRl9mRHd3WW5Pd2RNeTA0NGxJVUp3X3dnallERnpwbkpJZmtJS000UXEtVDk3Z0FMeDhVU2ZRbVFWeg?oc=5,Nagaland Tribune,"Wed, 15 Nov 2023 08:00:00 GMT",2026-06-14T20:35:36.668333,vishing,True,False,candidate,https://nagalandtribune.in/trai-alerts-public-on-fraud-calls-threatening-to-disconnect-mobile-numbers/
phone call scam Nagaland,Nagaland guv calls for greater connectivity in NE - The Times of India,https://news.google.com/rss/articles/CBMiwwFBVV95cUxNNkltWUdIcF9RNmJ5anpidFNJTHY5Wi1FQ19aZE83T3g4LUFuM0VBMnFqY1EzZmM2ZDJCa1RSZlUxNUVSdWJaYkJXcExtMlYwdV9xcjFQUEg5S0RRS0ZzY1dnTGxTTkI0UHRLSWw3WUl2OXZqZlM4WmdIZHd2TUNWODJGUHV3RklJa1ExcnUtbXRlZ1VwbmlkckV6emhPZEN5Q0lWYWU1d3BlaUlhYVVaQk55dDk1WVpsN2dwYXJZemZ2SmM?oc=5,The Times of India,"Thu, 04 Jun 2026 07:00:00 GMT",2026-06-14T20:35:36.668487,vishing,True,False,candidate,https://timesofindia.indiatimes.com/city/guwahati/nagaland-guv-calls-for-greater-connectivity-in-ne/articleshow/131514824.cms
phone call scam Nagaland,Ex-legislators from Nagaland call on speaker - The Arunachal Times,https://news.google.com/rss/articles/CBMilwFBVV95cUxOeEFYekl0a1F1ZFgxUWJ3dzlpOTd2cW1GeE1qNXRrVmp1MFNmT1NWNEJleTl2MXo1QThvWlRqX1VOWUV4dnRZeHE4bGQwTXJsSDdveEJOZXlsZ25YS3JjMGZCMzJuZE43WkNKM2RwemhJTjJhdVdCbnd5UHlvQWZhWm8wSy1sQ2ZEdDNlU3FTc0VqRHJuV0ow?oc=5,The Arunachal Times,"Wed, 18 Mar 2026 07:00:00 GMT",2026-06-14T20:35:36.668547,vishing,True,False,candidate,https://arunachaltimes.in/index.php/2026/03/18/ex-legislators-from-nagaland-call-on-speaker/
phone call scam Nagaland,Neiphiu Rio Calls Assam-Nagaland Oil MoU Historic Milestone For Northeast - Northeast Today,https://news.google.com/rss/articles/CBMirwFBVV95cUxQOXdoMDFjaFYweHJRYWNYT0lhQWd5SFB0SmpwR3BYVlpTQnFjUDQ2SWp4eTZMaUdub3NQQzIxUG1CMlhNTG5VaHJKRGxjV00wTnZwbUNGODd4ZUI5aWNiejRwOHJ4WUtxZmRrRkh1Um9nSHdwYXMxZTU2TXZuci1ISktTUWpKWWZvbXFBMWN0WkdxQ0RnRFVjRENNR0k3V1RCWDdMZmlzMmdQamNlVktr?oc=5,Northeast Today,"Fri, 12 Jun 2026 04:09:34 GMT",2026-06-14T20:35:36.668559,vishing,True,False,candidate,https://northeasttoday.in/northeast/neiphiu-rio-calls-assam-nagaland-oil-mou-historic-milestone-for-northeast/
phone call scam Nagaland,Nagas are the only indigenous people of Nagaland: NSF - The Times of India,https://news.google.com/rss/articles/CBMixwFBVV95cUxNZnBJQ3diam1NYWJCeHc4UHlpc1hxVTlDa1Z6TUdhZHRQR0szYTdCRGpvUk1uME00U21Oc01NMFVyc0UwaVlnYnhRY25DZ0FMdW5YZWViY1J4aWdhc19wNVlaOFBWUW0xeXVXNHpKSkhxSk9iWDQwYnd2YWc5VG1KTThaMmE2U1g3cFhaeUMtdko4WjhTczQwN20yLVRPSDNRcnZweDc5VlVtOEZzbkh3NE5tLUlKU0ItcmRENm55dXZmZ1F4aFRr0gHMAUFVX3lxTFA0Wk5JaGlHb1h3R0VZenFrVEZMUDBXN09GWlRWcnY5ODZaVzU3dFl4M1BjelphaXc5aWVfa3NDWUhWc2R6UWQtb1hDd2Y1UUh1QXloNk82dDViLS1VYnQxOE5qandnY2pWUkZSbDF2NThfMlpqYWMtdUkwX1lWTFVsMGVhU2tKMUxrdml0Y3hVVWd3V28xTGt2MmpaTzBIdlk3NDZvTTVSUlZPS2gtRE9KZDNLNzJIb3VIZERuTmN4cEFfa1B1WXpUZlJMOQ?oc=5,The Times of India,"Fri, 03 Oct 2025 07:00:00 GMT",2026-06-14T20:35:36.668583,vishing,True,False,candidate,https://timesofindia.indiatimes.com/city/guwahati/nagas-are-the-only-indigenous-people-of-nagaland-nsf/articleshow/124278266.cms
phone call scam Nagaland,"Rio calls for connectivity boost, IIT & urban projects in Nagaland - The Times of India",https://news.google.com/rss/articles/CBMi1gFBVV95cUxPSXJjNWNyUUNrZmwxQW1ycjlibDlFSmZ1cmZwZXlzWGFpdnkxNjNMUnhFTmYxa1BXXzAtNHhDa3JqemZHQ3JYLVYyZ05FSWZpNUZYVmhFeW1IcmE2OFFfaDF6SVMxZFg1ZkVoNnZ0Ri0wd1JKXy1hR2JWa0dnYm5OTV9vMENhMzJLSlJ3bkRLUWJNLUVJQU9oejhaQjRCTGxsRlVKa2g5UTV6SWwzaGlSRXg0N2JjR3RET1hQMUlPX3lZRDFGeFF4WFM3alpjZlNuMjdoOXNR0gHbAUFVX3lxTE4wMzNkZWdhWnZOcnBFb2xVMndlVHpQelVLeVFCOUE2NFdBaHRpMXJGV2lUUWQ0WmxJMmlLWHJVb2p0bEd1TlNOQXlPTEZWaHViUm1nNDU3UGZqZmNaVkFTSmRXTWJLSXdRTTI5X0NvOTRWY0ZZTnRlV1RuUWRaVkVYdTFHUW5rd2ZWMVJMeUlIUkJjeG5fS3R5Rk9IUV9fUmFEZVpMenYyUFJzZWp0OUNiV3pHSW5nSXFtVTVXbHk2V3Z1SDVncDNneWJRTXZ5S3cwR3puZjhfWGhhWQ?oc=5,The Times of India,"Fri, 12 Jun 2026 18:21:00 GMT",2026-06-14T20:35:36.668644,vishing,True,False,candidate,https://timesofindia.indiatimes.com/city/guwahati/rio-calls-for-connectivity-boost-iit-urban-projects-in-nagaland/articleshow/131691860.cms
phone call scam Nagaland,"Nagaland: WC NNPGs Installation Ceremony calls for unity, integrity in Naga political struggle - India Today NE",https://news.google.com/rss/articles/CBMi6gFBVV95cUxPU3ZfaTV6ZWFNT3dZM2swUkRCeGU1azR4X2I1MTZhYjF2Y1RzVnp5V1djNHpoWE9wc2lGdzJhaU1JQ04yZ0VFZkRkbFB4NThRX2d3di0yQTljWDQ1aHZzT3BJV1RRb2pnOGJQVEtkeG5JV19xUHM1aTlmWllZRmhhSGxoX2dyY01MbkQwaHJ3WFNNZzVEX3dobnVTWkdXSzBzSDFqcG96VlNpd05YVVpvUTBNV0ZRU1g2SDMwTXNfRHExTVRZVllENHBkemZGNG9QOEhsRmVMMmRDaERVajVCUGE2SkcwNGJXU3fSAe8BQVVfeXFMTjBkSno2TDhfRHNWNDVIVVpKQjVEdWhNckoxa1N6Rll2b0U3MHNxZ1NTSlFfWHF2QVBzQVJuMEdLc2tkdmxTSlhDZVZPVndNVVBxN3BJY2hlZ1hUZ05OUjdBYTVja01kZEpzYVRaNVRUS1BOcDBxeVBpck9JNWRXQ0FJMGFaZEJIZHhBaDNLeUZnM1dsb0Z1eVlyZW9JVjRnRmd4ZjhmeXdnM3VOY0FzaWNsU1A1Zlg0dUctd2s0blFFV091dEJ2TGN1X3lsaUNWNjBkWmNlOWZ4cjV0Zl9xM21na0ZqUEdhLUJBWTNDZXM?oc=5,India Today NE,"Sat, 08 Feb 2025 08:00:00 GMT",2026-06-14T20:35:36.668680,vishing,True,False,candidate,https://www.indiatodayne.in/nagaland/story/nagaland-wc-nnpgs-installation-ceremony-calls-for-unity-integrity-in-naga-political-struggle-1168024-2025-02-08
fraud phone call Nagaland,CBI nabs woman convicted for fraud in Mizoram from Guwahati - Nagaland Tribune,https://news.google.com/rss/articles/CBMikAFBVV95cUxOMjlGNHNhckxRSGZCS0dfR3Vnd1dUUFlxb3ZmZERMNDhDMGZvUEFsX3BKOUdwc0NzZkRLQ1ZWcDZQdW5LZXJUU3dYV0x1NEhPMXJudnlIa0daT0IzbzZZTUFlLVFZZjBQeEg3aTdHb0NHeDZLdDFWU3pUdTdfVnZrcmhydnQzV0FGV21iQjFoNFg?oc=5,Nagaland Tribune,"Mon, 19 Jan 2026 08:00:00 GMT",2026-06-14T20:35:40.813695,vishing,True,False,candidate,https://nagalandtribune.in/cbi-nabs-woman-convicted-for-fraud-in-mizoram-from-guwahati/
fraud phone call Nagaland,Integrity of our indigenous identity and the sanctity of our land rights are non-negotiable”: DNSU calls for public awareness and action to safeguard Naga identity and land rights - Nagaland Tribune,https://news.google.com/rss/articles/CBMirgJBVV95cUxONFdnRzR0dnp2M0ZQX2hDX2w3RFRUQzg2LVRZQWo0RzBHREk3WlZpdmhZZ09nVG9vMGQ0Zm1jZlN1OTdJWVZtUXNGek9Ic1JDZWt4WUJFaHllZ2JoS2ljSkRMa1owMHoyVlhMNEljTHdkTk5zSlNUMThOMkVVQ29NdzRidHZQR2gxRG9qRmFpR25yNTBsRWMtanc2WW9xWkNVNmdlaElTYmFSdjliOEhfZnZkVllwMlVURmVLNG43dzVSVkpaUUpYY2NvdlF6U2QzV2thRXpuZml1c2VGS1J2aVJ3dmJTc0laRjhfVHQ2ZEZ2UXBPenExX1JKbXN4ZEtvSDNsLXlJX0ExajI3bkJFWFladDUyeTJoak05eHA0aVFIS1pDYjlSc0FzT3oydw?oc=5,Nagaland Tribune,"Thu, 29 May 2025 07:00:00 GMT",2026-06-14T20:35:40.814172,vishing,True,False,candidate,https://nagalandtribune.in/integrity-of-our-indigenous-identity-and-the-sanctity-of-our-land-rights-are-non-negotiable-dnsu-calls-for-public-awareness-and-action-to-safeguard-naga-identity-and-land-rights/
fraud phone call Nagaland,Dimapur Naga Students’ Union urges action against fraudulent land acquisition - Eastern Mirror,https://news.google.com/rss/articles/CBMitAFBVV95cUxPTXJCdlBzY0NFMnFKeGFWeEg4MGxqWFJ3S3lzWk1kQkFSUGN1d0hJdjN3aWNvSDhsQnlnLVJ5NUdudFRnV3c5blN6dEs3cWNPVWltU3dORXVZc0c3M1EzM0lUY0tDM3RGYy1sYXhUVGZpRGhuSXpPUjFhQWtQSEJtMnltNXp3S2tjQkRMbC1aRW5PVmJNYl9Ia3FSemgzY1AtMGtYN3hNVHZtTmQ1TUh0UUExTUU?oc=5,Eastern Mirror,"Sat, 28 Jun 2025 07:00:00 GMT",2026-06-14T20:35:40.814316,vishing,True,False,candidate,https://news.google.com/rss/articles/CBMitAFBVV95cUxPTXJCdlBzY0NFMnFKeGFWeEg4MGxqWFJ3S3lzWk1kQkFSUGN1d0hJdjN3aWNvSDhsQnlnLVJ5NUdudFRnV3c5blN6dEs3cWNPVWltU3dORXVZc0c3M1EzM0lUY0tDM3RGYy1sYXhUVGZpRGhuSXpPUjFhQWtQSEJtMnltNXp3S2tjQkRMbC1aRW5PVmJNYl9Ia3FSemgzY1AtMGtYN3hNVHZtTmQ1TUh0UUExTUU?oc=5&hl=en-IN&gl=IN&ceid=IN:en
fraud phone call Nagaland,"Meghalaya CM Sangma condemns sexual abuse of minor girl in Nagaland, calls for swift justice - lokmattimes.com",https://news.google.com/rss/articles/CBMiyAFBVV95cUxNWl9QQ1ZKRkdnNWNyNWY5cnhLaktKZFVMMWZ1WWRlaHc4RXgweFJHbEJnZWl6bFhTZUNvRXJRZG5LNFB2N0F0RTNBNGRFeGhsd0NORjVva2hKcDlYQU9rUjc0MGVSN0dGQjdkTm9HOVpEOTRpY1pGenNPSXB4ZURISlJuMlhacHE1NUE3MFRnVmxzUkkyVVpIcjRycDB0MmRVbFF5TE9KLVU0cXdNLWJwZzVyVnJsVXNTa1JSN1ZiNE1zWnQ3SE1iMtIBzgFBVV95cUxObURFUDJXODVxUE45M2hVZjJ6U3pEYVhUNjVfSjZtMk14T0N6R2RuSnE4X3o5N2hQS0lldGUyQzAzOUhlNHFGTUNWYmVhMS10Y0h6cGFTQlUwTVR3eVdEQnRWcTZRZkQ0NGpEcjVjWkVCTDJQOTJvdGZEajFqeEdOT1hXaUZ3TVlDYzBpa1RRNTlXcE1hTGNhMFd1VmdjQUx0WVQtT0ZzZU9iV1dOSG1mTlJJUzJZak1LSkh4UGpDZXNCb1VVUlFKdndQNVhqQQ?oc=5,lokmattimes.com,"Sun, 31 May 2026 06:08:38 GMT",2026-06-14T20:35:40.814540,vishing,True,False,candidate,https://www.lokmattimes.com/national/meghalaya-cm-sangma-condemns-sexual-abuse-of-minor-girl-in-nagaland-calls-for-swift-justice/
impersonation call Nagaland,Nagaland Governor Calls for Stronger Regional Cooperation and Development at NEC Plenary Session - Borok Times,https://news.google.com/rss/articles/CBMiyAFBVV95cUxOSXlXYnhWM0ZVZ1M5cFFUaXZCQVY0WHlIekpzRURybGxBODI2V2FoOGVsa0dybGhqajhSMXlQMVpyZlludENnTG56WVlkaUJqeGZodTFuQUFWYU44cXIxaWhIRng2eUpvYTJOVGlWS0hBai16YXRHQy1hRl81NEY3dHNpczQ4dEZfeS1GajJEaTV1YWhWeEZDTm5RSVdZaXViRGhoZUhGOEoybVhTNjh5UHA4NW11VkJNOGJScnJWOHBCUlhaUTBUdtIB0AFBVV95cUxNM0R5bkc3SDk2VFFIQ3piSUhmTEg2NDhOaldvYjlXUHhCeU5yYlRVTk55cXZjSlRjaUlVTVdqY3hGSy1VcnZPT1ZjUE40bGZ3VmozYWZuTmp0ZkYyTlZ1djNNZGplX09waERRWjhxWlE0N1duNmVJYm82cm00bDFzUnpVcVFYc2h6eW9oRGpiWXZocTFxTTAwWlVEcWhGWjZtQ2sxamJpdndoM09NdXpST3g4MFNnRmV6ZUUxejhPNnNJOVFGZklMbzJNXzJSRjFX?oc=5,Borok Times,"Mon, 08 Jun 2026 08:31:29 GMT",2026-06-14T20:35:42.405912,vishing,True,False,candidate,https://boroktimes.com/shillong-nagaland-governor-calls-for-stronger-regional-cooperation-and-development-at-nec-plenary-session/
impersonation call Nagaland,NPP flags alleged impersonation of security personnel ahead of Nagaland by-poll - India Today NE,https://news.google.com/rss/articles/CBMi2AFBVV95cUxNRURKOS1sdmI5WVh5X09PUHNkRzc4TW1YX2FZUTFJa3o5dTFCQ1ZuSm5fZUVCSnkzWm5fYVk4Uk5lRlVxVU10Rmlxb0tmNURGaE1nN0ZtbjhJX0FTYkxVWjJnY3FiMWxnNlFjVkt6Z1VlVVc5ZHh4djhlN2REOXh4WUNubHFIel9ac3FwSDZEVGlRS0ItcWRoRm9Cc2dGclRHUDN0STVaZnZYNFhyU09IaGNvTk9sZGxSNWd5S0t1TWJjU0FRTENEZWk1dDladVEzcEszdmFFaWTSAd4BQVVfeXFMT2VBR3hWWlVaVzh2TWZxWVMwRHBjTzVPU0ZraFJ1TWR5S0xIbWRTYXpyeXlyb3hDOHF0Z1VMQmlkWDNsbUNWVjRWa1lMTGZiYlhpUHVnV0E2SUduS0QwaHZGZUdsVnR4RFZMVS1kMjhMSlJjMWZUTmZqOTFOSUlOd1lMTjZ6UUlwMDQwckRwOHhFREVJZWt6REJiWllSVm9QSlpiZmZNZ2daM2huNmNHTm9WazduaGsxU0JkTElfTlVMNWF0UFQxeUItZ3A4WUtSa1ZXa05wZG84RU0tclFB?oc=5,India Today NE,"Wed, 08 Apr 2026 07:00:00 GMT",2026-06-14T20:35:42.405928,vishing,True,False,candidate,https://www.indiatodayne.in/nagaland/story/npp-flags-alleged-impersonation-of-security-personnel-ahead-of-nagaland-by-poll-1372724-2026-04-08
impersonation call Nagaland,DGP Rupin Sharma assures transparency in Nagaland police recruitment - Eastern Mirror,https://news.google.com/rss/articles/CBMiqgFBVV95cUxNQU5pTk5UVWF0WG1rQnRBOVVhdHJPWE1QSndlck5TZ3JWSVNyRUtyWkZSRlA3cUt2VkdTRHVla3lNOXo0MDBvdGxyQzQxS2RaajVwdUhBMWgzZTFGaEkwZzZzMjZrc2pFN29rdHAwR0hNd3ByRjFGX1RoME9rVUl5WndYanp5TldSa0xXMXdaV1dVOFZxUmpUVmJEcE5QOGp1cXJjd3VnWG14UQ?oc=5,Eastern Mirror,"Sat, 28 Feb 2026 08:00:00 GMT",2026-06-14T20:35:42.405944,vishing,True,False,candidate,https://www.easternmirrornagaland.com/dgp-rupin-sharma-assures-transparency-in-nagaland-police-recruitment
impersonation call Nagaland,Man impersonating Assam Police Inspector caught with illegal liquor in Nagaland - Nagaland Tribune,https://news.google.com/rss/articles/CBMiqwFBVV95cUxOQ2JUWTIzV0w2WERoNnRxUXBtY3NKNXBsOThhMm1wSHRZRlN6Z09WLTFZLVVPMlVIN0N0UnpGZVhNUDJZR0V6NEFsTmZWXzQ2VTZmb2Y0UDBGeUFoOUpXc3o2U3Ftc21ST0dGOHVESHR3NXVYRTV2am5mZzZwM2F0cVVzdnVxX3ZhTUJOdTJ3Q3VONWMtWFNGazNURTZ0R1lhZjRZTHJBWEx2UjA?oc=5,Nagaland Tribune,"Tue, 15 Jul 2025 07:00:00 GMT",2026-06-14T20:35:42.405959,vishing,True,False,candidate,https://nagalandtribune.in/man-impersonating-assam-police-inspector-caught-with-illegal-liquor-in-nagaland/
impersonation call Nagaland,Nagaland governor calls for celebrating spirit of humanity - The Times of India,https://news.google.com/rss/articles/CBMizAFBVV95cUxPM3pMYTNLRjJBRjBlZ2tSUUhkUHlhTXc4emFJT2dZNmQ4NmRTcDRTaU03RnduYm40OHdXeTJoYzNDVUh5ak83LVE0VDVDblAtTXpMdmRYd3Z6RmhRNGpwLW1qQ0ZuemNud0w4UmNWWWRFSW5Cemp6Y1JJeTA3NnRGOTFlWHVHYmpFR2Zjenp4N1V3Qk9CUUZtM3U3Z0RFcVRtOEs1dnlsQm00VXBDaDRKT0tjdU5LRWhFRlpPZmoxWnVvalJPcC1xVGYwdWbSAdIBQVVfeXFMTmZ0T2s5Qm1MSEZnZ1RHS3FxVFFCM3UyQUowLXVwTm1vWC1rNWdwck1rdkN4dGstelZsX0pITkpCU1dCQ2ROZjdONVBfb1NyT0E0T1VlTWxXaVVLbXczalpPZTZ4VlZHQkhrX05tUVd6ajJEcEdIMXN2ZWR6UWx4RVFwczdkMEdTTGRrY0trT25IbW9aR2lxTXA0bkE5S0lzZGlhRXJXNnl5MlR1dnc4MmczQmtPbGJaY0I0OUFOOElOdXFhRGRLa0hkVlBoU0JrOWhB?oc=5,The Times of India,"Tue, 09 May 2023 07:00:00 GMT",2026-06-14T20:35:42.406020,vishing,True,False,candidate,https://timesofindia.indiatimes.com/city/kohima/nagaland-governor-calls-for-celebrating-spirit-of-humanity/articleshow/100089449.cms
fake bank call Nagaland,Naga group suspends cadre for 6 months; 6 held in alleged fake call centre raid - Eastern Mirror,https://news.google.com/rss/articles/CBMitwFBVV95cUxQX3g4UVE4TkVYRWNRV1BxdlBxWE5wTGpaNkpXZjZTNXJLNk10RmV5UXRMd1JfQktSU1ZvRjY2WTBseFgxSXBndU5zdFZsYVMzcURKcGN0d29qb0dDMEFnOGFDdnJrTkZGN0ticWpiOHhXSTg4S2E4UkJDRlg2bnIzYlN3LUYzOFdRbTh0bmFPRHFJTGE5MVBMb1A1b3FnZnJoYURESzRYQWFWdkNNcENnQjdIV2FUU2c?oc=5,Eastern Mirror,"Wed, 17 Dec 2025 08:00:00 GMT",2026-06-14T20:35:44.397361,vishing,True,False,candidate,https://www.easternmirrornagaland.com/naga-group-suspends-cadre-for-6-months-6-held-in-alleged-fake-call-centre-raid
fake bank call Nagaland,"Nagaland MP demands full NABARD coverage, BG Express rail link extension - The Assam Tribune",https://news.google.com/rss/articles/CBMitgFBVV95cUxNaVNXdGwtWTkwT2JQRzNEcnRHTHhxU052S2Fmak5iQXJvcU1uWlE2UVlHTE1NOEpTcTgyTmlROVM5N2tfN3JNMXlCaURfZjk1YWNWb2FvZnFuNXdTWXA4RFpPUzhKclpGSUw1bXBsTW4yRG9LVERPZy05bUxQdXdiV2w1TnN3NldHQ256MXNKdE9KX0ZfVE9PTVFETDdINTJXREE5SUVDdkhIaVFEam1IUzV0OUtCQdIBuwFBVV95cUxNMTl1YmRlVTZpS1ota3M5ME1UZlhuT0dib2JPd3NYcFdZbE5jcFEycC1KSlFVTGpoRzV3M3NGbzhKZzB4SDdvRHQ4OHhGRHpmUDh6RHV0M0taWkpEMi1ra1NmQlRoVk0wQmNUbms1dFZvTElXMnQzSzJ6Z3RMN3RiWGI5X0NEdmgwa3JoSkZTNmZ0azB3U3V6ZDhNM0pOWGFDRFN3TWtSZk9qLXVDWE1MaXpMdmlFQVFxQV9Z?oc=5,The Assam Tribune,"Tue, 19 Aug 2025 07:00:00 GMT",2026-06-14T20:35:44.397423,vishing,True,False,candidate,https://assamtribune.com/north-east/nagaland-mp-demands-full-nabard-coverage-bg-express-rail-link-extension-1588720
fake police call Nagaland,'Don't react emotionally': Nagaland police on fake news as Manipur tensions simmer - The Assam Tribune,https://news.google.com/rss/articles/CBMivwFBVV95cUxOa0paM3UxTTF1ZW1SLW14TWxPVEFrWmZtQmRrazlIYUhldHBrTms2UnF4ZGRoQU1sYklWOURqYmxIaUZZNlQyX0NsR1U3Q1hOT253QWU4YmlOanNtV0ZvLUV0dFdKVUNMQkRBMEZVNHU4ZkdncWZFRWsyRW02X0QzMy1ISXBScERfTVRKQW9OS1d0b1JUaGVfaFc3bUgwODFKWDFRRlFsVEFDYVA3WHpRVjQ2aDkxRk9rT09QWGJNZ9IBxAFBVV95cUxObmtucldWS3BvcGJUNDZuN3Y2X1FkeE5NeWVLdEh4TUhPMTFvX245TFUtVzIxRUN0SVdlcUZvdTFPRU44VGpUU08wSlVCdE1DTDZBMHZCcTRFOTFxU0VweFNZRjBqUndnWGktN1pmVldMX1BIY3dORkl1S0taY3I0X0k2SkxTeEhnUkFQaGVTbkg4R1hQSU1JVC1zVFNseW1JZS11UG9GU0V6RWdmX0VZNVhJalNfSHowd3ZmaUs0alYzWGdf?oc=5,The Assam Tribune,"Fri, 22 May 2026 07:00:00 GMT",2026-06-14T20:35:46.553128,vishing,True,False,candidate,https://assamtribune.com/north-east/dont-react-emotionally-nagaland-police-on-fake-news-as-manipur-tensions-simmer-1611930
fake police call Nagaland,Nagaland Police urge people to maintain peace amid concerns over spillover of tensions from Manipur - India Today NE,https://news.google.com/rss/articles/CBMi8wFBVV95cUxQODFydjVNVEVMbHY3ZGthU0cxLTdqcjRQSWRDYkczeXdSd01wSk9iUXBOdUZyZmt3eFpxYS1zMlVYUUU4ZHhpaDNOSExXR1dXOU5VNl9Rdm1DVXpTalNfQTRHNXI0MnBLSjFOWHl0N1VDeWhsUWk1N1h4al80NFl4U2VxRm9aWlBkNW1wVzdpcHJUZmltdVd1a1c4WmpnMndzTkI5TTJrNzBMWHl6Q0F2ZG5wMjY5VF9DUjV2akdZa2NtYjdvVWRLUkJkZGVUT205VHFUNFZSOFFkQ3RLNmdlZ3ZDVjdJQ1Vlc3N6aGZtbHBjem_SAfgBQVVfeXFMT294VUh2bmlWTERHNEdoYk1oRXVFYjdwTUViN1FyTFFiZktHV0d6Y0VSSHl1aWJkSEZEY0NSNHFsQ3Q1amxUcXI0M2FPLVN6YU12SF9KN2dCcXMtdlZEWTJxZG9UT2F5ckxLZUdvT0d3aXc4dEl5NzJseFh1Sjh3b2xtdjdpLU1heklHN2k2TFlWdXlNSW8wclpSV1RqRDYtS1pQalJOSFdsaG5DWHZlOFhBOUJ0cWk0dEQ0V3VWdkQ4X2h5ZkNfb3V5c3RFei1OMlI0LXZscVJ1Vjc2cEkwTUVzb3hVbXhodHFISXBURUtfMEJTS3pCRG8?oc=5,India Today NE,"Sat, 23 May 2026 07:00:00 GMT",2026-06-14T20:35:46.553172,vishing,True,False,candidate,https://www.indiatodayne.in/nagaland/story/nagaland-police-urge-people-to-maintain-peace-amid-concerns-over-spillover-of-tensions-from-manipur-1396279-2026-05-23
fake police call Nagaland,Detained 45 Naga youth including ten females in Punjab’s Mohali jail granted interim bail - Nagaland Tribune,https://news.google.com/rss/articles/CBMitwFBVV95cUxPNlpoNFBlY2o0TmVxRldKLXhndGxIWkxnV2c4YTlacGE3blJ2a2pwX0lOdjliaEF4ZGktY09NTTZGWnVEVzNtX1g1RzctQjJCdWRLb05HMkItWGdmMGcxdlpHRGVZcFAwLU5yLWctNFhDbGhMLWZ3cGQxSjhuUHluaVl5bjMxLVlULWgxUmctWlp5TW5heDNFT3RsNWZHZVVCS0JFYmV4Wm5OOXo1aGtrWEdWbVMwbTg?oc=5,Nagaland Tribune,"Fri, 27 Sep 2024 07:00:00 GMT",2026-06-14T20:35:46.553364,vishing,True,False,candidate,https://nagalandtribune.in/detained-45-naga-youth-including-ten-females-in-punjabs-mohali-jail-granted-interim-bail/
fake police call Nagaland,"14th NLA: No cases against Nagaland State Lottery by central agencies, CM Rio says - Nagaland Tribune",https://news.google.com/rss/articles/CBMirAFBVV95cUxOVnFGeEsyWUNiem1pRzJnRHQ1WnFxYXAyYUZjVzFkazRiTEpJdWRMa3ZyeDR3UVU0eUlRODMxUFBibXVHeDF4cVAwMWhLa25ncnpUMW5RWXNpWkhCNEtTdmtWamlXYy1nVnVKcnRzT3B3REFtcllMVFlfQTI1NUZ0S3VhdTFERzZGN2g1MmRIVlBqajU5UXpLNkRKMVB3N3BZSWdRYjN3QjFlQ09p?oc=5,Nagaland Tribune,"Mon, 11 Sep 2023 07:00:00 GMT",2026-06-14T20:35:46.553557,vishing,True,False,candidate,https://nagalandtribune.in/14th-nla-no-cases-against-nagaland-state-lottery-by-central-agencies-cm-rio-says/
fake police call Nagaland,Promises vs. Reality: Inside Nagaland’s war on drugs - Eastern Mirror,https://news.google.com/rss/articles/CBMikAFBVV95cUxOV0VrQXlDelBLczRUbndhaE5OT1JwVHh0M1RQSzRSdm5zLTVxVGxlVDVMSEozN1NJb0hWX0pZdDlEZ0lrTWRqX01lcXNkeHNIUnI1emllc0Fzc2ZaUHROeHVwcG9QMVoxcHhwNkJCcFppMWFuem8wbFZIOHhWMWZaWDh2OTBYcDk1aVEwUEM5a1k?oc=5,Eastern Mirror,"Sun, 13 Jul 2025 07:00:00 GMT",2026-06-14T20:35:46.553565,vishing,True,False,candidate,https://www.easternmirrornagaland.com/promises-vs-reality-inside-nagalands-war-on-drugs
fake police call Nagaland,Central Nagaland Tribal Council launched - The Assam Tribune,https://news.google.com/rss/articles/CBMic0FVX3lxTFB3TUZ3SGY0YjNycGtWQ0l2aUh3RHQ0MDhLN1lmZWVsdHRBWTNTdXRpOTNTZFl2V1VBem9xM3ZpcEtlVUxjR3dtUTFub2ZYZXNtM1lTbzl3YUxkRlM2ZXhqQWNuNHVCU3F1SW5Cemdfd0hZVTDSAXhBVV95cUxQUW94Y0JfMjJnNWpLZ1FzaGo2Y1A5eTdKbEZFNWpnZ0RyQnVFR0EteHBrcjNudVc3QWtGRFVLR25tQmJfVHVWTEU0aV8wc2Q1SzNOM0dYaldMZE8xajdaTnNPTEZ0WkpHVXo1TG1SLWZPZmxnQ0Y2enY?oc=5,The Assam Tribune,"Tue, 14 Sep 2010 07:00:00 GMT",2026-06-14T20:35:46.553748,vishing,True,False,candidate,https://assamtribune.com/central-nagaland-tribal-council-launched
fake police call Nagaland,Nagaland Woman Was Key in Rs 260-Crore Transnational Drug Cartel Bust in Delhi - Northeast Live,https://news.google.com/rss/articles/CBMitgFBVV95cUxNZ3kxN0M1R3Y2T0VCallXZkZmVjlXbkJ2a2ZLbDd4YlN6ZE10eld3allycjZOd0IwOFRNOXRsZ1VnVEpaRk9MZnRPcDFOVTRDUE82RFpHT0NGdEROVDJnbjl5bWJhWnZwOUtuZDdSTXV6ZGtCd0dFWXViZldONFFTMkhLN0R1NHVxbEpUVEpwbGo1d3ZyUzVDbHQ5dGNiU1ZJY2Nsa3h0SG9hX3pQYlhrRHBRX1pVZw?oc=5,Northeast Live,"Tue, 25 Nov 2025 08:00:00 GMT",2026-06-14T20:35:46.553771,vishing,True,False,candidate,https://northeastlivetv.com/topnews/nagaland-woman-was-key-in-rs-260-crore-transnational-drug-cartel-bust-in-delhi/
impersonation Nagaland,"Ahead of Nagaland by-poll, NPP claims anti-socials threatening people impersonating as IRB personnel - ThePrint",https://news.google.com/rss/articles/CBMizwFBVV95cUxNVmNQQzl0bEhVWVFlc0M0cEFWUnRBOVhYa0t4TmRRZ3U1SlZDejQ1Z3FqRFZUdnJkclFEMDBESkpnVHVteFJIQVFCVHo5ZVFvYmRKZGlWYjRqd1BXbjRtM1lYbjFxOHlxZldVNUpHOXN1bmFRR2JoamFQTmkzX1ZOUklKRl9NU1hnUXBJZVQ4VmpQQUpUQ25LOUVjbk5TRm1zLUJRMlB0OUU3aU5mQlNDczEtaDdELU11eUJQSVI4RGRXZlNaRmJlNlJZNFpuUFXSAdQBQVVfeXFMTVZFbGM4TVFkbmNjcUo0N1FqSVhVZUwwcVBFX2QyeUhfSlR4WVdzQ3BvWUNKREM5U3BoakJneUFDa1JIT2lWN2VaWldnNE1JSTFSQjFSTzNiY0ZpaExyTUNodTQ0MjBZd2VMZVRya0xMSF92TUpYbzFxbV9rWm4xWm94dXRtbjNzT3JmMTBFcXVxSEpfd0pzU2o3NEdoNFZWc254Q3B5QWtsRTUyOUUySjRQNEZkR0hwRHNpV251Tzl0dXlNQzh5YnhrVGN6RmhfbTF4LWw?oc=5,ThePrint,"Wed, 08 Apr 2026 07:00:00 GMT",2026-06-14T20:35:51.567324,impersonation_identity_theft,True,False,candidate,https://theprint.in/india/ahead-of-nagaland-by-poll-npp-claims-anti-socials-threatening-people-impersonating-as-irb-personnel/2900047/
impersonation Nagaland,NSCN/GPRN (YA) warns on impersonators extorting money in Kohima - Nagaland Tribune,https://news.google.com/rss/articles/CBMikwFBVV95cUxQSnFuNTNfdjJJMTZvclJMcnFwcXVSX1RVcm9CelJ0M3VsTEVFRERLYTB2eXN1Y3N2S2NxSE44V0MzaEsxVkc4aTdxejM2N1ZOQ0c3QXNINTE5ZkZISHRYNXpob1JBYWhFcl9ySFMzbGJqWkVKRnJaZFVDRFV4dENIcVJCUzZVaUc1eFpuOWtacGsyOUk?oc=5,Nagaland Tribune,"Sat, 28 Mar 2026 07:00:00 GMT",2026-06-14T20:35:51.567352,impersonation_identity_theft,True,False,candidate,https://nagalandtribune.in/nscn-gprn-ya-warns-on-impersonators-extorting-money-in-kohima/
impersonation Nagaland,"NSCN-YA Denies Conducting Taxation in Kohima District, Warns of Impostors - Ukhrul Times",https://news.google.com/rss/articles/CBMiaEFVX3lxTE9qVmtPZ3FLTm1kYWo1OUFoVE04N2pLUnBTaHFnV2MtQm42R1RVSzlQMWQ1ZFF6dVlqampNRGJ0Ulc1NEFDY29xSmp3M3FtRVJlNzlQNFcxdzhIQ2gwaGpzY0tkSVRUelFz?oc=5,Ukhrul Times,"Sat, 28 Mar 2026 07:00:00 GMT",2026-06-14T20:35:51.567365,impersonation_identity_theft,True,False,candidate,https://ukhrultimes.com/nscn-ya-taxation-kohima-district/
impersonation Nagaland,Nagaland Police Constable Recruitment: Written exam at Chumoukedima on Jan 20 - Nagaland Tribune,https://news.google.com/rss/articles/CBMipwFBVV95cUxPRDVKWmhjVjJsQjI4cWtkNndPWmxsNE9NdVlSNzJndUVScmlCZ3ZvZ25mMXJPQWhvZzBaQ29mVERjUGQtTXpFaWt0QVZYX3JIRnRBenVpQjNISGpNZExQekVoMjJXLVJpaUlrbWtLYzhwWVhyaXlrQWlNR0V2OFRSdDhBLUppSUU5d3J1NTRyanpPdFpLRDdmZS1EbnF1T1NtY2hENjRlNA?oc=5,Nagaland Tribune,"Mon, 19 Jan 2026 08:00:00 GMT",2026-06-14T20:35:51.567416,impersonation_identity_theft,True,False,candidate,https://nagalandtribune.in/nagaland-police-constable-recruitment-written-exam-at-chumoukedima-on-jan-20/
impersonation Nagaland,CEO NAGALAND AND OFFICIALS BRIEF MEDIA AFTER CONDUCT OF POLLS - DIPR Nagaland,https://news.google.com/rss/articles/CBMiT0FVX3lxTFBSUXU5eFNpdE9RZDJqTDZFSkw2anNpNU1VQWxwQ3hqOXVMbkZqa1psU3ZOUEF4ZHdxUVprYTdfUEt4NjU2aExNWFhFRG02aHc?oc=5,DIPR Nagaland,"Fri, 19 Apr 2024 07:00:00 GMT",2026-06-14T20:35:51.567472,impersonation_identity_theft,True,False,candidate,https://ipr.nagaland.gov.in/node/13899
impersonation Nagaland,CEO Nagaland issues show cause notice to Y Patton - MorungExpress,https://news.google.com/rss/articles/CBMigAFBVV95cUxPSEgwS2xjV0RRV3R3R3FwbjBOcHJxc0ViakJCTUtiVGZoYWdncmJrc0pfc3diZFJ1Sko3WGlBV2tkdzJtZE1ES0g5RnByWTZPWHNaOUlCd0EyLXFTZE8xdmNCWGV6RVZobDM5LWFkRi1DVy01UWZ4SktnWnBKaUJXNQ?oc=5,MorungExpress,"Wed, 10 Apr 2024 07:00:00 GMT",2026-06-14T20:35:51.567536,impersonation_identity_theft,True,False,candidate,https://morungexpress.com/ceo-nagaland-issues-show-cause-notice-to-y-patton
impersonation Nagaland,Nagaland CEO issues notice to Dy CM Y Patton for his remarks during campaign - Nagaland Tribune,https://news.google.com/rss/articles/CBMipwFBVV95cUxORzJQV1A5RERWRHBMeGVrZU5hS3NfOTExUjNGYWpUSDJYakNodWhHRjYxdklVNGt3d05OMmJLcUNMNXFNWE5FZEhhbjFrYWRtMTA3Qm5LNmZjbVIxNXgtalhnLVVCdXB5b1VFZkgzTzVsd2FzY0xpakpUelhJS0IwdEpWWlJoNm01bkg1M3ZRZC1VbjBLMUJSSDdPMTlWdml3M1ItMklfUQ?oc=5,Nagaland Tribune,"Tue, 09 Apr 2024 07:00:00 GMT",2026-06-14T20:35:51.567548,impersonation_identity_theft,True,False,candidate,https://nagalandtribune.in/nagaland-ceo-issues-notice-to-dy-cm-y-patton-for-his-remarks-during-campaign/
impersonation Nagaland,Nagaland: Nationalist Democratic Progressive Party appeals for peace and tranquility in upcoming LS polls - India Today NE,https://news.google.com/rss/articles/CBMi-gFBVV95cUxQbmdXQVFMMTVDZU5TRVNqR3JDSDd3eGR4SWZMWmR3ZGo1eWxtUFFDWkNUSVRrY3RXRGhZZXhUT01DMmdPRmFjdVExWEFQVWdQT1JmSGY0cTl6clNsMGczenllYXVaY3F0bW9iWDNxWnFIdXlOQTRpZDVEdHNVeVZnVlRnOF9LY1RJNXdfV3JWV2dVaHBVZjBXLWJDZ0RVaDM1ZHZJeEVZSEdYNk1uQnhUZGtUVlF1amszbEJfLTVWZjZNVmtMMm9QUHFfYTBxYmN0S0J6a0NYUThjWkQ2T2dLSjlOOGJNajNFTEVjbmlBVmFLUWtjMFVXXzJB0gH_AUFVX3lxTE8taC1XbGttWldzbTV6X05sY19xM2ttZHZpNGNkeWk5aURiWVVpMjBFbVV2QTZKZ1NrcHJNVlhxU0FIWkp4cWxTUk5GZU9WaFBkUVJ5NnppMV9xTUNFOXNRdWdldkgxSXNWbTd0NE9mVGtnb0FlNTI1cnh6enM5MWdxSGJydDcxb3JqQWs3SFFPcGxsTDZCM2tjNmFUN0JENzNQVFIyZnFLSzlFblRBc1NKc1JGLTdja0YzNHBjYzNLTF8wdXFzR0g0WWpCS1hJQ0dOdFVkNjJQUWlDWE9KZlJVdzBmWFhhUk1yNkZJTEZibGR6WndsTFJ3b090eFV3VQ?oc=5,India Today NE,"Wed, 17 Apr 2024 07:00:00 GMT",2026-06-14T20:35:51.567585,impersonation_identity_theft,True,False,candidate,https://www.indiatodayne.in/elections/story/nagaland-nationalist-democratic-progressive-party-appeals-for-peace-and-tranquility-in-upcoming-ls-polls-982696-2024-04-17
impersonation Nagaland,"MeiTY gives blocked websites, apps 48 hrs to prove genuineness - Nagaland Tribune",https://news.google.com/rss/articles/CBMikwFBVV95cUxPbXRXOTFqZkd6RmlfcEw0aF85ZURnYVRzOEFab2M1VmMzMDJReHFhMlM1d0s2eGtMMGZDa0JpczI4bHllUV9FTGJBV2prM0haSTVSM2c3WTEyWDZBZVlrYXdZMExPa2s1UVpQQzktN0JEeTkzT3B6VkZENkN0SDhOcUpkWWRBT3RoeFRDVjUtbEpHWGc?oc=5,Nagaland Tribune,"Thu, 09 Feb 2023 08:00:00 GMT",2026-06-14T20:35:51.567599,impersonation_identity_theft,True,False,candidate,https://nagalandtribune.in/meity-gives-blocked-websites-apps-48-hrs-to-prove-genuineness/
impersonation Nagaland,JD(U) dissolves its Nagaland unit - The Assam Tribune,https://news.google.com/rss/articles/CBMifkFVX3lxTE0zQS0wTGpKX0JFRG9KRDdaTnVpY1E4SndjQ0djLTN0ektXLUJPMWdUdVFLQkx4X19UXzk1RVdHVXQwWks2VjNVVFdXWWVLTjdnRDY1SWlURkMyRTh3NUtaMDc4dHYyRjRrTk5aa29SVUxoNE16VDR1ZHM3LWk1QdIBgwFBVV95cUxPNVVpRVQwSlhMMFB6WU9lVVd2bzZMWXhmTGx4NEhWWkhPR1hlUzIybUZLaERva0Q2ak84Skhjdk05QUZUaEp1QVlEMTZJY3FLSnhTUVZMemJKYzY5QmZpT3gya20zSnVpVHVRUGZ2UVo0QS0taE5HVURwa1I3aFhXaHlRaw?oc=5,The Assam Tribune,"Thu, 09 Mar 2023 08:00:00 GMT",2026-06-14T20:35:51.567625,impersonation_identity_theft,True,False,candidate,https://assamtribune.com/national/jdu-dissolves-its-nagaland-unit-1466128
impersonation Nagaland,Nagaland: Y Patton gets show-cause notice from Chief Electoral Officer - EastMojo,https://news.google.com/rss/articles/CBMisAFBVV95cUxNaXBILUc3Uk5aYjFPN0R1ZzVPY0p4QU1aeXl1ZV9jMFhOclFXckFYNlMyNHpMcWJXNTJRYzlSWW5jRUtNMVZHWkd5a21xbHVJNmFlN1V3VVUwNGprRFF3Z0F6c0ZkU3gyWWdmSEFvSW1LUXNQT180WWdLTGpqb2VSR1FoR0hDc0RramlqRXF1aVpKV2hxdUtQMDl3NUU5SXIxWFh0SkF3Y1V1UWN1Y1BvcA?oc=5,EastMojo,"Wed, 10 Apr 2024 07:00:00 GMT",2026-06-14T20:35:51.567650,impersonation_identity_theft,True,False,candidate,https://eastmojo.com/nagaland/2024/04/10/nagaland-y-patton-gets-show-cause-notice-from-chief-electoral-officer/
identity theft Nagaland,"'Didi, chopper nikal jaayega': Nagaland minister's witty response to fan during public interaction - Mint",https://news.google.com/rss/articles/CBMi5AFBVV95cUxPTlBvYUlFSEFRekcwcWZvbDVKYTJSTHVvOFI1WVhXREk1X1huN0x2X0hDTUJRMVdhVjQ0aXFPLWpaNVBkWUFYWEF5dnFjUGt5QXJSY3FlT2NsRU50ZUxNcHR3RjUxb0R4N1F6NWhDcmRybTVYMDlIMnE1MVl3cDIyYTRlc3p3MVJadDFMTXFtVGczY1AtNzNPMndjU19SdmNZUHV5aFBLQXlFWlVRcXFreThFM1ZCelpLVGRmbjdDc2hCVzRhSFlJWTdWV3FReHBBVGdNSjF3ZlltUWlzWjZ3UTlpR0bSAeoBQVVfeXFMUFNYcWVBV00yaE9wYkowSW1pVjBBM1cwMjRPOG05ZWR1VTZMb09DSVBuaW84UldEdjVUV1JjSERKRTE0VmlvOFl5OVlMTFlLRHZjNnBUTkJWMjBfZ3VyTmF4aG9GNFZZNi0zTklEREY2M0NZYzhHOF92NmpCM2U0WFZzOWlJNGFuTlo2amp1amRtekNRdWZ1Nk9fb1hfQW5UWE5EdXM5YlhabnBpVkNCUGpyeVhqZWRTZHEycmw1bVZVZ3R6U3JVbV9uaTFNSzRVdE1wMUp6SkIzNExQa2dETjZnaDB4UDQyWWF3?oc=5,Mint,"Fri, 10 Apr 2026 07:00:00 GMT",2026-06-14T20:35:53.228825,impersonation_identity_theft,True,False,candidate,https://www.livemint.com/news/trends/didi-chopper-nikal-jaayega-nagaland-ministers-witty-response-to-fan-during-public-interaction-11775840788906.html
identity theft Nagaland,"Kohima Police crack KMC heist, link accused to 10 other burglaries - Nagaland Post",https://news.google.com/rss/articles/CBMilgFBVV95cUxORjUyM3pKbkFYempQdHdYRVhuVVNCRUlTUFIwcG9meWVtSHc0eXdSdm90cHlDLTNiMGo3aFl0Qlg4S0RoamFoLVNHN2NMbDBudGhlUHh5N2Rmc1o3YWtWcFZMcGEtZm5jZnBNaEJHcVhoNGpZVmdaekxDTEx4Z1Rzd25MaWhaanNlMExxcGtEMDA4eEVxZmc?oc=5,Nagaland Post,"Sun, 22 Jun 2025 07:00:00 GMT",2026-06-14T20:35:53.228925,impersonation_identity_theft,True,False,candidate,https://nagalandpost.com/kohima-police-crack-kmc-heist-link-accused-to-10-other-burglaries/
identity theft Nagaland,"Digital spaces becoming new battleground for gender violence, says Vrinda Grover - Nagaland Tribune",https://news.google.com/rss/articles/CBMiqwFBVV95cUxORlhTdUZaSmE4RTRld3pPVUNiWVc3Nm9EY1NfeVZtUUotVDYxWjdILUxDMVFWVm4zbmxtcmhPZVJ4RFZqTjIteDUwRTJIWFRyd2Z6VXRKSGh5RlB1cldwSUpKakxUNE5hb21JY3g5WkNTSjJLMmxDRGVLczhkLVJoaFNVSnFhTTFVb0ZhR3JQa2NrRjZybnB6dE1tSlJ4OWhSMzVrM1FaX0h6b1k?oc=5,Nagaland Tribune,"Tue, 25 Nov 2025 08:00:00 GMT",2026-06-14T20:35:53.229006,impersonation_identity_theft,True,False,candidate,https://nagalandtribune.in/digital-spaces-becoming-new-battleground-for-gender-violence-says-vrinda-grover/
identity theft Nagaland,Nagaland Police to introduce online submission for complaints on stolen vehicles and mobile phones - Nagaland Tribune,https://news.google.com/rss/articles/CBMixAFBVV95cUxQLVFiSDE0eXVaWWhLTFlCWEwyajdqX2lvV25pYUJvblhxQWFLSGxFUmdvV0NjTkg3NVdUeHJnNnRkeU0yeVJfVXNNamVUa0lGMEM2QkVzc1M2c3ljNTJLc0J3NGJrMDNmajNFVUxlSWp1WElTS0I2TG1kTnJkVVlkUzRuUUVjNlBoVjF6SDQ1b2w1ZlpPamZpVGhSd21JR0lqd1ZqdVhzX2FtaFRORFRxYkU1UzdXenF4NVZGazFLVUdPUVRf?oc=5,Nagaland Tribune,"Tue, 23 Jul 2024 07:00:00 GMT",2026-06-14T20:35:53.229019,impersonation_identity_theft,True,False,candidate,https://nagalandtribune.in/nagaland-police-to-introduce-online-submission-for-complaints-on-stolen-vehicles-and-mobile-phones/
identity theft Nagaland,14th NLA hold discussion on communitisation of electricity management - Nagaland Tribune,https://news.google.com/rss/articles/CBMingFBVV95cUxPYXJ1ZVloSjJPM1FRSTNsSEFLY09fakFXTkRLeV8xNGl2U18wZDRLS01vTDJ6T0E3VkhsMGpCY3dIbHI5MjJucFRKYnFnWEJSMHh1ZmpWb0xSNGJSWVdTWHE1ZVEzci1NSWMtMnduWHpyZzdybkdqSl91bHVwdG5PbjhZQWZsQWV5aDh2THRJU3dJQ3J1d1k0MzJMdy12dw?oc=5,Nagaland Tribune,"Fri, 30 Aug 2024 07:00:00 GMT",2026-06-14T20:35:53.229031,impersonation_identity_theft,True,False,candidate,https://nagalandtribune.in/14th-nla-hold-discussion-on-communitisation-of-electricity-management/
identity theft Nagaland,G20 Flower Pots Get Stolen In SUV; Nagaland Minister Pokes Fun With Hilarious Caption - ED Times,https://news.google.com/rss/articles/CBMipwFBVV95cUxNM25XRjdrZVVQY25mVXZEcXBOZ01PakdWbVg1eThFakJMRTdJM0t6MXBlSW55dlg1REcxd2FkZm1QSnJXWnlVOWN3N0xhMkRyeHc0MUtHcklTd0QzUFoteHJ1aWRDTWxBanh5U1RPdmpDdnBmSVJaNnpxVVV0UWNqMEdGX0FqbWsyRzhBOTRNemM5eEVPdkxFX3lLVi1GSndFTUIzVnVmcw?oc=5,ED Times,"Wed, 01 Mar 2023 08:00:00 GMT",2026-06-14T20:35:53.229086,impersonation_identity_theft,True,False,candidate,https://edtimes.in/g20-flower-pots-get-stolen-in-suv-nagaland-minister-pokes-fun-with-hilarious-caption/
identity theft Nagaland,"Nagaland: NSF opposes ‘One nation, one student ID’ - NENow.in",https://news.google.com/rss/articles/CBMijAFBVV95cUxOeEE1N2poZmN1SlJkdTIweHJwbTZhNmhFVk1OX3YyRi10RGpvdk5sSHVnRVV3OEd1c1hXamFKTUZWZUszWGc2REplaXlVN0YtSkEwRVA4aG1laWI2MVZYcjZ3el9MTDRaTi1kNDVTNThMaFYydmM2Y29nWTRsZVhuSnNGRk5sTHhjLVdKaQ?oc=5,NENow.in,"Wed, 18 Oct 2023 07:00:00 GMT",2026-06-14T20:35:53.229164,impersonation_identity_theft,True,False,candidate,https://nenow.in/north-east-news/nagaland-nsf-opposes-one-nation-one-student-id.html
fake identity Nagaland,Nagaland: No-confidence motion against DMC chairperson withdrawn - EastMojo,https://news.google.com/rss/articles/CBMiqAFBVV95cUxNcHVlUk44OEVlUVU2QWEwaERrTVo0Rm85NTRoU3ZwYjUxYjlCZXphYV9MOXBlUXJhMXlGY1RhclZqWnl2dkd1Nk4zS1NHenFTVmtrSzdScnpCcUloQkJBX3NFUEg5cndRemlrV1FBYV9sOC1ncER1OFRGZEdRUlk0ZWlOdi1nY3VhX1ZUcmFRd0h1MkhpWE0wZi1xd0llWUNXOWVvdVMxazY?oc=5,EastMojo,"Fri, 22 May 2026 10:32:28 GMT",2026-06-14T20:35:55.257697,impersonation_identity_theft,True,False,candidate,https://eastmojo.com/nagaland/2026/05/22/nagaland-no-confidence-motion-against-dmc-chairperson-withdrawn/
fake identity Nagaland,Alobo Naga’s MUSiK-A marks 10 years in Nagaland - EastMojo,https://news.google.com/rss/articles/CBMikgFBVV95cUxPcVZJM3ZzUUt4RXhueGZlanlUdlNoX01QUV9GREUwZzNGU1NxNVdILVJVV2REalRVRGNDSkZudTZqcXo4Ml81RHg0Z1piak5OQnIwamVsaW5UMzQ1Z2tGLThIN2dOZDczT2hsTjA4Y3pHTE1zakZmMjNQZ1JSRDRKRUdGanlqNFVsQUkxV1YzWGVNUQ?oc=5,EastMojo,"Thu, 07 May 2026 07:00:00 GMT",2026-06-14T20:35:55.257748,impersonation_identity_theft,True,False,candidate,https://eastmojo.com/nagaland/2026/05/07/alobo-nagas-musik-a-marks-10-years-in-nagaland/
fake identity Nagaland,Nagaland inks deal with Tata Motors Ltd to boost NST services - EastMojo,https://news.google.com/rss/articles/CBMipgFBVV95cUxNMW1OeG1mck5WRGFhOXB2TjRzTTczTzJTOW45WFhZUTlqZ09qdkl5M3pCZGFyMXdxMjYwT1Z1czlaS2RIVWEycmNYdGJoczhJUDhkVXdSemk1ekxPcm5qaUlWTW9YMGo4LWUwNHRySGduZ3NUc0VSbHJ0YnUwenRENTBMQjlOdEdHR2V0Tk4tWVlyUXF2SnFoLVhkWW82OGllTzd4d3pn?oc=5,EastMojo,"Tue, 05 May 2026 07:00:00 GMT",2026-06-14T20:35:55.257773,impersonation_identity_theft,True,False,candidate,https://eastmojo.com/nagaland/2026/05/05/nagaland-inks-deal-with-tata-motors-ltd-to-boost-nst-services/
fake identity Nagaland,Nagaland orders unauthenticated staff to submit ID proof by June 3 - The Times of India,https://news.google.com/rss/articles/CBMi2gFBVV95cUxQV1VvNEl2WGFkbGxHWjU5N0dVQ2phNGo2ekFyTUtKeWZVRTdHUDUtNGZhZlZoRWd2eDRCM1lFZVo3NnRaWnBzdXZBanZwTnl2MWM4VUhoZjZWU3hJUjVFVFVrMHhpVDBVQ05mOWlBU0RYQXNTU1RDejZqUlpMd1lRRDRfQ0Y5TzQ0cjdJMFZEYUNBNElZNV9yN3dwX0tVamZoMlVLUm5pSS1kRVQxWTFTZjJpN2hJZXo0dmZhY3hUWnRlZHBGOFVZanV3VUh3MFM3RV9KZzU5OHU3UdIB3wFBVV95cUxPRFBheC1jZWlKS3kxX1Q3Z3JJZTNPMGRpa0VhS0pWLTRyeWNHdFludnJyeUVyVDBfUkZQNGFSYVNnVThta0RRNDIzU0hLQnlSWUhnT0Z4UksxVUFyQ3QzejVlMFVfekx1XzdFV1VuOW52ZjV6ZldBdHd4MWVvMUZJaW50T3VWV2FvSEZaMV9iSkk4MzIwMjlUeUNfTUtFTlhhX1NDU3VPSkljM1o5TWtndmY2eElPR0hHcVdzYnBLUjEzU3ZJNmtIZk04c2R2LTZZR1FnaTdxejg2RWpoanlN?oc=5,The Times of India,"Sat, 23 May 2026 07:00:00 GMT",2026-06-14T20:35:55.257797,impersonation_identity_theft,True,False,candidate,https://timesofindia.indiatimes.com/city/guwahati/nagaland-orders-unauthenticated-staff-to-submit-id-proof-by-june-3/articleshow/131284350.cms
fake identity Nagaland,AKM condemns misuse of representative image of Naga civil servant - Nagaland Tribune,https://news.google.com/rss/articles/CBMimAFBVV95cUxQYjNSaTNfUGFwNkliQUdiVmNMSUJid0ZNWmJpVDRpTzJjUl9BaWV2aXhsdkw4aHBsZEJROWdFMzlELTE5a1Y5ZzFMOHFuZVBrdDhrQXRrNzlrVGVwX2hiNEhqUDRXRDZFTzBrcVJKRnkxYjRZTzc4SlMtelRMekZRMU9DcExkcEFpeFlCelBOWUpqanRVX3djNg?oc=5,Nagaland Tribune,"Thu, 12 Dec 2024 08:00:00 GMT",2026-06-14T20:35:55.257830,impersonation_identity_theft,True,False,candidate,https://nagalandtribune.in/akm-condemns-misuse-of-representative-image-of-naga-civil-servant/
fake identity Nagaland,Fake residence certificates continue to emerge in Bihar - Nagaland Tribune,https://news.google.com/rss/articles/CBMiiwFBVV95cUxNYVJFUnVTSklLOUFxYlpSWDJkZVpiaXZ4TFpIQ1oxSnB3SmxEaHY5LTUwVEM3RnM2QkVwNnZkSG02dzhQd3VqSElmdnRBc2VWQ1B2elJuRTlDME5tMHFUc0hRRGpCTHV4M3BmLUxLYUR1OThOMFAyR0FaQ0VfZEFWZTE4UXQtbnNYOGNv?oc=5,Nagaland Tribune,"Tue, 29 Jul 2025 07:00:00 GMT",2026-06-14T20:35:55.257838,impersonation_identity_theft,True,False,candidate,https://nagalandtribune.in/fake-residence-certificates-continue-to-emerge-in-bihar/
fake identity Nagaland,Nagaland Govt issues fresh guidelines for issuance of Indigenous Inhabitant Certificate - Nagaland Tribune,https://news.google.com/rss/articles/CBMitgFBVV95cUxQcURQUUZVTFdfSUYwcUxQc3dXYVZxWW56TzlRSXAxbjluLVdUcHJySmpTMFBvWHVOS2NiN2JNUVRuQ19QYV9iZUIyaHlDM3RfQ3dOZzN1d3gzNGNQTUozbmpqaDRfRTBoV2RWYmtjUk9sMkgxV1JIN3VhLUNuMExqYllDLXhrQ2NocnpjWGl5b2hjVkdtQkY2LXhCRFRmX3NoTDAwcndXOEtYTnpIc2ROalBYVTRkdw?oc=5,Nagaland Tribune,"Mon, 23 Sep 2024 07:00:00 GMT",2026-06-14T20:35:55.257846,impersonation_identity_theft,True,False,candidate,https://nagalandtribune.in/nagaland-govt-issues-fresh-guidelines-for-issuance-of-indigenous-inhabitant-certificate/
fake identity Nagaland,"ECI debunks viral claim of dog listed as voter in Bihar, labels it ‘fake and incorrect’ - Nagaland Tribune",https://news.google.com/rss/articles/CBMisgFBVV95cUxPd1FETElyT2c4U2xuUGdKN3plcXQ3RzVnMVdfRlhWOGRGLUV4MVVfeExuS25Malc1MVB2SXRjdUNJUXlGYXdBY2l5dkR5eWUzLTlMUXJMUS1MUHI1SUU4YnJlYk9YYmlGamtjNmlJeFpkYkVIOUtiaHNaMTNsQ3JFN3ZEOEFKSXhFXzZMWThJVkhrNWRKbFNOLXptMFE0UGhGekxrcWZ0UHBiZXRSb2EzTFln?oc=5,Nagaland Tribune,"Wed, 30 Jul 2025 07:00:00 GMT",2026-06-14T20:35:55.257862,impersonation_identity_theft,True,False,candidate,https://nagalandtribune.in/eci-debunks-viral-claim-of-dog-listed-as-voter-in-bihar-labels-it-fake-and-incorrect/
fake identity Nagaland,Assam Nagaland Land Dispute Resolved - Prag News,https://news.google.com/rss/articles/CBMifkFVX3lxTE1xenZFX2FHLTVrU1FVQ3R1Skp4MU43NjN6cEJ0S1VwR2prdko2aFVSVWdBbEZsWXNKOW5tX1VnNWpGNkdDdTR5RlBCa3NmbW9PWDlGLVBRTVowUVd4TWtMWWl4NWJsbzdFRzZ3QXFpSWRKa2daWU1oV3dBWWJIQQ?oc=5,Prag News,"Fri, 12 Jun 2026 11:24:35 GMT",2026-06-14T20:35:55.257887,impersonation_identity_theft,True,False,candidate,https://pragnews.com/en/centre-assam-and-nagaland-sign-landmark-agreement
fake identity Nagaland,"Licenses forged on fake Northeast addresses: Gujarat ATS busts nationwide gun racket using Nagaland, Manipu... - Bhaskar English",https://news.google.com/rss/articles/CBMi1wFBVV95cUxQa3MyRm9aWXV0cElUeVlXTzJ4WFhFRFdGT2FuSFY1QWJPREg5Qm4wTnBkVW1xY0RBTmx6YXhwSW9Jd2hrZjA3a2JmZV8yZTY3SlZNdW9tUF9EaHpQQ3VHTDlNYTh2clhWVmJpekhfY0hoU0FwQXRoZGRyeWtVaXRveGQ4OE5TSV9vREx1YThSRG1sT0dKd2c0LWw2R1VxWVFMSW1KNlFIQ3ZkVWZoOER1ckJkTkhfUWgtaGRlcFhoQ3Q0NUI5dnJNbnJucWJNbWRfZVMxNXhzSdIB3AFBVV95cUxPdFFscjZOdTJLVU5vcll2YWJnQmtySjBCLWlTVDZacW5WTjhFUGhNcEJIeE1ZSHMwYlJWdlBOMVM2aDF4TXpKQlN1RENTSHNsQlBPeTVMbjhucFJ6T2VTZHYzaUhQc1ZFOUJBaGRVc0RVcVQ0aXF1alZyVHdSRmI3VlZsV19WNGRhV3AxeVpER0pKRjV1Y0J4NDBJM044cjdnbTRNN1NBQkpGWS1GLTNRYmlDQ2lrTDdIZ2pPOWdsSXFFRWZxQzRYUVpweDBtOE5Gbk5aaWpvNzZsWW51?oc=5,Bhaskar English,"Sat, 19 Apr 2025 07:00:00 GMT",2026-06-14T20:35:55.257925,impersonation_identity_theft,True,False,candidate,https://www.bhaskarenglish.in/local/gujarat/ahmedabad/news/gujarat-gang-used-fake-manipur-nagaland-permits-to-sell-51-weapons-134867367.html
fake identity Nagaland,Nagaland’s White Owl Lit Festival 2026 to spotlight Northeast’s literary legacy - Nagaland Post,https://news.google.com/rss/articles/CBMipgFBVV95cUxPU0hKenFMT1NtMi1YNTBEMDZKczZneEpqdTgyN0U5QjBkSFlvbnNYQzdpUTFDdGlFNVFDWXFlSnRLWW5XTnZGaU10RDloQ1ZMNmVyUzdjWFM4Wmt4azB4bGc1VXdPbl9QYWJLTmQ5Y1A5VktndTdDYnlyM2s4c2Q0ZUJuZG5wYlgyajR3LV9UbUMwRFM2aW1vckpFanA5bG1pTTYzMEdB?oc=5,Nagaland Post,"Wed, 31 Dec 2025 08:00:00 GMT",2026-06-14T20:35:55.257932,impersonation_identity_theft,True,False,candidate,https://nagalandpost.com/nagalands-white-owl-lit-festival-2026-to-spotlight-northeasts-literary-legacy/
fake identity Nagaland,"Dimapur Naga Students' Union condemns alleged illegal land transfer, demands action - Eastern Mirror",https://news.google.com/rss/articles/CBMiuwFBVV95cUxQaHZXVy1jUTZyUWlMbXlEajZnbFFGaDFSLUhsbk45RGpjLUIyRkJHcVM3N0sxUGZhdTFPQXdsc3dPRVJiTHpOdUhielBxZV9iczFsdWRGUmVla0RUMzNCU2Z0VTJaMk94bXdWdmxVTTAtSHhnS1JTTjRsdzNGcW9NM09vYnBMdnJvTkFNSDRma25scmwyTHN6akNjS1lYeW9MQWdlWG9vMWFKVExoWXc5TndGc3VNSThoenZv?oc=5,Eastern Mirror,"Mon, 04 May 2026 07:00:00 GMT",2026-06-14T20:35:55.257948,impersonation_identity_theft,True,False,candidate,https://www.easternmirrornagaland.com/dimapur-naga-students-union-condemns-alleged-illegal-land-transfer-demands-action
fake identity Nagaland,Delhi HC issues summons in Naga Chaitanya AI deepfake case - MSN,https://news.google.com/rss/articles/CBMipAJBVV95cUxOZml1SFZldXBKNW5KSjJzeHhKRUd3WWlzS1NIZUNoTHlmdUZKdzFnUnh4dXFuQnljaC1mNTc5MXRJamoxOWU5Qllab1JHT3JkUVJlT2RoVVprTFNaVmp6X1llSjBWMlZxdDRCbHBDR3d6SnU5clhRdFFDMXhuajRjbzg3enY2SU1zMW5GelBTbEdSTHB0dC1ueXB6WUtfVDhHeTdQd3M5N2x3SEE5VDRCVmNGRmVQRVNDejlEaU1nOFc1RkNGM29VWjBicmxKWUlxVURaZXBlT1pRWEttejN5ZmJkTDJ4UF9nellFdUZsTk5YWUJ0VWhMdFN2cWhpRkFsblRiSnBCYjFGT2FNRlR1OFQ4c09JcDlPaGplZmFleHBxTU9Y?oc=5,MSN,"Mon, 01 Jun 2026 07:00:00 GMT",2026-06-14T20:35:55.257957,impersonation_identity_theft,True,False,candidate,https://www.msn.com/en-in/news/insight/delhi-hc-issues-summons-in-naga-chaitanya-ai-deepfake-case/gm-GM053E3487?gemSnapshotKey=GM053E3487-snapshot-3&uxmode=ruby&cvid=6a1ad52b17c848a1b649de86c556e95d
fake identity Nagaland,"AFSPA: Don’t Cry For Nagaland, Mainland India. You Never Do - Outlook India",https://news.google.com/rss/articles/CBMiyAFBVV95cUxQM0dteUFYSlBWdjV4TkU0RTFuSE1jNGY4WWJzbUZTUU5yZG1GVFBfSWxNZmV6THA5eWNNa1NxaUsyQ2IyRmdYT3UzbU1SUUdQeGM3R3FFOXBLYmNsNFFTYUtIV3hDTFlMMTUzM01HT2ZFOENzX21XQ2ROSmhpLW83SFlONlNPa1ZMbzVOemVEQkw2T1ZXbnF0bVJoZWFxQ29icFpVdEJ2akdkeExqa2lYNlRCdkJKdWZuSFNRX21KdUp2R1ZUdlV1btIB1gFBVV95cUxQSnpOYnZSX3JOZW5TOWRhcUFxNDdsLWpnVkVfaTFVM1ZnSHlhdGotdm5mM0Z3cHJWRGpCQTRGRm9QNTh6eGFYQ1dOVjZETGZnelhFNEkzTlpaYjhrdDhqSUg5bWx5SmRoWEdYc0NoY3NGc29MRlo3V2p6dVdvLXBsaUZEcmwzdXRpQnl4WmdhWnV5eVlzX01QMkhDeVY0RTlJU0RMSmVjd0tCS1dkOFdndVMyXzR0X2dzUUdWVlIzUUZNSlI5WERTWFY5UUZVNXp5bkprRmFB?oc=5,Outlook India,"Wed, 07 Feb 2024 08:00:00 GMT",2026-06-14T20:35:55.257985,impersonation_identity_theft,True,False,candidate,https://www.outlookindia.com/opinion/india-news-tyranny-under-afspa-dont-cry-for-nagaland-mainland-india-you-never-do-news-305295
fake identity Nagaland,White Owl Literature Festival 2026 in Nagaland to spotlight Northeast storytelling - India Today NE,https://news.google.com/rss/articles/CBMizwFBVV95cUxQU0FYWU90Szd6NDFpcTRRcHptTWUwY0t0ZEk4VjlyN1VBMFlPb1dlTnJLYUJPWjdwU1dQSFkzSTFDZWg2UXAtNkUtX000MExxRFVVMndJZjU2NzZvVUktbHREOVNISG1nT0t4ZDlGemhhWUN2dWh3TXpnNTdQRXJsZExMTFk1UkVXaC02R3BMRkw3N2dtejBWb0ZCWXVLRE10Yk1nWThjdlFwZ0YxRDR0d1FQMGU4Zk1tSExhQmFhQWU5ZEFJRmdoeWNfbDhWYmPSAdQBQVVfeXFMUHFrN3NwZkx1aGQ4ZFlQRG54UFBhb1FlTkFxYXVfYlJtTDc2dko1ek16WUpVMElOQ0dPM3ZIR0QxN3daZkFCd3BkUDZpd0F6aWhuOXE4S3kzZ1d3MzI5d0hRelpMNC1vWnNDalR3dGdoXzA1b3poV1cxeElKbnhYcGlLZXhMdWhSTjJqYXRBd3pjZFNBMlI1ZEk2ek5jaG94c3h6SUZsMjN5UEFPZzkwTzNVdzY2dWk4MHJ6Y1Fjek1VWmpWMWV1aklCdEhxTjU2M09wc3E?oc=5,India Today NE,"Wed, 31 Dec 2025 08:00:00 GMT",2026-06-14T20:35:55.257993,impersonation_identity_theft,True,False,candidate,https://www.indiatodayne.in/nagaland/story/white-owl-literature-festival-nagaland-celebrates-northeast-stories-2026-1324574-2025-12-31
fake identity Nagaland,Aimol Tribe Union Manipur denounces Rt Akhel's statement on Monolith erection in Chandel - Ukhrul Times,https://news.google.com/rss/articles/CBMiugFBVV95cUxOZUozOUoxbDR4RnZab0JrQWZTVmR5LXZUZnVXUjRHQVBWOVpENERNY1ZkcHh3Sjk4NXU0VDhId09TSGUzejduNmloVGh3OEgyWmFGYzhmdkFDNGpPc1ZjU2tEd3JwOXh0aXdnYTJrTlk3Q3hIZW9fbVBUcHREZllpV3loTjlDTU9mXzFIWW5BbEZoNTJlS0tncWVNa2hEUUdJblVjOXNPOHlWX2l5Vkp3OHFTTWtjSlNPcFE?oc=5,Ukhrul Times,"Wed, 11 Dec 2024 08:00:00 GMT",2026-06-14T20:35:55.258057,impersonation_identity_theft,True,False,candidate,https://ukhrultimes.com/aimol-tribe-union-manipur-denounces-rt-akhels-press-statement-on-monolith-erection-in-chandel/
fake identity Nagaland,Prime accused in Kohima terror attack arrested in Bengaluru - The News Minute,https://news.google.com/rss/articles/CBMioAFBVV95cUxQMjFTUWxnQllBYlVHWW1FMmhLRGJOSG5WTTZWbU1jTmZjWlFRRTYxbkRnd0tkeDdweFEtSFJrNmJSTTdEWVdpelBybUVxQ1RlUWZEQUNWeHJjemU1ZHl4Yi1OQW8wQUlSYUpCRmNLQ1JWbjNzX1JtVTFwSUtoWHFDaDJHSXY4bURNR0NYSWt1T2Y1el9lUGpVNHRNRlktd3Fw0gGuAUFVX3lxTE9sT2R5c3ZRUVJ2a2p1ZFBkY3FJNVFDTTdwMlRnLTBuVFA3U3lhTlNMc19KMVo0VnJkX3JOZ1lyQklqN0k2REEzTkFMcVUwM0I1ZHZwNzl1a1RBOFlhaGtHYXlvSzNQU3RHZndRMEU3V25GNjJEY28tbXZDTGwzMGJxMEdRSUY1Ul9TS3lqTmx1aUxJUzZCMmZJVEo0eFNpREs2RnN3N0xyVElsTEdpQQ?oc=5,The News Minute,"Sat, 26 Dec 2015 08:00:00 GMT",2026-06-14T20:35:55.258159,impersonation_identity_theft,True,False,candidate,https://www.thenewsminute.com/karnataka/prime-accused-kohima-terror-attack-arrested-bengaluru-37082
fake identity Nagaland,Mumbai man held for fake PCC in Nagaland gun license renewal - MSN,https://news.google.com/rss/articles/CBMixAJBVV95cUxNMHU3QzdZV2drc2FvY21MdHVRZVJoTVJSVmFGNTh4enk1dXRHRjkwMkdDRGcwUHNsYVJIWm5EeVVBQzFSNTYxcVpRdFFtNGkxeE9TUktVZmdGNnZFQ1VucWNyTmVPM3J5Mjl2MWNMYTB4RkpIdHQ5bzhWNW5YOHpJYjF5OGJVSEZvYi1jYXZFZkZJZFdnSDhnYnlGZXRicWplZkhIVkFVa0k2bDFjWTV0X0lPQVRfQzFma2dpLWZMS04wbWJKcEcxZ0xLN2RYT0lXZXE3bFN3Ml9jTkFuWWotcXN6VU1jYkxZaks4YWlITVctX3loWGhOSEMwSEh0LVpGQTZRVEp2ZTdwdzhXRU52Zno2Y293Umt0SzVyUGxDRVZxTExpUVBnMm1lTXpLeEtSWkplY1ZfRFRoNUhqMDg3TTJ2OUU?oc=5,MSN,"Sun, 31 May 2026 16:12:16 GMT",2026-06-14T20:35:55.258206,impersonation_identity_theft,True,False,candidate,https://www.msn.com/en-in/news/India/mumbai-man-held-for-fake-pcc-in-nagaland-gun-license-renewal/ar-AA24ts0n?apiversion=v2&domshim=1&noservercache=1&noservertelemetry=1&batchservertelemetry=1&renderwebcomponents=1&wcseo=1
fake identity Nagaland,Nagaland government issues new guidelines for Indigenous Inhabitant Certificate - MokokchungTimes.com,https://news.google.com/rss/articles/CBMirAFBVV95cUxONFpNZE9GNkV1UU0yaURTamtnbHdyMnFxV1NKSFAzSVcwTGRWR1JPNmZaSEJkQ1Nia1ZRSmpxSnF5cXJfRnBTcGV1YjhpTUhzdXg4RnppVTFnZTVvTTlXdGZQMW8zUXNzdjI3M1RiVHYtc2hsWHlmWEo1UzhPMlAtaGRYejFiZXF3ZmJyaGFRY3B6MHRSaHVXT3VuU1Jkd0k0NkRraV9fMHA1T0FQ?oc=5,MokokchungTimes.com,"Mon, 23 Sep 2024 07:00:00 GMT",2026-06-14T20:35:55.258248,impersonation_identity_theft,True,False,candidate,https://mokokchungtimes.com/nagaland-government-issues-new-guidelines-for-indigenous-inhabitant-certificate/
fake identity Nagaland,ST Exclusive: The curious case of Nagaland gun licences - The Bridge Chronicle,https://news.google.com/rss/articles/CBMilwFBVV95cUxQQU9fTmdiRm5qbXdUYWF2TkJ5VEJPNmVvU3FSeXVTeDVkOUZ1MVd0QWp6bFFzMFBzVmJEQzNnYlQ3ZmZld01kbm4tdkxBdlRYNE5Ed2VqNXZ3ck9UbklzU19jcEgwQ1ZsV2VVdUtMTFFJS1JwemZMaFJQUmhweTVQNVFPaXlNNnJMT1VSdU5xZmVuM21QVkVz0gGkAUFVX3lxTE1ZQUdNNklhdGt5QkNpcUNXVmhNSGEwRmxjOGRvQjBldmhsbEN4X2x3RVlqTHhwZU1Pem1NOVBGSjNnVjNReThaeldYU1NIeFRPOS1VUk5xYnVrMjE4aWlRWG9xQ3diTTVnamVueXRHcmRKanFVUVFYODF0cUJPMEl4WW1FS2s0cVczM3dhR0gzZjdTbU9xWG55NlhJWXFIdXd2LTJw?oc=5,The Bridge Chronicle,"Sun, 05 Nov 2017 07:00:00 GMT",2026-06-14T20:35:55.258286,impersonation_identity_theft,True,False,candidate,https://www.thebridgechronicle.com/pune/st-exclusive-curious-case-nagaland-gun-licences-8264
identity fraud Nagaland,Nagaland governor intervenes to ensure issuance of disability ID cards - India Today NE,https://news.google.com/rss/articles/CBMizAFBVV95cUxQZ3l4QVpsckZxeUpTWldpbzl1WnV3ak1USE93U1ZnQzBKcVl3bjZKNm1SU2packtlcS1nTmhJWThYZmRJSTFySTNseGZoaG1WbWZmb0VxVndBTDNkSkhfRzczM3o3ZzJyejNUWlU0eVAyUGMzZUk4MFQyYVhLTnhxeVpuS1RRRDByc3Z6V1VEWDJqVjRVUzlmLS1JamZHUkhGS0lQcFNQemFhN2xOVXI5NUVzX0NISW5tQmZPSkZhN3lLOUNySVBieGZYMW_SAdIBQVVfeXFMT2RCZV84M0xOSEJ3NFJYdjlKTXJfelNWSXRmeFNya09SdmV0WHZscnVZVklrZHpPaE9XLWRsRk5XVGtFbjluTS1KQWxISEZ4b1Fsd2V2TVk1bU1wMkw3dkJBUjc3RG5zRGpJOURYQ181eFpjalNnTUNDYzcwNkdvOEc3VTZVNnF5VDV2ZHBMRWtqa0hHT0FsaEI5QkpNXzNocXlnN05jejBENEFUZzZaZmp5TVluZ3djOUJESURfNGlacjhrLUJYNXJGYzFGZXEtMHNB?oc=5,India Today NE,"Fri, 29 May 2026 07:00:00 GMT",2026-06-14T20:35:57.121108,impersonation_identity_theft,True,False,candidate,https://www.indiatodayne.in/nagaland/story/nagaland-governor-intervenes-to-ensure-issuance-of-disability-id-cards-1399659-2026-05-29
identity fraud Nagaland,"Guwahati: Tripura’s Solar & AI Push, Mizoram Budget Focus, and Nagaland on Rice Identity & More - The Times of India",https://news.google.com/rss/articles/CBMi-gFBVV95cUxQSjl1RHVKczlGSGxkajA0b2Z0dVFoWm1fMkhyN2lvLXplRWgxb2NiUEJ6dmpLSkJjeThMZVo4V2piV3FqLUU4V1BqSFBZMEY2cXlWOEJRVVktZ1lBS3k5Rk8tOGxxSWF4c3JUaDhxaVZWNHh5OTF6WTZTcFE4b2o3WllaTm8zX3BpUGR0RDF1Y1NGeDFiM1JMSkNHOU05NUhRazVBVE41eDJrQnk1S0tReGcwSjEyQlg3ZzJlRnNZMEotMXhZdjFOcHJFWUJET0RXRnYyZmxtRS1GQnNiTld3a0VsSjZSSUJKMVpRMF95Y1RiMUkxd2p1THZR0gH_AUFVX3lxTE1BLUgwMktSZ3ZKSkJaQW0zeTFlcWJCNlZhcDQwMVBsVExIcWFkd3VGYUF1SmxYeTI0Q0dNRF82TGpIT3J0NVZ1aUJIdDc0c3B3aVpVX1ZRUjNvd3NzUTlGN052eDF5cHBMMkdHTmlMUlVqTHJNWUVnaWdEVnR1cEtXbEdTekhWSDdBblRzLVdBNndQdTRRVEVwVlZaQlhrVFEtMU16eXJiLVNYWEJYX2FqekltWDBQZFNqOUdyb2xOMkZISWpnZi13ZmIyVjljWl9MRzZaMUgtcjdPUGRNY2c1QkZERlAyUW5mdEM3X3h6OHN4enVubHo5S3FCQ3dlRQ?oc=5,The Times of India,"Fri, 27 Feb 2026 08:00:00 GMT",2026-06-14T20:35:57.121161,impersonation_identity_theft,True,False,candidate,https://timesofindia.indiatimes.com/videos/ai-top-news/guwahati-tripuras-solar-ai-push-mizoram-budget-focus-and-nagaland-on-rice-identity-more/videoshow/128860280.cms
impersonation fraud Nagaland,TUENSANG DPDB MEETING HELD - DIPR Nagaland,https://news.google.com/rss/articles/CBMic0FVX3lxTE9CMHUtbTlFSUpjWXhkS08yVUVPRVRpZExlTmZoQTBPRmRMajlxNUdRX3ZHbzEwTU1DWXRsZXJDXzg0Vk5Uei1NdDhOdzF1V1ZPRUNyb20zYzhoZkplbklnaFlHcV93d192R2dHcUxUTFVMbHM?oc=5,DIPR Nagaland,"Mon, 08 Jun 2026 15:37:08 GMT",2026-06-14T20:35:58.950954,impersonation_identity_theft,True,False,candidate,https://ipr.nagaland.gov.in/index.php/TUENSANG-DPDB-MEETING-HELD2
impersonation fraud Nagaland,"Tuensang DPDB discusses waste management, cybersecurity - Eastern Mirror",https://news.google.com/rss/articles/CBMilwFBVV95cUxQb0szWmJiUmFobFZFMG1uclRMVEtHM2JkQlJzbzVLLXFmS2NaeUlsVkxoaWwtQVI2NURYUTFZLU8xTVZVWkhFQUZEb0JldWVOZXhUd3lHcUVCV3l3UzJ0SGFQLXlSODNvTHIta2FBMFVHR0RodktkS3E3U3daLUhUMWpZVEh3V1ZGRGxfWFBKM3hrUkZIY1dr?oc=5,Eastern Mirror,"Mon, 08 Jun 2026 15:46:11 GMT",2026-06-14T20:35:58.951027,impersonation_identity_theft,True,False,candidate,https://www.easternmirrornagaland.com/tuensang-dpdb-discusses-waste-management-cybersecurity
impersonation fraud Nagaland,About 80 lakh e-passports issued till date; system upgrade to check fraudulent - Nagaland Post,https://news.google.com/rss/articles/CBMipgFBVV95cUxNc0ZNbW5yM3RiQ0NYQnpEbU1EYXJIUV9SLVlhVUN6c2cycjZGZ1g2b0lXTVg5QWt6ZktVY1JVX2FfcjNWZmFCeU5FblMtUG1mUkF3alZBdEpTYWgtWVRmaVhfeElYNkhpeUQwMGE4cU4taFR0dXJxLUFuc1pKbnY1WEpFT1JsTUdTTVRFLVhaeFJ1SFRia3UwTWliazZKMUVfS05rVzBB?oc=5,Nagaland Post,"Wed, 19 Nov 2025 08:00:00 GMT",2026-06-14T20:35:58.951095,impersonation_identity_theft,True,False,candidate,https://nagalandpost.com/about-80-lakh-e-passports-issued-till-date-system-upgrade-to-check-fraudulent/
impersonation fraud Nagaland,Fake doctor case exposes serious lapses in Dimapur’s medical system - Eastern Mirror,https://news.google.com/rss/articles/CBMipwFBVV95cUxNMVZrZGN3ZklIb2VXNndJY2FjQVpET3Rhdm9jb05oR0lQMGxqUUFrNmhKdzFyQ2g2MEp0SG1DaWJQT2lwNTBzV3pnNUpabVd2ejRncE40aFExRzVMNHNxYk5qM0tCUzcxdVotbVExZmNkSkNkb21ycnBYazJ2NWcwMEJwZjBjbi1pMmdzRXhNcWpwck9URDRPaTdUQTdjclEtcEJnTmlQTQ?oc=5,Eastern Mirror,"Thu, 08 May 2025 07:00:00 GMT",2026-06-14T20:35:58.951246,impersonation_identity_theft,True,False,candidate,https://www.easternmirrornagaland.com/fake-doctor-case-exposes-serious-lapses-in-dimapurs-medical-system
fake account Nagaland,"Fake works, fictitious bills: CAG reveals massive financial irregularities in Nagaland - MorungExpress",https://news.google.com/rss/articles/CBMirwFBVV95cUxOZmlxVGJXaTFxQW1zRktlMUw5QW5ZdGhUeWdYNHA4OHhsY2d1NTRCX2I4LUhQcjNfcWdSYnpVRFJ1dmhxc00ySUxzR09mWnROd2k0MWdqNVhxNy1Kb1gwOVFjNFRXVUFuYW5hRGRYNmswZ2J6TTkxeHpJZV9EcVhSRkhnYURTS01ybS16S3lRa0FEV2RzZGtzUFNZcFJZcktUY1VYWW9zaFUxblNpbEln?oc=5,MorungExpress,"Sat, 28 Mar 2026 17:20:48 GMT",2026-06-14T20:36:02.988059,impersonation_identity_theft,True,False,candidate,https://morungexpress.com/fake-works-fictitious-bills-cag-reveals-massive-financial-irregularities-in-nagaland
fake account Nagaland,Nagaland: NPP Flags Threat From Fake IRB Personnel In Koridang - Northeast Today,https://news.google.com/rss/articles/CBMinwFBVV95cUxNR3B5VElJbTRkXzNTN3EwWjlkdllRTlo2SXpyd1ZiSnVJUzdweUdCbnEtbl95WTFldG1mUXl1RVhNZEtkY0hOeXJHZm0tVEVSNGV3RHoyZ2FSb1RHNFFYRWRJbzVibnN3QlNZcWNoRXplUkZvbWRpYjRwalNHa3RkSTJiYWNyVURmdE9JU2JwRjNobGRhaGJIWGpiWUNDYlE?oc=5,Northeast Today,"Thu, 09 Apr 2026 07:00:00 GMT",2026-06-14T20:36:02.988164,impersonation_identity_theft,True,False,candidate,https://northeasttoday.in/northeast/nagaland-npp-flags-threat-from-fake-irb-personnel-in-koridang/
fake account Nagaland,Man held in Tripura for posting communal content on Facebook using fake female account - Nagaland Tribune,https://news.google.com/rss/articles/CBMitAFBVV95cUxNSWdjcXVxY29nM0xHa3FfaXo5d0JvOGZyOEl0dUM3VDl5UUJUSDZOVkY2NHBlamtyT2tldnlKdTJlbUF5VGE2b3BldjZXNEtNVThCb2ZhcFZFcDJqb3pnNTNtTEI3eTMzUVItMUxSZERBZGlzZzhXZkp2X0t0UzJtUkhURUMyakpxbzZRaTRqS0N0ZDBQanowNHUwZVhsVUEyU0NKM3dfam41OHZYOW9MVVhpWmw?oc=5,Nagaland Tribune,"Wed, 05 Nov 2025 08:00:00 GMT",2026-06-14T20:36:02.988178,impersonation_identity_theft,True,False,candidate,https://nagalandtribune.in/man-held-in-tripura-for-posting-communal-content-on-facebook-using-fake-female-account/
fake account Nagaland,"ONE-DAY WORKSHOP ON ""FACT-CHECKING AND VERIFICATION"" HELD AT NAGALAND UNIVERSITY, LUMAMI. - DIPR Nagaland",https://news.google.com/rss/articles/CBMiswFBVV95cUxNcjlhUzdsZFdaTFBmdlVyVFNoNW5zS0M4dUFnVmY3SjhFYjhqTktDdzdfdUFKSEx0V1JUSXNvd3pfdzRua1pIaUlOY0x5aG91WkFMakpRdnRDSThqUUIyRUNyLVVtQnhZSHZ3cHZHaHA0SmEyUnl5Z2hCTFZENVZGVU1rYUlDVXVNaWxfZlJQa0NoeWcwRnd2bHlBVnAxOTZWQk16STdrZGZ5NHRBeFN0MlRGTQ?oc=5,DIPR Nagaland,"Mon, 23 Sep 2024 07:00:00 GMT",2026-06-14T20:36:02.988252,impersonation_identity_theft,True,False,candidate,https://ipr.nagaland.gov.in/ONE-DAY-WORKSHOP-ON-FACT-CHECKING-AND-VERIFICATION-HELD-AT-NAGALAND-UNIVERSITY-LUMAMI
fake account Nagaland,Kerala schoolgirl’s suicide and Korean connection continue to baffle police - Nagaland Tribune,https://news.google.com/rss/articles/CBMipAFBVV95cUxNVVI0ZzhoQ2tHdzY4MW02NlFzNjJHemxiRWludU8tMFFTZW4yZXRLSm5CS3d5TkE3dEE5RFBta19rOTVIWENEcHpLU3R4SldIX0sycEZCUEJYUUYzN0F1TDBfeUZmMXZOeUNISGJHTzRqaWFRRnpkTFB0ZGRLX1FLQ2I3QklORkwydUYwVHVNbURJN0FUTENyYU1Oak5VRU9TUzJweg?oc=5,Nagaland Tribune,"Fri, 06 Feb 2026 08:00:00 GMT",2026-06-14T20:36:02.988299,impersonation_identity_theft,True,False,candidate,https://nagalandtribune.in/kerala-schoolgirls-suicide-and-korean-connection-continue-to-baffle-police/
fake account Nagaland,COMMISSIONER OF POLICE DIMAPUR ISSUES PRESS STATEMENT ON TWO HIGH-PROFILE CASES - DIPR Nagaland,https://news.google.com/rss/articles/CBMiqwFBVV95cUxPcHVybWVIejlhVGx4bktIbWVrWTRBQ25seFlNcDd0ZTdicXIzZ2Y2QjNvaDBhcUcwM1NOY3lRSVh3RXo1Rmx0U3dsN3hQSnZPWkNxeUtTOU1ueU1hT1V0SUpWVG5kWFdDbDByWjlxUXdVZUYtODZaamhqQ016NnJpVjdZQzAyWEtfaVo5WlNRWXBHLXNDWWRnTzM2RExjMWY0V2p4WEFpekdPMU0?oc=5,DIPR Nagaland,"Fri, 02 May 2025 07:00:00 GMT",2026-06-14T20:36:02.988338,impersonation_identity_theft,True,False,candidate,https://ipr.nagaland.gov.in/COMMISSIONER-OF-POLICE-DIMAPUR-ISSUES-PRESS-STATEMENT-ON-TWO-HIGH-PROFILE-CASES
fake account Nagaland,Misappropriation of 2.26 crores under Nagaland Finance (Treasuries and Accounts) Department: CAG - Nagaland Tribune,https://news.google.com/rss/articles/CBMivgFBVV95cUxQZHV5TWY3dF9vREx2MGNQZ19NRmJSZXZiS3hqalpsbTRjUGZMMXNCbnZzWU9uLWJKc0MwSzRFX2hYdmRwcXFGOE84czRWbVRyUW5Vc1pPOXphal9iNmZPdDVDTmlsODNBSmFKSU5PWXVZVkxHY3hmVEtLUDhJWW4zbktacWNvT3FnUi1QeHE1SFQyaVN4bXNPbkR6clNvZXpfRE1BUEJHOXBrUGZaRkoxcmhiUUdwQldWYktaTENn?oc=5,Nagaland Tribune,"Sat, 16 Sep 2023 07:00:00 GMT",2026-06-14T20:36:02.988374,impersonation_identity_theft,True,False,candidate,https://nagalandtribune.in/misappropriation-of-2-26-crores-under-nagaland-finance-treasuries-and-accounts-department-cag/
fake account Nagaland,Fraudulent drawal of addl Ration allowance bills worth Rs 2.40 crore under Nagaland Home (Village Guards) Department: CAG - Nagaland Tribune,https://news.google.com/rss/articles/CBMi3wFBVV95cUxNdEltUW42bWhWYWNObmM0MnhnVVBOQ19sb2hGNjc1LW03UDFheFNLeHI1MmQydWktRGV5cjR5c2xhMG9mVnk4RkxfbFJCNXY2Q2VFTGQ1am5jajVtd1NOZWQ0cS1yNVloNG5XTUZhQ3BlQU1uSzMyWUtvdlFqa05ZaTVQR3oxYVFLa0N0cDdOQnV6WE9Dd0ZtdEU1Qy1Eci1fcnAyUlRGQ0VwYWFJSHptMUxJdzZ2NFl6ZUNEWk9GdlpVV3ZlS3FGMnJlS001YmViaHJ2UXNFMFJWRVZnV3pV?oc=5,Nagaland Tribune,"Mon, 18 Sep 2023 07:00:00 GMT",2026-06-14T20:36:02.988397,impersonation_identity_theft,True,False,candidate,https://nagalandtribune.in/fraudulent-drawal-of-addl-ration-allowance-bills-worth-rs-2-40-crore-under-nagaland-home-village-guards-department-cag/
fake account Nagaland,Two arrested in Dimapur for issuing fake GST invoices amounting to over INR 11 crore - Eastern Mirror,https://news.google.com/rss/articles/CBMivwFBVV95cUxOSmRjN1ZHUUVneGN0U2lyYmliRG9Ud0pRS3ZXU0ZldzVjaVdDRU1ueWNpMzJmWmtrNlFYWDlfMnFKeU5ER25kakZvekxvdUV3TEZaUkp0b3VVM3dmMkF4OTM5SXdfbWg5VEJvakJXWGJndEZURFd6VE1ydnBpZ2c4QUxGWmgtNkRabENMOVc3ajhJTWoxdUdzbUdVYld3dGNkQk1pNC1EN0E0ejRhZ1E4djRHVWVYaHpUNnhfNjNyRQ?oc=5,Eastern Mirror,"Fri, 12 Dec 2025 08:00:00 GMT",2026-06-14T20:36:02.988665,impersonation_identity_theft,True,False,candidate,https://www.easternmirrornagaland.com/two-arrested-in-dimapur-for-issuing-fake-gst-invoices-amounting-to-over-inr-11-crore
fake account Nagaland,Nagaland: Kohima Police seize suspected counterfeit cosmetics; five arrested - India Today NE,https://news.google.com/rss/articles/CBMi0gFBVV95cUxPY2IwLWhaTWpMUG9QX0RQeHpLclhOTDAxdk01dURDWExTZkhMU1p3R0ZhQjRTaWlkVmNlenJnTk5SV3BrZ1FFRGFOR3pESFBpTGd3Q2VETnM0VjlpbW9GNm91MjRoZlFxT2pZV1JoUlVLS29uSnFwb3hCYVVwMEtjVENOTVJ1NU5VYVVlM0VyQWxLVUdEVHlnMDVQWENXbzgzWDJJUFlEMVYzNU5XNVNISmNXQV80M0FhdWJWX0VkZGtEcHZORTZNME1mTEdVV3hqS1HSAdcBQVVfeXFMTkpaSWtDTng2Tkl1WTRfMzE2WlNvb3d4S2FYOGZ0Z2w5VThvLW5aSjhEcHFpdUIzRzRUNWlMSmg3YlM0YkNnU096RUFKM3ZRNjBlZFRUTGc5Mzlka2J0aXViLVpCVGlXN2x6cnJJLWJ2aVdMRWZqRDE5SlhCRHdiUFY0ZDJlRllQcXZaLVJxZGx2Z3JvTWcwSDhlN2VDOElkMWQ2ZUIybTZ5clh5VFZWcGVBdTdjQzBvOFFreDd4UmdMT08xNzZpRXRmdy02SWJUY3dDaDllUFk?oc=5,India Today NE,"Wed, 15 Apr 2026 07:00:00 GMT",2026-06-14T20:36:02.988712,impersonation_identity_theft,True,False,candidate,https://www.indiatodayne.in/nagaland/story/nagaland-kohima-police-seize-suspected-counterfeit-cosmetics-five-arrested-1376242-2026-04-15
fake account Nagaland,"Top Five Fake News This Week: General Bipin Rawat’s Death, Nagaland Killings And More - Newschecker",https://news.google.com/rss/articles/CBMi2gFBVV95cUxPMHpIMEdyVGs1ay15RGxqSjdVM2Q2LTBoTHZ2MDRnRGxSU3RLZTU4SS15NjhBdnl4SWMyZmtSbFJFSUJCdW4yaldCUHpGSUo1OEsyUURmY3JlTnNUZkRiYWMzblB5Uk50SlN1SW9GYzVDYlNpbWpINHBXdFZqYzZIbHRfQ2lxMW0xdmRuWm12c05Id2RYcVdBOEtON2ROZUQtdjkzOGZXT3dXcjh2aFY3Z1d0SllwM3VRU2NvWVVTbHg3dXJMU2dZZnRxQ1U5R25NX3FJQmVUeVA0UQ?oc=5,Newschecker,"Sat, 11 Dec 2021 08:00:00 GMT",2026-06-14T20:36:02.988735,impersonation_identity_theft,True,False,candidate,https://newschecker.in/fact-check/top-five-fake-news-of-the-week-old-videos-linked-to-general-bipin-rawats-death-to-nagaland-killings-and-more
fake account Nagaland,Madhya Pradesh: Four held with fake gun licences procured from Nagaland - The New Indian Express,https://news.google.com/rss/articles/CBMizwFBVV95cUxNRF9PbHhGZHFmN1RXRkZYTDMwbVlfZWtUTEFaY1BuYUhHMTJ4ekQ2YlM3eFNWWnRDTzhkTVVqTE44YWdQbGlMcTRja1FvQ2xMN2dldENtUFlsN1VJdDd2dkhZWXUtbGZXTGtyWXJUcWhBcDJGc3EtZW1IbXJMWF9EN3F0bzQwUWtPZ194SXBPV2dBRmVZaTZNRFBGQlJONGl3SHJ3WDJweDNIV2owQ3dPUmpOd0NWN0h1UUFBLXJLZ1ptLTFjbTRTUmI5VlRBcVXSAdwBQVVfeXFMTVhyV0MwcVY2YjkzdFVxMGxFWXBqTFAxazRGeTM1d2RHUUNEejZGLWNlS0ZFX3VFLUpRRUFIeUMzWnBaOFk3Z2pJOUlCZmdUcmJBV01WQWFYZ2JLcHNxRDc0Q21oeGc2UGd0akItVUNQX3NoeTZWdUU0cWJhRU5pS0JRTkx3eEozYU9kcDE4Y0xQemZlSmF0SHBrMGhrRy02c3FOaVVfZXVFSnlzSWhxNUxtcWR5OHBsS2dNYS1rVkxsTS1fV1M3bV9TY3phUHlObGZGWERFWjZuVXk0Qw?oc=5,The New Indian Express,"Tue, 10 Sep 2019 07:00:00 GMT",2026-06-14T20:36:02.988892,impersonation_identity_theft,True,False,candidate,https://www.newindianexpress.com/india/2019/Sep/10/madhya-pradesh-four-held-with-fake-gun-licences-procured-from-nagaland-2031670.html
fake account Nagaland,Nagaland Killings To Malom Massacre: A Look At Fake Encounters Under AFSPA In Violation Of Human Rights - Outlook India,https://news.google.com/rss/articles/CBMi9gFBVV95cUxNUEJyZHVUdjlIUmVETTNGY0U2TE00anBlZ2JmMURQOVNCMG01RUkxbzQzbWVOa05OUTI1a3Raczh2TS1Xb21zTFBDTzBtWW9YbFNsNGppdklDNjh5MC12MDVHS3ZFaUZwZ0ZXNHJlT0pxWVlrdUt6dHNQS1gwc0lsQkd0Skh6WGxKME9uSUpOQTZvQmVWUFo5aTlxVTFSLU9HOTZUOGthNVRGOXRkbFU3eF94VGV4RkFXM29Kdm9tZlI4Vk5tdFM3eTM4OHBiUmJCam1lcGJOMlFkYXFtdnRnNjRkODBLSkpzaHhNZDlMUFFnZDAwaUHSAYMCQVVfeXFMUDNXNGlmNG9CRnd0WTlncHBDZGo1UDVWQkhGSGx2cEN4RGd1Vng0SVNqbk9kZldwVTFPanBta1RLaDluSExickVldW52ZURxanJXU1o4U0xwUUZGYVRvTzJiTzB5Rzg5Zmg0SkVLUG9aZGxVTHFGVnc4NHRGV3cyX19WLUFsZGQ5VUtsNWVXVUZ4Qk5yQnhldzIzU0dPRUdvQnNJMlVzNmxqd0NnTTgtR3NKVTVZQ1ZvdEpVTk5venFTWUtrZGR1U0IxRUladkxSaTdhSDhJNlVZLTY3dU5qZ1NzeGRVVVJ6Zkp3Uk1MeVVNWElCSEFsOTVMSzR5WnVDeVlhZw?oc=5,Outlook India,"Fri, 10 Dec 2021 08:00:00 GMT",2026-06-14T20:36:02.988904,impersonation_identity_theft,True,False,candidate,https://www.outlookindia.com/national/india-news-nagaland-killings-to-malom-massacre-a-look-at-fake-encounters-under-afspa-in-violation-of-human-rights-news-404550
fake account Nagaland,Fake Nagaland arms licence racket busted - The Times of India,https://news.google.com/rss/articles/CBMitwFBVV95cUxOWkdydFlFalNqM2Y2LXVBZnE0bGhObE56dlBiNkR2UmJfSUdMSkJxTFFtd25ScFRuUmpxdlVweEVGNlYxQUkxdllCQXBMYnZ1bHM1d3BiMy1JaU1ySW93ZVNFYnpoRHZackhwZ1FhRnZlYWVxZzBWMEQ2dy02ei1oWVFLNm5aWWhUMU5sZ2N4Q2Z3S0RSeEZjTXJiWU9nVmJ6QzBkSFNVR1lFOG1wel9DU3Bxd01zdTDSAbwBQVVfeXFMTm9nbnFBTnpFbGxEeHlteDhMajZ4Uk9uUTIwME5NaE1MUllsbmFBS19hSF9MT1RfNkR3RjJJUENnVFNJQXRvVWh0X0pXSzU2Z3FSUXdyWjlPeEljZnJibzJFT2NUcTR0ZnNtZmdTTlg0RnhtWnBmZ0lNYlBBcE9OdFBuYnBPZ0U5ZE4tYzU5aS1YYUc0U3FpRHBJZkxrbklLNzVUNGZ0WWNXbllSdktKX0p6Zk54Y3ZyYjEtNlI?oc=5,The Times of India,"Fri, 29 Sep 2017 07:00:00 GMT",2026-06-14T20:36:02.988916,impersonation_identity_theft,True,False,candidate,https://timesofindia.indiatimes.com/city/ahmedabad/fake-nagaland-arms-licence-racket-busted/articleshow/60876302.cms
fake account Nagaland,Nagaland Police warn against fake news amid Manipur situation - NENow.in,https://news.google.com/rss/articles/CBMioAFBVV95cUxOWmhnOFJFaENFNjUtUmpObFNSU0hVT3k1aXdFSzFTVDZJQzNHa2kwOWNNZ2NZMG5pblhWdXg1NEhSdEphcTBiblF4TFU2Mlg5Mm41SmxxTnZUU0JySXVmQXIzb2tDNU5tQ2ktS29NWDc4Z3ItaUpRbW03LTFSNnY2MWU0dDAzRU5qQ1VDZGdXaldYZGRHdWtRUHp0czZXemE00gG2AUFVX3lxTE52V1o3cUduQWVpTU53OUpOLV91RFE1WDRjZ29RTVZZM3pKVzdkbElGZ195NDNXRjVIMWJtVURiQ3Y2bUwzN2t0ektJZU8xSVYyT05wWjdNSUlpUmZRRmtnSGxsVW92MkFWX1QxQjVwTS00RTRhSUFpZ19wOTdoVlhINGxFVU5neE8wQ1dwSDI1R2haSS1IRl9DS2FjOHpzZVhoX0dDN1U5ZlRrMkxsVjJPMWJYeG13?oc=5,NENow.in,"Sat, 23 May 2026 07:00:00 GMT",2026-06-14T20:36:02.988988,impersonation_identity_theft,True,False,candidate,https://nenow.in/north-east-news/nagaland-police-warn-against-fake-news-amid-manipur-situation.html
fake account Nagaland,Mumbai Man Arrested for Using Fake Police Clearance Certificate to Renew Nagaland Arms Licence - lokmattimes.com,https://news.google.com/rss/articles/CBMi0AFBVV95cUxOVlkwVHI4dnozRFVPUDdXTjdkcU1pTWtKUHh3NFpGcnY3U3hZY1RseGhiQjNuRXNmWkxXaWtiMURmUjRyTmc1OXBvT2c3OGRseFlxV1l3TG90WjQ3TGdYODVTQVhlemJ2Y2s4Ui1iWFMyajRSaEs5WUtBTlVYeG1aX1FWLXdSVWtLajJRODNNb0w0Umh1eTItNWxwOERlMzU5cWVpaFBmSHZHOFoyWUZvcElMTlludThsZktXaEdLWlkyQmcySFlLU3ZOWTMzYUV50gHWAUFVX3lxTFA0MXFuenVWcU9fSkJ6MTBTR0J4Ti1Bc2FudnpsX1l0REw5anczYi1QaExybGx1Z3FSX2J6cUNvdVhVd19yQ015QmJiem9WdUtKeV9JVVpDVXp5Y2RvQ2lQSndqZjBQR0xYenBqVnpEYmhTYVBYZ2tILXRJYk1IdmQ0THBUYno4NTNYanNXR0E1Szhtd3RVRFFSY0VrNlRIdVk0SzJwMlpoVXFFUU1lNU4tSGxhVEhQTzJCbzd4T1NmTzNNcHQ3NjU3cDdnY1R3YnZLVFVudWc?oc=5,lokmattimes.com,"Sat, 30 May 2026 07:00:00 GMT",2026-06-14T20:36:02.989000,impersonation_identity_theft,True,False,candidate,https://www.lokmattimes.com/mumbai/mumbai-man-arrested-for-using-fake-police-clearance-certificate-to-renew-nagaland-arms-licence-a522/
fake account Nagaland,Nagaland Police warn of social media misinformation threat after Pahalgam terror attack - Daijiworld,https://news.google.com/rss/articles/CBMiZEFVX3lxTE9VcDBDaEJWU2Z6amlXdUlpMll5RlF6Y3hmYlFaYzBTVFFCRnU0ZkUxYVhPMzhMSFBZMDhrQ1dhWjZJV1R0SjljTmJnbllRTWlJd3ZrVEVZa3BZNnFaTmdNdHFEcFg?oc=5,Daijiworld,"Sun, 27 Apr 2025 07:00:00 GMT",2026-06-14T20:36:02.989011,impersonation_identity_theft,True,False,candidate,https://daijiworld.com/news/newsDisplay?newsID=1278894
fake account Nagaland,Mumbai man held for using fake police clearance certificate to renew Nagaland arms licence - newsdrum.in,https://news.google.com/rss/articles/CBMizAFBVV95cUxOSTJ3WDZ1Zy03OWJzTVhvOU1COWY4d3kxeUhZdklLU2Q5dV9LOW1ZM3FkR1A4eHY3Q040Q2RMelVmSFV3eG50VlJ6V296RW5TTE5Pdm15QzhLMUQ4OEw2bC1sekNzZ3JhQWpzdERmSWVpSmdQNjM2MzZiTksxU2ZBTC00dkVpZjFjX3A2SlMwV1pMdUp3ZGE3aXdJcTFISFFCUWRFU04wVG5zbTZmUXVGZklEaTg5bVBVYzFLR0JocGFzODRVRDJZWjFJWjTSAcwBQVVfeXFMTkkyd1g2dWctNzlic01YbzlNQjlmOHd5MXlIWXZJS1NkOXVfSzltWTNxZEdQOHh2N0NONENkTHpVZkhVd3hudFZSeldvekVuU0xOT3ZteUM4SzFEODhMNmwtbHpDc2dyYUFqc3REZkllaUpnUDYzNjM2Yk5LMVNmQUwtNHZFaWYxY19wNkpTMFdaTHVKd2RhN2l3SXExSEhRQlFkRVNOMFRuc202ZlF1RmZJRGk4OW1QVWMxS0dCaHBhczg0VUQyWVoxSVo0?oc=5,newsdrum.in,"Sat, 30 May 2026 17:50:35 GMT",2026-06-14T20:36:02.989023,impersonation_identity_theft,True,False,candidate,https://www.newsdrum.in/national/mumbai-man-held-for-using-fake-police-clearance-certificate-to-renew-nagaland-arms-licence-11891472
fake account Nagaland,"Inimical forces may spread false propaganda to disturb peace: Nagaland Police - The Sentinel - of this Land, for its People",https://news.google.com/rss/articles/CBMi2gFBVV95cUxOVjhyZmhick5fdWVUbGh1YzdFZEVkNFdlN05TX3BLZEpDc0dPQjBQSHJMZ19XVWZsMlBzS0haZzVINVl2c1U5RnRWa2ZCXzgzenJJbHkyUURvRW5qQ2ZsTHJGbHhYaWRMeDJOTXdMNXhheTlnaDRGd0VVQnNFTTNwVEQwZU0zVV9GTDZEWVJxT0Y1Z2dPT0JLZlAyd2h6dTNwRURCM3JScEtjWC00WTVzUUFTdlFBdkxUOU1DbzdqdUlsdm1wSVhhR21ZV0pjcTB6eE1RNzdQMmsxZ9IB5wFBVV95cUxNMGtYdjRvS3dzR1VrdG54OWJnQTRiSVRKc05FUG50VG1HM29QWUxEa01NMGFOUHFKNWVHUy1sQW9PUW5aZk1kM2dQWkhrNGV1YjlGNmZfUS1KSDFfazc0RndMbm5Xc1RLSGFMYTI5cjhheFVIU3d6Y0hTMDlXZ3YxVlR5aGw2SjBCY09VM1RsdURrR2F1NERBUUFIUGY3enh6eU91SFBpdzVmemh0VWtIdl9CWkxzR2ppZkZ4MEhmbjZiQ0FtbWpFVXAwc2lSaV9Pc04tcElXdjJqeGplalpWZEZGYWVwVE0?oc=5,"The Sentinel - of this Land, for its People","Mon, 28 Apr 2025 07:00:00 GMT",2026-06-14T20:36:02.989035,impersonation_identity_theft,True,False,candidate,https://www.sentinelassam.com/north-east-india-news/nagaland-news/inimical-forces-may-spread-false-propaganda-to-disturb-peace-nagaland-police
fake account Nagaland,Surat-Nagaland fake gun licence scam: Another accused arrested from Mehsana - GujaratSamachar English,https://news.google.com/rss/articles/CBMi0AFBVV95cUxNTnRlN3VPWGx0NU0tWC10Q3JaNnh2UlozV3hEMEgxVDZwYklHVEpMalNvUmxPSEhuUklfNUFUYlFBRnhUYXVPYzk3eG55XzRUVmVmQmlBdUNMcDNzaTZodVZ4cUUwckEyVUVrck9obnRjSGJVbVJpUTQxUUVLclZycUpUWE1abzNiMlp1cG1oZ0RsalM5dDI1c0Mxb3gzOHRjVXJDaktDM3pSbk0wZklRbjg5dE1kWFVIM2NzTm1nY3p5aWJaSDVDNU11aG0yN1I2?oc=5,GujaratSamachar English,"Fri, 23 May 2025 07:00:00 GMT",2026-06-14T20:36:02.989052,impersonation_identity_theft,True,False,candidate,https://english.gujaratsamachar.com/news/gujarat/surat-nagaland-fake-gun-licence-another-accused-arrested-from-mehsana-99989924876.html
fake account Nagaland,Four people get arrested for possessing fake gun licences from Nagaland - The Hans India,https://news.google.com/rss/articles/CBMivgFBVV95cUxQbmVoRE5IcmFMRUNOZVg2YTJYdXl0eWk2Z1lWRTdPUFRiQlMzX0l4RkpNVlpBd2xORmEyN1dWdG9iVzFsaFdzSzE1bUNpQVhXc3kyUjBYU1VVajZyOG5qQVdjazdZWWlub0ZXYk5pcGpuVnJDb1pQbXFuQXo2SW9ueExyaFc1RmdpRGI2c1J2T0hVYk5yTENQTE5qUjRDSC1NVFF2QXU3Q3JJYjNPbW9hSVYtTW1JWTJzdlV5b1J30gHDAUFVX3lxTE5BdEs0cVotTWNCeldWUDZydzE0NkU0MllTY2J4TzVDQWR4eW01UUs4dVpKXy1qZDZxSE11ekFXMmljNWZReWkxMmdnS3JGVnNFLXdyTWNHeVo4U1I4NlJCWWVIalNzVmtuMFlseHNlZ245SVdsOVR3OWN1OVRqZUxDb2RsejBiMXdYYnJwVDIwQUsyX3NTQk4wLVFvQ0hLZm1wUjNDS2ZqREUyUnVMZlpmOER6VjdrRmdfc21DbzFCbTU3UQ?oc=5,The Hans India,"Tue, 10 Sep 2019 07:00:00 GMT",2026-06-14T20:36:02.989077,impersonation_identity_theft,True,False,candidate,https://www.thehansindia.com/news/national/four-people-get-arrested-for-possessing-fake-gun-licences-from-nagaland-562654
account takeover Nagaland,Gymkhana takeover: Centre says won’t take forceful possession by June 5 - Nagaland Post,https://news.google.com/rss/articles/CBMimwFBVV95cUxOcmxCSlhkcTJuMm5Xd2Q3dlMxeHFuREJTSXRhaWh2RnpoMVNwenljTy1ENHdhbDJaOXM2ZmtBNUQ0MmJjYVEybDJhRnRySE5wbjNGVi1HUmNrX2JvWE13Ty1LUDZsVW1lNDF2NFo4dF9FSDBPajlBRmVWM3JCOGl4VTBVSUNKS25fZHJmRHhyWVhWRDA2ZDFUSHJOQQ?oc=5,Nagaland Post,"Wed, 27 May 2026 04:44:15 GMT",2026-06-14T20:36:04.519032,impersonation_identity_theft,True,False,candidate,https://nagalandpost.com/gymkhana-takeover-centre-says-wont-take-forceful-possession-by-june-5/
social media impersonation Nagaland,‘Delete ya viral’: Nagaland minister says he is getting sextortion messages | India News - Hindustan Times,https://news.google.com/rss/articles/CBMi0AFBVV95cUxNMGZUR0NDa2haZ3p5cHZUcmc3Y1BHWHM4TlhlRXZ5d3dvelVjaTdIM0hOZjlSb2JDVTF6WDV1UXRxd0trMXpGWXlwWmJ6Sm5HS3d3OThDb0RMWHZuREtiZzFBYVZvOUM4ak95Z3RDd2dGVi1aZFV0QnJOSXFocEdzRF93TkVyQkpsNHB5cHYtczY1N3pmNk5PUjg3dkVKYjZNV1dBTjRVYU5TQlBjLS1LYXQ3c1lMME5NX0xWVDd4WE5MbHZCZnROXzBLa3MtQ09M0gHWAUFVX3lxTE8zOFM4MWthR3RwbVhveDZQX0Z4V0Jhclo1dS1YaVNOUnprZ2I5eDhBQ2RkRUxBZ204WTZMYlVhTjZTMWhGa3o4Y183X01OWG9Hc0xxYXR2UmoxUWdncHpLVlMyd200Zk0zRmJUNTh2TG4zZHJnVkJ6Z1dfdE1IcHh0Rm9aWEhBeUVYaGI3QURhcnlRY09zNmFnWmhqaHlZLXRlTE9wMndDdmpJMUlNRFRlbHpDNWRCRU9TQThIaDc3UzdJQ2RWNGE4X2NjaG5TRDZWMk5KNmc?oc=5,Hindustan Times,"Fri, 03 Jun 2022 07:00:00 GMT",2026-06-14T20:36:06.117389,impersonation_identity_theft,True,False,candidate,https://www.hindustantimes.com/india-news/delete-ya-viral-nagaland-minister-says-he-is-getting-sextortion-messages-101654277486378.html
social media impersonation Nagaland,"Nagaland State Lottery Result Today 8 PM Live, Dear Hawk Evening Sunday Lottery Sambad Result of - LatestLY",https://news.google.com/rss/articles/CBMirwJBVV95cUxOQ3Z4RmZuSXViRWxVcmk1Y2w4V0RFcVBkM3FLT2lfRjZCRFI4NGJyWjhGNC1SMlo0RDRGUi1ITmdBNVotbmpKcjROaGo3dDhPNUdlbUpKUjFyYnVCUFVKY3B1R0VRYzFlSFM1SjRGSGZMM0xYa09qWDdmMEFFX29DMnpGZEZsZmZ3QV9tMjVzZ2d6dGhlNW5KOThreXNCZElGbHpUYk00SjRsTUhERGFJMFpQSzR4WWtsc0lXb3ZTUWxsWmh5aTJqZGJDYTZUUmZxbFFzMXFSMWpNUXdVVnpRWjA2RFQtZUk2LVlKcUl2dklVbjI1ZWNpRmU5SXJOa055TE9pTEREcnZZd1gxa3VHZzJNa2VXQ3ZaSUswNDd0QXB4eFZYbDJnU0dsOGs2VzDSAbQCQVVfeXFMUHJyMHBaTDVFT28zWU1QUnpEajVuWG81SGNpRTlCMWV6YWhwcE0tLW03Q2RnUE14SW0yenZleE93d2lNTWVEMUtXbVB2WXRJNHhJME9TOVdsYkNnMXFqV3NrOGY4YzJaWjBpSEtvNFNFZHBabjFnNW1kT01EMktIWXhlRUxiNHByRW1yUEpyN01rT2g1Z1laLWJtWTBab2w5R2o0LW5UWXZhTzJCa2JkRzc4ckJfTXZsUUVRclYxVWFzOGFqakhZOFJlZ1JJY0RzXzVHTzNBcDNMWC1YcjJiWmkyQW5KdjRmNTBSdl9UdVhWanJZQ1dEOXNlWXFkUDZQNmxEZFNFbFI1NU1Qbkd4OUNkRkFQY0I0Y3JMNlJLQi1aNVhQajUxdmg3OTJkaHVDTlRGZk0?oc=5,LatestLY,"Sun, 19 Feb 2023 08:00:00 GMT",2026-06-14T20:36:06.117453,impersonation_identity_theft,True,False,candidate,https://www.latestly.com/socially/india/information/nagaland-state-lottery-result-today-8-pm-live-dear-hawk-evening-sunday-lottery-sambad-result-of-19-02-2023-watch-live-lucky-draw-winners-list-4860923.html
impersonating officer Nagaland,NPP raises alarm over alleged impersonation of IRB personnel in Koridang bye-election - Nagaland Tribune,https://news.google.com/rss/articles/CBMiswFBVV95cUxQYjdaZU1aRFNjTjBFNldPUHdzd3RJcGIyTFcyeDJ3UUJSQzYxUnZobkNnRnV2TXA1cTd4dkZkb0tXZnUwLUVRR2pOV1U1eE1FOHJOS3poWS1FX0JEN3BadWtKSkd5TkZWSktIRGtOcFVMUnRPbWN2amZ2VENxRl9GbEpWTjdLMC1Qb0VLbnhsX3VXckJKMkpaSm5TeXBVcnYzZUJvRnpkNmZrSUFCSk5TeWJyWQ?oc=5,Nagaland Tribune,"Wed, 08 Apr 2026 07:00:00 GMT",2026-06-14T20:36:08.364541,impersonation_identity_theft,True,False,candidate,https://nagalandtribune.in/npp-raises-alarm-over-alleged-impersonation-of-irb-personnel-in-koridang-bye-election/
impersonating officer Nagaland,Nagaland Police recruitment rally begins on January 7 - Eastern Mirror,https://news.google.com/rss/articles/CBMilgFBVV95cUxNeW83U0FsSUFwc1U2cWowa3BxdE1NY2lDblA5aVFQX3RMeVN5YzRiQ0FRR2pHOVRJUVdGQ1Nfc1ZKeUJxU1JwYkVsb0lFM3dHNFk4aEJtSGxXRlZCdzhybzlDdzJGU2NtZ0V4Uk0wQlBBTnBoQXduaXF2VmRvTF8zQXRoNktPQkRvX3VVSnJWYVBDMTFvZmc?oc=5,Eastern Mirror,"Tue, 06 Jan 2026 08:00:00 GMT",2026-06-14T20:36:08.364582,impersonation_identity_theft,True,False,candidate,https://www.easternmirrornagaland.com/nagaland-police-recruitment-rally-begins-on-january-7
impersonating officer Nagaland,Election process was peaceful: CEO Nagaland - MorungExpress,https://news.google.com/rss/articles/CBMid0FVX3lxTE9SX0xScE4tUWtzT1ZEN2ZXb1RIb0hyWEtXQVdXb3BjbWl2NlBjX0hzdFdnQ2VDVEYtYVZGM3dWdUUxT1ZZbDhUcjgtb1hjRk5BbVlsS2hEUl9hdHJqOTEzNVN0OGFaOFBWbHd3S0xINzRSc2FvSjdF?oc=5,MorungExpress,"Sat, 20 Apr 2024 07:00:00 GMT",2026-06-14T20:36:08.364696,impersonation_identity_theft,True,False,candidate,https://morungexpress.com/election-process-was-peaceful-ceo-nagaland
impersonating officer Nagaland,Nagaland Police introduce ‘24×7 control room’ to combat illegal collections - The Frontier Manipur,https://news.google.com/rss/articles/CBMiqAFBVV95cUxPNGVYNlFELWp2UGJtdTNYdVZLRm5iQjdyejFnc2NxaC03SXpkM1dhY1hnbUtsVjdQX1NKVzRRY0R2UmRKRm84LWJ0aU9LZnc3ZjExbkFzaGV6VHlxWnhxZ0Zja2hTN01LNGNJeTlIRGNfdU1lR0NpczdIOHQzUTlMU1lCMlp2aDE1elhIbVcyU1hlMFlqYVQtaVh1alRYOW03ZGpON2Rhcl8?oc=5,The Frontier Manipur,"Mon, 23 May 2022 07:00:00 GMT",2026-06-14T20:36:08.364726,impersonation_identity_theft,True,False,candidate,https://thefrontiermanipur.com/nagaland-police-introduce-24x7-control-room-to-combat-illegal-collections/
impersonating officer Nagaland,NPSA is backbone of Nagaland police: DGP Rupin Sharma - The Frontier Manipur,https://news.google.com/rss/articles/CBMijAFBVV95cUxPek54RngzR3dxX1A5WUM0RmpxTTB1ZERPZ1dhMmhVbV9UR29EeEVIUk9uaThmTTVSU0J1U0hMRlhMbnRjTDFZWjlVVmg1RWhXSnlhcGZ1Zl8wWW9Vbi1lZC1JRTBJdzBjU3BUNGZmYWJtV1lnQkE4Y1ZrX3FHREZ4VUNRektZYTZXa0JNYQ?oc=5,The Frontier Manipur,"Thu, 27 Mar 2025 07:00:00 GMT",2026-06-14T20:36:08.364757,impersonation_identity_theft,True,False,candidate,https://thefrontiermanipur.com/npsa-is-backbone-of-nagaland-police-dgp-rupin-sharma/
fake cop Nagaland,Nagaland cops ask social media platforms to exercise caution - The Times of India,https://news.google.com/rss/articles/CBMi0gFBVV95cUxPcTF4eTQ2RDVyM0haWEtfMk1EdUtYdFZWcXhRRUZnelNON255WmJGNml4V2l4YklaVG5SOGNKSDFlZ0VmVEtEY1p0VXBmMWJ5cFI4T1dGVjR3TVdIOFppdGZRT016ZVR2WHFpQ0UybVVJNW5ZZmJxY3pPa0lyVm0tNVdzaTlWWXdvWXR4NTVFdk5tNU1Jb2U5RlV1VWdGV3doRE1GSm1LM3NTVEJEUTZkM05kYlpUbm9HRU9lNXlNcGFvdTZlR19PVnN3TEZIWlMwUVHSAdcBQVVfeXFMT2V0NU12c0t0U0NIUWRMNERjRktXbVdtMDJFNl9RT2planhIdFczTnJVb3NvamRJQjctZEU1UjZhS2FRTU1HRlBPRDhHVTlSQnVPell3ZVNTVzBLbmtEd1RiZGxtNzZDQkVXOUN6U1FSYVhWbFhPQlpuVHpUcUVwUUJrNk1IMkNwNUNlVUxlbUx0MFpjOEd4ZVlEMkhCM0RNWmhaQ0pXMmIzVlEzRXlLZGlCLUZ6Tmhsc2E4X3ZrUDFrb0NmQWtWX1c5TjkybDhoeU9hQXh2MkU?oc=5,The Times of India,"Tue, 09 Jun 2026 14:39:00 GMT",2026-06-14T20:36:10.651307,impersonation_identity_theft,True,False,candidate,https://timesofindia.indiatimes.com/city/guwahati/nagaland-cops-ask-social-media-platforms-to-exercise-caution/articleshow/131613730.cms
fake cop Nagaland,Mumbai man held for using fake police clearance certificate to renew Nagaland arms licence - ThePrint,https://news.google.com/rss/articles/CBMiwwFBVV95cUxQTGhvb2RqRXlfZXRWbnRRYklfdk1pM1dwNXp1a1JObHE4aGxOYmlpaHVWYjlJVFItc3ZyRVplbV80VUstNHUzV2NoTk5rT2w3czBHR1dKSXlYZkdXdHJfWlREcjluejdVVU41aV9jODBNd0hpVmdwdFRqb1JfSENHTWh5TEZ2YlhfcDBnS215d2FlZXZOSHByMmxORDE1alE3MXJweF9aMXgtVElCU2FZa0l6QjFjd1g5SnlKZGVXNU5WVWPSAcgBQVVfeXFMTTV2NlhYcFBZMkNWYzh5VTA0a2tyR3hQbjIxTjllR3hqNE1rYjczTno0WnZwZDkyZVlibGRZbEVZTGYzTm5QT3NJeFI2bk52Rmo0WnhuRDZPMUV6QnRaWEJkby14X0JrQkp4eVM0NTlvanE5MXlzWkttNXF2Y2lVblNmbS1DLWlTLU01OWprX1VQY1pUUUN0czlpYU5KOTZ1Y3h6QlJXQXJId0FXS01mcDRQSmlnbkZ2YWxaMU12YmNtSTVITF85aHU?oc=5,ThePrint,"Sat, 30 May 2026 17:47:15 GMT",2026-06-14T20:36:10.651357,impersonation_identity_theft,True,False,candidate,https://theprint.in/india/mumbai-man-held-for-using-fake-police-clearance-certificate-to-renew-nagaland-arms-licence/2946227/
fake cop Nagaland,Nagaland Police constable recruitment written examination on January 20 - Eastern Mirror,https://news.google.com/rss/articles/CBMirgFBVV95cUxObUp0NFZwQ3daYnc1OERXMFNJYk9paGxsRVhiZUR2MjhLVTQ2UFYwaC1NZlY0cm9WS000RWhjWUN6NWJmdDhRTE1Hc2FHbUF3TlVTSXZYOVZ6bHVjWGo3TXlWclc4NmR0YWtTZkxJUnFlNnhEYldCclFQbE9qVEVYMTRjcW5SbVNOaVB6T3NOaV9kNkM4dm5rWFRzUkk1c0ozNlByYzFheEpTYnFzWWc?oc=5,Eastern Mirror,"Tue, 20 Jan 2026 08:00:00 GMT",2026-06-14T20:36:10.651476,impersonation_identity_theft,True,False,candidate,https://www.easternmirrornagaland.com/nagaland-police-constable-recruitment-written-examination-on-january-20
fake cop Nagaland,Nagaland puts cop recruitment for four non-Naga tribes on hold - The Times of India,https://news.google.com/rss/articles/CBMi1AFBVV95cUxORUYyMUZyZ3hfcnF0dG9HOUpjUFBKMVZmOVlScmJKNWdESVVoWllrUU1NclkyaUs0dnotQ2lmdjFPTTl3bUtEZUdld3c5cnNHc0g4WVIwa1RXUVNGZDJFd0Y2REV1RzBHdjE3bUotRUltRVAweXM4NnVYSUFnbC16cGxZajlOU21jQXotbWFqdzMzYnFKS2dVMzllMUs4LWZKZGwxbm9SYVUzSFpJX3ROZ2JTMWNqSU9DWkdfMkNfU1JBWmZHejNqckpMT29vcVdGLWM1OdIB2gFBVV95cUxOakhucWdnTWhHaHpzZHdqTzJKVzFGUG8xS0x1Y293Rzc0Nk4wdnVQeHYyeF9FazY4ZV95NFoxa3JLMTBxMzlPM24wS2xLV0h4d1NGZllZYmZRNHA3Y1lCRkRpUlQxX09OOGx3MVlzcXBsTnowVk8tdHRsVTg3Z1g3aFdNUDQzWEtySjVyUjlQM2FfYjlQTW85cGZFU1ltUFZDUkp3UWY4MGdqcmYwNVVXMFNYNTh3R25QMWdXM2x2V3ZMYUNGV3hrU25UVkpZYXhGOEsteURyUFpBdw?oc=5,The Times of India,"Tue, 07 Oct 2025 07:00:00 GMT",2026-06-14T20:36:10.651554,impersonation_identity_theft,True,False,candidate,https://timesofindia.indiatimes.com/city/guwahati/nagaland-puts-cop-recruitment-for-four-non-naga-tribes-on-hold/articleshow/124364133.cms
fake cop Nagaland,Nagaland team win 12 medals at All India Police Badminton Cluster - Eastern Mirror,https://news.google.com/rss/articles/CBMipgFBVV95cUxOTWw1YWhsSG5UMTJHZ0NiYlBjX3FZTzYyU00wRlczV1lKQnVmR3dscmdfR2ZYeW9TRDY0aUVGckl3RTktMXNMbDlxeUhOZ1FFUy1TVER1d1QxQWhoSXlDd3FWazRxVElEeVhoQ3NNUTd1QThOeUJwZmh1b3VkM1dwRTE2eE9UNUtKVkt3YUtFWFBJQUVTX0ZpLXNrYVo1TnZNMEJCRmR3?oc=5,Eastern Mirror,"Sun, 17 May 2026 07:00:00 GMT",2026-06-14T20:36:10.651632,impersonation_identity_theft,True,False,candidate,https://www.easternmirrornagaland.com/nagaland-team-win-12-medals-at-all-india-police-badminton-cluster
fake cop Nagaland,Nagaland Op That Killed 14 Civilians: Army Unit Named In FIR - NDTV,https://news.google.com/rss/articles/CBMi0wFBVV95cUxOZkVrcEVEMGo3NXdJVU1URHJ0UUZIeHR1QzJMbEF1SjJGMEJyYlF1ODliZHpGLU5kT1JVRElxQWJaX0lPVWcwYXNJMFNBT3RBWVdyanhQYTNaQWh0OGx3RHRKUVFCcERfajROMnpDU01lT2VvbkhzREtfM1pIVktvMVpGNmx1dmxId0JjY1J6RlpQX3hVVUtGVm4yT3pvY0JTWXE4TmlJU0lGeEdhNHhvQVkxdmRrUWxCSkpIemY5S01TQWdxX1laNUtFUW44MDZjUW1N?oc=5,NDTV,"Mon, 06 Dec 2021 08:00:00 GMT",2026-06-14T20:36:10.651697,impersonation_identity_theft,True,False,candidate,https://www.ndtv.com/india-news/in-nagaland-civilian-deaths-police-name-21-para-special-forces-of-army-allege-intention-to-murder-2638566
fake cop Nagaland,Nagaland: Police to act as tourist guides for Hornbill Festival 2018 - The Indian Express,https://news.google.com/rss/articles/CBMixwFBVV95cUxQMmtDVGdBaWNrbTVhTnBacWdvSlBac2JqRTh4UEtIVExycVFRcm1xSEZmbGJ1NWRVdURlTTJUR1djNDdWQ1ZOZ3BqaWctc0xxeEgtak5OZHJQcXc3V19fT1UtaWtjcHdIbHFDdUNQYUN3eG81aE1Nd2FONjNPWDZSY2pWdy1xalU5dHJaQmdUZERFR0lCWHhnNjllVU5QYlRzOHI0NUpSLTUxTzdEaFBoLS1IZjRBMTlydGdGc3Etakh2ekdJM1gw0gHOAUFVX3lxTE9qUm9YQ2VyMk5Felg3VkV0ZkJ5UFFHSEtKY0s1M1hVM2JRUk9OR0dvMjVzRERGZzdKTjJWUXJiM3JaVzBhZER0SjVlWjJQYm9fekZtZWhreG1yaDlISFU1UTBONXRFUF9EZmRkclctZjBWbHkxSTF5Z1dUc1VuTU9RTFFHMUZveWl2anVfTElPOUh0aU84ejk3TklPamRySWdnR0RBaEZPVGdpZ2FEXzFFVk1aZjFSMWN5b3NIMG9USzRURlRBQXhOWkFrUWRR?oc=5,The Indian Express,"Tue, 27 Nov 2018 08:00:00 GMT",2026-06-14T20:36:10.651766,impersonation_identity_theft,True,False,candidate,https://indianexpress.com/article/north-east-india/nagaland/nagaland-police-to-act-as-tourist-guides-for-hornbill-festival-2018/
fake cop Nagaland,"Neiphiu Rio sworn in as CM, becomes first Nagaland leader to take oath outside Raj Bhavan - India Today",https://news.google.com/rss/articles/CBMinAFBVV95cUxQNzJVRFZrTm1GREx6NTBGc3FkZmNsMHlsYmhVLTNtTEJodWgwMVQxMmt4amRFQ3V3Z0dJbDB4eXd1X1k3dW1vaUJaZ3c5RmppbjJZclA2N2Q1cjZzQldNT1N3azhLS2k3OW56aWFseWxCT2tPZTYybmtlbUIydFctZVdyWmctdzJXS0d4dy1yQnY2UWRKWmY4ck03STXSAaIBQVVfeXFMTjh5RnN0anNoMjByREpURWhGT0VDTzNDNVdpOG9jbzNZalFUakRoUlJmWm5yUGFIVzZnRjlOZEVHWXFKc2xjaXZ4TzQ4NjhLeko0S1N5LW9ycWd5NXNYX1VfUHBCWHlibHhJUFhGdm5mVk1McjYtaWRZZVg4YzUtZlNOZDdfMEVESUhTYjE0cjJxTkxXOWNTNW9sbTdyZHBfWE93?oc=5,India Today,"Thu, 08 Mar 2018 08:00:00 GMT",2026-06-14T20:36:10.651862,impersonation_identity_theft,True,False,candidate,https://www.indiatoday.in/india/story/neiphiu-rio-sworn-in-as-new-nagaland-cm-1184387-2018-03-08
fake cop Nagaland,Nagaland govt reviewing liquor prohibition law: CM Neiphiu Rio - Northeast News - Northeast India news 24×7 -,https://news.google.com/rss/articles/CBMimwFBVV95cUxNRkk1ODZSQ21aV1pDbF9tVllBVnpYbzdPNm1hbGlWTDk4elhnQl9sRVZiSXZCNUZqcDdCLV9LNDUtZm80akNqUzI1aGw4cy1jLXR2Z2FsYUhOSTlRMGtOYVhYZ1JrV2NLazBpbFVCQTRFbjUzaEV4UFAxdjgwQmZMc09fWHU3YnJnSzhNUjNxYW1RUFc2UE1MNGM2WQ?oc=5,Northeast News - Northeast India news 24×7 -,"Sat, 28 Mar 2026 07:00:00 GMT",2026-06-14T20:36:10.651948,impersonation_identity_theft,True,False,candidate,https://nenews.in/nagaland/nagaland-govt-reviewing-liquor-prohibition-law-cm-neiphiu-rio/46142/
fake government official Nagaland,Fake medicines valued at Rs 3.73 crore seized in Jaipur - Nagaland Tribune,https://news.google.com/rss/articles/CBMiiwFBVV95cUxPMy1ZczdCbDJCSjd3S3lzTk9jSFdnSE1xd2h0a3RyVXZmNTZ3QjFZSHhKcHh6U3Fta3pEUmFMZHc5aTBDTExPTllEajZIS3ViLVJfaVY0eUJCZjlzSGhzRGFVdVVza3RDMExmeHYwOUlxYWpzZ0ZOM3ltbXdQVkR0dTM0dklORXl6OFhz?oc=5,Nagaland Tribune,"Sun, 07 Dec 2025 08:00:00 GMT",2026-06-14T20:36:17.237835,impersonation_identity_theft,True,False,candidate,https://nagalandtribune.in/fake-medicines-valued-at-rs-3-73-crore-seized-in-jaipur/
fake government official Nagaland,Intel Warns of ISI Disinformation Drive Amid Bengal Political Volatility - Nagaland Post,https://news.google.com/rss/articles/CBMinwFBVV95cUxQQ2ctNnVkYmo4Y3E2eU4tajJmOXF0RGExMHZNemJPTk90eEtMdEtteV9QSXhrQ2M0NXVXdTdiQ2VDRHd4TGZLVngxNS1YZWh3SGtQUkZ5c1ZtUnZ1dUxlNkxTYkh4U0t3ZFpzZGRpOFBMTlBIS3FkVmRfQm1GODQ0TkVlTnpkQ1p3dTZyN2hUck5FeU4wNXB2ZzZjUWloRTQ?oc=5,Nagaland Post,"Fri, 08 May 2026 07:00:00 GMT",2026-06-14T20:36:17.237860,impersonation_identity_theft,True,False,candidate,https://nagalandpost.com/intel-warns-of-isi-disinformation-drive-amid-bengal-political-volatility/
fake government official Nagaland,Govt ‘busts’ 8 YouTube channels with 23 million subscribers for spreading fake news - Nagaland Tribune,https://news.google.com/rss/articles/CBMirgFBVV95cUxNVXY0RDZ2WEoyV2p5Qm5rUkxHRXVNczN6RmJVZTUxYXhQdGFNa1JzUjJ0Q2dNS0hISHhRMmZjVTF3LXJzZGN1bWJ4UTdadlNpSlFfNVRBQWhENkw0U1BJeFJUSW1QOTl5Y1kzSEM5a1BxdTlsN0pfQWFrbGZ0OU5zMnRpS00yZVR3aV9Ud1JURm1lM3MwUFl2MlNFMTJYZl9ZUTdsdmpTVzNXaUpyN2c?oc=5,Nagaland Tribune,"Wed, 09 Aug 2023 07:00:00 GMT",2026-06-14T20:36:17.237965,impersonation_identity_theft,True,False,candidate,https://nagalandtribune.in/govt-busts-8-youtube-channels-with-23-million-subscribers-for-spreading-fake-news/
fake government official Nagaland,Nagaland polls: Enforcement agencies seize ₹5 L from government vehicle ‘On Election Duty’ - Nagaland Tribune,https://news.google.com/rss/articles/CBMiwAFBVV95cUxPQ1ZuaWE3NXd5ZUVHS3dlMHlzRTU1Rmk5M3hxRGJzTTVhcTZnQVUyQlg0TXRiRHdJcTlDUXN1cVRjMTNHMFA2UTRZN2VRVVpKb3BTaklpR01BbTdzLVNjLVc4YWswTW9QelA1MHNSRDM3bzhQNTY2dXlYRnpHeFZ5Y1l2YmJzNDltQnhXcnFzTXlxNjRsWWsyeElvbS1fc0ZvS21LVEVEMlRkMnhxZDd4WnhaNGN0OWF6azJ6WnV0ZUE?oc=5,Nagaland Tribune,"Tue, 21 Feb 2023 08:00:00 GMT",2026-06-14T20:36:17.237982,impersonation_identity_theft,True,False,candidate,https://nagalandtribune.in/nagaland-polls-enforcement-agencies-seize-%E2%82%B95-l-from-government-vehicle-on-election-duty/
fake government official Nagaland,Tripura govt may file FIR against 34 students for submitting fake certificates to get scholarship - Nagaland Tribune,https://news.google.com/rss/articles/CBMiwwFBVV95cUxOVThFVGpjMThhcXdsdVBFWlpnb0ctOU42YlVVNUdqN21Nc2k4NHNDc2o0N0VXT0pWVkNWaHJEaFhla3ZMeTZyclFTc3R6S3F4bHVNd0Y4VnBBaU9Hb3MzQkF1RkVJbFU3bG8zZ0R2VW43bEJ1azFEdUE3QUdpaFc0V3hIY2lmZmZacGxTZkdMWXBmdHNCYkxIT1JZWVFYYk5IUEVhZEJWQWUzOFBycHZBUkRqaGVKUkR6NTFtVzJZeXFUbDQ?oc=5,Nagaland Tribune,"Fri, 04 Apr 2025 07:00:00 GMT",2026-06-14T20:36:17.237990,impersonation_identity_theft,True,False,candidate,https://nagalandtribune.in/tripura-govt-may-file-fir-against-34-students-for-submitting-fake-certificates-to-get-scholarship/
fake government official Nagaland,HPV vaccine campaign launched in Dimapur - Nagaland Tribune,https://news.google.com/rss/articles/CBMid0FVX3lxTE81cmNTZjNSLWQtdFZLUjNTYzN5ZjZVUDJIY0d1Qm1nel9XWXNHMkFqc0w3clV3NlUycGNNdWRoaVRQdWhKY0pBSUdLdDFRSldmZExDVFlza3ZzRWlYQVNyR19GUWpEblhfMENxOTBtWUttSHBZbU9B?oc=5,Nagaland Tribune,"Mon, 02 Mar 2026 08:00:00 GMT",2026-06-14T20:36:17.237997,impersonation_identity_theft,True,False,candidate,https://nagalandtribune.in/hpv-vaccine-campaign-launched-in-dimapur/
fake government official Nagaland,Nagaland: Government warns against unauthorised circulation of pamphlets regarding school reopening - India Today NE,https://news.google.com/rss/articles/CBMi7AFBVV95cUxOU2JIZU03QTdXNHJIVkpKV0pMTkR6eXJCMnVORzRzLVZBYWtzeXhUbmRDaWd1alVxRVp4eWhzeU1uUGY2dmM2Y0dDY0Vyc2NPbGkwTk9FakZ3T0pORFJFRHAxY0tpRENobGtBTkVDSG82VXFXREgzcHA1LV83bmU5SFFCWnBWM2RZOWxQblZTVnUwUHVqWWhucmFYNGI2MXJ4Z3k5b1B3TGdkR0tOSFdldkc2RlZrYXBaYWNSWUNNYUsxWHZ6Tl9wU2syYTRJSGwzaDlfXzRBdzdIR1hWakZkM2o1QmpXMEo0dkNYaNIB8gFBVV95cUxPTUdlQkFlQUpHUWN2LTQtcjMybHBfTWxONDY1NW9pN0FJSlZfTlVxdzBWQ05YQVdhWjlXbWNDVUc3OU5IVXJtMFZPODd3UG1hUkNIRFNMa3dGcldRV3JXTS1iMlBERnpHWHc3M1pwcVNENmxqT2RtaTRQNlc0bnU0bzJLWko4OVUyZUJDdlpCQ0lfWFVDRW5BbjZOd2VKMC1pTGQ0Rno0Z1p6MTRZZ2JGbWE5MlpFVTJqY1VVdHN2cnFzbW5uTlJ3cC1TeDFubkIzeGlNV1NBblg1OGxsT3dmYjg0UU5EbmlTQk9GT3owdVhmUQ?oc=5,India Today NE,"Tue, 25 Aug 2020 07:00:00 GMT",2026-06-14T20:36:17.238111,impersonation_identity_theft,True,False,candidate,https://www.indiatodayne.in/nagaland/story/nagaland-government-warns-against-unauthorised-circulation-pamphlets-regarding-school-reopening-403822-2020-08-25
fake government official Nagaland,UGC flags fake online programmes with misleading advertisement such as ‘10 Days MBA’ - Nagaland Tribune,https://news.google.com/rss/articles/CBMirwFBVV95cUxNdnhNOHRwb2tqRjB6T0hFQW9Ob2lxMU9YX3hNTGk2X3k5dFVMODVnZmhZT3hQYURMTE5VcEF1azFVY2RETVNMUWN5MlhqYjFfbWQyQkdtYjhNakZEZy16WkpPVmxaa1ZPWnNiYWtXcmstSjRvQ1c2a0s3Zy02R19pVTdOMHFVT3N4SV80eHFrTzBKcTR5STdZUUh5ZXZYdHNDWHdnYkMzQWU0TzBhYmVz?oc=5,Nagaland Tribune,"Tue, 23 Apr 2024 07:00:00 GMT",2026-06-14T20:36:17.238150,impersonation_identity_theft,True,False,candidate,https://nagalandtribune.in/ugc-flags-fake-online-programmes-with-misleading-advertisement-such-as-10-days-mba/
fake government official Nagaland,Assam: Human trafficking racket busted; 26 girls rescued - Nagaland Tribune,https://news.google.com/rss/articles/CBMiigFBVV95cUxOS1NYczgtSDZpMmpEUzl0OHhIZVpDb2ZLSHJxMTdhZk1XTmR0X1Q5YkYyVHd3VjlsdDhvM2ZhZ2VwMXFTMEVwc1ozNi04WFlPQVMwSFhSVFd4OUdrazlfLTlEbk1xSnZwNnBKTUh6YlIzd0tHLVlhcWVnZHdXTTNlQUFmNXdHNWpKaVE?oc=5,Nagaland Tribune,"Fri, 01 Aug 2025 07:00:00 GMT",2026-06-14T20:36:17.238184,impersonation_identity_theft,True,False,candidate,https://nagalandtribune.in/assam-human-trafficking-racket-busted-26-girls-rescued/
fake government official Nagaland,"Thunderstorm alert across Nagaland till April 3, public urged to stay indoors - Eastern Mirror",https://news.google.com/rss/articles/CBMitAFBVV95cUxOdDdVSGEyRzJWQmdxVVJ1QkJtUnZvTnFwN0w1QkdQNVR0Wm9ITFpRN0lTNmRyd2x6UGc5RHh5RXI0RnRsdThWemVvR2tLem9ZNUhmeHpqRzNPeHpZSk0yNGVYRENCWG5RSFBWU2VNZW1xT2hXRE4tbHFKQlJxcUVMZTZTWUlBMzFVQTVVdksyYkx1U3VqVzMyV3EwbkszZm4tSEFwcHF5bUFDbm1TSjEySnB5Rmk?oc=5,Eastern Mirror,"Tue, 31 Mar 2026 07:00:00 GMT",2026-06-14T20:36:17.238227,impersonation_identity_theft,True,False,candidate,https://news.google.com/rss/articles/CBMitAFBVV95cUxOdDdVSGEyRzJWQmdxVVJ1QkJtUnZvTnFwN0w1QkdQNVR0Wm9ITFpRN0lTNmRyd2x6UGc5RHh5RXI0RnRsdThWemVvR2tLem9ZNUhmeHpqRzNPeHpZSk0yNGVYRENCWG5RSFBWU2VNZW1xT2hXRE4tbHFKQlJxcUVMZTZTWUlBMzFVQTVVdksyYkx1U3VqVzMyV3EwbkszZm4tSEFwcHF5bUFDbm1TSjEySnB5Rmk?oc=5&hl=en-IN&gl=IN&ceid=IN:en
fake government official Nagaland,Superintendent Engineer arrested for forging Aizawl DC’s signature - Nagaland Tribune,https://news.google.com/rss/articles/CBMimAFBVV95cUxOQkJ4aGpndWpzN3pyVWtFLXlJWmcyOGpPbTFGbndRbmxpTkQwZGVvZXNEMk9qSnh4RWVTMWxVZWxncFoyUXhpdlBoOGFDTzVjcDBVdi1JSHYyamNENFNoaTF6eDhDR3M5ZFU0YTNpODBHSTZ2NVFPTG9YdG1VSFo3Z19XbHF6TnVMc01nV3p4OXBVNTcxQ1luWQ?oc=5,Nagaland Tribune,"Tue, 15 Nov 2022 04:17:52 GMT",2026-06-14T20:36:17.238266,impersonation_identity_theft,True,False,candidate,https://nagalandtribune.in/superintendent-engineer-arrested-for-forging-aizawl-dcs-signature/
fake government official Nagaland,Nagaland State Lottery Result Announced (April 22): Dear Spark Wednesday draw for ₹1 crore jackpot ends;... - Moneycontrol.com,https://news.google.com/rss/articles/CBMikAJBVV95cUxQemNYa0lhbWNhU0JZZmhpNV8xQWNxMDVMcE5VU1F5ZENsQ3pnNXpJRkRja1c0bzBqdjZyNDhPLUlGbkpuNmxpd3VJd2tUeVgtNGJaLVdCcDlpVDg4REUzVFhqQW90NlNVQ2xEVG0xemdmR1FsUFV0RE4wZVRTZlNnbm1Ha3FMbTNXZ2dnZFd2QzFvUExjWWdyeGdDX0lkM1EwX0x3SXFnOXFKX0cwWDhNYWNFa1YtTHNMQ2VHYlQ1WmRINU1hcF9xZjlGUnpWSWl0eElValYzUWcwQ0Y1dGRZSjVRTEpVUjFWU1hMQ193SFZCbHNOTWdlZC04OHVFaTBKVXo1ZzNRT2c4TVRWWmRxNdIBlgJBVV95cUxPbEdJQ1htYWtoRVF2UU4zcnFyWFFhbEt0M2M4Q0k5X1I3SXdGeTNUNmQtMTU5TVhGcnBPX1BGbzAya0xIVURyVFF2bDRZOGJraG1JZDNaZnY5R1ZqZmFraU1xN3MwalJ4T3VIQlduN2FJNVNuTWRhN0NoQ01FQ2FaVVljM29QZmFGTXFGNFNMMzRxNy1UTTdIc2JfLXBxV3Fua1JhVjZlZ1hnaEVJaEVBeFQ2bXhfeGNXbWtMY0daeGE1dWltYldGVml4b0JTUW1WUjlEMFBjUHNpV2hMdEpQeEZJX21VYUNvSUw2bHlmZG40N19HMXZqTFNEb1BHSHIyTS1YbFdNVUN6S2hOMG9wLUJuY01RZw?oc=5,Moneycontrol.com,"Wed, 22 Apr 2026 07:00:00 GMT",2026-06-14T20:36:17.238306,impersonation_identity_theft,True,False,candidate,https://www.moneycontrol.com/city/nagaland-state-lottery-result-today-april-22-dear-spark-wednesday-draw-for-1-crore-jackpot-at-1-pm-winners-to-be-announced-soon-article-13895354.html
fake government official Nagaland,Nagaland plans its own NRC - Deccan Chronicle,https://news.google.com/rss/articles/CBMimAFBVV95cUxOblZRVTB3SndGanUtWjM5di1VaDNYU25wbGhjVzJxRU9vLUcxS1JfYnB1dm5uOV9XZzYtMEZGc21vSWh0eHpTOHUxS0duRFlfcWt2YlpOYmtJRU1RbnJyWEptNU4yVmtIUlh3bGgxd0d4am9wcnlLUDVjZmRNaEhITTFxWDZCVWJ6S3ZsX1RkeF96VlhPdUZNVdIBngFBVV95cUxOWWVMNU8yX0VkXzFGTmJndGhONnFWc29sOUVxX2hrNUpKazEwVW9IVjhQUXJSUXA0LUR1bjBHdWdKczZiYkp5clR6dkxnOUpVVnZwNGVBNU0xLTlzZ3F1U1k4VkJWMEJQU012TTNzS0hENWlab2lFRVVQMnM2SUZhS2ZLUmxfUjd0T0RjejVhSDFWZVhhZkd1eVRoZlBLdw?oc=5,Deccan Chronicle,"Tue, 02 Jul 2019 07:00:00 GMT",2026-06-14T20:36:17.238314,impersonation_identity_theft,True,False,candidate,https://www.deccanchronicle.com/nation/current-affairs/020719/nagaland-plans-its-own-nrc.html
spam call Nagaland,"Consultative meeting on Naga political issue calls for NPGs to fix difference, make single document for GoI - Nagaland Tribune",https://news.google.com/rss/articles/CBMizwFBVV95cUxQSzl4cE5ZdW16VXdad21tUXU4MzA1US1ZdzlEcUxLVXh0dU1xRkJKTHY4RTU3WkttaWdrNDIwUHJ6N25qbTFSWDZNSmMzY2pUazVUNWhIQWNOS2k5VkhWd2luTFdqRU14YmlhanhjUlJsU1FTVmlNSkxPOU5VcGtNaEVTRGM0N1BvWEJfRW5RaHdONFhUTEpvT3ExSDVhR2gydEVLVW56VjFfSENuZ2txVVNFNW93T3lzNjl4cmZrV0tYYV81cm5CeTR3Mnp5TDQ?oc=5,Nagaland Tribune,"Thu, 12 Sep 2024 07:00:00 GMT",2026-06-14T20:36:20.788867,spamming,True,False,candidate,https://nagalandtribune.in/consultative-meeting-on-naga-political-issue-calls-for-npgs-to-fix-difference-make-single-document-for-goi/
spam call Nagaland,Nagaland Medical Council calls for adherence to ethical medical practices - Medical Dialogues,https://news.google.com/rss/articles/CBMixwFBVV95cUxPUURTOFB3aVVXbkF6UFZITWVHanhzVHJDYVRpNHdnV3ZVYkgybTJ1RzU3dFdjYU9paHBiZURNTWlabHRIX1dxQ2hNZHF0NGlvdXZtVG5meXdtOEpib0EzbHRYV2txYkQwQzVmSm9FVHJJeGdKS0VmenFrVUtUdG00MWR4MHpURmZvR2N1M3RFd1JpMnZyekRvT3FaYzVkU1JSQWJTQ2lFZVdGOEtKNExwcW1QQUJ1VG9KQkkzdy1aa1Z1d3huTlNz0gHMAUFVX3lxTE91eHVkOVF2ekRHdS0yYlRFOGlZZ1ZxcUZuT0VYcWhWYk5oNlhnZWRkeHNUY2lkNTdzdnlGNFhGdGRDNEI5Y2tuRmNjZEdIOWwtRk1TMVlMUjQ0ZEFSeU5mci00eXNrY2NpaElDa2RXN053YWxjMDU0b09ORlQwWGdpNEFfSTBVc2hGa2ptVFhzSUdKYUdBMWpoakt2bWhUbVdiczVzcS13d2JZdl9uSFFaSmZ6c0xpS3c5S1Y1Z19GWUVybTNwWjlWVUQ5Ng?oc=5,Medical Dialogues,"Sat, 25 May 2024 07:00:00 GMT",2026-06-14T20:36:20.788879,spamming,True,False,candidate,https://medicaldialogues.in/news/health/doctors/nagaland-medical-council-calls-for-adherence-to-ethical-medical-practices-129066
spam call Nagaland,Hunishe? Nagaland first social media + news app - MorungExpress,https://news.google.com/rss/articles/CBMiekFVX3lxTFBRSVZ2RE9hMndEbHFpTS1mTmN2NUtRU1ppQU5PcjRjQ0VIdFVINlVZckhkV1h6QzBHemh5UUYxZ1NkZVcyWjNfNUEycjdwQmZGRkRJdWhpcXJHcUFhaDk3TnlsYUxyQWxMdThHZklsblRQWGhWMGJZLXJB?oc=5,MorungExpress,"Wed, 14 Jun 2023 07:00:00 GMT",2026-06-14T20:36:20.788885,spamming,True,False,candidate,https://morungexpress.com/hunishe-nagaland-first-social-media-news-app
spam call Nagaland,"Nagaland bans junk food in schools, calls for sensitising children - Down To Earth",https://news.google.com/rss/articles/CBMihAFBVV95cUxPMG1FNHF1X1JfZ1d5cF9JUFhxQkpVQlpIcVEtR3FZTl9DcXVSbUVxMndlYXJHSHhkUi1zdXRNSDhMRWNSYUs5MXQyLVYtTXh5eF95MndLUkVTNGdaYzZhTDlpNmZsVEZQbWExZGlkMHFoU3RqZ1YtZDZqQ3RhbEVDTEt1bjLSAZIBQVVfeXFMUG81cUxGMmtYODFQbzI2VlFCM3A0RzZoZEp6TGdmN08xTHRTc2J3TURsMVR5cU54Y0FndlhaYXFHUnlabkViZUxrQmRnWS04MEJNc09sWGZuNXdsNC1LUVpVR1RUR2tZOEdBdDlOb3FnWU4wZHV3bzNIajM4MVZ3TDNGZHFVZHExZmk2SXNiNURab2c?oc=5,Down To Earth,"Wed, 15 Mar 2017 07:00:00 GMT",2026-06-14T20:36:20.788898,spamming,True,False,candidate,https://www.downtoearth.org.in/health/nagaland-bans-junk-food-in-schools-57359
spam call Nagaland,Nagaland's Hornbill Festival fully booked; Tourism Min calls for more affordable flights - ET TravelWorld,https://news.google.com/rss/articles/CBMi9wFBVV95cUxQUnNxTmw1NElPMWo4eTlEOU95VzVIZ0FGMU94Wi1sVXN3VFR2V05UNjI1QnRNUTJ0alJ1ZTZfSDdVdl9rZkljYnF1WjZNTlI1NW55dnVpVkdzdHNIQjcwNHNtMEtzUmhoUnV6bWVVWTNoQ1oyWTl1OHFGLVZ6XzFUNlJRZzJHN3dmbXQyY0UtcjNlRENhMk9wOC1pN01mVlEtaFhkbS1pVUkzMnhJb1JqQmJ4OVo0eFhYSjNBVkdEQTliZS1XenNPNG9TYURyVldBMXdTWlZqMzM1dkRsZDBoRUpSQ1RDTmZINFhGd2VmWkhnNUZkYmpn0gH8AUFVX3lxTE92NjdGUGxFaTJFV2Itc0xUZ09XMHh1bFZJdXVLMzV4Rm1UcEgyZzJGOThhU2hPUHExVXhkN3pVbHFkRFJxeC1SdUhXNE00YnlLb3NwX2xtR0xyMy1VbGJ2Vkw4R1RsdVpMT0RCXzV1bkpSTjFBanJtbnJfamhWV0prbXo5VmdGZmJReGdOVVFUN29UR0pfWHVvcmNmNlR4dWtKcm8wRl9qUWUwckNKblJnbkVTRXlNZXI5QUEwczdXNHZSWWZ5QWZ2RUpjR0VCeWhhOF9kRjBTckRzWmRQNUlwRlNGbFk5a3JwLVlXWUpxZi1lQ3ZEWU9DQ2N0YQ?oc=5,ET TravelWorld,"Mon, 06 Nov 2023 08:00:00 GMT",2026-06-14T20:36:20.788923,spamming,True,False,candidate,https://travel.economictimes.indiatimes.com/news/destination/states/nagalands-hornbill-festival-fully-booked-tourism-min-calls-for-more-affordable-flights/105001684
spam call Nagaland,Nagaland: Call for 12-hour shutter down in Dimapur against shifting of DC office - NENow.in,https://news.google.com/rss/articles/CBMihgFBVV95cUxPUzVubFJWbmZlVzR4c0l6SFYxQXZ1QURydlQtYlM4TTNLcXZiVGI5UVgxNHVna3NUYjRSMnVwbE4xSlNHNW42Yi04bmNva3d4bFRtQ1JaRGFWOXl6cERlQWRxUnAxVllWc3Q4SF9ZUEktOU1Ya2ZGRnFaSlNrMDgzelBKZ3ptQQ?oc=5,NENow.in,"Wed, 29 Sep 2021 07:00:00 GMT",2026-06-14T20:36:20.788935,spamming,True,False,candidate,https://nenow.in/north-east-news/nagaland/nagaland-shutter-down-dimapur-dc.html
spam email Nagaland,"Fact-check: Did the Modi govt concede the NSCN demands of a separate constitution, passport and flag for Nagaland - opindia.com",https://news.google.com/rss/articles/CBMiwAFBVV95cUxOUHU3NHVHLTBSVUhCY3gwUkEwZ2RnVlY4aVpoVmVoN1JRSmR1cFgxU3lnMVZHcFdtNDBMODlQWjBZWU9Id0dEcFJ4LUlTVTBYY2tlWUdUYVN1VjBNWkdRY0xOQkZ6c3JQSVNyX3dpYkR0aFE3NWw1U2dnQmJYRVNBQmJNdEdIdHRYMWw2U0FyYTRZbjRWY3FLWU83UGYyUDRMczh3RG1LbnkzYlJadlZjM3RCeVZ4bExWYVE2Q0M4TWE?oc=5,opindia.com,"Mon, 15 Jul 2019 07:00:00 GMT",2026-06-14T20:36:22.655439,spamming,True,False,candidate,https://www.opindia.com/2019/07/nscn-nagaland-nagalim-constitution-passport-flag-demand-conceded-fake-news-national-herald/
ransomware attack Nagaland,Nagaland StCB launches three new financial products - Indian Cooperative,https://news.google.com/rss/articles/CBMiqgFBVV95cUxOSW1XY3VDT0JNQ0FVemVsXzVyS1p4bjFZNmFPaVI5QjV6SDhad1VsSW9oRFIyeDNEbHVFZ2VUdDB4d2JPdnRFbmVMbUNkUkJ5TXNJODF6Z3k3MUtWMXEzaF9CcXpfX0plSzJVdWdJSFF0Qkd4N2ZqaWNoNGVfbldHSXl6bWJUcF8wT0dnenVzUEtVWDBwMk5IQVA4ZzdYQnZicXdwRUVDTHFnQdIBrwFBVV95cUxPTW4xd3ZkbExRRk5IbXdNSWVYUHItN21jZFRnamJKZE1BTE4xUHR5Q2VWSEEtbzk5MHpXeGRaQ29ZWG5HV0Y5cjBhbVNuV3BOMmx6R2xMSU1rakVxbnBQeEVjYXV1OWxONGRaMGNCX1pHTnBGbGh1UEU3dEFRczgzOUFENEczam14RnNvOGpSa1B0U3F5YUZDek9qWmRiSERWSXdOTDNKSlgyY3ZaNW9N?oc=5,Indian Cooperative,"Thu, 01 Aug 2024 07:00:00 GMT",2026-06-14T20:36:34.871558,ransomware,True,False,candidate,https://www.indiancooperative.com/co-op-news-snippets/nagaland-stcb-launches-three-new-financial-products/
virus attack Nagaland,"Ebola increasing in Congo, spreading to Uganda: WHO - Nagaland Post",https://news.google.com/rss/articles/CBMigAFBVV95cUxOckdhdkFYR1VfMDZmRE9MaHJZUXJWWGNDWFNVQWFIQ2pxMjFkTHBCNmhrLTR4YkJLRzFTOTl1eG5KSVQwa2dPSFRIY01WUzk2cUZGVVpJVFJHYjN2YmFZOHN1MVd1MXlwbzY2bXBza2M5eW1JSjJibXpmQVM4QUdFZw?oc=5,Nagaland Post,"Wed, 10 Jun 2026 03:41:33 GMT",2026-06-14T20:36:46.792680,malware,True,False,candidate,https://nagalandpost.com/ebola-increasing-in-congo-spreading-to-uganda-who/
virus attack Nagaland,Australia closely monitoring outbreak of Nipah virus: Health minister - Nagaland Tribune,https://news.google.com/rss/articles/CBMinAFBVV95cUxQTG9fTGFiNnVpUUNLemZqMmNVcDlwWXgwcWVXakQ2X3FqN253c29jcWtqTnptNjg3aEg3enNoYWNaaVZ3QVYxLUdGRmEzYWdHaWF2LWFXTk5VRFRPUGV5Rk9tc0l0Q0RGczN6R1cyLUNNdFYwQkM4ZVU5QlBLRS1MSlpvdEY2bzBLbXZOVFpMUzhXc0FIcmdIWV9JMFk?oc=5,Nagaland Tribune,"Fri, 30 Jan 2026 08:00:00 GMT",2026-06-14T20:36:46.792694,malware,True,False,candidate,https://nagalandtribune.in/australia-closely-monitoring-outbreak-of-nipah-virus-health-minister/
virus attack Nagaland,‘World-first’ vaccine designed by artificial intelligence - Nagaland Post,https://news.google.com/rss/articles/CBMiiAFBVV95cUxQX1ZpSUxUZC02Z0xZTlZUeWo3NnBiMG9QdkhfVEJjTm1RZElyZ2h3Tjl2UWtVWlBORzJCQVZHQlF5MmFSRmVwamVPVlFnVUpGMWpKUWFxRUVqa0dib19zd2lTaFBuaTlUb2xIRktRMWhrX0ZCd0lTUlo5c3lnQ0lEZ0ZZSHlQUkpY?oc=5,Nagaland Post,"Sat, 06 Jun 2026 05:07:27 GMT",2026-06-14T20:36:46.792721,malware,True,False,candidate,https://nagalandpost.com/world-first-vaccine-designed-by-artificial-intelligence/
virus attack Nagaland,"New Nipah virus vaccine safe, generates immune response: The Lancet - Nagaland Tribune",https://news.google.com/rss/articles/CBMimAFBVV95cUxPUG9JcHJ3N2IwYVQ4SWlDTEhMUldhempiSlMwdnBQREljdk1DdF9xbTFIV0d1MWhCblpFMXVXc3RTVDJIMFdkbDlwczZNaDVRaUkyYmtxNFlJc05GWDliaDIxMUVRSWJ0MUhiSFlRd0Jsc2MxNXZOWUtnX0R3VDBvNU56OFM4RUdfd2R0c085M2dLM1NuM0JaUQ?oc=5,Nagaland Tribune,"Tue, 23 Dec 2025 08:00:00 GMT",2026-06-14T20:36:46.792776,malware,True,False,candidate,https://nagalandtribune.in/new-nipah-virus-vaccine-safe-generates-immune-response-the-lancet/
virus attack Nagaland,Nagaland imposes emergency restrictions in Kohima following swine flu outbreak - India Today NE,https://news.google.com/rss/articles/CBMi1wFBVV95cUxPVlFaWlhlSUJaa3VmUzNZZGZldkRTZHh3NFJ2U2ZkNDFaalJ5dEFlMkN5ODhFd2I1d0pudzFmc3RESFNmUXk0djR1ZmozNEd6ckZaTlBIUEh4blM0cHF1WC1jbFgwYjloTEJwSGtteUJjZVE5Nk9JdHRaYkRqZ2FrYWh5d0tyN0JmRDFlbG5oWTVKT2RLMTN0WHNiWnlubkl2NFlLTXU5RVdsY25mSUkyM3FvV3kwRTE0UU5yRjV0ME1xVVhGbnVRVVY2S09mZC1zREJxdUZSNNIB3AFBVV95cUxNenQ2WlQ4amZUQTVJVWdzRmpsUEh5V1JOZjNzcl9BWWxoLWdBZDk3c2ZDRUc1Si1GdVA2LVUyY1l1TFFOWTlaLVppVHhwbVJ5bTZQdEcxb1hpYlZ0anBBZ2dBU0dqR1RKY1VMRVpBcFRXR1MzdlNJSVJMMk9HVW9FcThBcXRwa0x1TjlqU0R1RGhfVnpNOXYwRXNUU3hmcjIzM045TVFOd1BtaXNyWjBLOUw0TlFzYnVlY3JjV3VhNkl2M0RLVmI4cUFUV1hUSmJLeTJZOWx4Y0w0Q2No?oc=5,India Today NE,"Mon, 01 Sep 2025 07:00:00 GMT",2026-06-14T20:36:46.792807,malware,True,False,candidate,https://www.indiatodayne.in/nagaland/story/nagaland-imposes-emergency-restrictions-in-kohima-following-swine-flu-outbreak-1270872-2025-09-01
virus attack Nagaland,ASF outbreak: Nagaland Veterinary dept intensifies control measures - MorungExpress,https://news.google.com/rss/articles/CBMilwFBVV95cUxQTUZicDlMLWxDZmF2MWNNM1NoTzJkek1MWGZOaGh3djU1b1VIWWpkM2llTzdiTkpPX0tYQnl5eEE1VVd6Q3RFU0JmQ01oNmJ2RmJPRUhFckhfc3dDUVh6Uk1hMGV4VVQ2VjJpV3lHRFgwdlE4UnRoMV9EQUpzdi1wRURKYXFXLXROay1HUEdRTXBaNWRGMEd3?oc=5,MorungExpress,"Fri, 22 May 2026 07:00:00 GMT",2026-06-14T20:36:46.792880,malware,True,False,candidate,https://morungexpress.com/asf-outbreak-nagaland-veterinary-dept-intensifies-control-measures
virus attack Nagaland,Centre allocates INR 2.72 crore to boost cyber forensics in Nagaland - Eastern Mirror,https://news.google.com/rss/articles/CBMiqAFBVV95cUxQYmtSdXFnT0pFT2RkSlBkNW9nWTh4d0o1SkxNbkprMnRWMWkzYkNBQmttNzlkeVRhVUZYcnBOV2xqS2N0NTZVWk5LeHR5aGJBSFNxTHdSTjdQX0VaeTI3NGZ0d2RxRGFOTExIWUdmTGZxN1F3eUktdUVnUEFQckxsTWNRZkN6el9wQVVxRXBfb1ppc2s5enBMZ3NKekxkSTFxeWRvWDhiazk?oc=5,Eastern Mirror,"Wed, 18 Mar 2026 07:00:00 GMT",2026-06-14T20:36:46.792895,malware,True,False,candidate,https://www.easternmirrornagaland.com/centre-allocates-inr-272-crore-to-boost-cyber-forensics-in-nagaland
virus attack Nagaland,"Nagaland bats, Wuhan’s ‘Bat Lady’, US defence funds, lost ICMR probe — India’s virus mystery - ThePrint",https://news.google.com/rss/articles/CBMiugFBVV95cUxNWS1MMUY3R2VzbFg3c3BPWFlPeXAtSTVuVjdIc1lhWlFnY2VaRXlreW0zLTFoRzBXSExpMWFRdXJYNnh5R3FRRWJYQVpTVnVVX3VsZDl6RUZfNENVbkF6V0RSSGRRRzFpeEExWWhmVmQwdUtEaVNDSVFGLVJBcEd2enZYX2lpR0dIM3I2N01sZF9aT282TVdJZHlrT2hmWWdxRkNLcHQxMGtMd0hZTkhZM2FGVjhaS28yOXfSAb8BQVVfeXFMTlM3VkJCVGdBVUpiRWVwazBNWlNfTnJNaXoxMVlmc190VFJXbkdGbVU2RFU4Z3NUZlZuSjVTVkNLUTZ4Q2xPNTdIaXhTQjZUVWRyRm5OM1RVMUpBQUNDNHpPSWNkc3FkZnhRZjhJVkFDdWNyT0tGWkV1VWlNaXBGZGViYy1HZTRLbHF1NmRFLUpKQ0xUcWkzdk4ybFp5SnZRMlZFdWJSd2RhUUFRdUhBcXRXamhaUFlDTG9aTjJWLTg?oc=5,ThePrint,"Fri, 11 Jun 2021 07:00:00 GMT",2026-06-14T20:36:46.792953,malware,True,False,candidate,https://theprint.in/health/nagaland-bats-wuhans-bat-lady-us-defence-funds-lost-icmr-probe-indias-virus-mystery/674478/
virus attack Nagaland,India’s Nagaland intensifies efforts to contain ASF outbreak - porciNews,https://news.google.com/rss/articles/CBMijgFBVV95cUxOQVlKNnppRFJWYnhZakZ4WjlveVBuQVF0MVB1anNLd0paSGppSUpJYkY0VElpTXNJaFVvNC1uZW1KTV9EbEpMT3FXSHhtdnJ5S1FRZjRZcUN5Ml9DX01IUGc4TDJ4VmEwSDY2NDhWU3JKM3RfTF9pM20wU29DZHhfYWRpbEt2bXJINW9RTjF3?oc=5,porciNews,"Mon, 25 May 2026 07:00:00 GMT",2026-06-14T20:36:46.792966,malware,True,False,candidate,https://porcinews.com/en/indias-nagaland-intensifies-efforts-to-contain-asf-outbreak/
virus attack Nagaland,5 killed in Nagaland scrub typhus outbreak - The Hindu,https://news.google.com/rss/articles/CBMitAFBVV95cUxNWG4tclF6YlVsbkRqcHJHRXBDbVFmOUpSLVYxWnUwRlZxU0xGYXhkdXZaZTJyYUN2Q1Q4aUtQZEtRRUZwRzNvSV9tQVo0TVVaZkJkVUFWM2dXSG85NEZ3MzNrekpUcDBpeXllUU0yNTZXRE5fV1hwMWdMek9EbDVLRWVjR2RwZjVzUUVMUEZsMllkVnkzYWhQLW52a1ZpdGp6ZW12blJmQ2E4bkJ6MC1HVGpvSTLSAbsBQVVfeXFMT203QlVadkVuTjBpRU1ISGlxM0RsZmxWS1VVODFQbXBCRlRteEtJdmNtTkI4ZDhQVjZvOTQ1N1M5LUJPZFVqS3pXZkl5UTV4aWxpdW1LRnIxWm1CVEpaWVA0Q1czMEhLZU5nNkU2ZXhScEl4NThoVWtKaUVaeUlmTFIyU0wtSVg3VElvVmhlMm9zV1hOc2xFUUJkcHdRNTlidDNGSUxDRzlpcmNMbjQ5UnJONXRnVVppSTR0TQ?oc=5,The Hindu,"Sat, 19 Sep 2020 07:00:00 GMT",2026-06-14T20:36:46.792981,malware,True,False,candidate,https://www.thehindu.com/news/national/other-states/5-killed-in-nagaland-scrub-typhus-outbreak/article32647398.ece
virus attack Nagaland,"Bangladesh records 1,147 new dengue cases in 24 hours - Nagaland Tribune",https://news.google.com/rss/articles/CBMihwFBVV95cUxQZ0w1V2xPaTFDMnFVMXNlQS11QnZzR19uSkFkdXF1MHpsMGo2TUZiVXUwamJ1Tjdyc1BvcmhYNEI3REtkTV9aSGkwelZBQlkxZG9oRmRPcnR2TlNWRUFucUZOclVZWlI4ZVNxZEJUS2tRRVRiMkVQSGhpZXhsVy1JRmY1UDhJd0k?oc=5,Nagaland Tribune,"Tue, 04 Nov 2025 08:00:00 GMT",2026-06-14T20:36:46.793008,malware,True,False,candidate,https://nagalandtribune.in/bangladesh-records-1147-new-dengue-cases-in-24-hours/
virus attack Nagaland,Thailand enhances screening of flights originating from Nipah Virus high-risk region - Nagaland Tribune,https://news.google.com/rss/articles/CBMisgFBVV95cUxQTmZLcUh6Q0ZLVkFXLUxaUVg3ZTZTdlhhT0VUclMwakFnQ3NUT2R4QWd2Q2RNaGlRQWVzYWw5VFhBWnFWLWo5djdUSXRwZjUzd1pOUEc1X1VxTjJWMG1DRUF3UFc0OWNjdzBhQVpEVE1OUnpLZ3d5NnJEMllwOWNKTHFrX1luTmVmOUlDRWNRQ2Vob182R3lPMTM1TE9QYmdPOGFZUXctaF9KaHFSVEtZX0VB?oc=5,Nagaland Tribune,"Mon, 26 Jan 2026 08:00:00 GMT",2026-06-14T20:36:46.793024,malware,True,False,candidate,https://nagalandtribune.in/thailand-enhances-screening-of-flights-originating-from-nipah-virus-high-risk-region/
virus attack Nagaland,Nagaland tightens curbs as African swine fever outbreak spreads - National Herald,https://news.google.com/rss/articles/CBMirAFBVV95cUxNY3JiYkZ3ZGFDZTVBM2JYckZrTi1peV9scWxfcEp2X1ZHcHA1bV9YeUJrczVCYTVtS0FqNUlIV3RvLU1JTzVtTlBvYm54YzhvSURJYlJ5M2pNQVVtUGI2QUdIZDBXaFJodi1kSFJpTFRIYTV5ckNpVzVhTmtGNjRTTHpZbmdmNUJOYkdXUlNxWlRCcDM1UHJSZDJWRTJwRGdUb1ZXbkZVTkhlUnFE0gG6AUFVX3lxTE1BbVAtSTZ1U0U3LWxta2RCNlpWSWlkMHNEbGNCT21ReFV6WmJxbGFVR3lPYzA2NGpHeU9tUmJBaE1HRkFla25sY0h3RC1jcHNhbTBrSEZFaHJaeDhzSE43WHhsblItWU9HTVJydTc5QjNCYU9wTkFpRW5xY282QThTV1lJRV9rNmx2Z1lQX3FUWWJGbTg0TmNDWlBpRjJJSzBHaTJGcGlsdnlmSFFGLVZ5RnNXbU9jUmtSUQ?oc=5,National Herald,"Sat, 23 May 2026 06:52:46 GMT",2026-06-14T20:36:46.793053,malware,True,False,candidate,https://www.nationalheraldindia.com/national/nagaland-tightens-curbs-as-african-swine-fever-outbreak-spreads
virus attack Nagaland,Nagas cannot part with issue of ‘Nagalim for Christ’ because everything of Nagas are in it: NSCN-IM - Nagaland Tribune,https://news.google.com/rss/articles/CBMiwgFBVV95cUxNZDRYbmlLQnZnSldwX3VFSlNLS3lSTGZ4V2Vmc3dsMWFGWDFucndvTW9XS0FkaFRWX1N6aEdXM1BtZUtuN29scEJOUUszSEhoN05VVDd2VGFaNDRYUHRiajl2T0VCeDVCUU5ZdWZ1aGdYWTluYnNyWWprbDFGOWR3dm9FMjZRRWVLVkZSYTZldWw1ZmlIWXpmX1NTRDBXRkltbWtDUElzcUhLOWZKSm5HaDhIUy1GRHgzYWFtSXIxcGhfdw?oc=5,Nagaland Tribune,"Fri, 16 Jun 2023 07:00:00 GMT",2026-06-14T20:36:46.793085,malware,True,False,candidate,https://nagalandtribune.in/nagas-cannot-part-with-issue-of-nagalim-for-christ-because-everything-of-nagas-are-in-it-nscn-im/
virus attack Nagaland,Nagaland CM urges people not to discriminate Nagas - MorungExpress,https://news.google.com/rss/articles/CBMifkFVX3lxTE9UQ3owUlJWSkxnQW53amJIYXQwVWE2R0lEbXB6VGgtb1VFUFRtRGpVN3hJTDVBY3hTc0RnMmJ0Z0ZwVDZJQnlGSE5Wc3FTUFBudWp2SExuWkxKODg4R09LeFRNeTZaZXhWX2VhQ0VTeUV6SG1fRi11cTdpdkhGdw?oc=5,MorungExpress,"Tue, 24 Mar 2020 07:00:00 GMT",2026-06-14T20:36:46.793100,malware,True,False,candidate,https://morungexpress.com/nagaland-cm-urges-people-not-discriminate-nagas
virus attack Nagaland,NIELIT Kohima leads tech education push in Nagaland - Eastern Mirror,https://news.google.com/rss/articles/CBMikwFBVV95cUxPN3pqbDBSa1dMSkIwZEx4QWFaY21LN2p4TWQ2U0V3bzJldXpyRlRNM05KcG15SHp2OGFiN3BMRGtKZTFqeTNFODMtZ3BqME16OXJTclJQZjdCckx1b1g0Yk5WSHljOEg1Y1RWRDRGTm8wdkxkckt1Ty1ZX3BXcGtlMkxpYUVjcENvQ1RUUWZKejB4WnM?oc=5,Eastern Mirror,"Sun, 03 May 2026 07:00:00 GMT",2026-06-14T20:36:46.793135,malware,True,False,candidate,https://www.easternmirrornagaland.com/nielit-kohima-leads-tech-education-push-in-nagaland
virus attack Nagaland,"Bats, Bat Hunters in Nagaland May Be Exposed to Ebola-Family of Viruses - The Wire Science",https://news.google.com/rss/articles/CBMiqAFBVV95cUxPRDVfa3NDZDU4TTdVYTJZM2piaV9kYjVPcTJIUzZHcDk4RXRHYmFsY0dkYWZfcHUzQm1JbnZaTDZoaDdBaUl2VWFET2RZV1NFME9FMUpTdy1iUVFVTU5JSlVNNm0tVVNvcXVVOTNyQVVQQTJrb09OUTh6bWcxdU9yX1Y2aGNVNlFibG5teHJtVUpERDNuV3BPTTZSM1dNZmlpX3JQTzhMdTA?oc=5,The Wire Science,"Thu, 12 Dec 2019 08:00:00 GMT",2026-06-14T20:36:46.793165,malware,True,False,candidate,https://science.thewire.in/health/bats-bat-hunters-in-nagaland-may-be-exposed-to-ebola-family-of-viruses/
virus attack Nagaland,"Two Nipah-infected nurses in Bengal critical, contact tracing and screening intensified - Nagaland Tribune",https://news.google.com/rss/articles/CBMitAFBVV95cUxQOGk0enZNSkp6a296YmtoU1o3NUQyWTNzODBWWG5Ed19VUk1ReWJocGtRd3ZWZG5ja1lwWkNyWnU1dFRCLURfVS1ZZkhFM01YNDhXUzlXZHlERl9vR0dXdG8ySUNYeDNPazc1ejBUZC0teWE0b28xcGo0UDVPWEk1MVNGYWNGZGp0MHhKcGhTMjE3d19jbVJVNUhwYm5OV25sc0lNaWhaY3otckNwbjloNG1KVlk?oc=5,Nagaland Tribune,"Wed, 14 Jan 2026 08:00:00 GMT",2026-06-14T20:36:46.793180,malware,True,False,candidate,https://nagalandtribune.in/two-nipah-infected-nurses-in-bengal-critical-contact-tracing-and-screening-intensified/
virus attack Nagaland,Doctors unsure of virus infecting children in Nagaland - Eastern Mirror,https://news.google.com/rss/articles/CBMihAFBVV95cUxQMWNQa1JzLUdBWXNyb3RoNlhEWVFVU292YjItcGE1MHFFcDc5WDVrMGRZYlNCOWVuN3lYMG5YQlJWbUF1MmVMTllhV3FkdF94UWFuWnRjejRVU213UEtxU0hjV3ZUOG5NdTN3X2xLY0hiVmFfRnJnVFpZSHkxbWR2SjNsU1A?oc=5,Eastern Mirror,"Wed, 15 Mar 2023 07:00:00 GMT",2026-06-14T20:36:46.793248,malware,True,False,candidate,https://www.easternmirrornagaland.com/doctors-unsure-of-virus-infecting-childr
virus attack Nagaland,Nagaland Government offers INR 10000 to citizens who opt not to return - The Times of India,https://news.google.com/rss/articles/CBMi5gFBVV95cUxOSFZjeVF1MlFFOEhXRi0zQlNGa3VRcVI2Y21Da1p1NmhVZTJHNmpVenFkVVZGNXdVdlVHYzlYTUZWaHVCYXFvQTBpZU9PTnZldTdTbVFZajVNWEtLODBWcVRUYU5vRVR5b2dEN0MzY0lNWHBlalZ0OE10TDFseEFvZFFNdmZzNHFiTld1X295N2ozZThnQUZRVFgxbnU0UExaX2lHQUdjZFhyQlJJNHVuMGRpdVpEdXhmQVA0VFZQQVc2dGxxUEM1YmNTQzRncHVpdm82VTZJSzNqRVJRNE9RUnVwSmFVd9IB6wFBVV95cUxQd2lhZWVneF9uNWZfS0VuQV9qSVd6RlNmWXRVT3M3Q0VtMUR3M1NUSklJdkgxVmtDMnVLLXkxVjlnQm1fUTdyNWJPaUduME1sVVdIamtud0J5T1dOTTdHOXFQcnBpeGF1MFQ2bzBneWRnYXliODM1RVJfOXl4bGVSNWdJNWhMZzlyanRKeE5NdFBVUkY3MW9yR3ducnJSNE9iZFVWdnFwN1RXUTI1NzJCcWJSMjV5YUxEdEZCYVZBU0wxNWI0cGdHMUFxZUw3cnM4bXFvOFhUaVRzSkhiVVJuaFhyOFBuWWRJV0s4?oc=5,The Times of India,"Fri, 15 May 2020 07:00:00 GMT",2026-06-14T20:36:46.793265,malware,True,False,candidate,https://timesofindia.indiatimes.com/travel/destinations/nagaland-government-offers-inr-10000-to-citizens-who-opt-not-to-return/articleshow/75754268.cms
virus attack Nagaland,American Passengers from Hantavirus Cruise Ship to Be Quarantined in Nebraska - Nagaland Post,https://news.google.com/rss/articles/CBMipgFBVV95cUxNZWZtUy1NTTV0cnNtU05oZU1UV3k0RGszOFNXOWdwNWd5VnBuWHJCMWVmQ25XQWF6aEdzbHdKbzgxaThTajNRT3hiWHNoOWZySDFjdWhhTlRPdHFoclFlRUZpSG9pTEVkZ2EtYm1IWTJQOElhajZLMEwya2FSUnZDT0EyN1ZvY1hKdG5vUGdHN3pUQU42UENzc01JVG0zTllMem0ySzZn?oc=5,Nagaland Post,"Sat, 09 May 2026 07:00:00 GMT",2026-06-14T20:36:46.793294,malware,True,False,candidate,https://nagalandpost.com/american-passengers-from-hantavirus-cruise-ship-to-be-quarantined-in-nebraska/
virus attack Nagaland,"Nagaland: Pushed to penury, migrant auto drivers journey home to Bihar - The Indian Express",https://news.google.com/rss/articles/CBMingFBVV95cUxQZXk3cG9yMjBtUFB0Q0ozdXZJNWpnX0NldHlyQ0JQdjA3RGdDUTRTa0FXRHQwZEVWWmlUQmJMeW1kTFFvckI4MUN1dk5DOVZhMkxYdjR2MXZmQWgtU2Q2YmpiMHJmVTJmbUc3aG5YbXZsYkEydzFtUkJ5VU5GbVBrLTRrQ3ptUF9yYkRxeW03bEdacmRYZ29kMl9USnE2QdIBpAFBVV95cUxQVEFwOXcyRUljVjVhdWtfZkRGOVhXUXFXTXA3eHhKc3hjOTdCYVN5TlRWX2hOMXRiMnBwbTVsaHQ4ZG9ORU8zUVI4S09YbXlQMGxHdTNoSjgyOWVEd0laSzRiYjhBOWw0akpUeHI2MjNaek11aHVIRlRwaGkya2ZRdnlkNFNZT1N1QkUxcVd2RElwLTZ4N0Vac2tpMGxYUzFJcHVBbQ?oc=5,The Indian Express,"Tue, 19 May 2020 07:00:00 GMT",2026-06-14T20:36:46.793308,malware,True,False,candidate,https://indianexpress.com/article/north-east-india/nagaland/pushed-to-penury-autodrivers-6416890/
virus attack Nagaland,12 NCC cadets from Nagaland undergoing AIYS camp - Eastern Mirror,https://news.google.com/rss/articles/CBMiigFBVV95cUxQODF3VUVFcUxKelBnV2J6SzNuMW1Mc2NRXy1YOFpjcXFWV19XMW9wZmF2R1hYTk9rVjNZcVRHVVRUWUFyT1M3NjZYZkd4NUMxSmhTRzdmYXhaSk9FX2RId3BFclN5bDJfZmtXeHRIU0dFdFpfbEZzLTFtT3huUGZESTUzSzJFVDBCOHc?oc=5,Eastern Mirror,"Sun, 24 Sep 2023 07:00:00 GMT",2026-06-14T20:36:46.793443,malware,True,False,candidate,https://easternmirrornagaland.com/12-ncc-cadets-from-nagaland-undergoing-aiys-camp
virus attack Nagaland,Nagaland launches livelihood generation scheme for returning migrant workers - The Indian Express,https://news.google.com/rss/articles/CBMi3gFBVV95cUxPNFRwRm8zZTczTlRsdVVyWFBsVFpMbkxqT08tcWhLejdSSnN2UENwMTk0YkZJMzV2WFZiNTQwS2twZUpwamJfdV9ET2JQSVVRWEVPYVlqbk8xVTduZ1dOWVFTbndzd3FralBGdzRRODdXSGh3SW5FVVlmLVp0YVNkRkt6UGtCVl9abi1tQUFuOU5VUU9VZlVUc29HZUEydWxUZ3JrdWlfeEN2U05NdUZPZThQa19MOXVjdXQ2WVJUR3lQbXRXMHI4UHVGemZVaVQzdXVXQ2ZaTjBSdi01dWfSAeQBQVVfeXFMTnQwRHhDTm1XdUZjZy1HTUNjSndOZFB0c19GckE4WjJoT2l4bEN1M2ljRFF1RlRsVkxGRGQxZmFOemw0TmRyWVFXOWhiODRJWVpKeDZ4bnkwSnlIb2p3eFJkNVNYX1k0M21NZzhkcFRpUnFGaXZLNkRrS3Rib2hQQVhscDNTV0xmWVZ5MUZ0cVVEOHZWeVpUZHRMQmVsSGhXQ0JjOFlfQWpWVlpUOUVrMUFrQWRNUnpGU0ZKQV92cVY2djZORERQUUVCcGxLNnZfbFl0c0c4bnNMWHl0NmR2SmtYWW5W?oc=5,The Indian Express,"Fri, 02 Oct 2020 07:00:00 GMT",2026-06-14T20:36:46.793474,malware,True,False,candidate,https://indianexpress.com/article/north-east-india/nagaland/nagaland-launches-livelihood-generation-scheme-for-returning-migrant-workers-6665112/
virus attack Nagaland,"Post-Easter Attacks in Sri Lanka, Rebel Outfit in Nagaland Keeps its 'Army on Alert' - News18",https://news.google.com/rss/articles/CBMiswFBVV95cUxPMmNmUGdJSFdxY21CaWRkbFo3UThFUzdjVG1YeERFcklMUFlxT2c5S091VGo4TFh2WVdaczdVZnZzOUw2R19zSWg3cWhueVNfclJlNk1oa3BaV09LTDh4TElFanNtaUVqR0J3RkZPb1FzeFo3Rl92WEpXd3VscXhaUkdfM3lURTZWT2hhVWFPS0JPZmMwZDdvZlM0cDJ5WF9DdS02QUhGMHczMVNHZVd3WDdOa9IBuAFBVV95cUxNUU56NENZMFdFMHI4MGFkSFR5ZWxMVDF6TVRCbU5vdkpjeTFSVG5WOG9YUE5IQWNPeVRZd1FiYjBYdzdQbHdBY1E3SkdUaXpRNUxIYTktdzQwdTNBcmtlVVlJVXd2MEY2bDhiSjh0UEp1UXRrR0JtbTNLT2dHTkNRMU54bU1NX0xES3kzTG5jdjJpRHV6NW9aUUFkcms0UTJJcEhDbk1ueXZRYnpUS3FkTEhUN0xvQy1T?oc=5,News18,"Fri, 26 Apr 2019 07:00:00 GMT",2026-06-14T20:36:46.793515,malware,True,False,candidate,https://www.news18.com/news/india/nscn-im-vows-to-defeat-isis-in-case-they-choose-to-attack-nagaland-2118817.html
virus attack Nagaland,NEC focused on identifying growth drivers for each Northeastern state: Nagaland CM - lokmattimes.com,https://news.google.com/rss/articles/CBMiuwFBVV95cUxQd3FWbkJUS1I2a2kxbHRkLTNfdkhybFBXXzR4STEycVNrYVRqLUFiUkx5VDdVSXFLSU9mY0Q2aW1sRUVscmEwWEVxNlktbTRZR0cyRGNENlVLdHEtekk3ZTluOVdWWGliUkphS052eVh4Y3dVc2tqQ2NpRkJyMUlzSHVudVluZU8yaUE5VzJiSl9nUEpkMDJ1VzlUdF9rR2JwMHoxQ0Q3VDdJNmctdzlINTJjS2xNTUh6anFz0gHAAUFVX3lxTE1MbmZSSUpvVVBwUkxkcjVaX0NjTWhpSjctMjlid0xrdi1zVFFoTUxxbExEdE9XMVoycVpRRzBFcmJFNjA1WTlaNUZlM3FfUllsUndNR09XNjRSMG84ekJkWFJWQU54RFdsMUJPS3V1WG1YODJNMkNMTkZmMDhQZ0VueElWeUY1bEtHcmluTWdNdjY4U0h0TzRIYXNuTHFoRnFOenB4X0JYaG1YX3g5YTlmUXhRRUtwZUNWeWNOczhLRQ?oc=5,lokmattimes.com,"Thu, 04 Jun 2026 11:13:33 GMT",2026-06-14T20:36:46.793628,malware,True,False,candidate,https://www.lokmattimes.com/national/nec-focused-on-identifying-growth-drivers-for-each-northeastern-state-nagaland-cm/
virus attack Nagaland,"Nagaland: Shopping malls, hotels, gyms, eateries, barbershops allowed to re-open - The Sentinel - of this Land, for its People",https://news.google.com/rss/articles/CBMi4gFBVV95cUxONXdKTGgwS1g4Sk05dkFCSzJtTlkzdFVkSnBTVzBvblo2bFZ2bk1XYnlwUUFld2tZcjk3dGRtNzQyb2lJcEd2RDNQcTQ2WUhMR2JqSVFpUS0tZmgyTmpERGloT0FOeFQzVGtrZUFLeU1pb05sN0JWeUZGS3B2LWRGdG5sdWxIRi1HREZnVG5lU2U3aUdVbWlsbWM3RWNNdTZDWTNWWHNQT19JT2Q1SnpQbmFienVrdk5PbXR4d3o0MzN4d3h4TzVpeE8xWGVCckRuQnNVclA4ek55RW92X0JiUFJ30gHvAUFVX3lxTFBrVFZHUkNtUXVEQzM2bDFoSEdUVGY5SjU3aEdlaWpWMGMwUk1rcDFaeVNqcFlJeExkMHhaUkpneDZ1aThlbjRveC1yLXFNdlJkd054aWE2NktKQUIteG51cmFJRXhBYzFWdlhOOWU1MDZRdUQ1OW95VkVXZ0NOTHNTMEtTTHBianNzUk9WV0xWU0NueVdPZGhCSXFLc3NGVjJRdW1yNkExd2ltOUtXRW5xbnkweFg4Vmljb1ZTRzlqcjl0SWF2UGlYaEp5anJkYjhSN3ZGMGNMOXM4NXhpLVhDclQ2ZW93UkZZOUZORzRv?oc=5,"The Sentinel - of this Land, for its People","Mon, 31 Aug 2020 07:00:00 GMT",2026-06-14T20:36:46.793657,malware,True,False,candidate,https://www.sentinelassam.com/north-east-india-news/nagaland-news/nagaland-shopping-malls-hotels-gyms-eateries-barbershops-allowed-to-re-open-498615
malware Nagaland,"To ensure protection of sensitive govt information, use of pen drives on official devices banned in J&K - Nagaland Tribune",https://news.google.com/rss/articles/CBMiyAFBVV95cUxPZEY5U2UtWnRlaHliYTNwWUF3X2dWalNKaENjMFVIU254VlJjcW1rTmNsWUU4NEwzZmlxYnhxQ2Q3WDhxdGotVklOVS1ZY3VmX1pKbHFMNWtDOG1lbmVleTlqNzBXZEVvUWpyZ1pBQTRrYmZjdUt2SjdTRzRfeDFVeGxJYnlrQWJyeWh1YzZiR3FUcU5DZ0x1MURrV0NIM0YzT0luLUZIUlJ0dnVmQjRQWkFKdHMycDYzbzNia3JGSUdHU29hSm5IRQ?oc=5,Nagaland Tribune,"Mon, 25 Aug 2025 07:00:00 GMT",2026-06-14T20:36:50.604644,malware,True,False,candidate,https://nagalandtribune.in/to-ensure-protection-of-sensitive-govt-information-use-of-pen-drives-on-official-devices-banned-in-jk/
malware attack Nagaland,CBSE portal was hit by malicious attack; 50 children got into system: Sources - Nagaland Post,https://news.google.com/rss/articles/CBMiowFBVV95cUxOQ0ItVUdpbTFJM08xMFJQemdqMWhZZ09DNkxkTlVJNzF6RnByeWdkcjNCVmtOUHNFSjlHRF90ekJHUlFOTUk0STNFOHZNNGlla1h5S2lCYzY0TWV0N0Rsdm8xcllJN3F3YUxvUkFWZTVsMnAtWTRkR2hmemFYLTg2LWRZSGxENXMxTlpObHFEa3YwY1ZEcDVsY3V4clhaYVp5aVNZ?oc=5,Nagaland Post,"Sun, 31 May 2026 01:29:41 GMT",2026-06-14T20:36:52.701607,malware,True,False,candidate,https://nagalandpost.com/cbse-portal-was-hit-by-malicious-attack-50-children-got-into-system-sources/
malware attack Nagaland,‘CM Rio is absolutely NOT the father of my nephews or nieces’ - MokokchungTimes.com,https://news.google.com/rss/articles/CBMikgFBVV95cUxPTk5zQThCOWk5RHdEcmNwb1dwbTY3TnF3NDhRRHJrU3lvSTVOUVBJLW5GYllzR0hvaWVjaU01c1dJQktWUkN3dGxpMkU2STFuZW1lUUQ3eEk3cElCUmhNT1lFbGFjZHpyaGZEd0RqdlRUNkF1RHdJWnVVRGVFZ3JOOGNiWWZVWGFnU1h0bDZDRmlvd9IBmgFBVV95cUxOX3pWRnRZY2hCWnhzUU9zTkk5OVc3QVd5R1ZNUjhQNTBRaGdYM05iOW93N3dZc2syRkhzRnBpQmkxT3RZRjhNbF9GbDh0N3Nqcm0tUGQ3VWhwVmMyOHBpOWtSc2xRMUxiSE5iZ2pVZ0JTMHhzZGxtbTFhUzN3dVNZM1FDQWZVZTlreF9RanJoWXE1Wlk0SnBseEVB?oc=5,MokokchungTimes.com,"Sun, 15 Dec 2024 08:00:00 GMT",2026-06-14T20:36:52.701829,malware,True,False,candidate,https://mokokchungtimes.com/cm-rio-is-absolutely-not-the-father-of-my-nephews-or-nieces/
worm virus Nagaland,"Porcupine, Snail, Grasshopper And More: Menu At Nagaland's Hornbill Festival 2025 Goes Viral - NDTV Food",https://news.google.com/rss/articles/CBMi5wFBVV95cUxOaDI0MEV1Y0pMSHFzWGR0Zk5ycmZxeWN3ZS1xTm5CbDdqei1hZndaSkpUZUtJaEZOZHpHTHVnVm16TFFmdEN0REtKSDFaTk0wTkdWRDB5OWtfUHVLOXB5WnM1ZlljcGJYa0ZLTTNaa25ROWFSdFlzR2dhN2VfcV9xTUV2NXk0OWVyT2hFN0ZjMUdqLTlpamJSTUxNSWNJMmlJLXFDTTV5WUx1aGRBWThnUFdmVTRER2UwWTNRVUJYX0tDWC0wd1paWDFsUm1VQWhsb25SSVo3VmR0alIzbFBGcDJJYmZVS0HSAe8BQVVfeXFMT3BRVXdpN3FoRFRfc2FITWtUSFUxXzZkN0ktakMtaFFxTlB3cGJsRExTcVRBOVhfLTlDQTRrMURjdUMwQTlUQUprQTJDT1FYb0gzeUlnc3JCYUlRNzgwSEREMlM2M25yY1RRVDJyV1hwVG9scHM1OVdtcEE5c19CcWhMckpwQTJNZXpWd0l5UFgwZEgwczlJQkIzVXNDVlV4cFFOSzVDTl91Z2xjV0Rlc3ZCQVVwRFdYVURCc0YweURXX3FQZ0FhdnZvRExMRENPM20tSHZYSXN2M1NScVpJNEJIS3NTNnd6QlF0R29KdWc?oc=5,NDTV Food,"Tue, 09 Dec 2025 08:00:00 GMT",2026-06-14T20:36:54.923711,malware,True,False,candidate,https://food.ndtv.com/news/viral-video-porcupine-snail-grasshopper-and-more-menu-at-nagalands-hornbill-festival-2025-takes-social-media-by-storm-9771397
worm virus Nagaland,Nagaland Likely to Face Severe Drought After 10 Years Due to Delayed Rainfall - The Swaddle,https://news.google.com/rss/articles/CBMipwFBVV95cUxQblF5T09oc25WZXRfenpLNkFjNHJTZ1pqTmktUUNRRklFd1ZqNUpSa0piZjhrSWdmWTFxdV9qdGowMFRjV1hIajNrTWhpSHVSQXZTRWw3YTF3X2RROHU3QXlPQmYwWHpNWWlxN215eGt0a0FYQS1HdTNMMDU2MmNhTVhqMWJfUVpoNDl2OVZROF9aWUdCazktcXBDbjR2Y1hLQ2FHSS1Bbw?oc=5,The Swaddle,"Thu, 17 Jun 2021 07:00:00 GMT",2026-06-14T20:36:54.923756,malware,True,False,candidate,https://www.theswaddle.com/nagaland-likely-to-face-severe-drought-after-10-years-due-to-delayed-rainfall
worm virus Nagaland,Nagaland Lottery Sambad Result Today 8 PM Live (25-06-2025) Dear Indus Wednesday; Rs 1 Crore First Prize; Resu - Times Now,https://news.google.com/rss/articles/CBMiiAJBVV95cUxNTXFfaEpXRU1pbGs4WG14Y1hkamJrRXl0aXdLcTZsZnBEWThkMmhZZ2pqOFZ2bmNRR3FzQ0JTNEU5R1p0R0gyejJkSmdGeXFVNm9pMEVJOXZrbEhRNUoyMmdWM3AyUnJrbDBrdnA5bklDWTlGQUdFbzNNVzVKaGFSMzJPMkE3RmdqYktDNU1hdVJRMWNjRVYwYm10Wk5XSGdpMDNkMU0yejJDUVJkeGEtbUZuYXJUa2NlUVhnM2Z5b3Fsamt5SnZOOHNWYVV0dVk3SE5ibHBYc1Z5bDREanE1UkJFUjhxNVJJVU9fd0NuS244eUhLeWdneEJXV0RPN1dGaVRtb3hGZ2PSAY4CQVVfeXFMTThrVzlwME14Q3N1OFN4U1FuS0M3SjRmTGRjN291NEZkVExCaUx0YkJEVnh4bDF5dVNaYllEaG1aZHpPSVVRX3hSejd3S296VnhCTWZhdlF5em90UmN2Ui05NFJrQ0hRTFhJazZwNVM0SmRvWUc2bWFqVEdqeVJHQkRseEIyenFJeFg3em1sTjlQMHRWS0ZIRWdxNXNfamdOMjZWNnRHZ3cwazBKVmg3SVQ5NlY2RjJZSjhXUzNqWmQxVTNsZnU4MWVSRHNSYUJfYTVvWDZnQktfSmE3TG93dkszWTl0LTVBWEtzX2pmY2NjTFZRTnpISk9CS3pDTXZ4UW9VQjUwbG1xX0hxekxR?oc=5,Times Now,"Thu, 26 Jun 2025 07:00:00 GMT",2026-06-14T20:36:54.923775,malware,True,False,candidate,https://www.timesnownews.com/viral/nagaland-lottery-sambad-result-today-25-june-2025-live-updates-1-pm-6-pm-8-pm-winners-list-rs-1-crore-first-prize-result-out-article-152134104
worm attack Nagaland,Fall Armyworm attack: Threat largely contained in Nagaland - MorungExpress,https://news.google.com/rss/articles/CBMiiwFBVV95cUxPeXV1NVdzdlRlNjBTTUl6a0xlWnNFV2daTFpQcV9ULTBhV21VdmNhQ2xmRmttWjNKc1IyQXF3Q0JmSWFVbFotTW9CbG9Tc040NGlFeE5YOU1yalVZQnAyQW04V01tZVVwRHoxVjRqT3Jkd0hYNmxreHRQc3laTkRGWnc4NU13T0JQMlJN?oc=5,MorungExpress,"Mon, 28 Feb 2022 16:26:10 GMT",2026-06-14T20:37:07.592712,malware,True,False,candidate,https://morungexpress.com/fall-armyworm-attack-threat-largely-contained-in-nagaland
worm attack Nagaland,Nagaland observes ‘National Deworming Day’ - Eastern Mirror,https://news.google.com/rss/articles/CBMihAFBVV95cUxNWlhJNzBrUU5raTNKaWY3Z0NNLWMxZ29wNFhGa3l0NzNnc0djeEtPcGNxZFkwdzNpRWE0REJYUjNlRkFFTjJqVHg4ZnZWVDZmLWpnN3lSY0FIbHp1dThvOWNjRmd5VVg1c2JUY1JpcjlNZHU0bWplUHV0VFBhMi1EeU5PWEI?oc=5,Eastern Mirror,"Fri, 10 Feb 2023 08:00:00 GMT",2026-06-14T20:37:07.592757,malware,True,False,candidate,https://www.easternmirrornagaland.com/nagaland-observes-national-deworming-day
worm attack Nagaland,Nagaland observes National Deworming Day - Eastern Mirror,https://news.google.com/rss/articles/CBMihwFBVV95cUxQN0hWeTRVQVZmVjduYnFob0c5TXFBWVIyZDdGOS1BaGFsTWR5NEdCd2lPY29hWkxLcG5XZXRNSkJwbVJBQUNIV2VvUU9zVWxDM1NDWnZNcEMzV0hRdFZRaHJmWTN3ZUtNWmhiV0RzRDRLZ24yd20tcnhVbnhONlVTdDFqSkhnTGc?oc=5,Eastern Mirror,"Thu, 10 Aug 2023 07:00:00 GMT",2026-06-14T20:37:07.592786,malware,True,False,candidate,https://www.easternmirrornagaland.com/nagaland-observes-national-deworming-day-2
worm attack Nagaland,"Nagaland’s silk in high demand, says Seri chief - Eastern Mirror",https://news.google.com/rss/articles/CBMihgFBVV95cUxNSndWUEQ1QklqNVR2VV9FbVBsdlpteS0xOHRRRExGdWROZ0oyaFVZMTA1UFFubGE1blBWaEhORHJwc1BCZFgtbUstMS1LSUJvS2QydFdNem1KR2JoVUdPV0ZwM1NpWklZVHVNVEh1MHlRam5xd3ZLRVhqbmNLLWJheG9CaTR0Zw?oc=5,Eastern Mirror,"Wed, 14 Oct 2015 07:00:00 GMT",2026-06-14T20:37:07.592799,malware,True,False,candidate,https://easternmirrornagaland.com/nagalands-silk-in-high-demand-says-seri-chief
data breach Nagaland,"Nagaland lost 800 sq km forest in decade, officials say - Eastern Mirror",https://news.google.com/rss/articles/CBMilwFBVV95cUxOZHhiY3Fmd2R3R2tKNWxJV1NvNUdXZTFfMzFsWnRKNTZnM3ljbnBlSXRRX2p3YUIwYVVHZ2ptLWlpRVFHSDhRblFDbkhXaGdCSmQyUm8wdVYxaUdaVlk5VktOYmZnMm8xSzd2dmRrenR5VHREalZWR29wN2txNHI0bkNKbmJkellWQ2w5a0xfVDNrYWhrd1VN?oc=5,Eastern Mirror,"Thu, 19 Mar 2026 07:00:00 GMT",2026-06-14T20:37:09.723674,data_breach,True,False,candidate,https://www.easternmirrornagaland.com/nagaland-lost-800-sq-km-forest-in-decade-officials-say
data breach Nagaland,Nagaland: Chakhesang Body Rejects Mountain Radar Project At Pfutsero - Northeast Today,https://news.google.com/rss/articles/CBMipwFBVV95cUxOdENfYm9wdklOQUFoTXdGMEZSSXFDa1RPdzNNYWZJMTkyQVZXZko4Rkp5UmgzSWFmMmR0OG9DQjFpLUV5RmJFUTgwdXF3ektXR3cxZkVZelpLNnJQSVo1ZkxDRTV4XzhacERXV1FpcUk2bm96M0RJLVZMYXZSejQ4MEdDajZzSVRsRFNxdnNURHZGa1ltQ0xsbVd2X3h0VFFwR1VHNDJsdw?oc=5,Northeast Today,"Fri, 01 May 2026 07:00:00 GMT",2026-06-14T20:37:09.723689,data_breach,True,False,candidate,https://northeasttoday.in/northeast/nagaland-chakhesang-body-rejects-mountain-radar-project-at-pfutsero/
data breach Nagaland,Prisoners’ escape from Mokokchung District Jail exposes security and infrastructure failures - Nagaland Tribune,https://news.google.com/rss/articles/CBMivgFBVV95cUxNaGV3bmFPdXJwUDNITGt5WHJIVm9YOVcwTlhYdjN3blNNSGo4VnptNy1adkNvdWJBU01feEtLUk5wZmljRVNoRnhCVWt2bzJMSUpqbTNScTVseEkxTE1pcTlTdVRwaTBYcmphQzJVSUU0ZUJlcVdBZF9qTl92U3NfOEJnakRnbV9ZdHdWU3JJaHh4QmFYSWtRVGIwWDNRcTV2YTFqcXpGQlg5Z3k5RTROV1h1czNYMl9WRE5VZU5n?oc=5,Nagaland Tribune,"Thu, 30 Oct 2025 07:00:00 GMT",2026-06-14T20:37:09.723703,data_breach,True,False,candidate,https://nagalandtribune.in/prisoners-escape-from-mokokchung-district-jail-exposes-security-and-infrastructure-failures-2/
data breach Nagaland,Unresolved Naga political issue continues to stall Nagaland’s growth: Neiphiu Rio - India Today NE,https://news.google.com/rss/articles/CBMi2AFBVV95cUxOejFITFRvZXZJcTFwZlhsYjh3UkxTQlhBYVdXZHZHamZQaG5uNE1FalRaeEQ2dF9SWlRlTjNJQi05NEdfMUxQTGJOMkFudnRuR2N5RURnNXlIdTY3VmNQS0JnOEF1VHdJTWJWT2Q1N0I1clBIR1RGR1ZCOWh5MDBZaHFjSFhOR2JJMWxGWEVJdk16YlRBT3dXS3ZGUHNzT1VuMURmT3dWWDg1V2wtY2xvTUpKcXVQR0I3YjlCR2xQWERzc2luRi1mZlFkQnRHcGlkMzRpdmtWZG_SAd4BQVVfeXFMTTlja2NFUjhaUy1naHNNNlpqa095SzNTQVZ4Z3RrR2l0TnN6dlgwSGFSOUEzRENxa1FVSlE0ODVUQXRLT1IyMWJTS3BXNXBBY0RrdzByc0VsY1dScFJtdnowcjUxcUpCdU94VFM5QmlzWUgxelhScTg1WU1POUZ3R1U1T05PSFRZVFEzaEpSTTdIRjc4SHdjLXYwZmZCZEJzXzluRHZQeWtzUmtjNUN5dHg0NUZCbnY4S2JvcTItYmhEel9idndwalpEY2VwSDRydzNfRTZLVjd1UEs3T29R?oc=5,India Today NE,"Mon, 26 Jan 2026 08:00:00 GMT",2026-06-14T20:37:09.723714,data_breach,True,False,candidate,https://www.indiatodayne.in/nagaland/story/unresolved-naga-political-issue-continues-to-stall-nagalands-growth-neiphiu-rio-1336715-2026-01-26
data breach Nagaland,"Lack of storage, processing leads to 5.42% tapioca loss in Nagaland - Eastern Mirror",https://news.google.com/rss/articles/CBMipAFBVV95cUxOM0swa09uWW02MHdLMkE1eEFhU2dRdnhiNGRrR2xXd1h2V2Z4cmtQMUQyZWFnbTJPaHg3ZmpOLWdqQ0djM09pR05Ga3d5NWhiNDVzTEt6cTZhSDFXeFViR21UcTczNzV4Z1M4LWFPQWF4ZHBscl9vUHBWTlI0WWtHMFUwT2VWZ0J1cVAyY2JqR3d0V3UtVlFudlpSTjk0R2pwbjZpag?oc=5,Eastern Mirror,"Wed, 06 May 2026 07:00:00 GMT",2026-06-14T20:37:09.723754,data_breach,True,False,candidate,https://www.easternmirrornagaland.com/lack-of-storage-processing-leads-to-542-tapioca-loss-in-nagaland
data breach Nagaland,UPDATED METEOROLOGICAL DATA OF NAGALAND 2019-2020 RELEASED - DIPR Nagaland,https://news.google.com/rss/articles/CBMiiwFBVV95cUxObXhyaU9GTU9oSVhZd2tQVVU5elRBMEJBQXBzbjl5dzNQT0lxcFIxS0tIQklaLUlHNlRjQmJ6bXNyclpHbDM2SzBvQVo4MGw5d1RmYWg5TE0tcEc1aDNiQ012dGxBaVE5S1ZlLUR2ZHpKM3hkZ2ROQVduZ0p6aTlhWkZpc3ZQODZVTXFF?oc=5,DIPR Nagaland,"Fri, 06 Aug 2021 07:00:00 GMT",2026-06-14T20:37:09.723762,data_breach,True,False,candidate,https://ipr.nagaland.gov.in/updated-meteorological-data-nagaland-2019-2020-released
data breach Nagaland,Nagaland: Dimapur records 59 fire incidentsin 2025; short circuits leading cause - Nagaland Post,https://news.google.com/rss/articles/CBMipwFBVV95cUxQckN4UE01REtqMzNLYzRpNVdsY28tZkJjUnVwdjYyQThDWnZOcWRPY3M1ZENEOWtyYnFlUXVQQjdBMWNKbng4eEVIR29BcFNqMnBfVWxZbmZONkFiNkVYLUJ6RHpaWW14Rk1aR0lNaWJ0azVFaXZadHVEMDNsQzl1QmdDZ0dlREkyVzN3cUtMZnZYOFFJTjlPZi1fYk1TeGRJSHk0TGtvVQ?oc=5,Nagaland Post,"Tue, 30 Dec 2025 08:00:00 GMT",2026-06-14T20:37:09.723769,data_breach,True,False,candidate,https://nagalandpost.com/nagaland-dimapur-records-59-fire-incidentsin-2025-short-circuits-leading-cause/
data breach Nagaland,"CPO opposes proposed mountain radar installation at Pfutsero, seeks relocation outside Nagaland - Eastern Mirror",https://news.google.com/rss/articles/CBMizAFBVV95cUxNZVNNVFpYTUV5VGxvV1FaOC1iSlRjQ3IwVHl5RGhXTTV5VjExWUFZQkl1eFF1NUgxRW9HVDNNWF9BdWJaek45aFhEcXlvdmxoUlFoVDUzal82ZDBsTVJlVGdFdFBGQXFKSHFFa0pSZnZrdFRCSkdUVGN6X09JQ1hUblNLRTZkZk9lSC1Za1NqRkZHNENleFhrcW9vNEVnM19QYWZ0RVR1cWlUN1pKR3BMYV9qQXRZUElPU3h1NjlZU1MwZ3Rkd01nM2VTcGM?oc=5,Eastern Mirror,"Thu, 30 Apr 2026 07:00:00 GMT",2026-06-14T20:37:09.723777,data_breach,True,False,candidate,https://www.easternmirrornagaland.com/cpo-opposes-proposed-mountain-radar-installation-at-pfutsero-seeks-relocation-outside-nagaland
data breach Nagaland,Nagaland records 677 crime cases in first half of 2025 - Eastern Mirror,https://news.google.com/rss/articles/CBMilwFBVV95cUxOMkZiZ2ZNb3drQmpTTmJXYUxuR3BaMDRyVVdXUXJqbFUtMVRPaEEzQzlXRlB5eGZWWjRoamF0MWRfWkFXdDJoa2lkMGg4Y3d1TnlkbHdWYkVhQ19BSU5lUnhnOGJRTzNTZ3NSM3B6eGdKdXVTOVc2eldwakx3UnhlaWlBdXZsVVJxRUtEMnEtUW5xc1hRTlh3?oc=5,Eastern Mirror,"Fri, 19 Sep 2025 07:00:00 GMT",2026-06-14T20:37:09.723809,data_breach,True,False,candidate,https://www.easternmirrornagaland.com/nagaland-records-677-crime-cases-in-first-half-of-2025
data breach Nagaland,Army expresses regret over killing of civilians in Nagaland; orders Court of Inquiry - The Hindu,https://news.google.com/rss/articles/CBMi2gFBVV95cUxNMnhwWXUwbi14R2pDelQ0V1Q2dUlRNEVVZ2dSeVAzcWwwdXRrcEdrV1U2WG9QcGhKVUNzZTBwQUd4UEVxd2NSLUNURnVUazYzVmFqOG1DN0piQVQzQjF3WXNMQVktT0Z1TTlFazB2LUY0a1N6UDB6VGV5MmxvY1kwNjN6eTBzcTh6WlZUdGdJc3RwSUstWHFMNmZ6TkNXb0oyWno4X0hGYnZoVHpKRTc2YmRldzJxMGRwazUtaW1YT1piNF9BdE9hc3BPTVIydHRwMHE5QUFvZElIUdIB4AFBVV95cUxNTHgzSW1XUUlJWHBtT09oWkIwcTRUWWlMS1lhOVc4aVduYnNIanN5ZGJaR2paeWVxX3VfUkl1akZmWDN5X2ZmcVlJb2ZJQzlfTXBLdklWdkM2eXlHc3IzdFlHaVZkSmhEVUh0LUZQQ21KUDdyOHNlUEhrclg3M2tfQmFWXzlvaDhfOHJNelZUZHNXcEppd2VhbDdZVGF2bW5fS0ZsRVlCdkdLYTBwU0ZqUWN1c05GcXZhQ016aTFDZDdTM1JZenlnUm0wbklpYkpUS0pXZEs1QmkxN3UxakVVVg?oc=5,The Hindu,"Sun, 05 Dec 2021 08:00:00 GMT",2026-06-14T20:37:09.723824,data_breach,True,False,candidate,https://www.thehindu.com/news/national/army-expresses-regret-over-killing-of-civilians-in-nagaland-orders-court-of-inquiry/article37849443.ece
data breach Nagaland,"Between the law and the lawless: Civilian killings in Nagaland provoke outrage, calls to revoke AFSPA intensify - Frontline Magazine",https://news.google.com/rss/articles/CBMimgFBVV95cUxNNDNNekFtdUUtSDNRN0pHdVdBT0t5b2FSaVZwcU5SbVA0VDdrTUdhc2JDV3pwaERCWmZMQlY5aW5GUlVrWlotTkFiQ1pYcjk0Wk5IUVZMai1XMzFQbXI3ZWZZTjVvRDFZZkRuOXVSc0lKak43YnFhdjh0WFd0UmJBRDBEaUVvZDZ6U3dQaDNxNXU1R3VHUXFDcU1n0gGgAUFVX3lxTE80NWpFYk1WMENBUkNFUmNqOVJpeG5vaDFDTnpmRmFzdV9JeXlRNkJGb3RnTjJib1FUbWFiVzgtc0E4elYwZUdSVUdXb2k3ajR4T2lJUm9jQWdZR2JXT3pGUi1JWmhJN0xwbjBuLThpbVdNVTN4Y2E4b1d4TmVQaEowb2NZek1kdTAwX19HV1NJMWZoT3liOHl4M2gtSFFCTGU?oc=5,Frontline Magazine,"Sun, 12 Dec 2021 08:00:00 GMT",2026-06-14T20:37:09.723831,data_breach,True,False,candidate,https://frontline.thehindu.com/cover-story/between-the-law-and-the-lawless/article37936339.ece
data breach Nagaland,Nagaland’s first bird count event spells hope for bird and wildlife documentation in the state - Mongabay India,https://news.google.com/rss/articles/CBMiyAFBVV95cUxOcTV0MGt3aEZQMWNDOEdoY3VPeGFjY3RHM3YtZ1hFR3V1cHVCNElpbmZrWlBOYXZEeXp5Wm02OUE5T0RwNmpwSXNoQ3Nyd1E4UnhENGEtVS1nR0F0bXF1T3U5R3VFQzFUVlRXOEVBYXJvNTNlTjBZcmp0WkpoaE5UMDF0Q25jSjZTRnVSbnpEZnJtVU44NVhjTFJNaVBnYWt1cll3R1ByTldNd1RtWDhiS21PeGxIZDBpcFdsaE96dEJ6QWxIUEFrSw?oc=5,Mongabay India,"Tue, 10 Jan 2023 08:00:00 GMT",2026-06-14T20:37:09.723854,data_breach,True,False,candidate,https://india.mongabay.com/2023/01/nagalands-first-bird-count-event-spells-hope-for-bird-and-wildlife-documentation-in-the-state/
data breach Nagaland,"MHA reimposes Protected Area Regime in Manipur, Mizoram and Nagaland amid security concerns - The Economic Times",https://news.google.com/rss/articles/CBMi6wFBVV95cUxNemRvWWhieTQ3OWdoSmxSeW13MU5pNUpiaURibk5saFhkUGJJRWk2YWpHaWp5bENQUmcwNmk3YjBkOGlMUGEwejFZTXA1TmJsNzgxdDU5QkN5dlBoRlMzRmtTbFk5ZEtDVnpsRm9scGVENUhEdWdIdEY2YXVwZTdWNFZ4dlJmRl9mZDlwOTlFVEFTQWZnRVhLWkR0WEtRd3I2U29TS3dkZ0ZjX2dlNXZZbkd4VF9iM2E3eVRHcUNrTnRsVTBXY29jZWc2V1EzdGwwS1R6UURvcl9Nb1hWaExEQzN1WDV0dnBPeFh30gHwAUFVX3lxTE95TFVCRUJwRGNNc0s2ejVpSFVYWGJqczNUSFAtbTE3X3RwMFZWNVZyMEppc1dJenZ1V2VIZ2l0TjY1cWsyaTFuYno1cV82aW1xZjk4LU40bUtDTnd3Z2xmSms3Zm5mT0t0LTRQU2FHWkZXbHV3QWVYWkF1OHlaQ2VlWkxVOHVpVUhCaXdwMHIxQUMwZTliRU1vdHhKY3pTdklMSlVnSWVGc1dlcENNenRUd0Y1MmlwdnhYSEN2dXltSUVudWttRFRzajQzdXJUMEJRQTB2TTNSX1VjZjBibkE1YUl2c1hZbXNmMUwyVXFHVA?oc=5,The Economic Times,"Wed, 18 Dec 2024 08:00:00 GMT",2026-06-14T20:37:09.723862,data_breach,True,False,candidate,https://economictimes.indiatimes.com/news/india/mha-reimposes-protected-area-regime-in-manipur-mizoram-and-nagaland-amid-security-concerns/articleshow/116447237.cms?from=mdr
data breach Nagaland,Nagaland AH&VS pushes for scaling up livestock insurance scheme - MorungExpress,https://news.google.com/rss/articles/CBMikgFBVV95cUxPbXNCNDY0QzBGV2QtMk9LVFc5Vk51RzRqVjBHOTRvUzRYTUhxejQzMmNDX3NyTnBwVDROdVB1b0JWbTduMl81eUYtNG1WTWE1aEl5ZUROT1ZHLTZVX2VLS1BTVC1hakUwY2FnWVlaRHpkVGhLU3k0NmFreHdQeUM1S0RzTVh0M0FPQkVUdld6aDBsZw?oc=5,MorungExpress,"Mon, 23 Mar 2026 15:30:21 GMT",2026-06-14T20:37:09.723885,data_breach,True,False,candidate,https://morungexpress.com/nagaland-ahvs-pushes-for-scaling-up-livestock-insurance-scheme
data breach Nagaland,Min: Forest fires degrading environment in Nagaland - The Times of India,https://news.google.com/rss/articles/CBMixAFBVV95cUxOZDNzRDVmUDlvRTc2T2FITExZT1lqMUR1RkIwOFFydlVPWWFQemJscXFVRk8yWDg3UXF1TWktT0VLYlB0anRTbEktazQ1ek9sRHE3MzhZTklfWlJDbU1EcWVoUUU4YXQ0LXhXSTJoOUgtRDZmYnVwdW9wUkxsam12RXprVVJFWUhlaWthRzdRcTJJYkVvVldJMkZ1RlBQYmM0SndHbklnakpCWnNIVzZOcUIxTHBhVFF3WjV0eXNYSzNZUXVU0gHKAUFVX3lxTE1zcUpJSDlCOTlJYm1sRGV1cUx6eWFZMGxqVFU5ZzYtRi1DZl9LR0U1UFZHcWgxdl9nT21PU2tHdHlId29uWDJtZV9ZLW1qM2FnazVPMWdyOWF5UUZ1M0RkaTVKcVVWYVI3YUZlTlAwVFAxb1pKZXZITzF3cW5HMEJuMmRWT2Nyd1BnRUhsYTgyY3pqd3U1N0l1Y0FwVFJlc25JYkl0Y1p0S2ZKOGxhX0J2R0M1TjZTb2VZNDQ5cEhoYzRPUHREdU42Nmc?oc=5,The Times of India,"Fri, 05 Jun 2026 18:13:00 GMT",2026-06-14T20:37:09.723892,data_breach,True,False,candidate,https://timesofindia.indiatimes.com/city/guwahati/min-forest-fires-degrading-environment-in-nagaland/articleshow/131538990.cms
data breach Nagaland,14 civilians killed by security forces in Nagaland; 1 soldier killed as rioting breaks out - MorungExpress,https://news.google.com/rss/articles/CBMiuwFBVV95cUxNRnE2aHhSa3pDWHQ1V3p5Z1dOcnp6clZTZ1pILU9abklLd3FsWmtqRkY2ZmhocjdYVzhpNklSbDY1TGNYNDBreTB6ZTE1OC11Rll1Z005Ync1Q2xzTTU2WTBVN0tGM1NYczd1N2RHbWUtVFJERlhmdV91Z2I3eVJORUVILXg4bEV0UDJ2YlBRcGw0cFk1NC16MDVVWnBYdUdMakVISlU5UDZKZGJjeGh4MDBTb0FZRnBoWVY0?oc=5,MorungExpress,"Sun, 05 Dec 2021 08:00:00 GMT",2026-06-14T20:37:09.723899,data_breach,True,False,candidate,https://www.morungexpress.com/14-civilians-killed-by-security-forces-in-nagaland-1-soldier-killed-as-rioting-breaks-out
data breach Nagaland,"Afspa extended in Manipur, Nagaland, and Arunachal for six months: MHA - The Times of India",https://news.google.com/rss/articles/CBMi0AFBVV95cUxQRFpGdlB0Mk9KR3RpZUZxTHFseHZ1dVJrNVg3TE9ESDV5SkdWQTFpSUdtUVBLcXA3bUk3WThmRDhJR3U5cGotZHJTQXJYSHJMQ3NWOE9mR3BCdkVpYnpHS25YOWdaQWxScUdaV2w2M1FkWGdOM0pMeWhaM1FWYVd1ZUhieXJBZzMyc2p2em4tSmlqTURRN0w1TVZsRVVDVkNIM1h5ckR6bUxyeTM2b2M0d3lxelQwV2FqemJNOUdhUDltRlZHcTRXQ1QxdUc3Zzdq0gHWAUFVX3lxTFBZUldMYXJjbjBMN1pnR0ZNbGRXaEhFb0k5UFZUOHFORGtnSllpVXprQ2dzdHZHcGdjQVRFampnbHJwcC03TGhsQm9PNnMyZ0pFSkllX3VJcXNiM2ttVW1DaGlqTHdhdUxaUUYzdXZaaU50enhPWnMwTDdNeXdDS3B3cllmY2M4ZGtXN2xHUS1wd292a25zbUxsMkU4SGpUNHJvaWVzQktvZ0pHSDMyc3hTWXg3a3NkeV92N0k3ZlNGWkNRcEZZYkNDb1dsejRvSGpTMTBLaWc?oc=5,The Times of India,"Sun, 30 Mar 2025 07:00:00 GMT",2026-06-14T20:37:09.723907,data_breach,True,False,candidate,https://timesofindia.indiatimes.com/india/afspa-extended-in-manipur-nagaland-and-arunachal-for-six-months-mha/articleshow/119751848.cms
data breach Nagaland,Nagaland’s Mokokchung dist launches action plan to combat substance abuse - The Times of India,https://news.google.com/rss/articles/CBMi4gFBVV95cUxNRmQxdTBwOFNDbjV6MGpVX3dMRV9rY3FLZ1lkSjlwWVVNVV95cXVFQUlTY1FnUWU2dzJjVkkwR2dWaHRBV2ZDTmh1QVN4bHlmM0RGelFFSWJZZkRFNndwcnBvTkpvWWNDUXJkVW5wSEZWcVVJV1h2UG00eXF5SlhUWUFaeTVsTkJsTERQSU0wMGlOTXpQSllPcDZ3Z2ExUndRUnEtcmFWZUtBeml4Ynl6UXM5cXRaQjZSR2dwZ21ia2JFVVNoMFNhV2pzSVpXdWVLcUxDdDhGV1ZNLWxfUVl4Mk930gHnAUFVX3lxTE0ySDdCNE9ydjRjM3o1OGNBYlBOMldYWklXUWQ4ZVZ0bnNOajdFZThST0tnX3hxNkJ0UXpWdHJuemtTY2pCNFdIb0o2QnJwdnF4LXR0SDRSZDNMNEhQdm85ZTFrWU8xY1lkdXQ3d0puaElMVDEwODZKR2JKUVRIaEc2ZnYxVW94MGRsQUxnT1lXRG5FNzVJRC05VjZQM2plV09vYkJ3cl9ONlBtYzlJYWd1VnBJeWtFdXRaNWczQ3RpLWlVbWI5aHBya2IwazFncFFYLVg5aGlpc2p0Y3lYb09kNEoxSURnRQ?oc=5,The Times of India,"Fri, 05 Jun 2026 18:08:00 GMT",2026-06-14T20:37:09.723915,data_breach,True,False,candidate,https://timesofindia.indiatimes.com/city/guwahati/nagalands-mokokchung-dist-launches-action-plan-to-combat-substance-abuse/articleshow/131538836.cms
data breach Nagaland,Nagaland’s CSS ghost economy - MorungExpress,https://news.google.com/rss/articles/CBMiY0FVX3lxTE5OcGZEbERvWjMzZ3NRdll6MUZoX0RkaUtoc0F6dGNMSzVJZ3pRUldySGVOY1pwSnZobjF4NkpiQnNma09ZNzRJLWxFSTIxRThmVHNWLXhTUDgydFZrZUFOUk1TVQ?oc=5,MorungExpress,"Sun, 22 Mar 2026 18:00:57 GMT",2026-06-14T20:37:09.723938,data_breach,True,False,candidate,https://news.google.com/rss/articles/CBMiY0FVX3lxTE5OcGZEbERvWjMzZ3NRdll6MUZoX0RkaUtoc0F6dGNMSzVJZ3pRUldySGVOY1pwSnZobjF4NkpiQnNma09ZNzRJLWxFSTIxRThmVHNWLXhTUDgydFZrZUFOUk1TVQ?oc=5&hl=en-IN&gl=IN&ceid=IN:en
data breach Nagaland,G20 Call to Action in Agriculture: An Opportunity for India - Nagaland Tribune,https://news.google.com/rss/articles/CBMijwFBVV95cUxPQ3dzN0U4MjhmYXdZd3Y0RXZkWGp2NUZfMkNoSWJBYXpYNW1OM1RzTXhzdzRHZllPRjFjYVJaVndQQTBXUHlrY3JKamYyLXI1aGxndER2OHlGaWVETER4NVFTb3JRZFFUYWc3R3ZZLTVuOHFnZHNyMF9rRXZuSVZPWDk1VGc5cXJPTW9OVUVjRQ?oc=5,Nagaland Tribune,"Thu, 07 Sep 2023 07:00:00 GMT",2026-06-14T20:37:09.723947,data_breach,True,False,candidate,https://nagalandtribune.in/g20-call-to-action-in-agriculture-an-opportunity-for-india/
data breach Nagaland,"Encounter goes horribly wrong in Nagaland, 15 civilians killed - The New Indian Express",https://news.google.com/rss/articles/CBMi2gFBVV95cUxOOHE1MjJCZk9neW1saWVMRnpQTW5HTDRGZUpzdXZmbEdkNnJ0YllraGlLeFRLTl9VbXNGRU5NRnZ1SkpPMkVrSzktODdTdEN3TGlsN1JnUGtaZjVnblFuZEl5R2JGRVlnRWV1clVWbTMzOUNFeE5pZHZCZ05VUVpVUTNKVS00dm9qcXBTMG11THdia0JQS3A1Nm45VHlsTFppdU5uU09KVVh2MnBRdTFSQTRIVkVSMklEUjV6ZkplQlgyYTltTmU4YXN0Y05kRDhRMnM3aEw1VmFBQdIB0AFBVV95cUxPenhHV1k2blk1RFBKS3VuR2NVUWlvTm1keHVVbnUxb000ZjIyV096d3pIYWZRczFRZmhueHh4N01PN0JJaVd1dk5HLUZUWW9NNVNmYVYzX3VUMVBaTDhVRDF5OEpGUWdZWHdxOUxBRkZuZDd4VnZ3YUdCZTRRVEVQR0lGZVVvSzdFMkRnZ0U0SU9xQVV3Q250bXNqekRWMno3Sm11aGc2VHlralIwVEZxd08yVjZOSUt0NGdJTU5OcXNLLTdoNzF6NHdzaFk5R1Jo?oc=5,The New Indian Express,"Mon, 06 Dec 2021 08:00:00 GMT",2026-06-14T20:37:09.723955,data_breach,True,False,candidate,https://www.newindianexpress.com/nation/2021/dec/06/encounter-goes-horribly-wrong-in-nagaland-15-civilians-killed-2392300.html?botrequest=true
data breach Nagaland,Nagaland has highest ‘extortion’ crime rate in India: Government data - MorungExpress,https://news.google.com/rss/articles/CBMilwFBVV95cUxQaXZSYkFES2swZ1VNcEVDLXhRaGd6SHQ1OVY4aTlZdGdhOWNMaUw5ZzBWSkh3UDZBSmRMakluTXhYZmhSWWZLbTJHaGpkMmhDWEVCNWhzYXExSTliZFZNZnV0aGF6UndZY2ZZUF8zb29WNUdtX25jbEZhN1Q2Tk5zd2ZUZW1lcmhWZ09KWlhwTnl0MElQNVRZ?oc=5,MorungExpress,"Thu, 08 Sep 2022 07:00:00 GMT",2026-06-14T20:37:09.723963,data_breach,True,False,candidate,https://morungexpress.com/nagaland-has-highest-extortion-crime-rate-in-india-government-data
data breach Nagaland,"Army operation in Nagaland goes awry, 15 civilians dead - The Hindu",https://news.google.com/rss/articles/CBMiqwFBVV95cUxPaGxjR2tEOWJ6YTJhbVNfdmhFa0VuSXNHY0tQdnh5VEFWdUM1RVFrNGgwZGZGMk5aZ0lDWDNhY3hTRjVDMjVtNnZNYU1INWFKZzRmUk9ub1pLakNZNXFub05KbThGM0FtWThxSXJqbDZNUTNrS1ZDVXlVLUl6dVlfRjY1eWdDeXA2SlJwYzh1S3dtLUhFNFNlbWRGNURsT2c2VFhmZDdoZUg4clXSAbIBQVVfeXFMTkx0VGFIQ3ZqMVFvUm1mYmg1Z05pV0tlaUM1eFBLUzRSSVJjNUdfTHk3dzZSYlhyeTk1SDJDbTZ3V2ZUWEJTV1dBb01oQTlMTlU3amFwU3dZeEI0LVZvQjd5RVdObTRhSndJQTV2ZV9HaHVlcS04cHVhaHlWbElNdEYxeVJLMDNVZlhZLVRqREphUVp6LWdYNl9RcGF3dmFMMzE0VHg1dG9JZW1KTUI5NnVlQQ?oc=5,The Hindu,"Sun, 05 Dec 2021 08:00:00 GMT",2026-06-14T20:37:09.723971,data_breach,True,False,candidate,https://www.thehindu.com/news/national/other-states/16-dead-after-armys-nagaland-ambush/article37849057.ece
data breach Nagaland,Nagaland unrest: Mob vandalises Assam Rifles camp after 14 civilians killed in security ops - The Times of India,https://news.google.com/rss/articles/CBMi0gFBVV95cUxNQ01FYTAzYzZ1cEJ6Q0dRUl82Z2xHRTE2cWZ6VkR4ZlNkUVNkM1F3MGxlX0todEtoYkZIaVlQdlFTTUM5dmtrcUtWNWd6X0p0RkVTUUNfMnlqa0hTQlFRdW1KVm9MSW5VbFNaaTYzOWJmVUg0ZlN4Tm9IVm0xU1FleTc0VXZWUjB0MldkWG02eUxzS0FNbnVMZ0ZRRmZmSW5HNzlrT2NzVEVCWFVHMzNjUnZyQ0xNUmEzMEdWRWtOaHZPMHhiaXIyVEtRcXdwMXpKLVHSAdcBQVVfeXFMTmdlcmthaDRXcTVkMHlKeldkTzJfQm11RDMzbFBQMWs4Tk5RYUxNVktnZTdMNWdtVnh2WGwwS1RIMHg0d21lbjYyc1N6dEMwX193OTBROE04cUp6R09FU2RUb09aajBJRzh3bjlTYWNMMjkxNmpvQ1dZbkh5VnRqSGFYR1JmV0RIdk1SREtnNDBsMmU5cXNrMUtjV21aU19kU1RabXRQT1EtWndaTlFpYnQzc2lHX0lUZlE1bDNfaXpWUk9ZX1ZrVzgweFNsZ0hxZUk5b1AtUWs?oc=5,The Times of India,"Sun, 05 Dec 2021 08:00:00 GMT",2026-06-14T20:37:09.723979,data_breach,True,False,candidate,https://timesofindia.indiatimes.com/india/mob-vandalises-assam-rifles-camp-konyak-union-office-in-nagalands-mon/articleshow/88106957.cms
data breach Nagaland,GST collections stands Rs 987.38 cr in Nagaland - MorungExpress,https://news.google.com/rss/articles/CBMifEFVX3lxTE9lNzdtMDM4VDU1bjlPVWFkaWpfaXNURVFqc0VPQV9uNHhwWVdzZHVMdHdlbmROdTFEUWNieVVMV0FtdVNqaGhQQ2NrMk5LR2IxY2tQNEpEUnFLNWxXY1dabFNUZDBCVU9DeG1JQ2hXa2U5U0ZYNk9VZzluQ04?oc=5,MorungExpress,"Mon, 02 Mar 2026 16:11:06 GMT",2026-06-14T20:37:09.723987,data_breach,True,False,candidate,https://morungexpress.com/gst-collections-stands-rs-98738-cr-in-nagaland
data breach Nagaland,Nagaland gets State Data Centre for water resources - MorungExpress,https://news.google.com/rss/articles/CBMigwFBVV95cUxOVWRnMG9zRHpxeDVhM2gxOXlHVTZwM2REVFI3dXdSTk1ZOUlOb1docWI2UU1BRV91Z2RYaFdleGYyVDY4d001WUJ6Vkg4bF9KUnNGVThzSld1UklGaWV4Z1IzTjVFdFlRMEVVWGpieHRVdkk0RG1QMUFRMnE3WktlMjZfWQ?oc=5,MorungExpress,"Thu, 18 Feb 2021 08:00:00 GMT",2026-06-14T20:37:09.723995,data_breach,True,False,candidate,https://morungexpress.com/nagaland-gets-state-data-centre-for-water-resources
data breach Nagaland,Nagaland’s aggregate AT&C losses in power sector highest in India - MorungExpress,https://news.google.com/rss/articles/CBMikwFBVV95cUxQdzhpNXBPS1JtVXhWOVJzQ0FuYXoxVHplckplSERkVDBuU1d2UVd2RUl6VGZpbVlDeGlOQkQxOFRPbnRCSGpuNGRteWlzUG11YXZxdUh4RFptbkl2ckJpS3ZHQ3FUTUtMZW53cU8wTUQ5cldaaEdyNzgwRnIxb2dWdXNQOFB3T3A0RXkxZ21ndGdzbTg?oc=5,MorungExpress,"Sun, 19 Mar 2023 07:00:00 GMT",2026-06-14T20:37:09.724003,data_breach,True,False,candidate,https://morungexpress.com/nagalands-aggregate-atc-losses-in-power-sector-highest-in-india
data breach Nagaland,Nagaland must plug its power deficits - MorungExpress,https://news.google.com/rss/articles/CBMicEFVX3lxTE1RQl9DWGhtUUNnODBQZkp6ZUoxWG84SWNTN0g5RTgzSUxMYXlaY05WdjhvbHRYblo5eXV0Rkh0Y0dSNy1KWkJWTUo4b19XRDB6Tkwxd2dyVnAxa2h2UEZzbE4tVlg2TUJ2LVVRamo0Y20?oc=5,MorungExpress,"Thu, 19 Mar 2026 14:21:02 GMT",2026-06-14T20:37:09.724030,data_breach,True,False,candidate,https://morungexpress.com/nagaland-must-plug-its-power-deficits
data breach Nagaland,Nagaland Lottery results: Winning numbers of Dear Seagull Evening results - The Times of India,https://news.google.com/rss/articles/CBMi3wFBVV95cUxORERrRXFZeUg3Y2d2RGN5SHR5Nmx6ZFV3VkxvNXBnUU5ZOTJZRmVwWktua1JjdjdpQW0wQU5hVV8zTHNmR3htcV90WHJYZXp1UHNNZkxXTmwxc2U3RzlDNy0xRDRVaEF5Z0l3clFwb19iQlZiSTdKZWdWQzJLRXZUbU1PTk5kQ0lxNDZ6OXJrOFpHaGVwSTFfaTVFSVlueVgxR0ZMcVM4MU94b09tVjVRQlF5dDFMcHJmTUl3b0o3cEpTYndHd0E3aU5BU2pXajR4QU5DZjJqSFlWUTdfbVdB0gHkAUFVX3lxTFBydXNrVk11UTR2TTVqel9MaE1pU0JORnpoLTViVkpUNDNleElPZGx4Y1hLa3JoS2UzaFZCc0xRV1FicUZYZWhfYTNpdXhaRUo3dkFBelprVWUydW1CcnBLN2MwajE2amtZbXQxN3lWZVhPQl90b2pMYlE3N183TGd5OW11cmx5UmhWZkdoTHo5TlktS1hZWUVmU25heVRBT09jREVHLV8za3RzbzM0MnZQaDg4T284SXJZUHlyNlRpY3hpN1FVbUtFRVdRWnlhWU1lYkNNR2JfZVgwSG9XcU9zME0ydQ?oc=5,The Times of India,"Sat, 02 Dec 2023 08:00:00 GMT",2026-06-14T20:37:09.724038,data_breach,True,False,candidate,https://timesofindia.indiatimes.com/city/kohima/nagaland-lottery-results-winning-numbers-of-dear-seagull-evening-results/articleshow/105677623.cms
data breach Nagaland,"Loss of traditional, moral values contributing to mental health issues in Nagaland: Expert - MorungExpress",https://news.google.com/rss/articles/CBMitAFBVV95cUxQcUstaWNBS1FXanlHdktDSWQ4cVgxLVc1ZWEyeG1KM0pUYVYtN3JvVkV0Z3dsVURWNW1PYkNDWEsyR3MtVUVRZmh6Tk1QUnFRT1owcGtEUFBreGdXcDVZVVNCcGp4TUxzMjQ2MkEwaDZ3Zkh1NEVTclJWR1ZEZnNUcWNiNzJjeEk1OVhodWwzZjE5LUVXdWo4WWk3NkNqTjdUZldaZl9FREF5cU91dkFxd29oLVc?oc=5,MorungExpress,"Mon, 11 Jul 2022 07:00:00 GMT",2026-06-14T20:37:09.724046,data_breach,True,False,candidate,https://morungexpress.com/loss-of-traditional-moral-values-contributing-to-mental-health-issues-in-nagaland-expert
data breach Nagaland,Nagaland’s road accident severity hits 26.67 despite sharp decline in cases - MorungExpress,https://news.google.com/rss/articles/CBMioAFBVV95cUxPcUYzNW5fY0YtSUs5dDZMUlpXSGFKTndCRHlXQnpKbGQyTFpoa2tiOXp3a0NrU2NFMU5pOXA2MGhsY3F6WnZFR0NjR21wQ0ZwT0VoT2R0RXBvSkR3VWVHdl92OXplR201SXMtOHRGLTFmczJhTE1kdnZCUEJ1TFBsRlNpMWhMUi0ycURGUU5MNDZFaU5INlZsV0xSYndlU2Jn?oc=5,MorungExpress,"Mon, 26 May 2025 07:00:00 GMT",2026-06-14T20:37:09.724054,data_breach,True,False,candidate,https://morungexpress.com/nagalands-road-accident-severity-hits-2667-despite-sharp-decline-in-cases
data breach Nagaland,Phase-I Census 2027 training for enumerators begins in Kohima - Eastern Mirror,https://news.google.com/rss/articles/CBMioAFBVV95cUxOYXZzUnl3QndJTC1WamI4YXZmOTJ2WG9NWTVmQjNXaVJSVm1QLUs2OW14bjEtd3ZYR2N4emRfY2Q0cWFKcGxTMVBjRVNEbUR6Zm1IM3FleFFHcTJDdjJzeHBVdi1wRnFvMGFFMHJtYzhvN3loS1pGNkpzRmZBVkM2Z0JvSU1tblIyOHlHRE41bzdpaDZNT28xQkRQWmwtYTNG?oc=5,Eastern Mirror,"Tue, 09 Jun 2026 16:28:45 GMT",2026-06-14T20:37:09.724098,data_breach,True,False,candidate,https://www.easternmirrornagaland.com/phase-i-census-2027-training-for-enumerators-begins-in-kohima
data breach Nagaland,Installing 'opposition-less' government in Nagaland mockery of democracy: Political analysts - The Economic Times,https://news.google.com/rss/articles/CBMi-wFBVV95cUxPQUdRanlENnlfcnJaYmpnMWNTaE1hVFJWWTlzSGxyTzFSSW5Oa25MQU5ZQUNqNEpnUkZYUUZ0dk5iM2J5VWNCU2tKYWVqdG9fM2g3enZtaG4xTFd6Q3hHRE96MUNvb2VuTzhhaW91a2tHQ2dZMVRNYmNEaGtRNi02cVZxaFNJclJrNjNKekRIY2pqU3hWYU1QbGMwS2JjUzFoZzQwYU4ycUN6YWZaaEJvRElLaVNLc2o1V0hNMmloSTBVU1h2VGhGcldWOF9IWFBTNkNIVllVbHhRS3g1TzRBZUhnUUxvY3J5YklHOHFlb2hqeVVwT0psdnc5d9IBgAJBVV95cUxQOU5ZUlE2bDhwRTh2LUhEY2ZMUW80UmdWaEZQS2dIeWl2blFINldCWVBEOTNiZHNlZUlPMmhsb2k3Yy0xR0RuZDRKQldSTVlNaFpOSjQtNDNYVFhpa2VHNEpSMFdNTTRLUHBlYTNjMXV1a295cWxzOTBLdF9BTkhHdWpzN1JVZXBMZFAwcHZXcmtwYkdjdWVLT01fQkcycE9MNXI4Q1hGY0hVU2lsVTB4WWJYRTREelo1M3dNaEpYek9LZmtWRjgtal9FRlczbElYcDlBNUthYTA2ZmJxa2steVlmeThWcHRLNzRaMXlfdWZtLUwzekY5RzRNcWx1eWhq?oc=5,The Economic Times,"Sun, 12 Mar 2023 08:00:00 GMT",2026-06-14T20:37:09.724118,data_breach,True,False,candidate,https://economictimes.indiatimes.com/news/politics-and-nation/installing-opposition-less-government-in-nagaland-mockery-of-democracy-political-analysts/articleshow/98583392.cms?from=mdr
data breach Nagaland,Rainfall 338% above normal as 2-day deluge batters Nagaland - MorungExpress,https://news.google.com/rss/articles/CBMikgFBVV95cUxOXzBMMVRyMFl3RHBzMWtmQ1pWb3pINEpWN3lldzVqMHh4LUZ4MFlma01LQkZHMHZJVGFMVFlLYTlVODR4RERXelZHVmNfcE4xTjJ3WXN0WDhSMzlTVU1YdGlHVE9KUjlsaWJ6LVQ5dzZTSHE1M2g5eG1mV3FLWkxCVjQtUDYtVWFOeWdGTVBLWTNnZw?oc=5,MorungExpress,"Mon, 15 Sep 2025 17:16:25 GMT",2026-06-14T20:37:09.724134,data_breach,True,False,candidate,https://www.morungexpress.com/rainfall-338-above-normal-as-2-day-deluge-batters-nagaland
data breach Nagaland,Nagaland's forest & tree cover loss among highest in India: IFSR 2023 - MorungExpress,https://news.google.com/rss/articles/CBMilgFBVV95cUxPUE14YUFVZGZQdWFub09KQTcxZnZxcXhQN3EzZ0FSUUxjLWdvWFZkVHh5LXFYNXpkM0RKVllnZTZRSEtZWWwzU3pHQmdscDEzSmM3TkNaYktyVzh2SllYam8yVG50RUNtVmRaVzgwTnhfUE1Rc28yek55b0NtVlZNQVpyQVRnMWtBWk1idjlHQUJ6RVlDM1E?oc=5,MorungExpress,"Sat, 21 Dec 2024 08:00:00 GMT",2026-06-14T20:37:09.724142,data_breach,True,False,candidate,https://morungexpress.com/nagalands-forest-tree-cover-loss-among-highest-in-india-ifsr-2023
data breach Nagaland,History-sheeters found holding gun licences from Nagaland - The Times of India,https://news.google.com/rss/articles/CBMizgFBVV95cUxQcWRFTzNnalpXVkg1UjBCWnFoSlduSGpkUHFRVG5YYnBXaFVlVE1SRWVyM0lUUUJwRnFibWpBYm03LTI1ZnpxOEhjeWxnd19oYVhiRmM4QmFLZTg1Tm9TX1RlQXk0eWtzTFhSN1dyYm1ZdnlYcDQ0SGJEYmpIWGdxaUZNLVR4QzE0YkRkMVgyUml1UGdWZkNKYUNvNUxpMEQxaHk1emluejQyMkxpRElFSHBUdTd4YlpmRVdkWnBsUnl4QUY2Wk9Uc3VGWm1tQdIB0wFBVV95cUxOM1BTbl84N0xVaDl4LXhwUW54azZscEJnTVl6MERBOUVOaGVxa183SlBYdUpab1hWOXNxM1c2TEQ3NHpMaU5yM205c2xIeWh1RkZLbjRTSW1sTEFmejBkaldaanFud21RbV93TGNQSDM5WGcydk45WFdhVTN6V1YzQlAyellzUTR6Sk5hMjZVc21od3NBNUxRaU51UFVyU3RORjFSYm43cEFWQWlNRVE0UnVTMF9kUWNhWVNXTW4tUU1Icm9pU1hVX2hzVVRpb2Rkam40?oc=5,The Times of India,"Mon, 14 Aug 2017 07:00:00 GMT",2026-06-14T20:37:09.724198,data_breach,True,False,candidate,https://timesofindia.indiatimes.com/city/ahmedabad/history-sheeters-found-holding-gun-licences-from-nagaland/articleshow/60051254.cms
data breach Nagaland,AADHAAR IN NAGALAND- I - MorungExpress,https://news.google.com/rss/articles/CBMiV0FVX3lxTE81TW9vNGFfY1ltaGJ6S2x3bG5ZMG5obVp5WEptRlM4Tmh4VHk4VDNJWmNHVU5sZEJaNHRLTG10WEpITUxFQS1TMTM3aWFBUlpsQ1R0S1Bpaw?oc=5,MorungExpress,"Sun, 06 Nov 2016 07:00:00 GMT",2026-06-14T20:37:09.724214,data_breach,True,False,candidate,https://morungexpress.com/aadhaar-nagaland-i
data breach Nagaland,Sexual violence and the culture of impunity in Nagaland - openDemocracy,https://news.google.com/rss/articles/CBMijgFBVV95cUxOMzF2RmlBbEU4RlhVLTd0LTZPVlYxU3NRNjJNY2luMGo0WE1YZ1pON2xpY3JYSUhOWjVnaXJNeFlxbFJWUnVXeXF2and6MHotalBjT2Njd3RXbE5abFMwb2E1RlByQlc2VVNQakdkUTE2R2J3ejVhS2RaS0hUM25QWjBxdzZyMnZPdEQxZ3JB?oc=5,openDemocracy,"Tue, 10 May 2016 07:00:00 GMT",2026-06-14T20:37:09.724226,data_breach,True,False,candidate,https://www.opendemocracy.net/en/sexual-violence-and-culture-of-impunity-in-nagaland/
data breach Nagaland,Unplugged: Nagaland could face a severe power crisis this summer - EastMojo,https://news.google.com/rss/articles/CBMiowFBVV95cUxNUjRSeUlYQTkzTFRJLXd6LTBxaHAzSTFDM245MFRSZlRiVkQwMlhTZzVXUDlIdGVvVndTVVZkQ01FN3RPYkNQMGpEMWlLQWZ1SVVNbUJYLThsLUhaRHJ3eFlQdi05UjF3QmJ4aTZuSGY2UkxoUnJlek1La082UHlnUVJLZzA3VUdEcllnZVlUM0FROTBoQU9WVXgyTUlDMUFRMWRv?oc=5,EastMojo,"Tue, 01 Apr 2025 07:00:00 GMT",2026-06-14T20:37:09.724328,data_breach,True,False,candidate,https://eastmojo.com/news/2025/04/01/unplugged-nagaland-could-face-a-severe-power-crisis-this-summer/
data breach Nagaland,Assam–Nagaland MoU will end decades-long dispute: Shah - mahamedianews,https://news.google.com/rss/articles/CBMinwFBVV95cUxQUTluRnlDVU1SQURJMHpVeVg2YnpCbE8zX0FBNEpFMmdRMEJUMHEwVU9FZFpQOElSdXZISVpjRkpMTmY4RENNM1d3ZnQ5eUtHZ0VQd0U5OFdSNTlHdy1lVDY4RWw0ajY2dnFxLW0tMWVfejlacUVIeE9BMFVERFlHenJBaTktQnNJdVNmVlZZRWE1MEZtandjRjhuTWx3Snc?oc=5,mahamedianews,"Fri, 12 Jun 2026 08:18:09 GMT",2026-06-14T20:37:09.724345,data_breach,True,False,candidate,https://mahamedianews.com/en/india-news/news/assamnagaland-mou-will-end-decades-long-dispute--shah
data leak Nagaland,NASA orders astronauts to take shelter after new leak aboard the ISS - Nagaland Post,https://news.google.com/rss/articles/CBMimgFBVV95cUxQLWNPcVlSWms0cGxSUDhQLTZkdmE2UWpqazJkczB6N3d4ZGZYUmlvTGdKS3N6NXhpQUxZVlUxZklDT0xzaHBrNXdqRlc5YzVqck5UY0ZocVFzQmdRWE1zUXlSYjNvaXU2RmZBaUtKMmdGY3dHWm9OMDRRdTFCd2dZVXZLdUhzTC1KWUg5NDlDOHhNV3VOUEgyXzh3?oc=5,Nagaland Post,"Sun, 07 Jun 2026 02:15:48 GMT",2026-06-14T20:37:11.882138,data_breach,True,False,candidate,https://nagalandpost.com/nasa-orders-astronauts-to-take-shelter-after-new-leak-aboard-the-iss/
data leak Nagaland,Data | Nagaland women are socially empowered but underrepresented in politics - The Hindu,https://news.google.com/rss/articles/CBMixAFBVV95cUxNelF0WlNpQU1pZG5YQURxR0xFWi1LUG5sUHdCMkpEUnNCNlhfX1RUWk01Rk1KX09Xd0dPRE56RWtFV3VGT0wydmtub2NoTUZBcUE2U3N5UzBZTDg2QnVXeHo0aEtGdXdVN05sdjl2MFlzTmxFMXpJazVfNVViRldkaUVTVHp0aEI5RldBZDVGRzFwbzlQT1hZdC1RZUZYQTdzbWt4ZUFkTnU5RDNoQmw0RWVyR2hkdTFOZDRBcVRlV3RtZkN10gHLAUFVX3lxTE1zazd0Zk5VU1R0cl9rNVl4YTBmemFoNWs1WHBQZTJmNUhNN0FwVWV1XzlUaGpLZWdmWG1lLWtCNnpxTlRBcVI2Qkk2c1ViUk1JMUJsa3lLY1JpQzJXUUVuMl9IdjNWS3FKekJXWlkyMUxGNVlld3N2YlRDYXFjcXExbjN5ekJ0NHY5c1dJZE1JajR5LUJqcV9DOTY0eTlYRjR5d2FFVEtNZ1NRRGhmaVhEU2pnYXVudmdvZkt0eVJnMzd4bWpBUDFTWHdJ?oc=5,The Hindu,"Thu, 02 Mar 2023 08:00:00 GMT",2026-06-14T20:37:11.882290,data_breach,True,False,candidate,https://www.thehindu.com/news/national/data-nagaland-women-socially-empowered-underrepresented-in-politics/article66569239.ece
data leak Nagaland,"Nagaland CM disputes census accuracy, calls for correct enumeration - MorungExpress",https://news.google.com/rss/articles/CBMilwFBVV95cUxQNENFbENPcElyWXhIWlRMWUpOZVZhS1UzWTZYSHZ5TXN5cU53RjE5UFZreklLQ3BMOXA0X2w0SW5kMHBPbzFfR0RBQlp6VXRRUGowYXRUaXVTVGZQQ3lZOG1hM2N2ODdpeS1jNjgzcFMtY1lySnJFaUttTFpKamNCZ0lSS2NES2ZEN2dvM3lzOUVwRk9nLXpV?oc=5,MorungExpress,"Thu, 30 Nov 2023 08:00:00 GMT",2026-06-14T20:37:11.882326,data_breach,True,False,candidate,https://morungexpress.com/nagaland-cm-disputes-census-accuracy-calls-for-correct-enumeration
data leak Nagaland,"Centre cancels NEET-UG 2026 over paper leak allegations, orders fresh exam - Nagaland Tribune",https://news.google.com/rss/articles/CBMiowFBVV95cUxOWHMyUkNVdzdhVVMxWTJQT3BOWEVfdHlOa2cyVHFLMFZQTDdBTzdpWTUyYndpYldNMjVEY1VnYXFoc2UwZldRZ3kxUmVhQmhxaEZndmVQLXdyVGxGNy1Xb2t5UVRiR09KVFBLYWpwSDZRVGlFU1BtSjVqMXF6XzZ3ZGZTRnIwUWpLcWtIVTgyaTJvNXpzVGNUTWRSZnlDMGtmcE5r?oc=5,Nagaland Tribune,"Tue, 12 May 2026 07:00:00 GMT",2026-06-14T20:37:11.882351,data_breach,True,False,candidate,https://nagalandtribune.in/centre-cancels-neet-ug-2026-over-paper-leak-allegations-orders-fresh-exam/
data leak Nagaland,Self-enumeration for Phase-I of Census 2027 in Nagaland from June 16 - The Times of India,https://news.google.com/rss/articles/CBMi3AFBVV95cUxPUmFTZTl2SnJkWk5vY0g4QzNaZjdkbGxyTmFFTmpleW5GQjlBd2NoRkJxTkhJbXNXUWZoVGN6Yjh0Z0RqUEdfMEp6MnBPcEVoWldhdUhxWWxteXo3Mzk5YWlrbUUtTzRwYkw5LW1LMmg0b3dEU3ZYZ253bTc3ZFdGV3hmaVhHaTB2TnFyWElZRENFenA4OGtFTGFMTkRtb0xUQU1Ob2hGNC1CYVhzZXFxMHZReW5mTU1nM2EtdUxvODkxbEJEYUI5TFBUcjdpUUtBWW5ETXNLZE9yWEJy0gHiAUFVX3lxTE1OQmN4ei1PMUpwOXVWdURxd09WbGR5cl9LVmtzeGpJRU43amI5TnR1SFpPYVRab2MzbmtaNVNKTWU5alRoVGZJTDBYamluQ3lpeDgwRXhsNEJfSFlKMDE3VE9kdm5UamFLSjd2cDA0SUpDeXVveHZVNHJVeTJpTFQwdnBCUGxTWEktelllY1NHMlVyVDBPdzZnVlF3dV9ScUU3V2FwOGFFYTN0aVAtNEdqTkgyMzdBeUlUVVBOaHFKajI0OGNnYVRHZDhhcE1VYWMwdFdLMWZjT01vTnh2VldRVWc?oc=5,The Times of India,"Wed, 27 May 2026 07:00:00 GMT",2026-06-14T20:37:11.882386,data_breach,True,False,candidate,https://timesofindia.indiatimes.com/city/guwahati/self-enumeration-for-phase-i-of-census-2027-in-nagaland-from-june-16/articleshow/131357689.cms
data leak Nagaland,Nagaland Turns Back 200 Vehicles Carrying Illegal Migrants From Assam Border - NDTV,https://news.google.com/rss/articles/CBMitwFBVV95cUxNQTlibXFjVWRNVHpMWXpMQm5sTDlmV01PdWh6b0dSMTQyaUlpeUhkak05a1hnRGhNRS02cjRMazNsSHFTendwbkxud2haaDdNRXJ3NWhYS05wcWdEMF9lTktRMGYwaThrR1c3RjNneGoxNHFXdEdsSjM0RVVRWEE0WHM4LU9udlIzN2c5S3lsQk55UzZ2QkNnYkpVTFdNbldTaVlGM1FGeDRuaFZpX2lpckEtWWVndVHSAb8BQVVfeXFMTlFsQm5fQjJoQTRwUF9QbnFabDhhM2hiTGZGelFuLWpFaURLZTcwRXRzeGNzUm51UmdYRFd1S0FOMUtVdVY1OGNWT0RDeEczUVlNVnN3d2U4ZXFCa0VhNXQ4RFp2cFpjOVBWbEQ0R2s0TnM1V0w3WEIzVkJxSk1FQ1paWkR3eTF4TEZ5c3ZhRnZtQ3N5Tm9TYzh0LU1YZWsxdGgxUlhFQ3Myb2xxY2RUZG9uYU1oT1JPTy1DV21qbkU?oc=5,NDTV,"Fri, 25 Jul 2025 07:00:00 GMT",2026-06-14T20:37:11.882413,data_breach,True,False,candidate,https://www.ndtv.com/india-news/nagaland-turns-back-200-vehicles-carrying-illegal-migrants-from-assam-border-8951794
data leak Nagaland,Nagaland frees 17.9 acres of encroached Dimapur airport land - The Times of India,https://news.google.com/rss/articles/CBMi0gFBVV95cUxPWnFzV2dhRlZNZUpBRTRrRThHZUhHT2ZUb3hQNHpsWGVJZEVnMkQ2YXRJR280WloyOXpiVng3MDlQUUtLb2JSTnhvSmhwVDlFSThmSk1tdHdoeHR4VnozZXFhNDRjMXV3NlhUclVURUs0RDViZjZLVkE0WGJDYVh5N2V6UlZaazlXY3pDTHJHb2FNX3oyYVpPN1FYYkRNWVIyVnJ1eUZUVkZmWVg5Y1p4VmhpdG51bUdzMGp5MVV6aGd4LThzZy1CeWJMeVFwQ0ZZa1HSAdcBQVVfeXFMUHNFc1hSa3p1WTY5bmoxaXBwRzNwYVFFRzVLb1BkUFJvRXJJVnFzd1FrdTkzd3ViN2dMbnd5ektvTnhyd3N1bEFuMW52ZmpZTnF0ekVXZ3BIdUh5MC16eWZZNExyZk5vU1R5NUNTQUFjN1Y2aXhrbWxUUnRlNFlsUkFwUklHalhWYzYtZW1uaURMeDlQb1VyRWNvNUVuVUJfZ2ozTmVZLXZXVGp4X2F0V292OHRvZ2hiUzNHSEsxcHdNMjI3SnROSWNpcWdxLWQ2RnB3LWh5LVU?oc=5,The Times of India,"Fri, 13 Jun 2025 07:00:00 GMT",2026-06-14T20:37:11.882463,data_breach,True,False,candidate,https://timesofindia.indiatimes.com/city/guwahati/nagaland-frees-17-9-acres-of-encroached-dimapur-airport-land/articleshow/121835371.cms
data leak Nagaland,Nagaland CM Rio launches digitisation of birth & death certificates - The Times of India,https://news.google.com/rss/articles/CBMi2AFBVV95cUxQLVFaemJ4OTY1MVJGQ1Y1bFVueTB5WnVsbkU2eDhPbmxuclkwVDBBem43REtyTmNoeG5XN0JxalN4bmZhZFg5VXFRTFZxN3FVaG1iQUI1T1ZqRnBKMjd4RkhzbEVCc3BzTlZtdVZUSHZVUlB0aWNHTUoxSkd2a3RnV2RTWWVFalBEMnk4UDRYUjFMVmUwYXo5VDMxV3dSX21ZX015Q1FmR1hfRUZUVVZDZVV0UTgtOHBoMEt6X3FWWWNpLW1EN0E5Y0NyeXRRRVlUME5xVkI3VW7SAd4BQVVfeXFMT3dzTm1xNEM5cTgzc1I3NnlLa0l6anhKLWdQR3hzUnJubnhoclBTUnlqQzVsOGNNUnNKWDdRYUZOVG11V3FtWHpaeTVZa1kxRDZvU3hiQXVOM3ZVX3BaZ2pBeTgweUltZnd5Z2lLRWFkc0I5di1zc0ZVdFBYcUJuV2dGMTdKYURXTENLNUpTSEtvRjZWdk55WFB0VWlFZ1RFTDZHQzBTOE1ZVXpiSlVkVFB5bEhWRExFV3kzMl9VVExnYVh2N3pTYnFhNGYwQ1pRdmZtaVp4SGV3ekRTbTBn?oc=5,The Times of India,"Sat, 31 Jan 2026 08:00:00 GMT",2026-06-14T20:37:11.882487,data_breach,True,False,candidate,https://timesofindia.indiatimes.com/city/guwahati/nagaland-cm-rio-launches-digitisation-of-birth-death-certificates/articleshow/127825136.cms
data leak Nagaland,Rat Hole Mining: Tragic Accident Exposes Dark Side of Nagaland’s Coal Sector - newsclick.in,https://news.google.com/rss/articles/CBMinAFBVV95cUxNZDlnN1NVQ0d1ek81dE5nWHhsdmxuMTRJbEFrT0Z0WDJQVDlPeTBwM01wOUJaa29NT21XOTZjaENLVkZObXRMTWRhNGlBRGxwU1Q5X212c0F3V1hFYlFXeGdWVzQ2NUs3M192Sk0yYXlVTUFycGdUenJCN29BMExPOXRDUDBLX25HUWlzR3NsUnFCQnBCODBySkxNSUjSAaIBQVVfeXFMUHBmTnRJaHM2MFdPWmVmbDVoQmxzRmRyRWVsQ3lIaUFMYlRoODdMOHpOS08zUTFEU0w5OFNSZzBLX1RoSGk2TmNoOVU1MVpVajhpVXAyTENJRmVLWXV6Q3BSTHdoaTdETHhOS1hreHF5aUlObGdld1QyZkM5SGJvRTBzVU9KcDF5TnpxSjAzZnl2Skx2ZU1zTXRRdkhYb1JZOTJR?oc=5,newsclick.in,"Wed, 31 Jan 2024 08:00:00 GMT",2026-06-14T20:37:11.882500,data_breach,True,False,candidate,https://www.newsclick.in/rat-hole-mining-tragic-accident-exposes-dark-side-nagalands-coal-sector
data leak Nagaland,PMAY-U 2.0 team conducts week-long outreach across Nagaland - Nagaland Post,https://news.google.com/rss/articles/CBMijgFBVV95cUxNcnYwUkJYbUZHY3lxZ2NOU3E1NG90MkVMM0F6azk5YW5mYTFGbHd2R3A5SFBKM05TY1NqMmkzZ0NOSWlHV3lNS3FraWdKUWRxYlJDa1VCVlJ5U0hEYVpEM296Ny1sUHIxQzdDcG01dVJNcnNpWU1RTVhZSmtoOS04aWhaeDRrVENnc1ExQkhR?oc=5,Nagaland Post,"Mon, 04 Aug 2025 07:00:00 GMT",2026-06-14T20:37:11.882537,data_breach,True,False,candidate,https://nagalandpost.com/pmay-u-2-0-team-conducts-week-long-outreach-across-nagaland/
data leak Nagaland,Nagaland to pay compensation for NH projects - The Times of India,https://news.google.com/rss/articles/CBMiugFBVV95cUxNMGNmS2RyaXhwYUhoNkR0dktlMmVhMVNjTk9FVXdDRnVRMFVwSkpMOU1Za1hlNlZRcF9TU1d0Ujk0b0M0N1AyS0pfSGN0X0NUNXAza2trbnR0M3otRzJmQkMzdnB2bE4wNHBDYXJ6MGt1NXNsOTM0NXd0ajZBQ3VWMndneUJMaVZ5bzJ6d1FHN0hsQUhKZjhIaHN1M2Y1UDVZdHJQZE4tMjhvODdiSE9EcjVQby00TnNEd1HSAb8BQVVfeXFMTklTSnRPWXRqZ3hIMHlMTHBvWjJacTZhMW1LQVJIbThCQl9vNWRIblhYeTlKNHoxYjItVGhkYS1lVEoxdExPNWZ3emQ2ZjNtM1lGMFI5MmVPbWZFR19UTHF1V05fN0xuNjVqU0RmUXJGWTNkOVA5WlU5aTBsYmQ1RlpmbXRyZFhFV3BrV3hrOWZfaUg2dVp2NTc2TXhyYm0tWEJ0Qk9teVhhbVI0TEczaGFZODFkN0U4OTEzRHBiblU?oc=5,The Times of India,"Wed, 20 Dec 2023 08:00:00 GMT",2026-06-14T20:37:11.882575,data_breach,True,False,candidate,https://timesofindia.indiatimes.com/city/kohima/nagaland-to-pay-compensation-for-nh-projects/articleshow/106149522.cms
data leak Nagaland,"Nagaland Legislative Assembly unanimously adopts Governor’s motion amid FNTA pact, racism concerns and ‘Vande Mataram’ debate - India Today NE",https://news.google.com/rss/articles/CBMikAJBVV95cUxQcjNEaXRidGNxM19PS1ltWVJQeXB0M1JvX2JablhVcEdsSVk5Y0hMOV85eHU3SnFNTlhIU1FtWTFfTTl1UWt2M0tKb0ZhS1czQjZFOWdncFoycUdrUjlqUkpPRlBReWN3MTNzb3V4WmdmUWtBRFdNNEZ2dHFrSlNOVXJxanJzUFgzejJ5RlF2WFpMTk1mQS11YjduRDNEVkRYaDFmc2c3MmV6a2NPSXlzVWdWd3ZUYUpvNk1qMG1IV1AtWDFWX3Rqc3hkb01RRzVINzBqLXlrNVhlNnZPYjNkdjE0N0NmaDYxVHRRRVY5Y1dEVWZuQUVDaExlVFlobUVZX3FRaVRFSC1zVDlKb19kRdIBlgJBVV95cUxOWnMxYXBkNjZET2ZLR1UxcTJSR3pPbmc1NU5iM3ZidXdRQzB4UFhwTGtpNmJlNHVOaUtsSmIza0tabVRpNDZ0YjRCM0YxYVlROUJWN0N6YU9fcTNxanFpNFV0MzVhSnJTOWNIN3JLZXl4aTBaWXM0NFMyaVFtZnFqUDNOQXlwVjc5RU4tdTJwMV9EUzlSWkh0cjQyVkp5Y3RpUWRiZ1FyLUUtZUlJQ3lycVM4T0JleHVsVGN5VUFpSjg2cWZEdFhtWF94dHFVY1ZyQUU2TzBpOWQtcTVNVzY2aFdHaHN6T1BXMXlrWGo3R2pMaHdoTUNEWTU5TFFrbmFTUXU3a0h3b1VzZ3A2S3JBenFOcUFoQQ?oc=5,India Today NE,"Wed, 04 Mar 2026 08:00:00 GMT",2026-06-14T20:37:11.882612,data_breach,True,False,candidate,https://www.indiatodayne.in/nagaland/story/nagaland-legislative-assembly-unanimously-adopts-governors-motion-amid-fnta-pact-racism-concerns-and-vande-mataram-debate-1354521-2026-03-04
data leak Nagaland,Neiphiu Rio sworn in as CM for 5th time; Nagaland gets its first woman minister - The Times of India,https://news.google.com/rss/articles/CBMi7gFBVV95cUxQME9IOFJ1VzBBYzNSR1otcFoxLXEwUlhtT2ZqQ1AzRkxJd0RYQUw5NVdiV3p1dW44d3FWNEFXTnF6NUcwVk9EWERlcTJGZFF4c2JwZnhpd3F0RkhxQnNYZ3lTTTZIRmxRTGM5Y0J3bHB6YjQ1UHVWUjVRNC1xWkxoMURBa1c5WmRxSTg0cnRPOEctX1JLdGhaUWlqZmZpNkZwdEQyZ0tmdGJDYXU1RnJhNm9EODVGWmZyVW5wR1BVLUNsR2N1SzQxRVpDdUF4dHFKRHZBYnlfeFk4bzJpMWtGbE9RQ2FiekF1aGpBb0N30gHzAUFVX3lxTE9qWUVqcTUyOWFPbUk1a21kMlI5Z3pHSm5fSjhWbjNLOUk5RHFESGNiaU9lSmc2c3ExQVdybUhsMGdhT0JMVGZicjNnRURWSEdqRWJIWlNQUmlDaVVmZTRETFF6Z21yTHFHcUtablVwdE5pSHZMWGgycm9CUTJMXzlXVWxLY3dSdURtYzBaYmp2cWU0SmdSTkMxQ21peGJyZDFQaGt5QWJ0UVdtdTJtQU90Zzh2QVh3Nm1MUXNyQXV0Y2FSOFAwMDRKMTVSb0lzVVRLaExKY1dsUUpVZ2VfY2NoTnp6MTFUMGlvVHctdzJDVnh1OA?oc=5,The Times of India,"Tue, 07 Mar 2023 08:00:00 GMT",2026-06-14T20:37:11.882696,data_breach,True,False,candidate,https://timesofindia.indiatimes.com/videos/toi-original/neiphiu-rio-sworn-in-as-cm-for-5th-time-nagaland-gets-its-first-woman-minister/videoshow/98479039.cms
data leak Nagaland,Nagaland: Dimapur Airport handled 3.20 lakh passengers in 2023-24 - MorungExpress,https://news.google.com/rss/articles/CBMikwFBVV95cUxObkRQWGlUN1p3LUtNOUxWRmFuNEhTb1dNTUVPSWIzbmhUeWpNQ1g3aF8yYXJmRXBDbm1Uc080YUpsNlFTejB1NWJkQUEzd25kSHFtTVJRcExzTWJOYnkwZEFVSUFhUHBIcmNzNHVuTm5TbjRxa1hNUWw4aXVoOWhVRHpOX3Z2T2EwVmFBMFI3aHFuLVE?oc=5,MorungExpress,"Sun, 23 Feb 2025 08:00:00 GMT",2026-06-14T20:37:11.882709,data_breach,True,False,candidate,https://morungexpress.com/nagaland-dimapur-airport-handled-320-lakh-passengers-in-2023-24
data leak Nagaland,India's Nagaland conflict: No end in sight - DW.com,https://news.google.com/rss/articles/CBMigwFBVV95cUxPVjRyOEVlenBIV0c0Q2RqZ2hkMG52RVRNdEhGOFd6OVNiZDIxdVdrTXVfWGJYRDY2eDBNT0dnNUhpaDY0S3JMLWl5VTlnQlhnWkxJYnN4c1pmUEpwODlPUGhobjZXeVJNVUk5VzRwdXczUnM3NkJhdjR0MFVUY3VwV0dFRdIBgwFBVV95cUxNc2ZXVjFUb29YbW5XeVdkaTNReDhyTVVpMzZGT0czUlBtVmRLVW5oNDhfU2JEejhLbGZlWnNGY2g2aTJBWXRCMk9qbkQ5RzBtZ0Y1U3o0MzhCeXdoMG8yUDlrLW13clR1dGstWlV2c20tYnViSlZ2S1E5ZTRaUk5tZFFrSQ?oc=5,DW.com,"Thu, 30 Jul 2020 07:00:00 GMT",2026-06-14T20:37:11.882734,data_breach,True,False,candidate,https://www.dw.com/en/no-end-in-sight-for-indias-nagaland-conflict/a-54382066
data leak Nagaland,"Meghalaya & Nagaland Election 2023 Polling LIVE: Meghalaya, Nagaland to vote today - The Economic Times",https://news.google.com/rss/articles/CBMilAJBVV95cUxNWHZNMEJna05oQlJYaVJkTmVETGJDSHhfNGZXTVk0VDdncmJ5WGNsNVpib1BwOUJzaFhfcVNHcFJzNkROdUdjNUJqZWVsOUI1b2xjeDhDUWwzMEktY3lkLVZ2ZDFuYVg3dHVvWnBobnBGNVFmOHhlNkoyOGF4Q0lRY0tBbHZ3X0RvQ1lPMnJLODh2b1NtejBjWU5kSDJjYi1MLVBlTWRLU2RVX1V5dlFFLWtZeDdNdHgyQ3poaFp6dEdCYm5UdkFmYkVrc0t5ZndrUzlEZWxEd1hNQ2Nac1FLdDVVZ0RYSV9KbEJ1Vmp5SUIwaDZzZXA2LXhFOWQwSmRCM2c2S3AwakdwOXZESHlmSUdtdi3SAZoCQVVfeXFMUFlEVHp6cXZNbjdNYnlMY2FsTUc5SkJLLV9qek5hRVNWU0I2V2FnREZfZkl3dTE5NzVYc1MteG1HTXo1S1FxSnlaeFdwcFpPVnViUkhUUy1RZFFZeXBNUGZ3VXZ4bEJVM05kUExnVVJPUXM3ekstWERvV0ktSS1vMzE1ZHBSUG9MZzIwaGlBZkg4Z21PRXNOaWt4akYwT1NCSm5CakNQWmdDLXNXMU5lbHl1ZVNYSlV0NldtaTNDRHVPV29qb051bk0yXzlKeF9wSGQ5NlFKb0pfZTlRaHVzaHA3QVdxazdEWkJ1elBkQVVoeTU1ZXRNaUk3VkFTYW1hSlBscFpCbmxQUEVhQXFMWldsdG9NbnQwT2xB?oc=5,The Economic Times,"Mon, 27 Feb 2023 08:00:00 GMT",2026-06-14T20:37:11.882786,data_breach,True,False,candidate,https://economictimes.indiatimes.com/news/newsblogs/meghalaya-assembly-election-2023-polling-live-news-bjp-congress-aap-nagaland-polls-voting-latest-updates-27-february-2023/liveblog/98259453.cms?from=mdr
data leak Nagaland,Nagaland becoming a leading cardamom producer in India - MorungExpress,https://news.google.com/rss/articles/CBMijAFBVV95cUxNZGdiVUR4SkRHcGUxekNONmRJaGh2ekphZlJDTTVWclotTngxd1B2TF9IOVZ0bXp5S1hYWjhOcExlbXlySTI2Umx6OHFlWTVPa1ByZ0ZWUEpCS0xvcGN0MHdYZzFLMUJVTU1JYVZkVjRmTUVkRXo4RFY2NmdKN3NrTWxiZWhtMkJWZ0hNVg?oc=5,MorungExpress,"Tue, 22 Sep 2020 07:00:00 GMT",2026-06-14T20:37:11.882799,data_breach,True,False,candidate,https://www.morungexpress.com/nagaland-becoming-a-leading-cardamom-producer-in-india
data leak Nagaland,"Centre to develop Doyang lake in Nagaland, famous for Amur falcons, as an eco-tourism spot - The Times of India",https://news.google.com/rss/articles/CBMiiAJBVV95cUxQczQ0VWN4d2M5cWJNUTlFam15eWRIQkJwSWVyNk1yeG54TEZzd2o2WndjQnNlZnVVSExJTllZZFdQT1NBWTdvZEl3cUFQMVhTX3NkNjFkR3lzNHZMdEJlX29peTJVdWlYSU5xY25DbUpsQkIyal8xcE1VVVYteGZ4V3BrS1VYek51MVc2QXZtUmJyOGFsaklGVHlDazktNUNsY2JxbWtoRG01VU84TFRYTlFoMFFYLTdnUWZpVUMyNGZjNlF6NWFSczNhUHhJTk5YcTJCdWlhbnR2LXdYTTZSY2pySFZCc09FWDg0OUc3bVliRUEtUG8wTVVCV0hnYmpSajk5SHktN2bSAZACQVVfeXFMTkoxRDBJTmsxVVhhY2s2Y1NjbS1qbnlMMGFWX0thQVBkcGpVTWFsSlR6bGEzMGpnQXFYSHF2MnllQnRzYW1Oa19yMTJOZUZqYnlWZHlSaUd2NEtFQnk2MFNia0VUUERhV0hQZFZuNFRTbDRvZkJHZDg5Zjg2ckFOSEl6MDNfUmQzS1cxcWhCdkVyVUZVRmxMeEoyMGhTUlFsUjRZQzNyUU9GcnNjd21KOUhMRFlZbVFlUDBlQjR2Skx4c0c5TE16NC1RV0JnTjZZRnk5THhhYmhBdC1FeVBUemMwVXBYTml2MkVuQWpxdmwtdDNJTFZVcUo3UU83OWNzbEZwWGg0aTkzamhnaGpKYnQ?oc=5,The Times of India,"Mon, 16 Nov 2015 08:00:00 GMT",2026-06-14T20:37:11.882824,data_breach,True,False,candidate,https://timesofindia.indiatimes.com/home/environment/flora-fauna/centre-to-develop-doyang-lake-in-nagaland-famous-for-amur-falcons-as-an-eco-tourism-spot/photostory/49800856.cms
data leak Nagaland,This new parasitic plant in Nagaland steals food from other plants - India Today,https://news.google.com/rss/articles/CBMiuwFBVV95cUxPeHFpMExQYV9VR2hNWGszWVVxZ3QyTHBrU1d4QTRsblB4Q0lPdElSMkc5SmlETGFDWW5HaTBfeWxpdlBiN1lWc01EQkxiYk9wSXBRbDdYVUdsbWd0emZaTUJzcEpUdi1GeUVneHhGMHpTOHMzMnl3VFF6dWFMdFhVVHBweDd0SXh6YjEyNl84Z1lNWkJsZGx1ZkJWWXo4MFRGTnRCSUg5UU9BbnJUaVZ3ckkzTGphQmFBWHkw0gHAAUFVX3lxTFBMN1h0cThHcV9LczhkZ1lWQ2NtWVJYRjVjSVMtbHlRcTJYVzIxcks2dXJLemlfS3FRX1BhVUFKOTR6dnJzczBtbHNUUXljdWFIcDN5RFlsMERUWml3b3U1NjRiY0N4X3ZqQ2dxdFlqZ2k0YkVFeV81LVljbDY0RTVxOFA5dklxT3Qzd0ZtQ1ZpbEdDYXg4T0pyREZlM3JnQWM4U2tNZldrOG9RVUx2aGR4N1kzV1p2bHZSVm1rWWFjcw?oc=5,India Today,"Mon, 20 Nov 2017 08:00:00 GMT",2026-06-14T20:37:11.882842,data_breach,True,False,candidate,https://www.indiatoday.in/education-today/gk-current-affairs/story/parasitic-plant-found-in-nagaland-1090284-2017-11-20
data leak Nagaland,"Students break window and steal NBSE question papers for VIII, IX exams in Nagaland - EdexLive",https://news.google.com/rss/articles/CBMitgFBVV95cUxQQ19zalFOOFdjaVM0bThFakJzbUxIVjl6X1hfMlZuUm0xOWF3SkJDcFctelNkVFR5MDR1ZGNHeERldWFTYU1WbkxYZHdJR0FWc0hJNWd4VXFTa2tTaXF2QUJJM3JqcFVFUTNBZkVHSzBqcjlGcVlXRnF5Wi11ZmRFQVpNSjZTVGJLRW11U1Rib1k4NHllMGJvYzA0V2FtLWVkS1JaRmMxYlZzSFFJTDYzTU52VC16QdIBwwFBVV95cUxPQ1dXc0FWSG5vM1EwN2NFMENuckR3dnhFWTEyVVFSZXJwaVBxSDFVSDY1NmxtdEN1dGJoVllnelZ1QnBZSk1RaTJvc1A5eWF4QW9Yd2x0TGM5Smh4M3k5alRJQTVOTHZpNVF1T1NWZ2JhZjV6dGFLelludTdPZEhseVBqcWFWd1JhSU16eUFyQXNiVHBNLVdQY0VyMzdSRndLRVdRQWtzYi1nQTBZR3N0SmZuMHVfTGY0TUZSZ0l3ZjFkZG8?oc=5,EdexLive,"Tue, 28 Nov 2017 08:00:00 GMT",2026-06-14T20:37:11.882869,data_breach,True,False,candidate,https://www.edexlive.com/news/forget-x-and-xii-in-nagaland-question-papers-for-viii-ix-stolen-from-school-1678.html
data leak Nagaland,Nagaland power plant handed over to NEC energy - The Economic Times,https://news.google.com/rss/articles/CBMivAFBVV95cUxQVW1YRi1yVGFWYk5IRWRtSkhIWC1TLVF2Z1BTTUJiekhKM3JqTEhpT3owN2hNSkJRWmpsbnlwYWVHTW10dXNFODc1SGczRy1xTEM3ai1fVWNoQWZsRmxxUUF0UzUyT2Fha0JXb1NBZTBSMGhCd0lYMkExVVBYbkhLVXVaak1XQmZDMUZrR2ctdWp6Q0xKUTRzTkgwc2NwQUl0OGxOb1YyUGFrNlZ2TUFhazlXNXl0Q2g5RDloaw?oc=5,The Economic Times,"Wed, 05 Jul 2006 07:00:00 GMT",2026-06-14T20:37:11.882940,data_breach,True,False,candidate,https://economictimes.indiatimes.com/industry/energy/power/nagaland-power-plant-handed-over-to-nec-energy/articleshow/1708486.cms?from=mdr
data leak Nagaland,Security forces recover large cache of weapons in Nagaland - Dynamite News,https://news.google.com/rss/articles/CBMimAFBVV95cUxOdHBzT0hQS2M3NnhRT1plU3hPVXljNjJMMlY4LWlITHR4RDliOU1yZzN3VzJMRzcxMl9yVGx5LUMtVk9neGd4bDFOMnBSLXF0SG1pYzNJeHM1V0F0Vi1JVUE0M0tBZVRLeTlrdW5SNEpMTUQtbVlES1BCeXZ5MUtHTW5BRldvbGFGeU1PVGd1bG1kUzFoUG1ud9IBngFBVV95cUxPRWlNS3RMWmZ6b2d6eXZzSkpxTXpScFFzdWZZQ0ttTGxIbHZZdjJWN0ZURXQwdC15dUs3blBrTkhTRlVSM0VnbHlDNEg2cGZtYkJJRG16dVJxOUxRZTd4SlZ3aWhIakJzU2Y0eTlucWRXR0RfcWJMeWtJTEdqby16cmNpQmV4SWNzU1Fyd3lMa19Ja2VzWHJSTXlCVVZLUQ?oc=5,Dynamite News,"Mon, 29 Apr 2024 07:00:00 GMT",2026-06-14T20:37:11.883041,data_breach,True,False,candidate,https://www.dynamitenews.com/story/security-forces-recover-large-cache-of-weapons-in-nagaland
data leak Nagaland,"Nagaland Lottery result, 26.11.2025: Check Dear lottery 1 PM, 6 PM & 8 PM winning numbers & prizes today - Indiatimes",https://news.google.com/rss/articles/CBMi8gFBVV95cUxPU2xndGZFdThSV0x2UWM4X1JYMXQxcjh0c0VtUDcyeHd6ejdXSG80NEU3YWZfWGIyWGhUeTBNTFZ5dTBaTnhLODJ5NGp2aWdRMlpiRVV0eF8wdnBTN3ZMTjRYSFd6WUVkMFUyM2dteWRPa3ExNVZURW8zTXRoMzNIZFpCNmpLYXZfMVA3TjZuMUNnZTdtWllfWFZYb0M1U01qVXdsMjNtZFFBYXN1enIxWHpkbTQtUWpoNjVaLTFyU0hfYkx5cm9BdFdaVXRuUmhHN1poY2RraHlZaFoxdmZRVnlJbDMyMWdSS2ZibVExSVhvQdIB9wFBVV95cUxOOXc2OWx0d1h1SjZ2RXZPcjBJb09lNF9nVUFVdjljWXlGTVcyeGNxdElqbzBzX2hKZkJvY1ZqSUoxcEN6QVJaSHBTVlB3ejljZzEyNTBCdDB6V2FqNWpaZ1ZwcmxsV1dtTDJ6MG55eDVjMnEyS2tXcW84d24yd2VKbVJjUFY3T2ZuOUZ2U1dOTURaWExBdlFvY0xZbzY0anZSVnM0bG11NVhXendRd2l4OG1pT0c4d0ZtbzZiZUgxSHRNQks1RGhsTTVpZFdTelZvZzdINUc3aDNwX2htaWtwc2RKaDMxdC15dVBlR3pDN0tNZ0g0dkNj?oc=5,Indiatimes,"Wed, 26 Nov 2025 08:00:00 GMT",2026-06-14T20:37:11.883053,data_breach,True,False,candidate,https://www.indiatimes.com/trending/nagaland-lottery-result-26-11-2025-check-dear-lottery-1-pm-6-pm-8-pm-winning-numbers-prizes-today/articleshow/125566655.html
data theft Nagaland,Crime stats reveal mixed trends in Dimapur - Nagaland Post,https://news.google.com/rss/articles/CBMid0FVX3lxTE9rZWlXMjNNQl9xOGhkYzhWcjhPejQzSy1kUEtxczJzUnMwdUhKa0lCOVZFSkwtMmdDcnlMcmw1VWlUSzRTNkRGRll1OGsxQWNTVlE5amJYd0F4cFpDNndyWGRKeDZ6clR2d2hnZllVR2dfcHlLNGtz?oc=5,Nagaland Post,"Mon, 13 Oct 2025 07:00:00 GMT",2026-06-14T20:37:13.941801,data_breach,True,False,candidate,https://nagalandpost.com/crime-stats-reveal-mixed-trends-in-dimapur/
data theft Nagaland,ePolice Nagaland: Dimapur police gets its own official app - MorungExpress,https://news.google.com/rss/articles/CBMiiwFBVV95cUxQUWRBQlg2Vzk2ZXNzellJVjBZb1h5NFBMTVozVVBWVGZvWjNmQTdncnotZUk2c1pISm9WWEE1bmhWQWJQNWhEeGNyQUlqOUwtVXhkUXRoWC1rbEpZRGNNTE5Sb25jbVhlLVZPSkFSeFZubXIwUUhvWUJhWXdwQ0Z2OUZVXzVnR2hYOVhv?oc=5,MorungExpress,"Tue, 07 Feb 2023 15:24:18 GMT",2026-06-14T20:37:13.941898,data_breach,True,False,candidate,https://morungexpress.com/epolice-nagaland-dimapur-police-gets-its-own-official-app
data theft Nagaland,Nagaland was 'corruption-free' in 2018: NCRB data - MorungExpress,https://news.google.com/rss/articles/CBMieEFVX3lxTE14bzhLSTdXekppY0dyZ1ZPN2tIWjJGRFRPLWhPTDYyQ1FaRk9Nb3VyYWl6Ui1Jb0IxcEtmVTRIdlRzQlRFYUpROXAta2JfS081MkF2d1ZiUzVlcTRuTDZMN1pORVZmM3ZoVEp6TmVqNTRPMHI5RDctVg?oc=5,MorungExpress,"Sun, 12 Jan 2020 01:28:37 GMT",2026-06-14T20:37:13.941933,data_breach,True,False,candidate,https://morungexpress.com/nagaland-was-corruption-free-2018-ncrb-data
data theft Nagaland,Nagaland records 28% rise in total crimes from 2021 to 2023: NCRB - The Assam Tribune,https://news.google.com/rss/articles/CBMiqwFBVV95cUxNekg0U3BlU1BOZHdsSURoS0JGNmJBblVLTmM5aFlvcE0wVDdQck1zcGVBWWdwLTQ4d3FaamZ2YkRZc3ZGb0ZHQVYyQmtGX1h5ck94YnZXSTBhMmhhclZsSGZRMVZ4NV8tRkdOWG95OTBLNEtxT21XUFpOR2Z2ZkNyUUVnSzZJUHhWLVVheGdLUkR6c3NyckJpTEZUX2JLNllvalk0LUNqQnNtejDSAbABQVVfeXFMTWoyZlNBakZoY0hjT3BhZ0QyVnFoNzMtUmpncjZTaHlJLVp6ZWFHWE50VDZadXNFRzhzalRNQ3lsdjZvTGV2ZHp2Z2l2ckdKRFRQVElicXl5Mnk5NXN1ZFRodVBzcDV1NG8yZkdQNm9OcGpWcHNOR1FGU3NlQ1lfQnEwQkpzVW11ckdUVXM0QWZLYm50YnRoUldKRzBDVlBrVUJLTmJZV01qcV81bVYwOWY?oc=5,The Assam Tribune,"Wed, 01 Oct 2025 07:00:00 GMT",2026-06-14T20:37:13.941987,data_breach,True,False,candidate,https://assamtribune.com/north-east/nagaland-records-28-rise-in-total-crimes-from-2021-to-2023-ncrb-1593194
data theft Nagaland,‘Women are safest in Nagaland’ - The Hindu,https://news.google.com/rss/articles/CBMilwFBVV95cUxQZnR4YVZqa280WWVoVjMzZHZpYVRpc25GX3hEYkh1WTlVbUVadEdBcHlmMW9sNERROTY0bUZFQk9RSmF6NjFzTk1rRi0zUlUyTTFnZGpDbGFvWWJDTjc1ekhHOU9TNmNtUDE1ZC1oWWxZMWkwSmtvakltTlpCWlBPcGthWFNyTlFuZm9oRU1vV3BOMDFtQlUw0gGeAUFVX3lxTFBPWkhJTi1pcFNxNzJpYmxrTU9WajhzVWh5cDJSRmtoaHlkTDAtbFRiNlVJUm9aMEhhVFlUSGRtMkdMamlNNU5jZ2dhdG5EenYwY0ZnR0NWZXdiekh6ei1OVU5ZSjluYmxlbG1tYzZsbWZiOVJqd3ZqcVFQczlwbU9SQmQyMjNlV0hzNFdEX0N4bk1jbHEwbEZGNWxySTJR?oc=5,The Hindu,"Sat, 22 Aug 2015 07:00:00 GMT",2026-06-14T20:37:13.942000,data_breach,True,False,candidate,https://www.thehindu.com/news/cities/kolkata/women-are-safest-in-nagaland/article7567481.ece
data theft Nagaland,Crime rate in Dimapur decreases in last 6 months: Police - The News Mill,https://news.google.com/rss/articles/CBMikgFBVV95cUxOSEpuSWM3b1RCWnYtalBXb2ZyRTY3cnpnVTMxaEJITWZzMVpTblpZUVBTNFJMLW5VWUd0RVFmaDVYN0lFUzdfWGpGSXZKd285amRyT0xLNTFpY2cxalNlN0MwWUduU1lrQVhMZTFJWDlveE8tN1ZyQWRUY1p0M0phQ1paeE5uc3FsbDJWWEZYQTFBdw?oc=5,The News Mill,"Sun, 14 Jun 2026 01:37:12 GMT",2026-06-14T20:37:13.942016,data_breach,True,False,candidate,https://thenewsmill.com/2022/06/crime-rate-in-dimapur-decreases-in-last-6-months-police/
data theft Nagaland,Scientists discover new parasitic plant in Nagaland - The Hindu,https://news.google.com/rss/articles/CBMiswFBVV95cUxOaUl2Qk9DalJrb0Y4ckxOb1Q2ck9kSloxZG1JVUpuNndpSkN5WXRvRTdrYUY3NHZIaEJaQ2pLWGJESVdvZXlWc0tVQk1tQ3JNc3VQaTVrcnNqVXljeEpSbWdiZzEwQ2czclBWdWk5aUtGMDY1OWx5SXpaSm9OeVc5LXNhTHhCOG81UG1KbFUzbUFqQXZ3S0pxLTRweDdJcTg1MG9UUlJPMldBd2YwVjdrcEdmRdIBugFBVV95cUxPWFp6SHZFTWpnSVhXTmxNYzhDc3AwTkdVeGFDT3BNTWlrc2VVSjhQekRrRVN2eFh6bUNmZ05sbHZIc0tzTG1DeDNFN0thUERDRzN0R0owUmNRdGQzY2w3SDU2TURpd2U3SXpFTGl2cS1ZNHBfMzlnS0FhQy1ZT3FUcDVZck5pOU9TZlc3RnkxN1hENlhNUWdPbEZ2VWhsb21pU2hpTTdmUFpUWVpnSGNlNlF3XzdjY0dFMnc?oc=5,The Hindu,"Sat, 18 Nov 2017 08:00:00 GMT",2026-06-14T20:37:13.942052,data_breach,True,False,candidate,https://www.thehindu.com/sci-tech/science/scientists-discover-new-parasitic-plant-in-nagaland/article20551737.ece
data theft Nagaland,AI poised at threshold of ‘Terminator’ moment - Nagaland Post,https://news.google.com/rss/articles/CBMieEFVX3lxTE5zaDVtSS00OEtac0pqR2NONE5yR3I0T3NXVDlfdDJPNkkxZlhUdEJTbmNsX2ltX01ubkIweXB5TnhJOENFOXlJbUpYUXV5UXhOUkRKNjVhQ09PdU5FaERvQzFOTXhzeHUyc19yREI2N1NERUdfa0VlNw?oc=5,Nagaland Post,"Mon, 08 Jun 2026 01:42:11 GMT",2026-06-14T20:37:13.942100,data_breach,True,False,candidate,https://nagalandpost.com/ai-poised-at-threshold-of-terminator-moment/
data stolen Nagaland,Piyush Goyal says India’s ‘Free Trade Deals’ cover nearly 70 pc of global GDP - Nagaland Post,https://news.google.com/rss/articles/CBMiogFBVV95cUxOZDE2cGR4QkYyR0l3OTEyUWtSY21oMTVnM0ZVODRjdUJJTVZCMVktWHNsdVFQNkFrQXQzUEtvUVJiUGpnUmhidVJ6NFVPRUhkczFtX3d5ajhHaERRN0FRakkzY29mRjFMOWF6X2djMTdWaXBqTFA5ZVJvblhaNGdiNlJSQXprWWJGcGIteVJIZlRCM1VHQThJLXdoVFdwN0k2M1E?oc=5,Nagaland Post,"Mon, 18 May 2026 07:00:00 GMT",2026-06-14T20:37:17.575328,data_breach,True,False,candidate,https://nagalandpost.com/piyush-goyal-says-indias-free-trade-deals-cover-nearly-70-pc-of-global-gdp/
data stolen Nagaland,State level workshop on ‘Using Administrative Data for Governance’ held at Kohima - Nagaland Tribune,https://news.google.com/rss/articles/CBMiqwFBVV95cUxPdjBMM2h5dFZJMFpHWUhIMGhtdkJiNUllTXpEZHJEYm4tZVR3cXRDM1FvbE9QcFdPWVM4OUVPcENTN2s4Q2NKblE3MXBjaWhCVWdHMk5wRm5KX0ZoWE00N0JkRTdIRGp6ZlhaQURWYWNOQjJNNE5LelV2c0lZVDJKRW5fNHBPMkxuR3RPdDY2bVF0SWhLWFZLMEhWVm5QSEk2U056alYwZnVGcG8?oc=5,Nagaland Tribune,"Wed, 25 Mar 2026 07:00:00 GMT",2026-06-14T20:37:17.575355,data_breach,True,False,candidate,https://nagalandtribune.in/state-level-workshop-on-using-administrative-data-for-governance-held-at-kohima/
data stolen Nagaland,S Supongmeren Jamir visits Nagaland branch of BSNL in Dimapur - The Frontier Manipur,https://news.google.com/rss/articles/CBMimAFBVV95cUxNUWZNU1EzeFVvOEJTWWRLWHNaOHdfOVY0M2pidERWamZNbEVYQjY3SWJvSzdwN2J2bzh1Z3VjSUV3Z0R6M3B0ZFYwQnloSk5wdXNWMWVNR1JDZ0lnRmhvaUFHNEw2dFFhdlBYMlY0cmxyUHQwVExoeFVQQ29RQm1sb1ZPbVdWWXVJWDZibDM2YnRWelhRU2VCZA?oc=5,The Frontier Manipur,"Wed, 23 Oct 2024 07:00:00 GMT",2026-06-14T20:37:17.575398,data_breach,True,False,candidate,https://thefrontiermanipur.com/s-supongmeren-jamir-visits-nagaland-branch-of-bsnl-in-dimapur/
data stolen Nagaland,On Oil and Natural Gas in Nagaland and Its Impact - Eastern Mirror,https://news.google.com/rss/articles/CBMikAFBVV95cUxOcllBbHB3b0RuU0FzV2pOcFFNTmxoRDBaMEY5X2k2bXpKTXVXTmRZRVNKV0dzZUtoUUZ0cDNXTkdtNks2TllZcUNNSU9XZHRaYkNBV3A3SGNReko4VXRvVWZnb2lzeGwtTlNHMVlWSzd0bFZHbUlTU3RaTkNNeEJ4WlB6TmtkRkxaa1cwdldOUlc?oc=5,Eastern Mirror,"Sat, 19 Apr 2025 07:00:00 GMT",2026-06-14T20:37:17.575410,data_breach,True,False,candidate,https://www.easternmirrornagaland.com/on-oil-and-natural-gas-in-nagaland-and-its-impact
data stolen Nagaland,"Nagaland, Tripura top in reducing infant mortality among small states - The Indian Express",https://news.google.com/rss/articles/CBMi1gFBVV95cUxNaHJCTjNhdVRBYkZUcUR4XzkxM3NTZGtJbGtxQ3FvbmtLLXlETlRmSjdxdG1jRGdiZWhxbDBpMHZXUDhRbHRmQUhnbDZwTGRpX3loSF95ckxhVnZuYldjRjhBdlRvdUk3Z18xZU9QVGFLdHNyZ2RweWVRTGd5eUFXWmdteGdvbW02WUZXOGJuRENnTmhpRER1cEc5NmE4a0RGSVNaeTdDcWFzSndSY2ZkT3dWUExsdzV6ajdLRmZxMTRKLW1PTXo1LW1LQ2kwbjJyclNWaGt30gHWAUFVX3lxTE1ockJOM2F1VEFiRlRxRHhfOTEzc1Nka0lsa3FDcW9ua0steUROVGZKN3F0bWNEZ2JlaHFsMGkwdldQOFFsdGZBSGdsNnBMZGlfeWhIX3lyTGFWdm5iV2NGOEF2VG91STdnXzFlT1BUYUt0c3JnZHB5ZVFMZ3l5QVdaZ214Z29tbTZZRlc4Ym5EQ2dOaGlERHVwRzk2YThrREZJU1p5N0NxYXNKd1JjZmRPd1ZQTGx3NXpqN0tGZnExNEotbU9NejUtbUtDaTBuMnJyU1Zoa3c?oc=5,The Indian Express,"Thu, 08 Sep 2016 07:00:00 GMT",2026-06-14T20:37:17.575496,data_breach,True,False,candidate,https://indianexpress.com/article/india/india-news-india/nagaland-tripura-top-in-reducing-infant-mortality-among-small-states-3020286/lite/
data stolen Nagaland,"Nagaland Lottery result, 1.12.2025: Check Dear lottery 1 PM, 6 PM & 8 PM winning numbers & prizes today - Indiatimes",https://news.google.com/rss/articles/CBMi8AFBVV95cUxPTjB3M1ZDa1JuRFdqR0JybEFQNjlsVmhkQVlRcDhMUkR2T0dKTlp5X1NGeF9WeDVyT0J6eFBNV0NyRnUweFZaMDdfakNVc1YyMm15SFpOcVREWDVyZF9ibk5Qb01QQXJubkcxenBtNExiTkhlUUJqaVJlVmk5WGlZXy1wUm5NVFl1cGs1LXBwSzlOc2hmUFZrVVp0Mm9BbG1Fanc2bWNNQV9WVy1sZFhGUFV2a2JfQ01lTzg4YmVFeHFRYnRtMmVQSU56SzE2YmdKclJDSVFzZFl0TUk4OHREdVBBZVhoOXBKanU3TkNRTHTSAfYBQVVfeXFMTWhSNm1ZcmFNVEwyYVRJOEg4V0FSMzZfVk96Szk3ZHFPY3czVHUyY0hhaVlzb0dGd3NYTHVQeTN3N0VlNm5VdjB4TVZscXppN3NhMFJqRDViUnMxaXJvQjNYd09ycnRTVER4ZEhEcWdvR3NCbnY3ZTVKcVVsTkRHVGxiWDE1SjBUUXZEX2NyNTlxRzZxUmROeU9qU2x1M2pfSGJoNkkyUUdtczY4RDBKN3RFOHZTTXZGSV94TVhYSUNKTTVzalJ3RHZ6RUVfSkJGam9LNGM5MTFLZDNBRUNRTS1yOTBVZUVrQllXNWJVaG50bFhtclV3?oc=5,Indiatimes,"Mon, 01 Dec 2025 08:00:00 GMT",2026-06-14T20:37:17.575578,data_breach,True,False,candidate,https://www.indiatimes.com/trending/nagaland-lottery-result-1-12-2025-check-dear-lottery-1-pm-6-pm-8-pm-winning-numbers-prizes-today/articleshow/125693169.html
data stolen Nagaland,"Nagaland Students Robbed At Punes Baner Hill: 4 Teens, Including 2 Minors, Arrested; ₹1.21 Lakh Worth Items - Free Press Journal",https://news.google.com/rss/articles/CBMi4gFBVV95cUxOWWZKSXZfVEJUSExWMk9LNk52U0hEWG1nRVJoRHpfRkpBQW5iU2wzcmpqM1Yzd3lrak1XSEtRa2pwVXhPUUJOdjJfOXo0ZDV5b1AzUHlMMlgxMFlacURNRUcwNVdvYzlLNWlnSnR4Z1FvVFVvbDZlbmJHZnI1X1B5VUZRLTNIdzRiZEpYd1FLZGJqXzlsc2hfNlZYTF9VWTRQd29lV212ZVpjVnFFQ0NMYlU0QmFEdTBaNWZQS1FUX0VBblN0eURNMzBCb0RGaFFsY0lrUTNLQVh6NmJhWkdYeDhR0gHnAUFVX3lxTE43R2llWHVsalBPdTJqd1FORHVZYlR0NkZ4NHp3TVhmZUJ5NFA3cm41bF9DNXFHd1QwT1pkbG5EYUJ4SkJBNFpJdTZ3ZnRCZkZPSEpiZU9kUF9zTFk4VDc5SWI5RDFNV2I2aFl2aXF3S1hvNjh6QUNtZFhnY3BmQzIya2lOUU44NjZ4elh1UVlNMS0wUy1zMzRXWjl5YlJpcDFVNHlYdkJYcGpmcWVuTTVUc0JfVFd6NC16V0NVU0lwQUxGNXFjVkY0c09vUlhiUlUxSHBFelBOSTYyODlvTWhSWlEtQ0NHNA?oc=5,Free Press Journal,"Mon, 07 Oct 2024 07:00:00 GMT",2026-06-14T20:37:17.575590,data_breach,True,False,candidate,https://www.freepressjournal.in/pune/nagaland-students-robbed-at-punes-baner-hill-4-teens-including-2-minors-arrested-121-lakh-worth-items-recovered
data stolen Nagaland,"Nagaland Lottery result, August 2, 2025: Check Dear lottery 1 PM, 6 PM & 8 PM winning numbers & prizes today - Indiatimes",https://news.google.com/rss/articles/CBMi8wFBVV95cUxNTU5XMVlRRTZtU3MydTAxVEdPREFqZ0ZEMll4a1RkTEQwSGhRMGNNV3JlS252cDZ3SVpTRUI1RFlxUldHTmp3VTFKOWJsdHdEcVgwQ3BOVm9CMWJBc0tzVHB6cUVuWnVVX0lKbC1Pb3FBcVByVzNtRTVPZHNIRjY3QWpaT1IzNkMyVEtCcTMwZjBtSVRuVlkwemwtRDhOSFduZHktMUo4VVYxRXljTl9jTHRqZnZDd2FwQnY1V0lWckFCNldYUERkQ042XzBROVMtRWhibzJRM2pOSTVhS0pOei01SVVjb1BneVh2Y2o2SGZ1b3PSAfgBQVVfeXFMT2Fod3F1SHpEYm1ETVhlQmY1X0NndnMxY1JBVnlzN0VURmtTQVVlRFlBcHoxWFVkLUNXbldvWjIwSndfREhBZy1rc2V5MHBnRU5NLWNPbzk4V2dteXJmTlBhNzVvazZaNGlhdWdkVXRmNno0MEUzUklGSXd6cW5lWUtEb3hoWVVKOFNxV09XMDRMeHVRNkFwQmo1V1hObUhyZHlpbFZKTXI3V0x0SkV0QlNSUExnUnNoM1BEcW9TQWpOVkxYRXRhLTd0TG55Z0pfb2VrcjZQUVptM25PZ0xqRW5QaWVfd3ltUGY3OE1qYWxiRjRQMi02dHk?oc=5,Indiatimes,"Sat, 02 Aug 2025 07:00:00 GMT",2026-06-14T20:37:17.575602,data_breach,True,False,candidate,https://www.indiatimes.com/events/nagaland-lottery-result-august-2-2025-check-dear-lottery-1-pm-6-pm-8-pm-winning-numbers-prizes-today/articleshow/123056234.html
personal data leak Nagaland,"Seven new laws, including Delhi services legislation, receive Presidential assent - Nagaland Tribune",https://news.google.com/rss/articles/CBMiqwFBVV95cUxNcWttX3Ntclkzb1FiTFhBWTJudkZRTzRMQUlkUGprcnlfQ3RtSDFQbW1UaTZNX2hWbHF6ZEtGZ2pTQWhhQzBuTVV4ZlQ4UzBjU0V5eDhYQTNRN1REM3Y4R3cyQ05rTG0xd1hjNzczUW1xN05LQW1hVlE5cnF2VzRoRWxnbl9XenQ3Tm40NWxBcmxqVERhd1FRb25MeDNwcGlwUDNmOXZFaFpYcG8?oc=5,Nagaland Tribune,"Sun, 13 Aug 2023 07:00:00 GMT",2026-06-14T20:37:19.819886,data_breach,True,False,candidate,https://nagalandtribune.in/seven-new-laws-including-delhi-services-legislation-receive-presidential-assent/
database hack Nagaland,CBSE denies OSM portal hacking claim - Nagaland Post,https://news.google.com/rss/articles/CBMib0FVX3lxTE9EeHhwU1M5amFlX0ZMVGhzNzQzRDY5ZnJSWEN1UzhSeFk1TlRrVVc3enlUTVA4TFI3TE1xSk8tMlY4UjFadDBlMjZfbTU0X3ppRXJzUjhVN3ExUGdsLXBUT3hoT3dmR1BOVWJZaGRPTQ?oc=5,Nagaland Post,"Wed, 27 May 2026 07:00:00 GMT",2026-06-14T20:37:22.091263,data_breach,True,False,candidate,https://nagalandpost.com/cbse-denies-osm-portal-hacking-claim/
data exposure Nagaland,Nagaland moves closer to India’s first Kiwifruit Centre of Excellence - Nagaland Tribune,https://news.google.com/rss/articles/CBMinAFBVV95cUxOUWVLRjdsZTZtN2k3RlY4anh0Y0RLZnNtdlYwbUViZEZQNWlYSDRybnVWQlVleDRUbnlzRU1wYmFZODBmc1I3U09ocTVubW1uZmF2dHJoLW1XNUljaFkyc2dxclgzdk1Fd0E5ZElpTHdFeVNuSTZCR0F5aWNSekxoTGxBdFA1NjBjb0htWW83X25wbXlZMXhCX1E4dEI?oc=5,Nagaland Tribune,"Mon, 01 Jun 2026 07:00:00 GMT",2026-06-14T20:37:24.410492,data_breach,True,False,candidate,https://nagalandtribune.in/nagaland-moves-closer-to-indias-first-kiwifruit-centre-of-excellence/
data exposure Nagaland,Nagaland eyes 'Kiwi State' status with landmark Pfutsero project - Eastern Mirror,https://news.google.com/rss/articles/CBMiogFBVV95cUxNVmpGX2hCQ1FfX09qU29pejI1VVJSNVJUT0Z3X0cyMnowSDhyVFlRYUdTSElhbDNHZnFTb3o0UlFoQ1dNNDVodVczTDZDSEJmdDhJQ09XcnFOT3BaZVEwSWdjWVRWbVN4a29uam94bXQ1QUlqTURXQXF0YjBPajhOUkZkVFh4eFphWDVGT0xfRkdaMDJYWUJaaGF3WnBDYnI1WHc?oc=5,Eastern Mirror,"Mon, 01 Jun 2026 16:58:11 GMT",2026-06-14T20:37:24.410529,data_breach,True,False,candidate,https://www.easternmirrornagaland.com/nagaland-eyes-kiwi-state-status-with-landmark-pfutsero-project
data exposure Nagaland,ELIONA to strengthen disaster preparedness in Nagaland - MorungExpress,https://news.google.com/rss/articles/CBMihwFBVV95cUxOT083X0hraDNVa1NSVHdhMUlra2tFNmszdlFPRXhHcmtNT3lTZ0FZUlpfd2JjSEFZUmVBa0g4cWtvVWo5cnhvcGNSS2lsTzFvRERwTWphR0NOd1RvbkNvWXYyVGVzV3VNc2xpSjZjM3A2XzAyNVlnQkFaNE9remRqUjlJUzJvVjg?oc=5,MorungExpress,"Thu, 21 May 2026 07:00:00 GMT",2026-06-14T20:37:24.410538,data_breach,True,False,candidate,https://morungexpress.com/eliona-to-strengthen-disaster-preparedness-in-nagaland
data exposure Nagaland,"Nagaland launches AI-powered supercomputer for climate, disaster intelligence - The Assam Tribune",https://news.google.com/rss/articles/CBMivAFBVV95cUxPdUxhSVZKa3N4R1UzWF9ZVGlQa003RE9mc3NBbVBCekxNQ3AwYWtuMVF0VFc5RDF3MFhqZGJ0QTB0TlR1eGdPMFlIemFpYjQ1cHd4U2NJR3F5QnF0aUxaZXlzLU00MllVMWtfWTVybVFyakdVazdmcllFWVJoRXFOZTBrNWJfMjN3dnVmZUNmaWNGMUlQVkxmMmd4dTdCWFZ6b29xeGZKN1VIU091SFFmdnd2b2FKZjBlLU9HWtIBwgFBVV95cUxNai13R1FyUHZkTjRZemkwRmtxUkRiQVlZWkRnSU5sTjRSaFlWMTRIVW5sTU9rdVZIREJvUW55LTY2VmNqckRtXzlWUTJCa21manVKUW1pN01UVkdwdHc4dlRTeWk1OG9kOWJBenY4aWJrVEQ0UEdTX1Y5RWN4VmpvR2w5cUZnN3UyTjU1UjRMZzlQZk5vMjZ4UUUxOS1kdDRzLUhFNjU3cDhPZEV4cVp1ZEszUFVDSDc2dnZOcWFUS2QxUQ?oc=5,The Assam Tribune,"Fri, 22 May 2026 08:03:42 GMT",2026-06-14T20:37:24.410548,data_breach,True,False,candidate,https://assamtribune.com/north-east/nagaland-launches-ai-powered-supercomputer-for-climate-disaster-intelligence-1611905
data exposure Nagaland,Google sued by Epstein survivors over alleged data exposure - Nagaland Post,https://news.google.com/rss/articles/CBMijgFBVV95cUxOa3U5Tkp0WHl2bDVOeEJfZnhTTDRvdEREbTNoU0IzQWVHTkVIbDFZalFhOGgzVTgtZk9zYTBoSEZQcWdwRFE2LTVvX2piOFgzRzlQSEQ5WGtaSHR4b0UtVzEtRnlmanUtcWlPX2NZZ21fdUtjeVA0TmxRUVphY05XXzdHbXQ3VnRfb19rMmJB?oc=5,Nagaland Post,"Sat, 28 Mar 2026 07:00:00 GMT",2026-06-14T20:37:24.410556,data_breach,True,False,candidate,https://nagalandpost.com/google-sued-by-epstein-survivors-over-alleged-data-exposure/
data exposure Nagaland,Nagaland unveils ELIONA for climate and disaster intelligenc - Eastern Mirror,https://news.google.com/rss/articles/CBMioAFBVV95cUxOTUpidTZtYWRrRTl1REM5VTVIZnBfVzhYNVVKNThIbkgyWGI5LWdUOEEwdXdDdjE4Q3RURE9TLXJSZU8xcEdPOWhzUHEtNVlJZldmOW4wN1lyWW1HQlF4NHRyWXA0RmVtSEdSQk03aVlHejNVaDhGb016NjV0aFhLVXhBWUdJSS1sV0JYNkV6LTRBT2RlWXRRS3A4Q1hscU92?oc=5,Eastern Mirror,"Thu, 21 May 2026 07:00:00 GMT",2026-06-14T20:37:24.410574,data_breach,True,False,candidate,https://www.easternmirrornagaland.com/nagaland-unveils-eliona-for-climate-and-disaster-intelligence
data exposure Nagaland,"Scientific Beekeeping training begins at SAS, Nagaland University - Nagaland Tribune",https://news.google.com/rss/articles/CBMilwFBVV95cUxPQm10VWhyMEpKMWwwWHdPWnBlUXRfYmRsNEhUSzJralVfMTJSWGJVUGhXeWcyN1JFbjQ1RzZlQk1xQmR6dk5qUU5TT082M2hESUJmbU5KNzNVSnhlbGhLUzlUUmlaaFAzS3RzZzd2ZnlpN29jTUthMmR1Z2g3MlJkUW1Cclp2Rzl5NkJxUGF6UUw1Q0lVdEJj?oc=5,Nagaland Tribune,"Tue, 10 Feb 2026 08:00:00 GMT",2026-06-14T20:37:24.410591,data_breach,True,False,candidate,https://nagalandtribune.in/scientific-beekeeping-training-begins-at-sas-nagaland-university/
data exposure Nagaland,Nagaland team participated in farmers’ exposure visit at ICAR–IIPR Kanpur - Nagaland Post,https://news.google.com/rss/articles/CBMinwFBVV95cUxPV3EyM2I2Qk5oNXdFUDVldnZLeklFTEdjVW1IS1YxTk1SZHhJS3pIVWdpQTBrUTFxMzhaTTY4WFF4bWdrQjIyS1p4cUI4bTM3aG5lR2JXVkg1YmsyUGJRY2NhODczLUNqNjZEcHlKLTJjUmtIVGdLd2xma2ttM3VZRUhRODFvYlpCcnJzeWhpLTlxeGpUYXpuRGh2dk9jZFE?oc=5,Nagaland Post,"Thu, 05 Mar 2026 08:00:00 GMT",2026-06-14T20:37:24.410630,data_breach,True,False,candidate,https://nagalandpost.com/nagaland-team-participated-in-farmers-exposure-visit-at-icar-iipr-kanpur/
data exposure Nagaland,IN THE DUMPS: CAG Indicts Nagaland's Urban Waste System - MorungExpress,https://news.google.com/rss/articles/CBMihgFBVV95cUxPdFhSZTN5UVlORXA2aE52djE2cVdMYUtsejl5N2FZcGFINk9TNUdiZl9kSmFfSzJnT3c3ZXVyN2duNERjdzVDMGhiZVp2VTNyVEJxZ2ZxSTlXLVA5N2F2ejR2WWtfU2tWWkh1cDdZTzJhRHRucE93NWttS3VYWEZBcTFPajdYdw?oc=5,MorungExpress,"Mon, 30 Mar 2026 17:45:46 GMT",2026-06-14T20:37:24.410656,data_breach,True,False,candidate,https://morungexpress.com/in-the-dumps-cag-indicts-nagalands-urban-waste-system
data exposure Nagaland,Nagaland Police signs MoU with NIT Nagaland to develop management information system - Nagaland Post,https://news.google.com/rss/articles/CBMirwFBVV95cUxONDRZUW4tNVBTeWtESW1fZ2oxT2x2TUJSdF9tcWZzQUxyWDJneko4OHZLbFMwcnY4ZTJjRl9DTEhVNEkyZ3NjQ0VpQUk1akF4QnBhX2I5MzMtZi02aEJKbG1xT1RuOGk0c2FXOHotRFZId2pOVHBVZkxkOFNNZzBYVmJqeEpLWTFHUVhoeVVUVFZtUjd0MEdEN1FMN3BQQWRTUWFwQWhzZjh1djRRdXhr?oc=5,Nagaland Post,"Sat, 11 Oct 2025 07:00:00 GMT",2026-06-14T20:37:24.410665,data_breach,True,False,candidate,https://nagalandpost.com/nagaland-police-signs-mou-with-nit-nagaland-to-develop-management-information-system/
data exposure Nagaland,Nagaland Tourism must go beyond December crowd - MorungExpress,https://news.google.com/rss/articles/CBMiggFBVV95cUxPQnYxc1MtZUdMRTBadjlQQy1iLTFVUmtMZ0liM1J4aDN0M3dyb0FlODlIMl83aTZ1b2lYQlBWZkM1eWktaWRLeXd2QWNORjgtSmszNXlsd2hkRUNONlRuQVYySVVvX2F4T3B4MW1MaGFwXzZBUDNlMzQ3YXpweTdhWG9B?oc=5,MorungExpress,"Mon, 29 Sep 2025 07:00:00 GMT",2026-06-14T20:37:24.410673,data_breach,True,False,candidate,https://www.morungexpress.com/nagaland-tourism-must-go-beyond-december-crowd
data exposure Nagaland,Nagaland: ATMA Kobulong conducts piggery training for women - Eastern Mirror,https://news.google.com/rss/articles/CBMinAFBVV95cUxNU3VzaVRsdHM3bXNGSGlfQ3dka1JlU0NHWVQtOE1nUGJiNUN3QlJkY3JvSU5ma3dqT01kbFpBeXUyQ1Z5bTByZVBaTlROTjg5VFE1X0VDVE14OU1yUUFnNXR1M29tYm1femtaeWRLN0QxTkZaOFZIWW9sdzlVNGpZbXlaY1FGb0NrR1E4cmNGM3QtNGJIZ2l4aXItcDY?oc=5,Eastern Mirror,"Tue, 17 Feb 2026 08:00:00 GMT",2026-06-14T20:37:24.410682,data_breach,True,False,candidate,https://www.easternmirrornagaland.com/nagaland-atma-kobulong-conducts-piggery-training-for-women
data exposure Nagaland,"Kohima: GIS & Drone Technology Exposure Programme held at GMS, Chüziema - Nagaland Tribune",https://news.google.com/rss/articles/CBMimwFBVV95cUxPUG1qcGFzSHVVOUxtUWN2RkN3b21HSmZEYmU0YWpYTXEwZngzTXE2TENDUEFCX1N1SFFnWm80eFFBNVZVenJWU05DenJrc1dvY2VSS21aekplU0s0bUlLQnkzM09jTERqTjFYOHIzMkxSWDNBb2ZUZWoydzlUcXp1cm8zbDh0WGZGTUlibDdjQU9zdTJnX2d6V0hsWQ?oc=5,Nagaland Tribune,"Tue, 23 May 2023 07:00:00 GMT",2026-06-14T20:37:24.410690,data_breach,True,False,candidate,https://nagalandtribune.in/kohima-gis-drone-technology-exposure-programme-held-at-gms-chuziema/
data exposure Nagaland,"Scrub typhus cases in Nagaland show seasonal rise, with improving response and lower fatalities - Eastern Mirror",https://news.google.com/rss/articles/CBMizAFBVV95cUxONWNYWFJhakVZZ18zN1pOdXQ1amxOb0RCSHFnWjk4RGxYcG50ZURkSXhsUDFnSXlwNkVhX1dKelduSFEwT2pScFRibTFGQTVaTnM1X1BtN09jVDdEc0Qwc0I4TlZlSTl6Zk9TbVA3RHZvUmRieTZ3UlVPaWVsQk5GTmNjQmpCU1UtSHVabXZjRTF3NWthRVdjRnVOLWdmLTFtMXFqU29VYzV5VVllT0hadENTQlFRRmQtNUZMZlFlTW9FMHVOc0tvSGZ6MmE?oc=5,Eastern Mirror,"Sun, 03 Aug 2025 07:00:00 GMT",2026-06-14T20:37:24.410698,data_breach,True,False,candidate,https://www.easternmirrornagaland.com/scrub-typhus-cases-in-nagaland-show-seasonal-rise-with-improving-response-and-lower-fatalities
data exposure Nagaland,Samagra Shiksha organises exposure trip for students from Nagaland to IIT Guwahati - Nagaland Tribune,https://news.google.com/rss/articles/CBMirwFBVV95cUxQSU00OGZ0WGFNZDdOOV9OdVdmYkZtZXE1aXY2S01SSVdtTWR2bXJwSjRwVFZwZWxuaDZkczVDanllcHJiT1BERmZJbnMxaTRZSDFMdFBBYzhMcGlnWE9XeDVqYkUzX1NrTXZfU0h1RzVtaENZUDhULTc2NnhkV2R2OHVqa1VOTXFfa3JqZlBLdXNjd1AxSmJqZ2lhNTJEdTZmTm03RXV4ZWZLN3VfNGRJ?oc=5,Nagaland Tribune,"Thu, 19 Dec 2024 08:00:00 GMT",2026-06-14T20:37:24.410706,data_breach,True,False,candidate,https://nagalandtribune.in/samagra-shiksha-organises-exposure-trip-for-students-from-nagaland-to-iit-guwahati/
data exposure Nagaland,India's Nagaland works with New Zealand on kiwifruit centre project - FreshPlaza,https://news.google.com/rss/articles/CBMitwFBVV95cUxPUmhRVGpFV3dpU2kxaGpXOXJLcU80VXZmTDJLYlUxLXVEdU50aUlWeVVPQ3V3c1ROdlkyOFFOSGtyRGx6TDB2M2dTcGZ2dG5ERlgzcUdnMzlZX19OcjAzMzhfZGZ6RnRzbTNjN1AtTGl3b0NPNTE4Vk54M1J5eU9ETFBGS0F6ZDJsMHVqUVNpRm1TajNIUUZYWFJheXdaZjIwVFBhVmRPcExFSmtXa1BBOEw0MFN1RVE?oc=5,FreshPlaza,"Wed, 03 Jun 2026 07:00:00 GMT",2026-06-14T20:37:24.410714,data_breach,True,False,candidate,https://www.freshplaza.com/asia/article/9843029/india-s-nagaland-works-with-new-zealand-on-kiwifruit-centre-project/
data exposure Nagaland,FSSAI launches project to address microplastic contamination in food - Nagaland Tribune,https://news.google.com/rss/articles/CBMinAFBVV95cUxOMURFakI4VG1UX1ozblJBYVZDcHo2czhsQnRTaGlqbEtmaDA2TVF1ZHlpNXpVTkt6a0hnaGR3QVNiTDRxQ0RBY211azliSmNDcFEycVA4ZmpyM2tMR3R2cVdkVE1mTFFvcUdrb1U5Z1pnWnZudnMtSnNUZEhkX2Z0Qk9xV19iaW8wWTlVX3lrLVNhTkJ1bGtZdGotR0g?oc=5,Nagaland Tribune,"Mon, 19 Aug 2024 07:00:00 GMT",2026-06-14T20:37:24.410723,data_breach,True,False,candidate,https://nagalandtribune.in/fssai-launches-project-to-address-microplastic-contamination-in-food/
data exposure Nagaland,Experts warn of rising cancer cases in Nagaland due to tobacco use - Nagaland Tribune,https://news.google.com/rss/articles/CBMimgFBVV95cUxNRWhsalBXWnZ4RXprbTQ2NnRNNDJJaVN3YTJnTUIzMGptcV9Ud0lrZ3dUSC01TUNnb3ZxQ1poSE1JemZ1YjR2OUZNekE2R1kxdXdLUm5acWN6ZXN2eGFzeHN5MFBsb18yeE5MRGItNWw5dGRaVFVzSkpnaUZ3LXZNNTk0UXlfTTI3TndoMmRES2dsMzQyVlpzWDd3?oc=5,Nagaland Tribune,"Sat, 31 May 2025 07:00:00 GMT",2026-06-14T20:37:24.410730,data_breach,True,False,candidate,https://nagalandtribune.in/experts-warn-of-rising-cancer-cases-in-nagaland-due-to-tobacco-use/
data exposure Nagaland,Nagaland: SHGs to take financial literacy training to grassroots - MorungExpress,https://news.google.com/rss/articles/CBMikwFBVV95cUxQNmhwYTludEc5dEt6dzVic2EzaWx6UlNFenR1QjJvYXc0RHJSVnZUbHR5X2ZEaFptOFJINVBXUmJGYkluMWJES3NsZ2lUSmlYZnRMT2VscVVVMVd5aWxoU1BuM0tHX3dwSnpndmRnRV9Hc1plUnFHUUtTVXM4Tm9aVHVzTEdFeS1ZeGVoWVNiYzJCeFE?oc=5,MorungExpress,"Thu, 27 Jun 2024 16:35:47 GMT",2026-06-14T20:37:24.410758,data_breach,True,False,candidate,https://morungexpress.com/nagaland-shgs-to-take-financial-literacy-training-to-grassroots
data exposure Nagaland,Geospatial Exposure trip of Northfield school to Nagaland GIS & Remote Sensing Centre - Nagaland Tribune,https://news.google.com/rss/articles/CBMisAFBVV95cUxQSk4yWldxZzNFREItbFJQWUl5ZXFfMExselRQRzNzQXdzMlF4aUU1U0sxRmkzVXNSSlNvaHVndGZndkJhdTB6UFZaektKanVEdktTTjBMZkdWV2RTU0hyVzA3eTI1amVaZk1xa18xbjdDUk5pcFVxV2Q3eWtwUkM5NTg3MkdQLUxaaDhBZHA4ZlhuT0lIV0NxYUJnMmtCSTZheHlHRUF2QUhYelFGM0RCbw?oc=5,Nagaland Tribune,"Fri, 18 Nov 2022 08:00:00 GMT",2026-06-14T20:37:24.410766,data_breach,True,False,candidate,https://nagalandtribune.in/geospatial-exposure-trip-of-northfield-school-to-nagaland-gis-remote-sensing-centre/
data exposure Nagaland,Critically endangered Asian giant tortoises find new home in Nagaland - The Times of India,https://news.google.com/rss/articles/CBMi3gFBVV95cUxPZVM3cTdVdEh1S1dWd0oyTW9PZlpINTVhNWVWd1F3Rzd3MGh4M0hRZHNNMTZ2WGZsalBXMzN0ZXVVZHVTNTRyZHFNbUY1UDdqSjNxanNuQnRQOFVxLTBrYlFQdDNhQ1h0d3oxRVdQU1h1SHE1bENibmE5bTBuQlByMUNhQTRJZ3BfZ1Jvc2pvTTRES3R3cXJCM2RsdlJqNjVrSlVNRG0taThUTXJyYjBwWVYzN1dLeXo4S0NESDctWklrUXZNRlo5dGFDZlhIX09CVHM4WXh3Zi1LQzRhNnfSAeMBQVVfeXFMTjVvb2NnM0Z2dGtlWEZab1ppZ0VXLXlHaXRwZ3hROEFlSFU2cFNhQmhvZV8zdGxwdnJCcUtpNUd3TV92T0RiRTVwUnFlSDZsSnBoUTdjR1lxajNtdGNUUVgyZU4xdlFzcGtNWFJsWW96N203T3VPNUpGdkc2ejRzcFZkZG1WODYwMTNYVkQzZWVQR3B4VEJLNWxWbFVhTDNSTXc1TmVxV2tBeXE1c1ZpNzI2TDZfSGthVVVpNHNHZTk2RVczci1ISGV2VUJlX3lwS0Q3RXRJZTFjcnpKaklRVE5VcjA?oc=5,The Times of India,"Tue, 05 Aug 2025 07:00:00 GMT",2026-06-14T20:37:24.410790,data_breach,True,False,candidate,https://timesofindia.indiatimes.com/city/guwahati/critically-endangered-asian-giant-tortoises-find-new-home-in-nagaland/articleshow/123102476.cms
data exposure Nagaland,Introduction to Digital Archaeology: Northeast India - Nagaland Tribune,https://news.google.com/rss/articles/CBMihgFBVV95cUxNR09LYWk4SHdrYmlaYTQtMFBKeGlaYUF5WVZkdnJvMEJyZWlqbWxHWjBtQXRnR3pubFpjMXVLWnU2aVJRVGdTTmFjcUFmdFJpeGp5N3dHN2V4SmRpNUZXNzZ6LWU5SFRpZ3RPRVUzUkpaUnNLYTdqaUljdG9RZjFmZFlleGNYZw?oc=5,Nagaland Tribune,"Fri, 15 Mar 2024 07:00:00 GMT",2026-06-14T20:37:24.410798,data_breach,True,False,candidate,https://nagalandtribune.in/introduction-to-digital-archaeology-northeast-india/
data exposure Nagaland,"Yanpvuo Kikon talks about beating taboo on necessity of having government job and opening up to entrepreneurship, jobs in private sector - Nagaland Tribune",https://news.google.com/rss/articles/CBMi9gFBVV95cUxOQ0d4UlAyVXVNek9zdWlIWmpnM0JucVd4d2lQMVdqY28zclZSbWt6S3dBbTNfckd1dWh4LUVEbUwzdW5wRGt0QkJ1cTN0bmJjSXdoOVNNOHBLRFM1ZDBCN3ZJckwyMzA0c2t2a3FabjBsLUZkZkVkQ0IzcFNvOWYyRm13dGl4cC1LY01STHZ6eXE1eFo1ZHdUaWhZV2VPT1JRTFVLUnQzelE2VnRnV1NIQTVpZHRQRXZMRHYwUUpqRG9lR0x4V1ZSNTlCdnJEMHRyX3BrWFBwOTY5a3JJRjFtemhMeTBUd0FZNDNsa0oxT29VcFktbXc?oc=5,Nagaland Tribune,"Tue, 16 May 2023 07:00:00 GMT",2026-06-14T20:37:24.410806,data_breach,True,False,candidate,https://nagalandtribune.in/yanpvuo-kikon-talks-about-beating-taboo-on-necessity-of-having-government-job-and-opening-up-to-entrepreneurship-jobs-in-private-sector/
data exposure Nagaland,Surge in POCSO offences drive rise in ‘Crime against Children’ in Nagaland - MorungExpress,https://news.google.com/rss/articles/CBMinwFBVV95cUxPSHYtTl9hZXdjLVRxR0E5S0dZWU1DYnlFdE0xR3VIUUkyUmFLOXBxcnpaQ2RfekxvZkhJeVBsUnRwdXlWWEl2ZmNEcXNwcW8yQXpFcFFIM0VCUE02SUNxWm9uaXN2cUZlLWozRVF1RFd4MHYtSkctS0ZEWjJ1dEtOSEZxSmNIVmtpeG9QcnZYQkozNUJyN1I0STBqVHRBUHM?oc=5,MorungExpress,"Sun, 04 Sep 2022 07:00:00 GMT",2026-06-14T20:37:24.410829,data_breach,True,False,candidate,https://morungexpress.com/surge-in-pocso-offences-drive-rise-in-crime-against-children-in-nagaland
data exposure Nagaland,"Approx. 3,000 untrained teachers in Nagaland to be sacked - Eastern Mirror",https://news.google.com/rss/articles/CBMimAFBVV95cUxPdVNUVzRZUllkSVctSld6TWFvNjZNckhjUVVLZHlqOTB4b0o2UUtzMXpmUTFYSk5rb0N6Q1NtWFV6bmtfNTk4MTllekRiREUtbTlqZ1FVWVBDaGdvQ0l0TUE4SlNYZTJTcTAxSktjNjdXX1BlT0U1Zm9WQkNMS3k4MFRMNnFSRWR6NXJ4X1phblphVUh0Z3l6Rg?oc=5,Eastern Mirror,"Thu, 01 Nov 2018 07:00:00 GMT",2026-06-14T20:37:24.410853,data_breach,True,False,candidate,https://www.easternmirrornagaland.com/approx-3000-untrained-teachers-in-nagaland-to-be-sacked
sensitive data breach Nagaland,"DRDO Guest House Manager in Jaisalmer Detained for Suspected Espionage, Exposing Security Risks at Strategic Defence Site - Nagaland Post",https://news.google.com/rss/articles/CBMi3wFBVV95cUxOUG5KWnAxYk5haEFrMmVBZm9aZHp5SzFJdTkzaGNGZGpSWEpHUWJtc2F6TjdVWUx2SWlaUDNHLTJmUjA5Yzdjakx5dE1lVy1KdHVwdHFPMjUwRFRBMEQwbGJjWXdwSW5Hbi1ZRlA1bnJVNmViOGpsZkhqOHh0Y2drUGVGNGVIbVZ0TElrR1BhMjFYV0VIVzVKdVRmMHlwUUxaRnRSNW1oTE5YcFhLZnpqYXVZcVVIQ2ZILXN4YklPblM3cXlFdENlT3pZWEpRamh2RV92SXYyVDAwd0dnYm1z?oc=5,Nagaland Post,"Tue, 05 Aug 2025 07:00:00 GMT",2026-06-14T20:37:27.838321,data_breach,True,False,candidate,https://nagalandpost.com/drdo-guest-house-manager-in-jaisalmer-detained-for-suspected-espionage-exposing-security-risks-at-strategic-defence-site/
sensitive data breach Nagaland,Manipur extends internet ban - Nagaland Tribune,https://news.google.com/rss/articles/CBMiZ0FVX3lxTFBpQlo3TjF0eWgxUk5UVGR2aWxEWDR5R240UFJfNVA5RHpEQVFLak9keDJ6TWdyaURzVGp4enhqTkdZMWdiWTktOTNBdGloSG5GMGQ3ZGdsdHBRUnZWMVg3RkF0MFk5c2c?oc=5,Nagaland Tribune,"Thu, 12 Oct 2023 07:00:00 GMT",2026-06-14T20:37:27.838344,data_breach,True,False,candidate,https://nagalandtribune.in/manipur-extends-internet-ban/
denial of service Nagaland,MINI LEGAL SERVICE CAMP HELD AT PEREN - DIPR Nagaland,https://news.google.com/rss/articles/CBMic0FVX3lxTE5ENHFBS3Vkckk1N1BDNmN0TEZLbHVsRk44YjBRRVl2dlMwUDN0OEl2eTZIdmV6NE9fNUtLeUwwUjluYS1yU1NuZ042aTI0eGdCWW03TkFlaURfQUlkSjJxTHNUNndhMDZQQ1M2MUdxbjBMbWc?oc=5,DIPR Nagaland,"Sat, 16 May 2026 07:00:00 GMT",2026-06-14T20:37:29.836112,dos_ddos,True,False,candidate,https://ipr.nagaland.gov.in/MINI-LEGAL-SERVICE-CAMP-HELD-AT-PEREN
denial of service Nagaland,NPP Nagaland voices deep concern over visa denial to Rev Franklin Graham - Nagaland Tribune,https://news.google.com/rss/articles/CBMiogFBVV95cUxOQk9zQ2EteEFlZEVlQ0V2ZjlZdW1hZVlJU19XM2pSanJNZXY4XzNLcXVuLTJ1MVdJS2NLY3lzeGtNekNheGFTX3BvV2ZHVjVJQjhLZlZ1cDRsdFZ6S1pfRlJDQnBOWHVZczlpbm1sZkxYMXFNeTByaVVPMWs4bzIzY0tyR3ViWkZqTDg5UzlnbFRNVEpPUjZsVlB4ZWNYXzY2bVE?oc=5,Nagaland Tribune,"Sat, 29 Nov 2025 08:00:00 GMT",2026-06-14T20:37:29.836180,dos_ddos,True,False,candidate,https://nagalandtribune.in/npp-nagaland-voices-deep-concern-over-visa-denial-to-rev-franklin-graham/
denial of service Nagaland,Nagaland: NPP raises concern over denial of Franklin Graham’s visit - Eastern Mirror,https://news.google.com/rss/articles/CBMipgFBVV95cUxNSlNBcjhkb1VBOVhXTzIxejJ5SUxZbnpFY1lMZEsyTHJWOXg4N1ZfZDZIbmgwSzhMQWM5cGNKU3VWMGRkOUZSV3RzemRYeXZ2Nm9YRHBXTFVMdlVLblFVWmVFUG45eEdQeTlkR09rZkt4NDVsUFM3bzNTc01JNWRFVGpIdnR0RDFFMmhxSDd4Xy0ybF93LUJHcVJHNEFnaFlzeTE0bkd3?oc=5,Eastern Mirror,"Sat, 29 Nov 2025 08:00:00 GMT",2026-06-14T20:37:29.836309,dos_ddos,True,False,candidate,https://www.easternmirrornagaland.com/nagaland-npp-raises-concern-over-denial-of-franklin-grahams-visit
denial of service Nagaland,NPP moves Centre against visa denial to evangelist Graham - Meghalaya Monitor,https://news.google.com/rss/articles/CBMikAFBVV95cUxOcEhHMG4xdHdzcWVDQjVSSDlacEY5MVBvUDFxdHlZU2lqU1JkeFR6RmxoNEdDdnUxZGVaVjBlTUx1TmsxX2VBVFVHS3Z2UEZkdDJ4NkdOTE1ObEc0SjQzMVdLUGVzbUp0cy1pdE4wXzRsRV9Da2d0SjU3TUdTb21zV25xN0dLSVlPNUJYZGEyZTk?oc=5,Meghalaya Monitor,"Sun, 30 Nov 2025 08:00:00 GMT",2026-06-14T20:37:29.836327,dos_ddos,True,False,candidate,https://meghalayamonitor.com/npp-moves-centre-against-visa-denial-to-evangelist-graham/
denial of service Nagaland,Nagaland adhoc teachers stage agitation demanding service regularisation - ET Education,https://news.google.com/rss/articles/CBMi2wFBVV95cUxNUlhpeGstSkdWMFA4STY5Slp5V2FxMmNxRHZab2h2U0dfQzVFRVFGaUU0czJRb1R5ai1GYWotaE9RYUFjU2lYUGpQaTQ4U0FtTm9aX0ZlWGo5Wl9odFlucTNRVXRMUVhISkd5enBYZkRqeFBxTGVZTW9qWXY2a2VjMFpDTkt4ZmRTeWdzQUtZdEFXeHJkb0RSNngzUWlNemRIVDlTSHV1aXBRbXZqR1VVT2Judzh1WXZwTnYzOXp4WU5wUTBpbHMzaTUzYjRUVWlyQnRnaGt2b1p4VmfSAeABQVVfeXFMTmZQNU5UMFJFRG5oNXZQTm1nTlF3U0kwUG1mdmVHZmN2dlhKVnJTeG1lN1U5dGFBRVN2REo4VEhyLXVNUjVNUnZ4bnpFQnptRGZMUWl5bEs2YXNTbzVPSXBob1g0dTNOaGVtSFN4eU9GR1AwUEwtdDVUeHBMMmVmb0dzM2xTOUJLN2JCemFCTUJ5dXp3QkM5VlR2UzlSUHNfWkRpZUkzeDlybkpFWnNVWTRjdlFxVUxzMmt3UUlsV25fMWlZdXg4cElwTkViTzdrVXcxNm5GZEl0V0tlWGxPR3I?oc=5,ET Education,"Sat, 07 Feb 2026 08:00:00 GMT",2026-06-14T20:37:29.836343,dos_ddos,True,False,candidate,https://education.economictimes.indiatimes.com/news/industry/nagaland-adhoc-teachers-stage-agitation-demanding-service-regularisation/128017330
denial of service Nagaland,Foothills Road row: NFHRCC cites documents to refute Nagaland PWD denial - Eastern Mirror,https://news.google.com/rss/articles/CBMirgFBVV95cUxNblhMbHl5cDVfWUJydlRZOFM0WHhJR3BJVndLMTBESXktemF3WVNyU3pjcE9rMklRYUhBRmVMX2lqeHRJWW1pMzZZQTRpR3VMb2MtYUhrR0tWZnpReERweTFfcHdINzVYVExMd254WHc0NTNfX1UxajY5VXZhNGliX2VjeHdXTFZnRGZSd0hXTHhnS3htTTBvSG9QYy1FSTNuVXpWV0hNUkJaa3NQb1E?oc=5,Eastern Mirror,"Fri, 10 Apr 2026 07:00:00 GMT",2026-06-14T20:37:29.836358,dos_ddos,True,False,candidate,https://www.easternmirrornagaland.com/foothills-road-row-nfhrcc-cites-documents-to-refute-nagaland-pwd-denial
denial of service Nagaland,Case closed against 30 Army men in Nagaland operation - The New Indian Express,https://news.google.com/rss/articles/CBMipwFBVV95cUxNd0c4cDhGaDlwRHkxY0JBSHl2cVVlWjA2RXQ3UG1xSGtIOEF6b1NWckJZUjdrQkJqQXktWHFwYU93anVONnhGYW9TaVFJdU1yeFkwSDE0MFc4ZW9kVHBJS1p2WFZ3TW1fUmNGX0RaMUNLUnpDMTQ3dGdLN2h0eC1fUG1ha0xVeHBoWHJtQWJyZW9nclZYbmJMV2xiOXZCc3ZlVTBiQ2RUVdIBtAFBVV95cUxPRVhMOU5xWjhsR0ZqajlVb3g1LV9jMlo1Yk9LSEdhVUgxSmFrUHplZjlKVkVUOThmTkhlenFGeHFaOERndHBWTWVoNFpicG9lUExQMXgxWGdqb3lsNDJ6OGVQMVgwcWpHXzhRMkp2R21TNUdRSnNQY05XdGdHdmhOQjBHTWVsUE1yMUJsQ0RjbkxBSXA1aXhvMnZwTFVoNTRQT0dnZUYzelJPRUFxaUp1My1UelM?oc=5,The New Indian Express,"Wed, 18 Sep 2024 07:00:00 GMT",2026-06-14T20:37:29.836407,dos_ddos,True,False,candidate,https://www.newindianexpress.com/india/2024/Sep/18/case-closed-against-30-army-men-in-nagaland-operation
denial of service Nagaland,Nagaland: Seyie Auto adds 4th Maruti Suzuki service centre - MorungExpress,https://news.google.com/rss/articles/CBMikAFBVV95cUxNTEdPdGtLTUwybE8wVDJLcWQwWGpRV3dYaU9YYnczMFpLX3hFczllZEVQOXJkdW14cnJ2WUM4ZHdKYUZCRlBUSmFzVm42RUVDc3M3bGZvbHZyUWRNUE84QXM5VzhCQnRmbWJENnljczJCQXAzN3EtM2Q0cTdZbHNKTXhla0NieXVlWUtITzdYMXk?oc=5,MorungExpress,"Wed, 18 Jun 2025 14:49:04 GMT",2026-06-14T20:37:29.836424,dos_ddos,True,False,candidate,https://www.morungexpress.com/nagaland-seyie-auto-adds-4th-maruti-suzuki-service-centre
denial of service Nagaland,"Nagaland’s voice of peace, Niketu Iralu, receives Lifetime Achievement honour - Eastern Mirror",https://news.google.com/rss/articles/CBMisgFBVV95cUxOZi1LMDBvcTF5T1Z6WmhPNHVKbWV2dGVsaFk1RFdrOXZmRi1rZkMxckNLODVEUnRtdDN5TzRYWDd0Z3BNd3VrVnFYTVp6emN5WkF3MV9uQVQyeTVGeUZzNFl6Ql9rNWxoejJsRUM3TU9CVG5PMHdFT09jdHFtMndIX0hvb1Vqa0RTYTVpOVAzR1IwOWI0Nl9lYk1WNlZxVVVmV196Yk5TVkRkVzQ1bjNaMmln?oc=5,Eastern Mirror,"Wed, 12 Nov 2025 08:00:00 GMT",2026-06-14T20:37:29.836440,dos_ddos,True,False,candidate,https://www.easternmirrornagaland.com/nagalands-voice-of-peace-niketu-iralu-receives-lifetime-achievement-honour
denial of service Nagaland,"IPS, IAS & IFS facing discrimination in Nagaland - Deccan Herald",https://news.google.com/rss/articles/CBMiigFBVV95cUxNS2IxYXFVRERGTGRXNzRsV0ZqcG13TTdhWkZiSEg3Ni03bURvdzRnYlBkQlo3YW43S1hzOXgyYnpLZFN0SzN5OXV4S1FHZ0pWZTA3M3ZnU0dWRjU0c2RMRWk0WUltVTVHWEdWT29lNThpUnhpTlJDSVBCSUxlWk8zbzh0Uk8yNUlQanc?oc=5,Deccan Herald,"Wed, 31 May 2017 07:00:00 GMT",2026-06-14T20:37:29.836474,dos_ddos,True,False,candidate,https://www.deccanherald.com/content/614633/ips-ias-ifs-facing-discrimination.html
denial of service Nagaland,Nagaland faces rising teen drug abuse: Campaign calls for urgent action - Eastern Mirror,https://news.google.com/rss/articles/CBMirAFBVV95cUxOT0E0NUN4OVAyMDZfUkIzMUtUV2dZT3FHOHI1VllDc093N0E2c1RROWgwZG1NLU9jY2xaeVBkMVJkeDdlcmpEY3EycjMweVcxUXlSYWg5eUkyXzZHbDdfNVU0MjBWaGtHZWhRbWhKa2RfTkV6bVNmZ1ZPQ0RKaGo0cjFvczBVbjRRVmd1SlJPUllSMGt4cVNvWVYtMVcwcGR2V2ZqblRWUk5OdkZ1?oc=5,Eastern Mirror,"Tue, 05 Aug 2025 07:00:00 GMT",2026-06-14T20:37:29.836490,dos_ddos,True,False,candidate,https://www.easternmirrornagaland.com/nagaland-faces-rising-teen-drug-abuse-campaign-calls-for-urgent-action
denial of service Nagaland,"Seer on cow protection mission stopped from entering Arunachal Pradesh, Nagaland - The Times of India",https://news.google.com/rss/articles/CBMi0gFBVV95cUxOT0NTUHJJdzU4ZWcyTnRlTlZFanpiNi1hQzBmXzdCZ2NMcmpXQnlDdENXZmxVWTNlOFpJMFhKRFR3UjRCNnEyeDE3dVBiNGhDelBUa01OVk8zNTZFUHVUMWNMdFVRaFNkY0VVT2pENmRNSG5Sb25VWFF5UmdwVnhxckJqM1M2SW11TGFyT2otWnVRaGRhRlJoZXVob1VQVE9JUERva1J2dFAxZDFkYk4xZnhGYkxBa2dNN0ZKSkZGbTY1c3RWQW5wS0p5YU5nbktrc1HSAdcBQVVfeXFMTU9TNU5KSVNmOUJQQUpqQ3F4Z3hWRXB2dUV3T0hUdEhDQjg1VlRUdTYySDZXZzQ5c1U0U094dVpKT0pGaXlwZnpudlF0TGJMY3ZMZXYxY2tnTm5DSWhSb3E4S1hBejdEUG52eW13R0hmWXJvek9BNzNYbFRWNWZEUkFIc1UwY010UUNCVGJIcUQ5cXdFdmJPdWNqOHo1ejNpUW5yZk5EbTZKOGcxa2E4dHZLSkFLdk0wRXVTUl9kMWZoYU5MNjdSWEhPQkxuNjBCOVpSa3NoUWc?oc=5,The Times of India,"Fri, 27 Sep 2024 07:00:00 GMT",2026-06-14T20:37:29.836505,dos_ddos,True,False,candidate,https://timesofindia.indiatimes.com/city/kohima/seer-on-cow-protection-mission-denied-arunachal-nagaland-entry/articleshow/113716700.cms
denial of service Nagaland,EX CAG Vinod Rai was denied opportunity to work in Nagaland in 1972 By Nirendra Dev - E-Pao,https://news.google.com/rss/articles/CBMi4wFBVV95cUxOQjAzajNTdDN3WFZkTWRJUkJJQ2s2YXc4OUY3RTVmOU5nQWRsOW1IQ1lhbTJzaWRySU0tazRHV2t5ejBPNlRDWmVhVEhwOWU3ay1kVS1JQnphb3ZGbE9ET2luYzhUd1hra2dtR0Jta2N0SkxZa0JkWG44WWo3SF8tOTdTbjgzTkxsQmYtMmF5eW44aVlvZndTaGp1aTZuck0xRUVTdFRxQTVUOHMxZTBEYkJYWWdTVWpSTko0UUZ2WjZHTTN5S1hIX0JKMFdLaklCdm9VWm04c2JfeEJWd0ZSVk52cw?oc=5,E-Pao,"Wed, 07 Oct 2015 07:00:00 GMT",2026-06-14T20:37:29.836531,dos_ddos,True,False,candidate,https://e-pao.net/epSubPageExtractor.asp?src=reviews.books.EX-CAG_Vinod_Rai_was_denied_opportunity_to_work_in_Nagaland_in_1972_By_Nirendra_Dev
denial of service Nagaland,Who is Rev Franklin Graham? Modi govt denies visa to US Christian evangelist for a trip to Nagaland - financialexpress.com,https://news.google.com/rss/articles/CBMi8AFBVV95cUxPeDUtLUhQMFgwUEpLZlhKQTNzVnk3UWZ3ZUZvQ3BRc21oQk94LVYxTWhqRmxwVDNIUEl2QWY1cE84dFZUVFQ3djNmb3FXQkdOY01lVHlSWThMaEdiMGh0X2Nmc1Q1NkFDUGZEaHZyUmVZbnhlV1RUQmMwRUZmNWxjQnpKTDhEZ3JvMmVUajRzdjM3TDNMQ0RUNm9LMUNvVWlEQUhXLXVEQTU0ckNDUEtONG9oODVhdnRxdXh5clJIUWhmOFR6a2twa2w4amNtNkN2VGYzcUVlQk9OTC1yT1A0MVNSMmNTdnVCaEItRXkyUUnSAfcBQVVfeXFMTVFTMHBib3RSX011akpUQ2VyNlN1cmZIOUtZVjNRZmdaeWpXa0VxR1lIcnZ2WEVaVDZsQTdZend4Y0t1cHFzNWI4U0doTkVlLXdsNDZhNG5UaG9OSXNxN1ZxYU1RV3FTRjZ3WXZ5Vzl5em9VYWxkdzZLZllNR2FsRUJWbDdNdVIwS2lWaGNoM3A5Ykp6d3ZrYXFvYm9Sc2NCMk5tOGluanlfSk1Wa3VDOFg5OG45RHpiVDJGWmVrZktWWmpXSXRPR21pc3hWUmZYTzIzTzFwMU9kUm9jWjBCWEFJeGhsU2JtUEJ3cEIwVTFycDRaaEh3dw?oc=5,financialexpress.com,"Mon, 01 Dec 2025 08:00:00 GMT",2026-06-14T20:37:29.836580,dos_ddos,True,False,candidate,https://www.financialexpress.com/world-news/us-news/who-is-rev-franklin-graham-modi-govt-denies-visa-to-us-christian-evangelist-for-a-trip-to-nagaland/4061200/
dos attack Nagaland,Nagaland's Mon dist bans drones near military establishments - The Times of India,https://news.google.com/rss/articles/CBMi0AFBVV95cUxPdWZKOXhtYTdTbUl1V0lycUR2UE5QdklXb0ljbGR5Yjc1X3Y2cndDa2RLdVdFVHl5S2hqM2ZsaFJXcHNGVHBneUdocEx2bjRpX0ZwQnhJR054U1dwTm40VTJleml1eXcyR0JUZUx2aFk1cm1uenZpZ0gzdVNfeWpLeUdLUDlGaWl0X0ZNVUkwYlczVmUya0phcGZ4SUotc3RBZTVrZmR5NDNjMWJPcTUzdGJVeHFFeDlLNjZMalVWRENuU1pMcUo5Nk94WU1SWEhM0gHWAUFVX3lxTE80QnBnYnlObXp5SWx5OC1yTm9BQmVMV0VSYWx2VWxZSlBkSnZpeG1qTWMwaklPNDcwZERKeDJseXdGZGRYaEpwUUFUc1hTVEhlUzV5NWtyak96SDNsMUxfelgyUVJnNUtva1Y1dk5yQzNhbUVvYmhvXzBnY1VoV29iYnMxa2dTcnNxMTI3aEF6d2IwSkhOZEFmRHByQVZnQ2xjVWxsOWlaekR2VXFlcHpmNkhWcExrVXpiSmctT0FRN3FzZkwxdEtfcWhDbzVLZWFxOHBqMGc?oc=5,The Times of India,"Thu, 18 Dec 2025 08:00:00 GMT",2026-06-14T20:37:31.477809,dos_ddos,True,False,candidate,https://timesofindia.indiatimes.com/city/guwahati/nagalands-mon-dist-bans-drones-near-military-establishments/articleshow/126044417.cms
ddos attack Nagaland,Nagaland: Treasury & Accounts directorate issues alert on pe - Eastern Mirror,https://news.google.com/rss/articles/CBMivAFBVV95cUxObTJqSjA2WDhscTNBMXdnc2dndERRNlc3TG16eFNwak1kbEZ6NHBGOTUwZHR5dFl6U08tZlpHOTlEQk9pRjkwWHFablgtSHZPZHV1T19UUlZqZy1vV2pIZktlSFBKWFdJNU5GbmVTMmZSSEFXMVRiM0pOOTFKU0NpLW0xRklucmJOT2h1VkJnakNCQ0dpZjNxRnFsSkJoYzVTS2J4TnNGR2dzSHZGU1RPMmxibFhEZi13U0pEeg?oc=5,Eastern Mirror,"Mon, 08 Sep 2025 07:00:00 GMT",2026-06-14T20:37:33.236435,dos_ddos,True,False,candidate,https://www.easternmirrornagaland.com/nagaland-treasury-accounts-directorate-issues-alert-on-pending-e-nps-contributions
website down attack Nagaland,Nagaland issues order for household waste segregation in all villages - The Times of India,https://news.google.com/rss/articles/CBMi3gFBVV95cUxOMHRBYk15czJ4enJUV3VfM2RXNnNoTUJjNndLcmhFTzR0b2s4dVpvbUE4X25pMnptLWJuX0M1T1BHRnZBNXMxSGJWa1JKUzBySWlnNWo4VGlmelM4UGdEZ0IzSjFVU2tuRVlfSXA3b0dnS1pyUVVSS19iemNjajJVUGxVaElWZ08tVjMzQ1hNZUFMV0V6TzdHSU8yLXYyYnV6ZF9WQWVCemdpdUxZeDB1amM0cVNrUzlybFNscU5vdjNGYXA5UVAyaG9UVUxVRTM3RTdBM3U4WFBVYUNPUHfSAeMBQVVfeXFMTm44VWMyQ0NCM1Bqdjk0UG40Z0JNeURHREtRSHNFUnVVME53RUUzdUtYS1JRQ2dFX2F6VHRYbklMenZDYW13OVNuTlB5YVJ5VnNvOV9BWXY1djl4YWxFZTVGNjZuSDMtcnJqeHlPY0RUYmJCS1lSVFlNYzgyNW1pb0VnS1Jyd2M5YlVVUzIzVGowT1ZNU3FGMXJvcE40V1I0MTZvZERjcmtXbnVVVFFTU2x1NG4xOHQ4OFdkU1dTcHRNUWxCUk9vcEJlOEp3SVRBY19ES3RUZHBsVTBWYVpLcjlaNEU?oc=5,The Times of India,"Tue, 02 Jun 2026 07:00:00 GMT",2026-06-14T20:37:36.978770,dos_ddos,True,False,candidate,https://timesofindia.indiatimes.com/city/guwahati/nagaland-issues-order-for-household-waste-segregation-in-all-villages/articleshow/131469005.cms
website down attack Nagaland,Nagaland: Shutdown in Dimapur over extortion - NorthEast India24,https://news.google.com/rss/articles/CBMifkFVX3lxTFAwa2x5OU9RV0hsLVhMVnRhR1pMNWNaQ3A3dXRlTDBMbFlLZkxUMFd0MHcyR0R2MGNyM1R5SmMxQVRubEIxdVBNbklkS1Z2ZkZ5Vk9vRmoyQnh5TkJBOFVXR2pEb0hSelY3VXBFZVRTaFpqSU5HWDFHOEYyZ25lQQ?oc=5,NorthEast India24,"Sat, 27 Apr 2024 07:00:00 GMT",2026-06-14T20:37:36.978873,dos_ddos,True,False,candidate,https://northeastindia24.com/nagaland-shutdown-in-dimapur-over-extortion/
website down attack Nagaland,Web series from Nagaland wins award at KIIFFA - Eastern Mirror,https://news.google.com/rss/articles/CBMihgFBVV95cUxOanBMT1hvZldGUW5BVXJmNFlxeVBoZVl0cGFodWtSdHlBNG9MY3RSdVhUcWZpd0JYZUhfU1BVVWtYMzZ2Sm1BNGJERjdSQ09td1ZHNE1LNElMM3JBZXlTdVZ4ekpFcW8wQl9ZUlRhMWhSdUZJZjV5VXh4Q0pQYnRVdGM2Z1NkUQ?oc=5,Eastern Mirror,"Tue, 06 Apr 2021 07:00:00 GMT",2026-06-14T20:37:36.978886,dos_ddos,True,False,candidate,https://easternmirrornagaland.com/web-series-from-nagaland-wins-award-at-kiiffa
website down attack Nagaland,Violence in Nagaland: Protesters attack government offices in Kohima - The Times of India,https://news.google.com/rss/articles/CBMi0AFBVV95cUxObHVYQ1VsVExvMnFaN1RTMDNTU0E2Yy1IWWVvVXNXTHIwOGJfV2VTejBZelJVOFhTd1owZjJqU0w5bWtSamFlcW9seEMxN1FVMEI5OGNpRVJlcWxySHdiOXBYMHkyU3NkSDVtTXFqTURJSVhTc0tUdVRqUUd0ZU40b3RKTUFxdldwMnhBdUNIQVZLeDg2engxTzRGZEszS25tZU1LZS0wVGdrcnUwZjNXdkZhMHhFTVpTTF9UM3c5TUVGLW1uVjJXVDJYT0NpNXZz?oc=5,The Times of India,"Fri, 03 Feb 2017 08:00:00 GMT",2026-06-14T20:37:36.978913,dos_ddos,True,False,candidate,https://timesofindia.indiatimes.com/india/government-offices-torched-in-kohima-situation-worsening-in-nagaland/articleshow/56938643.cms
website down attack Nagaland,"Attack on Tangkhul community at Nagaland Mob torch over 30 houses at Wungram Colony, Dimapur - E-Pao",https://news.google.com/rss/articles/CBMiXkFVX3lxTE0xbjJ1MHVYQ04xWkNGZ0lLak1Sc0JubnFIRkNZMFIzRUxrQU9FNFdVdm5KY0NkQm9FY2Z1REtPN01FMGlaWWc2Qy0tbEQ1LUdDTjBibEw2aXZLRlRRYnc?oc=5,E-Pao,"Mon, 23 Apr 2007 07:00:00 GMT",2026-06-14T20:37:36.978927,dos_ddos,True,False,candidate,https://www.e-pao.net/GP.asp?src=1..230407.apr07
website down attack Nagaland,Nagaland has 11 prisons out of 1361 in the country - Eastern Mirror,https://news.google.com/rss/articles/CBMijAFBVV95cUxOSDVteXRFeFI2Z1RWSE55QWNTNUE5em9GYW1aRS0tSHE1SWs1VHFWZmFBUmV2S24wY0pzSkNsUWo2blBUaE1naXJlZHBHZnduN05XUnQwZ2ZfMS1yNklHY2gycjdHYUJieEQ3Z0RMYUhtbzJKVnI3RkVSTmZqbHdPTnBrQWx5a3MwVFptbg?oc=5,Eastern Mirror,"Sun, 17 Nov 2019 08:00:00 GMT",2026-06-14T20:37:36.978939,dos_ddos,True,False,candidate,https://easternmirrornagaland.com/nagaland-has-11-prisons-out-of-1361-in-the-country
website down attack Nagaland,Nagaland Lottery results: Winning numbers of Dear Falcon Evening results - The Times of India,https://news.google.com/rss/articles/CBMi3AFBVV95cUxORkU3NVBObUR6djNMbUd2eDhBWlNfbDk2V1ExSXlEaHBwaEtnZFJwQ1dkZG9mVG0zVWpKaHZlRDhKZjh0QmhZcnQ0OTRMOFkzWTRuM0lmOTg2LWRtbGNYQ0lub0hWT2tObXdHRjhoRkhyc0lMMW13a3d2cjRmWUZobklWOV9LaXg2UTF5VEpITjg3TUlvbE45dFROWTBreDRHVlpKWTB5cmFhckotYUc5aFBnaF9pTUp2LXFweXNyX3JRNld4Rm1mZ0d2d09haFpxNUxMcFZRTHF3TTZy0gHiAUFVX3lxTE14ckEwRVRYTFBtZkd6ZVdkcTNGSkhnUWowVVI0YkVXLUFNRWNxVl85QTU5eHBQT1VJdWd3aTVLd3VYOWJRakJnWHZIUzlUX29ieWJsM3ZSbG1jMVQwZlFHMFNNSkRtc0lMU0xpZHBXTExzb25GczVWU2FiTEVNUHYyNjVBNFdHVTYxeElBVzVGX0JMQnk3SktWSmhYZjhDWUxVWEJibHVhLVdEQ0hack9DS1ltVGZwdGxDSFZoSlNkVzlyMmFBX1RXQzZmNk02eU1hTVZHOUU1Zmc1Y18ta3J6WEE?oc=5,The Times of India,"Fri, 26 Aug 2022 07:00:00 GMT",2026-06-14T20:37:36.978951,dos_ddos,True,False,candidate,https://timesofindia.indiatimes.com/city/kohima/nagaland-lottery-results-winning-numbers-of-dear-falcon-evening-results/articleshow/93793843.cms
server attack Nagaland,Nagaland gets approval from NMC for setting up its first medical college - Business Standard,https://news.google.com/rss/articles/CBMi0wFBVV95cUxPM1RReHlLX1pjVXdMOWFxQTNEYV9iUmNNTXQydEZxczd5bXJPVnFMb2VXY0FlTmdpYzc1U0psWnJBOEZCdkhkdWR0Q2xuZzBuWWRpUTd3bTd0R2VPd2dLQ1ZvNkFGSms5N2pTVEh5aGpIUjEybklCQmROTkoyMmNBSXlkd3lXMkJMS0pSQmp5SHl3MmxDTmprWTNGd0N6eGg0RkVRWW9FSTMwR1NRZ2FWRW1neUZIZy00RFhOYmoyMS1OdFdDZXdRbWNLUVhaUnBVWWhF0gHYAUFVX3lxTE5Ob3hqanFRV09rdmY1NlJtMkZDLW1TN25VLUppaVJwdnRmLUhYeTc0MDZ1aC13OV9wVlpZaFJjMTllRlhMMkNnNkRHV182dzJjcXFSVG1CSnFjRGREZ2lMT3BRREhEaGx5Z3ppcDdiVDZ5ZF8xbHM5ZmNaRW9vVlBBVGpreXoxdmFPdmE0aVFwV1BudGl3ZlB4Wm0zVS1LaXd4UTJoTld4YXlZNGlUcHlaOG5RWFBoQ1RiYkNqdXBybk5vcmFGTTJCRzRHNkpfTlR2MUFLSEM1WQ?oc=5,Business Standard,"Thu, 20 Apr 2023 07:00:00 GMT",2026-06-14T20:37:38.459018,dos_ddos,True,False,candidate,https://www.business-standard.com/india-news/nagaland-gets-approval-from-nmc-for-setting-up-its-first-medical-college-123042000013_1.html
network attack Nagaland,Nagaland capital to soon join national rail network: Railways - News Arena India,https://news.google.com/rss/articles/CBMiogFBVV95cUxPanhvdV9FMTBPczg4NTZWUzFFQm1DRkEzQzhVeVZ2blJLQkRJNjhqTjdWTVp6NVJZOTRzSnh5angxX3VOVkxpb3pCQWJkd0dieUdlaDJ5endoaFZpaThoTGR1UkRmOElPNEUxck80QkV6b2RzdnhVLWFreld0aUhtd1hmZEpoMFFsaDFRMWZZSkJUUmVXeHBTSkg1SEpYNEtGNnc?oc=5,News Arena India,"Sat, 24 Jan 2026 08:00:00 GMT",2026-06-14T20:37:40.984061,dos_ddos,True,False,candidate,https://newsarenaindia.com/nation/nagaland-capital-to-soon-join-national-rail-network-railways/68286
network attack Nagaland,Nagaland capital to join national rail network as Dimapur-Kohima project progresses fast: Railways | India News - Hindustan Times,https://news.google.com/rss/articles/CBMi8gFBVV95cUxQR0FMNlltSUYxMXZBcEk4VDdaRFQ0NzQ4T1VWX29mNWljcUtLbGxHRWVXRXNROFg1Q1UxZHlfV2xJbGRGdlZCZ1ZOcUwtM3hFM0xTTFBQZWplaENNTGNVLUhOSnFJWXIxQzJyeGl3MTZZVDdJek9Sa2Z1ZmkwT1Vvby1ZNlZHbFNXbEE2OEVWN0VVbkh4cUVzMVZsSmFnZGR4alRVNURRYm12ajZ4bXRVaG5IVXZlQm9jUGViNVRGSnNtSnNXVmdtMmVyOXVDWnQyaTRwZ0dWZV9NVzRHa3VtU1VXZVdRRDRFalpIQ0lkZlo2Z9IB9wFBVV95cUxObGh6bzd6bU5oakFMQ1J6WG1BYTE1MEtpWXVzQVVubjFINEcxWWQwRW9aa21CcHVRVThxY1h6TC15dHVGWWZZeVdyT19NVGNLbVBJdUM4dzI0VTY2Y1M5YU9laU9FcWg3RDA3cnJHMEFiQlkxT1IzM09GOV83NTg2cmlaODEyUjYySUViTkQxZy1nZWNQNWpfUUpTeWFlSG92V1F5VjVZSVJKQjc5ODlHbFdPaGpfQklYUkVkRW1wWXhtRm02eUNMUEtRYm9CVWVHZUNDZ25TSFJaeTdVcTBMUlNwbHBSRUxDWFBFTG1xNktlaFJ0M09N?oc=5,Hindustan Times,"Sat, 24 Jan 2026 08:00:00 GMT",2026-06-14T20:37:40.984113,dos_ddos,True,False,candidate,https://www.hindustantimes.com/india-news/nagaland-capital-to-join-national-rail-network-as-dimapur-kohima-project-progresses-fast-railways-101769250151765.html
network attack Nagaland,"Islamabad bomber identified as Peshawar resident, was trained in Afghanistan: Officials - Nagaland Tribune",https://news.google.com/rss/articles/CBMiswFBVV95cUxNQnFrd0FCRHBnNkV1S3VqSEZ6b0lBamFqajNLbHh3ejNXSzJLc0hLdGZaY0ZqMHpMTGstbXhsdzh0bFlSSDFNaE1Gd0tDSlUzTm1YWE1OTXc0M08zLWxBZ2hLbkEyZHZ0QjBWeDlvWWh2VTFQYjVOX0RMZVZUR0tzcFBmMHdHYmprMXVYeFgxRElQcDB5LVpibkRJcExfcEVnQ0ZaOUVUTi1oUngxVjBzUUJ2QQ?oc=5,Nagaland Tribune,"Sat, 07 Feb 2026 08:00:00 GMT",2026-06-14T20:37:40.984121,dos_ddos,True,False,candidate,https://nagalandtribune.in/islamabad-bomber-identified-as-peshawar-resident-was-trained-in-afghanistan-officials/
network attack Nagaland,Mountains to Mangroves: Nagaland’s REDD+ pilot takes root - Eastern Mirror,https://news.google.com/rss/articles/CBMilwFBVV95cUxPcmtMTU9YZjhHalVyenRkWkMwUGVfejFvWU9pek54MTBkcEpHcGpDZk5OSU1kYW1mdkRVTTg0SmhndmR3Tmpla255cTFMR2hsZ2ZaZDYwcGtBSEdWWmZENjM4S1BCc0NDOERQUnVTalp2SFQyZHZCOXdSRURjLVk4d3ZrVVBaT1dxX2lWbFlOOXd2U1lVeFFB?oc=5,Eastern Mirror,"Wed, 12 Nov 2025 08:00:00 GMT",2026-06-14T20:37:40.984153,dos_ddos,True,False,candidate,https://www.easternmirrornagaland.com/mountains-to-mangroves-nagalands-redd-pilot-takes-root
network attack Nagaland,Women’s Day spotlight: Nagaland groups working quietly to empower women - Eastern Mirror,https://news.google.com/rss/articles/CBMiqwFBVV95cUxOVXNrUWpLU3pWUm5PaVZncDRGSGktc01IYkx0MDNpd2xCQ3VSS0xWUjB4R0IzLUF0bEpqdm1CLXRSdUptWDMxRHg2c01sQnJYZnBhTnR1TW9CUXQxakp6RW5sVS1PaldfUXZBLVZUaWdncGstYm8xLUNjQXBodlhtRE51bHUxOWktVVRONkd4YmxrN01ZSkNZWU40MnROaWNnMWtPYTU0LXdKVGc?oc=5,Eastern Mirror,"Sun, 08 Mar 2026 08:00:00 GMT",2026-06-14T20:37:40.984168,dos_ddos,True,False,candidate,https://www.easternmirrornagaland.com/womens-day-spotlight-nagaland-groups-working-quietly-to-empower-women
network attack Nagaland,NEPEX 2026 AND ‘OPERATION NIGHT GUARD’ TO STRENGTHEN DISASTER PREPAREDNESS IN NAGALAND - DIPR Nagaland,https://news.google.com/rss/articles/CBMiygFBVV95cUxPamhpcTEwZ3pwdmxuWkJHNzBzNXNKcTNWRURuamlINTczdC1IblRETzZyS2FEdEtTcVVqWnpMamdDZlRVb1pyMnN6NThzSnVKZTZ5ZV9CaHZ1TG1uWlo1NE1DQ3RZekRJQkd1NmNEcTJHM0Q1VDFvcHRMMTFueExvVmFpNW1ucDl3UnhsMktiT09LUGsxNzQ0aUFWd2pIVzdQTW9ZcDVKX2t3amcyNW42Tl9SdjFIbERMQjIwR2tEZ2dJdFZ0cTBJdWJ3?oc=5,DIPR Nagaland,"Fri, 24 Apr 2026 07:00:00 GMT",2026-06-14T20:37:40.984198,dos_ddos,True,False,candidate,https://ipr.nagaland.gov.in/NEPEX-2026-AND-%E2%80%98OPERATION-NIGHT-GUARD%E2%80%99-TO-STRENGTHEN-DISASTER-PREPAREDNESS-IN-NAGALAND
network attack Nagaland,Hundreds protest in India’s Nagaland against controversial law - Al Jazeera,https://news.google.com/rss/articles/CBMipAFBVV95cUxPRzhISVVsTU1NVEM0OGV6RVRpVzlqQUZ6ZU9DazdpZWQ0M0hScDFkVGhfMmZGNFBFak9sakZSd1VCS0l3UVNyaUlfck5YQVIwaHJfLVVNaTVvTVB1Z0JObHBwTVhsLWVYVHZYbnhpcERjVU5qSUVVRDJWV1hZTXlqLTdmZVJYell5T2tnNEpMcXBsWTRyQlZDS1k5YXZCTER0SkVBYtIBqgFBVV95cUxORmRXVXpqTm5MUzZBT2E3TkVRYnBBQlZ1VmoxelFKZWJ2cTNmUkFjV05pcXFVMExIN2JfLWFJZU1KeGJ5XzBSNHlDOVA1VFJKS0FHYXZzaEYyTmJ4bWJuMDJSWVd1aUdXRzNITGRLaGI5b1l3ejRhWUdxdXpUWmpRSWZMSjk4N1lsYmZtSVVrUjV0MFlyalEwVC1HNmlHa3FTTDBVV3JGRElHdw?oc=5,Al Jazeera,"Thu, 13 Jan 2022 08:00:00 GMT",2026-06-14T20:37:40.984213,dos_ddos,True,False,candidate,https://www.aljazeera.com/gallery/2022/1/13/in-pictures-hundreds-protest-afspa-nagaland-army-northeast
network attack Nagaland,At least 13 civilians shot dead by army in India’s Nagaland state - Al Jazeera,https://news.google.com/rss/articles/CBMinwFBVV95cUxQSmlyb244V0h0RVViZWdwZU5NekQySnhvOXdGVldBYnZWbFJwVkNRZnhkQkljUWVDdzV6QUQ4RjhqU3dCQV83Ym9HalF6Y1JUU0pYeHhVLXJmdXlGYjRtMHdmZXNFc2VlUG54RmEyMkRXMzB2N2M2a0M5M09adi1fRm5lQzJqdU45VmhnX3lXTGtSRkZ2dy11NzhDUEJDTEnSAaQBQVVfeXFMUE1LNkRzdHAtcnZDRXVYOWVBSlp5ZkJ1a2x5S01NZ0Y4aVlSYWQ0QXhpbVJDT2RIQV9iTFd2ZlBZWVIzY0ZkSENnREZ3NzdaQW9rbHQ1d2RnYzQ1NE11eGdqZ2RHUm44TFNrMkRmQy1faklYM3dNMTR3eVJGeHIyTkdsX3NnRUY1S0djYVcybWMtTGRJNVVJWEp2akY2S3poTFNuUzE?oc=5,Al Jazeera,"Sun, 05 Dec 2021 08:00:00 GMT",2026-06-14T20:37:40.984228,dos_ddos,True,False,candidate,https://www.aljazeera.com/news/2021/12/5/indian-villagers-protest-after-army-mistakenly-opens-fire
network attack Nagaland,"Pahalgam attack exposes Hamas-Pak link, spreading terror dungeons from PoK to Bangladesh - Nagaland Tribune",https://news.google.com/rss/articles/CBMitgFBVV95cUxORTdMUXJmLTVIdHkydm5udGdNRzJ6VG1MR3AwZDFKYk5JcVRHR3o1NlU1T090QV9qSXZYSEZ4SU12YTdUaFEtUXdTRThuZTlBVGUzTURxd2tZUTJXNlZxWkVTQ0d0eVFZM0xQbmNvN2Z6bnlfNE15NENRS1I4NlRWQVZZTHpybFdMeDBCTk1pcVpHbkdUN1VrVkcwanhiWWIzTkR0NXF5TWs4Uk83ZGZBZ0NzeGpHdw?oc=5,Nagaland Tribune,"Sat, 26 Apr 2025 07:00:00 GMT",2026-06-14T20:37:40.984243,dos_ddos,True,False,candidate,https://nagalandtribune.in/pahalgam-attack-exposes-hamas-pak-link-spreading-terror-dungeons-from-pok-to-bangladesh/
network attack Nagaland,Drone attack on American troops risks widening Middle East conflict – and drawing in Iran-US tensions - Nagaland Tribune,https://news.google.com/rss/articles/CBMixgFBVV95cUxPSDFER2dmSU1HR21sT3JHRmFPS2g3XzdhaWQ1M2o5T2xIeU81bTVqQjFRXzJDNVlDS2ZDdnhuQW5RZVBxTHlHMTJVSy0xV2RJeGdodHhmT3RxTUVoRkNqcnJ1QTNRbTJWV2R0N05WQndyaGNjR3lzdkVvT1FqT3pieWZQWnZaUUpRRzFUTXNuUDR3b09zdE9TOHh5SS1LVFFKTjk2cFZxQ0tEQTJwaXlJZl90NUk2a01KYlJ5WHFtTWpLS01RckE?oc=5,Nagaland Tribune,"Tue, 30 Jan 2024 08:00:00 GMT",2026-06-14T20:37:40.984266,dos_ddos,True,False,candidate,https://nagalandtribune.in/drone-attack-on-american-troops-risks-widening-middle-east-conflict-and-drawing-in-iran-us-tensions/
network attack Nagaland,Korea makes first inroads into Nagaland with landmark CSR-Economic summit - The Assam Tribune,https://news.google.com/rss/articles/CBMiuAFBVV95cUxNRUUxbFRpVUN2UFB5SEhvRnQyRWk0eEJjVldaTVNONHRJN0RudUQyUlFUSk1HS0R0OGc3OUF5TEJkZndoVFJDSTdqTXRrWjJEOGtXbTRIbnNLakd1LWlERS1uSVF5eUlsTnhFTkxHNk84VkhHSXdwcWtLSGFJMmNlOG9SRHVhdkdqdlZPQWtOV010OHFfU3JlTmI3WlF3eUU2LVRJanpGMWt6NG81ektsVHhFamRMOGdu0gG-AUFVX3lxTE1xQUpkdHd6djZTWUgwX19FWEJzeEdvNm1JelFkSUlMNzRJUWwycEFwUmhpbDdHRkMtamI1cFoyN2MyRzJHQTdVRTFxVDdpQkszQWNxR1pTOENlVExJRnRFWE9IOGRBTXFDVS1nMVJXT1hiVWw5UTlGS0hlem92X0dMUHhFSkN6aGVRcTNoQTNWYk9pLWJBWTNLeTNQR3puQ2FMdGczXzJNd0ZMR095LWF4c3hORVhBMWdnLU4tX3c?oc=5,The Assam Tribune,"Tue, 27 May 2025 07:00:00 GMT",2026-06-14T20:37:40.984281,dos_ddos,True,False,candidate,https://assamtribune.com/north-east/korea-makes-first-inroads-into-nagaland-with-landmark-csr-economic-summit-1578987
network attack Nagaland,Former Nagaland Governor L. Ganesan passes away at 80 - Hub News,https://news.google.com/rss/articles/CBMigAFBVV95cUxOUGtxSVVxc3pLTU03RW9jejBReHJkb2Q1T1BQb1cxczluM2R4bTZmMmlaMDA1bWFpUFhueWt5ak44dUJOS3R2cm0ydllCQm1BN21nZXpfMkQ1SUpiakdQNmU0TDhfbmlSdDd0dS1rT3NmSnZNeGFCdWtCbnpvLUc1OQ?oc=5,Hub News,"Fri, 15 Aug 2025 07:00:00 GMT",2026-06-14T20:37:40.984310,dos_ddos,True,False,candidate,https://hubnetwork.in/former-nagaland-governor-l-ganesan-passes-away-at-80/
network attack Nagaland,Iran army chief warns preemptive attack after Trump’s comments - Nagaland Post,https://news.google.com/rss/articles/CBMikAFBVV95cUxOUXlwS3YwRXdhSWY3VElDczZGUkIyTVoxLVpBZHJTODF3THhMWU1hQnBXdkVLM2U4TG0zTDdiaFNNdmdvRmpHYTNCRjJnVHl5U3lRRVBzNGpzaVk2RXR0eHp3Q1NPZTBKeUJNYktqaXlfM3pHaHpKOFBzRThmMkdHUnV3a3laZ1NQQURfelFKZWI?oc=5,Nagaland Post,"Thu, 08 Jan 2026 08:00:00 GMT",2026-06-14T20:37:40.984333,dos_ddos,True,False,candidate,https://nagalandpost.com/iran-army-chief-warns-preemptive-attack-after-trumps-comments/
network attack Nagaland,Tablets with pre-loaded teaching for Nagaland students - The Times of India,https://news.google.com/rss/articles/CBMixgFBVV95cUxPazhEZFIwWGFKY3V4SnZzeUdPYW5YR3ZIWnZ5LWt6MDQ3ZFRNZERTejVrYjdBQkNDVk9CVzlMZkxYU01XZ3IzTk1IMDg3TktGRzY3Qm15SF91dTBYTkpDdE1tdk5GNTV4Ul85cXBGNDk1dXpjT29YOXFZRTFSMFNhYUdsWUwyNzFLdVoyMDdiVDdZbVZrVUJRZlE3MVQ3WXRPQXZ5NEo0c2RHLWhPVHNnc1RVN1dOekZPeHRqOTR4dzk0TVpCZ2fSAcsBQVVfeXFMUEkyX280NUNnbUhMbTdDMDNmNFJyc1lKM0Z4SkNRNFVFRW9acVZ5SExTc09xNXNfOVhSc1Vfblp4R1RtRmxzeER0M21ZS1dDSDRRRGl0bFJFc214dVRxaVhhX1IybXQ4TUFrYnFtWWM0MXhLbTBUX0FiNFZRdHJhY1Vqc1dmV201bFNPT1hkYTIzZVEyNlJGSFpfNVBVWnIwTWFTNEdobHFKN25wSUVmemw5ZUpMU213RVFXWW4tSmtKN051TGxYc2k3LW8?oc=5,The Times of India,"Sun, 06 Jun 2021 07:00:00 GMT",2026-06-14T20:37:40.984369,dos_ddos,True,False,candidate,https://timesofindia.indiatimes.com/city/kohima/tablets-with-pre-loaded-teaching-for-nagaland-students/articleshow/83278591.cms
network attack Nagaland,Over 300 villages in Nagaland lack mobile connectivity: GoI data - MorungExpress,https://news.google.com/rss/articles/CBMikwFBVV95cUxQTDk1MDI1SklReE5HaGxlVWNMeHlWeWZnc1RhSHIyNVpqTFFtVDJNYS1UaDh4bnZfTFYwRFhPMnVBVG90RF92QW1uLVVITWV6eUJuZTBBZC1HY196aVVqVTdacDkzTTRlb1hJV2RyekVEQ3VNRGQzUzZpbXV3MFNIYjlITExzcEtuRnotc2czdlNjWmM?oc=5,MorungExpress,"Wed, 30 Jul 2025 07:00:00 GMT",2026-06-14T20:37:40.984384,dos_ddos,True,False,candidate,https://morungexpress.com/over-300-villages-in-nagaland-lack-mobile-connectivity-goi-data
network attack Nagaland,Nagaland sees mobile coverage in 1234 of 1535 villages - Eastern Mirror,https://news.google.com/rss/articles/CBMilwFBVV95cUxNY0haRmx4VE92TTh3RE1DUGhZa25HRV9teDBEcVBBdktlNWliUU9GY1FOTzhyZWJCTVNTTV90SHY1Q0NhSmUzU2ZUMkhyRjRyOHFiQkFoU283WDJmVk5VOG82TmFVUFVqeXZhQUMxMjFkODVvaEhSSEhjLVdfNW9NMmFpSkJqUHNzLXRWWHJvUkxfejA1Z0s0?oc=5,Eastern Mirror,"Wed, 30 Jul 2025 07:00:00 GMT",2026-06-14T20:37:40.984414,dos_ddos,True,False,candidate,https://www.easternmirrornagaland.com/nagaland-sees-mobile-coverage-in-1234-of-1535-villages
network attack Nagaland,Kawimaningsiliu named Miss Nagaland - The Sangai Express,https://news.google.com/rss/articles/CBMi5AFBVV95cUxQTFRHLThSdjQ4bUxhWFFVWUN0dThRUG9xNkVxaUdoT25xNXdQeVUydVA5c2F2aDhPUkNVUy0wbGdUSzRUWEpQaDNsQVRyaUpMRHlmNEJCNFFZYzMzX2pwZFd5NGdiVjhrNUxPWWxVV09CelRlNWZfS0NiQ3ZrMlhaSDVKcnJRVTJ4VXZXRU11QjdLeWRtaHZXVHJfVkNUcFRicXNtQ05zWV92S3o3enlkeTR6MFpOeFhZSlpETHprY1Q3ZWQ4d0prRHVYZlpETGlTN3NyUFFzZ3BHUGV2RV9Sd3FrLUg?oc=5,The Sangai Express,"Wed, 22 Dec 2021 08:00:00 GMT",2026-06-14T20:37:40.984439,dos_ddos,True,False,candidate,https://www.thesangaiexpress.com/Encyc/2021/12/22/Newmai-News-NetworkDIMAPUR-Dec-21-Kawimaningsiliu-from-Peren-district-was-crowned-Miss-Nagaland.html
network attack Nagaland,"22 Held in Nagaland Lynching Incident, SMS Service Blocked - The New Indian Express",https://news.google.com/rss/articles/CBMivAFBVV95cUxQU0NROHpzMXd1ckQxT3E2RjUxcUpPYV82d0R3Umk1b0lWbDJfaC03d1J3ZUo0d0IzYTNTZk9FZzBIYWtrY2VnUVJNTFhmaVVBLVYyVENKeE1MRUltOHRIbml0MlU0QmNZYi0yR19kTjRxNHdnSHg0bGNZaHlwX2hUQlRFZG95ZVZ5bGV6M2lpMlhubW9sUGJETVAwVVlLcmRtNG1kT0hpV1pBWXA0UHVzRjlHZkk3QV9rSm1Ya9IBygFBVV95cUxPNVhkNXpicU40S1dyZ1VJNk54a0Nnb254am83X1RlNkY4RDZDbnJ4V3VCTU1uSFAtRXVWdUQ1cmZBOXlubGlGOWFOdDFDaU5qYjNWZk1HQ0cwMGo0R1Y2Zkp6cENVUEdKVG5GX3Q3TDlUeXNBV1hLYVUtU0RpekdKRkhSVFFCZmFfM1J4V2JGazEwNjZUZF95bHlhUTBzSjlkbU9MTVBLMjRqaFV0MGRkdkx4dEc2TXVXYXR4NWdDOGM0X3VUcnptcVVR?oc=5,The New Indian Express,"Mon, 09 Mar 2015 07:00:00 GMT",2026-06-14T20:37:40.984453,dos_ddos,True,False,candidate,https://www.newindianexpress.com/india/2015/Mar/09/22-held-in-nagaland-lynching-incident-sms-service-blocked-726195.html
network attack Nagaland,‘Anushka Sharma Ka Pati’: Nagaland Minister’s Witty Reply To Favourite Cricketer Has Internet Saying ‘Men W - News18,https://news.google.com/rss/articles/CBMi6wFBVV95cUxQQUk3RUFGbnVWZkpCemVTSENhTW9Ud0tka19ZN2FLakwteDllQ2NWRXlRWFhrMl9VczQ0dUxWR3FiWHhiNktnY1VWcm1oTlpuYUVTM0tlcGRDakh5cW9VYTUzeDlGakZ5THV1c2owREx4RjNuVnhVeC0yRVRnbUtSZ3lqcmxja29wb2VhZzFhZ3FzT0tTTENZSjNFTkU3dThyYlE4YjJzTE1sTFFjbmw4R2JkSF9oS3hPcXlXREYxN2VsMGYzdk1SN09KWUNESl9pTld4ZTdYZ0Y4VnJ1NktTSWxSVWFKN0t4czRF0gHwAUFVX3lxTE9rV1hkWFNtSzVsRjRlS3BwT2Vrc1F4UTEzSGR1TzNMM1RrWmRQOVMtek1nSU5OMkk0UjlQb1ZjSjBtRE9uSGN6NlR6cThMVzhZelZvcGU3WTlGQkZ2RnNVc0IwblBiaklEWWw4ZFRfLVNJX2lsbmp1bzBMamhqN05ZMVotUzRfTkROOWZsdVAtVjdjeEVjMnM5NHR4eEpneHdZOHFMZ3g0R1ZPUnV3UEc0Qm5KeUEwVlhURU5zb3h2dE4zRC16dERGNUZBeE15M0FyYjljQl84U3VhWUI0S2Izb2xmM0otOTFydEgtbmpDSA?oc=5,News18,"Mon, 20 Oct 2025 07:00:00 GMT",2026-06-14T20:37:40.984475,dos_ddos,True,False,candidate,https://www.news18.com/viral/nagaland-minister-temjen-imna-along-picks-virat-kohli-favourite-cricketer-anushka-sharma-india-vs-australia-video-9647239.html
network attack Nagaland,"Nitin Gadkari inaugurates a major NH project in Nagaland, lays foundation stone for 14 other NH projects - organiser.org",https://news.google.com/rss/articles/CBMigAFBVV95cUxPclVvZUhzZlBPbXNEOFVNeG55LUl4RFhaSHozWkVKMndaV0pKaXRvQ0tYX1puRUdtaTJiQ3pRYWtHZlRZRWdKNGtqOWViZkhHbEhYVEhhTHhMU3BBRVdHaFZXaU15clEzYXYtVTY0NU1Rcy15MjRDR2E2eDkwblRvQ9IBhgFBVV95cUxOZnpDSjBRU3UycG1fZ1RQWmFHTFViLTBCYTYyYUdfaFBzS3AxS1VLb1VVeDZpSEdHbmRsU21XRVBxWm5SdTQyR09BWUhyZzJLcFY0NDNrekl5b1RNMHRKZkNnVnJuN0d4Yzk0WmNVOWlnUHlHMTlpZThZNENsZ3hBZlVaS2RWdw?oc=5,organiser.org,"Fri, 04 Dec 2020 08:00:00 GMT",2026-06-14T20:37:40.984497,dos_ddos,True,False,candidate,https://organiser.org/2020/12/04/132103/bharat/nitin-gadkari-inauguratesnh/
network attack Nagaland,"Didi, Mera Chopper Nikal Jaayega! Nagaland Minister’s Funny One-Liner Wins The Internet - Republic World",https://news.google.com/rss/articles/CBMi3AFBVV95cUxPR196ZVplUzA1eENQRHZJU29qdWs0dmRhUlBkcFJtR2l1UGV0aDVvM0xnMUdwM2IteTFrbGlhSjgzMUpEZWtUSWpZYkxUdkoxVEh5VS1VMlF2SG5NcWhXZW1GcE5QNVhRb0lDY1lydEdBeDNydmsxTjdBZzFlX2lhcWFJTzJETWdOeTVZczhQVUx6NUFrS3V5aXVEZlM4Z0V0MTlROGY3VXNQODZwUTlMcnpKMHVZLW5xZVJLWjYyNG9iOTlnOGV5LXlKYmpPRTZqc01tcGtvWmxHa0Mx0gHiAUFVX3lxTE5tSEFIUE83UkRlcU9nXzhTSEowUzNGZmJ3VzlCQ25EOHZ2RnJadzNneERRQkl1UG4yc1VobzU2bGVobV9sbm1LQThYaXcyRG91a24zUU1YVnNwVGZYOGN1WG8tREViV2U4Q3JrUlRESlBiZHZLRkFZMTIxMnZBVV80b0ttc3ZpeXlISFk5dDlYQnhrLTFYc3N0ZHB3TW12enhiUU1SbW9QM0V0M1FseWp0cnc0X1p3OEVUU3N5MFhweVE4SV9RSWtZaFB3VVBRbXFCbVJocHlNN0JyYmdoMExmU2c?oc=5,Republic World,"Fri, 10 Apr 2026 07:00:00 GMT",2026-06-14T20:37:40.984572,dos_ddos,True,False,candidate,https://www.republicworld.com/viral/didi-mera-chopper-nikal-jaayega-nagaland-ministers-funny-one-liner-wins-the-internet-temjen-imna-along-viral
website defacement Nagaland,Nagaland Dear Flamingo Evening Lottery Results Today At 8 PM - The Quint,https://news.google.com/rss/articles/CBMirAFBVV95cUxNMkhWQktOQnpGdExTYmtCbGpLaXVjTFl1T2RnNmM1azQ0ckRkRXhyVFpvZUwtWVdVdkk5R0MtTmlkMzVkd1VsWGJXRmcwS0p2dmt4UVJDckJ0ZGhybk9fTC1GUzBnWW1TYWFWYjdYdXRRMi1TMVNpQ296ZUVQRGdXSXcxeGs4dTcwWDl5N3h6MUhlUjFUNHc5TXFKTmZCVHFqdHI0dTlYU2N3dU150gG6AUFVX3lxTE16ZzY3eG9uc3lFTlF2elBtUGRRZk5fYzN2bDI0MmY1OFN1dnEzY0kycnF1c1lkRmk2Sm5TNnFBLXdzWlhMYUROZ3JNQmNnR01sOFF4RjFPU1h2R2lTRkwta2dnQ2tXWldVeENLZjBXU05wTUQtUGViZl9NUFpwU3NCeXdLdDJsRUdsVGloVy1rVHp6TV9scE0xNGlPVWgwdDF1b1U3UzdwYWhWS1NqbXBhd0ZFejg1U1hiZw?oc=5,The Quint,"Mon, 03 Jun 2019 07:00:00 GMT",2026-06-14T20:37:44.164981,website_defacement,True,False,candidate,https://www.thequint.com/news/india/nagaland-state-dear-flamingo-evening-lottery-results-live-today-3-6-2019
website defacement Nagaland,Nagaland State Lottery Dear Faithful Morning Results Declared - The Quint,https://news.google.com/rss/articles/CBMirwFBVV95cUxNWlczbVJYVDY5aEJQQjVrMnljYUFUS2VORXgtWmh1U19DZ2hZdDlZby1xSTRnU05pRXBuLUJtdnVWVHdTOUVqT2dmY0ZaOWxuV2RCSkFBakh1b0JVMnRwN0RJMDBMZjJRUVJmQUx0ajNmZEdDQkt4elMtY1JrMkdXQlhiSWx6LTZ5SVk0b1BPZkxuLTBYdXhTU3NXMTlyUlU5aDVyY1FpOTEwRUdsN2pR0gG8AUFVX3lxTFBTcHAxbnRIWjdRbllnUERINmdtSVNNSnZZa1VmZThLYm5UNTNMc002Nm04X3g2QnlPMzd4Rmc0OEhtMEhsZHhEb1Z2aE53ZVhIWUQwSE5Ub3lZRV96aDBpX0QtV1JpU0pWdjcyd1BRdk8zMi0ya256dEtXQkZuWk9XZXlOdmstLV9kSWdOdGNFalJBRVF1NUFxaWFEVjRBN040RlJVeFNwZHRvVmpVTXVCU0duWU1Ya0FGejhs?oc=5,The Quint,"Wed, 17 Apr 2019 07:00:00 GMT",2026-06-14T20:37:44.165009,website_defacement,True,False,candidate,https://www.thequint.com/news/india/nagaland-state-lottery-dear-faithful-morning-results-live-today-17-04-2019
website defacement Nagaland,Nagaland State Lottery Dear Hawk Evening Results 8 PM Today - The Quint,https://news.google.com/rss/articles/CBMipwFBVV95cUxQX3lVNjRLcHc2T2JBTUFXODNJRzlESENHVkpHV0M2cWIyWmRYbDhIX01YMmpZYlZsQlZva010RExrc0xCRXhFNG1oSmhFbnVubDVWUk9QcF82dlJ4UTVsTUtPM1NHNkNhNWZtOWwwa1NBUjlwZ0c2OFNab3I2Q3hOVDgzNXZPYWRrc0tnSkpoSnB4Qzh2ZTcxMVppZnZQZUtCMG9hdmZHSdIBtAFBVV95cUxPTUtMbmFZakpCZTB4bHJ4VDIyNnRlUDRSV2pRdVhhZTk1N0xHM05oaXBKTFVEVDRnYlZWQk5MWVpOLXlQUEROcVpTRGdkX1dVNjRGOVFwcjdxZndXVWZJTW1KNXgxN0tKb2NkUEEtdXNWRl9JVE15U1N6cUZxLTlZMGtDelJPTXdySklkUnRWWXlVWVE5YVBYLTh4U01kU2hDMzRrMGJZT2V0ek5MNzF0VzdtVUw?oc=5,The Quint,"Sun, 09 Jun 2019 07:00:00 GMT",2026-06-14T20:37:44.165017,website_defacement,True,False,candidate,https://www.thequint.com/news/india/nagaland-state-lottery-dear-hawk-evening-results-live-today-9-6-2019
website defacement Nagaland,Nagaland Dear Eagle Evening Lottery Results Out at 8 pm Today - The Quint,https://news.google.com/rss/articles/CBMitAFBVV95cUxQWWp5d21VNnZRenVHZ1Y4V3BUMXd5bWoya0tBNGNrdm5ZVHgxb3lpU1o3dHRnZDJ1UHJ4TTR4bFdvSzFITWh6ZDFldVVjRzJUMDJSd19mQ1haUEZGWmxCODZtblRRdzhPbzVubFFrN2tyb01yOUY3QjVQandrWi1lUjNOdkR6YVhrMEVtdTRVTWFEYkt1Wl80SEZOVHN1TVplaHVvU2F1V3Q0YU5RY0hnLTVZbnrSAcIBQVVfeXFMUEJhYUIyN2tFM0JVSF83eU5GYTN1SlZNUHA5REozR3JDMEJ4eW1Tc1UyRHhycHBwd0xremtYZzE0NzNtYjZfcFY5eUxKd290SEhTSXIzWEFWazg5UDd1X1FGVXllTEVFWnR6YlhtVkgxUXFrS3oyR0ZMV0xfOFZ0ZUF1NTBDNzBmb0w2WTRpSjd3YktXTFk0YlJ4d2NyWldzQUpWSGVPNExTOUxtbFVwY3E4eVFxRVA0Um9jbDMzT01BQ3c?oc=5,The Quint,"Wed, 26 Jun 2019 07:00:00 GMT",2026-06-14T20:37:44.165025,website_defacement,True,False,candidate,https://www.thequint.com/news/india/nagaland-state-lottery-dear-eagle-evening-lottery-results-today-live-26-6-2019
website defacement Nagaland,Nagaland Lottery Sambad: Dear Falcon Evening Results at 8:00 PM - The Quint,https://news.google.com/rss/articles/CBMitgFBVV95cUxPMWZBenprVFdZZUNiandTbmxwR0VsY25LUDBPREstXzBNbFk1U1BWOTZBZGtQNmREMDd2NUJvc1F5aW1mVjF1YWdIb2JNYVhPQ0tyY2dRVDlSUTE3T3V3cVpYZUF6NWFLSk1PS3JobUR6bVloZXJpM1pERlVxcUs1VUl0SUloY1F6SW5aWTBZYkppcG5uVG5oN1R2MGwtam53dmROT1BrZm4zblFnaEhQQjdfN1ZnUdIBwwFBVV95cUxQMEtUOEJTWW5kTkd6Q09xcHVMSGZSS1ZTUnlRdTI2WVBxbGZiLTFxeFhIRjZwcW44TXJwamIwUXY4R0FfTUFVbkpKOUptT25OYktwczFVcURpVzRKbDE5dlRRcGF5T055YzdWUGx0X1VKVFhvZV9QWlZVSnFCQkZHQ1Zyd1loSExhQTlkQTM1OWlGRzFFRmpILTZVUzYwUzR5UjBmQ2FFMjRlV1M4VHE0MEF5QzVBWHE2azZXUzA3cjdSck0?oc=5,The Quint,"Thu, 20 Jun 2019 07:00:00 GMT",2026-06-14T20:37:44.165032,website_defacement,True,False,candidate,https://www.thequint.com/news/india/nagaland-state-lottery-dear-falcon-evening-lottery-results-live-today-20-6-2019
website defacement Nagaland,Nagaland State lottery: Dear Faithful Morning Results - The Quint,https://news.google.com/rss/articles/CBMirwFBVV95cUxPdmNuclRXV1hWemt6S2c4R0tRN3Nib0x2X3NsOENHUHJ5MUZsNXNUZl9LTmgxUHRJVnFjc1I0WEVScWMwNlFwUW9pS1VQZl9OdHdKbEFoaVNkV1AxYng4cDFTZUhjbFRPY2pua25kdlBkMVlqdEw1b0FCamZLOVhOcmM5RUZrdm81QXFRQmM5bzhsQ213MHNQa0RjTDNaU0hGRU1WUU5fTWFTcG9sdDFr0gG8AUFVX3lxTE9BWGRONXd0ZElTWEliZEFjVU5NYU92djY3eWFId29QMTVFSXZHSFNnbkVsRnhyaHA1cF9mdlNNVXhIUjZTWDFVZ3RBaVFwVGozMFVXcDlvS0ZBUmwzREY5aTItb1pQQWpGWk9FQW1wT1lzVVctTzBLdDhJUU54X2JUcVppal80QkFxRnhrOE44TEdqS2IwdU5EeVlnamY3UTRFOWI0NHNMZkcybHBHRjJQNXF3Vk5ReW5WZnBs?oc=5,The Quint,"Wed, 08 May 2019 07:00:00 GMT",2026-06-14T20:37:44.165040,website_defacement,True,False,candidate,https://www.thequint.com/news/india/nagaland-state-dear-faithful-morning-lottery-results-08-05-2019-live-today
website defacement Nagaland,Nagaland Lottery Sambad: Dear Falcon Evening Lottery Result Today - The Quint,https://news.google.com/rss/articles/CBMitAFBVV95cUxPNjQ3d3FhcFRoU0h0dUVUeEF6ZW9UVXdBdWtaUXZMVHVuLWozZm1rR0RfZ2o4M2pmenV1ZHZNY0FqRHBOS3pmQ1JDN1J4SG16YWJEYlZWQjd3dXhHc1VSNnY3Tk9WeEdVOXhjMERUVFh4Y1owX0xZWVRCQkJBR1hRYl9iUWE4VXNicTBzWm9vX3JJQURIYXJuZ1cwTkRqd2hlZkdiQ3B1ZTRkajcwXzgwLUNDcXPSAcIBQVVfeXFMTkhCUl83NTBNemFnWFhBbFh3TE0yUmlhckVXbmxXanBRU29zaUlhQ0xVNGloeFF0cEM4b2lKa1djUDZUakVaZHBOWXFKRk9yNTAyNWVhTGs5S3Fobk9TQjBKNU9STUJDWG8zOUcwWFI4bEwxUVVWSE5OSFY3Q3FYOUluMjExSDlIb3FvZG1JS0ZmYTczVjBUUmw0Y01nem5GR3d6X19rUFoxUGl5WTk2Z2Z3QjV4Q1N4cjBGMDRzdHRHenc?oc=5,The Quint,"Thu, 06 Jun 2019 07:00:00 GMT",2026-06-14T20:37:44.165047,website_defacement,True,False,candidate,https://www.thequint.com/news/india/nagaland-state-lottery-dear-falcon-evening-lottery-results-live-today-6-6-2019
website defacement Nagaland,Nagaland State Lottery Sambad:Dear Falcon Evening Result Out Today - The Quint,https://news.google.com/rss/articles/CBMirAFBVV95cUxOd1JSRkJVLUdVU242bDBJdURQcVA5WVNad0hUOEtqRG9MbHJFY0xZVFM3dzJKNlVDQzVxRUJEak9yWllGbWh0SjZKZ05MRzFfNllNc2VxcVE2NHNiZklEaXNMa1Q4aEpQdHBJaEIxZklBdjlfU042TWtxRTZGR0l4TG5sZ1lyMHlfY1ZUU1Z0TjhVcXREOFFPWkc5NldqUmprYVVBbDdPLWl2SzI50gG6AUFVX3lxTFBTUXBrVnAtaXJRVjRpNzk0THRUS251QXpxM2J0bW42YklhSm9DQW5nNDRvRUQ1Z2F1U3JQaldteFRpNHozcGFsQUhEa0lWSEh3dG5jLTdLXzZ3RE9aYWZHWjNOY0tnUnFoTVZCV284aV9oVW1WcUExeU5DM1lfODlGaWQxWkhCM2ZRXy1CaHlXd0RYX09qVC1zbG4tUnFQU3Z5enZIYmp0VFRtZHA5UDAwYjlEdldXOF9LQQ?oc=5,The Quint,"Thu, 16 May 2019 07:00:00 GMT",2026-06-14T20:37:44.165054,website_defacement,True,False,candidate,https://www.thequint.com/news/india/nagaland-state-lottery-dear-falcon-evening-results-today-live-16-05-2019
website defacement Nagaland,Nagaland Lottery Dear Ostrich Evening Results Out At 8 PM Today - The Quint,https://news.google.com/rss/articles/CBMipwFBVV95cUxQSVpURkF2ZGFmcjh1RlVHUmJuWTh2a19XYWswckVSeHNKdWwta2pWMExhTF9wb196TGtoU1RGdER4OUdHQy1tVjBCRWVNY1RLZFA4a0prNWJDMFZNdHhlYkdlaGViR2s2X3hLbWp3dnNLdm1NZTZndGxlQWpuUG9HbDhSZDBuRWJBQW9nZlBIR3ZzSWVEampfOW9PUUJsbDJERWhuSlFfc9IBtAFBVV95cUxPbnVJNHh5V19vUW5uMFR1V3dxX2cyMlg3blpOWm1zN2tlY2xMdWhuNHZFT0RYVjg0bXZ0cGZmNlJXLWhwQk9xVmhjOV80amxTOV9hbUtnWUJLZ2NGXzRXTlk2TjdPaGo2WmVwejFkMEloZnBpaEIwTTZiWDI1MmZfbHYwMExhQlFLQVhEWFRCdGJ5bmVZcE5raFpoWExSTE5aTjNzOXNYbEdtTWM4NDRXTTQ1YTU?oc=5,The Quint,"Sat, 21 Sep 2019 07:00:00 GMT",2026-06-14T20:37:44.165060,website_defacement,True,False,candidate,https://www.thequint.com/news/india/nagaland-lottery-dear-ostrich-evening-results-out-at-8-pm-21-09-2019
website defacement Nagaland,Nagaland Lottery Dear Tender Morning Result Out Today at 11:55 AM - The Quint,https://news.google.com/rss/articles/CBMiogFBVV95cUxNdUFTOUlXc0tQZVlfb1V2QkpLREtuM1pqT1h0YzRQRzVfSmFoVkdiZkFjMWp6dnhHZDlmZHdGWmZMRDFWQXBCMnh2UkJkcEhYNkF0MG5iVkppOU1NVjNxMC04T0F6WWZaLXpsLWY4b0NLeWhsNTA4RDUxNmE1YlUtbDFCa3h4R25paUFSNXotUDdqNXBLTmdyTFNvSmFYamxmYWfSAa8BQVVfeXFMUGNSbTh0SVFEZFNSLXVxMm5KR1NLX0VjYXZXV3ZUNFZRR0VxSmJIb0VmNjVLbXJ5U1R5eUlodkV6LVBJcGQ3TVJXUUFHVjJla215Nkx1UGVXYUt4WWd2WFZnVnQzSnhTOG1yUGtSMml1aWdnNk4xS2xidE1EYU1Eb1FpRk5JZXRQSUtpalRmSkpRSzBxcE1JYVJiVkFkWDQ0ejl0Y1UydGFrMUo1LVhvTQ?oc=5,The Quint,"Fri, 12 Jul 2019 07:00:00 GMT",2026-06-14T20:37:44.165080,website_defacement,True,False,candidate,https://www.thequint.com/news/india/nagaland-lottery-dear-tender-morning-result-live-today-12-7-2019
website defacement Nagaland,"Nagaland State Lottery Dear Sincere Morning Results Today, 16 Apr - The Quint",https://news.google.com/rss/articles/CBMirgFBVV95cUxOU2tHMW1Qc1N0djFodzU5QTRQRzh1SHNVYUxWODZ0REx4OVZ4TFVfb0hHaUUtNDQ2VHJFZWJfRVBBOUtZdjFONmwtRmFQbFZ5ZDVTWGlIMzc4bi0zQjlpaDVnVDU5MVUxQnBRM3hURS1LTWY2dDR2ZGtGRkFxZnBndnp1UFAwNDVYZnk3NFI5dDVOMUZkX3NNUUJjQ0ZFNzBUdktQUzhzY1NBODdpRmfSAbsBQVVfeXFMTi1EQmlzeU92NjM5dUNxTlMweUxqRl9UT1JMeklycU1qYnpfRmgwWHJqOXpkaWUwVnloTWhYU2h5UkdvUXRyd0VaVEZLQmtFeF9jcVF5SmFZcDVJRkJLWnNNdVJRLTZIQkJpX0o4Q25zalhXUFJJbE1KZXRHTDV2ZnFDZHg4VHpZaWl0MjdiTmsxREsxSFppdDNBSlF3WFVTZ3MybDVaREl4bGtndXVrR2xVNmZQWi1IemZ1WQ?oc=5,The Quint,"Tue, 16 Apr 2019 07:00:00 GMT",2026-06-14T20:37:44.165091,website_defacement,True,False,candidate,https://www.thequint.com/news/india/nagaland-state-lottery-dear-sincere-morning-results-live-today-16-04-2019
website defacement Nagaland,Nagaland Lottery Dear Kind Morning Result Out Today at 11:55 am - The Quint,https://news.google.com/rss/articles/CBMiuwFBVV95cUxNZ2tndzhMY2J6UXJDRzlpSDR1dVFOX2g3RS0tdDhGOWtrXzNFOGR3am9leUx6ZWNnUGxoMkpveThPT1R0dW5tZ3dyd2RGYUJMREdrbEY0eElUUV9RS3lySnc2RXdYVWhEb0VIeFBYM2lXclRvY0NhOTJQdUhwWEhhVDVMSE1sVXFaTUpaT1dPS0ZrLW9sOEZWRU1yVjZqWkNxOVJmTmFVc0xQRXhoMzZvQmtReXdFbnRmWnJF0gG7AUFVX3lxTE1na2d3OExjYnpRckNHOWlINHV1UU5faDdFLS10OEY5a2tfM0U4ZHdqb2V5THplY2dQbGgySm95OE9PVHR1bm1nd3J3ZEZhQkxER2tsRjR4SVRRX1FLeXJKdzZFd1hVaERvRUh4UFgzaVdyVG9jQ2E5MlB1SHBYSGFUNUxITWxVcVpNSlpPV09LRmstb2w4RlZFTXJWNmpaQ3E5UmZOYVVzTFBFeGgzNm9Ca1F5d0VudGZackU?oc=5,The Quint,"Thu, 11 Jul 2019 07:00:00 GMT",2026-06-14T20:37:44.165103,website_defacement,True,False,candidate,https://www.thequint.com/amp/story/news%2Findia%2Fnagaland-state-dear-kind-morning-lottery-results-live-today-11-7-2019
website defacement Nagaland,Nagaland Lottery Dear Vulture Evening Results Out At 8 PM Today - The Quint,https://news.google.com/rss/articles/CBMipgFBVV95cUxPN1RLc0FNSDh6SS1MVFEtbGswVkVDcW9PdHVJYnB4OG1RU0xrY3dnd1Q4SGtkc2FKcUtjSm9DcVYxVklwTXRmQll4RDlkWDdWdVQ2U2JCRHkxaHZaZEhwc1Q4X2Rxc3lEM3NEV19yZkE1VEFaZmozUmF2ejN1S2x4X2F6TE5EU0J4NmJ2eG1scDdRMlhzdFdiVDBHbEtucndab3hMUldR0gGzAUFVX3lxTE8yeFB1emdzZDB5eGJhelVXU0I5Qy1IRHdHWWZFbEVFcDhfb2dxYnNzZF9BeEdZLXFBazVxc2NGVEpmSTBqaGdxTVBrbGtqaFJPNFhVMjBEcXprZTRFNzF4eHowRTJTbEl2ODFoeHI4MEtpV19iUWhmTkRXekpaYnJqMl9rT0VXS1F3N3dBclNiNERkT0FfMXE0OUNDSEFHUk9QLWl1elY3aldDbWpXS2tJNzlj?oc=5,The Quint,"Fri, 20 Sep 2019 07:00:00 GMT",2026-06-14T20:37:44.165110,website_defacement,True,False,candidate,https://www.thequint.com/news/india/nagaland-lottery-dear-vulture-evening-result-out-at-8-pm-20-09-2019
website defacement Nagaland,Nagaland Lottery Dear Gentle Morning Lottery Result Out Today - The Quint,https://news.google.com/rss/articles/CBMiqwFBVV95cUxQVU83WFo0dlZZdXFQbHJFZ1dNUzhSUExJREpIUFRkb2FiWmVmOHdfVHpGUHZJMU5CQ1BaRkdmQ1FzU3dvY01uQzdQenFkdTJtaTJqRlVfNHVrSWNnRENHZlVmMkVNdzBWLTRJQklzdGlEbmtMa2hDTmVSRFNseWczbVItZENfQWRUanI0V1FwUFpfM1k5Q0FFbjA0ZHM4Rzc3cFdLWV9wMnRXanfSAbgBQVVfeXFMTmh5dEdvT1Vxa3gxSC13OFVWczBkdDhRbTRFTWpwanRTTmJvaDFfSlY2MXllRzZCazJjbXg5a3JrMTFsYk9ncVVDV1QzekpwLU5GYmdsc0NEZ3p4b3dnZlM3X2J6MFB3dXFzYVo4d29yYnNGTzlwUlFUaG5YendoTmw2OURsOW9iR3lHRkxwSkJNLW83OERUR0RMMWRobHduNGZRMzRCSGRXbU9RSHBTUU9FdnNZcHFBTQ?oc=5,The Quint,"Sat, 20 Jul 2019 07:00:00 GMT",2026-06-14T20:37:44.165116,website_defacement,True,False,candidate,https://www.thequint.com/news/india/nagaland-state-dear-gentle-morning-lottery-results-live-today-20-7-2019
website defacement Nagaland,Nagaland Lottery Sambad 8 PM: Dear Parrot Evening Result Out Today - The Quint,https://news.google.com/rss/articles/CBMiqwFBVV95cUxOV0JaRmlZXzhqQWRJMmloNkJEY3oyTWRXbkRoaXdoMDY0SnBacHJDTWxTcFFnckplQTJDMWVpZGFzVmdBcktPelRiY2F1SHBrSUphOThxbTlsb01HYW9ERlZPbGVFcDBYRVRRZGdIakc0SjR1di1YX2V1RkpHNXZoQzRGUlAxM0JERUp4MWt1eDZoN1BWSFVQc3prNmhIY0cyTWhpQ3dxczBZaFXSAbgBQVVfeXFMTlVCbHR1b0MwWFc3bmNNNFdjdEJZWm1KS3ZzajNwMDcxQ01OTXN3emhjMXhkb0RjOFNjRzBPdk1SUUw3dS12Y2dKNUcxNWI0dzJPalBnTGt5blpHMEIyYW0wc3d2VWo2SE1GaVBpeDlrR09qbmJoaUpFYVFhN29NekR2QXNreU5tc09uck04TGJoWjFmNVFhSmNFQnJ5ZVpVcVU0SFdRdzJmdWg4VjNrSTF1RXRsd3Z0cg?oc=5,The Quint,"Tue, 21 May 2019 07:00:00 GMT",2026-06-14T20:37:44.165123,website_defacement,True,False,candidate,https://www.thequint.com/news/india/nagaland-state-lottery-dear-parrot-evening-results-live-today-21-5-2019
website defacement Nagaland,Nagaland State Lottery Dear Vulture Evening Result Out Today - The Quint,https://news.google.com/rss/articles/CBMiqAFBVV95cUxNTnlROE9xVHZKMXJmSHNRNEFRUDA3WTNGbnNOS0czc1BveTNkaEtuQlFvRE42d2VSWGFuQ01xYVNlNEM3d0Q1T2ZzdG5ycm1SMXRnRkJwYU90ZGdZUldOUmZ4ZHppX3BxSmNpV0ZMeDNRMnJQMlBtQU5Dd2xkQ19senZYSUZPOFFkcEV5M2MwY3Babmp3am0wMnQtb2pvdzB4djV3SHJCOU7SAbYBQVVfeXFMTUk3STFYOXFRRUZvNVVZMUxJZW9kUTlXaFlHU1JxTWx4Q0o1cUtQei1EODhNZS1NLW52aUJUVjk5cU12MldqOHZ3R3BvQkZIZ2hub2lkU0xvX0JHeEw4bVZxQ2NJUlZPdDZ6aXVNUEZlb2JQamVJSGpHenlTWnJtdlMweUpLUWUwcl92eW1RYy1RZjBLQTdkNkl3RFBjME5QZDNSUW5hNkJsYS10SmFaVnpLRVozOGc?oc=5,The Quint,"Fri, 10 May 2019 07:00:00 GMT",2026-06-14T20:37:44.165130,website_defacement,True,False,candidate,https://www.thequint.com/news/india/nagaland-state-lottery-dear-vulture-evening-result-live-today-10-5-19
website defacement Nagaland,Nagaland Lottery Dear Ostrich Evening Results 8 PM Today - The Quint,https://news.google.com/rss/articles/CBMiqgFBVV95cUxOS3JSOTBqTUE2a2FzakljV1J5UWFTOEk3b2k2OUhzejI0dTk5T1hZeTJ5a1oxM1BEOTRUMEUxMHdIUkZiX1BTRG02VFZlZThYVzJTbVJRbzVUNmRPNGx6NFNuRnhKWlN1YnNnc1hLc1l0UGF0YXpXQmpRZVR0Sktad3ZucWlPZHRjZEQ4Q05DckNoTkFVajZFeG5vcVRwMWNBdDRxZ2NkR3FrZ9IBtwFBVV95cUxPbl95Q0s3XzY4c3ZVb0Y0YVhiWVNYTTVJa0tjZTBvLUZMbG9RT1YzVkZ6UFZqYk5GVW9hQXlXZkY5YzZHWkVHT0owZ05pRDR3ZFVTQ0dEWndzbVJCMU9xWmJyWWFwc2NQbU5VRjRFQklNVnZqbXpUazdSbHoxZW52YU5sUzNoOC1FNUU1QUVodWhqQXhHelZQNVpLVkhKYWhqZ3pLS3ZkandXY055ZXlsUWhQMDFDdms?oc=5,The Quint,"Sat, 08 Jun 2019 07:00:00 GMT",2026-06-14T20:37:44.165137,website_defacement,True,False,candidate,https://www.thequint.com/news/india/nagaland-lottery-dear-ostrich-evening-results-8-pm-today-live-8-6-2019
website defacement Nagaland,Nagaland Lottery: Dear Loving Morning Results Today at 11:55 am - The Quint,https://news.google.com/rss/articles/CBMiqgFBVV95cUxOUWRFbERYWl9SQWFnVUp3U01QVDBLVGpQRWVOVWJsMzNUX0szb1ZiRzFHOF95WHIxbXdJcjBrLVdQd21QNURlTlRZTFBGQ2drcFJWS1h1TzVFcnhIX19IRXFOSVU1SmxPUmptVWZOS1VlTFpTdGRpa0xrOHM4Y05hTldnT1h2SXNlTXYya2YwN3ZTNWpiQUphSVJYWk5IY3BtWjRtWm9oZDZNd9IBtwFBVV95cUxPSlA0ckEtUV9ZcG5BbUZiV0djYVdWaW1GMDhFbmV5R1NMSmpQSk9GbFFFb3lKVU8xZVFpYzFLVkJHWU1Ua0lpM1YxYTZmZFNvejNXVFhNMXdfSFMyTlA5RmdBZHlhNUpfR092OWNiQWI0T05sSXNGUjVOZWNNdlNzbl9jeDFlSTNLdFVlazlmRy05NDVZNkR1UTYzMFU0MlVVRURsQ0t2LVM4RjA4UFNVZHMzNHJ4SDQ?oc=5,The Quint,"Mon, 27 May 2019 07:00:00 GMT",2026-06-14T20:37:44.165143,website_defacement,True,False,candidate,https://www.thequint.com/news/india/nagaland-state-lottery-dear-loving-morning-result-live-today-27-5-2019
website defacement Nagaland,Nagaland Lottery Dear Eagle Evening Results Out At 8 PM - The Quint,https://news.google.com/rss/articles/CBMiowFBVV95cUxNNDdVaTVjek9jRUFRUEp1bGVHYlE5NnBUbXp5c05HbVZVb2hfUGpKaU5pU2ttWnpLWm5JallXa2VfcjV4N3ZBaFBua2hfY0tZT3VTczYyVUYxd3dxVUhldVotQ2k0MGg1Zzg1Y0ZSUzVvcWI4ZGVmWFFzN01hcHhfempCY0ZYMV9od3UtdGRnQngyWGo0eGxWSE84bXQxak1laVcw0gGwAUFVX3lxTE1zNDdfUmNpUnZfNkJZZDRQc0dockdUcDRFZXRFWGJRWnFlbFI0RG1vX0hpM1p3QklXUm5laksyUVo0aEMxNEVxSklnWU01dWlCMEE1Q281UkJRMHhHTUlEdFphSlh3Q1d3OXNFeUQ2dlZQVUpKcVpwb05tWXZHMUMxU1BUU0xrTV9fdml5dHdsY3U1S3MwdjRKYWVRbWlXbGRHSUd2eGxHMnV3TnlfWm1N?oc=5,The Quint,"Wed, 18 Sep 2019 07:00:00 GMT",2026-06-14T20:37:44.165150,website_defacement,True,False,candidate,https://www.thequint.com/news/india/nagaland-lottery-dear-eagle-evneing-18-9-2019-results-out-at-8-pm
website defacement Nagaland,Nagaland Lottery Sambad: Dear Parrot Lottery Results Today At 8 pm - The Quint,https://news.google.com/rss/articles/CBMiqwFBVV95cUxPeWhWMHEwalJnQXF4SE9rV050andLRHhQOXhEWDZUTDg3dzI2ZHMxSnpUSHRtdEJneUQ4SkxSbzNSajl6UXlfX3p3dDNQX2VvWEpGOUhmdy03R2VlNjE3cUZFbWJBMUdlNTVFQnRYX0gwNFNReFpzOUZuOHRIMmpVbl95d1p3SV91cjkwcFJBSUd2eGM3N2tsOURCd1pRV1NlVWtFMVhOTnR3bmvSAbgBQVVfeXFMUGYtVEd1TGd1c0o0Ym0zNWxpLU9Bb0tmRFJPQm5iV0s1RXdUZDlYc3ZXN3hSZEdxOXVKQzMwdVZvV08tNXF3bGdOVGg5NGE2b2ZXSm90RDBVbFN0alVtYXBpNS1POXIydUFCX1Z3b3ViMXBPYWktbXN1cDFocGstc0RzYUZRNTk1VGtOZk13elRYdnVKT08tcjBGeklvdm4taTZFcmM5Y21WNmtBQzh6LWdzY0RFMVlySw?oc=5,The Quint,"Tue, 18 Jun 2019 07:00:00 GMT",2026-06-14T20:37:44.165171,website_defacement,True,False,candidate,https://www.thequint.com/news/india/nagaland-state-lottery-dear-parrot-evening-results-live-today-18-6-2019
website defacement Nagaland,Nagaland Lottery Dear Rathyatra Bumper Result Out; 1st Prize 1 Cr - The Quint,https://news.google.com/rss/articles/CBMirAFBVV95cUxQcEM4ZUMzSzBqemZsaDlFLXMyQ3ZEVkJ1SDhSZE55OE82TTdlSUI3cElmemhOWDFxY3FiTkJWT2U1Wm10dTdWelVKUXc2bks5T21yeXZ1SzJqTnVNQjZnZUlUXzhkb1VlN2VJVzBRclhiS2RkdXVkbmhyOTZJU09WM0hxYWxuLVBsWlQtU2h2cDliazh3VGhrSHlTd2FkLXBXWWg5cVNNZTdXYWhz0gG6AUFVX3lxTFAyR3pFRGxUSzhzNElNbUk4Qi1qN2dhQlZFVlgwOUhoTU1jRTJyVjZ4clNKMWVNSkpkRTJ2cm0wb3QwMDBFeDJwcUpudFlueVNHTmJfUHRveWtLOWUwS042TDdPSWZ5YWY3UzJ4ZWtDamcyWmlsZkpZTkxiTjFpWTIyRGVfZVhUNGdWY1dxblFTcGhNWC1UQmtnWG9CTnA3QXI0Q2FJQXRPMEVyQWs5SmZ5YWxpWDBhUUxFZw?oc=5,The Quint,"Tue, 16 Jul 2019 07:00:00 GMT",2026-06-14T20:37:44.165178,website_defacement,True,False,candidate,https://www.thequint.com/news/india/nagaland-state-lottery-rathyatra-bumper-2019-result-16-7-2019-live-today
website defacement Nagaland,Nagaland Lottery Dear Sincere Morning Result Out Today At 11:55 am - The Quint,https://news.google.com/rss/articles/CBMitgFBVV95cUxOOTRnbWdzbzBVQVFvbHdxaGpDcTdlXzUzcllockZQRmVxQm41UE14NXd2RV9yS0N3bTRwUlRXdGZzWkJjbFB4cF9kZ2hqY0lhNW9DSk85bW5hNmlxaTdsWjVLV0E4dVE2VXhLU25Oc3gxcGhBQThaV3BpSVRDWV80Y09udU1iMEUyckUzUXBqNGt0Um9WUER4TzdNNkZlY1c3LVcwc1ljU0lUR0ZROHBlN3ZRRkxqZ9IBwwFBVV95cUxQRTg0NnVvVDZLbTROSHF2Q3libkNfTUxMejVwT2FWV3lja2NyU2NLTHg0TXgyUGlsX0dndWlGN1RmSGRXUTZDaVJWNTRsZEhEMTNpajBqUHA5bG03NzZqOEpUN29COFYwZGptWjZaR0MzX0huX1VHdk9wT0ZjTF80SEF0bkUzY2FQaWVPaEdxdTNhMU5JV0JwSzc1VTZTWlgtelZGdjN0MEhzZjdaR1dSMkZwSG9aUkdZMXNaSGVKQ1F3RHM?oc=5,The Quint,"Tue, 11 Jun 2019 07:00:00 GMT",2026-06-14T20:37:44.165184,website_defacement,True,False,candidate,https://www.thequint.com/news/india/nagaland-state-lottery-dear-sincere-morning-lottery-result-live-today-11-6-2019
website defacement Nagaland,Nagaland State Lottery Dear Faithful Morning Results Out Today - The Quint,https://news.google.com/rss/articles/CBMitwFBVV95cUxPeG93N0NjNXN0OUFNd1hPaFJENWE3NXFQejlkU3E2QWZ2N0xsTXprbTJta0Vwa0dVTzluS1JIaGMtdm54YXdnUEJraFJuYTd3SUNNSFhobnUzSk1CMHpsTUh5VHBvWmloOGVuUEZUV3N1S2ZQbThhamRPWnBNY283NzR5RVBwNWswUlJQVVpST3kxQ3RrUWRHSnVFbXlkWFd1SjZsNk5UUUsyVk5IRHZ4OWpfY205UTjSAcQBQVVfeXFMT0pJbG5pQWIzNlJMejNPNHJUcjdEd1dFcE13TW5GLWVXbVhldE5NdF9kR1VWdGF0aEtVaHREQjMtZWJEeDBjemhkMEdONE9BbFAyeE1va0VzaGZiQlVkeGVyUGFYaEp1aENSa1F0TXV6XzJyaHFQX2FfZmZxMnIwY1pwWXZYYW11T2k0aVdGejhrTUdHWXFSSWowV015WEVsakRaZFo0aWE0U1pIVG9OY2FMbldndXFMc0gxSnpSdnA5dC01TQ?oc=5,The Quint,"Wed, 12 Jun 2019 07:00:00 GMT",2026-06-14T20:37:44.165191,website_defacement,True,False,candidate,https://www.thequint.com/news/india/nagaland-state-lottery-sambad-dear-faithful-morning-results-live-today-12-6-2019
website defacement Nagaland,Nagaland Dear Ostrich Evening Lottery Result Out Today At 8 PM - The Quint,https://news.google.com/rss/articles/CBMiqwFBVV95cUxQU256TEQzWVkzU2Y5RXVwOVVia3BfdkhnUExjMllkUmw2T3ozQmRkUF9SdTlYcl9TNkVpaVNfQmVTM3U1YkJVVWZyeVdITHZEWE9EQmhnVFZFbnV0emJLMjR3Tl82QnFZVUc2U2wwX2N1cFh3NEFUVWRjanhvalNLTDZoYy1RSzlCbHphZEMtQlA4T0xZU2FPRVNGZGswbFNIWXlzeWRBcFA3WDDSAbgBQVVfeXFMT21QbVdQUmg5eGRuejcxOVJ4dFJEQ2NnSm53M3FLenZJNDMxVzAxT3VVQmdrRDdXd0tBaURYRy1HVlp0Nk5wMTRFeFUwYkhob1hfaVZkWHNCTkdhUDJieVRMT2RzbklTRlQ4dHJZTkNmU3BDcUJiczBZV2pYdUtzcWdER3QtOFlaUWpHdXJSZzFFUmpCclpia2JMdGVkVTRtQ2hzNmlkZUV5MXNldWNBR0d2d05tSUFvcA?oc=5,The Quint,"Sat, 10 Aug 2019 07:00:00 GMT",2026-06-14T20:37:44.165197,website_defacement,True,False,candidate,https://www.thequint.com/news/india/nagaland-lottery-dear-ostrich-evening-results-8-pm-today-live-10-8-2019
website defacement Nagaland,Nagaland Lottery Sambad: Dear Hawk Evening Results Today At 8 pm - The Quint,https://news.google.com/rss/articles/CBMipwFBVV95cUxPcnJtSG9TaDFEeXBHeWdmelZvMWEtTFlrRW5UVF9OVEpfVEFNb1JjcFdMUTVQZDJnOHV5ejRkWWRJQXY1NXBQdExZWXJzRjVYcmhBVmQ0MnFjMjIwSl9HZEpfSmFTTFZPakEzMGNIc0FWbUVaVUgxS3hJVk1Ya3l1ZkVGSUktUS1vM1MxUk5Vem54U21kWFJ4MWNnMEdRYmp0M0tiN0JBa9IBtAFBVV95cUxPVnYyOENfN2NrUWtNbTVEajNpVFJfY1lVdWZuX0l4N281czkwU1JjS2NwOHcyZ1BveVIyNWRVR2xsejl2dUZpM0NicGVCMXpGM0pqcS0zc0tXa0VQcmxvZFFsRjRiOVJsNFJYVUNYT0N0Z0RPOUx1bmV4YzJwR0g2bEp6T3VBZFhRRExHU3N0ak9uUTdBUUNpaWt4Ty1QZXBJLWpFTWo0TVdzVVN6b3dqTk9oN3M?oc=5,The Quint,"Sun, 07 Jul 2019 07:00:00 GMT",2026-06-14T20:37:44.165204,website_defacement,True,False,candidate,https://www.thequint.com/news/india/nagaland-state-lottery-dear-hawk-evening-results-live-today-7-7-2019
website defacement Nagaland,Nagaland Lottery Dear Vulture Evening Results LIVE at nagalandlotteries.com; 1st prize Rs 25.29 lakhs - Zee Business,https://news.google.com/rss/articles/CBMi1gFBVV95cUxOejdUdk5NWjU2TWUxYmd6c0RNUV9LdHo1QWUzeEwtRFZNSjR5RmxnaldwUGtRVldOcV8yOGdkTV91cTNuVFRJbF9jUHBXelhlZklLOVRGd1VIQ0tyMGhpaVhkcGpDSUZnQmVzbWhuQWJSLVIxbkpsVE1sTTlOcVcxTVZxOEpzcWhkS1Q3czZZZFhEd0tvci1oQzNaYzRQRDVQSnFVbmxnd1NNQkZjbGhhWFpORDBVRHJwa21NWENGSHNWdmFMSXFZT1MyT0owNzJoV0VaNlFn?oc=5,Zee Business,"Sat, 21 Sep 2019 07:00:00 GMT",2026-06-14T20:37:44.165211,website_defacement,True,False,candidate,https://www.zeebiz.com/india/news-nagaland-lottery-dear-vulture-evening-results-live-at-nagalandlotteriescom-1st-prize-rs-2529-lakhs-111004
website defacement Nagaland,Nagaland Lottery Sambad Dear Faithful Morning Results: How to check on nagalandlotteries.com - Zee Business,https://news.google.com/rss/articles/CBMi2gFBVV95cUxOSDF2cFhFOXV3QXVwV2M2MHpZNWtwUDFZU0dtR2t1eXVYZEtJLW9IRVVIWHVRb01pUDk0VG0xZjlPU3VqYmlidVlKeEJvWjhKYTBPMGdYaFJtRE5RUm5qTlo0bFRWQ2lPaW9HNkd0R3RmXzFmNjAyT2t3Rmd1MXUzR2VrVGVQZE82TUJhbGI1WmJYRXNBaGRpTTRMSDQtZHBkeHRMQ2htX2daVW10NGZvZ3plZWQ5ckg0V08tS3JMSjg4UmlDTW5BcDVOMHhWVXNJV01qR053aHZwZw?oc=5,Zee Business,"Thu, 08 Aug 2019 07:00:00 GMT",2026-06-14T20:37:44.165217,website_defacement,True,False,candidate,https://www.zeebiz.com/personal-finance/news-nagaland-lottery-sambad-dear-faithful-morning-results-how-to-check-on-nagalandlotteriescom-107810
website hacked Nagaland,Nagaland board results 2025 to be released tomorrow: Check steps to download marksheets here - The Times of India,https://news.google.com/rss/articles/CBMi_AFBVV95cUxQODFwUVR6RWRQTERpS0dRdGhjSWcwOTFZOElWUWpFOWpTVnV3VTZJb2UwTklsUXRYNmhqeVFzVDRUUWN1LUxLVTV6NG9aWGxsVFA0NWs5U29ydzQ0dkd6VG5fYzdyLTNjd205bnJBYmxaczdWWlZxSTVkUEw0bFJmajMtTVZubTFxdmFZRWFrOWN1cE40bVFYS1lwNkpQeWpKRzNUT0pHWTlHRGtRTEFBX3FvRV9McmdMTGI4QXA4QWZTQ2dFamRoSkg2dWM4c1lnV3p5YVFTLTNaVHN1cWRYNzBtb2FSQm44b3lwODluTjN5bUdmUl9TdWs2YzbSAYICQVVfeXFMTWQ1SkxpcWozT2piR19XRW9QaEN2WGxYY3VfWlhsRVF1OG83NTMxckpWT1kwZUZ2SkZnMjE2djMxeXkxeUtjRXhMNDRDTE9NcnJrWlVxOFdqQk9CNy0wMFpLZHdwaDh1dEZ5SFdlNFg4bWdNbXJ4eGRtZVVwYTVlYVpoSFR2bkx2S0lYc3NIYWQ5YUNYc3JheWdkbU91Nlc1VEg1QzkyS1NkVDFkaVJlbTBpancwN1kwMkVCRmllTlBteUt4VEs5bXVUdnhfcS14ZVJyOXhmSGpDcFMwNk9pYXVCSmV5eUR6dFJWTDBEMFZ0cVdOZkgwMlphSHpoY3JqOUxB?oc=5,The Times of India,"Thu, 24 Apr 2025 07:00:00 GMT",2026-06-14T20:37:46.027343,website_defacement,True,False,candidate,https://timesofindia.indiatimes.com/education/news/nagaland-board-results-2025-to-be-released-tomorrow-check-steps-to-download-marksheets-here/articleshow/120589827.cms
website hacked Nagaland,Amazing: Villagers pull truck out of gorge using ropes in Nagaland - The Times of India,https://news.google.com/rss/articles/CBMi0gFBVV95cUxNRFRSWUhoRHZrbHAzdnVsM3lRRU9OV2RneUd5dEZET2wwcGUzVnRTczJaTFZKdGJIYm1HU2VvZmVSNWxEVHVab0RUQks5MjZkQXQ4OUNlZHpWQzEyaFFKMnVkdEJOT1p5NGpGeVd1Q1JBRjZBN3B0TkVlR094OHgtZTlzQlRSVDZFY3k0amhuSjVGOVJJREViQzRZc3FWUnA5VVNTN0Zjdl9lME81Rng0YmZvZmlFRXhRRnI1Tkh5YVIzMVRkX2k2UUFKTzloRTR6aGfSAdcBQVVfeXFMUG1XeUEybjFGTlk4LTBEbkhUTzNFQUJPWDJMWGxOV2FTNzNfUFVmN1lOSkJWNmxXTGxHRVJWdXBYRzQtbVgwdjhtZkZBU1V1a1ZPZ0ZUUXFFdEJEbllBMGRWRUhpeGNvdmhqS1poc0xYM2UzTW5kNDU3R1ZoeW9laFROX1NCbi1LRmo2RUhsNjRaMGI0SDg1WXZjZGh3OUhKY29hTHc4ZnBrU0dDZEtNV0taaWZTX1V0RmY0cmkxQmV6LXpjcENjc01hdTFTblU2M2NqMGVpSmc?oc=5,The Times of India,"Mon, 11 Jan 2021 08:00:00 GMT",2026-06-14T20:37:46.027356,website_defacement,True,False,candidate,https://timesofindia.indiatimes.com/videos/news/amazing-villagers-pull-truck-out-of-gorge-using-ropes-in-nagaland/videoshow/80211066.cms
website defaced Nagaland,Nagaland Evening Lottery Dear Flamingo Evening Results Out - The Quint,https://news.google.com/rss/articles/CBMiqgFBVV95cUxOY1BpeXY0MUpiTFV2V1ZYRUFQTXhfSW5UdDdWRUVOdTdqUHRqRFVTbzRFenJGMXR3NmRURWRrZ2VNLW5BQ3d2MUlBaFplT05OTU51WFIxMGtvSHpYQ1VZU25YN1RnSGZqdFpGYkFnTzdxOVFEYVpWN0N3YldOclI3X2dCdWhxV2RZUWxudFE0UEFXUFVhZmsxQmZMNTVCLU9hWVZoTWRzWUhKd9IBtwFBVV95cUxPcklOQ2J1MFhzZFhHbTdBVXR3V2VBUFlGZFVfQkVTRk5JMXZLVjEzOGROWUE1RHdXdWFiWGdvdHhaY2NrcHlzTmlXY2ViS2M5eDN6azBocUNIeEZic0xPelhCNEhtdW5DSlZ4T19INERBY3FoYVE1RHc3SnlYNDBHQlV1eVh6dkxwQWE2anh1NlRRa3kyVkNfWHh4RlJGRl8tLWo0NS1NYTBhMTgySG5oeXo5WWtfalU?oc=5,The Quint,"Mon, 30 Sep 2019 07:00:00 GMT",2026-06-14T20:37:47.650962,website_defacement,True,False,candidate,https://www.thequint.com/news/india/nagaland-lottery-dear-flamingo-evening-results-out-today-on-30-09-2019
website defaced Nagaland,Nagaland Lottery Sambad: Dear Hawk Evening Results Today At 8 PM - The Quint,https://news.google.com/rss/articles/CBMiqAFBVV95cUxPY1NkcTZwQndXSkNfRVR3THBTNW9fMjl3aHhKeFVjNUd6ai1OMmdmeFJyazVudVBVZHpvci1sQnVNYTJfYnR4Q1VhVnp6V1A1YlBfWm9SU2xoeUxpQWpxX1RRdkV0MURLM2hJWm5ZbUpGWHlfVUo2Q2daYU5ERjhubHV1YXEwOVFEUlAxb0ZjczZIeGVTanFuM2FPX3hXSF81M0pZaF9ZbXHSAbYBQVVfeXFMT2dDTkQ2QnN4RGlaLVZ2U0VmZ21fYXpSbHJTWkJrbnNrUHdCWDNuQVF6bC1SdEZBMzduV0hpalVxbzIwUGpEcnJOSGdJb3dVY2JoVlo2MWw2UUZRZGdMeWQ4akFyMXRqbzZibDBZZXR0LUlBN1k5LUVrQ3lrcjl0clpuYkVoNWpiMkFJb0dMOEN2bGlPNGVKOVFibkZpRkNtNUVCX3NyNTloOEcwWWMtYWNEel82enc?oc=5,The Quint,"Sun, 14 Jul 2019 07:00:00 GMT",2026-06-14T20:37:47.651094,website_defacement,True,False,candidate,https://www.thequint.com/news/india/nagaland-state-lottery-dear-hawk-evening-results-live-today-14-7-2019
website defaced Nagaland,Nagaland Dear Flamingo Evening Lottery Results Out Today At 8 pm - The Quint,https://news.google.com/rss/articles/CBMirAFBVV95cUxOcU9YT3FXY1pkVXRvTFpIdVVyamlBckxhc2RveGozcmxjb0VuLUNDTDY4d0JyaWZ3VnVXLVVHcTRhM1FSTml2c2o2TWVTN2VwaFlRMDhUbmJlNWozZ1NhN0tENjU4Z1U2VmJHaG0tX0MzeDNFazN6UW9BNTFxeW5xNU5aVlg2SDdleTEtcENGRmJkRlA0MDJfLXAycno2UFo3aGhGdjc2YUMzX05o0gG6AUFVX3lxTE42al9XRFpMZDdNWE5jbFI5TEwxMUFyekl5NWd2dmVwd1hpZHZvSDZjT2V2Yk5pQmVUQVdaYkdNQ3JaY29xd19sb3FPM3puT05CNDA5aUliR0h0d1VaUlNEMHF1aHhyRkdyUk1JRVF0WXcyZFc0czhxejUxb21pSUF3MVV5RzNvNEdRY3BjV2FLLWJtc1ctSnFveXVqMTJxTWV0Yk0wOWRlWnZpdTl3LVpsMmpER3hzcFN2QQ?oc=5,The Quint,"Mon, 01 Jul 2019 07:00:00 GMT",2026-06-14T20:37:47.651105,website_defacement,True,False,candidate,https://www.thequint.com/news/india/nagaland-state-dear-flamingo-evening-lottery-results-live-today-1-7-2019
website defaced Nagaland,Nagaland Dear Faithful Morning Lottery Results Out Today - The Quint,https://news.google.com/rss/articles/CBMitgFBVV95cUxNczcwNUtHVmRHSmZfbGVSd01DZnN6RzJNN1pJazFmWVpDWGpPT3UxXzlhWk1aa2FSbVVuV2VDN2JwcFNzbjRwWTlKb3lLTGRZTVNvY1BHWEd5N28tcF9qMm03Z2hrN3hNOVJUYmtIOFR0cVRhNENFQjEtMjdyRWxJdkVjT1hyOV9vX2xJbXIzY3U5WVZxdmZoNEtodm02WHRXUHhlYmJDemlOY2k5UndGM2VqV2ZVUdIBwwFBVV95cUxNaXIwWnpMOVZOZjFPS0lEcWZqRUxiY3BLZ1NFREttZHF6WXdKOGhBdXpLYjRaMVJsdHJsMkJNVUtTV01QTlNGWFFDcV9XRTlkOXJMcnZYdERQMzRuMFBvaDdlNXdBblV6SlhVNzExQ21UdTZhZENadC1XbmEtYTFlWjJYX0EwNDI1VnViLVBuVjVOR2VuOUFENWJQUXZzU0xDc3dIQ2FfVFN4MjcycDNmTW9sQVVlU0FmcWNkTVRZZUFDX0U?oc=5,The Quint,"Wed, 03 Jul 2019 07:00:00 GMT",2026-06-14T20:37:47.651183,website_defacement,True,False,candidate,https://www.thequint.com/news/india/nagaland-state-lottery-sambad-dear-faithful-morning-results-live-today-3-7-2019
web defacement Nagaland,Nagaland Dear Eagle Evening Lottery Results: 8 PM Today - The Quint,https://news.google.com/rss/articles/CBMitAFBVV95cUxOQVZEQWVTMlhTOW1sZnNoeWpiYy14SHBKYk53eXVNbWY3Qk5LMzNFN0FDY1dOS0JCeGxabTkxUGJ0cFRTRk5xNXQ3RGJrMl9DS01tZ2VmUmlHMnhLNHIyZHBDWDZ4UmFfS3RBNE4wZ3c5OUw4T3ZGM01MUC1Ud3pqZGFWUHJvbnlqUFpKS2w0LVV5YW1BZV9BTWtLNXRlQ3JNeUQwRm45aGRkOUNObFdnVlFINXbSAcIBQVVfeXFMTnBnV0hEa1JQSmN2VHl3bE5UUTZXblJacU5VTXROLTVUOGhQTU5tQnlMaGE5RVRwdTZWTUJla2t1MXRmLTd4MC1IcVp3LXdWSnRveHc5aUJiQmhSaG1VM3pQUFR3S2dRdVB2OHA1YkVFcm1TZVJkM0JTX3JCLXd4T0J0NXBCa2piTUd2YmpsY2dlM2Y3S2NmaVJtcW1WVnI2TWJTeWtnMU82X0xqU25tbVJLVnJ6ZVprTWRLdzJPYWVyMGc?oc=5,The Quint,"Wed, 29 May 2019 07:00:00 GMT",2026-06-14T20:37:49.500740,website_defacement,True,False,candidate,https://www.thequint.com/news/india/nagaland-state-lottery-dear-eagle-evening-lottery-results-today-live-29-5-2019
government website hacked Nagaland,All parties in Nagaland come together to form Opposition-less government - India Today,https://news.google.com/rss/articles/CBMiyAFBVV95cUxPYkpMalM4eklNczl2b3dWLXZlMlk0NEtWYlQybUp5UVBkUjdrOG5aMEkxNkhFUHlOZTExSDg0Zm5wR0t2aXNUYXRuaFg2Um9jWUhvTFlMTmoyUkxpV0hrTl9XVjFhRGpILU1oQVM5SjBtWG1aVnRicGhsWUdRM3RuNGFkSFUyaEc0dU1jay1UWTVmd1ZpdGlCcm1xSmhfMUdzZ1JWLXFPa09CSHgwcW9idUpibFFFNkdqYi14LVZNQmFGNnJoZmhIdtIBzgFBVV95cUxNNmVPS0dNLTZQa3BXdENESXo1RnE1c0MwZjdkX3VMZkh6MUdIX0RtNnNxdVktYkp0ODdnZ0V2SHc3cTNKeGtNNlRIbFhzMmFiMjk4bnJwNHpOSkFjSVlqeDQ1c0VGSjk3TUt3UGl4NTBONlpGemlKdjVHOGtCVTNtaWU4a1FfajVTVkg1OHk0SnVmRDVKZTBEZzJBNWxWempod1ZYX2QzWi1YODJYbFFJV3ZYQjU2cXJxeC1vRThJaC1PV3BtVWc0MzhYTHdjZw?oc=5,India Today,"Sun, 19 Sep 2021 07:00:00 GMT",2026-06-14T20:37:51.265527,website_defacement,True,False,candidate,https://www.indiatoday.in/india/story/all-parties-in-nagaland-come-together-to-form-opposition-less-government-1854370-2021-09-18
government website hacked Nagaland,Nagaland Dear Lottery Sambad Result Today 1 PM Live: Dear Rise Monday Lottery Result of February 9 2026 - LatestLY,https://news.google.com/rss/articles/CBMirAJBVV95cUxQTlZPX0pUQkVxWHA1MXhJZ3ZMaXFaSTlNMFJKZmFIN3Y1bkFNdVpvX3h4Y2VScnN0LXZzRG9vYU5BSHBFWmlXbW9HSGlfYkZUc3ZpWHZaa3Zvcmk4YUlsVmlTdHYxX0JmNGc2SERqS1FQdHRGUDNCWGRsZkVoQkEtUm1hbTVadFZNbnc3MGsyNDBYaXM2Qm95aFpOWGYzU1AtV0ZiVVFaWmxDMXZ4bDR1UW83dkZMNExXOTMzMWJKTG9WV2c5VUN6d1hxQ3NJWl8zZjdNcHgzaDlsU1ZRTUp2Yk0wOHYtYWJpX0hzeVZkc2ZaVXNGRjRSZ1hOSXZwZDFzb2h3djJQQ2dCazJuWEM2MFRqWlJlSDRRSzlPeU56RmdZcHQyRnY3c1dqODfSAbICQVVfeXFMUHBVdDJnSG9PU2Vza2FGQ2hGOVpncmwtVTNFU0E5SW4wOE4tNmp2YUdXYkJvNzBwNEhJN01ETWFSR1ZTZjZQVmhyZlZRakxlZEFNalZ2eXB2VHBKVG1HbXZ6d2pNU3ZQbGw1SXZIY0Q3bUdJS2JSYWlkU0txaTNHV2FZMjV2WTAtSmhyajB0dlV3bklBdm9vV1R0cTBQWEhHT1YwMTB1R2VtZFhoMUY3dldWX3lUeENfY0dKSVNDMk45QzhlX0pMckhWV1BnVkI5cWFoVHBDUFhPVjRVQ3RFQ1lMTW5TYU85OVBJT0tyZWJMMnBOM2lHeVNLZm5JRnlnOWV4QXFOVnBsTWNiRGFTdHg4TElmcjhndWZsYXFHS0xUNG1yMTBGeExGby1xU3E5Vnln?oc=5,LatestLY,"Mon, 09 Feb 2026 08:00:00 GMT",2026-06-14T20:37:51.265613,website_defacement,True,False,candidate,https://www.latestly.com/india/information/nagaland-dear-lottery-sambad-result-today-1-pm-live-dear-rise-monday-lottery-result-of-february-9-2026-declared-online-watch-lucky-draw-winners-list-7306943.html
illegal crypto mining Nagaland,Fire in Nagaland’s ‘rat-hole’ coal mine kills 6 in India - The Coal Trader,https://news.google.com/rss/articles/CBMihwFBVV95cUxOaW5zamZSXzJHaUszbm4wdVR2SExtc1V6UGd3MTVnU0RXWEVWTUE0UnJTV2toS2I2QTZScG16a3ZWRFJBUVRfR1ZWRzEyWjI1Zko0cGFTZll1VWoxaEY5YzNyRmp6cDNyNURua29TcHpwSFdLZlR2XzhUMmF5MEdlMHlHUHBySW8?oc=5,The Coal Trader,"Mon, 29 Jan 2024 12:51:59 GMT",2026-06-14T20:38:22.279480,cryptojacking,True,False,candidate,https://thecoaltrader.com/fire-in-nagalands-rat-hole-coal-mine-kills-6-in-india/
illegal crypto mining Nagaland,"Crypto mining 'app' case: ED files charge sheet against Chinese-controlled entities, others in Nagaland - MorungExpress",https://news.google.com/rss/articles/CBMiwwFBVV95cUxPMWdZaUg4Z09kZ2tVUXRrdG1MSGZ0S3hSWkZJc3FEcVJPN0lLYUFFdUlLZllvcUdaOHZHcGMtbmpPVFRuUURQU2RpcVZOblRhbldSZ01fdGdCRnBrYWhVazlOQnZQVG5xSl9oa0Q2dTRiT1UzOVdjd0owSVNDblFXZlN3Zk1lTlQyV0hkOHpnaENaUGl5NFpUMlVXS1gya0NaVGF6cUZabElKWmRYUTJOUlhDUG1nTEpLR1Y1ci1MZXN1bjQ?oc=5,MorungExpress,"Thu, 07 Mar 2024 08:00:00 GMT",2026-06-14T20:38:22.279495,cryptojacking,True,False,candidate,https://morungexpress.com/crypto-mining-app-case-ed-files-charge-sheet-against-chinese-controlled-entities-others-in-nagaland
illegal crypto mining Nagaland,"Nagaland Money Laundering Case: ED Files Complaint Against 299 People, 76 Chinese Entities - Dailyhunt",https://news.google.com/rss/articles/CBMihwJBVV95cUxOUUdrTXpnR2lUNTE4WGR6NXZFUE5sZWFtdHF4dVlNQ3BzX2dKZ2o3ZkZ2Ny14TF82dGY4ejVsSXNMWWcySkdmTjN1TGR0cXVPY19mSGl1Q2RLeVJ5VWM4Y29ZX0xTZEZNM1dySWlwV3BfX0VIaVdtcGVlV2FhTHJVbkstaU1CSFJrYW9pdmxHZ1l5UjJRTERxQWJ4bzg4VVRKRVdpOXVkOG1IUXZod1ZEc1gzVXJjaVpnOTZxOTNwdmlYNWJGTEVWMUxTLUs2SXJkaTZSUzFnR0hlaDRTUURBMVBkT0pTSktnaERNTzZmMmprdDNpRXZFRE5jRklqQWNMVDBzTndHVQ?oc=5,Dailyhunt,"Fri, 25 Oct 2024 03:19:06 GMT",2026-06-14T20:38:22.279530,cryptojacking,True,False,candidate,https://m.dailyhunt.in/news/india/english/the+sentinel-epaper-senteng/nagaland+money+laundering+case+ed+files+complaint+against+299+people+76+chinese+entities-newsid-n589493592
online drug trafficking Nagaland,POLICE DEPARTMENT CONDUCTS PRESS BRIEFING WITH THE MEDIA ON NDPS - DIPR Nagaland,https://news.google.com/rss/articles/CBMilwFBVV95cUxOeDNITnd1SUF2OU1WRzNZYzRadVJfWWRfZlI3MTdjbkM0bEZlRG0yYjB3QnpETTdhbE96VzUyd2tpUzJ2TWJ4SGxtbm5Ib2hnTHVINHZ3MTBUdXVBbWJXT1ctaXZ5Y29STVVNVm1aUHJkWk5CU2NDRkxMMWRxOExZd29Qem4xbHZtdTYxdmRVTUFBdEQzNExn?oc=5,DIPR Nagaland,"Thu, 06 Feb 2025 08:00:00 GMT",2026-06-14T20:38:27.582941,online_drug_trafficking,True,False,candidate,https://ipr.nagaland.gov.in/POLICE-DEPARTMENT-CONDUCTS-PRESS-BRIEFING-WITH-THE-MEDIA-ON-NDPS
online drug trafficking Nagaland,ANTF conference in Nagaland to lay roadmap to fight drug menace in NE - The Times of India,https://news.google.com/rss/articles/CBMi3gFBVV95cUxPbHpJcmJ4RU53RU1CTjF1bEVtNmdCa2hZVGpEYjV4MHV5dXk3QTRhRVRGcUVReEpVdVpYVGw1b3VGNWEtMFFmVXdNdTJrbVNBaGwtUi04U043WFd0TVVCa1g1Q0IzVEY2aDBhRmhwbXNmQlhYVkZwVTR3QUV5ZmRBMldKQTNPUUlGUVhjeEZ5bG5LejExb09kYmduak1XcXFFZmdaamw2U3ZFeG5aR244SUFuMldHRVVLcjVKUmVITXNCSnJHX2hDM0h5RHlWcUEzZThOek55OUJEWmNObHfSAeMBQVVfeXFMUG1sa2Nsb2g4bVZzUXp4cjAzbEFWU01xVTM5MXB4eHAzWTI0NzdCLWJOcHZHTEpWOF9kdGw4a3A3MDVzbWsxZmdnUlZIdGFFRW05M0JyRWo2UEpFaW1XM2sxdjcxTTNGVVlmVmdMX2I2RzZtSGxiLXMtdEd1cXhobFloNnlWQmNiZ0JhRWlWMXZ3Wm1jSkNZeUNPWW54ZmRIakcxYzRaMFJZdDNFYk1Fc3pNc3dVVFJab1c1ZS1aWmRhZ1VLRzFIN1pOZWZzdVN1TmtIWFRIRzRUMTlsLVdEV0g1Nk0?oc=5,The Times of India,"Thu, 13 Nov 2025 08:00:00 GMT",2026-06-14T20:38:27.582958,online_drug_trafficking,True,False,candidate,https://timesofindia.indiatimes.com/city/guwahati/antf-conference-in-nagaland-to-lay-roadmap-to-fight-drug-menace-in-ne/articleshow/125306886.cms
online drug trafficking Nagaland,Nagaland police to host first regional anti-narcotics conference under ‘Nasha Mukt Bharat’ mission - India Today NE,https://news.google.com/rss/articles/CBMi7wFBVV95cUxPeFk2TUFPYnBzTEdPNWNiVHN1cFVLdV91V290SWNPdEZVb25qQ0dfTDBZMnNjLUplZllsZjVqcG1mdlZOcHZMcFVQalVKV2FXQVlHaWl6NFVsRGpaeTlnMnNzd0VHTjZKTjVVNmpCR0pqc0oyX2JaUFVHcm9Ec1NaNDU0czFGYkxjaUptaEZSbnh2RXNCWkNyNDlVSHBhR2pfVC13dWFEVkl4MmFvaUxNel81Y3Nza3V3d1E1UlcxLTR3ckRpV1Fxek1wNEdxUWt3WTl0aEM3dGwtMXhzbWxpZEdKbUd4cWdtOGg0eVoxMNIB9AFBVV95cUxPOU5nRDg4cjZrUDcyVnItZGZqZTV2VVJCVWtZRi0tQ29xVzZIRjVpNk1lY1kwUFBWX1dobUxLYUJsTmlmMzR0RVUySWl1S1prS3FBaFpNNzVqVUU4aS1xbkRyb2F0c08tQnlGb1ZOYzZoOVRPcW45Z3pnVmJ5YUJWVkp2SkxsYlZtcDR5bHdjbHBScmJ5YWh1eXJGOWs4WGY5MDRhRWJYM3FpUjdkWUZBNmpPcUFPTHJMdGdqWno2Z2NEc1E4MG11b3laeTJUbDhSR3RITF9EVFdlaDNwalFNa0x5M1NVb0oxS3dLVDhQZWdEc2Vx?oc=5,India Today NE,"Tue, 11 Nov 2025 08:00:00 GMT",2026-06-14T20:38:27.582976,online_drug_trafficking,True,False,candidate,https://www.indiatodayne.in/nagaland/story/nagaland-police-to-host-first-regional-anti-narcotics-conference-under-nasha-mukt-bharat-mission-1302440-2025-11-11
online drug trafficking Nagaland,Nagaland Schools to Launch PRAHARI Clubs for Anti-Drug Awareness - Ukhrul Times,https://news.google.com/rss/articles/CBMib0FVX3lxTFB3SUVjenA0ZHluQWtKREp4MU9wUDBIOFF3eVBpNTNnRVVCR0gtX08zUHVRRVduLU81aEYxV3NKa3VYNFZxLUU4cm5DQ3ZFUFlTcUZTVjFoX3p5NVg5RDdrZEJDdVVUUm9yQUYzZjllOA?oc=5,Ukhrul Times,"Thu, 23 Jan 2025 08:00:00 GMT",2026-06-14T20:38:27.582992,online_drug_trafficking,True,False,candidate,https://ukhrultimes.com/prahari-clubs-for-anti-drug-awareness/
online drug trafficking Nagaland,"Nagaland has 1.2 lakh drug users, says DGP - Nagaland Post",https://news.google.com/rss/articles/CBMidkFVX3lxTE1HQ2wzVWYyZVZYQWVEZnM4d0lHalVzQkdBQmdvRU1GTTFBMzBkejhQZ3E5b0NRaHJwZ0tqT3hIZXNQcVEtRUZGYVRIdEVUNlktS001WVNJZE5zQUlpbDFiLUFGNjN1OExaNU1UbGdiN3NCLWczWVE?oc=5,Nagaland Post,"Sat, 28 Jun 2025 07:00:00 GMT",2026-06-14T20:38:27.583001,online_drug_trafficking,True,False,candidate,https://nagalandpost.com/nagaland-has-1-2-lakh-drug-users-says-dgp/
online drug trafficking Nagaland,"Nagaland consumes over 20,000 kg of drugs annually, says DGP Rupin Sharma - Eastern Mirror",https://news.google.com/rss/articles/CBMirgFBVV95cUxQeDFEcHBKZ19NSmh1bWJfTF9ncldDdUhTUmpLNTdDS1plbm8tZS1vQWpwRGZhVC1aU1RmQzJ1TlFnWVpqQlhYdWUzWUxlUlJ3YURnLUFDRzlvWEFxSUNVbXhrR2lyT2dUZ1VDYjZWNFZaTG9zS2tyb2tDVFlUX0M4ZWVaZkFZQTQ1NEdkQWtsbHo0NWU5bGR1MUNTQlpkY1BOZDEwVEtvSFEtS2dEZ1E?oc=5,Eastern Mirror,"Thu, 26 Jun 2025 07:00:00 GMT",2026-06-14T20:38:27.583009,online_drug_trafficking,True,False,candidate,https://www.easternmirrornagaland.com/nagaland-consumes-over-20000-kg-of-drugs-annually-says-dgp-rupin-sharma
online drug trafficking Nagaland,INTERNATIONAL DAY AGAINST DRUG ABUSE OBSERVED IN DIMAPUR - DIPR Nagaland,https://news.google.com/rss/articles/CBMiiAFBVV95cUxPLTZjMEx2Z2NvTGtISlZhTHNIV0dTakt5QlRkcFJsWlFMWmtZQVk5aElYaHZtUXptc1NVakxmaW8wZlhwaU1aWExOWXFNX1h5VkhQTmtZbWUzaHdwZHNtQjEzWGlkZ0hleWJwYktSbWtJT3ZzS1VQc2hacFNhUV94SF9FUUFlanhP?oc=5,DIPR Nagaland,"Tue, 28 Jun 2022 07:00:00 GMT",2026-06-14T20:38:27.583031,online_drug_trafficking,True,False,candidate,https://ipr.nagaland.gov.in/international-day-against-drug-abuse-observed-dimapur
online drug trafficking Nagaland,TUENSANG OBSERVES INTERNATIONAL DAY AGAINST DRUG ABUSE AND ILLICIT TRAFFICKING - DIPR Nagaland,https://news.google.com/rss/articles/CBMiqgFBVV95cUxOcjN4WE9NYVNCNXV2ejZIcEk5WHRhZ2ltRF9hX3pKWklVS3l6ekswTFJuOU43QzRkU1VfV3UzTDJEN29OMmFaTUgzSDFnbGhJV2VSZ05QcHB0UjhiUWk2bkFDb1Y1dHVZWFRrZUZUdDhmeGdpLWVuQ3daaWxWQ0dpN3RsODltVHA1dlRqZzZyVGZMeXRvWUZmV1BiZ3ktOTNYbk4wVzQ1YkFtZw?oc=5,DIPR Nagaland,"Mon, 26 Jun 2023 07:00:00 GMT",2026-06-14T20:38:27.583091,online_drug_trafficking,True,False,candidate,https://ipr.nagaland.gov.in/tuensang-observes-international-day-against-drug-abuse-and-illicit-trafficking
online drug trafficking Nagaland,Dept of Social Welfare launches online competition on substance abuse prevention - Nagaland Tribune,https://news.google.com/rss/articles/CBMirAFBVV95cUxQaGxxUTg2SmU5aE9ySWRfTjZEQTh4dW5KeXp4WXlJU3h6X0N2SUd6a05JbUZLc0s2dWpYa0ZWRjc3aHU4RVZ2Ui1pXzlxQ0ptckFwdEw2VC1pdlVWTnJrbS1jTXNoSXl0RGdzejlxM01ZeWlhNG53OC02VkxTeFJJYmRIWXJVbG9mREhXbWRuZjhodUlpUURYNlY4Z1dVZE9pZGx0enBodktjdEtC?oc=5,Nagaland Tribune,"Mon, 24 Jun 2024 07:00:00 GMT",2026-06-14T20:38:27.583099,online_drug_trafficking,True,False,candidate,https://nagalandtribune.in/dept-of-social-welfare-launches-online-competition-on-substance-abuse-prevention/
online drug trafficking Nagaland,LEGISLATORS TAKE PART IN DISCUSSION ON THE MOTION OF THANKS TO THE GOVERNOR’S ADDRESS - DIPR Nagaland,https://news.google.com/rss/articles/CBMivgFBVV95cUxNNF9KSUxaaG5lN2N0anRxYVF2d0RkbzVKbmdNXzV6UlljOFZqc1ViRm5TaHZuWWF1RHNSZG9JM3B4Zk8xcERDUUc4NVZaZEhqNl93NVRMMGZfV19TMnE2NmVrRjVySHltdkswMDZGQ1lDaUV5VV9OYXpHYkU3cy01aHJqT2V5V0FqNnkxMXB0TXFmejNrZklCRzJBYzlSdWtlTVJfM1AxLWlnTV8wbXZGVDJvOThUaFlUdFl5TmhB?oc=5,DIPR Nagaland,"Tue, 03 Mar 2026 08:00:00 GMT",2026-06-14T20:38:27.583108,online_drug_trafficking,True,False,candidate,https://ipr.nagaland.gov.in/LEGISLATORS-TAKE-PART-IN-DISCUSSION-ON-THE-MOTION-OF-THANKS-TO-THE-GOVERNOR%E2%80%99S-ADDRESS
online drug trafficking Nagaland,Nagaland’s silent drug epidemic - MorungExpress,https://news.google.com/rss/articles/CBMibEFVX3lxTE1NMFRsR0w4R29MVDA1SkZyZkM5SGxJWDlXWEczQndmd2xSS0dEMFZZOGVkRG41STVUeXFXeXJ4WnBvZXNxZENxNjZhRHBPRWpMZEwzaGZENVJBb2tMcFNzZlZUYy1aQkx5VXkxUA?oc=5,MorungExpress,"Wed, 25 Jun 2025 07:00:00 GMT",2026-06-14T20:38:27.583124,online_drug_trafficking,True,False,candidate,https://www.morungexpress.com/nagalands-silent-drug-epidemic
online drug trafficking Nagaland,Assam: Huge quantity of drugs seized; 3 women from Nagaland arrested in Dibrugarh - Hub News,https://news.google.com/rss/articles/CBMipAFBVV95cUxNOTdFQ3NCb0Q0aVQ4UjY3TXdiZHRZc1I4LUlISkJWeEJUbGhUcmQwa29pWjRiaWc3VVo4cU42YzNMYWlicnVIaWxVNTFheGplbWxxY3g5Y2FXM0hMVzByTGU4SjFzcHFSUGpkZ0VhczUyUURaTzdhamp2OHJEOW1CWENYWUxLVHNVMUNsQmFRbmFsWHNOcEMzZEkydWpVdUJzU3RZVw?oc=5,Hub News,"Sat, 23 Sep 2023 07:00:00 GMT",2026-06-14T20:38:27.583141,online_drug_trafficking,True,False,candidate,https://hubnetwork.in/assam-huge-quantity-of-drugs-seized-3-women-from-nagaland-arrested-in-dibrugarh/
online drug trafficking Nagaland,"Nagaland State Lottery Dear Earth Friday result for June 24, 2022 - Eastern Mirror",https://news.google.com/rss/articles/CBMie0FVX3lxTE1qWWhncndqOF94ZmVhcHUxZ0hHdlE5cXEyYWN3OTl3UEFucmRtUjVjbDQ5NjRBRWNvcGtOdHI0N0NhLWNoeHlhSDFsbVRaM090ZnFrbjdLYzBIMEZpVk9wdGI4VTl6YzhYWkNZWVNIcTFqcXQ5cVdBYVU3SQ?oc=5,Eastern Mirror,"Fri, 24 Jun 2022 07:00:00 GMT",2026-06-14T20:38:27.583165,online_drug_trafficking,True,False,candidate,https://easternmirrornagaland.com/dear-earth-friday-result-june-24-2022
online drug trafficking Nagaland,"Nagaland State Lottery Dear Vulture Evening result for June 24, 2022 - Eastern Mirror",https://news.google.com/rss/articles/CBMihAFBVV95cUxOS21YcGZvYVRNSENFT2ZDMC1fdlExRDFsMjZsa011aVlFZWNQYlZnZUxESkVsRmhTbE81WjNLeGdZT1lFTG1KUGFFMWZQbHV5bFhqZXVFcjRjQnVnRE9kMldHUVRpUFYtY1JNbVVLdzdyMmhoRzlCS1o5bzl6STQtMUtwRHQ?oc=5,Eastern Mirror,"Fri, 24 Jun 2022 07:00:00 GMT",2026-06-14T20:38:27.583173,online_drug_trafficking,True,False,candidate,https://www.easternmirrornagaland.com/dear-vulture-evening-result-june-24-2022
darknet drugs Nagaland,"Northeast Must Unite Against Drug Trafficking, Says Nagaland DGP Rupin Sharma - Northeast Today",https://news.google.com/rss/articles/CBMiswFBVV95cUxQbGt4NlMyYjJaVHBPNGsyUUhFZS1TTFFCdVBvRm43NVNEQ282S183QjNSOEtuM0xBWXljOGYwdDA2d0tlNmRCc2xSWVdld0hrNGxFeVVSeEZGc0RpZUJMd04xZmh4dzR2dm8zVEJnVnl6M0FxMldaclRDSHRQQ1FNZ1ZNWlpRanh6WmhnRi1OeTJjaWpkSGlvbTNVMGdoZkd0WkdKSE1wLXZfT0pialVqUkh1cw?oc=5,Northeast Today,"Thu, 13 Nov 2025 08:00:00 GMT",2026-06-14T20:38:29.068111,online_drug_trafficking,True,False,candidate,https://northeasttoday.in/northeast/northeast-must-unite-against-drug-trafficking-says-nagaland-dgp-rupin-sharma/
darknet drugs Nagaland,Nagaland DGP warns of 'public health emergency' from drug menace; calls for unified NE response - Deccan Herald,https://news.google.com/rss/articles/CBMi3AFBVV95cUxNdmxsc05FRGNhZmstX0tnTUlYY1B5Uy1uSWRCSVlfWnRVUjd4aDJJR0Y3Mk1OUi1Fc2h3XzdHLUdRMFBZd2dXS0tlRGRDaXZXakFPemhOOGJFeEF1bHh1MS1SU3plcnFtZlFTeHRUUi0tQ0M4NkwyQ2N4UjRaNzBpUmtNZjAzVkJ6eDI3WThNVlFvdEptNFpZeENlVXBRcGktYWxlRHV3UEFQZndVd0N4T0kyZ3V1QzNNRzViSHBSbGV0bWh5RlVuemkzLUYwYWVSOGJVbV9kM0NDWnlL?oc=5,Deccan Herald,"Thu, 13 Nov 2025 08:00:00 GMT",2026-06-14T20:38:29.068167,online_drug_trafficking,True,False,candidate,https://www.deccanherald.com/india/nagaland/nagaland-dgp-warns-of-public-health-emergency-from-drug-menace-calls-for-unified-ne-response-3796492
darknet drugs Nagaland,Nagaland battles 1.2 lakh drug users as north-east states unite against narcotics threat - India Today NE,https://news.google.com/rss/articles/CBMi4wFBVV95cUxQUUFEZ2ZNbEgtYUZTSE15eXNuMUNPSlcwVldHQnE2QWlRaXYwLWMxNXRITlNoNHFDdkJheUlSWHlEVFYzcGUyUWFZejl4R0YzMGZtLVJJN00xSWxtb2tRNzFtRXFwVV9zMUQ1end0ZndhRHZDM3NNT0Vtc2M4TlVqczFVaDM4VVNCUDQxcE5XOFhMRVZDWTF4c3ZzdUVOcGc5eTRMdi1TQUU0UHBUbjZudmpITktOODhUcHA2TFZZcVljR0dfNkJxaVY3Vld5NVh1UldDSjZhQkpjU1RpRE5LUXdmONIB6AFBVV95cUxQbFRRTmVzdmhUR3dvQkxYV0o4UmZKcjdWbzJPVzVTSzF0S1EyYTEwQVJ3a2swb2duMjdsck9zZkk0dG00Ukd0YVpJVWlpZno5TFZyM2FQQzBFaDFEUGxUNzY0YjQwc0JrT1Mxc0dXRHhfUnp6NzNfMnI0dDVINmxIaGl2amU1OWQ5SDJILVpNeFZHdlp2MlRLMjhQREdQRVhOTFl0WEJzOXgxYjhqakdvZWw4cUxYZmVRclEzRzhidjc1ZXZRdjY4MndxU0FiU0xfOUlJNHIxSHktNHpkLXFEUW1IOUpXTHJn?oc=5,India Today NE,"Thu, 13 Nov 2025 08:00:00 GMT",2026-06-14T20:38:29.068177,online_drug_trafficking,True,False,candidate,https://www.indiatodayne.in/nagaland/story/nagaland-battles-12-lakh-drug-users-as-north-east-states-unite-against-narcotics-threat-1303467-2025-11-13
darknet drugs Nagaland,Nagaland among states severely affected by drug use - MorungExpress,https://news.google.com/rss/articles/CBMiiAFBVV95cUxQSHhHLVBONjdWNm9FZ1Jqa0JyNkpkWTh5OFR5eG5yQ0dxTFpwWkdqMHNCbnVTRHk1dzdGMjIyVjFRT2xoeHNxNlN2amotV0l2Z0p3NTk3Tm42RjNaVERiODZSV2Y2SnB3c0hKSzRnbDJUMTRnRHRrU0hvU3JISWRZMHRvQUU1aFRS?oc=5,MorungExpress,"Tue, 28 Jun 2022 07:00:00 GMT",2026-06-14T20:38:29.068194,online_drug_trafficking,True,False,candidate,https://www.morungexpress.com/nagaland-among-states-severely-affected-by-drug-use
darknet drugs Nagaland,Significant increase in seizures of drugs in India over past five years: UN narcotics watchdog - Nagaland Tribune,https://news.google.com/rss/articles/CBMivgFBVV95cUxPTTVKUUJLVkVFVmxLbUxPdHFvVmZGQ2ZMbkNqcEk2TkpTdk1qZGVLZkpfQnpTWmZJU3ZUNGNzell1TFoxTl9pRlFFd3VnV0FfZWpVZ25FamdUYzc5TXVaaUZzSnU5QzRFMEZZVy01NGtOVWF2N0hKWDlQU0dkQUhKaDJNMjRHMEFyRW5HN0Y5RmkzeXdIT3NLZm1ja3V3MW9tcVBfd1BNUlpxRWpqYW5FaXBCdHA4SUJsNV8xTU5B?oc=5,Nagaland Tribune,"Fri, 10 Mar 2023 08:00:00 GMT",2026-06-14T20:38:29.068203,online_drug_trafficking,True,False,candidate,https://nagalandtribune.in/significant-increase-in-seizures-of-drugs-in-india-over-past-five-years-un-narcotics-watchdog/
darknet drugs Nagaland,Mizoram Intensifies Crackdown on Drug Trafficking - Nagaland Post,https://news.google.com/rss/articles/CBMigAFBVV95cUxPNXU4amJXbXRYMUtkQ29hWDBEWFRZSjJPaU45eF96OTgzVGpBcV9admdTTmZUd2JDaXBSVjd2RjREM3oyUzJGRnY3OEh3MDluQ24xOVB0OHB3V0d4WUtCRkhOVVI4eHJPWXE5QjdYZ19WR3VBVElDTGloUjlvTVJKQQ?oc=5,Nagaland Post,"Fri, 24 Apr 2026 07:00:00 GMT",2026-06-14T20:38:29.068219,online_drug_trafficking,True,False,candidate,https://nagalandpost.com/mizoram-intensifies-crackdown-on-drug-trafficking/
darknet drugs Nagaland,"Errors in NEET-UG 2024 isolated incidents, UGC-NET question paper leaked on Darknet: Education Minister - Nagaland Tribune",https://news.google.com/rss/articles/CBMiyAFBVV95cUxPWmNRWFZVLVlVbDM4VXBQSFJfOUpibE9hZ3V3VWZQSjl4R2VJOTFnbkptY3BaYk1PZU1wR0N2ZzQzN0t1TzJEUERxNEk1WWdxLUo4anVBbG1RVm9fWWtfWUVsQ1U5aERwamc1RXBNTWtHQU1nR2lmT3JTTS1WZkFpUmJjRm5WM1ZINW9JTUJqNDVsWlljTmwtdGUtY2RUS3ZmZFkxMkQ5VjNOX3pTMGxkYmlqbm5nTXlZWUZHLVRlREdGRzBaU0lJLQ?oc=5,Nagaland Tribune,"Thu, 20 Jun 2024 07:00:00 GMT",2026-06-14T20:38:29.068226,online_drug_trafficking,True,False,candidate,https://nagalandtribune.in/errors-in-neet-ug-2024-isolated-incidents-ugc-net-question-paper-leaked-on-darknet-education-minister/
online drug sale Nagaland,Chemists in Nagaland join nationwide strike against illegal online sale of medicines - Nagaland Tribune,https://news.google.com/rss/articles/CBMisgFBVV95cUxOQzBia1hmVnlDblRXREZCT085dEZqdG52ZmViMVpSam03SkMwcUZaX1dJWVZFQ2swLUZjeWJGQV9tc1NRWmw0YUg0eHI4dTZzd1VEU3ptU0VSTTVCWHJpa0I3c0g5dHJKd0xIeUVqOVI2TWtJOFhDNmlkOVBUZ3RfOTUzWWxJNHU1SU1uaWptUVBVeG9JQjdnVm9lWUFoMXRIM0hrejZwS2hHV2hRRUlhTXBn?oc=5,Nagaland Tribune,"Wed, 20 May 2026 16:46:10 GMT",2026-06-14T20:38:33.966029,online_drug_trafficking,True,False,candidate,https://nagalandtribune.in/chemists-in-nagaland-join-nationwide-strike-against-illegal-online-sale-of-medicines/
online drug sale Nagaland,Nagaland chemists join nationwide strike against online medicine sales - Eastern Mirror,https://news.google.com/rss/articles/CBMirAFBVV95cUxNemxTbGZ2NW05emlBRDNNbTltbXZ1b3JxRWdoWjQycDhjU0F6V2k0RW54VDU5N09jMEVSQmMxTnFsY3FLTjRkcXpkTnRTU3lYOE45eUhFYVh4bmx4QXd4NEl5eHJDMlBRLWhoX2hOZ3o0ZUVkNUJFaU5QTGdtaUY4THFVV01ZSnhGZ0hKMWh1cERjMEc0N196dnM0R2hwVmpCLUZ1bndXOHppbmJM?oc=5,Eastern Mirror,"Wed, 20 May 2026 07:00:00 GMT",2026-06-14T20:38:33.966088,online_drug_trafficking,True,False,candidate,https://www.easternmirrornagaland.com/nagaland-chemists-join-nationwide-strike-against-online-medicine-sales
online drug sale Nagaland,Nagaland chemists join nationwide strike - Nagaland Post,https://news.google.com/rss/articles/CBMidEFVX3lxTE1HUmQweGM3UE9wRlpqLXVnbnJSblFZSnQyZU15MGdfQ3ZXLTBpWWhNVlcyZEJlX3FRekpCN0NSUEhNZWJfenBLeWFGV0ZlNlZ6VWNiakJob1daUlNxY2VwZEZQaHNaRnZsVTlQZm1rcEQteGtJ?oc=5,Nagaland Post,"Thu, 21 May 2026 07:00:00 GMT",2026-06-14T20:38:33.966103,online_drug_trafficking,True,False,candidate,https://nagalandpost.com/nagaland-chemists-join-nationwide-strike/
online drug sale Nagaland,"Kohima, Wokha pharmacies shut down in solidarity with AIOCD nationwide strike - Eastern Mirror",https://news.google.com/rss/articles/CBMitAFBVV95cUxNYlBIQ3ZqWWhCZ3B4dld4SGVPdDlZbDltcXpjR2wxdlNyTmxHalh6UXZ2OGN3Qndkb19CRGRxWUF6bFJ4SG45T2RyY2RMa2Y5Nk1GWXNad0dRSTBDblNzQkkyR2I2dGtOUXRWRHd4WW50NFNvbjFqZngwVGdDTHdKaW05dlBja0JDYnhqelY1OVg2WjExY1k3MXp3R3c0X2R2MVF6NUlETHpjU2xNYVBkeVc2cU4?oc=5,Eastern Mirror,"Wed, 20 May 2026 07:00:00 GMT",2026-06-14T20:38:33.966116,online_drug_trafficking,True,False,candidate,https://www.easternmirrornagaland.com/kohima-wokha-pharmacies-shut-down-in-solidarity-with-aiocd-nationwide-strike
online drug sale Nagaland,"Nagaland Police seize narcotic drugs, psychotropic substances worth Rs 30.05 cr in three months - ANI News",https://news.google.com/rss/articles/CBMi7gFBVV95cUxPT0gwQ29sQVExYXJYSlMyLVJXOVREVzZHemwwTUtCOE9NcWVldk9nTGlQQVluMTVBRldNVWh5dDhXd1E1Ti0yRVRzamgxN1dicjZTVW1pUzlZd2ZfOW1KeTYxTEpCc0V5eFJzV0hXUmFTX3FiY2ZmX3BCV2dPSFkxMl9jNmdPMEtSbV9kb3lzQ0pfY2hOQ2lkTXVabEt1dGVfZnYwWi00d0NOU2N2UElTR3VLRjhWOUNkd2dZejV5QjE1Q1BHZ01ZdXFxSG12M3h0cmlWdmFrNndyQXdBSjhYMG1nZDA5eDlCcUJEOHl3?oc=5,ANI News,"Fri, 27 Sep 2024 07:00:00 GMT",2026-06-14T20:38:33.966164,online_drug_trafficking,True,False,candidate,https://www.aninews.in/news/national/general-news/nagaland-police-seize-narcotic-drugs-psychotropic-substances-worth-rs-3005-cr-in-three-months20240927220903/
narcotics online Nagaland,Nagaland sets June 2026 deadline for pharmacies licensing registration - MorungExpress,https://news.google.com/rss/articles/CBMinAFBVV95cUxQUENGMkl2blo5NWFKcUV5N21NMXUtZV9VSl9vbTBFekhYVFl5aDRtRC1jOTFxbkp6VU51c1I4dWxQNjFmeENqbDBGYzNBUWFfSGlHNmNrU3JPRFZPeWRTcTZTbXYteWU5bVI3eGh4UVZiVGNaR3RZUFVSdVBPeFdKU29FMHF6QnliUlZZempSeE10ZjRabHB0VFB6bGc?oc=5,MorungExpress,"Wed, 11 Feb 2026 15:52:22 GMT",2026-06-14T20:38:37.134970,online_drug_trafficking,True,False,candidate,https://morungexpress.com/nagaland-sets-june-2026-deadline-for-pharmacies-licensing-registration
narcotics online Nagaland,"Nagaland to host first regional anti-narcotics meet for Northeast, WB on Nov 13–14 - The Assam Tribune",https://news.google.com/rss/articles/CBMiwgFBVV95cUxOUV9qMTBtd0dYTkh1V0M5WWhfdjRTTEFvNWpNQ19Mb1ZTR3hEZURaR25vbEJZYnMzVW5lNWRmQWZPVE1qOG5PRHVibWUteDZ0dmdXb25RTDlOT3lwTGdrNUhHcUlVYlh5RGNOaUdBQksta1cyZ0IzRTQwbldWSWZTZnFfLTBSWUxhcDA0TnRGN3dNakVBLVF6WEw4SDdTaE9EQ0FkMm9SNUZOVVJPcmdHYUZIaERpS205MC16NmFyQ3Vzd9IBxwFBVV95cUxNc0FhNzRoTmt3OU85b1h1Q2xidnE1eVBwa3MxX19zUzlJa19JeE96elNSZGx5MGpvS3I3eU53VEU5bWpjQzNsTWdBRVEtSTZlcU9sRlhaOUU2RGlqWTZheHY0TGNFUnlISEJXYUhSb3BNamE1TGt5bFplZG54MTNQTl8tTW9TMlc2eFVTOHRDNEtiSk84Y0Q3YTFCSEIycGwzRm15bHJtZkxsUEd6LUFHTGFSbTFIcDlfbVJaS01qQjkzWTZqWVJN?oc=5,The Assam Tribune,"Tue, 11 Nov 2025 08:00:00 GMT",2026-06-14T20:38:37.134996,online_drug_trafficking,True,False,candidate,https://assamtribune.com/north-east/nagaland-to-host-first-regional-anti-narcotics-meet-for-northeast-wb-on-nov-1314-1597621
narcotics online Nagaland,"IPC inks three key MoUs in Nagaland to boost drug safety, pharmacovigilance across state - Hub News",https://news.google.com/rss/articles/CBMirwFBVV95cUxPSDd0ODI0cXlfTTlBanUxc1dhTTNIamxWQnJXMW9oT2ptTzUtcGZadlRiOUZnRkhlbHd1WDlWazk1X3F3Unc3cVZSd2xPUzF3TVlidWxrRFBybDlUQ2M5a1Y2a1VlbG5rdzZqUUV6MXN1dXgySzNYNGt2Wkx6d3k3TjdSckdDcUVENXdoQTlpVDA2UU5aMHFNdzNhXzE4S1pFZHlCSWNVaXJrSEhMRnZV?oc=5,Hub News,"Fri, 28 Nov 2025 08:00:00 GMT",2026-06-14T20:38:37.135030,online_drug_trafficking,True,False,candidate,https://hubnetwork.in/ipc-inks-three-key-mous-in-nagaland-to-boost-drug-safety-pharmacovigilance-across-state/
narcotics online Nagaland,SEIZED NARCOTICS & PSYCHOTROPIC SUBSTANCES DESTROYED AT KOHIMA - DIPR Nagaland,https://news.google.com/rss/articles/CBMilwFBVV95cUxOY1p4c1BWZkhFX1p2Z3FEXzhzdEhDbm1zdTJyRjE3NldJbU1kektPaGhObEVhSGlMd3ZwUnBza2V6ek43RjdqSWhqb3FHUW1GQXY5UUVDS1E4TjVVVkxYbFMySE1Cd3pKbW9FUzM2S1hNQUZnUU5rZjBYVXo1T0ExRC1sdm9hSFcyV2RNM1ByNnR5MjRHbnln?oc=5,DIPR Nagaland,"Thu, 26 Sep 2024 07:00:00 GMT",2026-06-14T20:38:37.135046,online_drug_trafficking,True,False,candidate,https://ipr.nagaland.gov.in/SEIZED_NARCOTICS_%26_PSYCHOTROPIC_SUBSTANCES_DESTROYED_AT_KOHIMA
narcotics online Nagaland,5th Nasha Mukt Bharat Abhiyaan campaign held at Kohima Science College - Nagaland Tribune,https://news.google.com/rss/articles/CBMinwFBVV95cUxOTy0tOE9GakNVeG9YV3Z1dFFvZlJ0QnQ1Zk1ZUHhucERUSEtPcm9tbF8zMlN4aHlHUnJQSU5aU29ZUHV1cWxjZVlRSjNoZFZXdFdCdE1raVZyNFhLRGZHUXhMVnoweWI4MXBsbzZjQ1NCOGdBT191a2NjOEFtd1pObXU2TVJxa1FCWE5ycFFzVmtmeVBCVlpGMnl4dDd6RzA?oc=5,Nagaland Tribune,"Tue, 18 Nov 2025 08:00:00 GMT",2026-06-14T20:38:37.135054,online_drug_trafficking,True,False,candidate,https://nagalandtribune.in/5th-nasha-mukt-bharat-abhiyaan-campaign-held-at-kohima-science-college/
narcotics online Nagaland,"Y. PATTON INAUGURATES DE-ADDICTION CENTRE AT CHUKITONG TOWN, WOKHA - DIPR Nagaland",https://news.google.com/rss/articles/CBMieEFVX3lxTE9lSm0yYm83cjMwZFlpdmlxSXF1UTlXbENFSTBVMTNNSmg4S3BTRHJIRFJudU5zTU50bzFrTmN1NXZ3MTlQem5CaHl4SzBoOFZ0OGZjRkFaS0s4T0NDaXh5ckJtUzdrVjZRTUhRbzEzVkQ3bWF0MVdPQw?oc=5,DIPR Nagaland,"Tue, 24 Jun 2025 07:00:00 GMT",2026-06-14T20:38:37.135116,online_drug_trafficking,True,False,candidate,https://ipr.nagaland.gov.in/events/chukitong-deaddiction-inauguration
narcotics online Nagaland,Health Department cancels Drug License of 24 pharmacies in Dimapur and Chümoukedima - Nagaland Tribune,https://news.google.com/rss/articles/CBMisAFBVV95cUxNalZ6SEZsaGJHNUcwSkxjeFlDRUtUOGh2S2hMd28xNExWWG8xQ0dLQzMzTXptX1RrUE5TRElwSEtDeW1vRm56ck1JRE50akFTdGs2U01rdElYMm1DbmdTcEVTdkMwWFl2eXd6WTl2RUpNWkZfRlJnSUlsMzdYVTI2UTZpMGxlQXVqTEZ6QlNZNDVrVFVQNllRYnQ2anlJTy0zNHk2SFFaNWY3ZTFkOS1aRg?oc=5,Nagaland Tribune,"Sat, 01 Feb 2025 08:00:00 GMT",2026-06-14T20:38:37.135124,online_drug_trafficking,True,False,candidate,https://nagalandtribune.in/health-department-cancels-drug-license-of-24-pharmacies-in-dimapur-and-chumoukedima/
narcotics online Nagaland,PRE-TRAIL DESTRUCTION OF NARCOTIC DRUGS WAS CARRIED OUT AT DIMAPUR - DIPR Nagaland,https://news.google.com/rss/articles/CBMisgFBVV95cUxNSkhmd0pIaElUZlpyVmJoZVBBX281Y1FmNXlpcXFRTjlwU0ZkR2MwTWxYODdrU2kyVjVrdkhNTjNaY3VjdHpicnRaTS00YTZkX3VLazFpZjRzOGpPaDh4UVZIMmVlRXNmZHRaaDF4NFBsd2NWZEF0bzIwOTJybmVTUHVFZXlFUUMyY2tUWnpCZDE1bkJIQjlsTVM0NWFQMlFGNlR0UDI2UWJFdVZEd29OMFV3?oc=5,DIPR Nagaland,"Thu, 05 Dec 2024 08:00:00 GMT",2026-06-14T20:38:37.135132,online_drug_trafficking,True,False,candidate,https://ipr.nagaland.gov.in/PRE-TRAIL%20DESTRUCTION%20OF%20NARCOTIC%20DRUGS%20WAS%20CARRIED%20OUT%20AT%20DIMAPUR
narcotics online Nagaland,NARCOTICS PS PERSONNEL AT KHUZAMA CHECK POINT SEIZES 50 (FIFTY) SOAP CASES OF HEROIN - DIPR Nagaland,https://news.google.com/rss/articles/CBMipwFBVV95cUxNVWc1RGxMSXhKMzhnWk15RkVCUllQN2VRUWdyc1R3Y1VOYlIzVGRBVlpJV19VZEV0U1FQem45aHY3bFhUU2hNR2lkNWw2TEltS2o2enhHN2Q3eXBvUkVDZHJlSEFJUUNZWktVdWJLNkFkdl84WDdMNUZyMmVXcjNqVU1jcm9mNVMzYl9zSDRMOUprY0xVRG5waTlGcjJKQzZfTHhoay0wTQ?oc=5,DIPR Nagaland,"Tue, 18 Jan 2022 08:00:00 GMT",2026-06-14T20:38:37.135140,online_drug_trafficking,True,False,candidate,https://ipr.nagaland.gov.in/narcotics-ps-personnel-khuzama-check-point-seizes-50-fifty-soap-cases-heroin
narcotics online Nagaland,HAS Tuensang students made aware on effects of substance abuse - Nagaland Tribune,https://news.google.com/rss/articles/CBMilAFBVV95cUxORXpwaUVEMnNpUlpteU1waVk1dWdZZUxJbDN1SG92OWdRU3NKQTdPYjAwak5IUjhQYy1WX3prQU04UXI4SFg2amJHeTJobUFnbUpIT0pLaW5CSWoxLUtKck5tYkVZWHhKUmRMWTVFWEJtZFRyVkRmcGV0QzZTdDFlUFdHOU5vZEZ2RU94RlNBdmJPcDZ3?oc=5,Nagaland Tribune,"Fri, 16 May 2025 07:00:00 GMT",2026-06-14T20:38:37.135156,online_drug_trafficking,True,False,candidate,https://nagalandtribune.in/has-tuensang-students-made-aware-on-effects-of-substance-abuse/
narcotics online Nagaland,Nagaland govt fully committed to early Naga Political solution: CM - MorungExpress,https://news.google.com/rss/articles/CBMilgFBVV95cUxPT3RPLUVHaG5fWUY0R2NYWF9VSU8wd0JEbDIzQ2ctel84RHo2TFhNQ0UtSWZSR2liTDdLQ2Q2Y1BJc3ZKcnFjSWsxZEh2VTJBX1FNZ051ZUp3NUZQRlZIcVluZ3g3anpTOHJIc2ZXR1pSSWg1RGJTcWRTVjlRSFpiQ3k3czROU1NqbVZaUVA2RzVSS25sRHc?oc=5,MorungExpress,"Mon, 26 Jan 2026 08:00:00 GMT",2026-06-14T20:38:37.135188,online_drug_trafficking,True,False,candidate,https://morungexpress.com/nagaland-govt-fully-committed-to-early-naga-political-solution-cm
narcotics online Nagaland,"North-East polls: EC makes record seizure in Tripura, Nagaland and Meghalaya - The New Indian Express",https://news.google.com/rss/articles/CBMi3gFBVV95cUxOX2dMdkNNa1hxWFM1Q21qc25GV1lPZHNwQTVxRFdmWmU5aE1ERnlsbzB6TDBEYko3T01iaHotaG42LTVIcmFfSWRNa1kxOHg2Y093dWNhRXhMRVlUTGtOY3pjUjVzZE84bEQ1NlZKRnF2anFydFpKWXBPQ0E1akwyQnc5MGdfRkg1bkJCTkgtTkN1STFLMGlsY3dqMHBweE5SN1Y5RldITk9ENTdwcHZySXQteEtqVDRHZ2xIa2JfVjl6NlFLSGVUSnBRX2xBYVRXdEM1cmR3VEVVRUFnSmfSAesBQVVfeXFMTW01QTJsVFNfYmxJZFItYzN3MU42WmQ3OS14WXVrT2UxRUxqMmNZdnM1VC1GaUJOT2sxeHluTXFhckMxejVWUFBuUUs0a2FLMk5Fb1dJcjVEQ21pQXd6Tmo2bkpjZm1VS2h0QjhCdWZPdDI1dXlyMFNkWmpOZEl1VkZyeElUUF9nTzBlY2JLWlQzbFNfUWVSaW1GUm1SYXhDWjBpTGNEQzVwNjQtZmY4aVhXaVZ2ejNGN2RlNUgtV3BFd01sTjllblQ3OEJHQ3Z1a3dhZHYtdlkwQl8xUFlPYUxDZTJNVTVQWjJ3aw?oc=5,The New Indian Express,"Thu, 16 Feb 2023 08:00:00 GMT",2026-06-14T20:38:37.135196,online_drug_trafficking,True,False,candidate,https://www.newindianexpress.com/india/northeast/2023/Feb/16/north-east-polls-ecmakes-recordseizure-intripura-nagaland-and-meghalaya-2548026.html
narcotics online Nagaland,Nagaland: Rio reiterates commitment to development & peace - Nagaland Post,https://news.google.com/rss/articles/CBMiiAFBVV95cUxNc2NRbzd5dlBzQi1udnN6aE1FTGNyVmdraWtFYXlmVy1GTG5HcHpmVHZTS1hLYWpUTmZHUDBFaDA4VkNjTDlITUl0OU1GUDNZTjdhcWZQRXhNQ0Y3OHpQSTNVc3pFU0tKanB1Q0F1TzBwQ005R3NYZ283T0RaTlMzQWJrbzk5ZDdX?oc=5,Nagaland Post,"Tue, 27 Jan 2026 08:00:00 GMT",2026-06-14T20:38:37.135220,online_drug_trafficking,True,False,candidate,https://nagalandpost.com/nagaland-rio-reiterates-commitment-to-development-peace/
narcotics online Nagaland,"Watch: Man Brings Dictionary To Shashi Tharoor's Nagaland Event, Internet Amused - NDTV",https://news.google.com/rss/articles/CBMitAFBVV95cUxNVUEwUFh6TnhacjlLRkJUZ1ZTZEpIdkcwMzNqbzhvMGRqeTA3ZkxjNEJVSXlCejNSaWZ0V3kycnhZVXRQeENrdmxvZlJ4cmpUV25MR3c2S0Nnc3NrV0RMV1FZQmhKOGVRZ0hUaE1oLXI2SnAteUVwbUJUbE1EWWVVTjVmeVM5Zzk4QWo3b3BsRkxaVnhWcmNGZlgtTVRBMVhCMHVYTGFudU1XUXU2S2dqZVVCMGjSAbwBQVVfeXFMTmJjY2Vja2RwRG1Zb2s4bmp0LVMyVEtDTExVNDRVa00tY09ER2tTSWd5akVrc0JEN0h4dkExcmdhZXg3WE5NZG83NlZiTnlnUVZMV3JFN3JHUlZsMC02a1JXNVY4Vl9hYmVZYUs4clBXWnA1MjBuZjgxb3FoZ3NFc2gwZmNmNEVUZlB5b1V1ZjYtLVc0S25zZTlJaWdkd3UteXpDTjFRYzFUdUxzVm5qYVYwUnNWYkxSWWxJSGo?oc=5,NDTV,"Mon, 27 Feb 2023 08:00:00 GMT",2026-06-14T20:38:37.135228,online_drug_trafficking,True,False,candidate,https://www.ndtv.com/offbeat/watch-man-brings-dictionary-to-shashi-tharoors-nagaland-event-internet-amused-3817300
narcotics online Nagaland,Free UPSC Coaching to Treating Addicts: Nagaland IPS Goes Above Duty to Save Lives - The Better India,https://news.google.com/rss/articles/CBMizgFBVV95cUxNTDlCR2RpVEtPdmYzREF2Nko0UHp1RWpuWnpVYkFxenAxZlEwaTVMLWFXdXFPTU5nVW9FTDQtMnVlWTV2THhJQVlOM1pmNVFMTWZjV2diTVpNaU9TdEZlMkVjeWtkU08xb3BLUExHRHF4dEE4TVZiSHRRRXRkZ2xXT3JobWJhN213ZGpJUXpXdV9lc2VLNE5GZjUtR2tURmFkQ1h3dTFRdTNjMWV1czNfbHB4RDNxSjhpR0xWVkdWR3EwYkhNaFR5b2ZQakp0QdIB0gFBVV95cUxPbkJ0Z2N3dkItNDRpNy1PLVhZNEYwVl83MWtJN05zaHVnR1ZpUkRlakJHZjdqMWg3VmVvcEZXRWNVek5zSnZBUGUxZzM1bmZ4ZXZvY18xVnA3aHFWbENDZVZ2Nm02WnNncHpUWjVuR2FibVF0OHBFaU5PRHFOM0V4eUU1azhVN184a1BzN21Ldkh0Zm9jeTJ6c3NSODlnLXc4UmdWcEVHeWhjLUxKRkhiVlpBemZNdjdDRWM5YVcxRnNvbW9oRGcyUWxpZTQwRi1oLXc?oc=5,The Better India,"Fri, 09 Oct 2020 07:00:00 GMT",2026-06-14T20:38:37.135236,online_drug_trafficking,True,False,candidate,https://thebetterindia.com/239559/ips-hero-free-upsc-coaching-nagaland-pritpal-kaur-batra-tuensang-noklak-district-drugs-india-nor41/
narcotics online Nagaland,"Armed with looms, women are weaving a change in Nagaland - The Times of India",https://news.google.com/rss/articles/CBMivwFBVV95cUxOSDZaNXlBakd1WnZLX2lsaUtfRDJMQkNVNWFGOHpNWGtpTEZ4emlSRFBJSHNhQUR5bXhIYjlUQjZkaVhTVHhJWVp6UVhVdWlJZTV4VU1KTFpxSHhXbG4zZDRCdkRsaHIwVE1qaEpDYXIyTTljVWFSOHRFVnpPY1NBckpEUWV1clBqTmNCOUFoUE0xdWI0VnIxMFBDNDlONmhGX3ozTHN2dGI4bGdpSVN1Ml9ZU3BjbXNMR3Zxdl9ZZ9IBxAFBVV95cUxPYjh0Y3JVbFo4azRYbGN5VVZoaVVSU1Rpd3daNjEwV0k5MHZCWi1uVEgyR09jVWZ3MjdOWkdOcmR4cVI2UG1BZkg1NUVkWU9IMTVXM0RDMnNyRWUtTkthVkVHSVJ1X290amltYlh3cThnSzd6TUt1NnBiTmxJRGE4T0NrblhDRmZoWFdWQ1VBSjNtTGhUOEZ6WHZtZzBwMHRmYUtsd2lSZlZXcWRwSUxMMWpSYm5IcVp2MlZTMGczVGtvWGpD?oc=5,The Times of India,"Sun, 17 Mar 2019 07:00:00 GMT",2026-06-14T20:38:37.135286,online_drug_trafficking,True,False,candidate,https://timesofindia.indiatimes.com/india/armed-with-looms-women-are-weaving-a-change-in-nagaland/articleshow/68446102.cms
credit card fraud Nagaland,Nagaland State Lottery Result Today (April 19); Dear Wish 1 PM and Dear Magic 8 PM lottery draw here - Moneycontrol.com,https://news.google.com/rss/articles/CBMi6AFBVV95cUxNRGdlM29YbHpOME5SWVJJbmJhUHRvbzRzUFNsUkliRGk5QVFEbUhwaVY1VlhjSkRUa24yODRPc2ZQS0Y0ZTJkMG15TFJtYVUyckJtcXhrOVBxNDZoSm9zLW5NcEVtME1DX1A2cEdfZkdla2NUTnlUVl9YN3E2S0pNMkJyRzJJWmpIQWxnYk1GU2V6bnRVWDUtNTR0RTU0VC1qMk44Z3dyVVhxRnU0T1J2ajJCT2QyLWFtMGpyeE5ZbGw5RTBhRWRXR3l6eERzWWIzTXMtNVR1VTNfZnZZeWowcjRhc3AxcEFl0gHuAUFVX3lxTE10M29kQUZ1NEh6ay1jTVVWRUdOSmRiRXh1NU84em93dEdmc1c0SmJoX0lPLVl6LUlZX0llMTZUUXB3X3lVa1VEX1ZPRGFWSFh4NW5WUENPb2tKeGk0YTJvMnpLZ2lLNDVNdTNuWExld09GMU1wS2Fxdi1NWjlDa1UzRzE5bDUxVTBidDNPWk51OXpKVzNZZExUYVBJOVVQUDM0ZUFBUHRreGEyX2ZYZkhEWlRJc1I4VVFzRGlTLXJWMGt5OWppTVpkX01ZNVNiOURMZmtfSS05bDQyRmtIaEVTZWZTYXd4SC1XOV9aMHc?oc=5,Moneycontrol.com,"Sun, 19 Apr 2026 07:00:00 GMT",2026-06-14T20:38:38.624388,debit_credit_card_fraud,True,False,candidate,https://www.moneycontrol.com/city/nagaland-state-lottery-result-today-april-19-dear-wish-1-pm-and-dear-magic-8-pm-lottery-draw-here-article-13893139.html
debit card fraud Nagaland,CAMPAIGN FOR SATURATION OF FINANCIAL INCLUSION SCHEMES AT GP LEVEL HELD IN BADE VILLAGE - DIPR Nagaland,https://news.google.com/rss/articles/CBMieEFVX3lxTE9IR2s3YlFiVENpbzhvLUNZUXZoQW91WldzWV9BOXo3NVJMLV96eGI2ZDJPSE1GcVpDaVhMaktfRTd0YVJWN0pkb2UyTERiSWdaMDZOOWVIMmRGWnRaNnltYWdrZzhlT19FeVVjVm9HVWhWZjhUSldCXw?oc=5,DIPR Nagaland,"Thu, 11 Sep 2025 07:00:00 GMT",2026-06-14T20:38:40.244394,debit_credit_card_fraud,True,False,candidate,https://ipr.nagaland.gov.in/financial-inclusion-campaign-bade-village
duplicate website Nagaland,Mon Smart Hub Initiative operational for public services - Eastern Mirror,https://news.google.com/rss/articles/CBMimgFBVV95cUxQeXJxc19Gc2g2NXV0MjZSeTlVVGlBSVRIUW90R2JuWXZDbjJmV0ZEcDVMVFA4c1VDOGFVdDdNUTNjeEM4aFI5SjUybGJDcldVZmJ1NFl0Mm1WUC1hdzIyeXBwRzdrTjhnc3RzQVdSekV0X2ZIQ2JHMms0WjhoNDdhOGJWaUlwUi0xNFRDQXhlVHlEdjMwMnVZVmZR?oc=5,Eastern Mirror,"Tue, 03 Feb 2026 08:00:00 GMT",2026-06-14T20:39:10.869806,cloned_websites,True,False,candidate,https://www.easternmirrornagaland.com/mon-smart-hub-initiative-operational-for-public-services
duplicate website Nagaland,Bengal SIR: ECI might publish two separate lists of ‘unmapped’ and ‘logical discrepancy’ cases - Nagaland Tribune,https://news.google.com/rss/articles/CBMiuAFBVV95cUxNZ3hCeWhORGxuVUxhRHdWQmMyLWYzVkl6a3c4bHNIQ0dlQVBmeFBIcktZdkJidmRuc0RybTNuVnB2b09NaEhBdHF0YkNUX3Bfc1AyekY0bTRZNW1xZUF4aUs5TTZtNEFvdjZnTmZLbloxNDBHQWhzYXFIeDc0RnNDdHItcDNmVGdWMlJQVG5tYXFBV3NRRXFaaHQzVEUyalpBZ1lBckZfckJIN00wLWxvc0lPV2NBOXpP?oc=5,Nagaland Tribune,"Sat, 24 Jan 2026 08:00:00 GMT",2026-06-14T20:39:10.869824,cloned_websites,True,False,candidate,https://nagalandtribune.in/bengal-sir-eci-might-publish-two-separate-lists-of-unmapped-and-logical-discrepancy-cases/
duplicate website Nagaland,Nagaland State lottery results: Winning numbers of Dear Hawk Evening results | Kohima News - The Times of India,https://news.google.com/rss/articles/CBMi2gFBVV95cUxOQ0QwQ0FscTc0R0ZfelVyMWpXMjlUZzlsRHhPV0RkTWxRMWRVYkFTTVY4dVhIZUdGMng3cm5vdU1WMVE5UWJYLWdNV1RWMUVUTHVFRmQ4Q1ZxcmdPcmVUUlMxT1VOWFNNWGtCNlJ4ZWRMRER6WTUwV3NDQS1rZHhzQ29CcFZ4UXdHNFlfSnRqMmx1TTh1MVF2T0RYU2RseWtib3FVaGtaQ3VRQXYwa1pSQTdYMDZEUjE4d0otU3FPT29jYVB3bDNKaFctRHR0WUNaR3RrYXZBLWMyUQ?oc=5,The Times of India,"Mon, 21 Dec 2020 08:00:00 GMT",2026-06-14T20:39:10.869887,cloned_websites,True,False,candidate,https://timesofindia.indiatimes.com/city/kohima/nagaland-lottery-results-winning-numbers-of-dear-hawk-evening-results/articleshow/79837012.cms
duplicate website Nagaland,Nagaland Lottery Sambad Result Today 1 PM Live (11-09-2025) Dear MAHANDI Thursday; Rs 1 Crore First Prize | Re - Times Now,https://news.google.com/rss/articles/CBMijwJBVV95cUxNWDJBV0t5UEY0YXBsRjNpSG5yVUdtR19wZGg5ay1Bb1d4clJ4WDhsQm8wTkJ5WVlSU1BGUjdtRndSbW8xSFBLanZLQkhtMUNJRHR6cFoyYnQzRndwa0NCekh5cjFOMmVmVVZCV3BQLVhMekpIbGdpR21GZ1lFVWsxc2R2VGdxcUNlSE9DR0NWQ0ZhTThyLWJZS2lubEV3NXowLWluZDdjOTJROElXaWdrbmhXT01VYkxWc2V0VFRDd0tIdk9uRW1HX0x6X2ZTOVdPMmRfVW1VOFRYNGNGSG82cE1maUdvRUpQbnZoUnVmVTlsTWRnWHdETjdpZmtMXzVRdEEwWjVxd3R1dndvT1Fv0gGUAkFVX3lxTE1MLWNJZWZnZWx2QTRKb0pYaFQ1X01jS1VhdVE3dDBqTVNydkxuR0lvNHVwWG52cUhyUkhIUExlaHVJZy16cVQzYkptRVpuTmVWR0tXbXF6VUlrLTJWblNxb0Zad0hlNDc0cVVRSlJCb2RxT1N4NksxUmxNTm9Nb1ZRV0VGdy13azZPZDFBeG9pYnFBWUQ0RVEydVBxU1M2dnpPeVhEQTZEVXlFMU9CLXdGY1R2SkRlRlJ6cTBVNzl0bzh6XzdVT0Jwc2NnMC01ak9rRFNQcXJnc3hEYmRsbHhBN3dCb1IzbVFLdkhWSVlzOXhrSm1HSVJWSkJvWWpacjF5MGNyVXhkUksyQkU0NkZJV041RA?oc=5,Times Now,"Thu, 11 Sep 2025 07:00:00 GMT",2026-06-14T20:39:10.869902,cloned_websites,True,False,candidate,https://www.timesnownews.com/viral/nagaland-lottery-sambad-result-today-10-september-2025-live-updates-1-pm-6-pm-8-pm-winners-list-rs-1-crore-first-prize-result-out-article-152743364
duplicate website Nagaland,"Nagaland Assembly Refers GDS Eligibility Issue to Select Committee for Review - The Sentinel - of this Land, for its People",https://news.google.com/rss/articles/CBMi2wFBVV95cUxOaW1lYTgydFVIbU53QlhGRmVSaEYyRUMxRy1XLVdsTmRzSmdjcGhBSlUwRzVmXzJMYlNNaG91Zi1yb0N5OE9BWkhFREktT3BxQWgtSzEtWFFtOGdxSmhON0RYdTM0ZXpvaVM4dG1Od2tZTWt2eURpbkdIRGNGZ21NU1lUTDZyd29nV2ExX1lSTHNLNU04RWhYSW9iM0FvQ3VrV2pCa2FkbFFXZ0I0dnl5TXVwOGx2RmQzTy1oRGJfaVR4TlBEeVVvSkk0WV9uZEZWbUhDRk1icTVJQ2_SAegBQVVfeXFMTkQyLXJNMHJMejV3RmtaYWw4NjByM2NRMy13dDlybGNhRDZXWnFFWWdZVl9TR3g5ZW5CYld6NjB5OXVlR1NXalNGdV9MaklOTnl2SGFjZUp6OF82UkpDQ29VSXhmT1EyQndSNlhXNW1NeDRiOUJlWXhRQlJ0TlpBZk5lQ2Y3X3RxUVdqR0N6ODZ5N3phb1k5aHprXzFLS2hxSWlCdE1yNjB5UjBLbnZuT19CbE1BSUVkRzA5dTgtRHlHUHVHUnFIRERiLXJaNFN3VnVpVFZOTmpycjlEM1NnSnRHVmd1MVNPcg?oc=5,"The Sentinel - of this Land, for its People","Sat, 08 Mar 2025 08:00:00 GMT",2026-06-14T20:39:10.869918,cloned_websites,True,False,candidate,https://www.sentinelassam.com/north-east-india-news/nagaland-news/nagaland-assembly-refers-gds-eligibility-issue-to-select-committee-for-review
duplicate website Nagaland,Nagaland Lottery Sambad Result Today 1 PM Live (01-04-2025) Dear GODAVARI Tuesday; Rs 1 Crore First Prize - Times Now,https://news.google.com/rss/articles/CBMi3AFBVV95cUxNMU04SE9MVWcxSUp1RUJMMWpkRUZSNzluR3Z5WDNQNlRfeGFSQ3lsamY4Si1xd1dLREFNMkhyZHhZTVNLRTRiUjVpOERqRG1IZlZiSERmWU9Ra3hZRHNDWlM3cHNBMEVCX3l1SnBaaThOTjBDcnNoZ3Q2M0ZnaTBjZHhJNkNMQnNIUDIyRDhnTU9EQXlVcm9ZRjQ2RHg1MDZIQ2ZZUGxCc3hYN1VRRzBNbmp4bnNxREVyUDRFZElTVGhkSmdGbGR5WUE3YkhLbUtlUXJWZHRWcF9vVmk40gHiAUFVX3lxTFBkXzA5VjlQMGxmOXdnTVVjWW8td3N2UXZDUE0zTzRTREtGU2dtU2txWXdHODNCTTUwa0pRTVFUNlpfa29rd2hUcXYyUXltVlhWVnVyWDRhTmpEMG44S2dUOWRaQ3hHRGhIeTRaVXhNNFFNUVpvOVpUc1hQN3VvV1VWTlI1WVdpcXJPVDg0U3UwYXhlV3VfcmdhdTFkQnVtQ016Qm5aOFBxa3lzX0dMcjRYU3BubDQzRDFKclFwVTF3YnFXeE5SWEViS0ltUHlDUTNDY3JvMTFibUt5a2F4aGJMWUE?oc=5,Times Now,"Tue, 01 Apr 2025 07:00:00 GMT",2026-06-14T20:39:10.869935,cloned_websites,True,False,candidate,https://www.timesnownews.com/viral/nagaland-lottery-sambad-result-today-01-april-2025-live-updates-1-pm-6-pm-8-pm-winners-list-article-151320941
fake shopping site Nagaland,"Kohima police seize counterfeit cosmetics, arrest 5 - Nagaland Post",https://news.google.com/rss/articles/CBMiggFBVV95cUxOTDJNenA4eG0ta09HMk1OTUd5eEhEMjVLUGtKSHFsOEx3Tzh5WGZ6TWkyMExqVUhZVGMtYV90aC13WHFJX1k1amZyRF8tRmdpTGhzVXZwREF0VlB3MnlmeXFzX0ZxUldiZ3E3QU5iVzBSa2huQnVBbUJaYTRZSW9jek1B?oc=5,Nagaland Post,"Thu, 16 Apr 2026 07:00:00 GMT",2026-06-14T20:39:17.479020,cloned_websites,True,False,candidate,https://nagalandpost.com/kohima-police-seize-counterfeit-cosmetics-arrest-5/
fake shopping site Nagaland,"Fake ENO manufacturing unit busted in Delhi; two arrested, over 91,000 sachets seized - Nagaland Tribune",https://news.google.com/rss/articles/CBMirwFBVV95cUxQak4wakRHVmhfT1c4aUlvRnJGM3p6R25PRHZfak5Wem1ZZG9Cb19ac3g5dGJPSFhwWUZBV1BfQzlBb2h3RlFXQ0Nma0JCNTkxWUZGd2ZHa1JWVlYwdVhZRFQtM1N2cFJ5T3g3WmhTSUZORW80TnJrd25FeGZoWnF6RWZVS2NDV3JoQThZNWJ6Y1RqZkl5RzFjeFdxUHplZklNRllWdWVITDk4aE15bWtN?oc=5,Nagaland Tribune,"Sun, 26 Oct 2025 07:00:00 GMT",2026-06-14T20:39:17.479212,cloned_websites,True,False,candidate,https://nagalandtribune.in/fake-eno-manufacturing-unit-busted-in-delhi-two-arrested-over-91000-sachets-seized/
fake shopping site Nagaland,Kohima Police seize suspected counterfeit cosmetics; 5 held - EastMojo,https://news.google.com/rss/articles/CBMiogFBVV95cUxQOElqUVVYeEE1UWEtT1F1UGl2UzQ0alRKVEE2b1VvdE5tSGVHRWk0THRvdW5CV0dHazh3bnNzeDNlYnBNbUFEOV90bWU1UUJsTEpDblZaZWR3cV9kT1JOLU9xdERvQVV2U0JHdnpRWXlSN1dfN2J4cHJXVGtsd2dSdnVkeXk1aVBSb2gyV25zOFdXWFlsNGV0NzRTVXpYTVNKQ1E?oc=5,EastMojo,"Thu, 16 Apr 2026 07:00:00 GMT",2026-06-14T20:39:17.479274,cloned_websites,True,False,candidate,https://eastmojo.com/nagaland/2026/04/16/kohima-police-seize-suspected-counterfeit-cosmetics-5-held/
fraudulent website Nagaland,"Nagaland lottery sambad result today 22 October 2025 OUT: Check winning numbers for 1 PM, 6 PM & 8 PM - Indiatimes",https://news.google.com/rss/articles/CBMi8gFBVV95cUxPblBybmtITC1ZSnRudF9LR29oY2ltSXg0UFBBT1RKVU9vN3FTblphelpiWkQ2Ti04dGQ4MzA3ZzUzaDRfTzlGWEIxbGJaUTYyd0hObEhzcFJ1VkJpQjJYU1dqbi04NjdFT2h6SzJmc1pGX1RwWVFKU3VQczNRTG9uMVZRRWFkVExPMkd2TXdKNkNuNFJ6bU80V1Nqb0czSG0wYWhTM3N0ZGhYaTVXSF9XbXh4djEwX3RSQnFrTU52LVFqT1M0NDdsUVpSM3ZIeXZheWp3dXBKSTR2dExmanhrLXowSDY3VVBGeC01bzlOTktJZ9IB9wFBVV95cUxNUUNPSnlQal9IR0cyT0hoWmVkVWVqb2FTY0Vqa21tT3otcHFPY0RLWkVNUmxPaUVTTHpDd0NkRG1OS1FQQ1VjaENCd1llYUQ5TzAzalE3Vk1hOWg2NWFIMDZsLWdJTDRXNjhsaVpaNnRMa0dUMGxUNEhCdmFyZUJOQWg2cFhHR0ozR2RKRk05dzJpcTBYRWRId21TdWVxNXUtRlNMeHBGaHU2VllmcmVGVXBXam05N1NOVWdUS2NDcjJFa05NXy1WdE02a0J5QmRUNEVmZmI5MXdCa2F0ZENOZExqXzJIRTNKYk42S2MzdVZKWnRLbUhN?oc=5,Indiatimes,"Wed, 22 Oct 2025 07:00:00 GMT",2026-06-14T20:39:19.204348,cloned_websites,True,False,candidate,https://www.indiatimes.com/trending/nagaland-lottery-sambad-result-today-22-october-2025-out-check-winning-numbers-for-1-pm-6-pm-8-pm/articleshow/124734627.html
automatic transfer system Nagaland,SCHOOL EDUCATION DEPT LAUNCHES ONLINE PORTALS - DIPR Nagaland,https://news.google.com/rss/articles/CBMifkFVX3lxTE1objBaNHZCRy14UXdPamVxbjY3eUZUOHAxU3N1N3BJVE9ueEVuX0dHTDF2bE9yMGJYbHN0VXlyMy0xaFpkcEQzdHlWZ0JfanBMbnc4NE50b1Y3NWQyTHo5RG9sOHBTQTlrMkJlNzJmdGVpT2FKUDZNb0NzOUprQQ?oc=5,DIPR Nagaland,"Wed, 23 Sep 2020 07:00:00 GMT",2026-06-14T20:39:21.079933,automatic_transfer_system,True,False,candidate,https://ipr.nagaland.gov.in/school-education-dept-launches-online-portals
automatic transfer system Nagaland,Meghalaya CM launches Disaster and Relief Monitoring digital system - Nagaland Tribune,https://news.google.com/rss/articles/CBMimwFBVV95cUxOY0pNSTc4R3dhUDd3Vkt3ZUV3cWxXdy04dlNuNWxTUm9TbzVHdER6SkpOTWxxMHZnNkpPNzlIVVBFWm1FcHR1bXM1alpYR3VYb0QtTFJRbGM3NmJXUVI2NTFTNGQ4VUZyTjdFd2F5OGdnbTJHQWFqaFdrdThoNGllYXFwNmk5TjA2cWtSbFRPeHpuUGlaZThOMmZpTQ?oc=5,Nagaland Tribune,"Sat, 05 Apr 2025 07:00:00 GMT",2026-06-14T20:39:21.079949,automatic_transfer_system,True,False,candidate,https://nagalandtribune.in/meghalaya-cm-launches-disaster-and-relief-monitoring-digital-system/
unauthorized bank transfer Nagaland,All Nagaland Government Primary Teachers' Association warns of strict action over unauthorised payments - Eastern Mirror,https://news.google.com/rss/articles/CBMi1wFBVV95cUxNUUUwWkJtYXJwTHk4YUJsMFR0b3h5UnlBeVh0QU1hNm80R1I4aXBPa0tCbWc2ZGpFd2U2aWJDNzRDejUwYkdhS1dHeEJUSXRkLXVXTjA0VnhmY0hBSnhrMjBMSFlrbUNHZWtNMU1TMFVTaVljeTlPM3d1R24wZDFBa0dwcjJBVHFPWVpvWDhYSl9Yanh3NHZmSV9mcmlob1Nwam5uSE9hMFdhSzU4U0sxX2V3YVVPY2FMTUFOVHdwVjJkQXp6Wm5oM21PZkhQcVJtallSV2FzNA?oc=5,Eastern Mirror,"Tue, 17 Mar 2026 07:00:00 GMT",2026-06-14T20:39:26.615412,automatic_transfer_system,True,False,candidate,https://www.easternmirrornagaland.com/all-nagaland-government-primary-teachers-association-warns-of-strict-action-over-unauthorised-payments
unauthorized bank transfer Nagaland,How a trail of rifles from Dimapur to Muzaffarpur exposed India's hidden arms corridor - India Today,https://news.google.com/rss/articles/CBMi7AFBVV95cUxQQkQ5YlMxQUYwVmp3WUhNc0Y1eWRvWnpLZHdsRnAxZ0lMcGVNX2hlT2tpNXlMY3VCT2Q1QU1IVHFVeTVyVkJxc1VpSVhkRjlOTnFGWUpjQTBiN2hpZTctbndNZHdjRjIwRDAwWDJCZWhjMERXVU9rTE94dVdCbjA4alNCd2dReDUzamJpOHRYaWZDaTR2NWEtNEd3YjBjX2dsaFExdC1NODF6TW9FYnVOR1YtWUszZ1Q3MVV3bGdNTWFiNmVWRzBlSjl6VzV0Tnp4TlJVTDc2cC1obVJNUHUtSDNudTloYXR0ekV4TNIB8gFBVV95cUxOMTBMdjl1ZEVfNG1FaXQ2ZjdhaURHUWVOelFNWGVmTG43R0xpMklQWFdrTlB1Z05FSFd6dkdvUjVUZzMzVmVhdFB3cjZsc01DTDZqT2txVVJxZTNYaVItSDJ2Q3hoSW1iWGVFRDBCaC00bENSU0szeG1TbXdfN3NNUUFiYUN2aUxoT2pzLU5VXzIwaV8tZ1hZM1NlVWRBR3pKTXpWZ29HaEN0bnl2YW9fenFZNklDcDBvZnI0UHpSRjJ6ZlJod3FjeVhQVk5tRDZKWTF1bDdYWHlJUFlmZERFaWMxN2hlUkp4WTEtRXdrUWhQZw?oc=5,India Today,"Sat, 21 Jun 2025 07:00:00 GMT",2026-06-14T20:39:26.615455,automatic_transfer_system,True,False,candidate,https://www.indiatoday.in/india-today-insight/story/how-a-trail-of-rifles-from-dimapur-to-muzaffarpur-exposed-indias-hidden-arms-corridor-2744129-2025-06-21
unauthorized bank transfer Nagaland,Model Code of Conduct in full swing in Nagaland - The Times of India,https://news.google.com/rss/articles/CBMitAFBVV95cUxPeEVKelRwTUpLU2hjUEtSNDQ4X0NmOVNaTzE4SnA2cFZvYzdSMkZPckVvLTN0Ri1lbGVWcTRHSGtiMGpNcXoxUUVqRnVrRnF0dGdmV2tMZGl2S1B2Z1VKVDJDYVJzWkxFanhacGI1QVZ2bUxlcll6Z211VjU5OC1YMENmTzA0RzU5dVFFRGxiNzNoR25rUENxWEt0Z1NNd2VnM0wzZVczRG9FVkUxMmNBVmFqQULSAboBQVVfeXFMTkVBQlNrRGxwZFZIdzBrRGZDdGx6LV9ibHpJd0JnaUg0RElKc3JaNjhqd29WSWhldDFOOU91M0pzZE1aWnBCMWdRVHZudlpkNU9GY01vcjMySW9rQ2p4cjR6SzM1bXdBV1ktUFYxZnlObmV6NTNfZ01GZk1PMmIzTVJHOFFqQmEtMV9CX0J4NWhxVEN6Wi1hdkVlcTZabjFyNHRJSldIUGtuUEJid2UtNE92NnJGTE5hdUlR?oc=5,The Times of India,"Thu, 25 Jan 2018 08:00:00 GMT",2026-06-14T20:39:26.615469,automatic_transfer_system,True,False,candidate,https://timesofindia.indiatimes.com/india/model-code-of-conduct-in-full-swing-in-nagaland/articleshow/62649702.cms
unauthorized bank transfer Nagaland,NIA investigation uncovers Dimapur link in arms trafficking case - Eastern Mirror,https://news.google.com/rss/articles/CBMipAFBVV95cUxNZTVKT2JHSkdoOGxnVktlZDBCZjkxVHQzRVVNOGYzZjVRZDlNNGxFMW5nS1k1NFFuRkQyOGVTZ2RlOTF6OWNicGNVNkMyNU9RWTVuMVQ0SEYyaFQtOFBEdl9YZDhOTjNCS3Eyemp3Yjg4d0VCeTIyeUdOVUNYUmhNRHdLZjA5dVFZRGo1dDZEUVJidEoxOE9hdTBFWUxGSGdlMjBhRA?oc=5,Eastern Mirror,"Mon, 19 May 2025 07:00:00 GMT",2026-06-14T20:39:26.615481,automatic_transfer_system,True,False,candidate,https://www.easternmirrornagaland.com/nia-investigation-uncovers-dimapur-link-in-arms-trafficking-case
automatic bank fraud Nagaland,Mumbai News: Khar Man Arrested For Allegedly Using Forged Documents To Obtain Firearm Licence From Nagaland - Free Press Journal,https://news.google.com/rss/articles/CBMi3gFBVV95cUxNZHJXWE82SXFhalFQMDBSdi1EQWpoMEU5dUFBQmVSbV81MGFSZWY5SmdaV2lKSGJqOF85VnZONENzV2tDLUd5N0xJMmlHU240WW05U3lCVlNqRzRYY3BBblpuTEJvR2Q5UUVfM3FRem81VVNvamhqVU9wVUxOTWJUbUI5ZjkwTUNxUnZla0pveTlWMmlLVHJMb3p4ejFkaldMMDIxMnRGWnBPbGI2R2ZNZ1lmSnQzZGd5MGI2UnBmUjBWYnVlOTBocFRoTl9qS3B1X1ZMVHVHSGlrYUNBYlHSAeMBQVVfeXFMUHoyNEthb0wzdmFhZnlrcGs0SlR4U0syZVRRbmgwQzkzQUozVVQzM1lrMnhzQXgzZExYNkUxaVduMHIzMjI1XzFDa0xKd3MyX0wwcThzS2JyVHRmSkIwQThLNE9feXA5NjdJOWJ4V1dKcVlsaXFWZmdPMDJUNnluVU9Qd0hkb1FfOU5oVW45YzJDUDR2T0o5Ym1BdjN2Qy15dmZ4VFFlczFkSkpVUVJuVDk3ZWNWc1VqT2xaa2VLYm44YjVEeVNnZGN2eWZwR19SeU1oaHlrM2xENjVoM3dRZWRTcjA?oc=5,Free Press Journal,"Sun, 31 May 2026 07:00:00 GMT",2026-06-14T20:39:28.483004,automatic_transfer_system,True,False,candidate,https://www.freepressjournal.in/mumbai/mumbai-news-khar-man-arrested-for-allegedly-using-forged-documents-to-obtain-firearm-licence-from-nagaland
fake social media trading Nagaland,Nepal government withdraws controversial social media bill - Nagaland Tribune,https://news.google.com/rss/articles/CBMijwFBVV95cUxQNG9IbmtMb2ZVWS1DM0RUSkx1enE3amJHQ0E2MXozVU8xZm9aWThuQjdZdkRLZlJGX1J1RG5sN053cnVJTHJwVFZPUU80Y3VXZ200bTJEbTZHRXB0dXVDRFZCWU5aZWlGbl9aUnRyTk1TNFdsdjlzMWw1Rk9iQWdxSTJibHlhOTRCNXJqYWhycw?oc=5,Nagaland Tribune,"Wed, 04 Feb 2026 08:00:00 GMT",2026-06-14T20:39:32.275740,fake_social_media_trading,True,False,candidate,https://nagalandtribune.in/nepal-government-withdraws-controversial-social-media-bill/
fake social media trading Nagaland,A sharp bite: Dog meat ban evokes some sharp reactions in Nagaland - Down To Earth,https://news.google.com/rss/articles/CBMiqwFBVV95cUxNSkV3NFFETzk0TnR6Q2JsMmdQN0xadDhlQzBySEt4OXVXcURRb3d4SFQ0Skc1azAxRnJaNW9iY091bktYWEl4UmZsZ3laNG41TTJjRzBhWkk4VHNadWZfRlRVSHFuSDFfU1pqRlBuTUZPUnVyeHBBTldrSUN0R1N0aTNmQzlORS1YQ1RHWXMwenJEcXUxRFFvZFlpU29jRHg0UVJFWXIwWExjdUHSAbgBQVVfeXFMTV92X2ZaVUk0dThkM01TekUyeUk2N3lkZkxiT2cxRUoxcW1fV29Id2FaaDd0Qm4yT0VDdkNQQkFvdm9ZLXhJVVhrSG1tZjBuVmQ2SFdIY09Jc2FCVzJkbm5MT09VUGl2SlRQbldGM280dlBBdU1fdHdMQTEzVmFTdDR5dDdWTjVTU191RlJxS2hvUnI1UzlKal9ETUJkWDJpODN2QzJFRnFFdjVMd0kzQXRlcmxBODVTZg?oc=5,Down To Earth,"Mon, 17 Aug 2020 07:00:00 GMT",2026-06-14T20:39:32.275815,fake_social_media_trading,True,False,candidate,https://www.downtoearth.org.in/food/a-sharp-bite-dog-meat-ban-evokes-some-sharp-reactions-in-nagaland-72865
child pornography Nagaland,"ONE DAY AWARENESS PROGRAMME ON CHILD RIGHTS & CHILD PROTECTION HELD AT COMMISSIONER OFFICE DIMAPUR | DIPR Nagaland-Department of Information & Public Relations, Nagaland - DIPR Nagaland",https://news.google.com/rss/articles/CBMieEFVX3lxTE9HVkRGaUkwUHZxY1prNTI1SDlBdHVpZnJZZWx5bWJaLWc5TlI4TWtqTWwyV2pKemx4eUpncGdyMkswTTh4LWN4Tjc3b2hULXlWTlF3Mm1HSWVEWDNybjVnUEMxRlBlODVRb1BwTENpaTR2azZLVjM1dw?oc=5,DIPR Nagaland,"Sat, 01 Nov 2025 07:00:00 GMT",2026-06-14T20:39:43.444647,child_exploitation,True,False,candidate,https://ipr.nagaland.gov.in/child-rights-protection-awareness-dimapur
child pornography Nagaland,"Nagaland NSCPCR, Dimapur Police hold awareness on child rights, protection - Nagaland Post",https://news.google.com/rss/articles/CBMinwFBVV95cUxQZExnZXJwMEtiV2xyZEJyTTZBOWN3WnpIRnJqOGJMLWZuZF9pX05GZE0wVGJTdXhQYmJ6dHlfTjN4TlNGSm56S3MtRWRnYnh5WS11OHZESnAxTEI2Q2VHWXpLZUJuRlpEd085SV8zcXVCenlmN0tzam5pd1JGMnRHNmctVkU4Zkl0S2laWVNrUHlPbzhhS1Q3djQ2WlBIYUE?oc=5,Nagaland Post,"Sun, 02 Nov 2025 07:00:00 GMT",2026-06-14T20:39:43.444707,child_exploitation,True,False,candidate,https://nagalandpost.com/nagaland-nscpcr-dimapur-police-hold-awareness-on-child-rights-protection/
child pornography Nagaland,NSCPCR Chairman calls for stronger child protection mechanism in Nagaland - MorungExpress,https://news.google.com/rss/articles/CBMioAFBVV95cUxPM2o4WlZZSzE5NGU4V2VTVTVmNzZIYkJtYjZOYUw4WFZnc3pPYmNMRWljQzMwTERKWUw1RVhsQlowMHRJQS1PM0ZlQllIYkh4Z2EyRWlUY3l0ekJvMjdvbzlQNFJoVElyblBKNUZCcWh3Y1JyTXZETUZuYy1JSGw0V2FwRTRxOXozRU1yamtZOWh0THRCUFhkQWpVMVJ3THh1?oc=5,MorungExpress,"Wed, 08 Apr 2026 15:05:42 GMT",2026-06-14T20:39:43.444776,child_exploitation,True,False,candidate,https://morungexpress.com/nscpcr-chairman-calls-for-stronger-child-protection-mechanism-in-nagaland
child pornography Nagaland,US Dept of Justice releases millions of Epstein files - Nagaland Tribune,https://news.google.com/rss/articles/CBMiiAFBVV95cUxOU1VERjFNMDVtSEIxMi1nRW9XUHhnUmd2R2pweWlCVVh1MUpEVEtYaGFtcldIYkxnNkJfTXBBQUUyNm5rbVlVYzhjcU5Ha0lfMnZjbFFkaEY4V0RGaE90c0JDU3hERnhqMlYwajhSTkRydGl4clp0RDNUMHhKUU5YUF80VnVROUx6?oc=5,Nagaland Tribune,"Sat, 31 Jan 2026 08:00:00 GMT",2026-06-14T20:39:43.444789,child_exploitation,True,False,candidate,https://news.google.com/rss/articles/CBMiiAFBVV95cUxOU1VERjFNMDVtSEIxMi1nRW9XUHhnUmd2R2pweWlCVVh1MUpEVEtYaGFtcldIYkxnNkJfTXBBQUUyNm5rbVlVYzhjcU5Ha0lfMnZjbFFkaEY4V0RGaE90c0JDU3hERnhqMlYwajhSTkRydGl4clp0RDNUMHhKUU5YUF80VnVROUx6?oc=5&hl=en-IN&gl=IN&ceid=IN:en
child pornography Nagaland,NSCPCR ORGANIZES CHILD RIGHTS AWARENESS PROGRAM IN SECHÜ-ZÜBZA - DIPR Nagaland,https://news.google.com/rss/articles/CBMiogFBVV95cUxNYnhMTnpXZF92QmJEbkpuU3BQMGJGQ3NtQnh1Q3VGdUtiOEZuMU0yNHlUZFVSdDAzTnVHSnVSOS1BVFZ4a3F5SkNCcTM4Ym1tdmktc2p4a01IbmpHTzhKNUlJTkM3MEptb0s1WnI0M0k3MExMRENNRF9VaFM1NTUxV3c5R2FROWRVcGlQRUZaWEJtamRyQ2l4R1hXT0hXc21DeUE?oc=5,DIPR Nagaland,"Wed, 30 Apr 2025 07:00:00 GMT",2026-06-14T20:39:43.444802,child_exploitation,True,False,candidate,https://ipr.nagaland.gov.in/NSCPCR-ORGANIZES-CHILD-RIGHTS-AWARENESS-PROGRAM-IN-SECH%C3%9C-Z%C3%9CBZA
child pornography Nagaland,Territorial battles between villages in Manipur and Nagaland flare up - The Hindu,https://news.google.com/rss/articles/CBMi0gFBVV95cUxPWmtXRkgzSnJRQlNoUFpybTROUHJ4NjFEQTNLM1FYOGpRU2o5THFVcUtkaTBPN0FZOWt0eXctT2tVbUF6Y2VQUF8xZDVDcXN5T2hDb3pvS1ZieWhXU3JEbUNEdE5pbU1GZlgxQmlLTFJDekZ3MnNTUGRLRUs2WTRiOTd1SzBiTnQxMFpiYWg4djQ0djU2ZldnV1Flem5nOGxvcEVyNTBCTEgxU1JKWUpYdEQ0Y3RWTzN2Qi00QlVEYVNJN2FCRERrM3k5Z1ZVT1RJSWfSAdgBQVVfeXFMT0tRblZRcnp3SWtScVY2NlQ5enBuZ2d6N05xdkkxUGcyajdlWS15YXdpR1cwRjFaaXM4eEtoalk5TFNfczdFSTVrMTR5d2E2aEhzdlVabEE0Y2wzWkJVMERYNElySTRQMUNDOXhaS281Z0kwX0lMUmYwWjNvaHZSdzkxZFFHZmZNLWtFMFhteUVXcGhoaFNLZ1JPSy15M3JmakR0M0VYdGNSRzVBT180VmFFTkZyWnEtX2NsTHNXVk5zSWZXRm5KTGp3bWI4Rnp0NUNubU1VUlRT?oc=5,The Hindu,"Wed, 02 Apr 2025 07:00:00 GMT",2026-06-14T20:39:43.444827,child_exploitation,True,False,candidate,https://www.thehindu.com/news/national/manipur/territorial-battles-between-villages-in-manipur-and-nagaland-flare-up/article69403110.ece
child pornography Nagaland,Avitho-o Loucü’s book ‘Naga Hustlers” officially released - Nagaland Tribune,https://news.google.com/rss/articles/CBMiigFBVV95cUxPaEpXRmhmMVRxX1YyejRSdHVpM0MzZm1QaFJQNHk0eG5ldDkxUXYxekFpM2h2SnQwYkhIVjNUR1oydDlQZnlWT2NYTHhFWG9BTWlGLWtDbjZJSzFtemROM3BBeWVBODhLT3R0Z1Z4UFBWbnhXZnRwYmhucllpY3BuTUlKWmpWeFBta0E?oc=5,Nagaland Tribune,"Wed, 24 Sep 2025 07:00:00 GMT",2026-06-14T20:39:43.444845,child_exploitation,True,False,candidate,https://nagalandtribune.in/avitho-o-loucus-book-naga-hustlers-officially-released/
child pornography Nagaland,SENSITIZATION PROGRAMME ON SEXUAL HARASSMENT ACT HELD AT DIMAPUR - DIPR Nagaland,https://news.google.com/rss/articles/CBMilwFBVV95cUxOMHJvOWRtaUJKNFI0em1rOV8tbHpvTkF0VE0xYlZyYmxEQklDUVZMdngyTktMRF9KTVFRMUFlUkZDQkQtNE5sVjRNUFFBeGI2akdSQm9NOENlTDFPU0VEM1hvcjcyaVhWLUtoMlFzX0d1RndOOG4zUHRPVklBQUR6U2ZVYjU0MFNINld3ZXlGdWlHZ0FKYzNZ?oc=5,DIPR Nagaland,"Mon, 24 Mar 2025 07:00:00 GMT",2026-06-14T20:39:43.444872,child_exploitation,True,False,candidate,https://ipr.nagaland.gov.in/SENSITIZATION-PROGRAMME-ON-SEXUAL-HARASSMENT-ACT-HELD-AT-DIMAPUR
child pornography Nagaland,Nagaland society has become accustomed to forgiving domestic violence: Apila Sangtam - Nagaland Tribune,https://news.google.com/rss/articles/CBMisAFBVV95cUxPTXBTSFNuV1JwRVdVNjRZb0FZdGxMVFc2a3ZQWFJnYTR2ZWozZ0tLdm14WXk5MUpRYkM5aURheTBEOEo3aTZMU1hDUDk1R0p1ZVZwSHVNYjliMU1oeVlIVXRXRmJ3UEpISXZ1TkNxclY0TjJOUnBqZndxd0piV1hBYmt3VHVKX20yb1I5VWtHQUpUck1sNmZiN196OTVFRVhxcnNKSS1fX1lvVDBVdWluLQ?oc=5,Nagaland Tribune,"Sat, 07 Sep 2024 07:00:00 GMT",2026-06-14T20:39:43.444896,child_exploitation,True,False,candidate,https://nagalandtribune.in/nagaland-society-has-become-accustomed-to-forgiving-domestic-violence-apila-sangtam/
child pornography Nagaland,"Social isolation, unemployment, stress affecting young people in Nagaland - MorungExpress",https://news.google.com/rss/articles/CBMinwFBVV95cUxNYXlkTUZBam9LaDJ0VnRSWFpUVEZxSURoV2NGel9TWnROeE9ZU2o5NW5fNFU1aG9MUFc1UGFsLUNxQzhaZnpTOWI5OE5vSDJYVzBsNWQyOXBwLW5iZHF6RFhDaC14T0dDejJSQi1TY2VJTFAtVjU5dmR5aVhadjR3emwxR2JQTXQxTG9uN0Vqb2NSdnp2Z3MxX012c3RMeDQ?oc=5,MorungExpress,"Sat, 16 May 2026 18:29:01 GMT",2026-06-14T20:39:43.444908,child_exploitation,True,False,candidate,https://www.morungexpress.com/social-isolation-unemployment-stress-affecting-young-people-nagaland
child pornography Nagaland,Nagaland: News in pictures - MorungExpress,https://news.google.com/rss/articles/CBMibEFVX3lxTE9IOVRwSlFybXV1OWk1WFNyXzBmRThhT3AyM1FsVkhhY0Z6NzluMTMwOUJTZlh4Wm1rVER4OTBOeGdGZTlpa0VVOHNxZ3lwaFR4Wm5Kd1d3Y3ZycnZET0JGUWh6UmdZWktPamUzaw?oc=5,MorungExpress,"Thu, 20 Mar 2025 07:00:00 GMT",2026-06-14T20:39:43.444920,child_exploitation,True,False,candidate,https://morungexpress.com/nagaland-news-in-pictures-mar20-25
child pornography Nagaland,‘Nagaland still struggling with women representation’ - MorungExpress,https://news.google.com/rss/articles/CBMigwFBVV95cUxNQkMwWlVwQm1nNGh1WjVCSnUycjhWajB3ZDZ0SlZBc01aWnJ2alhSazFkNDVwY3lTQ1MzVVBGd3ZpZHBCd0p4VjVia2FZYnVRUG1GamNpUHdxa0VpcGc1RHFKSW9Ga1pCcC1UQ25PblFNWUV3SUR4RkVNUXZsSGt4M3JsUQ?oc=5,MorungExpress,"Wed, 14 Feb 2024 08:00:00 GMT",2026-06-14T20:39:43.444933,child_exploitation,True,False,candidate,https://morungexpress.com/nagaland-still-struggling-with-women-representation
child pornography Nagaland,Cases under POCSO Act doubled in Nagaland between 2018 and 2020 - MorungExpress,https://news.google.com/rss/articles/CBMikwFBVV95cUxPSXlUN0tfS3ZabjVhUEdaVGVIaktyR1VMTUtIYmhVQy1DbC1iRzdPSEFHVXl3TTZXS1NXV2R3QVRCY2l2aFN4d1JOOWxDblJTZElIWnJMUW8yUGtadzJMMEhfR3hhWFZXU29fRmpzMnlwNTlLMVJ6am0yZUUyaDBTUkNyWmtjMlJjUFBrVHRVaFJpQzg?oc=5,MorungExpress,"Tue, 08 Feb 2022 08:00:00 GMT",2026-06-14T20:39:43.444957,child_exploitation,True,False,candidate,https://morungexpress.com/cases-under-posco-act-doubled-in-nagaland-between-2018-and-2020
child pornography Nagaland,Nagaland Lottery results: Winning numbers of Dear Vulture Evening results - The Times of India,https://news.google.com/rss/articles/CBMi3gFBVV95cUxOYUJDdlNfdWM2UmV5NklBS3RjaXpWZGFoYXdzUGU1My1lX1JQUnZkQkdISU1Yak91U2NXbm9IaTBBam1MVndCbnNpaFVTZ0NRN3haSjNfeXV0U3JUN1IwZlVPYjJ3eHd2WnY2U1ZDRVd3VTJCZE5IMWlkOHlCYXdQSVhtZjF0cmdFblR2VTQ0cC1FSFgxeWN2Q09UVkNKSU9RTGtJYk5DdlExVGpucW1uaC14bE9OUzhjaldua3daNEtTVTFMOHZjMjItbjh5Nk5nNHN5VElNelNfUTlwUmfSAeMBQVVfeXFMTl9CRjZwcjFpREQxRmZTVHhrVmF6WVB1YWYyZm56TnZwZ08wYUlQdzMyU0dXZnZIMm9BaHVsbGRpZWJ5cHREaFlYQ1NXTlhoRlBMREN3d1d5dmoxQ3hQUzJDa1JSLUdfREVvR0E5ZGIyUUlwVGdzZzdfMWI0cGJrOE1GNWFJOERyWnNsX0VldjZWZzRTZ3d3aEFRcTZrNDhTaU5VMUwxaXJMVmpjTVg5SjZlVXZYcWRUQ3NBeWx6eHVfUUhSSUNOR3d0bDZESjJjVE1vR3c1T010b0Zxc0tQV2ZjRVE?oc=5,The Times of India,"Sat, 05 Feb 2022 08:00:00 GMT",2026-06-14T20:39:43.444969,child_exploitation,True,False,candidate,https://timesofindia.indiatimes.com/city/kohima/nagaland-lottery-results-winning-numbers-of-dear-vulture-evening-results/articleshow/89360129.cms
child pornography Nagaland,Medical officers in Dimapur trained on PC-PNDT Act & POCSO Act provisions - MorungExpress,https://news.google.com/rss/articles/CBMingFBVV95cUxQSlcwZVV5VWhfNl9wcC04dmRvN0lNMHJHaTlfSnlNWjVzN2ZTQTU3bFRKZVdXWDFBQ0xlRms5ZXQwY0k4Q3VmS21ydU42bmJUU1k2Q00wb0N0bDV1OTlIWXJ5eFZqM2lnN2R2cGJ4ckZzQUtjNWRiSGgyUFRObzJMRm81ZjB6Y0swRHd4S25EZHZhbEZuYU80bEdsUlFfUQ?oc=5,MorungExpress,"Thu, 20 Mar 2025 14:46:45 GMT",2026-06-14T20:39:43.445006,child_exploitation,True,False,candidate,https://morungexpress.com/medical-officers-in-dimapur-trained-on-pc-pndt-act-pocso-act-provisions
child pornography Nagaland,Nagaland Lottery results: Winning numbers of Dear Ostrich Evening results - The Times of India,https://news.google.com/rss/articles/CBMi3gFBVV95cUxOZF93ZGNPRFBDRUh4SlNDWUtrcGdlZXhaNjVzNy03VjI3SG1ZYmFoNkVvV094QkxSenFIZ0RaV25UYW9VYmU1RUVpVGh1SFBURU9WRjBmMnFTQ2oxNEh5UFdPS2JJYXVBZTMycFItMnhodjM1SF90NU9wRmZOclVJMDRod2hEZHkwZEpvRkpkUzBmSkpucUNGZDE2MVVjVkRiWW1xRExDY09heVRGQ2ZPV2V2a0NYVThsTFB3MlZKaG1EZ2xWRDRzUUgtMmM1Z0dLaGZhaDF3SXRRYjg0SUHSAeMBQVVfeXFMUFpQRFJNOS1DNllsUXI4d3hENUJva3l0c2JoMlU1ZEFqZkRjNV80Z1JzZko0d1Y1Y01lODlKeFo4X0FpY096WDFDMnNsZndyYzJMaVNzcFB2M0NkUXRGdlMtSmJpRGJXb2dXS0ZTMS1Ed2lPZXVNYURxNG5IVUVxc0FZNU1tX0RHWW9pNFFyQUZndDhPVHloV3ltazM4TWJxNGNvX2ZuMUt4anp1emlsVzlLcl9WNVRFeV9fS3ZkUEg1NTI5VnRraUtNd0w4aFdrekRpdlpFazBzREZOcE9HVHFpZjg?oc=5,The Times of India,"Sun, 06 Feb 2022 08:00:00 GMT",2026-06-14T20:39:43.445049,child_exploitation,True,False,candidate,https://timesofindia.indiatimes.com/city/kohima/nagaland-lottery-results-winning-numbers-of-dear-ostrich-evening-results/articleshow/89377946.cms
child pornography Nagaland,Nagaland’s Police Ke Pathshala schools students in law and order - The Indian Express,https://news.google.com/rss/articles/CBMizAFBVV95cUxNWjVLM3RGNjNJMWFteEl3d3FtcFgwM0pCeDVyV1B2MWNlTEVUOTRXWTZIVjdmbWlmblIyaklrdTNJNFVKMjVCaXVSVGpNUXBibzVSX1htMVVldGpCcUhDUmkwSTBWOE4wblJpREJCXzFsQ1gyWGRMb3JLQjY4SGtIVnRqcUJxX3V2bkxMOG9hSUsyamdpRjRNLVowdDE4bWdYSzl0V0w0YTNZQy0ydTAxMk5yY0ZaaldiSGNrSTdSQVJpN080amJ2X1hOVWHSAdMBQVVfeXFMT0lPY3cwX3V2UERCVUhoQWpQQzJJSENNdDV4ZVF0SDVlbnhnVG1OMFh0b2ZVbjRhN2EzMGF3SlJfLW44VTR3d0FKSTJPblk3blJiejdVOC0xYmM2X0RJSmRBTFV3M0x1STlXSUxQcVY5LWhQZ3h4YjlqaTlSbDBPaThPV1VNSl9qUmRYNjRoOElhRmpaejVaZ3FrRlNNdWc1OEFpOGVLbzIwQ3lkbXc5MnVhaGJSVmtRMU1tMjNSVml1MC14Xzd5OS01TG5qTmw3bXlXNA?oc=5,The Indian Express,"Tue, 04 Sep 2018 07:00:00 GMT",2026-06-14T20:39:43.445088,child_exploitation,True,False,candidate,https://indianexpress.com/article/north-east-india/nagaland/nagalands-police-ke-pathshala-schools-students-in-law-and-order-5339688/
child pornography Nagaland,Nagaland by Jonathan Glancey - review - The Guardian,https://news.google.com/rss/articles/CBMidEFVX3lxTE1ZbTRDZTA3OXpGQk5YdjFnQnVpM0hheDE4b2dKZmlndmE1d3JtdVZ3OTB4eW5sYnVsRGpWaVdyRlhlaUtoVy03M3FsZWxrNGdmZmNsZUg0UGJ5XzlodklCMjhoelc2elBPR0VZS3I2RmJPZEM5?oc=5,The Guardian,"Fri, 08 Jul 2011 07:00:00 GMT",2026-06-14T20:39:43.445124,child_exploitation,True,False,candidate,https://www.theguardian.com/books/2011/jul/08/travel-writing-india
child pornography Nagaland,IDAN sets up cell to facilitate CMMFI - MokokchungTimes.com,https://news.google.com/rss/articles/CBMidEFVX3lxTE9pdlo4ejR3MlJmTE1sNHVkaG1PV1M0eFA5YmtNWDhzaGVIYVNYNmdCWjFnVWNSWTFwdkx3NUZ5cnBzdmhrdkZFOVBvc1RyU1pJdTRJSTZtSVBXeWt4V001YlUwQ2h3VERTeXNoZG1jSm54WUFs0gF8QVVfeXFMT2xnUGZ0VDUxX0xuWmFKYzdwdG8wR2laMVNCQ1BHcTJEM1R1Vnh6M1BQWFA0V3BrMGtXWjFuaGt5ZDF6UGc4T0ppQTFPY3hUaGtRcXhLUDdOVFpzOHBVT01JYWkwLVJxSmZUQ3pQRGN0c2dZeENnT3dDTUJzRQ?oc=5,MokokchungTimes.com,"Wed, 24 May 2023 07:00:00 GMT",2026-06-14T20:39:43.445255,child_exploitation,True,False,candidate,https://mokokchungtimes.com/idan-sets-up-cell-to-facilitate-cmmfi/
child pornography Nagaland,UNESCO says Nagaland’s Tenyidie language is endangered. What’s next? - EastMojo,https://news.google.com/rss/articles/CBMipAFBVV95cUxQdUNGSFZVenhNUTUwbGZJRmpoczFDVzZqMjNOOXN1WW82VVYzVWJWLTh0bEFleGNnazdFdHBWd1hGVXNtQWtPdGZqQkpUcEswZjlVWktHajVjdlpJdGlmMGZVZjJ4RlVtbWxXU3hpWmxPbUZlVE83aUd5T3d2QmVYay1LNmhPN2h0TDBCWENiTlV4OElLY0F6SFU5TkdldjZ1My10dg?oc=5,EastMojo,"Sun, 17 Oct 2021 07:00:00 GMT",2026-06-14T20:39:43.445273,child_exploitation,True,False,candidate,https://eastmojo.com/news/2021/10/17/unesco-says-nagalands-tenyidie-language-is-endangered-whats-next/
csam Nagaland,Nagaland State-level conference on child rights in Kohima - Nagaland Post,https://news.google.com/rss/articles/CBMiiwFBVV95cUxPVHBCaVlMVG50R2ZnNFFsa29KTlZjMVo5OXlpcXluM0tKUm9ieWxhMk53VUlMbVRuY25CVnBabENKQndiUVFGWlpBeUpDVmZRSEJoZHRyQTZFZ292U250Nk1SX3FfSUJOQlJjQTZBR2hWc3QxY3k3Q2Z1MHI3SmxQZlA3NExMSlNadHlV?oc=5,Nagaland Post,"Fri, 21 Nov 2025 08:00:00 GMT",2026-06-14T20:39:45.002574,child_exploitation,True,False,candidate,https://nagalandpost.com/nagaland-state-level-conference-on-child-rights-in-kohima/
csam Nagaland,"'Caution is conscience': Nagaland media told to protect children, not headlines - Eastern Mirror",https://news.google.com/rss/articles/CBMiswFBVV95cUxQTTZvb3FMTE92a3dhWWl1ZFlPYkhoWC1rcThBRndMZlgwSXNYSk9XZnVsMC1IVUhiLUxldGJ6TlRFZG5haS12VnhhXzhsQkNKdE53S3g4dF91RHctUVRLbTJEaElBdkhMSlp6YVJ4c2RLSjgzT0toZnlxcWMxLUJ1aTA1NnIxQ0JZLVBuVENxTDRTZTdQYVREajRxOWRZQVhSVHRSQklDaUNTdG5TUmx6SkhnRQ?oc=5,Eastern Mirror,"Sat, 15 Nov 2025 08:00:00 GMT",2026-06-14T20:39:45.002610,child_exploitation,True,False,candidate,https://www.easternmirrornagaland.com/caution-is-conscience-nagaland-media-told-to-protect-children-not-headlines
csam Nagaland,The story of Nagaland cop who turned Kerala billionaire - India Today,https://news.google.com/rss/articles/CBMi1AFBVV95cUxPbzVIQXFULU5wa3VHeTE3djhuSUtCallaX1lQLU9SUS0zdXRRdXVFVVBiWFBRNk1lUFhzWXdJMmkyN09yUnh1MkZ1NnlnU2JDcEl0YV9QZUFtZ3VELW1xazJGWUV4czVrQk1IS3lKT1IwM3VhTWtsTE5rNXgyNEwwTllCWEhETWFnenhDRC1JQmhPR2Vfejc0V09SQW81eURJODB5cUxCbnc2MzFfdlJ5Xy1kbm1SRy1XUUFHbTkwNExHT3FjYjF2a1dDV1NJVG02MzJWWdIB2gFBVV95cUxPYTcwdEMyMmtnSk8tY0pxaUJYZ1RsMTk3anQ0T1ZjYjhDdUwwRkUwWWp4d1ItOWdRbS1tY1BybXN5VTVEYnZEbkdzQjJSUUdkVUY4T2hfWWdza25sLV9qODV0WDJZeFBldXhEM3J4RmZpSGN3RlgwNld6Q0tMS2pqS19YWEVyOFNYM3RxVnRpaTNaaGhqQ01sdW5LU3R2ZjRmaDYzYXI4TEVYMDBSZW56S2JuNXYyd3gxa3lHTWhyTUZuQjdHZHo3ZjQ0TWZkdGhONXk4aFBtMVVNdw?oc=5,India Today,"Wed, 14 Jun 2017 07:00:00 GMT",2026-06-14T20:39:45.002737,child_exploitation,True,False,candidate,https://www.indiatoday.in/india/kerala/story/nagaland-cop-turned-kerala-billionaire-mkr-pillai-sreevalsam-business-group-982715-2017-06-14
child sexual abuse material Nagaland,When Tradition Breeds Silence: What most Sexual Victims are Forced to Suffer in Silence in Nagaland - Eastern Mirror,https://news.google.com/rss/articles/CBMi0gFBVV95cUxNWUNBTTNxNUFZOFZicXNCalBLNWJ3ekhzRmc2YW0zY25QOWotOTVRV3ZRWldkbXhlQTQyZHJXS2dJV3hxSkVXMkctVG04R1I5M0RNZ2Fza2VDWllIYWplRkJubVIzbFZpUXJMdk14VWxVQ0xNcTJScjdlV0c1RGZoQWpjSjlDRmRvdURpUGtZa29QUzZiQk5GMDd5V0F4Tmp2c1lPYzNybE9WbVEtZ1djTWY1WFV1Q1c4UUFsQlFYckQ2blBQZmhSa09FaEZrbUwzMVE?oc=5,Eastern Mirror,"Tue, 09 Jun 2026 04:07:29 GMT",2026-06-14T20:39:46.657581,child_exploitation,True,False,candidate,https://www.easternmirrornagaland.com/when-tradition-breeds-silence-what-most-sexual-victims-are-forced-to-suffer-in-silence-in-nagaland
child sexual abuse material Nagaland,Psychological evaluation of children shouldn’t be ordered routinely: SC - Nagaland Post,https://news.google.com/rss/articles/CBMimwFBVV95cUxPempEeUdxTUpuaVAycVJfaFp6SFhrT25FVDNxa0o0UDhhN29qZ1hNUUlrbjhmZVFZb1RGMFFydVNULVhwUkpCZ0RtZjBqa215SUVrVnI2UHJqVHd4WFF5WVYydWhLSXVZOERSa2RaTEtseV9vQWFMbjRqYlRzMlhNdHZaVzJZOHVYVE95cFhrU2ZOTThKa2pxMl91aw?oc=5,Nagaland Post,"Fri, 12 Jun 2026 06:13:10 GMT",2026-06-14T20:39:46.657597,child_exploitation,True,False,candidate,https://nagalandpost.com/psychological-evaluation-of-children-shouldnt-be-ordered-routinely-sc/
child sexual abuse material Nagaland,POCSO Act applies if victim of sex trafficking is minor: SC - Nagaland Post,https://news.google.com/rss/articles/CBMijAFBVV95cUxPYU8wcUJmMmFhRzNOdmJ6QjM1V09JNTU0MWQzY2N3NzBLRE96bUFpZDBrYjdZWHdka3FGMlB4QldBSEFkTXNlQXo4cXJlSDN5QzhlSmpRYlA3ZmlsenN6Q1pheUZreWhOZ3dwYXc5VEszT0pkR2pGSFR6TmpwSnZWcHg2R2JUSF9KU0NyWQ?oc=5,Nagaland Post,"Mon, 01 Jun 2026 00:39:43 GMT",2026-06-14T20:39:46.657611,child_exploitation,True,False,candidate,https://nagalandpost.com/pocso-act-applies-if-victim-of-sex-trafficking-is-minor-sc/
child sexual abuse material Nagaland,Over 5500 distress calls received by Childline Nagaland in 2025 - MorungExpress,https://news.google.com/rss/articles/CBMikwFBVV95cUxNSUZHTjJoaFpDeTgwekN6WlRLdVNReExIVFZIYWhHNHo4VDdZVzlwQ3luNEZHaHc2bXNqVFdxZ0tYU3ZrQl9FN1V5N19qaGpqV0ozeXpySFlqUXVaZmMwMmN1eFROSm4xY2gxdnEtd19veUlfdVlueEQ2WUNZZy1qeGdUcmxnZTZETGNOeDhlV1RBZU0?oc=5,MorungExpress,"Fri, 20 Mar 2026 17:45:49 GMT",2026-06-14T20:39:46.657663,child_exploitation,True,False,candidate,https://morungexpress.com/over-5500-distress-calls-received-by-childline-nagaland-in-2025
child sexual abuse material Nagaland,Child protection in Nagaland: From Constitution to community to courtroom - MorungExpress,https://news.google.com/rss/articles/CBMipAFBVV95cUxPUjJBZmptWWdXdEtNc20tRVhaN0hUZDdoMGt2d1FLeFFCb01nMTFGem50ajFLU29OdnJIakJPX21abFRreDhGMWhSa0tvdlNMa1Q2M3dFNktvMUdYd2E2bmtiUFd0VkFjUmxmXzIyMEU0VVUtTmFvLVlPWTdmcXkyRk5hQVVMZmdNaFQ0ODU5OGtPOUFOWWJVdm1sVlR4bzhKdVF0RQ?oc=5,MorungExpress,"Fri, 17 Apr 2026 15:56:38 GMT",2026-06-14T20:39:46.657688,child_exploitation,True,False,candidate,https://www.morungexpress.com/child-protection-in-nagaland-from-constitution-to-community-to-courtroom
child sexual abuse material Nagaland,ACTIVISM AGAINST GENDER-BASED VIOLENCE LAUNCHED - DIPR Nagaland,https://news.google.com/rss/articles/CBMigwFBVV95cUxONXZOMW9BXzVZaEJYMENZb3JBYTZkNVVETFI4UmpJOVFWQ2tSZDc2M01uOWM3RkdlYVpJZVFodXpoREFfMnhuN0dsblFpYXVTcnJVTmlTVmpoVlBkZjZTalBMa3NGM01OcWstQ1RyU0E2RVItUUxqZTZKdGxJM1JwSXhrWQ?oc=5,DIPR Nagaland,"Thu, 25 Nov 2021 08:00:00 GMT",2026-06-14T20:39:46.657714,child_exploitation,True,False,candidate,https://ipr.nagaland.gov.in/activism-against-gender-based-violence-launched-0
child sexual abuse material Nagaland,Education as a pretext: Hidden faces of child labour in Nagaland - Eastern Mirror,https://news.google.com/rss/articles/CBMiowFBVV95cUxOTENhVTh6UjNoMFJ3b3lrWTF2RlBnbFZ1OFVEenc5STMwYkw5cUpOYXh6a2ZJcG51RVEyRlhqV09HYWtTUXRqd3g1VGJzRDU2STR0QnZnS1JvQ0YyMWRLOFEtU21ycDdhVU9rRnFOSkI0dkhHQS0wT25GR3VpNnBkNmw3cHVfWnB6RnRlVng5c2c1cFNQYWlBU0N2S3pwR0p6cHIw?oc=5,Eastern Mirror,"Wed, 11 Jun 2025 07:00:00 GMT",2026-06-14T20:39:46.657788,child_exploitation,True,False,candidate,https://www.easternmirrornagaland.com/education-as-a-pretext-hidden-faces-of-child-labour-in-nagaland
child sexual abuse material Nagaland,"Nagaland Man Opens Schools, Rescues Kids From Child Labour - The Better India",https://news.google.com/rss/articles/CBMiugFBVV95cUxNVjZnMlBaeFhQcUNKbnA0SUVESGl2WHdsbHNMelZVUDRqTUk5a01hNjBUSjRNaXB5a2ppWFhXTUlzT2lxZmhtenB5TENtNnpKOVoyRF9fYnFjOTBmTzBua2I3ZVA4elo3emlQc09WRlpxX2pYeklxeHV4TzYwZWNqTFdLR2lXN3I0ZGNLbG82REFhYndNNmlfOEZkVVNoR1RrbTZqTU1kSzdTOV9uLU82aXdxdml0QkExZmfSAb4BQVVfeXFMTngxeGxSbVRfVkt2NEFVZGlNbERFdkdhN0x4eGlHR1lUeXl4OFRDNndpUGROelJESkJIWUdsbnVfTG92cnh3dm8tTjFkaGF2SHlGbmpoN3JkekMtVDRJckx4c2h2QmwwMEpVMHVFT0lUSjlFWDliNEFoVnlzX2k1ZU44d2N0VnpDR2xGVkhfeERvRzI2VEdkeUpvUjJkS0VtbTJ2OGg4amNXX19lYzRpcHZTbTNiUlljV0lDcmNKQQ?oc=5,The Better India,"Fri, 13 Dec 2019 08:00:00 GMT",2026-06-14T20:39:46.657867,child_exploitation,True,False,candidate,https://thebetterindia.com/206292/nagaland-dimapur-underprivileged-children-education-cecs-rescue-helpline-hero-india/
child sexual abuse material Nagaland,Nagaland joins call to ‘End Violence Against Women Now!’ - MorungExpress,https://news.google.com/rss/articles/CBMiiwFBVV95cUxQTEVmZnZpdXZJRmVBc1FBRm9nWUtJMlo4OERtVlRkQ3VXT2MwVkMyOW9BMDd4SERpOVkwRmhVdVl0WnRLUWRLeDFoLURqcktidWdTSUhNZElMQmpNYmdMbmpzY2oxTUk1MTg0bkpmVl9XYTJ2T0l3bVR5Wk9GRW9VREdpd2MwaGF1MFhn?oc=5,MorungExpress,"Sat, 02 Apr 2022 07:28:33 GMT",2026-06-14T20:39:46.657879,child_exploitation,True,False,candidate,https://www.morungexpress.com/nagaland-joins-call-to-end-violence-against-women-now
child sexual abuse material Nagaland,Adolescent Girls Clubs launched in Nagaland schools to empower young women - The Statesman,https://news.google.com/rss/articles/CBMiwwFBVV95cUxORDBwMFBGNjlnWFo4YngtT0l0VVl4YktOelpUbWltclZKY2pwd2VVaE05Y2xCN2VsX29fT24tSEpIQ0FHRVBKTklEY01kVEVpUVZYb09hdjJaaGUwYzVaLXVIWFprQm5Ea1U4d3JodnowUU93eUVmM0FiRzRTQkc1X3dmSUNsZ0ZGVmtnZlA3Vi1BTy1EVDRJOEk3VEc0c041cDdxclE0NmhZZjZnR1VJb0lGc1pwaWJuQkwwSVM0dDcyb2vSAcgBQVVfeXFMTXBEZTBvRTkySEFneHZvV2N0MWJUWFUtYnFMaGZIbnNwaHRnb2V3MFlSal9kaHYwelBuNlg4d1V4ajRoSWRESE9zSTFlTXM0cXFDZklieEN2OFZIY01OZGg5dVhQaFI1c2ZHSnZVeW5pZTI5MmZKS1VzeUR3OVh5Wm1sR0REYlJXZV9KMGtCQWdFV1IyX2tpVGQ5N3IxUElES2ZPWnlUVjJ4LTc3VHlBT3pxbFNKc1NkaDVTLTVYNnl1U0Zwdko0Sy0?oc=5,The Statesman,"Mon, 24 Feb 2025 08:00:00 GMT",2026-06-14T20:39:46.657912,child_exploitation,True,False,candidate,https://www.thestatesman.com/india/adolescent-girls-clubs-launched-in-nagaland-schools-to-empower-young-women-1503401610.html
child sexual abuse material Nagaland,Child Friendly Dimapur launches campaign on prevention of substance abuse - Eastern Mirror,https://news.google.com/rss/articles/CBMisAFBVV95cUxOSmJQMzhNZEFRRkNUaXZFMzg5dGlhQ3RwTVBRbFBod2JJc0NvTFBTdUVtSDVvU1FXOTY2NTFqaVg0akh1NHI0NWlWYWd5bTl3RlNucnc0b2RkNWJOWjZZLVFyMzkwVGF5OV9WLUZFWlR1VkNQMnFYWGxQS0hmX1pCOWRiV3hrUHZTT2xzZGRTQkpCMHVtMU4zcE9SMFY4R0pWcjRYSkJ4RWdxWTRWbDFyZQ?oc=5,Eastern Mirror,"Fri, 10 May 2024 07:00:00 GMT",2026-06-14T20:39:46.657924,child_exploitation,True,False,candidate,https://www.easternmirrornagaland.com/child-friendly-dimapur-launches-campaign-on-prevention-of-substance-abuse
child sexual abuse material Nagaland,Assam Rifles conducts outreach initiatives across Nagaland - Eastern Mirror,https://news.google.com/rss/articles/CBMinAFBVV95cUxPWTBUWUhvZ25STEo3d0NhNEMtcTZrekZIVmlRYkpPM0w4SjRmSjMxdzZtdzRucExITGxyYWFBb0dVYjdlQlBtOTVqcW9zRkxNZ2pFbG1mQjRqODVvQTFhZ3hQTk1ZQ1pJczdObHc3Qks4WkozWHdnV2tQSEY4SVJXWGsxZDRfRV9HUmxia1VMZ25zM0ZGWkdZdFpqSnE?oc=5,Eastern Mirror,"Mon, 04 Aug 2025 07:00:00 GMT",2026-06-14T20:39:46.657950,child_exploitation,True,False,candidate,https://www.easternmirrornagaland.com/assam-rifles-conducts-outreach-initiatives-across-nagaland
child sexual abuse material Nagaland,Nagaland: ‘Is it time to lift the NLTP Act?’ - MorungExpress,https://news.google.com/rss/articles/CBMidEFVX3lxTE13aUo1M1R5TnZlTHFPN216OXlFR24tczBneS1SOGlxeHctQTVzU1VHWVdXaW94ZzBHTjZtb3JLLWRfaXhjSFNiNmkwNzgwaWJUMmxnRHJIVmJSRGNLaF8xRk9NR3Rlb3pDZU9YQnAtM092SlhV?oc=5,MorungExpress,"Mon, 01 May 2023 07:00:00 GMT",2026-06-14T20:39:46.657961,child_exploitation,True,False,candidate,https://morungexpress.com/nagaland-is-it-time-to-lift-the-nltp-act
child exploitation online Nagaland,AWARENESS PROGRAMME ON CHILD RIGHTS HELD AT MON - DIPR Nagaland,https://news.google.com/rss/articles/CBMijgFBVV95cUxQLXFUOUltLUMtcThaRGJ3RGZIZmpSMndUVkJxSlctRHd5ek9QaC1XT0JSc0dGR2xPcG9FQ1J0QjA1OXIwSlhHbVBfeTMxT1V4ZXVMNEczWGY4eEFjM29oNzVEZ1NrYzROeXRUSkZrbTBlM1cwQ0hQMlNYNHZWXzZ3eW1ZZ3NmdDRuTk9aSm5R?oc=5,DIPR Nagaland,"Thu, 30 Apr 2026 07:00:00 GMT",2026-06-14T20:39:48.296742,child_exploitation,True,False,candidate,https://ipr.nagaland.gov.in/index.php/awareness-programme-on-child-rights-held-at-mon
child exploitation online Nagaland,SENSITIZATION PROGRAMME ON CHILD RIGHTS & CHILD PROTECTION CONDUCTED AT PHQ - DIPR Nagaland,https://news.google.com/rss/articles/CBMiqAFBVV95cUxQYURkaU84b2J6TGFiUDd1c0g5bUt6STVTaHBPdE1OME5kSlJma2IwWWV0d0RZSEx6eEdHOU44aWtHOU9YbHNTZXhGVktUWGlQUWszYjlMQjRYbWd5SGJQY1Nra21PaGNZa2c4Q0lZeXJLRjk1THJjVFBHUkpNWW1mbHA2MWlOaWNxU2t2WFpOU3Vyb1lIclhtcE9idUNVVjlsZ2RpeXAxU1Q?oc=5,DIPR Nagaland,"Fri, 08 Aug 2025 07:00:00 GMT",2026-06-14T20:39:48.296759,child_exploitation,True,False,candidate,https://ipr.nagaland.gov.in/SENSITIZATION-PROGRAMME-ON-CHILD-RIGHTS-%26-CHILD-PROTECTION-CONDUCTED-AT-PHQ
child exploitation online Nagaland,Child protection in Nagaland: From Constitution to community to courtroom - MorungExpress,https://news.google.com/rss/articles/CBMinwFBVV95cUxOTDBQalFIa2YzaUVLajQ2Y3VUQm10SUlibHRoVThKZTA5a2QxSXo3Wk5Ec2wtNk1YMzFpbG01Ulk0Wk5VUTNmOEVSbGdia3VuTHBkUlRKdmlWMzd4WTA5eVZTcXp4WTNqZTd0bEtGMUphcjdQSEFsaFFRaFYwdjJrSlJmNXFXcUs3dmduOG1Cc3JWYVdnaXdtUmxzeThHZVU?oc=5,MorungExpress,"Fri, 17 Apr 2026 15:50:39 GMT",2026-06-14T20:39:48.296767,child_exploitation,True,False,candidate,https://morungexpress.com/child-protection-in-nagaland-from-constitution-to-community-to-courtroom
child exploitation online Nagaland,ONE-DAY AWARENESS PROGRAMME ON CHILD RIGHTS AND CHILD PROTECTION - DIPR Nagaland,https://news.google.com/rss/articles/CBMibkFVX3lxTFAyM0UzN1pWemRZOFRfR1RzZzVpRmQyUk1LekpoTGdyX1ZSVGtuTFMtYktvNmttVVgyclpNMFlQaldvV3NGRVVVTXdqeDZDQTFzSzNFX0p6X0JYcnVKdUFQRnBPTzN2bUt0cGpXSUhB?oc=5,DIPR Nagaland,"Tue, 07 Oct 2025 07:00:00 GMT",2026-06-14T20:39:48.296784,child_exploitation,True,False,candidate,https://ipr.nagaland.gov.in/child-rights-protection-awareness
child exploitation online Nagaland,"Govt flags growing digital addiction, mental health crisis in children, youth - Nagaland Tribune",https://news.google.com/rss/articles/CBMipgFBVV95cUxPMUV0OUNMS3pMU2NWS0g1Y0huQk51RnlLVGRWTW1sR1Bta2QzU2pLOUZneE9FVjNvNDBVR3JpdEowQXBLV011Q2d5QTJBbUd0Ty1hSFVvbjdqZGl4c1laaTRzZWtSRzlkTFBCYlZUSGZ5c0lEdWl3VmVFb1hYVnc4MGNRMUszYlMzUVNVUlYydS1ST1JLVHdsOTZmTlYtbVNpRFFIalBR?oc=5,Nagaland Tribune,"Thu, 29 Jan 2026 08:00:00 GMT",2026-06-14T20:39:48.296800,child_exploitation,True,False,candidate,https://nagalandtribune.in/govt-flags-growing-digital-addiction-mental-health-crisis-in-children-youth/
child exploitation online Nagaland,NHRC India informs on Short Film Competition 2026 - Nagaland Tribune,https://news.google.com/rss/articles/CBMigwFBVV95cUxQcFFzSUpsUG9kUGgwUEdIY180S2RhRU5TVzRDQ3BSZC1KTjlqb2dFSzlibXFpeEtLTmpRRzY5RklNWlZSRTNra3ZBeWY0UEJKQW42cnFKM3VpRTFfXzI0dThUVjBCS1dhbG5rUjNoQ0JEcndJTFpBQXcxVVI1RUs5ZkN1RQ?oc=5,Nagaland Tribune,"Mon, 27 Apr 2026 07:00:00 GMT",2026-06-14T20:39:48.296825,child_exploitation,True,False,candidate,https://nagalandtribune.in/nhrc-india-informs-on-short-film-competition-2026/
child exploitation online Nagaland,AWARENESS PROGRAMME ON CHILD RIGHTS & CHILD PROTECTION HELD AT NIULAND - DIPR Nagaland,https://news.google.com/rss/articles/CBMiogFBVV95cUxNUVlFTFZacjh3cENrWEtLX2ZiVTVFTEVzNkViZGhuZUNoWWZnREtHSzR5blgzUFFaelhNak9kTUpZaWRXUUJqZ3JOYU5yNDB0aXA0Wmp1N183U1hWZHZmY0xXYmNDa3R0VTdzcFBOTVZ5OUlHUnVGS016RHJJM21NeXZta3U5VS1SbkV6QlVXZUdNVHZ3S2ppMjZNTGFpclE3cmc?oc=5,DIPR Nagaland,"Fri, 19 Sep 2025 07:00:00 GMT",2026-06-14T20:39:48.296833,child_exploitation,True,False,candidate,https://ipr.nagaland.gov.in/AWARENESS-PROGRAMME-ON-CHILD-RIGHTS-%26-CHILD-PROTECTION-HELD-AT-NIULAND
child exploitation online Nagaland,EPFO conducts awareness on EPF enrollment campaign in Dimapur - Nagaland Tribune,https://news.google.com/rss/articles/CBMikwFBVV95cUxOZ2h1X053V2dhZUtEajUxZXBKRmdiS1JOZGlUUzZhNl9YV0JmSDFkenJBN19LVWFsTHJhNmo3ZExUaFh0NVVzYzd6X2diT3lNdXdMNldCTkthYzJtdFJqLXlTeVhna2ZXbkpQeENiN2xtV2ktM25IUHVoWWF0eFl5TVlseXpwTWhLOERnT3FuRXNFYWs?oc=5,Nagaland Tribune,"Tue, 24 Mar 2026 07:00:00 GMT",2026-06-14T20:39:48.296848,child_exploitation,True,False,candidate,https://nagalandtribune.in/epfo-conducts-awareness-on-epf-enrollment-campaign-in-dimapur/
child exploitation online Nagaland,DISHA MEETING REVIEWS DEVELOPMENTAL SCHEMES IN KOHIMA DISTRICT - DIPR Nagaland,https://news.google.com/rss/articles/CBMilAFBVV95cUxNLWx1bnhHT2pWYU9pRTA2cnlaUFgzM0VOWDZvNU5NYVl3V1dtVzl6Z2JUX3dOTGQ3WTlsclNteEpob2RQLURIaWUxNll2eWV5SzlXbVk0THp5MXcyLTFaVjF5SHN6OWVLMXB4N2xudjgxX3ZFd2RpUV9WTnRjSHhTdGVDeHh4RUZPNjEyc3cxVHpmSUc4?oc=5,DIPR Nagaland,"Mon, 25 Aug 2025 07:00:00 GMT",2026-06-14T20:39:48.296855,child_exploitation,True,False,candidate,https://ipr.nagaland.gov.in/DISHA-MEETING-REVIEWS-DEVELOPMENTAL-SCHEMES-IN-KOHIMA-DISTRICT
child exploitation online Nagaland,India must follow Australia on social media restrictions for teenagers - Nagaland Tribune,https://news.google.com/rss/articles/CBMinwFBVV95cUxQMUk0RkNFNWI4T0NkeWJ0cHpyakUtNS1QbVkyd3J1U09DWjBsemJreXNIRF94aERUOVFUN0t3aF9rZTFPY3psWlo5YXhKRU5WUm83RERnVzF5UHlkUTRkRnktb1ptRTI0c2IzVFpPNXJ4aGZOZ1dGN2hGSWEyamw2M1ZNVzduNjV6WllmZjlNYnpRZ0xBaWlMVXlGdVFTcVE?oc=5,Nagaland Tribune,"Sun, 05 Jan 2025 08:00:00 GMT",2026-06-14T20:39:48.296871,child_exploitation,True,False,candidate,https://nagalandtribune.in/india-must-follow-australia-on-social-media-restrictions-for-teenagers/
child exploitation online Nagaland,ONE-DAY AWARENESS PROGRAM ON CHILD RIGHTS HELD AT KIGWEMA - DIPR Nagaland,https://news.google.com/rss/articles/CBMimgFBVV95cUxNRkp3V24tTUNldmozME5Ualh3S1Y1MGF5cjh3aEtZRGZzc1JKVXJ1bElqVm5Ia2hQMGVXLVBLNkZjRUxvdnV5bTlZUkFXVENqOVBuMlZ5b2VibW14NjNzc3hkdUdXWnRucUF5bnNDMlZFMHNPQnZkaTZQaWlnY2ozRE1rVTNiRG5yYTZfWkFmaWV6YURQbmtZRjZB?oc=5,DIPR Nagaland,"Wed, 23 Apr 2025 07:00:00 GMT",2026-06-14T20:39:48.296879,child_exploitation,True,False,candidate,https://ipr.nagaland.gov.in/ONE-DAY-AWARENESS-PROGRAM-ON-CHILD-RIGHTS%20-HELD-%20AT-%20KIGWEMA
child exploitation online Nagaland,LEGAL AWARENESS PROGRAMME HELD AT SURUHUTO - DIPR Nagaland,https://news.google.com/rss/articles/CBMiekFVX3lxTE5kd2Rlcm55SlAxOVljQUhoUkVQNXZ4ZWtmelFRYWQtOHowZVJkckRoNnpNWmFXTlg0WEZ5VHVQczV5ZDlGSi1yMEJmcUFJOXctMnhmd1o5TEdQZlNKM2FlbUpyVHNqVnRvOWFIMG9qVU5BMW1BRXJtMUJB?oc=5,DIPR Nagaland,"Tue, 04 Mar 2025 08:00:00 GMT",2026-06-14T20:39:48.296887,child_exploitation,True,False,candidate,https://ipr.nagaland.gov.in/LEGAL-AWARENESS-PROGRAMME-HELD-AT-SURUHUTO
child exploitation online Nagaland,WORLD DAY AGAINST TRAFFICKING IN PERSONS OBSERVED IN DIMAPUR - DIPR Nagaland,https://news.google.com/rss/articles/CBMiigFBVV95cUxObnNfREl1NDdkR2NDUkI0YXZKVGxHMGs2UERITzZjdzl3YzA4SWdSaWJqMHVuQk5HX0VYNGxTcXZIZ21MWGZfQWJHam1zcmlQTU5vT3RMMGZvRzI4bnMwVkJhR1B5S05vUTZYckp0UXdHb2RGdEdOdEJJV3JrRWQ3bnlfQ1o2cW00Z1E?oc=5,DIPR Nagaland,"Sat, 29 Jul 2023 07:00:00 GMT",2026-06-14T20:39:48.296895,child_exploitation,True,False,candidate,https://ipr.nagaland.gov.in/world-day-against-trafficking-persons-observed-dimapur
child exploitation online Nagaland,"In Nagaland, outrage over child sexual abuse case against pastor reflects generational shift - Scroll.in",https://news.google.com/rss/articles/CBMiwwFBVV95cUxPalVyUzdxWmxVRjdIRjg3WE5HQ05nMmQ2a0tib19BTWxSbFg4dnRRaTgyejBJcEJBbUdvbS02S2pCUmJ2Y0tTeFUxcTBQVS1LdU9TVkVTaXByc1BGU1d6cFQzMGI3ZmhsNEkyLXRvYmU0VTl1RFAxUXl5dzkwMzFTMGsxTy00d0xYbGNydVhsWGVYeXJjQlNsM0lWeTROU2g2WmNCeTRadW9jbnFZRE82SlF3cmZCVEJzTkwzcEhWLWtVemfSAcgBQVVfeXFMUGRfd0tSYnJLZGFuTl9qMnRPZW9PRk13ZDhxbkMtU3BGSnllS3pSYlRIZC1OTHQxWlFudnFzbXBLMXhYb3NYZWVzSzNRQ0VCOHR2YzZiNE12MlZ0blJwcGdHNF9odlJ1SC1tVVJFSEtyckMySmNaUjhkUUZfVDUxMXgzdDNndWtUTHA3TXVEMXJtWHItVVlKSllfd29yOTUzTjhlUk15RGdIUlFDSzVJYkM1Zkd0NG10Vk5rYmwtTHBJaGlCVlFkY2M?oc=5,Scroll.in,"Sun, 03 Nov 2024 07:00:00 GMT",2026-06-14T20:39:48.296902,child_exploitation,True,False,candidate,https://scroll.in/article/1075152/in-nagaland-outrage-over-child-sexual-abuse-case-against-pastor-reflects-generational-shift
child exploitation online Nagaland,World Day against Child Labour observed across Nagaland - Eastern Mirror,https://news.google.com/rss/articles/CBMimAFBVV95cUxNOW9UYTJZWXljU2ZQZjdRUlZRZXFZbTdGSUpGSXYyV3lMdlNzTWpNSl8yajllM1puVk8yakl3X2NZci1SY25HTXdMVlF2Y3pUR3EyQWNzZVpUc2xCQllXZTNvMHVDNUxTZGNzdDVDRjROWjM3emxNUk9tS3hiYjBwdG9fa3FXRXIxWnJIMElfdENQWS10d3ljQQ?oc=5,Eastern Mirror,"Thu, 12 Jun 2025 07:00:00 GMT",2026-06-14T20:39:48.296919,child_exploitation,True,False,candidate,https://www.easternmirrornagaland.com/world-day-against-child-labour-observed-across-nagaland
child exploitation online Nagaland,'Digital rehabilitation law': Nagaland University proposal targets AI-led care; telemedicine to boost add - The Times of India,https://news.google.com/rss/articles/CBMilAJBVV95cUxNbnVTWVBaYnBEZkpkLXpDdUh2YzlwbmRyNlYxM19qQVhSY19nYU95eWRjc2pTdVlneU1RQ2pmLTljYWpWSWdNMnM5cjZvTDE3bkdKbkRTc3dzN0gyMnQ5VTNXclFHTmxJX2JBWXhJaXhHaC1BNUlmMXlkR2pITzB4S1lmMl9hZGNQTzU3TmR6ZEZwNVROR1dmTmVNSmc5Wmhkb0hpMjJ4Yng1NEVPNjNoS3cyblY3OWItYm1MWXh4Mldkanl1a3ljaUhxblV1NUhSVGhhWDJPUjVKVl9ER2RpQmdLYWNVRDA4NUNyNFNya3lJMm5abVB2SzhEa1h3d2VfVnVmYWRMekhDQmdSbUNmNTlkckrSAZoCQVVfeXFMUFoyR1FTVThEN0x6VkYyYTE4MDNhN1RFUGFaSHU0a3ZYNzJLbkpNcEdmakJsVURwazVYcDFXYnItNkRpMUloSms4YUxnejJFN2hkRGVmdk5GMV9aNGtsMkYwcjhDM0diRFlRUWoxb3Vlb1dtb1VWRlpNT0JIMENKbE4wRDdhME1MWWo4Y25jWVh4aDNiSzhMc0EtWEVrakFabkwzVjBIZEJGNWRWVmdfUzktLUdvSkFMU3FiQTYxU0RyVmN2aVB5R2tJUDJBRnlnNnhiSW9fSmlvQXRncEI5dnRub2xWS2JrTEhqMG1jazVqVjNmdEFCbURnQjFWT29rYS1raVZkdllKRzhLeUtUZlo5RDRHbjdTMklB?oc=5,The Times of India,"Sun, 21 Dec 2025 08:00:00 GMT",2026-06-14T20:39:48.296987,child_exploitation,True,False,candidate,https://timesofindia.indiatimes.com/city/mumbai/digital-rehabilitation-law-nagaland-university-proposal-targets-ai-led-care-telemedicine-to-boost-addiction-care/articleshow/126102876.cms
child exploitation online Nagaland,Nagaland’s ‘War on Drugs’: Just an empty rhetoric? - MorungExpress,https://news.google.com/rss/articles/CBMigAFBVV95cUxQLVJBVmt2ejRKT0hJN1ppWlVBZDdoeTR4T25IWVVLYU5NVWpqQ25HdHFORk9LeDZFQjYtRi1IY3NKVzRpbGRqSnZKQy0wVXlzMGRDWFBySGRhVExqdUpjZ1VQS1docDVKNHZ2NXNhT0U2X0pzZ2xmMXUzMFkycTJ5UQ?oc=5,MorungExpress,"Sun, 16 Feb 2025 08:00:00 GMT",2026-06-14T20:39:48.296995,child_exploitation,True,False,candidate,https://www.morungexpress.com/nagalands-war-on-drugs-just-an-empty-rhetoric
child exploitation online Nagaland,Nagaland Police recruitment: DGP pledges transparency - Eastern Mirror,https://news.google.com/rss/articles/CBMilAFBVV95cUxNYmp0YUV0dzdwUlVXRVp6RWhrM19zWEt5UzlVWUNWRnp2Mlh2di1ZUFBZMlFDTFh6N2NEX2w0UG1JUnQwN1BaU2NiTldMYkdRZDhUN1Q5eXprWVdhemFHaWZzVEQ5NGtINHBQZFVDQVVidmg4YnhRcElCY3Nkd25EVkFIZU9RQlU3Z3lZMmlValRKbElJ?oc=5,Eastern Mirror,"Tue, 30 Sep 2025 07:00:00 GMT",2026-06-14T20:39:48.297002,child_exploitation,True,False,candidate,https://www.easternmirrornagaland.com/nagaland-police-recruitment-dgp-pledges-transparency
child exploitation online Nagaland,‘Promoting Affordablity & Access to Quality Healthcare in Nagaland’ - eHealth Magazine,https://news.google.com/rss/articles/CBMipwFBVV95cUxPdzJVamhFSHZ0YU5rWXZwWHhXd2JUUFpIS3dpUzZzWjRFUzNRdEViV05DY3lndW9Md2dBMGNSbWhwYlc4UDJKV1dQbVpWUEE4YW5WWmlMbkhyV1pqTjZoY1VrdVVLckRVbFQ0ZlFRMWYtMFE0QTlGNC1nWHhWSTkwRE52dHR5TTRZdTBlTnotUWJxVjNsLUFWYkppVFd0MVdwTG1WUFhBVQ?oc=5,eHealth Magazine,"Thu, 16 Jan 2020 08:00:00 GMT",2026-06-14T20:39:48.297017,child_exploitation,True,False,candidate,https://ehealth.eletsonline.com/2020/01/promoting-affordablity-access-to-quality-healthcare-in-nagaland/
child exploitation online Nagaland,Nagaland: Online ILP system generates over INR 2.7 crore revenue - Eastern Mirror,https://news.google.com/rss/articles/CBMiogFBVV95cUxPQWNtQ2VoZEpVRjhQeHJDZmZOMVlVbWFvdHcxQXlneTVLNE5kcVNudy13cFM2WXRISkdqY0ZQRzR3eFN6Q092Nms0NGFCRk1Kb1J3N2VpLVpDNzdJcXQxZ0g3TUZFZDNlQkdnajU1UVI2c29nNVBkWTFFOFN5OFRuMmlhZjNoSTM1NExDYVNxcDVEd0NwVmgxNWhnX2dvcUg4MWc?oc=5,Eastern Mirror,"Mon, 06 Apr 2026 07:00:00 GMT",2026-06-14T20:39:48.297024,child_exploitation,True,False,candidate,https://www.easternmirrornagaland.com/nagaland-online-ilp-system-generates-over-inr-27-crore-revenue
child exploitation online Nagaland,Meraki: Uniquely crafted products from Nagaland - MorungExpress,https://news.google.com/rss/articles/CBMiggFBVV95cUxPeHFST2RiT0xWeXRNMUtyQ0FMdXFrY1NQeFJOOTRqaHVrN1QxdFNwWURvYTd3OEp2YW9xdm5ielE5SlFMcjR1MnBteWY1Y1JBX2NxYkYtMEJWTG5pNmt2Z241ME9ZYUZ3NXJmZzJVaTk1a2Q5TXdaLWtfak9HWGJraTZn?oc=5,MorungExpress,"Fri, 18 Dec 2020 08:00:00 GMT",2026-06-14T20:39:48.297039,child_exploitation,True,False,candidate,https://www.morungexpress.com/meraki-uniquely-crafted-products-from-nagaland
child exploitation online Nagaland,"Nagaland Board Class 10 Result 2026: NBSE HSLC 10th Result Expected Date and Time, Exam Updates - Jagran Josh",https://news.google.com/rss/articles/CBMilAFBVV95cUxQcTZnWmVQbDFYbGZ3Zm9tbkVLMVBFNE1PWmNJNE1lbWtkZjVmVWFicFdfbUhZRzF6am44dmlUaUd0cEV3NkxmTTdTMFNxU0FoemlEZUdzemc2azNERVpoMmN5OUVfS1ZJd1NqSE9KeFA5SXVMcHgyM1pzYmw4eldlWVMzYThHUGdCSjFNdjVvR2pLNmJh?oc=5,Jagran Josh,"Fri, 24 Apr 2026 07:00:00 GMT",2026-06-14T20:39:48.297046,child_exploitation,True,False,candidate,https://www.jagranjosh.com/results/nagaland-board-nbse-10th-hslc-result-online-10th-145543
child abuse content Nagaland,"‘Stand With Her’: Nagaland unites against child sexual abuse, demands justice and systemic reforms - Nagaland Tribune",https://news.google.com/rss/articles/CBMivwFBVV95cUxOWGVGQ2VsRlJtTjVVaXp4M3c1bGhyQkd6OVFMYkdnNUNPblN2ZWZQdDJIckhta1BNRkdfMm9hWWZCM2M5MGNtSi1ucHZvSzhQMmMzNUxNc0tiWmpYVy1yQS1fZElLNmRlcFFVc3FlOEtQSUVvd2gtMVBXVDRSNlRoQVIySWhvQUhTaHNpbEMxRmhuUEVIdm9mdTBwNllqRWVPLWh6N1VWTjh2eUtLQ2xjLXBtX1FzTzJzNU5maUtiTQ?oc=5,Nagaland Tribune,"Tue, 09 Jun 2026 18:46:10 GMT",2026-06-14T20:39:50.026803,child_exploitation,True,False,candidate,https://nagalandtribune.in/stand-with-her-nagaland-unites-against-child-sexual-abuse-demands-justice-and-systemic-reforms/
child abuse content Nagaland,MAHILA JANSUNWAI HELD IN KOHIMA - DIPR Nagaland,https://news.google.com/rss/articles/CBMia0FVX3lxTFBFZExZWFRTY3I2eExSZmtaeHh2NmhRaWFvRUxoTVNNdm9qZ3VHS0diOV9jN041alNBNE1sRWZYMGF6aVBDTXAxY1E4MDhKeFo2QnFxbV9NSm1zQUtXdFlINTkzVGdkWjkwV1VB?oc=5,DIPR Nagaland,"Fri, 13 Mar 2026 07:00:00 GMT",2026-06-14T20:39:50.026854,child_exploitation,True,False,candidate,https://ipr.nagaland.gov.in/MAHILA-JANSUNWAI-HELD-IN-KOHIMA
child abuse content Nagaland,Nagaland: Dimapur POCSO Court Jails Two Men In Separate Child Sex Abuse Cases - Northeast Today,https://news.google.com/rss/articles/CBMiswFBVV95cUxQYS1TcjVlOHVNcVRUQU9UWERNcEJIUV8yQmFuNFRLakR3YmtmaTBrbnFYUV9PdkhHajJJVS1CcThkbDVRSWtkclI5WXRNS2RlVVFCUVdVYWZHcWs0aHZqX29jMTdnZVV0aWhPTk4td3gxYVpKektEVjJhOVNzcE9Xa0dnMndnOFQtQmVwWFdDSnZaNnYwQUZScmRBWHFDR28yZ05waWFvSXgxWC0zMi1jR05Vaw?oc=5,Northeast Today,"Tue, 26 May 2026 07:00:00 GMT",2026-06-14T20:39:50.026869,child_exploitation,True,False,candidate,https://northeasttoday.in/northeast/nagaland-dimapur-pocso-court-jails-two-men-in-separate-child-sex-abuse-cases/
child abuse content Nagaland,"NNF, NSA urge Government to strengthen child protection mechanisms after Dimapur sexual abuse case - Nagaland Tribune",https://news.google.com/rss/articles/CBMiwwFBVV95cUxOR3JtcFBuajRWTnZPMHNZZVUwNFlEVXRVZlNDQzdwZ2I2am9PYm5HdTZGbkxqbXQ5ZVl1ZnprN3N6TmNicnNiMHRaM1ZNX25Id0xxS3p0dXFad3RiWDNsUXhORnU4bTRpUjVybUNFbzI3bU9KY2RSWmpCTWx6ejk2TWM0YnVBNS15WXhtVUdpbXB2RE5lbGs3bmpIaVVHM1dpQkE0YzJNdzNYNC03LXlfN2FaUFQ2VFdIblJXckhpVVRtenM?oc=5,Nagaland Tribune,"Tue, 09 Jun 2026 16:58:02 GMT",2026-06-14T20:39:50.026885,child_exploitation,True,False,candidate,https://nagalandtribune.in/nnf-nsa-urge-government-to-strengthen-child-protection-mechanisms-after-dimapur-sexual-abuse-case/
child abuse content Nagaland,Chang CSOs demand justice in alleged sexual abuse of minor - Nagaland Post,https://news.google.com/rss/articles/CBMijAFBVV95cUxNQXRzemo1SkY1ekxOSmJOdUhmZzZweDJKb1BvUllRYkJoNFp5Z1A0Rm85WVRpdjFhTC1KNzJBNjRsVTZBVkN4UnR6MkQtYXBoRXRaVk5MR1BlVHpaeEFHVlE1X2NHRkFmUlkzQklvY0hGRzlrZnc0M1RsdFdaZWYyRVB0ZGktS1VMeVc3Rg?oc=5,Nagaland Post,"Fri, 29 May 2026 00:23:10 GMT",2026-06-14T20:39:50.026901,child_exploitation,True,False,candidate,https://nagalandpost.com/chang-csos-demand-justice-in-alleged-sexual-abuse-of-minor/
child abuse content Nagaland,Moatoshi Longkumer calls for justice in Dimapur minor abuse case - Nagaland Tribune,https://news.google.com/rss/articles/CBMilwFBVV95cUxONTdGRW55bWo4M2xuelA4Um4wRVRtem9DUWNjZm4zZy1KZWRncWV3WTczQkRvZG9LcWE5eXZWb0lSYnZSNGRObl8zX3lWb1p6LVBhcTY1UGdheWdITDN0aVlyaG1WRFJnaFZBQlFsc0pncV9FcWo4QjhFZExpd1g3QnE1bEtza3p5YlpKNUFOR3lMcnJNMWw0?oc=5,Nagaland Tribune,"Thu, 11 Jun 2026 16:03:23 GMT",2026-06-14T20:39:50.026924,child_exploitation,True,False,candidate,https://nagalandtribune.in/moatoshi-longkumer-calls-for-justice-in-dimapur-minor-abuse-case/
child abuse content Nagaland,MAHILA JAN SUNWAI HELD AT WOKHA - DIPR Nagaland,https://news.google.com/rss/articles/CBMia0FVX3lxTE1UNktncEFHV0VMSlNnazh6WVRtQkdSaDdaRUV2LWdpT216T0dYQTdvOWNpRkJNczQ3c2VQZFcwWk5YZmlGWWhyMkw3VVVmM3dPcDJ4amVaNGlMVVhwZ3J2Umk2d1NsdHhnOWxR?oc=5,DIPR Nagaland,"Tue, 10 Mar 2026 07:00:00 GMT",2026-06-14T20:39:50.026938,child_exploitation,True,False,candidate,https://ipr.nagaland.gov.in/MAHILA-JAN-SUNWAI-HELD-AT-WOKHA
child abuse content Nagaland,"Nagaland doctor at AIIMS Gorakhpur molested, stalked for 1.5 km; Meghalaya CM says ‘deeply shameful’ - The Indian Express",https://news.google.com/rss/articles/CBMi6wFBVV95cUxPWXNDM3dHVVVyUHVFZDFrNXRpSXV5SWpzZUpUX0h5TEVZcG9udzlIMTI5QkhLbThYQTRCUEVHalVDTVZ4YWZOazROZzJ0VDl5VkNHMWNEQzBRMHhsTUpRSXNiVTl0M3UwektZZWxZVnVpMnhLcEpuMWZHWUtkQUt3Nk1Mc2JxcFEteXNHZGdQTnJ6WUFVNm03MklCVHZCNmliZGxTX2YzQWlQeWp0M3ZOVjFmWGcwQmFRSlNfVmp3ZmdCRGljSUN2WWpjR0dtMHFBeHJBd3VBakNFNDduQ0NaS3FvSXJEQXdPYnJF0gHyAUFVX3lxTFBCYk1XRWlsREZLdzFiYW9sZ3o4VUl4Mk91UGQtR0VHQm1iNjhDenQ5V252TURBdGRfdzJWSFNRUzZablF2RWdGZVlZVEI5Rl9OclE5QTBWTzYtYnpmd29WcHdzWTJIaDhnQlRmeHYwVDFkVVFMeERPalAzbVBHZXpSQ2JxWEJXRnkzdVZBYkJYQjFjcko5Q2RmMWRXQ0pZUk12c2J2V1ctMGFQZzJfeW9OY1B0eDRyYU1DcjVfSzBPLU5GU181VEs4cXpiODEyUEFZY2laUDJ6TnMybnR6bGNfdlNVeHlXWnR2bFNFWG9xV19R?oc=5,The Indian Express,"Tue, 24 Feb 2026 08:00:00 GMT",2026-06-14T20:39:50.026967,child_exploitation,True,False,candidate,https://indianexpress.com/article/cities/lucknow/nagaland-doctor-at-aiims-gorakhpur-molested-stalked-for-1-5-km-meghalaya-cm-says-deeply-shameful-10548974/
child abuse content Nagaland,"Rising abuse cases threaten safety of children in Nagaland, warns IAP - Nagaland Tribune",https://news.google.com/rss/articles/CBMinAFBVV95cUxPNzNHempESWJiMnZmNkdxQWNtZldyWWplMmNvazA5Z1JfT3I0NmFOWkl6UzlneUhoZHg1V1U3NEtISTZkZV82ZHlfWEFWMXV4SlRKMnBPX19RXzZOelpKZGc0TFQ2YTY2RXFSdjhDMXRUM2gxUkJXdGYzaFdSOTdfREJUUjZlbWhzTGVOSVNfUzJYLU1wQnI4d2VhbDI?oc=5,Nagaland Tribune,"Thu, 04 Jun 2026 07:17:03 GMT",2026-06-14T20:39:50.026995,child_exploitation,True,False,candidate,https://nagalandtribune.in/rising-abuse-cases-threaten-safety-of-children-in-nagaland-warns-iap/
child abuse content Nagaland,Nagaland State’s first ‘My Safety Box’ for children launched in Tseminyu - Nagaland Post,https://news.google.com/rss/articles/CBMimwFBVV95cUxOdXJIMWVvWEpTWjJ6enNNQ2trWkMwc3p5UXhXUElqRTZndEZzdlNKRDdINkhfTmZ0LThNSmNpVkhLTldMR3J2VWRXbXVoZjBsTGI0WlZEYUZUUzdUdktxZDlWTWtUZXEzbEZpdkVSbW84dnBCX3FndTBnaVBoNllIX1hYYzJjZm5yUDkySGRWR25pbTNTcFBhSHltYw?oc=5,Nagaland Post,"Sat, 15 Nov 2025 08:00:00 GMT",2026-06-14T20:39:50.027010,child_exploitation,True,False,candidate,https://nagalandpost.com/nagaland-states-first-my-safety-box-for-children-launched-in-tseminyu/
child abuse content Nagaland,Nagaland Police warns social media users against sharing offensive or misleading content - Nagaland Tribune,https://news.google.com/rss/articles/CBMitwFBVV95cUxPS3F3WVV2Sl9KSHFvVG5FTGN2U0tvZU4wWG5VOGFxanF1MUMxdktpc3FXVHFFNnZiamRuMG1WczE4UGpBQnRnVE9FclFxZ21DSmdyLXVhVV9nMDR5bVpCZ1kxS1FhVjZxMm9MMTBZb19UZThkNTlCbTRuRGtLNmJMV3pucEZfM1dwWUZIWDlSMk5HSGp3UGFXdnhMOFI0NHVfM2c3by1FYUloRkVsLTBVNUJscmVxd3M?oc=5,Nagaland Tribune,"Tue, 09 Jun 2026 16:55:58 GMT",2026-06-14T20:39:50.027038,child_exploitation,True,False,candidate,https://nagalandtribune.in/nagaland-police-warns-social-media-users-against-sharing-offensive-or-misleading-content/
child abuse content Nagaland,Nagaland’s first “My Safety Box” for children launched in Tseminyu district - Nagaland Tribune,https://news.google.com/rss/articles/CBMiogFBVV95cUxQaldsQWthaDRoaGZULVZsRVBmdzViQ3QydjlMeUUwSWFUQllVeEFMX2UzVmlNVUFNcVRxcnNjMkoyOW1mbHFpM1U0UExTTkN6cWh3cjJld2hSZmNNR19Qa0g4RFFXN05FbW5VWDlTdTNRMmNUSHV6dDlxcndXYzN3dU14VHRsZjh1NFZLRVh4eUtWYXl5c3kwR19VTHhvVlY4Y2c?oc=5,Nagaland Tribune,"Fri, 14 Nov 2025 08:00:00 GMT",2026-06-14T20:39:50.027481,child_exploitation,True,False,candidate,https://nagalandtribune.in/nagalands-first-my-safety-box-for-children-launched-in-tseminyu-district/
child abuse content Nagaland,Christian Counselor from Nagaland urges global unity against child sexual violence - Nagaland Tribune,https://news.google.com/rss/articles/CBMirwFBVV95cUxPb0tUc2pFOUZsX2xOUnNTVGhrU1d5U1k4NXZyaGlta050dlVuMEoySXhwYzJoa3gxY1dlaUptcDJobjF4el9LazBRck1SRXZRemxzSF9VVFBqS3F3dkRlRnZpNk9QSEJXNnYwSnFnaVNEekJzZ3Y1eXhZQkI2Z2RoSUx0YVZ4eVVLSnhKcE9seExaQ0dFemZFSl9EV09QSXAzcXBlelZjUXp5WURLSW1z?oc=5,Nagaland Tribune,"Mon, 07 Jul 2025 07:00:00 GMT",2026-06-14T20:39:50.027509,child_exploitation,True,False,candidate,https://nagalandtribune.in/christian-counselor-from-nagaland-urges-global-unity-against-child-sexual-violence/
child abuse content Nagaland,AWARENESS PROGRAMME HELD IN DIMAPUR ON WORLD DAY AGAINST CHILD LABOUR - DIPR Nagaland,https://news.google.com/rss/articles/CBMingFBVV95cUxPWUI4V1E2aTM2bGZMcTg2U09FX216LUMtNWt4ejNST0dmMjdjMjN0WnY5ZUVYNV9ydnZtM0VZa0h1QTYyZVlXU2NIRFoyVDFhZ1FkWFR4VW1DMi1UWVE5VllWaXFfaXJqMWJQQmh4bUV3ZnRuZ01jZmVlQ0M5YllNbHRIc0ZpUlRSTHVCY1YwS2I0bFQ5WTBQbklVTG9mQQ?oc=5,DIPR Nagaland,"Thu, 12 Jun 2025 07:00:00 GMT",2026-06-14T20:39:50.027535,child_exploitation,True,False,candidate,https://ipr.nagaland.gov.in/AWARENESS-PROGRAMME-HELD-IN-DIMAPUR-ON-WORLD-DAY-AGAINST-CHILD-LABOUR
child abuse content Nagaland,Awareness programme child rights held at Mon - Nagaland Tribune,https://news.google.com/rss/articles/CBMifEFVX3lxTE42SFdheERiQzN5ZF8tR3RlY0pUd2lWRlNLcUUzNEZaN3FxSWFucFlrUk9KUVZsUndKZ25pSWstSkRVel90OEtzNnNQTWNRcVVhUUNLTU1RekxrZ25kc2YyOENzQkl3a1ZCcE4tbjBYT3d1S3ZHUnlia1F1OHA?oc=5,Nagaland Tribune,"Thu, 30 Apr 2026 07:00:00 GMT",2026-06-14T20:39:50.027548,child_exploitation,True,False,candidate,https://nagalandtribune.in/awareness-programme-child-rights-held-at-mon/
child abuse content Nagaland,AKM condemns child abuse by government employee - Nagaland Tribune,https://news.google.com/rss/articles/CBMigAFBVV95cUxNcDdGSVNFdXhaTjlfckNIWHFQQmdNVjJhTUVyS3Y3SG5fb3hSRXJGSElOeE1JSFZXSC0xeVhoakVOUjdLYmQ0OHdpNzNIMFFfc3R6VWhkanVSWXRuWnpILXhqQW9QMWlleU15N1pwUXdVVjlTR1lWcG1ib0hZT2paLQ?oc=5,Nagaland Tribune,"Fri, 16 May 2025 07:00:00 GMT",2026-06-14T20:39:50.027561,child_exploitation,True,False,candidate,https://nagalandtribune.in/akm-condemns-child-abuse-by-government-employee/
child abuse content Nagaland,NASHA MUKT BHARAT ABHIYAAN CAMPAIGN AT NIULAND - DIPR Nagaland,https://news.google.com/rss/articles/CBMif0FVX3lxTE9JS0FnLW5ET2dPWkJiWUlGbUl6S19TS1doQmtjMmNZejlRSnA4amFXSlZjaTg0NEcyNXU3RmgtdTdhRjRwWHNmV2xpekkwYTEzWGV3b3pwV0JzMkRXMkZYS2pTUDlFMWF1LWg2dWJudllDZ1lnLWJsSlVzQjlacEk?oc=5,DIPR Nagaland,"Wed, 13 Aug 2025 07:00:00 GMT",2026-06-14T20:39:50.027575,child_exploitation,True,False,candidate,https://ipr.nagaland.gov.in/NASHA-MUKT-BHARAT-ABHIYAAN-CAMPAIGN-AT-NIULAND
child abuse content Nagaland,Campaign on preventing and combating child trafficking held in Kiphire - Nagaland Tribune,https://news.google.com/rss/articles/CBMinwFBVV95cUxPRzJ4cjZMUm1LN1FHZjV5VVBYSFJXdmEzb2pnZ3l3TjNncFdRdGFWdHdtYlQ1MU4ya1dqeTlrS042blU2Z0d2aDV1TnB0dDljcVV3cnR5U3paeU5vWUluVmJkRzgxZDFNOXd2bFJHM3VMSkRmZjVackdFS19IRmpnSi1DLXRWN3FVUDl2MjdyUkREZTBudldfNlN3a0h2ZWM?oc=5,Nagaland Tribune,"Fri, 26 Jul 2024 07:00:00 GMT",2026-06-14T20:39:50.027609,child_exploitation,True,False,candidate,https://nagalandtribune.in/campaign-on-preventing-and-combating-child-trafficking-held-in-kiphire/
child abuse content Nagaland,Stand With Her: CSOs demand justice for victim - Nagaland Post,https://news.google.com/rss/articles/CBMie0FVX3lxTFBFVFNHbjlDNTVaQ2g1MnJBMTJjYzRyU0FoMVp3NnNEUlYwTVgtOFRxV1l4dDkxVnN1SkczSk85MThnMnRVLWhsbWMzMXFGMFozVkJuV05VYzQ2ZWsxOW9TbEpMUmRNZzZHXy1LRkRDSTdRbWRacjBnbHpnYw?oc=5,Nagaland Post,"Wed, 10 Jun 2026 02:17:15 GMT",2026-06-14T20:39:50.027635,child_exploitation,True,False,candidate,https://nagalandpost.com/stand-with-her-csos-demand-justice-for-victim/
child abuse content Nagaland,Nagaland observes World Day Against Child Labour - Nagaland Post,https://news.google.com/rss/articles/CBMiggFBVV95cUxPWWc0VksxRmVaREZqUk5IMXREeTJfS3FqcGdkTGRlMXRsQzRNdWR5ZlpuRko0RTFDSU1MVW1yMGoxamxHN2ZhNUd0ajZwSmwyazFNS002OTVaZW9BbWw4MjlFQ1JxOTRJTENsLU16VjRBcDZlS0xGUzZBYUtpUkxGQm5B?oc=5,Nagaland Post,"Sat, 13 Jun 2026 04:30:54 GMT",2026-06-14T20:39:50.027648,child_exploitation,True,False,candidate,https://nagalandpost.com/nagaland-observes-world-day-against-child-labour-2/
child abuse content Nagaland,"Arunachal CM, Northeast leaders condemn racial abuse of 3 women in Delhi; seek swift action - Nagaland Tribune",https://news.google.com/rss/articles/CBMiuAFBVV95cUxQUTFpWUdFMGpOYm13UmZSYlBSWDZhYVdvblVNSERfZk5qOHNVVmdRSHNsc3RkTndHQWM5UW5wQXhEdmtuNVlBR3ljSFNSWlBhMjViVjZ4LTc0eUprZDJZOWw3VGlMUm9QdEZlQXM2anNIY0J4UmV5cmRNbmZpWk5vMTgzMFROZnNGR29uNHU3SjZqTDl5c0lYR2NvQkJNZzIxWEplemViYkt3Y05LM19UYXdhaEtfTk93?oc=5,Nagaland Tribune,"Tue, 24 Feb 2026 08:00:00 GMT",2026-06-14T20:39:50.027661,child_exploitation,True,False,candidate,https://nagalandtribune.in/arunachal-cm-northeast-leaders-condemn-racial-abuse-of-3-women-in-delhi-seek-swift-action/
child abuse content Nagaland,Awareness on Child Rights in Tsg - Nagaland Post,https://news.google.com/rss/articles/CBMiakFVX3lxTE1QVTBUd192OVNCSENiVkRQSnhxOGJ0dFZrUzd4aTZJTGhvTEt5cTQ3WFVqOWFwQmVBclk5SkxzM2xPR1hYelhTN0dFQi1zeEdYc1FfWjRidEZza1ZsTFNEeXRqMlRsTDJXVHc?oc=5,Nagaland Post,"Wed, 08 Oct 2025 07:00:00 GMT",2026-06-14T20:39:50.027690,child_exploitation,True,False,candidate,https://nagalandpost.com/awareness-on-child-rights-in-tsg/
child abuse content Nagaland,"Nagaland observes Int’l Day against Drug Abuse as stakeholders call for action, reform and recovery - Nagaland Tribune",https://news.google.com/rss/articles/CBMiwwFBVV95cUxORXA5V3huYWdVeEp5N000Z1ZPbmg4cEtoT00wSjVNWWlmM2pPVnpRZklhR1JyRFJIWGMxSHdwVVlUcDg0RG4zTHdmWVFKcmtHcDBUVmtENlZMNzl1N0JScmE0V285QjZ6blREN0pURHBycmhXbm5pVnNKNGxwVVZQVy1xVkJpVmhEeUtISjVLX0NBM1U5Tl81cVJQREVZSDVIVExaXzNoU0NWQzRqTVdqdkJuZFlJd1EyMTg1a0xtZHJhakU?oc=5,Nagaland Tribune,"Thu, 26 Jun 2025 07:00:00 GMT",2026-06-14T20:39:50.027747,child_exploitation,True,False,candidate,https://nagalandtribune.in/nagaland-observes-intl-day-against-drug-abuse-as-stakeholders-call-for-action-reform-and-recovery/
child abuse content Nagaland,IAS officer Reny Wilfred suspended over criminal investigation - Nagaland Tribune,https://news.google.com/rss/articles/CBMilAFBVV95cUxPbnQ5ZHo0djNzbTB2VjFOQk0ya0J6akduVDVtdjZaYjQzbWJTTjlKbnJRaUx1amtHYm1tOEhPX29fajZJcEFqRzE5SHhOaXpwc1NnUFo0NDlzVE9nSUJKRllSNDJPR0hDTUZIWkhCR2dKRHBYU2dON1FvVFFfc1FfeW42SU5obXU2cTB3S1hXeFo5N0ps?oc=5,Nagaland Tribune,"Thu, 22 May 2025 07:00:00 GMT",2026-06-14T20:39:50.027774,child_exploitation,True,False,candidate,https://nagalandtribune.in/ias-officer-reny-wilfred-suspended-over-criminal-investigation/
child abuse content Nagaland,Sensitization program on Substance Abuse and Addiction held in Phek - Nagaland Tribune,https://news.google.com/rss/articles/CBMimwFBVV95cUxQNWpGb290VEpCS3JHNG9nN0dWWEM3WmZRU1pMVDhhWV9BVmlKSkFEVm1INU5ROUo2RHVzVEJxc0JBZGJsSUIwaHhsMFg4LURRSjJoUkpkZ1I0enRwZFo0WTdIaUJEY3h5bFIxc1dhakFJenBQUXNTWmYwd1pac21TUHdzQkhVOHJDUllNdGZ2ZmJPSkJSNjBNUk5EVQ?oc=5,Nagaland Tribune,"Wed, 25 Sep 2024 07:00:00 GMT",2026-06-14T20:39:50.027802,child_exploitation,True,False,candidate,https://nagalandtribune.in/sensitization-program-on-substance-abuse-and-addiction-held-in-phek/
child abuse content Nagaland,Nagaland: Dimapur Police arrest third accused in POCSO case - EastMojo,https://news.google.com/rss/articles/CBMiogFBVV95cUxNeUZWRV9vLVhvV3lZdnlucmlxY0g5eXJJSGpzZXdrU0VTc3o5Q1FBMXU4aWJqSHd0UmtWUGZBQk81d3RITW5jRHBvTmdXRjVSbk0yNzBUUTdiU0tSUjlrVUtxaEFtLW12MnE3NEs1WlY4UWlrTFNkY0xHVEstcG9LRm92enFxN3NRV3JrR3RIa3pVUWlKMU5fODV6QVRqdXlFX0E?oc=5,EastMojo,"Mon, 08 Jun 2026 14:19:20 GMT",2026-06-14T20:39:50.027816,child_exploitation,True,False,candidate,https://eastmojo.com/nagaland/2026/06/08/nagaland-dimapur-police-arrest-third-accused-in-pocso-case/
child abuse content Nagaland,"Mahila Jan Sunwai held at Peren, Tuensang, Longleng - Nagaland Tribune",https://news.google.com/rss/articles/CBMigwFBVV95cUxORktmZUhyaUtHOG1qc2l3bl9xWVdxcU5XRFFzQzBqbVJOenpVejFXLVhZRVN5UG5uOTItN2JyOVdXTlYyQlRvUGJJYi1JYUQwZlN5ck5xaEZSYTdGNlNkQ2h3Nkk0TjAtYXh3NDA0WURYUEJXZHVUSjhyaDAtU0JDQ0FSQQ?oc=5,Nagaland Tribune,"Thu, 12 Mar 2026 07:00:00 GMT",2026-06-14T20:39:50.027831,child_exploitation,True,False,candidate,https://nagalandtribune.in/mahila-jan-sunwai-held-at-peren-tuensang-longleng/
child abuse content Nagaland,Need for professional counselling services growing in Nagaland: SCERT Guidance & Counselling Cell - Nagaland Tribune,https://news.google.com/rss/articles/CBMivwFBVV95cUxNb2VIa1hXak5yQmpha1NKcTJXVWk1SVlDTmk4QUVxUllRWmFudF9MZkJYbjc4eG92T3BZeF9ydjA4THpTM3ROYVdpNTVSWTFjT3VCV0hBOUxYYXFaNm9ZNWNUTmZMdk9xQzloQXIzcVBfdlZXTW02dW9QelF3cDEyWjhQNElwWEtkcklyWmVjTTNfanZrWHlGQVc0ei1DendpVjZrbzc4aUlOZHBUN0V0RjlpVjgyazdxN000UGFuRQ?oc=5,Nagaland Tribune,"Fri, 07 Jul 2023 07:00:00 GMT",2026-06-14T20:39:50.027876,child_exploitation,True,False,candidate,https://nagalandtribune.in/need-for-professional-counselling-services-growing-in-nagaland-scert-guidance-counselling-cell/
child abuse content Nagaland,19 Children Rescued from Illegal Confinement and Forced Labour in Gujarat’s Rajkot - Nagaland Post,https://news.google.com/rss/articles/CBMiqwFBVV95cUxQYkVvd25ER2c3eGIyQXpEelJ4X1Vzb3RCeTdCZV9mOXItOS1IZk1TMnZvQnJLZnlWdXVaSmV4ZThxajViYXlRblNLc1ZVbFB6ZHBpZjhMdjd0NkZDaGVQeU5rbWxKQ2RLejI4eE1ZYmY5Rk1FRXpxVmdRdG4zd21sSmdubTFhdXVSRno5TkRrUDlmOHJGSjNmbTdfYzRBR3Z1SkhpZmtIMXRGclE?oc=5,Nagaland Post,"Fri, 06 Jun 2025 07:00:00 GMT",2026-06-14T20:39:50.027904,child_exploitation,True,False,candidate,https://nagalandpost.com/19-children-rescued-from-illegal-confinement-and-forced-labour-in-gujarats-rajkot/
child abuse content Nagaland,Sheahan stalls raise more than $2900 for Catholic Mission's work in Nagaland - Central Western Daily,https://news.google.com/rss/articles/CBMixwFBVV95cUxNbGJkU0FISUdtLVhxVDhmYXJ1WXVqT0tDNk41LWE3SnRIOFE5NndkQ2ZhclJra1RFTTJjTmxFdU5TT2tHb05YdmpPYVR4Z1h4eHk2YktLYWUwMHI5dzVfRUlia0ZuT3ZmZHRoUzIxdlhydi1OWUhvSHVUamVUQlFaNDFxOTZHb3UyVVNYdVlnSUVHRUdEbzhDMFdBVzJjQ3RudUlPOWoyT01pRTQxeHNoUGwyUnRZLUJUV0JBdE9YaGNscWNwNC04?oc=5,Central Western Daily,"Thu, 07 Nov 2019 23:38:55 GMT",2026-06-14T20:39:50.028171,child_exploitation,True,False,candidate,https://www.centralwesterndaily.com.au/story/6477541/sheahan-stalls-raise-more-than-2900-for-catholic-missions-work-in-nagaland/
child abuse content Nagaland,"Meghalaya CM Sangma condemns sexual abuse of minor girl in Nagaland, calls for swift justice - Social News XYZ",https://news.google.com/rss/articles/CBMiygFBVV95cUxOeW1mT1VDNFV2a2ZWT2M2TWdQR2JBWUZGWFBrdzlGN0VxUEpzNEdxLVZxd0tOZ2wyUUVoZzJvMFNYTm5wR19nNVphMlhUZ19oU2V5LV9SUzRfVUZvMTdVTG1waE5UX0ptN1psZ2NQRFN2VW9UM3VBMDVabjBXaU1QRTdiQUtYd2dLZW5Dd3lFN1l4bjFaLTd3Y1lHYl9SS3I2VXpXaVJEWmh4cklwTEFVdEZTODhZcFUyODZTUEVTWTNtRXFLU08xRUlB0gHKAUFVX3lxTE55bWZPVUM0VXZrZlZPYzZNZ1BHYkFZRkZYUGt3OUY3RXFQSnM0R3EtVnF3S05nbDJRRWhnMm8wU1hObnBHX2c1WmEyWFRnX2hTZXktX1JTNF9VRm8xN1VMbXBoTlRfSm03WmxnY1BEU3ZVb1QzdUEwNVpuMFdpTVBFN2JBS1h3Z0tlbkN3eUU3WXhuMVotN3djWUdiX1JLcjZVeldpUkRaaHhySXBMQVV0RlM4OFlwVTI4NlNQRVNZM21FcUtTTzFFSUE?oc=5,Social News XYZ,"Sun, 31 May 2026 10:13:42 GMT",2026-06-14T20:39:50.028189,child_exploitation,True,False,candidate,https://www.socialnews.xyz/2026/05/31/meghalaya-cm-sangma-condemns-sexual-abuse-of-minor-girl-in-nagaland-calls-for-swift-justice/
child abuse content Nagaland,"Meghalaya CM Sangma condemns sexual abuse of minor girl in Nagaland, calls for swift justice - Mangalorean.com",https://news.google.com/rss/articles/CBMivAFBVV95cUxPYW0xYWVBbEZMVUZrWlBOaVlMZHZ0LTRJckNPckROWmp6YU1TVUZSZXJOOUVra1UwM1lVelA2NWtGMXg0R2RtNXZWNm9NVUQ2a1NhN1puQzZuRVhHMWtsZmhqbjg1dU5KZGdxNy1Db0o5QUVvZkhicTdIaG5zYVE0c0JYVFAxOThsU0IyREZyTk9ieEVJVm1Ld3hxVUZFZ2N3RU9KQ0RpRDVCZjhkRHR4T2F6ZmNHUWZfc213cNIBxAFBVV95cUxPcGR2VmtTMmc0a0hFc1ltNGh4SzktSVlmUk9GZHNjTERGOGYwRGgwS0tSbm9rdXRhTklfdDlfVDVsaFoyb25rekdOb1p4aV9VRHQ1c0hSNnNQbkVPQ1RfZXVLV250akJ0akxFVnhOU3RkVE1oR1I0angxVXpQd2R6dXZKTHpvdURZU2k5NllWclczUHJDdWlrRUFlQTlNZFFOZHdvak5ZRmUzOXdONThodGhSOFVGM1VPVUZYVnloams1QnQ4?oc=5,Mangalorean.com,"Sun, 31 May 2026 06:07:12 GMT",2026-06-14T20:39:50.028208,child_exploitation,True,False,candidate,https://www.mangalorean.com/meghalaya-cm-sangma-condemns-sexual-abuse-of-minor-girl-in-nagaland-calls-for-swift-justice/
sextortion Nagaland,"J&K Woman Cricketer, Brother Held in Mumbai Sextortion Case - Nagaland Post",https://news.google.com/rss/articles/CBMiiwFBVV95cUxQY1VhLWlweEs0NjgwRWdpOWxuVXJzeFdVWGg0SjFHU1lrREhPWWVZSTZjd3BqcUZuWkZmR0RSeERZZ2lDTHhVNk56S1M4V0RyeHVVRFJySU9FeGJsLVh1MjE5SE9ZRWJKMXRJUmtFNUVhRWViU2t0bmNjSUM1YWpyOWtIbmhCMkJXY21j?oc=5,Nagaland Post,"Thu, 23 Apr 2026 07:00:00 GMT",2026-06-14T20:39:51.558579,sextortion,True,False,candidate,https://nagalandpost.com/jk-woman-cricketer-brother-held-in-mumbai-sextortion-case/
sextortion Nagaland,"SEXTORTION: Dirty sources, dirty money - PCIJ.org",https://news.google.com/rss/articles/CBMic0FVX3lxTE15cm5mTDhEVkU3UktZbTB4dnF3N3NOY19vYWF5aHhKQnNhd2FXOERDZ0JNaTktZElxeGtDR25uQkloc1c3eHNGNmVoc05mM28tNmxXbG5fOUJPMWZyUkF3UW5nM0x3eHRzX3hKWFZ6aHdGNWs?oc=5,PCIJ.org,"Mon, 21 Sep 2020 07:00:00 GMT",2026-06-14T20:39:51.558679,sextortion,True,False,candidate,https://pcij.org/2020/09/21/sextortion-dirty-sources-dirty-money/
morphing Nagaland,Evolving hunting practices pose an increasing threat to wildlife - Mongabay India,https://news.google.com/rss/articles/CBMiogFBVV95cUxOb3lVcDJacFY2M3hocEdsTFBKdld4Z2gzZWtKcG5OMi1sZXdFREhwbV9aRVgzZm9hajlsMV85ZTJzamd3QzRuREJzX0R5VkRDbkx3UjNzSVlZcW5Wend3VUZ0cUVxMmJLUnVSYmNlSEJvSFN5WVd0d0xFbUtJeWFfeFFsa2pCOTBrVXBOZkQ1TWtkWVh3ZHRxMGJnNVNFc0o3OXc?oc=5,Mongabay India,"Mon, 25 Aug 2025 07:00:00 GMT",2026-06-14T20:40:03.651419,sextortion,True,False,candidate,https://india.mongabay.com/2025/08/evolving-hunting-practices-pose-an-increasing-threat-to-wildlife/
morphing Nagaland,People are using AI to talk to God - Nagaland Post,https://news.google.com/rss/articles/CBMibEFVX3lxTE1jMjV6eUVXVkwwZmY5ZUFPZHpEMmFMOXRQbmpGYkFSUTVfd0Q1RVVMY2o2cW1UN2c4WERVUXpSckJTNlBBTGFHUldMWkJ0MUtjNDBoeDU5b1pLdVJwa3BGbnZ5emVMa1ZoeFhoSQ?oc=5,Nagaland Post,"Tue, 21 Oct 2025 07:00:00 GMT",2026-06-14T20:40:03.651460,sextortion,True,False,candidate,https://nagalandpost.com/people-are-using-ai-to-talk-to-god/
morphing Nagaland,"Nagaland: 25-yr-old poet releases debut, ‘the morphing years’ - EastMojo",https://news.google.com/rss/articles/CBMioAFBVV95cUxOMVhjLV9idHFyLUNjTjhfcHozWkJYNUxtMzFGWFNna3pjdTVCWEpCa1J0akRJSjM5ajBkUWQxMWtTbWdRLUJkQ3RUT2o3LWhTMDJUV1pmM3R4RElhQkNGZWE4RTJHNUFsLVp2bks0NTN1LU9GMjJtU0JlTnlCa2txb2xOMzM2Z2stNkZmUDZMVEF4YmhwamRBRHd0UGV0TmQy?oc=5,EastMojo,"Wed, 04 Jun 2025 07:00:00 GMT",2026-06-14T20:40:03.651475,sextortion,True,False,candidate,https://eastmojo.com/nagaland/2025/06/04/nagaland-25-yr-old-poet-releases-debut-the-morphing-years/
morphing Nagaland,Nagaland: Lighthouse School Complexes under NECTAR project launched - EastMojo,https://news.google.com/rss/articles/CBMirAFBVV95cUxPTlA2S2ZGY0ZNZFYyMXJQS29hd0RXa3FVUU1EbWp6VDNGczg5R2E3d1ZhUVpYd0paWlZsM016WW9taktRcUt1MzFKT3ljU0w1Z1RJaW1XVHJ4LVJ5dU1GcllOWll6WGF0R0lMcnVXbC1XOUZwTVVXblp5cVduY3NDa1lsaVYxb05sck9aN3oxMFA2QWxOV2hDRG9JdXJrLWM5b1VsVEJIQzFJVFdy?oc=5,EastMojo,"Wed, 04 Jun 2025 07:00:00 GMT",2026-06-14T20:40:03.651525,sextortion,True,False,candidate,https://eastmojo.com/nagaland/2025/06/04/nagaland-lighthouse-school-complexes-under-nectar-project-launched/
morphing Nagaland,Nagaland: Chief of famous border village Longwa objects to end of FMR - EastMojo,https://news.google.com/rss/articles/CBMirwFBVV95cUxNQ0tCVUY0N054MWNHSUlXczBQX0pBaU5KeklvUEpBWmt1VXA3YjJsZDVfekFWVzBoOEF6dFM0UVBST3FIZ0ZxS3c1RVkwNFM2ZnZaUUxDYjJ4d18xUVdvcHFKNU1Wd1RjdHAyeG8xSjRWU1RWVjN2ek5BU011ZjJoOEo0ZmNRNmV6ZVF5WTFHME9GTUZYMkZnNEMwWFV6SG9mNDE1SjYxa1lVSHMwcjRR?oc=5,EastMojo,"Fri, 02 Feb 2024 08:00:00 GMT",2026-06-14T20:40:03.651537,sextortion,True,False,candidate,https://eastmojo.com/nagaland/2024/02/02/nagaland-chief-of-famous-border-village-longwa-objects-to-end-of-fmr/
morphed image Nagaland,Indefinite Shutdown Of Businesses Begins In Nagaland In Protest Against Extortion - Outlook India,https://news.google.com/rss/articles/CBMiuwFBVV95cUxQdUxDdEZiMEh1UW5RVkZ6WkpEREk4TFZNUkZVOE03Q0RFM252WHEzZGJoNHV1REFkQTlWbm5JR2tTTmxLY3liMjZDRVNRMk5sTW5CU25NS1ZUbmVkOGV3Q1VvVHowVGM3NFNURE1qQi1mQlpqSkVSSmI4MEpKRFE3TEtoWnQ1RDF6dXAzYW9PLXpjQmxBWE8wUGM4RmduYXh5am5YcXFpTGM4XzllNlpTZ3ZIZW52Vy1FclZN0gHIAUFVX3lxTE9Wb1lJTTdnaURFUVgwb1hKOUJsaHZuSmx6WEpQNUhONWMzRG1SRmI1b1BreHd0TWI5ZmZvZW95bE56VGNRRUczOHpqWFlmelVIWml6enZHMHAwZmtHbk9mblB6aVpIUTZQcC1UanNfYmVWZmtPUWV3bm9xTXBudXBPdktRTlB1Mjh6NEhoTW9peTExR0QydTF1WncxdEVueFhhbF9ILWJ0OVI1MW1Ud29OQjN6dDZoaWp3SnpmQm10NVhtZ2NneWhG?oc=5,Outlook India,"Sat, 27 Apr 2024 07:00:00 GMT",2026-06-14T20:40:05.235958,sextortion,True,False,candidate,https://www.outlookindia.com/national/indefinite-shutdown-of-businesses-begins-in-nagaland-in-protest-against-extortion
cyber grooming Nagaland,Nagaland: Mahila Jan Sunwai amplifying women’s voices - MorungExpress,https://news.google.com/rss/articles/CBMiiAFBVV95cUxPelVpRm1ucXZlMld4d1VYTzlFV1FPRXkwOURabFJlTkZZZ0FEenM3RzBUNTlneEpxbEZKZ25IcjJEV0tpckNIaTNnam9qRDBGLUg5aXNEV0t2ckJGaDhSUWc3TE9lSzBzQUN0ZEdfYVNCajB0RmpaQmVtMFdJc2drakZBc0gwT2Ro?oc=5,MorungExpress,"Fri, 13 Mar 2026 15:57:09 GMT",2026-06-14T20:40:08.678504,cyber_grooming,True,False,candidate,https://www.morungexpress.com/nagaland-mahila-jan-sunwai-amplifying-womens-voices
cyber grooming Nagaland,MAHILA JAN SUNWAI EMPOWERS WOMEN TO RAISE CONCERNS IN CHUMOUKEDIMA - DIPR Nagaland,https://news.google.com/rss/articles/CBMimgFBVV95cUxQdXJWU3J1Y1VuRGY0Z3VNcVIwSFBHbWxVUWhRTU84VVB1UmpmMUJLR3B0cDlYQ1h4eWRGZ2dKNVFvalNmVGhwbnFpOFMwT1VwX0NlN3hUazRVUm1xS3pSYjVHczcwVHlIWlNIdzZCT2puaktqOFF6Uk1HQmh6LTJWamtreXBEWGItZkstcnY2NGlpUHFCZGQtRXZn?oc=5,DIPR Nagaland,"Wed, 11 Mar 2026 07:00:00 GMT",2026-06-14T20:40:08.678519,cyber_grooming,True,False,candidate,https://ipr.nagaland.gov.in/MAHILA-JAN-SUNWAI-EMPOWERS-WOMEN-TO-RAISE-CONCERNS-IN-CHUMOUKEDIMA
cyber grooming Nagaland,Mahila Jan Sunwai held across the State - Nagaland Post,https://news.google.com/rss/articles/CBMic0FVX3lxTE1IT0ZydENFT1Z3aktTQ0RtWmVxN3hhbWQtOXROZExBbnJ5SzhfNVl4QzJkdHpibTBwZGJrQTJUT3FlZHFyWDhqYVhZTWRPQkF3UHVMVHFpUDJ2MEVLMTJrNEZxb2dpaGd2Zk44U1Z6dmlzSGs?oc=5,Nagaland Post,"Fri, 13 Mar 2026 07:00:00 GMT",2026-06-14T20:40:08.678535,cyber_grooming,True,False,candidate,https://nagalandpost.com/mahila-jan-sunwai-held-across-the-state/
cyber grooming Nagaland,NN Nagi school launches week long anti-bullying campaign - Nagaland Tribune,https://news.google.com/rss/articles/CBMijAFBVV95cUxPT0VkeFBMSGNvQWNtbXBXY0lISkFXN19PM2t4amN2MVl6V0pqbE9JT0NtWkRTQ0c1MkRrZnByTnNfSVVLYkg4MmwtdlNLQmNwMlJ0bWc2SHlzTHhHSTFEdHo5TUpQemdtWHRFWmZ3emM1UUF4LUMxdGd6WDJ1UGFMS1d6MVpkaXZaQlgybg?oc=5,Nagaland Tribune,"Mon, 30 Jun 2025 07:00:00 GMT",2026-06-14T20:40:08.678550,cyber_grooming,True,False,candidate,https://nagalandtribune.in/nn-nagi-school-launches-week-long-anti-bullying-campaign/
cyber grooming Nagaland,"Women’s Studies Centre, NU observes International Women’s Day at Kohima Campus - Nagaland Tribune",https://news.google.com/rss/articles/CBMipgFBVV95cUxNT1pGbTE2ekdvbEF5NVNKRkNta09YRmVvRWd6eFF1SDhHMG5rNlZWTm4tUGd2a1JYam53aTVMbXFrQjYyd1RxS2p3N1l1NWp2RFR5Z2NvWUhIdG5ESkNialBFOUpnWW1QcDJCNVpnamV1eHp5dWFMV19iRnhjNDRhMFN5Z21aQ2xaTk1YUm1aMkFaSmF2VzRnVFdkd2ZPdkxrc0hPc3JR?oc=5,Nagaland Tribune,"Thu, 09 Mar 2023 08:00:00 GMT",2026-06-14T20:40:08.678680,cyber_grooming,True,False,candidate,https://nagalandtribune.in/womens-studies-centre-nu-observes-international-womens-day-at-kohima-campus/
cyber grooming Nagaland,"In new social media guidelines, CRPF asks personnel to not comment on controversial, political matters - Nagaland Tribune",https://news.google.com/rss/articles/CBMixwFBVV95cUxQTUlHSks4empndGNvX0tyUG1vTWw0clh5cUtERXdKYUo1OTZyRGN4X1YzdEZwNDJraVdBb2hIR3ZENUs2emdDWFFnWkxMTy1BZ1JMeXB0ME9sVVVPSW1KYTFRZ0FEaERTZjNENXZNaHJoY2V3RnZyVUFzc2o5WWdRbWhxUV90YVJnUmt3a1VuNkU1N3ZsT1daYW9raU91QWNOLVNPdE5QbXVsMEU0WFEwanN4U1hnd19vbENXZzRCWG9DXy1iYUM4?oc=5,Nagaland Tribune,"Thu, 19 Jan 2023 08:00:00 GMT",2026-06-14T20:40:08.678692,cyber_grooming,True,False,candidate,https://nagalandtribune.in/in-new-social-media-guidelines-crpf-asks-personnel-to-not-comment-on-controversial-political-matters/
online grooming Nagaland,Nagaland Bans Dog Meat After Uproar On Internet - NDTV,https://news.google.com/rss/articles/CBMikAFBVV95cUxQbDRiV21OSGlqZUp1VHZPTnlqRmZOSHdEMGZTUTlKakZvZ3JLYkVyQWdVRnFSV1VfT2x3bXZTVnBHbFJMemVMRjNQemsyenhCZkhFOWxGU2xaQjBmZ0FUZHZ5ZmYyRjVWQ3AxV2Nqa3FLS3hXT0F6bDF4Q1lXMl9paWNuQmN6VEtUNHBLY3dyNjk?oc=5,NDTV,"Fri, 03 Jul 2020 07:00:00 GMT",2026-06-14T20:40:10.509313,cyber_grooming,True,False,candidate,https://www.ndtv.com/india-news/nagaland-bans-dog-meat-after-uproar-on-internet-2256805
online grooming Nagaland,Man paints Temjen Imna Along's portrait on a peepal leaf. Nagaland Minister is super impressed - India Today,https://news.google.com/rss/articles/CBMi7gFBVV95cUxONVJLbzFFRjVtYWJvZkhsOHJFMEduWWM4dVl3U2JKdFVCWFh5dE1STFR6ZkRvY3NkbmZnRno3Vk5aaDExY0FoRGhsbUM1UEFDTWFOVGJoV18zU3ZRb3ctajdNRGVLekM3ZjNVeVoxbHRvOXZXakV5d2tLc3FZa3lVM3dKdWR4RE10ZmVqYnRlbGRsU0pwS0t5TFpRTlc1akVLemNFMFBPNWh6V2VVVmNYNkgxTnI3dTRaaVNHdlJURDlBT25sWmN4dC1sNlNOTzNibkJCbGctQ3FIazVHazlkN1N2ZUV2U1lMbVN0anVn0gHzAUFVX3lxTE9WY2ptY3hVRWVXZFFDUFBabk9jVFMwMnhUanpyQ2xqUHp6cVJzVHRwWmEwOFZzaG5sRkJTOWRyTm16OUFWX1c2MVQ3NXAzWklfam9lenRIcWRQQjJvZnlQdS1CUDhIeTZ5MmMzQTNqNjJteVZ1aE9Ea0s1azI2Z3NPUnZKcnI0Wl91OVhaRUZNQmhLZExhTDZ3RTFDQXZoUXN4TFp3cEcwSWFuZENvWTN6Ykx6NkJoRXN2Z1dEdnhZVGQ4WFlWYnB3ZG1MeFB5ZUh1MzJWclpnOHEyNUViS1JXZ0tHQ1BZN2R4dzl4UDNHdUQ2NA?oc=5,India Today,"Tue, 15 Nov 2022 08:00:00 GMT",2026-06-14T20:40:10.509329,cyber_grooming,True,False,candidate,https://www.indiatoday.in/trending-news/story/man-paints-temjen-imna-alongs-portrait-on-a-peepal-leaf-nagaland-minister-is-super-impressed-2297486-2022-11-15
online grooming Nagaland,Miss Mokokchung 2025 returns after 3 years break; grand fina - Eastern Mirror,https://news.google.com/rss/articles/CBMirwFBVV95cUxQelo0QUstYUhQTzJfZFduYm5IQ0E1UVZOSU5ZRjAzdFZxMFFHbDJ5eXhUWXJKQTEzSlNGSTZlNjBNbUZPSHFhMXVRYWh4bkdJbkVsdmNjeUxxOUhOMHFXekg3eFNIajZRQXczMng5andQNUNVNGhjMGtZV0RBa0d3dXF6MU5fTTNxQjVta2dvMF82MjhIRnFzMEkzNDFYdDZhdkRsbDZRUFoxR3NuMUJZ?oc=5,Eastern Mirror,"Sat, 07 Jun 2025 07:00:00 GMT",2026-06-14T20:40:10.509345,cyber_grooming,True,False,candidate,https://www.easternmirrornagaland.com/miss-mokokchung-2025-returns-after-3-years-break-grand-finale-on-july-25
online grooming Nagaland,Miss Nagaland beauty contest to go virtual this year: Here’s how to apply - EastMojo,https://news.google.com/rss/articles/CBMiswFBVV95cUxNcUFBbVBOYVotbWJvckV0YUtEbTAwZ1F5eXJUTWFSLXNmQmp0ZUdkVE5jazk0VUU3cS1yTFJnM3FVdy1zS19zR05BQXBLZ3luSFhlbzdTZElKRzN6OUh0WjhjWVUwTENKbHRGOE9RMFoxTGNYQmZFdUxwOF9GY1NCWWhBOVBqcExmMmNtYzFGYzRNQl9hTDNiZnlidVp4X3BIcDV4TmJFZ2pBTEx4MjJZbXVSSQ?oc=5,EastMojo,"Thu, 16 Sep 2021 07:00:00 GMT",2026-06-14T20:40:10.509360,cyber_grooming,True,False,candidate,https://eastmojo.com/nagaland/2021/09/16/miss-nagaland-beauty-contest-to-go-virtual-this-year-heres-how-to-apply/
online grooming Nagaland,A Nagaland Minister is winning the internet with his witty posts - The Economic Times,https://news.google.com/rss/articles/CBMizwFBVV95cUxNaWcwTTRJb1F3WG1JVS16WVRlbVFJREJuYXZLX2tLRVFwRlJXdmpzQ2s5a1ZfYm5sQ2pjNlNsSkRwMFp0dmxXeUNSQzVKWl9oQnlBWlYtblRUaVNma2NNdGQxSGdiR2RqZl9LSDQ0SGtoWTdOOWpWVk5JcUEzMjV4NGQ5aDhrVDdRRGFYUTFxd2FOQW9QSFdpMjdEQUFMODg4N1g1bzFYMDNWaGQyQXJWWnprcjg0Z3ExRkJ2SUxCMkd2MFY3SE1qU3RFTXhfSUnSAdQBQVVfeXFMTk83ZUtWZkd4STF2N3JHRlVVWFJNM0lSMl85VVFYUlZPRUp3SmFjSER2RkVRUjdEU0xLZEpvXzdZRE13dkhEd2R0a2pzcC15dW5HaTM5Y0xReXkyYVg4bnJybVRUS2pGRFgyb3FJcWVzUWhQYWpvSnJqend2WWxDSVFUZmtLVWc2OV9fQXFqREkzRHhxMnQ2TmtuTlR1OWljeHhaanFvVndmd3JCaWhFYUFoMEZsN3czVXlXc1hiWmxVOEU4cERyRUFjNWdlVVMxMWNfUm4?oc=5,The Economic Times,"Tue, 12 Jul 2022 07:00:00 GMT",2026-06-14T20:40:10.509376,cyber_grooming,True,False,candidate,https://economictimes.indiatimes.com/news/new-updates/a-nagaland-minister-is-winning-the-internet-with-his-witty-posts/articleshow/92834241.cms?from=mdr
online grooming Nagaland,Miss Wokha beauty pageant on November 15 - Nagaland Tribune,https://news.google.com/rss/articles/CBMid0FVX3lxTE1ta3pFaEVtc0YxRUhoN1dMbVoyd2N0NHEzZEhJdDBuUDFkbGtjUzF0ZEowd1ZrMzF1ek9raHU0Wmk3X3dwcEMtMHNKa25KQ0tMZ25WVnhjcnM3YmNjN0cwZDJrODZYUFZvYThOSGhZSGFvZTlvU1Bj?oc=5,Nagaland Tribune,"Wed, 10 Sep 2025 07:00:00 GMT",2026-06-14T20:40:10.509408,cyber_grooming,True,False,candidate,https://nagalandtribune.in/miss-wokha-beauty-pageant-on-november-15/
online grooming Nagaland,"Assam Rifles, Axis Bank and NIEDO join hands to establish Centre of Excellence in Nagaland - financialexpress.com",https://news.google.com/rss/articles/CBMi6AFBVV95cUxPZmR4andSN0ZZMVJteHhIZm1tclpYbmc1VGp1TV9ESXk3M0N5NWVLQm5GYkZBdVNnMnlYY0F5NmFLM2NDV196UkhhblBSb2FNVjZybnc5WlFLdWRhNUM1cmtFOEQ1TG5HN3h4LXZ0RTM2WWhwYWJFVGZ3V0Nzb2RibkFoNEdBMmRBRWxBSTZCLVFxZUtzemhrZW1JNUk3cDh1d0pQRDRua0RleGNBeHBuSW9pM3ZhS0JBTjFqbkE2bUVHMHpHOGw3QVQzLW1wZVRYVEFyaEh4Q3JwTUp2ZzNMakJBeTUwNTNn0gHvAUFVX3lxTFBqSVZzUHp3TkdQTFktNENZdGlxOGVHbE5SaDZmcXFiV0VERDRTZGdHcnc3c0RNZHlDTjlWenQ4clRqLXRHVU03TldJNEY5N3ctcHAzTVJxTThrdEVYbkI3dFZnV0VSU0g3QW1xTE92eHhSWENoal9ia0xlSTVKNE5mVzU3T1A1Y2VIOUtNYjdLWXJRemo5cmxCVGl5LUhaVV93VHh3a2o4UmlXMlB2LVRRaG0tSXJOVVM4ZWJtNi0yVndMeW1tbjdnVkZHUTBVX0MzTUN4MVhEdnVMWVNpM2ZfdnVnc1p3d01lV01WRjBN?oc=5,financialexpress.com,"Fri, 13 May 2022 07:00:00 GMT",2026-06-14T20:40:10.509454,cyber_grooming,True,False,candidate,https://www.financialexpress.com/jobs-career/education-assam-rifles-axis-bank-and-niedo-join-hands-to-establish-centre-of-excellence-in-nagaland-2524054/
blackmail Nagaland,Rio stresses urgency of Naga solution; reiterates zero tolerance on extortion - Nagaland Tribune,https://news.google.com/rss/articles/CBMipwFBVV95cUxPaldCcE5lQ3V1aEdMdUUtbEtzdWNVRGZPNWhGS2JhWU9mQmdwT1ptVUpTT3BzSU04RkN1TEllWVI2WDhiWURXUlp4aEdCZEpPTE5PdEh5V3ZHUGlibVlkR1c4bkdVREZycUhMdVJmMnVQZmVhU2toaS1JNXl6ZnRaQ1dhSEJIV1dsZGs5bmRacFpGOFM4eUp5UW9VWHo0NW9uY1prNlVwaw?oc=5,Nagaland Tribune,"Tue, 03 Mar 2026 08:00:00 GMT",2026-06-14T20:40:16.683362,blackmail,True,False,candidate,https://nagalandtribune.in/rio-stresses-urgency-of-naga-solution-reiterates-zero-tolerance-on-extortion/
blackmail Nagaland,Nagaland records higher crime in 2025 - MorungExpress,https://news.google.com/rss/articles/CBMicEFVX3lxTE9mUzZZQk1kekJjZzVacnR1b2R2c0YtSmNRNlJwbnAxRkJqUnUtdVkzMUNHSE1jMmxGdDdQRTVLQTJKUEZlMjlGd0d1LWFMcGtXQzc2Q19DS1JCSlp3YjB0clZiMkxFOG5qd3FNX1dPZ18?oc=5,MorungExpress,"Fri, 10 Apr 2026 17:34:57 GMT",2026-06-14T20:40:16.683377,blackmail,True,False,candidate,https://morungexpress.com/nagaland-records-higher-crime-in-2025
blackmail Nagaland,Shutdown of businesses begins in Nagaland in protest against extortion - Business Standard,https://news.google.com/rss/articles/CBMizAFBVV95cUxNVkxNY2dQR0hidl9zSUxTTHc2bzFMNWsxMi1kZXNuOXQ0TXBUT0szeWE0V29hbU44WW1zMlpJNlNZclVibWppQXpfWXR3bldfMGMwd1dDdjNuTkxZMlBUSlY2OGFQR1VmbEFiMUxzTWNlNzNuenRTTEpIak9fY0RfejNab1VrWE5qSXZNcWZ3UTZUSFRvVDI2WHRyTW9nVk1NVWs5anJUR2FoYVNBRE50VUNrN2FsQnRaT05kY3BUcTk5Q1kwSE9RRDl1N3DSAdIBQVVfeXFMUGVXai1BcWY5NEpjazF2QXhWSzA2eldlMkNNUDAwT0F4ZU9qejVFN0E2eDhuOWZnN3pqQXYtNXcyYkVGNFphMHd5Yk16TmE4RHFBNWNuTHVFQ2VUak9xTlJ4NWFvSk44Qkw2bHdUaS1ldWgwWGdia2VYVzh2aVBpMC1NRWZTRUx4RzF0Vjlvc2lySjhhTWRVNzE0aDJsUEE3a3BSNDd0cnlNcjZYM1ZSWHQtVFZmZjB2OHJ6WTZuZzhRdDl6ai1rc3pobks4NmUtUWJR?oc=5,Business Standard,"Sat, 27 Apr 2024 07:00:00 GMT",2026-06-14T20:40:16.683417,blackmail,True,False,candidate,https://www.business-standard.com/india-news/shopkeepers-in-nagaland-begin-indefinite-shutdown-against-extortion-124042700254_1.html
blackmail Nagaland,Nagaland closes check gates across state to curb extortion - India Today NE,https://news.google.com/rss/articles/CBMitwFBVV95cUxNbzBYb0hPbHg3WlBkOWFNQTQ0R1h2ZkVJVHpabGN0RGtKREpHVnU1X3lwb1BFVGJHUm5EbVAwdHFHQkdHcmZPNU13MGpYSnQ2TFVFdzhnZDF1WVJTNGpBQk14cmRocHBZTGxvYWVhdGtBUXFCX01lY0o1VUpUMXFKbWxaWU50UzhNblRlUnlELUFHellMVDBueDVSRk1JaXRGaTV4X3RySDNPaE9IVlFaN1hSWXMtM2_SAbwBQVVfeXFMTVFKa2xRbHlNZ3BsdGFIUUY4Q2xNb3R6QUwzZ0l5TWw2ajZZbkc4b21leWdrM2lWRlluVjREWVhya25uZVI3Ml96UWt2eVNuNjNqZmhwUVJ4MVFRdDhleTZKMlBRai0weWpLR3NfbF96cEp1SzdjTlJyckZ0eTBNUVczbHJVTl95RjVpUm1iaDRoRER6eGNRSVVrTmU4cGNZWjdKMXdzOWx6MGhYT1FwUTM1MUg5bkN3WWY1RU4?oc=5,India Today NE,"Fri, 20 May 2022 07:00:00 GMT",2026-06-14T20:40:16.683454,blackmail,True,False,candidate,https://www.indiatodayne.in/nagaland/story/nagaland-closes-check-gates-across-state-curb-extortion-388746-2022-05-20
blackmail Nagaland,"Extortion cases dip to decade-low in Nagaland, but crime rate still high - MorungExpress",https://news.google.com/rss/articles/CBMingFBVV95cUxNazZMRUlMczJvNDloZzRCOUxPdWtjN1ZWNVFZZTJFYW9fQms2YjdnYkl1clQ5eTlUWE9IV2ViN3U1OGlWajVOc2tSbjJPVVNCd3RPNnA4Q0VvcmpWam02d2QyLS0tSHFHUTZfSkFUNmM1SmdEbDYtMVBjSFVSNm5vRDF3eThjZkpVX2FfZ0dHOGRvZlZOdXRybW84VnpPZw?oc=5,MorungExpress,"Wed, 08 Oct 2025 17:42:30 GMT",2026-06-14T20:40:16.683467,blackmail,True,False,candidate,https://morungexpress.com/extortion-cases-dip-to-decade-low-in-nagaland-but-crime-rate-still-high
blackmail Nagaland,Nagaland Police launches app to fight drugs and extortion - Nagaland Tribune,https://news.google.com/rss/articles/CBMijgFBVV95cUxOMng4akhZSlRKTjhRekw2SW9NRmVwSjNtZEQ1blBnazc2ZTNGRHJOMWJFYktHdm5FZ2pNTjNZLUM1X3dSV1JtYVhiU1NULWV2VDRNbjBiWnc4RmthaTMyU2twUTcyTkZfWldiRU9nVmFvTTVqWDVqNUlhS3VudlJTd09fNWtyUUxkeXlkem5B?oc=5,Nagaland Tribune,"Wed, 27 Sep 2023 07:00:00 GMT",2026-06-14T20:40:16.683508,blackmail,True,False,candidate,https://nagalandtribune.in/nagaland-police-launches-app-to-fight-drugs-and-extortion/
blackmail Nagaland,CNCCI cautions against illegal taxes on construction materials in Nagaland - Eastern Mirror,https://news.google.com/rss/articles/CBMisgFBVV95cUxOang3ZG5La0t5d0YwNVNUMkxQbnFIQnFXM1pPSHBZSDhDZ2duNGMzZV9WUTllbFN6NXc3amV5Q0NBM0M0NE9IeVNNenJneG9qeV9iTEtxSHhTVmdkSmg1Rk5id0tlNmIxV1BNaXg3YjJZZVNLRU5kY2E5Znl5cDc0RGI4RUl5cTJpQTVFV3N6dHExeHV3N1phV3NtVmRDVHZ1aU1RYWwyQ0hHdFJOaXFyUlRn?oc=5,Eastern Mirror,"Tue, 16 Sep 2025 07:00:00 GMT",2026-06-14T20:40:16.683560,blackmail,True,False,candidate,https://www.easternmirrornagaland.com/cncci-cautions-against-illegal-taxes-on-construction-materials-in-nagaland
blackmail Nagaland,"Nagaland student defrauded of INR 38k, cybercriminal also ca - Eastern Mirror",https://news.google.com/rss/articles/CBMiwAFBVV95cUxNRFVVU0NCQkZHS0dQM1poREZnV2hpVkxkQkpLTmpUZDJkQmwyd0ctanJRZTFFX09Bb09QZ1Vvc2xKX0pKUnhsS1RUYW9aMUt1MU95OEg2VDc0RE1mUGlnRnVwbThGSjFJc0NMUDFiNkpETnhNNlVmZHprMVdmbkY0NzZOY1Bfb09GUzY5ZVRpcXk0NDFoMkg0X1lfT3lsb2NFcUdfLVdKb3UtS21kQ2pBbHEyUGthU2F6VE9Jei1hVlk?oc=5,Eastern Mirror,"Mon, 14 Oct 2024 07:00:00 GMT",2026-06-14T20:40:16.683598,blackmail,True,False,candidate,https://easternmirrornagaland.com/nagaland-student-defrauded-of-inr-38k-cybercriminal-also-captures-her-compromising-photos
blackmail Nagaland,"'Extortion & Blackmailing' rates drop in Nagaland, but still highest in India - MorungExpress",https://news.google.com/rss/articles/CBMinwFBVV95cUxOVWQ0R2FTOU9oVVdYVG1TSWVSMjVncE9QRDE2RWViOWRVMDJjM1NlYmttRTFjQ3hrbDBqWHdGVzl2cEVsaEtxWVYzWFNQc3NlTldBQ2xfeGd0RUFQNFNuYmtMMWphbFNMZ2drS0xJU2dIQnVocWFDbDg5LUZKYVhTTVB1MTFkTVBHV3hTSnUwSF9lSjBJeG14TDJpbkhPMjA?oc=5,MorungExpress,"Thu, 07 Dec 2023 08:00:00 GMT",2026-06-14T20:40:16.683611,blackmail,True,False,candidate,https://morungexpress.com/extortion-blackmailing-rates-drop-in-nagaland-but-still-highest-in-india
blackmail Nagaland,"Departments of Horticulture, State Information Commission observe RTI Week 2023 - Nagaland Tribune",https://news.google.com/rss/articles/CBMiqgFBVV95cUxPUXlmdHA0R09ZOUhwS2RORTFna1BkTlVmVDNwY2Y5V25WYkVFM3BoeTM4ZEhYbkFIRXpsTFk2ZWNpV0taQWJFdUlNUHV6QTlpRjhxOWoyS0IxTHB6OE1XMXBWRzJaYkY0WkFfa3JPSnF6Q25yTEprTGUzV0dyQ09pTkh1NkNaRi1fVFR5ak05MTlCY0cyMWdxTjVra1MtMW5CeU9heDJWR0dFdw?oc=5,Nagaland Tribune,"Wed, 11 Oct 2023 07:00:00 GMT",2026-06-14T20:40:16.683689,blackmail,True,False,candidate,https://nagalandtribune.in/departments-of-horticulture-state-information-commission-observe-rti-week-2023/
blackmail Nagaland,"Assam-Nagaland sign historic MoU to unlock oil & gas exploration along border, ending decades long dispute - organiser.org",https://news.google.com/rss/articles/CBMi6wFBVV95cUxNeVh0TFVPcXBMODFIY1V3ZDBXb1lScGJuNDRjejlCWmNWSTVlM1lGNENZWUpWNzdZaU5uOFhaempSTEE0TnUyUE5PTzB1UWtkY20yenpEdTBTaTFqUXhnS1p6cUp2UDVreVBHaWtuVUVWQ2RsMUpmR29GdVd5TURNRmRreUhUTHg0SldHSEZrelJjWWxJRlhZMGV2c1RQTmlwZWJ0azRHUDI3VHJXOEFCM3ZfT3FkcjBZYlRFbDhaTUMwSVJEbzNwMVgzTWdYdlZ4U05LVkpBcU5md1RYU0JDMU9tYmVSNjNjdWpv0gHrAUFVX3lxTE15WHRMVU9xcEw4MUhjVXdkMFdvWVJwYm40NGN6OUJaY1ZJNWUzWUY0Q1lZSlY3N1lpTm44WFp6alJMQTROdTJQTk9PMHVRa2RjbTJ6ekR1MFNpMWpReGdLWnpxSnZQNWt5UEdpa25VRVZDZGwxSmZHb0Z1V3lNRE1GZGt5SFRMeDRKV0dIRmt6UmNZbElGWFkwZXZzVFBOaXBlYnRrNEdQMjdUclc4QUIzdl9PcWRyMFliVEVsOFpNQzBJUkRvM3AxWDNNZ1h2VnhTTktWSkFxTmZ3VFhTQkMxT21iZVI2M2N1am8?oc=5,organiser.org,"Fri, 12 Jun 2026 09:14:18 GMT",2026-06-14T20:40:16.683714,blackmail,True,False,candidate,https://organiser.org/2026/06/12/357879/bharat/assam-nagaland-sign-historic-mou-to-unlock-oil-gas-exploration-along-border-ending-decades-long-dispute/
blackmail Nagaland,Nagaland conundrum: Are separatist groups collecting taxes or running extortion rackets? - Scroll.in,https://news.google.com/rss/articles/CBMiuwFBVV95cUxPcEQtR2lnYTRmNEpmVXRTSVA2WUlwcDVFWnF6T0tDODNQbl9XUU4tX1dSWVhEQnhSRTV4SEFOWDczV1F2YXFtX1dqand4NkRuYTZqLXdlMkdickNWVE9mY1pMZlMtSzAxN2IxQV82NTJhZTcxVnZRRWdKTkpXbG9ZbFJ4RkViUXBoeDFjRk96R2NzRjR3WEhScFBTUTFid0Nzc19GNFp3Yk9hU0ZCTjRTT2VNbTFJRWwwWVNZ0gHAAUFVX3lxTE5WVU9nTUF6YVEtTFVGZlRwaWExV1NzdXZBcXVtYUFYRURLWGpCWjVKWFhyOXlPeVFRQzlNVHY4aVE3dS1NT0ZwX2JDUjl5YVVWSWVxRjNnVTlzVEo0bW9EZVo5THRaYzJweUhlanZ0bEJ1czBSU0FJeFUzYUc2dG9jbjMyWGFkaXhyMzZwT05xVlFkYzRZRHU0M0hPakp2N3VuWmlyY2xQanFxTng2Q3drQy0wbnlIbGsyRC1LbHN6Ng?oc=5,Scroll.in,"Tue, 01 Dec 2015 08:00:00 GMT",2026-06-14T20:40:16.683751,blackmail,True,False,candidate,https://scroll.in/article/771037/nagaland-conundrum-are-separatist-groups-collecting-taxes-or-running-extortion-rackets
blackmail Nagaland,Chasing Saramati: A family’s journey to the ‘Roof of Nagaland’ - EastMojo,https://news.google.com/rss/articles/CBMioAFBVV95cUxQUTdpRF9jQVg4TVRIekhETzNnVGs4V0UtSm5UUWZCcC03U3M1NVlOU0JybGU5dGZLeDZiNG1URWdEbnhpM3B3dWI5YVBlaWN5S0ZIVFRhVTMzcUhPaVhrRTV2M051ZU9VaVRhYTNXQUhuYlRaT2FRdkRjaHJhNks1NW1aM0VuYUVzTkt4c1hpNTNWT1dqckw1M2g2SHRsOW9o?oc=5,EastMojo,"Mon, 08 Jun 2026 05:47:25 GMT",2026-06-14T20:40:16.683893,blackmail,True,False,candidate,https://eastmojo.com/premium/2026/06/08/chasing-saramati-a-familys-journey-to-the-roof-of-nagaland/
online blackmail Nagaland,CP DIMAPUR BRIEFS MEDIA - DIPR Nagaland,https://news.google.com/rss/articles/CBMiYEFVX3lxTFBiTDMwODFLTkt0VHdBcXUxSmdkUk1MOTdPUC1kc3RBenBxWFNZUTJOcmhEZkxXcDNKRHZEZlgwbHpXbUM1ZVdwZF96VnlxRE1uUVJnSkNrU0dGbVJGakNyVQ?oc=5,DIPR Nagaland,"Sat, 25 Sep 2021 07:00:00 GMT",2026-06-14T20:40:18.238125,blackmail,True,False,candidate,https://ipr.nagaland.gov.in/cp-dimapur-briefs-media
online blackmail Nagaland,"Nagaland Dear Lottery Sambad Result Today 8 PM Live: Dear Fame Thursday Lottery Result of April 30, 2026 - LatestLY",https://news.google.com/rss/articles/CBMirAJBVV95cUxNUzFFTjZfU3pjZ0htbmN5aHF3bXR6N0ZLWmZoN09OUC1uSEljWXo2UHVwZzlaRUZSM2RlUnFPc25pUS1uMU41WngtVENqMGFNcVByOUxIdldwUWhpYVFfMGx0dkhzWjh1bjhfWDE1QjZGYlhadmpsT3FvMmpXWnBXVlNEYTMzN2s0amJ3RXFncndSWXVTM2JOdGlEV3lzSzAxZkdpRnRfMXlOUjhKNzBWWFZibEdkcm84cEpNbVFBTnVoVkNsYjJnM1RHTFNjdHN5SEh3LXVTWm5DRlp2Z1N0ZlJjUTlKR2ZWdmNUNEtHanM4UUxRRTlIWXdibGkydlBBX3p0VDl2VHIxVW10a0UtazJ6dUJWYWtNdFRhb21HNEFyODdubm5iUGFETTPSAbICQVVfeXFMTkFyZjk1N2JQbnRNVTdSXzMxVmViMGVqZGl5VTlhMzExcGdCcnJnTXVWY1Y1aEk0VGdBSExIZE95UGkzRmNwTy1PTlZ5aVk4NWVjMEhfenNNU2ZSWkd0dXRjV1kzMmJwSXhnblEtSlFCcEw5QUZBcGlveWhkem5DcUNVczlYQWpJaG1ZMHJ4d1pPZVp2RUhTbXBKaDQ3dWU0TmQ5aUtvdWpSWWo3TVJMRldFOUtMaG5vLWZkcWlEV1lFZTk0ZENOSlZmajN2NEF4VlhtdmYzeTNJVFlJY2FYVnp6ZTNlUmkyRGw5T29lamRkUzFrTjB3RDIycnZ5bTRPekdjcDhYV2czYXlqQTJxbWxaMHpLRFo5UXBrUngtRkdrd1IxQnc0bjE5NEJBbVBiYzZB?oc=5,LatestLY,"Thu, 30 Apr 2026 07:00:00 GMT",2026-06-14T20:40:18.238222,blackmail,True,False,candidate,https://www.latestly.com/india/information/nagaland-dear-lottery-sambad-result-today-8-pm-live-dear-fame-thursday-lottery-result-of-april-30-2026-declared-online-watch-lucky-draw-winners-list-7413730.html
cyber blackmail Nagaland,Nagaland: Extortion drops to decade-low - MorungExpress,https://news.google.com/rss/articles/CBMickFVX3lxTFBzTnZ3ZzlkTTR4UzRmRmduLXNMSGtXVHRXbFE3bk5VOVBNa20wdlhZSkhtc2N6VjdzTGVvVjNIamNPWllRWkV3dGZlZEdiNXZRS2RqSXlEZUJhRlhTb0lLTkdtUmFUNm9rNXVFUDIyNGNEZw?oc=5,MorungExpress,"Mon, 11 May 2026 07:00:00 GMT",2026-06-14T20:40:20.049135,blackmail,True,False,candidate,https://morungexpress.com/nagaland-extortion-drops-to-decade-low
extortion Nagaland,USLP declares non-cooperation against GPRN/NSCN (Nikki) over alleged extortion case - Nagaland Tribune,https://news.google.com/rss/articles/CBMirgFBVV95cUxQRXVJTnhPeVc4SDBVT0VGLU9aWEVwQU1VSmNPcm1fOEJPTGNKMldsVWp4NWpqT013TWljRHZWeVRuWVh1cGFyZ1dHZEtEUDRRdzM5bGZfUEZPa0lQdDlSSkpzSGJERlhXZWZyZDY2R1VoLU1tV3lzS3RtT2JOTFJ0MEJDOUx3ZVBfZkk2MjVwTk9jdTZXM2lFdGxwNUFMc3YzTGk0WUJKY1hsQmRETUE?oc=5,Nagaland Tribune,"Sat, 23 May 2026 07:00:00 GMT",2026-06-14T20:40:21.977677,blackmail,True,False,candidate,https://nagalandtribune.in/uslp-declares-non-cooperation-against-gprn-nscn-nikki-over-alleged-extortion-case/
extortion Nagaland,"CNCCI demands NIA probe into kidnap, torture of Dimapur businessman, warns of statewide business uprising - Nagaland Tribune",https://news.google.com/rss/articles/CBMiywFBVV95cUxQU2hSR2FsV1dNVlUzSktnbDNjRGsyZ21ULUlfaTFkVXlTcUFDMWNYLWlqSkQ4VTZ2OGlxOHlHaEN0Z2pSLUhGME4tQVp2MnRsUVhZWWkzV2NfTTV3TldqbWVZWjdxa1p0b0gteHE2aGVsSk5xMWhJWDgtRVdqM3BvbWd5VkJvcGdOQ09tLXFoTTRKVks5b01Lci1XVm5BUzNzNVh4a2JSRHQ3YnFxRzAzdy03aDFuekVPVHl4MVdEZ2FGZE00VDNicW9KMA?oc=5,Nagaland Tribune,"Fri, 23 Jan 2026 08:00:00 GMT",2026-06-14T20:40:21.977780,blackmail,True,False,candidate,https://nagalandtribune.in/cncci-demands-nia-probe-into-kidnap-torture-of-dimapur-businessman-warns-of-statewide-business-uprising/
extortion Nagaland,Indefinite shutdown of business establishments begins in Nagaland’s Dimapur over extortion - The Hindu,https://news.google.com/rss/articles/CBMi7gFBVV95cUxOSjRIRkVqWDhRX0xldjJUSmNLWmRCRmEtcUpJRkJZbWNYNzVsY0Rud1FCYlN3Q2tVN1ZDb0JTaDQ2NXFOeHdudFBfMTgwWk9xRHhrV1NOc3lwLVo0Rk1BOGVHWmhzckxFU29Tbnp2UUdVcG5zNHVEbkF4V0d3dkdNdGJvOWdjZkFLUDItc3E0ZnZ6YTB3V3c4TTVrV0d3Mld3U014YTlDYVhEdUVSUWFNNWdkYy1kWUNMSE9GTmZ6WXR1ZHlabFg3WlpOcFdmX2VuUzFUWi1TQnl1eUc0WVNWLXlDX1hQakIyaXJyTDhn0gH0AUFVX3lxTFBDdHZoMkpTX2tpZ2w2bmhrZWFzWEo2NjZQeWo1Q2xYaXZ1NmlFbzB0ZnlMcnBxei1QR291ZWtIaTVmTk54OWxYaFNHMzQxU2xPc2VuWVVka2VWQUtBMkUwdVJVMFZSVkY4YXZGYTZ6aXRNOENiTVZuUXAyOFZUUTNkczF0dENEc0ZBMFpTY3c1SHV6Q095RzlUYjJuQVdqdWcyM2ttWDFnRWxrM1FTck1vazFXSWJWQngxcnR5Q3A2UlpWVUdINnF6aWpqR2NjUUFEZmFyVWJVOWFra3RpRXBFeVYwd3pfR0pNWDhiYVN5cWN4eWM?oc=5,The Hindu,"Fri, 26 Apr 2024 07:00:00 GMT",2026-06-14T20:40:21.977788,blackmail,True,False,candidate,https://www.thehindu.com/news/national/nagaland/indefinite-shutdown-of-business-establishments-begins-in-nagalands-dimapur-over-extortion/article68109287.ece
extortion Nagaland,POLICE HOLDS PRESS BRIEFING - DIPR Nagaland,https://news.google.com/rss/articles/CBMiZkFVX3lxTE1KTXFQbERWZ0RWdjFEWDJqRmR2NDVsWFBxTHZ5ZEZKakhYSEdoYnZzM2xwaTEwcHJ5LWJYcERKaVhHSXNYa0NNano1NjdJTzEwanRDdG92dHJQZkRxOGkzQ2JzVUh2QQ?oc=5,DIPR Nagaland,"Fri, 26 Jun 2020 07:00:00 GMT",2026-06-14T20:40:21.977795,blackmail,True,False,candidate,https://ipr.nagaland.gov.in/police-holds-press-briefing
extortion Nagaland,Rampant Extortion Persistent In Nagaland: Governor RN Ravi - NDTV,https://news.google.com/rss/articles/CBMingFBVV95cUxPakJsY3FwNkRrMTVRc2c3V3ZycFpRSzdzLUdjS3JYYTVsblppNjUtWTVKNjg0STRZaEhSWHhnakIyS0x5VTJzQUN5NjdkY25BT2dzSkIwaWJJWTV0eW1nRl9OWnpKOFhBeDNnYm5URG5uT1l2NzlmMVo3cV9Zd1lxNzl5NU1wMVBCWC01ZUxvWVg4N0Z6SU1lU2pXc2U1UQ?oc=5,NDTV,"Wed, 27 Jan 2021 08:00:00 GMT",2026-06-14T20:40:21.977803,blackmail,True,False,candidate,https://www.ndtv.com/india-news/rampant-extortion-persistent-in-nagaland-governor-rn-ravi-2358534
extortion Nagaland,ED files charge sheet in Nagaland extortion case - ETLegalWorld.com,https://news.google.com/rss/articles/CBMitAFBVV95cUxQNDQ1V1ZIR0t3dXRlRkR4cmI3NmNhYlRad0RmeENkYnFpTFVLYWN6akwwWWlLU1ZzZXVVdC03VDBJMUoyQ1JCZFk0aDVteU5Vc3FUWWpLZ1VzbFJUSVRWYVVKbURSekhHT1U1WXhCMmtmZl9qZ1NMX29MVTBFTWc1cFJEUlNDeVdPMXJsNVB1cUdCa0k5VHozVlY1WENobTkydzhURW4xejA2R0ZyQ3FqbU43Tk_SAboBQVVfeXFMUE1BU0l1OUhQUFU0akdvbktHMW0tU2RwYV9LcTNxdmdtUEpZR3Y5V0ZYTU5FRHFlaVVsOTlxM2MyekZsSFNIVUt4SkF0Q0lKeEZKT2lJVU1Zc1A4cTFVMXNnSkhINFdaWUZ1X1NuZ3pTb0tsazFEYXpSMHV6UEZIV1lEeUluMVJxOVBqWHdLLUZhb19KWUJsdUVFOFJXcjc5UkNVWUc2SHVIdDl4Wi1wZjFqMkswVFhOZm5R?oc=5,ETLegalWorld.com,"Tue, 20 Dec 2022 08:00:00 GMT",2026-06-14T20:40:21.977818,blackmail,True,False,candidate,https://legal.economictimes.indiatimes.com/news/industry/ed-files-charge-sheet-in-nagaland-extortion-case/96363061
extortion Nagaland,Nagaland Police activate control room to curb illegal collec - Eastern Mirror,https://news.google.com/rss/articles/CBMipgFBVV95cUxQM01UWHBUNFpWWnhNT053WVhfejJHUXBReHBFTHAxcHdOMzk4QkRiZkowMmY5cFJzYklrYXNjdXNCdTg4TlF0bGhHWHdYdXRpWm82YUF4S1JEZXRNcTlrWVkzYnlGVGUxdkk0VU9QR0xLVUNwVHhsUUVJaFE4OFZuRWlZYjZ4b0FySkg3NG9XT3k0M2htTzVMZktuSzBmQXBDc19fVFRn?oc=5,Eastern Mirror,"Thu, 18 Sep 2025 07:00:00 GMT",2026-06-14T20:40:21.977856,blackmail,True,False,candidate,https://www.easternmirrornagaland.com/nagaland-police-activate-control-room-to-curb-illegal-collections
extortion Nagaland,Government must ensure armed groups cease from activities of intimidation and extortion: AYO - Nagaland Tribune,https://news.google.com/rss/articles/CBMiuwFBVV95cUxPS04wZC12dTd3N01IMVRkeTNJdkNGb0ZQOEpXa00wSDllUENOdlhMOWhkX0V5ZXk5YzFEZTk5VWZoM2hnWlJkWjRrX24wWV9tbUxQY0p0SHcxTlJGVmJ1Ni1wVXQ3NW0wN3VKSGJCb1R3bGZnUk50Q0ViWkJFa0VMVllrMzhqRGNFakc2ODBEajdNX0RDbUM0SjJ1eXJmTEZXdFhGU1UwVnMyd25wc3E5YkxNUGQwMlRvakdF?oc=5,Nagaland Tribune,"Tue, 06 Aug 2024 07:00:00 GMT",2026-06-14T20:40:21.977886,blackmail,True,False,candidate,https://nagalandtribune.in/government-must-ensure-armed-groups-cease-from-activities-of-intimidation-and-extortion-ayo/
extortion Nagaland,"Bihar criminal carrying Rs 50,000 bounty arrested from Nagaland - ThePrint",https://news.google.com/rss/articles/CBMingFBVV95cUxOWHMtdmJNV001aHVhSER0cFBOTndlQlVPbmlYODlIcFVScExWaEozRndsaWNaTUhacks0UTZiY25ZN2toUDBrOHlRZXAwRVQ1NGl4V1hkc0R6WXdNcC10dEVacjk2aDQ5N29FbGpaTEFCTzF5MjRKeTlpRlNLX2diRHNjZkV0b2lTOG5LajV2YVZpcGpCY1ZnMDRPOXdZd9IBowFBVV95cUxQNkk5MjlYbDlKV0x0dEJ2c0lGdHBTemcyN2JQWEgwZWlOMHVaOWt6YzZOSXNZazRHQzBOSDMtdndjdEJjU0w2OHJNVC1lYWRVODZ0NkgxR3R5dFR5VEZpR0ZqVWtXcW92ZGpYTFlBMm9wdlBQSUo4OUdVVkhzZ2RuZDF5UXQxblZDcmlGRU02dnNOMFhQR2VqQWpYZmpLVk4wb18w?oc=5,ThePrint,"Sat, 24 Jan 2026 08:00:00 GMT",2026-06-14T20:40:21.977929,blackmail,True,False,candidate,https://theprint.in/india/bihar-criminal-carrying-rs-50000-bounty-arrested-from-nagaland/2835851/
extortion Nagaland,"In Nagaland, govt. wings pay ‘extortion money’ - The Hindu",https://news.google.com/rss/articles/CBMivAFBVV95cUxQMC1XaW5zOHlEYWdrZG83TWZoUWtzY2EtRkRDZjNmQjc5N1JHaHRPWlBVb01iWGcxRFVGUGJSeDZjZUVHS2hFZDJiWEkwVHhXUmdmcDFyaWNOaTZkWE82bUg5YUFLUkc0cnNhQmhDN1FocURXOWZOZHNkWXo5UTRacU9EVVV2bTBDWklDYWlhUHVCOXB3VE5KZ1ZINHNYNy1zbmJmakZyNXJjMmVJYjc4c1Vzc09tRHpqdlJqedIBwwFBVV95cUxQTGJkaEZhYjZFT2tpemNoWVI0MDliQ2tfVmlWeHhDQjktYzJZNnE0SXE3Q1pacXI0TWNOYmFjWVk5WGcwaEt4ZXo5RFY1X3lTUFJkYTdLeVd6MjJ6aVRXbDBBbUZlc1NvVWZGX3NlSVU0bmJZMVM3dzZIV3ZqS1psc0czWG9NXzhaNV9ENEdZeXM0V0plUnQwM0ZGQl9hTmxLMW9MUkFfZktKMkZPVTdCX0dOTGI3V1NaZGdDWnY1YzIxUmc?oc=5,The Hindu,"Sun, 05 Feb 2017 08:00:00 GMT",2026-06-14T20:40:21.977937,blackmail,True,False,candidate,https://www.thehindu.com/news/national/In-Nagaland-govt.-wings-pay-%E2%80%98extortion-money%E2%80%99/article17195281.ece
extortion Nagaland,CBI searches premises of suspended NIA SP in Manipur extortion case - Nagaland Tribune,https://news.google.com/rss/articles/CBMimwFBVV95cUxQRzdkTzVtMEo2dEU2bWt3N09RRDhyVHJmLWhjTGlUbE8tN205QUc0X1k1M2p5WmNITGVGLTBrMVBUbDA1LVJlMFZ4SzFxcEZuVVJvcGoxMWNwTVlOclNEWWFKejJzZ0VBOWJTZWtPRFhPb0l6eWVqaDM1NlFFekNyOWpaUmU3b2VIYmZUZWtkQy1wUU9lSUhKWWNZQQ?oc=5,Nagaland Tribune,"Tue, 02 May 2023 07:00:00 GMT",2026-06-14T20:40:21.977952,blackmail,True,False,candidate,https://nagalandtribune.in/cbi-searches-premises-of-suspended-nia-sp-in-manipur-extortion-case/
extortion Nagaland,NSCN-IM to Nagaland Governor: We don’t extort people but levy ‘legitimate’ taxes - The New Indian Express,https://news.google.com/rss/articles/CBMi1wFBVV95cUxNM3RBNEdiU09FN2N0aVQtOGE0dWFRaHJyVklPSkd1N3ZNS3ZrbW9ZTEpNMnlIN2RtSWF6c1ljZFhkNllTb01iSjRNczhlSGZONDNIclR2Slp3dmdpY05fX0Z4VE5pdXI0Y2RFdnJPbzZ6bVNqUzk1MDNMNzd4Z295am85RWpPZnY3Z2VwTHZuektJOV9HbWt4NElVaTBINmJQOENpQ3h1M0oyWkJEd1BxQkFjakJuOGZ2Qk5rS2N1Q1FMOTVPNTl2eHhINXMyLWQ0SXlLRzE4RdIB5AFBVV95cUxPUTJ4WDRFSjA5NmtEclV0eGxvQWx2ZDh2U19UVXU0YUc2UlhnWExlbnZlXzRmU0c3czFwSGRna3BqUDloOGJacWtLWGJVUjBETnByci1NZDVneTRuaGt1cWh5am5Cb2R2MDJ5ZFJWXzUtd1FSMGJGODdZYWNOeDdlelE1NTNmcGJkY1ZoRExjQW1ZVkdScnkwTUgtUnI1dWF2akhmYVhTQjVFRVNVYW1Oa1pFTTBpUGtOZ3R5ZlpGZ2owamFjRHI3M1Atdk15ZEJ2RjI4TkZSTVVxYkdzSlJwSkhLMm8?oc=5,The New Indian Express,"Sun, 28 Jun 2020 07:00:00 GMT",2026-06-14T20:40:21.977960,blackmail,True,False,candidate,https://www.newindianexpress.com/india/2020/Jun/28/nscn-im-to-nagaland-governor-we-dont-extort-people-but-levy-legitimate-taxes-2162572.html
extortion Nagaland,Nagaland: Naga Club hosts entrepreneurs meet at Foundation Day - Nagaland Post,https://news.google.com/rss/articles/CBMikAFBVV95cUxQeXZnWGQ3UC04aEhrdmV4ZnFLelJCWWN6RndKck5xMTZnT0h0VVhnVi1kdVpYM0pZeXNBTGpfdDFwSG9WY0xVeWd4ZHBqRTVGN3JIMjJ2MkwxeWdtdXRQRkdmUzZZX0NVNU5zQjRwTGQ0OTZtUTNyakNFU25vSHE3RFRLX3p4Ml8zN2R5NGlLcEI?oc=5,Nagaland Post,"Thu, 08 Jan 2026 08:00:00 GMT",2026-06-14T20:40:21.977982,blackmail,True,False,candidate,https://nagalandpost.com/nagaland-naga-club-hosts-entrepreneurs-meet-at-foundation-day/
extortion Nagaland,"ED chargesheets NSCN-IM treasurer, others for collecting extortion money and illegal tax - ThePrint",https://news.google.com/rss/articles/CBMivwFBVV95cUxOakVRZUxRS3ZXU25pWGo3NlRUSVo2TXlIZnFXZE5UYUdpcHhjSlBvbE5hTEx0T3g5M0VvMGowRnd3enlZVjhzRU1xUk90em9nMDNQWFNPaU1vamlxVF9vNFNFS2x6QmxOb3NCRV9ManBSdU9NUnB1bnlJUzdNZmU2N1RydDMtNUF6dXF5SkhsUG1jYzFXM0h1cnA2NVB6c3BHT3NlR3VrWFhUMFozT0hRQm5SdHIxMFllb250TUtqc9IBxAFBVV95cUxNMW1CRnpwRUlLZUVBMVE0R3lkbmxTaHNodnZHWEVYWmhHUWk3TnBESnFqbjNrM1JSNzF6ODBta3RVc1ZvMjd3Y3ZFUE51UDUtaEEta1J0QVVkQmF1Mm1ma2xSbk80VXVxdDZ0dEJqSnNIRWdxeXAwTDdjamRxd3kzM1NEa1FhOWcyTjlidVBSaE1peHU2Y0dkWFEyUnp0OEFDWlhWd3lqOHpsdkFlMG5hd2RRenZOTVJPWF9Zak81MnIyVlJI?oc=5,ThePrint,"Tue, 20 Dec 2022 08:00:00 GMT",2026-06-14T20:40:21.977990,blackmail,True,False,candidate,https://theprint.in/india/ed-chargesheets-nscn-im-treasurer-others-for-collecting-extortion-money-and-illegal-tax/1272347/
extortion Nagaland,Joint operation by Assam Rifles and Manipur Police apprehend eight cadres - Nagaland Tribune,https://news.google.com/rss/articles/CBMiowFBVV95cUxPX2g0S0doakk2RWJIZm5xVGo3Um5sQWtuYVlZZHhmdWdPcDJfMjRsdklkZmRkR3Q5akFUTlI4c1JTdWhSd1Z4NTlyUkpQM0FfQm1rczVGRm9EemJNTGdCYVA1SGQ5TmMxT1d3c2loWXpfUkRvS2JrZ2Jxek5uU0FQbmZQTjRmNFNlNG10ZFdoUUhNZV80dXQ5OWUwckprUHMwaXVN?oc=5,Nagaland Tribune,"Thu, 06 Feb 2025 08:00:00 GMT",2026-06-14T20:40:21.978034,blackmail,True,False,candidate,https://nagalandtribune.in/joint-operation-by-assam-rifles-and-manipur-police-apprehend-eight-cadres/
extortion Nagaland,AYO memorandum to Governor against unabated extortion and harassment of common people - MorungExpress,https://news.google.com/rss/articles/CBMizgFBVV95cUxPNzJZb181TC1hcEw0MVR0TjlFUVNGQ1h5emZZY04xd2VQZUpsd0hlVzIycjdyWGhPQmJrOVNGNGtmTnljM1dFR3N0azBfUDdTVGQ3aWYxRzA2SjNrTkJlUmE2RENjcVNEVmN2Z0RYZnZkcVR6YnAwVFlJMmRFeGd3OW1jVjUtdmRfR1BlMldMODRLSnp1VWM1TTZvX3lLekdzMUN3cmlQWktYQllOcTR3MDIyRnVTNlQ1RXNDX1dGdmdMM0RtQ3lsdDNqYWVfdw?oc=5,MorungExpress,"Wed, 07 Aug 2024 15:12:06 GMT",2026-06-14T20:40:21.978057,blackmail,True,False,candidate,https://www.morungexpress.com/memorandum-against-unabated-extortion-and-harassment-of-common-people-by-naga-national-political-groups
extortion Nagaland,Kohima Police bust suspected extortion network; 2 arrested - Eastern Mirror,https://news.google.com/rss/articles/CBMimwFBVV95cUxOVHVlMFNYRGZtbjJaUEhDd3VlTVR6NkFuU2loTnZWLS1ONzlYVjRJVE1QLU5WXzlZNHhsd1oxX0RUQ3dzeGRVc285a29uNGJ1em1RZlkzWUFGUHRIWXQzUk9tUVhZQlM3cEl6eWwtQVF2X08tYW84UThqaldyeEo1NUNVc1pEbXJxbzIyWjZ0QmMtSVgtTDgyNUVEMA?oc=5,Eastern Mirror,"Tue, 19 May 2026 07:00:00 GMT",2026-06-14T20:40:21.978088,blackmail,True,False,candidate,https://www.easternmirrornagaland.com/kohima-police-bust-suspected-extortion-network-2-arrested
extortion Nagaland,"Naga political movement was once united, but now it's divided into 28 factions: Nagaland Dy CM - MorungExpress",https://news.google.com/rss/articles/CBMivgFBVV95cUxQVGt1TDZQUXNRdFFQWlVad2lNeThRczh2cjl5WWZWTTZBREhpWHl5dDhJanRQRlpPbGc0Z2E2VWs2eXNJcEdzTVJBY3lDOGc1RlhGM2ZjR3BvOUFSbmdONWc1ZkkxMDlXVmhFZnF0bm9HcG1iSmVNZXZJcEV0TFpWdGhpM0lYd0phMVptMGx1ZEpoNG9iSEROUmFxNEo4YlIxTGdDTUZ1cHVkNEdiUEh2MTRHZTgyVzR4RkxvbE1B?oc=5,MorungExpress,"Mon, 06 Jan 2025 08:00:00 GMT",2026-06-14T20:40:21.978120,blackmail,True,False,candidate,https://www.morungexpress.com/naga-political-movement-was-once-united-but-now-its-divided-into-28-factions-nagaland-dy-cm
extortion Nagaland,Nagaland: Two FGN cadres held for alleged extortion in Kohima - NENow.in,https://news.google.com/rss/articles/CBMiqwFBVV95cUxPLXVLVXJGTEFKTks2Y0lzQ0U2UVNOOGtmeXp6RjZNUlR1U1YzZG5yR0JkOVNjeGdnN015TnZGenpsOThxOFpveWNSa0l2a1RrY05QQnN5YzFzZHUtUmRBRVhBUWFfb1puQmJkMVFfLTkyd0Q0c0xXUjZGQUlRR2I4eTFoM3JhRzdtOURWNFJUY1VESklBM2F3RnJBOHJXT1lJNEhCQ0lBT2RkZjDSAasBQVVfeXFMTWxHYmNXZk9fb19FczM0Z0JDZDlCZGZudVRHeGdKSW15cFVtRWpOMzdtQm9objh5UWZFMFIwM29ZZ1UxV1owSTVZWXNmU2Q3aWJuNk15WkxrcHB6eGk3NGpoaGQxSkl0SGNFTmdCZ0ROZHcxekFCRWNwWVA4VGdlYkZqQ0dNZkgwWExRMktCRG05RUZJemxQY1NMLTgtZy1ZTHBYZW9GR2JIcGY4?oc=5,NENow.in,"Tue, 19 May 2026 07:00:00 GMT",2026-06-14T20:40:21.978134,blackmail,True,False,candidate,https://nenow.in/north-east-news/nagaland/nagaland-two-fgn-cadres-held-for-alleged-extortion-in-kohima.html
extortion Nagaland,"Culprits will be booked under NSA: Nagaland Govt on extortion, illegal tax issues raised by industry bodies - Northeast Live",https://news.google.com/rss/articles/CBMi6AFBVV95cUxQX0dNVnRHWXJIQXNDMDM1aEdaR2pvakVyTXYxOHFxY2NvRlhHd1duTmJJYjItZ2FUZEh1TDlpQmY5XzlxYzhHalNrTDBvcVJjc05KcnBvR3JJYjBDZ2hvYXNpVFJVWG9Sb0N2b0RSRDNPcHctMzhaZ3NRVU9YTFZMbkczU0V0MDhIalRuSVZheGUxZEdmWnB4NmlaVTdrRkppUERCQUdVbW5WMzFiRnZHbHJuNEh1cEVjN1E0b2g3QnM1QjFDZG9YV2ZnQ19oVmhUYnBjc2JvUnVKUmt0MTZVcHU5dG5jaHc5?oc=5,Northeast Live,"Mon, 29 Apr 2024 07:00:00 GMT",2026-06-14T20:40:21.978141,blackmail,True,False,candidate,https://northeastlivetv.com/around-ne/nagaland/culprits-will-be-booked-under-nsa-nagaland-govt-on-extortion-illegal-tax-issues-raised-by-industry-bodies/
extortion Nagaland,The corporate insurgents of Nagaland: A legacy of NSCN-IM - The Sunday Guardian,https://news.google.com/rss/articles/CBMipgFBVV95cUxNdUw4allmTnFrbVYySjg1LWk3Q3I1cF9fY0xnOVZCSkgtV1ZjX3FqSXE4ejllckVVNjdBc1RuT3pUZWQtY05ZS1B5VzNlZXd1VDlaQ3VvM2JiTHFhcHJNMTY1MjVWbnVJc2o3MUdjc1RGeG1qc1ZpSWNjWjJBSnF0VVl3YXM3WjNWWi15bmhLMWZzT2loUTlXTjB1ZlNsRnFLc24xWUVR0gGrAUFVX3lxTE1Ua2dUS29lazd4RURiYnFuOG1za3NaV2pMOVQwZVpwMUhHX0ZFMWV4UzdrbjRPR0RRWllwX2RDelhjb1gyUzNkUEY3c1RSVG83dDNCaEtBNG1FeEc0Q3FQZ0tGcDlxQzlQU2NsSWt5amE5VnlRdWZoVUlaUWtHNEZYY0NlUzd5NXg5LWRDenFDWXY4ZmpZTXJVdm1HeFRkS3puXzBpVlFaOS11cw?oc=5,The Sunday Guardian,"Sun, 05 Oct 2025 07:00:00 GMT",2026-06-14T20:40:21.978148,blackmail,True,False,candidate,https://sundayguardianlive.com/opinion/the-corporate-insurgents-of-nagaland-a-legacy-of-nscn-im-154542/
extortion Nagaland,Nagaland: Outgoing Dimapur police chief warns extortion is driving businesses out - NENow.in,https://news.google.com/rss/articles/CBMixgFBVV95cUxPUW83cmxIR1JBNXlsTDBBYzFXcF9Gdk5SMjhkLVRldUFuMHNTOEhrbHl2LThoUGJZeVoxbVpEWDFBY3NuWFhIUmFNSmZ2Z0dBSjI2MUNla29vUFU1V2ZxLXUzekhfcVRBb3ZhV2lpUGl1S1lmMHRXVndNLUgxMHlsQzV2TW9DZEMzVHlya1FyaVNXUHZ3UXlFRFB4N2FReVhGM2s3cFg5Yk16cjlDX1hKc0oyYndHeF9MTUMzNE9vRmlhUGYyaHfSAcYBQVVfeXFMUEEwUHZBMUdMQzAzT0YxWWJOUnA5RjYtUVR1aUhwWVJjcGZBTFFPTGFHcU9IaUhCRUZHTkhJNFNONGFUb0ZoMTBLamNnd2Y0UXZFdXRfSDRUT2ZMa1VDVjdabkVDdlVORDM0eTlidUxXMWVjVThuVUFvUThtWURlMm1FU1VtTFV4TEVLVTlEV1F4UHRIMDJnQVB1cWtCU1pIbTZTb0FubzAtNUpIWFdIaXZFMzZrOGpyMmxmY05FYzJLMGFSa0dn?oc=5,NENow.in,"Fri, 08 Aug 2025 07:00:00 GMT",2026-06-14T20:40:21.978155,blackmail,True,False,candidate,https://nenow.in/north-east-news/nagaland/nagaland-outgoing-dimapur-police-chief-warns-extortion-is-driving-businesses-out.html
extortion Nagaland,"Naga Political Movement Divided into 28 Factions: Nagaland Dy CM - The Sentinel - of this Land, for its People",https://news.google.com/rss/articles/CBMiyAFBVV95cUxNZC1oeFZZSGg3YndsX1NXUkZLUWtnbVFqY1NtVjVjSTB5MG5BNFhBVEtsMC0wWkpPc2RGTy1IVklwWWNXNjh3UUotNmdfajBDWThPcHFVMktsR0loRlh3dUUxdGNhZWpVLXVqOVdtUXVOYndQbXhTLWxoUHUyNzVZaUt6czVtSWZhMTBsQXVGUGhBNWx1Sk5SRHBna0pJa1hnUjg5bUcxZUFJN2U0anhzenlkck5FOFNxMl9ZSzdsTG9GQlA2dUEzbNIB1gFBVV95cUxPMVI3LXcySklkd1NxV2JYeF9BMzFWR3ljTFl3MVBGVlZVTUFDR0xoMlZTUGw2ak1XVkR2TU5GREJrc0duUzNlUFp0UWp5VUQtZlN2Mi1WS0w1VXRJSzNvbDhTLTQ0QlEyT1hhYjR5N2MtU29DT2xaNFVwTVZUQTlYdTBrSm9kY0NJMEQwbzFOX1hlYVlYb0J6LXFDZmhSMUhReEZLMFZYT2xRaW94MnREVmhVbUthSTBmMzBXSE5MVDYwUjd0LUw3QUU4SmJVZzUwSTVlOWZB?oc=5,"The Sentinel - of this Land, for its People","Mon, 06 Jan 2025 08:00:00 GMT",2026-06-14T20:40:21.978162,blackmail,True,False,candidate,https://www.sentinelassam.com/north-east-india-news/nagaland-news/naga-political-movement-divided-into-28-factions-nagaland-dy-cm
extortion Nagaland,How a terror group EXTORTED the Nagaland govt - Oneindia,https://news.google.com/rss/articles/CBMikwFBVV95cUxNQlJaaUJzVzVpa01fZ1N2ZDRNV2tjY01WMlIyUk40VUU2SnBkUkU4bWhFOGNFTk5LOTU2TFcwNXA5U2FzaHhSTzhEVlFfWi1NclBNdEN6YTBWNi10WEdMX2E2VzZ3MFEyNkhHbTlxaHZjSklxRmdUaFhPTXRlRzloMmp1NDhNTlZ1UDVxLU9OamI2Slk?oc=5,Oneindia,"Thu, 19 Jan 2017 08:00:00 GMT",2026-06-14T20:40:21.978175,blackmail,True,False,candidate,https://www.oneindia.com/india/how-a-terror-group-extorted-the-nagaland-govt-2321175.html
threatening message Nagaland,"Rio flags threat to Nagaland’s biodiversity, calls for stronger conservation measures - Eastern Mirror",https://news.google.com/rss/articles/CBMivgFBVV95cUxPcldfRWRpZ2NvVF9PV1VsRVhuQmpQTmdBckNfQXJUNlBlTEw1MFNyaENqdkM0VWR5cElEM3BQR2JvZUdMeUpEQU1lNXdKMUtLZVlzcUlneTFITm15dDVBbER3Y1FzY3QxVnFHTDhyOVR6cEVFbU04WEI1Q191UzhzNVZjNE55V2hmaHFwekZhTmt4bS03eVB6V2V3NDBZS05ZMlplZVo3SmV3T1N2QzdRdDBrNE55cV9XdzdBdWZn?oc=5,Eastern Mirror,"Fri, 22 May 2026 07:00:00 GMT",2026-06-14T20:40:25.775738,blackmail,True,False,candidate,https://www.easternmirrornagaland.com/rio-flags-threat-to-nagalands-biodiversity-calls-for-stronger-conservation-measures
threatening message Nagaland,"Bomb threat issued to Vidhan Bhavan, BSE, HC, Mumbai Metro - Nagaland Tribune",https://news.google.com/rss/articles/CBMiiwFBVV95cUxQWU9jMFJvTXAzZ1M5X1ZqRjRMNXp0Q2kzLTRIdTRxRWFwS0pEVUtYa3dDWEZlVDZndXBLZ1BhbkNXOGJzMjdFZVRWSkUyZDU3dE5IY2l1b0s3dU8zMHk1aHlMdnJHT2EwX0dtOXY3ZHloaHNrX0tTVU5FMjhaZXVlRVNtcVUtdU1XNmx3?oc=5,Nagaland Tribune,"Thu, 12 Mar 2026 07:00:00 GMT",2026-06-14T20:40:25.775777,blackmail,True,False,candidate,https://nagalandtribune.in/bomb-threat-issued-to-vidhan-bhavan-bse-hc-mumbai-metro/
threatening message Nagaland,Trump threatens 50% aircraft tariffs on Canada - Nagaland Post,https://news.google.com/rss/articles/CBMie0FVX3lxTE9lcnJjc0QzcUFjQVhtMlM5cklyamktWEVtYjNUOFhSYzljVWx6ZEtwQ25YaS0wenRTWTczRGM2WWVHOGozNEJZWkI1SzlDZkV6Q2g1RkFaRElPQzFqcEdEWWhRTjZiOE14STR3dWJKVEpMcTNpZmFFLVN3MA?oc=5,Nagaland Post,"Sat, 31 Jan 2026 08:00:00 GMT",2026-06-14T20:40:25.775830,blackmail,True,False,candidate,https://nagalandpost.com/trump-threatens-50-aircraft-tariffs-on-canada/
threatening message Nagaland,Panic buying at oil pumps in Manipur after bomb explosion - Nagaland Post,https://news.google.com/rss/articles/CBMiiwFBVV95cUxPRC11aXVUNjZvVjB2MFBoUVRyVFQ2dDlIUjdlN09GWkltLWJWdUZOcWhQZ05HbzYyUTRRVHRtSVNWbERNcU9LOVdBZ29ROUF5WEVnOGh3RHlEVUw5QmZlSWJSRmg1SXBzcmowblZmMkxmUGNCVWhsenMwWXh0eV9kNlI1LWVZVkVwQlpR?oc=5,Nagaland Post,"Sat, 10 Jan 2026 08:00:00 GMT",2026-06-14T20:40:25.775868,blackmail,True,False,candidate,https://nagalandpost.com/panic-buying-at-oil-pumps-in-manipur-after-bomb-explosion/
threatening message Nagaland,Why Nagaland governor RN Ravi has threatened to take charge of law and order in the state but hasn’t - Scroll.in,https://news.google.com/rss/articles/CBMizAFBVV95cUxPcEJhNGlUN2ptRERXUGh2Y28wN1BRODVmZFpveVlzUmR2bHV6azhEdG94RjhsRjhXSk9lMG54cHIzMVJfVXVNYU50eWlNMk1FVnRxMlEzRGxJaDdMVkx4T1dBY0FRZHJMVXppSWQtUWhNcDFBM3lXUm82a293ejlVUWhiNWJqR3gyakZtREZ0UVdOcjF4Mk9iOHBsazhNVUVaTmkzSUtNSEdzR3pNLXRvaHJuUlliMHVZZ1d1d2kyUFQyenVlWGFQbUdfOV_SAdIBQVVfeXFMTmNJU05TUm44T2g3OXFNNW5fMlN3N2k5VnQtbVA5Y21tTy03cHZhVE5aNTY3VXFLWUpCWEc0QlRGQUhRWFBJM0V1eWJGUUQzczVXd0E5LXhIaW1Qc2VrZGdZemdJWkFsMklJTzdlX1AyOGpRUER1N252czF5VURJV0RDakVMVHlYZ05feVk1WE9FYTQ4aV8xdmcta29YSVlVZDBGaTdHNVoxMXhhYU1SVk1sb21yVFlhSG5qNE11LXNqeFhRNl92WXE0SmgyWWwxOURR?oc=5,Scroll.in,"Mon, 29 Jun 2020 07:00:00 GMT",2026-06-14T20:40:25.775920,blackmail,True,False,candidate,https://scroll.in/article/965943/why-nagaland-governor-rn-ravi-has-threatened-to-take-charge-of-law-and-order-in-the-state-but-hasnt
threatening message Nagaland,"Threatened, excommunicated and banished: Where do women candidates in Nagaland stand today? - Scroll.in",https://news.google.com/rss/articles/CBMivwFBVV95cUxQbHFZSURvMldyMFBiZGRMREVZS3RleHhuOGplMlFjR0lLUThnVHdqSDNXbEstb2s5WmJvaVVYOE1ZNHFqdnR3cVlqWnB5eEh5enNnOG4yWGNWNUdTSURVak9JYlBPeFBGMWtnMm50UWUzSjlDTmJKcHBRVzZkbkZtYzdaZGl2TnF3YzNsdDliM0pJS2FmaFBNTklMLTNHQ25OdVdMXzhKdjRaWXB1TXhjdVhqVlczWGQteEVIb3RIY9IBwwFBVV95cUxQTWdYRjhZRk1BTlRqaHNsT0xHNVVEWmVaUU1lX29GaEhDOFlySmRmb1VXZHlSZ1Znd3FQLTZjRTE0c1RCSnh5MjQ1TUsyX2ZCeF9mUFZQdUtQdWRXUV9SWjdoRmV2Zk43WDZRT3BHdXZCc2VPQUhqOGUxeV9qOVkxYTE0bWFqZ3pnT1FXWkNqZnNCcnFQZHRCUmliT3BKSU82NHJBRERKOVNmUGpuVy1CaGlBNXRETTFvb2xOZFUtZEJVQlk?oc=5,Scroll.in,"Sat, 23 Dec 2017 08:00:00 GMT",2026-06-14T20:40:25.775976,blackmail,True,False,candidate,https://scroll.in/magazine/859390/threatened-excommunicated-and-banished-where-do-women-candidates-in-nagaland-stand-today
threatening message Nagaland,Home Department cautions against making hoax calls / bomb threats to airport - Nagaland Tribune,https://news.google.com/rss/articles/CBMipAFBVV95cUxPUUpJZG1ldWhGcV82NThBcFctVlJEZ3d0b1oyVTFhUVZ5bWI3UEhBbXhVNnJuNXJVTVhrbWYtLXNmT2lmNl9zaHhoNUc4cE1Yc2hiREdkQTBNZEZEb1kwd2RIeTlZRWhNeHVYQzY5bnZHVUtYT0ctalEwTlZYOXBjT21ralQ2OHozSy1RazJxS1pfLWgzLTJuNVh4dXRyaVhxQkFubg?oc=5,Nagaland Tribune,"Mon, 30 Sep 2024 07:00:00 GMT",2026-06-14T20:40:25.775999,blackmail,True,False,candidate,https://nagalandtribune.in/home-department-cautions-against-making-hoax-calls-bomb-threats-to-airport/
threatening message Nagaland,NSCN/GPRN (YA) 45th Republic Day: President Yung Aung’s message - Nagaland Tribune,https://news.google.com/rss/articles/CBMikAFBVV95cUxQMTBXUXVZbDFSMFhVdVRGV3l4OTVIeEV2Q2JFOThpXzRYdWRvbXBJb1UyUXhnTkxYOGRKdlVDUnN4NllQamJEcHUtOWc1MU5iVlFGcGJjZWFiNzZjbjdiM29CbXhWVlpkZmhqX0NqX2tVYndLTHNsTncyZ0ZiWEh3NTJ4bFhXTG5WNnBWV2g1ZlU?oc=5,Nagaland Tribune,"Fri, 21 Mar 2025 07:00:00 GMT",2026-06-14T20:40:25.776010,blackmail,True,False,candidate,https://nagalandtribune.in/nscn-gprn-ya-45th-republic-day-president-yung-aungs-message/
threatening message Nagaland,Naga Vamsi’s ‘Common Sense’ Tweet Goes Viral - Gulte,https://news.google.com/rss/articles/CBMihwFBVV95cUxPZlFsZFE0NXVxUndIMEl1Z2F2a1BUX0tmbkY4TVlZb1FWVDlqWVhpNjRfNjJ1d1kxY2NnSV9JQ19GNFJaX1NuUHpEaEVXN2J1RGNMQ1JvR05kRDVabnR2TzdMa0RQcVpOckRxeVg0U2s2UEhsRWJXYW9FNm1IOEEybTdVdjFOWFk?oc=5,Gulte,"Sat, 24 May 2025 07:00:00 GMT",2026-06-14T20:40:25.776096,blackmail,True,False,candidate,https://www.gulte.com/movienews/354987/naga-vamsis-common-sense-tweet-goes-viral
cyber stalking Nagaland,Mahila Jan Sunwai held in Kohima - Nagaland Tribune,https://news.google.com/rss/articles/CBMibEFVX3lxTFBNekliaE44Wlh0Q2RvNWFIclhWTWl0QmR3Rzhta0FoUkFNVjE5Q0FlQ0RHLVI4U1dCUGFJaV9TVG5jdGxkNTZzdzV0YU5UVG1uZ3NBS0pjemtCRVdFWGZ2NHptOEtDdTU0VV83LQ?oc=5,Nagaland Tribune,"Fri, 13 Mar 2026 07:00:00 GMT",2026-06-14T20:40:27.286980,cyber_stalking_bullying,True,False,candidate,https://nagalandtribune.in/mahila-jan-sunwai-held-in-kohima/
cyber stalking Nagaland,"‘Followed for nearly 1.5km’: AIIMS Gorakhpur woman doctor from Nagaland stalked, racially abused, harasse - The Times of India",https://news.google.com/rss/articles/CBMitwFBVV95cUxQV3ViRXhFUlFCdXcydjRXUWVXcGFyWlNJMG9ab2pGd3B2VGVGNi03aF9QZHpnTTRpVmZqbllHY19JWEdnUVIyRlE1eS15X3g0QTFZRHFzUXpzZWhBOGFPZ0VmUEpQVm95OXAzTENtUmRETjQ3REYxUGdmZ29TY01QMkRoVk0wblA2dzR1ajNXSnU0YUdkTnhXR01GWmNubGpOYWp0YzQ5WWNDcmdtMUlvRTBMNDBuUFXSAbwBQVVfeXFMTmdGMkJPWDU2VmlLX2tycWktcF8wSEp3ay1Pd3FBTldiM3ZLWS11bWdBSnpSaUh3VFE2U254Tms5a3QyZTZtWXY5T25JQzMtX3BuRWxqU0ZkMzd6N0YyOUtUWHRtcl9aOHZPcXZlYzI2YmdpTE1ieVlkblkzbnQ0YklkVnJHcG5meV9SN0FCa2QyNUNnd1Q2N01oaFVISG5ZcXpmd0Y4T0NPcHdneDRpOUJjSEVvVHRjMjBSc0s?oc=5,The Times of India,"Tue, 24 Feb 2026 08:00:00 GMT",2026-06-14T20:40:27.287046,cyber_stalking_bullying,True,False,candidate,https://timesofindia.indiatimes.com/city/varanasi/aiims-woman-doc-harassed-racially-abused/articleshow/128728080.cms
cyber stalking Nagaland,Nagaland: Police Ke Pathshala For Students To Combat Cybercrime And Social Media Vigilantism - The Logical Indian,https://news.google.com/rss/articles/CBMiaEFVX3lxTE95M21SdzZJSUtKVEk2THpSS1lwdkVkMXNvaTRhUHRHY1p4OGxyV29tNVpsbDduM0V6NGRzS1llMmVyR3RUN2hweTVLQmdQVHU5TzFfdWdRVkx4XzYxVE5fUzN4MWo0dXRt?oc=5,The Logical Indian,"Thu, 27 Sep 2018 07:00:00 GMT",2026-06-14T20:40:27.287120,cyber_stalking_bullying,True,False,candidate,https://thelogicalindian.com/sonia-singh-ips-pathshala-3/
online stalking Nagaland,"NSCW LAUNCHES ""16 DAYS OF ACTIVISM AGAINST GENDER- BASED VIOLENCE"" CAMPAIGN IN DIMAPUR - DIPR Nagaland",https://news.google.com/rss/articles/CBMisAFBVV95cUxQMkRCTi1ablpIaXEwNy03RjlzSWhhcFRHM0VaMldhNUVqTHJoRVJVblkwWkZraHBlVWg5MC14dnRxZUEtd0FZQ202ZlhUYnBXVmNrZWF2c253djRHLU5FNFdiVWRtS0ZicGRFWF9EWTB3SG9paU90dU9lR2sxdkcyTFlaU3N6U3Q4YzdMakFuZjJYWFlrX3JTRW5hNlRSb2I4bHFfUDhhXzZieFlZUWRITQ?oc=5,DIPR Nagaland,"Tue, 25 Nov 2025 08:00:00 GMT",2026-06-14T20:40:30.515091,cyber_stalking_bullying,True,False,candidate,https://ipr.nagaland.gov.in/NSCW-LAUNCHES-16-DAYS-OF-ACTIVISM-AGAINST-GENDER-BASED-VIOLENCE-CAMPAIGN-IN-DIMAPUR
online stalking Nagaland,Nagaland Woman Dies at Karnataka Resort: Diary Reveals Harassment Allegations - Asianet Newsable,https://news.google.com/rss/articles/CBMiwgFBVV95cUxQdDFCNmlNd1VGS09OWXhnMFNoUlJ6OVJtUHlKZEN0SWRsR0RGNUJxbDFFbnQ3ZElETGxpTnVnb1ZPZG5tTUFZWDhuQ096dGRvTlBsT2VyXzNzd19yQUk1WFB2LWE4X1FYYzUweXZ2Q0F1eENNaHVVMHBuVVBOVm83eklCR04yMmw4SzdHbGRvSDJnXzZscDk3LWluX0E1WTlPRmVwSEFGMGs0OURUN1pSYWJGZFpqUzBFN1FHWDF4NGFGd9IBxwFBVV95cUxOUVo0aHkzTWJmczhaeTJpemRqNnB6VmZwX1lPeGt6NW93QVNvMEUyX3A1cFVaa18zOUxKczBqSFhVcGJqMFhybHpTVjlQVU9zSHpqRnlQaHdhNTJHbHVhWFI4eUlpaGJQRGhVOGRES1NQaVQ4M18tT1pYVkhtcncwYUZQb3hnTU14MnZSYm5hZGxjU3dIMXdWaEEwTVF1NXhLUktlTFhEcWxXY3BzUnBRQldrTi1fOFlXSkMxeS1XUG44M3BxYzVn?oc=5,Asianet Newsable,"Wed, 25 Mar 2026 07:00:00 GMT",2026-06-14T20:40:30.515172,cyber_stalking_bullying,True,False,candidate,https://newsable.asianetnews.com/india/nagaland-womans-death-at-karnataka-resort-sparks-harassment-probe-articleshow-bonzfsb
cyber bullying Nagaland,The 'safest state' paradox: Nagaland's low crime data hides a crisis of gender-based violence - Eastern Mirror,https://news.google.com/rss/articles/CBMixgFBVV95cUxOd05fYzhPUzY0aUpmYkFLT2phUFNzSTJwcDd3clNzMTBkb3VsQ3lCMW5TMHNuUXpxWGV1d0pKMTRlc3huME5rcVRKenRwd1pDZ3Q2OE1VR2k4bVU4N0QzMWZDbG8wM0FHX2FYMkRCVzZwa1oxOFE3MVRoR0FybHEyd3Y4RjBkTTg1RjhsaVpyeXF2OU84bXBvOFlkdHljc1ltUHdNby01LUNlbmJUSzBGT1JselpHRzRMY01iZWk5ZzFQNk1ranc?oc=5,Eastern Mirror,"Sun, 30 Nov 2025 08:00:00 GMT",2026-06-14T20:40:32.358576,cyber_stalking_bullying,True,False,candidate,https://www.easternmirrornagaland.com/the-safest-state-paradox-nagalands-low-crime-data-hides-a-crisis-of-gender-based-violence
cyber bullying Nagaland,How did trolling become mainstream among Naga social media users? - EastMojo,https://news.google.com/rss/articles/CBMiqAFBVV95cUxNa3BpLXVncmNZdU1kTFA3RW4yZTVsbjBWbDdOclRfT09raWV6Qm0yRnUtXzlFLVJYcTd1cGYzLVd2Y3lXc2t5TExRZGxSUHNKaWE0cDZGblE4bVM5THRaZFcwMjZRLVpwU1J4X2E1ZGRKelpjaG0tMUF2elVJN1JJZ2FhUGF6S3ZYbDMzaVZ2TGpycUtkV2dndVJSVTNFcGpfOFdvMlBra0E?oc=5,EastMojo,"Thu, 14 Aug 2025 07:00:00 GMT",2026-06-14T20:40:32.358587,cyber_stalking_bullying,True,False,candidate,https://eastmojo.com/opinion/2025/08/14/how-did-trolling-become-mainstream-among-naga-social-media-users/
cyber bullying Nagaland,Trust deficit in medical services promotes violence against doctors - Nagaland Tribune,https://news.google.com/rss/articles/CBMimwFBVV95cUxPZGxad1hmelNhWVc2bGs5OUI3VllFVVhzM1ZzVmo4bV9vU3Z1ZWxMX0NqTEdDWEEzcmV1d3NPSVh0anNHVy1UdzRVbzB3Q3kwOXBPdmdybUVhZWlZNGtpYWU2NGl4anNrQ2JGYkE0MUxWc1hkTXFObWJ2QWdPMXc4MW1vMl9WOUVmNzhrejlvbUJ1NW9WUkN1d2tiMA?oc=5,Nagaland Tribune,"Thu, 19 Dec 2024 08:00:00 GMT",2026-06-14T20:40:32.358676,cyber_stalking_bullying,True,False,candidate,https://nagalandtribune.in/trust-deficit-in-medical-services-promotes-violence-against-doctors/
cyber bullying Nagaland,"Should a woman succeed in any public sphere, she is immediately labeled as morally lax or promiscuous, with society feeling entitled to slut-shame, judge, and ridicule her: Tetseo Sisters - Nagaland Tribune",https://news.google.com/rss/articles/CBMitAJBVV95cUxOczIxSFZYSllDTUNJeG80QkQ5dUJWUDFiSTJiZ0g1RzYzMEtpSFRVTVVLU0plcHpGMkI5MjhvanY0c0hIUzhYQlJhS0pCMW4zX0VxZkNMODF5bnpnZTl3Zkw1RnVnMHg0RmY3Z1FEZTI1SENJUXJDdDltSUZqenV3S1lmMGd4RzcyQ280dFE4Rk9OQnlUTEhNVThSdVRZVndQM0s3d1Y5Q2tLOW5BYU0xZFZNVVpuT0lCM0hEazBmempXYjN3U29YUk9ucUQ3N2FQd2VlaUpsRDU3ZjhmTkZSNUZGLWh4U3dOODJnb2R2Nkw1SWc4cjRoTE5UX2V0dHh3eEFPYjRyT1FqeG9RUVYtRmhfLVB6OU9odnpJZkREaHpmcHkxaXJUWmZyeTI1OFhhZkN3OQ?oc=5,Nagaland Tribune,"Fri, 20 Dec 2024 08:00:00 GMT",2026-06-14T20:40:32.358686,cyber_stalking_bullying,True,False,candidate,https://nagalandtribune.in/should-a-woman-succeed-in-any-public-sphere-she-is-immediately-labeled-as-morally-lax-or-promiscuous-with-society-feeling-entitled-to-slut-shame-judge-and-ridicule-her-tetseo-sisters/
cyber bullying Nagaland,"Nagaland Police caution users, group admins over unlawful online content - Eastern Mirror",https://news.google.com/rss/articles/CBMirgFBVV95cUxPRlhPUFhOcXhEYmY1cV84MTFhRktVQksyRnEwbWtNTVQyaUMzeWR3d1dkcEc1QXMxMGJlUTg2cG1uZEdYdmI4cHpuRVJRX1BodWU4NTdUNFdFRmk4RlFNQ29lcDZMZFY4XzJaZ3dZTWY5eHRGUDJBVzF6TlZVV2ZkXy1tcUdYc1VKSUlWV0loZXUtU0stMmpDRlNENWM2aFNibTdZRGF2ekk5ZG5FaGc?oc=5,Eastern Mirror,"Tue, 09 Jun 2026 14:14:16 GMT",2026-06-14T20:40:32.358801,cyber_stalking_bullying,True,False,candidate,https://www.easternmirrornagaland.com/nagaland-police-caution-users-group-admins-over-unlawful-online-content
online harassment Nagaland,Nagaland: HC allows IAS officer to amend plea in sexual hara - Eastern Mirror,https://news.google.com/rss/articles/CBMirAFBVV95cUxOdVpOeU9jdm41S1RHT3R6MTRRWUVkY01LLVQwRzNJUGJjVnpPckk0THRvd0hLN0E5VHBrWjdRZ2pJR1g3R1RuTkJ6aFc4YWY1aHk5bWJkLURmSXo2NDMxZDdvRFFVbzZ6X0h1X252Q3Y3Ykw5eXFIU0tFXzdTSUZfcWpHZmt4M0NPUGttZWxCRTk4eEhuMV9ScjFLSG1JUHZ5ZVlnTS1OelozcFk0?oc=5,Eastern Mirror,"Wed, 10 Sep 2025 07:00:00 GMT",2026-06-14T20:40:35.797055,cyber_stalking_bullying,True,False,candidate,https://www.easternmirrornagaland.com/nagaland-hc-allows-ias-officer-to-amend-plea-in-sexual-harassment-case
online harassment Nagaland,SENSITISATION PROGRAM ON POSH ACT 2013 AT PHEK - DIPR Nagaland,https://news.google.com/rss/articles/CBMif0FVX3lxTFA4RWM3eUxrRElkSjAwbzRmckZyOThnbDVRQV94U01CcWVNdVdoQ3dtRi1WSjRUOUZGUkdCUVpEZGNvdWw3eWpYODNoRGhFWjdwc2t0ckVzSzhiSnIxTVpRQy1FNWkyM3BiYk9HYXM4LUM3dnFaNzB1d20zVWkteHM?oc=5,DIPR Nagaland,"Mon, 12 May 2025 07:00:00 GMT",2026-06-14T20:40:35.797062,cyber_stalking_bullying,True,False,candidate,https://ipr.nagaland.gov.in/SENSITISATION-PROGRAM-ON-POSH-ACT-2013-AT-PHEK
online harassment Nagaland,"Nagaland steps up fight against gender violence, opens 1st Gender Resource Centre - Nagaland Tribune",https://news.google.com/rss/articles/CBMirAFBVV95cUxPVkhUWkdVN0libzNkMUlPTjlIWlQ2c1I3Wlg5QTlYS2hLSHZSU29mOEdRc19FRWdYOXJJelVGcTJwQW5EVTQxV0h2b01ONmNGU0pHYmlRMkJwM2p2andnSmFKdFdRc2Nqb0ZEdTRtSHV1M1l5UTVfbExZSjBzVGhtRnUzbDVqZ2VFMmtESWplQkJKaHZIQzloWjJzb3l2Z0ZXZkkxZVM5MFNlOVg5?oc=5,Nagaland Tribune,"Tue, 25 Nov 2025 08:00:00 GMT",2026-06-14T20:40:35.797076,cyber_stalking_bullying,True,False,candidate,https://nagalandtribune.in/nagaland-steps-up-fight-against-gender-violence-opens-1st-gender-resource-centre/
online harassment Nagaland,IAS officer in Nagaland suspended as probe into sexual harassment against him initiated - Greater Kashmir,https://news.google.com/rss/articles/CBMiywFBVV95cUxOQTZXampSaE1LYmY1bFd4VGNwd2ZjclNBQ0o3VWg3aFd1bUJLWWJRemRkRkZlZ2hKNlNDVWlTNW9CczVSMkZhbFhWUTJldVNHdzdTa1JaM1FPem80SThWeVJNSExjQ09kRG0zd1lPUDdTcjM2dzNyVmg4RjNQeEVTeldDaHVkX0M4eWpZdl9nbUJTSDJ4TjdYNEhpbTZOZ3pqWUh0V3BMZElybEdoR3YwR2F1d3F2TXBsRmlnc2pqTkVfSU5rdGliaGNpUdIBzwFBVV95cUxOUnN4SnZNU0FVU2l4aHh5RC1PY2QxM2RlMDBEbmFRNTJFalJIQVJybGJlRFA0Vmt0bUx5eWw0Q0xrSTRSU3pLTlhWVDVzeENLRmpEV184OEJDRnliUEpjLXZoSmVFWnE3U01ZOUFVSjRBZEh1QTY5OVZQWm9FU0dpMkl3Uk00RDFVZFZ2YjgzVlBJX2pSRkluV3dseHNvNk0wNmRvcV9CaC1QUDdZQVZYa0hWQTV2bjJYVXJtZExOdzI1cHFqQnZpTHFSUmxGZEU?oc=5,Greater Kashmir,"Thu, 22 May 2025 07:00:00 GMT",2026-06-14T20:40:35.797083,cyber_stalking_bullying,True,False,candidate,https://www.greaterkashmir.com/latest-news/ias-officer-in-nagaland-suspended-as-probe-into-sexual-harassment-against-him-initiated/
online harassment Nagaland,INTERNATIONAL DAY AGAINST DRUG ABUSE & ILLICIT TRAFFICKING OBSERVED - DIPR Nagaland,https://news.google.com/rss/articles/CBMimAFBVV95cUxOWmJPZzMxRTJfWlFKQXZ6RkVMWVk2NG1SNkM1Sm1kRlh2T1QxWWtGMVZieHkwMldyRkdUUGFXd2xYSkJJeFd0TWVXVUFndnZlZWtWczhYalpCS3dHQVBxX0c2aGxKdHk2aENRSXdwM3E5M2RxbkZmcTRsWGg4R3g4NW1MS3cyQnJITDAwbVB5dEVXZlJTdEI5Mw?oc=5,DIPR Nagaland,"Mon, 26 Jun 2023 07:00:00 GMT",2026-06-14T20:40:35.797094,cyber_stalking_bullying,True,False,candidate,https://ipr.nagaland.gov.in/international-day-against-drug-abuse-illicit-trafficking-observed
online harassment Nagaland,"NSF addresses key issues: Regularisation of 147 Asst. Professors, school bullying case, NU recruitment and Reny Wilfred case - Nagaland Tribune",https://news.google.com/rss/articles/CBMi4gFBVV95cUxQRDlBQ0t2Y1RaQ2ZsbklmRDBRSllPOF90MG9oakcyQmdXLVk3TXAyYjVEVVJRWHB4MlVqMkVVVzRmNlROUXBLMkFLWlZUX1dQZHYydTB6OUgtd2MyNnhrYXVxdXFUZzh3bE05QTBiZFVIa21xRVNCNFlQdzcwckFRdE9QOGhRcjdJTEZSWFFtc2R0LXdlM3JGRkxWVy1LdVJhd0pnUEo1NlF6TkxiZFNYT0xISWlDQXNDT2Noc0JkMmp0a1IyU1FFQjNWSS1HcEdLUkxGTzJTV0JDRnBURUJRUzFR?oc=5,Nagaland Tribune,"Fri, 18 Apr 2025 07:00:00 GMT",2026-06-14T20:40:35.797114,cyber_stalking_bullying,True,False,candidate,https://nagalandtribune.in/nsf-addresses-key-issues-regularisation-of-147-asst-professors-school-bullying-case-nu-recruitment-and-reny-wilfred-case/
online harassment Nagaland,Social Welfare Advisor inaugurates Nagaland's Gender Resource Centre | India News - Hindustan Times,https://news.google.com/rss/articles/CBMiywFBVV95cUxPT1pJb3lMdEZ4ekduVzlQbmRWUDVfLWZobHlsZW1KcFI4cEoxcm1qU2NxMEstbUF2eFFZa1h2OTYta1VCbnFjbmFLb3lmUXJNcUpqWkNRMWZ4Mk4zUVN6aDBZajEtSGxPTm1tMU5vZEZMa2hFbXVOc1VaXzJoX3JJZzFlZkk0NGg5Q0hXWXB2ZW1DSlNWeWZYRTdkT05oM2RhNWRISVhjdW5YMUFOTDlSOC1ZRWp1cVBqQnhBR0NGTUhJci1CSlBFSmd6MNIB0AFBVV95cUxNNWRvd2hNR1VhY0p6SnRBM3FnWE9NeDhTVUctYUNaYTZTTUFKdnRXdHQxZ1RpYTd1UU41VkdjYWY3Z0hTN1NSNXZvTDRIVjFRWE14ZGNnZXpxdU0yV2N2eFUwQkNfRmlBR0Y1Q1FEYmJSUXlWdE1abjhrQ3pQSVpBLTgzbnA2WGcxd2hETTA5cmc1YktMakFRVXY1YkxDbWRleTVKTGFaUkNpMUpPYm80VE1WSWFqQWh2clhZUzJSNFptVDBhd3g4dXpfaVBKRlE0?oc=5,Hindustan Times,"Tue, 25 Nov 2025 08:00:00 GMT",2026-06-14T20:40:35.797127,cyber_stalking_bullying,True,False,candidate,https://www.hindustantimes.com/india-news/social-welfare-advisor-inaugurates-nagaland-s-gender-resource-centre-101764071841784.html
online harassment Nagaland,State backs Frontier Nagaland Territorial Authority: Naga group - The Times of India,https://news.google.com/rss/articles/CBMi1AFBVV95cUxNVGp3NElJMGtaeDE2SDZKQWNleFVyaDFjU2JCaFU2Wlc1dUQ4bEdlMUZfM0JQWFQzMURjZ1JHUlF6czQxYmY3MS1NNFlVdW1tOTZZSjFaMGtsdmxNX1hzRkp6SUw2clh5eDgwMTZiOFF3STNmb3JBRFQ3ZDI4TEN0THJ0UHJuYkNUWHVudzFiUEZOUUZOQlJsNTBDcEkxYmVTV0xsRVJnR214akdTd2RyeUp3WFp5T1E3YXJMVnRRQ0tNUmtIX0hrWWRDTXhKZHJMQi11adIB2gFBVV95cUxOcGtweGZieDE5RWswN0piR3RHX0xEV3NUaS1YNHFVNEpJUHVzYk9taXJTLWNLenlnYl9qbDl4VHBjR2NpNkxDRHpueUFkX3NyNVVhRUdjS3hyTmxJaklCTzY1NGs0cmZ2ZGZBQll5TTBCc3R6amh1VXBKQ0QzTE9Nc1BtM3RIUnR6eXAyRlkzN0lqX1VyeHR4UnJQTDNueWltejlfeERUZWZobjFPQVVHYlg1X2JwWkswMlIwcmR1WDN2UVl4eHZVNTl3Nlk2cWdKRmhSQ1hMX1BJdw?oc=5,The Times of India,"Thu, 22 Jan 2026 08:00:00 GMT",2026-06-14T20:40:35.797159,cyber_stalking_bullying,True,False,candidate,https://timesofindia.indiatimes.com/city/guwahati/state-backs-frontier-nagaland-territorial-authority-naga-group/articleshow/127029693.cms
online harassment Nagaland,"Nagaland: Only magistrates, not police authorised to fine ILP violators - EastMojo",https://news.google.com/rss/articles/CBMisAFBVV95cUxNY1lRTmgyUy03ODJSS2Nxd09nTUVtMUhudkROTjNwZ05FeWxWYmRFa0x4dlZOTGktbTJfbGRFOGhzNUNXZlNvRmpDeWcwOWZfLUVvcFZkcHVNSDhyd1VpdW51OFVxTm0ySU9Vai1VMTdmYVVvUmNQWGpxM2gtTkhmYkVscG1RZHF3Y1JOSVl0ZnREbHV4Ym9SZXV3X05EVzJ6TW1Nb0lkejdDNVNUaEJYZQ?oc=5,EastMojo,"Mon, 02 Jun 2025 07:00:00 GMT",2026-06-14T20:40:35.797171,cyber_stalking_bullying,True,False,candidate,https://eastmojo.com/nagaland/2025/06/02/nagaland-only-magistrates-not-police-authorised-to-fine-ilp-violators/
online harassment Nagaland,Social media famous Nagaland minister Temjen Imna Along shares stories of his first visit to Delhi - The Times of India,https://news.google.com/rss/articles/CBMi_gFBVV95cUxPN2psd0RBR3RUYWZsbm5pTkZvQUNubklsZk43aTV5UlY5VzVCc0NVeFQ4YktQYjhRN1hUYnNPY2o0eFFDSjQ2aHFVRkthZFRpQmVNQ2gtTWlidTcyNk5pcVdobXJBd1FlRnBYeTFGaDJwZVRzVC1uOGNlZ3RldE5odF9aR3VZZVlsWXFBUDZCWnpMdTlOdnRfei1YQTUyMUx6SHpWa3ZBRFR0V0JndDZLU1dNM3BkQklMQjNuaTBRS3BJd1VYU09CSXoycVVBVE1iLVd4NXpid1FkVnJxMGxVLUI2WVZQdDU5YVl3d3lJYzVuSlFDYVZDV1REVWtDQdIBgwJBVV95cUxNbDRubGpMZng5MU52NERsdGVJU1QwVmgtT2ItcmhnT1BOeG1fazktbmVJUlRNX0ZNd0tJWWtKa3NnRklJdkc3cjhQU0tPWlhlNWYzQUdaaERrSFgyQ205WnpJNVBmZ2NneGxtN2JjcnZLWXZWUENMXzJZaXdyYVVIUk1tRWNzUzJVZFRtOWowb1cwR3U1MWdFR1Y1YlFEUkJfa3VnYXIzY3U4TGhHUkE1RU9yb29DMkpDSVpUam9Vd3o2QWRzeldqR2E2eVN1NEotVm9ad2ZVMFljY29xeUV2c3RxaUxUN19oNzBCM01wNXAtQTZmUGsxNl9ZN0lxUVZGZ2w0?oc=5,The Times of India,"Thu, 14 Jul 2022 07:00:00 GMT",2026-06-14T20:40:35.797209,cyber_stalking_bullying,True,False,candidate,https://timesofindia.indiatimes.com/videos/news/social-media-famous-nagaland-minister-temjen-imna-along-shares-stories-of-his-first-visit-to-delhi/videoshow/92864924.cms
online harassment Nagaland,Nagaland extends lockdown till June 18 while allowing additional relaxations - The Indian Express,https://news.google.com/rss/articles/CBMiqwFBVV95cUxPUmw2R1RacHQ4amJQbEdNUEZzVEFDSVVZSkJkUndEVDF6TE1wdTdMcXI1cjh2bWZGeW1FTXVmaVltbXJyVjkwS2hjeG9INUVwOHV5UmtjMHNueW16VDVtSEZhTUE1cHA0MWZlMXIxTUo5Z21VbUtKZVJCRkxtNHY4NUVLRHo1LVVTYjlQNFRWYjRUdkdYdm02dGkzS0tTNXJXWGxEQ0xYTFYzU0XSAbIBQVVfeXFMTVNRWTQxbHIySDFLSzVmQUU1MjdhOVp0RzdEeTZHa2hlR21UWFZtWk9JVWlWdjNqcmVndWxoZHltNlNKV2owTHpwdmMzM0pJdHlwMzIxSHhqdkRFM0ZUYVVHanFMLUZzWERuZ0xab2I5cE1vNkU3OENBNkxGNVp4S2YyVWhKMFR5UDFmRTROUDlZNnotU2JPVERQUnUwU3FRLWJwYkpHOEo1NklTZm1EZ2h5UQ?oc=5,The Indian Express,"Wed, 09 Jun 2021 07:00:00 GMT",2026-06-14T20:40:35.797218,cyber_stalking_bullying,True,False,candidate,https://indianexpress.com/article/north-east-india/nagaland/nagaland-extends-lockdown-till-june-18-7351485/
online harassment Nagaland,Nagaland launches first Gender Resource Centre to combat violence against women - Northeast News - Northeast India news 24×7 -,https://news.google.com/rss/articles/CBMiswFBVV95cUxQYXY0bVl2RUlCcUEzekdMZTR5bF9rTzBQVVpaUmxpa0padW5HLVpsbjFNaTdqTzdaVjN2eFJ3TklTbVVMQ05PaEZxSHp6OFQybW50NFVWSzJaOXdGc2RBcUdNblV3bXNYLTNpd292VkZUVk5pTThNaTdRMkRmZDdPZGdJZTVtVVdZXy14Wl8taFpvWlNzSV8zelQzaHRDaGkzQ2pjUmJfWnF1Wm1XTl9WblJMSQ?oc=5,Northeast News - Northeast India news 24×7 -,"Tue, 25 Nov 2025 08:00:00 GMT",2026-06-14T20:40:35.797241,cyber_stalking_bullying,True,False,candidate,https://nenews.in/nagaland/nagaland-launches-first-gender-resource-centre-to-combat-violence-against-women/36710/
online harassment Nagaland,"Nagaland Dear Lottery Sambad Result Today 1 PM Live: Dear Victory Friday Lottery Result of March 27, 2026 - LatestLY",https://news.google.com/rss/articles/CBMirgJBVV95cUxOMzFVT00zUHBVUmREN3pRSU0wbGpmSGl4em5QQnVsV3ptcXlhVTZvU2NONlY4SmhoQ3B6ZHRXSnF1OVNSUXBsWlZBV2tIRF9adGFMRWw1YTFJNzAyY2xXMW9lZ2Z2emRaaDB6ZWlTTVRlUi12VF9SOXpuaWZYZEx6SWJqTWVZc2hLM0lKS0F2eXhjM1Rqa2pSQ2FBMG9BYnV6QkVKaHkzeTlxeEZaXzNDREdGSFd6MkdvN095NXpEV1dUNGJsODZKWVBMOExfZXRRNGRBZWd4d3kwazFQQUcwZExNSGFUbDUzVERHWk1oX1FIM1Y5RjFHdUNtMlpGbFNNZXdqbEJqaDJ0YUJreHRtbDQ0czhENlFMRG9STDdJNUktdDZQNGNGV0pYS0xaUdIBswJBVV95cUxPbFg5a2FqWE9lQ0xfRE9kUlhFaTNYeTctal9wbFVpdmctYlU0cjBmZ1J2UExxM3NYRm1zZkc5cTZ1VnRGaUZpWGxGajNBNzJ5OVdVandtVkxnYXRUSTlsbHhkZElna2JrSjBiT3BFY2NGamRfTzRhZzZ6MmdjbHphb3llNGpuTDlpU2VfWlRPNGtXMW1udHBEOTVvbDBGWlpBU3lkUS13eEN1dDZ1bERHSWxidjRjZUswTjh3VGxWZmZtQ0tiajk4c3hDcmR2V1dodkV4S0l6V1pnWG9Ld1Rsa2g2Nms4a0lPd3poejNUNUJuRXU3aFpXSmhpeUJ1UnJiMFBSZzZlaTdvZlpHSnQzeGVBcTJ5QlRIVC1KWkFjUjlwZ2RNYnJFZ1ZCYk9WQThEc3N3?oc=5,LatestLY,"Fri, 27 Mar 2026 07:00:00 GMT",2026-06-14T20:40:35.797260,cyber_stalking_bullying,True,False,candidate,https://www.latestly.com/india/information/nagaland-dear-lottery-sambad-result-today-1-pm-live-dear-victory-friday-lottery-result-of-march-27-2026-declared-online-watch-lucky-draw-winners-list-7369345.html
online harassment Nagaland,"Nagaland Dear Lottery Sambad Result Today 1 PM Live: Dear Victory Friday Lottery Result of May 8, 2026 - LatestLY",https://news.google.com/rss/articles/CBMiqgJBVV95cUxNbnJCeVRlU1QzR2lnZVQ4OUJhX1pTZDlNcVdBMUNtamRSaUZlRjB4M2NIT2VBUXNrLWVqREN2MmplMzJ0OEVEU0piOTRNRHZxVnNhM05KWWVSRVZpSE1HRzhDQVZFQ0E3d0h3SENqWlNtbHQtdEU1S3pmUUQyM0RNaVdrOG5iZkFIX0drRWdscG9JNGUxNnRnVUtLbGNiaTZXbko2cXY0aFJYRnRteTVkU0o5ZWVmWGJYblBuRmJSZWR5cVVad081NXB6Q3JkSXNqSTNUa0NDUmIzQ1JncEc2N2RxS2x5QnlRblBFN2lUSHRVOTFBOTFoQ2EzQzJQd2JlLWJ5My1NajE4ckxaaS1nTS10WjdESlQ3Xy1IclMzVmJmd25OSXQ3bW5n0gGvAkFVX3lxTE04Y0RpLVNvYVY2QkNlVW52N3ZJdi1OR3BhRnpoU3VEZWlKeHhESjBCNzdwUW16X2VGYU1COEljLUNxVEVsUElSeXV4V2MyX0lpV2hqNmhUQTZyRHZLTVBZVkQzRlVNakdLVkZfS19VbzgtT0hvRHBFY3V1QzB2SlRSTFBNb084ZWF1OHpJMnRpenYwVVVkbkRvV1diZVJ1WHlyX3BCeHRwWlVVZi1aTmZNdGFQaWRXTDZvZVZsXzFNYXFYV2lvU1lpb1hyUnRkOFZGRWZCS0NYcWVjeFZuUWpwdUZLMFc0c1NZRGxlN2hPY3lvV0tXcmwxOVprSVBFOUNYb3JRd0ZIVmJPZzJHWkVsczBpNWhXMlpGLThhWkt4cEJpb2hYVzRTVmtaUVctMA?oc=5,LatestLY,"Fri, 08 May 2026 07:00:00 GMT",2026-06-14T20:40:35.797266,cyber_stalking_bullying,True,False,candidate,https://www.latestly.com/india/information/nagaland-dear-lottery-sambad-result-today-1-pm-live-dear-victory-friday-lottery-result-of-may-8-2026-declared-online-watch-lucky-draw-winners-list-7421286.html
online harassment Nagaland,"Nagaland State Lottery Sambad Result Today 8 PM Live: Dear Magic Sunday Lottery Result of March 29, 2026 - LatestLY",https://news.google.com/rss/articles/CBMirAJBVV95cUxOZ29Id1hBYVc3cEhyMGNhbC1FS2UxNnppMEotY0UzLS01OGxXSUFrck5mbHFReF9yZ1BJZmpYYXBsbWpKM19TMGR0alVDMF9GeERjSzFRVzZ4bk9YMUlXZE9NXzlYTTZEa0lnTndlcTl5enp0QXJTb3BXQjAzcURzZXM5ZEl4M1dhRTBjX2paWWVxSi1OaVYwYzQwQlNFcS1mRW5tYnlCUmNGbWVXOGYwLU1kWEc1OVhyUUJOV09TUHdjQlk5bWJOdWdqaU1MSWdueERPcmI5dnpPWVJkb3NQaDluVkhrTktfSDhGZ1gyd1Y0Ukt0MjhWRnFfbXVfYjJ4bEQteFd4SWpLeFdtNWhOZVhGVkhiYS0xbkxCSWJBNHoyR1BFY0gtSEotWULSAbICQVVfeXFMTWRtTWt1amhZWTNiOWZNYWc0RHp4Vmx4NmprYmYxeHlXdFFENV9HVW1MWjJSa2dmNGFVRlJBcmNZcGJqMk5nTi1IeW0xQ2VORUdmblJ3ZnEyRmhtNFM5UVZ4elRPbV9QYWc4VUJhZ0pBRU9pc1RxUjRXZFR0U0xud0xwRmhWOHJNMzF1WEVOMHpRVGR0VzFidzNPUzhjZnJVWEhFLS1GUWRNQl9yNklNdW5WQ1EwT1hHdGM0V0tmNjh2UXVkSkNvSTlqTzdLXzNZYTZUM0dDQ05BeGlwY1h4elNYM2szek9iWTJrdUhkY0w2SGtSNUFLcm1tVFUwMDlCdFVoZGFKdzUwakpaZHU0Q0w0ZEtmaWhLWXZtcnBqMmthN0Nab3g5eUhJV3M4NVdjOTBR?oc=5,LatestLY,"Sun, 29 Mar 2026 07:00:00 GMT",2026-06-14T20:40:35.797272,cyber_stalking_bullying,True,False,candidate,https://www.latestly.com/india/information/nagaland-state-lottery-sambad-result-today-8-pm-live-dear-magic-sunday-lottery-result-of-march-29-2026-declared-online-watch-lucky-draw-winners-list-7372008.html
online harassment Nagaland,"Nagaland State Lottery Sambad Result Today 8 PM Live: Dear Dream Wednesday Lottery Result of April 8, 2026 - LatestLY",https://news.google.com/rss/articles/CBMirwJBVV95cUxNcnltT25DbTZxcFo3TzVucGJBbGpqWU9YYmdoMXRvbmxQTHhMbE1LRm04QkEwbnV5Q2RnWHVKcUc4MlBsbEhNU3R0Y2tIaEh6d2w0NEsyTFRWQU9DNWtiVG03U1ZqUDJac0ctY1BMbWFRWWVoaVBmYTk3SUQ2OVhqeGNqSXl0MGhYUFdVV0Y1bVM4RTgxbGFaZmo3bElyanozbUJrTUhhTllsUU9qbnFCLW9KanRicHJ6YTdpVEVnTGhmZnB1NmNfNTN0el9RZXRSbUlfanZES0czZ1V0UG50eDhRTWQyeTNVWVBOQmNDcjhrRUFSempFRTBTQm9RanRvVzBQY2xLSEU5NWZLeTdoTm1yXzZGVWxPVUltcUpxbjBYWW1Qd0E2Zzd5RC1KUE3SAbQCQVVfeXFMT2k4ZkdIVVZnR2dlRXRQVXdXMld3UzJYeXJQZlBfYVR3bGtFRXo2bFFhWWR4QThTWkdHVV9EbDhWSHVHam1NTW5uOHdwSjltcmROTlQzbGlxcnJxTkNxSWlSRDFINW42bHpzd3FERzE5ekhyaHlPMHktWTlNbkdsdTZ3dE55RVhsTlRjalJxRFNHaWxRN05WS0pCVXBTNXFpdU9xc2F4ajlMN1Q1d2RoQ0tWYlFTeU40Z2xPZnV0SVdwR3lDYVlTZ3psVE9CMEZVb0Z1S3lMMHpKRzZHbUtIYTkxQkVXQTdTclFyNk5RY0wxaEdrVGZtNEJiSHZzY3ZuNk8yUHl3YzdVS2JRNVFlaFRUU2tYZHFxYjN3Yl9fQkdvY3NuNEpFdjJGQUxFMzBWellIaV8?oc=5,LatestLY,"Wed, 08 Apr 2026 07:00:00 GMT",2026-06-14T20:40:35.797278,cyber_stalking_bullying,True,False,candidate,https://www.latestly.com/india/information/nagaland-state-lottery-sambad-result-today-8-pm-live-dear-dream-wednesday-lottery-result-of-april-8-2026-declared-online-watch-lucky-draw-winners-list-7385153.html
online harassment Nagaland,Nagaland State Lottery Sambad Result Today 8 PM Live: Dear Fame Thursday Lottery Result of January 29 2026 - LatestLY,https://news.google.com/rss/articles/CBMisAJBVV95cUxOXzBSOFhWQUZORXNwaFNoUzR5SW5HeE9xRTN3b2JTSWhSRHg5UVkwWGxHVXluWjB1dWYxeGs0M3JWSUVhUlFuOHBhc1NCWHJnd3lQYmxOS0lkZ2cwemR4VWdOTVZuM3kzRGU5RE9qczV3b2ZaZ3J2U0g1S2FfMXQwQ205YmpWek55QkF5aUtWc2JhWVZnT3pXYVNPMVBjRjRBeHI1T2NseEZrTXdiMDBQSXZHSWNNVm01OXhIS2lIVnJjZTJmVFowcUlRT0pCQVk1RHhDbDNnYWdVb0NCcGJxYUtWbzZHYXdxOFFsUkQxQThyQkRSY3daanlZWFYzU0lzUEJVR1dub1YwcWZBRUlDSjhDc2pMSGJuU1BmRDR0MnZEeV9JVnZmSnNmdDVPa1NJ0gG2AkFVX3lxTE5ZNUNFOElzcVJPWklFZEsxYl8xTHhOVHdybVFHeXF5cEtRaWNfeGhfaWw2NGRYUlFwajBsMktOMHNVd2h4Q0hpM00xSTZCS0RxN19fZlpCblVhcVNDaEQtMVhDdmRuY3JmZDBuY1o0NURwa3pMUHNfVXg3MXJjUVRCa3NUblFiOFRST0lBM0ZBM056Ui1YRzltRGNZdHd6LXBzak5CcEJ5Yk1iMHVqWUczSlZpejB4VGJBbjBsWUYxdmg1Mk0tUi1MZmx4Vi1SeV9JR0M3ZEx1Zzg1VGZINVpucUd2eFBtTldBd3o5cFVsTHRCQ0JLNDN6Z3JlWUg4WkFSbFN2S1hWRTBPREt3aGxCeV8wSEVxbDk4NEVNeXpLR2k3TzBFUVlUVlc2eGVmR3ZpWVhiMlE?oc=5,LatestLY,"Thu, 29 Jan 2026 08:00:00 GMT",2026-06-14T20:40:35.797284,cyber_stalking_bullying,True,False,candidate,https://www.latestly.com/india/information/nagaland-state-lottery-sambad-result-today-8-pm-live-dear-fame-thursday-lottery-result-of-january-29-2026-declared-online-watch-lucky-draw-winners-list-7293738.html
online harassment Nagaland,Nagaland State Lottery Sambad Result Today 8 PM Live: Dear Destiny Tuesday Lottery Result of February 17 - LatestLY,https://news.google.com/rss/articles/CBMitAJBVV95cUxNUEltMEFXLXBmTFZOSkhqZ2VjeUdtZUIxR0JLZTJfNTZiMnFjcmtBNkQ3UHdJZXI0VWJSYlFuUG1XTmFmVGlGdU5EVTVYMHFYSThjZUEtT2FBZmg1dlJiQjlBQjVHcFlkdEJHWWFYV3VNckdvWVFzSFRfZ21SejMxaDlvYzZmUWNiQzVMWVp2eDd1QVJHOGxKVEo2dEJkQzU0ck5qeFVSZktTblZIbmdveHowdU8tMXRRNFcwUWh3TTJtSmZQWGs5TnJkSGNrNEdzci1TMDRiMlIzRlViQnJTR19rT0tjYWU4MllOZHFFUkRPcnhKNEhvUjl6THBkSVZiZlNfU3owSmVZc3EyWDVWQnFfdUtnUGVRV0N3Sko1ZmlFNzJpRms1UXBwbklXa1hCdzl1RdIBugJBVV95cUxQNDZqcGxOUDJQb3EyYm93WEtpaFlwbmE2Zm15cTk4MnBZMjAwWWZCU0JyZDdJSUYtSmk0MDNIRElMR1dmWHBsQVJqczVUQ2xFRjdWdzEwT3hjYm5EcWJ1MVlreDZPOFQyUkctVTNldTV0czVYUHdTTk9JZUlzNl9BRzg4S3JQQk1nemhlNjVyMmpoX1RvNW0tTHIwQmpYYkhXREhWMGdIbklfYXN1eEU0VFNEVS1lZzhkdmktWGhxYjRFaGN4TzJ6RFVjWWdnb253c1hLWmRDdnlqeFd1TURVbnppSHVPYTNYNFlyRmdQRVdONWlNVkpLRURhYzZTRjktY0Z4RDVKYlkycHpVWVQ5cTVuTXBaWlMxWVctYUdndktRemNDdUFmMEVYS3MyNTUxS09EVENkSVl2QQ?oc=5,LatestLY,"Tue, 17 Feb 2026 08:00:00 GMT",2026-06-14T20:40:35.797291,cyber_stalking_bullying,True,False,candidate,https://www.latestly.com/india/information/nagaland-state-lottery-sambad-result-today-8-pm-live-dear-destiny-tuesday-lottery-result-of-february-17-2026-declared-online-watch-lucky-draw-winners-list-7318191.html
trolling Nagaland,"Dealing with pendency of cases, promotingmediation will be my priorities as CJI: Justice Kant - Nagaland Post",https://news.google.com/rss/articles/CBMiuAFBVV95cUxQUndIbXdicnE1Ym9nR1BBM1VYTW9WS2Q5XzF5SkxmTjR5Q1MxeHNLQzJpTUVYRFRSdEd4R3pKdEcySjBNQ3VCclZRQmhSR0hwTW9fR0FuNjByWG1qc2VxWTRwUTl3UjctWEUySWhfQnh3Wi1qNXU5bU85WXJmYXBTWjZQd3dOUDJtMElsQ3BmMXBTcGMwYmwzWWkyVEJsOUZTQ2oyaHhVNUxSbERlM0NaZndoelFXQ1ot?oc=5,Nagaland Post,"Sun, 23 Nov 2025 08:00:00 GMT",2026-06-14T20:40:37.352009,cyber_stalking_bullying,True,False,candidate,https://nagalandpost.com/dealing-with-pendency-of-cases-promotingmediation-will-be-my-priorities-as-cji-justice-kant/
trolling Nagaland,Flipkart trolled after it tells customer in Nagaland that it doesn't deliver outside India - India Today,https://news.google.com/rss/articles/CBMi7gFBVV95cUxNY1lGcDRxV1NIQTRseUxZZWV4Y0E4X3dtd2VtdTVOX0x4Ym44LWdYendBUE5xUjdVOVk1NElINms5YlE3LWYyN0UyUnlOSjI2cXVRWkxnb0RJX3BMdG52a2ZUTko4LVFCOXl2SnJ2eVZ1VjhKYmtTcnBtaXBmVzYyNThrRk1mWHliWC1RSDg3TkJVX2E0LTQ1VENwLXNIR3VLbDhoRG1RWnlzSFRKVXpXb0Q2T01odnBWZlhvVFNQVndlT2xRZFRnSV9CelpWNnhZR25zV2FfSnR6MUVxdmF4LWxIOUZaNU9Pc0R3ZlNn0gHzAUFVX3lxTE5pNnV6eDhuSjlWSjFwSS1KNVdkSzhkSEZGbFZSRFEyRG9nZ1ROT1hDN2t5aG4xS092SVFMaWFFTlN6cU91dHBjaUNvdzdHQVE3cXBBa1BaQWdPNkI3NVFWTEJ6d21OSkt0SUZMZ3k5OTFMREowVnNaNXc4VFVaYlY1Q09tN241Qy1iZzdTQmlQbE9wSVJlNkhaREYxWDFNQmR6ejkzRFJ1SXZGVDQ5ZHlqS1pTRlZoa3lmbV9QbVpoN0FKdW13MmFKYU5kSGtacndIS1hoaG9CRXhZTXd3R3NIb3pjSnBGSjhVWDQzOE9VbUNRQQ?oc=5,India Today,"Fri, 09 Oct 2020 07:00:00 GMT",2026-06-14T20:40:37.352028,cyber_stalking_bullying,True,False,candidate,https://www.indiatoday.in/technology/news/story/flipkart-trolled-after-it-tells-customer-in-nagaland-that-it-doesn-t-deliver-outside-india-1730104-2020-10-09
trolling Nagaland,Nagaland: Cheap replicas sold on e-commerce sites as authentic Naga attires irk concerned citizens - India Today NE,https://news.google.com/rss/articles/CBMi5wFBVV95cUxOUHB6c19oSFNnVWZlU3ROU2pkczdQZnhsYmNWMV81U0pBWXNoSWdkLW4wcGRXVWdxeFJ6YWlUSy1oQkhmU0lqY1kzd0E0TTZXZEVhMW9uSC1lZENhRHRZRC0xVlJ0Q1JRcEF2TnRzZzZHQ25EY2NfMGpIdW1LR05yQVZIY3dCRjdYNURvNHlFZjZhRWhZdm9EMzVCZzVmRVZ4QU9fV3F2aWhPeFA2bUh6VWRXSmthTnRpM2o1TElwX1lWRS1OdENRWEd2anBFN3JsU2pIbjlWaGxsSkRwNUd1TGRKZ3BSWWfSAewBQVVfeXFMTWYxcm5Hb1pSRzhld1ROQ21tWlQwamtCbzB3dGdHRzVQbmIwbjA5WXVWLUF3UVFDbldaWkFDdHhRTnJLMlc4bkRPOWhEeHlyS2xvN2k2SjV0TjNtbXVhMkRyZDZjVzRlUTBPSWFCbnYya0lkR0FRdnh0MHJ5SmlDYW1PTVRyOHUyRFd1aTZBdVdmSUl2c1VHc09OU21QTjFiSF9YVVpRdTRiRHJRVDZSa3ZiVHY2QUF3c0xmQV93ZzR6QmlydTNkbDdTcjFLdmh2b0UwZnQta2tJcnhNLTJudlJrZU9fSWFQWTc1Wlg?oc=5,India Today NE,"Fri, 10 Jul 2020 07:00:00 GMT",2026-06-14T20:40:37.352047,cyber_stalking_bullying,True,False,candidate,https://www.indiatodayne.in/nagaland/story/nagaland-cheap-replicas-sold-e-commerce-sites-authentic-naga-attires-irk-concerned-citizens-404704-2020-07-10
trolling Nagaland,Nagaland CM Neiphiu Rio condemns killing of six Naga men after bodies recovered in Manipur - lokmattimes.com,https://news.google.com/rss/articles/CBMixwFBVV95cUxPQUR3Wl92Tm5uVUhyR3hiU2h0bDZjNGdPdVhxS185MEx4Tzh5a2RZNWd1ZF9xQlNkZkdaZjVvc29VZmpZM2pKX1JmS081eDJPc0RpTEYxNGktVUh6d1NBQ1YtTjVhZWhrTDlGZ3d3X2RJVW1pWDBLRC1ENFhJZXprUHpIbmV3SmhEcjNpLWh6UFFZQ29Jby1QaUZLVXc5RGhUcEZuZkw1RVZhaGZXeEJDbERjUnVJbDFJc0R3NGJsYVpkU212TXBN0gHMAUFVX3lxTE9yalVIb050ZjhqNWZQMFBCVFlJNFNXTkpacjZPeGlrUkpwcTUwQVA4Y3dQelVhRzByc1lqNmhiUXNyZmVEaktXdEdiM05GUEFFUXBRUTVCYUdHVGVaZ0xNTFIxUkYtdjNPNDhDblFhaFJMaE1SaF9ZUXFBSy1WVTJZQnRRa1B5RmxiU2xsWEVuNG9iVUpZNGR5X1ZhRFlReTJoZjU5R1pyRGY0ZVl5bGV4ZHl5NUtIN2FZYW53aXpuc0VzTl93THJSX0hkVQ?oc=5,lokmattimes.com,"Wed, 10 Jun 2026 21:18:01 GMT",2026-06-14T20:40:37.352057,cyber_stalking_bullying,True,False,candidate,https://www.lokmattimes.com/politics/nagaland-cm-neiphiu-rio-condemns-killing-of-six-naga-men-after-bodies-recovered-in-manipur/
hate message Nagaland,A LYNCHING IN DIMAPUR - Open Magazine,https://news.google.com/rss/articles/CBMickFVX3lxTE1uZ0pFNHhaUmZFMWlyblQ2V0N6RGg1NUZYeE5rLTVVYk9jYlpMT193X29NZTd0THcxYXF2cFV4MkdQZmY1bTI4TFMzQnBOWDllV2FiQTZBOEpGcVpkX3RWMTZTaUczMVBSdnJtWDBtRmRoQQ?oc=5,Open Magazine,"Wed, 18 Mar 2015 07:00:00 GMT",2026-06-14T20:40:39.298002,cyber_stalking_bullying,True,False,candidate,https://openthemagazine.com/features/india/a-lynching-in-dimapur
hate message Nagaland,"Samvidhan Samman Yatra 2018, Reaches Nagaland - The Sentinel - of this Land, for its People",https://news.google.com/rss/articles/CBMirwFBVV95cUxNeGlPamJxZUFpZlRrNHRrYzBjdENfMTVVUUtjRTU1RE9qNG56QVZOZEJlNWZpMWlBd1pzR0w1TmNBcG4tUGNyTnc0cTRZdTlYWFhra3I5N2ptMDRRU2s2M0htSEhQZXdQbUNaRlRudEk2bFUzT0wyRGRUM29Xdjd5c3BkMVJhMEhJOEtINFdtUUJ5RXRSQjFMamZ0Si0yRVVCU2xwZGVMMWNsVGIta0hv0gG8AUFVX3lxTE5EdmtPdHdSVkpZNGxnRC1qSmxPTlFSbjNWVENxNU5QLVlOY1M2VjdqdllPVlFVaUdldFlyU2ZkZTdFQlgwRXVxdlpiT3RsejVhMmt4MzNxX1V1ai1vampoUVlOQ3BMYzh3bFpza0NmaWkzbkRtMUctbU9HM0xSTmJlRUVwNEcwUmxCOUduUl8xemlBWGhPTTJkZWVjS0tSQ3g4NVBpRmJNcTR6YzFDMjROVndGdlEtZzhiYkFw?oc=5,"The Sentinel - of this Land, for its People","Wed, 21 Nov 2018 08:00:00 GMT",2026-06-14T20:40:39.298145,cyber_stalking_bullying,True,False,candidate,https://www.sentinelassam.com/north-east-india-news/nagaland-news/samvidhan-samman-yatra-2018-reaches-nagaland
online abuse Nagaland,CM LAUNCHES ONLINE ILP MODULE - DIPR Nagaland,https://news.google.com/rss/articles/CBMiaEFVX3lxTE1faG03YUxDdHdfclZxWTJRSFdub0F1dDhpRUMxV0tSTlVYVkxOaURFX19YdHNUanU1Y2lZc01pQzZuQ3lUXzJTTnpxdkNMS2tELUFWLXB0dDEyamlQWVV2UTRtdTlXQ3F5?oc=5,DIPR Nagaland,"Thu, 16 Dec 2021 08:00:00 GMT",2026-06-14T20:40:41.401756,cyber_stalking_bullying,True,False,candidate,https://ipr.nagaland.gov.in/cm-launches-online-ilp-module
online abuse Nagaland,Online Slogan writing competition announced - Nagaland Tribune,https://news.google.com/rss/articles/CBMie0FVX3lxTE1rOEd4aC16NVJpbEtpUnNGQ1B2SlV3bElnREZBaXEwVXlManlXeFNsazdwakJHaHpfNWx4eF9GREZwZkxzaEpmOEhnYXQwemcwWWZWejUyQjYwLXU0MTZTWnZwRWdoS1V3YnRzM1ZISEpZR0RwUE5zZEZhaw?oc=5,Nagaland Tribune,"Fri, 10 Oct 2025 07:00:00 GMT",2026-06-14T20:40:41.401827,cyber_stalking_bullying,True,False,candidate,https://nagalandtribune.in/online-slogan-writing-competition-announced/
online abuse Nagaland,DSE directs schools to set up PRAHARI Clubs to tackle drugs and substance abuse - Nagaland Tribune,https://news.google.com/rss/articles/CBMiqwFBVV95cUxPWWEyT3ktUWFtTHV3UllBQmNlYzUzVWhjODBRWEc3S2F6Q1JYeUtyTEhLdW5hLXRNV3F1R09VOVlMbjl3ZzAzUW5UOGVzb3pCRlVyM2lLQkV0bWJLblIwbHRVNEN3eTRGZjg2WWdiR3oxWTBRTVkzZnpmN1YtYmtSUXkwUnBYR1VjWGtPSUZLSVJSem9YVHctUVFNdUFqMEJEMGE1aGg4UzRHUUU?oc=5,Nagaland Tribune,"Thu, 23 Jan 2025 08:00:00 GMT",2026-06-14T20:40:41.401840,cyber_stalking_bullying,True,False,candidate,https://nagalandtribune.in/dse-directs-schools-to-set-up-prahari-clubs-to-tackle-drugs-and-substance-abuse/
online abuse Nagaland,"Nagaland DGP announces recruitment of 1,176 Constables; Online applications from October 6 - Nagaland Tribune",https://news.google.com/rss/articles/CBMitwFBVV95cUxQWjJyLVNMaU5WdV9lRzNQYTFGLXVUMkRTS0ZZSl9FdDBBRi16NzZOT09tQnlTWmlLWUJqLXRFQ3hZYjVzZ2JOOGlHTWl2LXhuVDQ5VENhaTA2cGVtOEZrRkdJTTNXTnZob0FkSldkNjR1UzlwV25oa29GcndPd0d1R2ZHZ0hiSWphZmFvSmhxWnNSQ3FIeUxnaEo4RWluUks5eWFQOTJnLUNUd2JBbi1rNElOZVY5aW8?oc=5,Nagaland Tribune,"Tue, 30 Sep 2025 07:00:00 GMT",2026-06-14T20:40:41.401895,cyber_stalking_bullying,True,False,candidate,https://nagalandtribune.in/nagaland-dgp-announces-recruitment-of-1176-constables-online-applications-from-october-6/
online abuse Nagaland,Nagaland: Bullying of minor girl in Chümoukedima sparks outrage - EastMojo,https://news.google.com/rss/articles/CBMipwFBVV95cUxNcVZFQ1ZiLXlna0lpN1dQUW8yeFI1eUtHZHN1V0ZUSGZvZmJLS3duMGRWNkcwbW82Y0pOR2t4Y2JUU1pHdmc5VmEtMGo5b0o5ZDRvM2FYa21LNEg5RmhTVXN6ZTR6Uk95M0c3eXpHbjNzaDBRZllqWjBGVTZjTmZzbFdqOHVGelM2Ykc4cEJxSy1KNDJzVmNVUUNXN0JUVWNCNmZNc3F3UQ?oc=5,EastMojo,"Mon, 02 Jun 2025 07:00:00 GMT",2026-06-14T20:40:41.401958,cyber_stalking_bullying,True,False,candidate,https://eastmojo.com/nagaland/2025/06/02/nagaland-bullying-of-minor-girl-in-chumoukedima-sparks-outrage/
online abuse Nagaland,Nasha Mukt Bharat Abhiyaan; Youth empowered to say no to drugs - Nagaland Post,https://news.google.com/rss/articles/CBMikAFBVV95cUxPUUJYUjV4RmhDSi1BZXNfbGQ5NkNuQ2ZFRFdGNjlUcnROODlMR0h3bWhOc2E0UE4zRUJEdVVxLTFELVFzeWl1c21LdWl1SEx6UG45VnNPQ2ViYzNGSTItTld5NVBzQ1ZPNXlGU0pLRWt1cDRJcFNLc2ZkN1FRUUF2d09QaW1vNjJRT3VaVXltbDA?oc=5,Nagaland Post,"Thu, 14 Aug 2025 07:00:00 GMT",2026-06-14T20:40:41.401988,cyber_stalking_bullying,True,False,candidate,https://nagalandpost.com/nasha-mukt-bharat-abhiyaan-youth-empowered-to-say-no-to-drugs/
online hate crime Nagaland,Police increase patrols in wake of several antisemitic arson attacks in London - Nagaland Post,https://news.google.com/rss/articles/CBMipwFBVV95cUxOS1BBNlB4dkJhNllqZTBkN19ROVVubE5XblRHeERhczZ3VC1SMEtXV3VMTmpucWpyQ3lpS2NNbEFMTzV5OXZBbE5JbDVOZ3prWWttVDNrQ0toQzhSbnhyUEtyc29oT0VCa29SNmREVUl3VDN1Mk1kU0NLMHVmeFVMZWhOVGdBNk1zYW1hbkh4Ri1DVVJEc1k2bEx4UE5oUi1yNFhhZGZWOA?oc=5,Nagaland Post,"Mon, 20 Apr 2026 07:00:00 GMT",2026-06-14T20:40:43.193453,cyber_stalking_bullying,True,False,candidate,https://nagalandpost.com/police-increase-patrols-in-wake-of-several-antisemitic-arson-attacks-in-london/
online hate crime Nagaland,Hate Crime: Two Nagaland Youths Attacked in Gurgaon - The New Indian Express,https://news.google.com/rss/articles/CBMiswFBVV95cUxOWHNxejU5eE9oRzF1UDFpeV9xcVU3cFk1NEFTOEpaYUZXa2J1MF8xV2kzdklMNGtSOXVNdUU5bC1xMGNBNEFyOWtVMlMyREJuX0hRN0JlZldvQUYwdkFKa1NYV181Vjk1N2dvZ0dtMGkxX0JFdExiaTE0RXV2WHB0aFFBR3JwbWJBWTQydVNwQ0g4VmJzbFVIeURVMzVTdmVNNFNlU0VVdjJRSlpKWHFOOEhMZ9IBwAFBVV95cUxQeEJrdFhxdHBjSmhXUmt0aHJNOWVYbkZVTnJsbnhaalVOOFNSZkU3ZWtHbVc5ZWo4Y2xvaVNXdWZKRXR0X1FkZEk0OFdiMEJiSzlnalVRX0VuLVN4a3BNUmQteVFFVFhHZ2lzZWR2YVdjOGJuaDdZQVlyLXc0WjZpNWthQlZST1lnN1VlM3BDUHNmRGZmSHFuRG9pUXFOUDJGRW12V0dnay1PQXNyQ0tORDJuUjlnRkpaMmVEajZBVFk?oc=5,The New Indian Express,"Fri, 17 Oct 2014 07:00:00 GMT",2026-06-14T20:40:43.193494,cyber_stalking_bullying,True,False,candidate,https://www.newindianexpress.com/india/2014/Oct/17/hate-crime-two-nagaland-youths-attacked-in-gurgaon-672674.html
online hate crime Nagaland,"Despite Its Flaws, Nagaland’s Legislation On Online Games Of Skill Excites The Gaming Industry - Swarajyamag",https://news.google.com/rss/articles/CBMivwFBVV95cUxQanpqZDhVTkNWc0VXV0VEUEVRbEhqdEptS3FWSGJqRDdYQzgwTDlDZWcycTFPdkhXdElfVGMwX0VEUmlLZlRoNlI1dVhIMkJyUHR5QnQ4clQ4c0ZRWENfdlNPNjVfWVdVdDd6bDJzX2VSNGg0SVlpS1VIWmN2b0FRckNpb3VWNzdqMUs0RVZyejFrcVJObl82d2J2VEJtNUlZOTZCalJ6ZEdfOGVyT2NSUjBIcHM4Tmp1V2UxMjVfTdIBzwFBVV95cUxPOTU1d3JTaU4zZHlRZkdtbGVxRXYwUHdTNG9qWlRQVGVILVpZVnVvdGlmdVhqVlJMaGI0dm9iQlU3LUczWkFvQWJ5NExERl9PV1g2M1pVcV9pcGVFZTZDeFR0SDU2RWJOaVdVbHlpVTRLN2VMYk5lLTBoS3N3b01LUnlHWkxEMjEyMkRLN1pocmlqYXhMUVBQZ0hwdnVfdklRRFFRczZ1S1U3Zi1RVDJvTEREZ0xXYVk2bXRzRktZTFk4WTktLXhFal83WmhQa1E?oc=5,Swarajyamag,"Fri, 25 Mar 2016 07:00:00 GMT",2026-06-14T20:40:43.193509,cyber_stalking_bullying,True,False,candidate,https://swarajyamag.com/books/despite-its-flaws-nagalands-legislation-on-online-games-of-skill-excites-the-gaming-industry
online threat Nagaland,SAFER INTERNET DAY OBSERVED IN KOHIMA - DIPR Nagaland,https://news.google.com/rss/articles/CBMic0FVX3lxTFBWSmJJM3k5Um9RM2RjeU9LSXlndXRrdmEyQ1JBaVhLLUZJdjJfcUltWWxaSVZEZmxpTnRGbVdZc1JKRDNQZU1IZl9ubWFRSGM3N3E3eVJpU0FwakZlZ2E1NnNyRXVVNkdZaVJtZXBsajVZMHM?oc=5,DIPR Nagaland,"Tue, 11 Feb 2025 08:00:00 GMT",2026-06-14T20:40:45.285864,cyber_stalking_bullying,True,False,candidate,https://ipr.nagaland.gov.in/SAFER-INTERNET-DAY-OBSERVED-IN-KOHIMA
online threat Nagaland,"Assam CM launches online arms licence portal, assures political neutrality - Nagaland Tribune",https://news.google.com/rss/articles/CBMiowFBVV95cUxQUmEzdFlxZ0R5VXdtbm9rd2lTb2gyVzdwR0V5NGt1djFiSjRVRG1oVGdFS1BGM0g4QzNyaTExa1h6WFV5ZW1YZVpIaXpEbVdaUHFVcWlLRTVMaFpjNEcxejNVd0NEOFJuZ0ExMGlLYnBjeEJ2clE4REtmdkRuZlVxdm12Wi1CMXliN0hfNW5EbWIwa1RTaTRwbVpYSVpLSWk0R2Rr?oc=5,Nagaland Tribune,"Thu, 14 Aug 2025 07:00:00 GMT",2026-06-14T20:40:45.285922,cyber_stalking_bullying,True,False,candidate,https://nagalandtribune.in/assam-cm-launches-online-arms-licence-portal-assures-political-neutrality/
online threat Nagaland,Can Nagaland truly be at peace without a FREE PRESS? - MorungExpress,https://news.google.com/rss/articles/CBMigwFBVV95cUxPOWU0NGhod0ZndHlMMW5hYkR6WmZ3Yl9xUDdlVWxWMDJFN21HNzJ4SnNoM1I3MENTMGRxbU1SWHBMdnY4WE45UnhsdTJmUHdzTUFkelhGNzhhUk1CakZYWDdfdE1TTnY3TnhsNTR5bF9OMVhhRXF1YTJzMjZPMzZOTHJGcw?oc=5,MorungExpress,"Sat, 02 May 2026 18:15:51 GMT",2026-06-14T20:40:45.285933,cyber_stalking_bullying,True,False,candidate,https://morungexpress.com/can-nagaland-truly-be-at-peace-without-a-free-press
online threat Nagaland,To stagnate is to perish : NU Pro-Vice Chancellor Prof. G.T. Thong addresses the changing nature of Press on National Press Day - Nagaland Tribune,https://news.google.com/rss/articles/CBMi5gFBVV95cUxObjlwd2ZEbUlwdmRPVkdQMm1adXp3Wm1GMkEyX2FHQV9WOElJSGh0TDlzOUhrSGI4a1ZCdkFNaHMtNmRmWTBjMzduRkxIc3RHS1lOYjRielU1cXB4cjlZaEVCX1dGYnFhRTRYbkozQjFzM1h1RkhFSHB1ZHg5Y1dGSVE0N1B4dFBhSFpLSnBZY1pzcENoZ25HRVcyN2l0dk9McjJWNU1CUTZrVmE2Wml6ZmxhbVdob20xeHhwQ1NOUVhrM2hIczRlLXE1b1JmWDk4c0dYU1VTSGRDLWJfdnhReDQ5azVpdw?oc=5,Nagaland Tribune,"Sat, 16 Nov 2024 08:00:00 GMT",2026-06-14T20:40:45.285944,cyber_stalking_bullying,True,False,candidate,https://nagalandtribune.in/to-stagnate-is-to-perish-nu-pro-vice-chancellor-prof-g-t-thong-addresses-the-changing-nature-of-press-on-national-press-day/
online threat Nagaland,Naga bodies condemn killings; call for total shutdown - Meghalaya Monitor,https://news.google.com/rss/articles/CBMiigFBVV95cUxNbUFDWll4MlVueTBibnlXcUhzVy1sWlp2ZDlPVU16YVlZNGNULUNXUS1FS3YzM3czMFVYOHFKbnNoUDV1TzVCN1hBLWRwVnpzRjcySFVLNDBsOG9MRkNIdk5WWlhLcFFkemZucVNiNmJYN0I3aTZES0FyekFCdXBneFpxaG5RdGZPd1E?oc=5,Meghalaya Monitor,"Mon, 20 Apr 2026 07:00:00 GMT",2026-06-14T20:40:45.285966,cyber_stalking_bullying,True,False,candidate,https://news.google.com/rss/articles/CBMiigFBVV95cUxNbUFDWll4MlVueTBibnlXcUhzVy1sWlp2ZDlPVU16YVlZNGNULUNXUS1FS3YzM3czMFVYOHFKbnNoUDV1TzVCN1hBLWRwVnpzRjcySFVLNDBsOG9MRkNIdk5WWlhLcFFkemZucVNiNmJYN0I3aTZES0FyekFCdXBneFpxaG5RdGZPd1E?oc=5&hl=en-IN&gl=IN&ceid=IN:en
online threat Nagaland,"Nagaland Board HSLC, HSSLC result 2025 date and time announced - The Times of India",https://news.google.com/rss/articles/CBMi1AFBVV95cUxPM1VWWS1wUzI1ZXhjd2NOY0pDYUl3NDFZWWpLOW1pSF85OFZSN1ZfTXdTdnZVNXA4V3hSa05LdjBINDlTbG1YZ3BIVWFFV2JtakZSN3RnSnBpWjZmVlpsMW5NQ3RLMllJYWlFZGphaFR5RFlPblhYZDRER1FoWlI3bTgtLUFXY1Q0M09TcHk3V3VDRWp2Y0RaLWRoSll0Q1ZPbXlEM1AyZ3VBdWc5dVB2a3JoVy1lNUlQQjNfYmlfMzVYMmgxN0hLUTlFTExJakp3bksyeNIB2gFBVV95cUxOX3VsdGlSSXNOcGN5SkE4ZzBwT3k2ckp3SnFZdUdIZFlnYndZUlduaG4tZVVrMFRrdDQ1dC11bHVaRWhHeXN0UTFmVkoyTmNZYUl6OUl4a0pMUUhWOTdiM2VTWFlrSUVlZVBYb0dIT1RKbHgwWE1YcE1IWlNPZ3FhNzlYR3Z5dHVyUzROTGpPb0d1WVZGY05KQkV2bm9LUG5CVWNQNlFITWxLOHJ5dGFILVR4ekNfbkk3RVFyQXV2VVJybmVHbzJNZDg2WjNPTnNHTFNiSjY0cmJodw?oc=5,The Times of India,"Tue, 22 Apr 2025 07:00:00 GMT",2026-06-14T20:40:45.285977,cyber_stalking_bullying,True,False,candidate,https://timesofindia.indiatimes.com/education/news/nagaland-board-hslc-hsslc-result-2025-date-and-time-announced/articleshow/120518478.cms
online threat Nagaland,Registration opens for Indian Army recruitment in Nagaland and Manipur - MorungExpress,https://news.google.com/rss/articles/CBMiogFBVV95cUxQRkdmaVdLUnhNLThoMm4zT3NlY2xRRnhOQlFaRjJzUG1hMzJXWW5wUk1XQ0cwMlNHVkk2TW5WcE03TVBGUjg1X1ZiRnFGaHFxZGY3b1N0M25YZzF3ZHV2azdpS2dieDA0VjVfZzF4VXJIMWhMVDVfMDZGVEFMNEZVcUhBenlpSmJjRXRQY1gtWHdSa2EtTUlEUFhtbXUwM3lGTEE?oc=5,MorungExpress,"Thu, 27 Mar 2025 07:00:00 GMT",2026-06-14T20:40:45.285999,cyber_stalking_bullying,True,False,candidate,https://www.morungexpress.com/registration-opens-for-indian-army-recruitment-in-nagaland-and-manipur
online threat Nagaland,"CRIMHRC, Trinity School Kohima sign MoU - Eastern Mirror",https://news.google.com/rss/articles/CBMiggFBVV95cUxNZVBBSVd1X0xPY0hBUGM4b0NnWGlmS1VReFZFelA2NVZGWEYxU0N6RjdVY2FDQWZRV1VaSzhJYlhHUnRxRVVHcVM1NkRhcEVMa3hlQzlfMGg5T29sX3dNRm9Fb1MwUmJRTlhTTUFjQUY3LVdmMkJ5cW4wM1B5YmFSa2xn?oc=5,Eastern Mirror,"Sat, 21 Jun 2025 07:00:00 GMT",2026-06-14T20:40:45.286010,cyber_stalking_bullying,True,False,candidate,https://www.easternmirrornagaland.com/crimhrc-trinity-school-kohima-sign-mou
online threat Nagaland,"No competition with Karnataka's Nandini; to sell milk, curd online only in Bengaluru: Amul chief Jayen Mehta - Nagaland Tribune",https://news.google.com/rss/articles/CBMizAFBVV95cUxNV1RlZzQ1VGxiTDJzRkpodlhHdW5WVVEwNFN4ZnJCTElPMC16bFJtX1FIUnIxMi1qdFBRdWpqcE9TQ3pWYnFOU1ptMHNKRFBDY2F4bE1yeFVLMlNqSEZKemdwR050aTRpRUp1VEhydEVDVTUyVzJjQ3ZuOVE0d3hxV0NjbURaRFlyOHpoSUFDZVlTWVZ1YXp0d25HQ25EZk5wTkZ6bUZjSmw5ZmU3eXZ0dkI1czRRTnNFMWtnYnF4UVlKTzd6WjRiZVRCNWM?oc=5,Nagaland Tribune,"Tue, 11 Apr 2023 07:00:00 GMT",2026-06-14T20:40:45.286021,cyber_stalking_bullying,True,False,candidate,https://nagalandtribune.in/no-competition-with-karnatakas-nandini-to-sell-milk-curd-online-only-in-bengaluru-amul-chief-jayen-mehta/
online threat Nagaland,Nagaland Super League announces online tickets and categories for inaugural season - MorungExpress,https://news.google.com/rss/articles/CBMirAFBVV95cUxOZzhLZWk4ckxtakNOTTdwd2tDeHlHUmRqMXVkaktiNlU5bHJ0N0R0TW9MQkR0QUl3NFNxbXZEUjhBaER5YzFPYUpBSTQtSHhFVl9mT044clBVaWx4a0xPdTFYODlwSEhiRzlsUGRKNld2OVNNSXhQSTFjWHNCTDJCTVBfV1paMUpqS2paWi1FejdDLXlTRHlwSXEyRE1kTGlpR1NjX01qbkUxcVk2?oc=5,MorungExpress,"Wed, 22 Jan 2025 17:27:32 GMT",2026-06-14T20:40:45.286053,cyber_stalking_bullying,True,False,candidate,https://morungexpress.com/nagaland-super-league-announces-online-tickets-and-categories-for-inaugural-season
online threat Nagaland,"LIVE | Nagaland State Lottery Result Today 12.06.2026, Sambad Dear Victory 1 PM Thursday Bumper Lottery Result OUT: Check Complete List Online | ₹1 Crore Ticket No 93A 73156 - NewsX",https://news.google.com/rss/articles/CBMirAJBVV95cUxNQWt3RWc2LUVKb3F5Xzg5RngwTGxNMVltNi1YSzAwUmQwamJCdUJZbVh4SmQxbkhpQ2pPMjZhUk1mUFhJTEtFNW5CMVdwamxEMndTZmVwYmFlc3VSNVlsR196NkJoRmxmN0R3VloyYjc4QTMyLXFkbmJiNno3LXRLVmdyajFnbXN6WWVBUzdHX1RMWjNVUlZlSlg0MUNoUWwydlVLZHRhUDg0UFpXRWs0OTRWQk9sX2w2NzJzdDduWVE2U1AtMWlmMGJBSHNaajM0elF6Z2EwbjRfdDJEM2wxR0VtOFpJYnZHbGdJcU1vX1ltWEdteEk3SXl0aEcxb3pRX0tFYmxGZXZKQ2d1MDFoa0d6Nmhnd0ZVRVJmTy0xblFJTUEyNHZXU3MwdWnSAawCQVVfeXFMTUFrd0VnNi1FSm9xeV84OUZ4MExsTTFZbTYtWEswMFJkMGpiQnVCWW1YeEpkMW5IaUNqTzI2YVJNZlBYSUxLRTVuQjFXcGpsRDJ3U2ZlcGJhZXN1UjVZbEdfejZCaEZsZjdEd1ZaMmI3OEEzMi1xZG5iYjZ6Ny10S1ZncmoxZ21zelllQVM3R19UTFozVVJWZUpYNDFDaFFsMnZVS2R0YVA4NFBaV0VrNDk0VkJPbF9sNjcyc3Q3bllRNlNQLTFpZjBiQUhzWmozNHpRemdhMG40X3QyRDNsMUdFbThaSWJ2R2xnSXFNb19ZbVhHbXhJN0l5dGhHMW96UV9LRWJsRmV2SkNndTAxaGtHejZoZ3dGVUVSZk8tMW5RSU1BMjR2V1NzMHVp?oc=5,NewsX,"Fri, 12 Jun 2026 07:53:15 GMT",2026-06-14T20:40:45.286325,cyber_stalking_bullying,True,False,candidate,https://www.newsx.com/india/live-nagaland-state-lottery-result-today-12062026-sambad-dear-victory-1-pm-thursday-bumper-lottery-result-out-check-complete-list-online-1-crore-ticket-no-93a-73156-233419/amp/
online threat Nagaland,"Nagaland Dear Lottery Sambad Result Today 1 PM Live: Dear Spark Wednesday Lottery Result of June 10, 2026 - LatestLY",https://news.google.com/rss/articles/CBMirgJBVV95cUxOUVFsNEE3VWszWUJGMmxrUXVYdkZodzNhOVFUODJNcm9na3dpN1BZWEhpaVBmYl95ME1yc3lEZ05LNzNjTW9JbkdsRXotNE1UZndVQjlHQkh5bzF2Rm9kZVJZek9qMF9pNGRVcFNDWGFkdUlOblBYcjI4MUlVbDZTNkZEdUh1UUxqVEhpVm1aZWtaUG5BRHhEc0NQR3VQVkFWWmhpY2xfSEd2RmRlVjYtUnFfeG9GSWpwdF8wRmVWbjBGLXNBT3daN0hkcWRuVDBlaUhlem5VTHY3b0pWN25FVUpHdEpxSTc0WnZnSkdBbml0cV81aHdqM1JmTnJNVXVfMXRjUTZLM25ibE82czRINVVaQjVVY3VxUFJEUDdoSXVZV3JBdS0yb2RjQjlMZ9IBswJBVV95cUxNdjM0WFlKZFlyOWF0OXFMeFFjYzhzaEdvZ0FNblk5Snk2N1R5ZE5LZWVFa0tiQ1BzUXkwNUtVN3piRm9NNS1sR0JPV3JJcUFDRVlOVUE4TGtUXzc0LVBnQi0tOG5VSnFCa3FYLVY4NTRlUG42cGFKZmRLU0l3T1BGTmstNVJuTHFPNEtQVF9odmZoQXZCd2J3N19qUHo1UmJ4U0xBNXFqUmc3TFQ4SmFjM19jWm0tVzZHYzJSUkxJcFhHZC1sWkZaeWlPOUVTU2RtMnhabFJxTTRidm9TbU00VHVOd1huYk14QUlsdTJkV0s1Nks3TzBQcVF4NDdia0JUY2tTOU1ORUdWS1Z0VnFpVkhabVF5bEVsVXVJWEZQdmIxcTFSQ3F0UVZ4ZVBPenV2RHdR?oc=5,LatestLY,"Wed, 10 Jun 2026 06:40:41 GMT",2026-06-14T20:40:45.286364,cyber_stalking_bullying,True,False,candidate,https://www.latestly.com/india/information/nagaland-dear-lottery-sambad-result-today-1-pm-live-dear-spark-wednesday-lottery-result-of-june-10-2026-declared-online-check-lucky-draw-winners-list-7467045.html
online threat Nagaland,"Nagaland Dear Lottery Sambad Result Today 1 PM Live: Dear Wish Sunday Lottery Result of May 31, 2026 - LatestLY",https://news.google.com/rss/articles/CBMipwJBVV95cUxOM0hYLWZnNy1neExnaHEwdUwxaU0wNEI0NldXaV9tcjZBTE9ocEtDd3RPN3J5dG5hOXZnaTN5aGlSTnpvSEdJNjlleVBXYm5jUXREMUJBeHo1MWVhX2FJWGFLZFVLbHY1NVhSb1NYWkFUTEU1RTc0VDBnX2hSSnJfVmRob1lWTUFWZFVvRFkyM2p0Zzl1bkQ1bmJwQkphS1BZZjlsOWRPei1MVm1YOTJXSWhTSmg2YzVfQlF5SzZZVkFCQnRzNzhxbXZrNEtqY3JtTUFFa1dfNHBRcVdDdmEzTmwwZGc4RVJCYU5pZHRqWGFVa1FkNUpBcjNYOUwtM0ZPRGxGb2d2MGhvOW05ZkR6M1RjeTBBejcxRHI2dElnYkUxQUdYREVR0gGsAkFVX3lxTFBvX0VCYXh3Z1puVXVFSVdEdVp5aGdLb2RuUnRDdERPanE2YTNmNVp2Mmw2bVpqSFFFMzljQjdyc2d6SVdkWm8yTVpUYlR1Wk9oamFzcnRJQ0x0bkhVSWFYN1pDeEpJd05FYW1vN3FzeTZJdU1qZzEyQk1FMUdsbDZobUI4amtJWVIxaC1Xd095eWdEV1RqU1F2N1pqbVhIb2k0T1ZDZ2w3dWRfS0VNZzlxYzIzNGhmdmlEOEpqVTFUT21kMlpkbl9IRG0taVJ0OGVvUUthOWVUdjZ4ZjBJNHFOeDlVRWFsN3R5WjZOdV9uZ1FjeGhITk9WZXZwYUhENXdBM1lsa0VGUE95S0xYZDlpeVFmNkJZLW5BX0w0TFRNb0lKd1VaNG1fS1cyag?oc=5,LatestLY,"Sun, 31 May 2026 07:00:00 GMT",2026-06-14T20:40:45.286374,cyber_stalking_bullying,True,False,candidate,https://www.latestly.com/india/information/nagaland-dear-lottery-sambad-result-today-1-pm-live-dear-wish-sunday-lottery-result-of-may-31-2026-declared-online-watch-lucky-draw-winners-list-7452954.html
online threat Nagaland,"Viral Video: Nagaland girl sings Bhojpuri song 'Lollipop' flawlessly, wins hearts online - DNA India",https://news.google.com/rss/articles/CBMiygFBVV95cUxQdFJOMzhfbFQzUzhrNEZvcDVvQnBPbFduSWczX0JIRlNzT01tYkNMdXMwZ2xBbVN1ck13TlBFUko1YTFSU1BJNWZwd3BOMlpVbTF3RDZ3eEZjdHRpOFpmcG5MRHRZTm95UDNVU0FPUlZxOFFtLTVqQUJ2Z0ZGUjBYRmhqX2NHclBEMFFVYmx1WE1udW9naWF2NzZWcnVneDJDM2dfbG9MOS1Sc1U3ekJEZVpMa1lJNmg4Vk14eVZEbmg5Q19PdUpYRFJR0gHPAUFVX3lxTE44MjR1UFZPMzlhYUFCclEtQzNGLUpkNWNUWjYyQTF6bEtVSExkWlprVURPbzZDbFVCNlI1RXNEZ1M0RkRIOUVfaFNGWGljQUk1d203b0pUY0dFVk1aTzhyX0pHQVFzclZOUFZMOV9PcWw3U21Nd1lsX2lXUFhEYXctcXIzSkMyQUFWVnNNbTVleUFmb0x1SUY0UUdiM2lJd01kWldOeFZodmR6ZlFhbXdSc1B4RDRvanB6cEFfMHhPYVprWExNeXFuNHJTZGszYw?oc=5,DNA India,"Sun, 02 Mar 2025 08:00:00 GMT",2026-06-14T20:40:45.286396,cyber_stalking_bullying,True,False,candidate,https://www.dnaindia.com/viral/report-viral-video-nagaland-girl-sings-bhojpuri-song-lollipop-flawlessly-wins-hearts-online-3136268
online threat Nagaland,"Nagaland Lottery Sambad Result Today, Feb 4, 2025: 1 PM winning numbers for 'DEAR GODAVARI' OUT - Check online - ET Now",https://news.google.com/rss/articles/CBMi4gFBVV95cUxNTmh4VGZzeGxqYXp0LTJhYk10ZXBtRWxhYjQtc2R4TXRYNFJDM3JQc0pGeTZzVHhHWWExNWg3SGd3c1FObkM3TTQyWFc3UDFEUFBfR3RYd3JRLVNSM0tXTjhfSGFCWUhYNDdLYVlYZldPNHE2UHpmQ1ZDV2dHTlNMUTdpbWRURTR4RTVyVWRrYnVlYmRFdkdxeldHd0lVbDZYcnFELWZHT1QyQWNFanBYQi1nVnBrMllWblN4MTNwVjI0MGJkUHpCeTJBWlhIbkxzRU14NThEQUxaR2h6LXdRNnhn0gHnAUFVX3lxTE5pOFM4SWV6amphX3FENjBpX1JLNmxzc0lENXhIVENHaFJXSVNFcHhsWkRaaUJ0V2swdTRicnNIaG01OW5Cb2c4QXEybUFnRm9rUnZKc2VzQko4d25CRm1Gejgzd1R0WXBCQms0dzJzRURKN2tQTnVKdERrTTBENlU1bFhONldRejA0MG1ZQlF3S1dyMFJjdkxVOGxPRzlFTkVKTjJSbmJ1bzNacnlkS2tqRU90MnhfNDZwQmFOeTQtMzY1RUZIeVVZRmJQeXhCTm5qM2JJVG9RZlhiaUZQb25VZWZGZzBwUQ?oc=5,ET Now,"Wed, 05 Feb 2025 08:00:00 GMT",2026-06-14T20:40:45.286406,cyber_stalking_bullying,True,False,candidate,https://www.etnownews.com/news/nagaland-lottery-sambad-result-today-feb-4-2025-1-pm-winning-numbers-for-dear-godavari-check-online-article-117907438
online threat Nagaland,"Nagaland Dear Lottery Sambad Result Today 1 PM Live: Dear Rise Monday Lottery Result of April 27, 2026 - LatestLY",https://news.google.com/rss/articles/CBMiqgJBVV95cUxOcGlpNUdIM3k2aGloN21KN1ZSSnVFTnRINGtIMG9TTXpKaVZWVms5bGxsVjhhd2NVenFqS3pVc1UybTVvcDI0emwteWRQTzBLR2N0SUJzQUljYmZSeDlDQjVyc1dwaHZ6UHRfNEpKSHFCY3MzTEtyN0tPNGtVOVdKVXVSWU8zT2Z6ZDVGRDJQdl9MNlkxUE9KdjBHUG1jT04xT24yNnFOR0JOWTlsS1BvWmNWLWQxcjNXcXlyUkNvMjc5b1B4djM1SDRNZlFLbnVXQzRiVWEzTGtEajZkejZkWDctVkJPcDZmQUpWdENxMTFrS29KeU1nWG9OclJheW1jTDJyejV4LUFDdF91WmlHbDFoN0xjRHUyZFhHbHVmVk9SbTdrMW9tbDBn0gGvAkFVX3lxTFBManlZSE1BTTJaQjdra0p1Z2JVQ1JTTGVSU215WEFhXzlycFZWMnFkY0w4YTZSTkRiQ015dnFOQ21SczBvNXhaRWZUdjhiSDVraDlnNWFvQURCNnVPQTNJODFGRk9SajRIV0JWNWEweUpRQmhnWTF5dnNzQUhPcnVsa3E4UW54S1JVTlBxVGtMWndDd1JIQVpXZ1Q0bW1uMXJHTEdJQ3lJTnhnLVV6bGE0VlNXVm1YbVB4VXh5bWlmWl9tZURpeU51NEtHbjFCbEJuREg3NWtFb2V4c2tjNDB0Q3E2N0NTamRoWGxqY3hCUFZGWDhlSC1qazgzdDVUa2puZFFyV1BKblZwdWhheVN2OExrdWxhbWh1T0hFb0tnUDJtQnBIalB2UnhzQzRCRQ?oc=5,LatestLY,"Mon, 27 Apr 2026 07:00:00 GMT",2026-06-14T20:40:45.286420,cyber_stalking_bullying,True,False,candidate,https://www.latestly.com/india/information/nagaland-dear-lottery-sambad-result-today-1-pm-live-dear-rise-monday-lottery-result-of-april-27-2026-declared-online-watch-lucky-draw-winners-list-7408870.html
online threat Nagaland,"Nagaland State Lottery Sambad Result Today 8 PM Live: Dear Clover Monday Lottery Result of April 13, 2026 - LatestLY",https://news.google.com/rss/articles/CBMirgJBVV95cUxNdzMzdVJyNXFaSGlsUmZSVGVubDdHcEVzSmFuV083TXVZZUlSYjdHRG95eWdkdWdYSDVRX0xnZmREa0NJLVVDcFIxeHc2M1FXWWs1TFZQR0FJNGE5a2ZmSUxTWFI0TUVVS2JlbjdKVGFIWjhJQ19hWjRfcS05dlVXblp5QmVVNFN4R1JpNUZLZXhzbGRnZ2RDRi1uVkU0b2x4Um9qWXpKeE5BbXg5ekE1QWpKWEg3cS1VNVNVU2hlYkZVbFRseGthV0EwQkFlVU5Lam90NDFlTjI4dlVnZXRCU1pjVmpsQ2VKRHFZNG16QmZzWXVPTkp2Ql9fcWNxV2tmTkJsOXhMd2tfZXRMVkVhUC1rajRpY0IyRDYtOWdyc1ZCT08zRGpXajQ3MWoxUdIBswJBVV95cUxNTklqLUhsb2xXOVdXd3cxeEthUEV2TWI3b2hpVkpBc1JhTkNsbk9VbHdhZkhXNHNfUXBvUEtTcGZMLS1UcDk3X2MxTmtiYldPY19GdjBuQk10YW5rTkFmVTZxa3RtX09kXzRNRm5rM1JZU2Nhb2hDTzBFQy1iTTRqdTNLR3ZGeGgwbjhPbkR4bkpKR0FFUWRna0FCcEo4VE45UFhCRGVWLTVwQkhNSFBwczZ3LUwwTFVPaEpkWGZHVGl3a3RMdmJvSUZxNjM3YjRNR0RGVkRhVzFnTGxySHlHZ05XNnk2R2R0LXBObVNwWW80WWJSZk9WR0xhNXZ5R3JzN0tXZ0NDYmVySEdHS1dnRDMyaU94Z3pkZGl1YUxYZEczMDJXd2cxUkJLUjhDWlBiV2hJ?oc=5,LatestLY,"Mon, 13 Apr 2026 07:00:00 GMT",2026-06-14T20:40:45.286431,cyber_stalking_bullying,True,False,candidate,https://www.latestly.com/india/information/nagaland-state-lottery-sambad-result-today-8-pm-live-dear-clover-monday-lottery-result-of-april-13-2026-declared-online-watch-lucky-draw-winners-list-7391972.html
online threat Nagaland,Nagaland State Lottery Sambad Result Today 8 PM Live: Dear Destiny Tuesday Lottery Result of February 3 - LatestLY,https://news.google.com/rss/articles/CBMiswJBVV95cUxQTWZhY2VFZldOWDlXWXUxUlJEN1JlN0FXZ05vNEtEQTd2ZzU5STV4WUpOaUNjWE02a29YM0xuZDhHaVZBZGdYVDNyMFFXREJvb2hNb2lTVmZWX0Z2cW5XcHpsTnVFV2Z4YmJWMGlybDA1WEhOMnFvam9FR3cxNWdtQ0VJc1FQaUE3SkE3eXdZT0VFOG9HeGVNRnIwblhYcG0xaWNqRkduQ05oUjFyREZuTW84eW9jX0xGdnlvUVBqN1lxZnFQUGpOTzdaWXFXbHhVbzk3M3dnRUQ0c0NBYlFCMnlUYjA4UURzQk5TN1prV09QSmhjM2lfVWlCVXpEZVlERExxLXZhZjVKTjRtRFZtZVpmeXNRUkttcmJEa2ZjT01nYWlESWZjdGVHVF9JWXBfNWk40gG4AkFVX3lxTE5ZQ0tXbmozWU9ZRWZwMmh3blhOdDl0TWtkcWdiME1XSmlKQVNfSmZxdklQRld0VDFxdEt6ZkdUNVI4WEdRVUs5SlFDemVvMW51c2d5TFBRNTJMd0Q0YU44VWM0c19ZSnhlNEJCOVJrUGdUYXZRbGJ2ZVAydnZrU3VOMmY4TjAxOXJqUXVPNlhrZVV3S1BZeVJrZ2dxbHVQam5KalhiZnEwbnUxTHpRYUN3cTdTaDVtdWtUMDdGWUJSemZLVlRWSWl1UXRNdmlodWFaNlVaNFRCbUR3aGdkdGtPMzQ0MUpUSlhiWm1VcTdiX3ZGSkFiSkhlNzFFMEpLRnVBUjFBRHdPXzFCX1dHdS11MFJZSl84QlJRdW5rWXhGZThHOC0yWS1oakJxa0FxU1AxMmpxMEFXYw?oc=5,LatestLY,"Tue, 03 Feb 2026 08:00:00 GMT",2026-06-14T20:40:45.286442,cyber_stalking_bullying,True,False,candidate,https://www.latestly.com/india/information/nagaland-state-lottery-sambad-result-today-8-pm-live-dear-destiny-tuesday-lottery-result-of-february-3-2026-declared-online-watch-lucky-draw-winners-list-7300087.html
sim swap Nagaland,Three hundred reasons for change: Nagaland’s PwDs struggle with token pension - Eastern Mirror,https://news.google.com/rss/articles/CBMiswFBVV95cUxNYVpaZlYtcWJqdXF0d1E5OWF3dDI4TVoydDlFdHNfMzV1aGFGS05wOW9uZDFmcGRjbDhhZW1qbnc0bEZWVWQ1UHJZYzJndGhramVWR3I0ckNsZFhUZjAxMDNfLUhjT1VMUXplbVNpY0I1SHB3ZFVSdmdvRlZraUFpd2NWZ0tXLUhkREg0bHZRWU5EM1drLUxaNklDU21UT0pQRk00cGNtd2JzSzhhcTQwb3Vwbw?oc=5,Eastern Mirror,"Sun, 31 Aug 2025 07:00:00 GMT",2026-06-14T20:40:47.011309,sim_swap_cloning,True,False,candidate,https://www.easternmirrornagaland.com/three-hundred-reasons-for-change-nagalands-pwds-struggle-with-token-pension
