query,title,url,source,published_date,collected_at,search_intent,is_state_and_cities,is_noise,row_type,real_url
cyber fraud Uttarakhand,Uttarakhand cyber unit saves over Rs 10 crore from online fraudsters - The Times of India,https://news.google.com/rss/articles/CBMi3AFBVV95cUxOcnV2blc2Y1RLc1R2eFlBYlNnejZLakNlYm51Yl9oQlFQUmxvOVVCSmJIXzJ3TW1NQkpUQTRaSUVBb2lyQUtmY0M3clJaOW1td0dPck1TTnB0MmZpd3Q0Ty1pSmFRUDVJQ2VnVzdteVJYZWpYLUtoSUY3UFVlVGd0MFg0U1d1amNNTFZhUlNBSVlzeVNVblpNZHlqXzBMZ3VLR0lBMVdvRG9vR2lKYU5uelhaSzY5MXg4bmd4d2hZRnFUZEZGZXJpQWNfOVJPdkU4MmFLODF3ZEdhRDNr0gHiAUFVX3lxTFBSSDAtSVlfbDhOeDNienUzRUVHaElSRW1nWkEzMFhnZWN3dkFOZXdNUHAxd0VHR09JUlNlaUkzTHFjVjdnT014RkppRFBBUHd5UTlXODBrT2RHTWxwZlRyTkxWUE5HdUlnYnpzZ3MyaTFzSTdsSGtHcUNjdXE1Y3dRRjVGQzRDTGlOQ3U3YkppcnZUbmhWLVQzMGM0V3hhc2JNOVpoSUY5dFpsNW5ZTTBzTVlOdzFUSUNTbTZUWTIyMm5ZMk1UZFVhdUdrVHZYZzdkMXo1Mm9xcm9YWlZ1VUNBeVE?oc=5,The Times of India,"Sat, 16 May 2026 07:00:00 GMT",2026-06-14T20:33:09.115231,cyber_fraud,True,False,candidate,https://news.google.com/rss/articles/CBMi3AFBVV95cUxOcnV2blc2Y1RLc1R2eFlBYlNnejZLakNlYm51Yl9oQlFQUmxvOVVCSmJIXzJ3TW1NQkpUQTRaSUVBb2lyQUtmY0M3clJaOW1td0dPck1TTnB0MmZpd3Q0Ty1pSmFRUDVJQ2VnVzdteVJYZWpYLUtoSUY3UFVlVGd0MFg0U1d1amNNTFZhUlNBSVlzeVNVblpNZHlqXzBMZ3VLR0lBMVdvRG9vR2lKYU5uelhaSzY5MXg4bmd4d2hZRnFUZEZGZXJpQWNfOVJPdkU4MmFLODF3ZEdhRDNr0gHiAUFVX3lxTFBSSDAtSVlfbDhOeDNienUzRUVHaElSRW1nWkEzMFhnZWN3dkFOZXdNUHAxd0VHR09JUlNlaUkzTHFjVjdnT014RkppRFBBUHd5UTlXODBrT2RHTWxwZlRyTkxWUE5HdUlnYnpzZ3MyaTFzSTdsSGtHcUNjdXE1Y3dRRjVGQzRDTGlOQ3U3YkppcnZUbmhWLVQzMGM0V3hhc2JNOVpoSUY5dFpsNW5ZTTBzTVlOdzFUSUNTbTZUWTIyMm5ZMk1UZFVhdUdrVHZYZzdkMXo1Mm9xcm9YWlZ1VUNBeVE?oc=5&hl=en-IN&gl=IN&ceid=IN:en
cyber fraud Uttarakhand,"Delhi Police busts interstate cyber fraud network, arrests 5 from Uttarakhand - ThePrint",https://news.google.com/rss/articles/CBMisAFBVV95cUxQZGlaMnJKZlZJTWpHU25pTzZVZmc4aXlpYXhTNXV6UndLLUk5WEltQkE3LWxyV1l1VzRnT1RBc1hCZ0duMVVIclhOdlIyQWVNdDB5N3QxQ0tlZzNWQzZIajlweFlMTkdiLUh4U092bzRGZW54Y0xSS3NtTFJmOTB2Z29HWm5uajRSYVNjdUoxM1RBRkpVcnhPSElFZHh5clpRc0FRR19VcmtFZXZEWnRfRdIBtgFBVV95cUxQSUJJQVZHdHU4TFp1MVFwVmpFaldsSEpscFV2M0toYXlZemZiNDMtSWF1OUJtc05mQ2M5NzI4MFRrMndoVU1wR1h2QXoyR2lfMGRVSEdLcFVjZFNXUnNrcjNrdHUwdU1RaHF1dTZfNHFBRzZCMkFDTEZUbnlzcFo2MVUxeFNIckZ4enB2d25xRXN3RFlrZUFMbGItQkVTUlFWQlB1dlo2ako3dEZvR3BlOC1jTElOZw?oc=5,ThePrint,"Tue, 05 May 2026 07:00:00 GMT",2026-06-14T20:33:09.115248,cyber_fraud,True,False,candidate,https://theprint.in/india/delhi-police-busts-interstate-cyber-fraud-network-arrests-5-from-uttarakhand/2922726/
cyber fraud Uttarakhand,Uttarakhand STF arrests two in 'digital arrest' fraud case - ANI News,https://news.google.com/rss/articles/CBMivAFBVV95cUxOR2VxY1lxWl9LUDBaQ0p1blg2amsxOUlpaHRaaFRiV0xkYWNEcHoxWmtscURlb2dDQnFkbGZrSW9tUGM3QzdkaXdKeVg0VEh1ZEh3WXotNldQWUJFS2tvcXlMM3ZxaFFIR1ZIWmF4WjlFWUVDWlcxVU4tOWJDLVdLbWVvQU1JS194TFlaMklfWGhZSFJndzVvenJyVGVhNm1sQnVFTkpWSFRmRmFZd3NJVkhQeXR1WklFT2poOA?oc=5,ANI News,"Thu, 09 Apr 2026 07:00:00 GMT",2026-06-14T20:33:09.115277,cyber_fraud,True,False,candidate,https://news.google.com/rss/articles/CBMivAFBVV95cUxOR2VxY1lxWl9LUDBaQ0p1blg2amsxOUlpaHRaaFRiV0xkYWNEcHoxWmtscURlb2dDQnFkbGZrSW9tUGM3QzdkaXdKeVg0VEh1ZEh3WXotNldQWUJFS2tvcXlMM3ZxaFFIR1ZIWmF4WjlFWUVDWlcxVU4tOWJDLVdLbWVvQU1JS194TFlaMklfWGhZSFJndzVvenJyVGVhNm1sQnVFTkpWSFRmRmFZd3NJVkhQeXR1WklFT2poOA?oc=5&hl=en-IN&gl=IN&ceid=IN:en
cyber fraud Uttarakhand,Rs 475 Cr Lost To Cyber Fraud In Uttarakhand Over 5 Years: Police - ETV Bharat,https://news.google.com/rss/articles/CBMitAFBVV95cUxPd3BhTmYzVU1ZSGgyVkpBY3hfekJIWGxUd1FTWjdfc1BKUzZydW5ReUtCeklNUGk2ZmxVMjhRVUt1MEh4U1FUa0kyeFpwemNPT0FTc3haV0tON2FKQThUNS1HTDFvX2lXWTBlR1oyQ2NZa0JmV0F4UUxPc1lZMFkxMTBFc09WRHc5WnBBbkp3ZXpjaXpid1JEN2lNb09PR0VwdTFyRGpIb1BfMExDaElIVmNNMXPSAboBQVVfeXFMTlVtRXZ0NVc4ZUJqQ0xQQ1FWR2tmUW5YMzNKX2ZFYTBXVDdPeFpRLW13THVWZkdnZF9JZHJOQkM3QjZ3MG9pUFkyVi1ZY0lDX0VMUkdHLWJKVHRsRGtQRkd5RWdkS2lNT0xhQU04UFdMeElHWnlldmE2cVJGU3dKaVJLQzdHbTFtNE9FaGRSVzl2ZjNTbXpQWWpoTXBBLUZBT0pfOEEtTkRsWkhIRUVneGltYXJSUHd3bHB3?oc=5,ETV Bharat,"Sun, 08 Feb 2026 08:00:00 GMT",2026-06-14T20:33:09.115292,cyber_fraud,True,False,candidate,https://www.etvbharat.com/en/state/rs-475-cr-lost-to-cyber-fraud-in-uttarakhand-over-5-years-police-enn26020801642
cyber fraud Uttarakhand,CBI Dismantles Transnational Cyber Financial Crime Networks Operating from Uttarakhand and Other States - HimbuMail,https://news.google.com/rss/articles/CBMikgFBVV95cUxOa241NGt0WlY2bE9DdGw3NF90b1h0TE5fdFJfWnc0X21VZ2hLeVpiN3ZUcVo1YXp4LVFMMWFrZE1LYWwyUnIwV1VVMVJVRkNuV1hxUzJsSXJBbW9iWGxtUTF2WGE1WGJPVk5sQkFfN2hrUFpRcTBRUWJtOVREOEhfVDFpWVZGX0R3SEg5UWVmS21WZw?oc=5,HimbuMail,"Tue, 03 Feb 2026 08:00:00 GMT",2026-06-14T20:33:09.115342,cyber_fraud,True,False,candidate,https://himbumail.com/latest/cbi-dismantles-transnational-cyber-financial-crime-networks
cyber fraud Uttarakhand,Uttarakhand STF arrests two cyber fraudsters from Jammu and Kashmir - ThePrint,https://news.google.com/rss/articles/CBMipAFBVV95cUxOMG1VYWRxdTUtZFNLSEdIWHhCRUgwZEdqUHo0S1Biam82X3gxTExCZ3RBckwxZEktdVFXTUhBYndhb2hYNjdNTzVnOWZuSDF1LXZuU2VFc1NTZ2ItRkx5ZWVDRWV6ZExEOWxiWTdPaWJndUtTaW1BVGpjcTZuNUN1TTQ5VHNIbHo3Yi1xNFlBaWt5WEE5ZUc0NXlrT3BLOW9KNGhPNdIBqgFBVV95cUxPOFFXSDF0MGNkOWgxRW40Y0t2RlVvbTJLUW5fRFBtdWtWdU5YVFNLaXQ5RGpzTUhJNzRzTlBZQmhJNnZaaENNYVk5ZnY4VERfS1FGUklwUS14ZEQ0V05WblJ0LUZoc04tYUpWSm1qRWk5LVhlbDZHRnMwVFlfaUxfVmV2UnVUOWdKaV9jTHlvbE1PamRnVVhjd1R1N2hmZlQ0aUhOWldhVzZYdw?oc=5,ThePrint,"Wed, 08 Apr 2026 07:00:00 GMT",2026-06-14T20:33:09.115366,cyber_fraud,True,False,candidate,https://theprint.in/india/uttarakhand-stf-arrests-two-cyber-fraudsters-from-jammu-and-kashmir/2900159/
cyber fraud Uttarakhand,Uttarakhand Authorities Warn People Against Cyber Frauds During Country’s First Digital Census Exercise - ETV Bharat,https://news.google.com/rss/articles/CBMiywFBVV95cUxNZnNvYjBCTTd6S0tiQTZ2aFBHYXE3YzB5cXNrb0RGTDQwbHVfb1l5bXZIdndCTk1XdVQtcUF1VTF4dFVNVGcxeWtMNW5DbUJ5TnVMWVluT0VRQzdVZ2hBMzFOZ0lZSVdaRzlNanFuR05hNFZuR0RTdHBaWC1fWXRtUUdGZ3NaVlJYeFJBWFRNREZ6aEQyTk1UamtFZU5MRmxBekVtS0ZYdUw5bExKVGVtLXBKVER6a05WbWY5NUU2UDhxcUUxdEI3YXJRb9IB0AFBVV95cUxPWmt4U28xS3g2TzZWcmFnejVpUi1wbHJwSVRmMjZiS1ZNRGdlMkxXaVB3dXE4SmZ5R3otcms0ODZTSWd2X2VKNWdTSUx0d2h2MGRTZG1JUFI4V3JqM052WFdTZUlhMGJRN2tLd05jUWY4NmxOQktWcWQwYXpJdzRTU3diWDlRYTdtMnFFbGdCUVlodEJEUEZDc3BfOTl4NUs2ZmlGZmNaZkNGd0tUU3pvM24wdkZDTWs5TmxVUUIxVEg5ODdGMlo1emFnZ3JjY0dM?oc=5,ETV Bharat,"Tue, 07 Apr 2026 07:00:00 GMT",2026-06-14T20:33:09.115374,cyber_fraud,True,False,candidate,https://www.etvbharat.com/en/state/authorities-warn-people-against-cyber-frauds-during-first-digital-census-exercise-enn26040703731
cyber fraud Uttarakhand,Uttarakhand Loses ₹475 Crore to Cyber Fraud in Five Years; Complaints Surge Six-Fold - The420.in,https://news.google.com/rss/articles/CBMifkFVX3lxTE1ZM0pfc1lzbk1tSmRYei1PZ2gzREJlMUd5YTRLd1VuWkR0aks5VWRlcjUtYUhPTTYtNFlWRzNPNWgzYm13bVBSSThGcXdHYzFFbVFtdEV3bHZGOXU1aU01OW1QYVdzV1BBU3Vobi1kRXZxUTdzQVd5ZU5nb0Jhdw?oc=5,The420.in,"Sun, 08 Feb 2026 08:00:00 GMT",2026-06-14T20:33:09.115381,cyber_fraud,True,False,candidate,https://the420.in/uttarakhand-cyber-fraud-losses-digital-arrest-ai-scams/
cyber fraud Uttarakhand,"Cyber Fraud In Guise Of Gas Booking In Uttarakhand: Scammers Exploit Panic Over Supply, Use Fake Links To Drain Bank Accounts - ETV Bharat",https://news.google.com/rss/articles/CBMigwJBVV95cUxQeUZ2Y2NmeUtqTW96VXdYSWdIT2ZNRVM5OEtKSFZNNEUyNUwyQV92VGMtSXo4QkJIeGdhT2RXUjVWU2p0X3Z4NnZZOHVzQ0JYMFRuc1RuRXNsS2dXYk1vaXAyUms4NTlLYzVnTmIxZjJ2cEYwZmlNOEsyekJqaFNHOUJxc1Jpa09UemFTcGxoWkoxX1FHTW5LdFcwbXVibGJaTXViWHNwQnh4Wm9yckJtQWd5QzhjTmM3NkpvWnBENUFiOGgtdTNVNUtOajN4alJhcjU3dVJsekZ2UTF2aHJHbDktSU1wemJCa05lNkJBY1VINDh5cmxlZS1FcFdmSDNHODl30gGIAkFVX3lxTE1GTFYxV1FSdGlZYUxCMzFJdUt4RTFxVG9uS0x0dTlCSG5uVzNhVkRIRWZFd2h6VXZKVUJPVHltVXRUYmxfTHpCRkNyNTZpR0ZQclZ2bjV6RzJZQ2ZzVG1KeWp4VWtxTFNwbjU4TThFMmpmVEZhYXFTN1psOXR2dkVhZlFYQU1jVzFrV1R4X3hJNjd5WkVQQS1CQ0x0Um5aS0Q4UFVtYUEyUEhRWEVkdkNrUHYxT1JpSXFqRlJFdHB3U3cyb21ISGpPcFJibk1sOHBoZXk1ZHlvbzB5YnBmdnhRMVVtV050d2pJSEZaTFdIYVlFX2NpeUlCSF9ZMWdwVGUxWVZKbkNJYg?oc=5,ETV Bharat,"Wed, 18 Mar 2026 07:00:00 GMT",2026-06-14T20:33:09.115392,cyber_fraud,True,False,candidate,https://www.etvbharat.com/en/state/cyber-fraud-in-guise-of-gas-booking-in-uttarakhand-scammers-exploit-panic-over-supply-use-fake-links-to-drain-bank-accounts-enn26031801155
cyber fraud Uttarakhand,Uttarakhand Youth Duped Of Rs 1.77 Crore By Cyber Fraudsters - ETV Bharat,https://news.google.com/rss/articles/CBMirAFBVV95cUxPbU1SdGh4aTFBYkxPQXkzN21HbWFtY2Y4Vi1xWE01ajV1TG1lNVliQ1RWTnc2QnFvcjR6NHVXMTdweEQzRjRBZGlIc3lkOVdUS1ZYbzdMT1hid19JQVZhUF9HNWpsWXpNMmJucm0zVWdiY3JOX0hNdGxHLU9wUzFEdC1HcXdXZjcxSjNDY1FsQWMtOEdfU2hRZ21mSzBha0VhYXc3TlBVOE9jaE9f0gGyAUFVX3lxTE5kU0Y4d2Y3VERCa3doN1NtRlpvNkxLQkFmbEVFbU56bl9rRVJmQVBqYUs2cWpmRWsxSTY3V01hSWdReHpLbW5vWktsSnZrOG50TUk2SVFDYXpSRGhQR3BJWDVnakxNd2dwRmx3Y1ZlQ0U2OHFxQm8wV0t3cTA2US1mWUctbl9tWHhPVlRwNnZHbWhwZ1ZQMm1iYXN5dmRpMVczbmlxeHZaZWZlWU5FNEYxblE?oc=5,ETV Bharat,"Wed, 11 Mar 2026 07:00:00 GMT",2026-06-14T20:33:09.115426,cyber_fraud,True,False,candidate,https://www.etvbharat.com/en/state/uttarakhand-youth-duped-of-rs-177-lakh-by-cyber-fraudsters-enn26031103370
cyber fraud Uttarakhand,Uttarakhand STF busts mule account racket; three held in first BNS cybercrime case - The New Indian Express,https://news.google.com/rss/articles/CBMizAFBVV95cUxQbjlaWGF1bXdnVUhJbEpoNTYwYXBSMURhWHhuaWZRdmd3RUZzamVlX0FiOHNacjhRVE12TjlITmN6a2JRWGNkNGdhbDdDaVg3QmFJU0NsSjdUZDdacGFZc0Z3RXhKeU45SVJObGhoWmdWX0xFVUh0QktES1d0OU9tLXp4V25WczVOZlBzbkZnazhWYUVmcTRZd19JZnEtcWJJSHpET3k0aEl0bUF6alNxa3ZTbmFQUnY3TUp5VkdVZEhIQkhsUlZPNmRWaTPSAdoBQVVfeXFMT3JVamRPRG5SdGtEWFVDcmMzXzgxVGF2clUyS0xRT2haX1pxcmxNT2x5UE01V29qYi15NU56Y1J0NnN3dVRNeVdKaUJ3VG1wQUhSNnNCQ0gtNzhMcjFBUWxYVko5N1dnV0lDSzlKRURvZXRpSzZGVW9UZE1KeHhRYlJNaGdfWXhSTzY0QVBselBHS2R6NU85SkRBUzFnbDJ3UjdITnB5MldxRkxmTE5rMU5WLTN3UWRnNTlLQ0pTSmY3WUM5VXlPTVBjWkpLd1JCUS1BVUZCRE1OSEE?oc=5,The New Indian Express,"Sun, 29 Mar 2026 07:00:00 GMT",2026-06-14T20:33:09.115439,cyber_fraud,True,False,candidate,https://www.newindianexpress.com/india/2026/Mar/29/uttarakhand-stf-busts-mule-account-racket-three-held-in-first-bns-cybercrime-case
cyber fraud Uttarakhand,"Uttarakhand STF Busts Mule Account Racket, Three Arrested In First BNS Cybercrime Case - The420.in",https://news.google.com/rss/articles/CBMijgFBVV95cUxQVnhKbThmdzQ2NjEwX0J5dGR5SzlueEVVeXJYRDFTaHVsZHhOTjFIemxPSC01WV9FQThxcmlCLVNDZ3ZkMHNVMlFuX1RNcFhRcDhKWmJoNHhxcm11NFUwLXBaZnFBSndNTGhjV0ltTWV4b1FxQlh0b242NUJ3UEROUmpZMVFVU2xVOGhDOFZn?oc=5,The420.in,"Sun, 29 Mar 2026 07:00:00 GMT",2026-06-14T20:33:09.115452,cyber_fraud,True,False,candidate,https://the420.in/uttarakhand-stf-mule-accounts-bns-cybercrime-arrests-fraud-network/
cyber fraud Uttarakhand,Uttarakhand Special Task Force arrests Noida man for siphoning Rs 25.9 lakh via fake insurance scheme - The New Indian Express,https://news.google.com/rss/articles/CBMi5gFBVV95cUxPVVV1MzkxLWl5VVFlNVRsV3ByRVlTTFAzV1NjWEdNU0FIS0VzWlJiVXYzSTZJR3IxN1FxaktNd2FiWHRPeWdrTXh0ZVRwQlJTRldFS1hJNGhUMTdwdGlTUVItOUZqellaTGtiQnlHWGNnQVNYQUswYV9tSlpEazRQY0dONi1leHlIQlBHbHdYMFQ1X2ZSMkNmX0h4YXRicmJfdmNZaGx5VDFadUF2alRHZ0NHbzhQOEQ3MjBkdFpQbGR6anBxS2xZTWFYa29wdjZ1WE9DZE5tV1ZtbGxTUGxLSnU0SEVEUdIB8wFBVV95cUxOOTFueG1wMUYwS1BZbWNiVDk2SkwzeDZEUFc3WGFJUzBJSWdwcnhwR25rNGFfemY0bUdFZW05QTBoZTladldoTW9CdVNSMHM2WlB2bC1zazhvSjZuV2k0a0pEenVDbFJJYTFOZFZBdmJ5RzVpRXJROUNOaG5UZXJxdWJUOExiMkNwX2pXZVdvLXFESV83dmxyOVRSVzFaeTZzZVVud3JKbkx4TmdaRXh1U21ZUE9CLUlhMHg2VmpGRXgydjY1YklreUJFM29OUUs1dTE5UWhOOWgxSmliTVk2dF9hanp4cmhYTWY5UjBRTzN1dXM?oc=5,The New Indian Express,"Thu, 14 May 2026 07:00:00 GMT",2026-06-14T20:33:09.115465,cyber_fraud,True,False,candidate,https://www.newindianexpress.com/india/2026/May/14/uttarakhand-special-task-force-arrests-noida-man-for-siphoning-rs-259-lakh-via-fake-insurance-scheme
cyber fraud Uttarakhand,Cyber frauds taking advantage of LPG crisis in Uttarakhand - Pioneer Edge,https://news.google.com/rss/articles/CBMiigFBVV95cUxQcXVVQVB3OXk2NHdlUFVhaG1zemQzTWJmcElUckJ4NDdXZUdGRDBQZU5jVElKT3B5aFl3LW1CVkd1cmpmMGd6cm1uWS1VY004UGN1NnZ5X3lEQk4wMXNyaW1XTnRRNUNLRDhKWFdzOTQtQ0Etc2Z2NVZTc25icl82SXZ3eTBmZHVCZVE?oc=5,Pioneer Edge,"Wed, 25 Mar 2026 07:00:00 GMT",2026-06-14T20:33:09.115478,cyber_fraud,True,False,candidate,https://pioneeredge.in/cyber-frauds-taking-advantage-of-lpg-crisis-in-uttarakhand/
cyber fraud Uttarakhand,"Bank, GPay not liable in online fraud case, rules Uttarakhand consumer commission - The Times of India",https://news.google.com/rss/articles/CBMi6wFBVV95cUxQU1J5NUxuTmM3a2dfWTB6SjJvbmUweGdDVTA1Yks3STFlbjJJRFZZSzR3Y3ozNmpsSFRNYnFlZjkwcnBDVmZ6U3JWYjY4X3FwUlFDMG9fR0ZiUVlPMVBXMnpwQ0k3LWFvTHBGdmI0ZVlYR1N4MU40OUlmZi00d3JRSHdjaWxvWlBzWm1fWUh1WVRnM0V0LUVBN2VtWHdsWDZHa2NZbGZRLTJncjVYLTFRRjBqZGhodDl6dXVwSTEyeHNFSklOazIyZ1NMbWFjRVo2azhFWEZPQW5YeG5RUS1uOHdodHhBUVVMY3A00gHwAUFVX3lxTE5DM3ViOGdiNENXaDE2OUVpcExpNHF4S1dsdW1BQjlJaUZNYmI4Y0EzX0hGSFh3WDdZaTkzdVlOWmk1Wkh2Z1RRQkhrRk5FTHlpUGRNZ05ud1VxZTZTNzk0ZDJ0YlVjN25wcG5mY09VSlBzZ0dmUHlKczVXQlh2b1FveE9WaFE4QXJpM2tRNHhXZng0blFfN3RkNllYdDg1ZVlPQXVUcjdyVXlrZ0Ntb2pYb0gycEQyc2d3azFkR0RuYXItUmhrMUhjNWR2M3hJRzBmOUtHdzZ0YjNlWlZZRzRXNjJNcFFrME5EamdzaHUwXw?oc=5,The Times of India,"Sun, 08 Feb 2026 08:00:00 GMT",2026-06-14T20:33:09.115490,cyber_fraud,True,False,candidate,https://timesofindia.indiatimes.com/city/dehradun/bank-gpay-not-liable-in-online-fraud-case-rules-uttarakhand-consumer-commission/articleshow/128080012.cms
cyber fraud Uttarakhand,Uttarakhand’s Special Task Force launches large-scale operation against cybercriminals ahead of Char Dham Yatra - organiser.org,https://news.google.com/rss/articles/CBMi7wFBVV95cUxPcEFOVUs4UGpJQjBRbFpOZTFFR2N5X0FNNzNTY3BsSG14aDJUQmxnRmxOYkpuQXRWb2xsZ1BhZjVqdnNjV1JyV2lZOFd4azR5c3JYcTNRMFdBODMySFpfQ3l2RFVnYjVITmRnVVJidjl5YU1wVWllUUNhcXNIXzEtTVhwNUJkYnBDYURLSnJla2JOX3dIUEQ5VlJiTXZXQlg1SWZUNmp1ME83MUhNQ0hkZTU1UTNvVDhmTlcyWEhlU1FDN1ViRVR6OWQ1LXNiMEdzZlV3Y1RBeWlWcHlEaVNMWEluMF9ubDBHVHQxb09VQdIB9AFBVV95cUxPUnAwNW5uN0g4OTZuVTZqWmZGd2pEWjBvbXdMMF96ZlZDVkYtZXF5bUxMX1g4UnhfOHFMTjFBUnI5czBPOXJLZE5iRmliVVlDYTVuSXJGejlmTTM2ckhlUUU5R3gxNy15bXVsWWpUcFFXYV9TaDNuT1JUaUJ0ak1iYjNfTm9OVlhUTlJmRDcxeDNlTHU4eXJjMUhMc3AwVGw5RzlSZy12YkwzakJkYTBrTGl5ZlgyaVhKQU5hS3RoT2hUVHVpamRaVXJUemItR0pxWkNEd0RqSU5hQlMxSUZlQ3pIb0UxMUpYOFVIZ0RHNlRYdU9k?oc=5,organiser.org,"Sun, 12 Apr 2026 07:00:00 GMT",2026-06-14T20:33:09.115506,cyber_fraud,True,False,candidate,https://organiser.org/2026/04/12/348307/bharat/uttarakhands-special-task-force-launches-large-scale-operation-against-cybercriminals-ahead-of-char-dham-yatra/
cyber fraud Uttarakhand,"Uttarkashi Youths Trafficked to Myanmar, Forced Into Cyber Fraud; Case Filed - ETV Bharat",https://news.google.com/rss/articles/CBMiwgFBVV95cUxQNUc0WS0xY0VzZEVhLWRqUVhNRXNEdENDSlRMMXdvNkI0UkYxVmtPeUREeXd6dVlhOWdqcmhONTZSeWItYUozYl95SU5qRXg1eHduMmhtNUtNSjJfd3Z3MERXN290c2pfZjNMWjAzVlRrZG5ZVG9uM3B0XzRNcnpqZ3cwMzhlekdGdHpNdldZZW1nRWlWWDVORG5KZ21KTU1kTFVqVTRNRzBfa1ZPNU9zM212bmxXV2RVZlYyTXVTRFNlUdIBxwFBVV95cUxOQ1hzOVhEMFJhMmZZY0pnQWJaSUVybkI3SXg4WS1BVGVRaFRsdmVUSGlXdnluTGgtYmNONGVXTXNTVDRmdUNvUnVwejgxWnFUaVlnODdMSkgwQTVxdmZLVW1PT2thY1BIUEpwU1VvTGl2dmR3bHIyTW02aG1ZekhuZEtGYTZIeXM3bUgyWGlMRHBuQlR2SGdRMTM0WHJXWHRudllFa2pfam9WTVh3eEFUT3gyd25MbmZoNkhsVU1NaWdXWkxSRFlr?oc=5,ETV Bharat,"Sat, 10 Jan 2026 08:00:00 GMT",2026-06-14T20:33:09.115522,cyber_fraud,True,False,candidate,https://www.etvbharat.com/en/state/uttarkashi-youths-trafficked-to-myanmar-forced-into-cyber-fraud-case-filed-enn26011006169
cyber fraud Uttarakhand,"Char Dham helicopter scam: Uttarakhand police shut 265 fraud websites, social media accounts for fake bookings - MSN",https://news.google.com/rss/articles/CBMilANBVV95cUxPNFFpdzdzcHNmckVxcDZiVjY5bWo3LU5YbDFRT1R1dmRSRmxvNVZrMTd6UXNmUUV0LVJoU0RpV3hPamh3MDRjWlZaOEd4SHkya0hldXliRUdkZFNDbkZoMTJTQ3B6V3Rvb24yMjduZnpLMFZIYW5BY21GT0ZnNTBxXzNZbGxpOTZHMEhLQW9wU2FjRkwxazhpUzZsRVVGZlZQdWNBX25HWW9fR0g1OXJ6NF9iYjR0MmVMRGg3NFgtT2ZZRXB6aEZudGMtekk2Ukdmb254enhoa2ZYMGdqTnptbUtOTnp4RkhYdl9haV9JalB6SjNkMnd5bnRHVENERUxpdGJCWnRGTURQVE9NVUZxazJfcjhSc1doNThjaGxMY25FQ1JxaG5mZW1JelRON1k5MUM3anB5eW96Uk9xTnIwVE5mM0g2M1hweFlmSlhrUWlsVjROOXAya2ZEcG9FbUdRNWpzMmxSRmduUHBJNVJUNW9CTzRVZ1ltZV8xRkVuSTAzak9zTG9uemRTQUZrN0U3Z2Q4Vw?oc=5,MSN,"Thu, 09 Apr 2026 03:57:16 GMT",2026-06-14T20:33:09.115565,cyber_fraud,True,False,candidate,https://www.msn.com/en-in/news/india/char-dham-helicopter-scam-uttarakhand-police-shut-265-fraud-websites-social-media-accounts-for-fake-bookings/ar-AA20pkqD?uxmode=ruby&apiversion=v2&domshim=1&noservercache=1&noservertelemetry=1&batchservertelemetry=1&renderwebcomponents=1&wcseo=1
cyber fraud Uttarakhand,"Cybercrime Cases Rise Across Uttarakhand; AI Voice Cloning, Digital Arrest Scams Are New Ways For Fraudsters - ETV Bharat",https://news.google.com/rss/articles/CBMi-AFBVV95cUxQYjlYTkZsNE0ydVpNa05IamxUS3dCQU84ZXVCTGphT3F0T1RycWhOc2wzNW1pVnRzejhZeVhSbEhPRWUtV3p4VnhOZzFIcHFUQ01YX3RiM05UZHg0cVJTZER5Vl82SGhiMWpWZ2RMeTZ4WFVWcU9uMHBwY3lSQnB2N1FzZmFDZm9aWF9kRlhnWXB4N2Z4ckUzYU4wMkduY2RMT1pTLXJuT082MGVUcGRtLWREa3gteWRZSDZMVEJERkROLUJVSXpJSzc2UFJQeFpVZ3QxVVZzYUNMNDJvUnQ0Z2gxMl90THRsQzIySGVrVkNNZFk0WHZuX9IB_gFBVV95cUxOcHdyQnIwVmVoTVltdm9rTGJacXdTX1hvU21ESlFZczh2LUxURW9KcXBaSHh6c1Q0MWJnT3NRNmZncXpCQWFvanBtcjRTZ21QUm5uZFZsY21JZlFLWVU5Slp4OUUxY3ZPVmg3Z2hKZkFRYlZMTTJHTUFZbWtCcGJxdmZxLVVKVWx2M3hJVkNXX2g1bWl4aW5kUnJfNjJxbDJaVy1tU2RSMm5nTzdoQTlvUmtBRS1BRnlYcE5JSVpWUmRvZ1pSSlVnSXE3c0poeGlmRUNvZDdPc0VjMWxUOHlnd2c5MkpHem9MTVQ4T3NPQUJLQlhTTkV1elplMldoZw?oc=5,ETV Bharat,"Sat, 10 Jan 2026 08:00:00 GMT",2026-06-14T20:33:09.115581,cyber_fraud,True,False,candidate,https://www.etvbharat.com/en/state/cyber-fraudsters-are-emptying-uttarakhand-people-bank-accounts-using-otp-fraud-and-ai-generated-voice-impersonation-enn26011003515
cyber fraud Uttarakhand,Cyber Fraudster Poses as STF Officer to Promise RPF Jobs in Uttarakhand - The420.in,https://news.google.com/rss/articles/CBMibEFVX3lxTFAxRGRpSFFtYmFLV3l4YXBZU1JmOUpCc1RmaU1QZFFVaGxMbFR5WTM1NUlfSWJIcVlaS1E5VUduRXFUVzhpU0NjVFRVQUQzX3pEZi0xTjRHMXFGYl9hdktvSV9tZVZRRzlrS1RrRQ?oc=5,The420.in,"Fri, 30 Jan 2026 08:00:00 GMT",2026-06-14T20:33:09.115589,cyber_fraud,True,False,candidate,https://the420.in/rudrapur-cyber-fraud-fake-rpf-job-promise/
cyber fraud Uttarakhand,"2 Bihar men conned Uttarakhand man into paying ₹23 lakh online, arrested: Cop | Hindustan Times - Hindustan Times",https://news.google.com/rss/articles/CBMi5AFBVV95cUxPTDhtZmlJWEIySVBlc3ZQQlU0OWR4VUVqd001azByNzVfZW9CTFZSYUJMNVhZWThkOGpDbXloRXppZ3NHcFNJVW9SODJRX3BMM3oyRW9waXRKZktyaWpreEZ1RURqLWw0YW5wZktBUENQUU5sZ2M1Z1BVNzIyOXczRzQ1bTBTRVhKSVlLN0pfSGtFU2NENHRKeEptUm1rWEFXX085djBOUlVsN0J6Z2MzTnRBRUhRSVRNaDZ2R0ROVjluTk5hMW9TRzRWN1JqWW1ndjBQMmhUTlp5VDBNV0lpZENnaEvSAeoBQVVfeXFMTzlLVGVCZl9scnVTS19XQ3RwZmhPbk1WUG5vZTlCcWJLZy1iUHFNSW5FbWxFN1NUSW01QkYtZVJ0bVpEbkZzRnlkbFFuZndSdHZxWk5MU3pCdUdkLTBQN1V3YjZmb0xzMU53Vy04YzhVWUYxeFE1SWRTMXNNQ3ByTjBJRU8wdHlKZEhVbFZsWVRaSHNSQ2dQQVBDSUZRYVlfcUNYeHo5VE5COHNZUmFjVjZoV1E2U05mdFdCTF9KVkNRYnY1UjhvZ2p2MkVpeFV2eTBfbWtkOFFpdnJhbDFtM1JiX2o4Z1g4UlpR?oc=5,Hindustan Times,"Wed, 24 Dec 2025 08:00:00 GMT",2026-06-14T20:33:09.115600,cyber_fraud,True,False,candidate,https://www.hindustantimes.com/cities/dehradun-news/2-bihar-men-conned-uttarakhand-man-into-paying-rs-23-lakh-online-arrested-cop-101766571807889.html
cyber fraud Uttarakhand,"Remote Cheating via Master Computer: High-Tech SSC MTS Racket Busted, Two Arrested in Dehradun - The420.in",https://news.google.com/rss/articles/CBMidkFVX3lxTE9DaGRyVE5zV183MkljdnVkRloxTTZHOVZ0TEUxWURCenZKMW1GU0kzSDlCdjAtYk5FVXc4X2ZqUGJKVGIySjJDRHdMZDRmUWpTU0xsaWhDSjIyeko5LVZKdV9GYV9VX1JiY0xUYkRXUlZ0Vk0yRFE?oc=5,The420.in,"Sat, 14 Feb 2026 08:00:00 GMT",2026-06-14T20:33:09.115608,cyber_fraud,True,False,candidate,https://the420.in/ssc-mts-remote-cheating-racket-dehradun-stf-bust/
cyber fraud Uttarakhand,Uttarakhand Police bust cybergang swindling victims of ₹3.37 crore - The Hindu,https://news.google.com/rss/articles/CBMi0AFBVV95cUxQRzRWQkhrcF9KZlpMUnRFSmNYU1VRX0lONTV2M0p0RXlhUGxPSENoNkhZbkp1Q0Y1Mmh3NFI2eVVBYmNkOXNUTWoyVjdXZVpMY2tBQXhUX1dGMXpHT2VaWUNqdFBLc3FCbWRFZ0RMYndyeDY3cEdqOFZkak5wd0pGYWZwN3lsajYxM0ZnX1k2QXV1RXctUHFLWmpRMDdxeEluVmoxc3E0WnllakxndWVyaW9pWHJXYk1TSkZrMERqSTNhY2MwRDM4SEdOV0FrU1A00gHXAUFVX3lxTE1reEpqbHZGTWd2Wl9xbUZ3RlpHam04Sk9vLVFRV0NtZ2Rvb3ZyNkRnUHBWT2RxM2owZG9PU0thbWRrX2E0R1dKdkxvZ3d1eDI5Vmt2Q05oQk83aGJZVjlQdWVKV0pKWlRTRmd3RF9lM3U1Ti0xT0VrbjlLZHZCZC1weWNhMFRiLUFiVVRtXzBELXpJNXFZcER5TmhFdHVfcHRYVktvNlEzSTZLM2NTclByQ2xUemZDMUUyV1hudGt1MHhvRldmOFc4ZEZVTGx6a0VQUUFZZGVF?oc=5,The Hindu,"Mon, 17 Nov 2025 08:00:00 GMT",2026-06-14T20:33:09.115624,cyber_fraud,True,False,candidate,https://www.thehindu.com/news/national/uttarakhand/uttarakhand-police-bust-cybergang-swindling-victims-of-337-crore/article70289453.ece
cyber fraud Uttarakhand,Uttarakhand: Cyber Fraudsters Dupe Retired BEL Officer Of Over Rs 50 Lakh in Fake Stock Market Scam - ETV Bharat,https://news.google.com/rss/articles/CBMi4gFBVV95cUxPR1d1NEo0ZFNwcnFTTF9UaGJrN2lHRDd6V2xIRGppZEpiOHJCczdqRUVzRTY5Ul9maHZhZzlIMkVJUFNiaUhJTkwyMGM2VVk5RjByUjQ3UzdTWXRscEtDbjF2X200aTVhSVJ4d0g4ZllhMGdFVFVZbGZsdk1rRU9wOENma3pHRkJKNlBaMTR1RWt2QVEzVktJSDdGZWNwVHYwZkthTkkxNmx4TkIwSkt4d0dDcG92RkVsbFJjbDBXWXIyTG4xNWN4cnpkdm13MkhfclU2TDlGajFmOTk1T00xTkFn0gHnAUFVX3lxTE5LRW42Y3J3UTV2cHhtUURwQXhSWWFTdmo2enJOT0xEb1lxb09ZcWItdTNzV19saURFc1dTRE9EbDRuU1U5UDBfMmd6QXAzQ0lQdDR4QTlNTnlPUGlFX3NoalJxelUwaFh0TkFkRTBROFQ1Sk1fVHhjYUl6MzhZUDduUjFYSXlOdW9Kb2d5bDV0WU96MWxJU2lPSkZLMmJ2Mzg4YUxLTVJiY1F0bDk3eE4zaFVJZzUzcGctQVRzelU1SFJsNXVfdHZ2aXFTYk1tMnF3TDlBV1BpalRvY2JzbWFVSlR2U1ByYw?oc=5,ETV Bharat,"Mon, 15 Dec 2025 08:00:00 GMT",2026-06-14T20:33:09.115632,cyber_fraud,True,False,candidate,https://www.etvbharat.com/en/state/uttarakhand-cyber-fraudsters-dupe-retired-bel-officer-of-over-rs-50-lakh-in-fake-stock-market-scam-enn25121501207
cyber fraud Uttarakhand,"Uttarakhand agent part of international human trafficking, cybercrime arrested - The New Indian Express",https://news.google.com/rss/articles/CBMixwFBVV95cUxPXzl4eV9abTc2Z0M2Tl9JZHpsVnVTcUc4QzVkbnliS01xX3ByUEpFZkdSMkRvOG52WTkxSE80Y0N1UXdjdVFfdERiWlczaHl1ZFFGTlBaUXo0cjRjdWpYdmFVeU9RdGdFU3hFdk02S1Ewc3hubTdtWjZBNGRET0x6dk9Ja3pvREtTNkx2S3cyX1lTTFNwcGstc3pOVGZOdTZNQnhpektRMi14UHFPaDYwRXpEZ0p6YkxhWDRzenpVSm95clhRVExv0gHUAUFVX3lxTFBqLWlnYlRTemYzQTBRRWZuZmx1NGhrN1FFWW9rNG1iQndILVJjQkJFempTZE1UUC0tdUtLcnNSQzAwazBfWlVEbVhrRTZlZFJZWXZoZE1aaFQ5NUV2R0t0LWFJT1d1ZktFeVlnODZsNWZnR3pQOHNjODJUVFlmOVFzaHdBSl9yeVB1cGUyREg1TlpBVDZyLU9VRzdmQVF3M0QyQmpkOExSd2pBV0ZYVFk0blVoZXlFZWtQTm9yQTRxUGhnMW9CeThHS1FHdExZeUxHc1Nr?oc=5,The New Indian Express,"Fri, 14 Nov 2025 08:00:00 GMT",2026-06-14T20:33:09.115655,cyber_fraud,True,False,candidate,https://www.newindianexpress.com/india/2025/Nov/14/uttarakhand-agent-part-of-international-human-trafficking-cybercrime-arrested
cyber fraud Uttarakhand,"Uttarakhand Police Bust Dubai-Trained Cyber Fraud Gang; 6 Arrested from Pilibhit, ₹5.54 Cr Traced - The420.in",https://news.google.com/rss/articles/CBMiiwFBVV95cUxPM2c3a3hVRkZpN2IwZzhKQm9YLWZVOGFYNGRLbUZkYWdQQlZaU21CUmNZd0hRQURuc1V5R0FnRFRZUU1WekllMlgtekMyQVJCSEFmZnlNQ1FvZ3NLR1BWZmFEMlZhN1JNSjdPQUxyWDc5ancxSXp0SldrM0FBNnZhbUZCejFzemMzeHJB?oc=5,The420.in,"Sun, 07 Dec 2025 08:00:00 GMT",2026-06-14T20:33:09.115663,cyber_fraud,True,False,candidate,https://the420.in/uttarakhand-dubai-cyber-fraud-gang-arrest-pilibhit-fairplay-scam/
cyber fraud Uttarakhand,Cyber Security awareness promoted on Day 2 of 10th Uttarakhand Uday National Theatre Festival - Garhwal Post,https://news.google.com/rss/articles/CBMiuAFBVV95cUxNR0dUbk5sektjTXUydEg4b084LVFEZTA5UlVwWVJjWkRGVk03WFE4MHhrSndoY2RiUDhjbzh6TjU4X0RaRmdfaHU1aERzZ1A0V0RxZFExOV9MUnZCcnZEWmN3cnVYa2lKOE1PbzBDRVlLWGwwZzFjZlU1RmU2SGNTTUJfWWF4ZG9KM29VVjlaR3hoVlFHeWxBVzY1UzVXdEk5bmdNRk1lMVBLUVVXZXRkeS1kV09Kd2Jy?oc=5,Garhwal Post,"Thu, 04 Dec 2025 08:00:00 GMT",2026-06-14T20:33:09.115670,cyber_fraud,True,False,candidate,https://garhwalpost.in/cyber-security-awareness-promoted-on-day-2-of-10th-uttarakhand-uday-national-theatre-festival/
cyber fraud Uttarakhand,Cyber Fraud in Uttarakhand: ₹64.72 Lakh Duped by Fake ‘India Nivesh’ Official - The420.in,https://news.google.com/rss/articles/CBMigwFBVV95cUxNbDl3UTFZLXp0THZYcDdlT3Y2U1p0MlJqMHk4WEY5XzVqUGFlQ2Y2bE9Mbkh1elk4Y1UzS0YzdWJXUWcxVWYxQUtneUJDdUt0U3VGS3pnMU9idmtqVDJZc2VMZkVNZmR5R0FVLVBMYmZ1TXRBZmc5UC1MdFE5LUlpdGlXUQ?oc=5,The420.in,"Sat, 29 Nov 2025 08:00:00 GMT",2026-06-14T20:33:09.115694,cyber_fraud,True,False,candidate,https://the420.in/uttarakhand-cyber-fraud-64-lakh-india-nivesh-whatsapp-scam/
cyber fraud Uttarakhand,"Uttarakhand STF busts SchoolPad hacking scam, three youths arrested for defrauding parents - The New Indian Express",https://news.google.com/rss/articles/CBMi1wFBVV95cUxPWDJxSlBrN2xSQUZiWU40eWdPaHhlcGI1eXlVaEVtN1hxbTlpUEc0ZTBVd0VaNktHSi1ydGNQLTB0QUstVUZrZWVQUEFYckxwNnRLM1pUTG5QNnY5WGZ6dGY5bUF6THhJOGtSY0o2RzdLcXVOQU9aRVZtR1luRHU0MXZHT2JxVXFBcmxOd3R4N3ROUWI4aUtVUF9maWVkeXFVTWpRODhSZ2NkT21iRGJDSGEzVTZ1ZXpfZEdCRGhydVRQbEJybmJnTm1CRUpNdURkcEhmLU1qWdIB5AFBVV95cUxQRGl1WW9XbWw0WEdSZTJObFg1NjFTcUlzNVlHQmlXaVhDYU9DVms2NWlxY2xaR0NoNVA1SkszdTVCODF5c3oyd0dMNDJYNGZUbTFVMnBqaFJ2RC1kMU14bXFDZktUYm1HeGxtaHpqSWtIRjIxTDJ0bzFfd0lRb0R2RTB1OV9NMGxJMDB5VkZjdzF4NzY3MFAtYmMxLUl5Q3ViSG1Gc3RrMldua1BWc2RVVXNZUzExRVdTOGFRaDF3bUhhdFdBemhCYTFseDhaeTFxdXBfVlFRaEVRNmJXNWR4N2F5R2M?oc=5,The New Indian Express,"Sat, 09 Aug 2025 07:00:00 GMT",2026-06-14T20:33:09.115704,cyber_fraud,True,False,candidate,https://www.newindianexpress.com/india/2025/Aug/09/uttarakhand-stf-busts-schoolpad-hacking-scam-three-youths-arrested-for-defrauding-parents
cyber fraud Uttarakhand,"Nigerian cyber kingpin busted in Delhi, Uttarakhand STF exposes multi-crore 'parcel scam' - The New Indian Express",https://news.google.com/rss/articles/CBMi6gFBVV95cUxQSGNoc2VNMm5qU1QxeUZ3TXBTS3ItTEpKLWF2VGtqNHZlT3VBMml5ckV4UUNKQ2pmN2JTbkhHYUFWX3NzalVCV2RXOXVrdWkxZXFxVTRLckVaUF9qV0Z1OUZEbFZEcGprSTRIbUNmR1k1YXlrNGptT3ZEdzkyN29UeXJjMTNnOUNOQ0lrbi1NbnJNc0J4cGpmbGxhU2xkU19OMVh4NHFlbVB6S0ZtTnlFYWJmUnpwWXd0RE1HNjIzODNkY1EwZHA5WGQyOXdsQm9oeEFQZzd2cDFhNkQ5QXdNN3VXTFlSOEY1bWfSAeABQVVfeXFMTW9MYXhzNndhd2t6RlpsaDlJaUhNZWZiMUhVSWpqbW1oN2NydnRTX0ZIa0xYTUhGdkJkRDlNNUdQc2UyaHdDMjZGN3hYMlJXOVB2SExyMV9qTlQ1WVk3TUF5NURmVFczTkN5eWxMNEdCUDJvUHlrTnNLQUgtTzhpVnFQTXFnYkc2dlRDTm50eFRpNWJDSmVkYjZQZXdPVTh5YlZ1aGpOMUJYRDRqNXkybkdzWUFBcWlZdTlXUnhMM0dDVXY5SEhseklOTmRlSndINkVJVjBmUWxCU2pzREhKVGc?oc=5,The New Indian Express,"Thu, 14 Aug 2025 07:00:00 GMT",2026-06-14T20:33:09.115728,cyber_fraud,True,False,candidate,https://www.newindianexpress.com/nation/2025/aug/14/nigerian-cyber-kingpin-busted-in-delhi-uttarakhand-stf-exposes-multi-crore-parcel-scam?botrequest=true
cyber fraud Uttarakhand,"Promised job in Thailand, kept as ‘cyber slaves’ in Myanmar: Uttarakhand men’s Southeast Asian ordeal leads to agent’s arrest - The Indian Express",https://news.google.com/rss/articles/CBMi_gFBVV95cUxNX1BFRlA1dWNxUmRpVG8yVWVjRlZVenNlTU95ZTUzOVFadFpzQkU5WllfdFZTUE04Um5QQ29rWlotSkZ3TUZYNXVIamtqbWJZZUtva1RxcnY5UFRBVFg0d3pvMWxteS02a1lHcUhYd2FOeWRvcHlia3FOUXd6MG5kVDBJQjNscmNCMUlTTld0aEpvZGhTSzJGbVBzSndFYjhMYW9XcEN6eVQ3b0UyMXZiMm9PWGZoX04tXzBJTmdJVlAwR2VQdnl1LWV3Y0phR2RxLWlicW9IbFA0QTVMcXdQUDRXY1JCcFVYbzNrWjd3MlNwVHVCLVdCZHNnWWllZ9IBhAJBVV95cUxQSG9qbG1NU1FFZWFNY2VFZFZMOHZJSmUzaTVrNndlZzRKa21LcTFaR2wwWXNnNEt4Y24ybFQ2RnU1cjFMR080SVQ2cXFwQVhSanJpTlFWWktjVFk4UkpncXZfLWwyQmNMUjVwaTRyMFEyT0gzNktVMXJMaFlpdmppd1ljSjBDQWJhbkhoYVV4SG5GLTQ3S0hPTGZWUmktTnVRMVA0S2dXT3N5SWJUcE16RTV3amR2MVZrQXI0TjF4NnljNVY0VUJobFFtbl9EMGhDSmNQYmJfWDVYV2JTV3dEWHVrMWJPMUlKUDAzcC1WOHF1VlZwaW1RME9iNXFJcV8yMkNSbQ?oc=5,The Indian Express,"Fri, 14 Nov 2025 08:00:00 GMT",2026-06-14T20:33:09.115736,cyber_fraud,True,False,candidate,https://indianexpress.com/article/india/promised-job-in-thailand-kept-as-cyber-slaves-in-myanmar-uttarakhand-mens-southeast-asian-ordeal-leads-to-agents-arrest-10364401/
cyber fraud Uttarakhand,"Uttarakhand STF Busts Rs 7.7 Million Google Review Scam Racket, Prime Accused Held In Jaipur - ETV Bharat",https://news.google.com/rss/articles/CBMiuwFBVV95cUxQdkhHOFp3cHB2MElGNWtjOXh3SVZpOEQyd1E3NEpZWU1PaEFMMW9xMHo2Qk0xWUZyaFNpd0VjcnAtU3dLSi1qbU91d3J5WTh4WXlVY1R3UXFDTU9KWm1jYUhvS1V3bzBnYzItUEJETHRSSGVBMGN0WG1LUUVxWXZ5TGVXeEgtT3I0aHFLdm9rRzNIeHVXdl9RQmdlTi1OVnZBOVVCeVBsdmxpT3phbVZqczJ1X3liNG41U05F0gHAAUFVX3lxTE03M1VCUzJSd3R3R0hfTUZlNE4zYVhtN2hNSFh2MUh2NU9renhoTTE1bElEWW1CQUhWMTR5bUYyR1RzVUZVTlFSMy01S09GRFlaMEFHdkdPT1h0QlNxLW91eUc4NzJhUGt4TmhaSE1jWEJKOTJ6WHF0eGR6Q0VFVXRlanNZcURKWC15S25adDcxSFNZejB3dVkxeWl2cnZQSUZNLW43ZmhKMW83MDNmSGdhdWt6UmhtTjMtTW8xazFicw?oc=5,ETV Bharat,"Wed, 10 Dec 2025 08:00:00 GMT",2026-06-14T20:33:09.115754,cyber_fraud,True,False,candidate,https://www.etvbharat.com/en/state/uttarakhand-stf-busts-google-review-scam-prime-accused-held-in-jaipur-enn25121007697
cyber fraud Uttarakhand,Uttarakhand: Kumaon’s first cyber forensic lab to come up in Rudrapur - The Times of India,https://news.google.com/rss/articles/CBMiggJBVV95cUxOampzd2tKOE55ZHMydlg3ZHpvVmUzR1A5ZVUzempnaU0teDhiMjh1LWhJcGlDRWNhZmFKTFNzdGh2VkI4QjZqMnk3Nm9yYjlTVHdNMlVmNjBlQzFtZm15U1J2WlNZR0M0UGtDbWtlLUYzWVJkWHVCMW1NemY1em5xbTJQS29zVXNuYU91b2pCWnFzbG8xZGtvUUN2UnVFZjdiSnIxamdtcl9aQmFyYU5vdUhHRDQ1WnZ5NW1JUGZsZEJuWnJhNnktZVZ3NFdETUktVEdIQ0Fra2daQ0tLN0t5dXE4ZU1Wam1IN0VQV093azlJem14S3JzaUkzYUd6ZDk3R2fSAYcCQVVfeXFMT1lKZ3p6TTJvLWVBQWRDbkJKUkdBQ3NBeUFWd2lGQmFjUnVMN3ZFbjdvcUtjMHBTMldTMEtxVWtTZEhJdTYyTjBVWDB4eVJfQnRUTmNfVTRmTzNReXJlWEp5WDlzb2xHWEVKTGtSNkRsTlJVX0dlekQwSktMQWtxcHRORjZyVVQ2bC1PLXg0M3VlZ0dQcDFfOXJ3TlBYaWIwZWVhYi1UTUJDQnBlSTlGeURyTFhQWDN0ekpoSHdfc21iRW5TUF96a3I4UjFYcDZtZEpaYW4zZ2JULU1kSVdDNHo4SGJCLUhpcENuMWFKa1MyNWlQSFBQLU15cWZ5SWtOMGNwZTgwWDQ?oc=5,The Times of India,"Mon, 13 Oct 2025 07:00:00 GMT",2026-06-14T20:33:09.115779,cyber_fraud,True,False,candidate,https://timesofindia.indiatimes.com/city/dehradun/uttarakhand-rudrapur-to-get-kumaons-first-cyber-forensic-lab-boosting-fight-against-online-fraud/articleshow/124519466.cms
cyber fraud Uttarakhand,"Digital arrest: Uttarakhand STF busts cybercrime racket, arrests main accused in Bengaluru | Bengaluru - Hindustan Times",https://news.google.com/rss/articles/CBMi9AFBVV95cUxOWnZSTjZhZk8xdGdmNXZXM2xSd3J4aXVYeEh2UUtaaXlIV1dHUkluV3VONWVIZFNpMVVnNmJjRVl5Ri0ySTJMNG5qa0M2YWZZX1FaeDFxaHVrX2pvUkNHbVJGbVNhb2xfUlFYc1lzMElqSFYwTy1veEU3Q1B5Q21aRWlXS2JGUkQ1d3UydnpIQUtsODN6bDNVYUxpRmJWUGVpVUxPWWZVSi1kVDVzVXpYWkhJQjdJRDAyaGh5VGpuQlFINS1GTHNRLURxUTZYc0R3bDRlSTJVcW9NM2RBcDNCX1FsbHJLUGhtSE45eDRnRFNwNmNC0gH6AUFVX3lxTE9yejhSVmhMMGtnbU9qS1FIU2d2anZnM0d0TnJRdkdVUHR3YVVfQkQ5emdURWZmYnRQX241UFhfbUFhb01EUjhLMjJJRi0tY0VReGlZOHRFYjZ6eXdVMTRFdEhJSHMxQlFJY0V0X1U3Z2VzazBReDQzU2lsYjVuYUxHX0tCNlJOOUVORDRvQ1dRbk1uekIyN2lZdDVFSFpmX2FkR1VsVVhHcVhrMGVteUEtbHR6VndDWGN4RU91WFAxWkxmLUV5WG5oZUhnXzFJcUhlMVpZZVNZV0Q1bk5vTEF6WHhyZDM5NGhHenRtSDNWOEFSSGw4N0Z4Smc?oc=5,Hindustan Times,"Fri, 14 Nov 2025 08:00:00 GMT",2026-06-14T20:33:09.115792,cyber_fraud,True,False,candidate,https://www.hindustantimes.com/cities/bengaluru-news/digital-arrest-uttarakhand-stf-busts-cybercrime-racket-arrests-main-accused-in-bengaluru-101763062280660.html
cyber fraud Uttarakhand,Three Arrested in Uttarakhand for Trafficking Youth to Myanmar for Forced Cybercrime Work - The420.in,https://news.google.com/rss/articles/CBMiiwFBVV95cUxOVXhEM0swYzZ3OXRDenpacFRqdjVMbDlzeG52czR5dENuNkZObE91MWR2dFprVTk5RXhWNmZfNDYyQzdNTTZOa05IRWh3cmQ4eU1QV0JSaF9OVE44SlZyMTZxOFBObm5OT0pnZWhpVExtcVE5ZFJEaG9hYkZFeHM3NXJDcGRKVWZZVVZv?oc=5,The420.in,"Mon, 24 Nov 2025 08:00:00 GMT",2026-06-14T20:33:09.115804,cyber_fraud,True,False,candidate,https://the420.in/uttarakhand-arrests-youth-trafficking-myanmar-cybercrime-kk-park/
cyber fraud Uttarakhand,Cyber fraud gang busted in Punjab: 38 young men and women arrested from Haryana-Uttarakhand; hacked mobile ... - Bhaskar English,https://news.google.com/rss/articles/CBMi-gFBVV95cUxNbW8ydGtLTm1ONmdPUHNHY1ZYaTN4d2ZVUkxIQmpjbWlza0M2MmY3dmFCSjlnM212a2VUM0hqNXUzZWpLY0Z3MUlyRDEwV2FKdFFOY1V4NXMzcllKMnBHVTV6dWF0TjRHZDZobVlGODlJM3c1aHFpOVJ6RUNwcnRveVlTUGFHanI2RUdJejIzVi02VXZmdG9wWHNjWlI2QlhySkV5dm5pMjhEN1pBNDRJV2h5RXRGNlFFMUh3bjFZTlJVeUd4WWlrMVZBLVBZREZaaUtJUnZGZ2hZZFhubU1sVHBGVTZ4Nm9JOXVyZjF2UUFHZEZMU0RiLTJR0gH_AUFVX3lxTFBRRmtMS3NCQ0lyMmJ4VjRUNGgyN0lsUjJaTzJmbjY3VDhXZ3JjMlF6SW00NXZTaGh1NjVoZEkwS2lnYm1mTmN2ZVJnYnZUcDVwajBSZU5EZU1jRHFFeldJTEg3Ynk4MzVnNkc5XzJKTnhZaDRXUzYwaEEzZk80Y2F5MF96U09GSzZPLWpnWjJIS3dYdmNDTnRDXzY5dmhYNnB3RlJDdnAtNlI1aGxoNGNJN0dVbk9oUXIxeGsyNXpnRTk1US04akJMX2FWRXhOSmVyb0hxM3B5bTZ5d1ZOQ084Qnd1NjhIRWh3VDBBRHJwcUdLYVVtUURhQkgtR1BqWQ?oc=5,Bhaskar English,"Fri, 19 Sep 2025 10:56:01 GMT",2026-06-14T20:33:09.115855,cyber_fraud,True,False,candidate,https://www.bhaskarenglish.in/local/punjab/news/cyber-fraud-gang-busted-in-punjab-38-youths-arrested-from-haryana-uttarakhand-for-hacking-mobile-phones-135959436.html
cyber fraud Uttarakhand,"Uttarakhand: ONGC staff cheated of ₹7.39 cr in fake WhatsApp investment scheme, | Hindustan Times - Hindustan Times",https://news.google.com/rss/articles/CBMi4gFBVV95cUxQZVdvTDlDVmZfNElVSjJzMHN3S3hiNzZhV19lOTBROUtjQ0pmNld3NVZJek5SYWd4ZkhncjBKeWV1amozNGZIU2xWM3BId0Rmd3pGZF9IS1YzU1dtcnUwMjRvcmVwMlpEcVdfaGlfMzNKMzFmdTdFR1MtYVZvOFNwVlVfa2E2N0dxLW9HWVhIZjRRWU14eEFvY0VnZU1yUW1GbnB5ZGlQa2dmWFplcGpreFZDSUNmVEV5UkswWkNzdVdramltQmFHMzRFczJycjg0MzUtQWgyMVM5NS1ZMlUzMmtn0gHnAUFVX3lxTFBtbFV3ZkF0VHAzSGxpUnZXUXZjNWZQSS1DNFc2aklsZkFWMWp0Zkx4d0dFY3hlLVFVSmRvc0NoLU9xN3BuNU8xVmI0ZFMzd0Z3M1Rta3FhWE9INjdjbXNnblNFcmsyajZRcE5meW4yVlJuMHJfZkhFUGh3dHJnclMxOFRZb0ZfRDV0Qy12R2tOSjN2b3cyY29oYnhWVXoxek5McDJRXzVOQWdpaTh4SkxMZnlqTE1Sc2ZqcHVFdGtxaFJSS2FhZWdqZ2s2X3RyV1hDellNQkltd3VIbVUwMXlCZVZsRW9nVQ?oc=5,Hindustan Times,"Sun, 24 Aug 2025 07:00:00 GMT",2026-06-14T20:33:09.115869,cyber_fraud,True,False,candidate,https://www.hindustantimes.com/cities/others/uttarakhand-ongc-employee-cheated-of-7-39-crore-in-fake-whatsapp-investment-scheme-101756033870261.html
cyber fraud Uttarakhand,Uttarakhand Plans Investor Portal As ₹800 Crore LUCC Scam Investigation Widens - The420.in,https://news.google.com/rss/articles/CBMihAFBVV95cUxOdXR3QjhxNENUSVJ1SHdfNkhZYklsc1J3NE1QOVBzS3hYeklwZXN4X082cGhEb2c0eVJ1U2NndTdoU2VOd2lxU1Z4SEJMYjNGNGdzY24zeG84WkxEM1hiV2w1c3ZEQ0xQUnN4M2JKNzJET2hTQmtiN3NhTmJ3eEMyNmJVZ3c?oc=5,The420.in,"Mon, 02 Feb 2026 08:00:00 GMT",2026-06-14T20:33:09.115896,cyber_fraud,True,False,candidate,https://the420.in/lucc-cooperative-scam-uttarakhand-cbi-probe-investor-portal/
cyber fraud Uttarakhand,190 people rescued from Uttarkashi's Dharali village: Uttarakhand CM - Business Standard,https://news.google.com/rss/articles/CBMizAFBVV95cUxQc3NfSlVMc3pzQ2hNSS1DUmVoYU42STNtNEx2ZHJscE5OWGJaMGhMUUNhSWpXRkp5U3dkc1Q5dzFmRnpQWl9WVTNFN1d5SG5hSFpUeHd3aUJZeE05XzdHVms2QTJNY1VCZ3ZfT3FxQ2I4SW9SblVkTFZxdW5hSUY3TUV5RFRtamJQU2NKcVNHMWJLYzc1WWdjank2WjJsOE5EbHNPMmJlM3pablc1R3VQMWc2dVlUcklQc2JmN1RVWjI3QVZNQlF1ZzdmTjnSAdIBQVVfeXFMT2NnYkZ0eEx3am5Bdnh6c2poeGNwMmQ1aF9mN2Q1eEJ2aklNTDRXd1d3QUpCbU1JQjVwaTRZQVhEaU1lU0xwOG1nQ0RGeldtZS1MN0FNa281VWRRQUdWdXFXVDRQQzdWWVRGVnNWOWxzMEdLS05WWkkyZTY5a0FjLUNYY213aG5BYWNIeXgwcEhLQ3hzeWFBUnRHaHFTMHRTRzVUV1l5VVA1NFVCdkhCS2hxVmFXYjZBOFZlNnRNaTVCY3UwSk9QX3pTV3ZtcnNGRmZB?oc=5,Business Standard,"Thu, 07 Aug 2025 07:00:00 GMT",2026-06-14T20:33:09.115940,cyber_fraud,True,False,candidate,https://www.business-standard.com/india-news/190-people-rescued-from-uttarkashi-s-dharali-village-uttarakhand-cm-125080601679_1.html
cyber fraud Uttarakhand,Search ops for missing people in Uttarakhand's Dharali continue: Official - Business Standard,https://news.google.com/rss/articles/CBMi0wFBVV95cUxQUTdlWW5NTTRULWJMaEZnQmhOdHowRWgxQ0RNN0Q3SFQ3VXhuWUZqbkNYUHhxRzBXalhYS2ZnczFCdzc4d1dXSEliNjFZQVFkcXVpNlVkdVRaV2daS0FIYjhPeHpNeE11cEgzZXRJNG5hZWtDcl9CMVJWTTByQ1BGSGZOTzEybF85dEdfQWhHNE1URnlwaV9TblJyWTJ6MXM5QVlobUgxRHBaNEpKVTNuNlMwYnFGQWtiOE5IRjktaFBPSUQxOFY5UWpGV0Z3U0w3MTZF?oc=5,Business Standard,"Fri, 08 Aug 2025 07:00:00 GMT",2026-06-14T20:33:09.115955,cyber_fraud,True,False,candidate,https://www.business-standard.com/india-news/search-ops-for-missing-people-in-uttarakhand-s-dharali-continue-official-125080800400_1.html
cyber fraud Uttarakhand,Uttarakhand cloudburst: Missing 28-member Kerala tourist group safe - Business Standard,https://news.google.com/rss/articles/CBMiywFBVV95cUxNWEpwTzVSSDhRNEdRTDRpTUNJMllFUGRIT1ZSdzNVVDU5aWNyaVloWHdaaEI1R1NjMTdmTHdqc1RyS3VCU0pJODMwNThVcXNmSnJ3bE4yVUN4VE9ZMm44NWVCVUFZRFhyNUFyZElDVHR1bHREbHdWalFTNXZXaUZMb1dJc1RzWWkwYi13QllDUDhWTmFGZlg2aVNpNzN4ZEZNLVlOekpITzVfOWVHZzdFRnhULU53V2VqenhjMWdLbUFSUlAzZUtsV2czMNIB0AFBVV95cUxPZ2FDOXJnNXdTeUNTVHVfbWNRNVhEbmF2dE55UWtHcm1ZdW93MldZTzQxNkxxZFN3R3d2ZnpweVNWZzBiLUg3VkNybzUweDdyWU1XaTVWRmhzWk1NdFBjeW9UU2JndUpGYUk3N3RQRFloYXMzVTBsVWM0RUpmOXJ2cXhqTk5Tend2RFBWM1hVdmtxemZQNk5zRmFNaG5yTEw3OU80TTBWUGFvaEU1dnI1VDNxX3dlM1lmODJzMjQ4MTI4VG0wZmk1MjJfa0NTOE1O?oc=5,Business Standard,"Wed, 06 Aug 2025 07:00:00 GMT",2026-06-14T20:33:09.115970,cyber_fraud,True,False,candidate,https://www.business-standard.com/india-news/uttarakhand-cloudburst-missing-28-member-kerala-tourist-group-safe-125080601948_1.html
cyber fraud Uttarakhand,Uttarakhand Cyber Fraud: Man Loses Rs 2.5 Lakh Without Sharing OTP Or Clicking Any Suspicious Link - The Daily Jagran,https://news.google.com/rss/articles/CBMi9gFBVV95cUxQVlpwUVd5Z0pEUUl2NTNXeDFZUFZLNUZFYkRCLUs0ZE1XQ0MzcmtRc01XSktpOFIzZ3VGd2ljSUtZclgxVDZBeVNTcDVvbEFNTXNDMm9NblpJYzQ3SXBGZlNkeUlEM2V2aEhKZzhjV1loc2YwVW5IMUUteVVfMVlUWWhhbVJPcVZXakJlNDE3M1NDamhNdnpSTlZudlpHRHN2STZQNzRXR1I0X3k5SEFsTF9RMEdQMm0xa0JjcWk1SGI4cmtZREdCdTFkOUx0VDNYRUNhb1lHNnRLOXN5Y0xWN2dlblB6Q21aanp2NXRUSTZ4MkNMMEE?oc=5,The Daily Jagran,"Thu, 04 Jun 2026 06:46:00 GMT",2026-06-14T20:33:09.115985,cyber_fraud,True,False,candidate,https://www.thedailyjagran.com/india/uttarakhand-cyber-fraud-haldwani-man-loses-rs-tow-and-a-half-lakh-without-sharing-otp-or-clicking-any-suspicious-link-10315010
online fraud Uttarakhand,Uttarakhand STF arrests two cyber fraudsters from Jammu and Kashmir - The News Now,https://news.google.com/rss/articles/CBMingFBVV95cUxOQWYtci1Ec19rMkE5OVVCdm9nYWZ5S0s3UmJCMTVRVmt4M29oanR1ZHV1WGh5d3J0eThvUFFQbnZBSDVZejF5T3FpV2lRYkt5M3B4NUZBdVRUUm9hdzBDcmV2OTBXdnZjSUl2VlFTYVFsSlAzUmxBcHAwYWQ4Vk5tV2dqTEc3b21rQ2FNU3hPcUVYRlY4ZDVUQlhQbk9CZw?oc=5,The News Now,"Thu, 09 Apr 2026 07:00:00 GMT",2026-06-14T20:33:10.956738,cyber_fraud,True,False,candidate,https://www.thenewsnow.co.in/uttarakhand-stf-arrests-two-cyber-fraudsters-from-jammu-and-kashmir/
online fraud Uttarakhand,Uttarakhand govt launches portal for Rs 800 crore Co-operative Society scam victims - The New Indian Express,https://news.google.com/rss/articles/CBMizwFBVV95cUxQdUhiVk9mNVFLNUQyamt3aDNYTHkwQ0ExcVFYMWs4S3h1eGE1eUtKNElsenNWb1FjbWpNQlBJUUJNYzVqcWt1OU04S1pnS2g1V3NYWlJmX3VxclQ5NTA2YnhBUWVtc3pxRGFqd3VZTWc3d2JUUnA3NGRRM1BvTEtXSjJ5Q1M0U0g3U0g3OEJmelh2b0RlOFVkdWVCZ3RFSnpJQkIwU1lBZDkxU1lBdnpTWmdfdl91N3d4S1BTR19zODFNaWZCaHBLNzc4bkQ5Mm_SAdwBQVVfeXFMUDdSYjhQU1dkR2lnMTBOTEd5ZHc4LXFhRy1Bcmlra2tFNjB1d0hSV1lEYVZMeHVpbGNPbGQ3OFUxSnRRS2kzcEZIWGdNSTdEX2doUXJXQnhFelV3MkNyeVo5ZUtoUzVUOERLZ3k3UVpyVFZCaFYxYUJ1NHJ2Y0lLYW82RTN2dE1rSjFsZkxidGlYQ2RpVnVCN19CUERWTDVhNGp1X1loeEV1WWJHTmgwN29zbzJZWTJRZnB0WVJSLTFVeF9HSTJxaldiZURFSFJEV0RVWjd3dE1vdTVXRA?oc=5,The New Indian Express,"Mon, 02 Feb 2026 08:00:00 GMT",2026-06-14T20:33:10.956821,cyber_fraud,True,False,candidate,https://www.newindianexpress.com/india/2026/Feb/02/uttarakhand-govt-launches-portal-for-rs-800-crore-co-operative-society-scam-victims
online fraud Uttarakhand,Cyber Fraud Nabbed From Tamil Nadu For Duping Uttarakhand Youth of Over Rs 60 Lakh - ETV Bharat,https://news.google.com/rss/articles/CBMi_AFBVV95cUxPTUV3YzJIbHN5Z1RzQnVITlQ4U1l3MURwY2ctYWpIeWxuTG0tYUhSQ2RCbTY0TXRPVUhGOXlsTmp3UEpub1pBb09ra013dllqanAybkxJOU9QRjNoaTRoMW9sZVM3VU9HQTFxSG1rcEc5MVhBdS1fZ25LazBtRjlWZ2t4Yjl3R25DQUQzaTN2WHN3S0htNWFQaEhNR0xvejdmMDBtdE55QjU0Wlg1MWJUMjc5dFY2OXJzN081SnZ5MldSVDJHRUFfcHJCZkY5OVN3eVZVZnJEOThuQmE2VHk5bnVadGdxTWljV08xeENLZThQN3NpN3pWWlpnT0zSAYICQVVfeXFMT2NqQlVNYm9pV0hyTkJtemFkcHExNjBJV25QVS16end0RDc5aTlmQ1lHV18wUmUzVjF4c3ZmUG16T21Pdzc5OUotN1U5eFJjeWo0YzlzQUh4VjRjdHB0MnZVQVpvaXl4YTRkbzlwMlE0SVRfZVVib0xrUmlVU0tGQ0M2QlBjQ2VHNWtnZU92RzdQeUxUb3F3cm01Qmw3M0hHSHJpbTFXd01SZ1I5YXcyaXVsNko3NjdacnhMX08zWlZodF9YUGo3T3NwVjkzcFNVYThkMHBoOFpLZ1pOemZ1c1BBcVZmczRZeGd5amg3VnNaV0Fna1E2R0xqQXpNMEszZUpB?oc=5,ETV Bharat,"Fri, 04 Jul 2025 07:00:00 GMT",2026-06-14T20:33:10.956916,cyber_fraud,True,False,candidate,https://www.etvbharat.com/en/!state/crime-news-uttarakhand-stf-arrested-accused-who-commits-fraud-by-investing-in-cryptocurrency-through-matrimonial-site-enn25070404980
online fraud Uttarakhand,Uttarakhand Police To Launch 'Cyber Comics' To Control Online Fraud - NDTV,https://news.google.com/rss/articles/CBMivAFBVV95cUxQWjJNV2ZxNHNscWRvN3lyaDhhNExVOXB5emdjeUJCOEIybmg1di1ENU5sZU9kM1M4SU4xZDQ5T1pmTHhqbFZodGRaNW1lejFqSWF1SzVCR1dOV2hnUUdIVGRiVFZKLXlENU0yNEJzWWpsR1Y0d2dhVEszd2RTWXFZcHdHQ0lXVjFmVnBNT1VoS2xYd1d6VkdpSzhKMW5lWTZMTXlDVHhNZzFjMTVsTHdBM0JEdHdlS1RlSnQzRtIBxAFBVV95cUxNcnhkSThfeXFfNExNT3JySlZyZFc0RnJNTElUTmREUjM0dnc1ZWpYTU94X3FyR1BKaTZ1b1pXNGxuSGlKOVZPelBPMVdraDRRak93dnFIazJZVEFfYnQwWTVQZmJQUTQxUm1zVWxLTFQ3WXlGT2JZVkVjUmQwTmR6b0toQ244cGhZMjZsdEp5LS1hTW5XcHE1NHpENjdZWlBVZG8wcHVaNXI2SkFGWUZNZnNVWlVzMGJqNk1pUThLNEtVYi1a?oc=5,NDTV,"Wed, 30 Aug 2023 07:00:00 GMT",2026-06-14T20:33:10.956942,cyber_fraud,True,False,candidate,https://www.ndtv.com/india-news/uttarakhand-police-to-launch-cyber-comics-with-help-of-ai-to-control-cyber-fraud-4343365
online fraud Uttarakhand,Two Held For Duping Uttarakhand Businessman Of Rs 1.36 Cr In Online Stock Investment Fraud - ETV Bharat,https://news.google.com/rss/articles/CBMixgFBVV95cUxQUGdnanROeF9pQ3R6UG0xSUxGaTRMa0RWaXZub0VjX1lZQk0zWDVsMF9xTWdGWFdsWmwxajJUZDRwTGJTalNlLVZzSHNZWEU5SzZVd0NqUm1pelRyaWhQTWplOW1oQXJzeldtYWEyeWxFcVhwMG5Vc1VfcXgwZl83cGF0MGdNMmtreDViYjkzQkk0dDZMUC16eDRkXzRLUmVxQ29lUE5DME9kTUZ3SGQzUnIwVUlzVTg1OVJiOVVfTFNuTGpTZEHSAcsBQVVfeXFMT3pRM0t1aUZxeW9CVGptNkFnTGROdnk1TmlpQ3FFZllaaHRvWkJqal9LZDZLVmZXYkFsa1RDNEl4UHQ0VGo0eTdwbWsyUFVmdmVJYzZ3c2xxMHZHbWZ3R0RxcmVHVFVnZ1gxYXZsbmlwMXowSnoyVzhQU0lFMHFOVFBrT2dPWkhBRjRTcmw5cUVpQVA5VWloX0U4c01SS3hOWnFWUm1pMm9kNk5JS3Fmb1lyVkNySjJsal91VGlIck1Dckx4VDROZkJaTlk?oc=5,ETV Bharat,"Wed, 21 Aug 2024 07:00:00 GMT",2026-06-14T20:33:10.956958,cyber_fraud,True,False,candidate,https://www.etvbharat.com/en/!state/two-held-for-duping-uttarakhand-businessman-in-online-stock-investment-fraud-enn24082106543
online fraud Uttarakhand,Uttarakhand faces alarming surge in cybercrime; scammers steal Rs 46 lakh daily - The New Indian Express,https://news.google.com/rss/articles/CBMiyAFBVV95cUxQbGs0ekFYbmtTYWRBc0V5Z3l6dzVuSVFlY09GVlRTVnFrekh6VWVEZnVvei1TQ3ZTXzE0UzhNY3F6ZWYyTkxjSF9nZm9lUTJrbklIZDBpdFB1R2Z1TFZmSDRhbUVPZHhVZnFCbXY3Qm55MDVBQXZub2lIYWR0QWFfSlRKY1JHUEFaTkd3U1QzaFlUbnowZ3JYT090aUVhVDYxZGpoWHF3UmVxOG9EUGJxaFd6UDg1SG8tSmFMSVI1di1jWVNHZTlxS9IB1gFBVV95cUxOLXdJdnlFYzJUWW01amoyV2xVMUV0ckZBaTdYeERzRjdudF9jVVFKVkh4WTZKU0Z3V2xJbDFNWlNzVXZzU3MxcU05Y3drMVBSMTZna3FHMGV1bk1pVmJScFRPQ2VuX2J5Q1E2ak54b212dGhLZGphUWxCY200TTMzNFRIODRNZl9OYVE0RS0yNThWNm9VOFhxbjNvN2E4N2ZvR0N3NTJXeHJmWjBlZk85YWZ3dHUwMHhpZ1Y3WGJFc21xRkMzMk5MUFpGZjRlRDVsbmh1Smp3?oc=5,The New Indian Express,"Wed, 23 Oct 2024 07:00:00 GMT",2026-06-14T20:33:10.956966,cyber_fraud,True,False,candidate,https://www.newindianexpress.com/india/2024/Oct/23/uttarakhand-faces-alarming-surge-in-cybercrime-scammers-steal-rs-46-lakh-daily
online fraud Uttarakhand,Uttarakhand STF Arrests Cyber Fraud Mastermind from Jaipur - ETV Bharat,https://news.google.com/rss/articles/CBMirgFBVV95cUxOS2Z0MmpIdmo1U3NvcmpacEFSbmd2N3pUaU14Q2huLVNrT0YyU2hhQTVHX1BZZ3pkZEU3SXIxSUxhdW1PeDdEd0ExeGE4cWRfUTFRV0RfVzVBV09TN1NSM0I4QTVSUXhZV0VtSk9rMFZFdVdIVkFSY1NxODhNd0R1MUc5VG5xZzRyVU12MlFkRUpfbjRLR2tZTUlOWWFBVVVlSTBCYnNmQnR1bUo1VVHSAbMBQVVfeXFMTW9hUDNmQWRXYzNybVBBb3d0RGZkTGFwYU8zRWdTUUhISTM5MWVQS2RaRmNDaFdKaHJBellfLXhLMU9BdG9wRmJfYmlJOU9na0ZCUnZfUUNzMnQ4UDNkLVZDaWNJSWhrVXNjMDQxLTE4cXZJQjRXajhZamFBMHFjOUNhTGR5R0xVVWNISk9lZ3N2SDVieWo2NS00Wk1veDNHZl9LNW1lRUN6eTMtMU1vMFFxMWM?oc=5,ETV Bharat,"Mon, 04 Mar 2024 08:00:00 GMT",2026-06-14T20:33:10.956974,cyber_fraud,True,False,candidate,https://www.etvbharat.com/en/!state/uttarakhand-stf-arrests-cyber-fraud-mastermind-from-jaipur-enn24030403781
online fraud Uttarakhand,"Uttarakhand Bizman Loses Rs 2.67 Crore In Crypto Investment Fraud, Cyber Police Launch Probe - ETV Bharat",https://news.google.com/rss/articles/CBMi4wFBVV95cUxQdEQtdjZ6NzZIQlRYdGgtNkMxZWZIQUtTVnAtdW9NMU9RSWg0UHFWSElhMnYwZU5PQndLRFVmVk52blY3aFZmaUZ5N3kteS1wRnFuXzRkZkFaNUxTc0xLR0xFaFlfdTZCY1ZIeHFNV0Y5YldrMXZNNThzNmx5QVYyNHJ5QnZUb2ZvU0tEbkZPVjlJQW1tYlpDM2M3Q2VIWUlVOFY3RENuMlZMbC1XWXJqdTdaOG14STE1Y3dGZXl6Rm93MjdqUDBqNXZwbXNBSXpobkpaTl91Vk9SeUYyZGxNbFJLVdIB6AFBVV95cUxQcEdfV0E2ZTkyeVlqX21sMTBQdWpNUlA3alFXaG1CZjdDbkxvNXNnV2w0SmJQZEx6V0hyT09RLUx0VXFSblExaV9OdHZEX2pXTE9NOFlFckVsVVB2d2VWM3d3OVNVMG5ENTRKUWNRajVicUJuamdnWVVJeWtnZjZnWGlpWk9tMTZTQXM5bk04dnFCN1RLTmlkbjdNTVFIUkNYMG16V2hFQzYtbG1nbzF5OHJ0dzNvaFd0YmRvb0tPaTVPbURHV3RHWnFQbThpWEFrUjN6dzJZTFdsQUw2SFgzVXR3dDQzVEc1?oc=5,ETV Bharat,"Fri, 21 Mar 2025 07:00:00 GMT",2026-06-14T20:33:10.956982,cyber_fraud,True,False,candidate,https://news.google.com/rss/articles/CBMi4wFBVV95cUxQdEQtdjZ6NzZIQlRYdGgtNkMxZWZIQUtTVnAtdW9NMU9RSWg0UHFWSElhMnYwZU5PQndLRFVmVk52blY3aFZmaUZ5N3kteS1wRnFuXzRkZkFaNUxTc0xLR0xFaFlfdTZCY1ZIeHFNV0Y5YldrMXZNNThzNmx5QVYyNHJ5QnZUb2ZvU0tEbkZPVjlJQW1tYlpDM2M3Q2VIWUlVOFY3RENuMlZMbC1XWXJqdTdaOG14STE1Y3dGZXl6Rm93MjdqUDBqNXZwbXNBSXpobkpaTl91Vk9SeUYyZGxNbFJLVdIB6AFBVV95cUxQcEdfV0E2ZTkyeVlqX21sMTBQdWpNUlA3alFXaG1CZjdDbkxvNXNnV2w0SmJQZEx6V0hyT09RLUx0VXFSblExaV9OdHZEX2pXTE9NOFlFckVsVVB2d2VWM3d3OVNVMG5ENTRKUWNRajVicUJuamdnWVVJeWtnZjZnWGlpWk9tMTZTQXM5bk04dnFCN1RLTmlkbjdNTVFIUkNYMG16V2hFQzYtbG1nbzF5OHJ0dzNvaFd0YmRvb0tPaTVPbURHV3RHWnFQbThpWEFrUjN6dzJZTFdsQUw2SFgzVXR3dDQzVEc1?oc=5&hl=en-IN&gl=IN&ceid=IN:en
online fraud Uttarakhand,Cyber Fraud: Uttarakhand Techie Duped of Rs 1 Lakh in 'Digital Arrest' scam - ETV Bharat,https://news.google.com/rss/articles/CBMiwAFBVV95cUxONU5sa1FNRUF1ZFVQUFRPQ2VIZDhJdUl1SDBOVEJXLWtiaXNpVGlaSU4zZFJqLWV0SXFLQ01FTUlWMnFlOG5VcTU0Vm1TSC1EbHZTZVdnQUhSTmJySEZaaXRKd1dFbUhKU2M3ZEVCRjdWVUpYcHZJZGNyZzRiSXJpZUhqSWYwTk1PY0M3NDdyaWQyR3dKMHJadWo4XzdyeGJRa29UaGhoTC10MnNDZld5UDVyMnMtVzJUTU5Nb2dscVPSAcYBQVVfeXFMUDgxNjVIUTlNbjYxNWo3VUJ2TVMtdDhmQ0p6WlltSHZFQklOUWw0Qm5mSDRYMkd0dHl2eEZPMnZvc3VxOXRNVkFEYVF3T2d5M1dHeVJjRWFDT2VadXA1RmpKZEhjcE1SWGZuXzJ3TG8zcXRTWlcwdml6c3hpNVN5V3ZWeU4zTDVWREhHQ2RFNU5lbldlOFBMcXBBV3l3ejFEOUVWaTFNc0wzNkNEYVpTZUlHc2tWVjYxVVB4UFBYZ25zWXFqWnNB?oc=5,ETV Bharat,"Mon, 08 Apr 2024 07:00:00 GMT",2026-06-14T20:33:10.956990,cyber_fraud,True,False,candidate,https://www.etvbharat.com/en/!state/cyber-fraud-uttarakhand-techie-duped-of-rs-1-lakh-in-digital-arrest-scam-enn24040802046
online fraud Uttarakhand,Uttarakhand STF Arrests Mastermind Of Cyber Crime Gang From Haryana - ETV Bharat,https://news.google.com/rss/articles/CBMixgFBVV95cUxQdnJMdW5sUjhZbHVpYUQyMHAxQW10aHRrcHhvRFN3X3JkRU5fLVRobE5BUTZFZldQWERoRkpOV29kaXAwZnB0Y2FZQXV2R3JVa1BLSWpmS2xWSDF5TVREYS1idkh1YUJVRnpIUy1pTUQyNzdKbE1ucGN3bWIzanBGcG5sekVrNmszRTFrZUh2bS1QWmstUEFNLU5QeU5BZXBXRURLTzg1c0VGUUpBM0ZITWRabEdNQzRSUXlVcXFUR2FMQ3hsVGfSAcsBQVVfeXFMUERZX2w1dFBmMzMySDNEUHFKb0tWX2RGVEQ3TC1uZzVvaUlwVHIwQms5SXczTUw3TFBOQUxxd04tNzZVWmdWcXlnQ3F4OVg0WFFuT0k0M25hZWRma2ZJMG1RLXdDeHNRbXlJVnl1anRvRmo2cUtjOUQ5bnRGbVZhc0hEUUFlVVZnRlFnTmY1M1lxWlY2T0lnV0tNX3NfTTJtUVI0OUR2RjZZR2VrRUFvUG5IbUZHclZZNDFPcjBrSDd5b3ZYRmV4bUp4ekk?oc=5,ETV Bharat,"Sat, 31 May 2025 07:00:00 GMT",2026-06-14T20:33:10.957006,cyber_fraud,True,False,candidate,https://www.etvbharat.com/en/!state/uttarakhand-stf-arrests-mastermind-of-online-trading-fraud-gang-from-haryana-enn25053105864
online fraud Uttarakhand,Uttarakhand STF Arrests Mastermind Of Stock Investment Fraud Worth Crores - ETV Bharat,https://news.google.com/rss/articles/CBMiwgFBVV95cUxORl82YVJJcGRqM2hKZFlPZFI2MUNpMWd0TTQ0ZTdMSnhFbmUtUFdtYkhyQnIyV2FrVU5RUVhzZ054ekhTS2o1R05nTGxWS1ZENEpQeTItT0pmQ081OVVWVG1DTmMyRVVBampWbDF2Mk5IMzlwb1ZkSUNrVi1kT1A1WjdYTGd1MzVQaEFEVHhGSHBNVS1IcWkzbVhKamE1Q1J2c1B1MWhWY2xhNXhhUDBoZ3VMVU1GOHBuUXZLQUhycFpmUdIBxwFBVV95cUxOb3NqVFREM3RWeHpvUVpycFVkY3F2VjdGaFI3T0M3VzZ6MEs5RHQzc3FJZl8wd1JQUVF0S1VJcWVrTWtWLVF2b0NNc2N6aGJUa3RVcXZURGFzQnZmeUNmX0VsNmt2VVdBVVJJYWVVTUZ3TnlSUDBoQWw4ZFlIcHdSVXAycDY1c0JoR0l4SG5PUDVkbDFzVE1LMHFXdVpDU0tsa0ZRVl8wNWZnY0NObUUxeFpRWVBTOUJfNlpzc0ZKYm1kXzh2YnEw?oc=5,ETV Bharat,"Thu, 19 Jun 2025 07:00:00 GMT",2026-06-14T20:33:10.957013,cyber_fraud,True,False,candidate,https://www.etvbharat.com/en/!state/uttarakhand-stf-arrests-mastermind-of-stock-investment-fraud-worth-crores-enn25061905398
online fraud Uttarakhand,2 held for duping man of Rs 53L in online trading scam with Dubai links in Uttarakhand - The Times of India,https://news.google.com/rss/articles/CBMi4AFBVV95cUxQemt6U3pFc3FRQ2RCekpiQ2lhWkJKNlI1c1p4a1F3Q1J4MEY2ZksxY293UGhzMW1vaGFLY2ZvNm5HTXJldVIzS2VkQVpyZktuZzBqTzF3dVZPeVNkOVBrV1U0NjU1eDliMkQ2LTM3RV9lQWQ1cTBUdHIwNElJVlRlM25mbnhkcUVTZnhOTXgzclBxQkg0RmFqN1p0cFUzV2NaNk5qVHVjSVIyakl6bDhKeklrS1I0UFFydE02czB4cG9jdFFGSTNUNGdIS05BSU1Lb05iTEVUR0hmU0U2ZFJ4ZtIB5gFBVV95cUxQZU1rZk9Sdjg3am8ydDdQallFRFNaRHJqSDFDd0pUTEtqUDM2V0N6STV1OVJfSVFDSEhOdXZOTUEtZENVUVhBZl85WXZLQWFTdDhIbEFCVEtXOTEzWjQ5SGU5RnN2WU5ZM0dPc0kxdEpQdDJRbjZKZ2RpRFRaaXZMZ280NEVSNVdmaTJDdW9XY3d2MTFhUnlnNDF3b0owTy1MQUgwSVM0bEZhbmkxQlpuaGYtZ1RTOTV1ZTJkQUx3bmRQd2NDWmJJQ0NFa3JFVFA3RjFhLU1UWFZIX1FDbDgtVDdJM1cwUQ?oc=5,The Times of India,"Mon, 09 Sep 2024 07:00:00 GMT",2026-06-14T20:33:10.957021,cyber_fraud,True,False,candidate,https://timesofindia.indiatimes.com/city/dehradun/2-held-for-duping-man-of-rs-53l-in-online-trading-scam-with-dubai-links/articleshow/113171392.cms
online fraud Uttarakhand,Textile Businessman Duped Of Over Rs 1 Crore By Cyber Fraudsters In Uttarakhand - ETV Bharat,https://news.google.com/rss/articles/CBMiygFBVV95cUxPRTBYS19XdERnY01pR0hDRjB3UG5hWHF1TEpaLUJQcjlYZzI4MmZfby1YUEg5V2MtQVdjY043WThpWHQ4QmhENEdERjAtTWNINDVFWG9BX3FYd3V3X3VEOGJVYUpPR081UmpnbTdkZnZ5VVdESDB4UlNJTWVsVDN6YjRqOWxuSDlKODlaQV9GYUJYZXpKUTQ2OGhaU0tmOThONHlhMWoxREt1RGFFY1ZtVGU3Z0ZfQTNfci1tbWlLV0NIS1E0VERPTEx30gHPAUFVX3lxTFA0eC00bzFpSUpUZC1sUmp3TjdwRVpWWEgydUwtSWRUdTBQRDU2c2I5eVc1Q2Q3SThOMkJ6N3g2aWV0N2hJbmVyWjdTUHIzZXcxUTg3aDNNWHdxNTdCWWZYcTJJOERpMzBJYW5rUVFfUU9FRDA2WEVGMFdNTDFjakM2RjdKRmVXeS1VUmFWeEtwVTVaYjRaN3pIYlFhcWg4WW01V0l3ZEdxcjdyZERtWmVHaGJHRkxrUms2UmdGNHp5QXlkTnl4U2FNRzY0T0lMVQ?oc=5,ETV Bharat,"Mon, 14 Apr 2025 07:00:00 GMT",2026-06-14T20:33:10.957029,cyber_fraud,True,False,candidate,https://www.etvbharat.com/en/!state/textile-businessman-duped-of-over-rs-1-crore-by-cyber-fraudsters-in-uttarakhand-enn25041403876
online fraud Uttarakhand,Uttarakhand STF arrests mastermind of ₹750-crore cyber fraud racket at Delhi airport | India News - Hindustan Times,https://news.google.com/rss/articles/CBMi3wFBVV95cUxPZ3ljZFZhd1lMTzEyWDhHVnMtNDhheFZfQnVpZldZZ0tEaTBYT0VVaEFkamJwbGdnSmhqNjlRX29WaVpGUjJMZlFOX3JacTBnRVJhZDYyejU1WWh4NUpyRXZCSmZOUmZLaUhNcFVKWTd1dktEbFhKNWdvYTc0b2h3Ni1HSExZTHZDbmRiYTlidFAtMVA4NDd0TjEtZ1l0SDBiTUg0Q0g3TnZVQTFJZ3NHOVpMVHhGWjZjVjFkSV9UbnVZMzh5V0xIRHZYcXpydmNrOGFTbV9jYXRFQWpLTElZ0gHkAUFVX3lxTE5DUVlfNE1YUlZyX1c5X2MweFNGemZoNHNUSlNxQU4wWDFyNDdqVDJRMHRRMUN4M1c2M0ZmUGVuVUhrdzdBMEhuYXZ6WmpZMy0zdDRlWFJEaUFUbkN5c3VhMVo2di1TMjdMNVpWWUdja2tTTFZxNFVkX2RpUjJQUlZkUG11MkZMQjVGRDNXZDBKVF9YU0lWMmszTFlBY1pxandTWUlMZm1CNENONExiRm9YTHBhVVQzSW5idmpNSmNmTzdaYUoxSWFVNTJRMjZfU3BtbHpURlZhdExsMHE4dDg2dmk5NQ?oc=5,Hindustan Times,"Sun, 06 Jul 2025 07:00:00 GMT",2026-06-14T20:33:10.957054,cyber_fraud,True,False,candidate,https://www.hindustantimes.com/india-news/uttarakhand-stf-arrests-mastermind-of-750-crore-cyber-fraud-racket-at-delhi-airport-101751807611450.html
online fraud Uttarakhand,"Digital Arrest 'Mastermind' Caught In UP, Says Uttarakhand Police; 'Was Linked To Rs 6 Crore Online Fraud' - ETV Bharat",https://news.google.com/rss/articles/CBMi5wFBVV95cUxQQ0tSZ3R1ZFRhcktfSmwzaDJGWGZ0RmhxeGN0by1IMHlVVEdVSHcxczk1X0VtZHVRSWk0cy1NSnRlRVNrQnNtbFBsMlQzN0N0QWU5U2RRZEYtWlZfV1UtOXVjeHZQZTZlTnlhcnd6MS1TMW1Ia1VFMDJzbGtBTXlINGtvdHlQdmFpYXQxa0pRZTBmbDBTalNia0NzU3EtVkhxWEFFNVhSZGlydTFibjRVeVBlT1N1SEZfaUd3cnZtZTV6NE1GQVRKZEFvSy1halNoVkFReHV6SnlWcXVnWG5uVldWSHlzM1XSAewBQVVfeXFMUGJyTEluZmprT3EtdWxaSlFkS3lXeV9PRXEwMVdKeWh4UW9uUEwxMWJMdHlidjdrZkFkZVJwaUFCX05EUVBKeUNFT0JyWDBGVURHMFE4eV9ZUlBNbHVSa3hsZE9oNDFPY2JXLXV2SjBabk9WS3ZNSTVqU0hEUEpZU0hWRTI1UWoyZlh1YnBMOTluTFZEUURpN2dlcTRydkZlZnV5V21hVWtfeHp6UzFLRDVsM1o2MjY4RnN3UTkxdFVNQzI0TnhaN05hOTlMTGh1dXFrWHRLem1TR0NqVXMyR2dnTk1UVThWQW53TnE?oc=5,ETV Bharat,"Sun, 27 Oct 2024 07:00:00 GMT",2026-06-14T20:33:10.957061,cyber_fraud,True,False,candidate,https://www.etvbharat.com/en/!bharat/digital-arrest-mastermind-caught-in-up-says-uttarakhand-police-was-linked-to-rs-6-crore-online-fraud-enn24102702377
online fraud Uttarakhand,"International Cybercrime Ring Busted In Uttarakhand, Two Key Operatives Arrested - ETV Bharat",https://news.google.com/rss/articles/CBMiywFBVV95cUxPVDJjRnZ4MXpVQ3dRT3o4dUxfTWZBS0lsMm1BWVdacVBQUmprOUxhR01vMjZRY1ZnU2R3cWwyV0V6VF85VllIYWQxbC1RQzFGRHp0TVpYaG8tTEtqNjRyWENLZUVJWkVoSGpRTU5KVFUyaEc5NHBFcW1ZRW5HdDJRRkFMMWdRQ3QyRTZHdWQ1Q1BOZjByWDByMVZIUjNNbG10WTZqRXpncnExdEJ0cmhGZlRSMEtoZ002MDlCM3djVXhRYmZrYWtybGFnY9IB0AFBVV95cUxQb2NoUjY2QTBkek4zMms1a0xZS1JRLTE5T0ZWc2ZnNTl5a1VFd1FVSEFTVzJ0Si03cnMzT0pIZ1JWZlYxUUlUUTdqZ1dKLWxJejlhYURld2s3ZXdzdldHNlJPbmVTeV9YYTBLaUtjbW1hb2tVUzl6dGtlNFM5OU4wNXhTaGlHNHd5MlY5eC1qS2pFT2FBdi1hV01wN0lHUF9HOS0tZ2drTnQ4d1lSOVkxa0JjSlZMSldhaVh5bXZYb2FSREZ3eHhKM2hOSjA0SXg0?oc=5,ETV Bharat,"Sat, 22 Mar 2025 07:00:00 GMT",2026-06-14T20:33:10.957082,cyber_fraud,True,False,candidate,https://www.etvbharat.com/en/!bharat/international-cybercrime-ring-busted-in-uttarakhand-two-key-operatives-arrested-enn25032204888
online fraud Uttarakhand,Uttarakhand Police To Visit Haryana To Learn Recovery Of Defrauded Money - ETV Bharat,https://news.google.com/rss/articles/CBMiwgFBVV95cUxPVzY0M1M4M1lZQXFUQ213MXpGWXBtRW55b1RNdjY4UURLQlA2NGVjNG9hTTYtYXF0eDJsS2NUdzhGaC1UVVVJaUFRR1VMR3JfSk1hVWdvNl9QUUF5V18tNlZ2VU5DdzR1ZXlVZWFRN25Lc196WGQyeVE1NkY5ckNfT0lTYVMyT0NwNGNrNmc4SEdUX1hfX24xSkRLOENZR1F6dG90RWY3eVB2UFJIWndrQWF6cm5UWVdETFdjbGNnaE9jZ9IBxwFBVV95cUxQWm8tSmpIaHR1cEVTZXUySjdrbURBcl9wcmcxWUdiamg5SjZQX2l6OGNvRGlQazFGWnBYdEtaZEJoTEF6OXp2RU9KQnZRaTNmSGJWNldKZDRwYWNhREJ6U2tlblNFU3hHa3k5QnRxLTBIYnhxOTZNMGxCTC1hRnFmZGRFWGdoVjRfb3l6STFGbGJtVTZjVUNqeU1OVTF0OENIX2kyQ0xIcURyVVFwMS0zWl9zLWdZVDAzWGcweHR1c3lBMGhRaVI0?oc=5,ETV Bharat,"Tue, 07 Jan 2025 08:00:00 GMT",2026-06-14T20:33:10.957091,cyber_fraud,True,False,candidate,https://www.etvbharat.com/en/!state/uttarakhand-police-to-learn-recovery-of-defrauded-money-from-haryana-cops-enn25010705596
online fraud Uttarakhand,Uttarakhand cops travel across 3 states to arrest cyber fraud - The Times of India,https://news.google.com/rss/articles/CBMi0wFBVV95cUxOZko2M2M5ekJmOVBWZ1pjMENPYkREUldNSWswTUxYZW1fZWtkLUlha1BBWDM4ZUs3ZDNSRTgyX0o2bzZJT1d3TF9KS3BTVXBFUHdzY3ZweU8tZEUzcng5N1cwRkhxWWpXck94MGduZzVES05YMDRWZk9BajNWaGxQcktWbm5WVnQ0MEJnZ2RTcmdPcHV0ZGRmNlJ0VnNyVEZGWW81akRfalZUMnVBcS04eWxxRVQ4ZzFSN3paUDVNNkdfVlFXbUZST2NyNHI3ZUNEdWJ30gHYAUFVX3lxTE9Eb2FGWUU4Y01ycUpfeW9VZEY3dHpiUGhoX29RVmFOMjNoRWpOSGxPS2laMHI0Vld6cVpDUFNGMkd3Z0tYdjhSR085bkFRS2ZGYi1EWUpOaWFzNG9idkVYZmlfU3ZWTG5qS09FX0hYdVhrdndLdkpodnByVFl0NWp1LU1MVktzM21BdlFYNXNmcmVhOFhUR3EwdDg0eU95STVka1Q4eDUwa1R6WG54T1JlYndJblZvUUZ4eWlzVTJ1T1B4UEFVbDVibDR4S09NWUJfaXpieUEwOA?oc=5,The Times of India,"Wed, 10 May 2023 07:00:00 GMT",2026-06-14T20:33:10.957118,cyber_fraud,True,False,candidate,https://timesofindia.indiatimes.com/city/dehradun/uttarakhand-cops-travel-across-3-states-to-arrest-cyber-fraud/articleshow/100114938.cms
online fraud Uttarakhand,Cyber Crime Crackdown: STF Uttarakhand Launches 'Operation Prahar' Against Cyber Criminals - The420.in,https://news.google.com/rss/articles/CBMingFBVV95cUxPZEswbEJRczAtOGVUNkJOLVhTeFgtbHFGSHZGWkVDUHdEclR2NWQtUjdwZWg4Q0FJdW0yblp3SDk0ckctN3VvTW9GSklvYVh5VGFpbFNJRE9XdU1YT1o3RXBpWWRvYS04RW83Mmg5Wm52dUJYNlVVaTV6eTNEQm9hZ25WUnRTVmk1VG1kdGwzNjdLNEVjeGJNRnR5cXFjZw?oc=5,The420.in,"Wed, 02 Apr 2025 07:00:00 GMT",2026-06-14T20:33:10.957136,cyber_fraud,True,False,candidate,https://the420.in/cyber-crime-crackdown-stf-uttarakhand-operation-prahar-against-cyber-criminals/
online fraud Uttarakhand,Uttarakhand sees spike in cases of digital arrest fraud this year; Garhwal bears the brunt - The Times of India,https://news.google.com/rss/articles/CBMi-AFBVV95cUxORlR6MXVOQmtLRGdKZThST3RqdHJKZW11UDg2WXVmQ1c4bEUza2xUYmwwOGNXWXFmUFRTZU4xd1l2TFZzTjZ4M3RraXlZU0hEdlVfcjNKMXA2ekV2NHZPUy1yOENMZ0R5R29QWTR0dkxkWEVoYlZ1SkRjLVlDb2gxcHk4bk04dW5jVzMtcG5XZTh1amhXVmlPdDdiZFBNWXctZWlWM0tyLXU2OFUyZ0JDMFM1eURyOGFRNnE3M0tMVm9ycGdRYzhGYnF3WGN6RkJGS3RjNjlZQlZtb0NPMmFFY2VWcGlyYU5RNmtIZllGRGVJUGNHTnFEaNIB_gFBVV95cUxOMFl6X21qT2dsdnRXRC1tajR5NHNTd0ZoaVU4ZFhqeU1Rb080WTU1VWE3ZzA0V1Ixd0EtNUdNNlN1ek03eGphUmxTZHNuYlk0U29hbGZ6R0dSMEdFTjlabVozNTlUMEVyUzFFXzAtT3ptNjFxeXR1VUp2RkZ4Ti0yZDVNQkFTY2ZEYVUxVjJTSXpCX0FOdGNfeER2czRDalk1MXRCZld6UG50N0pWVmxXbC00SUktVno3RFA4QTduX1FvN3RGTFR0VzZua2F3c2Z1VjdkWlpobUE5Y1hGaDlKMDN0Sm8zVVdsNTUxNTBtN1h6Vmd4NHctQWRHYncwQQ?oc=5,The Times of India,"Wed, 02 Oct 2024 07:00:00 GMT",2026-06-14T20:33:10.957151,cyber_fraud,True,False,candidate,https://timesofindia.indiatimes.com/city/dehradun/uttarakhand-sees-spike-in-cases-of-digital-arrest-fraud-this-year-garhwal-bears-the-brunt/articleshow/113869128.cms
online fraud Uttarakhand,Exam scam mastermind Hakam Singh arrested under Uttarakhand's anti-cheating law - The New Indian Express,https://news.google.com/rss/articles/CBMiyAFBVV95cUxPT1JFdkJyTnAtcGlEZmE1WnkxNWpBbTFDTmFzZ2E3Z1lpdDgxY0FxQTUyLVVqbWlZR2w4dWJvT0oweUpsNlRwYmR3bGVZemc3X0hGVXZDWkRLX3JMellYdDhGTW9sbF9uT1Fhb3l3RWV2S2c4UmRCdmRaZm5PQmlLRGU0ek5Db2c0Ty1RVzZFZ1BCVWdkcVRPQmZYZ2llcnVLMG5SSU5RZkIwMVdUR2VPLVJaLU1ia2d6NmtIWFNDRmVxc1QzMnBGaNIB1gFBVV95cUxPRHRia04zdjRpemllWV9NWjN2UVdlNkx0Yk9ENkY4bXhWOFVBclUzNUFGUC03MXY0aU1PUG1lanpVc3ZqYy11c2x2NnZhd2s0OXU4cDN0Y3c0VWxoMHhDdUUtb1Jwa1RlZDRDcEJBUDF1SzhramVDN0ZDRkQ3R3drbnc0NllrZk03UnVqaGdkSS0xNXdsWHN0cFZXX2w2Z2xPYjQ3MXZCTnZZRjhTa2xTcU9GazE4V3VOTGpRUTZnQTlhMkZKMkd1cG9ZVlBhdG9HcS05Q1p3?oc=5,The New Indian Express,"Sun, 21 Sep 2025 07:00:00 GMT",2026-06-14T20:33:10.957175,cyber_fraud,True,False,candidate,https://www.newindianexpress.com/india/2025/Sep/21/exam-scam-mastermind-hakam-singh-arrested-under-uttarakhands-anti-cheating-law
online fraud Uttarakhand,Uttarakhand police bust ₹ 350 crore scam that duped lakhs - The Hindu,https://news.google.com/rss/articles/CBMixgFBVV95cUxQZjhOdkc5aDBSWGFaR1N6QWY0aXVveUNpNVUtZXYxTVVHcDVNbzdhcXQtRGxJUEZQZmtmN0pLWGthd0EtMnVubHJteDRuc3VacHZvZHFaQ2NQaWtUR3FySXBMX0lnUjJkc3JxQ3BhaG9iaEM3ZDh1NnBSMG92MDVWRVJkWkpvSjF5NzBwSlpjdDdpYVFOSUNBeDQzMWw2SHJSUGRoakxBc2w1ekRpMmJzNlF4YzdEX0lza2tkWktrUWVWYU5pX3fSAcwBQVVfeXFMTWREcmtDODBXTm5ILUl3QVkwTFdIdVhHX1dtczdrZGlNa0dlR01PUkFLUmFkdGhhZ3NDd3pDbzNFUS0zUUlkVzdwU2h2Qy1ZbUpMYlJ6SWphaWthZjBVai1ibG94eHVRZ25MdFBSSzdvQzEya0dWcWNGNXlqM0RILWJLQ0FFdlluelM3TTJ5Zml5QU93cVpRaGNCMmRvRXdxQzh6VU1pT0JoNkIwZWszMmtWVWlBaVlyeWJLeWtQSzVORS1ja0t0YUJqaTFu?oc=5,The Hindu,"Thu, 10 Jun 2021 07:00:00 GMT",2026-06-14T20:33:10.957183,cyber_fraud,True,False,candidate,https://www.thehindu.com/news/national/other-states/uttarakhand-police-bust-350-crore-scam-that-duped-lakhs/article34776932.ece
online fraud Uttarakhand,CBI to probe LUCC multi-state cooperative fraud case: Uttarakhand CM | India News - Hindustan Times,https://news.google.com/rss/articles/CBMiygFBVV95cUxNaHpKSEF5WkV0eDRhdHY3dncxUGZES0xXYWoxdzAxUnRnc3oxT0ExS0xTWEwyQzMyWUo0SGg1SGxaQ2xPSjl4XzVFcl9YajY5TWd3MUE4SmVsQWlnQmc4bDV3R09Na1pMTExWdzhSRUhJVmZMR1BCTkwwZ1FlVW9KYzJyYjdPNUhEYWRwb3hPVlMwRWpLMzFUZmg1T2xzZThUenhXSW02bzZUTHhqeHVNTVdtZjIzVmQyUlRCSTcxempvWFp3OVF5eVdR0gHPAUFVX3lxTFBRMDhidWpVMzRiY2t4WXN6aURvM3hXYlF2U1NyZ2hOZW9JT2pTYml1eExSamhLRjR0RExLdFVSQ2thOXo1RU9XcDdYVnhYMUhsUnFQaHdXVEo1d2NmejQtMFVLVXU3QjN3N3dpZklYQjN1cDY4aUZiNWhSdnAtR19Bb2JPTDcxUWgxMXhvTnNYRERub1BRc1J6TEI1a2xuLXlEZWplNXR2d3U4YzFQLU82ZFlXVllXeERtTzNQWlpRT2NickcwWlNFVzNQUlplYw?oc=5,Hindustan Times,"Thu, 24 Jul 2025 07:00:00 GMT",2026-06-14T20:33:10.957191,cyber_fraud,True,False,candidate,https://www.hindustantimes.com/india-news/cbi-to-probe-lucc-multi-state-cooperative-fraud-case-uttarakhand-cm-101753352749804.html
online fraud Uttarakhand,"Activated 20,000 SIM cards! Uttarakhand man helped run cyber scams in China - Business Standard",https://news.google.com/rss/articles/CBMi5AFBVV95cUxONHlPcTZTbldCY0xUT2xORzg1cmxYSzBGaXpKaEloNU5mQWE4UDBROFdYTkZRMDhXb3FvQlZQY3lxTkFUV2V6M05QZFZiMEJEUEZEeDYwQ0V3Q2VuX01IZ1ktUnVKaWJGZTRPME1IUkNMMHRDOVRZaFZPdmFSRmhXQnBtYjNjbS01Nmlvdl9MRUtBeV8xeFJ1Y0kwd3ZWWHFrc0kxemRxZVNGbXYyNTVHbmdDZzBvWFhUelpfWDVIWU82N0Q5RjcxdnpUcXFEWUZENWNtTkhyNjZhVzdpaERmUFZiWm_SAeoBQVVfeXFMTk40cllWSnpVRFN6TVlJQjFNVG9hbVp0MHVYRFRYYXBSd3JHQ2tWU1JMYXdJZWRoVEFraGV6QVU0QVZMSDMzRkVfVVExSlIyQkdzaHpfNEJEVE93M0FNcDA2bExXNThJeEpDLVNrSnpmUjBhYTF4aGpHSUphZmxrVVlMOU1ZR3RBemZndTZqSFRIWXhnQUlvWFpnSkR6dHAwb0NJdG9NMzR6V0dDeHlaYzR1OXBmNlZqa3JhS09aTWowcm1sM1ROWm5Qc21pSEZBUEVZck9GdWhpWlp5QXhHUkhiekstWTRwN1Fn?oc=5,Business Standard,"Tue, 01 Oct 2024 07:00:00 GMT",2026-06-14T20:33:10.957198,cyber_fraud,True,False,candidate,https://www.business-standard.com/finance/personal-finance/activated-20k-sim-cards-uttarakhand-man-helped-run-cyber-scams-in-china-124100100695_1.html
online fraud Uttarakhand,"Uttarakhand saw 5,000 cyber fraud cases in last 8 months - The Times of India",https://news.google.com/rss/articles/CBMiwAFBVV95cUxQYUsxMnpTeVlpZ2pwWklaMllYeHpvekNXNW1Da3VxODZDcmUxZVM2bXBSbkFCLUUyS1R3RWVOVFZnX2htNC13SHNKMVE5ZWZQTEpYajZ3YXlNOVNrTTFtSFVYZHBFTWh0azIwNEtmclljLU8zSGlkNEhqVTZSS2xtYXE0WUZQa044ZDh2MTM2RmhMa0w1LUl0VjVXT0ZrVmQtODdjdHhXamx4Nko3bWtOck8yZjBZN09KVk45TWI5b0nSAcYBQVVfeXFMTWtQZjZPVC1raHRaTXBHSVcyM2xNYU1pQ2JQMmFxRUQyM2VTUE1sWmJBTlBsXzFVMXMzd2VuTzR4Y2VmZ3NFbFdROXo3cHB2bHNVV3RmSWVDUG4zVlBIQ1VHS0szcnNtNURiSWU5Qzc4UUp3ek5ncHhSOXItQUVLVUZpTHFKb2p4VEpLMG1KVEV0SUFKQlJvMENUQ2JYakFnYTE3aTU1a3dNc3ZSNzFPbjctMlB4eVFmWW82VWpZdnNsdWN3QmxB?oc=5,The Times of India,"Wed, 09 Mar 2022 08:00:00 GMT",2026-06-14T20:33:10.957206,cyber_fraud,True,False,candidate,https://timesofindia.indiatimes.com/city/dehradun/ukhand-saw-5k-cyber-fraud-cases-in-last-8-months/articleshow/90088559.cms
online fraud Uttarakhand,Uttarakhand STF busts fake call centre in Dehradun; 2 arrested for duping job seekers - The Times of India,https://news.google.com/rss/articles/CBMirgFBVV95cUxNUC1UZVVZeWJFZzVHRkJDQUhiZ3hLczJWeE5ZMkFpWVhqVnFRQ29LYjJCWkdhRHhucmh2Ql9sLVY3cjhSUjh4ODg5bFdlQ0EtMGNpb2dTbTd1UE55RWJ3NV9MMjZPODdDX2hGVXBDelVLYVlreFB1QnFHRHI3enBBbUE2NE9mMkVyS2p2bjFoU0hZMFVxbzRDaGRPQjJYQldOaFlKdHFjdUNuQVE1RWfSAbMBQVVfeXFMTTN4eTZOeGQ5Z1ptZkFVeFhYai1zTHVrLVpWYmNQS1hjdFNwb0VkWHQ2bUZDd3ZDWFZGYXVPTVd1bHlKTU8zNjEyZVVzeEN1cmRwTkVkNUJTZDJBeUc2WEZLZ0RhUFp1LUk4UGRnSUhBcld0SktBWkJSaEpXbUwtTGZqbUd0Mi1mY1I0YlNXZDFJbUk2N0pLT0NSTUNLSzVONlNYbjA5cUJyRGxrRGx5MEtMYW8?oc=5,The Times of India,"Sat, 14 Dec 2024 08:00:00 GMT",2026-06-14T20:33:10.957214,cyber_fraud,True,False,candidate,https://timesofindia.indiatimes.com/city/dehradun/stf-busts-fake-call-centre-nabs-2/articleshow/116297984.cms
online fraud Uttarakhand,"Almost 5 lakh Indians fell prey to online scam through which Rs 350 crore swiped by Chinese syndicate, claims Uttarakhand Police - The Times of India",https://news.google.com/rss/articles/CBMimAJBVV95cUxPa09jeWtTTWd2OGhmclc1SWpCRHF6YnN4XzIwN0dlUzRaQkZReDNsb2twMFdmYzVZaU83VkZwYjBDTU9NMGl2WUpzYll0LXNsM3Z1amNhQm1vWjI3dDZzZzJiQURnZy1xeEFMSkcxMWhkM3M1TzRhMTNxS2xzbkY1eGJCSXhYcWdjUzZlV1FDbENfbnF5TXhBWXltYm1FU0dycTF2OUxNbWNSX2YzaWFaYTRvRzJQdlJvWGw4bkxvY1ZreFdoTGZ6T3dFV3F2N0NHR3l3RnJ0MUt1eTdKVkRqQ3JyQklaZUxxRkJGQjFBaEh0V0tnLTU3NFNxeFZmSzZydUpocUJfQjlLTWxiX09sdnZPNVIzTlpT?oc=5,The Times of India,"Thu, 10 Jun 2021 07:00:00 GMT",2026-06-14T20:33:10.957229,cyber_fraud,True,False,candidate,https://timesofindia.indiatimes.com/city/dehradun/almost-5l-indians-fell-prey-to-online-scam-through-which-rs-350cr-swiped-by-chinese-syndicate-claims-ukhand-police/articleshow/83380080.cms
online fraud Uttarakhand,Scamsters remotely accessed computers to help candidates solve online test: Uttarakhand STF - The Times of India,https://news.google.com/rss/articles/CBMi-AFBVV95cUxQbURjTUN5MnA0ZFV1U2FfeEtwT090U1FhMmM0RHlNOWZhZnZGQWZiY2lIOUE0OFJBaW5GVmdjX3F1QnFIZVdyZ0lUdHdCZnp5Uy03clRmeE82aXpMYko5bWxZckFfSmNsXzYyam13WFBtNURBVzdFaWRaZzl2VHJHY3pSVGdlQ1VtdlVNZV9BSk5lVlp2RWFSSmlkbHN2ZUJ2MVhub256ajNDX2FZTW9mdzVWR0NCaFkydE83MnlUUVZZalM0TUFta0xYMHBVVjdPdnlEdXF5SFdHeFg5RUJIZC1qWUw4ZTNkNm5zSzRCQklUTmU4VFdjNtIB_gFBVV95cUxPTUlXbEUzbkh5aDBfUHhKTnhYUUZ2SVNzNGJ3bm9GVC1jNm5aV191U1FJVGZIUDJ4UnhOczFXcUNSOTRMV29ycThVZlNSbTBJYS0ta2pQZVlCS05pZElISUZ6ODlBNkhlTGxJRGp2VV9wUEdnakYtNmdxMkE5dExBTVQ5dmtzRGtROVpXTkRadk4wZzZLMmV1dUhwcjlPZV8taUVGWWtpUEFjVXBPVGk2cDRTVWVla0FVTllJcHNIV0FjcmhXT08xV3YzVkZDWTVTOHBYYnRXMW8xaHF0UTBBMnVhQnVPc1l6bEdCUHpRZWVxSG5KUlo4UmZpTlpFQQ?oc=5,The Times of India,"Tue, 06 Sep 2022 07:00:00 GMT",2026-06-14T20:33:10.957244,cyber_fraud,True,False,candidate,https://timesofindia.indiatimes.com/city/dehradun/scamsters-remotely-accessed-computers-to-help-candidates-solve-online-test-uttarakhand-stf/articleshow/94014692.cms
online fraud Uttarakhand,Uttarakhand Multi-crore cyber scam: Crypto-currency exchanges under STF scanner - The Times of India,https://news.google.com/rss/articles/CBMi2AFBVV95cUxPUjdaaWhyN2FRZzR4VGQzamd5cXE5ZXhILTlYZVBxRXZtYkRiU2RmUE1vMzFMaHZIdDhrU3NIaEo3VjkweVdLWDVGQ0NOZXdIaGV1Q0NuUWRSRGNZZmZ3dGpQUHJYbUNJMnNvSm1SR2NOMjZiNFRPQU5ydGd0amEwdW9mcTRxbWhFd2dZZHZ4czhXLXBNVmZEbjlrdmwxNjNpRUctUVdBNmVUYXRvMWJJUXc3REoza21UUXRVNkItbktCQWJnTzBXQmpnUFh5LW5NQlFPTkl2YmnSAd4BQVVfeXFMTnp0MllVMHRXOEd6ckdEeUtRQjVOWDdiV1loVzNnajdsUXpDSWhPMmlpQW5rRldWWHNUT2FYQUpLMDRGbmR5d1JSNnhZOEZzRkFzUGJUNHRYUnNNYmItbEx3YTFtbVNCdVVhdXJBMTl1VFFlUFJrOU1DbFF5N1ZicEh5U292QkxTZlo3U19TdjlnRjZYdUNobGhFd1M4OFp4ek82amdMdE0wN2N5RnI1VEFaV284QlRkZ1Q0MXR5LXhodzNESXJLVVJ1V1dENkhLZ0NpVHNaX0NUeGNZcjVR?oc=5,The Times of India,"Tue, 15 Jun 2021 07:00:00 GMT",2026-06-14T20:33:10.957252,cyber_fraud,True,False,candidate,https://timesofindia.indiatimes.com/city/dehradun/multi-crore-cyber-scam-crypto-currency-exchanges-under-stf-scanner/articleshow/83516344.cms
online fraud Uttarakhand,Operation Prahar: India’s Biggest Cybercrime Crackdown Led by Uttarakhand STF - The420.in,https://news.google.com/rss/articles/CBMihAFBVV95cUxQdHVfaEpLLXN4V3F1cUlaeWVhU1pjd1RTSzNuYzh3NC1vcnhNOS1VT0RFVV9mR0lnZXpsTlVveGNuLXgyYXVOUlBTS1ZCYjVRdldsRnFxRk5tOFlOeWNsakltYkVtNkhYUDVGSmQ5MVpvWHNwczlYZDlGYnBxa3FYODdSclA?oc=5,The420.in,"Tue, 13 May 2025 07:00:00 GMT",2026-06-14T20:33:10.957260,cyber_fraud,True,False,candidate,https://the420.in/operation-prahar-india-cybercrime-crackdown-uttarakhand-stf/
online fraud Uttarakhand,"Uttarakhand STF Cracks Rs 84 Lakh Cyber Fraud, Arrests Accused in Kasganj - The420.in",https://news.google.com/rss/articles/CBMilgFBVV95cUxOM3F1eHEzUTF1UVNnT3h2ZHduUnRIbkFucWJheE90bFNCbzFRRUZFb2s2dS16SzNaT0hUV0psVnJjeTB6c2VNVHkwMHBpTDFQVUZwdzVJSklRR2ZEbHBWWVlJY3JDM0k1WEM2WG9OQzQzOTItSXpXMnFtYUpjTGlyWmktR2pUNmRSbU03SF9YOHJwdlhkSlE?oc=5,The420.in,"Fri, 22 Nov 2024 08:00:00 GMT",2026-06-14T20:33:10.957271,cyber_fraud,True,False,candidate,https://the420.in/uttarakhand-stf-cracks-rs-84-lakh-cyber-fraud-arrests-accused-in-kasganj/
online fraud Uttarakhand,Uttarakhand Cyber Police 2024: Setting a Benchmark with Major Crackdown on Cyber Crime - The420.in,https://news.google.com/rss/articles/CBMipwFBVV95cUxPNTZtcmQxRG42RmEzTlI5SVlkUFN1Y3RkQ3MySF9vbVJscGxKUlEwQU9kZUZ4SDljT0pjZDVZS0xKbG5qeXhZb3R6SUd6WFhXRW9TQ25oY2xmNndfZ1gzLVFoMHdXTHdjRE9BV080akhhUGhuTXpWeF9OckV6SU4zcFdHalNNNGpRb005SkU0djZKUm5YbWJ5cUJySnlJbFR0UGktY09Qcw?oc=5,The420.in,"Tue, 25 Mar 2025 07:00:00 GMT",2026-06-14T20:33:10.957279,cyber_fraud,True,False,candidate,https://the420.in/uttarakhand-cyber-police-2024-setting-a-benchmark-with-major-crackdown-on-cyber-crime/
online fraud Uttarakhand,"Uttarakhand Cyber Police Busts International Cyber Syndicate Operating from China, Dubai, and Pakistan - The420.in",https://news.google.com/rss/articles/CBMiuwFBVV95cUxOaWpNSG9fZzJrTUR3X212ZlFVT1dqWFNXOUpSWk4yNzJaNjNDb1pNMGkxU2NHZDcyYm1BZFczQzRQYzZGc3dtNGVac1RhVm42WjZFV0NVWHJYLTFJaDNnRzZCZ014eUNkZlNuSHZaOGMxSXlLblo0T1ZuaXQtUXFnSmF2NVJkMDlRQU5DYzFuWkN2T1REMGNTWUtNT3hzSlFRMFkwd1VENGtQRUZhMXFmd0VKbnZXaVpVVDN3?oc=5,The420.in,"Mon, 26 Aug 2024 07:00:00 GMT",2026-06-14T20:33:10.957286,cyber_fraud,True,False,candidate,https://the420.in/uttarakhand-cyber-police-busts-international-cyber-syndicate-operating-from-china-dubai-and-pakistan/
online fraud Uttarakhand,"Uttarakhand STF cracks cases of cyber fraud, arrest accused from Jharkhand - The Times of India",https://news.google.com/rss/articles/CBMi4gFBVV95cUxQZk5mVDVCLUlWT2FjeVFUenZUODg3bV9YemEzcWQzbUhvLV93QWZqbFV1ckw3cUZOZHZ1R0VOTU5Va0tzR2pIbzg1LVVJenhEUlpBWFFPYmYteFE5cWozbWhhV043cFczY3RmUUR4cU53d0tvLTNNZXRCeWR2Y3lzcXRVTFdyQWZoR0VLTWlMSFpUYVczWWxYUVgxTnNZdHBTNmo5MlQxbk1vcXltRGR1UUdaTnMyNkxYeGV1VV9GR1ZjeGZDUm0yNzg0REhoZDVOclh1cmRTRmY1LUZvVkx6aTFn0gHnAUFVX3lxTFBBT2pfMVMtSUp3alBOel9rcjcxNDRseExRY05ESVJJTUNQUWRDQVJhMkxWd2xHMkNqV3VnZUhXcVpZOGhDWWtUWC1obE9yRTVfNlFfUXVXNUJqdUVaS29GTFB3SU9YakF4U0xCVmM4T1NoSEM1RmhnTHhVZWc5TzdYT1RyYno3YmhYZTJKMVpxekxBMDJqdU11QlpmZ05SWHRpQ09tMmJOZUgzZjNSbEFYeThwS2NYU1NqaGVUS3ExU2ZVcXhTTDg5MUR0RXRVYlBoTGkxdExMY29CbXB2LTdiRHIzeHFSQQ?oc=5,The Times of India,"Thu, 20 Jul 2017 07:00:00 GMT",2026-06-14T20:33:10.957294,cyber_fraud,True,False,candidate,https://timesofindia.indiatimes.com/city/dehradun/uttarakhand-stf-cracks-cases-of-cyber-fraud-arrest-accused-from-jharkhand/articleshow/59682335.cms
online fraud Uttarakhand,Uttarakhand Police Arrest 5 For Defrauding Rs 190 Crore In Multi-State Investment Scam - News18,https://news.google.com/rss/articles/CBMiyAFBVV95cUxPRHVKQlVFSG1mZjlMQTI2ZVNlYXZCSjhwYW5yRGJsZTdTVnhVNm5OVjhNcEdUcDF2R1RtdWRZLTV1bVcxZnNjZUJMQnJabjdYUnpneGM3c0ZBak9YWDRabndmV2gzZlZ0SW9YV0xOMk50eUxpb2dGZzgwaU9jZ014QTlZdUJxOFdoZC1XczgzLWJFZTJYUEV0MGtFM2FmeHM0RkFqU2lSZHBIclpCWDJMNGdlMGw4ZXJWRzJTdEVEeE1GX0F1NE02dNIBzgFBVV95cUxPN0VoaW92OUd5Y09JWVJfaWd4UjZKVzlIQjVPRVk3Y2ltM2VYc1hBRmxNWGR1cVJ4QmpnZFE4b20yOXRvR2pBUWNMcDdsRW5QM3lXMjFEV2xscWgwVl9ZbmIzdlRoRkl0MWJMYmw2S0hGOTRqOU1PTFZmdW5ET3dwOEFwcFVaRGpLSXNURUt2MkEzS3FwbkhZZEtsU2xZbHpFUDlsV3N1bi1uQUpJMWRFdzBtdGpZODBnVVR5ajVPZkJ5QXFIeEJWTjlYTzk3UQ?oc=5,News18,"Tue, 29 Oct 2024 07:00:00 GMT",2026-06-14T20:33:10.957301,cyber_fraud,True,False,candidate,https://www.news18.com/india/uttarakhand-police-arrests-5-for-defrauding-rs-190-crore-in-multi-state-investment-scam-9103085.html
digital fraud Uttarakhand,Digital arrest: Elderly Dehradun woman duped of over Rs 3 crore by fraudsters posing as CBI officers - Deccan Herald,https://news.google.com/rss/articles/CBMi6gFBVV95cUxPT3gwU1B3X1hnRGl5VTd1Vno5UUwtTU4wTmR2M2VWQXJyV3pIY1lUcmo1bFNQWkpNb21PMi00NFNKdG15RVRCQ3Z4bUhTbmo3ZnVCWGRoNERSZFdyajB4aXBZZUN6SXFvbS0xaWYzMHVaUElSMjU0TGlxMGFyTWhMbnYtQzFMc1FraHRIa3ZFUVlnY0RpR1diZUJJLXR5YkFLMVprdlMyd09vTjlIOGotdWFzN1E3eTBXeFVJQmc0V2R3WlZSaUN6bGw5bzVJQUNQUWpVaWxvNi1DQjMyalRDV1B4anEzU01jVmc?oc=5,Deccan Herald,"Sun, 22 Feb 2026 08:00:00 GMT",2026-06-14T20:33:12.993985,cyber_fraud,True,False,candidate,https://news.google.com/rss/articles/CBMi6gFBVV95cUxPT3gwU1B3X1hnRGl5VTd1Vno5UUwtTU4wTmR2M2VWQXJyV3pIY1lUcmo1bFNQWkpNb21PMi00NFNKdG15RVRCQ3Z4bUhTbmo3ZnVCWGRoNERSZFdyajB4aXBZZUN6SXFvbS0xaWYzMHVaUElSMjU0TGlxMGFyTWhMbnYtQzFMc1FraHRIa3ZFUVlnY0RpR1diZUJJLXR5YkFLMVprdlMyd09vTjlIOGotdWFzN1E3eTBXeFVJQmc0V2R3WlZSaUN6bGw5bzVJQUNQUWpVaWxvNi1DQjMyalRDV1B4anEzU01jVmc?oc=5&hl=en-IN&gl=IN&ceid=IN:en
digital fraud Uttarakhand,"Uttarakhand HC seeks responses of RBI, telecom companies, communications ministry in 'digital arrest' fraud .. - ET Telecom",https://news.google.com/rss/articles/CBMi_wFBVV95cUxPdmtlNHliTkl1VVpVNnAxNFpjM0FxcjNKdmZ1UEd1V3gtMFA0OER1M1dRRm83a21acHNMOGllZXlTS211WlBTd3BZWThDbElUNjd6Ukl5bG5jdkZxd2xDWk9pTXQ3WVpOZ0I5dmd5R3lLSHcwUmt1UlB6dHhGbmplVWZBLTJzbnRBZGtpREpsc29rYW45YzVKRHJLblZhR3FoUjZRb1VpajR6ZEktN0g4dlRvR2QzcC11c1I4UHhfczFtOTg5NGpGeDR0LUExbHRmVXlvWk1ubm5jaGpTdE5NTFVENmVEZGtXRk8tcUl6bGcxWUNSVjRwa01pQWhxUnfSAYQCQVVfeXFMTndJdXNXWURMeDVZd3hycUR6TzRzRXRRODZ1RkNINWxBa203R2hzM0tqTGxVcEhvOWdjblluQnNiczgwNWVwOE9IRnd0OF9NcXRid1luUUZERFYwNEYzQmhld0RZV1NXZ1ZGcC1xSDBfSGlVR24yRDctRy1iZHBoeHhkX0pCTTF1TE9icDVJbWl4X1Q5bkN4S3kwREtYS1VNbzZrbGpfQ19fdzJIaWhrVmUzZFNPNkJfa1EtT3R6dGRFUGNFNFF6Z2hrazF6cWI4WE5sZWh0aG02YllNNTd3UFFPQ1ltVzItamJVOFZUS0tneWRsRG5SYXVlT3JUNFd3WTdodGI?oc=5,ET Telecom,"Fri, 05 Sep 2025 07:00:00 GMT",2026-06-14T20:33:12.994025,cyber_fraud,True,False,candidate,https://news.google.com/rss/articles/CBMi_wFBVV95cUxPdmtlNHliTkl1VVpVNnAxNFpjM0FxcjNKdmZ1UEd1V3gtMFA0OER1M1dRRm83a21acHNMOGllZXlTS211WlBTd3BZWThDbElUNjd6Ukl5bG5jdkZxd2xDWk9pTXQ3WVpOZ0I5dmd5R3lLSHcwUmt1UlB6dHhGbmplVWZBLTJzbnRBZGtpREpsc29rYW45YzVKRHJLblZhR3FoUjZRb1VpajR6ZEktN0g4dlRvR2QzcC11c1I4UHhfczFtOTg5NGpGeDR0LUExbHRmVXlvWk1ubm5jaGpTdE5NTFVENmVEZGtXRk8tcUl6bGcxWUNSVjRwa01pQWhxUnfSAYQCQVVfeXFMTndJdXNXWURMeDVZd3hycUR6TzRzRXRRODZ1RkNINWxBa203R2hzM0tqTGxVcEhvOWdjblluQnNiczgwNWVwOE9IRnd0OF9NcXRid1luUUZERFYwNEYzQmhld0RZV1NXZ1ZGcC1xSDBfSGlVR24yRDctRy1iZHBoeHhkX0pCTTF1TE9icDVJbWl4X1Q5bkN4S3kwREtYS1VNbzZrbGpfQ19fdzJIaWhrVmUzZFNPNkJfa1EtT3R6dGRFUGNFNFF6Z2hrazF6cWI4WE5sZWh0aG02YllNNTd3UFFPQ1ltVzItamJVOFZUS0tneWRsRG5SYXVlT3JUNFd3WTdodGI?oc=5&hl=en-IN&gl=IN&ceid=IN:en
digital fraud Uttarakhand,Two arrested as Uttarakhand STF busts high-tech cheating racket during SSC exam in Dehradun - The New Indian Express,https://news.google.com/rss/articles/CBMi2gFBVV95cUxQZExIVS1rYWQxTmZfVzhtOXh2RHk4RjNaZ2RGa1AxWkRVcTRjREFHV3A1UXZlM2RFd05lRWJLUWYxT1Y3dWptSTdiVmNHRnBlSXNCYVlaOGFIQ2Q1bzVIekxqZVZxRHRtVTM3d0U4VVFoaG5xWUpsd0FBQ2NpcEpVcW5rQ0RoTXBrYVA2YXZMa2JUZWxCNW5mT042Z1A4Ulh4VzZVV1pSX3YwUWFITk9EWG9yY0xYUDdNTmMwTTlHNHlxbTRWS3dtSzg3ZURLY1BqNU81N2hBMXdrZ9IB5wFBVV95cUxNMFA5VzJrSDF2a2pVM3dnUDdCNVR6T2ZPMm1Uano1a1poTTRadlg2bE9tbWJvdmN0YlI3MWplaWVCOFllbGxkYXZwUlFNNkJFMnFGMXJPN2RSMDN1dEJxN1ROS284ajJyZ0Y0UWEzWjl0VzY0S01ndFc1OWg1MHo3Ty02VXlOV0Z3Qmh3Y0tUbVdrdUZUMGJjLV9sOWw4dF9vRTJOU0hmWGZILWRNT1JmbDItQnlmcmdnWmdmbDBTYVhad1VrWnJpRVhwbTJKLUtZNW5CRTRVNDA4dDlPOEVHZWpoMXpQMkU?oc=5,The New Indian Express,"Sat, 14 Feb 2026 08:00:00 GMT",2026-06-14T20:33:12.994062,cyber_fraud,True,False,candidate,https://www.newindianexpress.com/india/2026/Feb/14/two-arrested-as-uttarakhand-stf-busts-high-tech-cheating-racket-during-ssc-exam-in-dehradun
digital fraud Uttarakhand,Ex-official loses over Rs 1 crore in ‘digital arrest’ scam in Uttarakhand - The Times of India,https://news.google.com/rss/articles/CBMi2AFBVV95cUxQaEFaVjhsUjF3QS1ZSFBZNjBXRG83dzZ2eDJCcnpiUm4zVFIzbTBpbU80UFd0dmc1UXF1TkV0NDRHNUY5R2p3VGkxU2NLTnE3ZEd5Yk5xMWNJLWdCakYyUV9GX1NXN0VMQ2hpNHJnWmU4OWZ6bkk4RFFQU0VzeTZSSWtBX2daWERPZ0xlakdpWk5ob1ZVaDQ5UlctMGs0eFpaVjZ5RTlnNWVHbmdYQmRZX0FWN3lUR19YOFRUQ0NaR0xTdkgwQVlJdXMtZ3UyVzExRk4zNUxfMDXSAd4BQVVfeXFMTlVBMjhuRHdpcUZOc3ZQcWwtZGM2T0VTQzgybTByRU9vbXhuR1Nubldpd3lJam50aEpFQmp3eE1jb2tnZDl2aEllX1l4QTRudlJENDlxV1N5N1J6ZVZJajhsczEwT0RYZWZfUFgyLTktcUV1UTlpR3pFY0tRWFBEb1dSUHpaMUIxT0dYOTNHSm5lV0tETmdpZGtoYmNYcXB4RlFsMXdlODdwMjdleTNJRFFraGxsblVDVW1mSzNMUW4zdlRhanF6WTZfR08waUZESk44R0JuUlZibmU1MWpB?oc=5,The Times of India,"Mon, 31 Mar 2025 07:00:00 GMT",2026-06-14T20:33:12.994128,cyber_fraud,True,False,candidate,https://timesofindia.indiatimes.com/city/dehradun/uttarakhand-ex-official-loses-over-rs-1-cr-in-digital-arrest-scam/articleshow/119767551.cms
digital fraud Uttarakhand,"Dehradun Retirees Succumb To Cyber Crime, Lose Rs 1.2 Crore In Total - ETV Bharat",https://news.google.com/rss/articles/CBMivwFBVV95cUxPWEFRNmFDd0M0WmY5TjBPTnBURGxNQ2RYU1hnQTd3UEdCX0ViV1N2dnZKWU5wVmM0V3RadlhzYS01NXFSQllwMzVoSnhSakZjS0ZtUkNOVEhlR1U5V2VnbENScVJZTmVyTjRiY2txZDJGa1pjeWtXc0hlanYtMTZjZk1SS2lVWW4zclJKTFBhX285bDJjWllMVWcxSUh1S21rMGZ1UzBXMzBZdHR2TjV3UVJPdWZib1ppQmlya2p4VdIBxAFBVV95cUxNbXVLNVlaUFBvSkF5SGhhYjJuRUQ0SHN2TmY1RFAtYS1NRF9kVFVhT3JFWjA1c1JaZEFuTDV2R19MdGFTZnJGaTZZYlR0MktHLUt1ZHVvY01wNGVfajhZRHcyR2libmhGdVhoMGlEaDVJMGhOUkVCV1F4aHJ3SDVoQklhQlVQLXAxX1VjWjZnbTlRbk11MngxREhoanZrUEtVdHJpWjltQV81ZVhuVjFFR2l2elVQTVl5Y2xZZG1BcmwyS1M0?oc=5,ETV Bharat,"Sun, 01 Feb 2026 08:00:00 GMT",2026-06-14T20:33:12.994167,cyber_fraud,True,False,candidate,https://www.etvbharat.com/en/bharat/dehradun-retirees-succumb-to-cyber-crime-lose-rs-1-dot-2-crore-in-total-enn26020104423
digital fraud Uttarakhand,"Uttarakhand STF Busts Rs 45 Lakh Cyber Scam, Arrests Main Accused From Lucknow - ETV Bharat",https://news.google.com/rss/articles/CBMizAFBVV95cUxNdUMtemZWaFdlRU53dDQyd3N3YTZsR0RFeXk4anB0QVJMNjMwbXUyZmdtQ1dlUmFHNHBDM0l6dDVpWGF3ZXY5OWk4OUs4TnNqRWt4dzgtLUJuUG1qWjFsTlQwV3J3YWRlNURuY0c3ak1XSVdMSU4yNlBQV3Jqdk5rY0U2TlljZFl2LVR5UEcwcHdBTGNmMUEwZm9PVkE0RFBqMzR5RlktcDQ2R21VMDk0RFVXdkc1Mm83WDlsVVlRUzVJMHN1dTEybm9XM0PSAdIBQVVfeXFMUGZYTFhDTkRfX1dpS1l4Skt5TTdmRnlhWHQ5eWtBZGRqaThKOHZEWGNIWDVQa3dZUnJUN1FLM0lrSk1WeWR6Y0E1N1RlSHRScVZDZENETUY0VHBfZmdZUmVZdUlJLWtoMGNzeFpYSmRuVGhVWm1QLXRTNUtrQ1NzUkg4YUdsRDAxTkl5QWc4VjNqbVcxM2JMVGJ2NWxOWkxVc2U0eHIyVEtkd09rbDE2SGI0ZC1JM2szd21GQ2F5WEpLdnhqSjVKeWJoUTR1LTgwMUtn?oc=5,ETV Bharat,"Sat, 07 Dec 2024 08:00:00 GMT",2026-06-14T20:33:12.994192,cyber_fraud,True,False,candidate,https://www.etvbharat.com/en/!state/uttarakhand-stf-busts-cyber-scam-arrests-main-accused-from-lucknow-digital-arrest-enn24120702737
digital fraud Uttarakhand,"Customers Cannot Blame Banks For Frauds Caused By Own Negligence, Rules Uttarakhand Consumer Forum - ETV Bharat",https://news.google.com/rss/articles/CBMi6wFBVV95cUxPSlJ4c1VWcXdoTlhoQWtwaGkyUkNTOHM4cFJpYVNfZVBqM2R2aHJHY203NENGMm1VblAzeDJRby10VHM5SlhhOHBWUDI1U2xiTkpSeVpVeHlXLUZpNFhNQldfQ1VHODBKUWtNV2JFdjRJT1VncEx6WE1QbXJKYjBnM3JJenNYMlQzWmtrSk1XWmhlOHlaT3ByR29sYTY1R2dBMzZ3dWJmUUl1cHNfOXpQS0RNYnZkM1BSNTA5TEhSaU9EdHRXNUMyX0pKN0JudEVuLXgtZ0FhUlVVS215MmNSa1YySHhHNDBkNkVR0gHwAUFVX3lxTE1RcFJmZ0pmY0E3ajJyM0NJVmFDSVdwMjcxWFJUOGZrX2xzT1F1akdOTklKUmdGcDFFcFhDR3BldWNDd2ZWSUJteTRUMDg0cHBvN01rSHNiZk1xVEEwYWxGcnhyN3RfVUREam8xOXV4RFJvdTdzb01BNmVRUlQ3ZHBodmZZdUVTenMzaDRlVndXMVY3REZOMkQ4RzZ5dEpwRl9uMEtMd0lLekdROWdrMUZLRlJDZnYwckRXczFwN2Qyazl2NG9QWjlFc0N3QjNPVXlKODA1WmQxUTJsLVZaRmxwUW9ScEJmRTlxd21BVTZvRg?oc=5,ETV Bharat,"Mon, 09 Feb 2026 08:00:00 GMT",2026-06-14T20:33:12.994223,cyber_fraud,True,False,candidate,https://www.etvbharat.com/en/state/state-consumer-disputes-redressal-commission-uttarakhand-gave-relief-to-pnb-and-gpay-in-online-fraud-case-enn26020905789
digital fraud Uttarakhand,Dehradun Bizman Duped Of Rs 2.5 Crore: 19-YO 'Digital Arrest' Scammer Nabbed From Rajasthan - ETV Bharat,https://news.google.com/rss/articles/CBMi_gFBVV95cUxNT1JmS003enF3UlFkWGZfcEVESEJpekpuTm01eDR5eWd0M0VjLWhzOFc2TElWVDkxU2dOMVdnOWREUWQ2dkcyZndwNDFucTdKdGxzN1NvUXpvY25nNUZDRWV2RVNrM0NTcmloN3JlaEk5Q0JaMkxiLXVjOVpGaE1MY1lJU0dKZV82R0hCdDZQeXdGUlp6V2tDUWp4S0NVYTc5Qkh2S3NsZkl5aWVvdUE1Y3ZZeTVwOTQ1R19QSzF4WloyZWl4UWtxb1FEZ3IwREJBU2wwX0NyVlVwM2wwRjFFZmt6QU1BbXNVQVY0dFl6Mndud3I4Mi1nVGlUQTVkZ9IBgwJBVV95cUxOM3dsRnVqSnZhVllFcng2dFZndEJrS3ZFRGJWcUhJLXBPSE43UXRtM093M0NWQWRTSEp2NzN1VWtPMWR5Rl8xWC1hbnBad3RtdzVlTDJUaHBoWEtMeG9CUnFxQ2p1cnlzQjZqRW82cGgzU2RydXBaMm45OElSUC1NOTZ3eW0ydC13TXMyaXJqbWt5U2l2b3Ryb244U2Y0eWdSYlZFQmtXN1M4blotampaNkI3SFRfV0tCMi1FV2tBeVI0VV9Dc3o1MGVjYk5XdFNjOVplYzVHdmN1c1NUT3NfSXdVbXRKWFZCdERYMVhWamZNeVEtR1d0eGl1MTY5LVpHRTBB?oc=5,ETV Bharat,"Mon, 20 Jan 2025 08:00:00 GMT",2026-06-14T20:33:12.994235,cyber_fraud,True,False,candidate,https://www.etvbharat.com/en/!bharat/uttarakhand-stf-arrests-19-year-old-cyber-fraudster-from-jaipur-rajasthan-in-digital-arrest-scam-dehradun-businessman-enn25012003780
digital fraud Uttarakhand,"Dehradun man arrested for ₹78 lakh 'digital arrest' scam with retired army officer, cops allege Cambodia link | India News - Hindustan Times",https://news.google.com/rss/articles/CBMigAJBVV95cUxNWnQ0WWF2VXBwblhvM2hiR0d5dVI2eUpBMTNTZFI5a3EzeVpuRUlST1kwS0hTUE52Uk04VjUzcWtHNlZ6Ymd6ZEEyeS1iTllnM1NIWHd1UzlPcFZqNnFFOVdhRFlvcVZGcWJ6VXRGV0htSXJPRmR3ZVJJOWtMSTVDUnhLZDRxbGVZWVZ1djQ5UTFJWjBMaWRvNWJPT0pwLVN5ZndMYkowRV82eTdUb1BvVGFwb0FUSzhkUnZiMi1mVWtXX044QWJTWFJVcWRHOUxTMVUyTWlvUG53d0JHVEV0emkxc0F0NHM0SU5KanJmcHQzdXZQMXBYOE9QYmloOXRN0gGGAkFVX3lxTE5aR3BLOW9pTXJoU1pQWVU2NHVZTll4REhLRklsX2xjRkJRbDlVYmRIbHFtLWxJSXdqM3VHSjJRanAxaHoydnNtMTZTS2JtMkVrOS1FMEhGRGtLTS1lMEt6U2VMOFMwNGNrMjMzQS1BUVoxbWdycEdaaTN5MVY3SlNncGNEczRBU1UwYTBTLXE2alowQ3JzTTZheTZoVlNhNmhHV1dBOHVKRkVDekVxM0lhU0U0aDNiaEpDWW03LXJCR01MVFIyRjdYc0RzS3VfVjNzQ2VsSUw4RnpaVHNabUVNUF8taThhN0ZDeF9VOHpJcjNIalRFYVY0by1ocEx0VkF6MXJTYkE?oc=5,Hindustan Times,"Mon, 15 Sep 2025 07:00:00 GMT",2026-06-14T20:33:12.994253,cyber_fraud,True,False,candidate,https://www.hindustantimes.com/india-news/dehradun-man-arrested-for-rs-78-lakh-digital-arrest-scam-with-retired-army-officer-cops-allege-cambodia-link-101757955540641.html
digital fraud Uttarakhand,Dehradun Police Register ₹2.5 Crore Software Deal Fraud Case - The420.in,https://news.google.com/rss/articles/CBMifEFVX3lxTFBhOEFjM3NzZ2dkNThyaTJRdnI3aHoxd0lRSENGaWxUOXFiUy1YX2xRWFlFRUZWNFJiNjY2cGh4UjRxNExRR19Wb0JJanBWbF9yajRCT3BjQUxYYkdhYnQteFB3WldPZmphWmZlVDNnT0dhczJPeG95c1pNdUQ?oc=5,The420.in,"Tue, 05 May 2026 07:00:00 GMT",2026-06-14T20:33:12.994265,cyber_fraud,True,False,candidate,https://the420.in/dehradun-software-deal-corporate-fraud-data-leak-case/
digital fraud Uttarakhand,Dehradun Cyber Fraud: Lakhs Stolen via Fake RTO Challan Link in Rapid Heist - The420.in,https://news.google.com/rss/articles/CBMilwFBVV95cUxQcmctNWU2YlhZUHBSa3ctRHJqU2RsSzJDeW0tdTl3Z3M3ZGI3bEZiYUtFcDI5bUhhX1BIWkh3cGZhRFJGbVVsNGdzMlRNNkpWNjBJcGFqY3U2MlR1ODMxRGNNdlBBdkJLcV9TOUVzSWRtVUFjS0M5N0JxUVVDaE1lTEhWTG8xa3M2ZXNXZkpBZkZUYlN1Q3Rv?oc=5,The420.in,"Thu, 08 Jan 2026 08:00:00 GMT",2026-06-14T20:33:12.994285,cyber_fraud,True,False,candidate,https://the420.in/dehradun-rto-challan-cyber-fraud-3-68-lakh-subodh-rawat-nehru-colony-case/
digital fraud Uttarakhand,"Uttarakhand passes stricter anti-conversion bill with heavy penalties, digital propaganda ban - The Economic Times",https://news.google.com/rss/articles/CBMi7gFBVV95cUxQdTVab2lVT0lWbjU5amNod1Vkc25tenkwWWphVERaNFJVSUd3T0RXeTBDekZrNVdPV2hRallWZFVxd1dKZXkxUmtlbl93Q3NvUlJaUE41ZnkyaHJFNlk2Qmc1c193aXY3ejZrZFJpVGlRLXBVOE1mSUtfOXRXOG9LcVpsWUdrTHUtU08xOW9SNUQ1T0c2MDhzVzFhX3RfTmVoRlM5eEVZTER4V3MyM05GUlNNdWIzT0VTLWdHZlZ2clYzakRScGtFbGZ5SzJ0OTJobm54Z0NZekIwTG9JVzJ6OUc2bmRHRWtBZFh4NFRB0gHzAUFVX3lxTE90R1lRV2xPdHR0cC13ZTJkR0o2STJFV0JJUHByTWRtS3R2Ujl3dEprS29RZVgwNHF6R0pYS3ktUm5DS1FVd25tdXNfeGpRZEpjWHRmRkdDVXUtRTZZUjhMTUQxbTItUHdBYlNSbUJtcVJ0bDhRSVFZemlOai1jTnZKQUUybDl4M3FoeHBPeGw5ZFJ0NnBUMk1HcF95NFdQcnR5NFhGVTliU084UkIzV3lsME5fQmc2UTMwSk5zR09PcklQaHB6bVFtRjVfcE1hakxqUFZiME1rTXNCc3ZmM0cxTHA3X2I4aXJfT2lOazZ3eTBncw?oc=5,The Economic Times,"Thu, 14 Aug 2025 07:00:00 GMT",2026-06-14T20:33:12.994321,cyber_fraud,True,False,candidate,https://economictimes.indiatimes.com/news/india/uttarakhand-passes-stricter-anti-conversion-bill-with-heavy-penalties-digital-propaganda-ban/articleshow/123294030.cms?from=mdr
digital fraud Uttarakhand,Uttarakhand Police Register FIR Over Misleading Char Dham Yatra Video - The420.in,https://news.google.com/rss/articles/CBMigAFBVV95cUxOZVQxcGU5ZzBDelU0SDRKVXlfY0tjamtzbjg5LUJycTIwTjZXOTJQbENSYzBPUW5RLTh2aXdtdV9XSWxLZ1AxU19jbVU3aDg5YXEzc3hVeHpHNmhwaEh3WURURWZOcVdISmEtcEtpUmNMckQ3VFVnWHp4NUJZeFRWbQ?oc=5,The420.in,"Fri, 24 Apr 2026 07:00:00 GMT",2026-06-14T20:33:12.994339,cyber_fraud,True,False,candidate,https://the420.in/uttarakhand-char-dham-yatra-fir-misleading-video-rumours/
digital fraud Uttarakhand,Kumaon Gets Digital Muscle: Rudrapur to Host First Cyber Forensic Lab - The420.in,https://news.google.com/rss/articles/CBMia0FVX3lxTE5sVDJlTm44dUVTWUhYYy00QnYtVml4Mm1rTWJuNk55SGhlZDNacy01T0tVVlV4Vjg4ZVZYMkNPOTVPSGpQZUlmdDZFZzB2dVMwUU9wOVI1Qks1aFVLWnZ5bkI0M2w4YkhOaXVV?oc=5,The420.in,"Tue, 14 Oct 2025 07:00:00 GMT",2026-06-14T20:33:12.994376,cyber_fraud,True,False,candidate,https://the420.in/rudrapur-first-kumaon-cyber-forensic-lab/
digital fraud Uttarakhand,Two Gang Members Nabbed In Dehradun Over SSC MTS Exam Fraud - Outlook India,https://news.google.com/rss/articles/CBMiuwFBVV95cUxQNFktOGk2MWt6cFJJaEVMcWpfVnpuY3B4U1I3eENFRVJJOUpJNFlpOEJvRmZGeDdkb2tpVjIteU5UMFpJeUxVQWtTVGFXOGt2cGk5b3gyVXJrbHNiSUh2cHJtRnZDR2lEYkdCTkQwX2kweDF3Nk96UkFoZF9hYkVfUUdiRHhLcW1RMFoxQ3Q4aWZaX2tFbW9hUS1NZDNvcVpjaG5IVmpaWm9XTV85aENhcHJFZ0FHc21raHZj0gHIAUFVX3lxTE9zVmdyM2VJb1IzbHNlRmhGT3Z0OGplTDQySzVSUS1MUjZxS1N1S2preWprOWdjTG9KeEwyWF8tbHJKNGNYODJiVV94dy03TEtIc1phRjBqT1dkVFhzMlNNQV9SSzB6cGFtbDBRSkw4QnB1aGtmSFJJMkI1LTVDNjljdm4yQkdwdG9uLTFXOVlvSmVnaDB4V3VZdzR2ZUQ1TWQyRmM3bzdTUXlhYnlIdzhldlpPcDVYMDdpeEFWa25pcC0tVU5sb09F?oc=5,Outlook India,"Sat, 14 Feb 2026 08:00:00 GMT",2026-06-14T20:33:12.994405,cyber_fraud,True,False,candidate,https://www.outlookindia.com/national/up-uttarakhand-stf-bust-gang-helping-candidates-cheat-in-ssc-mts-recruitment-exam
upi fraud Uttarakhand,"Uttarakhand GST scam: Officials float firms, make dealings with dubious company to unearth evasion - A2Z Taxcorp LLP",https://news.google.com/rss/articles/CBMivAFBVV95cUxQSU9kSDE0ZzN2YVFrS05EUngxQktoQUpaWXplemhLaTQ5YmZlSlhWMWV6U0NNMWRwUjN5VC1hT0NLUUNHWHlZNlpJdWlNTWQxSnMzVVEzZWRsU3BfTlNaTTVMakJXVXphazVnYjdqeUk2Sk9BR091YzFxNFBpdnlIaXBWWjMzcjhXckY3Q2tQR3I0RGZoa2llUU5Ua0VpcV92VTlLazN4Q2FTakhHeFNuU3dJSGp4d2ZWOVVYNQ?oc=5,A2Z Taxcorp LLP,"Sun, 22 Mar 2026 07:00:00 GMT",2026-06-14T20:33:15.362934,upi_fraud,True,False,candidate,https://a2ztaxcorp.net/uttarakhand-gst-scam-officials-float-firms-make-dealings-with-dubious-company-to-unearth-evasion/
upi fraud Uttarakhand,Dehradun Helicopter Operator Warns Pilgrims About Rising Chardham Booking Scams - Issues Free Safety Guide as 2026 Season Opens - The Tribune,https://news.google.com/rss/articles/CBMi_gFBVV95cUxNdGRsZnhlQUVPeTF0YW04c1hjVkx4dGFoc3Y3UzFIMHZQak9MU2d3R0VnQmxQd3Q3Vy1SVE9TemljamJJaXdYWGV2eDNsakg1UHZGbDk3S3RsYnhOR3lvMjJjUGVJMTVINUpUX2pHMzhfZjc2dzJFam9qSmdIczJ2UmwxU0txVWtjNDY5bHVZcHVZSy11bGNkY0lDVVFndVRVYXA3a1h6Q3dFMkhuUDg4ODU0dkRSVHFMMk42WUNqUHdMWWZnSjY5UUQ3YmZxb2YxUHl6bFhIUUV0Yjl5enBaa2wxRnd6NUZSYTdmT3hCWUt6UkRVSzZTSlFaQkhmdw?oc=5,The Tribune,"Wed, 22 Apr 2026 07:00:00 GMT",2026-06-14T20:33:15.362943,upi_fraud,True,False,candidate,https://www.tribuneindia.com/news/business/dehradun-helicopter-operator-warns-pilgrims-about-rising-chardham-booking-scams-issues-free-safety-guide-as-2026-season-opens/
upi fraud Uttarakhand,Cyber thugs defraud over 500 people of Rs 60 lakh in two months in Uttarakhand's US Nagar - The Times of India,https://news.google.com/rss/articles/CBMi9gFBVV95cUxQcEpoaFQzcWZqVmdDeExDX0l5REh6M1R4YlZmeWpKRWF2cjdCWVh2empvM0tyNnNZM2FlWnlhc2xReDlxMkltZTZsbEpaV0F4RmJVbVdaa0x4V1c2aHZ4QzhwZE96MTJMSUE1WVVNRXlTazdHLVlzOFlRRGc3eWhraWM2NlFkd25BRVA3ZFllci1sQjhXNExmU0psempRempKUXVKWGhyRzltR3llMzFaeS1jMnlNZkpsRlQ3ck93czRoNmxpcUJmMjRzYklBWU1wMXRGYzk0UTA4NjBMS0xHNlR0eUlNajZWTmRsZmVtNnRPekc2YlHSAfsBQVVfeXFMTndQWERkMXBxR0JHZi12eEJZZmJXWWVoQThZR2JDdDFkZVhtUDJSZExaN1I3ME1nbHp3WXVQbEZ2b3dqYUdaYzFGeWJ1ZzV3MEcxZGs1NU9RVVMwY2Z6cmI4OE5DQUZoUEVfd0pjNENZcjBmclpsN1hCM09HdG5hSGRUa1RnWTlHS1Y1LWZjVFhNZTlwS3VuQUNCTnBXcy12Zk94YU5PS1hqbXFzSjhmbDZvQnRCQklDNjdzQ1BvZGFWNGFINzllbUNWV0hCa0RuUzdrcGdJX2VJZDBqdk1Nbk9wajJzU2g3T2o1Y1ZmbEw2ZGxHWF9jc1hsRWc?oc=5,The Times of India,"Fri, 31 Mar 2023 07:00:00 GMT",2026-06-14T20:33:15.363054,upi_fraud,True,False,candidate,https://timesofindia.indiatimes.com/city/dehradun/cyber-thugs-defraud-over-500-people-of-rs-60-lakh-in-two-months-in-uttarakhands-us-nagar/articleshow/99131698.cms
upi fraud Uttarakhand,"Ascetic, who claimed Uttarakhand CM Pushkar Dhami is of Nepali origin, arrested in land fraud case - The Times of India",https://news.google.com/rss/articles/CBMi5AFBVV95cUxOWWVEOWgzOVJwcmhSU05sZmppa0ltY3FXeWJFVnJWelVleS1SWW9sbXdDQ1hBX0tTLU9wSUhRTnFkYnptYkY2ano0STR1cHBKZDdTZ3d3c2dZekFpWFpTWm1LS0UzSzlUUWpLMVNpb2pIVWJScm5jQVhrQmF3VGc5dDFMZFFjS2JvTm12MGRrVFRLd2VXVkhTTEg5Rnl1eS1kZFBwRFJua0p0MG9GdjBzd0NNTWJvSlFpZkVIamZCb3M2UmxrQUJPZTJFZERMcnhDT2oybHFRV3NMeldvVzFPRGFOMETSAeoBQVVfeXFMTW1BYWY1NnU5VjkyX1JvNEEzREx4blNvazlKUFpBVmViOTQ3LXRkS0ctQlZoclZ6WnVySlc2TEFuLWtzWS13MFZLR3V1MS1ubVNkRFNDTVVjYzFpaGhXOFVHYVFTMnA0UHBQRE1WNnZuTW16T0tEVWg4SjA2SldpNF9EekdjcTI0RlY0WU5VWkV5NWZ3ajdCYng3SkZWWmU2a0Y0d01aODBpTThUZWVqNXoxY0lZMVUzV2JOWVBqbldMYlJxSDNHallxR1BFc1pscHpCemlNYU5PTWp2YnVtZ0JWNWYxZVU3MXhR?oc=5,The Times of India,"Sat, 22 Mar 2025 07:00:00 GMT",2026-06-14T20:33:15.363099,upi_fraud,True,False,candidate,https://timesofindia.indiatimes.com/city/dehradun/controversial-ascetic-swami-dineshanand-bharti-arrested-in-land-fraud-case/articleshow/119280080.cms
upi fraud Uttarakhand,Activists urge caution on new smart cities after CAG flags ‘irregularities’ in Dehradun project - The Times of India,https://news.google.com/rss/articles/CBMi_gFBVV95cUxOaHhERWNVRlVEcUtZNEU4WC1ZbEZZYkRfSVJNSFZoQmtmbThNTUNBTDFPZTV4MFQ2NHRxNTFrRTc0RzA5bHl6T0ZmekJ2Z21zdEFvcWNzUmxUQjVDeGxUQ1pucktrLUNDS2xxSkxETDFKeGE3bC1OYzNqeVp4YjJlY1NubUY4RnktaDZGa00zZ3BLWTc5X3BiRUsybmUwdWJfWm1rTUZyTUl2RVFtWVJVZDFQeEhJY0lCTlk1eHJzSGhxanBvWVZBY0k3SVo0SmtSa3lIUTkzX2ctZ3JicnNrOU1WX3Vla3ZxamdLR2pKZFNiSjljTkVKRjNDbE9od9IBgwJBVV95cUxOcUlja19GamdlWXNzX2dxdUsyNUctVEZLdTFxeXIwdFdHck9GU1BvNWZnblVyd3ljMUtnT0x5cjR1NWsxRlRydk1sN1BXUWZoOWZwdmtLUjZhZXhEaVZxYXFwaXQ5aVZTQ2M3ZHY1b0ZId2R2ejNNUWJmZVFXSjdWM2lwekJPazI3WlJHMEtDLTViRGcycnZPeDdxRDVqLTctNk9BWlA1SUZuMko3RHhFMWM2ZTZVQkF4NEFLTU9fbGRuLW5PU0R6c29FbW5xV0lqZENTaEdCWFZXdXNla0FWZmpIbldydFZEVnNqeExVVzQxRTdBa1BUVmRaOGZ4Nkc4LUZz?oc=5,The Times of India,"Sun, 15 Mar 2026 07:00:00 GMT",2026-06-14T20:33:15.363124,upi_fraud,True,False,candidate,https://timesofindia.indiatimes.com/city/dehradun/activists-urge-caution-on-new-smart-cities-after-cag-flags-irregularities-in-dehradun-project/articleshow/129593383.cms
upi fraud Uttarakhand,Daily Uttarakhand Current Affairs for UKPSC Exam (20-02-2026) - Drishti IAS,https://news.google.com/rss/articles/CBMiakFVX3lxTE1zS3QwWDFLN3N6ZzVBYWVLS09vc3pRMkNMNklucVVxNkJFZUlTQ1Fabjl3eVJDYmdqRE5EamV5aDVhaDJBdm8xUlRMeWY5M1dnOEpOTnEtN0c3Um1YVzJnbkNfWlZ0Z0FqWXc?oc=5,Drishti IAS,"Fri, 20 Feb 2026 08:00:00 GMT",2026-06-14T20:33:15.363133,upi_fraud,True,False,candidate,https://www.drishtiias.com/statepcs/20-02-2026/uttarakhand
upi fraud Uttarakhand,"Protests after five job exam results scrapped in Uttarakhand, 50k aspirants hit - The Times of India",https://news.google.com/rss/articles/CBMi6AFBVV95cUxPSlBxNUhpTmVtbFBKM2M1UmdxMUlkU3ZFVGxVeTVTRGxTUW1Ib18tVTNQX18wVWdUeFJZNnQ4ZGVScFJNVlFEcGRobjZIQkM0WXF3Z05xWnVtU1FxR0dNektZN29UTnROUVc2QVc4bnZyV05xMjNxdEQ4U3RwbXhpV2hTUmJnTzU2WXdiaEFYMHptWWV5MW1aWUhvZWY1cVNtRXZLMU1UTFlFTWJGdkEyUm16QnlZMFJXcllvQTJhLV9kdEpMZXMxQUVkaE9yT1lmX3NSMEpTVDdNdGd2ZldlSVM1SV9qRHZk0gHuAUFVX3lxTE5TNDMtSV9vUm1JMl93X0hRdTFXbTBDdGdCOWt1UWhTT05XdlFtOXo5Vzg0QmZFaS1Za3RvaFRFdFBLbHExZnU0Z2Q2eFBxWmRIQVp2dW0tR0U5dGZfVDU4bzBJT3JRY0hTZFFmeDJjNDZia2lJUS0tcTZ3YzdmZ2JqblM0REt1UmVicUdzcmk1VmVYcXZpVFMwcXdEX255QU9ZZk0zc0hWNlNQb3Z4OV82OGhKTUlndXlWMWMzNlVQdktiamRzSmt4UWUwYlZHYU53LXRQUjhHLVh1NTN4aGtFMEp3a0xHSDY2T3NFZ2c?oc=5,The Times of India,"Sun, 11 Sep 2022 07:00:00 GMT",2026-06-14T20:33:15.363169,upi_fraud,True,False,candidate,https://timesofindia.indiatimes.com/city/dehradun/protests-after-five-job-exam-results-scrapped-in-uttarakhand-50k-aspirants-hit/articleshow/94125298.cms
upi scam Uttarakhand,Paper leak scam: Ex-head of Uttarakhand selection panel held - The Times of India,https://news.google.com/rss/articles/CBMiyAFBVV95cUxPYVdHOXA2YnFWM0hZMjkxand1UFhUNmU3Mjk5UlpXVncyQ19udjJUMnFxdEJNV3RqcGpUQ0dNSlhMRzFmSjk1YTZYX1FyUmxfR0wtYWhYcl9jT3JGYWQ1VTFHUVpFMXhQWVM4OFFGTnVNdUFZUjVFaWN1cUUxTE91SVhNOEdEUjNiS0RwbEtGWkNIMlg2QzRWZmNlYmdZR2Rxbm1SWGduVWt2dXFxSU1lamN1WEMySWpZcEVEQlpIZWktYVJYVU9UR9IBzgFBVV95cUxPV25uanl4VVllWkJDZWlDRFZCbWhla1BfR0NGMUtLamN5Zkc0NjJvWVVIRUhpcHJLQkhNb0hMUzNKcURYNnEzQmIzTFoxa2ZjSkpQTFFrU2k1azBuS2dtSTh2SjEzaVBGRzJiR2lzUndaTTZYc09PUjk2R3FKTlZWaHVNczE1TzJORm5LbU82a1A1alBnVXpQRjh3NkNEX1FvYzZlNC03LXJIQ2xXUFdBZ0V3djFaTGhac1VMR0o3MVZuclhQamZIelhTVFhaZw?oc=5,The Times of India,"Sun, 09 Oct 2022 07:00:00 GMT",2026-06-14T20:33:17.302774,upi_fraud,True,False,candidate,https://timesofindia.indiatimes.com/city/dehradun/paper-leak-scam-ex-head-of-ukhand-selection-panel-held/articleshow/94734395.cms
upi scam Uttarakhand,Uttarakhand@25 | How IIT Roorkee is shaping minds and building the future - The Times of India,https://news.google.com/rss/articles/CBMi4AFBVV95cUxOSDJWMjAxYzZxcm1NNkU1Y3ZfZzJCSnlyYTJmREMwSVZBajRkbjNrLTVMbWRTal84N3dGMURmN0pxd215NzhXTTdtMWxVQ3E2c3kyR1pDN2xodEdOcUFtbEVRNHdUMDVRc1hISGlPTW5qek1rOXk3QW1RZmtNSXFvVkZQZHduamhNdllnZ3RGVnAyVlpHVlRWZVVVZWtoZlNNRGVaRVM3UUszNExlNU1hNVU0RmtBVFpiTmp1MUlXMFNESUdPRWhMOUpiZHE5eUxpV1BreUpXbVE5c2hWU3FOTNIB5gFBVV95cUxOTnFfdGZ4QWd5Nk9UaUk5MzVyU3Z6SlZyaVEydVdvNDFLNmFGa3JXQ3pZeEVKMmMwYUNkRGtzcXpPR3NLTGVYUHhwazhaMVcycW5JWFJrd2NyTVpfMTFCUnJITTlISkhXdzdPbnZOZjRkWnliUUhMYkQ5UGw4SC1aV3BLdGh2b0xnYUpTb0UxZUJfNllWSkVKUnA2Qkswc0hrdHoyRktPYXBGNk1SOERZSTEySWw1RU5LejhNcVFrZHp3SzdJZEMtTHdXa0tUZGNpQ1FMYWFkZzE2Zl93NmZhdDhUTjRxZw?oc=5,The Times of India,"Thu, 08 Jan 2026 08:00:00 GMT",2026-06-14T20:33:17.302808,upi_fraud,True,False,candidate,https://timesofindia.indiatimes.com/videos/spotlight/uttarakhand25-how-iit-roorkee-is-shaping-minds-and-building-the-future/videoshow/126411833.cms
upi scam Uttarakhand,Uttarakhand records 18% rise in seizure of fake notes in 2 years - The Times of India,https://news.google.com/rss/articles/CBMi0gFBVV95cUxOMGFEa1FkREJQZ1RtZl9ZVWVLNjBYTFBZQTBDQVFvVHFZTVVDWnhGWVpwTU1NVFpfaksxUzVudndGanhEYW9uNi1WSzZJdWtQSEF3YWkycWhJYTdGNWh2bElpVWJQRXpOV21KNXhlaF9WODlEcUg4V1d1RF9JamwzSUN1dHdzNGlRVExsMG5ZaDVGaDViQ0lON3JFajhpMTRJRzVBY3p5aVlENnR0OVJVVjNPUUJ3aHh6UUk3RTZYV3o3NFBhRTU2ZHJneHdUOHF6dWfSAdcBQVVfeXFMUHNGMlFaaldLLTJZVUVuYkw4UElWeXdqRWdUeXNDeXlWbTBTN3hZRmRIUXE5dkl2bzV0VjBibGpvYlpUWWp1VThaY0U3bzFNQlNhN293MkNLTnBZcE9RcWRfS0FXdG9MX1ZRbHRKbW00dFBES3E1Y3Y4YXFaYkVfRGNBUGY5bEYyd1M4cVdpVjMzYVhFVldKQ3hjSmxDVC0yR25wVzZfN1RxVTZSU1R3Z0oxMlZ3ckhpaGdPcnF6UlhQUE1YV1VVLUhEWkF5RmFCcDQzRmlIVU0?oc=5,The Times of India,"Tue, 08 Mar 2022 08:00:00 GMT",2026-06-14T20:33:17.302816,upi_fraud,True,False,candidate,https://timesofindia.indiatimes.com/city/dehradun/uttarakhand-records-18-rise-in-seizure-of-fake-notes-in-2-yrs/articleshow/90064288.cms
upi scam Uttarakhand,Uttarakhand to open 15 little-known jungle trails to trekkers from April - The Times of India,https://news.google.com/rss/articles/CBMi4AFBVV95cUxQYTZESmwxQVMxNjhsSm5UUDZFblhyNmxmenBnMGc4UFlDcV8ybHNXS3ZxY0N6amhCZGZISmpZaUlFdzhoNVBBN294UHlncGJtZzQ3SzRWTnB1TnJ0cXV1d1pNUnlMME9iTGRsZlZ1Q2p0WjRmVnVLWkxSYVhfX3lWMGM1OERnX3hZSUxTUVVIWnZVQmNsWWlGVV9JOEY0cDRLXzdHMm5Ob1lGUDJFY04xMGpSRkVKUkpZTW52MmNjXzV0bFhSUDVMT3EwRXpiY3NKYVpTNmZfdkREX19zdnE4a9IB5gFBVV95cUxPclZlOWZSaEtJSFV0X1FSUTZDYjNxd3pGcW8zS0NBQkhYZGZVS1B5VXdwYTg4LXd4RWgyZXRJOHJsQkFyRXlXanozZktUQlVyUW1SN1lmNkcxZEZiVktIWW1lM25odEloaE02V3U4Z19FMzEwbTVCV2lZY2dNbUpuN2ZaZlhzREk0VDF5RU02Nk8wTS1TbXV2RXRWZ05SbC1FTGo4X1dRdXlfdG03MjlDZU5lZ1JvUXZoVnpEWl9EdTJ4UzZJVzdaVHhOVXpWa0lwX0JRZFBCWG0zY2J4c3JpQzl0SENmZw?oc=5,The Times of India,"Mon, 20 Mar 2023 07:00:00 GMT",2026-06-14T20:33:17.302824,upi_fraud,True,False,candidate,https://timesofindia.indiatimes.com/city/dehradun/uttarakhand-to-open-15-little-known-jungle-trails-to-trekkers-from-april/articleshow/98787905.cms
upi scam Uttarakhand,Uttarakhand@25: Building Planned Cities for a Growing State - The Times of India,https://news.google.com/rss/articles/CBMizwFBVV95cUxPM3hnWHlDanNESUtjcUNibE5jbmVqM0RGUjZFMHYyNWV4U05nZXFYQ2xWSXRBN1ItUm5BOHBnUXdRWjZsRHRUeEJMMHE1VVJjRDA2eWkyckJPNVE1T0wtZmVlZmlLZHhpNUNGUGlVZGs0eVg4cFJZS0xGSlYwZ2pxa0hYOG1hTUxiMW9NdV81VTUtQ0ppWVlrNkZ2bng4WWx2Wm9FakZOYlFxUHVhV0xxNU1NTFdyeHBEcWdjMDNTNFFNQmd0WjJ3REJWSTFJRjTSAdQBQVVfeXFMUGY2Y3VVTHRCTk0ybHpmSjQ0NTkxNm0yUzI0RUpxMVBWTWYxdWt3N2g0cFZZRHVvdVNRRGZJMlYyRldWSGY0Ni16bzlVY0hUeGtBSlg2UlNzSzV4LXU3aS01Smh1UkRIdnBUQ2dOT0U4akNWX2I5QXJwa3MtNXlZRVdjaHlxZF81ckIycGZ2WmpZaTdSelVBNE1McE5jZzNjX2hYZUtDbi1sWGdWS3FhbWRObGhHVXQ1WThUM1poTWxHaUx3bzRDUTBzQVR0b2VPbTJSaF8?oc=5,The Times of India,"Fri, 26 Dec 2025 08:00:00 GMT",2026-06-14T20:33:17.302847,upi_fraud,True,False,candidate,https://timesofindia.indiatimes.com/videos/spotlight/uttarakhand25-building-planned-cities-for-a-growing-state/videoshow/126190615.cms
upi scam Uttarakhand,"1,468 people from Uttarakhand selected for Haj this year - The Times of India",https://news.google.com/rss/articles/CBMiygFBVV95cUxPZV8wcWJTNl84UG5EOS1zbS1Jd0lvQ1E0OVFUNmZmTlVkck5pLUZDU1cyLVFoNHp3N2RJcHFOdVZPVEgtTVNmR204djM4N0Rmd2NZd0ZMZjlPNGtrZzJJOUJUazhzWXBud1FScE8tdlFOc3Ezc2g4S0xEZzY1dlU2OUtudkEzV3Jja2ZhMHpwUmdsWVFoOF95TU9Wck4yS0o5SWswUVkxbktVQ2ZJNEtpRmFLb0tIbVJRQkxqUDNVdk5oT21sR1NRa1h30gHPAUFVX3lxTE93dTlkR0xsMmJET2RXVnJhUVU0R3NhRW8zMFFnRTJ2aWZocHhOcWJXU3o3bENiY2pCRDVheHpVODYzV28xY2daTkFqZUtESDdjU2d4dmdINDVOT29jN0YxU2E1MVJpUGUyOWtPOXlWOWZfbl8xQ2J4aGUzc0RqNS1tMFExNDJ4dVd5ck5semRUNW5DR0k0MV9Eb283NldxSTA0ejZHWG5EY0JUTjhqZU83V05VckFSS2k1azFnN0VKREVGb3hrbmxPckM2VXVWaw?oc=5,The Times of India,"Sun, 02 Apr 2023 07:00:00 GMT",2026-06-14T20:33:17.302861,upi_fraud,True,False,candidate,https://timesofindia.indiatimes.com/city/dehradun/1468-people-from-uttarakhand-selected-for-haj-this-year/articleshow/99193651.cms
upi scam Uttarakhand,Uttarakhand@25 | How FRI is shaping Uttarakhand’s ecological future - The Times of India,https://news.google.com/rss/articles/CBMi1wFBVV95cUxOZEpXSVJYWnNiMWVlY2p2R1RBSDVkM1Jsa19JR19MNlRzcVNsbFBWOFc5b1ptUFA5M2lBOTNsZEFiRElyWnVkVTY0WDUtMWFneXBnNkdQc01yYXlLOHNqTFlVZDFRSVI4aUExYmdPT2JBaVBFSENtak5Ocm9fbkUzRGp4UEdfR1hJVzM1UDhiZjE3a2RjUWxpbnRiVV8xSENiNVpRNGZ4VXNaUVNvSVpnT0JIRU96V0I3bFBaeVhEeUk0QlU2ZlN5SXYyNWNYTVBKS1VzSEF3Y9IB3AFBVV95cUxNd0UteUVOMFEwR1VqWVh0NGhPaG1Xc3BCb3FBQ2NTY3E1amkybGlFRmhTVmo4ZmdRY3lZbU12c1E4bmtPUWxPTTZUVzNMZ3U1WVhqUzJYeVFyY0V1YnZDNkkyczk4RGlQaHhsRTVQTWpZc3dWcnBBY3EwWW1RY2dOTGl4ZlpZdGYxczJwUzZ2MUF5RWEtVzRtTWhzenV6M3QtYlJEVGdSTnQ5WUJtX0V4SkVEQ2NMMTNDOGpEYWhiRUQwV2l4MGt4WW9rcjFoUmdDWi1PckxPTkU5SFBC?oc=5,The Times of India,"Mon, 05 Jan 2026 08:00:00 GMT",2026-06-14T20:33:17.302876,upi_fraud,True,False,candidate,https://timesofindia.indiatimes.com/videos/spotlight/uttarakhand25-how-fri-is-shaping-uttarakhands-ecological-future/videoshow/126348276.cms
upi scam Uttarakhand,Uttarakhand Forward | RK Sudhanshu on how Uttarakhand balances development with sustainability - The Times of India,https://news.google.com/rss/articles/CBMi_gFBVV95cUxOQlNYLVFyNmMwTU9PZnZqRFA1X2JzRERHUVdqajRsUGRwa1ZRaVJkNl9oUE1VV2lGQ3NLNmxiRWI3dC1IczRXTUhQTUZKNzk5WFJkWm1Yd0Rrb0tvT051d2NGWFlXSVpsOTFtQjI2WXgtcVQ2STlFNnM4YVZWR3hLXzlCUmhZM1JOUjkzVGpYUG92MElOQXRQVjdfY0p6aVYzeUR6SEtEOTBWMTY3UE1WWDVnM3RaejNqNTVoZlhzeThpd1ZDcmlDVEs2Z29VUlR1WVJxdGdHWGozSnozNmNiWmVQaFVaWFM5eW5aS2lPZ251a25FT21DdWhTSGl1UdIBgwJBVV95cUxNRzZVS1pPd0hMM0F3ODVkZnJ1UGxKUDFGZG5pUE5XbkMxcWxETkMzbXZwTGpJUlFsZVJMQlVVc2FHLVUyeExqZkJYMGZmTV9zYlpWY29Fem9hNE5ybVlEX0xSZlpRaEtYOVhiUUJyRmhHVzhVNzJ6TFhKRGpqUlF2eWFXdzl1NlVsNlhPZkhqMnZMSVBSeDRUVW80MXNacElEck9DUVJjR3hzSktFa2tsZTJmbTVMdFRsMjJaZkF4UnpjcGpxNklQRnVUbEZJMm9wV2dsczQ4dEVSTDR1a0gtcEYyRVF1a3YzdjJRalNJLS1QTzZudnV0SFZOOFpCc29HeFhr?oc=5,The Times of India,"Mon, 30 Dec 2024 08:00:00 GMT",2026-06-14T20:33:17.302884,upi_fraud,True,False,candidate,https://timesofindia.indiatimes.com/videos/spotlight/uttarakhand-forward-rk-sudhanshu-on-how-uttarakhand-balances-development-with-sustainability/videoshow/116792396.cms
upi scam Uttarakhand,"Uttarakhand: 400 cartons of illicit liquor recovered, one held - The Times of India",https://news.google.com/rss/articles/CBMiwAFBVV95cUxQRnJZdGFsNUwta2diazcyVloyRVQwN2tWalZ2QWlFaWYtalUwWnhpU3ZXeldhUzk4cTBVNDZBV1RuZkw3N3JWd1ljUHdSUFQ5OGR0RjE2a2tyU1dWRUU2OUN6UDNaQXQyYmJpSTEtelN0SGk4QmJ0RFFmVEdPb0NWUkR1SnNPTlFwU2NIWFB3X1pjb1VtLU03enQwZlJsMlhTUHNVV0RtMHNsV3drQ0E1OEtRdm9fR3U1RVVzM0EtdmTSAcYBQVVfeXFMTUpxLUVPSk9sNzN1ZnFGTjJ2QmdVNnozY3NvY0RxaldYRjRGYkJ2QUJmV2lBd3RHSWRib3B1b3k2MnZ6RTNkR05iOFhrZWFTVTdZeTBTOTJZMTlQZmZuZU5VTWw3V3c4Y0llZXA4TVN2TzIwXzRMSnI5UFNZcTR2RG94V3dtZDdJTE05N2IzNWo3V3JpMXZidzRMaFNIWnhGbEhSQ095X09VVjEtdHlLcEY1b2V4c2ZFZ2tnTDhTdVlaaE1jc3l3?oc=5,The Times of India,"Tue, 15 Jun 2021 07:00:00 GMT",2026-06-14T20:33:17.302899,upi_fraud,True,False,candidate,https://timesofindia.indiatimes.com/city/dehradun/400-cartons-of-illicit-liquor-recovered-one-held/articleshow/83521489.cms
upi scam Uttarakhand,Asan Conservation Reserve gets Ramsar site tag — a first for Uttarakhand - The Times of India,https://news.google.com/rss/articles/CBMi3gFBVV95cUxQaGppc0hYVGNTNDZIYU1aZEFLNVA5NVdUcDBOamdSZFVQYkQ3ZVVMYVp3dk42MVA2eXI0Y3ZvRUtoMlZrQkVpVG5ibWtCbmpfd2Z0NXJTdFNPVm9CSERaVW4weDBoWjdvUS03ZWpQMWp0VHM5N3Z0QUsxNXpmUzJhZXIybmZtRV9abkUwaFNwU0x4VC1pMzZ5Q1dBZC1DN1hzMHBFUjd5SzJrTGZMclRPZTNXNy1SSzVRRVNoQlNORE1fc3ZtUmFJSW9MMjJQbjc2eW5iNUEwdVEwU21HZ2fSAeMBQVVfeXFMTmkwMnNPaE50cnVCOFlIcXM2eXdQZVZhSEw1eFJFOTU2VjR5U3llTk5LZEF5elRPMmhFN01ha2U4YVpjbUJrUDVjTlNFOVFsbkYzVzdiWFBxOTlQUlFSWWhtMDdyYm5zdVliSHI3a3h1NDZ5MUtQd0NHMFFnRFVDWng0TnFLZUxxemFWUGFIT2FVRTNqZ3FYVG1JeklrUHVUUThhYWdFb1l3dmVUTkp4eFUzV0gyS1M1RnFWMngyNFRPZ3QyU2E4SVhhNzdjOXVhNjhJOEFoS1Nfc01UUGM3ZThIYkk?oc=5,The Times of India,"Fri, 16 Oct 2020 07:00:00 GMT",2026-06-14T20:33:17.302906,upi_fraud,True,False,candidate,https://timesofindia.indiatimes.com/city/dehradun/asan-conservation-reserve-gets-ramsar-site-tag-a-first-for-uttarakhand/articleshow/78687711.cms
upi scam Uttarakhand,"Turncoats behind scams, Uttarakhand CM Harish Rawat says - The Times of India",https://news.google.com/rss/articles/CBMivwFBVV95cUxPV0FGc3g0d0swUXVQaERCYXgwUDJ5blBySVo0NnE1Zm0tbmFkNUtQazBnam1RMHNhNzBfVDJkSUlSVFZDZDNpV1JtMnRzRTdNa1A3aU1SakJXQTE0Qm5faWZKMFFmNzc3VXZXbjMyUDBCdGx1UXRzTE5GRDNnZHhHY2YzWDg3TVpqY244N2h0cTRZWjV5cVZPQnpDME1uSzVIVFpEWWkwWHRzY3ZoOFZkZVJYQU5IZnpDVEpQWHA5Z9IBxAFBVV95cUxONnZsSEFFZjVuR3ZVMVBONjdNRjBkNnpNU2RqdzVRaDdIOWxzbGZrenBqZExTem1vQTFvS2huOXhPZ1RnOVlmVDg0QWY1NXY2WjRtc0VmMWR4U2hPZW42M0tIWVNqT1A3c1Jual9WYWYtcERMelB6R1l6V2VaLVRvNnRieVN3d2U4YXNMR2JWc2cxampxaW5QeE43ZndtOEF2M1pyY2RJU1k1dl9oN1dObEVOelkwRWVRZ3FVZjdqYlN1ZHN5?oc=5,The Times of India,"Fri, 06 Jan 2017 08:00:00 GMT",2026-06-14T20:33:17.302913,upi_fraud,True,False,candidate,https://timesofindia.indiatimes.com/india/turncoats-behind-scams-uttarakhand-cm-harish-rawat-says/articleshow/56366252.cms
upi scam Uttarakhand,Uttarakhand Forward | Radhika Jha on Uttarakhand's exemplary rural development - The Times of India,https://news.google.com/rss/articles/CBMi5wFBVV95cUxOTUxLQzVkejZ5Njh6b0NzQXpyLXBOTzJROWYxa1ZyOXVsWEpLVUZTOXk4V1NVV2VReW5NTnhCNnlYQklaZkM5czhPRk9DWHd4LXhsRGdERXdNbTA1Qll1TzJfRjBqSGZjNFFYbEZLckpSR2NIX2R3dXpnWVZlc3VOaU5ETlVhcHJYT20tR0FnbjdZSV9Ga0ZUZklGcDdWNEFWb0l5Sl9wQ3ZEVjNXaXd1Y2NQeDJNLWx5WEtqd09ZX1R1VmhPRFN1SENFWEVvVEl6R2ROU0t0N1JQVjZySWt0OVdZTDRIYm_SAewBQVVfeXFMUDVPVEtHLW9qUG5JaExtTHREMjJwTk83dlRmMkVRajdNdjJxMktBWTdTeDJlell5Q0ZDYk52TE0wa2ZXTEM5Y1J4SlV6NDFOd1hzVHFrZkJDNmZmWGpmVVJreEZxTktMSXN4VG1Ed00xaGZBeHBsY2JhMlkzN3ZmalFCSUtDVjVvaFpYXzFuYXF1SHpiVGhNRjR5cGZ4X0pOZDFsLWpaTG5TSnhYMEg0TEdmOUJ6S19LQldOVHVmb1IybXc4clU0ZllOelllcTd4UmRnTzJjbWVIb0IzUWp3aG8xYm9UM0h4aUx3cW4?oc=5,The Times of India,"Mon, 13 Jan 2025 08:00:00 GMT",2026-06-14T20:33:17.302947,upi_fraud,True,False,candidate,https://timesofindia.indiatimes.com/videos/spotlight/uttarakhand-forward-radhika-jha-on-uttarakhands-exemplary-rural-development/videoshow/117204721.cms
upi scam Uttarakhand,Uttarakhand@25 | How GMVN is powering the state’s tourism growth story - The Times of India,https://news.google.com/rss/articles/CBMiyAFBVV95cUxQcGRCbVF3RExkeEQ2c3I0a0VyX0s5TVg0U2NPaEpFdEsycy1saldDWDFSVTRWalY4eVlrWnJ2cV9lejFqNkpnMUFxZ1RJb0ZROG9iNm5VMC1zb2lRQ3lzY2RxNlBWTUgyeWxRaVRJX1dBSV9rekJSelpwSG8yRm43Z3I2MWpJMDlPZGI2YVByUVlnc2lNYnZkRnMxNGxFRVRxcTAxaFpIc0tJRnRWUVNsV3VteFRoaUVHRnlQSnhpOEl1MGFaX3ViTNIBzgFBVV95cUxOc0JwZ2laZThrQ1RpWk9BM3Z5MUtqYWlORW1EMVFnbjFlSktsVDY2Qy1LV2ZuMkwyMnd2bzBxQlBXMEVSNzBhT3RkZDAzUUJkQlBiZGdEWmJVd1d2NUVLbzBTLUIwcUZHLWtQdjAyZ1JyOUZmeXZtNVpRLUVhZnRIb0tUcXJrNkZqOXBtV2NfY19RQlJjWUZrZFJ1NEhhV2xTeWdqYm1mZjFmeGVaeWx5bEtzRVYxVDlkLWlJVHk4R2t4aWw5Nk1zd1VidWZGZw?oc=5,The Times of India,"Fri, 19 Dec 2025 08:00:00 GMT",2026-06-14T20:33:17.302973,upi_fraud,True,False,candidate,https://timesofindia.indiatimes.com/videos/spotlight/how-gmvn-is-powering-the-states-tourism-growth-story/videoshow/126076331.cms
upi scam Uttarakhand,"No gowns, caps during convocation: Uttarakhand education minister - The Times of India",https://news.google.com/rss/articles/CBMi1AFBVV95cUxPM21xa2dUUlRCUExqeW5qelJDdWkwR0VZeHhEbGN6Q09IaUVzbXpNMy1nVGM5VXBxRHdUWlRZUEZoWTUxWnQ1V2NZSkN6ZTJ2MzRIVGJJSEtNTFU3aFoyWW9XTWI5NVRoZ0Nka3J4MjY4SkE3MTJwakx2dGk0QlVUdmctZy1qOVAtbjcyVXQzWFphNDZhWDdMOVZfbmFlT3FRYUNpckF2WkJQNDd4TnNtWWc1REl2ODZRRUIyeDdnWmRva09oWDBUTkxaV0Uyd0xNYVBKbNIB2gFBVV95cUxQVVprWUVmNWdzTFlKVzlRbWJqLXctdTBWX3dVS09Rbm1sU1g0VUpDclVyWThuM2lwWnZkX2FJZ3REUElfRlhzUFpnaUdPVG9fcVJzaEdRUTZfUHdXbXRpQ1VuYnA4VXMzOFNRYVVpZGdNVnVDX0FfbHVveG5oa0xxbmlCWjFWN2tLM3N5T1ZrOGdPQXBRSEZGeVZ6N1Q2blVqdnJEcjhwclR6M0tWblNybHgzWUlxNTFPcERUVVBVXzZ0Y3BLcXBGN2UxQ0JpVnpIZlJkbGNiZ3NZQQ?oc=5,The Times of India,"Fri, 16 Jun 2017 07:00:00 GMT",2026-06-14T20:33:17.302981,upi_fraud,True,False,candidate,https://timesofindia.indiatimes.com/city/dehradun/no-gowns-caps-during-convocation-uttarakhand-education-minister/articleshow/59144083.cms
upi scam Uttarakhand,Uttarakhand may implement seventh pay commission’s recommendations from December end - The Times of India,https://news.google.com/rss/articles/CBMi4gFBVV95cUxQRUFHXy1faE9pZ284Q0VsWXJ2ZjZZcE84djBaMVpMako5UV81dUJ6aUhDVVk5eXJ5OENTaG5PNHdDS1BBTWlfREFrVXR3TWEwUnQxeFFvLUZTbnNRY3EyaUtjRjhOSGxYa1k5U3ZMVlVzNlVhV1NkSEhUdVdPRF9tSjVZczlSamhPY2FFMWlyTGVRMDFZM2NBZDhkVTlrc0NGZ1hQWUFsM3BNby1CNWRCN1dPbU1xa3h5RGRlZ211eWo0a1prNTVzWHZ5MlI0SmhLc3MxZ3FFNl8zdkRXTU1nUEp30gHnAUFVX3lxTFA0YlZCM1BrRDl5MEU3SldObVJnVlRBb253RllyN0VXdnVXamhVY2NKUFRWcGltaGNYQUVTR2hLWFJramVwR3hFRUUxdlpJUmZTMUpvV2lYS3FIZWFJSnFBc2JYMFVwQXUxWDVqM191Q0ctdVEwUXQxMTNWYnpxWTNxWlFoQ0xyeTZLa3NKdTZLT2FXRGNLOUN5OTg3SmxwWkgxZHJUbEpVR2pXUUhidGNLT2lDQ2NUZWg3OExTVmFXazF2bDZLR0JjUG81dWR0b1NNX25aY0duVTRYRTJrZnlQLWs0dl9nMA?oc=5,The Times of India,"Fri, 16 Dec 2016 08:00:00 GMT",2026-06-14T20:33:17.302996,upi_fraud,True,False,candidate,https://timesofindia.indiatimes.com/city/dehradun/ukhand-may-implement-seventh-pay-commissions-recommendations-from-dec-end/articleshow/56006591.cms
upi scam Uttarakhand,"Uttarakhand: Six women cops at HQ dance in viral video, probe on - The Times of India",https://news.google.com/rss/articles/CBMiwAFBVV95cUxORjFveWxKQl9fUmdjZ1FLT0hkaVI5MGVkZUNZcXZLZnQ3dmN2OS1CbFRFbWw2SkZJQ2xsMDV4ejVzZnczTkVqcDl1NUc2MUFtZWVZT0lqUG5xZUNxSmx4ZU9tRlR0a2JsbC1MQVdhTnE5NlNaeExJdHZrVE9kMWpiMno0N24yWlJRRVpKWEtmc3dETjIxV01VSmpkbl93aHhhV1NncDRKMkJ0MHIyOEdOeE9uSE8tQzVHNmlsV0xYaEzSAcYBQVVfeXFMT21tejBXNlVldmU5QzNqNHhKWS1OQWVoQ1ZOVGpBN1B2aTBQZEZZUmc1LWMyX3A1MXg3bExZcTJLUE1ncHNBd1R1WlNMUzRBRmJqS0pNZ1ZpUkRIOHlGZFFMaDE5UFhtb2xycnNhQ1VYVUVNSlJ4OUdCTjVCQkt0bGVuV3FaM1lPZzVoRUp5OExSTlVsOWZORWdLWFhaT09FdGM0S3dweWtwam0xb19FYXhIVDI4NVczaldySGtRTDNBRXVlOFNn?oc=5,The Times of India,"Wed, 02 Nov 2022 07:00:00 GMT",2026-06-14T20:33:17.303011,upi_fraud,True,False,candidate,https://timesofindia.indiatimes.com/city/dehradun/6-women-cops-at-hq-dance-in-viral-video-probe-on/articleshow/95240328.cms
upi scam Uttarakhand,Uttarakhand to come up with its own ‘Himalayan’ brand of spices and vegetables - The Times of India,https://news.google.com/rss/articles/CBMi5gFBVV95cUxNdEF4Ty02S1NETHZPSTBjRjh0TWhvYkNmWUdTV1BWYUJBSGUybnNjazVMRHdVSXlsWFdQV3dzU2VtNEpQV3pqS2pzM2k1MUI3dGtTWTJrVkRzOEJ0OFZzSVFlV1FQbndxZE1rREZlNk44S09iaFkyYjZYdVVIM0pQdTNxQUw0ZmdrSlgxT1UyNThsdm85T0RpY1RYbUl6SmR5SjQ0RXMzVldsakZnZTYybTAzYVRoWU1DYk94QWxPOTVQem83ZnFZdVF5RlZWTmlNd3NyZmxWMlY3RFFaRUJvOEx0M2pvQdIB6wFBVV95cUxObnBsMWtXTV9rT1FWRkpRVlRka3h2RXhLMFVHQXJtOEUzVnhnZjRZNklMaGxKYjdfVkFBbnBtUXVXbURmaXZXRXFiU1ZnOFpTaUc4Q2ZKOHZ5cWRVbmpIalVfSE1meHB2c3NBVjJaZ1k1R2w0M1FkM3Zqa3dVXzNqMkduQkloSDdNQktsbnFkdXh2OUYxSEVKeWtFTmxLUVAxNzE4YWZ3YlNxUVdCNm5KbE5yb0RBYlNJZEdueDFfV0liZW91clBYaUU2NXBocXFVbWdVMDlBWm1fZnMxb2MyWTV2QjA2VHBnUFRN?oc=5,The Times of India,"Thu, 18 Nov 2021 08:00:00 GMT",2026-06-14T20:33:17.303033,upi_fraud,True,False,candidate,https://timesofindia.indiatimes.com/city/dehradun/uttarakhand-to-come-up-with-its-own-himalayan-brand-of-spices-and-vegetables/articleshow/87766106.cms
upi scam Uttarakhand,Uttarakhand police to offer weapon training to private arms license holders - The Times of India,https://news.google.com/rss/articles/CBMi5AFBVV95cUxOVEYwaVdvVDI1SmlobHFLQV9kYVZ5OUI2VmsyNkxqOUx3aW9POEpRREthaVJTcU9RV1ZmcjlVNjRYWnBVOFk4WC13cTl1MTJENG53TEhYMVVNSWZENjRpdEMwcktlMkh3MTdoanRYbm9HOU5BcFBKUDdKdm5ITHhxRUxjcEt1Tnc4aHo1TllCOEwxVko0bFZSaTB3VGNYMVlaTGtHOU9CZzVRXzVVR2VHS3UtNGc4aGRKbTZHemNhS2RyLU1vN3AyR25aeFhla2hGN2h3emh6RTdhV3ZvbnhfeEFJbFTSAeoBQVVfeXFMTlZCZmdfVmIzY25PanBicXNjR29XN2tkNGtReGNRQmp1eGhWYmZsSmR0WVVQNzJ1R0Y0UkFvaHh5aFU5bkE2czI3SXI1NDB0QURDLTJ4RW1Pb3BXR3NmZ1VkLTZDV2h4ZHM3cXJUamhCV0E4WTVENmgxYVhxUDVoeHdXamM5UXR3Rmp0ZzctUG1XNklLb0g2cWJRVEdXMUphUmZUZnMwTjBpY19WVHMyMm8xMk1wNmJUOW90WWh3SVFNU2hXblFSdEtqclp2Y05jUno5NlRWLVJmZC1rT0tHVll2ajBKYzdfVE5B?oc=5,The Times of India,"Thu, 08 Mar 2018 08:00:00 GMT",2026-06-14T20:33:17.303040,upi_fraud,True,False,candidate,https://timesofindia.indiatimes.com/city/dehradun/uttarakhand-police-to-offer-weapon-training-to-private-arms-license-holders/articleshow/63207655.cms
upi scam Uttarakhand,CBI arrests 2 masterminds in Uttarakhand LUCC Chit Fund scam - lokmattimes.com,https://news.google.com/rss/articles/CBMiogFBVV95cUxQS3FFYno1WXVuWGVMeXJ1UmM5ZDJNRXZydG80N1RNRExhdElaOF9JbVIwdUhfdjk5dTQ3ZTYwZmtpdTBVYWNBY21qcVBFWDQxa2s3U1BNeDROYWJfekVrbC1pWl9mc3YyQjF4LUFQN05obmNkZFBYLVh2LXFuWWZ6QmtScWRxMzhnN1kwLVdoZmRvRmRrMGRuTW1OS2NKbnVBMWfSAacBQVVfeXFMTlNROG5jakl4TW9INXd2WWlnU1VKUi1fUTdIUUFOZFFPUGxJdEdXMV9xR3hLaTVtQmZVNkJUV0ZPS0R2SE42cmRnNWQzTTA1THJPbUVyTG5KNlVmSWFyZ0dBcVFrNWxJemU5WFdpM3R6QzdiVmpVVnhacWR3UkdRWkc3blBvZ0xEMVM2b1QtZ1MwTng4S1VJaGxGSXg0UTRMWVlreWJOdWc?oc=5,lokmattimes.com,"Tue, 02 Jun 2026 10:58:28 GMT",2026-06-14T20:33:17.303090,upi_fraud,True,False,candidate,https://www.lokmattimes.com/national/cbi-arrests-2-masterminds-in-uttarakhand-lucc-chit-fund-scam-1/
fraudulent upi transaction Uttarakhand,"277 held for cow slaughter by Uttarakhand cow protection squads in last 3 yrs, 171 cases registered - The Times of India",https://news.google.com/rss/articles/CBMigwJBVV95cUxPZloyT0thZHdnQ0lvZk0wdTV5YzNrRXdqbmtPZ3FGTkFCYVV2YnBYTHpLNEdOOTNpZGdJVFo3NGFqSzhyN2doeDQ0WDltdDlEekV6aVdlQVdCUVpva3BoNUxWQUhJZXlvQ3hDUGF0V1gwNVF3YW9JelBHQV9QVGNmbnIzdV9LcUFDbVJCYWhGd1JYNmk2dXpnVFZPOUFWNzYzQ1h3ZU8tWGFaRkhDY2pQYjE2V19tMERMZUdSaGQ1OEJRVmdjVFNNTWFHVWh5TXU2dTQ3endidlQtYzhYem5ibzZvVC1yaW5UVVJrTURZVlp4cktST3Q3ZHpUQWtJa05oTHhj0gGIAkFVX3lxTFBqRVZCRWxKRHlhd05lLWJQYW9RaGEySU1wbFFoNjNUUzh1TVFubm5kYlNZVDdUVTNFZk4yeWpPWE9lLXdmMGJYd1ZsVUdtQjJ4RGRuUjZGUU96Rk13Rzh1OFFGcG42anNReVR3QVNWNzROWmZXZUZZS3RVT2k2S2MyMGRYRkhENW93ZEdyNlhiYTI3WVN4OWxyUTU0dTZEU2FfT2xJMnZtOEpoTUVYNHRZZ3U2WEFVWktUTFMwbjZKQk5wQ0ZzZGFlT3hJalBINmxNZ3NrdE8zSVRwOUZGTWhzU0lRLU5PMk93czIxYzBvaUp6Q05Sd2pNbUZQdlVYZlNFcW5rY2NUdA?oc=5,The Times of India,"Sat, 02 Jan 2021 08:00:00 GMT",2026-06-14T20:33:18.940329,upi_fraud,True,False,candidate,https://timesofindia.indiatimes.com/city/dehradun/277-held-for-cow-slaughter-by-uttarakhand-cow-protection-squads-in-last-3-yrs-171-cases-registered/articleshow/80063766.cms
fraudulent upi transaction Uttarakhand,"Almora villagers in Uttarakhand resolve water crisis, bag 1st prize - The Times of India",https://news.google.com/rss/articles/CBMilAJBVV95cUxPQkNra21iUTFfWTk1Mm5rRlhzX0FkV3Q2MWs3QnJPX3plSmpxZlJNNjBteWdDQmZVc0s1dko4SkJVUmpYNlpRbkdUc25Ob0NkeXVfVkQ3WXBuR2w1eGNlT2dPUWNRY2d5LVg3TFlUSWxBdWR1Tl92TEQzdHlJbGF3SnByQXlUTkNGRGpsdXFyb2xfeEFGUUhZNXFBcXFQLVU4dkJOOHdFNkR1bHoweGFNNzNEQkZWYUJNb3FxT0pmU2tHX0VtVDExcGlFOFBCRUo5bmpzbDFaZVV4bURsUWpLOEJzYUNxU3FvOEhha3dmLWl1Sm1oWWNyVFZfT3BTdHZrSDJDdmowUUNjNEQ5T2dfUkNWQjXSAZoCQVVfeXFMTmRRYXdsZFJaRVdMQkYtcGxGZmpDbUhzQUdlUVVKdkhwaEhHMkxnQ1lHdHBjSHk2UkdfZGtjdnk1TnBLNEUweEJ5WEJIZXo5VEpYTkNlSlZLMW1TRWM3SnA4aGtYMm9BN1RoX01mSmRZZXo1RTBPdWVnM19zSjNidGQ1YklWYnl2Q0JucjlwS3NrVjhocDMweEZyaHIxVktxTUJQeHhIN2lDbmZoMG1BdVhTMkFmYWhhTW9WZEtPSm5HQ1ZoNG12S3FwbUhhTzRELXlBR09YOEFud01ZUUVKMXlpNk5jRVBOaUIyVU10akk0UmlZd2RVQXVMN0dFaVNuaWRndGFxM2pCWk1RZXE2UzVXSGVhc0hyRFR3?oc=5,The Times of India,"Sun, 09 Jan 2022 08:00:00 GMT",2026-06-14T20:33:18.940337,upi_fraud,True,False,candidate,https://timesofindia.indiatimes.com/city/dehradun/national-water-awards-efforts-of-villagers-help-gram-panchayat-in-almora-bag-first-prize-for-water-conservation/articleshow/88780566.cms
payment app scam Uttarakhand,How an Uttarakhand dairy supplied fake ghee worth ₹250 cr to Tirupati temple - Business Standard,https://news.google.com/rss/articles/CBMixAFBVV95cUxOY0NOQmVZOWU1eWxYeXVWUFRESXpiSmVOQUNxOWotd3Ewa0xyRzY5YUI5UE5tOWQ5ZENPRFBhS1dxanJtUmFOVHBRQzNGbXA3THN5UndJVURqbnByTVkwbHlOUElhZzNPN3JUUE42blJud1QzSUxTTnRGZlRZREpILXUxSnZYVzlXMF9neGY5ekplTk5aSDdPbGxwTURzTHV5QlBTTGR5UTRZRmZLUW1TdkFidXRWc1RTNnpkSVp0aThhWHB20gHKAUFVX3lxTFBVY0tWTGh2eFItLU9CM1pZZ0tsNi10VEFJdDQ1N2xTMk9Db0UyRGVzYXFSQk5BWEZtVUU1OHJleHFxNzFrRlUwMjRRazcwM0hrdTFLZ1hvWWVaSnBiZzhaMG9GMUZHYzUzQlF0azdmRk1TMDZBQkdrbHNnV055TlVEaHZCTFhka3RBblU1THRpS1pDbXZsbmFYMEhPY0JZTWl6SWVaMktJQ0ZYVWVHaXJ3RWF2VWNibElObVJZLUpDcGdFd1U5Sl9fNXc?oc=5,Business Standard,"Mon, 10 Nov 2025 08:00:00 GMT",2026-06-14T20:33:21.553257,upi_fraud,True,False,candidate,https://www.business-standard.com/india-news/tirupati-temple-laddu-scam-fake-ghee-bhole-baba-dairy-cbi-ttd-125111000509_1.html
payment app scam Uttarakhand,Uttarakhand: Dhami Coins ‘Nakal Jehad’ to Deflect Attention From Paper Leak Scam - newsclick.in,https://news.google.com/rss/articles/CBMimgFBVV95cUxOOE0ySkdPdnQ4UnVLZnJHRmNBVllRRk50QmpXRFQwRWtZTTR5RFNCR190b3otSVVGTk1NbVRmbWF3bWdtYTFIMHBtSXpBMUY1YXFqN2Npbk9pRU9KeGN3LXlQQnVGc2QxOS1nSXZtcEYzQUQzNm5pbm9Nc1M2QzR1bk1YUUdQOHFaZ2s0dDQ2bEpSc05xLXEyeUt30gGfAUFVX3lxTE9EWEZQc09sY2Qza1RrTXNFalVtZ0FVTDF0aC15Y2ROWHc2V0ZNc3d1MXdVaHA5dkh3QnFjaFcwVG5KN09zOUxOdDhzWHc4bDBQdkZmWGcxS0p6Rl9YRG4zZkg4NG9ZaHZ1VWZsX244czJFYUNwbTVmN3A2Nnc0VnpUSVpmRV8ya2c2NksyMzc5cThsRm9jbGw0QmcxM3BZYw?oc=5,newsclick.in,"Thu, 25 Sep 2025 07:00:00 GMT",2026-06-14T20:33:21.553281,upi_fraud,True,False,candidate,https://www.newsclick.in/uttarakhand-dhami-coins-nakal-jehad-deflect-attention-paper-leak-scam
payment app scam Uttarakhand,Accused in Uttarakhand's LUCC scam summoned in fresh Rs 4.44 crore cheque bounce case in Mumbai - The New Indian Express,https://news.google.com/rss/articles/CBMi3AFBVV95cUxPMFNsTmhIc3p4SDloQ3piZlVXc09raTE0UW45QVg0MHBMTTJMd2ZXeXhVLVdoYS12YzJxTjQ2SFJzUGlSWHFDbUFnUURMQWw1U0FaRFZXMGlIWjRrTkNReW5fTXE0TEVpYjFCVlRMS2hWUlk4eTJKQVlTSE1CTm1PTkJnOFVrNTVuZWc4X09vbXdDWUZCMHNsV0pMbFBYXzV6S01lY0NKUjRZNFhjbWpPOTU4b3ZiWWd1M2VsLW9fRm1XcEdIeHN6SVBWWEVxV0ZJbk9sZ3VmS0ZqVXVy0gHqAUFVX3lxTE9WU1I3czdPRlVxVm1adlNYaGdWU2ZqUEs5QWR0emJsVUlDbjFPTHhWblhEdVJLZzhhZjEzazQtWnp2a3JXcmtBdVJFNklnUEpKSFJMSmRZNV8yVWJZYTJoLXg2SUVNMmhiMWJRLWVjVGRXN09NMkFWUm9NTDM1aHJyblFlNzZyMGp6VTV1RmV5cnR6OE1SNDBMX0k5OW9BMUxOTFdaY2ZlM0lJcnN0Zm13Uk9leVZaYlI1ZUtzWDNfUHlvcmw3WVNRN1hWenlZV0VLTjVpRHZVNWFub1lOT0gxMmFTYXdDWkIwQQ?oc=5,The New Indian Express,"Mon, 22 Dec 2025 08:00:00 GMT",2026-06-14T20:33:21.553349,upi_fraud,True,False,candidate,https://www.newindianexpress.com/india/2025/Dec/22/accused-in-uttarakhands-lucc-scam-summoned-in-fresh-rs-444-crore-cheque-bounce-case-in-mumbai
payment app scam Uttarakhand,Retired Dehradun Scientist Loses Rs 3.39 Lakh To Cyber Fraudster - ETV Bharat,https://news.google.com/rss/articles/CBMiugFBVV95cUxOX09lTF9ZSlNma1FKVWt6STFIZWh3SXNMZUhZTlF1aFJCSDZ1Q3BocjRrYjdVWHRGc05nX2E1ck85YnNCSkFldFlGTDQ1Z05neDhQYzNKWndNOVBqM1NvcERsa2dUbVd0MmtXWk1ybVVYYnYzQk9KbmRpWjNDcUxINmcwYnB4anZpZExsX0J6RmQ0Z3F5eWxSWWt1MEVDbDlsekpqSU5qWGNXVGZiWXMwN3ZGV0lTbnBDTHfSAb8BQVVfeXFMUEN3Wk1xRU1hS2xsMXkzOFAxR2lpMWR2cnZlNWwzc21WeGxpYVRxSjR5amk3ZXFIeGI1Ml9nMnJZZ19KRC1TVldBdGhUZ2ZycFRhNUNlbXJrUk8tVUh4ZWwxZWF2TWhKTDZxMkVXT2VKSFA2bjFzRmRrV1ZYang3eUs0RE1qY1J0eGYycFFYWnBpNFoteXJzVWt5MXo1WTBtM0VkVFB5SDdad3VWaHdqRloyT0cwYmhQNTlIRXk2elk?oc=5,ETV Bharat,"Tue, 13 Jan 2026 08:00:00 GMT",2026-06-14T20:33:21.553357,upi_fraud,True,False,candidate,https://www.etvbharat.com/en/state/retired-dehradun-scientist-loses-rs-3-dot-39-lakh-to-cyber-fraudster-enn26011302113
payment app scam Uttarakhand,"Uttarakhand YouTuber Saurabh Joshi summoned by Delhi police in Rs 1,000 crore Highbox App scam - The New Indian Express",https://news.google.com/rss/articles/CBMi3AFBVV95cUxOQWlaaDh1OXNVaTBDLWVibGFKb2FJZ3Rjbm0yeFlOR0FSWmhUSkVvM2xmN24wT3BQUlVocHRaTzhBNVlVSS1JYkJVMTlOSUpGNFJidVF4WG5sRjdEVmRzSEF5VU81RWduck45OURKYlZzMEFseDVVbDJqVjBjY3dDYTc4Mkh2bF9peUdSTnpyWlR0VzhMR2RxSXpzdmxJdjBNVTJVNU1SRGtTRG40MGRReVJXOG5fM0tiWG1SM2xjWUpQaENmUEZjZUV1QnZuTHZsUFpqUmh3TGZIWHUx0gHqAUFVX3lxTE9wU2NWaWIwdVdLNE9aNkdSSmx2NlFrN3JZREp2aDZTbE10V2RxeUFuNFFheUJibFFFNGtVRDJWb2RYQVRidkxwTXB1dDFfNnNIYjhIX1ZQcEZIUkd6WVdtQzJHRGxQdnFieDRzQ2ppV3o1NW9TNTRLNU5SVm1hcGYxX3d5cXJiLU5YSzFGQ3dkNTJkRW1jdWM2a1psMzNHWVB3SUR0cmFiR0dXVXJ3TjN1bTFSNXhNSFdRRE5aTDBwaUV4WTdwc2NQUWg5Ul82c1JyYkw4a0JmYjA5ZXJoZ1lLUUEtN1dzSm1NZw?oc=5,The New Indian Express,"Sat, 05 Oct 2024 07:00:00 GMT",2026-06-14T20:33:21.553368,upi_fraud,True,False,candidate,https://www.newindianexpress.com/india/2024/Oct/05/uttarakhand-youtuber-saurabh-joshi-summoned-by-delhi-police-in-rs-1000-crore-highbox-app-scam
payment app scam Uttarakhand,"Uttarakhand scholarship scam: Rs 91 lakh fraud uncovered in 17 minority institutions, FIRs imminent - The New Indian Express",https://news.google.com/rss/articles/CBMi4gFBVV95cUxOVVVqN0U4WUVCV1lRaXR6NzJINHpmUjZ1VXlwSm15SmYyeVRJbFluODBQdE0tbUxWanMxNGlwZXFJSENZQzUwTFhBNU5oV2JKWVhvd3hXZFBrREoycHA2SjJRbUdHSVBueVoyS1BhcDcyc1pOREZKcjloNEdVR01aQ3VkTC1hYjNfUUNFa2lDcmNuOG9hY0V3ZDY4NXUyLWxzQWZpTWc0a3FVUmdrVXZ3aWpDcVhORmFnUmo0RUljWUZvZGRaOHMxLUcxSnBtVUkzYWhFOThoa3FEQkdZZ0dUUjJn0gHvAUFVX3lxTE9WVlJJRVpjZEZwMXBpdXNDWVJyWC1mNFBseGlNNXFTaWZ2emt2WTU3blFOalB2QUhzMHczNC1ZeGN5YTRyeEhBSmRVa1VVSTFlYnRqbjJCOEF2cDZfN0RVTDdYMXc2dHRpbnlmU2tnOUMyUUkxRHhlLU04UlF5c2R6NENrV3ZBMTZtSFpXRHlvNWxVRmVkdzNVZDNVWGJTT2FLQmRpTWlydHV1cWNlb2JFSnoyTkJqREVyTy14UWRFNjBtR0lyT25INW15M0xRZy1DNnM5T2E2WGVBQlY3Vl9yUENPLTV3NU5EbGRHVEtr?oc=5,The New Indian Express,"Tue, 17 Jun 2025 07:00:00 GMT",2026-06-14T20:33:21.553400,upi_fraud,True,False,candidate,https://www.newindianexpress.com/india/2025/Jun/17/uttarakhand-scholarship-scam-rs-91-lakh-fraud-uncovered-in-17-minority-institutions-firs-imminent
payment app scam Uttarakhand,Uttarakhand forest fire: 3 held for starting wildfire for 'more views on social media' - The Times of India,https://news.google.com/rss/articles/CBMi4AFBVV95cUxPSmlYVVNXMzEzalNYNVdWR2JLOHlZb1p2bVVmYXY5SWZvNl95cnhCVHFWOHRJbmFHa0FqSzZMelBoQWc4MXFkRkxDeWNQRXBDUTlubm5sNFg2WUtJMVZ1ZjNzMG5iOExZclFRMDcxLVJCejRlUGU0UnlTUnoxcm55elZqcnpSWGJoOEhlcDE2Q2pKcERiY0xOd1g0SzhCYmRiTnJ2OFIwU1RrR2NqQ0dBV2V0eUZlZUg4S3JZZUlPR0VUVUJlZHJmWGg1dzVrTlFGbEpQTGUwWVhDTXhPbmp6ZtIB5gFBVV95cUxNbGlrVTVXV1JCOG5aWUdpUWticFVSVkZ2QTJ5aUNvN2F3UEpIa2RFQmJIWXJ3MWd4VnBCZDFqZko1YzZIOGtCT1R1U0ZHaThETzc1cjNOcHRBamQ2ZFFucEVKbWFCWm8yU01KV0lRTE9CTEFCSXJLUXQwVW1FWjUzMTlIQ2p2c0ExWFVROGttcDBUbEd5Q2FwUklHMWlQZmxLM1pJcEtWODBqS0dSbk9NcFR0dEtIeElkVm5oQlgybmpCTjRvUmwyM2ZGT1drZFRIRkZqOE9vaEt1cVY3bU9fZUgwSm40UQ?oc=5,The Times of India,"Mon, 06 May 2024 07:00:00 GMT",2026-06-14T20:33:21.553439,upi_fraud,True,False,candidate,https://timesofindia.indiatimes.com/city/dehradun/3-held-for-setting-forest-on-fire-in-bid-to-get-more-social-media-views/articleshow/109865245.cms
payment app scam Uttarakhand,Kedarnath Temple ‘gold scam’: Uttarakhand forms high-level panel to probe alleged scam of ₹1.25 billion - Mint,https://news.google.com/rss/articles/CBMi4wFBVV95cUxPT0VTVjk2RXZzb2JmVHVYQ0w3azZJaTg5Z2l0REhWTEg2NGxiVFZhaWJSdDlFbHVEcjR5WEpQM1EweXlhQ3MtRXhRMTl0SlZlYXFJSURBdE9yQ2ZTRzJTa08wempoMW5ud3dKUXVTdldtU1RaSzFWa18wUzFwVHJ5aDhVcDEwalFqLUxVNkIyQmtzZGtLZzJLRkdyNURZMWFKdDhSZEw1R01hbTJFb3ZmZVpyTHlHUHZIN1A1c01JOVhUWGozelFvWGpqZHp0MzdCMjhMNVE4d0ZmeUZDYm5BaWxnTdIB6AFBVV95cUxQUHVyeTBBSUZYM3VFbTRZUDRuSzlvYlMwLW5XRnR3M2Z0dWJEUTg3TlpYVkdGLXVWd3VNcVUzNWJCeWJ3elJLa1ZMblZPdmJPWDlCUzBlQnZ5Rm5fak5xN2pqMWZRbm52YXdVT2xaV0tVOGU0b2VWRFRDb1k4VDJaRmhndl84RlZBSmxlMW5sendNXzJYRDJkSDFYUk42YVN6b2NfbDRKZGQxX1RYVE1kcFB3YnEwZy1DWHRYNjdrMjFtajFsekowNGdaQmwtQlRDZlBKNlNOZ3kwZk5Nc2M2d0d1b3dQQTBl?oc=5,Mint,"Sat, 24 Jun 2023 07:00:00 GMT",2026-06-14T20:33:21.553505,upi_fraud,True,False,candidate,https://www.livemint.com/news/kedarnath-temple-gold-scam-uttarakhand-forms-high-level-panel-to-probe-alleged-scam-of-1-25-billion-11687584053044.html
payment app scam Uttarakhand,Corruption-free govt possible without Lokayukta: Uttarakhand CM Rawat - India Today,https://news.google.com/rss/articles/CBMiwwFBVV95cUxQVV9rU2EyYlhmbUxmQ3pQTWhTNWNfcWE5M2tZS2FLdm1tS0pRUjlNakNHT2dHNjdMcVFuNUVZcGtwMUM3VndWdktIYnBuUjg1SktNSTdQMktvWHJXRmFLOE1hdUtxSlY5bU9QTmczZ0pBMDdxSlNGbHdDd21MZXh2NW1HSmV0MEM5SWh0RVBDRzhDdzBnR1NfOU1JNUppVW9SODJsLVNfc2c5S3paMFM5aHVTaV9MbE9uZl9YRWVaNVhQSFXSAcgBQVVfeXFMT2FLNFJhMlhCVGR5Q1V5VE5Ia0pkbzZ0VGZJMTloU0xScHduN1FYcVB2VVd6cDBrc2RJRWJQMTBGWHoyd3JPdThUc25uMWtqR3g3WWdPMXk1V1M2YTl0SnVOQzZyMWI0YWdRc0tNanlTYkZxel82TnJPSGN2X1VxdmJkZmVtSWhOZUk0WXV6bjNWODVvemJUZ2cyY3lyQ1k3UVRVX3dWdzkzUWs4WWw3SHV3NjlfR1NGSW9FbThTenIxMnhiSmNJRDA?oc=5,India Today,"Wed, 18 Mar 2020 07:00:00 GMT",2026-06-14T20:33:21.553548,upi_fraud,True,False,candidate,https://www.indiatoday.in/india/story/corruption-free-govt-possible-without-lokayukta-uttarakhand-cm-rawat-1656990-2020-03-18
payment app scam Uttarakhand,Uttarakhand: 66 mobile phones recovered from Sitarganj jail in US Nagar - The Times of India,https://news.google.com/rss/articles/CBMi3gFBVV95cUxObklYd1RqQ2Y5LWFDRkhCdFlVcF9JcUdYT1NuYk5kbHJCX0Q4MUxpd0JNb3BSVEpDSUNMQXhwZ2xxbll6NnJ0WTR3c1A1VmZnUk5xbmdMd0NHR3pZY3N6WWxvMElsRTZ3d1dCbVdIc2NBMTNuSThoNHJCVjU0akk4TkxFSE9yTjB2a2dueXp4TjhSTTBicG9LaHk5RE1OcXFFVlFtR2RIQ2Fheml5NWJDc0FjTW1POVRTSXQ0cVgyZnJFb3pGOXp5TTJaaEVleTFIbi1NQVhPRnlXUFA2bEHSAeMBQVVfeXFMTlpyUW5kdGJOY3hDbEVCUmRwS0Y3SXdrc0xRbEFrcGJGSWNFVXNzYkFEdzdzTndSRFh6dldQTTBrOHdEMV9RNjJoM2ZlZWJ2Tmh6Q3ZuVk1lbzhzOFE5ZmdjVkpPYk9qUGl6UFA4aE56SDNPdE5YTHFVWFVRRHpLVjVSLWcydHVLMFJlZ0dvZDJsS0ozbWxzNU1odGlDcWk1dEdDNWJ6Sl9Ebmx6NWRqSkRndnZXWHBLSjNhWTRTSGFJTk1kRjMydndFM3FEbThQWnlHRnpiM2VaODRudUN5WE1iMVU?oc=5,The Times of India,"Sat, 10 Sep 2022 07:00:00 GMT",2026-06-14T20:33:21.553568,upi_fraud,True,False,candidate,https://timesofindia.indiatimes.com/city/dehradun/uttarakhand-66-mobile-phones-recovered-from-sitarganj-jail-in-us-nagar/articleshow/94122804.cms
payment app scam Uttarakhand,CBI seeks prosecution of five officers in Uttarakhand's Corbett safari scam - The New Indian Express,https://news.google.com/rss/articles/CBMiwwFBVV95cUxNbHJTaWgzQWNNd1hGR0Z5VnNTTlhFM2lMRkdfOFg0bjIxYWo2clBFd3JZVk1URnFiVnJWOXpJZnpVX1dvMTZrMGl1bUZQckdJMUxCMVBkc3NYUGgzS2hvOXlKQ1EzQ3R3VUNZQzVoc1pXT2tmYXFUSlNvZDgtZEZjUC10clhpVmI0UHVhZ1lDNTBNSnEtcWk4UG4zdHNKaUZ3RnRwZFZEdXpZQkJYMHVHZ05oRDFramhVZ1hTTHBVNVFWdHPSAdABQVVfeXFMTXJtNlFuU1Q5ZVBhNFRXSUZ3UmUxTEtGMUFCRWp0djBsN21abzY5Z1hrZzFXMHJwMGh6ekhSMXBqb2o3MFF6Y1ZCR1B4UW1TOEc4ZW9wQnZvSmc2NnVsU2hONlR1dER3a1RzSkU4Q2lWRm50VERpMFdMN2N3QU9hZ3FOY0M1a0staUxSbTA5blZwMnhNY3M5ZmNoN2lDd3pSOFNZT0QwalN6R3lRcGQ1QWZaOWhGdGY4RDIwblJfaDRjQlJaNWgwT090T0tsX1NqZw?oc=5,The New Indian Express,"Tue, 29 Apr 2025 07:00:00 GMT",2026-06-14T20:33:21.553615,upi_fraud,True,False,candidate,https://www.newindianexpress.com/india/2025/Apr/29/cbi-seeks-prosecution-of-five-officers-in-uttarakhands-corbett-safari-scam
payment app scam Uttarakhand,NH-74 scam: Road Transport Ministry miffed with Uttarakhand government for naming of NHAI officials in FIR - India Today,https://news.google.com/rss/articles/CBMi1AFBVV95cUxQS3A3aWMtRWdQN2dCQTd3SDVOUXNLekZDN0xaMm9URGNmbktoZWRJalR1NzlqWnJMUXBPX1BreG53VExaMVR6ekNMV21yUWl1SFBPNlNsZUs4ZkZJb1FkY0dTNE9QVWU3ekhhWDZrOHpKU2hBdWY0bGJPY2xWNUZpYVVVMUV5LUNhb1M4dmJ1OEFkZ0YtNjhXVW1WN09ubnpBY21yQl9mYnVfWkhrcldiSjFvRmhiOGRFdFRsQ2ZwcEVDa3NPYXlwbkF0NGFRNFFOUXZSWtIB2gFBVV95cUxPVE9mRXpRWDZRZ1NLNzg3ekh0R09GaDVqVUR5eW4yMTFOXzA2R3g4S0JCVXllN29PYjh5b2JlY2Q3OTdISENGUEN1OTJRTUpCYlJvcXI3NWQ5UU5vbWNPc2tPWVFfZWtNQnVWZUJ2RXZhMmd1QzhYc3RWWV93RDRzeG4wc1dTRTY2QmI5YTRYTllqQjZKSjhRbHFiTXNIdmtibUpYaEJiVkx2STV1bFYzYlRpNmFjMFIzVWhHVlYzQlJiNHhtNDNQdG5oVDAzX1h2TUVLRTU0UFVnQQ?oc=5,India Today,"Tue, 30 May 2017 07:00:00 GMT",2026-06-14T20:33:21.553653,upi_fraud,True,False,candidate,https://www.indiatoday.in/india/story/uttarakhand-road-transport-ministry-nitin-gadkari-nh-74-trivendra-singh-rawat-nhai-980023-2017-05-30
payment app scam Uttarakhand,"With 43rd rank, third-time civil services aspirant emerges Uttarakhand topper - The Times of India",https://news.google.com/rss/articles/CBMi3wFBVV95cUxNdDVadDNQMDl1NFBueWFfdXo4Skw1cTNJVXpuYVNjZFJSbE1YMXlqT29ENG5xdzVUNkUzRWRNRHlXSVV6X29vWkM1U2tYOXVaVEIxSEx3TWVISEVycmh4YS1KU3FfOXoydDF2Ylh0SEpSTnFKdVJidlgxRm1vSUlvbmF1VTR5TkJtUDZrRi0ybDBRY201bHNsWkJUTXdWZm02U0ZteHZGMDNkMTJ4bHc0Q3VWQjNYUnhCRGpEMGxnMTVhUFppX21md3lMV1dtU2dQck1pVUpFN1ZveHkwQlFN0gHkAUFVX3lxTE16ME53TUhQa0NCdEM0OWJHUV9OM2xfb2lieWl3a2R5VFRtNmY2ZHl1US1ReFNCdTljaG1Wc3N2SEhsamFSYmtpUUVDcVVEU25ZNWZEb1BMWFNuZ01NWGwxZjJWQWtQOW9vMEh5VHZKTTgxai1uNFpvT3dBRnFrSzdBazA3X0RLNWRRSmd3NVVzS0ROVndtZGhXZ0gxQmdrckd0T3RqSFNDZDBpdWxjc1c2cVUxUlFWSXZ3TU9fV0RHU1F3SWxVcXRMTEpXNUFfRWpKMFVlZmFpa3VudlBUTkhNZTlGcQ?oc=5,The Times of India,"Wed, 05 Aug 2020 07:00:00 GMT",2026-06-14T20:33:21.553668,upi_fraud,True,False,candidate,https://timesofindia.indiatimes.com/city/dehradun/with-43rd-rank-third-time-civil-services-aspirant-emerges-ukhand-topper/articleshow/77357655.cms
payment app scam Uttarakhand,"Uttarakhand: 23 IAS officers, including SIT chief probing NH-74 land acquisition scam, transferred - India Today",https://news.google.com/rss/articles/CBMiugFBVV95cUxOaklrSVdlVlNJd1FwdThfX3pZWnEtMlh1T2hjblM1MVY0X0Q3b2pWVzNrajRwc0ZFamhVU2FRc0o5b0U5d3VBTlh2a3FhbVg3RDJvd3dTTkYwM25WYjZzbGIwYkN2ZUhERHhjbGlULXo3aE9VeXB3YUFidV9rSXlaekN4ZFctQUZvdzRabUpyQmYzMkR0cnhRbHlKaExEZ0hrbUNtTFhIcm81V09BeUNESHUtc1BSWVcydWfSAb8BQVVfeXFMTWVnSGl2ZUpMaWh1ZUd1aDVjVHFYVkpQazlrMXhOYWNGbGViVFdUVkpnV1dwTjRMdEZYMmd0aXpVT2JKQndnaEtzdFZ0dDVRdEZXVjNuMXF1aDI3d2JUbjNPckJGTTZaYnd4ZXpQMVoyc25xWTl4SF9SdmZ6eVVyZzY0QWRiN01IaHF1LVFsYkcwR2NMa0NicEJSZTZpb1BkQUZBZHpXejFoNEJ4UHlvS1dtNDNkVXE5dlR5NS1iems?oc=5,India Today,"Fri, 02 Jun 2017 07:00:00 GMT",2026-06-14T20:33:21.553684,upi_fraud,True,False,candidate,https://www.indiatoday.in/india/story/uttarakhand-nh-74-land-acquisition-scam-udham-singh-nagar-nhai-980527-2017-06-02
payment app scam Uttarakhand,"Gupta bros leave Uttarakhand quietly, in Dubai - The Times of India",https://news.google.com/rss/articles/CBMivAFBVV95cUxNa3Iza2RaTDJxNTV3bi1CRlotekhmR2RubnFPRl9yMTVBU0VNQ19GNGxtQmxqN2h2c0Rpa1hvbkpld2FRN1U1R3NGVjJzTkNfTHRhWDVKamNEaXBWNGJmcUdaOEhicEJYQmV2SHFuMGdyblp4TElDRGVEWGhjVkEzd1JaNUZQcnJjSmxKX2V5QnRXUXFSZjRvNjEzaXA3U2dPZ0djR2JiaGNlZzZ5YkxDMFRYZkxCM1FXVHg3UtIBwgFBVV95cUxNUllldEZlWVNzb2YwMl9qWUp2UEpfLUM3d05fU3hKOWo4UU1JUGkwQnNYbm5DZ1JzeHlHNjJlUkFoNGdublRMLWMtYmxvZDFLNXpIRlhUZ2pWbWlQcXlZbVpiczFyWFdETTlaNUdxUG9fQWRhWXZ1RjdhS0g4WTNJc3VxV2VTeTBtSGUxc1hPYWtpNi1jRGloVndZRG52UzhQR0hOZHJVZEhlLUQwdElvX19ERXlCbGF5OHBuRjVPdUtCQQ?oc=5,The Times of India,"Sun, 27 May 2018 07:00:00 GMT",2026-06-14T20:33:21.553692,upi_fraud,True,False,candidate,https://timesofindia.indiatimes.com/city/dehradun/gupta-bros-leave-uttarakhand-quietly-in-dubai/articleshow/64345560.cms
payment app scam Uttarakhand,Uttarakhand: CBI arrests five accused in LUCC Chit Fund Scam - India's News.Net,https://news.google.com/rss/articles/CBMiowFBVV95cUxNQW9oM0I2T0dkSDQ5dUpJeHlkNjQwUDMzRDAzZEhvMmhXUGNyTnBiUU1Cb2Z6Rkt6UnFUMUNnZ183NnVIdnh1NldNRkx3azlaUXRSX0tLSG5QYjRKaks4eDlVOXhiS1lsVkUwRzNuU0xFZl9Gb29mVWNIRVNUSFR0TkdNVTBxLXFORFp3djdGWjdBcWJaZ1RJaURFVy1WaW5xMEFZ?oc=5,India's News.Net,"Wed, 13 May 2026 07:00:00 GMT",2026-06-14T20:33:21.553749,upi_fraud,True,False,candidate,https://www.indiasnews.net/news/279048190/uttarakhand-cbi-arrests-five-accused-in-lucc-chit-fund-scam
payment app scam Uttarakhand,CBI arrests two key accused from Mumbai in Rs 800 crore Uttarakhand chit fund scam - thehawk.in,https://news.google.com/rss/articles/CBMitwFBVV95cUxOam5GTjZZZ2Z0cWlzel9aNy1pQnFLT196M3pvZ2JXLTVYb0kyOS1Ia1BBSE9WeDhFNnFibFlkUXl0ZTktbnAyWC1tS2picHVxamRkUTk5WFF1bTB2eG1hNUxhQWxwN19EejMwUG8tVnVaQ1g4NUdWbEVLUk9wbnNpc2xOY1UtalRpV0ZhNXM1NkxFRzJHSXlBUzNsZ3JMNEhXMkZPNWZwMTkzMlg1Nk5mcGh6cmRCVms?oc=5,thehawk.in,"Tue, 02 Jun 2026 07:00:00 GMT",2026-06-14T20:33:21.553764,upi_fraud,True,False,candidate,https://www.thehawk.in/news/india/cbi-arrests-two-key-accused-from-mumbai-in-rs-800-crore-uttarakhand-chit-fund-scam
payment app scam Uttarakhand,"Special Investigation Team conducts raids in Uttarakhand scholarship scam - The Sentinel - of this Land, for its People",https://news.google.com/rss/articles/CBMixgFBVV95cUxON1NYVlJ1LWlRaWhUYU1xLXIydGV5N00wV0dhcDZ2Wmt4a0l2b25nZk5VUWRuWk84Y3BUMzJMYmlUR0ZacGtBMlhLaHFvME5QazljaUtsem1ZY3hqQWJSNm9kSjVPNk5UeC1OREV5TUpPWVZGYnQ1c3BqZTVUUURwQ1hWN0sxQlRTWUpUUlROS3BxV3JJdF9vck8zdDZ3QlJWUmNnNjhRcW53b3NCWExiVGZBOHRLLTZERXhiUEV3cWg0Z3dKbnfSAdMBQVVfeXFMUGxmTFNEYW5yWXItVHhpM0V6ZHNkTVhrdFdobUd0VUxRNTA1b0tvRmNiOGNLeHhJOWdtT3AxdDJrX1ljcUdnTGZDZG1Ha0NKZl9DOGZWd0hERERuLUxoV0VrY0JIYy12eEFoNXBiSFlqUFZnLVRlTTZ5cEt5eFpHQzlKX3hVdjZheFQ4N2M2Tk5iOVlMWFZOSEc0bE1oN2RQRUpMemtwVW9PZjdVYUNkQ183X3M2dkZJWGdJbndfdHc3NFotajQ1OWlsN3c5X2Mzb3YzMA?oc=5,"The Sentinel - of this Land, for its People","Fri, 27 Sep 2019 07:00:00 GMT",2026-06-14T20:33:21.553774,upi_fraud,True,False,candidate,https://www.sentinelassam.com/more-news/national-news/special-investigation-team-conducts-raids-in-uttarakhand-scholarship-scam
online payment fraud Uttarakhand,Uttarakhand KCC scam: Agri equipment dealer gets three years in jail - The Times of India,https://news.google.com/rss/articles/CBMi2gFBVV95cUxQNzhxb1UzUlhoZXBUcWJhTXNyOUtaZzZBRk1ZZWRzSXNERTVhdk5seHNqUFZ4dTVXa0NFSTNLbDZ3eGYwQ1I4NFVBM3Y1ak1qTmNab2VONWtud0NqcC1MT19lNE4yam9Xbm41QmM0b3EwRlpMa1kza2pXb0xNdkdXMWw4UzR3WWp5a3F2LVZjX051alIzc1pRd1JzQWsyUk42NzdCUjRHMmJXVldnVkh5RElxbmo0U2p1ci1CTjBLTzhoMWZBcmVKNWZ5QnpHU2FZTExJZXkzUDFyZ9IB3wFBVV95cUxQT1ZjZktoaXFETnRZU2dhMnBmc1VsWVRjQzJxdFBOeTlWRUhtcXVkNHBfTi1IQTZUQ0p5ZUtia1dTdHhZMlVSVEZJZXpYd01OeGwwVk1Rd0d5XzdYUS14WnhocElBQnNsUXh1SWN3RWR0ajY1RVNQQVZSWDhTaE1vT3hrZzMtczJJVHVScWZOU1lad1hPdXMtbW9kR1RQU3BkWF9NTzBwMW1TWndEeVgtal9BZTA4emNmN3NheVpFM3FlWWU5QTRvekRsTTFBVXZkbFdZbHZVSkFyczVyVHZV?oc=5,The Times of India,"Mon, 06 Mar 2023 08:00:00 GMT",2026-06-14T20:33:23.433279,upi_fraud,True,False,candidate,https://timesofindia.indiatimes.com/city/dehradun/uttarakhand-kcc-scam-agri-equipment-dealer-gets-three-years-in-jail/articleshow/98438211.cms
collect request scam Uttarakhand,UTTARAKHAND LUCC 800 CRORES CHIT FUND SCAM : 2 MASTERMINDS ARRESTED FROM MUMBAI - Face2News -,https://news.google.com/rss/articles/CBMiqAFBVV95cUxOcERMSlBjZTdPRE01VHFldGlRbEhMZXF1aFdVc2VkcUZFdHhKaTNQRE9mcGhKMjc3MENlLWMxZzZoa1RaWlN0dWFYb2RuRGZWZEZ1R0NUNlpqbDlRanVNSXFZem1wTUhrUkN0dHJtcTVzSzRpSzlRZXV3a1pYRGhSNG1aV00yZkJYdXVqWkNMdlFLYTJvT1p3dS1lZnFpbTVEaVd4ODlTOEI?oc=5,Face2News -,"Wed, 03 Jun 2026 07:39:10 GMT",2026-06-14T20:33:25.213675,upi_fraud,True,False,candidate,https://face2news.com/news/uttarakhand-lucc-800-crores-chit-fund-scam-2-masterminds-arrested-from-mumbai/
collect request scam Uttarakhand,"Uttarakhand school collects money from students, builds ‘ghost temple’ - The Times of India",https://news.google.com/rss/articles/CBMiywFBVV95cUxPdjZZVmhOajUzcWZlYVpVTVJMOS1IVU1YYzJESXZUM1E1QlFmbmF3ZTBFRWFSMnBEend0dGpMTXVsZkdoRXFRbjBzWDV6NUdsNGZhVTVHbkdZWTlJZXFjRXN3T3AxaDl3Zk9nay02Sjl6bnpHdjN4aFNMUDFEQlcyQVo3bktYbDM5ZFpCRU5JMlJRaF96RXROcm5FTHRiaE1Sd2dWUFdpdURIeFRmMWpGUVUxU01xLTFZd05iYmc0SDE0X1JWNkVFVHFoMNIB0AFBVV95cUxQUFVYcXRVUU00bDRITWpDOUk2eUkwYl9tNWp4bHFJU3lCdDhLa0lqeXpsNFZvZnRHUkJaSjNGRGNfdUtHVlhkajJRWFROSFBWYk5PTV96QjE1V3ZyWVE5bERZQnl0Q2pEangySVprQnZFaGFZaWNrZk5XbTVTOGttaTJwcUdyVHlDcHZEalVOWXhrblhGYWJyRnE0aGhUTFphV3RoUjZmMmNQSkY5ZVR2S1VBZlRXaTUtbWc3MHdvNGZRNTFqeVR4c2M4YlVQY2pt?oc=5,The Times of India,"Sat, 04 Apr 2026 07:00:00 GMT",2026-06-14T20:33:25.213753,upi_fraud,True,False,candidate,https://timesofindia.indiatimes.com/city/dehradun/school-collects-money-from-students-builds-ghost-temple/articleshow/130011342.cms
collect request scam Uttarakhand,Uttarakhand to impose green tax on ‘out-of-state’ vehicles from Dec - A2Z Taxcorp LLP,https://news.google.com/rss/articles/CBMikwFBVV95cUxObmxVVjg5WmZIQUw4TGpId2VjNG9JYjhyNHB5ZGI2YzhqbElYZzZ4aDNha3hjTWJ1OVk2T3NOa0Q5bm14R2FrRUk4SU1RRGNrdHc0UXI0MEtwT0VJSDJYNFRtVmZ1SzNkTXNwN0Y4dHZPaG5FYW0tRGF1OG9NS2lDMTU0NG1BaEpCTm1vZ29pU1RVaVU?oc=5,A2Z Taxcorp LLP,"Mon, 27 Oct 2025 07:00:00 GMT",2026-06-14T20:33:25.213780,upi_fraud,True,False,candidate,https://a2ztaxcorp.net/uttarakhand-to-impose-green-tax-on-out-of-state-vehicles-from-dec/
collect request scam Uttarakhand,CBI Arrests Two Key Accused From Mumbai In Rs 800 Crore Uttarakhand Chit Fund Scam - Mena FN,https://news.google.com/rss/articles/CBMisgFBVV95cUxQbDlBVWFBOFV0Y21Vd3kyS2xvZzRhMVlJZUNBZXlSdUplR0VWMEJ0NEd1ekw4b2dQd2o5RTZYbENuSzBDZ1BkRGNnb203MmFBRTdCOUs5Wm9EYjZPYXVmNGExQnNwcFlTSTZyVkkwLUxScDVZbjJUQkoxcXk3MlJjaWNCYWtPLUM4ZkYzY3BNUWF2MTZSZ2J6elg0bjRLUXlEaW0zS0NyNmJJV3FXLU5RNVR3?oc=5,Mena FN,"Tue, 02 Jun 2026 08:30:47 GMT",2026-06-14T20:33:25.213834,upi_fraud,True,False,candidate,https://menafn.com/1111197732/CBI-Arrests-Two-Key-Accused-From-Mumbai-In-Rs-800-Crore-Uttarakhand-Chit-Fund-Scam
collect request scam Uttarakhand,CBI arrests 5 in Uttarakhand’s LUCC Rs 400 crore chit fund scam - The Hans India,https://news.google.com/rss/articles/CBMiswFBVV95cUxPQzBfRHVCRVlJVlIyQl9OLXNYNUNWTGE0RXc0bWNfSHZoSDE2RGprN0tabllGZThDYlV2eDY5Wm5RbEZVNUF3VE5tZXh6Z0pTYzI5VlFWeUlQcFlyQTZoMGQ5R3dBN3plSGd6NGktRFpQWUNWcVhvZWp6UENtdEFXNG9KMk5FdzZjcEE1bGdWUF9MS3dIZ2pWT2d3R21jQnZJYUFlNnRnRFB1a2pkbnlfbXBmNNIBuAFBVV95cUxOYXV0Wml5UGtTZTRLTEFHZUdEYzNqVzZnNk1LdW9lWHhNZ2IwYTZVOVRmQW92M0h4eDhuajVYMlhqVUdYTTUxZ0hNUW81WE0wdEwwcTRvd3BEeExDd3pQS3BtZGZWQ0dBcWRjUE44Q3FueTE1ZzNFZXpoUURzNDdOaWlYaFIwc0hyaUhIQ05TUGVKTEwtVm1lRGdNQ25TeTBRRVBDTENxdk9RcnlDS1A3M2RSZFhPekxK?oc=5,The Hans India,"Wed, 13 May 2026 07:00:00 GMT",2026-06-14T20:33:25.213879,upi_fraud,True,False,candidate,https://www.thehansindia.com/news/national/cbi-arrests-5-in-uttarakhands-lucc-rs-400-crore-chit-fund-scam-1075266
collect request scam Uttarakhand,Uttarakhand chit fund case: CBI arrests 5 in over Rs 400 crore fraud - newsdrum.in,https://news.google.com/rss/articles/CBMirgFBVV95cUxQck5zNDVtM3BmN1ZCZXVhWnJuMkh4UHF6TkJ5TkEyZW5hdmktQXhocFduM1NQZ2RKZjJfUkFFdDNZWERidjdUbkxoc0ZxYW9kNXdRUXRTMF85Z0x1VFBwQjdSeUxtbnlTdW9GM0V4SjRXcG9LVGpNMml0OHRseW5iSXRjOTZpdnJDYWFSLVNjVWdORVg3YklWMUVyaU9WZklfNkdMZTM0WFp3dS1PZmfSAa4BQVVfeXFMUHJOczQ1bTNwZjdWQmV1YVpybjJIeFBxek5CeU5BMmVuYXZpLUF4aHBXbjNTUGdkSmYyX1JBRXQzWVhEYnY3VG5MaHNGcWFvZDV3UVF0UzBfOWdMdVRQcEI3UnlMbW55U3VvRjNFeEo0V3BvS1RqTTJpdDh0bHluYkl0Yzk2aXZyQ2FhUi1TY1VnTkVYN2JJVjFFcmlPVmZJXzZHTGUzNFhad3UtT2Zn?oc=5,newsdrum.in,"Wed, 13 May 2026 12:50:36 GMT",2026-06-14T20:33:25.213895,upi_fraud,True,False,candidate,https://www.newsdrum.in/national/uttarakhand-chit-fund-case-cbi-arrests-5-in-over-rs-400-crore-fraud-11831373
digital payment fraud Uttarakhand,"Uttarakhand HC flags non-compliance with order on regularisation of UPNL pharmacists, seeks state respons - The Times of India",https://news.google.com/rss/articles/CBMijgJBVV95cUxQRU1tcFRHWVE3SVlhMXRRVC1nckVuQ3plT2VGUl8taTVYMF9NWjY4Z0VSallfOS1lZThBdl9XRElCWmRQdXE3aTZmYW1OU1VtQy1BZExuRG5TU2NJUDRzTnF6eWQ0cUJ6cEx5bjBRYkNBYkxfQlgxX0NBaHB4cWFFRzdfR1NJaVNhdGhUa3U0WTlYYmp4LUZmTng2N2dIS2JyMWpjTUcyNHBpYXdfaEo3LWRFV3VlaHF6eUkwYnlQdHRuS01kNGdKRF8xcktsUGI3LWtqTHFvUkFYYkhIbG9qZ1g4S3F1N3R1VUkwUnhJMHBIU2NOOWdEVkxDY2lTSW9GVkxsUGhQSnNKTEJHYVHSAZMCQVVfeXFMT2w3SnptS3RMOU1GMEFiQS1Lb2RlZE5PcW5mUUhxanNuWHBlV2JKUmNxcGtBQ01od3RjRUpVaWdKME5KU1o3N0JKM3lTOFo2TmJraGx1elJfdFN6QVhXS25OQU53NGdpNTNIenpRSHcxTl9sLXZuX2tYUVBPZkNTU3dWVXdrZWdtRkdYNURFOHczTjRBWVJmUHNieDFZbnhhV3RKaGlET2FERnFVWjZNeGVYdjgxaEpQMWpHM1ZaY19KMU1objRjRXRKNnR1R0hZRkJjZ3J2OXFGd3NGR28wXzJ3c3NydU1ESDJ0bGFTaUtPT1QzU1JueGJvVHk2N040azBpS3ZpeWlIbHZOeXMzS0JDSG8?oc=5,The Times of India,"Sun, 29 Mar 2026 07:00:00 GMT",2026-06-14T20:33:26.974145,upi_fraud,True,False,candidate,https://timesofindia.indiatimes.com/city/dehradun/uttarakhand-hc-flags-non-compliance-with-order-on-regularisation-of-upnl-pharmacists-seeks-state-response/articleshow/129870370.cms
digital payment fraud Uttarakhand,'Digital Arrest' Scamsters Steal Rs 2.34 Lakh From Dehradun Doctor - ETV Bharat,https://news.google.com/rss/articles/CBMiugFBVV95cUxOYXBjbmp4UjUxUnBTWHpHU3JRTlpubFBYX0ZuT1BrWE9pNXFhSVRGSTVnUXJHU3NISHdKaGNQQVY3ZzBmYWRrdVUtRTc2SVN6b0F3VW5XVmpBYnFVY0wtbkN0WWlLOTBmaDZuWGllaHR0NmhyM3dzd0VEaG1wY2QzT2c0dmN3SS1OdEduSzZqYmlsNjZwUzZIcktjcUEwZ1dvSHFlU29mQ05TWTFfNWNpendHajEtSkkyd3fSAb8BQVVfeXFMTjNkYmZFNG5yNWR4NHVMSGIxQU9OaFFReGNRQ2h0SXVVa2EzaFB0emtrZm1vd1M0VVAzc1A0eGFPSm1qN0c3aFM4ZEVQWmhzTVJRWDh4UnFkSWhVSllrN0hDQ2NCQWo5WlJqWXVobGdnYkJydDZmdVVGYnpEZEJwUXpUa2lOOFZiTWJFSFdyRzlpeHIweHlNMTNuSXgxcmpQWDVXRHowSWh6MkphLXpVQ1B5T2FsMl9FOTBnQTVPOU0?oc=5,ETV Bharat,"Thu, 15 Jan 2026 08:00:00 GMT",2026-06-14T20:33:26.974296,upi_fraud,True,False,candidate,https://www.etvbharat.com/en/state/digital-arrest-scamsters-steal-rs-2-dot-34-lakh-from-dehradun-doctor-enn26011503585
digital payment fraud Uttarakhand,Dehradun Resident Duped In Fake International Trading Certification Scam - The420.in,https://news.google.com/rss/articles/CBMickFVX3lxTE9sc3NQbVJkYlFSVGtIWThIaVBmdjk0UTZFWEdZbnVTV3l4SHRzbmU5WXU2WnBBUEd6amliQWVUaUFVSHBxX19WTzlRVEZCbEI3TDk5ZmpyNkpiLWxYYzFZcS00aEN3RDNTSGhCVUM1MXJ3UQ?oc=5,The420.in,"Sat, 13 Jun 2026 15:10:34 GMT",2026-06-14T20:33:26.974447,upi_fraud,True,False,candidate,https://the420.in/dehradun-cyber-fraud-fake-trading-certificate/
digital payment fraud Uttarakhand,Police Register Cases After Series of Cyber Frauds Hit Dehradun - The420.in,https://news.google.com/rss/articles/CBMiggFBVV95cUxNZG1sN3V1dHl5QTlwX3pRck5oLUE2MURZWXRaekxZVWFHOTZ3Q3IwZFVOTVRkUm1MV1pDUkF0dTQyS21RUHhiWVl0aFA3QWI3LXowZl9RWkl6R25jamtheGZUUHF0azNRak5FS3UyY2ZTbEVhVFFtOFA0alN0UklSdDVB?oc=5,The420.in,"Mon, 17 Nov 2025 08:00:00 GMT",2026-06-14T20:33:26.974458,upi_fraud,True,False,candidate,https://the420.in/dehradun-cyber-fraud-policy-parcel-credit-card-scam-cases/
digital payment fraud Uttarakhand,₹500-Crore Cooperative Mega Scam Shakes Uttarakhand - The420.in,https://news.google.com/rss/articles/CBMiggFBVV95cUxPeTdRbHdNUmJDN1hFTVFHYzJJYV8tMTBiSE44ZDBLMElGNmlqYVQ0RHhwTnFBZG1lR2tsMTZvZmk4ekpvbGFXX2VUSk1jV3Jhd2FfNnhNTk1LTzhCX0tlemRoWEduVk8zanBxd1BTSDdkUWthRllYdWV3WkRzZTNqYnFR?oc=5,The420.in,"Sun, 30 Nov 2025 08:00:00 GMT",2026-06-14T20:33:26.974681,upi_fraud,True,False,candidate,https://the420.in/uttarakhand-coop-scam-alok-nath-shreyas-talpade-cbi-probe/
digital payment fraud Uttarakhand,Uttarakhand GST Department Catches Fake Bills Eluding Taxes on Timber Sales - SAG Infotech Official Tax Blog,https://news.google.com/rss/articles/CBMimAFBVV95cUxPLThNOXFwblVySVJSOTRLRC1uNkgxZXhWc2RHMFVSOWZxWEF2MURyVDFIZlYwVzYwc3lxOTV1ZWJLS0JrNE12Zkhia2FTS3pOUVk4TnZiWUY1U2djVEZSMl9CbHFzOXg2Nnp4RlRIRURaRDdwbE4yd1R6QWpvRjl6cDdfNUM5VjdaU0NwbEdJLUNFbVZBRDNHbQ?oc=5,SAG Infotech Official Tax Blog,"Mon, 06 Mar 2023 08:00:00 GMT",2026-06-14T20:33:26.974706,upi_fraud,True,False,candidate,https://blog.saginfotech.com/uttarakhand-gst-department-fake-bills-eluding-taxes-timber-sales
digital payment fraud Uttarakhand,QR code boards in Badrinath-Kedarnath: Uttarakhand Police forms probe team - Business Standard,https://news.google.com/rss/articles/CBMi1AFBVV95cUxOS0xfelJONjdPTlZyT3U0bjVLQk8yc0U2LXFSRjAwcGhrakVLSUJDdVhNdjNDdUJNbTJmbkZYOUl3cFNZZjEtS1VVaThfSmMzejRLRi01ODE2SXg1NW5VYktyRlNtdnd1b2Z6LXpyTDY2bVdnTFlzcTZUQjN4V2g4RVRvQjVZYzZiT01XSWJTLW9BSGlTU3NqQVA3ekNlSVFjWDRLNlNYY2NidEU3SF94Ykt2RVpqbDNyOFo5T2RHOTVQOF92SlE4b2ViRjFFYjBwcG5CUdIB2gFBVV95cUxPNmRYeUU1SWJ5Skd5VENGXzVYZ08wOTc4UkFzWWlmN2hfbVEzT1dtaUtSNkIzb25mSksydE5adzFhTHJWb19NYjhYTXBmdnJUWmVtMU12dW1SR0xFc1pnX2R3aGJFRXNfN2tvV2RrQ2VvNkJLVWdlejk2YnFfMlVoX1FybWhUZUI3WExYaGtyQ1hfR1pTaVNZMG5xNTFIVzNQd1VVT2kxUUhTYUdxR2lIOHJ3UHhoWkVJQmxlQzJaai1FUndETkxVNG9uQk5oUkRSMzVmRV9mN0x0Zw?oc=5,Business Standard,"Thu, 11 May 2023 07:00:00 GMT",2026-06-14T20:33:26.974781,upi_fraud,True,False,candidate,https://www.business-standard.com/india-news/qr-code-boards-in-badrinath-kedarnath-uttarakhand-police-forms-probe-team-123051100988_1.html
google pay scam Uttarakhand,"An Express Investigation: Balkrishna firm paid Rs 1 crore as fee to Uttarakhand for tourism project, its own turnover jumped 8-fold in a year - The Indian Express",https://news.google.com/rss/articles/CBMi4AFBVV95cUxPNkx5bmR3NktXMjhqdHFXUnZON2N4V3NPRmVncXFiMmVzY3Bxcm1HcVp4N2V4WDZRYlA5QVVhTU54Tkt0d2ljSGZKWjRwbXJ0NkZOQkpWdUp2ZWswbVJMZlIwZTJRRlZIZ2xmb21mOHN2czdYZzFsbDVESUNNUmdFcVBJdUtWVWU1UW9kRWN5d1l6b3BRY0xBRzVoaWotRi0wcmdRRGVLNHJ2MlVPUDU0N1lUTXBXcGxzM1E5S0NkZHJub1BpSVBYNVFXd2pSSnZRT0oxWkZ0Vk9UeUdUdmdGbdIB5wFBVV95cUxPbFdBY1ZKVmJkVWRLRVkwODktalhrVXpEWGFZcE1hcjZjQzdXTHdnNXFzQ0FBQVpYMnE0VlU2RGNUS1FGZ0VlV19UM0szdXFCdWZFM0VxS01rc1ZlamxtTk5fX1FoeDJrakRFS1loZi1ZYjdEUGF4SVVRbklNcnR0al9tTGZqQ1ZvT055OWN0MGJmSHl6ZFlMbE5xN0Z3NFFxVnpFNWRRRjQxajlIZ1lCVDRKSUVpLVdvZFZaZUdNZU5jeFNsYnhzWC1sZEhIQ2YyZFUzYlpHQjZCWGhaSDViU3diQ180R0k?oc=5,The Indian Express,"Fri, 12 Sep 2025 07:00:00 GMT",2026-06-14T20:33:28.771188,upi_fraud,True,False,candidate,https://indianexpress.com/article/express-exclusive/an-express-investigation-rs-1-crore-as-fee-to-govt-firm-turnover-jumps-8-fold-in-a-yr-10244870/
google pay fraud Uttarakhand,"Police arrest Uttarakhand’s ‘mushroom lady’, her brother for financial fraud | Hindustan Times - Hindustan Times",https://news.google.com/rss/articles/CBMi2gFBVV95cUxOaVh0eDllSUQySE9KQTd5YzFQUHAtcUxSRjVXRk0xT0dsQXFKMU9TX1JyUDh0ZjBtUlhrN2hsWUZTVUxJT0hIZ0dwbGtEVnlhMVhSd1E3MW1oWmRXeDA5ZTM3S0VJTXE5bERodjkyeGZVcTJDZzF5SlBMcHdic1BFNDZvNWVFSHpDa3BVM3czZHNaOHpvZFdsckVZNUJmX3B0cHpMdU9UcThsb1NuRThSd0RvVXNjcjRwaWZxTXJMWVcyNmdQRl9XU3RsNFZYaGtBTXVkSzU5cE5FUdIB3wFBVV95cUxNUXo1Qm1iSnVlV0h2OHVMb2tTWTU0YUI2Z2hobjVnSmRUblpLZUdoV2NVTDBwZU5jNFB6QllOR0FXQXZmd1JNWjE3a0Z5OHAxLUgya1JrOXBQUXI0UFJaeC1VLWVIZ1RGTDlWSW5ReWtPTUxac3o0bVAyTllXdS0tOHI1N0xzUWZtcmFHTE9yaURmZTBCckxDTzk1UExHTktReGlVMnFkTFI1OVhnUkppaUdzeHlpT1NaY1lyLXN4S1N5ZnFVSWdFcVA5Q1h1M3p0Nzg4RU9MU2tNZng4SGFJ?oc=5,Hindustan Times,"Mon, 12 Feb 2024 08:00:00 GMT",2026-06-14T20:33:32.304048,upi_fraud,True,False,candidate,https://www.hindustantimes.com/cities/pune-news/police-arrest-uttarakhand-s-mushroom-lady-her-brother-for-financial-fraud-101707758912965.html
paytm fraud Uttarakhand,Uttarakhand: SIT to probe QR code row at temples - The Times of India,https://news.google.com/rss/articles/CBMiwAFBVV95cUxNeXFtQWJ2eHJ4Y3FqQ0N4ZXEydUR5d2xfZDB1ZTRTQllIYW9QZl9KeE14Sk9kQW4wbzVaQW1tXzIyeEdFa1k4Q3VmNldsRFFrZ2VXSEpfcEdGdmwwcE8wU21CZnM5RFJHaWplZ0p1c2k3YnBKdC1KY2t2TDdNa3YyUjFaZkRPT0wxZ00zODJ5eTdOM3lPMGI3QUFEdkVJTGlubTdPM25LaUtVTWVJMGFPaEtka0s3eHNEamQ4YkUzcnHSAcYBQVVfeXFMTzhlZ1hudEEyeWRQbWNkX25GUm5yUk1Hbk5QcUkzVEpyYlVqUzdGZk5sNkk2UTdzb09vRWdzQVB5Uk5pZ2dRXzJ1OFJ2LWhDbk16VnZ1RFlhcUpJT0dLMkp4SGdYWHZmb1RiWjBLbXNWMWl3QWwydmhjU2phR3ptemc2X1ZzQ1lSYU1TQWswaGtnZmFUNU9xenBxRzlNNEdpcVh0Y01fS0xqeVRpcjFzWGZKejIySE9CX014R0JhcGlUUV9DRF9B?oc=5,The Times of India,"Thu, 11 May 2023 07:00:00 GMT",2026-06-14T20:33:41.858207,upi_fraud,True,False,candidate,https://timesofindia.indiatimes.com/city/dehradun/uttarakhand-sit-to-probe-qr-code-row-at-temples/articleshow/100145593.cms
apple pay scam Uttarakhand,"New loan scam brews: Uttarakhand Coop Bank's Rs 165-cr NPAs in loans for liquor contracts, kin of board members - Firstpost",https://news.google.com/rss/articles/CBMi6AFBVV95cUxPYlVuVXMzUXY4Y0xXWE4wd3VsVC15ODlvS2p0aDVFYzg3VjRhanVTeFVLM21vb0o4YVlqX2VHZnFZbkZPbWdrdkN3YnVTcVo2Z3FRVEtmU0NHREEtMlRiTERodUVfLTdRSWx2TDlSODhLZmZ6QWVVeW1rZmlPTE9sYWxVOFhDZElkNm1WUjQ1SklQNUYxb2hGQVF3TE5fZzJzVm5KMVFFV2VESzMzNThyY0JTZVJmRDZkRm9uUjlFTjJxSmZyX3JGTHJsX3gzNFJzcjE1N1IxZXJUalpjdXBCVW81enFhTDBm0gHuAUFVX3lxTE15MU0xSzl2TUFHNnlNNTRsOVFNQ2JQajU1NGRpckhteUJ3RXMxU0kwWHlRR2pfZGlpbkJMYWxRa1BJQTNEbHIzY01xVC1zbUlRR280aU1INTZRRjFoM29uT3VadWlkTVZlMy1HbEhyLWZnX0dkcDEybnQ5LTd2ZWNjcHBJejFwZHpSZ3lLQTNCQ0dvSFI1Z3ZwaGhmaE5sOWxLVldUX20wcTl0VnotRERSNzBpRF9NS1lXbHIxZ3oyZkRkNmc4T2k4Q2NkWXlCUGNmMVREYi0tUEUzZHUzdkRfU2dJa2x2V3d4Ml9iMVE?oc=5,Firstpost,"Fri, 23 Mar 2018 07:00:00 GMT",2026-06-14T20:33:46.606511,upi_fraud,True,False,candidate,https://www.firstpost.com/india/new-loan-scam-brews-uttarakhand-coop-banks-rs-165-cr-npas-in-loans-for-liquor-contracts-kin-of-board-members-4402303.html
apple pay scam Uttarakhand,"Uttarakhand STF arrests brothers accused in Rs 30 crore fraud case, probes 17-member gang - The Times of India",https://news.google.com/rss/articles/CBMi4AFBVV95cUxNWnpETTg2MFQwMUFNaWJPNFdfTzhXc2xHZklBNmdaUFNrV2syMkhYODd6UjlDSnZ3ZzBENjY4aEh6UVlMWGJ2bGxyLV9IVG1OQ3hJbGJ6cE83ODcwcXUwRUwtSHdLeGFPc095b1E3RUczRlpwMlRIZnpJTXEtXzhJdHF1aWZJczBzNlFpV21kNWRIWjNDVmkySHVrVjl5Wko4VmtEckdMTlR2MEVpb0R6cmtEWlZkV2dFNmlNRC03cWJVSUZFUzQ2enc4X1Ywb3JHZF91NDR5ODdad3BsOE8zRtIB5gFBVV95cUxOVDBUOXJKVUpkN3UtU2ROa3BsVVVva2ZHQ21GU0JvREJ0OU1IYzAzdjQ4YTlmUVFtV0lCc3lRQmNuN1pVYWxBMkJzZnRvaEtSeHNraDJQTXlVdWNfZEN4anA3V2RDQ0UzVmdKRTBGOXJBT1BLb0lFT0ZmemtoMUR1c0kyYnBLOFdnYmFGZVB6MzdzMU1vTm02ZW1LWWU2VUJiMWlORk9sb3BxV0w4bEhBNFZ1bkMtNTlmdzdSZ3liS3Y3VUNGbDVyczRIVEQ3Zm00SlBYc19hMGxkaktza0g4VTJXMFJiUQ?oc=5,The Times of India,"Tue, 29 Oct 2024 07:00:00 GMT",2026-06-14T20:33:46.606526,upi_fraud,True,False,candidate,https://timesofindia.indiatimes.com/city/dehradun/uttarakhand-stf-busts-rs-30-crore-fraud-ring-arrests-notorious-brothers/articleshow/114704264.cms
amazon pay scam Uttarakhand,'Never procured a drop of milk': How Uttarakhand dairy duped Tirupati trust for 5 years with 68 lakh kg f - The Times of India,https://news.google.com/rss/articles/CBMi6wFBVV95cUxOR1RnODhUSmpPNmJkSDFJTHAwa0FCNXF0X2FmcEthRVFCendNNGV6T0VIUmNBV093V0hodWdqNlRZWUFYOHZYcF8wbXZDR0Y0NGd2cGV1TEFaNXdzbHdYY2hMRmJyWXk2dkJTaDQ1aUhUUlBVVGNZZEVsS2syNmx4ekp4Wm9lamVDdTVrQWpsUnZYNy11ZFMyX21BSTYxdFg5bE9mY0xUN3I2Wnp0YXZYZHJpcmpiOGxHRmNJd3p6X0dBa1NPcWQ2NVlOU1ZkSUx1cXJSa3F6OUs4WTBPOHZRNkFTSjdJeUtKMnFZ0gHwAUFVX3lxTE9pNExxeUJJZGdQeTM5b2ZIR3Yzd19HUVBhTG00dVRfUkd4SDVyVGkyMkZmb3E0d19LYV9vTUpISGVIazhvdlBqaWxpVzVod2tUSk4weUZrZEVDdnNaWUpBS3pxQTRlMWJ2ZEVTU3JsQ20wOV9MWUs2VnA5U1lyZEtnSkRDZk0tTzNqSTB3T2R3Yl9aMTlzM2hCenFvQnc1WDgyMU96RDJCYTFNNUNfbUIxT1IyMUpxZ00wLTdLZWtSMldhZHI5Qnd0R3gtcmtoczJ1ZkgzQzUxX2xsM0xHZ20ydlFEcHRuMnhnVlloQ2d5Ug?oc=5,The Times of India,"Mon, 10 Nov 2025 08:00:00 GMT",2026-06-14T20:33:49.828603,upi_fraud,True,False,candidate,https://timesofindia.indiatimes.com/city/hyderabad/sit-exposes-how-dairy-supplied-68-lakh-kg-of-spurious-ghee-to-ttd-for-five-yrs/articleshow/125207993.cms
qr code scam Uttarakhand,Uttarkashi trek mystery deepens: Missing MBA student Babita Pandey’s name found on forged permit; still u - The Times of India,https://news.google.com/rss/articles/CBMi1wFBVV95cUxNSV9mZTN2cHlzZE11VW5iUUJJNUxCME1xX1dCWkluYi1LTXIzelA0ZDhTUG5nRmlTQkdxN3pubEp1cUFOSUlhM1dVcWJmTGZta1BVNzVudEJ6TFBDcXhlOVRZUU9TbnVQQ3dNakFyQ0gxMUhaR1o1aGh3Z2N5eWVoMXY4dUV6LUg1bVBpRjc1QlFNM0xzemFwN0huT25jUWMyc2hlbjJkR3JRWUNFLTRHY01KbDFzZlpwdjF2bF9OLTVRWC0teHhvbVZpdXUteWFyUE5lcy1QSdIB3AFBVV95cUxQenFJUHBCMXp1UlNlQXlXYzJIV3hGc1BSc1N5N3Q5S3h3bDJkeHdMbF9uck1LS2M4QVVoWEVEZFRvV1FhbDE3b0FCREpvamNCUFVrbjVfeVA0NVNkOVR0eGpjdW0zOXlCZ1ZlaUpqTmp1UkprLWNldUpsVEVPVVBybkxyN2xyR1lUa2h1dDhSVS1DUUxhc3NhSFFkQ2I0bTNzUXF3ZXNhX1RuSXlmRzVnSUpPTkF2ZmNKNkNQYU5rbE5QbTN5QkdncjlwblRnNUppLVd2c1haTlJCaHMx?oc=5,The Times of India,"Wed, 03 Jun 2026 07:00:00 GMT",2026-06-14T20:33:56.468292,qr_code_scam,True,False,candidate,https://timesofindia.indiatimes.com/city/dehradun/missing-climbers-case-exposes-fake-permit-racket-in-ukhand-treks/articleshow/131468873.cms
qr code scam Uttarakhand,Mussoorie plans to roll out tourist pre-registration to tackle overcrowding and traffic chaos - The Times of India,https://news.google.com/rss/articles/CBMiigJBVV95cUxOWjJKYXN2SjNIX2ZPbE85TENqVDRYanREdGRWVm9pOThZZUptMndicE95QlFNb0RBdGNVdVRqdE1DaGxydmNzbUUwekFVQjBLdFVIWWhFdDVTQTBxWGN6SUFPQXlOX0NhMnN2YmJfN0pnWWw3Sm5zTXpBd2RrcEV6Sk55SVA2cmFCSEdISG13d2otSFBpcWEzZTJZRS0ydy0zQmVKQmlUUjdLZWlvMmFWZkpJVWZjb203S2gzNDNSSFk0Y05abjBZbldxNmQ5X3hTYUgyRUJiLVRueEtxTzVFS2dJbk9OQUM2MnpLSDhPeDBTMktLN0E2SGFRNGp0QzJVbS1kOU9VSDZiQdIBjwJBVV95cUxQd3hYajRfT3laaWM3YWYwTHljZXIyT0Q2eTRHU2YzT0ZmVnI5YTdaNDlwMDVVV2NLeTVZN3lNaW9xVFdTR1Z2NmJMU19JZjRhN3ZiaTVBTDBVZ2prZTVNMi1sYTFTMUNRRWlDT3QxcFhpd0RuWFBjVnczdHNoX1RSN2RrRFJzUWpHRWF1ckk2eVpZdE1NZnNfQ3F1N2ZoQldtM0k3TnFjV3ZtZ2VQS3NLSkFBSjJOR3l5SG10QTNNNVRyZGgzbnpMelVyY3pzYVhTTkJxakxUUmhVRDBxR3VoTkFDMkhSMjZlWmV5U0N3dE1YRzNxa19kbTRjWXdDcmFtMUJ4djZabFVvM2NKVUln?oc=5,The Times of India,"Mon, 07 Jul 2025 07:00:00 GMT",2026-06-14T20:33:56.468452,qr_code_scam,True,False,candidate,https://timesofindia.indiatimes.com/life-style/travel/news/mussoorie-plans-to-roll-out-tourist-pre-registration-to-tackle-overcrowding-and-traffic-chaos/articleshow/122292077.cms
qr code scam Uttarakhand,Fake Medicine Racket In Uttarakhand: STF Arrests 4 Pharma Company Owners And Plant Heads - ETV Bharat,https://news.google.com/rss/articles/CBMi2wFBVV95cUxQdDhMcG5zenBvNkNqWDFHMjJLWWpKMnhRNnBjb2dWeDF6eVVaMmdnTDZBdjdBUC1JeGRCeWlBSTRCczRpQkY0MnlCX1I2UmJtWEhiTUVtUzR6dVJDYWFNOXFpUXRJR1lHYm1RNDl5elhBOUtHOGVCcV9oVDVUUm9CYzNzOGg3QUFlM1NZRFJLX0xzZ3E3MVFOWHkxczBFNTJRSWVuU3BiMUhpS2R5S2Yxc1ZiTmFLWUpvZ0ZSX2Y1cldFQ0FDVEVMaHBUZE5yRGs1TzBnNS1meXpZLVXSAeABQVVfeXFMUDFWcUdYR3BBZkZYTS1Ea19maDBNQ1VZNFlJTV9xS3pjOGptU2ZZWkJ4SUxuU2c5T05GNndrT3R5a0RJV3M3LTYtbUsyZ3paLXE4ME9LM3h2aWxKRTE2NlItOE5YaVhOVWxFOS1jSEc5bjkzeTdCVFM3QmJUaEhkLVluNGJQN3RJRlZZV19qMWY1Q1BoVGdQM0psYm4xcS1yVkM4VEl3TDdmS1U3bUdYTHZFbjg5S2UwbGV2UDB4b3FMMHdMNTZJS1JUdmFoR1B2TEstQVotMlg0dW9PdzRrd3U?oc=5,ETV Bharat,"Tue, 02 Sep 2025 07:00:00 GMT",2026-06-14T20:33:56.468487,qr_code_scam,True,False,candidate,https://www.etvbharat.com/en/!state/stf-busts-fake-medicine-racket-in-uttarakhand-four-pharma-company-owners-plant-head-arrested-enn25090200445
qr code scam Uttarakhand,Uttarakhand CM Dhami announces major development projects at Jaunsar-Bawar Folk Cultural Festival and... - lokmattimes.com,https://news.google.com/rss/articles/CBMi_AFBVV95cUxNMWxDSlhMSzlvd1ZxODVHdDh5cXlUYVFJSUd6bjNLRW4zb3JVQ1d5SGp1Vm44TzdPOHY5ek1MMkhjU0hOQWoxQzZYY1NhellJUDQyOTZZUXBnQjVwZzg3WXNqSjdIdFBLdEJHTEVyUTNmbld5Y1dJdWNiNEJrcEFTQWNzT3A5WEx6blZzSERqbDF2RUtaTUViaWhLR012aUdneDR1Uk5nMGZ5UnVXb240OVZvWFVQOXhXc0M0ZWpHeUxZdk9fRWFiVllPN2hBMjd5RXU3TkVjSGNqRG9sOGE3ZVdDNmtnSlFhMWVOa2JDVzR2VnlEcTZtVWU1ZGzSAYICQVVfeXFMUDJpOEF3Sm00NnZBZDdxd2hJU0ViREdWRVBBNy0tUF96TnB0VWtOZjR3VFVQRURFN0VJZXItdWhMdzJUVjk4SFZjYTd0eUxQZWRwTmhRTDZ4MTJ3S0ROeDRUenY5T1UyaGRnaklZUEdUN2k3aVZhM0tpay1RaEc5M19CdFVWRTJIR3RleEZjdHRzcDlNSEZHMnB6MjNOTkhyTFdpelUzTjAxRjdLS1ZyOHZDWFAzTGlyUXRBLUp6Q0FMTDVKOE5UYklFQXNoeGNYZUQ4T3NqMUhQVnBBV1BOc0RBSEJWMHFtSC1HMHQ0MWY5Q09BX2s5V1Q2dDhvcHZNMW1B?oc=5,lokmattimes.com,"Mon, 08 Jun 2026 11:18:13 GMT",2026-06-14T20:33:56.468547,qr_code_scam,True,False,candidate,https://www.lokmattimes.com/national/uttarakhand-cm-dhami-announces-major-development-projects-at-jaunsar-bawar-folk-cultural-festival-and-sports-meet-2026-in-dehradun/
upi scanner Uttarakhand,"'India's Last Tea Shop' in Uttarakhand Embraces UPI, Anand Mahindra Impressed - News18",https://news.google.com/rss/articles/CBMiuwFBVV95cUxNM2ptUnVTZDRvbF9ub2xrTjJtSFlKaWtyRDQxRERqeHNtOE5veVp1clBUVm9FYV9sTlo2ZVFuU0x3eERJYmhnWUhGQzVJMEZja3ZUdnlNdFBmS0lpWEJhMHotcHpzNmdmN3k3YzJyM2JERGQzclEtbkJoZUhIdUpMcUNwNWpTQ1BVenVETEl1ZmpkaUdOVlU4U3ZSWFY4d0gzcDlpUm1jMlNMclRGb2N6NXdkcUJTaEVsZGRr0gHAAUFVX3lxTE05VTRqZ05MQTBLeHhVdzFlNWxoTmlldnBUNl84bWc2UWxvSUJrdm93N3dfeWI2ZFBiWXIxWFFrQmZ4RHVYNTQ5R1hJcU9vRURrXy1BbV9CeE5EeUJWMW9uSlRZYk4yR0NxeWdnMTNBQjRBS0FFbFJnbnJNd21xbF9lRVZ2NVhiRXkyQ1I1UGVGZEZKOGFUc3dpajZVRXRiQ25PSWJMdEJldk9zam1YbGcyd3BlSUhNVlhrOEFBZjJBZg?oc=5,News18,"Sun, 06 Nov 2022 07:00:00 GMT",2026-06-14T20:33:58.055584,qr_code_scam,True,False,candidate,https://www.news18.com/news/buzz/indias-last-tea-shop-in-uttarakhand-embraces-upi-anand-mahindra-impressed-6317473.html
upi scanner Uttarakhand,How to Renew Driving Licence in Uttarakhand: Step-by-Step Guide - ACKO Drive,https://news.google.com/rss/articles/CBMigAFBVV95cUxQQzJxTHgtYzRaUU1CRDk3bUVnc1R2c0tWNHd3bl91X0E3YU11VXQzSDJ3VVYzdW5sSTU5V2FuT282OWlPZU85UTZvSm14UElHb0l2Mlh3RlJFZmNORlhwSWJMRkM4QzNhMGNuMFhhWVdNbDhoYzFKZmR2X2dRS3RLcg?oc=5,ACKO Drive,"Wed, 11 Jun 2025 07:00:00 GMT",2026-06-14T20:33:58.055598,qr_code_scam,True,False,candidate,https://ackodrive.com/driving-license/renew-driving-licence-in-uttarakhand/
upi scanner Uttarakhand,River rafting returns to Uttarakhand after 6 months - The Times of India,https://news.google.com/rss/articles/CBMiugFBVV95cUxOUGJvWkZudVRoUVFaWmdsTGRESnJBcmxtTjZnbV9mbnc2aG5uemhzazl6ZXBGamNFUjdIZ3c5UXc4X3hremxLeDI0Umh5QTItYjJXQWZTZzZsQ0d2eEJmUmNtMEF0N2dLWjc4R2RqZFBYODk2TFh4dUZBd0tscm5BNVhKNUhGVlJaVExVbno0c05WMXRkbDZZTW5EUDdKMzZBdXRwdkRkY3ViTFFDRFpsSTRkbHpjT0pGU0HSAb8BQVVfeXFMTjRJajB2ODNvTEdRUG1NeWFwVFhYM0dsRGR6OWlONkxzOWRaYnpRWXdaM2ZkQWZmSmloZkx4dVl1Tmd0MDFkX3ZjX2lCR0ZtOXpXdi1jaUFBS2VyZFJGclZHNmFNeFozX05WbXdvOEVvMjR1MUpEQTVLUXQzMWQzZUNtN2RzWnJweDEwS3BKcEZabTJzcE9Lc3hkSkN3SF9HMWpNWjJHRm5BdkJfaFZpSTU0cW40MzN0VUFwaGYwRGM?oc=5,The Times of India,"Sun, 27 Sep 2020 07:00:00 GMT",2026-06-14T20:33:58.055624,qr_code_scam,True,False,candidate,https://timesofindia.indiatimes.com/india/river-rafting-returns-to-uttarakhand-after-6-months/articleshow/78342342.cms
upi scanner Uttarakhand,"GST on online transactions up to Rs 2,000 to be referred to fitment committee: Uttarakhand FM Premchand Ag - The Economic Times",https://news.google.com/rss/articles/CBMihwJBVV95cUxOS0Y3OXg4OFRmazh0ZE1Yc3dsNy1kX3QzQWtfaWRBQlVjVW5PeXA2eHdFeVBfODdNYUFyQmt6aTdWejQxdDhnXy1Zem1oUFc2MWZhbTJEdk1oTExUek9YdDNGemtpNmZ6azJfdHc3c2xMWW9fTTRFcGZ1MlB4NGttVFRqZUFRZnNUd2tmRUhwUTEwN205UmttRW5oRXRTbFl1cmMyZG80WklBV2R1RWJBN1hsZmg4WlRhZkVVUDJoWFA5c0RPbnk3YUlGMWpBTTRRNWpZMVF6Mmc3d29BRXF4SG5GTnVtTFVUMUNGY0d2bzczcERadkVXMmp1cmItTUJoclZDREVkTdIBjAJBVV95cUxQVHFpTktKNHJOamEwTk9sNmVrakhpZmhFT0tuX0pVWlBONURNVkhqeHBjXzBZSWJmakZRVFQtRy1aaFpHOXRKWV9vWVZQVld4OHp5RWxRTEI1dnBLYk5JTGo5VjNXV29uTWRpbWtLNXM0M2xzRThuazNXU1dWd0pHRGhQcWs2SnJoYzhqdGo4Q0NIZmVzQVVMTGdSZkZCZDZRdDN6QmZDeFFJVl84UWowWDJiaEtFeGg2TEF3UlZjbG9TV1QxLUdVUnJKNW9XMFdYLWlwQ0VHdHlOUUszMHk4YklCTWNiRlNRb3hYN29fa1dwRDZNaF9MTzRtWVVrNGxsel9oZ0VLTllmU25v?oc=5,The Economic Times,"Mon, 09 Sep 2024 07:00:00 GMT",2026-06-14T20:33:58.055636,qr_code_scam,True,False,candidate,https://economictimes.indiatimes.com/news/economy/policy/gst-on-online-transactions-up-to-rs-2000-to-be-referred-to-committee-uttarakhand-fm-premchand-aggarwal/articleshow/113189523.cms?from=mdr
upi scanner Uttarakhand,Too crowded: Civic body proposes Rs 500 ‘Nainital entry tax’ - The Times of India,https://news.google.com/rss/articles/CBMizgFBVV95cUxNN3NtaDExcVdSS25WdWRMVnhsMWdmTS1leGd5SnlsTF9mcHpQVXBEQTctRm5qYmU5UnJveDRKNnBKbmZSbDhTQ1p2WHpSS2czY2pWT2hOZ3p4YlVIcF9RYV9XQm03NDVSUmtnMlNJOUxSTGZKaDZSQ1dvOGxQVDkxR3ZCb2RtUGlXb3RSUlB3NTBhNEtHR2h3aFVTanFVc0ExaldfYTI4WURaZ2Z4YlpEZlN6WXNhRFZPYXFfY2VkUE1YZzdwNUk4SzJRQzdEUdIB0wFBVV95cUxPTlJTWUVWdEhqendOS2E4ZVVVeXBtelBxbXduYTNYdGVuNC12cElZRlM5YXZsb2JvVGZDUVBWbkdxYzFsTGh4TWwwMmVmME1DSTU3UGdGempacXpjbmNMMWQtNmcxcW93WUp4d1lUbkU3VXRTaW1kdVNFc0NORno3bUJ1eGpaWkZYSDdMblE1QVhGX1JJZko0TFNDUVN6TmYzSUNTWGRidWxad1pkZlVhZFpkQ1c4VG9JUzU2RkQzSVowNjBwb1g4NEdQMnNueU5pWDVB?oc=5,The Times of India,"Fri, 04 Apr 2025 07:00:00 GMT",2026-06-14T20:33:58.055674,qr_code_scam,True,False,candidate,https://timesofindia.indiatimes.com/city/dehradun/too-crowded-civic-body-proposes-rs-500-nainital-entry-tax/articleshow/119989090.cms
fake payment qr Uttarakhand,Fake call centre: Uttarakhand STF to write to ED to probe money laundering angle | Hindustan Times - Hindustan Times,https://news.google.com/rss/articles/CBMi5wFBVV95cUxOZERkbHcxbHZiZV9XVVRqUndHY1Zfc3hwZ2Yxc0JLMmRkSkw1RkhwMDBMRjI3VE5EY3VtMUFybDhzVU13Vm1hVEltaGIyTjlZdWJjZ2ppZnc0TnNjd3FDT3pBd0plY3NMYUNHZmJFSVdveVM3QmEzMEpjWUdSVDhXU3Y2TnZYWm9fUjhJczFDTnluY2VJRDV0QTdKbzdTVEVYODR0clVudXFGNENTUzZBLUhSdE91Unhmc3E0R0phNHppNnVDX1hpSTF6bXRWeFh1NDV0Nl9Xa1RBOEUwbEVaOTNselpHeHfSAewBQVVfeXFMTlNuMW81b0tDQnNuOVlKLTFFUDJfeUtZeEVyUDQzMUxkcWRXUGdaWTBCQ2U0QkczQ0Fpc0dORlJSTlktdnIwWmlSU3FsUEUxQmk3Q3hfMG1aZkRjdHY4bXprMzhKb0w0MWtTVE9HeEtKaEVUeWd0WGRnVXVQcXdHbDRPUnVqNWRNZ3ExSTIxTVhaa2hxZFZ2YlBOQjMxV29oU09XaXRNYl84VFpncklHSzhIVTUyRlBWR1FUaHBjREI4U0tNY0ZGdldhbTUtVUdEenprNWlJTFNONzd2SEN6YmllVmU4WmpUMHRja3E?oc=5,Hindustan Times,"Sun, 24 Jul 2022 07:00:00 GMT",2026-06-14T20:33:59.659431,qr_code_scam,True,False,candidate,https://www.hindustantimes.com/cities/dehradun-news/fake-call-centre-uttarakhand-stf-to-write-to-ed-to-probe-money-laundering-angle-101658662117149.html
fake payment qr Uttarakhand,Youth falls prey to fake Gigolo service racketeers in Dehradun - ETV Bharat,https://news.google.com/rss/articles/CBMi1wFBVV95cUxQUHpNdzZvd0JOZmFjbkxTOXRMRncxdHE3OUJwSEJOSWFSWXR0bWU0VjBRXzJTZXZiTzJLUHR1MDYwZHhXaDV0S2E5R1l1TE9ZUldxeWR0SU1XbnQzdS1sdk9NZXF3emhVbzFMcFFNcTFPVm5FaWQ0MmVRdVdmQlZBc1ZGVkltUXRmajFSbFo2X09rWldGSjJhRjJkbXJfTGprUFUwVDEzQ3pwcXRzYVZ2S3V1c25YRkY1ZDZ3V2RDTGJ1bGlIeGpwQkd3ZFA4MkdzUkZZank3ONIB3AFBVV95cUxOeGdVR29BRlFlV1Y3Ml9HTTNJX0EtV2ROLV82OGEzVmk1OFJFb3FNRk1sRzRyRHQ1RFVWVkRlbVdRd2ZaeXR6bnFhNFY5S1F5NXFzVzBoX2pUWEpST1dsLUZGQnZwZFVpajAxbkZ1cEIxMDEzc09fSUI2UFczSTBXWVZYbzdNbkFLNFBjQWotdV9HRnhGU2NrWl83Wi1vUnFJUFVPRXpXWlA5NVp1eDB3em11RUtTejBpUHN0bEE3Z0RPaXRyaHg1dzctb2UwQnBmRWhvMW9CamZHVXhV?oc=5,ETV Bharat,"Sat, 05 Aug 2023 07:00:00 GMT",2026-06-14T20:33:59.659506,qr_code_scam,True,False,candidate,https://www.etvbharat.com/english/state/uttarakhand/youth-falls-prey-to-fake-gigolo-service-racketeers-in-dehradun/na20230805170056766766216
fake payment scanner Uttarakhand,"Uttarakhand STF busts fake medicine racket, 2 arrested - Devdiscourse",https://news.google.com/rss/articles/CBMirAFBVV95cUxQS3pVQWlBMEV3UUFVaEtLWjE2NlR0dU5hXzhEem9BRVRHMVM1RFRCUjhwQ0ZIcTRBZ1JIUTVTN09sc0dYVS0xbzdOMEluU2psVHRuQndxOG1KYWhBM0VUTXMyM1NQa194cnY3eVVrNk96QTBWcmlkbjFNVERkNnFodVRsTHRfOVJsZUJyeExhbDl3UzlaRnRSNDNxUHlUUWg0T012Z2c2MnY5djFs0gGyAUFVX3lxTE1iaHlaOGRXREZnQjFBNnQzTmZtdzVWNHRmMzZGcUVkMlVyOVVsdkJ4b2w3OUdELXFRdkxJMjRvSWhJcko1a00wLTdKXzBaS0RabUwwUmhMM05KM3YxQmJhRjh1WnFtcUNreTg2WTZjSFZMSmVldzZmV3VURkpoQ0Qwb0ZLY0pCY256NHFMX1dBeE9VdW5NUXMxMG5qYkk2X0k0aWQ4QzRTNHFuTUxMWXd5aWc?oc=5,Devdiscourse,"Fri, 22 May 2026 07:00:00 GMT",2026-06-14T20:34:01.521855,qr_code_scam,True,False,candidate,https://www.devdiscourse.com/article/headlines/3918244-uttarakhand-stf-busts-fake-medicine-racket-2-arrested
fake payment scanner Uttarakhand,"Fake Death Certificates Racket Busted In Uttarakhand's Haldwani, Cemetery Members Under Police Scanner - ETV Bharat",https://news.google.com/rss/articles/CBMi5AFBVV95cUxPWE9SaC1HYWlLVUdHMXhyaURMNFFoRkVJWWZaOERJN3ExQ211emZTMTM0SGtRaHVtZzVOSzlaYXkzZ005dWo3VHYzbmJzaV9sM1BNSFZqcXU3SXdobllndWpoRF9xWkZQa2RRQjVNNmN6SFVUNVU0NFJNUVhUdEhOMkpJT3dvdUNvejNLNXpJcnBiVzBGZ0hVNzRudDdybEJ2bjg2U1RPU25aajZMcUszb2hrOXlNMVRtUDBaXzRWSTRGcTJKNkZSeXdrRVBoU1FGZ004WVZMY2tQNk84dm9fU3p3M07SAeoBQVVfeXFMTzZiYTR1RzFWVGQxOHJHdWJkdUwwU3VHai1SY21DSTRqOTNyZWJmNGp6YnZscWJKUk9BRGVSOWNKaEIwOV9MN3NOZ3BVUmFQZ0Q1UFBad3JJZWVwSmh1S2VKTmdjTTBWb0tXd3djYl9sSmdaRGNlOHNMNGRfZndaWVBDVEJzbnBITWhXZmpmZ195NDN6WkRDeGJVczBaUnZhUl9HeDA2Z0tnZy1FVm82NjlJSjZwdXNhMFBaZnhxcER1WFl2bVN3bGo1SWhnZlN3VXpWSEotRXNfeWEydzJqNXhwYml1d0RYd0FB?oc=5,ETV Bharat,"Sat, 24 May 2025 07:00:00 GMT",2026-06-14T20:34:01.521925,qr_code_scam,True,False,candidate,https://www.etvbharat.com/en/!state/fake-death-certificates-racket-busted-in-uttarakhand-haldwani-cemetery-members-under-police-scanner-enn25052404719
fake payment scanner Uttarakhand,Fact Check: Viral tweet of Uttarakhand Police Army recruitment guidelines is fake - Vishvas News,https://news.google.com/rss/articles/CBMiwAFBVV95cUxNZjFYQzdyZXh5TGJPeU9rbmJubWpYYmkwRGRQSW0xMGUyX1k2TWc3cHlYYllIc2YxX3BxVzlEZV9QNzRDc3k2Zmp1VTZ3ZU9jOHhQUFZhSlgtNi1nQXVHeUhmRHVneDlCdGlBaEdoeVB5dU1BSUNhTFlpWnNSTlhuWEVza1h6SGRiZzl1ejAtU09BdGN0THBvX3YxcWIwaXdWSW1rZFpRN0hlTndrWmVrUGxSU2kxMzVubGZxUXFCSHY?oc=5,Vishvas News,"Fri, 26 Aug 2022 07:00:00 GMT",2026-06-14T20:34:01.521953,qr_code_scam,True,False,candidate,https://www.vishvasnews.com/english/viral/fact-check-viral-tweet-of-uttarakhand-police-army-recruitment-guidelines-is-fake/
fake payment scanner Uttarakhand,Try artificial rain to douse wildfires: Court to Uttarakhand government - The Hindu,https://news.google.com/rss/articles/CBMi2gFBVV95cUxNa0hETXJsbFZwZG1FRFlGeUlsVUdCSHhtaEN1Sm1jYmxBdVU0LU10NWc2cl9abFZ1M05LTmtCekNvM0JrVVNYdDhOcDFiNEdzUDlMOHc0MTJ3dTJjTklkZ1VZWTFFMUpySU1pQ2JfVVVyNkpwM3N0bnNnc0lRTTJtUnh2Q1VtQjJlSkFXZ19heHZvbUFVUWUzaTBxbmoyOWpQdGc4Slo0SERUUGpJSWRvRklBdGdMOERwSmlUS2MySE1VZXRoNmR4VU9LM3MtQkZ0dzdOOERtRFMtQdIB4AFBVV95cUxPMHp5TGlpelcxMFhna1p6NWxyR1lpVV9QN0NOb3dYTExGVWtTODhIUVF3MjdGSDc5cVRrdzBLU21oMzNMQ2hYZUl0ejlZN1AwZVFnemtMN1JCcHJTR2lrT3pWMnJ4ZHNlOE9wbU1aX0RCVlF1SS1aWFM3YmpaRzN5T3hfQ2NZMHV1bDY3ejdvdFJ3dEZSMjJKNkVPakEyb2I2S1czLTQtamI5OGJENHNIQUJldTROQzlabWtodEltXy1ESllPQlQtTEtraHZOM2plM0o4cEE0RkNuOHNBbWNMMg?oc=5,The Hindu,"Thu, 08 Apr 2021 07:00:00 GMT",2026-06-14T20:34:01.521978,qr_code_scam,True,False,candidate,https://www.thehindu.com/news/national/other-states/try-artificial-rain-to-douse-wildfires-court-to-uttarakhand-government/article34270513.ece
fake payment scanner Uttarakhand,Bogus BAMS degree racket: Two more quacks held in Uttarakhand - Medical Dialogues,https://news.google.com/rss/articles/CBMitgFBVV95cUxQb1VxNm80dlphWVQ4NlFQSGlKTVMtazM4MGhSZXg2MkdNVzhvRjBsM01PamFZdWxDSmxGVFB4WTJ0dlZJSEQ5b0FLdUZnN1Rxc0RVUUVGUlVpMGJUM0VfUURiMm5kcFRaWHlKQ2ZSMDc0eHVXT3RtNkNhV0plaWpsZkpxYW55NUlwMG9QQUhpMG9sX21nMU1pcERNSm5CWm9MQ0JJWHhlVzN1Mk16enFfQVZjRG5QUdIBuwFBVV95cUxPWlhuemlhM1FPelpGd0w5TEt5eXZMajhiQkdfTExDZi1iVGFPbnVyME5oSWh0RG9sY25CTW80TGVXNVo1aTZIYUdUUmhDV2g1dkNNWjlYcDhqZkZwZmZ1YTQ4NlFRWjJvWmpVemJjZmFJdjJtUWE5MXpKSjhjazZITlY3YkZCMW5MRFJkR21teWFoZ0xYVldGa003c1BhdlUzNWs2Q1kxci1XaUxRSUtqZmszUUFoTzVhQTVr?oc=5,Medical Dialogues,"Fri, 10 Feb 2023 08:00:00 GMT",2026-06-14T20:34:01.521991,qr_code_scam,True,False,candidate,https://medicaldialogues.in/news/health/doctors/bogus-bams-degree-racket-two-more-quacks-held-in-uttarakhand-106868
fake payment scanner Uttarakhand,SIT exposes two more teachers serving on fake degrees in Uttarakhand | Hindustan Times - Hindustan Times,https://news.google.com/rss/articles/CBMi2gFBVV95cUxOM0gyT29NTHFhTS0xRFBUdzFtWTBkTW9NSTU4M3lGTk9zX3lSVXQ4X1lITlNzak5PUG9pVjZHODdJaW9JRzBodElmNk1oYmYzRWlxOWVyRWhCamFHVVpzUURCWk10TlZuR2xEOGdJRkw1NGZKM2JPWUt4TG1IU3c5YU8wQ1RkV2lJeUpkMmN0MkxQZGV5ZWhYdEVhd3dSMnFZQl95UnJlWldnYWlFaF9kZnhfYVhxVTFRZjZzaXg4UjJBXzBfUkJ1NHBCS1JEWEpIX1diRnhTQW5nQdIB3wFBVV95cUxQY2dRN0VVUUZCQW5DS3RLOEs5amlVVFA0R1p1THA3c1BvQXh0LTZpSmhYYXpYOVp1WG9RSUJ4Vm5fRGg0UEljcHpLWkVQMkhQZGh4ZG1XVU4xenZMRGJMdTc4ajVIUUhmVWRndkJnSEYtdU92azJXY3dtRWhmZW90VkQ0Sng5bkdoV3RYSkhQU0lvSl9RcTVNOUw3U2tWSlNDXzN4Z0U1bGFiUmZJbWZxckNVQ1ZDWTFVaVUtMzROeV85d1BRV0lXS1k0NDRJeWFGT1F6Zk56VDFCbnExMzRZ?oc=5,Hindustan Times,"Sat, 05 May 2018 07:00:00 GMT",2026-06-14T20:34:01.522039,qr_code_scam,True,False,candidate,https://www.hindustantimes.com/dehradun/sit-exposes-two-more-teachers-serving-on-fake-degrees-in-uttarakhand/story-I919qDShlRCzFV7H6gIJgN.html
qr code fraud Uttarakhand,Uttarakhand STF arrests man wanted in Rs 10 lakh fraud case from Punjab - The Times of India,https://news.google.com/rss/articles/CBMi2AFBVV95cUxNaXZnSWxmdlNGYVpTd1dILWZ5YUl1Y3l5bjdWSGgzN1YtUmVFMHhvajZKRnp6Y2d3T0xRNzdxdmZOUUNjYXlIZXFzeDBfMTZQNV9YSXJLVFpaRUhITXllZFJ2bE1pYm15b19UbXhBaG5UMGxXRS1mVlhqN2gtdG5idXJZUV9ZcmFfTXpzLVd1Vk5icWQtTG9jSHhoWDBhWTR3R3I5UE5tSWV0cEp3azN1NHBMb1pLTWE2SDBVMk50QllvYnloaEJkZnFyREhTejY2dXVfNlk1ZTXSAd4BQVVfeXFMTWZhc1Y3bHU4d0xfQ0tHbm1IUW9GNV80bTRsNXlvNGtrRmhuRU9ZTDZuR3NCVTNnamdhZy1GSElHaE9BWnV1QlRGNHJkcnVzdDd0eU5RR3h6Ui04NjdHTzlqZmRYc0RDTWxPU0FVbjFLa29QdGg4dVg4d1FxWHo3YW5SQnlmcWN4OWR0V1VQWXdjYm9vOFdxdnZkS01IOGl6QlhUcGd0eTE3SVlQeDY4N21UdVlIZVRQRDItSDFTRDhnaWR3dWpGc1JBR1g1Tjd2aDVLREJ1cFIzTzE5ZUZ3?oc=5,The Times of India,"Fri, 15 Nov 2024 08:00:00 GMT",2026-06-14T20:34:03.161867,qr_code_scam,True,False,candidate,https://timesofindia.indiatimes.com/city/dehradun/uttarakhand-stf-nabs-fugitive-in-massive-rs-10-lakh-banking-fraud/articleshow/115341960.cms
qr code fraud Uttarakhand,'Playboy job' posters surface in Uttarakhand's Dehradun; police launch investigation - ETV Bharat,https://news.google.com/rss/articles/CBMi7wFBVV95cUxQMWlmZXJaMDRjVmxZZWdBa3lBUDBhRVlBV0tFNDBpc29MaFpxWE5mcmZxQVRiZ2ZCNndQaHp5YVFGb0hsV1hkd1p1WlZDUXR3QWp3cHZKV3BYdllsa0h2WGplSURLMjgzVWdiTGF5bEZZdlZMSXR2NDVFUjQ1ZlRBUFpZR2VlbWQ2YUdjWWp2YmFqdkREdk0zank0VmVwS1NWX3VscTFwYUdzOGkzR0VQck81WXhVRURJdXRyN0lhYXZVT3NVLVhaQlNoNW9pQ3V6X3pHcFgtbXhuV1VUX1RiOWlJaUJsd1c5RmNkaTRySdIB9AFBVV95cUxOUVNDNXVGaEtNblJzT2g1ODhrSTk5Nk55aHYydG5lVzdGeW1iTzI1T2NqeWY5UUpjeGI1VHg0Rnk1b2Vac240U2M3YmxCbXUzWDVSYkw3bzBrdUI3cGtqNjdfejZLanlHdVpSUU5YakUzVzVWMjVrOWFwNjRXUTByaEVTM2d1MFRpdlFLd2Z5Ym9wVzBEaFFRVUpvblRldEdkdmFGNFFDZHdHUmxsZWVXRFo4TmppMGFUb1cyV1kxdEp5cXJnLUotV1oyVnhEOS1KR2FlMEZ2dWZ5ZXdvMDNnQjRNdmxxWTZ4alVOZC1wSzZVMGxW?oc=5,ETV Bharat,"Tue, 01 Aug 2023 07:00:00 GMT",2026-06-14T20:34:03.161977,qr_code_scam,True,False,candidate,https://www.etvbharat.com/english/state/uttarakhand/playboy-job-posters-surface-in-uttarakhands-dehradun-police-launch-investigation/na20230801173646637637766
qr code arrest Uttarakhand,"Uttarakhand STF nabs three more members of gang linked with manufacture, sale of counterfeit drugs - ThePrint",https://news.google.com/rss/articles/CBMizAFBVV95cUxQcnFGdklpR3Fkc1J1d1JnSHJBdHpJS1lyTXlELWhlMlFQMGNkeWdOb09YZTVfNk50Z0FjRDJHSU1vTEl1dU9EbjJGUUtVeTN0M1kwaXNCWlRBOTVKTkJIYXVoNzlsM2hDSHlSanFrS0NrSms0NWphU3BoVi1Vb3pTTWh0QkVCYUppSDJtSEtPYzZYLXZNNG9BVlI1ckhmQU8zOEdKTjNRSExQR1B3bUVpcmszVDRLTFlsMEJXY1lSblFjWjE3cGp3UlE2ZV_SAdIBQVVfeXFMTmNfWmlIN0VMTUFocWxBbXFKQkdPUWxZQnFHYmJfZUtRVW4wc0d0enJOa3k1U28xNXhWSV9vU1hGWGN1V3hMb2NBSVdiQmhUcG1VQ1ZnbmFOOWkxLVhENTdWXzhtLWVjMGZuNHotMFFkejgwRDdVYVpLTmY2UXpzVmtfSG04ZkxocmpyTFYtVVJaQnRDS2YwTmVxZ29pQlZheFlWNUV1UDBPYjRKVUZZeFpDU3lpb05Ca243UWRSWEFxQ3FOTU92RzVnVnl2Z2JmNDZ3?oc=5,ThePrint,"Wed, 18 Feb 2026 08:00:00 GMT",2026-06-14T20:34:05.123107,qr_code_scam,True,False,candidate,https://theprint.in/india/uttarakhand-stf-nabs-three-more-members-of-gang-linked-with-manufacture-sale-of-counterfeit-drugs/2858212/
qr code arrest Uttarakhand,"Multi-state fake drug racket busted in Uttarakhand, 12 including mastermind arrested - The New Indian Express",https://news.google.com/rss/articles/CBMizwFBVV95cUxQb1hqbGxnazU2dFpPaW9UclhDVzBaV2oxbXc2a3BSdjZkNE1LamxpenpfenBJWExmeVgxWWJDRGY5R25WblJSNGVhYWlkd3lRNm5nbVdXY0pVMTNjMWh6QWwxdUlBa00xRDVDcEdsa2tWLXRaV1FDSWdJRnM5WF9qWkczM2tIZ1FTN0M1M041aUdjckl0VWRxRFNjR1JiYmo5UUc4cVRZT3o3N3ZaSmRFTlA4SS1ob2FPeE1QMFVlTlh6b0FPa0U5T212ZGNFLVnSAdwBQVVfeXFMTUxTeUdFUFRKT3NXcUI5Tk1DalNRYjZRMEZlcXFTR05TNHROamlzSkRuLURmTG1adjhOQVZMZnA1UHAzUVZfam8xaGRwcjhIRXY4Mk5vMXd1aHhJZmdjVDNCc2VOR3lEcG1RWDRqa1FDRE1qYVFHOTE3RWJCa0U2aFdHNFZqeUdMM2R4MHNXT1JKVHRIbVkzOEZyQ1ZwdGFQenJaYTRzOHFaZDh3VGtSZlE2TEppQ0hUYjA3MVItWnk4VXNNLTNNSHhoQzE0N0haamVZZDhaTWdBU1JwXw?oc=5,The New Indian Express,"Sat, 06 Sep 2025 07:00:00 GMT",2026-06-14T20:34:05.123197,qr_code_scam,True,False,candidate,https://www.newindianexpress.com/india/2025/Sep/06/multi-state-fake-drug-racket-busted-in-uttarakhand-12-including-mastermind-arrested
qr code arrest Uttarakhand,Multi-crore fake drug racket busted as Delhi-based mastermind arrested in Dehradun after four-year chase - The New Indian Express,https://news.google.com/rss/articles/CBMi6wFBVV95cUxPQ2hQLTE2d1lVZVdTb1Z2bkdoYzZObDRMdkRWR3dOaTJxT1RXTXowcGFlbXJEcTR1a0I0dHpWYmY1YVRkaU85OE93TTB4UktYRHBXWEJ0d2R1WjRBdmdkdkpFTl9ac0FJUEJDcUhPUDRLQkt3TVMyaS1kcHcxU0NSLS1YNklnaER2bXZ6dmxPanlxeXA1VHQwQXNoVEtnTkhDYVYzV1V1RGVVRmo3Vlk3cmJWaHA1ZWlnX1ROSG9hVzVVUE1YMENpdE92SHNRN0huYWVzdjlHRlNsMWVaZzJDSThSeGs1dHphZk5V0gH4AUFVX3lxTE1VMkFiajJqUW81SEdVVUVGVVQzS0VEMkczTGJhTFM1aXhISFZpU2pwc2o2ZG1EQnVuSzJqNU9pZDJ2ZkcweUVBY2VObW5tRG1vN3BHMzJWX3AxSVp2cjBJNWRFN3U5a3g0VXBnT01YYmdaUzNldy1fM2tQSnNSbUdFd1VrQXJzcFRwV2RpcjBMVS1UVnREU0JuOTNUQnNOUEx5cGhQbkRKd01tTWtFOW9yQVdfV2hJYVVzVmlwZklqZkxpQXdLRnBDSTNMcTdxUWVKYlRyZU9Jdk1yN0NpOEREQ3dZX2pyZlByNWUzLUFuWEVOXzE3eVZr?oc=5,The New Indian Express,"Fri, 18 Jul 2025 07:00:00 GMT",2026-06-14T20:34:05.123271,qr_code_scam,True,False,candidate,https://www.newindianexpress.com/india/2025/Jul/18/multi-crore-fake-drug-racket-busted-as-delhi-based-mastermind-arrested-in-dehradun-after-four-year-chase
qr code arrest Uttarakhand,"Uttarakhand CM Dhami launches e-Rupi system, agricultural policies - The Times of India",https://news.google.com/rss/articles/CBMizgFBVV95cUxPeXpkY3VoSHZheVpTc1BhakdSS3BBZ1pfVEhhRVRFQTVrQjZWVjN1b3Z2dzJKRVREZTEwNmFEd3BWeElrS0tpMG9QLXdCNnp1S2ZEMFNUdm9MYU1BVl9mVkNJLTBwX2RpaHBfaXdkRU9CdW9CYktOd20xWTdmMDBmWkRxdUI5X1JyTDFlX01kRGpPNXhoXzFxUHNzMEFxMkQwZWNMWVBzMlB4N1A3TWQ1QUZROGRPQ3BISUlxUjBDb3JKTVJXNWJZN1U1RDBtd9IB0wFBVV95cUxNLWJjX0JPbGQyLURESmVINjV4LXBSSW5Cd2dlRkdTbmpySW1pWXhseVFuc052dnI5RjVCT3c0NnVnMTRVRVA3SHBuUEZ2RmR0OHljSjVOUzJNeDRFdlUybXE3emZYTzR1U21PYmdBdFpTZDlTa28tM25ZYVY4ckUyZkU3T18tUVNNV1ZhT1lSOVB3bjF1T0I1YjR1cUpwQ0YyYWppMG1rTHN4RkFRbzdaY2JxTDJYZWRXd2NPSWhuLUJKUVF3dmc1SXdlY05ram1pNzlJ?oc=5,The Times of India,"Sat, 17 May 2025 07:00:00 GMT",2026-06-14T20:34:05.123344,qr_code_scam,True,False,candidate,https://timesofindia.indiatimes.com/india/uttarakhand-cm-dhami-launches-e-rupi-system-agricultural-policies/articleshow/121238782.cms
qr code arrest Uttarakhand,Uttarakhand Police Arrested Alleged Mastermind Of Haldwani Violence Abdul Malik - Outlook India,https://news.google.com/rss/articles/CBMiqAFBVV95cUxQRURTcXB0X1NDbnNjVEpMX2dWZGlZcEthdHlVcDV6ZVdEdDJjTlROMF9MVHhCWmo3UmdUbHNsbW90WFprUWlld1dRQVdXM3ZCR0VNU3B1djFxR1h4c3VELW1HdDVPRXF2aU1XMWRUMFktVmJnSjMtby10SnplXzJDMndabS1vallWWTVJb1Zac2FyTFBHbWQtWDZDbnBlNjlPSnlmdWMwRFfSAbYBQVVfeXFMUHBka2lNNWlHdHdsRmZwTXFhMm9SVTFacWwtR1otei1QNHBZQ1V6T0k0QzUtMlhuWEhUWjRWMVhyZDZJdUttY1BPYUFZTVpCZzBjZjFybkl6ZDlWbnh1eUdaeTN3RGdGMTR0YU1pa0ptN3pmNllrM3UtRVNHUWUyeU5zc24wdGoxekhkY09DSkItY0FsSE1JRWtzZVlOVU13ZVVCX2U3NTVKVkhETUp2OWZqQnRpdmc?oc=5,Outlook India,"Sat, 24 Feb 2024 08:00:00 GMT",2026-06-14T20:34:05.123411,qr_code_scam,True,False,candidate,https://www.outlookindia.com/national/uttarakhand-police-arrested-alleged-mastermind-of-haldwani-violence
qr code cyber fraud Uttarakhand,Travelling to Mussoorie? You now need to register to visit the hill station - India Today,https://news.google.com/rss/articles/CBMi0wFBVV95cUxNT09BY0ZCU1l1dVpWSVJEZ1FnSHN0TXpfYlN6R3otUnZLNXkwaXpPMDhFMnF0VHJfRjMyUmVMQldtVlgySjNMRHo0WFRxa2o2YU1lbU82MFM1cTl1b21Xb0tGSkM4ZFBWWk53eEtlR0Nvd3BFOTN0dUNNc2FIQ0UyWlA1dWVqb1hidWNCTkpFV1lsdnp2VlJwTEJIYnVKd3I5Y0puUzg5a0pMUEFPcFB5VmxnZmtMa01VajM5T0JYX1BTcExZck5SeGhHTlpyZFdvQ0F3?oc=5,India Today,"Sun, 03 Aug 2025 07:00:00 GMT",2026-06-14T20:34:06.811219,qr_code_scam,True,False,candidate,https://www.indiatoday.in/information/story/travelling-to-mussoorie-you-now-need-to-register-to-visit-the-hill-station-2765474-2025-08-03
qr code cyber fraud Uttarakhand,Uttarakhand Cyber Police Busts Gang Stealing OTPs via Malicious APK File - The420.in,https://news.google.com/rss/articles/CBMidEFVX3lxTFBQbXMwOVo1Q1N3UjNuMEhtcUx1aXFoRUstd0dtbHkxTGRTTEhhMWFIWXFkX3R1VU9abV9sZGFvSWFsT3RPWHdjVW81RFNKRHM2bG4tenA3X3Bwd0l2WGJuRE9OdkJRT0U1YlB3OHZPS2Z0QVht?oc=5,The420.in,"Sun, 18 Aug 2024 07:00:00 GMT",2026-06-14T20:34:06.811280,qr_code_scam,True,False,candidate,https://the420.in/investment-scam-otp-sharing-app-arrest-haridwar/
qr code cyber fraud Uttarakhand,"Fake Call Centre Busted In Dehradun, 13 Held - ETV Bharat",https://news.google.com/rss/articles/CBMioAFBVV95cUxQRWVBRkl2NXIwTFQtUkJ0eVpWbjVKNTlJTEl3VENMazU0aENSaTZ2cnRXQUJhWFFrbTd0UkdUUkYzVTNEZG4zdzF0WkZmeGQ5REgtOW1FTnRlbUVqWjM1QzdRZGRUUmZ0TmdsZHR2Mk5GVU1BcTRhYW01b0JQX2prc0dDSjJFWFl5R1JmbU9NU2Vpb1VrYTdaOUxocVlrdFFl0gGmAUFVX3lxTE56VUNvZlhyZFc5NkItWHFlazdLbXVSVFBxVG11bllxVUNlTTVwV3BWUW03WVY5VXpQN1NTYktaR0lxZEIwRU5GVjMwbDZUX0N0YjNtRFp3OHZOVXBINnhuSVZRQWlWa1UzUUFWWm0zQ3JqeGM4VUVkUlVtZUhfY0F6RGJNZUdueDg1OWFadVdFUU8wM3JjdE11ZGk3SmVaOVRzNkJ6Q0E?oc=5,ETV Bharat,"Wed, 19 Feb 2025 08:00:00 GMT",2026-06-14T20:34:06.811298,qr_code_scam,True,False,candidate,https://www.etvbharat.com/en/!state/fake-call-centre-busted-in-dehradun-several-held-enn25021904571
qr code cyber fraud Uttarakhand,'It's Nothing But A Hindu Code': AIMIM Chief Asaduddin Owaisi Slams Uttarakhand Uniform Civil Code - Outlook India,https://news.google.com/rss/articles/CBMirAFBVV95cUxQTWdHNFFScTdsNjB2NG9adUpETVR2Mmk3LWR2X0FLWXFqMHd0RXZYMjlwVzFyWlJUNWZDX3JlQjRrUXRybkliNm9QZnRpRnNZS21oZmVWTXF3NHNXM3JCMEVnMlhwbTRrdG1vX1lGQ3pLNFRzMjZuaTVxVU83Y3Nja0Z5OENIY1k2OVZvNnNDMTd1YlBETGZwQ1VqSlUycU16LVlORkpEeFdQMmdj0gG6AUFVX3lxTE1kODZwRmcxUGt0bWEtR2tGSXhmcjY4X2czbWpPWUVlSE1keXNPUG9oclotcnpzMHVrYVQ5SnJWNjgzSGF0cHJzSWs5b2sxRE55TzVNLWpNb0hJOFM2MEhkd1dFTEtRajFLc2ZVQVZBQ0k4S1pZeVpJOElrNjhZR1JKVlFvOVF0a1lTblJnazJrZWZuMUhqbFZsTFJDU18zUEFxNXZ0M1VqR1NzNHpjeWFyUUU1T3BtRGIwUQ?oc=5,Outlook India,"Wed, 07 Feb 2024 08:00:00 GMT",2026-06-14T20:34:06.811310,qr_code_scam,True,False,candidate,https://www.outlookindia.com/national/asaduddin-owaisi-uttarakhand-uniform-civil-code-hindu-code-aimim-chief
qr code cyber fraud Uttarakhand,Planning a Mussoorie trip? New rules you must know first - India TV News,https://news.google.com/rss/articles/CBMinAFBVV95cUxQMng4WjBZeVFpc3BpUElaLTFvMEQ0Rk1aaWlody1PWWw5SFdWS1Y3Qy1EMmstY20wVzJydnhsdmxPc2dZdUFmTXlVbVFzakpOVUNHUGo4TC1fWFlTMVYxeFpkQldxTnRiR0h4WUI4ZXBOa0wtWE9QSGQ5QXJlZWVYQWNpTEVYTlNwQ2RpR2NtMkY1ck52MTQxdmVrTHbSAaIBQVVfeXFMTlRKUngyV1NrN1NwTW9fdEs1clpOal85c05zQWFtRTJPRGVtT3BCWkkydk92WUhHZ09OX2ZERjk5TTJFeWxmUUdmTzgtY3dDaVVkNDhRMnhpR2VBTVRXLXNHM3dCQjFuMWtaMjIyLXJOcFRmX1RZSnRaM2VIQ0Z0R1FYX1BTbTh6eW1TLV9iWlhoUGxHS0p1c2pZaUQ0Mkt2Rnhn?oc=5,India TV News,"Thu, 31 Jul 2025 07:00:00 GMT",2026-06-14T20:34:06.811336,qr_code_scam,True,False,candidate,https://www.indiatvnews.com/lifestyle/travel/mussoorie-tourism-new-rules-2025-2025-07-31-1001374
investment fraud Uttarakhand,Two arrested in Nainital for multi-crore investment fraud - Garhwal Post,https://news.google.com/rss/articles/CBMiiAFBVV95cUxQeHFEd1ZscGQ3cnhUZ0ROUC1YOXFQZ0gxWXEwdGFNVmNIZkdBNDJ6NjJkVDZSVzFMbU42eXgzQUlOTUZ6RV9KMWc3RUtqb1puN2hpSG1rMGZCX21XQ3lJaV82bzc1blVhSWE0Rlo5SlFTRWZ0SHl0Ul9MbzgyT081aGJ1ck1XcG1j?oc=5,Garhwal Post,"Sat, 07 Feb 2026 08:00:00 GMT",2026-06-14T20:34:08.989220,investment_fraud,True,False,candidate,https://garhwalpost.in/two-arrested-in-nainital-for-multi-crore-investment-fraud/
investment fraud Uttarakhand,Uttarakhand Police bring back fugitive investment fraud accused from Dubai | India News - Hindustan Times,https://news.google.com/rss/articles/CBMi0wFBVV95cUxQeGI2ckg1UkJ2UzJvS0E3ZHBDWW9fd3F2T0xURGNlX1JBMkYxM195VWJkWnNpbmdZMTExaEg2bTZXNkZTWEdkWERqbGFEOURoU0NxcWI3UU9ob29yal9nUlhqRF91bHVobHFDWDhSUGhPOHZyVGItc1VWS1RZM3A5bEVkSjMzc3RCUl83QW1GVUtneVlpbnZIbjdLaWZjTC1MRVk2M0Z2U1NHUTJvc2lScG1EVmpNbjlpaktXOENJeDdhcXVLSk0zanlJNlhaZzFPOWpR0gHYAUFVX3lxTE4yY3UxQjE3QWgzREVLVGxHZzhkV1RYZk5BdVBnVzFSV0NZalBpcXVRRk9LQTQteDhNTG5oUU5aUmd4UWs5YUVBeWQ5LW53U2djdWpYRHFROUwzYlg3Vlg5OE1ZeFZBa3NsVTVpVzVMMnhCcG9pSFVwdUE5RU1CVTVlMjNxT3NNeV90Z0ZySXlpUmFhYmpNT2ZxZ2w5N3p1ZTYxNXRoU0xXXzNKV25lVDZOMTZ0Q0NJRktoVGYxa0Q1ZFM0TFd1NHE1QlB4RERVR3Q5TFJjR0dmMw?oc=5,Hindustan Times,"Fri, 14 Nov 2025 08:00:00 GMT",2026-06-14T20:34:08.989275,investment_fraud,True,False,candidate,https://www.hindustantimes.com/india-news/uttarakhand-police-bring-back-fugitive-investment-fraud-accused-from-dubai-101763122222291.html
investment fraud Uttarakhand,CBI arrests 5 in Rs 400 cr LUCC chit fund scam in Uttarakhand - The Times of India,https://news.google.com/rss/articles/CBMi0wFBVV95cUxPTlctTl9ZZ3dJekxKNVlVN2JicVZNOGlablhrbFg0azlQb3dKMXhrbGswN2lGcDBWUW9JM1pmTktZeWs2c0FoZTFxd0VqQ3dCbFdwMGhxZTd5LUNWd2RfYzZkSHpUNUhGRy1OVFZ4M1JaR2ZKdTlrNy00VEtFUHZqZTNaSnJua3hpYlZ2VmM4aU1NNUZLR0lvTE13ekVxMVlxYlRiRThQcnRQc2dpbHF1dGZMcUFFd3k5Q2NaVlNncjZaRkprSVlVM2RlakFYLXFlb1Jr0gHYAUFVX3lxTE5jOTd5bklIQzdXMXhvaWFfNmkxQ2xMUGFtSWd0U0J2TVNsNmRwYXZ3WnNYd3YtdGNFNFYyTGRBQXRtY2xBWmFFRTRRLURjQ1ZzZjZHdWNobHBwbVYtV0VkRjJRNkZoWkRYalUtTmZLNFhveWtfQkVQOFFhaDNLRlh4amZZbllEWlNLbTEtTVlISGtacEZJN0ZIMXRNYTdJR2JrUTNIelp0cjFxbVMxNUVGeGdKVVYxZG1SaHVLclFVN0EzZEVfNWhERGxzYUhaTWF4dkU0SHVwMA?oc=5,The Times of India,"Wed, 13 May 2026 07:00:00 GMT",2026-06-14T20:34:08.989293,investment_fraud,True,False,candidate,https://timesofindia.indiatimes.com/city/dehradun/cbi-arrests-5-in-rs-400-cr-lucc-chit-fund-scam-in-uttarakhand/articleshow/131073536.cms
investment fraud Uttarakhand,"Man Arrested In Dehradun For Rs 46 Lakh Investment Fraud, Brought To Arunachal - NDTV",https://news.google.com/rss/articles/CBMiuAFBVV95cUxNU0piamdmRnpIZkVSUFN3cTFQYUpWdVBrS2RPMi16bmlhRmRfeGFocmJaNTZoVGh6OGszTVMzdVhJVFladDZoam1YU3Y0a3hmWExwOUhLdTBTekZocXhZUHVXM3l3VWlUYXdYRkZJSEtNd1RXZ283UWdFcENzTmxOZkJqem04WkNNNFU1SlYtSWVnWWlUdXdKMnFqMHNoUUVwQVFpanBUX1R5UzMzX0JTSXlOcHlsMWl60gHAAUFVX3lxTE5sN0FsdXNjbFVCWWstQW4tWXVab0V1TXdnSEhiS1htRktnR1dTQmxSUHlsNi1sOGFlS05nYTVoZWdWb3ZDX0VoUU16V2I3OWJaZmlmSTRQTGtYbWo2VlRRUTFwUE1CMF9uWjVMak1HZzNzaHhmQWgwNmEzcGEta2hjeDlUSDV3Y041ZWZOS3dEcnpYOEN0ZlU3SVUyVV8yVXlHQVVGMW9PemJueVRpNWJhc0FTT2RfNEMwb1lfcU9Ndw?oc=5,NDTV,"Fri, 17 Oct 2025 07:00:00 GMT",2026-06-14T20:34:08.989344,investment_fraud,True,False,candidate,https://www.ndtv.com/india-news/man-arrested-in-dehradun-for-rs-46-lakh-investment-fraud-brought-to-arunachal-9471215
investment fraud Uttarakhand,₹78.46 Lakh Scam Rocks Kashipur: Over 15 Investors Trapped in High-Return Fraud - The420.in,https://news.google.com/rss/articles/CBMieEFVX3lxTFA5NEVGdXlBeUNGeXJCSGtmVjNFb2RnREg3ZEhfYTZJZzNWb1BtSkJOcUlYQzZJQXBYWWxOSDB2VDB6YjM0WElJcmJ2eDBFSEY2a2lVQUZsTjZ5V1ZaTkZBMWlLNG9mWGNkRkJqYVFkamNDR1dNN0JnZQ?oc=5,The420.in,"Sat, 02 May 2026 07:00:00 GMT",2026-06-14T20:34:08.989758,investment_fraud,True,False,candidate,https://the420.in/kashipur-investment-scam-78-lakh-high-return-fraud/
investment fraud Uttarakhand,Uttarakhand: EOW probes 'money laundering' by firm owned by ex-CM adviser's wife - The Times of India,https://news.google.com/rss/articles/CBMi5gFBVV95cUxNeXZRa3R6VHluMmpQUzd5WU02ZzNMZzgzYVUtT0t3MVhTNVkwREdTWU83TnJJMEhqajV6UDhNckRxQnhKdGQ1Q1pyU3J2ZWxvY3AwS3AwemhoVHZpNXhQUjVjbllocFdnaGRTZHFZNEJlbVdfeFJ2YlZnNEJiaTc4dlQ1VjhKaTZCY09iU252Tjh5WHg5WFpzT3JtQ1FZOGREdGRiSF9IUXRvNmx0UzNBNmlmWDBBcWFyZERwUkx4QjR3V25HT01hd2pGNDRlamc5YWZOVG9YSG96NzdzSERVTDl4R1RtUdIB6wFBVV95cUxORXRxSWRDV25rSjNOTTJZYWJkRlVYaHM2TkpGSnJ4QlRteHpVRUZORWNMM1ZaVE1KM3ozSGlJcm9DQnhpQXRMRDg5WE9WT00teDlLYndKRzFoTUpDaWE0RjQyOGFGbW02QXFtamFqaDcwd0xpNVFZWDVINVR6SXpReWphbGszZTE1R2xxOVpYU25pMnNDUERXWHM0UGwzV05uVTFCWGs3TmVSZXZ1SUJiNDNRS2tER0VrMlNSWnFnd1dwS2VCbmhLalhZbGFEVUVKSXF0clpueXdtVy1EM3dDOXEyVzFmcWRYcjRB?oc=5,The Times of India,"Wed, 02 Nov 2022 07:00:00 GMT",2026-06-14T20:34:08.989913,investment_fraud,True,False,candidate,https://timesofindia.indiatimes.com/city/dehradun/uttarakhand-eow-probes-money-laundering-by-firm-owned-by-ex-cm-advisers-wife/articleshow/95240406.cms
investment fraud Uttarakhand,Another cloudburst in Uttarakhand: Many families feared trapped in Rudraprayag - The Times of India,https://news.google.com/rss/articles/CBMi6AFBVV95cUxNZzVqQ1IzcW12YWY2Z1VrWlVUejQzT2dsR3doLUpnODQ0UVBqb3k2QWF1SkdqNkIxeFBjSU9IUkVRZGZhN0Fpd0MteERIdjNGdDJ1S3dqa0tnYXhIRmVaZHVxS21pN19jcXE3WEZNcmZUUXpGZlFiSGpENkFIV1lkZEFZWWdwSG5hVk1nOGtjVXV1TXUxajkxc0R1OERMbkU5Rmd4U1U4Zlo1czQyUG1LR1dRRFlLOWpwcm1kY3h0ZGdMeEVOVHItM29xWk8yeGFESnJpemZwQy00VWUySGxoQmFHdUt2NUNN0gHuAUFVX3lxTE1Ea3RDQl9wYy01N250WEx0LXVZODc2ZGJYRWJ5Xy1ZR0VxbkE2eGQweG5POTYzR3lSOG1CX2ZNV2dTZnB0RC1RcndXdDQ4SmJ1eHJTWV9qUmkzYzR1NWNwUmVkZmppLU1OYU5JbUZKdk9pWmFNNkdtekNHYXVJNG5veF90QThFdzdNVDh2RkIxZGpXTzZYcnRYQXFhLUlIdHIzaXpabnJVTkxza0FKTW9xaTRfeXBaaDRnTjRrOERfdzBxMHRCUkJERlJrcFZQSWUweGhpcFU2ZEZnODdvdFpmaTd4NDJLRXYxZUU3NGc?oc=5,The Times of India,"Fri, 29 Aug 2025 07:00:00 GMT",2026-06-14T20:34:08.989961,investment_fraud,True,False,candidate,https://timesofindia.indiatimes.com/city/dehradun/another-cloudburst-in-uttarakhand-many-families-feared-trapped-in-rudraprayag/articleshow/123575833.cms
investment fraud Uttarakhand,Uttarakhand to give capital subsidy of up to 50% for investment in tourism sector - The Times of India,https://news.google.com/rss/articles/CBMi6wFBVV95cUxNUE5obXRPSDVZOHQ1eTV0ZHp2dk9oYkF4VWx2ZXBxNXRCNzFpY28tNDg2bzgzU0E2MWVwb1JHWjZCRnJPeF8yNVZNbXdHNmNBaVBpOVRRa3NuM09oaU52RXNDRmNjbTB4M2FOdmNxZkw4aGlYMTBpZlAzTXltNWxrV3lXQkJ5MnFPQlZNZ1NjSlV2cmFQRGYzQXdIMy1lMTdadGNCRVNxQ2FiS3RxRlpZdi1iNFZFSm5McGV2Z2swNnhDREZBbXEwRWhPM3VUTkxHSWx3SWFtbnRDZEtLVTcwZ0loV2tKMEFuV0hn0gHwAUFVX3lxTE1NRVBEVXpHNXhkdGhBZ3J3cTBzNzMtU21kUHl3bzRoclZQQVItMHdVSzlsRkJyMzk0bk5RQ242dTNrWWp6dVhFUkFpTTFMWjZ5Z05Qa3VjMHcxdEk0cl9MRDNqR1pyMHZJQnpEdTFVcnFuV01HRHFUN1RHaVdqbFdxbWd2VEFEaXFPM0Rnb1pPMWNBZTBFMEdqOUdvRzFER3lpanRoT1NyZDJCSXNYaGg1UXdNR0tkQkduekZVbG9SM3F5alJLUXBhanVtVjZWbG96U2hnN0ZDYlZYVTNyZ0VmekxRZ3dPSEpXaWsybVJGYg?oc=5,The Times of India,"Fri, 17 Mar 2023 07:00:00 GMT",2026-06-14T20:34:08.989985,investment_fraud,True,False,candidate,https://timesofindia.indiatimes.com/city/dehradun/uttarakhand-to-give-capital-subsidy-of-up-to-50-for-investment-in-tourism-sector/articleshow/98718370.cms
investment fraud Uttarakhand,Landslide hits Uttarakhand tunnel on Badrinath National Highway | Watch | India News - Hindustan Times,https://news.google.com/rss/articles/CBMizAFBVV95cUxNZURRdGpUelktczNMLXYwZ3ExSklZVGttamZUVk1yUWZtU2x5ZHVzeThUcUx6MEtoTy1hS3MxZVA0alA2YURYNGIxdzNSS01hWTlEV0hUbmNWRXZZVnZRbmc2VUVVU2dyUDVrY0NYN1VRLWNIc0FwbnVuVlpXS0lPWWNHR3BOODJfemRjSFBCQVdIY1FlODFFcmRKel9IMFZSVFk5ZmRFQVZMdlZqNGhWTlVBUFJTSl9yRDBXald5LVpjSVNmOE0xWFdZRm_SAdIBQVVfeXFMT2kxVWR3UUtoRjRuX0w4UWVOUnVqVHBGMmx3blpOY0F0N09OYnVkWUNQUC12Z25DUUdjZjZ1NG1nR0dXVmN0SzRjOWQzdFFBX3UtY256NlVITVBqazY3cUZveld6TW9sV1ZmQkJMb1lKRmFINWl0TjRDTTFwdmVtdEl4RHdVaWd5MGhzMWI3YlhrTU9DZjlNbmFWVHN6WmtfeGo4Zl9uSnZCa1VNVE1SdVUtcnBjd3QwN1lnRkRBVXM2UjAzd2VkZ1dEMVNUTUdNS2d3?oc=5,Hindustan Times,"Wed, 10 Jul 2024 07:00:00 GMT",2026-06-14T20:34:08.990050,investment_fraud,True,False,candidate,https://www.hindustantimes.com/india-news/landslide-hits-uttarakhand-tunnel-on-badrinath-national-highway-watch-101720614878119.html
investment fraud Uttarakhand,"Widespread rain likely over NE states, Uttarakhand, parts of UP for 5 days | India News - Hindustan Times",https://news.google.com/rss/articles/CBMi0AFBVV95cUxNV3pSVFJTclY1X2o5em5WVUloeEo5bFZYQ3hIeWx2emlLTVpialYyVG5TR3g3X2RHLUZiTEdDYzRvdHVwT2o1R3Q0dnFUbFpITFZEZmNIRTUxRUR1UW9icENoT21Sd3VnSXdOazBiVHhUazJEZDMyeHAyaE45elZLVzBkRFczcEFtaHV1bTFsT2t2czRhU3Z4cGFHOW1nMlptU3NxVUdGY2FoTGF5M3NjVlhwbVBLbExxMlRQQkFaNGs0TDdWSzhrclg1dW5sendQ0gHWAUFVX3lxTE9mMmwwS19RRS0wdEFEdXJ0RldlRGRwTENlLUtrd043Vm5hb05zZENsWnFvTmxJN1dYVzIxLVBpQ2hjTVV0Y1N2UGZtemJsNjJleUZ0Q2JodzFrX3JtMU1lSFJWUFBqSTlveTl0NUtqSnltLTNVQjVHTldibFBkQU1TSzhid04tR1pqaWlMSk95X2pWS1VtcG9HdnR6Y0lSUzR4OTBCajNjVmMtVXFKeUV0TzVRb2loN2FORFA0R2lNclR3RmtaOXNETm91YVFUbzc3b2lUN2c?oc=5,Hindustan Times,"Mon, 09 Aug 2021 07:00:00 GMT",2026-06-14T20:34:08.990095,investment_fraud,True,False,candidate,https://www.hindustantimes.com/india-news/widespread-rain-likely-over-ne-states-uttarakhand-parts-of-up-for-5-days-101628475613412.html
investment fraud Uttarakhand,Uttarakhand to open Char Dham yatra for locals from tomorrow | India News - Hindustan Times,https://news.google.com/rss/articles/CBMiwAFBVV95cUxQbjVYMGtPUm55VTF0Ym1Ec0hQZTBPYkxWNmNBaExHRnV3YUMyS3pOenAwR01PSzRuQ1dsZnNIVzFoQkpfZFVGenNFNHpKR2w5aVBrVFBHcG51YTlGcVhQNllPbnF4U0pyelp2dnRwNllWcy1jUFFUcEswOTV3RGp5NHNRUXdER1o4Snp5anlJX3lIVThKc2ExRE9KVnJtdXd3TzF5WjczV201UFVIOEhKd21Yc25zaUpYSTJqRjhYLS3SAcYBQVVfeXFMUHctR1Jjb3JvWG9NSk50YlFDeVlZZGdteldULUtiNUJ3X3ByX0tXR19FeXQwRWZ2V05LMV8tb2hybzg3SHN4ZjRfcVRIYldjd1lGX00yeEtTbDZiVmU3emRsQzJXTmdZSHFHSVFhd0FhY3Vac2JfTWJod0tFR2d4TkFyOW5GUXpMNzhUR1ZPQ2ZJYmRyRDM3NlQ5RkFaYXZxZzRnQ2RzeldlTi1WdWx5OTQteExKcGtrNWFVanRYckhoN2JhYWx3?oc=5,Hindustan Times,"Mon, 14 Jun 2021 07:00:00 GMT",2026-06-14T20:34:08.990109,investment_fraud,True,False,candidate,https://www.hindustantimes.com/india-news/uttarakhand-to-open-char-dham-yatra-for-locals-from-tomorrow-101623659984224.html
investment fraud Uttarakhand,Damaged British-era Durmi-Gauna lake in Uttarakhand to be revived after 5 decades | India News - Hindustan Times,https://news.google.com/rss/articles/CBMi7gFBVV95cUxNY0hXclVSZXVkaTI3aTlnTW5uVzVwMnhhd25EMGNNWEVVemE0VEpSRWw4M2tFY2d0QjBBeHJCUHBsWEM2Z2RXR2JVcm5PVmRNWVFpbWphVF9pMXpIRlhiMldQSkJhR3VFZEFJaFdhdU43akpRcnFnZ1VSdTFqcEtQakRMWEJjM0dlMUlsb2FINkc3cEdPZXBPT04wSlRnOW1PTjUzZUtzaXNTbE94YmdZNHV1X0s2MGkxSHlpN0VyZkt5VzB1VlU3VjFzaE5ISzF2Wm90UWtyWE8xQURLQ0F5UHd2Y0s4d2dTTHlGZ1F30gHzAUFVX3lxTE1pekItVVdaS3RndGNrdFdNbF9XdUtjMENKVDJjSEVGdUktaGc0cXlPWmNTY2IxT0dvTHdkWjB5bUxlQkRmOGIwRXFzcXdEc2ZLT1ZOSDgyQWVjc0pPZzFqSzVPTDR4OG5sYXU5aEFfR0JGNi13TGo1c19OS3lqcjR1ZmU4XzdObTR1ekQwenhjTXlWbEhEcFV0ZkdNb3gtM3F2bDNibThKV1FXaUMzVmswOXBnZVVGejVMaFBWWUJLYnVjSFRSck96Q3pqRm9zOTdoTlFVY0xnbTZDeVRMdmp2Sk5zSFFYdUl5ZFdQTjlfYnVwYw?oc=5,Hindustan Times,"Wed, 09 Sep 2020 07:00:00 GMT",2026-06-14T20:34:08.990122,investment_fraud,True,False,candidate,https://www.hindustantimes.com/india-news/damaged-british-era-durmi-gauna-lake-in-uttarakhand-to-be-revived-after-5-decades/story-MkOcIt5vfynozhe7VIGqRO.html
investment fraud Uttarakhand,"We are in fear, say Muslim traders in Uttarakhand’s Ghansali after mob violence | India News - Hindustan Times",https://news.google.com/rss/articles/CBMi6gFBVV95cUxOVkRYVmJ2SXBZN1ZuQ1ZYbG1IQmF5WWF6eTNqQTczOC13TFJEVlFfM1JJczNnaF9iSEN6eHJqYmpFbU9jWkJ3MXhYZTlOT0ZXV1VoUFdaWjF1RndlOGlJME1Qbm5od21ncU5sM1ltRzdVSlAzZW0xa2lXd2d3a3RzVTZ0SEFXN1pLRHJORDF1RmIyVzQtS2UwNTFRczQ5NGs1YUhKeldOUkpxWkVlMWlTNk9PVDczS2hwemRJX21rUzltZG9NX1NEdnFqUVFiUW0wenY2VmpsWjQ4WUpRRzFDZUNKbXQxZ0txVlHSAe8BQVVfeXFMUC16aUxwX2h2ZTQwWWlzTFF0R1I4eXdVdjBwOENIYnFiZ29USlN6c1hxRDlYVlFpQ2ZweUhJVGt2NGpMZm5fR0VnaVRsQ29faWZCQ01WOFFzYzdZWXJHWUd3cG11bzg1SkdyYllZeGw1QU8tbDhWNGdmbFp0VlVHbWRsM1pwZDUyelFCSDY0VDZJOFZaaFZCdkVzMnBMWmxxcXY3RTdJc1Rlb2xUM2dhdURqVzR1N3RUMmJiQlUzSVpVYVFNQkhlZGhiQkY3cEY4dzZpWlZpYkhpaENyX3U0N0J6R1IyQVdOX0xTWkp2WHc?oc=5,Hindustan Times,"Wed, 01 Aug 2018 07:00:00 GMT",2026-06-14T20:34:08.990134,investment_fraud,True,False,candidate,https://www.hindustantimes.com/india-news/we-are-in-fear-say-muslim-traders-in-uttarakhand-s-ghansali-after-mob-violence/story-8Sw4lNEx3RCM0Jzn5JalkK.html
investment fraud Uttarakhand,Uttarakhand opens arms to cinema; Mahesh Babu's Mahesh 25 to be shot in Dehradun - Mid-day,https://news.google.com/rss/articles/CBMi8wFBVV95cUxOa2NVWURySHgwelhRSVMyWGZKYVVEN0wyOFhHT0FzSjEwTm42RkdFWXd6ZGhhemFXcndLVzhkOVBPU0h0andXSmFQY3dCMHdkdjkxWFdhTTdhMkRDSl9EYzdRVkFUcDJDN2N5Wmw1QzJybUQwTVdFSnBpSm5kbXBsNlp6VEowdEdkVVJZcW9iRU0wWVQwVzNVZ09TYkcxekQxTFp4VV80TDNYQmZ5dnkxT0VEeUplaDJJMTBpSjhXZGFqTkd5YTdIMVFwZlFBdDNRNGc1dndtUmR2c2Y0UElVYTNUWmVvdFg1WEJHc1ByRlduREnSAfgBQVVfeXFMUGNIV2x4dFZDSTJjMEQtbGNVdzlqS3Y2Nk5nQjY3Z21hZmd1WHFWZkVOU1N0Tk5lUHpMUHBrbC1oZnFXRHZkZDlLdmcwMk5aaFJrLXA4cjJCYUZSRDNZS1hnVmNUdERyb0ZjaGJHVDVGNDFhYUU5U2VCM1JSbmM5U3o3Rm5EUWNTVDFheDNJWTJpOEdQMGVoalZYSi02T0FPRVBRR3B3dy1VYW5aVGdxSndyd0tCRmhlT1RIWU9vMmlHOG1hVWI4MlRSSS1jcTl1R3dnRWMxNDhiNUpOQ25PSUFjWEJwYl9KRFktR2YyVno1aC10cmVzZ2Q?oc=5,Mid-day,"Wed, 20 Jun 2018 07:00:00 GMT",2026-06-14T20:34:08.990146,investment_fraud,True,False,candidate,https://www.mid-day.com/entertainment/regional-indian-cinema-news/article/uttarakhand-opens-arms-to-cinema-mahesh-babus-mahesh-25-to-be-shot-in-dehradun-19537150
investment fraud Uttarakhand,"Tiger spotted above 12,000 ft in Uttarakhand, experts say ‘ominous’ | India News - Hindustan Times",https://news.google.com/rss/articles/CBMi1wFBVV95cUxOOWdXRnFTc2Z1NE9Id19nN3JKX1JLU29MNElHc0JndG0taXlqS2ZJY2JRc2NQSUFDRUJRLUVkeS1ZclFGMjVucEdFSTBxU1dZbFl6dzdfdi1McDdLNW1TMkJaN3lDZG5MMHlRNFRoOHJBV2hPRFp6aVNTLUZ5OUR6X1AwTTRUWU1oUDBUbUQ1RkMxRVpvaDhJVjRVbkd2dDVjQlhWeHBnTEFHMERCQVpnVzhJYUtKMWVob1RqSmxNczFFX09FWTJWZnYzay1OS0J4a296T3ZYRdIB3AFBVV95cUxNWmY1MDFHYlc4c2kzU3MyY3dmbmRhM1hIOXp1UUVRSFo5Yi1XakNqbU8ybzlqcEdYNEhDUlFWaGJpYmoxSm9qeVA0SjZycnhuZm1JMHl1ZjNxMmxlVlZHc0RnV0k2Nl9TcTcyd3NyWmVMTmVlRnFOaHJkRkZlTzYxWXgtS1hleDFBM0sxRVp4UGkxdHZHaWdGSENCd0pPS3lnMWhwTEpYOW5JQUJsOXd0V010cW4xODVIQzAzUy1aUlIyMGUtZWFYX1JVQmpON0g3UGZSWFQ5Q2xJR1Fv?oc=5,Hindustan Times,"Sat, 30 Jul 2016 07:00:00 GMT",2026-06-14T20:34:08.990159,investment_fraud,True,False,candidate,https://www.hindustantimes.com/india-news/tiger-spotted-above-12-000-ft-in-uttarakhand-experts-say-ominous/story-C3opdIQuYIxxs60KFyxlPI.html
investment fraud Uttarakhand,CBI arrests two key accused from Mumbai in Rs 800 crore Uttarakhand chit fund scam - The Hans India,https://news.google.com/rss/articles/CBMizgFBVV95cUxQVXJYZGdqTk1mNnBPRW4xVG9MbGk2RWI5cHhGdS0wbEpSRkk0SUxJaXAxTnNiOVBkTmZmbmxldjlzN0p6RV9CQ3drZXZJS05lWDVoWEloMzRMSFZWZWdLUDJYQzhFeTVVRkV4TnU4cHJvWVk3ZGRSV2lXMUttbkhyOXFMX3BGbGJJOGMxT0RuMTdsY1hFYThvNkYxNkxQWDNQMi1iSFdsTEtLX1oyRnFLVFotX1FVVnhHWHktblk4UWhCWlRHUDJDT3VJV2hBUdIB0wFBVV95cUxQTjVlX25NTGtxa3A3aTF4SnJHZ0RGcmVGbnU1SVZiaGlBc2JNeWRpbWRBTlRoLUtQQldEd2g5b19adkFFMDBtcG5OTlVhZ1J5WEd3RTRGQ3pyRVdISkVKTGhoVnd1NzhWVDNOalR6ekE2OXNSemUzR0lPWjVJVVNNd2ZjcDZvN0NsWFUzQ2dXcmtqZnVhcDNRbkd0VjM5S0JLbm51YUR4NU15ZjRocTRaaGN1RnVWQjVCcHpnZmdLak42QzM1MC0yME9lYVIyaDZsb21B?oc=5,The Hans India,"Tue, 02 Jun 2026 08:43:10 GMT",2026-06-14T20:34:08.990183,investment_fraud,True,False,candidate,https://www.thehansindia.com/news/national/cbi-arrests-two-key-accused-from-mumbai-in-rs-800-crore-uttarakhand-chit-fund-scam-1082128
investment fraud Uttarakhand,CBI arrests 5 in Uttarakhand’s LUCC Rs 400 crore chit fund scam - thehawk.in,https://news.google.com/rss/articles/CBMilwFBVV95cUxQSWQ0d0RCenctV3NBUnFUajdRSE4zbmlVRnhLX2s3Q0NpQzEwSzVaY2h5TlE3M3hITjJiWXk4LXJ1d1l3UThHVGI5aHBVZXE2UHdrb0hlaHllb3pBMzA5cXBoMWdKaUlvY3ZIdzhfSWYzQVlqTTV2OTZHS3BhWHZZQ0dMRnRxTDlYQVBRZ3JlNXIxa3ptSWFF?oc=5,thehawk.in,"Wed, 13 May 2026 07:00:00 GMT",2026-06-14T20:34:08.990255,investment_fraud,True,False,candidate,https://thehawk.in/news/india/cbi-arrests-5-in-uttarakhands-lucc-rs-400-crore-chit-fund-scam
investment scam Uttarakhand,CBI nabs two key accused in Uttarakhand's Rs 800-crore LUCC chit fund scam - The New Indian Express,https://news.google.com/rss/articles/CBMiwgFBVV95cUxOSHN5c1NGd19BVkY2NmdrRWxaWTZyeGlRWEQ4THlPeGJLNW93MWh1WGNzaU1rOUluR1dOZGl1ZnNyeFJXTzVaVDlKUWdybjZsWHV2Y3B6WUFIWE9VeTdqenZkWnRzQUdSeFJ5X0w3RnRHY0EzUG0wbG0yZEp2S0xzdEMwbEtXU2hEQzh4UUloWWFiRmNNcTVNT215YWRqbEM0NUVOLWxBNmpNWUEzQU5jSmFGOW45VmU5LUFlV3hKR1dhZ9IBzwFBVV95cUxOVVpLVGpnZTFfV0FpUDFGVloySG9GR3RZSlA1TG1YUmpPMFhGUG1wcUg4WlZiUFlCekpNOTJxSXgzRHZGbXlqaEJmNkU2SFFMSWxYdnJ6d0kxTDYzOU1yZXEyRVhlUTZvbFNudHFHTnA3WlZDYXhYZFBsSVFESF9VQ1p5eVlWcUZGcWNKd096aDdYbmJ5d3lDRnBmMkxkWlVCdXBscU42SkR3Tmcxdjd6V0Z1M1p2NG9lWFdnbTdaTzhCRGtBUnk4Yk5pOEY0eWc?oc=5,The New Indian Express,"Tue, 02 Jun 2026 07:00:00 GMT",2026-06-14T20:34:11.017536,investment_fraud,True,False,candidate,https://www.newindianexpress.com/india/2026/Jun/02/cbi-nabs-two-key-accused-in-uttarakhands-rs-800-crore-lucc-chit-fund-scam
investment scam Uttarakhand,Mastermind Of Rs 7 Crore Thane Forex Scam Arrested After 3 Years In Dehradun - NDTV,https://news.google.com/rss/articles/CBMitwFBVV95cUxOc0Q4T1N1Ykl3SUpUZTBrTTFiZVhFMWtOOFhROXdDZUVXdktVa0tyM0Y5QWd5S21XY193LUdsZ2djM0Y0NEUzbzljck5XaTF6Y0toUWlzeFpBX3ByeUg4YlJKWU5UWC1Ed1QwSEJ2SUlMVWs2MkdDcmExTjVITlZNLWUtQXFxWVpzeE1yS3FGY0JjZEc2X3lQdk1EQXgtS21zTmw2NGlyMGdnTndicEkwQU95ZUc0R1XSAb8BQVVfeXFMT1Y5cHpKeGV1bXBDOTVmNzhTbWNOcHZBcUVxRnpJMWxvbzNzNXpaMnVTTS1TdHRYMTU1ajZ5Mmc4S3ZCQXBUZWF3dUNQSmdIYzNuVGdwc2NSbHptZmxBeEQzYmNxNUd5X0VOUzVMXzBBRE9fNE5vRHdhR3pISE1jaThMQlNZWjFneFJ1NC1kYzhNMWk2ZlJ1dEFNMU5QdUxROThpV3dCUXdKSVZHMlFuQk5rMHVPUTF4Sy14TzdxNEk?oc=5,NDTV,"Wed, 25 Jun 2025 07:00:00 GMT",2026-06-14T20:34:11.018096,investment_fraud,True,False,candidate,https://www.ndtv.com/india-news/mastermind-of-rs-7-crore-thane-forex-scam-arrested-after-3-years-in-dehradun-8757020
investment scam Uttarakhand,Primary accused in Thane multi-crore forex trading scam arrested from Dehradun: Ran fraudulent scheme pro - The Times of India,https://news.google.com/rss/articles/CBMi6AFBVV95cUxQYVlibkxNN1JpMVdWaGFaZWxiZ29UcjBOZEZEaHZRcXRVRS15THpPNl9lVTBLVHhvSVhLcGJGUVpjOGxCWDRuNk85VUctRm9HQnhYRDEwckJnMUFQeHJqdlNMYkNZWmJMNTJKblZRcDl5VEZWQnhFVWV5WkJkWEJNUWliTkVaakVmYTBCdXk3ZnR6MUViWGtGM1lDdzA4M2tfV3ptQ1k2d3V4NThHYWd2OTVNdnhWMThRTUF2dDl0SWpGbFZoQk13dEtiOHF5Q3JwOEVsLVd3ZjY5ZU5xdU9FVFRIbXQ4bXEx0gHuAUFVX3lxTE1RUEh1NTVZLXpTcWZQZUozckNTYkxlZzdWWmE2X2pfSFlYcmZGRTZpMDdQZ0hoOHd2ZUI3cnZ4Wkh4cEduZGtyTFlNTUdEN2xQUzlDQmx1U1Awb3Z6TTVDcWxOVUpUY2xJY3h0UWpyaHlPeEh4LTZJVFVic0hDSjB0NlBFZmZuUk1FSEU4UE0xMzFQbWV2T2lfcTlMNFJ0UXJyNU91OVY0MkFoeHUwVXdnZ3FpLVlWcl9mM1JPXzByMHNKTlAtNHBIWFN0bFd2OTBWRDlhS21hTmgybGIxUkN2OFJQcFZyVFhMUDk2WkE?oc=5,The Times of India,"Sat, 28 Jun 2025 07:00:00 GMT",2026-06-14T20:34:11.018122,investment_fraud,True,False,candidate,https://timesofindia.indiatimes.com/city/mumbai/primary-accused-in-thane-multi-crore-forex-trading-fraud-arrested-from-dehradun/articleshow/122118797.cms
investment scam Uttarakhand,CBI arrests 2 masterminds in Uttarakhand LUCC Chit Fund scam - Dailyhunt,https://news.google.com/rss/articles/CBMi3wFBVV95cUxPRlR5Y3JMRjg2ZEREbU13QjBLaHotZlZYd1lhY3REM3pBc0xhc19LUVdrQTd3bG03YWh3b0NpYlViTm82aFllMXNmMVR3cF9ua05qQVM3akZsZlVfM29obzlIeDhSQlAxRm1pOVFsZ2ZLdmxGSWRZYlFtTjJ4V19RMmlZbTdIVGhaMjN5cGlXMWxVblMwOGVZUVZqdEZZVThXYzZySGx5U2dpNDR1MHJrYTVpaHgwN3JodnVpWTVJSnRSUTI4R21id05MZjdTZWYtdEtRbWthMlN2UFd2bUtB?oc=5,Dailyhunt,"Tue, 02 Jun 2026 07:00:00 GMT",2026-06-14T20:34:11.018309,investment_fraud,True,False,candidate,https://m.dailyhunt.in/news/india/english/ani+english-epaper-anieng/cbi+arrests+2+masterminds+in+uttarakhand+lucc+chit+fund+scam-newsid-n714553202
investment scam Uttarakhand,Uttarakhand Honoured As Best State For Promotion Of Aviation Ecosystem At Wings India 2026 - Free Press Journal,https://news.google.com/rss/articles/CBMixwFBVV95cUxNYmJKT1ZadGEweWt1eTZvOWNlNWxGSExrRjVqNmZxM0hCUjRsUUc4ZkJHdE9lMEo5aDVrcjBKd2tFWWxQNVg3S0N1ZTRWNnZsZEMtMDFsdWxWN0owXzUwWkQtdVRUd0ZQNVUtY0pyM2VsTzRjOVNsZ2tjRFo3S0pKX0dqMDF2QWRTY2ZwSTM0U2F2UURrYVBkbFRsVWFXNGlnaFhERnBnQ2l6MEQteHNwSEtyMnpsMzVRODluMFZ0QVY4dWNMSnFz0gHMAUFVX3lxTE15NWk4bU5qZGZwWVl5U3IzRlBXNmRnMWszd3piTDVrNVctaW1najF0d2tCVlVZWm94ZHJkMzJUdzNDa2x2N0x3Y1FWZlRTcEpIX3pmbGUyZkZHNUNmZmJNdUV5Q2FCdnhsZTY2R2YtSUNDdXV0aHAwUUF1RTh1YmJhaWwzWkJuRGZIZHB1V2MxeVJzNzZWQk50ajA2aEVvRmxVZERuYWhsVFZrTXRMQVZLMDh0TEpUTDUxcUlDMUYzQzJQb0hfWlh6SVRlWQ?oc=5,Free Press Journal,"Thu, 29 Jan 2026 08:00:00 GMT",2026-06-14T20:34:11.018346,investment_fraud,True,False,candidate,https://www.freepressjournal.in/india/uttarakhand-honoured-as-best-state-for-promotion-of-aviation-ecosystem-at-wings-india-2026
investment scam Uttarakhand,CBI arrests 2 masterminds in Uttarakhand LUCC Chit Fund scam - Big News Network.com,https://news.google.com/rss/articles/CBMiqgFBVV95cUxPQXpQZi16Qm1FVUV2d1NJaVF0OHlBLXpOUlJuV0pkTzYyY2lRVVV4QUlCRVI0NEF4N0FyQ2d5X0hrSUpub2Q4RnNnOVNLbzNFdUhDQTFnMG5yU1Y2eGFCal9tR0JNLUYtZGJNUzJhMzllVnZXVTVOUUU1RzdEXzgyVERSeFozS1FiZi12d3lYYUtBLUZXVUxHMTVGbXFIbGoxWktMX1Z5QmJ4QQ?oc=5,Big News Network.com,"Tue, 02 Jun 2026 10:59:00 GMT",2026-06-14T20:34:11.018359,investment_fraud,True,False,candidate,https://www.bignewsnetwork.com/news/279097343/cbi-arrests-2-masterminds-in-uttarakhand-lucc-chit-fund-scam
share market scam Uttarakhand,Haridwar Pharma Employee Loses ₹1.45 Crore In Online Investment Fraud - The420.in,https://news.google.com/rss/articles/CBMiigFBVV95cUxNeklhUkVXRjNpbnE2RGY1bE1DUjhNeFZnXzZXSW43NmNxWXZXZUJnNmN1TG5CaVFsaGFXanYtRy0xSFhfM1ZlV09wLUJadW1IRmlLREFGd3d6SFphblpZRjF3LW8wT0xZQktWbFZmelVZQ2xmakczSHVjd2NOa3YtVlY5UExaMHh4R2c?oc=5,The420.in,"Wed, 29 Apr 2026 07:00:00 GMT",2026-06-14T20:34:13.004115,investment_fraud,True,False,candidate,https://the420.in/haridwar-online-investment-fraud-facebook-ad-fake-app-145-crore/
share market scam Uttarakhand,Uttarakhand HC halts work on Rs 22cr parking lot on riverside over green concerns - The Times of India,https://news.google.com/rss/articles/CBMi7gFBVV95cUxQbmVDQ2E1Z1dxZ0llX2xYRFUzdTkyMWw4bktFR0dSSjBsdkJtdXF4UXR2OFFGT2RuUGR1TkhuR005NnoyU1RvQ212djJMTnVEVVpPbWpzNzU0dEh2RjFLR2FwV19tQzdfSHlNS2JYWWdsZHRWYzJqZVN3NktIZWsxdDlSUzNYbjFRRnROS21vVXNuWWU5cEdaV2NwRXA1OUY4eTZZRk4yajNUb1RSTGM2Z2pIallrU2NOeUc4Sko4N2FvcVNwX0dNMU90TXczNXBHaHFCQ1JPemZnSnFlMnBwMTJwRDNhNmNod09zUFh30gHzAUFVX3lxTE9kNE9pRVNCRGZoQWx5ZmYzTEQ4b01vaXFlcUxnN2NiRkx4Zm1TMnc4UURVN2JabFpOcUNIcnEwRXY3UllfODBlQ2dDeTlsM3UwTXNiNXl2clRTTFhaUDJ6LWtoSnRDcFlDcnladXo5dGVtSlpQRVdTS1B5Q2U1UnFsTGF1ZFNleW1vRFN4SWVsMFNrOGZudEtXNk5CUi00U3hCMEt5M1hLUlJ1WVhQRUhzeVFQZ1VCaEZ4Q2w0VnppaEhfRXYtTmRabHN1SFpOTXlMX2w4cWphQ1RNbkZkSk1JZks2UDQzLXJ2SlZoWmhXMjRGSQ?oc=5,The Times of India,"Mon, 30 Jun 2025 07:00:00 GMT",2026-06-14T20:34:13.004257,investment_fraud,True,False,candidate,https://timesofindia.indiatimes.com/city/dehradun/uttarakhand-hc-halts-work-on-rs-22cr-parking-lot-on-riverside-over-green-concerns/articleshow/122165458.cms
share market scam Uttarakhand,Retd. Indian Forest Service officer arrested in Uttarakhand State Service board recruitment scam - The Hindu,https://news.google.com/rss/articles/CBMi-wFBVV95cUxNb1VrUDNlNEFpdHJNQk9PTnRJUklTTW9MMXY5a244MGY3YUtiS09OaHRZZ0Q3cGhRU21RVVBaclZYQkhFM05SQlNuOHNZeXQ4WjExaVFSOWlhYzJHOVdzNTNBRkFmbnlUODEzcUdMenNfcFFVSVdTTHBWbEdpVkhzMy1KUmpyTkRDeVBDR29Zb0xKZHBnYklvMVNtZWZ6MzR0VUhnMkJQRlR4Zm9PVXd4REVOLVBXTWdUc1NieEpwZVZIU1RaMGdILWFGT24zSlFXQWRrdGZMYldlaTV2M3VRQ3VJLTRCbzJJZ0ZZRFg4cXN1cEYyZHV4SGI4a9IBggJBVV95cUxQLWtPSm00STd4YlRadFl5LUlHaXRXMjZjanVFbUY5aHZodWNyLW8zYWVOd3RrR2tlU2EwUVNUVmJ3OEpfelgzZVRxY3M3aVhHcmY1ajJudW82OHhvQVZZR20tYlpkaWZSQjJTUU81dFJocEwzSUxyakZJS01IMUQ2MHpuY0NzNGIzUjFHUDVzb0lUMS1ZT25KOThZSmp5MjVHU0l2N2JpMDNaRVpSUWJNNmVKaG9oSDJoRjdMYzFVRS0xWXlQNFZ6ek1GZndJc2VveVc1N2dydGgtYUc2MU1HOFhRX0Y2SVNrdWVvdXRKUTZ6ckNhMzRMRmVkcmhIWU5KQmc?oc=5,The Hindu,"Sat, 08 Oct 2022 07:00:00 GMT",2026-06-14T20:34:13.004284,investment_fraud,True,False,candidate,https://www.thehindu.com/news/national/other-states/retd-indian-forest-service-officer-arrested-in-uttarakhand-state-service-board-recruitment-scam/article65985763.ece
share market scam Uttarakhand,Super specialists missing in Uttarakhand's govt hospitals - The Times of India,https://news.google.com/rss/articles/CBMiywFBVV95cUxObGdjXzVZbU5EMllPN2R4a2Ztc2NkeWJqQ2NudjNtNXlDTEo2V3FOYU9wcGlNQy1xcUJiNmFaUG1KMC1GZkxkV2xhaGFTMEZDc08zLW9yTkFHS1h6WmpxNHFuWnZBZHhfdUppRVRzX2g4MTdzODlfQ2JtRWdpVHNEZlVYdS1qRkl1QmRUcmF5VUtYdXlOVDJxTkt3cklMQ1N5Smx4NDR2MlhmUDNDcFpQdnNEY2o5d3c2RkNMZnNNajFuSVJiM0xKVmIwVdIB0AFBVV95cUxObE00NXBmTEhSQll0Z092UFlaS3V0SzFzNm5nNW4tc195RzBoSDNaMDZCY2FZVUlzdmV5WTRMemtWd1pHT1UtaXRPWUdvQ0Z4Z3R6bGxFMnhUNHJjLThCVWlIYkRSUXlpWXVDSHFrNk8zQ3NzZE81cUlBRWUtVW5VMkdBeS1neEN3bmlCNHRhV3RFbWVKalJQS1hQRlRWUDhhMTB4SjFBZWhEcW1KREhXeTJwVEx6aUJoZlNRZW1NR21RQVNTejMwSkVKWXRfZ3c0?oc=5,The Times of India,"Sun, 09 Oct 2022 07:00:00 GMT",2026-06-14T20:34:13.004309,investment_fraud,True,False,candidate,https://news.google.com/rss/articles/CBMiywFBVV95cUxObGdjXzVZbU5EMllPN2R4a2Ztc2NkeWJqQ2NudjNtNXlDTEo2V3FOYU9wcGlNQy1xcUJiNmFaUG1KMC1GZkxkV2xhaGFTMEZDc08zLW9yTkFHS1h6WmpxNHFuWnZBZHhfdUppRVRzX2g4MTdzODlfQ2JtRWdpVHNEZlVYdS1qRkl1QmRUcmF5VUtYdXlOVDJxTkt3cklMQ1N5Smx4NDR2MlhmUDNDcFpQdnNEY2o5d3c2RkNMZnNNajFuSVJiM0xKVmIwVdIB0AFBVV95cUxObE00NXBmTEhSQll0Z092UFlaS3V0SzFzNm5nNW4tc195RzBoSDNaMDZCY2FZVUlzdmV5WTRMemtWd1pHT1UtaXRPWUdvQ0Z4Z3R6bGxFMnhUNHJjLThCVWlIYkRSUXlpWXVDSHFrNk8zQ3NzZE81cUlBRWUtVW5VMkdBeS1neEN3bmlCNHRhV3RFbWVKalJQS1hQRlRWUDhhMTB4SjFBZWhEcW1KREhXeTJwVEx6aUJoZlNRZW1NR21RQVNTejMwSkVKWXRfZ3c0?oc=5&hl=en-IN&gl=IN&ceid=IN:en
stock market scam Uttarakhand,Uttarakhand GST Scam: Tax Evasion Uncovered - Rediff MoneyWiz,https://news.google.com/rss/articles/CBMimgFBVV95cUxQQWl0SDdiQUdnRTNGT19Fai1zZ3BtUWdTU2ZKVDQ1cndqUTlzUkNKYkU5UjMzSlRKVVRTZXh1ODVCSXRvSVNPY04zNWtDOUdpemZKOG9VRjNJdFhjblFkU2JDZUEzZUNwUy1WbHg4RGVTd2t4eV9mN1c2RkhWUnE3S2lsa1BJNHptbUlKd2dfSU9JWS1uMjNCTEFn0gGfAUFVX3lxTE9kaHdCc3NKR25mTjBBN1ROeEg3ZWd2dTJSbDhrU2RWU2F6QXNmWmhHakUwMTFYMVBnazQ4dl9UVEhkblhDbFZOV05vQ1p1Slh2bS1uVzhaWkhEN2JLRlVPekFTbVJpdjE4N0N4enI0TnRYWlFMVHRsNWptdzNKU0lSdjAyc2FXNnZwZHh1SFhJSGJUbnpMVk9JWXJpV3RTWQ?oc=5,Rediff MoneyWiz,"Thu, 19 Mar 2026 07:00:00 GMT",2026-06-14T20:34:15.231531,investment_fraud,True,False,candidate,https://money.rediff.com/news/market/uttarakhand-gst-scam-tax-evasion-uncovered/43881420260319
stock market scam Uttarakhand,"CBI, Uttarakhand Police Bring Back Fugitive Wanted In Rs 15-Crore Cheating Case From UAE - ETV Bharat",https://news.google.com/rss/articles/CBMiwwFBVV95cUxPNkdhZGZwclBzdlZoeldpRUY4R0Y4TzVvY01mbWRzWTVNRXU0YUpZbC10UlNVMnNmUFIzemlXdF9pSkJQM1J2TVZ3VmVaSWJkOWo3ZUtkVE9LTjB6SFdzNlVsTDFVTlpUUzg0SmpiYjNCMFRUZngtODNUVjdfYzdCTThHcl9aVEtOVm5KS0FFZ2RPNjJwaWZ5cjBWSWtXX2tDODV2dllhNzFDV21xRXVpYlkyWHFCUUlZRjlvQTZxRU1GWFnSAcgBQVVfeXFMTnF5ZkJyVEJvRGZJQm1tOTNTSkhJSnZGWFJ6MEtTeXlCSjFKNEhKWHFJN21lNTQ3WC1YX0VNNzZaR25RcVZ2Qk9oZXdQU0tDaHBreDd1V2w1VnpVTjVyclVoNHhKSFNTc1NvNGo3N0pzaGpkSFlVbUlhekJ2dXdpektYcUlSNVlNeG1WdU1VV1BwUjI3ekRUc0JiaEtGanhfbndjSDhOTkxJZ2F1T0xrSHpZaVZKQnB0WVRVNkhYc1V4NFFNVjljWGw?oc=5,ETV Bharat,"Fri, 14 Nov 2025 08:00:00 GMT",2026-06-14T20:34:15.231703,investment_fraud,True,False,candidate,https://www.etvbharat.com/en/state/cbi-uttarakhand-police-bring-back-fugitive-wanted-in-cheating-case-from-uae-enn25111404659
stock market scam Uttarakhand,Iran war hits Uttarakhand industries as costs rise: Industry group chief - Business Standard,https://news.google.com/rss/articles/CBMi1gFBVV95cUxQakQ3Sm92YVpSbEVuNXBpRUx1SENVNFcxNDlVc1RkLVduQ3ZOeERwS00tTmpNZTAxYXVzTUNBRktkX3Rnb0lRbTFvcHM0alN4SDdsa2tXY042aHZWc2pCYnhIYkQxNE5ZNUhMT1d6emVpQUc2SGQ4NzVDN0tRZDV4bUNUa3dBV1RXUzhqcmFIRE05MWVSc1hhSDBtaHJFdURITFpPSHo3LTFKR2Z1ZDRQXzhkT2lkcVRHWEY2TU96LTcxU0FHTUk2R29qWnpDQXpFb1ZpWG930gHbAUFVX3lxTE9iY0s0VW5EbDM0VTdjT0ZGR0tCTENHNUVHQ09RTEl0TlVFR3FZbW1nN0YxOU40WkZXRE1Ob3BsT0NZcERaRDRYRW1ZaXI4WmdZS2FSV3RSbF9Bd2RBN1lSUHNURDBVTnE3ZlVST1NuUzNORmMwUlpIOXhGWXhjOGxwbC1GQk9wdGJnRGhadWdaWUwxRllIakFmVEdib2FzaFFRTkVVR0hkWEhGUWxsY2NaNEp5TE85ZE9qTlVFN1B5RUlTdUFfeEdUWmFTblFZMnFrVUFuTlpfbmRJMA?oc=5,Business Standard,"Tue, 07 Apr 2026 07:00:00 GMT",2026-06-14T20:34:15.232006,investment_fraud,True,False,candidate,https://www.business-standard.com/industry/news/iran-war-hits-uttarakhand-industries-as-costs-rise-industry-group-chief-126040700109_1.html
stock market scam Uttarakhand,Operation Kalanemi: 23 fake babas arrested in Uttarakhand | India News - Hindustan Times,https://news.google.com/rss/articles/CBMiuwFBVV95cUxQNTNITTIzc3Z4dkQ2eWFhYlNiZmQ1UGlhelo5dWtwMjg4RERqbHdRRHVDVExSdVFvd2ljdUU0UWt3VldORmh6bTZkU3VPNEZpR2Q2ajdCRkdMV1c4T20xSjVYS0V2cy1LZk8yZWNDSHFXc1pYQ1c4RWJrTHpycEJMWTRzMmViREJCSUxtbE1pT0VsN09HcUZMVnNNd05MWjZ0ZlBMSUcyaGh5aTF6Ymp4UVZISWRBZVJOOW9F0gHAAUFVX3lxTFB4WmlyWXNUc05EbUJkc1p2Y3huQVJQM1BueVNhVTE1N092bWtSNjdMZEg2YnFYNGRRU3JlMDRHdm85QWpjcjN3cGpBVnk0bktjMXhwTVJqRHF4bU50V0ZkdEdyVTlPOEgzeHgtbGFoektCcWxwU3hQY0N0dkNCOUZDTW9VS2ExSEliTHJMQWxmZW1JN2xtcUxGMjJBUVpmM3E5MFZzQVp4THE3ZkJod2J4aFJ4cFFZR3lDcHlBWkpHcQ?oc=5,Hindustan Times,"Sat, 12 Jul 2025 07:00:00 GMT",2026-06-14T20:34:15.232085,investment_fraud,True,False,candidate,https://www.hindustantimes.com/india-news/operation-kalanemi-23-fake-babas-arrested-in-uttarakhand-101752328366971.html
stock market scam Uttarakhand,Uttarakhand: HC notice to govt on PIL seeking action against assembly recruitment scam accused - The Times of India,https://news.google.com/rss/articles/CBMi_AFBVV95cUxQUnpETlVMTXUwOHhEV2xvUnBwRWhNbDZDelJnUTJ4VWFkZm5RTDVpODBsWVN5VTlSaE5lTFhJQ2pRaGZENkxvQ1k2TlUzZVl2RUdKZkhLRno2d1diQnpQNzRCcmw0dkxFUWJweUpkRWNUTG14TUpZUHhURXNvRWQtN2hwTEdqTlBObTl3RUkwbTgtU3lnS3J3LWQtYW5OR09QdGI0SmxQdW85OFotcDV6NVlhbC1OWEFDUXpnbk9VcUU2TXFfMnVxY1pMQTUwWHB0NHBFRFRja2tiRlViLU9JY2V4RmU1WEsxU1lBTzNtd09qdDZQNWhYa3JDSTDSAYICQVVfeXFMT2xwckhWUkxZTnJCSjJObm1jMUlkS0VBMlcxQ1RXems1eUNqdFBaMnR5ZmFCNUJONVhVZWIxZ1MzeERWMWI5NEVOM0ZqN2N5eGtNVFc4dE16S2I3QURkaGR1b3owTDdTZENvY2FBaEZQMmZkOHBFOW4ybFNham4xUWRmUjYtbnZDWm9oTHgxRVRpblNyVWZaSGZ1elVpb3V3aEZtbzJ4b1RqTG1wbE95WlRLU3pfMnh4ZUVCeV9CakZSay1iTzRnOGJ5VmU2ejZlODhNRE5zcEY0blF5VUxOUWstRDh6OFdJN21WMnhZQXZBX1k4ZGRyTEhGdlp5bjAwOFVR?oc=5,The Times of India,"Wed, 30 Nov 2022 08:00:00 GMT",2026-06-14T20:34:15.232144,investment_fraud,True,False,candidate,https://timesofindia.indiatimes.com/city/dehradun/uttarakhand-hc-notice-to-govt-on-pil-seeking-action-against-assembly-recruitment-scam-accused/articleshow/95894032.cms
stock market scam Uttarakhand,"CAG: Rs 13.9 crore meant for Uttarakhand forests diverted to buy iPhones, fridges - The Times of India",https://news.google.com/rss/articles/CBMi4AFBVV95cUxOSHpsYVFHU3NLa2FwRFE3MFJmNDFvdHVuZ0Q1amNPdWNLenRwY2xsYUFjNFRxSzFnbFI2VVhuQ291ZGN4RjgydVhGLUFaeEZoS2czZjBmTWxoYWtiV3hSYmNIaDZuZWMwVnoyRnpqbXN2SHNnSHdOd1ZoUV9YU1ZCaXBUT0JEMkpHcWZOV3lFSUNjMmoyVDRDQW03QzlYMGdRbDAtNFBIMVBzcDAxNG5BRG5obFhSZHBJZ09YTlAtcDBqNnQxQ1RPMHVUXzkzeUp6bVJHSGNmQWptaWpMaGZVZ9IB5gFBVV95cUxNaWpJZ1RjeGlLYkV1dTQ1TGYtX3hxLVVObW5aSmlOUnltTDZQSUZMOXU1cFRndUhJNUdZaDF5SmdQSkN1RUhSalhnZUprSVYzZG50bGExUGJ0QXNEM3JUY2lMaEdXTWRlQkRvcldwOXlrdjJ4a0lnQ0ZOeVBZQno3d0xVOGNzNDM4TG1aSDVUTDA5WEhFSGcxNEJmZmtlRWZHb1lMbFJXQ1J6elVXMEpMRlJuRUtackU2RDI2X2hMZ2dmSThOOHJSTWNRaGtQTU1qMHNwWnNKeDV1Z0wxbE11YnpxM0Q4UQ?oc=5,The Times of India,"Sat, 22 Feb 2025 08:00:00 GMT",2026-06-14T20:34:15.232196,investment_fraud,True,False,candidate,https://timesofindia.indiatimes.com/city/dehradun/cag-rs-13-9-cr-meant-for-ukhand-forests-diverted-to-buy-iphones-fridges/articleshow/118459459.cms
stock market scam Uttarakhand,Uttarakhand finance minister resigns in tears amid public outrage - Business Standard,https://news.google.com/rss/articles/CBMivwFBVV95cUxNTmVMY3U2MEZVX0pwMGhUQ0YzMmpWR1ZzekZCT2VQY1lQclk4eERDVkhRT1IwZk5Qb3UtdnE0VjZodGx2NkIxOTFGNmtYTVhJS19jMmE0NTFMcHktenJ4b3R3TW1IMmJXR1ozR3kzbElzNlBEcHJqeFRnbE9acUVBdGZscWJXajdpWTh2N0lSUy1QQkYtMy0zMEtIU3hLR3VaVTRCR0VFck85T29JbmMxVm1EYXN6YW1SV0pLZko1c9IBxAFBVV95cUxOWnk3WUdvTjNLZEhZcGVTRjVQVjhPUmRlMmdZdUxKc1BkbmhPa2R1dnJDSklFTlViOFRPaV9FdEtJcDU5TVI1YWE1YXktLXQ2U1Nfdldia2llUHBpeFh5SUsyV3NDQl9CcVhfXzh2MVJ0OWxlTGpQUW5OOEM2TndzQmZFa2ZPbTB0S3BNWnhqVm1lMmVLWXJVbjZObzN1REZCQTFFa3IwaUVqa01ValJrOTJiMFRqZElsbTl0ZjVIZ0FsQWJt?oc=5,Business Standard,"Mon, 17 Mar 2025 07:00:00 GMT",2026-06-14T20:34:15.232326,investment_fraud,True,False,candidate,https://www.business-standard.com/india-news/uttarakhand-minister-premchand-aggarwal-resigns-mussoorie-125031700523_1.html
stock market scam Uttarakhand,Five more arrested in multi-crore scholarship scam in Roorkee - The Times of India,https://news.google.com/rss/articles/CBMi0gFBVV95cUxOT0xEZ2VZN1lZUFJWWnowU2s4TXNxV1JORWtkdFE0QXhFNmdyNlpzcmYtSkNhMUllb2hWeXJxdmdmUFo0cWN0YjFLUmVaWHZUaVlrM0xiTmpIaTRyZFNMOV9CNnpXMHo1bXB6MnFBU3NEU2x4eDE3aXhVa2JidmQ2ZHJ1SUZ5c09nM2taMVRBOHhZVkdlOWtnNXV0dWw2eS1MMlFzWV91MFJiS1lhV21mWXFrbVE5bjNiZzZDQkNQWENzTXlLUU9fTHhGZU9naEE4WVHSAdcBQVVfeXFMUF9DOTdOSndEUHdpWkxlR2xqZU1QcGRNSmlnR05jZEtGalFmMW84Vl94RDJGYjZLZnpvOXF3dDA0TnIxMTN4OWY1TWEyamUtTWJlSnp1T1JrVmRpSWd0M1N1a3UxQjA3a3hEWVQ3SE1aMFUwUzdmV2FuQlhIYzhXRnNXUjRYOGg5OVZ0NDFZdHBsZTVpRC1JTjdUQkkzT0ZITmhjb2x1R0ZJeG0xMS1rZG4xb3A1cFc1aHdRNU1kOXZOd3FITHZyZnVzNnhoemZheWR3SFVWLXM?oc=5,The Times of India,"Mon, 20 May 2019 07:00:00 GMT",2026-06-14T20:34:15.232371,investment_fraud,True,False,candidate,https://timesofindia.indiatimes.com/city/dehradun/five-more-arrested-in-multi-crore-scholarship-scam-in-roorkee/articleshow/69403052.cms
stock market scam Uttarakhand,"In Uttarakhand, it now pays to grow trees - Business Standard",https://news.google.com/rss/articles/CBMiugFBVV95cUxQS3BzQngxY190VldBc2R5ZmEzdlQ0NWxZSFV3TnBMMTd0WUlDN3ROY2FROVpmV2pFYWxMUElaZnRwZTJvTGtYLW9pLWR3ZWFxZGJjclYxRTZtMHlhT0owc3RKTmZrZnlpSG0wTGRydXIzVGNxLW9NRk9IZjFjaHF5ZGtBX0JubU1RbTU5a0xXT21ocldXdjUyWVdtdGticE1iQ2k0ekhfY1N6V2x6Rmp2Z0VNSENTc0l2M0HSAb8BQVVfeXFMTVFyNVYwSVloLXE3QnI4RW1KMWFjcUc2TFZubjFFX3FRSkRzNkdzbnlpVU1UcUZta25kNVJKRVdsNDVwNzFkbXRfUmFyUlNDbU5jV1NfdkhJRGl1UnYzOGRqUUVOQ1I1Qi1hOFFjVUJOLTJ4NHoyei1lY2Z5TUR6YnFFZm1WTS1MNS1hd3VVZDd5cXA3cy1iZktNM0NCV1MxalNKSWxUSktKZ0RMdU5RbzlDbFlLYTBOMFQ0Wm5IVmc?oc=5,Business Standard,"Mon, 22 Sep 2014 07:00:00 GMT",2026-06-14T20:34:15.232444,investment_fraud,True,False,candidate,https://www.business-standard.com/article/current-affairs/in-uttarakhand-it-now-pays-to-grow-trees-114092201261_1.html
stock market scam Uttarakhand,"Weather update: Maharashtra, Delhi to see heavy rainfall this weekend, orange alert for Himachal, Uttarakhand - Business Today",https://news.google.com/rss/articles/CBMi9wFBVV95cUxQQ3hJSHZsZFZzRTZsLWJNXzhaWkJxajVsSE9mcEpKNWc0Rmg3ODVsbkF6UkoxR0NGUDlJem90UTUzNVNiUW1GRVk0Tk0tS2sxcVZ0QW1jd0Rpakw2eVNCY1N6UzV5aTZhYnlSNGNiSXhSZEc2M2U3a1ZRbzhYNzB6M3FJSkhBRWFMMDNWbGVzRlk4WmM1WXVvMGJlV0RQYk9ZM01sV01fRmZzLWxrS2s2aTAyQ1NabzkzOXgzR185V0xBbzlERDd0bzNid2Jqdl9QYWxxVEZ2cVJwNllEYzRCTHhxeFJfemFnSjhRdW15TFhFY1E1NkZr0gH8AUFVX3lxTE51N0ViWjhNdDlQZ1FRS3U2MC1fSnJvRVhyUFY3VnM5RUNFYVpwVjhDUHhDY3FwbU9UZW9ER1I3WFoyeFpzeE9QWXZHOHRpNW1nRXRzNXhMTWo1bm4tUjBoS0Yza3pMcURGVE02RkIxLXZfUElLeGpIWWJ1V1RlRjM5ZWc2M1ljLUsyU0h0LWhmdGs2SEpKMzYzcTBlVnhvMmhiblVJZ2VKZFV0TW9jaU9LRVdhU05ET2pTT2syZDhLN2NET1BiV2h0a1BVaGFmWk9MVjM2NnFyeVNuMHh1X1lnODJSUDBxWHY3X3Ixa3c5ZVF3MVBiVmI2M3NlSQ?oc=5,Business Today,"Sat, 10 Aug 2024 07:00:00 GMT",2026-06-14T20:34:15.232488,investment_fraud,True,False,candidate,https://www.businesstoday.in/india/story/weather-update-maharashtra-delhi-to-see-heavy-rainfall-this-weekend-orange-alert-for-himachal-uttarakhand-440967-2024-08-10
stock market scam Uttarakhand,"Meet Professor Arnold Dix, the Australian expert who turned savior in Uttarkashi tunnel rescue operation - Business Today",https://news.google.com/rss/articles/CBMiggJBVV95cUxObDRZb0owY1dxUWdPZkdSRTM2ZlJIYWc2RHN0bm1oVXNSWEt1akplYnV2T1hGczNCTU9ZYmt0UzlwV0VIX0pudFF5NW4xelJfcnZrZFpKQS1iQnpPLVQ5NDBZdjdqNWJ3ZEV1WF9HREs3X2Q3T3JaZi1kdi1Td25GRFRZNmNBcDNNWHZQV3p4STFVY3hhZENEb2s4aUZscTlmS0xPamlCeU9HSkk5QUljMDVZQVVJUVdMZ1BxbkJ0M3VMRFM4RkxGemkyOXNyNXNMOHlBVnFiTDYtSlY3bFh2SmU2VnRBQ2I3bGR5WUEyZENicDJ5TjZPVWlsVmVVLTlGZXfSAYcCQVVfeXFMUHZxTkdWSlpCRXB5RUh5ejI0cms0MHFMbWJ4MGlBQjQ0TUJsTEdNcjNtXzl5UlpDMG9LYUljWEo4NTMtMUVveExlUHotVVlFeTU4WGVpcENJSF9kMFF4d1IyZER6N2tMdWpsRGtCbmtaRzREU1paVGhJdGtjbEl0eFE4MWRKLWxSaXQ3aW9teDlkYzJuRFRBdVlPQWFReml6VHBvZEt5UDJYN0Y2dDlldUVMelV3c1FZRHJpclM4b3lBSjlZZ0Nqc1o0TXYwSUEzbWgxQ3B5cm5nS0lyZ0k1V1diS1JFZy1lVndfNzM2akoyNFpQeldKNFhxV2xTSmltRFZUbEYzb1E?oc=5,Business Today,"Wed, 29 Nov 2023 08:00:00 GMT",2026-06-14T20:34:15.232531,investment_fraud,True,False,candidate,https://www.businesstoday.in/latest/in-focus/story/meet-professor-arnold-dix-the-australian-expert-who-turned-savior-in-uttarkashi-tunnel-rescue-operation-407582-2023-11-29
stock market fraud Uttarakhand,"3 killed, 7 injured after bus plunges into gorge in Uttarakhand's Kalsi - Business Standard",https://news.google.com/rss/articles/CBMi0AFBVV95cUxPdlhRQkJrMFhSQ3lITXpMV21xZkVQQWNYc1pYNTNqVkFTRUlhX1dhcVp2RmZ5dk55UmNkdFZfLUc3dmpNRnI5d01fRGNxMEVUaThUVGdya2lWNTVJekNfZjlIVGVJcmNLS1FxemJMR3BlckpRVzFzQVVPMWd3bVRpbkYyVmZRYjVjQWVRUnZqdDRmRUN3cXZBUEZMVFRLeG10NWlvcFo1aFNrWDl3eWkweWtHcTZyMlZ3ZzhxRjdpWFRlQV9heVNXRjN0ZGpzY1hr0gHWAUFVX3lxTFBCbDI1SkRvWV9LMWRqZjNQU01faTRBWUt5MTJXMDczRjJyTHNsSlZmNjBJS25UYlhVem9yWjdDUHBSWC1jd2hicjJPZ2NyN1BiQU5PVGpmdnZhVVFtOUNGQktKcFB6UGtlR21Wd3QwRUNxMVJMZFllU2NtanpNemFCcEg2SzRKZVo3dkpNVjZJNlFNV2s3NHRfcnlDalFSbzkwVmJLUXJ2czlCVFZaVTBQenVhZzFjOWZWSnFJTXZjUGxrcElDN05CZjQ5Z09VOXVJTnM0M3c?oc=5,Business Standard,"Tue, 03 Feb 2026 08:00:00 GMT",2026-06-14T20:34:16.954676,investment_fraud,True,False,candidate,https://www.business-standard.com/india-news/3-killed-7-injured-after-bus-plunges-into-gorge-in-uttarakhand-s-kalsi-126020300612_1.html
stock market fraud Uttarakhand,"Heatwave crisis: Mercury at record high in Uttarakhand, J&K, Himachal - Business Standard",https://news.google.com/rss/articles/CBMiywFBVV95cUxPeENiWUJOYnFWVElYSG5Cd2V3SjlleDFUa1lzVU0wdDBhMVk2UDJ0eFJHWnEtZHdlaGxjUzJ0MHJtRkNZem1fTnlWZ3RrWV9tR3ZXUFRjZklRX1RSVHFwVlZzYmlmd25OSDRKaEg5ejVOZ0k5eDFCWEdaVV9NcGt0OXlEeG5JYjVHU3pTQ2pfMDhqaVVIa2QtWjVrSkt6YzFGbmZmLWdLeUh4bUlDRy1mNmRDZ0ZQcWZlemYtU2tJOUNJNVAwMnhGZnI3b9IB0AFBVV95cUxNSG50dUVlbTdsM0NPRzlTdG8zZXNmRHE5Tk5lUGVSMF9aUzVmV0M2M1lKT1VoV3R4NGZqWHNrUlotb2dqLXFYaVZHVVBYWFpjaklWOGJzREhIeEFuTzl3b0JkQWE2S2p5RW8yMzFMaTUyRDVlZjZCUWhGOUdiV0lORUhhY1Y2RkZtamkwLUpGY1dzcVMwdDBRbHk5bWd4WjdUdWx3Q280a19QbF9NTGpNRUZlVnJOOGVIcGphdzRRT3Y2VmdoTnpOQ1BoZFp3RXlv?oc=5,Business Standard,"Thu, 30 May 2024 07:00:00 GMT",2026-06-14T20:34:16.954932,investment_fraud,True,False,candidate,https://www.business-standard.com/india-news/heatwave-crisis-mercury-at-record-high-in-uttarakhand-j-k-himachal-124053000737_1.html
stock market fraud Uttarakhand,Uttarakhand's UCC Bill: Live-in couples must register or face jail term - Business Standard,https://news.google.com/rss/articles/CBMi0AFBVV95cUxOcC12dVVEaVJiTmFmLUUtX1ZBTlEzeFRDYklJSlZyeTRQbUdSemExZmFoTm1ZTnBPMlJ0cFZTUU5lN1lFV1A4ZXBlSHlEYzdaMllEbWljWDYwQk1OX1lsS21NLTVjMGxvbDhuazRzZ1pzVl91TS1BX3cyVXczYmZfZEFYQUNRWDJiLWJlYUU2Z3lmMnZTcHNwc0l5VThrc0Z4TW83LWt0VHVnQnhZUTI5TTgyYnpaekg0NmxldlNVSVhVcUc4OUt3bHpYUE1HaHVR0gHWAUFVX3lxTE5LbEJidklCNTFrVmRxMGtUYkx4Sy1yZnFLcElOdlNjN3lpc1FmMXZ0cTc4aFRMdGdUeTBZMlRrTEV6ZmxYakZ0OXRMRUJaMTg1cHhGR0N2SGV3eGUyNS1ZQlNkRXIyM2EzU1VMMFkxMUwtWnNUVFVuTHlEMGZtY01JZjF4RC1kV1dvQ1p0T25ETEhfUTJTWG4xNWRvQnZEUVFVSnlTN3hJNm9RVzVyX1lNeVZyX2dyTUNzdng2Z0FOUVRmWkJpRXJ4MXg1c1lIbkI5VDR0TlE?oc=5,Business Standard,"Tue, 06 Feb 2024 08:00:00 GMT",2026-06-14T20:34:16.954948,investment_fraud,True,False,candidate,https://www.business-standard.com/india-news/uttarakhand-s-ucc-bill-live-in-couples-must-register-or-face-jail-term-124020601699_1.html
stock market fraud Uttarakhand,Non-existent 'firms' that pulled off Rs 20 crore fraud busted in Uttarakhand - The Times of India,https://news.google.com/rss/articles/CBMi4wFBVV95cUxNOHFmZ0VfdU03RUcxdmVLbXdrMWRrMGlqalY0R0R2aEdPSWJfam1qYkpDQTdadTV6NkQxMTJBa2lUazFmdUFCbTctZ28xVXJnbUhLM0Jtc3pXaDZ2Uk9jeGhfYVFOLTF4bloteHk4Nl9oNEZpWlpCdmxIQXlYR1lQVW1sc0hDNW40dUtUbDU3NGVHMVRoOXRaN3VROXhnc0tzRVR4Qkl0WUE4anhzVko0eWgyOHg0ZC1SYUhXNnJIcUtKUzNvcEJmZEY0QWtQM2ducVAxNGY3WFRjaTdQQ2pjbjJnRdIB6AFBVV95cUxNWGJqME9qV3djMzRNbEJLMXBhRWFHWnpaZWZPc0tOX3RQem42NkE2bWpUMGgtM0lLdWN1ckE2VlliVjI4LVl3ZlJ5YnU4UDI1U3l0eE81N0lmTmRZSzNrQmczc194QzdHVmljb3BSTlljMFAzX1hUU3hIMlVqalBBOU5MT0tZVmtvTE1xQmRJTktQRmNBd0R1ZW1lR3lWZEdwdWJ1dnR4c0tHZlZvNkNnZlZKbFh6NURkQk0zWHZxSmFSaE5qVUdhdlU4UnJxTWVfb0d1Mm50Nnc1UW95V0otQWdfbV85a3ZU?oc=5,The Times of India,"Mon, 27 Feb 2023 08:00:00 GMT",2026-06-14T20:34:16.954956,investment_fraud,True,False,candidate,https://timesofindia.indiatimes.com/city/dehradun/non-existent-firms-that-pulled-off-rs-20-crore-fraud-busted-in-uttarakhand/articleshow/98259242.cms
stock market fraud Uttarakhand,Heavy tourist rush leads Uttarakhand and Himachal roads choke amid severe heatwave - The Economic Times,https://news.google.com/rss/articles/CBMi3gFBVV95cUxQVXN5THZNQXVZSEVSTVdhcVhOWWdkeWk3NnpueWN0Wk9ZRnJ4d3NxNG8xNUNUY1ZhTUpRQllLSWZNQ3E3V3VRazI2Nlp0dTc5NUdFLW1pUmpmdXNReWhUcmlTNGhVTTB0cXI0Tnc5MHYwYm5sOUNwYzlzdnZsTE0ybXJ6X2NSeTQyekx4Z1BTSi1RTjktVy1kX2ZFVXktXzJ3b2RaS3l5c1hDZjNRUm9YVUtsemxGdVZJelpDa3hfVkc5YjF5WjU2bU9ldkYyWWY3Q2tlTG5pMU0zd2FjWXfSAeMBQVVfeXFMUGlENjJfYU5NYm40NkhLQmlCdUZwY3N4TElBYkthdk5vRGFZc0J1Vk0ySkh5cVhOTXFwc1NEdFlMZWdXZUprMlNLUkRGSmpzRC1zNWJuOFdoWGVMSURpSkdHaks0UExHZmo0OFFnMncwZGhVZlFKOHphcjdFWnBPS1RLay1wWE9xSWIydDVzdkp4RV8xanRDTFFhS3hQSTUwMWN1ZGd0TlBXdXR1VDU5QlJCRUVBUTI0SV9iZFdlU0RtLVA1bll5TkVhMjVibll2M1JyNUw3cjVIUm5iUVMyamhkZEU?oc=5,The Economic Times,"Sun, 31 May 2026 07:00:00 GMT",2026-06-14T20:34:16.954978,investment_fraud,True,False,candidate,https://economictimes.indiatimes.com/news/india/heavy-tourist-rush-leads-uttarakhand-and-himachal-roads-choke-amid-severe-heatwave/videoshow/131422880.cms?from=mdr
stock market fraud Uttarakhand,"500+ 'fake Ayurveda doctors' in Uttarakhand, Rajasthan, Haryana & UP: SIT - The Times of India",https://news.google.com/rss/articles/CBMi2AFBVV95cUxOYTZwaFg4ZkRRYTRyZ2cwekJmdUpuXzhocEJQdkdSb2p0amxELW9iMGprVFQybGNtamNqVHpzM294a2xQXzFTRmZsRXkyN2xiRmtnZWtmSU1NR0U1MXhNS3lTUU1rb3g4a0hsYkh4MW5ZdFd2TloydkRzQ2x2N3hIZ3BITmZpNWwwNTFnemtIZXdVQ1l3MFJEemZHdkRhMC1NZFZjcFZxZkF3MldhNnVUT0hYcTZxSEVvSHhFUF9lSXpLX281YU82Vjk1X3FNSlRvMHA4OTE3RzjSAd4BQVVfeXFMT1N2OHJKRTRQQThpdXU5Wkl2a0Z3cG5Na3VreXczUUdjRGZJRGgxYjZUOEkzQ0JCeE5Nc2hRaUxvRG1haVVzdmNCSk5HTG5qdWZPWG5fSFozX0kyU0dCWGFocmJMb18tV2c4blJkZ3ZQX1JIdl9hUWUyV2VmbVBiS1p2UEQ1UGZlb2JyaWlzclNENUN2UlRhdFA4dkVjN3BDZFYyem0wVVp2VG9XeTl2Sll5eF9WSkVtT0pFMzhrQ25tZGhQdTlfc01hbExYUWY0dlZGcG1EQVhqREZiNk9R?oc=5,The Times of India,"Sat, 13 May 2023 07:00:00 GMT",2026-06-14T20:34:16.955030,investment_fraud,True,False,candidate,https://timesofindia.indiatimes.com/city/dehradun/500-fake-ayurveda-doctors-in-uttarakhand-rajasthan-haryana-up-sit/articleshow/100197092.cms
stock market fraud Uttarakhand,Uttarakhand govt's scheme helps 15 youth land high-paying jobs in Germany - Business Standard,https://news.google.com/rss/articles/CBMi5wFBVV95cUxQblVqZDhjRC1Yeks5MGUwQ25rejFVLUtIVEN3VHpuRE1kdzg4aG5waFVyTWhieHdJTEh5SmlDcm1FU3BMVWljZ0ZlS18xTzQ4OWZpZWh3UWJ2SkJVWlNSZkNfOG83ZUY0dTlDOElYclJwdGI3R3V2NHljUmp4Uk1vUlJIZFFkcE5CdmtNbW9oM05sZ0FLWnczR212b0J0WVBGd1F0R3gzaU5XU0lVblJ4VlJiZE8yNURSTkc4WC16ZUVvaGtvaDFwZDFxMFpSRFg1VE9vZzY2Yi1kcHd1d25aSWJyVXUzZzTSAewBQVVfeXFMTUNtTWtsRkpWQXRnbVE5d2I5ajFzUDJtZ0p4VmlscFNkc2twR3ZaSnVtVlF4RjVhTFBjcnZNbnFsaEhONTFFbGRrNzdPc1E2UXoxdkQyX3VEZjRaaUgzYTduQW9vTS1yaXZnb1hMdDlMRnpaUWxOREp2U0xMSlhaZ0dvSkpvMEFqSDVXLW5Nak9majREM2NRRFU1d3ZZeDdWeGw3V2hRTnVWQlNXUkFub2JjZWNIY0R4N1F5M2lxZ0s4UnhmWmJ3Yk9lNWl3RGZWZ1RfQTVhQUlIUXVjSWdHNFZQVlRpRE5zUHVKUmo?oc=5,Business Standard,"Mon, 30 Sep 2024 07:00:00 GMT",2026-06-14T20:34:16.955086,investment_fraud,True,False,candidate,https://www.business-standard.com/finance/personal-finance/uttarakhand-govt-s-scheme-helps-15-youth-land-high-paying-jobs-in-germany-124093000287_1.html
stock market fraud Uttarakhand,"Uttarakhand avalanche: 10 killed, 27 mountaineers still missing in Uttarkashi - The Economic Times",https://news.google.com/rss/articles/CBMi0wFBVV95cUxPZlRSRmpMMmZsS3pxQ3dwdkJKeGwzRGxuZTJfaWNNTS1mVS1mellzVHhYWl9wN3F0YVMyZHowdFJnSEVlNWVraWxFakpfd2UtM0dsWlhwLXdtdnJlY0FaT1ZfZHNiWm5ZMlFqYzdxODJLSnZxRTBBRVlrdnBOTnp1N0xBRHRXNlBCMkdrZTBWLUplUWx0b1ZzTm5GM1NXNS1qR1hOV3JCQnJjNnNQRW5TMS02WFRDdDJCdkVzOEM2b0t5bXhLOXBxUzl3RlByMVdMYUdn0gHYAUFVX3lxTE1XelNfZ0RLVzlfU0FrV0VwQ2pKT0M2Z0JVZk11SVBYMUJMV2ljejNkdElzcE5iZnNkU3hGSnA0ejJFWmsyYmJ1M2FwdmlueGNfckpObmRNcXhOV0tHRVI3YnhpQ1pjTlNBWkoyUjhRRDlERW5NSzlnMUNGTmMwdVNSRUpMWXgtNTl2SS02N0dGR3NUNWVKdXZqQ0IxYVh4eHZnZzAzZlRwYkVHWVVxcTdqUlI0Z2Fjb2tpdGI2TkU0bG0xT24xU2QtMFhBMlJndVN1WDJtTnJtaw?oc=5,The Economic Times,"Thu, 06 Oct 2022 07:00:00 GMT",2026-06-14T20:34:16.955104,investment_fraud,True,False,candidate,https://economictimes.indiatimes.com/news/india/uttarakhand-avalanche-10-killed-27-mountaineers-still-missing-in-uttarkashi/videoshow/94672144.cms?from=mdr
stock market fraud Uttarakhand,Uttarakhand chokes under tourist rush; Delhi man dies in Mussoorie jam - Business Standard,https://news.google.com/rss/articles/CBMizwFBVV95cUxPUXRDVWV6bkFxdnFoT0JsRmVEQVYxYlNqa3gzZDFXaGctay1xMG5wUUF4YmdhY0RKckk2UU5sWjB1cnVCNkdyVURQSlkyWXQtanJEYmRlZVNia0NWSXFWdS1Ga2tTUDNUM2V3NnlTQ1NEeEliS0ZuaG94UGFVTWpFNHhRZndoc05LUERHaEt4QkcyeDhQYmJibzV1NzYtWWhOOVBjczlRZHVBM2VDRmhOZWsyQTBYTUE4bm9CTWhmbHM3TDc3d2t3aUs1aHdXNHfSAdQBQVVfeXFMUDdFYUpyeHh4cUZ1aktWNDVDU0tHc0FrV0tkdGxYcm5JS200Sk1NcDlFRnBNcDNwc1dLYjRlYUM4allMWkllVk53d0NjSC1rYUVud1ZiZWNRRHZYNnVDN1lTT0NtY05URHRZMzJOeWpWSW5BekpHcndpSERNZE5kdkJ6ZU9lR29nLTV1X2Vmb0tSZzA2Qk9Ic3UyQ2J1c0d1eDVDY0lXTEhEMGwxZlFWQU5iRzRBQU5oODAtaE1SQ1ktelpvVkFhZTJGM1VkNEZrVlNndVU?oc=5,Business Standard,"Sun, 08 Jun 2025 07:00:00 GMT",2026-06-14T20:34:16.955121,investment_fraud,True,False,candidate,https://www.business-standard.com/india-news/uttarakhand-traffic-jam-mussoorie-haridwar-kumaon-delhi-tourist-death-125060800192_1.html
stock market fraud Uttarakhand,"Uttarakhand: Sloth Bear killed in fight with Tiger at Jim Corbett National Park, caught on camera! - The Economic Times",https://news.google.com/rss/articles/CBMi7gFBVV95cUxOZDUxczRJTU10VEx6ZkZzZ004ZVRHUk1oQjR5SHMwdHc2MXRBc3ppX1R5bFhxWl9EVkF2ZFJvQ2thZG9RbXJBXy1ZRzBBV2lQd1k4VS04SU9VdFAyRXNDWW91Y00xTHVKcE5YV3FGdEYtbGVqMXl0TGd4TEoyeXJUb2tENks4ODhSR2pybTFobjEtUmtQYlFRZmZPT1h5aUJiUnh3d09Fb3FCTVVKN1lqODdBcWhSRE4wTG9rOGJzQmNyRTI4Nl93ak1hcF9OLVl6aE1mNHV0M3MxOWJCbUdjZmIyNkJod1ZOMUJfaERn0gHzAUFVX3lxTE9kb0NYdWQ0MlFEcVZnM1ZTSEdaNlh5VW1Wd284ZU55dy1xSHduNXRpaVR4bk1Hdy1WdnJzeWtodkUyYm1MVXVha2FtY0ZZd3BBd2Zvb1EwcW5wVndOTlVFTU5CRlBaSlk3VVdtSDhsMjlCVGdSTzMyZUNGVWN5bUNkM0RoNTV2WmhocTl0MnVqLTltaTZCUExPM0pWZzcwM09NSndhSjlRYWN2eGRDZnpHWlFhbHpWaFJnS195XzFXOVZUNlhaTi0zQUoyTHpmUUJEeW0tOUdVSXJ3NldvZ0FncGFZMmZQdUR5NkFjaXdCZk1vRQ?oc=5,The Economic Times,"Mon, 27 Mar 2023 07:00:00 GMT",2026-06-14T20:34:16.955129,investment_fraud,True,False,candidate,https://economictimes.indiatimes.com/news/india/uttarakhand-sloth-bear-killed-in-fight-with-tiger-at-jim-corbett-national-park-caught-on-camera/videoshow/99041619.cms?from=mdr
share market fraud Uttarakhand,"Latest updates | Uttarkashi cloudburst: Over 100 missing, 4 dead | Dharali floods | Uttarakhand - Business Standard",https://news.google.com/rss/articles/CBMi6gFBVV95cUxPV3dwOERwc3VKMnlpc0dXdmdzMlQyUlVsU2NtREtsVmhNTzFXcHV6eW5vT0FkUldOcnNCR1NXRW5XMEpkWGNydFhZS0tJa2VJRW9CWS1VTXBkdW9LN0JXVlNFQWd1WHd4YVFYWW1tTkN3bEZsZWl5MzJoa3pyb05xb1pjc1d5dUUteUhOWW9vR194NjRQNjkteVpJcGNFLS1zZUxPVUdhdkJPSllxQmNJOGhfa2Jmc1BzUnZxUUFIdGZOWjF5QzJNU0dCQ1lGclliaThvV1AyZUVFZHpOMWVEMVBucWpLcWw1RHfSAe8BQVVfeXFMUEFnNFhKVm5IVTIzc0c3dzJCc19BZk1HV3dqOVRTSDhYblB2Si1jYjF4MmQ2TnoyUXlRYVdicU9Ub09VTzdwM2VyQ1ItdDhDR3VjLW0yUWFOYWJzSDRaaXBhTHpaVU45V2R2NWJTTkJ0elhkV0JSNGNnMFItWDJoQUhNUGpyOW04Wk9qTkt4RHJnaFVVazZlaDhZUjVWZWh1S2tGcXlXU3VzcHFpX2VNdGlPN3I4Z2dWNWFGNndUQldUdEJyVEJrXzZFN2RQSWFhOWhIU3plbWZBQzlUZ2lvS2lCZWRoY2lOWF9lTGF1M1U?oc=5,Business Standard,"Wed, 06 Aug 2025 07:00:00 GMT",2026-06-14T20:34:19.096409,investment_fraud,True,False,candidate,https://www.business-standard.com/video-gallery/general/latest-updates-uttarkashi-cloudburst-over-100-missing-4-dead-dharali-floods-uttarakhand-177673.htm
share market fraud Uttarakhand,"Operation Kalanemi: Over 4K verifications, 300 arrests made in Uttarakhand - Business Standard",https://news.google.com/rss/articles/CBMi0wFBVV95cUxNOWo5ZnJLU3lxRUdubFpUYlllUWxnckRVR2pTQXFEUVBjUlZYeTRMYUs2S293SXJnZmh6S1YzTWRSbVUta0hiM1ZuQjlCTlJVanl2U3JaYkFPdVc4N1lCcFk3N1hyY0FIYndSMWEwUWpVOGJVRS1PTENpdGN6NlJ5YWFCbUNZOGc1RUlGLTUxRWpVb29mUm05b0NMRGFQV3RNeG5rVmhpSGlJNk95aGxoZS1GWDlodkh5QnhJZ0Jrb1dhd2RSa1N2Rjlnc095eTJtZ3Jn0gHYAUFVX3lxTE5iZE1kTThJZmlWQ09TQ3hua2VUYjlXSUc3eVhLRFF1R0RtS0hCU0kxV3U0aXp6X01XNDhzeElaUE9qOXRUMWNZRmx0aVFRaTNiYnk1aTBhdlEtblpkNW45akZkWHBkOUlFMVNQc28yWkl0SzY0NzUtU3FsUFdrdHg5Rm13UE1na0FzVzRJWml0OExLZUdJSXVUVlotVGE3OHpzQWJydV9Td3AxMmFWdWluRHMyQU5qZzlKaGtRRkhPUHU5YUtaRG5zeUV3TWlWbkh6bmVMTmVDcA?oc=5,Business Standard,"Tue, 26 Aug 2025 07:00:00 GMT",2026-06-14T20:34:19.096687,investment_fraud,True,False,candidate,https://www.business-standard.com/india-news/operation-kalanemi-over-4k-verifications-300-arrests-made-in-uttarakhand-125082600055_1.html
share market fraud Uttarakhand,"Uttarakhand Police conducts search, rescue in Dehradun's disaster-hit areas - Business Standard",https://news.google.com/rss/articles/CBMi1gFBVV95cUxQMVY1emF0cy1PeFJVLVpTRzB6al9ITER2Ql9TV0J2RW4zaXFlMkpVbDNvSkFFZFRXaEc2SkM1dkZoNHZRSklJdWNrSVY5T2tNTlFmSFRJX29JdlFEMWdqZmN1dVNCc1JnRmg2UEhqY0J0WDFaUXdiaVg4OWxTek5uMEJpRC1pMldmU3NCSEF3dWwwLWU3U0Z2ZVJRNUFWQmlibkdjTjhWaW1QRVo2SktuaUFNT21iTWRHcklVdUV5Q0RreVN6d0xMZGhPZWhzWm9OUGh0V1dB0gHbAUFVX3lxTE4xb09zM0VVRU5sTUpxZnJ4MUZXSU9JSTdzOUxzS3hXVE15ekJncjhrMlV2N1BWbjc3WkZPdWE0UWhfT0xIV0ZmdjA0aEUyOUROaDRxTTZnSk9mQWdONm9UOTllZUFEM0ZLRmNnQnVSTkxZcUtJT2lOU1BFZEZmamJMUDhvZ0swb3Y1dVlwWGdrZVNHSkFnREw0TnFzaDVWcnE1Vkp1akhYaW9yOHVrWGZMWFRjZlNvVmotRGJzTlFWN3M5Q3ZWQlMxb0VfaDBNMExFb0luN05nVGx6SQ?oc=5,Business Standard,"Mon, 11 Aug 2025 07:00:00 GMT",2026-06-14T20:34:19.096817,investment_fraud,True,False,candidate,https://www.business-standard.com/india-news/uttarakhand-police-conducts-search-rescue-in-dehradun-s-disaster-hit-areas-125081100051_1.html
share market fraud Uttarakhand,Dhami govt to rename 15 Uttarakhand places to promote heritage. Full list - Business Standard,https://news.google.com/rss/articles/CBMi0wFBVV95cUxOR3NYTDFlNi1oOGlWSTJzRU8zczVGcFVyMi0wQkdFTGZjWkJxMVpZQ1hPVzNwd3l4OHNaRGJvNnIwNDZXSkdaYkgzMkd2Z1BjZm9KLVpUTGoyQkFzbnBYX3J6azVVQ2ZLWDFqRmhFUUVaN0FwbXVGVkpGSEV1YWNKOXdHckU2WUwzTUxsMTZWUDBhTWJHSnpicEJGZkVJRjRocG1HV0dubXR6SXFGWElSekVpZ2t5VkdWVnR5YWxQREhTMHZTRDhfbDdnUlBnbE55anY40gHYAUFVX3lxTE9YQm9OYTF2UVVQcV9ISkhydTFzQzRxYU4wMjlfYUlRRGFfSHJ1SXh5UDB4WVVuaU9DS3ladXNfSnlxclMtQkc3NnBhc1RPbVBmWURyYVdhTnVxRXFwSEFnTExfcVJ0WTF1RXpnbl9DbW53eDhuM05BTm5rbU9oamk2NmthWHBHVThpbGFhTDNxZVQ1Z2NLQXIxeDUxWVJLQ2NXY2lELWNFSE55T2piQldIa00yXzl2QUxXVFhMcnJ6N2hyNEJYZDR0cDQ1ZHVfTGFnNmVsNGl4Vg?oc=5,Business Standard,"Tue, 01 Apr 2025 07:00:00 GMT",2026-06-14T20:34:19.096832,investment_fraud,True,False,candidate,https://www.business-standard.com/india-news/uttarakhand-govt-place-name-change-cultural-heritage-pushkar-singh-dhami-125040100192_1.html
share market fraud Uttarakhand,"After Uttarakhand, Gujarat announces implementation of Uniform Civil Code - Business Standard",https://news.google.com/rss/articles/CBMizwFBVV95cUxPaExoMzlJZ3dMQ1dSQjVRZ3NVTU40eV9hNVV6anhFT2VVS1NYbm1sTUtrVEU4ckJHOWFFWFRSNHBOWVRwVWlSTVVJSVBaN2FkZmxfSllNemxRSGpXN1E4YUlXcWdmVGc2TW93Z2RRMGg4ZlZ4bTIyaU1jbnRMVi0zZFBfZVU1U0I0UnhUTEpmUnV4d1kxa1poLUlJZTBhZ1Y1WjEzUGxZa3YzWTg0cFlrX291VXplWDNoUFVPdUdhMTdoQVNxaE5kQjVqcmV5RlnSAdQBQVVfeXFMTldLWjRwOXVhUUlMU01VdWNoVnA1d1VXdzlKNG11eUdfUl9FZXZrZHJTT0UxTDNpRmdXSUtfR2stYmNNWnVHUVpVQTNtdWFTNE16eHh6LUFnVTBrVmloY3ZlNDVzTmNsSXpyNmJZV0ZTNGNhRjZkbkJaUExBc01HMFg3ZkVPaFhZMVJNb2dObG05dUdWbnJVNUFWZnZiUjJVVU44UmhGcThJTHBKdHkyelJraFNCejFWVlVzYXkzMUdiQUNickVNZ3hCckZoWEE5SzdEU24?oc=5,Business Standard,"Tue, 04 Feb 2025 08:00:00 GMT",2026-06-14T20:34:19.096869,investment_fraud,True,False,candidate,https://www.business-standard.com/india-news/gujarat-ucc-uniform-civil-code-committee-marriage-divorce-uttarakhand-125020400577_1.html
trading scam Uttarakhand,Uttarakhand Pharma Executive Held in Rs 547 Crore Drug Diversion Case - Medical Dialogues,https://news.google.com/rss/articles/CBMiwwFBVV95cUxQYXRGNmdFNGUySng3MVcwUFdQdy1Ydng2aVdNbms2ZDVZSEkybEtjb0JRRWlkYTRIdlNnWFFjY1k0LW5lbC1XR240NERhRXBIOWxtOW5saWtacmcxQzFmdFJuY3pWY2Y5eUVuZW5MMktfdjZLdmlWSW0tcUs5Q3VXM0ltdGZod2RQOVhFOVRYcmxnSXVrQnJXVExXQ3ZzWTQyaGg0RE00VFFNakJFc3ItaUpYalY3eG9jaEtrT25FbWU4d3PSAcgBQVVfeXFMTjdGNUFldTRIQVNEWnpwY01MM2VDQ3JXeGlROFpTalRzMUhqQ3J0OUlQUW01djIxTnZQWnYtU1hQRV9sRFczNGQzU01qOGpEQmtoaTVnVS1PMEVtNmhLYTJnbkFQQTdZX0dhUnZuQkJuWlp4ZnJFLU9ldzRPS3JiZG1tY1JOZmZNVHR3MTEteEFFV3ozV2hoMHVuRmRFLW1odVVuc25hLU1iT0o4LTRnTXZyT2NUSWpTNW83bmxUb3h3OHJfVEh2WFg?oc=5,Medical Dialogues,"Mon, 10 Nov 2025 08:00:00 GMT",2026-06-14T20:34:20.930489,investment_fraud,True,False,candidate,https://medicaldialogues.in/news/industry/pharma/uttarakhand-pharma-executive-held-in-rs-547-crore-drug-diversion-case-158414
trading scam Uttarakhand,2 held from Jaipur for duping Nainital man of ₹90L in online stock trading scam - The Times of India,https://news.google.com/rss/articles/CBMi6gFBVV95cUxQclhIODZPY2ZMblhFeTZPNlFqcGJWdFF3QTFqTHFaSy1rMzRERjVoNEIyYVlPcEluQ2RmcGM1RWpkaW95UGltbExBbG5XekVOTTlTb1ZVMDQ1WndzM2lPM1IxTERZcVBuX1o1Nzh0VS1Bd1dWRGpJTC1KQUswck56Q3JUbzZqbV9mZ1BUNUZ0UW93aTVpNTRoMFR6bkZGQXFrelBZSGktdEtUQS1RV2R0RjZTV0J2RXhtcmFuMFNaanZ2cVQ3SkZxUnBrMHd2ZGlWQmhQaWUzMEs1SUtFSEVuaDRBNktXSWg2eFHSAe8BQVVfeXFMTU1iSmc2TWdnazF0QU93YlBIU1FvZlhtLVRlT1lITm5xbmYxTVc2MGNJNF9UbzkxS2Y1NGYwLXVwT2tGams5eUt5RlZ4VWhBbEpZVmFuSHQwNkhLc3FBTVg4ZlVvYWRqVFpjeThDaEY3cmhCNnJsOURsR1FPSFJtNE1IVjBvcUFRTUpPc2otSEdvRWxWRDhRRDdBbVFXSzZuVzZqQS0tR1pNZDV2OGZxZGFHeVkxR1c5QkE0Z1NQYTZydzNvS0pKaWVZWTZ6NE52bVdQZ3JaZzRSZnpyamtaM2QxNnBNSDh6WDk5UkZMVnM?oc=5,The Times of India,"Fri, 14 Feb 2025 08:00:00 GMT",2026-06-14T20:34:20.930702,investment_fraud,True,False,candidate,https://timesofindia.indiatimes.com/city/dehradun/2-held-from-jaipur-for-duping-nainital-man-of-90l-in-online-stock-trading-scam/articleshow/118224686.cms
trading scam Uttarakhand,U’khand STF nabs Haridwar man for ‘selling SIM cards to scammers’ in SE Asia - The Times of India,https://news.google.com/rss/articles/CBMi4gFBVV95cUxQU01IUHh6YmRyYUpQZWFmMDVKODRGeWFaWjhuZmRqQ0RFVnNfM0dyZ18wNklveUdWbUpVcm95WkJEZ1ZJMjhJektOa3NiVUhfNDhTOEhYazgzdm84N3g1ZFFwam5FSnRjbFgxd1c4b2RPQWxlellpMTZhcGpWN1VWQlZROXFoLXRXek1OWURYUWhGYlhyMzViODRxWWg4NWpjZVFzdGpmZ1NfS21zdTluVU9wWUExS3FVS01XYVUtM1cwSzBGR3RRc0NKQXpvbjV3SGtWVnJIblhaNTBCM2pSSmN30gHnAUFVX3lxTE1CYVEwbXlTMlh5M0pUWllQTWhtdklDNVZSeFpYRllBaVg3YkdzNmMwVjhYcmtrQ2o0RWNfc1VMa0g5UHRTQThYS0hRNFQyN2RNTGdTUTh5MFJod2RfUGprUnl3NDhxMC1jQTNNLXdiNENCbGg5SUU0dk5rdERKMUdveG5JZlZOX19SYVFsbWR0X3NZWGIxOVEtZHN6Y09rMUxvVzFScFlSVXpxajVmS1VZZEs4Z3RodFpVOWJKMVJ5ZUd5X21MM1ZmZ25IQUhhRDZXMTB0QUM4VkdJdGcwTjFfQk9iU0ZTUQ?oc=5,The Times of India,"Tue, 01 Oct 2024 07:00:00 GMT",2026-06-14T20:34:20.930753,investment_fraud,True,False,candidate,https://timesofindia.indiatimes.com/city/dehradun/uttarakhand-man-arrested-for-selling-sim-cards-to-international-scammers/articleshow/113825973.cms
trading scam Uttarakhand,Uttarakhand SIB Uncovers ₹15 Crore GST Scam Using Phantom Invoices - The420.in,https://news.google.com/rss/articles/CBMiZkFVX3lxTE1Rc0YwMVFHdVNtYWpBRkl0a3lpWEZZTTFubi04NWR6d2JFRnBOX05OWWZQSE9iR0Y3UF9FcEVuMDhROG9Yb3hyZU1KZlM4dGpscXlHakdZWkRaWFRjNGtWbnRPTFBSUQ?oc=5,The420.in,"Fri, 11 Jul 2025 07:00:00 GMT",2026-06-14T20:34:20.930845,investment_fraud,True,False,candidate,https://the420.in/dehradun-ironsteel-gst-fake-invoices/
trading scam Uttarakhand,Nepal duty crackdown hits trade in Uttarakhand border towns - The Times of India,https://news.google.com/rss/articles/CBMi0AFBVV95cUxOYUJ6VWFxUHRiNFpxLS1EV2JOWUV0UnIwYlMxbnJiX3VHMXVQVkZXZ2t6VFlYZmdyajg3MklUbDl4RTF1VkpldFNpU3dGY2JWNGdoRm9qM0ZfY0R2eGI2OGR1U0JVd0VzcWlmZzNSMGc3enNIMW1PTkowWHlkaTE5S3E1QXFhdk81dkpBd0k0WUFaMHdmaUJrV3NDbzEteDdGc0FrS3V5ZFFVQVdfeXpsVFdYcGhVWVB1YTdpa2p6b2x6aFRQTzRndG9ubERVQzd40gHWAUFVX3lxTE5WU1FRYmZhZHYyS0JuSG5GLWZXLWpheHc2Vjh1bHRqU3ZaMTl0X3FjRzhYWVBuQ2ZVbGdCZXRNQUdfMGNqd3JZZmJzU1FGcU1CTFNwSG5VS0Y4cWc0S3h2c1IwX0V2ZlVuNU1xNXh2LThqbHIwNzRNNDNSVHdRU3lLekM5RU1ES1NoMnZIWGhwU3dMSmwyRXRHZnNaeldIdVNKdFk5Q29XWDU0Y1Nla0w2UTFnUHBCSDJ1VEtGVkUwZGhBeWxRdi13RUJ1eC1TYS0xaWNQMVE?oc=5,The Times of India,"Fri, 17 Apr 2026 07:00:00 GMT",2026-06-14T20:34:20.930882,investment_fraud,True,False,candidate,https://timesofindia.indiatimes.com/city/dehradun/nepal-duty-crackdown-hits-trade-in-uttarakhand-border-towns/articleshow/130325472.cms
trading scam Uttarakhand,NH-74 land acquisition scam: Uttarakhand HC upholds trial court decision to file separate cases against 1 - The Times of India,https://news.google.com/rss/articles/CBMilwJBVV95cUxPRndtZUZITVBnT1djRzFXSUN5OEViZzNLME1EaF80dGtMUEhVeGZ0cXQydzhGNEFPQXZpX1podVhXc3Z3Z2laSzFtbkFyV0FrQ0o5TThiZGZmMEVLZnpsMEtyRjhIbnlKanFpd0R3Z1dxOVFiTWQ4Z3VhVjFQUi1oU1hkcVJQVGRJRzVWc2lsaHpHdlh3RTRIVU9LMEhCTmdFTmJnWl9CV3hsT0xnel9OYXh3VndZZGtmZWw2WDJlbF9XNHlxMmtzT3FTY0lsUy1YYjZwV25SbmdOTllEQ1MxMmtha0lISlhLMVV5LW42WlRyRXQ0VlgwLXdNUGJUSVlZamRpVHRKMHZBY1F2Vk9zZUlrUWxiUTjSAZwCQVVfeXFMT2FETW41eFRUTE9QZ3ZfV1dmVXhNMVlIckd4end3akVIeURLdHF0bkVFSDRtTHYxV1hneDF0ZEN1cW9mSk51Sml0QUw2VUpKTDZXTmFlQ0dxU0JUeVppNExXeFRRTVRveVJvZkZ6V3lLd0RKc3RqLWNSNkFaOGl3SVlpMk9nZnlOTDgtTWdZdUpMOWZqb2hKRkkxNGhnWW53akNRQnhwcXBvbGVSN0pNby12aVp3Y0JrbU9RS3l6V2xUaWVrOG1ubVQ4SC1wMDFvZWw3azdaVnVkTFJZMnVfeDVJTERTdnNxVkd5MmV5VGZCQVo4NGN2SW4xSVJHNWprOUU0U0JZMDR6SXJpZjVLVlAydFB5S2dNYU9HUUI?oc=5,The Times of India,"Fri, 05 May 2023 07:00:00 GMT",2026-06-14T20:34:20.930909,investment_fraud,True,False,candidate,https://timesofindia.indiatimes.com/city/dehradun/nh-74-land-acquisition-scam-uttarakhand-hc-upholds-trial-court-decision-to-file-separate-cases-against-10-accused/articleshow/99999420.cms
trading scam Uttarakhand,Uttarakhand govt to terminate services of 118 doctors absent from duty - The Times of India,https://news.google.com/rss/articles/CBMi0wFBVV95cUxNQTdiOUxSQmhVdTVac3pjZm1QS05oWURLSDNPM1JwY1lWRjBSUHJfNHZENkhFRmFsaEJPVEZjSUZTRXQ3ZjhwWC1QQWM1d1g2S1VjT3RWWnd4S0Rmb0tvTmpXZDc3NXBaRkthVk4wVVEzVkV0ZVdOSVNxN1VIU1JvS1l0X05ETmZmNnZMWWZ6emswSEFWS3NmdkFsR3VRc2I2VEJxSlY5Qm00VkF1RTBiWTVROTZMWUNmT2pjM3Awd1FHbzF6c01mSnA3d2ZQSXN6UXhF0gHYAUFVX3lxTE5vNTlROWVYQlJKdEt2OHNqXzZlNEs2b1NwSG1jejY5M1pNR1BLR0VWQ2s3cGF0SlI4SDVXajM5US1BRC1sdGhTNmdQZms5U283RmVzM29HWUJkcGYzSVBFNVNvRktLS3pBbFVyWEU2RmFON3VOYzI4bEZfdy1CaUNxSDFmVkVXaklPWU83UkRFT1U3aUs3TnkzUXl6anNIZHluaEIyUWo0VUREZVQ2VFVKQW5uYUxUSHJvS0hwdWpBeHJjVk85QWRKSGd2OEplRlhDN2g4bUlPOA?oc=5,The Times of India,"Sun, 03 Nov 2024 07:00:00 GMT",2026-06-14T20:34:20.931035,investment_fraud,True,False,candidate,https://timesofindia.indiatimes.com/city/dehradun/uttarakhand-to-terminate-118-doctors-for-years-of-absenteeism/articleshow/114888360.cms
trading scam Uttarakhand,"9 Uttarakhand women held captive in Myanmar cybercrime hubs; stripped and beaten, say kin - The Times of India",https://news.google.com/rss/articles/CBMiigJBVV95cUxOQnE5UkVZc3ZyWXBzRUxqMmpmVk5vSGczT3h6bDRIaEp5dEF0V1Y2OWNfbHRNVERLd0Y3c3JIUWFaQ0dOZFhrcV82ZHZNQ2FaYjdhVDRXTmJZUkt1bXZvQjZTTFVXOUVLdHYzUGdrVXhvNkFMRzM4R0I0RzBPdGtuanFKanAxS0w1OGFyWTQtV3RQT2NXTnlvNTZYXzVua0twQUx5T256Zzh4UGt6Q2J1VGIyejRGRWpUaTZTaW5QQVFvRjk3SHpkclRwSlk1dTljX1dEVVJHQ1Q3aXJkUjVocDdaSUpfNkNSOFNJU1Q0YXIzMkllOVR3Mkl2cHlHVUZYYmE4TjY0bk5WZ9IBjwJBVV95cUxNSlo1eGFUWEJlNVh1ZnF3eW5vR2NKNGVoWFdxMklnNXRmSmwzN2VxMUZjaGZVTzBGaTcxNlA4UERIMzJsUEFCNnpoc051RkVpaElJSm1HcV9ZV1R1dTlKMjM0MEN0ZFFwM1JBdHFiSUZJQkNHYzZlSjQ2RkRKclhfVTJydWhrVVZaeDV0dFNhZ04ySVJHQkZwcXdzTzBOTG9jYWdxZEZuQ2hmUFBXOGJxYUtHUjNwcmtxNHNoWk9oTnp3OEE5ZGtDQzBNYVd1c3JCckVUNndxYVlDZURJTnl5Y1ZkQ1lWeVplend4bVUzdTZsQ2ZzTXRXMDZ5RDExQmtYblQ4MzNpODlKdWEzZV8w?oc=5,The Times of India,"Wed, 31 Jul 2024 07:00:00 GMT",2026-06-14T20:34:20.931097,investment_fraud,True,False,candidate,https://timesofindia.indiatimes.com/city/dehradun/now-9-uttarakhand-women-captive-in-myanmar-captive-women-stripped-beaten-in-myanmar-say-family-members/articleshow/112150291.cms
trading scam Uttarakhand,"Dehradun: GST evasion scam of over ₹20 crore detected, 1 held | Hindustan Times - Hindustan Times",https://news.google.com/rss/articles/CBMiywFBVV95cUxPaTFnakhQMklYRUc2cGN1NWRKLTg0ODBnLWdPdTBnOVMxdG4yNWhpRzFzUFdZNzJJb2JsWjJGMGtadzdUWUJwZ2xOdGFQRUtYd2tVZmstMHJWRkhXSm9lYTBpa2ZvaDdHa1A4T2tJaUtUdGN4dk9NSzFBQlQySVJTVlZiTk5URW11VTF5eG1HNTF4LVpjYlJFaTFEVnpqZXR6VTNhZ3ZwTDBrZVg2d2hqb0xxR3dGeHgxbHhVeEtSbC1qbllSdkJqdWtZY9IB0AFBVV95cUxPanQ2ZUNqNTJKLUx3a3Z4Rmp4MGFZbEw0MFN3NldkMVd0TFZnNjhBWFQxb1pNelhQRk1PV1BjWXdsRU5TZC16TXRSMUFtUm10WUdQTEVXd0o2U285UGd1VVowRC1pUFZPZDVMNGswU3I0UkpNUzZXQlUtV0FBaWE4R3hhLVhRVWY3MlNvempXa25vVjIzcGRBbGdwMVY0NldyUlMyUlF0MVVGVTFMV1E4T2NTZFVBbHgteWp1eU5IMDQwc2gzVFFRQnhFc05rX2Vy?oc=5,Hindustan Times,"Sun, 26 Feb 2023 08:00:00 GMT",2026-06-14T20:34:20.931122,investment_fraud,True,False,candidate,https://www.hindustantimes.com/cities/dehradun-news/dehradun-gst-evasion-scam-of-over-20-crore-detected-1-held-101677410273264.html
trading scam Uttarakhand,"Nepal unrest spills to border: Indian trade routes hit; UP, Bengal, Bihar, Uttarakhand on high alert - The Times of India",https://news.google.com/rss/articles/CBMi_wFBVV95cUxPNHU2SGNGNlFwOWdJVE5Pcm4xYTZWdTdwOUpCSUVoUFg2ZnlCYXl3QnhVSFJkZFMxNmt6YzJ1VnRYa2g0aVFEMmlDMmJPaDhBTlhoTGtVWFIxVmVjSUxmNW5lOEdTaF9vT24wbVFINVFWVjgwcFFyM0V5b2w5S2ZjR3Z0TmxXMlYxOEo5RmhTVFNFY3c3YURrTkllel9MZEVaY0xzMHYtQ09Qc1J2RWhXWTBMTVREWExLQXZlOU51aGxwVlEwSDJCXzhnWXZUekxEbEYxV0NJYl9lQmVEWHBPSnE2ZzlkbGZfNFZ1UDVPNVYzUE90Z2haUl9Vank0OVXSAYQCQVVfeXFMTm9nOHIzdzJlYUR0VDgwazN0Q3VialBvdkxuNmF3QXN0SFlCaHB1ZWFLV2pwUlhZSEZiTXdyMGhkUUd0TnJWMEMzY0RjRXl3XzkzX3Qxa3dQX2RmV1ZnZV9wUFZ0N0lRS013eG9wMGhlSnNsWVBMTjRVc2tWQXE2WFd0RUd0aVJsVUZ1RGprLXJ5NnliOWQ1bkE5VDY5WWtkcXZPekVyZXVmYm1JeGU2LXA2dmJmTnN4YVRxZXJnbTR5cU9ULWVsZE1qa2JDRUFfRk1vc1M5TG5pTTl5cDdyTDVlZ3QwNzJ2amVGTUwzcHJ6LXVUd1dOY3JGRGwzZUF4UlBxQ3I?oc=5,The Times of India,"Wed, 10 Sep 2025 07:00:00 GMT",2026-06-14T20:34:20.931135,investment_fraud,True,False,candidate,https://timesofindia.indiatimes.com/city/lucknow/nepal-unrest-spills-to-border-indian-trade-routes-hit-up-bengal-bihar-uttarakhand-on-high-alert/articleshow/123798926.cms
trading scam Uttarakhand,Uttarakhand govt seizes land owned by UP strongman Raja Bhaiya's wife - Business Standard,https://news.google.com/rss/articles/CBMizwFBVV95cUxOY1ZwWDhLRGxFQ2R1VmNmeklkWGVXdVNwV2x1d3VDV084MFVidWlCbnp0WnkyTldqbG1vVFVBQmRQeHJwVG1NNkVnWDY3LWFBUDR1bkNmNjRtN1JLaURrclZvWFVVVVVaV1Exdk9MSjBvbFc1Ymp5RlZpV29FOGM4bmR3dDRlSFdmYjcyekJnWkRyRDNOLXBxTEVoQ0g4WXVTT2R3OUQ0WTE3ZnR6VjhsWlFRWTNEY2NDNEhGQkJJRGhaazQ2UGxIWVR1dVBUR3PSAdQBQVVfeXFMTjR4cjRSSXR1a0NOM0h0SDNwcTdqVERMUllFTjg2S2FxYWlJTjVDNmd2S0xicnhmVFpodFExTGdFUHJnOWtvZDNpNmNya3FtTE9wcUo1TmhYZnZaUEY3bkNIendCQ3B5T3llTVdDeDEzYm4zOG1nVlBJT21GZkZ5em1DU1V6TEo4Mm1Ba1BYSUE3UzVEdUlEdmFNcG5kSUhsRTVBdlVfckZkbW5mS2hKSllSbWM5aERmaW9yeS1sTjh3azRJT0tPaDJnWlM1M2EzWFRyLUI?oc=5,Business Standard,"Sat, 12 Oct 2024 07:00:00 GMT",2026-06-14T20:34:20.931189,investment_fraud,True,False,candidate,https://www.business-standard.com/india-news/uttarakhand-govt-seizes-land-owned-by-up-strongman-raja-bhaiya-s-wife-124101200189_1.html
trading scam Uttarakhand,Bitcoin Fraud Case: ED Arrests Hemant Sharma From Dehradun - ETV Bharat,https://news.google.com/rss/articles/CBMitAFBVV95cUxNTWliV3hnLThuNGVJY1QydndtUEtEaHlGbEZkSXpXNnprZ010YzJfQ0ZzSG9jYmU4NllHS2dxVVczdTRqbmJRYTRwZUFmcVJxSGd2Vk9YbFZXUjBmMXZJa2VodHNPcUh4TXVDN1BjTUhVa2IxNGZoVlNmOXQ2bWhHR1N1bE5fLTkyWm1veThEbmNSVnNvRnpKXzVodm4xaHJHTENXUmNRSkhnVGtCcjY0NUY5TmvSAboBQVVfeXFMTzJtaTFIY0owWlIyMEdSbDhwQ0kySVdFX0l5R1JZbUhXSzNxUHR0eWhOTzFUakVjSFVGNVhzVWU1QVdiM01XbGd0LVpEUXhKZUo5Vzk3eTNWUkpkNW1wLXZqSC02ZzdoVDhObE5qMmNkTEZJZDNLenJiTGpCdm5tZVA0a3RtTXFjS3JQSW9FcHpTa2swZVlpNllCZ1JJajhIVmZBNmJLU2I0WHFPcW1pUFFVbkpGVFdLeWFB?oc=5,ETV Bharat,"Thu, 23 Apr 2026 07:00:00 GMT",2026-06-14T20:34:20.931281,investment_fraud,True,False,candidate,https://www.etvbharat.com/en/state/ed-raids-in-bitcoin-fraud-case-across-dehradun-delhi-and-roorkee-enn26042306552
trading scam Uttarakhand,"The official death toll of 2013 Uttarakhand floods stands around 5000, not 25000 - FACTLY",https://news.google.com/rss/articles/CBMikwFBVV95cUxOYUNwLUZZSDhGRlJUa1FwY2MwTDFjdEVVMFk5czdUM3ZzSWVwLXEyWFo5ckpPNTU2ak03eUs4bGdOZUZraHR5VldMUkhoQ0dLel9NWV9zRDg5dmgzY0gyQm53cDAwV3RJVl9xNDR3eTExMmJmQTVYYWwwWGNWWDJrQzVOQ2MtYjVLMUJ3bm8zNGhxUlU?oc=5,FACTLY,"Tue, 30 Nov 2021 08:00:00 GMT",2026-06-14T20:34:20.931373,investment_fraud,True,False,candidate,https://factly.in/the-death-toll-of-2013-uttarakhand-floods-stands-around-5000-not-25000/
trading scam Uttarakhand,Endangered pangolin most vulnerable in Uttarakhand - The Times of India,https://news.google.com/rss/articles/CBMiwwFBVV95cUxOQUpHZ0VTZUlDcGs0VmdtY1RrTk5PWDgySERyR0JPZFNPWU5ya2dtcDRmWFMxS2tvM2poRFl1ZzJhNWplZ2RFSEE5MExWanJOcDJMRzJhYnpTUGVzWFZvd1JOY0VfeWJLZ1FXZlNXYUo4Ym9JdnZWbkwta2tyc294YXN2N3NOZlFlZmhmWTh5TEpqaklvTTJ4dEhJcUVTaFJsa0o2VkgxUlNtNkQ1VVZkblMwcWU3VWtHYWNkaE5DYnpsdGfSAcgBQVVfeXFMTi1IT3B6dlR0aDJrMUh3UEZoM1RPeDQta18zZXpDcXVMZjFhbUxRa0xESjc1RnhhRDhiOWxXZ2xQZ3pNb2ZuQ3ZpSTREQ21JREZqVnBoT1VqS1QzZkNUR1dzYTJhWlNuUXJqRWVNMVBMcFlDTThqd25iaVdPdXFVLTNxNHhLSGMxU21IVlB6YWxGbE1VTGxHZGtnbVM0QTRQd1gwaDgtTThIdmJBSmFHM0pmbXU0azd2WTdXcXpxRm5IQVhFcWRoRlU?oc=5,The Times of India,"Sat, 22 Oct 2016 07:00:00 GMT",2026-06-14T20:34:20.931401,investment_fraud,True,False,candidate,https://timesofindia.indiatimes.com/city/dehradun/endangered-pangolin-most-vulnerable-in-uttarakhand/articleshow/55000180.cms
trading scam Uttarakhand,Dehradun’s Top Businessmen Face Income Tax Scrutiny - The420.in,https://news.google.com/rss/articles/CBMikAFBVV95cUxNdHZ4aUpwb1kxcHBJd0V3ZTlNd25HQkctbXlCMUhFdk5KM0hyU0l4eDVEUnE5bzgtclMyOXZiMU8zYzR6c1QzamZLM1BPaGlZRWhoRGlDcjZWM1FfN04zYUFoMDhvLXI5Z09KZjIxNG42VU9TZ2FGakhsdTk1RThEcTBqakZ4N1F3Nk1WU0pyYlc?oc=5,The420.in,"Wed, 12 Nov 2025 08:00:00 GMT",2026-06-14T20:34:20.931414,investment_fraud,True,False,candidate,https://the420.in/dehradun-income-tax-raids-builders-liquor-traders-undisclosed-assets/
trading scam Uttarakhand,Eegant water shrew sighted in Uttarakhand for first time - The Asian Age,https://news.google.com/rss/articles/CBMizAFBVV95cUxPa3ltbmZHTk5rdXRWVlNNajdPbU5wUHRkV1JybWFFbkZ0MnJVZlplc2l4blRDWnQwSlFFeWpsQ0ZPb2xxX3dtb0V5Tk1FamtPclpWdWs2X1I4SC0waDhIWU1uWlBkNnRnSWdmcTE3VG03RXBRVWJCMjNjd0dObW1pVkp6YV9OcjMzNkhuMzgwRW9rcG5rNW9NZjVNT2xEWTA0NHZTRmtoWVoxR0pKc1VrbExNWnpld0FOd1VvTVdISkhtX1FlQ1VjZjJfNlTSAdIBQVVfeXFMT09YSHExbGRLdG1FWGpiZWhyUFQtaVJxUlNfbm5qZEFOTHRjSjZILXJNY0JRUnNkdEN3dkdud1BRd3dDQWk2ODFiSUlkV2VzX1FTWlV4MENTcHQ2QVk4Q1ROSWxRbGlFWWtVMnRUTDR0TmdOYklkSWpyaEEzRU1IYnBneGlSZHdxczBxYWx2Q1p5bmtwNzVMSml3Tzg5SXVOMEszS2dLbmlzRmlmN050NzFkSHN4X0tia2Q4Z2k2RFJWQ25EUmM1bFd5ejBzX3ZscEtR?oc=5,The Asian Age,"Sat, 06 Jan 2018 08:00:00 GMT",2026-06-14T20:34:20.931453,investment_fraud,True,False,candidate,https://www.asianage.com/life/more-features/060118/wildlife-enthusiasts-sight-elegant-water-shrew-in-uttarakhand-for-first-time.html
trading scam Uttarakhand,Uttarakhand: CBI arrests five accused in LUCC Chit Fund Scam - lokmattimes.com,https://news.google.com/rss/articles/CBMingFBVV95cUxNckJGb0xiYk43X19qRmJraVNiUm1zRzlsT0hLcmVzSG9uNkU3Y01tb0c4Vmluc25VZzNQWmE0OTM5Z2dLRnhuSHVNNkZxOVhScXo2SnpKRGVzdFp1R2ttS2V0Rm1oOWxMREZ1d2trcXRpVHFtU2VHMmhEWm5mbzZhc2xiOHJBb3BPWFNJR2xMVFNhMlo4bjJiT1ItUXNzZw?oc=5,lokmattimes.com,"Wed, 13 May 2026 07:00:00 GMT",2026-06-14T20:34:20.931470,investment_fraud,True,False,candidate,https://www.lokmattimes.com/national/uttarakhand-cbi-arrests-five-accused-in-lucc-chit-fund-scam/
trading scam Uttarakhand,Uttarakhand: CM Dhami inspects Dunikhal-Ratighat road construction work - India's News.Net,https://news.google.com/rss/articles/CBMisgFBVV95cUxPX0NFaDVud1J0b2FZaUdXMXNGUUxvVS1hZ0x1d0dXLVRma2ozV3VYb1BHZU1zWF9SQ24zWmVsa0xuSmtjOU1Vam5QVDZqWmhlNnYya05wU0FKTDQ5YjlnMFJpbkVEN1MwVjBxSUVwMGVYamdXUWEwaTRKVXNpY0NKb1FRcFh0NkFXYzR6N2NjLXVDUTdsYVg5emFoM1YyNk5WXzAyQmFFSUt6NzJ4cEhKN0RR?oc=5,India's News.Net,"Sat, 24 Jan 2026 08:00:00 GMT",2026-06-14T20:34:20.931525,investment_fraud,True,False,candidate,https://www.indiasnews.net/news/278828425/uttarakhand-cm-dhami-inspects-dunikhal-ratighat-road-construction-work
fake investment platform Uttarakhand,"Uttarakhand STF busts fake medicine racket, 2 arrested - India's News.Net",https://news.google.com/rss/articles/CBMimwFBVV95cUxOVFVnakFwbHRSY3VfTU1ZS0pIRkV2RWg1OWxxeUxJSnhMMzlBZXNUbG9kOU5OUTlhRno5Wk56emJjb2xxWlRiN1BSVTJaWjduOTZRck5RU3A3WHh0cUlncDE4emFOOEZfekdtMUdaNVJ3Y3pIZEpRdk9vLVhNU2J6ZldhMTI5dmZCdmJYVjZOT1JXd0ZZMXBkM0tLRQ?oc=5,India's News.Net,"Fri, 22 May 2026 19:30:00 GMT",2026-06-14T20:34:24.723490,investment_fraud,True,False,candidate,https://www.indiasnews.net/news/279069138/uttarakhand-stf-busts-fake-medicine-racket-2-arrested
fake investment platform Uttarakhand,'No massive forest fires in Uttarakhand': Forest Department busts fake news on social media - India TV News,https://news.google.com/rss/articles/CBMizwFBVV95cUxPM21CNkd4NXRhNklqWWN2ZFZaVVpQN1BfdW1ueENFMGpvcFlCQjdmaGxKRV9sRUlMOTJ3UE0za1BuN0VsU3BtMFdtTUZZalhxdl9CZWZ4X0JFRkVuRHhjTUEtVmxSR2NtWjFiZEotUzVCcVF2NnJvVnhkTXVXMGNSX2daa0tlTTFpdmZ3cnNTN2ZlU0lNSm5tNWhWUk9BSTJHVjUxT0FacmFzbElVYllJWlRJZXVoV25od2NaR3NxdUlkZ1FuMnMwSFVUOFFZNUnSAdQBQVVfeXFMUHVGQzdhU2NWNkVLQUdNS1pxQnMyS2lkZjdwZkx5N0hSQmFINGI1QUc1cVZQM1YyX0NtWk5zM1dFdVVyUldKYmh1ZWF2TjlVVVQ5bi1uODF1TmptZmd5TE91cHBIWGF3U09xMzdaT1EtMngybVRSeXFjNzlaR0laOXEwbTU3WlY0Uy03ekdIMTNGQmZHdlpuRGJWQ2VxVTg2dXBXM0tBT0NJRnBIWkhmTDBDbHBobERhZUsxTVpQLUxHM0NYbFJab0dFc29zUzhBY2hzQ00?oc=5,India TV News,"Wed, 27 May 2020 07:00:00 GMT",2026-06-14T20:34:24.723497,investment_fraud,True,False,candidate,https://www.indiatvnews.com/news/india/no-massive-forest-fires-in-uttarakhand-forest-department-busts-fake-news-on-social-media-621047
fake investment platform Uttarakhand,"Fuel Shortage Rumours in Rajasthan, Ahmedabad, Uttarakhand: Huge Queues Seen at Petrol Pumps After Messages - LatestLY",https://news.google.com/rss/articles/CBMimgJBVV95cUxOZGlSUHNUaFN2Mi1ERmtJbzFXZHlab1JBQ20tLW5IZEJQSy1xTTBIcWdsYzliSm1NVkt3cHp5R1ZZUV9YLUtCMElFaVBTbDB0TjQydUFOenhKNGUxTEJZYWJXMDJYLUw4SWdqWGFJTWlINk1vdU1TbFBYcFBuemhkX2t2dVJKbm4yNWhMWElMY3AyMngzVnE3UUhwMEw3dUpJckFpcmduOC1NS2thZklWUTU2elUyQk9Db3FMT205dlk4MDlGZm11QzJad0pIR3BNQ1lPRjNuU21nUlhyaUtGQ1JCaGpNY2pZdmZPRFFxSDNBTXBjdTB0WVpCS3YzZzNIQzhORFRhTE5ZeUs1Vkp2dGpJQnl5UXBtOWfSAZ8CQVVfeXFMT24ydUJnU3k0c2VjQ2R4UXVQZDVCaFZtZ3lLdjVGdVhPbzFQb2lWNXZVd3V5UUFlQ1ZFNTVCTjUza3NMODVzUW8wQ055RnBZVzZNV0Z2M21zYmRuT1FCc2l6Rng4a25CcEt0VGRvUE51N0F2NDRKbTlySVp5WVRuU1Vmc1kxZG1nZnVCSWlwdzVoY1VjLURrTm1PZnRRdWRMVnhoMDg4dEtDYTNuOWdiRWtmZXpBVFpLbXFhTXlKVkR5RGZCX1JlUlNqejF4dFBvckxWTjNkRWx1SXpJWXE2OTQwaUN3TFJaWmZuY0RmdG9tbjVwZ1FxazJHMl92NnpETV9Uci1zWWJObmVLckd5MGNhbkVHQ0d6blZsY0R3UDA?oc=5,LatestLY,"Tue, 14 Jun 2022 07:00:00 GMT",2026-06-14T20:34:24.723504,investment_fraud,True,False,candidate,https://www.latestly.com/social-viral/fact-check/fuel-shortage-rumours-in-rajasthan-ahmedabad-uttarakhand-huge-queues-seen-at-petrol-pumps-after-messages-on-fuel-crisis-go-viral-3824282.html
trading fraud Uttarakhand,‘I Will Not Bow Down To Hatred’:Uttarakhand Man Who Shielded Muslim Trader Becomes Social Media Star - The Times of India,https://news.google.com/rss/articles/CBMi_gFBVV95cUxOdlRzaEpGeC1xMVk2NjZqZXFaNHlyMDN6R3U0SEtHamJBcC00ZlBvMFJPTlVoaEtKOEsxUkpQcGhma2Q5ZmdWaldWeGJmM29GcTc2ZWxqMWRRalRIX2l5VmRiU2lwdy1uSzZzbGJyU3N0VzBzZXYtY2RBbHpVbzFReTY5Z0FfU0NZU0RwTExBQkhzc1VSMHRsalhHMGlaMVpLMnE0SF9QOE1rdmhUUVA3dUJDazVwRWx6UEJ3ODZ1N2l3bHlZOXJjRzIycDlqQ3hIUS0wVG9xd2lRLThRM3p4NUtqbDZiZjNrNC1kV3ViSy1BTF9aRTlDY29ORHhuQdIBgwJBVV95cUxNZjdlT3dzTDJ5ellGMmJyQ1g5NlZwUzNzaVVaQVphSVJQUjRiMzlZOHM1SjFuR0s1SGk4b29xZEt6a2g4RWZKVlktRkdHWVdKcEE1aWdacWNtSVRwQmVFbW9zUFhPWndJaG9OX01xY1hvVk9CV1MtbU5uaXBGRVFVel9iRHVWdFozRW9FeC1hYTBvU0FyNnpUeEZpei1CYVByNFdzd2VLb3RDSmR1QV9UZ094Mk1NMi1DVDRYbWRfOVFVWVY1NFhpVzUxekp0b2tHeFk1M2ZMaXc1TjR0MVJlMk1nRG14SUswMDVOdzgzcG1wRVNaV2Y5T2N2T1JaTkdRM0lN?oc=5,The Times of India,"Tue, 03 Feb 2026 08:00:00 GMT",2026-06-14T20:34:26.525608,investment_fraud,True,False,candidate,https://timesofindia.indiatimes.com/videos/news/i-will-not-bow-down-to-hatreduttarakhand-man-who-shielded-muslim-trader-becomes-social-media-star/videoshow/127880883.cms
trading fraud Uttarakhand,"Uttarakhand GST dept files 3,500-page charge sheet in illegal timber trade case | Latest News Delhi - Hindustan Times",https://news.google.com/rss/articles/CBMi4wFBVV95cUxQeFVyaER4Y2FqZjVDRDdDVUwtQzBvcTB3S1BRTVhFcW96RmFVdGgyb2Noa0dfWFR3M05EQnBNaWwxV0hQX250OERxUi1YUFJVdDFlaTluNkJNQUE1V0pzcS1ZYlo2MFlyTFBrX2xMRHljaW10YVhqUDh5RkVmNWRUN2Zoc3FmRUcwTS13eFRJaVNvRGpVeVlBSWhRZUlCWHB0aUlmU2UxeG1QM2V5aEJZYnNlNk90YThzQThVRmRsenk4d0lRVzV4SWNjR2pVX1dORlNsMHRZY2ZHbmk4NkVybmN3Y9IB6AFBVV95cUxPNWlyZmFYVlNteEVKM0JpZFpDR3U4ZV9zazllMGhway1ueFZZa3hqMEZGX09BRzJJZ3RkLW5uLWJLdHRWak1BcnUtRVZQdXRMMWlqenpobVMtYUFmRlQ2NHdMUktHazhOQWd0SkR6My05TFZ1djJfeVduSWh2VDlsdmN0ZVY0eWxzanM3bXZialpDbmxPUjBUZllHTHBia21CTXh2MGZRNzFXTHVNcEpXLU9EM0wwRGNqX3F1dEdOaC1DeG1IQ1BvV21DeGpPSF9ZZDZ0S3BFMTBxdG9oVVgwMW1tRGdTLTl6?oc=5,Hindustan Times,"Wed, 20 Dec 2023 08:00:00 GMT",2026-06-14T20:34:26.525673,investment_fraud,True,False,candidate,https://www.hindustantimes.com/cities/delhi-news/uttarakhand-gst-dept-files-3-500-page-charge-sheet-in-illegal-timber-trade-case-101703045978146.html
trading fraud Uttarakhand,India-China Border Trade Through Uttarakhand’s Lipulekh Pass Set To Resume In 2026 - ETV Bharat,https://news.google.com/rss/articles/CBMizAFBVV95cUxQdDQxOFRZc0ZyZzhOQjE4cC1abmNUQ2loQ2ZuQ0dGY3BtSklOd0s1bDB6TkdXZkxjNjNFcTlkM19uSWNoMUxnSUpMWWNCcFhwUk1MZjFyaUdjaTN4UkdPTlFNUmJDSEkzR040dFpua0k0NS16VWl4Vl8xWk1vYll3VDUwYXlaRDdXWThvUGhqMUw2aHlIOThSUTBCMGhwNFpGMlZZMkNGMmswQl93bFZKNnJkLVdrSUhPQnJfZlo1UXJENU5oWXBtNGJ6RE3SAdIBQVVfeXFMT09UTmF4MF9KNHcyVDh3a1VaS3pLZXJZYWVkSm1hUDJ2Ny11WmhKa2VHV2R2NllqYXh6elpzLW9RRzVNTHU0X1c0NW9HdjBWbFJuRS1fTGwzZ09iNm9Nb1BEM2RZMmVmMWhKSXZvN2FBSTB2QXhIRG1QRWNFd1RPRl9UWHlJQ3RNZHBSOWNOWlBQZ0d5YUZPdVd4VVdFb0VMd2ZVZU1IRXFxbnFuYWZ6NXVfZndYNW1Pd0RGWHBVNlB4SGxGZENPWmlhNWZQbnJ6emx3?oc=5,ETV Bharat,"Thu, 19 Mar 2026 07:00:00 GMT",2026-06-14T20:34:26.525727,investment_fraud,True,False,candidate,https://www.etvbharat.com/en/bharat/india-china-border-trade-through-uttarakhands-lipulekh-pass-set-to-resume-in-2026-enn26031904855
trading fraud Uttarakhand,86 Muslim traders asked to leave Uttarakhand town Dharchula - The Times of India,https://news.google.com/rss/articles/CBMiwwFBVV95cUxQZ21uQlBmQW5TajQ4eGllR0w0U3pXcDRYQUtVa052MTFSX3k1WjItUDkxQVFURlg4TE13b0EyQVFHWHBqbHpPWWUwNlVwcmRwYVcyUU83czdXQ1J6MFZ6UlVQRkhOdUtuaEpuUVF5TEcxdEZZcWhaczdpSDNtRUMyaVUzOHVDaWdOZUhaV21nMG1VZjJ4QzBidHFWWkxZaWoyak43Z0ZVUFNZSmN0TGJIVl91MG5zUHVCVE1XNWpxcU1xZ2fSAcgBQVVfeXFMTjdlTVVCVTFoNHYyME9GZ3VyNVl4QlRsY1RiZjZfeVV1NWNPUnNfSVlpV0dMa2NVQjIzRDVtMlktYjZUT2tPTC1QS050OUxBR29DN185Y04taUhCV1lYSEE5WG1LMkxPN0dOLUFuYWh0Z3BZTlJBS1MtR1otTWZob09HamlSbXU4OU1oekFFUktDaWNxZFgzYUJYTXdwTlphWS04dUhPdFplS0NMZWlaanQ3c25pWUNXcUs5Yk9lN29MWmY1aVNXazI?oc=5,The Times of India,"Tue, 19 Mar 2024 07:00:00 GMT",2026-06-14T20:34:26.525768,investment_fraud,True,False,candidate,https://timesofindia.indiatimes.com/city/dehradun/86-muslim-traders-asked-to-leave-uttarakhand-town/articleshow/108603561.cms
trading fraud Uttarakhand,Uttarakhand: Traders in Chamoli town tell Muslims to leave by Dec 31 - The Times of India,https://news.google.com/rss/articles/CBMi2wFBVV95cUxNRGkxX0dZUVI4TWFlUERURnlLNTdxMndaeW9rd2s1N2NRQTMwODBoeE5FRk5aUGxRazNWUTFKZmIxd2NTYlZ6UVNwS1QwbWhHWjNOUnlMNVBsblRENWY4NUpBdFo1R25pOUNRRGhHeUlSeXhLajJGeWdXcGx4N0tpRXNIUnVlZmdOMXlnbDktV1NHNFJULVFwSkNTWXR6cHhjdFozTTNLZzJlajhlNGZKZDJyeXhJcWdrUmwyUi00RlU1YW8tWFc3TmJjcGJtc2hwa1lTWWZGblh3UUHSAeABQVVfeXFMUF85THI0TnFjel9xb3pla28xMkcyenZQaTJ6MmVDMTdBUUt1WmE0S2dzVzJJLXJBRFdSLVVNbDRuV0ZkMGZfLTZfZ3FUeTlCeU9zb0gzaTZJdnhBc0xkYjNqdWZVeHJYaXo5TU42RGViZUpCZXQ5ZllMQl9BWElsMy1sQ2ctQXN5WFJ0VTRVWkdSU3AxSUVxYjAxU1IzbXBMNERETXNka0NxNFUtUF94RjJIcWRhV1NmREs3cjY0eE1ySk1VU2RVbmNqYlcydVV2dDNpS3dzZnNJV2ttdVc5WGc?oc=5,The Times of India,"Sat, 19 Oct 2024 07:00:00 GMT",2026-06-14T20:34:26.525813,investment_fraud,True,False,candidate,https://timesofindia.indiatimes.com/city/dehradun/traders-in-chamoli-issue-ultimatum-for-muslims-to-leave-by-year-end/articleshow/114358137.cms
trading fraud Uttarakhand,Uttarakhand records 90% dip in overall sales - The Times of India,https://news.google.com/rss/articles/CBMiugFBVV95cUxPamxocU4ybGZTdE16YnVrT2VtcDFHQWxQVGg2MEE5NEVkN3FWaFRnSUxPcHdudUFZS2h0Zm9iNEtYZlRJR3dEXy01RlF3cUZ1S1NpX213TFdRLS13V2hrMEpSbzZfMUg3NWlRWERBdDRDcnJQU1NLck5XVzZGb2RDMEJtRHRia2picTE2ajF2UTVQSzFDWkFjUG9LQkRvVkpyN2FCR1RJc010d3ZLeDBzR1oxOTZxeWJvUnfSAb8BQVVfeXFMTXVabWtodUVVVFZjX1lkUExkd1dqSDFCNER2TzNfYW51UzdEdjVDaWd2M3lpUWN5b2RER3F3OFhfZlhTbnQyV1FsS2FlT28wUndEYktfeTh6WVEyQnprMmZiMC1uZTc3R0ZRNzZHUDk2YUVEWllHSmVCLUNhVjNaY2NFVkJJc0xoWGtSdDlWT1V2UERlZXlyLWhQWXlpR0N6VWxza3daY09rdGQ1YTRwRzhCZjR1cTBjM3JvOEUyMFU?oc=5,The Times of India,"Wed, 09 Nov 2016 08:00:00 GMT",2026-06-14T20:34:26.525922,investment_fraud,True,False,candidate,https://timesofindia.indiatimes.com/city/dehradun/uttarakhand-records-90-dip-in-overall-sales/articleshow/55336624.cms
crypto fraud Uttarakhand,"The Coin Laundry | Hall of shame: Haldwani man in US net, Haryana businessman who stole $37 mn - The Indian Express",https://news.google.com/rss/articles/CBMi5gFBVV95cUxQRjJ6MVFZRjBNZ0p5b3dRRE9XNjFOTVdXMk9BVGRaU3lZU2t5OENfS2xkeG54ZHhPQ21HRzBDNktFVmpjRDNtTUpIZHpZcW9YRzd0YXY1NG9qU1l1RndBU1B4cEYyZzktbDJMc1YwR0NhaDVqdFpTRG82ZVdKZklxaWxEVGdmYXdiMTg4YXRHeHN4T2VXMFJGeE4yTTVsYzVWLTZja0o5MDh6R1BNUDg1UldSWWdDLVFNVldHYXVBMHJCWE9JLWtlajBtcmpHc3NsamRoYTZ3bkhDblJOVlNlNGx1T1V3UdIB7AFBVV95cUxNeDNsSmRWbE5aUF8wenhJcHBxWFdzMGtDN0sxcWltRXdIdkJPOVV1Z3BkeEJtT29pX3MwRGdsMHFvUUY0a1pETHFtY2NsNHAxNDY1ekoyOUpfREttd2RCRzUwTkxrN0FnNFlhaTBSNW1wdjNSR2FlamNZRV9aLU5sYVVEaTUwYi1kYmFBRnJSRE5VQXk2eXBnRXVUQVR1TnZxOEdVOUY1eDR3RkIxWUEyOTJIVW4yclJSdlMwanhnWmt3dmZTZ19jVHBmMDhTZlhsLWwyZlNlU2ZWUGdXU04xYjlDaTBOcmNTWm9CYw?oc=5,The Indian Express,"Tue, 18 Nov 2025 08:00:00 GMT",2026-06-14T20:34:28.232605,investment_fraud,True,False,candidate,https://indianexpress.com/article/express-exclusive/the-coin-laundry-hall-of-shame-haldwani-man-in-us-net-haryana-businessman-who-stole-37-mn-10371454/
crypto fraud Uttarakhand,Uttarakhand: ED attaches properties worth Rs 4.56 crore in BTC fund scam - ANI News,https://news.google.com/rss/articles/CBMizwFBVV95cUxPZTlJX01QX080Mk9WaVFnNW1zc05ycFhpcDlCYy1IOWk4VHQ4RHBlNFBKMzZZTlYtcHpHQXBYWEtyM2FvS2kyaG5qQ1I5TlNmWkd0TG1hUzhMSnZfWkN3U3RRYVUxU2I3TGIwbTduN1F1cW5oTC1SX2pHWkdMTFRLQkhxZmFtZzFYNjFUS1NfLXJ6eHFTNEE2N1J6U2R6bUJKYmVMaEdURmpUcVB4aUVwUGZWUHZ6ODFPSE9YVGc0TGVxUHFjR0d2VHdmYkdrQkU?oc=5,ANI News,"Mon, 16 Dec 2024 08:00:00 GMT",2026-06-14T20:34:28.232826,investment_fraud,True,False,candidate,https://www.aninews.in/news/national/general-news/uttarakhand-ed-attaches-properties-worth-rs-456-crore-in-btc-fund-scam20241216220104/
crypto fraud Uttarakhand,Uttarakhand flash floods: Death toll reaches 5 as rescue operations continue - India Sentinels,https://news.google.com/rss/articles/CBMiwgFBVV95cUxPZzIwYnZKeG51THhKMURnYlotdGNUWFRTYmdSOWN1U1BCY2toaFdIYm5VT1hvOGRHWDk2TExnVWdEVlZZQ3pDQ3Nkd3BLeHY4US1SZWZEbVZYM2pIdEF6WTNhbFViLU5Mc3FwUk1sRVc2a3l1MmxFNmF1azFpZ0luM25WRHZiNURkRzhsN050akFFaTZjM1IyYWlUTUtJWjdtZDZXZnBzeDlrMUZZYUJXM1FkdGpIYm5uUDAyMVVlMWpLQQ?oc=5,India Sentinels,"Thu, 07 Aug 2025 07:00:00 GMT",2026-06-14T20:34:28.232872,investment_fraud,True,False,candidate,https://www.indiasentinels.com/general-news/uttarakhand-flash-floods-death-toll-reaches-5-as-rescue-operations-continue-6965
crypto fraud Uttarakhand,"Uttarakhand flash floods: Over 100 missing as deluge devastate Dharali village, rescue operations on - India Sentinels",https://news.google.com/rss/articles/CBMi4AFBVV95cUxQY3dOTzVpTVo2MDVLVFRsRkx6V2dsYWNiYkVRaXlYeWFraDhyTmMzcjdHNVhkZnpCZWNoSEJmeWFQY0I0dFN4YVFBbV8zY0Z6MUhsUS0yc2RVWDVMTW01ekI3Y1NYVHFsMEN0SW5FZFdfeklDOVp6bWk3NGp2bnVtYmFXcjg2dlRjaUJzQjN0SGY1cE5GSUxpelQ5aWQtUWlvWEYxMEJLeXBPQU0yeGxrTlAzMzVuUGFzTkpGTHZ4ZzViVGJldmVHY01jODBVRmRkX0E1NWJpODhySkZ0VmYyZA?oc=5,India Sentinels,"Wed, 06 Aug 2025 07:00:00 GMT",2026-06-14T20:34:28.232953,investment_fraud,True,False,candidate,https://www.indiasentinels.com/general-news/uttarakhand-flash-floods-over-100-missing-as-deluge-devastate-dharali-village-rescue-operations-on-6963
crypto fraud Uttarakhand,"'Indeed a delightful experience': Uttarakhand CM Dhami attends Kedarnath opening ceremony, lauds temple c - The Times of India",https://news.google.com/rss/articles/CBMi7AFBVV95cUxPa210cXNYTVJ3Wk5GaFBzUlBuZFBkOEN5YUFTeG5fWW81LW1NRW41MTY3Y0h2X1o1aEFrYXdRRFhCcm1yQlVQYWhrVEZhenVTRjduRk5sU1cxYmctTzlDc240dlgxMXRaQmNIM3RBT0hGdjZaOE5iTUd5Z0hlczFTZVExb1JQN2oyM05QN1Nfbjg1SERVeUNadklCSmg0VUwyWTUwUUx6WDlfeTJRaEJfY0lBbVdhb0xqYlp5WC1XZ1ZXNmNudHoyNjhyZjVPbkhzTTBpZDk1VnZiMnp4TVVZNkdiM2NWUDl1RG5EN9IB8gFBVV95cUxNOFVFNFhSZjFLUDdzZ1IxOUp1ZDBuOGZmYmxkeWVQYks4bFdvUENGSzdRTlNRcXVNR1JIVlM2OTQ5U016YXpnQ1RGTDR5RVBvWjd1NldNRXdzTTVFSjdoalZOX0FrTHM3SXVDMUFYblVJbHhWWGRZNTFBYTZBSlJnV2t1aXQ3eVEzUEZjSzMyMDVmWGdOdlhURHFMVy1SNFVXSTY2MHlKOVd4cFE1SlRPeXliQkp6NzJ2Q1pLMFVJdmt4OVpNbzNzZ3JWVl9RZlk2alNhNEM5dUlJei0tTXVEbGd6UkhvcWk3WXhEaW8yd1dYZw?oc=5,The Times of India,"Wed, 22 Apr 2026 07:00:00 GMT",2026-06-14T20:34:28.233001,investment_fraud,True,False,candidate,https://timesofindia.indiatimes.com/india/uttarakhand-cm-dhami-inaugurates-kedarnath-temple-highlights-improved-pilgrim-experience/articleshow/130433611.cms
telegram scam Uttarakhand,Uttarakhand CM Dhami suspends Home Guards’ director over uniform scam - ThePrint,https://news.google.com/rss/articles/CBMipgFBVV95cUxOdzNkN3lpbU5TMEJCVHF6Rlo1TTgyTHUzdmpvdU1GMzk4c2F5SzB2WlBNczdMSVEyblhFZ3hoSUlfZHp2bnhwSmhOcWd0WjdMY2ZhWGduVUs0Wnd0UGZVMzhZYWxkelRPMkJva3FsZWNydHpfZVBJY2NmVmdlZzdyd1o5dFk1NklwQm12aExETUZtcl83YVR6SmtFQVlTTWd4a3F1REJB0gGrAUFVX3lxTE1JekNTdHZDSGxCMnZEYXFnM0hmdnFGS250cjAwNXpoa0MwTV9Ta1ZwWVpKZjVqODZ2MkRTc2I3Y0hrVGViemN3bC1USmFFeVo4aHVyWFhoVzVlTzhqNENucFNfYUU1YTVQLWpzQ2doQ2VnT2xpWEdyVU5ONG9QTDl6VEJaTUJkTTJwcGJfaEFPMUJfcGJsMUlTelNJNkk3ZlNsSlV5NUo2TUh2Zw?oc=5,ThePrint,"Sat, 24 Jan 2026 08:00:00 GMT",2026-06-14T20:34:31.964848,investment_fraud,True,False,candidate,https://theprint.in/india/uttarakhand-cm-dhami-suspends-home-guards-director-over-uniform-scam/2835539/
telegram scam Uttarakhand,"Uttarakhand GST scam: Officials float firms, make dealings with dubious company to unearth evasion - ThePrint",https://news.google.com/rss/articles/CBMizgFBVV95cUxQNVFMZnFGNUN3TTRUWHFUNlExcjVnaVZiQlpNSFB3Y1JzM3ZmN1dsUU5kZEhCeHZDWnhhcUJQRzBSYXBuUHFmdDFFNHNfMFhiYzlyMGJUMVU4czBtT2FFcVpGM0p2enZhMDFFRTJ3b3hRMXVqMm9UcVQ2cVhodDJ2TXVFRlZ2RU5Ec0ZkMDBFSGVmWVN1QXBreWc4ajZ2X2lzeGdOTmJXN1JIOWFVNVdIM1dReE80VDU5VEJad3pneXhaQkJ3b2VUSjdfX1g5UdIB0wFBVV95cUxPRnNtN25RR2RtcnptZVhXSTNfNVFEeGUxV29RQ2tCeVc1RDJhZ28wTFQ5RTh6VjFqV2kzaThnSDV6WTNzRWF5d2hsWm9rS3RmU3o5V2hpTkl3NkRRYzkwUmRYbUUxeWE2c0ZVVXFybVhFSHg3b1J0MHdERnd2aDREaVFobDRBYlowZ0lzTDZVWnJyLUw2RFoyMlpRMXVmM0YyUlBzZ0dWVmoyZWZJcXdmNDZ5MFZrTGdOTHBmTFRHZTVtbjlVcVBfVFZfR1NHZWJVV1VF?oc=5,ThePrint,"Thu, 19 Mar 2026 07:00:00 GMT",2026-06-14T20:34:31.964856,investment_fraud,True,False,candidate,https://theprint.in/economy/uttarakhand-gst-scam-officials-float-firms-make-dealings-with-dubious-company-to-unearth-evasion/2883968/
telegram scam Uttarakhand,"ED Raid News: UP, Uttarakhand और Delhi में ईडी का 7 लोकेशन पर रेड, 94 लाख जब्त | Fake Registry Scam - News18 Hindi",https://news.google.com/rss/articles/CBMi2AFBVV95cUxOS1R6azQ2NGM1THdjNXV2YTdkVG9HRVZVVDdmZDVJRENwakZhQi1FNC03blFCWkdNMHpxbkU1RGppRlNTYm9GZlBuRjlBZjBXRmlvZWo1MkZjeXhKOTJDTTVLVmN1YWpTbFh0aEtfNkgwazI3MWpKa1hHR1dvSEdVY3ZaWk92TkthZXRCNlFsVmZDRHFHNlc3cXNPcWM1Q2t0U3RjVG9WLW55NXkzZUl5WEtvUlEzM2lqNkVBRmt0TDNGYXNfVFloYzN4QTRCb2RqWFpkVDNhRVPSAd4BQVVfeXFMTm9OTFBGWWlEbFJaTzYyVnA2UHg1amw1LWRlZWlvandlSU1PVUY1RDQ0TnFLZF9yazI5cG9rRjBPV0NjdzdFYTVYXzZkVWhUeVNuQzdiUENYM216ek1GZWdUYmxIOFkwcW4tZkxPN01FeElRWDU5b0syNnQ1NzlNaHItd1NNYllWTVh4V1RNdHlGZHB0ZjJTSGU5RDUxUklFcXRhUko2Zkw0MnZOc3Q2YVBpdlc0WkVoU29TeW9wMG1MM216bHk0NERZTXRtd2huMjJLSU5kQk11eUc1LXN3?oc=5,News18 Hindi,"Mon, 02 Sep 2024 07:00:00 GMT",2026-06-14T20:34:31.964903,investment_fraud,True,False,candidate,https://hindi.news18.com/videos/ed-raid-news-ed-raids-7-locations-in-up-uttarakhand-and-delhi-94-lakhs-seized-fake-registry-scam-8650267.html
telegram scam Uttarakhand,"Uttarakhand: 2 SIs suspended, 10 cops transferred to reserve lines after farmer commits suicide - ThePrint",https://news.google.com/rss/articles/CBMixwFBVV95cUxPRmJvTWNnNGhMcWhtZUJWWHN6VS1XOTFWNHN4ZTRtd0E4OGo5V2pYSkZaekUtTVM3WEJVMzNpLVJNWXVpQW4xblpsNFlmM29sTWpzNjZRMGNRZXZ5UFVSMHBLZXN5LUVScHllbGtKU2FGSHVwLXpxaGU5aXc5azZwUktjMGJsck53SVgzekJwc2V4c1diVFJyWWs1ODBJQ2hDdHVRNWZmdTlWc19iekJiYTltVmVCMGRudk1WM3ZxTzExclBiUV9j0gHMAUFVX3lxTE5mRVlCRTJtLUJaSjhsUXZZT1F5UDRFUXJkUkJzZ0tSX3ZYU2NzOVcxNm15YU1OaW1YMW9neTJaN0hONkdkckxKNEdNTTRtNmJRcWZrSkw1ZUNlNmdPWVFQOGpSOW1ZRGJjSXZHNEtQMHFSTHhZODJtVjdTVXEzQkNsVUNFblhYZlhVckJBV2N6dHlJN054RHV5SW5vYmhKNEVDcHBrTlE2YVBMaUtzNkt1TUNYc3k0LXhSVXIwTWU1VldjN3VVR0lsR2p4Sg?oc=5,ThePrint,"Tue, 13 Jan 2026 08:00:00 GMT",2026-06-14T20:34:31.964910,investment_fraud,True,False,candidate,https://theprint.in/india/uttarakhand-2-sis-suspended-10-cops-transferred-to-reserve-lines-after-farmer-commits-suicide/2825500/
telegram scam Uttarakhand,Uttarakhand: Father-son duo held for selling mortgaged land using fake documents - ThePrint,https://news.google.com/rss/articles/CBMitAFBVV95cUxQelExdE82ODhXZEJOODhZbmJNd0VBeXJCZ3JLdHZPdmRhdm5nTURqeGotTnRqSVFrak1wcHZlY1hrc21MdXZieUR0dTNvdDNIMVhDcy15WWZwSmU3X0oxSlFVRVhsU1hSSHNGTy1JX2NBRHJVNm45RmFYWmxzWWNZMkVFeEtkQm9qT3VmV3lvWkVNVjdDZGhhZ2pVLThtR2dxQjFrT0hxWm1IQ3BhSG1hV2pCeUrSAboBQVVfeXFMUHgtQUZxeFRWRm0xdzR6TG9URHQxY3E5ZXctbnNRUTBFZm9IZDk5N0VfMk4xVi1QbG9RdVB4OExWVlFKT1B0dUNIUTk4dWd5VzgtM0tvYnlsZ2xPXzhETU13ZmV1cnRjS0xqTlFCOElFMU95STRjM0t3bE96RjVhbGtuTE5oSG02NlV0MjJpVzJtMGsxUjZGeDRRVnJFckJWQkxUMGFOVWhFUDJrZ3hHblhJUUhzUlVmbkNn?oc=5,ThePrint,"Wed, 16 Jul 2025 07:00:00 GMT",2026-06-14T20:34:31.964939,investment_fraud,True,False,candidate,https://theprint.in/india/uttarakhand-father-son-duo-held-for-selling-mortgaged-land-using-fake-documents/2692620/
telegram scam Uttarakhand,Uttarakhand: Magisterial inquiry ordered in lathi charge incident on youth protesters - ThePrint,https://news.google.com/rss/articles/CBMiuwFBVV95cUxQcDd4U0d4b0RfeUNHRGFKZmJ6WHpQX3FLZ0Rfc2VkYXZlOERPRzZpZzlqdFpCODF5QlpWeTdkeEhTWjE2Vk1sY2tKRUZhYkRiTkJ4X0pzY2lYX1BPQnlTMWhhdGJqY3NFM1lFMGNoNW9UZDdFZllaUVNJV095Ylo0YmZPai11QldnYS1aOWMyaXJ6SkxvMGt4ckZIbkZqYXZHOHBXVzJZOU5mU09QZFkzNWhkR1pJbHZYbnhZ0gHAAUFVX3lxTFBUUHFJTE9GUWtNX1NVdjVYcTd3cmhmOHd3Vmp2OEVUbEdKRTlKb3dKLTk3VmlGdzRMM2sxSDNpcFh3M0M4R25SRENkTUtaMlR0ZEtFM1NkeE80YlZmWnVPMFVabWlNa296dlU0LWNVbUs2MFgxcEp3R25ZOXlWV25kZlE3WVF5VHB0VUliUFlnRGM5QmxmRE5lVjZJeS1UTUxmb01GWUtsdG53by1JZHRHdVpNSm92UW9Na19XeHFheg?oc=5,ThePrint,"Fri, 10 Feb 2023 08:00:00 GMT",2026-06-14T20:34:31.964954,investment_fraud,True,False,candidate,https://theprint.in/india/uttarakhand-magisterial-inquiry-ordered-in-lathi-charge-incident-on-youth-protesters/1364732/
whatsapp scam Uttarakhand,Uttarakhand Youth Kidnapped In Ethiopia After South Korea Job Scam; Rs 80 Lakh Ransom Demanded - ETV Bharat,https://news.google.com/rss/articles/CBMi3AFBVV95cUxPcENobTh0RGttNGJSQzBNLW9mYzVvSUtZWGFoVFdJaU0tXzlmNUsweUpEclFEWTlUcFU0WFc0V2RHRkx1TUx3bnFMN1dyT29RTzYtMThMbHhzNm1wWTFaUXRKSXhoYzR5QzJmMTZsREN3ZEFxZnd5VkM5SmdOclZVSTdROVBhME0ydjlGRFViRFFFbnczVzNKTzE3Y25CZEJlU0ZlLXFXdEVJdEU5RHBJcm9iVlZZQXI4ekJnUHh0UUl2bDRaclg5WlJtSC1oXzEtSTYzRjFDbkt3eXEx0gHiAUFVX3lxTE0xSThvWG1DbzR4T3NuLU1sdWdHbDlXalFHakRtbTV1d1BzcVBjUWJPVFRBRUtlZGYyUkwyQ3dNTzJReE9EU2NjOGNUS0pjQUdjSmJNTXdaX1Z0OS1fQ1dOMTlkcnpWSzVNNDRkN3ZzQ1hsV05wNUxqdmEtU2hhSjdLRFNyMzdIeTNfdksySlZ2UkFsdDNBdC14a29Cb1dFTEhzM2FzN045VEVxcW9wazA1TUZOdVV5ZmN3QzhBc19OUkF2YmNLd1VsOUFVengtZ2ZiUTlEM1hESXZOYm1VQzREUWc?oc=5,ETV Bharat,"Wed, 08 Apr 2026 07:00:00 GMT",2026-06-14T20:34:35.217249,investment_fraud,True,False,candidate,https://www.etvbharat.com/en/bharat/uttarakhand-youth-kidnapped-in-ethiopia-after-south-korea-job-scam-rs-80-lakh-ransom-demanded-enn26040806129
whatsapp scam Uttarakhand,Uttarakhand Eco Tourism Scam | The Probe Impact: Govt Transfers Bhargav - The Probe,https://news.google.com/rss/articles/CBMirwFBVV95cUxPUTNnckxDX0paVnFFZTdTa2x1M3pSZmV3ZVpFcUpNUE5KWXlYVDlsRTdPdkQwNXJqRm12T1BtMGhNZTYtclhkWTFiRXdCQXU3YXhNZE9YWm5lNm5hb0duVzhSMDBhS0JLYWViTk5NZ3BQVEFqWGlfZU5DTHVrS3NwZ1FseTRQVkMtejUyaVBTcG9xUXFMRmpXSTJJZ1pabUEyeVNyYW9YM2x2bTU4dEJB0gGvAUFVX3lxTE9RM2dyTENfSlpWcUVlN1NrbHUzelJmZXdlWkVxSk1QTkpZeVhUOWxFN092RDA1cmpGbXZPUG0waE1lNi1yWGRZMWJFd0JBdTdheE1kT1habmU2bmFvR25XOFIwMGFLQkthZWJOTk1ncFBUQWpYaV9lTkNMdWtLc3BnUWx5NFBWQy16NTJpUFNwb3FRcUxGaldJMklnWlptQTJ5U3Jhb1gzbHZtNTh0QkE?oc=5,The Probe,"Sat, 30 Aug 2025 07:00:00 GMT",2026-06-14T20:34:35.217325,investment_fraud,True,False,candidate,https://theprobe.in/eco-guardians/uttarakhand-eco-tourism-scam-the-probe-impact-govt-transfers-bhargav-9769254
whatsapp scam Uttarakhand,AI in Uttarakhand: How a robot became a teacher (See pics) - The Times of India,https://news.google.com/rss/articles/CBMiygFBVV95cUxNTldaNnRfQ28zRXZLSWVZZFNVNG5wREI3bXhMSVlUYXFGZ2h6QzlENjJwYTNPTnBEZzNmc3RLeTUyR1ZJVVc4UzM1SEpGYjdfcFpGMm42cXEwY1Y5NFpac2Rpd01ZalhxSXhFWVlQVXlBWDkxdEw0OTNncGdHWjhadFZrOEd1NTJKMUZ5dWRGRzh5M2JjNWNRejdNWFNxUzBoOHR1QkVMVUJTNnJVYUJqaUU0SDh3dHdBVEdhcHlzTmNzOXViMnk2ZkNn0gHSAUFVX3lxTE5ibWZrZXNqLTRTRFZRM2xQQWlkSDQzRWRYbklMZldSMjZqcFZaQ0JKVHo0T050YWQzZjhpbm53Y0xwbXNYMXJGZ1NjREpQUlUtNXNtQVplYXctcXUzRXNMUDlmVHdFcDNXQWU2X1lYOW9TVHZja2toXzZtWFZJNVBMWGNLUlF6LXNHUzBGRlBFTlJVaHM4cEJWakVXR1d5QVJQMzcySE81UGM5Y1RxSWF2SVotOFZqdDBWYjZnTXJiZ2ZuNkY2RFFSZzZ1cXUxVzlldw?oc=5,The Times of India,"Fri, 18 Apr 2025 07:00:00 GMT",2026-06-14T20:34:35.217463,investment_fraud,True,False,candidate,https://timesofindia.indiatimes.com/city/dehradun/ai-in-uttarakhand-how-a-robot-became-a-teacher-see-pics/photostory/120404925.cms
whatsapp scam Uttarakhand,Uttarakhand CM suspends DIG Home Guards in uniform purchase scam - The Statesman,https://news.google.com/rss/articles/CBMitgFBVV95cUxQeDI5QkwwZVZUNmM3UjRBMTR1RjlXZkRVMjBRZTdHaHJtSGlwb1pkRVF2RkM1bnd1VlRLRVZYY1hIajlwU1Zxem5OWEg2NHZPQnp6T19LU0RGcFhUUm5jaWdlVnc5VGNVU0VFRVhHQ1Y1VTBSaEpfOXVfd2wzUlkzUzRaa0ZfQzhQamxvaEVQcW5fN3FqeEZlR3hJTEFxNUVrS01udjdYQ3NySFdzemJvQTItQ0hrZ9IBuwFBVV95cUxQZlVwNTBFb2x4c1kyNXpWYmFTRFBiU2Q1WThtVktyM2FxWkRmTGY3STQyZC0xOFAyOVFmRmxqV05DV2NFejRPSzJiNm1FcU1oOWpsZWRGalJQZ1gxdFlISmc0Z0tBRUVjUDBRY2RXSjNKQ2x4WkdTQ0h0NlRZZFU4YnFiYVh5cTVQVlZnSXgzNFloUEVtLXhNbkZHRC1OZ3VQd19RZnhPMHQ0UTlEX1RCalF4SGs0YXJCUTh3?oc=5,The Statesman,"Sat, 24 Jan 2026 08:00:00 GMT",2026-06-14T20:34:35.217470,investment_fraud,True,False,candidate,https://www.thestatesman.com/india/uttarakhand-cm-suspends-dig-home-guards-in-uniform-purchase-scam-1503546088.html
whatsapp scam Uttarakhand,"Uttarakhand Police, UP STF arrest 2 for VIT engineering exam paper leak - India Today",https://news.google.com/rss/articles/CBMi2gFBVV95cUxNVkFOLUhQR1JUXy1TQnhDSnlBbVR1VGx2ZXFCU1BmeGM4Njhtc05uOHIzNU0xTG51TTJDY1lMakFYWDd6X0w5bXh6ZzJhWWp4MTV4Z0tjcjBEVmlqcDlEMHhSVERzSGxaZ2VRY0hvTUk2eGYzQXltVFBNRElVaUZfUUdZOGVGQmEtZ1d2OUFDVkNGczZwWjlUeE1lSzdhVS1LZ2hCLTFvbnZUaE5BRDBXekwwWWQwY1g5UTN1U3Y0dUEzUFVuLVBFSmhaQ29uMXFoVnlIaTdwT0JVZ9IB3wFBVV95cUxQeTAxWlJBUVJFLVNMaHhrTTlQMF9TZnczQ2paNWdCclNUclNzYnFTNDRfazlXMVBZYmpjVGdXVTlyOWh4bTlIdkE5ZzFsY0JFeTFHTXk5elBlc3ZDYWFvSzRWMWNETUNqaWlwYmhPY1FuRVVUZHZmd19QREJkUmR3ZHJjd0xfQjZNUmJFbVBnNXhxY2locUNqaVo4R2xFeTVzX1ZFTDZCT2cxYWRYUzI5MlhYaWNlMGgxczc3YlctRTdwM3NGR3hBai1kRGhvR1ozazhJOWQ1VVVoNmltOVBR?oc=5,India Today,"Mon, 29 Apr 2024 07:00:00 GMT",2026-06-14T20:34:35.217477,investment_fraud,True,False,candidate,https://www.indiatoday.in/education-today/news/story/uttarakhand-police-up-stf-arrest-2-for-vit-engineering-exam-paper-leak-2533079-2024-04-29
whatsapp scam Uttarakhand,"Former Uttarakhand CM’s daughter trapped in film casting scam, duped of Rs 4 cr - The BuckStopper",https://news.google.com/rss/articles/CBMirgFBVV95cUxOaE5IWWVsZHV3ZktLa1Bjak1oUVpkTXBmdi1EMktDZnA0SXFuU1ZIRDVGNThLNnlzNlBvNEMzdnFpRG51Vm9DTU1iQkRwcjlNZV9xdHBCbkVUMzNGZWJVamdKbmx2ZGRrZkJ4VzgtcHEyQjB1NEtYQ3FrbUNpSkFLZ1dlMTBjTUxUVXo2THdiZWxzM2xCVnhkQU8wUTRndGhZOGQ5akNtMzNGaFIyTFE?oc=5,The BuckStopper,"Sun, 09 Feb 2025 08:00:00 GMT",2026-06-14T20:34:35.217499,investment_fraud,True,False,candidate,https://www.thebuckstopper.com/former-uttarakhand-cms-daughter-trapped-in-film-casting-scam-duped-of-rs-4-cr/
whatsapp scam Uttarakhand,"Uttarakhand Metro Rail/PRT/Ropeway Project Investors Summit B2B in Singapore, to be held on 14th and 15th October 2024. - Mid-day",https://news.google.com/rss/articles/CBMi8AFBVV95cUxOTU85TENhY0VSZU1EWFJDamJzMFlVb0lMYTZFYndsVDE2QVczQkZ2REtRYk12T3V2cU1Kd3Q5c3JlNG1LWEgxam55R3dhMTNGSDJuaS1WMWtfcmpSTWpCRG5zcS1Kajd2VGVxLXVuLTBvMnNRN3AtdnJIYW1Pc1p2RlQzUEFibmJERDgzdERKVjJ5UE1DWTd4LVFUeVZkcHg3cndBemVuLWFFOTRHdExlZVdPcks0YUZ1NU9Xb09IWm1pR0FFRmN1UWxlUGFZcFVrd0ZvLUlWeWxmaVgyWjlRRnA1ZTE4ZmVvNGtVVkIwRXnSAfYBQVVfeXFMUE5iMUd4V09EOWpST1hUbG1PdW9BSTltaDdMRGZ5REFUMTExQmM0UGdKNVN4OGxud3dNeVM1ZzJZd3pWNFpBTUt4UzB3bldBZ0dRdHdQY2JpQ0Uwc3JsNjRZU0lfSE9RY2hsYndzZ0NGUUoxbTdmOTZHaHQzZURnYWlzYmhBWXU2QVZNV0JPdkNNREtBei1ZelA4SkczczB1cExTRUx4OXBzZV9nWFpFSjAzNnRFZ2lVMjRrLWRnQmV3a3pBZjhscFB0LVhpYjRsVzZzS2xtMlkzNjVCMzUzYWtzV2N4Wldzc3c4YzN1SU5FSzdTLUN3?oc=5,Mid-day,"Wed, 28 Aug 2024 07:00:00 GMT",2026-06-14T20:34:35.217520,investment_fraud,True,False,candidate,https://www.mid-day.com/buzz/article/uttarakhand-metro-rail-prt-ropeway-project-investors-summit-b2b-in-singapore-to-be-held-on-14th-and-15th-october-2024-2050
whatsapp scam Uttarakhand,PDS scam worth Rs 600 crore unearthed in Uttarakhand - The Economic Times,https://news.google.com/rss/articles/CBMiygFBVV95cUxQSE11eGF4UVBOVmhxZ0ZwVUVkclR4eXROUlZDd182SFlISXp1NTR0TExyc19YcC13c2s4aUNhd2Y3VkdMajB2TGJHNjVLSWNDdTJUTDE1Y0dWb2lLRXNhTnMtcXFjeW8yNFZ2RVA3dFpTdXFwYUdMSGRxX05KZTNuaUQ5NFRlNkFoR01ldVhDdklZOEprVGJNUVdSbzZGZHBvcVpaZzlVWUU3TkVtbndmWVU3Vk9ValE5QnZmM0plekxZY1JENHdjczVn0gHPAUFVX3lxTFB4OXJOam03SjFiNHVxM2k5NHF4OHZUX2IzYmFnYVN0dnlMcFl0UWE3T2ZaQ2pPQXR2SU5zcTRPeE9OYzJ2ekZGQU5ESHBLYmdMVnZfT2hiOHIyRkl2aFJ3Zk1Odks5Nkx0WGppaFpWSjJZZFhTSTYxZTBRa1VjUHVEbDkycTVlMFZUZmk5Nkt6M0ZNemVXdXU2dXdMYTMxM01Eem5tQVlyZEVNZks3eG1qYkhncVNaazhDVDVJMDdraGMzYWhSTmVSUzV5NnkyVQ?oc=5,The Economic Times,"Wed, 04 Oct 2017 07:00:00 GMT",2026-06-14T20:34:35.217549,investment_fraud,True,False,candidate,https://economictimes.indiatimes.com/news/politics-and-nation/pds-scam-worth-rs-600-crore-unearthed-in-uttarakhand/articleshow/60937479.cms?from=mdr
whatsapp scam Uttarakhand,Uttarakhand Sports Leader Poonam Bhagat Advocates Youth Empowerment through Sports Initiatives - lokmattimes.com,https://news.google.com/rss/articles/CBMizAFBVV95cUxOcURJNnZONHZnazllY1ZCcjF4VEwwamFZZ2ZERURtbWFXcVRaZFpkYjBEUVY2LUZ0UEtDbXBmRGJCQzhTblIySjE3SFNYTXpqMkpEbUhmTWI0ODd6VEtHcnlfbzdNb3pQa1NnYXctY1A0d0dzTjNneWRBdlRCckVmaXluLTJRdm1EbmthTlc3djJyT0VYbUtIYWJmZUlERWtVdVpXVVQ5T3BZUFJuT0g4dG03dG9xQTlaQ0gtSGlzSUZOci1NeDdSdF9PV1TSAdIBQVVfeXFMUE1iTGtkQVkxZnZUbGFRSHRnTmd2RndPWTVmbkRJaGpJQ25vY1ZWbWxZaEJkRjlCeTcyWkY3d0VXWnYyeHVRM2U4a0hzNmZKNmpYNHltajZVOTdIejRibFowcUFxQTNqSEQtSHgwMm5wWGVLb05fV2UtbzN6Q1hNdEp6UEx3SlpuWEhIVVhENkxTZXdBa2hhUjZiclBFV2N6VVpMamRVT1dCUGJyek56SzY3ZXVrbWlMVTBzMGkyNWFVaG1vLVBBMzRoRjAtTkNtWGhB?oc=5,lokmattimes.com,"Thu, 28 May 2026 12:03:36 GMT",2026-06-14T20:34:35.217577,investment_fraud,True,False,candidate,https://www.lokmattimes.com/business/uttarakhand-sports-leader-poonam-bhagat-advocates-youth-empowerment-through-sports-initiatives/
job scam Uttarakhand,Recruitment scam | Uttarakhand CM Dhami asks officials to cancel all UKSSSC examinations after irregularities surface - The Hindu,https://news.google.com/rss/articles/CBMilgJBVV95cUxQSXZLdWh2M29hUlo1R1RJZTNMNVdjLXpMTjBObDRtVDRFYnFCX0k2VWJvdnlGVEZlTFJ2M0VQM0JMYTBZTlZVT2hxUlRrUXJXVFlrMHNVaUFDaGpOckVEdWJ3d1Y5V1lSZmdTd2hEY0g0dXE2SXI5SDZ5S25idWFrWktpdnR6ZjNQajJUYkpxWXd0U21Ob2xjcVAxTnVmNG9KRV9rVkdPNGdCREdZVmlaUzdhLVFKb0lUemQzQWhmb3NSbFVpcU1tVmxsNzFqbDhRSW94WXU2NjJBUmtyYjNqdWIxYmtGV3NOVlFrdGRRS2dCM0VQcnhHRXNxSExVTFJ4MUwtSTlHdWNyZXJ2REZIN1I0V254QdIBnAJBVV95cUxNNkRzd0NNTUtVWlV4bDlSbEwxa3M2RURfRWxZcllvSTlNMHBpSlRHTWtvVXIzRXNyUnVGZWd3aUJVVm80ZVBicTZzVUpJV2N3UEZ5SE9uVTExXzVoc1d1QnlWYVN1a1JRdkRFQUN4OEJpRjFDbjluQmhjU003dlVicG1qdE1WdDJ3elN6d25ELV9oeTFPNFdJLWlsMEp0bWJXQ0ZWdXBfOHFkODE4SnlIa0xHZ3FjQjVicjJaZy1aUWFUTXRGc2MzSjdFXzUtZVNiR0R4RzN2WUZYNW1ENVlRY2pzaWlEYklKd21LSzVDTHotMlUzcEM2U1c4MmZ0M1RfcE55QXByemtWUDZrZmN3LUxFR0s3TUZvNklVVg?oc=5,The Hindu,"Thu, 25 Aug 2022 07:00:00 GMT",2026-06-14T20:34:43.143822,job_scam,True,False,candidate,https://www.thehindu.com/news/national/other-states/recruitment-scam-uttarakhand-cm-dhami-asks-officials-to-cancel-all-uksssc-examinations-after-irregularities-surface/article65809524.ece
job scam Uttarakhand,Uttarakhand: Job Scams Jolt the Hills - thecitizen.in,https://news.google.com/rss/articles/CBMigAFBVV95cUxQeFUtV01HNlFUdl90LVh3d0lxWFR4RHVjQ2tQWnF4a3czT1BxWV9wbVRRc3NSc2hXeFhWUUZBc1BpN3VWcEhiNnBZQ3JMNTRuR2pUcFhReGFaOHpKb25jbzNRamJyT1I0bFdCSG02LXF1MlJweGJ6cG91R2ZFS1ZzMNIBhgFBVV95cUxQUGNDZ2F4ZlRvc3c5UElIMEhKX1oxUjZxX25WVURsRlJuUlM2SnQyMmtyZkZUM2R1ZURFd29kSURkSzlPV1UyTmhFSlRBOWxTWU9yN0xxUkNtcHRWQ25IMWxjSENSbEVyZWFBTndNTGxTWGVPSUFKY0hJVDFxODlicVhma0NMQQ?oc=5,thecitizen.in,"Tue, 13 Sep 2022 07:00:00 GMT",2026-06-14T20:34:43.143865,job_scam,True,False,candidate,https://www.thecitizen.in/india/uttarakhand-job-scams-jolt-the-hills-342180
job scam Uttarakhand,Uttarakhand police arrest two in Rs 12-15 lakh recruitment exam paper leak case - Careers360,https://news.google.com/rss/articles/CBMiqwFBVV95cUxQWm41Sk9TTnJjZzdad0dZR0c4czI0dThmS0ljc0F4ZkdhUGViRlcxdjVsM1lvb3Z0MW9udjhCNS1DMTNqc1Q2MGF0bmcxVWNCU3FsVjhIYmdMTjlyYjVsZVNEcnBtVGc2cEhfaksxd1RzR2xLYzJVTmpuVVhCb05iQzhYY3JpaTh6d2NZVVR4VWRCNkJHZ3kwMk95NGlPQzV2cElKVkVkMDM4WknSAbABQVVfeXFMT0UzS1M1ZGpUN1ptaVo2d2d0eTJfT2JJWVBjemd0TllIUm9GM1pNaUh4ODVxNjJmT3J0MkE3UGtuQ1hvMklrcWtMQVlBWUVfMFoxNFZDdVdOOXo4clpCNlFDOXJzTmtOQ3BJdkdGeXZROE14eWVxVFlnLXFnMjdBem5IOW5BMWRMRUk5aWpWdjdqd3NQQWhRbFp3ektCS2E5SmFja0Vtbi1feTdvRU1XN2Q?oc=5,Careers360,"Sun, 21 Sep 2025 07:00:00 GMT",2026-06-14T20:34:43.143878,job_scam,True,False,candidate,https://news.careers360.com/uttarakhand-police-arrest-two-in-rs-12-15-lakh-recruitment-exam-paper-leak-case
job scam Uttarakhand,FIR Registered Against 6 Candidates In Uttarakhand GDS Recruitment Scam - ETV Bharat,https://news.google.com/rss/articles/CBMiwgFBVV95cUxOR1RRdW9sUm03dy0xNkttQW9acXk2S0trejlHdGNFd3lHd3cySzZ1enZkVjZPbkZCeGctOVhoQ2dhUlZMMmU0WkZVT185N1hWUmxFdU10TlU2ZDVKa1Z2dEZQcjdhbkFHOEh6UVpBZUtsUHFLUmJhMjRsYVhqX2FFUXJjRXBPVVpZR3VhRVktNVhwX2lnVjN5WWdCN2RhQWJDbnRQQmpCRjA4OXg1eHFSWDVaZXhvRkhuRV96cXJ6ZVpXUdIBxwFBVV95cUxNTTNSTGhGclU2Vld0c1NRTFVTMDl1YWlaeEtqMmVvWTdaSmlMR3RxdVdFNUNkSVRLMVJ5Ym1FRU40WG9PZG9XRjgyWlpsaWdUNjF2U3FuSEY0NzE3VElPMUsydTFDYkxTNmd6OFR0VGJUU2thZEJPSDJ5a3Bkc1JfMWJmWDBiOE9jdWM3ZHBadkpXd0F3VjNianlRV1VreC1xNFpSWG1HX3Bvak5BZjdGZXF3RWljcGk2dWxYTnlRcDdvcWpuR1BV?oc=5,ETV Bharat,"Fri, 04 Oct 2024 07:00:00 GMT",2026-06-14T20:34:43.143977,job_scam,True,False,candidate,https://www.etvbharat.com/en/!state/fir-registered-against-six-candidates-in-uttarakhand-gds-recruitment-scam-enn24100404791
job scam Uttarakhand,Cyber Fraudsters Arrested After Duping Over 23 Lakhs In Job Scam In Dehradun - ETV Bharat,https://news.google.com/rss/articles/CBMiyAFBVV95cUxNT094WTVFbWxkY09mM0FIYVdndlZxRlJrX3l0T2hfUTF5Q3JfSi1oWVhTMjVET3RvWTVQMnY1eFZHVXJjZlkyRVJNcVNQNVZKcmhGZkMwaUtRRkJZczNQaThyclNGVlpFRmlRaVBQNlVtNnBxN1pNVXNQTVRfVmM3ZjFXWTVtYTczdzhUQW5nY0MzUEpqN0w0Z0t2OFN3dEJ4ZkI1U2c1blRNYWJ1RDNTSG5xY1NMcXl1N0VfMHB5LWtncHMydjNLM9IBzgFBVV95cUxQeDJTM0czdUtXV0JmQVpjWDNzaG13c0ZwdGkwY0hXenROTkJLT0lZQWxlWElPQlVIRE9kWEFZSkxsYnp4U1dWVXVYVzZVTmxheGVzT0poeHR6ZUh0RVNVMFlTQmx6MXFYdGs1NFB4ZVNMZFpOYWM1VUpkNWM3cmE1UTVZVmRVMjkyTlYtdnktUVNrR0dSb09rc0RhdFNwNWcwVkFLV0tiNWRPRll2MGU5NWZMWWZySUNKVnpmRlF6SnRoQTVESmg2UHdKR3FoUQ?oc=5,ETV Bharat,"Fri, 03 Jan 2025 08:00:00 GMT",2026-06-14T20:34:43.144007,job_scam,True,False,candidate,https://www.etvbharat.com/en/!state/cyber-fraudsters-arrested-after-duping-whopping-amount-in-job-scam-in-dehradun-enn25010303676
job scam Uttarakhand,"Following controversy over ad hoc jobs, RSS’s Uttarakhand ‘Prant Pracharak’ shifted to Uttar Pradesh - The Hindu",https://news.google.com/rss/articles/CBMi6wFBVV95cUxNLW00RFlVLTBmdjFxZG5jbEVKQ045RXNCZlJnYmhXOExNZGZpZDNmRmdwLVUzdVI1Ry1jR3A0YVF6TURpVmZudl96ajFkRGd5VDB4UmlyTTFPendDUy1ZOENxNVc4MkNvWUJwc0s1VEx1TGcyc19VMmRfS3VkMkdHRE1teDcxR09jQnpZUEl0ZmJaM3RtQmtCOWZmX2piUElsZlg5SEE4UUdOOEh0cE1FQTBzRm04N1YwSzIzU0dOalZocjMtRjhraU5FVER4SmhXV2ZHY3Q2NUpjWm9SdnFvY0RDdG1ERWNtVE5N0gHyAUFVX3lxTE5tS3hkLTlJVjRoODEwU3NJWFVvT3VYbnphUTZCYW1sTFdHdV9BYndrSUxLMXlTUjEyWlNIdzRkdnMtS1hyR0tiTkJoeGJPa3B6ci1HN09WV3VpZnBJWFNCWmJrT2Q3b0ZTZzRlRzRrdHVJVU80V3JEZ0IwaTQxaVBQaUtYSnd2YmtpS0lVdDczMFBFVkZhVU1NU3d1M0NBNkJGcDgtOE5laGhZeGh1bGtjVkkyaXN1QXhXUlBCZjNueTNSRVoyRm83cXQxalg5WkplNUxuaGVMLVR1ekJnZVQ4M3BHNnpJazVBZ3BfWFpvUi1n?oc=5,The Hindu,"Thu, 20 Oct 2022 07:00:00 GMT",2026-06-14T20:34:43.144081,job_scam,True,False,candidate,https://www.thehindu.com/news/national/following-controversy-over-ad-hoc-jobs-rsss-uttarakhand-prant-pracharak-shifted-to-uttar-pradesh/article66032678.ece
job scam Uttarakhand,"Uttarakhand: Paper leak scam kingpin arrested, had Rs 111 crore turnover - The New Indian Express",https://news.google.com/rss/articles/CBMi3wFBVV95cUxOcFloV0xwZlY5Nm55dzhJMFdJX1M3cmxwV0o2OFJTbV8yUnctbmpkcUtGN0VwNDlWNzc1Zjl3OWRWZmxWR2xWbFNiUzRPMU1hd1E2R21ScmhSUUVrSFAwVG54OUJrSGdpdXhob3p6aldXS1pUNl9oVFdhRGxYSkxLbUlFRTNOSVRWajZNS1JSSnBzR2RlY1hxalhYaHpyWms0bEkxbllVWUh4QTNibmdnS2RrNkp2MU9yN0ZnVVdmZllfY25acmFnREFNUzlteThxQ3BvbmF3X21zOHA1YTQ00gHsAUFVX3lxTE1uanBWZmlXRVZFQ0FmTk11cDNiWHNZTWZXREFPMWJydmx2dDZVWUZMSHZscGt1R0F5Nm5FcTlQRmI2YUV6X25hbXFUcHNFWDlzSEYyYkl1YVoxcEJnc3RNZnZGazZvdms0TlU4VUJSN0lBNTQtaGU4OW0zQTl1T2pIOVFSRmp4eWhfUTdzaTZBRTN0MkJfcVlWUXFUSS1LMWZuWVVMM1ItZEwtTy1ralVXa3gwbTNyYk1VMWJiNlFLWlJNblBHVGxaazVEcDNkbkZjQ25EUk10UXdKRjIxNkpOeWs0c0hiVHV1QkJI?oc=5,The New Indian Express,"Sun, 28 Aug 2022 07:00:00 GMT",2026-06-14T20:34:43.144170,job_scam,True,False,candidate,https://www.newindianexpress.com/thesundaystandard/2022/Aug/28/uttarakhand-paper-leak-scam-kingpin-arrested-had-rs-111-crore-turnover-2492127.html
job scam Uttarakhand,B.L. Santhosh heads to Uttarakhand amid growing troubles in government - The Hindu,https://news.google.com/rss/articles/CBMixgFBVV95cUxQNkNGM0YxS3I3NU1xb0taQlV2bVVWdjFhbWN3ZE8xLWtaS01CRUsxTFdrbktBRGlsRmJwOGVvU2E1TVJNNEZLOTNaODQwT19hemdrVVVjQkhIeU5DYkZmQlVoUFRTWDRhTkwxN3JRcC02MHFOamVTd3ZYSVN4X0RvR3ItQTdOM0JoY3loQkhvVE5YdzJ1bzg3dGI5YXNiOEgtVFYtOUxyeVhMYVZkTmFWY1pTSFNfbG9reXplSXpVY0JwYzNHSUHSAcwBQVVfeXFMUDh5XzJtSlhQWXdFMnhsekdEUjZkN09rRm1UNlB1OWttb200NUpPMXl2T3RQNGtPVW8yQllIbTlsbXk5RG1qRkV3ZzJWakFPRFRUT0N6SEtHQVdYZ29SVTkzbFh1N0JwVzFXVTI4ZzAxNDNodGk5ZE1LbHlRMUJSTnV3NkVYR3BpMHRDRzc2aUxtWEcwZXlqekpPajBoQjVzYkF0RW9Ga1VBMFdjaWh3T1c3QlRraUZhUEZ6RE1oOE5Ccl9CZVhMLUlBSjZ0?oc=5,The Hindu,"Fri, 30 Sep 2022 07:00:00 GMT",2026-06-14T20:34:43.144251,job_scam,True,False,candidate,https://www.thehindu.com/news/national/bl-santhosh-heads-to-uttarakhand-amid-growing-troubles-in-government/article65954620.ece
job scam Uttarakhand,Uttarakhand CM Pushkar Singh Dhami seeks EAM's 'immediate intervention' - The Times of India,https://news.google.com/rss/articles/CBMi2AFBVV95cUxNVlhJRFVrZE1pMUp3RTEyN1NNbVJGS3RZUnZoTERqWmRFa1N2R2lwbmtNZndLMG9ZSTNXTmdtNmctNzNRblZXOUVJSmR6NFBrejhuaVVvWmwyVGZ1UllpeGlsVWYwMkRkZ3VPWWRBZEt6aUtTclpCaGdwY2g3U3hGNHV1RXF0d3V2eUJtS3hiOHVjNThPZ3NldTlxWC1KVVF4Mm5ybnc5UHdobVhKN0ZjMFFkSzRSSXlNZTZIc2lIOHVsZFVxVy1saHE4SElXVk91SWpoWHMwTDXSAd4BQVVfeXFMUHJOdTNiTUhxM1hhZ3RwOTFRejJUb1FWYkZSZTU1blA0NktQZHhSOWNsb0ZHR04tS1ZibW1wcTRDMi1SUGdZbTlucE5YWUctYjBxR3d0N0dyM3FKYkhjeFdqSlpyQ3N1bGtuMW9JeExGOG1aN1dMdzBJY2l6Y3BnNEEyRXZyM19NcGlUX3BoTnhGVV81UVhxOUM5RE9QenI2RVUydlk2STdsSlV1OGowa2V0Q3RsWnI0SEQ1X2RkOE9PZllDMy1vbTV2Y1c4dGo0N19MbHhIdnlHQ2hmUGx3?oc=5,The Times of India,"Fri, 02 Aug 2024 07:00:00 GMT",2026-06-14T20:34:43.144280,job_scam,True,False,candidate,https://timesofindia.indiatimes.com/city/dehradun/uttarakhand-pushkar-singh-dhami-seeks-eams-immediate-intervention/articleshow/112214500.cms
job scam Uttarakhand,Government committed to sustainable development of state: Uttarakhand CM - ANI News,https://news.google.com/rss/articles/CBMiywFBVV95cUxOVXY3c2dvYTFzdHd0VHRiN29IUTNEdFVvQXlMbk5BOU5FSDRZRUpjMnR6aFU3VExDbFg4b2ZRdUIxbTdaQVN6Zkk0T1dySG0yZEI4TmxKbjNJc2pvLVRMWTlqZnJXcXcwcHNRQjQ5dzB3Y3VYMDRFUWtIUmkyLTJ6d2NodHhId0JKSGxPQWczQWszUkh2Q1ZldXZJT3I2ZEtPUGJ6TnJ4Z1ptQUxrUEFHRmY2a1RWS2VMZmFfX25rUDI5YWt6aXgwbkdmcw?oc=5,ANI News,"Tue, 24 Mar 2026 07:00:00 GMT",2026-06-14T20:34:43.144425,job_scam,True,False,candidate,https://www.aninews.in/news/national/politics/government-committed-to-sustainable-development-of-state-uttarakhand-cm20260324010039/
job scam Uttarakhand,"Mastermind of Uttarakhand SSC paper leak held, taken for questioning - Shiksha",https://news.google.com/rss/articles/CBMiwgFBVV95cUxPb3ZFVUZSUlp5LVhpMy12cVo5QXlyanZVRjduVllDM3czS3A1REZpeHhvRUVPU3daSlZRQ3JRemlhdWJMX2tkOUFPWFlheE12bDVFZ1JyN1hjcnpsWWFRR21ta0hHWVBSRmJVb1g3dFItOWl1SDBobEZuV1hVZFBoVXdjWFhIUWFVTF92bTFTRFoxeHZra19wMndzbm5mMDBhVG9FR3QxTzUzTHZITXdrY2I1ODh4c2FXbzJKaUFtYUVCQQ?oc=5,Shiksha,"Tue, 23 Sep 2025 07:00:00 GMT",2026-06-14T20:34:43.144437,job_scam,True,False,candidate,https://www.shiksha.com/news/sarkari-exams-mastermind-of-uttarakhand-ssc-paper-leak-held-taken-for-questioning-blogId-210860
job scam Uttarakhand,One year not sufficient to assess any govt: Ex-Uttarakhand CM Trivendra Singh Rawat on Pushkar Dhami's year in office - ETV Bharat,https://news.google.com/rss/articles/CBMingJBVV95cUxPWkQxWkFxVnV5V1pIQVVWWHdxRVZHMkVIelg4WkZOcTk3RHcteEotSGhDQWo1OGJIb3VGZC1vdDUtbDJITDNOYUM5MDFDekZlQUlSYTdoM0xfX1BZTUpIYzlZcVJxLWxBLTVsUHg2X05GcUViTVVMMTVXR2xFaUZQQkVLQU9fNHVrUW5rakJVd1NFaUlTN0hvc0ViNWhGOVZuSThfT2Z4aXl1QlpaclJNazlQWVRDY0JseUZoOEFKOFZINEJuZ2w3M002eS1rbWxBOG5tdVFSUjItbjdHZjRNQ1FpOHdxaGlKV0c3RkxDN3JLYzlGQU1VVjB6V1d1TW8wRVhpdE5kVHIzNGxhNGxoWkF6R1NIQXM5VjV1R3BR0gGjAkFVX3lxTE5zNmNOT1lha1owOVhyQ1BCSG80Sl9IaFBRWkFYWWE4UDlIdFFvdS0ya21ReGRBRlVOWExHNFY0QTRwaktnTzIxVjNtNTFRRUR6VnprN2doazNrSlhDNWFJREVEM2dBOE1ieXpTTUpSWmZhYlJDQ0JKcFpyOGhoNFhLdkhUTmM3MUpjVEZEX1hqZnJKTzNLSzRfRGxXYW9BZ0tjOTRkdjE5VFhkcUpHYU9UeEpJMExKYW9GMGxOb21aOHB3cnp6MnRnSWZ6cVI2bDJYMmE2bnkwN2JNNTZYTUlpRE5oMGhBVUxpZnpES0tsUm1hQjlfckZVbG80dDlzb2dFdXdyRmtxVFlYeVBVSC1OamlFb2J3RVdzRnMwVzBRV0l2QQ?oc=5,ETV Bharat,"Mon, 27 Feb 2023 08:00:00 GMT",2026-06-14T20:34:43.144451,job_scam,True,False,candidate,https://www.etvbharat.com/english/state/uttarakhand/one-year-not-sufficient-to-assess-any-govt-ex-uttarakhand-cm-trivendra-singh-rawat-on-pushkar-dhamis-year-in-office/na20230227170635114114108
job scam Uttarakhand,"Postmaster Scams 1,500 Villagers in Uttarakhand of Rs 2 Crore from Postal Deposits - News18",https://news.google.com/rss/articles/CBMiwAFBVV95cUxNS1NaOXB5R2ktTWc3d0JqY2RzSk80aXRWV0RxRVBwMjFjSHhoZHViaEJMYWV6S1Zya1FiRE5FZmpZQ3F5bzgzMUVWZHBvYXo2eE1XdGFpZjVtZFF6MG5sSnRySGNJdkczd1Q2Rktad0lVVXNrRnJJLVNYdkhiR3N5S29vTEwwZlpIZEFzOGNKWjZjQzRnaHd6RWFIZkdSTlV4cjdnT2w3RnRCM2VHdUJ4c19ENFR3X184anRLdTc2NUPSAcYBQVVfeXFMTUFrU0ltUTJDaXVmaU1VYjlfcjFkMVBHR054RjMtRDAtUEVSTDNpV3F4WUR2a3J4UENDQk1hc3hXVzNqRzI2dVp4ak1yS1E1Y2NIdDNnbDREQVNVVGxBWFdPUndWeHhudkJGb0ZVWXlDLUlFTFRqRFZqUkdSUlpjZEFtdnNoVXdScmRUdk1PWmNQVFRmQUFyckJsOG0zTWhrLTFsZldXa0hNSUhnRGNsdGlkQkUtSUdMMFhUWERXdThrOE9YRHVR?oc=5,News18,"Fri, 18 Oct 2024 07:00:00 GMT",2026-06-14T20:34:43.144480,job_scam,True,False,candidate,https://www.news18.com/india/postmaster-scams-1500-villagers-in-uttarakhand-of-rs-2-crore-from-postal-deposits-9090906.html
job scam Uttarakhand,"‘Vindicated’ says ex CM Harish Rawat, after RSS transfers Uttarakhand pracharak, co-in-charge - ThePrint",https://news.google.com/rss/articles/CBMixgFBVV95cUxPVnJ3VFlFZmx3ZkxUcmVWRmJTOE15V0E4WjU2djdYajBmbmdZcXUzdXNwR1NoOXFpaXpMSzFDUE80dlV6SjZpNFN3MmY3LW1WQlRZZl9YVFFYN0lKeTVwc2NoOV8wQTAwMnR6WGVvLTcxSi1iZFpHU1ZQVTE2UjZ0bXJ2Zlk5Sno1eTEwYkNURWtJcXRhdEZjMzczV1JCZTRRQmd6RklaUmFKaDdMM2VPYmdVbGdTMmtINUdCbWpXd0F0bE05d3fSAcsBQVVfeXFMT3RDLTRfVWotRVhsQ3RwMkJuRnQzMG51V2pmczRyME9GY2hTNGJxTURMN1VYaDF3QkZEV3U1eVQ0YUVNRmMwTnowanNRSndlZWdUNG1MYWNLVUhWWWIzeDBYeGZpY0l2a3N4cEs5d2VuTUQybWJSUVQ5Q01uV0pJZHdhd1VlNk80WllQb3lkNFU1V2xlOTROOG5WeE81MjcxZHc5UlRwbjNrdEV2N29TY1BHTWozbXFjcUk4d2VQcThVU29YVTBIZFBWRlE?oc=5,ThePrint,"Sat, 22 Oct 2022 07:00:00 GMT",2026-06-14T20:34:43.144545,job_scam,True,False,candidate,https://theprint.in/politics/vindicated-says-ex-cm-harish-rawat-after-rss-transfers-uttarakhand-pracharak-co-in-charge/1178917/
job scam Uttarakhand,"Youth protest conspiracy, says Uttarakhand CM Pushkar Singh Dhami - The Times of India",https://news.google.com/rss/articles/CBMi1gFBVV95cUxNZDVMRXBJeVd5NWFfX2tJeWVvY3NpSWQ0QnBTaDRZZy0tVk5SdUJ5eTdUVlBnRDlxZm1abXNGWmFzUUd5aXBzX1JoWkFKY2N4MjdQdWhqOW5YeGdSclE5YmRhLVBvbmNUelFHejFPQmNXdXItOTBZVU52ek11d1FWcjBVZndKWGlmNlRLaWFMczR4cTFjZUs5cmg0RVJvMHh1YnlxbG12SWtqNEZlUlEtNlpCVHRiN3J3SkZTSUdLWmFxWWx3blQyWXdZUkZSWER0UFRDWE1n0gHbAUFVX3lxTE9odzVtQjdZdTNCbkJJa2VBR01tdDJZQ08zSEtvNl9nTU43Y1JWRVF1SXU3TW96akxGdVpVa1BoTS1sc190ODZ0cWU3S0xBTDg3QnFvM1d2Vy1Fam5WckpVYk9hY3h1UG85RGxDT2ZKTUowaEp2b3F1bGNUWVJOdEhORVVYVFZ5Y1pGMnJCdHM2bHVEbnh2eDB4bFhocm8wendOTi04XzhyZER2bVZIWWpIV0hfSFRmYUs0MjB0dVlTcmtxM1ZueU1fTHpCbU5YWDVPaUhaOFFka21Paw?oc=5,The Times of India,"Tue, 14 Feb 2023 08:00:00 GMT",2026-06-14T20:34:43.144631,job_scam,True,False,candidate,https://timesofindia.indiatimes.com/city/dehradun/youth-protest-conspiracy-says-uttarakhand-cm-pushkar-singh-dhami/articleshow/97898195.cms
job scam Uttarakhand,Lack of records a roadblock for SIT probe into teachers recruitment scam in Uttarakhand | Hindustan Times - Hindustan Times,https://news.google.com/rss/articles/CBMi8wFBVV95cUxPMThjUm1UUnRrWWsweUxrZlBndDRfdmltSERYUWJMb0R0RzFhYXR3WmwtSUVOV0V3Y3hhM1M2a29sWTZnVDZYa0kwS2RkSGtzZXlNekwtQ216cGw0bG9aN0pRb3Y1MjdaNjJJSkVlby1VTnlNZnBFVWZCUUNFYjV6NWgxNW9tcGVITmNxNUZIaE9GMHRIYmh3amFMemdFejFrUmlJWFE4T2tnOS1PNTVLV3JUejBSOHh4WXVCMEpnbllRaWNOSEFQTG1zelNpR1Y2QldWS3NQT0RUY2xmOGY4VTFHcFY5bHdUdGFnSHFYZEFNb03SAfgBQVVfeXFMTVJWY1Y4VGdaWHJKYUNuNWFHRzZuSFZkR3lzX2UxRmt6QU1kUlUxQmFDQnB3cXdjblJzSi1QSEZPTk9CUnJBSjNtZnc5V2FzMlFKam1CRjF2Y3BqNWJOLVppVllkbXlaZEI0Qzc0Tmd1dUdUbHk2Sk56MWt5LXZ5a1JUX1J6NldQZVlEeV9Fc2stLUM1M0F2U2lheU1Wd2FXMGpXcXZkSDl2cERSSW1FbGhTaFlNRVdSNThpOTNBd2owVU1Tdzk3bTFzUDM0bXp6VVpGVlFROU1oSlRuMzhvQjhiQ1pyMzZLa1BpWE9SS0xsX2FMM0w2VWc?oc=5,Hindustan Times,"Fri, 20 Oct 2017 07:00:00 GMT",2026-06-14T20:34:43.144702,job_scam,True,False,candidate,https://www.hindustantimes.com/dehradun/lack-of-records-a-roadblock-for-sit-probe-into-teachers-recruitment-scam-in-uttarakhand/story-y3QZtr9RJpLHTgaQ71dujM.html
job scam Uttarakhand,Watch: Police Lathi-Charge Protesting Aspirants in Uttarakhands Dehradun - India.Com,https://news.google.com/rss/articles/CBMilAJBVV95cUxQSF9nOUQtYUdtZldkVjVZS0JUeG9pUWl5Vmxad2VEaU9odHBKRVdUWXpiMjJDN1NZdUhMRTBZYi1LZHlpeXRWa2FBcmdRbHBfLUlJdlU4azRCTzhFcEtFNWdWZHl5SEFWUFhpOEM2WG1SNEJwV1k4bUV5dldfaTdQbUxEZEo0RkJ5dnA1UVhtbmdtbGc5UGpJVEZZeXJNUlA0b0hhUGdtSm93ZnJTSS1pWHpUbFBUTW8ySlJLQ1VxakNxcEkybXlOTGluNno4QWRFQU5GMEJJdUNpRzB5dDRad3hvTml1N0g0WnFwRy04aDd4aHZncS1RM2RTTmRFTS1wdkRqWnpDd19zM2d0bnJ4Yk9rTUHSAZoCQVVfeXFMTldiSkpuWUlTQWs3ZU9YVzNKR2s3VmdGYVpsSGIxN0syNzc2a19WUmdSSnpxeDRTSmtza1hHOHU1MXNzclhTS0RveWtiUldVSG5YeFVVWFZUZlhlc1NMNU1naWx5T1RpLVI0S3FlZVpEUWNNR2xuYnpLcXNQeFc0Qk92LVV6aV9JX3E1OHJMVVdzZF83OHFxTWJqVWhqZzRORXU5UHltQWQ1dmdFSER1SG9mLWRBT0NyQ3JsVU1Qc3YtYmJKYXJvcjRyTi0yNS1oU0d0Q0R5OUlXM29IYmhmTFJwVXM4VmVRYmFqV2VwOHVjMEtQbXhWYTBKc292V2dfVnNidDctYmtkOG5FdUw1NlVRQVBrclpGczhn?oc=5,India.Com,"Thu, 09 Feb 2023 08:00:00 GMT",2026-06-14T20:34:43.144716,job_scam,True,False,candidate,https://www.india.com/education/watch-protest-against-recruitment-scams-leads-to-police-lathi-charge-clashes-in-dehradun-ukpscpaperleak-ukpsc-cbiinvestigationforukpscexam-trends-5891054/
job scam Uttarakhand,"BIG UPDATE on Recruitment Scam: CBI to probe Odisha Police SI exam, Uttarakhand SSSC paper leak - DNA India",https://news.google.com/rss/articles/CBMiuAFBVV95cUxPZG1qelRHMGxYZDNHcnptMlpYUkxPdHJXS19qcldicFFpOGg2NGsxajNpakJFLTZBZVFVX2h3LW5INldNRjBUSC1jdllKbGdGRHVPTzhrYzl2RVVOekFaS0Rna3QwTzNTUVBhYXVQbXBOUzNSQkFWYk81RXREZWRKMzQ5REtGUm5tTTAwbVJWSzRvOFBYT3JldGhuendpQVZpQ3hLUEQ4cFEzUnlmRU1iVm83VVFMWkda0gG-AUFVX3lxTE5qN25hTXR5ZklMTG56LWZCWW1Od2VKY0M2QnZVLV9GOEkxUUJZbTdQbXZUXzNiODRIT1BySGc0WmZ1a1g0endBMDBQcjlqQzJPOWVvWW9FV3RaSURYSTMwNlkzU2lrbTltSWt1d0NTU0JsaVV0OFNxcWxGSG1tVF9kb3RSbWxpUFZCWjF2RWZLc0ZhOEJ6Tm1mYm4wbXo4ckV2TWRFOTAwVWdrQlFCN3BMdWhCYV9YRmdiUWJSdGc?oc=5,DNA India,"Sat, 01 Nov 2025 07:00:00 GMT",2026-06-14T20:34:43.144747,job_scam,True,False,candidate,https://www.dnaindia.com/education/report-cbi-to-probe-odisha-si-recruitment-scam-uttarakhand-sssc-paper-leak-3186201
job scam Uttarakhand,Who Is Bobby Panwar? The Youth Leader Confronting The Uttarakhand Govt Over USSSC Paper Leaks - Zee News,https://news.google.com/rss/articles/CBMioAFBVV95cUxQSENhVWNISk1NYnNwbmoxdzVZZEQ5Z291NlpVV1luTDdFeWV1WG1ZYjN6MDQ2M2pqd1J1OWROS1dqU3RwV0FqLUtTNTdEa3FnWWhVZkRGUXhsX19nT1RfelVGWFozeWVqTDN6NnY4VDZJZm54MGNjenlfV0lpM3VfeThSb09RSlZjUHFSUEh6UHh2RlBnVlpsZ3ZOVVMxendV0gGmAUFVX3lxTE1kQmJ1SjRkZmxXTWVZM2s5UWNmQTh6YURtU1c1akpfbU9BenJ6bUpiSlg0YXlVME1jb2xOZkRWZTJjWkU3S1RzcGhCZmF4bG5Tb3ZxaDFQRFg2NFMzWUhrZXV0bmVZRVVOMmkwTE9CcGZ3MWxkaFBxRm5BdXJvTjF2MkRiQXpodHZ3bVVMOHM0RjVoS0FvRWZ5bG9KVDBDcURNTVVyZkE?oc=5,Zee News,"Fri, 26 Sep 2025 07:00:00 GMT",2026-06-14T20:34:43.144843,job_scam,True,False,candidate,https://zeenews.india.com/india/bobby-panwar-uttarakhand-paper-leak-protest-usssc-scam-2964765.html
fake job offer Uttarakhand,"Bangladeshi woman arrested in Dehradun for illegal stay: Agent lures her with job promise, arranges bus tra... - Bhaskar English",https://news.google.com/rss/articles/CBMiwAFBVV95cUxPbmdsSTZ1cDR5RDRmVGZMRTB4WVp4NXYxNkJMLXoyMHVZanBBRmVXX0R6aHJCaHZ0UjA2QWc0LWwzVklIRjhqbi1JYTdEVHZjNXE2cGxZYnhkZzVrWHFNQ3djajk4YUtad3h5R21SbW1zaTFZQW9GNlBmRGptM2pTcTk1MEtxVXBNWEYzMFRiQVZiLVdBM0h3MUwwM1U5bzN0UC1SdHNFLUVIaWtJNmFmX1owT0Foa2U5S3hKX2Rmel_SAcYBQVVfeXFMTWI0MklYYmtwM1B1eGJZZl8xUDljWEQ0UEp5Mno5TXc5UXpMejg5WHhoNXRMNzc3d2pmRGhUb1JKSHJKdV9DWUZqZXFxcG9SUS1SaEppdnB4ZFkxWWZITkFWbVNIT01iWXd5UncwNmduVlBnS0l3LURkNklpSi1lblY0X3lLRkRhamZ6clZOTnh3al9nM0J6dVNybklidkZIZUxaQ3piQ2s5MVNUS2dvUWM3cE5hRlZKaEJLelBndDZoZEh3UWtn?oc=5,Bhaskar English,"Mon, 13 Apr 2026 07:00:00 GMT",2026-06-14T20:34:44.965479,job_scam,True,False,candidate,https://www.bhaskarenglish.in/local/uttarakhand/news/bangladeshi-woman-rishikesh-arrest-job-lure-uttarakhand-137705623.html
fake job offer Uttarakhand,"Lured by Jobs, Trapped in Myanmar: Uttarkashi Youths Caught in Cyber Fraud Racket - The420.in",https://news.google.com/rss/articles/CBMifkFVX3lxTE96U2lhbWpTUUFXSnFFeC1DZGE3Uy1OQkVRQ3RiRlZ1VzVMVXNFeF9fVGlGRzhRMzF1MXRyU0tBck5mSTdDV3lKT2pTajFhbjBMLVc3bW50dDluZ1BQZFRlTXV1ZEU1NTZWaTdNbmZxeVhMOVVMQWhCRVZpTWJGQQ?oc=5,The420.in,"Sun, 11 Jan 2026 08:00:00 GMT",2026-06-14T20:34:44.965568,job_scam,True,False,candidate,https://the420.in/uttarkashi-youths-myanmar-cyber-fraud-trafficking-scam/
fake job offer Uttarakhand,65 teachers in Uttarakhand dismissed for using fake certificates to get job - The New Indian Express,https://news.google.com/rss/articles/CBMixAFBVV95cUxOWTFLemo2dGczM1N0TlhWelk2WEd1WDB6ajhrbjd3bzcwMmlkSjdZcVlaZ1NSQXhpcXlGZUpIWXFQRmstaFlmaU90Mk5rSFBGSS1ZUGRhVU1qRkpFMk4yaVhrZS1aVUwyOF9WRWoxNE5LV2h4LWtjd1BUdmhkZFdpaU1pYlVGbUxqQXhKZkw0dEtGVmpwSUZHUDAzWldPcFRmOWhJSkdyTUxrWDJOOXRibExnUmhxbGdBWnFiRkJhN1c0WHZW0gHSAUFVX3lxTE5VWUNJbWZ0V2lLaVU2WGMyMk9QVHZMN1VReW1QWjhzWXJXUVhDZEtDMXFGRmNQMUpRWU0yVmxQUTBWRzJmZ2JjSGUzSno5Y2pfLVJJUFBHQTlvTV9xZ1FpRTR4akxiUEpyWkpvODBGdkhYX1hVdDRnQk5Xa04wSXhCMW8wNDdXWTloblc2YXFkUGNPVXpiS1UwRlQwNzg0NWxPMVpETHlWcllZYTFOdzdGSGh6RVhOTy1zVUlaX25lckVjRHloYzNTSVp5MjRsZ2IzZw?oc=5,The New Indian Express,"Sat, 01 Jun 2024 07:00:00 GMT",2026-06-14T20:34:44.965580,job_scam,True,False,candidate,https://www.newindianexpress.com/india/2024/Jun/01/65-teachers-in-uttarakhand-dismissed-for-using-fake-certificates-to-get-job
fake job offer Uttarakhand,"Fake job racket busted in Haridwar, 4 held - The Times of India",https://news.google.com/rss/articles/CBMitwFBVV95cUxOTGN6N2g1VzF2S1VyTzZOTkxDd1o1aDYzbUQ5Y2YxM0hDS3VneWR5LU96MG9zODdwRk5nWGpwbDFkck9pQ1BZVGNvZ3Bta2xMYnZFUmdMMllPZHlVQzZabk9QTnEzbjNiMGhraHJlaE5hOTBsNDJJOEtCcjVzOFBVSGw4aFI0Z3ZuUmk4aURxN2tBaEd1bzlCbjk5Wk9lWmV2WGhkdVg5UFBVdE9yaWk5ak5Ma2U2OGvSAbwBQVVfeXFMTkhmT0V0elBza0llU1Vhc0pYWFNUbFlXbmZvSElJTks4UlBoaDFOOWtjM3F1V2Y2Sm9ranhxYWJNak5xYjBud0dWdzhrVm5wRjZ1bExzMFJfNUZTTDBqOC1Ba19PRVdiM1ljaFpiRVBwRGZiTEFWU0tMM0V3cE5Ib253S2ZVTW9WdV9ER1pKY1BjX3VZcDFUbXNYZXBQTTQ1cHBxMkdiZmdjOU9nOGNpdk1sZjBMaXlnZHNwaHg?oc=5,The Times of India,"Thu, 29 Dec 2022 08:00:00 GMT",2026-06-14T20:34:44.965690,job_scam,True,False,candidate,https://timesofindia.indiatimes.com/city/dehradun/fake-job-racket-busted-in-haridwar-4-held/articleshow/96604986.cms
fake job offer Uttarakhand,Fake MBBS Doctor Arrested at Haryana's Karnal by Dehradun Police - ETV Bharat,https://news.google.com/rss/articles/CBMiswFBVV95cUxPU3lpa0xKUmNVS3ExbDNlYndqd3ZYTlc0TV8xRHE4czVQU3pHeDNSZUNuSm5MSTVaX3NHSnV5cHhSSXdhd19jVUVkQy1DTFR6eEd6UWdKVXBlWll1ME9TdDBEM2VqVTN4bklpZ0hmQ0dVTnU1dGJOdi1HRmxnV2pvVERoVnFpXzRsZzlxaDk4U1VSckxMMXNad196Um5aMTYwQ0NKWEJBODlyNkNDaWlTM2hsNNIBuAFBVV95cUxQT3JhRTEzeVE5VjB3cURIQThyTzNaUThNdUtPa0hiejVZa2dpbFFTSm13cFRPeVhWYkRyMnpnblNJNEZZMG1saFFtNHh6SkZ5U2ZPOTRnZ2xMc2xDYWd2N1pacmdTTFdVMjl1bGpMUnFTQ05LOEJxMF8zbU5LZDFIcV9ZdnpJaW51amRPY1o3SzVDMy1hNXdLZ1hoakphNDlkU1lNR1d4YTZlMWJZUGhqWm15cWl0MGc5?oc=5,ETV Bharat,"Sun, 08 Sep 2024 07:00:00 GMT",2026-06-14T20:34:44.965762,job_scam,True,False,candidate,https://www.etvbharat.com/en/!bharat/dehradun-police-arrested-fake-mbbs-doctor-from-karnal-haryana-enn24090804684
fake job offer Uttarakhand,2 Delhi men booked for trafficking Uttarkashi youth to Myanmar scam centres - The Times of India,https://news.google.com/rss/articles/CBMi5gFBVV95cUxPbW9zbG12SmpMRGgxZ1d0QkFyQWN6WU1TcnNMZl9nNmdoQmoxTGNRXzFaZFFRUTJTTFg0UVZoUFljQjJOSElQZDJTWFhzbWNDS0ZsSFNycDRfSHo1QkFYTm9lVUpnSndPdGt4TG0zTE1Vb3RoRVk3RGlOZENVWTRGOWdjeFZKQjZmNTc2NU9TN0RoQkFVaDZjUG5EQzU2XzZTZDNYVmp2SXZhZ2dpMjA5UEJsaXY1SWZ6Um44REpfZWJPRmN6bDVLRzRtS213aVQ1MG44d3k0WEhLN3dlWW1WdXQ1a1d5QdIB6wFBVV95cUxQVWJHODhodktZNnJSUlEwNU52ZzNuOFZHb3FKTXRwdl9hNlZZZ3VhSW1IdjJnNlBiVmVpVmhkQ1ZJdzNZQmZrM1NzVFRxZ2V5QWxuTzNMT3JVZVZ4WThSMzNyRVRhU0kxd3c3STc2V0t5UXg0RXJGUGZlXzVGdnNvMFlLVnBlVVh2QWszY0JnNi1tei1xZFc5cUJyUHlwMC1TZGdKbTZtUXhCdEdvOXFYRTVEaU5oQWVqWWcyUkw2R3poSzRwRnYxc0FtdWlJZ0VHN21ULTlJbVVjQXF2dUlJUjJTQzlGMTcxMWRV?oc=5,The Times of India,"Sun, 11 Jan 2026 08:00:00 GMT",2026-06-14T20:34:44.965855,job_scam,True,False,candidate,https://timesofindia.indiatimes.com/city/dehradun/2-delhi-men-booked-for-trafficking-uttarkashi-youth-to-myanmar-scam-centres/articleshow/126468549.cms
fake job offer Uttarakhand,"'Professor Mishra hazir ho': Teacher alleges namesake got his job, Uttarakhand HC steps in after 20 years - The Times of India",https://news.google.com/rss/articles/CBMi5gFBVV95cUxOUlNLZjVDRzh2T3dwajQzYno0NTMtVzhwOS1VT3MwS3BfMlVsSkJQV3JhQXhuaXBOQmtlNUUwaVVNdFMwaWhvRXVxUkN1NnIwREt0bGw3OHNVZGpKTmR1aGhPTVVtOFRQQ2c0ZXpaa2RldHpOTXk5NHFUREFNWVhwb01TYmVjODBQVDNUUXYwVHFKOV81dWtQaDJPZGxBMldiZFZXa3VVMi1UQ3RXZGloU2lfS3NhRFJ1QUM5YjVWX2VpVTdrdWZXY3NXRjFjT0R6LWhPOGk5UnF0dFlvenJxRVBWS1JWd9IB6wFBVV95cUxOOGZaRXMtY01jeGtIdmxPNHBwaHlNNnVOQ01ZdlJJQWN0QlBzX1ZCZnE0bldXUEFYMWd2MElEWk1xbVdrcThVbDNDNXFpUV93YnpHc0hLdWlxV244b19ucGZKN3Z6TTk5NWp5ZlpzclBsMzEyaG9VeXMyX1RzaXE2WnhRM1N6dnZsNjhHcnVWZHFBeFNpUnhxb1RFTjRScXZMMnZ0UWdnbDVZUVZJWXlmS1hHa01VRlktNmV3QllZTk1DU0JRTXJTcW1idjBNSUxzQncwNGtYTUE2Rzc2SmhHbmxKcUkzNWpzZDNB?oc=5,The Times of India,"Thu, 17 Apr 2025 07:00:00 GMT",2026-06-14T20:34:44.965885,job_scam,True,False,candidate,https://timesofindia.indiatimes.com/city/dehradun/prof-mishra-hazir-ho-hc-steps-in-to-resolve-20-yr-old-mix-up-in-kumaun-univ/articleshow/120353242.cms
fake job offer Uttarakhand,2 men booked for circulating fake audio clip of Uttarakhand CM Pushkar Singh Dhami’s wife in US Nagar - The Times of India,https://news.google.com/rss/articles/CBMi2wFBVV95cUxQQmNnazY2d0o2R2lsTlh4a1F4RnZvbHRnLV83c1V6c2V4RzhyTW5haFBXVHNRSUFPc25BMFlldHJhbFRPd0xPaW1MQXV2ZzNYZkVYQ21GLS1ld1lDNngxTHJMeHhWTkdJcWN1VDdIelBhUUwzZ0Z2Q1RXMWU3Nk9Xa3prbk9lcU83OEhfNXJWcENfcy1rY25KUzIyNHp6TzJEazNsa05QaVp4S0ZHeHNrLUIxNjFjWTByZ05UOFRxcE03TXNwT2I5SzJjYWFkZXU0T01ueUdUSEZVLWPSAeABQVVfeXFMTTJLMTlOZ01YTFMwTkdMWEQ1YUtLUDVBNktkdkhmbWFiNWtEVlB1RjdOSllFT3dqN2I5TVBKeWVfMXBWMGY2RXZmZ1FmWXFHc0FFNVBHanluMXM4UUM1U1AteS1PQ0liNU50N0pLLTZqeW80YmhWTTduSEliTGNXQ2NrSG5qOHlwOGQ1VDdKVzdYaFg2QWFubzhtYXBUWmRGQ0thRnpYaE9pVjNGdmw5aE9SaEdVY0xXTVF5dW1OMGhLU0djdVVfLVduMGUyeDVwOG1hQ1ViRDQxZEJiN3dZMDQ?oc=5,The Times of India,"Fri, 01 Apr 2022 07:00:00 GMT",2026-06-14T20:34:44.966059,job_scam,True,False,candidate,https://timesofindia.indiatimes.com/city/dehradun/2-men-booked-for-circulating-fake-audio-clip-of-cms-wife-in-us-nagar/articleshow/90579896.cms
fake job offer Uttarakhand,"Women can't be denied govt jobs due to pregnancy, says Uttarakhand HC - Business Standard",https://news.google.com/rss/articles/CBMizgFBVV95cUxQR0pPUFJueFZoZl8xelBGeHhzSWxMbHdDZzNQN1hZYTI0M0Vodm5TZWhCUlFVNWdyYjdyOEdISmd0akFXeGxZRmtCNU1DSWxGTWNDRGdISy02VDdyZ0p3QjJwbTM3N1JCbHQ4SWo0WWdkZDJqel9WYWdONjJDNzdGaGFpcEpxeTRPQ2RIdFBGYTZxYjdxSW9zZGw2Mm1zTHJVSWJYSjEwSUIzZVdzWVVkU25rVGZFZ0g5TEhMdXB4cjk1UWhSSnd4bUw3SVpmZ9IB0wFBVV95cUxQNmQ3NGFkWEYzYUVDcTV4WE9MTzl5N2RoeUY3elBidDNCN2pzR1pmbjRPdVZwTmNLbU5IbnBBRjRGWGJUU0tsT3BSTzVKc2FQZF9vZHlWSkcxdWRMcFRuRFhGbVJ5T242Qk9sQlctanAtbFlRclUyQ2hFaUc4YnZDVG4zVjhSSzJTNVFrSmhQRGltSTBJY0FEcm82LS1uRTVZM0pmcTAyZjd4dFdmbFFBRUFBRUZfSXBUNTZzUzloQWg2TTZaWlJMTURfMFlMcjdQcWxV?oc=5,Business Standard,"Tue, 27 Feb 2024 08:00:00 GMT",2026-06-14T20:34:44.966088,job_scam,True,False,candidate,https://www.business-standard.com/india-news/women-can-t-be-denied-govt-jobs-due-to-pregnancy-says-uttarakhand-hc-124022700235_1.html
fake job offer Uttarakhand,Uttarakhand: Land-grabbing gang which framed owners busted - The Times of India,https://news.google.com/rss/articles/CBMi6gFBVV95cUxPNTJIYm9DUXJQZG1MN3FJYzlfWmZtVDZJcnA5enZmcVY4ekR4dVdORDBZcHJrYzJvXzVjYkpHZVNzS2kxMF9QVloyVVY0Y3RpODZSR2VGMnVPekpwdzl3VWNsLVBxUEVXbDZ6eno3UVNpQnJPMzlJVFdoOVkyZ3ZwQ01EX0VZNjU5S3ZPN1IzTDdvc1k2R0l1T3NQbjhTSS05dWI4dWpuYWprTzVKWXB2LVlzX1Y1c0hWREJvQTlzTHVLQURpM19ZVXdwRURIa1VpZDVsTzV5TW5pSFhOSC0zem93ck9qRGlQZFHSAe8BQVVfeXFMTll5ekMxRWxuaGxsUEltY3dRUWRmY3F3Ym1vSXdYaHNoVEc4ZG9UMTV0dFZTY3RMeVVkdC1zcjFDSTFkQTJyMW0xc1pFNmRLWGE1ajZyYl9qX0EyeEpNaWRSTWdsMkJ2OTM2NExRQnluNkFKREF3V0ZocnBKTVIxc2JfSWRYZE5jS0hpbzQ0QVRJbV9wUGRhTFRzcUxYY3g4R3Jmcl9xV0N1Wm10ZHFYZ3MtbFp0NkZ1Ri1ueTV1Y2xHQ1RhSHNIdDlxcEdVbW9wZmJGRjJDTjZNVnNDTElHV0JYaTJIWHNMZkhDeDNwbjA?oc=5,The Times of India,"Tue, 19 Apr 2022 07:00:00 GMT",2026-06-14T20:34:44.966161,job_scam,True,False,candidate,https://timesofindia.indiatimes.com/city/dehradun/land-grabbing-gang-which-framed-owners-in-false-cases-busted-by-uttarakhand-stf/articleshow/90920730.cms
fake job offer Uttarakhand,‘Uttarakhand govt not asked to provide security cover to Nupur Sharma’ - The Times of India,https://news.google.com/rss/articles/CBMi2wFBVV95cUxQdThoX2NETlNfRWx4Ym1SOGJ4VXMzdUYyTWthWndzRnd0YXdTQTNydGg3cGdOR1ZnOGM3TFFIU3Q5QUJ2UHpVbm5ObE9PT1N1SkpzU3dldE1OazJlbHNna2hvNVRqWV9OZ2dtMXFQR0dTWkNGWExsYXNHZGpZRUlIWXNQNXZyMlZuZ0hMc05sUDhRcmRLZW4ybmFPYlVIVFZ0bmt4R3RWU0doQWY4NEVGWFBEdmVrcXFra2l4eE9vT3BBLUhoVVYtSWFTUUNHa1FHbXdPeDlJWW9qWjDSAeABQVVfeXFMTmh1SVdwM3luQ1MwbGNmQlI3TlJiNUNTLUZSY0JCWTI1ZHB0Mkp5NjR3RUlkLVZkcmszRXR5T1dYTS1yeThoNzB0MlBkYVVXUjRTdXRWcllBRUl6bk1mOHJ3OEZVT1lHZEpzLTV4NzM2X19IMnNvdE95NTB5QmxJUWotNm1GTnpaWklvY0JZQzk4NFJ5dU96bk1BNV8wRFlfeVg3QmJVUDFRbjB0LUtwMzRUOXI0LXFEN0xjYVNkSWxVb19Vei01Y0tnZ2JZNHItS2k0czM2OHNyQVI2ckxUaW0?oc=5,The Times of India,"Thu, 16 Jun 2022 07:00:00 GMT",2026-06-14T20:34:44.966175,job_scam,True,False,candidate,https://news.google.com/rss/articles/CBMi2wFBVV95cUxQdThoX2NETlNfRWx4Ym1SOGJ4VXMzdUYyTWthWndzRnd0YXdTQTNydGg3cGdOR1ZnOGM3TFFIU3Q5QUJ2UHpVbm5ObE9PT1N1SkpzU3dldE1OazJlbHNna2hvNVRqWV9OZ2dtMXFQR0dTWkNGWExsYXNHZGpZRUlIWXNQNXZyMlZuZ0hMc05sUDhRcmRLZW4ybmFPYlVIVFZ0bmt4R3RWU0doQWY4NEVGWFBEdmVrcXFra2l4eE9vT3BBLUhoVVYtSWFTUUNHa1FHbXdPeDlJWW9qWjDSAeABQVVfeXFMTmh1SVdwM3luQ1MwbGNmQlI3TlJiNUNTLUZSY0JCWTI1ZHB0Mkp5NjR3RUlkLVZkcmszRXR5T1dYTS1yeThoNzB0MlBkYVVXUjRTdXRWcllBRUl6bk1mOHJ3OEZVT1lHZEpzLTV4NzM2X19IMnNvdE95NTB5QmxJUWotNm1GTnpaWklvY0JZQzk4NFJ5dU96bk1BNV8wRFlfeVg3QmJVUDFRbjB0LUtwMzRUOXI0LXFEN0xjYVNkSWxVb19Vei01Y0tnZ2JZNHItS2k0czM2OHNyQVI2ckxUaW0?oc=5&hl=en-IN&gl=IN&ceid=IN:en
fake job offer Uttarakhand,Fake madrasas flourishing in Uttarakhand: Urgent action needed as illegal operations persist - organiser.org,https://news.google.com/rss/articles/CBMi1gFBVV95cUxNa1pvMXpJbGdDb0lPcmd1MVphNFBpcXZKd3VRZU1acHpQb1hSNWJiRVRFU2hRVmZYTzB5YmFCeGt0MWpRUEk3N3ZBbElhYjRsRHBjWjZxMlI4S0lTVFdScHk5UzdDX18waG9tb01BckpCSHRQbkZtN0NMbDVhaV9Xb0QzUW5uNVJlUUNJcy1oTUZxbTkxamRPYVo2dGNoMTRjZW1YUlRQQjFURGRHZXQtUS1HblNpTnBOZXNCNDFWNFc1YWsyZTlFRFBSbVAwbnRTSFVIckVn0gHbAUFVX3lxTFBjSkhGc0lveC1uQlZzbUE4eTVLdVVrWUdmUFVOalVwOE5taVM4enFFbzVUYkk1ZG1rczlBbUF0bmxSME9XM1VwdVI0NUpMZHIzYzUxRVFmNnFfNGFKT3FIQVZ1bkNHXzJUNFp5dnJQNTZoYnpkQmFKc2kwNWgtRHV3S1pvSHdmcjJfM1J5Z1RyOUlLY0Q4NllldTF5WXhOcEpNeHNIZU9uM2VxZkgwNmZSdFZOWFBkcUdSUWoySVVENF9oUnZoa1hfZmVIZlNBZzNPRS1FQkRMZDd5bw?oc=5,organiser.org,"Sat, 03 Aug 2024 07:00:00 GMT",2026-06-14T20:34:44.966214,job_scam,True,False,candidate,https://organiser.org/2024/08/03/250166/bharat/fake-madrasas-flourishing-in-uttarakhand-urgent-action-needed-as-illegal-operations-persist/
fake job offer Uttarakhand,Uttarakhand fake encounter: Lifer for 17 policemen - The Hindu,https://news.google.com/rss/articles/CBMivAFBVV95cUxQa2htRGJOVEpZQlFSVUVoc0plTkhMYkpKTTE5NEJzdjFzNU04WWwwYzIxQ3hnZGhndGdySGRmZjJyLVVnRmotU2cydmdFWW1sSUlXSE5DU2g3YmJZOE45OFhaaVg3d3lRdXlKZVZlUUNlZzFaQkJBVjBmYjYtU1dHMTJycXNEaHcwTm1tRW9yM2dqakpyb0QwRnMwckVZajl1V2xBUEp4WG96aU5yaHhteGxTR3lWSnlJWWZHetIBwwFBVV95cUxOZ2FSMVR6bkhxVHNKVnU4bG5nY3ZJYjBycjVXM1Roc2hhd2RKMVEzVTIxV3I3SU1FTzlUOXZpdnNJblgyLW1hV0gzZk5MM2gzR3NOYk1xQkUxY3VJM2wtMVh0ZUktY0tvcjgzMG9oeW94ekFhdG5vQnNxZ3JLanJYSHptM0txMk5wUFBPVHJTX3hWTlZmZ1c1cW5XYUNSeDBLWF9hUF9VOVdDX0xyRTd0ZlNoZlREYm42WlFQQWpLTjBwdUU?oc=5,The Hindu,"Mon, 09 Jun 2014 07:00:00 GMT",2026-06-14T20:34:44.966264,job_scam,True,False,candidate,https://www.thehindu.com/news/national/other-states/uttarakhand-fake-encounter-lifer-for-17-policemen/article6097381.ece
fake job offer Uttarakhand,Uttarakhand Fake Encounter: HC Fixes November 27 for Final Hearing - The New Indian Express,https://news.google.com/rss/articles/CBMixwFBVV95cUxOOGFHV3UyeVIzdDdhTnJBZG96UTYyV1JJa1hTWVFJSzBYbl8ySkZWNjVXcHRLUEFzM1hXdGY4UXVOZ0t3c3pnVGlzUVlFZWtPbFVkajFmTl92TjZZcGtndERjU0lRcGE4UmtyNXVsRHpQeW1tZGNtYXVlOUwwU0hQYVJDVzc2a01UeS1CWGUtRE90azB4WWpFQnlYU29MaDVuenFTNml4a1k1c2QxZXMwUkE0cXRjMzB0ejBoVTZNY1p3VEZPbTNN0gHUAUFVX3lxTE82dzZQQzhjemRMM1ExUFpmWWVsenBza29nUlZBdFluZVVYS2pGbmgtTUNhS2x1UmVIbi1BVDVzM3NpVFZHeUJpTG0tUE1sMFcycTl6TXppaEZib3VhcGVNcGo1Nk1CUnVtSGZHaTdQS1lPNjFzODltX1VUOUVvMlBYWWI0RVlIOFI5aENGUE5rSUctWGR0bENxNU9VaEtFbnhiRlpCWHVJSmxMRmlxYWNRQldGaDJUNkY5clJTNWNrSVFaSTc1c2ptTDU5UWV5cm9oaVBu?oc=5,The New Indian Express,"Tue, 09 Sep 2014 07:00:00 GMT",2026-06-14T20:34:44.966289,job_scam,True,False,candidate,https://www.newindianexpress.com/india/2014/Sep/09/uttarakhand-fake-encounter-hc-fixes-november-27-for-final-hearing-658451.html
fake job offer Uttarakhand,"Fake drug trade thrives in UP, parts of Uttarakhand | Hindustan Times - Hindustan Times",https://news.google.com/rss/articles/CBMiwAFBVV95cUxNNGdoVWVheS1CeVR1N2JDYmpCMGtUNTQtSkpvcVpaYnU3UUJZMXR5cnd0THk2ek9rVE1KMGhBZDhpc2dCV2drN2xfbXlDclplMTFtNXBmN3ZJYlJZVXBhTU1wVi02UGFydmZkSzhVWkZncjJBbmxvX1BxakJVYkxJbnNDemlzY0ozd0xNZVVuSHZtTWJLRk5qTDlnSTdiRlJSWDdTSHVxMUMxUF9YUEZTOWdrNGJkcWFDLXV6NzZTazDSAcYBQVVfeXFMTXlBcThULTVlZG5STHA4NFVZeWY2cFJEYllBOGhRVGFfUDVOa2NLLXdOQlVXUzh3Qmg4dUE5T3VOcFZROHpMOGpSZHV5eWZRLXVHOGJvV1hCLXNxQUp6UkdmU04wWFdLSmJkRjYtU0ZYbWdlemZ5WHRQUjdmMmVRQ2NTU0NVTElFQV9WblMtQXcwcERUNXctbjlrYzQ3dS16a0dSWmRaYzhINVc3M0FjUzJJR2MwcnV3ajRfTm9ERWpCLWJQTHd3?oc=5,Hindustan Times,"Mon, 10 Dec 2018 08:00:00 GMT",2026-06-14T20:34:44.966302,job_scam,True,False,candidate,https://www.hindustantimes.com/lucknow/fake-drug-trade-thrives-in-up-parts-of-uttarakhand/story-r1C2tThoxZoG0jdKZbfrVI.html
fake job offer Uttarakhand,"Uttarakhand fake encounter: HC convicts 7 cops, frees 10 - The Tribune",https://news.google.com/rss/articles/CBMisAFBVV95cUxQSHVkWGROTnRVVDZXN2QwWExyNEJZYmtCUXh1enlxbHpqWktyWE04UTBlaG05Q1BOZjVSdVdtd3B6S3ZXVDN5YXdlVDZ5c3JteGRBc09yemdTWWtWT2pvdFNRNjFtdEkta1pGeFN0TjFyeGROX1F6SzdqTUc2bUVISlBvZlNNLUtPVHlEZWhZOXFLVFlIX3NFZV9LdnpaMmxUemtYVWlfMEFCNzlaT0xobg?oc=5,The Tribune,"Tue, 06 Feb 2018 08:00:00 GMT",2026-06-14T20:34:44.966383,job_scam,True,False,candidate,https://www.tribuneindia.com/news/archive/nation/uttarakhand-fake-encounter-hc-convicts-7-cops-frees-10-539606/
fake job offer Uttarakhand,Uttarakhand fake encounter case: 17 cops get life term for killing MBA student - The Times of India,https://news.google.com/rss/articles/CBMi3AFBVV95cUxQc1NCbm5GXzE5bC1NY0prRU9ZVmlKRlVWc0xMdlRnNmFZNHFsVm5MajFVNmt2dUhucExGQzNwQjZqdk1nM0lJOXZuOURRdzQxUGhyVXpTeXdCaENCWTRPdVY3ZXM0Y212S3ZMLUtPV3N0d2VvUUxZQllacXdobjBHMEUtamFabmNVUDRxM1IyNjBDNGxvVVdnT2tRSUExc2F4em1GaUloS2VNTHZFclVUWW5IbjZSdmFjM0JwazhMT043S0t3c0c2ZXE5NU9VOG5iWTBfUWdraTVHQXEw?oc=5,The Times of India,"Mon, 09 Jun 2014 07:00:00 GMT",2026-06-14T20:34:44.966396,job_scam,True,False,candidate,https://timesofindia.indiatimes.com/india/uttarakhand-fake-encounter-case-17-cops-get-life-term-for-killing-mba-student/articleshow/36293831.cms
fake job offer Uttarakhand,"Mizoram Police Rescue 5 Women, Including Minors, From Alleged Uttarakhand Trafficking Racket - The Logical Indian",https://news.google.com/rss/articles/CBMivAFBVV95cUxNUEgtR2RlMmRtaG9NUERQZGp0WFAzblAzZFFEaUZrUkdQVjd0SFdHSUU0Q0Y5a0lMcnpMdFNOWTY1UTZ4cHJlWEM0OUY2QTNHRGZzVC1GNVRzdm53dl9VZ0lZYlM1TkZJZ2lSc245Q01TMTdfYmJFLTloQmYzUHQ4MGNzSXV5TmVENEtMS1FLNXJYcTdPelJ3d1RiTGNhVVktdnkzZ1RLZC1VQ2hUWTlQa2pNMzVoNnZUM2RlSg?oc=5,The Logical Indian,"Fri, 08 May 2026 07:12:59 GMT",2026-06-14T20:34:44.966416,job_scam,True,False,candidate,https://thelogicalindian.com/mizoram-police-rescue-5-women-including-minors-from-alleged-uttarakhand-trafficking-racket/
fake job offer Uttarakhand,Fake NCERT Book Racket Busted In Uttarakhand: 10 Lakh Copies Worth Rs 9 Crore Seized - ABP News,https://news.google.com/rss/articles/CBMixAFBVV95cUxPZG1Nem1NS3NFTWZuUlBfQXZtV2N5WnczSW5KOVpDWXpMOUozclFmQ1VBVGNOTWJsMmFHV3dqekVWanYwbEJJT0xtX1lnNGZZUk5yVm9rRkZ5TEdHeUZMc0p1OTE2S3VuMFRMcnFPTWIxV3Y5YnlUTEthMGxBMkhtRFpFdHpaWlJmdjNWbWNBZS0wbzZLX3dxLUVMWUh0OHV2YW1HU2tDdnFCVVo0Z0lZdTJ3bFdpNFY2bzRFTi1PalVSTmZx0gHKAUFVX3lxTFBjcE04TTZCN2Y1RDd4Yk1HbkF2bEZUcHZLaWx6Y21uVDAwVWs1QVJBd01JVHdSU1lHdEJLZWlYTWM1NHdDeC05bi1mQjhXRFRIWFFRWThaLThTWnA2NFdRRUtrTUMybm5oZ0JlVjZIejlyMlRBTXp0ZVBRa3ZEYVdWOFVROFoyZlBBeFV1eUFMbkdRNmpOVnVyN2xYa3hFUWcwdlBsUkRzWnlJR2FqeTNiR2o3amhsMWdBTTVfT1pZX1J4UjdvelBPWkE?oc=5,ABP News,"Wed, 18 Mar 2026 07:00:00 GMT",2026-06-14T20:34:44.966444,job_scam,True,False,candidate,https://news.abplive.com/education/fake-ncert-book-racket-busted-in-uttarakhand-10-lakh-copies-worth-rs-9-crore-seized-1831828
recruitment fraud Uttarakhand,"'Posed as fake Major, collected Rs 7-8 lakh per head': Fake army training camp busted in Uttarakhand - The Times of India",https://news.google.com/rss/articles/CBMi5AFBVV95cUxORWtuOENPeXR1OGt0LVp1VW9ncUo5RTlIcG9KZUUzRGV5bFp1M21XRFA3UUdGaEVsNC16VWgwYmhpQ1MtcVVsamQwYmtnd2FuaXlRb0taUmdnX0NHbmtmYkhKMHZtaFVSSGF4Y0g1Yk1CMkRpLUFBSFY5TmVrbjhnUVpWcnJiZ2dKamZnV2lESmdlNUxrN0U2MlJjME9ZamNoTmNDdUd2YkYtV3ZhNGtqQjhLaDNmbjJvVzU5R1JFMUlCekFZZkJCY3llRFM0YThnaGhrRUlHSXJNT0c2TFpNVzlRakfSAeoBQVVfeXFMTnBMRFBNWWlQX3R0QUJOSGFiQlktd0kxMDNGTHpFT1NHdTVySy1uU3BZTi1uVHJnSWtpekhnT0J0SnJ6UFBmSFJ5LVRsbTVyMHdKSTlfSnc2SkIzVHc2aFJLYmNOLVA4Q3NQcnRCRWxIMk4ycF9JdGhSWjZBWVo4N1JFb3A3R0h3SmU0UGNPWkNILVotWVlnVmY5bGpFdHZlNm9SeXJjWW1FeW1WZGVGeFlvc1hxdTVmemVrTE5COTVHVnhpVVN1NHp5S0o4Y2ZQRjBGOC0xb1Q3YV9oN0RyS0JzSUJVMlVUUUVB?oc=5,The Times of India,"Sun, 15 Sep 2024 07:00:00 GMT",2026-06-14T20:34:47.452287,job_scam,True,False,candidate,https://timesofindia.indiatimes.com/city/dehradun/fraudulent-army-recruitment-camp-busted-in-maharashtra-fake-major-arrested/articleshow/113353817.cms
recruitment fraud Uttarakhand,Cheaters in exams to get life term in Uttarakhand - The Times of India,https://news.google.com/rss/articles/CBMiwgFBVV95cUxQc3ZReHBpc29oX1BoTVFMSmJ6eDhpS3FMYldLRDh2WmRDZHVEQmprSE9lWmlkZ3R2bWM5TTR0V0F4bDdacGUwQkNMcjNrTVFMWGpzZW5WenJscGNucm1Xb3Fna29yek1rM3QyN1BqbjFiNzlLS25qM2x5LXdhVlRfcXdqQTZtSms5VTRTMHpWaE5ERVl6OFZxN2dodmNKWDN2d3Nwb0EtbmF4eVFDN1hpTXNiNF9LZmdKOXRINmhnQUZKd9IBxwFBVV95cUxNMFI0aTBxRHhLR2V1Z0dlZ1FaTHpNSWNuTV9vcTBvRllLemNaOUUtWDdoNENLbXRQV3JHS0huTzV3UHBPcTVScW9ZQjRCckhja2FNVUFlSUw2cDZmSFFUODA3aGlURE9nTEVJa05Wd1g2Wllia0pvZFp2dTFRMGl5d3Q4bnhOLWJ6dENPUkNXTzhISkgycWlFZEtYVjFObkNVY0hkNWJldWVkbGhsZV9ZWlZocUp4WHZXcUtJclVfRjNFLTk0Zjcw?oc=5,The Times of India,"Sat, 14 Jan 2023 08:00:00 GMT",2026-06-14T20:34:47.452459,job_scam,True,False,candidate,https://timesofindia.indiatimes.com/city/dehradun/cheaters-in-exams-to-get-life-term-in-uttarakhand/articleshow/96978908.cms
recruitment fraud Uttarakhand,"With 2 big paper leaks, Haridwar becomes ‘epicentre of scams’ - The Times of India",https://news.google.com/rss/articles/CBMizgFBVV95cUxObGRwNlRzSkJhcnV4ZnJPOUd1VzJ6MHJnZk50UWRxQnlvWjVEX1NWazUwSXZpODJzbmYxR0xnRVI3YzBHWFVKN3pmeEU5Y2NTZk96MFR4UnR0ZUhFT2JHSlFUbFg2MXl2ZjZuWXBxMGplTXlBVVJ2NG0zUnRLNDZ4bnV3dnhHQTlBRlVWQllHNkNKMnpiOXNmOHRrNDJMemdyR2FvXzJVcDdja25ma3BNYVlSZTJFdU9CQVNlUmpldUxlOWpaOV9QVkxxNS1YQdIB0wFBVV95cUxOakZ3d1RjcXhQWE9vMVAtaFpjeGo1TVBkWk50Z2pJTGhqeDdSV1NHUWFQcnZqMGNSV3ZjaTQ2V0dzN3YtOXlPNXM5RmtRT1Q1QjBudVNxc1hNWXp2c0Y0U0RTZGd0bXUyTk9ZX1hwalZZb204WVJxbGtBQzhzTnVGRUVrU0lqcy1fMHBZYXY3S0lYM0JJbGY2bzVrZV90bUhQRkpKb0dnTzFlMkVyV0tobHNUdWc1M0o4YUozV2lxVC1FaU1yNWoyd3RWb3hHcTdsYlVv?oc=5,The Times of India,"Mon, 16 Jan 2023 08:00:00 GMT",2026-06-14T20:34:47.452522,job_scam,True,False,candidate,https://timesofindia.indiatimes.com/city/dehradun/with-2-big-paper-leaks-haridwar-becomes-epicentre-of-scams/articleshow/97017715.cms
recruitment fraud Uttarakhand,2 men arrested in Haridwar for cheating in govt teacher exam - The Times of India,https://news.google.com/rss/articles/CBMi0gFBVV95cUxNSVVrT0VxT2FIOHlBXzh6OG1qcXZ3MGd2YnFxdzlTSmRaSFJTd2JzaGZ4M1pnNjNsdmQ1dF9uSFltb1prUXprd3VZVTVjcy10dnBFTnB3NU56T0x3R2MxQXY1Rll5NEdRUWFQVk1EU1N6VTFlR0ZsUWppTjB5ZmJuREM0WmFYSC1vblI1UVZiNmJ1WWZYWUJYUTY1cnpWa3B0ZEpoREk3aUJYQ3FPQTVtcFloRGNSNjg0Wm5ULTczU0tXalJhRTFlVVJUQ3MyeTJrZ0HSAdcBQVVfeXFMUEZGaW52MUU4ZzBERWdiOEJaYmk5MW5yUzVvZndrenVLZ0E0amhMZzdJVjQzWUhKMVlSdmlmWGg3QmpnbERoNHgwNHZfS095LUtTYWFWRmZjSVRsZXpZek51UUI4VmRqNXNjczFqSzljMHpWMDZVbUhNZ1ZaN01PS2V0ZDJFd2JGMmdoMDZrb3pLSkJWRzMxQkpPX1hULUUzY2pEZEdPd19GcTFHVkU1LW15enUxbXlocVJjZ21tVlM0Wld3N1pycVJ2M1BmZ1JuMjVyT1lwSGc?oc=5,The Times of India,"Tue, 20 Aug 2024 07:00:00 GMT",2026-06-14T20:34:47.452548,job_scam,True,False,candidate,https://timesofindia.indiatimes.com/city/dehradun/2-men-arrested-in-haridwar-for-cheating-in-govt-teacher-exam/articleshow/112638275.cms
recruitment fraud Uttarakhand,UKSSSC Uttarakhand Police Constable Result 2025 Out; Details Here - Free Press Journal,https://news.google.com/rss/articles/CBMiqgFBVV95cUxQY1AteEJLZGFyUnRhRnZuNHdIX3lPNmxmWFd4YWd3bjNmaDkwZ2t6VmJtdEs2UDRhYWV5cTE1c3BaQkxUWVlYWHZ2RjVnTWNqS2pnSFFDbGJuWnRrQUNqVFVZUktFR3h5Q0RIZm9BTnlHQzRTVy1lY0ZFeGxad1Z6eHkxYW1sMWZNbmNnZVBYeWp5ZWFnRWExX2lOWVZZclZxVnhCSXlIVDJzUdIBrwFBVV95cUxQTXYzYkxCT1dsX1FnenFNMUdENE1oSi1SNTRUa051WTAxR0hZQ2VNaDNCUEtnOTFSdHlDb1k4ZHJ4LW5UWF9IOXVhdENGdXIxNTY2eDNCREl3Q0RQSHhYX3g1MEFNNUVNQWpNR2kwaVYwSVNHZ1NxTlN2bm8xLWxKNXlHZ1VhQ3NzR1F4NFJUcl9FOEpFU2lNWHJ5OHRaT0REZ3RxbzhzVlU1OGp1bi1F?oc=5,Free Press Journal,"Tue, 30 Dec 2025 08:00:00 GMT",2026-06-14T20:34:47.452854,job_scam,True,False,candidate,https://www.freepressjournal.in/education/uksssc-uttarakhand-police-constable-result-2025-out-details-here
fake recruitment Uttarakhand,Uttarakhand to impose green tax on 'out-of-state' vehicles from Dec - Business Standard,https://news.google.com/rss/articles/CBMiygFBVV95cUxNXzNla2pULUFfRW5uVklDOEhaeFZCS0RHbDl3YmdwYnltZmpWZDdKNEhfVktrNnJkdVRPM3VqMjVXdzJNRDZjNzJwQmN6aGlpMDZWOENJWkdJbVdiVWRnR3UteF9OSFFMNEFSLVJEVTlRX1RSRHRlQ1RzaDUxNHVIU3ZjTDVCczMwel9mTm9VeG1RclFvVDZPZTdDRWtyOEQ5TG1nazJMbGx5cjdwanJQTFNJTlc1b0FwT3dEdUc0VXZMTmd0Sm1fUVZ30gHPAUFVX3lxTE0tMGhsQ21URk9PdVdKcWlRb0xXeGlaZ2JrV1NJTXl6N1hBM05lU01RdmI3WnVteGkySlZTeEpiSFNzOVdrLXlDU3NCUm1LUnFmNG1EZXE1RXRiOWV5WGJnaDdEcDNDd1BKQWt5Yk1vb2p1ZmFfbm10VlRwR3pQajFRaHVaU1Nja0RwWmFGb0lLdzc1dW1PbThvbXF0Y1RsVWFleGhmRFFvU0k4RU54QzcwbXkwam1haWoyTkZqdS1WaDNMYVhxLWg0SE1vY0E1NA?oc=5,Business Standard,"Sun, 26 Oct 2025 07:00:00 GMT",2026-06-14T20:34:51.415874,job_scam,True,False,candidate,https://www.business-standard.com/india-news/uttarakhand-to-impose-green-tax-on-out-of-state-vehicles-from-dec-125102600008_1.html
fake recruitment Uttarakhand,Nearly 10 lakh fake NCERT books worth over Rs 9 crore seized in Uttarakhand - Careers360,https://news.google.com/rss/articles/CBMipgFBVV95cUxOY29jN1BVWTFNTVFma0hwbDcyVmFwdEFicS1DdW8xZFpMQ1I0Q1VDS05yQXYzUUtLeE9wQmIwZ3ZiVWJoVGEtRjlxalN6amIyRk5MQ2RjLXlmVzVRYmxtdm83Y3RDQ1lPaUVoVnhNQUtmcVZZaW5WWUdyVFdaVFVmWDd1SmhmTUhkVFRHbGlaSkRVTkxCbFVCTUE1c2F5YnhBNkxmWlNB0gGrAUFVX3lxTE5hOWM2N0tQS3VaVFJjWTFwRHBqVDdlY09PeUtIaXB5VE1qamN1aGc1SXNnWnRNVFNNamk5QmxHLUE0RHlBMko4aldSeVI2Q0NqVWJHWVFrdWs4YWhaVXYtdWFSUEE2R1Jyc3ZXUlgweGtpZTJ6eVM5SGxhQ3d5SnVNcEVoOU84VXVhT2dtMGVXbkJraHVCbVB0ZmxxSUlFU0R4Z0ZHZ1h5MWFEOA?oc=5,Careers360,"Wed, 18 Mar 2026 07:00:00 GMT",2026-06-14T20:34:51.415881,job_scam,True,False,candidate,https://news.careers360.com/ncert-nearly-10-lakh-fake-books-worth-over-rs-9-crore-seized-in-uttarakhand
fake recruitment Uttarakhand,Uttarakhand: Agniveer aspirants fake documents to beat age limit - The Times of India,https://news.google.com/rss/articles/CBMi1AFBVV95cUxNUlQxODZ3RzBZOGZOY1VmRTdnMkUwdm82Q3QxNFRtLU5SbXdMOWtGZXFaalhzOG9DUXFvZkFOUjdmTklKVUtjbzdobTBqTUNhNkhLQThWVllCZ0ZiUjNRZ3E4Ukl3dGRnMzVlOW9nbGprMEQ0STU3V0loSmplQzBYWWtCMV93UHBWMEVyT2NYcDltZEFrcU9XRFB5REVIVmQwWURFR2p6R3Qyd0xQLW4wQ093RFhpWDU2MXREYy1tLUlxc3kyMkl2djJWb1RCZkJnRTFkSNIB2gFBVV95cUxNd2RJcldmU0tHbnpVR2NWaV9fcUZCVDJTMEIwNnQ0eWE1bnZ0LXllVWs3cnpzQ2YzSmNGM2dfYV9ZVXVEbUtWZlNYRHh4VEFMNlZZdDdTeXJOVzBIb0lZeTZIMG1obVdjMENRQU5ldzd5dFVWaFNUa2lmWnl5b3hSNHhfZkJtc2xBSUtNanU0Nk90SUY4SFFFemJqcUtKNWtsWGdKd0l6bWp6SUV0THJmc0Q0T1ZFZllXZHZrcTlGRDdfdlg3MVlVOTlWUERrVXpJMmxYQ3I3SkhwUQ?oc=5,The Times of India,"Sat, 10 Sep 2022 07:00:00 GMT",2026-06-14T20:34:51.415982,job_scam,True,False,candidate,https://timesofindia.indiatimes.com/city/dehradun/uttarakhand-agniveer-aspirants-fake-documents-to-beat-age-limit/articleshow/94109269.cms
fake recruitment Uttarakhand,"SSC exam cheating racket; Uttarakhand STF arrests accused with Bluetooth devices, routers - Careers360",https://news.google.com/rss/articles/CBMivAFBVV95cUxPSTloWWczbEtHQ0tRLUFZVi1Nazc0Vng2YVYyM2oxWkZtV3BzejRZNThNLWdfMkVrTEN0UFYtdzJJTDFQeGJQZTdOV3RDajZtS0pRQjkxemZ1Tkg2eHZkbWc0dlBpMGY3b3dCSkNvRVcyQThWbEZpUVNoNVBYeE81WG5PV2NXWElDd3J2dmZkZ3ViVTRLaXlvT0FpRWlPaE1Demt3cXpEbDVCVFotbHE3TjVJTVZrY0JWN2J1c9IBwgFBVV95cUxONU1VWXdCRGV4amJOWndRWm1ZbjdYYktKWUhGUXZBS21HWUFBdkEwcHlhVzlSd09yM1Q5UUVJMXRlYTZWdFNmWG4wUHJiOENJdUVzZk9GaE5aZkRFTElXaktYZXJ1Snl0bTRCOWg4ck1lZ0VRbTJZU0szcU14ay0wN01DVmpaT2ZwdmJvOXhZOFhrTjZpSWNGb3RZRGVHWDBzcHNRVjk3anlnZW5CN1prQlV4TDRhekZmQWtBWkI5Rk85dw?oc=5,Careers360,"Sun, 17 May 2026 07:00:00 GMT",2026-06-14T20:34:51.416209,job_scam,True,False,candidate,https://news.careers360.com/ssc-exam-cheating-racket-dehradun-stf-arrests-accused-bluetooth-devices-online-centre-sealed
fake recruitment Uttarakhand,Five more teachers with fake certificates found in Uttarakhand | Hindustan Times - Hindustan Times,https://news.google.com/rss/articles/CBMi0gFBVV95cUxQaENDU1I0cmNKWHN6NXBLOTczOU90NlFsaUFpSDl4VDllTUIyakMya0I3cmFoMW83WjlDbDgyV0IyZjBlcE40NUpYMGZ6R3dSd1N2UjhVc0lhM0F0NkVuNnZQUnNQZnBkV2pKSXRTcGdPTDFLRDZxMXlWVGZZRWY4dTBUcE9qcmowbHRtOG9EN3dkX0ttSFl0YURlcFo5TEhkbnBFdUk1UUI1enBaSFBfbWhWV3EtMDlIYnVxX0MtNmsxS01UWG0tX0hHcFoyU210U0HSAdcBQVVfeXFMUC1kenhEUjI1cVdNYkU1UUk5YnkzY0hjVFVkY2J4aGxQUFhVcF9nN1NuV21xb3BSQnpJYURMZ1h3NHNoTVRLSHlUOTl2dzdMWWh2SFotcGV2cjVScEs2VUNZcnJPMWRuYXFHLUlGZzc1TGRCY05yRjU5eTd4S2pKN3ZWQ202eFJoQ1pGS1hocm5CRFgta2FNanMyMEI2elliOFJjU2xSLUQ3S0VoMVhCaW9KVm5KRTdkMHY4cTg2ejhxQ1dBTTk5aVpzM2c5eDdkLVZ5XzYxZXc?oc=5,Hindustan Times,"Thu, 19 Jul 2018 07:00:00 GMT",2026-06-14T20:34:51.416222,job_scam,True,False,candidate,https://www.hindustantimes.com/dehradun/five-more-teachers-with-fake-certificates-found-in-uttarakhand/story-75QSxdRd7rVVD2qG6rlN2I.html
online job scam Uttarakhand,9 of solver gang arrested from Haldwani hotel over SSC exam cheating racket - The Times of India,https://news.google.com/rss/articles/CBMi5gFBVV95cUxQY0Fnd3hIaS1HY3VYV1ZqdG1FX2M0WU9KalY5Z2lBLWFocF9CNWFqNWRCVjRZUjZ0SDd4OEJZSl9TU1ZiVjVOQjlUMEhwRWVBVmJRbWdsY2hjZVRraDJGWGxZVk5VeWl2UjJSWlBpVmJEdXFRNkVRdWMxQ2ZPZjBlUmltdGtGQUgtLUVWWVVkazFiRklVWTNRaVVabzlsbDNkWmpiUFhWQlczTHUydTB0dU1iaVowR0VVbGtRU1BrZDFjbHFwZXRCOUZ4cXk4TnhoNEdTbl96bzJrdkE5NExSRjZfYnFoUdIB6wFBVV95cUxPdkJpYTl1VTRnSWtzOHdSR1hYWEp1LThPMjYzcGY2dVVQT0xuMVNWbnFNekJ6OEdsTWtyNkNLNFA2ZzA5UHFrV0JFRTB6T29WeU40Z0hfcU9BNTBiZTdzTG1HS1AwMUp1UWozOFRKSmRXTzJOQlVxTDB3M2R6RW12eGNCUXF0aFFiLTg0aVhPblpOdS1qV2o4dVBQUndSajc0WVUxcWpLQ3B6ZVRfTm1GcUZ6cWcyWFl0amljeWZtc2ExeVlCaWE4cFpMNHZ0QUJPdEI4c1dmSVFDejlmRzdfT25LR0QtaFUzYWww?oc=5,The Times of India,"Tue, 05 Aug 2025 07:00:00 GMT",2026-06-14T20:34:53.131514,job_scam,True,False,candidate,https://timesofindia.indiatimes.com/city/dehradun/9-of-solver-gang-arrested-from-haldwani-hotel-over-ssc-exam-cheating-racket/articleshow/123098871.cms
job fraud Uttarakhand,Uttarakhand to give 10% horizontal reservation to Agniveers in govt jobs - Business Standard,https://news.google.com/rss/articles/CBMi0gFBVV95cUxNd01qN1pTMFdZSkhXb3d5TnEtQVFnWXVXZm1wcThuWHBTS1I1OUd1Y0FkZ0xheXhhOVdWT0tyV0lnVDk2MTJ4dFo3NkJ0ZVV0dlRaeFc4YWF2Y0VuV3RFLWljREJ5RGdCenFRVm9YQlVnMWJ4WV8tcTZZdjI3cW5PRE85dmtNQi1ISE5NWFA5WDRIdmlhQnFIRFhJTTE5U2h2RFBpSGY1VXh3UE5XR3ZhOW5zeVB6R0lHdkxOMHFoYkVDTGFuaGUwYVpkZl9JaDhjOVHSAdcBQVVfeXFMT0Y3OGdHYkZFZ1BHRUlYTTlxRFVGS3RRSEVsOWZFbk1vaEJaQmJuWWQ2VW5QY2hOVnRTcld1cUlzNktXZHFIT3RvelRLUDhqYTl1a3JnS3hKUnhGWHMyS1Q4RXoyRjZFU1E2eVdudlpTSEpqY1BIYnFCWUVFUk5QZDNWV19MYjlUUTVVZWQzY1B6WWFUamtHSllvaWdXdF9wSGtFekJfYWUzaGEzUGhONWdvc0NzZEN4ZWtfZFI4dWEzNGlFNnRnUi1kcXR2NS1Ma2thZ1UwUFE?oc=5,Business Standard,"Sat, 26 Jul 2025 07:00:00 GMT",2026-06-14T20:34:55.270158,job_scam,True,False,candidate,https://www.business-standard.com/india-news/uttarakhand-to-give-10-horizontal-reservation-to-agniveers-in-govt-jobs-125072600861_1.html
job fraud Uttarakhand,20-year-old job selection at Kumaon University prompts challenge in Uttarakhand HC - The New Indian Express,https://news.google.com/rss/articles/CBMizgFBVV95cUxNQ2FtTGNfbmlsc0VyVVdFT2FSUkxuWmNtam5JZGJFWFZkTDE2SDRhS0hYQ3NQdkg0NEctQVFUT3Izbno4ekR3d2VETV85MW1hcWdMczJmeS0wZjllOTJsQW1aWjdsZWtna0Rhd3Q5LWhYUDFUbUtBUU5yU3VXMXo5SGNrQjRNdnBHTTE2U0JmYWpzOXRVV0tYb2NKeU85dmNRVjhnY2c0WklSMWx3bGJUZzBaeWYyOVRfR2NERmJ4b0UtcmxubTg0Vnl5aFhrQdIB2wFBVV95cUxPcUtJT3hTV1pVYTJDbGJDU3pWcEdzUjhGb0ZVSWhYMll0TEdDbDBsMXZaVkhidlJxbnNMRkZncWI3cm01Mk9hTkpDUC1tNkp6MmNRcE9zbzB5bVg3QlNNZk1mLXlZd2ppWEVZVTNXbzl6aEdOb0ZTa2VDXzJ6SFowbWJ2SUNQQ0NUNTZYOUQya0RTUk8zN2hrV0YyQzRBd3YtVVNYdTZET3BEOHFvT1lsZlZUM2lGTWdtZUYyT3phdk5xckdBaFRZcUNYNjdIYThnbVlJcWV2MVAwR1E?oc=5,The New Indian Express,"Thu, 17 Apr 2025 07:00:00 GMT",2026-06-14T20:34:55.270290,job_scam,True,False,candidate,https://www.newindianexpress.com/india/2025/Apr/17/20-year-old-job-selection-at-kumaon-university-prompts-challenge-in-uttarakhand-hc
job fraud Uttarakhand,Uttarakhand HC orders notice before arrest in fraud cases involving over Rs 19L - The Times of India,https://news.google.com/rss/articles/CBMi6wFBVV95cUxPQlNHUXV6S2wwVmFYNHFDRHdIbm4yNXVDbUltU0JvS1VybXgwcjNPSGMtMnpsczhmSnNjWTNWUlhxeHMtNkw0dXd1NDRkRUpGRjJJRUZ2Zk1iWUZ1dDVOY1JfWmJHaVl6NmNMQ2gzNi1lMGJYeGtaVVhtdlpOTW9JWVpTeGtQcHUzUE5WX29nOGUxdDUzenZSdmtRTTk1RHRwcTN4REtjeVA5OTlYcjJaX0lLcG4zWktCTjd5OEJqUWxoU0R2OGxTd1NaeGpWTC1wS3dIbC1GS1RLbUhlRTBneWVNYnBUb2lRamtV0gHwAUFVX3lxTE1HSmQtTUtaTFR4M0NfaTRtUHNvcEg2dzhmUHJTd3AtTFFjWFlfMXotSnJBZFF0RWJYWGdKUldhUDFOY1l1S3ZGVDd1Umh4X25DLWtNMVVLeUNZLVlSZWstaGc1R2RfNDk3cnlRRW5ycHpHcHZpRVhrc0E4UzdxaF9yNmZpcnVrZ2FnWkZ6MmlGaVJjbG5NQTJjSFE3OTh3ZWRNeGo1aG5NbFdJbG5PSzhWVlNacXlRUmhMWTk5SUdKZjUwSXZJT3RSUWQxOGVMYWV6ckZDT2VSZ3lOY2tQLWM5WTVYenZBbkpPdnZzTjkzYg?oc=5,The Times of India,"Mon, 11 Aug 2025 07:00:00 GMT",2026-06-14T20:34:55.270396,job_scam,True,False,candidate,https://timesofindia.indiatimes.com/city/dehradun/uttarakhand-hc-orders-notice-before-arrest-in-fraud-cases-involving-over-rs-19l/articleshow/123220967.cms
job fraud Uttarakhand,"Guest teachers from across Uttarakhand protest in Dehradun for job security, better pay - The Times of India",https://news.google.com/rss/articles/CBMi7wFBVV95cUxOaTVCTXAySDVBZVZ6dWlXUTRwdmpSMnl2eHVfQ1lmbWVrN3h3RlBaWHV0Z05jWkhTS2NWX2xtUHAyMk04eFI2Zmx4d1lEdXB0YUg3c3J4dFE0cHVGUlh5SUpROGM0aDJ5NW5qd2xrODFuMUItREJLZjN3YWNURGJRNnFNQk41RllxNzFKLUgtRnhIVnljTWo5Slp4Z0FJaEphOVFRbHVDeTVTd0lCUERKOGN5T1gwZzMySkNwVjF6bkRmbm5JSGt6UkNpRURpZHBmYmk1OE54bG9qUzdBUnVUaGw4UFBjSkdSTnI0bU00Y9IB9AFBVV95cUxQRERlSW50dTNOUVFKVklOWE1zOUZjcDBLeEhrdUZpNkR3eEhhTXhqVUlJVDF5VEJxSWx5RkRraXFBMTBVbHJrYi1NbXlGenFhLVJOWXc4czBJX0FFd3h6aUhIcDVKdDEyQktGOFNrXzNMZlRaOGdyZlpwc0tUTnVlbFFfUF9RRjhxcWJwNTR1MTVfTEk2Y2N1WkxjcnlJMW4xbWt1RkczT0pUU0VRN1lUWmQwcFotZFNfZ0R5QngwM1B6dlpqRmJTTkpCTm12QmwzUnJveEN4RTl2ek11UWdWMHR3b09sMUQ3OHhuUFMxR2VBbEE0?oc=5,The Times of India,"Sat, 03 Aug 2024 07:00:00 GMT",2026-06-14T20:34:55.270446,job_scam,True,False,candidate,https://timesofindia.indiatimes.com/city/dehradun/guest-teachers-from-across-uttarakhand-protest-in-doon-for-job-security-better-pay/articleshow/112242147.cms
job fraud Uttarakhand,"Five years on, nursing job exam remains stuck in Uttarakhand - India Today",https://news.google.com/rss/articles/CBMiywFBVV95cUxQR0RvSFJtRXBCMXViT01ldHVvRXR0YUp0RVJ2QXZwZktOOTEwRU5obnluYjhobjZWSWwwaHpPY0pjNU9KcV8tSnl2TFdmbjVnZmJ5WjUteTNIV25ScmIwaGJWcEdvY1BIbGxwNjMzckdDeVN4U2VIS05TR0lUMUYxWmJTUVNnbTJ3bnJ5VHhqQ0FBZVFYZENVR0J3T2U2VkJEQXctUU5KaFhCN2tGRDJzVTdMM1lmZ2VGS01EdWhodnZITTN1VW9YYmFqRdIB0AFBVV95cUxNemQ1NWx2RnJBOTRSY3hiLU4xVWJqX3B6YTYxTm9jSGYzenA2OUxIVEQ3UHRmMnNyVWJQRUg3YURveEh2MTM4TEd5QmZuc20tNkxwTGJLTzd5cVpJVXBkNGZkNjJQRXZvdXBrOXc0YWFZWjhSM0Nidzc1WERfS0ZJN0R4N2JZbnFXMzhidDZWTnV4QUVaN0lmUDdzdUQzYkY3SVlaeGNFemw4aHIwTEhQdDZDUGFTaHRfUHNiZXFQOG51bTR6ZGpuWDhkTWJYQThD?oc=5,India Today,"Wed, 14 Jan 2026 08:00:00 GMT",2026-06-14T20:34:55.270489,job_scam,True,False,candidate,https://www.indiatoday.in/education-today/news/story/five-years-on-nursing-job-exam-remains-stuck-in-uttarakhand-2852005-2026-01-14
job fraud Uttarakhand,15 youths get jobs in Germany under Uttarakhand govt's skill development scheme - The Economic Times,https://news.google.com/rss/articles/CBMi2AFBVV95cUxQMW1vRElQVTVoNVBsd0FyY09uLXFyVlRUUDBGT19kbGptSkxDT09fWER0X0h5MFp5X2plTEdPQWpPcnlJUGNEdDVWM05ZXzk1b1pSUW5rbXNkQjJRZE9xUFQ0TU0xRmxkZnhOY1pSb3haVlNMQVdZb3MzeVVxT2VLUTFiVV9EWlNPMmdrM01PRU00VkxTNWtjMVBpcDdfN3N2V2lmTkMxZHRsbHlHQWd4anFnUXZ5Q2ZGelFkR3hFRmJtY29TdUtuY09lc2lnaVRVcDBLZnFsYUnSAd4BQVVfeXFMUFlmUTljdWVfM29xYkpLdW5PcGsxeC1UbGRSLURvb2dEUDltT3Z0LXBMdzhfSXBXbktlZlVkM3ozWDNnSk1jZHJEdnFWcUJnY003ZVRfMk5YQ2M2b1FncWM1ZkJYQUQ2R1pob0c1N0pRWUlrb1BUQTBqUk56MFFYRlVNOUNtck5rcElQRHU1aWVjaUU4SjJZUEVBRExBS0RIcER1STNUSUdwbW1IazEzdF9PbjlSNnZsQ1dMbmtQMjkwUDJKSXpkTC11eGtGM2NMRzVGYlN2WndWSF9UYjBR?oc=5,The Economic Times,"Sat, 28 Sep 2024 07:00:00 GMT",2026-06-14T20:34:55.270536,job_scam,True,False,candidate,https://economictimes.indiatimes.com/nri/work/15-youths-get-jobs-in-germany-under-uttarakhand-govts-skill-development-scheme/articleshow/113767127.cms?from=mdr
job fraud Uttarakhand,"Another exam, another leak—Uttarakhand can’t plug gaps despite anti-cheating law, UKSSSC stir spills over - ThePrint",https://news.google.com/rss/articles/CBMi0wFBVV95cUxQckVSZi1ibGlkeklCVTEzYWtINllfenpkVDhLS0NaZDZuVWl5WHprWDNIU25IRDByYm15VnlJblF6a3c2YmxyTDNGbWVUNUlXSjZ1bUl0cUZ5R0JEaXVCaXRuc21FeTdld1dCUUdfLU1TUUlOc1k1ZENiOHFDY0N0Vm5wV3owSnk2emQ0UjNDSGJFaVJtd2dCdHJ2RFRoc3lHREVKZUF1VmRLc3h1RWxUV015MTk0VTktUGFFVVdzWlBqMG9wY1dLZm1tdlV1TER0dUFr0gHYAUFVX3lxTE0zY05LaDlheUVwR1ZsdEpTcHVxcVBMdGFUZTVfNjQ1cEl0alRIVUItcTZKeVJTYW5fcnJTZldGWlVqRUpTdWhSTjl1Y3VvZzNzS3dvLV9EaGFYU21xRUpuVTlFajBUUjd5UV9zaVlVQkt4b2xSamR5SkhWc2tad0wyOWNkTjhSZmw2cGhoV0FUOVhseHNBZ1dORmo2VGh0YV92SXZzY2s0WHdWQ2dBUUlTODZ6dnVlZnBqczA3aVpkM1RHeldKSlVCZy1SVWRzSDRTTDBpVDA5Sg?oc=5,ThePrint,"Thu, 25 Sep 2025 07:00:00 GMT",2026-06-14T20:34:55.270596,job_scam,True,False,candidate,https://theprint.in/india/another-exam-another-leak-uttarakhand-cant-plug-gaps-despite-anti-cheating-law-uksssc-stir-spills-over/2750820/
job fraud Uttarakhand,900m sprint with 65kg for Uttarakhand fire officer post - The Times of India,https://news.google.com/rss/articles/CBMimAJBVV95cUxOTXItek42QkZZTEVZcG83OV9sN2pMMXVkQ1NmOGQ5UnR2dFFrclczSlJuRVZsRERNd0JzUmVFQnJLV21BamZleUN0RWc2SVJuS1B6LXdxU3pVTnRsczAyRXlYRDN5VVBPRE9Ec0dpZER1VXFLZk1DRUt3anVhOGRGRkdsNTkwRUJjc0pwcXRJSU04ME9YaGZnbk11WWM3QUtBNU1ON1NzS083LUJHZkM1d2JreDdmckl0VG9ZYklpMWg3RlliZHlGeVJtVnl4SndYOGtoRTJycS1zSjJGanppTXVXR3l6QjVLbE5vN2tscWdVazFPbWpPaXMwSU5sQ1NENzQyMURTUHJoVmVoeWtZT0drazQyS3Yz0gGeAkFVX3lxTE9GOGk5RFFuQUo0elVrTDJWR0x4R0tGTjUxWjZWeHhDUU8wQUkwYnNDYWs4S0NCc09MYXl1SXpUbzJtMTk4UzBFaExjQkJjdlRPY2pfMlRtZ3hoNTY4Tk5fWVpiakg5WlRpRU1xUEpCdWpCNjZNLUh1MWhILVctNjhtbDdLNjBqUU9zSmw5NWk4SXBVb0R6QkJ2N2hDU1BZZlROcUpBNkFiU2pxWHN0LVIzQWRDd2tRRk5GSFlMT29weFFYeWtaN0ZBN2p0WVBUbGxoaU5oYTdvZjdTVEtBVjl4LW41SGs0Y3N0VG1QUUNieFNVSGgteHhpeDN2aW9peVdJVXE5ZXVjOVU0d1RlaDVSdlBIc2xwX1JrOGduNHc?oc=5,The Times of India,"Mon, 15 Sep 2025 07:00:00 GMT",2026-06-14T20:34:55.270623,job_scam,True,False,candidate,https://timesofindia.indiatimes.com/city/dehradun/uttarakhand-fire-officer-post-demands-900-m-sprint-carrying-65-kg-in-60-sec-after-backlash-govt-claims-its-a-typo/articleshow/123885062.cms
job fraud Uttarakhand,Uttarakhand police now probing fake degree holders in government jobs - The Times of India,https://news.google.com/rss/articles/CBMi3AFBVV95cUxNc00xWGNOTFlGS1hhekNWRmM1Z1ZHUjlwWVFGZDFSM2h6RGlDVDBNc1Uxakd3OWRKeTY2S0lLcXEyVXRRSndOaXM2bENWYU1kWFlkMVRPeFBzNk1qQnUwbDZwaHJ2TlMtSTYyeG1iT1ZDVmo2R3ZnZndvQUctbUlPQmRKVm1JZkM3MlowZWx3ZXpicEhLWmhHUGp6WWF4VUdBdFA4T3RJTnNweXphM2psRjJKYmEtX0t6V05FVHpoQ2thLWRvRHQweXZDQm94eVY4NDBfRHpzc0I0MFhE0gHiAUFVX3lxTFBPdnlOQm4tbWdSYUxxWkU1aWczdTY0VzRRdmxyOEN5ak84Y0VxVnNYdnVTbE9RWk5nRTMyQ25DcjJsT1ZzSWN0dW11SFJQLVRPNWhlS2o0czYxOGhCOUxKeFBRWmFFQ09sLWhsby1NYzIwSWlodU1iQUNOWXJ2T2MxejhCTUFfc1d3ZUQwcXl1aGtpYm80MlFCUllvaTBxbE13QkVYWUlqNzBJMXhYNHFiYkRPcUR2UzRoSFJkT2pqZWRNYVZiYTZ6VlpjeTVoNWluOS1SVV9xTTZST1RockZIZ2c?oc=5,The Times of India,"Mon, 30 Jan 2023 08:00:00 GMT",2026-06-14T20:34:55.270650,job_scam,True,False,candidate,https://timesofindia.indiatimes.com/city/dehradun/uttarakhand-police-now-probing-fake-degree-holders-in-government-jobs/articleshow/97428444.cms
job fraud Uttarakhand,150 including govt employees arrested in 3 years as part of Uttarakhand’s crackdown on corruption - The Times of India,https://news.google.com/rss/articles/CBMiggJBVV95cUxNUjlERHduYnhfMnYwVWJrc2JZNkNGSjQzYlViTkRld3B5V1NuRXFmQzZidmREZ3JSOEV3Vzlzc3J6UkpUa1FNYkdvTlpFdmJHdW5oLXhfZzFmd1JmZWxWZzB5NzRJblhaQ1Z2LTBNWEUyS29SWkpXVUJobHdhZXJKem9JUVIxdnY5dzZzU3BSNldhZ2IwM2UtNlYwakhXeFpsZVM4MXVubHZfNUNkZzVOckFGaW5nVVFTbE9lNGxpb3FueVM5bUFvSWFaU1R2UDZUMTlkREpQRUhwb2FkMHZKZmo3NWJ5bHJORVhHVy03dERTRWlLbzd1STh0MW43akpIMnfSAYcCQVVfeXFMTXNsYUZRM3RyMkZEQnVnN1J3cGpZNHNCOEQ1dUx0bXVZR0pUY3Z5ZTFvMjRJRGVTTjVscWdFbDlQQ194bVFka1A4NlphelA4MnFhRVBpajZCMG54MThfemU3dFA2MTlyTng2SmlPb0tDNEdhaWtFTUZxS0JwQ1g0RmhaZEl3bVJ5azJFcFFKTm1rWHVieUVzQk1ZNE5vSlRUemtvSTV4NjY3Z0tDOHVWWHBzbXdkM0hDWTM3YkZVQU5Va0ZJMzR5eEJuY05uT1V0Y0d4RTByZm4tcUNMdURlWmhFUlQwOXZxSlVrUl9tbkd1d1oxc0F5NGc1QUdIRUtsTWQzNkc0LTA?oc=5,The Times of India,"Wed, 04 Jun 2025 07:00:00 GMT",2026-06-14T20:34:55.270663,job_scam,True,False,candidate,https://timesofindia.indiatimes.com/city/dehradun/150-including-govt-employees-arrested-in-3-years-as-part-of-uttarakhands-crackdown-on-corruption/articleshow/121604533.cms
job fraud Uttarakhand,Rajasthan: Man Arrested for Duping People by Posing as PA of Uttarakhand CM - ETV Bharat,https://news.google.com/rss/articles/CBMiwwFBVV95cUxNTEdWQ3FEWDJuLVlTR2VQRzgxcm5OaXFnTTJXZ3ZSWU9jQmhQM1ZiSGwtTDZSbWpaLThYS0h6SHJJcnVrUG45eEQwckV4UWpjVlo0NkJ4cC15VE1adHkxV2xqdzlxVHBNdmRYUEdHZ0hhcjBUZjlheVg3UDcyQTk0aHo3cmF5VDRCMEd0bVFfX1l4VEd6c3U0Y01zaDhseE1mX2U4OWRoUTVMV05NdFBLZ1V1SHNOZFA4cTJEMnlNUGR0aXPSAcgBQVVfeXFMUE42d3pvc2YtQ2dkaFkzcGlUYnIyd3MzWmEwZXpWMF9lai04WUt1c0JiV2l4T2ZqbEJQdzVLWTRQNVZHVFo1VWF3T2RKdWg5ck12a3M2VzJpWFlEU2UyeDBKTzNnTjl1QzE0bUFhdlFhRmp0UHg2ZVAybmhhTHNwSHpjQkpZWGY3TlpPOUY1eWVnblpjckNEY3Q3MldRUnNOUkt6bU8zd3g0NVZsY2pQNVNralBzZUpManRKQmI0cDJnOVhraWxYMzQ?oc=5,ETV Bharat,"Thu, 14 Mar 2024 07:00:00 GMT",2026-06-14T20:34:55.270691,job_scam,True,False,candidate,https://www.etvbharat.com/en/!state/rajasthan-man-arrested-for-duping-people-by-posing-as-pa-of-uttarakhand-cm-enn24031406580
job fraud Uttarakhand,Uttarakhand statehood agitators to get reservation in govt jobs - The Times of India,https://news.google.com/rss/articles/CBMi1gFBVV95cUxNM2VoaHJDVEJGV0NRVzBOcWZ3UmdfM19MSGVGVUJKQVFrWHdiaWQ3d2FvSWtVdzljbkEyeEEtaEtZNXVFUmxzX0g3SE5aV0Fnc1VQY1BoZV9VN0ZNaTg5LUUtVXNiZERFaXZndVZpcGlDZTJmSS1fdTJBMEZQYVZib1pYN19Fa2RlNjVWZ0NYX08xQWp3cEVRc0JiOXBEd1NDdHBZSkEzTnNXa0xHYXhhOXliTEUtd19LVzhxYWVZTmF6NFBOcjFFLWRucFVfcGpXS2dXaHFn0gHbAUFVX3lxTE9KajA1VkhzemNVai1ka1pTNWRFcEFKWHRtd194NV9jNmNhdlVMeW1yeTR0NWlna292MGFMWks4UjNwRjJaMFQ2ZHNOLXE4Nzl5djBzX2NabmlYVC0zUTZuY1p5cUZsaGxkNEZYVGYzNlZKYlVFc0VDSm03SXEtS0p2T0o3R0hLd0xRbWlKTTRLUzJrRUJxb0plblpONUhBcDgxMG1UNDV4MWJDcTRVSkIzQVhIZmxvN0M2akRXLTU1eHA0ZVBDLWg0V0ttQVNrV0xMaC10TWRPaXdqSQ?oc=5,The Times of India,"Sat, 02 Sep 2023 07:00:00 GMT",2026-06-14T20:34:55.270719,job_scam,True,False,candidate,https://timesofindia.indiatimes.com/city/dehradun/uttarakhand-statehood-agitators-to-get-reservation-in-govt-jobs/articleshow/103297505.cms
job fraud Uttarakhand,Uttarakhand Cook Allegedly Sacked Over Caste. AAP Offers Job In Delhi - NDTV,https://news.google.com/rss/articles/CBMitAFBVV95cUxQNGVINHJZTFVEYTFEZEJPVzN1RXVmWkZQUEpjdkt1dkZNbXM0ZG5QR0xNSTBSYTY5dUQ5X2FWVU1NcnhWTlAwbmtkTzU0Z1FaOTFKeWM3YUpFam5VZnlzNGdibjROOHNwMUptU0xQUkg4ZDRmSGJfVEFEOFBRNkFhbTdvbVNPa1U5MzlWY3pRM3Bra2FjZEVzWkFpQjhrVWdNVFdfU2VfdVVCLWpoMzQ3cHJ6SWc?oc=5,NDTV,"Sat, 25 Dec 2021 08:00:00 GMT",2026-06-14T20:34:55.270747,job_scam,True,False,candidate,https://www.ndtv.com/india-news/uttarakhand-dalit-cook-allegedly-sacked-over-caste-aap-offers-job-in-delhi-2671226
job fraud Uttarakhand,Uttarakhand increases work days under MGNREGA from 100 to 150 - The Times of India,https://news.google.com/rss/articles/CBMi0gFBVV95cUxPdEYtcFhiM3JIRVRHbUlTdDdObGNmSFFIZzNEU2EyNTJGclprQ1ZDclMyTFFta0RBOG54cVhBNWg0bXBLZkRBckdWLXpIWC1uN3pHeU1DZy1kTkVIM09fTkVCWWJHcnBnOGQ2VEppaHkzZUdnTEFkWEpLZFlkdU9wd3J4dWFTNGxmOXh0dVJSVlBvNWJRSGthUi00dUprZDdzeG5XSTJ1THViWXN1Y1ZPdVFTMzhXNk9adlRSaDVWMHdIc2FxS01fR01ob1VMdHB4U2fSAdcBQVVfeXFMTmpsRzRyZ05PTTlZUTJwdmdZQ3J4MVI2QU55TUNuNDRMSmlWOTFCb1NkX1dJcEt4N0VzbHI3WGQzaTBRR2x6c1pSd2F4b05NYnROUzNGUGF6ZF9PTWxGcnF4elpCejZXQnpQTnA3UWNfdjFITWRpOGdGVGRLMFBvVGloMUpJWTFIUHZEREZ0cGo0Tk5PYzJpbEVuWU5tOHR6el9wYUYxRGp1Um5PY1RNcnpuMTN6dVYxenJWNTU3ZWRSMVlsY0Y1UUxuWXEzMEdobDVTMnJ3TW8?oc=5,The Times of India,"Tue, 19 Jan 2021 08:00:00 GMT",2026-06-14T20:34:55.270822,job_scam,True,False,candidate,https://timesofindia.indiatimes.com/city/dehradun/uttarakhand-increases-work-days-under-mgnrega-from-100-to-150/articleshow/80334105.cms
job fraud Uttarakhand,Uttarakhand Govt Facilitates Overseas Jobs For Youth Through Skill Development Initiatives - News18,https://news.google.com/rss/articles/CBMi2wFBVV95cUxOZjkzekYxa3pmQW9hVklUdE5RWmZZMmd5Sml0cjgtRFY4MElCNmhMSFMtdFJIUnlmdm56TGZJTWYwRzR4Z3FwczNGdFFBVmgtWHhyMGV4LTRIMVF4blVSeVZUTTdyLUFKNXdwbTBvcVFfdC10aFZiV05zR0JCaU1EZ2pRRUVUV2c1OUpEOV9LeENOVDl6T2lkR2xzNWZaSlZRdkh0OWtzbkxUMk1QVFh4WF9PMDhOVUtzLXFXQkI2MHNVNUtMeU5RVFJUUmswUXVHRVRhUkZ1aHpGeW_SAeABQVVfeXFMTXJwalBuNm5rb2lLUUVVelp1Mk5saWU4WENEeDljOG5zT1FVU0dmV0JmcE9IU0pDRFBBWS1OM29EaG9CbW1hdWlEZHVhejFBaXctYmZJeVF5UGZmYTRfenk0XzRjMVJBdkYwY0x5YmQ4MndMaHFybjE2ZHpsdi1sTzR3ekNIN2lnYTY0cElkY3hNMHFkNlpkZUtwZDRpZzV2NHpPYUsxOU5pZ1VNSnhBemsyZkZ3TjU4VHRNVXRfRUg2M2ZTSmNTRy1CVVBoZlVuUjFBbXVRU19JNnRTNFR2QU4?oc=5,News18,"Thu, 15 Feb 2024 08:00:00 GMT",2026-06-14T20:34:55.270837,job_scam,True,False,candidate,https://www.news18.com/education-career/uttarakhand-govt-facilitates-overseas-jobs-for-youth-through-skill-development-initiatives-8780467.html
job fraud Uttarakhand,'Even big crocodiles being caught': Uttarakhand CM Dhami vows to make state corruption-free; reiterates c - The Times of India,https://news.google.com/rss/articles/CBMikwJBVV95cUxPNEFjbUpKUmpmaWZEbXJtQTlJNjBfOUlRS3VWQTFkWGF3SHpuUjRzUnhYLW0ySWhqRkpnU0xDR0hrb3VITXhvbFEwNHRnLXlOR042UzRodGVsTDJlcEFSNzk5VTRVMVpTeGlGaFVVTHhqZ2JXOERHc0NhcXMtTlZrMk5lUjFybkZ5dG9henVqOVlKcGgyQ3h0MFM3NVptQUdYYWhnWTBldWtEdDZCSTc4V2NWalJBVkpISVd4QUJhUTc5X2FBRGRlY3U3WU8weHBITFQ0ZUc2TGlYRXRTVE5pSkQ0aklWbEJRUlV0NFRCTkRESlR1eXdYYk8tTlJDbDEtTDhxbkhYYTBnZkdMVVZ2dkFMRdIBmAJBVV95cUxPeFJJWTVzMWRZMzdrNFJ2bU5mYzN1aFdBSmFJb0tVSlRDQldhZVZNTWI5RkFFNWpiRk1mQ1pzZDFXSEZCSTdFSXdMaWNEc19sUGxCeXdzMmx6QmtWNldkTUNPR2puOEZ5WTZqU3p5LUZzLVp5MDhBR0NqYi1Palh4X3Z6TU5OaVVpZGNNeWlHMG5UcnhiNmtidWJTSGFtaWdyZTFSM3otdkFLR2VSOTN5RkxQRXFFdTRhcU1zM3dLUmdlVkIxN1RTVmxrNUVUUWJPQVVsX2xQN2gzUzI1UXJtU2NoUTVKY3hrS3ZfZTFIQUMxb0IxZkNQZHVWdWpaT2hBRHJzZ05vVDBuSkQ3RS1aNjU5RzNrdDRi?oc=5,The Times of India,"Mon, 14 Jul 2025 07:00:00 GMT",2026-06-14T20:34:55.270866,job_scam,True,False,candidate,https://timesofindia.indiatimes.com/even-big-crocodiles-being-caught-uttarakhand-cm-dhami-vows-to-make-state-corruption-free-reiterates-clean-governance-agenda/articleshow/122439959.cms
job fraud Uttarakhand,Govt preparing to give 10% horizontal reservation to Agniveers in govt jobs: Uttarakhand CM - The Economic Times,https://news.google.com/rss/articles/CBMi6gFBVV95cUxNSUlhQkkyNnp0dmdJbHN0SVFtNXFiMG5uVzFiYlMxcjRfbHhoUTFDS25YeVlTOEV3b3I4dlBzNDZ6VU9sczFtSU9RdEFydGU4TnVEQ0hXUGR4Z21uOUxGbEJIekhhZldJZkVWckxZekdIX1hCY09nWlBVMTJtMzRiQzdncFBqTHc3U1c4MEhfSUNMcVJGME4ta2dfemZOUkl6cXR1YlZWNTZkaUEtWXhoQ0dHbkFDM0hGdmR1R3RHU3I3YmljaHk5aThBTmRzZEpKQnBzSFYyVG5KdGNOcEMwTUpoZzg0V3dhV0HSAe8BQVVfeXFMUDBsWm1RSDItV1RhMEtSRVNORXJKc0dRX0NOSXJSS0VDNWRrdFpkT0k2aFFZQmxoVXFzRk1RbDY1Y3pKa3ZRMGdzZWFlTzJGbjRDNFMyTE5JTUZ1Tkpfc21qLXliTmlxcmJCQjBTLVZ3NTR2SVEzMGszUi11akUxLWpTd040ZGN3S1Zsa1ZPVUJWbWxBNi05ZENreWxLcHkxOGZRd3AwUXpJS1lIYllBNVZoN2hUaW9nZDc2Mk1PSWJWUy01OGZSSGw2QjZEUVN6QWRlTzgtQmpCZ1l5SERiNWstbkZfWnJ3WnkweWRyYTQ?oc=5,The Economic Times,"Sat, 26 Jul 2025 07:00:00 GMT",2026-06-14T20:34:55.270895,job_scam,True,False,candidate,https://economictimes.indiatimes.com/news/india/govt-preparing-to-give-10-horizontal-reservation-to-agniveers-in-govt-jobs-uttarakhand-cm/articleshow/122924809.cms?from=mdr
job fraud Uttarakhand,"Pay Rs 50 lakh or lose your ears: Uttarakhand youth duped, held hostage in Ethiopia; family asked to pay ransom - MSN",https://news.google.com/rss/articles/CBMi7gFBVV95cUxPNHZBb3g0Q2wxTGh6ZnpjRmhEcTl4TUpRcHBJX1Y5aUVVWDc1RnpNUloxUjVjY2gyN2s2blhQTmMzNW8xclVoTHJQcEJvM25pRThRNTFlMmF6TjJRMTZaa25qXzlMOFp0ZFNBZEozYnJjUThTUlJTZnhuSEgtdG1LZmR0UlBCZ054Sl9iM1NUdlBrVjlPSWE1V3ZsbW8telltLXFQVmJBQUpHejQ5SE84OGcyOGxId1JJVExRVGM4S3lnbE9WTGJTb1pHcE9ELV91OFJkczhKVEkyNS1sVUkyd0ozWjJFX01VbXBjZGdB?oc=5,MSN,"Wed, 08 Apr 2026 08:20:58 GMT",2026-06-14T20:34:55.270910,job_scam,True,False,candidate,https://www.msn.com/en-in/news/India/pay-rs-50-lakh-or-lose-your-ears-uttarakhand-youth-duped-held-hostage-in-ethiopia-family-asked-to-pay-ransom/ar-AA20onSM
job fraud Uttarakhand,"Fact Check: Clouds in Uttarakhand praying for Joshimath? Don't fall for such videos, they're just CGI - India Today",https://news.google.com/rss/articles/CBMi7wFBVV95cUxNY05DTjQxX1U1enBTWFBRZXNuaFFoRzZfWlFITU1uaWNzRFdlUl9fOEljX0VVS2YzOHRyQUFNMzlNcG9RMlFadm1yTmZFWUlmQmhIbTBJTTBNVFdXaURTN0N3b3NaTFgtY0d2ckdfNktnSGVPcWRiWlZxaUs5YUM5LTR0R2x3TDJTNF9SNFhhT2xyT0NpMGxSUnJHVFFvRTNUc19ORi1tclBpNmVBOWQ1NEpJdUswaGZmVHhtUlppeS1VaDYtVmRFaTI0VGJFMXBJSUtkQjd0M0dPYXZTUVJFNDQ1ZVBWRFFfMUx1b1ZId9IB9AFBVV95cUxPbXEtVERyc1dRVU1RNF9aVlJUNVJCVzhzS2c5UVB6MWR1cnVsSlk1OVpybE1SMm9SbjNjZzRRSWlaaUZMa3lJRmRjbV9DYUxyMUYyWHJxbWdfQ3RzYmkwamtCT2piTTY4TGo4d0pEQkppb3hxT09wbGw0ck1xbHZiN2lYbkFZeEk1dDdhOWdWVWNaZUtuZ1RCRnhHRGg4b2FRbEg4SVBxN2FQMllYdVlMVmpMWHJxLVZGTGx2VnpyOGlLZWJkejloX1lwS2RIQ1E0RHFtV2hES19va3VfS0NzMmVuLXhIa3MyS0xIS2NLazVsd0Y0?oc=5,India Today,"Wed, 18 Jan 2023 08:00:00 GMT",2026-06-14T20:34:55.270925,job_scam,True,False,candidate,https://www.indiatoday.in/fact-check/story/fact-check-clouds-in-uttarakhand-praying-for-joshimath-dont-fall-for-such-videos-theyre-just-cgi-2323306-2023-01-18
job fraud Uttarakhand,Global warming and vanishing glaciers: Is rising temperature behind Uttarakhand disaster? - India Today,https://news.google.com/rss/articles/CBMi2gFBVV95cUxPWjhUcHlhX2EzdlFYVlh4NGc5YlZ2ZVUzUno1VTdneVFFVndsOVlkQlRwbWZWakRsd3F0T3R5eDN6TVlVT0FTM21Zb0dzbEdXNy1nSDVNWkFNNGFmaW10WFVudldoZkp0TXJ6eGVyejRXN0REclZmYVZJSHdiZDVVN3k3TkFTTmFuUWVDVzRxYjA2Z1J0RW9DcS1lZ295cUM1eVJGWGRvWXhxc0M2eFpLVnllQWFaanBTeXRQWV9aNmpkY1hHYnF6LXBZR05xaHUzNDRGVlJPdUtjUdIB3wFBVV95cUxNbXZnREhDN2RmUF8zV1dJQ3c2OW4telFZSGRGMGFlcDRYYkowQjVSZE1jOXczdEFQOFQ0dG5uTWRaWnJkV0dzalhiOHVxQzBkbnIzRHc1cGVQNmlSa0tQZVpKMFFUd2pWY2dWcjB0alBpQURGMWpWdVpQaXlOQlRBUVA0MVEzSGZQZWJ5OHY0ajhDTkI1VWhXcGVqUU8td3FXVUJJOWwzcGdMMkRwWnhEQVNPQ3JidzBscERDRUNsMDVUYXRua1pHSmZnZ3JwbUtwU0lMMGdJNW1LOGMwNnJz?oc=5,India Today,"Tue, 09 Feb 2021 08:00:00 GMT",2026-06-14T20:34:55.270953,job_scam,True,False,candidate,https://www.indiatoday.in/diu/story/global-warming-and-vanishing-glaciers-is-rising-temperature-behind-uttarakhand-disaster-1767257-2021-02-08
job fraud Uttarakhand,Uttarakhand HC strikes down gender bias in 2% quota to kin of freedom fighters - The Times of India,https://news.google.com/rss/articles/CBMi4AFBVV95cUxQRjJxRjJnVGFVeXUzYzgwSVZrYnItVV8yTzc5RUxYb2c3dFFVNXJMbUxhVE5wYnhqU1ZoU1VLaGRzYW9tUXZFb1pOTFl2N1dSSjVVU3EyZVB5dFd1SEM3dTJWWEFBRl9CZ203SFlfQ0k0X3JkMXUyczZXTXdtYU1NaS0xdEVFaFZNVDRjMDRQSVBBU1Jwc0RRNGotdWd6VjlNbG85amVhRVFCYmFqX016VWNBOGtzMXdXWFZESzJkODRldHJmSXQyWTVzVnYxVnRUVHMtcmpSdEt3RVRRTktIWA?oc=5,The Times of India,"Sun, 04 Aug 2019 07:00:00 GMT",2026-06-14T20:34:55.270967,job_scam,True,False,candidate,https://timesofindia.indiatimes.com/city/dehradun/ukhand-hc-strikes-down-gender-bias-in-2-quota-to-kin-of-freedom-fighters/articleshow/70516346.cms
job fraud Uttarakhand,"Uttarakhand’s Tripti Rejected 16 Govt Jobs, Cleared UPSC In 1st Attempt To Become IPS - News18",https://news.google.com/rss/articles/CBMi5AFBVV95cUxPQktReVI2UFZ0ME9PZWozSTFOdWRPTk1jaUNuRkNhNEtaV21ic0VTU3hGQ3RuTGs1dXVlc2tva09UbkdFTHozTHZQdEc2ZkRDQWM3eXRMYnNhVmdMM3liWXotekxpVks3VWM1STkxYWg1UDFCa1U4WS1iZ2RFdlAxZEstSFp3N2xXVHBUVFE4ckZVVG9LMVpFdVRZcEdSOGtvQkxmaTJTcVcyWUhLYVpGZjV2dnBuLUpkaFFwYzA0YUVST3RpbWVjQ0xtcnpMRjFkWEx3UnEybkJmN2J0R21SUDR3aVXSAeoBQVVfeXFMTWp4SVRfWE95dXBkOHhlbGRSY0c4b3E0ODBOczVPSXpOeURxOHhLT2dublhiblpnZ3FQNE1EenJtWmF6TTVhV2NHNDFrSWxoRmQ3MEJLQ0dNWXFTbVdOSGlKSUdueFBnaEpnNWJGaUlDNUlhbTVzT0J0MXp1MG14VmJ2UFhVMDF0OFFybklsTnZpWVR3OVd4ZklXREh4MkJNTVJGVUUzNko2LTdSU0M4YjkwTnkxXzRWNFJMbnU5aGdYNURpTkxQZzU1RU8wUWhmaG96bUxjM1ljVUZ6MHdmT1AtdlVzcllsajRn?oc=5,News18,"Mon, 04 Aug 2025 07:00:00 GMT",2026-06-14T20:34:55.270980,job_scam,True,False,candidate,https://www.news18.com/education-career/success-story-uttarakhands-tripti-rejected-16-govt-jobs-cleared-upsc-in-1st-attempt-to-become-ips-9482865.html
job fraud Uttarakhand,Women With MSc And BEd Degrees Apply For Home Guard Jobs In Uttarakhand - News18,https://news.google.com/rss/articles/CBMiwgFBVV95cUxPWjg2b0ZVUHB5MEtzZTdRMy1JTUFrMmtWaVlkRmFCTlRKMDVwMTR5RkpZQ0hMc3pKcTNKajZvR29Vel9mdWRCSENHZzNCYzhaNUpHaU56RU5qNTlvU2hlREs5VVRpNTJ0YzVsNWZfVGw3Y2JISjlHRDZzUmV4X1VZbnI5blRyaVUwSzZyZGw0QkxUbEFXdE1nZjVoX080Mmo1LVJYVENMVndGQkJ1V1libGlNSDdEYlluTkFyS0JaMTFyQdIBxwFBVV95cUxNd1pmLU0yWW5HZUlncGFLMGZTX2RmZDVyYUo0VWI2TjYxZkhhVTJsQ1cxeG1WaXhUNnVwLUdtZ0ZBdzFLa3ZOLVNBbnl1bzB2TU5kT1RPS05CS1JiWFQ5NUxTNVBDb3ItbEV3cjRVbFlUT2puR1ZUQ3djVjNaSnJNWWQ2MGc3Vko5UXI0Y18zdGpoQnBrZ2RsU1p3WkFaR2w0NkNvRHFSZGdQUVBVRVViYXNLajI2N01sbW5mb0JnTk1SOFBsQktF?oc=5,News18,"Fri, 25 Aug 2023 07:00:00 GMT",2026-06-14T20:34:55.270994,job_scam,True,False,candidate,https://www.news18.com/education-career/women-with-msc-and-bed-degrees-apply-for-home-guard-jobs-in-uttarakhand-8551170.html
job fraud Uttarakhand,Uttarakhand girl's jaw-dropping belly dancing moves has left Internet asking for more. Viral video - India Today,https://news.google.com/rss/articles/CBMi9AFBVV95cUxNMGh2TUJDcDV2a0Z5U19vSXRzR0dCejNLT1lObFc2dmFpakJ5cG5SNGE0eTdMYzZTU0E1MmFPVTIxTi1nX01YTnRqY1F3X3R6UWVjS1pBU0FpWGZrSUFGRWdwRWs5YjZ4WDUxQVllZURwRGN4eHB3NThtYW9FRi1aZDFCY2FVbE55dlRPWlJ3a2dUUENuRWp2bWFyYzlPSk81SzZtM3EydVlMaF81NS1rZXR3aGt5eC11RDFFOXUwYUxYSGh5NDNUMnRTN3I0a0lVSUhVM05oeVQtZGtONi00N1R1THBQbzRQWEM4cWRfYkl0Zklk0gH6AUFVX3lxTE1hdnN4TkxvUGVyNDB3SS0yQkxvbld1bnBqQmU2Vmx6Ql94dDdqSURFWm9nTnAzMzhiMUpLWC1Na1FjTWk2ODEwV2owNUR0c3R0QnAyd0Vwck9wNVU5cE04UnhKQlpsMl9VWXVkcks1c1R3UVhLX2xhMzVQa2xlOHZZQ1ZxeTdneUNId3cxekJSTDRvVW9rZDd5OWZpNi1ScjFRSnRwTW92cDVHTnNpcFZySTNINi0weld2S21RalI3cVFBbEVacERZMjFJcnRETEJVWTJmMWxabm5tVFFZSXEyeEI0OWZuQ3dHOGZnSEIzZ2Q1dG9sblBIaUE?oc=5,India Today,"Tue, 30 Nov 2021 08:00:00 GMT",2026-06-14T20:34:55.271020,job_scam,True,False,candidate,https://www.indiatoday.in/trending-news/story/uttarakhand-girl-s-jaw-dropping-belly-dancing-moves-has-left-internet-asking-for-more-viral-video-1882360-2021-11-30
job fraud Uttarakhand,Uttarakhand News: विधानसभा भर्तियां निरस्त होने के ममाले से जुड़ी बड़ी खबर - ABP News,https://news.google.com/rss/articles/CBMizgFBVV95cUxQQW9FQWlmZFZuLW94VkV2bF9qcmZBLTEwNE1CN3NOV2NjM3lvWnZJOXFXS1NQVjJLbXBEMUlrTTk4ZGNCY2pSdnVqOU0xT05OTTloLUtrbHk4Q1lKd0xkNUwzWHNQTW5UTEtOS05ZQUkzQmJ6VXFES0ljNERuSEVxdXZFZzlUVEt3WDVSYmxmMVIxUFVqemlla3AyQXFvS3QwVEtweUxaUEl6R2xPQlF6LThubXJBVnBXazRDdVVhbE9HVk8xMDBfd3NIaEVHZ9IB0wFBVV95cUxOZ0pkaUFfU05tVmJkZlNqT3VxT2ZrNnZCUmZidUFYM2lkSkp3QmxObG5sSWVWWW5QSXFBeDJHa2tPYzhpd3JQYkxreVh1YTFaVVg5eEtUb3d4ZVU5N29TQzkwbF9tUVpob01TbS1Vd2xTLU5SVFR1RmJBbG96XzZfRWhTQ0d6SVJLX1U4aE4xY0lNemp3R0M0bXRBYzN2bEM3aXdhSklVeGJkMGhjUFV6UTlYd0dOUlEyTUppRXo1TmwzcnhPeWYtWHhnRzB0MURXTlpz?oc=5,ABP News,"Sun, 25 Sep 2022 07:00:00 GMT",2026-06-14T20:34:55.271047,job_scam,True,False,candidate,https://www.abplive.com/videos/states/uttarakhand-news-big-news-related-to-the-issue-of-cancellation-of-assembly-recruitments-2223620
work from home scam Uttarakhand,"Uttarakhand to halve ministerial convoys, observe weekly No Vehicle Day - The Times of India",https://news.google.com/rss/articles/CBMi3wFBVV95cUxPeXZaVnBFSzRpRnVXLUpkWC1QSnZZM21MU2kwM28ySTFCd19PT1A2cTJXX3BvcDIxWmJZdDRZOWdZOWNUZnBHdENRc2txZWl1WUgtTFdrRzNtcUMyX0xUSnhxRjZHRDlSeHFETWo0R2d3TGJCcllydDdjNHNXNWtkSUJ0aE9YZDRKVEJUS3JGeDJYWTluSXM1Q3NlVjFPTm5ES3J1SkFPYkdHT2d1QmVVb3FFQ01kTG02MzBMVjJ3X016bWp5M0lDVXFnejdVdnpNM09ZZUpGNW54QXJ5dUFj0gHkAUFVX3lxTE5GTzFKU0lVZkpwWXlDMzh0RWliWWIzcjVkalhuNmdPSzc4VXVTX200MkNEeWZTeW9TWHIzWXg0aXV3VUJBbkJXR19VVzNkYVcyX3R4NmRfZmUyeVdRV2ZoUlNZXy1mN0dybWhnckpSVUtaR3UtNDFsbTUyZmR5MDFUQWx6Q1lfLXU1bzdoTmlLLUZoMjQ4SWN1X2VYZEtVbVIzV1RTSkROd0ZLN3NUYkZrTmRvTmNsbmpleWRQN3B0NThhbmZJVjl1dWtsOW9QdUhpUlg2RU8wbW1oQXlQTWRQRW9GVg?oc=5,The Times of India,"Wed, 13 May 2026 07:00:00 GMT",2026-06-14T20:34:57.260196,job_scam,True,False,candidate,https://timesofindia.indiatimes.com/city/dehradun/uttarakhand-to-halve-ministerial-convoys-observe-weekly-no-vehicle-day/articleshow/131073560.cms
employment scam Uttarakhand,"Beware Fake Calls! Uttarakhand Police Busts Insurance Fraud Gang, Catches Fake Job Call Center in Joint Operation - The420.in",https://news.google.com/rss/articles/CBMif0FVX3lxTFBDaTZvUWpNOEFCTzE1Rm1vUEdaOWZUZUY2Y2pjLU1QZWJDcHhsemRwd04wVllyZHdxWWFwMXVGeWt4dVVteGgxSkhnaGR2Vk14cnZ1RkFJV3VqRmRRRmgwaF80NE03ZFJzQWlDNTYxTkxadExOYTVpQnBBYmxsMkU?oc=5,The420.in,"Tue, 25 Mar 2025 04:13:44 GMT",2026-06-14T20:34:59.116416,job_scam,True,False,candidate,https://the420.in/uttarakhand-cyber-police-bust-fraud-ring-insurance-scam/
fake company job offer Uttarakhand,Chalk powder drugs: Telangana DCA busts fake medicines’ manufacturer in Uttarakhand - NewsMeter,https://news.google.com/rss/articles/CBMitgFBVV95cUxPd1NvRzB0cjFhUW1SZ2FKS3FRTXJJNEk5cXEzQTZ4UGNlbEtaSWFnS2N5OGhqdnR5cVlJVmEzZk04LVFlOFZNenFMdUFXMGExMDA0NEVhMnpWa2FPc3ZIYjFYd3pjbUxFRWNYYlR0MldtYTk4TTkya2paSjRzLW5TaHRiMEc4QmNpZUZyR2prU09oYXhxYWFuQ3lGdU1ITnRnNk1tNng3aXJ0Q2RrS0gzWE4welFNUQ?oc=5,NewsMeter,"Fri, 01 Mar 2024 08:00:00 GMT",2026-06-14T20:35:01.118695,job_scam,True,False,candidate,https://newsmeter.in/crime/chalk-powder-drugs-telangana-dca-busts-fake-medicines-manufacturer-in-uttarakhand-725604
fake company job offer Uttarakhand,"Uttarakhand STF busts counterfeit drugs manufacturing racket, conducts raids in Haridwar and Saharanpur - The Times of India",https://news.google.com/rss/articles/CBMiiAJBVV95cUxNVTA0TERKN2ZTVUNyc2VHTDZfNWZiZ3lTYThsOHRHWXJGSFdiczhYd0YwVVBUR0RqZkEyeUpnc0lGTTBQQXY4N3RXYWRoUk02WUtLWDhUbnoydkdYNF9WNG00elN1WWRRa1RmN0hqWGJvTUlKWmpoZGczYndUbXdYQk1GMkNtcENoQXVkeUxrWUh2aTZxNEo3NjVWbnd3eTlXUjZkNGVPNlBhVXV3ZURELVNtX2pHOW1pY0NCcjR3SHFSeFc0ckVuSGliczg4X2NfYXRUMkpIR216bl9SSXVXd1NpMFJFbS1PWjBCSENERld1RFIzU3M2Yzh3Qm4tcHUyMDI5U2pYUWXSAY4CQVVfeXFMTUF3TnZUVHB6c1RBVmt0MUdvcEdvZEh4OEF5YTBSeTdOZkJlY2hnbWRadDdpWXJPWG1sMmNWZDhJTU9WMHR5b0x1ZFRUelJBX2JxRXlLTFFmcFJnY2dyMWppOWF5LUtGY295Z2JMVDVOMk4tSVBPSEtPMHNFZUZuamV3Vl9GX1h4ZS1CU1JTX3V6UUJtdjgtN0FyMEhOUHJ1Q2t4MUNDWEFpblhhd09DLXhGejhRN3A1d3BOUXZubi14T0tYWTNVQjBERnFGM2hGVS0zMXd3azNtMzl2M0p6eFltOHEyMS1TMTBqeHJiR3pOU2otOFhaTFNpSUtTUGtJVEJfUE0zSlp2RlhGazRn?oc=5,The Times of India,"Mon, 06 Jun 2022 07:00:00 GMT",2026-06-14T20:35:01.118726,job_scam,True,False,candidate,https://timesofindia.indiatimes.com/city/dehradun/uttarakhand-stf-busts-counterfeit-drugs-manufacturing-racket-conducts-raids-in-haridwar-and-saharanpur/articleshow/92024369.cms
online job fraud Uttarakhand,Uttarakhand DGP honours 12 officers for their work; public assured of police support - ANI News,https://news.google.com/rss/articles/CBMi4AFBVV95cUxNNUxqeldnQVdlbDQtN0NLbkVvczdWRE9EU0lLTHV4ZnJFbUhLU0JZbmZCMkxzLW1iVXozZlJEUlNhSnBzcmhQZDV0TWNRbFJyTTVrV3VKemlJLVkzNFFGTm55UjhjekdRQzI1dEJfR04walZtdkhwWEdQRVR0bnRhSy1Ja0RmMldCaHFVVl8zaG56ZXFkWnhTVVo0dXRGNXdkLU9sdE90UDFiclZxYzAxMEtvOUNDS2duZkRfSTUwQng1SkRQR2pMcFVReFVtVmwzRU52eWVRbFJ3Q3Nsc0dZaQ?oc=5,ANI News,"Sat, 28 Sep 2024 07:00:00 GMT",2026-06-14T20:35:03.130394,job_scam,True,False,candidate,https://www.aninews.in/news/national/general-news/uttarakhand-dgp-honours-12-officers-for-their-work-public-assured-of-police-support20240928213741/
part time job scam Uttarakhand,"Mussoorie Forest Scam: Half of Missing Pillars Found, Questions Remain - The Probe",https://news.google.com/rss/articles/CBMipwFBVV95cUxOV0pYaHlPTGdIZjVVbGpZY2NHQ012TmNUcjdWWXRkVjNKY3ZReXBSVERhMXc1ODVGU09hU0VLVC04d0dycnFFVkItRTRLdEpFNVNXLS1DMGVSbm53SXF5S3hpQk5SZHY3amJFbUtxdGxBcHk3S2xsSU1SWG9mVVZpQ0k1VTBwdHFfTFpySVNFeG1FTmR2LUtDV2x1Y1pBRjJPSkdMQUxrd9IBpwFBVV95cUxOV0pYaHlPTGdIZjVVbGpZY2NHQ012TmNUcjdWWXRkVjNKY3ZReXBSVERhMXc1ODVGU09hU0VLVC04d0dycnFFVkItRTRLdEpFNVNXLS1DMGVSbm53SXF5S3hpQk5SZHY3amJFbUtxdGxBcHk3S2xsSU1SWG9mVVZpQ0k1VTBwdHFfTFpySVNFeG1FTmR2LUtDV2x1Y1pBRjJPSkdMQUxrdw?oc=5,The Probe,"Mon, 22 Sep 2025 07:00:00 GMT",2026-06-14T20:35:05.223632,job_scam,True,False,candidate,https://theprobe.in/impact/mussoorie-forest-scam-half-of-missing-pillars-found-questions-remain-10486432
part time job fraud Uttarakhand,Ritu Khanduri becomes Uttarakhands first woman Assembly Speaker - Free Press Journal,https://news.google.com/rss/articles/CBMiowFBVV95cUxOMFc1eTRqWmVrZUUyUDBBalU0eTNwTlRlMVhMOVNCOWduN0dBYzl4VXQ2alBmc3l2NHJjcE9aT3JLZE5WY2VfWlBwVDZjQXB3TGM1LU4wSW5GT3Q4VkhYWFltck85b1FZWTN0ZTRaMFJNb0U4b1E0Nm10THlfUkd5VnVKd3FLTlU2bmlwYXJfUlNoZkNyWnFRZUgyYTlJeU5Memsw0gGoAUFVX3lxTFBtd09wclhxbWFLUkFXOF9nTDlvUXJnNUFENjVrVVM5NTBOU013emxndWd1bFpHVHdWbmtBUEFybUwtdFU0TUdtTUx1eEtrMVFWaXgtQkQ5TTFIU1RZR01yQXRNSDdIb2c1bWNsU0E0RUhJdWo5VG04ZzNaZDFaVGhDVUVQR0NQMzl5UjF0NWFyaEh6bXlhRmVVWlFXdk0taF9JOXVyb0pudg?oc=5,Free Press Journal,"Sat, 26 Mar 2022 07:00:00 GMT",2026-06-14T20:35:07.223811,job_scam,True,False,candidate,https://www.freepressjournal.in/india/ritu-khanduri-becomes-uttarakhands-first-woman-assembly-speaker
loan app fraud Uttarakhand,Uttarakhand police busts fake Chinese loan racket worth Rs 300 crore - ETV Bharat,https://news.google.com/rss/articles/CBMi9wFBVV95cUxNYjFtLU8yS2ZqbzVzdmc1eTFTa05OZTZQb05RTUQ0WjYxVXZiTU50ZHFXSXUyT1M1UkhnVHdtc0hOVkJJRXRIeGFSVVpxVFRpVjRIaS1yWUQ4QkVKYlRWc2E4THV6LWtvUEJMN0tCblVqamxHdURISzNSOVFpcUtURVliYmY3OUNhVGxBVThJZW5ScFVKWmdpWFNJWVEwLXNMb0ZLTjZOZzRIS01XVkJZQ1dzQ1QwYTRYNGNQRzZCaHU4VGVGVmF5TmQzbGFaUU85SWVzdnFGQ05VX3RTOVgwTWdpS2VLc3htSkZKZGRPYVFwQl91NnRz0gH8AUFVX3lxTE1jQ21sYklra2RGdE9ZSVAtdU1mUlExa3RsWlA4bUJFMnFnTFgxQ2h3NnBpNFQ0ZEhkMVRybUwxdVhDU3hFQzNXUUdscC1fdTF2OHIwTjBoYXBaZ3Fra0xFQlZYcDFQWkkwWUpCTWhEWmRycFkyejJGRVllVjZKSC15SmE5cEt6RXNfY2hZelVaNlpQX3g4ZnUxNWpzTDhGYjJJR0VUeHlnRVlkR3QxcWxVMkotR0Z1U1NybzB0Q2N6aG53ZzBELUNQUzA2VjNNTmJZZk5iS0F5azJxWlRDaDAzM042V2dRNXZsRHE3V1B5U3J4Q0I2a1J4YmFxWQ?oc=5,ETV Bharat,"Wed, 11 Jan 2023 08:00:00 GMT",2026-06-14T20:35:12.371747,cyber_loan_fraud,True,False,candidate,https://www.etvbharat.com/english/state/uttarakhand/ukhand-police-busts-fake-chinese-loan-racket-one-arrested-fraud-worth-rs-300-unearthed/na20230111175134533533367
loan app fraud Uttarakhand,Uttarakhand IPS officer Amit Srivastava faces SC scrutiny over corruption charges - ETLegalWorld.com,https://news.google.com/rss/articles/CBMi4AFBVV95cUxNZzg5ZlE0T2ItZWVwS2prY3VNVGhSZzhmYjRJbkZRb1FycTZ2M3JpX1pGWFp2dmMyQTdueHh3SWp1UmNqXzhNWmtXQnNzLS1wTTZOWC02SC1HLTlHUTlmM1VzRHhrSE55UThibmdhQWxNR2l0Mk1rQ05idTUtWjlqR09fN2toalF6a3pET1ZPUldpdy1HNmJIUkRNaWxIbnp4X1BDSVU0ZURaRjdBdVRxQ1dwSFJoanpBMEszUHlZQnl0M2ZuMlRGbk1TOFhjYkYyeU1VWXg3YzMyRnlnUDl3NtIB5gFBVV95cUxOZmcwYkNmVHVzd0Y5aV9HcVFCdVh1UVQ3YXJ0bExicThYOTFTdHNQQjdpWEs4TlFZOVRiUWRhZ0YtVnN1THc4RldtT2ZiODB5c211UVgyQUJaUXk3TzdnMGcwdmRYa1lOcE5TTDF3bG5jWG5BXzc0bllaTnlTVkh3MlV0QTJLdTJvT1lmS01LbDUwM3hoX1QyS0NjeXhyeDZUd0E2Nlo4c290dXpRR2ZfR1hETEU4M3J0eVpXLUZSNXRQVHZ3MTFLNlJjTWxKX1NGekFweXdjcy10NlhzQkJfank3QjBUQQ?oc=5,ETLegalWorld.com,"Fri, 08 Apr 2022 07:00:00 GMT",2026-06-14T20:35:12.371782,cyber_loan_fraud,True,False,candidate,https://legal.economictimes.indiatimes.com/news/industry/uttarakhand-ips-officer-amit-srivastava-faces-sc-scrutiny-over-corruption-charges/90720057
loan scam Uttarakhand,Uttarakhand Gramin Bank Loan Fraud Case: CBI Court Sentences Former Branch Manager To 4 Years Rigorous Imprisonment - ETV Bharat,https://news.google.com/rss/articles/CBMi9wFBVV95cUxOdjZSWmFMaTM2LXo3OWdVR0Q4bzgwVnVxbUFnVFFCQ0NESHo5U00yOFVLMmttbVZVTjE2VTh5b3NSdGg3RlJ6Ry1hUXQ4aGxBVVRFYlZMckxCNzBFa0RmVkRZQy11RFlYTUhubmxmS1FyVFYxM3YtU2NuNjVUc3B1alc5ZFhKZm9qUTNrV1Utd1BuMEFkaW1kV2YwcTZmbXZpbmg3SGpnQVBtc2tPc3VodWxKRDBZVzdYM3VSM0FPMWEzR3otQjRQYlRUa2wzQkdDUUdGUGRjMTVJdER0bFRPLU14d3dVeGJ1WDE5WExBSWtTUDFJc1R30gH8AUFVX3lxTE1oRmJuSUhTeFJ5YVZOVHY5aWVER0p3U2NoMGplaWVPbWEza1dLblBDYVJYYjBxNy1Ya3lQbFl6MkJKSk5lbXFpNEtTUEtuN0ItX3BZOUY0d0MxXy1CZ1RfdG5YVVdxUkhPbmVRVGFyX3pqcWVaS1BYN2VBZm1MalNiak1Uak1jM3VtMFgwQmJ1WXgySmllb2lTQW5Fd0hQNzNEdE14UXoyUjNnVHlYVmw1SXU2NDdUcEhSLWdrRE4td2h6Nl9fZkpsOUpZSlJyd2VHVHNUZXd4MjktSHVNQXNrczFDUlRSZEcxVEpFYjRRTlJfUTdBYmw1T3Zueg?oc=5,ETV Bharat,"Wed, 01 Apr 2026 07:00:00 GMT",2026-06-14T20:35:14.451619,cyber_loan_fraud,True,False,candidate,https://www.etvbharat.com/en/state/uttarakhand-gramin-bank-loan-fraud-case-cbi-court-sentences-former-branch-manager-to-4-years-rigorous-imprisonment-enn26040101563
loan scam Uttarakhand,"ADB Approves $200 Million Loan to Enhance Livability in Uttarakhand, India - adb.org",https://news.google.com/rss/articles/CBMilgFBVV95cUxNV1ZjV2FiR09FRlB0UGoyVnl0bjVrS3RuZWJkN19mSnBxeTVabXNRVDU2aWdxdk1IeDdrLWtSdUVJcWJaOHdVRXVPQjNES2hWem1Uang1NTJEcExKVHFudEFadkQ3d2R3TmVzMUwwMW16R2IxUWpJV21aRWRpcnhPZkVZLVVVeXVhMGRObnljV0FrWVlRWXc?oc=5,adb.org,"Wed, 23 Oct 2024 07:00:00 GMT",2026-06-14T20:35:14.451731,cyber_loan_fraud,True,False,candidate,https://www.adb.org/news/adb-approves-200-million-loan-enhance-livability-uttarakhand-india
loan scam Uttarakhand,"ADB Boosts Support to Improve Water Supply, Sanitation in Uttarakhand, India - adb.org",https://news.google.com/rss/articles/CBMimAFBVV95cUxNMVFZSTN0UUUxazNqWS1Ba3hVNy1YYXNPemJKSlV0WEpMNGgtTU9JYXN5eTZWYVVaRVJLZFFISndQUTI0OWY0QmtGUDdaMnE3QVdSR2x3a3JXZldIVkM3SnNEZkFqMkZvQUpYX1ZQVTIzUkFHblRJbVFrYmdfZW54SWRsTjIyQ0owQjl3WnhNXzFHN0xnMVMzXw?oc=5,adb.org,"Tue, 05 Dec 2023 03:37:18 GMT",2026-06-14T20:35:14.451790,cyber_loan_fraud,True,False,candidate,https://www.adb.org/news/adb-boosts-support-improve-water-supply-sanitation-uttarakhand-india
loan scam Uttarakhand,"RBI Slaps Rs13 Lakh Penalty on 2 Cooperative Banks from Uttar Pradesh, 1 from Uttarakhand - Moneylife",https://news.google.com/rss/articles/CBMizAFBVV95cUxPNHE2WVZXc1g3ZkF3NWxiTFlxYTBBc3hZQXFic3Q1ZzZ3bjNnenlrVmxXcDhZbkJjY3lCcnZJc2NGdU1JUUFHTW1UMmVwQ1V1TWdMUFRzVTN4ckQ3ZUxnWXJRYTlyNmJHWm9IVE5nSEk0eFZqUGJISGZSLVZrZTh5T0lqanBCdFQyY3ROLS1wMTE2UlZQZ3NhY1BndU9OQVB3Vl9IQUN1LUxyei0yZGg2aVhjM0VTaFZ5bVROc25rVDkxS3dsNUlPUFdSa00?oc=5,Moneylife,"Thu, 29 Aug 2024 11:08:25 GMT",2026-06-14T20:35:14.452028,cyber_loan_fraud,True,False,candidate,https://www.moneylife.in/article/rbi-slaps-rs13-lakh-penalty-on-2-cooperative-banks-from-uttar-pradesh-1-from-uttarakhand/75032.html
loan scam Uttarakhand,31- year- old man shot dead in Uttarakhand’s Haldwani | Hindustan Times - Hindustan Times,https://news.google.com/rss/articles/CBMiwwFBVV95cUxOaHNwVDVHY05zQ1hEemk5OUFQRVEtQVF4ZXg0SHEtYUozajlpOEU4NUdpWXBHOFRkTVFDMF9Pd0FqaWctNUh4TTZSNG9tc1VteUFBWjVIM25GRmhlb3REZXhPM3BvTHpYYUFTU0FTR1NlY0ZvUnJOd002Tml3TnN3Rktsci1RMjRHaTlWRnJGeWhPZDJCTGdNZjdRSEtZQldUV0NZUWxkMmdianM0aGxsRTVTakxNTWdEbnF6XzI3UVBiTTTSAcgBQVVfeXFMT2R5bThRVkpXNVFheWRPaU5Ld19YdmpIeHc5MEx6OHo5R3pzRUpreVB5QTR6dVhHUlk2ZV9zZmpFNXVfcVJaUkNhdy1kcmZsZjc0VTM2dEE4NEM4SzlsREFPRGZPakk1Wm5SMmZUVWtZRmdiamxsay1wMS1uVE4yVWlkbnotTUt2VUNQQVFDaGtHTnIyakgxcjVtZUtpTEw1SlVvQnpaX1J6TnNvSnRNWVlkT2kwQmotX0ZVTlB3UnhETVYtQ0JkZzI?oc=5,Hindustan Times,"Fri, 25 Dec 2020 08:00:00 GMT",2026-06-14T20:35:14.452089,cyber_loan_fraud,True,False,candidate,https://www.hindustantimes.com/dehradun/31-year-old-man-shot-dead-in-uttarakhand-s-haldwani/story-K7zaOB2o4sH1u1dMJZE01J.html
loan scam Uttarakhand,Three of five grooms who had sex with bride tested HIV positive; grooms from Uttar Pradesh and Uttarakhand - Kerala Kaumudi,https://news.google.com/rss/articles/CBMijwJBVV95cUxOYUFDVjhaMWIxbkh3d2JLd2tkZ3FMZkdQajBIS3NQQXJXRi1OVXZTTVU3bjEtb09DNlVNc1FfaDFMaE5SVmtEMkFrbWFWbkwwcGRuV2lZYlNpTWVGVko5MGpJZGpHa1FfVE9fOFVCTzJBaFYzbFM5YUhkMFlxYS1JWnpWRDhLYVBUN2VGTHhSVHFHY1hoMWJVaFByWno3UFNNTkk5alRYampINzJTem80UWdCYlpIalM3eU5YWFUwY0ZKbUlSV0M5UGdjMy0yS21VZGxCM2IxQzdaNHNlR19UOGtuTHBZUVhUYXlvT2hLS05UUnV3Z1R5SWQwOGRUbGpaZHllV1U1UndvcEptYjVJ?oc=5,Kerala Kaumudi,"Thu, 10 Jul 2025 07:00:00 GMT",2026-06-14T20:35:14.452100,cyber_loan_fraud,True,False,candidate,https://keralakaumudi.com/en/india/general/serial-bride-arrested-three-of-five-grooms-who-had-sex-with-bride-tested-hiv-positive-grooms-from-uttar-pradesh-and-uttarakhand-1332818-amp
loan scam Uttarakhand,Uttarakhand to Replicate Kiwi biofuel experiment - Business Standard,https://news.google.com/rss/articles/CBMivAFBVV95cUxNQ1lCcUQ3emRHV25lLVh2c1V5cHJNMENRNC14RjNOdHZXNUVLUndsdFRVRnRwZzFUZWVMUGsyelpKVmEzVUhEa1pQWTZVUld1NnAzQ2FNV01jbTZPUXBnNUY2TUpsY3FSNEx3RXFGMFRyYlRnVTRWSldTbG4xS01FT2dEa3B1Y3pfbEdDQzhmOVdPOUJTOW9YTk1kU25vNGRkV2taOW9CT1lVazVtWFpXSVN5ZGhqcG82WTd5NtIBwgFBVV95cUxOS3NvRjExUXpYdnNkc0NpbHFTM1lrMW1HZks0UWNGQUtKdTJpNWUwVHNmSVQwQ21mMkVaQ1dLeFdwSkppam9tdnFqam1UOVdjODRHMF9WV004Z05xT1BXX1hMR0tERWFOaFhzUkI5WmNxelYzUmJBU1VuaTdyaXZYdW5veDh1bm1qc0Y1SmZtOXRPUjBMLU95MHp5X3ByLUwzSEdtZWx0dmo0UE5RelloNml0Tjk0cFhkanc5NDQwZkFsQQ?oc=5,Business Standard,"Fri, 16 Sep 2011 07:00:00 GMT",2026-06-14T20:35:14.452197,cyber_loan_fraud,True,False,candidate,https://www.business-standard.com/article/companies/uttarakhand-to-replicate-kiwi-biofuel-experiment-111091600037_1.html
loan scam Uttarakhand,"Rs 3.39 crore fraud: CBI secures jail term for ex-bank official, 11 others in Uttarakhand​ - thehawk.in",https://news.google.com/rss/articles/CBMivAFBVV95cUxQVXhFRmp3ZHRjR1ZWRnM5NzFoUGI3Sk4tWmI2NW1neWhsTU51emlsSWd1anFnRFFOZGhZbE9PcS00b1RLQ2RlQm5CSERJemtjNXFvTFRCT19VUFZsU1BiR2RCMGpZUEdpbEZjT3VpQXpWdGVMRHVWdHRrRFgzdVoxQkd2ZWJncVgyU0VyQTI1NXdFUXMxMlBNbUNUb21FeFNQMFJGMjZEWW56eXlqbEtaQXpNNHRfMFRhaE9adQ?oc=5,thehawk.in,"Tue, 31 Mar 2026 07:00:00 GMT",2026-06-14T20:35:14.452212,cyber_loan_fraud,True,False,candidate,https://www.thehawk.in/news/india/rs-339-crore-fraud-cbi-secures-jail-term-for-ex-bank-official-11-others-in-uttarakhand
fake loan app Uttarakhand,"Operation Kalanemi: Police nab 82 fake saints during Char Dham, Kanwar Yatra in Uttarakhand - The Economic Times",https://news.google.com/rss/articles/CBMi5wFBVV95cUxNdWkyR1AzZ2t4Y1hyVzJTaHRMWWR2ckhoZTA5SVo3M2NXcGJZc09jMERRajN1U004bmhEYUxlQVFGa0dzdEJpdzFRVXpfbWFvUFpHZkdRX3U2SzduaUpSVlN2T1pwNkF3bFlaSkFPcWFCcW91VEhGelQ1SlhpbVlmSHZ2VE1UYjcyRXVvbkJkclZITVBtQTg0WG5kZ3pwRzdhSmhKaERSUGZsY3FTT0VIY203QW5lUGt0eEhOWkhIeWZfNVhfVDRGMkNIZ3NXM0FtOXBJSUJJY202bkRCRWEzdDRObE9sVGPSAewBQVVfeXFMUHA2RHdSUUZDUVNhY2pER1lGakhrdjVvUXhadWdqZzBYdzk2OVptcnBvMXdBN19NcUNDRGxOMnMyb0otUTJ6OXBfUnBqSDdWcWk0N29FN3ZlTmZONUtXLXhCQkp6aDR6X3l5enI2VTNfeVVFSmhKejZCT3daUzBCT2RLWW9YSWVTYXo1R1VXVzdVc0NZQnl6WEs3VjJyd2d0ZFdYWVNfbmt1TDJmLWtQSG1pRFhjRUphdkxRQXNUbk82cUFsUWZpMjg3UU5LV0hVdm5zWWNMLUYxLTlqV2k3NXBQVjIwbDVCOW1tT3k?oc=5,The Economic Times,"Tue, 15 Jul 2025 07:00:00 GMT",2026-06-14T20:35:18.165336,cyber_loan_fraud,True,False,candidate,https://economictimes.indiatimes.com/news/india/operation-kalanemi-police-nab-82-fake-saints-during-char-dham-kanwar-yatra-in-uttarakhand/videoshow/122498313.cms?from=mdr
loan app harassment Uttarakhand,"Uttarakhand news: Outrage as junior doctor at medical college in Dehradun dies, family alleges harassment - Mint",https://news.google.com/rss/articles/CBMi8AFBVV95cUxQU253T2JpM3VYY3QxalA0cTEwVGNUOUxwdENRV282S2pSZXRrU24xUG9MZVZvb3VBYnN5ODRlVmNkOF95SnE2LWhLYzdkd05XQ3pXQ0FXYjVvNGpVWWJodW15ZERNMzJkUElvSVh0Um8zZ0RCb2F1aW9Bbks4SVltYU1FR0Vwbjk3cHJ6LWl6YmhINVRzcExSZFJZYmxmaWxkTkdVdzZWUEpfa1FTTTBGMlBxQ1VpOFBoMmZzOUpJNF8wczhQeThiLXVwN1N5UE5mT0taeXFvdzZ5Q1l4UVhxTkdRMDlybDg4aFlIM2stZl_SAfYBQVVfeXFMT2Z4X3R0SC1ZTWltMnQxanZMU2V2VzNKb3gyYm1VNmFacjVrTjVseWJqczRNNGdzUFNQUWNGQmhwdHF4dUs1QVFsVENHOWJMa0d2TzlzbTFJUDRhQ1FuYThSc0N1bEJCTTV1QVZwRFpxRVpIcENodWkzR0ZtX0tmQ2RwSk9vam5ibU1yWnhrWWRkaEMxTzRDRUd6Q2MwTHNKRk9nS3RjRUdILWRZaklVbUdNUDM5Q0dySE5Kb1JDM0ZyMWRtVVk4OGVQaGtka1FTc3p6ZVlsYXozYUQ2T2JCMkZCXzRpRGI4SWJ3NXpFOC1KOUdaNjBB?oc=5,Mint,"Thu, 23 May 2024 07:00:00 GMT",2026-06-14T20:35:20.045602,cyber_loan_fraud,True,False,candidate,https://www.livemint.com/news/india/uttarakhand-news-outrage-as-junior-doctor-at-medical-college-in-dehradun-dies-family-alleges-harassment-11716476392910.html
loan agent scam Uttarakhand,"CBI court jails ex-bank manager for loan scam, nine others convicted in multi-crore fraud case in Uttarakhand - The New Indian Express",https://news.google.com/rss/articles/CBMi8AFBVV95cUxNMXJMeDcxVlB2SHZZSEZqem1KaldOMVJXVEtvSnR6U2s2NHQ1a1lhNktRVGxuRzh6WEhpQ181b2pjd1dBQjBQVHVrQmlON1hhTGZwenVuSlBySHdlRF9Wai1uek5FLW9LQTdxeWlkZ3dnTFZaTnhrNDdzcEhTV1RtZVZGM0NoNHh6RFpQaWVYSmtHVXU2OXlGY1RLQmlfOTRvOU5wdVdaRWZoR3d3aUZYWkltdlgxV2loSTdsTXhuWm1BX3ptbkdvM3ZHYmpHMEtQYmNNU0ZoZ1owWXBHTDFRMkxma0d1Z3EwdTdIRFpjRGrSAf4BQVVfeXFMUDBqOFBkeGQxMU5jQ3ZuZWVfR1JPZDFIZkdhd3o0ZjZhaXljMU5PSlFsdVhLN0EybDN2bnhTeVpjUVY4Z1R2NDlxRnlCWnlFS1lqTk9va01rcEx5UWVNc0RpbzRqYm5raldrR1JTcGxmNGZvUWM1UWpLNTJNZGtLZ1I3SGZfaDZJZWdaUFhKRDVMZWJYb0RUUkx0Q095RlRnRlI0eW1obk5UdjRVd1VPQXlsSHJGZDg4LTl0RWkxc2dSaTRvZ1RjTE1ndmRzSnNrQkFHR3VyREhnREUyNk1xSHNwRXl1OWdob2NNZGFmUDRvazRsNkkyYU50V0JuNUE?oc=5,The New Indian Express,"Thu, 16 Apr 2026 07:00:00 GMT",2026-06-14T20:35:21.974659,cyber_loan_fraud,True,False,candidate,https://www.newindianexpress.com/india/2026/Apr/16/cbi-court-jails-ex-bank-manager-for-loan-scam-nine-others-convicted-in-multi-crore-fraud-case-in-uttarakhand
loan agent scam Uttarakhand,"Rs 3.39 crore fraud: CBI secures jail term for ex-bank official, 11 others in Uttarakhand​ - The Hans India",https://news.google.com/rss/articles/CBMi0wFBVV95cUxNdGt2U3otb2gzT1U4eFFHMVBqNEFiNVNBRFJMUkxmQ1ltRloxeVBrd3Z5M0N4b211YmFRMmx4Q3Q4Vkx3X09tNzVZejJyS0lUcm5fOVlDUzVtc1cta0V2NUxZSU5SNVdQVjV0TVJUejdEQ3BzOXkteERaSnBZZldzRUdydVd2OFM1VGlNaGRPMVdDbjU1VkhzN3FyX1FBT2dLQU1ndC1DZG1MMEZ3bWlacV8zeENFeS0zdjNoRmJnS1hIbDAxRGVNWVVSNkYzcU1MMUJJ?oc=5,The Hans India,"Tue, 31 Mar 2026 07:00:00 GMT",2026-06-14T20:35:21.974849,cyber_loan_fraud,True,False,candidate,https://www.thehansindia.com/news/national/rs-339-crore-fraud-cbi-secures-jail-term-for-ex-bank-official-11-others-in-uttarakhand-1061439
home loan fraud Uttarakhand,Uttarakhand Floods And Controversial Legislation: CM Pushkar Singh Dhami Faces Criticism Amid Crisis - Free Press Journal,https://news.google.com/rss/articles/CBMi1wFBVV95cUxPWVd3V19yVWw4aDdXRm54XzRzSWpSSHkyQUZDRDZDak1ORkNhdFdOWGRTY2xtYWQxY0RaWnlsMUZVVFdfRUFmTDdHN2o3MWJTRFZQTnA4SHdReUVnbkdFMUVTdHRGTFBpYkxwdERxNmZiTExLcER3d2dpMzRQN1ctTGRZWTJUcHhsTlJZdXcwOUZVTDJmcUV4ODRNbEhvbzA4Zl9EMjdQVWhYTzFycktfeVVJMjFFdnBvZ0R1UFVpdktXVHdwQUhUS1hWUXprWTF3anFhczY2SdIB3AFBVV95cUxNTU9POWdkNGlndzZZdDJQWjNVX3lxb0pnUGM5V2VETE9qSWMwbXJrRFQ5R3B5bmJ2b050NGhzYy05dE43aVRNdktBWkdrek5Ia1djYm1HQnk0SHZmTy0xQ09BZm03R2RIRTdVYzVJRlJJc0psME5tU1FSbmZKcW1vSEVLRHRacHBPRFh0OTVhd08ySXdaTV85Tm9rV1dGajNhMkh2TkZuQ2NDVnotOTE3dFAwRjVqdEd6d0lHQVEwS1gtM09KN1VpSmxWZV91cmtVTU03QkVuTnNyR3FN?oc=5,Free Press Journal,"Sat, 20 Sep 2025 07:00:00 GMT",2026-06-14T20:35:30.962992,cyber_loan_fraud,True,False,candidate,https://www.freepressjournal.in/analysis/uttarakhand-floods-and-controversial-legislation-cm-pushkar-singh-dhami-faces-criticism-amid-crisis
education loan fraud Uttarakhand,ED attaches assets worth Rs 2 crore of educational trust to Uttarakhand SC/ST Scholarship scam - EdexLive,https://news.google.com/rss/articles/CBMizwFBVV95cUxPcGtxLTBnc2FhcmYtRlZ6S0FHaXpxNjFfQ1lBVnJLdXBqbnNfdnR4cXM4RjRTVGtsREhYbHhDTHQ3QUNaaF9qRE0yQTVHcTBTMlZ5TUt3dTM1WWtWbWdZajRQVW1YYkxoN3pSMm5KS25CMlUzdlRZUE1od2VJSFFFSmNBT0ItTzlUNWNBczB3cVNOaUxOMDRwcmtxamdoMDE0U18yOFhvcUhfaFBGejJOQ2hiWW9UZUJlSWdlZEdITnlwa3NhNTVYMnl0Nkp3WVHSAdwBQVVfeXFMTzFHc3NFV0stV19wdUFqZVVIZXBoekVEZW1GLTBncFRtZndQVnczbEN1RkMxQklfRjNmQ0FiTDhaYUhGRFZSSzB2TFpJQ2g4eE02MHpJNTV0R2NDR3ZiaU5ibTJFQTFJTGpTOXhXRm1vOEVsZWZfQ0JxUk1ZOXVuYU9MM1g3RXIzZFR1cUVudzZ5N1dHSkRvRExwTzlXbnVQb3B1cHdsU3R1Z3FXa243YUZYRndsX2h6VHVBS0tLdG1kVmlvd1h4MVNuUDdZcmJmMWtWR0hRbUpmeGhtdA?oc=5,EdexLive,"Fri, 29 Dec 2023 08:00:00 GMT",2026-06-14T20:35:32.620932,cyber_loan_fraud,True,False,candidate,https://www.edexlive.com/news/ed-attaches-assets-worth-rs-2-crore-of-educational-trust-to-uttarakhand-scst-scholarship-scam-39547.html
education loan fraud Uttarakhand,"Uttarakhand Education Minister Asks NCERT To Include Bhagavad Gita & Ramayana In Curriculum Of 17,000 Govt - Free Press Journal",https://news.google.com/rss/articles/CBMi6AFBVV95cUxPLWQ0eXNES2VUTjZxSFQwRHhkbktwM3pzWnhGdDdBbVVnM05pdjhQeFhGWEltT0FyOXVOVU91NVlyTWJzbEV3MWpVdERqWUFsaXFySXhaRVNWZFhZUEl1ck5CTGxQbk9MeFJ4N01wVWFGSnVBZUhmbFlFNW9Fa1R6NGlpd2xrc3ExSFV0clZ5SFhBNEEwLWRCSTdtdWlsZkN4ZTlKeV84bUVHemxzRDZxX2FMaVJpeU9QMXpmdUZzV05HOHZNODk3RkFUeG13UHhwWmFDQVhDeHRFX1hTY0ZOTzhXWHNCTGxV0gHuAUFVX3lxTE9zRkxWTGNSRUtveU54NExnWmFPVDBtZDVMSld1Q3FOVU5qNUVLNnZSdURGVFp1VkVjc2MzdFdBS1ZEeXhKWkZCWjdHWlB5RE55ek9Xck5VNFJUcEFzWWc4RTJsQm1vZVVKaXAtQnVNcFlQaV81RUxJSFNRMmFPelg2YktpTGNQVXpVX0FyTnlGQ0JQOGk5V1F5MXd0eERpcDdKVFFKYVdNN1F6T3FSMXllOHhiQVNLU0M2dHA3cmluSzBLLU54am91WkNBNHROS1ZwLUs4VlNxX2JNYkVHNHNXS1M0RU0tSVVDSTl5V3c?oc=5,Free Press Journal,"Wed, 16 Jul 2025 07:00:00 GMT",2026-06-14T20:35:32.621097,cyber_loan_fraud,True,False,candidate,https://www.freepressjournal.in/education/uttarakhand-education-minister-asks-ncert-to-include-bhagavad-gita-ramayana-in-curriculum-of-17000-govt-schools
otp fraud Uttarakhand,"Uttarakhand proposes amendments to UCC: What could change, why - The Indian Express",https://news.google.com/rss/articles/CBMiowFBVV95cUxPZ3oxUU9LWlJhMDRpdUpmSHJobmN6cWs4RjAxM3E4b1JtZi1vQ1dyWjZYVFREMkxkUUstWXU2TVhrSXY4VmxET3U3MU1iWEpoTEVseVhWY3FtOTBNMGpVYi1WdFNTaG53TTl3dldfRWdkVGxvd3V6TkVQYk5IbDNNbUd5S2xwckxTR3hjRzA1NlF6NU9FSk0zQzhnQ0FQbUNITmVv0gGqAUFVX3lxTE05VXZFQ3ZnUmlrdElJNTAwT0t6QUNQTnZwYjVZOURnVV84MTBzVWtfU1hweVZJQy05M0Z1SXZFQzVTTFFIczNQOEJtY3pud3pwSkVSNkhNZlVpRDJVWFdfNUd5SkJOeDBXeWh1UUFFZFZRZ2dVUUVodUhkNlZ6aE1Ld3FfNEJuR2FVWnZZZHlpWDAtR3VIUzRjUDlHY21WcTFMOThqVkhTZHlR?oc=5,The Indian Express,"Tue, 21 Oct 2025 07:00:00 GMT",2026-06-14T20:35:35.984725,otp_fraud,True,False,candidate,https://indianexpress.com/article/explained/uttarakhand-proposes-amendments-to-ucc-what-why-10317564/
otp scam Uttarakhand,Money Vanishes Without OTP or Link Clicks in Haldwani Cyber Fraud Case - The420.in,https://news.google.com/rss/articles/CBMif0FVX3lxTE9yU3loaTZXUUliRXpoRHVxeVJ6R2ZpNjJwelhMQjdlNTYyVWxMdmFkSWJYUE5keVZpMzlQNDQzbFdpRjR5dG1pZ3RTdVFydWZidWk0aGptRUhyeGkxWjJrODF2QlVBVTlVQXVhV2g2RkFnb29zRk1Rcm0tVnRobzQ?oc=5,The420.in,"Thu, 04 Jun 2026 11:54:35 GMT",2026-06-14T20:35:37.819388,otp_fraud,True,False,candidate,https://the420.in/haldwani-cyber-fraud-without-otp-bank-security-concerns/
insurance fraud Uttarakhand,STF Busts Insurance Fraud Syndicate In Noida; One Arrested For Defrauding Dehradun Resident Of Rs 26 Lakh - ETV Bharat,https://news.google.com/rss/articles/CBMi6gFBVV95cUxQNGNSX0IyVEVhRENqa3BaWmhHVmtOclM5R082RHdoTnYxOUVhcWFTVUdIeWNDalFJc1NqR1oyZmxOZG5JSkV0dnNNOTNZMl96QUlkZUZ1Zk5yejFGYnVVOG4ySHhjZlRMRFZQdVUwYUI1TmZlam1NczZUR2ctLXN3alplZS1qYXNRVDBGbXNOTkFEOUd3LWN0ZzZNV0dBbGNVLTE2eklQZGtnc1liUEVfX2NIS21JUUFaNTRsQk1VQTdvWkRpLW1MY3lCUVl6TVhza3dUUERtczJnN2dXSjVVOHZFdzl1b19CQmfSAe8BQVVfeXFMTVJXeWRvYWI5WUtWRjhyY2pCMkptX2V2cXhMWmJWVEM0TE9PdS1UaDdvOWpEX1hMX1Nmdm11NmxaSGxodFU2ZHRLRDM2b3NULWFfTGJIZnpPM3lfQktnN2VienFMalh0MjhjaTNKUGRKWktqWVdjc2VSMVpiUkhsZ25wMFNFenZhZ0FKSVNpcHlxQVYxQ3lUSkt6WklpXzdvUG5pb0t4anVsX0xBN3FiZlNVaElTNjlibFRvSUc3b3BJSDRFVmtib3B5NXEwb0h5MjFCMjlFTU9nYjR1cEtLVE5fRll6Z0FSTG9EYk0yU2c?oc=5,ETV Bharat,"Thu, 14 May 2026 07:00:00 GMT",2026-06-14T20:35:39.838414,insurance_fraud,True,False,candidate,https://www.etvbharat.com/en/state/stf-busts-insurance-fraud-syndicate-in-noida-one-arrested-for-defrauding-dehradun-resident-of-rs-26-lakh-enn26051407540
insurance fraud Uttarakhand,Uttarakhand government to give insurance to accident victims of private buses - The Times of India,https://news.google.com/rss/articles/CBMi6AFBVV95cUxQcnF4M1FQRzhWMGthTEhycGFuRkxFUVYxTVFnLUV1eDQ3a2dwLW4tWVhkclBFdV9VX3ZsR3Rrd25KVEtxd0lVaFNxY21HVkVFM09OU2g0dFJINEJlQ0UtQ3BhS1FFV2NLMGE2SzFyMEdpSEJON3FjQndmQ1J4WkZ6WG9DaVdGQ1ZpY1lLVjhwa0J3VUZpNEJFSUo4WFRiNHJJZFJXdE5OVFVDV3hDR25IeXJmeC0xSFVJWWQta0NfR2JDejY3a0JfOHR0dDROYTJDTHppME1tTmh4N3h6S0oxOGppWHFTeTNZ0gHuAUFVX3lxTFBUX0ZfeHpMeENsUVlvWHhhZktOWjhhYkRFZ0Rfelg4RV8wc1dMdTJyMjlMWFoxX3RrVVRPeW1NRWhYVHNzcy1UejRZc3dDZFp0a1libkpXTVpaRXZCZlVpRUlHbWVhcFdTc05iYTBHM19scHhEYUxuNTdKWVpTU0s5c05aUXFDQzlYNkIwdzN5Z3V4ZEloV3ZUeXV5Y203aHdreXBwTzN3V2dLQzFVaC1za3ZHOXgtNTZQb1h0ZHNobjFreTFVMmZRdkl5aHRPc2JwTkJtQmZVOUxDYVZTX0Q0M3hpdzAxczA2eEw2MXc?oc=5,The Times of India,"Thu, 16 Jan 2025 08:00:00 GMT",2026-06-14T20:35:39.838676,insurance_fraud,True,False,candidate,https://timesofindia.indiatimes.com/city/dehradun/uttarakhand-government-to-give-insurance-to-accident-victims-of-private-buses/articleshow/117308889.cms
insurance fraud Uttarakhand,Uttarakhand govt to provide Rs 1 lakh insurance cover to Char Dham pilgrims - The Times of India,https://news.google.com/rss/articles/CBMi0wFBVV95cUxPakJlaEVTLW5OQ1FnTUY3c2tuZ2FRZkVxRFM4WHpqalExelBGWTBHU2J5T3l2THc5VDJtSkp1TjM1T21iVXFyemJJNUNSMjljX1RobVFwd3lqcDZ5ckhzWnQtQXpIeUROYnhfRGx4TmRFelBEaXJFd28zTXl0VV9nZUZ3XzVxNXRsWFBnUHRLRndPRWowSE80U2IweVQxZ1hqbjVCeFRqM0Q2azYwLTBEeXdoOHBhVkR6YVJLWkZxU004TXFSRTJaMTdZc0VKS2xfa1FN0gHYAUFVX3lxTFBzcDhWYXA4aDFPVkxvUjdMVENMMEFpdmJla3hNUlBpVG5ab3pZMjVCbXBtNWlYbU9TMmdkN0FlWGtIQ3BDQXNmRW1wZkpaSjZGMTZWcUVBcEduZnFoQzBlVmxUOXhUT3NKbU14b0xMOVlUdVU5SVIyWTd4UFZVM01xOFZ6WHVmVUQ3Q2E0VTRUcGdWa3pTVml0Ml9ETGkyVEJZU3hzUjRXX1M4RnVGRlI4Tk9LZmNuMzV0blY4MXo5blZfVHV3N0V1eGlCRjRMRlhoTWlHbjhiYw?oc=5,The Times of India,"Thu, 16 Jun 2022 07:00:00 GMT",2026-06-14T20:35:39.838723,insurance_fraud,True,False,candidate,https://timesofindia.indiatimes.com/city/dehradun/state-govt-to-provide-1l-insurance-cover-to-char-dham-pilgrims/articleshow/92242913.cms
insurance fraud Uttarakhand,How a women’s group in Uttarakhand saved their village from forest fires - Moneycontrol.com,https://news.google.com/rss/articles/CBMizwFBVV95cUxQaG5vMG1GN2tjb1ZFRnJVZE9VWWRIaHNFNkdELVZyNWRyLVZNYS12LUFuYVhoWF9iYXQ2RkZkRUV4ejNyWjlwNXlqd2hqZDJ5RlMxWHE2b1cxd0MzdkpjNGZJRXJ5WE5OZjlpb0stU05YRmZzVzNhak5nWTA5LWNTWnZRVkI2WU5BS1FqSFduTUZrdURWNGozcDlob2tkYk5SUzg5b1cwZVZWbXpUX2VyY0VxZ0Zxdk5pOVJ2eEhXc25BR2R4Uy1BdTQ5b2tGU2vSAdQBQVVfeXFMTU8tNHI1V1hGVURLTjJna2VqMEcyVlhJRHhrcFRGRUQyZjZNQlNYT0plQkZ2M09KUWJCaTZfWk03aW5YUEVxMDNtTTBZekJ0dXV4aXB3M3F0VGNjMHI1WmpiRUxsWWI4NlhfZy16YVNBM0FQaC1LQ1VuTF9wd1hYWHpTS0VtUW5vTUU5TWJnVXNidjNMYUI2M3dFaUJaSVNpMER5bXdwZGh0Tlh2eUVib1dJcVhsbFlIT21QcDJ2bi02WEJJdGtYMkRKMEVlbkZqQWRXZlY?oc=5,Moneycontrol.com,"Sun, 25 Jul 2021 07:00:00 GMT",2026-06-14T20:35:39.838800,insurance_fraud,True,False,candidate,https://www.moneycontrol.com/news/trends/features/how-a-womens-group-in-uttarakhand-saved-their-village-from-forest-fires-7220211.html
insurance fraud Uttarakhand,"Uttarakhand to toughen anti-conversion law; life imprisonment, ₹10 lakh fine proposed — check details - Mint",https://news.google.com/rss/articles/CBMi_AFBVV95cUxQaHZzMnFnR2ZrMDdvbHNnVU16NzJyWHNyM0RrY21jNUM0OE5rV2k0MjlLRjh4SmJFVG9NUTgzMmdQY0xfMXRSVVNsZjNwV3F0Rjd5TWcxd0JtYi1wbk5yTzRsa0xybDI2ODAzWmhyVmRnTzdlY19fNjV6WUZIQ3ZQc21VbUFzVUxQNG5GY2RsczNKaEJKdUZTMmt1R1QyR0hsb0JLZDkwTDk0QkE5SmRJQkZydXlFbzAwZFZWSFlIdFJ5MDEzZ29yUDEzNml2Q3N5Z1ZoMENKV3l6LTcwWm9uMERkVlZjbUZRcHpGSVJaeHJxbGlTcXJQVThKVTXSAYICQVVfeXFMTnNZajBzM0ZtaFJuYTFCNFBQZUtkVThkdlcxM0dFN1BON1VJVTVlWW1WQ1ZabUdkRXpGZGdrRDZ0Qlp2aS1WXzF1UzEzdHFqMjRTX3lXTWZyVmN1OUU2NERHamVFcWxYOFI4M3BhQXdreGlfdTRWZ3VVakRJclNBWXFJa3ZrbUlLa1NpcTlCTVRiZXE5dXhmbHNtTlpZOU5rbU1IbGs3YmFhVEpYMVRhamRTTHN5MnhBNmxvbjFaYWEyNzNZTDFGSzBJZXpXelQyTkwxdmFvYVExWlpBOWZocDNGNm1FajVBcHRrR3RtX1dlSXBRYTJRVS03TWhPUjY3VEZ3?oc=5,Mint,"Thu, 14 Aug 2025 07:00:00 GMT",2026-06-14T20:35:39.838836,insurance_fraud,True,False,candidate,https://www.livemint.com/news/india/uttarakhands-anti-conversion-law-to-become-more-stringent-life-imprisonment-rs-10-lakh-fine-for-forced-conversio-11755183484258.html
insurance fraud Uttarakhand,ED files charge sheet against two in Uttarakhand's DAV PG college scholarship scam - thehawk.in,https://news.google.com/rss/articles/CBMitgFBVV95cUxPTkdTLWJRal9fM0hyM2RMLU02bl92SW1QZWRVc1lZSTdsV0xnUXM2V1VVekNrN0xXUXRpYkxjRzJ6TVNuWWFPLUJmeFdGVy1rTHNZSkZ0bjlFSlkyTU9nTzZobmMzM1ZONFN6eFVIclVqX2Z1UFBPeGZUa0pyVXBzTm8zN2hLVzdyREhNTlA1c2MxbUtFY1N1TjZyc095cVIyc1l4aXJ2UUVVcWVvWk1UVU5TSERlQQ?oc=5,thehawk.in,"Wed, 03 Jun 2026 00:49:00 GMT",2026-06-14T20:35:39.838920,insurance_fraud,True,False,candidate,https://www.thehawk.in/news/india/ed-files-charge-sheet-against-two-in-uttarakhands-dav-pg-college-scholarship-scam?__cf_chl_rt_tk=IB1zpPIXPBZsgTB54sipc3Fbb0K5FLHMWqZzIUCjC5c-1781452060-1.0.1.1-Qc421tWTuVs_fwhtfHFI.mT6Nvxb3LMfwmelHTT4d_8
insurance fraud Uttarakhand,Uttarakhand CM Pushkar Singh Dhami Orders Suspension Over Home Guards Uniform Procurement Scam - Indianmasterminds,https://news.google.com/rss/articles/CBMingFBVV95cUxPQ3NNYW9KTmlMN2ZXcDZubmxCNzJFLWxibnB1QzAxbEhVQlF4dVVJekRudjBQZURreWZzU3J1R2xtcDk2TFg4alpRMThydVdKOXpEQUhPdlMxTHExRzFxcmQySGFzUkF3UTZOdmpwLThYNkgtTkhsME03V1pBU3V4VnM4S21SMlZTQnZTNS1PWkRBc2hhN1JpZkg3Y21KUQ?oc=5,Indianmasterminds,"Sat, 24 Jan 2026 08:00:00 GMT",2026-06-14T20:35:39.838944,insurance_fraud,True,False,candidate,https://indianmasterminds.com/news/uttarakhand-home-guards-uniform-procurement-scam-dhami-179587/
insurance fraud Uttarakhand,Scholarship scam: ED attaches education trusts' Rs 5.62 cr asset in Uttarakhand - India TV News,https://news.google.com/rss/articles/CBMi4wFBVV95cUxNRWxnWmdxZW9XcUR6dG0ybXgwNGQzSkx0bXpyd3BPV211c1ZuMlZnZ3ZNNEI5RV9iTGNFSUdIcjFiVGRxTDUyZFlWcjMtaDVBN21KVWVqN1Jjd1czdmFkS3hvLXFiaUZFNHh4aTU2bGNPdmpzMVlIR3U4YWN0dmpiSXg2dnNzRVM3UVlIT241VU9BYnF1Znl2RHpMaWc1WUZST2F2aE40TG41RmVzWnRiNjJvWWJpSl9QWjJUVmdCQTZGZ1pjNmVlU3dMS1RWeURySEZTSE1EdzVzUmpKeFhuWE1CQdIB6AFBVV95cUxPcVdrVUotZHV6TVZzeFFoVHFadThlTlZrNV9lcmdnS2VMeWo5RkN2QVhOVnk3Y01JeUo0RVZSb1BZbGlEX1p4dVNGRFR4cXpyRUt5YmV4a0p4X0tHNDMwNk1hclRjRE9vOFhSaV9rd2RaaGxnUzVQNlROWnh0UjJtVVNGdTRTQUEyeTJXaE13TDVwY0xEN1c1YXBCclp4U0MtcGZNVXlVR3pwTXJWNVBaNFBCRERpZGYwcGV1T0VnUmpYZG50aFdKbzVucVM2NTcxWlZNdWlMVThDX0JncTBEQW43Y2xDSDlo?oc=5,India TV News,"Sat, 22 Apr 2023 07:00:00 GMT",2026-06-14T20:35:39.838980,insurance_fraud,True,False,candidate,https://www.indiatvnews.com/news/india/scholarship-scam-ed-attaches-education-trusts-rs-5-62-cr-asset-in-uttarakhand-latest-updates-2023-04-22-865794
insurance scam Uttarakhand,Uniform Scam Surfaces In Uttarakhand Home Guards & Civil Defence Dept; Director Home Guards Suspended - ETV Bharat,https://news.google.com/rss/articles/CBMi7wFBVV95cUxPYlBDeTBqRkgwdHdKMi1MTjY4U1lFbk13VG9Ic1ZGWVRnWUlXQ0h3OVNGMW45d0RJSTZWVkFUUmh4UHRFal8xeVY4bTZ5RTNzdmFPODVMbnktSGlPeW56ZFpCendYRUxWbFE5UlpsRHVvOXplMmowLUktQzRtWVhoT3k1YVppTDd4cFR1ZHdLT2owUXJpcnZRb3dITkRZT1ZuMDRQczJBel9DUGFITEVvOV96X1RvX2tqeTJaVVFlMGUyc2FOT3Q1RmMxa3d1bF9ydTJyMGNtWGg0WHI2QUhXNHRtWHNQRnJVTUxjcktZNNIB9AFBVV95cUxQMVJCbTdDWUpWazduQXdwenVLYjNad1ZaRktzY1dNT2dvMmllZkl6bjVWYS03a0VPdFhMcWRTMkV6TXhFQ0pKNE1nTWp5THRKZXJCWUhsQjdEblZYZW42X01yOFZ0cWJYWHdWTF93WmlSWUZXSDlEVGVDcHFqLVdHbDJ3cEQ5akN3VzBfWU9SQU15UWFyX0RiZGtBT0FxNnJGUGh4Rl9DaHVQRzY1LWljWUtueWpxR2lKVjV5Uld4bDM3ZWRkeG9ud2xQRGY1V3dtenBzNkh3dFFXMmN4MGZsQkNOaGctNG1GUktZQm83SG14bFpU?oc=5,ETV Bharat,"Sat, 24 Jan 2026 08:00:00 GMT",2026-06-14T20:35:41.934522,insurance_fraud,True,False,candidate,https://www.etvbharat.com/en/state/uniform-scam-surfaces-in-uttarakhand-home-guards-and-civil-defence-department-director-home-guards-suspended-enn26012403025
insurance scam Uttarakhand,Uttarakhand SC/ST Scholarship Scam: ED Issues Notice To DIT University - ETV Bharat,https://news.google.com/rss/articles/CBMi4wFBVV95cUxNMXlIQmZCZE5iQS1MbTdSbGMyRkd5ODljRmZyc3pSRGFZUDZnVER5SXY5d2ZEVDdHN0owOVpUenJIRm1LZTNZVmdIWW1JUzRoOXRmbHRBdm5LVU9YYi1Lb3J0eVE3VjhvV2x4V0F6YVo2ckwyTXotaW5za0VMZzlaQzNySHl3TFVZNF9mck5jd0FCbnEtVTVzdm81MU5tOC1RVmFhMFZ4UldtYWktMG9mOWJuVlJ3am1rTkNSb3hjbVZ1TTB2Q2dLMGt5MmgtSWZMeXpNSmRxdWUtU3pFX20wVlRuMNIB6AFBVV95cUxPQWNmUjFWUDQyRVprdncwdlpERVZqMnJDYXBlMm1lUi1KS2FpMnFrbWJSY3M4ajc3QzFONk9qSWIwV2MwWTZPY0VNOEtvU2R2bDk4T25hdy1UdWNPT0VZdVVETFpTQTJSMVp1c1VXRDVxeFBqb2p1dWIyclVSVnI1a0plYXhpMlZGNm9rX0NwM1l5QTg1bE1aMmNKdzl2U0VGZmpNOGlCOFE1Wkk4ZGF2WEpmeUp4TEdZTGlYaHhncl9VRDkzSVlNWHJyaUlmNHl5SnkwQmQycjhiRDZHQXN5UGcwZFd6VGpx?oc=5,ETV Bharat,"Fri, 21 Nov 2025 08:00:00 GMT",2026-06-14T20:35:41.934600,insurance_fraud,True,False,candidate,https://www.etvbharat.com/en/state/uttarakhand-sc-st-scholarship-scam-enforcement-directorate-issues-notice-to-dit-university-dehradun-enn25112100724
insurance scam Uttarakhand,Uttarakhand Undertakes Verification Drive After Ration Cards Scam Comes To Fore - ETV Bharat,https://news.google.com/rss/articles/CBMiygFBVV95cUxNNzU1UVpIVk9tczR6SGNpdVZhYVlwdVJCVm95N1Y5S29GbHY4YlM2S0JJZndsbDJHWjFvY2xjUWJSclgwUzFPLUUxUlRPOG9fM3o2QnIzWG5oRjIwS1FsM3FJZUJEM3c1ZEExekFLWFppOVpzMDB2WnlKd05SZmVPMl9SZUY1VXFmeUs1alNrajdNY0VIaE00Rjc1YXR6Mi1HRXlycmtGTUp2c19QSTROVjNOZXd5c1l4ckJ4UmItSUU1amVDc21ycWxn0gHPAUFVX3lxTE5xdjBFVzNtN2FiYllLVm1OeFlQRjY2U2ZIR2NHaXBJdUI3TWs2aXRuakRFUFVhdGNpUUpaMDJ0REpnVTdUcHI4emQtZEUyaUJVb2lUN3hNYUNOejdSRzE2WVFXV0QzWDlKT25hV2FkNkdZVU1ZZWlTZGkyQzBlS21qNW9nWnRhSkt6dGUzQ3pEV2hPM0Q4NnNrOVlEUnp5aUMtY2dOQ2JMdkRJaWRJYTBYVDhDcV8wbHRKeGZHaUZ2aGVwNWhhQjhIU0RGbF8wcw?oc=5,ETV Bharat,"Tue, 05 Aug 2025 07:00:00 GMT",2026-06-14T20:35:41.934613,insurance_fraud,True,False,candidate,https://www.etvbharat.com/en/!state/uttarakhand-undertakes-verification-drive-after-ration-cards-scam-comes-to-fore-enn25080503877
insurance scam Uttarakhand,"To avoid 'exam paper leaks', Uttarakhand university shifts to digital mode - The Times of India",https://news.google.com/rss/articles/CBMi3wFBVV95cUxPNER5bFotdW8tOTRRQWtGUzRYU1p3YXg0RnN5aVpBcEFkemR6VTU0SzJMMnBBMlE4dFl6WFkzbHRVZ0pBMUdKSjhUTlllNGdETGpOSG9ueG53c0FsNU9GWEtlblhtcExsWkVxdUlZaDJQOG1xclVzZVphRzg0LXRGb242clJvdFItbUNOemlXaGdFTWtxVDlzWHc5bk1yVFlleWZZQnI4b1ptWWZ2SUlpdTZraktDOTN5NGYwOHlWUG9DWG90QXh3RWxWcGk2bEVCWVBLLUd0dlZSYXZQX1hj0gHkAUFVX3lxTE1ubklFS2dMNkhEeTBBSWxoaXJpMjd0NWcydHR5SzFtOEg3aE01RG9ZTWxuQ0liTXo4QXFyeXBtVl81UVUzMEhvck12NDk5NG9KaGFZNUNkS2JqcnVmcW4tTWxGNHlYLVpjWUlpWm1Zb1YydWYyUnl6R2xKOFAyQjdMamlzUFlwZDhIOWpBUlpHbTRzMXF5bjhQOVlVRWszdDVfMEIwX2h1X2xXb09BeExMeXZZcXR0TjBrYkZGMlBfRTNKcGtVQ1lnWFVWckFUUkxwYnZQa3J6UDMzTUllb05NUHJkdw?oc=5,The Times of India,"Fri, 03 Feb 2023 08:00:00 GMT",2026-06-14T20:35:41.934699,insurance_fraud,True,False,candidate,https://timesofindia.indiatimes.com/city/dehradun/to-avoid-exam-paper-leaks-uttarakhand-university-shifts-to-digital-mode/articleshow/97565056.cms
insurance scam Uttarakhand,Member of U’khand Safai Karamchari Commission interacts with sanitation workers in Mussoorie - Garhwal Post,https://news.google.com/rss/articles/CBMitgFBVV95cUxQMERhUU5YWlJBdlk3TkRVSmgyQ2wxd1lKWGNuS1NON0JjeUx5TnpCbXZPdTVnWTlHS2ZOUDVFRnB3enVKUVU5SHNidHJLaXBNV3JCVGVHNVlrZWl3b3NpZEg0TGRDbFBHaW5XbjJfeDNSNFBtYXFLbkdFTzV2V1NjU0RTeXJ1QjdlNjN2LTFDT3pibmtOdV9TOUo4MHc1Rlhzdm5NOXlMR2lDdWpEcGpPcVkwemJLdw?oc=5,Garhwal Post,"Thu, 17 Oct 2024 07:00:00 GMT",2026-06-14T20:35:41.934944,insurance_fraud,True,False,candidate,https://garhwalpost.in/member-of-ukhand-safai-karamchari-commission-interacts-with-sanitation-workers-in-mussoorie/
insurance scam Uttarakhand,"UP, Uttarakhand to withdraw court cases against each other, says Dhami | Hindustan Times - Hindustan Times",https://news.google.com/rss/articles/CBMi1wFBVV95cUxNQ3hOQmhYNVFneDgtU1Q1N3lXRWRVN2gyUmxsWkRlOUpwaVFDSnBXRHYzRFdrbGpqeUM5VWdLN3BkTUtlRjJRR0RfYVFCWlRhVlhFRWdLVjVtLWpGSlp6SHh5ZWVMY1k3SUt4NDRFRThlaWhsZ1FHSk9vRUNHWW9mY3pMTjJLY05lNl9KRXhnY2sxeVJXcVdfU0hmaUI0SnFLOGVFOWJnT0pwRnhGRHRmUFdJLTUxcnNjOGtkbndiSDJxd2FrQzBFTTg5clhTYkI5VGRtUHI0a9IB3AFBVV95cUxQczNWT1JKQWxzTlNvcGtVSU1scDBUN2ZDQlpMSmR0dWkyUFlMVkpfOEtuUHVrbDUxZjhROFFISERJcUxIU1pCZ0UxVzl4aDdxQmNVbEUxenp4a3BsVzN6d0JzQnBOejE4TUxOZTZrWldtYmdqYjZBQW5LS2tUQ0Itc09yYVBXbzNTTFZZc05qVFEyd2J0R0hQTXE0N3ktODdPLV9acnI0aHhCOFN3THRhT244SFlPbnQyWm50el95VDhoZ0FqajNJT3h6WEpuMlNJSUJSTXJDaGI4N0p5?oc=5,Hindustan Times,"Fri, 19 Nov 2021 08:00:00 GMT",2026-06-14T20:35:41.934971,insurance_fraud,True,False,candidate,https://www.hindustantimes.com/cities/lucknow-news/up-uttarakhand-to-withdraw-court-cases-against-each-other-says-dhami-101637241182257.html
fake insurance policy Uttarakhand,Uttarakhand STF cracks down on organised syndicates in 2025; seizes narcotics worth over Rs 22 crore - The New Indian Express,https://news.google.com/rss/articles/CBMi5AFBVV95cUxPMFFxbWI2ZmZISWE0WlhOOE1xdVFNYS1JZWJiQWp5VTZaTUNvVEJzY3hRamg4allyUk9BcTM5Rkxvc19UcjVza3Bud05yaWY4NE9fdHRuTzQ5ZDF6VmN3ejN3N3o2S1dlaVQ5UURTNVhlOThUTDFtbzR1MVd6aTVENzB5djZ5WThlcG1HMEM3WmRobGZQX1I4c3VtQ3FOdjRncUNWU2FkVW84cFZnbGpScGx5cVp2alpZVHZWSnp1ZjAxblEzUGphRjg2dEx2VEEtUWRLd1lDSEEyTXNiV2NoNUZVUHrSAfIBQVVfeXFMUHJyUHVWTmNlYV8xQXJ0T2ZiVTZWeno2Vkt3aXc5OXVhTnZPN2kxdDB6WXBpVy0wdnNjdUxUSU1FT0hRV2VSMkY1c2I1LWpUQXFORXVVRXdqT1VoU1FRRVhVNXNPMm9tVERPRzBFNVYtZTVOTWg2YjU1ajRmWnQwYVJxWXVSOVhtZU96Z05RcDhYQjJoeHFxVFRXM0JmNGl2ZUVtSHJrVnNSb1RGeDJTMEQ1RU5VcGtOUjZUMVpKYUFxekl4N1AwcXdOR0VjZVlYcDZrRW5wdG9jZERHdHpDMmN4UTluMDR5czY1VjRWTkhBclE?oc=5,The New Indian Express,"Mon, 05 Jan 2026 08:00:00 GMT",2026-06-14T20:35:43.963787,insurance_fraud,True,False,candidate,https://www.newindianexpress.com/india/2026/Jan/05/uttarakhand-stf-cracks-down-on-organised-syndicates-in-2025-seizes-narcotics-worth-over-rs-22-crore
fake insurance policy Uttarakhand,"Rs 300 crore narco-terror case: Two arrested in Uttarakhand in joint operation by STF, J&K Police - ETV Bharat",https://news.google.com/rss/articles/CBMi5wFBVV95cUxNcDF2dEhidF96eU9hbDhoT1BTaGR1LWt2cEplaXBQRUFPZkgwU3AyMVUyZFBPcWVheXhGNWVfMFJjdkxRV2hERlBUQUlPdnhIUHlMOVh0QUZTRm0ybXNma1BMOUp1Sks0d1k4eUZscHdzWVF4d093b21pUTZUSXdKcEhoTXdESFBXS3BRVmFfSXhuUUktQjAxZmpRaXZRWUNPTVg1aEFZNm9UM2V5c3YyVEtOc09BODJ3VWYyVGNid0RyYTQ4VDU1T2pNY1RNUjk4NmZTRkhZcU9vUU9zZ0RqYWY1bjlranPSAewBQVVfeXFMUExaQkFWSTBoQmREanhxcldsOFpKQmhURF9mUWZ4UWowM3JIdGFNN2FNRkRjOVd0bnRsSUF3Q3NVWlJIMWFRV3lSaUh4anNnSncydElyZVVpM0JIdlZZQWNrdUg3MDRPM0NXc0Z3bnhudEVobkgtWXV3VHp5eXB5T0VTTVowdUlxSUUyVkpiTE9GSFpEQm9VV0hfOHhHWEUxTlFIamZTUmowNGk1QmJQZEpfMnJia0VHQ0Z4Q3E2WFNTTGhUdnZZQjR5LWpleFU3ZGtKRWZ3X1poZ25ZS1BjbnpXX0phN0xTcWdsUW4?oc=5,ETV Bharat,"Thu, 19 Oct 2023 07:00:00 GMT",2026-06-14T20:35:43.963908,insurance_fraud,True,False,candidate,https://www.etvbharat.com/english/state/uttarakhand/uttarakhand-stf-jammu-and-kashmir-police-bust-narco-terror-module-two-held/na20231019195138230230592
fake insurance policy Uttarakhand,82 fake sadhus arrested in Uttarakhand under 'Operation Kalanemi' during Char Dham & Kanwar Yatra - The Economic Times,https://news.google.com/rss/articles/CBMi9wFBVV95cUxOTEltdjdUeFFRUGFuQTU1ZER0cGlpVTBBUldQUjBhQWpnUG01VmltM1psQ0xrTFRtS19qUldJalVGeU1BczNXR2lnUjVTdVZ1RGpOaDl3UnItUEhxdVJrT0wzSld6ZE9XeWhEX0R4b2REellaS2xRbFVVaFZqWkYyZlRMQVlodXNJQmFGZk9jSUM0dEg0LTFMZ08xbDBVYm1NT2xfR0xIaExDZUg4c2hzcUJhVGpfcm5QUkw1UVhJMElFZkZDTEpZaFJmUUNReS16S3RYU1ZMRzF5QV9UNGFHbUNEckw1Vk1jYlBqRUtzQ19YX0hZVHdR0gH8AUFVX3lxTE9uSnBxamJtTDFyZWg1RjVkX3Q4dlpVZGo4U0x3WTVoTWxoVkNvWnVaT3EzYVdVR3U5Qm15aks4QVRiQm1EY1F6Nzl4bjhGUDlCWXBFNUZvNk51SGJ1VlBrU3dRTENVZ1d3NDlENWRGcFNnRTROTVNQOWI5MWM3eklfQ3YzVTdyb0tuX0FHTnFzMWxLdno1MDNXc2c2cDA2eUR6N0dMMWQ3WWlMQ0l4RXVmUGhqV1R0WWp3aE9SU01NRDctVGxKWmFXNWxvNHZIdnEzM29IcmlnS2Vyb1NrRjFjNHlNWjFxMV9sU0VkUDVtVldhTURCenZ2SGoxQQ?oc=5,The Economic Times,"Mon, 14 Jul 2025 07:00:00 GMT",2026-06-14T20:35:43.964100,insurance_fraud,True,False,candidate,https://economictimes.indiatimes.com/news/new-updates/82-fake-sadhus-arrested-in-uttarakhand-under-operation-kalanemi-during-char-dham-kanwar-yatra/articleshow/122433141.cms?from=mdr
fake insurance policy Uttarakhand,Delhi hotel fire: Garhwali chef Keshav Negi's arrest leaves Uttarakhand fuming; CM Pushkar Dhami speaks t - The Times of India,https://news.google.com/rss/articles/CBMi6gFBVV95cUxPRlBaY3hUcDhiYkNzVjVQdk9CcjhkLUNiWlpGQ3o5VU9XbjdkNmxHSHhXcTJLRkIyODJLbWVUc0h0MXpCaVJBeDQ4al9NYnA4VkU2a0g4VFoyMG8wNHVGZG1ReWh5SHVsSXAxV3lmVTBESWkySGdNaE1PVl81QnpxdlZ1dEd2SzBtcmM2Q0lLem13V2xjcHhFY2pwY3M2OXVBcmcxQlFiTHZteXJ0Z0xfZ0FYRDRNeXByb3YtdFVBc1RBX0R3cnhDa1p5UjhDVy1xSGFoYjBfMW12MlRZZUVpTTZDR0Y0aTZodUHSAe8BQVVfeXFMUFowVFZ6OEJVQmVWekh1SG1qR21JSm5VSzhzX1dyNWlkczRMUGJYM2QyWkpzalhjZ1BJcEdSaXU1OGNPRzhGNGdtcktoN2xOR2Zjd3FLV1RveFYyVXBQcWtIcER1dmxpVFdFZFp1YUNobDBESkl1a3hvSlpRbGlRTkNiOWdvSmlKZ1UwelBmLUdWX2FyeUhWV3g1WUVSWDZOOXpjYVJiTWhaNl9obDg1bkdNallsWVppMXB2UnA0dEs4QUw5ejQ2ampRQmg2NFR2eHNnbjhsckR6aXdvcjVzVE1qTHFtaFJLclg3bjhsUFk?oc=5,The Times of India,"Sun, 07 Jun 2026 17:31:00 GMT",2026-06-14T20:35:43.964114,insurance_fraud,True,False,candidate,https://timesofindia.indiatimes.com/city/dehradun/dhami-speaks-to-delhi-cm-over-garhwali-cooks-arrest-in-malviya-nagar-fire-case/articleshow/131571203.cms
fake insurance policy Uttarakhand,Right-wing outfit launches campaign in Uttarakhand to replace ‘biryani’ signs with ‘pulao’ - The Times of India,https://news.google.com/rss/articles/CBMihgJBVV95cUxObEVrRlY0WFpCdGp2T1FUOXBJWElSQ2VrQWR2MkR2bFpobE95dl9ReWswQV9YWDBNSWdBVTE3Z2xFd2FPLWN6U2NLTEt4OXVLM3V0OHNFcDNZWWdlb1NUb0xhdVlXMDl5dFJweWVNelFSRXQxSlJ6MDN3bGdxY3V4MXF0X0xVdWY1SkhmbzQ1ZFZSeFBieDB2LWE4c1JKNnJ4Uk1JYWVmWHlmVE5zbzV2elRfeWlqNzU0YVNxcXE4dHlYSEZycEEtc1hISnpMQXAwVVlmaFRMbHBjVEY4eUZNTVExckpfS01jNHRlcXVTMHFWdi0yZ3FsMEpoc0hDMjZzNWNMZldn0gGLAkFVX3lxTFBFWXlQMG0yd0staFFLODFlR3pqRDRuc2J1YkhnV0dBRWVlNUJrUEF6UEhpX2Z0ZU83dTJsRWNZM1hqWmZScld6VGs4Qm1mN1pIR3VRQ0g1WGU2bHZQekJwSExqMW1tZ1hpdWNwenhtelNGc2s0Nl9GTXZTY3VUU1hCZDNnRlFkZHhaLVBWbGVfX2R6aGlvM3Q2SHRfdW9Ja0k2azVpdzdSNjVsWG50dUVocHRwbTF5UmFfRTlXcmpkbjF3bkcxUmR4RTJPRF9iMENyYTUyT04tMXROMU5lc1F6bWJTeU1HTjFVRWp2QkVSNXVfTHZ5Zy03TDZibHJsWVZNX3dyMVlxcFVBdw?oc=5,The Times of India,"Sun, 07 Jun 2026 16:36:00 GMT",2026-06-14T20:35:43.964128,insurance_fraud,True,False,candidate,https://timesofindia.indiatimes.com/city/dehradun/right-wing-outfit-launches-campaign-in-haridwar-to-replace-biryani-signage-on-food-carts-with-pulao/articleshow/131570061.cms
fake insurance policy Uttarakhand,Dainik Bhaskar Group Extends Digital Reach to Uttarakhand with New App - MediaNews4U,https://news.google.com/rss/articles/CBMioAFBVV95cUxQdWR1THZEdXlJbDE1MmVNTm1TZ19oeE5UY3BqZTM1R3MwYTg0Z0JZTjNZT0tPMjZBbmk3c3V2VmRsNjN1VElOZDFQOHlQanZ1S1VDSjFvaEx3azh0dE8tSEVxZ3QxRmtrZWRvLXBzN1FnbDdtU2ZBRi1jeU82ajlrUmlDa3o0WTE5RE1FSzhjV3JuRnJYTUt3ckZ0TmhteXNo?oc=5,MediaNews4U,"Fri, 31 Oct 2025 07:00:00 GMT",2026-06-14T20:35:43.964209,insurance_fraud,True,False,candidate,https://www.medianews4u.com/dainik-bhaskar-group-extends-digital-reach-to-uttarakhand-with-new-app/
fake insurance policy Uttarakhand,PMKSY-AIBP: CCEA Approves Inclusion of Jamrani Dam Multipurpose Project of Uttarakhand - Krishi Jagran,https://news.google.com/rss/articles/CBMitwFBVV95cUxPVnNwUXFuRWJzcE04NkpGYnFpNGdCb2pUUzM2M1JqNUxNaWppalJ5TDV5RGZPV08xUGwwTVdtbnpwYWFLNkpRMkh2d2lBeklrZ1JmdV9sbXVyQVdieHRqTjVPZVExR0R3cmprZHlhTGxQMVFQbEZoakpJZGQySzRORzVmVzFUMjEyaWxQSmNQT21uRkxadTZaY2JKTWhUWkJlZGZhamNjQjdFTVFRZUNMclJmWDY2eUXSAb8BQVVfeXFMTm42NHhTR3dzZm9wNUJ4NUUzSWtVYXNZQ05MNW1qZWNzOUtxajhNaUVQUXFTVWIydmMyY0pBdWE4ZklPTHNRVWV2a1dYcTFfazdyMEM5QmN1c1dVXzNWZGdhcjRCb0ZBTEtoZXd3VlotZW5ObGJmM0p0RkprZGlJazFaU1J0My03S3YwM1E3RWFHX1NMZVJHcFBJd0RJQmpJVmJiZ0pNMFozMkhuU29JWGViSXRzUzNGOEwtUTdGdDQ?oc=5,Krishi Jagran,"Thu, 26 Oct 2023 07:00:00 GMT",2026-06-14T20:35:43.964271,insurance_fraud,True,False,candidate,https://krishijagran.com/news/pmksy-aibp-ccea-approves-inclusion-of-jamrani-dam-multipurpose-project-of-uttarakhand/
fake insurance policy Uttarakhand,FAKE ALERT: Photo from Morocco’s Tangier shared as Uttarakhand’s Char Dham expressway - The Times of India,https://news.google.com/rss/articles/CBMi-AFBVV95cUxQZEl4Z3FrM1hYbzJLb2RhanRWV0ZTaGdGR0Rhb3Q4eDY4NWh3dTlWMXV2LVFvaWpjSElabG43aTZWalcyQXJJNWcyRzJBZU04UVNFLWxEenpYUnJYT3Z0QThZSmo4UUVQRTJKWnRVdTJDQUlISmlUNVZCc1A4a3pkOVV1ZTJfRkU4Z2phUGlrdE5WOVROSl9XYktkSEdIRHhNalRncHVnT1p2dFpKRHZBSHZZbFE2c1VpNlVXNUxaejlGeFZDa3k3Qm9Vc3FSMWVjVWN0ZnRsbnRYUHIzajVma1lhXzZoTW5LQUJHc29lc0ZaUnQ1OFFtWA?oc=5,The Times of India,"Mon, 22 Apr 2019 07:00:00 GMT",2026-06-14T20:35:43.964340,insurance_fraud,True,False,candidate,https://timesofindia.indiatimes.com/times-fact-check/news/fake-alert-photo-from-moroccos-tangier-shared-as-uttarakhands-char-dham-expressway/articleshow/68986513.cms
fake insurance policy Uttarakhand,Horticulture Dept of Uttarakhand Plans to Develop 6 'Aroma Valleys' to Keep Crops Safe - Krishi Jagran,https://news.google.com/rss/articles/CBMitgFBVV95cUxPM21WZVlqaHY1WWNnMWl5dU4wV3lOVUJDWnJPOC0tM1hWZU5JNW9PLXpoVzZPRTBXZEtUWElnSkF3SDg0dnR1b0RBZHpKT2plX3lCQW9oRUEzVTBxQ1JMQkpDZWhtOFAyc0hyZkdnQ1VBY0hHdUNSallYal9NR0tzM3JSbmlwZjhyQUdZWm93VXRpTnZmcURoYmR1V1hFTFIyNnRabERRT3RmcTMydmZzblFrb0ZPUdIBvgFBVV95cUxNd1ZHbDVOTjZwajAzNDFHczhjdlhLNlFsLTJBX0RWYjQ2alBRLTd6MEJocS0yZGVLTWZSLUVnbHQtRTd0UDRNUzZtcWV4Um5hQTZna19VRmZpTWZzNXk4a1V5ak9uV0EwTlRqc0ozYjd0bFpETGowM05VMDhzNUFMM2pXYXBkZWVXOGxzeUZ4cGtCLVlPdDdQaURFeDM0M2ZWUTI0eFI0S1MzVm9yLXlES1JmcWtpdC1XQXNvaGJn?oc=5,Krishi Jagran,"Tue, 14 Mar 2023 07:00:00 GMT",2026-06-14T20:35:43.964406,insurance_fraud,True,False,candidate,https://krishijagran.com/news/horticulture-dept-of-uttarakhand-plans-to-develop-6-aroma-valleys-to-keep-crops-safe/
fake insurance policy Uttarakhand,"TTD laddu row: Uttarakhand-based dairy, 24 others named in final chargesheet of CBI-led SIT - Mint",https://news.google.com/rss/articles/CBMi9AFBVV95cUxQTmZCaGZiNHRTY24tdWNVamNsVWNFemcxVWtPTEVvdkJLeDF4MGtJQ3liZ1JWLXU4SjQ0NlJDeGxlUkZjRWZEdU45Z2lLSTBzcy1ZTVJDSlEyRWdaZUw3Vk5hcjBocmJ4WkhXMHhFajl4dGdaMFh0NUdBZkpQZGltdWtVbjlVMnRsMFpMWXNwcVJsRDFaaXF1cTVnNVRDR2xFMTRPeExSU2VybzktOW5EZW83QXBEajJTVFRINUlYQ2xVRlBqdkxycGlkcHo4dm82TGY0Qzl3MTN6WW9PYnV1UW9xS1RMaFh0Qms3MVh1X1gxeGRh0gH6AUFVX3lxTE1sMUlhNXhZV0Uya3RBakJsTWJwdjFaaHgtNDRaSjZBRlJxb2daNG41ZnM2dWNuSmJrTWc5SE9xeWVTN25WOGlzSFRrYTU3blhxOElDODJ4NVQ5MzlLTUhVdlNpa2lENmY4WVEydHJUUUVPMGlYZTZVTVJ6Ukc5OVd0VFB4dHRsNjJ4V2d5dzBSZS1VRjJJRG5MOHVUY29xdDVOcnhXc3I1d1NsMEZjZXd2TVZEaHgtS3M5UXZVbUs0UVJOYktGT0hYSVVpRjVFcE5Td0k4WDVjaFFXX0RMcnZTNEtSeEFyNnVlZmQyRGpEbjlmTVVGdzFJSFE?oc=5,Mint,"Sat, 24 Jan 2026 08:00:00 GMT",2026-06-14T20:35:43.964431,insurance_fraud,True,False,candidate,https://www.livemint.com/news/india/ttd-laddu-row-uttarakhand-based-dairy-24-others-named-in-final-chargesheet-of-cbi-led-sit-adulterated-ghee-11769229345626.html
digital arrest scam Uttarakhand,"Retired UP varsity VC virtually held for 12 days, duped of ₹1.4cr in ‘digital arrest’ | Dehradun News - The Times of India",https://news.google.com/rss/articles/CBMi7gFBVV95cUxOWkx3OUVtSzJZZ2pfR1ozckZtdVNZMGFiSjdKRmhNQmpUSF8ydFFZVlRUOUlPSzRpejVfQ3l0UFFZQnBCa2xHVmx1WlhMbGJWbE1tWXE5NUI1UkZBZnZ3Y0VMQXdFNjhFSy0zNkF1cnVVdkNJQXVNVzhVRlFZOFVZbnoxT1M2VnRYV2xUQUwzWWtHdEVFTnZwZUE5WlZ5clNtWXlVZUFWRHlxTGRQZHduMS16dThHeUl0Sm4zOU80UWtQTzBpSFFQZGRNWmg2NEktLW91ZjNSSTJHS21mSldHa0FSQkZmTVhJdkpHVlJn?oc=5,The Times of India,"Mon, 01 Sep 2025 07:00:00 GMT",2026-06-14T20:35:47.907148,digital_arrest_scam,True,False,candidate,https://timesofindia.indiatimes.com/city/dehradun/retired-up-varsity-vc-virtually-held-for-12-days-duped-of-1-4cr-in-digital-arrest/articleshow/123639329.cms
digital arrest scam Uttarakhand,"'Longest digital arrest': 'Fearful and isolated' Nainital professor trapped for 18 days in house, duped o - The Times of India",https://news.google.com/rss/articles/CBMi6wFBVV95cUxNQm13b1paNi0tMExycTB4a1pFdkY2cDZYdmxySFlmNmI1S1lkbTZ1ZzQyOENFVDN1YXhKd2laSlZYSkU5VlBMZWJ5VEp6c3hrUEdOVG5acHZMQU1mYzB1LXdVYXNGR0E1OVpCYTBsaGhKdTZTb1E4SFhNZHZaTnlZVTdiRTJIM3ptX1lhcmJ0ckxmUWQxZklTLVRMVzJaS0ZYWU5fOTZHTjJZaE54UlBzTHRUQWJrTW83ZG1uczhHODZFTWRWV2h5YzBmU08wQVBobmhqb01wU3FxYl9RaXhQVWZPUjEwMy1kSlRr0gHwAUFVX3lxTE9FcEI2Q0I2RmlnTEhtZVZZVkZROWdYZ0xCRlJrM1hDY0JlYlUzai11MkNaSFRPMl80VVUwOWFka1dEQ0oycnl4SkFxZFVOSlJOWllTZkxDRUtwTkNVa2NZdXczX28wbERwM1d1MXhMVzg1d0ZPb3lBZkRHalVSSjc2bGF5YTRNZ1lidncxM01Qa3o5d3pCdWtNbnNob3czcmhQZUdBMUlkcm5Sb05HbVBrbk13UjFJZDZUSmYtWDhTRnRUYUVZNkFKbzA3ZWtGSVR0V3dzN1lfZzhETjRwdEliNW9ldkQ2WUNIa2lmQno3Vg?oc=5,The Times of India,"Fri, 28 Feb 2025 08:00:00 GMT",2026-06-14T20:35:47.907249,digital_arrest_scam,True,False,candidate,https://timesofindia.indiatimes.com/city/dehradun/nainital-professor-trapped-in-longest-18-day-digital-arrest-duped-of-rs-47-lakh/articleshow/118610025.cms
digital arrest scam Uttarakhand,Jaipur teen caught for duping Dehradun man of ₹2.27 cr in digital arrest scam: Police | India News - Hindustan Times,https://news.google.com/rss/articles/CBMi4gFBVV95cUxOSndObWFUWjlKRHh3QWlrWm1VRmxLekNNSm52S2RROXdsMmZjYmM3SE5KRTk3MVBfTm4tVURHMW9BVzFtUVBHb1dNb21nWlR1SG5Vc0d0OFRtYTNCOTdiWXdQYW5KaWVva0VNVUo3VFBsUFFpV2VyaXNTMWhoUllRMldWZ3NNc1Q5M0l4RHR2NEdjYkFQSncwMlNPeWp4Qk1wNmF5WHBLMGoxMGF1ZEtmNlVZS3ZrRHFXamNON1FfM1VhS0YwLTQwNjA4WWUwVEt0NUNzV3RmcWhselNQZm9PVjdR0gHnAUFVX3lxTFB3dTdOWWFVb2pPSnNVd3VLQmpVQWVwNEsxQ2VRTUZUWTlkdlNYNTJ2VlhVMWphQzhOLTlHb2VIOXl3OGNJallrMkQ2eGxCbkxzd3NRWHI5dWVYNVg1UG5LODByTFMyVW1QU0h1WTVuMXJ0VkNVLWNXaUcxY2YwUFNqc3lLaDNraXA4bmtDM3JUOGVicVNyM2hGOFNZZExmb1FxVEgxTmZuVEoydHp4QjI0ckpST1luX2RaWm5kTDZBUWh5dlFkZWdIdzN4ME1HUEg1dVdPd3F2dmJwVF9fSEttWG5iTEtzYw?oc=5,Hindustan Times,"Mon, 20 Jan 2025 08:00:00 GMT",2026-06-14T20:35:47.907514,digital_arrest_scam,True,False,candidate,https://www.hindustantimes.com/india-news/jaipur-teen-caught-for-duping-dehradun-man-of-rs-2-27-cr-in-digital-arrest-scampolice-101737376277134.html
digital arrest scam Uttarakhand,"‘Unable to protect your own people’: Uttarakhand HC slams govt, orders transfer of police staff over mini - The Times of India",https://news.google.com/rss/articles/CBMitwJBVV95cUxNQUk2eENCWTl2bnFDa3NMbGJhYjBnTEdVV3pHc21kV2gxYlVXTnVueHdXLUJMOUwyREFBdG5NUUQ2Wk10Mi1tOVk4WC1DLVVtS0JlUTFfRlBvWDdsZVV5aVpEcnlvZUFoQTlXNWdjRUM3T1J0cVRyTl9EWDlDMVMtdVNpa3doWTRTeWN2NEpFblNxMk16SklRbXNEYnllWlhfYWJrWlRxWUFmQmlULXRUQlJ1RzNqd2JVUFFPSW1uT1Qtc04tQl9xcURpYkhJQXVaRjJ1UWJ4MTYycjlKVGphdlVpbGs0ZjNIT0xRaGZOUzlfUVZTQW0ybDliLW1GdG4zbEFXN2lJM3J0Z1lTUlU5SHYyV2dqQUN3WmNJZkxFd2xTb3BfU09DSTlWWDJXaFlFMUMtUEM1d9IBvAJBVV95cUxQODdkYXJwYUJpVktINGJRaW9PQ0hiOUxzbkk2WHlYRWlwNG5wMDlMYUZMNFVKNVljaHB4dTg3R2w2WjBkcU1lS0lRcjd4TXBEX2NKY0ZPZHBKb01CRkFQSTlELXhDQjlFWmNEQUpoXzl0REtoRXNsSHVXYklMVWdaZFFxWHI1UnRiZTAxLUlQMUZVS0huWGUzcWVZb2tnR3pRc0YtRlBsWUdGVks2WHZ5SHpKLXVDLUZYSXhqTjVfbXRoVmdDc3VOR0NRU2pCUWYwMnZKV0pfUVgzc3lPS05XcloyNlEtTlVvVU1CakIxZkpjRzgxa3FadVNGeGxHTGtDTWVzaGlBSVliVkdIR0VReEdtWUdocGxPdVNFREVlRlJMWkpJM0ZROFVOVjdkcWlDSTVLdHZmRl9KWklO?oc=5,The Times of India,"Sat, 14 Mar 2026 07:00:00 GMT",2026-06-14T20:35:47.907584,digital_arrest_scam,True,False,candidate,https://timesofindia.indiatimes.com/city/dehradun/whats-going-on-here-you-are-unable-to-protect-your-own-people-ukhand-hc-slams-govt-orders-transfer-of-police-staff-over-mining-mafia-fir/articleshow/129562122.cms
digital arrest scam Uttarakhand,"Uttarakhand: Haridwar’s 2027 Ardh Kumbh Mela to feature 10 major bathing festivals, dates announced - Telegraph India",https://news.google.com/rss/articles/CBMixAFBVV95cUxPQXE4anBIb202N0EtVG8yY3IydkpkWktIT3pNQVAwMWEtRmh2MktQbVpDMVMzZ1A0UG04eksxMF9oQmF4cVEzZ2xabndMbU10aGFBdUpZQWlTbV9oR2JkN195a19pOGVLbHMtaDBmS05Eem1Nc0R3SE44amU2VmxZejZwSUZma3hfQVdpUktBSklDT3VSaldpVDBoanE2ejFJd1ZtTWRmSUl2T2ZreFl5NEVPSWZlVlZwMWMwTmE1RFhZdjVz0gHKAUFVX3lxTE5uLUVsMVZ0MFludVZFQ0NaTzc2WEFfM211dmV4eUJ1TUdRR3VDbnEwWnpycGRERVp3QkFiUWctWkVBNVd0SXlaa0NfM2RCcW4wM1gxWjA0dFl5Z2ZlQUZvWjhLejBvZjduN05MN21mdlJYMERDYmhialRkalJFcHhQNU9fY2I4dkNRM0tadWc1RFNfbDd2LXlJWVBfWDUzZTVjMDhWakRvazRncHZMRms5ZFlva3RUT3VyTEFsbWJwZzlkUmZqZzhTNnc?oc=5,Telegraph India,"Wed, 15 Apr 2026 07:00:00 GMT",2026-06-14T20:35:47.907595,digital_arrest_scam,True,False,candidate,https://www.telegraphindia.com/india/uttarakhands-kumbh-mela-to-feature-10-major-bathing-festivals-dates-announced/cid/2156161
fake sms Uttarakhand,"Parked Since Holi, Saharanpur Car Gets Traffic Challan Of Rs 4,000 From Uttarakhand - ETV Bharat",https://news.google.com/rss/articles/CBMiywFBVV95cUxQbF9FT3ZkSlA3WjZ6dDlYdjg5ZjI4Zjh0VHVvUWRRQzdaUndVc0dtOHVxODNCUVdCbTRTVEJkYl96anVqZzFWZWNPSjU3QnBKRWU4UjFpQXZwRFRUOWxneFJCclJZNTJjek5CZVUtc3FJWUp4Y3dNVlViUzFvcEU4VVdXSTZ3TUxIMlJTazEtMElvenhXNER4UU5oQUZYVHNFaDNJXzJnblQtYmxRYUZTUVdyZ1czTUVmV2JCRHQ0MmpSeVdUZ3BCYU5MTdIB0AFBVV95cUxNUG9mazZUMkJwT2swMEsyUTVXZ1Jtck5talZLMTM4MHlzdGlKUExuaVFwZTRIMVhPakdXY0NTZFYwRVlscWsyWjRaMUd1UjUxb1FpZDF4X3Fjc2MtYWpWOVJJOEJqZFJPRmVDdmFVeWRBdlczOFpZLUpZa1djVnliYWxGZXJKM1RCcVhoSXFZendpWmVocUplTWZ1Z2xuc0NyeXFiUlZadThZSVJzNmFxQmtNYTF2TG9RM1Y4eEJvZW5aRTlLSG9RbGNVQWYwbjYw?oc=5,ETV Bharat,"Sun, 05 Apr 2026 07:00:00 GMT",2026-06-14T20:35:53.362858,smishing,True,False,candidate,https://www.etvbharat.com/en/state/parked-since-holi-saharanpur-car-gets-traffic-challan-of-rs-4000-from-uttarakhand-enn26040502260
fake sms Uttarakhand,Uttarakhand Board Class 10 Result 2026 DECLARED | UK Board Scorecard Download Direct Link - NDTV,https://news.google.com/rss/articles/CBMif0FVX3lxTE0xZWo3bVcyWEZraHJVaE9paklRN0tlUUtHbW9VbUtpZ2drUmhaWWlzcGliWmp6M09rQjNGZzdvX2txb2x4cWdrZEFndTJwckplNVVjVjVVTmwtcExGOUlRdXNmNUdheGZSaU92T19JaFdGeldLb0EwRHltRENoOTg?oc=5,NDTV,"Tue, 25 Mar 2025 06:17:52 GMT",2026-06-14T20:35:53.362933,smishing,True,False,candidate,https://www.ndtv.com/education/results/ubse-uttarakhand-board-10th-results
fake text message Uttarakhand,"Uttarakhand Police Book Fake Social Media Content Creators, Rumour-Mongers, Bust Pickpocketing Gang in Char Dham - HimbuMail",https://news.google.com/rss/articles/CBMipgFBVV95cUxNQnRZOEtoMnpKREE4UWxpdkpubjEzYWxOVUdIOWpwbk5xdlIwejRtM2dxQzlPQmdFdUlZU0xmTlRua1NZVDk5cmpRNFVVWXAwX3Izc0pvUjFONFhhaFgwTktlSUQwd2x3S0pwMzRQUWtaMWFVWnliZUMwc3lfQmlnX19USzZiQUJ5MmlidWpHQTZHRC0wLUFLRnBlVXNPWU9KSktyQ19B?oc=5,HimbuMail,"Tue, 28 Apr 2026 07:00:00 GMT",2026-06-14T20:36:00.255385,smishing,True,False,candidate,https://news.google.com/rss/articles/CBMipgFBVV95cUxNQnRZOEtoMnpKREE4UWxpdkpubjEzYWxOVUdIOWpwbk5xdlIwejRtM2dxQzlPQmdFdUlZU0xmTlRua1NZVDk5cmpRNFVVWXAwX3Izc0pvUjFONFhhaFgwTktlSUQwd2x3S0pwMzRQUWtaMWFVWnliZUMwc3lfQmlnX19USzZiQUJ5MmlidWpHQTZHRC0wLUFLRnBlVXNPWU9KSktyQ19B?oc=5&hl=en-IN&gl=IN&ceid=IN:en
fake text message Uttarakhand,'Send Him To Uttarakhand': Akhilesh Yadav Calls Uttar Pradesh CM Yogi Adityanath 'Infiltrator' - News18,https://news.google.com/rss/articles/CBMi3gFBVV95cUxQMzNVR3RKa0lYX3BtUlIyNlJENzF2dTV3Q0hVZThTSzNDRmZXSVB0eGdwaDBva0RENmhoNEtOQXF5U0cyM2pnTkw3TXdPTjNIQm1vSUExdmRVbWhNamhmZjJOMElyXzZSN0ZQUHpyTUNfV21YS3ZuNDNWMUU1NkVHZ3hNb0FfTTJoSUxOWXdoTElqTlhMMDJZWF85Q0ZudnB6VkdmUVBMOE1JN0M2MVA1TUVKa25mMU1pZkRtV1lwVUdTZ18yR01mVmREUXJqLVpHbDU3WG5GUWk4eFM0cHfSAeMBQVVfeXFMTVdEZUI0WWpFQlJfVWFqeFNUc080djZrM0xwQlM5TnpXYldkRGVVelV2SDVHSjE1N0J5YmRhRE5XOWtVX2czdkdvQlFtdENiem9uUDVqd192Y1RiY09oSkVMd1Rrck5RdjNrZDRDazNzeUwyOEI5S2ZwZzc2Tm9kRnM1VTVHMU9kTXJyNDF3NEI2ZE5WTTBiMVZzNDNCMnZNRGdWcXk5S254TTh4bWZPQXFiTE5ERjNHVU5XbTBrTDQ2RURTbmJyUTlUS0tIOTRWN0JrWW9xOG5tVEJraHpfWDNCY1k?oc=5,News18,"Mon, 13 Oct 2025 07:00:00 GMT",2026-06-14T20:36:00.255458,smishing,True,False,candidate,https://www.news18.com/india/akhilesh-yadav-calls-yogi-adityanath-infiltrator-from-uttarakhand-demands-he-be-sent-back-to-home-state-9631732.html
fake text message Uttarakhand,Old video from Haridwar viral as visuals of Haldwani violence and Muslims demonstrating against UCC - Alt News,https://news.google.com/rss/articles/CBMipAFBVV95cUxNclJzWGt5QWhHa0R6eHBVRXRjVi1VakpCREpUUlFHRGRKLWxaRW9YMVBWNWhPcHhLaVRkVXgzdmlCeGtxaHRITXAtZzJ3RWNrdndjcmlNR1RtVnV2bGZJUVFIWnZsMXp4ZFY4OVRzN0s4d1VDWUhqdzdESzBWbV9ocEU2YXBFanQwanJaYkJJb3BsVjhkRnM5VGFUY1ZSNExSRnRQZA?oc=5,Alt News,"Wed, 14 Feb 2024 08:00:00 GMT",2026-06-14T20:36:00.255475,smishing,True,False,candidate,https://www.altnews.in/old-video-of-eid-celebration-in-jwalapur-falsely-linked-with-haldwani-violence/
fake text message Uttarakhand,Photo Of RSS Relief Work In Uttarakhand Is From 2013 | BOOM - BOOM Fact Check,https://news.google.com/rss/articles/CBMi2AFBVV95cUxQR2hKQnRDa2NmYmtDdG9idkpmVnNVZjVNTWtwbnRiQ0Q1dTNsVmJ3SUl0eGpoOVBieW5kaE9TNkVaWHF0YVpUdkZya0hLelJpd0NTMnBTMkhkYU91X2pqWFQ4OVFtYnlZUHU1aWM1bFdIUU9hWF9EUU8tZV9TdllKSVpxQ2gxZ3lFUVg2QmlGWTFpMXlheDRFQURScGNjeHNPZ0hvZ1VuU0pncjc0ODdKS0NGc2Y0NGhUV3JLNHhXZnhMNzVxVXZwU1BzWnBrNVpSTTFRa1d5ZU7SAd4BQVVfeXFMTTRpbU5TdDlxWHpnd0paaG5BVkZHSy1yOVhYenF0eld0QlF3cmVDRWkzZElJLUhZcWpYWTJoYnNNZXh6d2FqQ2xDaGlPZExSNy05OF9DUVNwaS1hXzJraU9XdVMwOU9RbHVIY20zdmI0WFFUU21rQVhienBMcFJyeUlOVUlpZkhkT25Ndl9PUHVMTXRUTnh4WFdsZEt6U0V6cUd0Q0c4ZnJ4R2FUNDd4dHlsVktocDlIdEZjeEFBWm9TaWg3bmRKWHpkUWdITkZIeHFBZVhBM21ycEJJNFF3?oc=5,BOOM Fact Check,"Thu, 11 Feb 2021 08:00:00 GMT",2026-06-14T20:36:00.255484,smishing,True,False,candidate,https://www.boomlive.in/fact-check/uttarakhand-glacier-burst-uttarakhand-floods-2013-rss-volunteers-workers-food-and-relief-viral-image-11916
fake text message Uttarakhand,"Uttarakhand Medical Council flags 'use' of fake degrees, files complaint against 2 - Medical Dialogues",https://news.google.com/rss/articles/CBMiywFBVV95cUxNcExjdWJfMGV2SkxtZFFtX3Jrdy0teDBUVjRBbUpkc0JwY3BWX2IyTkQ1VVVNS1VZRC1ReFhSMUFIWDBlTVFBZzZuZ1VDenY2ZWFDNWU5bVJacnNhMjZWZ2tuMUxHZkZTaHkxQW9mQjVnYzBJSEFRYmdDcFZQSEFCRDREUndqRVo3bjRBQUVhcHRTcVNfVnNxVDhyVzN4QnVQZnRfcXNyT05iXzNZdXRBekM3bTNXS2JQZkFOUlBiTEc3bU53SlV0ZHNrMNIB0AFBVV95cUxOYlRSN1YtVzlKZ1FRamhiaTY4SkMtcVdHU3QxaHN3cWZWb0JoSTVQUUdVTEZ3dVFnU1p3Um5fV2xGUVZ6Q3YwNkoySW5hWFY3YlljdnFkV09qcGpWbEJJaHNmUS1wOEx0UmxaUjNtZjRLd21HcUtQd2xySjVYNXNjd1NIektRRGMteW9OZEFUbmhlWEhXellOT0c0b0owdjFtcnd5dURnSTVaUGNsZ3ZGZF9jcmdsaXVPaUwzUmxfUHZFTnk3eUFTOTJjTzZEOC1L?oc=5,Medical Dialogues,"Mon, 25 Oct 2021 07:00:00 GMT",2026-06-14T20:36:00.255494,smishing,True,False,candidate,https://medicaldialogues.in/state-news/uttrakhand/medical-council-flags-use-of-fake-medical-degrees-files-complaint-against-2-83617
fake text message Uttarakhand,FAKE ALERT: Photo from California shared in the name of fire in Uttarakhand forests - The Times of India,https://news.google.com/rss/articles/CBMi9gFBVV95cUxQUEdraEIzel9BdG02WFRRSWdMRk1DcTN1Ymk1MGNoSFRiTzhTV1dRVkZYdHUzZTNCRThVQVMtTnVBc2ExM1gteW9ZMThNMzRZSUVsZUVDRW5MOExuVEt4UDdWUzNETHduSTRUaXVzZUxIUWRaRXY2SU5hVGo4azZnVjJkbmdXc2hJNU85RzIxa08taklrX1VaQk1xdk9TTDZFQ0FVc2pGWTFVRTZJNlVDWlppNXltZEgxN201Q09XMDZqOFRPZWpXbk40dXh1QV9RN0ZrdXp2RTNpNVVLM0Fzb0l0NGtGZlE4QnpDRHRXU2RYYUVkSEHSAfsBQVVfeXFMUFVCNGVfZE9TMGo4Ukcwb3FjWHgzeGg5Tk1FNGotcG13VTZ5XzZWV0ZpZkZpaTF4di1iSHBOYjZma2pMMzZiX0tseHJ5cmw1OWc2dTFSTzZyazdNUXRpX2xDYlg0UFdfV1ltS2dwdzFnenNtRkh6OWl6UmxVU0FJMDhwNHN4cXI4aEtwWjlDVkFOdE8xMW9LU0M3NzU1aXpGRjl2YXQwbUpMa2xtenAza3RSNWN6VWRudmpkSk05dmpwU0stdG9laDFGYkxNUW5MWHBSS1o1dWZsZnhVR0FsMDJIUmxmbjdqWVZRSUpSOW82Mk1wazVKdFNJSUU?oc=5,The Times of India,"Thu, 28 May 2020 07:00:00 GMT",2026-06-14T20:36:00.255589,smishing,True,False,candidate,https://timesofindia.indiatimes.com/times-fact-check/news/fake-alert-photo-of-california-shared-in-the-name-of-fire-in-uttarakhand-forests/articleshow/76072846.cms
phishing Uttarakhand,Mussoorie Forest Scam: HC Notices Expose a Crisis of Governance - The Probe,https://news.google.com/rss/articles/CBMingFBVV95cUxNRnoxYTZBdzFvWlg3M1ZiR2xfYURGTjFsYXBjektGUURUTk94YUJfMXBxemhpR3JsSXc5RmJ2T1JVbXRoU0U4TFAxb1JpYmdtMTVSQ20tQ3gzT2tiWlRWOEVGdTNSRl9URjZYRHg0bFVCMHQ5YmpicFBMQjgwTE5hZVotY3lSSGMzaDVvUXB0VHJKNk9hZGdRN3JXempIZ9IBngFBVV95cUxNRnoxYTZBdzFvWlg3M1ZiR2xfYURGTjFsYXBjektGUURUTk94YUJfMXBxemhpR3JsSXc5RmJ2T1JVbXRoU0U4TFAxb1JpYmdtMTVSQ20tQ3gzT2tiWlRWOEVGdTNSRl9URjZYRHg0bFVCMHQ5YmpicFBMQjgwTE5hZVotY3lSSGMzaDVvUXB0VHJKNk9hZGdRN3JXempIZw?oc=5,The Probe,"Tue, 13 Jan 2026 08:00:00 GMT",2026-06-14T20:36:01.967029,phishing,True,False,candidate,https://theprobe.in/impact/mussoorie-forest-scam-hc-notices-expose-a-crisis-of-governance-2109037
phishing Uttarakhand,"Accused in Uttarakhand's LUCC scam, Shabab Hussain now named in ₹4.44 crore cheque bounce case - CNBC TV18",https://news.google.com/rss/articles/CBMi0AFBVV95cUxQcWVkZ1ZZNk04NnhfS2tWNl8wOG1NUUxxbTUwbE8xNGN4aWp4OWluV0E5cUxxTDNGUndGODhTYlNPZnA1enlUUDc4a0hHTHJFNDVkQjNmN29NU2ZaYlpDbUtubm1KZ2M4OGRGVnJJVHVsQXhUUzk5Tlp1MTJiT0dPaUVxTFlRczFudXcwTzRlY09wc0h3cmhibUNnRVJfbmRLQ0U4VS1KRkh1VzB0T1U5OGFmZWZVX19JM1hEelk2QXpHTF80MmFtTE0ta0taSi1k0gHWAUFVX3lxTE5WTDIyZnRnbWdoX0ZvOEFRdVZLQ0NXZExKRWs5b0FUdE1SZjlKemZLc1pjYlEwQi1sN3FEU3Ftc2t2ZklJVEZuUUFYZi1QV196c292ZXppdTR3Slc4d3c3aHY1VjhHMFJXVlBYVkRKaFZ2Q00tc2s5WlhlVkdCY3Z0bFdtWVRKendxN3djRmRpaXFTcXp4S1lVamhnX3M4d2tmYWJoVnBPaWNabTBCNm1KZm9wd1pZWVRJZDVxcFk4TEZLQldvRmJFYzFvaUkyQlJ5UnNwZnc?oc=5,CNBC TV18,"Tue, 23 Dec 2025 08:00:00 GMT",2026-06-14T20:36:01.967157,phishing,True,False,candidate,https://www.cnbctv18.com/india/accused-in-uttarakhand-lucc-scam-shabab-hussain-named-in-4-44-crore-cheque-bounce-case-ws-l-19800595.htm
phishing Uttarakhand,Whistleblower IFS shunted after exposing eco-tourism scam in Uttarakhand - News Arena India,https://news.google.com/rss/articles/CBMiogFBVV95cUxPcjF5aDVrZ1RhN2ZVUVMxTE10WFB2d3FWcE9rWm9sbDAwQTF3SlFUQVBZMFpNUEw2VEhXNjBhT2w3YlJUb1VDNVVjNWdfNEh1YnRkUkNzZWJVMmxscWpjS3Q1WEZKUmZ1R2UxWktZbFBIUHNvOXZ1REh5MWc1UXhCMV83OU5qYzdsV3JkdUM0azBWS0FpRjZjejloWWJSSmRtY1E?oc=5,News Arena India,"Sun, 31 Aug 2025 07:00:00 GMT",2026-06-14T20:36:01.967170,phishing,True,False,candidate,https://newsarenaindia.com/nation/whistleblower-ifs-shunted-after-exposing-eco-tourism-scandal/54986
phishing Uttarakhand,Two IAS Officers Suspended In Uttarakhand NH-74 Scam - NDTV,https://news.google.com/rss/articles/CBMilwFBVV95cUxOREpNNVBFMU56UjdMbTBPR3hadE9pTFZJMV9uVUZ2UExubmpSdDhKTXlMaU1zRWF5QjdBWHZFVkw0cVNtLXZ5RzZyMGRnUzdyeXJNR3lHUC1ZM3NRRHJrUFc3RFZTRDVrUURoaWVZTkx4TEZ5YWh3bmY2dENpQl9GZ0NFWERmMXZKcTZraktHQmdDM3JIVWdV?oc=5,NDTV,"Tue, 11 Sep 2018 07:00:00 GMT",2026-06-14T20:36:01.967497,phishing,True,False,candidate,https://www.ndtv.com/india-news/two-ias-officers-suspended-in-uttarakhand-nh-74-scam-1915031
phishing attack Uttarakhand,"No liquor, no leniency: Women enforce booze ban in Uttarakhand villages; impose Rs 1L fine, social boycot - The Times of India",https://news.google.com/rss/articles/CBMigAJBVV95cUxOY3AxSzFqblF0WEtXelItdGo5cWdoRF8zNzJOa0g3VlpVUEc4NXlPZk1OSmpneGlwS28zMC1ibTczOHdLZHVUU3Y0cy1WRFNhQmkyN1pZNDg3ZWhjenB0RThaRmNHZWRmdS1aQWFYTUdGazhMVkI0RGRmc2daOTJIdlNGZm5Iejh3NVdJbml4OHB3NkFUa2J1Rk1lWE1PWGVxUGgwTHZMWmpWTVJfbzFsNEt3SXlBWGtKSzlvOG9PMDBUOTBDNmgwS3VWVFNGd1pQdV9RZnlJdm83WjR3QmtILXR2Q0ViejM5MDZyYzVNTzNTTlJIVU9RT1dkRUgxeXVN0gGGAkFVX3lxTFB4RVc5bE1CRF94Y1BVZ0hDT05xNlpjWElXdHV4WlBlOGhvMHl4cWZaWlBDTDJtTUtUYlExTkQ4NVY4aTlSWi1YaFV2NVZtaGM1U1cxWDV6eXU2VzhCZUhDRUJvRzN3VjVnNVdqaGVMN1ozSWxFaVBsbmlvWHJoN3pKTjU3aWk3cHRpbDFjODhuMmJPbXBBY05xOHJJaG1MMXlManVWMTJYNWl3UHlpUnp0Ni1Pakw1dUdBcDRxN21UdWlISXJvczNkT2dabHRNZ2dIdVJGaF9seXlIdGlLVV80VXVYMmJjYTNuVmcxS2l2LVFKVDNKMUlZNVRxNWNUX3Yyd0FBdkE?oc=5,The Times of India,"Fri, 09 Jan 2026 08:00:00 GMT",2026-06-14T20:36:03.807063,phishing,True,False,candidate,https://timesofindia.indiatimes.com/city/dehradun/no-liquor-no-leniency-women-enforce-booze-ban-in-garhwal-villages-impose-1l-fine-social-boycott/articleshow/126419836.cms
phishing scam Uttarakhand,Police Face Challenge In Probing Email Bomb Threats To Uttarakhand Courts - ETV Bharat,https://news.google.com/rss/articles/CBMiwAFBVV95cUxQRW9oVmxJTkdjdkR2UjRqV0ZybElQc0F1eDV3Q0lYUFg5d2ctNFZqYWNnUVJJS2Jid0xOVmxoNk1PZjJneXpha291U3JBQU5PQUV2dTZRbXozQW9jUlVtVWs5ZlRKcUNFY0FoQl9xV2gtV3luaUlyOFg1MzRHbGt4Tll3aEM5ZU1qTUtNYmExWjlCSlVlUHRCbzd0cURzc3pVQzIzbm0zT1lRa0dBWXIzOFVqLXZMaXItVkNnZW92a0rSAcYBQVVfeXFMT0NyOFN2bXlGUV9Jc1VNbVpSSTMwNEFlVzZaeU9DVTZHa3d2QXZPTXhoM2tWeUxibnhOMW4weFRVZUhZWUQ1TEthdFRjcmpod3BDTFRhWFlLNjJPMTlRUUdtNEtSTS1xYklweVllTlM0WExSbEtNdTR6RUZIbXliWEsxR3JJMkNkRVhSeFR4bTRKMWxaaEtIUnRsNzdSQmZ4eUhzLU9SeU8wb1NuV0xaNExSdVBXVUdkLVJsRjM5bHM2YWpYWV9R?oc=5,ETV Bharat,"Sun, 22 Feb 2026 08:00:00 GMT",2026-06-14T20:36:05.788385,phishing,True,False,candidate,https://www.etvbharat.com/en/state/police-face-challenge-in-probing-email-bomb-threats-to-uttarakhand-courts-enn26022202313
phishing scam Uttarakhand,"Gaming Fraud Network Linking Rudrapur To Dubai Exposed, ₹5.54 Crore Defrauded Through Apps - The420.in",https://news.google.com/rss/articles/CBMijAFBVV95cUxPZUJNbExnR1l1Q0ZMay1nZlR2dmFhNExLVUxSY0dxNkhMOFcteWxIOGtYamNWbENTLUVSVmRZanJ3eWptb1l3Nk1DV3FyTW55YUlpVlktR2poYlUwVVR0a2xWZW1naFNlNV9DODJ5X3p0b1M4dXo4SmN5aDBfbFNmdlZPZlRlRVY4eWxZMQ?oc=5,The420.in,"Mon, 08 Dec 2025 08:00:00 GMT",2026-06-14T20:36:05.788742,phishing,True,False,candidate,https://the420.in/rudrapur-dubai-online-gaming-fraud-manjeet-singh-cybercrime-probe/
phishing email Uttarakhand,CBI ARRESTS FIVE ACCUSED IN LUCC CHIT FUND SCAM OF UTTARAKHAND INCLUDING A KINGPIN - Face2News -,https://news.google.com/rss/articles/CBMirwFBVV95cUxQcDNQeXFBZUVSMGdNSDZBY1RMTnhDVmtuV3lNNFEwMDV5TzdWcXdMRFBZbF9CTnV4VU5yU3lPMVJCci1raE1reXo4Y012emlmVktVWEVMVEpQbHZYM1VqTDNyVUhOZEFod3Bwam9HWDhGN1d0QTFva3ROaWJfbU9uR09EczgxOGtiM3FwRE5fWG1FRE9YdTMxUUVTVDE0V3ljUEdJMGE2S2FPbWRPNnFz?oc=5,Face2News -,"Thu, 14 May 2026 07:00:00 GMT",2026-06-14T20:36:07.796846,phishing,True,False,candidate,https://face2news.com/news/cbi-arrests-five-accused-in-lucc-chit-fund-scam-of-uttarakhand-including-a-kingpin/
phishing email Uttarakhand,Uttarakhand: Chhattisgarh man held for cheating retired Subedar major of ₹34.17 lakh | India News - Hindustan Times,https://news.google.com/rss/articles/CBMi3gFBVV95cUxNOVMtUk1lNHRQSk5UVURKRlRaZGgxVmVSajc3M2VxNFBGMl8xOVNiX2I5SkVtcTJwczFaYzNMXzNzdWtlQ04wTWdjcnNuXzg0ajB2QlNrTkdMRnVnSnlaZk9UZ042cFBSZGNkSEJ1Y1J3Z1BRS1M1al96TmY2dGpGUHpMdTRmZC1JNXF2VXMyV215ZzZtM29oMVlMemRjYXhzQVJKaGlyUGpvRDZubjFpTmZ0YjYwMWxobXlOR1ZtS3FrbE8zVkVDLW9FVC1GNDVFR0NrZ0ptNXNacmF3QUHSAeMBQVVfeXFMTWwweU9lMS1OTFRRbXZEc2NfQXpDRmYxY0xxclBFQm0tbk1oZDBHVnhUdnR0U0JONXJRbWtRWTdzc3VPcl9PajNhS3ZabWp5RERmZllKWTl6NkVmUUl5ZFZOQ1FNcEticmlNSXlobV9uWXVReWMzakxSdlhyQ0Q2QmRta2N3WV9qaEg0Rll5b0dVbTVTYmg3aUZzS0RFTjJBOFdNaHMyZ3I3TXJ5QmdpU3k5YWdYNS1DYXg1cU8xaDhGV2ZRUkVyc3BYSFhZSzgtREdmOFVCcEM3cXhneFpFUU9Cc28?oc=5,Hindustan Times,"Sun, 03 Aug 2025 07:00:00 GMT",2026-06-14T20:36:07.796935,phishing,True,False,candidate,https://www.hindustantimes.com/india-news/uttarakhand-chhattisgarh-man-held-for-cheating-retired-subedar-major-of-34-17-lakh-101754221720852.html
phishing email Uttarakhand,Uttarakhand: Orders issued for immediate registration of FIRs in 24 land fraud cases - ThePrint,https://news.google.com/rss/articles/CBMiugFBVV95cUxPQ1p0NDVITjM1M3Bjamw5MXdLX1BPUl9PTmpGNFdlcFliUGM5VkJfR3RtMjRUSS16U3NqaTBVckE3R2RvNkc5ZDNjTlF2eXFFOER2Y01jcFhNaGt2Z0tiazczU1d0UHNvM0xWYXdWbWRVMnp6U1RsNU9uZzlmOXY3bDFWYVB1NTBZX1RObzhOZkVMZEUxSzVoRGdwbVljeUJOOHpHRVhVcDc3ZjJuTlhLVXRVOXpNR3E1dWfSAb8BQVVfeXFMUF9vOHZLRVc1YWpNR0x4Mzh4djFtWTF2Q0pDVHFueXhqNVNfbTRkb29LWGVBYjlITjRkVEh1Mmd1cURhZVVZRXdXVGpUem93MTdVU0pvcUc0b3M0YU5vdWNDekdpRWF5QTJKRkg3RkdORVV3NjVLOHdmLXBBQWFWaHVZdDREb3lpU1BHQkM1eGZfOWVMdkVsOHljUWttcVozWV8tdFItQnZnYXpnemhlbmJ3dk8weTNxMVhpZkdfQnM?oc=5,ThePrint,"Sat, 02 May 2026 07:00:00 GMT",2026-06-14T20:36:07.797024,phishing,True,False,candidate,https://theprint.in/india/uttarakhand-orders-issued-for-immediate-registration-of-firs-in-24-land-fraud-cases/2920498/
phishing email Uttarakhand,Fact Check: No extra marks for attending PM rally. This Uttarakhand uni notice is FAKE - India Today,https://news.google.com/rss/articles/CBMizAFBVV95cUxOLXJkX1laTmxvVDRWeHM5Y0hmWHF2NEU3cFBRZ1VWX2RrbXhnUFI2aTh5Y2txV21RbHNOWUlPZGw2ejJ5NFZyNVFRMVJpYS10TFJVSWRSTG9fdWFPMkVoWktaTEtLZUJqb2NFbkhUNUV2T0V4dWlkRGEzVnlXeTE0VDNxX3kwTzQ5dHQ5aUdhTGEwa2pMZ3RnWDVpOUI4QTU5c1pIX2p6UkdGZ2R4X3FBV2pDeHBTYy02RGtQUk8wMFNaazBDMDZnZkQzelfSAdIBQVVfeXFMUFFPUF9VaFRLUEpCczRDM0FyWjVKV3NsaERoeG1lcnUwYkxIckR2OUFLbm9HaHpBbjNrUEJNLVhsSnA2ZnVmamdGUEpaUTlxdjFBNUNabzFTaVZvc3VaQ3hTaUNobTI1eUZSVElpR21Nb01aemJ2TGpuWWRKVEdpUWtjUjVkUmduSjl1bktvQ2RwVzRLdVphMGlMOUg2QnJfUjVlTUt0UEs4SENIVTk2cF9zTHp2UGlQSzkxX3JpTlBCWDYzdmpteEcxay1Gd1QzcER3?oc=5,India Today,"Sun, 09 Nov 2025 08:00:00 GMT",2026-06-14T20:36:07.797054,phishing,True,False,candidate,https://www.indiatoday.in/fact-check/story/pm-modi-uttarakhand-visit-dev-bhoomi-university-fake-notice-fact-check-2815981-2025-11-09
phishing email Uttarakhand,Fact Check: Video showing clouds with folded hands in Uttarakhand skies is edited - Vishvas News,https://news.google.com/rss/articles/CBMiwAFBVV95cUxPTDRkdkJ1MEp0UDJ2ZnUzNy1BWkdPS1huR2NIRk01d29DN3h4QUdIc1lpNDFPRXVUWkI3UERENkEza1hfeXhyWURHVThqblNxRGk4aktka3FNRllDdHhJNmJNZWlCczM4R0hUTjZJMnpLaWJtMjVpT2tkelF5eklMQjF5ZTNDZ2kxczlYVFhLV1NHeW1ucEN4cUNZMzlLOERJWUkwS1hCamFPQ1h1R09CQjJzX3NiZFk3VE9mNjdoa2E?oc=5,Vishvas News,"Mon, 30 Jan 2023 08:00:00 GMT",2026-06-14T20:36:07.797140,phishing,True,False,candidate,https://www.vishvasnews.com/english/viral/fact-check-video-showing-clouds-with-folded-hands-in-uttarakhand-skies-is-edited/
phishing email Uttarakhand,Hey Ram! All Bidders In Rs 1-Crore Uttarakhand Tourism Project Linked To Single Shareholder - Vibes Of India,https://news.google.com/rss/articles/CBMid0FVX3lxTE03bm04VEVyNHVtVVJCY19KQlpEUk9oQm5wMlViTmxQV1hWYUUxVnRyeWc1X0ZuNm1vaGdxWGljc0IzMVAtSUo2MHQydTFxVzh4TEwycHpzSXRFSkc5SUFCZlp4eXdDOE16eW9US3RRODN3T1BvR1dN?oc=5,Vibes Of India,"Fri, 12 Sep 2025 07:00:00 GMT",2026-06-14T20:36:07.797178,phishing,True,False,candidate,https://www.vibesofindia.com/yet-another-baba-ramdevs-fraud-exposed/
phishing email Uttarakhand,A realtor honoured by Uttarakhand govt on the run in NH 74 scam | Hindustan Times - Hindustan Times,https://news.google.com/rss/articles/CBMi0wFBVV95cUxPRGk1VFlVRnNLSFA0ZnVmdEN0Tk1KSFhxMTRWcHBvU01rYkw5TXVOZXA5ZGVJaFczS2NWUldhNHpFZ2xvc0t6VnFRcFJ5b1FnTlp0V1YwelJxcEgweWJOX0d1aHB5WWdFZHk4X3Z4bU96bl9BOURiVVloaUpnMXlEaTdESVdxLWtRclRjX0gzTkRqLTRPMldiNFRaSHNuVVVRR25oZkJiUWFtbUpnVldYbW1rX1ZWUWx6am9HU2s2VE1SZWVFV25EZnc3U1VZU2t6a2Jz0gHYAUFVX3lxTFBCQ0tNVGgySjl2N2YtTUQ0aThXUVo0NC0zRmtlcS1TbHVEZDZtaHRYTV9IalB4clF2TU8yeWd4LUFSdjd0ZDh6TjAzQlJKRGFvVTNDSFFJbDBuUFVSSzR1UTc3c2VHUFhodGhPM19rZWFOdFpFam5PLUloYnpFMVhqSlVlaXVVTG9YNzBtOEtiVGN0d0lOeURGaUkweU5jYXFNM21DSjZESG84Snh6bDFDbk52Q0MzVUJiLXBxRnJEc3VHV3c4enJ0MUxzck5yUVgyQ0hRa3ViNg?oc=5,Hindustan Times,"Wed, 14 Mar 2018 07:00:00 GMT",2026-06-14T20:36:07.797240,phishing,True,False,candidate,https://www.hindustantimes.com/dehradun/a-realtor-honoured-by-uttarakhand-govt-on-the-run-in-nh-74-scam/story-G61c1CYqSYR6CfSiQh3z6O.html
phishing email Uttarakhand,CBI seeks death for 17 Uttarakhand cops in Ranbir fake encounter case - The Hindu,https://news.google.com/rss/articles/CBMizAFBVV95cUxPaHlEUi14bTI4ZGhCTVk2OXAzeXBXbEQ3Nm5lLVo1M0tTYlp6QW56alZaNW9FYWJUZk5SM21ZUk5ieTNoaU10ckswWW5ob2NPemRsZkNiWVNqUVhzY3gwVnRRTEdLc1EtWl9SenBrQkx4c2FmTnVULWd5TWpTRk5iNmpzUUZ6cFV6YXN3NFl5TjBaRko5LWhQdzRhSUZFc3MyUjJ6UkV0M1QxQW9obzZyUDd4dzdBVXdYNnFTQjhwQjEtR1lqUFRzdjNtbTbSAdMBQVVfeXFMTVVTbWZWRmtiNDJwQzFLOW5PS3c4NkN4QzVMSlI1cDNwb1BMaDJ6dWMxdWhPWGRRdGxZVlRtVDFoQkkxM191UmJiYkJnVm1jVnItZVNXQXFIaXZVTkF5RjFxMVdjeVFlTXdFLU9sbjY1VzBTOHc0S2xrSU1EX0Z4VzBRMEhGQlRnT1VYajhCUE5EYm9FVjdseEk3elJKc0RnUW1NcTVNU2tMMXlaRWtwV1htelRnUktMNndjR2RIaGxjdm9nc0FodXBIN3BLdlVRSXg3bw?oc=5,The Hindu,"Sun, 08 Jun 2014 07:00:00 GMT",2026-06-14T20:36:07.797301,phishing,True,False,candidate,https://www.thehindu.com/news/cities/Delhi/CBI-seeks-death-for-17-Uttarakhand-cops-in-Ranbir-fake-encounter-case/article11636856.ece
phishing email Uttarakhand,"Fake Video Alert: No, Muslims Did Not Thrash Naga Sadhu In Uttarakhand | BOOM - BOOM Fact Check",https://news.google.com/rss/articles/CBMilwFBVV95cUxNcE1jXy1DZ2kyTlFhRlI4UDczUzVMSXYxZ2ZzX25sS0ttM3VraFpmNFdSRG0wdS1lSC0xZHFUYWVkSW8yMk1pMGlUOW5SQXJ3NlIyakxMbV83NHpqNTZ3V3dlbVo3VW9PaGk0Zm1DS3pjYW83VDh6RVdBejltX250OXNZeDJkaVEwa0Q4amVEa0NpWVl4bXZV0gGcAUFVX3lxTFB3aVJhU2R1b0dDakpMTXNGUDZjNTh2cHdITnJZT1F1WlBYVkpvd21fOUtqbFdvM2Jqc2FsZF96WURFOEhPdUJWWWRIU1lZejF6ZGFEeXJRVXM0XzVpY1J5VkNhWVZnZXMzYXU2TW83MkpkTzNFYkJtVzZ0cEhDVi1RTDBkbWZqSUFIdWZJMV85MHJvRF80MUZ6QnVFYw?oc=5,BOOM Fact Check,"Mon, 03 Sep 2018 07:00:00 GMT",2026-06-14T20:36:07.797330,phishing,True,False,candidate,https://www.boomlive.in/fake-video-alert-no-muslims-did-not-thrash-naga-sadhu-in-uttarakhand
fake website Uttarakhand,Web of Fake Companies: ₹150 Crore Tax Evasion Case in Uttarakhand - The420.in,https://news.google.com/rss/articles/CBMibkFVX3lxTE01bi1pYUNaS3laVVF4OUp6TUtSeHpOT3M4d0JhT1RadXp2OG1CRTBaaDVmeG5mbGNBWnhzYnFGcUQxUFhLU3ZOdGltbHhDQ3ZQVl92LUQ2a2p3Zmo2bGpmSHI3X3F6ZTRxVnlFbi1R?oc=5,The420.in,"Tue, 24 Mar 2026 07:00:00 GMT",2026-06-14T20:36:09.601157,phishing,True,False,candidate,https://the420.in/uttarakhand-gst-tax-evasion-fake-companies/
fake website Uttarakhand,Fact Check: Viral Image Showing Aftermath Of Uttarkashi Cloudburst Is AI Generated - Newschecker,https://news.google.com/rss/articles/CBMiowFBVV95cUxPT3VmQ1FHWW4yQjBhalk3N2VhbFNQY2JNRlJCVHV0eFA5bW0xTkltWU42NWtkMWRlRThXbXoxSGJJSGxhN3F6ZlYzQzVFa1RTM0N0WVkxQTJFYTRSUFRwb0FfbDl2YTBJejUzNGJhUUEtUFBQZFlEU3d4RWtoSlJXU1dPWHJqT1pVTUJ6SFNWOWNqdm1wS05Sd2M5c3FKYTdwVVkw?oc=5,Newschecker,"Tue, 05 Aug 2025 07:00:00 GMT",2026-06-14T20:36:09.601219,phishing,True,False,candidate,https://newschecker.in/fact-check/viral-image-showing-aftermath-of-uttarkashi-cloudburst-ai-generated
fake website Uttarakhand,Scammers Devise New Means To Dupe Pilgrims Undertaking Char Dham Yatra For Brahma Kamal Puja In Uttarakhand - ETV Bharat,https://news.google.com/rss/articles/CBMi0wFBVV95cUxPay02cU5KazZla2t3Y0VNOXYzcE5wMUpxUzJ4OWppMThyaUVRTl9OZkVnbzYtVjdMODNRdGVPSFlXVjU2VmY0cjIyM1lmX18yUkY1QXJrX0VpLTN1ZkFJRVdtZlBUS3RzQk9kbjdMN3F5aGtuNGN4R2JfSzBNWDh2U0FtMzdkVlNBRlNybDFQY2x6YjMxRE95YlYxcDRWZElMaldLcXlZZldZYjBsakhJY0dwdHVSUHNCZW9naWNnZUEwYTRmaUZRZG9YQmhMbngxUGNB0gHYAUFVX3lxTE1hRDR1ZXltT3MtQ1BKMDZKWjR2M09mNW5NYkwtT1oyb25vYnZzRmpzNGpxcHZqa05pYXR5VXZTLUcybWROREhIblZJc0dYZE8yY2UtamtxaVdfTlZQMThvSTF3dVRBbVlJUU9lTjFHZ3cydEUteThzZDJGWURuaWQ5MktkaDc1MU15Q3pSMHFsRGlOV0FPTks5T0Z3N3N5LVNCRV9sdDE3d3hvTTBYNHZZT0p4RkhzZ2R5alNqTWt5aHh1NzlTa0NJeVM4RWV5VzIta1FlMnpuQg?oc=5,ETV Bharat,"Tue, 12 May 2026 07:00:00 GMT",2026-06-14T20:36:09.601243,phishing,True,False,candidate,https://www.etvbharat.com/en/state/char-dham-yatra-online-fraud-in-name-of-brahma-kapal-puja-in-badrinath-dham-uttarakhand-enn26051201348
fake website Uttarakhand,"Uttarakhand: US Nagar cops bust racket printing fake certificates, 2 held - The Times of India",https://news.google.com/rss/articles/CBMi3wFBVV95cUxQck9EVUlaeExJWFh0OHJDam9NZWg1ZUxHY1VoLVJhVjh1S0tEYzhmalJBUjJLdW5sclRqM3kyaHJrRzNmaGlhN01HNDg1UmR0THhlTTBqY1Z0dm4zWkNBdUJ0SHpfaEs2aC00b1d6UjNFNVFPRkJDQzczemUzYy1YTXIyQVNWRmswa1dPbkpFbXppa2R2QkF5Q1JJbnUyNzloZWpFdVh2bWZJYlF3SlRuNzRhWkxibTZkdnoyM05wOUR0eml6NTN0bmppUTRGRnFpQS1yREw3TlRRMmRpM3pB0gHkAUFVX3lxTE1aSk5JNC1LdTUtVGtSV3ZHX3FkdG1faHl4WHAxZGhzVXprWGFsTFZIZGZCSTVIMmNic1BjUGtBUzZMc3MzejdFQ2RGMjN3clpObW13WTFKM3RSM2ZfSmthUWlIeDdSY3hnY3MxSW9iMm1GRXJUV1NwemU5M2JJWGlyX0NuQWo3cWwtOVR4WllDRlRrZ095M2dCcnB5Wk14T0JSWU1LOUsxQ09ZaDg3MVBKbEUwOTBPeFh5WFBOY0JCU3lSSmthQm1rYWVRMjBhblBsMzV0WkxTZGlLVUk0T0E2eDIxQw?oc=5,The Times of India,"Sat, 12 Nov 2022 08:00:00 GMT",2026-06-14T20:36:09.601348,phishing,True,False,candidate,https://timesofindia.indiatimes.com/city/dehradun/uttarakhand-us-nagar-cops-bust-racket-printing-fake-certificates-2-held/articleshow/95460450.cms
fake website Uttarakhand,Operation Kalnemi: 118 fake 'babas' busted in Uttarakhand - The New Indian Express,https://news.google.com/rss/articles/CBMiqAFBVV95cUxQeC11NEVpV0EwZ1gxUGtFSVFvZHktMXlIaW45MkRGZjVnYXUtSnFJam5mYmQ2dXlheXk0cE5QX0ZRNzByRnJzRkpWTThOVlptQmJIdEVPdE43TVpaei0xS1dzTFd4c2tGVjd2aFI4eFc4T0Vfa0swWi1ERDg4Y2RpUnFlNDg3QnJxbGE1SVFxZFF4dGlwX3dEVk55UXcxeUE1NjZNNWREWDLSAbYBQVVfeXFMTTJEX0dZRkQ3UlN6dnNabXB2MmZEcDZ6ZHE1djlrZjVQLVM3NHpxUGgwVXY0a0U4Y2FfNk5jNl9mZHhwbnU4R0toTUt1OUMtY3oyQkp5QTJ3MHc4dElnTWNlYjBxY2g2R19YRW1icHhOQV9ydHRpY2Zyd2VteWtBTm9ZY00wckloNHZFMDRBemZZbk93RkozY3B4dzJMLU5pWVU1dW8zZjl3TWRQV0k2UFhac2k5UkE?oc=5,The New Indian Express,"Sat, 12 Jul 2025 07:00:00 GMT",2026-06-14T20:36:09.601356,phishing,True,False,candidate,https://www.newindianexpress.com/india/2025/Jul/12/operation-kalnemi-118-fake-babas-busted-in-uttarakhand
fake website Uttarakhand,Dehradun Diary: Uttarakhand cadre IPS officer quits over family reasons - The New Indian Express,https://news.google.com/rss/articles/CBMizgFBVV95cUxQOE9LeHdqN09TbHcxRHE0WjN1U2FpVzNaRHhqbWFYam5icTlKbVo4clY2aFBnZ2xIbTh4MTVadlVUbWkzVE5FMTJIZWV3UkJUdzg4cldHRnNCZzE2R0pQZXpzeVNjN241TjQ5b1lqX2ZEaEN1ZTNrNUNTdWlZSXd5SmVsQWltN0kyRTRNd0g4TnNaejMtemdGcDduOFdhNE9XT0NxTElYNVZmTm15VGhsR3FWMGIyZkIwaTRUbnhuSWlMQ1dBUkRTX0N5djE1QdIB2wFBVV95cUxNb2NPSzZmemRDT3JvN050a0lGZlJQeXRCQ3VENFVtWDhYNWFiNTBVM0FnVGlxQ2ZqRmVPUjRpTmRlektpeDYtanB5bkJ1N0hSRHdqdjNaUWxUQW44MHFXNV9vczh3UVcwRk1qdktXM2tqOERKMnVDTF9Oa1R0czBaejdyTS1VcVktRUxoalBtRUVDUDVabVZXSldjNEN2b21Ba1NrZDFKb3BuQ1Zzd2RkMVBnWEhpVjZTQk81YjBZNzJJTnlScjN2eUhjZW9ZRVZBRG16RjB1bG11MWs?oc=5,The New Indian Express,"Sun, 01 Jun 2025 07:00:00 GMT",2026-06-14T20:36:09.601412,phishing,True,False,candidate,https://www.newindianexpress.com/thesundaystandard/2025/Jun/01/dehradun-diary-uttarakhand-cadre-ips-officer-quits-over-family-reasons
fake website Uttarakhand,Fake social media photos exaggerating Uttarakhand forest fires situation: Forest official - ThePrint,https://news.google.com/rss/articles/CBMivwFBVV95cUxNYmJrc0F5dnFXaDZqQzJIMDE4TlI4cTBUbThFdEVLUWNYSlJYWmxXVUU5ZUcxenl4Y05tcjRsMFF2a1ZJcVZ2ekZINWdFbkNmLXYyb1FwSUVRSzN1RVBLaGJZSGdBMTN4WnlVVllSY3VvT0RDdW8yS3FOaXViWDhMWkctR2F2LWhFOG5HZ1BacnhmS1NXRm1jX3R5MVUwMlEycU55UWRoaTI5dTg3UVA3SWFiRjhhNnQzZk4zMmhqTdIBxAFBVV95cUxNa3cydzd4cnE4MmZLWVpjWHpwUktuQ1AwSXdldWxUR09DUUp2ZkhDajBQM2ZoU2lDZEZ4S011Q1dDUmNndU1uUk9RZTBpMWZuaFhhNktvNjZoWUZrZVMxODJfVnc1NlUxa1I4NUt0amFVaVNLQ004WUpKUnpORVcya0lUclVXTEJacG5PZnNJaU9icVlBQWZjX2VfSkMtNnFXZHVTeHktaW9GUGFyazNBazVvOG9uRllJanZwTXltRVVhZTlG?oc=5,ThePrint,"Thu, 28 May 2020 07:00:00 GMT",2026-06-14T20:36:09.601491,phishing,True,False,candidate,https://theprint.in/india/fake-social-media-photos-exaggerating-uttarakhand-forest-fires-situation-forest-official/430337/
fake website Uttarakhand,Uttarakhand: Whistleblower’s statement in fake ‘golden cards’ case recorded - The Times of India,https://news.google.com/rss/articles/CBMizwFBVV95cUxQNldHWmVhTGJaMzZSakNnSWU0OW1TcTJ2V0pjbmJQYnFEZDE4cGhYYTJvTmhOczM0UXZ1TzRoS2RYU2t0T2tyWU1tVnZ0VUFxcm5CbnVfZkFhTGFZTFdlS2hmQ1NXTjdkNjFXaGdndUFyS2VlYXFnX3pKVDhmME5Wa0M4bG14WS1jeW5ZTnA5V3hJRkV5M2FUdkFwbzNlZE5RU09TSWZSTzl6YkRsNkU1SjBhVGxxZHQ4TGNMclVZRnRRT2tLTEpldzQ1ekN2TE3SAdQBQVVfeXFMTlM5VTVNVEpLenozdXA5Tm40RFMxMm9KRzhHM1VMYzJHNUZST3ZaOWlVOHFfUW9oVmdzWThvaFdjQi1BN3l4SWRRVGZFNWM3RmNCRkhJdnRuY3dnLVBWTXBqYlN6QTh6bGZBbmZJbV9Md0gwTzZBbUFkVnNjdG1VOEFvSFRuZktZclVBZ1lzbTJfOG5VaU9PQ1NlVzdiYkdHWVBJY242SkF4ZEU3aWZYNGFqOWRwcFZrLXJIRjlDSnhCUTJOelRXRVFPcEFqSGExNVJkRjY?oc=5,The Times of India,"Fri, 19 Feb 2021 08:00:00 GMT",2026-06-14T20:36:09.601498,phishing,True,False,candidate,https://timesofindia.indiatimes.com/city/dehradun/whistleblowers-statement-in-fake-golden-cards-case-recorded/articleshow/81096746.cms
fake website Uttarakhand,Fact Check: Viral Picture Claiming A Chinook Helicopter Delivered A JCB Machine During The Uttarakhand Disaster Is FAKE And Edited - Vishvas News,https://news.google.com/rss/articles/CBMiggJBVV95cUxPVlFPbUNITFc0YzFYMVJOWmtSQWRMbndyVjFDN3ZNVUJidlg5d1QzWkRFVzJaNUxKclE5Z1hic0kybTl1aEZYMmt3WmFpS09hWnVqa19ZWVZzTHRYMU9SZUR5V0xMd2JqY3lscHhPeUp4VzBHc25XYmVlNGFWZFZqWi1KMElGWEtCV0tSYWE2X1FjSUFlRTNlN203WjlfV2hZM25xTzhJejJ0WEM2YXVkQ25acFhiVEhzMTRkUE4wUzdPcXV5VXFPN25qOGZuY1lBT3ktQXdFVlEtMlhQamZ4bzg0dWlVTzZJRzhEeEVkdURmLUtUMk1QbGVIYVlnTGJRVWc?oc=5,Vishvas News,"Tue, 12 Aug 2025 07:00:00 GMT",2026-06-14T20:36:09.601505,phishing,True,False,candidate,https://www.vishvasnews.com/english/viral/fact-check-viral-picture-claiming-a-chinook-helicopter-delivered-a-jcb-machine-during-the-uttarakhand-disaster-is-fake-and-edited/
fake website Uttarakhand,Uttarakhand STF arrests 3 cyber criminals in Pune for duping Dehradun man of Rs 17 lakhs - ANI News,https://news.google.com/rss/articles/CBMi5wFBVV95cUxNN1c3aS04WkIzMm5Ud2p1cW1UTmtCWk1KTkExemc5U0Q2Vjh4MDNtejc4azhVRzJqY3IyalhpQXE4Q2xMY1pTc0F5c0U4UmJleG5EQlZkdUZHZjVFVXNseks3eXIzaG5Jc0pUWks0Z25WMmx1cUNVUHJMRHZpOC1aTWpOa3hpbGk5bDdZUEhSWTI3YjNnVHBLNnZfVHFfTDJVTXNJMHhUb3JkTHRuelpHSFc2OHlsbzB0RXdUeXl3dldwbl9MN3Z1clAtSXp1bWY2WTRINThmdlhSQ01QS1NIT2pjOVJKQTA?oc=5,ANI News,"Thu, 23 Sep 2021 07:00:00 GMT",2026-06-14T20:36:09.601537,phishing,True,False,candidate,https://www.aninews.in/news/national/general-news/uttarakhand-stf-arrests-3-cyber-criminals-in-pune-for-duping-dehradun-man-of-rs-17-lakhs20210923122212/
fake website Uttarakhand,"Uttarakhand NOT burning: Forest fires way less, fake news being spread on social media says CM Trivendra Rawat - India Today",https://news.google.com/rss/articles/CBMiygFBVV95cUxQeE54Qzhzbk5oU21jTHNPNGFINW8tZzRLQ3BMLWlESmV1NWVSblN5TEEwSWl5QXBQSm9mSnU5bWk2YWdIUTQ5Q3lfMzZ1T3ZyalRLQWRnckx0WkJGcnFsYVhZTEpaam8xMFNSZmRZU0FTMDZiS2NqVW5JRXlXMmRvN2h1bFZRbVFSM2ZQSjJXQWZ2ekJuOE1KTnFTWW9fd3hKTEdqUEJuTVh4UEtfR2liTG1zQWotRzlJOUJUWHFfOHUzdGY5LXdsbEdR0gHPAUFVX3lxTE9EVGVGOGE3ZXRFVlcwZzdOd2lLZ3V4bXpkbmU0SC02R1BadGg0UjlmVUtOOVU3VGFlcFRpMEZpZ21uRjdFTk1iTXdpcG9hVDRvZ1lOd01LWGdCa25ZSEI2SXB6cm8xanlGamhlRXJHT1pta1VRd09UNmw1MlNpTlpacTlqWUlJUk9kRUVLTWhvRzh5aHo3NDBESVZTSEYxTElTY3czbnM1QVJYY3U4b3dqOG9GUTBMUjJkMk0tbG8xeEM2V3VxN2tTWmxfeG1nOA?oc=5,India Today,"Wed, 27 May 2020 07:00:00 GMT",2026-06-14T20:36:09.601552,phishing,True,False,candidate,https://www.indiatoday.in/india/story/uttarakhand-forest-fires-social-media-photos-fake-news-official-statement-1682559-2020-05-27
fake website Uttarakhand,"Cyber fraud worth Rs 100 cr busted by Uttarakhand STF, two held; role of foreign criminals suspected - ETV Bharat",https://news.google.com/rss/articles/CBMi8AFBVV95cUxQd0dHeGJiQWlyNmdzcmlJUW0yLXdmVDlDS3l4YkdtRjNRQnVYRURTckZod25PakJjOUZwanpJN29wc2QwS2V0MzkxZ3d6RHFwNjJiTk4xRHhNUGtkelcwQ3RsS3J5Z3lNc0tFcmE1VzRaYm5wRGFMbXM0RkdtS1ZHRXh6SlVWSzZ4YndMTVNmeHdfX3otMUFHSnhvZ1FGd0F3eEI4VXFrVmhZX2hZRG5zeEpHRV8xcUlxZlhSeG1EVnRnVHVqQmtRb0FMSWJtXzFKSHdNLTFMLUpZYkxWdVlWSVJNMXNTVnpndXpYajI3ZkXSAfYBQVVfeXFMTzc4aHNQRHRVTEljd1d2cHhONlQ1bGlJQUt2dEpTMzhlVFB2SF83SElTaVo0ZEMtNHRWVUVFdHpadDFlUFhQUXdDR2VoYTdlYm05TzRhcnd1SUVkVk8zejZWT2c3bjVSNVFKVjFKblNjS3ZHdUNreVVYUzIwVlZESGlTVXNfNEdWZTEzZWJ6eWlpNjFNZmh5Y2FlcHg4V3B5dWNJbXRwQVRrYzdtcERwOVA2LVprM3ljYkdnZ2EwbzNGQ3JQaHlZek9wU1hKZTU5bnlFWEUzRjc3SXpBVTFDbW9reVB5T3psSUd3dkVTYXZZNmQzQXF3?oc=5,ETV Bharat,"Sat, 26 Feb 2022 08:00:00 GMT",2026-06-14T20:36:09.601582,phishing,True,False,candidate,https://www.etvbharat.com/english/bharat/cyber-fraud-worth-rs-100-cr-busted-by-uttarakhand-stf-two-held-role-of-foreign-criminals-suspected/na20220226184324642
fake website Uttarakhand,"Fact Check: Not a Mosque Demolition In Uttarakhand But An Amusement Park In Indonesia, Video Goes Viral With Fake Claim - Vishvas News",https://news.google.com/rss/articles/CBMi9AFBVV95cUxNbC04ZTdRaGNMS2tVQWlhVHN3dHpqTTFCMW5weHU3bU9tM3F3QjRYcVZtY1h2UHFrTkNiWl9GTUJmakVaZndJblU1Qks1dmNTRDQwTjBCYUlFNlpUbHYzSWpndGZXZi1RenFQRGQzTTV3MDVHNTRuR044NzJzRUpXUHJ0UTEtMWNEMG9ma1RwVC1DSmVXTmVHQXJQZHpIV0pCRnZUY3FPWkJoTWdvdXoyV3JVb1FhRGNBZ3htdF9rTmFielVwZjhQZkVyVEstLWNMRTFiM0dUWkliQXhSZVFncEZBSk5WeTlkUml3a3JYamg0VzBl?oc=5,Vishvas News,"Wed, 12 Mar 2025 07:00:00 GMT",2026-06-14T20:36:09.601596,phishing,True,False,candidate,https://www.vishvasnews.com/english/society/fact-check-not-a-mosque-demolition-in-uttarakhand-but-an-amusement-park-in-indonesia-video-goes-viral-with-fake-claim/
fake website Uttarakhand,"Uttarakhand board 10, 12 results 2025 date & time out; here's how to check - Business Standard",https://news.google.com/rss/articles/CBMi3wFBVV95cUxOSnB3bTFLQUJkdlhqallwM2N1TjJBN2ZrZGhsYW00eWdYWFdxUEc2T2VrU1ozbVNnUExTemdNZ0tib3JncWhDMV9oZFl1VFd5YjdkOGRHQ1Y1VFI5dnd6Sk1sSUFoQXkyOGh6VllEb19WdkVNeFdUajBldklFc2xnWjJCeUN0UnR4czlLaFRzOGtCU244aF9sMFFkZDhNQ3lkcUNFTGlxeG5LZmlxN1BnZUpFX0R4dm9mWnk0bUpEOVM0bU1nQXdNWEgtc1FVdFlyaFZBWHZ2RHdVMmp1RnhZ0gHkAUFVX3lxTE13UlNoaldoMW4wSTVGSERtcVZrc1lCSVYyM0libW5wX3UydkYwRU5GVHBjUzFMc0xJRjBPbWV2dkJQUHZUYTFmMmlacVpyX1NZeVJETEotQ0Z4LTlPQUk1RjF3Wjczbm5PNVF1eHhNdDNPdC1KcmhraUtmZGRaSFA4cjNFdkJMdk5xdXNTRGlsend5VHpnNHV1Y0lEQ0txTm5xODJ0dDRWU0VGTkRYcWNQTGxRd3pzWi1vVV85NzI2MlVFNEY2T0E3ZmoyV1pMS0g4a3BEcnpkbU5NZTYyWmRvYUplOQ?oc=5,Business Standard,"Tue, 15 Apr 2025 07:00:00 GMT",2026-06-14T20:36:09.601611,phishing,True,False,candidate,https://www.business-standard.com/education/news/uttarakhand-board-10-12-results-2025-date-and-time-out-here-s-how-to-check-nc-125041500269_1.html
fake website Uttarakhand,Fake alert: Photo from Morocco’s Tangier shared as Uttarakhand’s Char Dham expressway - Mumbai Mirror,https://news.google.com/rss/articles/CBMi6wFBVV95cUxOV0tLT2pPb2VmcHJBZ3JDU3IxNjVDSXh2N1MxWGJWMzRXUGpENmQ1X0Z5bnp3Q1FTZ0NadGtITkRTbjNHVmkweU9NMTBLYll0RmRVWXNza21LRjV3SndsbjJxSVJGOUlFUUg2bXV4VGNvbFl5Sms1V0NsWjk1VEVVclBIb2JYR3hkS3lWM1hyc3lvTFdSZVRWZzhLQ0o0U2l2aVFoTHdueWt6cWh5bk1CRHBrZmtqSXAwQnp1OXRUd3BCX3M1Z0tCRHFydUdlRnNFNHdLT0E5djNCLU8tWlpDS180Vk56c19OS0400gHwAUFVX3lxTE5NTE5SNXNBbUdEc1BKRFd5TUk4MEhsNHM5RTNzS0lkNzlLb3pvNHRsdElwUHRvbHNCd2ROSEhyU3R6Z28tOG83dTBLMjRxbHJobUZtbXVoN3FlTERWbGR5bjBzOV9teHZsUHpGbXlhalZLLUhuQmNOWFduQ1BaY0RmVkdCNGJDVVhuUlg3OW1xdk5LLUZEZlZ1MHItRl9WVXlEWTNyZ1RMOUt1RmtvWERxUjlyUmkzTWRvNHFQSHdZVHBlRXZiemFoajFqNWFMM2E3Y0xFRGlfM3BISnJwakJ1aU5KRHl5Vk1kZ25rUGc0Tw?oc=5,Mumbai Mirror,"Mon, 22 Apr 2019 07:00:00 GMT",2026-06-14T20:36:09.601668,phishing,True,False,candidate,https://mumbaimirror.indiatimes.com/news/india/fake-alert-photo-from-moroccos-tangier-shared-as-uttarakhands-char-dham-expressway/articleshow/68991295.html
fake website Uttarakhand,Prashant Bhushan circulates fake letter of NSA Doval complimenting Uttarakhand CM on Kumbh Mela - Oneindia,https://news.google.com/rss/articles/CBMi4wFBVV95cUxPZGFqTjg1OUFIbWtwdmozY01vZ2xWbWFHQ3MwaEdNTl9hWHpCeG1yeWkwMUlOcmlWRWc5OUxTM25fUE9leldVYjljY3VQVDh2TGhtcU9Od3hQUGwxYUhNcFVOSlJYTTF3MjNSLTNOUzBlY3RhQ0J1MHphM094elVEMkNuaHFJTF9sY29oanR1RzN6LUMwdzNva2RvcXVMT0tRV3o4R0ZMeGh4YlVlZUpOb0Nkc0M4SG83RnN3dThPclFBbUhnZFhEYkQ2dzVTQ2RpVzhlNlBCc3RzdHVRY2lzcjRkQQ?oc=5,Oneindia,"Wed, 21 Apr 2021 07:00:00 GMT",2026-06-14T20:36:09.601691,phishing,True,False,candidate,https://www.oneindia.com/fact-check/prashant-bhushan-circulates-fake-letter-of-nsa-ajit-doval-complimenting-uttarakhand-cm-on-kumbh-mela-3247981.html
voice phishing Uttarakhand,Dramatic Glacier Break-Off Near Badrinath Caught on Camera; Chamoli Police Responds To Viral VIDEO - Free Press Journal,https://news.google.com/rss/articles/CBMi0AFBVV95cUxOTWNQc19ZZmduSlc1OVQtREgya2lyNXJWNjJnSDdkUWlNN25ib1lOdEtfaWVNa3JQR2pNNnoxX0k0ZVk1OHRsMUVTaC1faUhLWGFzRFl0dC1mSzJZdC1sZVp1SzBqSXJFR0RYZGp5RjVrRExHcWEtYU5SZFBqS1dHS1ZybTVFNmVZMU1GVk1pMnpKMzhkZ0FlSVZDX2pOQnJBcXhoUWg0NlFRc0lwQzlaNG02V0Z1ZFBRbnZVOXhuVE1aWjRDR2Q4QVROZEhSQlZp0gHWAUFVX3lxTE5XUTh2cUhxR3NVSWhyUUVWRGttS0dON3JWc1c2VkRrVnB3dGh4WWZ3dWtfdXhsTDY0cnZGY090NWtkSl8wRVduMHo5b2EzSWxrdk9YT21YdVpZQjJXM2dpX0ZZS1RZWkd3ZEc0eFc1VVpPX0FuakJfdnlCaTI0X1QxRnpHeFRnSG9tSWxPN0htdWEtZS1fTncyLW1MV01FX1NWZnlydjVVbC1UVC1UbEpRWmxLUW5JN1lfTDNwalBXRXZPX1ZESHZEM29PS3hWNTU4cEZaT2c?oc=5,Free Press Journal,"Fri, 17 Oct 2025 07:00:00 GMT",2026-06-14T20:36:25.120970,vishing,True,False,candidate,https://www.freepressjournal.in/india/dramatic-glacier-break-off-near-badrinath-caught-on-camera-chamoli-police-responds-to-viral-video
phone call scam Uttarakhand,Uproar in Uttarakhand assembly over minister’s ‘wedding destination’ remark on 'temple of democracy' - The New Indian Express,https://news.google.com/rss/articles/CBMi3wFBVV95cUxNb21La0Z2eG1OMUVtYXozbzBrUkNWTjBPQkRRSHlCV19NeFU4UTF0T0htQURpR0xDMG50cmZFR3JteEFTMDQ0aEU3cDRPY19GanBOS2dvRFI1WmJENHRpZUNxbWk5MUY3NENZVjJ3dlBxaElMX2hfcjFUaThGTzYzaE9DVV8yLUcxclZKak1VYk50dUxVLVVZWDJ6cU4yeUVreWNQQzhYd1k5c0ZHOC11T0RFRzZaa1dTd0M0VkJGcTlwUHAxQ2Njbld3Tm13aV9fS1FkWGJxTkE1ckVGdklJ0gHsAUFVX3lxTE9RMmNIQ21KZDN4SVlfYTZ2ZjZHenVMaEtsaEgzYTAxaU9HSFl6eW95V3MzNHNDSDFUOU1ySjlqYVBkRFBiUHJoNExvZ2NfRlYwTHBlTTF4Yzk2a3hmUUxLSm92UjQzLXd2cU1IRDhiS1dpWFY2b0dZbjdTVENBLThBaElUZjVzdDh2azlqdnpHZU9pVWdOMWdvc1NHdllXSElQcUpvcGxMQmh2c1d1RzhUQzRnUUtyM1ljYWhORTZSZGhfTjRrN0lBaUVmcnA2TzhJTXJOLUwwamdjbGJ6WWttbWtZUE9QNTcxZjNs?oc=5,The New Indian Express,"Wed, 11 Mar 2026 07:00:00 GMT",2026-06-14T20:36:27.490203,vishing,True,False,candidate,https://www.newindianexpress.com/india/2026/Mar/11/uproar-in-uttarakhand-assembly-over-ministers-wedding-destination-remark-on-temple-of-democracy
phone call scam Uttarakhand,CBI services notice to former Uttarakhand CM Harish Rawat in 2016 sting video case - The Times of India,https://news.google.com/rss/articles/CBMizwFBVV95cUxNYXFtRGx0TkFJbnNYbnFuVElMNjV5emtLRmFicDZBODdvQ2JhajJHb3RDUnZ3aVNvdlUzVmVndjBpd1dvNXItT2doc01lT1gwbXpZbTVzVmVpYjZ4Z0owRGJNTTNYSmFSaXBwd2cteXBRbVhyZ24tQVBVN3V2Ul9xRHluYjlqam5HeVBwTGxaWmVOMklmV045M2I2QVRXLXJCUnJidlQ5WS1sUjBURFZaNUpfZWpSLWpMZ1dBVUlwdGwtSUJiTmNkYjQ0R0k5NVHSAdQBQVVfeXFMTXl5d3pWSVdLYWpfcW1hU1ZLZmNtMVpqVll0QnktNHgxLU5HUzdyZDdMMmdHLXZNamhkVWZwaW0tZmNOM29XZHd4ZTAxbE5PQmN4alBWSlZhVlJxRnVKT3pIOE5Rc3R2UkdzaGhhQTRudFpBQ1k0bGl2UkM5YlVHUmxpWFNGMDNnbnV6SHZUSE1RLUJYejAtRjVaSlNTNXd0TkdNQlgtaFpvd1YyakJTVUgwYjRHVEVhUmRGdmZXY1VGdjNHeGNacVA5RmZqX2YxenFmWE8?oc=5,The Times of India,"Sat, 20 Sep 2025 07:00:00 GMT",2026-06-14T20:36:27.490225,vishing,True,False,candidate,https://timesofindia.indiatimes.com/city/dehradun/cbi-issues-notice-to-harish-rawat-in-2016-sting-video-case/articleshow/124013432.cms
phone call scam Uttarakhand,Assistant manager dies by suicide in Uttarakhand villa after video call to wife - The Times of India,https://news.google.com/rss/articles/CBMi5wFBVV95cUxOLTYwWG52SEY2VHRGbEQ0Y0pfSVJVdi1mdHBuZHptcXp1TFp3NzVzX2N4a09ZT2RWdUozRWlrb3FTcFNETWZCYks0WWNIaGtTTEJTajFuUzVzZHR2RVp2SFU5ak9JdjRSc2plekxnQ0w0YWxoOUxxZTE3a2JtU09nT3V2dzdKbmlTOE5JTXZ4cjBPTmxMbHo1NWtJZVRtVVFtM0xPZ19zbVlNTFNUMUdBN001bXVrQU9mMUxCbGpNMmlMQlN6LUpnZXRsVzZZVGpTWFRCZm9KYTBTZ3ZJZkliOHJXRUxHMEnSAewBQVVfeXFMTUtZbzVvNWl4MGhxMGlvMTNGaTY2VEg0Y180bVdzOWEzTEhnM2IxTFpxX1FXX1N4YXVWSEE0UVpicGEzcmdYX2NJd1JmWl9LQmlvTEhwemtCSXYxbzhvdGVhWTc1aVBwOWFvaDU1TkhZVXJSdXNDZU1JazRTTEV3Qm96TXF0bEhuMWduVVRFbFAwakt1SUNPakVJeHdsN0k4dzBXbnBPSVRqQ0dvVmFwNHJFYWhycmFhTU1Gc3lUT3dkRDZKbEs5X29xVDdNaFZsOWQ5dWcwNHlMR0NlM19Xd2NMZktxZnY5akF0MUc?oc=5,The Times of India,"Wed, 22 Apr 2026 07:00:00 GMT",2026-06-14T20:36:27.490299,vishing,True,False,candidate,https://timesofindia.indiatimes.com/city/dehradun/assistant-manager-dies-by-suicide-in-rudrapur-villa-after-video-call-to-wife/articleshow/130423213.cms
phone call scam Uttarakhand,Uttarakhand flood disaster: Heartbreaking calls and missing Nepali families - OnlineKhabar English News,https://news.google.com/rss/articles/CBMickFVX3lxTE9EOG83ZHdUUlJ6NXlWbVpwNzlyUUlvWDRCR3o3V1BRa0thUC1ZUk54bnlnaUR5MWZJMDUxa1QwRXR3LTZMUTZNemdZdDdXa3J5V3pvR1lwbEZPTUh5MEJEUDltc0Y0dVZnMGRmQ1lfQWNudw?oc=5,OnlineKhabar English News,"Fri, 08 Aug 2025 07:00:00 GMT",2026-06-14T20:36:27.490389,vishing,True,False,candidate,https://english.onlinekhabar.com/uttarakhand-flood-disaster.html
fake call fraud Uttarakhand,"Call Centre Scamming Foreign Nationals Busted In Uttarakhand, 14 Arrested - NDTV",https://news.google.com/rss/articles/CBMiswFBVV95cUxNOHhHQS0zcE9ZNFIyRTZENjFQd2d3SjIxS19vNnVTZVdRNk40dkZBaDVRS0htMll5c0JERkgzamNWYWVwYUZITV9YX0FYMVYtM01EV0JjYk02WDdhWXpwUW05aVRvSUpPdEdtTVZDMHZ3aThPaUVhVDNRXy1vRkxlQkNaNVFVNXBsVUJPLWJOT1ZfR3hsWnd2Z0Fhd1BfSFNOUi12eDZ3SUtxYnIyQ2F4am9HNNIBuwFBVV95cUxNYVdQTXFmdkkwS0NxQmNTYXVBQzI5TDVERFg0YzlBSi10Y0tGWWdkcUNpd3VmVmx5TVFQdVNMWWlMd3MxQ0d3YzNnelpBNkxVVzNaR01EeFQzV1pZQWJNZG9pUW9PZC05dXMyd0ZvXzlRQ182UlBBVnZnb283VUpxNElvYVBFTXdZTGRIZ0ZjWkJmR2xxZExKZ1ZCQjh6b0FJUVl0NFU0aFhaUDJGX2dxZUtBUEtvbjlMN0VV?oc=5,NDTV,"Thu, 04 Aug 2022 07:00:00 GMT",2026-06-14T20:36:29.635953,vishing,True,False,candidate,https://www.ndtv.com/india-news/rs-225-crore-worth-frogery-through-fake-call-centre-busted-in-uttarakhand-3224302
fake call fraud Uttarakhand,Terror Hoax Unmasked: Man Arrested For Orchestrating Nainital's Hizbul Mujahideen Bomb Threats - The420.in,https://news.google.com/rss/articles/CBMieEFVX3lxTE5JeDlyVFVLZkN4d3lZZEd2YklvblNZdDZqcHhZNEtFWExOTzd6OEs5ZW5aTWhvQnRYYXRoaXp6SFduVzJrR0EzUDBDa0lXN2EyUmJoMTltblhUUEVqdkxOMUFLUHJadEktdHVvdFYwU3BsczlzN0xkNg?oc=5,The420.in,"Wed, 30 Aug 2023 07:00:00 GMT",2026-06-14T20:36:29.636235,vishing,True,False,candidate,https://the420.in/nainital-bomb-threat-arrest-hizbul-mujahideen-link/
fraud phone call Uttarakhand,Uttarakhand Eco Tourism Scam: Officer Who Exposed Corruption Transferred - The Probe,https://news.google.com/rss/articles/CBMiswFBVV95cUxQOThnQ20zYmxkUTZ4b3FFdWVEWmdQYU1YenVVWGo2ODdYMFNxdnhidmhVR0V3RDlObWhNLXJYcDNpMTZPZFYyWXdvVjE1eGR5bC13dXpzc0JxT3NyT1gwNkdFZDJkblduSkw0ZF9rNGV5QW5keXlLcVhKdjdNQ3NRdGtyLVhxcmo4Y2h0dV9HSEZXUVJfYUk3WEVZem52TnQtYzEwZFNDTlVMY2JGRFFaa3RnNNIBswFBVV95cUxQOThnQ20zYmxkUTZ4b3FFdWVEWmdQYU1YenVVWGo2ODdYMFNxdnhidmhVR0V3RDlObWhNLXJYcDNpMTZPZFYyWXdvVjE1eGR5bC13dXpzc0JxT3NyT1gwNkdFZDJkblduSkw0ZF9rNGV5QW5keXlLcVhKdjdNQ3NRdGtyLVhxcmo4Y2h0dV9HSEZXUVJfYUk3WEVZem52TnQtYzEwZFNDTlVMY2JGRFFaa3RnNA?oc=5,The Probe,"Tue, 26 Aug 2025 07:00:00 GMT",2026-06-14T20:36:32.079406,vishing,True,False,candidate,https://theprobe.in/eco-guardians/uttarakhand-eco-tourism-scam-officer-who-exposed-corruption-transferred-9755733
fraud phone call Uttarakhand,ED attaches assets worth Rs 1.26 crore in Dehradun cyber fraud case - ANI News,https://news.google.com/rss/articles/CBMiuAFBVV95cUxOYXh3UlBDMkVUQmtCaVZyWXdDd2xEQ0lXcmIyUzltWVRMTnVqMmtEbDJxRXRQaURjS3RwTU9ZWTB1WnNxQmI0X2dFVFJ6Z2NCeldPaGhZQ1R0UDZ4WG9ralZTYzUyS3M0SEFjSHVYZ3djLXpsclRvbTZIX3NVZFQ5QUhFTXlocno1YUZMR3hZOHNaUFBDUjhnY3MtS3Bhb1VDNmllTGk1UzRkQkxISFVBTGsxVzBrWjRk?oc=5,ANI News,"Tue, 26 Mar 2024 07:00:00 GMT",2026-06-14T20:36:32.079736,vishing,True,False,candidate,https://www.aninews.in/news/business/ed-attaches-assets-worth-rs-126-crore-in-dehradun-cyber-fraud-case20240326180854/
fraud phone call Uttarakhand,Uttarakhand: Former ISRO scientist duped of Rs 10 lakh - ETV Bharat,https://news.google.com/rss/articles/CBMiywFBVV95cUxQa3pVSjBQY2Q1NktvSzdadVA0MFFRSHREQjZ4X3VoSy1IQ2Vud1dCZ2pOclRNc3B0clZzOXZnVkQ2Z2NoVG9KeDZheC03QUZKcTZfWFBVUWp3TEF6MjFELUVhMmxOdjZKSnRMdW16ZWFtV0tMOGNkZER6MTJjdllfTE9tLUktS0xQLVpsTExVRXhGWkhTNjRhUXd4azc3QnY1TF9lRzFBRlVIajRMbWc3Z0d4M1R3Y2tUQ2tKRE9VU3A5UkRyWnNsX282TdIB0AFBVV95cUxNaWQzbFVBWTRPQXQyRkVOcHhXZm9pcWd6eGtuT2pidExQbk4wYzZxTE1mTk9TU29BMDVKdVRtR3lzaUtGdVd2UEx4N2ZZUTdYWGZLczZWbk1qZl9PQnduakRjRkhlRXF6QUdmRG5ha2FmenRabkZVOUVyNWRBcW5BMnpwbkliNDhRRVplOVppeDkxMzhfWmdlVHhJMXNCa3E3OEZRblUzZjNQRmFnbERaQU1Ua1BrWTJDNGlMWWJ0eWNwNDBJek1BTF9VWEx4Nndj?oc=5,ETV Bharat,"Tue, 29 Aug 2023 07:00:00 GMT",2026-06-14T20:36:32.079878,vishing,True,False,candidate,https://www.etvbharat.com/english/state/uttarakhand/uttarakhand-former-isro-scientist-duped-of-rs-10-lakh/na20230829181254422422044
fraud phone call Uttarakhand,"To get Rs 1 crore KBC lottery, Uttarakhand man loses Rs 28 lakh - The Times of India",https://news.google.com/rss/articles/CBMiwwFBVV95cUxNb0hqUFlqYmVralRZa0NEcVZZekRSSFowSE94eGNndVFZajEwbk9sWnlwd2JBU3k1NVRmdXh5OVR4QkJ3SHNFSWF0eVN3LVZPNnAxV292bURDQW13WTliZWFrc2VEblU2eW5vMG9ZWFg0RWRIN0RxeS1iR2VjckFvVXY4SmVQNnZYTHBhaDFXUi1GYWxHc0hqb1paclpvM1JQVmFTUUdldFJ4MnB5UWdFbzVqcFh1Vm9nRjVZZ1FvSDNTNlnSAcgBQVVfeXFMTjQyeTFkVERCYkVrTjNFaFZhVDdyYjVQWlZoamNpdVRsbUtrcUFhaVZjS2IxSS1BZzZ1b2FQZkZZVHJjV1l3cmkzYUF6Rngxcmw3SEI3cmFCZEFOdEFxWVo4ekFLZzRpUzIzUzhGOG9WbjJaMmV0a1JQUUxYdVRoM0dnSFg2c055NkE2WGpySzVuM2E3Q0ZkdjRZdFdqUnZ0bDlEUW82QnBJTnlaYVJyOHNfQ01XLXBDWWVtazc5Z2MyenN5UmpsTU4?oc=5,The Times of India,"Sun, 17 Dec 2023 08:00:00 GMT",2026-06-14T20:36:32.079903,vishing,True,False,candidate,https://timesofindia.indiatimes.com/city/dehradun/to-get-rs-1cr-kbc-lottery-man-loses-rs-28l-2-held/articleshow/106056813.cms
fraud phone call Uttarakhand,Fraudster who duped Uttarakhand man arrested from Kolkata: Police | Hindustan Times - Hindustan Times,https://news.google.com/rss/articles/CBMilwJBVV95cUxPZGlPNlNOOGFWYlJCUnFGUG9oNnJ6UjNPcUY2OUxVbGpwejhVVmg0QXZ3Z0hmNlRDV1F3b3FxVFlSNUpfZjA3MHdVakw4SHdvWFBhZ3k1MWhmRDZlYnBickVzSTJfRkdvYnpvdzAtdmFoWkxfdEE5RmU0dUYyQW9hWUtPXzg5RVNlZE45VGw1LThYM1FTa1cwa1JVdlA3bHQzYUJYNDUyNzJRSUU1ejFCSjMxQ3JqTkVBOTJNSXA2eW45aDhpbDRsSmxHcENFcFpReHBpYlV4UlB5dWlxbWMxaDlpVGNnMy1kTnY1T3dmZExzX05lbFNoTFhsOWNPMWk1SlRBSWpwRDJjMXZBUWVrZEhqZXVLT1XSAZwCQVVfeXFMUG1qWThyM3FDaFRmUEcyVG03UXJEaWFDcW4tY3FqeGRaV0RLV1FHTjVxMWQ2WmNhc3FZdGtBR1oySXlrQ0tCeWdWNEVUNS1JRU1XN3lKeC1KOXBHb1RZNEdMZXI5UExMVGNTemxwRGE4NGVJYVR6WGprM0N0R3lYTFpEcmtfZlpwNEdabTlKV2NtREpoZmJ5T3RvcGk2UW9RcktILXJlMUVGSE1CSENJSC1xekFNYkdncE04bUIxdGFrdV9HSmxsQk5oWm92RkQ5QkMtZjdPMVRvcFZWamNrbm5mUGwzYTZ5aWloMFFqQUFrZWxwV294akYtZkFLZDFzQW80MHBoZUUzVjNoeWt0N1NkVzZ6eDZ6X1FJbDI?oc=5,Hindustan Times,"Mon, 03 Apr 2023 07:00:00 GMT",2026-06-14T20:36:32.079966,vishing,True,False,candidate,https://www.hindustantimes.com/cities/dehradun-news/22yearold-cybercriminal-arrested-in-kolkata-for-duping-retired-doctor-of-rs-10-50-lakh-posing-as-a-treasury-officer-101680523009632.html
impersonation call Uttarakhand,PM Narendra Modi calls for year-round tourism growth in Uttarakhand; key details here - The Times of India,https://news.google.com/rss/articles/CBMi_gFBVV95cUxOcEVVankyY01zTzFfczNTdWJfZmdBQXI2TzJmSW1WUlkwQ0FTR05VZGN0V1h6QVMtNWZ3VFdfcllyOUEyYkFiQlE0NFA4OF80QVl2dDUycldWU0l1Nkw1dlZzS20zSU9lQnVYN01iUTBXUmowV1hkY3NhaTlsZnlMR0VwSGRYY1hYVzhFLUxtRHlkYU5IbXZIMGZ4a21QbVJkVkdadTZTWEt0MGc1Z1ZXNkxtOVVIdFRmM0tSZU5QNXBYM0VSbFhiVVhHbFFpM25xMGNicXNNZmJ3U0ptenhuMUpRQkd0QzM2ZlJHaVVrTlVqS0J3MkRFNm1OLWtjd9IBgwJBVV95cUxNMlI3bFpMUHNTZXZ0UUpRaXhkQ2MtczhjclA3R3FHdGFCdnotemF0VTBhMzRpaWMtUnZFNE9RX1JrZkRDdk9BQ0x1UGNmYWwyN2lOMlhlaXB4WHRjOWxaLS04RVUyY29tQ1lycmFsNXVoV1Fid3JtXzBra1FlMk15TS0wSFNpYlllbjk0a1RUczA4TzVpTmcxSzl2ZVp2dDEtNE1QV1FlRV91ZDltZmNiRmt0UkVUXzFvUE13aDl1WjNZUTQyY3VBdjFHZGJob1NleHFmMVoyVW92ZVFoRzNfQ0haVkhndTZESVdiZFZnMkVBZUVMYS01WFBNbWxiT0Z2S0lJ?oc=5,The Times of India,"Thu, 06 Mar 2025 08:00:00 GMT",2026-06-14T20:36:34.405495,vishing,True,False,candidate,https://timesofindia.indiatimes.com/life-style/travel/news/pm-narendra-modi-calls-for-year-round-tourism-growth-in-uttarakhand-key-details-here/articleshow/118763803.cms
impersonation call Uttarakhand,Dehradun: Five arrested for duping Americans via fake call centre - ANI News,https://news.google.com/rss/articles/CBMixwFBVV95cUxQNW9iYnRMWUJicUliaUJoMU1uS3hRM1lVN1l0b2pTZm5vcmlqcmxaMjV1eHhqWEFvNWwtNG1lczRzY1kzMUQwTXhDaS0xZ255dENSY19GeHRXVTkxbmtlQUxRcE5EenpFZTZzTTQzdm9aUy1mMTl1ZXAydk5MYlpCdG80RlhPb29PS1ZwQ2VyTWY2cjNmTVVGdUt5SjhlclVhYlVUdXl0ZnA3ZVZGZkZBU2F2Y3BnZVVLQzBuQzFZZVdqSWtzTXlr?oc=5,ANI News,"Sat, 16 Jan 2021 08:00:00 GMT",2026-06-14T20:36:34.405519,vishing,True,False,candidate,https://www.aninews.in/news/national/general-news/dehradun-five-arrested-for-duping-americans-via-fake-call-centre20210116134013/
impersonation call Uttarakhand,"Uttarakhand: Record 20,000 visit Valley of Flowers, experts call for cap on numbers - The Times of India",https://news.google.com/rss/articles/CBMi6wFBVV95cUxPbmIxQkk5akR5ZTA4Qk9ZNkZmMUYydElTc3BqN1NUNVM3TG8xS3NuTUIyTDVPRHVoTGREMDVGdzlsd1RKVEdLT01ra0UyRkJteXZTaUs1ekJnX1BwMzRUdndoVk9wbmpXSzBCUl9Jc0pwRWhuMnluaVBsWUtnZjBHYjR1WGstbnNYMjcxMjJROVNfR19nQ1d2NWVHU0E0SWZxMHhWeFZMcGxZZVZfWW9ORXRteGZ4NS1fenF0VC03M0h6X3hJWHhUdTJzcEE5Ym9xUHhCcUg5dzZjN3V5MEVEdWdZX3lHdnpKcXBF0gHwAUFVX3lxTFAxMXRwU2g0YmpLc2tKajE5R3FQOWEtbnFFeWV6TEhpTkpfcndnV0JuMHN6Y3BPcUFEekQyM20wdnpqcjdvLWVYTWppMUFzZnpNYkRlLWEwWldPUkdNSTBRQWw0NlVseWFmWGQ2VkgxLWJoTlJiNkF2WmRsNWhrcXZMOUl2ZDVpdUtIV1huYnBRLXFLWHFmWGZ3STF4X0dwUGppTWw2cVVoWUVieDNMa0MzZDJmWFl2RzNkaThNaGc2N0ZsWEpkaURWcHFOWU5pTGg0a3pyNENTM2RjY01fbHZpRE5aZlk3QkkxZGNMcWtCSg?oc=5,The Times of India,"Tue, 01 Nov 2022 07:00:00 GMT",2026-06-14T20:36:34.405554,vishing,True,False,candidate,https://timesofindia.indiatimes.com/city/dehradun/uttarakhand-record-20000-visit-valley-of-flowers-experts-call-for-cap-on-numbers/articleshow/95216509.cms
impersonation call Uttarakhand,"At 'dharm sabha' in Uttarakhand, call for targeted violence - The Times of India",https://news.google.com/rss/articles/CBMiywFBVV95cUxONTJvbkxyMU9MV0lCLWFTajJ4QUxsZHNhQVM1RzdxUjFQODNSd056bzlPN2hiUTlmVzhEZElEZTdJY3JJSENhVV9jVm9FNXNHTldQTHFQRWJpUzg5Y3hsSFVuS2lJRGhGOGlVSWgxRTNKeGJwZkdjekNkajhIaHhGVmJNVXAtTXR4dnpEWG1hRy1WQ2pXeWViamJEenJmYkRWcmRfeDdCYWZHTnhEcE1hckRFNjFsSnBVYXdiZmV0Mk5zb0k5VVNRMnlJWdIB0AFBVV95cUxOOE94aEV1SVVWZ2RSRFJ5M1Z6MUhHVkRlZHJqN0ZmYWZLbzFjVGFxLVRCbTNieVVMWjB3NW5HMFF1bUlRdUZSLXN6bEsxb05ndWQtV2x3ay1aaWtQZWc4TEJtRmFIdGhub2M1bGk3WVVJYXd1V1hWTHg1SXZmd3lpdVBLb2pSM0tMUE95QWlLVjBhdk4tRUtLdXViamFwbGdQanRwTTZNdVlscS1sVWxpdmxBYWZkZHRENnUtMFBWQjQ5LV9QSllQS1R0YzM3TGxT?oc=5,The Times of India,"Tue, 25 Apr 2023 07:00:00 GMT",2026-06-14T20:36:34.405595,vishing,True,False,candidate,https://timesofindia.indiatimes.com/city/dehradun/at-dharm-sabha-in-uttarakhand-call-for-targeted-violence/articleshow/99744980.cms
impersonation call Uttarakhand,'No criminal will escape': Uttarakhand CM Dhami vows 'strictest action' on Dehradun clash - lokmattimes.com,https://news.google.com/rss/articles/CBMivwFBVV95cUxNZnlIb2VVaTYzNEhqTkx0YVNrOHNSY0JhTEJuMXNsMFJDWXl0dDdVYmxoaUdtTUNKMm56Y0JzM05sejZSQ0w3Q0p5VURVaS01MWpablNGTTRiNEZKNzU3MXRDZWpHaXh4MnY5NllqWndKWVZIaWhoVjZiYUNtbUtYSElsU1hmV0RVajNvZG1QRWVsSG1CWlZqYVY4TnluM3NBci1YcHN5NldONElSZFgybkUxSERjTmlzeUxPNmJ0c9IBxAFBVV95cUxNU00wNXVSWlJiUXB0QnZBaVhaRnJUTUN5aUNKWWl4ZGYwQ0hBckc0a055X25tRXMtbm00M0p0ZEdUSnl4WVk0Nmx6VzdJcEN6R3ptdWY3NXhZY0R1VGlOeURGcTlwaHNvQU94c2dKcjFVWm5ZeFlpWktyOTZXNGV4Y0JWdVV5UV9tSmluQ0ZTZzI5QzkxVzVjVHlZMzh5TE1GRWRRYXlRZnF0aDd5ZDN5RGZoZnVPUjJtOEVLWEpyQ0lveTNp?oc=5,lokmattimes.com,"Sun, 14 Jun 2026 09:02:02 GMT",2026-06-14T20:36:34.405636,vishing,True,False,candidate,https://www.lokmattimes.com/national/no-criminal-will-escape-uttarakhand-cm-dhami-vows-strictest-action-on-dehradun-clash/
impersonation call Uttarakhand,Uttarakhand remembers Gandhi's special bond with state - The Times of India,https://news.google.com/rss/articles/CBMi1wFBVV95cUxQR3gxdC1vWE50enlQb1pmMjJHNlR0SG91dHpCYV9rYk5oeVkwdEtCS3dLTDVpRFVUVFJZZmN2dnpqN2FMc1kwMllLcGRtTExMSFJUWFVsSVl1MmZ6dlVqY29OS1B3cWdGaFgzNkZ4cHFsMWxZWlZSendaSzdKNEo1OTFUTnh3NDhOTXI3VlFWb1BEcVhQd2pwZGtRU0tIMlY5MmNsOVphaFNUS01VMzd1Yy1Zc0xCR042dFFOdHFUYUJ0U2p0Tm9xTlB3aWcwUjROVHRHRTJGTdIB3AFBVV95cUxOVmpXVzdSRGN2STh1NmxTU3lWRHd4N1RsaXZrSDN4c2JLemoyV2ZnLWx6YzlOeEFpTUZqaGRSczB0NmtQSnlkU1NHcGcwRVQzRlpUOGV3OFMwV0lDcUgzOGJrVkpNSjRCa2t3ZGJQRW9DRTlnZmM3QmF0bkxJUzl1NWd0d3ZQUXBqc3o2bFFQeWlXSXd0UDJWeFFmMDlTZkVoYlBjTUV6S2dLLUdpUlIyVmJvcUl0eFk1ei1HU2hpcTBhUFFEaXNSR25nLWI3UVFlcWpZQW1Fd05WeF9O?oc=5,The Times of India,"Wed, 02 Oct 2019 07:00:00 GMT",2026-06-14T20:36:34.405661,vishing,True,False,candidate,https://timesofindia.indiatimes.com/city/dehradun/on-150th-birth-anniv-ukhand-remembers-gandhis-spl-bond-with-state/articleshow/71399305.cms
impersonation call Uttarakhand,"1 killed, 3 injured in Uttarakhand village violence over water dispute; Case filed against 3 accused, 25... - lokmattimes.com",https://news.google.com/rss/articles/CBMi8gFBVV95cUxPR2NhcXBvTVFIOGFaZ0J3elVKQXlmWm9nNmU3eDFHQUgzRk5rUTJjeDZVdUQySlhXUk5DdEFMQUFCR0FiZHZ5QTBHVWREYXlBV2xpdDJzNnhSdmtoakdJOTdreGJpYng0SlJtMm1PYTBsWS15RS13QXhfMTZPRGtNVjdUbF9ZUkJKUnlDelJjRmI3WS1JMmhoQ1ROSlk5aE1OUFQxZTNhWDV1bDh2S2FMZHl1MXpLS29RRnFhYW0tMWVlbnhFdmlKejdrYThXMm1PTzRONUVPdlBHYmdYRVRzdlktRDlwZkxPYkdXSi1TMTN5Z9IB9wFBVV95cUxNVm53MEVOcWdhRE5qUzhPM2hHZ0J3TDllYWx5ajlrWkZhNm9lU05RVjJtOVFfb0UtUmhhNHA1QWVvZExJMnpLQTRZYW5Nb1VTTEFOd1ppRnZSU0NWNFROVU9CMVJGaGNlWVhUZlZYS3hOYjF2RlBDU0JwQmZwdF9xY0hyTFRRMV9XakV5NktVV2pzX2RNcndJeHZERm0waXgyZm1mLU5MS2FfZms4WTMwdVRwazhiT0tGTmoxZkNyeHZTd1RueWlpd2U2V1AtOFJrMmhOS2w3LWJfa3hGTXdJRWE4VHdGVms5ZENrc1dEcDhFWUNfNk93?oc=5,lokmattimes.com,"Sun, 14 Jun 2026 07:57:02 GMT",2026-06-14T20:36:34.405673,vishing,True,False,candidate,https://www.lokmattimes.com/national/1-killed-3-injured-in-uttarakhand-village-violence-over-water-dispute-case-filed-against-3-accused-25-unidentified-persons/
fake bank call Uttarakhand,"Akhilesh Yadav calls Yogi Adityanath 'infiltrator', wants him sent to Uttarakhand - India Today",https://news.google.com/rss/articles/CBMizwFBVV95cUxQc1YzRzVUQS1IQkdpYllkSWNhWXhhc2dDUk5wbWk4ZTh0MFd3cnFYNjYzQWtwV0pGWDZkaEhnN0dydjVKNkJ0cE55MUNWWHlhUWR3a3RMdnR1bkNXak1kVmVsWjQyZUFrR0NlVlZMdXJSMVhJUG82a3llTC1DRlhzNkRpZmRWV2dnTEhTOXdnd0dvX1FmQ3pNYlBmZnVhcXBDbjZQdS1weC16b01jVEtqbnNyRks0YlRhZ3QtUEc4QWlSUVF6VWFMaXlpZnh4UGPSAdQBQVVfeXFMTlNURlNhN09xOHVsREswOUR2Q2F6RC0yMEtMaWd2OTE4TWxvckEwcVZlc0hXZGR6UlNLakVTR0tWU0hndUxNRDg0SGZHX1IwcnNSdGpVaXJXQ0VWOVU3VkJxbUYzd255cU9kY3diZ0tmd3hIeU1GUmlzQjJsRGVGR3d6VFllQUhUVkVxczBSNmtwQ0VNYWVuajJqdFRQS0NMaWZmTmVJZG9hUVdDUUdnS0x0MmhETno3NUEtX0F5YWkxVE9mZzUtWmY5N3hCMVNiLXQ3MDc?oc=5,India Today,"Sun, 12 Oct 2025 07:00:00 GMT",2026-06-14T20:36:36.455959,vishing,True,False,candidate,https://www.indiatoday.in/india/story/akhilesh-yadav-calls-yogi-adityanath-infiltrator-from-uttarakhand-up-politics-2801913-2025-10-12
fake bank call Uttarakhand,"UP CM Yogi Adityanath is an infiltrator, should be sent back to Uttarakhand: Akhilesh Yadav - Deccan Herald",https://news.google.com/rss/articles/CBMi3wFBVV95cUxPRnU1UVliMy1FV1A1TTlCV3k1RkNvbXhPN3ZKREVMcF9jdHltSFFJd2YxWGJfS0x5MHl6NjFZNVNtcGJXZTNZOHRIOC1rMzYyZkRwRUhlY3hBcGVyenpHSkRnVUtXNWQ1SmkyaDVOdG1EOUxkZ3Jlc2ljRlNBcERGTkE2UU44Y2ludmQ2VHM3Zkl5NXI1WU5DbW54UllzSlo1Tkl6STE5OUtyRG5DbGNPN0tuLWlaWkxZaE00cUFiRjdBeldBMjhBMFFhS1lJLVluQTc3U1dzMEVJejFESEVj?oc=5,Deccan Herald,"Sun, 12 Oct 2025 07:00:00 GMT",2026-06-14T20:36:36.455967,vishing,True,False,candidate,https://www.deccanherald.com/india/uttar-pradesh/up-cm-yogi-adityanath-is-an-infiltrator-should-be-sent-back-to-uttarakhand-akhilesh-yadav-3761627
fake bank call Uttarakhand,Maharashtra govt able to establish contact with 171 tourists from state stuck in Uttarakhand; 24 from Pun - The Times of India,https://news.google.com/rss/articles/CBMipwJBVV95cUxQME55bVRkb2JhNHBWckRZNnZFY2FxUkFPenZtTGFrWXFWcnU5WUJwam02QUszYjNoNWtaaWoyS2FuS1pBdHlYXzJrS3ZmLW9RSFY5U1d6dy1POHBLUWtKX1psaUpwQU5XdzgxZ0Y2T2dFYmRXa0FOclpsdEdpdjU0Q1YwRHE4M1ZpbUtBN21JVDF2T2xDRHBuTjBYRjhNQndXXzB0aDFwejZiN2NGc291NlJNVG5LcXVzVGZ4TzYyYWtQNmozc2t4amRFYmUwMmtRNUYzYmpQOElXcTk0c0JYVWNMR3VRUU04bC16STZ3NnRMcTA0SThVMk55ellUVjEzVHJHa0U4ZzJvYmFYcXFfSlpXZ0xMVk5vakZzRXFEU0RLczZQNkJN0gGsAkFVX3lxTFAwRW5JaE5sWEFtR002WFhFVTFJNHJaSGpDWXAxWFFGX3pzc3otNjd2Q19kcmJBVlljSGtrQWMwOTdKdlNxLUNab19Ra09kNm1vdTZMM3hFWGhYQjJYZ0pWNHpVcmtXQ0h5VEVBMkFfNkFkNG5XZUkyN3daQndVdGltSHVlWm1HWTR5emRHZDRzbGt2dkF2LXRzeFBBYmQwRUZsLWpvVzF1MFZ5SjFxeVVWNllxb2EtU3Yxd19rMDBIb0dtZE84dEJnbmUtNlFtT0dVTTRaazd6T2VFeXpPOVJlSzlwLTdVQ09xV1VMWEYzLUZIdi13anJjcGRhZkVXS1lZdHVNWVRicm95eXVtd2NIMDlFd09MWDgtcTJNdUYyV2hnbzgtd1h5M3ZjMQ?oc=5,The Times of India,"Tue, 12 Aug 2025 07:00:00 GMT",2026-06-14T20:36:36.456034,vishing,True,False,candidate,https://timesofindia.indiatimes.com/city/mumbai/maharashtra-govt-able-to-establish-contact-with-171-tourists-from-state-stuck-in-uttarakhand-24-from-pune-and-around-back-home/articleshow/123263363.cms
fake police call Uttarakhand,"Operation Kalanemi: Uttarakhand police nab 82 ‘fake’ babas, sadhus in Dehradun | India News - Hindustan Times",https://news.google.com/rss/articles/CBMi0wFBVV95cUxPSzlsSEgtVEx1dkh4T1l0NlF6WUdMdmlTMHB2bGxGcTV2SFpsci1XUDdhdGxuSVlsakd2RG4zdGVIaEhpWHB5MVp4U3J2bDI4dGNJSVUtNTNMeFRsblFSZXFhNXN1WjZiaUU1Z0I1X3B5Q0J1RWEtdVA1OGdIX2E1aW1HYUhGN2FzeGFPNjZZU0RqR0VoNzFqY3BCWFNqdnJ3VjZZT3d2WE9MVmNCYS1RY1c0X1RqUTBYZE82aHFfWWdfQlItSzljcElRbzdOdGdON2FR0gHYAUFVX3lxTFBUSE1NWHJCRmdiX2FaVndEX3ZfZXZPSWVzT3djVlFCY2dBZ1VTVUx3QUhEYWlGVlZvN04tbUptbVNuN0FrdXdjWURORmpybGtRWE5FalR2RHlaR1lDRUZRSHl6QTNhcnlwWHotWjZTWHZqc3lkbk9uc2hxbjJBakxYRThjTklEUjUxV2Y1Qm5BZThmRmR3dU1Va2wwY080OHNsZXJEMVdCZTVxeVd6Z1FsS2tJUGh6RTFFODFKMVlBSGp4ZVVrdjJxbVM3X2RMOWRiY05KaHhjWQ?oc=5,Hindustan Times,"Mon, 14 Jul 2025 07:00:00 GMT",2026-06-14T20:36:38.558424,vishing,True,False,candidate,https://www.hindustantimes.com/india-news/operation-kalanemi-uttarakhand-police-nab-82-fake-babas-sadhus-in-dehradun-101752439315635.html
fake police call Uttarakhand,"Uttarakhand: Police bust major fake ID racket in Dehradun, illegal Bangladeshis found with forged Indian documents - opindia.com",https://news.google.com/rss/articles/CBMi5AFBVV95cUxOajlpQUNKUTBHRlVGQmN0ODVjYW5uRjlGYktWSkJ5b0dGN1JIanpQRE1sTm1jWVFBTWh3c1VYM0FzczI1QURzcUF5d2tldm9oMzVucms4VXk2ZzFtYlZfU2xvell5RkgwTlMzZGh0ZkstTTc0UVQ0SkdyeFZHZk95MEo3dUJIWVREcjFNX1NMdXFtdy0wOHh4dmhrREhVNGVoRHRZRHpEZEEwcnhHa2NzWDQyaU5ET2VfZGZlT1MyZGhIRjd1VnY5NlA5dEtVNHFxVy1uMGxGYWM2N2M4dlBjb2h6dGg?oc=5,opindia.com,"Sun, 11 Jan 2026 08:00:00 GMT",2026-06-14T20:36:38.558463,vishing,True,False,candidate,https://www.opindia.com/news-updates/uttarakhand-police-bust-major-fake-id-racket-in-dehradun-illegal-bangladeshis-found-with-forged-indian-documents/
fake police call Uttarakhand,Uttarakhand: Con Bride Arrested For Cheating Public With Lies And Love Traps - ETV Bharat,https://news.google.com/rss/articles/CBMisAFBVV95cUxPTXFjT25tMnFFVUczaFFiRXVwWDN3SXo1VmZJeHkzVHNZYWsyREFHdnd1aTFKRGx0MFN0LWJCNmhtaEk1ejEzd2ZQN3ZnUnNwMDM1NG43clJuNUJsVjRpNktpWEhfMTBoc1RFUXBTZ3JjLTVfVWtTYW0tWFJLOVRGc3RDTFR6ZUZZUTh3NTZQQjZ5VWNIWGI3dTRuRWZ5ajdGUS1VcFRxelZ1Y1JjUTZhcNIBtgFBVV95cUxQQ1pLTDM2Z0JDejNIT1NCNDNzaUVQOF92bU8taGp5dmpSQXdIM1VjRVJvbnZiOGFFZ21uZncxaXd6c2RUMGpBTnJ4UkNTd0p4SF9kY256c25uNUZWNURoSS01Mms5cWZTX3owendBU0lMUGExMmJqSDU2TnNhTkdiMmktbFVvSVR0azdJOGE0M2F0OFRyb0tyLUNUZ3B5elZRamQwYnlKMEJSRTdBcXpmeDA0bFFjZw?oc=5,ETV Bharat,"Sun, 08 Jun 2025 07:00:00 GMT",2026-06-14T20:36:38.558506,vishing,True,False,candidate,https://www.etvbharat.com/en/!bharat/uttarakhand-udham-singh-nagar-police-robber-woman-con-bride-enn25060800978
fake police call Uttarakhand,"After Delhi, Dehradun becoming new hub of fake call centres? - The Times of India",https://news.google.com/rss/articles/CBMiyAFBVV95cUxPSkFUT1Azb0VsVmVMYlBDWnJhbURzaU9ranZtX3lydnNjU3hoOVZ3Z3FBTC1WTUhLYkNnd09VTVF0elhwMENKaHJJZzJoN2tacFZHZmMzXzFid1I3a19vQTVSSHRkYXA3ZHFZd084N3JFZHZ5T1pSMU9ueTRCMTdhZnpnRXBBOUltSEs4dVVTMFM2ZWZTblJvVGg2T1FPbXVKQ3pxVVo4XzFYblRza1J0NFhvSnBUTk42cXRTRHFkWlpYRVU5ZHY0dtIBzgFBVV95cUxPRzYydm5ubS1zMi1DZU4xN0JrRlI4bTdQR1NTMHIzLVc2OVp0cG50OXNwdUh4d3drYnE0VDFJX3BHdGd2c2g4YUN1WmZYY2xZS0Q5Smxoa25iN0tKbzhFTTZGeE5ZSldRX2VZV3VhbE5RcjVRbWpvVnhjMy1VR0hfczdmZmZRcWZYcnV5N3JQYnBYUm1sb21XbmNjWWVZSEdpeDJaTWRSTGF3WkdELTJqUkExelRTT012dl9vVFc4Ny00WHA1YWJpbll3ZWU3Zw?oc=5,The Times of India,"Sat, 23 Jul 2022 07:00:00 GMT",2026-06-14T20:36:38.558531,vishing,True,False,candidate,https://timesofindia.indiatimes.com/city/dehradun/after-delhi-doon-becoming-new-hub-of-fake-call-centres/articleshow/93065281.cms
fake police call Uttarakhand,"Uttarakhand 'Soft Target' For Illegal Foreigners, State Police On Alert - ETV Bharat",https://news.google.com/rss/articles/CBMi_wFBVV95cUxOTEVkbzJVdmFoLWdsRTNZQ0FndVhnbkU3WE9KME5objQ3enA4UmxlbElqNGk5TkVXV2hwNWFrTW82ajZkaWxYTXFIZVJEaUlsYWtGNUJxQjhXSUZYMTV6WGgwZlB5a3RmdVJqRFU2V2dQUEFjUEYyRTJRY1pfVGxsaEFwZzNiM0hzX2NaZVRjanJrdGFrQTh4T3kwXzBxLVR0OGZCQ0dodG9XQTMzMHZ3UlN3Y0lsUG1HWnlfeEFFcG5Jd256Ylh6WUlzYllPYVpPdVhIT1dfYmFNLXp6aHhBUmMwZEdXMXlYalZtcWdxWHJpYUhQQmdXYXdGaTVSc2_SAYQCQVVfeXFMTkV3a3pFTFcyWl95VXBucV9La3ExSnpQTS1nMV9XWWJxMmNHYU1PMTZsMzFtZWRUalFoa1hCZ3VsWHJGOEVfNHdhZWxfejZqcW1abU1leldWcXREMGpycEtRaEM0clV2VVBvVnpPd24xUG15WGFfQmdRQ2djQkd4MV8ydXhiRXhZOWotTllVS29SUzJnX2duNUc3NnBvb0lEZ29SeDkxYXQzN2dEdVVZSmQyanY2NXVMQlFNWFAwMW9RbnRjR0lqSDZGU2g4WFlma0hGeXJZdXN3aFdIUUw2NTRQT3BLZjctQlVhbFo2TFRoNjRLMG5UbUhHMnUtamUwem5wVE4?oc=5,ETV Bharat,"Mon, 30 Mar 2026 07:00:00 GMT",2026-06-14T20:36:38.558552,vishing,True,False,candidate,https://www.etvbharat.com/en/state/foreign-nationals-residing-illegally-in-uttarakhand-are-being-apprehended-under-verification-drive-and-operation-kalnemi-enn26033005408
fake police call Uttarakhand,"Uttarakhand: Man Lured With Fake Gold Investments And Then Robbed, 3 Including Ayurvedic Doctor Arrested - ETV Bharat",https://news.google.com/rss/articles/CBMixwFBVV95cUxQYjdiUkVFVkRjd2lfQ1NoYnk4VGVLUWlaN0Q2RWR1V2tBcUNlbUstNDF0RmJaajkxVzNrQi1NQ3V3dndOc2phYUR4R3lISTFidWdzWWlXT2FyTGNEX19iTEo5azhpN3lQcnRYeDQ4TGxZeEk3WTNMTVVfNkhsSFFXWFh5RmdBVjRrZzBnQzVCWjRCY20zbUhaOGxGSW9aVGptNndMLXA2M2IxVXZjTmdCWGFUa2szazlDcVNxNkJaR1NSNFlJSWVJ0gHMAUFVX3lxTE9UdTdRY3haZGRDd0k0c2c5bGVwZXBMNVlUWWdBQVVMZm0xRGY2VTVJTXpwZFBrVXA5ZlJIOFdKU3Zqak45YnZqbUgwM1Iza2hZSkRVOWY5VzliYnpVTDNITUZWN01WcG1JeGFWWmdFdmZzR01FVkFXUWV4Snoybl9Uc1RkVUVtVDVZOUFuSnRVOFV3dXJ4UmYxUWZwSjJON2ExbWd5WEtPZ1ZSY044STl3akpwREFEcmdmT19HUUZfTEt0MG5SZ0ZUQ1N4dw?oc=5,ETV Bharat,"Sun, 22 Jun 2025 07:00:00 GMT",2026-06-14T20:36:38.558579,vishing,True,False,candidate,https://www.etvbharat.com/en/!bharat/udham-singh-nagar-police-gang-robbery-fake-gold-arrested-accused-uttarakhand-enn25062200971
fake police call Uttarakhand,‘Spreading rumours’ of Dhami exit in Uttarakhand? You could face police action as it ‘disrupts rescue ops’ - ThePrint,https://news.google.com/rss/articles/CBMixwFBVV95cUxPel9CcXNXX0UwOTdaNkhpY2FKNUVKTDdnbEFqdmRIZTRvQ1VmekxjczItTDZjcVRDRE5JNGh6YWtHSXZIeXREZGQtTDdMVDVFb1RJN2FyOFpxQS1mM0pub1plWE9WajRWMy1abFlFbW81Q3ZjNHR5N1lFdjR4V1h2OE5Uc1lROWtER1Q1bnI0b0MzVzYzRV9YdWdLT0U2YU56RnFGY2F4Zm1KUFUwZkhyYUk3VTRpcDZrSnF6MFBCWVdOTWIzYzlr0gHMAUFVX3lxTE80Zll4eDl0MVkweVVkUzNKcjhNNHpSOUpPaWdIcVNkZUNDY2xWLXZKblh0S3pCT3hSbW5PbUlqMEo2b0t1ZmJLRDBac3E5VUhGQTVpUC1SVlVrdlVvZmtvRWFmSVRkdnpkQXVTekxoUDBRVnpDajVDT3h3MFgzb280QkgydUdJbmpSZk5rNHNPUmNKSF9qTnAtS0kxd2pHN3F6N1J5UnJBYjZSbDdYS2dfR296c09MVkNPcFM1VWtULXlwbzZZSFFQak9TSw?oc=5,ThePrint,"Fri, 05 Sep 2025 07:00:00 GMT",2026-06-14T20:36:38.558604,vishing,True,False,candidate,https://theprint.in/politics/uttarakhand-police-warns-against-spreading-rumours-of-cm-dhamis-exit-disrupting-relief-ops/2736305/
fake police call Uttarakhand,"Farmer duped of Rs 4 cr in land fraud commits suicide, Uttarakhand CM orders inquiry - DT Next",https://news.google.com/rss/articles/CBMiuwFBVV95cUxObWpHdk96aXNXN3RSSWFCVUU5MnRid0I0cHdBMmQweVJLUWtGbzJfZ2d4SDFaYkJmc0tndjhyMy02Vm9PUUNadVd6c0dJcG1ZTy1lWE1LMkxUeXVkcUpyY3VDblYyc0RmczY4dUdrbFQ2cUcyRUhPMHZDeEpwZUpQbzk5T2Eyektqdm1MMkpUY01URzJVZ3BFdTNpR3FkLS1fNzNCMTgxY1duVVlWVTVZQkw1M2xUM19Fel9r0gHIAUFVX3lxTE9oZldFOW03d1U0UkNOM3o5T2FJT0ZMLVFkTzJTR05IRGJ1VTMtcHdxYXJ6ZUFtMU9hS3d3YmNCSVN4WlV2aFYzUlVydUZzSV80UGVtdk9qRTkwZmQwU0l6enRmWFh3VDdsZlMtYWwxWm16bFBsMHFTYjNKLWtYNXQtbERrQ251QmtWNXUzZ3JNX1ktM2gySFB2UDl3Y1R5VTNhc3NTYktRb2VDUzZMOWRoOUFIOVY2Rk1BMUw2Z05xVnNZYmJHSTNs?oc=5,DT Next,"Mon, 12 Jan 2026 08:00:00 GMT",2026-06-14T20:36:38.558623,vishing,True,False,candidate,https://www.dtnext.in/news/national/farmer-duped-of-rs-4-cr-in-land-fraud-commits-suicide-uttarakhand-cm-orders-inquiry
fake police call Uttarakhand,‘Has anyone kept their hand on you?’: Uttarakhand HC calls ‘Mohammad’ Deepak’s petition bid to ‘influence investigation’ - The Indian Express,https://news.google.com/rss/articles/CBMiugFBVV95cUxNc05KQUtTSlVyYkctNHJXN21Ienk3OFZHY2lMck5aMEViNmFRSFR3eG1XZHVlbDROU3FQRG9jdVdueHVwM01jbjJrRDFWdmF4bS1td2Q5U3k5RlgxRnJ5TWZ2VUt3SWJUX3lCNHRwaEJ3T2c2MU1SMVNBYzN6enN5RlRsaVFXRzZXdmZza1pQTEhmdkZPUy1JWE8xT3MtcHBrRzZLNXRZT0lwbmtscldlUWs5UHpBZnZjelHSAcABQVVfeXFMTm84UW9vTFpMaGdTbkdHRTJ1eFRMVFA4bzNYQ2M5eURFNW55bGdHLVlsODFQYXRpTUVDRlk3OUNQNEJacW5YMXZVZ24tU1FjV1lNYW9Qelpid1JsMTZaeU9PMEN0OHhkTVQ0cUc0YUpzSjQ4UEJ1RE9VZ3Y4eVJyNWphSUxZWDcxV3J0bDFST2RvdVhfY2p0RE9WNWpkMWcwejQ3aFNwRGlUQk1IUTU0R3JJcjdqcVNJX2RzanhtTkZ6?oc=5,The Indian Express,"Thu, 19 Mar 2026 07:00:00 GMT",2026-06-14T20:36:38.558678,vishing,True,False,candidate,https://indianexpress.com/article/legal-news/mohammad-deepak-petition-uttarakhand-hc-influence-investigation-10590888/
impersonation Uttarakhand,Relief for lawyers as Uttarakhand continues offline document registration - Pioneer Edge,https://news.google.com/rss/articles/CBMingFBVV95cUxQVkg3a21BZmxuTG5nTFotU0RXMS1ka28tQVhtMDNZWGF3QWpLQ1BQRGx4TzVsRGJUMlJPTllGQS1XUHVkekI5N1lQNnlsTWRwRzNNMFBlOW1ET25GU0JQWVVVTFpBeTdFRVNsYkwyN3RvejlqVXRJTk96ZV9YNXRYTzBDY0M4b3g2d3NvVl9pV2lGb2IyUEk4SndWN1Q5dw?oc=5,Pioneer Edge,"Sun, 10 May 2026 16:47:36 GMT",2026-06-14T20:36:45.311135,impersonation_identity_theft,True,False,candidate,https://pioneeredge.in/relief-for-lawyers-as-uttarakhand-continues-offline-document-registration/
impersonation Uttarakhand,"Uttarakhand IAS officer’s name, photo misused in extortion attempt - The Statesman",https://news.google.com/rss/articles/CBMitgFBVV95cUxQZjR3WlVVWEFjZkNZQW51M1VhWGFTZUtnR0p0dDNxRFRWYVctVWJwaGtjSVZvSmVwUG9xdVZoTFJBU1p5UWg1c3l5c2haNzJKdmJhaU1UdEdKNlNYLWFJd3pzZ3U3VGUwYVlSZkFIQ1VINnBtZ0JpaXI2akRtWmdNSWx4azByclIzZlNMQnJHby04cDIxUmpkWmxGcnRuazJkX25fTVdoeGZSc01pVDNOQjFkZ3FId9IBuwFBVV95cUxQYlNOM2drWlFFTGhaa1czYWVpNERMWVJUQ3FEbkJYTUppTFJaWjZOcU5ZeUdLRGVER1liRXkxN1M3OUJDeFZpY3FXbkRCUDVxU0l2bFhTWWZST0ZwRllXSnVNbTZsWkUzMXQ3YWVURkdRMUVDc01qdmt1T0sycXBaMjdWaDNreGM0RG40X1cwZlhOZ0xrY2dBVmMzXzFKVlQ3Zm1ieGRoYy12SllLTHo1cTR2eHhwUHB0YUNF?oc=5,The Statesman,"Tue, 08 Jul 2025 07:00:00 GMT",2026-06-14T20:36:45.311265,impersonation_identity_theft,True,False,candidate,https://www.thestatesman.com/india/uttarakhand-ias-officers-name-photo-misused-in-extortion-attempt-1503455148.html
impersonation Uttarakhand,"Uttarakhand Launches Drive Against Impostor-Sadhus, 25 Intercepted, Including a Bangladeshi - ETV Bharat",https://news.google.com/rss/articles/CBMi2AFBVV95cUxQMTJrWURKMjBXZHl3Y04wN2x3WlAxRTVZU1ZUb1pfOHJpMFAteHpnbF9WSndpV2hWWU5MT3JJOVN1eC1fSTl0dC1rbjUwbFJfb2ZvOGJSbTBvX00yRVpJRTdRYmZaQU9XOTd5UDFyb2RUT2ZGOXo2ZmtERjFmRUk3ajNVWXFIeXNxUUVIZWlQT183RFlqSmx6aWxfejB6bS1wWWhtMjQwTkpuWjJJVnRuTG1nRUczNU1wNDlHbHhkZlVlb09fdzAwZWVxTTJlZWJHMHlLSThSbmTSAd4BQVVfeXFMUEhGWTFmZ1IwV0x1clpKT282ME51MUQ2bHh3Mm9KYmF6WU5YRFZIdldsRUlBUVp6aTdQRHJjV25XbFMzUHN3MEcwUE5QUE1rRmhxbTlOSlZOdkIwRjBSWXpGM0JpcGY0aDFLb0QtbFhIS21URDVXZHUwN2ZzZHBib05hTVNub0ZsTUNaLXlsUXk0NFZ4a19fNm5iUnpLazkzbTVLMDNMQUZSQzJtZWJlLVhiUUpOOUZMX3BQNi1XU2gwNmlGUHF2M0pPbHBBb0NhdjhOT2w3N1BjZF9yemln?oc=5,ETV Bharat,"Fri, 11 Jul 2025 07:00:00 GMT",2026-06-14T20:36:45.311319,impersonation_identity_theft,True,False,candidate,https://www.etvbharat.com/en/!bharat/uttarakhand-launches-drive-against-impostor-sadhus-25-intercepted-including-a-bangladeshi-enn25071104863
impersonation Uttarakhand,Uttarakhand to launch ‘Operation Kalanemi’ against fake saints - The Hindu,https://news.google.com/rss/articles/CBMiywFBVV95cUxOdlRMa1BWcmFmQjBkSVlMRUIwdjMwY05qNjlHUnp4c2RKVDFPY1A0NVBEZmEwSERIbWtBU2pTbnZXUEktNWNJVjBKT2FzSVFyNF82QWJiaE1hbnkydDBjMXpzNHVVX3UxWEZsdHdvTnVuNVJ1NnhfYS1oY3psd1BuSERmUVVnaUFGOFd4MU03amI3cm1zZ0xLUjJQXzQwa0ZMX2k0cWFIelJXQTduT1lsMnVrTWl4N0tfcWFvWURwc2tWVzBGSHF2dEJzZ9IB0gFBVV95cUxQUUlaZ2dCMHNyWVNGRzN4OFZrcG0ycENiR3BHVnVLdmx0bjltUFR1RmQxOHdnS0Y5MVlUMFZzQ3RUandCcy1Ed2h5a21lSGF3MFcyQU1nUmpXQVgzUlB0bWd0S3VSU0dGQ2U5V1lwSGN1cDhMeHFLT3UzNnJYeFp6RVdGNThScFM2WC03WTRTYXFyNDdDUkRzdDFsWnB4WkIwSlZXZ3EzY1Q0YTM4RUx6MlJQd1lsVzNQN1BQaVl4QWNVUl9ZaHVMZjRSWUtScXJfSmc?oc=5,The Hindu,"Thu, 10 Jul 2025 07:00:00 GMT",2026-06-14T20:36:45.311333,impersonation_identity_theft,True,False,candidate,https://www.thehindu.com/news/national/uttarakhand/uttarakhand-to-launch-operation-kalanemi-against-fake-saints/article69796635.ece
impersonation Uttarakhand,Operation Kaalnemi: Uttarakhand CM Dhami cracks down on fake saints; 'identify and arrest them' - The Times of India,https://news.google.com/rss/articles/CBMi-wFBVV95cUxNS0hsZmhYbHV6STZqSTN3M21KNm9zeFRPZmNrZmVzN3J4dUpqMTZoZHExSzM5VG82Tm0yMEZmRjVadnNla25QSTM4enN4akZ1OHFhem9IdmhIZG9YbG5GaE9lUnZIY09HWGRhV2g4VVRqcmdVSjFkVEFqQUE0dU9YdEtiMEdFN0lZTlVaYm5YblJyZVRjY3N0NWlnamNZdEdlaGN5dm8yaG90MmpvSW1vTUNtQV9CSFdBZlJtRTc2OFhvTzd4UEVYejVNcDRrX1hST28tWjM4UW1BM3hjZS1tc2FQcmMybUdmcHNvS2swSVJRSkZjejQ2cnNqd9IBgAJBVV95cUxPbXl5NG5HcXdER0QwdmdlcjNjdXVLT0pUZjRUUUxrc3pQSTdqQm9HNjIxemUxMm9XbEVCaVNJS1pFYm4tM09LXzYzdmpLRVhNa2hqUWhnVGFlQ3NSQnlSNF9nNVdYaC1BamRzZ3JsUjVnNW5aWnlXYnFtSVM4Ri03R2RtYTZad0daYUpjQllXYmZIRjg0eDVQN0VLWWU4YWV4b1VmbWVZMDdVOHBuUG5sZFRaMHZub29rYWRiX3BiQ0ZCVk9odjd3QjFONHI5RmJqV3FwbTVXelI1Z3YydmtwSmx1T1ZtSXc2a2tRTzEyb282aUw0UGRMVXRaQ2QzZlZk?oc=5,The Times of India,"Thu, 10 Jul 2025 07:00:00 GMT",2026-06-14T20:36:45.311346,impersonation_identity_theft,True,False,candidate,https://timesofindia.indiatimes.com/city/dehradun/operation-kaalnemi-uttarakhand-cm-dhami-cracks-down-on-fake-saints-identify-and-arrest-them/articleshow/122369129.cms
impersonation Uttarakhand,"Woman poses as man, marries two women for dowry in Nainital | Hindustan Times - Hindustan Times",https://news.google.com/rss/articles/CBMizAFBVV95cUxPemFxYXl1cVdHUmpkMVhDeXZqTVJnVG9hdFNpLWJZQXJjNUJvY1poWXVCcGY1ZkR1ekUwYThtUGJoUlB5OTJMMkdTbmdPY3VaYnhYVnVaeVhTQTBqNjJuQTFvRmo0TFFyeFFTTXg2MTF5SWR0QkI2ZHVTYVdpd1pwWXNubERMcmQ4cE00YVkyUVBRRmFNakhlcVhyN3BKYXlrYXhCSUFCNVNIeHZ6STlETWdhSjc2Ykp0NnpVTDQxVER6ZGZWQnR0a01MNFHSAdIBQVVfeXFMTWVib1dleHhDYm9VbGxVbUctY294Mnc0bDF4OXY5VGg2RllweEduM0huQjJ2MmNPaGNtc2UyZ2c3RXZMMExaSFBKbEUtbi1OVjc1MTFHOE9qdEtBWWc5cDZPMGg2REZIaDk2cnptTldlS0cxdHZJWk1wYm8tdEVIS29uaGtITEhadTFWR3VoR1p5aGg1Ty1KUkNnRFptZExiZ0M3NzZLWnI3N0lxMV9NUC04SEJza1lkcE0weDlEeFYxVmYtWnk0YW5KeW8za3MyekVB?oc=5,Hindustan Times,"Fri, 16 Feb 2018 08:00:00 GMT",2026-06-14T20:36:45.311495,impersonation_identity_theft,True,False,candidate,https://www.hindustantimes.com/dehradun/woman-poses-as-man-marries-two-women-for-dowry-in-nainital/story-FrrrJgVCswyQvFRPDuTVdM.html
identity theft Uttarakhand,"Uttarakhand police recovers over Rs 10 crore worth of stolen, lost mobiles through CEIR portal - The New Indian Express",https://news.google.com/rss/articles/CBMi3AFBVV95cUxPRVFQVjRraTlXcFZkNms4WVpMV0k4MU9mVlhySkRQYzdVU0ZLcG9yanhxSjk5SGtJU3kzeXRGZmJSZVhkYzU4NGhPRnBSNGJ3U0FnNEFDTVlCajNVenRVY2dUempTVVpuX2VUR2wwa2tUUVZKNmE3Vi1XR2lmc2h5ZW0xVUM3Vy10dkVBdExwY2dkU1NQUnVETk9xZFRZdWtCMEIyY09EaEVlTFFPdW5KbDZNdHhQWThiRmp0bzlXcUtvZ2FqbmFtMFY1ZHRBOFVBNTZtcEtxR2ZNZXhP0gHqAUFVX3lxTE41cy1YVUZCNWo1N0VkUmlrbFRrbHNxekhDS3pwUXFqVFZwR0RoNHREMm4wOW9oSmRRT3h4UjdNbGRvVDZJS3ZTRVF6NVBGWmVES0JvenpLOGdLZjJ1amstclZreFpvTk9JN2lTSnBCT1J0ZnJwZmxzUVRTRFBEY19yWUlNdk1NX1cyMzVUcFhTSWkzeVlodUExMkdlclp6NExJYkJIZHBrc0l1aGI2ZWpMREZHREFDSXJiMTZoY0lKcGgwT1VyZlFRbDNZSEpiZE54d2ZvNWRKc3JyaWhxOVQ3Qlo0aGNjV01iQQ?oc=5,The New Indian Express,"Mon, 27 Oct 2025 07:00:00 GMT",2026-06-14T20:36:47.924909,impersonation_identity_theft,True,False,candidate,https://www.newindianexpress.com/india/2025/Oct/27/uttarakhand-police-recovers-over-rs-10-crore-worth-of-stolen-lost-mobiles-through-ceir-portal
identity theft Uttarakhand,UCC: Uttarakhand says foreigners can register marriage sans Aadhaar - The Times of India,https://news.google.com/rss/articles/CBMi0wFBVV95cUxQR09xck1VN3ZKTVF5RFZsWktWY1NCajBOWmZxajdMZXh5X0pNTzhGSk83QkZRdjNSaHUtTEotVUdPRlpJcHRrTUYxTy1mdUJTYmVpTVZEbm82VC1CT3lKYVZ1cU5WbXlZYU5Vb0VoQWNKckRycGtER2psa09YS0kwWEF2aU5uVXhHLU55elJodnhjQVhrVUFLeFl4RldwaFF6c01SRG9WVzNtYk9fcmVucDEwTFY4UWxiclJqSG1CaEFsc0w5M19Pc2dIalByODRyeGZ30gHYAUFVX3lxTE4yYlZHLXZycFVHWjIxN0Y1bHU2WDEyODQ1M2dPa0NOUGxQQ18yd3VMN0pQeENucjdrOV95azBKT2NkTTNrT0c1em5YeTJ1bDRSMkJJY3dKRzFCRXBBMVluanZEOGMtTlhyTXRDZFUxUkdLUC1EdUJmalFwUEthd3B2MXkwN28tb2VXejhSV3lRTF9tMGFmclV3emF5bWtZU0g0RC1NelFGNUM4LWRzSGpWSUlFaVdmUENOYmZjcy1PZDQxdWpHdHowNF9KS3BLRWl3S2RaZk0yOQ?oc=5,The Times of India,"Tue, 14 Oct 2025 07:00:00 GMT",2026-06-14T20:36:47.924952,impersonation_identity_theft,True,False,candidate,https://timesofindia.indiatimes.com/city/dehradun/ucc-ukhand-says-foreigners-can-register-marriage-sans-aadhaar/articleshow/124530902.cms
identity theft Uttarakhand,"Uttarakhand Man Faked Name And Religion To Marry Woman, Killed Her When Exposed - News18",https://news.google.com/rss/articles/CBMixgFBVV95cUxPX0dZT2tlN296X1I3Q2FxSndUaU8zbHB4ZkVzUWFwQ2cwQjgtdUNWdXJ0QURqR3E5eXlqVW9SQWNaM1VjWjhuamJub0lKV0swTVVIcV9YYjNNMmFTc1lWT3BLbzVHOU1TMFJfcDM5S1dYNHQ4NWdnMmJHYlY0c2NTRjBPLTRRNXJkWDVWcjdQcG9aWE5mSDBnUkFheUZJWklRUDB2ZU1YZUtLeVEySElPM3hENkNPT0g2cTZ0eGJJdUY0ZFcwclHSAcsBQVVfeXFMTzlNZ0ZQMVVBaUlhV1pFT29KT3FWZUs2amhIOHZNRHRVYV85YXdZVFJ4RzN4N0RkTXpQXzVRVDFYR2tQTk0tVHFqODZFNTZMakZMTnlkcHlFdzlRYjFqSXhwN1JOYTkyU0RyNTRRN3I1dmh2MVVCZzFxbU9nSmJQYmI5NGlSYUhRM3BhbGpWcUc5TVI2azVfTWV2ZHFYWlR3UjV5TnFITDk1RHN6UEtVVERCYTdqRWVvak55c0dGbGVreFM1TWhLRHRFcXc?oc=5,News18,"Thu, 01 May 2025 07:25:54 GMT",2026-06-14T20:36:47.925011,impersonation_identity_theft,True,False,candidate,https://www.news18.com/india/uttarakhand-man-faked-name-and-religion-to-marry-woman-killed-her-when-exposed-ws-dkl-9319699.html
identity theft Uttarakhand,Uttarakhand recorded 195% increase in cybercrimes in 2021: NCRB | Hindustan Times - Hindustan Times,https://news.google.com/rss/articles/CBMizwFBVV95cUxPT052VGI5Y3NhckNZdkMtXzJCSW1OX3Y4d3k1Y2c3cDVfX1l4T1ZOeVZpV3BNbDhFeldPVlpqdmVfMlFfbHpadWVUd2RrRWRDc3ljZ1c5aTJST0o3bUZIajlpZUdsd19OSmJjY1RKbk1uTFh5SzUzaUYtenVCb21IOHI4Z3VtT1B5Rno5X0tqM0x0T0N5dzctZXdqb2Z5YV9KeHZvYUpqcUhPbUF0cGtSX0dER1RwSHViTnQxR1YwYTJreW9FUlB1aEdvcVRaazDSAdQBQVVfeXFMTy1uZk4wdEdMUHJNZ2VuTm1tOWJ4M2h2dzVPSjBENWlXVUpXQXR3dGhFbnlyY2p2dnJpeWRmN014UDJzVUZBaFZleTZmQVFVT0llXzBaR3dFNGRnU0JoLVJYdG9HdWZhdU5VSDVKX0lDb1VwNlNqaTN1U29hNzhZdmRKSHZKeWMzX1ptRUUzMjl2LVVTNGRzUWdsSEZrNGxpeGxva1d3QmQ5TFhCVEgtMklUTVJlSkxJX0pqaGZyRGRaQ2VnREpKQWw2Ui1iM2hJdnJveGg?oc=5,Hindustan Times,"Wed, 31 Aug 2022 07:00:00 GMT",2026-06-14T20:36:47.925047,impersonation_identity_theft,True,False,candidate,https://www.hindustantimes.com/cities/dehradun-news/uttarakhand-recorded-195-increase-in-cybercrimes-in-2021-ncrb-101661952630149.html
identity theft Uttarakhand,"Drone scare in UP and Uttarakhand: Man dies, 2 lynching attempts in Amroha - The Times of India",https://news.google.com/rss/articles/CBMi3gFBVV95cUxNeXJ1QnFmZFozLXN0dVlGRXc5M0l2X3ZKZ21sd2pDNHBrTWFqTFNfa3FqY0VJOXVNNE9QOUQ4T1lGczRMdmZveFBTRzdNbi1lSGlRNWkxX084ZmxScC1RVzAwTlhpWmNuN0s2cFd3RGdDcFktbFlVUkU3OXdmTWlYZzNKR3l5ejV1ZlY3bVhWbjNuM3BydGE0UVcyeDBiRGFabll1dEJXSGRsTFdjSzNKV0JHcVVSbFhkU1FNSGNuSGo1OHdndDdIa2paUE53UEt2V3R4Q2NCbnFJZ1AtX2fSAeMBQVVfeXFMT2kyZWh4WVU0eGVoaVQ3RExBZ2ZNbXJnOXoxbmlTOXZaeWJkUGJHX0ViVDlCTDl5a2pKTVotX1BER0kyQmdUWnJMRThPLXNlUkJ1ZkwzWDlaMkJ5RUR2ZmN0ZU4zbW9PSDhEdDd2eG9Kd1djYnpzODhSS29GYWt0RVR4TzQ0YzU5eWhIb1JUa3RrMGQ2dGZ1dExkUDVnWTdNMWRvckxZak04cGRudXFocEpQRkFmamxidnB5MVNHMlBneW9CR3lvbkV6TkpIdnB2WTVZellOajJ4QVptQTVKbVcwc1E?oc=5,The Times of India,"Sun, 27 Jul 2025 07:00:00 GMT",2026-06-14T20:36:47.925058,impersonation_identity_theft,True,False,candidate,https://timesofindia.indiatimes.com/city/meerut/ukhand-man-dies-2-lynching-attempts-in-up-as-drone-scare-triggers-chaos/articleshow/122926232.cms
identity theft Uttarakhand,Uttarakhand implements UCC amendment ordinance - The Hindu,https://news.google.com/rss/articles/CBMiuAFBVV95cUxPbmtqVUQ2OENyR1VfS2N1aTNlZFpOR2JVbmdKZEhic3N4RWQ3TC1TNk4tWjNwUnRYSnZKVzZBTU83TzFmbUhsYl9QcElsc3pUZW1qWTFNSzNfVUNodU4wZmI4ckFBT0hVMVc3T2FXT0lnNnVZMUd0NWVLLWdzSjhSUWFPSkxHWndYLTMzSDZUbHZoYjE5SmwweEJlWF9oWnphd1JQbDJYem9rbFpPQzRiXzZPejFzMkY40gG_AUFVX3lxTFBIVFU4b3JZQTNkc0E1VTV3TWFPQjBIeGhFT2xXUjRjd3MxVXI4eXhYUmxRTVlmZ2ZNY282T1IxN3pRRnZpR05BUnhjNTRxTTBsVTBpd1ktb2g0dkJsV0liT1g1S3FuY2NyVXczbFJlTUNxZUlJZDBkSDdrSC1lakpGVEEzRHpjVEp1N09mcXIwNTFUUFo5YTZQcTY0MWUxOEdHMFl0MlNmanBMLU5OeGlLLVgxQUlELXppTDlhUkpj?oc=5,The Hindu,"Tue, 27 Jan 2026 08:00:00 GMT",2026-06-14T20:36:47.925086,impersonation_identity_theft,True,False,candidate,https://www.thehindu.com/news/national/uttarakhand/uttarakhand-implements-ucc-amendment-ordinance/article70555002.ece
identity theft Uttarakhand,Uttarakhand police to carry out a drive against ‘foreign infiltrators’ living in state - The Times of India,https://news.google.com/rss/articles/CBMi8gFBVV95cUxPXzJkbXoyX1BJeEt4Ui1kMUJGcTVvRFN4SVlpME05ODhnSjZaNXdqUFNwNXFWQ2Z3dGlCMmEwb2NwT25FNE9yMjJLS0NYd2tNM0VCREU3U1hxUTFkOWNqaHJaMGVrLXhnZTdYeDJ4dWNpZlR1ZUwxQzZyN28wRXR1M3BPZnNfZGNJaDBWQ0h3ZHN6UHJvUzNkUEZtb0xuRGF5X3VBZWUxbll3MzN0eXY4aGd2d1R2eE9hS0VPdEQ3QlhvZkZGRy1sWDhvQzY3M3FxVGFRckl3OVpyUTVWaERfQmhfdmZWYnV4Z3ViWEVXUmpSZ9IB9wFBVV95cUxPTUs4MTJhWm9IZF9RMjBneW4zLURONHFIa3F0TmlBODMwN1VFNU5oaXB3Q0VvMjZRRTM3c3RCc3Nyb2tTSmVlbUdkX3NjRy1VcmxrelU0SWJ1a3FkbWpha0dJS2JPMlBZVVpPZTJyVllJcFdleTlWWGlIaVZyOW9jWFdjZXJabERwTWdtQmlLVVd1aWgxVDdvd2xZNlJmeHVSNHN6M0c0ajNBUjF2RnV3U3c1NVFuMmZsZ0tnTWx4QTgwME5XR0cwVEtqSDVvWU4xYkptOVpydHNXWlZGOExQSzZTdl8wWENTbldhZldtcjVjUFM4NkNn?oc=5,The Times of India,"Fri, 18 Apr 2025 07:00:00 GMT",2026-06-14T20:36:47.925100,impersonation_identity_theft,True,False,candidate,https://timesofindia.indiatimes.com/city/dehradun/uttarakhand-police-to-carry-out-a-drive-against-foreign-infiltrators-living-in-state/articleshow/120413740.cms
identity theft Uttarakhand,"Rapid population causing demographic changes, warns Uttarakhand government - The Hindu",https://news.google.com/rss/articles/CBMi3gFBVV95cUxObUgtN0pHNFZ4c0ExRjRPVjVMc04yQU9xdVZIbks5ZGF2WjZVZVEtNVA2eE82bHZpLURDb0tweW1UMVcxelVVR0pXeGU0cmJNdTY3eWM2Mk11VXZ2eGU0TmZ2NlZ2cndqUHRmQ2U4Ml94R01rc1RCNERhX29DODd5dFdveW90OVBXM05qYzhpczl0LVYwNVVGUFFDcTVnbWNFbFJqa1V2TUN5SHNwRmY1VjMtXzBrYkpzY0pETnQzUE56OVFWTl9RSWc3c0pPeVQydzE5VENOcWJmWnZXUkHSAeQBQVVfeXFMT0FQNXZWSndtdnpoc1dCZmVzdFV1SnAxVlU1bUN3TVdRRTVid3pXRFV4QmNnb21WTDJGckl1R0p5am9rT09lN0txcGc4SHlkRTBGaF9YSUhESHExUlRBMldUcVNsd0tFYVJPYWd4VnRWNGdlcGphaUg4VXJXcV8xa1E2MDcyZ0xUM0xlMWN1aENxS3ZSN1NhLXR3djRscjZxVk9iTndGUTVyMUYzMkFsd3ZkUXliaDU3WTkwWk0zZS1PUTFMUkszODU2ai1zZ2cyT08yLXBjXzZwNmlQN2JpYmF0a3Fn?oc=5,The Hindu,"Sat, 25 Sep 2021 07:00:00 GMT",2026-06-14T20:36:47.925112,impersonation_identity_theft,True,False,candidate,https://www.thehindu.com/news/national/other-states/rapid-population-causing-demographic-changes-warns-uttarakhand-government/article36663539.ece
identity theft Uttarakhand,TOI explains: Why are Uttarakhand forests turning into unmanageable infernos? - The Times of India,https://news.google.com/rss/articles/CBMiygFBVV95cUxNZHpZVzdZZVFDYjJ3TVZoRW81RVU1bHAxOGRHcjZjYkNmTGhXc3IxdHJrb1NUSUFheXg5dHBLakdhdnloelFLVzJVX2FDUkR1Yy1mTjgtX2RWMUNOcHVKZFRmRFpQT2NJUjF5UzNydFBMZTF2QVdiTVo1azBYTUg1LUxvOUVFSnRfYzJwc24tOFExOWRsSmVFYkJVYUlwbnZVU0hxdmxPQXVGaEFlUlJDWmFPMzJxVHJZbmE4NUJacTVlMTlCcmpVZ0x30gHPAUFVX3lxTE9QeDBWY0JKam5qb3dRcVd4VFhmSWpxMUl4S3JhTDFQTmNQTlV0aWdxazhuVFhGOHFUbEpmTG1nMFN1aTcxc3hzZ2RjZUJReVhMTTV2SEVHRDZOX1ZNSHplOWpGelNHTFkwdjVycHEwMFNPUVFxRE9hNC00NEt3OS1sajl2bE5CVHExVjA5c0lYMG0wajhzLTVtek9xaG1WcFA2M2paQWdGUFZraFExeHJ4czg4SUhFYnRtaXE5Z3Z1RGN6bU1MWnhteXNBRllOcw?oc=5,The Times of India,"Mon, 29 Apr 2024 07:00:00 GMT",2026-06-14T20:36:47.925135,impersonation_identity_theft,True,False,candidate,https://timesofindia.indiatimes.com/city/dehradun/why-are-our-forests-turning-into-unmanageable-infernos/articleshow/109675040.cms
identity theft Uttarakhand,"Uttarakhand eases marriage registration rules under UCC for people of Nepal, Bhutan and Tibet - The Hindu",https://news.google.com/rss/articles/CBMi9gFBVV95cUxNV2g3YW5TZFF0TVhzMkNqOGlwdTdYNmlOZFd3YVRHVFNmOEhWRHBrcnFUSmlZamlaQU8wVmt5NmJRRUZteTBoeEtyWnI1YXFaWmhQTG1QazhlSTlDVEhpU2czRnF2T0dyNXVEU29Va0p6bEtFTFQzRS02d0xUa0w3X256OEdRWk56UkdaRFhaUTZjV2R0OGJkVlBUd0R4aU9tUGhaRWxMa05tbVZrMFBNbExNbUtub3cwclJBTmFEY0RLWVNkbzltMEt4Nkl5MXVWcy0wTVo4NUhwcnV3VFFtX3hxNjktU3ozU3Z5d2hfb2dDTUJQbUHSAfwBQVVfeXFMTVZ6YndNUlZERmRnOXVVd2ZaOUJpa0JpYTlFakppbmJkNDdmRnRLRmw0eGU4OW85MENPc2s1ZUVaZTBaa1M0YmlBVFN5WHM5LUZDQjE5b3ZKSG1wdk1qdHBWRDFGYXRNNXNidkVkbFdaTkVxSUprLU9BZmFQM29BT3hQRWw0TVNvbFN4NmVNQVRXWFJ4c0hJTE8zRUNxQlZVcHBldXpxLXlBUkpvT2ZRa2NzUk1QMndYZGlpVVg2bXdlQnVnNkhUYVh5VU5ORVplaVNwbllpdkRUOXVZRXc4NUZIWWVPZHl0UXpZUlQtSXhNakZSMFJlLWxlUXFp?oc=5,The Hindu,"Mon, 13 Oct 2025 07:00:00 GMT",2026-06-14T20:36:47.925161,impersonation_identity_theft,True,False,candidate,https://www.thehindu.com/news/national/uttarakhand/uttarakhand-eases-marriage-registration-rules-under-ucc-for-people-of-nepal-bhutan-and-tibet/article70158884.ece
identity theft Uttarakhand,Former Uttarakhand DGP booked on charges of fraudulently buying forest land - The Hindu,https://news.google.com/rss/articles/CBMi4AFBVV95cUxPdEdVYW9yNTlyX3ZOdEppRVFjWjBhSnM2V2xla1FPU016MmljOGRtVzlsa2VZd1o2Y1I5UHhLUXYwdnphUms5Y3FtZlVjRGU2djBMMVp0cU5JRl9kSk1BOWw0eXNfQ3VoZGxfTU1Hb2dVUE9qODQ1WDE2U3BtYjl4M1J0NEg4U0doLVhLdHlETk9sQUktOHRLemdIdEJWWElqZEk4dHJ0YlBkNmlmLUxIdzdReERobU9pb21zUnRLTHkwa2ZId3JQX0o3M0N5OWhtRkpzSzRyQnNrVzFYWHNMadIB5wFBVV95cUxON3BxQ3RVQUMzdUFXZjJMamxvODIxUjNtNXR6bGh6UDEtcVBibmNKNG9vTXU5VHlVdXFmVkJBa0ZTU1ZhSkV1VWh2YlR3a3o0RTV0WkZScEQ1TUdEX21Za0hrQWZFb0lsWkFXR05JeHNlcGJBQzlQN2JiU3M4TU1jbDhRVzJvdW01eEE4Z2xZaWxqZm9tb0NTUURPM1JpZDlIZXFGMk5OS05oWmg5V19ZR2FvOWU5WDNsTFZ0Nml2M01TTklLSU1yV1UxNExxODNPRnc3akJGQy0tWE9nUXg2b19QcXotd2s?oc=5,The Hindu,"Wed, 26 Oct 2022 07:00:00 GMT",2026-06-14T20:36:47.925174,impersonation_identity_theft,True,False,candidate,https://www.thehindu.com/news/national/other-states/former-uttarakhand-dgp-booked-on-charges-of-fraudulently-buying-forest-land/article66054248.ece
identity theft Uttarakhand,"Uttarakhand’s diktat for eateries on Kanwar Yatra route: Display licence, registration or face closure - The Indian Express",https://news.google.com/rss/articles/CBMi4wFBVV95cUxNei1KN1ZrelZMdDBPbVlONU5VSnpKUllzVmZTaW56M3FpV3g0cDNBNkhOZlVDUEdOMm85bUxqc1FTQ0ZUOGFxZ0JvclVrTDVESWVyMU13eUxUcEhSX0M2eThtN0JFQkFZQzV0c2tyQnFnaWhzZ1Z4Qk5kM20wMVA3aEROU1dyR2F4TVBwc1VGRWtvSUJNWjBFUHFCOEpGb3Y2NmtqMll1dXlsN3IyR1RXV1QzYjJDTTV4TmJWYV9VT2hzRjNEUE54Z2kyeDg0Y29NSkM3Y1ZKbERvY2lycnFYZ090MNIB6gFBVV95cUxNa1h5a01qQXNyQUp2NmVPT20zM0FOcEVNSU9RN29XRkhDVnh3STFSakZXMFBaZkNFWEdITzRrbGp6SmgxeWlxaFhSQzFJV0xudHNtMVVDT3NnT1BlYVhzTlRiSDZvaHNsaWhfRkFZU2NyNUZiZzF3aUQ0d3NpX1cxZFB3ZThWMm4tWklpMWtjYTlHZUt4cFJpU1VOZjZHYW1zNXRZdlExOENaazdzU2lNV2pQOU5XV1lmUnlTdDJCSnM1cnBHTF9vOFpWcS1uUk9pZ0tRMHk2OF9nbDVWRUJKUFA4Y2JDc1FqTUE?oc=5,The Indian Express,"Wed, 02 Jul 2025 07:00:00 GMT",2026-06-14T20:36:47.925186,impersonation_identity_theft,True,False,candidate,https://indianexpress.com/article/india/uttarakhands-diktat-for-eateries-on-kanwar-yatra-route-display-licence-registration-or-face-closure-10100658/
identity theft Uttarakhand,Saints meet CM Pushkar Dhami on Uttarakhand's silver jubilee; pledge support for Kumbh 2027 - The Times of India,https://news.google.com/rss/articles/CBMi7gFBVV95cUxNRURyTGxLcVV5ZkNzU0VsNlZMTTRVdHJtOWZNVFBFdTlsRGpYQVVqeV9zSXZwcUotb3hEczExSTBVUGpWZXJZY1RnNEdZdkdXYnZyZFQyYjF2RGQ1d09JZVc4OEV4bk44aEJ2OGZYS0ZFQTA2TEJ2WWphcE45NTNyZW5HTGYtYXJQRUQtaGU4OVNVZjV4ZHdVWUQ4WE9OaDVnQjJtNlpQcnM5RGNRU2NyWUg2TzVNc2g3cXpoUVRubmdDM2xxbE1LWU5aY05ncmJ3Z1laRnRlbWRtbVAtSkhFX3B2bS1uUGZUMHBhRWpR0gHzAUFVX3lxTE0yMW9uQTFnVlhJQ01nV0JhamVHTF8xYXl3MUlOV0hRYy0tcVlaTkN4WDNISlEzOFhudjBRZnlBTm1BS0VxSjhkc2JhNFlaWlI0SE9VSGduRmdPM3g3MFJ3clB4M2NRWnlYcGIzODJkN2loRzQxRmdoUEFNUFFrekw5ZW5idjYtTjlDeVhtNC10RGtMTk9Id0xoTDQtUjZ6eGVIRm5Wekc1TEkzVHBpUWhORFFvcGl2cV9RNHZJcVc5WGtnWHNlM2xVMDBGUm1zQ0JCWHYtXzdmNF9hYi1CcjdNOHJ2QVpmaFU0VlA5X0YxMzJBYw?oc=5,The Times of India,"Wed, 05 Nov 2025 08:00:00 GMT",2026-06-14T20:36:47.925198,impersonation_identity_theft,True,False,candidate,https://timesofindia.indiatimes.com/india/saints-meet-cm-pushkar-dhami-on-uttarakhands-silver-jubilee-pledge-support-for-kumbh-2027/articleshow/125109009.cms
identity theft Uttarakhand,Father celebrates daughter's first period with cake and balloons in Uttarakhand - The Times of India,https://news.google.com/rss/articles/CBMi7wFBVV95cUxPcFNfWXFZWGNvX2lwRDBRdzBMdGZFNXhJa3ppLXlaYWpsWDlJLWs2WjBvenkxbl9Fczk3R1p3OW9BNzYxcmNicE94MVNaUXUtTGpqZkxkRFhSdjF4M09zX3BhQ2FyRlNla1hzR29nMWFuNmphSkJfZ0FGMkxNZjVaNDRFUmZXbFVHeENPMUJvX3ZXMDVtMWhuNU0xRmIxVWJRNkNDR3M5VmxDNnJnYUNVS2txNHhKZXBfbjlxMmtQMzF5VENhSmlUZThGeFpMNTFEdUFCaVhLRU1FdElyZnJvS2VxcjlvNmFILTN2WFExRdIB9AFBVV95cUxOUWdJZG5yYXhsS19TZU1OZ3RtLVBZdmlKc0h6NW1PcG5hWi05dzZNNklKUUtXZjIxUHdWZ3JLZWpkb016a0pVZEtjUFVSbEhJVEhFWjdURFNPbUYtRll3SWRlMjdOV1MwTnQ0YjFVLW1WcWNtdlhLbXB0Ym44MktBcG9fdVdmUWgxMTlaMElFbTVXVEdxSU85UkVtbE84OF9UYzVUUGhtU0tuMG1vYnJUeWFjcEFyd0w1bWl0UHMzaXI3b1Z4SzZLYkNwa3VQLUJNVnZrUTRqcnMxNVE2N3Y1Q0Ixb0k0T015cWxWY1pFZzBnRUgt?oc=5,The Times of India,"Fri, 21 Jul 2023 07:00:00 GMT",2026-06-14T20:36:47.925315,impersonation_identity_theft,True,False,candidate,https://timesofindia.indiatimes.com/videos/toi-original/father-celebrates-daughters-first-period-with-cake-and-balloons-in-uttarakhand/videoshow/102021712.cms
identity theft Uttarakhand,Special bus boost for pahari tourism in Uttarakhand | Hindustan Times - Hindustan Times,https://news.google.com/rss/articles/CBMiwwFBVV95cUxNTDFmemcwZl9Gc2J2U2xnWGc3RHNyb2k1UFdGUHNHTWlaVmVUZ0gxR0NTa3hKdm9YNjdDZkZyRTBfcjBYR0xubjY4X2Y3SjltLXA3OG1HdTUzM0M3Z1U4UEFEcFotRi1TUTNqblNXRjY1VE53T2lmeFppOEhQQ3ZvaFJnd01xMlpJZ21xeE4yUzhvelAzbTduR1NXaGRoN0dmYVBHOU9VeU9ISl9aTE1qYlNETFdlcUswbUVzNnFnQ3FISjjSAcgBQVVfeXFMTUV4WXVhZkFTRlpsX2VFRzVMYVRzNi02QU95RjRMSlNvdTE2TnJubDVOSGhPc1Uxb3A0M1dFcUFLSTVTb3dWNndJZm84VVk5SURLbjRSWFU0QktoaHFDbkJXMHFURVFGX2ZMWEVkY2JfaEx5SVlyUHBwemtWcFhmempRcjNzN196TnBraTJvNVNkaFVHa3dULS1rTzhlS0I2T0hjM0dXZ0hFLTJiT0VsQkNzZnZpV1lSVm9SV1lyZHhlajBWSm12UGY?oc=5,Hindustan Times,"Tue, 17 Jul 2018 07:00:00 GMT",2026-06-14T20:36:47.925338,impersonation_identity_theft,True,False,candidate,https://www.hindustantimes.com/dehradun/special-bus-boost-for-pahari-tourism-in-uttarakhand/story-JY00ABGrJgGV5k5KI5OJsI.html
identity theft Uttarakhand,"Tourist Steels Paneer Kept Outside Dairy In Uttarakhand's Nainital, Viral CCTV Sparks Anger - Asianet Newsable",https://news.google.com/rss/articles/CBMi-AFBVV95cUxPT3lpVGkzZUhKYVJYbkc0V1czdUtNdE1vbUdmZ3QwRWU0ajJVTDdQMGxIcm9tOHV0Mzctdk1SYkpKNnFoSU5RNDFpMDdpdjEyS0xUMXlSVl81bFNYak0wcFJ0TWtLNlRlemhJSWtpTXlFLUtEbkxrUTI5SDg2U1g2Nm5qWWlLTkNoQXBvcE14Z2xTOWJvUm12YnY1NnVGdU5GQm00dmU2amVSY01pR1RvWDJELVN4RGtmcWxoUkc4Zm5YLWRNekxlTXNGclNpSllVejdhcU5YVVVWVXNwMVhWU3pNOTFmcDhsR095SjZENlNJQzEyREptd9IB_gFBVV95cUxPNGRqQ0lFRFh3MFhndmUybVVTNVZ6N0h3OHVMZVJnbFJ5dWdTdFhyWDNiU0NFb3MwbkJiNURxMDRHY3NoaTZRdXYzV1JqZE5Nd3VaTktfYjVfaTBiMFYzNExZekpEd01teHNheGZ1Y3JpTk9pZnpoWEFxdEU4emVVUHhxcUpvLUdOY0ZWZVBDZDZQTjV0dWNnOTlOYklaaFhQYUJ3bmVKemFSVk1zVHdyQ3Rpd0FEYmdsMkNaSlNsN0JrbUhlMFR0QlNTbGhRaEVxUE5nQk53YmpVeDl4MFVWSThoZjQtVEhNdnl0SFJlS1VzbFhDYTEtWTBlNEV5Zw?oc=5,Asianet Newsable,"Tue, 19 May 2026 07:00:00 GMT",2026-06-14T20:36:47.925350,impersonation_identity_theft,True,False,candidate,https://newsable.asianetnews.com/gallery/india/tourists-in-nainital-uttarakhand-caught-on-cctv-allegedly-stealing-10-kg-paneer-in-bhimtal-police-launch-probe-s1gh4uv
fake identity Uttarakhand,"Bangladeshi woman arrested for illegally living in Dehradun using fake documents, Hindu name - Deccan Herald",https://news.google.com/rss/articles/CBMi3wFBVV95cUxOeGVyRzdPM2xYSGtXZkF5NGFIS3ZWb2ZhRFdOM1NSUFZtS3ItX2o2OUVZMVJzelkwX1RKd2NFWkZqb3NndTk0Zk9KWVR3MXh5U3NKRndLckxBQTByWmFBUnc2S2djMVZiQWpZSVFvSFZVMVhMcURxTWU2MlQzV25uT3ZXbVVHcEpHdVdVbGFzWEF3cTB0bUN2U1lpR2t2NmdwdFBtVFFZN0YwTzBnYUhNRS1vMlAxMlRrZERrU0VqNHEta0dla1d1UG9EaGg4aWE4ZVBpMGhrWkNuZXhxdVNB?oc=5,Deccan Herald,"Tue, 25 Nov 2025 08:00:00 GMT",2026-06-14T20:36:50.480923,impersonation_identity_theft,True,False,candidate,https://www.deccanherald.com/india/uttarakhand/bangladeshi-woman-arrested-for-illegally-living-in-dehradun-using-fake-documents-hindu-name-3810301
fake identity Uttarakhand,Uttarakhand: Bangladeshi illegal immigrant Babli Begum arrested in Dehradun for using fake Hindu identity - organiser.org,https://news.google.com/rss/articles/CBMi5wFBVV95cUxPLThfYkVwd1R6c2VhUU9WY2NkODdlMnkySVBjNXNhdjQ3Q0hQMXZJZnlnWUFwNWJUS2hrLUFYbkw4bzhEUkJiZ01XQ3czNWtkZlV5OWt2RlpXYTdyTWVtUV80UFJaRV82MVFYQkdkamNCeUNsdlU1VG0wb2t0Rk44V3pUQUpNRjBIWndUX00wYU1VMldpdXZzMEUzRTZEdm4zNnFRczhDNVQ1amFpZjlUR1QzYVprX0JjZm1mZnVxX012RjZuUndBQjRXaVZ4WkFkckFpWmUtdUpXUW45T0NMb1lUZFhnV2fSAewBQVVfeXFMTU1PbVlCVG1XY0NPOFlIQWdIRHhzTFpzaWJ1SVN6Yy0zNDl4S0daMzE3STd6WTBqM01JVUpiVTJQSFpBTEYwRldZaXpyeS00QmdqY3NTUVRBN214YTBoU3E5T2oxSjN1aC1zRzMwc2UycENxSm1abWtlMFZTZ3RVTDBvR0ZOSER2TFRja2dkS296RUhJcFlPQnNuZGxMMXhJaThjY0EyZFZkVXZ1elZwMUNhdjZLT2xXVVotVzZTQW1jVFdPcHRmUTdHVFRUSG45eXdEeDJIRXJPeHRjWktDcjE4dm5kMXNKakdTNDg?oc=5,organiser.org,"Wed, 26 Nov 2025 08:00:00 GMT",2026-06-14T20:36:50.480972,impersonation_identity_theft,True,False,candidate,https://organiser.org/2025/11/26/327491/bharat/uttarakhand-bangladeshi-illegal-immigrant-babli-begum-arrested-in-dehradun-for-using-fake-hindu-identity/
fake identity Uttarakhand,"Uttarakhand Targets ‘Fake Sadhus,’ Risking State Overreach into Religious Identity - Newsreel Asia",https://news.google.com/rss/articles/CBMihAFBVV95cUxQTVhkeG1GVHB4eUh1OV9TZWZxRlAyTmZodnNiZmVVaVBYWHFnTGxQOS1HY3g5ZEhNTjFxVldWR2NWMUNRZ05sWUZuT1R5NDV0OVRBUmJoQXc1UHo0ZWVQbWtLYmJfMV9uV3o3OTN1QVVRYzdPMVIxOFc3OHJEQ3c1RFAxZnA?oc=5,Newsreel Asia,"Wed, 16 Jul 2025 07:00:00 GMT",2026-06-14T20:36:50.480984,impersonation_identity_theft,True,False,candidate,https://newsreel.asia/articles/uttarakhand-kanwar-fake-sadhu-police-secularism
fake identity Uttarakhand,Operation Kalanemi: Bangladeshi nationals among 14 'fake babas' arrested in Uttarakhand - The Times of India,https://news.google.com/rss/articles/CBMi8gFBVV95cUxNd1ppcEpvYjluWXRJWVVvcWRlUXdrOWRHYVotcGs3WTRYdkQxYUFOZU5mUzlxUnNoNjNGR09xNldhYUtPQVRvaDZUTkFCcFhReDJQTHZ4MzQ2NEt2OWxxWkhMNy1zcUNONFpJYTR4Y0Rja3hnWVpFY0NLOGFVQ01oOExIVXRpSnp4akNlSERON2hBSGM3N3hsVHExbEdISGdlSXdyUkNxZ1RpZnBOLTlkWWZ6ekUyQ1MwRzhkejB1UU5lR0ZzaHVZZmVGLUJJMVZ4Wjd6eF9UWWhCdU1rc0lzT0Nya3EyTWltMk1iZXFWcWw4d9IB9wFBVV95cUxPSHh0UVNFWjJrU2Z1NktMamVqNVAzQ1ZiZVNqX3JmSG9GR1FEN2UwYkUwNDIwYmtjdDRoTXpLY1NGSjFrLWp1c1Q3bmVTRzJsdHRWX3NvX2RVSHNpWVZBeVZOaTNOV0VFQWU5TWlkNGUwemp3WE9ESlJmTEx0WU9iLUVYSGt6SG95RlNWcngxaEVManYxM0xUVzZjdzE4c2lhaFRubnFEalFub2o2cFVFc3dWbzJHSjdGTkZjdGxTcjVpMzlfUmpkT25mWGQ3R2JZUlo4ellBSi1fdG9lOXVGdDludkFSWU5WVS1ZaEo5X29qUkc3QzZj?oc=5,The Times of India,"Mon, 08 Sep 2025 07:00:00 GMT",2026-06-14T20:36:50.481007,impersonation_identity_theft,True,False,candidate,https://timesofindia.indiatimes.com/city/dehradun/operation-kalanemi-bangladeshi-nationals-among-14-fake-babas-arrested-in-uttarakhand/articleshow/123756442.cms
fake identity Uttarakhand,Over 300 fake 'babas' arrested in Uttarakhand under 'Operation Kalanemi' - Metro Vaartha,https://news.google.com/rss/articles/CBMiswFBVV95cUxPRllLeGR3VzczR0hxTE40MjJpNkZmd1ZpVGgyVlRwT0xZTkM3aV9rQklfVjVGMDZsWldFdENWOEZfcERYNE4wc3preGFQY2lwTGw5NzhQc1VFZDhITkZ1cnhYaUJNRWdqRzBJT1JlVnBvYV9uRGNFQ3lsa1dnYTZVUWdCSFRDNlowQUdQOWpJVUdmWm42d29mcHZmQkdkNzRZanhUQ05ZaXdWbFJGYlNlbzhWWdIBwAFBVV95cUxNVGhMTDdzbG45U1dvNGpTR0JMT1N3TU5UeFVQNkhiRFdZYUFlVHVJZVJaZUY0emFzRVlHdm9MSE5NNWlFRllPZEtKQXh0Q2FMXzJaM0dvMHRPWWNESG5jcURMRm9LeUx3UTVsQms2MUw3dXFKR1ZHZjRqQnZMN1hIUVhOMWY2UWdQOEg0OVlEeTJSUWt0b2xnaGFUZVFDY1p5c3prVHdhT2tfa0N0blA1Q3Y0REhLNTJLTmJFYUJ0U0s?oc=5,Metro Vaartha,"Mon, 25 Aug 2025 07:00:00 GMT",2026-06-14T20:36:50.481019,impersonation_identity_theft,True,False,candidate,https://english.metrovaartha.com/news/states/over-300-fake-babas-arrested-in-uttarakhand-under-operation-kalanemi
fake identity Uttarakhand,"Bangladeshi woman, Indian lover held in Haridwar for using fake IDs - The New Indian Express",https://news.google.com/rss/articles/CBMiuAFBVV95cUxORlRTakp4dnpqYjY0dlBuN3MxUnFQQ2RqSkdxX3RFZjlvSnNiVkRrU1ZhOENkZGF5MVFVOFV1VnVvajdaNEd3Rl9hOVQ0Zmp1ZkJpcEFHamlzLTBMVHAzZEhwendObVRnUWNiakhaU2pHRFZEcWlTU2lURGtoTDEwaTE2UWQ5QkN6Q0wxVkRnY3hJMmItTnhVbG5UamxmdEkxc0RqY2FxSmJGdmYzNVNjSXFrbGlTVFVX0gHGAUFVX3lxTFAzUndzNExrVXgzSV9YWnE5OTRxODNkVnlMeTRKOE9tZl9ybzZzeVoxNHVxRElzNnkydFhrQzBVeXM2U0N4d3NwcGpLandpbEg1clQ4Ymo2Sl9EMi1IU0ljVlMtdlMyUTFTSVdjSlg5YTNiUDFjZGhyMXFJOU5KcF9yWXVZNWxYTnZLRnQ3LXlZaUhnXzRyaVNKN0x0T1RVcmRvYmdGMXJINmRnY3YtZnpPZXo1QnFrbFBCaVVLdkl5aDBPV0JRdw?oc=5,The New Indian Express,"Thu, 09 Apr 2026 07:00:00 GMT",2026-06-14T20:36:50.481042,impersonation_identity_theft,True,False,candidate,https://www.newindianexpress.com/india/2026/Apr/09/bangladeshi-woman-indian-lover-held-in-haridwar-for-using-fake-ids
fake identity Uttarakhand,Bangladeshi Woman Residing Illegally In Haridwar Arrested By Uttarakhand Police - ETV Bharat,https://news.google.com/rss/articles/CBMi9AFBVV95cUxQQWl3dllwMzR2NDM3QUpKMEM0TGV3RjhKZXhjTlNGOEV1SXlMa2pnRWNaVXpXZDZKMUM1MXZ2MldmWlVpVXR0cFJEQW05Yi00dGl5Vzd3SkptWnJKdEN3cHU5Tm5OWTNRNl9Za3I3VzNIT2t0Tl9rWmM5MWVPUUtIOUQ0dTdvX19SM3ZmTi1MSkIwTlpnQS15b0VNRDF0UHM0b1VBV1JIbG5UWEVjc0lKX3JUWVRLekhwVF9DdF9oOGZwUXdjMnFieDRMUnBDMi0xSnZWWGVYOE8wZTFSaUZORFRYd3pRbWJtbWV0djNuUGY5SDY50gH6AUFVX3lxTE45RXlFdUJMSXYtSjJyUVNialRvV0FMTjZrdjRRWWdvUEhaMGFlZTN4VWF5c2RiRGg1WlhqYTRqQzA3ektmbGJJMThlS0dVYVhCbldJekJEYU5wdDBIYXFYcENlWXVCek0yLVNUMzBDb1VFRHZ6dXdQZ19nMlExeDZyLXd0bzU4TWFfS3kwd0pMMU1zUzZ2cFBtNGFqNzdVS1lTVVJkaTF0Wm52bUoxMTFOcUJQQzlDNTA5UUNaczdLM25YQkZkT2dSZ0ZMUHpfay1ZNXJIdm9BZWYyS004eVEwLWdKaFFieUJIMGladEZIWTZiZ21EelhGTkE?oc=5,ETV Bharat,"Thu, 09 Apr 2026 07:00:00 GMT",2026-06-14T20:36:50.481054,impersonation_identity_theft,True,False,candidate,https://www.etvbharat.com/en/state/uttarakhand-haridwar-police-arrested-bangladeshi-woman-along-with-her-lover-for-possessing-fake-indian-documents-enn26040907864
fake identity Uttarakhand,"Bangladesh woman arrested in Rishikesh; foreign ID card, fake Aadhaar recovered - Deccan Herald",https://news.google.com/rss/articles/CBMizAFBVV95cUxQNWh6MlhLVlpwUFhlZEQ0WHJ4RkRFdHB4Q2xlYUNXall2M1NOZ3lZZTlIaURlYjR6SkhMRTZTaTJkRUdKQjZyUnFLWV9LV3RTNDJKSWVvRDVpVFBpT2pyQ2pkZE9EcGRPY1dyM3pwbnE0czJKR1JhcGx3OHdIcjNOUEV3ZENxMUFPWXctWWJGZkZpQlVZUGtjcUFwN1lad1NjZnVhYUhGdkViR052UWZVTDI4Y05Lc25iZnd1MUN4azdIazI3NlgwLUtuTkc?oc=5,Deccan Herald,"Wed, 15 Apr 2026 07:00:00 GMT",2026-06-14T20:36:50.481093,impersonation_identity_theft,True,False,candidate,https://www.deccanherald.com/india/uttarakhand/bangladesh-woman-arrested-in-rishikesh-foreign-id-card-fake-aadhaar-recovered-3969298
fake identity Uttarakhand,"Fake Army Soldier Arrested In Uttarakhand's Roorkee; Police Recover 18 Debit Cards, Fake Documents - ETV Bharat",https://news.google.com/rss/articles/CBMiwAFBVV95cUxOQWRzamk5UFZ4UHNaTG1aMlZFRlY4VkxNTUdTQVZGMFBhWGNVa1lMRnlCTDU4X1dmUjBpbWFvUm1hNnNRaWRORm51bXdmUGY5TWZORWpfQWQ5cllzQ2ZWYWhYM2dkNUNZaVlVMERLamR6dERvM0R0cXFtcGJ4SUVnVEJESWtFQ0tMeVVHRkpNU1RIRE5pWVgtOG80WlVMWEhsc3NXcDNhTjk0MWJBTGJCNm5mbUlQbDhLVm5MVm1ESjXSAcYBQVVfeXFMTzRGZ0wzc3dFVUU4RFpnVFo1T2hXQlJLekxha1NYZ0M3MEd0VXNraXBYeThuN2lvZTBySGV0RzVldlhnQjYxNU1Ld0NOR3dGQzZRN0J5Tl9VWGxtRTZhb0tXT05LdEhCMVhYVFZjNmxjeW50R1hCRTd1MnA2eHphMzVIcXpRSGNsV1YtM1ZrYkJXUkNFdER1M29KYmxIeFZQQVkwNnQteVllUXU5SFBrb1htM0lSVGFkNUtPTFdOVzN5VUU1ZlJR?oc=5,ETV Bharat,"Thu, 09 Oct 2025 07:00:00 GMT",2026-06-14T20:36:50.481117,impersonation_identity_theft,True,False,candidate,https://www.etvbharat.com/en/!state/police-arrested-fake-soldier-from-roorkee-army-area-in-haridwar-district-enn25100905481
fake identity Uttarakhand,Bangladeshi Man Held In Uttarakhand's Pauri For Staying Illegally - ETV Bharat,https://news.google.com/rss/articles/CBMiswFBVV95cUxNZ1NjZy1mdHR1Y056X0dpVmFZYURDWmd3Tk4zZzlKQ0FKdG0yM01HakJqc3hxVEZ0Rk5POVdZLVEtS2xHOWJMZjJxbVZaNTVIVEVEZ0dpNWtDRlJLdzdUSjFKVkZXMGc2WGRNcWFrRlZVbGxXMUVZUUpGYTFtRlMzRE1WWDRscVVsYVNWOHF4THZ2Z2VNSnd2TmFQeFhCQnM0elRIc3R3UVM1Zl84enVxQy1RQdIBuAFBVV95cUxOSHZfalBvd1BXbE5yekxuT1BFOVFZOEVhNHFMbGxtMk12ME1hNjg5MDZzUjJKaWxXbGhVQTkzTnlwdU12MG9sSGZ4WG9Pd0xqX3RlSTd3LXRpemlDMDdhbmJjN2ZWcXZFU0l4akRwUXd1SHRuVjk5SnZ4aVpOeUlzME1NRXN0d0tYWVphMTBwVFR3OTEwdmluNFhNbGlKaTByQ0o4TkMyem51ejhOX1RfSENRNmpUTXJT?oc=5,ETV Bharat,"Sun, 26 Apr 2026 07:00:00 GMT",2026-06-14T20:36:50.481130,impersonation_identity_theft,True,False,candidate,https://www.etvbharat.com/en/state/bangladeshi-man-held-in-uttarakhand-pauri-for-staying-illegally-enn26041806630
fake identity Uttarakhand,Uttarakhand's Operation Kaalnemi Targets Fake Sadhus Preying on Pilgrims - Deccan Chronicle,https://news.google.com/rss/articles/CBMiugFBVV95cUxOTURYbjU2TWc2bDFCd1hDWGlXS1VRS3dWbzA1NEhEVTJObnB6LWNSdTNNR1F0VGh5QUszekw5Y1R2WGVGY2htLUNKVm5qUl9LaVZ6SF9ER0R5QllEbC1sQXNfTU9qdWpVZmN0ZXpZQWllNm10N3NYU3dpZ3ZoeVQ0WTVYX2FqOERzeURDeFlWZVFzNUJ2enZYU1pDb281cW14XzZrRFByRHVyVmdXODVvdVR0dldvNDl4MWfSAb8BQVVfeXFMTm1Jc3hmMHlBakkzQ1dEeFZqOVBDU2VQTS1Mel85dXRfbW1Ed2xYa0xHZHROczB3SkdMSzdVWUc3N1RlcXM0cXNsTVBZeWtSRm1jMVhZaW9CQURBTF9FQXRnRE1NU0pyQlhhVzY2SllFbHhVczR2TVJZR0ZXOVdwZ3VoUW9BY09UcFhOdkVNVVhPcEp3bkhOYVhhZnJOSkYydVg2dlNkR00zRzJxNDV2cFFSWDJoUEVtdVYteXlERTQ?oc=5,Deccan Chronicle,"Fri, 11 Jul 2025 07:00:00 GMT",2026-06-14T20:36:50.481152,impersonation_identity_theft,True,False,candidate,https://www.deccanchronicle.com/nation/uttarakhands-operation-kaalnemi-targets-fake-sadhus-preying-on-pilgrims-1890825
fake identity Uttarakhand,Operation Kalanemi: Crackdown by Uttarakhand government against fake religious leaders - organiser.org,https://news.google.com/rss/articles/CBMizgFBVV95cUxQSU1fUHNTVTNFaktmQU5RbmlWUmVwN2Jja2VQVWN3Y0V3YjY3WlpyQW82aWhkcC1NX0RtMURQQUw3NEFoRUxXN3hKNWR1cW12S3drdGtxZTRuMnAzU0Zya0FaeW1OS1RMaGdLcHQxTU5MZEFmam9tU1VQOWhkaEFOOS1YSDdJMDZWOU14QzN1Nm55eVFWMEJSSHd0WERMTUNjNFRRMkRYSC0yZVkxSDZWVjBocV9QcHE3TWRxM1dFNGp1RjZRSjhFYUxDamJPUdIB0wFBVV95cUxQMFJVT2tuMzZsZUxNS2J6dmtseGp2Rjh5XzltamkwV0VrSGVrcnhMMkV5VXhmaVVubHZsRk90N0FLbmg2eVRQdUkybmVTOEw2ZzdwWjFwWU5nZTU0OXdnYXRsXzN6ZU14Mkw1c2loZ1k4OHVYTDJienRRSVJpZUd4cjVjSFNtWEszRmN2NGY5X2h4dmlQaU1lcWluYmxITEFKLTExUGRSdFNhNGk2Tm9fSW5fdVZSQjFUZHRrOHdKZWRPMW1mTERzMEtoR0EzWjhYRjBV?oc=5,organiser.org,"Mon, 14 Jul 2025 07:00:00 GMT",2026-06-14T20:36:50.481164,impersonation_identity_theft,True,False,candidate,https://organiser.org/2025/07/14/302604/bharat/operation-kalanemi-crackdown-by-uttarakhand-government-against-fake-religious-leaders/
fake identity Uttarakhand,Deception and Awakening: Unveiling the Sitarganj Love Jihad Case in Uttarakhand - HinduPost,https://news.google.com/rss/articles/CBMifEFVX3lxTE56LVFYYUNmQzF0SUVpTnpvU2ZiR0YzVkE0UW0tWHZPbjBHX2ZBZGVoeGhFTDFLVjNZSzc4WkhNRFJMR3JrOFJVc2VBWnBfZFhjeXc4N29pdlB4cnhJSzRtbUR6U0Y5TWxTS05WdjhpelFQYWpyTUFhS1RSaWg?oc=5,HinduPost,"Mon, 08 Sep 2025 07:00:00 GMT",2026-06-14T20:36:50.481208,impersonation_identity_theft,True,False,candidate,https://hindupost.in/crime/deception-and-awakening-sitarganj-love-jihad/
fake identity Uttarakhand,"Dehradun: Bangladeshi man held for illegal stay under false identity had converted Indian woman, say police - Deccan Herald",https://news.google.com/rss/articles/CBMi8gFBVV95cUxNaGhONUxpMFVrUWZqeHlCS0J1bUc5YzYzd0J3d1p1S2FTOG1RcEp0VmpzRlR1SGdSN293cjZrbWxZVkJDMENEYXJESnN1QVRlTzJzQ2xrT1EyT0VnZTNURVZoek8xV2Q4ODJWZ0gwbURXbldscWhqQk9NWldHRG1pUlRQeG1VQlNmdkxHY1FDSWUzSGJUNFJiNUo1X2NjcXpqVG1haVF2emkzaHh4NWN6ZzV3LW91MkRiNEw4akZOdnpSS3RkUDc3Y19GWm1MMmVlNWoxcWk0SWdRX0I4VHdVaWVoNWJQUjNRQ3dQN05BMGlGUQ?oc=5,Deccan Herald,"Sun, 23 Nov 2025 08:00:00 GMT",2026-06-14T20:36:50.481290,impersonation_identity_theft,True,False,candidate,https://www.deccanherald.com/india/uttarakhand/dehradun-bangladeshi-man-held-for-illegal-stay-under-false-identity-had-converted-indian-woman-say-police-3807968
fake identity Uttarakhand,Operation Kalnemi: Over 300 fake ‘babas’ nabbed in Uttarakhand - India Tribune - Chicago,https://news.google.com/rss/articles/CBMikgFBVV95cUxONElsQ3FuUUo5bkN0NEFqSHQ2c011TWZjV3doRFdJX21nbGNYekhCQ0phSDRKb2NBek1LYnQ5SnhtVENpbVNDTHAzUmlEOEJPTDU5QWpGemJBZFJ0WUQ4QjJPLWZSQkJQQ0hYU0Mzc2lHZkxhcW93aVRBaG44QjJGZEhmbW80UXNVdmE5OEZaSzBzQQ?oc=5,India Tribune - Chicago,"Tue, 15 Jul 2025 07:00:00 GMT",2026-06-14T20:36:50.481324,impersonation_identity_theft,True,False,candidate,https://www.indiatribune.com/operation-kalnemi-over-300-fake-babas-nabbed-in-uttarakhand
fake identity Uttarakhand,"SIM Cards Illegally Sent To Nepal: Uttarakhand STF Arrests One, Recovers 748 Pre-Activated Cards - ETV Bharat",https://news.google.com/rss/articles/CBMi3gFBVV95cUxPYzlGRFU0UVhQQkFMWHhXUFdqNmpTZzVpZkJaeWpwZlVfZVRWcXJPVGIyUy05eDdsaWZUWmQ3SW5JV1FzeGtUbDZBUHFGOWxQdlpETHBRYW53Vl9uT1FQeE9qU2FxeHlWTXJxSEc3ZHpOeXRnSzR0LWhHZnphdlZUM3hjdVpsMHRSbFdyc1FmMkZwSnd5Qm5wdnB6YTBlWnZSVFFIcjBNUXA5TUlwRDdhZE40Ri13WWFSRUpfa0pVSnlUSmwtb1VtWGtLUE5IY0padDFyVlpTMlJWaTJsNnfSAeMBQVVfeXFMTlBvOHFla3ZDZmt0RV9iSFBRM01qdDlpUkstNW1scVdaODVHYmlfN05GZHpobXRqd1lROW9fSWRWUHhNS1JMNlFMVHRlTkxLWjMzamltZDJLaFdhMTVDOWkta2Z5aXNZdnVFcE4wc2dDNS00LWc5andDckR0MWRNWjZiZ1FyZm9QYWgwdkVDS0l1ZC1TVlRSRzNpdXlFQ1hKWnMtX0dYcExmd0RmTUJFOTVMOUoxaU1QZEN6R09keEwwdWprZkNRQWg0WUtIenlwckdUdlN4M0hzSF9CWVBqcDNCSm8?oc=5,ETV Bharat,"Sat, 28 Jun 2025 07:00:00 GMT",2026-06-14T20:36:50.481358,impersonation_identity_theft,True,False,candidate,https://www.etvbharat.com/en/!state/sim-cards-illegally-sent-to-nepal-uttarakhand-stf-arrests-one-recovers-748-pre-activated-cards-enn25062804555
fake identity Uttarakhand,Counterfeit currency racket busted: 3 arrested; Rs 6 lakh in fake 500 notes seized in Uttarakhand - The Times of India,https://news.google.com/rss/articles/CBMigAJBVV95cUxNY1VUYjBfWHZjTFJyQ3RGdmo4dllYcDF6YnZFcjA0eDB3dlMya09FWXVnalBCalk1M3o0MTN0RVI5M2gtbDFINldZVVBPelBFc3FnWlVYVWhjdUhXMENnNzZoWjNpbFdVYjB3emFNNXU3ekgtZFBCc2JNRXdLektjbW5hWS1vdTZiTUZhbVBYLXNOalpmVXBEMVQwcGFLMS0wQlc3OTl5Y04zXzM1MEJnRjUxS3NYX0hPYVVkWnpEYUJxNzljWDZIOG9sS09EN2I0Ym5KcVNMNHFmMk9uT3lTdk0ySElpd1BRZ2RRV051SDFKWktfSWd5ZW0zVHdmLXho0gGGAkFVX3lxTFBDd1RsU3oxOExnam55aC1ObXM2VjdVVE1mcEpqSGJSVU1pTFpRUm9GN0ZELUhEUXNPSnM0NEphZFhkWkQ2NWdfWFI1S0RSSnZUeWVXVjVmaV9lV1Z1VmF1UkxYVHpQZzRTXy1YUjgzQ3VyMjJ1cnhvUGRzdjhCdHFYY1c2Nl9oRU1DM0J5WnVYYjRFX1lNeE9wSWtVb1d6ZzZnc1RpZmxDcDJUb3hpTkdTcGNPMXlkd2hEa0tXREpoOG9NU3h0Y2dqaWYxQTAxbUZ4UUdwd2lQWm4zS1FlamNTWFI0OFUwbDYtdklnVFA2dkNMbmlpb2RhUGtMcGlVRnFMVlhvUmc?oc=5,The Times of India,"Sun, 29 Jun 2025 07:00:00 GMT",2026-06-14T20:36:50.481381,impersonation_identity_theft,True,False,candidate,https://timesofindia.indiatimes.com/city/dehradun/counterfeit-currency-racket-busted-3-arrested-rs-6-lakh-in-fake-500-notes-seized-in-uttarakhand/articleshow/122138850.cms
fake identity Uttarakhand,Uttarakhand DGP Ashok Kumar pens book on cyber crime - The Times of India,https://news.google.com/rss/articles/CBMixgFBVV95cUxNTVB2MnJobm40VnFoTjdoblNTMHBJbVpSNFpKMk5NbEUwOVc1andvWDFURWliS3gwaUc5TUkzbU9iQzlNN25Wd3VZVnRZdE5BbXdxOWdGZHBLajdsZ2owanZmdHlqTHFHUEFrQmt6OWdfUXAxazRwaHJKQnFsS0p3TGZLRDdwYXFOcTd6OG4tMy1RSEpPX0N2N3JKcjZEMEJpN2g4alMxLU9MM2cwa00yOG9aQWthSlpDMXNLZXRYNFE4Rk8wdVHSAcsBQVVfeXFMUG5aY0UwRlV6T1F2bk1kcERRRUlHMXBHQ0JaRUZobnVwRHd4Qzdaa2dnUzJmc0hsVUppUVBFTGoxaDNJZ1QxQ3Nma1luTTV3RFd0VzlXNXJGdmxaZkRzX0UwZElHdU5nSk9WTThDREUzSEt2MWFTQk5FeGVMbmp5TjJrSnVQTURhdmlfMlFsX1N6aW91T2U2WVpSc2kzZWpwVnJPNDVDSGdBVGl5cy1uNlZ5TkZFa1JCZWVUVWpyRXNqTU51X203MUVKNzQ?oc=5,The Times of India,"Fri, 21 Apr 2023 07:00:00 GMT",2026-06-14T20:36:50.481404,impersonation_identity_theft,True,False,candidate,https://timesofindia.indiatimes.com/city/dehradun/uttarakhand-dgp-ashok-kumar-pens-book-on-cyber-crime/articleshow/99653046.cms
fake identity Uttarakhand,Goa sextortion racket mastermind arrested from Dehradun - Pioneer Edge,https://news.google.com/rss/articles/CBMihgFBVV95cUxON1ptTUttb1lLczhSTkRsRy1wTUtwaXhhSWNmOF9zZ0NnUUVyQ3lWQjEzeEljSVEyclNFR1owOG9lT3J1WW0xRHVqN0EtTE9sLWFiNzlwMTVHaWRjamwzbVBDRVdrcFA3aHAxdnJmd2JsNE5sQTNyM2g2dVBmVzdoQnFacGhOZw?oc=5,Pioneer Edge,"Sun, 24 May 2026 16:46:28 GMT",2026-06-14T20:36:50.481427,impersonation_identity_theft,True,False,candidate,https://pioneeredge.in/goa-sextortion-racket-mastermind-arrested-from-dehradun/
fake identity Uttarakhand,"Uttarakhand police arrest over 1,400 criminals under Operation Prahar - The News Mill",https://news.google.com/rss/articles/CBMiowFBVV95cUxPLWtMZkFjVmhaMzZqNGxmQUJRX0ZkMUdMS2VXQ296M01aMjZIU25GZkNMSmQyVWUyVl9ycWp5Y0lWS3lWVHFBdVhtQ2x6T3NIbXpBdG02eEJJZmdRM2JVWlgxeDRKZUdJMVMxNHNpd2NlTl9yNi1QZjdPRWpHVmhUMlBCaUcwOEVoRUNfRWxnN202dTN1OTIybHRvSl9GUlBsX2RR?oc=5,The News Mill,"Thu, 14 May 2026 07:00:00 GMT",2026-06-14T20:36:50.481444,impersonation_identity_theft,True,False,candidate,https://thenewsmill.com/2026/05/uttarakhand-police-arrest-over-1400-criminals-under-operation-prahar/
fake identity Uttarakhand,Uttarakhand: Man held for posing as ICC president Jay Shah's personal secretary - Deccan Herald,https://news.google.com/rss/articles/CBMizAFBVV95cUxONlp1bFROQzlUYjQ5anN4bkRIYkVJS1I5Q2VnQU1pdFlDQ3ZkTXY1UFAzOGk3akJmQmtpM2x2aDdQX0lsSmxoUl8ta1VPNlpOUHpVNUdBUUxHeGhGaGZaWnFZaTVjM1hOOUZaeGNBR0Joc3dGNEs3d2hVM2JOWXplWEdmOGFYMWlGNmd1LU9fb3QtUjFoblNGR3kxa2lQMDFrV21ZQUFiODFjZFVVOENpMmlNb2lIbjgwdUhIaVpwUjRGd3F3ektRWmZqWHk?oc=5,Deccan Herald,"Tue, 11 Mar 2025 07:00:00 GMT",2026-06-14T20:36:50.481457,impersonation_identity_theft,True,False,candidate,https://www.deccanherald.com/india/uttarakhand/uttarakhand-man-held-for-posing-as-icc-president-jay-shahs-personal-secretary-3442383
fake identity Uttarakhand,First case under new anti-conversion bill lodged in Uttarakhand - The Times of India,https://news.google.com/rss/articles/CBMi0gFBVV95cUxOZG5FZzhuWXBaZk9KS2RlaDBvd1paQlAzdzFRWmY1NXdhbllKTkxCdm90TGlYeV9fRGpyMUR0Q2N0MzlOSy04amd4aWtnM0JpYllNRFVZdVpkeVowQ2U1dzhYdXlBS0MwUDFfWGxzd1Z5a3JpTUYweEtvTGtxUlV2V3RYRllhTUllc0xmVEhMMkc0TmpSTHplNWRuMjVGMnZQY0JFbXpYYXlIbVl6RklNU0Q4dHR5VFR6SWY0NFVjelYxQVk3blVJUXlZYnF5NUFPQ0HSAdcBQVVfeXFMUDJyMzNTcHBEZnN4alVxaHItbmRMMGQ2aVQydWtncGZDcXVIdlhCQTA4SzRuUGpaRmVJU3lSWHF5TWxzT0VSOUVMRUhqamhkR1Rla0xLMEdRRWVFbUd1NWkwblZlNkJ5SHNEMllSdHBLNkx5RU9UZjlFbGFkVVFDcmRabHBQWXZreF9qMVJzZlZwOFhVY2NZcTVCX1lyc1YyUEtMbkRXSlVyUmluWUwyYlhobUEtbldqcDVOUjkxVmVwOVZ1TUY3elBWdXUwai1DVjl0eHB1ZkE?oc=5,The Times of India,"Wed, 14 Dec 2022 08:00:00 GMT",2026-06-14T20:36:50.481499,impersonation_identity_theft,True,False,candidate,https://timesofindia.indiatimes.com/city/dehradun/1st-case-under-new-anti-conversion-bill-lodged-in-uttarakhand/articleshow/96208215.cms
fake identity Uttarakhand,Uttarakhand: Aman Qureshi poses as Aman Choudhary to marry Hindu woman from Rudrapur; booked - opindia.com,https://news.google.com/rss/articles/CBMiwAFBVV95cUxPTkM1Q3h2a1d4cnQ2b3VuSlNWcWRMZlF1WnNHNVZMTU5EOWRzM1NhMDNXQW14QlVJcGM1SjJtd0hhMng1UzNTVDNsYlAxX2x3cmVsSW5seHc0VFlIbVFad0JhSXdpc2JPUEhtSXYwSUxDZVE5QlFNdHFDeTk1Qk1uTHA1S01lQkZHUnRVU3FsUVpmV0tPZ1EzamlqY0NhQjU1NFVLVVNyRVlpU2NkZ3Z2QWd2akItcFpoZVZ6WXFsUHc?oc=5,opindia.com,"Sun, 15 Dec 2024 08:00:00 GMT",2026-06-14T20:36:50.481510,impersonation_identity_theft,True,False,candidate,https://www.opindia.com/2024/12/uttarakhand-aman-qureshi-poses-as-aman-choudhary-to-marry-hindu-woman-from-rudrapur-booked/
fake identity Uttarakhand,Passport forger for Bishnoi-Godara gangs arrested from Uttarakhand - India Today,https://news.google.com/rss/articles/CBMiwAFBVV95cUxNZGlvUFVkWnRjWncxYWNVRl8xRW1oR1FUbkhsWWt4ajctMUJnN2NmRDRtaDEwV2RKQ3g2Y05GeHFlVFJHdW4tQVk5NlRMRGFJNHFYdEUwbzdWdGdpSDFYMjBQWE1qSExnVUc1NVI0ZjRKNHVkVWF4a1N3eXpRT29RbURDR3U2QUNLcmtSb0JHTUlYS3VhNnJlc0ExRDJpM1d4RU1zNmdJOTI3SmZoSVliSmRmZ1o0emhzQk9OZkJ6WUnSAcYBQVVfeXFMT3JjTjV5cVRFNGpablJMbGFUUy1PZ3ZGRS1OakpFclgxUjRQNml3ZFhQa1NFTnBzczdHU1dnYWRsZ2N5X0tITThVVnlvcUVwcklOcUJPMUxZMnZuSnNrR0JobWdyYkh0Nlk1Z0paU3pPay1mUmx2a1JRQUJDN1Z6UzNFWjN3elhRaENPazRqNThQVmhTU0piTVVua3dWVkVwVmM5MTdPYlVoTmttdkJhYWdVUS1SNlBtVGsweVlsSzg4QmUtUzNn?oc=5,India Today,"Mon, 01 Apr 2024 07:00:00 GMT",2026-06-14T20:36:50.481544,impersonation_identity_theft,True,False,candidate,https://www.indiatoday.in/india/story/passport-forger-for-bishnoi-godara-gangs-arrested-from-uttarakhand-2521552-2024-04-01
fake identity Uttarakhand,"Uttarakhand Police arrests over 1,400 criminals under Operation Prahar - malaysiasun.com",https://news.google.com/rss/articles/CBMisgFBVV95cUxNVTVKR3RoZkpLZkZGOFFLbUNqLXNhd1gzM2JNZ2RYTlNPdE9RRUhsVW9uOTVrNGc5SG9TWlFRdGRWZ2FjSTBpekdoeWlSOWN5dFNXM2gtdFhSdXEwa3dqOW9CUExZWFBHZTlBRTBrejg5ay1STGJZQUxfWmZ1UVlObndrRFNWdU4yMHl1WEYxZGFHQmU0eWZIY1BaaTVtMjQ0M3Z1dTFmZ2dycllYMUdiUnRB?oc=5,malaysiasun.com,"Fri, 15 May 2026 07:00:00 GMT",2026-06-14T20:36:50.481555,impersonation_identity_theft,True,False,candidate,https://www.malaysiasun.com/news/279050849/uttarakhand-police-arrests-over-1400-criminals-under-operation-prahar
fake identity Uttarakhand,Uttarakhand: CM Dhami inaugurates 10-day Saras fair in Champawat - The Statesman,https://news.google.com/rss/articles/CBMitAFBVV95cUxQdDZvXzcwdGs2VGpRWFFNZFg2TUd5Sk5hdEw4VHM0blJkaG82V2NVbXNQZ2hkbi1LZUdlR0JWaDJTaWo5LUJlTDdNdERldUxXcm5GUFhmRHVvY1pHWWFsdWhfbzgyNE1EaTB4ZnREX2syZ1JpblZxaERUV21CdkJVcUZ2WUFiTHhTdlhFQjktbHZ5dEQxajFSRVJWWm40MmNjRmxsdWtpTWpGLXlidTRmY296djPSAboBQVVfeXFMTy00QmthMmhjQUpWTDFXNGdCRmh2MWlSSWpReEMzU2tmbGVsak4xWU43Z2FwUFJFOU5YS0ZnRTFOMXpNT3VHMFZnRDhfdTdWekl1LWl3QlJnbE1jdVM4Zy1ZSW1xRm5FUU14eVkzdThPTG9rQzBxemhkUk1XODNDbEFQVVJZTXhWMzlyY0x5Qkl6RmxJVDlxTHlHQ1QybGdZVGc3MmlkdkZ2d2lERXVrVEFMMFQwSHVLSWt3?oc=5,The Statesman,"Mon, 20 Mar 2023 07:00:00 GMT",2026-06-14T20:36:50.481566,impersonation_identity_theft,True,False,candidate,https://www.thestatesman.com/india/uttarakhand-cm-dhami-inaugurates-10-day-saras-fair-in-champawat-1503164219.html
fake identity Uttarakhand,"Love Jihad in Uttarakhand: Shoaib Khan uses Hindu identity to trap woman, forces her to convert to Islam, arrested after police complaint - opindia.com",https://news.google.com/rss/articles/CBMi6wFBVV95cUxPN0hDWEo3RkZXVG5fRGJRdU5OV0xaWVhxNHg2UmNDMjNnYVpScDZENTBGOFVCOEtOTXRLdEpGMEo1dTVEc1hDTEVzZEJEVVBWaXppWHhHcVpYWlFPWVJwQ0QyUEdWV0RyZ1JBandyS00zUk1UV3ktTHczLUhZZkk5N2lEYUs1d0toQ0JLSXNvck0yV05NYnRSa3pVUEFCWlRTOFY2SHNBZmczWk1pWmV4VXdoejE2RGhMWjRUazhKVmJ6ejBnZ0hOQzlHZXZmakJ0eFcxRlNWLXJQT3JJbHJkUDhQVkZnQV9acGIw?oc=5,opindia.com,"Mon, 14 Oct 2024 07:00:00 GMT",2026-06-14T20:36:50.481589,impersonation_identity_theft,True,False,candidate,https://www.opindia.com/2024/10/shoaib-khan-poses-as-shubham-impersonation-identify-fraud-forced-conversion-to-islam-hindu-woman-uttarakhand-police-arrest/
fake identity Uttarakhand,"Fact Check: Muslim man kills pregnant Hindu girlfriend in Uttarakhand, stuffs body in suitcase? No, find the truth here - NewsMeter",https://news.google.com/rss/articles/CBMi2wFBVV95cUxPOERIbUZYa0xMUFVBbDRxdVAwckdlMVZEZmZaLWVpRHBCYWNOQk8yYzMtdl9kdXFCOC0tY1lHYU14WUVzU3pVSTBzeFdReUJ0cXpmNVdDaEFrZjh0bkk2SUxLV213Sl9QdjUxWEtzMEZFSFZCOF9oTml0eDN4TTYwb2xJb2VwLTZsWFpZck9pNGhrY3BsVTJzVGJTZjh0NlkzZEhUd29aOS1abEVNNjI5UDQ4S2xLNGt4Q0FQVDFsd3NzWHpwTWVvZVlTQ0tzRjFMdFRGM2hfX21YVWs?oc=5,NewsMeter,"Fri, 28 Mar 2025 07:00:00 GMT",2026-06-14T20:36:50.481683,impersonation_identity_theft,True,False,candidate,https://newsmeter.in/fact-check/muslim-man-kills-pregnant-hindu-girlfriend-in-uttarakhand-stuffs-body-in-suitcase-no-find-the-truth-here-745991
fake identity Uttarakhand,"Girl poses as man, marries two, get arrested in Uttarakhand - The Statesman",https://news.google.com/rss/articles/CBMirwFBVV95cUxNaThIV1A5TmliSlpCT09veGN1WnJyTUFnRjhla0FoblhYdjMyN0N0c1BnVDZMY0p1ZjRxMEhjTGVTZllNVUJwUXpmRTdncVREak1wS3BHSU1zNkRCS0hlOUJ4LWxPQVVWMGtOV3RDUnJTWDNWNmdNT19LUUw5S1JmNXFmM1pMdHhTbDI0clZlMG9Yem4zclRha2RSLUtLUHdSN1QzM2ZvZlB1ZU9Sa1Rv0gG0AUFVX3lxTE5ic3Z1dHNpc0NQVm1hTUw2V0gwQndKb2JyaWUyU1J3WGxCVjVwU2FpTFlRZW9ZamZ4UXFmbzJBXzdGWnk5TFdQaDVpMWlHemowQmhDZVNNWDNlSVF6LWIwVlROZDZaVjktaDN3dTBmZWV2eVlRWUgxdWNKeERLZ2M2SjNhMlNfVUdubFY4UFdsOFBnd181UnRRNGdmVExfZmh2aDE3Q1plUjFyNUo1RzhYYlRiRA?oc=5,The Statesman,"Fri, 16 Feb 2018 08:00:00 GMT",2026-06-14T20:36:50.481716,impersonation_identity_theft,True,False,candidate,https://www.thestatesman.com/cities/girl-poses-as-male-marries-two-get-arrested-in-uttarakhand-1502586464.html
identity fraud Uttarakhand,"With All Cases Falling Flat, Uttarakhand Conversion Law Comes Under Scrutiny - Clarion India",https://news.google.com/rss/articles/CBMiowFBVV95cUxOVVF6enJIZWhobGpBZ1FxNVJEak5zS2ZfOUdtZDJQeDZzYjloakdFVGg4V1hMM0toNDhnaUcweUZjM3dvc1lRb0N4MXVONU16dWRfSUdmaXUwUnNmdWFGOWttbXppZzM0ZndJTmtkOGJ6a3VyOXhoRW1Gek1UZjg4VXREMC16blZ5aTg4aTF6ZkFPNUhzdmZ2NXk5b2VKdVh6VXZZ?oc=5,Clarion India,"Sun, 01 Feb 2026 08:00:00 GMT",2026-06-14T20:36:52.561297,impersonation_identity_theft,True,False,candidate,https://clarionindia.net/with-all-cases-falling-flat-uttarakhand-conversion-law-comes-under-scrutiny/
identity fraud Uttarakhand,Uttarakhand eyes ban on 'Gorakh-dhanda' after Nath community appeal - The New Indian Express,https://news.google.com/rss/articles/CBMitwFBVV95cUxOeXJsOU1RdjhwMVpZV1JxZE8ySG9kWnREVkZZYmJJeVdpak9iOElzUWxEQUl6NVJobDhvLVpxMkxPWFc0YzQ3RzF6TGpvM3RKUzhBS3Z1bmlCNGx1UkV6Z2p6Y0ZMcHN1cUo3Tk9EQmVpUC1YYUM0bkRGVTQxTTRKNFZCV1c3aTNUMGJQZjZabUZFdTk4VWZVTDMxNkRTNTBKTW8tRWVINW1nb2Y4c2pkTTJVM1pOeVHSAcQBQVVfeXFMT1QwZXRybUpjWTJQMF9ENDdLTGlVb3dBd1pFNkN1UmowUWhfQndzMFR5Uk9CZThBaFptUEZEMlJDZS1JYk1XTk1qdE0yOHhsbmJHaGpkdDhMRHFmMm1rTlNaNDdQSnR2MTkyc1M2ZzJQWWk2NElic1dLMDFfU2JILXhYZ0Z3X09jWm9EenN1ZXhYdkhxNklWWmFlT094RVBlcnpIWE00Ny1WcEVKZ3ZqQnlQc3VSTWZjWktmZzZKUk5MRHpRcQ?oc=5,The New Indian Express,"Sat, 23 Aug 2025 07:00:00 GMT",2026-06-14T20:36:52.561349,impersonation_identity_theft,True,False,candidate,https://www.newindianexpress.com/india/2025/Aug/23/uttarakhand-eyes-ban-on-gorakh-dhanda-after-nath-community-appeal
identity fraud Uttarakhand,Forests aren’t just green cover they’re Uttarakhand’s identity. - The Times of India,https://news.google.com/rss/articles/CBMi0wFBVV95cUxOWFZCVGJzajJKVHZHaTR6UGVnclh5Y0dGREJTYXNVcG5uOW9RQnNWR1hWWW1qR3ZnVFNqc1dJOEVCSFFXNEFhaVZMZVhLZEhVZC05NlV6eGs4R0c5RnE4TlZ6VTNrNW1xVjhYY1NzRFdYMXVEZS1oaURFaHQtUDlPb3VBbFV4OTBmYnk5ekJwMGMxQnc5UlBhMFMxYldqOWRfb196WmF1eURvZXR3NEEwemhpV3lDNHU4NmRkR3U3ejIwRHgxWl9RU21XMG9nZ3FTc1I40gHYAUFVX3lxTE92NGZISU10YVBGTWN6eDdvT2s1RHl3WWY0aWNzNUZNLWZubDNKcnl1NS1KYWp4cTZGbWl5S3Uya0xDcWoxR24ybml5SEdxYkp6WUR3Vlg4NnI4bXIwX3N6VWRwd05NS0xsRVYxdmFKcGtxMExKNDJmTFNnNk0xeGF6Y09YRUp6Vk54WTlKMThXdkdQMlJjQU8tUGxKNmt6TkU2QXBIR3BtOEFWYlhMWXJjb2I5NTBOeWR4NGJVOXlJSHliUjBLWHlkRkRmWE90emNfbDJkaWgzOQ?oc=5,The Times of India,"Mon, 21 Jul 2025 07:00:00 GMT",2026-06-14T20:36:52.561358,impersonation_identity_theft,True,False,candidate,https://timesofindia.indiatimes.com/videos/spotlight/forests-arent-just-green-cover-theyre-uttarakhands-identity-/videoshow/122810326.cms
identity fraud Uttarakhand,"CM Dhami orders crackdown on illegally obtained IDs in Uttarakhand; over 9,000 ration cards cancelled - The Times of India",https://news.google.com/rss/articles/CBMi-wFBVV95cUxOTTFvRmFST1YwLUNEamxWWEZwbUpSel9yNXNkckhSRVNCZ2xWbktOWTB6TnVPc1JUZWkwbEVHN2xwRXhFMC1JWVprYWJzTF9jUXVMSlFpUUxTRVZwekJQeDlWd19iZmZESDRqWDB2U1NyY1V4OHBWOElFQ0NrTVVxLWszVUVBbUJfZTVDLXZHOEJBdi1acHUxMkdIWXVuY2w2THg4LVdtLXJpWHk3SW5hWGs1MmhZdVdNcjliS3dOOWtIZk9xYmk5bTlCT1BSd2xFQzdMUjRvZlJyZnh5elU5WEpYRnA0UVhDcV9JNVduYUszRnZ0RTBZdnJzSdIBgAJBVV95cUxOSVROOGJyeHZsa3NvaWFSS0dqSDdHeTRCWDVON2NYYmtSVjBMQXRCdF9rZ19mbkhFV1RRU212WFBDVkhUenZvMW12REd4S1gwbnRicU44cVE2VzY4NHZ0NmlpSzJleTRBR3U4cG55T2JCZVh6RS1HMGpub2IzcFdDZXVaRTVCUGxIdHBpN2NwZEpNVE5lcnd0NTcyUVVac0dvdkZHV2hwVVZIUy1xUVBSUG94ZTVFc0gtZGZPeTQzdExyRDJrTC0zY3BWUEV4Y0dDMDRuLXVMVDIzSUN2enNqQWlHb0pPUnczbFFZNlRmTVp2MGNjcklxdWdzdGFlbnVS?oc=5,The Times of India,"Tue, 05 Aug 2025 07:00:00 GMT",2026-06-14T20:36:52.561429,impersonation_identity_theft,True,False,candidate,https://timesofindia.indiatimes.com/india/cm-dhami-orders-crackdown-on-illegally-obtained-ids-in-uttarakhand-over-9000-ration-cards-cancelled/articleshow/123111509.cms
identity fraud Uttarakhand,Live-in relationships in Uttarakhand to be registered under the state's Uniform Civil Code - ETLegalWorld.com,https://news.google.com/rss/articles/CBMi7wFBVV95cUxPZEZfRVpYX2ZEQzdJUDFkenpaREY4UWxmUG8taHNUM2puVnF3a1JWRmdHNHlQb0M0SHkxT2NhR0hQQWVXVWstZlg3a1JGcHAxWjE4dW9iNGhUcVlBV3Bxamt6azY5TVJLaDJBU1NLR2UzY2ZaUVd2cFZzWF9NdlhhVUpkd0lCX2ktbFAtRDIyMUo0MGdtWmRTYzduOWhOaEJqb29KVmZhbFFPTWJUTmpQZExMYl9FcjFSVU0wQlhTV3QyX01oSllKaEh2TU1KV2pSd29ZRTdLT29QQU5JWl90YkdzcENQY0E0LWt2c0p6SdIB9AFBVV95cUxPSjJ2di12allKV0xibm1qWVE2NzljY0cyakdYYXoxbXc1SnlJbFhwRWVBSTU0NjhNbklVS0p0eVZuZjRlVlozdmNxVHVzU2pray1JcEFhM0tWV2h4UnJ3djhyUFIwYVR4WEVlWjVRbFJzVUV3OWo3UDVzV01ic3NJOTFsaU9wclZPU0RVbGlJSjNBckVhSjYyTWtJQzNWR3E5RGE1OXlLejA0Y0FIN2EweEZrakwtNzFxYmgwLU4yaHcwZFFBcjhhaU5zWWhDenM5ek5wYTRMY08xQXBVSi1LMXN1cUh0eFJjMHRSQ29YcXBDYzFr?oc=5,ETLegalWorld.com,"Tue, 06 Feb 2024 08:00:00 GMT",2026-06-14T20:36:52.561570,impersonation_identity_theft,True,False,candidate,https://legal.economictimes.indiatimes.com/news/law-policy/live-in-relationships-in-uttarakhand-to-be-registered-under-the-states-uniform-civil-code/107459574
identity fraud Uttarakhand,A Critical View Of The Provisions On Live-In Relationship In The Uttarakhand UCC Bill - Live Law,https://news.google.com/rss/articles/CBMiwgFBVV95cUxOeXVIZndFaG9QcG0yLUVnaWFTV0N4YXJwTFBBbTBrcFdUMmxqaWRwZ3JBUEJMLWRqQVBRZTlMWWFENVpGb3F6YjdxNE1WUVhxQkhTdWJ2eWVvX3d5a29rWUN6aUtzOWxaX3FYUWwyNnAyaWpSN181SVlpcjgtb0oxbGd6UF96a241eHc1N1ZDMnNGSkRJMzA2NUY4VlQ0YkVzNm9qSmQ5TnAwcFZaYnVnNnFNNDkzN2JCZXR6SWExTFFMZ9IBxwFBVV95cUxPamZmV1pWTWdoVXlienUwSktlX0dtdzdOM2tHaWJTRmZ3cldtSlROQXhlcXhySFd0alhjVW5rZTZyVFl3RC14UEtNV0dueTFvdFZWZTE5cGpfWG96aVJMeE5NQnNXaVF5Wl9wbFdHZkJselhIZExpSVkxQ1dOVTl2N0Q4a1lubTZuY2wwRV84YXRpQzMxVWs3TmxfMVFSdnhCaVZhdU9IZkk0LXpCNWkzNjBQdUtlNDNRVDRmT0tFMXZaSnF0RmF3?oc=5,Live Law,"Wed, 07 Feb 2024 08:00:00 GMT",2026-06-14T20:36:52.561595,impersonation_identity_theft,True,False,candidate,https://www.livelaw.in/articles/a-critical-view-of-the-provisions-on-live-in-relationship-in-the-uttarakhand-ucc-bill-248881
identity fraud Uttarakhand,Uttarakhand govt to launch “Operation Kalnemi” against impostors posing as Hindu holy men - The Statesman,https://news.google.com/rss/articles/CBMi1AFBVV95cUxNQkVQTTFEaUtrVXp3QjNwZ2RLS21fVkVOUE55RkRUYnp5ZVZmV1o2a0YtY3BwRHpUMVJiY3ZaQ3hoMHh6b1ZNOWR3SjVBcVdYY2Foa29zLVBCQzIzVmc3VkRZd1JDckZWYllsOUwwQ3YtMnhObmVpNDJtZzBsMW5TYThNbTFJeEpmbjk3UURqY2s4bDFIaTI4Q1gtR1ZmV2pnMFRnbmo0RnA4VmE3X1pZS3o4NDJCOWNzYnZGa1ZCVGtrblZnZWgxMHhBTEMtQUhSaklHNdIB2gFBVV95cUxQTG9GUzZDeGZoVGhXMGYxYklCOXViVHBoZjJDaWQwcGxLNGs3T05oMGZobmtVN3lkN1d6dmZqM2tMQTZ0M1FhX0FGWndndHU1eGstMlh5NWRST2lEMGNaY3JXUkExNGZQZGRuSzg4Z05fZS1yTmhNX3Jaam5MYXNoTkJqdXpoUFFzOGczZy1nYnBJQWt6WUFHX3EyOU9uYjdSYkZkUGhOT3VnaVQ1WDhyM1JiWEpocGtMbEJlTTJyRWNYT294dkZsaXN2VTJUb3lSbWlJWjV2XzV3QQ?oc=5,The Statesman,"Thu, 10 Jul 2025 07:00:00 GMT",2026-06-14T20:36:52.561670,impersonation_identity_theft,True,False,candidate,https://www.thestatesman.com/india/uttarakhand-govt-to-launch-operation-kalnemi-against-impostors-posing-as-hindu-holy-men-1503456155.html
identity fraud Uttarakhand,"Lost & found, found and lost: Man 'reunites' with 2 families - in Dehradun & Ghaziabad - The Times of India",https://news.google.com/rss/articles/CBMi5wFBVV95cUxQMmZrSTRMbTZ2dTNabWJmc0Rha2Y2ZUN4TVZMR3R6OXpnTHB3ZE1faUpkWHl4ckg1ZEN5a3VJSFEtamxsVi1YOVMtQmlqLXZXV2MyekJKeVlORlROOWhmRlJkSkFCRjZVM2VuNzZhYW1HQ2JhdTN4RXlzbklwRmNOa1EydXFwZHA4SndoeXppTnFPcF9CVVlRTnhhX0ZhUFRzdExBY2FyOVl6Njg5QnY4T180cjZ5a2ZWN3QyWXp4OGo0bGFaS0sxajRBTjI2Z2s5Rk5EYVRuQjJUbWtiUkdMSHo1ODNKLXfSAewBQVVfeXFMUElSMWFIRzZFMk1NdkZhTnZ0SzVtRFVhN241WkxEVjNmTEd2T1pBaUIwSklUQXltOFFxN3NSTHVNN3VkWmxtNGRuZ0hKaF9QWVlNZUoxbS05NHU3N2dzbC14Z0pXOUw4RnA3amVoWmN2NTgyN2xSZEtvNHVnQjVJdjFLNXF2LWJiUlM5TzBZTWZSRWtPVU5jam1zTmZfQzRVOVFBZ0NPRlcycFVkZWZRQnFFLVhXRnJyNUV2MElraDZMU0tja283S0E1TVYxUWV6Z1BaaEVUalFiWjNaSUlhN0dHNnNJcVp2czhqOWc?oc=5,The Times of India,"Sun, 01 Dec 2024 08:00:00 GMT",2026-06-14T20:36:52.561678,impersonation_identity_theft,True,False,candidate,https://timesofindia.indiatimes.com/city/dehradun/lost-found-found-and-lost-man-reunites-with-2-families-in-dehradun-ghaziabad/articleshow/115852666.cms
identity fraud Uttarakhand,"300 Uttarakhand cops raid Bareilly neighbourhood, UP police caught unawares: ‘They hid identity’ - The Indian Express",https://news.google.com/rss/articles/CBMikwFBVV95cUxQRUd5TmM2VngzXy1Jbi1PYlIzcHRPczdIUzl4YWxreTFLRHItRnE0X19YWmRiUUlBUllGQ2lUYzRYdEI5WHk1Ykx1M2tnd3dOSjhIdjhsZ0lkczBzb2FQT3JqV2FJcHlPd0thS1IzMTlhcEg4N21VaFlqb0R4bTlOdFg1UGJfR0dzYmZ3R3hQUVpDUknSAZoBQVVfeXFMTmpNTVRQUXRRczFDSGpSYW84b3ZhS1JROUYzRlJiWmptWGRGa2RfdWhIaklQZUl4M3lHYmhTLVVzYy1fVmxLSUtiZnczNzVyOEJ2MW83YjdfSDlwQ3puWGVPRkg1Yzk0eVByWmFYUjFqajU4S3FVRlNBTGdraFdWRGxVZ05KYXF4aGdSU21hVG9UZDRYWGt1c2JPdw?oc=5,The Indian Express,"Wed, 12 Mar 2025 07:00:00 GMT",2026-06-14T20:36:52.561710,impersonation_identity_theft,True,False,candidate,https://indianexpress.com/article/india/uttarakhand-police-raid-barilly-up-drugs-9883317/
identity fraud Uttarakhand,3 of family from Maharashtra among 7 killed in Uttarakhand helicopter crash - Business Standard,https://news.google.com/rss/articles/CBMi1wFBVV95cUxOMnJXeWZJdTRWSXBpUWVWejZ1UUhTTXhhQ3p2RGFaY3FJaHM0TUNFWExGMUpNaV9zNHpCRlhWVWVDMlVDRGpVdG52YTBXU2tCaU1Tc0wwd1BpYnVOT0hReXVYTldCb1VQaWRwSXpiXzQzaUJLQmEzV0ZzbVB3Sjk2LW9TdUY4ZndQSlRnQzFoMk1nRnZteHFWT2VvRHBMNEllbFVROXMtZ0NUaXFJR0N6VVY0N09QUnd2eG5aNExJdnY0cjZZc2tLNjBEQVNjX2l3Z2pEX3R2QdIB3AFBVV95cUxNTXZBNXRWZ2NHYlJ2UFhiNjB0X05GelkyUkhxVHc1YTVUb0RjUUpyMkplMkRaVGxqcVExY1VHcWRzOVAzNm9uQ1JVckpLeUtidGRQQXVOb1RJOVpCRzJIV1RWV2dlQ09pcTYwWE0xUUM0TWFDZ2xxb0FHd2hlU1J3MC01UVY1RU1jb2tZZG9jTklxN3k5U3loUUVqX2xBdDNFaXBaXzNZbVFXX052STZZMHlrQ2J2YmZqVTFBY3RXWXhHYVlLbklvcURscGhHcmNWUzRiT2ZLZU9SVDM2?oc=5,Business Standard,"Sun, 15 Jun 2025 07:00:00 GMT",2026-06-14T20:36:52.561722,impersonation_identity_theft,True,False,candidate,https://www.business-standard.com/india-news/3-of-family-from-maharashtra-among-7-killed-in-uttarakhand-helicopter-crash-125061500210_1.html
identity fraud Uttarakhand,Identities of 18 Uttarakhand tragedy victims established - The Hindu,https://news.google.com/rss/articles/CBMitAFBVV95cUxQTTluM09qbmVZQXVYVFN0R1Q4Nzl0eWpKMmtXOHBTVWVSOF9iNTBDWThhRVlZeWNYMS1RZHctMXFrdEF5Y09TRVkyVXJBandFWFJNb2M1VUd1Z3ZVWG5oZ2g2RmE2ZjM2M1pBY2lJLUk1dnppZHhxSy1lMjZtZUl4YnBnR1FveEZNTGxITkg4MFd5U1BZeGluelFHMG14LVdpTTFsRGRiZ3ZhZ0lVUVE1OGZlTUnSAbsBQVVfeXFMTzVoTEZiNGluSFdQZmZDSFVfc3N1SkZHVEVQNEhWMlN0UFNfUjZaY2FYaEU1NEZIb0JQdzF4WTJxcFdybXhoSWdSdDhIcG5FS3FXTDdHTnBYZmVHbXNYWUhhZlB0TG91Wmg5Z1RiSHJEcWVxd3N3TThQaW5CZ2VON25VWGNESTIzamc2WVhfM1BPXy0ybmJUUVpsLUlkSWxXeDdGXzBTUDZkQWhLQmhCRlVYNE1HUFB5Sm0yYw?oc=5,The Hindu,"Mon, 07 Jul 2014 07:00:00 GMT",2026-06-14T20:36:52.561755,impersonation_identity_theft,True,False,candidate,https://www.thehindu.com/news/national/identities-of-18-uttarakhand-tragedy-victims-established/article6186583.ece
identity fraud Uttarakhand,Uttarakhand’s UCC Amendment 2026: Over 5 Lakh Online Registrations in One Year of Civil Reform - The Logical Indian,https://news.google.com/rss/articles/CBMivwFBVV95cUxPNkZhUVJjcnVTa2VkdE1rZ3Z6eDZRNWR4bjU5RGVnazhyb29SWWRsSVQ1eUxJLVY4TzlUc1lZSGdoQ00tYTAwWjBMcDVWT01ydDRoeFdVLUp4YTRRRDY2anI4REdTbmJMallSVHJyZ09uOUpZTU0zRWxCS2FnUjNUeVlrcDRpbG9vdWxSdjg4VEJzV0R3UHhfVElocHVRNExLbjVfSUZZTmpKYk5NZFNUU1I4d0FBNnJuN29vRDBfSQ?oc=5,The Logical Indian,"Tue, 27 Jan 2026 08:00:00 GMT",2026-06-14T20:36:52.561780,impersonation_identity_theft,True,False,candidate,https://thelogicalindian.com/uttarakhands-ucc-amendment-2026-over-5-lakh-online-registrations-in-one-year-of-civil-reform/
impersonation fraud Uttarakhand,Why are wildfires raging in Uttarakhand and what can be done to stop it? - The Times of India,https://news.google.com/rss/articles/CBMizAFBVV95cUxQUlphc1A4bzd5Q2pKbGtHUDU5M1ZsRUlzZDJFa0xQZ3pJdWVJd2ppQzVuNVMwVGRZTElmRS1lNnZKb1U3SU5NVFBOTHQ0cVJOX05idGZxV2tNaXJ4S3pDaEZKa2s2T1pzaGlRUGdwaWFwbVY3SzRUUHA2WlJBbnktZWk4TkJiV003OGFjdnZ4VTcyWHNDVEZfN3ZHVUVFQWY1SGgyUzZ3eFVXcl81N2syaTNDb2VRaUZ5MFp2Y0M5eHowcTJUY0RqbFZOVUzSAdIBQVVfeXFMTjdtS1pDdTQ1bE5oaFg2ak5vTUc1WWtOenJoYUVuUVd3SzZHY0JyNThhR3A4cDNjY1VCR0NRdEdkQVZUdW5iWFUyd2VjdzhTZ0w5bWhTZk9DdThWY284WjNnRlFKRUtuLXpLVjRUVmJsanZIYmxyS192Q2Q3blRJMDZURmVFeEo5dWJKc0paYWpUb0tPS0ZScDNqak5qU0ViNmhjOVJXYUl5OWNMRkZUeTBqQ01WMW9NVHk5R0ZrV2pfT0NJRFFlMDlYOFZvMC1IdlpR?oc=5,The Times of India,"Sun, 28 Apr 2024 07:00:00 GMT",2026-06-14T20:36:54.502458,impersonation_identity_theft,True,False,candidate,https://timesofindia.indiatimes.com/city/dehradun/why-are-wildfires-raging-and-what-can-be-done-to-stop-it/articleshow/109658085.cms
impersonation fraud Uttarakhand,Uttarakhand News: CM’s Directive – “Operation Kaalnemi” to Be Launched Against Impersonators Tarnishing Sanatan Dharma: Pushkar Singh Dhami - Oneindia,https://news.google.com/rss/articles/CBMinAFBVV95cUxPck9vRzRIdWRZZmRTNS1mSWNfeWdJbnRIS0d1bTNqMFpjczEwT0g3UHAyNUE5Qm5BZV9YQ2JqeTdqWWw3MU9SOWhKTkpjQnA2U1k2Qld3ZHloTl92ZElCVVJtZVdOVTEwSnNSajlfODUyLTFCanVRTEx6ME4xOW11ZjgzNEUwdjB1V0hkZTdPa21Cb3JyVHJQcF93dk8?oc=5,Oneindia,"Thu, 10 Jul 2025 07:00:00 GMT",2026-06-14T20:36:54.502532,impersonation_identity_theft,True,False,candidate,https://www.oneindia.com/india/operation-kaalnemi-fraudulent-saints-uttarakhand-012-7797685.html
fake profile Uttarakhand,Uttarakhand's Special Task Force launches large-scale operation against cybercriminals ahead of Char Dham Yatra - ANI News,https://news.google.com/rss/articles/CBMihAJBVV95cUxOMWNtU1BjNUZubzhrc2pDQXVwQlh5SEYyS2VzYmpGQXR4eGJJaWcwRFJTY3M1dFhoeTN0X3dsLXhJN2RMZjFHVnFUeW9lYzlLeWxnM3pVaTZxWGRaNGZ1Qk1aekpYUGR6UHZEMm9QTzhrTjNfVUdwNGpJU1FtWlRscmxfcVZqOHBYdGUyQnZZNWpWMDFGQ1E2QkNFUUk3UmN1cW1ZS2w4a2RNek9kRDVEZHBEem81S0FCTlVBdGZiMDRFV1FnRDNmRm81MFVFNGVJUmdHZjBGTE1DT0trT1RlT1VZRmU5T2ZQSmRBMWRQdmY5Z2JuaE9WUnB0Z00wS2toLTBhWQ?oc=5,ANI News,"Sat, 11 Apr 2026 07:00:00 GMT",2026-06-14T20:36:56.668468,impersonation_identity_theft,True,False,candidate,https://www.aninews.in/news/national/general-news/uttarakhands-special-task-force-launches-large-scale-operation-against-cybercriminals-ahead-of-char-dham-yatra20260411223711/
fake profile Uttarakhand,48 fake domicile certificates cancelled in Uttarakhand'after CM Dhami orders statewide review - The New Indian Express,https://news.google.com/rss/articles/CBMi2wFBVV95cUxPS2xDZ19KanRJb281RXBjRDg3aVN4M1g5ZUw4U1FDUXE0Mk9ySXZIN2N1TlZRQ3BWdGV4a0ZxUVkwRUk5MWxhWnhBZG5Qb0xlQ1BUcVFIVHF0SC1FUThiUHZJSFd0RElKNFVjYk5XbjRselpGbExhLTg3eldzeXQxRWg4NHJtaGJJeFFWdHdUcW5jR1V1cjFoN28zVTQ4WnFlSS15cFVGSzBTbmxUTlB3d1ZsekZxLWJwd0FaYVFmSzQ2NEJHcDlKdUVBWmF1TmtJWUJqOUVqYzNyMXfSAegBQVVfeXFMTmltQ0dBb3YzX09pM1B1UTNiVUJoMW85MmtScmQzSmFoM04tM3drXzZWRE40UlFlSkdLTlhjUUxVS1BKRThSSUFmWWxfNTVNM3kzajFFRjZKWGNseTVCcW1IdnNaMDdjSkJ4OEtQV0h3cGZLaUJQWE5BQmhmdHpvLVhQb0hWRW1KV3JwWmYxRG9rWTFCYjNTdDFJUERwUlN0ME9IV0VzbFJWQ3hmQlJ1ZE0xVzc1aEJBNEpKcHJrTzFaVUpPU1dIZFNDeG9Ud2plSVR0X0FJV3FJSm1acFJBMk5LV2VkSzVjRQ?oc=5,The New Indian Express,"Fri, 21 Nov 2025 08:00:00 GMT",2026-06-14T20:36:56.668558,impersonation_identity_theft,True,False,candidate,https://www.newindianexpress.com/india/2025/Nov/21/48-fake-domicile-certificates-cancelled-in-uttarakhandafter-cm-dhami-orders-statewide-review
fake profile Uttarakhand,Uttarkashi DM warns of fake Facebook profiles - News Arena India,https://news.google.com/rss/articles/CBMijgFBVV95cUxQRjgtdEZOYTNVTXdEWWdVeS1PUVE5S25HVGV4T1FVYXdjcy1XOUFqUlU3XzhwVE8zQVBzM3NPdWhKSVFXa0lVRWdlOV8wSlJPcmhZZno2ZVRpYWtxaXVITTY1b0YybkFMaXpzbVdHQlhYUGlMQ0dGQ2UxSnRlX3Q4N1lvZkhiUFI4a0thcXR3?oc=5,News Arena India,"Mon, 11 Aug 2025 07:00:00 GMT",2026-06-14T20:36:56.668607,impersonation_identity_theft,True,False,candidate,https://newsarenaindia.com/states/uttarkashi-dm-warns-of-fake-facebook-profiles/53000
fake profile Uttarakhand,"‘Love jihad’ drove out Muslims from an Uttarakhand town. In court, it turned out to be a hoax - Scroll.in",https://news.google.com/rss/articles/CBMiwAFBVV95cUxOUlhWZTAwZ0UyT2tERVdLYTJVMi0tNU5Ic1dvdEJjRzN4TXRUWnlYOUY1RDRmX2dwa3BxcmMxM0pqOGx2aGNmSXpqb0pkaXhCYUc0TzNya2tQOHo5OUdYMU13ak5PWnFBU1dHNWVPdkIwVEhBRnpYRXA0b0lsWnBmNGZ2Z1pQbTFwb0pGOVF6WW9EeXZiLWRTSndqVzI1RjRyUFljRkNidFRDeWFyRFRxb0JZT2prY2h2WTdZNUxSWmPSAcYBQVVfeXFMT2JmSV8td0RnTHlxZHlDNVlqZmc4eVN6Q0tSSnE5ejFVMGJ0Z1FaSUcwNk9wRkJHbFdzUHRJdk5WakxlcHhsNzlwS1dYRWxIYjRmcmFIeW9iWkRJdTEwV1lyME1SLXdCZ3hEaGVram5jSERCODR4VW85bGhzaTNEVW1IaGJqMzdlT01qWGRNX3BTRkFKbUpELUxLUl9ISTVxNUVQZm5sekZvV1UwT215cThXVFZuQXFXTUF5UDZJdEk1SEhoTUJn?oc=5,Scroll.in,"Wed, 17 Jul 2024 07:00:00 GMT",2026-06-14T20:36:56.668619,impersonation_identity_theft,True,False,candidate,https://scroll.in/article/1070672/love-jihad-drove-out-muslims-from-an-uttarakhand-town-in-court-it-turned-out-to-be-a-hoax
fake profile Uttarakhand,"Who Is Shweta Singh, 18-Year-Old Arrested From Uttarakhand For Bulli Bai App? | BOOM - BOOM Fact Check",https://news.google.com/rss/articles/CBMinwFBVV95cUxPVDhjY1V3Zzc2c3drdnlmUDFrdU5tMEdGR0xSOVI3Z3diWThDV00tYXhJdEpQYWwwNjUzQVlvT1Y3MTRJZC1fQ1VJNmFNU0Y3NFVCaVZwZ2hhbWQ1VFVqb2NHR1ZxaGg2TnBCdGpYT2NMakhmc3gyUm5kcV9vR0RmQ3JTNmxWUm9jdno4TjlEVzFUTW1kZThXX0VhWThIa3fSAaQBQVVfeXFMTlJZd0w5aEhPVk00LWxQbWRhNkdnamhfdm95V056dVBGYlM2aEpNeF9vOGZha05KM2hKX0N5MFlXdnBoNUdnUElBWDk1YXhOSFZGM1pFR1A1V2M0ZG5QTGNqRDBjMXNXM1VNN0tjeDY5ZTVkVEpTTUZ6NUlxdFdoR2o2dkhQdGpxX1VPM0NjbTJzZ0NyLUZlUnlrLV9SQTRBeFc0ajA?oc=5,BOOM Fact Check,"Sat, 08 Jan 2022 08:00:00 GMT",2026-06-14T20:36:56.668766,impersonation_identity_theft,True,False,candidate,https://www.boomlive.in/news/shweta-singh-bulli-bai-app-case-uttarakhand-arrested-mastermind-16308
fake profile Uttarakhand,"Photos: Floods, landslides throw life out of gear in Uttarakhand - The Times of India",https://news.google.com/rss/articles/CBMi0gFBVV95cUxPSzZBOTQzN01tUS1jX3JWWXd5bFJnSzNjMVloNDBzZVQ0aTRxNDN0TWpQR1VlYUQzZEVwbVFwakViQjVDeGRzMnkyRG5BbVJsaXBPWnpudFNSNDduRG9rM05HOTFicXpNSVlENFl6VXpsSWNpMUgwWUVyMlY3cGVMMXJwdnZkZFcxUTA0RE1uWWtCZmowajJyamtQVGd0SVRYWWEwSHJwb09INFVsOHNSMTRCaFZNTkw2cTRJbXpiRndRMU9od25MVTR6eXkxOUpFU3fSAdoBQVVfeXFMTktpbnIyaXBsNU9rSWJKUVU1dU9PbExzTlVKRFJScU9CMHloTmpDLU9iOTZXNnQzZDdFRnVzQTdsRWduZ0RJbFAxTWxWMjg3MG9Qb0d5RTF3bDJid0hRLWFsTDlHVlJoOVQtdmFOc3BxanFxdEF6YW1DN2xPTGlWOU44VmhpNW95ZWlzczBuMl9KcW9MVWd0MXpZZUkwcWdMOE0wcWVRbXJ6ZW40TVJhWmhJSGVpcWlqSkVKNHdzRGRnY1ZBRjVDLVJSNWlyWGV1RGIxNnRmODJRMVE?oc=5,The Times of India,"Fri, 30 Jul 2021 07:00:00 GMT",2026-06-14T20:36:56.668801,impersonation_identity_theft,True,False,candidate,https://timesofindia.indiatimes.com/city/dehradun/photos-floods-landslides-throw-life-out-of-gear-in-uttarakhand/photostory/84881751.cms
fake profile Uttarakhand,Nearly 10 lakh fake NCERT books worth over ₹9 crore seized in Uttarakhand | Hindustan Times - Hindustan Times,https://news.google.com/rss/articles/CBMi4gFBVV95cUxPNTZ4dlZ5TmNKQjJtMGlBY0I5b2h1Zmt6cDVnVG1QdDg1ZjRwNEhUWEZwakdVeTRyUGhFeUd0QThHcFUwQ1Z5YXBCZ3dldUxqNVZnc19kNHpnNF9GckozZk9tS1BGTXZVRllhQUlhTmRnQ1l4R1UtZmk3bG9rakpvMFgxTkZuRHFqejg2dE5lOGdPeEtkdmpBVnlOLV9pZUdjcG1EbDdLY1B6Sk5TR0hLNVJEWDZ4UHdXak14OE5ON3ZZTVQwN01hNGZ5d0c3TjgwX3ZLS2hKNHZHVnlsU1BveVJn0gHnAUFVX3lxTE1jdG05WUoxNEhrOE9fRjl2WFFOclFNSnFraHNCaVMtRWQ1SDhxWFV3eGdlc254bWZ4d0dUT2c2OEJPdENzUVBqV2ZrVk10UDVzeW04XzdkdGhSb1V4dUNaNXVBUDRUZ29vZzBjUHA0UDBhVExBdVpJQjI5cGg0QlJVZzB4aWx1bUpNWkg1SVNDUjRocGNZQTVKSUEzbm4zYTJBN2Jyc0pTWUZzVkhoVVlVNHkxRWY3eXY1WVRUVnlIVjdOV1BLS0NPdTcxUFpKVWFxVlVLOXM1M2Z5YmljTUpyMXdwN2lpZw?oc=5,Hindustan Times,"Tue, 17 Mar 2026 07:00:00 GMT",2026-06-14T20:36:56.668893,impersonation_identity_theft,True,False,candidate,https://www.hindustantimes.com/cities/dehradun-news/nearly-10-lakh-fake-ncert-books-worth-over-rs-9-crore-seized-in-uttarakhand-101773769553082.html
fake profile Uttarakhand,Avalanche Video From Nepal Peddled As Glacier Burst In Uttarakhand | BOOM - BOOM Fact Check,https://news.google.com/rss/articles/CBMipAFBVV95cUxOTGJ5NGtkMUMyODBpTGZuc1p1Vm1La2VCMW9oOHZTWGFON2dPamg1RVp5ZEpLSjlDMnpwR3l1WldreVhmRUVlM0paeXBLNUdyWUxRd09aY2RjbG1WVlJ1OXg4RFh6RS1OUXJPVFlRSXRXUk5nNU5RcURQeXVfZVlpdDF6OTBacTRxbWpRZEdQc3dGQndZeHU0alBkcTdxTUZ1aHVMVdIBqgFBVV95cUxOMXpiLTBiRWV0UDRQTmVuUjZ3WmJyUkdSeXJlOUpzN1RlMFhuSndsemxKWFdqa0xYN0VjeEVvNlc5b3FRdDM1Q0ZGZ2F5WEhxRVBiRk5LOU41dFVPQUhpXzBOcng4UlllbEtwOF81SER6MTZlNW9sakZ3LUI5NUNmTE1TcXcxcF9jMTdSUXlMekZHSW93QmhQM0poYmhlcl9VcGZZYk96MkphQQ?oc=5,BOOM Fact Check,"Tue, 09 Feb 2021 08:00:00 GMT",2026-06-14T20:36:56.668916,impersonation_identity_theft,True,False,candidate,https://www.boomlive.in/fact-check/uttarakhand-glacier-burst-chamoli-avalanche-nepal-viral-video-11886
fake profile Uttarakhand,Fact check: AI-generated image falsely shared as recent photo from Uttarakhand floods - lighthousejournalism.com,https://news.google.com/rss/articles/CBMizgFBVV95cUxOVXR1bVlHWUF5U3JEVEl4bjNtVHZ1OFFZVUc2RDVzdEh2UFcybVNuUzNpWUl3b092TjFzNnFRN2dPRlY0WG53Q2VOR2VvMkNiZ21PVmdpREZxbENWenBOZHBpZkF3NXpHaHJwVUFtQk1oWlBzNE9walNraENEZmd6M0V3d1RoNW5TYW1mak9SN2U5RnJCeHBJZ1BIMEswR2FtMFdiemkyWHBZdDNFLWtaV3lwZ05yTEJnMjNUXzlKMlhxYmM4UzhVQnNoTEhNUQ?oc=5,lighthousejournalism.com,"Mon, 11 Aug 2025 07:00:00 GMT",2026-06-14T20:36:56.668950,impersonation_identity_theft,True,False,candidate,https://www.lighthousejournalism.com/viral/fact-check-ai-generated-image-falsely-shared-as-recent-photo-from-uttarakhand-floods-4656/
fake profile Uttarakhand,"Facebook post about Uttarakhand CM’s death fake, case filed| India News - Hindustan Times",https://news.google.com/rss/articles/CBMizwFBVV95cUxQTjcwV1ZpT21aWVR2Z09aWXlEcldYelg4TERscnI3Y01LZFBOOTlvaDR3TmI5OW1xSG5YTm9yZ0Vxd0Y3bTlmUWdXWjQ1dWNHT0szS29DazhieVJRbFRvSi1EaUdKWFpYeTJmQ2tSeUgwaC1ER1J1QWJXWW9sV0ZIUk1wWVN5Vk1pdllNbkFWR0g2S21oLWo3WFVHNHIwd21PN1ktdE1obUlBbF9Yc0I2S0g2UHc2dUR4Rm44ek05TldrU2R4U2lmWURTOEhtTmM?oc=5,Hindustan Times,"Wed, 06 May 2020 07:00:00 GMT",2026-06-14T20:36:56.668999,impersonation_identity_theft,True,False,candidate,https://www.hindustantimes.com/india-news/facebook-post-about-uttarakhand-cm-s-death-fake-case-filed/story-pVLYMhXYkStPSCEimQUvII.html
fake profile Uttarakhand,Woman who married twice posing as man held in dowry case in Uttarakhand - The Indian Express,https://news.google.com/rss/articles/CBMilgFBVV95cUxPNkluNGdDeHFFNlA2dnBULXh3MVl2YWxES1BjdFBCemVWUGRNbHpreXZFcjMyRG5TSlZFc0Z3cXNDMXRIWENxVzl5d0QzMEhvRmMyWUxkczZfVFh6cTNsSC1OeGxWQS1ENFpPbEVxM29icmRjOTRNZTViRklBczNablhNZWJLUGI3TW5Uc05QNktoeTExMFHSAZwBQVVfeXFMTVF0MW9KbFZIMHZpUDJzSWdQaXJvS21BVmdfQmQ2SGF6ZURKcmVxNDNaR1NHdzhYUG9qSi04TzNNX0NRNnA2WmdIcFZWbkpPejZSUXY5TmlYaDNOOEFLeTgxYXhaNjZ4bXN2X1Y4ZF9FTWY3dHpzbnc2TjVVRFhYeG5Md0RGQXE3TXhJcEJQX0M2di14eTg3cGFFVmd0?oc=5,The Indian Express,"Fri, 16 Feb 2018 08:00:00 GMT",2026-06-14T20:36:56.669144,impersonation_identity_theft,True,False,candidate,https://indianexpress.com/article/india/woman-posed-man-dowry-arrested-uttarakhand-5065659/
fake profile Uttarakhand,"All departments asked to monitor gender budget, says Uttarakhand FM | Hindustan Times - Hindustan Times",https://news.google.com/rss/articles/CBMi1wFBVV95cUxPMHVRVHZFbXBNVF9NSDZmMXRCSGt0M2llS3F3SWhoMW1CTVZKV29vTjdqN09hMmMyS0VKZmR4czBsSUtSelFleHVhQ0VnU3JONFZldGYtdU0zZHlsSGxSWjM3cmZEblFNZ2o0dHI2NmJuaU5md29fSDd4Qm90ZlNlQURJVjI4NDFhSTlmTUZHR2R6MGZQMGRMdktFeTJkSkxFZXN0RTI5QzhmREhxeDAydlhRQ3JtOVNOR0ZoYURUMTh0RjhObjkxZDd3QnBjM3NKa0o4TjlrRdIB3AFBVV95cUxPN240WjJ1Z3JoUXg1MFBDdEVITmd6S3JRZVRHXzhuNVdfTHh2US1VQldDTEQ0WWVkcW9lNFk3WjNoZ1djS3hfT1hBS1Y5OTVXbks3WHlvem5tMzNsejVudXBYREJkNHc3VDg0V19mbFZYRHZlNm5ac2VscGduUDAwbTdQSW1POGdsRjh6QUNROHBIaFM0TFRGV2dKaEdQRjBmSVYzcUR6bjZMRnVCTnR2cEJSTFl3NlVtamoxLU56aTZOdGJ2SzkxMEVqNlZxWWpnWFpoWURPUzJBTDBE?oc=5,Hindustan Times,"Wed, 05 Jul 2017 07:00:00 GMT",2026-06-14T20:36:56.669168,impersonation_identity_theft,True,False,candidate,https://www.hindustantimes.com/dehradun/all-departments-asked-to-monitor-gender-budget-says-uttarakhand-fm/story-IqLcE8dunujNpEHy96I4QI.html
fake profile Uttarakhand,Operation Kalnemi: 118 fake 'babas' busted in Uttarakhand - MSN,https://news.google.com/rss/articles/CBMivAJBVV95cUxPM2NwWWoydFUtTjgxZG1SMzhIZmJ1aE0yaEpBUTFrdHh2ZDJ2VmdxdVpzSzRRdHFRVG1VUkRHQnEtNkFiS09wbEtuMHYya2JwOENRME1nVXFpMk5fZG9uMHRQYTFhMUFiUmtYeXVaOXlGQVRMZ3BFQXhEN2wyQ2h0cHlCeXJLTk5XVEozalN1UEJEUHduemh1VVVqS2hkSzlNQnFQOU4yZHVfeTY4WmtrOXVTT0Q5UjBBdXhzQm96akFfRTRYeTB0TVJwUTEzZ3ZkazZyUEZoS0Nmczl2aGhFYl9aUDJUYVFmSFRIb2ZQR3JsUFRNX2FLalBCZVZBZ2FnbVVfNTV3cEl4eWtjaG9mbnJ1bEY1SEFQYVRtTTd0aWNGakcxVjdaNkVpVFZ3NkxZNll0MW9GRGVUcmlV?oc=5,MSN,"Mon, 25 May 2026 17:06:41 GMT",2026-06-14T20:36:56.669191,impersonation_identity_theft,True,False,candidate,https://www.msn.com/en-in/news/India/operation-kalnemi-118-fake-babas-busted-in-uttarakhand/ar-AA1Iu39f?apiversion=v2&domshim=1&noservercache=1&noservertelemetry=1&batchservertelemetry=1&renderwebcomponents=1&wcseo=1
fake profile Uttarakhand,"Bizarre! Woman Pretends To Be A Man, Marries Two Girls For Dowry In Nainital - ABP News",https://news.google.com/rss/articles/CBMisAFBVV95cUxONW9GN0ZZTGFMNHZ5X1Y0RUhtUFRSdng3WGt0U19jeUR1bnBXS0hUYWdpUGRsSHNaamtnX0RCcEVmV2hHLWs0N3FwZzlRRXp2a09kR2ZpeEFGZ1gtM0UwWW13QXp0TFc3d2VSYlVZMHhpNm55WmE1YzNUWk9yZ014VXBGSVh6c3phaG1CUTVIZXlzZExVWGRiNXdXLXc0OGgtc1RPdnRZVkVkcVhpRVVPNdIBtgFBVV95cUxQQjBkMjhyNDBWMl9JSkVxd2Z3WkpqMXdKa3FtaUFfXzl3MTljYTBZQmV3V2xCaEFHNFhWSjlYeXJWUlVkamhBTnZucl92X1ZvOVZwXzJoU202d0VFZG1lQjZiV1lVbk9oejFPTWtnSEY5VndCeDBDdjRRQmhKay1zcmxSdFFheGFnMG1PTC15WVJ5ekZUYU5jVFk3eXpVUTQwSURNUDRVYjZjWFhTYV95Qi1Sel93dw?oc=5,ABP News,"Fri, 16 Feb 2018 08:00:00 GMT",2026-06-14T20:36:56.669264,impersonation_identity_theft,True,False,candidate,https://news.abplive.com/news/bizarre-woman-pretends-to-be-a-man-marries-two-girls-for-dowry-in-nainital-652018
fake account Uttarakhand,Uttarakhand police register FIR over false Kedarnath claims - The News Mill,https://news.google.com/rss/articles/CBMitAFBVV95cUxNQXRBaWRRRFNsWGJiQzVhdndleE5NdnQ1U25zUUZ2OFRTUmVicmdFWFN5andFb2RNb2FvRXkwZGtrdWJ0YlNFVzlpYWw3RGVmOTJoWEU1bjZBUUFXdTVKdk8yWFVkaVBJa0dVNHJKbjkxYVo5ak55TTFtem1LLS1WS2hlTWVzN2w0N0NQTlVTbzRBRHlhUzlPdFR4Y3BfUXhKcGZ5X2l0bTRkZ19YS0UzaF9zYU8?oc=5,The News Mill,"Fri, 24 Apr 2026 07:00:00 GMT",2026-06-14T20:36:59.070581,impersonation_identity_theft,True,False,candidate,https://thenewsmill.com/2026/04/uttarakhand-police-register-fir-against-instagram-user-for-false-kedarnath-claims/
fake account Uttarakhand,Bangladeshi Nationals Among 14 'Fake Babas' Arrested In Uttarakhand - NDTV,https://news.google.com/rss/articles/CBMiqAFBVV95cUxOd3dwRUlEZjV1eEtZUnZEcjR3d2R6UnBPejRSbktQSGQ4Ti1yTHZhcG83YXpGRk1YRk9oTm9MWjhYYm9YcjF2Nk9pRTRubEhnWUY2bU00dHliMHoydTFYd0dJcDVNenZnV3RIaDZMOUM1TzZ0RXI2T2Z4cFJQN1hpY2VHZkNyUFFoUEwwV0VIcVVpemNqN1J6d21EdGdTM3lUS3ZiZ0J0UmLSAbABQVVfeXFMTjFSYzE3REJVOVJHaFB1N3FEekhialpCdENjX0Z0OWx6UFhlSUFZRTRvSVNsOGtaY3YwVG9lX2hxUF83Wmd6RGVFQm1razZzYjkxVVVocGlnTnBNTUNJSlJMcV8ycWdpZ183TGNLUVFXcFFyOTdpeHFaMV9oenRnMmZrVGpRYkJidlhUb3BRQXl4cjd4WGJQVXZydnlndDdiNTNSX2dpaFpEVmlGY0h1ZFQ?oc=5,NDTV,"Mon, 08 Sep 2025 07:00:00 GMT",2026-06-14T20:36:59.070734,impersonation_identity_theft,True,False,candidate,https://www.ndtv.com/india-news/bangladeshi-nationals-among-14-fake-babas-arrested-in-uttarakhand-9234136
fake account Uttarakhand,"Uttarakhand STF busts fake medicine racket, 2 arrested - ANI News",https://news.google.com/rss/articles/CBMiuAFBVV95cUxOUUxyRHU5a2dNRjJKSmNObW5Gb1paaTRxZVc3RHlaUU85NEdzS3F3Ty1uckQxemdMMDdyNXFXTjBlT0x6ZlpldU0zNkVRSW8wRWdJblpJTERYZmVDZExVSkRVd2tjd1VScEppMV9yUnFUYXIyQUp5Rm1ROGZhTVRvLVI0VmxaYndiMDNRc3lzeVJEcm5KNU13T3p0dFRyMmJ0NnBGQTBPdWl4ZkFEdVVTV25HUDVsMUxk?oc=5,ANI News,"Fri, 22 May 2026 07:00:00 GMT",2026-06-14T20:36:59.070768,impersonation_identity_theft,True,False,candidate,https://www.aninews.in/news/national/general-news/uttarakhand-stf-busts-fake-medicine-racket-2-arrested20260522173259/
fake account Uttarakhand,Uttarakhand: Illegal Drug Racket Of Fake Doctor Busted In Udham Singh Nagar - ETV Bharat,https://news.google.com/rss/articles/CBMiwgFBVV95cUxOMVZIa3duRkN1TW1EMEo3WVNLWFdUcEhIamdxSzNmQThEcnZRMVBBOTR0cTNQRDZJeDRQc3pPTTJ0R0pBeGROSmdLTjMzZjNuQmRlMG9YRXR0c1cxenNEenp4ZldkQjBBSEhmLUhDU21OZHRyeVJlajBJUnRCREZGQ1AzWk1PcUgwTTFnN0tici1tYUI4cWM0OEpLYUluaS1sTnV5dFhGbm9aU2g5aGFMSE9DMTRjOEhwYWxYRVRTb1lNUdIBxwFBVV95cUxOMS1wN1otTktmVE41Z0g1Q1ZGVGNVb2w2a213OUZXOUxhcnRsbHI0QUl0ZGpDQnhUT3o1STAxaVg5V3F4emx4eWVaLXZlY3FrMzdjMkRFQlJCWVl0ZFhDdDRfaVcyOEJaNjh0Y0R6ejA5NDh3dGxUOU5zXzhsVkxycUdJYWlQMGtZOHlLMWpoSU5IdkxoTXcwSFV6N2dFZTBvY2lvZTIxeWNqWFlQbTY3ekdQWm4tSHpEWWxnZHlOUFl4aXVrWWtB?oc=5,ETV Bharat,"Tue, 21 Apr 2026 07:00:00 GMT",2026-06-14T20:36:59.070821,impersonation_identity_theft,True,False,candidate,https://www.etvbharat.com/en/state/uttarakhand-illegal-drug-racket-of-fake-doctor-busted-in-udham-singh-nagar-enn26042101915
fake account Uttarakhand,Fake letter claims Ajit Doval lauded Uttarakhand chief secy. for Kumbh Mela by Prashant Bhushan - Alt News,https://news.google.com/rss/articles/CBMinwFBVV95cUxPRklFbHh1c3M5ak1OcjBOS0dDcXBoNEJ5TFpORVctejJQd3RoM0RpT2F6OU5QUk9uMlZuZ203WEplZDhkSHlYdTdwQ2syMGNtLUsyMGF0QTFoYzgybkR6UlBZSm5ub0xQVXBhQnFuNDhHaHUwRUt3WVAxNHlrRXJfSG8zV2RXZXRqSEtiMEZLcG1GREpOQ29NaXRLTk1TQ00?oc=5,Alt News,"Wed, 21 Apr 2021 07:00:00 GMT",2026-06-14T20:36:59.070978,impersonation_identity_theft,True,False,candidate,https://www.altnews.in/fake-letter-claims-ajit-doval-lauded-uttarakhand-chief-secy-for-kumbh-mela/
fake account Uttarakhand,Fake Letter Claims Ajit Doval Praised Uttarakhand Officials For Kumbh Mela | BOOM - BOOM Fact Check,https://news.google.com/rss/articles/CBMitgFBVV95cUxOY2lBWV9HUVVodnZDU1lzR2hhbVBDWlRqd1lJUmN1Tk5sZGd4UUgzRjBnXzZoT1RlSVVYcnFPNFBnOTM2c3FDRWdFbjBjeFYtUlM3N2RyMHNwaThMbWt3czRXNFNrRm10U19WY0duS0RyV0tBUGdiMUliUGRtNXUyNG13SEJNTFZ5MXduaGozd0pHOWM4SjN3LTNiM2gzSFNtOFNNc012TFhGWTJyUHhPZ2lSSFN3d9IBuwFBVV95cUxObVRBUG1wNC1Pd29IVmk0M1drS0hQRkpVd2dQNUhqQl81QmtKSXVjMVhpb1R5WXctVGozQmJYY18xd1dacnZRVEdqQnFpdFNadlQxS3N5M3JSaDBzZ3JtbjU2cW9FSmdNbmVFcEdLNExlOE92LWNnZTNwNDFWOXNwSFVQcGhibXZkbGxLWmhpV0swcGVyeHBQSV95OF9TQ2NNN3h6X3NMZHBhQ3ZoV056WXVNSTV4ZWNQdV9v?oc=5,BOOM Fact Check,"Wed, 21 Apr 2021 07:00:00 GMT",2026-06-14T20:36:59.071089,impersonation_identity_theft,True,False,candidate,https://www.boomlive.in/fact-check/fake-letter-claims-ajit-doval-praised-uttarakhand-officials-for-kumbh-mela-12848
fake account Uttarakhand,18 Uttarakhand policemen convicted in 2009 fake encounter - The Hindu,https://news.google.com/rss/articles/CBMiyAFBVV95cUxNck9aZTFxVnFnZ0dHOUNCV0wzT2tMeFRTYVhNUV9oM0FDOVUtTmVuTlMzSHh0c0ZENFdhV1pSYnN0clRnMk5rT3ZpYXR1QW56UnFDTEM1MTFZSDBYM2l6bUlYOU1wcE1UT0dWMmo5b0dzUnN6WVFGUHdYRGJjZG8ya0N5bUpfM0piaTRFQTgwVzZKVlZjQjd2THEtU1pTY2RZaFFkVHBsOS1CZTM0X2E5Yy1hUHZqVDF6N01UNjB3UkFhQU1IX0xZatIBzwFBVV95cUxPTDdUTDBTOHc1Ry1DT1Fwc2NVV0h6Q2tYLXJNRm8xOEp3bXp3NnplT1VIdEZybmt6NnVFcTZUdzFxRFlKMUs0b2VtRzFrM1FqNzE2MGlpbjZvTGxZY1RIazZRVkt0NGxOX0dPeGctaVNfMC1wLXN2amVCSGp0RHFCSVI0LWxPdC05cnZFNXpBOWw4RGNob2hyYmpuS3hRYUw3aTJSVmpqdVBtOFp2MVI3eG5pc1BuQ1RITzVUaUFOOWxacGREWWVVblZFQzR0Ujg?oc=5,The Hindu,"Fri, 06 Jun 2014 07:00:00 GMT",2026-06-14T20:36:59.071287,impersonation_identity_theft,True,False,candidate,https://www.thehindu.com/news/national/other-states/18-Uttarakhand-policemen-convicted-in-2009-fake-encounter/article11624610.ece
fake account Uttarakhand,Court convicts 18 Uttarakhand cops in fake encounter case - The Indian Express,https://news.google.com/rss/articles/CBMivwFBVV95cUxQUTF1REtwUXp1ZF9QV2hjdVlUdmg2QVhsYmNHcGRnM3hzcXpSRGJNS3pJdV9mRzdsU0N2LVZveGFVQVZqaDhTeEZCaVRiYUdrczNRWFR4OFRhOEw0Y2dlOXEwUVlJczBwSERWam00LU0yeHh3R3FhYkg4TGxsb29FNkJTN0tQRXZfLVBDOHQwOUVyZWlPOTBTLWtKSEtCR2JzeG5SZ3hnbElVLUxTeHJMRTZRcGs1TE5JTFY4R1B4b9IBxgFBVV95cUxPZ2h6UUczcmt5ZXc2eWp5VlJndGlsZmVmbDhkYlhQU3BlR1pTLS1HeGR0TVRORkQybldqdXlXcl9tWUhBVlhHOFhpMTNyc19SaGdJLWJzWWowRG5TbGU4cTIyc3d2LXRwODBqdXRMTW4wRE1YMUZ0QzRMYjVSYmtRbkx0czZSejVGMUJ5Tko1WFRfNlJ5c0NUdEQ1UkwxaFZKekRna2JkNWJ5cDBJUEFtMFUwMVJNVUJZYUNKZ3hsa0RObElKQmc?oc=5,The Indian Express,"Fri, 06 Jun 2014 07:00:00 GMT",2026-06-14T20:36:59.071303,impersonation_identity_theft,True,False,candidate,https://indianexpress.com/article/india/india-others/18-uttarakhand-policemen-convicted-for-fake-encounter-of-mba-student/
social media impersonation Uttarakhand,"‘Anti-national’ posts or protest could peril passports, loans or jobs in Bihar, Uttarakhand - The Times of India",https://news.google.com/rss/articles/CBMi4gFBVV95cUxNWGxsdXRwYTVUQlJfSU1uM1dRYXVjTEV2SHB1MFlhdWc1NWZwTTdjYy1Dd3llaE4zTUIwQmJTUDZhTjNjS3lNNWs4czBVY1RNd3NlR1dGYjlRTXY3bjdJaDhOQXcwM0ZaMjRRZGtJTzl1Yi1pbVczOS1pZ0MxLVRKVmV3X244X2RBcTlhb2RqY0VDcW1rWDk5WXhUUlFzcFBkVExER3NkN0Znb3I0SFZ6Y1FqTUdGNGNCZExXRHJ0WlZDaE1maWsxeXlPYzIzdk0zYWFBT2NPMktzQTVxZkxxU2p30gHnAUFVX3lxTE44djAycjdYZ2diNE94blFuVU00Um4zdVhuR1VDWVlnNTd0UUhVdWQzYThvd0MzRUtiOXl6S2pEdi03NF9mMnA2SGREMTdVd2U1SU1BUm9fR2huMXJDZkFnWmxOQnZMYzZ1bFVXMnJPd19ZcFR4WjM2b0FZTHZycjhKdU91WFdnb0hreVZFbElwSTFGM3pYeGJMWnVTclFKYkE5S2FJNGZHX3gyT0NjeF9aN09Ed0VhcEQwaktfMWtZNHhhc1Z4c0djSXF6VFFDRzdZR2NyT2xteHJfbjVMVi1SZWE3WVBUOA?oc=5,The Times of India,"Fri, 05 Feb 2021 08:00:00 GMT",2026-06-14T20:37:02.850247,impersonation_identity_theft,True,False,candidate,https://timesofindia.indiatimes.com/city/dehradun/presence-at-protests-social-media-activity-to-affect-passports-loans-jobs/articleshow/80693436.cms
social media impersonation Uttarakhand,"An interfaith couple in Uttarakhand submitted a notice to SDM saying they intend to marry. Then, a nightmare began - The Indian Express",https://news.google.com/rss/articles/CBMi8wFBVV95cUxObFpxS2RuUXJBNmhPcW9TazMzcTFTRWdQSXI5a3Z1Y0l1eWRwS2FjdUJDNUx6dTZ3bkx0VFdxcFJJYkVKZXpZaU5IVlh4T3M1NDIyY1Z5VFdWX0JSNHQ0Vm5veTMxLTR2LXZkMmRHZG95YnlHWks4TGpIWHJ6TXVISEF1NVk4S2JfOG80NDh1aDJWSl9GOVVoWWVoY3dMLS1TdVBZdVhUR05iaGp1WDVSV1pqbTNfb3c4UjJPbi1Zb0x4cG5jX1lRVFZwM3RfM24ySFNVNnkwMjl2Vkx1ekdZUi1VN2xubVMxbHFUZWRlTUhoclnSAfoBQVVfeXFMTjJZcXZQOUQ3amxfQ0NiclA1UUJJWUFzWHF2ekJlUTB3Zk5Gc0NoR1Utc1E1ZHFLRUZWWE84UzdnNTI2OFlVaGloRXgyRWg4eHJ5RnRld05kdlJUdHlpcWk5Y1RnVE5kRnBReGJQSGM2M1dBT1Rfa3IzcXpVR3JmaG5wS1pxa1BuZDU4Rk9JUUtYSWZmZlIzWnFaRTNnODNRM0dWNVR0bE1Lc2k5LTZyd05vSDJ0cHBjNmVEX3QzcHRZcTdnWTRoOGN4UW81ODJXWHJCQWxNbkM3RGM4Z1lTbjVRT0hqcWZsbVpUSFpnRk52Zk51UzJHeVljZw?oc=5,The Indian Express,"Thu, 06 Feb 2025 08:00:00 GMT",2026-06-14T20:37:02.850259,impersonation_identity_theft,True,False,candidate,https://indianexpress.com/article/india/an-interfaith-couple-in-uttarakhand-submitted-a-notice-to-sdm-saying-they-intend-to-marry-then-a-nightmare-began-9819953/
impersonating officer Uttarakhand,"Born out of Operation Sindoor, how Uttarakhand’s Operation Kalanemi is weeding out impostor sadhus - ThePrint",https://news.google.com/rss/articles/CBMiywFBVV95cUxQTFE2c0V6R3F6VmI2OTNDNy00ZnFTRzJFSkpHTnlHbzI2YmVsNk80dzdxRlJIdkN0dXVSMnctcVFYSGluTlRBemZwNmpTR0I1elZuUG9fa0E5a3M4RUVQUUxOR2pIR1JLYXlraGdVbUJtNTUtYVJTU0oyYmZWUloxYW1nUm1ta3dsVlM5UlVybmwyT1hRbGFCLXhkZmRRaGJoS1M5N0VUUHgxeTAyXy1CQnBndk91cDQxb29GV0x4TEhEek5mcEw4amtya9IB0AFBVV95cUxOOGxyc0V4OHlBOGF4NklzdGd5Q0UxWFlFN0xCcWstOTNHRGpBZ1BscnZQWG0wYzhoc0ZMVEQyTUxYVWJTeDJWZVZtTk1iWEI3eHlrSGNIbjh0ZWZXVi1kR25XVWU2TXVsQzFpNGIzRS1WVTNld2VTVlowQ3haN2V5d3ZYQmJua2Y3NmstYXJ1eHk2b05YRWd5TEVvR3VieHdDdldpQ1lBYXMwdko0REJGNnJCdXM4QUlOOFFhNl9HRGFTcjVlZHg3azNPVmg3anRC?oc=5,ThePrint,"Thu, 24 Jul 2025 07:00:00 GMT",2026-06-14T20:37:04.730518,impersonation_identity_theft,True,False,candidate,https://theprint.in/india/born-out-of-operation-sindoor-how-uttarakhands-operation-kalanemi-is-weeding-out-impostor-sadhus/2699387/
impersonating officer Uttarakhand,Uttarakhand govt orders dismissal of judicial officer - The Times of India,https://news.google.com/rss/articles/CBMixwFBVV95cUxNUlRiZzhDMkt2NlZROEdwdzBVaUJfNG9iNW00eW9oSjFPeHAwMEVyeFFYa2FKLUpIQjF6YVRSTHVCNWhHWmw0VG1TblpxYkNtYkNmMWxUOTJtQ1RkWEg0UU1XWnh2WmMxeGk1Rk5rZkdlWlFtREU5TGc5U05WNUdGQVNaVm1xbUtDUmRibG1lVEd2eFdYZmlsRW5YOTg1Q3FIRjJUaEpXajhKdEFzSTNwa19wS1ptZUVhQ3Y4YnFoSno1OTZFT0ZV0gHMAUFVX3lxTE1EaHhoOUx4M1lkM2tZQm1VZzhXN2t0cjZJZm5ncHhva2JRVWNaaGxCejEtQUdNbXVpdTdPZ2ZsOW1mcnU3WWQ5aVQwNkxsMjFQZi1nbUd5UUlTN3RXVmh4cnZldHdVamdpNFN4cjJwT29KVUhWd3RFQWc5NEJPMnN5dWhJUXdhdWh3QlhIQ0c1d0dvdVYtS3o3VGRBbTZvWFNWQ2ZsNnhfbGl6TVFMaThPTDlJQzFRUGJmNTNGbEFjbHZkOTE1dktOU0Z4Yg?oc=5,The Times of India,"Thu, 18 Jul 2019 07:00:00 GMT",2026-06-14T20:37:04.730625,impersonation_identity_theft,True,False,candidate,https://timesofindia.indiatimes.com/city/dehradun/uttarakhand-govt-orders-dismissal-of-judicial-officer/articleshow/70283169.cms
impersonating officer Uttarakhand,"Woman Posing as Trainee IAS Officer in Mussoorie Arrested, Sent to Jail for 14 Days - NDTV",https://news.google.com/rss/articles/CBMipAFBVV95cUxOdzV1RGRWRmtXZkp6Rnh4ZkJ3a2EwTGpIZ2lCdV9ITTVPRzBBT0l2X2xQd2NnNFNZU2lheGtWOVlwUzIzQ3JSQzJ4UmhaQjlOUi02SEJvZzVxalZzajRzemxSdzNtUTE5a1djYzUwc3VtblI5Zm1mOWExdVc2MWgwMVV2UmhWb3l0cXlmSUN2Z2dheV81b0N5bEs3Z3pHMjhOalBpVQ?oc=5,NDTV,"Sat, 04 Apr 2015 07:00:00 GMT",2026-06-14T20:37:04.730644,impersonation_identity_theft,True,False,candidate,https://www.ndtv.com/india-news/fake-woman-ias-officer-who-stayed-at-mussoorie-academy-arrested-752194
impersonating officer Uttarakhand,UCC to be implemented in Uttarakhand on January 27: CM Pushkar Singh Dhami - English Varthabharati,https://news.google.com/rss/articles/CBMisgFBVV95cUxQVEtzcUZIZllmOXJ3dktjdXlNdEFXWXo5ZlUyelhsaUo3ejFWQVVJVTFsYlJJeS1VM05KNVM5NE5TRE9VbU1aZ2ZyRVBqMFdRMTl5eFBPR0Rzdms1M1pNUS1qMGtTcnhaVFhtMi1keUMwSE9VaEJBWGxpUXJnVzROcDhOTTlESjdJaUYtYXRlVllNNTFTbGs1NWxsbU9VNGI0THVCOUZSXzBiSXB1QzlYQ2Fn?oc=5,English Varthabharati,"Sun, 26 Jan 2025 08:00:00 GMT",2026-06-14T20:37:04.730705,impersonation_identity_theft,True,False,candidate,https://english.varthabharati.in/india/ucc-to-be-implemented-in-uttarakhand-on-january-27-cm-pushkar-singh-dhami
impersonating officer Uttarakhand,Uttarakhand Transfers 4 Senior IPS Officers; Amit Srivastava Made SP Tehri Garhwal - Indianmasterminds,https://news.google.com/rss/articles/CBMiogFBVV95cUxOT21EX2x1REFQNV9JVmxOQUtNQ3Y3d0N5OVZwUmFRcUZ0WW5uWjBOSGp2VEVsVXpzOXZLZnZsamR2OGJHMlFaTjgzRUJZR092aWlKeVdfbVhIZ2cxV05KNmgzSmFfekRFWElCWDlhQmFGV2FIVjdHWFVXdW03Vm1MTkwwYmFGQ3JIYUV6TXdQVUs5azhUVUhIRGhfQmhtOTNNdnc?oc=5,Indianmasterminds,"Sat, 04 Apr 2026 07:00:00 GMT",2026-06-14T20:37:04.730724,impersonation_identity_theft,True,False,candidate,https://indianmasterminds.com/news/uttarakhand-ips-transfer-kumbh-2027-amit-srivastava-tehri-195814/
fake cop Uttarakhand,Operation Kalanemi: 23 Fake babas arrested in Uttarakhand - The Economic Times,https://news.google.com/rss/articles/CBMivgFBVV95cUxPLUpCWXQtQzhDbUdnNzBXRGREakpta0RzUkMtc1VCYlBicndQM2ZRN1g0OVV2dlFaSWMtRXFnQjNHYnhGNVB0dUJ0UDJ6V0Jkc3d6TE1fR0E0WWIyVDh2bFd0d0VsZlNBUWtleE9XdzFQNkUzYWFUamJtb2toelpiZVpaQUE1aDJ6UExkYkFqUXp0bVQxbXYtVno0MklpM1JHbWh6MW9IdHRkN3NkY1BvVk8zdTB5SHltalJGc1Vn0gHDAUFVX3lxTE5fRm8xS3BmTjNJX2dFemg0QThKODJoeHhOZ2VYQUUwaEN5VUtOUDIxYllXOER4cThncGxDd1l5aUFZNC1ZLVZCamhhalVrTWM3c25IRjJMY1pIU3NEdl9MMXNLb0hYd3Q2TTJsU3hSc19CSlAyOG5neVV6TVZwN21RUWI5cWE4dy1jWmFUbFR2VDNwY1FyYnNfd04takVJYkk2WlZfdVN1aWlsZ093cXZJWlZRTGp5SFRsaUFXVXNhall0NA?oc=5,The Economic Times,"Sat, 12 Jul 2025 07:00:00 GMT",2026-06-14T20:37:06.811712,impersonation_identity_theft,True,False,candidate,https://economictimes.indiatimes.com/news/india/operation-kalanemi-23-fake-babas-arrested-in-uttarakhand/articleshow/122406472.cms?from=mdr
fake cop Uttarakhand,Gangster Chhota Rajan's Aide Arrested By Delhi Cops From Uttarakhand Jail - NDTV,https://news.google.com/rss/articles/CBMisgFBVV95cUxONHh4dFMycU1vLXBiWHAwWUZWTElDdW05UW1WZTZNZFF6aDhZbnRhLUVKOGJZTGEyS2dlaVRZTGdMWXhQU2otRmFhUFVLVlVORVJXOThJVXF2U3BiUkQyTEYteHhwcXdsNTlKYUZ0by1CUlN3YjJBSGJON1BnZEtpVGJyWm5QeEN3UWVQX0dKd1lpTUpETW1CT09peHRKTTFGaFJEeHpVakI5ai1KTXlQV2JR0gG6AUFVX3lxTE5pclc3TEtpdDBzLXpKZ2lKaDdnWDJHTWQ5aTBDaHJudHZzMTQ5ejIxV21SOUdrUnlURTMxci10MC1yYWJUb2RiQmFTLThmXzB2azEwWTZSaTVjUEJrV3JvM0dwbDVnYWtsLXVHblNwUm1pN3lzTldpQmZFRWJsOENhbnpmX3JKOGl5c3Q4SmRqa2JQZWl2VnRRTzJiRWF2c25nNWVPWTdrdFEzQ044ZFlTMWJ3ZWRuM2pzZw?oc=5,NDTV,"Tue, 07 Feb 2023 08:00:00 GMT",2026-06-14T20:37:06.811774,impersonation_identity_theft,True,False,candidate,https://www.ndtv.com/delhi-news/gangster-chhota-rajans-aide-arrested-by-delhi-cops-from-uttarakhand-jail-3759859
fake cop Uttarakhand,Uttarakhand STF arrests two in fake medicine racket spanning five states - The News Mill,https://news.google.com/rss/articles/CBMiqAFBVV95cUxOajJkckh2cVhoRVhpSWtUdzAyLWJsM0NheU5sOTdPRkkzUEFYanoyWUVxNFNRdmRDVEZyTmVLZktPYXRZQTNiYUFHNl9OS3NIR0U4TzE5Nkw3SVVMUU1TVUFyUVFkdU9KQVFXU1VIeUJFMVpyazZabXRsSmdPVm1CZmFMbTRtUzFQZ0l0T1JJZEhpQVB2MWVqYnY2cFRZSWtLRk90ZDFKX1g?oc=5,The News Mill,"Fri, 22 May 2026 07:00:00 GMT",2026-06-14T20:37:06.811990,impersonation_identity_theft,True,False,candidate,https://thenewsmill.com/2026/05/uttarakhand-stf-arrests-two-in-fake-medicine-racket-spanning-five-states/
fake cop Uttarakhand,11 Dehradun cops surrender for 2009 fake encounter - The Hindu,https://news.google.com/rss/articles/CBMivwFBVV95cUxOcVZhQVVjY05yODd6OVZESkpsTWtiU2x0WDVxdUNOMHkyRHhETnlvcmZlTV9nYzJ2Zmh2Zmg1VlVHbWlDazZmQ2FPd1ZRNlZXY2huaG1fTWhzcGptT1JIY3E5azM5NXZQeHlTdHcybFdPakFzdXpWS0VnV1ZxeXFXeXhrX3cxMWRvSUlzdkpVQXJDYWNMSHhtV1R2RUhCOXZZbHdfM1p0a2M1bWh5QXZWMHVlRXRDSjlMQTlhcWg4c9IBxgFBVV95cUxQMTVoT29JZU8xX2JXa2M0MDMyT3FoaVZTdVhHeW4wZnMtQ09fQnZkaXBvZkI4WHJoekVaeldGeUZrLVBwMklWam1SLW5WWHFUMnY3Uzl5bk9tbmF6eWh3dkJZRG5IWktvTXlHd2gwaldGTkc4bHMxeUU1Nk9CNTEwSElKUlFiLXRIRFEwYjlmOUdkUS04N3VxR2h6ZkdncWhfbDE0cnJETVU2R2lRdGtSTzdfa3ZzN19xTlRndVljOHpFdEVyeXc?oc=5,The Hindu,"Tue, 05 Jun 2012 07:00:00 GMT",2026-06-14T20:37:06.812278,impersonation_identity_theft,True,False,candidate,https://www.thehindu.com/news/national/other-states/11-Dehradun-cops-surrender-for-2009-fake-encounter/article12849635.ece
fake cop Uttarakhand,Dehradun fake encounter: Delhi HC upholds conviction of 7 cops | Hindustan Times - Hindustan Times,https://news.google.com/rss/articles/CBMi0AFBVV95cUxQUTh4U0JkUXpDNlhYM1NqeVR1SFhoNjNUbWQxVkZZa0VuVXR1TXdvOUJZU293bnEzWTItcTJGUFhHMDhGRUJ5UC1lOGhYRjkwcGFGdWp3d1ExYWR3dkVWZTFFdjFBNkxWdmxSQjVNODlzM3BlekpSMU5tdVVaZnNXcGwyazJCQ1k2b1lGMmYtOUlOdTIydTE0TGk2S0FWWHNMejNRY1BWWUpRZjBuWFBmNXFTRFVYMGRqcFByNk1QUksxRWFRbUdoOTlDUUs1Q2Fn0gHWAUFVX3lxTFA0VDNOQ0gwVk5ZdlczN3E2YWM3b1dxYkVtWHlHeGFybFJ3ek5BSFNYVjlxc2MxSFRCRlJQTzBKQ3dFeHZOUjhueXoxWDNuUnhsUWhqa0JycXpNNkJqUl9hdloydXBURC13ZEZrb25DNzZOU3RYRVhwcUlkT09EZjRtWF9GN2wzano4ZWVxNndOSnpNYVB2bjJzcnhBdFlPWldOdWdGak0zNzgyZzY5MkNKUm1wZWJFSDVzYVN2dUlmTFNmZVZIUzZQR2lseDB5dHRwcllLREE?oc=5,Hindustan Times,"Tue, 06 Feb 2018 08:00:00 GMT",2026-06-14T20:37:06.812298,impersonation_identity_theft,True,False,candidate,https://www.hindustantimes.com/dehradun/dehradun-fake-encounter-delhi-hc-upholds-conviction-of-7-cops/story-jf8Jo15D7DWhBE4BoDyaAO.html
fake cop Uttarakhand,Four accused cops turn approvers in Dehradun ‘fake’ encounter case - The Indian Express,https://news.google.com/rss/articles/CBMisgFBVV95cUxQemNhZWpuUG9jN0stTFZnUWVOaEFmYTZjaG1yMmN1SWZiZ24xNUNxbnhSc2pqdmNMTGc2YVRaNUdocHdBbnRZaFBTSk1nbEViV25YNi04ejI5OXd4dHlXR05Ia0FQR2NNTVhyTjl0VXJ4VFBzM1d3RDNnT3hiZnZ6WkNCdWtOQ2E5cUlSZkpnamhPeWFyU2QxNngxeHcxeXRaWjlJY2ZFa3pWejFRZTlkNDdn0gG4AUFVX3lxTE1jeFQ4Ym5UUjVKWWdSOVZweWNKZHRRWmgtRjB6R2hkc1dYTTBZSVhQbzhjNHFRQUJyNGVLWVM3VDFDTEJKSmw2dmZVTFJFX3gwZmVsYmNPVHY4eXJZVm1uYXVUUHNtbUptNXdPZ25uNGYtZnc0VG5fVjNEQkQxWG5VV01KblFIdlBiNVI4TGw3bDg1VjhLNHRzdkJhVng3WW00elZMNkd5UmVUSDhBZUw1dzREVUxBc3E?oc=5,The Indian Express,"Mon, 10 Aug 2009 07:00:00 GMT",2026-06-14T20:37:06.812312,impersonation_identity_theft,True,False,candidate,https://indianexpress.com/article/cities/delhi/four-accused-cops-turn-approvers-in-dehradun-fake-encounter-case/
fake cop Uttarakhand,Alt News’ Mohd Zubair got fact checked by Uttarakhand Police; Caught spreading lies about ‘Quran burning’ video - organiser.org,https://news.google.com/rss/articles/CBMi6wFBVV95cUxQeUZBdmp5QjE0T2wxQmRiaVM5WDg3MnRRVlNtNklENWFQaFR0TENwejJBbUFrM0pLeFp0cU8zV1J1YTNnYXduek5BOEkxcFVDSlZ1YnBwV0RkR1E2SFZGMHc1VUpzT0kyTV9QZ1p5T0l2blNFNVBkcEJmWDJVcGFDVV91aVVQeERFcGxPNkdGWjhyei11S1ZLYVRLakRtdXlNcS1NVEFCQjdRNWp2cHhBOE9xNU5NQXhRblZDcHF5U0xlNi11akhTWFoxcFY0OGxIVW5XNUlndTJjbDRqUzA2X3JLVzdNZl9OV1V30gHwAUFVX3lxTFBYOW9UZENmYVF1OVBGeEdxazBSTGxPcFhpc3hYbFU0bnVaQ0dndHFLZUlSaHNJZUh3cDBNeHRiRzBCNlZtcFVEbjlnSTlEdGVaVi1xWXRieHJSZlR6VGxZdnlXczJQZUZMWldtc1hBSnRqQV84ZGI3VVhKdkREVVhhVmliY1JycVE5Y0lPYzZZMmlXdmdZamlWRk5GakkwWTVwX0hJUEFTY1cwXzJ6MmlBR2JYRjNrcjRtcGhkanlENllaQUk2OEdoMXVIcnFyV0JQbjhCVlprX1RQbmtqUHFwNEZoeHcwREVhTjBtMjBEcQ?oc=5,organiser.org,"Tue, 28 May 2024 07:00:00 GMT",2026-06-14T20:37:06.812426,impersonation_identity_theft,True,False,candidate,https://organiser.org/2024/05/28/239704/bharat/alt-news-mohd-zubair-got-fact-checked-by-uttarakhand-police-caught-spreading-lies-about-quran-burning-video/
fake cop Uttarakhand,17 Uttarakhand cops get life term for student's fake encounter - Mid-day,https://news.google.com/rss/articles/CBMiuwFBVV95cUxQRHBybng1TlYtYzA1U2N1TTJmU3hHeGZldHMyN2F4ZVRkM0NONVVqczMzbWZXbGdXMnlRZzk3Z2FEaVRrRTZuOVFXUkNXUksxWFg2Rk8wOU41VWxFVVh1Zm9vd1BiN2hfSU42d1dTSU13Y3NUbEdHN3pZeFhuT0Y5VERzWTY2UVhXVnJrV08zZkFqaWlTNWVVNE1fV3ljTEdaMDZBV1ZsY3Z2d2tMMEdOVTdSYTZXRUJiWE800gHAAUFVX3lxTE1Rd0tnOFVLdk5BMkZUTEhFWDVIaDdCM1AyWGRUR1dLZzlVYlE4aFkyWTNUUWlwMk9xRnhHbC1xMHdiLTRyUkt4Nnh2QjU3T3JhVXZlVjdpTlNndmNkMm14UURoQ05FYVZLZTNzMmRYMV9EbjdFanFHT2tsY2hrMFRnY2ZOR1FPdU5jQ05ad2FmMjZIdVNOQUVVdFpjYVNMbXlEM0RoSTcySjBOQlV6aTl0NDdIdnVhQVc5ejNIMG1fdA?oc=5,Mid-day,"Tue, 10 Jun 2014 07:00:00 GMT",2026-06-14T20:37:06.812491,impersonation_identity_theft,True,False,candidate,https://www.mid-day.com/news/india-news/article/17-uttarakhand-cops-get-life-term-for-student-s-fake-encounter-15366183
fake cop Uttarakhand,Uttarakhand: Niti Extreme Ultra run kicks off in Chamoli's border valley with participation from 28 states - lokmattimes.com,https://news.google.com/rss/articles/CBMi2gFBVV95cUxOZlJzZU5sTHgxRGZTSkNORGl0Tlh6QVhOdG9UWlNMUy1mdWpSM19CMEoxc0ZKMTJiR1Q0Y2hMSDNaelFtN3Q1S1RWY3JTbXhxZWFaY0FITUgxMG5CX1dIdnNVbDRiNzBDeVJ0WGI1VjZsRkdWU3NwODJILUlLbXRFV21fN1BoMzA0Q3VkN3ZuV1Y0TW9WOEdBQ09YSmV1WU45U0M3blZUUXZSZEhxYWNZYnZMdU1ZcGFmMVRHWmowVzZTNUl3TFFmUDVqWXFibHhvUWNLMUVfd0pLUdIB3wFBVV95cUxPRlprM0lSNWpKZ0thMEN6R1dSWXZ0djdXdkF5NGRNMnJ6RGROTjFIa2Fsbk0yVFlTc180NzJDcUQxb2JSVVJSTGpfaWNBN2lTZGZJVXpiRk40cVMtbTdqM19oNXF6eEFuRVpJQ2dNVm8zeGk0UXF0bVZHSkkzTkRTTzhzbUk5aUEwRmFsU3VzOGo5LXVVcFBkd3I1bVR1aFZtSkU0Z2h6NkJHUzBPRUNCbzRWYzJXd2hXMTdrbDBVYXQxYWNQWjJzV1Fia3lYMktzWm1tZzdRaWR0UDk1WFZR?oc=5,lokmattimes.com,"Sun, 31 May 2026 07:00:00 GMT",2026-06-14T20:37:06.812531,impersonation_identity_theft,True,False,candidate,https://www.lokmattimes.com/national/uttarakhand-niti-extreme-ultra-run-kicks-off-in-chamolis-border-valley-with-participation-from-28-states/
fake government official Uttarakhand,Char Dham Yatra 2026: Uttarakhand govt considers introducing mandatory fee to curb ‘fake’ registrations - The New Indian Express,https://news.google.com/rss/articles/CBMi5gFBVV95cUxQR0ZmaFFUYkpFRkVUS2NhVFdYNEszajhRRFBRVkZrY3c1SVVnWWhhMWF1QVJjeGRVcm1Mb01FUmVrc1N3UXMtQmxxZVhqUVJXX0tiWVEtTzcxaFBEZ1l3TVA2NUtUZkhNVUxtYTVYNlhDM3RhdWNueGVvbGZfMGJVRllMVlJ0MjdBUld4cHlaMjB6aHRqclRUMzlUazdrME1WVVF5ZWVuemlHbXk1UDBtV1ZPSjRJTDdhcUdNbGw3TDFLTUtiYng2aTNBRkdMUERneE5FY3N6TjFZd2h0TEVsQ2ZCZWR0UdIB8wFBVV95cUxQRWxsUnNScVNFNUQzdmpjeHA1YXJ6WEU2T3hDZnk2UGJZVWp6MEVBazE2LVlucVFnY1EwcXgyaThmX1BvcGwzejFRanp5SmpaS29xLVlGNVVyUjlwbXVad0FwcDI5RnlnSFFLY3VIZnZyMEdJNkNoS0lrbTNrbEVaTEVXVkZsRk02aWdpNnlWX3NMVVhlVkMzZWlLR29WdjhCbkItaUltM0hjdHgwQ0lmdl8wbWRuclBSTWs5VnRhM0UwaVVNYmlNdUg0ME0xaVBYMU44cTVxZEYyaGlLZHowM2FqX0Rjbi16dkkzYWt2ZldJZXc?oc=5,The New Indian Express,"Wed, 18 Feb 2026 08:00:00 GMT",2026-06-14T20:37:08.728569,impersonation_identity_theft,True,False,candidate,https://www.newindianexpress.com/india/2026/Feb/18/char-dham-yatra-2026-uttarakhand-govt-considers-introducing-mandatory-fee-to-curb-fake-registrations
fake government official Uttarakhand,Uttarakhand government launches Operation Kalnemi to identify and book fake sadhus - Telegraph India,https://news.google.com/rss/articles/CBMi0gFBVV95cUxQVGVWTHl6ZjlVb0UxcEpreXowZlpOSzJ3X0x0bW1EVEFrd1dWbmtIeGI1RENMcnNXbWxsWkxQcUg0cVE2V2ZiWktBQ0ZBMDRDTnZKMjRGN3N5SURQd3ZLNXplbkhtb09IZHF2Wk1XUk1RQmZSZmYwYWwyV2RpUnJhWXE2N0ZscnNWc2VVZWp0V3FaUXJEZzBaTW9BTjI4U0o5VFFBa3ZHUkMyaGxJQmwtZ3M2eXRoc0pWUTlVMU5Ga2ljUnBkRmkxbjFlNmtSUGhwM1HSAdcBQVVfeXFMUGI4bnlrbWZtMGtjOEJ6d0lXN21UWjMzSjc3U3c0ZzllY2I3dlEwM0R0c192VU9fOE1nZEhqZWZhQlc4MGlyZTU0ZFUxcndhYjlfOWdEWDBUdU9RU0JFRFV1ZC1INkd0eV9zQ1JqLXk1ekwwVWs3bkc3emtKOGlTeTExVXppUTg0cy1VVXhWNVdYeEpoWTVaMTYxaEM5cElTLVFWNGtoN0paUVZOdGt6ZmdjWDNZLWhCVGNxMzVYcVdRc1hYRTRUck1LQ3lGdEdadG02YmJOYWc?oc=5,Telegraph India,"Fri, 11 Jul 2025 07:00:00 GMT",2026-06-14T20:37:08.728668,impersonation_identity_theft,True,False,candidate,https://www.telegraphindia.com/india/uttarakhand-government-launches-operation-kalnemi-to-identify-and-book-fake-sadhus-prnt/cid/2112508
fake government official Uttarakhand,Uttarakhand mulling registration fees for Char Dham Yatra to curb fake entries - The Hindu,https://news.google.com/rss/articles/CBMi4wFBVV95cUxQN1VUNVpWNFotaTloRTZmLXVQdHN0b0tIWWFyeWt0WkRSOU1MZE9jc2ZRS3h5RjFxMDZrZ0wzSG9VYkgwUzVndkY5QjVPR00yMEo4SDhXcWlMMERpRHROaGZSZW81NXo4ZmZnRzR5TnFxVEFGaHVabFcyRl81TXZBYm11M19CUGc0X3V6LUJRNXNPTTUtOFB3V2N5WWpkYl8wbDQ2VUFyZ1dKSWtRSWNveExGYjN4WW5jelhnM050SXoxTjdRV29mNVdIY2ZieEJNdnlYbUxwXzFGdXZnM08xaVQzUdIB6gFBVV95cUxNeWlfcndMT0JocGl4LTh1RzJQUTF1NC1ZeEV5a2VBWml0M0pnSG1WSlpMbzc4X3MteTVBMGdSbUREYzU5VmF1S3pLOVZTcV9CVW9pR0FURVRIckxEaGxFRlRkbXJxWUJ0ZDdTaHJzcURwOTRLYzRHd2xENjgyN0J4TlM2TktFbGtvM19UNGFKR1d5d2tQY3dCVEJ0Y21RWnF4OWFlOGxEbXhQS1ZOYWtiaE9pd1pKOHMyWUFTWXlZLWRKNjBhUWdHWjNiaGMyRTJXdi1MZ1Y1OUNOTlZQNlR3dHRQSndiRzlKT2c?oc=5,The Hindu,"Tue, 17 Feb 2026 08:00:00 GMT",2026-06-14T20:37:08.728681,impersonation_identity_theft,True,False,candidate,https://www.thehindu.com/news/national/uttarakhand/uttarakhand-mulling-registration-fees-for-char-dham-yatra-to-curb-fake-entries/article70643879.ece
fake government official Uttarakhand,"Uttarakhand CM Dhami directs police to register FIR over ""fake"" circular - ANI News",https://news.google.com/rss/articles/CBMizwFBVV95cUxOLXJyYmliTGdkdjVnYjB4aFA3czlzOUx6SGtUbXJ3YXQ4dzF4eUNqcHNNRUk5Q3Q1RkVFeWprRm1uT09oSTY5MUItdnFaRkpod3ppZXhvTUtFbGpmcndfYWZFZnNiQlpfOTZtc210QzFRemJ2LVdQc2VWV3RYN1htZlAyc1JJU1NXZkwxeEhwQ1BlUm5TQTBrUTdfRkdHRW05M3piYVJVTndZM1NwSmswLXc2cF8ySUY5X3RjZ3ZnVjgwbHZ2WWdtVldqd2dFbEk?oc=5,ANI News,"Sun, 19 Jan 2025 08:00:00 GMT",2026-06-14T20:37:08.728705,impersonation_identity_theft,True,False,candidate,https://www.aninews.in/news/national/general-news/uttarakhand-cm-dhami-directs-police-to-register-fir-over-fake-circular20250119083521/
fake government official Uttarakhand,"Uttarakhand CM orders crackdown on misuse of govt schemes, FIRs registered - Business Standard",https://news.google.com/rss/articles/CBMi1AFBVV95cUxQcnRuaS1BWjBwdDNRMzdzUXM0bXlSNmJqUWUydVJNSjNJVmNCZC1aUlpFSWFtUnNtOG13VHJRX0V3TDRtWVJvVXVVdE5BbnUyNWNsUU56cFNZazFsSjNtYV9uZ3NHSU96LTFlLWdhVENjWlA0UTFMWFJ5WW1ROFJacm1BaUI0VWVuWm1hWmVSUTlEZWZ2Q1NfRUdOd2FyeWsyMlhVVHAzMU1NZExiZ0VtQ0pONEFuWEI3dTVhWW5kalVhbmdkOF9oc0twRWtqNm9IbmZ0bdIB2gFBVV95cUxOSlhDS2J5U3AzWDZGX244cW40WWlmdDBVWnpNTWItZnROajdrdHdta18yR0hpaHNEZ2hFRmhmV2tXNUJtbVNIR3o0S191c1NzZFpSd3hidjBYLWxCajUtNDFMMHp1aG5RYXVaUlQ3MmV2RERPWjdRWjZ0UTNqaC02SUxoLTJiUUxtMXRRU3JDZ0ZSOS03TTg2UFk4bkgzLTRHZ2l6RWwwZXZuc0ppd1hrdWxlYmhaSEhwSzhVT1JUbDlaMUU3dGI2WGhERlJ3ajlmc01EcmVnM2todw?oc=5,Business Standard,"Sun, 06 Jul 2025 07:00:00 GMT",2026-06-14T20:37:08.728717,impersonation_identity_theft,True,False,candidate,https://www.business-standard.com/india-news/uttarakhand-cm-orders-crackdown-on-misuse-of-govt-schemes-firs-registered-125070600070_1.html
fake government official Uttarakhand,"UCC portal mock drill threw up technical challenges, working towards timely resolution: Uttarakhand govt - The Indian Express",https://news.google.com/rss/articles/CBMi5gFBVV95cUxQUGpMNUU0Vno1Q1dubDJzMnRNeWJIUlhGUWI2VXhIalhYaENMLWg3bEtxcnlSdUl3NVBWMTY5NWFZMldCTEFzRXJyM1BFM3AxS3dmS3BidWYxaVhER0NEbkpTbXhoY0pReGFBY0VvX1J5UjgzQnJuS1dWYXZXMzIzSS1SLUVXWWxKa3hXVFV6eFR4STg2cDZMc01IMlBETHkwb1BBWHlQU2Z3QVEtOElGZmZRLWVRRVVoTzN1c3g2RzZvTTAyd3A0QlI3V3BRaTF0cGRlemdQczY3M1lNS2Z4ZFo1WjhtZ9IB7AFBVV95cUxOTFNVcjBaSVU0dkhxalZZeWRfMjNMeDVLYW1aZmtCTVppVWtZc2trbXlFaFJ1ZlJud042QXhMYUJPUFJ0SlBsYU5KbjdaOGluYjhGcy1zV2VUSEQwRGNKTU11U0dQa2hqUjNuc2dyNS1XZ2JON0RnbDdTT1R0Ql9DVDVfNzVJc2dBY3BQN08yekxzUlJUSlpyYVc3d2g5SU1VWjRqck4xcjhNa3Z1QTNjVFJYbU5JcHBYZGFXQy1nTjBvZzBHUDBfZ1ctNzE0Z0kyVkRhQTE2VFZjUWVlU1RVSjJqYXJTTkUtdm9BXw?oc=5,The Indian Express,"Wed, 22 Jan 2025 08:00:00 GMT",2026-06-14T20:37:08.728958,impersonation_identity_theft,True,False,candidate,https://indianexpress.com/article/india/ucc-portal-mock-drill-threw-up-technical-challenges-working-towards-timely-resolution-uttarakhand-govt-9792089/
fake government official Uttarakhand,"Turf war erupts between Uttarakhand STF, Drug Administration over alleged illicit drug units - The New Indian Express",https://news.google.com/rss/articles/CBMi2gFBVV95cUxNcVRnVlRJNmg1MGVoelQ1TndtbVgzX0hIWUxqQWUteEl6cHQtVklSWWJoNE41eDdQWlVHN2d3ZzRhV1RaTlFkbXhRcTFkQkdVeU9qRnM3Mm1Xek5jQUk4dzhuOW9JUGJBYWJZZnRkNjJCZGo4VXZ4d3ZlWWZDVmE5eGJiOUpnQzNQQndTRW9VVFNGX194VVBLVWVBX3U5MXhmYV8zZGV0MTdyWFZTSXVXa3BIWDltMktVcE44WVpnX3RiM1lnNjZvdTlXOV9PR2JKRGdONm1vX3I0d9IB5wFBVV95cUxQNy1YUWJ1bEJ1ZDVoYzdsZ0lqUlJIQVdDWm1hWHBEVU41dlczZ0QxN183bmxXSnhKOHIxY0d3VmxxRW05eEdUbUtWM0hiVVVOWUl5WDl5eXVKSkpzLUNRNl9LWU9IZ2N1a3VfNnB0VktzSE1MbW1zcUg5cHE1aUp4ZFAwMkIxRlNWaTJOSTlEZHVWVWZoUUk2YlE0Wk50TXp6WGx4TUhfdmsxU2dUZTUtTFdyaTJKeHhvU3ZkbnROTUFWUEVhUXZOSGdwcTQ0QXNfSzVTTHo2U0oxc0k1TmhHcVBEQnpXSDA?oc=5,The New Indian Express,"Sun, 24 May 2026 07:00:00 GMT",2026-06-14T20:37:08.729005,impersonation_identity_theft,True,False,candidate,https://www.newindianexpress.com/india/2026/May/24/turf-war-erupts-between-uttarakhand-stf-drug-administration-over-alleged-illicit-drug-units
fake government official Uttarakhand,"Uttarakhand: UKSSSC paper leak: “Fake news” accusing prant pracharak of helping people get govt jobs, says Uttarakhand RSS unit; lodges complaint | Dehradun News - The Times of India",https://news.google.com/rss/articles/CBMiqgJBVV95cUxOc2hGVE9HYUtYVUhVRjVJQjFXV0RnWEYxNGYzaGw1UHVxQ25zYklad1VjdmwwZ2U3bEl5c2dEdzN6T1JPeDYyZS1kTGIzMERWT2E1OFV4ekk1WXU3R3ZXTDZWOHRucGM0V08yM0dQSU5jTVJ3MktoR244S2xQWWdoLU5vU0dGdDZGVlV6ODJ5MmhCZm41UWpyNERlNUoxWnY4RVN0SkpzRkY3Z3RQNW9YV2owbmdZNmN0VkRyaGpBSVdzN201cFNDNVY4UTVfUjBQVW9DWnFJdkQ3elhZWkpsc1VnVmZIdERBOVhvUHBEUFY2Q0hGYUpFd0JiTkF6RW5oUWZVVDVxYjJidXM4cnNzcUJkbjFwdm1tM0NSZUF4UHpOaG1IRzdOOEhn?oc=5,The Times of India,"Sun, 18 Sep 2022 07:00:00 GMT",2026-06-14T20:37:08.729052,impersonation_identity_theft,True,False,candidate,https://timesofindia.indiatimes.com/city/dehradun/uksssc-paper-leak-fake-news-accusing-prant-pracharak-of-helping-people-get-govt-jobs-says-uttarakhand-rss-unit-lodges-complaint/articleshow/94277418.cms
fake government official Uttarakhand,Bangladeshi among 14 arrested by Uttarakhand Police in crackdown on ‘fake babas’ | India News - Hindustan Times,https://news.google.com/rss/articles/CBMi2AFBVV95cUxQOWY5ZjVtUGFOdDJxLXN1bXZYSnlkR2NDTm11MFNiV0pRS1pUc1huZ0p1RExDSlBSTGh3a2Y4TS1XSEdScG54bXpYR2VDTDB0eDZkeFlrLXh2eXVxSjhxdHlEbGp2SXJibktTeHoyWFNIeVRKSDItSUlCMERrNXhnQ3dlTzZsSlpERjd1Q2V6NDdCV1lHSHlqTm9sem1LdnVIdVk1WjViVjVsWk9BOC0xUk1tZHEtVDVrNG94TGRycmNxMS1aVVgtUHFyNVFtTjUxVWQ1Zl93VDDSAd4BQVVfeXFMTnhhOXFHZEZ0b2VibG1SUmNFcENQOUFpdG11TFRJblB2MDZhQ2tRTEt2WTEzV3A0NDJWZWZhWEZQdVJkRFA2MUJnZDMtblBhaGRPdlRySHBOUEpqZVFNTFhza2otLThEcUhfbl9CZ0YzY1QyRzRmeDhEbXZWMV9RcmxIMWNCZFVvQ2ZtSlRQT1JMLUdGb29JYy1CV21TVEF4RjdaS3Q3UUxid0t0eGFhY1ltWjlGRW9hby1Dc3h5Q0FEY2lyU2VYZ1FJaVZYSExJUFpudW9kR0p6T2ZWdDln?oc=5,Hindustan Times,"Mon, 08 Sep 2025 07:00:00 GMT",2026-06-14T20:37:08.729093,impersonation_identity_theft,True,False,candidate,https://www.hindustantimes.com/india-news/bangladeshi-among-14-arrested-by-uttarakhand-police-in-crackdown-on-fake-babas-101757293488165.html
fake government official Uttarakhand,Fact Check: This letter from Doval praising Uttarakhand govt for Kumbh arrangements is fake - India Today,https://news.google.com/rss/articles/CBMi5wFBVV95cUxNMGpCY3hFdDhRNmhPMGdkTEU3MWQ3NFFqZEZmUDRGYU93Z3NhbG1KdENJZHRwR1hpdWtfdkY0WDRqR0hDTnYzbzBFbXJYUkhSWG1HUFRJdV9QYlNROWthb1FEckZqTmtLOFpQNGdGRWlHQkdxX2JoYmluRThTamY1ektsNVB1cHJsSXZ0ZVQtcERSTEdZd2tqZVJsOHhYVXdTTkEzSERRX3NhanJZbGxTRXN1dnpQSERRbXE5QnFfRkdPNElORldyWlcxNDNoMjVFQ19ITlJXQUNveWd6Y3pSTEJTbTZEYXPSAewBQVVfeXFMTmFIT242RnNZV2xjR0RXVS02dk51cVExNXBvNUN5em9ycDRsWHpZSzJrN3VOdlh3aUthTmIydXppUWNNX0hOVGMtTi1ES1hrdUJtcDMzVE1CcUxtUWN2MTlURnpWeFc1NE9JTWpXMGlXTS1YNUJrLW1PZXBnaTg1V2xVNzd5ZGxKSHRnQXZ0OFJTTlZNZ0I2LWxfYzJHSmdFWk8wZWI4ODlQVUZNOWowbGZoVmwwN25ucWVqd3hMTzlEQTU4OWFyWG5hZ2NRRGlkRXBnTEhJTzRLcW5XTE00b0wwSkFDNWZQN0FtNnA?oc=5,India Today,"Thu, 22 Apr 2021 07:00:00 GMT",2026-06-14T20:37:08.729136,impersonation_identity_theft,True,False,candidate,https://www.indiatoday.in/fact-check/story/fact-check-this-letter-from-doval-praising-uttarakhand-govt-for-kumbh-arrangements-is-fake-1793637-2021-04-21
fake government official Uttarakhand,Uttarakhand CM Dhami Directs Action Against Misuse Of Government Schemes; FIRs Filed In Dehradun - Swarajyamag,https://news.google.com/rss/articles/CBMiygFBVV95cUxNMWl0TVlfQTB5YVdEc2RIRVZsMlpfUmNjcTFhVEg4TG5mdHhydHJRZzZ3TjhZa2FCTHRuaHVVaFBwalVZRDlDTm81Wl96VjFCd1F2d0JxaVlGRGRjRTJkOER3b05tYXpKRlZVTzZmVzdGZTcwai1KbmFsZk5DUUViZWl0bFR2czlvajBDMDFBYXlBLS01Ym5MZnJVdjR5WWRMUWtBVmFBOHVoVkRYeXI1N3dWQjZzODY1LUMxbnRQdDlQMDVHQ3Q0SXpR0gHaAUFVX3lxTE1yVWtaRzc2ZXI1bFdUbUR6ZXI0Q1QzTl90NHYxODlyY3FaU0xFNk0zaFpBX0Z3VDM0V0o2UVJkSUljLURlQlgwdkVpSWh4dG1tQ29UTWpvbGZiOUQwWUxLYmF0NF9vbUo4LVFxZVdQWllpbXl1dGE1QkJXWUxWS1BlXzVmSVV2Ui15dmdfNVdQR19ZeDVpd0lvY3pNdVFsTHh2TXNjdTViM1NCU1RLVEgzb1BLcWpxcGFHU29vVjhhbzJ1Rzg1SDMtSVdSSHVuVlY0UVNvRk15VW5R?oc=5,Swarajyamag,"Sun, 06 Jul 2025 07:00:00 GMT",2026-06-14T20:37:08.729160,impersonation_identity_theft,True,False,candidate,https://swarajyamag.com/news-brief/uttarakhand-cm-dhami-directs-action-against-misuse-of-government-schemes-firs-filed-in-dehradun
fake government official Uttarakhand,Uttarakhand government imposes ban on mobile phones near Char Dham Temples - The Times of India,https://news.google.com/rss/articles/CBMi6wFBVV95cUxPZ2ZYTUhNbTZnbm9VbHlEc1ItRXNSQkZOdndpSnlXbWRLeEl6UzcwYVRYTTF5RjBJNmxWeEhjWUl3SnlEenQ4QVZwbExjQk5VYWZCWmt4TnJZaW5XZHNMZURqRWl1a1hOTUkzVDVrZVB5TTRvdHFzUElORmYwR0JxalFVOG14MkJYY2FxSTBSd3hreUxCZnQ2cGJ3QkM5WC1UUk52OHNQTHh3M21HRkxaazQxM3JUbGJlQkd4QngtWkIySllnZTkybmJjeTRCeTNIcVZUWGs3ZHRDYUNlZWVaVjl6S0RpazhWQ0dB0gHwAUFVX3lxTE1hczZlOVZiWlg1b2RkcXhsUTl2MFhIQkVRbnU1Y0tZYWJNMjFCQzVMeGU4WnFzdFpwdEYtRnpzOG9rZk1IX3YtbDMxTnhIb1p2NG44MHVpM0NXakFtdEgxTVdMMXZpM0pTd0FZbUtBUjhjTEdVQlpJZDA5ZEY3Q3NTb1RhMXVHYUVCMVpIRjZnME9GTnNreGEtZkQyc09xUS10NXpxakJ3amNtWjhhdTE0dTd4Z0l5bm5YeXBlbHpKNVE0MWJ0aDViWWNjRnVFVmx4d0ZmclZ0N1BUQXJXV2ZDcFVFT3d1QjR6SXdOMG44bg?oc=5,The Times of India,"Fri, 17 May 2024 07:00:00 GMT",2026-06-14T20:37:08.729184,impersonation_identity_theft,True,False,candidate,https://timesofindia.indiatimes.com/travel/travel-news/uttarakhand-government-imposes-ban-on-mobile-phones-near-char-dham-temples/articleshow/110193815.cms
fake government official Uttarakhand,Operation Kalanemi: Uttarakhand's big action against fake saints during Kanwar Yatra - Moneycontrol.com,https://news.google.com/rss/articles/CBMi1gFBVV95cUxPWXBDYkRlaThwVVRTMzl1dVZlMjVVM0pQd3VXVGZKM3A0cl9ZY3VUajNsaVk3clRjWmlITHR4YXBsYXU2eG14T0ZWSklHaTNQa0VsNWlCMEo2U0M0MkNRVUtCOExCRGpYQTJLZG1XTVJUNjl1NWJlZjhLTVhQXy1KN3Q0WFpaWXdnRlZ6WTdLS3BJYmkteEJKNmhINksydjRxMUFoSU50aWkyTkg3RFF1ZUk0Z0RvenVmcURGemRnazdENTN2bi05d0pwWmhlSGF4UmJFUG5B0gHbAUFVX3lxTFB1c2NGWGdJNWtvX1RjakdEbWRCUHFLOThOWXFnZTBSbG1MY1NnUTRrb3dmRzJrUk81RERETmctbzRJOVByd2FyckJRb01EanpxaHQ1ZG5NdVlVbnAyX0pqM3B3Mjk0dnoteWVUX1pXVXRkRXAzd05PTXc3cnl3UTBVSnZUMW1yWEJ6RERITl82dUw5NllNYnVVOGFVdGIyTFk0QXJSdFBRYVB6V0VldnZHcGJqUll4WFdzN0wyT25xcUNxTXVrMGc1NVZaSUYyUDk2dm0xV2JNby1pVQ?oc=5,Moneycontrol.com,"Fri, 11 Jul 2025 07:00:00 GMT",2026-06-14T20:37:08.729219,impersonation_identity_theft,True,False,candidate,https://www.moneycontrol.com/city/operation-kalanemi-uttarakhand-s-big-action-against-fake-saints-during-kanwar-yatra-article-13265255.html
fake government official Uttarakhand,234 lecturers likely to undergo fresh Disability Test at AIIMS Rishikesh - Garhwal Post,https://news.google.com/rss/articles/CBMinAFBVV95cUxNdGtTM2RRUWZzY0ZsQ1Q1WGJsNktSX1FDdlFGZDBGWHBrb0ZxRmdGTk5la0xZLTFNX3EyazVpMVk3T2x6ZnZ0TnN2bXlpaDNXVkprTk5VenRUX1l3NmNwdUEyWG1uRzAwNkRnNkVHZjcyaG5aSFdqWGlJUUZFeHJWajVZeTBxS3p1V1U4VXczNjFlWW9qUURYamtZQWo?oc=5,Garhwal Post,"Sun, 08 Mar 2026 08:00:00 GMT",2026-06-14T20:37:08.729300,impersonation_identity_theft,True,False,candidate,https://garhwalpost.in/234-lecturers-likely-to-undergo-fresh-disability-test-at-aiims-rishikesh/
fake government official Uttarakhand,Uttarakhand HC notice to Karnwal over ‘fake caste certificate’ - The Times of India,https://news.google.com/rss/articles/CBMiwAFBVV95cUxPelNhY3ZUUmJVOWFyLVdGMXpaa3pXMGdpRDhSX2V6QURleEZfMTZsb05kZmdFY0J5Z3RlM0l1anRwZExjX0ZiaWZBUU03M19Bc0ZoVm5laWRuZDJZeWtxX1lmMW8wSjk2aHJ3NkJ1WEhxdkZzY2RYZDJBSnhUN1VJTEh6eDMwZE82TGVaQVlXWDNKNjZPOWN6M1ZCSGVhS1B5RG1ZWWc0alR4YWtaOVlQNFRkR3hPVlQtSDBBWUF4ZGPSAcYBQVVfeXFMTmF1Z2FHVWdfQkNvSk9nb0Q3RXFfN3NVdWFjRDgycTA0UlByX2xuMUVlVVpzbld6ZWg2REdUZEkzOGphRHB2YVdhMnJ0RnkzNi1HamNWRGNlZTBxeXdhT0wzTW8wcjdoYVhKaHdDWnJYRmV3dzJnTnpCN3E5Q2JOeWp3bWdMVWhMaF96Ykk4cFkwVmJsNGRuTDRYczIyODZkcUM2NDFuWGs2Q09iM1dNNU5wXzJLNU91TlJ6MHpEUEJPR0J5Q2dB?oc=5,The Times of India,"Thu, 04 Jul 2019 07:00:00 GMT",2026-06-14T20:37:08.729413,impersonation_identity_theft,True,False,candidate,https://timesofindia.indiatimes.com/city/dehradun/hc-notice-to-karnwal-over-fake-caste-certificate/articleshow/70063629.cms
fake government official Uttarakhand,Uttarakhand to Launch Operation Kalanemi Against Fake Saints - Adda247,https://news.google.com/rss/articles/CBMinAFBVV95cUxQQkhpWDNvSzRhdTh4MXZieXBuZDVOQjQ4SmN4LWc1Z3RmM3k2VGl3Mm5LanRiVlFjb0g2TkN2WHhGNU9LRnREUkhzcW9qZmg2bnJQN203NzhJTmFocXFGeno2N01TQ3lDSGZFRHRwUnhRSGZna19ackZLT1hPR1BIb1dFeEJjaU9reGUxMUJGWTE1QWVYbFFBRmR1emQ?oc=5,Adda247,"Fri, 11 Jul 2025 07:00:00 GMT",2026-06-14T20:37:08.729476,impersonation_identity_theft,True,False,candidate,https://currentaffairs.adda247.com/uttarakhand-to-launch-operation-kalanemi-against-fake-saints/
fake government official Uttarakhand,"200,000 Muslim Children Disappeared From Uttarakhand Overnight: Another Smear Campaign Or Truth? - EurAsian Times",https://news.google.com/rss/articles/CBMiwgFBVV95cUxQa0lWcDN0b1ctV1BvMG84andHamhnNXdtcWx6ZnhXMTgtZ2V0OTc3VWE3UVdTbloxQzE1aGFLdVU4WF93QU5nUHZTbDBadmxsUlpkeVc3c2ZlQkVCMVdCdEpXbXk4dWFralA2Sk5xbV91U00tMW9FemlXMHlmNEtfQTAyZHVTWmZQMlVFbnFhYTRPeWpiVUpBUUZrYV9IcV9vZm9TY1hDWFNkUlFTV0NjQ3lQaHczT1NKSU1VenZNNEtGZ9IBwgFBVV95cUxQa0lWcDN0b1ctV1BvMG84andHamhnNXdtcWx6ZnhXMTgtZ2V0OTc3VWE3UVdTbloxQzE1aGFLdVU4WF93QU5nUHZTbDBadmxsUlpkeVc3c2ZlQkVCMVdCdEpXbXk4dWFralA2Sk5xbV91U00tMW9FemlXMHlmNEtfQTAyZHVTWmZQMlVFbnFhYTRPeWpiVUpBUUZrYV9IcV9vZm9TY1hDWFNkUlFTV0NjQ3lQaHczT1NKSU1VenZNNEtGZw?oc=5,EurAsian Times,"Wed, 30 Sep 2020 07:00:00 GMT",2026-06-14T20:37:08.729510,impersonation_identity_theft,True,False,candidate,https://www.eurasiantimes.com/200000-muslim-children-disappeared-from-uttarakhand-overnight-another-smear-campaign-or-truth/
spam call Uttarakhand,Uttarakhand: Youth held for molesting woman in Kotdwar - ThePrint,https://news.google.com/rss/articles/CBMikgFBVV95cUxPS2dNS0ZIOERqRnVuUENlQXN5VTlyRUx1NHZBZ0xCMVNlaUs3NVhPM09scDFHbHhCRHB5cTBkSERMcHBjaXh3eFVKZlNKb2dPTXg4WDI1MUQwa3hZWVYwS0JjSVY1bUYwZGRtaUlHRllUejRFdThsMXM4cE9zcXUzeWJJM3IyOXAtSnNjY3pYbUNPQdIBlwFBVV95cUxNYURsU1cyQ1BNMTFjNXJkaGVNWUY1UWQ4MDF0NWxqbnp6SWptWVJ6ZktjeXhIdHZtYmxoN2VUaGtrdXZKTEE2eXdhUUNzRXdhRWVKMHQyZ2ZCSC1aaVBGOExOc2Z2Q3FOanM3c2pmUFhwMElKdV85UzFVdklOc1ZzaWoyaUhXSDdRUWswdWFFdGJCN09kNmFB?oc=5,ThePrint,"Thu, 05 Feb 2026 08:00:00 GMT",2026-06-14T20:37:12.754546,spamming,True,False,candidate,https://theprint.in/india/uttarakhand-youth-held-for-molesting-woman-in-kotdwar/2846123/
spam call Uttarakhand,"Uttarakhand Bus Meets Accident After Driver's Health Deteriorates, Two Injured - ETV Bharat",https://news.google.com/rss/articles/CBMivAFBVV95cUxNYnI4VS1XeW9yeFBIcXBvTmtjWkFkSTZVQkZfVWVmUVg1ZU5YdjJPdjBtVjZrVnVLUVNoUUhTZ1dial83bTZuQ25sTGd0bHBjRWcyYkxDWkFtdHdGWXFQcGYxVmJ4NE1LT01Ob1pOUi1udUFfWFl5MHZwUjNZV084Wk45bUN3NGhjdUY1RGk1S21oUTFjRnQ5b3BBcmRaSjk0ZGdsaDF6TFFXVzQtbGtCMzdMa3N6RThQR2ZQRtIBwgFBVV95cUxPZzZXWXJEcUxObVBJd1Bicm8zLUhmNkdnTEJNUzVmbHczWVRleFRkZnpyVWFwalVPNnJzVEE5TmtUd203cklJZjJYZk9vdlZCMzUtYUdiTDVfQ1pJX2V2VHQ5eFVsY2tJM3VqR3NwV0NRbmRZZ1RCYTIxeDRtOWhxUF9VSXhPS0E2ckRIb3hGTHJHa3NnYzJMY0lkek1neDIwakt0dWpEaU9XMHNMczFLWHBKMlBkeTR0cUVXZHAxT3M2QQ?oc=5,ETV Bharat,"Mon, 18 Nov 2024 08:00:00 GMT",2026-06-14T20:37:12.754583,spamming,True,False,candidate,https://www.etvbharat.com/en/!state/uttarakhand-bus-driver-suffers-heart-attack-while-driving-two-injured-enn24111803591
spam call Uttarakhand,Uttarakhand Tourism launches pan-India roadshow to promote year-round travel - The Times of India,https://news.google.com/rss/articles/CBMi3AFBVV95cUxQbDdoOU1VUWJUalNvTjZpYnlYZTVCN1hSdmQycU15bkh5MDROTEdmZmlwdUJ4elZPcW1KS0hfeEpQVFhfSjVYSXh2eVEwOGRRNjhjeHhuR0hxTHVVLTlHMWN3MkI5Z1dOTkdXMWt6TkRRR0szaHdGTS1raFZjT0lLN3c3N0ZFWjl6YmIxaDVkOWNmdFJXSGx2SWlRUUluS2JKVFQyeWlzQXVpb1RmUnJxY1FVN19zUVc4LVM5Wkp4dU92UjZ4R25kSW9LLWg4YkZCSC00YWVUOFlIUTlV0gHiAUFVX3lxTE00NmdVTUpTSTJYSTl2UTJmdVFZS01DZFUybC1QMHVPQ3Njd0FqWW9Sb3lJMTMzVVltM1dtaFh6c01weW5zVGkyNElxZXp3NnZUQUt6Rm9XR1BuNE1nR016TFFGSDBsUHk3LVd0b2JFeGRsR1BUbG5VUXlsZHlQa1VGNWpReWQxZzJPLTRWRmtCNlBfRHdKSEp0dV81dUhsdzNYQkVCVTNYQllEOHc5LVgxVDNpakxINUd2cjVCTmZYQXF6RW01RmVENU9zQWxldS1aVVBDQ0RLQXhMTm1PV0ZvaXc?oc=5,The Times of India,"Sun, 11 Jan 2026 08:00:00 GMT",2026-06-14T20:37:12.754621,spamming,True,False,candidate,https://timesofindia.indiatimes.com/india/uttarakhand-tourism-launches-pan-india-roadshow-to-promote-year-round-travel/articleshow/126454924.cms
spam call Uttarakhand,Ghaziabad Couple’s Wedding At A 'Shamshan Ghat' In Uttarakhand Sparks Outrage; Internet Calls It 'Final Des - News18,https://news.google.com/rss/articles/CBMi7wFBVV95cUxQTmFJVHFnYlp1ajJlbF9vMkFvZ1lMbVFzRE1TSmVFeXpSaFpLNFV4dFUwUnIxMXRDTWl0Q1JLSlZiODBDQVJQYkhNOTRWd1BPMHdCeHNoalFlMm1KcmZJYVRkMzBwUUZvcFAwUEw4eGNRT2Z4N1dIbkZBaXRncXhYN0NrWE9OYjVXOFZxeHhuSEpsbkUxak9JSWppVkkyN3N4UXVjbi0zamxTekJzZXZhNDRqMWotRjI2YjNZU0pUQTdZZmZuQ2wtcWtCVkVOWnBTX1ZrYnlDU19yTExGcnpBRzZ0WGZjTTJwUkpFQmxrY9IB9AFBVV95cUxNTWpoNllSZmhwcFNBdmVTX3JWdmRndk1faThDaVlaZmFPQ3YtVmljcWhYaVZKTWtUd1lwQThXTWIwcnFGOTdBakRpamRpbWUtd2VfT2tSRDg1N2EtcVVyTVlBSHdxaElYMmJUZFJUa0M2UkMtXzlLSVZjYUh4b19LdDBWam9TeHo4Zm1OOURvNS04cXJvR0NXaFZBT3FtWHdBN0dZMGhTcG1qVHByS0lFSzJ0RFJfTmE3ZGFRVUpnMGwyQUw0akRiNWlLYWtGMXN0ZkpEVnIzcTNiSjVmZ0gtVi1hU0VSYXRSbUpMYmtlQUp6VjVo?oc=5,News18,"Sun, 03 May 2026 07:00:00 GMT",2026-06-14T20:37:12.754698,spamming,True,False,candidate,https://www.news18.com/viral/ghaziabad-couples-wedding-at-a-shamshan-ghat-in-uttarakhand-sparks-outrage-internet-calls-it-final-destination-ws-l-10070702.html
spam call Uttarakhand,"Fact Check: Is there any ""Muslim colony"" coming up in Rudrapur? - dfrac.org",https://news.google.com/rss/articles/CBMilwFBVV95cUxPaU5CWkg0TllyZ0pVUWVWbzRHZjhqMkM4SVJBc0x6OXJremtzU0wyRGlxcHRKQWNzVlhyVDE3WGVpeE1SRkcwc1lBb0VOQjFTT2d0Q1YwTnJ3VlE1eWtDZ0lhWVNUX3k0Y3J2ZU5vRUt6N2t3cmQ5cEE2ZGhCVFBhNXhzM2V4bG5oR251OXV6ZWFVS21mUTg0?oc=5,dfrac.org,"Sat, 23 Oct 2021 07:00:00 GMT",2026-06-14T20:37:12.754727,spamming,True,False,candidate,https://dfrac.org/en/2021/10/23/fact-check-is-there-any-muslim-colony-coming-up-in-rudrapur/
spam call Uttarakhand,Uttarakhand CM offers prayers at Tapkeshwar Mahadev Temple for better health of people ahead of polls - lokmattimes.com,https://news.google.com/rss/articles/CBMizgFBVV95cUxPQXg1OWJXMXFpUEhkNU9fZGhCdGF0QkZOaXpRSXAyaHFySWVuWjRTY2ZVR1hfVXA2NGdORU42QVVfb0R3cnBscFJWTC05cXBiendRYmhGdUpROUpnSXV4bnVqSkdOdHNINUFUYkVYc00tUF93NVZwWkFkMG5yQkJ5Mnc1c1ZCOGdBOXlxWjNwaDdSaXotcnk5MURaT0xzYndwNnh0YmlEam13ZDJPZGFLNFZScmpkMTdweXZyUllNTm5uNDJRSl9NQTBKdFFKQdIB0wFBVV95cUxNY0xJTFVzd0tGYW5LejE1OFJWQmdLSmMzMzhDQlJuMkVwbVZjWXFlSFFOSFFpcEg1V1VvZ2J6b3RMVU9RdUV4d2lZcFVSWk5IR1h1LWZtTThLYTF6bXNzYnFTZWc3ZjRYa1NHZDhoVEE4MHFiRlc3RTlCbElNWUx6ckNWalZOZmJSYUdhZHEyMGpjem5XRTdXaFY5SmxqWmwwbmtwa0d1RXZXa2oyVV9OakdjRDVaeno4OVZlQUtjRHhQdWdSLXlxSTZuRXZ2eXBZMWFV?oc=5,lokmattimes.com,"Mon, 10 Jan 2022 08:00:00 GMT",2026-06-14T20:37:12.754793,spamming,True,False,candidate,https://www.lokmattimes.com/national/uttarakhand-cm-offers-prayers-at-tapkeshwar-mahadev-temple-for-better-health-of-people-ahead-of/
spam email Uttarakhand,"News about trekkers in Sahastra Tal, Uttarakhand - Indiahikes",https://news.google.com/rss/articles/CBMibkFVX3lxTFBQOXFSQ09MODJSWDNCOEhJa29Xcnc1MmJfMXhIekpGM2hrVkxEbTRJVXdQdUcyNGNYWlU4S2x6VEdRak1XYkxPRjBDREVqOUV4SFV6ek93OHBDVkk0WHRfQjRLYy1lM3duNjJ3YVdB?oc=5,Indiahikes,"Thu, 06 Jun 2024 07:00:00 GMT",2026-06-14T20:37:14.561541,spamming,True,False,candidate,https://indiahikes.com/blog/news-post-on-uttarakhand-trekkers
spam message Uttarakhand,A Message To China In IOR Via The Himalayas: Maldives Joins India For A Military Exercise Near LAC In Uttarakhand - Swarajyamag,https://news.google.com/rss/articles/CBMizgFBVV95cUxPcWtTc0FEVF92aGNtUkZfZkJxV0VxRzhaTEI2Q1NfZWh3Vnh2NnFVVDJ2MnFnM25SM1J4MVZNMS1VN2Q0NmVWZ2ZwZHFWaHhNVFgyQVJBOWd2c01rMjcwZktMZ0c4dERuaWhmUkZPa1pQQW1zX1E0MGlMdWdoU2FCeHVlYjd1bk5ZbE1JaGRUa3NDVUlPbTI4c1NvNldtN0g3Z3VxRlo0NF93aU5YWnlrOFJCcnVnRFBFUy1OLWJQWV82QWJ3eHAwZ3NTeEN3d9IB3gFBVV95cUxNSV8tWUZ2MEFTeGVRUC03U3RhQUt6OXFXQkdSQjBIVGQ5NHUyVWF2X3dhWmFtLUhSVUIxRVM2VTZYNGIxZWkwbVQxRlZZNzFEc3FTc1F3S0tSOHdFQ2lRLWVGTmgzX282SVZZZTBBNFdITE01SG9VQlRMTTF5ZzF0VWZWT2xYbjNXVlcxTVp0Ui0waXhNb1ZYY1RjY2stXy1lSlo4Qlp1b2M2RUE0anY0QjN6Y2hKWWhPQ29ZdkYzbzl1NmVxdUdpWWg4bzhvWV9pSFN0ckRkVTg3MFJQMHc?oc=5,Swarajyamag,"Tue, 13 Jun 2023 07:00:00 GMT",2026-06-14T20:37:16.887389,spamming,True,False,candidate,https://swarajyamag.com/defence/india-kicks-off-two-week-long-joint-military-exercise-ekuverin-with-madives-in-uttarakhands-chaubatia
email spam Uttarakhand,"Summons Allowed Through WhatsApp And Email In Cheque Bounce Cases, Orders Uttarakhand HC - ETV Bharat",https://news.google.com/rss/articles/CBMi1AFBVV95cUxOMFlFT0lKUU9BNlkxN2d3MmJTTkVVWnl2c2gyVExGTEtsZE9QRVV0VVZaaXg0M2JpeGVTYnpPNjM4bDV1dFotX0hNeXB6MmE0ZXNQc2p2TjJIdWxidVRlNFNFQUx5dDNnSndOM2Y3cEs4WTF3TXQ1S25qQVdwUzNST3JibTNvYVBFTW95eXlsOHMxazhGNkVPWldCVnZzUVRheVpPeUQyeXRMS2FrSzk0MzFBZmdVZVdmM1BlTTJPLV82cGt6aDdLWWNvOE1BUzFBT1NkMdIB2gFBVV95cUxOQnV1RG5yQldyWlBCT1Y5a3lvMEdwS1daM3pXZWxHX1NXd214YmthR3dQd3k3VllGODAyaXdtT2Vma3dmTFUxVU84U0FJZ0VnaGdwZ2dwMlBWd3gxMmc2QUwtODl2VWo5VXlkM0V1N21USWZZeUtQME5IU19CbU1jZkdNOVJSUU4zaC01aUdYY3NvYW5QMmN0ZTliS3lzTm1NNm1JYUlIY2dfbmFXRGVrUS1KTWtKQXdpd0xPbkhPcjBySXU3cHhSY054UDViSUpjNGdyT3JCTDVCUQ?oc=5,ETV Bharat,"Tue, 06 Jan 2026 08:00:00 GMT",2026-06-14T20:37:20.397887,spamming,True,False,candidate,https://www.etvbharat.com/en/bharat/summons-allowed-through-whatsapp-and-email-in-cheque-bounce-cases-orders-uttarakhand-hc-enn26010601434
email spam Uttarakhand,"Why Treks in Uttarakhand, Himachal Pradesh, Jammu & Kashmir are so different - Indiahikes",https://news.google.com/rss/articles/CBMilgFBVV95cUxOQ0puem4tWEl2MTRiRm1XLVRWSnZMY3hfSEZLUW5Ddy1fX1ZfWm5zZUVCUGtfc0VMSzVfZHN3cDFaMkRCaWdBVmVPMERURkNPZzVVUDZTN2ZCV0hDcWNwNUFxZHBvYjhoWEhRT2FaeWtPOXQ5dEEwTkhEOTVid0s0bUxZT0lLYktFSUk5VzdnWGpiREcxbnc?oc=5,Indiahikes,"Thu, 08 Apr 2021 07:00:00 GMT",2026-06-14T20:37:20.398033,spamming,True,False,candidate,https://indiahikes.com/blog/trekking-uttarakhand-himachal-pradesh-jammu-kashmir-differences
ransomware Uttarakhand,"Malware on systems at the State Data Centre, govt offices in Uttarakhand forced to stop work - The Indian Express",https://news.google.com/rss/articles/CBMirwFBVV95cUxQdE5UTHFFZ0RicHo4OHQ4dUVkOGhYd1BxTG9NV0x6VWNubkJXTWxicXE1TDhyemJhZjI5Mll4RnY5T185NkRHNmFjR0lVUFhpeXZtRGhYT2sxWG5YNG5jXzc3YUtWcUR2SE12MFlzaVl2UWQ2YmttdHYxeFcweHFuSnA5ZzBSRHdiQ25xenYxMVI0X05zMHZqUVFERkJjRHA0dFR6VC03LWRLYVRpMTBv0gG2AUFVX3lxTFBqMU10WnlLRDFScDlTM0FiZkd3aG1VNmhiZjBfQWF3QUxVX09MdWRFNXVyakpOeVdlaXdGYlNOT3NPUTVDSGNZZGxlZzUwM19LSkJEQTZQQVIyS2tGM3MwLWhqVlpYTGFHdDAzYUROamYzYnFlRUVsakt4WVNrSTg0ZjJIUmpsS0p6ZjlOeFFsLTV2a1pUaGdwR3l3S2hwOU85T1o4RExaeVUxUVRwekg3eDFjc1R3?oc=5,The Indian Express,"Fri, 04 Oct 2024 07:00:00 GMT",2026-06-14T20:37:24.033820,ransomware,True,False,candidate,https://indianexpress.com/article/india/uttarakhand-government-offices-malware-cyber-attack-suspected-9603991/
ransomware Uttarakhand,Dehradun accident: What happened in the last moments before 6 friends died in horrific car crash - The Times of India,https://news.google.com/rss/articles/CBMi0wFBVV95cUxQZkpxc2pLanJNS1FvX3l1dllEejVtZ2hpakQydU1Db2EwRllrRW5Ua1paYWJpWEZuNDZ3Q3RpT1QzbllDNnBEQ1k3WnRrOWVBZWp2NnloeTJoU2lfM0lGblpOSzJnVW16Ylh4V3p3MWZFUk1TM0hlQ1U2N3FuYklVMkVVSDVWQ1lRb1BpWkhocVM0OXRvdklFM0hUSlZwZmdRMFFCdnI2bGxGNDBlVjRoWUgyQVQ3RkZ2NzlYSlowbTJTUlNLV2FzUTFEcVd1UEZpWnVr?oc=5,The Times of India,"Fri, 22 Nov 2024 08:00:00 GMT",2026-06-14T20:37:24.033888,ransomware,True,False,candidate,https://timesofindia.indiatimes.com/city/dehradun/dehradun-tragedy-the-last-hours-of-7-friends-before-the-crash/articleshow/115349728.cms
ransomware Uttarakhand,Uttarakhand CM Dhami attends Judges Association conference 'Judicium 2.0' at UPES Bidholi in Dehradun - lokmattimes.com,https://news.google.com/rss/articles/CBMi0gFBVV95cUxQc0VWQlVEVERVYTNYOUw0VjN4T1Y3YWFDTFRqNEFnTGxLLUFxZVZQZFZXOWNVWjlqX296VUdQWmhiYXJZVDMtUEFPa1VRbHdhbWNqZU1nYW1TQUJhSnJ5N3d1NUZfVjNtblZfcFprRndLVkkyY2hPQTk3MnlUZFZhaTVGVnYzdnRudzI3ODFRNEF1OFMxYWVIVXZKOTNmZGxEUjZCYzg0TEpUTmVwX2ZzNjc1c1MxTW04OVZhRllvN0tYM3VodTh4dDAyd1RUVnJVWHfSAdcBQVVfeXFMTWRZSW45M1p0ZWxtX1prNHdpekZSLVI3Ul8xYmpuM2FfSEFvLXBJSkxhZWYyUUVvVjBlbkJaaWlGdjdGUWVRWW5HeFFWX1hwdlFEMG9FTURJT3NzOFB6bnhmaFBMTHdpV185VlJxVXBKdy1UN0NyOVRoOXl6RmJhZ3FLaUhzVWtNU0k1TGwzZDd0RThEa0s2QWxBVE5JcmRrYWtzRU5fYkpxT0tOVE40Q1d1TXd1eWdsVkdHX05CVFVPWTBGVzY2VlV1OHpfZjNvNGx6WXgxd1k?oc=5,lokmattimes.com,"Sun, 07 Jun 2026 12:23:05 GMT",2026-06-14T20:37:24.033895,ransomware,True,False,candidate,https://www.lokmattimes.com/national/uttarakhand-cm-dhami-attends-judges-association-conference-judicium-20-at-upes-bidholi-in-dehradun/
ransomware Uttarakhand,'Hope that it serves its purpose': Uttarakhand CM Pushkar Singh Dhami on inauguration of dharamshala in Haridwar - lokmattimes.com,https://news.google.com/rss/articles/CBMi4AFBVV95cUxObUdTTkpTY2JwTzRjdDNtY1RjODUtbU5tQ0ZlNk1xanp0Ml9VNjktaC1pQjJ2NUk3YVFvMXRfbzNkamNnVk1SM3Bvc2RtX2ZQLVB4aFBXYzY2YWJWT3prRHpubVhhZzQ1MVJza0RhUFN4cDk1OUhuN0Q3TVY0b2ZvTG1NYU9UWlFxYXJzTlNjdUt2M1YxMk43c05zd004RVhlOUJEbF96S01sWkZjOVdlbGNMcnY4XzNoMTBqNWxublJGV0tRTC1vbXFmdVBlX1lTXzcxSGZpcHhuSVB1cXU5cQ?oc=5,lokmattimes.com,"Sun, 24 May 2026 07:00:00 GMT",2026-06-14T20:37:24.033902,ransomware,True,False,candidate,https://news.google.com/rss/articles/CBMi4AFBVV95cUxObUdTTkpTY2JwTzRjdDNtY1RjODUtbU5tQ0ZlNk1xanp0Ml9VNjktaC1pQjJ2NUk3YVFvMXRfbzNkamNnVk1SM3Bvc2RtX2ZQLVB4aFBXYzY2YWJWT3prRHpubVhhZzQ1MVJza0RhUFN4cDk1OUhuN0Q3TVY0b2ZvTG1NYU9UWlFxYXJzTlNjdUt2M1YxMk43c05zd004RVhlOUJEbF96S01sWkZjOVdlbGNMcnY4XzNoMTBqNWxublJGV0tRTC1vbXFmdVBlX1lTXzcxSGZpcHhuSVB1cXU5cQ?oc=5&hl=en-IN&gl=IN&ceid=IN:en
ransomware attack Uttarakhand,"Cyber attack on Uttarakhand's ITDA, hacker seeks ransom - ETCISO.in",https://news.google.com/rss/articles/CBMixgFBVV95cUxPbnlOeEtHZW5ucndvRXpSckgyNjVZdjJuVndsZHVrVXFGa3ktaXlGVnJfRHRvQnhkM1JxRTQwbnZYeENCTTBVZFB6NkN1TEVod25ZQWh4Uk0wbzdtZmc5TDVrWDlJbll1SFd4MHRnYVRGN1pYZ2FnNEFCWmJpd2tfSUY5TlZyY3AyUk9yTFJNdVpJUmhYS3ROWG1Ob1RFZG9hQjAyTlZnVUk3OURBMDgzQW1YbXdaQ3YxakNnZmx0N1ZiamhELWfSAcsBQVVfeXFMTWhIZGZfclpMOEhSRm9iYm10WUtNdGZUOXhITjd3R2VMaGl5aVlyTlpGMm5qUkt4TXMtcHllZ0xMTUZieUlWVFNlMWk1VU4tWF9YSlA3azh4M0xZWUtPRXRVUUM4bGhfQWdzVFJYaDZLQloxd2FIREJUVGtzWHZIU3ZPMXJXcm45TGFjc2djN0JPNDI5MkdOMzU0bGl0Wmp2aGxCUjVHMGZYV3AzVnpqMU5sb1pHMVlKa1JZQ09MWGZzSnllNVNnZXVSLW8?oc=5,ETCISO.in,"Thu, 10 Oct 2024 07:00:00 GMT",2026-06-14T20:37:25.800759,ransomware,True,False,candidate,https://ciso.economictimes.indiatimes.com/news/cybercrime-fraud/cyber-attack-on-uttarakhands-itda-hacker-seeks-ransom/114107670
ransom demand Uttarakhand,Uttarakhand: College student ‘set on fire by stalker’ dies - The Indian Express,https://news.google.com/rss/articles/CBMipwFBVV95cUxQVjJtZlFESWlJbW9PWENwQmVVMTR5eGtieDNTY1dtT2RzWUJqYnlPWTdLMDFadGVYeXFyeHVkRDUwWUtiNFMtRUxoWlM1Q2R3UnZsNGFpWlVwQ1dJQmxVOHliX1IxNjNsdDdUOFVBclcwY2c0clFHRGRxRTNLT3haWjNzLVRhcV9rU3hIUWtDMWJKT2pBTGUxQU0yVVBNVG5tbnZrM2dYSdIBrgFBVV95cUxNNGZPNVVkTWswM2w1LWRQNGlDdFhic3h1cjNLbjEtcTZuN1UwQUExVHNBSEgxdk1DcVI3c0FiSkNTSVVzcHByYWY0UGU4VTNKY1F6WnNxa3dLbENlZmtpZlBZUkVvUnNLZUduamZIQ29HTUdTU203ZE5EWGtVQXptUVlrblozekZ0QXFsbWZ4bEw1S3BLdEoxN3o1eGFWSDFIV2d2amJuRHd3V2g1a1E?oc=5,The Indian Express,"Mon, 24 Dec 2018 08:00:00 GMT",2026-06-14T20:37:32.879425,ransomware,True,False,candidate,https://indianexpress.com/article/india/uttarakhand-college-student-set-on-fire-by-stalker-dies-5506565/
ransom demand Uttarakhand,YouTuber Sourav Joshi Weds Avantika Bhatt In Rishikesh; Viral Photos Capture ‘Pavitra Bandhan’ Moments - News18,https://news.google.com/rss/articles/CBMi7wFBVV95cUxOZjZLYzFORTVQUEdRUzl0emx6QnU5bXVhQ0RSODk5dlhZdGtNZDdFTUdKcWdVZnlGdHpueXdWY3AxaFh0R3RGaG1yS0t5TlZFVjU0SWRTMGx6VVdLb1N1RU9wYzAxdDdsNW1NVkFRaHBRdG5HQWZfTE43TGdmTE5SR2JSWU9ZdjI4V0VHUk0wZmNETTlaUTBxd3ppQXNrbTBUSExEUktCTXVVd1VCa0dVV0gzU1luTVNJZkZDSzNKYmdEcGlFRHpFbXRfVVJpNWNvVE4yaGdTbUxrRDBZVzl0UnNqZktZVmlxS1o1cTA4SdIB9AFBVV95cUxQY2UyeHh4VC1VYlppc2ZlYVFmNlhLRzZRS1RTTDc4WU1RMXk2dVQzQzRLUjRGb1Jld0xzQ2dGeVNsRXgwcnBRdV8xc3hoaGNSTjBQMTBmQmVRZEFmM0xEWFNvNDhQcjNzQmZENUNZU0hhYWZVcjhRY05TWXFfNDYxZUpYSXY0Ui1EVUgwcUltQldLWlRsSzVvbTJ4SmRkUi1OeDRJMVhMSFlZNlBjUlRqdi1YQ3BfVHJmcmEzazVHek80bWlLLTdaOWpnWFJFVTNfX0FQdTRFRGRaMHMxRlpLdGdKQ212UXRYQ0tQTm1MRlRJZG1K?oc=5,News18,"Sat, 06 Dec 2025 08:00:00 GMT",2026-06-14T20:37:32.879462,ransomware,True,False,candidate,https://www.news18.com/movies/bollywood/youtuber-sourav-joshi-weds-avantika-bhatt-in-rishikesh-viral-photos-capture-pavitra-bandhan-moments-ws-kl-9754340.html
ransom demand Uttarakhand,Uttarakhand: One Arrested for Issuing 'Death Threat' to YouTuber Saurabh Joshi for Rs 2 Cr Extortion Money - ETV Bharat,https://news.google.com/rss/articles/CBMi9gFBVV95cUxNSWZUcDM5SWVEcmhIWjZoNGNMZWUxM0UteXV1OFVITWs1cmlyamNicnpLZ0tWb3UyTmNSZTNYbWdDMTZTNUlZRHVxejd0QXA3dkVfZ1NsVVc3MHJ4VkpNd3hOVjZQWVZaOE02dVhNRDA1M1NBWk1KM0ZIZldNSGVKS1ppdTRXdW82Z3BuT1hmcFNGTHZKU0dNR1NwVkZRR1lwSmxCdHgwZ2U3NkpmSTVkeVoycXd3UzFWSlg1TnNCandKVC0xNjh4MVI2bHp4UV9tNC1aMjktMnByalpuZ0ROYkpmazZNTHJmanVaZFlVNC1mQXJUZnfSAfsBQVVfeXFMUDdLY3VYYTdBOXpXYjdCU0sxOUtQVEdSeHFSeENOdkExVm9DV1o5UGRGYk1Sb2EzcXZ6MlBXb045OXl5Y19kSDFFc2NEVkN0aVlaMUxRRU9zSkx4UFQ2RE1KbkYxRTZvcWdmZ2JlZGRyWEN0VVpkSm5SZnQwTHIxWU9vbDVTMDNXUXNDWEpEbEVNM2EtOW1FM1BYZDlMUXJZSnpqSVNmVEpaNGxzUHBGOG40bXdTOUR2TUJGai1OcTZrYURQbXZ3cUhxZHVrd042MWd1R1U0OXZ3dGFlNXhNZmVIOHhWbUdLTk91Q1c2dlFITU9WcFZVdW1kZEE?oc=5,ETV Bharat,"Mon, 18 Nov 2024 08:00:00 GMT",2026-06-14T20:37:32.879475,ransomware,True,False,candidate,https://www.etvbharat.com/en/!state/uttarakhand-famous-youtuber-saurabh-joshi-receives-death-threat-from-bishnoi-gang-extortion-demand-of-rs-2-crore-enn24111803300
ransom demand Uttarakhand,Uttarakhand: YouTuber Saurabh Joshi seeks police protection before wedding; Intelligence agencies activated in Haldwani - News9live,https://news.google.com/rss/articles/CBMi7gFBVV95cUxQSHdtN09fMnlYLXBNNnFOYUZKd1VnZ3lEU2twMUNicmJpd25tSnFpcXFPbTVXSlJlU01ydXZ6RGg4b3hRVUY1b1hqd2xvd2FQMU1yNFZ5ck16Q052LWhsblhZYXkyb09nWjdLNVFEeHI3X0ZnNF9lRzNNRHByRm0tQ3VPcXpPLS1UTll5Y25LZzdBNEhoeU5WNl9sa2FmQlJsMEtwQ01nVksxWFFpTXhkSFIyVXp6OS1kNmxWeEpveWh0bWxmcUZSZGZpTkZ6ZjhWbG5mRTBWTnJITHl3bmwzaGJqUVFZVXI3MTROY2JR0gHzAUFVX3lxTE1ZYnRGa3djREZlTEM3VHp4LUlycS1Dd3VsYmRseXcwRkVUZDlEcU1Kd2RSUHpsLTBYLWJBMHczbnBCUktUbTBuLTBnd2VBVk0yLUM5SWVLVXhlLWdIcnJCajNfVzZ2ekZ0UVZJRy1wN0NsekxiREdHcWhVajRrWXhIT3pzd0VacVdSQUxOMVdROHMtZW80VVVEZnd4NTVid1k4SnZVNFpTeHZrSk9TcVNyYVA1S2VYR0FPU21xQW9hYlU2SDBFckctYktzd21KQVpScTJ2eDNWT0dyRTlZY09nWGFQbnVLdFNCeDE3QXRWTFVlNA?oc=5,News9live,"Fri, 21 Nov 2025 08:00:00 GMT",2026-06-14T20:37:32.879551,ransomware,True,False,candidate,https://www.news9live.com/india/uttarakhand-youtuber-saurabh-joshi-seeks-police-protection-before-wedding-intelligence-agencies-activated-in-haldwani-2905892
ransomware gang Uttarakhand,"ATM hacker, a rickshaw-puller, held from Uttarakhand - The Times of India",https://news.google.com/rss/articles/CBMixwFBVV95cUxNdldmcnZVemd5WW8xYm5rWWpQN1VrZE55UnNINlRCdVg5VlJqUXFNdFlTNHRGTmt6bUs2Nm5ZZU9DY3pLWUxYU3pQa09zV2hrZGZOLTgxMkZzYmhPZmp6UVRab3h3MndQZXBWcEpMOG1BUjQ5RnBOdG54NXRDMGdFT2h0NGo4OHgxc25DNTFITl9YWDFacDBEREZxV0o4ZlgzLVNVem1LWnhWRTR3ZjBFbGZ4Wlp5YlZ2RlpjYkFJekQ2ci1vbHdR0gHMAUFVX3lxTFBOdHE2UEV4V3MxUEo0S0s4eWMyWXV1aFBLMGZIYzdCM2h0T2hPbzNkZ2dZMzA2UEM5NWdzaWZpQ0thQVhqaEJENkhzV044MW9RNXo0WnZzWl9RSHhibkh2REd3YjNCbXlGT1p0U3A4WkhsNWNJeUUwZmpCVHZUVlliNkxjNjZoT1pabUFzX3pkMlJSRDBHRGl0aVJjbE1HVmgxSWdCYXcxSmNqcDdxWFJid25uOHFRNGprOFdIZHlrZGlSbnpZQmZpVXZjcA?oc=5,The Times of India,"Sun, 26 Mar 2017 07:00:00 GMT",2026-06-14T20:37:36.603907,ransomware,True,False,candidate,https://timesofindia.indiatimes.com/city/bhubaneswar/atm-hacker-a-rickshaw-puller-held-from-uttarakhand/articleshow/57841648.cms
virus attack Uttarakhand,7 die in 20 days amid suspected viral outbreak in Uttarakhand's Almora - India Today,https://news.google.com/rss/articles/CBMi1AFBVV95cUxOZTQ2S050MHNIdUFSWEk1elZBM08xZHJRVTJCbWNGY2p0c1Fpa3hIYUhmVFEzd0VmOWY5UXdYdU43QTkzX1RkV0JwUFpmTS1lOUpSNGY3UklFSVFZcmc5Q05ZbURydEsxS0JHb2FLeGFNWXhQNXJadzlVdHNQS05KdnQzMlFvd09RRDFhOEwtNkk2Mk9tY1FKR1FaTnhfUHp5eWVmeGNZMEk5Sjc3ejhaVGNIRUhwcmg3THJDVW94cG5IZWViSVlGb294Njh3bFp4eWRxOdIB2gFBVV95cUxOMVdaTzFsOWd2Vm5hVDd5RXBTQ2dpRHZ3cXh2d0Y2S1pkLTZBNXhjSzktSGNvblRHeTZfN01kWVNJZnJQcnhQSmlhUmh1S0I5QUk2Vk8zLVhWTWEtd1RqZ0ZvNWEtMURFYU9FSnN5NEdUMUtjc1pIRHAtdzIyczNWVEZOLUJDeE91TEdqTGQ5V0pfbUFHYmZaWkVUNGU0c3lHWmYySEpXclB2Z0VlVGRHOFZ5U2hCZHRZNks3anlmVTRYTE91SHo1SjNDOG5hWUduQXVmTEh6QXY5UQ?oc=5,India Today,"Thu, 16 Oct 2025 07:00:00 GMT",2026-06-14T20:37:39.470460,malware,True,False,candidate,https://www.indiatoday.in/india/story/almora-viral-outbreak-uttarakhand-typhoid-deaths-water-contamination-health-teams-2803793-2025-10-16
virus attack Uttarakhand,"Daylight leopard attack sparks panic in Uttarakhand's Pauri, 55 schools shift to online classes - The New Indian Express",https://news.google.com/rss/articles/CBMi3AFBVV95cUxQSm5nOUFMdFI2RURLWkZnV0JxUWJOQWlIeHlETE9KWFB6Wk9GTTN0dUg4WHhqMC1LUC1PSTVyQlRIMU1JYk95Q080cXNjTkxMeVhWM2VieVUzbjJPMUJ1NnV4OGFjUnZIb0VIMW8ySHBUdGQtY1BhckxBeUJHRDgxTVdWSmVqaVFYS1EzZWwycXVPNmhQUkp4X0lNcjFZX05scnBwUUNLVVk2N0VsN2FYblIwTmI0TWE5RWNqN1JPXzFTWUotRng5LUtJbnFSUFhzTWluVDA0Zl9TOE9j0gHqAUFVX3lxTE11V2JDcTQ4TG5HN2lJR2JGZGY3aUNweWJpeUJVYlk1aGE4N295Qm5NSjJmT3VYTW56cXNNa085M0JVdmxHVkRYek5TcE92WnE4VWR0ZXhGdEZqX0tzSWg4UVlHWlpON3cyanFMblViTnM5akQwTUxielNNZERjX3YxcEhlYnZFZEVNRkpYUjBNQy1yUjFqeVlhT0pTYVB1SVRhSU1IazJIbVE4QVpxZU1YRjhEN3oyOUpmNXFJM2hpQml1akxxX1RZLTh2a2F3S0luck1EcTJISGZQa1lpODBRZk1ZdXlsNndDdw?oc=5,The New Indian Express,"Sun, 07 Dec 2025 08:00:00 GMT",2026-06-14T20:37:39.470475,malware,True,False,candidate,https://www.newindianexpress.com/india/2025/Dec/07/daylight-leopard-attack-sparks-panic-in-uttarakhands-pauri-55-schools-shift-to-online-classes
virus attack Uttarakhand,School to shop: Uttarakhand faces bear rampage due to lack of food before hibernation - Telegraph India,https://news.google.com/rss/articles/CBMi1AFBVV95cUxNMEFmM3M3Ml8zT2ZWSm14V2liSHRzS3dGSzlkX3ZhWTEwbU9iZTFtNVpONzd3SnowRGtJdkc0MFB5VUs1LXZGYmY4ZFdBQkxBLWdYQWFqZGxpQ295NmFUM3kycERWRl9oOFQ3QVlMTlBRMmJnNUNwSl92Q2pmdGFObHlQbGpOMGdSdFlYT2tXbUZPTGNxaV9Pa2E5NnZhNUlwR2l6YkZ3aWhMeWdaTTM2THNCZW5tMmJFN25vbUZpNU1xRjJSRHlHdHdIQXFiakgtWDh1SdIB2gFBVV95cUxNYVVBaXVCWXg1YjBNcEoxMUFrV3VocTNPZEtPZUh2Wk40SkpqVGNHanlVamJMcUJvUzJyTjJRallBS1NxdVMzQWo2U1R2bDFQaUprZ18wSEd2WTV6NWtJenVWNms1b3BORmpJZkYydkp4VW81M3VkY3ZfNEY0VTVNTmFoaU13bEcwUFR2aDVkZHlEaFVTdFEzcm5SUjhRbFlROGQ0VHZ2SHAzVnctTnNYNkxieTJzVE1BakFud3h4VV9GZDNyYnV1TTZjU2t1WGpycGNrUXREbWsyUQ?oc=5,Telegraph India,"Tue, 30 Dec 2025 08:00:00 GMT",2026-06-14T20:37:39.470534,malware,True,False,candidate,https://www.telegraphindia.com/india/school-to-shop-uttarakhand-faces-bear-rampage-due-to-lack-of-food-before-hibernation-prnt/cid/2140189
virus attack Uttarakhand,Uttarakhand to Host National ‘Cyber Bharat Setu’ Workshop on 4-5 December to Strengthen State Cyber Resilience - APAC Media,https://news.google.com/rss/articles/CBMi7AFBVV95cUxPSlFrdmc3UUNjRW94djlFXzlJUXpla1d4NEFsdzVhd2FSZXVIUGNWQ21ncG9VdHVrclhGa3owWS1zb0xTTF82QUNhREl2LTc3RnVleVI4TmJwM0tVQlZxRW1xT0h4R0lMZm9OOXdtN2ZJNk1SSFpJQXlxWGFKUlB3ZGE0VEhxc1NYQ05BM1JnWDBCZkw2ZF9zNF81NnpXWGdfbVZDU0JnX2pfamp6a01xSWw5dmRIaTdjc3RodDYxSjBBNUxMSnFJaVdzYVFPbEZYX0FXRFNzZ3hvRXNqcGQzYnl0VnBQNVFvOHpobQ?oc=5,APAC Media,"Thu, 20 Nov 2025 08:00:00 GMT",2026-06-14T20:37:39.470547,malware,True,False,candidate,https://apacnewsnetwork.com/2025/11/state-cert-uttarakhand-to-host-national-cyber-bharat-setu-workshop-on-4-5-december-to-strengthen-state-cyber-resilience/
virus attack Uttarakhand,"Uttarakhand to set up wildlife sterilisation centres, empower rangers amid rise in animal attacks - The Indian Express",https://news.google.com/rss/articles/CBMixwFBVV95cUxOamNEclI3VDFqMlNPX243UXNubFVYRmw3NXFGV3BmczNwRGhWU2xqZVhyS0VVWUZJOUpiaEdybTJuaElqaEYxbXJlZGlwUmp2bzAzVlVtN1oxS0xpVktEeDRVMVAwdmlNNlZyN2g1NC1GaGFWeGdJbHpEZnNxblpuSG8zakM2XzlMR2xSZUpXeDQ3YTl1R0ZMakg0a1UzQUt5Y0N4V29FVzk1Nng3amRZODNmdmVtaGQwdnplczBGZ3JOSG9janRr0gHOAUFVX3lxTE9udGFhM3FqbFZ5aTY0ZzVDM2tSTnZDM1dLTW5rcUJsX0dQQ014QUN1dDZOOERVVzFjMV9rLVZtaWYwUHo0eGFhQUNERGRGNEJSSFNjbzdFTDJSLXZsUVYxa25WWXcxQ05Xb1g0SEdqdm5KTmU0N08xT1k1UGFnd3ZnNlk5WjRGdDlfeEdIdXlXS2pxZTFSYUpsM2RnWmhFWEJDU2Rrb19ueGh0cUlRcUFmU09nUTF0OXd0Qy1JVVVYaHdpSmZlVmNuNWhPLWNn?oc=5,The Indian Express,"Sun, 21 Dec 2025 08:00:00 GMT",2026-06-14T20:37:39.470573,malware,True,False,candidate,https://indianexpress.com/article/india/uttarakhand-wildlife-sterilisation-centres-empower-rangers-rise-animal-attacks-10431431/
virus attack Uttarakhand,Bear terror in Uttarakhand: Child dragged from classroom in second attack at same school - The Statesman,https://news.google.com/rss/articles/CBMi1AFBVV95cUxQYkNtMDdVUjJKbjJ3Vi1wdWhuMFNYQ1pHLWZIeWV1U1NoWDctbGF2UENpMldiMjNBVmFsZUUxWk9Db1BvRWo3d2FURTE1NmZYNXpiTTNFTE00V25PWktxMThCTVZnWHNVX2VrV1BHOFhCWmpKMzVnR3REeVdGaDZXRURUS2dwZzdldlQ2MlhRem5pbUZFY0FGWndmM2J5dkh6VkdubTBCd19UY2QzVXhxNF9PYW15am8tZnV5X2w0VnVYYXE2c216UFJTa2VYV3hoRGNnQ9IB2gFBVV95cUxOd29TS3RrSkRCUllXd3ZfVEo0S1hvSGRqVXB3eWt5amZ0U2NaUlpHeGNpaGc0bDh3aFFQOXZkZGltWEJOWEZPY01pVmtSWGNwNWFBaXFqdkVkNlpVWnB5N2lwMG9sTEdNeTVwTGtXRXhMOVY3eHdkWmFkSVo5VGRDYmdZSHEyT29qZVBROG9sdUdXd2ZoY2RqZm1sbV82TVFhQUItZWlGbEowcndicndtcW9tSmZITlVha1Z6dXRtMy01bWVRMHJUSjA2X2FJS0VGOFZqb1ExOF9pQQ?oc=5,The Statesman,"Mon, 22 Dec 2025 08:00:00 GMT",2026-06-14T20:37:39.470581,malware,True,False,candidate,https://www.thestatesman.com/india/bear-terror-in-uttarakhand-child-dragged-from-classroom-in-second-attack-at-same-school-1503529327.html
virus attack Uttarakhand,"Tiger Terror Haunts Uttarakhand's Ramnagar, Three People Mauled To Death In One Week - ETV Bharat",https://news.google.com/rss/articles/CBMiywFBVV95cUxPZVE3LUowa2tfNkU0UndBalk4YWxQY1NWN0l4MGhkeFRKdGt3clU5NnZlZkwybmRSMkU3TlNhTnJlcE12ZG1sUmw1Y0ZQUnVGWG1PRU1MN2ZXc2FrWjdHamI1a1I3LXJ0QWhZV3UycVZuYUc4RFhOTko3UnAzMmF1eUxncXFvMUtxdVE4ZHcyRTQtMDdyY2FKdXlaWFh6MHlkZ2dUdzRZQTY0R0dOTDI3V01ScWp3ZVFiQmY3RXBfYVg5eHV0WnpmcFBGb9IB0AFBVV95cUxQaE1ieWhHcEFRNGJvZ0xOZXlRdUc1M0FGcjB0eHc2SjZSY0RRamU5eHVmTHM4b0l4OUFfbFVNelFRQUhnWEFXZmRHVGktbFUyTUlHTGN1UWxyR05FRllubXlRU0hJV2ZJODVsQTZNVDRvc2VxMFA5U2JfZUVUNUFMd1p3cVFZZzlfTTc1azlZY0EtRmFjcVdNM2xfYTJwSGdQdWZjalRaZTh1LTB3VnQyUE9ENnJVZWtIWFhMdDNCRXlxaTM2LUgwOWJhekxsVmRW?oc=5,ETV Bharat,"Mon, 05 Jan 2026 08:00:00 GMT",2026-06-14T20:37:39.470589,malware,True,False,candidate,https://www.etvbharat.com/en/state/tiger-terror-haunts-uttarakhand-ramnagar-three-people-mauled-to-death-in-one-week-enn26010500535
virus attack Uttarakhand,Uttarakhand: Operation Prahar becomes a nightmare for cyber criminals - ANI News,https://news.google.com/rss/articles/CBMizAFBVV95cUxNYW9IOHRRR0RzYXR3TUpfRWh0SXJqZW1aRy1PSWlhSTd0UFlCU2g2VXB1NmtTVzJnNG5WV1ZYRXYzb3ZmeTI0Ny1ndUlMd0dzVTV0eW1LdXJZYWU1Z1RtYkh3RGxTM05qeHJSOUozMUxhNFhxUEFFb1YwSTdSVTZzVTFBb21wMUlTWnJnOVptbHIxaURnZS0yRVotTTN2VVhwUnduUFVmTnZzdXh6R3BWcXVlNEljUVdsQ0xnSlFnUnRfazNhSGlXZXZIYXM?oc=5,ANI News,"Wed, 14 May 2025 07:00:00 GMT",2026-06-14T20:37:39.470608,malware,True,False,candidate,https://www.aninews.in/news/national/general-news/uttarakhand-operation-prahar-becomes-a-nightmare-for-cyber-criminals20250514083940/
virus attack Uttarakhand,Elephant mauls watchman to death in Uttarakhand - The Times of India,https://news.google.com/rss/articles/CBMiwAFBVV95cUxNbTc1ODVIbXo0dnhzbUFaQ1k5dVZWek54M241T2lUakVOcE1UbjE3M1JkLW50TU1ySW1uX05teURVWlJ6TlRZRFc4Vi1JeG0yczZZMVl2QTd6LVhkdTRNZmFPT0dEblM1RnloYW9vc2ZuLTN5XzhiNXhjM0kwQWJYcjVnQkxEblRJblB5Vmt3bzdXdk5zM1JtX0h2Q291VkxXS1JNT3JfOEJrSkRCcWRuQjhlbWFNUFdDQl95VXZXY0PSAcYBQVVfeXFMT3pSbm5kUW9xYWY0OW8wYml5WnJKemQ1T2ZTYkpKQWJvaHRQRmFPaGhYY29uWTI5Vl91NGJjZHlzNEtoRlIxTFNvbDB3czRHa3NIREoxZ2UwOUVfUmVWN3hMYUcyMzVnOVF4bEJPVHRPcWhlLUtraTR6TDAwal91eGdBa21OLUdPQTA2NFBPWDRGanhzZU9KWjBWNmtORmtpb0V2bzJGTVhQdDktdDYxekhMV1RKQ1FjUXNTUTZCQkYxQ3BYQUhB?oc=5,The Times of India,"Wed, 02 Apr 2025 07:00:00 GMT",2026-06-14T20:37:39.470683,malware,True,False,candidate,https://timesofindia.indiatimes.com/city/dehradun/elephant-mauls-watchman-to-death-in-uttarakhand/articleshow/119895103.cms
virus attack Uttarakhand,Two men who opposed harassment of Muslim shopkeeper booked in Uttarakhand - The Hindu,https://news.google.com/rss/articles/CBMi3AFBVV95cUxQSmlSVGlvSS1sYWdxbHplcnV4R1dDNzNTUEVVY3k0SlVwR3YwRC1GQ1hPQ1B0UjVrVW1XMktXNk0yejI3ZHVzeURlQnNVMWhkc0pWNGR3bk1XTEtlcklpMW0tQXJOQVhfTUUtOVF6WHhyTFh4bUt6QlRaUDNUWS1DZU5XMG5DUFpLMmh0azlJZHp2cVo4ZWw0SEdpRThpQ1hSOW1nOS15eVhPYzREUHJ0N2V6dDNxUjB4S3FZSHZXaUdnZ1FLT0FzTUpiZ19ndWpXS1ZSanVIUXpGbC1S0gHjAUFVX3lxTE1kakdFSWpKTkVmTUNDMEJqR2M0SFR6WndpZ3V1QjlYS3lRUWxNakZBYURNcVp0d0toMndxdklZLTUyWDJoNExGam8zMXlaTkFOdXVXSHN3d3pINGJXM1RTYjNJZHJRMEZfcTFVMnpBR05Rb0s4azBLV1dXcGttTHhIdUpNMmY5YnFrWUNFaVo3Z29zOTVQUXBBOVFqU0QtWWZITXAtRUI4bmFlZEd5ZVJHb1ItdnZNOXg0SDBZOXF2UzNpUkI4Wkd4Q1d2eUkzZXNqNndVYWZCRmdQUS1uSTFhTkk4?oc=5,The Hindu,"Sun, 01 Feb 2026 08:00:00 GMT",2026-06-14T20:37:39.470691,malware,True,False,candidate,https://www.thehindu.com/news/national/uttarakhand/two-men-who-opposed-harassment-of-muslim-shopkeeper-booked-in-uttarakhand/article70579252.ece
virus attack Uttarakhand,YouTuber Birju Mayal 'attacked by assailants' in Uttarakhand - The Times of India,https://news.google.com/rss/articles/CBMizwFBVV95cUxOWFBzbmRWbHFWQmVQMkNTTU9zVEJremsxeEQyQ0dXeENwQTB0Z3JfLTQ1dHdrX2RsaHRWOWM1NFNqdWdDNVM0S0ZfMWRTbDdGS3dQVzFsOG1vZ2xBcnNyLWQwUER6dk5JTEpQeW92WFN1U3I2TnhKaXI2TnpkSE5fdW4yaUx4QU5xRnNDaXJVei03R05zclB4VWk4LUFEdndXZDBlQVBSZWxsTEpsdm8xd1AtbC1nQ015cUdjNjZpd2wxZFYyLUZmMjN0amp4YUnSAdQBQVVfeXFMTi1OZ3BWYkdRbUttWTR0S2p6bVJLRURnSlVaLWdsUXpleFhQRkRybjZBWlMzZXVNcjVYQ2x5dVFXaFE0UlVQSVoyVnJ3LXBBc2s4ZEgxWmZvNDNuS05fNzBYMV9UZUVRQi1od2N6V2JIRHRwT2otaWpJaE1vTTJ2ZHR2YlgzQUt2V3kxLU9IOWtHQ0JLaThwSTNmNTlXWlVFU1gtRnhHN3VQWnZaendaNU8wODJ6T1d0NF9fMVN6MzRaZGM0b2VJWi01ZlpJS3Nsa3psTlM?oc=5,The Times of India,"Tue, 01 Apr 2025 07:00:00 GMT",2026-06-14T20:37:39.470699,malware,True,False,candidate,https://timesofindia.indiatimes.com/city/dehradun/youtuber-birju-mayal-attacked-by-assailants-in-uttarakhand/articleshow/119872554.cms
virus attack Uttarakhand,"46-year-old West Bengal Man, Trekking In Uttarakhand, Dies Of Heart Attack - News18",https://news.google.com/rss/articles/CBMitAFBVV95cUxPNnhEVkZuT0pmelp6OWhJUVd1RFVHbGFhNExEOVVOOVVpdFdxTUpHYThXdVpfUG5tSlYyUUUxS2xBQ3VycVU3WllXUnBUSGcxVEVJZmZZaVMzTm8tY0ZSV0Y0cXRJa2dLeHY3bFhLME9fWmZBcE5HczFmcndUcHVtSHN5dlNFanRHM1VMM2VEdzgxZks5aTBGVmEwdENXTHJqamJ4ZjJ3N0FFZTBXNHZiMXhXZFXSAboBQVVfeXFMTmJHRnp1em0xbGdSNldKX2o5N01pcFAyMW5ZVS1aaTVGY2pEeE1GNDE4S3JEUFdkZHpYdUJjcXR4N2lPVkl6NDlIa3pvWnpCaHhYRHJlRllidjlTVG1INEFHbk42REVEcGtVc1lPbGdOTmhpeE9qd2hoTG1aWXJwUVJudDh3cFVLWDJ2a3I1dGgxTnJSS2tETk1TdGJ2amdGcGxOVlZXa0dYdklCLW0yNUp4RTk0OGM3Y0dB?oc=5,News18,"Fri, 31 May 2024 07:00:00 GMT",2026-06-14T20:37:39.470759,malware,True,False,candidate,https://www.news18.com/india/46-year-old-west-bengal-man-trekking-in-uttarakhand-dies-of-heart-attack-8911893.html
virus attack Uttarakhand,"Cloudburst in Chamoli, Uttarakhand: One Dead, Two Missing After Flash Floods - Deshabhimani",https://news.google.com/rss/articles/CBMiugFBVV95cUxPMlpCZkd1aXNEOEFsOV9TaTExOWJrYzlVVHYxQjU3cFFabjhnR05uc1VTMWNiaVNaeWN5REJ4OVR4enRvR2dma0lvMGtNSlZPOWFjU1NBd1VZY3JrNHlDaTZTMzFuQ09Oem96OEc1WlNyNXZCOWxOMkFLZGNlR2tqVEJYU1NmWmRhQVNMWW1DVDh6c0dpUUVxY2NYdEhxd0sweEdHNE5EdF9BWlJOMXRCRjN2ejYxdF9fcUE?oc=5,Deshabhimani,"Sat, 23 Aug 2025 07:00:00 GMT",2026-06-14T20:37:39.470775,malware,True,False,candidate,https://www.deshabhimani.com/deshabhimani-english-/environment-79695/uttarakhand-chamoli-cloudburst-flash-floods-84607
virus attack Uttarakhand,HIV outbreak hits Uttarakhand's Ramnagar: 19 youth test positive - The New Indian Express,https://news.google.com/rss/articles/CBMiswFBVV95cUxQMGRpRzk4cHNJSWN4SmRWcmE1T3lMVm5qN1pLUlR0VjZHX3ZpbWprQWh1Z3BBNDJ1eW56bWlMN0JpRElBd0pxZHZLTURRaGZGTFhLQnNaaUZfcm1ONHkzRVZWbFVIQ2hOV2p6akJVT2phem1qR19iX19SUVZDS2ViWndXUy1KWEdWanBSYkJERmM4ZUZicjhrcXZlLWM0Q2dTcDJTZm5YV3dabVo0eEdkX3RxY9IBwAFBVV95cUxQeFVwR1g0bk9kWHUzN1Nld3ZCSGpCdkRyR1p3Wi1ZSkNGaGZocmJaVXBoS3lVakJOQTlkRWNDVU15S2RqYzZnRk80aElmZDM2WVhXR0t2bzUzZ0VvODJuR01SSnRVRi04V3BLZHBFRzZMQzJjWkxrMUJBdnd2cWx1YkVPZGtDelp0YkJzXy04Xzl0LUVBQ2dEbnpfbzBmYjJvakN5TXdFTW9Bbzlld2NyRUlVZ3RqSzd6RFEzWmtmVno?oc=5,The New Indian Express,"Wed, 30 Oct 2024 07:00:00 GMT",2026-06-14T20:37:39.470805,malware,True,False,candidate,https://www.newindianexpress.com/india/2024/Oct/30/hiv-outbreak-hits-uttarakhands-ramnagar-19-youth-test-positive
virus attack Uttarakhand,"Uttarakhand mob burns alive leopard caught by forest officials, 150 villagers booked - The Indian Express",https://news.google.com/rss/articles/CBMirAFBVV95cUxPVkdoOEFfUGZNRWg2dlQzOWwxdndWZVFzdjN2bjI0aEp6NEd6S3lDUGFEb0w2b3VLMjRGQjlKSEtqZ2t5Mk9LMTlsOUpiODZxVVNGYnpwdUVIUS02N3BWWjdsSnFacWlSQ0Y2NHBOTzFFbUFiX05PZUJIeDkyR2FUNHNfTE1hQ1FTRmRBbG42LTRYRjRwM1ZMVjNQTTdNMUl0Vl9oYTJnSHBZb3JC0gGzAUFVX3lxTE0zV2JKVWhQUkJtYzFXYlNKanBVZTlpcEpndkxieDgxdFBSWno2dDd6Q0lrWUlqMnJ3VGpvampjOFpzbWVfMUF0UXlEZEExQXRwQV9XSzVsMGtQbVp3RExKVzFQeDMyTWsyb29SYjhTbjVBQ0EtU2MycHB0UWpDLW45SjFqbHFEVklPTnI5aVdtdExCVlBlZU9BZ0ZwSDVkM3doaE10cXdMQW5MMEhORVpMeERn?oc=5,The Indian Express,"Thu, 26 May 2022 07:00:00 GMT",2026-06-14T20:37:39.470816,malware,True,False,candidate,https://indianexpress.com/article/india/uttarakhand-mob-burns-alive-leopard-forest-officials-booked-7937927/
virus attack Uttarakhand,‘Uttarakhand lags behind national average on infant mortality’ - The Times of India,https://news.google.com/rss/articles/CBMixAFBVV95cUxOUkhTcXV2N2NjNDU5Zzh2M3ZGV1hGX1VCMUR3NUlERG42ZUlTMGhaMWZibnF5bU1CNVNyaExwNGhDbXM2UVJfR2k5NjJBSDQzaU5TNWg0Vk9PR0dpWTZscl9zY3pFbko4R1Z2Z1QzcWhEaTVaRUNYQmFmdFJDeFZ3b1pNUXhKMkxoNVBiZERlQl9yMkczcHpWWFVXUnhxeWN0RHh1WGV4RHNQdlRpUHdiYXprUmE4X1hyN0tEeXVJZ04ycVRq0gHKAUFVX3lxTE5XZjAzNnByenhiSC1DZ1JDM2N5NnlfU0dfV3pUSlFsMkdGeVY0NGxnTmo3a2p6MnJ6Y3FWaE5jMGhEUEZXVVRhTjZNSWFfbUR6cW1RYXhlWW14MzdrLW9DeWxUQVQ5QzRPamI5UE5kTlZ2WmJkTlUzTjRpdjhubWxhZW5Fa2NDX01RNWEwTFVCbFZKZjlENWlvYVlrTnBpeTlLWDQ2V3R4ckpTdzVoSUlwTGxrcmdkVV9wUmdsdm43Ul9iUjFWLXpjWVE?oc=5,The Times of India,"Wed, 18 May 2022 07:00:00 GMT",2026-06-14T20:37:39.470829,malware,True,False,candidate,https://timesofindia.indiatimes.com/city/dehradun/ukhand-lags-behind-natl-average-on-infant-mortality/articleshow/91628457.cms
virus attack Uttarakhand,Uttarakhand CM Dhami transfers Rs 176.59 cr pension to over 9.7 lakh beneficiaries in Uttarakhand - lokmattimes.com,https://news.google.com/rss/articles/CBMizAFBVV95cUxNOG9MWllxamw4UzJUZ3hlMHJfUnlQUDZzVDhQc18xVEhtM1RqOVQxRnJNS2RBVVFEb2xUMFlVSEEzQkFKaWdYS3AwbVF1QTFxSllPRkp6bXVCdEl1RzU1Rnc5MFFZNTBhdVp0aXNvb0dsWVRXeTdZU1paNW44UURyX1lXbHFDRjBRR0RlQzVEVGVKR0FITzFpZFFWMnhtYTR3WS1hUHcxN3UtRXo1MFRTa0xZWUc5VEtzUjJLek8ySkhKYzlGNlU1V0lUN1HSAdMBQVVfeXFMUFlwMTZ3MlpPdjNLUGRKcVU2ZkIyeXRBX3laUmYwMTI0WFhEdXA5elZCVTkxLTlHZ0NPSHVVRHJzR3hONEpwOEZ6SWxwcHV0UEUwam9VTXpLazFkOXJzWmFDUUNZMzVzVkstZlp1VTU0bnBUY2tEaGEycEpsS0h2bzBDcjdnRWhkZkVpM1RzN0FmOHJvX3VMYXRjRVFSWUlqVFQxZGNKYkhMRk0yUkZ3ZW1NZ01tVVdNTjBRc0h1Z19BeHZYZmZld1dDY05VQ1JwLU1COA?oc=5,lokmattimes.com,"Thu, 04 Jun 2026 10:38:45 GMT",2026-06-14T20:37:39.471027,malware,True,False,candidate,https://www.lokmattimes.com/national/uttarakhand-cm-dhami-transfers-rs-17659-cr-pension-to-over-97-lakh-beneficiaries-in-uttarakhand
virus attack Uttarakhand,Tiger Attack Claims Child’s Life in Uttarakhand’s Rudraprayag; Schools Shut Till Feb 5 - Republic World,https://news.google.com/rss/articles/CBMiuwFBVV95cUxOZjVlcUlRUUllWnBiSVlTQ3Z0SEdVN1F1WTlMcmRMbXBPQXdhNkg2YXJLcG9iNjBoOG5SazZMN0NWblRTUlFtMm80Mi1jSFBwOE5OVDlYU1hoWDV6YUlWakRhY0pGdDM4ZGJRSThtblpFRFA0MUFiMVVRT3kwbm9LVC1HNnJRaGg0OUdja09GVVI4R3dZbWt0U04ycWJIYnRjclU2TmRRWG9JYXZIXzNnSURObmdRMXBZWGU00gHAAUFVX3lxTE9uTk8tRVM0YTJ3MVhmSUlfMUhyNGhIc1VrZDB1OE5XNmRsNElESDRpTTM5cElybzctMWhaQTlfTGFkZ3pMSXdLbGQ1aWlPQ1c3SHJLUTl1eDJlSGJEUjhpb1l4b2pKbWxEX0x4WlFiUGFqOUZLcFNXQVdoaHNTU1h6YWNXczJkbmh5cXBtYzFWSEdyVFRzV3I2U2lCYkV3MVAwblR5WkZLNWdGNHowYXRydjNVRHRGY2hIZlJsY0ZwbQ?oc=5,Republic World,"Wed, 04 Feb 2026 08:00:00 GMT",2026-06-14T20:37:39.471036,malware,True,False,candidate,https://www.republicworld.com/india/tiger-attack-claims-childs-life-in-uttarakhands-rudraprayag-schools-shut-till-feb-5
virus attack Uttarakhand,24th Central Zonal Council meeting to be held in Uttarakhand on July 15 - lokmattimes.com,https://news.google.com/rss/articles/CBMirgFBVV95cUxNbEhRZmNyNWRicWVudFM0NkZDcXhPMzVlaGdIc29aUGpCTEJxRGxyS095Z1ZOYkJiTzc2YTNqdjV3MjRkQ09jTmNoVHF6OHgxcEhnSFhjaHE4M0tGOTRWM1BuSTVKRzZNOG9zQmVMM3g5amtaVmxkZWM4QnJfeHhNVktndzJhb0lZRzkwNlJoWmFzWGdRTGp6ZUx5MFBmcWt0ZFFnVG9MOWh2LW9ZN2fSAbMBQVVfeXFMTVZOcXdSSWFUUkQyV3BkR1JCNTJRWFpQd1FuOXAtZ1E0bXpTSkJRNld2VVpPZUNzYlVtTFEwQTQ1OXlrWUJfUW95dkh0S1RzNExjRzNYVmtFTGdBZ1A0WUJlOGNhZDF0UER6VGFnaHZjd2J3ZmFad3BpOXI5RFZtZ1l4ajdFMFpfYlJRYlZoUjZnN0Z2TnpyX2EzeXZabGRuenpiQTVXMjI3aUZZSVNlV2RuQjg?oc=5,lokmattimes.com,"Thu, 29 Jun 2023 07:00:00 GMT",2026-06-14T20:37:39.471060,malware,True,False,candidate,https://www.lokmattimes.com/national/24th-central-zonal-council-meeting-to-be-held-in-uttarakhand-on-july-15/
virus attack Uttarakhand,Uttarakhand: Rs 8 Crore Cruise Launched on Tehri Lake With Modern Amenities and 12 Tourist Rooms (Watch Video) - lokmattimes.com,https://news.google.com/rss/articles/CBMi6gFBVV95cUxOdG84emhLLWhNbHdNNVNnZDdVbXRCX3kzN1VESFptbm5McVZSeHF5anlTcFJ2bm1hTUtraXBSU0xfN1d5TDl6N1FZazJLQXAtd3RYTjMyVjRnWUtxNTJhQ3RnUlJtZXJsWGZWdWJGVEl4alJZLWQ4aXFfTU5yQ0xKWjZWejZwUFVhdVpCVFE1SnYzdWRfQ0dUaG5HYWhkcnpjRjFQbV83Y2V4RkgyN3Q0MEx2NTJoNnJQTk1WMWJubE93dGx0NjB4aE1uTjRfa0pkbld4a1RiUVl6YjMyWXpkaDlLa3g5ZGZUc1E?oc=5,lokmattimes.com,"Thu, 28 Nov 2024 08:00:00 GMT",2026-06-14T20:37:39.471082,malware,True,False,candidate,https://www.lokmattimes.com/social-viral/uttarakhand-rs-8-crore-cruise-launched-on-tehri-lake-with-modern-amenities-and-12-tourist-rooms-watch-video-a517/
virus attack Uttarakhand,Terrifying VIDEO: Man Kills Leopard With Bare Hands In Uttarakhands Tehri - Free Press Journal,https://news.google.com/rss/articles/CBMirwFBVV95cUxQMU43NkV1bFBYQllqNGlqZ0tWSzVhNU1NSnhLYklubnd1T29DZWp3VFR4SFhETDhmeXE0Zkl4OUdaWGo0bXB6d0pYRnJxUFFfUm1odl8ySlpoUXFLQTFlemxvTk5GOFdHemZMWmFlNHVTekFrRHdKNjU0Y3JreUw2X3JwaUJvTjZjX2JzMnlXUjRWWUFKM19yMmNUeDBvQnd5T1AzSjk5OW9wYnphNVNj0gG0AUFVX3lxTE1YektySmFVMEFxZENidTFHUF96czQ4WENZMTMySUJLcTF1cFZ6eG41OENjWnh4WC1GTXd6NlNLR04tTXNkUTJCa0FjdENVVU9PTWRfUkQ3US1ZRE1qYTNlbVUyNU03cUdmTVkxeUk2cGgyX3JZMUtqdmU4MHExSnFsUzU3XzdwbXg3azR0R2FkOGI3OTlJTHdnMHJkdFhNbU9iNDFzendJNU5EeW9jT0lkWm90SQ?oc=5,Free Press Journal,"Sun, 21 Jul 2024 07:00:00 GMT",2026-06-14T20:37:39.471093,malware,True,False,candidate,https://www.freepressjournal.in/india/terrifying-video-man-kills-leopard-with-bare-hands-in-uttarakhands-tehri
computer virus Uttarakhand,Uttarakhand minister Rekha Arya tests positive for coronavirus - India Today,https://news.google.com/rss/articles/CBMitgFBVV95cUxNeDBIel9rbl9FbjRfWWxwLS16amJUYUk1Y1h6UU1vTk0tS0ZiaUVxWUhYTVlaV04yNldqU2tnbGI0eHhCLWVBYW90dWgtc3Z4YlVwcUduWmhoUUFVWTZ4TjVncnR5d0VnUUgxdVQ3RFQ2VFptZ1dHVHBrUzZSU2xhQnlhTkRUajdfQmRlOE9Hbjd4NEFIMzJWdjlKVDV4eWdTTkxmVTU1TEhnaktaSV93TWFSMXpqd9IBuwFBVV95cUxOMDZIckN6SVhZZGtWekU3d1FvMEJyVUFRbXNBWXJ5enZGUkJTOEVnZUdDYU01NzJqTEx4dDRxaWF2VF9LSV9YT2JVV183al9Ta0x5ZFc0SVFibVhmZjhUcjFNQWVtc20wSWRiREVRQ3JXNzBXX09UQzRwMXBKU2piZ0JlMDdmemtnRWMtZld6ek9CdExRcDB6Vldsc3dxbVoyQWlqem1XVUZhTmFzdzN0aHk3eHdrcFVGd29n?oc=5,India Today,"Sat, 12 Dec 2020 08:00:00 GMT",2026-06-14T20:37:41.341550,malware,True,False,candidate,https://www.indiatoday.in/india/story/uttarakhand-minister-rekha-arya-tests-positive-coronavirus-1748936-2020-12-12
computer virus Uttarakhand,"Uttarakhand minister Satpal Maharaj, family members test positive for coronavirus - The Tribune",https://news.google.com/rss/articles/CBMi0AFBVV95cUxNNzZkd1RGMTZ4VTdjYWlOY0MtZTBWNk55cnJacWNFUnFHM3V6N19HU2lHR204S1lsNmRoQWVwS0I3NlRuWFE2VTVLQkhPSTVzc0JiUlI2OGw2dURUcjhZTHdFRHlKZE1Yc3pjYmxmbkdwTE9PYjIyRkhqWWVsbnd0eVhiQ0hWMHU1LTdCZ2VUWEhLVnR4TFM1NjFpbkxuTmhEUVRZNjg3RzBGdFVHRGZXQWJZblJxQkM5WXZqT2ljS20tM3Zkc2hLR1VOenZVNEhm?oc=5,The Tribune,"Mon, 01 Jun 2020 07:00:00 GMT",2026-06-14T20:37:41.341566,malware,True,False,candidate,https://www.tribuneindia.com/news/uncategorized/uttarakhand-minister-satpal-maharaj-family-members-test-positive-for-coronavirus-92516/
malware Uttarakhand,"Dehradun Shocker: Woman Dies Days After HIV Diagnosis in Uttarakhand; Husband, 4 Relatives Booked for - LatestLY",https://news.google.com/rss/articles/CBMi-gFBVV95cUxOTnRUeF9yQlIwdEkta0lCWDJ0djRlU2FRZ25VZW5ncFFhMjk4eFNtUzYwOExpeW5PSTBZa3V3ZXZYanhIUEowM0NEczVpVFpQRHdoYm1lbEstMURyOWpKbFhIdUlrVWp4a0VPbm9feFFwMEJVVkpNVnV4bldRbFVWTV90ai1keUFZcE4wUDlxX0VSc2lSOUU3WWd4LUxiUEVyZ2VOcXZFUnc4U0x3UWFwVThaMFN6ODRlQW8tbFJyaGZsNzNpUjROTUN3aDJ5Mm5Xdm5sY2VoMWhwOU5GSnd1MFBfMWdJYWViSU50WlZSdldiWFZtNUdqMmJR0gH_AUFVX3lxTE5GWnNVeTNBN21LQ1RtQjc0ZGJiVGpvTVR2X0ZKenlpTjNWSHdMT3l2emJPQXh0QktMU0JLMXR1TG9BbXlEaXpyRlNFX3RXbktRZ19mNndQNWphR2JqbUUtUjdQZkh5SWxrWWFNS0dEdjZ4Z0p5QjlmT3ZuTGRueTZnQXpJODhmMENBN3hpbENuRVdobWlSMmRYVFZIeldpd2RJRElLcTVxLXZDVW0wYU1JaWNzTkVvMG43T25uNVJOOGJkQXhhUTB3aFVxcGl5eXZrMXkwQkdEdW5MbUhxMkVMaWVtUXQ4SVlIejBLTmtvV2hPdWhpOElDYmN4VmpzWQ?oc=5,LatestLY,"Mon, 08 Jun 2026 05:50:09 GMT",2026-06-14T20:37:43.190988,malware,True,False,candidate,https://www.latestly.com/india/news/dehradun-shocker-woman-dies-days-after-hiv-diagnosis-in-uttarakhand-husband-4-relatives-booked-for-concealing-illness-7463706.html
malware attack Uttarakhand,Uttarakhand: Massive flow of water witnessed in Ganga river in Rishikesh - The Times of India,https://news.google.com/rss/articles/CBMi2gFBVV95cUxOUEROdjh0S0FYS0VFZmpaSVdFd2RHMDI2NjZlN3FsNkR0b2dSVWtjSnlaeGlaazNPMWpEQ3lxa3NVakxrY3ZHdEVHNGRrR0psMEpyOWJzWWxQS29GQUpadkJOcGxpanZVUTNUN01qN09EVXN5OUxBX2l6VWFrank1bjJvSW02OWRYQ3M4aS11NUxGdWlVNHJOSTI4NmpNcF9uQkt3TlhRZDRBWnRpcG5aX0JPalo2Vmo2WkhsRkdFODFNbDRTdXdnT2xGNzNDREM1Zlg0UzBtOXFSZ9IB3wFBVV95cUxPOTZXeWxWeV9USGR1Q3RoUjAxV1BFVFNwdmM5MV90ZEFVYVc2WUJlZlk0cnhhdXAxYnpMQ0Zfamc5cVpiUFViV0FHVk5xZmRyVkxRUHBMSE9FWk9RVTI3cDRDZ0tuWWYxMTViTlVEdzBqZ2NBb0g5UVp2NFBTQ3BCbUlSVDZBMnZlUDh0anh5aU5iLWtLSWF2cUM3amo3Y1RDdTBYdk5jdm91cVlIZC1GYTBScXdzNTN5aVl6YWVsMmVXbFJOUlZhS2cwUGhJMUpGdVJhdFZwU1VrSjNIb3hB?oc=5,The Times of India,"Sun, 21 Aug 2022 07:00:00 GMT",2026-06-14T20:37:44.856053,malware,True,False,candidate,https://timesofindia.indiatimes.com/videos/news/uttarakhand-massive-flow-of-water-witnessed-in-ganga-river-in-rishikesh/videoshow/93687966.cms
spyware Uttarakhand,News18 Evening Digest: PM Highlights Achievements Of 'Strong Modi Govt' in Uttarakhand Rally And Other Top - News18,https://news.google.com/rss/articles/CBMi6AFBVV95cUxNeDNBYmxqTmJxSzVJUUhVVDhSV3I2T1hVcDM5c184dVA4Z1JGWGhjZktUeDI4QXFKdmRvOURoX3JpTXJaR0hEY3J0Mzdjc3RUQVNtLWl2OW5aOUVYa0I0RnpaanJhM2xVZlZRQnlRSm5YTXBKRld5QVlEdk1WRjJFdDAzUTdweUE2Tld6dTZ4WlVzSHJ6Zkx4R3UybVpqT1g4RVpNUFRXTG02NVBjVS1JRTg4NGhOUkFYaFFTRURBZVhlblNYeVNOU0NIdlNMQk9xWEdnWERad3FWM2JmZWNkQ1phUE5MZkxK0gHuAUFVX3lxTE1scXd2TEVmcEhlSXNzaTk1alRUdUFEc1FodHdVaDRVM09rbzA0d3kwNVBkeVlSZHpaZml0UVpoeVlWdkpUZXVYdTBjLUdiaE1ZM3JVMmpSekZHQUlPQ2ZjaHNpTlhrWGR6TnFaZGFGOEdWWnVTRzNHWjhveU9xZ2loUktwTW5ta1hsZUtBTDI4Z2NuVmhGbFRuaFRhTmczNFhneU1sUGJJQlhmVG42bTNqOTdGZlpxRVdpcFY5LXRfaVc0dlNPcXV5VnlETjc3ZVFPLVdqNVNOUjBnWkNTZzVwNVZ5emlla2tsR3BodUE?oc=5,News18,"Thu, 11 Apr 2024 07:00:00 GMT",2026-06-14T20:37:52.235117,malware,True,False,candidate,https://www.news18.com/india/news18-evening-digest-pm-highlights-achievements-of-strong-modi-govt-in-uttarakhand-rally-and-other-top-stories-8848055.html
data breach Uttarakhand,Uttarakhand's disaster management model praised at Brics forum in Puri - The Times of India,https://news.google.com/rss/articles/CBMi3gFBVV95cUxNY1NvUDFySV9DTE1vZ2xmMDRZUnlZTktNV2RNTmZIZXNaLWtrNFA2a0x5R0ZBem4yVHFnTzI5cldFaU85VFJUNGhXd3FRT1FMcjlPU3MzSktNWWY0dGgzZXhPUUVpVEZnbjVhUVdmX0wzMk9lRC1USGN6RkVhdFV4MWhaMlJTR21LYTlqZHlmaElxd0tfdnV0SWNGaEtGblpoV2tHV19Yd0wxOHhLT3ZvZ1FRb0s4QktDTlBCNkNwX3ZjbjhyX2RlZDQxbmo3S0Nta29qS0lHZlByY3NuRXfSAeMBQVVfeXFMTmVCdjFSRU5OLWszb1hYVXZLcTd4U1VzNU1BOXNubDZQaGJXaWRNb21CNjJfX01SVGthSmdUcVJBTmRUWnBLYV9sbmpNcFBJWWdPdWlScF9nXzdiN1kxeWRaajBGWnVhakZIc0g4em95dUhvZEx1VnlDR0pMT0ZaVGUxRmJVSWw3Q3lBYTBvbXJnam5DcjQzRWUtNTM3M09iVTJYWWQ0T2phc2dFVmhlN2VSYUNuUm9oT2RVZU5Yc3Z5MVh6NGMyeG05aVJ5U0lidDQtcFdfZlpKenY0aWRlRTNyRzg?oc=5,The Times of India,"Mon, 08 Jun 2026 13:10:00 GMT",2026-06-14T20:38:07.711244,data_breach,True,False,candidate,https://timesofindia.indiatimes.com/city/dehradun/uttarakhands-disaster-management-model-praised-at-brics-forum-in-puri/articleshow/131589069.cms
data breach Uttarakhand,Over 80 history-sheeters dodge Kumaon police in Uttarakhand - The New Indian Express,https://news.google.com/rss/articles/CBMirwFBVV95cUxPZWxFZWF3TkpDSk5TRmdaUmFabnZoODAtWDlPcklTRmQtWFhmRkRjZ0tpVG5WczFsTEgyR0JsM2ZtNHgyUzZCYS1WN3h2UWZjeDFZbGEzQ3pGVVlzYTJLc3loeldYMTFNYzV5VFZxNUxKZjFrSnFPWENabkxzSGtBWmpTakxhblVQbzJzR1pPMEtIQ2FJajF5SDdxMFh0X3NnWlIxLTJZT29HbndELWdV0gG8AUFVX3lxTE1jS0dTb0l2dEU5bkRQTktIazVuM2tZUWwtc2EzMEtvWlg0VnlqcUVrNGFkVThNUGdLTWNXNmpzRkJpRDhFMG1MOHJFRUM1YXVDU0RTRlZKdGZQWmhfb1pZeDlELVJhU2ZlU2NzNm56WURRa1o1X0FHNEoyQ1BIMHBxbkQ0WHBXaDRFT1djXzNoMjByN1BDbFItV2tSOF9qUFBJaUdQMnRBOHFnZ3Fwd3RWaVZ1ZG4zd0hVQVZO?oc=5,The New Indian Express,"Thu, 26 Mar 2026 07:00:00 GMT",2026-06-14T20:38:07.711287,data_breach,True,False,candidate,https://www.newindianexpress.com/india/2026/Mar/26/over-80-history-sheeters-dodge-kumaon-police-in-uttarakhand
data breach Uttarakhand,ICCR to help Uttarakhand promote Sanskrit education globally - The Times of India,https://news.google.com/rss/articles/CBMi0gFBVV95cUxQdWF4STNwQkQzdHVhYW1Bck1iS2ZkQndyajEyLVZTQmR0UTBabkJDVmtMeThFanUyZmNxbV9XSFc4T1h4ZnJoZWREM1lhUkQ3ZnlRdWkyaHZYUFdCaUwtejQxSE45Z1E1aUtpMjVWZDJEbm1FQjVwWFRtU3BPYXc2dzhyVmtTWVc1STAwWXFOUDc4NUVueE1IV0FiMENpMVpseGpKVHhXLVhzV3E1ZjJ3TGl1VEFyWWdUX0JZams2eVBEbnJCaUw3bTI2X2psVm5PQmfSAdcBQVVfeXFMUGJQUUI5ME5FLWtnRDZ4RkJ4NDlZcVhidUEtMU05ZmV4akxKR0N0LXN5eFZUZGJyYndMbVQ0TTZWYjFwdjIzcDFHdkhFcWtwc2ZkMVZqM25VTGgwbklNQXBlUDl4cnZQaVVsT0Y0RXoxT3lUQW1XejV0d2NRMW9YQUhYTTgybjJHclZzcXlmTVdudWwyN21YTGNiQ0VKTF95SFZacGFFcTlZUXBnMTlUb1d2a2JmTUVTcXhJeUFfVkFzX2JlNHF4WU01QlcxQngtbmZvb3FQams?oc=5,The Times of India,"Fri, 05 Jun 2026 16:18:00 GMT",2026-06-14T20:38:07.711304,data_breach,True,False,candidate,https://timesofindia.indiatimes.com/city/dehradun/iccr-to-help-uttarakhand-promote-sanskrit-education-globally/articleshow/131536379.cms
data breach Uttarakhand,Cross-Border Travel Using Face ID: SSB Installs Border Entry Management System At Nepal Border In Uttarakhand - ETV Bharat,https://news.google.com/rss/articles/CBMi8AFBVV95cUxQTzl0dk5Gci0tMW1CYWxmSlFyZXlVa0xLOS1rS0dKM1h5cHNIVkRZbzRTSzcxMlFoMl9vY0lHcmVITUpkR05NZEFZbUtJencwWnpZS20yc3RFMS1TWXFFcWhfTzFjTFprbzVIMTY3a3J2bk81WmdIRkZwWW5lRjdUN243bFpieUxicXFFWjBmVGFYUmJFVWU5WEc0YTd5Vlg5dW95dncyLU5aU2NiSXRGX29QRXUzWS1oRHVzcm1uZVl1VEhsMk9vZlQ5VFFWMnJkaWdxX3NtZ1NxbXBqd1B1SERnZkRET2x2ZTN3X0UyamjSAfYBQVVfeXFMUGVWcXF1UFVEQ1Y3U3dSM21YYXdDNmJ0QnAxb3VSX1p2QTZteHpHRmk3Wk9jNl9hS18yUFU4WFRaN3djeS1PbUVoVWNMcFI4aHhYaXVxSXJVbEgwT201SlU4MkNwQXdMX3R5UGFUVjN2TlFBb0NFNDZPRy1reHI1VkZfRjJ6cEhKMVNBZmJXSlRBaUdMYlZCZXh2V0NQWWRLTV9mQi1vT3dNdC16enBsSHd5TmtRYW93SnFyenZxM05ha3pHUFM3amoxNHd4UXZ3VGdGNFJ1VWh2WTJyZ2h3RkdOUWdheW9DeHZpbGpWbmVtems3aEtn?oc=5,ETV Bharat,"Tue, 03 Feb 2026 08:00:00 GMT",2026-06-14T20:38:07.711318,data_breach,True,False,candidate,https://www.etvbharat.com/en/bharat/cross-border-travel-using-face-id-ssb-installs-border-entry-management-system-at-nepal-border-in-uttarakhand-enn26020301545
data breach Uttarakhand,Uttarakhand’s rising per capita income shadowed by mounting debt burden - The New Indian Express,https://news.google.com/rss/articles/CBMivgFBVV95cUxPVHliX196ZlA1UEtZSE96VXFqaG9JRktVZzJEdjV4YUJORHBtSXUwaFFUQUtWdEQ0V1hXNDRvWFFudnpGN1JIZW9zZ3p2c1JWSXdUclFhaExnbWlmMm5xOWVtZ3Q5dG8zTWltdGpPS1ZFbGtQMFU3QXRpN3NCcURyOU1JU0g4c2Y0ZXN6TUVYQ0Znb3ZLNUlnb3otdUZXdm1CTGRiMDQ3dlE2MUFNWUNkaFYyV1d5Y1V3MGtvb3Vn0gHLAUFVX3lxTFAwVGNSUWFIZVE0X3FyZm9Gc3BuWGJCcV9PV0p0Yi1zR2RRTEVJNmRPUnVIdGRmSTZaXzBVV2VjaFBvQnVVU1NiZ0lsQi1CR2RMWFJLRGJKMU0yeHRjYmdMMV9UTnZ4a2dYTVVIOGdZakdHMDc3NnB4NEE0NTJ3LUROdUtXS21PX3VqbnFTQ25CUU9ZNkpiVVZVUTQ0RENIT0xwTk1ncG5wc1dwd2VMUnk3X0ttRnJZVEVyRE8tZnh0R2hLNS1ERkdTV1hZ?oc=5,The New Indian Express,"Tue, 10 Mar 2026 07:00:00 GMT",2026-06-14T20:38:07.711331,data_breach,True,False,candidate,https://www.newindianexpress.com/india/2026/Mar/10/uttarakhands-rising-per-capita-income-shadowed-by-mounting-debt-burden
data breach Uttarakhand,"In a first in 25 years, six crore tourists visit Uttarakhand - The New Indian Express",https://news.google.com/rss/articles/CBMirwFBVV95cUxOX3N4WDNRODJ0akpqVDhURlZ0VFlINFBSN0E2eFB4TXNSd1h2MWgtUzByRTJyWGpxUU9WYktBdEpyTXFrSFVNbEtYc1NCcnc3eFpRTWpBWHl5cjJjX3lyVUtwVUxGSDg2dkVXWWdGMWJfZXNjX2N4OWNQc1BZMWJzd2xoVVB4UDcyUUNyYTNiSW9LVnptbU1WWVdtZ2docjJRNXFSSTcya1dxVGM5REJJ0gG8AUFVX3lxTE9jcWxnQWlKVWdFdFhLVDZNbWltZHZza1M3eTlZdG5xLU1yWHFLRHhMdHJ1Y3RWQ2ZWOGo3TTlYeXl3eEVWNndDNHRVcjZyc3Jma2xYclZMQThOUTh0cGwwUGZUQzV0bklUNGVrSEwtZG9vdXNaemZDRWRuVldzcnY5TVNWMXI3VVBYUkwydWtXd3MzNy1HNVk4S0FmVHBOV1hrVVdscEhGeS0wX1NjazVaYnlDdXZoUE5hbkZH?oc=5,The New Indian Express,"Thu, 05 Feb 2026 08:00:00 GMT",2026-06-14T20:38:07.711358,data_breach,True,False,candidate,https://www.newindianexpress.com/india/2026/Feb/05/in-a-first-in-25-years-six-crore-tourists-visit-uttarakhand
data breach Uttarakhand,Uttarakhand: Grave security breach as Islamists built illegal tombs in highly sensitive military zone of Ranikhet - organiser.org,https://news.google.com/rss/articles/CBMi8gFBVV95cUxObUF4MDg3UkJoMmE3clZyYlJvRjZXRVhraThteUlFMG5jYXlsMUZDTU80NXhKWWxHRExjeXFLV1gwbXNDUW5JYndYOU5vaVV4R0F5Q2VROWlCakdkY0llYTZCSWlzQXY2M2JId3Vyb1R5cnVjYmdYOXRhOEVraGNMdllmVjNxSVl2M0VxWEFBWG45YnBpeTUwV0VyTDN0UmZYeWRDR3kyMzhPVTBUcVF2UHh4S1JqNHc3WHF0UUZHZmJHNFIzdHRtVE5ZRVQ1OUpaYmhsT1UxYXVBSzJsVFdHdXF3aTdsOHlPMkFDMGhHdnpWQdIB9wFBVV95cUxOS284RnhHWjVzRkNDQnN3YVlpMkhvT2xTZFNpc1BQYkVoRWYwZ254YllkbXB6RjNjTmg0Z3hKUW1pamdMdFdnczN3VkZnZTNUZ1dQNXh5ZjdDbWd4U3ZHSkZUUTdscm85Y3R6WjdwV3JHY0s2QjVDeXRldjltbEQ0ajBSRWJHaE1YRm9sWkh3RU1wYTFGU0JEOThDS0RqVU1xWUctWm5lYjAwMzZJcldNMFFOYVpqN2JCRkRWX2dKd1ZCTnVDMDR6SXZleXhja3J3Z3o3MUtfYS16VHVvLWlSNDItZ090THZsZ2w0NTF0RnFZdHlKNlhn?oc=5,organiser.org,"Sat, 01 Mar 2025 08:00:00 GMT",2026-06-14T20:38:07.711384,data_breach,True,False,candidate,https://news.google.com/rss/articles/CBMi8gFBVV95cUxObUF4MDg3UkJoMmE3clZyYlJvRjZXRVhraThteUlFMG5jYXlsMUZDTU80NXhKWWxHRExjeXFLV1gwbXNDUW5JYndYOU5vaVV4R0F5Q2VROWlCakdkY0llYTZCSWlzQXY2M2JId3Vyb1R5cnVjYmdYOXRhOEVraGNMdllmVjNxSVl2M0VxWEFBWG45YnBpeTUwV0VyTDN0UmZYeWRDR3kyMzhPVTBUcVF2UHh4S1JqNHc3WHF0UUZHZmJHNFIzdHRtVE5ZRVQ1OUpaYmhsT1UxYXVBSzJsVFdHdXF3aTdsOHlPMkFDMGhHdnpWQdIB9wFBVV95cUxOS284RnhHWjVzRkNDQnN3YVlpMkhvT2xTZFNpc1BQYkVoRWYwZ254YllkbXB6RjNjTmg0Z3hKUW1pamdMdFdnczN3VkZnZTNUZ1dQNXh5ZjdDbWd4U3ZHSkZUUTdscm85Y3R6WjdwV3JHY0s2QjVDeXRldjltbEQ0ajBSRWJHaE1YRm9sWkh3RU1wYTFGU0JEOThDS0RqVU1xWUctWm5lYjAwMzZJcldNMFFOYVpqN2JCRkRWX2dKd1ZCTnVDMDR6SXZleXhja3J3Z3o3MUtfYS16VHVvLWlSNDItZ090THZsZ2w0NTF0RnFZdHlKNlhn?oc=5&hl=en-IN&gl=IN&ceid=IN:en
data breach Uttarakhand,Uttarakhand limits agricultural land sales amid protests & tourism development - news - Mongabay,https://news.google.com/rss/articles/CBMisAFBVV95cUxOWldrbXphS3drNHFfOG5RQ0JIVWpvYWNNWGVpT2llSXZ5NTZxYzdiUUhsSW5aZFAzSlRHQ2t2X2xtQUwydWpBTzFlQml2SnFMZmk3anBJU05UZ2hXS1dfMm0tRWhXRlpwVjB6Wkp1M21pUF9PSUExQTFXWHNXSnlqamlKcmpvNThsYWlHQjJxYnVwU2JWd2F1TjdZdHhQOHkzaVlzWkRKd0dKZ0ptTXZxVtIBtgFBVV95cUxOSDBfYmFqQjZCTTYwNXZlUjR1WTMyV041Y05Ma3VudmZwZjJjWUp4S1hLVTAyajBYMEJwY1BBUDgta3Q4Q3QyNWp4Vkhmc1dQWkhuRWtFaDd3S21Kc1Rfd1JTNTIyWUlqQlJkTk5YZkMzNXN3VGd3d01wVk5tNVR2UmliZUxMWHFGU2tKeEhqMGdhMjcxNWNuQ1NKUmh4M1VfX0NtT0N0RS1zeU4wakxXR0dUVEJ3QQ?oc=5,news - Mongabay,"Mon, 22 Apr 2024 07:00:00 GMT",2026-06-14T20:38:07.711397,data_breach,True,False,candidate,https://news.mongabay.com/2024/04/uttarakhand-limits-agricultural-land-sales-amid-protests-tourism-development/
data breach Uttarakhand,Main accused in Uttarakhand SSSC question paper leak case arrested - The Hindu,https://news.google.com/rss/articles/CBMi0wFBVV95cUxPLUp6WVFJYVM0dTlmQzMyUkJmQkRBQnZSMkY3T0ZjN1BLajlIUTcxMTBQQTJ2bGZ2MGFnajhkY2RQNmQ1aTdiZ2hFRFE4WnE2Vk4wcGRLM0tKNzhtbzZ3NktPRk5KUWZOVDJDX3Q2aDJYVVhnWjBZYm55aWJFZlk0TWpiTzFnZF9ibENpMUV4RVJLUkdZZ2s3Vms1TmJSNkNTRHcxMUpxRzVweGdfTVM3ZHREWFVTVkMzZ2RJS0h0Ym1IYUFzRFRqTWdvN2wyOXY4N1ZB0gHaAUFVX3lxTFB0NjNNTW5tWndlZ05kRzR0NTVGNnh1NEYzcWN6S1pDUGJPUzU3bWZHT3FYZVdkVXpjR3VDOEdQVi1JZXpxWFlTNjh5WGJtZEhaSVdYdlpzRUxoWjFaV211ZnFqUnp2Z0RCVWtaQ3l2QWZnTExOdDJzNXh1NE9hNVFDdjNvUS1MRHR6Yk1DdEtnU0VPWWhibXNubWI3RFB4VTJMbDhZU0dxZTV2Z1JpeXgyUjN1UWlfSmRNNXMwU2dSSGRFWXFwN0FwVkl1ZEoxY1owMWJ5bkN6WDJn?oc=5,The Hindu,"Wed, 24 Sep 2025 07:00:00 GMT",2026-06-14T20:38:07.711423,data_breach,True,False,candidate,https://www.thehindu.com/news/national/uttarakhand/main-accused-in-uttarakhand-sssc-question-paper-leak-case-arrested/article70086373.ece
data breach Uttarakhand,“Economic Growth With Sustainability Is Non-Negotiable For Uttarakhand’s Future” - Elets Technomedia,https://news.google.com/rss/articles/CBMiuAFBVV95cUxQN2dWSjU3TDBjWFlNUjJ3SkxQR0JUOE5yNncxTTBJcS02STQ0MW0wcEhwWmEyNWVJQVlld2hUYUo2SGlVUTJBRkNCSjhrQ0hrYjNNSnBscnlyWnJ0QXhMZk12MFZlMmVBTm5ha29ENnZJRzZJM0xtMl90TzRmRWptUFNlVVBiOEVKaGtveWxCNlVYRkJ6bXNtdHd0cjFrZDJNVGNJaWQwNWJsSkFJVmt6elRjY3lWclJo?oc=5,Elets Technomedia,"Thu, 16 Apr 2026 07:00:00 GMT",2026-06-14T20:38:07.711436,data_breach,True,False,candidate,https://egov.eletsonline.com/2026/04/economic-growth-with-sustainability-is-non-negotiable-for-uttarakhands-future-2/
data breach Uttarakhand,Uttarakhand: Enhanced security measures at Sharda Sagar Dam to protect migratory birds - The Times of India,https://news.google.com/rss/articles/CBMi8wFBVV95cUxPV2xGd3hlVWx2QjRpa1VZT0lBRGJQU01GNkJKRndZLTkxeE9zLTBRRWxSSzhncHZtY0huSUxQR3NIOXZldDdzM3ZrOWFWa2JqSktoNGtBdFk1Zkc1WE1PZEl5ZXF1ZDQzMEUyWDFVYU44WFhLa2hvUGNlSVlyYzRXV0RDemdPbWZkaFhzYmFLYWVlblVGcGpBWjhZYXJrdXh4dnE4MEhTbFhhaG1sX2Exb0kySGNhZ0FXNkhVMHRlSGg0TzNTRDcxY3hZUWJ3UnJDQVc4T2Q2cy10X2NURC1RZ28wRzh6RXBQNzh4Mk5ROHBwdUnSAfgBQVVfeXFMTTFhdnBfTlZfbV8zOGlXYjRjNWdkbnE2cm5pdGJmWHpFaHFRZU95T19OandzRExfLV9TVkpVYzVFUUFWdmp0c1BKM0xZSGlpY1hGZXBEVTh3UFlUcXlUemIwRmJEOHl5M2Jsd0J3YkxCLXNnSEw3ZW83OEYtMHEwWUxDdTNNQWUyaHlMX21oR2NFZm5UbzZ6TFBrbXFKRjZfRDlUUTl2a3hFVG5MUm1yX0RGbHoyejRPX2doODlWaFB5bDUtNldOZFN6MFRKWjJfUjVnN09aRHlfVHdvM2lZV05SQXc2SmlieDZsZkpUbmZVaG1QVlBOaDc?oc=5,The Times of India,"Sun, 24 Nov 2024 08:00:00 GMT",2026-06-14T20:38:07.711500,data_breach,True,False,candidate,https://timesofindia.indiatimes.com/city/dehradun/uttarakhand-enhanced-security-measures-at-sharda-sagar-dam-to-protect-migratory-birds/articleshow/115622604.cms
data breach Uttarakhand,"Uttarakhand: Paper leak mastermind, aide arrested in Dehradun - The Hindu",https://news.google.com/rss/articles/CBMiygFBVV95cUxQeDdPM0JlTjY4YnRQSFJZMUFnT2tKa2ZNTGtkNGJZYTBXc3N1ZWlJWERFN1V6Nl9iQnhRSzlzc0MxQ3A1MDJoQUJxaVk5a2NhakxvaUp5S2FPMXk3MS1HYTM0YUYtVjA1V2czQ0MyeXp0NEFuR1JFNVNtNkNYal8zb3dncUtGNGppYTRsMVdQMFc5YUlTM05CRVpqaGVRTy1WaktWaUJxWGpTdXZNcXZCZ3dCZmlxdFRlNldmcTBnZmg5dTZBa0lHQ2xn0gHQAUFVX3lxTE9PV21GelQ5WTRKNmR3eW9JRTVMZjVVR1dsVkg4U0RzVGJlU1N6cU91aC1hTjlMbHkteWRDTHRfRHJlTERMVW9jZm42alRWQXJEWllaTk9zcHN1b05JN21oNlFvdkFXU25pMjRFYXRHVk00aHQyVklsM0VqaVk2Tlk4eU52aWdQYXlTOXhhVlpyZGZFTkh0WmRXaEs0cmNXcUFzSV9uQnhVUlpPa0ltc1lwTmRzMFdWcTBJZjdrOXRTbnhZbmdSbXRvUU5QN3hQa28?oc=5,The Hindu,"Sun, 21 Sep 2025 07:00:00 GMT",2026-06-14T20:38:07.711513,data_breach,True,False,candidate,https://www.thehindu.com/news/national/uttarakhand/uttarakhand-paper-leak-mastermind-aide-arrested-in-dehradun/article70076390.ece
data breach Uttarakhand,"Youth fury erupts over UKSSSC paper leak in Uttarakhand, CM Dhami brands it ‘nakal jihad’ - Telegraph India",https://news.google.com/rss/articles/CBMi0AFBVV95cUxPbmhFOHVzWXdLQU9TMXhPTWEwdS1Ec25QRFNYempoMDFfNHRYS0lkaHdiTGoyV1AyZzVFbVdPT1JoUXJPMWxfX1V2c25qRmJzVE5rZTNZY1hyY1ZNblJXT3BfS21oTThieDdNZXFSRTVOdXBNWkM1NEFXYnVGWFQ0ZzEwVHhfSXpkVk1lcjYyS0ZzTDRJNHVSWmpGcHV1M1BwOENBUmdsZ1BIM0FKWVBPdDg4S2g1SXowd2lPN2h5RkNieGlfX2FEVEJEUFdqRXhC0gHWAUFVX3lxTFA0a190RWNHM2RxcEhVUXV0cDJRbTZSb0JZa1kyX2FJaHRxemNKN0dVYnJpZ2FLRTltQXRtSnYtbGJuM0c2dHhSUkdiMnBuU1ljMzc5ZHQ4SHpxMmVKZUp3a3lKYlFUYmI5OXMtelAtV0tBbjZDX1FNRnJZdnJZT3lPV2RnTzdtY3V1X2lvVm82ZnU5QlJXLXNVR21GUHpyc1AtbHlyb3FVZUFRekUzSmpSYnhsME1rZUtIdXZxbEItZGx2VUFYOWc2cTh5Y2J3WEE3N1ppM1E?oc=5,Telegraph India,"Thu, 25 Sep 2025 07:00:00 GMT",2026-06-14T20:38:07.711526,data_breach,True,False,candidate,https://www.telegraphindia.com/india/youth-fury-erupts-over-uksssc-paper-leak-in-uttarakhand-cm-dhami-brands-it-nakal-jihad/cid/2124977
data breach Uttarakhand,"Suspected security breach near Tehri dam, two people found live streaming - ETV Bharat",https://news.google.com/rss/articles/CBMi6AFBVV95cUxPMWZadS10ejBPcEVPMmFqRC1BWjRKSEZzVGtya25GUGFRN09BRy1rYml1aHhOMnNBTXUxWWhWbF9fWFI5YXdYQlNZeEg2dDJEdTZTbGRsTjlSUnRyRVk3TVFYU0M1ek9pQ0ZXRklWNVZETHhKQ2dMWXVYS2ZkUzBTSFRQcDRsMFV3empYSXBqcmVURE15cU9ydkN3VkprdXRPVHNhOWk3anFlYmdXeGZ6cGhmVWZ2azByYjhnZEFJZkxDdnktdXMxTXI0VmVSdnc2cE5RMXZVVEV5RFFIMk9May1ObVJZRHdP0gHuAUFVX3lxTE1NYXhraUdZQmdZM0M2LV9GNGZySHQ5a05NWGVUREFlVXV4a2RjMlg1SC05WERYNHBsT2hlVlByWm9HN3FOdmdxcXBpTm1HQllMWGc2Y1FOWV9Ic0dIU2ZfaDJKZHI4V3BaVUxjMlpHU1Q5TEFsUGZsRHFaRi13ZWpObVNpaENIMEFPcXBMNkN2LUJDN1luN3VNR2xkWGtSa0dKd1R6bEdQMHVLT2VFX2xMOEZIdHE4WHNMZmNsM2NGLUNvLW1PTGUzWXIyWFFnLUZndmN0WHRHR0l6M3RkMnh3VWV4bkZkUUFfSHE0d2c?oc=5,ETV Bharat,"Sat, 19 Nov 2022 08:00:00 GMT",2026-06-14T20:38:07.711539,data_breach,True,False,candidate,https://www.etvbharat.com/english/bharat/suspected-security-breach-near-tehri-dam-two-people-found-live-streaming-probe-ordered/na20221119144130086086378
data breach Uttarakhand,"Uttarakhand CM Dhami issues instructions to tighten security of Chardham Yatra, important establishments - The Economic Times",https://news.google.com/rss/articles/CBMi6AFBVV95cUxNb1VKUGNlNUF5eWJFX0pJUEx1YWVPX3BhaDQ1WXBGZVZ3cEpjLXlJaDU2V0dRdE5fcm1NdDZXZ2tEWHRUT2ZXaERBbHZIa2NndWxUUThEZElreFFpVllfblZid3YwY285LVlzVkRUbjNyQ2tXMFNJdXBsM29uWUZOVnRLeEVQaG1uMkcwM0k5OUpYY3dGQ2hobTl5R2QwM0ZQMm9QSW9ESjI1MWV6eUY4WVdBUmEwcU5OQTBhVF9GOURubHNDLU1rZkNhSVRIbEc2Ql9uVGhyZTE2dTJXbDh2ZU54RnM5RlNZ0gHuAUFVX3lxTE0wbktsTzI1Ym1TcTNYODF4QV9XWGItXzZpbHVsTkhzNmVMRklpV1RlYk1HODBDdUYyM0M1dXU1OTUzX3J2WVlMUGdUb1pIUWNKT1JiVFVzQnktc1BzSmFsejRCc1p0eDJkRjFNUFpyS3hWTDR3Mmg4YzF6aUhjdUZkOTZObmdscEVPUHFsLUxGTkpObVlDTWh5ME5kTFRJOFJmdDF0Q3N5cnYyMXI0R0w5cWJyTW1zbGxiYVJ6aThJdW1TVmRac2g2YjdpblRrS21PZUQyZ2JreG9VZ2luYW5SU3FzdDFWX2V3OWtDdlE?oc=5,The Economic Times,"Wed, 07 May 2025 07:00:00 GMT",2026-06-14T20:38:07.711551,data_breach,True,False,candidate,https://economictimes.indiatimes.com/news/india/dhami-issues-instructions-to-tighten-security-of-chardham-yatra-important-establishments/articleshow/120970572.cms?from=mdr
data breach Uttarakhand,"Students continue to protest over paper leak in Uttarakhand, demand CBI inquiry - The Hindu",https://news.google.com/rss/articles/CBMi4wFBVV95cUxOUFpyM1QzZ2d3VDRUVmRjVlFhaExBSFJYYzB0aFVwSjM5VVNVY0lMeWdHREJmVndsOG5ZU2JoYjg4U1lrcFRzQ2R4TlAyN3hibENPRl9mdi1QMF94Ql9BdUNqcVhjdDBHSVFUWGVla3hQbjNxazFnT3lvVnBlVVNEMGYtVUtnNlRBck9rbmVUY2ROazdsZXV4b2V0eVBqVFBQZ1lXbU9INDB5S1RnX21HYnhUVkxPQklsNmU4M0RRZzhaVkZid24zaDV3dGNMRC02U0MwN2JNTTVUSUdMVUR0RU4zTdIB6gFBVV95cUxPQW0zaUdTMWJrdk94LS1HMkhYVF94ZXpxT2VEMnRiaHRja0VaSThBRlZSM2VoQ2UxaWRJN3B6RlZrcnUwenZRWjRIN1lkZWRNX0ppMHFBeEo0SnVqc0MzQXJ1N05XcG5yZzl6SElGcEFKbExsTV9HVVYtLWt2cWprcTQ0ZnBWZll0MHZjNW1zN21VejNuVkx2NUkwNWZRU0dzLUk2U3h2UGxpN0l6V1QzQm5PZ0I2TEtwRkNYalV3WjJacTFGZkFsNWZEYTdWajlnOWJzd2VvY0g1RWlHZ3VuemtMWVpBUllPWVE?oc=5,The Hindu,"Thu, 25 Sep 2025 07:00:00 GMT",2026-06-14T20:38:07.711577,data_breach,True,False,candidate,https://www.thehindu.com/news/national/uttarakhand/students-continue-to-protest-over-paper-leak-in-uttarakhand-demand-cbi-inquiry/article70094178.ece
data breach Uttarakhand,"Uttarakhand's Dharali floods may not be caused by cloudburst, scientists say - The New Indian Express",https://news.google.com/rss/articles/CBMiwwFBVV95cUxOdnZYWl9selpDMEc2ajkyODliXzdaS3pwLWQwQjdmdndRQXRMYkZ2Nm03SGU1Rk1RREs5QkJmdjZxMzQ3V1JOQ2w5a0JzaU82LWhCTThZQ2FVLW1KZ3BtSWgwU2NkQXU3enhqNWpIR2VOTnR2aTUzM2tabG8zMW80VUxPWVVIZ0xZZ3hYcmltTW10UTRwdGpIQVVQVGRjQVNkVWt5U2ZZZWwwV0loOU9Ndnd4WG9nUlFwS2RLa0NCX0did3PSAdABQVVfeXFMTzNrRUhhTlJ3cEMzazF3NzIyTkRkaEI3bmlaUVc3TXVJUkFCU1F5dkVDQ09scTJJSTIzOWxaVW9JempZTHNLR2QyaW56ZV9jVmp4aldjdmtnWnVkOGpydFZpcjk2T0xSN0ZjeGtXbFlvckhXSk9mQzNvSWYwZUxVdE1wdXljMzIwWnRWZGFqLXlIcXpET2JQS3VfbXRNb3djYXVlNUFaRjhPQVh3amN5TkdJT2Z1TlVpWVpWdm84cmE5TGFqWV9NUFp6aW1CREJRaQ?oc=5,The New Indian Express,"Thu, 07 Aug 2025 07:00:00 GMT",2026-06-14T20:38:07.711590,data_breach,True,False,candidate,https://www.newindianexpress.com/india/2025/Aug/07/uttarakhands-dharali-floods-may-not-be-caused-by-cloudburst-scientists-say
data breach Uttarakhand,"Uttarakhand lost 749 leopards, 86 tigers between 2020 & 2025: RTI - The Times of India",https://news.google.com/rss/articles/CBMizAFBVV95cUxNVm9GQUlkWEZMdVktbVRZT3ZIZjNlcGdPb0lzdTRwWEZBVXoxQWxNTTVKTllRTHk0YTFaVTJXNVFBdm91a0ptLXBOc2JmRGsteG1zMDM5S2FucUxpb1MzYUVaUHNrb2s5RzVzbXFmQVhfMk1FNVQ0bGRiQUtlZUlhUHExMF9KMl9EVjZwYzRzWjcwSG1jOGFxNjBWNzhxZEhBRDZiNEpBemt2X1Y0d2JpTzZwZ0xfbWg2TkNCTnJfSEx3eV9YUzQ5QTlHdjbSAdIBQVVfeXFMTzdRazVkQ0lURVJvMUxfaFBlWUt3c3dieG5VN1VfYnpkM3NoOHZTYVh6WDZOMEU4VVZCNnNKTnZvd25yb01vdjRrYnhGT3huTm1IckdRRjB2SjdiLWIyMW1mcThGRkNjRndaNG1OelhQcmxDS2NnbWxVUC1IUFp1c0E4ajJWSklRX2wweXpLaVdoNW9McldobFFKNlpGREZ1cWZiZEpUY3NjTWdxRXloejI5eEloLXlSTXdRZUZSTjNHX2FyNlpHQVZwelRSREVrLTR3?oc=5,The Times of India,"Sat, 31 Jan 2026 08:00:00 GMT",2026-06-14T20:38:07.711615,data_breach,True,False,candidate,https://timesofindia.indiatimes.com/city/dehradun/ukhand-lost-749-leopards-86-tigers-between-2020-2025-rti/articleshow/127783133.cms
data breach Uttarakhand,These 13 glacial lakes in Uttarakhand are most vulnerable to outburst: Scientists - India Today,https://news.google.com/rss/articles/CBMisgFBVV95cUxNeDlPQnVHUmF6dkxsbGtYd3VqNG9QWmJqemZ1dzlNNHFHT3liSjBkMkFUcmhJZ3hMV3lWMEoxUXlnS2gwTl9KX3lmVGFkekc2NHN3azc2eHdpOGItcXhaTnJ4VWlZOWVJX3Z1NlBjandpYmFIVWMyQVlfUVJhYmxYWk5qRHN1ZGthNE01endMdVNEZGx1UFFyanZZYkVPOWRDUW9YNnZtVFFYSU9tQmhxZmpB0gG3AUFVX3lxTE45LUFJSXdfQmFWQXliN2Y4UkZDeFY5OURtTGlINGtiMVZlVHFFdDNSZ1VVTkdqaVdSVUt0OENqaGZKcnQxc2dfRUNnbFdJTlNLdTNheE9vOTdQRnktVUxsWUh1RnhVZG81b0JhV0VzLUxPTTRKdWlZWmMzREsxRUZtQXYyNTRpNVI1NWpsZUxHb3VrcHJPNTdOdDR1bUFuTTJsZ01WQWVXRE5lUVNyNTNsQVBCR0lqOA?oc=5,India Today,"Thu, 18 Apr 2024 07:00:00 GMT",2026-06-14T20:38:07.711628,data_breach,True,False,candidate,https://www.indiatoday.in/science/story/glacial-lakes-uttarakhand-most-vulnerable-to-outburst-2528989-2024-04-18
data breach Uttarakhand,"Disasters in Uttarakhand: 25x more rain, 2100 events, 260 deaths - India Today",https://news.google.com/rss/articles/CBMitwFBVV95cUxPUEJLMERpYmJDZEJ4WEl5RFlkZHU4emdHYzNaNUN1LUxjYUlLNlh5cWlHbEJyUEVLT0pseHBpRGtMTmFxWEcxeTduVjVPajkwQUtBOXlKZm9TS0tSVTFJZmRaR29YUFpEXzYzbEJyb2tPMnI1VmdLc0FHcEtxSWR5V2RDMFVGUEwxVjFpZkpsMFNON1FUWVozVl9leU9KcDBoSEU5WjRFeHZlZ2VrMmN3ekNfTHhZcknSAbwBQVVfeXFMUENUSU8yS1MyWVlLUlV5RTV0NVNvNExGUURQUmwtY3ZkdWhtT3U2b3lkcDJoQzJZU1pmclNXZW5pbWdZbEhCQnVwNS04YTh5czFzUXFDLTVnZm04VEZka19yYzA1dXNZaTFSNGRzVS1Fd3FTVy1mNzNjcm1aQVNlUWFWQXFOVlpBVncyYTdKQm5HQ0hfU2lfTlByTmpQclJDY2dNbzdhb2x3WTBDNjZWT0lkWjd5ZVh3M2Q1SHc?oc=5,India Today,"Thu, 18 Sep 2025 07:00:00 GMT",2026-06-14T20:38:07.711667,data_breach,True,False,candidate,https://www.indiatoday.in/diu/story/disasters-in-uttarakhand-25x-more-rain-2100-events-260-deaths-2789561-2025-09-18
data breach Uttarakhand,Cloudburst in Uttarakhand: Understanding its Causes and Consequences - Vision IAS,https://news.google.com/rss/articles/CBMirgFBVV95cUxQQjdWYTEwbTBYa3BFSEM4Mmp6SGRfNnV0VzJoQ2pxZmZIUEZlYkxsdVVuOF9xQ2s4QzFqVlFFNEpkWWhTUFF2d25jeExrMXJHNGF6TjFWTXpRUXo3eFRVS0g1Sm1WX1F2WXA3TjJEUjZQNnJJWkRad29aeF9hNGZlUzU4Zno5cDBzdURTQUUzMVNfOTNMY280Vk1zckhiMGJVMnhvYTdFZ0ZOcDBkMnc?oc=5,Vision IAS,"Wed, 06 Aug 2025 07:00:00 GMT",2026-06-14T20:38:07.711680,data_breach,True,False,candidate,https://visionias.in/blog/current-affairs/cloudburst-in-uttarakhand-understanding-its-causes-and-consequences
data breach Uttarakhand,"Uttarakhand rain: Ganga breaches danger mark in Devprayag, alert in Haridwar - The Times of India",https://news.google.com/rss/articles/CBMi4gFBVV95cUxOTktSZG5xZmRNUW1yR21Ra3VYMk9MRENWLUhhdWVTV1hnakdhSWF6UWx5TkdFcGx2VV9HS3RIZkJkcDBDRHpxVlVnX284aEcxWk40aFktMGk4V3lyUTFGWWpZYkxGWUk4c3NXdG1LWmNvSUFoVzNHZmpfeE5uMDc3ZVNwZmdFMnJWQzNjbnNRV0o3N29MbXl0T3RfS2Qtdi1hZXFpLU5qNm9Iemt1UXliZ3ViSG5mb3BUbjRkZy1ldWIwRk92eFN1SGV1UEwxWVJ4bHBXRTdLYk9TUE5Cc0JTcWtn0gHnAUFVX3lxTE9tVzVUbkluNnJDOXJTWVZSQ0JPRVhkN3ZMRzhqejJzeWxNTGJSSVh5Q3RuTHdvRHdNcExoSDFQQ1FqOGJ6NzNSMDVjZDVaNWh1M1pkeDZ3aE1CbU9hSF9VaF90dzE5WERIZm1JSS1CcE1aWGgyd3JTc05HaGJVdEFUdTZwY3l5YVZGNXRUVERyMmd3d3dxd0FjRUZ3UGRCcnJEcnNLS2lFZTdTLVQwMW1UVzBNVXhXQkR6WWRGbW9WcGhTYnlFNmlBZnA1NlMtZkxYZGNDeFVGUXV5TFdjcFp4YUNYWVRjcw?oc=5,The Times of India,"Mon, 17 Jul 2023 07:00:00 GMT",2026-06-14T20:38:07.711706,data_breach,True,False,candidate,https://timesofindia.indiatimes.com/city/dehradun/uttarakhand-rain-landslides-ganga-breaches-danger-mark-alert-in-haridwar/articleshow/101813637.cms
data breach Uttarakhand,Uttarakhand unemployment rate higher than country’s; urban areas worst-affected - The Times of India,https://news.google.com/rss/articles/CBMi4AFBVV95cUxPaFRzTkwwLVdYN0xKb2FocTdZQTVUSXh5a3E3ZkN5LWppTlVyckZaeG05M1BaTThzNU0wV3g2eXhOaGZPRTBzTU56R3g4WGpKVjB2QUVtMGtfWUZUaFJ3NVRtX3ZHTVoxdWJleWVrOWZUZ1lJMzE2dmxkSnhid0Ewa2tBVVhPd3UxU05oUXczY1E3d3hZTWZuMmtrUXBPcW9GbXNzZk9zRmZhbDNpRURjU2hVT29iak1XUl9hNFBnSGZwc2RaNjVFcC1jbEctMWx3QjlMZm1FRUE2QmRUeWVZVNIB5gFBVV95cUxPMGpWSFp4aG1hQmtNQXBjN3FfU242V2xLUVY2OEloYlFMelctRTc1eERxLTM1QmFOZU9YemlXTU50TTk4MUJ1OUVnOU5OSHk0WU9wdU9kSklLZWFDS3NWZkFyYUk5WEhlRXljcEg3b1hZTFBsVlljOEItVEtBTHZpOWl6NzNjX2pTczBtMWJOTWM5bkN4RnJQdXNEZmxwV1N5WnNnR1MydnJCNk9kakFfclluMEZXTmhnZGZRLU8tT0UzdU1BY0N4WXNraWh3VG5mZlo4bkpicTFYWE0xMUJ3QmVxS1ktQQ?oc=5,The Times of India,"Sun, 02 Jun 2019 07:00:00 GMT",2026-06-14T20:38:07.711744,data_breach,True,False,candidate,https://timesofindia.indiatimes.com/city/dehradun/ukhand-unemployment-rate-higher-than-countrys-urban-areas-worst-affected/articleshow/69614354.cms
data breach Uttarakhand,"Parents should be kept informed about live-in couples aged 18-21, says Uttarakhand's UCC panel - The Economic Times",https://news.google.com/rss/articles/CBMi7gFBVV95cUxQLTZYdUlYX2ZkbzRmb2RLNjFQWjFfZFNDRnQxLTExdlc4aVZYeXdfSlp4emt3OW41bFFUSWR2b1RKNTZjNXJaQVlGaFYxNG5rd3l6UVdlRG9vYjd1TXJOY3pTSVhNUHdMLXphRGFtb2dlQkpwLXUzS2s2eFMwZ2dvLW9XMHJ3TERLYlZodmRrYUc0QVVjREFqT0lZZzd0WlRKblFTZ3VmTGgzYnZERjNzY1FFZ0JZdkR3c1Z6STFvd0ozelowTm1yb0NFXzYzbkVOQUZrN0s1MjlLMUVOc1MwbHBwSTNNSkdiMktCdE530gHzAUFVX3lxTE1fMFFKZ3pzXzJqLVV2VVdLWUZna1FNQ1BsN1UweHhFeTdiSFVYQ1NfNzB2ZlZudWhYNjJoU1F5bVZhLW80Y1YwcHI5bVhhYnN6VEVjSmVzOGZpZHUtaUI4NEY4YXhYQ184a09NMmpFOEtiNEtKR3NRTE5lZmRva0VtSUp5d1Y1V2ZTUk1fdzFsSWcxSndvc2xiaDhET0lPVEZFU3NWTlVZV1lobXRrY0YtMHpQNmlvMmhfUVM2My0zVDVIdW1wWi1sbFJKVE1UUG45SkxrbDNLdHRObUk3a09NeEpqSDZlR3VEaHE3TnhCY1hXVQ?oc=5,The Economic Times,"Mon, 15 Jul 2024 07:00:00 GMT",2026-06-14T20:38:07.711758,data_breach,True,False,candidate,https://economictimes.indiatimes.com/news/india/parents-should-be-kept-informed-about-live-in-couples-aged-18-21-says-uttarakhands-ucc-panel/articleshow/111692275.cms?from=mdr
data breach Uttarakhand,"Uttarakhand paper leak case: 220 candidates who bought question papers cleared exam, 40 failed despite pa - The Times of India",https://news.google.com/rss/articles/CBMipAJBVV95cUxOU1hkaDNIbWE3VjhnTGl6N25uSkJtUWp6N1NvcjNqZGd0X25rZEd6bmU2WDBqQTJkZjBHQWQycjhPaHZzcFJENTl2cW9xRHdsWk5UVTFMZlp2eEZBd0hCanZNQ0ZTdXFXMFFWSW84TGYyMXJnMnlaR1I5XzBwZENIaGtvY21aWG52VjRzSUh6ZlJjRWp5UFJSaUN5dXVpRFZiRnN5WXRvUi1uZFJxTlprblVZaEJnM0lQWHRfM2VRMmRHcXF0blJtenNBNm5wMzVGR1dKNE1FZFFWZklGYkt2LXA2SUVJb1RIaDhLb2JhcEd4MURQaUJLRGlUdm9uQkxFTkxaa1hZWjV2eU1kdjVRSTBiQWtRM2EyUXhCUEtQMGliQ2Iw0gGqAkFVX3lxTE9yd3lvT1ZpYmF3STM1X3V5Z3E3LVZnRDJkenpNQjNlc0FrajN0QkFwVndQYmZ4NXRHWHBTWWhZODlvbVVDSm1Ba0VvdjZUaVFzYTdKRmlERC11YkFFQTJDdlRDdzB1d0lnaXh2X0xmVHdjTUdwSk1BM2xDcVN2RUR0TEZTMDZtNElsaG5DcTVUM0NMT2ltcllZc0ZPdlJCUFlZOGROVi1VdkUzS1lBd05JNnVQSHZTUVBVTFB1ckxRTGNqdG1vMF9DdDZobzlPY3NMV2tmYzhoRGloVkFOM0dHd3pFdDFudEdURkZEeGctSmtsLUZWaEcwRUxwRTVoZTZYYXFoOTE3TWJBM2cxMkVYclRJMERJWXY1eDhsMXA0ajNsU1B1Mld1T3c?oc=5,The Times of India,"Wed, 07 Sep 2022 07:00:00 GMT",2026-06-14T20:38:07.711784,data_breach,True,False,candidate,https://timesofindia.indiatimes.com/city/dehradun/uttarakhand-paper-leak-case-220-candidates-who-bought-question-papers-cleared-exam-40-failed-despite-paying-rs-15-lakh-each/articleshow/94059061.cms
data breach Uttarakhand,Uttarakhand government’s decisive response to UKSSC paper leak shows zero tolerance for examination fraud - organiser.org,https://news.google.com/rss/articles/CBMi5wFBVV95cUxPdF9sNFJ0bzVvNzVmbklVeHg4RldYYmJEZ1lnRzBwYnl5dlZlbGtZMWJZUkR5VzRjZ1R3WGFTS2htYnJOcTFsMGtaQ08xQnI1QmpKSkRteGJTXzZFOXM1Ui1ZNGpHZjdqaHU3Ync5N2YwUkJ0cF8zaHBVdXNDYlhYOXN0am12ZTRpaTlldlBaejRERkw4WE1VUlFQdWo2c1RWUWNYZHMzcjN2SHZ3MXhoOVNaUTZ5RURlQnc4aW1hN19TZVlwQUwxeVhLeEozaUZyNnlHVzZBRWF4XzJia0xOMHhuVS1uY2vSAewBQVVfeXFMTjdPbHYwNjJ4TjdtSkotc1pQTFI2WmZqNzFhSHUzb0RQRHNuTklXTVB1OW1nejgzeGU4Ml8xcmt1NllkOGp6SG1BZmhEc3pHNTdoVEctVktVdV9FZklZV0pXSnV3TExBb2c0bHNYdDZpTFFDcFZPUnFsTE04c193ZnU4RUlSbVRqaDBqLTVvMV81eDBWdDJFUUFlYWZ0NVI3ZFB5OGZRMENTOFpWN0tOVHFmbnNaMl9pejV4WGhNRHpuWTZRdEd2RmQwZzlvTENSRHBkMU00TXcwbkFINld2TFl3YXZiUFZiVWY0alE?oc=5,organiser.org,"Tue, 23 Sep 2025 07:00:00 GMT",2026-06-14T20:38:07.711797,data_breach,True,False,candidate,https://organiser.org/2025/09/23/317419/bharat/uttarakhand-governments-decisive-response-to-ukssc-paper-leak-shows-zero-tolerance-for-examination-fraud/
data breach Uttarakhand,Parents should be told about live-in couples aged 18-21: Uttarakhand panel - India Today,https://news.google.com/rss/articles/CBMiygFBVV95cUxNV3ZRblBheTZVQkprZ0dHVWlHX0tiWjRyWmtfR2htMlg3SjAyUm1FYnZHR1pJSENjSjdJUUZOLXNWRW9vSXhKLXpyakM0QkRiS3ZYWS0zZkZpelJDMENxZmhTcUJrb2dldzdESS1NU0RtaW5ubks1aXVmVTY4bG9YQ3F3QVpMbkRjUUF5Qm82OEoxemhZSk9VOVFKalpzSFZJT2RCcFdIa21xNjRuMmdqOXFLQS1naEY0dDBLVkd0Y3pJNGt2SlJpa3J30gHPAUFVX3lxTFB0QUVyZkROaGlnOVZzOXNNdU9fc0FTYzZ0UGVra1NDSEJRRENxY1dCd2JiVnVNOHZBLWZoTWN4OEhVVVlJYUI4b3E1OEtSMGhBbTg3WVl2RkFGSVZ0N2lrZEJyS1ItM1llZ1R5QTk5LUd0UTgyMEZOcnExOV9XMWkwYXZuczBQTTFCOFA1U3hnT3FFMzlpd0Zzd2llVHJMeFpreFNuSnQ2VW1zclozNzlxbF9MdEJ5YU1UVGdDUFV6V1VwRXpPQ1BuVDlUUnlVMA?oc=5,India Today,"Sat, 13 Jul 2024 07:00:00 GMT",2026-06-14T20:38:07.711825,data_breach,True,False,candidate,https://www.indiatoday.in/india/story/parents-should-be-told-about-live-in-couples-aged-18-21-uttarakhand-panel-2566208-2024-07-13
data breach Uttarakhand,"Son caught cheating, cop ‘vandalises’ Dehradun college office, threatens teachers; watch - The Times of India",https://news.google.com/rss/articles/CBMi6wFBVV95cUxPWVZwcjR0ZzJCbWRodlV0TVctT1NWSE81eEtVdFJQZlh1bWFFSUdnWXpwNy1mOGlhQWJXZllIRVZtSDRlOHAtbmVpSGNwM0JlNDk1b19mX2lYM3c3SkRJLUdVbnprdkJSOTNvU3VQVjUySm1PWkVyR1Mzd3l2c2FZbUhhd2Q4QUdDcmdRUDdFbXh4YlQtcm45WVZEWFI2MnhuVm9faE90b0ZoR09uY09JM3VBVHl1c0tDS1hKMHpqazdxZFo4UllUQ19mUGZUaVRwUXN2ZWQyZ2V3ZW5lTnZpbVVvNDR0czM4NGc00gHwAUFVX3lxTE5Jd21VSnVsMjZVWFRNaHNOTU03LUFQT1RCTy1vZ2djU1BPa0k5SFRMWHdlbWoyWFYtb0hpVmpUTTU4eURVcDV1aDhOckZJSlpzYXhDWXgtZE56T3JzRFhYYmhRM2tEcU85RVY4WTlGOGdZdndQMEJLeU8yRmlFZjdFaHkweDh1cC1CWFBQVmNZcmhOY3dXQnlwRk5TYnpqUk9vaTRYWkdkNW51bDV4SDJBRmp6VXdIYU9lT0h4Q2JjaUVvWFdyX20yLUgwX1NJRmpBaXkwLVNvNHFPVV8xQ2RjUUg3ZDdBYkxFSW5jYjNfRQ?oc=5,The Times of India,"Sun, 07 Jun 2026 16:38:00 GMT",2026-06-14T20:38:07.711838,data_breach,True,False,candidate,https://timesofindia.indiatimes.com/city/dehradun/son-caught-cheating-si-vandalises-polytechnic-college-office-threatens-teachers/articleshow/131570073.cms
data breach Uttarakhand,Uttarakhand students protest paper leak - The Economic Times,https://news.google.com/rss/articles/CBMipwFBVV95cUxQamxpQ25kY0tLZ3E1X2RqTXpmeTByY0trOGNMLUF4OTByT3NVdlBCbmNfaTRCOVB5eS1pR3FCUGlPRWhEQUxad05MUGVBQm54X2gyeHNrOUVEcndYdm1ock5VSnlQVVdfc3pPZDdRY2J2Q3JXejRLOHRKd3ducjAybDNTS0cxQnZfVmZidjVtYmxfSTJuMWxvSXZyUThleFlvZXdsX3hYSdIBrAFBVV95cUxQU2J5eWIxV19OYTFVdUxLYmZRWGY1TVVReDZ0cVhIcWxOR0Y3M29vZzYtV1YzMmN4UzVJYUR5Y3lhT0tqbjVtS1AtMFMwaWtaN2g1UUtvMkk1anFUX3hBOW1uRElmM2xxNGNHNUdBcS12eFRiaWFvNzRuZFMyVHh4T2JaR3ZCa1pyY0RkSzlCTmRyS2xLVFZ1aUZJWE5nNTNCXy1nRXFhYlEwbVJJ?oc=5,The Economic Times,"Sat, 27 Sep 2025 07:00:00 GMT",2026-06-14T20:38:07.711852,data_breach,True,False,candidate,https://economictimes.indiatimes.com/news/india/uttarakhand-students-protest-paper-leak/articleshow/124185084.cms?from=mdr
data breach Uttarakhand,'Paper leak': Uttarakhand cancels graduate-level recruitment examination; to be held within three months - The Hindu,https://news.google.com/rss/articles/CBMigAJBVV95cUxPNm9ob3FFdTdaeVowSFpqZDZQM05IREFDQW9NTlRxdnRRbkx5dDhhTUNzdE1VSUVOcVltVncySVppcmJxVmozRmlkaVVhUUdTT2lVa2xibXZodXVqbXZrMmRlNVJTaXV5cV9qZHBQU2psdnZ4Smk5LVczYW5Oa2FPaC1FM0VPdEEzNHFNZjBEUUdzVDV5RHN2NUxac2tYQXlKTXFWQmh6am5xcWtYdlQ1U2lVR0xka284eEc0RG5aVHVWVmtxclJQT3NqOG16Z3kwblNZcWF3aG8tdnRoNTYzZk1LbWdQcEV5UHJTM3hJaWhuWXlDekk3VDZucnMtNWFn0gGHAkFVX3lxTE5EaTZBZ2lIbnhud0R2RFNxOTMzSDQxaHZfVkJYVWJTeElQbDJ3QUxOS3dqeUNTM0NrRTZJcmdLS0d5WHZWdWQtRVdGUHNOeXhnZGs4MjFkQWF5R0pMcTRVNHhQaGI5czNJeXdkYXdCbGVNVjE4T3JIWlNUWG90dUlPTWVCbTAtLWpaU2FUVE5zVmpZdjlyU2kzQVlTbEZfTURESThwTGRXYUFwQmNBR2M2dGl0eVJIUk5HSUw3S215TklTcW9sdkdZWExQVXFzNmVHUlhoT01LNEJsNk5WV05OMkZzSWNwMEs1dUQxRTBjWENyamFZOEJBSFVlNjhGWnpKdDJvTlFZ?oc=5,The Hindu,"Sat, 11 Oct 2025 07:00:00 GMT",2026-06-14T20:38:07.711865,data_breach,True,False,candidate,https://www.thehindu.com/news/national/uttarakhand/paper-leak-uttarakhand-cancels-graduate-level-recruitment-examination-to-be-held-within-three-months/article70151741.ece
data breach Uttarakhand,"Heavy rainfall lashes parts of Uttarakhand, landslide hits Maldevta area in Dehradun | Dehradun News - The Times of India",https://news.google.com/rss/articles/CBMi6gFBVV95cUxNN0dRLS0zTEs3TVN1ak9GVm5aZzRGUEE0bkFYYUYwZVBvMUs0bWNQdFplX2VrcnN3dkY5cDRxemJ5c3ZoeW5jbWhXT1B6RTA2UUFHenZfbmV6T0NvZ1FQejlXTDRhRWRrLVI3dU1oYVU3dEFOUVVVX21OTG9kTkRfakhKTl8tS3pZX1dXZmNfTF9GNk9LOXNnQVR4R0tldXRrSG5fM2FEcXAwUDJFVkZyWDJvWV8tNjZxSW16ZHFLUU92b1p0Mjl6SHRsZGtOTE5jSTdyaXN6aE5xWTF6SlBTOE5fck5XSzlCSnc?oc=5,The Times of India,"Fri, 11 Jun 2021 07:00:00 GMT",2026-06-14T20:38:07.711892,data_breach,True,False,candidate,https://timesofindia.indiatimes.com/city/dehradun/heavy-rainfall-lashes-parts-of-uttarakhand-landslide-hits-maldevta-area-in-doon/articleshow/83409988.cms
data breach Uttarakhand,Uttarakhand Tragedy | Climate change and its imperatives for energy security - Moneycontrol.com,https://news.google.com/rss/articles/CBMiyAFBVV95cUxNVGFMVUpKV0pRRHRaYzlKWm54YWp4VTZ1YzVGbGE3eDFQdmNodUQ1YkxmNy1WQlN5SUd1a3E1eVNZbTBaTDEwZFFGbVhmU04yeDVnbk42QktaamVhQXN3M1BYa3hFSlo0REpORFljUlhIVkVtRzN0QmdoZFV2Z244ZEFTc002SVloMmdFYjlOa2VjeEkxbEtzUWFLcnptM0pseXBWc0pFVk56VWY5aUFCTHA0ZW9KNVhyRV9pRGI2ZDhvZnhzemdocNIBzgFBVV95cUxQZER6cmh2V0t4cFdYcE5KYWVPTU9OUjBMVkRDWTVURGxsQWpYeHg5NWdCZDE1WXAwczVYcFBzVUtTa1ZZNzVfd0pnR05teU02SW10bkNDc3JodkFlQ3dQeEhyMzRoT1NRdERaQWo2dE5mMmNORVUyemVNWWU3NHpoaDd4NmNfZllXUkFzUFNEc1BKblFEUl9BNHJQVGRvbU5HZF91UEJ2WWFyektLblRfektFODVaWnVIUzVCOGdtd09TNVV5dTlvSll5RjNMUQ?oc=5,Moneycontrol.com,"Fri, 12 Feb 2021 08:00:00 GMT",2026-06-14T20:38:07.711905,data_breach,True,False,candidate,https://www.moneycontrol.com/news/opinion/uttarakhand-tragedy-climate-change-and-its-imperatives-for-energy-security-6498941.html
data breach Uttarakhand,Uttarakhand tunnel collapse: Rescue op hits another hurdle on day 6 of ordeal | India News - Hindustan Times,https://news.google.com/rss/articles/CBMitgFBVV95cUxOVDNRYWJHaXhiUkdiR1pUTXVuVkZmYm9jUkRaUHVKMUR6MUlHTWNGVUNuUVpXRWI0RW13dnZVYjhjeGlpR3poeEVocUwxM3BTNHNjWDlwa1d1cmpWNWtjQ080akRSWXd5ZG5jdGZORVhMQjROM3NwOWpUUF9YTjUzWDBmYmI3aG5Cb3EtMkd1YWE0eUo5ZTQ2T01xYTJqNlJDN1dKa3M3dWJpdS1VRlJDdEctU3Nzd9IBuwFBVV95cUxPbGxhbHdxeTZPQ2I1MmdtN1dUZFI2c0pJcnBxeHJhQ0gxWXY3YTBNSVp1SWVEdDlIWWVzUzExME4zY3owVzJ1YmJuQXhlQXVrU3kyNno1QVNyc3JUZGEzcWF1QzBkNlZCaktTZzJBZ0JGUjZUZzNKd0RYRnhSaDhxZHkzUk8xNkFoSTdVeVJEQ3pjaTJEeFpVUFlsVEVuTU02UFRHNVYxdXczTmhfOVRNd3NTSzRwS0tuUU44?oc=5,Hindustan Times,"Sat, 18 Nov 2023 08:00:00 GMT",2026-06-14T20:38:07.711918,data_breach,True,False,candidate,https://www.hindustantimes.com/india-news/tunnel-rescue-hits-another-hurdle-on-day-6-of-ordeal-101700245786594.html
data breach Uttarakhand,"Uttarakhand: Breach, avalanche? Cause of flood divides scientists | India News - Hindustan Times",https://news.google.com/rss/articles/CBMiwwFBVV95cUxOVTBIcHBHU0Q4RUEwQzhKdXlmamNTOVJlM3hCNjhlcU1kTGMtSFluUzZfRFdUUWVTN1ozejVuNWg2QWZ1WE8yNUhUeXZ5OFNLeERtSW5odDlBb3oxVVBHRzl6d1JIekJyMVF5a09JazRzalBfTVdmNGw3cGxwNDZBWmRtcDhGcWNiSnoyVnJkRHFsVEVNMnhPV0F6LUpqOTRjRndjZzZERUFoUEQ4dVdPOXB4RF9mdGZYRDdBQWhUR2xQdknSAcgBQVVfeXFMTUc1dlhyekhPeWJLSDludDA5MUJNLTB1R0RWc01JaktQLWtkUUVqeWVHcVZjcUw3X3Q0TWRoTkZObElpZ2hmSUlJdVB2MHpzVzJPZWMtSjFKT09fVnJjNVktSkhwYVI0ZXp1c0xyNXlvZThtTEZNQ3luM0VDUHJUdnpWQUwtaTN5N241N2dBczdSUEJrYXFCb0dqTV9lSVJrd3NNZHJRMmcwUk9ocFFGUXJ0LXVGZlQyV1RrWnFuLUNud3N4MWNNazI?oc=5,Hindustan Times,"Tue, 09 Feb 2021 08:00:00 GMT",2026-06-14T20:38:07.711931,data_breach,True,False,candidate,https://www.hindustantimes.com/india-news/uttarakhand-breach-avalanche-cause-of-flood-divides-scientists-101612810224493.html
data breach Uttarakhand,Uttarakhand clears stringent law restricting sale of agricultural land | India News - Hindustan Times,https://news.google.com/rss/articles/CBMizgFBVV95cUxPRERMendGZXZNeDRkUjlXRnA1c0ZobmlTVFRsb3hKVnFUQjJBbjI3dkhJbzNtQlloM2pPVEZuYjN5QXdHZnJ5U19ZbUNjbUlINFNJb1dWcWhUcG1LZ3FHZHM2MDM1SGI3QUl0MXJMUmZuMnZlT2NaYzZQUW9fQmZ3VTlTWXlJWVRIbG1wVEtPN2NRMkZWTExzYTlCWGFxZkFjaVlmMnVOZjVTZ3FJNWJ6dlVBYUlkNW8zVVVpT0dYQXJWTXl1TTFCcDlHUDVld9IB0wFBVV95cUxQN0tBYldoUTBDTEdsdXRhRlRycWttS2xickR4Qk5WdUttRlJLTkFCUW55Sk8wRHY5VjRWTFZ5S09fTjJHeEdvRUQyNGFkd2NaOHlHTmsxWDZfZmJlSV9iSGgxRHJnUkF0eVZpUlNWX3ZMUXlWaWVITGJ2LThPOTR2czA5OHI3YUxfbTNjQnBJZzlMMllKMFI0WmJ1bURaQW5tTXVESEh0VjdsRWVJaHFlZ3didVdxUFNBWGllOTY0eGJEY05YYlZUd285Sk5XSjgzZVQ4?oc=5,Hindustan Times,"Sat, 22 Feb 2025 08:00:00 GMT",2026-06-14T20:38:07.711957,data_breach,True,False,candidate,https://www.hindustantimes.com/india-news/uttarakhand-clears-stringent-law-restricting-sale-of-agricultural-land-101740163237325.html
data breach Uttarakhand,Uttarakhand glacier burst: Experts cite impact of climate crisis | India News - Hindustan Times,https://news.google.com/rss/articles/CBMiugFBVV95cUxNQU9jbTlkeU0teWFGUEppMm16dkU5TjQzSkNrcnJTUXp4YzFNRmk2aXNDZGNVYzdRSTgzOHk5aUZkRHVLSFhNWWdLektoV0M3c3doeTlHVEdlVXI5cnNpUU1aY01sSG84UF9HOFUxZV91VTk0MEV2XzRoaFBwbm9ZUjdUSUxYZk9NSDFndkxHWlNpMDFkendEUWlsa21XVjhpSzU2YjRpOXQ1WE5LaWJVNy1ENFJsS1lHX3fSAb8BQVVfeXFMTVhhdFJSbzdUN3V4d2RBOWkwRjN0VDVXNmRHQ2UwQjJCQjdjd3pibGtNdGdSNFVwX0tqRnEzbFJCVjJxTmlZN2NEVHB3Q1BmQWx3SzV3TjlwZUdDSWF1a2NkX0VEelFyUGdEUXdEa1V1azJPV25pMmZIcDd6MTgzRmdFbHFpV3ZxZGN1NFpHbk1ETENZd3Z6cGp6SjR6ci1qdFRLaHpvQWtzNjlJYmZMazU0bkQ1b2RMTW5QTmY5NzA?oc=5,Hindustan Times,"Mon, 08 Feb 2021 08:00:00 GMT",2026-06-14T20:38:07.711977,data_breach,True,False,candidate,https://www.hindustantimes.com/india-news/uttarakhand-flood-experts-cite-impact-of-climate-crisis-101612730031647.html
data breach Uttarakhand,13th century coins found during digging in Uttarakhand | India News - Hindustan Times,https://news.google.com/rss/articles/CBMiygFBVV95cUxNekY4ZUFlM0E5VC1NQ2RIMG9GSk1BTjM0QXV5MUFOUFJkb0lhZENWWWM3UmptMmdLajVvYTRtSGpuWlVOcndhXy0tZ0lZTFNjc0kzbnhnV3F6ZlVoeno1dHItU19vZVpoV2VVWlRWUXpHT0J0aHhyOXdVVGt2YXlURm9JZmNYR0JDMHd2RVkydTg2c0NaTFFMQzZmZzZWMXEwYjV2U0xqU1daejN3Y2h6NDNHd0FyR0hKbjNIMFExMFE3aWdNdW5FX3J30gHPAUFVX3lxTFBKQWFLYk1kV1VLM2tkd3VPbXFkak5CNVRsam55R084X1MzR3ZVQnJKMFFqWHVveGNnU29NQmdXd2FWUWpVeTdYS2ZsaVQtV3lIT1hyT1hkZVh4eXhndHZpa1NXdG5hay1XSzlEOUc3X1B1d3g3M0Z5YUJta1k3d0pDMC1UakRNNk5aZk90NktOblhINHhMRzNESUJzWEpVeDZqZWVXYlRodEVJVUJaY0NsZ3FMZDdwM1Y3NWc1NXRsZnBLanpkVGlvTlZwamN4Zw?oc=5,Hindustan Times,"Fri, 27 Jul 2018 07:00:00 GMT",2026-06-14T20:38:07.711991,data_breach,True,False,candidate,https://www.hindustantimes.com/india-news/13th-century-coins-found-during-digging-in-uttarakhand/story-Dyp7Q3minLVzM6beKSaSvM.html
data breach Uttarakhand,Uttarakhand Flash Floods: Water levels surge up in Dhauli Ganga once again - ETV Bharat,https://news.google.com/rss/articles/CBMitgFBVV95cUxONXp4YTNrN0RlcFBkQ0RjTTdxcnpiNk9QaGFMdDMyWmx5bnExY3ZmazRmQ0lma2ZReEdSZTFRWDNPZ0VjTzVwZ1NWMGhCYmhqZTg3TFVSRlhpSjdPY0FEWWQwRGV4cmhiMEpnM3lMb2c0UlR1SFRIeXI1VmprTmxUTHFhMURCcWZHeWxYaExlZGR4LUZ4aHMybi1xZVNfbE41LWJ4T3gtV3pSNEsyVUZmbHhYNDVid9IBuwFBVV95cUxQR0EwbFlNQlM3OXlGWVV4SU9mVXJSQ0dxVnNKR2xnaEFzbGR6Tk9jOW9YLVByVDBNSXZuSW9KaTJUYzBXQ3dSdDZlYUwyZjhGdWY4UUlMWVlIRkwyMG9KdWF3Z3ZqN2kyNUdvMmVEb0FodkozMjVIdWhHUl9mcXN3VnpkYmZLNzVVWUMxdnJxcVU4ZjJiU1FCUDFCcUY0eTB1Y213cXhISWdKekxZZlNrSmZiZE05UFpYcklj?oc=5,ETV Bharat,"Sun, 07 Feb 2021 08:00:00 GMT",2026-06-14T20:38:07.712004,data_breach,True,False,candidate,https://www.etvbharat.com/english/bharat/glacial-lake-outburst-reported-in-uttarakhands-chamoli/na20210207115204267
data breach Uttarakhand,"Uttarakhand’s Shubham Bansal cracks IAS in third attempt, secures AIR 43 | Hindustan Times - Hindustan Times",https://news.google.com/rss/articles/CBMi3wFBVV95cUxPMS0zM0d2YTZqX2dMOVYzdmhRMFRuNU4tVEU0ZmdQVXVqWl9TS3RZbUVsdTFrUUNwWjBTV0s4aUYyLVNWak1BelIzM0NkLUczQUtTdzFGaFdUQjNEaEpQZzZzQThxaFJpQW8wT1BxcjhldEhFTU0wY1hYM2ZVQXRaR0ZkN0otWXY3R21kNk1fWVJDR0lmRkpFUnYyY2FJU0lUX2lRbTA2SV9SckVoMGtIVUJaOWR0aDF6R3IyMFRFTVRvX2V4bGtuMXByLUhGLWdHYU83ZG1sakswbS1qNnFB0gHkAUFVX3lxTE1SLVlLY3F5OHUyT3pxdGJlSzBtaUd5TWY1V21CSTVwbWk2dnB2MFk3b3RscVFWaV9SdHhsQU5KREw4TEVCMkd1MFFPSFpPQ2lwRXcwT09QeVBpdVM5MzY1VEdmUHhadEdiUUItbmg2bFlWTVpwVlViUDNpTTIxNGNpTENZWEFNZU1QTmE4RHZWX05oMUFKYmN4M1RjbE1sSWlVRzJiYl95MEZvR2pZYUhCenJIM1g4V1RnZVBMSFI3YWdQaFhhQjB3S3NIQldCR1lYWE1Mbldsc0pWSEF5aDdGOEhxNQ?oc=5,Hindustan Times,"Tue, 04 Aug 2020 07:00:00 GMT",2026-06-14T20:38:07.712016,data_breach,True,False,candidate,https://www.hindustantimes.com/education/uttarakhand-s-shubham-bansal-cracks-ias-in-third-attempt-secures-air-43/story-A6B8Aypu16DX2f6WYF3dSJ.html
data breach Uttarakhand,"9,603 people tested positive for HIV in Uttarakhand in last 16 years | Hindustan Times - Hindustan Times",https://news.google.com/rss/articles/CBMi2gFBVV95cUxQUFNpVDFoSkxKRWhHSFZCSGlabG1RWlBwYmR1OGtpSnVGaDVxalJxWDVnLTVzdmZmaGZ4WUt4WWlfWVR4S1QwOWs2ckZOSFJSdE9RY09yVWxPaHpmdVJHSXZJVHRXNDk2Y2FzX0pKd2tNbzhhVFMzcktyRlNIeldrdWRMbW1vRVVwclV6aVNFSGNUZHZBTzZaRDIxbWZsOVFnaGx3bGJ2X21sajU1X1N3Y0NNbkh6dTdUckh3VFVvQnNSZHoxZmVIdXhZZjlENWV1WUtmOFAxTlJyUdIB3wFBVV95cUxONDRBclRnWjd4M2tfWHRoeGpFdk13TjdydW9VZ09rR2VqYy1IbzU2N01hUVFzR2VnQzZuVUlaNVNiZ1dzcmI2elA1SVhxNlFTWmFWQkQwRTNTeEN0MFZEallCZzZGbmhiLWpuMHFyaUlDOTJaZTZTa3Vza0JjM0FFWC1mMDhfVkRGUXp4dlNrVVJqQjZiSVRNaV92a2dwbzdyaWQ4OTFFUjN0N3gweEo1T3FubHl5bU8za3FwX1BzWEdPN25JdldsVnlKVl9XbmYxcnZTS3M1T2IwVDEzRnlr?oc=5,Hindustan Times,"Tue, 19 Feb 2019 08:00:00 GMT",2026-06-14T20:38:07.712028,data_breach,True,False,candidate,https://www.hindustantimes.com/dehradun/9-603-people-tested-positive-for-hiv-in-uttarakhand-in-last-16-years/story-8avVMSZLFzFQKVRTMs87lI.html
data breach Uttarakhand,"Om Parvat Of Uttarakhand Goes Totally Snowless First Time Ever, Leaving Tourists, Officials Worried - Outlook India",https://news.google.com/rss/articles/CBMi0AFBVV95cUxPcFhsM2g5WFhWYVF1eVdvLWV4c2dtR2RNTEkwZEhscWtIanFvY1lIZVFxanMxZG9wYWRfNnpFQWZsakFKa3BDeEJPS2hUbFJmRWdVU2kwUGtCbXNtZ3JvQUZ4SkNIM0ZqSjgtVTBNdU9razFaV1ljQVloN2VzTllNVzNJeTFGaHY3N3BDMUdLX21US2NfS0RIakF4YlM3Z1dxUjk0VDB5bHJvcWVQcWFtUkNncGpIb1Nzd0dPbG9HQW9CTE1ZaWtya1JpRHAtdGox0gHeAUFVX3lxTFBvVWp1V3VvOVVBYUpWSXFVS1NVdHY1eXRiNmNxMC16ZS14VHB1Zlp2Z1BDQXJSam9MV1BLZDl6dWVja19JWjNOVERZVDVWc1UxZ01zS1l1T0pZbElFVzAwVWd6ZVc0ZlVMLXVranUyZHN4VFVFWFlXR3M0THRFQ3BsX1RjUFB5ZVdKZENBLUMxRjk0dER6SVRCNWx3REdJa1dUbDRnUHZyX0tscUg0M19ka3Q5X0FHbzdyTEFqYkZiYzEyOHhVQjc2WGJtVjlhRXJtMWFZQ2RsR0V6VlEydw?oc=5,Outlook India,"Wed, 28 Aug 2024 07:00:00 GMT",2026-06-14T20:38:07.712093,data_breach,True,False,candidate,https://www.outlookindia.com/national/om-parvat-of-uttarakhand-goes-totally-snowless-first-time-ever-leaving-tourists-officials-worried
data breach Uttarakhand,"Chlorine gas leak in Uttarakhand's Rudrapur; SDM, DSP among 34 hospitalised - The Economic Times",https://news.google.com/rss/articles/CBMi0gFBVV95cUxOUlE3QUM5X3owUWRkMUx3cnRKRldvOUhEbTBoMndDVFlmNEl2ZDJacGN1c1Q4dXdfSlBjaGNVdXA4SHlJeEhtZTdXZDNmbEUyZ1hJWXZnLTBET3NJR3dJd2VzZlNjOVdydFdNQkI5UGQ5MVZ4aVU4dmdjUFdwQm5ocFZYdG1SbTl4MnNjd19NeUMyLTl4SnpOOXZ4anpnRjBsenNkYURrcmlkNGp2bkh6UVg2c210LUVSdGdFYktrMU9SWHJ4UlR0OEE4Z3lWWWk3SXfSAdcBQVVfeXFMTi13a1VuUXBwS3BtX1pzY0ptS3JWM3ZPVnVtOEpWcGR1d3hwY2Zlcml1LUZ1cEZzSVlXeUhtTUVLdi1abHBRSGVhU2d5VmQ1SWw2U0pUMHJ3WnhwY3B5bG96bzUteWZIYWdlZjJoY0pYY2dWRjFLOEZkZ2YyTS1WQ3VuY0tHd1NWUTlVaTc5bnZMTWVuUTBJNnhXeFZQcEpKajFaUzktWm5RUHQ4VjN1a0lod2hzNUhPVktzdERqbWtUbUpaVUZoalY0Z3RRTHlzVmZSTXJlMFE?oc=5,The Economic Times,"Tue, 30 Aug 2022 07:00:00 GMT",2026-06-14T20:38:07.712106,data_breach,True,False,candidate,https://economictimes.indiatimes.com/news/india/chlorine-gas-leak-in-uttarakhands-rudrapur-sdm-dsp-among-34-hospitalised/articleshow/93884099.cms?from=mdr
data breach Uttarakhand,Olympian constable gets first out-of-turn promotion in Uttarakhand - The Times of India,https://news.google.com/rss/articles/CBMi0wFBVV95cUxOa2xOb1VhdV9LX2cwNlRLTXhFLURGYTh0UU5HTEZzcnZZNjlIT21SS3EwYldZelc2VmdRRjZiQmNISFNyNU1MVVUybmdINzZwRHc3QlZrWG04TFkyZDdSWjlVN1VWakU5eDRLaUVnV0h6Yl95d1Y1T3JiekpfY3ZLUzNPMTNmQWFEWTctV1JCU1VqNlMzVnF4d05LTWRvVjl1b3pyUDJqZlA2d2dvV1RieUVjRTVwWjlpUDlLODZzTl8ySTFDRWtZSThjUHg4NXNqUENn0gHYAUFVX3lxTE1EeTE2UWZpdWRTdm8tcWRUWGRwRTdZUDAyMUJic1pyQTVYZ1ZhQzhkdy13Y3dVbEpPalpBNXVTOEVlZ0I2V19nZzBsUWQ3ZWRTUlpPc2Vqc1hHNXgtNTVhNkJleU43STBjVUhCLTlwWHVtcFQ5U200T1RXcmZoeE1MSVVSX29hMWxBRlYydjRTVjdERXZZN3ctNVlpUl9ldnppYUc2SXhEX1h3QTMzbHZuTTYwTlJodnNKamZDcHhoUExuVXNTZjNMaktMeXMxRHJUZ05JUnNaMQ?oc=5,The Times of India,"Wed, 07 Sep 2016 07:00:00 GMT",2026-06-14T20:38:07.712118,data_breach,True,False,candidate,https://timesofindia.indiatimes.com/videos/news/olympian-constable-gets-first-out-of-turn-promotion-in-uttarakhand/videoshow/54089072.cms
data breach Uttarakhand,Uttarakhand rains: Heavy downpour claims seven lives in Dehradun - The Times of India,https://news.google.com/rss/articles/CBMizwFBVV95cUxNNE1oaHhtZmxyRXZCUEZDMkRHNWt5M25OWklWaXpnQXdKRlQ4NTZZcG1fcHVxWUg4emQyYmxlWlVNOW4wMUs0R2F4aVJkRkxGbjdzSHdEWVAycl9nWTNRNkpvN1M0eEtEb0hWZllnZnQ3a2dZaG1VY0JzWUJ2MFdLeVJnRTAwbHhpbmhqY3ZwT0hjMVBiMThJbmZTNlZpU2JOMU5mVU5vZ3pzem9QQWxOQmgycHpydWV6b1ptRGl4X2J6VjJwWjVIWDBzUENYRUHSAdQBQVVfeXFMTWxDZGYtS1p6enVNNXlfdllWa19nU3ZZcm5aZHJ2aXhOR3RTUkUtOGN5aExjQUxDQld1RHRMVDNiakhaMGhSd1VmbHB3Qkpmd3c4bF9mUEgtaEtyVDVnbkdVUkg5clpENzNGYnVhYzhVWjFyMHZiSzI3MDF4ZVFHTktfcGs0dGFHZXl3YjJjNkgzenpMNmNlVDh6MWwxUm4zSnRNZDNhN1cwWTVMSFZBUGJoYzRjalJkRzFBZFpLSFJrcXJFY1prZVdoMjNHbkZVTlhFMU0?oc=5,The Times of India,"Thu, 12 Jul 2018 07:00:00 GMT",2026-06-14T20:38:07.712130,data_breach,True,False,candidate,https://timesofindia.indiatimes.com/videos/news/uttarakhand-rains-heavy-downpour-claims-seven-lives-in-dehradun/videoshow/64964940.cms
data breach Uttarakhand,"Uttarakhand Rainfall: Since 1901 and in light of the 2013 disaster - South Asia Network on Dams, Rivers and People",https://news.google.com/rss/articles/CBMimwFBVV95cUxPZl8xTjU1T2JqZEtmNFlYaHdKcVN1TGtVemNaMWFaLU9Vb1ZwV2Nyb2tJemZSMG9lTEdfekpJRV9aLXJrUG5KbFlVUk9ZM01sRGxDLXVGYXlITVJvSVNwNjR4Z1pTb2p4MnA0MHZEWVl0eXdPREpxRkJOTkZ0cHVTM2c1anRac25ZUjhYUGU0ejZKbE80SXFjNHpTVQ?oc=5,"South Asia Network on Dams, Rivers and People","Wed, 25 Sep 2013 07:00:00 GMT",2026-06-14T20:38:07.712143,data_breach,True,False,candidate,https://sandrp.in/2013/09/25/uttarakhand-rainfall-since-1901-and-in-the-light-of-2013-disaster/
data breach Uttarakhand,Remembering 2013 Uttarakhand Floods - Down To Earth,https://news.google.com/rss/articles/CBMidkFVX3lxTE1uTFZLU1JOZHZ4WUlHbFIyanZFdUFacWV2WmJvckRHakdmLW1BMXhkU19qWnl5QnZULW9Ub3ozcXpLZE1ETlFkZDBxX0F5WDNLM0JwWV9Sb0k0WjB6LVVscUFNVTctVnJKSUc1WlZRVlhvV3M0OXfSAYMBQVVfeXFMT3E3Q1JZckRlZTBVQU9DV0tQVEtQLUp0T3JaU0E2d1poQXMtZWVNZ253MG1SXzhwRWkwbHVOU1hyNU9xSkpoRXhyQ0h4YzhWVXBSc3hWYzVPYS1pb1d0N3ltTElmVFVyMGM5ZzZuelE1TXhOUlBkUVJTQ0ZERnUxdHhoVmM?oc=5,Down To Earth,"Sat, 29 Jun 2013 07:00:00 GMT",2026-06-14T20:38:07.712155,data_breach,True,False,candidate,https://www.downtoearth.org.in/natural-disasters/heavens-rage-41497
data breach Uttarakhand,Pantnagar Airport Expansion: Uttarakhand’s first international airport project worth Rs 180 crore to boost connectivity - News9live,https://news.google.com/rss/articles/CBMi7gFBVV95cUxPemZZZ18wam1HQnJQVXRQcDlJSmRDcHpIRHJKc2RsSkNkcWtKS0xVTTIyUnV1VVQ2U1BucHhBa2VmbkdrVkFQWjNWd1gyUXFyekMtb2lSWG8ydE1wSUx0MEVORkdnMmpCZGV1YmxyV2h4c1ZlSVlxSnZmUGd6VFZwRVhxSHM1dVBfZ2UxdklaM0JjRzhieW5rRzFINDVydHZ4dUNXV3daM2RlQmpPOXlPeV9BOC03Z3VOV0RsUFBfaUhUV1NWRUFZVzZuVGlWNXNqVVpTN2Q1WGlCbzdYSTI2d0dvT0E5cllqcm9BV0Vn0gHzAUFVX3lxTE1YWW1JZkhhXzJNM196dDItczdWdkUzOV9BUGVUa0Q1dDUweHNybERac0x4ajgzLXBuT3lGUVkzYjJWR2U4aXJWWlBBbThBcnBfX2RLVWx6OURPWGZOYTNiek1yTXdYcENzVGlEQi1tcDRqUDhzT2dMMUVJUld3OXFRUnE1UlRLNk1sS1VHUHRYYWNUbHZFX21qZ0ZkUDZYUUZPekdOYVdlbHFGelRyak9QYjFDdTJCVTJWQjVhMjZhd1lJUEluRDVsLUFlVjMtZXFjM2o1c3RIYTBhUUhlenI1cDJ0WUxZSTQ4aUF2OVB1Q2FXMA?oc=5,News9live,"Fri, 03 Apr 2026 07:00:00 GMT",2026-06-14T20:38:07.712180,data_breach,True,False,candidate,https://www.news9live.com/india/pantnagar-airport-expansion-uttarakhands-first-international-airport-project-worth-rs-180-crore-to-boost-connectivity-2951564
data breach Uttarakhand,Vijay Hazare Trophy 2022: Odisha suffer loss from Uttarakhand - Odisha TV,https://news.google.com/rss/articles/CBMioAFBVV95cUxQY3BlRkN6ZU1Ba1Eyb3hIajg4eHczaVlwdjNINWpZcVVOdy1GVnFWNWl6OVJDaXExbHNWWTFSZE1ieHpaQmFtNk9LM2JGUEZNZUtVX1Q4aE44Y01UTXpLYUZDU3hZTnNyLWNEbFUzUXFhZVpBUEdVVi13SkthTUlCc3ZfWFRrX0pHY1YxQmVTNTFsRnBPQ3ZBdWtJbHBQc2ta0gGmAUFVX3lxTE5zTl8zR0dKVnpoVloyRUIxRW45Q0I3eXRiNGlldkhwT1lQcXNLTkVNaGhoaTZXOUp1X1BGNXpRZ1ZjRTR3RVp3MHVJUjF3ejBOeXBMbi03UFJXSDhodTB4LW0xVVlUUDVfU0h5WThUSkJCdS1tQ1FoVTJjTGFqUjk1Z3d4N3dueUs5S1FNMmJMUTN1Zm9jOWlsR1YxdjVZM2JmTFZKOFE?oc=5,Odisha TV,"Sat, 12 Nov 2022 08:00:00 GMT",2026-06-14T20:38:07.712215,data_breach,True,False,candidate,https://odishatv.in/news/sports/vijay-hazare-trophy-2022-odisha-suffer-loss-from-uttarakhand-190098
data leak Uttarakhand,No gang involvement found in service selection exam paper leak case: Uttarakhand Police - The Hindu,https://news.google.com/rss/articles/CBMi7gFBVV95cUxQdk45blN0dS1XUW5FZThmTGxTcl9WR0ZvSGVmSTlnSW5paFdJXzlHaEdheFpVdFRYeEhnLVlZQWlPMXRaTFZ3NWJFWmdheV9ZM0s2QmJOXzJOUk5FVDZQekFraGZBUHl3SEJYcWhDeTk0MjVETHFIRzk5VXNsRmNMdjhoc0lFQWlpRWVGbjNkV2V5Vm5INDhlcmx5TEtXazNfeUZoV3YybHVHNVFFWnR1UzBsM0EtN1Rsc0NQTjdQYnJUNXYwalY5MGhDWUY5Mm9pdkM4M3YxQjdndkpxcTRQaXhrbms2TG1GQktrRGFR0gH0AUFVX3lxTE5sUmNKYnlsNlpmbC1TbEpJN01MLWctYTBwa1RDUzlKTG9MdTF2TDN3S1BEandULUhEckxwQk1mcERfMkxfMnVlUmQ3eF9WeHo3TGtSdDk2R3RhOEVDM21zV2RBRzZfcEVtZnc1YjFZV3BXdWVVQTFSMktBYThZWkFkUWdBUENhbnpYeTFJWmowQTZZOFdqQTVFMFpxdFEzYVJqdy0zVU1qQndEN1hsRmVzS05fR2U4TTlqcjZaZ0RTOGR3ckpnbExWY1B2ZTl6TjBQeHprMkt3cUxDZGtpTXBxd2J0bnNVdi1mSVdyVWp4aEV4XzI?oc=5,The Hindu,"Mon, 22 Sep 2025 07:00:00 GMT",2026-06-14T20:38:09.845129,data_breach,True,False,candidate,https://www.thehindu.com/news/national/uttarakhand/no-gang-involvement-found-in-service-selection-exam-paper-leak-case-uttarakhand-police/article70078286.ece
data leak Uttarakhand,TOI Uttarakhand Transformation Dialogue 2026: How AI-led strategies can shape state’s infra and education - The Times of India,https://news.google.com/rss/articles/CBMiigJBVV95cUxQa2VrMUMyQnhvakJtTmUxYzdRUGtaZzJtM1pPSmtLc2NJMzdDUDEzSmdGOXJNYUlMQnZSRi1fZk0yVHdhUlZqVW9pTzdrSWRBYXA4NXpDR19FWU1YTHZ0N3hsVUF0WWd4WmdVakFKck5wYnJHMVFicXpBMVM1WEpXd01kMWZKQ1pDeW5FYmtJNk1wSGEtYzZvQzZ0cFoxdlRNVkgyckU0UExwX3dWMDVsLTdrTU42a2tsUzZ5TFJWUXZLbEZvWDdfcTUycnBTSlc4NERhVzZoRWRjU3FYVkV3bk1WN3RnY0trbGZGOUEzQW1YYTg0c0JQbEtadEh2cDhTOGVpa0tOYU9BUdIBjwJBVV95cUxOMHMtd2x1WktVcHpzeS1YLVJoZWJCRzVsdTQ1SE9XVFhWcUJCbDgyUGNoMGc4azdTYUVvWTQ2M0dDWHZSdFUwYzNTWlRiUktuTjdzbFFnZGFjd2lRMUkyMkpyWmJldmJfZzBJanVhWkpiRVZmYmQyZlBFeGFjYjVILXN0S0NtM08yMHV0M3hjMi1NbTlaR1FGd0hybnc4LXlUVDVGZWIwX3A1TVFjZmNWQlg0YjlOS05IQkdVdGphY2hTWEpXdGhNLXJ1VEpsR3p6VGxsSHdSdjhyTXFOUmU3c3B0WEE3YkJlbXYteVB2RWRGcHNEMzI4NmR0aGpqQXZSLURZQW01X0UtNE5OVEQw?oc=5,The Times of India,"Fri, 27 Feb 2026 08:00:00 GMT",2026-06-14T20:38:09.845155,data_breach,True,False,candidate,https://timesofindia.indiatimes.com/india/toi-uttarakhand-transformation-dialogue-2026-how-ai-led-strategies-can-shape-states-infra-and-education-growth/articleshow/128858745.cms
data leak Uttarakhand,Uttarakhand CM alleges ‘nakal jihad’ amid protests against paper leak - Scroll.in,https://news.google.com/rss/articles/CBMiogFBVV95cUxQVnppcXNhZ0RFeV9vQ05fYTVORnRRNmNjcWtwQU5HMjRLVWVOa2dJQ1FBRDd4RkttcUo1bG5taUlnTTNScDZ4djRNS0dWVDhHVGN3d1p2U1hPZGdSWjhDYVgtRW9Qb19aX3E0WXNNNjJzc1N2QXRUYWxNVWVybDZMRjFpeEtNUkdmRUFoX1N1QTVXLWhMOXZFUXpLYkhpVnhhblHSAacBQVVfeXFMUGRtZzNRZjhYM0RFd3NlSnVDXzRSdUEySGhyVFBhY2UwemY3TzZHY2N6bWlrWm9vZHZfcU5qbmsxUFRPQldWX1h3Y1ZsZVFDZ2tVeFR6T2hVVlQ5MDhQMkxVVFBxT0ZkRkFhU3RoMi1kQTdEdWNBb29JTGZnZURrS1B0dzZlV0Q3SXFjQTBETlBoXzR4dE5fMXZPbk51aFlabWphX0t6Vlk?oc=5,Scroll.in,"Thu, 25 Sep 2025 07:00:00 GMT",2026-06-14T20:38:09.845181,data_breach,True,False,candidate,https://scroll.in/latest/1086956/uttarakhand-cm-alleges-nakal-jihad-amid-protests-against-paper-leak
data leak Uttarakhand,CtrlS to invest Rs 250 crore to set up a data center in Uttarakhand - Business Standard,https://news.google.com/rss/articles/CBMi0gFBVV95cUxNS09QaWpaTEZfU3ZUUVZFTy1uZVFfc1g4SF93c3NzblVHVFRHaUxPVTJzYXJLY2NRUEI3QnBFaE5qdzlJSkZwbWs0R1dsNkFuVTVxbFlxRnQzd1pZTGNBRXB1WkdnTnpnanRiNDgtNC10dnRGeEswbUMtVlhldGNTU0RXMjVTV1JvVFdOcnhjT0oybDNLaC1TTlVLUENld1dmZWVXa3A2UkJYQlV1MmFMcXRnOUZ5cnhsTlA2c3gtb1pqOTI0TXZVZFpSZ3RHeFFST3fSAdcBQVVfeXFMTTBYdWYzMnhlNUdZQWtSVlA3eVJ5ZTdMVlMzQmJEMGVFQVloREkxbEtZUWpSeExmb1VLQUh2eWthWG8tMG13RFY5Y2RNN0VGdkFjQ3VxY0psOXA4ZUZGem9Mc1FVTXhVWkpyVmFYd3lrNS1zWmVVaS1lTXQzWVlYc2JNVVlXdVR3OXBrbFlEalFKek85b2tRVE5UOFRhd2V2WGtrMThpWnJGa1lyazMwR0c2Vlp4UUt1MGcwT2Mwc1RlVWI2MG95ak14NWZBTGFLLTh0X3M3ems?oc=5,Business Standard,"Fri, 10 Nov 2023 08:00:00 GMT",2026-06-14T20:38:09.845393,data_breach,True,False,candidate,https://www.business-standard.com/companies/news/ctrls-to-invest-rs-250-crore-to-set-up-a-data-center-in-uttarakhand-123110901011_1.html
data leak Uttarakhand,"Uttarakhand records 1,846 road accidents, 1,242 deaths in 2025 - The Times of India",https://news.google.com/rss/articles/CBMi0AFBVV95cUxPeVkwUUR6Nmdtc3VkWS1UcDlfOEtXOC1VWldLQkFqZGg3TWlwQWNzM2FxX2E5bGtaNXJzV1AwQXdlWnVkNi1KcnMtOHlsdzNJd2E2c3NWZFZLQjNua0dWNmRHZ1V2X21nLUhRb2pKRjl0VHZpelFPVFNNWWhERzduemswNU1lTWNnVzNleS1mcG1RVG1GZHkxV0FGVHdydlNmQkpJMHdsSWdPU1RyVFFoMGZSWml0NGtmR1R1OGR2cmg5RjFxSHIxRk1HYnlqOHVf0gHWAUFVX3lxTE16NzVpUEdrRk54NFlMV0duZmhDMFZudWNTOVpsTGpBRHV2TGlRSHJMZWNrTEoyTkFmNTk4TTRkTUl1cUx6bkxtcVRsZ0tLdURKVWEzQTF0ZHRFN0Rzd1BTZEJYVm83RlhZM0dwMVVlazBPT0dZeU9mVmJ5cFc5OVBMVWhBOHZDOXE5QXVqbWVxeFh6cU1BR0YwdGFsT1hCTF91QllHOENqdkVNWVk3QVA1SzgzTExHbGRCZkVxQzdYZFMxWlNzMnVaN2FxSWdTbUlTWTlORVE?oc=5,The Times of India,"Sun, 08 Feb 2026 08:00:00 GMT",2026-06-14T20:38:09.845443,data_breach,True,False,candidate,https://timesofindia.indiatimes.com/city/dehradun/uttarakhand-records-1846-road-accidents-1242-deaths-in-2025/articleshow/128043474.cms
data leak Uttarakhand,Uttarakhand's Almora on alert after 20 kg explosives found near schools - Business Standard,https://news.google.com/rss/articles/CBMi3gFBVV95cUxPeWx0OU0zZTFOVEZ4WXRyRTB4OUdiZ2FTLUdpSW9uNUljdGdpRktfTHdzZjNDT3NEbjN6VFNBb0MxN3RKMmJSY2piY3lzR2U4ZV9NTnEyTGNOQzlYVjdFMUxmUldqQllyVGFKd1JaZTlWQmtvVWU2SjA5NkdaYk9SeDJ4blI4R0czeDlrRV9oY3Q1NnEteFJ2QWdUdGxIcUxUbTl1d2M3anFGSUUzbEZfdDhIOUxfTVM4cmdTbFhmMTZkTDhOM19KVVk1OWI3ZHpURTFKbUs5Y2lndFg0WFHSAeMBQVVfeXFMTWFOeWdKTW1IM3NHQ3lGMnJXbi0wcm5QWWdQY3NHWDQ5enY4cEtOeWFjWE9waGN5TlFBQ2dOTEg2YU5YLWJ2WXl1ZzZvRVhuZWU2aFBHeExrZ3RTakVqSlR3dmlINWFWZmFDYlBjVkQ3NE5LdTdRMDhFVGVkREw0d3lraG8zWElTUGFjQ3VfRVE3LThKSFJnN2RYeHp2TzdYcFd1ck9Td2hWQ3RTeDc4RXYzd2pNLXdSRHFVS0xRLWVJZlg5aFQ4eHliRHE1UEx3VVVNWVhRRmNBT3gtZlBMbndBcjQ?oc=5,Business Standard,"Sun, 23 Nov 2025 08:00:00 GMT",2026-06-14T20:38:09.845468,data_breach,True,False,candidate,https://www.business-standard.com/india-news/almora-uttarakhand-gelignite-sticks-recovery-school-security-alert-investigation-125112300109_1.html
data leak Uttarakhand,19L+ voters in Uttarakhand unmapped; risk deletion from rolls in SIR - The Times of India,https://news.google.com/rss/articles/CBMi2gFBVV95cUxOQlhWOHJzOU40WlJyUzRoY3J3Y1hjQS1UR2VUVS1aS0lQWXFtbFNOZmc3bkt4NmNLS0FZay0xQVJ6ZE1EcjdZcWVQZ0hPX2ZvZGdLTWQ3NDF1UjI3c1dfTFpXcWtHdW5Ic3hPSHZEdjBaM0V5b2RqRmRGOUZzb2lESEswdFdIbmsydjZQdHVRWExDM0ZCVmRVeWpISWpRa0l4c2JfR3RQLV83Yi1UWUhrTzRYZ0R0LXBpUVRmUHcwSEo4MTJ1dzNIa1FldXNSRHcwM1ZwOVp3M3FkZ9IB3wFBVV95cUxPd1g5aElSZEZTenlGYThXUzU5OHNfTE5kNWVCa2FPMEhCZ1pGLTBjTnQ5Vng4R2g4QVZnRWlHSHRVNnFfMDFKb19vdHVkeGxQdFN6d1F0d0VGRFREQWIzM2VXWGg2ZEJvQ3BHR0tPOHg1Ri15b3F4TUNuV2NyNm9NdXVJT0lQWkdjOWI3ck5yRFVid2g0NFFtMFQzXzlCSkRfVTUwUWt0LUdTcFVWM04zX2pLWV9KVUM5LWpLc2EySnVMbkVTWDlob2ZlTDZUWldxQm9TbVhTZ2VEbjFLUEt3?oc=5,The Times of India,"Thu, 05 Feb 2026 08:00:00 GMT",2026-06-14T20:38:09.845495,data_breach,True,False,candidate,https://timesofindia.indiatimes.com/city/dehradun/19l-voters-in-uttarakhand-unmapped-risk-deletion-from-rolls-in-sir/articleshow/127916001.cms
data leak Uttarakhand,"When winter burns: Uttarakhand to Kashmir, Himalayan forests are catching fire out of season - The Times of India",https://news.google.com/rss/articles/CBMi7wFBVV95cUxNb29PVTRSaUdIR3h3enZGaE1yMVJLMDYwNXlSZ3NYc25sRGN3b2kwekhtdjVHNWVwYjhidVhrSlZ1alBSczgySHpFQmhfQVdQWFh5U1ZfcXltdHZmSWhSTTYyNkRjTU85SXpSZjBMWWFDM2JzSWtVSU5TUmFWYUVEY0t6U05OM3pyZXFobGJiT0VjX2t2T0FvREhtRnFZSzlwdjNvcmE1RWxpbllOUEhmSG5uZEwtd21WSzY5dWZaNHo2elJIWlNqLUc1Z0ZQaS1KM0lKekl2NEdmVWwtLVpHYUNtMjNmX3Z5V2U4QWtNc9IB9AFBVV95cUxPSkNzTUxCYkFrb2RGeThTNXZFT0UyNEZlMU5Rc3d5MlFVbkR3cE5uNTBHWXZCMmxyQmVRc2Q5ZW5IZXlwWVc4VmNlZVdKS3NnSk5QVi12LW5zNmtPZkRRM3EzMDAxYlVHTGRIQUhDSnNYTTE3Ul8xZklHTHlNTlBnZUlGSlg4cVJ1TDJIRlhkTjlka29mcHNDV3U3R0xBdjZaTUZZV3NIUXRrZ2VFRTJGQ2twaTMtXzVGVTRxOWpWbW5iTndwemdEWXZZRzlNZVhqemc4TkQ3M001TG8yMFVoNVZrb2JSUVRpLTZjT0FzajVQQk5I?oc=5,The Times of India,"Mon, 19 Jan 2026 08:00:00 GMT",2026-06-14T20:38:09.845508,data_breach,True,False,candidate,https://timesofindia.indiatimes.com/india/when-winter-burns-uttarakhand-to-kashmir-himalayan-forests-are-catching-fire-out-of-season/articleshow/126661834.cms
data leak Uttarakhand,Nainital wildfires: Mapping forest fires and firefighting operation in Uttarakhand - India Today,https://news.google.com/rss/articles/CBMizwFBVV95cUxNdDdERnlDTEZmMl9YZGRIak96LWZhQ3JBVk5vSVZVMjJIc2padTVnNmNfY3dUSTRvMFFmWVlvRGxRX3phVG1ZWmxzQzFQMzY1b0l4MWx1UnYtUEVmX2tZY0FhRTlza3ZZMmNtNU52NUJEdTl1WVlmcWRUdzRaekFkblkzVU56bHFiX0xOVWNOa0xsUUFQWmQ2QjNTOWZraXNySlB4WVhnOUs4b0pvSWNiRVZ0aHZHMmlxZ0FLN0x3VHdjSE1kMUNCODVBWWZyLTjSAdQBQVVfeXFMUGlpdlN5Y0h1UXhyQm50aHFHU2RGcF9TSHJzZkxWdzVZdWR5NnJiZmpVRUVvbG1jQTVrRDgydmttSWpWUmpxdHpYX0ZCQklvQXBtc3ZiREo4bG9NVzZTUXg5NENGZWFpdm4zazRjV3paODBWTmhXQmJvQVpZc05rRlF6TFVEWmNBNHQ5WVlYUEtaUE0tSnJSSFRsQUhaOE9YdXpwdEVUX0taYS1pMXY1aG1vUExWVXNFQm9iVDJVLXlvT0RvLXlmTGdaZGRRNFlOb0k1YUM?oc=5,India Today,"Mon, 29 Apr 2024 07:00:00 GMT",2026-06-14T20:38:09.845548,data_breach,True,False,candidate,https://www.indiatoday.in/india/story/nainital-wildfires-mapping-forest-fires-firefighting-operation-in-uttarakhand-2533169-2024-04-29
data leak Uttarakhand,"Uttarakhand: With over 33 lakh pilgrims, Char Dham yatra records highest-ever devotee turnout - The Times of India",https://news.google.com/rss/articles/CBMi-gFBVV95cUxOWjdTNG1ZRlgxMGxMNnpiR3dZVVVKQ1MyTjBMOFFIalh5R1dEcDB4QnFoaURzdjYzTzlMYzFGR085Qm5RY3poRTNvZ3U5bThaVVJmV2hVSzFFc3c3NnZoc21veThFRnpiMGVCVUl0UU95OGppanZGTVFPVjFCRGpMU1dRYTFFX0E1ZjZOS194MHgySnlPRnVRVDllYTZEcFo3VFNlZW1LZG1yMXBsX1lmZ1hrNm1xNkxSZXZDSExpYU5UUmY0TXNDcEVrSk41TmJSaTZOV2p3cHFpbWJ3NktMdmtZV0oyNkpfQTltRnNUVkdQR01aSXNLSnJn0gH_AUFVX3lxTE1GWGc1STlyRUFqb1RZUV82OUNRRXRPTnFiSzk3ekVZXy1PejIxZEJEQ2hGZXJTT2g1U0hFbWtqMXU1VnZQM0g0WDZrall5NzU1VXFkRS1DQzhuRWwzS090cHN3eG9GTENYVGRWbkpiQjkzcGhrdWxtVkpXNHdDMEtkRERPLWNLcmNvNFhEb3UwMDZxWFgwMlkyWE1oc0ktaGNRT1JwZTc1TGVBdTA5RGVMRE1SVC1QbkE4T0dxaGRtS1pSUzhQZmQzMVMwOWFsVk9DNEE0RE1CRzBRbWtKcTBFaVBOWG9xUGUxUjBZVThGUHhlSWZTa250ejNBa0wwOA?oc=5,The Times of India,"Thu, 15 Sep 2022 07:00:00 GMT",2026-06-14T20:38:09.845560,data_breach,True,False,candidate,https://timesofindia.indiatimes.com/city/dehradun/uttarakhand-with-over-33-lakh-pilgrims-char-dham-yatra-records-highest-ever-devotee-turnout/articleshow/94231448.cms
data leak Uttarakhand,"Uttarakhand: Mountaineering, trekking banned amid predicted bad weather in Uttarkashi - The Economic Times",https://news.google.com/rss/articles/CBMi4AFBVV95cUxOWVlJUWVOQ2J2dDR6OG1QV0lON3JvZ1JHeFlodTREX0ZrbDRfR1hUOEdZRHZzTm8wYWU1T1o1MzZLUDd5azZibkpBLWRMNklBdTh4MnRFNUtmNFBNdGFMeXkteHlrN25UV1pMbHh0UU1SeGtLRm1EWlNYeWotYjJOaGJlRGdzOWZlb3dkVl9hVHlQQjIyY3JCX2ZTWC15cWdrSkdQWUlUdkNKdmh4dDBHelhKeEtBWThJSjNLOVplU2dhMHAybUtFMS1qNnNObjJQWk10M3hkSDNuU3U2Q1Npa9IB5gFBVV95cUxPOXZ2dHNiUk5nS3B3QTF1d3JVTFpwR1dkQmRfWFdwaEpiN2hwdDVySlY2WndoWHpFWkZLa29xUDJES3RQOTl5SkJ1ZWZ0b1I4MDRzZ29CTnhENTcyRWR6ZVdSR19hV3NKOExBWEpwd2pjMEljZXQ2OUhSeG1EMXB5UlRyTF9iblc2eFBsZFBDSG9WaUo1OGdYWGJFU0IwbkdPbTk4OURSZDNIQlNsRWpHRFYxX1pIWmpIMkJLQVAyMVUtRjlKVWVyejNUcW91Vl8zSGltUG93YUNEZ1k4SnZpbmZjdTVZQQ?oc=5,The Economic Times,"Thu, 06 Oct 2022 07:00:00 GMT",2026-06-14T20:38:09.845573,data_breach,True,False,candidate,https://economictimes.indiatimes.com/news/india/uttarakhand-mountaineering-trekking-banned-amid-predicted-bad-weather-in-uttarkashi/articleshow/94676860.cms?from=mdr
data leak Uttarakhand,"Fewer have jobs in poll-bound Goa, UP, Punjab, Uttarakhand than five years ago - The Indian Express",https://news.google.com/rss/articles/CBMi1gFBVV95cUxPYWRQcWliUVRGVm1kRTFieUtwR19EQnZqaHZOcUV5dDVYSmZZUE5DUUwzLXVkWHMwYm05VkgtemFrSGFQUjMtUm5iWkVsQ1RmeTVEclNkQWt5SWh4SzQtUzVBRTRVYThyZEM3eDl3S0ZmU0U3QXBVSnlNMjF1UGxxbVNFY3hSUldVSHZyUzNtcEVLMHEyV29hSFRiMkFHR1JtUlJMd3EwRXkxd2ZDaHFzUkJGV3ZCVkM2b294Y2VjSms2V1JIa2JjVkg2WTR5WDJuQTVncnp30gHcAUFVX3lxTE95cTVBdjAzdEdQY3VPZVNHU2pBVmR1dHdRdDcxX1IxV1A2NGt2TjJNZHJmWlkxMmRWS1NBUl9lcHdnYnEwWm9EQlZvcWgteUtDV0dTTmFOVFdYd1BJUm54RHh2QWhFU1hXVmxGSHk3ZF9pN3pWTFNjZnlkWFc4U3JmX245UWx2bVpwQ054el9tWGZJa2NBdXd4WlZQd2xLODNJbTY0Q1lNNmg5ZWpwX18yV2ZMQ2xlTkwzZ08tNC1kTXVKMEpGTFdiVHMzMUNidW16clppMFNMRC1CLW8?oc=5,The Indian Express,"Tue, 11 Jan 2022 08:00:00 GMT",2026-06-14T20:38:09.845623,data_breach,True,False,candidate,https://indianexpress.com/elections/assembly-elections-fewer-have-jobs-in-poll-bound-goa-up-punjab-uttarakhand-than-five-years-ago-7716861/
data leak Uttarakhand,International Suspension Bridge opens briefly to facilitate movement at Nepal border in Uttarakhand - The Economic Times,https://news.google.com/rss/articles/CBMihgJBVV95cUxQVXZBVFhHYXYtTGFfRWVxdzgwUmpMeGVkdTJhWGR6dDd2QWVIQ1Z6ZXc2NkxxR1dOWE9EVkNtdVFNckVJSXVxOVd4eUdqalhGbWhwTXdRVHpja0t1WUR6WTFtRXVIQ1o5U09Ick92YlgybGxVN3F1NWtmY0k1QkdpWTdIVU9vMXUwNm1xZVc3OWlvclBQbGFUTGx6YzJpZm12NHN1ZUZyLTNtT0hXalJYRjBkRExvMmh5QXI2ZFUxUkZXTllwN1RUVmI3cjRqM29xQjJtSlJvUEt4WFpsbzQxVTNwaFFWN2lFclVBWVVqc3RhYzl4dlVlek50cGFQZHBGTGlfelVn0gGLAkFVX3lxTE9ZUTFZaUE4dzFNSmd5bUg1d0xuaHBGenU3SGc1M2FwTFc4ekFlUmZucThqTjVfUkpmTFlBYWVYNFhmQ3piNWdxbkd1NEowUFlpeDBPTTh5b2tFd0RkakJIMC1yWmdxcmQxajh4cFY4YnE3N0Q0RWR3SV9aVEpRTmh6Tm5KaFR6QUJKWUloTXJnSnZtVHQ4b2V4ajdkNFV3R1BoMDhPYlNmQjBseWRVUkx5LWFmc1ZULUlWWjVXRG9WSFBvaHgyQ0NVXzctR29URVAzbHN0ZWZ5cTZCWkI0Slh4eV80QlI0VmQ2S1daOHI1a2JqeTJCYURGX3ZUaDh5NWJRekJYbFFBYTlsaw?oc=5,The Economic Times,"Fri, 06 Nov 2020 08:00:00 GMT",2026-06-14T20:38:09.845688,data_breach,True,False,candidate,https://economictimes.indiatimes.com/news/politics-and-nation/international-suspension-bridge-opens-briefly-to-facilitate-movement-at-nepal-border-in-uttarakhand/videoshow/79076997.cms?from=mdr
data leak Uttarakhand,Fresh downpour in parts of Kerala; death toll in rain-battered Uttarakhand rises to 65 - The Economic Times,https://news.google.com/rss/articles/CBMi4wFBVV95cUxQQUFOc2VKbDdzbGNGNGVkVHc0UVhEZ3FqODJKemI2TlFsVkVIRHU0Y0tHdEVmQmduWWc1Y05QMkk1ZjhSM3FvaHA1WnAxSFU1Ni1nNkVkdTh6Q0U2SHBRSXJLMnBOb25jTFhsWHEyYWN6THhWZUxsUkZYOEpkaml2c21Ra0dXU0dfOTg3UTU0OGdKalVQTE1QVVF3Ymp3NklDNm52VGozekgtc1l4TjZleGlyTHMzME1waG1qM2M4eWxFU0U3VzV6SHJDOUNjb1hlQkJ4QlpZZUlRdHN2WVgxYWM5QdIB6AFBVV95cUxOQWUzU280YS1YOHh2a3hzM3gxYlh4Y3ZrNzJhYnJjU0Q4NG1Fd3BZQkxsVTQ5N1djQUVtOGI2NFJ2Q21oQkY0aGhKLU5LeUZRcTBUTFA2UTc4elcyV2Z4SWUtTmgwcm02YjJRTjZQUHQ0d1pyRkhvSGZiOGxUN2NmYm4xSWFvQjJ5dXZCVEVWZG5ia3loWklGMXFqSUJfSjcyOXU0aDRiMGp1dFcteE04aW00UUtfU2pmUUw1WEJVZy12bm9mMzZZQlR2MEt3YlBRWEtncUFnamRJa3RVQnMyVV95eHN6Vi10?oc=5,The Economic Times,"Thu, 21 Oct 2021 07:00:00 GMT",2026-06-14T20:38:09.845700,data_breach,True,False,candidate,https://economictimes.indiatimes.com/news/india/fresh-downpour-in-parts-of-kerala-death-toll-in-rain-battered-uttarakhand-rises-to-65/articleshow/87191526.cms?from=mdr
data leak Uttarakhand,Sons eye rise on parents’ turf in Uttarakhand | Hindustan Times - Hindustan Times,https://news.google.com/rss/articles/CBMiugFBVV95cUxNQzhHSWpEWkdZNzFlZnRFaDlMc3FXaHI4d0IyZy1RcFdJdE1VZllzNkc4SGlFQnJrQ3Axb3d1dEpMbWhTU3poci13aWFwZTN0dVN3RnNDME9JRUpsZXJUVFZKYXp3V0drYk5hSGRjSXBUU1E0ZDd3cG1rN0piUURabjY5aDhHODZxTlJBcUdUZk5qZUtBdVEwakZId0ZuenR1MXhCc01RUm1hNkE2cFFGN0huME9ZYk1MN0HSAb8BQVVfeXFMTkR6dXd1cC1naGsweUFuYllkcGhGdlFTY1lPWnI3VTR3eUlMeU5JN1dKZTNROTd0b0pJc01rU0dYRHBMc1ktNXRrOTU5aTVNemlfaVRaQkpIT0JvX0twTksxX0k5a0xGMExzNW1qU0NyTGZwRlFRZDJNWHkxOGh3eFhnSXV4ZlJsbVFENEwydExnMUlKdEt2OXRsZXQtUUZCeUxRSWF4eU1CQ1NZUGxEeEVZWkFiTEloQjRTUzN2NTA?oc=5,Hindustan Times,"Tue, 10 Jan 2017 08:00:00 GMT",2026-06-14T20:38:09.845727,data_breach,True,False,candidate,https://www.hindustantimes.com/dehradun/sons-eye-rise-on-parents-turf-in-uttarakhand/story-H2pqPHOhJyOMGt3sXaZlpI.html
data leak Uttarakhand,SIR process begins in Uttarakhand; door-to-door visits from June 8 to July 7: Uttarakhand CEO Purushottam - lokmattimes.com,https://news.google.com/rss/articles/CBMi2AFBVV95cUxQUDRNdHlhLUNIdDVaUmd2enZaLWRhYXZwQXhHckNTX2U3V3ZkdnM4Z0JEdm5aQkNKa2xpN1VqRVRsWTlHTUZsV0xUQ1prcG1CUHNVa0Z0VkNFd0UwWkNUWjBSaHBjMWYwSWFMLUJJRkZJZmhLekNmanVXajVGcmt0dzV5LW5ndEtYLTdFdVpmRUtqby1rcW1FLTcyNVRaQ2VLYXpxa3JuLUtaaTJsS3FyUTRJNEJxWG0tNmhhc0k3dmJMa3NXaXZlWDRfandtVGJkd1FaTUdLSHfSAd4BQVVfeXFMTm5nc05LUmVFUG5UM01pSzVucnR0Yk5xaUE4b3M5VUhqN1dfVDl5STk4b3I2ZFlTSEV1cEZhQ250cXRaLVhiN0hsSzdIQVdyWUEtRlBOTHBaSlNCRmQ4cGpfZ1ptalB6MVV3cjVXNzBIZEdfeko5SU5VTzY5UHkzakMwYjA5UTZtUTdveHVZTE95MUJjLTRoYmJfZ0JHLWs5dHljWjRuNUZkNHlNNlV5dDZpLWJiNUQ3VFNNR1BhSnlIUVZDbHRkYVdrcjZ6ZmlsZlRVNWxaQmVxcmZ3UTFB?oc=5,lokmattimes.com,"Sat, 06 Jun 2026 15:46:30 GMT",2026-06-14T20:38:09.845754,data_breach,True,False,candidate,https://www.lokmattimes.com/national/sir-process-begins-in-uttarakhand-door-to-door-visits-from-june-8-to-july-7-uttarakhand-ceo-purushottam/
data leak Uttarakhand,"""Works of poets serve as a mirror to society"": Uttarakhand CM Dhami at annual literary and poetry... - lokmattimes.com",https://news.google.com/rss/articles/CBMi6wFBVV95cUxPUVdHMHdSdDdSbElMS0pEclZwODVOM1RaeFp6eUdteHN1R01GdFZTMVBWSmV2Q0lPLXlxZHl1Uldra3lZcThRVDR2ZlV3dHNuelBmblBqcTdCX3pVbUpBNVItcnYyYXVkWjd3OGItZUJQNFRRaVpIVE5WYm52LTc1cF9ZWW9TRnhqbGNnZ3U5TG1hS2tUNE9lTFlXR083akxvMXVlS3dDbmRtcW1MVm1jYnYwbzVrZzR3dEFGaGhoVkNaOEtMNHNLWi1QLTVwa2Z5d0lUS1dZeF9NRGRmdHNwd3ZCUjd4emIzTjlJ0gHwAUFVX3lxTE5xcGQwT0ZBVl8tQThvZ0ZiNEhlanczb0t6U0tDQkN4Tzl2aVJ4ajJsQVlISXlqY0U5VWhHSFQxZEd3OXpFbzVfQmEzcGgyaDZlOGc5Um1mdEs1SFBMQ1hwNTBFemw0TEloNGxDWVJhTzhzMHR5bS1tMUNoS0lmbTRpU0xyNzVtbXdKMTZndVhXMHV1Zzg2bkgtM3BaOGpqbDgzc1pQczhERGlfV0l4OXVqSG1MSHR1MU9CZ3BvOTltRVdXblNKLXUxYW5yd01YdGFsajVOSE8yQWdzcFl3ZWJTaWdTMWNLb0pTSmpQMWp3UQ?oc=5,lokmattimes.com,"Sat, 06 Jun 2026 15:52:31 GMT",2026-06-14T20:38:09.845774,data_breach,True,False,candidate,https://www.lokmattimes.com/national/works-of-poets-serve-as-a-mirror-to-society-uttarakhand-cm-dhami-at-annual-literary-and-poetry-convention-in-nainital/
data leak Uttarakhand,SIR process begins in Uttarakhand; door-to-door visits from June 8 to July 7: Uttarakhand CEO Purushottam - India's News.Net,https://news.google.com/rss/articles/CBMi3gFBVV95cUxNcVNYN3FDRFh6eHdtSEFnclp3VDFGY3hCSVBYUncxVXhnbWUtUkRfc0xUSlpCblZzaXZyVGIyZmV2bjVIUC1Va0c1NWs3SUltalNPdkM3RjNSUzF4YnBBZXpibk4xS2hiV1F3Q1dpSDFrWlpqQVJ5Y0J2d0NNVERsVzkyWUZSbDQ4V3R6WGtGWFh4ZWpWajNLSnJfWlQ0NmNqLVJFRTl5LWcxY2ZhX0lRR2VRbzZlQWliUmdZUkQ5WThXNGRQQjBkbDBBWUJlUUh5LUpCTUZEMVoxMC16X3c?oc=5,India's News.Net,"Sat, 06 Jun 2026 23:29:00 GMT",2026-06-14T20:38:09.845790,data_breach,True,False,candidate,https://www.indiasnews.net/news/279106261/sir-process-begins-in-uttarakhand-door-to-door-visits-from-june-8-to-july-7-uttarakhand-ceo-purushottam
data leak Uttarakhand,Uttarakhand: Haridwar seers demand removal of 'Biryani' from food stalls - lokmattimes.com,https://news.google.com/rss/articles/CBMiqwFBVV95cUxQajdPaDdsRGlYNmN0YkxXVnQ4ZWZGcFJId0xQN0dqRTI0OW9fQl9FM0p1SGx2cDZ3TkdhQllSR1h2clA1TDBzQUp2LVRVaUUxY2RNQ2x0bVp3QzhHSHRZM3F5RUlUZGZranJvdlhjRHlfS0s2MDhCeXRERzA5S0ZzZkhGdkJsbEYyVWRqeHk0ZFphUktVN1YzYXM3VU5taS0wcGNVUUZ6SzhzZVnSAbABQVVfeXFMTktIdVJQT3VSbHlLZU11VDg1WERNcndLQ0l6TlJyb21oWGJQRDlRMUcyQi04MnYwR2ZkZF9XSXIzeEVmNUh5MWJoVGw0WklHV19fb1E5bDl4V1p6TEVxMU1tMklGLWhBalhOQ2pWYWxMS3doTmQ4TUg2WTRveFBJbDRvdE1XSDVMdVNEaWRXVWJ1S21mVFdzX3pOLUJwTXdwUDNyUjR0ZGdLTDN2YUsxdHY?oc=5,lokmattimes.com,"Sat, 06 Jun 2026 12:27:27 GMT",2026-06-14T20:38:09.845802,data_breach,True,False,candidate,https://www.lokmattimes.com/national/uttarakhand-haridwar-seers-demand-removal-of-biryani-from-food-stalls/
data leak Uttarakhand,"Uttarakhand CM Dhami launches ""Khet Bachao Abhiyan"" to boost agricultural growth - lokmattimes.com",https://news.google.com/rss/articles/CBMitwFBVV95cUxPaXU3bTE0MTdWQzZxM3ZHZ0ZXd09neF9GVGFqelJBZEVEZ3c3Y0xlRjkzWTVVX1B6WklLaWVQNW5VdEFJdHZiVmRLN1NyNHM0d1ZYenBNUUI5d3VTOVNhTXMwXzFlNFZ2MjN5eTBUX3l6RGRLV1JxSjRodUtvcko1dGFvZkdnMXNBRkZqZDdoVjd3NUJGNC1CaGMtcWxIWTZiWFVlWlhtY0dvN2ZvaDlLTHZYS2M4UHfSAbwBQVVfeXFMUFMxZ0dtYlZ4emFsTW1KczE1VEduTEJZaEZBU29RQTJmeXhJUk14dXFQNm1hajhrUTBpUWl5eHpFdUl6dlhyQ0RFNlQyTWhSZzNxb1V1aGZtanRfRnRzck9iY0R1Zk14R0YwdnpiZFVrVGhmeVpNV1dlY0IwZ1B4eUNIb1hyd2trSmw0aDM5RW9YRk5QVy1DMHBnQ1hON29SMzVYc1lzVzUyblFtdF8zaGpjMnl6OWV4ZV9LRF8?oc=5,lokmattimes.com,"Sat, 06 Jun 2026 13:22:01 GMT",2026-06-14T20:38:09.845814,data_breach,True,False,candidate,https://www.lokmattimes.com/politics/uttarakhand-cm-dhami-launches-khet-bachao-abhiyan-to-boost-agricultural-growth/
data leak Uttarakhand,Dehradun Zoo steps up heatwave protection measures for animals amid rising temperatures - lokmattimes.com,https://news.google.com/rss/articles/CBMiwwFBVV95cUxPSEYzMFY3UEpERy0wQ3VHSmlDbHcya3VzdHpMQnhhaWVqZ2ZtRDlmOW5MSVFKVlM5c1ZLcU9xUXdIaVN3RzRVdkJXWDk0emhZTDY5ekNPZTdhWHFkek9fbGR0Z0xySEpoRlVfdUJxWDQxY280T2xwUnVEbGdGR092ZndGOGZjSkJCOEFBS2ExQnljYnd3aGlHQlhoZGJPWDhPcnhpTS01SGcyeldkQUdFeWJDMnhDbGx5X3FGUDNmQThyWlHSAcgBQVVfeXFMTjd0ZFdTWVh0U25oNVVadHBFQVdUU1F6dG1BUUhQcUJXTHJ2WWtjN0ZMazVob0RKS0o1b1RHX3U2cjNLek1HOEh3eko4X0JtMVlPR0tsYTBjZHlSeEdwazdHc3ZCUDktS3BXdWNLUkp6alVVeEE2Z28yY0ZYeU9tLWNDZm1PdDZYNWtMU2NVZUFibUNRRG9yV1o5b1NMNGU5Q2JEZWVFb0Ric0U4T2NLcHFmeTRpVklyeWxSLUVvX0FWWXgyRVBXbzA?oc=5,lokmattimes.com,"Mon, 18 May 2026 07:00:00 GMT",2026-06-14T20:38:09.845839,data_breach,True,False,candidate,https://www.lokmattimes.com/national/dehradun-zoo-steps-up-heatwave-protection-measures-for-animals-amid-rising-temperatures/
data leak Uttarakhand,"Tourist inflow to Dehradun, Mussoorie continues despite Uttarakhand's 'No Vehicle Day' push - India's News.Net",https://news.google.com/rss/articles/CBMixwFBVV95cUxQWE5hT2J5QmE1YlVmRk1iSUJpY3RYeFpsb0dKWFIyX3pic2JWZnNmRzY2NmJKdkdsaXM5ekZXU2lVT0JGMTVfM2QtSDdXdlo4WXFsZEhzbEZSaGkzcjVOOU45TGpzdlp5bi1OTkxvRXV0MXRFaG5JQWVTVnBuYnNrTzd4X3BVdFd3STJfV2IwcWRtdy1oN2lPd0YyY1dOX18wTEZ6NW9iYk1oTmlJZnpNVTNoa1ZhcjBTcjJiV0laMEd6Tmd3RThn?oc=5,India's News.Net,"Sat, 16 May 2026 07:00:00 GMT",2026-06-14T20:38:09.845887,data_breach,True,False,candidate,https://www.indiasnews.net/news/279054700/tourist-inflow-to-dehradun-mussoorie-continues-despite-uttarakhand-no-vehicle-day-push
data leak Uttarakhand,Uttarakhand CEO Purushottam hands over enumeration form to CM Dhami - India's News.Net,https://news.google.com/rss/articles/CBMirgFBVV95cUxOUGEtbEx2MlMwdUptS3BEQVdRR1NWSjJPaGdKRmNJbHk0aVdLLTV4SnFPdjk2WU9sMDZicVV4dTlKSGtoZlNnclpCUUNKeWgwT2xUcFpNT0VELXllRllUOFBMbHJ3RnVuQXNpVEt6T1g4VkdveUh5R2N3NU9PVjAxaHVyOE5CaEUwVjhNQ3psNy10TEJUSEFyWEg0VFJjdXVvZ1VzTzdTak5wQnhLeHc?oc=5,India's News.Net,"Mon, 08 Jun 2026 18:29:00 GMT",2026-06-14T20:38:09.845900,data_breach,True,False,candidate,https://www.indiasnews.net/news/279109334/uttarakhand-ceo-purushottam-hands-over-enumeration-form-to-cm-dhami
data leak Uttarakhand,Uttarakhand Begins Phase 1 Of Census 2027 Governor & CM Lead Digital Self-Enumeration - ABP News,https://news.google.com/rss/articles/CBMiwgFBVV95cUxPOHhGTGhmcE5QeFliSXdCMGNGdVk3WkJGNTRSZGdoSkVzQjRwVEdxU0JYUVhUUGlibm1YeGpDSGVzZjhNaTBzVUZ4eWl3TTV5TjBmMVdJWkMwVzFyRXRXYXdHb0JCX19NWFd3QW82NF9jOHJ1aGthUkpJU2lzMjFob09kUDZ1Nnc1TzRmWGctTngtRVdpeFNRbDZnWDUyYjBmZDdkWnhQVy1fRzEwVVNnTjZRWUJXSmdOdjd1dDJsUGVKd9IBxwFBVV95cUxPbWs1bHV2bHl2dmNTWW9rRV92ME4zamgzdjhiMDlKVGVjUFp2c2dWS1dJOUs3T0ZmLXl4aUp3dlBnaVExVGg4c2tVS1RrSFNlaUtUN3gxaHh1cFVFWlhxRUxjNjVyakFqMDc4LXlDLWhBNXgtdGtmQWZza2V6WEJSMlFQM2M2QWYzTS1TU1JQa1lydUk5WlhMUjBUTmJyZjRsVnVnaWpkWENpdWwtNWNYR3ZwSlJtV21fOXhudHRSRTlUeUpXdVZR?oc=5,ABP News,"Sat, 11 Apr 2026 07:00:00 GMT",2026-06-14T20:38:09.845912,data_breach,True,False,candidate,https://news.abplive.com/news/india/uttarakhand-census-2027-begins-phase-1-governor-cm-lead-digital-self-enumeration-1835828
data leak Uttarakhand,Uttarakhand: Lightning kills 500 goats in Chamoli’s Nijmula Valley; families suffered losses in lakhs - News9live,https://news.google.com/rss/articles/CBMi1AFBVV95cUxQMWJ0VE9jWGphU1JBNkNIcmFUcW1obVpVR1ZrV1pfMGxEZWJMY2E4TVRQb0x0SkhqenNNX2lSMDZOenp5RE5iTXpvaVItS2NpcEQzUGU2emFEZ3VCRDcxOUN6NTZ2cXY1UDFzbDd0Vk80YXZzenhQTGtFbE5PNG1nRFREcVZOMXNLeTZ0a0xJNC1yT3EybzFpYlJFb2hhTC1xaENZQjFMek5DOVRvcF9iZWlnay10TFIwT0RrRlBEdkN5U29Fd2tWdkFMdFp1QWNGYVd6bNIB2gFBVV95cUxPVllSZFZyS0R2eF9yLVpHRDBQZzhGOEVKWUUtbG9UUno3TEY5bzlLN0hSTmRQT1ZyZWJzYjN6dUxtUnFLRXhKQk42YTREWnNEWk5fbzhoNl9tclBtZmkwMHEtX0w4RUdMRGFjaWlUWWZpUmFUY2h2aHBYNk8xdTd4Ml9NanNocW9VVjk1S0hwNEFtMjJqRU9SVTNKa2FDTDQzd2JybWVmamxuNnl2MWVEaG53djkxQl9mMXd0ci1jVzZQZXNGdzI0WVczS01laEwyc1ZqTjU0N3pzdw?oc=5,News9live,"Mon, 04 May 2026 07:00:00 GMT",2026-06-14T20:38:09.845925,data_breach,True,False,candidate,https://www.news9live.com/india/uttarakhand-lightning-kills-500-goats-in-chamolis-nijmula-valley-families-suffered-losses-in-lakhs-2968109
data theft Uttarakhand,Workers’ protest over irregular wages spread across Haridwar’s Sidcul area - The Times of India,https://news.google.com/rss/articles/CBMi4gFBVV95cUxNemRSaWtLeFZQSEttMFRQSGd5Ymxpd2FTb09ic0pZWWoxUENIN0s5aUYxM0JCcmtzR3BzYW91ZW5MdEJDaU90VFd5WjBzaXlnVUtTOE83NFFsVEpxcVNxWkd3U1lLTUYtQVk3ZV9TWThadk1MMFdrSjM1V1dnTUowN0pLVXVrdHFrQnpfQUNndUgwSmFpbDRsWkVYQ1Z3MDhjdXpNZDhGTDRrT0JmRk05QmFnMzdySnZIV1NrN0htT1o4cVF5czVkZThTOTBtSUVnYWNlcDUyOGN4Qzk3T3NmM3J30gHnAUFVX3lxTE5lQVcxSUE2aGhYTFpNdXVHYk9FV1lVRzlGeDU3SXkxc0xXemZHUEh6czZ2RWxZTGN5SllmWlRoaXdCd3JRTS01dV8ydWV2aWxFZ2ZBMGxSUVpxMTF3MDVCVDlrck50YU9kYWhvR1QwX2xSTkNCNUwtcEhZYXd0LUFBSFNKbEp1cmNDQWpvU0JuQlY1VE9SY3gyRlFWX2xLY0FLTy1VY2hQQ3dsWUs5Q3pRSkxQQlVLZDlKR2lQYU11UTdYWmkyMl9vUVRYc0tDUlBXak1qb0hrQl8zcWRPejhFWVZvRTB3SQ?oc=5,The Times of India,"Fri, 15 May 2026 07:00:00 GMT",2026-06-14T20:38:11.770885,data_breach,True,False,candidate,https://timesofindia.indiatimes.com/city/dehradun/workers-protest-over-irregular-wages-spread-across-haridwars-sidcul-area/articleshow/131123599.cms
data theft Uttarakhand,Uttarakhand recorded 375 forest fires in past three months; Chamoli worst hit - The Hindu,https://news.google.com/rss/articles/CBMi4AFBVV95cUxQZWdXckd6Z1ItWVloeEszcVpWVkdZRGkwcEg0RUNzOHpvSnF1M01hN2Z6dlZwb0dUc2hzZUJpeFZHajVOOS1hSHJ2emM1T09Oc3ZtNHJGd2NiYTdsYnpxM2pLbGFBUEc4UmtrOUFVRVFESkVYLVgwTVpqQ21RM1hwYUdybzZZa2xxQTlVaUNBaXJHX3J6aktZWGJ3VmxIZDQxU1RCRTYtRFdGaWduVjYzVmFyVjBUck5FVFVDLVZMdjYwaWJmMmxhcHBRSEJLbnQtQ1dPN1VSdDRPUUxtVUo2cNIB5wFBVV95cUxNdDlObHFyR0Y2QlROUmVPM04zeUxERl9Jb1hYYnBZZDJoUHAwS2hwM0pYVjhtVkY0NEkwa1psMi1uSGZtMFVYWlpoeHdVWFdvWElRNkdhUHJxZ2hMeTg4cGFEeUwxLVVuWlN2Vl9EX3pNVi1FcHRoRDBWbUYtM1MtV3V5eW5BTkkyYmRDbEpwTGFjVG5Yc2o4TXF5TGlvQk9aSFo0YjJ5X3RuU25TSnowRWNvTTRDT2JxNjdrVGNhcW9NVUg1UTBvYnhXSU02cXFsUjRVdjRqS3lKa0ZXS2VteXlhSE9fd2s?oc=5,The Hindu,"Tue, 26 May 2026 07:00:00 GMT",2026-06-14T20:38:11.770965,data_breach,True,False,candidate,https://www.thehindu.com/news/national/uttarakhand/uttarakhand-recorded-375-forest-fires-in-past-three-months-chamoli-worst-hit/article71025443.ece
data theft Uttarakhand,Uncertainty prevails over the cause of Uttarkashi flash floods - The Hindu,https://news.google.com/rss/articles/CBMi9gFBVV95cUxQVDBXNm5za3VkMG91QzZEM2MzYXNmU1BtaUw4OF9qclBueF8tTjZtZDdrVm13NDBUdkYzSUQ4ZlRIb0FqUXA5QWV5NHNwbGJ6dHU0cVJxZUQzbXNKdHo0eGNQYU9DX0tuMGlvZDA4a3pPWkU5Z0t5Mm5zOTVsSmpScERFTzRXLVQwWW9idkIydHNwX1NndlQ0Qll4ODljaUt2cVRVbEI3MmU2QjhWSzl4Q2VoWTBQZGZMaWNxcHltemlWOUpmTmZJTUUzTHAxM1RxZUhtVkljeDZPZWNxT0JGNHc4WDJDRjRCR18zM1RXc3ZseU5mQ1HSAfwBQVVfeXFMTmdXQS1SWDlfX0d3dVhRZFNqa0VKS3EtRXkzWUZRUEZYNE0tbEpQYkVUa0h3UU1GQTFLdUFzSTI1VWNqbHFMeVgxaWtZVGtCaGc1ZkNxU2hlV19pak1pUjBzbUpMMWQtaFFoWHZGUjdfbTlLcDBmWk9fbnpfaHVNQ3RFd2FERVA4ZU02WV81M2xJaThPNzFfaUJoZ2pVTzNraTB1QkVfVXlXNld5eXFpa0xNRmt6RzMtcG1oWURvMnpZY292ZkgwejRPNDZjT3BNWGkydndDVG1QdjVjT3p1ZnRWMXVzNkFZX0JpZF9WYjhxTk8zZnQ3T0FHUFd5?oc=5,The Hindu,"Thu, 07 Aug 2025 07:00:00 GMT",2026-06-14T20:38:11.771063,data_breach,True,False,candidate,https://www.thehindu.com/sci-tech/energy-and-environment/uttarkashi-flash-floods-cause-of-disaster-still-unclear-with-sites-difficult-to-access/article69905367.ece
data theft Uttarakhand,"No rain, no snow: Dec driest in a decade in Uttarakhand - The Times of India",https://news.google.com/rss/articles/CBMiyAFBVV95cUxOSE52d3JrUUpyVUE0Q2twOE1TOWEwblJMTkNBeUFpSmFJbUdPYWhyQWJOM2JlaXBaT3AtV21IRjRPczFzaGRuYWdtNDgycnJrbnhENVFuZjBhWnM4LUNCQjVWSDlUTWE4Zmp5YnVDMDFySDh1aWx2eVZuT2JwMVNaRzlQQ1ZMMHhveFJRWWxrYUJMX2RnUy13R3pmM0FBcEY5WHg5YjVOR0ZTN3A0RFBxbDJmMWd1Ym9ablNTRzNtbmQwUG44UklHUtIBzgFBVV95cUxOYl9wMjAyek13NzZkZTlBSWhBcHJPSWpZTTM3S1hKZWxXU1A4TzEtanRGcEVCVllzZ0cxZlRGMEdvZ2NCWXhlalVib0VDOUh3ejJPUmd2OEtBTTJTOVhqQnRRQVVwc2ZjTGFkY3VTNkgtVlBJYmlmSExPdVh3Y0JlQzlHZFE1ZWg1UXIxUzk1eEMtWWpxNWktY1A1MDJxaEh3WHRsTkctRnJMa3hiSjdtSFduU1ExcFRVYUZxTDhHQ0pYV0lsNHFEQVB3TEp2dw?oc=5,The Times of India,"Fri, 02 Jan 2026 08:00:00 GMT",2026-06-14T20:38:11.771193,data_breach,True,False,candidate,https://timesofindia.indiatimes.com/city/dehradun/no-rain-no-snow-dec-driest-in-a-decade-in-uttarakhand/articleshow/126292346.cms
data theft Uttarakhand,Preparations Underway In Uttarakhand For Census 2027 - ETV Bharat,https://news.google.com/rss/articles/CBMingFBVV95cUxOTjJGU0t5alZaNzVuTlNicGVEaVBRbi02QWJqN1BHUjIwUk05LTVxY09XRlp6V0NHQy05VklSbDNSdFpENkpBM0VpQmZSUGRMRWxWWFBxX2NRMEJpc2tpRTRuSGN5U3BQQUhPRzlRSE1ES2k1cWN3UHl5ZEgtbzVVYWwyVkJNSVMwaW0yaE5wcTdhUG1Ybl9Ob2x6eUNJZ9IBowFBVV95cUxOQ2NoSmJNSDY1ejFfYThrWGlGZllsaGhZZlJMcXJDSjNubldRaWxyUU5COVVXT1lxRV9iMkNCTW9GVkxLVk9HN040bTUtbHB0RDM4NkUwVV9hZmtIN29qam1oRGk3b0hHOTJ4c2lqblB1SWJ1VndwU0trU3U4eC00ZHlZQjdpcmtORURmQTNpMTZFcWFOXzRpRDhWM2JiNHQ3dGpN?oc=5,ETV Bharat,"Sun, 08 Feb 2026 08:00:00 GMT",2026-06-14T20:38:11.771253,data_breach,True,False,candidate,https://www.etvbharat.com/en/state/preparations-underway-in-uttarakhand-for-census-enn26020803315
data theft Uttarakhand,"Dharali Disaster Of Uttarakhand Resulted From Heavy Rain, Says Senior Geologist - ETV Bharat",https://news.google.com/rss/articles/CBMitAFBVV95cUxOVTI5OVZpU2lDeGFZSjlfU0RRdVVGcExLS1VlSUx5bVcySHVCVTdhTFAtWFNQQ3RzUVpCWHd3LUU1WEJxQ2s0dXhROHB5dExyWDFpX0ZnTFlqTDg3Tnp1M1FVQ2tlLWVkODJFQ0NiUGlvamVoTnNIbkhKNkhMSDZsQ21HNGMzZVF0bEdhZTh1UEtHY2didHR4cVhvOS1iSW95a05FTmcyY3RHeEZtbW9FQVllYjDSAboBQVVfeXFMTktrWFIzeGRVZy1YdkNWczVEWlRfN3JqdmNQOUlzbHpQR3NDTTBvd0hCNHJITnlrME9mZlFrOU00NG5HaE5iR3lrcjRrcG1LTWEtNkJTN0Vwc2h6bmgwQ0JTVlBIaWNGWTNZaFlhdWtCUFQxbl9sWG5oWkI0UUhxNXVSMUtqOW1mTzlmdFJ3ZklHNlk0eENsMk5iV3AxYXdqZTRDaURNX2doRVdkZmd3U1NlazcxcTlfb2l3?oc=5,ETV Bharat,"Sun, 30 Nov 2025 08:00:00 GMT",2026-06-14T20:38:11.771294,data_breach,True,False,candidate,https://www.etvbharat.com/en/bharat/dharali-disaster-resulted-from-heavy-rain-says-senior-geologist-enn25113003231
data theft Uttarakhand,"With 18% voter base, Dalits hold key to success in Uttarakhand - The Times of India",https://news.google.com/rss/articles/CBMi0AFBVV95cUxNLWFxOHc3RHkwZ1kyemdxLWhmRDJ1SkFfNDFXMEEzU3Izc1NJR3Z1X1g5X3ZNeExnMlVDSTZOZzN3QzNnZlBvYVBwaFdpY0xQcElNYnl0dXRXRktpbFFuRldjM2diRnBPejZpMFZ2eG1scmZNQjNSUDFuQXUtdE41XzlPY1Y0MVdXTGVPQkNqNlVrWjZnX205TktCRzNxRUxQVjE2VDlDUU56dlQ2MU90V1NnZDBUWVpnNGtoU3pjQmo0NVd0VmppMnFleDA1aUQy0gHWAUFVX3lxTE1KYWtGOEc3S3JQVmU0alJWS19qM0pqRGdpSmJCYmFZb3dlWFJybGhzcWdDaTRvdWxtM1oxLWlORmNtUjdqS2trSEd5RFA1ajh6R3RldHJwT0Q0YV9CMl9ua2VkZ05pT2hZcVRCaGNSZVN5cFJrT2otak5qZHd3SHpGajRpc3BSMEpKdXlSZnQwR2ZZQzlTZTNVamdyUER6S05kcmczZlpReTBrNUowTWxCUHE4RjA1elp1MklFa21Hak9UcS02RDQ4SnJzTXE2YWxCT2pYdGc?oc=5,The Times of India,"Sat, 26 Feb 2022 08:00:00 GMT",2026-06-14T20:38:11.771307,data_breach,True,False,candidate,https://timesofindia.indiatimes.com/city/dehradun/with-18-voter-base-dalits-hold-key-to-success-in-uttarakhand/articleshow/89838853.cms
data theft Uttarakhand,"Thunderstorm, lightning strike claim 50 lives in Bihar, UP, Uttarakhand - The Times of India",https://news.google.com/rss/articles/CBMi2wFBVV95cUxPcmk3UklGMmFyZlJySHFqeTJVa1l4aWtkZW9xYTc2ZlZ2WnFzajJyNkhaY3Q0SkVFVTJibGFQTkw0M3ZYS2R5OHQzRUZ3U0hOcHZ3WUhKcnZVTUwwSk5VU3VpSVI1NlFpMVc0SlF3YTk5dEZKY0ZYLWgtd25FcFAwV2kyaXhPSGdBemFqYVFkYmZxc0QwM2ViUXdOUThHOTB1UWViWGkxTlpRZzJ1Y2FlTVYzZkNqRzROVnhTdjkzbjZ6S3FKaDAzZEI4SWRfT0ktOVg4TFJGWWU2bVnSAeABQVVfeXFMTXNaYUR0QTk1SV8zeHU2TXk2cy1pMFM4TTVkeHRSOEtORU1tQUJCNjRMOGlpMURMSk85UE1sVkdnVWd3VjE2dUxTSDR6ekRpU2tzWnpWa1dEUzNtWTRpUmdIanQ3c2ZXU3BJb3pNZFpEa28zZkMybXo0UG5KLXViOWFlN3RTcDdpd2JRU0g1SFpRakpYcGUxRzIzYnV2NTg3aW95QXJDeXJhcllWckF2YkROazQ5MVJ4aWFLNDhldFA4UWZDaEsxU2lmbjYxVmNnUmRRYXV0SzB1UTJMSmhLdUw?oc=5,The Times of India,"Fri, 11 Apr 2025 07:00:00 GMT",2026-06-14T20:38:11.771319,data_breach,True,False,candidate,https://timesofindia.indiatimes.com/city/lucknow/thunderstorm-lightning-strike-claim-50-lives-in-bihar-up-uttarakhand/articleshow/120185229.cms
data theft Uttarakhand,"Uttarakhand CM inspects Sharda Corridor, Banbasa Land Port; set to boost tourism & trade with Nepal - The Economic Times",https://news.google.com/rss/articles/CBMi7wFBVV95cUxPWENaWllLUzQzYnN4Nl8zam5oLURCMFZTNFJnRWNiX2ptRno0MGM2bVhhRC1mMGFEbXQzV0tvR1ljQnlTMm5UZC1jQWMxaW9OZks3bm9Ib2l1aU9YNS10Ynp3Rk0tb3FBNzVTMzRBVHJaVUNxWFpjeldocW1OajJlOWpkT3FGSHBPOFIxZ0lNRldtTnN6TFVaYUtXeGhMMWFZdElBd1RBaUZQNmtPWjhLbzFUdWU0MHdPZ2Jxb0xhZUZEZzFEYklGZU5xdF9oQjR4ZTI0UlJjRG93cjRJT1kxSTFGZXJRT1FrV0puMjVLUdIB9AFBVV95cUxOTW0wRlNXS1RCeGFXSjFhMjl6LXdXLVNFWEk1aGt4ZGpMVElpaDg4RmxyNzlBeDdpdWRwX3lKLXRTZENTZGRwUUlLY25PT2VZbWtjd0lzN0MydHNYWk4xVHN2bElvcTQ4cW1teExGM1ZmWW01YURBcmdUTUhLNi10MDdKSzI2Uy1Hd0d4MkU2XzI5QnVlWjBKSXJwbGVzZk5RVFFEcE9SbjhaSl91WGV0eGQ1cUJ4WGJXSWdLQVlpdXB1Qm0wU01kS18xN0VsUk5CUkJmUW13cm41Z19xR3U1NVVoc0N1dXRRZTFEdU5KQ3RBZEho?oc=5,The Economic Times,"Fri, 24 Oct 2025 07:00:00 GMT",2026-06-14T20:38:11.771332,data_breach,True,False,candidate,https://economictimes.indiatimes.com/news/india/uttarakhand-cm-inspects-sharda-corridor-banbasa-land-port-set-to-boost-tourism-trade-with-nepal/videoshow/124785464.cms?from=mdr
data theft Uttarakhand,"Shib Singh , Uttarakhand Kranti Dal candidate bio : Assets , Total Income , Liabilities , Criminal Cases and other details. - The Hindu",https://news.google.com/rss/articles/CBMif0FVX3lxTE5JVmJ3NFp4c0JWczNCSTRZcW5sa3VYZi0tSndQcURlM2ZSQkoxaThwZW9oR0hVMllvN2NOU2VoNUozWmE2UWxibDlyR2IxaGZKMjA0RlktZGRtemlmTGw3Rms4V0VLT2c1UXhwUXVUV05VaTE1dzRwdnNHV0tWTms?oc=5,The Hindu,"Tue, 04 Jun 2024 02:56:15 GMT",2026-06-14T20:38:11.771368,data_breach,True,False,candidate,https://www.thehindu.com/elections/candidates/LokSabha2024/shib-singh-278/
data theft Uttarakhand,‘Chamoli most seismically active zone in Uttarakhand Himalayas’ - The Times of India,https://news.google.com/rss/articles/CBMihAJBVV95cUxPVlBhRTFSZjVYTzlJUDJiNldXRGFZeFFyMzBzVTZsY2ZHTl80bkZMSTh3SUExTnZsX09MeU9SSXVnOHJkUk14cURXWjBadHR5dTk2WS10eEthYWMwWnh4dDA0Y1p4NmJBX1pmVTRGWUVmN2t4TGlaWExRM19vWEo2OW9CejNrVXpIa01kbG55NnRoZXd3YTdEYWttLTR5bjVoSlFvVHphS3lQN3MtMFQ1LVVpREYyT3dBTDdIVHRlZjZ5cE9ZYUY0Njljdi1DTjJKcnlac3hYU1lqUWNtRzF0b2dld0NGOUU1V0pxTll5TXpBTVF5QnRjNHBXYVJTTHNyal9md9IBigJBVV95cUxPbXR4Vmo5UmhCdU1tMEdnQ3FhX05TYWNZaVRUbjVxT2hKNlBUYUFWTW5HeVlGeG55b3ZfRnR3U0NMRTNVWURtaVNMUDUwMV9vSFAtZE9jVGFZXzVFYTBKR0ljOEh1dFJSemY1cERyRFY4cC1rRlV2RkZoYVNjLWdvRlJha3ZUdlZNRk9rd1hBa256amNPTlJhZ1RpRlBFeWh0WDFkLWZRS0N2aFh3d2hJRVdjbXR2VldFLWVnOUV1NUZwdTA4T2Qybl9mY0p0YVU4Z2dmWDkza054NE1zUW1La0Y1XzlqZEctbmhXWml6TWE0bU1LWTlHMHFDb21RR2FXUDQzQ3NfNkJIdw?oc=5,The Times of India,"Tue, 20 Jul 2021 07:00:00 GMT",2026-06-14T20:38:11.771420,data_breach,True,False,candidate,https://timesofindia.indiatimes.com/city/dehradun/chamoli-where-flash-floods-killed-200-in-feb-most-seismically-active-zone-in-ukhand-himalayas-study/articleshow/84562559.cms
data theft Uttarakhand,Uttarkashi tragedy: Isro images show Dharali flash flood reshaped Bhagirathi river; geologists warn of lo - The Times of India,https://news.google.com/rss/articles/CBMi4AFBVV95cUxOa0stUF9NZEd5UWl0SU9uazlYdEdUUEdzTm0zYjNfWC02TEw4YTV2cnBKQ1ZoOHFSbDdVNlZ3bTZ0MDdzUENOZkdvbDNmQUVDOVpLd2p1OFloeTlyS2VaUFd5a0sxbFdmZ05IWkVST0cxaEUxTkw1b3FvRjh5bXZjTnM1Yld3cUNDNmZwbVFoNlhtbHZxYVU5TjJCeS1rSl8wZGYtWENodS1vUkhreVh3bXI3X28xTnZiM1E5MEtib2JsczExNTVRbUNUWkFmUGhZVnlXbWN5SUdma2ptU1gzQtIB5gFBVV95cUxQeUo4QjhnVmpoVHMtSkNHY0E1MFB4OWEzcXhBclF3azFXTld5QU9vMGo3ZE5UcTNzV3dMZk1xcDdfVkxBSUx3NS1jS1UwVGUyQ1FnYWdzcDJoeVJ4djRadkc5eEUxSXdlMXEySFM1MXhTTGNkQTUweHpSMjB2SmdBVmdfWTRLTVR1Uno4ZVBfWGo3VTN5elpZalBvdkRzYUxkbFktVjR1R3B5d1lWX0FjSVdpS1pNbTc2d2J0bl96Smh6QkJYcU5fNm1WYjFLSGdPdWNZeDlwTmktMzlrTlJsa0hrcXp5UQ?oc=5,The Times of India,"Mon, 11 Aug 2025 07:00:00 GMT",2026-06-14T20:38:11.771445,data_breach,True,False,candidate,https://timesofindia.indiatimes.com/city/dehradun/dharali-flash-flood-changes-bhagirathi-course-river-returns-to-old-path/articleshow/123219400.cms
data theft Uttarakhand,"Uttarakhand: Path lab should pay compensation to couple for misdiagnosis by its radiologist, Child rights - The Times of India",https://news.google.com/rss/articles/CBMiggJBVV95cUxQZlFGcHVzNzNpenBjY2cwUlpQaW0xdUFjb0NhTlNDWUF3d3JmRU9vY1pEcTRST2dRb3E2Q0ZDQUhjY0E4N21DVG53WkNFT2VlYUFKaTlrU21rT1BZX2RDZ3VsTUJqU1RDWHFXbFptNFRoRTVLOGx0S3g1dS1fazZDSnJZcDlCMGF5S0JCalBQYmtRRDEwWUx2LU13UENXdmhrT2R0U1dxN3JYeW5JZ21ZRXpoV0VUS3R0MHpVSXR6dUh6bjBmRC1SMm5VczFIaktSTzhpOVlYWXB2M0FROFh1VjZ1dy1XZjBubEtydDZac0JiUmduRnlQLU5lOFRWcXhJRXfSAYcCQVVfeXFMUE8yTTliU0c1ZkdQOTBxWE5DYnozcTlSdjBYb0FfMnU2NnhiSHVvOGdic3NCMjdycXBlZl9waE5zUElXNTl3ZDdiT0RXbG1jYl9sSEU5bWRvZ29IM25Rd0VqLVZ0MThWZTNWaXlYVURTYTlzRTFLeUhMXzZZMG9SSDlPU1NHMHBpNFFHSFU5ZkduSlE5V1pVMXkxUi03cmpDQXAyS1ZiWFJvS2dhODB3dURDX2c5UXdwLVNyQ1ZnRFkwbXBtZFdpY2dKUXdCZXNrZ216em1sNGpEdjlrdjk1bWg4NDJqSDVJalZZNEtpd0J4WlplVE5RUVg0b2x0ZFVTV1hQQ2V4UFU?oc=5,The Times of India,"Thu, 22 Oct 2020 07:00:00 GMT",2026-06-14T20:38:11.771459,data_breach,True,False,candidate,https://timesofindia.indiatimes.com/city/dehradun/path-lab-should-pay-compensation-to-couple-for-misdiagnosis-by-its-radiologist-child-rights-panel/articleshow/78794796.cms
data theft Uttarakhand,"Cloudburst causes floods in Uttarakhand, alarming rise in water level of Tamsa river - The Economic Times",https://news.google.com/rss/articles/CBMi3gFBVV95cUxQd2hyYUgxelBmQ1lHN0xoTzl4WFF6Y3Vpbk9ReHI2aXl1dkFCOHdwUFUxYTBOQUd5bm9Zb3lfRG9IUjN4d3Azbi1LMWFwa210WXBQVE5EY05FUzdLLWhNSVoyQUo5SVhtUmJ6Y2VMU05ad3JSYVNDVnFHdENFLTBTdEZUS016VGctRzJ6cUMwTlpzcktWMUYzT1dXMmVLd19NMjN1Qk1mUmlCbHA0UkZmM0RRVTEyMWtnS0NibjNUUWlYak5XekZTUGVfY1E5UFV4WUluQl82d1pDOGQ2SlHSAeMBQVVfeXFMTmprem45T0c4ZVN4RkptQXhSZDNobGhqNm9OVGl3cERrSmVXVjdMRmNPc2RndktKTFpxUC1LX3RTeHhfV0wtakgxVHpVbE00S1lUZmh3dGtUV19aejRVQ0VwUG1mX0tOUWVCZFBBckc3WFVmaUJCcUF0VGJxNE9iQi1CbFE2a1NiMEZ0QUhOdWk0ckNHZ252NlVab1V1MHpjRHl5aEp2cHdNbTJlUGFVZWZLODBjZzlkb1dJUTdWUlgyUGQxYWFzZFZHUklKUDRIcDdESTFFVmNZejRCeTNoTTA5czA?oc=5,The Economic Times,"Sat, 20 Aug 2022 07:00:00 GMT",2026-06-14T20:38:11.771521,data_breach,True,False,candidate,https://economictimes.indiatimes.com/news/india/cloudburst-causes-floods-in-uttarakhand-alarming-rise-in-water-level-of-tamsa-river/videoshow/93671194.cms?from=mdr
data theft Uttarakhand,"GoI has given permission to distribute millet, says Uttarakhand CM Pushkar SinghDhami - The Economic Times",https://news.google.com/rss/articles/CBMi8gFBVV95cUxOeGJoMnZBVDlOM28yNjYxRno2WWJiRHhPUlNHM0pvbXpwZURMSk42OHRLTWRhUDhxWTVONXYzaXBDbUhyS0tidnRXRVY5eV9OSkdVS0pjbUlWU0x1UUFvM3JiVW1FeTZVSnFpNjdQVEFIQWNIbS0ycmF0eDlVSzV0NU9NcWc5WnlWNnZmdkx4LWUzdmh2UWt3LWhhYXZPdk5aRndqZmZUYThHSDlSRzBRNlBNdGRQUFlVeWM4LUZzOFQ5Q1Nmd3RmR3g0STVIZkdCYm1aamZqZEJXZlBITGE2V2ZHUVZEQUFwWTFQaVRaMV9Hd9IB9wFBVV95cUxPYWRabEpmZlF4M1hFYTRmcm9NVi1RR3pvWkxEbWY2NG1FVEpubGN1VGgtelJyRHJGaEZUNmV3VE9lak5jVndITkttWjZGbXAyZEtHMkstb2g1UVFlOW9mMzExcGhVd2ZkUTFxSVAtaEEwU05NMERNZ1NNeUtFQ3ZyZC1ndm5EZ3VNdVBTN056b1BLcGo1WHg4Wlo3VG1Va0NaSDd5RDYzYnVkQ2VtRzVOUFQ2RWc0bFBkak9SdUY2YnNOWHdfa0hxTFJsM0hQY1pHbmtzNHpGbUJnVGZRYVFrTlpVTWhBTmk3S3hPdkpQN24wNWdWYjRJ?oc=5,The Economic Times,"Thu, 29 Dec 2022 08:00:00 GMT",2026-06-14T20:38:11.771569,data_breach,True,False,candidate,https://economictimes.indiatimes.com/news/politics-and-nation/goi-has-given-permission-to-distribute-millet-says-uttarakhand-cm-pushkar-singhdhami/videoshow/96603453.cms?from=mdr
data theft Uttarakhand,Rs 50 Crore Cash Stolen from Former Powerful IAS Officer's Bungalow in Uttarakhand Hill Station? - The420.in,https://news.google.com/rss/articles/CBMiogFBVV95cUxORGlvbEpCS0pYdE4yRnU5bjB3ZWFKei1CeUdvZ2FvNmE2NHF6VWZYQlNYN2d1QU56T1V4YWVBZXptLVY0Qi1fY0k3Wmw0V2FvVmlxWHA5OGUxX3l1LVBxTmd6NWxxeXNXT1dBT1l3bWljRWZOUzJ6NG5FT3hUWlRfWVdfbDJsMENjNXNBR290bVVzUjBNY2RyUXdSYjN0WFE2ckE?oc=5,The420.in,"Wed, 25 Sep 2024 07:00:00 GMT",2026-06-14T20:38:11.771595,data_breach,True,False,candidate,https://the420.in/rs-50-crore-cash-stolen-from-former-powerful-ias-officers-bungalow-in-uttarakhand/
data theft Uttarakhand,"Uttarakhand: 5 IPS Officers Transferred, Sukhbir Singh Made DIG, Intelligence - Indianmasterminds",https://news.google.com/rss/articles/CBMiuwFBVV95cUxQR3hxeTVBbXBMQUkyQVJSWDJ4U1hSaU1yaUZXbFNSSzJTczZ2VnlmNTVsNTNZYlFJNWdvOVN4SmVVQlF1V2xYM2FCbHloMkxMcU5JZVYtaXh1M1d6UkpiRU9JNVNmMmpadnU5MFVOY3NCTTF2WkVLTGhLZmJiRktJXzViRGt0SG1xZjl3NlVxUVRvX3dXY1NvM1cxV1VHUXRsaEMxYklDVUpaV1V4aVFjSjhoY0g0NUszb244?oc=5,Indianmasterminds,"Sat, 06 Jan 2024 05:49:36 GMT",2026-06-14T20:38:11.771700,data_breach,True,False,candidate,https://indianmasterminds.com/news/ips-news/uttarakhand-5-ips-officers-transferred-sukhbir-singh-made-dig-intelligence/
data theft Uttarakhand,"Missing for 10 years, Uttarakhand man reunites with family after being declared dead - Daijiworld",https://news.google.com/rss/articles/CBMiZEFVX3lxTE5SbEo1c09GTDVSdWpxVDlHdGVHbDdBMU5rQ3I0UGQ4WEozZHhsMENLbFlFN0ZsZ2J1NWNxWVlFRDlvWEktX3NMSTBZVi1hYzYwTGJsSEJoUmR1M2RXVHVNRzBkLWQ?oc=5,Daijiworld,"Tue, 09 Dec 2025 08:00:00 GMT",2026-06-14T20:38:11.771713,data_breach,True,False,candidate,https://daijiworld.com/news/newsDisplay?newsID=1300298
data theft Uttarakhand,"Tourists Steel Paneer Outside Dairy In Uttarakhand's Nainital, Viral CCTV Sparks Anger - Mena FN",https://news.google.com/rss/articles/CBMitAFBVV95cUxPSUNiQlZWYXQ3U1BTd002NWdqQ1FnMjBGNEhuNVIxa28xTmphT1FkQWRYNXI1MFkxLVZyekhKSG5zQ0tJQnN4bFZ0M3BxUUVDTGhOQXV1VlhfWXQ5dnNlR2RKUmtXN3FlSlJyNGNUdThnb0J6c2hHajdIM1dwN2lVQ1M4UzlQWWdKZGRQRVlIN3hubWdZaTExM240Rkx6aG8xaVZJRmpHemZJNGlYbVdYek5yVGk?oc=5,Mena FN,"Tue, 19 May 2026 07:00:00 GMT",2026-06-14T20:38:11.771728,data_breach,True,False,candidate,https://menafn.com/1111137504/Tourists-Steel-Paneer-Outside-Dairy-In-Uttarakhands-Nainital-Viral-CCTV-Sparks-Anger
data stolen Uttarakhand,'From 150 members to 12': Uttarakhand gym owner counts cost of becoming 'Mohammad Deepak' - The Times of India,https://news.google.com/rss/articles/CBMi5wFBVV95cUxOdjZuak16U1Q3XzcxeE1SZVVLOHBPcGYzbjJsZWM5RzFxclY2eVV3clkwbUZXTDM4Yk4zX2k3UmpUYkI2dWxwTGZ2MURKVklNQjQtOTZmSjBGOFM5M0dtbHFSSEY0ZnMxOFVGc3FKWTcyaFFGZFZzZXZDQUhhYlhhZmV2enpHVVpFcURmRXIxZ28wbFlKLVVmSW11c2diSnowdENQc2ZUSXB6SzIwZVlhVjBURTl4Y25pNDMwWnBnUXA4Nzh5Z09XTUU0dXlYd3lSamNiSUNnRV9IXzlCUURmamJLMl8xSlHSAewBQVVfeXFMUGVlck9MWm5uazlZdHNoc05pTkVqRlNDczJyMFBDUG5SUWdheWJrRHhkYk5SWkVZYk85cWpNaUxSMUpEdGRvc3N2VFpVclJKOG9jNVlVS2F4TGFzbk1fQXZzeU5qS0xHQzEtMEhxclZGLThRWHBTTWR5czRld2Y4NzR5NmZwQl94WTBOOTl4cWZnQjE3QVk2OTRGbVZxOEVIVENfUTg3dV9SNTdhX09YVVNranhTUE1aTTBwOHQ4SnRCaWNVUGZsbGh3MFVWY2lNTGt3WkVLQVItclpNeWhOandzWHpVb1VJSWNzQUM?oc=5,The Times of India,"Tue, 10 Feb 2026 08:00:00 GMT",2026-06-14T20:38:14.419704,data_breach,True,False,candidate,https://timesofindia.indiatimes.com/india/from-150-members-to-12-uttarakhand-gym-owner-counts-cost-of-becoming-mohammad-deepak/articleshow/128170321.cms
data stolen Uttarakhand,"Himalayan heli-horror: In 5 years, 21 died in 7 chopper crashes across Uttarakhand; toll highest in count - The Times of India",https://news.google.com/rss/articles/CBMiyAFBVV95cUxNY2hRTGNzNDlJTy1oamY5RU54eU1ubjFKbkduM1JvUzFUMm1jbFN5RF9NZGtFZ2hTU211MGk3YlpZR3NKcXlldU05azgwSEFCbnRPQmZFVThkelVuZFYxX0xOcVZEcGRnTEpCcmRlazNqOUtoejlMT3VramVNTnJGUndaZUJJM3E5QXZDd3Fka0p4ZWpoYnBHbVFua3B6M3FoQk1RcU5zcHl4Tmg0UjRnb04zdWZkUUdRenotbzVjbzhGc0JEN2dLb9IBzgFBVV95cUxNM0hnLWFRRVFJOW1DUTdXRnEzWW9qeVVXMHh6Y1c4SE9GZTJLajNKeEpiME5TcDdVZi0yMGh2TXduS0RiY0pCV1ljaEJLbFNNZnIyR2JyQ19Dc3Ftem5sbTVhMWlpb2preTJUcVl6QjVCTDJteGJuLXZ4RWdoRnBXc1MyT1VvYWcyeHdKcTBnem8yVExwa04wNG0wamlkSWpPeFpWS25vZy1RMllQWVpiUjk5OHdxRnRGN2Z5U3VpY05yRmRoeTJ3UnprRmxrdw?oc=5,The Times of India,"Wed, 30 Jul 2025 07:00:00 GMT",2026-06-14T20:38:14.419742,data_breach,True,False,candidate,https://timesofindia.indiatimes.com/city/dehradun/chopper-crash-toll-highest-in-ukhand-21-dead-in-5-yrs/articleshow/122981208.cms
data stolen Uttarakhand,"Cloudburst in Uttarakhand's Chamoli: Houses, vehicles under debris; 1 trapped, another missing - The Times of India",https://news.google.com/rss/articles/CBMi8AFBVV95cUxNc1ZTNEYySkc5U0FmazJqdGRZMUpvdE9semZGanFLZkt0LUI5UVBIQzUxLWtjWl9FSzhuZE1wdmpQLVJTcC1WQ2VZU01ra3F3VUh4ZGJXTDJoSUFwWk1SY1JUX19leVFUWFQ1WHlCWDJfdnhmTk5SNW5ZT1hzRlJVaW96RzhsWjJROVU4RC1NYUFKWlVoMWpDSmRMZHFkNGtUNy1RUG1mcE9UZG5YR1l5U213M2VtOTk4VU5ETmRQWmNON3hVem5xcUU0ZE1fOUJMTUphZ2NpRlUxNGhZa1RFQTdTSFNJeWlWMEhjRFQ4TkfSAfYBQVVfeXFMUGtDUmVuVENqM0xwakJUOEJ0Qks4MTRPWGVKdkFZa3gtMXh5NGRuTjR6Y2ZQcFpaTjBabDJRQVk4amFSSkpvTzdxSDFBWk5YN3JmVENLWUctSklYanNTRWl1UVVSVHNyeWNzTlJBcThmQzE3a1gtb3dJT25lVDlCejlMS21DeUNheTRacTh5MHhIeFZXZWxaRXJvbHVVSGFNdUxncHI5SFhBYlpyd0pqQkxTczNqMTZobXVKNDM0aFI4cHhCMlJtNUxvdl9hNy16akw0UUFHWHpUT3l6YVNGd01Ld1JuY2tOZUJRd21qaENNQXNsdTFB?oc=5,The Times of India,"Sat, 23 Aug 2025 07:00:00 GMT",2026-06-14T20:38:14.419750,data_breach,True,False,candidate,https://timesofindia.indiatimes.com/city/dehradun/cloudburst-in-uttrakhands-chamoli-houses-vehicles-under-debris-woman-feared-trapped/articleshow/123464292.cms
data stolen Uttarakhand,Uttarakhand floods: At least 10 Army jawans missing; helicopters on standby for rescue operations - The Times of India,https://news.google.com/rss/articles/CBMi9gFBVV95cUxOTTF3Nllyck1nTndvUUladGx0UGZna1dGc05Kc2liSDRCV3otNm9YWS1TbjVjeVU1LXJCVklMNTktYXdVQVNNajRUZGpRd2tOUzlTcVNDVzRUdzdsNzJCbkFHTWpTOHMyOHR4V1JGSWFkOTlRajlFZUJaX1BGbkdzdXp2TE5UcDYwaVZ6dnRJR0RQQ3h6c1dWVGZoNTc2ZUp5cF8zVm00anBxbDVRSVJkLW1LNjZEQ1h1T1BNX21UeDR4cnZ6ejg4dldzY1RILXJmWHBiUjlqR3VqdFZCVXNUN1BOMTIxQlludDhmeWhRTkxXOWpfZHfSAfsBQVVfeXFMUHRmU3VmTTFWMGdhUlgtVWlfeVFmS1lNVmpVTGEzYWlYaklqUXJhZmRIb2JjM2lRU1UyUEcxRDdhcW5rVkRlQlI2SjVUcmxrX21oZHl3UkJOdXV4NVdTaTI5WWVJR3V5SGFqYjRQVFZvekMwcTVjU2k5a05rT2IzRXVOUVFVbGNhdFhQUGRWRjQxUmVqSjFCc09kTGdyU0VtRjFsYTllNHlBWWxzX0w2Y01CTURabTRHVmlDbzhDQ2llNXQ4ekZBTkFFc2xVS05xLUNwbkRySlFEdURxSWJZUjktMVdFc3JBWE5CTmdHMXNUQkg1dDFZVERoRlU?oc=5,The Times of India,"Tue, 05 Aug 2025 07:00:00 GMT",2026-06-14T20:38:14.419765,data_breach,True,False,candidate,https://timesofindia.indiatimes.com/india/uttarakhand-floods-at-least-10-army-jawans-missing-helicopters-on-standby-for-rescue-operations/articleshow/123122283.cms
data stolen Uttarakhand,"Why is Uttarakhand getting hit again & again? landslides, floods expose risks of unchecked development - The Times of India",https://news.google.com/rss/articles/CBMi_AFBVV95cUxQdGFYcGlqNERpalhwWmJRaW04Z3Rjd09IY1djSm12bkh3Nmk0Ym16OE80dW53R28xc0MtSmJ6VTlGVVE2NThocWxMdUJ5U2MwbFpDQlA5Ti1RM2VCdFNsOE1iVTdocjlTVnJzbVZzbkdyQ01FOXVrNDFNRzRWeXRTSEZPTzc4dlJDZDJFUTlGbzJ6VEE5RWEyYlBNN0Y3NUc2ZVJuN29RWVRWRTE5aF9kMG9FcXhLcGd6QU5aX0FMU2JwamthT0Q5UXl2NEJYQ2w1QVFDcmFIVlZENnF0aDh2a1BkZEhFaUIyWEtHRXg0SVdBdEhVY093cHBRamfSAYICQVVfeXFMT3FhRmx1aVBqMmpkWGRKa0xQVkNEbXNRcWZMWGxWdlNQaTVNbmpxRkx3R19qSUpoVXdKMngtcWlYYUpTYVBhLWh6U1cwdmJHQ0VoVjhyWHpYQTVsTDdKYU44bGl5amZDV1p6aUVnQVhPRkRBV2JDWGhURFJVTko1eHFsdGRwZGl5ejRJdnd3bXcydkk4Q2hZcnViWlEwTXFXLTU1TXhvUElkWi1kQzNmUVVUSC1fWUt4aEp1Z2phQTlUOVZMdnozTFVJSW1LTHAtVVVoeXBZeEl2VDFzZ3g3N1NMcWQwOUoyMXhFOXNGZ2pVamVtN0JURXdiZi04cU5SNDBB?oc=5,The Times of India,"Mon, 25 Aug 2025 07:00:00 GMT",2026-06-14T20:38:14.419781,data_breach,True,False,candidate,https://timesofindia.indiatimes.com/city/dehradun/monsoon-havoc-hits-uttarakhand-again-landslides-floods-expose-risks-of-unchecked-development/articleshow/123486852.cms
data stolen Uttarakhand,"1,569 kids went missing in Uttarakhand in last 3 years, over 1,000 were girls - The Times of India",https://news.google.com/rss/articles/CBMi4wFBVV95cUxPcExONFZtR2dZYUN1MXUwUmlRNHB0X01URGZxbGRwUnc2V2JiYndwdU5uWG9TYjlqSENkbHNPRjBwcTZIeXJuMUtZaGJWV2pEQkxtdFRkWHhFNHI2NG51T21Kc1RFNThoVGhIQzhmQnNTUTd6UGg1cDNfZkRncDZITHRuZ01uZXhYSXpjRnFBUGJJbzZuRE13R294Q0hjUlFXS1pkcG5yejBrMG9PcjZma2lISUhGWFBjZHhHZ2tRZGdzTnlkdWVhZU9EWVFKbFBhS2dTV1RuQ2NHVHJ1MXpSMGNqRdIB6AFBVV95cUxOZVhhQ19aRGRrSF9GVGFrUzdPYWRaRWt0QXRBMEVaNjNZbG9ncHRUUjdKVEQ0eldvNjFzdEU2YW1tY1UtRWdQU0VWM2JReUplRW9lSGxGWXVjd1I1ZGtxYVlhUngyUVhNNnlLRmVNWll3RklOdWhoUmVZUzJISzExcjlxT1d5cTZQUmw3ZllReWlhRFlld09qbUIwY1o2a1VWWW9qZEUxc0x0R05qcWg3R1E0RXZPeFBIVnhTa09mWGxOcm91Q0Z2am14RDJUQ2ZidGF1TlpFWndBY3dCMHRtaDIzMkkxUzVh?oc=5,The Times of India,"Tue, 13 Dec 2022 08:00:00 GMT",2026-06-14T20:38:14.419809,data_breach,True,False,candidate,https://timesofindia.indiatimes.com/city/dehradun/1569-kids-went-missing-in-uttarakhand-in-last-3-years-over-1000-were-girls/articleshow/96185032.cms
data stolen Uttarakhand,"Uttarakhand: 43 people still missing in Dharali flash floods, says govt in first official note - The Times of India",https://news.google.com/rss/articles/CBMi8gFBVV95cUxQZmZFZnBjNDA4a1U3bWVvSzdheTd5akZkbndJZFRtcGtnbnNiSTlBMXNyV3pUeW5UNjlTMF80d0VIWThhTHFTSXNCbEQ1aVVfODZONDRVOENrRHNDUHFWZG05cmNKckxmYTQ3MVF5dDdSU1FsREFSU1dXblB0MGRWNjhPZTBsTjJnQ0FDYlVHdzQ3UWVET1VNUXdyUGVQRGFrLXBlb3lvVG03NVM3M2t6Z1pNeUtrbTRTX2ZEWW9oc2JrWnFlVkczVmZuekVWcXJqNEZWanR0T2VNb094d2JNRzk5X2VkNXYyZFpaZ3ZtYnduQdIB9wFBVV95cUxNR2YwMFZWT2NqeEdyNGExNFlMSFo4RDF3Ti1ocHlYQksySE9ONFJZT0dxdVp3M2x2ZHNEQmY2M1hYcmV4OXEtMzc0RmhRUVk2ODRUeTRiQzRaNzRjV3ZTUGI0aktSY3RzQ2k0TjBTN0NHOFk2SklXcm5ibThQU1NIREtSVmMxb2gzN1NfQ1hKTU5FYl93aHVOU00xSTBMc0Rrb000S1RTdFFVUTAtQUdEZEpWWmF1ZzdhdXoyV0VqVFlJUHlDczlfOWFsUUVlemxvRGJrbzh4Ym1JZ1JrMGNONzlSU21YSllKbFRSRmJQX3dFakxaUDVB?oc=5,The Times of India,"Tue, 12 Aug 2025 07:00:00 GMT",2026-06-14T20:38:14.419817,data_breach,True,False,candidate,https://timesofindia.indiatimes.com/india/uttarakhand-43-people-still-missing-in-dharali-flash-floods-says-govt-in-first-official-note/articleshow/123245886.cms
data stolen Uttarakhand,"Uttarakhand’s economy soars: GSDP rises 24 times, per capita income up 17 times in 24 years - The Times of India",https://news.google.com/rss/articles/CBMi7AFBVV95cUxPWDFuZzU2TXVZUE9sekYtcFdXZF9aYm9GM0tQbmsxUWEyU2dCLTdrRGdyVk1RM3VjcHpJSW5YT051dXlDcFloTHFZb0RUbzQ4SVhiZ2hLQjNiY2Z2eEJZSTdHcDVHeGh5TVI3VGIxUnFzeWJUMno3NzExU3RIbUJ6RmRxYlM1bmYzdEk4bGoxZDhRNUc4Y1R2aWhOTEY5MGhpVWpYX01rZG5DUDBBclo2TlJGazN4ZUVMdEhETzVQNHFQQmg0STNaMGQ2TWlEdkF1QkxBbnlWQXpvVzVtYWkyYmRycWowUkFadnIwc9IB8gFBVV95cUxQVF9iYWVTYUthVVlXV3FtcXU2R3RhN0dEMHgzT3RraThubnhENHluWEhrTi1TQU5RM01uMThHUDRhWXhTYWRpUkQ0cjB4cGhYRUtHblJmTjNDVVEtZnYxZ19kSTB5UzVWcHR2cklzdGNESS1ucm41MW95SHQ3R000Zl83YWtkWnBoajNEMnVhVlV2YzFrdVZhWnVsUDlWdHh0SXgtNnRQXzRYekVTN2pmSzJLOGhlVThMTG5wd19CZmxaU3VtREpBTXphSlZqTk9DRVZtbFQtM2h5UlNtZ25oZUgwbzJBZTlrQWdYandvZGg5dw?oc=5,The Times of India,"Fri, 08 Nov 2024 08:00:00 GMT",2026-06-14T20:38:14.419824,data_breach,True,False,candidate,https://timesofindia.indiatimes.com/india/uttarakhands-economy-soars-gsdp-rises-24-times-per-capita-income-up-17-times-in-24-years/articleshow/115070308.cms
data stolen Uttarakhand,Uttarakhand Open University to conduct semester exams online - The Times of India,https://news.google.com/rss/articles/CBMi0AFBVV95cUxOVHQwSWREYi1xUTNCbDdMemw4TThQUXRSaWZUWUZtX0MyVXMwUzl1NjhjRjlUWG9KU0E4SjB0UkZDNWdSbGhLbXo3Mk03SFJJVk9qdnlScmp1d2dHUnFaRUpRdklORXlRa2NYal9NRkJzZWxtVUxib2NrZFMtMGhLeHNGOGdwQXdsZll6a2cxdEJYS1JBWUdNdkppSzRKOXNOTjdJa0wtNWo3ZzRQSlh4QTllb21ib1NIWnE3WHBTdnpjekFnTzR5Q3FLa1VnUzNx?oc=5,The Times of India,"Sun, 13 Jun 2021 07:00:00 GMT",2026-06-14T20:38:14.419840,data_breach,True,False,candidate,https://timesofindia.indiatimes.com/city/dehradun/uttarakhand-open-university-to-conduct-semester-exams-online/articleshow/83468727.cms
data stolen Uttarakhand,"Death toll nears 200 in 4 flood-hit states, 9 die in landslides in Uttarakhand, J&K; rescue operations in - The Times of India",https://news.google.com/rss/articles/CBMi5gFBVV95cUxPQjlZOWs3UkRabGExTWRfeXF6bk5mbkZjdjZReWxlRVVVekRaZk5YTklWaUNaQ3l6UkM3TVhMYXExYzRJdjF0T2ppdGVlLUxJZjlQU0RIV3R6RGJsaWQ0bzJKRjZmSmxJajdVbjU0SjgySUdncFp1M2U5T0RncXBsMkVEbW1ONGhyNThfNFpreFFtWEVtVHFiRmxVV2xBREI4NVZSYVBnN3lVc28zRng2dTFMM2I5d1RxcDlyNHJTYTlfQXdpSE1IanA3eDh4N1p4Z2hLakFnTlIya1NjRXlBMkRhOUJmUdIB6wFBVV95cUxQeHBHb0VpOU5SUTRubkhZUEdTb2JrdFNQeHdMdTNCc0pNbmNuc1RyWmN1blVhd3o2R1ZMMXhLYWs2U3ZFNHd1X1RaekYyZjA1NHh6NENtcWN5Y3FtSV92ZkVMcldGVjlzSS1SXzNCcVZIa1NlaFJoYzk1ajVZVG5tUTJUVVlMc0JGSTRMczBoejNTZVRsQ01nTU5GamtFd1g1c3JJNG9LN1dXd1lRVWJQREZtM1M2WFRaMU05SEMwbTZ1WFpqVGQ4d25QN29RcmQ4ZkR4cDhfV1BPYlBlcHd6ZVp5S3BoYjNQTVRJ?oc=5,The Times of India,"Tue, 13 Aug 2019 07:00:00 GMT",2026-06-14T20:38:14.419891,data_breach,True,False,candidate,https://timesofindia.indiatimes.com/india/9-killed-in-landslides-in-uttarakhand-and-jk-death-toll-in-kerala-floods-rises-to-76/articleshow/70646004.cms
data stolen Uttarakhand,"India: Hanging glacier broke off to trigger Uttarakhand flood, say scientists - Gulf News",https://news.google.com/rss/articles/CBMiyAFBVV95cUxQazNfdlpjbWg3bWxDbm80aW5YQkZESVZ0VGEtUFlLTG9nd21PeGZpbDNlLVVfREk2c0xiVHJGaHZZUHFzbzBJYVg1YzlhamNhYXVQRi04Q1lFNGNCdEphVWxVVzRNR2NLWWJvNWJlS3Q1a1diVWY1V284NEpGZ1BsMmtkb1lPcFY3QjVXN1JPVVhwYnZKOUxocVh0TEZ0a25UNHdCUU83M0o3WDdXaDlYV3FId280Y2xPa0ZPOFcyeVNab2NieTY0SNIB3gFBVV95cUxPQjl4WHhYRWt5d0JQRlhTdF82ellEQkNjZmpVWXNGS0lvWXBWWmJKTkF2czFXYW9sSW1BTVNHQUI0ZlRidk9CN1hGOFR5b0JfNC1tN3NLaGc4Qmpzamd3YmEyMjBoTkF6akpXQ05kemhxVWxoRUg2QnZDbUkwaFFpLUx1Z3NzNHZnQW8wX2w2RzJQbjZMZXMtYVVxMTRfcW1OWVRwQzN6Mjl3amhCc292SjFHaGJockk2Y0REU2FCbEs5eTFORF83X2RDcDNpVmdqOFZaVGp6OU1adDdLd1E?oc=5,Gulf News,"Thu, 11 Feb 2021 08:00:00 GMT",2026-06-14T20:38:14.419898,data_breach,True,False,candidate,https://gulfnews.com/world/asia/india/india-hanging-glacier-broke-off-to-trigger-uttarakhand-flood-say-scientists-1.1613034261292
personal data leak Uttarakhand,"Uttarakhand Interfaith Couple's Personal Details Viral, They Fear For Life - NDTV",https://news.google.com/rss/articles/CBMisgFBVV95cUxNSlV6YU9TcHBSQVNHaEFwVXJvUW0wUV9QSE1IbGNreE52aERDaGs3OTNjdXNENkhoWDBvVGYtaHFsOW5nSTlFQVdVX1l2ZXp5YTVRdHpXUDljd3FpcUpGZG15Q2o1NUxwNXVkaFBieWVwN0xFUGVtdHU4bzdaUzREWXoxSE4xZm5CVE5oYW44QU5QeDdjbzFKeGNibm9VUFZPcHZaRHBlemFKQmVGd3JsMWd30gG6AUFVX3lxTE16c1BqeUNvRHp5OXpZcU5rWGk1cHI2N1VNZTd5R1MwVWRuMVZFSU5CRk9jVW10UnJER25Va2tTMjlpbEtXU1VOM0thS0IxNEZycnh1RExmdmdVekpOT3hLRk5kejYxYk43eThVbFozOUM3ZlpFVVRWVEQzNmV1VGZ3bVBjYWFpS2JObW5udEotRHEzOHlYUDNVOHpyVFBLSGdDU2lKd3A0LS1CNmNlT0tLRFEybmtIVExjZw?oc=5,NDTV,"Thu, 06 Feb 2025 08:00:00 GMT",2026-06-14T20:38:18.484685,data_breach,True,False,candidate,https://www.ndtv.com/india-news/uttarakhand-interfaith-couples-personal-details-viral-they-fear-for-life-7647167
database hack Uttarakhand,"SSC MTS Recruitment: UP, Uttarakhand STF bust gang for helping candidates cheat in exam - Careers360",https://news.google.com/rss/articles/CBMiuwFBVV95cUxQc0dheXpReUJQQ3YtV2dFZURuZkM0VHh0WFF5UkU5ODJvQkhIMThNMWlrWC1uT2V1a04wekZCSmU2UklYa3piemhtOUVhbGNHbzhsWjJFNHZMY3lVdHZzSDR6QlBueDlCWDFMRTJWQm1tbmhaZXRhR3Z6enRLY1dBTWs5NzFfcmlRLW9oaV92cDJIN3hUTUJPRVp6czgwR2RCLUxIUHZhQl9JRV9lUDNLTmUyTGh0dkU5eUFR0gHAAUFVX3lxTE5CRDVhc1NJRm9nQzh3UDQ3V1o3YWZXelNROXByc1h3VjJTaTlRLXhERzNCNXpXLUQ1V3BaNUNsMlFCRUFFa0xKTVBKbzVEQnA5ZFk2MkdDUU1TN1B1TThCbTZ0bTdCSXg5WDEwT1NaRlo2SUEtUUNwd0hDX2czd0Q0MzZhMDdoM01aV25TX21iOWhXT05nanBxSjZfdkpOeVRZMXl0bzQ0M1JhUjdxM19MRXdGODMzUGpSQ19NQUQzYQ?oc=5,Careers360,"Sat, 14 Feb 2026 08:00:00 GMT",2026-06-14T20:38:20.329526,data_breach,True,False,candidate,https://news.careers360.com/ssc-mts-cancelled-up-uttarakhand-stf-bust-gang-helping-candidates-cheat-in-recruitment-exam
database hack Uttarakhand,Uttarakhand among safest states for senior citizens: NCRB data - The Times of India,https://news.google.com/rss/articles/CBMiywFBVV95cUxPWDM2SlBna01DMnFsRmdoUDlpTjVmOFNUXzdBUEV3SWt5bUE0XzA2MmNTendwZUZIb2doWk54Mm13alRSa3lWYzExLXZNTDVaUHlGd0todWRXcXBNMUVUSmVnWmoxVkNXNmN3VUdIUU9ycDE1NVJWMVpCRHB0MVcxYXI3R3llX0twSThkTmh6akM3U3pheDlYYk1zMVN6Zm82NDJCNDhQZkFPWnVjSndhMUdVTnM4Q084ZzVLc1VwclVLRFhaQ01mb2lhZ9IB0AFBVV95cUxORmFibnJtX09HQWVxQVNCV3hIMnRkN0RIQUkycXVUWUN2ZVk1bUlsZm1EcFBYQVlZV29WSmJ5aE9BLVgwOTIxSGRSXzNqZ2J1RnNGRzNCM0RWUURwNkktaUhyaUpOWTFVbkRUZE1jb1k4WGU4bWdFWlhmUnI0Nm9sSVF4aWRKSk9rNmR2NVpfdFEzcVAtb0JxV3hNenI5UG1OWExFNkZVbTlDSk9EZXVPZW1LMnVnTzBsYVhmdlFmaGxISXU5Q0NIRFgzU3h2N2p1?oc=5,The Times of India,"Sat, 17 Oct 2020 07:00:00 GMT",2026-06-14T20:38:20.329661,data_breach,True,False,candidate,https://timesofindia.indiatimes.com/city/dehradun/ukhand-among-safest-states-for-senior-citizens-ncrb-data/articleshow/78708220.cms
data exposure Uttarakhand,Satellites warn of declining vegetation in the Uttarakhand hills - PIB,https://news.google.com/rss/articles/CBMiekFVX3lxTFAxNENiODJfRjA4N1B1LWc2SlpWdXp4a3Frajg5RnE5X3R1amlIbTVxOUpNaG9OYzNWdTNDWE1CX0lUbURaYzA4eEM3bEgxWnJBTDRXblJlTHNtbGg0VlZhWGQ1V085WTR1SFJCWkg5Rm5rUjdZMWd6cm1n?oc=5,PIB,"Mon, 09 Feb 2026 08:00:00 GMT",2026-06-14T20:38:23.959942,data_breach,True,False,candidate,https://www.pib.gov.in/PressReleasePage.aspx?PRID=2225368&reg=3&lang=2
data exposure Uttarakhand,Satellites flag declining vegetation in Uttarakhand hills amid climate change - DD News,https://news.google.com/rss/articles/CBMipgFBVV95cUxQWWhuVURlejNOUjlrR0NQUGx1Rkh5ZEtSYXF4QUl6bENwUE04TG5WamJmOFdWRHhCb2R1b3JrbHVIS19yN2ZmekdjNXFmMzduaG15UXpHOXR1VDhnWlJUZzhDWHQtS000bVBPWmdIb3paNFBCN29fS08yRVY5ZnVtZFVlczdiWlNuc1hjWllsUXFJd1lIMnNlZmV1YTZDWTNSZ05HYXhB?oc=5,DD News,"Mon, 09 Feb 2026 08:00:00 GMT",2026-06-14T20:38:23.959960,data_breach,True,False,candidate,https://ddnews.gov.in/en/satellites-flag-declining-vegetation-in-uttarakhand-hills-amid-climate-change/
data exposure Uttarakhand,"India Records 162 Tiger Deaths In 2025; Madhya Pradesh With 54, Uttarakhand With 19 Have Alarming Fatality Rates - ETV Bharat",https://news.google.com/rss/articles/CBMi8wFBVV95cUxOYllEOHhpaXZLODJEeUVObF9Dem1DbnRXZ0U0NkNTWVM3ZXRQUENhazJ1N1FoejRzdDZqYkFSTHY0YUtTX3Z4QmZyQko1bWJ3elRxS2pwRGMzM3JmNnl5Qm1qbGduUWFZZ3hhMW01d3VRMklaVlhUTk53SnZ4WFVsd2pFamRtWnBHVEI5c1hjX0FXNkFKZy1uUDhTb3lTU0dWWVdHUVJ1dXRTT3lUZ3IzcW1DeFRGY20yYWRXUHlDbVExVng1bEQxQ1FtTjZCLVZza0t4bENfWklJVnlNbFlUVmJtYWljN2pKSGI4WjBpNzROcWvSAfgBQVVfeXFMUGxBdHZMV3dKTExxeU1jcjB3SXh5d1lBWVVtVXk4SnU1OU1YMWY4NmtrWi1oaHZYamhNU2x0b0RIVWptRmprM3FNRURVb2tiOW96d2xQRWFvUHZVcTlzbjV5Wjhhbm4xOWRTaHlGVkNNQy1VU21rVUdJMmR1Q1hzcEJTNWlIVEZVU1hLRThOeVlpV1dGckpCRVNZUGFkOFpERzV3OUVOZ1MyQklRU0o4TTg2ZmUtZ0RJZ2xkMl9Bb0k1V0xBS3NmT1lCZ0p1NjRkbjRmbVFqZWhzWmJYWTh1eDlSVFc0UndSLXpFbGNrOEFqQUp4OVM5WWc?oc=5,ETV Bharat,"Sat, 27 Dec 2025 08:00:00 GMT",2026-06-14T20:38:23.959967,data_breach,True,False,candidate,https://www.etvbharat.com/en/bharat/india-records-162-tiger-deaths-in-2025-madhya-pradesh-with-54-uttarakhand-with-19-have-alarming-fatality-rates-enn25122701987
data exposure Uttarakhand,"Lack of winter rain, snow threatens agriculture, apple cultivation in Uttarakhand | India News - Hindustan Times",https://news.google.com/rss/articles/CBMi2gFBVV95cUxQUGhBNkh3WVF0dUt0MW9tM1U2enU4dkZRMGpDc25Yb0NQY3J4RlN2aGo0Yk9zNmx4WGtibWxuZ05Ha2JiejdFRXNhcDRjcFMzMDZubUZpekR5T3hvOHZJNVFEVS1GTGdhQ3laUE1YbmVzUVlteVNpb3NTdm5fTFJTX1JiNjlRcExodDZsTkw4UmE3Q1VNaUdxeFRLblZqT0pwWmRGQ0tIaWFLc3ZQMGhfbE9zSVdPdHRtNF9VdGR4X0h2dWtIalFIYWdINUJwOVdsdzlpQ3I1U0RuZ9IB3wFBVV95cUxQekhJOXduMnhuRDBUTGZoMDdORWhhRnU3X3F4RjdmaXZpRFl2ZldSQkJkVlRqSm56QUxyVWtUMkc2ZWhIcWg4QnV5bHczbEpVbFVGU2hVVTlSV3BRNjlFeUYyTFpmTTd3Q3JyQS03elJ3Qk01UWdWN0Fhb0xOOGI3bDRjRFFyaEdCMWlXMUVlSkRwQlljQ3MxbmJPZWFqaTlJUlRkWnZJS0FGSjJQSHVsQzNmVHRIaUdkZHdfeFlPTUlkV1JQNGw3cXhkYmxTMGdWS3h0QjE0cnM0TVl3YllZ?oc=5,Hindustan Times,"Thu, 15 Jan 2026 08:00:00 GMT",2026-06-14T20:38:23.959984,data_breach,True,False,candidate,https://www.hindustantimes.com/india-news/lack-of-winter-rain-snow-threatens-agriculture-apple-cultivation-in-uttarakhand-101768487897734.html
data exposure Uttarakhand,Reverse migration trend: NRIs bring global experience to Uttarakhand's native villages - The New Indian Express,https://news.google.com/rss/articles/CBMi0AFBVV95cUxOc0lzMVh5M2FYSVNCNlFoRUZ2Q1E4bS0zNlp3LThEY3pvbDZ4NTdNVHBCNVFfQnUtUng5dXZObGJ0V3cyM1gtY1pUY1RNQzRFUjdBbGwxM29UQjc3V2lSUXpJMDNFYjAtMFZISHU3WWhVNnZEZXBwMnZCVjcyaVRmWjJvS1d4OG1tX2JiaVBpVkp2d0RzNTFnZllPN1NkekdTSGNCX296RXJWamlaV3QyRmNwNUNyYmVGRjY3RVZBZGlnM0xVN0NtaEhGU0xaUUMt0gHeAUFVX3lxTE1TdDN0QVFtRzgxdkptTzg4WG1uVjhGNl9ibnNQNkEzQlFEdm5PM0RhTWx3cERmak5TLWVBS0Fhdzh6QkhTZDlsdzUzQUF2Z01NOEpXTzNFY2xBdXBBYWRoTnAtOXpFc0RRMjF4aEZfNmd2Sjg0Mk0tX0xPcGo5VUZFX0NmRFlhX0xJNWF4UnlNM1lFX1hqUkFGd2VMV0VzNHg5N1J1cWVMLUFIRmN1bjU4UjlkT3BVNUVEYTFlaTVQVGhBSGo5QUZxNkVveW5qUDkxS3psMUhFbFIxY25kUQ?oc=5,The New Indian Express,"Fri, 09 Jan 2026 08:00:00 GMT",2026-06-14T20:38:23.960000,data_breach,True,False,candidate,https://www.newindianexpress.com/india/2026/Jan/09/reverse-migration-trend-nris-bring-global-experience-to-uttarakhands-native-villages
data exposure Uttarakhand,"One year of Uttarakhand UCC: Over five lakh applications, no privacy complaints - The Times of India",https://news.google.com/rss/articles/CBMi3gFBVV95cUxPcU05THpFWXIzeTVZSjJkTlhfdEU4UjFkbGlEc3ZBcUp1MExCd01oT1VKdmlXZWJ4RlhmTWl6SjlmOVlSQ2RPbDdpZUNIZ3VQc1lUQk5HVk15c1ozQjNNamZqOXZWRHcybjhhTloxOFg3TG9qa2ZrNDk2Q2RWalZ5OWZPT2RPck1qOHpHVGlyZDlUcHFIUmd4RkVmc0cxUzI2N2tpZ0FOUmRib1g4dXBySDVmczVoQzB2aTdXRHNWRmZUNE16SkNoUGp1cGFQZUVOOVBzTExENFZDcTljV2fSAeMBQVVfeXFMTVVxQzFoalQ4bzM0TUFuXzgzTHlpVWhEZFJWUXJHT0J0X0t6ckE1QnY5T3pWRkdQWHM1b05zeTdPWmpxcXRlczJvMUUtZ2wzNTk4Qk9yS0hpZHh3cGRWWm9QUHBLdGRRNW9UYk5DUTVSczdVQkJCd1RHZGZnTWE3RGx0M01QcFdIY29XeGJYbDdIcTljQkZDLU9TQk9YdWJ1SlNHby1KMkhNdVBUcFQyR0NPbkhsSzU1VkR3X0pMZXVOa0ZnblU2bzFXWVpCMWFlVFpKN1cxcE80bjFuZWxhQnRybkE?oc=5,The Times of India,"Tue, 20 Jan 2026 08:00:00 GMT",2026-06-14T20:38:23.960015,data_breach,True,False,candidate,https://timesofindia.indiatimes.com/india/one-year-of-uttarakhand-ucc-over-five-lakh-applications-no-privacy-complaints/articleshow/126836936.cms
data exposure Uttarakhand,"Rudraprayag, Tehri In Uttarakhand Have Highest Landslide Risk Exposure In County: ISRO - NDTV",https://news.google.com/rss/articles/CBMiwgFBVV95cUxQV1NDU2hRTC1uUVFkcmlzQXZnQkZZdGtlMWhETm9kLS1YbmQ1eHFNWTJQWUZmTkx2aVNXLUw3WHRVcFJsYmZHbDU4RkNMYzFVdzdKU3VmUUQzbGpPelVmeHN4LXhlcVJIYTZDQnFxNDJOUElxRnJGcDdYdFB0VjN6LWs0WDV2ZHRxNGt3cG5tQk95QVdFbmx4dmNfMVRqYXFEYWFjSHowN25YV1VqT25HSTNBNzZpck5SdFNuMGxIaThfd9IBygFBVV95cUxOT1kyR3pkSFRDZUhRbUhwQWRIbExwdy02bmFxOHFjc3d6Z3E4dTh5cm4wR3ZEaU9wUXdYZHZ4cnp1d2REcFVqMlAxTmZPa1hqZmh5TnJDTGM2d2xidFB3SlNTb2Mxdkh1QkM4a0l0TklpNE9KOUlxYUhwaXZtLVE4R3Z2eGJWei1UemlMRFFIWHZCQWJ1WjZQRUJQenFCcGZOVDRzT21EcGQ3bjdLSTNoaXRDQVI5eHU0bVJDNFE5NURRYkg4NkY1Z0JR?oc=5,NDTV,"Fri, 10 Mar 2023 08:00:00 GMT",2026-06-14T20:38:23.960030,data_breach,True,False,candidate,https://www.ndtv.com/india-news/rudraprayag-tehri-in-uttarakhand-have-highest-landslide-risk-exposure-in-county-isro-3848653
data exposure Uttarakhand,"Uttarakhand MPs divert Rs 1.28 crore of constituency funds to other states, RTI reveals - The New Indian Express",https://news.google.com/rss/articles/CBMi0gFBVV95cUxQSGFqTFQyM19tZ2lSX0huekF1WjQ0SlZ4OF9nQlVnMnNramhrQUlxLUhfZVA1OG8zeW1IUUtIVzhQWFdyaXp6N3c1RE9DemJSYy1WYnpYWnNRTlg0Y2FpY2JqNmcwRUFTN2NrZ0szbmhCUXFTMlhaVGthVHFkUWxvQnlyckVJdE96TVpDU29EQW9BekRNbHFweG02WTNzX3B4cGV0bWNoRlRON1hvcjVIUVZId1hPcG9YdXA1SDRuZzNmRmRkYUN1WXpqYV9jejd1d3fSAd8BQVVfeXFMTkpEVWVObG1lbmJsWFFjbFlSRTlfU3I5SktMeEh4WFhaUS1KaTJPSVUyelJwbmk5MElfZzNfX3hFdTVRU3ZJWEhjT0dOWDJ5SjZlTmpQd0xzcmFhdkFLU3k2RllfQlpRenZsb3ZIWEYwTVU3eTZMVmR5UFpISmxoSGpSSnlINjVGR2JqMExxUEVBRzZQcUc5Zi1uc0ExcGJ2SjZUUmE1M1NLMHBsSTZ0d19INWpfMnJNd1dsczRwRGp0YUJNZ19mOFYwQWY4dTZaQlgzMzVNamhsbS15UF9vbw?oc=5,The New Indian Express,"Sun, 25 Jan 2026 08:00:00 GMT",2026-06-14T20:38:23.960037,data_breach,True,False,candidate,https://www.newindianexpress.com/india/2026/Jan/25/uttarakhand-mps-divert-rs-128-crore-of-constituency-funds-to-other-states-rti-reveals
data exposure Uttarakhand,Uttarakhand records maximum forest fire alerts in Dec 2025 - The Times of India,https://news.google.com/rss/articles/CBMizwFBVV95cUxQanJ3cGFKSjBhbndYalNqV3cxb1pmRDJfQXdEMmRoOWxGMmZCMU1RRGJ4S0NxZTA2emxKYm53UGlIN3p4TzlNTnBrUUlGSDVqVm5wUDFqcnJTcTJSSkVROGRVbGF5VUdBdFU4dllmeVNlb0pNMmtjLXR3VDR4RXBVaW1yOHdUZmdRcS1jOFk4UkhxdjJLTnRmOW1DaUlXTS1QTkg4Z1ZnbGk0RjFsaVQyTjJEaHUzRjlkRXFDSWNiWU1YMHB5blVFUjNUMnE4MknSAdQBQVVfeXFMUDdfNUtydk5UUkFtWkhPbFRieTg3UDI4SVhBOFh3X0tBN3VraUlZR292SGo2QjVzWVpjSHNZR3RNZkVwMjFTalpINnpkTks3cElGdktDY1poUmRKcVFwTXp1dUJZaEtkNlpsRlF3bE8tcHlyNUV2LW1MNnFjamdXbWpFRUhlMm1BVnZwZzZwRGc1aXRvZ3FTQy1BaDNCcHJRMnN0S2E3TDdRc0p5Mzd3LUNXMnpiNTdlVk1CU25Hazdqcjg3bzY2bktLZ3JBWEU3ZVkzdmg?oc=5,The Times of India,"Fri, 09 Jan 2026 08:00:00 GMT",2026-06-14T20:38:23.960045,data_breach,True,False,candidate,https://timesofindia.indiatimes.com/city/dehradun/uttarakhand-records-maximum-forest-fire-alerts-in-dec-2025/articleshow/126419996.cms
data exposure Uttarakhand,"Uttarakhand's hidden hunger crisis: Nutrition emergency grips State, Almora worst hit - The New Indian Express",https://news.google.com/rss/articles/CBMizgFBVV95cUxQMS1EUGRpZVFmT0RMR2hLRmhMRFdGb1ZySGVGOTVNd1ltQXlpOUNiNWVQSm1KR1RNaHh3a3JZZ2NFQzVKRFhwWUIzSnZEV21fZExhUTRXb0I2LVNMaDFVY2gyXzg2aC1PdHJBTzUtM3RTcE83NTVmZGdjNjhCOVhwT1pPenFyanZINElicXRSUDAyeklNVHpZcERQRFVzQ19Qdk1UQnZORldSZk1DRjRkQjFSd2ZNQzk1dmU0UUsyS1d4VXFhUC1Ldmpra0ZIZ9IB2wFBVV95cUxPTkUxbnlXYUtuaFNnTkdtTmFBanBmRHJtd2JXUVVTRUZiUlkzVVFHaXQxcjhrZGpHXzB5S19jMmU4WG9YWGRGbU9xNG9XWk10cW9oVE1rUHdNbnNpamVQYVllb2hMS1I1c1dvUUFxMHFZUlRBa2xBeFJsUkhfLWdKVnBuQlFzRUtwM1Y3YmpVNzRHZk5sYk5kRkE3S0htbTdhaTNWcThWQkNha2N4Qmdla1A3U1hmOUZiYWJUSWt5R3QzZHhZTms0VWRxbUxsN2FKa2FxMGVVNUFWVlk?oc=5,The New Indian Express,"Sat, 06 Dec 2025 08:00:00 GMT",2026-06-14T20:38:23.960053,data_breach,True,False,candidate,https://www.newindianexpress.com/india/2025/Dec/06/uttarakhands-hidden-hunger-crisis-nutrition-emergency-grips-state-almora-worst-hit
data exposure Uttarakhand,"Three children go missing every day in Uttarakhand, raising concerns over child safety - The New Indian Express",https://news.google.com/rss/articles/CBMi0gFBVV95cUxQVzVmeFBqT1dyeTlqTEdjQzA5Zkp0dTUzRmpKdnhzaEN1Sk5aZXVCMDNNUUZvaFdDQzZmZmdhbFJQSC1yVmk2SF9URmVSY1NfQUJ3bC01eXFxUVhSVzlnellWWWRVelVIUEFtTGxEbFBTS2NnRmhZX2N0N3p6eWtaWXVBVFBPWVNOanI5a3lVNjR3TGUxbTBCc09YYlNXa3N5UTZUMTVMZjBhN2ZRR0RaNW5na0cyVGxIR0MtR2RJTTNVSnlmLUp2eVVGSFdhOFNYTmfSAd8BQVVfeXFMTVRTME0tclc2WlBBVmVpRHJ0OXg5eWlwV1ZXM3ZlZnlFR19GNzQtU0xKbmtxOGQ3SUVGZmdPenBRcHlCRDMzYVJkSzBSeXlzSUVZY01WTVQzTUxUbUhySjk1c2JxdEoteFRHYW9SYkdKNkp6dFBDNHp2TWhGX0RNRTRvUWZXSUdCYW9kOEJYVjFjUktmRGMzcWRXZDdTV0s3alpsUlpSaFoxQk14cjFraWlpa1NnZDF6SDRQVE1YczdwTENzU2k4OHhlNElSRkNYX3k2b01pcGtFbkEzam51NA?oc=5,The New Indian Express,"Sat, 04 Oct 2025 07:00:00 GMT",2026-06-14T20:38:23.960060,data_breach,True,False,candidate,https://www.newindianexpress.com/india/2025/Oct/04/three-children-go-missing-every-day-in-uttarakhand-raising-concerns-over-child-safety
data exposure Uttarakhand,"Rudraprayag, Tehri In Uttarakhand Top Lists Of Landslide-Prone Districts - NDTV",https://news.google.com/rss/articles/CBMitgFBVV95cUxOU0tuY1ROeHhlRDB0QldRU1BaMlotd2VzeUlyVVo4NElvR0gwSzZnU21ES2ZUanE2MnJBX0tMVFpaeEl2SmZqVk94XzNJaXhQczE3bHh6RkFTdTRUNFlUNnpKLXZDOXMxU0N0UmZtNnJqZGZ1ZUtQWFZIVVNqN3Zyd3g5TUh4TzJQZzNZeld0cTZFWjNuMl9ydG5MUXBVdXpCYXNPT0NObWQzUzNWaUVnaTNQWXVZQdIBvgFBVV95cUxPMFdWVmNJeUdkWVZPRF94M01hbVFRUk13UkhuTVJEczZaeXFCSkZ2dUNlZzMweUpKZWY4T0lfV0lCN2hfMi05SUZIamZ0YUtYWnZCRm52enJIeFJOVU1PRkV0eWZPMkJBUjQ1ZjVMcUttVnF4aGp2V2lkQUtsNGhnaGxvYmI1ZDVHLWlmYXh2Rm9ycVZCN1JuQ2dSUXBEZDFoTzJNVHlOM3dxWWN1eFZubmZMSktXMng5eTJpUzd3?oc=5,NDTV,"Fri, 10 Mar 2023 08:00:00 GMT",2026-06-14T20:38:23.960105,data_breach,True,False,candidate,https://www.ndtv.com/india-news/rudraprayag-tehri-in-uttarakhand-top-lists-of-landslide-prone-147-districts-3848318
data exposure Uttarakhand,"Exclusive: Now, health records are digitised in Uttarakhand by a private startup - MediaNama",https://news.google.com/rss/articles/CBMijgFBVV95cUxQLVc1QWJEQmR2SXpSWkExeldHX0pSai1lX2FZbW1tRk93WGJ3VGRlUGNqYVZUNEVnZmYzcFJnblh5LXc1TGJKUHN4bWxpOTFvMWtYMEJQNndYMGtQazN4dW9TT1pEOEJtU1dReHdHc2MtOHQwZl8zeHRqTmg2TjAyS3piX3ZDTF9NQ3RWV2Zn?oc=5,MediaNama,"Wed, 05 Jan 2022 08:00:00 GMT",2026-06-14T20:38:23.960114,data_breach,True,False,candidate,https://www.medianama.com/2022/01/223-exclusive-health-records-digitised-uttarakhand/
data exposure Uttarakhand,"Natural disasters more frequent, intense now in Uttarakhand: Chief secretary SS Sandhu - The Times of India",https://news.google.com/rss/articles/CBMi8AFBVV95cUxNZXE5NzljWDRjdTc4bHFCbWQ5MEQycWhtMHkxSFV6ZzdOTWhCMVYtWFpTOFZLRWZwOVdWV0c1SzJtVDVGcXpDd3BnWkdrVVVuYmdHQmZmNENtSHVIa2tJemJTWEM1VUJMNlhkakNwdU43alJmVlVVVUVkMWNkMVZyS1VmMlVKcGhZbHlTLWdya2Q4YmN6LV8zc25PUUZwRTBpem5lOVBkekVuMlhoZVoxcmk1MkllcjVmRm9aSFhsb0FTb0VCUUN6RlRFVmh4eFB1di1jeGxEMFFuMUc0RE1HbURhWTNwS01RZnZUdlBqLXDSAfYBQVVfeXFMTVlhd2x4c3lHWnJqb1NtSTNERG0zQWROOXkwZmdLVUt3SUxRdnUyYWFkYUU5SGVIWGxwOVRwTWxLa2tvYkNLeGJjNExJTWJhMVdEZ2N4TnFiRGdCRWpNTFNiWDczRFRwdnVVM21PalBuOFdpbW9QbXNmN0E3eVF1RHBLUC1BNDFXT0plZVlaX090amI5UklLamhYZk1La2ItRDFRLWM2ZTNOVW1MMTdPd2E1MzZZWV9pMHhTWFh1MF9JaGktVUVHZnVmVU5LcUluZlBQV1RVS08xMlpyYnN0QWNLZ2E3UkU5TGlidXA5MlI4ekhRaktn?oc=5,The Times of India,"Thu, 23 Mar 2023 07:00:00 GMT",2026-06-14T20:38:23.960129,data_breach,True,False,candidate,https://timesofindia.indiatimes.com/city/dehradun/natural-disasters-more-frequent-intense-now-in-uttarakhand-chief-secretary-ss-sandhu/articleshow/98926949.cms
data exposure Uttarakhand,Uttarakhand STF arrests 2 in connection with forged arms license investigation in major crackdown - ANI News,https://news.google.com/rss/articles/CBMi8wFBVV95cUxOeVo1WTUxMGdQaWh1emViY0p4MlRpTGJxbUhmTjQ0aUJkcHBoTk9wcjhzTkFtYWFiSnFab3VVOVZJa0hSMGFwd0diWC1LWENLbTAyZ1puRklPQS1qb3plc0VzSjRlVnZYd3lXQTlnSndpQzlBa1NVQUwtOV8tQkdta0h1VE40QVVELUg0S0xWVjlwNW9qWUMtZUphbFgwemZWTUJWY01XbGZQLTA0MFM3VzZPVjVfX2Q4WjZCSzJJUG1ENHRLVUpqbEVwWlBuN2pMTFlOVUhaUW4tWWVhY3RfWUZlM01RTVlyQXBWQzFDNER0X0U?oc=5,ANI News,"Fri, 05 Jun 2026 12:22:00 GMT",2026-06-14T20:38:23.960143,data_breach,True,False,candidate,https://www.aninews.in/news/national/general-news/uttarakhand-stf-arrests-2-in-connection-with-forged-arms-license-investigation-in-major-crackdown20260605175253/
data exposure Uttarakhand,"Uttarakhand Authorities Sleep on Hanging Glaciers Danger as Char Dham Yatra Peaks, NGT Rings Alarm in Alaknanda Basin - HimbuMail",https://news.google.com/rss/articles/CBMirwFBVV95cUxNUmVZeG5WekhfMFhzNzU1Z19tQlpzcFNwM3ZTUFAxN2RGelBTZXM5bC1qRHJRZkJ6WmJWemp2SU5BNUpTOWdxeFpSaXBxcndyclpXS3N5dGZqVGVnbnczcnFqNzhHbXRKb01QaXZMRFVSNnFJUlRzaTVqTGlHSm5Qck1VWlRlMTdPV203NHpEYm1iSW1IbDF5aFBwR1Q5V2o3eUpSZWdobklBOWdJNmlz?oc=5,HimbuMail,"Sat, 25 Apr 2026 07:00:00 GMT",2026-06-14T20:38:23.960151,data_breach,True,False,candidate,https://himbumail.com/latest/uttarakhand-authorities-sleep-on-hanging-glaciers-danger-as-char-dham-yatra-peaks
data exposure Uttarakhand,"5,710 forest fires in April alone — Uttarakhand’s burning problem & what’s behind it - ThePrint",https://news.google.com/rss/articles/CBMisgFBVV95cUxPbGFaSXFwaHo0RmhZM0M5ZXVqb3dNS183SlNuQlhVTzVhTXkwbmRieE54M0w5WG5tallOa2ZkbnFnckFnMm9hTXdUVVctVm1JY0JvMGNRdjJnR2xFWlpIQXpRUXhadXdHZmg0cm13SFBQaWxyVmFmT1NOOUt1Z1RmUjZ1VjIwa2tVQkRrRE5HbzZGZFY0cDRNb1pyOU1iOHI0eGVZMVl2QVNPa3pMTlo4WGhn0gG3AUFVX3lxTE9CWWN3MUZibF80QTFHOGpQNUE0cXhWMTkwSzZHVHVQd2hpY29HemtwNVg5Vy1ISkFYemF2aW5KVFZkd0ZtVUlRV3BmTFpaUkxEdE93NWt4ajhYcUVaYWFCSC1jRHpyalZzZ2I2bWdwUzhBRUpQcUtuYnpVQU5VQjNDWTBhcThXZWM2V3YtYmFSS2w2YXdFVEdSaXFEZ3VWSzVsdkZIM0FYUkZkNWlncGtFcHhxb0ZlNA?oc=5,ThePrint,"Mon, 29 Apr 2024 07:00:00 GMT",2026-06-14T20:38:23.960170,data_breach,True,False,candidate,https://theprint.in/india/5710-forest-fires-in-april-alone-uttarakhands-burning-problem-whats-behind-it/2062428/
data exposure Uttarakhand,"Uttarakhand lacks infrastructure to fight forest fires, NGT told - The Times of India",https://news.google.com/rss/articles/CBMi-gFBVV95cUxOMnRaaXlqNUxHRmh4Tml5OUtXRFY5a2FzRUgyeGI0bVoxMHVYU202ZXVoQk96US1pRWNPTzNvTU4zSWNmOGEybzZpZU92Yno5OGpzY2FBX29VSjhEaFJWb2pVclJzdUtSNGJnRE1nMGVySWVkdEdteG1KcmtERDNJM2lZOUJvVVhoM0dwdGROT3hWSU9EcHFXZlJ6dFRZM3NENXpuWU5Wb2Zfd0JkTGhJcXJDenVwZkd4OUloQW8zbUc5ajU0cXZKMGtnaFN6d1FuRXJtWTdMd1NidV9YTXg3MmluT0hLZTVSR2J1bTQ5ZWFKaGtaaVFyY1p30gH_AUFVX3lxTE84Rk5LanlocVRYS1RSQTBVbDdsVm1Hb0hIMUp2aE4zUVkxS1A5ZDFMZUxDMXNPT21FQUp0RUg3eTlyenZ3WDhuVEtETDk0V1pUTGJuMGotNlcybXdDVjdreGNKVnY4ZlA5WXZRMDVVTDl5UHdQb3hSeUdwT2I4UjIwbEE1aUlOdXdfSWRaTG04dzltcmtLWC05ekdWVFVkb3JlemctY2xyMU9wRjcxLThrdFU5U0hxSGVLZTZGOXRqNUVLclpDYkZCR2o4dkwxNnhtVGZVYVZtOGFySkRBbVlNcnNWcHBpMG5kY3A1VzhQazlWbnRiLUlGcjR1N1ZhOA?oc=5,The Times of India,"Sun, 03 Nov 2024 07:00:00 GMT",2026-06-14T20:38:23.960215,data_breach,True,False,candidate,https://timesofindia.indiatimes.com/city/dehradun/uttarakhands-forest-fire-crisis-lack-of-expertise-and-infrastructure-exposed-by-ngt-report/articleshow/114890339.cms
data exposure Uttarakhand,Uttarakhand STF arrests two over forged arms licences in crackdown - The News Mill,https://news.google.com/rss/articles/CBMioAFBVV95cUxNSVY3QUxVT2tRTmpmVWlUUFpmc25yNjFqVW9GaksxVUZhSlpDcjdUSDdzcFp0aHVtRE05YjE0amItTTR4aVhQSnRjejFEMlBmb0lfRG5XN0ZEbzNMbzZmRl9EMzFVUXZiTUl4Qkw3YVF4cjRjMDZrLUUyVUdkTU9pdEtLTWI0VUdkckpuWHFKY1pmajFEeXVQLW5ycGtPUW1Z?oc=5,The News Mill,"Sun, 14 Jun 2026 00:52:11 GMT",2026-06-14T20:38:23.960234,data_breach,True,False,candidate,https://thenewsmill.com/2026/06/uttarakhand-stf-arrests-two-over-forged-arms-licences-in-crackdown/
data exposure Uttarakhand,Forest fires turn Uttarakhand air lethal - The Times of India,https://news.google.com/rss/articles/CBMiqwFBVV95cUxQSlYyVmptRGpueDFNRXVFV192ZTVBbklVU0x6clBtSHdRUmV6Unh4cmRMTlVyTkx3bFJZMWRyal9kNXFTMUFYOE5xeDM3b1lvUTY5TUNDUDcyVWxvT19PTk42aVdVeHJkODdTV3J1U09zTDZlTW5vNWVEMGRxbHNTN2J3TDNhTUU0WWNxYzNOVmJ1OUlzcEdRRzNqdmpvX3JUNnVVdlA3UEJUY2fSAbABQVVfeXFMTW95NnNTdXFyWEwwMC1ocGV3bGN0eUpzX1pQVmt4S3QtR1pvUllPbklVMlpwVDh4ZVlIN0tDLTBVaG9RSTdHcGZPNXJCeG90cmRnR2EtS0lIT1dnN19iWXdnUzRkQi1MbXp1SmdKblpuQk9YRW1zSzQ2bXpkbVA5elNWSkZuLXVLek5DUndsTGRKd1Rxd01lWTJKRDV2alppclBLLWZhbkUydXROOGFsNmc?oc=5,The Times of India,"Sat, 10 Apr 2021 07:00:00 GMT",2026-06-14T20:38:23.960256,data_breach,True,False,candidate,https://timesofindia.indiatimes.com/india/forest-fires-turn-uttarakhand-air-lethal/articleshow/81996892.cms
data exposure Uttarakhand,"Stray dog menace in Uttarakhand: Sterilization programme running in only 4 districts, locals call out sit - The Times of India",https://news.google.com/rss/articles/CBMikwJBVV95cUxNT21Gd3ZuaS1xYTBNVHF4QlRoUUc1Nm85dVNYTkhxMFkwVndjdERxY29xZzZ6TGhDWmc0NnhYUXpjb0VldW15T0Q0eDNyU2UtMHI4NHJYamR5akF5VWVyY1gyUHYtbWR0QUQyYnNwODNmRVBoVXVnNUVhczVrZTJtVG56RnV1Y25JV0MxNG05dWl1eV9aMWl6emlLUUR3YVhJUTVZM3VLNkNJSEZrUmctcXdHMDJVdXYwQ0NqVGZiaGl2Vlp6S3JUUHJJaVloMW40MlVsaWMzMnc5a3Vra2swemxtaHNvbFdsLVh1cFJKN2t4Vlk1WHliTXpMYTlkX3FLZVg1c1pEeE9uNHpxNFNMZUM0c9IBmAJBVV95cUxQc3o3ZWFUYWNJMXJlU3VYQ2o5YUtGYVhBM2FHd3E0Q1Z3ZUdWdnY2MzFTOERxNVJnZEc2b1puckZWQkx0QmlmeGFlOEFWSXVoR3Vmc2pnZDFBMGZjMjRXNExxaEhqODJMQUplU1NLVzRaVWlkZFlNWjBiWmZMMGJQVjJVTlBLcnczWkEtX0ZJY09oMmF4YUwxQ3p1YnV5NDdEeGhhSGY4UmNGeXNUY0lyd05FMzZPY3ViNS15aW9ockNzNDFGUl9vOGViZGplY1NLXzlPbHdWT00yeUo3MUdubS05bG0xRmk0T09CMERZQzY2VjFPMjdmcnFjVjRrRmpDeEZ4ZkJwZk5Dc2QteTFtSkRBajNfUGh4?oc=5,The Times of India,"Thu, 31 Aug 2023 07:00:00 GMT",2026-06-14T20:38:23.960271,data_breach,True,False,candidate,https://timesofindia.indiatimes.com/city/dehradun/stray-dog-menace-in-uttarakhand-sterilization-programme-running-in-only-4-districts-locals-call-out-situation/articleshow/103221533.cms
data exposure Uttarakhand,Conversion racket: Six linked to Chhangur Baba held in Uttarakhand; aide's properties demolished - The Times of India,https://news.google.com/rss/articles/CBMi8wFBVV95cUxNYmNrRmUtRlNCdV9CYklOd3gxNFlpTmtWbTdZbFlGTXZRUGRBblFFOHloZGpKeXZ5dFJwanZSNDF5TE4ybUE2ZVdCTzU1S3owSm1uN3ljZ0hqbTVjZV91Z0hyRzlpZkZRR0k4SVpfUVZYaDlGWGVBSFAxSWxiVGtyMmp1b05MeVc5Qm9xaXNNWmMzVXNWOEJ4ZGp6UGZzeXZnemFlYmxDVVk3NXY1NEJxRENBS24tNXpQcWYxMEdKQnZWOWxhSEFsMGRXY21SVmxVWGtkQkF6RkFaVVJVdjUxTWlXa1lvdnMxRXdIaW4zbnJxSVnSAfgBQVVfeXFMUGU0ZXBQNk1haHlJbEVYc25aTGlXOWdjZ3FuT1F5ZTlTV1lDMVY1LVh1TlRNazgyM29KVVRtSWNjeW5sS2tzbFd3NU02SnhkWjNRTklJbmduMHQtVTlJeUNFTnZTUG9UeVU3SVZxM2prd0lSU1oySVN5SVh1MUVxY3Nrd05HQzd5WkZHUWNrd203OUJmLVlMTENLc0lXNGFBelJEd3ZOU0pqb3ZjVnNwbDBwMFdqVlRuUG5Lcmc4Y3hFWHpWdWVKWFgzVXNDN1lMVU1yYTZITnE2VjlvZUxnRFo4Rm1GZnZPdHRLSm9QbENsdEtWbHpaeUY?oc=5,The Times of India,"Sat, 26 Jul 2025 07:00:00 GMT",2026-06-14T20:38:23.960286,data_breach,True,False,candidate,https://timesofindia.indiatimes.com/india/conversion-racket-six-linked-to-chhangur-baba-held-in-uttarakhand-aides-properties-demolished/articleshow/122924583.cms
data exposure Uttarakhand,Uttarakhand: Badrinath-Rishikesh highway shut due to debris falling; passengers stuck - The Economic Times,https://news.google.com/rss/articles/CBMi3wFBVV95cUxQOFRvUnA5V0pFakZCQUE2VUh5ZFJ2eV96bXAwVFhHZVVFd0hrN1lUaDRQZTdJUVJBcXE3QVgzeTFiOGhPb041MXczWDJrV1J1T3FzN1p4UXNjbl9JMnlsQWNqcU5PMEp1Mktzb1hKdWR1Qm1BQkU4Y2UtaGJLUnY0MzlvV1M3X3BwOXJvYURyVmZMZ0JWRUhWc2c3cFRyMnJZbE5rRW1DRmV5WnV3YUhzVW9CQXBrank5c2lpR2xuSXdVeFduMmxOQnZ1bjhhVEdoQnljMFg1SDdHM1RFUVJz0gHkAUFVX3lxTFBtUDFycXAtaU5EWUd3V3haMENweWxrakNuZklWR25GdTh5czRjN2hyWFQtNFI5emxuYU1VMDRhQk5UQlA0SjdCRHVjSGVyaGFzWDE2d0RsTzVqcE1DRG8tQjdOWTdpVm80VjJWYVRFdGFJWEtRSkg2bUN1NFJ6OEg1ZzkwUGFhc2NXRGgxbjRTcmx5TkxuUmVQcmVDeWV0R1RxaG56NTFfdlItWVBfTUFwbFVwclQzSmVyYlhrQnVZdVYxYVFwZEJDRl9sVFlqVEo3YTlaOXBHMVJweVU4Z1N5eVQ0RQ?oc=5,The Economic Times,"Sat, 11 May 2024 07:00:00 GMT",2026-06-14T20:38:23.960342,data_breach,True,False,candidate,https://economictimes.indiatimes.com/news/india/uttarakhand-badrinath-rishikesh-highway-shut-due-to-debris-falling-passengers-stuck/videoshow/110032373.cms?from=mdr
data exposure Uttarakhand,"Cloudburst carnage in Uttarakhand: 4 dead, 11 soldiers missing as flash floods tear through Dharali - The Economic Times",https://news.google.com/rss/articles/CBMi8gFBVV95cUxNMmI5dTRVRnFpWEJjYU1fM1ZkWVl3Y3NBMlRFenZIanVOTDRtczJ5cVNkaXZSUzRJOS0taVI3aWR5THFLN0ZvSm56U1Uxa24tS09vbFF1S3VqLWNFTTByQmxqYlBSZlc1ZjBBb3l5ajZtUkZqOHF2dzVVTlNla0ZsdmZIYWJwZnhZekU3WFFRakU3Qk1CTkM2ZFBXaXpRYXdQNzJVTTZtdXhfNk1DOU5DR1ZSSHlrNjlOa25hM0xRYVJHaTh0cWo4amZNZ051LWtxX3U2Y1RWOW4yMTZxSW5kYWpvalQ3ck1DTjJlbTdGQ2RDUdIB9wFBVV95cUxPY3VFZEwzR05JaGlFSlE4LUM2YWdtaUFxME9xVWl2RmhxblpGTTQ3cXJGSHZzR2FRSW1obUxGRE1kbXJOMnM1NFlGRHVxZmxNWkJ0UWNObWltekVGTTJHeWpEZk9nWlBZZ0RtYUhTMUFwNXd4S2huN0ZsSXU1UHBKOFFuTUNGS1ZBMUFnNXhNREZUT0xZdjZUZ1kxbTBJV3ljRDMwQlp2aTU3bzF4OFlNWnNLZWZRZjNSZjIzNV8xWGwtMmo4b1I3cUU5MGtMcTVvTmpoVHVndUFzeDhvNWlicEdsSGs4NVgtOEtnUmlUdnNsNld5dWtV?oc=5,The Economic Times,"Wed, 06 Aug 2025 07:00:00 GMT",2026-06-14T20:38:23.960352,data_breach,True,False,candidate,https://economictimes.indiatimes.com/news/india/cloudburst-carnage-in-uttarakhand-4-dead-11-soldiers-missing-as-flash-floods-tear-through-dharali/videoshow/123132815.cms?from=mdr
data exposure Uttarakhand,IIT Roorkee A Nodal Agency For Startups In Uttarakhand - NDTV,https://news.google.com/rss/articles/CBMinwFBVV95cUxNNGJpeUJpS3ZvTmR4YXVZWDZGR29OcUxzV2tPSFdGR3NjZFhUTmhHUm1FQ2U3cHp0OE1mNmJUaDZvRjR4Szc3dW4yV3lvaXB4NkFpUHBlV2hTUi0wZ1M4T1pHMHcxRUZ4UENoa1dxdFp0d0d0TS1BMTFkeTgxOF9GbEF2QXNvOWtxdl9QczJpdmFfTXdRR1Bubk5fUjJxUms?oc=5,NDTV,"Sat, 20 Oct 2018 07:00:00 GMT",2026-06-14T20:38:23.960421,data_breach,True,False,candidate,https://www.ndtv.com/education/iit-roorkee-is-the-nodal-agency-for-startups-in-uttarakhand-1934965
data exposure Uttarakhand,"Indians are living longer – more so in Delhi, Punjab and Uttarakhand - Governance Now",https://news.google.com/rss/articles/CBMitgFBVV95cUxQVFd3UWxhR3RTZnprTzJ2WFJtVlV4eklJN2s4ZDNvTFFJeUhEQzYxeDhXR0tTbTN4V0R5NWNFUlBwSno5REFYa0lreXFGdlJqb2hZM1EwY2FzMU9nMVlqN3hDekxvbkRZdWI3a1JlTnlBVkZFREdhNDNwaG1UWGVyaXAwUVFFOXBJZFNhRW5PQ05pOEtrX1VZVG1PR01OWFJUOENVZ0FwSjZFTXhhQjlMMFUxd28xdw?oc=5,Governance Now,"Thu, 28 Jul 2022 07:00:00 GMT",2026-06-14T20:38:23.960448,data_breach,True,False,candidate,https://www.governancenow.com/news/regular-story/indians-are-living-longer--more-so-in-delhi-punjab-and-uttarakhand
data exposure Uttarakhand,"Uttarakhand and Climate Change: How long can we ignore this in the Himalayas? - South Asia Network on Dams, Rivers and People",https://news.google.com/rss/articles/CBMiowFBVV95cUxQSDlnQlBXREJjNHkwdUlsMGd6UHBGZUNvTS1lVGhjaDJqRUFBNVVoYmgtZVczMWg2Yi1Ca29ybTJ6QVRWZXhoblZrWWpVRXRjejFhR3BuTjV5azZ4aXdna1Z3eTEyZEFEc05YX0tFSG5lNXVFNmZkQW9QTGV6c01TRUF5SVNNM2p4RG93aFRNZEhVZWpiVk01ZmlEZDY0ckZqZHdv?oc=5,"South Asia Network on Dams, Rivers and People","Tue, 25 Jun 2013 07:00:00 GMT",2026-06-14T20:38:23.960456,data_breach,True,False,candidate,https://sandrp.in/2013/06/25/uttarakhand-and-climate-change-how-long-can-we-ignore-this-in-himalayas/
data exposure Uttarakhand,"Veer Chandra Singh Garhwali Uttarakhand University of Horticulture and Forestry Placement - Average & Highest Salary Package, Placement Companies & Internships Details - Shiksha",https://news.google.com/rss/articles/CBMi4gFBVV95cUxPSTlObEpPa0Vxcm5FZUpGNm0tQ3czaDBUclBzdl9ESjJhWE9zMVRMaTBWWXA1Z01rbEFEelFtLVRteXhYZzNtLVNPdWpmZnRDSDc2LU1RT3RtRDV5NzNHaEhOV09aVEYxNFNlZnc4TVl3cmpQaTRlZ0ZPOVl5dDlaWlJ2S3VBd3lVVHhwMGZhcGp1OVo5NjZQempfZzN2MzJHMm8xSGIxczlzeGlEN0Roai1uNlNkN2h5TFFvSkpjVzNFdzBYREdMRWNMaXpieThGZlhyV0hWWDlkV1FNT2g4OHV3?oc=5,Shiksha,"Sun, 07 Jul 2019 01:40:43 GMT",2026-06-14T20:38:23.960463,data_breach,True,False,candidate,https://www.shiksha.com/university/veer-chandra-singh-garhwali-uttarakhand-university-of-horticulture-and-forestry-uttarakhand-other-63515/placement
user data leaked Uttarakhand,Photos of Jubin Nautiyal's secret Uttarakhand wedding leaked; singer keeps wife's identity hidden - IBTimes India,https://news.google.com/rss/articles/CBMiwgFBVV95cUxNTTRTSVVWYVJ6ZTNFN203aUpsX3R1U1owVmx5bjNMUHgyWGhadHJWYTlxV2VORUE5ZkpCcG9xa3dLWTNRaDFhdWxfSi1XaDZyeG5hX2tKYWxCWk1Za1dPb1FRREY2RDRjUGxGekJtNFF2emZCQzYzVzg0TFpWOUpQTHc0SzJXalYyN3pPU3l4LWhQR0VmMVl6WUtUdUx4TG9zb242RFFyZ3RDTHJnNlhtX1NDMHRLdkwwemZaaUo0TjVaQQ?oc=5,IBTimes India,"Thu, 16 Apr 2026 07:00:00 GMT",2026-06-14T20:38:26.257513,data_breach,True,False,candidate,https://www.ibtimes.co.in/photos-jubin-nautiyals-secret-uttarakhand-wedding-leaked-singer-keeps-wifes-identity-hidden-901221
user data leaked Uttarakhand,Uttarakhand CM meets youths protesting over UKSSSC exam paper leak - The Times of India,https://news.google.com/rss/articles/CBMizwFBVV95cUxOSFpNV1FoUmxpbGliZ1lURER5VVpTUWdUVlRYZUpfOHJZUnBLbURkWGpKU1YwNklabHNjLU1mV1pJM1I0Y05wdmxJNUl5bkdUTmxxV3RlTFB4T3Y2SktfNERRSGFvNE9yeVV2eUNLSUpqR0FpRll0UDFzS2R2MjhETUpuaThwSFU2d2l6RjVUdmNZWTFrTGtZMFdnMjV3cnhVdXVOa3FadGFIQS04TnJUNUtXLURUT0FFRHV5UU1KUFdtOGVsWVZEbEQwSEdWU2vSAdQBQVVfeXFMTm9VYjVFcnFzQVA1X1F0QXVXWEZHUGV5OUFQOHdhU1U5NklaVVdJc3IxbUNaUEU2cm1NWmtxVEU0cW5JWURtcGlOMzR2SmVsMUh0SDFUSzZ2RGpnb083UF9SbTBabTZTaDNUU2xZTndST2t3Q3dJQWZnWDVObEF3bmV3dUVKeUJmN184V1dqWlgxdzZJVU5BQ1FzbWR1cFdacnhWT291WnBUZWkzSmpIaS1kVFN2U3hlRlVZUzJ2S0wtTmQzaGdIZUdYX01LdlFLMkU4UzE?oc=5,The Times of India,"Mon, 29 Sep 2025 07:00:00 GMT",2026-06-14T20:38:26.257648,data_breach,True,False,candidate,https://timesofindia.indiatimes.com/india/uttarakhand-cm-meets-youths-protesting-over-uksssc-exam-paper-leak/articleshow/124214502.cms
sensitive data breach Uttarakhand,"‘The People Of Uttarakhand & Himachal Want Roads, Not Landslides’ - Indiaspend",https://news.google.com/rss/articles/CBMitwFBVV95cUxNS1l3WDE3V0c4bTFJMGItNjRwQ3VYWEFNVXM0SGRPOHgtSUgzQkVWUGYwN0xmV1VkNW14MDNHQTF6eXQ2RWo3eWR1VlotNzNxZGpmOW5RcUhfQjBoRWppNS1HdkpPWFJHVHZMemNoQkpBdnlHVGdsWHZZSURyc1NhUXlsWngzdFRtbWtNTkJKNHhkQzVaeUlJaXJwUWg0Q28zRGhGMktFX1Zzb1JxZjhlblpneUtZU28?oc=5,Indiaspend,"Fri, 15 Aug 2025 07:00:00 GMT",2026-06-14T20:38:28.153179,data_breach,True,False,candidate,https://www.indiaspend.com/indiaspend-interviews/the-people-of-uttarakhand-himachal-want-roads-not-landslides-964407
denial of service Uttarakhand,Compassionate appointment can’t be used for career growth: Why court denied relief to Uttarakhand man - The Indian Express,https://news.google.com/rss/articles/CBMiuAFBVV95cUxOS2JnQ1VKemdDbFBkZ0NEeThFZEtyb3NLM2pLRDNLUEpHenJ1b09WaS1BRTNBTWtmdTdtNWtnSDlaVi1ucGRjS0xKa29tQ2RyWUZQNjJHRDVpRG1aVmRuWGxibkFaaHpXTnZKYWRpX3Nic3hRMHhXaE9mQmpYbGtZU0U1MVpObk04ZmxPRWdnTGF3aktoRTZhbzlkNmdyTkswOHY4dXpxRkxjcl9ZVmxjVlhUYXRpOE9K0gG_AUFVX3lxTFB6V2lIUnZhcTV0R3F0Uk9fdks1TXhMVVZYd3RkTzBJbDcwTFVKVnFTcWVidGpSZl83dk5lcW9VbmowanhFWDlFNzJrd3VCRGVBQV84OGdyQ3VENnJBWGtyaTNLLXZjdDNldkk5MFhyWEd4TTVoVC13bnBhSUlLRGw0YjRqaUVsQkVZM2FHQWZiZUplaVJ4QjdVcmxpelNUeVE1ZWotb1dWM3lWaFN2ZDNoZVd5NHFLN3NQeUplU2RZ?oc=5,The Indian Express,"Thu, 28 May 2026 07:00:00 GMT",2026-06-14T20:38:34.523757,dos_ddos,True,False,candidate,https://indianexpress.com/article/legal-news/uttarakhand-high-court-compassionate-appointment-career-growth-10712574/
denial of service Uttarakhand,Uttarakhand govt grants sanction to prosecute Corbett tiger reserve director | India News - Hindustan Times,https://news.google.com/rss/articles/CBMi1gFBVV95cUxPcDdubDY2RG9qdDdwczhyendTbDFieGdiQUJDWkE0WHR2YmljdUJuTWVNU0xlZWNuZjhfSmkwX1hsUkZXSzVpLTBmNkN1RUVqdU5mTWdLdWhPSnNJRk5JeWlBeEZ5Y0hkZnRjbEpzNmhSNE94b2Qta19sOS1RalhwS18tcjk4LWhmZktQd0dHLVZqRlFteXQ0OW03TXpNY3lQcHQ4UGlFZkdxZHppc1E3R3hkWllqdDlKVF81ektZcllhYUVVd09ZQU9OdW04OGJQODJFUlRB0gHbAUFVX3lxTE9FRDF6ejhBOWo0Y1EyVFF3V0JhTkxSdVU3U0FFMy1ObTcyTEFuZ2pCdmVRZDUtX2FVdEtPaEFDdTVjMGtCM3YySGl4VUZZa2YwN0lGd19vQm55LVpiODBGQ2V4MHkyLUh0WTRaek93dExlVHpWenFPT1hub3hFb3JNc3NfdlE4dnR0ejJMWTREOVpFc2RXbXBRSmN2VTVJOW1ZUHVIRVNDZGRyV1U3SkF4dS1Ha0FWVVNhS0FxOWZ0MExPYzU5TXZjWEU0YXBDZUw4b25BVnluVlVpSQ?oc=5,Hindustan Times,"Wed, 17 Sep 2025 07:00:00 GMT",2026-06-14T20:38:34.523844,dos_ddos,True,False,candidate,https://www.hindustantimes.com/india-news/uttarakhand-govt-grants-sanction-to-prosecute-corbett-tiger-reserve-director-101758085329358.html
denial of service Uttarakhand,"5 Hospitals, 4 Districts: Soldier’s 1-Year-Old Son Dies After Being Denied Treatment In Uttarakhand - News18",https://news.google.com/rss/articles/CBMi1AFBVV95cUxOVENvMmVYSTBSSEJ2N2RXd29YNFRmUlpqclFxRTFWR0RaR3BTMVZYcEt3X1YtN2g1LTZCU1ctLXd2UHFBOHdMQXpCQl9zVzhZbG5qX1FHQmstdEdSWnl0eGZ3UGxQckk4dmxPV1cwSnhBVWVwanhFc2NFVUVUaHJGTERxanJuWko0cHJCajBNa2dKTmxOek5xblJGcm5NZm9DQ3RKM1IwLTZ0T2RKMWZIRFZWVEUyS2F1dVFrbHZ0QUpuRGgyNndVdXFrWXN6OFZlb2Z6U9IB2gFBVV95cUxNbXpLa2pZeFQ5clFHclNvTHhfVnpLS2Z5aXNoX0RvOTI4bW52dGp0VHI0LUNfbHNzVFluNTRSQkd0MzY3cWNUTWhqT3A5dktYRFZrRXpoQXJDaGk0WDhHN0s4Q3RRZ0tvdVFUa2FDOEtsV09raThQOWdwbURBdVBhZXVZWWs5VVFhMVJKX2VaTDVMaUZIZTJiaG0wUW9NLUp1ZEVWOWhqa3dFWDEyb0o5MXljWHZvNlNxYUJtQlZmMVhvRnJKUkdIVk1rTjJnUjRPb1JiUnpaa3c2Zw?oc=5,News18,"Fri, 01 Aug 2025 07:00:00 GMT",2026-06-14T20:38:34.523862,dos_ddos,True,False,candidate,https://www.news18.com/india/5-hospitals-4-districts-soldiers-1-year-old-son-dies-after-being-denied-treatment-in-uttarakhand-9477402.html
denial of service Uttarakhand,'Trikal' Whisky Denied Sale Permission In Uttarakhand After Outcry Over Name - NDTV,https://news.google.com/rss/articles/CBMiqwFBVV95cUxPR0prM2ZMVnhrbXNJQ3lRblZIMHg2b0VCdkVMaW1iSjBkeHhVV2s5Z1lqODRPUGZBYkVBRFI0SHJaTHVlMUpVZHpvWWNPaTF3YWwwM2ZESG1FSU5VYVR0U0h5WS1RMEVtS2phQTF6RVVxTmlzRXdGR3Ribm9BaUhSV2ZIQlY1RnNsM3V5eExPYVpIWGxpVEZrMVlJUi0tY0JJUzBOLURHVWlZTE3SAbMBQVVfeXFMTnM1X3NTZl9STlEyTmNDaDM0ZzFsYk1GWVlaS0pSa1NnVXE3WTZETGZpUEhMbmVXcE9jYUFMNG83dUZrVDhxbHpseVpCeGJUTUdHaGVCb19hckpEdXo3LVdqN2F5N1ZjeGQ4VkpWS3ZSTGVkVTd1Ylg0bWVOYmJpWmF3Ui1TWDFQNEpsZDJOdl9jVDVPMWwxTTBrTEREcHJFVnhURUV1WW5DMDRrck5wOG00dms?oc=5,NDTV,"Wed, 28 May 2025 07:00:00 GMT",2026-06-14T20:38:34.523885,dos_ddos,True,False,candidate,https://www.ndtv.com/india-news/radico-khaitans-trikal-whisky-denied-sale-permission-in-uttarakhand-8529973
denial of service Uttarakhand,Short by 3cm: Civil services qualifier seeks height relaxation citing hill origin; Uttarakhand HC asks go - The Times of India,https://news.google.com/rss/articles/CBMi7AFBVV95cUxQeHVtTURDbEZCWFN6WFJNc3ZlbTgtQ0lLZVJwSG9TY2szTG5UNkgyYXhXc0lQSm8wWWhsOXg5eFdKaWlPZXdvWU5ab3pEY3RnazBXbHlQbDhUcm5hOTJ2VDdMMFBRTW5fRVI1LUN2a2oxNGx6eXIzdlV4OHZzWEZtRmF3QzNpVlczZEwzcHBfNk1oY1laR3pJSDJGU215SDAyRmFOSi1uQzlrbldTS2Q1YTdxYkt2NEpoSkc2MHlyZF9Hc0hiM2tZV1p3cjRnbDhHelBjT3B0UlV3RzBjaUhKem41aE1WUDBLYS1SLdIB8gFBVV95cUxQbEV2OXMwS0NiSFQ0MUJ4V3UtVjZGTDhIbW94VEg1ZHBmbjJiYlZCNEN5R0tLanpNNE5wcjZXeUd5enRlZ3NqRWdza2VLQmxYRGhPM29aa0FJNV9nZkE5R3FYYXN0S3JFa0NzNXREN2hadGJoR1JnYmdnTnZDUFBqRXRRZmMxcTJDR1VZeVBLcFRkVUlkNGZfVnpOYnMtWTJ4UEhtdHdXV0IwWkQteFp0b2h6eDF5SmZ5eWlJSHp6YWdvakRyQmtudGc5NDFGWHhGc3k0X1QxbTY1akx6UHlGVzlYQ2RtaVpnMHRaSVVrNzBKZw?oc=5,The Times of India,"Sun, 28 Dec 2025 08:00:00 GMT",2026-06-14T20:38:34.523899,dos_ddos,True,False,candidate,https://timesofindia.indiatimes.com/city/dehradun/short-by-3cm-civil-services-qualifier-seeks-height-relaxation-citing-hill-origin/articleshow/126207396.cms
denial of service Uttarakhand,Women Cannot Be Denied Govt Jobs Because Of Pregnancy: Uttarakhand HC - SheThePeople,https://news.google.com/rss/articles/CBMirwFBVV95cUxNa1h3Q1h0aFQ3eFRDYzVFaElwVDR3VlFjRVBDdDg3SDBNZlFoRllScUd1NXBqSmt1cjRkaG9iekFaSVljTnpya3RwNXFOV2NUOHJ0T2tWX1lsOU1kNlN5Ti0wVFFwQ3NlWkxVNXRtclpzZDFlTTEzbFNlcWstX1hNRXprRzJFbGZmd3YyTlZXRm5rekdsSEp3VHdDd2FlRW1ORnlDNnpDbGpvekJiUGVN0gGvAUFVX3lxTE1rWHdDWHRoVDd4VENjNUVoSXBUNHdWUWNFUEN0ODdIME1mUWhGWVJxR3U1cGpKa3VyNGRob2J6QVpJWWNOenJrdHA1cU5XY1Q4cnRPa1ZfWWw5TWQ2U3lOLTBUUXBDc2VaTFU1dG1yWnNkMWVNMTNsU2Vxay1fWE1FemtHMkVsZmZ3djJOVldGbmt6R2xISndUd0N3YWVFbU5GeUM2ekNsam96QmJQZU0?oc=5,SheThePeople,"Tue, 27 Feb 2024 08:00:00 GMT",2026-06-14T20:38:34.523970,dos_ddos,True,False,candidate,https://www.shethepeople.tv/news/supreme-court-orders-compensation-for-army-nurse-sacked-over-marriage-3876651
denial of service Uttarakhand,"Uttarakhand: Woman Can’t Be Denied Govt Jobs Due To Pregnancy, Rules Out HC - News18",https://news.google.com/rss/articles/CBMitAFBVV95cUxOYUhCTlZlOXRGX3ZwODQ0cHJBQjNXbGcwbHNJSW5pU0tLd0ltWDZNY1BMaG9XaTI0MTd3Mjhrc1paUDRmS2dyS0d0dlIzME5wZFNQOGl3Q3FabERjVVNvQlBWWGhMcWtwOUVyaTB1a2Q4S3lSYnBoWHYtODBBQkxjc29OQmRwb1NXeWF4WEZNWUtGR1VVLTA3Y21qV29yOXRfWjJ1TXFpUDJlWmVhR2hUWjVKNXXSAboBQVVfeXFMTl9oODlVVHB2SE1vQ0JVM1JEbEI5ZVZSWWNwcWF4QUY2T1NqUkRlM1ptQzA0M0JIZ3dsR0d4NWlrejIzSFZ2d0xTQjA2amJlVi1JeVFrOWFYUXFkaDhhTVZWaGZ6SkJRUmg5eG5HTWxwLTE3QnFVdE0xRFlMUmNLRjl4Qzc0N1ZRTk4zRXczalRHYTAwbS0tOTEyU3llclo4R1FyREZ5Vm9jdEJSMWlqaDM1Z0FtaXF4NmRR?oc=5,News18,"Mon, 26 Feb 2024 08:00:00 GMT",2026-06-14T20:38:34.524012,dos_ddos,True,False,candidate,https://www.news18.com/india/uttarakhand-woman-cant-be-denied-govt-jobs-due-to-pregnancy-rules-out-hc-8793918.html
denial of service Uttarakhand,"No Aadhaar: 53,000 denied pension in Uttarakhand - The Times of India",https://news.google.com/rss/articles/CBMivgFBVV95cUxONTBKbTRVWlVHZldQLVZ6WDJIbml6RVlNNEtwY1NJX0laY2prdkt4VHcwZnpaYmJ0RU9hMWJ3TzBMMTQtbXRjLW9NN0o1d2ROcm52dkktSWpoM1M5TFlIcjg1Y2NEVHo0SVFPWGUwX25UTlJ5aTBNQzViMllrMUo0TTU3UHJhVTRoaUYtTWVwZ2Y2Z3hfd0xLLUxpakFqT0FLcmJRdFNtTGQ0YklOcm94a1k4QnM1UEJ5YU1nVmZB0gHDAUFVX3lxTFAzYnphREd5Nk5sTmJ3eDlYWS1KUGNqVUtQYWNqaUozTElVb0Z5X0Z4T2w5M0cwX0FtM3doN2xNcWZudkthRTZPbnRPSHZneVpOWkdqUnFHOHpLWXV3OUdOYnpsMmxTenJRUl9pWFR2SWxZQWsybTIyZ1M0RHRrLWhBVHZrM1Y3bXdDZVVLdDZvWlJDTFFoWHZvWWZlZHBzTUhMNEhfZE44SkdZTWtWTWNhQWdMd2dfNW1OYW91dUVCM0Z3UQ?oc=5,The Times of India,"Sat, 16 Dec 2017 08:00:00 GMT",2026-06-14T20:38:34.524080,dos_ddos,True,False,candidate,https://timesofindia.indiatimes.com/city/dehradun/no-aadhaar-53000-denied-pension-in-uttarakhand/articleshow/62092113.cms
dos attack Uttarakhand,52-year-old Pithoragarh woman becomes 9th victim of wasp attacks in 3 months - The Times of India,https://news.google.com/rss/articles/CBMi0gFBVV95cUxPSXhQcllWQVNnRnR4UC1sNUdUbkZoSUJOdGpKSVNLdFktNG1qZFBGaXcwLXNsODN3blh0X2RoODAyTzRmYVpOOHVPRlFXLTIxNEFsejlmWUpQdlI2MzQwWnZTSTc2dWFWUlpGcU1Eb0VjWGNpbDVZS1ZITThXQ0tra3RYSUhjNFkyd3c2c2g3OThTSWltZTZveTdBSjN4MUg0TWhxWUNESk8tTnB6cDI0eURoQThBWGJuWUlVMlNNeDNKYkR1RTlBLTg3NWtDSkI5NXfSAdcBQVVfeXFMTTVTU2hSX1FRNWh4T3dFWWJzb2VhRjJPMkhJQ3hHRGs1MEZCN0JuaFBfbEFnXzdMZklXZFdpeVc5OVBKWUJobmRNRzRjakM4QjFHVXJMcHhZVkRJUHlhYUhmZjNpcEtyTF9HcWlZRnVXTVRnUG9rTGw4WWNBYl9vMWhDTXl2dkxOZWh0Nl8xOGIwVnBORzZiNXlQRWt2N0dUdWRYb2tBeFhhdG9RR0tSRENoZWdaWFNqR3Z2b0EzUmFqNndVV1BiaTBVWEFRYkF1VEp1alJLa00?oc=5,The Times of India,"Sat, 16 Nov 2024 08:00:00 GMT",2026-06-14T20:38:36.275770,dos_ddos,True,False,candidate,https://timesofindia.indiatimes.com/city/dehradun/fatal-wasp-attacks-surge-in-uttarakhand-9-deaths-in-3-months/articleshow/115367745.cms
website down attack Uttarakhand,"Cyberattack Halts Uttarakhand's IT System, Impacts Government Operations - NDTV",https://news.google.com/rss/articles/CBMirwFBVV95cUxOcUpmN1JqclJyTnFCSEdFd29oUGVGQW5LaFNFdF9odkVyNVA2S1Jpc3BobXVUWWtoeHZQUk9JYUlZcEhlUkU1eWVrRXlwb2tHT2tucUFEZkhBLTFWbEZaMG94Qnl3UGxqQlV4RlFQNHRHVzRlZEROS2RiV2hZOWk0MHNlelFOQnRnUVV4RTNaUmN2aldTNzlZaUctTE12YjhTV1hNS1RwTGEtSzh2OVZn0gG3AUFVX3lxTE5rWmJJOExWTHVOWUxYMnRNRG8yZHhnZnhuZjluUTVPVlJCRjJwal8zYngwOXNqcnlTdG5JaTkybWJrOXBTSEZnZ2tZZGRIN3NWenQwZ1Y5dVdiWHowMVE1blJCc2VYbElSRHQwNlViZC1mdEN3RlJKc2pKcEFvM3FaYWpnNHhMQzVyV2RQdVFLcXYzbTBYbXJsZ2JpVHZYWTM5YVBJMkQzU0diQVAxN085YUhuTlY2QQ?oc=5,NDTV,"Sat, 05 Oct 2024 07:00:00 GMT",2026-06-14T20:38:41.179679,dos_ddos,True,False,candidate,https://www.ndtv.com/india-news/cyberattack-halts-uttarakhands-it-system-impacts-government-operations-6718380
website down attack Uttarakhand,Hunter guns down leopard that ‘killed’ 2 kids in Uttarakhand | Hindustan Times - Hindustan Times,https://news.google.com/rss/articles/CBMizAFBVV95cUxOZlAyRHFJRjBTQlUxR2xkTW50RTlCZW0tVDB2RXRHXzlzODl5QVozU1p2SDgyM3ZFd3ZEdFZNeHZ5MXdQbHpXZUNTRGx2clo3MklWNHRlLXFFOXJmVVBSaGhtRWFvdV9iREJ5clNBaHotZ3FwMk1sS1ZjTndPNDBnU3JnNU1DUHpSa0VQUTQwckhiWnQ4MWdJTGEyQWFUZDhVV3IwQkJ5Qjgxb3gtRW9DczlpRFJ2V25ETEN1OV9lalJiRk1RNGNhWEJ6aHTSAdIBQVVfeXFMUDlMNnpXOFpzakU2aVpGa1dPOXhMOElOc1BBRnVKS1ZZTmpRVEpYVm9iYWVHak1HV0lZcmRNNV9NMDBDeEd3QldsaHJxb0Q4bGc0c0UxalFzc2lUMHdZSFpMWURycEhHRDQyZGVmMUpXMDB6UjdvWl9ab3RyLW91NFhreUdGdlUxMXVlTnp4OU5NTGY1YVZwNzI1VzVtQ3h1dzQyY1IzZWhqYVRTUDFsWlBKNm5jRGlEdHVVeXdRdHhEUnJkVVNnb0NYLTZlTF9uYVJB?oc=5,Hindustan Times,"Sun, 17 Jun 2018 07:00:00 GMT",2026-06-14T20:38:41.179741,dos_ddos,True,False,candidate,https://www.hindustantimes.com/dehradun/hunter-guns-down-leopard-that-killed-2-kids-in-uttarakhand/story-cp9TCAAMxLbbcBJcgsNUPN.html
website down attack Uttarakhand,"‘They’ve known us since we joined college’ – In Dehradun, shocked Kashmiri students leave campus following threats & heckling - The Indian Express",https://news.google.com/rss/articles/CBMiiwFBVV95cUxQNEY5NnRYdTcyZGZPRkVDb2pzeUpmRjhIV2lVOUJzWGVHQ0pxcVo0UklQMVpEZ2ZCWDBITU1iR2FNTkNxc2RFU0ZBSGtjbXdST0V5eVFzYjczZmZEeDVqd0s2T2FKallwekdRQmpoZ01LZWtmYURHaVVMX2tBMWtzbkExMGV3c3c0QWtB0gGSAUFVX3lxTE9lNnFlQzc0Y21oNWlldWNZMU4wRG9sTkdBNmx4a1pCVmNEcDItS3U5Qzgxb0RaMVZDczZMRjZ2Q2tocWRSM1VSU21tZXJWOWZoaWN4cElHRE5oeGZPZ2RyTC1zbVVPbWdjNVNwRVlNbWF1YXpzYW44bHdidEYyajJYZ0dHbTRic25tenI5eEhvTWZB?oc=5,The Indian Express,"Thu, 24 Apr 2025 07:00:00 GMT",2026-06-14T20:38:41.179757,dos_ddos,True,False,candidate,https://indianexpress.com/article/india/uttarakhand-kashmiri-threat-police-9962445/
website down attack Uttarakhand,6 dead as helicopter carrying Char Dham pilgrims crashes near Gangotri in Uttarakhand - The Times of India,https://news.google.com/rss/articles/CBMi2AFBVV95cUxQdTFqMUc1MExia2Z3SVNvUmVnMTdDaER4ZzJpclJTSWdNazVTMjN0RWJwWHktLVVXbUxhc0xqWU5PZjJvZnVYMEhoS1RRN3VIMTc4UzVzelN4b3Y3RzJfN2ZLYTM0VGpEV0VYc1VldF96Z2ZoNWJJNXJBVkREdmFCNDNFbXI2LURlczlaYjZNRlVMT2lxN0RjREI0VzUxZDdacDN2UGJqck1JOTg0cTB2QmhYVmlIXzRVVGdZUElDbnNSc2pSY0o3aU1hTEpoMHhEcko5UzFPTVrSAd4BQVVfeXFMTk9Vc18zdmZCdUZVbWFZakhkRG1sZkRvLXVnMWdtbjgzUTZieWV6MlItMmhJNUNXc1FxcVVwSzFxeHY4MWx4dUFiUl9CUW16aVppaFZNSzRHVFZjQlpnbjBYSlRFT3pkVm5uWUJWYmE3TkswZm1kYWZLSl9jUHpvODlVaEl2MGZ2bnRfOXJvejhqOG5jNVVma3FCcEM4NV9RdzJaRHlsN1F5SDdiZEFtd19qYWxoNGh3SjAzNmhPdVBuU3Iydi0wa2t4UEJaZ2tDdXZKSVVrT3FxVmUtc1dn?oc=5,The Times of India,"Thu, 08 May 2025 07:00:00 GMT",2026-06-14T20:38:41.179785,dos_ddos,True,False,candidate,https://timesofindia.indiatimes.com/city/dehradun/helicopter-crashes-in-uttarkashis-gangnani-area-casualties-feared/articleshow/120983258.cms
server attack Uttarakhand,Tech-savvy Uttarakhand forest dept taps AI to reduce chances of human-wildlife conflict - The New Indian Express,https://news.google.com/rss/articles/CBMi1AFBVV95cUxOY1lYelhUdEZ1a2tlZ2lwTGNKc2VreGhZNk1xZndkNTJXaUc0NWVQUmdHSEZuVVRTV3lhSVRvNmU3UVVqNWVYM21mRGRNaVM1Y1dQMHNIWU5VUHVyVUdhajNEd00wUlkzZUZrSlN6MERaZnJ4N1ZRLVJpUlNLUTVsaWg5X2p2UlNIck4tSDhCSjJ2ZjRNZkczM2RjM2dvOXgwV3o1MnBELWFLTExmNGJBaW5jX1hfOWNQNTB6Vmc0d2NBMkhsRzl2OXZBa1ZyaHRYdmFtT9IB4gFBVV95cUxNNGFyeFpzbmVSOVVJOUNDV1RyTlpyVGM4c0lYZHpHMXN4YWg4MDdheTlURy1wMFhJU0RIRjkzODQ5TGlwXzZHd0Jsb0Zidjh3ZzV1cUc4RHRpeTE0a1M4NmgxcTdjdUFGMFFLVzdyOXBpYnRIbUdYSy10N01LVk9Nb3pYcW45dTEzT3dlb2NlZkdnSzFDV1JuOXdSbGlmY3k0YmgxX3V6Nm1RQm9XNUUya1JscS10UjlmTW5uR05OZ1I2V0ZIOEE2SVYtdDNsVWFHSVI5Y2hXYUtveEJrZDFoQ1RB?oc=5,The New Indian Express,"Wed, 21 Aug 2024 07:00:00 GMT",2026-06-14T20:38:42.822835,dos_ddos,True,False,candidate,https://www.newindianexpress.com/india/2024/Aug/21/tech-savvy-uttarakhand-forest-dept-taps-ai-to-reduce-chances-of-human-wildlife-conflict
network attack Uttarakhand,"Dehradun man held for links with Pakistani gangster planned attacks on right-wing outfits, lawyer: Cops - ThePrint",https://news.google.com/rss/articles/CBMi0gFBVV95cUxPOUlQTzFOTERPRVRzQjc4Unc3M0pBXzdmTVN2TkxYalhfRTZhTnBVNTdlYzFyeTk4akVXZ2NSZGloTTM5SFk4cHJZTE52THhTQW00V3VKZkdfMVJNZzFpMExVM1RCNlk5SW1rcHE1Sk5jQjBkX3Z1bVpROHpaQUJYU0dMdUdGc3dGNXVocnM2WTFTLWN0Mm1paE5BVEJ2SjBPb2VRS0NWZ0RJUDAtU0VzSllOOVZZSnJuQy1DeFNPdm42aW9xb1oyWkRQMFE4bkFtdHfSAdcBQVVfeXFMUERyY3RPT2tkTHhydWhpWUJSUlczTlJSaWNvYk5fUlg3THFkUW9pREZjZXYyT1hUNWVfQXRmajhKOFp4SmhQTVlFSVJPWDNvRDBBTmpsdW1ma1lCQ0hYVXoweGNneWpiU0ZSTUZzUXEyRjAyekVFdWJ2c3dlejdaMTQtU0ItR3U0NGctbGJMOWdCaVh6MC1mcEtmeWM3OWN5Skg0aFVKcEl2Vkc0MTNfc0h2Z0VaNlNwNElFa3JXRVoybENIcUJmajFrZUJPN1VvUlhqZ0FrZTQ?oc=5,ThePrint,"Sat, 11 Apr 2026 07:00:00 GMT",2026-06-14T20:38:44.788664,dos_ddos,True,False,candidate,https://theprint.in/india/dehradun-man-held-for-links-with-pakistani-gangster-planned-attacks-on-right-wing-outfits-lawyer-cops/2902341/
network attack Uttarakhand,"Tripura student dies after racial knife attack in Dehradun, outrage grows - The Assam Tribune",https://news.google.com/rss/articles/CBMitwFBVV95cUxQN1dRS3NrQnNrLWtybTU2VGRIZG1nbUE2cm9nd2gyLU9zaXRpVllERldWWUhsUnpja2JUUEt0Y1dGQkV2MS13NEZBWHFNSDBfa09qLWpmb2t4V3ZLYUtFcDZ1WXItejFqbVdudXlWQ3E0M3pVVzhNQk1iZDRCUDJlczFSdmdRUXJQd3ctb0ZuUmxWXzBoUjJrVnM0enpMd2JhTFU4ZWNiU1V3NzlRZVBCejNRTzRzZUXSAbwBQVVfeXFMUDRmY1lRczhtTDNPbWhCa3pwVldHOXNLa1JGNnVma1E2cDA5TXdBY1JSdGZuRFpjWTdiMVVXeHl4UUE4eGNEcWR0TXE4bEY2WWFfMHVCd00tMERuVWRmMld6S25CQ0xOMzdKcFpIYlQtVlpmVlVUVDVtMWVhN29wZDk5cHQ1UDZuLW43NUpRb1VzRy1BdUdDLXhzQzdud1oyOHRoZXhQbEhENHgwZTZrNUNYOVEwRTR2aFdrQ0Y?oc=5,The Assam Tribune,"Sat, 27 Dec 2025 08:00:00 GMT",2026-06-14T20:38:44.788761,dos_ddos,True,False,candidate,https://assamtribune.com/north-east/tripura-student-dies-after-racial-knife-attack-in-dehradun-outrage-grows-1602620
network attack Uttarakhand,Islamic conversion racket spreads to Uttarakhand: Ranipokhari case exposes love jihad network targeting Hindu girls - HinduPost,https://news.google.com/rss/articles/CBMi0wFBVV95cUxQaFlPRExiNXp5a1l2aS1LLXdQWEdIay1JWVdhTHVBcmp6STNwQmNaWTlIbGhnX0Mtd3NrUXdzQzhka1JsZVF6WThvbVRtZDNfMFJIU3ZxNEJVSWZ6RXdlZE1JaTBGcnBaTkdkeXNtdjRxYWc4NlJTS3FFVFZjcHVzd1RFSUk2enFCVTc2QlVFZ3VzY2xndDZiZTUxWG0tdGMwdzh3elFSZUJwblBaQjBKR1hnSnh5cmVodjBlTHExWEp5WmJjN3U2NWhRcGNsNEhXTVhB?oc=5,HinduPost,"Wed, 30 Jul 2025 07:00:00 GMT",2026-06-14T20:38:44.788840,dos_ddos,True,False,candidate,https://hindupost.in/featured/conversion-racket-spreads-to-uttarakhand-ranipokhari-case-exposes-love-jihad-network-targeting-hindu-girls/
network attack Uttarakhand,Uttarakhand establishes its own mobile network in Rudraprayag; Char Dham Yatra devotees to get free WiFi - The Times of India,https://news.google.com/rss/articles/CBMigAJBVV95cUxPZ21NTklaM1BRcDhERDdOeExTNDJ4UW85VWNNWVRVVjRPcWR2RzF3REpQRVc0MjVPYm1sTHptQkJVVXdRaWY5OU4taWl2QXRCNEtmbjFiTTllUENwemVDS3ZTNWMzWnUxWjFWTm04aXNiek5qS0trQ0xpRVl2b21MX0pJN19GRXp5M1M0NWdmYWVEZy1YcTNmRHB2SHV2M0I1Smc4ZXl3Ti1TTHZMWUdNSDBVaDhHbXh3LTdNbkFsbDFwdkZVakNHaE1RZm5FV3pUMXdmMWozaUdmd2J6bTdQemsteVgzSGRiQVdDUW9RZDhyQlI2azVxRUZaTjNTM1Zm0gGGAkFVX3lxTE1pczlheGR6WmZaTUg5MG5ESUZTUmtJSnBpQjZNOFlROFo2ZWN0SW4tR1duOWFuLXFqSVJDdHJOMW5rQkpwZjk1VVZQc3B6RGgzRkZMbVZwX21uVnZyV0h2b1QwV1JTNGlvQUhZNXFvekpLRHdXN1lEZDl3TWJEand1NGMyS1JPSU1OdTNjaTVqbHo0RGtiQktuZlV5MEVpdW9NLTVVVlJuSkRJRm5WNjRrOVNOTUxMZDNRbkFrSDV1UEtIWURDUS0tNDdOYWlhMGw2ZnA0R2YxSTQwWXhJSUI5M05IWHZlS3RFTFBVQnBSazVCdlZUcVlqOTlCWXRKY1FFODYwdmc?oc=5,The Times of India,"Sat, 03 May 2025 07:00:00 GMT",2026-06-14T20:38:44.788905,dos_ddos,True,False,candidate,https://timesofindia.indiatimes.com/india/uttarakhand-establishes-its-own-mobile-network-in-rudraprayag-char-dham-yatra-devotees-to-get-free-wifi/articleshow/120853991.cms
network attack Uttarakhand,Uttarakhand Poaching Case: Postmortem Reveals Tiger Siblings Severely Beaten After Being Poisoned In Haridwar - ETV Bharat,https://news.google.com/rss/articles/CBMi8AFBVV95cUxObF94MXFQMzQ2bEtVZ1NSN1BiYUVqUXpuQlVIU2VRTnMxejZYWExZelVlYzI0YXllNzJEVlkwVkdjakJ6YURVbmRhdk5oMjI1V3J5alR6YlVFdjdvWlBURGUwWFI0RW9MWGtoSGM1dThoWVUwYTZrZm9TV3NnWE00WF81U2NWMS1BWm9DVDhyRVc3TDFHTkRuRlZVckktcllMa1dpTGdPNmpBcGs5VW5DYmhJR1FncGhnejVKMFBfeVd3RDNVOHBLdUJfV0h5SHYyVTNELVZtZlFoeGZ1TWtYbFFjbVNuaDg5TXVQa3hGNUHSAfYBQVVfeXFMTnVDOVN6U1NtTnhLTzFvdWk3dmRzMlZwTkpod1BCSkRDUnNMX3RUSHBBdm16M2dsM042RGxrS3RSZ0w4TnpDRndHNzNjRG90MktPU3BGbnBkMEdFVURCZ3R3N0lIeElaUHpkeEtEOTNOenlmV3dTY2Vvb2ZOLWNJalM2QjM0aUFEOWlvSjAtMGdhYmhXU1A5bFJVQjhqaXpoWXNqSDc2S3hmRGxNRFhhRTRrT2J3d0hyUTZSTG04ZDlrSzcwbHktSjlqS09ST3E1VVotTjVjYlh2SFc2dXZub1RiZGR4LWI1MmVjNlpCcGJVaTJsbm5R?oc=5,ETV Bharat,"Fri, 29 May 2026 07:00:00 GMT",2026-06-14T20:38:44.789025,dos_ddos,True,False,candidate,https://www.etvbharat.com/en/bharat/uttarakhand-poaching-case-postmortem-reveals-tiger-siblings-severely-beaten-after-being-poisoned-in-haridwar-enn26052902964
network attack Uttarakhand,"5 Arrested After Tripura Student Killed In Racial Attack, Uttarakhand CM Assures Strict Action - News18",https://news.google.com/rss/articles/CBMi6AFBVV95cUxPelFraEpPMzluel9yQmx5MWVENUhhR1BUdWtvM09LNW9nWjktYmhCcjBfaVFEcWFsMjJzNXVjcE1tdXBiVWFvdzlJVDNzUS1GczllcjBoWm5QVGF2UnJZbmJBVUdKX2lYWmpNWnpXeDlrRGw3V0U5UDRLT1JzenFzZ05rM2N4Q3Fwc0swN3h4SjY5VW1XYTFISXB6bHZHSXBjaVVNeTNnZjBXUlJpSU5ZelAyU3JqbHNIdWVBRnlUbktmOGpIdXQ0UWVDb2xROXJ5eUFuM3Ridkdzc19LVk9JcmVQRjh1bFgx0gHuAUFVX3lxTE94cUNlZ0JLQlVuS2NJdENHRjM2WVBjSlVLOUFKdVJvM0wtSVVmM01aWTVSQktGYVhmeEJoRTJNVWhQdlVzRmJpa211X203SUI1TS02WW11QTMwTE1KWFZRckp2ajlORGowM29PZ2VKOUFOWDlDSXNBbFdWcU5BbHQxa290ZVA0YmV1cXd2d1Q4NVB4UlJPWTBMM2E2Ti1nbDVWQU1qUGhBbEptY1FucDhZTXRlaHIwTGw0bHNDRWxNZFJaR3pJUUlIaWpPcEJGLW9QdXhCLWVQN2JHRndXYWZzYUg4bHJoTHBmNzJzWmc?oc=5,News18,"Sun, 28 Dec 2025 08:00:00 GMT",2026-06-14T20:38:44.789114,dos_ddos,True,False,candidate,https://www.news18.com/india/uttarakhand-cm-assures-strict-action-tripura-student-killed-in-racial-attack-suspects-arrested-absconding-ws-kl-9796579.html
network attack Uttarakhand,Uttarakhand's Mana village near India-China border gets 4G mobile connectivity - The Times of India,https://news.google.com/rss/articles/CBMi1gFBVV95cUxQd3B3YkdQUEk1SGxhUi1pTEotNTU1ajJWMHhDVlVMYWtMQ2YwcmJEYzY5ZklmQUlmdk9fdFQxOUUwbUloNGpaMXZEaWR4MWVWREVGckQ0ZU1od1lUaWdQc3RJWUlzRjV4UW9CTUtZbVZjajRxRzhkaklYVGhpUXJ0MC1DWUNpSG9ORndyWXl3Y0k2bENfNE85eG1weERYWUR6VUp3dkFyUzVyS0lxWWNXaDR4eXUtRXVOZFc4eW90ZDlMVXRValF4TXQ0LVl3Q2w0SmxQM09B?oc=5,The Times of India,"Sun, 11 Dec 2022 08:00:00 GMT",2026-06-14T20:38:44.789126,dos_ddos,True,False,candidate,https://timesofindia.indiatimes.com/city/dehradun/mana-village-near-india-china-border-gets-4g-mobile-connectivity/articleshow/96143942.cms
network attack Uttarakhand,'We were stuck for nearly 40 minutes': 62-year-old Delhi tourist dies in Mussoorie after traffic delays m - The Times of India,https://news.google.com/rss/articles/CBMi6AFBVV95cUxPMTVpWXp5YXRyejdpdU9UREpjamcwWkE4eFM5ZnVuZTN3SU1aME0waUtQTzNGaFpTeDhOTGxsanZIeFNPbnN0bU9pRmhUd0RIa0dJcUpTR09qMmh5ODJ2Y1JBWnVlTUJpUXdja2ZqdUlON3pGdjlMZ2dFWlZaSHAxZ3ZkREZTek92aVZ6M21OU2xPZVVkcU83eDA0X3U3Si1OOE5ZUTJ3RmxhMExpTVFSZHdMWDJtN0ZjREdiYWZ4Z2tkSTVvZGZqcHNfaDVhX29RU3lVSVI5aHZ6YXhJd0ZCcG5wV3pqUHFX0gHuAUFVX3lxTE5KTTl5blZVX2xHMUp1djZQS2Z1TGxSZVJ6Vm0xTGlXa2llVGlHa3J1WVlGZm9ZTjlETnZEZk1IQllDbXlNY01teF9tNkZ1TC1tamRMMHhfUVVxYksxTnpDWmhqOXBEVWRyRXpSUXJ1MnVtTE9MTW5YbFQta20tZ25fYVJpOUM2WFppOUxsc1phZ0tiZUJJXzVxcGstbDBFYXBBR0hPVlRCcTZoTjhWMkw5cnYzYU5YYUdyZXlNeFB0VzRpOWhibF81VWViQXFnbTBWbHF2TENhdDBaNnYtM05BSEVkbTZhc2h0SWVUTkE?oc=5,The Times of India,"Sun, 08 Jun 2025 07:00:00 GMT",2026-06-14T20:38:44.789177,dos_ddos,True,False,candidate,https://timesofindia.indiatimes.com/city/dehradun/62-year-old-delhi-tourist-dies-in-mussoorie-after-traffic-delays-medical-help/articleshow/121698229.cms
network attack Uttarakhand,Uttarakhand offers Rs 40 lakh to telecom companies to set up mobile towers in 'dark villages' - The New Indian Express,https://news.google.com/rss/articles/CBMiggJBVV95cUxQcmg0T2p6ZXItV3hCSnU2ZnR4Z2ZFMkJGaVVyNlNrMURUVTBURk5ld1QwM1IyWEp0MV9LTktWZFRmVVJMYnZYSHVMT19BbmxLNnNmdzFIbTljd3htd19fVThCdzBZUVRTQWZaamRFLUNHalgyc2dMdDd2Qm5nMFZ6LVVZQjNFa2ozN0k5dEF0SURtQmtSMTBoLVJ4a3ZTblZzOUdKU2lLMnFtUlNxbUdzRktKeU53Y1QydFZJOTVta2k3SFpRc1Z3Q1JVcHk0YmtZUktUcWdSYWpYT3NrOGVoZG5UY1RFVDdBWkxVQnc1d2JFd3Rpa2NRVlk1bi1GWVNoNlHSAfgBQVVfeXFMT2FhRmU2QlFtSk5HN0FXMmxSNTZYelZYYTlsRTl2Z2VkTjdqM2xNdFlCTzVfMWdHM25RcnZGT0ZCZkVRLUZ4YVFUb1dtbXAyaWxGVjVYUURDWEpMUXFMc1RQYkZFSVVKR2NKcVRIS3owOGFETElxS1dVdWx4dVAxZWNrV2pkbTdkdUEzVEpzdC11VkNQMWhhdHROMVdDQWEzNjhOMEJNVEN6ZlRXUl9nYUlPMkRaM2ZXOWlXVjhQeVVXZXJVMWthTjZsa0NjUlNDSEpiM0xFS0NDNGcyT01vMUMtTUZQMlh1Zml1aG5SaklTalFscUxkaFc?oc=5,The New Indian Express,"Sat, 05 Sep 2020 07:00:00 GMT",2026-06-14T20:38:44.789190,dos_ddos,True,False,candidate,https://www.newindianexpress.com/nation/2020/sep/05/uttarakhand-offers-rs-40-lakh-to-telecom-companies-to-set-up-mobile-towers-in-dark-villages-2192853.html?botrequest=true
network attack Uttarakhand,"'UK' No More? Uttarakhand Proposes Hindi Vehicle Number Plates, Internet Divided - News18",https://news.google.com/rss/articles/CBMiuAFBVV95cUxNVzlaSXNINlZHNUpSWHVWeUVIMXdtUzFDN293QWV6YXdGRlhJNUUzZW1fRVFQYThKa0s4czdXQ09NNUhPYVpBckdBWVFfekVjc1BzLWFNMUJmZWtTcHR3cFZnNmliVldrWW54S0tpTG9XQjJ6UXc4RnlOa3dCdjVsYWtNdUdUcS1QSTFzOW5EMzNBSmpBNDhsSEN6X0hpb01qczY4Tm1yOHVMajVHQS1SclRZbVJKaGQx0gG-AUFVX3lxTE9rcXdaVjhORDhkd2FrdWJ2emxKa084ZlJnRlMweC00al9aMFhqc2h4N2QwVWp4cFVIcVdGdTZCMk9jQl92Zmd5WWxvR1ZaVzJoaG0taW5oV2dpUGQxQi02b1pFYWx3VWk3UDRZYXBhSVN6WHVIcUd3SVJLU1FFUDU2WlA2NkVOOXJnOE9LbVhXS1BkS3F3VU5iWGRiNDBMeDk1cnNNdnBKZURBeGVQMzJCZ2NTVXVMc3VadW1sa2c?oc=5,News18,"Fri, 23 May 2025 07:00:00 GMT",2026-06-14T20:38:44.789217,dos_ddos,True,False,candidate,https://www.news18.com/auto/uk-no-more-uttarakhand-proposes-hindi-vehicle-number-plates-internet-divided-9349551.html
network attack Uttarakhand,Man-animal conflict peaks in Uttarakhand - Hill Post,https://news.google.com/rss/articles/CBMigAFBVV95cUxNVjVHaWdHTUExOHhUaTNwTmNLQjlPanNmYm91cS1Sd0JrLWlrdHJ2bGpQajJSMk9DeFdDb1BVcHRwVmVWdXhXbE9uTGdFdlJQMmlyTjJERFp2aDhRVVMwR29rRXByaXRGNmtjdTVvMGRmSE05bGlrWms5amlWUjJGUw?oc=5,Hill Post,"Thu, 25 Oct 2012 07:00:00 GMT",2026-06-14T20:38:44.789232,dos_ddos,True,False,candidate,https://hillpost.in/2012/10/man-animal-conflict-peaks-in-uttarakhand/53251/
network attack Uttarakhand,'No criminal will escape': Uttarakhand CM Dhami vows 'strictest action' on Dehradun clash - Big News Network.com,https://news.google.com/rss/articles/CBMiyAFBVV95cUxNQXZNWUd2bXU3dlM4bWFWSWZqNjU2RWpQaG15bDltVlpaSl8wYjUtR2lTeTg5d05Tei1TdU8tQm0tNlV0TmhMRXRObU1NNGk5a3drU01qSHVCRTZsMmVIcDRmSktTeXlvWVBoYVh4bE1pUWE1TEZFTDFJZGw5YlJTUklGVEZPRWo0OE5CTWZZQ0pxNERlLVM2X3hnbTF3bGdPLVlxWUMyNlpmeEM3VVc3bFBoRDhVT2VsbHpZd0JjYl9BZ2hRQkEzcQ?oc=5,Big News Network.com,"Sun, 14 Jun 2026 09:00:00 GMT",2026-06-14T20:38:44.789243,dos_ddos,True,False,candidate,https://www.bignewsnetwork.com/news/279122287/no-criminal-will-escape-uttarakhand-cm-dhami-vows-trictest-action-on-dehradun-clash
network attack Uttarakhand,Ace shooter Jaspal Rana passed away aged 49 - uttarakhandnewsnetwork.com,https://news.google.com/rss/articles/CBMiqgFBVV95cUxPRkFqYmJQR3dzcWswYWpCeGtGMzhIdFYzbTFlNjFnX1V4M2VlTnYtMWd3VHRvZFQ4dzBJNXl2bGFkVDJIdm8tYV9Vekt5UkVOMXFXWWFYLV9pWjNxN2xwRWxFaFhWajBXck1LUlJQUFR2eF9jZnAtaWp5dWVOQXRocHpmRVVGQklZZmlwWFVyUzlCbEFnRUdSTkhoNTBIOWNPMjRtMWVLelhZZ9IBqgFBVV95cUxPRkFqYmJQR3dzcWswYWpCeGtGMzhIdFYzbTFlNjFnX1V4M2VlTnYtMWd3VHRvZFQ4dzBJNXl2bGFkVDJIdm8tYV9Vekt5UkVOMXFXWWFYLV9pWjNxN2xwRWxFaFhWajBXck1LUlJQUFR2eF9jZnAtaWp5dWVOQXRocHpmRVVGQklZZmlwWFVyUzlCbEFnRUdSTkhoNTBIOWNPMjRtMWVLelhZZw?oc=5,uttarakhandnewsnetwork.com,"Fri, 12 Jun 2026 11:06:09 GMT",2026-06-14T20:38:44.789256,dos_ddos,True,False,candidate,https://uttarakhandnewsnetwork.com/uttarakhand-news/ace-shooter-jaspal-rana-passed-away-aged-49-41253/amp/
network attack Uttarakhand,"Notorious Gangster Vinay Tyagi Shot While Being Taken To Court, Uttarakhand ADGP Orders Immediate Arrest Of Attackers - Republic World",https://news.google.com/rss/articles/CBMi5wFBVV95cUxNdjYzZzJidXpvUkJJb3FqanBET2NMZFNueVp6UGNhRWFZUWRIWHQxbDJsT0lxQjdlZF9fYXRLd2hPWTJkbmVmNURycHVvUHdnUElvRHNvazFXQlpGdFVjQUxEU1h4VnlLcko2U0lwREtiZjlVSEpaTHI2QlQwYmdmNzN3MVNFZUF5eENJSVVUU09CdnRmaUV0ZGp6MGRfUVRoYjdOTTZBSXN3eHFhUHhmNzhsNTkyRjVpTnZNTzlIUkdscGhHNDJvNzRaS2RrMlczY2lYd2htZ1RUc0ZSdlBjUnhrZmlJVTDSAewBQVVfeXFMTy1Dd1pVUTlVWGlua08weWZXUmt4R25TLUhpei13MU1LbmNOT3FkbFlwNnBoSVNDOS11bUNPdDYydVU5UC1ZcGY4QWtsa2xjOUlkSURKYWdLc05oNUFXaXo2LV9iNmhJYXVWQUxMS1VHeENmSTNyMm9qNWxNamwzM3F1YzBQblBQTnNWbVZ3YU1HQ2hvZ25HenFPdXN0RnNsRWJIdkJMZ09yckZHcGltT0VZUDY1UTRJekplVU9pdTE1TnljdmRKc29ibGVfMGkxZ0R5Q3lRYzMxcFBxbm1PdDY4REhhSXloQWM3LU8?oc=5,Republic World,"Thu, 25 Dec 2025 08:00:00 GMT",2026-06-14T20:38:44.789280,dos_ddos,True,False,candidate,https://www.republicworld.com/india/notorious-gangster-vinay-tyagi-shot-while-being-taken-to-court-uttarakhand-adgp-orders-immediate-arrest-of-attackers
website defacement Uttarakhand,"Uttarakhand: Ambedkar statue defaced in Pauri, case registered - Outlook India",https://news.google.com/rss/articles/CBMinwFBVV95cUxNTmRVSkd0QUtsa25TblR6cGlERkZFd3U5Uk9DUkVBTnliWFM1MmQ5SlUzZjRCUTFxX0tjcWxiUGVnZ3pTQWxyYTRNX2k4ak5GUGozbkxtOWdsOGZFYl9qQmZ0N2p5bVUxay03VzVoNUJhVGRySlY4SkN6VnZHSjlSV1B6NmRYVnRaNF9HdjV1R2hlNDRab0wzd20tS2prcU3SAawBQVVfeXFMTWh0S19pQXlKUEFCUkdJLVNuRjJkNF9td3BVdk9Ja0F4YWcyaXhlNXhRQnFRUWw5NmJTdlhxM3pnZXMyZlBINEktSzdFSlVOM1RyOVUtY2poNENzbmw2Ny1QVWktd1V0OWdUYXFRUUhHVUJ6cXJQSEsyRXJhTWJKLWJRdGlVa19HZzRaWHlTWEJLRTJnZ1EzOW5IcEh3bm1URXNRZ2hnYkhYeDNSUA?oc=5,Outlook India,"Mon, 23 Mar 2026 07:00:00 GMT",2026-06-14T20:38:46.308620,website_defacement,True,False,candidate,https://www.outlookindia.com/national/uttarakhand-ambedkar-statue-defaced-in-pauri-case-registered
website hacked Uttarakhand,"Uttarakhand Minister's Social Media Accounts, Email Hacked - NDTV",https://news.google.com/rss/articles/CBMipwFBVV95cUxOOHBseUVQM3g5TEszaEN1NDZ0bjF3aFNMd181T25LdmJQZ3lCWHhyQU5KdTN3dTdGdmdneHR4WExvaHVad2pnanVxNXRzWk1DZ0xkNUQ2blJuTWlvRzRZNnMwZUV3Y0pDbFNTX3E2a01JRHdfaHN4Rjc0elVyQkh4UjFCM2RVRUdxRFhiRnZxenpIajZBNHA1aHc2NnlPbFZack9UaG5HYw?oc=5,NDTV,"Sat, 02 Nov 2019 07:00:00 GMT",2026-06-14T20:38:48.088803,website_defacement,True,False,candidate,https://www.ndtv.com/india-news/uttarakhand-minister-madan-kaushiks-social-media-accounts-hacked-2126206
website hacked Uttarakhand,Kedarnath Dham in Uttarakhand receives heavy snowfall - The Times of India,https://news.google.com/rss/articles/CBMiwgFBVV95cUxNMm9yYkhSYnk0MW5LRDlkeWF4ODNpSnNBcjhhdXNNNTNJU2licmpMZnNGSFZtOC1aOUN3a2dCY19RLVBYSHg4MUpLRTJZcndkLUFXOTZ2OE9Zd01kb21iTjcwUnJSUnN2Q005VmE0WERFdERYNk9jUDZaS1ZINUVJWm52WktGNTlMTGxwNTZ5S0twM3daa2NvMURJaUFfX2M3NUt2akRSZ0xpelY0RlB3aVdTdGdpRHVwUlY4emsxbmZsQdIBxwFBVV95cUxQcllaN1BrWTBMdElWbkdDZFZSNDVWRVVDdjRTdm1DTXpKLTctRDQzejBkcVljajl4N3pRbkhncUJqcG1CcjRHYkdieDgwcXdsZjlDQXpiWmlGbGZuZzA3a2d2MUcyLWM0TVFqNzhrejBjZFBEcVRkdWJlajI1OXEwT01hUzgta3NSYmVvVUdySFF6UG1pSUpLaE9LclRXaTB5UzVTTmhyR0RiWVQ4MHhKdnRIUzJJZHZ2STEwT2JBeE1hVTJCQVVv?oc=5,The Times of India,"Fri, 20 Jan 2023 08:00:00 GMT",2026-06-14T20:38:48.088812,website_defacement,True,False,candidate,https://timesofindia.indiatimes.com/videos/news/kedarnath-dham-in-uttarakhand-receives-heavy-snowfall/videoshow/97162031.cms
website defaced Uttarakhand,"Uttarakhand: Ambedkar statue vandalised in Pauri, case registered - The Siasat Daily",https://news.google.com/rss/articles/CBMimwFBVV95cUxQWGxQVFFZOW0xRmtJWHJOUjFxbTdzalZ5ZUt4X3phLTZFaWEyeDg0WlNBSkxfZHIxRUNvcjVrWDZGZXhPV3puWmlub3VvejJocWhKalhhQlYwWjFUdXFpV0wtLTJlS0YzWUJzZ1d3VGRNeE1lQ05jQXYyT0VoV1dXS0k0SWNnc1Uza0tWdndaMmVfQ0ZWM2xlanRZb9IBoAFBVV95cUxQZGV0SzJSSmtFRDJuQlRaNlRvTW5CUjlpcUNhTUdMLUJnbU1uSW1HNjVkVGFoNVZkWmhqMUd3cE9Ldnd6RG1VWDQ1cS1SV2lYZ1VnQVJ1YjJJbWxpbnI2MVAyZklUNGo4bEhDQ195Wi01endSRkRleGFCa251eUF1MV9QVW5SNmFCZkRlTUN5LWxjMUlpbFVvM2hSbWpacU9D?oc=5,The Siasat Daily,"Mon, 23 Mar 2026 07:00:00 GMT",2026-06-14T20:38:49.953998,website_defacement,True,False,candidate,https://news.google.com/rss/articles/CBMimwFBVV95cUxQWGxQVFFZOW0xRmtJWHJOUjFxbTdzalZ5ZUt4X3phLTZFaWEyeDg0WlNBSkxfZHIxRUNvcjVrWDZGZXhPV3puWmlub3VvejJocWhKalhhQlYwWjFUdXFpV0wtLTJlS0YzWUJzZ1d3VGRNeE1lQ05jQXYyT0VoV1dXS0k0SWNnc1Uza0tWdndaMmVfQ0ZWM2xlanRZb9IBoAFBVV95cUxQZGV0SzJSSmtFRDJuQlRaNlRvTW5CUjlpcUNhTUdMLUJnbU1uSW1HNjVkVGFoNVZkWmhqMUd3cE9Ldnd6RG1VWDQ1cS1SV2lYZ1VnQVJ1YjJJbWxpbnI2MVAyZklUNGo4bEhDQ195Wi01endSRkRleGFCa251eUF1MV9QVW5SNmFCZkRlTUN5LWxjMUlpbFVvM2hSbWpacU9D?oc=5&hl=en-IN&gl=IN&ceid=IN:en
government website hacked Uttarakhand,Safety first: Leopard spotted at Delhi's biodiversity park to be shifted to Uttarakhand - India Today,https://news.google.com/rss/articles/CBMiqAFBVV95cUxNY2doOWtkdXRQYmNhelFZLU1sUkdXak5ZOUUzcElJcTB4eVk5V3l4ZFNkZTFUWmZpcUVrVk9mODRmRHZadW9pWlR5M0FRMXluTi1Jbk1EbktrM1FMZElKOE9GZ1B6eHRwSHRsZTFqdllyaDk0bGp5d2FYbUg3dWdXY2ZnRHhKeFM4RjdnY01qRjNNZlVXaVBvcUhIUGZGZWlwLWlneER0UznSAa4BQVVfeXFMT3c0bkNWWXpqd3hPVUpIZy1jTFBHN3BYMXdEcFRqLXBXT2pHSEN6aWFjamJ4NThIU3JmcEYxVldJU1NTTVhNWURoRG9QRm9xSTY5bV9vMUpCT2F4U01OaHNIT1RlM2FaVnp4YXQySWhRdWt6UnY1RTM3ZW1WTFQzSFY5N19xVjg4cm5EMFN3dU05Vi0tZDJIeDNqd1kwNElWZm1YMEw0aHMtTG5CMDl3?oc=5,India Today,"Sat, 26 Nov 2016 08:00:00 GMT",2026-06-14T20:38:53.055078,website_defacement,True,False,candidate,https://www.indiatoday.in/india/delhi/story/leopard-biodiversity-park-delhi-uttarakhand-354052-2016-11-25
fake domain Uttarakhand,Dainik Bhaskar Group launches digital news app in Uttarakhand - bestmediainfo.com,https://news.google.com/rss/articles/CBMiwgFBVV95cUxPWVp3QW9WZkxzQTcwRGZWclJVZFlwNld4eE9HcEt0dTExNF96X1F0VjA3dHJYem1GNVBTeVRpM0szZWhzeXdxdjdXYktDRDhyUnJDN1JaQUFFVkZMaHBPZy1ydC1TS0lEX2F6NjBRS01idnFNZ2pMX0dxaWRVNHVkcGE3em1sUGZoY3VlZFRvVTBUTEFfNWR3ZW9nTTIzcWVLMkhtVGZtOUZNaG9pVVdleHFFQXNET1VaVUc4SlZsRF9yQdIBwgFBVV95cUxPWVp3QW9WZkxzQTcwRGZWclJVZFlwNld4eE9HcEt0dTExNF96X1F0VjA3dHJYem1GNVBTeVRpM0szZWhzeXdxdjdXYktDRDhyUnJDN1JaQUFFVkZMaHBPZy1ydC1TS0lEX2F6NjBRS01idnFNZ2pMX0dxaWRVNHVkcGE3em1sUGZoY3VlZFRvVTBUTEFfNWR3ZW9nTTIzcWVLMkhtVGZtOUZNaG9pVVdleHFFQXNET1VaVUc4SlZsRF9yQQ?oc=5,bestmediainfo.com,"Fri, 31 Oct 2025 07:00:00 GMT",2026-06-14T20:38:59.969087,cyber_squatting,True,False,candidate,https://bestmediainfo.com/mediainfo/mediainfo-digital/dainik-bhaskar-group-launches-digital-news-app-in-uttarakhand-10609194
fake domain Uttarakhand,Nearly 10 Lakh Fake NCERT Books Worth Over Rs 9 Crore Seized in Uttarakhand - Times Now,https://news.google.com/rss/articles/CBMizAFBVV95cUxPc3g1ZFZfN3VHRDI5RE0xSlUwSUdOR1kzZklqY3cxNmFScDNMZ0pOQVBuZ01lRlFiaXVOY2pHRDAyM090NHpVdzJlX002Nk1aTFhEak5wSGNlSmFTZGFkQWtmMlJqemZjZnJKZzVSbW1aSE1SdVNHa19TTDRnbTlDUnljclZScUFnV2U0Y0hGbWdLVGcyNHJRZ2xNNFFQbGVPY1dSbE9uYnNBNmx1SmotT0VnNUNXblpNVGIyc2s0R3ZCSkxfcVNodmhEbGPSAdIBQVVfeXFMTVBPTkpBY0xrYjV2dm5WXzJuQWt5MXk1aVI1c1hHRy1JSmlSbW5iSDhOTVpmajRCaGI4VllfZ1BHZUNhYm95ZE41RUZhTW9BS3BLVUJjblI1VWhkdUpwNWpCSDJ4T054c0tsa21SVk1Yc0tQVEhiV0pWTXI1aVN0M1BnamNYODlWcEVGM3B3THZ3SThyT1JwNHhHN2toRGl1dkJwQ2JqelFaWEtaQ2RKendzM292eF84OFRTNU11U3dSUDZYRGdxclNxUTV3ZjBjaGxn?oc=5,Times Now,"Wed, 18 Mar 2026 07:00:00 GMT",2026-06-14T20:38:59.969178,cyber_squatting,True,False,candidate,https://www.timesnownews.com/education/nearly-10-lakh-fake-ncert-books-worth-over-rs-9-crore-seized-in-uttarakhand-article-153861062
domain fraud Uttarakhand,Uttarakhand 2025 Anti-Conversion Bill: Policing Faith in Name of Protecting it - The Quint,https://news.google.com/rss/articles/CBMilAFBVV95cUxObFBTNTFCLUpSYWdBQWYwZkViS2wyQUdMd0cyd1hWcExrN3JzbngtRXRzOGNjd0QtUUFnR2RGSGQyS0RwTjdxNTE0NUhPOFd4M25tbVRfM0MzUExNWFp0dDUxUlJ3MTQ0MXhyV1ZFM1VzeWE4VWVPOHAxTzRidk5yc2J4cTNKczRnN3J6MW9GWXZkWFhH0gGiAUFVX3lxTE1IelBfMDVueVp1LVlnR1Z0cjZQTk02cFVVQ3dhaUVvVFFURXR6alFWcXFkb2Z0QlRIUF94eTNqM2tSYVpZVm1nQ1V5UEtodE15S3drVXEwQmtXWmFwU2lPaGNiTThaWk10RVUwRnhsMDVEYWxUaDA2OE9BY2dCTHJSTXdwZU5qNU5EWUJsWTN2MzZxMzlEYTJLa29oNkhuSDN3QQ?oc=5,The Quint,"Mon, 18 Aug 2025 07:00:00 GMT",2026-06-14T20:39:04.229333,cyber_squatting,True,False,candidate,https://www.thequint.com/opinion/uttarakhand-anti-conversion-bill-religious-freedom-threat
illegal crypto mining Uttarakhand,"SC allows Bageshwar mining, says ‘legal op can’t be halted by HC blanket ban’ - The Times of India",https://news.google.com/rss/articles/CBMi4wFBVV95cUxPZGgtZmthWmNsTGgzYk5fWXVralY5UmpUZHd3cmNla0xVak4teXZCOHVIWEc1MWM5SFh6UjI4VGFVRXY0eGtiSWswdm5nWUZTYlBPMWo4bC1wYUdUTjRIbmozSGEwNS0zQnNsQVh3clpDR3g3dk1GV3loUHE1NmtKNVNEcEU2ZlJIejJHRG5LR0JnUXkxMkkxZUlxTC1mZ0pXVzZoa25XcU4ybXZJWUViOEc1ZkdGTEpTNVBxeHZtOUI1cW5KNFBKbXliUjVkTDJ5MDhSZXhkVE1nX1owbEZ2Q3dTNNIB6AFBVV95cUxPUThZeEtKOXpjUDUwOTdOT1Y2SUlUbnhjallQQXNhaHQ1YzFmVW9maXNEZ0xZakZEZ1d2TXlEQlNFMXBZTkNPLWR2YTVDSDh1WlVjQjV5VmI1dDlBN3pwd0NuYWNMc1l4TGNJalFfRm0tYU1ncTc0dUk1b1JUaGdyeVBaeVlzXzVkT2Fyb3hwanZLTTdlNVZQWUltMDRQV3lQczlPSXNYSm4wNDVWZnEwWjQxMlpkWTJpSUgtbm9OQ2FfZXdMSk5CSV9ublpuZTVpRjl2WmNnRlB2N2VYeVFqNWdoc3F2aWFN?oc=5,The Times of India,"Tue, 18 Nov 2025 08:00:00 GMT",2026-06-14T20:39:18.839722,cryptojacking,True,False,candidate,https://timesofindia.indiatimes.com/city/dehradun/sc-allows-bageshwar-mining-says-legal-op-cant-be-halted-by-hc-blanket-ban/articleshow/125415003.cms
illegal crypto mining Uttarakhand,"UP seeks MP, Uttarakhand, Bihar support to curb illegal sand mining - The Economic Times",https://news.google.com/rss/articles/CBMiygFBVV95cUxQaGgyN3BCYkhvVmtmQVJSZGRIMTFsWENKYnh6R252MzJWWEpQLTZnZ0JkRDUzQ3ZmaVRZalo3V2x5RmZpOTJneGdWem1fekV3RmZ6bExBQXFrNWp0N2U2cjZ4bWpiR1BCZEllQUVKaFd1RHAwcG92YThrdVN4US1Hc1g2QkZFSWtDY3FsT2xjRGpLSk52dUxzZDZOeFpkZVNoMlYzOVpZMzhTT1F4WWhZMnpFVWdWNXB4bGU4dnM4b3Q4QmRldFpmeDln0gHPAUFVX3lxTE1GRWNVLUkteWxQLTAwb2FOSzVJNVd5enVkQWN6ZTk2NTBORkpjWGhMdEFOcXZtakdDelB0RHlwMFozZVROT2pKX2h6ZXY4NjF4N0xPZ3ViYll2aURrLURRU19MekI0cUxCMEFqZ21pV1h6aUNqNElsb25tUVN0T3prTFR5bFEtaGhuUEZGQWt2eS16QzBsbGJHWUR6NEhpXy1GLVhWUzkxandVMEVkS0JWeDY1Mk1iQzFDSFV6d3NHMmZRQndNZU1TU1dONnpRZw?oc=5,The Economic Times,"Wed, 07 Jan 2026 08:00:00 GMT",2026-06-14T20:39:18.839766,cryptojacking,True,False,candidate,https://economictimes.indiatimes.com/news/india/up-seeks-mp-uttarakhand-bihar-support-to-curb-illegal-sand-mining/articleshow/126397929.cms?from=mdr
illegal crypto mining Uttarakhand,Uttarakhand HC orders immediate closure of 48 stone crushers in Haridwar - The Times of India,https://news.google.com/rss/articles/CBMi1wFBVV95cUxQZEpjYy0xZTJaNE9yWWp4UkxrWm1IaTZ5SlNSUFNfc215ODVEcnlfcGRNWjE3b0lLRXRQVXpQdnhRLTB4aTQ5UlBRTlU5dDJlNkRXYklPUVFJQ0FDcU1XNjZXY1BlODItOU1TZGdLb05MV3dsQUxDbnpMcXhnQ01kRVRhS1VWQ3JkYUt6WUF6UDF1Qkx2NWpEV2xaRWFYT1FfQk96eDQ4Y3Q0REJyOGxEMVhLdzdHNTlkZWJFSWhCS0FZdGhOT3NIY3BlY3pDVmxhU2NaM1NzSdIB3AFBVV95cUxOcnZOV0Y4bzJldlByQ1JTZURoN1VXMWpjVUNGUzloYmRCZkJoT2hkaEh0T0lqZ1E3LVRnQUlMdEhDRWRDQjJURHRRMzJYNGdtMDFGSWxsSllvVkhLaGRCXzRLZGVWTmRwMXl0endCWEtrZGMwMlh4b3NtZHA4a0JyUG1jWXZ6SmI5YUFhcTgwVERLT0NCazFyd2NqRV9fM0tmVWRKMTZLeFI2ZXdhQ0pzRzFnc3FyOERTQlAwa3pfdTU3YkhCMDVrNGVaNWdEZlVDMUJ4Rl9KNEFhbEtm?oc=5,The Times of India,"Thu, 31 Jul 2025 07:00:00 GMT",2026-06-14T20:39:18.839781,cryptojacking,True,False,candidate,https://timesofindia.indiatimes.com/india/uttarakhand-hc-orders-immediate-closure-of-48-stone-crushers-in-haridwar/articleshow/123017928.cms
illegal crypto mining Uttarakhand,The gang wars to control Uttarakhand's illegal mining in the 2010s - Mint,https://news.google.com/rss/articles/CBMipwFBVV95cUxON1dMVlNxeEV3YTd0THpZY2Ytc01EWHgtMHJHdDZYa0Y2VHptSHRFNXB1SUY2UjRjQXp1OGNPcU5YbHUzck1uY0Q1N0R1SmVRdll3blRsSnFrWXRqeHpZT2tJTl9IdVd4Z2dRTjc1cFhidVFBWEpmV3dFVmVoLWxuUHpuMlY5bWNIUVdfeGV3c3QxYUlaaVdrSUFFcHlVZllYRWxPRVBMYw?oc=5,Mint,"Tue, 18 Jul 2023 07:00:00 GMT",2026-06-14T20:39:18.839808,cryptojacking,True,False,candidate,https://www.livemint.com/mint-lounge/ideas/raw-hitman-hussain-zaidi-books-gang-wars-111689581168221.html
illegal crypto mining Uttarakhand,"HC halts mining in Bageshwar, cites major violations - The Times of India",https://news.google.com/rss/articles/CBMixgFBVV95cUxQdUR5bXloZjlOazZGc1U2anpjWmlDQ2gzbjR1VHdvb0YtbFpQbmdxdmVJMUZGazJHakpRNVNGREFwY2VOcUZzVEo2RUFpV20xYnh3RXY1ZGIwUERpbVRKUVlpSjM1TjJ1bTlHTWVLMlVBWUt2S3NQZnNrdG9oTW5CVl9tdWFsWTl0QjVKNURSc21WNGRKNWhVNVVrNEZyQlVqRE80Smt3OWd0c190cUgzU0lqMUgyejZWQUhNM3VGVU5VZlVQVGfSAcsBQVVfeXFMT0JpSDFScVdsLUpKaV9FeXhZeDRJVktscDBBemE4R19oRFdILXQwYTF3eWExZXVBU05uNkstTGxobDA5WnBsZU9lRDlOZ00zaW5jdlNwTXZPTXdHc1l0ZkhUSHQ3dUF0RjNQdjl3NFlJUmktVnRzRnZWSzI3TzR4XzlNbnhCTmFSM0pQT2NZQVlVcG5zbUhPelBBUnFVWnN5dGk4RXh4MjhsYS1jVlFUNEYtOFpLbC1LWHYxallyRldpSUxoMkN3OUFBYU0?oc=5,The Times of India,"Mon, 06 Jan 2025 08:00:00 GMT",2026-06-14T20:39:18.839860,cryptojacking,True,False,candidate,https://timesofindia.indiatimes.com/city/dehradun/hc-halts-mining-in-bageshwar-cites-major-violations/articleshow/117001511.cms
illegal crypto mining Uttarakhand,"Statement: Midnight mining claims shake politics in Uttarakhand, IAS officer Sujata, wife of Pandian, take - The Economic Times",https://news.google.com/rss/articles/CBMizAJBVV95cUxOdkpXQ3lJamlSVlBWOUFBRTh6eUJKUEZKWmx2SllaS1JIOUpSbGtfZ0YtOXlYRlBQdklzRXhpWVdlWFhIdmhaZTQ5Y2VRb1NGd095YlphNmJDTTVTUTVYWkkwbWkwM1Zxam9OVE5QRGxRWXlaV0hYbXJxS2w0ZzVtdmxHZENSUHhVamlXb3dVWktNMk1JV1dtam1yRHVHRGVtek01QmNiVTBZX2ZGSEhUUWxkTEY1Ql84ZUg0ajBUYnE1Qk9pczhtekdCZ0FlM282dEk3MXF0ZzNzNEVpaXFqb0JDTmZTN3duSkRfRzV1VjlfdnJicURhcURtenpBVlFTT2tKUWlQVTJ5NTlVS1ZwUk1xOHlCVklrMUQxYWdTTmVmQnJqME5zT1hRTHQ5WGp5REo5Tjhkal9UT29JX25VM19RU2hCTzNiS2kzMdIB0gJBVV95cUxOOFF3UWtad2ZPcnlxNVQ2TjdCMWZybTloVTNhQTg2QVNpcHZQZ0NTWkpiSkRGRlBFbU1CR0U3V29ab2RUZUpGa3lYQW0xc2l6c3pjMDhvaFRRa2pGNmQyNHc5RUZ2WjJrMVpIY1RnVEJPX0NhXzlrWTYwdFM5Ymc2WGlzVXk4T21UbFVzQmRpOWFNY1ZxMW5PWUptaTNjNlBZTWtBLURBYWVaT1RkejF2Y2JOS2E2U3kwcjdsMHFTbEFtdVlrdm9vTm03Q05LZEJZdnFQdGowZW1fbVpHaDVwcU9LSFpqNzNrVjZvVklhMFBFMi11WTJzRGdEclJlcS1mU09mRTBNN2xpX0lNMWtMUEtMenRFZzdybDVWOHVHWm5vZDNubndmZFl5UG9ZWXNOY3pwM0xnS3BzNGlHdXF5amZ1QkxhMkJTYTdGX1U3dVhUQQ?oc=5,The Economic Times,"Sat, 29 Mar 2025 07:00:00 GMT",2026-06-14T20:39:18.839873,cryptojacking,True,False,candidate,https://economictimes.indiatimes.com/news/politics-and-nation/statement-midnight-mining-claims-shake-politics-in-uttarakhand-ias-officer-sujata-wife-of-pandian-takes-vrs-and-a-new-chapter-in-kerala-private-univs/articleshow/119721821.cms?from=mdr
illegal crypto mining Uttarakhand,"Illegal sand mining leases: CBI searches at 11 locations in UP, Uttarakhand - The Economic Times",https://news.google.com/rss/articles/CBMi5gFBVV95cUxNR2UxalNMdTFjWGlQSzJHUlVPanJ0MTJ6dmE0ZUt3Z1FSTTMzZnU2Y0wwRTl5Ty13enVzbGpQNEg1MDlGYWZKQTY2S1VoNnN0cHFuNUxwM2d5WXIxb0xPaVdhVWRUSmk3cGtxSW1UbHVMZEJCMmpSRjRlakFvcERxR3dZbFFKcnlQakhMMGxmM25INUV0ZXU2OFYwWEdnWkgtb0h3ZFpXVnRFV2I2c2dvUzBwOTFzNUFSQnRweWRSVXY5SDVJbGRjTzEzX0s3ZVRGaW1WTlYyeGZna0lKa0gtY1BPM0Frd9IB6wFBVV95cUxNSFNNVFZFcW4wRnRRWVVkeWs5d2dYWGFCaXdBQld5WWJoWF9aTjFWQjNsRVl4RkJTRml4YjNDMk1xMGpLZjlKR1ExZVlOc1pWRW1WZW9YR25xa21ianBscF80V2Fhb2lXUUtUYmJrdWZxaU5MVEZ3WnNlY1hoaUFpV0hkbVlWc0VVX1pDaEYtYjFoWmNaTU1rNlVjdFM1OW5HRkExY2Y1R1NRMU5rUUpiSEN5N3diUXg1RFRmd2ZkQldSLXdLR3FMQlpyVHllek9JUTUwd0c3WHJhQlUzdWU4aXRGSGNjWlBCTlNv?oc=5,The Economic Times,"Tue, 01 Oct 2019 07:00:00 GMT",2026-06-14T20:39:18.839896,cryptojacking,True,False,candidate,https://economictimes.indiatimes.com/news/politics-and-nation/illegal-sand-mining-leases-cbi-searches-at-11-locations-in-up-uttarakhand/articleshow/71388240.cms?from=mdr
online drug trafficking Uttarakhand,Uttarakhand: Devbhoomi losing its holy sheen - National Herald,https://news.google.com/rss/articles/CBMisAFBVV95cUxNaVA4bXV1bC1sSWxNbE1uMDg1eENwVlc4Y0prT3M4Y08xcExlaEw5MGQ5VmpUekd1VWJhZS1pUlNyZTJvTFZFaktzaExTbjc0VVZXeFFxVkUxb05TYTlXSldDUGRxM0NkeTFSUW5BbTFYV0E5UlV0a283ZVd6Z1JzR1FMMGJiVXBzZHI5Qi1DWE15RmRlQ1F4b2d2akpRRGJmOFpBM25jMTFzVGVZZm1zQtIBvgFBVV95cUxNb0hvclRpenB1ZDJHaHRPVEVhTi1aRllLYlU5RTRrODZVcGtBakxrbkJKcFd1Z3VTVlFZdXNpN0NHNHU0V2JUQ3dfeGxGMlpHbDFHckNnTHl4ZHgwc0tXd1E1aTYtVUl3OHU3ak9yM2FfRzdZTi16SEpPUUFhcWpxUTdlek9RQ3dOQ1hVVF9nZUJ5MnBWZXFzUUk5cTdRSVI3RzZ4dWttZ0JQaTBXT3dVUlVYdmU5bG04QlRLZGt3?oc=5,National Herald,"Sat, 17 Jan 2026 08:00:00 GMT",2026-06-14T20:39:23.789356,online_drug_trafficking,True,False,candidate,https://www.nationalheraldindia.com/national/uttarakhand-devbhoomi-losing-its-holy-sheen-ankita-bhandari-murder
online drug trafficking Uttarakhand,"One Year Of UCC: Online Marriage Registration Transforms Process, Over 4.7 Lakh Marriages Registered In Uttarakhand - Outlook India",https://news.google.com/rss/articles/CBMi6wFBVV95cUxNMUh1bjFjM205My0tYXllemg3dW4xOXNGelBoSzRYRnVvcG5FcWRWZFpaNmJxVm1qMVJJY1U3UkNmcEJ0ZGUtc0Y3TndmQnZmUWlZUXYzYW1reHRUU1Mxa3pZNU1FV3Mtb0RWeGR4djBteGM1T1FZLTJfcktDN0JqcW44NFd2WGF4eGhEWEVKcDdka0xlUmN6WnktbFd5cm51MWMteTUtZXhCQ2cybk8zdE93N3kxOVQxazFEcTNmRS1YXzltMWdkLXBhUEFRNTY1Z2F1akRnWnlDTEhNcG51UHBLU2xSZW5iemxB0gH4AUFVX3lxTE5oOW5ld2FzVkVRQW5qR1phZzBWdEZ3ZWtJTkJicnRtNXdsY0ktSW1xVks5RlRObjJ3UHRjbkE5NDI2alRmanRqblotbXlSRFRJMmxQTEI0ZHRTTXFtTTZpTHRyWnNBZnU0UG0xdWhxTlA5eWlsMk91dk1xdGp5dmtfcHlDN0hTRV8wRkRub3QyRnNoS0JhRVdxaGQyNnlDMTM1UWZ3cjRseHI0LUhvTnFQcV9lcWRfczQ2Y0x5bTVkNHBxV1Y2dTd0REphYmRibGpzbmthaVlXXzFtMGJZZ0txOEdxS1FGTThwei1IVllrSVVMRUFLZnlr?oc=5,Outlook India,"Mon, 19 Jan 2026 08:00:00 GMT",2026-06-14T20:39:23.789370,online_drug_trafficking,True,False,candidate,https://www.outlookindia.com/announcements/one-year-of-ucc-online-marriage-registration-transforms-process-over-47-lakh-marriages-registered-in-uttarakhand
online drug trafficking Uttarakhand,"Nearly 44,000 Narcotic Injections Seized In Uttarakhand's Kashipur, Accused Absconding - ETV Bharat",https://news.google.com/rss/articles/CBMi2AFBVV95cUxOVXltdFBrTy00eDFZMlRMWF9HQVEtYjFXUzk1Qkx5OHR2a2ZFYnk2WGNBV0lldzUtOGNqenpUZW9ENloyeFBzdkFKYVZVc1ZFNnd5Z2hSZmRjSW9NcWFDZUM0S2FGcnQxY1htYnNxdDRXdGxybHRDSEt2N0FiY1JPTVJXM3J2dmx1MTViRVJIVVhUSVpyRlNtNVZKZl9ULXJwcEFUNDlrVGI4MUVoT2NuM3ZQM0tyeEY0UjJJbUI5czZ5RTg0blBFeWtrLVMxOUd2LWtobi14eWHSAd4BQVVfeXFMTS12Z19MVVFEdC1kUGwteTVyeTUzSXpMZzI0VHY2Q21zS08wOW1uSkF3NE0xdzBuZUloN0hiblJ2RTZMLUEyNWhWZ0RMU1RDOEdKYVBONHhGLWJISDBmTmd6eHF3RXFXOXZCdkFWeHlGenVvY0RBRVdWcEtZTmI2TEkwWkVYQWdBWHpXMTF1UDlGUTZDcl9qY2pMbnJUZTRPT0tBeGI3azREbTl4azNxcHpEcTRKY24yaGxCZ1R2NngwaXRhMDl5aEIwSGN3azdONnd4dThKaldwU1ZHeUpn?oc=5,ETV Bharat,"Wed, 17 Dec 2025 08:00:00 GMT",2026-06-14T20:39:23.789383,online_drug_trafficking,True,False,candidate,https://www.etvbharat.com/en/state/narcotic-injections-worth-crores-of-rupees-seized-in-kashipur-udham-singh-nagar-uttarakhand-enn25121701926
online drug trafficking Uttarakhand,Uttarakhand HC rejects Bail Plea of Dark Web Drug Trafficking accused in Money Laundering Case [Read Order] - Taxscan,https://news.google.com/rss/articles/CBMiwgFBVV95cUxNNFB1d3NlVGtEVGRCWmpBNERxMUxiZF80NXJqbHpJaUZlR0xuajBVZXRyUU9vTjNvYld4d0NDZUUwWElDTHdnS1J5aXQ2YjkzZ2lZM2Uta1hmamljaV8zZ3ZrODBDQ3o5UXpjdEVYNEFLNVhJNWdWZzlLSVRxY0tZVXR4SkRSdVRPZlYxT1ZPQm1XMlNnbG43b0NacFo0VWVDbVRRUTdsdEJYTjF5dzM2cERJdV9HRnNfODdicTA3aTBqZw?oc=5,Taxscan,"Wed, 15 Jan 2025 08:00:00 GMT",2026-06-14T20:39:23.789422,online_drug_trafficking,True,False,candidate,https://www.taxscan.in/uttarakhand-hc-rejects-bail-plea-of-dark-web-drug-trafficking-accused-in-money-laundering-case/479421
online drug trafficking Uttarakhand,Food delivery agents supplying drugs to evade suspicion: Uttarakhand police - The Times of India,https://news.google.com/rss/articles/CBMi0wFBVV95cUxPdmRsX3UyVng3V0NZSGRaLVVSbGdCNWdHY1ZBZVdnTkdRakx1NC10ZjdHQkJubHEwamVVZExWc3JuMDZTaks0NFhBTXo2enhsMmJyRXlaQ1lSVzZHWlF2MFBJTzlsbWpjVHJRaDhtblBmekEtd3h2TWZ0b2YxQ09QdlEyYzQ4NGlDZGNyTzdwRDVnNGd6Ni1ZMXBhMVNyenV0N1dBbVdXQUxvRHhYcEFqSHVFWHBJQkFWenpXM3IxLTRFTHJzekJFa2ZOQnltdU16b2040gHYAUFVX3lxTE9fWlRieHVNMGZZY1RZRmd6MnpVVkhFcFN5dGRGQ2NwVUJua25yRUlfWmRIZnJBekptOVNYQkg2NEU5WmgyQjN2c2FBWnhLaDJXZWVRSEwyUnpQMEdxc1lEaGR5dmwxcV83cHQ0N2g0UEpEQ1RlMVV5YUg0Z2czX3JaY3ZrNW9TX0VsUmo0Q3U5dXI2bUM0eGRGamgtLXRrTlNBbmNKQkExUzd6YTQ2XzJMVGV5Q1ZlNnJiMEZBMnc0VlBiZ3VZNEk2YWhhZWo3OWVscVhkaGJYUg?oc=5,The Times of India,"Thu, 01 Sep 2022 07:00:00 GMT",2026-06-14T20:39:23.789539,online_drug_trafficking,True,False,candidate,https://timesofindia.indiatimes.com/city/dehradun/food-delivery-agents-supplying-drugs-to-evade-suspicion-police/articleshow/93916953.cms
online drug trafficking Uttarakhand,"Organic farming, afforestation efforts improve Ganga health in Uttarakhand - The Times of India",https://news.google.com/rss/articles/CBMi3AFBVV95cUxNZWo5bm1nNGZxeWNWUGk4QXVmWVRYbWF4anNid3hsMmVTc1F4UVdtUGpiTHphZmR5aUVZMHJmMmxRczNSNnpxZjYxLV94dTgtemtsOHRhQjFWUXFtbWV6bXcyVGlqRkV4UDVjeGtMa1hURFZRMm4xcXdLWEVMRkVGdG9SV3g4WllNbFhGMEVJWV9DN1FSTmVyZE1uOXRzMEVLbUZ3ZUx5bWpvT2NtVWRZN0Z1VG5ROE96Ujh2N25DZkdNdTN2bUtDZzd4b0FDWFZqLVJFY1paR1NSNUF10gHiAUFVX3lxTFBzTlZ5dkRMd3RGajZpdEdzdzZfMWt3YzB6MDFOOHpub3JNZTlQaFdaZVpRcDZ5QWpNV0dKNFJYM3JpNFZwajdMMDdqLWF1bVc5YVg2RGV4b2tLQ1dQNUtuR0M3RDFaWGN2TktjYUFTUDg5TmFvUGtodGpqOXRlVTFzdEJqN0xuVzlSVTlyZ0hyN0t3MzY2cnliczUtdkd3NlFfRXRabzF4WjdLX3kxU2cwd0gxbXUwOXFUazF2cXdvQUpmWTl3MTBtSDBFaGg4MkVieHRBWFcweV9ZWFBlWEhSQ1E?oc=5,The Times of India,"Sun, 22 May 2022 07:00:00 GMT",2026-06-14T20:39:23.789590,online_drug_trafficking,True,False,candidate,https://timesofindia.indiatimes.com/videos/news/organic-farming-afforestation-efforts-improve-ganga-health-in-uttarakhand/videoshow/91720650.cms
online drug trafficking Uttarakhand,Uttarakhand CM Dhami attends 'Vijay Parv' event organised by AWPL - India's News.Net,https://news.google.com/rss/articles/CBMiqAFBVV95cUxPa2F6YmxhajFRdUtra0Q1TTUtdER2N0xfZVBPYUlYaE52X29ray1PbHlWUXdMVEdWZmVpZG10OXJocF9xbDR1ZkFUQ2FkQkltdXBKUmpfLTZFSEE4czEwN1ZjUUstN0NXdkFnRkE5VEN2emZETmo3aGh2a2FzZExHV09pLTg2UW9qZHNINEMwSG5Wd2FoWHBuNVhYV1Zyd29nckxOWDR3TC0?oc=5,India's News.Net,"Mon, 27 Apr 2026 07:00:00 GMT",2026-06-14T20:39:23.789628,online_drug_trafficking,True,False,candidate,https://www.indiasnews.net/news/279013580/uttarakhand-cm-dhami-attends-vijay-parv-event-organised-by-awpl
online drug trafficking Uttarakhand,Multi-layered arrangements put in place to ensure safety of Char Dham pilgrims: Uttarakhand Police - India's News.Net,https://news.google.com/rss/articles/CBMi1gFBVV95cUxOYnhMUWZXaWFSUl9md3R4Z0tsYkNQaVRYZ2piOWE3MDJieEhWZmpRLW1EbDcyaWVXemI3YlQyM0R2R0E1a0MwemRjSDVCc2VwbE5LU3o0NFZMNjVsZ3J2UndMb2gwM0F0cGNEX2xxZTZybWtZYzA1QlpxU2FOLW1JVU9uZUhjYXV5bEE0cFVrOGtHYkFZUDI4elRHdEZSTmktdFlpTHFCNlNoRUd0OElRMGpVcXZKOUFlOFBGVW5samM0M2c3RWZaMi12dFQxTXRWT3NiYWxn?oc=5,India's News.Net,"Mon, 27 Apr 2026 07:00:00 GMT",2026-06-14T20:39:23.789640,online_drug_trafficking,True,False,candidate,https://www.indiasnews.net/news/279013498/multi-layered-arrangements-put-in-place-to-ensure-safety-of-char-dham-pilgrims-uttarakhand-police
darknet drugs Uttarakhand,Uttarakhand Man In US Gets 5-Year Jail Term For Running $150 Million Drug Empire On Dark Web - India.Com,https://news.google.com/rss/articles/CBMimwJBVV95cUxOTkE5aWhsTmNmR0l0VnUwWWJNMVh3b09hX2g2Y2hyUWdlR2JaNmg3VlR6Zk04ek94ZDdwc2gtWGdrMmg2QjBJUjdmOGg2SWItOTNKWXNGOGdQWFNBVm51a2d4SWZEeHpuUTRBeXk2VktQdkJyVERVX2REMlFGNlNIc0RabFY1UmZLN1BGaWo3eGk2YVp5Nkp1N0lXQk1PR2lxY2NGVG9lc2NSdExEV0pYTkFwUXdxc0thMFNQRzZ2NXhERjlhTF9oSHlFVnctSnNYdEVNajRST1Z4NHBUUHpBOFFUR2FvWVdFUnd6dlBsSEFLcHgxSGlJNmdHY284U0dZWHNEREgtQmdBQTdPbzc5SFJpcHVseFpDajhB0gGgAkFVX3lxTFBZZ1diSlBFb1VoSS1nSmFOVW5qcUhGVF9VMnllUVh6MGF2ZWhWU05xYUJoMEw3QTJ4LWxzMkRnVk9SNV96bEJsRHB4Q3JOLTRZN20zREJOMlUzak5XX3VfbFdQM3FMc00wZmpBVDcxRHF4anZxa0VSVjdOZU5qRVZGclYwZllxUmI5M3JzWTRMa25wS0w1QWowM0toX0xHd2hWMkJZNU5EOWU0eERhM29EcllZYjk3MTE1Qk5IZ1FPRmxTdnVXY2c2d0NRSGFtMGd1ZkhWdmpLb3JjN1RDc196eURNMVhteHduMFdyU2NYbGwwaXZRb244c1VDV2JCeGZXSl9wUVh6elNtc2tPc2prOWZZbW5vY0owOTBJNUVTbA?oc=5,India.Com,"Sat, 20 Apr 2024 07:00:00 GMT",2026-06-14T20:39:25.557032,online_drug_trafficking,True,False,candidate,https://www.india.com/news/world/united-states-indian-national-banmeet-singh-uttarakhand-haldwani-gets-5-years-in-prison-for-selling-controlled-drugs-on-dark-web-lsd-ecstasy-fentanyl-6872645/
drug delivery scam Uttarakhand,"Telangana Drug Control Administration, Hyderabad police unearth illegal pharma unit in Uttarakhand - The Hindu",https://news.google.com/rss/articles/CBMi-wFBVV95cUxOLWRMSTBTRGlySFR2OVZmcjJzUVNGZkktcVlmcHhJYmlybWQ0Uy1XOUpOVjNtczNUeFJUZ0NjYU1OaFdtcVg0Ujg4U2h4ZDZLdFFDT3ZlTXlINzMxVFlfdlFhWENfdDhwOTlyNVM4X0hhWnpLOUZnU2JMUGdBSDhQMVRRNk9WSHJUWC1hM01iN1M1Q3pFSGhjOEI3dDhvWXk1ZHhUMjZaaE1yOWFDc3pOaV9qRUtrOGZvMWJ1RHdDT1VZUmdmbTR2VGNTUkNuTmRkN3k1UWpEV3Rick05bnZsZG9neEg2bzNqUjBpaTdVLTdQbUYwcVJZWFVMWdIBggJBVV95cUxNZWpuRnNkMEE2MzEzd3dtVmRqb1NmY29ySWU0OXlmTTNRTFBFdno0M0drN29qVWdmQ1pVaEc4WHJLcUpYeEpmbFIycGp2c2RseWVXZ1huNHJLYWJtaGFGVHFuSXZDMkxyNEFtSXQ2LVplSEhzNlhSbVE0elY5Q3d2OWVONmY3b1UwMFBJTFBnSThzNjhIVkY3bHRIMG1FZnhKUWxTTjl3TGtsQU40S3FWS242RV94TklMSklnNUtMTmYwMTgzemVwa1FhY19RLUwxWmdLVWxfcmlOZmV5MTdCdThPLTNIMmNlaU9Fb3piUFh3YWt5RnlqTkdtMXVtY3Yxdnc?oc=5,The Hindu,"Fri, 01 Mar 2024 08:00:00 GMT",2026-06-14T20:39:27.097662,online_drug_trafficking,True,False,candidate,https://www.thehindu.com/news/national/telangana/telangana-drug-control-administration-hyderabad-police-unearths-illegal-pharma-unit-in-uttarakhand/article67903932.ece
online drug sale Uttarakhand,"Fake Cancer, BP Drugs Sold via Facebook at 50% Discount, STF Busts Illegal Pharma Unit in Roorkee - Medical Dialogues",https://news.google.com/rss/articles/CBMi5AFBVV95cUxPVDJIMVpBMlhtdEVWcDlxUG1RUHFtZ3F3REQ2b2prRlQ1LUNYQVRrc21Mbmwyek9OQmotVTEwdHFqV0hCdk5DTk54aU03Mk9zdnVpX1VaTWlqUnVHRWU1Sm41ODJoSHYwell0SElZTU4zeVh6YjlIeWhpdktqU1dTSkZONHBHZ1VJZ1Y4N3VDVG91RVk1NFItTFFpWUlHRkNJMW1ScHdMUVRJMDJrOEVPR05ONGw5X29WSmJUMV9xcmwzRWtHM1AzWEM1aklOS0R5QWpaNlFfSnFZS3V0a1AybWtwUm3SAeoBQVVfeXFMUFRlRTNzd3d5VU9vOGRrcFFZenU0NEMzNU1qdE9zTko4aVBqV010RTdQQm1YUTBmLTU5R1hrNkN1YnplUlBaUnN0MXRjMjh2dDk2cVg0SlY2WFkzcGc5X0Vpekg2cmFvaXcyTnF6ejk3c050WkM0ekZhZUNRQlZuZi00TGItWnUwZzVGTVhXWnBlTVlObGJlVk1kNEhidFBrN1l3dnhaai1SbEptSGd0QjFyUlpiWTl4ZXl0dWNBQlpqZ2VwVWZfbUZCdnFqaEhhdXBPeXlqLXdMZGNUcmtKeDBNeS1GQWhOSGVn?oc=5,Medical Dialogues,"Wed, 27 May 2026 07:00:00 GMT",2026-06-14T20:39:28.977758,online_drug_trafficking,True,False,candidate,https://medicaldialogues.in/news/industry/pharma/fake-cancer-bp-drugs-sold-via-facebook-at-50-discount-stf-busts-illegal-pharma-unit-in-roorkee-171503
online drug sale Uttarakhand,"Uttarakhand: Senior official appeals to people ""not to purchase any medicines without doctor's prescription"" - ANI News",https://news.google.com/rss/articles/CBMi_AFBVV95cUxNc2FCdEt5elV1NDRlSjJTMG9XaHA0X3UyZW5CanE2dFpESE5RS3Y5QWhwelFvZ19IWGZKWGlMNTJBdlRFcFVpcnBmbl9wd3Q4RFlMM3kzM0VaemF1U0tvRnlvSUpzcTBuZWVLNElQc2ZLbHRqWEwxU1lEUEllcG5EbldiN3ZfMHY4dkN5ejVqRVJDakE0SnFMWEdFME50QW9pYmlEeUF2TjdFRjdtWm9mTXZTLVh3LXJjQVdBWkhjcVZSYklJSFVKWlkyeDRqRkRieEV3NnRXRXlkYjgwV3hIZzdWc1haSGk1dklCVklWY3pMSGhaOVN4VWNQLXk?oc=5,ANI News,"Mon, 06 Oct 2025 07:00:00 GMT",2026-06-14T20:39:28.977804,online_drug_trafficking,True,False,candidate,https://www.aninews.in/news/national/general-news/uttarakhand-senior-official-appeals-to-people-not-to-purchase-any-medicines-without-doctors-prescription20251006171100/
online drug sale Uttarakhand,Children's Paracetamol Prescription: Uttarakhand's New Mandate - OC Academy,https://news.google.com/rss/articles/CBMilAFBVV95cUxORHJWUmR6ZFBrTTJJZmNucmYyV0h2alB5SDJLbUpocDkyWXZJQncxU19Lb3dYZTN1RUIyTDhyZEJfVHpLTjJFaVo0dk5xYnkyY2o2eDJGV3ZKTXY2ZllwOUVzNnEyRUJOLU9kaElpRzMtM1dfcksxSVVoclMwbmkwVlBjVXdseHJWUHVYb1NiSTZVMWtD?oc=5,OC Academy,"Tue, 14 Oct 2025 07:00:00 GMT",2026-06-14T20:39:28.977818,online_drug_trafficking,True,False,candidate,https://www.ocacademy.in/blogs/childrens-paracetamol-prescription-uttarakhand-new-mandate/
online drug sale Uttarakhand,"Pharmacies, medical stores in Uttarakhand to remain shut on Friday - The Times of India",https://news.google.com/rss/articles/CBMi0gFBVV95cUxQNFU0RVViRXNraDBELVdVNnpCbWlpT0EzRDVZVXpRYkNLUHphM2tUdFZyeU5SVVZyVk53R3A3VVNHOEJuRXgwNXpKS3AwSG9uQmpRUGJHeWQ4VklZbFZkVkNZQjEtQmlUcHRnc25fUVhJMGNFd2NMYkpDYTZESGJGSEEtTWF6bzlqeG5KMk5tOFJ4N1g4aHIyX0lOZ0E4bElMUHFSWnI2MHJiR1RmX3pjc0JuanRsMnZuMndGM0RFVGtGdHRqdk1VU3VqS1lFMTdGZHfSAdcBQVVfeXFMTjJ0akZBS3lZSFllWVVKRkx4am1oRGFic0JnR3NzNDJsaWF5ZFlFclVNemVsMXhUbmNJS0xVV01zVTVaOEN6S2VyWERVTW5vYkcwcldqcDB3VHZUUktXM2hOeF9ZUU5rUk9VS3dPNUVxajAwNlM2a3lNWEREMmc4ZU5INkRjQ0FjX0pqT0Z2V242b3dLTjV2UVBhbm9BNnNCWUFvRWxKbHo3eVFSeThmMUJOZGF0cE5Xc21PaDNkMGQ3RWo0a2VsSzFTZTZpcThWb21rS0ExejQ?oc=5,The Times of India,"Fri, 28 Sep 2018 07:00:00 GMT",2026-06-14T20:39:28.977948,online_drug_trafficking,True,False,candidate,https://timesofindia.indiatimes.com/city/dehradun/pharmacies-medical-stores-in-uttarakhand-to-remain-shut-today/articleshow/65985128.cms
online drug sale Uttarakhand,Chemists in Uttarakhand join strike against online sale of drugs | Hindustan Times - Hindustan Times,https://news.google.com/rss/articles/CBMi1AFBVV95cUxPTnk2djFfN3owLUhtUjJwWWxQNVh2YVozNHdsTUt5cFFab1NiQnRLMmMwLTVaTHVVVzlsRGw5dmt0RGRmd3VvSnBXUWlmSEpXNUJFQ3otTDdpSjk5a1d0Smdvb0loV2hvQ1lqRGtmVlRlUGRlMGU2WlJFeGo4WENpSHE3Vi1FalFnZ0RERUZmMElpOUNScF9wcnhVVmdDREw0S0VNR2pFTURKRk1VSFFFZERWNmU1STJ5UERYUm5yZDVZRFBfZF9lck83YU51aTNCOFFuY9IB2gFBVV95cUxOaGpMQUlpckpvRkxCVFN4VUx4aHdNR2x3c0N5dC1NckhaSm5qRlRLSVhZSS1JUjV4YUlONkZiajNOakhZSmdrUWRsMVBJRnd5MGl0a01oajVOMTNzZ3VyVE91Y3lreUhSQUYwVzZOeVFuaVN1ME1pdDh5dUpuV3RpMU1SZkpoVF9ud1NjbkpMYUdVUmxwUGZKZVFlYURjTThGelJUYnowZVpGdDZlRWhkVHppZnc2ckMtZ1FRc1RNa25VZS1HLUtncFR0YXczeXBndTFZbElSX0V5Zw?oc=5,Hindustan Times,"Wed, 14 Oct 2015 07:00:00 GMT",2026-06-14T20:39:28.978105,online_drug_trafficking,True,False,candidate,https://www.hindustantimes.com/dehradun/chemists-in-uttarakhand-join-strike-against-online-sale-of-drugs/story-phYH2DEFeZpuEyYeZAksyJ.html
dark web drugs Uttarakhand,ED nabs drugs gang member wanted by US from Haldwani - The Times of India,https://news.google.com/rss/articles/CBMivAFBVV95cUxNY21qSVFpSjJGS3psUDR5SGZNcWtZc3MzSzVGNHZZY2k0MnhrNkR1MU9MaUtMSDdnQS0yNHF1LWRobHlPcmUxSmFVYUpfaGhGMmk0TjVLTnBaTVpGVVNwNnVHM3dyQ2pRZXlLSGtmTlpKSnMzendXc2M5REJUM0djTjFuRW5NVDZ6RGhLVDJVSk1rdWR0WkZRUF90ZlFwUjBYTXhGbTRabjRkNWxSQUJVQVAxRnZfVzVYcFBpT9IBwgFBVV95cUxQNXE2d2lGcVFwY0NWa2E4MzczYW9zSzZEaHBUTXdaNzZ6RkNBUVpVN3MtM1ZlcG1FaFQwT2swdE15T1hMQ1Z5X2NNQ1lEdU80N0lfeUxaZkhFcEZ0RWNZc0tOOEw0V3FwSmNqaWd5Z2FxaTV4XzlqaWNSaXlmWlF6VlliYkJzREdFdHBLdVFUZlNWVXRLWGRBODg4Mldid1k2U1VZWDZaMnhjenM2TXo1QmhtbWQ2N3hOcHRmbTd0UHZzdw?oc=5,The Times of India,"Tue, 07 May 2024 07:00:00 GMT",2026-06-14T20:39:30.983797,online_drug_trafficking,True,False,candidate,https://timesofindia.indiatimes.com/india/ed-nabs-drugs-gang-member-wanted-by-us-from-haldwani/articleshow/109895310.cms
dark web drugs Uttarakhand,Uttarakhand’s War Against Drugs: How science and strong leadership are saving the state - organiser.org,https://news.google.com/rss/articles/CBMizgFBVV95cUxPdUJ6ZUxBYmZYQTFZbU1iZzVUcVFla05yXy1pSl82SDBpQmJzYWpjZnYzZFNzTmFYR1NDVGRhRmkxWnVVRlZfQ042bWdhUDRBWDdQMlVUaERyclRlTm12M0ZNaVlWQlFNVVFIT1VqNGlGT2NNVWJpZWZxMHlLcjNhUktXc0MzRnVnTGc3Q2QtOGI0ZmYwU0d1bFU5WjM5R3NzV2ROalYwMDZBUklDbV9fMzhQNEhhZFRMQlRlN0dsRm45MEprVmVwbzRXb040Z9IB0wFBVV95cUxOTWk5N3lLSG0yemRfV2FNMHI5Snp2OF9RcjRoYWc5N3M2a1c1anYxdnV5QU5zQk91XzJwSjlEeFFGTm1ma0RCWHVwLWVFSTJqcW5PTm5lU0VxU1hLSFBVZ3lxMDJMMkMzZjl5NG95aGotUnhfdmxiMHBUbWM2andJLWVLZUl6UUhDVWpucDlySFZUbjVtajFGOFFhaGNZYTg2RzM5dVdzM2t6VHpLMXhlalRNak1UQmdGVUdGaG0zcVdWOE4wYnhZZnB1ZEg2bmlvUnRR?oc=5,organiser.org,"Thu, 28 Aug 2025 07:00:00 GMT",2026-06-14T20:39:30.983863,online_drug_trafficking,True,False,candidate,https://organiser.org/2025/08/28/312914/bharat/uttarakhands-war-against-drugs-how-science-and-strong-leadership-are-saving-the-state/
narcotics online Uttarakhand,Online Registration For Uttarakhand Char Dham Yatra Begins - ETV Bharat,https://news.google.com/rss/articles/CBMi3gFBVV95cUxQQktNb2Vfdl9NNkpPTVpQZUZOMDJIM0ZQZXZvR25iemd3YlNscXhCcW5RQTNBRnA4Vk1Bb0lOY213SUhnbkpuNnJGUENkVEhlbnJNWWJ0Q0VSM0RoWHRpYjhrcjM2cUhKN0F4NkZtLTdOZl9UUHFXVkN6cHZlQUxnbjFpMGZnRlJ0TVdoQUZlZzdac2VLVXNMVXRvQU1sd2V0OXVpVk1FU1hpRDZmNGwteHBMWkJObHhUbkt5c3c4cVNHRjhuWFQ1Z2NIczBDZGZZbkpnQkk2TkZyWHlFSUHSAeMBQVVfeXFMTWd1b0RRTXF3RUw2ODlVSXRvYzRQOG10eGhrY282WHJvZW9QcjdseEpPWjZ1QmVFTjdIcFdyaEVJYnNCbUtWWmZQRmdiUWJaTkJYTWpiTzdZR1NrU1VQVUlzRVFiNXQyTGFjUkpaUEpRNm9wcGV4b1JjS2ZYdUlKcmJ4WmtpNHVxT2NBeDNYM193N1BBVnpSc3FmdmRKRUM4a0Z5cFVQZWdtbjhEMmU3UEY5bVRtR21xbklxVlA5aHd4TVk3RkNVTXVkekpGNzV5QmMzZ1EtWkZFRFFUNHZkbUdpQ0k?oc=5,ETV Bharat,"Fri, 06 Mar 2026 08:00:00 GMT",2026-06-14T20:39:32.827307,online_drug_trafficking,True,False,candidate,https://www.etvbharat.com/en/state/uttarakhand-tourism-board-releases-website-app-and-qr-code-for-chardham-yatra-2026-registration-enn26030603931
narcotics online Uttarakhand,ED nabs brother of US-jailed drug lord from Haldwani - The Times of India,https://news.google.com/rss/articles/CBMixwFBVV95cUxNcGZGYWxFSXNFcGRTUHBUUkhFbG9wV3JnN1ZzZ0lIU2ZJX3NzcVhOVzRsaGFBUlE3OFh3U2IwVTBBM0VDNlJ0My1OQndHVmZRX25waXIwelF4WDdEUENqdEdkRWJwektoVUFnSTVVZnVmNTJHMU1keXVldnIybnpXWHN4Si04U0o3TGtlb0xCNW9pWTltZE9VcnZPbTFxc3BPc2lRQ1pQbDVCYVZTY3hQZ1ZlRXVuc0wyVHRjbTJBLXFNdG54QVFV0gHMAUFVX3lxTE15WmxhbjNuXzYyYldfU0Rzd0xkc2lHTjVzU2NLbVdwU1Z5bWthUDVvZUVMOGMtRkNwRlpDVFFoS1FDNUYtRjM4WnJxbTNuUW93RU1SS3RFNU12bVpJOWRFTDBrZG5UQW1VNmhFVlZkakpEWnVwMTdQY2JncjdZcjlyNl9sLTg5eTdCb0hOUDM4dDRjUy1XQ0RNTHVOc2JOMHZaNWdrRS1NSlFHVnJIYVdUQjk3eXM0eThiTmlIUHZpRmlCZnJ4RFJFaDMxWA?oc=5,The Times of India,"Sun, 28 Apr 2024 07:00:00 GMT",2026-06-14T20:39:32.827400,online_drug_trafficking,True,False,candidate,https://timesofindia.indiatimes.com/city/dehradun/ed-nabs-brother-of-us-jailed-drug-lord-from-haldwani/articleshow/109658137.cms
narcotics online Uttarakhand,"Uttarakhand CM Pushkar Singh Dhami Flags Off ‘Run for Awareness’ in Haldwani, Urges Youth to Say No to Drugs - Indianmasterminds",https://news.google.com/rss/articles/CBMipgFBVV95cUxNYUFUSzNsOVNKVkYyOEhOdHlmSTdjaUZac01KN0lHdWZJLW5pZVRlcnNhM0tELVVOcmotMW9jV2FWZDFUT1hza2l2M3VURVFxU0hvZmM5dHpSNUYySEc3ZVhsdGxXWHA1OHZBeVRtWkJ1d3h1VGlHOXBZZXhjcFVjbEFxR254dnp0UjNYd1REbU9nV0x4anJnbDY1a3ZVLWU4eDFLYTN3?oc=5,Indianmasterminds,"Mon, 13 Apr 2026 08:13:49 GMT",2026-06-14T20:39:32.827443,online_drug_trafficking,True,False,candidate,https://indianmasterminds.com/news/pushkar-singh-dhami-run-for-awareness-nasha-mukt-uttarakhand-197432/
credit card fraud Uttarakhand,NISD and Uttarakhand Academy Join Hands for Social Defence Training - Devdiscourse,https://news.google.com/rss/articles/CBMixAFBVV95cUxOMkpHSzBLYUE1ZGg5bldiZk15QXdDeTJYUW8yLW82NTJ2dm16dlVIeTk4eXNtdXVHYVdGTDA5QTlCOFRwMGI5U2poMTlsbnFIRHlJaE12b2Q4Ul8xTmxsUGtjQkU0cUJfWEhjVTcwWS14SmlzaVlGMnA5M2F6ck9RenVpbjdjXzZQdFd4aGFkbnRya09tT2dHaEFfeGR4VE5YX0FUMnNxNXRidGlQU0ozSmZERHEyTFdHd0lHSDFwc2NhTDNP0gHEAUFVX3lxTE4ySkdLMEthQTVkaDluV2JmTXlBd0N5MlhRbzItbzY1MnZ2bXp2VUh5OTh5c211dUdhV0ZMMDlBOUI4VHAwYjlTamgxOWxucUhEeUloTXZvZDhSXzFObGxQa2NCRTRxQl9YSGNVNzBZLXhKaXNpWUYycDkzYXpyT1F6dWluN2NfNlB0V3hoYWRudHJrT21PZ0doQV94ZHhUTlhfQVQyc3E1dGJ0aVBTSjNKZkREcTJMV0d3SUdIMXBzY2FMM08?oc=5,Devdiscourse,"Fri, 12 Jun 2026 16:28:42 GMT",2026-06-14T20:39:34.794516,debit_credit_card_fraud,True,False,candidate,https://www.devdiscourse.com/article/law-order/3934384-nisd-and-uttarakhand-academy-join-hands-for-social-defence-training?amp
credit card fraud Uttarakhand,Uttarakhand CM Dhami highlights state issues in NITI Aayog Governing Council meeting - malaysiasun.com,https://news.google.com/rss/articles/CBMixgFBVV95cUxPbGlCUlIxZ1EydXc5YjA0aUNTT1Q3X0tUMUxZV0IzRDZCWnlXNy1Bd3V2MzhqZTd4Vl80NkY0elprdUtHWUdWRTQ3akFSMVNDYVc2QWplQWRyTnRWUnRpeUY3NTUzTnRHcDk3dkRqNl80bzZNRm9zN2lDcEp0YndJcUlxajhZQnpuX2k5dzJDQmkySTU1QzgxWWp3NExoVmtjcVJDdnRmYzBxZzFNTXR5M2p4elRsdERFM1p0WUlXQmxRdE5WcWc?oc=5,malaysiasun.com,"Thu, 11 Jun 2026 04:30:00 GMT",2026-06-14T20:39:34.794553,debit_credit_card_fraud,True,False,candidate,https://www.malaysiasun.com/news/279115832/uttarakhand-cm-dhami-highlights-state-issues-in-niti-aayog-governing-council-meeting
credit card fraud Uttarakhand,'What could be more painful for parent than this?': Uttarakhand CM speaks to Anjel Chakma's father; promi - The Times of India,https://news.google.com/rss/articles/CBMirAJBVV95cUxQS3A4dFZoMmh2RExpS002ZHloMzM2eWJMQ2V2QjlQbzBhczcyLWZ3WEFlN3JZRlpJeFRzUVpxLTY4SkYyUUhhdjR3eTltTWVJZkxNTzYxb2ZPaHV4U0dGSldrdE00ZjNSNFdxY01ZamVfTlhzV2NjVE9ZZGtxSFFnV01ERXJwSENwOTIxNnVGUEpMZTcwZ2FxRTlyWF9yaFpiODZfNnptOWhucEZ3VzI1dkFmWmNHY1NEb0FfUjBhQjRVOW1sZ3dzOGJ4Vjg0WWlaWU1jbzI5VmZGY1BzRWdKZEltU0JpalVnTkFucHNJdkRnY2lqdURfNzRJLXc3RC1rd2kxbmdPVHFXSFZNbmVPYlE5Tlp4Q24tR1VzNVVCaGNrNnFVekVMN09JbUXSAbICQVVfeXFMTVlZeVBfeVZWNm9CN2JOc3RqZUFGT2I1Z21sRk85UmtLTjhsVXJlT0R0Sk8xT1BaWWF4Mk1panFVZXBWZGNpQm11TGFxTjB3WkJsTlUzNi01bkVqamh5eXJRd2J1T3lTVExwanZ5SVNjMWNoT3QzOHhqRllyMWFSdTJIRlFHOThZQmpzZ0NuZ2VrQU54dUs2dy1FOXJSTGp4TktUWE03aGhJdXltWnZDd2lyVi1UTkZCTzVKb1NMUzhadW1ycVI0M2dRNjcwMzJyQUZlZkZaT1RXNHJsS2tkLUx3REZfeVVIVFNBaTI2cDR0WEF1UWVKbEdZdHIyMHRLOGplZUI1bHhGTVZEVUZNM1lvMFdJTlJ4VF83a3R1ZE1ZdVVBTHhCejJjNlZsak81TXVR?oc=5,The Times of India,"Mon, 29 Dec 2025 08:00:00 GMT",2026-06-14T20:39:34.794715,debit_credit_card_fraud,True,False,candidate,https://timesofindia.indiatimes.com/india/what-could-be-more-painful-for-parent-than-this-uttarakhand-cm-speaks-to-anjel-chakmas-father-promise-strict-action-against-perpetrators/articleshow/126228756.cms
credit card fraud Uttarakhand,"Uttarakhand CM Dhami approves ₹1,344 crore for infrastructure, tourism and welfare projects | Hindustan Times - Hindustan Times",https://news.google.com/rss/articles/CBMi5wFBVV95cUxOUlBRSDZFZmRmSzhaemRDSjgxTGoxVTZtME1LeEZFNE1zYktWdWNsZjZGVkFDdEJoM3RaUEVaSk1rOVRobW11NThvU1FmeUFvTnNwQVZDbVI2ek4xZm9obGFzWGg4NnVqZlVoa08zWEMza2Z6MFItTjYtSTN1TldyMnAzWlgxOGp4eC0td3VEcXJGWlRUbVI4d1Q1WWlVMkNrY2psdmJRTXZHTVdtMGlOdGx2UFBHa1RfZ0ZxWkd3aktlYmNnZ0RPV3I1dTJlWk9qUEYwWVlOcTUzc2xyazI0dTNuWFNEcEnSAewBQVVfeXFMTk1obGhDSXU4dkxxbUhXOTRDRUxZWlllSktvNzc4aGNNLUNMaEozYllvU25sQS13WlhGNmJ3bF9iWHY0WGpQQVB4RmQyTW9SLVlQZ0ptbnJqaGVPY25lUkZqaC0zQmF5cC1fR0RKTThUbUt2NUEtclVNNkV2ME5zNEFXOUUxZ3hGaWw4SENtaWx3bHVmMm5QMUpVNHZYUUZMeWk0UllWeE5FYmR2SDlFZlFZczFCemYtMnpKazJFdXRGZDk2SmlpT3pWLTFoQ0l1eTg4cVpOZlNYb1NHX0ZvUDlKNDM4ZHZxb2piVkk?oc=5,Hindustan Times,"Wed, 20 May 2026 07:00:00 GMT",2026-06-14T20:39:34.794760,debit_credit_card_fraud,True,False,candidate,https://www.hindustantimes.com/genesis/uttarakhand-cm-dhami-approves-rs-1-344-crore-for-infrastructure-tourism-and-welfare-projects-101779251146907.html
credit card fraud Uttarakhand,"Uttarakhand mishap: 2 dead, 9 missing as bus falls into Alaknanda river near Rudraprayag; more casualties - The Times of India",https://news.google.com/rss/articles/CBMikwJBVV95cUxNVlNPQlYtM0kxNTdlaE9YMUdNd1U3SGRVWVFGNnowbG1XNGp4RjVySHRxLUJsS1NTeG5nZ3hKcFlmVkRmcmVjV1dTbE4zb09xRVRhcW5IdlhJd21DTnY1aDYzY3BWV05Hcnc5SDlXZl82T3I5T3dWSDdCNG1sRFZkVTdDRlhPbHlwVXdpdWtTUlhkQnFSWGpwaXdMajlXU2lWVWFCSlFuM0ZUWW5lZjBKbDRwc1VfbG5zTjNuMHZPaXc5UVlmWVNJaDV3b1dJWnR0SHRYd0N2RzJRU0h0em5zUzJYWE93MmlwUlp0QzFTY2M0TG1Sc2Vha3lhUWk5U084ejNhMkkwcXhHaE50NXR2UDBZb9IBmAJBVV95cUxOMGN0dHI2LWQ1ZUJHVFROczRYR0RicjhTWXJ2blBiZUh3bEF0bC1SaG11RVdFX0pXbWJyUDVHYVY1NXA0NFlycnVtSTVPaXZuVEV3a1B2OVJOSlp4MG1HbmViMlVKSDczY29DWHRGdUlDMU01eUtPcmJVektFT2NjZjhGOXRFVFdILUtZS3ZnWEhtaUxTTXRSR0o2M1l6V0NfT3M4Zklia0h1MGF4MHd2RU9GcE00X3QzeE1SSnV4Yk9Jd24xeFNuVTQxcFZHc3RQcDg3VHhXcE90ZmVKSnRTakRYOHF6eDFZTklOdUNtNGZTbUZKa2FERENuOG1zQ2ppVGhycUlxX3QtYW5oOFRDNi1ZRGZFbU1Y?oc=5,The Times of India,"Thu, 26 Jun 2025 07:00:00 GMT",2026-06-14T20:39:34.794817,debit_credit_card_fraud,True,False,candidate,https://timesofindia.indiatimes.com/city/dehradun/passenger-bus-with-18-people-board-plunges-into-alaknanda-river-near-uttrakhands-gholtir-on-badrinath-highway/articleshow/122081748.cms
credit card fraud Uttarakhand,"Aarushi Nishank, daughter of former Uttarakhand CM, accuses two film producers of duping her of Rs 4 crore - The Economic Times",https://news.google.com/rss/articles/CBMi_gFBVV95cUxPM1lZYXdJTkp3UWhIRTBfWU81M3U1a2RKaFN0aUk3eFVqSVhZTXl1QXhhT284YnIwZ2ZkVVZNTlRlWnUwZ0U1NmNVUGliaXREZWoxczJWZnR4Mm5yWGpWQ19BWEk1MU1JVV9lT3duTEFkc1FaWVN6VHREaGtFUDgxd2VWZnVPZElQMVgySzN6eUxvUk53Q2pEbEQ4ck5rUFNQbVp0MTB2Ul9ydW5MbTNZaXg3VFBBWU1CY2pXWlR5QldqQUZMaGFIcGZUQnVBT284VmF0dlM1dngySWxkNkkyanpBZldzTFZxUEIxSUxLLW00RWljZzNJVTNQTnNQZ9IBgwJBVV95cUxQM0g4S1l5NWFPTTc4d2tmSGxsLWV5dWMwbHpKSjVsdUczRTIydHpOUlBNeUZIZkFhZDFkcC1SNktJeG1aX0pfemtkdi1wY0JCZlcySFdWWHFTdUYwM2hoZHlId0gyRmlzUHVMU3I4bUNUTFRMX2ZnNEVWOC1kWXVMaUxYSHJpRzVWanh2T3RRMWh6MGpOV2ttemRDNlpfSTZidVVpRm9pM0E4NVoxQXc5S21WUVF0SHY3cXdzOHgtZ1FPbllCOGx4Z2RLVC1zZzhKUEVlS3dwa0tnNk5WblVTdkRXSTNWYzFidUtOMGJKb3ZIZzNWNV9sNU5Wd0tXQnF4UmY0?oc=5,The Economic Times,"Mon, 10 Feb 2025 08:00:00 GMT",2026-06-14T20:39:34.794842,debit_credit_card_fraud,True,False,candidate,https://economictimes.indiatimes.com/news/india/aarushi-nishank-daughter-of-former-uttarakhand-cm-accuses-two-film-producers-of-duping-her-of-rs-4-crore/articleshow/118102463.cms?from=mdr
credit card fraud Uttarakhand,"Kedarnath Route Landslide: Joint Resuce Teams Evacuate 10,450 Stranded Pilgrims In Uttarakhand’s Rudraprayag - Free Press Journal",https://news.google.com/rss/articles/CBMi4wFBVV95cUxQNlVIclZRY3h4NjVFRGRmVUdPMWg4MVFJczhjUmk5QjZFV0VrS0s4VU81Q253SWVWUkpDdm1pQzcwWW9pR0ZjN2hjNU16ZnRZczRtOW1GeGdWMkh0ZS1ZSmFtV05JRUxFOXY2TUtZMnZfVXVpSXY1MU1kY01kdzNHQUpKS0hiak1kVDM3RHp5U3NrakFOeGlfTERRSzdJRkF2d0dVWmpxRE1WcUNaSGdrTTA3T2JIUE1PQUZLY2UxbERROWpTcmViOVZxWXVmWXVtN19uLXdYcU9lTjlESGt1QnJzWdIB6AFBVV95cUxNVlVueEUxMnVTOU52THpaLUhtU0pOTjBvWEk0LVpjR0VWRkdZaEJKOWc0d09QRHNiSG5YenM5Vk51YTNHMGE4ZTNDZlhFWHlNbUpXOXMxZU1oSWZ6RlhudHREbGc4b2I2RVNENTFteHZPbndOUXM0QXRrdkw4VE1jSTJRU3lVZ2VNaDNoeHZqci1uU2QzY2lFQjRaQzEzSEdzd2pKd3gxeDdTWEh1cDgySTBoNkhtYXRQdkFTUzR3WERlRzdaNzlyY0xqNFRwdzdMSW9IODlfLVk0MEljWE1mOEU2ME9aX2wt?oc=5,Free Press Journal,"Thu, 21 May 2026 07:00:00 GMT",2026-06-14T20:39:34.794866,debit_credit_card_fraud,True,False,candidate,https://www.freepressjournal.in/india/kedarnath-route-landslide-joint-resuce-teams-evacuate-10450-stranded-pilgrims-in-uttarakhands-rudraprayag-video
debit card fraud Uttarakhand,"Father has to support child despite loans, wife's income: Uttarakhand HC - Business Standard",https://news.google.com/rss/articles/CBMi4wFBVV95cUxPUFhISkJFUXp0c0pRSDI0T0Z6ejRBZ2E2MEtzUHFEMlBmbUd2UngyRXFkZ3E1TnJiaWtsVGpIZGRVQXdzRi10d1l4SVVGak5qRUpNbXdud3NXZlhYRWdwcl9BQXcxdVpBeURESjZFcVZfZ1NCNm51OFRBVFV5eXo5QUJZSjl1bFEtajZzUWo1TVdQRWQwdllNR2xicWJLbFQ0dFcxdC1jSy1HbW9TSGIyVjgwTVMtR1MwN2RjcDhrelJwdzkwWFFkUnZ5UThfRS1aSC0tdXB1ZmYwd2ZiclhlVVN6a9IB6AFBVV95cUxNUFduMTgxTGRnb1ZtS0xmVUZONmtZa0hBSzZ5T3RxMXA1bGZXcTdfWWlMdW8tWXRTWkxZM0UweDhqS2VuemVWa0hMS1RHSFZMS3NabjB6bW0ySnpjZFhoSGxWMUM0T0I1T21YM0hKY0dNdU8tQUkzVmlLV0MwZjNDQmVrQjMyNnhibGp2aHNJaHdQQnQyaUlSTktnMGVULVY5VVBlQUNPR1otb1ZlMjI1MkRsQlFhRjJfb3pYUjV1ekZUSS05TDA1amg1dF9faGV3NDlwNWNxRERPLTZhVHpwcmhZUk14eDZZ?oc=5,Business Standard,"Thu, 23 Apr 2026 07:00:00 GMT",2026-06-14T20:39:36.451901,debit_credit_card_fraud,True,False,candidate,https://www.business-standard.com/finance/personal-finance/father-has-to-support-child-despite-loans-wife-s-income-uttarakhand-hc-126042300663_1.html
card cloning Uttarakhand,"Car parked outside home in UP, man gets Uttarakhand Police challan; was the number plate cloned? - Moneycontrol.com",https://news.google.com/rss/articles/CBMi5gFBVV95cUxNem56TE5yU0ZEUXJnLTlwM3lpVU83NGRxM3ZLR3k4ZEFJVjdfcGFLWDZMSzA5ZjQyR2hSNGtReTFlQV90N0ZfX3JreF9icFk2Mno1RDc3UENoX1FmTzI1dVhlRlBpWDhQSGlKTHdVSnNzSW55Vk9wQ3VVVk9VeVpITE9kSFIxYzdfbjZqZ3VMZ0w4bHkxQmhrZWZ6RDBmS0ZjLUVuQVVTNUxiYnFaVUhkNDBJN2RQdWFhZDNNcVh1cmdreFdmQzc5YzFVS1dteVdIeUhvQldoQ1dfUzdnTmJoUkdaM3U3UdIB6wFBVV95cUxQXzZSN19sTGxfbGNhTkJqNDVlYWxRVXZvVXEyTVJCLVhWQTVzYTVjajlhLTBfbUg5MXJWaWhmR0FaSjhCUHBWaVFkNGZWUUJMM2NOaEMwNGVRbUVYa2J3VVdLcGJ6SVcxS3NPY0tKYlBnTTVUMTItdDlhZEkza2lxZi1PMFN3cEhKX0diUTBCakhHeHBPZXFuZ3UzUTNmbGhSckV5NzBhbHc1NW02VzdhT2RPLWRIOGNsVXFyS2ptajRpVDV1d3BKYW1HMHhoTnJoNFd4U09Lbmx5ZUd3eWk4RFlyUHR4NFRGRWZr?oc=5,Moneycontrol.com,"Wed, 08 Apr 2026 07:00:00 GMT",2026-06-14T20:39:38.343669,debit_credit_card_fraud,True,False,candidate,https://www.moneycontrol.com/city/car-parked-outside-own-house-in-up-man-gets-challan-from-uttarakhand-police-number-plate-cloned-article-13883141.html
card cloning Uttarakhand,"Uttarakhand: Customer didn't receive withdrawal alert, SBI ordered to repay Rs 80,000 - The Times of India",https://news.google.com/rss/articles/CBMi7AFBVV95cUxNZXZTLVJQd2RpTVRjUVIyblc4TV9EWHBXS0lmdmZfNzJYa2FHLVIzNlgyWUhPcE5QRzQxN19qNWpaSkRleWU1OTFIT0ZfMmZwRlV3b2dzSE0xajFSQmdtU2lkalFuSmc3YlpxY1lZUVVxSjBLNjBFSi1QdDV4ekdTU1M1S2FHSFNFU1pDR2p3czV6Z1VXSTM0WHo0cVd1eXA3YlZ6UVBZODNDMmh5V1JIN0lDSlgxcjF6R3dkR0NLTjY1SHV3OU9MVTJiU3dFbVpBZk5iYkhQQXBNM1M0M0VxcGZmSG9XQ1N1cmprQtIB8gFBVV95cUxPY0MwSGVKRXhQaGRxTEJrUWFVaTZESFg2S3Q2WU4yTmo1R29WcVc0bDRPQ015RWJNU3BsaVlQbFM5aWl2WWl4LWVGRjFMcU9XN3VXeS1rVVFkZlFHYlBXVTAxcF9WVGVNSFB3YnFXNnFKY2p4NTR4MDV1R2dpcDFnQmM1ZTBSQlRjZmJybG9XdUpMbzZ0RVMyaUdJOXBTZG5qc1dxd2dXaUJNX1RIZ3RwcGlfcGJjbUNGeEFsNkdLVkRqWjdtbGN5TUppTlpfYS1qWjNqYjJVbGpzMmZZVDV5WmhqQjh6aXh5WWgzdEJFT2ZmQQ?oc=5,The Times of India,"Sun, 19 Mar 2023 07:00:00 GMT",2026-06-14T20:39:38.343677,debit_credit_card_fraud,True,False,candidate,https://timesofindia.indiatimes.com/city/dehradun/uttarakhand-customer-didnt-receive-withdrawal-alert-sbi-ordered-to-repay-rs-80000/articleshow/98764418.cms
card skimming Uttarakhand,Uttarakhand tragedy: disaster preparedness at major pilgrimage sites | India News - Hindustan Times,https://news.google.com/rss/articles/CBMi1AFBVV95cUxNXzRvOVdjSklmcFozWjZ1RnZ5RzVkUkNyNldfNjBlVUdZamRsVkZpcnVFZzYtOVNkOHo2QmJySko3OG9QMWpVQU9hVlRCY3ZYczJZcmhlUWNKd1ptekNmMFZJNjg5clpGTDBaeHpEWVFRSGU5SWdYSm5BTTVCVWp2am5mTURGZHYzYW9tU01jb0hJT0l6UmJSbXZnZjNtbmU0WTRVTGZEZk9iVUc1U3ZDMXVmTHZDelhDeGY0YkhkREQ0eVY0d2F5akJUNjJLYVhnYjMxU9IB2gFBVV95cUxNN0pUZUFFVUwtU0pZRUhhU24tSzR4NlpScTctX0xCZTVvZ19iQ29FRkFkMklSem9UVDgyZ01zM0NYOE5qZ1JJaUpaa25fSmdwaUlnLW41cGduRWd5dk1CUUN3cl9lUzZfellnYlgzaTZlMWpybHM3d2tOZnJsM3JsMzNtYnd5MzNDTTlDODZXclJpSkh1Vnl1QzJ5dVJPdWpBT3pra0t6S0p1MDVqRmJqdWpDbVkyR1dzWGNCc2trX1Vlem53azBmTjd3eHZocm1jNWFWVHFDRW0xQQ?oc=5,Hindustan Times,"Sun, 14 Jul 2013 07:00:00 GMT",2026-06-14T20:39:43.313216,debit_credit_card_fraud,True,False,candidate,https://www.hindustantimes.com/india/uttarakhand-tragedy-disaster-preparedness-at-major-pilgrimage-sites/story-2GhZukb9lxCbS3YJSaKRtL.html
card not present fraud Uttarakhand,One year of UCC: Uttarakhand CMO says services available in 23 languages; AI support enabled - The Times of India,https://news.google.com/rss/articles/CBMi7wFBVV95cUxNYXB6aHZqRi14TDJnNUNEMTR2NHEyVGFVNkw3cnRadHRybEZSLWJsbU5ERkR5Y2dZNzBYQ0V1bTJFZE5rQmVSdGVYRUJHcXRROWx0ODY5bnJsNGxSQTJSTW9LSlM1S043eTlwRVNRckJuQUZ3THk0di1XOEJJU1ZpLUxwWl9FZml1WEQ1M3N5aDI0Q3RITjhBUEZzYUQ5NWo0ZFlrelpkdlFlS1JiY2ZGbnJvM3dnQzJMQ2FYcjRMeW0zRzcwSUhjLTQ3ZlJrV0lCb25aUFlUTWRTTHRfN09TX2NzUnVtcjBmelBOZ2ZGd9IB9AFBVV95cUxONUFYOGFBcGJ4TklGS180SVZaTmh2Ui01dnpIRi1INWtMa0w0WTV4aFlLNm1WRlQyQV96dG9MRlVxQXduanhtVGk3czRVcnJ1TUJYaWpIM0JwOEkza0xRWER5cVhfQXA0RkF5VGQwWlUxZGJoVnFQR1VTcW5xMUlHV3dKaXMtM0IycG5IS2tnWGk0RzVvcHFueDhOYTZ4eV9rckUxeHRRenItOEI3aDJaUlY5b2RFN2pRV3ZjSGJmSUFheFNGUzhWU054VTZwV1o2Vk92Rm4xclRLUDV1UjRjMWswaXJvZDRRWXVna3BtT0NiTWJX?oc=5,The Times of India,"Wed, 21 Jan 2026 08:00:00 GMT",2026-06-14T20:39:48.207885,debit_credit_card_fraud,True,False,candidate,https://timesofindia.indiatimes.com/india/one-year-of-ucc-uttarakhand-cmo-says-services-available-in-23-languages-ai-support-enabled/articleshow/127001834.cms
survey scam Uttarakhand,"More than 1,30,000 elderly Uttarakhand women need govt help to improve their living - The Statesman",https://news.google.com/rss/articles/CBMizAFBVV95cUxOU0cwNlcyZkdtQjgwQ3U0eUtjNTBjelBjZVpkZnJpRHBaTjIyTFJLWVI3bG92ZlFsRm9QNTROM3NPUlI4UE9HTmtHNzJ3ZW40a0FjZjZHSXJpMFpLX2M0aDBTWlAxMmNqbjFzSS1mQ09kYmhraU4zaFhoWmxQVDRoZWM5bGlXYnZ4VWFTYjM0b1o5XzJUa05NTk9VVnRPUV90ZmxtSWUyZDFHN00yRERpdHg2Mk84UXQ0ZUhtYW1KejA1M3dwTHc1aW52bXPSAdIBQVVfeXFMTXpjVmJWYkpNMnhyeGdRMS04Umh5X2hnNDQ5UkFULTRUUUNPQU5fRlN5VDl6NkZPT0h6dFAwd0JleUNWODhqeDVaXzl3OUFjUmdkOFdFYmpUUlJyLU1UZHVVU3B3Q29IeFNnUkhUZVRnUGhZMllhNG1lQWdTdVY0RVBxT1piMHIzalZlbnhOR255b0dYQU9fQnpmZEZQcmxDdG9lR2tsRUpocTZLOElQaG5oSjRYS0pnYnRQYUhmUDdHVlI2cVdxRWx5bzdXYTN2WWZB?oc=5,The Statesman,"Thu, 09 Apr 2026 07:00:00 GMT",2026-06-14T20:39:56.561533,online_survey_fraud,True,False,candidate,https://www.thestatesman.com/india/more-than-130000-elderly-uttarakhand-women-need-govt-help-to-improve-their-living-1503579787.html
survey scam Uttarakhand,"Encroachments on forest land: Stones pelted at cops during protest in Rishikesh, highway, trains blocked - The Times of India",https://news.google.com/rss/articles/CBMiiAJBVV95cUxNUDRUS3hoZ0VSQlNxS2JaSEZWTWp5U2Qyb2JyQW92UjFibmtOZDJuQTdES2ZtR09peWJqeWpqM0dUbjU2aW4zc3RCVmh6ZFRQME1JTmQ4VWFUT29QMUFFTzY1TURCMHI4aE45emx4R3diLU9zRExSS2VMam0zNHRwV1VXUjVYODRyZXRUTkMtMVhWUjVDc2Q4Q1JlYkZDSVM3NV9OaDJnc2NOcTJVQ084aDNpV3EzUlMzZ3dFQWpwU1BrVjlrVllBZXc4WmRVRUNRZDlBZGpjTGN0dTBKUl9PMDNneXR3UXBWZmdFU1g2RzJheFo5b0xoQk4zaWxRSGpRSUpmU1FCYnjSAY4CQVVfeXFMTTh5TDJkMjRuRWZhM18xY2Q4eW50Uk9CZUtUUzBBUlBYdW53Qk1ZN3dtaDNTVVBVb2V2YkxlZXVhZGtHdWs3TFdkclItRHAxM1JfR2NUbUFITkFUald0LVZkQkNHYzczbF9IV0xWOC0wTGxJNXJnWDdKV3gtbklHTlJWMVpXVHBuSWctYzRGSmU4QUx2TzNaY0tNY0ROMVo0cmZrYkwweFpDamxSVlhJUmMza0ZkRDlBby1YeUYyQ0wyNkJzQnUybDhBXzBSdzdjN3R1VHVoU2F5Z0JPdGdfeGl6d0hKSnpnMWJnMS1GU0R6dlFvOGh0NGpGU0R4Y3FscXBuX3ZuS1EwYVhobjJB?oc=5,The Times of India,"Mon, 29 Dec 2025 08:00:00 GMT",2026-06-14T20:39:56.561558,online_survey_fraud,True,False,candidate,https://timesofindia.indiatimes.com/city/dehradun/encroachments-on-forest-land-stones-pelted-at-cops-during-protest-in-rishikesh-highway-trains-blocked/articleshow/126223351.cms
survey scam Uttarakhand,"Mussoorie Forest Scam: Boundary Pillars Vanish, Mafia Gains Ground - The Probe",https://news.google.com/rss/articles/CBMiqAFBVV95cUxOQy13b0stY2VpS1FPaTB1ZlN1UEhuaDRSekdQQVQ5TFY4d1dwRmc5emNCSmNYdkplSWw3Qk45ZW1wQzVQYks1MmxLYnp0WUlmRHZEbEVkNW5CbnJFdFV4NGdFS0pBOEZiNHlhOHVmZm56ZFRXMC1tVERxc29wSHVHbUJ1Um9jb2w4Q3FueFpKTTVFQ2NRZnhqYUFJMTZLRURyTHBUNU9UTm_SAagBQVVfeXFMTkMtd29LLWNlaUtRT2kwdWZTdVBIbmg0UnpHUEFUOUxWOHdXcEZnOXpjQkpjWHZKZUlsN0JOOWVtcEM1UGJLNTJsS2J6dFlJZkR2RGxFZDVuQm5yRXRVeDRnRUtKQThGYjR5YTh1ZmZuemRUVzAtbVREcXNvcEh1R21CdVJvY29sOENxbnhaSk01RUNjUWZ4amFBSTE2S0VEckxwVDVPVE5v?oc=5,The Probe,"Fri, 19 Sep 2025 07:00:00 GMT",2026-06-14T20:39:56.561702,online_survey_fraud,True,False,candidate,https://theprobe.in/environment/mussoorie-forest-scam-boundary-pillars-vanish-mafia-gains-ground-10480033
survey scam Uttarakhand,Nainital forest fire: Efforts intensified to douse blaze in many parts of Uttarakhand - The Times of India,https://news.google.com/rss/articles/CBMihwJBVV95cUxQTmhYTFp4cHF4c3R5VFh2VHFRNUVzVmRkY0dycmJ1NTBfUzhVd05MRlBvRlIySzBxdlRJSFpZc29SVE84dE1QeElJblNpY3dJLU9tX3pYaGRVVUtsSnp1TU52dldqVldXUmZDN2d5OThRUkdJUHU1NF9fNXlGS2l3RWJqNGdibUFyem5ia0hFWVhEeG96OHR1SmdUTy1JR0xPUHpYakVmWEpoU0Y0dHV5Y3Z5R0h4U0NCYnI0T2hvWWg2TU10LWkzODdYTXZ3VEEzcDJCLUZaZW1hSEVDNXBXUFJYZW1kVlFzb1VydWs0Z0otcHZqbE4xa2RySkdDdng2UlVyZ2VLQdIBjwJBVV95cUxOREV4NXF6dDdiRlk1azQwbm1WWjVaVEk1VjFpeEFQMUlNSFpGcDdRY2JmTkdHMUxwczdBMWlCSHdKZ1BCa0tmZnlWYUY4d2pTeXFqY1cwLU9GcV9NNS02eTlCMm1qRGs5Q19DcnY1VEpCLUJUdDVwNmZKQW1Nc3gzZDQydnRvZVZZUzJ1MTV3OWpPdnBTWHdiZ3I4M0VWUTE2YkotRWRJc3hTUFRVTHdPbHVuS0tsa2RDc1pjTmdBQmJvSlJ1QklFczNMeTlKNEJBRXNYLXExN2szYnNjdkdPZTRVWE9ocWh0NVI3NFMyeGh4aGFCQTVLQ2hfYThpdExtbDRXaFFtUzJyLVBKdXFN?oc=5,The Times of India,"Sun, 28 Apr 2024 07:00:00 GMT",2026-06-14T20:39:56.561804,online_survey_fraud,True,False,candidate,https://timesofindia.indiatimes.com/india/uttarakhand-forest-fire-in-nanital-uttarakhand-wildfire-mif-fire-douse-cm-pushkar-singh-dhami-wildfire-forest/photostory/109662596.cms
survey scam Uttarakhand,ED attaches 101 bighas of land linked to Uttarakhand's ex-minister Harak Singh Rawat - The Times of India,https://news.google.com/rss/articles/CBMi3wFBVV95cUxNNTl2T0dmRUc5ajVtQ3BxR0xzeEtDYnlTa2tXVVpHeEZXUm12d1RVLVhxcWlVVF81dWIxTVhWMFF6elNnWWZGUmRjWUJXSjdoZUp3UHNpUGF4bnY0VDA2ODc4T2NwOExqdENjekMtcEFCWnJ1NmpwemJqZjNMOFliVURtelA5a1ZhV3E2aGxOWkwtTXd3QjdmbUxqMS1BcW1jbEh6SnhLVUJiVHdFeWVpTUFmRHVBMUdOYU1JY3VnY2dKYjhoUk9oYzBfNUJuVDRWV0pLTVRfRnQ3ZmtMUGdn0gHkAUFVX3lxTE45TnR0X0VKQnFiN0t2dGpVRlBhVEtla3hpWmJPN2Zxb2xPQWh5MXFTSWJ2dTZuRkdkOWJYbjFuSWpwZmNaQ204S0p3SmFqdFRRbllKdUxRVEptVkNHZDlNRFQwVkE5cF9RaHFVN3ZGY2YxVjY0SkhBRnlCLVBVZU9xVEpRMGdTV1VOeE5kSExPQW5XZUFDSEdlbHZQUWg1QS0wdy1Nc0VVS0hYQlZ5TG9DbVB5dHZPMHJKM0NiQlRTUThVQWFFRTRVbjJqeWl2Rl9LYkRydUMxYW1XZzkzdDRXcXNBSg?oc=5,The Times of India,"Fri, 24 Jan 2025 08:00:00 GMT",2026-06-14T20:39:56.561816,online_survey_fraud,True,False,candidate,https://timesofindia.indiatimes.com/city/dehradun/ed-attaches-101-bighas-of-land-linked-to-ex-minister-harak-singh-rawat/articleshow/117493468.cms
survey scam Uttarakhand,Uttarakhand: Kedarnath shrine opens for devotees amid sub-zero temperatures - The Federal,https://news.google.com/rss/articles/CBMivwFBVV95cUxOZDQ3R3RmRURoUnM3RnRtWkF0V1loYzNySkN2Y2R4dEZjdjltWW84UHNsakMyeC1sRWt1Umlrd2RvNlZmd2dLbWhtdExwTHFNdUthR3AtMUw3RnhFTkpoUnloY2dQaVNIdWtXYnZUMXNsYkEtWV9UeDNYLWRad0tOWE5jREZ2c2xNeXF0OFNpb1FURGFwenpDcjZmZ2hiVHY1MDRJcy1uUGRYR0szbEFPMUhhbTB1YlJmOFZkaXY2RQ?oc=5,The Federal,"Mon, 24 Apr 2023 07:00:00 GMT",2026-06-14T20:39:56.561839,online_survey_fraud,True,False,candidate,https://thefederal.com/states/north/uttarakhand/uttarakhand-kedarnath-shrine-opens-for-devotees-amid-sub-zero-temperatures
cloned website Uttarakhand,"Chopper from Kedarnath crashes in Uttarakhand forests, all 7 onboard killed - India Today - India Today",https://news.google.com/rss/articles/CBMizAFBVV95cUxNR1ZXOWFfRW9PcFczczZqdjJDRXlFOEhadktHN1NTMjc4M1gtQlFHNDFoVkxuQUVSWThIUlZnY3laWEFMWlVTaWU2eFk0cDNxZnMyS0U5U1BOLVV3aVpYaGZtMXUyRThVemJyaWlVZDVsTl9Tc3ZhZXZocXQzdVJ0d1ZMLS02dU1IeEdYcmhqczdnaFZCNmJLQnlmbjl2X3Nlalp0MHJDYnplalItZGxrdElfN1JVQnVMRndvVmh3YTBydzlJclBlRDFjWTTSAdIBQVVfeXFMT3hDTEE0WVU0U2t0dHlrbFQyNWhnWHp4ZUZ1M3BsaXRydjBZNHU1dldZWExMRGRCRC05S3djVERZbEFtUDhFVzhNbnc1SW9FcHdZcDJlZldYVGpmM21BRUVBSVk0Sy0zc0UzdTlyMUlfV1NyZEFsaW5TbEpHeGpKQlFvMFNMZTJYcmdwUWotOVp6WExCTjcwdW56N29OVTZGX09nejAyUE5BMlA1SlNMWjlFb0l2VEVGYTJkbjNfVlU5MlpGajVzSmE2a055cThRTXVn?oc=5,India Today,"Sun, 15 Jun 2025 07:00:00 GMT",2026-06-14T20:40:01.323008,cloned_websites,True,False,candidate,https://www.indiatoday.in/india/video/video-kedarnath-bound-chopper-with-7-onboard-crashes-in-uttarakhand-forests-2740955-2025-06-15
cloned website Uttarakhand,Fact Check: This shocking bungee jumping accident is NOT from Rishikesh. It's also not real - India Today,https://news.google.com/rss/articles/CBMixgFBVV95cUxQbVVnVnZJR1RfNnJYSEo1cTV1aFdOWXRUN1VGbTVmWi1UVGZxOXJyajJ5RHFsNkp6Z3pXekNrTFhaNHZqdWZKaXJvTlFaZ091RGExSk5fc1c5bHZWWjNuVG9GbE5iS19EUHV5NHp0QUFQb1FnVVl0Z21kM3cyMXlQY0FvVzdBTm1leVdEUktma0VjY05BcU9Cc0xYTTFXUDM4RnpRcGR3RmpQTWdRaVpnd2Y4WVRBVGVVcjhCUFhUOWd1eG1yNUHSAcsBQVVfeXFMT1BCeXAtUzBiQkRydk5CanRtdDRhY0NaTk1ZZTFETWtRQnNlVTZZc1hacjJjZ3FhX0t0b21PN0RNWnRCUFhvLWFSN19HVVVVeUZ1VzYzRVZSYWhVczlWbEoycFhEYjhoYkRSSFF3dHJtOWFsU0RPVTJZX0ZSaVNLa2N6SHNEd3BTSFoxaTlhc055Y1Bsdk1IX3RnRDhzRmR2bmpWQnlBWlhFTzJsMkp3Y3JDWDhsei1aZ2dLWld5bkFyTkFuQXdyN25yVXc?oc=5,India Today,"Wed, 21 May 2025 07:00:00 GMT",2026-06-14T20:40:01.323032,cloned_websites,True,False,candidate,https://www.indiatoday.in/fact-check/story/fact-check-bungee-jumping-accident-rishikesh-uttarakhand-nepal-ai-2728330-2025-05-21
duplicate website Uttarakhand,"Uttarakhand BSc Nursing Admit Card 2026 Out, Download Link Active @hnbumu.ac.in - PW",https://news.google.com/rss/articles/CBMifkFVX3lxTE0yUEdONTB2eW5TVkZqUmo1R09ZZ1JEdm1zMlRuSnR0TmY4eWlPdlN3UHNrU29wVFRCN2xQM0ZFcm1EbHFFaHNrdVBfYUpEM2ZDd0hUX2ZXUnBzNDhjbTV6WlRjd28yMUI4dk9HNFQ0VlJqV3lyUUNubkFIMUxwdw?oc=5,PW,"Tue, 09 Jun 2026 14:10:56 GMT",2026-06-14T20:40:04.875080,cloned_websites,True,False,candidate,https://www.pw.live/nursing/exams/uttarakhand-bsc-nursing-admit-card-2026
duplicate website Uttarakhand,"Uttarakhand CHO Exam Date 2026 Out, Check Exam Pattern and Syllabus - Adda247",https://news.google.com/rss/articles/CBMie0FVX3lxTE1fdnFnT3Jyb2dreUJLdnpjeFd1VU1IZ1lHRU1PYUtWZmEwV3hBaW81NTdueldBbWNGTGZRQTlIQm9rQmtDYUVxQXZHQVVQNmg2X3pUVndGZHE3ZE5GeS0zMjJKN1J2QnRMV1ZfUjlOTUVtM1YtWHd4Yl9jaw?oc=5,Adda247,"Wed, 21 Jan 2026 08:00:00 GMT",2026-06-14T20:40:04.875131,cloned_websites,True,False,candidate,https://www.adda247.com/exams/nursing/uttarakhand-cho-recruitment-2026/
duplicate website Uttarakhand,"Uttarakhand RTO: Offices, Services, Fees & Registration Process - ACKO Drive",https://news.google.com/rss/articles/CBMiT0FVX3lxTE1jbjZmbFBqYTFyWXdmcHo1ekpBN28tcEpfandYcFRaTk50OUZHb1p6bDd3MDN6X2w3VHhWLXV4UGM0MEdXWlJqMUNwYUlVQWM?oc=5,ACKO Drive,"Fri, 09 Aug 2024 07:00:00 GMT",2026-06-14T20:40:04.875156,cloned_websites,True,False,candidate,https://ackodrive.com/rto/uttarakhand/
duplicate website Uttarakhand,Uttarakhand NEET UG 2024 Counselling begins: Check direct link and full schedule here - The Times of India,https://news.google.com/rss/articles/CBMi8wFBVV95cUxQWjVHdHR5UTNNSmlkT1I1dktCTW1SaXJiTzlJRzhoQ3ZyY20tV1dzVVo2WlVGUGpxOVAzYndOZXEtLWlFY1AxcEw2M29OTkxvNWd5WDN4QjliRlBpdzdVbjdDRHdMRTUycWNFMWZUaU9XMTBNbnN6T0k4N3Z0T1RZbUJVYXJkSHpuRlN2cEY4aDhLSVJmQVN5Zk1HUnVMVmFjSUF2SWx2bnYtYlROazRvQzdKeVZidldpb0tiem9NRHlHUV9MX2JHLU9qMXNaMDhJbFhoVFhpSW9YbVRJM2t2MDJEZk5zMHBQT2xfMDVDUlg1djjSAfgBQVVfeXFMTzFYSTJ4TGY4OFl6aFlEWFg2QnNweG1RMU5PSTE0d3hHNzVreUhJdTJKLUtwSGRwWmY4T0JLS05Bb3p6Z0dvOGNzaEJGTnZqdnlQM0RXZ3ZxWXVPOXlPTHJKYUhfM0tmaVZ3MjNBWG5yZGVmUmhSeVZOd3ExWFV3U0NBUUdTZ2tLRTFTODBpNnFlRmpqd1lOV20yeHVsdXN4d2wyN3FHQmd6YnQ2TF9oeE5yS1dSUlpIb0RUOGUzcjE4VVc4NVktVjBIclVnNnFTUS1TSXZobHFHLUdxYmhjdzhYTjhXY1hOejNYU3NZVEhrVVdTOHUwNDk?oc=5,The Times of India,"Wed, 21 Aug 2024 07:00:00 GMT",2026-06-14T20:40:04.875162,cloned_websites,True,False,candidate,https://timesofindia.indiatimes.com/education/news/uttarakhand-neet-ug-2024-counselling-begins-check-direct-link-and-full-schedule-here/articleshow/112677946.cms
fake shopping site Uttarakhand,"Massive fake NCERT book racket busted in Uttarakhand, nearly 10 lakh copies seized - Education Times",https://news.google.com/rss/articles/CBMi1AFBVV95cUxNd0JoOVNWVlAwOGVwNVBTb3R1RjROZ3ZkUm1MT3A2c19HM3NZUWFZbk9MT2lCUDZVYTEyb0l5UjNpdW51NjR0NFJVd3cyVjhWNWoxaTRNb3RrSHgzb1pMdlg0QWVCY0ZqZWtweURHS3djMzJFWnFSTHpFVzJvdEhPT0JkbFVFU0FNNWwxSVJ5TjMxSG02Q3E4YU1iYVpDWm01V3l0WUllSVk1eGFMb1kzcnVXRTh6TGlMdUtFN1RJN2s4ZnJ4dGxrMUw2LS1oeG5QVDlRcA?oc=5,Education Times,"Wed, 18 Mar 2026 07:00:00 GMT",2026-06-14T20:40:12.345584,cloned_websites,True,False,candidate,https://www.educationtimes.com/article/newsroom/99741267/massive-fake-ncert-book-racket-busted-in-uttarakhand-nearly-10-lakh-copies-seized
fake shopping site Uttarakhand,Uttarakhand GST raid uncovers tax evasion racket involving senior official - Business Standard,https://news.google.com/rss/articles/CBMi1gFBVV95cUxQMmJ6anVySGN4cTBmUHpaa25DRUpxSDE1dmZkU0RKVXI4SFlDUEhBSWx5ekV2cjQ1MFpnb0VSZHFyWk01cTFwYzh4bDhVcC04aVNyQnVhUnJJUHVJa1F4Qy1LcjlsQUFFdVFJTXhuV0FaYTNjYU9LZWJZYzNYMUJ0d3YzYWdIQ0E2RGxQMzBzU2dQVHNsRjdCdzEySHFqZEUtZmd2RlRlQ3pRWUFBVFhEdU52ZmlVck8yb2R3Y2U3aTExT05ZakNPbW9IUUM2ZkdINEZlajlB0gHbAUFVX3lxTE1XeGFTOFM4YlZFNkVpdkFYd3ZhQ3NpR3p4VUhQMVpQX2tXUWZTZGJFNWtKOHRZdUdFN3FzbnNJdi1DdWgwNmJVRDFDeVp5c0I1VUtFdkQwN0Ffb1lPbEhETG1TaHFPc3BEWGY1eDRaeUJiNmpYNnJ6TDlaaXZtSW9keXExOEFQVzA5elRnNGt5blltYnk4MEdzVkxHWjRrUUtaV1liZUpfdWtrQlpRUnA1bTVMTUZqZk9fLUp6RjVDVWFFVDNrQ29GdkQ1dnJ0Q3FYb0E0VVdVUTdLaw?oc=5,Business Standard,"Sun, 12 Oct 2025 07:00:00 GMT",2026-06-14T20:40:12.345643,cloned_websites,True,False,candidate,https://www.business-standard.com/india-news/uttarakhand-gst-raid-uncovers-tax-evasion-racket-involving-senior-official-125101200363_1.html
fake shopping site Uttarakhand,"Uttarakhand cracks down on bogus seers, 127 arrested during Kanwar Yatra sweep - India Today",https://news.google.com/rss/articles/CBMivAFBVV95cUxPUFdNNjJ1UDVPRlpZTmk1UGMzYVEya0V1MEZSMXd6VjZDUGEtQVBQbjUtWExrNFcybGZnQWwwWXJqTUtWSUZvNGllUVNPWFFRTm1Qcng5TWJPaV9sZzYxMnZOcUM5X2pvbmFxQnRfZklqVmVOTjZoWlpkZldJYlkzUjk5ZHhzMm1tandJemdhYnBFOE01Y1pIaF9uWDJTcmdzdV80T2dWQnk1UUQ2N3VjWDY0aFJRRGpxaHEzZtIBwgFBVV95cUxQQmVHcHhsSF90dGZTRVcwNXRtRWh2eVBnRW1COWVjbXY5NlFxb0xweW0wMDAtVnFBUm1Gbl83QkRyUThtYU93NmRXZXd1aDVzUjdJYjJoVzA2TTB5MWt3ZjNoeUlkLVQ1STlsX0twb0hBcXVlMXZWbGFIVTB1aEhCWUJhTWlVbTd5b2hWNUQ3dVJNWHVGNHhCcVBTd0hWVmIyZXVlbjRtMmR5emt4SHpfX3lHeVpscVowYlNkVWptTUdsQQ?oc=5,India Today,"Sun, 13 Jul 2025 07:00:00 GMT",2026-06-14T20:40:12.345677,cloned_websites,True,False,candidate,https://www.indiatoday.in/india/story/uttarakhand-police-arrest-127-fake-seers-kanwar-yatra-crackdown-2755014-2025-07-13
fraudulent website Uttarakhand,"GST Rate Cut: Strengthening Agriculture, Tourism and Industry in Uttarakhand - PIB",https://news.google.com/rss/articles/CBMidkFVX3lxTFBDU252SWhxb0o4NHNNdXhEU0IxUm9zd050cE1KQ20tSjlTdDVoNzBtd3BidXdKZVlTRDhjZUhzOTJEdTRGVXQxMHVrdkdrZk1qQUxRSklHclN3YkpFbEZxb2t1dm12bVo2eDVRZFJ4SUZHWXQxWXc?oc=5,PIB,"Tue, 21 Oct 2025 07:00:00 GMT",2026-06-14T20:40:14.426405,cloned_websites,True,False,candidate,https://www.pib.gov.in/FactsheetDetails.aspx?Id=150400&reg=3&lang=1
fraudulent website Uttarakhand,Dehradun Helicopter Operator Warns Pilgrims About Rising Chardham Booking Scams - Issues Free Safety Guide as 2026 Season Opens - ANI News,https://news.google.com/rss/articles/CBMihwJBVV95cUxQX2pDNmVXaTVDWndRcG85d0xkTjlrNnFQUDBhRXZyTnZkWm55R2szVkdsT2EwSmNNSEk1UENBZFk0RlVaREpBM0FLMG4zR3lqVFoySTVteG1XMXRTcFZwV1pEUFJWN1BlSWRNbmxWdjQyak9zRGlOeWVmU1pwSXlLUDJZVGhJTXl0V0JQdnl0ckR2cTlkT0FkOG04bUVNcHV1dTZENDVyMC1Qcll2aFBHbDFoQjFud3ZvdVg2RllqcEwyRks3VEZ2enhFWC1qaGRYRkJfWWo4WEFoVno1SWRsRzJsR291dUM1RTB4emhycG9GTXEyM2o1NzBKb2gxSVJVbzJCeV90UQ?oc=5,ANI News,"Wed, 22 Apr 2026 07:00:00 GMT",2026-06-14T20:40:14.426486,cloned_websites,True,False,candidate,https://www.aninews.in/news/business/dehradun-helicopter-operator-warns-pilgrims-about-rising-chardham-booking-scams-issues-free-safety-guide-as-2026-season-opens20260422143024/
automatic transfer system Uttarakhand,Elder inaugurates facility in Dehradun - Projects Today,https://news.google.com/rss/articles/CBMifEFVX3lxTE5UbHBfZDRzd1E5RGNsb1N1amo5NGtCcklER3pJSHZnT2dsc2NROGdYNHRnTUZhOGRDWDhiUnJtTjY2TXNSTTU4SmFmc3h5TlFfX3RkdW0yNUtVb3NUa3d0MXNaNEQ4QlVpUnlIS1FKdnBnTDZMWGFKTHgyeWU?oc=5,Projects Today,"Wed, 10 Feb 2010 08:00:00 GMT",2026-06-14T20:40:15.965462,automatic_transfer_system,True,False,candidate,https://www.projectstoday.ai/News/Elder-inaugurates-facility-in-Dehradun
automatic transfer system Uttarakhand,Uttarakhand CM Pushkar Singh Dhami Disburses ₹141.66 Crore Pension to 9.47 Lakh Beneficiaries via One-Click DBT - Indianmasterminds,https://news.google.com/rss/articles/CBMinwFBVV95cUxNVHlVVWNjZEoyeC1PQzhpN1Y5NFVlNVJUTGJlN0wxTUMtam1VZmFXU0J4cGFaRy1lVzJPVDBQNkY4Y2dIUENoTjdwM3dSTlRqWWZIeF9hYmM4clo5TkMtMVlPMV9ybWltTW82TjFVTHVzSUJLdENHLWt5Q3B0S2ZaV0NjZHBoaExjMHRhWlFqaTV4Z3J2azIwX2cxa3FJOEk?oc=5,Indianmasterminds,"Fri, 06 Feb 2026 10:13:20 GMT",2026-06-14T20:40:15.965511,automatic_transfer_system,True,False,candidate,https://indianmasterminds.com/news/uttarakhand-cm-dhami-one-click-dbt-pension-january-2026-183292/
auto transfer fraud Uttarakhand,"How a former cook, bus conductor, auto driver plotted Uttarakhand’s 'Vyapam' - The Times of India",https://news.google.com/rss/articles/CBMi3wFBVV95cUxNZlM3U0xpbW01NW52dnRBQTRtZkFEc3RGd0Fxb2FSQng4aVprWmN0dVNaMGtDQld1ZXcxS0dLVnJYNFpqN2l2SFZlWm9uYTY1Y2t4VXFJbEVUNzBFcTRzRHRHZDJ6QlhIUjVLNjNnMU5Pd3ZhbzcwSnpxbDl6UFFtUWxTeXpMUG1MREdPeU5zSTRfWERuVk0tRy1yNFpBamx6dV9FS1d3MUpDMDY3QUNOUXFmRmtSRnVmcFlvZTVHSGF3S216V0ZJd212alVXcmQ5WjJSZmtHM184alV6UHFZ0gHkAUFVX3lxTE02X2M5YjM4RE1aRWYtU1p3NmNhUjZ4RU5CTTNKRFRNVmlKZTJGNmJWZUVkeXZQVGhsU0djS3EycUNSSmhMcFU1dlVaTTc5VEdTYmd3V1lTcTRRMWMtelp3Y092SXJhMmY3RVl3bmJtdFpxaHp3UTN6NkRFb08wX01qVFhxcnNTeVA4NDZLRWFBQzRaUHRxVVd4Z1lYNTkwT3FaZ2NIOUYwdVo5Y2lfWnpfVENqNlRxTmdrUktTY0tJb2JORXgzOGtWRUd5bDdpa0hnNnBPUEZuZ1pQMndlZ3cyZ3Z0YQ?oc=5,The Times of India,"Sat, 03 Sep 2022 07:00:00 GMT",2026-06-14T20:40:19.980642,automatic_transfer_system,True,False,candidate,https://timesofindia.indiatimes.com/city/dehradun/how-a-former-cook-bus-conductor-auto-driver-plotted-uttarakhands-vyapam/articleshow/93956997.cms
unauthorized bank transfer Uttarakhand,Uttarakhand State Commission Holds Punjab National Bank Liable For Failure To Reverse Unauthorized... - Live Law,https://news.google.com/rss/articles/CBMi5wFBVV95cUxOb3R0ajlJUnUzVW1zNzE3aDRCT25UMDBoOW90YjcyeUNWbktDV01LRGVsQjJ6YllmNWF0Nm5zWmFrSHlQSG5BVXpuSXp4SGt4Wklua3VwNElWNlZmUHNISTROdENqaThUdlZfWVBNRGJYTmI0cTI1cUg1WmV2a1NGUHFSSWVyd3Zyek1iWERrb1JPTXl6TmxNZzVQOG1BX293SWJoM1NuZ0o4RHlHNnhIalAtWW5XQ0g1Um1TNnVaMnEzdXVZc0hLOUwxemlaUUZPUHhiaXV0LWYxNEJZQXFFVm5UOUtPUknSAewBQVVfeXFMTnM1U0RhbDF2WkpxNnR5OW84ejJMbWRzSEU1NURDTnpJbmFIbGZaOU11eWJQVWkwS3FvOXlZMjJMNHVtWWNSMjRsS0pPRW9xczF5d1hpaHZYZ0g1MzRnMkVnb3VRcUNOLWJ1cFZJYnN4ZlNjUng0ZU44RncyTVZMWnVMc0pVVUdRUDdMZUZ6NWRQcGc3NW5IbWNsdlpCbC1UWnZDLXhhOWNJdXJWbDJVY09nejlGSW80SUxNSlZ5WTZ1NU4xV1A3TkczbHNVakpkZ2YwS182Z0dqZ0ltVVdxTDRJY2s3alpZSUg3UHo?oc=5,Live Law,"Wed, 23 Oct 2024 07:00:00 GMT",2026-06-14T20:40:21.514701,automatic_transfer_system,True,False,candidate,https://www.livelaw.in/consumer-cases/uttarakhand-state-commission-holds-punjab-national-bank-liable-failure-to-reverse-unauthorized-transactions-273432
unauthorized bank transfer Uttarakhand,CAG Audit Uncovers Financial Irregularities in Uttarakhand’s Forest and Health Departments - PGurus,https://news.google.com/rss/articles/CBMiswFBVV95cUxObmNjbFU2ZDBzWkppVnhNZUNuNHhiYURrcXlTekw5TlBSeHo5T05EQlIwcHlwQ0ZjRkdCazVZcG92T2U3M0hYTUNNSkNSTTQ0aWR2S1JvQjcxOGpnWXdYUlJncnJ0RlZGaGpYMWFlQW1fWDZyZ0dFZkNLVGFHb29INWtXZ2tnU1VYMnltdG5qT0V3aE12ZTZNaGJOU2hsOVc4LWdHeEtSU3hmVHFsMUVUYkhxNA?oc=5,PGurus,"Sat, 22 Feb 2025 08:00:00 GMT",2026-06-14T20:40:21.514714,automatic_transfer_system,True,False,candidate,https://www.pgurus.com/cag-audit-uncovers-financial-irregularities-in-uttarakhands-forest-and-health-departments/
unauthorized bank transfer Uttarakhand,136 illegal madrassas sealed in Uttarakhand - The Times of India,https://news.google.com/rss/articles/CBMiuwFBVV95cUxOSTZFWkV4OVdfS3lyanl2WDBMOEs0Mk4xeG1ha0x5ZzMweTh4Mm1ra0ZuQ0NicU42OUhRV2hZZjRWSmlDenRGSm9hd3lGSUJlalphd0lwNXE0dS1vQ1o5OE5jVmJPT1ZfaUJ3clVzNktRUHNsS2xIWmxTeVNHR0lPN1VUbS1UekRQeTNaTnJ1c1FoSDlnTkUyV2lRYjNZeElPV1dnemkyeVlDRF95dmFtRy05dC1QZDdWSzNJ0gHAAUFVX3lxTE1IdDVkdUdwU0F6WGdHT1pYZWIySUw4Mi1tOTFTWlgtdEwxa2pHQk9RLXhsUHRCWlRkVmpieW5iOF9BVHZ5Q3Ntc2VrRTZVWmUydE5Sa1l6b0JzZUJkNHJLQ2RlYXFWQ1BnOGwwSWx1NFFzQ1p4dkE1YTBJMU1ibEtCcGQ1V0F2bXVuREZTUlV2VHRxUGVxWXdfdnB5eVQ3QlFXSW1QRWF4c29MMmFGTWsweHdYazZwb1dvanBobFd3Nw?oc=5,The Times of India,"Mon, 24 Mar 2025 07:00:00 GMT",2026-06-14T20:40:21.514752,automatic_transfer_system,True,False,candidate,https://timesofindia.indiatimes.com/city/dehradun/136-illegal-madrassas-sealed-in-uttarakhand/articleshow/119428676.cms
unauthorized bank transfer Uttarakhand,ED files charge sheet against two in Uttarakhand's DAV PG college scholarship scam - thecolumns.in,https://news.google.com/rss/articles/CBMipAFBVV95cUxPeUNBOUpvRWpYeTdKTTRzaVJHazVTSkZ0b05uQ3lWX2hFVUVqNUVhX3JZem80U1JjUWtHQklFaW04RElhSTRzUzhpeHF1OVVQMmlKbVAwY2MyYXNQcjlzOE5GOTFYN0tyZ19sWlZadXpXZ21OTjYyY04zREd6bzNueFdGM0xzbkRiRFplYTVVSGRYeWI4ZnNjdEd2SUFQUjRTMXlyXw?oc=5,thecolumns.in,"Wed, 03 Jun 2026 15:43:59 GMT",2026-06-14T20:40:21.514774,automatic_transfer_system,True,False,candidate,https://www.thecolumns.in/crime/ed-files-charge-sheet-against-two-in-uttarakhands-dav-pg/article-20134
fake trading group Uttarakhand,Uttarakhand STF Arrests Kingpin Of Cyber Fraud Gang From West Bengal - ETV Bharat,https://news.google.com/rss/articles/CBMixAFBVV95cUxNaUhjaTJYNWZqZmhzSnoxdnVfSVY4M3gxY1hyMmRITXdRZXcwRDd1T2c0YlFGYWlxWG1SQnU3OGprV1VSbXNpRXJPaHRNNnR4QkdFeG9WVl9vX3Zfcmx6a2ZjbXZlNDdMOGx2aFRLZ0l2QkM4a3Qtbl9CM0ZPZGR4YzZEbWVNd2hOQWdNS3U4NmJTUmFKSVNveC15OUNseU8wNGVvSlRqa2lnUFd4OVZMUEs4bkJfR3BBVjdzSm4ycHQyTmM50gHKAUFVX3lxTFBfdENzNlpYSWx6SDFJdkVCcXVYbVdYdUR6NUhlMVk0RldRZlRSNFA5Y1d3MG16NjBaa19FbGdxeHdDeDhuQzhuOXdnUjZUcUFrZm5hUmFic1pKRDlZX192bjZUZEowSnc5T3JCUEFOLVNDNDRKZlBqWmJlV1NXSmNGbmRHSlF0WXAxTWFNZ1hvLWdTSkpvTkFVeDZVZS1sRlVWd0xaNmVXM1FHTWMzX2U2dHNRbW1PM1lJS1NqVUppdlZQTW5aN0JjNUE?oc=5,ETV Bharat,"Mon, 09 Jun 2025 07:00:00 GMT",2026-06-14T20:40:25.156193,fake_social_media_trading,True,False,candidate,https://www.etvbharat.com/en/!state/uttarakhand-stf-arrested-the-mastermind-of-cyber-thug-gang-from-west-bengal-enn25060905834
fake social media trading Uttarakhand,"Uttarakhand Police arrests over 1,400 criminals under Operation Prahar - India's News.Net",https://news.google.com/rss/articles/CBMisAFBVV95cUxNeHZfd3dQMDV6OXdIWm41TGQtUU5RVFpYV08tTi1XQTk0UDlBNXNqbDRxX202NVBHbTg1dlpIWFNkZjMwTVlqNmxMZWlQemMtX1NiV2xieldvSEFQZ0VWX0dhSnlLU2lwdjdPWHNpWDFJX3VCc1pFRHNTZ3A0ZF90OFBwQ0xDRGxtOXZ2aTRjbEt1bzB5RURmZmk0T1gxQXhQNjR1b0MxYlpXWXk2VWgxTQ?oc=5,India's News.Net,"Fri, 15 May 2026 07:00:00 GMT",2026-06-14T20:40:27.185346,fake_social_media_trading,True,False,candidate,https://www.indiasnews.net/news/279050849/uttarakhand-police-arrests-over-1400-criminals-under-operation-prahar
fake investment group Uttarakhand,"Wanted in Dubai, traced to Dehradun – how a food delivery order led police to absconding BlueChip Group founder’s doorstep - The Indian Express",https://news.google.com/rss/articles/CBMi_AFBVV95cUxOMk4wSnNsdnp0cUY5ZVp3ZnFCdDBhUm1IeDVPeHVrOThFQUhIQ2JscWJ4dVBNdHJlQldYWFJkTlp0STdjS3JweThGNkdOM0hrOGRtYm5DNV9kdVdHdFNNWnVVOHRndVZ0aXl4OHNtQmxjMVpGaVJjQkxYcU1GY0NrZ1dUVG9YUHhCUG5qcjRpZURKdXJ1ZHBtX3dBc2tzeFU5NGhHMERVWjBKbXU4bVo4QjBsNFFGUnFFTVhZNUw4bXoxSDBLX3lRdmYwc3RVSG1mYlZUVVIwVUphdHFtS3RSSWFDS0hhS2w4YnpzR3ZyTXdJb3hFamlVbHF0eFjSAYMCQVVfeXFMTmktWlRYTXFEdmVoWllkQ1k1OW03QzY1SVZaM1lNS0szQ0kxZ0JQX2U4N0tReW9mTmw0cWFaNmZCV1N2ckdDYVFobG4xRHFMbWQzbnNieTlVQXQzOUtTcG9YMFVsMmNJVzEzYzNqdEQtUDdzNnZoMjQ2WlY4VG5SYmdkSGprS09qWWhxd0RUMkJIZks4YnFOWWlzU3diR0s1dnVoWXBseWNxbTdpT211SV9HWE9tUFcySVpfNkNWdkZtU1pmaHF3bzNTNm4yZEliQ182ZzlFU29HdlM0RDNHcEEzWFc5aGRsLUtJV2dpZTRicUlSYTZFWV9jcFlzNUJkMTFBRQ?oc=5,The Indian Express,"Fri, 05 Dec 2025 08:00:00 GMT",2026-06-14T20:40:35.655207,fake_social_media_trading,True,False,candidate,https://indianexpress.com/article/india/wanted-in-dubai-traced-to-dehradun-how-a-food-delivery-order-led-police-to-absconding-bluechip-group-founders-doorstep-10403028/
child pornography Uttarakhand,"Uttarakhand HC Directs Ban On Porn Websites, Suspension Of Internet Service Licence On Non-Compliance... - Live Law",https://news.google.com/rss/articles/CBMizwFBVV95cUxPZlNhRlZzbU90cUgwZ1FiMFJYXzBBN2FFQU51bnJaLU1xbElaWmoyaXRrYm50dlpkUlIxblB3S0M4WTVhblhURVZ6bUZSQ2ZlbmE4eWRKcERxRmN4cVhnQ19BTWUzV0hPTHBjRC1PU2tYVEhvRTBKajQ3dW10ODhyeTBmekt0RGpKamxzNF9ZaWNBUlZtQ0luQnIycHl5ODc1UzJRT01YZndRWVJRUFdxTDRwdi1JT3ZrWWRLb0M0aGpqVXRmd01JUDhBa3YxYzDSAdQBQVVfeXFMTkpqQ0EyUU92RUNndTJuY01WaTJ5U2EwMjBfWHBXQzZoUWZjSV92VTh5MXZBTEhWX2gweUJ3SVZVYTRrcTlLc082d0pCZkdIS2Y2YmVuQW9HYXRTYkpHQnIwYnhodE45Tk9ESHZWeG5hdzdjejJEbklQakhJNk84VUdvZW0tMkhOX1ZvQ1Nldzcxd3kwWE1mVGdUZk1venlKbzhvWFdLUEN3MUZJQ0JwUmRnd01tbWhLdzJTUlRVS3kxeGVuRXZfOHNveUt0LWN2eG1GUnI?oc=5,Live Law,"Fri, 28 Sep 2018 07:00:00 GMT",2026-06-14T20:40:37.523353,child_exploitation,True,False,candidate,https://www.livelaw.in/uttarakhand-hc-directs-ban-on-porn-websites-suspension-of-internet-service-licence-on-non-compliance-read-order
child pornography Uttarakhand,More effective steps required to prevent human-animal conflict: Uttarakhand CM - The Times of India,https://news.google.com/rss/articles/CBMi6AFBVV95cUxQRElMSTRVWVpwR3M2NGJPWldFVVZlUFROSExRUmtmZnZMN3dXSEs4N08tRFRydjhtSDNVUHI2azlPWmVCcHNhVXRlQ0xLaHRUdjZHZHRvTV9Ocy15VHRmRTlET1RhdnhaQjVpa0I1UDRoQkJrS2dPaFcwRWV4UDVobUxVX1ZQUzZzcnlDQ3AtajZKeFI1dFdzQ0ViWmJMX1Bydk1qYWpJSWx6MjQ1SFM0VnIzV0pHVkNXVE1yYUxXTzFEWXBFQWxGSGEtX3luQ1A4VUg1REYzdXA0QjRja2E4RWQ3MVdwUFp30gHuAUFVX3lxTE56MjFpRE02Z2NnUTVoeHUzQlNWR2RjaFE0Sm1nM2NYQnlYdUVkcGtUTXBZVEpEV1NyLVhQS2p5U1AxLXd6Y3htOVh2ZkhhX3hxbmpCNVNjUWp3bHlyWl9vb1NVcWcyM1Z3M3ZSNTJ0RGFrTnJxb2h6cTNGbnZ3bTI5alN1MWU4b1kzaVYwVGtwRllxQ214OHVjdHB3TjU1WVVUUVY4aTI0ZE5sbktJdU9WQ1ZjMjRiOWdkU2NYX1lmRGxSQVo4cFMyTVV5VFhlaG5MOU9FWjNxVzg3OFVlTHJTREJvNjdka1JNV2hORUE?oc=5,The Times of India,"Fri, 19 Jul 2024 07:00:00 GMT",2026-06-14T20:40:37.523366,child_exploitation,True,False,candidate,https://timesofindia.indiatimes.com/city/dehradun/more-effective-steps-required-to-prevent-human-animal-conflict-uttarakhand-cm/articleshow/111870118.cms
child pornography Uttarakhand,"Unending rains: IMD flags flash flood risk in Uttarakhand, Himachal, Bengal - The Times of India",https://news.google.com/rss/articles/CBMi1wFBVV95cUxPbDEyN2dLcnFJWUFxSWkxNmRjNTI1ckk1MjFSOFg3STVUS0hBZWZkRjJtVkV2R3N4Y0tTNFJIN255YnhGalFLdmNlSXQ5MXROYkhtWGdYX3dNa1pPcUMxeGhKeVViSVRaUFdkMGFfTFA5bXhqbjRQV3ZqbXEwYy1FWURkWjg4cmdISWNXVU5OUzU1b3Y5RWNBTEQ4S1hSZDRTOUZ5T204S3dKU0RROUR4bHZyR1VWQk1FM1o4dVRoQUZERUhOZERrOGRFREpQRzRURERPSFQzc9IB3AFBVV95cUxPcjhaUUY1b1VqMVZfcGROM0ItVHZIVGUzTzROak1BcmtnQ0hPWUFWSUVSQURDYjltaUN3bm1TZldnUVVGdnJHS3hjbTIxXzNiYzlvcnBCZnMwWm41amdKaTNCT05xMDlaV0JFMlg2bmZoMFBHSTFvWWtZSDhIN0l6MkhLeTRmOWhnQlYwcVF0VndvVnQwSlYwUEJqR21IelRvR1dtV3REMEdnc3dHdUJBeGlIanIxM3Z5bGNBLUZUSHdMT0xTUFVxYW1OMTBYOS1MZE5Vc0J2Z00xQ3J3?oc=5,The Times of India,"Sat, 14 Sep 2024 07:00:00 GMT",2026-06-14T20:40:37.523405,child_exploitation,True,False,candidate,https://timesofindia.indiatimes.com/india/unending-rains-imd-flags-flash-flood-risk-in-uttarakhand-himachal-bengal/articleshow/113335162.cms
child pornography Uttarakhand,"Uttarakhand to set up district-wise sterilisation centres, AI alert systems to tackle rising wildlife att - The Times of India",https://news.google.com/rss/articles/CBMikgJBVV95cUxNdHI1eTdvTURzUUVQY2s4MzRwbWJ2N0g3OGV6OS1EZS1OMjQ3R1dmYVRodE5jSjc4emg3ZmxEOTRfZDJFTFkxb2RKWnFsWDZGbUpwM1VKYkp2d3ZfUUhBblRzMkhsZEVMb2RJaHdPMmdUV3dJemxOaWRlR01qSGZLMUhzNHNjdjF1TnBsZTZhRnVETUVvSWVIWDVVVmZpT2hKYlh3VGJzdW9zeDlxZXRfMzRrcGdWZV84SVdYcFVjZUtGODF4YWt3aldWSXVkYk10UTB2STJvNUh1eXJLRWxsTU0zZk5kLXQ4U3NaX0ZHVEhKaGRDY0hLdEpRc2ZQajRHSFJhRHA1RmlxcmxyNnlnamhB0gGXAkFVX3lxTE9IVkJNVGVXV0x0OE9oaVBVTlc5MXpkYXZrdFJ1R3I5TS1jXzdUTWZ5b3BxS1Q2d0dNYTV0YWJWTzJrSXFsOUhYYy1WTmR6dU5iS1ZpYWNHS2NiZUY0ZF9VN3Ezb3lEaGhnUzZacmRLWEdjeFhoXzFkMkd6QWI1dzBqZUdRcFp2VElGclRtVFhPOXNoX3F2bDRROVF6Skk0UDY3b3FkUVlWT0lTYlk2UGt6VkZEREJNbThBNGh1YUdSa01qUUJucG1Wa3RTZkh3VHlsdDNlcFFEV2RlUnAzbTR3d1lyaFpWUThRU09rbERaZ3pWOFBGOTFlVDZqd1UwOE1ydGFlMGxqaUVBeGdadzN0azNQWWRvRQ?oc=5,The Times of India,"Sat, 20 Dec 2025 08:00:00 GMT",2026-06-14T20:40:37.523417,child_exploitation,True,False,candidate,https://timesofindia.indiatimes.com/city/dehradun/uttarakhand-to-set-up-district-wise-sterilisation-centres-ai-alert-systems-to-tackle-rising-wildlife-attacks/articleshow/126096500.cms
child pornography Uttarakhand,Stargazing on a Mussoorie peak as Uttarakhand woos a new kind of astro tourist - The Indian Express,https://news.google.com/rss/articles/CBMiogFBVV95cUxOb00zSEFNV0J3VzhHZ3BPRXFlckE0azJJN1NwTmpfY2Z1bEhRZUN3eTJ5M1hPRFhCQTVVSnBnRDFmRGJza3B6MkxSRGRjdjVzTTZrMXlrMldKRC01MjdkZmJERVUtM1NyNkJVTjk3MFgtaGJmWmpUbVZLS2s5d0MtbzVDeDZwbTM1aS1HVjZ4bDV2OHVYa3ZjTlRHeGRhMWlHUmfSAagBQVVfeXFMTTF4cG1XN2ZCenhtOXpXY3JWcU9KWEdIOEJvMXBIdUJGSUxSaVZkbHNFR2lvaExiM1I4S1hIMy1LbEp2WmU2Zm94S2NldFZQZWNSM3FmWFJKRFhtaGJ6QVBRalM4SkZITzREQ0R1T2pYTnNvUXNiWkxfa1JuVHJtQk5RSjRPZkJCWTdacFo1a1dBQm84cFBnUjBpeUpUOXlRb2hIREl5RXA5?oc=5,The Indian Express,"Mon, 03 Jun 2024 07:00:00 GMT",2026-06-14T20:40:37.523444,child_exploitation,True,False,candidate,https://indianexpress.com/article/india/stargazing-mussoorie-peak-uttarakhand-astro-tourist-9368468/
child pornography Uttarakhand,Uttarakhand and Nepal’s Sudurpashchim province hold meeting on agricultural cooperation - The Times of India,https://news.google.com/rss/articles/CBMi9AFBVV95cUxNdGZld1VkVUJsQm01bVVSNV9XRTJQNkQzX05ObTVKd1lncmRlcVhnbHV6allYd3BZaExOUGRiand5anZVWTU4d1l5QW5ON1Qxb3BKMWRZdTNScjYteGNsUzNsLU1WNFViZjdsZ2xUamN4UlZIQlpaMm9OM1VuQW5SWkZXRml1ZFpDX2lzWExVNGpSY1lSTXJCUjhnY0FzMHNER1lhT2JKb28zWDZ1bWhjNEREdG5EbTJmOTJ4NGpxOVpIZW5jNGNIMnJnbHFMYllfYnhISTVSbVZWZVhGNnltRHdTVlZQV3lhS3JlNWlIdjlEQU1O0gH6AUFVX3lxTE5FSDRXb2dfbE1JOTRIQkhBZDN2M1llb1dCZlNvaVlFSWxQeVlIVnhoUXZHMjJkekE3T3NQRTZOb2U4ako5Si1LMnpZRkt1Q1A5ZkpDcjVSeVRvdFdhOFFvc2dnZ29aX0oxZHVjVGdDOHhYTnBiSWNkYy1vTXZTaXVEX1lFRUZZQk9aNUt6RnVGUDlNZnRfQlFhNkRYN0kyS0ptVVZKNDBab191YTBqQk83SjZxLWlsNHhNWklqLXR4aDktWVFmdmJPYXJtTE5udWpvVXdjNmd1MlMzSW83dF8xTl9tQzdGUUZxN2xCZV9UTzBuZjljMG92eEE?oc=5,The Times of India,"Sat, 03 May 2025 07:00:00 GMT",2026-06-14T20:40:37.523481,child_exploitation,True,False,candidate,https://timesofindia.indiatimes.com/city/dehradun/uttarakhand-and-nepals-sudurpashchim-province-hold-meeting-on-agricultural-cooperation/articleshow/120857494.cms
child pornography Uttarakhand,Do fairies still live in the mysterious Khait Parvat in Uttarakhand? - The Times of India,https://news.google.com/rss/articles/CBMi4wFBVV95cUxNeHNaczJrazFXVGpucndTdzAyaEZmeVVYRlRNcm1sbUxja1V4bkJLaE9BeklleFdJOWxkTjhYeS1vWEpzOTNnTE8wYTRNekxzN3hCVkpSdE4wSGZRSzZQRmhLVmFHLUlTSEJSOVFUczI5QVMyNkpPN1pzREJuVkU4ZW5hb3h1LTVXV0NMbkpTUVFJZmdPUzJXM1hxbDVFQno4c3hfVkR3c1ZqaGRPSjhSZTBLcnNkNzljeDlyV2tWSjI0d0NJU3hSbDBMTUxFRzJyZDdQdlI2bUVfWTdmSWluNzVPVdIB6AFBVV95cUxQNi16RE4wQV9BQmlFd0dQakt0RVpORFRYYTJjRWpvVldOVktNd2RXeW9zYmN0ZWdFVDZVWE0tMlhKc0VBWmlJNlFKNXVpRG8zY25tdEdpOUFONFFtV2dRNnFFbk9SRE9iSzVUeXcxRFdrOUdnRWtHT1pxSzFpeGVwajNmalYyOC1IdWJyRWZQZUFXT2NVMUx6b205eF9UemhieVV5Um5Sejd3OUh6NWZUMzFQUHRrcHZydTc3S1hBWnlMNDVZd2hjZXpmS3ZsWFRla0Z0Vm5XTFJiTmlHeDUzZlZ4SzdLWkJo?oc=5,The Times of India,"Mon, 08 Jul 2024 07:00:00 GMT",2026-06-14T20:40:37.523493,child_exploitation,True,False,candidate,https://timesofindia.indiatimes.com/travel/destinations/do-fairies-still-live-in-the-mysterious-khait-parvat-in-uttarakhand/articleshow/111583668.cms
child pornography Uttarakhand,Budget 2024-25: Uttarakhand projects 6.6% economic growth rate for current fiscal - The Times of India,https://news.google.com/rss/articles/CBMixwFBVV95cUxNODJ1aVZhRno1YldCTzBiZ2x6VVBVTm5aUGV4NVRoMnFEbGwtOUNSM3U2VkhBVkZWMkpydmRJTDBWcGRvdnVDOW14UzJwYzYzbUxCSEVEWnAwSGZUQ1dLZUJKbnlLMXlXOW1JZ0xqcjROLWVuRmZUQTAwUWplYzZIa3JIQlRRTVVRODd1azlUblktYVVucTFWUFJGN2NUV3pHVjY0Q1RqT3dhUHBNUFloZ1RHcDAxZk94dlEyT2UxR1BDQ1Q2Q3ZV0gHMAUFVX3lxTE5HTDFCS2VLOXpIVUh3d0phaVdvTUNMd240R3NnMGdPZDY3TzNMYm9FYlJXczFwUVBJQjcwUWdOeXRJWWlzcEY3TWJmTGZPeTNreXRTbXhHSVZhU0VPQ0NTMXo3MlpnSVFiemZCck1lY0hod052a3hYOUttV2ZyOGNLSmk5MjFaOHNjMVN2cVZDVDVwcFgtd1ZCUHJUVWx6ci01LXQxQ09PX3RiVDRYZEF2MEs0bHhtTGo2MV9FcDdTTVl0UG1fUDFfcGRzOQ?oc=5,The Times of India,"Mon, 09 Jun 2025 07:00:00 GMT",2026-06-14T20:40:37.523505,child_exploitation,True,False,candidate,https://timesofindia.indiatimes.com/city/dehradun/uttarakhand-projects-6-6-economic-growth-for-2024-25/articleshow/118425424.cms
child pornography Uttarakhand,"‘Possibility of greater quake in Uttarakhand,’ warns NGRI chief scientist | Hindustan Times - Hindustan Times",https://news.google.com/rss/articles/CBMi2wFBVV95cUxQcnJ6VjZLZG9RR19IdXVMbUhOUXlDWlBiaHN3Wkp5aEp4aXBEUlhJeVE4RGtMUmRzRHJJMnF0THZKV3hiM0JGMFFPZE9ZeVZpQ3NGcS0wRTdIRHB0SVYxN0I3Z0R6RzRLV3AwdlFHRF9kYXd6OHdJV1FrMHJJZEVKVEN0dElocFQ2NlhhbjlaVy0xNkNtVGhydThleFZGZGxQc20ydkZkb2s3VUM1amh2LTg2bGY0c2gtMjZjQmhoOW8yUWxZSGhnRFVzTk9GQ2hJN3RiREFQem5zMUHSAeABQVVfeXFMTmJfYUpMeXFOazhHSTlUVWFpY0dnV0dNZTM5RGlNZnlZOVZEeFhoWGVnTXZuUjIwWWdlVURHY0JZMUMtWkNWT2kyVmVzMXFoZ0czcGdqN0lFUGFXTmN4S3drU04xckM2Z0xHaVYwSkRkR3BEMnlfY3lLcUo0VVdYUFA1R1M0dkFubTdUQ2MyV05IMHNMNXBWNkNVUVpXYk9YeFliZXVrenlDbDBLRlU2dFkxR2tpaGxRV053cnRMTVBmTkFaSXNOX3pQMU5QSDV0ZHRobHVOa21pd3hYUnFwa1o?oc=5,Hindustan Times,"Wed, 22 Feb 2023 08:00:00 GMT",2026-06-14T20:40:37.523549,child_exploitation,True,False,candidate,https://www.hindustantimes.com/cities/dehradun-news/possibility-of-greater-quake-in-uttarakhand-warns-ngri-chief-scientist-101677037958527.html
child pornography Uttarakhand,Kedarnath banned in 7 Uttarakhand districts after protests by Hindu outfits - Business Standard,https://news.google.com/rss/articles/CBMi6AFBVV95cUxQaVlXdXNaUWt6dVZkQzZHMFRoUVFhSlVSVkd0MGx5QkFVaXEwU1hSUHVTLTJWZlhYcjJwc3N2clFTbUF0UURRanVmazVTSFJQY3R5UFlhZGtybG5qZjZGa1YzMWZSYloydlZCZkUtRXFYb3VxSWJGeXZZQWlLTkdid3ByaWo4dzhVX0FwU0M4cTFsX1B2M1pwOTdpakJ4U3JQOFdLLXExSFZ0d3ZCazVKMHRKZ1otV216bE5hN3hhTTN3ektwSEItOVp2YlBGNGtia3Y2bkcwaFRMUFV5V3JhV2k3NDFpT1VH0gHuAUFVX3lxTE8xdHRqdWRWMHQ2SGF2bVh5RF9qUTRqVDVnSC1aMXh3M2p0eVhjbTZyMF9fOThJSFFyNFZid0ctd1pYU1pyYXVoc3R3RzN1TUttM2RTanFfX21aZThQN1FlZVB0UnVCQmg3ZGR1RnpMenBkbTZ4V3hid0ZkM2FKaXRjOHlSMjdyYmliS25XWFlGMXRNYWVOSUpxS3ZUQ0ttN1R0dHpZR1VEQk80Tm5hOV8yS3FmaXVaSmVXNnlRQVdVT1E4aldsSWk0cHY2dHRHTHRjVElONW1Kc3BjSi11cG5iNDFYNWVIcjBWUHFoa1E?oc=5,Business Standard,"Fri, 07 Dec 2018 08:00:00 GMT",2026-06-14T20:40:37.523564,child_exploitation,True,False,candidate,https://www.business-standard.com/article/current-affairs/kedarnath-banned-in-7-uttarakhand-districts-after-protests-by-hindu-outfits-118120700361_1.html
child pornography Uttarakhand,"'Access to porn having adverse influence', says Uttarakhand HC; Urges Centre to implement ban - Oneindia",https://news.google.com/rss/articles/CBMiygFBVV95cUxOQ2N4d1kyU3pFZ2FuX0tyUmctZ1pNLXNmWjV5V25TZ0dqajk5N09TcFg3WW9vR0haNTdLQnFkempySGpJbjhiVnA0ZFVUcFdoSTdOemxTUVM1TkFVSGwwR1A4eU5sRWp1a0FCcWJndFNLcUs1TWJwX1RLSGFzbDlEZ015ZGwxcDJ0OHdmc2YzUTFKRGFFWWtqMWlBLVI3WDF3MzdYeHNCbGJteXVSOFJrdXV1RGZQMFVPQ0N4Zk9nWmNZbE56dnpyU3ln?oc=5,Oneindia,"Fri, 28 Sep 2018 07:00:00 GMT",2026-06-14T20:40:37.523599,child_exploitation,True,False,candidate,https://www.oneindia.com/india/access-porn-having-adverse-influence-says-uttarakhand-hc-urges-centre-to-implement-ban-2784464.html
csam Uttarakhand,On Cam: Uttarakhand Police SUV Enters Crowded AIIMS Rishikesh Emergency Ward To Arrest Sex Harassment Accus - News18,https://news.google.com/rss/articles/CBMi6AFBVV95cUxPWjlTWVBnaW9qbUdFVGIzMkNXVjU1bFR1RWZOZ1htWTNEM1k4VXBXVkNUajJlRXZINVRKZVBDcmZMcFpsYk8wX3lma2UxVF9hUUU2bEtMRHhNamN0dVNaamcwbEF6LUlDMXN6ckJqNGZzTVBUUTF5Y1NHZmhGUy00SEU2Nm90c05KQ1RfcVV2dHZHN25wV19tazQ2MF9OUEl5N3VhZnFMbHRiZERjOFp6VHlraDlLMUJ2Q0swcGplTzVIMmRLcnFaZXFmTXU5NnB5c2QwQThvZTg0MjdvWWJsTDNpcVZZb04t0gHuAUFVX3lxTE5DdE5iQTI4Q2ZNZmlfQmQ2Y1IteG04cHZXYkVhOE84OGhzejl0TDVzWXNrMEtxNVlnUXctZklkSU8wLW9hdHhJWnhXRnM2blpSdlBORWV1V2NnTkZ2U2p4SW5UUDB2b1ZQMEZQTkFCMEJ1T3JhdFNZRVpneFNNLURza09NQ191b0x3LXJCbmNQUzVMZndnQmRzWFpjNVpSUllSa0lPUkFoTW1CVUpad2dIWjlzR1dyZVctNUNpYTRoRHlIUlhoUU8tV19IN3Q0bDBic09QNzd3VHFULS1BXzBwZS01cnJHNDV5MzRyd0E?oc=5,News18,"Thu, 23 May 2024 07:00:00 GMT",2026-06-14T20:40:39.545320,child_exploitation,True,False,candidate,https://www.news18.com/india/uttarakhand-police-suv-enters-aiims-rishikesh-emergency-ward-to-arrest-sex-harassment-accused-watch-viral-video-8901026.html
csam Uttarakhand,"ED Widens Probe Into Uttarakhand Scholarship Scam, Seeks Records From DIT University - The420.in",https://news.google.com/rss/articles/CBMiigFBVV95cUxONHNoaW5LVklqYXdnNkN5V3NFU3JaTFIxZDVSbVl5MEtrN0JINDRNb0xoelN5NGhKYnNPdTdkQWliZ1kxaERpeFJoOUtoWjM3NnhhcDNKYW10UnRHUHBtTzBkVVNBcGpESGFTQXR1azJJcFE2VzlBTnd2eFFYa21VSHdubDFGaWpLblE?oc=5,The420.in,"Sat, 22 Nov 2025 08:00:00 GMT",2026-06-14T20:40:39.545338,child_exploitation,True,False,candidate,https://the420.in/sc-st-scholarship-scam-dit-university-dehradun-ed-investigation/
csam Uttarakhand,U’khand SC/ST scholarship scam: ED files Complaint against 3 in Dehradun court - Garhwal Post,https://news.google.com/rss/articles/CBMiogFBVV95cUxNSGI3aEJLeDNIcGhDakgzOGFlbHBaSjcwYVFYXzVNZjViNkZSR2ptamV4bl9hZTlEOTJ6N0hPeGotTDlpODlYNGtFd29LaUxyeXd0Y19Tc3o1SzdIUzN2ZjRLeF9lSWdUcHhLblJvRDRpODNidjEzQWd2cEVmQm15N0lzcmE5eHpuT0NtcHpja3F1QTluMVlhdmNjWURhcmtpYXc?oc=5,Garhwal Post,"Wed, 18 Jun 2025 07:00:00 GMT",2026-06-14T20:40:39.545344,child_exploitation,True,False,candidate,https://garhwalpost.in/ukhand-sc-st-scholarship-scam-ed-files-complaint-against-3-in-dehradun-court/
csam Uttarakhand,Uttarakhand NH-74 scam accused DP Singh hospitalized | Hindustan Times - Hindustan Times,https://news.google.com/rss/articles/CBMixAFBVV95cUxQSXhKLXFUY05zTnJndktjaDI1N29xb05rbFNqa1BWeWl1VXJwdDZpWWNqeURUeExtbHpjM2t1N3U3cnZiVnRIbUExV2JXN0dsc0oxZENoRF9kemFvOGhOZUh1eElKcEdOa3QwNmZiNWpoT21jOE5sdzc4MEFGRWpsUmRTQ0p1YU40enB4Q0FkTjRiWlAyeDEyZVBRNTlZWlZmbVZKanByQUR2RXJPWWZseHlEbEU5YWVXS2JReUllNGpfU01t0gHKAUFVX3lxTFBGa1VjTTR1NlVvc0plNGpwQXZrY1RPTmtWclpFOWFwV21vcXE1R1AzOEZ1UWViWUNNeDhiT2Rxamo5Vm9hRl9jUnV0Q0JVZzBKdTFTRkVxRXlZSmxxNjl1dWY5YUFSQUtzODh6Q1g1Tmx0ckZtVVhtMmowUTV5M1J6NTQxcktrRVowa2MtWWdHQWtYOVBETlFVbTE5SWNWbk5YRGJaSTVFNUswSXpnZngzdXRSMVZUOWkwWG9JazdNSVdDaXNxaGR1elE?oc=5,Hindustan Times,"Sat, 25 Nov 2017 08:00:00 GMT",2026-06-14T20:40:39.545412,child_exploitation,True,False,candidate,https://www.hindustantimes.com/dehradun/uttarakhand-nh-74-scam-accused-dp-singh-hospitalized/story-bQYf8lOOzJYNPhizu3hnqO.html
csam Uttarakhand,"Snow disappears from Uttarakhand's Om Parvat for first time ever, experts raise alarm - English Varthabharati",https://news.google.com/rss/articles/CBMivwFBVV95cUxQdG9vTHVPS1FTajVwZWVMbFNITWhpVUYzeDloSVBFeG9Xb0VEU3drcW1teXF0X2dUdWRCNlNOY3JOaWxwTXQ5YUhKR3FtNTVuSTJnV2tlR0xEa2JmVEp3VzVyakZhRVhhbFVYMkJzVXFZNUhsU2NvZHV5a2VHYVM2NWdJVnZkZ2hjRUlMUUNOa2pneUgzcDBEYnZzS1Y3VUczSFZlOVNocmJpUlVGbExJTWlpcHFpUEhiYTB2Rzd0Zw?oc=5,English Varthabharati,"Tue, 27 Aug 2024 07:00:00 GMT",2026-06-14T20:40:39.545494,child_exploitation,True,False,candidate,https://english.varthabharati.in/india/snow-disappears-from-uttarakhands-om-parvat-for-first-time-ever-experts-raise-alarm
child sexual abuse material Uttarakhand,Uttarakhand: Purola ‘Love Jihad’ Case Flops in Court of Law - newsclick.in,https://news.google.com/rss/articles/CBMigAFBVV95cUxQWGFRWUJaUHNWc0NUY2NmMUF2RnI0RFhpcVd1aVBId0JrZ2hOUExmbVFnUUFDaGVneG5qR3NlNGloRm5QUldaLWVFUWRWLVhRMFUtbEw5Nk04OVNHQ1FDWGdZQ1hsYjljUjI3V1RGNlNMWkUySjFtM2Q3QlRrWEhGMNIBhgFBVV95cUxPVThEd2xPSTB2dVA1S2cxd1ZiZ0RhQzh3cUhnQ1l2d1hiS3o1VkpCYWw0OXB3U0ZZcHZ1Ml9CMFdlbGZDOWdZaXI4azRZU05GcDk5ZzRpNDRncXJlTTByZkF2UWZSZXJGODBWX25HRDRuVWt0dTVKeS1qOWZqM21YT1VHNVg0Zw?oc=5,newsclick.in,"Fri, 19 Jul 2024 07:00:00 GMT",2026-06-14T20:40:41.225203,child_exploitation,True,False,candidate,https://www.newsclick.in/uttarakhand-purola-love-jihad-case-flops-court-law
child exploitation online Uttarakhand,UCPCR asks Uttarakhand government to probe death of infants at children's home - The New Indian Express,https://news.google.com/rss/articles/CBMi2AFBVV95cUxQX0h4Yy03V0RhUGFoaGFEeHVZMjVaZUozVU55OUhZWHlnZ0l5djFoVjFVcVRnWTBzTUNRZFktWFRwRTVLTWpJN3VhYnR1ZzdNM24zSmFxUkE3NlNCZl9EZmlUSkc0TzVHc3hCQWpLVnBWVHJoSU1VY254RG9JSFpkZm05bGROMTVpSE9XcDlfdmhTUTEzWklLd3BUSmpmZ0dCeXZ3eFdEY2UwTHVIZVZQelROMjNWeW5FNmdOVWlnUnZBZlRPalZ4bEVzSHNPb0JHV0xLb0xMeTjSAeYBQVVfeXFMTjJFalB1d1YwS0JHSFJNWmtzbU51cDRUOG9hczVzdmVSdDFWZk8zYWptSVZoQkpMQmhsQWJVYk1RWFdUUFc5djFmdlpkVVpubDZnRTRUeDJwN1QtN1VqemlrZzhiaEd4Y2RCSWFwVUpZcXV5bkFQMnhiUWRsR0RMLUVtOXQyazlIbm1QNmN3NDVMTGx3bDhxYjM5WHA5d0VYY2pjYVZyeHEwdU5DZ0xlQl9Yalpfd1huRmZ0OS03SGN4Tlc3Q3MyamZSNmJBRzRkOF9GN2VJWlQ2R1VfajMwODU4TC1CUVE?oc=5,The New Indian Express,"Tue, 05 Dec 2017 08:00:00 GMT",2026-06-14T20:40:42.915521,child_exploitation,True,False,candidate,https://www.newindianexpress.com/india/2017/Dec/05/ucpcr-asks-uttarakhand-government-to-probe-death-of-infants-at-childrens-home-1718915.html
child exploitation online Uttarakhand,How Uttarakhand bonded labourer was rescued in Punjab: A video posted online and an MP intervenes - The Indian Express,https://news.google.com/rss/articles/CBMizAFBVV95cUxNaU9GVnNxdGlIaHg1QVd6S0dMeVljaGJJVHN6LVRINW13X1A3UXFfUVVVM00yTXhFaUx4RFlpNkRPYVBYWHhDdVJjTlF3dFZUel9VY1ZaYXN5OElNR2ROZk9FZ0VPSXBRa2dablpEWlI4dzVSeFRtZUk0OTU0a2RCczV4UkZHem1Sb3pncVRZaDlrM3pFcERFQWdmRG94N3pJbHFPdnY4cUQ5Y1VEWTJnR2NiRUhWTEJZUHBRUi00X2J1bVRlOWRkUHVZaUnSAdMBQVVfeXFMT2I3eWFuZk5Sdzk2Qm10RkhERlZJLWZxMUphYUFZZFhLOWtLNGptQk8xcDlReGxyTjA0SHpKVk5FZ1IwWnZFaEhva2d4VGVGR2ZhVko3RGd3Q0hlUEhOYlZPM0RQWXpOUGk3dzhUd3lMNmV0Nk9NcjFpWmdxTnVtX05zUTFnY2lISGFrX2UzMW9OSEUtSVR4eE14eUg4VllqQ2tKMUFMTFFIaFlpRlp6dDh2R0R0emZSU09neXZwZVN5QmoyU09DQkxuUFd5Q2U1VGhLOA?oc=5,The Indian Express,"Thu, 26 Jun 2025 07:00:00 GMT",2026-06-14T20:40:42.915615,child_exploitation,True,False,candidate,https://indianexpress.com/article/india/uttarakhand-man-kept-as-bonded-labourer-for-15-years-rescued-in-punjabs-tarn-taran-10088727/
child abuse content Uttarakhand,NFHS shows Uttarakhand progressing on several health parameters - Pioneer Edge,https://news.google.com/rss/articles/CBMikAFBVV95cUxOYTBoWlJtdERhRDh1SnRpbkdVV2dzcld1aDdzR3gwUEhxa295a095THFFRDU2cTBtTUJNUGhRVzh2ZUVONXRSN2hzcDdiYzEybFlCUlNlQjRIV1BEUjczREhmd08zdnNNS2FzNGhRZVl2dHpFcGRGXy16NEN2QkxDb29xQXNaTEhpdDU2d1FhclA?oc=5,Pioneer Edge,"Tue, 02 Jun 2026 14:30:53 GMT",2026-06-14T20:40:44.944665,child_exploitation,True,False,candidate,https://pioneeredge.in/nfhs-shows-uttarakhand-progressing-on-several-health-parameters/
child abuse content Uttarakhand,Uttarakhand HC sets aside dismissal of civil judge Deepali Sharma accused of abusing minor domestic help - opindia.com,https://news.google.com/rss/articles/CBMi2gFBVV95cUxNNWROODVVNU15b1ZNSUNhUGxsTkJrTFp5bVozaGlXYW1hU2RsSjhlMExhaWxWSzY5Z1BTRHc4UF9qNmxvSHppM0s3SE1kVjk3VmJKU1cxUkwxYnI2aDA0QUljVHlkY1N4Wm9heldDbXRlako3clZKcHZFZE5pTy14a2RTT3pza19ROXZnd2VtT3BxZXA5aVZWTVVTN2JEVW4teWVrX1JZVGJBREh1RjJDTlRaRTBkcV92Z2JzSklZLWtLNy1FYmJ1d0VjODVzMF84clYzMnRIY0lPdw?oc=5,opindia.com,"Sat, 07 Feb 2026 08:00:00 GMT",2026-06-14T20:40:44.944691,child_exploitation,True,False,candidate,https://www.opindia.com/news-updates/uttarakhand-hc-sets-aside-dismissal-of-civil-judge-deepali-sharma-accused-of-abusing-minor-domestic-help/
child abuse content Uttarakhand,"Crime Literature Festival of India Sparks National Dialogue on Crime, Justice and Society in Dehradun - Business Standard",https://news.google.com/rss/articles/CBMijgJBVV95cUxOS1B4TWZKdkRhMjhEeGlJYjlxTlhQMUtSS1N3STJzRTNVZkRyV1ZkTTA3bUxpWUh4Ums2RzRZRDBpYUs4cTFVX1ZWSjRadVFrSDVlcFZTSjRabjJ3V0pNcFJwbGRfaTdOS1c2b3dfNWt4cklJR0JPV0pyQ0syaklvN1VrSjh6b3liRWl5NWMtVFFFZUtoT2FPQkljRG9US0pkbldSUUVya1hETldXYTB4VTBqU29UUGs3eE9QbWt2MnRCWUI2NHBWVUNmS0hoMGEwejJRNVlxZndlOGgtbTVLbWxBRWZabFFNT0lzOVJRaWRlV0Y2Tkw3WEg5SlYxWVhZRzFTR0dTdWNRWkZsWUHSAZMCQVVfeXFMTnppa2lfRnhVd1lOdTVjM2dzTkpvYzZ4Yl9Nc1pNRXFqdHE2bUsyYUdZLVBUZ0lNdmxaOVZIUVBPbm5sLTZMeV9zOXNLNWRNdXlCbzZ3MHNfeXFuZG9NVkV5Rm1wS29seGE2Uk4xUmk3VmtzM19jZ3g3bDA3d2d2UUpCTDMxNnJiQllTNGJGYlVBWG1Na1dpQ1lLNm5oMDl5bWNQdTRzRkIzc2d3eXZYS1A4dnhYZzZtWG4wX1RTOEVJRWRCWnVxVEVZVzVjUjY1VGxJdTc0d2pfUUNFOXFhQ25mbUlFLU0xcmg4Sm95S3BvLTdRVGlCcUhpRkl1X2JQVG82OUpRX0I4WUlKdDM4UF9UM28?oc=5,Business Standard,"Thu, 18 Dec 2025 08:00:00 GMT",2026-06-14T20:40:44.944739,child_exploitation,True,False,candidate,https://www.business-standard.com/content/press-releases-ani/crime-literature-festival-of-india-sparks-national-dialogue-on-crime-justice-and-society-in-dehradun-125121800005_1.html
child abuse content Uttarakhand,‘Pothli’: Creating a Milestone in Uttarakhand Cinema - Garhwal Post,https://news.google.com/rss/articles/CBMifkFVX3lxTE9tOERBdGdZU004ODhUYXhfdjg4aWhzMmJzZ0lmaGVmajZtdUo2c3FMNVlaVkFzVUhFbFlXWENseWVrajhIRXYweWNPTk10WGQzdjh5ZGRhWC02MUtVeDRtcnQ1cVo5Ynp6UEEzREprSzFtVjFpZ0lZQy1pdUVydw?oc=5,Garhwal Post,"Fri, 30 Jun 2023 07:00:00 GMT",2026-06-14T20:40:44.944798,child_exploitation,True,False,candidate,https://garhwalpost.in/pothli-creating-a-milestone-in-uttarakhand-cinema/
child abuse content Uttarakhand,"Pahalgam attack: Kashmiri students in Punjab, Uttarakhand allege harassment - The Hindu",https://news.google.com/rss/articles/CBMi5AFBVV95cUxQbkJfUUpCbWdOcUpldUoyaWVUUlNLbVBKSFc1R3pvLThBTVduQllzX01FQ0lUa0Y4RzIxNkFyS1Z5V2l5Y3hFc2l3YVFybC05c3pYZWVJSTBVMVJWSGJmM2dYZGxCbWpFbkp2VllhNzFBWWEzMnY3TElBNThnMFhFaGJKMEtnUlREM2ZzTDhUWnZDU2g5dlppX2xPLTVaY2VKVUFodkEwUDZZa3N2ajhBWVVvS3lVXzgyNVA4bVFsa0dzVUl5TUlHTWV6OUNRRXNGdnJqX0RQcy1nMXRHUnRpS2h4YjXSAesBQVVfeXFMTmpjS3hyX0tzUVoycXRlRk9xRTBHYThnZkJZc0kxVTl5LTBQNXVtT3NuWnBkd3h3dUNwSXpRX3I5NkdOWXZ6eWpxRE9NTDFmclhLNGs4OHp5SmNaQnVmNmlrVW9LaFRDcXJnbmZEemFnZTViYjFyN0s4Nmlia2ViM2h2UVI1TU96YlBNT2tXS0I1dm9ScVpaUFdGTnlBUUpRZVZlODJUOXNCbHFIS2xNTVpKeHVaUG83SEt6NVdLWUtYNUJ2UVBtZVRLNEJLTTFvMWd4Tm9veGo0dS14OXlhZFotOTRlM2t4LWZZbw?oc=5,The Hindu,"Thu, 24 Apr 2025 07:00:00 GMT",2026-06-14T20:40:44.944820,child_exploitation,True,False,candidate,https://www.thehindu.com/news/national/jammu-and-kashmir/pahalgam-attack-kashmiri-students-in-punjab-uttarakhand-allege-harassment/article69486064.ece
child abuse content Uttarakhand,Uttarakhand Forest Department Registers Case Against Men for Beating Civet Cat to Death - PETA India,https://news.google.com/rss/articles/CBMiuwFBVV95cUxPZklqR3dGQVZRWmcxVUxKS1ZIdVBhbnJKOUpoak1QMFY5UXBKRExNLU1XN2xNLTcyYktGOFU2N0Nzdmx5SWhmM1hzQlMwX1ZlQzdob3dWWThvLWlvOTJ5bExKdGhhMVhQcFdpYUxjSExCbEpOX0c3SjFTVUhDVGppM3JLUzYyMFZnNDV6REVrS2ZiTi10ZkxOaXZsVm1HQ0pDbFRrbmx5UjdUakhtdGR1SmZPcVQ5VWFSVXpj?oc=5,PETA India,"Sun, 28 Feb 2021 08:00:00 GMT",2026-06-14T20:40:44.944831,child_exploitation,True,False,candidate,https://www.petaindia.com/blog/uttarakhand-forest-department-registers-case-against-men-for-beating-civet-cat-to-death/
child abuse content Uttarakhand,"25 years of Uttarakhand: History, causes behind statehood movement, how new state is faring vs UP - The Indian Express",https://news.google.com/rss/articles/CBMivAFBVV95cUxNUXBPTUZkN2JXblQtcUNMRmwyN0ZWX0dEVWhzaGtlX3lqMExLbFd3dHNVLTZjWGhWdXVpbkI5cGIzenp3N1gwaVRoeHZEdFh6MWw3T0Q3YXB4TlVOVXF4VUFCM1VoblI0ajBidGIyZGZqb1hOamtxaUtWcjhCNkUyM0ZjYzN1X0pLOVJYejhuMjJ2ekwxQXNfTzdTVk92ZVhsR2Y0QWtqT0pWM3VsMFI3SW14b3hYdTFlU3lrRNIBwwFBVV95cUxQVXVndU9fYktxVV9vSU4zdkVjdjNxMjJORmdsOUJCMWwxeGprd19pNG1IZlpLWGl4OGFBazdDQnJ0WG9tZ3hEYTVvOUpBbnFfU0pvTVp4S0liOUhJdHhfN3QwSkZkSU5Ydl9IVzhwTmRTOHBSSHdseEVqUVdRTXB4cDc3REZudHZOWnpmSk4tQ1cyNXBad1RHNnI1bkJENlByUmRoZFhPV2tvVktXSE50RE90VzhuRVNaSGQwTkV0UjdxNG8?oc=5,The Indian Express,"Sun, 09 Nov 2025 08:00:00 GMT",2026-06-14T20:40:44.944883,child_exploitation,True,False,candidate,https://indianexpress.com/article/explained/explained-politics/uttarakhand-foundation-history-causes-statehood-10355235/
child abuse content Uttarakhand,Vatsalya Ganga Ashray inaugurated in Haridwar - Pioneer Edge,https://news.google.com/rss/articles/CBMieEFVX3lxTE9VRDFLRGMwcUZRTUpMd0RTay1ad2hSU01fWUFqYzlXQlB5Tm5nZjRoejc4eWRLd1p5N2tobUJ4TVlkakVDNmJhc2JoVzRtaTF1RkQxc183OXRzai1JTU9ra0JEVGZWMFFZQURfMXhBSmUtaWx3QmNSZQ?oc=5,Pioneer Edge,"Sun, 01 Jun 2025 07:00:00 GMT",2026-06-14T20:40:44.944966,child_exploitation,True,False,candidate,https://pioneeredge.in/vatsalya-ganga-ashray-inaugurated-in-haridwar/
child abuse content Uttarakhand,Introducing fbb Colors Femina Miss India Uttarakhand 2018 Sumita Bhandari - femina.in,https://news.google.com/rss/articles/CBMi4wFBVV95cUxPY01zdzlPSWZyeXc4NGw2TkVYTEUxdi1TV1RkWkh5UHIyWXh5Vlhqa204ekVNMVMySWRrNVlSS1N3YmJoS3NCczA2WElnR3RiVm9TNnhtUFpjU3ozVHM4VWpsYWxkNG52R3Vic09jUzlGams1U0ttQ29LOHlob3Yza3E3VUhURDU0a0pxd2tDaGlHZUtnN3o5UGtsaVM1N0Z6djN0elo0a0FxSnB6WjdIaU54blBMMklpWWlybm50UnIzY0VDYndtbEpxTnJpdDFkRVRKclJ4T0FQaXNMUTZhcjJtWdIB6AFBVV95cUxNVHJ4NzdmLVdoLXpqeXpydEVfNE9oU1JKNUpoUFV3aS0yZVgxa0JHOU9obXZVSEhMMGFuZEJTWEJmTWphVmdodWYtTUxpeEhpRHVleE1Pc09wTXZVb3FHU0k4VFdvdE9wSk9RbUhvbGpJdXpCdWJHNzJTaDBtRVdrTTg1cmhUSGZDa0pnNkhON2tHVHpOcVZWRHU4RzlfRXJDb08wTl8yb3RRUkhiMU04T1FoX05PTTJKVGhWcGdCU2Q2ckNxQno1UFVUYUp4T1NLRm9Bd1AtbWdwd1FPV0RuODllVzJrdDRh?oc=5,femina.in,"Sun, 24 Mar 2024 18:39:05 GMT",2026-06-14T20:40:44.944989,child_exploitation,True,False,candidate,https://www.femina.in/beauty-pageants/miss-india/introducing-fbb-colors-femina-miss-india-uttarakhand-2018-sumita-bhandarinbsp/videoshow/64289328.cms
sextortion Uttarakhand,Mastermind Of Sextortion Racket That Duped Goa Businessman Nabbed In Dehradun - ETV Bharat,https://news.google.com/rss/articles/CBMixgFBVV95cUxPMWJ1THpYSmJZOXo1N0VmNFN5NVRIVHFBdFZ5UmZ6TDdqN3ZsQ243RnowaHdSSkNsN2ctLVZuWXR2MWR6bzVLbG1tNTVfeWtUUGR4cEdGd21lSUhTcDc0TE5tZGtYdzduYTJCanhhNnZ1MTllOS1MZERPWHU1M3FNZnYtUWo3SUxva241Z3hCbXRqSmRudWlVRW9CWnhNM2xvOE43YkVEekxvQ2RmSVpxSk1KdUJxVnJlZUVwekkxdl9YSXg0T0HSAcsBQVVfeXFMT2pTeGh5NTlXRFJ3Z1U2QXhiMmkyTkRHc3diVUgxNjFQNzMzNjF3Z1lvd0cwWkN2anlVT3J1bzVmZ1ZXN3JYX0Y0OW5mN3A5RE1MSWNSeEd4Y1BuT1d3bzRrbm54WnJOOHNackxYYXZVWW1SWnhlVHI3Y2MwdnJJQ1B4ZzVXRnlKTnRic0tONnpmXzNiNmRTS1FtcEVldFJvdnczcXl1a3c4YTNPX0FQZXV2RVZNeldndTUyZmcwTGR5MlNhcjF6V1RsSzg?oc=5,ETV Bharat,"Sun, 24 May 2026 07:00:00 GMT",2026-06-14T20:40:46.426492,sextortion,True,False,candidate,https://www.etvbharat.com/en/state/mastermind-of-sextortion-racket-that-duped-goa-businessman-nabbed-in-dehradun-enn26052402685
sextortion Uttarakhand,Goa police arrest alleged mastermind of interstate sextortion racket in Dehradun - Daijiworld,https://news.google.com/rss/articles/CBMid0FVX3lxTFBrbXk1SFJmbmZWcVFiaFp4UGFOSnJ3akpoR0d5NXZPNVJTSFIzZnctc3p0NkVTSGt5OExraXVvNFlKa0pnakZ5cVo2TDNnWGhxbWNab1kwZE5xUURjOHBqdmlQX1BKTzBraWVXNGtPVzFQSm95TFdB?oc=5,Daijiworld,"Mon, 25 May 2026 04:23:13 GMT",2026-06-14T20:40:46.426534,sextortion,True,False,candidate,https://www.daijiworld.com/index.php/news/newsDisplay?newsID=1315374
sextortion Uttarakhand,Mastermind of Mapusa sextortion racket arrested in Dehradun - Daijiworld,https://news.google.com/rss/articles/CBMiakFVX3lxTE9NeHpNY3E1ZXlLY1JyTF9Zdk11WHBNMWlCeVB0ZGZmTi05Z2lZczBJRjdOdFVlZHdwaDlWWmRDUW00MmF0dUxxaWd2eTkySXFBTHJmQkRQWWhQRFo4a0NkcjBvUGdvLUMxNWc?oc=5,Daijiworld,"Mon, 25 May 2026 16:25:40 GMT",2026-06-14T20:40:46.426540,sextortion,True,False,candidate,https://www.daijiworld.com/news/newsDisplay?newsID=1315448
honeytrap scam Uttarakhand,"Uttarakhand: Honeytrap racket busted in Udham Singh Nagar, 2 held - The Times of India",https://news.google.com/rss/articles/CBMizwFBVV95cUxQRHNwbDRPVnZmQ0pNa2ZvelhhZVZ2MlFuNmFtYkw4UUd2ZlZ5cDJrS0FZZWZCUVBFejVvdlZha19DdW1hREt0N3d3MXNINHd0Xzh0U2tZdmduOElVNnBOLUNKekNpdTFhdC1pYUx6azNWSjZIWjBwdEw1WXRWRHZkZUhnYWZ6VmFNSHdCbDdYYkpLU2REMUVvWVI1MnlBYXdUQkNBLUNCZENQY3NGQ1FuT19Ta3ptRk9KSVE0NnlrTjctMnQzTWNLWWNObV9zM0nSAdQBQVVfeXFMTlRoN2p4MzIzVmhJUEo1cnRXenctVnVMMFgtR3ZyRS0zRHBZTTExSjhPVV9hT1JZNHdaRC00VzN5UVlyczZtSmptb2xDYlBJSzVBVS1QOVktMVE2SGVPUF9uMnBpc3JNeHIyRHV3QWh4UUxCY0tEVFhCaW5ENXB5RmJldjREMkhsUEszOTEwM3RkSUVYTHVtVndCNUd3Vk1GQThKQndVeEtfR1JrcHV1SW0wcE0xSU9FbkNyQ2RwUjdfbDV6a1NadFJET3dia3VfTzdvQ0w?oc=5,The Times of India,"Tue, 19 Nov 2024 08:00:00 GMT",2026-06-14T20:40:54.273608,sextortion,True,False,candidate,https://timesofindia.indiatimes.com/city/dehradun/honeytrap-gang-arrested-in-udham-singh-nagar-for-extortion/articleshow/115367752.cms
morphing Uttarakhand,CBI books former Uttarakhand CM Harish Rawat in horse-trading case - The Times of India,https://news.google.com/rss/articles/CBMizgFBVV95cUxQWW9ocW4xUExNRHQ0Z2FZLUQxbnNXem1SMVo2RXlheHJuRWJBZDFpRXlpTW50MXZKT1RHaHZFTEp6SjIyRUQ1Q0ZTQXlXUHVZS2FiVURUZklUWmRKWDFnZUlzWjg1UXJfNDFKdE5nN3h2Q0JSbXVvOFhCTlA5WVBEZ0h2STV4b3NONUVPSkJMZFBlREltMGpldkhuemNuQ3VRcjIwS04xZ0V6eFBnVUJ3N21DQXJEel93VDk5VF92bGNCbjhLTjB0ajdXUnJZQQ?oc=5,The Times of India,"Wed, 23 Oct 2019 07:00:00 GMT",2026-06-14T20:40:57.541141,sextortion,True,False,candidate,https://timesofindia.indiatimes.com/india/cbi-books-former-uttarakhand-cm-harish-rawat-in-horse-trading-case/articleshow/71722891.cms
morphed image Uttarakhand,Viral Image Of Chinook Carrying An Excavator In Uttarakhand Is Edited | BOOM - BOOM Fact Check,https://news.google.com/rss/articles/CBMi3gFBVV95cUxPZHRiUjNWY1RTa255NUItMEpBcEhUclFNTHFTYzlxLUFpRk1UanU1ZlpZUkNlNnZsek5ha2duYVl6bXUzb0JzYWFFSFdpY2tyYXJlS0c0UzlQRVhYMjBlVDFqdlZ5UFZMM2hmTTJZb2ZqUlFHZ0UwZHI1eWNiWlJlZmIxaE1zSUxKN1lmcUtsenlaVnR0eGJSQUpHN3kyMTVPU1lvMnZWenkyejlMc2ZiU2lfX3lxU1RpUTVJcWxNaTFOZlBGVGQyOTdXMldHb1BzLUpkdUhGdm41azJnbXfSAeMBQVVfeXFMT2ZjNDgwcEZlSThNLVUyTEtNLUZkUVoxT2ZWVV95cDZLUmRIVTR5dFp0ZVEwX3labDBXVENPQ3g2eEdHTzBLU3BrZU5WRVhEd0JKaFlKRjNTNlg4WV9JeWtSc1M5cjZRbXZOeGw4SEM3OFFZN3Y2WHJuRlZwUmozdzhwck5UWDNCUjh1TU5xYXd6R3d3WEhfQTB4M0VFSlhQQ25LV0ltYXRXTFhpMzhWbWdMa3NHTFRlRjJFSnFTTjM5UGx3WkpmalZwaTkyTlZXeHRpN0J1bnFoTGVSMUgzWi1vdE0?oc=5,BOOM Fact Check,"Mon, 11 Aug 2025 07:00:00 GMT",2026-06-14T20:40:59.437013,sextortion,True,False,candidate,https://www.boomlive.in/fact-check/chinook-helicopter-carrying-jcb-dharali-uttarkashi-uttarakhand-rescue-viral-image-fake-edited-fact-check-29246
fake nude image Uttarakhand,16-Year-Old Uttarakhand Girl Accuses Teacher Of Sending Her His Nude Pics - NDTV,https://news.google.com/rss/articles/CBMiswFBVV95cUxNdEFXbWtJWV8xWU5NNHRtM2tTWnZlYllTX0VVbmVKS3hKdTA1X2pRbDkzU202RW0zcDJwME5HNTR0bUJNNjdSSHNSak54dVFJcEN5WlF0NVZ2QlI4RlRsM3JTOHBndjZvYllnWk1hdlcyNlZ5SXJzZmZmSW1sVGhQbE8yelhYejdMemtybUF3cjdVSF9HbUpNNFh5eUhFWGlZNWJnczg1UmxQUFJSeGFLQXZfa9IBuwFBVV95cUxNX18xT0VKeFVTYTdyeDhrclNsS0I3MDdYQ1dMdFdDV2VTd0duVlpqaV95el9Sc3JMVXBNYnc0VElQNm1pRjlONzFXTmd0ZDRYVVJXUXFiMlVpemtlVGZTM1JQcE5zRUJkZlJoSVJiV1g0Zl9idFJQTnkwa3kzeVRwY3lTUnRLYXhudTJieDI4d2o1NUllVk1iZEZGeGpOdVBDamFRcVdaMlhjMFhYTzFuWHhrYVp5ZzR0T2Nz?oc=5,NDTV,"Sun, 01 Sep 2024 07:00:00 GMT",2026-06-14T20:41:01.275907,sextortion,True,False,candidate,https://www.ndtv.com/india-news/16-year-old-uttarakhand-girl-accuses-teacher-of-sending-her-his-nude-pics-6465441
cyber grooming Uttarakhand,'Bulli Bai' case: Mumbai police arrest 18-yr-old woman from Uttarakhand - The News Minute,https://news.google.com/rss/articles/CBMiqAFBVV95cUxPazJBZnFCcW5JU20tV2ZRNm5JSG5YMXBDYXN2N2RlVEgzWTN2Mk1TdzFBdGt6dEtHUVgzbWQ4UUJXUEJINzlTMmFqYlZmazVtSGk3MV9lMkZsZ25YOVNxRnNkbUxKNlFGck9CamdSTlE0dG8wQTVSVlBVRFAwRXRQcDlMSVhvS0VQM2NndGRzbkFNTFpMVjNLNlRBSWJJdVR0YlU3VlJUeXLSAbYBQVVfeXFMTlI5ZXdNN1VnSkVUWExZQm5KblZKSWw0NDNRZ0tpYVA4S2NsUHUzdV9JUTNWMlhrNXkzb29sSmlaOUhRV1A4VVZDb0lBZFRsX0dCRldUTXduTEJwR0ZRVlo4dUx4czVGdVRJUmVwOE9XNjNxZ1BKQjgwdTZWZFcxNE5ZSmJRQ213UVFDVDJsYUtpX0dRcGpXYUFDakxZSHp6RjJHQ04xNTV2bHFLSmZIOVg0NUU2dXc?oc=5,The News Minute,"Wed, 05 Jan 2022 08:00:00 GMT",2026-06-14T20:41:02.809041,cyber_grooming,True,False,candidate,https://www.thenewsminute.com/news/bulli-bai-case-mumbai-police-arrest-18-yr-old-woman-uttarakhand-159491
cyber grooming Uttarakhand,Almora District Legal Services Authority holds Awareness Camps - Garhwal Post,https://news.google.com/rss/articles/CBMijwFBVV95cUxPTTdvbjBOSU80aTBfVF9Ea2VwZWFGeG9RcURzbW5JY0JaQk9hUXBfLUlaZy1oQkM3SU1tazBaR3VfRm9tbkxBVkJWdThVZUdjZ2hNRXZkTDJ1Tng0NW4xV3BCc0g0ZTNwbE5OdldnUkFya1g5YUdrb3I1cGpWYTRiN3pmY3h3MHBBcW5QWHN3MA?oc=5,Garhwal Post,"Fri, 20 Dec 2024 08:00:00 GMT",2026-06-14T20:41:02.809053,cyber_grooming,True,False,candidate,https://garhwalpost.in/almora-district-legal-services-authority-holds-awareness-camps/
blackmail Uttarakhand,"Blackmail plot goes awry, MBBS student & wife kill ex-principal in Dehradun - The Times of India",https://news.google.com/rss/articles/CBMi6gFBVV95cUxQcXhESmdzSF9vWUUyOHpkVFpiRWFMdHJwRFJCU01LM2dsdDRmQXJTRXAtNGR3UHc5QzJMNXJuQ1U1RWdQVmJfUlJyMGVjODJRMm5PQ3otcWhpX1pQdlUtTGszUGU1UjloZUM4LU5pRG4xMHc3WXlwOTlVRTltZ0ZrVnh4SG9GcjZHQjFnMVdDdlRkVFRGUkhjSHBBdEd6RmpscjRlY2JjUUplQThjUVZiRlNHcWxWdVdjMXFEU1VxbGZKOExzaldlZlFacURzZHRncmtSY0FKZ3A0SVdXcEJ1YTdVWnhzWDFOZ3fSAe8BQVVfeXFMTTFDdnYyTW9POEdZZE9zODdRZk0xWGVLTi10c2FHclpYUmtFU3IyejV6ZF9aWVVaUEJHZlpkLUVYS0RUODJyV19COUdDN04tVVRfT1I2eVJwRmRFa19aVlgwVDQtZkUtMGlvMnNpa0d0SUpFUXh0WXdBVzNXdi1jeWFiNGVadGp0SnJXQW03TzgxWVk5RlFOWmxYLWVoVzdBVG5nOE5GNTVaaUUxOWF2NmVDWUJLc0JhYlFaUUJ5YUVhTnhHSmN3Nlp0d01LNlJ3VUtLR0pYSVVYcTBQcDNKcWJuenFwUElxaHdqRllScDQ?oc=5,The Times of India,"Sat, 01 Mar 2025 08:00:00 GMT",2026-06-14T20:41:09.034605,blackmail,True,False,candidate,https://timesofindia.indiatimes.com/city/dehradun/retd-teacher-killed-as-mbbs-student-wifes-honeytrap-ploy-to-fund-edu-goes-awry/articleshow/118635997.cms
blackmail Uttarakhand,Video shows Uttarakhand minister scuffling with man on Rishikesh road - The Indian Express,https://news.google.com/rss/articles/CBMiqAFBVV95cUxOM3BkWEY5enpDcnZZUkx3Y2JZX3pqMjJ1S0drUll1by1WdDc3VENfNi1GZU1xa0dUYXBBV0syQnRJODBJOWZ0eTAwN0IwV1Z2TEJMSWgyZ1ZGRjMyMjU2WUVVZGFESks5SEdQMTVncUk5QjctR0p1VVg3cUFZSTJZeXAwVzdsbDZjUFU4cGMzN1hoMDVBS0p0a1ktclNtMG8xakp0enNXWnXSAa8BQVVfeXFMUExkZTNtV2daaGwwV28ySFVQbDhkM0pseGVuRmxJb082TWtOQUFVZVNVeU1xdnFRbFJ0V01ZcGwyMlpGcDVwanRPdWFuMUM5bkpoMWdTb09fdE40T0p5aFdzYU9CRmxyTWNfN3dmQ2h5YkNPTjUzQXBBRk5HRmNnNXFwanZrbXFOVTFpblpxYkxkMDlGazgzSDYwNzRCejdTWnFya3hqcHpyVjVBbGR5aw?oc=5,The Indian Express,"Wed, 03 May 2023 07:00:00 GMT",2026-06-14T20:41:09.034613,blackmail,True,False,candidate,https://indianexpress.com/article/cities/video-uttarakhand-minister-scuffling-man-rishikesh-road-8589391/
blackmail Uttarakhand,Rs 200 for water bottle! Greed amid Uttarakhand rains - The New Indian Express,https://news.google.com/rss/articles/CBMisAFBVV95cUxNaEp3Yi1qN2txWTNiM1lDXzBfeWszUVVYeWlUZllZWGxKVHZfZTd3RldNRmNpV3RJZG5Scm9Pd1pfV2tpVFNBblpDMGl5VlpaU3llNC1mTTdOSUhSMUI4Z25RTXVZWnZ3UTF0aHlPN2E5ZHdLUWVLTU51OFRKYW85WU1jQ1FSLVhGemNiV21CcDBhZjc1OGxFXzVkVGM0MTY5QmRoUUt6WUpfNlRHSmUyQdIBvgFBVV95cUxPUURoc3NseGFGNDZ6LUZQNy14X0ZnUXBpaXJZUXFKUk9va3BkTlZnTDdTelNGYlpPdGh1M2lZS2tfeG9xTXB5Sk9qZWVtSl9hZm1Ndkt1Y2RBbF9iN00wNFJMS3Y2SXlGRV9pSFFnZEptekNRWnZrWlNEaWJrbHA4aHo4anJWNl9sbkxEc3o5SXRSZU1lS1lQVXBERE1wVHNkUkZYMGxQMkQ0NkxpUlJkTUUzclZGbTRLYW53a21B?oc=5,The New Indian Express,"Thu, 21 Oct 2021 07:00:00 GMT",2026-06-14T20:41:09.034638,blackmail,True,False,candidate,https://www.newindianexpress.com/india/2021/Oct/21/rs-200-for-water-bottle-greed-amid-ukhand-rains-2373840.html
blackmail Uttarakhand,Emergency services in Uttarakhand affected following workers’ strike | Hindustan Times - Hindustan Times,https://news.google.com/rss/articles/CBMi2AFBVV95cUxOb1l3SWZRQXFXNzZYMVdaX0tqbWNQbU1tT3RYamlUY3VqSjdEMzNHSUNNMnY2Ukx3LTBWMF90Ukl6VmYxaEJicjJyZ2J5RVdPYWpXVmVFZk5oVHp4N0lzTkRkQ0VydXFfbk9RemV6Tkx3dlN1b1hLNnNJX19MRUxZQW05aTVnUkluSEpaeWhrUk51MjNpMG5DQ0FkeWoyUlVhN1hKZmVxNDNTeE41OUk5cFlzM1NSNjRFVjBpa0pFNEpTQ01yUFJpakVFOEJucEhDQWo1eWNwREXSAd4BQVVfeXFMT3pfd2JnX2d1aXJtNTBPZHRidUJBWEs0bllPY3BVa0NyT01lTnNiTnVrTWY2RGtCQlR5eHA1VElWdHFrUDByN3BicUhyclRfMWlxNFBsNGRpX0tJbkxYdmlhbWJGZ09WbFpPS1BXdVlBQUNMWUUzZWVaMGpBcjUySjNKdUhGTzFCZWVvNUJhNE44c3QzQ0lRaV9FV0NzMDVUTUpoVHhDdG8zcHpRUF9nWmdfT013VlF0RHQ5OUYzMEdWOHlkUjdPZWJORU5vZDJaSE1LeVhzUHpvMHEwWGxB?oc=5,Hindustan Times,"Thu, 03 Jan 2019 08:00:00 GMT",2026-06-14T20:41:09.034746,blackmail,True,False,candidate,https://www.hindustantimes.com/dehradun/emergency-services-in-uttarakhand-affected-following-workers-strike/story-mIW9AQ2xqtzj0bPCoUAeKK.html
blackmail Uttarakhand,Another bureaucrat held in Uttarakhand sex scandal - The Hindu,https://news.google.com/rss/articles/CBMivgFBVV95cUxOVkxUZnJ0N0dBLUt2Z2ZuZ3Z4RWMzY3U4YThDdzgzWDlBT0Zkd2FhWk5IelljQ21ON1ZMbmJWVkV0WktXbmNlblRwczZVMnZlYVZkX1dYeHpTVF9TNDRIWm12UXJ2STVVejU0eEVRR0FlRHoyTldEc3FZRXJReGxxUVhtYk1hbFNDXzJBUWNPMFZFS2NiZmdPcjZwcWxjV2J5R04xS2QwaUFPdXNkYm1XemRRUTlDUkFOSFhiaDVB0gHEAUFVX3lxTE1xMXE0QmRoTG01SDJ5X2tEQWM4eFIxa3RDbnI3Z19zZmhsVkJ3S284akZaNFk5d2Y4NllGUzJPNjNVMlBXZU9yMWxIWWc3STFLc2VURFVZWTVkTFZsd0xtS29CMkVmeTdOVlJ0N3p3YkVhSGpMVHRkRVJBTDc0dTdUVDZMQVdQb1YzM0pfQTFLMmk1LVJqc1paQm55QURkY1JqdDAyWlpkeVhkbzdIYmdJdi1weVRlUW1HMzhLN2VWcHVlcVA?oc=5,The Hindu,"Fri, 13 Dec 2013 08:00:00 GMT",2026-06-14T20:41:09.034760,blackmail,True,False,candidate,https://www.thehindu.com/news/national/other-states/another-bureaucrat-held-in-uttarakhand-sex-scandal/article5456016.ece
online blackmail Uttarakhand,"Three BBA students in Uttarakhand strip fellow student, force him drink alcohol & shoot video - The New Indian Express",https://news.google.com/rss/articles/CBMi6wFBVV95cUxQdjNoWVBvX1J0S29KUlJSME1mMTVmX1RRTXlHbjJCNkFZd3o3M3p4MDJQQjhoWlREYllZeGhHS3dDQU03NkFPWDVVVGoxa0d1bDhGcVp0RmJhWjY0V19teHEzbFAwZ0h6SGlzbTAxbzVBNWZsRERqRW5jWmt4SlRZT0UzNWdGdy0tYmJZc09odEhIeDRIMG5oUWZwZWg3R2k3X0xSMF9EYUVrelRJbllINENUU18zclYxTER4NDU2aV9aRFctZFZtcTkwODZuclkxdWtMbXFLUzViN3gzQm5mc1JqQ05qWWtUQ21Z0gH4AUFVX3lxTE5aR1MyZXhXYkNVVWZ3Mk9DcGEyNUtxMEZweHRLNXBsSXpTQWM5YVhINE1PeW9FUlFpTGF4UFhQd2pUTG5Pd3dHbERzU1NKSGVOUDVfOGJGelVqVU5vcm9SZ0x1NTBLZTF6RU9fT19hVXFqb1pEWmotZFJINEpLcV9SaVFTRlNCSUc4WVJwUVo1STh2RVh6ZWR4Qmd1QVpLdmMwREFXNmFnS05ZTkRqaTREbTJvcVh6clpyZVR2WGwyREdLWWJtV1RrRHBTOW9aZFU0QXBSYVU0UFlrUElaSkJGZzJVVHFMc29qODItVnhxdndSYlpXR3FN?oc=5,The New Indian Express,"Wed, 30 Nov 2022 08:00:00 GMT",2026-06-14T20:41:10.538707,blackmail,True,False,candidate,https://www.newindianexpress.com/india/2022/Nov/30/three-bba-students-in-uttarakhand-strip-fellow-student-force-him-drink-alcohol--shoot-video-2523791.html
extortion Uttarakhand,Uttarakhand Police Arrest Man For Rs 30 Lakh Extortion Bid Using Gangster Lawrence Bishnoi’s Name - ETV Bharat,https://news.google.com/rss/articles/CBMi0wFBVV95cUxQQ195ejI0aWlZcFJIQl9EbEZDQ0owM1k0S3ZDT1NQY255Z3ljTGljZ2ZkdFM4enE5T3RWUXhvb1RBelRtZmRBR1c0RnV0S1UyRDRjX1pDQVJrVXdqQWN2LVIzX01LYTBMei1UcF9yYWs0aHYwczNKNFdhSmZhZHY1RHRoYlRRNlIxaEo5VVNiM003UXBYTldMc2NMdFloZV9sQXB5T28yVHZYSkI5Q3lub09Vc0lRbGxoSjNoWGhSRUFiellKeXFKNnVLdlZBYzVzdFZz0gHYAUFVX3lxTE9EMjhjYWhRUUdCeUVEcGxKcGlITG5OZjVGejg3UWhnTkZ1cmRhU3ctR1hYeHFnSW1xV3FBc0Z5WnBPZ2VYU1YyTEZIdjRhM0NYaUQyRGhhbGo2TzF2alNOTHQyamtjeWdZNDVhTkdRNjB4Q29iN250Z0laLThfTG82SnF2SnltSTdZRTJOZDRKNXVuT0k3TDFyUlpUTzh3eUdYX0tMZGU2UUdwcFBwbFBTUFpMdWl4bGc0ZDhVMjA3RUdyV1I3Zm1Ha202OXZxS3MzUDFJWkI1bA?oc=5,ETV Bharat,"Fri, 07 Nov 2025 08:00:00 GMT",2026-06-14T20:41:14.536127,blackmail,True,False,candidate,https://www.etvbharat.com/en/state/uttarakhand-police-arrest-man-for-rs-30-lakh-extortion-bid-using-lawrence-bishnois-name-enn25110705434
extortion Uttarakhand,"Uttarakhand: Man arrested for threatening YouTuber, demanding Rs 2 crore extortion - First India",https://news.google.com/rss/articles/CBMitwFBVV95cUxPNnN4UnlKTEsteVM5YXJfa3pqMl85bGltZnRCandpa2I5OXF2cWZkWUQ3NTJULTVjWElfZ2hsaUU0M1JCaWRxeFU4eHpBVFdZUkdEOUZUT0JjNnNjWmNNU2dtbE9wMzd0bFk5LVRQWHBQV1dkTDNyNHFoU1RNRlFTR2E2TGNBR2xXY1RpaGt6VTFPcnZLTGZCd0EzSzQyOVFEUVZGakY1WUUxMElpNEZvVlRFckV4RDg?oc=5,First India,"Wed, 19 Nov 2025 08:00:00 GMT",2026-06-14T20:41:14.536169,blackmail,True,False,candidate,https://firstindia.co.in/news/india/uttarakhand-man-arrested-for-threatening-youtuber-demanding-rs-2-crore-extortion
extortion Uttarakhand,Extortion racket kingpin arrested in Dehradun after absconding for 3 years: Cop | Hindustan Times - Hindustan Times,https://news.google.com/rss/articles/CBMi5gFBVV95cUxNX0p6cGdjV0NxdTc4U3FDRkQwNEJiaTVwcWpFX0VfaC1QZHJ1OEdiTkZmMklSaDBBV2wxNWx1dGVfY3poUGR3TUM4S1hVa3dVaTRNbUl5NDJDX0hUMFJBSkFpb3F4STJvY0ZRMVVtVTRnSXJmVXFSOHEyWTFtRXN5THVLaklURTZqQjVGNG00QjFpZlNnRGgza1otcHFqUi1NLWhvSWNuTnFOZERISzJZcDFCdEFsbG5BUFVFVHVDcWYyeDl1ZkhWOXRVTEhXdWNJYjV3T0pUWnZmQ0ptdkF2TDR5dTN6UdIB6wFBVV95cUxQOElXbkUySFRPQ3J3MUJvbzd0WWs4dU9tVTlxak03eVl3TU9WUVkxekduaEpWM2U5cF9oek82aGZpczdkWkhFTjhBVUxINllhR2VJRk5kTjI4Z2o5ZFVZQmh1V3c2ZXRqYUpRdEFxVmx0dzZUVFpPWjlBREJIbmhLeGExcVFPNl8takY1REFxNEd6aHRqMGwyTzB4TDdTaVYwQjU5aDFrVHM0c21CNXNvaXAtSkpjbUVjY1hhV0hTNVY4RUF2VFdxWjcwalVWczhkWVcxcm1aTy1YVmZkM3dhRGxtYzR4a2daa1lJ?oc=5,Hindustan Times,"Sun, 24 May 2026 07:00:00 GMT",2026-06-14T20:41:14.536271,blackmail,True,False,candidate,https://www.hindustantimes.com/cities/dehradun-news/extortion-racket-kingpin-arrested-in-dehradun-after-absconding-for-3-years-cop-101779622518606.html
extortion Uttarakhand,"8 killed, 2 injured as vehicle plunges into gorge in Uttarakhand's Tehri - DT Next",https://news.google.com/rss/articles/CBMiqgFBVV95cUxQVWVzcDBNRVh0cEYxZ0tSNjlfMFlSZmx3dEpTcngxS1B4ODRPaGlkZFNVY3hLQzdYTGdnZGNZZkpkUWRoOWsyWmFTcU1iOFFQcFk3TVcwdTRxMlJ2b0RsdUoyeXVyOUwwTXI5ZjRURkdlWlEwNGxGV2hfa3RFLVdBdTl4ZGVSZDFuRjVUQTBkYVA0SzdtSzJzZWs2b01jczRqdzl4OE1XZE9Cd9IBtwFBVV95cUxOYnRaWG5HTHhMTWE5cWtJbENvQTIzblNCS1JSUFNLeGZOV0VCMUF1emdQdFdPQmEyeWZESHY2VWQ2YVQ0SG05d1g2ZEhMS3FqRE5WU3N5NGJhcWlfbFhtbEM4aVVaRTM2cGc2VG1vWlNIYkw0cmNkclBsTXNkdFBPdHM3NnljTjhXM3VlSVQyZ0hSejk2XzhSMHB3OE15S05rVV8ybVVGdUd6QkdjeTJGTHVIWkFpU28?oc=5,DT Next,"Thu, 23 Apr 2026 07:00:00 GMT",2026-06-14T20:41:14.536479,blackmail,True,False,candidate,https://www.dtnext.in/news/national/8-killed-2-injured-as-vehicle-plunges-into-gorge-in-uttarakhands-tehri
extortion Uttarakhand,"""Strict legal action should be taken against criminals involved in anti-national activities"": Uttarakhand ADGP - ANI News",https://news.google.com/rss/articles/CBMigAJBVV95cUxOTnY0YXRVYkRjdzhuU2YwXzVNcDUydUhWR01vSGFjOURzekRMOXB0cWZOc3gyTnNzd1RfU1RrLWRJY21IT1pjMFBUOEl0QmlhUFVCMGxDLUdPWFBhX1lKN1ktTWdRd3YwRERKMDU3enhVTlZNblZpRmRQTDdFRGRVRjlOTDl3VzNXa2ZqWUVaelpLTG1Sc3NaWGVod3B6VlNRbWFuMDZZaUVENDZGWXRfZHJ0YXJGdEd6cDRLSGpMd0FmcXBZNUtUUHRzeFFFQ1hnVDNWM2c3VVotX3dPWDIzdGNPZS1HUmZYNFhVd2YzejM2SE1TeWNXV0dtTFA4ZXRK?oc=5,ANI News,"Wed, 24 Jan 2024 08:00:00 GMT",2026-06-14T20:41:14.536500,blackmail,True,False,candidate,https://www.aninews.in/news/national/general-news/strict-legal-action-should-be-taken-against-criminals-involved-in-anti-national-activities-uttarakhand-adgp20240124201558
extortion Uttarakhand,"Uttarakhand university student held for raping fellow; he also hid his faith, say cops - The Times of India",https://news.google.com/rss/articles/CBMi9wFBVV95cUxPd3ljekczOGU3TmtvU0RYVEVfQnZmNktNaDdPdkttZFJrMkp6cWtTTFJLWFlkREtnTHBDSUFIU1h6LW0zdWRRN2xsY2xPVGxTbkRJMDg4WEVKampEVTdvcFVFczZ2dlpraWtfcEh4VUxuNkJVbGtPZ3Q1LXQ4QlFrNFNJRTdqOHc1ZXM4SUZBWlBxWWNraFREbExUQlY2SHBZTEE5d1k0SUF3T203NmpwREEtY3ZDamU0ODF1cjQ3SVdLRVdzem5NNHNRanlyLWNMWGtDTmdrY1RvSzdRamV5MVdUZFVTeTU1bC1vMklRbkR2cnZqZDY00gH8AUFVX3lxTE5nQm5GOGJwRG9mVFpWLWFEaXA5REVfQUNuSF9RSzBDSEdvZW1ldWtMU19IWWtnREQ1bVZSdGV0dzF2THVUeGV6WGpiMXFHb2JOeGFGS1JvWnFXMmdLT1Z0ZkdFN1VTTGN6emhCZFVTcVBIOXVneWlxTFE2VTE1d0YyWjRnUm10NnVlYklrUmlNSFZqYjlCWV9CYWFPcGlrYk1yZnFTSlVPRTFHcHAzR3BwcTZDNUdDUW1SSU85X1BVWExQWjczMFhLYVhSTmZmMVdjbW81aGtjVkdveURwY1FRcnYxamFiVTZteGNtU3IxRFlHVkVncjdEN2tPZg?oc=5,The Times of India,"Fri, 23 Jan 2026 08:00:00 GMT",2026-06-14T20:41:14.536521,blackmail,True,False,candidate,https://timesofindia.indiatimes.com/city/dehradun/22yo-student-arrested-for-raping-21yo-womanfrom-same-univ-he-also-hid-his-faith-say-cops/articleshow/127179377.cms
extortion Uttarakhand,Uttarakhand CM Dhami orders magisterial probe into suicide of Kashipur farmer - ANI News,https://news.google.com/rss/articles/CBMi2AFBVV95cUxOdHFPZW5CaFlFVXd5c042ck9YYlo3dUZ6Q0YzcVJWVXFQbHZrci1EN1RWeTBsdkRKQmpDeG44U2pDcTN1T0tvVnRTOTdwZ1Rta2ZFeVY0YTZxQ1FPNl9GX09FNlJfQkllUjN3dldmUW1rOFl2eS1ZUTVfZ2VUeEREd2w0MVA3V0NLYXJoWkJORnp5UV9SemVubEtQc0lSUnpDQ1F4ZnFIMzhsOHJacm5qRFhvTDZsSlBDNjRicS1sMGFYM2Z2aFlaX0poNF8yNnlMemc3dDJRSGo?oc=5,ANI News,"Sun, 11 Jan 2026 08:00:00 GMT",2026-06-14T20:41:14.536543,blackmail,True,False,candidate,https://www.aninews.in/news/national/general-news/uttarakhand-cm-dhami-orders-magisterial-probe-into-suicide-of-kashipur-farmer20260111205209
extortion Uttarakhand,UP would have faced no problem had Yogi not 'migrated' here from Uttarakhand: Akhilesh Yadav - The Times of India,https://news.google.com/rss/articles/CBMi7AFBVV95cUxOdzlRN0FfUnhGT1g5cms0T2RQTzFrZDktN3JaQ2tSUUlxdC05LWVOMWJyRElxckdHdUhSc2UzVmdKSm9qYzI1eERPRU0zRElmUktiWDNrRHhIdDJsZzRXSXQtN2lybW96NUp2b2tjWTV4OGpIcExSd3NSNEhJTHpJdkhERUhEandfNzYzU0U0N0YzU2JuanhiaXdzdERUeDYyQzJ0dzVCNF9xM3lKWEMtbVljdDZmQUcxajh4d1lHS2VNZXVRMlFwbDVUaURvNnhzZmVuT2EyZldNQ3NreDZGOVlrNkNDRzd6S1BtQ9IB8gFBVV95cUxORnU1aEFSbXhTaldnRjh6dG1NMmFudGFqakhhQy16bzkzem13RGN4UWJkZld2bWNZZzFFcEhxRWZOX2dST1E4cFVoNGhzMHdEVmtfUnZmMEZ0Mmd1SG5ZbnpRUGQtRG5mUzZKNXozWVMwdlNGdUVZZGd0eWFWYUtPanZZUm4wZEJJRE1nOWxJZldNMUxRYzd4VkZveUxBaHlPcjU1SUprY1dkd21BeGQxNE9uOTZpZ2pEbG5zR25FWkFFV1JYd3ZqWHZ6enh5bnlHeHBoQ0l0WWlJdlBKUHhDUnJGb3BFSDE2QkNSV2xZVXR1QQ?oc=5,The Times of India,"Thu, 11 Nov 2021 08:00:00 GMT",2026-06-14T20:41:14.536623,blackmail,True,False,candidate,https://timesofindia.indiatimes.com/india/up-would-have-faced-no-problem-had-yogi-not-migrated-here-from-uttarakhand-akhilesh-yadav/articleshow/87652585.cms
extortion Uttarakhand,Over 100 lawmakers face criminal charges in Uttarakhand: ADR - ETV Bharat,https://news.google.com/rss/articles/CBMirwFBVV95cUxNbHFBUGh6WXlBdjFpb2xfSjNKYTBVMnphTjJYUTlYbS05VVR1WTlNUVVJcnE0elZMamtyaXlYRjhQYnVrbk1sVnVQOWZiNHM4SVYwYW9sUURpZmpLUG43VVhGd3dQdnU5QjNoaElobEh2all5RC1iWWoxdGdUTzhXamVXOUhBb0thdVFDdV9CUzJrbk1RaE9MNlVtcDBCQkZWVDBCazBHQWRna1lYSWxV0gG0AUFVX3lxTFBRVktUbkF0T2FoenJNRUNwNEpnRGlsZV9BSjNqTWJFZ3p4VmNJbk9VQjJLUzV5aFFpTU9qWU1jSGstQ3ZCekxnNHYyYnRPT3pXMGlDendMcHdQd3E1Q1NpRUxkZVMyQVh0N0VrelJVTk8yeV9TRFE2aW9tLW1oTmFRS0d0SGtXT1hScllJczVVdzA5azFuODBkNEsxNEhpWTRMLVM1UHhqWmhEZUpoQkJWbW1EdA?oc=5,ETV Bharat,"Mon, 26 Oct 2020 07:00:00 GMT",2026-06-14T20:41:14.536718,blackmail,True,False,candidate,https://www.etvbharat.com/english/state/uttar-pradesh/tainted-mlas-in-uttarakhand-politics/na20201026225201238
extortion Uttarakhand,10 constables suspended in Uttarakhand’s US Nagar for alleged involvement in illegal activities | India News - Hindustan Times,https://news.google.com/rss/articles/CBMihgJBVV95cUxQb0FaWVIxcEJfQ2h5aWJIRmlOb2FNdTFRTzNneEpBWmxkcnAxYVI0eXotU0tSZ3JGeDNpNGEya2FXUlc3TUhsak1WZi0wLTVPX0Z6NE1LZmpFS25rc3N0OXJzTldLbW43VnFNNktUeEhIMWZfTk40OWc2VkR0YU4zSmQtWlNPYlAxcnRvLXAtQTFRNUM3Sk1yM29BbUE4SS1ucXRWbFJ5T3hpbW9Uc0t3WktaRFlPZDEwRXc2U1BvUlFtUHN5VElLdDVEbmxqWklrYUZJNUZFSG1XVy1oYkM3ekdVRUNSUVA0OHZGZXh3dHFBWUcwenU2Rm9UcGQzWGlfSmFGZXJn0gGGAkFVX3lxTE1oQ0xVRDRlNVhrSXFEb21ha0pfNVdXdXR4cjBXZEt1S2stQlFPS2VPaVFyT0FTN1BtdkdGNWJ5d1lBRmtKaWU2VFhFNWRaQ29tb01LdUxQUko3dzJGNjVCT2pxSV94MHFmOUVOUXhLbGtnd2xxSE9kU1VDYmlwNFpNY19UWlNuNU5iODNmTlBQVVF1dnVxbUpGdHpoQnlLdkhaMHJYeDJPbUpNNlp0MElvS0FaZktYRzBJN2RveWNjTDI2LXczcnhjZUNjNUt6ZlNrQ2tucHNPeHpxM0x6RHRCLWd2aTFXX0lSLVBnTGxKSVFjVWt3WmZOZnB1UGFfNmM0RFo2NHc?oc=5,Hindustan Times,"Fri, 08 Jan 2021 08:00:00 GMT",2026-06-14T20:41:14.536797,blackmail,True,False,candidate,https://www.hindustantimes.com/india-news/10-constables-suspended-in-uttarakhand-s-us-nagar-for-alleged-involvement-in-illegal-activities/story-iQ2igtjTUwYxiUUAx0xpjL-amp.html
extortion Uttarakhand,Uttarakhand in 2018: Year of high political drama and record pilgrims in hill state - The Statesman,https://news.google.com/rss/articles/CBMivAFBVV95cUxPc1p3bEViZ0ZmQ3dCeXQ1dUR1bVQ4RlNnMThRQzdlNlhaaHMycEd1STlvMjFJcnJjZjlDeUVXMlBDdkgtdEVFRGtmTXVFSVB3eVliVk90NVBUbXI1ZEpGd1dxb05RQlpZNW9ZR21kMHB2cU5zcUdETl9Ma3gwNVIxVTNmb1F0UTR5Ui1TUWs0eHpSQmZRZnZlTmdpT3Jna2lTbWRBZU9sbzVzZlk1X0Q1RzNxLWFxME1ZN1FDQ9IBwgFBVV95cUxNcVpicDBxZ1YxV3FmUmZ6ci1pbFNFZk5tVHJXQ1dLX0ZwdUtITUZ6NVVreksxQlZhNzM1RmpTdEhnLWduaWZFc3BxRlF4Y3VyOHdFem94UENQVDZXWmR3cnd4NkFfSWw3ZkJkN0MxLVVaNW5xR2NXWEtJTHRpcUgxQjlxRkk1V2dPLTYxblBQdm4zamZ6OXExaVpzWVdQcWwxTG1IM1lFeW9QUWdubHM3LTdMa1JHS0VpX0lYUzJrdTF3Zw?oc=5,The Statesman,"Sun, 30 Dec 2018 08:00:00 GMT",2026-06-14T20:41:14.536830,blackmail,True,False,candidate,https://www.thestatesman.com/india/uttarakhand-2018-year-high-political-drama-record-pilgrims-hill-state-1502720744.html
extortion Uttarakhand,"Uttarakhand police on hunt for wanted criminals, those hiding in UP top the list | Hindustan Times - Hindustan Times",https://news.google.com/rss/articles/CBMi6AFBVV95cUxNa0czRGQ2U0J3elgwWEQ2MWY0bXVaQ28tb0hIRldLeDNrN1ZUSjJWTGFTNU5Yay13emFYckJ6RjVIZ09pc2xMMFF0X2FKU0lEZFpnY1dLM3VtSDB5UU5SVUl4Mzc4Y0RoVEp5anZsbFFTbjJRM1RKM3pUMnFodHlTcTJ0ckY4eTNwWVkwVnRVOWxIa3I2VW5PR2xkNUNTWUtSWG5Xb0xWeGhrN0REU0dWODFCRVViT2hPYXEtY0g3RDA4TUpHT0ZTZ1VhRHAwbFZsN2xGLU53RVEteUYyaEVockFpcUhFcVJS0gHuAUFVX3lxTFBVOF9XS0dvbV9ISExqSk50OVRKVjBTM2h0cTZfTERCWDVxLUZRbmFwYzhaenFSeTdOWmlfM0NsbUw1cUpNZ3ZlbTA2c3FoUDg3aW9pSHdERFBmUEI3V2szNGlPTkRtRzkyZjlzY2FocEdhQW1HN1FkZldsVFRjZHNmWWJOYjl1a3pFclNoX1ZMZ3BSX1VSVzBNTXU1WlpBOVVST3RIYjlfM19fUTd0bFBURnNGUmVZWE9mb1hTLV84VE1WeEhCdnhoOGJXb1VnRnVReWpIWmlONGcycWk2Y2UtRWJpa2FZOEFjNmtyM3c?oc=5,Hindustan Times,"Wed, 30 Dec 2020 08:00:00 GMT",2026-06-14T20:41:14.536841,blackmail,True,False,candidate,https://www.hindustantimes.com/dehradun/uttarakhand-police-on-hunt-for-wanted-criminals-those-hiding-in-up-top-the-list/story-nbGUZAb8sqx4UE9ncmDLGN.html
extortion Uttarakhand,India News | Uttarakhand CM Dhami Distributes Appointment Letters to UKSSSC-selected Candidates in Dehradun - LatestLY,https://news.google.com/rss/articles/CBMi6wFBVV95cUxOY19HM01BYlh5NTN5WkNORWJfcTR0czRxV19oWU4tOGtnd21RMmR4akVlVEgzenAtbE5RWTJqeld1Ujl1WExmbWN5alAzdTB1VUVKMjhSOWVzajQ5Y0pFTENiWmd4b0hrSzhrdmZnWkF3dm9zTUw0dFlPYmxGYVF0dDdWSFFhMEY2Um9SNkZHeWxnVHdYU1dsTkdpemF3ZEFXam53N1dsN2liaUZmbms1Yms1bUpGSlVyeFN0dHlXSWJZMUR4dHFSbk83NDd0d0U4T05leE83a0kyVTJYRzQxVXRGTF9mSEw2bi0w0gHwAUFVX3lxTE9maUJnVE11cXdjNkQ4eGUwWEdmNVNlZVA5NlZfWWwxTVUyMjlFaVRqS3NrT3AweGtqX2tJM0htN2J6bXBTOVcwcHdKbXozbndNbWhoYWdCckNzTHBubm9WR2NtbTFGY1RPRFhlY0FVYWt5TUhGRXhiTk5UeHRROFpQRkN2dnRZeUZsWmgwaFpmcHdKS0dHUEt4bjV1R2tzV3ZYdGlGLTlMc2xTNVBhdk55Q082VS1saC1Xdjg4MnkxZk11Q0VYSkRJa21qYmFSdVZTWm95TUdhb0FJalVWSnl1RnhKcVZ0YXJ6NTlfVTc0RA?oc=5,LatestLY,"Tue, 09 Jun 2026 08:30:32 GMT",2026-06-14T20:41:14.536852,blackmail,True,False,candidate,https://www.latestly.com/agency-news/india-news-uttarakhand-cm-dhami-distributes-appointment-letters-to-uksssc-selected-candidates-in-dehradun-7465792.html
extortion Uttarakhand,"NEET Dream Ends In Tragedy: Uttarakhand Student, Dies After Fall From Kota Hostel Fourth Floor - Free Press Journal",https://news.google.com/rss/articles/CBMizwFBVV95cUxPVjR2VFozYmRVTkJ6LUZRaUUxaklqMEVoNlRSeU5fWEE1TW1MWDZ4UjVSd0RMVkdsamcwY2gxUXQtWnN1TlZ5QUZvbnFQYXhFYkd6VHZxNVpadkFWcGtPRnJxN3BzQ09HZ3llZDlrQkkzVHkyaERTbjBHM18wNHc3bThpTFFzcWxRRTVzZm5VbVBWX0cwX2wweWJUUDdZTi1oY3BOOWd4Qi00Z25sMXhLSl9fbURnZ2prOHpWWkFUREVyQzc1bjkyazhZVHpsV2vSAdQBQVVfeXFMT3ZRVjl0b0ZfTEJKaUZzZ1lPNmZ1UGxlS2s1b3NRb2xDS1dDV3ZQOFFwSXRuVUV0NnZNNnpEQ1FwaldfVm5aM1BWMlNmd3FwT1V3cGhseEo2bW9NNlMxUldtYlMtbDFFRFZfNUpNUUQ1ZXlsRWJNVDJSWmRjWVhCcGVTZTFSYlJ6R0w1MzF0UkFHOTRwcHZwMDVPWWlvTm1VcjRGaUJMWkZheGpmTkE1Vl9HX2c0LUJvTzdBNzE1a3JSQm54M0dKRG5pb2xHLThpS2hULTM?oc=5,Free Press Journal,"Sat, 02 May 2026 07:00:00 GMT",2026-06-14T20:41:14.536866,blackmail,True,False,candidate,https://www.freepressjournal.in/education/neet-dream-ends-in-tragedy-uttarakhand-student-dies-after-fall-from-kota-hostel-fourth-floor
threatening message Uttarakhand,Uttarakhand weather: High alert in Rudraprayag as storms threaten Kedarnath Yatra route - ANI News,https://news.google.com/rss/articles/CBMi5AFBVV95cUxOSWhvM3pmNFgtMzRsSXFxVHh5Z1NqbF94MGh5aGlwNU01bXBvQ3ZUWFRjZmlkNzlqb0ZJRzkwNW5Zd3BHay1Mby1aS0llNDliNWVLbzF5TmdFazladG1vVGZZclk2eXZzQ2l2c1Z1WFJ2STNSV0QtaHBBQU9sVXI1dmNQRW14RVJ2akZGa1p2RC1NakhYRVlHM0ZRbmhySVpja29QQ3FZampfRVUtX2VKZ1p2aUNiSmtwRVZnekViemQybGRsLVBwR0I5ajltUjJ6RmZtbUMyT2VfdkRNTUFmcmUxQmU?oc=5,ANI News,"Tue, 12 May 2026 07:00:00 GMT",2026-06-14T20:41:18.265454,blackmail,True,False,candidate,https://www.aninews.in/news/national/general-news/uttarakhand-weather-high-alert-in-rudraprayag-as-storms-threaten-kedarnath-yatra-route20260512182814
threatening message Uttarakhand,STF begins probe into bomb threats sent to courts across Uttarakhand | Hindustan Times - Hindustan Times,https://news.google.com/rss/articles/CBMi2AFBVV95cUxQWGtDV1lxZ2NkWmc5SXQ4a3lyTUtWZEpaTC1jNThQd3RWUmdPNWVGVzFxd0w0eXRONlhLSnNlWlg1VUJCaEFaVFp1TEE1Z0ptamY1MlRKQ2ZEOWJYUFVHb2VXN2c1WXM0ZjczcGRnS0E3c0x5VVNNUlEtaXJZTW9wX3YyMUd0MlFNNldMN2hFX0xFeDBkZnQ1ZS1TZU14V0FWSDFlc3VjQ2xleGtLMGNrUXBncTFMWlBYdERtNExtdGRsTFVzRVVfYlpnYXpBZHYxQjNyUWxrSTbSAd4BQVVfeXFMT0xUdDdaWEQyM21wTFJ4cnA4U0lISl9ibG9RWjQ3ZWIxcnNTZUVRVjFyRFhGX085eUFUZ2VlT05wQUZWbWFKRTNmR2llR2lKR21wVnZ4c21oQk51MVZVaWVobm12S2tRdzktcloxR0hFbHprdzd5TGNZT1k5UGNmSGZxRElTUjA3ZUxHdmhxWXBmRzRjU3gwOXFLb3BoTGtfeFVKd3hmQUIzSjRlY0JnaG50UjJuTEh4dFo5NFZQX192OVhuN1IyYkJWV2RSUDNDWFFNRVRSVjkxeEstd0x3?oc=5,Hindustan Times,"Wed, 18 Feb 2026 08:00:00 GMT",2026-06-14T20:41:18.265467,blackmail,True,False,candidate,https://www.hindustantimes.com/cities/dehradun-news/stf-begins-probe-into-bomb-threats-sent-to-courts-across-uttarakhand-101771413685858.html
threatening message Uttarakhand,Suman Sahai | ‘Ghost Villages’ a Growing Threat in Uttarakhand & India’s Hill Areas - The Asian Age,https://news.google.com/rss/articles/CBMixwFBVV95cUxPeDFLcmZxbmpqdHJfeUVjRkF0ZlpzR2FwTnNjSm1LQkpnaU1IODRvNkNEaDFOQnR3SUZ4SVZRVXA3cWdXMlFRcFdoNFhrN2p1N21UUExBMFVEdXlBMElzX1BSdkhSQ3AyN01fRlhZbGRrM0lwblZKQWw1ZkFPNU96RG9Ec0VYZ052TUctSm91bmpnWjNFQmw0Mm9uVmJaanc4b2t1Vml6Z1NZMFh5MVdadzJKSVZ5a3YxWUJkSmlvdU5aZ1FVUS0w0gHMAUFVX3lxTE1UT2VIVjRNYkNseGlyQ3NwakxYdjRlQ01qSE9DWnFUV0JvYnEza2kyLUJpTjFITGx4QjVkWVdFXzVqcWdyZGViU2x3bnYtbkwzTDNoTlpXeXpqSFQ5UWN2OFluM3pjaE5SMXlnM1RqSlNFeWZNZFZ3V0ZVSGtJdEs1YUNDOFQ0VFR6MjBGUk8xWV9kS3JwWDBXME5uMDA2NFhoU0x4bUVpcWJuNy1YVnpGTjlBZGYzN19IcTNYSm5PMllJYmFsM3RLd0pTbA?oc=5,The Asian Age,"Sun, 08 Mar 2026 08:00:00 GMT",2026-06-14T20:41:18.265517,blackmail,True,False,candidate,https://www.asianage.com/opinion/columnists/suman-sahai-ghost-villages-a-growing-threat-in-uttarakhand-indias-hill-areas-1942449
threatening message Uttarakhand,Bomb threat triggers panic at Dehradun Court - The Statesman,https://news.google.com/rss/articles/CBMimwFBVV95cUxPSk5VM2s2SHhobW5HUVV4NUdQaFRZQ1dra2QtM1RoU25VVTVaNTZ1OUIwX0w4YXdKZWlvdGQ1OG5zVjliazZEeUJILWs1eVNKX09qa2FIY1RWSUppRTVJTTh4UlFSRXF0dThabGNOdVdfT0xKYlExWUhLc20yU1R1cG5NUXFIVFBpektUb1pUSVpQZXdCSVNUSnE3NNIBoAFBVV95cUxQRnNWaG5oUmZpOWtuZDRpaVo0c2R2SU1hVnpiZFg5UHJoQTQ5T3U5UTFwQU9nZVhlcXdZTXhyajlQbzVRaUtpRk1aVURiNlZ3LVVOazU2Nk9WcTI2dnpOaEdnUWlicnZxVGVKNjZEUFV2QnlnTlU5b3Z6TjdVekhyc3ZpUVhVcXppVE1mVmI3cTJlMXB4QTFkVjdQU3IyMVhi?oc=5,The Statesman,"Wed, 18 Feb 2026 08:00:00 GMT",2026-06-14T20:41:18.265531,blackmail,True,False,candidate,https://www.thestatesman.com/india/bomb-threat-triggers-panic-at-dehradun-court-1503559035.html
threatening message Uttarakhand,"Bomb threat to blow up 4 courts in Uttarakhand: Email sent a day before Bar Council elections, warns of bla... - Bhaskar English",https://news.google.com/rss/articles/CBMixwFBVV95cUxPbTdmOUZzNmNGVUl3bW8yOU04cm9qbGx5OTZOREVZS0toSm1uSnEzUVJzdEd6eElfUWd6RFJveVE5WHZhdTdydkRyM295RF96c1owZ1BfOHhLbjUxNEtDb3ZTdjAxT1FIcXZyNXdGanVfanFSTjZtV2JtM2Z6aV8zRGlRa2VfUnRaVjB1c20xVjQxX0sydjlMeDJIcXpFdmZtNVZNQWotNURIMG5SamdwQnFLYThxVjI5eGpUNWcwLXF3TzZrX0400gHMAUFVX3lxTE5HcUZOOUIxdUlyR1hTUTBzTzVjZDZhd0dOdWYxWVZVM3BvSE9SQlRrN3B4aWo4RWthNlNlYTVfV1FiLWpPMzBobmQ4SWw5WTM5M2JNUGRVeE5ic3IzRi16NjZpZlh3SnFGUTJTcnBXQThYOXdrM0xnQlBhZmprX2RMUy1ndVNiNGVYZWE3b3ZZN3dPTlg5ck5HWWdNYzI2SC1HYUdnYUVXU09Kc2djaUVtOGYtTFNBUE12cUJrR3VwX3lyOUdrLXBsc3dMSQ?oc=5,Bhaskar English,"Mon, 16 Feb 2026 10:15:47 GMT",2026-06-14T20:41:18.265543,blackmail,True,False,candidate,https://www.bhaskarenglish.in/local/uttarakhand/news/nainital-district-court-bomb-threat-email-judges-association-137219818.html
threatening message Uttarakhand,Kotdwar Shop Dispute: Man Who Offered Rs 2 Lakh For Killing 'Mohammad Deepak' Identified - ETV Bharat,https://news.google.com/rss/articles/CBMi0wFBVV95cUxQQ3ZzRktKM2NkM1ozdXZvMmpjaTMzNjVZclFRQzNxWFFDVEFVSnBBQTFzRUZzX2lDRmR6c2RMS1pjTDQwQjlCQkZ0S0VYeU5uY1B5d3FIT0hPVVhLMHV6SV95dzNNaklmaEk5QU1ueVVxOEVibGt4QU9zT0tXMmZVMmlsT2xMWF82TWNmRGNGRGpLUmg2TkJBU21UV0lNVVU3LVZZZ09ZZkFwMm94OUhRYXpTSlY0bWFZaUJ1VTI3cUNJSGNXX1JEWGt0YlRraTU2X25J0gHYAUFVX3lxTE80b2RXN3pxLTV3Wmh0WUlaQU04YUZhVUtER0k4TDBFa1ByZWZ1SWdqSTJiRUZ1cV9kZXk0MjBjQnZ1cGV1ZGNWbldvUVJFdGZKclFmT21MdWMzdG1IUHRLS19kU2NmUXhGNFZubmg0SWZDWnN2WlRNYWFJNHUzZFZvS05YZXhjZTlJNXZzcDdQUS1KVC1EbDZQb2xMeVUwdG5KOV9haU9PZU9JTkt6V2dZOGJDWkd2WFNNN2MyUkJ2RUJmc1JhdzZlZ3B1ZUVlWUU3SkxrNFJZZg?oc=5,ETV Bharat,"Tue, 10 Feb 2026 08:00:00 GMT",2026-06-14T20:41:18.265615,blackmail,True,False,candidate,https://www.etvbharat.com/en/state/kotdwar-shop-dispute-man-who-offered-rs-two-lakh-for-killing-mohammad-deepak-identified-enn26021000133
threatening message Uttarakhand,"Hindu Groups Obstruct Prayers, Threaten Muslims in Dehradun; Cops Watch Silently - Clarion India",https://news.google.com/rss/articles/CBMipwFBVV95cUxOQndSNndLN1ZFeURWeGJnSy1zVnJZSWZ6dkZWZ3YyZmVxbndDemlYSDNkVWs1aFZKMEUwNjBJSzFKczl6ZWJWNzYwM3VwQkl1UGxPdGZENFV3QTRmWUViMzVlRW1OUzNpM2RidXBWbzZKLVliLWcwd2oxam5zbWNPc1RQNmFZZm1ZaXczcjJvUk5KaFhaczhQQnQ0MFJnaERueHZXYk9idw?oc=5,Clarion India,"Mon, 15 Dec 2025 08:00:00 GMT",2026-06-14T20:41:18.265630,blackmail,True,False,candidate,https://clarionindia.net/hindu-groups-obstruct-prayers-threaten-muslims-in-dehradun-cops-watch-silently/
threatening message Uttarakhand,Uttarakhand HC says VHP–Bajrang Dal letter threatening a ‘particular community’ to leave certain parts of Uttarakhand does not refer to any community in particular - The Leaflet,https://news.google.com/rss/articles/CBMilwJBVV95cUxQZGc1c0kwRmFNQkhCOHYtbm1Hdm5EdTNIcG9wTUVuTzF2RXlSWm5NRHgtN2pweE9hQk8wVF9abEVGWUZ2SjUxT3ZROXRlUGkxRGhCYWlOcTZMY2NDUHc1OGI0X1BwVDVqRm1zakVYR0dIaW9CUmxpam90bnlCaU9wTktuMlE0UDc4WVlzOUFBNG00Yll0aUhleFlDWkFjanhZVTlQSFVJdURmc19xQWFVbU9PRDMwNjRiQzJQY0piNDhrNmhLdkFXbVp1Zmk4RDJWZ2NEMkswbHdKY09EbldEY2N2X1ZEWE9BUnFxUFlDdEJYMUtuRlQzWUV6bVJLeHlBWDFlWWFheEVJX3huemg4OFJ4ZkdtdEk?oc=5,The Leaflet,"Thu, 15 Jun 2023 07:00:00 GMT",2026-06-14T20:41:18.265638,blackmail,True,False,candidate,https://theleaflet.in/due-process/uttarakhand-hc-says-vhp-bajrang-dal-letter-threatening-a-particular-community-to-leave-certain-parts-of-uttarakhand-does-not-name-any-particular-community
threatening message Uttarakhand,Pro-Khalistan Outfit Threatens To Raise Flags During Uttarakhand G20 Meet - NDTV,https://news.google.com/rss/articles/CBMisAFBVV95cUxQOHk3YW82dTlFc0l4RWpKTk5uN1NWOWlldzl3VFVZVmFHSzhaNkRzd0ptMHFXdFN0cDdTNi1YZGZlR3czdmxxaU5VR0JRWDZ4SGo2eDNBeTJNQVlRUV8tWWdOMUZiVEEybUxpcUVuOFU1RXNsSi1KUE5BY2w1X0UySW9ydF9aTHVvWEN3Mkt0bnBEV3doLXo0TVFsX0hrX2Rab1g3RUc2Q2x1cVZINk1rMNIBuAFBVV95cUxOQnZWWk9yZlhCal82Z1Y3dncwTmV0N3NXOW9hSmMxeFc2Yk5rNDVNSWJka09vZ1Y2ODR2Q3NodFdzMTJjSnlsMFRtQU5GZWh0UnVQSXVoYmptWVBCTzdWQVNYbjA1QlhvbGVyWnlyT2JQbTJMclhwQm5WSlB0ZGFSWHpEdlNHNWtERmozWEw4STcxNUszX0VoRWdPWlFwcHNTX1dGbmdsUnpCYmhlZEF6UU54azhoZ2Jl?oc=5,NDTV,"Mon, 27 Mar 2023 07:00:00 GMT",2026-06-14T20:41:18.265653,blackmail,True,False,candidate,https://www.ndtv.com/india-news/pro-khalistan-outfit-makes-threat-calls-before-g-20-meet-in-uttarakhand-3897733
threatening message Uttarakhand,‘Mohammed’ Deepak vs Bajrang Dal: Alt News identifies ‘unidentified’ miscreants mentioned in Uttarakhand FIR - Alt News,https://news.google.com/rss/articles/CBMixgFBVV95cUxNOUZ6SjBtX0lJMGZsUTYyVUp3R243QVVGeUwzWlhtcUozYk9IVnBYUzhMUENzZWpVZjFBM2JHYWhLdl9scHZFR081eHdCNS02TW5rS1RaNkltSG1xaGxmXzNVYUEta0k5cHdlQUFqRkZHc29aaDFrM1Z1UHljT1djeElyVlk2YVZ1RUEwU1ZGRWczVDU3NEQ4QzBNeGE2QTRMdUdqOW5SX3FUN0tTMXlLY3ljRlNocFp5Y3Fkc0hLeTFha204aXc?oc=5,Alt News,"Thu, 05 Feb 2026 08:00:00 GMT",2026-06-14T20:41:18.265661,blackmail,True,False,candidate,https://www.altnews.in/mohammed-deepak-vs-bajrang-dal-alt-news-identifies-unidentified-miscreants-mentioned-in-uttarakhand-fir/
threatening message Uttarakhand,"Threat Letter To Blow Up Haridwar, Rishikesh And 4 Other Railway Stations, Religious Sites In Uttarakhand - India.Com",https://news.google.com/rss/articles/CBMi3gFBVV95cUxPWE9YaS1Pci1uQm42bjB3U1RhMDBNMDJsTENkdGVwazFrNkRldG03UjVmWFZnSFVJUFQ3RmlJZnZoNzJybGNEd1JWRG5lVmhoRWhGVFpaZHJoNERvQWNUSEVUWS1VTldtMTV6NmNEaXBDelVybExjbUYyVlNmN3JLQlkzRnc1MVNEWURZOWM2OXQ5OEdGQk5DcGJTbDlCVHUxU0dVLTdBZDBFOXdwcm9iSTFPSmx2VllqRUhCeEZYZUE5ZDl3LUtUY3JWbmZqUFZjSFFmMnN0d0FjYWExN1HSAeMBQVVfeXFMTWFpNG0xX0hMRlBxOFZoN1R0VHpLekZKR2ZSOWVIZ0hqeG16M0NkNGVwb09mNVUxZUtWemVRLVp6TWpLT3J2VUM2MHBqOUZ6VWtTdUlXVVRZZ29zcUd0eXBQZGlaa1UtZ0xqSFo4VHJfN2c3T2hlNXhMazVRcU95NUZmTkVQVDZtdTNDS0hkWDR0d3ZXY2wwMzlkeXpfY2Q4T0UtNU1ZbG5tQWEyWmNCWWtkT2pEdU1La3I5VUtrMXd0NzEzUlUyLThWRUM2UzNJalFEaHkyc2hKR2JDVy1XUmR4SFU?oc=5,India.Com,"Mon, 09 May 2022 07:00:00 GMT",2026-06-14T20:41:18.265679,blackmail,True,False,candidate,https://www.india.com/news/india/threat-letter-to-blow-up-haridwar-rishikesh-and-4-other-railway-stations-religious-sites-in-uttarakhand-5381540/
threatening message Uttarakhand,"Uttarkashi: Cross marks, “leave” threats on Muslim shops, hatred spreads to other towns: Uttarakhand - SabrangIndia",https://news.google.com/rss/articles/CBMiswFBVV95cUxNQ0YzQlN4VDNKWEtwYmk2OXdiOGlMMmFtS2twNXNmNmh6bC01Wk15ZGxQOEdjMmVzS1lSeDFRNlhVWlo5RWNoLTZfd2VPMG80RE9CaWYwY0hGWmlDTHFiemxYRHZkc2lhVWxWNHR4VWdpQkc4OGpNUmIzVS1mb3ZRU1BHb0cyY0hFWWVfbWRiZEoxc21tdHhEZ21FVWswdzI5QjJKMEotSGYyX0czUFktbEl0NA?oc=5,SabrangIndia,"Tue, 06 Jun 2023 07:00:00 GMT",2026-06-14T20:41:18.265687,blackmail,True,False,candidate,https://sabrangindia.in/uttarkashi-cross-marks-leave-threats-muslim-shops-hatred-spreads-other-towns-uttarakhand/
threatening message Uttarakhand,"Uttarakhand: Dharali had a history of floods, but construction expanded. Now, more threats loom - Scroll.in",https://news.google.com/rss/articles/CBMiwwFBVV95cUxNcXhzUXhuWkZralVLU1BYNFFyb2dXZ2I2OWRpMTI5OGg5UUJodHM0RTFlM3FmT2Y3U3VQakxHTnRWN0UybENLSFcxbWQ2ZVpuU1RxTFNaN0IzM0JIbkNwcUk4LVc3RlZIZUNIRkZTVGRRRk81Zlh0VmNaWGxsZDBzZ3EwSE9hSDNRMWc2LU10eDVLd3RTZmVOS3F3SGJxMEdRal9pWTdiWU9Bc2V5NVJPQ3JmQ3JNV0xoMmJlaWpzcWdvYk3SAcgBQVVfeXFMTTRGcDRxd2hVSzFnWFNMbTdCazZ1OGpMcWpVQTJWSUhHSWpJbHRiekNsS1NGTkQyTFBVMlNfSDFmSjg5YnVaTVN5bUd5WjcyX0k3V1NQNlBUYjlac2JreFdjYjhPR3AyYTJYZXo4dW1KbE54amV3ZWViM0ZjX0wtT21zZXEtMzFEbllEVWRKd256TzdMeFJUU2hZV2F6bGVTX00yTkVRcGlkZ0g4TmM3Rk5IWkdUVVpTTkFmRlMwLWZyWlNZRlZYWG4?oc=5,Scroll.in,"Thu, 21 Aug 2025 07:00:00 GMT",2026-06-14T20:41:18.265739,blackmail,True,False,candidate,https://scroll.in/article/1085611/uttarakhand-dharali-had-a-history-of-floods-but-construction-expanded-now-more-threats-loom
threatening message Uttarakhand,"Many Muslims In Uttarakhand Leave Their Houses, Businesses After Threats From Hindutva & Right-Wing Groups - IndiaTomorrow",https://news.google.com/rss/articles/CBMi2AFBVV95cUxNQ0VUX0JMakNueTNQX1VCV0Q1blRtaG45Ui1XSExtSlZWVEVvWDVxOUxodGU4SDRhd2FwakRheEc5ZXc2ckZ6UzV6dDhqOHFHYlk5V1JTYTNpaWlWOXhLR2RiV3RNNHo4TTVwVTQwUjVFNHJNT3RNQkIzRUlJd1hWS3I5ZTROU3NScmNhQ2FpWlFBcTFLdG4yWTk4Qm9kam1jS0kzbWJScl9WTGJhRzMzNVlxZFdVTURNN25YNnkyTWwyZGc2T2pkV3VianZZTzJRcWpLa0duQTM?oc=5,IndiaTomorrow,"Thu, 08 Jun 2023 07:00:00 GMT",2026-06-14T20:41:18.265755,blackmail,True,False,candidate,https://indiatomorrow.net/2023/06/08/many-muslims-in-uttarakhand-leave-their-houses-businesses-after-threats-from-hindutva-right-wing-groups/
threatening message Uttarakhand,"Pahadi asmita under threat, Uttarakhand at crossroads: Hills in crisis, hate as distraction? - Counterview",https://news.google.com/rss/articles/CBMihgFBVV95cUxQNHl0ZHZuQVRjdi16ZFpwWWoteGVaN2NUM2QydHB4VG5rX0lJNzRzOXowQXRPZ3dxa1lUc0ZaR0JfRVN0Nm5SZ1lMNU5TMHdWajBUdks5LWR5bHJmUS1VUVhlQkxLQnUxdXl2TElQYUU0U3RiYXYyaHJGbUlOblR3bFItQlFNZw?oc=5,Counterview,"Thu, 05 Feb 2026 08:00:00 GMT",2026-06-14T20:41:18.265777,blackmail,True,False,candidate,https://www.counterview.net/2026/02/pahadi-asmita-under-threat-uttarakhand.html
threatening message Uttarakhand,Uttarakhand: 1700 Govt doctors threaten mass resignation over salary deduction - Medical Dialogues,https://news.google.com/rss/articles/CBMiywFBVV95cUxOaDYyTmZjYm4wamw2azZzZE9HS2Jkc2tHa3FuckJ2YzJvRG1UcTNadDhLeHdFQjExOS1MRTZ1ZDdjRnlvRHBhelBYMGRHNlZsbnNnV2s3bnpJTDNJZjU3XzFOeGdkaHRJSk9QUTNZUUJKYnFXWXNrZFJvRFo5SENtbjdRNUNmZktxMWE5MVR4Mk15V0ozYzIwUGpocVhSRTZNLUNkblVKZm9rdTdZTGExVUZ0cExqQjZMblNFc1l0ckY5YkFobDRucUFnY9IB0AFBVV95cUxQckdxTDBxYkdFYkRMdTk0NTZnbDczZmZsMFVGUEFPR244OHR6eElhbnFGclVldFNUQ1laTUw5TTVZTER5bVJUOWZpX05lTEJkNllOZ3FDMURxSlZuU1Zlc0RKbWxqR1JKTE5vR1pPeXVyb0xOa1BKamZGZzBLSlp6WmdFZ0tVOFhPWjljWkF2c1NwNjNVZWYxNGJwU2hPMkl6Q2JrLTJ3QUpjcG5JLU9DQkZ6cmVXem9oRG5yU3hwbTF4SHE0SjFIakd4UWNtN3BT?oc=5,Medical Dialogues,"Wed, 02 Sep 2020 07:00:00 GMT",2026-06-14T20:41:18.265816,blackmail,True,False,candidate,https://medicaldialogues.in/news/health/doctors/uttarakhand-1700-govt-doctors-threaten-mass-resignation-over-salary-deduction-69177
threatening message Uttarakhand,Uttarakhand: Forest fire in Nainital; Naini Lake boating halted - The Times of India,https://news.google.com/rss/articles/CBMi2gFBVV95cUxQOW1qRlBUOVc5XzJzcE54NHo0RlNQZV9RTnVVUGVnMEZvZEJYaE03TXk1dmh5QTg4eG1xVzN4ZEhBZU5Sb0NrRVI4RzRMQ3N0UkpvTzN0SzQ1TUVkdThma21nb2VGWkphVWUtN05xMk5TdG9zWWlYOG1YVXNBa0w2Z24wcGU3dENDYXo5STIwUmJTaWtSWUd1b3dVZ0ZLaWNqSGhyTlJMa0VtRXFDeUhBb0p0UXZXYk9NTVB1X1I3VUhFX0xCU3VZaHBKd3BzdDA0Ump3MlRyZUVlUdIB3wFBVV95cUxPRW55a3JWNkMxRThiYXp2RU9vWHJ4Q0pRMnNVMHR6ZmZ6LXJlWDF4OGxIdTZOOVZFaC1ya0paVGFKWTBrRUxEVk5DLUtDd2JPcVd1SzUtUzRuYjVQN3ktc2tjeVB1UE5ZQzFrd0ZmRC1oWEFSZnA5bFRjR25pTER0X2VtNGVTOGg4TlR2Z1g2NDJnNkRkNUtGZDc2Ulgtcjd6eG9UWFlkN29mVTNxN0ZFTWRvUW9Yam1EdVUtcVlzZEJqbHNUMk5Pcy1qV281X1Q5Z0VhRWFNS19tQmhlM3M4?oc=5,The Times of India,"Sun, 28 Apr 2024 07:00:00 GMT",2026-06-14T20:41:18.265830,blackmail,True,False,candidate,https://timesofindia.indiatimes.com/travel/travel-news/uttarakhand-forest-fire-in-nainital-naini-lake-boating-halted/articleshow/109643309.cms
threatening message Uttarakhand,"The divine bouncers: Restricting access to Uttarakhand shrines insults India, Hinduism - India Today",https://news.google.com/rss/articles/CBMi4AFBVV95cUxPLVhvT0NSQ21LelpIVXZIR0p6c1NiaWdMeTI3OFJxSUJmTndBX3Z0eVhKaENKaXp3MVhXVWktQTJJRVJmSndYOXJEaGpHN2dyZlUwYkVlMl94c2JYcjh2S2NMaDZ5X1g1b0FVaUQyV1EySnRkd0tkWGVjQ05zR0Y1OFVZclJMTFZaSVdDSjBTWUY2QjloYlNyNXVXZDlVTjdBbUdmREwxektnR1ZwczluX3d5c3ZuT0N5LXNNX2J4MXFGbmpOUzNveWRGaWdQOEFuTDhZQTlVVlZ2ZW1GRmNqU9IB5gFBVV95cUxOQmQ0WEFSQzJOOFhKX0NvbnhLNlE4ZjlQOE12V0ZWNk9YR1NLalptV1hVUkdxZ19uZVVpRHBTbHoweVN5bGV6T3FBN016V1NVVGk5S0ZkRTRjLUhrUmlMVzR0dy12WW9RY21iZFhkNW45S1FjbXpCcGxMR0VQYXlIbzBxMThkcFV1cnFuWWlBRVFFenFEamk5c3ZxRHJtR1llQjd3RDNvNjExMURQV0VZUDFhamxOU0Z4NHZWMGlmbHl3VjdHaGZOUVpRTXgxblh1MVZuVmZyVTN1Rk1WZmJwYTlubTc0QQ?oc=5,India Today,"Tue, 27 Jan 2026 08:00:00 GMT",2026-06-14T20:41:18.265842,blackmail,True,False,candidate,https://www.indiatoday.in/opinion/story/uttarakhand-shrines-kedarnath-badrinath-non-hindu-ban-hinduism-hindutva-temple-committee-2858410-2026-01-27
threatening message Uttarakhand,Uttarakhand elephant ‘heir’ to Rs 5 crore property - The Times of India,https://news.google.com/rss/articles/CBMitwFBVV95cUxQVzJBaW1GOWNNWEdkUzhhRm1RNE9tWWp6ekZwRWlQVzg3UHE4dG93V2c1RmVkeTU3X0JBcm54R3dITXhEeDNwMm9kMjljVUtYYWVwOHktejZBUV9UMlZtQUE2eDhuODdVUjY0ekVwc3RMb2xlNXg5MDZmdGZSeXNuLVZDNkZSNmE5WW9ublhtOVhsZHJlQWtadEl5Qi1iSy0zdHVhWmdFb3pmVVhabHpXb1Noa1lSZ2vSAbwBQVVfeXFMUFVhT3JFOFRBV2RiTnFZWVcxNEY0ZFZFWmN3aU5RbG9zaVZpMXFRbGl2TGF5dEE1SFl0cFZLdUQ2VUFiZXhWYVZhWUFwZWJSczZmZ3FTODMxcWJ6cmRIUTM3czB5UUo4bWRyMGRmWFRzQU5vRUdQSnhhazBIc0JCRTNvREJIaXY3Z0RPWWFVbHlmeVpjSGI4dnRLd0RlM0s1aWxQdFRRR0tQMzdOdUhPNDAtTjUya1pDdWt1MXU?oc=5,The Times of India,"Tue, 14 Mar 2023 07:00:00 GMT",2026-06-14T20:41:18.265850,blackmail,True,False,candidate,https://timesofindia.indiatimes.com/city/dehradun/uttarakhand-elephantheir-to-5-cr-property/articleshow/98620596.cms
threatening message Uttarakhand,"Avalanche threat in Ladakh, J&K, Himachal Pradesh, Uttarakhand today due to heavy snowfall - The Times of India",https://news.google.com/rss/articles/CBMi-wFBVV95cUxPTjJZd2s1QkxTSVRJWGk4bVRqNVdBOXhaVFBIWmRmWG5JR3UwX3NZcWpwMGpxT012V090YS0waThqczNJNlY3UlNnbG5MQU5Ncnp5MThQVDdOczd2YTVXS21JVUpnbHBsT3IzU2gwcDltbFkxMVFiNjJ3UnA1bklUSXdLMFhFdU5hZG1kSDVOU1ZtYm5rWUlzQTJiT2hHaGJvTHYxakl2d09mUnRnTlF3NjBKZC13VFNWc0YyYUVlU29INTRmYUd1UmhlWmpZSXlzYXRBNUxQdDd5YTZadEFoLWFOVEtkVWZZdUUtWnJySF9TbUE2a0xEdmtxb9IBgAJBVV95cUxNNzRLS2M1S0V5N29NZWpjc1NMQ2wteVNGSWxhRWRPWXRkeFM4VHNaRldyaDVkcXNZeVU4dGtlUi1FWXotdG5zQkRjOFUxUEpBVjY3NHhzZTVSbVpncy00YTZTUXp0RGNsZnpFRklrRTJlQTlHcTBraER6bGtsczlJTUNPclhiZ3hxczBjaE9kNm1oOW1YNHd5VEV4NnFGUDRhR05RLWNUQ3VURmU4NHpQeFN6eGNLN05UOERmRThMV0JYVUNTcWhDS05ZREVBOXRnekYxenhSZzNaWHg4MHdpWHc5UGZzbW40bExTeHUwR0hwQUFxZV9qM3FIU1RXN05V?oc=5,The Times of India,"Mon, 13 Jan 2020 08:00:00 GMT",2026-06-14T20:41:18.265867,blackmail,True,False,candidate,https://timesofindia.indiatimes.com/travel/destinations/avalanche-threat-in-ladakh-jk-himachal-pradesh-uttarakhand-today-due-to-heavy-snowfall/articleshow/73224173.cms
threatening message Uttarakhand,DIG Nilesh Bharne supervising rescue operation at Chamoli in Uttarakhand - thehitavada.com,https://news.google.com/rss/articles/CBMivgFBVV95cUxQNDF1dDc1TWFvUHRHdGk1MXEzRUtRTTRXNzU5emY0Q0F6amMyRVRRRTh4OEN5NVN1M3hPWDdXRnhWeTJDM3dMVXpfUDRTTkdQamJWY3dKdGVYTWd2WlBvcUgxOFY3anpiQkIxdEtnR3Z0MUlQRTltVkVNYnZFMWFxaWc3SzZ6OGxhUnFvanRGTUtBcnZpeEwwNjFhTzB1X054WEd3SjdMa25LdHdtd3laMmJEOGxoSi1WYUV4ckNR?oc=5,thehitavada.com,"Wed, 10 Feb 2021 08:00:00 GMT",2026-06-14T20:41:18.265890,blackmail,True,False,candidate,https://www.thehitavada.com/Encyc/2021/2/10/DIG-Nilesh-Bharne-supervising-rescue-operation-at-Chamoli-in-Uttarakhand.html
threatening message Uttarakhand,IMD launches sophisticated weather radars in Uttarakhand and Himachal Pradesh - The Times of India,https://news.google.com/rss/articles/CBMi3AFBVV95cUxQd2EyQ1puUTFBbkwzYWp1SU9JQmZWQU41TnpNZkpNSV9fRjFGZUpNSl9seTYxSU9oMVBxYTNqNWRZQXpncnhWYWxtNmZyb2hwMFE2QXhrNHJNWU5nN0s2ZU5vRHlLOHRBSTNZUXQ5c2NoNnBseW54ckRqeHdEVDBKNnVIcmVhNW53TXl5ZEc2X1p3M3FHUWVlSDhoMUJnYmFYeUZJNEdzN3UtX1N6NTJkTjM1aUJ4VXlPR1F3VTZ3dW8yUWpXX1diU0Jlb3Z2UnhGZFBPT3ZNZUd6Z2JH?oc=5,The Times of India,"Fri, 15 Jan 2021 08:00:00 GMT",2026-06-14T20:41:18.265927,blackmail,True,False,candidate,https://timesofindia.indiatimes.com/india/imd-launches-sophisticated-weather-radars-in-uttarakhand-and-himachal-pradesh/articleshow/80290642.cms
threatening message Uttarakhand,Uttarakhand to Arunachal: How China uses its troops to deliver a ‘message’ | India News - Hindustan Times,https://news.google.com/rss/articles/CBMi4AFBVV95cUxNeVpuaWdpYXdoVWl5WEdCZVJXV1RSMG1iUUhubnpZTFZDd0VNcmFlY3EzVWFwOEVMWGpWcVJUZm1tVURuSlViSzZseHRESDNtcXJmX2lGS2Uyck5vaVpSdDRjMzg5TVBHODV2WUVaZnlSaUc3SjNabmJFTUFXOVoyYi1NQVotLXNhcGJFYy0tVzNTV1hkTEVtejNBUUZGWVZDall0azREazdkM19rcVR5RFVmVkVfazZnbk16c0JRTFFkT1dCTU1ocHNQaEJEVG9Db3dyRUcxZTRUQlh5N0xzc9IB5gFBVV95cUxOZUdvUTZTOTNoUWZrTnMycnpmMVQ5azBlNVJ5WTdzRlhoYVJ1cHVtZFFEWjRET1MtLW9vUFM2eHdJUUVDMEFuenpJbUh4WjB5UmNhYm43TmJBMUhfQnZmTnhqdTJiMzZUWmVEUzZ0dnhKRDhTa0ZaVFQ0bVN1TFl2TjJEaEg5SHRmcXBtVFpqVzNhaGpsTjBRbTNVa0xnSTNXbnZPV0ZUS29nMVc3dUFTWGJDdGtvNk43OHlval9MZjI4SlRfdnF3d3daNGNCeW9xdDZPby1qWFhLcGUyTzF2dWNsdEd0Zw?oc=5,Hindustan Times,"Thu, 28 Jul 2016 07:00:00 GMT",2026-06-14T20:41:18.265973,blackmail,True,False,candidate,https://www.hindustantimes.com/india-news/uttarakhand-to-arunachal-how-china-uses-its-troops-to-deliver-a-message/story-bmtpM8bLe7RBibyN4FYNBL.html
cyber stalking Uttarakhand,Third arrest in hate app: 21-year-old DU student from Uttarakhand - The Indian Express,https://news.google.com/rss/articles/CBMirAFBVV95cUxOWTJRVnFFU1hEZnJHeDdDZDVfemhVRjNVdlIzV3JMZ2U1TmI3VkZ0QUM2WXJUUHhrNG5BeGRUUUtLdy1OVF9oR2M2UEtWdTh3SGg5aDN0V2NiZzJSaGh5WEVFVi1NcnRtXzFKUVdORzBxRk9tQ0NWQ29PT0lOUjVoNGwtbTZibzZRdC1WclV3bWVjVE9LRDF4ak5VTTN0cGpna2VNMkR3SmpFYkFS0gGzAUFVX3lxTFAwRXlmRXQxdzhkSlZWbU9rQUdPU1RONFc2dTFmcjRGZW9sYnJtQmxpeGl6U2FubWsxWXFDX3VZVDdGcDhrV1ZvU0drY3BXMzZnVFd3RGFVQmc5YzNsN3M2UjA5QXk4ZWtWc0llcHRjS1VVbklDMkF2c0N2dEw2dnJtQXMxcklBNTZJZVVqc2RQSGNkLVJtbTI1dkxhaGxaeFFBSXRVWVVHcE1mYjcxN2VTeUhj?oc=5,The Indian Express,"Wed, 05 Jan 2022 08:00:00 GMT",2026-06-14T20:41:19.776613,cyber_stalking_bullying,True,False,candidate,https://indianexpress.com/article/cities/mumbai/hate-app-case-mumbai-police-arrest-one-more-student-7707047/
cyber stalking Uttarakhand,Third arrest in 'Bulli Bai' app case: 21-year-old Mayank held from Uttarakhand - The News Minute,https://news.google.com/rss/articles/CBMirgFBVV95cUxQaF9mSHU4N0dNWEpCdzNqUExJeXNRVHZLUk9VS2tLd1FreGFZbE9ERnRPT2xRelRySWdLZkxhUTlEVUsyN3VqUzFzVmRMWGtqMHZqN3RSYmctVXRiQVc5UkR3cms5ck0xc2o3ZERfMUtldEd6QVY3aWU1VXIzcDNxOG82Um1OZGlBM3Y3Wmk4cGlyaF85dW1ydmRNM0tLckQ2Yjc5QU9EVVd3YjZqLXfSAbsBQVVfeXFMTnB6dnZkZmw2SnVrOTMxMXc0SGJxQXZ5dUp6LVM5OGFldk45Z0dvOFdUeldGU2x0Qzdac2J5ekRjUjVIOGhKNlhDanBuMC1reUpIemluMDZMbUhfYVJlUnFtNTlURDRjNXFXUWJRTTRVQTNHNkJ2ZDkxbDRKajRBWk5WZFVaOXJHQ21rQkZfV04yazRMbTdLTFdPOExIOFRlNzVSbTl3VE5LSzZycDRUMW5aVl9PUzJWa1dQZw?oc=5,The News Minute,"Wed, 05 Jan 2022 08:00:00 GMT",2026-06-14T20:41:19.776625,cyber_stalking_bullying,True,False,candidate,https://www.thenewsminute.com/news/third-arrest-bulli-bai-app-case-21-year-old-mayank-held-uttarakhand-159502
online stalking Uttarakhand,"Hindutva mob harasses Uttarakhand shopkeeper, ‘Mohammed Deepak’ steps in - The Siasat Daily",https://news.google.com/rss/articles/CBMiowFBVV95cUxOcllKMzRuYUt6RkctTWhYYmdsTWhqejFoOHJQV1IyOUt6RS1KU1otM05WUzZPNi01QTZWWUNSVVExY3ZzX1o4aUdYZWYyVGw1MkJpTkJCdl92TUtyWG52WnI3aktFOTRiUzZBdVZLdjJFZ293d1hlMzhwdnNKWjZHNGlBRWVkVW5OYThzV2RjaVFVS1NmZzdQT3hKbE9MYlRPak5z0gGoAUFVX3lxTE9RVGhUM3pmRHBIUlBPNUdOYzFvVEViUGFBSEZuemp0UEhWUXl4aWhVWW9JYWJubklsWFZiN2EtNGU0blAxNkR6U1d2T2FoRzBtcG1ENzFXSkRKaUtKRHdidjdWWGY5WEt3UlhRbzdobTNsRWtnMFp4YlRCZF80OXNNYmdJa0V1bzMzYWdYZU9jZ3NHVk1VcHA3SEUxTTJKWGUzcGZwNnZHOA?oc=5,The Siasat Daily,"Sat, 31 Jan 2026 08:00:00 GMT",2026-06-14T20:41:23.371941,cyber_stalking_bullying,True,False,candidate,https://www.siasat.com/hindutva-mob-harasses-uttarakhand-shopkeeper-mohammed-deepak-steps-in-3334185/
online stalking Uttarakhand,Watch: Group of men in cars repeatedly harass two women in Uttarakhand - The Times of India,https://news.google.com/rss/articles/CBMi0wFBVV95cUxOZ1ZZRnRPbUZLTWtvbVhpay1LdlczdGtQMVJKcnFoR21MVmVRTlpKeWQ3NnFXcUF1aVc3V2VXYXF6ZzhGTEVIVkxuaUxIQV9lT0dRTTY5c0Z0eUVjUk44TGJGSGp3b1o3RldiUkNHNW5Ua1N3Y202ZWh4T2NIblctMUVjUWZyR3Y3Q1Ntb3lqZDM3ZnBkczRhSm9ZSjN0OHNOLVlEN0xpc0tpMk5WVTdHajhwOWtoMnBtQi1xUUFxaVMzYTV2NWtnd1V5bVdxMkdLa29N0gHYAUFVX3lxTE1PQVR4WmVWQ0ZaX3BickRxVGxaQzBjaHpqSWltX2RWZkU5ZmxQc1JNUDc3ZnlaLXhBdmt1M3R6d3FCdmJiRXExSFVZcHVGajhVM2EzblVaUjZJcUZqS1h0UmtnU0xiaENOdGNKU21DZk9DMnBMZGQtdWNTQ3ZNWFlmUHAzMWJ0Ykw5dnVjSXBXcUw0YjllU3N4SXY3Sk11RGcyTlB0eS03SmlMZXh5SFpLalBDSFltcU5LeHljcWtPaW05ZmlZemhmNGRTdEtEUFRXQm5aTU5weg?oc=5,The Times of India,"Wed, 28 Aug 2024 07:00:00 GMT",2026-06-14T20:41:23.371965,cyber_stalking_bullying,True,False,candidate,https://timesofindia.indiatimes.com/india/watch-group-of-men-in-cars-repeatedly-harass-two-women-in-uttarakhand/articleshow/112871756.cms
online stalking Uttarakhand,"Girl, 18, set on fire by stalker in Uttarakhand dies - The Times of India",https://news.google.com/rss/articles/CBMi2gFBVV95cUxNMWkwTmVjc0RmdTNydkZzRDVETC1iWUh2VU5EVktvRUlUckNUZkE2QmtxNFpQMjZfVWhVNlRNem16d3hqSnE1YmFMZ3VWSzNoVHdCdkZhWnVTNGk5eFcwTmF2MFFDa3MwYjlfZWlFN0laejh1WGd5dFJtQUlUZF9haUxyNXpLS1VFMUVxakFWaXJFMC1nM2FNWWI5NWxqOWt2WGU3RkNjYnc2WG9weENCOXBIcGNkdlY5QVpURnhJOWN1TktPdlVCeW5selRHZ1lZVlBueElXRm5RZ9IB3wFBVV95cUxPcFNUWEExQ2NyOU4xazBaY2JaNTBoNmc2dGdyMmFHT29ibUF2YW11bnJtVW9ueGs1UC1JSDdwNlRVQ2Rtd3RJdGJic1lQNlp0RTNVUTk5ZkNFSURMZWY4bUI5VEhxN05LTXB5MERYVU9DV3pON1oyVnExZy1EQXpsVnFmSXFvWTgyRW1nRlhiUzktTTFOcHhFRFc2dVNrVy1KalJVZlFpa0xqTXhERm1RazVlcUlybFlDWnVZclNMcWVzOF9mcDdzX0FyaDI1Z0hFM3VIOHJJbERUVnZIamRR?oc=5,The Times of India,"Mon, 24 Dec 2018 08:00:00 GMT",2026-06-14T20:41:23.371975,cyber_stalking_bullying,True,False,candidate,https://timesofindia.indiatimes.com/city/dehradun/18-yr-old-girl-from-pauri-set-on-fire-by-stalker-dies-in-delhi-hosp/articleshow/67220222.cms
cyber bullying Uttarakhand,"Holi celebrations reflect Uttarakhand's culture, faith, and development: CM Dhami - The Times of India",https://news.google.com/rss/articles/CBMi5wFBVV95cUxOTlFxMmxCNVBkUlFBZEEza0RqOFBWbm1xVE94YWVDQkVuU3hDVXMzWkJGVmhib1hNaWtOTzRXS285NmdGdmswaEV1RERLcUhCTVZjakYtN05PU2VfM3RMVlVCUkxXT1BsYXZiUWtBNTQyV1F3b1pWUThmaGZOdHFzWWJNOEJqQ0todWhvTHFuUjlzLTFyWlZNVjJCNXJqckpaV0wyUkdaUzBWVnloZ05HWEhPaGhPbW1hT2pUcFVrRV91eWFxbTc1SHZQYWhfWnl2TnhvdHkwU093RXF2NjF3YWJfa2VFbmvSAewBQVVfeXFMTmF6TlRaeUM5dEhkVzhINVhSWUtMRFVRWHN4SVY4dnd3MkJLMUMtUlp5RXFSYUpsZnZYSVdLOGZQVlh6NFBaYmNTR2lfTzVIXzdjdE8wdm1Ob2ZQa19Bb0w4dGVNSzJEOTRnQ0R1MXVpWnNmTzRrZTk0THdKejM3STBQM0RacWVSc3BVMTU4dGpSZzJwUXZXbzhIREQ2Z2hJT3oweEsxMDdSeXdsR3FaeGNFQzYwY1RUTjE1dFY0UFpUaV83N3N4cnlLTjlEZjVyaEJQNXhLS2M1RC04ZzVIRHJmS09uRGRYd3lOd2Y?oc=5,The Times of India,"Thu, 05 Mar 2026 08:00:00 GMT",2026-06-14T20:41:25.213431,cyber_stalking_bullying,True,False,candidate,https://timesofindia.indiatimes.com/india/uttarakhand-cm-pushkar-singh-dhami-celebrates-holi-with-public-at-official-residence/articleshow/129087974.cms
cyber bullying Uttarakhand,Govt to explore alternate road to connect Bhimtal with Almora in Uttarakhand; will help decongest Kainchi - The Times of India,https://news.google.com/rss/articles/CBMiqwJBVV95cUxNUHduQ2ZwYkQwRFMtRXNFSU5kcVhXWW4xUHR4TV9lb2VUcnRyekVnRGhTMklaMHlhaUpGOVoxaWh1TGdsd0w4Wm9QNFUzaWJMV3h6MDRUMHctZ3RpSkd3S2lXcmtBZXNUbEphRFVPa3hnTkhtb3lQUGI0R0lva3h6dnMtZHluVVh0YnRRTElrRk9tRkFKaHJNSTVmQS1rX216bEJyU3lyNzd2X1FBVkdVM1l0bF9MeUUyR2RFdXNaX3F4ekNmNWFqY2ZSUDl1MGZDVlZrWXpYWmxPZU16YWFvWElGMG5qTnViZXhocXQxOGJJc2pWdnRvaS11RUdQSWZUZVlwZm1hWFFjSmpGX2VMNFpQcm9KMnVfNVlqalNXSjNxbFZpampSTmYxVdIBsAJBVV95cUxPQUZoQXd2MEJBNXVqeXVwSUJaZlYwai1iampRTjA1b09leTg1X3d2R2FtVExlbnlacFZPWXJtOENobThKdmVuaFN5OXF5SW1LY0s4cEcyYkx0S0YtTlBlelMwQWw2UzdKTzMzNXZ3cGVNX3BQYUNfMk1ZTmpvNlYwUUpNb0d4NnlEeGFQQzc2b0ZHVHZ1X0V4QlZkRWhDMGdfc29Ka254ZjhSRlpIR0c4Wk40RHVYdFRBSUkwNmVUVVVadzZfbkhPTG83LUhTZ240anphUDRPd0JKckgtcGtnVC1sUXZWaUFHaWZobkFfbVRZcnB1R1R6SW92cHBUYXVsOXZXWUpSanRic1ZjTWYzWmNHQlNmcFZubExfMmI1NHQ4UDJtSC1Wa0s0c2h1X1FC?oc=5,The Times of India,"Mon, 05 Jan 2026 08:00:00 GMT",2026-06-14T20:41:25.213528,cyber_stalking_bullying,True,False,candidate,https://timesofindia.indiatimes.com/business/india-business/govt-to-explore-alternate-road-to-connect-bhimtal-with-almora-in-uttarakhand-will-help-decongest-kainchi-dham-stretch/articleshow/126357682.cms
online harassment Uttarakhand,Uttarakhand–Haryana Row Triggers Social Tension; Leaders Appeal For Peace Amid Rising Online Hostility - ETV Bharat,https://news.google.com/rss/articles/CBMi4wFBVV95cUxNSG9kNVRFTk4xR2RUWGZyQmo2dW95eGtoVk9hbDhCQWJEYlJLT3lLYWxYNF9lSjYwLWI3OEcwN1NVXzdycmEzbEVZeEJHWFdRSjA5WEhzYnFCTUdwNmlWbjI5WDlIeHZPOUk4Tmw1T3dZOW80cE5IbW1SdUw3TGUzYmk1SldwVHhxRGIzejVZV3Z3c1p6akYxbHkxQUlrU1dZVUxxVHFOVENyaHByaU1kT2xjT2RnWmRiUjY2WGNRUVVkYll1WTFhWjZHSGJrb3BCbGlTOHFXNVltMi0wZjVaS28tMNIB6AFBVV95cUxOZThSR1FnT1FiWHJjcTBHYmlyRmVQSXJHWURyUWZRai1rU2VheXJWS2QyYzlKZVU5R0V6b0pzZm5SaEZYNUpyUjhNMWRrSlVoWVFueVlsRTN3Sk5Za0pIRVRKYlQxUE13SVR5QzNPc204Mk5qV3c0U2F2dmlUTUxVWGtHQzVlcnlqamxkd0xhODlhNGlQZTFKR0dRMXloTHluWDVxWl90Y01DWVkyZkYwWE9jRE1qcU5IVEE3YzhMa0lraE9zbDB0Z21pV2R1bXlCTmFFU2F6TENxRmNDNktidjN5MWU1WDJE?oc=5,ETV Bharat,"Fri, 29 May 2026 07:00:00 GMT",2026-06-14T20:41:28.963972,cyber_stalking_bullying,True,False,candidate,https://www.etvbharat.com/en/state/uttarakhand-haryana-row-sparks-social-tension-leaders-appeal-for-peace-amid-rising-online-hostility-enn26052807373
online harassment Uttarakhand,Uttarakhand youth dies by suicide after alleging police harassment in video on social media - The Hindu,https://news.google.com/rss/articles/CBMi9AFBVV95cUxQWlV6UERkMTBHN3hLakhUWkM3OWpIZWNEUUg0aE1taU8xODV4QkRQMk0xTDBtWXdfanBDRFpZX1RGRzB4WWt3OXQ3aS12WUZQdjJKQURsTTdHU2lYZWdmLTB6amRCX2V1bFdvWEk2MlMza3JTN2x4UVdvWTZ0TERIcS12elBZRjRLNkZLRUpRYWZRMW9ycko4dzc1Yzk1QUFqcmFHQWdROFU5TDFBblo4ekxhSU9vcmVieEVXWVZ1OGRGNmstWlpreGJtckx0Ukw2WXZ3OUh2Qm90OVdXRG1QSDA2NWlDbWgtSFJSTU52QnJYbGpS0gH7AUFVX3lxTE9SaDc3MFJnRGRsMFVEbnJkaWlKTlZKbE55RGRoSTJnbE4xRkRFdUVVd3FhS0hYM2tyQzdhTDhFTng2c25vMWFTU0k3bDdHNGg3Q2FEVTR5SEhmak5Henl6LUpOUFZ6MThldDB5b3F2OUdNSkNXNG50NERaNWVXcUlOYzJUMllQb3pBaUcyVlJ1cFFtdlZzOENyMWpMQ3VLdkxSTlBzS1NLY25MdkhZVExtdHNyd29jdlJLSm1oZHdPenlyd25kRUdfcFBZUUtvX0N0OGtuSzRWdFhFZXlXOEFyQW1nMmJzQWFoakhVUmttOXA5dHFBWmpHLV9n?oc=5,The Hindu,"Sat, 02 May 2026 07:00:00 GMT",2026-06-14T20:41:28.964038,cyber_stalking_bullying,True,False,candidate,https://www.thehindu.com/news/national/uttarakhand/uttarakhand-youth-dies-by-suicide-after-alleging-police-harassment-in-video-on-social-media/article70932302.ece
online harassment Uttarakhand,Rohtak tourist alleges harassment by taxi union members during Uttarakhand tour - The Tribune,https://news.google.com/rss/articles/CBMivwFBVV95cUxQei1OMVFSaThVRFNULTkxVUxXOUFKTi1WclY5RjYyNG1qdDJUQW5VakN4VnRkU2VVV2J4dzRjWUMwcGloS0JSVV8tQzIyc0JhOU1BMDNxcUJmczB6Q2FHcjAyNUdnc0RyQkp1M2gwZmxhZTFOM1pRUW5RYmljakJ5bEt4bmVUVjVwRlFnNHdnRndaR0FNMEN4LU04QWlFOVI1NGctWUpSV3RlWmVqYzBJMWdIZUJraG5rSlpJQndKVQ?oc=5,The Tribune,"Tue, 02 Jun 2026 07:00:00 GMT",2026-06-14T20:41:28.964053,cyber_stalking_bullying,True,False,candidate,https://www.tribuneindia.com/news/haryana/rohtak-tourist-alleges-harassment-by-taxi-union-members-during-uttarakhand-tour/
online harassment Uttarakhand,Gym owner becomes internet sensation for confronting mob bullying Muslim man in Uttarakhand: 'Will not bow... - Moneycontrol.com,https://news.google.com/rss/articles/CBMi9gFBVV95cUxOS2JBRlpxcEhtREdiQm1iZ19ZWlpKYlhVa3RfVGRSbE1GLTRHTl8tMXc4TmgyeWdmT1d4OFotU1ZpYTJpeURNblAxMXdjdkVUNnVISUNreW9nWUdGTkhtZXVaaG5CNVBaNkduM3hmZEl0S01ob0dIN2IxdHl5aEJEZGJabWRDX1YyMW5Ud1RIb1V4OGVHVDA1dTB0RC1kNjE0RnJlY0t1bGo3X0M3TGRtbXRBS2FQbzQwZGZQa0Etd3RqV01VNHVaYVhiT2R0TDdEOWlBejNOazZlc0ZfZVNheUg5Q2lldU1XX2FhenhGc2FuQ2lGVnfSAfsBQVVfeXFMTWtMbURXY1dEVFFMcTlYV0UyblRFaHZBa1dPTW55RlRuZFZsYWVDRXVOSW51MmhrWTJHeDVzVjJiRUdPckcxTm1BbFdiWXIyTXhNSXVENlZWMDlRb29nS2xqZVJTbkdPN1l5c2tXRE44blFDaV9qTkQ2TVVXLUhQdTNkMFE5THJ4el9VYjlFYUtSM1EzOVNXRTIxVE5YYzBhWVpRNFRfVWtCQk9aYnFnM2hMc1hfakt5RDVsekFhVmVwaGRXRXJMcGVCVUVseHlJVnByYmdnV2FrNDJVSXpuYzcwb3gySTI5S212Z0MwM2lScDltdTlNX2VjSkU?oc=5,Moneycontrol.com,"Tue, 03 Feb 2026 08:00:00 GMT",2026-06-14T20:41:28.964096,cyber_stalking_bullying,True,False,candidate,https://www.moneycontrol.com/news/india/gym-owner-becomes-internet-sensation-for-confronting-mob-bullying-muslim-man-in-uttarakhand-will-not-bow-down-13807948.html
online harassment Uttarakhand,"Uttarakhand Govt implements the UCC (Amendment) Ordinance, 2026 - News On AIR",https://news.google.com/rss/articles/CBMijwFBVV95cUxQSWowZWhhVjVXTW9ZX1prLVdJaHlycWN3MzZ5dldiS0xkbDk5YlJtUW5SZ2F2RF9qVUdpVlFXNURuanJDSmhia3lNMC02NlBrbDVyQUhfeVh4ODhBWTZ2VWhzZ296UmRpSE5hS0V3UWhLOUNTdGRaNHZ3S1Zkd05GUVhJRkcwNDd0TENHTzFsWQ?oc=5,News On AIR,"Tue, 27 Jan 2026 08:00:00 GMT",2026-06-14T20:41:28.964221,cyber_stalking_bullying,True,False,candidate,https://newsonair.gov.in/uttarakhand-govt-implements-the-ucc-amendment-ordinance-2026/
online harassment Uttarakhand,A Software Update Is Keeping Uttarakhand Police From Filing Cases Under the Year-Old Uniform Civil Code - TheWire.in,https://news.google.com/rss/articles/CBMi6AFBVV95cUxONUYzd2Z2Wk5vVHUzQUhUWUtUUEZuYUZ1TGdrVTRaTnNzZTZRR290Tzg5eWM3OVdWbnVBV2ZyakZRbUdkSEZPcnllLVpxcXBzbzBJOEVzVHRFdFk0dVpoZ1lSRWVyeEo5QURWc2lQbGJseWhMMXl5dEtYY2RoZF9iUUtkcGs3YnJtZmF0c0VZUGtoUFo5LXFxeWhiMWJZNWhfeTZqWFREbW81N0pIUFo0N19wQnBxZ3RuTjFrcGtUVS1rSDNNdXVlVWdMSG4yenRjV3M1V0hFMWJTeVRnbHh3dFltLU5pN1Nx0gHuAUFVX3lxTE5hc2thUGRtRVY3bkx0S05tMUhlSGE1X3Q1M3JUWVhxNUdYdlJ1UFNzY2tYb3hxVmVFaFlhSm9NaUFWbEgwUXMzclFpa2Q0cnN4Zlcza3dGLVFmb01zQ3pSLVJZQUxFck1uN0JBeVEtREp0bzdkaE9VSGhRSUMwTDFmSFh3R2E5RFEwUkRjTmszeTVqMVgxV01JZUYwU1U1T0ZtRUFHbmlvUUdxZ1g0NVh4czFSdFBRWF9uazBWY2ZVZ3dCZ1FsNWNRZmtpaVBqUDJOcjBwLVdSZnVnYnR3d3IxMlo3dTJmX1gtemo1Vnc?oc=5,TheWire.in,"Tue, 07 Apr 2026 07:00:00 GMT",2026-06-14T20:41:28.964235,cyber_stalking_bullying,True,False,candidate,https://m.thewire.in/article/communalism/a-year-after-implementing-uniform-civil-code-uttarakhand-govt-fail-to-enforce-it-due-to-delay-in-software-update
online harassment Uttarakhand,Alarming new trend in Uttarakhand: Violence against women going up - The New Indian Express,https://news.google.com/rss/articles/CBMizgFBVV95cUxQdmhldG1vQS1BUFVtYXJFekFDalJORHhQY0FFTmw0MVJqbXkxaEF1OXNDcWh3NEVjbFN5bkpsc1BuOTZZa0RVUVFiR01VRncxMnJrWkNTcU5lSW5wNkdfb0pTLTdaNG9sWlhQQU0xR3BxUktUNHI5c2FENjEtZy10SjRRWkdGNWk1T0UxaUlFMUJZUFpyMWJTTE40RXZxSE1xSnN6Z29xS2xFNzMtek0ycmlzM3hoWFUzZ0ZTLWlCdnY5bnVXNTlwbWQ4eHRwd9IBxAFBVV95cUxOWjMwaFpzRHYwaWlpZ0hHeXF6RVVaWDhvT0o3ek16UG12eTZBTnF4dFREcndad1MxNk45RV9YQ0NIUURYXzNXc051OE9WVzdnUmh1STlyMGNwVFROSjJ0U2liaGR3Uk91anFkcm1TWGpMRlZ4VjBqYmtmNk90Zi1BaVJXSWthWkNlQTFmT2JGMmtOMERtYldHdXFkdTNXcm1zSGhybVgyT1doYU1uT1VyR1NlT2UxaW43cTdnbzhhTVpJQlV4?oc=5,The New Indian Express,"Mon, 22 Jul 2024 07:00:00 GMT",2026-06-14T20:41:28.964264,cyber_stalking_bullying,True,False,candidate,https://www.newindianexpress.com/nation/2024/jul/22/alarming-new-trend-in-uttarakhand-violence-against-women-going-up?botrequest=true
online harassment Uttarakhand,"Jammu and Kashmir CM raises Kashmir shawl seller’s thrashing issue with Uttarakhand CM; Police lodge FIR, says JKSA - The Hindu",https://news.google.com/rss/articles/CBMimAJBVV95cUxQUWZWUHBzVVVwZG9HWDhYQ1NmNnFkSlBqSHJrdDY0OE9rOEJIUDlkYjFsdkpnN3JFVHBPc0JBcEhLQi1QSExjX2Y2N3NCUnZEdk9tTVdNLURmNTF1cGtCNklaRTRWUFM3aFlEcGEwNUItRzZmWWJvUEtKMk8wNlQ1Ny1BVDBITmhvb3hKSE43SVBUd2dpUFRibGpmbzYtYnJFNnFRYlpjRGdRRDFhYWpPUGQ2MFEyRnZ3ckg2V0hQTXV6aUx0enVhZ2pFMjFhV1NXTTNYalZTMEpGOGVUanMyM0d2NURoZzRpcUJvZC1hdFJHZFVERENObjFCM0FiS2o5R1BYS1lLTjd0MzBXS2lFZ1JBU0JpQnhn0gGfAkFVX3lxTE55aEgzWDc3QlBNazFiVVBQOWU3QlBoLURaU0tGSFF6Z3VrZGNEdzhZX2U2bU84UXpMc2RlQUQ1Z3RfZldWRnpvRnhjdFRqYkpqT0R3TGJLWV94eG5nU2I0cTBTMUd5OHgxajZ0bkVpbk1LWG1nQTRVcFliU2hQZlBjVlZfWVdSTXVKY1cxYllXaWJSTkZYdWgtaHZEYmU4Z3NXSlBacm1IS0dIRjR0cmFZNWhZbHFPelRQNmcyMlEydEpZSGZaQldna1NZdDlRX0MzQzRpNGJpblA1S3ZobUxVZ2ltY3VhRlJ4OUVvblYxV0VXbG01VTc0cEVwVlotTXJfbl9jRmpNUlV5SXk0WWswakE4UnF5Zmc2bkU4cEVz?oc=5,The Hindu,"Fri, 30 Jan 2026 08:00:00 GMT",2026-06-14T20:41:28.964278,cyber_stalking_bullying,True,False,candidate,https://www.thehindu.com/news/national/jammu-and-kashmir/jammu-and-kashmir-cm-raises-kashmir-shawl-sellers-thrashing-issue-with-uttarakhand-cm-police-lodge-fir-says-jksa/article70566390.ece
online harassment Uttarakhand,Uttarakhand police file chargesheet in first ‘Nikah Halala’ case under Uniform Civil Code - The New Indian Express,https://news.google.com/rss/articles/CBMi1AFBVV95cUxNcGxXUksyRkIxLTRqdkNIbVVNaTY2RWxyTU1xM3hBbko2dHRkTEFDbGpJR0N2YURuLTBZZzBFRHp3eldIV1NwUVZsMnd0YTBvVXNHMUFKMzhVR2RDTV8xUUtCcWtyWmtWZThyTVRPX1Y4YjJBVWpzYW9ob2VKNm9YU3lyYWFBVnB5OHAwRTNUeHBTQTZGVHBCQkJMUEVTOHg1WWphVmhZZHVOZVNkWUNra2NDQTEyblFzTFVPT2tsUzl3NEw2NHFWRDVmai1fUEtqcUFJTNIB4gFBVV95cUxPS0VXYmROdHJhVS1OTm91QVN1cWE0bE9odUZFQkNHbndHOFpMaEE3VE9Wd1R3NzhmVkctWmZyc2VTWkQ0WWxsSzN0c3B3WDJQMUFmTlhTTWR0V1RneHBIN1p3WjdQQ2lhMTBPbEtCMGhmdDhNUmlpSVd2cEhNUDRhTVUwV05YNVRoUDBROWRKTkNEZHhPbV8tOXFUZ1FIVEdMWHc2bTR1OEstNU8xRVd2cmdOTmZvTGFWdWtmTm5tRDRDRjN3UG9aVEhuR1pLcnZBeUFyb3kxR0YydFZVUWNMY2Jn?oc=5,The New Indian Express,"Thu, 14 May 2026 07:00:00 GMT",2026-06-14T20:41:28.964307,cyber_stalking_bullying,True,False,candidate,https://www.newindianexpress.com/india/2026/May/14/uttarakhand-police-file-chargesheet-in-first-nikah-halala-case-under-uniform-civil-code
online harassment Uttarakhand,Uttarakhand STF Seals Illegal Drug Manufacturing Facility Running Inter-state Operations - ETV Bharat,https://news.google.com/rss/articles/CBMi1AFBVV95cUxNNTNlaThWemlZTFgyZ3hjdnVoWlFqbUQ3Qk5ZY0pMSlZpYmx0enZYTjhKOGNRUEwtc0tEcy12UEMxaEpoYXd1X2pnSGVQYlF0LTRiYWM1U3U1MldTc3hxeU9SUWRGOFhjRmhYWDFLcW5BZ2FRTU16Z1p3enJVN1h2cU1LZUxhZlRjV0ZkWm9ZalM2YUdYamVHcnFqQTRDbnl2OFQwU1hOYWtBQlhBTXNPb0lJdWh5MFdjU1dsU0V1Q1VZYnNNV3RobXVKSkRMWjJyT19mNdIB2gFBVV95cUxQTlFuei01YmNicXB6UDFZaUZNaE93bm5DcDdza3BiZG0yek82blNYTVdBM0tFT3JhM2l4Uks1WFFzSlppV0JSejliT0hnVi1sRjJpVjg5b1hWN1pKNzhCZDJKeTZkYWtVaGNEWGhUMG9IbkNKVmlFNkQySU8wWjVtLU83Xy00MHZhSlVRM29za0hwbmFYbHN3NUFxMkMyMFZ0WlprX1haV1dsM29FdTNNSnVLa0JqRjE1QWQ2cmI2cURuQUVRUnBDSGRlYzVVdFlCSVJzTnNCLVFBQQ?oc=5,ETV Bharat,"Sat, 23 May 2026 07:00:00 GMT",2026-06-14T20:41:28.964320,cyber_stalking_bullying,True,False,candidate,https://www.etvbharat.com/en/state/uttarakhand-stf-seals-illegal-drug-manufacturing-facility-running-inter-state-operations-enn26052305485
online harassment Uttarakhand,"""Somehow Escaped..."" Uttarakhand Woman Shares Video Of Harassment - NDTV",https://news.google.com/rss/articles/CBMi5AFBVV95cUxPSzVlX00zZmR5OTVpZ283X3BBUXFHZnc5UnpYLWJlQktUVWQyZjBDYUJuZmNOYzMydE1aWU5DXzlnNDNjOUQ2dnBPbFJaOU9jUVpUNkdZWXZLV1Z5WTRLckgzY0ctTnozZG1fV3NlTjNEbXppWkJJLWtiUHZubThhM2NwMUJsTmpIclFzQjhWNHlodUszOUtjdkJaNnFzaWJwOUh0NHRDUkozUTlxNHVVd2J5RzhqQTBNZ3hiXzl1QUFqOVhEb2o3dDUtS3J2NVhwd01xTDlaX3I3LUZFNkVBQ2pEQmfSAewBQVVfeXFMTlNDV3ozcGVFQThlWmg1YlFKRGZWRmEzSkl4QVFBcjlLQlg3VWxEbVNOQVJyVXNybHRDcFNnUFAwRU9XdVpUeXp2MDV5M1plWjkzSnNfQ28yVlRLZW9NbmVIYWthUTUxeWc1eE5ncWJBWkFhUDlPSklBNjZiVlFUSF9sR0Jaczl6OVlCSHloa3lBV3RQQ3AwSUlOTmdEZlBfU0Faem1ZdE5uWmRkanRCZG05WWJnYnc1UDV1WHMtd2J0c3JibXh2M2dJNTAyMWt0YUNkX2RBZlhoSUlZaUIwTXdhQUh0cFBMWHlPWWs?oc=5,NDTV,"Wed, 28 Aug 2024 07:00:00 GMT",2026-06-14T20:41:28.964346,cyber_stalking_bullying,True,False,candidate,https://www.ndtv.com/india-news/uttarakhand-haldwani-woman-viral-video-harassment-somehow-escaped-uttarakhand-woman-shares-video-of-harassment-6436730
online harassment Uttarakhand,"Uttarakhand shocker: Men in car leer at lone woman biker, she gets them arrested - The Times of India",https://news.google.com/rss/articles/CBMizwFBVV95cUxPZ3FLYnpTVWtCLWdoMXRMS3RfLTZVbmJYZHpoV1p6VzNsa2FtQW9QY0JQLTBjTnNic1BDNGpoRl8yZ1hPeExPXzBmc1hWUUtXazg1SkYwVVBJdFBJamEzOU1TYUR5bmpqQ3ZNdC1rMWdiTUl6MjBsZUdUZjc2OUdOZ3U5ck5nc3laZjZmMUQ2SkZMa3lYYXoxRFdhbWFUd3ZUOWZhbHp0N3NmZFpZYWtIdk5BQnBFUWNFdGdxRTdhV3RQTTI1c2FtT2FQMDI4YWfSAdQBQVVfeXFMTjdHUXFnR1kxSVk1VnFkdUM2V1p5NG85YkdJV3JlV0x2OWZLMjFBQ1N5anp6R0R1dlliYnNBTVhQUlJmbzhYY3NyckxFdEM3ZVFvVE9CenZ5R2RsMmxLX09DMkY5bFA3V3ZSbTczNEtiMllmMEFYN0tFYjlzbW8xUDRXbWR1M3A3MUliZUNsckw2bmZyb1QzUmJCR2xrODdHMWNOUjZCZldkaG9hZWtjMndiVlVzalBFeXozQ2w3VHBzNkxrbzZEX1BuclA5SmJUOHk1akQ?oc=5,The Times of India,"Thu, 19 Jun 2025 07:00:00 GMT",2026-06-14T20:41:28.964374,cyber_stalking_bullying,True,False,candidate,https://timesofindia.indiatimes.com/city/dehradun/men-in-car-leer-at-lone-woman-biker-she-gets-them-arrested/articleshow/121936416.cms
online harassment Uttarakhand,Uttarakhand HC to hold virtual hearings every Friday to save fuel - The Times of India,https://news.google.com/rss/articles/CBMi2AFBVV95cUxQMzZoeXZkazRRaDVkQmxWeXdzMEhSMmU1T3Q3SVNmZTFVOHhCS0tDZ1pmUWpCLWJVakVNQWF1bW1YMVJSUkJ6eTZjblZhUk50NGFpZ1JianJja01GTzVFU2oyUVF2YUJJZHBwaUNzREtvZXA2a1VxczdGS1puNGxaVTRVZDhLTEtVS19kd1V0VlZpMDdFeThsNWZqdEpWU05jclFrZURpQVBUWm55dl9nanhyRERKRTZlR19iTnZ3VmFaay1aTE84ckNYOTI5VkZKcVEyUklRbWbSAd4BQVVfeXFMUDZPc3dobVp5SnFMaEIxNGhZSy1YZ3A5U0RkbjhoQXRzaGJhUU5RYW4wWkNmMm1JVjg4YjMwUkcySW45LV93cHZ4QmlKUU9mOS1RR0k1aS1nOVpFbEx6dTF6cWZuQjR6M3RHNkVSRmhfNEhNVjRsbC11UDVnT05zNHVZZEkyOXhVXzJZY3VqdXFaSFQtTWEwZ3BWNlgxSWV4TEtDczZfdGwxaTdWZGRLYy1sMlFaMWxEQjFwLUtVX2gtd0hJZTM4SW5vUlB3VzQ5dy1qTFdxMjVnVGdPLW9R?oc=5,The Times of India,"Thu, 21 May 2026 07:00:00 GMT",2026-06-14T20:41:28.964440,cyber_stalking_bullying,True,False,candidate,https://timesofindia.indiatimes.com/city/dehradun/uttarakhand-hc-to-hold-virtual-hearings-every-friday-to-save-fuel/articleshow/131249993.cms
online harassment Uttarakhand,"Uttarakhand: Members of Muslim bodies meet Dhami, seek action against those 'harassing' community - The New Indian Express",https://news.google.com/rss/articles/CBMi7gFBVV95cUxOdHRwYkdHVmRVOHhIaHo1WE9GamFuZHQ0RjBtQkFKNUZxQzRuXzlEMEZRNVB0TGNTYm9kNDFTQ3AtUXp0cXJaTXZtcnlLSGNkWkMtMVc3STdld1MtQVBtOVFGbkV6VnpLc1VJUkt3T0drUUJnMUpxY3dCZ2ZwVzFwSkJhZ2JnZ2RvN1NaS0tpc2hWYm00OXNOS0g5MkR3bC1ucUVBY0Q2TmdudUtkNl9vcVpEQVN6N0FKQzQxR0JCOXlMWTFKWHVPR1ZLYUE2WlBlSmZ2RTVXTk1kNjZXVDk1dkRHdEVoZ1lYRWMtc0FR0gH7AUFVX3lxTE9EeF9YWWhRNmphd2V3aG16YXljTmVZZU9nUUtycWxBLWY1aEpWblJyQW1QekxqTThqRFpZVGFJMlVGY1hQUzZuT0o4SHlHYWFfQkJKS0ZCZFQ2cjJRVzJwVnBxak16amo0Z2dqRzItVDdZWEozYUxjTXZIR2x1aHBXd0g3emZMVVdFeUpNUHdLM0ZaLThuX08xbmFnNURJNkdZSVlkeVJUcDBfSzc0WUdJMWlwbG5rRm5jeENiZVZOcVQwWVkzcXZjUDZQczdmUW1VczZJSXFjWGw1NUxZTm1sQmlpN2w5bHh2MFIyc0doYnNPNC1LOXVXVUxj?oc=5,The New Indian Express,"Tue, 13 Jun 2023 07:00:00 GMT",2026-06-14T20:41:28.964454,cyber_stalking_bullying,True,False,candidate,https://www.newindianexpress.com/india/2023/Jun/13/uttarakhand-members-of-muslim-bodies-meet-dhami-seek-action-against-those-harassing-community-2584664.html
online harassment Uttarakhand,Uttarakhand CM orders crackdown on misuse of govt schemes; FIRs registered | India News - Hindustan Times,https://news.google.com/rss/articles/CBMi0gFBVV95cUxNdDQ1a080bWZUUmNBNGxhbVl5VGVMS1k0LTJ3RWIyX3YtX3NtbEVHSUtKOFd5NXNoNUN3OURDYWZxdGR5VlBYVU9xOWdmWHJqYXU5VXlBdzJxXzJGcklVLTJhTE55WHU3OXYyQnFwSGVTcEdaLWN5UW84ZEhHak93MENseGZjc2hhcHJMWHNDM05VTkc0eE1TN0piZnN5ZHM5X21oNGc2WHZRQ3RRUzc4WERmVm8xQzVyamVUd1dPMDJ5QlNoeXlUZWlQcWdpaTZBYnfSAdcBQVVfeXFMT3hxdnBJeDVEU1FURGJqOUNDQXBkOUpmMjRPTTZuNjNhdUlOd3h3QURNSXc1SkJNM2VZTkcweGI3QnhtQTZod09MSG1EY0J6SFZnQ0FRXzN2SzBfekEzZE9IZ2hSNEJMdXQwYUtTVmZ1bXloX3QzdllJMFkxaHE2Y0hDSnJwa2w3SjZwaXpweW5pVDZ1VWxmdm40MmJiNEZqZE1uUWJSelpkbzRNYnpXakF5bjhpQ0JIT0RyRDRkMVJjazZhZ0x3TWg2ejk4d29waWZmbkt6Z0U?oc=5,Hindustan Times,"Sun, 06 Jul 2025 07:00:00 GMT",2026-06-14T20:41:28.964506,cyber_stalking_bullying,True,False,candidate,https://www.hindustantimes.com/india-news/uttarakhand-cm-orders-crackdown-on-misuse-of-govt-schemes-firs-registered-101751766241557.html
online harassment Uttarakhand,"At least 4 dead, many feared trapped in India's Uttarakhand flash floods - The Rising Nepal",https://news.google.com/rss/articles/CBMiUEFVX3lxTE91OEptM2RMZ2VrelVHaXVCRGUtZTJMNG4yaGZCajZBeDdpbldiRG1DdllvTzNaMjVqblhhdnN2ZXVqTGM2YzFPQU9OOUVjTV85?oc=5,The Rising Nepal,"Wed, 06 Aug 2025 07:00:00 GMT",2026-06-14T20:41:28.964535,cyber_stalking_bullying,True,False,candidate,https://risingnepaldaily.com/news/66286
online harassment Uttarakhand,Uttarakhand Premier League from Sept 23 to Oct 8 - The Times of India,https://news.google.com/rss/articles/CBMiwgFBVV95cUxOVE0weWdWVkVJS0pqaTZnVGN0cFBZR0ZEWHVTcUM2YkJyMHBNNW1mb3psZmllemUyMzNET1B4UWRNYnBBUDZqenpNNWlfSmxTcGk1TnM0bWFYZDN4VWxOLVpSMkFjN1BfRVFTM2UzTnJnRGNzaUxYTUpQMlZrM3dPUGdmWUYxenhRYTRLcklTeXEyRDJiLVdjRlRWdVJDNm1GSm1Xc2V6VWNNejNBT0tXd0o1TE1qOFl2ZUpENTF3UmVKQdIBxwFBVV95cUxOelJvbGtLSWtuQUF6dE9RWk1VWlhFNWNTaHJyVUFwcEZYdmF1SEhKT2szR1pudWM0VWFuZ1NvWFlod3lVVHFvQXQyX25wZElDeHhQM1pHQU50MVlxRWdyWndkVC1RR0RXQWhVb0IxTGxwV3FyMmpYT01US1hhSzYtLWdSTmlNNUt0UUZ2NXhzR3NmYVZMOUtDRVBNMGwyYlJMZmc0U2ZtRGoxQmdKOXJIX3o2aFNhRnVfRDZTQ2dnQ1BGcWtzRUdN?oc=5,The Times of India,"Fri, 12 Sep 2025 07:00:00 GMT",2026-06-14T20:41:28.964579,cyber_stalking_bullying,True,False,candidate,https://timesofindia.indiatimes.com/city/dehradun/uttarakhand-premier-league-from-sept-23-to-oct-8/articleshow/123856319.cms
online harassment Uttarakhand,"LPG shortage hits hotels, eateries, schools in Uttarakhand amid West Asia conflict | Hindustan Times - Hindustan Times",https://news.google.com/rss/articles/CBMi6AFBVV95cUxNSEZEdnVhVVUwTEJXRmdhZlB3TU5DTEpmaGpaLTBhNERlbTJJb0xrdWVBMU9YNDlPWWk0TFQxdHlBbnpXWktRX05xOVNIVDEzaXQ2ZXVfSTIyN0VyUzdma1JEOVFDNUlVeFhJNXNGak93aVFMZWN4NWEwS285UGJyZi1sc253LXdqeU84M0pkNmZuanlyYWhoZEo3V3BMbVNCWXZ5VlkyQW41V3dVU3VrNWxOdDJjb1NMQjRaX0NRNXJjMUljOTZhTEVERWE2WEtrNnMzM2JyS2M3R3k2MVVycVFrZU1BTXdG0gHuAUFVX3lxTE9IaU9nb09Cbmh6eDcwdDNYaFZFcXdIbFFsRjU5STJabXJrNjNSNFpSVTBvV2lhamNYMnRXMnp0aVZHcVk4dmJ3T2s1TVZMVjlwcy1IZ0hFN0ZrZTJab0dJakFaTnhnODJaRExqbk5HVW5wcmlld2xWQmFLcTRoX0p1aXljVHhkek1iMTRxRF9TVW5KLWhXVkZVU2pCWUU5UFNKc0pfc1huZkU3cGFBeWJCbzJYdE92SXhMbUUwNlBIQ3dVMXBXZG9haFVGMGlXay1XVmhqRzZLTUpnaC1iNUdSVVd0cC03MFUtSlNhREE?oc=5,Hindustan Times,"Fri, 13 Mar 2026 07:00:00 GMT",2026-06-14T20:41:28.964592,cyber_stalking_bullying,True,False,candidate,https://www.hindustantimes.com/cities/dehradun-news/lpg-shortage-hits-hotels-eateries-schools-in-uttarakhand-amid-west-asia-conflict-101773406030500.html
online harassment Uttarakhand,Uttarakhand trekking tragedy: The night of survival on a mountain for the Bengaluru trekking group - The Hindu,https://news.google.com/rss/articles/CBMipwFBVV95cUxNWGFaSF9lRFdjdmNob3BRWElLYkJlZnZIOThZQmc2NWF4Rm9sLXNKRTM4MFZtN3E3MWJ3bU1EZS04WTdJazZxdThCWldKcUhjYXJZMm9xZ2FuajhpS3h5S2RuNFNLSmIxZHhLcWpvdGtrQ0YwVzgya3NUeEJNTU9hakw3MFZYY0NsOEZweUZNbUQyaXQ5N0FQT3VyYVNJWjRDdHhYTVhvVdIBrgFBVV95cUxOcEVKenBuRWUyV1Mxb3BSdllWcjROdmI1N19YOWVFbllqeUJNRGx2SUFfTklHNXBtY2xrWmJEb0REM2d3cW1GaWFlVkZlb3B3X1BpdC12ekt0RGlQSWxFeGJjMU52VUoyOGJjOTdWM3NKbFFPWVFPTi1iaDdIZTRlU1hsUS02MUR3TEFpUTB4ekRXd3N3d3RMNUZzcDV1Q2M5VVJydUU2UFpLbkhzcGc?oc=5,The Hindu,"Fri, 21 Jun 2024 07:00:00 GMT",2026-06-14T20:41:28.964633,cyber_stalking_bullying,True,False,candidate,https://www.thehindu.com/news/national/karnataka/the-night-of-survival-on-a-mountain/article68309555.ece
online harassment Uttarakhand,Uttarakhand govt dismisses civil judge for torturing minor girl - The New Indian Express,https://news.google.com/rss/articles/CBMixgFBVV95cUxOVVBZSWFuYWk4VmZHMDhHUDdvd0VEYlFGeHZIUEJvQUdQNWNBSUt2VEVFRDc0SjJ3YTFrSlpMbDZhbDBoVk9ySzNvVk9iU3BxSk1rWC03VkdMZUo0bG9MelFYeXRXTXE2RWQ3cFQ1WGZmSElpS3ljZnRlX2VrQnQ5TVhZeTQ2Y1J5SmpVNTlSWjVOZFoyMDM1WkFMZVpzOUpCQnYxRU1jTXp1X1dyNlBqZmNUYk14eDBqUUtPcVdHbjlpRWMzaGfSAdMBQVVfeXFMT0JzMC1abUx4MkwwRFp1eUhOeTItdm1XaGZJT0RkZzMwOWpIaFpGWTJxWUVkbjRtRGJLa0lQYWNjNk5acEc0M0FuSTBWeW9PRFZldzlaMnJNa0d4VzBhanRSaVNPblIxcVQ3MGVwLWRWd3RONmlwVVBYYXB3Tm5XTnVMaVVWZnJzOVVlZkJwcThSRkVoZVBwWE52a0hhbzVxUG9nTk1Ec3ZLSHBnTVhIbVE0WU9RSm93dFFqOWduYUhRLVg0eFpWc0E2OTZtVEJ6cXp6TQ?oc=5,The New Indian Express,"Wed, 28 Oct 2020 07:00:00 GMT",2026-06-14T20:41:28.964646,cyber_stalking_bullying,True,False,candidate,https://www.newindianexpress.com/india/2020/Oct/28/uttarakhand-govt-dismisses-civil-judge-for-torturing-minor-girl-2216188.html
online harassment Uttarakhand,"Uttarakhand: Women in Helang village of Chamoli 'harassed' for cutting grass, say won’t give up right on land - The Times of India",https://news.google.com/rss/articles/CBMihgJBVV95cUxQLWtsdnRzWGcySndBRXp1b1hZLXhPU0hWdzNwUExHbzZuZE1qeG1aa2VEQjdMT05iMEVsYWlBVWw2SnNoZlhrckE4dW1BOU1aczY3Q1hURXBjaVpxNlhralhtNEsxb3hMN3dPN241bVlSX2lnLXdmUnZTbzlYa0xCcWctbk40emJwSU44UWxpdUNIRXhzOGtwUm1rODV6Nl9qVHlreGxYaWVSZXFpM1pTQldYWlhnNkZMLWU4eG0xa0NZUjhmbG16bDVhbmF1UkZXQ2FCbzNEbEpfN0NZN1Azc0F6MmN3bnB0UDdXUl9QODUtQVRiSnRRVzdJWHRLT1h4cjRuQzF30gGLAkFVX3lxTE1hOVVPandrS181T2xkREEzWm5NVUYwOTJqRWpTZE1pLTlyWGt6VE9wd0VHanQ3Mkpwa1RNWEQta0JOemZwUjlINnJsaXdjc3QwaG01SGdGRGxGZFZSakYxdGktQ0w4Wl8waWtVWlJ3b0JucENvR1lPNEVQTFR5S0RCZktvT1ZjRjFEV2FQVGpoQkRqdURhM0JfckVJRHZRc1N6bHZDWmxaSlpwanBIUks1cTU3dmJranloelB3OFpJb1JValpDcWMtT0hsbmFfaWJaa1hSYUFjeHlZMDVSWVRTX1J6MUlLeEpNZEN3SXQ5bDU1cndsZmw2aTVjWjV0TXptN3JFcWNDM2k0MA?oc=5,The Times of India,"Mon, 25 Jul 2022 07:00:00 GMT",2026-06-14T20:41:28.964676,cyber_stalking_bullying,True,False,candidate,https://timesofindia.indiatimes.com/videos/news/uttarakhand-women-in-helang-village-of-chamoli-harassed-for-cutting-grass-say-wont-give-up-right-on-land/videoshow/93111372.cms
online harassment Uttarakhand,Nine from Dhading missing in Uttarakhand floods found safe - Nepalnews.com,https://news.google.com/rss/articles/CBMioAFBVV95cUxQd0hpTDFNSnpGSk5JYTRjRE5OZ1l4LW8yODhJT29TbVNWYk9UQ0tmTW9QZHVfNVl2S0p3UnBvdGJVNVFhQm55ay1samlKVVl4UEFDMmtQTTFXMVFsUkFqNGNiaGtwVkplbElUdElZU0JVQWJUQm0zdlo0T3NyM3hibzR1R3ZmdkRkZUJfb3N2bkRsb3d6dERGMW8wS1NwejJy?oc=5,Nepalnews.com,"Fri, 08 Aug 2025 07:00:00 GMT",2026-06-14T20:41:28.964689,cyber_stalking_bullying,True,False,candidate,https://english.nepalnews.com/s/society/nine-from-dhading-missing-in-uttarakhand-floods-found-safe/
online harassment Uttarakhand,Uttarakhand police launches 24X7 WhatsApp helpline number for women safety - The Times of India,https://news.google.com/rss/articles/CBMi3AFBVV95cUxQX2ZXRGxQVlFHYzFtLUZKUTBQRnJJdFZqZHhtLTlTdE5iVnZ6WGY2NU1Qd0JuU0Q5RjFNbFY2YVlwd1FLTXUtYi1VZEt6VlhOdnY3Ym1EeU1sT0tZbVE2SUhPLXY2QUt1WUZKUUYxcW1HemVUa3FHVWFKRTZ1T1ZWV2pLTzBNdUpjY0hFamd2OUdOZnpsQ2xWWENKakY1VEdYWkgzQXhwd2hvRk9IWUhhOWZ0dEpaUXhKR1Nqdy1FOG5vTDRsbFBxT0NONmRXR2xmdW1EenJ6WTdDcnd2?oc=5,The Times of India,"Wed, 05 Feb 2020 08:00:00 GMT",2026-06-14T20:41:28.964729,cyber_stalking_bullying,True,False,candidate,https://timesofindia.indiatimes.com/city/dehradun/ukhand-police-launches-24x7-whatsapp-helpline-number-for-women-safety/articleshow/73943214.cms
online harassment Uttarakhand,India Post GDS Recruitment 2021: Apply online for 4845 posts for UP & Uttarakhand circles - The Times of India,https://news.google.com/rss/articles/CBMi9AFBVV95cUxPM3RncDl1eldJTkwtY2dKaHA0WklBUWwtOEpHODZ6QkdNcFNFLUpjYlozSEt3eFRWWUtCWVlzT0Z0RFlZcG9zTDBqZG00QVhQNmpPdlVscm1zMzBGWm5wU3NMTElVZkpyMkJfS2gyX3VNMkt5bkVEanM0UUxpOWoxd3RpTkNyV0NPeDhFT3RSM002NWlON2VsNE5ucGlMR1RNS3BlaGJhdE5uVkZ0cGttR0w0QVZFRmt3RzRRanl6RHc5TjVuWU9ubjFHSlhIQ3JMNXBZSEJyRlMyVHBtMUxsYkU3VG8xYjFEclNLeDhoOW5xZXph0gH6AUFVX3lxTE5yX1hVejBpVlljd284d2M0bXU1dkZIaHc1UTA2YUhtWlJ5dUUwVVBUYzhTcVlOMXl4SWNSYmR6cnFyekJiTlhuMGpNb2ZnMVZ4NWZWSEd1YjJob1RZaGxGRktaT0thekZGdXVlN3A3VV85aVBlVld5dWE1c3hxWmZBb1NoV1J0UUp2X2ppVkV3cWNhRF9QZGdIWWJJOUxSMGdUT1NiekpSVjRsRkRvRk5RYUwwbkV0V0FfSmh0T1lBR1BkQmtkdXRhaEdJYzJjc2xVNE9QUnR5NXB3S3pLVUNXN1RMQXVlbjd5eU1NX2xrS0lnSExFQW5lNXc?oc=5,The Times of India,"Tue, 24 Aug 2021 07:00:00 GMT",2026-06-14T20:41:28.964791,cyber_stalking_bullying,True,False,candidate,https://timesofindia.indiatimes.com/education/news/india-post-gds-recruitment-2021-apply-online-for-4845-posts-for-up-uttarakhand-circles/articleshow/85595057.cms
online harassment Uttarakhand,Dhami orders probe into transfer of doctor after spat with Uttarakhand Health Secretary's wife - The New Indian Express,https://news.google.com/rss/articles/CBMi7wFBVV95cUxONjZ6UGJzaHJCb0k4Mk04VUh1SXB2dXd5MktudTBCb0U0RUhQMHYwT3hpMFk1cWxjTE01ZW5CZHZoaVAxRnlwZkNtUHVTVnJHRWVSa29BTTd1aFRuRVZPYUFOTjFoZTlsV29pNFRkSjlSV01WdnFuNkVCc2NQYkZnam9jY1gyeWJHNnZQcE9SeTQybHF2ckFBZ19OdnVVNTh5SGZETmp3NlEtb01HVnY2akNKQmE4VUZzMDBFNHJiZnBEcEwyYzlBeGFaNEthdU51UEEtYkZlcEhHd1RfZ0wwS0xmS0YybWJYLTZvR2VHd9IB_AFBVV95cUxNRS1ncV9xbzlabktIZHQ3WjMtZGw3djA4ZXNBVkF4bEFKbmtSTWYwNEx6T2x4bWRmczNiSDVQU3l2bXhRZWJzdnd2aDlYSHI4d3RzXzJuQTVnZzdRaGhpOGMyTFNyLUFLM1ROa0FMZzFpdHhiX1RmbkdmcUNuX2NJeTV5Mm1EeGlfOERaYzdNcWtQckx6bjhMZTgwc0J6V25CUENkRjFuR0FNRmVXQ0hVVVhZS3gxeW82ajVPSWEwaUpXbWU5QWVVbHB0YjNtQWlyM2lVRVBPUndaeGEzYkczUjBFR2xOLVVFU2FBbkxRWGRNUE1KbllnQktZTEk?oc=5,The New Indian Express,"Fri, 01 Apr 2022 07:00:00 GMT",2026-06-14T20:41:28.964808,cyber_stalking_bullying,True,False,candidate,https://www.newindianexpress.com/india/2022/Apr/01/dhami-orders-probe-into-transfer-of-doctor-after-spat-with-uttarakhand-health-secretarys-wife-2436878.html
online harassment Uttarakhand,"Uttarakhand Colleges, Universities to Reopen From March 1 For First Time After Lockdown - India.Com",https://news.google.com/rss/articles/CBMixgFBVV95cUxQek9fc0cwSTZjLVp6Ry1HLVVLM090Y0J4SWdfVzRHcE5vOG5rNUg0WFNENE41X0RWdUNIQkdFSWR3UnU5ZWxRZ2d3T3Q2LUo5QjdxX2ZLbk1lUVVHcldrLThvUEpVcmxhZWxkZHJrc3lKQXlycElSTms1cHpWemtBVURFbmJ0dENCTTh6OXVQN05MNWZ0TWpTa3l6Y19mSmZXemVWRWpFb1VGb1VENGtMSlFOQ1JMYzNFb1MxVzJOZFc0OEh0bGfSAcsBQVVfeXFMUHgxOHJxQkgxb2lXUWlEbXNWRDNvcHMySS1uY2dFdVdiY1RYMy1jNkdTR1l6VmZuRi1ZM2NEQ21hZDE0RGlPM2hVeVhiVkFmYW1hcGhHemd6Y2N0c0ZCM3g1MzNNdnl2VTFTcGdDY0FrOUhia24zRHdPUzVQR1ZzamZSSXhSZHRCVmF0ZHNGVExnLUI5S3hsaGFyT3NhbFBodHZUelpPTW8wTExaZldLSzFYQjdfYTJiVjRTUDVvblJ2bmVkeEpaZXhtcjA?oc=5,India.Com,"Wed, 24 Feb 2021 08:00:00 GMT",2026-06-14T20:41:28.964850,cyber_stalking_bullying,True,False,candidate,https://www.india.com/education/uttarakhand-colleges-universities-to-reopen-from-march-1-for-first-time-after-lockdown-4447237/
online harassment Uttarakhand,Watch: Uttarakhand cop offers water to thirsty monkey amid scorching heat - MSN,https://news.google.com/rss/articles/CBMivgFBVV95cUxORFFadEJlM3o4NG9zOVBIMWdmdGY2V1ZmM1Y4Y3NEUkMtaWNzb1R5SFoxY0Q3c2tnSXNRZlBURVRJRXF6dkU2MndzUXNLZHJ2cFFYOG01MTEzS2lpaGc0aG02aWxSU2ZoZmJHampYbFZfcFd3NWhGellYNVotRkNMdE1NZ21ob1IzVmNFbDM1NXFPa2pBNUVWVWYybnJ2UzlRX1N1WTVkS2d6aktVaHhVa0EyOG83YksxbVlHVVBB?oc=5,MSN,"Tue, 26 May 2026 11:27:00 GMT",2026-06-14T20:41:28.964962,cyber_stalking_bullying,True,False,candidate,https://www.msn.com/en-in/news/India/watch-uttarakhand-cop-offers-water-to-thirsty-monkey-amid-scorching-heat/ar-AA244LMK
online harassment Uttarakhand,Check ubse.uk.gov.in & uaresults.nic.in for Uttarakhand board (UBSE) Class 10th results 2016: UBSE 10th Results to be declared shortly - ABP News,https://news.google.com/rss/articles/CBMiggJBVV95cUxOcXQ2WEQ3QzF4cERVTUtUWHJja1VWcGhSbFRyWVZBYV91U2t5aUU2bEdzLTNVUy04SFJvOWdkWVMtTnF0eXBBeTJTYVBZZDBZUE5MZ2ZvODU0NjNCanRzajNhMWpRc3RwUHhjZGJFSjlJS0pXb29peXRhMVlKRkJjV01lczVscDl0SXlxdkdSUVljNjVkRGVOdDFhUFVyXzN0Mm1XTGhMLWNmWkRFTy1PTUFLcDE0QnROZTlPLU5sb2hTSDZwUzVFVW1IdDNEb2FzQUpvUmZJVkUtR0NIZlAzaFIybVdXQ3U5V0JveWJ5QlZCU2ZScWtCLV9BdndWQkFQLXfSAYcCQVVfeXFMUFUxSy0yM091WVVvM25GaHpfbUFmdEpGSDh3N24wZ2RSUm9DTzI3ZFhkcGd5RUhaUnlLZ0RfSjA2WFpPb3R6TVRsUkw5RGdfWEJLeElNczN1aDRjbDgwOUtteHh0MkhoZ01kRmFJOG5RNFBJRWlZUUxfamZpV0VCV3FtSDlFd1UwZ2EzbW1vLWFPeWw3M3BWTFVZVFllRTMwYXRyTUF0OEhGYnVJenRVVl9jYTByZTNVaDBXam0zSWRxOUh2cEhWQlNRNVZBRVY5VWJPeEJBekFoWW1nUGRIRVpmbGt6bHg3R0s4Si13azF2Q1UwUGhidV93bzFKQkh2Y0xrMEpxMTg?oc=5,ABP News,"Wed, 25 May 2016 07:00:00 GMT",2026-06-14T20:41:28.964977,cyber_stalking_bullying,True,False,candidate,https://news.abplive.com/news/india/check-ubse-uk-gov-in-uaresults-nic-in-for-uttarakhand-board-ubse-class-10th-results-2016-ubse-10th-results-to-be-declared-shortly-349516
trolling Uttarakhand,"Uttarakhand Minister's Spouse Kicks Up Storm With Statement On Women, Apologizes Later - ETV Bharat",https://news.google.com/rss/articles/CBMi4AFBVV95cUxOSW80Y0plazFqY3J4MjNFa0xINThhNmpMam9BVzVqc21pN0ZfNXZZdmFwaG0zREdXWDZTQ2lrZDJrbEFIX0liRDY1NTN4ZjBFOTYxVF85Rk13THlHeVRLQlROTm5ZdHg2MVVwR21kTHhjQlNqajFTWE50ZTRjUExDandWUTdFRE84SWJ5dkxsSGY1YUEza3FDVnVIczB0dndTcjJCTGE0LXFVQllUZXlOZktvaFlWS2pTRU5uVEZEazkzeUtDMmxZb0NndGZnbkw5Tm42RUpfSlVfZUg4MHJ6ZNIB5gFBVV95cUxPXzYtSEhjZHBQOXpPeURITlVEMEJQWUZ5cjFHZHVieWcwXzhaaUhZa1M2dXR2dkhqMFZHdlZwQ2E3RlZoQnA1RFZLNUJOQ2Nhdm1GcEZSVU15ZmxuVnNhV3pTUjBIdDZyZG4tR3Y2QldWSld6aWtmWG1uUm5tdk9QZXF0YnRKWmxUUDcycEV1c0t0bWl0SEVwS0Ixdl8tRW12dl8yUHNrWU51RDJYN3BKbjRtTWxXaGZBWTdVeWJ5U002U2ZEVDE0ZW1tbGo1Z0pCUmc0WXFYM0djVmxISURaalJiQ1Fodw?oc=5,ETV Bharat,"Fri, 02 Jan 2026 08:00:00 GMT",2026-06-14T20:41:30.593768,cyber_stalking_bullying,True,False,candidate,https://www.etvbharat.com/en/state/cabinet-minister-rekha-arya-husband-girdhari-lal-sahu-apologized-for-his-statement-after-trolling-enn26010202884
trolling Uttarakhand,"‘This is not Switzerland’ writes woman on pic of Uttarakhand railway station. ‘We can see,’... - Moneycontrol.com",https://news.google.com/rss/articles/CBMiwgFBVV95cUxPOF9rc1dhY3JNbEtKalNWdXhLdURVVTMwR3FOZ0ItcDNkWlN2ME9zTzdGaEpMc00yYlBRbWhJME1mbE9oNjl6RDdRV3doWG8xM1I2djB3YUc1SDRMUWxwUV94UzNVWUxyN3Z2NUxtbFVKdTFLSWFudVFlVVlKcnVZQk1PekYyOHZiZTlTbC02QmtaNjRkallVYnoyQzl2SXNXR3owYS1ubVpWMkdRTHROUjJhbWNFX0hwekc3LUkyYnpFQdIBxwFBVV95cUxPd3pETEs3eU1sOGZISjQ4MEYwQXRpdkIzRnlIcTUyeVctbmhuMmJKcGhKVWozWUxiYk1BM0pMeWthSEJ2dHZYMUtWTWpRakt1VVBVNDRfUjI5QWxPc2pCNF94ZnlxUFBJM3EwRm82WHk0aWNmMElVaXJkVzR1bTVOTURiUGtNaTh2SzQxYkxwS0xVcFVOQi1FNENZU0dNNGppUGphVC1CUjhsV2VfVUNCaWd1Y3hiMV94eDBWVFdjaUJ1cnNXRjZr?oc=5,Moneycontrol.com,"Thu, 09 Nov 2023 08:00:00 GMT",2026-06-14T20:41:30.593804,cyber_stalking_bullying,True,False,candidate,https://www.moneycontrol.com/news/trends/this-is-not-switzerland-writes-woman-on-pic-of-kathgodam-gets-trolled-11708971.html
trolling Uttarakhand,"Maharashtra: 151 stranded tourists tracked in Uttarakhand; 120 found safe, rescue on for 31 people - Mid-day",https://news.google.com/rss/articles/CBMi2AFBVV95cUxNSU84cUVVZGVLTEFyRUNkTWVHakN3MkN5am8wSnM5VFNsdXVhd1NOdEZnZ0NoRFRTV1dfcjAtLUpWVklVME55WTQyS0Q2WWVfelFSNUhZdTA4aERnX1JWd3lkYzl1elhOc0hGNW5Cb2RyM210UTA0cjRfUGo1d0lZbXV5YzlkV3EyUGRucHdEMXI2UlIxblloVG1pdDdNVHJRZzlHdWRyNjhzUjdPeGdCcXNYY1BGazdwaVdVVkhoZlFLM1RhUjJQdTM1NjBneDFDZjlIb2R1eFo?oc=5,Mid-day,"Fri, 08 Aug 2025 07:00:00 GMT",2026-06-14T20:41:30.593812,cyber_stalking_bullying,True,False,candidate,https://www.mid-day.com/mumbai/mumbai-news/article/maharashtra-120-tourists-safe-after-uttarkashi-floods-31-people-still-unreachable-23588598
trolling Uttarakhand,"Minister Hangs Face Mask On His Toe, Gets Trolled - Uttarakhand minister Swami Yatishwaranand - Gulte",https://news.google.com/rss/articles/CBMilwFBVV95cUxPckwyanMzQTd5LVdKcngxMXU4VDFiZ25LWmdjUjZUUWpMTnN6YzZkU244UkFGa1ZpMEo5RVJVV2VRczZCbEg5X1A1RWU1WXhNYkNXdjJKb2U5c1JaTVJUenVYNnFmOTVBM0trb2QtdkdHSXhoRFJ3aDBicFhKdU9lVnpNeklZNHFFZ2dxUTFXMWlXYjJIT2RZ?oc=5,Gulte,"Thu, 15 Jul 2021 07:00:00 GMT",2026-06-14T20:41:30.593850,cyber_stalking_bullying,True,False,candidate,https://www.gulte.com/political-news/101006/minister-hangs-face-mask-on-his-toe-gets-trolled
trolling Uttarakhand,Mary Kom meets Uttarakhand CM's Principal Secretary in Dehradun - lokmattimes.com,https://news.google.com/rss/articles/CBMipwFBVV95cUxQTXBjWlNldjFhOVRrR01lTThPVTNvS2h2a05xbkkycTc5OU5HbllUUmdkR184LVplNTFQX1NXRUhQR2p4eElha056MlEteUFMWVNEaG9OOXppUVNpT3RxWmRrZHI2TFh2OXdSdmVCVkozRDRWOGxLWXUzU1BDdUtoajZwTjl0OVVMWmQtYmk4OGVrM1NNNTdfNWVZVnVLbUR0OTllWjRHNNIBrAFBVV95cUxOUlBPQndBaTAtbWYzOEU1MUZTTWo5UTRKZmpvelNHRFhGcWRMMlIyblB3dEMzQkk2VGg0VmRkb2xXN05YSTAzVTJBTjVFTXA2N0xBVmUtdEZuM09OY1kwV2dhOUxFak9nYk5XV0ZrT3ZTVGMtM3Zsd0pzS2tjb2Q5Zko2NVd4LWliMUpwbGRYMExPWExtYTVVcGxtczNQMnRHODJUYnVCWGZRLXgt?oc=5,lokmattimes.com,"Thu, 11 Jun 2026 11:37:50 GMT",2026-06-14T20:41:30.593896,cyber_stalking_bullying,True,False,candidate,https://www.lokmattimes.com/other-sports/mary-kom-meets-uttarakhand-cms-principal-secretary-in-dehradun/
trolling Uttarakhand,"Contemporary challenges to peace and harmony threaten Uttarakhand, say activists - The Times of India",https://news.google.com/rss/articles/CBMi6wFBVV95cUxNWnV4akdoZnBNSEc4T3RlQjgyeUEtdnNDU0dfZS0xMlJWeWVnZDFlYkpQRGdqSHFqU1E1a1l3UUNXZmhhaGhxV01lTndRU1g3VG16azR4anJ3OHZKNnZGbXBhblRqMDFvTHc1ajVuN200Q3c2LUpkdG1uRTRKVVYxaVhRQW5qRlVDMTcxekJkdmdzX2VhNVRKUnNmUWMzTXRXd1BNTlZvX0RJTTY4ZkhRY1VnYmlkWF9BR2lSUjFiNHNQS0lBNGRORWpCazdwa21Oay1kTFpGb2ktYzR4c0JnUmw1TERWRUJwZTI40gHwAUFVX3lxTE54WEx5YmVDd0JfM0xmMW9WWTdRRnBpV0FDWVllbEtjc3BTd1hscTZUT1JVc0dlT3BlMFZacWp0Tk11MGlEU0JYcm5ZZTdFSUNQVXdzSDVMMkJ5OF9EU1RPVHpkYmctTFQxZExRWWtFS3k1WWs3dmJOS24ybklRZ3hMX01tM1ZKYWtNVG9sM0VRSHE4TFRmcFBGQmRKeHBXQ2ZxTUJRQ1RsaWJjTmJaUHRMbUZ0cGtEMTNUZGZ6OWVsYzh2aXV6Zy1fMmdiekNfMHhmcUtzX0FLSkExd0JQYTd5X3NYYXgwb25NbXRuYm5iUg?oc=5,The Times of India,"Mon, 26 May 2025 07:00:00 GMT",2026-06-14T20:41:30.593903,cyber_stalking_bullying,True,False,candidate,https://timesofindia.indiatimes.com/city/dehradun/contemporary-challenges-to-peace-and-harmony-threaten-uttarakhand-say-activists/articleshow/121415117.cms
trolling Uttarakhand,Uttarakhand CM Dhami highlights state issues in NITI Aayog Governing Council meeting - lokmattimes.com,https://news.google.com/rss/articles/CBMivwFBVV95cUxQbVpaZy1WZW5IczYxTllqcFFjSDlid0pOUE42RndiTEx1dk9TUV9TVnJyZmtQcXNoR20yRmRJNTI0WE8wcDl2YnFnZzZFdHJTbGxiekZoUlluZWpDUFJGUlVWVkxQc01GUWZkZFd0YXVIVXJmbkhWcFN5QmtSWUNUTTktOXlsV1FUN3pFSktocTdtelJRWDFPaEstOGJTdnpRLTFoWGFtUmttQlVBejc5Zk9YS2NPbnJlMFhrek5LQdIBxAFBVV95cUxORVBPbWlYekV3aFNPb0dPWnllN2djSG1zbnIwYXpVcmE2ZWhSYXZScDBqQlZmUjI3VWdjZWxRRTlVQmlQS0NKT3ZMWF9CY3F2MEJtNGUtRldKX0M5OWhpNTgxWXp5UE9Bb1pqaFBFQjVtWV94YXZVb1plZWtOWFRSYU1yRlRrS0xHMWp1VTdDRGhlOFByUHNpaS1obTc3MmlnRnlnb0xCa1FmcWlzOHRZR0Zxb3ZkUWhrVDdCbE9CUWpua0hn?oc=5,lokmattimes.com,"Thu, 11 Jun 2026 07:23:22 GMT",2026-06-14T20:41:30.593911,cyber_stalking_bullying,True,False,candidate,https://www.lokmattimes.com/national/uttarakhand-cm-dhami-highlights-state-issues-in-niti-aayog-governing-council-meeting/
trolling Uttarakhand,Smaran Ravichandran's Double Hundreds Spearhead Karnataka's Mammoth 802-Run Lead Over Uttarakhand In Ranji Trophy Semifinal - Republic World,https://news.google.com/rss/articles/CBMi7AFBVV95cUxORWFGUUR1MVBSdkpSNTY4dHZzOU9sbFhEOVF5NEI4dlZHdnRhYW1vWW1uNlhKUGdCRDhVcW4tZjFqN2JFRnZVVEZhWmlkNVJuVXE3NGttYjFwOXlNbi0ydDdFcmx4eGpuaDZydDB3dDRBenh2SnI0NG9hLWppYWJuX2xNZksyckdoenJGNnBtcXhnZTg1eUJHcTM1SnpLcUlTTVA2STV6akpwUnlYQVMtbFVkYWVlZTEydk1wekY4ZEJBN05yRlV3ZlUzU3Z6Qnd2ckVZVEZPancydWdadUt2akhRaTRkWl8yZUxrRNIB8gFBVV95cUxNbG0tRi1yZGxvZUJtMFVQOElsNzEtUlpBXzRYSVZocjJDbEx0NmRtQTVFbm5xcnZxdnlqN2VCOHBlU0dfN2xDUC1xN2IwZDQ3UlVnOFF4SS05a3laVTZKbVctX19DMmdCRTJVSzFURl8tNDZaN0N5OVVmQU55YmtoeVpTakJNYjRyNHNmbm1iWXp0bzJnQ3BUcGMzTkY0OVdTVERKc21jRzNJd2Vhb1VGZmluWnN4MkJNRlNMTzJ0dmo5c0JObklFdHg2NmpFRHIyaWhBMmU1X2FxSzhDOUtuUm41b0xLdkNQRmEwNS1oamJWdw?oc=5,Republic World,"Wed, 18 Feb 2026 08:00:00 GMT",2026-06-14T20:41:30.593940,cyber_stalking_bullying,True,False,candidate,https://www.republicworld.com/cricket/ranji-trophy-semifinal-smaran-ravichandran-double-hundreds-spearhead-karnataka-s-mammoth-802-run-lead-over-uttarakhand
trolling Uttarakhand,Angkrish Raghuvanshi Suffers Head Injury During Mumbai Vs Uttarakhand Match - IWMBuzz,https://news.google.com/rss/articles/CBMiyAFBVV95cUxOY29yZktoNHFrcERiOUZ5Z0xTZTBIODZxMjI2SmtFemx3UllUX1JIZlpYYldFM0IwZUs1VG5Fc0hCZEVienNfeFI3V25MZzFBLV9rc2d1RC1ka2tXckRTVkVsRkdiYkRxNko0dkVrWnRlYnljZTJaekt2ejJ3QUQ4WDRlZUhUVU95MFU2aXRQYldfQVJ6RFl6ejRNNWVQWUdVeVNaQ05PcWFibzNra3MwOUdNc2tJdHhYU1hPcnhEWGdKZ3ZQVzFiQg?oc=5,IWMBuzz,"Fri, 26 Dec 2025 08:00:00 GMT",2026-06-14T20:41:30.593956,cyber_stalking_bullying,True,False,candidate,https://www.iwmbuzz.com/sports/news-sports/angkrish-raghuvanshi-suffers-head-injury-during-mumbai-vs-uttarakhand-match/2025/12/26
trolling Uttarakhand,US ruled India for 200 years: Uttarakhand CM Tirath Singh Rawat - India TV News,https://news.google.com/rss/articles/CBMirAFBVV95cUxNQ2o5RDVQV01FemJFSWhUX2NTVTFsdG42Ulg4c3NGWmVqbnp0aVgzTHRubWNxREtWUXJrOXNyeHQyTWU2MFZaQ0JYaU80NHZCempoMmJoakh5SFotYXpjN1hvRUFyb0RDWGtxaDJhUi1pMHZTTXFjcUU3VVdpd01JMDdOcDF1UERSbktBWUVlM3RpSUMzZ2hNTXhIQkJSUEZwTGxNajR5M3hjWlNC0gGyAUFVX3lxTE5hUjNjUmxwNHFEY29GSktaaWE4cXRzQzNhaDJvaGhJNFd5bFpoYTZzY1BCNXF2Rk5tMkNBcVlpb2h6UVFPbWMyUjZhMHlOSDByUU9XUkl6eHlyS0s0VkNsQ0hsNWd3M0dEOVAtdzZFNzVPUl9yZWkycld4U2RUTFJnaThBeWZnRFdVanBQYVFzSFBkMmlDR3pEUXU3VTU3cW5qQTRZSmNGYTlBWXNKZXoyU3c?oc=5,India TV News,"Mon, 22 Mar 2021 07:00:00 GMT",2026-06-14T20:41:30.593972,cyber_stalking_bullying,True,False,candidate,https://www.indiatvnews.com/news/india/us-ruled-india-for-200-years-uttarakhand-cm-tirath-singh-rawat-692600
hate message Uttarakhand,"Don’t sensationalise, no statements on social media: Uttarakhand HC refuses to quash FIR against ‘Mohammad’ Deepak - The Indian Express",https://news.google.com/rss/articles/CBMitgFBVV95cUxQYVlSN0hVRnp5OUR6YmtZTjE5b1hpWk9PN1A1ZUVJd0ZYRjQxa0Q2ZkNVckk1bUw4ek10SE1wTEFzRmo4M0JKeWRxVXJYajhkZWlfMVI0NV9NV2dJYy1tQk5QWFpuUGVUUERHR0s1OG5oNjByUWNyV0lZMFR1Rmd2dy0wTlhhc1JZWjZkdHB1elFVWUI2S0dzXzZxLV9Pay13SzFfbkx6UUI1RHVoTjlSVGV6WlhKUdIBvAFBVV95cUxNaF9Vc2liNExBMVk0MTJZRmZaVFFvUG5TTnVVeWJLNWZWNk1ZX28wRlVLMUJOY2tkUjVsTDI4cnRVaE4zZ3M5WkRfM1dXaWt2QWRxQ3pfRHpwU2RQNFE0ODZvRDlDNkZfXzV4cVI1RGZOb29wZ3BBNnNhVW1uT2NleHV1MU9PbDJkWGl4VExKMU5HbjJSV0xvelMxa1l3SV9FNnpDVnl3VG5RX2tXeEZDdHAzSERLenNERzJFWg?oc=5,The Indian Express,"Sat, 21 Mar 2026 07:00:00 GMT",2026-06-14T20:41:32.590382,cyber_stalking_bullying,True,False,candidate,https://indianexpress.com/article/legal-news/no-statements-on-social-media-uttarakhand-hc-mohammad-deepak-10592273/
hate message Uttarakhand,'Road is not for Muslims': 'Hate' graffiti on Delhi-Dehradun expressway; FIR filed - The Times of India,https://news.google.com/rss/articles/CBMiywFBVV95cUxOWWtKTzdZZGFRUEhqVV96SXBrMVZfMW5JcGdCaG9HM3k1cmhfMy1PaVFiUFpvOVNJQ1ZCVVdOaEV6YkxuYzVtdmo5Q25mcmtjaEMyZVc1UXBBdHVmM2lGN0xIMFJjbmlxZ3E5ak9ZRE9RY2dtZG9CbnFueTNlUExYdFFCVVh2dHdDN2U1WUJRWVd6WVFWSTktNC1XTkxlNXJ0V3pNNUY5dlVtbERXT0hMRlg2Zzl2R3N1QjJIR0Jqd1VrREN5R3lMcVdJb9IB0AFBVV95cUxQVDVNZkJ4RGc1Yi12Vk1PWWxfYmpaaE91UW9oQko2Z3BldDlFZnJwZmNpeU8xbmVwUmVxTDhvd2tGRDUxcmpCc1MtOFI4QklhOHlDc2JtYlBiLXFERnprcnlCYkJEVG9wYUw5Z0dEU2ZhaWx5MHJCUC1iSDl5OTVyemlyNlVsZDFYeWVwS0tfQlMxWFF1SFRfRkxRdGl5elNFelRVM2J6VE1QQzJTdlBsdWFWSUhlNURubU44dHQtY3Mtd1N6QUVEZTVoMUpwS3pJ?oc=5,The Times of India,"Sat, 28 Feb 2026 08:00:00 GMT",2026-06-14T20:41:32.590394,cyber_stalking_bullying,True,False,candidate,https://timesofindia.indiatimes.com/city/meerut/hate-graffiti-on-e-way-fir-after-nhai-man-files-complaint/articleshow/128861118.cms
hate message Uttarakhand,"Jharkhand minister hails Uttarakhand gym trainer Deepak, announces ₹2 lakh reward for defending Muslim shopkeeper - Muslim Mirror",https://news.google.com/rss/articles/CBMi3wFBVV95cUxNSDhUY2pPR3JKS0ZaR2ZZUHRGb1NsRUR0Z0VoQnlpXzJKWU1uNTROb1hKVHpMWk5IZE0zWEJLbEEtaERVN2NZTVVPd0YyTmFQR3N4X3dHQXNSdVN4U0pOZUt3RGdCOXVua0IwcUlpWVhCM25SbDhZdE9JRHFxc1lLby1MMC1kNjRqTXBWT21iMFdTNmh2WWZYMGdvQUVfeFZPeU5rQkt0bVZXaS0zM01vMjZUYkRIVmVLdC1LWWZMd201ZjBOV2stRmFWLWF4aDNZTFNDSFVYXzhRa2NhaklZ?oc=5,Muslim Mirror,"Sat, 07 Feb 2026 08:00:00 GMT",2026-06-14T20:41:32.590406,cyber_stalking_bullying,True,False,candidate,https://muslimmirror.com/jharkhand-minister-hails-uttarakhand-gym-trainer-deepak-announces-%E2%82%B92-lakh-reward-for-defending-muslim-shopkeeper/
hate message Uttarakhand,"When a Mob Gathered in Uttarakhand, Why Did Deepak Kumar Speak Up? - The Better India",https://news.google.com/rss/articles/CBMixwFBVV95cUxON2MxR04wQnJWcXMxX1Z5UWJETDVaQ3NxUUhLblc4Rlc5aUVwSTZyeUE0NlFBeFBsREpIODVQRS1CYkQxNnFqeG1pOEZCMmpzcGlpQVV6YjR4Y2swWnN5MVBWQy1FQ0V5WVhwUWhCSVl3NGt1QlY3WEVRME9FWFBwZ0stZElaNUpFZ0tMcUNqM3dkOE9MTDJVUnppSHRkLU85THkwNktiLWJYZzA4R05zQUhtS3FadUZpb3ZZbFZKNXFTSmo0ZlY40gHMAUFVX3lxTFBialp1eWxXa0FNMjdtZEFOdTZiRU5KWmtHYmNRQVhWdzNVenYwZ2dOZDVwNlFfMHc4U0VOZDdGZHlSdXQ5TEVMOTdKMGNHdU50SjllMjRkUlVSSUVyU0pmY3lDVU56YmNWUlRLZzlKSDFobE5LdUNpdG9rQWh1OGkzY2h4VVhsTHdXVmpQcjlacEJNU2M3U1owQjF1SkdpdVJocmp2MGRJSTJOU0l5NFFkTjV3cGl6MUZYNTgwd0RoVWJwbFZzZFEzeFVCXw?oc=5,The Better India,"Wed, 04 Feb 2026 08:00:00 GMT",2026-06-14T20:41:32.590418,cyber_stalking_bullying,True,False,candidate,https://thebetterindia.com/trending/uttarakhand-mob-incident-crowd-psychology-speaking-up-deepak-mohammad-kumar-kotdwar-11075284
hate message Uttarakhand,Uttarakhand Clothing Store Name Row: Jharkhand Minister To Reward Man Who Defended Muslim Owner - ETV Bharat,https://news.google.com/rss/articles/CBMi3AFBVV95cUxQbEUwWFJaQ29QOEVrZS00Y3NKdi1rZlFTQVh0bXM4Q3ZOVGtnUC1hRDI5X2JieWNIajRfeGZZa3hkWlZWc0xvZVBoc09tb3l0SlJMaklFU0VVdmN2NzRGYVM2bEctYzRIU1AyMkFlZWUwcUNfbFJzLThmRS1xSlY2ckkyc0NQRFlDUVFzX3V2TU56RUNGTnJwWXB6aUFuQ3JyZ0Y4ZENObmNzQ1hpUGw2UmI1Y2hWSnVXVmplZ1VPbEpjemJETEdTMDJ2eExQQTVNYkpNQmp0aWkwQVpt0gHiAUFVX3lxTE50Y3dOenNtbTdsMnhYaDZ1MklyRHEtNjFVcFp1LWVTUzlibHEzSXZxYkwwMEoxeFZRcWJia2xpNTZRZHZyc3pWUGcyRVcyWmVCbllDcEROenZjOEJ1SGdzckd0bWtRcTNxSjNGd0k0eDNXS1RPOHZVVHU3WnQxY0k0WFFpQ3VPSzg0NWIzNWg5Y3VWdlFHT21sMkhqZnZuSWQ2NHd1QTV4bXcteVFtanpBZFRxRS1CTTZ1Y1FPYkctS0Uzc0lHbEpwLU5zOURMRDJkQVozYU1wTDBnemtuVWJiM3c?oc=5,ETV Bharat,"Tue, 03 Feb 2026 08:00:00 GMT",2026-06-14T20:41:32.590429,cyber_stalking_bullying,True,False,candidate,https://www.etvbharat.com/en/state/uttarakhand-clothing-store-name-row-jharkhand-minister-to-reward-man-who-defended-muslim-owner-enn26020304443
hate message Uttarakhand,Meet the 25-year-old law student who took on hate speech makers in Haridwar - Scroll.in,https://news.google.com/rss/articles/CBMirgFBVV95cUxQMzNJWUdRbUlSdjFDMjdNRE9jLXlWcFBISGlqVVhSamVBcVRXVWNpRWlMZUlEclc1VlpyOG5UYjY1WV8weTVzTGRpc2pHU0pJMEpKTFY4RW9tLWdlSldSZjBqZHh6M0F2MDdxSVZ2ZXd1cGZqc0l3TXVqUDI5MDNaMG1UR1U0OU9CaUh1TV9iVGhSR0E4NGRRLWo3OVlGYlBaVTc1aWZLRnhEZUoxOEHSAbMBQVVfeXFMUF85MEplZTBHdzBROEdzcTV0d290OURTVDY4dlU5bllrU0sxVDhqRjBqV2hwOFA1MWQ3aW9EU1JXX1BPckJNaEIyZmFGYUg4bE1iM0hobFdpRTd1bHkwZnQ3YnU5V0wtTEtkakExVGN3a0FxMnVrQ3BlWS1oeFNVZUZ6RXJUczVJRWN4SUhaM3lQVXRZVHlLMjVwbzBWM1drdGdxRHliU3EtZ3RYT3NFaFR0ZGM?oc=5,Scroll.in,"Mon, 03 Jan 2022 08:00:00 GMT",2026-06-14T20:41:32.590523,cyber_stalking_bullying,True,False,candidate,https://scroll.in/article/1014154/meet-the-25-year-old-law-student-who-took-on-hate-speech-makers-in-haridwar
hate message Uttarakhand,Uttarakhand Cop Protects Muslim Boy From Angry Mob in Ramnagar - The Quint,https://news.google.com/rss/articles/CBMiogFBVV95cUxPOThxM3Z0a1p4bkpxMmVlMWhwUlU3T0dLZjVCTmo5dy1CQVM1UVp1LVNLQ24tRWhpdE0xaE85VFdoRlVsWGw0dmU0aGh5dVh6WEp2cjZoRXBLaXd5Zy0tdDFwMkxyQnE4bHIzdzNHZGl5ZnVBeWowdzRZRllDbC1qM0VwZW9UV294dUdPWkJRT21aTzA0QXU4VmpESzFoTVc2X0HSAa8BQVVfeXFMTWFaa3NjOFRnOGdRc3BpcWVtUXQ4WVNxdHd5aTRWU0NQMXhjWXB1RkM1Z2Y2WTQ4RU80Smw3ZEcxU3RHVHo4WUJaX1lfdUpyeExDa3d5T29lTlMwRENNSHBKUG9uOTh6UWpJYjRXcmhQUkxuSEhTVlpiak1HUC1qekJSYzdhWFFiakdYRWh1Q19jcHctSWFpRVhScjQ4dzNUSkdfYXhoWmk5QV9YOXNrSQ?oc=5,The Quint,"Fri, 25 May 2018 07:00:00 GMT",2026-06-14T20:41:32.590667,cyber_stalking_bullying,True,False,candidate,https://www.thequint.com/news/india/sikh-inspector-protects-muslim-man-from-angry-mob-in-uttarakhand
hate message Uttarakhand,INDIA: Hindutva groups issue ultimatum to expel Muslims from Uttarakhand - 5Pillars,https://news.google.com/rss/articles/CBMiqgFBVV95cUxNbFZFYlFxWk1fTWxycjA5MnhqNjhCenowQmRIZ2lwdDAyY0ZQa1RnT1FjVHZuZURfZkRpS0hoN0ozZloyeTdOUHJCRV9YdTh3b0NrU194Zmg4amZYZWxNdlphNTljUFlVUko5VkRUZmtLVzFGX3BhYlVHNEJxUnV4U00yY1ZqNjM4Qm96WDc4cGUyLXhBNUt0QTdxQzRobG41YWx6c3pweHJUUQ?oc=5,5Pillars,"Mon, 21 Oct 2024 07:00:00 GMT",2026-06-14T20:41:32.590678,cyber_stalking_bullying,True,False,candidate,https://5pillarsuk.com/2024/10/21/india-hindutva-groups-issue-ultimatum-to-expel-muslims-from-uttarakhand/
hate message Uttarakhand,FIR Against Uttarakhand Gym Trainer Deepak for Standing by Muslim Shopkeeper Sparks Outrage - The Hindustan Gazette,https://news.google.com/rss/articles/CBMi4gFBVV95cUxPdTdGVGh0bnR6a1k2UmJDS1owdmdwMzFhZmxQMEJMUjc5ZXNFY2R4WEk3QUF1NExJM0VIVzJNVkZWYnZMakZlVHExMzFDdC1wVW5IYW1VSk01VExUaHBXcDd3NzdMbWlvVG5PbndoU3RFdTlUMzk0aHVjTk5ETnE5Zk1pWEFqWkxUWEtkWnR5dmgyaEx6cXdsVlBSdmlDbndrUXhfLUlJdVl1Y29sU2ZkSkwwQUxCUjU5VEFXOUxKbE9RY2l1ZnpwQ08xTDRHUnUtVUVpeXJ5RlQzOGc4TFgyczBR?oc=5,The Hindustan Gazette,"Mon, 02 Feb 2026 08:00:00 GMT",2026-06-14T20:41:32.590698,cyber_stalking_bullying,True,False,candidate,https://thehindustangazette.com/national/new-delhi/fir-against-uttarakhand-gym-trainer-deepak-for-standing-by-muslim-shopkeeper-sparks-outrage-43477
online abuse Uttarakhand,Communal tension in Uttarakhand’s Kotdwar as Mob targets gym trainer for backing Muslim trader in shop name row - The New Indian Express,https://news.google.com/rss/articles/CBMi8wFBVV95cUxQb2J6bXVvZWJEUkhncFo1Z2dQRmxkVEhKWG5qbGZxb0tzOWlab0NodVg1a2t5TS05bkJaQ3RlSzJPcEt0U3lybWwzYzRtYUVXSVNWVFVfOV9BRFRHeFNXbHRqV2pESENKaVdNXzk3cGZVYUpoTmxpV1NkemE1RlIwZzQ0N0RjbGViX0loT29COFRWVm9PSFdfeXlHaFVNSUo2dTJfRjRKU2RnLVhxamlQQTQ5UzZDcFpjckVNajBnUzk3UVY2c0ttUU1qUkZZMUhuS01CSDJpcWRFX2YwUU9mcEVUVzdUTjV2RklzOXpRYzlDTDDSAYACQVVfeXFMTy1pT1gzZzM0YmJKX1BlcmY0YXQ3dnp6S05BamxwMVk5Mk1RYUFCX2ZkRDRtbzNORFZfRVBEYzBoS0JfSG5aMXdqSXlIMGJQZmdBT2dwVzVtdUotUGJZekFtaGJYalZKc0x5dFBYSTNTakhGNlAxSjdiUGlDYUR2LTZPYjhWa01PU2UxcWUxdWl5WHI4TGtYSzhoS1k0UElhM0RMSF92ZDFwS1Q4ZEJFVjVuWnVFYkt6b2hxRTc0Mmd0UE8tZ21TRnFhN2FIcWJqNG5Ob3FPVGhtTDVRbFFrV0wtSzBRc0RlYVktb0pkRFh6YW13OG11X1dhS2JEcjBHbA?oc=5,The New Indian Express,"Sun, 01 Feb 2026 08:00:00 GMT",2026-06-14T20:41:34.329290,cyber_stalking_bullying,True,False,candidate,https://www.newindianexpress.com/india/2026/Feb/01/communal-tension-in-uttarakhands-kotdwar-as-mob-targets-gym-trainer-for-backing-muslim-trader-in-shop-name-row
online abuse Uttarakhand,"Uttarakhand to enlist live-ins online, notify parents of 18-21-year-olds - The Times of India",https://news.google.com/rss/articles/CBMi4AFBVV95cUxQbE9oTW5VNmIwX0E1WHVEc1NkNk5CaTV4Z09oOFZ6T29qS1l2NHBnY1k4Vk9PUzgxVkdVOHRHalQtcWxFQVNPVWY2eVFCNVhONm9hVjJidm41VzN3Nk9xczNBY050akprNnNBTkItZzRGZDlUcHNGQTNyT0wtN2hqUEJ4aFYtR3FHWjl3NkFjb08tZjk2ZTBacUF0NGw2TlZwZUpTZzcyeDFmazVEYTZScC02LWc4TnUwc0xNNklDanU5bmJGZ1JxWXpGR0h0SHkzOFRnOThzejRaMmZPMXBUM9IB5gFBVV95cUxPSWJDZ2l6TlhkOG9yOHJ5YkFrdFFPT3d6MTZiOFM2YUx4NlN4QXR2WGRQNWo0ckZRdnItZ2hKbFRPb3gyRWtkWWp4OEdtRlp3REtCbDMzY0xSaXFzdUhreUhCUkhiZVlqZkJiSnRjYUZsZmowSUVfRHNsQzQ5dFlDeEZSLXVkRHlNbDVnTFdDbFBXdDZERjUwWjlzWFh4c1pXakl6c3ZsbWlUSF9vX00tUllpd1V0Tm5FZlotbGQwc0laWDVTbzhRTGlPUFhDMFpMN25zTVp4UldUYWt0REdWdEx6Wnprdw?oc=5,The Times of India,"Sun, 26 May 2024 07:00:00 GMT",2026-06-14T20:41:34.329434,cyber_stalking_bullying,True,False,candidate,https://timesofindia.indiatimes.com/city/dehradun/uttarakhand-to-enlist-live-ins-online-notify-parents-of-18-21-year-olds/articleshow/110427662.cms
online abuse Uttarakhand,"In Uttarakhand, a folk singer is booked for song on addiction. Two days later, state launches drug campaign - The Indian Express",https://news.google.com/rss/articles/CBMi6gFBVV95cUxOOUpPemE3dFdzRmJYNUJEckZKdFppUTg5R19NNS1WMFVaYTlyUXcwZ2oyMnpiSXlQWjJiNG8za3ktY1BfVUIydTlfVDgyUnFHSm5EOGRCeWVBaG1rcEYtejJnTGEtRDdnaEJJbXI1THdJdENzX1RCYXR0QmlYUVY1WE9MUjRCMnFFVnlCdk05RW9ROXRiRzRDZGVHT0pEVXhBS1VPMEp0dzVUNUFHYkMwemhCYzRZMDlSeHhRTGhEVjNyNFRNNFBrUjN6SGIybVFsNS13Sk83REs5bzUzdzZxNG4tWGtUN3FHUlHSAfABQVVfeXFMT2ZDdlNTLWRacVdNaW5XMnF4bk5mVnBKOWJ4dldVak5QaFRmNmNIcWtJMkg2STlJNGRraHowckxMMWRDeERJXzV5N0k3UV9fdmg4YzdHbFdKa0NLcGxIYXFUSnB4Y3dueWVFOXF6OHE4RnZFTEFHS3l2Wks1WUdidzlZai1MMDA1bGdXTWc3bURXeDhCZFFidDVmWW93aGRRT1g1MEZJZkMyYTNXcVRqMU5IX1J1UGhoZzFYbFQxZFBtUFNPaEJyRXNHMVVRcmV2S2NUM2pBNkMyLXh6MTlqQVVlVWQ5bkNBb2QyLWpXUzc3?oc=5,The Indian Express,"Wed, 23 Jul 2025 07:00:00 GMT",2026-06-14T20:41:34.329509,cyber_stalking_bullying,True,False,candidate,https://indianexpress.com/article/india/in-uttarakhand-a-folk-singer-is-booked-for-song-on-addiction-two-days-later-state-launches-drug-campaign-10143280/
online abuse Uttarakhand,CPI(M) MP Meets Hindu Man Who Stood Up For Muslim Shopkeeper Targeted By Mob In Uttarakhand - NDTV,https://news.google.com/rss/articles/CBMi-AFBVV95cUxNVnVzWjVuQUp3V2xYLVBhSGk3V1JUQWwxWUc3Y0o4UUp1Sk1lb05fSzlhazFBYmNYeDk3TnZMcElKa0k1LWFMNWllRVg5eXlXcVFxQmVtLWRNSnJuQ1VGYUVRZTI3dFFNemtldnNPQkFSMEgyaHFjMEl5OGgtaE1UeGEyWGN0R3pZd2ZUSWJNbXZTVHYtUHNDYWoxTXlncjkwXzBOVlNTX3Z6X0FZTDN6UlVSVS1PYlMzZjVzd25GaXhWMTVsb0pQeGgtVmNxVVg0QmRDeDhJTkVlTzBrc1pmWDgzdlFPaVdvcS1jRzdFUHZhWDNLNVpBMNIBgAJBVV95cUxQakxKbTgwY3A4Z2VDUUxQMTl1dnZRamROdmNwUTFMTzdFa3Nwa3FETHA0MS1NZ2UxZWVtRnVHZTc0VGdGOGd5Z0M5bnFyQ20xbTNWYV9hTlpRSWYyeHRseV9KUEtZVFZzeTR3T1kxS1NKZVRGZEZ6dE1EWk5SUUxHdHhXOEdKSTYwbHNHZmNVUF9KWWdsWHA1UjAwb21xZWMzeHlWVUd0MVhGeWxiVzBuMzIzZTRHM1hYT0txYkRyRHFwWXdxWnpadU9BNzlGWVlSOXJVRzFuc3lVN3FEbGdHaU9fQ3ZEVEoxRE1BSVZkTnA3M3NuaGVvRFA3RDZGN0d6?oc=5,NDTV,"Sun, 08 Feb 2026 08:00:00 GMT",2026-06-14T20:41:34.329545,cyber_stalking_bullying,True,False,candidate,https://www.ndtv.com/india-news/cpi-m-mp-john-brittas-meets-hindu-man-deepak-kumar-who-stood-up-for-muslim-shopkeeper-targeted-by-mob-in-kotdwar-uttarakhand-10971113
online abuse Uttarakhand,Uttarakhand ranks third in total suicide cases among other Himalayan states - The New Indian Express,https://news.google.com/rss/articles/CBMi7AFBVV95cUxOSXFqSlZFNmtGemJ2Wnk2YV9wa3ZTa2RDWmJsa1VWR1NmdDBDNGlIM0FkaTJBQ25RdkNUbTZIaTRaYXpmTEoyTVUzSWVrZzd3aVNaczZKbV9MQVJfN1NfRy1melFEZk9WOHdOTTRfQmREbjV1ODdMdDNzX2ljM0hwbDUtNWhPdFJCTmVSY1FvR3VCWEZsZ18xZVcxaU5oWWdkc1htVkwybWNVMDVGVzVZclBYWnY1Ry1iMW45OW84ZDQyXzZCSkp5QnhBbDRxN3lYVWN4QjFGUlh4STJkbXlrdTFidk40aWdzUDBaetIB4wFBVV95cUxQd1c2RkhCWm9STXlsWGt5WEtYQnlKbkd5Q1pNQTZnSlBWNS1fY2p1WFp5VnM5LWNTLVZuUGdIbTVmZ2VpM1htZ2x3dUZDRW5LNFBhVzNkUjR4UEZTblZxYTdwRUtCTHJCQWNJQldvOFNsbW1RSTU3TUVHX05FMnFQSzVpNkdNWWtLSGE5SnhWdHBacngyM0t2bkNiM2pzR1QyTkdyVzJrN29xVmhCOHNUZjlfV2hKZXhuVnNpeG45RUZ5a1FKc3NTeU5WeDYycmJUTGl0MEF0NkNOZk9tXzBDd3U3RQ?oc=5,The New Indian Express,"Fri, 04 Sep 2020 07:00:00 GMT",2026-06-14T20:41:34.329615,cyber_stalking_bullying,True,False,candidate,https://www.newindianexpress.com/nation/2020/sep/04/uttarakhand-ranks-third-in-total-suicide-cases-among-other-himalayan-states-2192395.html?botrequest=true
online abuse Uttarakhand,Uttarakhand Uniform Civil Code bill: Live-in couples must register or face jail | India News - Hindustan Times,https://news.google.com/rss/articles/CBMi1AFBVV95cUxOb3loMEEwT0NLcEhTY1loVDdTcGZIUUtRMDNaeE9BVkI4ZlNLRlZHMmt1MU9aS2VBTkU3Q0hhb2otdUtwb3RKOU1xWG9qT2JqaVNCV2FmbHdHSVVSa05YYzAycDk0bS02RG9LY1cxUDRzeTZkZHZmTk5iQ0xTSlRGUXZfZGV0LTZTYnBhbm55R1BpUlFLYkFHWDNJTTFSU0JDckhvZW0ySGcxZzJtQTNNSHlLTnpDQlRDQlhGdWluenFaX09yalZGamdjWDZhQ3NBTEFlctIB2gFBVV95cUxOeXZfX1pCbnVOenFIRVUzYzBYYm52SU05U3hqZFhCZ2tGSmhSeXotSjAtay0zRnA3WHBBWjJOMzRWd1Bwd0tIa2RxU09UR3BkVXZsWWJNS1FRc25hQVRUcFBzb0tkcU4zdEFNU0NoQXhyTFUzRkM4ZTFMTjRYUmxXYW1qNkYtMXh0VFJTX0RiTnJDYW9qQm94QzRqN0tEV0lid1g1eDMzd0xGZEVzYWQ2X051QVVWekh3Y1h5eThqQW9VbTFuNUhoSFZWMnYybVd5VEtnMW9LWTNWZw?oc=5,Hindustan Times,"Tue, 06 Feb 2024 08:00:00 GMT",2026-06-14T20:41:34.329687,cyber_stalking_bullying,True,False,candidate,https://www.hindustantimes.com/india-news/uttarakhand-uniform-civil-code-bill-jail-term-provision-for-live-in-couples-101707206754947.html
online abuse Uttarakhand,"Not against jeans, only ripped jeans, says Uttarakhand CM Tirath Singh amid furore - The Times of India",https://news.google.com/rss/articles/CBMi6gFBVV95cUxNU19QTXlXYVd3VW0tWDU4amlxWVE3QkZhdG42YnBTeW44bUVDam9EYktjR1M1Y0d2ZjItbmYtNEpRSE1JVVFpdTc2WUJXbEUtN1lIYS1zOTBIUWFYNHlEY2dpdGVSVmxMSUlxeHpaajZ3QU5TQlhZWGV1aDlDTHFWYTM4WUJhZDQwZ2F3dHdCenpsWHlPTHRoeUlSREhXb0F6WjZtc3R3bHd4TEZOLUdGcmFBQWR6Rmk5eDZQQ1E3aENXMFo2T3hPWmJ5REFJVkFQTmVXUlkzZ2tfdlBfQWVZR1U4N21pV3dTZ1HSAe8BQVVfeXFMTTNkLXJYS1Z0UVUyd19lUTJrbXEwSGpVNFd5SWNaaFc5bzdWLW5LcjNqclg0UndfQkZCWW12RVRtZzNPa0xIS2hnN3lKRTBVME9qV2lOVDJNTW52QVhQQ1FJMWNHTDFHSHlDXzc4aTRDOFpyQUVkd0ZsOXRxMkVfc1lpWHpOZmVDY1REX0hJNldzb0hhS29LaVNHcVpwakFDTGtoQVczVXVPeEJPZ1lZRXZURVMtc0NZc0RMVXBvbXFaZHY5OTkxdGdTTFM4Z1BmdVRLcHg3WWxxeGNZeGVEaEt6OEZaUWotQmNJaUdmcDQ?oc=5,The Times of India,"Sat, 20 Mar 2021 07:00:00 GMT",2026-06-14T20:41:34.329766,cyber_stalking_bullying,True,False,candidate,https://timesofindia.indiatimes.com/india/uttarakhand-cm-apologises-for-ripped-jeans-remark-but-says-wearing-torn-jeans-not-right/articleshow/81592041.cms
online abuse Uttarakhand,"Uttarakhand: Haryana woman stopped from drinking near Ganga, sparks argument with police in Rishikesh - News9live",https://news.google.com/rss/articles/CBMi1gFBVV95cUxOdlNlSUNLR0x5VzRQNkNKRWZFY3pTUVUtcW1GNGpsWDRmVklDcEtZQVJiQVBKY2k2RW43Uk8xR3NadEYwOXhtc3EwS25YR1BBNzZGZGcyaDlZd1RMbzJwQl8yN0JHb19fMG1UUm5fVjFIekVQN1d6a3k3ZE9QNmw3bTRmWHl4MUlQZ1JLMlJjRXJnOHRSQ2pGZks1ZlhpSF9GWC1sVVd6b183QXAwOVdWTEZFU1NxS2NkMGxCdzRuUi1rM1czc3lxN1ZCdWtCdV9ZOWlHR3Jn0gHbAUFVX3lxTE1QQUc1WXNGRjluNU9aUy1rMldNZy1MdzE1c3F3VU83aWxUeTdTekozbEF6Z044NjlabENSSFJHRmxFLXNoZnlNSWFuTElEU3VqNjB2Nl8xbWlPNzE0aFlfVTdlbnZDckZQa0o1eDc0SlMzdEd1NVBVLWY2M3RrLXFaamZJQzlaa1QzQ2hZUi1jMFlaaXo1MDJWbTNuT3ZnRmRWeTU3RHl1dXd2d2dRbFhmd0ZjZno3VVhwTlliYzcxdXdUSWxFUmVCdUFhbU4tSi1ZU0U4S0ZVTFA1aw?oc=5,News9live,"Wed, 08 Apr 2026 07:00:00 GMT",2026-06-14T20:41:34.329947,cyber_stalking_bullying,True,False,candidate,https://www.news9live.com/india/uttarakhand-haryana-woman-stopped-from-drinking-near-ganga-sparks-argument-with-police-in-rishikesh-2953598
online hate crime Uttarakhand,Uttarakhand: Man booked for selling halal chicken biryani under Hindu name - The Siasat Daily,https://news.google.com/rss/articles/CBMiqAFBVV95cUxPUTJpYmJRRFlfamg2aVFtQTl6b0dJRGFqN0EtWXBfOTdxZkdaR0xoTjRIcTJsSWVqWjZmcExvZGQycWxRYk0xejJGNHVYN1ZyRnNVeVB2YlRFdDVZY25DbnZyamlHM1ozUm04c3NNLU1odTk3Ul9YNnkwZm82WlR4NFRQRnpHN1lNNWk2UnVTcjZZTExDSGsxb3EwTkhaRlpwbTlvQ3NGbmvSAa4BQVVfeXFMUF9QeUppMzhYQzNybElXQnEzNzZZRVRSQ1Q1cU41RmM1TW1EeGFZWE9TYW9TMzV4S29rWEJyTUt3eTF5dnVISXJfcHRNOGpZaFBzV0RxYnZYYUhVc2Vienl4b2lRWTdjLU5BUllXVDQxUW5vMldWUGJtdDdoU3pFZ1o2MU9yd3RyeDZRZllsdFFFM1ZpRmlNNGcySjRrTlJQMENKZC1fWGpaWmlpUU9B?oc=5,The Siasat Daily,"Fri, 17 Apr 2026 07:00:00 GMT",2026-06-14T20:41:36.211590,cyber_stalking_bullying,True,False,candidate,https://www.siasat.com/uttarakhand-man-booked-for-selling-halal-chicken-biryani-under-hindu-name-3454958/
online hate crime Uttarakhand,"Religious hate finds a stage at Dehradun Press Club, event on “how to save women from jihadis” organised - SabrangIndia",https://news.google.com/rss/articles/CBMixAFBVV95cUxQUFJuVmZCVG4wdGVFcThGeXVaUFA5S2ZzQ2FkanhfTWlTMHpzTVJxWXhIejBTSGVjcERVVUxYUTg4UDB6VVd1bUZkdGRRb25lWnc5Q1RWTWJfalJfbUxVanZVVWdhZlVYM0Vod1BwOWx6MUxfYUtZRXFuWnFTeUxRd1FqckI3NGc4YzVaVXNHYkpGRFZZZ3dqb3lzdjhxQW54a3dlSl9tVDYzRmU4NGoxQVlOTzFPU19ULW9IV1JkOUlscjM2?oc=5,SabrangIndia,"Fri, 20 Sep 2024 07:00:00 GMT",2026-06-14T20:41:36.211626,cyber_stalking_bullying,True,False,candidate,https://sabrangindia.in/religious-hate-finds-a-stage-at-dehradun-press-club-event-on-how-to-save-women-from-jihadis-organised/
online hate crime Uttarakhand,"Musalmaan hai, maaro: Kashmiri teen attacked with iron rod in Uttarakhand - The Siasat Daily",https://news.google.com/rss/articles/CBMipgFBVV95cUxQT1c0RlVzUUZjNzNmRlNTZWRBU05jQVVUdDRVclFQY1FqNjRTNGJxbDlvQ1Bqc2RhRDlpSFl1NlVJOHlRMGpzTVJEa05VS2VwUDBDZGpIYTRENVg4a1lzYnN0bDkxdnQ4V2JVNmRhckxMTzJKUXVkWWd3b3lvRUV5a0xqZ194amF3WDIweS1sbGZDVjZRZ1JPX2otMTNZeWtNT05QQzBB0gGrAUFVX3lxTFA4ZFlFUFdfTlRKc0JWMFVEU3FKb3UxaExES2g3ZFRreVkzVUJORkZqVkRQTjFJcTlnRmdzcld3aUszYlYyZjFidjk3dFp1bHhGaVlQWmRCWXBFYjBmTFdXc2JnOTAwSVl0LWNIUTY0NmdvTEYtUzhwWGdaeGhMZENEZGtTS1JJcjdkdk5iMFNsUWFwX3h0T1l1MnhuYXJ4V0FvdFJ2bUpJX3RRVQ?oc=5,The Siasat Daily,"Thu, 29 Jan 2026 08:00:00 GMT",2026-06-14T20:41:36.211637,cyber_stalking_bullying,True,False,candidate,https://www.siasat.com/musalmaan-hai-maaro-kashmiri-teen-attacked-with-iron-rod-in-uttarakhand-3333414/
online threat Uttarakhand,"Avalanche risk spikes in Uttarakhand, authorities on high alert - The New Indian Express",https://news.google.com/rss/articles/CBMiswFBVV95cUxNOXNSLXpwbjNfUzFMSGx2Y205SVVwdWltTDJlWU5zZ2x1dU55VUFzUXA0dUo1TURoUHBMZnRLWURtTmJiNFZqem1CNjkydGcxNEZPNkQ3aU1YRGd2MDNiaTczYXo5S1ItTkdpT0JkN3d0YjZyMkprUWNOc3BoaEhaazVrNklVb3FNTGU3TGtJaWRvdXQzZDVjdjN5R3hZZTdmX182MjREbktzcE43Q0drdEh2b9IBwAFBVV95cUxOTWw0UTU4UVdhWGlDdlplaHFfelkydG81U1ZZU0Vid0JCTG1ScHlvU1lKclNBcjcwcVJnRERfYkpMR1dUZW1FYlh0cktaQ1R3aW1FZmR6eHRYZ3R4MUNVTmJBMEN6WUlFc3IxNmhPOGU3Y3BUYWt3aTVwWGwwUVc3RmVxTVhJc0d4QlJOS0NrY1Y5NjFtSFpheGt2bG9HeFBrclp2ZU9mN19WWTZVWlVkbnhsMFhVSzFaQVhkSXBxQ3Q?oc=5,The New Indian Express,"Sun, 25 Jan 2026 08:00:00 GMT",2026-06-14T20:41:38.021880,cyber_stalking_bullying,True,False,candidate,https://www.newindianexpress.com/india/2026/Jan/25/avalanche-risk-spikes-in-uttarakhand-authorities-on-high-alert
online threat Uttarakhand,SC lawyers back ‘Mohammad’ Deepak Kumar after right-wing outfit’s threats hit gym business; Uttarakhand t - The Times of India,https://news.google.com/rss/articles/CBMizwFBVV95cUxOZnV4b3J3Q1pTVGlScTYzenNOdUpLTTNNeXU0a1Z5U3NFUHVpXzB1SUh5MkZSeW92VDVMa1BRTW9DMTQ2YU54aUlaSzItQ0VBMDdRWDJUTmdDXzBJR1hXS0pHN0Y1WmJtOHF6OVRHenNUYkRiVm5VczN5S1NwRno2bkxWdS1sM1haVS15SUR3TktBaG5SaVdNbzhLSjVZb1ZwaFotUTdtdGxwcXpnazRwVkNmeF9mbFZpYWF4Nk83STdidmFuamF5ZlczY2dQcHPSAdQBQVVfeXFMT01CS3BHVXBuTkFGUXFsOFlibDhyQlJnSGlCem5YblpyZl9fRDlhdG9sbWk3b2hTUnc5T1N3d3lXclJZaVJkWlhXZklqUjlZYTlpUndvR0IyNGswQkNKcF9EV0tiVUF4OVJZWllCLWFlcUtiTGhBWFlleUNpRnBkbEVZX01vSXZiZGJHakdWOWhlYWsySG1PclJjUkM4WFlTaVg4aGl5REtTLV9TRGM5RF9oYmI3RU1yYUVkcUk5OHRHZTBrc2ZTenkyZXZnQnRrQTlzcHM?oc=5,The Times of India,"Fri, 13 Feb 2026 08:00:00 GMT",2026-06-14T20:41:38.021908,cyber_stalking_bullying,True,False,candidate,https://timesofindia.indiatimes.com/city/dehradun/sc-lawyers-back-mohd-deepak-after-threats-hit-gym-business/articleshow/128269692.cms
online threat Uttarakhand,"Uttarakhand: Hindu Raksha Dal chief, 2 others booked for threatening ‘Mohammad’ Deepak | Hindustan Times - Hindustan Times",https://news.google.com/rss/articles/CBMi4gFBVV95cUxPYkg4M3FnYXppS0hmcWJDZ3Y4V2hsOW9IWVI4WUZ0SkhaNDNOc0dsWE8tQ3lRQnduZUVfSzhVcUJiNG9veVdLdVZTSHRGOUJGbUsyQ1BPYlFKVE5lVXhIbHl3blp5SjZLWVloVlZaSWs0X25ZMFVhRXBaZ0l5NkEwSFZmZUVZLTRPYUczTkxXRk9mQmtTTWJiNjZLM2QyQi0xU096ek9lckpDYlE3SlZSd3ItNzkxVUpQZWdjNmVrcDhnckdnMEhHOVdUZmRDQWgzeDBxSTRRbS1OUS1GQUplOVBR0gHnAUFVX3lxTE5adUdRbUJsdmlhTW9oSmZPOExaTnE4TVY2SEtmZWxBdkFXaTZuWlFXNVRJalMtS2VpVHlKajVGa3NEdTNkQk1MSmZPdUNNTWlxRFgyZjhJMjdCb2tUVi1idnVUZWN5Ym5lZWx3TTR5WHhfNkJlNHBvMUg4R09na0FKTFAyeFRqYmFkN0lRVkFsSWZ6Qk91NUgtNE85YUhHQmRSMGxDR1p3YXJTMmRCN1BybUdhN0EtRm8tS3VSLWVJb1dHdXZSMkwyOFBuSHdIMnI2bE0tNUdza1doSzc0dzdSeDdGTHJyMA?oc=5,Hindustan Times,"Fri, 13 Feb 2026 08:00:00 GMT",2026-06-14T20:41:38.021933,cyber_stalking_bullying,True,False,candidate,https://www.hindustantimes.com/cities/others/uttarakhand-hindu-raksha-dal-chief-2-others-booked-for-threatening-mohammad-deepak-101770984617175.html
online threat Uttarakhand,Hate Speech Delivered in Almora in the Presence of Union Minister Ajay Tamta - Clarion India,https://news.google.com/rss/articles/CBMipAFBVV95cUxQeUQ2dE50cDhpenVOOUM2UUtES0k1YU12TVZSLUJTWUVSYjdXZG12VV94aWdISXdWU3RCdE1WVTlzdXhrWDNKbFUzYkNrRUZxbDhLSjFGUXRHQXJQLXpzV2UtMUoxZEZDSzVYbzNPU1JsVFg5dXRQanphai1zMk1rcFVrem5DbkRBNHJGQ3IzZHZVdEJHZ1QwSDVEMVQydzFyUW9RbQ?oc=5,Clarion India,"Tue, 24 Feb 2026 08:00:00 GMT",2026-06-14T20:41:38.021972,cyber_stalking_bullying,True,False,candidate,https://clarionindia.net/hate-speech-delivered-in-almora-in-the-presence-of-union-minister-ajay-tamta/
online threat Uttarakhand,How Uttarakhand’s conversion law amendments stifle personal liberties online - Scroll.in,https://news.google.com/rss/articles/CBMirgFBVV95cUxOamZoYWR0WHM1blFJU0tvcXFaazZiaTFtcW9zQ3pEdm1LZXlsY3ZTQ19UZVVxc01fSWpVV0hkRVoyVUp5SG5EcVpDdEFsNEJrb2tqZkxvTlFUZFJFS24yNDBKd2t6VXdRcUgyTHNPM1ZONnJRcllLa01fdlVhS3RiYlNQcXJucWk3SXZrU3A2WXZtZlJTMHhfVEZNWjB1a0FLSzRQZnVFc1VqUm8xUUHSAbMBQVVfeXFMUFAyR3phNEFlOENLM2RBTUpHa2NhSVlRQkhMaXdWSnVNRjFiMUhCY0pEZEpEU2JPblpFaEFBYlNRRmQtbDVFRTNIVldtaE43RUQ5SFNuRF9uUng3TmNBektSc2tQU3FWeGlGZ3ltWmJPakFwVTJ5Y2t0NWprb1llNlJFY0wxNnA2d1lPWkxvY3F3SV8telhraDc3WGRuTXgxRDdGbDUwTWlCUmxwVlZraVlRRHM?oc=5,Scroll.in,"Fri, 29 Aug 2025 07:00:00 GMT",2026-06-14T20:41:38.022009,cyber_stalking_bullying,True,False,candidate,https://scroll.in/article/1085980/how-uttarakhands-conversion-law-amendments-stifle-personal-liberties-online
online threat Uttarakhand,Uttarakhand becomes first state to implement Uniform Civil Code - Manorama Yearbook,https://news.google.com/rss/articles/CBMirwFBVV95cUxOaDk5MUQzZUFxOUZiOVlLdEt5Sjh0d0lWVFhtQlpfVEliTHFvWHZsY2FyWXMxeGEyaFFqZHJlblFyUWpoOUFScnpTT0hGLXUzOUJLWGlDUjJtNFMtMnE0NWtrTkdxRFh1VW9SQTZCLU44ZmZ2OVRfTC1NVEw4QU96a2VyaUtwbERXNUwwQWNqdWctWlVSeGFIUEkzUnFaUmI0VVpXTHcyOXBKSkNaTTc4?oc=5,Manorama Yearbook,"Wed, 29 Jan 2025 08:00:00 GMT",2026-06-14T20:41:38.022047,cyber_stalking_bullying,True,False,candidate,https://www.manoramayearbook.in/current-affairs/india/2025/01/29/uttarakhand-uniform-civil-code-explained.html
online threat Uttarakhand,DUJ Condemns ‘Life-Threatening Attack’ on Uttarakhand Journalist - newsclick.in,https://news.google.com/rss/articles/CBMijAFBVV95cUxOV0dQWEZyUXROMmRSWWJYcmJBSFN6MmlZMWc1bHp2aWtKUE1oQ3l1MFpldkpERHFyTDByMVJKdThTdjIxbTZsX0pwUnZ3SHU0OTFRRm0tZS1GQ1RBU0lRdlpDVm1QZm1PczJhMnhJOHFsa1JzYU85aXUxM3VuTzZYZmRBSUs0eUprRnZ4RdIBkgFBVV95cUxQeTlIak9DMXBHSXpMS01ja2VGSEVRakVMekM5NEZiREpSX2dKeFZoMkZabkZxM3VHcjdaVEpNb3pVWkY0VW0yNkxjQ1ZBWWtENlI4VVJCYkI0LUFzMlFEN29MckJWYjVWWWpRZVBJTFFxdUJCZGRvTXdaWUwwaW85UGZKcW0xUWJWN19pcTJqQzJ3dw?oc=5,newsclick.in,"Tue, 03 Sep 2024 07:00:00 GMT",2026-06-14T20:41:38.022089,cyber_stalking_bullying,True,False,candidate,https://www.newsclick.in/duj-condemns-life-threatening-attack-uttarakhand-journalist
online threat Uttarakhand,Uttarakhand interfaith couple fear for life after marriage notice gets posted online - The Times of India,https://news.google.com/rss/articles/CBMi6wFBVV95cUxPSEJ0N2xXQnFxcDJyeU56Rllia3hyZlpsOUM3cElQUWJvaUw3S2s4MzFLdHBxbXoxTk4ybXlERUctU1VLU0dDd005dUMxZ3h4QnJ0MjlwVHNRQngxQmdjZEpTLXgxMUIyVHY3Sk1jMk1TbmhsMGRQSmtVbl9US0RTbVBqQjA1WlpLV1RvQ1NMSk82aUhPYjZMU2JZUnhMSWhUZVVPRjIxZEtFaERQQ0l2cEZMUGYyTHg1ejYzVFRaUWVEUF8tQnlvZEd5WkhfVXZoSEdNRWl2LUFJdW8xTlF4OC1Gcm5PRDJHVjNV0gHwAUFVX3lxTE8zY2FsRUhNRnJPaXdmNUR0TF8yT3J1MjNQS3JKX3Z0UE9ZcnBGS2tfNjRKUVVqY2JPdGpSdHVlRzdEdHA2ZV9uaG5iS2dZVTFjc2k2cV8xY1RGVHlBZjlTeG5yMkRhTHZmM0NFdmdtQkRza0lvS1kybU9EREVzLXhxYXBOMVZNYWx0QldVY2t2U0F2Q1ZvNFoxZTRxeXRsWGlrMFQ4MF9FSV81SE9lZkdGc0prTGpYM1lvbUZBbnlVQ08ta3pvNXZTdF9oQ2hkYWZGT05sN0l4cDN6blVqTFFRaDhJTXB0VlYtZVRYX0xwVA?oc=5,The Times of India,"Thu, 06 Feb 2025 08:00:00 GMT",2026-06-14T20:41:38.022130,cyber_stalking_bullying,True,False,candidate,https://timesofindia.indiatimes.com/city/dehradun/ukhand-interfaith-couple-fear-for-life-after-marriage-notice-gets-posted-online/articleshow/117958071.cms
online threat Uttarakhand,Uttarakhand priest groups urge police action against Urvashi Rautela for claiming ‘temple near Badrinath - The Times of India,https://news.google.com/rss/articles/CBMikAJBVV95cUxNVm1BU0tuWWR3V3BTUkx4NTh4SlBQekZjY3dhQ1BLQkJ4ZDg2N08wbThST1VJdU9JZnd6clRyZ0JQYTB6TlFxQmRSLUEzUW1DSlFnbjczUHpvdVhMczlpRWlBSldQZ0JwN1ZtRjl0U28tVDhaTlVYb3ZrNEN5N2FVWXdFemJoTy1vaV9pZVBOQWxSX1o5NDQ1OW1IaHNCZFBvQ0VOdkRHQUhGNjVTZ05JQ1B6NnNXU3kxM2lDTmRQUkQzV3BCb0pKMEQyTFEzQ09FRjRRcVNiU3JReGxJYm41RUVfUjFaRXhob2hMbGE1cE45TFFoMmpIa3BrOFZqSnpzZ29mWVNkcG9FaVNIZGYxLdIBlgJBVV95cUxQanBYcWVhRXVadVJoa0Rha19FTEtwRUJPdjgyS01tVDVpRlF5Z09tYUhlUkNBcnlkbkxlX0RYUWQxVjhoZ1N4Yk5ZTTdjbExkY2tyeFkwcmhTbFRoUzdDeXNMUE9Cc3RZRHMyZzl2S3Nxdkh4dnpqcnkxT1QySVF3ZFBOakJCSTZiUW05WXJwSWIwWk9ZVnhJWHcycC1abmxoSTNibURRQkNwa254d0M0UzA2amRqVmtWTGxGaWVqUjZnQVNkaDZEQUdqNHN4eWNic0VxWl9ZSnlvSVdPVUhXX0RmazlWa1BpUXdRY09kLTRrZlJSUzVNZERHYzcxOU00XzdqN19kNlBUemlFVjVXMUVRNVF2dw?oc=5,The Times of India,"Tue, 22 Apr 2025 07:00:00 GMT",2026-06-14T20:41:38.022222,cyber_stalking_bullying,True,False,candidate,https://timesofindia.indiatimes.com/city/dehradun/priest-groups-urge-police-action-against-urvashi-rautela-for-claiming-temple-near-badrinath-named-after-her/articleshow/120434589.cms
online threat Uttarakhand,Uttarakhand Government to evaluate risk of Glacial Lake Outburst Floods (GLOFs) - Vision IAS,https://news.google.com/rss/articles/CBMi4gFBVV95cUxNVGQ1Q0d2VmY4WFk2enJyWTh6X2FLTjltTTRMNFJkMllTYTRFUzk4bXBxeDk0UktVVE4tYWFib3pKcjFueW0xZkZZa0ZmZ00xU0RKUHJyOUx5bVIyREljQmlBdnpRYllPeGY2RVk2WlRnSUdzTVRwR2ZkdUNnXzlTRV9kbWlCN3h3X0tTZXp3VndmeWdESURYblQ0c2xfRXhnN3JQWjdNUTQ1RFVLbUFTU2hmdVRNQ1VUazZwQzl2MXY4VzdzSXpVYXRGRWZfZ2VBNHZOSDQxZUFURjFLdDlkRTJB?oc=5,Vision IAS,"Fri, 05 Apr 2024 07:00:00 GMT",2026-06-14T20:41:38.022234,cyber_stalking_bullying,True,False,candidate,https://visionias.in/current-affairs/news-today/2024-04-05/environment/uttarakhand-government-to-evaluate-risk-of-glacial-lake-outburst-floods-glofs
online threat Uttarakhand,Uttarakhand: Bhojpatra forest faces existential threat - The New Indian Express,https://news.google.com/rss/articles/CBMiqAFBVV95cUxNTWNxajBUang3SnpoYkRyV1F2dnY0M2hRMlBlLVd4S2ViVnhlSFphX0JkM1dRUHZ1VnUtMzYzaXRJU0RSMGhLMEF1dmhxZGV0dXFRaXU5LTZxZFdILXJzanRoSWJHaXNHdjRXZ1BpX0w0ZUJWMFVzTFl0Q2ltRTE3bk4zNFZDcGJPRHpiYmw1YWNPb0F0c0htQy1ZdVo5OGhXM3ZXeXJEOGPSAbYBQVVfeXFMT3BwTjI1S3JUSGRTaWdGVWNIdjlubktCTDV2VFA2U0JmUUpPa3p2cUxZVndjRGJaWUpESTZldE5BdmZxblJrRVlWQzkxMVFWQXo1NVBBWkFxVE1pTkktTjdMbXh2VV9vOVhpcTZWOWFOQmpnS2pMN3Fsb3ZOZTRxLVhOSDlEYlZ1eGVOR0tOSVgxcjFPVkdXTmRobXdPbWdTdDk1ckJKQUMyQjdrLU94LVJCQWwyWFE?oc=5,The New Indian Express,"Fri, 29 Dec 2023 08:00:00 GMT",2026-06-14T20:41:38.022301,cyber_stalking_bullying,True,False,candidate,https://www.newindianexpress.com/india/2023/Dec/29/bhojpatra-forest-faces-existential-threat-2645895.html
online threat Uttarakhand,"Their info leaked online, Dehradun interfaith couple say marriage application on hold amid threats and pressure - The Indian Express",https://news.google.com/rss/articles/CBMi1AFBVV95cUxNX045V3B3cFp0TlBzS1l2Q1VHMndqZUxXbjI4alJabWtkMWVDRXE1WGlHbU92YWRsQ2J1NkVaOXVIaGl2cDRkUkx1Unc3UXpMMndXd0NsaFFQMkFnM0hiTXF1eGdVV1V2UzFURHVQdGVZT3BGZ3I1MXhGd1BXdVB2OE5jZWlVbUVUUHkyUlZ4dnRVd291MXREa0E0YS1HV3IydzVhZlZXalF3aXJjampSY0FFdWY0OW9IcGpvOFg2U1dvZ3p0RFQ3eG45QTYxcVJNcXNNYdIB2wFBVV95cUxNN2RMUDJiZEdNZUxyMXNLRm16djlsanRfd0JIVUJ4ZDdjSUtYZC1aMTlNUUhIQjVQVy0wSHlWUk1QNmY5cm9LNEdteHByX0o3OTUxcVhZbVhIZGZGZE9lV0xoNkZyTTMxLXRsRXQ0WjYyT0pITmhQaGFyT3owaFJCMU5RMFBFUWpkLXlkaEMxeHZyeE83bjBSbEVUMmgwNjFaQWpTZTBxQ2xfSDA2VTY4SEhmN0lQQWFCaWNkQlZLcjJObGpGdzBhdUJPLWFwTFlHZEhHalRLNUMyRDA?oc=5,The Indian Express,"Mon, 28 Jul 2025 07:00:00 GMT",2026-06-14T20:41:38.022312,cyber_stalking_bullying,True,False,candidate,https://indianexpress.com/article/india/info-leaked-online-dehradun-interfaith-couple-marriage-application-hold-threats-pressure-10154554/
online threat Uttarakhand,Video Of Girl Pleading Against Eviction In Haldwani Is From 2023 | BOOM - BOOM Fact Check,https://news.google.com/rss/articles/CBMihgFBVV95cUxPRkhlSnRIdHAwUng1MEh4WWk0MUZKbnNVcFRpQ0kxN2RVdUwwZU5jcl9XcFNLRjJFUTQ1bWtmckpBMDZkT2FPNTJfdmxkUktmTDFEaWhpMUJ6UUZJN2FIQ19mY3NlSFF3eDl0SXR6Z2VSUXJWUVhUWGdBbkxWNVJiTDlfLWVTZ9IBiwFBVV95cUxPcWh3d0JXeXNTNU1DMVFfZVhnVDRLUk9jaHhzNlFxOWFvWmZ5OWRSYjE5RDZINkNIV0szU0MySklBRjJCTlQ1RGZUWl9HU1BYc3FGcENFUVRES3J6U0FsRm5Nd05ZUVRDVUFlQVhjMDg0UHhsSXVCOS10Y1lSZlBvMFRLUmx6Sm9xakgw?oc=5,BOOM Fact Check,"Tue, 13 Feb 2024 08:00:00 GMT",2026-06-14T20:41:38.022338,cyber_stalking_bullying,True,False,candidate,https://www.boomlive.in/fact-check/haldwani-young-girl-evicted-fact-check-24337
online threat Uttarakhand,60-year-old woman killed in ‘animal attack’ near Bhimtal in Uttarakhand - The Times of India,https://news.google.com/rss/articles/CBMi3gFBVV95cUxNNHEyaEttcVY5WUFFMDJEOVV6dldWd2lmSExGTDRDSFpWcUVEUTZud1c1WHRuU1lZSWVkWEJVaXg1M1RsaEl2UjhKNlRIVVVzNDhJYXpVbXpQeExwRGhxUzZDNjdwYkh1d2M2MUFySV83WmE5MEE0M1UyZDktR0dRQVpRd2NFOWI5ZkNBR1pqN1R0dVZTU3Z2dGVLLVgtNDQtSDlKd29hTjc4OEFNNHV0WDlBamFEcFlZaTl2RklOeTEtZ1ExeTFQZUpvV2R0aUdHdkdZSnVmNWZBeVlhZnfSAeMBQVVfeXFMTnNud0t2RmN2UDJrVkV0aVJiT04za2tJaUdJVlU0SzVKbWV0TGFSMVkyUHdBRDRGamp3X0RBUXM3RVdxMW9vVmMxcW1fdm91LUhYcHU1MDZhbTFOYWI4Y1E0SjJEUjFoS25jNkFpczB1d2J4aHJBNXhsZHZpazRFYzdQQUdfd3JVM2VBZXhvRzNHV0tMNHRxMXJ4RHVMNmZsdVJjbWpsdVQwVlA2QUNpLTl3dHhqZDg3QkppaWZHbmVQbDVKQXFfeE1mNjNLS2xCYlYyd2lZd1dONzJxUWptdFZyakk?oc=5,The Times of India,"Wed, 04 Feb 2026 08:00:00 GMT",2026-06-14T20:41:38.022362,cyber_stalking_bullying,True,False,candidate,https://timesofindia.indiatimes.com/city/dehradun/60-year-old-woman-killed-in-animal-attack-near-bhimtal-in-uttarakhand/articleshow/127907813.cms
online threat Uttarakhand,"‘Landslide dams’ threat looms in U’khand; Alaknanda river, Chamoli district identified as most vulnerable - The Times of India",https://news.google.com/rss/articles/CBMihwJBVV95cUxQOVdtX0ZqRXc0V01MYTg4WmpxLV9WZTZGNEoxWFFSeEFWUmtQdmlEX2lxYmJNRHFnMy1ZQ1hsb3VtSW9mNjdSUGsxVXc2QV9rczJKTC04NG5za25ub0lZMElNcVpCNHZ4WDhPeHExRl81ejNiOWdhT1hXdmpJTHdWd2NsaFQtUXMzTVNJcjJaLTNDRTdxS1ctc2J0SW8yLUZpSndKTmczbzQ4NWF0Tm4zWTBWNG1rYU5VM3BpVlJyX3d2Q21oSnJobWZPQUpmTERHMkJaT1VmcS1wZDljdG14U0JfeXk4OGZVRVc2M1h0N3o4U2dXOU5wM3B6a2lzX2ZsTlVQY0NZNNIBjAJBVV95cUxNenl0ZVZwXzBkdC1kV3AxNnpXQm9INnJ1ZGI3YUhhV1h3QU9QRnBUdWRmYjY0VWJVMThrNkpsMjV3YmpjeDV0YXZuSzhORGVMSTlZN3BBdDRZUmpKak1vcVR1aVY5QUxXMUxrTno4RktjU1FpeWZwa1N6S3VKa1poMW1ScVV4S0kxQ1FKWmJhLVk4RmRhSnJHbWJkNWxqMThtTEtTbkZ4YWNZeDhrR280QVg0RFRYRTBza1REaDVUM0l6MnJIN293aDFmNWpvSmJyY3JDd3lrMlRrZFNjMEUxTjhHa0tKNmhpUW1NaGVzdm93OVd1VDFuOXdYRmZXcjZKaC1GSUwwdzdqa2VY?oc=5,The Times of India,"Mon, 06 Jan 2025 08:00:00 GMT",2026-06-14T20:41:38.022374,cyber_stalking_bullying,True,False,candidate,https://timesofindia.indiatimes.com/city/dehradun/landslide-dams-threat-looms-in-ukhand-alaknanda-river-chamoli-district-identified-as-most-vulnerable/articleshow/117002093.cms
online threat Uttarakhand,"Uttarakhand On High Alert After Letter Threatens To Blow Up Badrinath, Kedarnath Shrines And Railway Stations - India.Com",https://news.google.com/rss/articles/CBMixgFBVV95cUxPMXJLT2hJd0xRdElncUFxZmRGV2c0eGdBbkl4anloNEl3RzJaZFByZ1E4cXp4ekdDT1ZCSFhsOWYyN241ZDZWdXJhcXphS25PUTBYR2ZVcmE3amFkRWlxTVcyRFRmZ2c5X2o5UkpHekFhU1VCUUVEYU1kRzB4VmVRdEhkaHZyeWk3R1RldS1BT29WWnlwSFFCcEVxZDJTNDhDdmo1UkQzS1BocW1lZHlqNkJZU25nZHB1TDgtT3FMbGlHSzFsa2fSAcsBQVVfeXFMT1dNbXBoamVBZ29VeWNtZGtGQVFDY2dONFhpa1FjbEtnbmxCVFI5aVA3RFNyTUZQOTJIZ3lLX2ROa0lNdk90dXoyOHQyR1g1QXpBa1RlUUhCbWxpc2RVTE9DZW1JaWRhSXh2TXF5WVhmdDdBa2tvRVY2dDBOeEUwOTdEc3VrOVRxc1Y0em5vZ0d4M2xsSHNaMXBNTHFpOTVWRmxwdVcyUG9oaXV5ZUFsYllQbVZBbTFZaGF1Y0F1N29sUFU5YXBMN0tudGM?oc=5,India.Com,"Sun, 16 Oct 2022 07:00:00 GMT",2026-06-14T20:41:38.022442,cyber_stalking_bullying,True,False,candidate,https://www.india.com/news/india/uttarakhand-threat-letter-to-blow-up-kedarnath-badrinath-railway-stations-uttarakhand-5689283/
online threat Uttarakhand,"National security in safe hands, says Uttarakhand governor Gurmit Singh - The New Indian Express",https://news.google.com/rss/articles/CBMizwFBVV95cUxPUEhYSWVTMUxjRkpDcVlrQUZXdHpKekNpVDVySkxuai1KaWJhemE4c1BtcEZzalZnYnNWcWtySG16QW9yNlc3a0RyRTdsNy1Zd0tsSjFFYkJKZFVLN2VUeHBLaGhuS2NWVnJ6d2FwRVZnRWZ0MGZnRzg2NjhQc0FKWEtGR21tV1oxZVNJZjE1UUs0b210NlRHNXVycDJlOW5PZVNfbHVwM2hFNE1XYzRLZC1oNUR0Zy1sUHVJUktsckJkTVd3d0x6NGQtYlh2RkXSAdwBQVVfeXFMTTNLS24xMWpOeWkyNjY4SDl6cU9TVVBlLU93WE8xQjM2WnR1S2FPaTBGLXhXSmhkb3BvZm4wazMwdnRKeWNPYVRqUG44aVllckV3OVVJQzgxbXVEUDdkWnlZZEpTS1o0Zl8yLU1JY2IxYmFQYm1ldWFxS0p2NUstb3l1TUFvaEs0RHR2V1BicmFqMHJqR3VzSHVGVXVmUE9MVnRsTXRfSVhPeHFpTFBzTU04aVF2MFhPUlY4aHgwUTBHWE1aelN0VFN2cDVqNDlwcjFkNDVEdzBKRVQ4VQ?oc=5,The New Indian Express,"Sun, 05 Dec 2021 08:00:00 GMT",2026-06-14T20:41:38.022454,cyber_stalking_bullying,True,False,candidate,https://www.newindianexpress.com/india/2021/Dec/05/national-security-in-safe-hands-says-uttarakhand-governorgurmit-singh-2392087.html
online threat Uttarakhand,How to get online e-pass for movement in Uttarakhand: Step-by-step guide - India Today,https://news.google.com/rss/articles/CBMizwFBVV95cUxQQ2ZBMm9rejh1NjNHeWVzYkZINU1EQU1jcG91VWhmYXVXS2c5LVdPby1oQnM1WlM1Z04yNVJLVk5NR3p4bzNkb3Ztd1NhS25Kb0N5WENNUFpVbGRXaXo4WnhsRmNidzlSa2NQYkVvRTY4VnRjYmEtUFBSWDd5T09Hcm5nYmV0OXV5dG9IUDRrazFQVzR0clY3RTk3SzdPdHZLaGNDbDRJYVRrRXVWWktUck9ZNmlMRld1WTUxUVptUkdqWVdXOXlEVGwtYk0yaEnSAdQBQVVfeXFMTnRCdm1Sc0stdVlpanRMMVRoWHozXzFXaDNEbXp3Z3Mwb3F2N3VlaTV2RjZObmJEQzV6MHZ5WF95ald2b29pc3M2UUU4NVVBMlpzLWxqSWlUNi1taWNIQ0xjVGN2N3BaMy1VOFNFdklHTGpWU2dqSlM1QzRoeEJIVHp1bFkwVUZkeGJtblFrdURrRFdLZUxDYmk5R0RsajVReXYtRktNRkFJYWktcVl2Q19nZVBpTlVFcE5ORFRQVk1yNE1jNFNWVENDQ1ZBLWZtWnJOMGw?oc=5,India Today,"Mon, 22 Jun 2020 07:00:00 GMT",2026-06-14T20:41:38.022466,cyber_stalking_bullying,True,False,candidate,https://www.indiatoday.in/information/story/how-to-get-online-e-pass-for-movement-in-uttarakhand-step-by-step-guide-1691602-2020-06-22
online threat Uttarakhand,Spotlight: Uttarakhand: Preparedness is the key - Geospatial World,https://news.google.com/rss/articles/CBMiigFBVV95cUxPTnBsWlBzSHg2QlNxcTRTODM4aUtxRGVTMF9BNFVDTGNhME4tbEJqWmFKSFRHVlY5eDRKalBmQ2FnVUFuSXZMdzZCSV96djRqX3JmOE1iMlZob3VmTmlsRDZHOTJFeXJjRDNSN0lqcWIxb2xSUG5EUi1aM0pxQndYWTNDRi1UaUpVdFE?oc=5,Geospatial World,"Fri, 04 Oct 2013 07:00:00 GMT",2026-06-14T20:41:38.022586,cyber_stalking_bullying,True,False,candidate,https://geospatialworld.net/article/spotlight-uttarakhand-preparedness-is-the-key/
online threat Uttarakhand,"HIMACHAL-UTTARAKHAND में तबाही, DELHI में बाढ़ का खतरा! - AajTak",https://news.google.com/rss/articles/CBMixAFBVV95cUxOX2ktUlBycXJYUmJ4anZpcWl6akNNdWlaV2tEaXc5bG1nam9JNllPbXZUbjRUMFhDRGQ0UFlibHd0YlRuSVNSdlpwckR1LXkzZGY2NG1nUTRjbl9JTHB6TmlUcE5kcXlnSUwxUTQ1aUF0Nm5URURnTExhWktIRW1RZVFkZGFNUEtId2JpNi1EYUNBUEN5M2pCV3I5YXBub3NuOG9YcWZTQXJrWnZZNm1BMlUybEN1VjZBTHN0MGU5cHFySWxL0gHKAUFVX3lxTE56d082bDN2UmtkQk9uc2pvZ19LRko1QWp5Wm1sbUppb01VaW4wSE9CYWRhdjJBaVJvSk01aFN5Q3I3VEJJWXYzT0ZxdmR5bjc2VkVzUlVhUmY3QXUtME54Mnk5QUxybWlxR3NUeFFzZXhnTTZjLUVpTWlxbUZVTmVGZWxkclAxdEVFdVU4b29TeGl3SkR6T3VyYjAybm9lTnN4c3NsY2Vrb1NJc19nLTlaRW5WLV9XOW1DSzgzdlc2eDdVTWJjdnFWSHc?oc=5,AajTak,"Mon, 01 Sep 2025 07:00:00 GMT",2026-06-14T20:41:38.022598,cyber_stalking_bullying,True,False,candidate,https://www.aajtak.in/india/news/video/destruction-in-himachal-pradesh-uttarakhand-threat-of-flood-in-delhi-2323143-2025-09-01
online threat Uttarakhand,Uttarakhand HC Stops Deportation of Pakistani Sikh Family Unless Security Threat Is Proven First - The Logical Indian,https://news.google.com/rss/articles/CBMixAFBVV95cUxOc2lGX1hYYm41MDZlZzRfQUd4anB4aVNDaWV6Qm5KODk5SWFxc2IteEMtM0RZcVYxT0lERGh6UXNwM3JhZmNRUm9GVk41dW50bDNURG9ZNExlbzhzdmJWeDhLS3NyYjdWOTdvWE54QlZVZGppTWI1QjRNdkVjQkVfbEgtQzhBYW1jSDVQamNvdEljYmZsbktqZi1yS25VUDNpTmxpb1V4aXhtOHRseFJIcUt6eWp3cWdTNVoyXzJBdkhUZXN5?oc=5,The Logical Indian,"Sun, 14 Jun 2026 06:00:58 GMT",2026-06-14T20:41:38.022621,cyber_stalking_bullying,True,False,candidate,https://thelogicalindian.com/uttarakhand-hc-stops-deportation-of-pakistani-sikh-family-unless-security-threat-is-proven-first/
online threat Uttarakhand,Kashmiri students receive 'threats' from right-wing organisation in Dehradun after Pahalgam terror attack - India TV News,https://news.google.com/rss/articles/CBMi8gFBVV95cUxNalZFYXlxaVRGeFNKUHdxRnU5MGU5a2RMRHVMeURsQy1xTWZ4SVVXVFR4U3VRaEM0ajA2Z1JFUWYybEQ4dU43dFEwQ2x0LTd0d3ZQOTZtS0dJckVnVGl6YUgyaFFCdlh0LUdPZC05WjEzUUs5T0hXR1NJRTRSVVpVZ2ZuXzg5OV9Nd3hGc1B1eldfUzUtbklPd25HQkdRSmVoQVRVMHhuQTZfT2tOaDUtMXVpRHBjcnVHSkpsQ2I2MEpaaFRWVVFId1ZaM1o3ekhsWmNFTEJtNS1vTk1uSXJ3ZEVmSFFuWDROTEstcnpzTmlrUdIB9wFBVV95cUxQUHVDRGNxMXJyRGVvdi1QT3NSSHpuQ0xoTEZzc2lXWlNybVpJcTYtaGdMZDVjQk5CUGJQRGxNaDJGQW1fOFhpWFQxUnZxam03cmFDOFlkcm5Bc1REbnI1cHhnV044YVctRUZiblY5ZVQwaWdjYzZGdFZiSWpWX0g4N29Ub3A2dFFLVkFEYjJZbVJFQXF5SkEtZmpoUC1vUWdGUEpteE9VZmowb2dWNG0wMUNkRVlUV2NOTzVzVXRTLUNiZXE0S0tuVGwwMmRjUWotcmwzMmJaRFpBeWY3bXpDejFSWHh3R3Z4OEFUem1YM0RRWEoxSk1J?oc=5,India TV News,"Thu, 24 Apr 2025 07:00:00 GMT",2026-06-14T20:41:38.022675,cyber_stalking_bullying,True,False,candidate,https://www.indiatvnews.com/news/india/kashmiri-students-receive-threats-from-right-wing-organisation-in-dehradun-after-pahalgam-terror-attack-2025-04-24-987193
online threat Uttarakhand,"JMM urges ECI to launch Uttarakhand-style online voter search, booth mapping system in Jharkhand - India's News.Net",https://news.google.com/rss/articles/CBMi0wFBVV95cUxOVDc3TmREUlBPSWFQZzhrLWw0WXR1b3NKYXQ4X3l2LXFHb0t4ZWo2eWRiTk83Sk1HbTl0di10ZmhXV0VBa3M0YlBiaTdhLVdkQlA1cy1qWGt3Tlc1VTQxVU1OSWxtMzRVUGoxUG5IYWhSUTc4WXBOMFBWUGQyLVdXWHUtMjJHR2VER2VUMFJHYzJzTW4xZ0lGQklwYk5SMFdVSmtUTjRZTW05TElUQ2dCV0pRYnVnV2hZcUh5SWFsYkxVUHUzLXpLMmJqalBESE93NnlJ?oc=5,India's News.Net,"Sat, 13 Jun 2026 10:30:00 GMT",2026-06-14T20:41:38.022687,cyber_stalking_bullying,True,False,candidate,https://www.indiasnews.net/news/279120326/jmm-urges-eci-to-launch-uttarakhand-style-online-voter-search-booth-mapping-system-in-jharkhand
online threat Uttarakhand,"Video: Lord Shiva Statue Submerges in Swollen Alaknanda River as Uttarakhand Faces Flood, Landslide Threats - Republic World",https://news.google.com/rss/articles/CBMi2AFBVV95cUxNX29kSE1FZXRUelVrbDBoRVB1cDdTT2RkVUtDMGhkU25fZ19uWUFmX3pLbUQ2LVpDNFlZdHNHZ1lxdkI4Q0ZvRjZBUXMxWkEzZkNsMEtfdnZvSV9XZXpYbXoxenFTajVqck1ZN1IwT0FjZHFheURSYkRVd2l6WTBNNnJjOUs0QWtCVUpOU3hsSVBSekZoZmdqcHRVWS1xSGRrTmtGNC1Ic0xPM3VrcWxBUzZxTVliUzZ5NWt6Rk1wQXdyaUJmdkFGY3RJdUwtVDltalFNVm9GeEbSAd4BQVVfeXFMT2NjdllSdFA3Z3h4cTV1ZGlQYlcxaFM4Wm51cmRjMmpKOGIxZjVoUUFfQkVON0lXcTRDU19pVkZ6Wm9kbzhnQU9MSnhBb0lDOVVBXzBSVXdhM0gtVGRZeXVfbTRmUEo0cG1pTnpmbnNxSEJSZG5TUGx1bzdCM3l4VjMyTHVwYndTdkVFZFNxRWtfd1N4MUoxclpWb0lJU2hKNU5Fc3h4STVVXzNGcnFKejhVUGtuZF9td2RYVEotdDdURkVmQm5JUGFXNGpPdV9wY0R6aW5Qb1E5NE1wZFVR?oc=5,Republic World,"Tue, 01 Jul 2025 07:00:00 GMT",2026-06-14T20:41:38.022699,cyber_stalking_bullying,True,False,candidate,https://www.republicworld.com/india/video-lord-shiva-statue-submerges-in-swollen-alaknanda-river-as-uttarakhand-faces-flood-landslide-threats
online threat Uttarakhand,‘Muslims have been made untouchable’: Asaduddin Owaisi flags threats against marginalised in Chamoli - financialexpress.com,https://news.google.com/rss/articles/CBMi5AFBVV95cUxQZDdZTjZxbDRpaDRhSk5QdUlfbVB1aFFEZnhJN3JXQk1keUE5cWFOYzhfWHRzMHBwU2JCeHZsSDNXQjZBSF95a1NwSTVaZTJVcVBCNHdpaGQ0VXBCN2pZay1yaVUzUFlHcjZ3bzZkVkhtWEhid0Nnb1UyR3RnT0dWMUlIejVheUpTQmhRMEhobkNMd2xXTzF4ZDA2bmVmWTM0T045NVpxaVJhMkZrd2t1b0VSWWpGbExqNGJDTEVicVpRLUtsWmVGSzdkelpKanQ0aVlPZmZLVlBUTEduTDRDbDk0Z1jSAesBQVVfeXFMUHM5Wl85YThsd0pWMS1halRrSk1hcGFBeFFqS0MwSnI2dVY5VUZwZGJob2ZzOVV3c2tQOERoellxTTh2MFR2U1k5ckMxVFFTcEp3TDVzZk9paUhJZ2RkVE9Tb1dobS04VjZPS1hOOTlsQ1pGRWFwc1ZfSmZfTDBZRm1iRERjSTRreGREUkFWS2ZkZ3BUTzN5c3Z6cWlSN0tEUWVqZHluYWtVdWQtdEZwWEUzdUVUdE93dTBVUFZsdnpkWWtVRjhUVnNranJEUnZGU0J0WXNGazNwai1SWm1zNDFaSHpaenRWYk5tQQ?oc=5,financialexpress.com,"Mon, 21 Oct 2024 07:00:00 GMT",2026-06-14T20:41:38.022710,cyber_stalking_bullying,True,False,candidate,https://www.financialexpress.com/india-news/muslims-have-been-made-untouchable-asaduddin-owaisi-flags-threats-against-marginalised-in-chamoli/3645724/
sim swap Uttarakhand,Airtel 5G Plus now live in 2 cities of Uttarakhand - Free Press Journal,https://news.google.com/rss/articles/CBMilgFBVV95cUxPbE9oZ3hTWU92ZXBYeWhHQi1xSVVLNW1jdkZoNWNkZng0LU5QQlZ2Q0R1VUZYZ2pwSjJyWFd4Wms3dUM2SUplODdKaUZPNXF3STNHSXlud2VRUGd3Qnk0TXpCa0hoWVBKaVdmLWM1Qm1BbEJrZkVUTFJFUnNFZXlmRnhzTV9ERTVIeWRuUVhDXzhtVFkzc2fSAZsBQVVfeXFMTTlfR1RDcnJ6OE9kcjJNVk1uYk01dHdEalNxVmdFYnlpaFNYS2VwZFBVMG43djZmUlI0Zm9TOTNIUXRDVV9XRkhtQVp0NWZ6ZkZZOUtXRU9fUktzdzdKZ1VsOGRfZXRFZXRvS0pGRm5RVlppTlhHb3hDaDhTeHhYdVVFc3pyX2wyZkNtdUZkclhiWkxLZE9yanU0QWM?oc=5,Free Press Journal,"Tue, 21 Feb 2023 08:00:00 GMT",2026-06-14T20:41:39.805849,sim_swap_cloning,True,False,candidate,https://www.freepressjournal.in/business/airtel-5g-plus-now-live-in-2-cities-of-uttarakhand
sim card fraud Uttarakhand,"Uttarakhand SDM ‘disappears’, found in Himachal Pradesh after 3-day hunt - The Times of India",https://news.google.com/rss/articles/CBMi1AFBVV95cUxNRnRzSngyRnoxRVVNcmUwWTFEb0ZSMWp5Uk9sdHhia3UxTURtY095eHlfb3NYZHlBakpCZzJhLVBkSWg0MndvVzBucm5UMmx1X3BncFRzWVdUd1hBNWdLUFJSeldLSVBweHFQZmZtT3plV0NtNjdPVWZDU255c2kwbGkza3R1Z2cyc2VxM1hGRVNnMjhXaVVIQnNoUWdTZGt2YmpvaG9RTXdYZkthcktGTmFGVDJYM05MdDZ1bFo5QmI1emVJSEpaZkV5alNaMzlvVGNBd9IB2gFBVV95cUxOTF9hUGV1T2dyQ01SYWphN3FNajZWV21Qb3YyTTNVU2hQVHlWRGRvMG15U3hZMS1xSEVZajJpdklyNDYzMWVYejBpa1h1azJsYk5wUmdHX1FaeEdyWG1pU3F0eGFlNWlzQmpBRmtjWlBaSTJBcVZGNWhJRVllamRJT01sN180Ty1NY0hLTjNyV2ZMWm90Tk1xZ3Mxc08zenBWTzJ3WmVFMlMzdUlOU1BoN0l4bVhlUERCVU9GTU9MYlF6S1QydHNwV3hjUGp4TEtkTDZNckR1THF6QQ?oc=5,The Times of India,"Tue, 13 Sep 2022 07:00:00 GMT",2026-06-14T20:41:50.129962,sim_swap_cloning,True,False,candidate,https://timesofindia.indiatimes.com/city/dehradun/missing-champawat-sdm-traced-in-shimla-will-return-on-wednesday/articleshow/94177159.cms
